﻿<?xml version="1.0" encoding="utf-8"?><APARTMENTS><APARTMENT ID="21378676" OBJECTID="36697221" OBJECTGUID="cc96e384-b887-4cd4-8045-f58255985916" CHANGEID="55702165" NUMBER="1" APARTTYPE="2" OPERTYPEID="10" PREVID="0" NEXTID="111790753" UPDATEDATE="2025-09-29" STARTDATE="2018-10-01" ENDDATE="2025-09-29" ISACTUAL="0" ISACTIVE="0" /><APARTMENT ID="21378695" OBJECTID="36697242" OBJECTGUID="ebb9c794-c921-48a7-8255-74e5bf91333a" CHANGEID="55702191" NUMBER="2" APARTTYPE="2" OPERTYPEID="10" PREVID="0" NEXTID="111790754" UPDATEDATE="2025-09-29" STARTDATE="2018-10-01" ENDDATE="2025-09-29" ISACTUAL="0" ISACTIVE="0" /><APARTMENT ID="24876904" OBJECTID="42367113" OBJECTGUID="bd1bb090-f1a0-4736-af3d-15acf8c0822e" CHANGEID="64008282" NUMBER="2" APARTTYPE="2" OPERTYPEID="10" PREVID="0" NEXTID="111805381" UPDATEDATE="2025-09-30" STARTDATE="2018-10-24" ENDDATE="2025-09-30" ISACTUAL="0" ISACTIVE="0" /><APARTMENT ID="24872602" OBJECTID="42361379" OBJECTGUID="950e9441-ee18-45f0-bd4b-e031bad84bfb" CHANGEID="64000229" NUMBER="1" APARTTYPE="2" OPERTYPEID="10" PREVID="0" NEXTID="111805382" UPDATEDATE="2025-09-30" STARTDATE="2018-10-24" ENDDATE="2025-09-30" ISACTUAL="0" ISACTIVE="0" /><APARTMENT ID="31318931" OBJECTID="52755287" OBJECTGUID="e4a1e997-7bc3-4b11-a4a6-a5f2c102b22e" CHANGEID="79012496" NUMBER="1" APARTTYPE="2" OPERTYPEID="10" PREVID="0" NEXTID="111790768" UPDATEDATE="2025-09-29" STARTDATE="2018-10-23" ENDDATE="2025-09-29" ISACTUAL="0" ISACTIVE="0" /><APARTMENT ID="43465597" OBJECTID="72801508" OBJECTGUID="183a1976-2775-40da-89e2-3621f14081de" CHANGEID="108405805" NUMBER="2" APARTTYPE="2" OPERTYPEID="10" PREVID="0" NEXTID="111805371" UPDATEDATE="2025-09-30" STARTDATE="2018-12-25" ENDDATE="2025-09-30" ISACTUAL="0" ISACTIVE="0" /><APARTMENT ID="43465610" OBJECTID="72801524" OBJECTGUID="80678c86-ff12-48ec-81fb-06cef3c526f3" CHANGEID="108405833" NUMBER="1" APARTTYPE="2" OPERTYPEID="10" PREVID="0" NEXTID="111805372" UPDATEDATE="2025-09-30" STARTDATE="2018-12-25" ENDDATE="2025-09-30" ISACTUAL="0" ISACTIVE="0" /><APARTMENT ID="111790753" OBJECTID="36697221" OBJECTGUID="cc96e384-b887-4cd4-8045-f58255985916" CHANGEID="689622863" NUMBER="1" APARTTYPE="2" OPERTYPEID="30" PREVID="21378676" NEXTID="0" UPDATEDATE="2025-09-29" STARTDATE="2025-09-29" ENDDATE="2079-06-06" ISACTUAL="1" ISACTIVE="0" /><APARTMENT ID="111790754" OBJECTID="36697242" OBJECTGUID="ebb9c794-c921-48a7-8255-74e5bf91333a" CHANGEID="689622864" NUMBER="2" APARTTYPE="2" OPERTYPEID="30" PREVID="21378695" NEXTID="0" UPDATEDATE="2025-09-29" STARTDATE="2025-09-29" ENDDATE="2079-06-06" ISACTUAL="1" ISACTIVE="0" /><APARTMENT ID="111790755" OBJECTID="37021458" OBJECTGUID="6f6cd5ab-4c82-49ed-84b0-5c3df62e2125" CHANGEID="689622865" NUMBER="2" APARTTYPE="2" OPERTYPEID="30" PREVID="21570967" NEXTID="0" UPDATEDATE="2025-09-29" STARTDATE="2025-09-29" ENDDATE="2079-06-06" ISACTUAL="1" ISACTIVE="0" /><APARTMENT ID="21570967" OBJECTID="37021458" OBJECTGUID="6f6cd5ab-4c82-49ed-84b0-5c3df62e2125" CHANGEID="56184353" NUMBER="2" APARTTYPE="2" OPERTYPEID="10" PREVID="0" NEXTID="111790755" UPDATEDATE="2025-09-29" STARTDATE="2018-08-24" ENDDATE="2025-09-29" ISACTUAL="0" ISACTIVE="0" /><APARTMENT ID="111790756" OBJECTID="37021613" OBJECTGUID="cd15ecf2-219e-4614-9a82-1697ab370277" CHANGEID="689622866" NUMBER="1" APARTTYPE="2" OPERTYPEID="30" PREVID="21571077" NEXTID="0" UPDATEDATE="2025-09-29" STARTDATE="2025-09-29" ENDDATE="2079-06-06" ISACTUAL="1" ISACTIVE="0" /><APARTMENT ID="21571077" OBJECTID="37021613" OBJECTGUID="cd15ecf2-219e-4614-9a82-1697ab370277" CHANGEID="56184583" NUMBER="1" APARTTYPE="2" OPERTYPEID="10" PREVID="0" NEXTID="111790756" UPDATEDATE="2025-09-29" STARTDATE="2018-08-24" ENDDATE="2025-09-29" ISACTUAL="0" ISACTIVE="0" /><APARTMENT ID="111790757" OBJECTID="63746003" OBJECTGUID="6102638a-9768-4115-ba0a-37730a0500ca" CHANGEID="689622867" NUMBER="1" APARTTYPE="2" OPERTYPEID="30" PREVID="37973257" NEXTID="0" UPDATEDATE="2025-09-29" STARTDATE="2025-09-29" ENDDATE="2079-06-06" ISACTUAL="1" ISACTIVE="0" /><APARTMENT ID="37973257" OBJECTID="63746003" OBJECTGUID="6102638a-9768-4115-ba0a-37730a0500ca" CHANGEID="95115880" NUMBER="1" APARTTYPE="2" OPERTYPEID="10" PREVID="0" NEXTID="111790757" UPDATEDATE="2025-09-29" STARTDATE="2018-08-24" ENDDATE="2025-09-29" ISACTUAL="0" ISACTIVE="0" /><APARTMENT ID="111790758" OBJECTID="63746081" OBJECTGUID="f46b418c-b90b-4c0f-a49a-f1c4243e4d38" CHANGEID="689622868" NUMBER="2" APARTTYPE="2" OPERTYPEID="30" PREVID="37973269" NEXTID="0" UPDATEDATE="2025-09-29" STARTDATE="2025-09-29" ENDDATE="2079-06-06" ISACTUAL="1" ISACTIVE="0" /><APARTMENT ID="37973269" OBJECTID="63746081" OBJECTGUID="f46b418c-b90b-4c0f-a49a-f1c4243e4d38" CHANGEID="95116036" NUMBER="2" APARTTYPE="2" OPERTYPEID="10" PREVID="0" NEXTID="111790758" UPDATEDATE="2025-09-29" STARTDATE="2018-08-24" ENDDATE="2025-09-29" ISACTUAL="0" ISACTIVE="0" /><APARTMENT ID="111790760" OBJECTID="36693117" OBJECTGUID="cf6fe194-b0a9-4420-ab9e-8f53687405c1" CHANGEID="689622870" NUMBER="1" APARTTYPE="2" OPERTYPEID="30" PREVID="21376614" NEXTID="0" UPDATEDATE="2025-09-29" STARTDATE="2025-09-29" ENDDATE="2079-06-06" ISACTUAL="1" ISACTIVE="0" /><APARTMENT ID="21376614" OBJECTID="36693117" OBJECTGUID="cf6fe194-b0a9-4420-ab9e-8f53687405c1" CHANGEID="55695646" NUMBER="1" APARTTYPE="2" OPERTYPEID="10" PREVID="0" NEXTID="111790760" UPDATEDATE="2025-09-29" STARTDATE="2018-08-31" ENDDATE="2025-09-29" ISACTUAL="0" ISACTIVE="0" /><APARTMENT ID="111790761" OBJECTID="36693172" OBJECTGUID="e537ecf8-3d50-4817-85cd-e976d4a0f18e" CHANGEID="689622871" NUMBER="2" APARTTYPE="2" OPERTYPEID="30" PREVID="21376645" NEXTID="0" UPDATEDATE="2025-09-29" STARTDATE="2025-09-29" ENDDATE="2079-06-06" ISACTUAL="1" ISACTIVE="0" /><APARTMENT ID="21376645" OBJECTID="36693172" OBJECTGUID="e537ecf8-3d50-4817-85cd-e976d4a0f18e" CHANGEID="55695760" NUMBER="2" APARTTYPE="2" OPERTYPEID="10" PREVID="0" NEXTID="111790761" UPDATEDATE="2025-09-29" STARTDATE="2018-08-31" ENDDATE="2025-09-29" ISACTUAL="0" ISACTIVE="0" /><APARTMENT ID="111790759" OBJECTID="50859472" OBJECTGUID="6f194982-592e-4e5a-9d21-cc23ba9f69dd" CHANGEID="689622869" NUMBER="1" APARTTYPE="2" OPERTYPEID="30" PREVID="30126004" NEXTID="0" UPDATEDATE="2025-09-29" STARTDATE="2025-09-29" ENDDATE="2079-06-06" ISACTUAL="1" ISACTIVE="0" /><APARTMENT ID="30126004" OBJECTID="50859472" OBJECTGUID="6f194982-592e-4e5a-9d21-cc23ba9f69dd" CHANGEID="76290236" NUMBER="1" APARTTYPE="2" OPERTYPEID="10" PREVID="0" NEXTID="111790759" UPDATEDATE="2025-09-29" STARTDATE="2018-11-21" ENDDATE="2025-09-29" ISACTUAL="0" ISACTIVE="0" /><APARTMENT ID="111790762" OBJECTID="50861721" OBJECTGUID="ce7b8a3e-7a0d-462f-b612-a86dbc26484e" CHANGEID="689622872" NUMBER="2" APARTTYPE="2" OPERTYPEID="30" PREVID="30127626" NEXTID="0" UPDATEDATE="2025-09-29" STARTDATE="2025-09-29" ENDDATE="2079-06-06" ISACTUAL="1" ISACTIVE="0" /><APARTMENT ID="30127626" OBJECTID="50861721" OBJECTGUID="ce7b8a3e-7a0d-462f-b612-a86dbc26484e" CHANGEID="76293069" NUMBER="2" APARTTYPE="2" OPERTYPEID="10" PREVID="0" NEXTID="111790762" UPDATEDATE="2025-09-29" STARTDATE="2018-11-21" ENDDATE="2025-09-29" ISACTUAL="0" ISACTIVE="0" /><APARTMENT ID="111790763" OBJECTID="36704697" OBJECTGUID="4b2912de-95cc-40f1-9d63-eedde39bcc1a" CHANGEID="689622873" NUMBER="2" APARTTYPE="2" OPERTYPEID="30" PREVID="21382968" NEXTID="0" UPDATEDATE="2025-09-29" STARTDATE="2025-09-29" ENDDATE="2079-06-06" ISACTUAL="1" ISACTIVE="0" /><APARTMENT ID="21382968" OBJECTID="36704697" OBJECTGUID="4b2912de-95cc-40f1-9d63-eedde39bcc1a" CHANGEID="55713563" NUMBER="2" APARTTYPE="2" OPERTYPEID="10" PREVID="0" NEXTID="111790763" UPDATEDATE="2025-09-29" STARTDATE="2018-08-30" ENDDATE="2025-09-29" ISACTUAL="0" ISACTIVE="0" /><APARTMENT ID="111790764" OBJECTID="36705242" OBJECTGUID="ad5c65c5-5232-41b6-a1e7-fcf3db542a3b" CHANGEID="689622874" NUMBER="1" APARTTYPE="2" OPERTYPEID="30" PREVID="21383215" NEXTID="0" UPDATEDATE="2025-09-29" STARTDATE="2025-09-29" ENDDATE="2079-06-06" ISACTUAL="1" ISACTIVE="0" /><APARTMENT ID="21383215" OBJECTID="36705242" OBJECTGUID="ad5c65c5-5232-41b6-a1e7-fcf3db542a3b" CHANGEID="55714366" NUMBER="1" APARTTYPE="2" OPERTYPEID="10" PREVID="0" NEXTID="111790764" UPDATEDATE="2025-09-29" STARTDATE="2018-08-30" ENDDATE="2025-09-29" ISACTUAL="0" ISACTIVE="0" /><APARTMENT ID="111790765" OBJECTID="31776099" OBJECTGUID="1a36db69-9750-4538-bc49-07bba13a8e30" CHANGEID="689622875" NUMBER="1" APARTTYPE="2" OPERTYPEID="30" PREVID="18367250" NEXTID="0" UPDATEDATE="2025-09-29" STARTDATE="2025-09-29" ENDDATE="2079-06-06" ISACTUAL="1" ISACTIVE="0" /><APARTMENT ID="18367250" OBJECTID="31776099" OBJECTGUID="1a36db69-9750-4538-bc49-07bba13a8e30" CHANGEID="48572099" NUMBER="1" APARTTYPE="2" OPERTYPEID="10" PREVID="0" NEXTID="111790765" UPDATEDATE="2025-09-29" STARTDATE="2018-10-12" ENDDATE="2025-09-29" ISACTUAL="0" ISACTIVE="0" /><APARTMENT ID="111790766" OBJECTID="31776286" OBJECTGUID="4b15a4f2-923b-428e-8f12-baf8e477a0e1" CHANGEID="689622876" NUMBER="2" APARTTYPE="2" OPERTYPEID="30" PREVID="18367401" NEXTID="0" UPDATEDATE="2025-09-29" STARTDATE="2025-09-29" ENDDATE="2079-06-06" ISACTUAL="1" ISACTIVE="0" /><APARTMENT ID="18367401" OBJECTID="31776286" OBJECTGUID="4b15a4f2-923b-428e-8f12-baf8e477a0e1" CHANGEID="48572360" NUMBER="2" APARTTYPE="2" OPERTYPEID="10" PREVID="0" NEXTID="111790766" UPDATEDATE="2025-09-29" STARTDATE="2018-10-12" ENDDATE="2025-09-29" ISACTUAL="0" ISACTIVE="0" /><APARTMENT ID="111790767" OBJECTID="52755271" OBJECTGUID="61ce8c82-f477-489a-864e-d858eaf813ce" CHANGEID="689622877" NUMBER="2" APARTTYPE="2" OPERTYPEID="30" PREVID="31318916" NEXTID="0" UPDATEDATE="2025-09-29" STARTDATE="2025-09-29" ENDDATE="2079-06-06" ISACTUAL="1" ISACTIVE="0" /><APARTMENT ID="31318916" OBJECTID="52755271" OBJECTGUID="61ce8c82-f477-489a-864e-d858eaf813ce" CHANGEID="79012473" NUMBER="2" APARTTYPE="2" OPERTYPEID="10" PREVID="0" NEXTID="111790767" UPDATEDATE="2025-09-29" STARTDATE="2018-10-23" ENDDATE="2025-09-29" ISACTUAL="0" ISACTIVE="0" /><APARTMENT ID="111790768" OBJECTID="52755287" OBJECTGUID="e4a1e997-7bc3-4b11-a4a6-a5f2c102b22e" CHANGEID="689622878" NUMBER="1" APARTTYPE="2" OPERTYPEID="30" PREVID="31318931" NEXTID="0" UPDATEDATE="2025-09-29" STARTDATE="2025-09-29" ENDDATE="2079-06-06" ISACTUAL="1" ISACTIVE="0" /><APARTMENT ID="111790963" OBJECTID="29398187" OBJECTGUID="278c2727-939a-49c5-8625-68992056e56d" CHANGEID="689623213" NUMBER="3" APARTTYPE="1" OPERTYPEID="20" PREVID="16912324" UPDATEDATE="2025-09-29" STARTDATE="2025-09-29" ENDDATE="2079-06-06" ISACTUAL="1" ISACTIVE="1" /><APARTMENT ID="16912324" OBJECTID="29398187" OBJECTGUID="278c2727-939a-49c5-8625-68992056e56d" CHANGEID="45108851" NUMBER="3" APARTTYPE="2" OPERTYPEID="10" PREVID="0" NEXTID="111790963" UPDATEDATE="2025-09-29" STARTDATE="2018-04-28" ENDDATE="2025-09-29" ISACTUAL="0" ISACTIVE="0" /><APARTMENT ID="111805369" OBJECTID="79265740" OBJECTGUID="269ec9f7-a309-4411-83d9-bdec21d3a90e" CHANGEID="689701104" NUMBER="2" APARTTYPE="2" OPERTYPEID="30" PREVID="47415099" NEXTID="0" UPDATEDATE="2025-09-30" STARTDATE="2025-09-30" ENDDATE="2079-06-06" ISACTUAL="1" ISACTIVE="0" /><APARTMENT ID="47415099" OBJECTID="79265740" OBJECTGUID="269ec9f7-a309-4411-83d9-bdec21d3a90e" CHANGEID="117816575" NUMBER="2" APARTTYPE="2" OPERTYPEID="10" PREVID="0" NEXTID="111805369" UPDATEDATE="2025-09-30" STARTDATE="2018-12-04" ENDDATE="2025-09-30" ISACTUAL="0" ISACTIVE="0" /><APARTMENT ID="111805370" OBJECTID="79265768" OBJECTGUID="4e60e3c7-8576-41e6-bc8c-8ab4595ec179" CHANGEID="689701105" NUMBER="1" APARTTYPE="2" OPERTYPEID="30" PREVID="47415113" NEXTID="0" UPDATEDATE="2025-09-30" STARTDATE="2025-09-30" ENDDATE="2079-06-06" ISACTUAL="1" ISACTIVE="0" /><APARTMENT ID="47415113" OBJECTID="79265768" OBJECTGUID="4e60e3c7-8576-41e6-bc8c-8ab4595ec179" CHANGEID="117816616" NUMBER="1" APARTTYPE="2" OPERTYPEID="10" PREVID="0" NEXTID="111805370" UPDATEDATE="2025-09-30" STARTDATE="2018-12-04" ENDDATE="2025-09-30" ISACTUAL="0" ISACTIVE="0" /><APARTMENT ID="111805371" OBJECTID="72801508" OBJECTGUID="183a1976-2775-40da-89e2-3621f14081de" CHANGEID="689701106" NUMBER="2" APARTTYPE="2" OPERTYPEID="30" PREVID="43465597" NEXTID="0" UPDATEDATE="2025-09-30" STARTDATE="2025-09-30" ENDDATE="2079-06-06" ISACTUAL="1" ISACTIVE="0" /><APARTMENT ID="111805372" OBJECTID="72801524" OBJECTGUID="80678c86-ff12-48ec-81fb-06cef3c526f3" CHANGEID="689701107" NUMBER="1" APARTTYPE="2" OPERTYPEID="30" PREVID="43465610" NEXTID="0" UPDATEDATE="2025-09-30" STARTDATE="2025-09-30" ENDDATE="2079-06-06" ISACTUAL="1" ISACTIVE="0" /><APARTMENT ID="111805373" OBJECTID="28612933" OBJECTGUID="b3f30c8e-5737-4db3-a69a-b38ea4807c3c" CHANGEID="689701108" NUMBER="1" APARTTYPE="2" OPERTYPEID="30" PREVID="16416381" NEXTID="0" UPDATEDATE="2025-09-30" STARTDATE="2025-09-30" ENDDATE="2079-06-06" ISACTUAL="1" ISACTIVE="0" /><APARTMENT ID="16416381" OBJECTID="28612933" OBJECTGUID="b3f30c8e-5737-4db3-a69a-b38ea4807c3c" CHANGEID="43980691" NUMBER="1" APARTTYPE="2" OPERTYPEID="10" PREVID="0" NEXTID="111805373" UPDATEDATE="2025-09-30" STARTDATE="2018-10-02" ENDDATE="2025-09-30" ISACTUAL="0" ISACTIVE="0" /><APARTMENT ID="111805374" OBJECTID="28613179" OBJECTGUID="b8c446aa-fd52-494b-b0a5-6b27ec66aa32" CHANGEID="689701109" NUMBER="2" APARTTYPE="2" OPERTYPEID="30" PREVID="16416528" NEXTID="0" UPDATEDATE="2025-09-30" STARTDATE="2025-09-30" ENDDATE="2079-06-06" ISACTUAL="1" ISACTIVE="0" /><APARTMENT ID="16416528" OBJECTID="28613179" OBJECTGUID="b8c446aa-fd52-494b-b0a5-6b27ec66aa32" CHANGEID="43981081" NUMBER="2" APARTTYPE="2" OPERTYPEID="10" PREVID="0" NEXTID="111805374" UPDATEDATE="2025-09-30" STARTDATE="2018-10-02" ENDDATE="2025-09-30" ISACTUAL="0" ISACTIVE="0" /><APARTMENT ID="111805375" OBJECTID="28614418" OBJECTGUID="43d109cc-01a7-44fe-9612-6a73352033bc" CHANGEID="689701110" NUMBER="1" APARTTYPE="2" OPERTYPEID="30" PREVID="16417184" NEXTID="0" UPDATEDATE="2025-09-30" STARTDATE="2025-09-30" ENDDATE="2079-06-06" ISACTUAL="1" ISACTIVE="0" /><APARTMENT ID="16417184" OBJECTID="28614418" OBJECTGUID="43d109cc-01a7-44fe-9612-6a73352033bc" CHANGEID="43982900" NUMBER="1" APARTTYPE="2" OPERTYPEID="10" PREVID="0" NEXTID="111805375" UPDATEDATE="2025-09-30" STARTDATE="2018-10-02" ENDDATE="2025-09-30" ISACTUAL="0" ISACTIVE="0" /><APARTMENT ID="111805376" OBJECTID="28614806" OBJECTGUID="f196dc94-2722-4bd6-b2b9-7358b1e4df3c" CHANGEID="689701111" NUMBER="2" APARTTYPE="2" OPERTYPEID="30" PREVID="16417450" NEXTID="0" UPDATEDATE="2025-09-30" STARTDATE="2025-09-30" ENDDATE="2079-06-06" ISACTUAL="1" ISACTIVE="0" /><APARTMENT ID="16417450" OBJECTID="28614806" OBJECTGUID="f196dc94-2722-4bd6-b2b9-7358b1e4df3c" CHANGEID="43983551" NUMBER="2" APARTTYPE="2" OPERTYPEID="10" PREVID="0" NEXTID="111805376" UPDATEDATE="2025-09-30" STARTDATE="2018-10-02" ENDDATE="2025-09-30" ISACTUAL="0" ISACTIVE="0" /><APARTMENT ID="111805377" OBJECTID="42206833" OBJECTGUID="32088c68-e1fb-4a53-a942-fc45b30b9789" CHANGEID="689701112" NUMBER="2" APARTTYPE="2" OPERTYPEID="30" PREVID="24770454" NEXTID="0" UPDATEDATE="2025-09-30" STARTDATE="2025-09-30" ENDDATE="2079-06-06" ISACTUAL="1" ISACTIVE="0" /><APARTMENT ID="24770454" OBJECTID="42206833" OBJECTGUID="32088c68-e1fb-4a53-a942-fc45b30b9789" CHANGEID="63783687" NUMBER="2" APARTTYPE="2" OPERTYPEID="10" PREVID="0" NEXTID="111805377" UPDATEDATE="2025-09-30" STARTDATE="2018-10-05" ENDDATE="2025-09-30" ISACTUAL="0" ISACTIVE="0" /><APARTMENT ID="111805378" OBJECTID="42207088" OBJECTGUID="cedefb91-edc1-4a6d-9aba-2da909c32c3c" CHANGEID="689701113" NUMBER="1" APARTTYPE="2" OPERTYPEID="30" PREVID="24770575" NEXTID="0" UPDATEDATE="2025-09-30" STARTDATE="2025-09-30" ENDDATE="2079-06-06" ISACTUAL="1" ISACTIVE="0" /><APARTMENT ID="24770575" OBJECTID="42207088" OBJECTGUID="cedefb91-edc1-4a6d-9aba-2da909c32c3c" CHANGEID="63784004" NUMBER="1" APARTTYPE="2" OPERTYPEID="10" PREVID="0" NEXTID="111805378" UPDATEDATE="2025-09-30" STARTDATE="2018-10-05" ENDDATE="2025-09-30" ISACTUAL="0" ISACTIVE="0" /><APARTMENT ID="111805379" OBJECTID="47913322" OBJECTGUID="65dc3e88-7c80-4650-a881-9b18550f3058" CHANGEID="689701114" NUMBER="1" APARTTYPE="2" OPERTYPEID="30" PREVID="28308557" NEXTID="0" UPDATEDATE="2025-09-30" STARTDATE="2025-09-30" ENDDATE="2079-06-06" ISACTUAL="1" ISACTIVE="0" /><APARTMENT ID="28308557" OBJECTID="47913322" OBJECTGUID="65dc3e88-7c80-4650-a881-9b18550f3058" CHANGEID="72027640" NUMBER="1" APARTTYPE="2" OPERTYPEID="10" PREVID="0" NEXTID="111805379" UPDATEDATE="2025-09-30" STARTDATE="2018-12-03" ENDDATE="2025-09-30" ISACTUAL="0" ISACTIVE="0" /><APARTMENT ID="111805380" OBJECTID="47913332" OBJECTGUID="e606be35-4cb0-421b-9e28-920218a73ff7" CHANGEID="689701115" NUMBER="2" APARTTYPE="2" OPERTYPEID="30" PREVID="28308563" NEXTID="0" UPDATEDATE="2025-09-30" STARTDATE="2025-09-30" ENDDATE="2079-06-06" ISACTUAL="1" ISACTIVE="0" /><APARTMENT ID="28308563" OBJECTID="47913332" OBJECTGUID="e606be35-4cb0-421b-9e28-920218a73ff7" CHANGEID="72027660" NUMBER="2" APARTTYPE="2" OPERTYPEID="10" PREVID="0" NEXTID="111805380" UPDATEDATE="2025-09-30" STARTDATE="2018-12-03" ENDDATE="2025-09-30" ISACTUAL="0" ISACTIVE="0" /><APARTMENT ID="111805381" OBJECTID="42367113" OBJECTGUID="bd1bb090-f1a0-4736-af3d-15acf8c0822e" CHANGEID="689701116" NUMBER="2" APARTTYPE="2" OPERTYPEID="30" PREVID="24876904" NEXTID="0" UPDATEDATE="2025-09-30" STARTDATE="2025-09-30" ENDDATE="2079-06-06" ISACTUAL="1" ISACTIVE="0" /><APARTMENT ID="111805382" OBJECTID="42361379" OBJECTGUID="950e9441-ee18-45f0-bd4b-e031bad84bfb" CHANGEID="689701117" NUMBER="1" APARTTYPE="2" OPERTYPEID="30" PREVID="24872602" NEXTID="0" UPDATEDATE="2025-09-30" STARTDATE="2025-09-30" ENDDATE="2079-06-06" ISACTUAL="1" ISACTIVE="0" /><APARTMENT ID="111805383" OBJECTID="78796947" OBJECTGUID="7ad3b03b-b699-4244-a076-0daa791cd95f" CHANGEID="689701118" NUMBER="1" APARTTYPE="2" OPERTYPEID="30" PREVID="47137443" NEXTID="0" UPDATEDATE="2025-09-30" STARTDATE="2025-09-30" ENDDATE="2079-06-06" ISACTUAL="1" ISACTIVE="0" /><APARTMENT ID="47137443" OBJECTID="78796947" OBJECTGUID="7ad3b03b-b699-4244-a076-0daa791cd95f" CHANGEID="117127183" NUMBER="1" APARTTYPE="2" OPERTYPEID="10" PREVID="0" NEXTID="111805383" UPDATEDATE="2025-09-30" STARTDATE="2018-08-14" ENDDATE="2025-09-30" ISACTUAL="0" ISACTIVE="0" /><APARTMENT ID="111805384" OBJECTID="78797169" OBJECTGUID="ae5d6d59-8746-4ceb-9aa0-320d6f2ba902" CHANGEID="689701119" NUMBER="2" APARTTYPE="2" OPERTYPEID="30" PREVID="47137578" NEXTID="0" UPDATEDATE="2025-09-30" STARTDATE="2025-09-30" ENDDATE="2079-06-06" ISACTUAL="1" ISACTIVE="0" /><APARTMENT ID="47137578" OBJECTID="78797169" OBJECTGUID="ae5d6d59-8746-4ceb-9aa0-320d6f2ba902" CHANGEID="117127465" NUMBER="2" APARTTYPE="2" OPERTYPEID="10" PREVID="0" NEXTID="111805384" UPDATEDATE="2025-09-30" STARTDATE="2018-08-14" ENDDATE="2025-09-30" ISACTUAL="0" ISACTIVE="0" /><APARTMENT ID="111805385" OBJECTID="75255121" OBJECTGUID="2e67530c-eeda-4db8-b558-70e19b2eea6c" CHANGEID="689701120" NUMBER="1" APARTTYPE="2" OPERTYPEID="30" PREVID="44968315" NEXTID="0" UPDATEDATE="2025-09-30" STARTDATE="2025-09-30" ENDDATE="2079-06-06" ISACTUAL="1" ISACTIVE="0" /><APARTMENT ID="44968315" OBJECTID="75255121" OBJECTGUID="2e67530c-eeda-4db8-b558-70e19b2eea6c" CHANGEID="111964719" NUMBER="1" APARTTYPE="2" OPERTYPEID="10" PREVID="0" NEXTID="111805385" UPDATEDATE="2025-09-30" STARTDATE="2018-11-30" ENDDATE="2025-09-30" ISACTUAL="0" ISACTIVE="0" /><APARTMENT ID="111805386" OBJECTID="75255343" OBJECTGUID="6e2167bd-a5bc-40cd-965b-a643f215e498" CHANGEID="689701121" NUMBER="2" APARTTYPE="2" OPERTYPEID="30" PREVID="44968452" NEXTID="0" UPDATEDATE="2025-09-30" STARTDATE="2025-09-30" ENDDATE="2079-06-06" ISACTUAL="1" ISACTIVE="0" /><APARTMENT ID="44968452" OBJECTID="75255343" OBJECTGUID="6e2167bd-a5bc-40cd-965b-a643f215e498" CHANGEID="111965087" NUMBER="2" APARTTYPE="2" OPERTYPEID="10" PREVID="0" NEXTID="111805386" UPDATEDATE="2025-09-30" STARTDATE="2018-11-30" ENDDATE="2025-09-30" ISACTUAL="0" ISACTIVE="0" /><APARTMENT ID="111805388" OBJECTID="52778737" OBJECTGUID="e4ae03e0-9941-4c9c-8f84-63b6c039f062" CHANGEID="689701188" NUMBER="2" APARTTYPE="2" OPERTYPEID="30" PREVID="31333663" NEXTID="0" UPDATEDATE="2025-09-30" STARTDATE="2025-09-30" ENDDATE="2079-06-06" ISACTUAL="1" ISACTIVE="0" /><APARTMENT ID="31333663" OBJECTID="52778737" OBJECTGUID="e4ae03e0-9941-4c9c-8f84-63b6c039f062" CHANGEID="79046429" NUMBER="2" APARTTYPE="2" OPERTYPEID="10" PREVID="0" NEXTID="111805388" UPDATEDATE="2025-09-30" STARTDATE="2018-10-24" ENDDATE="2025-09-30" ISACTUAL="0" ISACTIVE="0" /><APARTMENT ID="111805389" OBJECTID="52778876" OBJECTGUID="fe6afa08-df23-4de7-9a0f-abf564df6fe6" CHANGEID="689701189" NUMBER="1" APARTTYPE="2" OPERTYPEID="30" PREVID="31333790" NEXTID="0" UPDATEDATE="2025-09-30" STARTDATE="2025-09-30" ENDDATE="2079-06-06" ISACTUAL="1" ISACTIVE="0" /><APARTMENT ID="31333790" OBJECTID="52778876" OBJECTGUID="fe6afa08-df23-4de7-9a0f-abf564df6fe6" CHANGEID="79046664" NUMBER="1" APARTTYPE="2" OPERTYPEID="10" PREVID="0" NEXTID="111805389" UPDATEDATE="2025-09-30" STARTDATE="2018-10-24" ENDDATE="2025-09-30" ISACTUAL="0" ISACTIVE="0" /><APARTMENT ID="111805390" OBJECTID="75269248" OBJECTGUID="00e72c7b-6d37-4b18-999d-14e82cd0c3d0" CHANGEID="689701190" NUMBER="1" APARTTYPE="2" OPERTYPEID="30" PREVID="44977157" NEXTID="0" UPDATEDATE="2025-09-30" STARTDATE="2025-09-30" ENDDATE="2079-06-06" ISACTUAL="1" ISACTIVE="0" /><APARTMENT ID="44977157" OBJECTID="75269248" OBJECTGUID="00e72c7b-6d37-4b18-999d-14e82cd0c3d0" CHANGEID="111985135" NUMBER="1" APARTTYPE="2" OPERTYPEID="10" PREVID="0" NEXTID="111805390" UPDATEDATE="2025-09-30" STARTDATE="2018-10-23" ENDDATE="2025-09-30" ISACTUAL="0" ISACTIVE="0" /><APARTMENT ID="111805391" OBJECTID="75269653" OBJECTGUID="32a8c4fa-9cd4-4dc6-b4ab-216b6f91c907" CHANGEID="689701191" NUMBER="2" APARTTYPE="2" OPERTYPEID="30" PREVID="44977325" NEXTID="0" UPDATEDATE="2025-09-30" STARTDATE="2025-09-30" ENDDATE="2079-06-06" ISACTUAL="1" ISACTIVE="0" /><APARTMENT ID="44977325" OBJECTID="75269653" OBJECTGUID="32a8c4fa-9cd4-4dc6-b4ab-216b6f91c907" CHANGEID="111985770" NUMBER="2" APARTTYPE="2" OPERTYPEID="10" PREVID="0" NEXTID="111805391" UPDATEDATE="2025-09-30" STARTDATE="2018-10-23" ENDDATE="2025-09-30" ISACTUAL="0" ISACTIVE="0" /><APARTMENT ID="111805393" OBJECTID="52771682" OBJECTGUID="34e7caeb-282c-4301-ad13-0f80273dec83" CHANGEID="689701371" NUMBER="1" APARTTYPE="2" OPERTYPEID="30" PREVID="31329210" NEXTID="0" UPDATEDATE="2025-09-30" STARTDATE="2025-09-30" ENDDATE="2079-06-06" ISACTUAL="1" ISACTIVE="0" /><APARTMENT ID="31329210" OBJECTID="52771682" OBJECTGUID="34e7caeb-282c-4301-ad13-0f80273dec83" CHANGEID="79036373" NUMBER="1" APARTTYPE="2" OPERTYPEID="10" PREVID="0" NEXTID="111805393" UPDATEDATE="2025-09-30" STARTDATE="2018-10-23" ENDDATE="2025-09-30" ISACTUAL="0" ISACTIVE="0" /><APARTMENT ID="111805394" OBJECTID="52771861" OBJECTGUID="ee345ceb-5e55-4344-a1c8-eaa9c0c38383" CHANGEID="689701372" NUMBER="2" APARTTYPE="2" OPERTYPEID="30" PREVID="31329312" NEXTID="0" UPDATEDATE="2025-09-30" STARTDATE="2025-09-30" ENDDATE="2079-06-06" ISACTUAL="1" ISACTIVE="0" /><APARTMENT ID="31329312" OBJECTID="52771861" OBJECTGUID="ee345ceb-5e55-4344-a1c8-eaa9c0c38383" CHANGEID="79036640" NUMBER="2" APARTTYPE="2" OPERTYPEID="10" PREVID="0" NEXTID="111805394" UPDATEDATE="2025-09-30" STARTDATE="2018-10-23" ENDDATE="2025-09-30" ISACTUAL="0" ISACTIVE="0" /><APARTMENT ID="111811441" OBJECTID="96871685" OBJECTGUID="80845a18-a10a-4e33-a7c6-ee3b729d135c" CHANGEID="689777387" NUMBER="1" APARTTYPE="2" OPERTYPEID="30" PREVID="51134705" NEXTID="0" UPDATEDATE="2025-10-01" STARTDATE="2025-10-01" ENDDATE="2079-06-06" ISACTUAL="1" ISACTIVE="0" /><APARTMENT ID="51134705" OBJECTID="96871685" OBJECTGUID="80845a18-a10a-4e33-a7c6-ee3b729d135c" CHANGEID="150485512" NUMBER="1" APARTTYPE="2" OPERTYPEID="10" PREVID="0" NEXTID="111811441" UPDATEDATE="2025-10-01" STARTDATE="2020-05-26" ENDDATE="2025-10-01" ISACTUAL="0" ISACTIVE="0" /><APARTMENT ID="111811442" OBJECTID="19439161" OBJECTGUID="ff27267b-9611-4e1a-b9da-996fca158538" CHANGEID="689777389" NUMBER="1" APARTTYPE="2" OPERTYPEID="30" PREVID="10847164" NEXTID="0" UPDATEDATE="2025-10-01" STARTDATE="2025-10-01" ENDDATE="2079-06-06" ISACTUAL="1" ISACTIVE="0" /><APARTMENT ID="10847164" OBJECTID="19439161" OBJECTGUID="ff27267b-9611-4e1a-b9da-996fca158538" CHANGEID="30494700" NUMBER="1" APARTTYPE="2" OPERTYPEID="10" PREVID="0" NEXTID="111811442" UPDATEDATE="2025-10-01" STARTDATE="2018-08-22" ENDDATE="2025-10-01" ISACTUAL="0" ISACTIVE="0" /></APARTMENTS>