﻿<?xml version="1.0" encoding="utf-8"?><REESTR_OBJECTS><OBJECT OBJECTID="28611549" OBJECTGUID="32351ace-3256-4f3d-b95b-0caa2c83a4ad" CHANGEID="689701194" ISACTIVE="0" LEVELID="10" CREATEDATE="2012-02-20" UPDATEDATE="2025-09-30" /><OBJECT OBJECTID="32239203" OBJECTGUID="655d5a54-c6f8-4ba1-ab31-255e0fdd3924" CHANGEID="689623212" ISACTIVE="1" LEVELID="10" CREATEDATE="2012-02-20" UPDATEDATE="2025-09-29" /><OBJECT OBJECTID="79265078" OBJECTGUID="72b94b70-2aa1-49c6-8160-68ffbd7da38f" CHANGEID="689701192" ISACTIVE="0" LEVELID="10" CREATEDATE="2012-02-21" UPDATEDATE="2025-09-30" /><OBJECT OBJECTID="36695763" OBJECTGUID="c4fe2780-a8a2-4072-bce5-d3485ad9f89b" CHANGEID="689622881" ISACTIVE="0" LEVELID="10" CREATEDATE="2012-02-19" UPDATEDATE="2025-09-29" /><OBJECT OBJECTID="36697242" OBJECTGUID="ebb9c794-c921-48a7-8255-74e5bf91333a" CHANGEID="689622864" ISACTIVE="0" LEVELID="11" CREATEDATE="2018-10-01" UPDATEDATE="2025-09-29" /><OBJECT OBJECTID="36702798" OBJECTGUID="5e7eacd0-4c4a-4857-afeb-ff5eaae3be0c" CHANGEID="689623206" ISACTIVE="0" LEVELID="10" CREATEDATE="2012-02-19" UPDATEDATE="2025-09-29" /><OBJECT OBJECTID="37020666" OBJECTGUID="d080e6ac-c8e7-45de-b9ec-88ad30933694" CHANGEID="689622882" ISACTIVE="0" LEVELID="10" CREATEDATE="2019-07-10" UPDATEDATE="2025-09-29" /><OBJECT OBJECTID="42206833" OBJECTGUID="32088c68-e1fb-4a53-a942-fc45b30b9789" CHANGEID="689701112" ISACTIVE="0" LEVELID="11" CREATEDATE="2018-10-05" UPDATEDATE="2025-09-30" /><OBJECT OBJECTID="42361379" OBJECTGUID="950e9441-ee18-45f0-bd4b-e031bad84bfb" CHANGEID="689701117" ISACTIVE="0" LEVELID="11" CREATEDATE="2018-10-24" UPDATEDATE="2025-09-30" /><OBJECT OBJECTID="42367113" OBJECTGUID="bd1bb090-f1a0-4736-af3d-15acf8c0822e" CHANGEID="689701116" ISACTIVE="0" LEVELID="11" CREATEDATE="2018-10-24" UPDATEDATE="2025-09-30" /><OBJECT OBJECTID="47912298" OBJECTGUID="95b3bd53-c14b-48e5-aa59-85adfef6be3f" CHANGEID="689701197" ISACTIVE="0" LEVELID="10" CREATEDATE="2018-03-29" UPDATEDATE="2025-09-30" /><OBJECT OBJECTID="50858877" OBJECTGUID="52950da2-7987-4eca-883f-ab5ae1909166" CHANGEID="689622886" ISACTIVE="0" LEVELID="10" CREATEDATE="2012-02-19" UPDATEDATE="2025-09-29" /><OBJECT OBJECTID="52755271" OBJECTGUID="61ce8c82-f477-489a-864e-d858eaf813ce" CHANGEID="689622877" ISACTIVE="0" LEVELID="11" CREATEDATE="2018-10-23" UPDATEDATE="2025-09-29" /><OBJECT OBJECTID="50859472" OBJECTGUID="6f194982-592e-4e5a-9d21-cc23ba9f69dd" CHANGEID="689622869" ISACTIVE="0" LEVELID="11" CREATEDATE="2018-11-21" UPDATEDATE="2025-09-29" /><OBJECT OBJECTID="83094740" OBJECTGUID="83085fc4-041c-459e-9ae7-19d827bbb2b2" CHANGEID="689701378" ISACTIVE="1" LEVELID="10" CREATEDATE="2012-02-19" UPDATEDATE="2025-09-30" /><OBJECT OBJECTID="28614806" OBJECTGUID="f196dc94-2722-4bd6-b2b9-7358b1e4df3c" CHANGEID="689701111" ISACTIVE="0" LEVELID="11" CREATEDATE="2018-10-02" UPDATEDATE="2025-09-30" /><OBJECT OBJECTID="28612933" OBJECTGUID="b3f30c8e-5737-4db3-a69a-b38ea4807c3c" CHANGEID="689701108" ISACTIVE="0" LEVELID="11" CREATEDATE="2018-10-02" UPDATEDATE="2025-09-30" /><OBJECT OBJECTID="58352147" OBJECTGUID="c9940271-64fe-4614-bde1-eec9a73dda9d" CHANGEID="689780068" ISACTIVE="0" LEVELID="10" CREATEDATE="2012-02-21" UPDATEDATE="2025-10-01" /><OBJECT OBJECTID="29398187" OBJECTGUID="278c2727-939a-49c5-8625-68992056e56d" CHANGEID="689623213" ISACTIVE="1" LEVELID="11" CREATEDATE="2018-04-28" UPDATEDATE="2025-09-29" /><OBJECT OBJECTID="63746003" OBJECTGUID="6102638a-9768-4115-ba0a-37730a0500ca" CHANGEID="689622867" ISACTIVE="0" LEVELID="11" CREATEDATE="2018-08-24" UPDATEDATE="2025-09-29" /><OBJECT OBJECTID="36705242" OBJECTGUID="ad5c65c5-5232-41b6-a1e7-fcf3db542a3b" CHANGEID="689622874" ISACTIVE="0" LEVELID="11" CREATEDATE="2018-08-31" UPDATEDATE="2025-09-29" /><OBJECT OBJECTID="75255343" OBJECTGUID="6e2167bd-a5bc-40cd-965b-a643f215e498" CHANGEID="689701121" ISACTIVE="0" LEVELID="11" CREATEDATE="2018-11-30" UPDATEDATE="2025-09-30" /><OBJECT OBJECTID="75269653" OBJECTGUID="32a8c4fa-9cd4-4dc6-b4ab-216b6f91c907" CHANGEID="689701191" ISACTIVE="0" LEVELID="11" CREATEDATE="2018-10-23" UPDATEDATE="2025-09-30" /><OBJECT OBJECTID="42199973" OBJECTGUID="4f726b8d-1eb8-4a34-9577-457e78bd6458" CHANGEID="689701196" ISACTIVE="0" LEVELID="10" CREATEDATE="2012-02-21" UPDATEDATE="2025-09-30" /><OBJECT OBJECTID="79265740" OBJECTGUID="269ec9f7-a309-4411-83d9-bdec21d3a90e" CHANGEID="689701104" ISACTIVE="0" LEVELID="11" CREATEDATE="2018-12-04" UPDATEDATE="2025-09-30" /><OBJECT OBJECTID="50861721" OBJECTGUID="ce7b8a3e-7a0d-462f-b612-a86dbc26484e" CHANGEID="689622872" ISACTIVE="0" LEVELID="11" CREATEDATE="2018-11-21" UPDATEDATE="2025-09-29" /><OBJECT OBJECTID="63745411" OBJECTGUID="467b5552-81de-4081-81fc-c6cf596c977e" CHANGEID="689622883" ISACTIVE="0" LEVELID="10" CREATEDATE="2012-02-19" UPDATEDATE="2025-09-29" /><OBJECT OBJECTID="42360663" OBJECTGUID="14f23dae-d0b1-4795-9f10-7fd2bd13cc70" CHANGEID="689701369" ISACTIVE="0" LEVELID="10" CREATEDATE="2012-02-21" UPDATEDATE="2025-09-30" /><OBJECT OBJECTID="71947202" OBJECTGUID="1395338b-cfc3-492f-8f50-5d79e8074f94" CHANGEID="689630486" ISACTIVE="1" LEVELID="11" CREATEDATE="2018-04-25" UPDATEDATE="2025-09-29" /><OBJECT OBJECTID="71946859" OBJECTGUID="05a0ce86-727c-44b7-a46f-916f92869c65" CHANGEID="689629496" ISACTIVE="1" LEVELID="11" CREATEDATE="2018-04-25" UPDATEDATE="2025-09-29" /><OBJECT OBJECTID="71950130" OBJECTGUID="0289eaef-8f34-4c4f-9632-c3d0a1f94422" CHANGEID="689629492" ISACTIVE="1" LEVELID="11" CREATEDATE="2018-04-24" UPDATEDATE="2025-09-29" /><OBJECT OBJECTID="71972827" OBJECTGUID="1d79d3fe-b28f-4896-acad-59d131aacac4" CHANGEID="689701204" ISACTIVE="1" LEVELID="11" CREATEDATE="2018-07-18" UPDATEDATE="2025-09-30" /><OBJECT OBJECTID="72059854" OBJECTGUID="b7eeffff-221b-4c4e-9666-567a68c0cf95" CHANGEID="689629448" ISACTIVE="1" LEVELID="11" CREATEDATE="2018-07-19" UPDATEDATE="2025-09-29" /><OBJECT OBJECTID="72066096" OBJECTGUID="94645c42-0279-4167-94f3-a86543600c5a" CHANGEID="689629480" ISACTIVE="1" LEVELID="11" CREATEDATE="2018-07-19" UPDATEDATE="2025-09-29" /><OBJECT OBJECTID="72069951" OBJECTGUID="3b534522-6fec-4a71-91e3-7fd0fc6bb4e9" CHANGEID="689629471" ISACTIVE="1" LEVELID="11" CREATEDATE="2018-07-19" UPDATEDATE="2025-09-29" /><OBJECT OBJECTID="75253126" OBJECTGUID="154a805e-b1b8-4d73-ac9c-0dfa9de9a423" CHANGEID="689701370" ISACTIVE="0" LEVELID="10" CREATEDATE="2012-02-21" UPDATEDATE="2025-09-30" /><OBJECT OBJECTID="52777743" OBJECTGUID="dbb67c2a-209d-43dc-9e14-89fdc7934dd8" CHANGEID="689701850" ISACTIVE="0" LEVELID="10" CREATEDATE="2012-02-20" UPDATEDATE="2025-09-30" /><OBJECT OBJECTID="78797169" OBJECTGUID="ae5d6d59-8746-4ceb-9aa0-320d6f2ba902" CHANGEID="689701119" ISACTIVE="0" LEVELID="11" CREATEDATE="2018-08-14" UPDATEDATE="2025-09-30" /><OBJECT OBJECTID="81295027" OBJECTGUID="3ba59413-d21a-4ba1-b963-afafe245913e" CHANGEID="689701790" ISACTIVE="1" LEVELID="11" CREATEDATE="2018-04-18" UPDATEDATE="2025-09-30" /><OBJECT OBJECTID="52771027" OBJECTGUID="24c0c2e9-3e9c-4161-ab58-78ddc3c09df1" CHANGEID="689704833" ISACTIVE="0" LEVELID="10" CREATEDATE="2012-02-20" UPDATEDATE="2025-09-30" /><OBJECT OBJECTID="31775169" OBJECTGUID="358a32e0-d456-4402-b844-ed2742b1be6d" CHANGEID="689623208" ISACTIVE="0" LEVELID="10" CREATEDATE="2012-02-19" UPDATEDATE="2025-09-29" /><OBJECT OBJECTID="75268750" OBJECTGUID="5fcb55e4-01e1-45c9-b6d0-81f73b58f016" CHANGEID="689701851" ISACTIVE="0" LEVELID="10" CREATEDATE="2012-02-21" UPDATEDATE="2025-09-30" /><OBJECT OBJECTID="57475809" OBJECTGUID="fb62c041-af52-45b0-8cba-d221fe4c498b" CHANGEID="689777386" ISACTIVE="1" LEVELID="10" CREATEDATE="2012-02-10" UPDATEDATE="2025-10-01" /><OBJECT OBJECTID="174908898" OBJECTGUID="7872d3d2-f547-470b-925c-cbc0a7e2a715" CHANGEID="689622879" ISACTIVE="1" LEVELID="9" CREATEDATE="2025-09-29" UPDATEDATE="2025-09-29" /><OBJECT OBJECTID="174908899" OBJECTGUID="7c71394a-526b-492e-8239-6086660dc6ea" CHANGEID="689622880" ISACTIVE="1" LEVELID="10" CREATEDATE="2025-09-29" UPDATEDATE="2025-09-29" /><OBJECT OBJECTID="174908900" OBJECTGUID="9d2c1e3d-7711-4b24-846b-4dca9f9fddfe" CHANGEID="689622885" ISACTIVE="1" LEVELID="10" CREATEDATE="2025-09-29" UPDATEDATE="2025-09-29" /><OBJECT OBJECTID="174908901" OBJECTGUID="8c91a2a9-7722-4159-a19e-49d8e2cc7a81" CHANGEID="689622888" ISACTIVE="1" LEVELID="9" CREATEDATE="2025-09-29" UPDATEDATE="2025-09-29" /><OBJECT OBJECTID="174909142" OBJECTGUID="cd68dab4-64b0-477f-928b-9fc92806a359" CHANGEID="689623205" ISACTIVE="1" LEVELID="9" CREATEDATE="2025-09-29" UPDATEDATE="2025-09-29" /><OBJECT OBJECTID="174909143" OBJECTGUID="90e12992-f594-4e4a-8302-19f50c4f4ac3" CHANGEID="689623209" ISACTIVE="1" LEVELID="10" CREATEDATE="2025-09-29" UPDATEDATE="2025-09-29" /><OBJECT OBJECTID="174911457" OBJECTGUID="ffb6cf68-6237-4058-8b2d-9dd123882494" CHANGEID="689628434" ISACTIVE="1" LEVELID="9" CREATEDATE="2025-09-29" UPDATEDATE="2025-09-29" /><OBJECT OBJECTID="72086059" OBJECTGUID="e30e579f-1b3a-425d-a7d9-ea5b042e7c59" CHANGEID="689629450" ISACTIVE="1" LEVELID="11" CREATEDATE="2018-07-10" UPDATEDATE="2025-09-29" /><OBJECT OBJECTID="72028478" OBJECTGUID="7c5dfd59-e099-487c-b450-862ff6f6d590" CHANGEID="689629454" ISACTIVE="1" LEVELID="11" CREATEDATE="2018-07-10" UPDATEDATE="2025-09-29" /><OBJECT OBJECTID="72028500" OBJECTGUID="f111daaa-8ef6-46c3-8e38-f38bd7c2f5e8" CHANGEID="689629455" ISACTIVE="1" LEVELID="11" CREATEDATE="2018-07-10" UPDATEDATE="2025-09-29" /><OBJECT OBJECTID="72006225" OBJECTGUID="49297b41-a80a-4327-8f93-0922f8ad6e5d" CHANGEID="689629459" ISACTIVE="1" LEVELID="11" CREATEDATE="2018-07-10" UPDATEDATE="2025-09-29" /><OBJECT OBJECTID="72013100" OBJECTGUID="5ff4fbd9-00b5-42dc-9b49-dbb5a9808862" CHANGEID="689629456" ISACTIVE="1" LEVELID="11" CREATEDATE="2018-04-24" UPDATEDATE="2025-09-29" /><OBJECT OBJECTID="72006402" OBJECTGUID="5bd0a071-9ca9-49cb-a7d2-432ad94a9b33" CHANGEID="689629460" ISACTIVE="1" LEVELID="11" CREATEDATE="2018-07-10" UPDATEDATE="2025-09-29" /><OBJECT OBJECTID="72008713" OBJECTGUID="7a5436ce-8482-4d75-bcfd-f9b4f625031d" CHANGEID="689629461" ISACTIVE="1" LEVELID="11" CREATEDATE="2018-07-10" UPDATEDATE="2025-09-29" /><OBJECT OBJECTID="72008823" OBJECTGUID="8554754e-a10e-4c89-8b26-8d8fbb2d6d05" CHANGEID="689629462" ISACTIVE="1" LEVELID="11" CREATEDATE="2018-07-10" UPDATEDATE="2025-09-29" /><OBJECT OBJECTID="72008832" OBJECTGUID="bd05035d-f48c-4d49-b027-fa6316deb001" CHANGEID="689629463" ISACTIVE="1" LEVELID="11" CREATEDATE="2018-07-10" UPDATEDATE="2025-09-29" /><OBJECT OBJECTID="72009136" OBJECTGUID="d1983e38-a189-43ec-bdc6-f9aae6b6b7ab" CHANGEID="689629465" ISACTIVE="1" LEVELID="11" CREATEDATE="2018-07-10" UPDATEDATE="2025-09-29" /><OBJECT OBJECTID="72008920" OBJECTGUID="ccd3aa92-2118-4927-97d9-5ed16e5ac0fa" CHANGEID="689629464" ISACTIVE="1" LEVELID="11" CREATEDATE="2018-07-10" UPDATEDATE="2025-09-29" /><OBJECT OBJECTID="72009155" OBJECTGUID="d8b4a85a-a060-4a80-b6f5-0797057da2a5" CHANGEID="689629466" ISACTIVE="1" LEVELID="11" CREATEDATE="2018-07-10" UPDATEDATE="2025-09-29" /><OBJECT OBJECTID="72070479" OBJECTGUID="a3282070-a7da-42da-a0a0-7dfed01d5444" CHANGEID="689629474" ISACTIVE="1" LEVELID="11" CREATEDATE="2018-07-19" UPDATEDATE="2025-09-29" /><OBJECT OBJECTID="72063509" OBJECTGUID="62c1c345-d74f-446e-a20d-4286afc1f494" CHANGEID="689629469" ISACTIVE="1" LEVELID="11" CREATEDATE="2018-07-19" UPDATEDATE="2025-09-29" /><OBJECT OBJECTID="72070289" OBJECTGUID="78c7ee34-493a-447a-98cc-10ff963d5252" CHANGEID="689629473" ISACTIVE="1" LEVELID="11" CREATEDATE="2018-07-19" UPDATEDATE="2025-09-29" /><OBJECT OBJECTID="72037329" OBJECTGUID="a55d465e-8486-4b09-b0f1-ded85b6e40a9" CHANGEID="689629476" ISACTIVE="1" LEVELID="11" CREATEDATE="2018-04-24" UPDATEDATE="2025-09-29" /><OBJECT OBJECTID="72064507" OBJECTGUID="1f7f0a0c-c778-409b-8e6e-eb4c0ba01089" CHANGEID="689629477" ISACTIVE="1" LEVELID="11" CREATEDATE="2018-07-19" UPDATEDATE="2025-09-29" /><OBJECT OBJECTID="72065620" OBJECTGUID="2f0da4fc-4be3-4c00-b55f-b311b40d80cb" CHANGEID="689629479" ISACTIVE="1" LEVELID="11" CREATEDATE="2018-07-19" UPDATEDATE="2025-09-29" /><OBJECT OBJECTID="72065365" OBJECTGUID="289d53ec-e579-4b4e-8513-3a8231ee0ad0" CHANGEID="689629478" ISACTIVE="1" LEVELID="11" CREATEDATE="2018-07-19" UPDATEDATE="2025-09-29" /><OBJECT OBJECTID="72016758" OBJECTGUID="0fa05c36-b5a6-40d1-ad7f-da5a01ba4dec" CHANGEID="689629481" ISACTIVE="1" LEVELID="11" CREATEDATE="2018-07-19" UPDATEDATE="2025-09-29" /><OBJECT OBJECTID="72016899" OBJECTGUID="2bec5980-06e6-4321-be8d-0e21ca289a57" CHANGEID="689629482" ISACTIVE="1" LEVELID="11" CREATEDATE="2018-07-19" UPDATEDATE="2025-09-29" /><OBJECT OBJECTID="72016924" OBJECTGUID="3ced8d03-0761-4a45-865d-19fbf946b9af" CHANGEID="689629484" ISACTIVE="1" LEVELID="11" CREATEDATE="2018-07-19" UPDATEDATE="2025-09-29" /><OBJECT OBJECTID="72016914" OBJECTGUID="31b7fdf2-d0e1-4714-88fd-fee96511887f" CHANGEID="689629483" ISACTIVE="1" LEVELID="11" CREATEDATE="2018-07-19" UPDATEDATE="2025-09-29" /><OBJECT OBJECTID="72016944" OBJECTGUID="51991832-ec2b-4e2b-ab20-fd7fce8a32fa" CHANGEID="689629485" ISACTIVE="1" LEVELID="11" CREATEDATE="2018-07-19" UPDATEDATE="2025-09-29" /><OBJECT OBJECTID="71988909" OBJECTGUID="91118cc7-9dae-4fad-ba99-5e99ad30c67a" CHANGEID="689629491" ISACTIVE="1" LEVELID="11" CREATEDATE="2018-07-19" UPDATEDATE="2025-09-29" /><OBJECT OBJECTID="71989057" OBJECTGUID="c0cd81e8-6700-4b84-a58b-b610cc0f0dd0" CHANGEID="689629490" ISACTIVE="1" LEVELID="11" CREATEDATE="2018-07-19" UPDATEDATE="2025-09-29" /><OBJECT OBJECTID="71997313" OBJECTGUID="4afdbd3f-7a77-4164-af9c-691a2692367b" CHANGEID="689629494" ISACTIVE="1" LEVELID="11" CREATEDATE="2018-07-19" UPDATEDATE="2025-09-29" /><OBJECT OBJECTID="71996656" OBJECTGUID="2600311f-9f74-440a-a7d5-344a9a003c3f" CHANGEID="689629495" ISACTIVE="1" LEVELID="11" CREATEDATE="2018-07-19" UPDATEDATE="2025-09-29" /><OBJECT OBJECTID="71947276" OBJECTGUID="48f78eeb-c7a9-4a33-8845-91fd3adbf251" CHANGEID="689630500" ISACTIVE="1" LEVELID="11" CREATEDATE="2018-04-25" UPDATEDATE="2025-09-29" /><OBJECT OBJECTID="71948724" OBJECTGUID="1a444fdb-5121-4d92-b5d5-87854eb8cd4c" CHANGEID="689630504" ISACTIVE="1" LEVELID="11" CREATEDATE="2018-04-25" UPDATEDATE="2025-09-29" /><OBJECT OBJECTID="71948736" OBJECTGUID="21583ff9-b452-4681-8d26-b1f06b749031" CHANGEID="689630512" ISACTIVE="1" LEVELID="11" CREATEDATE="2018-04-25" UPDATEDATE="2025-09-29" /><OBJECT OBJECTID="31776099" OBJECTGUID="1a36db69-9750-4538-bc49-07bba13a8e30" CHANGEID="689622875" ISACTIVE="0" LEVELID="11" CREATEDATE="2018-10-12" UPDATEDATE="2025-09-29" /><OBJECT OBJECTID="47913322" OBJECTGUID="65dc3e88-7c80-4650-a881-9b18550f3058" CHANGEID="689701114" ISACTIVE="0" LEVELID="11" CREATEDATE="2018-12-03" UPDATEDATE="2025-09-30" /><OBJECT OBJECTID="31776286" OBJECTGUID="4b15a4f2-923b-428e-8f12-baf8e477a0e1" CHANGEID="689622876" ISACTIVE="0" LEVELID="11" CREATEDATE="2018-10-12" UPDATEDATE="2025-09-29" /><OBJECT OBJECTID="72801508" OBJECTGUID="183a1976-2775-40da-89e2-3621f14081de" CHANGEID="689701106" ISACTIVE="0" LEVELID="11" CREATEDATE="2018-12-25" UPDATEDATE="2025-09-30" /><OBJECT OBJECTID="72801524" OBJECTGUID="80678c86-ff12-48ec-81fb-06cef3c526f3" CHANGEID="689701107" ISACTIVE="0" LEVELID="11" CREATEDATE="2018-12-25" UPDATEDATE="2025-09-30" /><OBJECT OBJECTID="47913332" OBJECTGUID="e606be35-4cb0-421b-9e28-920218a73ff7" CHANGEID="689701115" ISACTIVE="0" LEVELID="11" CREATEDATE="2018-12-03" UPDATEDATE="2025-09-30" /><OBJECT OBJECTID="36692533" OBJECTGUID="7dc81a75-f512-4bdc-9c8a-7c5ca289ffde" CHANGEID="689622884" ISACTIVE="0" LEVELID="10" CREATEDATE="2012-02-19" UPDATEDATE="2025-09-29" /><OBJECT OBJECTID="71968521" OBJECTGUID="c680babc-be90-411c-8233-d6f4f0de0085" CHANGEID="689701102" ISACTIVE="1" LEVELID="11" CREATEDATE="2018-07-10" UPDATEDATE="2025-09-30" /><OBJECT OBJECTID="174945125" OBJECTGUID="046a754c-28fc-45b8-810d-2f31dcae6742" CHANGEID="689701103" ISACTIVE="1" LEVELID="9" CREATEDATE="2025-09-30" UPDATEDATE="2025-09-30" /><OBJECT OBJECTID="42207088" OBJECTGUID="cedefb91-edc1-4a6d-9aba-2da909c32c3c" CHANGEID="689701113" ISACTIVE="0" LEVELID="11" CREATEDATE="2018-10-05" UPDATEDATE="2025-09-30" /><OBJECT OBJECTID="78796947" OBJECTGUID="7ad3b03b-b699-4244-a076-0daa791cd95f" CHANGEID="689701118" ISACTIVE="0" LEVELID="11" CREATEDATE="2018-08-14" UPDATEDATE="2025-09-30" /><OBJECT OBJECTID="71970825" OBJECTGUID="d3d1f75e-f108-4caf-ad46-5cdb1b2e8772" CHANGEID="689701203" ISACTIVE="1" LEVELID="11" CREATEDATE="2018-07-18" UPDATEDATE="2025-09-30" /><OBJECT OBJECTID="71973583" OBJECTGUID="7cbd22f9-2efd-43e4-897f-647185e85c30" CHANGEID="689701205" ISACTIVE="1" LEVELID="11" CREATEDATE="2018-07-18" UPDATEDATE="2025-09-30" /><OBJECT OBJECTID="71973241" OBJECTGUID="59c3a9f1-8744-4d3f-aae3-5a1b101d4e96" CHANGEID="689701206" ISACTIVE="1" LEVELID="11" CREATEDATE="2018-07-18" UPDATEDATE="2025-09-30" /><OBJECT OBJECTID="52771682" OBJECTGUID="34e7caeb-282c-4301-ad13-0f80273dec83" CHANGEID="689701371" ISACTIVE="0" LEVELID="11" CREATEDATE="2018-10-23" UPDATEDATE="2025-09-30" /><OBJECT OBJECTID="52771861" OBJECTGUID="ee345ceb-5e55-4344-a1c8-eaa9c0c38383" CHANGEID="689701372" ISACTIVE="0" LEVELID="11" CREATEDATE="2018-10-23" UPDATEDATE="2025-09-30" /><OBJECT OBJECTID="174945269" OBJECTGUID="a5b5d7af-f09b-4d16-82fe-a8523029f24d" CHANGEID="689701374" ISACTIVE="1" LEVELID="9" CREATEDATE="2025-09-30" UPDATEDATE="2025-09-30" /><OBJECT OBJECTID="174945268" OBJECTGUID="0d673eec-cbee-43ce-8d04-7627714ad214" CHANGEID="689701373" ISACTIVE="1" LEVELID="9" CREATEDATE="2025-09-30" UPDATEDATE="2025-09-30" /><OBJECT OBJECTID="174945270" OBJECTGUID="78094c66-9f4c-42dc-b528-480f88e49428" CHANGEID="689701375" ISACTIVE="1" LEVELID="9" CREATEDATE="2025-09-30" UPDATEDATE="2025-09-30" /><OBJECT OBJECTID="174945272" OBJECTGUID="307014c4-bb0d-4a9b-ae6a-a0a014c311c0" CHANGEID="689701377" ISACTIVE="1" LEVELID="10" CREATEDATE="2025-09-30" UPDATEDATE="2025-09-30" /><OBJECT OBJECTID="174945271" OBJECTGUID="91829847-956f-4927-9b60-0eb6af9c909c" CHANGEID="689701376" ISACTIVE="1" LEVELID="9" CREATEDATE="2025-09-30" UPDATEDATE="2025-09-30" /><OBJECT OBJECTID="40204120" OBJECTGUID="fff13aa9-809d-4469-84d3-e01cd86b066e" CHANGEID="689701814" ISACTIVE="1" LEVELID="11" CREATEDATE="2018-07-17" UPDATEDATE="2025-09-30" /><OBJECT OBJECTID="40203698" OBJECTGUID="28ec8045-eab8-4322-9f0b-a2751f0dab99" CHANGEID="689701816" ISACTIVE="1" LEVELID="11" CREATEDATE="2018-07-17" UPDATEDATE="2025-09-30" /><OBJECT OBJECTID="40193383" OBJECTGUID="07209e59-b7a5-4ff9-a6ed-73b8c313f247" CHANGEID="689701818" ISACTIVE="1" LEVELID="11" CREATEDATE="2018-07-18" UPDATEDATE="2025-09-30" /><OBJECT OBJECTID="40203928" OBJECTGUID="567275e3-f1c8-4721-8bb7-b5a9ac1bf83b" CHANGEID="689701815" ISACTIVE="1" LEVELID="11" CREATEDATE="2018-07-17" UPDATEDATE="2025-09-30" /><OBJECT OBJECTID="40193821" OBJECTGUID="58bbbd87-dd36-4c35-87fb-298df4ecd006" CHANGEID="689701819" ISACTIVE="1" LEVELID="11" CREATEDATE="2018-07-18" UPDATEDATE="2025-09-30" /><OBJECT OBJECTID="40194542" OBJECTGUID="e70947a2-d94a-4a4d-bd78-b2909658dad2" CHANGEID="689701820" ISACTIVE="1" LEVELID="11" CREATEDATE="2018-07-18" UPDATEDATE="2025-09-30" /><OBJECT OBJECTID="96871685" OBJECTGUID="80845a18-a10a-4e33-a7c6-ee3b729d135c" CHANGEID="689777387" ISACTIVE="0" LEVELID="11" CREATEDATE="2020-05-26" UPDATEDATE="2025-10-01" /><OBJECT OBJECTID="174970776" OBJECTGUID="5b843eb2-bc6f-42f8-97af-e1cabcac16c0" CHANGEID="689777388" ISACTIVE="1" LEVELID="10" CREATEDATE="2025-10-01" UPDATEDATE="2025-10-01" /><OBJECT OBJECTID="174970777" OBJECTGUID="f9bf375c-f6e2-418e-9bdf-b9ada4e3f0e8" CHANGEID="689777391" ISACTIVE="1" LEVELID="9" CREATEDATE="2025-10-01" UPDATEDATE="2025-10-01" /><OBJECT OBJECTID="174970778" OBJECTGUID="a2fcb41e-5945-4640-a4ea-c2eb6a941959" CHANGEID="689777393" ISACTIVE="1" LEVELID="9" CREATEDATE="2025-10-01" UPDATEDATE="2025-10-01" /><OBJECT OBJECTID="174970780" OBJECTGUID="b46e5bfa-1c05-40d3-8d2f-a49575ac466e" CHANGEID="689777395" ISACTIVE="1" LEVELID="9" CREATEDATE="2025-10-01" UPDATEDATE="2025-10-01" /><OBJECT OBJECTID="174970779" OBJECTGUID="d583b624-e1d7-4b88-bb21-c4cd0f804808" CHANGEID="689777394" ISACTIVE="1" LEVELID="10" CREATEDATE="2025-10-01" UPDATEDATE="2025-10-01" /><OBJECT OBJECTID="174970781" OBJECTGUID="72eba53e-24c7-4bb8-8d8f-47cb02356d7f" CHANGEID="689777396" ISACTIVE="1" LEVELID="9" CREATEDATE="2025-10-01" UPDATEDATE="2025-10-01" /><OBJECT OBJECTID="174970782" OBJECTGUID="1f624bc2-1649-48b0-ae44-374ca1187994" CHANGEID="689777397" ISACTIVE="1" LEVELID="10" CREATEDATE="2025-10-01" UPDATEDATE="2025-10-01" /><OBJECT OBJECTID="174970783" OBJECTGUID="40217656-6f05-4ee6-a0ac-cf6ecbde6ea5" CHANGEID="689777398" ISACTIVE="1" LEVELID="10" CREATEDATE="2025-10-01" UPDATEDATE="2025-10-01" /><OBJECT OBJECTID="174971078" OBJECTGUID="9cc24097-4ef6-4e02-9c91-b4be973e979f" CHANGEID="689778031" ISACTIVE="1" LEVELID="10" CREATEDATE="2025-10-01" UPDATEDATE="2025-10-01" /><OBJECT OBJECTID="174971079" OBJECTGUID="5bf87c62-8af7-4785-9040-4eaab4439d95" CHANGEID="689778032" ISACTIVE="1" LEVELID="10" CREATEDATE="2025-10-01" UPDATEDATE="2025-10-01" /><OBJECT OBJECTID="174971080" OBJECTGUID="adb8c0a9-c2b5-4827-b93b-de1baaa87aa4" CHANGEID="689778033" ISACTIVE="1" LEVELID="10" CREATEDATE="2025-10-01" UPDATEDATE="2025-10-01" /><OBJECT OBJECTID="174971081" OBJECTGUID="4debbb67-3f84-4a9b-9087-7a50bd71c99a" CHANGEID="689778034" ISACTIVE="1" LEVELID="10" CREATEDATE="2025-10-01" UPDATEDATE="2025-10-01" /><OBJECT OBJECTID="174972007" OBJECTGUID="61e367f6-24b5-4132-a686-244ae3b090d8" CHANGEID="689780113" ISACTIVE="1" LEVELID="9" CREATEDATE="2025-10-01" UPDATEDATE="2025-10-01" /><OBJECT OBJECTID="174972008" OBJECTGUID="5218c59e-d250-4d20-887b-0952cb05e74a" CHANGEID="689780115" ISACTIVE="1" LEVELID="10" CREATEDATE="2025-10-01" UPDATEDATE="2025-10-01" /><OBJECT OBJECTID="40194758" OBJECTGUID="f5b92c3b-9ea7-494b-9072-0cc5d2c36f8e" CHANGEID="689701817" ISACTIVE="1" LEVELID="11" CREATEDATE="2018-07-18" UPDATEDATE="2025-09-30" /><OBJECT OBJECTID="40221761" OBJECTGUID="dca8e5fd-80f6-45c0-b8eb-1af6ca816ccc" CHANGEID="689701802" ISACTIVE="1" LEVELID="11" CREATEDATE="2018-07-17" UPDATEDATE="2025-09-30" /><OBJECT OBJECTID="28613463" OBJECTGUID="bff2a592-f2fb-4326-9a93-22dd0251f5c8" CHANGEID="689701195" ISACTIVE="0" LEVELID="10" CREATEDATE="2012-02-20" UPDATEDATE="2025-09-30" /><OBJECT OBJECTID="19439161" OBJECTGUID="ff27267b-9611-4e1a-b9da-996fca158538" CHANGEID="689777389" ISACTIVE="0" LEVELID="11" CREATEDATE="2018-08-22" UPDATEDATE="2025-10-01" /><OBJECT OBJECTID="23298443" OBJECTGUID="515c1b8d-c10f-474a-a10b-6a7a65feba20" CHANGEID="689701793" ISACTIVE="1" LEVELID="11" CREATEDATE="2018-07-11" UPDATEDATE="2025-09-30" /><OBJECT OBJECTID="75269248" OBJECTGUID="00e72c7b-6d37-4b18-999d-14e82cd0c3d0" CHANGEID="689701190" ISACTIVE="0" LEVELID="11" CREATEDATE="2018-10-23" UPDATEDATE="2025-09-30" /><OBJECT OBJECTID="37021613" OBJECTGUID="cd15ecf2-219e-4614-9a82-1697ab370277" CHANGEID="689622866" ISACTIVE="0" LEVELID="11" CREATEDATE="2019-07-14" UPDATEDATE="2025-09-29" /><OBJECT OBJECTID="75255121" OBJECTGUID="2e67530c-eeda-4db8-b558-70e19b2eea6c" CHANGEID="689701120" ISACTIVE="0" LEVELID="11" CREATEDATE="2018-11-30" UPDATEDATE="2025-09-30" /><OBJECT OBJECTID="52755287" OBJECTGUID="e4a1e997-7bc3-4b11-a4a6-a5f2c102b22e" CHANGEID="689622878" ISACTIVE="0" LEVELID="11" CREATEDATE="2018-10-23" UPDATEDATE="2025-09-29" /><OBJECT OBJECTID="36693117" OBJECTGUID="cf6fe194-b0a9-4420-ab9e-8f53687405c1" CHANGEID="689622870" ISACTIVE="0" LEVELID="11" CREATEDATE="2018-08-31" UPDATEDATE="2025-09-29" /><OBJECT OBJECTID="37021458" OBJECTGUID="6f6cd5ab-4c82-49ed-84b0-5c3df62e2125" CHANGEID="689622865" ISACTIVE="0" LEVELID="11" CREATEDATE="2019-07-14" UPDATEDATE="2025-09-29" /><OBJECT OBJECTID="28614418" OBJECTGUID="43d109cc-01a7-44fe-9612-6a73352033bc" CHANGEID="689701110" ISACTIVE="0" LEVELID="11" CREATEDATE="2018-10-02" UPDATEDATE="2025-09-30" /><OBJECT OBJECTID="63746081" OBJECTGUID="f46b418c-b90b-4c0f-a49a-f1c4243e4d38" CHANGEID="689622868" ISACTIVE="0" LEVELID="11" CREATEDATE="2018-08-24" UPDATEDATE="2025-09-29" /><OBJECT OBJECTID="24067965" OBJECTGUID="894389bc-627f-4b0f-b515-208e2051a7fb" CHANGEID="689704852" ISACTIVE="0" LEVELID="10" CREATEDATE="2012-02-20" UPDATEDATE="2025-09-30" /><OBJECT OBJECTID="36697221" OBJECTGUID="cc96e384-b887-4cd4-8045-f58255985916" CHANGEID="689622863" ISACTIVE="0" LEVELID="11" CREATEDATE="2018-10-01" UPDATEDATE="2025-09-29" /><OBJECT OBJECTID="79265768" OBJECTGUID="4e60e3c7-8576-41e6-bc8c-8ab4595ec179" CHANGEID="689701105" ISACTIVE="0" LEVELID="11" CREATEDATE="2018-12-04" UPDATEDATE="2025-09-30" /><OBJECT OBJECTID="52778876" OBJECTGUID="fe6afa08-df23-4de7-9a0f-abf564df6fe6" CHANGEID="689701189" ISACTIVE="0" LEVELID="11" CREATEDATE="2018-10-23" UPDATEDATE="2025-09-30" /><OBJECT OBJECTID="36704697" OBJECTGUID="4b2912de-95cc-40f1-9d63-eedde39bcc1a" CHANGEID="689622873" ISACTIVE="0" LEVELID="11" CREATEDATE="2018-08-31" UPDATEDATE="2025-09-29" /><OBJECT OBJECTID="52778737" OBJECTGUID="e4ae03e0-9941-4c9c-8f84-63b6c039f062" CHANGEID="689701188" ISACTIVE="0" LEVELID="11" CREATEDATE="2018-10-23" UPDATEDATE="2025-09-30" /><OBJECT OBJECTID="36693172" OBJECTGUID="e537ecf8-3d50-4817-85cd-e976d4a0f18e" CHANGEID="689622871" ISACTIVE="0" LEVELID="11" CREATEDATE="2018-08-31" UPDATEDATE="2025-09-29" /><OBJECT OBJECTID="28613179" OBJECTGUID="b8c446aa-fd52-494b-b0a5-6b27ec66aa32" CHANGEID="689701109" ISACTIVE="0" LEVELID="11" CREATEDATE="2018-10-02" UPDATEDATE="2025-09-30" /><OBJECT OBJECTID="159062866" OBJECTGUID="341a061f-eb1e-46a1-9f69-355e7a8d2d27" CHANGEID="689628314" ISACTIVE="1" LEVELID="10" CREATEDATE="2023-06-05" UPDATEDATE="2025-09-29" /><OBJECT OBJECTID="5665821" OBJECTGUID="8bef70cd-6160-4a4f-bbf9-b88f2ca9701c" CHANGEID="689777385" ISACTIVE="1" LEVELID="10" CREATEDATE="2012-02-14" UPDATEDATE="2025-10-01" /><OBJECT OBJECTID="58929400" OBJECTGUID="f65b1bd6-9c2b-4380-bb80-512b5adec928" CHANGEID="689622862" ISACTIVE="1" LEVELID="10" CREATEDATE="2012-02-15" UPDATEDATE="2025-09-29" /><OBJECT OBJECTID="3667613" OBJECTGUID="258ba496-e762-4511-92db-585497efe2d7" CHANGEID="689777392" ISACTIVE="1" LEVELID="10" CREATEDATE="2012-02-11" UPDATEDATE="2025-10-01" /><OBJECT OBJECTID="13851601" OBJECTGUID="64f8da04-5109-431d-8864-e4363bfa74a6" CHANGEID="689622887" ISACTIVE="1" LEVELID="10" CREATEDATE="2012-02-10" UPDATEDATE="2025-09-29" /><OBJECT OBJECTID="52753974" OBJECTGUID="5062a575-bf35-4832-b695-219c7e72b0e7" CHANGEID="689623207" ISACTIVE="0" LEVELID="10" CREATEDATE="2012-02-20" UPDATEDATE="2025-09-29" /><OBJECT OBJECTID="72800808" OBJECTGUID="cf29901b-afce-4116-838c-7796df2e78b6" CHANGEID="689701193" ISACTIVE="0" LEVELID="10" CREATEDATE="2012-02-20" UPDATEDATE="2025-09-30" /><OBJECT OBJECTID="78795654" OBJECTGUID="938cb56c-b888-41d3-a805-11640a29f52c" CHANGEID="689701198" ISACTIVE="0" LEVELID="10" CREATEDATE="2012-02-21" UPDATEDATE="2025-09-30" /><OBJECT OBJECTID="43224849" OBJECTGUID="b7d135ad-56ef-4d44-b38a-1446b4b23c4e" CHANGEID="689777390" ISACTIVE="1" LEVELID="10" CREATEDATE="2012-02-07" UPDATEDATE="2025-10-01" /><OBJECT OBJECTID="20755023" OBJECTGUID="7c241d6c-b134-4b57-b00a-b0bbaae963ff" CHANGEID="689701795" ISACTIVE="1" LEVELID="11" CREATEDATE="2018-07-09" UPDATEDATE="2025-09-30" /><OBJECT OBJECTID="23299465" OBJECTGUID="a28e41da-a405-4e70-b57f-f6059d508d48" CHANGEID="689701794" ISACTIVE="1" LEVELID="11" CREATEDATE="2018-07-11" UPDATEDATE="2025-09-30" /><OBJECT OBJECTID="39437432" OBJECTGUID="58452a17-9cae-46c2-9043-f8de81604cf2" CHANGEID="689701848" ISACTIVE="1" LEVELID="11" CREATEDATE="2019-01-10" UPDATEDATE="2025-09-30" /><OBJECT OBJECTID="39437533" OBJECTGUID="f027f444-3ddf-4aea-97cd-e8cd20e0306c" CHANGEID="689701849" ISACTIVE="1" LEVELID="11" CREATEDATE="2019-01-10" UPDATEDATE="2025-09-30" /><OBJECT OBJECTID="39437302" OBJECTGUID="3f87564a-6010-4a1c-b4ab-b86d29abe79f" CHANGEID="689701852" ISACTIVE="1" LEVELID="11" CREATEDATE="2019-01-10" UPDATEDATE="2025-09-30" /><OBJECT OBJECTID="40185376" OBJECTGUID="93a9aa90-409a-475c-9c64-886a3487284b" CHANGEID="689701803" ISACTIVE="1" LEVELID="11" CREATEDATE="2018-07-17" UPDATEDATE="2025-09-30" /><OBJECT OBJECTID="40185393" OBJECTGUID="cce592a6-5e00-44fe-beff-0fe47df77590" CHANGEID="689701805" ISACTIVE="1" LEVELID="11" CREATEDATE="2018-07-17" UPDATEDATE="2025-09-30" /><OBJECT OBJECTID="40184693" OBJECTGUID="02516996-edac-4af7-9643-ade29a6ce9c9" CHANGEID="689701806" ISACTIVE="1" LEVELID="11" CREATEDATE="2018-07-17" UPDATEDATE="2025-09-30" /><OBJECT OBJECTID="40182723" OBJECTGUID="78cc8f42-ae98-40a0-bed2-77f04e98a684" CHANGEID="689701809" ISACTIVE="1" LEVELID="11" CREATEDATE="2018-07-17" UPDATEDATE="2025-09-30" /><OBJECT OBJECTID="40205078" OBJECTGUID="847e198c-15f0-461e-9a6d-e6706abe80c8" CHANGEID="689701796" ISACTIVE="1" LEVELID="11" CREATEDATE="2018-07-18" UPDATEDATE="2025-09-30" /><OBJECT OBJECTID="40205177" OBJECTGUID="a817a8c0-c719-4cbc-9c18-b21175a4b18f" CHANGEID="689701797" ISACTIVE="1" LEVELID="11" CREATEDATE="2018-07-18" UPDATEDATE="2025-09-30" /><OBJECT OBJECTID="40205021" OBJECTGUID="126b4bae-02a2-4101-9ea9-a49fa8674227" CHANGEID="689701798" ISACTIVE="1" LEVELID="11" CREATEDATE="2018-07-18" UPDATEDATE="2025-09-30" /><OBJECT OBJECTID="40203996" OBJECTGUID="d244b2fd-ed71-436e-8cfd-d1c1a87ae4b2" CHANGEID="689701812" ISACTIVE="1" LEVELID="11" CREATEDATE="2018-07-17" UPDATEDATE="2025-09-30" /><OBJECT OBJECTID="40217551" OBJECTGUID="7d0bffb1-415a-4a39-bf73-bb36f5cb673a" CHANGEID="689701799" ISACTIVE="1" LEVELID="11" CREATEDATE="2018-07-17" UPDATEDATE="2025-09-30" /><OBJECT OBJECTID="40216074" OBJECTGUID="28122705-7514-4097-a6bd-9382558330b1" CHANGEID="689701800" ISACTIVE="1" LEVELID="11" CREATEDATE="2018-07-17" UPDATEDATE="2025-09-30" /><OBJECT OBJECTID="40216788" OBJECTGUID="4af9f0c0-b473-447a-a2ab-30a1a560bcaf" CHANGEID="689701801" ISACTIVE="1" LEVELID="11" CREATEDATE="2018-07-17" UPDATEDATE="2025-09-30" /><OBJECT OBJECTID="40213124" OBJECTGUID="95809aa4-3b28-45c0-b538-119b0a25903c" CHANGEID="689701821" ISACTIVE="1" LEVELID="11" CREATEDATE="2018-07-18" UPDATEDATE="2025-09-30" /><OBJECT OBJECTID="40211609" OBJECTGUID="19ef791f-77e1-413e-9dbe-c22bf656eee8" CHANGEID="689701822" ISACTIVE="1" LEVELID="11" CREATEDATE="2018-07-18" UPDATEDATE="2025-09-30" /><OBJECT OBJECTID="40211142" OBJECTGUID="0bd58419-46a7-47ee-a813-4fcbcb312509" CHANGEID="689701823" ISACTIVE="1" LEVELID="11" CREATEDATE="2018-07-18" UPDATEDATE="2025-09-30" /><OBJECT OBJECTID="47591006" OBJECTGUID="279a7c87-859e-4196-be44-947a6780590f" CHANGEID="689629437" ISACTIVE="1" LEVELID="11" CREATEDATE="2019-01-10" UPDATEDATE="2025-09-29" /><OBJECT OBJECTID="59757508" OBJECTGUID="0f76286c-87ed-4fe4-b547-12906b51540f" CHANGEID="689629438" ISACTIVE="1" LEVELID="11" CREATEDATE="2019-01-10" UPDATEDATE="2025-09-29" /><OBJECT OBJECTID="59757696" OBJECTGUID="4a01d03f-1c14-416f-b2d0-ccf9babc9cfe" CHANGEID="689629439" ISACTIVE="1" LEVELID="11" CREATEDATE="2019-01-10" UPDATEDATE="2025-09-29" /><OBJECT OBJECTID="59753488" OBJECTGUID="e7f66627-2dda-4da0-b814-ad931ccffa1f" CHANGEID="689629443" ISACTIVE="1" LEVELID="11" CREATEDATE="2019-01-10" UPDATEDATE="2025-09-29" /><OBJECT OBJECTID="59757852" OBJECTGUID="f0dd4b6a-9880-4fdd-8106-46f92ac8491e" CHANGEID="689629440" ISACTIVE="1" LEVELID="11" CREATEDATE="2019-01-10" UPDATEDATE="2025-09-29" /><OBJECT OBJECTID="59757764" OBJECTGUID="702ba989-5527-4529-85a5-a0454c2074ff" CHANGEID="689629441" ISACTIVE="1" LEVELID="11" CREATEDATE="2019-01-10" UPDATEDATE="2025-09-29" /><OBJECT OBJECTID="59757776" OBJECTGUID="9d69a4b6-79f5-448a-b70d-028fb9965696" CHANGEID="689629442" ISACTIVE="1" LEVELID="11" CREATEDATE="2019-01-10" UPDATEDATE="2025-09-29" /><OBJECT OBJECTID="71950681" OBJECTGUID="0ac81c16-c76a-40ba-93ca-565e2bae52de" CHANGEID="689629493" ISACTIVE="1" LEVELID="11" CREATEDATE="2018-04-24" UPDATEDATE="2025-09-29" /><OBJECT OBJECTID="71947717" OBJECTGUID="ed2be232-c641-4491-8645-358995b5bfbe" CHANGEID="689630400" ISACTIVE="1" LEVELID="11" CREATEDATE="2018-04-25" UPDATEDATE="2025-09-29" /><OBJECT OBJECTID="71947524" OBJECTGUID="d9acdda7-b142-4360-816a-e7544eaf02aa" CHANGEID="689630481" ISACTIVE="1" LEVELID="11" CREATEDATE="2018-04-25" UPDATEDATE="2025-09-29" /><OBJECT OBJECTID="71970242" OBJECTGUID="558cfdbb-e0b6-48ed-b706-a46caea3659c" CHANGEID="689629444" ISACTIVE="1" LEVELID="11" CREATEDATE="2018-07-10" UPDATEDATE="2025-09-29" /><OBJECT OBJECTID="71970262" OBJECTGUID="9b32d49f-5430-4cff-9501-6434d1b162a8" CHANGEID="689629445" ISACTIVE="1" LEVELID="11" CREATEDATE="2018-07-10" UPDATEDATE="2025-09-29" /><OBJECT OBJECTID="71976928" OBJECTGUID="a9893c50-34a7-4cd1-ab2c-a6ba0e6553b5" CHANGEID="689701097" ISACTIVE="1" LEVELID="11" CREATEDATE="2018-07-18" UPDATEDATE="2025-09-30" /><OBJECT OBJECTID="71976614" OBJECTGUID="591a7e22-54d2-40c2-abbb-d621b0a09d32" CHANGEID="689701098" ISACTIVE="1" LEVELID="11" CREATEDATE="2018-07-18" UPDATEDATE="2025-09-30" /><OBJECT OBJECTID="71976335" OBJECTGUID="561c6906-701d-4064-88d3-451a8c87e0bb" CHANGEID="689701099" ISACTIVE="1" LEVELID="11" CREATEDATE="2018-07-18" UPDATEDATE="2025-09-30" /><OBJECT OBJECTID="71975872" OBJECTGUID="1c396f4c-e3c9-4015-b576-7bb1ae1592f8" CHANGEID="689701100" ISACTIVE="1" LEVELID="11" CREATEDATE="2018-07-18" UPDATEDATE="2025-09-30" /><OBJECT OBJECTID="71976306" OBJECTGUID="1dcb8e83-575a-4978-b682-05a28f8b7a55" CHANGEID="689701101" ISACTIVE="1" LEVELID="11" CREATEDATE="2018-07-18" UPDATEDATE="2025-09-30" /><OBJECT OBJECTID="71992822" OBJECTGUID="cdd7c34c-d160-44ee-8a97-2ee4b8788b11" CHANGEID="689629486" ISACTIVE="1" LEVELID="11" CREATEDATE="2018-07-19" UPDATEDATE="2025-09-29" /><OBJECT OBJECTID="71992770" OBJECTGUID="77b8f4b0-de4e-4874-8fcc-a1f4a8b752c1" CHANGEID="689629487" ISACTIVE="1" LEVELID="11" CREATEDATE="2018-07-19" UPDATEDATE="2025-09-29" /><OBJECT OBJECTID="71992572" OBJECTGUID="2c48ce85-77ac-4927-a5a7-da4dfb3d1a5f" CHANGEID="689629488" ISACTIVE="1" LEVELID="11" CREATEDATE="2018-07-19" UPDATEDATE="2025-09-29" /><OBJECT OBJECTID="71992786" OBJECTGUID="96827bdc-3eaf-4b35-8f9c-c2b745c0852f" CHANGEID="689629489" ISACTIVE="1" LEVELID="11" CREATEDATE="2018-07-19" UPDATEDATE="2025-09-29" /><OBJECT OBJECTID="72027345" OBJECTGUID="2858d4f6-7eaf-4338-9e80-d59ee76fb891" CHANGEID="689629451" ISACTIVE="1" LEVELID="11" CREATEDATE="2018-07-10" UPDATEDATE="2025-09-29" /><OBJECT OBJECTID="72027914" OBJECTGUID="4d06c1f1-7d54-4ad9-a4eb-9190d6dceee8" CHANGEID="689629452" ISACTIVE="1" LEVELID="11" CREATEDATE="2018-07-10" UPDATEDATE="2025-09-29" /><OBJECT OBJECTID="72027963" OBJECTGUID="6aa5be24-715d-40f8-b389-8fab321ef540" CHANGEID="689629453" ISACTIVE="1" LEVELID="11" CREATEDATE="2018-07-10" UPDATEDATE="2025-09-29" /><OBJECT OBJECTID="72034423" OBJECTGUID="09659e75-657d-4125-87b7-a6cefbfde75e" CHANGEID="689701207" ISACTIVE="1" LEVELID="11" CREATEDATE="2018-07-18" UPDATEDATE="2025-09-30" /><OBJECT OBJECTID="72034439" OBJECTGUID="1112c861-6a30-4069-bcfe-101f0a35063d" CHANGEID="689701208" ISACTIVE="1" LEVELID="11" CREATEDATE="2018-07-18" UPDATEDATE="2025-09-30" /><OBJECT OBJECTID="72034446" OBJECTGUID="172b23b3-e2d7-4c70-821c-d7e9e128b562" CHANGEID="689701209" ISACTIVE="1" LEVELID="11" CREATEDATE="2018-07-18" UPDATEDATE="2025-09-30" /><OBJECT OBJECTID="72034452" OBJECTGUID="2bd98e95-0e61-4107-9539-88a3f557c889" CHANGEID="689701210" ISACTIVE="1" LEVELID="11" CREATEDATE="2018-07-18" UPDATEDATE="2025-09-30" /><OBJECT OBJECTID="72039872" OBJECTGUID="6f8ac49c-c65d-4c66-945c-71e7da5ebc8e" CHANGEID="689629457" ISACTIVE="1" LEVELID="11" CREATEDATE="2018-07-10" UPDATEDATE="2025-09-29" /><OBJECT OBJECTID="72045756" OBJECTGUID="83103ab5-c1f2-4474-b36c-9ea93deb34df" CHANGEID="689629458" ISACTIVE="1" LEVELID="11" CREATEDATE="2018-07-10" UPDATEDATE="2025-09-29" /><OBJECT OBJECTID="72037324" OBJECTGUID="7785b8b2-9b14-4f2a-883d-3f90711e4267" CHANGEID="689629475" ISACTIVE="1" LEVELID="11" CREATEDATE="2018-04-24" UPDATEDATE="2025-09-29" /><OBJECT OBJECTID="72059826" OBJECTGUID="80ac4a51-25ca-4857-a824-c54dbdb3a0ad" CHANGEID="689629446" ISACTIVE="1" LEVELID="11" CREATEDATE="2018-07-10" UPDATEDATE="2025-09-29" /><OBJECT OBJECTID="72059837" OBJECTGUID="964eccea-db62-43de-abdc-366222e83788" CHANGEID="689629447" ISACTIVE="1" LEVELID="11" CREATEDATE="2018-07-10" UPDATEDATE="2025-09-29" /><OBJECT OBJECTID="72081854" OBJECTGUID="2f477c53-3b4d-4848-a216-2e3d5206e4bb" CHANGEID="689629449" ISACTIVE="1" LEVELID="11" CREATEDATE="2018-07-10" UPDATEDATE="2025-09-29" /><OBJECT OBJECTID="72073773" OBJECTGUID="75200dc1-4ec4-4432-86fc-7bdd4b5215ef" CHANGEID="689629467" ISACTIVE="1" LEVELID="11" CREATEDATE="2018-07-19" UPDATEDATE="2025-09-29" /><OBJECT OBJECTID="72074478" OBJECTGUID="f21b8691-7d7b-4825-bd35-dc80438e0972" CHANGEID="689629468" ISACTIVE="1" LEVELID="11" CREATEDATE="2018-07-19" UPDATEDATE="2025-09-29" /><OBJECT OBJECTID="72069919" OBJECTGUID="2906204f-867b-4323-831e-ab2468c49709" CHANGEID="689629470" ISACTIVE="1" LEVELID="11" CREATEDATE="2018-07-19" UPDATEDATE="2025-09-29" /><OBJECT OBJECTID="72070211" OBJECTGUID="4d92b4e1-bba1-4634-800a-4cefe67ea146" CHANGEID="689629472" ISACTIVE="1" LEVELID="11" CREATEDATE="2018-07-19" UPDATEDATE="2025-09-29" /><OBJECT OBJECTID="81305751" OBJECTGUID="011df776-a95f-4b72-aea1-b734633bcdbc" CHANGEID="689701791" ISACTIVE="1" LEVELID="11" CREATEDATE="2019-01-10" UPDATEDATE="2025-09-30" /><OBJECT OBJECTID="81305835" OBJECTGUID="1814f929-82dc-4308-921c-8f129005ed44" CHANGEID="689701792" ISACTIVE="1" LEVELID="11" CREATEDATE="2019-01-10" UPDATEDATE="2025-09-30" /><OBJECT OBJECTID="159062867" OBJECTGUID="5c3551d4-9c7e-462c-baf6-5fb4a500901e" CHANGEID="689628315" ISACTIVE="1" LEVELID="9" CREATEDATE="2023-06-05" UPDATEDATE="2025-09-29" /></REESTR_OBJECTS>