﻿<?xml version="1.0" encoding="utf-8"?><STEADS><STEAD ID="74162453" OBJECTID="174908898" OBJECTGUID="7872d3d2-f547-470b-925c-cbc0a7e2a715" CHANGEID="689622879" NUMBER="9е" OPERTYPEID="10" PREVID="0" NEXTID="0" UPDATEDATE="2025-09-29" STARTDATE="2025-09-29" ENDDATE="2079-06-06" ISACTUAL="1" ISACTIVE="1" /><STEAD ID="74162454" OBJECTID="174908901" OBJECTGUID="8c91a2a9-7722-4159-a19e-49d8e2cc7a81" CHANGEID="689622888" NUMBER="5" OPERTYPEID="10" PREVID="0" NEXTID="0" UPDATEDATE="2025-09-29" STARTDATE="2025-09-29" ENDDATE="2079-06-06" ISACTUAL="1" ISACTIVE="1" /><STEAD ID="74162488" OBJECTID="174909142" OBJECTGUID="cd68dab4-64b0-477f-928b-9fc92806a359" CHANGEID="689623205" NUMBER="57" OPERTYPEID="10" PREVID="0" NEXTID="0" UPDATEDATE="2025-09-29" STARTDATE="2025-09-29" ENDDATE="2079-06-06" ISACTUAL="1" ISACTIVE="1" /><STEAD ID="74164074" OBJECTID="174911457" OBJECTGUID="ffb6cf68-6237-4058-8b2d-9dd123882494" CHANGEID="689628434" NUMBER="10" OPERTYPEID="10" PREVID="0" NEXTID="0" UPDATEDATE="2025-09-29" STARTDATE="2025-09-29" ENDDATE="2079-06-06" ISACTUAL="1" ISACTIVE="1" /><STEAD ID="74180362" OBJECTID="174945125" OBJECTGUID="046a754c-28fc-45b8-810d-2f31dcae6742" CHANGEID="689701103" NUMBER="28" OPERTYPEID="10" PREVID="0" NEXTID="0" UPDATEDATE="2025-09-30" STARTDATE="2025-09-30" ENDDATE="2079-06-06" ISACTUAL="1" ISACTIVE="1" /><STEAD ID="74180502" OBJECTID="174945268" OBJECTGUID="0d673eec-cbee-43ce-8d04-7627714ad214" CHANGEID="689701373" NUMBER="138а" OPERTYPEID="10" PREVID="0" NEXTID="0" UPDATEDATE="2025-09-30" STARTDATE="2025-09-30" ENDDATE="2079-06-06" ISACTUAL="1" ISACTIVE="1" /><STEAD ID="74180504" OBJECTID="174945270" OBJECTGUID="78094c66-9f4c-42dc-b528-480f88e49428" CHANGEID="689701375" NUMBER="2" OPERTYPEID="10" PREVID="0" NEXTID="0" UPDATEDATE="2025-09-30" STARTDATE="2025-09-30" ENDDATE="2079-06-06" ISACTUAL="1" ISACTIVE="1" /><STEAD ID="74180503" OBJECTID="174945269" OBJECTGUID="a5b5d7af-f09b-4d16-82fe-a8523029f24d" CHANGEID="689701374" NUMBER="138" OPERTYPEID="10" PREVID="0" NEXTID="0" UPDATEDATE="2025-09-30" STARTDATE="2025-09-30" ENDDATE="2079-06-06" ISACTUAL="1" ISACTIVE="1" /><STEAD ID="74180505" OBJECTID="174945271" OBJECTGUID="91829847-956f-4927-9b60-0eb6af9c909c" CHANGEID="689701376" NUMBER="2" OPERTYPEID="10" PREVID="0" NEXTID="0" UPDATEDATE="2025-09-30" STARTDATE="2025-09-30" ENDDATE="2079-06-06" ISACTUAL="1" ISACTIVE="1" /><STEAD ID="74196573" OBJECTID="174970777" OBJECTGUID="f9bf375c-f6e2-418e-9bdf-b9ada4e3f0e8" CHANGEID="689777391" NUMBER="17" OPERTYPEID="10" PREVID="0" NEXTID="0" UPDATEDATE="2025-10-01" STARTDATE="2025-10-01" ENDDATE="2079-06-06" ISACTUAL="1" ISACTIVE="1" /><STEAD ID="74196574" OBJECTID="174970778" OBJECTGUID="a2fcb41e-5945-4640-a4ea-c2eb6a941959" CHANGEID="689777393" NUMBER="20" OPERTYPEID="10" PREVID="0" NEXTID="0" UPDATEDATE="2025-10-01" STARTDATE="2025-10-01" ENDDATE="2079-06-06" ISACTUAL="1" ISACTIVE="1" /><STEAD ID="74196575" OBJECTID="174970780" OBJECTGUID="b46e5bfa-1c05-40d3-8d2f-a49575ac466e" CHANGEID="689777395" NUMBER="111" OPERTYPEID="10" PREVID="0" NEXTID="0" UPDATEDATE="2025-10-01" STARTDATE="2025-10-01" ENDDATE="2079-06-06" ISACTUAL="1" ISACTIVE="1" /><STEAD ID="74196576" OBJECTID="174970781" OBJECTGUID="72eba53e-24c7-4bb8-8d8f-47cb02356d7f" CHANGEID="689777396" NUMBER="104" OPERTYPEID="10" PREVID="0" NEXTID="0" UPDATEDATE="2025-10-01" STARTDATE="2025-10-01" ENDDATE="2079-06-06" ISACTUAL="1" ISACTIVE="1" /><STEAD ID="74197219" OBJECTID="174972007" OBJECTGUID="61e367f6-24b5-4132-a686-244ae3b090d8" CHANGEID="689780113" NUMBER="26" OPERTYPEID="10" PREVID="0" NEXTID="0" UPDATEDATE="2025-10-01" STARTDATE="2025-10-01" ENDDATE="2079-06-06" ISACTUAL="1" ISACTIVE="1" /></STEADS>