﻿<?xml version="1.0" encoding="utf-8"?><HOUSES><HOUSE ID="129166395" OBJECTID="174917330" OBJECTGUID="473fd100-fe75-4cb5-9a6a-70d1217db4d7" CHANGEID="689640679" HOUSENUM="21" ADDNUM1="2" HOUSETYPE="2" ADDTYPE1="1" OPERTYPEID="10" PREVID="0" NEXTID="0" UPDATEDATE="2025-09-29" STARTDATE="2025-09-29" ENDDATE="2079-06-06" ISACTUAL="1" ISACTIVE="1" /><HOUSE ID="129168038" OBJECTID="174922249" OBJECTGUID="7dc8d7eb-ab5b-499d-baa0-68578b55deb1" CHANGEID="689649795" HOUSENUM="282" HOUSETYPE="2" OPERTYPEID="10" PREVID="0" NEXTID="0" UPDATEDATE="2025-09-29" STARTDATE="2025-09-29" ENDDATE="2079-06-06" ISACTUAL="1" ISACTIVE="1" /><HOUSE ID="129168054" OBJECTID="174922295" OBJECTGUID="659ed9b4-4792-469d-ab8f-c7f3e0b322a3" CHANGEID="689649872" HOUSENUM="300" HOUSETYPE="2" OPERTYPEID="10" PREVID="0" NEXTID="0" UPDATEDATE="2025-09-29" STARTDATE="2025-09-29" ENDDATE="2079-06-06" ISACTUAL="1" ISACTIVE="1" /><HOUSE ID="129168853" OBJECTID="174924381" OBJECTGUID="dfb7825a-6795-4528-8b26-45a413dba5dc" CHANGEID="689652896" HOUSENUM="21" HOUSETYPE="2" OPERTYPEID="10" PREVID="0" NEXTID="0" UPDATEDATE="2025-09-29" STARTDATE="2025-09-29" ENDDATE="2079-06-06" ISACTUAL="1" ISACTIVE="1" /><HOUSE ID="129168901" OBJECTID="174924556" OBJECTGUID="5c83bed7-1883-4f4f-b8d9-6ae887e1a103" CHANGEID="689653184" HOUSENUM="21" ADDNUM1="1" HOUSETYPE="2" ADDTYPE1="1" OPERTYPEID="10" PREVID="0" NEXTID="0" UPDATEDATE="2025-09-29" STARTDATE="2025-09-29" ENDDATE="2079-06-06" ISACTUAL="1" ISACTIVE="1" /><HOUSE ID="129168908" OBJECTID="174924704" OBJECTGUID="94e07e05-62c9-43e6-a40b-7eb81eb65937" CHANGEID="689653346" HOUSENUM="56" HOUSETYPE="2" OPERTYPEID="10" PREVID="0" NEXTID="0" UPDATEDATE="2025-09-29" STARTDATE="2025-09-29" ENDDATE="2079-06-06" ISACTUAL="1" ISACTIVE="1" /><HOUSE ID="129170639" OBJECTID="174930111" OBJECTGUID="91dfc683-7e0a-4566-8ebf-803a4fb24cc9" CHANGEID="689668811" HOUSENUM="20/1" HOUSETYPE="2" OPERTYPEID="10" PREVID="0" NEXTID="0" UPDATEDATE="2025-09-29" STARTDATE="2025-09-29" ENDDATE="2079-06-06" ISACTUAL="1" ISACTIVE="1" /><HOUSE ID="129170738" OBJECTID="174930605" OBJECTGUID="2d08c415-4ab5-4d26-8e3e-5240902a9dc6" CHANGEID="689669926" HOUSENUM="24" HOUSETYPE="5" OPERTYPEID="10" PREVID="0" NEXTID="0" UPDATEDATE="2025-09-29" STARTDATE="2025-09-29" ENDDATE="2079-06-06" ISACTUAL="1" ISACTIVE="1" /><HOUSE ID="129172319" OBJECTID="174935330" OBJECTGUID="3b535500-cb85-4051-9b49-712611d324cf" CHANGEID="689679408" HOUSENUM="76" HOUSETYPE="2" OPERTYPEID="10" PREVID="0" NEXTID="0" UPDATEDATE="2025-09-29" STARTDATE="2025-09-29" ENDDATE="2079-06-06" ISACTUAL="1" ISACTIVE="1" /><HOUSE ID="129175174" OBJECTID="174944736" OBJECTGUID="499c4efc-d283-4a1f-9480-9929d5b2d8fd" CHANGEID="689699636" HOUSENUM="6" HOUSETYPE="4" OPERTYPEID="10" PREVID="0" NEXTID="0" UPDATEDATE="2025-09-29" STARTDATE="2025-09-29" ENDDATE="2079-06-06" ISACTUAL="1" ISACTIVE="1" /><HOUSE ID="129175205" OBJECTID="174944880" OBJECTGUID="d9f34ba6-a2ff-4c3c-b4ed-9a5dd5a0f808" CHANGEID="689699929" HOUSENUM="10" HOUSETYPE="2" OPERTYPEID="10" PREVID="0" NEXTID="0" UPDATEDATE="2025-09-29" STARTDATE="2025-09-29" ENDDATE="2079-06-06" ISACTUAL="1" ISACTIVE="1" /><HOUSE ID="129183054" OBJECTID="20879237" OBJECTGUID="e9cad49f-38f7-4b13-a4b0-f208c7dffb21" CHANGEID="689753051" HOUSENUM="12" HOUSETYPE="2" OPERTYPEID="30" PREVID="12222894" NEXTID="0" UPDATEDATE="2025-09-30" STARTDATE="2025-09-30" ENDDATE="2079-06-06" ISACTUAL="1" ISACTIVE="0" /><HOUSE ID="12222894" OBJECTID="20879237" OBJECTGUID="e9cad49f-38f7-4b13-a4b0-f208c7dffb21" CHANGEID="32649684" HOUSENUM="12" HOUSETYPE="2" OPERTYPEID="10" PREVID="0" NEXTID="129183054" UPDATEDATE="2025-09-30" STARTDATE="2014-01-04" ENDDATE="2025-09-30" ISACTUAL="0" ISACTIVE="0" /><HOUSE ID="129183117" OBJECTID="174968212" OBJECTGUID="72562db2-a022-49fc-a903-520ce6310f9f" CHANGEID="689753538" HOUSENUM="26" HOUSETYPE="10" OPERTYPEID="10" PREVID="0" NEXTID="0" UPDATEDATE="2025-09-30" STARTDATE="2025-09-30" ENDDATE="2079-06-06" ISACTUAL="1" ISACTIVE="1" /><HOUSE ID="129183698" OBJECTID="174969794" OBJECTGUID="629e451a-6382-4362-82df-a6ad76038014" CHANGEID="689757249" HOUSENUM="56" HOUSETYPE="5" OPERTYPEID="10" PREVID="0" NEXTID="0" UPDATEDATE="2025-09-30" STARTDATE="2025-09-30" ENDDATE="2079-06-06" ISACTUAL="1" ISACTIVE="1" /><HOUSE ID="129183788" OBJECTID="174970386" OBJECTGUID="28659ddc-3b0f-4256-b494-abca238f9328" CHANGEID="689758574" HOUSENUM="1" HOUSETYPE="5" OPERTYPEID="10" PREVID="0" NEXTID="0" UPDATEDATE="2025-09-30" STARTDATE="2025-09-30" ENDDATE="2079-06-06" ISACTUAL="1" ISACTIVE="1" /></HOUSES>