﻿<?xml version="1.0" encoding="utf-8"?><REESTR_OBJECTS><OBJECT OBJECTID="79888579" OBJECTGUID="bf96d963-258d-4802-87f7-09093de405a4" CHANGEID="689735086" ISACTIVE="1" LEVELID="10" CREATEDATE="2017-12-17" UPDATEDATE="2025-09-30" /><OBJECT OBJECTID="173985453" OBJECTGUID="55d88d63-4296-4210-9b6e-e1cfa0114869" CHANGEID="689731987" ISACTIVE="1" LEVELID="10" CREATEDATE="2025-08-13" UPDATEDATE="2025-09-30" /><OBJECT OBJECTID="173985454" OBJECTGUID="7f50f01a-326f-4a41-888f-35822cbbb27b" CHANGEID="689674777" ISACTIVE="1" LEVELID="10" CREATEDATE="2025-08-13" UPDATEDATE="2025-09-29" /><OBJECT OBJECTID="20879237" OBJECTGUID="e9cad49f-38f7-4b13-a4b0-f208c7dffb21" CHANGEID="689753051" ISACTIVE="0" LEVELID="10" CREATEDATE="2019-12-14" UPDATEDATE="2025-09-30" /><OBJECT OBJECTID="7178258" OBJECTGUID="0bfd5bef-51a9-487f-84ce-2bd5aaa83f82" CHANGEID="689732597" ISACTIVE="1" LEVELID="10" CREATEDATE="2012-02-04" UPDATEDATE="2025-09-30" /><OBJECT OBJECTID="77066156" OBJECTGUID="846572a4-c26d-486f-8e35-4ac130b644e8" CHANGEID="689758550" ISACTIVE="0" LEVELID="11" CREATEDATE="2017-07-13" UPDATEDATE="2025-09-30" /><OBJECT OBJECTID="61211265" OBJECTGUID="46af3a93-e873-459a-81a5-1a73806a3ddf" CHANGEID="689735270" ISACTIVE="1" LEVELID="10" CREATEDATE="2011-10-04" UPDATEDATE="2025-09-30" /><OBJECT OBJECTID="173665860" OBJECTGUID="515839e4-f68e-4d70-a103-161786f6ed07" CHANGEID="689825464" ISACTIVE="1" LEVELID="10" CREATEDATE="2025-07-28" UPDATEDATE="2025-10-01" /><OBJECT OBJECTID="158692180" OBJECTGUID="3e738749-03f5-4254-8aa8-fbc1b5fea33d" CHANGEID="689777205" ISACTIVE="0" LEVELID="12" CREATEDATE="2023-04-24" UPDATEDATE="2025-09-30" /><OBJECT OBJECTID="174917330" OBJECTGUID="473fd100-fe75-4cb5-9a6a-70d1217db4d7" CHANGEID="689640679" ISACTIVE="1" LEVELID="10" CREATEDATE="2025-09-29" UPDATEDATE="2025-09-29" /><OBJECT OBJECTID="174922249" OBJECTGUID="7dc8d7eb-ab5b-499d-baa0-68578b55deb1" CHANGEID="689649795" ISACTIVE="1" LEVELID="10" CREATEDATE="2025-09-29" UPDATEDATE="2025-09-29" /><OBJECT OBJECTID="174922295" OBJECTGUID="659ed9b4-4792-469d-ab8f-c7f3e0b322a3" CHANGEID="689649872" ISACTIVE="1" LEVELID="10" CREATEDATE="2025-09-29" UPDATEDATE="2025-09-29" /><OBJECT OBJECTID="174922316" OBJECTGUID="3bfaf362-2cf8-4632-9931-c28378aa5cfa" CHANGEID="689649961" ISACTIVE="1" LEVELID="9" CREATEDATE="2025-09-29" UPDATEDATE="2025-09-29" /><OBJECT OBJECTID="174924210" OBJECTGUID="d9b51c54-3d9c-44ca-a171-6ff6f402e7cd" CHANGEID="689652710" ISACTIVE="1" LEVELID="11" CREATEDATE="2025-09-29" UPDATEDATE="2025-09-29" /><OBJECT OBJECTID="174924211" OBJECTGUID="69c5a07d-3762-4777-85ca-8664c04f0848" CHANGEID="689652711" ISACTIVE="1" LEVELID="11" CREATEDATE="2025-09-29" UPDATEDATE="2025-09-29" /><OBJECT OBJECTID="174924212" OBJECTGUID="c1cb07b8-7586-460d-be65-1a4ed89daf70" CHANGEID="689652712" ISACTIVE="1" LEVELID="11" CREATEDATE="2025-09-29" UPDATEDATE="2025-09-29" /><OBJECT OBJECTID="174924213" OBJECTGUID="42202b8d-0bd0-47c1-a73d-b7ff8ac7243b" CHANGEID="689652713" ISACTIVE="1" LEVELID="11" CREATEDATE="2025-09-29" UPDATEDATE="2025-09-29" /><OBJECT OBJECTID="174924214" OBJECTGUID="b3a849f6-4fa1-4899-9b1b-fec13154a982" CHANGEID="689652714" ISACTIVE="1" LEVELID="11" CREATEDATE="2025-09-29" UPDATEDATE="2025-09-29" /><OBJECT OBJECTID="174924215" OBJECTGUID="6dbe34cf-497d-41fb-a7fb-6d7e53421b43" CHANGEID="689652715" ISACTIVE="1" LEVELID="11" CREATEDATE="2025-09-29" UPDATEDATE="2025-09-29" /><OBJECT OBJECTID="174924216" OBJECTGUID="e0fb94f5-305d-40dd-92bc-3c2cd5fb395e" CHANGEID="689652716" ISACTIVE="1" LEVELID="11" CREATEDATE="2025-09-29" UPDATEDATE="2025-09-29" /><OBJECT OBJECTID="174924217" OBJECTGUID="e07354f3-ad97-4c52-8578-f90b811d05cc" CHANGEID="689652717" ISACTIVE="1" LEVELID="11" CREATEDATE="2025-09-29" UPDATEDATE="2025-09-29" /><OBJECT OBJECTID="174924218" OBJECTGUID="c6b76ec2-ce6d-4549-a0c7-15d6b52fc45e" CHANGEID="689652718" ISACTIVE="1" LEVELID="11" CREATEDATE="2025-09-29" UPDATEDATE="2025-09-29" /><OBJECT OBJECTID="174924219" OBJECTGUID="992ffddb-a519-4cbc-8113-46b7f4c9b795" CHANGEID="689652719" ISACTIVE="1" LEVELID="11" CREATEDATE="2025-09-29" UPDATEDATE="2025-09-29" /><OBJECT OBJECTID="174924220" OBJECTGUID="d892e742-3a58-4d76-a755-25b0023adc7c" CHANGEID="689652720" ISACTIVE="1" LEVELID="11" CREATEDATE="2025-09-29" UPDATEDATE="2025-09-29" /><OBJECT OBJECTID="174924221" OBJECTGUID="35ca194c-de35-4cfe-9234-2135e991c923" CHANGEID="689652721" ISACTIVE="1" LEVELID="11" CREATEDATE="2025-09-29" UPDATEDATE="2025-09-29" /><OBJECT OBJECTID="174924222" OBJECTGUID="9d3a546a-2b80-4c6b-874a-3dd3b05bdf9f" CHANGEID="689652722" ISACTIVE="1" LEVELID="11" CREATEDATE="2025-09-29" UPDATEDATE="2025-09-29" /><OBJECT OBJECTID="174924223" OBJECTGUID="c4658d4c-35e8-4c39-9445-ee241b830924" CHANGEID="689652723" ISACTIVE="1" LEVELID="11" CREATEDATE="2025-09-29" UPDATEDATE="2025-09-29" /><OBJECT OBJECTID="174924224" OBJECTGUID="5140f8b2-f2d3-4f66-b56d-93f17fb16b9c" CHANGEID="689652724" ISACTIVE="1" LEVELID="11" CREATEDATE="2025-09-29" UPDATEDATE="2025-09-29" /><OBJECT OBJECTID="174924225" OBJECTGUID="8bcb0951-39bc-47a6-a96f-2cea9dcb63a1" CHANGEID="689652725" ISACTIVE="1" LEVELID="11" CREATEDATE="2025-09-29" UPDATEDATE="2025-09-29" /><OBJECT OBJECTID="174924226" OBJECTGUID="ce390e6c-7ca4-4d48-863a-bae2b1649797" CHANGEID="689652726" ISACTIVE="1" LEVELID="11" CREATEDATE="2025-09-29" UPDATEDATE="2025-09-29" /><OBJECT OBJECTID="174924227" OBJECTGUID="90c1207a-78d7-4080-be62-e00f11e23d91" CHANGEID="689652727" ISACTIVE="1" LEVELID="11" CREATEDATE="2025-09-29" UPDATEDATE="2025-09-29" /><OBJECT OBJECTID="174924228" OBJECTGUID="411582d5-cb2c-49e1-b828-b289cd939652" CHANGEID="689652728" ISACTIVE="1" LEVELID="11" CREATEDATE="2025-09-29" UPDATEDATE="2025-09-29" /><OBJECT OBJECTID="174924229" OBJECTGUID="e12dc453-6d37-40cd-a90f-0699da82254e" CHANGEID="689652729" ISACTIVE="1" LEVELID="11" CREATEDATE="2025-09-29" UPDATEDATE="2025-09-29" /><OBJECT OBJECTID="174924230" OBJECTGUID="76697318-0f71-4fb9-a7e6-4e90437a3a57" CHANGEID="689652730" ISACTIVE="1" LEVELID="11" CREATEDATE="2025-09-29" UPDATEDATE="2025-09-29" /><OBJECT OBJECTID="174924231" OBJECTGUID="533b833f-dcf6-4c3b-b8f3-9c235f25f868" CHANGEID="689652731" ISACTIVE="1" LEVELID="11" CREATEDATE="2025-09-29" UPDATEDATE="2025-09-29" /><OBJECT OBJECTID="174924232" OBJECTGUID="f86ddd7f-34b1-4900-a961-6437cd342de7" CHANGEID="689652732" ISACTIVE="1" LEVELID="11" CREATEDATE="2025-09-29" UPDATEDATE="2025-09-29" /><OBJECT OBJECTID="174924233" OBJECTGUID="1aca1ea0-12e9-4219-b921-c6fda1bebff7" CHANGEID="689652733" ISACTIVE="1" LEVELID="11" CREATEDATE="2025-09-29" UPDATEDATE="2025-09-29" /><OBJECT OBJECTID="174924234" OBJECTGUID="bf2d1899-057e-4c5e-902a-c91f780d971e" CHANGEID="689652734" ISACTIVE="1" LEVELID="11" CREATEDATE="2025-09-29" UPDATEDATE="2025-09-29" /><OBJECT OBJECTID="174924235" OBJECTGUID="52fadda1-2a6f-464d-9f76-223110fda190" CHANGEID="689652735" ISACTIVE="1" LEVELID="11" CREATEDATE="2025-09-29" UPDATEDATE="2025-09-29" /><OBJECT OBJECTID="174924236" OBJECTGUID="98f1318a-17be-46a4-ba04-2101a92ce046" CHANGEID="689652736" ISACTIVE="1" LEVELID="11" CREATEDATE="2025-09-29" UPDATEDATE="2025-09-29" /><OBJECT OBJECTID="174924237" OBJECTGUID="084558b1-444e-46c0-b763-edad95ba30d2" CHANGEID="689652737" ISACTIVE="1" LEVELID="11" CREATEDATE="2025-09-29" UPDATEDATE="2025-09-29" /><OBJECT OBJECTID="174924238" OBJECTGUID="90d79436-3226-4a04-bdeb-d9f43180bd8f" CHANGEID="689652738" ISACTIVE="1" LEVELID="11" CREATEDATE="2025-09-29" UPDATEDATE="2025-09-29" /><OBJECT OBJECTID="174924239" OBJECTGUID="6efae7a6-8126-42dc-bd5b-91ea4a015fbe" CHANGEID="689652739" ISACTIVE="1" LEVELID="11" CREATEDATE="2025-09-29" UPDATEDATE="2025-09-29" /><OBJECT OBJECTID="174924240" OBJECTGUID="ce22ced3-f07b-4078-81c6-5fc6ff13217f" CHANGEID="689652740" ISACTIVE="1" LEVELID="11" CREATEDATE="2025-09-29" UPDATEDATE="2025-09-29" /><OBJECT OBJECTID="174924241" OBJECTGUID="8b81e69d-737e-4ad3-8b24-9fd77f29aa6a" CHANGEID="689652741" ISACTIVE="1" LEVELID="11" CREATEDATE="2025-09-29" UPDATEDATE="2025-09-29" /><OBJECT OBJECTID="174924242" OBJECTGUID="e7921c54-788f-406c-933c-b8b63ef8cb3b" CHANGEID="689652742" ISACTIVE="1" LEVELID="11" CREATEDATE="2025-09-29" UPDATEDATE="2025-09-29" /><OBJECT OBJECTID="174924243" OBJECTGUID="483279a9-ccdc-4731-9705-c676039761a8" CHANGEID="689652743" ISACTIVE="1" LEVELID="11" CREATEDATE="2025-09-29" UPDATEDATE="2025-09-29" /><OBJECT OBJECTID="174924244" OBJECTGUID="88b2fbb6-717d-40fe-86cc-636ad0ae1df1" CHANGEID="689652744" ISACTIVE="1" LEVELID="11" CREATEDATE="2025-09-29" UPDATEDATE="2025-09-29" /><OBJECT OBJECTID="174924245" OBJECTGUID="568cf2bc-22e3-4ad4-b3a2-c28feb18275a" CHANGEID="689652745" ISACTIVE="1" LEVELID="11" CREATEDATE="2025-09-29" UPDATEDATE="2025-09-29" /><OBJECT OBJECTID="174924381" OBJECTGUID="dfb7825a-6795-4528-8b26-45a413dba5dc" CHANGEID="689652896" ISACTIVE="1" LEVELID="10" CREATEDATE="2025-09-29" UPDATEDATE="2025-09-29" /><OBJECT OBJECTID="174924556" OBJECTGUID="5c83bed7-1883-4f4f-b8d9-6ae887e1a103" CHANGEID="689653184" ISACTIVE="1" LEVELID="10" CREATEDATE="2025-09-29" UPDATEDATE="2025-09-29" /><OBJECT OBJECTID="174924704" OBJECTGUID="94e07e05-62c9-43e6-a40b-7eb81eb65937" CHANGEID="689653346" ISACTIVE="1" LEVELID="10" CREATEDATE="2025-09-29" UPDATEDATE="2025-09-29" /><OBJECT OBJECTID="174930605" OBJECTGUID="2d08c415-4ab5-4d26-8e3e-5240902a9dc6" CHANGEID="689669926" ISACTIVE="1" LEVELID="10" CREATEDATE="2025-09-29" UPDATEDATE="2025-09-29" /><OBJECT OBJECTID="174930111" OBJECTGUID="91dfc683-7e0a-4566-8ebf-803a4fb24cc9" CHANGEID="689668811" ISACTIVE="1" LEVELID="10" CREATEDATE="2025-09-29" UPDATEDATE="2025-09-29" /><OBJECT OBJECTID="174930124" OBJECTGUID="0b478439-1459-46de-a46b-19ccef05ac20" CHANGEID="689668849" ISACTIVE="1" LEVELID="9" CREATEDATE="2025-09-29" UPDATEDATE="2025-09-29" /><OBJECT OBJECTID="174930221" OBJECTGUID="be85b489-39f4-42f2-b9fb-3839aab31b04" CHANGEID="689669020" ISACTIVE="1" LEVELID="11" CREATEDATE="2025-09-29" UPDATEDATE="2025-09-29" /><OBJECT OBJECTID="174935330" OBJECTGUID="3b535500-cb85-4051-9b49-712611d324cf" CHANGEID="689679408" ISACTIVE="1" LEVELID="10" CREATEDATE="2025-09-29" UPDATEDATE="2025-09-29" /><OBJECT OBJECTID="174935178" OBJECTGUID="f112bfa1-cd62-42ac-a305-d020a19f68d5" CHANGEID="689679141" ISACTIVE="1" LEVELID="11" CREATEDATE="2025-09-29" UPDATEDATE="2025-09-29" /><OBJECT OBJECTID="174939578" OBJECTGUID="a01b36bd-6f2f-4108-846b-4fa58510c142" CHANGEID="689688781" ISACTIVE="1" LEVELID="11" CREATEDATE="2025-09-29" UPDATEDATE="2025-09-29" /><OBJECT OBJECTID="174939592" OBJECTGUID="4d4c7b28-353b-46ec-a805-460c8cd514d2" CHANGEID="689688804" ISACTIVE="1" LEVELID="11" CREATEDATE="2025-09-29" UPDATEDATE="2025-09-29" /><OBJECT OBJECTID="174939626" OBJECTGUID="526b8c09-a122-4390-a7ec-4ccaf3235fe2" CHANGEID="689688852" ISACTIVE="1" LEVELID="11" CREATEDATE="2025-09-29" UPDATEDATE="2025-09-29" /><OBJECT OBJECTID="174943181" OBJECTGUID="5f60de3b-c615-436d-8b70-4dc9e7e0e488" CHANGEID="689696083" ISACTIVE="1" LEVELID="9" CREATEDATE="2025-09-29" UPDATEDATE="2025-09-29" /><OBJECT OBJECTID="174944736" OBJECTGUID="499c4efc-d283-4a1f-9480-9929d5b2d8fd" CHANGEID="689699636" ISACTIVE="1" LEVELID="10" CREATEDATE="2025-09-29" UPDATEDATE="2025-09-29" /><OBJECT OBJECTID="174944880" OBJECTGUID="d9f34ba6-a2ff-4c3c-b4ed-9a5dd5a0f808" CHANGEID="689699929" ISACTIVE="1" LEVELID="10" CREATEDATE="2025-09-29" UPDATEDATE="2025-09-29" /><OBJECT OBJECTID="174951576" OBJECTGUID="9cdbf9a3-69f9-4388-83bf-6015cc28a6bc" CHANGEID="689712696" ISACTIVE="1" LEVELID="9" CREATEDATE="2025-09-30" UPDATEDATE="2025-09-30" /><OBJECT OBJECTID="174951577" OBJECTGUID="72394cec-c30e-4216-b29e-ea2a19f883e7" CHANGEID="689712697" ISACTIVE="1" LEVELID="9" CREATEDATE="2025-09-30" UPDATEDATE="2025-09-30" /><OBJECT OBJECTID="79874811" OBJECTGUID="9a875157-8175-495b-ac5d-05c3cc82485e" CHANGEID="689735085" ISACTIVE="1" LEVELID="10" CREATEDATE="2017-12-17" UPDATEDATE="2025-09-30" /><OBJECT OBJECTID="174721320" OBJECTGUID="9e5f459a-17b4-4fca-a3c5-eab733060797" CHANGEID="689750952" ISACTIVE="1" LEVELID="10" CREATEDATE="2025-09-18" UPDATEDATE="2025-09-30" /><OBJECT OBJECTID="174968212" OBJECTGUID="72562db2-a022-49fc-a903-520ce6310f9f" CHANGEID="689753538" ISACTIVE="1" LEVELID="10" CREATEDATE="2025-09-30" UPDATEDATE="2025-09-30" /><OBJECT OBJECTID="174969474" OBJECTGUID="9a85ab10-557a-4135-8aef-9e0b50c104f9" CHANGEID="689756489" ISACTIVE="1" LEVELID="9" CREATEDATE="2025-09-30" UPDATEDATE="2025-09-30" /><OBJECT OBJECTID="174969794" OBJECTGUID="629e451a-6382-4362-82df-a6ad76038014" CHANGEID="689757249" ISACTIVE="1" LEVELID="10" CREATEDATE="2025-09-30" UPDATEDATE="2025-09-30" /><OBJECT OBJECTID="174970386" OBJECTGUID="28659ddc-3b0f-4256-b494-abca238f9328" CHANGEID="689758574" ISACTIVE="1" LEVELID="10" CREATEDATE="2025-09-30" UPDATEDATE="2025-09-30" /><OBJECT OBJECTID="16384217" OBJECTGUID="377d7957-4db8-49b9-a0de-aca48922fd64" CHANGEID="689777190" ISACTIVE="0" LEVELID="11" CREATEDATE="2017-12-11" UPDATEDATE="2025-09-30" /><OBJECT OBJECTID="158692181" OBJECTGUID="a3ae3f72-e81d-4c8d-9e1f-98b14481b894" CHANGEID="689777206" ISACTIVE="0" LEVELID="12" CREATEDATE="2023-04-24" UPDATEDATE="2025-09-30" /><OBJECT OBJECTID="174975211" OBJECTGUID="df100c68-d79d-493c-ba3c-d51babae6f44" CHANGEID="689787355" ISACTIVE="1" LEVELID="11" CREATEDATE="2025-10-01" UPDATEDATE="2025-10-01" /><OBJECT OBJECTID="174975212" OBJECTGUID="68d03f95-4e1e-4f1a-b861-c095b64e1993" CHANGEID="689787356" ISACTIVE="1" LEVELID="11" CREATEDATE="2025-10-01" UPDATEDATE="2025-10-01" /><OBJECT OBJECTID="174976710" OBJECTGUID="c8937fff-6e08-4802-b041-9383e8343969" CHANGEID="689790502" ISACTIVE="1" LEVELID="9" CREATEDATE="2025-10-01" UPDATEDATE="2025-10-01" /><OBJECT OBJECTID="162257448" OBJECTGUID="d5f15041-8a86-4105-8e18-ae8f1ec0c605" CHANGEID="689712695" ISACTIVE="0" LEVELID="9" CREATEDATE="2024-01-30" UPDATEDATE="2025-09-30" /><OBJECT OBJECTID="80269194" OBJECTGUID="4bab73d1-a744-4bcd-b7eb-fef1d3c21d26" CHANGEID="689735087" ISACTIVE="1" LEVELID="10" CREATEDATE="2017-12-18" UPDATEDATE="2025-09-30" /><OBJECT OBJECTID="42757442" OBJECTGUID="7e8bcb4f-780e-4c4b-af2e-bc8ab234781c" CHANGEID="689777201" ISACTIVE="1" LEVELID="11" CREATEDATE="2017-12-11" UPDATEDATE="2025-09-30" /><OBJECT OBJECTID="42745107" OBJECTGUID="32b2894e-8a1f-4e2c-ae7a-50cb1a9b5679" CHANGEID="689790330" ISACTIVE="1" LEVELID="11" CREATEDATE="2017-12-11" UPDATEDATE="2025-10-01" /><OBJECT OBJECTID="4593406" OBJECTGUID="74a45bf5-ed78-4bf4-a9bf-2bdf1db46597" CHANGEID="689756090" ISACTIVE="1" LEVELID="10" CREATEDATE="2012-02-05" UPDATEDATE="2025-09-30" /><OBJECT OBJECTID="51081688" OBJECTGUID="6615d0c5-d523-443c-a8e1-a68861d63923" CHANGEID="689733913" ISACTIVE="1" LEVELID="10" CREATEDATE="2012-02-04" UPDATEDATE="2025-09-30" /><OBJECT OBJECTID="84047228" OBJECTGUID="afe6787a-2437-415d-8578-542a85426786" CHANGEID="689732007" ISACTIVE="1" LEVELID="10" CREATEDATE="2011-10-04" UPDATEDATE="2025-09-30" /><OBJECT OBJECTID="95653215" OBJECTGUID="80afca1e-946c-4d0a-90cb-e89f0f0e10d5" CHANGEID="689739976" ISACTIVE="1" LEVELID="10" CREATEDATE="2020-02-19" UPDATEDATE="2025-09-30" /><OBJECT OBJECTID="96484594" OBJECTGUID="a9f81a62-2f7b-4ff7-80b4-b12ed10949f9" CHANGEID="689737269" ISACTIVE="1" LEVELID="10" CREATEDATE="2020-04-24" UPDATEDATE="2025-09-30" /><OBJECT OBJECTID="80292194" OBJECTGUID="578d0fcb-1c19-4400-b197-ff4720d8f4fe" CHANGEID="689735088" ISACTIVE="1" LEVELID="10" CREATEDATE="2017-12-18" UPDATEDATE="2025-09-30" /><OBJECT OBJECTID="4595320" OBJECTGUID="35671863-7f38-4708-bdda-cce0e9375c26" CHANGEID="689790525" ISACTIVE="1" LEVELID="10" CREATEDATE="2012-02-05" UPDATEDATE="2025-10-01" /><OBJECT OBJECTID="68630313" OBJECTGUID="5c203928-ed6a-4780-97fa-7185582339ec" CHANGEID="689735337" ISACTIVE="1" LEVELID="10" CREATEDATE="2017-04-19" UPDATEDATE="2025-09-30" /></REESTR_OBJECTS>