﻿<?xml version="1.0" encoding="utf-8"?><ADDRESSOBJECTS><OBJECT ID="52189485" OBJECTID="174938082" OBJECTGUID="20a662d1-a70c-479d-a253-1edcbb71803d" CHANGEID="689686164" NAME="Овражная" TYPENAME="ул." LEVEL="8" OPERTYPEID="10" PREVID="0" NEXTID="0" UPDATEDATE="2025-09-29" STARTDATE="2025-09-29" ENDDATE="2079-06-06" ISACTUAL="1" ISACTIVE="1" /><OBJECT ID="52189679" OBJECTID="174957634" OBJECTGUID="e1e72938-c1a5-49fe-acb7-35954457d249" CHANGEID="689729260" NAME="80 лет Победы" TYPENAME="ул." LEVEL="8" OPERTYPEID="10" PREVID="0" NEXTID="0" UPDATEDATE="2025-09-30" STARTDATE="2025-09-30" ENDDATE="2079-06-06" ISACTUAL="1" ISACTIVE="1" /><OBJECT ID="52189680" OBJECTID="174957636" OBJECTGUID="d7c7243b-b2dc-499f-a509-9a5fa14d23eb" CHANGEID="689729263" NAME="Тамбовская" TYPENAME="ул." LEVEL="8" OPERTYPEID="10" PREVID="0" NEXTID="0" UPDATEDATE="2025-09-30" STARTDATE="2025-09-30" ENDDATE="2079-06-06" ISACTUAL="1" ISACTIVE="1" /><OBJECT ID="52189681" OBJECTID="174957637" OBJECTGUID="30c8a007-9cdb-4f2c-8fe1-f3577231a853" CHANGEID="689729264" NAME="Тверская" TYPENAME="ул." LEVEL="8" OPERTYPEID="10" PREVID="0" NEXTID="0" UPDATEDATE="2025-09-30" STARTDATE="2025-09-30" ENDDATE="2079-06-06" ISACTUAL="1" ISACTIVE="1" /><OBJECT ID="52189682" OBJECTID="174957638" OBJECTGUID="9ce8bc6d-c20d-48b1-8330-fac050c0a007" CHANGEID="689729265" NAME="Урожайная" TYPENAME="ул." LEVEL="8" OPERTYPEID="10" PREVID="0" NEXTID="0" UPDATEDATE="2025-09-30" STARTDATE="2025-09-30" ENDDATE="2079-06-06" ISACTUAL="1" ISACTIVE="1" /><OBJECT ID="52189683" OBJECTID="174957639" OBJECTGUID="4c2db8d3-f40b-4f73-a43d-909117b00066" CHANGEID="689729266" NAME="Орловская" TYPENAME="ул." LEVEL="8" OPERTYPEID="10" PREVID="0" NEXTID="0" UPDATEDATE="2025-09-30" STARTDATE="2025-09-30" ENDDATE="2079-06-06" ISACTUAL="1" ISACTIVE="1" /><OBJECT ID="52189684" OBJECTID="174957640" OBJECTGUID="fef5b4b1-7b49-4738-a207-1a4d92643f63" CHANGEID="689729267" NAME="Саратовская" TYPENAME="ул." LEVEL="8" OPERTYPEID="10" PREVID="0" NEXTID="0" UPDATEDATE="2025-09-30" STARTDATE="2025-09-30" ENDDATE="2079-06-06" ISACTUAL="1" ISACTIVE="1" /><OBJECT ID="52189685" OBJECTID="174957641" OBJECTGUID="51c20ed1-55b3-4115-9e35-431c40bff517" CHANGEID="689729268" NAME="Смоленская" TYPENAME="ул." LEVEL="8" OPERTYPEID="10" PREVID="0" NEXTID="0" UPDATEDATE="2025-09-30" STARTDATE="2025-09-30" ENDDATE="2079-06-06" ISACTUAL="1" ISACTIVE="1" /><OBJECT ID="52189686" OBJECTID="174957642" OBJECTGUID="16cf015c-f1d8-4c29-85cb-f19d93936046" CHANGEID="689729269" NAME="Спасская" TYPENAME="ул." LEVEL="8" OPERTYPEID="10" PREVID="0" NEXTID="0" UPDATEDATE="2025-09-30" STARTDATE="2025-09-30" ENDDATE="2079-06-06" ISACTUAL="1" ISACTIVE="1" /><OBJECT ID="52189687" OBJECTID="174957643" OBJECTGUID="b57b221d-6e52-48e3-b0fb-66e024125555" CHANGEID="689729270" NAME="Брянская" TYPENAME="ул." LEVEL="8" OPERTYPEID="10" PREVID="0" NEXTID="0" UPDATEDATE="2025-09-30" STARTDATE="2025-09-30" ENDDATE="2079-06-06" ISACTUAL="1" ISACTIVE="1" /><OBJECT ID="52189688" OBJECTID="174957644" OBJECTGUID="7d90d017-a958-45e7-a5a0-dd357cf987b0" CHANGEID="689729271" NAME="Владимирская" TYPENAME="ул." LEVEL="8" OPERTYPEID="10" PREVID="0" NEXTID="0" UPDATEDATE="2025-09-30" STARTDATE="2025-09-30" ENDDATE="2079-06-06" ISACTUAL="1" ISACTIVE="1" /><OBJECT ID="52189689" OBJECTID="174957645" OBJECTGUID="644cf387-c92f-4c2e-af54-176e4f07a033" CHANGEID="689729272" NAME="Воеводы Собакина" TYPENAME="ул." LEVEL="8" OPERTYPEID="10" PREVID="0" NEXTID="0" UPDATEDATE="2025-09-30" STARTDATE="2025-09-30" ENDDATE="2079-06-06" ISACTUAL="1" ISACTIVE="1" /><OBJECT ID="52189690" OBJECTID="174957646" OBJECTGUID="db41ce6b-2bf4-4929-a567-15ce0ff4f9ad" CHANGEID="689729273" NAME="Волгоградская" TYPENAME="ул." LEVEL="8" OPERTYPEID="10" PREVID="0" NEXTID="0" UPDATEDATE="2025-09-30" STARTDATE="2025-09-30" ENDDATE="2079-06-06" ISACTUAL="1" ISACTIVE="1" /><OBJECT ID="52189691" OBJECTID="174957647" OBJECTGUID="f6a0f575-d569-492b-ae1f-40a39e6e3e89" CHANGEID="689729274" NAME="Казанская" TYPENAME="ул." LEVEL="8" OPERTYPEID="10" PREVID="0" NEXTID="0" UPDATEDATE="2025-09-30" STARTDATE="2025-09-30" ENDDATE="2079-06-06" ISACTUAL="1" ISACTIVE="1" /><OBJECT ID="52189692" OBJECTID="174957648" OBJECTGUID="3453c043-7654-4ab3-ad55-948e7fe67e6c" CHANGEID="689729275" NAME="Курская" TYPENAME="ул." LEVEL="8" OPERTYPEID="10" PREVID="0" NEXTID="0" UPDATEDATE="2025-09-30" STARTDATE="2025-09-30" ENDDATE="2079-06-06" ISACTUAL="1" ISACTIVE="1" /><OBJECT ID="52189693" OBJECTID="174957649" OBJECTGUID="7028fea5-7500-45fc-a15d-778b0c582f24" CHANGEID="689729276" NAME="Липецкая" TYPENAME="ул." LEVEL="8" OPERTYPEID="10" PREVID="0" NEXTID="0" UPDATEDATE="2025-09-30" STARTDATE="2025-09-30" ENDDATE="2079-06-06" ISACTUAL="1" ISACTIVE="1" /><OBJECT ID="52189694" OBJECTID="174957650" OBJECTGUID="e28f32d8-e7c9-4089-b2ef-c4e4eece31de" CHANGEID="689729277" NAME="Никольская" TYPENAME="ул." LEVEL="8" OPERTYPEID="10" PREVID="0" NEXTID="0" UPDATEDATE="2025-09-30" STARTDATE="2025-09-30" ENDDATE="2079-06-06" ISACTUAL="1" ISACTIVE="1" /></ADDRESSOBJECTS>