﻿<?xml version="1.0" encoding="utf-8"?><APARTMENTS><APARTMENT ID="5517359" OBJECTID="10482349" OBJECTGUID="636514c1-b426-44ee-94e9-39847a2da8a5" CHANGEID="17205850" NUMBER="9" APARTTYPE="2" OPERTYPEID="10" PREVID="0" NEXTID="111795717" UPDATEDATE="2025-09-29" STARTDATE="1999-04-27" ENDDATE="2025-09-29" ISACTUAL="0" ISACTIVE="0" /><APARTMENT ID="5996980" OBJECTID="11286539" OBJECTGUID="5cdbb20c-8b69-4c31-bdb1-de540725e2a9" CHANGEID="18390006" NUMBER="1" APARTTYPE="2" OPERTYPEID="10" PREVID="0" NEXTID="111818234" UPDATEDATE="2025-10-01" STARTDATE="2015-12-02" ENDDATE="2025-10-01" ISACTUAL="0" ISACTIVE="0" /><APARTMENT ID="6404212" OBJECTID="11942997" OBJECTGUID="d5005468-5c9f-4572-a093-a4b9282477d0" CHANGEID="19349786" NUMBER="1,2,3,4,5" APARTTYPE="2" OPERTYPEID="10" PREVID="0" NEXTID="111818539" UPDATEDATE="2025-10-01" STARTDATE="2015-11-20" ENDDATE="2025-10-01" ISACTUAL="0" ISACTIVE="0" /><APARTMENT ID="6417092" OBJECTID="11966197" OBJECTGUID="a7b10051-6980-4a0f-afdc-c1e3e1f2bc16" CHANGEID="19386232" NUMBER="1,2" APARTTYPE="2" OPERTYPEID="10" PREVID="0" NEXTID="111818537" UPDATEDATE="2025-10-01" STARTDATE="2015-11-20" ENDDATE="2025-10-01" ISACTUAL="0" ISACTIVE="0" /><APARTMENT ID="6418349" OBJECTID="11968110" OBJECTGUID="01f4daa9-b3fd-4beb-bff5-1f3b7fc85b34" CHANGEID="19388909" NUMBER="1,2" APARTTYPE="2" OPERTYPEID="10" PREVID="0" NEXTID="111818541" UPDATEDATE="2025-10-01" STARTDATE="2015-11-20" ENDDATE="2025-10-01" ISACTUAL="0" ISACTIVE="0" /><APARTMENT ID="8129960" OBJECTID="14875353" OBJECTGUID="0cfac6e2-3b5a-4de0-b80b-cc44b3fd494f" CHANGEID="23738980" NUMBER="1" APARTTYPE="2" OPERTYPEID="10" PREVID="0" NEXTID="111806745" UPDATEDATE="2025-09-30" STARTDATE="2018-06-07" ENDDATE="2025-09-30" ISACTUAL="0" ISACTIVE="0" /><APARTMENT ID="8129979" OBJECTID="14875379" OBJECTGUID="9bde3ad1-8650-4e9e-a662-bd255111adf9" CHANGEID="23739017" NUMBER="2" APARTTYPE="2" OPERTYPEID="10" PREVID="0" NEXTID="111806746" UPDATEDATE="2025-09-30" STARTDATE="2018-06-07" ENDDATE="2025-09-30" ISACTUAL="0" ISACTIVE="0" /><APARTMENT ID="8129117" OBJECTID="14874119" OBJECTGUID="a2da44f4-7cf4-4a85-9d49-91d6057e1316" CHANGEID="23737177" NUMBER="2" APARTTYPE="2" OPERTYPEID="10" PREVID="0" NEXTID="111806749" UPDATEDATE="2025-09-30" STARTDATE="2018-06-07" ENDDATE="2025-09-30" ISACTUAL="0" ISACTIVE="0" /><APARTMENT ID="8129161" OBJECTID="14874179" OBJECTGUID="f85112a8-886b-43f5-ab56-a8862eb27ed8" CHANGEID="23737322" NUMBER="1" APARTTYPE="2" OPERTYPEID="10" PREVID="0" NEXTID="111806750" UPDATEDATE="2025-09-30" STARTDATE="2018-06-07" ENDDATE="2025-09-30" ISACTUAL="0" ISACTIVE="0" /><APARTMENT ID="12379518" OBJECTID="22058028" OBJECTGUID="ac492c0b-2643-49d0-8da1-7dd26c59749e" CHANGEID="34411797" NUMBER="2" APARTTYPE="2" OPERTYPEID="10" PREVID="0" NEXTID="111794654" UPDATEDATE="2025-09-29" STARTDATE="2016-06-07" ENDDATE="2025-09-29" ISACTUAL="0" ISACTIVE="0" /><APARTMENT ID="12467049" OBJECTID="22206275" OBJECTGUID="1c9cfb44-6797-4931-b2fe-6f5a6c12092a" CHANGEID="34633424" NUMBER="1" APARTTYPE="2" OPERTYPEID="10" PREVID="0" NEXTID="111818253" UPDATEDATE="2025-10-01" STARTDATE="2017-06-06" ENDDATE="2025-10-01" ISACTUAL="0" ISACTIVE="0" /><APARTMENT ID="13027335" OBJECTID="23123360" OBJECTGUID="70ac3f85-383c-45fc-a39c-3769983ccf02" CHANGEID="35972762" NUMBER="3" APARTTYPE="2" OPERTYPEID="10" PREVID="0" NEXTID="111794347" UPDATEDATE="2025-09-29" STARTDATE="2016-06-08" ENDDATE="2025-09-29" ISACTUAL="0" ISACTIVE="0" /><APARTMENT ID="14783282" OBJECTID="25997176" OBJECTGUID="b6c21dd0-6dd8-45d4-8d49-982a54a3a277" CHANGEID="40180435" NUMBER="1" APARTTYPE="2" OPERTYPEID="10" PREVID="0" NEXTID="111809234" UPDATEDATE="2025-09-30" STARTDATE="2018-10-15" ENDDATE="2025-09-30" ISACTUAL="0" ISACTIVE="0" /><APARTMENT ID="19233724" OBJECTID="33204857" OBJECTGUID="1744195f-e93b-4826-987c-497169d3500e" CHANGEID="50637006" NUMBER="2" APARTTYPE="2" OPERTYPEID="10" PREVID="0" NEXTID="111818352" UPDATEDATE="2025-10-01" STARTDATE="1999-05-14" ENDDATE="2025-10-01" ISACTUAL="0" ISACTIVE="0" /><APARTMENT ID="19245989" OBJECTID="33225833" OBJECTGUID="db325271-41ee-45f4-ac6b-0623c0fe8745" CHANGEID="50667962" NUMBER="3" APARTTYPE="2" OPERTYPEID="10" PREVID="0" NEXTID="111818354" UPDATEDATE="2025-10-01" STARTDATE="1999-05-14" ENDDATE="2025-10-01" ISACTUAL="0" ISACTIVE="0" /><APARTMENT ID="32947290" OBJECTID="55400304" OBJECTGUID="e72c9bea-652e-46f3-93e9-dd439a05fdaf" CHANGEID="82865208" NUMBER="16" APARTTYPE="2" OPERTYPEID="10" PREVID="0" NEXTID="111809248" UPDATEDATE="2025-09-30" STARTDATE="2018-10-15" ENDDATE="2025-09-30" ISACTUAL="0" ISACTIVE="0" /><APARTMENT ID="34706721" OBJECTID="58302833" OBJECTGUID="a49d806e-587a-4c94-8fa1-1624a3c92620" CHANGEID="87144255" NUMBER="2" APARTTYPE="2" OPERTYPEID="10" PREVID="0" NEXTID="111814821" UPDATEDATE="2025-10-01" STARTDATE="2017-05-31" ENDDATE="2025-10-01" ISACTUAL="0" ISACTIVE="0" /><APARTMENT ID="34706805" OBJECTID="58303057" OBJECTGUID="f943d278-8286-4895-b1ef-0380506307c4" CHANGEID="87144579" NUMBER="1" APARTTYPE="2" OPERTYPEID="10" PREVID="0" NEXTID="111814822" UPDATEDATE="2025-10-01" STARTDATE="2017-05-31" ENDDATE="2025-10-01" ISACTUAL="0" ISACTIVE="0" /><APARTMENT ID="36950921" OBJECTID="62060278" OBJECTGUID="85f8d911-8aae-4978-ac5c-b56f7fb3303a" CHANGEID="92669750" NUMBER="1" APARTTYPE="2" OPERTYPEID="10" PREVID="0" NEXTID="111802643" UPDATEDATE="2025-09-29" STARTDATE="1999-04-27" ENDDATE="2025-09-29" ISACTUAL="0" ISACTIVE="0" /><APARTMENT ID="36951087" OBJECTID="62060528" OBJECTGUID="ae5ca2f1-f9dd-42c1-babf-9e9b20669ba9" CHANGEID="92670176" NUMBER="2" APARTTYPE="2" OPERTYPEID="10" PREVID="0" NEXTID="111802644" UPDATEDATE="2025-09-29" STARTDATE="1999-04-27" ENDDATE="2025-09-29" ISACTUAL="0" ISACTIVE="0" /><APARTMENT ID="37000234" OBJECTID="62146183" OBJECTGUID="d1392d53-f57b-4760-9f1f-07292ff85c1d" CHANGEID="92799462" NUMBER="1" APARTTYPE="2" OPERTYPEID="10" PREVID="0" NEXTID="111809088" UPDATEDATE="2025-09-30" STARTDATE="1999-04-27" ENDDATE="2025-09-30" ISACTUAL="0" ISACTIVE="0" /><APARTMENT ID="37011654" OBJECTID="62163127" OBJECTGUID="847618d6-347a-4154-a5a5-cc63559a4fe4" CHANGEID="92822772" NUMBER="1" APARTTYPE="2" OPERTYPEID="10" PREVID="0" NEXTID="111809085" UPDATEDATE="2025-09-30" STARTDATE="1999-04-27" ENDDATE="2025-09-30" ISACTUAL="0" ISACTIVE="0" /><APARTMENT ID="37705336" OBJECTID="63304353" OBJECTGUID="7003ffd5-9ba2-48d4-86f7-bb684daf0a93" CHANGEID="94477860" NUMBER="1" APARTTYPE="2" OPERTYPEID="10" PREVID="0" NEXTID="111795713" UPDATEDATE="2025-09-29" STARTDATE="2014-02-21" ENDDATE="2025-09-29" ISACTUAL="0" ISACTIVE="0" /><APARTMENT ID="44439582" OBJECTID="74393437" OBJECTGUID="33de6ddb-25e5-4f69-8837-263d846d2667" CHANGEID="110718458" NUMBER="1" APARTTYPE="2" OPERTYPEID="10" PREVID="0" NEXTID="111815247" UPDATEDATE="2025-10-01" STARTDATE="2017-05-31" ENDDATE="2025-10-01" ISACTUAL="0" ISACTIVE="0" /><APARTMENT ID="46853596" OBJECTID="78331750" OBJECTGUID="13c56622-a942-414c-9f12-f680efd79365" CHANGEID="116451807" NUMBER="3" APARTTYPE="2" OPERTYPEID="10" PREVID="0" NEXTID="111818578" UPDATEDATE="2025-10-01" STARTDATE="2017-06-09" ENDDATE="2025-10-01" ISACTUAL="0" ISACTIVE="0" /><APARTMENT ID="46853716" OBJECTID="78332082" OBJECTGUID="2b574282-1b99-48c1-934a-0d3604ba0bf5" CHANGEID="116452301" NUMBER="1" APARTTYPE="2" OPERTYPEID="10" PREVID="0" NEXTID="111818579" UPDATEDATE="2025-10-01" STARTDATE="2017-06-09" ENDDATE="2025-10-01" ISACTUAL="0" ISACTIVE="0" /><APARTMENT ID="47179786" OBJECTID="78864790" OBJECTGUID="33e72975-39b6-434e-b313-b0f2da926faa" CHANGEID="117222245" NUMBER="1" APARTTYPE="2" OPERTYPEID="10" PREVID="0" NEXTID="111818341" UPDATEDATE="2025-10-01" STARTDATE="1999-05-14" ENDDATE="2025-10-01" ISACTUAL="0" ISACTIVE="0" /><APARTMENT ID="47172123" OBJECTID="78852865" OBJECTGUID="2267aa6e-c352-4b18-83c3-9475f4330fd4" CHANGEID="117205705" NUMBER="5" APARTTYPE="2" OPERTYPEID="10" PREVID="0" NEXTID="111818348" UPDATEDATE="2025-10-01" STARTDATE="1999-05-14" ENDDATE="2025-10-01" ISACTUAL="0" ISACTIVE="0" /><APARTMENT ID="47184249" OBJECTID="78871551" OBJECTGUID="4a2b621b-03cf-4f8e-9ac7-30384e9b5c74" CHANGEID="117231605" NUMBER="1" APARTTYPE="2" OPERTYPEID="10" PREVID="0" NEXTID="111818340" UPDATEDATE="2025-10-01" STARTDATE="1999-05-14" ENDDATE="2025-10-01" ISACTUAL="0" ISACTIVE="0" /><APARTMENT ID="111637608" OBJECTID="174492355" OBJECTGUID="7c28c42b-f266-4f90-b2e8-ab6f4cc1fbf6" CHANGEID="688722641" NUMBER="1" APARTTYPE="1" OPERTYPEID="10" PREVID="0" NEXTID="111800363" UPDATEDATE="2025-09-29" STARTDATE="2025-09-08" ENDDATE="2025-09-29" ISACTUAL="0" ISACTIVE="0" /><APARTMENT ID="111794001" OBJECTID="174913503" OBJECTGUID="984fae09-901d-449c-842e-938da4d72dd0" CHANGEID="689633449" NUMBER="2" APARTTYPE="3" OPERTYPEID="10" PREVID="0" NEXTID="0" UPDATEDATE="2025-09-29" STARTDATE="2025-09-29" ENDDATE="2079-06-06" ISACTUAL="1" ISACTIVE="1" /><APARTMENT ID="111794032" OBJECTID="174913816" OBJECTGUID="ffaa4639-7abe-496f-8883-824487afa85f" CHANGEID="689634201" NUMBER="3/1" APARTTYPE="1" OPERTYPEID="10" PREVID="0" NEXTID="0" UPDATEDATE="2025-09-29" STARTDATE="2025-09-29" ENDDATE="2079-06-06" ISACTUAL="1" ISACTIVE="1" /><APARTMENT ID="111794039" OBJECTID="174913957" OBJECTGUID="f01fdf6a-4b66-4e10-98b2-671ffbe9e7ef" CHANGEID="689634393" NUMBER="1/2" APARTTYPE="1" OPERTYPEID="10" PREVID="0" NEXTID="0" UPDATEDATE="2025-09-29" STARTDATE="2025-09-29" ENDDATE="2079-06-06" ISACTUAL="1" ISACTIVE="1" /><APARTMENT ID="111794038" OBJECTID="174913950" OBJECTGUID="2d112a6c-b2d2-48fd-878a-621b6618ab33" CHANGEID="689634386" NUMBER="1/1" APARTTYPE="1" OPERTYPEID="10" PREVID="0" NEXTID="0" UPDATEDATE="2025-09-29" STARTDATE="2025-09-29" ENDDATE="2079-06-06" ISACTUAL="1" ISACTIVE="1" /><APARTMENT ID="111794347" OBJECTID="23123360" OBJECTGUID="70ac3f85-383c-45fc-a39c-3769983ccf02" CHANGEID="689635815" NUMBER="3" APARTTYPE="2" OPERTYPEID="55" PREVID="13027335" NEXTID="129165837" UPDATEDATE="2025-09-29" STARTDATE="2025-09-29" ENDDATE="2079-06-06" ISACTUAL="1" ISACTIVE="0" /><APARTMENT ID="111794348" OBJECTID="23123446" OBJECTGUID="8fe05c41-e9f2-4278-af39-343f3e6fc4af" CHANGEID="689635817" NUMBER="1" APARTTYPE="2" OPERTYPEID="55" PREVID="13027398" NEXTID="129165838" UPDATEDATE="2025-09-29" STARTDATE="2025-09-29" ENDDATE="2079-06-06" ISACTUAL="1" ISACTIVE="0" /><APARTMENT ID="13027398" OBJECTID="23123446" OBJECTGUID="8fe05c41-e9f2-4278-af39-343f3e6fc4af" CHANGEID="35972883" NUMBER="1" APARTTYPE="2" OPERTYPEID="10" PREVID="0" NEXTID="111794348" UPDATEDATE="2025-09-29" STARTDATE="2016-06-08" ENDDATE="2025-09-29" ISACTUAL="0" ISACTIVE="0" /><APARTMENT ID="111794349" OBJECTID="23123456" OBJECTGUID="be77ae4f-fac0-4f62-8ac9-499e26a50b21" CHANGEID="689635819" NUMBER="2" APARTTYPE="2" OPERTYPEID="55" PREVID="13027408" NEXTID="129165839" UPDATEDATE="2025-09-29" STARTDATE="2025-09-29" ENDDATE="2079-06-06" ISACTUAL="1" ISACTIVE="0" /><APARTMENT ID="13027408" OBJECTID="23123456" OBJECTGUID="be77ae4f-fac0-4f62-8ac9-499e26a50b21" CHANGEID="35972899" NUMBER="2" APARTTYPE="2" OPERTYPEID="10" PREVID="0" NEXTID="111794349" UPDATEDATE="2025-09-29" STARTDATE="2016-06-08" ENDDATE="2025-09-29" ISACTUAL="0" ISACTIVE="0" /><APARTMENT ID="111794651" OBJECTID="23144720" OBJECTGUID="7d034102-21fc-4dec-9327-bae6a3a56b91" CHANGEID="689636694" NUMBER="2" APARTTYPE="2" OPERTYPEID="55" PREVID="13041604" NEXTID="129165904" UPDATEDATE="2025-09-29" STARTDATE="2025-09-29" ENDDATE="2079-06-06" ISACTUAL="1" ISACTIVE="0" /><APARTMENT ID="13041604" OBJECTID="23144720" OBJECTGUID="7d034102-21fc-4dec-9327-bae6a3a56b91" CHANGEID="36002314" NUMBER="2" APARTTYPE="2" OPERTYPEID="10" PREVID="0" NEXTID="111794651" UPDATEDATE="2025-09-29" STARTDATE="2016-06-08" ENDDATE="2025-09-29" ISACTUAL="0" ISACTIVE="0" /><APARTMENT ID="111794652" OBJECTID="23144954" OBJECTGUID="d008c78e-3c5c-4727-82c5-38652a555b1e" CHANGEID="689636696" NUMBER="1" APARTTYPE="2" OPERTYPEID="55" PREVID="13041716" NEXTID="129165905" UPDATEDATE="2025-09-29" STARTDATE="2025-09-29" ENDDATE="2079-06-06" ISACTUAL="1" ISACTIVE="0" /><APARTMENT ID="13041716" OBJECTID="23144954" OBJECTGUID="d008c78e-3c5c-4727-82c5-38652a555b1e" CHANGEID="36002720" NUMBER="1" APARTTYPE="2" OPERTYPEID="10" PREVID="0" NEXTID="111794652" UPDATEDATE="2025-09-29" STARTDATE="2016-06-08" ENDDATE="2025-09-29" ISACTUAL="0" ISACTIVE="0" /><APARTMENT ID="111794653" OBJECTID="22050224" OBJECTGUID="3c53989d-6fea-43b0-be7a-e117abb99b88" CHANGEID="689636699" NUMBER="1" APARTTYPE="2" OPERTYPEID="30" PREVID="12375825" NEXTID="0" UPDATEDATE="2025-09-29" STARTDATE="2025-09-29" ENDDATE="2079-06-06" ISACTUAL="1" ISACTIVE="0" /><APARTMENT ID="12375825" OBJECTID="22050224" OBJECTGUID="3c53989d-6fea-43b0-be7a-e117abb99b88" CHANGEID="34399695" NUMBER="1" APARTTYPE="2" OPERTYPEID="40" PREVID="0" NEXTID="111794653" UPDATEDATE="2025-09-29" STARTDATE="2016-06-07" ENDDATE="2025-09-29" ISACTUAL="0" ISACTIVE="0" /><APARTMENT ID="111794654" OBJECTID="22058028" OBJECTGUID="ac492c0b-2643-49d0-8da1-7dd26c59749e" CHANGEID="689636700" NUMBER="2" APARTTYPE="2" OPERTYPEID="30" PREVID="12379518" NEXTID="0" UPDATEDATE="2025-09-29" STARTDATE="2025-09-29" ENDDATE="2079-06-06" ISACTUAL="1" ISACTIVE="0" /><APARTMENT ID="111795708" OBJECTID="12287558" OBJECTGUID="7d7e3898-e60a-4b31-8c86-abbb6db0b669" CHANGEID="689641790" NUMBER="2" APARTTYPE="2" OPERTYPEID="30" PREVID="6615797" NEXTID="0" UPDATEDATE="2025-09-29" STARTDATE="2025-09-29" ENDDATE="2079-06-06" ISACTUAL="1" ISACTIVE="0" /><APARTMENT ID="6615797" OBJECTID="12287558" OBJECTGUID="7d7e3898-e60a-4b31-8c86-abbb6db0b669" CHANGEID="19860661" NUMBER="2" APARTTYPE="2" OPERTYPEID="10" PREVID="0" NEXTID="111795708" UPDATEDATE="2025-09-29" STARTDATE="2014-02-21" ENDDATE="2025-09-29" ISACTUAL="0" ISACTIVE="0" /><APARTMENT ID="111795709" OBJECTID="12287625" OBJECTGUID="f411429c-5f99-4f74-a801-0b73626679f4" CHANGEID="689641791" NUMBER="1" APARTTYPE="2" OPERTYPEID="30" PREVID="6615846" NEXTID="0" UPDATEDATE="2025-09-29" STARTDATE="2025-09-29" ENDDATE="2079-06-06" ISACTUAL="1" ISACTIVE="0" /><APARTMENT ID="6615846" OBJECTID="12287625" OBJECTGUID="f411429c-5f99-4f74-a801-0b73626679f4" CHANGEID="19860801" NUMBER="1" APARTTYPE="2" OPERTYPEID="10" PREVID="0" NEXTID="111795709" UPDATEDATE="2025-09-29" STARTDATE="2014-02-21" ENDDATE="2025-09-29" ISACTUAL="0" ISACTIVE="0" /><APARTMENT ID="111795710" OBJECTID="38683286" OBJECTGUID="181c8cb9-165b-4d2c-9e0b-fc456db7276d" CHANGEID="689641792" NUMBER="1" APARTTYPE="2" OPERTYPEID="30" PREVID="22578366" NEXTID="0" UPDATEDATE="2025-09-29" STARTDATE="2025-09-29" ENDDATE="2079-06-06" ISACTUAL="1" ISACTIVE="0" /><APARTMENT ID="22578366" OBJECTID="38683286" OBJECTGUID="181c8cb9-165b-4d2c-9e0b-fc456db7276d" CHANGEID="58636308" NUMBER="1" APARTTYPE="2" OPERTYPEID="10" PREVID="0" NEXTID="111795710" UPDATEDATE="2025-09-29" STARTDATE="2014-02-21" ENDDATE="2025-09-29" ISACTUAL="0" ISACTIVE="0" /><APARTMENT ID="111795711" OBJECTID="38683692" OBJECTGUID="41983e53-f580-4b86-ae30-9cdccc9c10bb" CHANGEID="689641793" NUMBER="3" APARTTYPE="2" OPERTYPEID="30" PREVID="22578614" NEXTID="0" UPDATEDATE="2025-09-29" STARTDATE="2025-09-29" ENDDATE="2079-06-06" ISACTUAL="1" ISACTIVE="0" /><APARTMENT ID="22578614" OBJECTID="38683692" OBJECTGUID="41983e53-f580-4b86-ae30-9cdccc9c10bb" CHANGEID="58636920" NUMBER="3" APARTTYPE="2" OPERTYPEID="10" PREVID="0" NEXTID="111795711" UPDATEDATE="2025-09-29" STARTDATE="2014-02-21" ENDDATE="2025-09-29" ISACTUAL="0" ISACTIVE="0" /><APARTMENT ID="111795712" OBJECTID="38683844" OBJECTGUID="4ca6d4be-c014-44b9-aafb-67a70838b59c" CHANGEID="689641794" NUMBER="2" APARTTYPE="2" OPERTYPEID="30" PREVID="22578658" NEXTID="0" UPDATEDATE="2025-09-29" STARTDATE="2025-09-29" ENDDATE="2079-06-06" ISACTUAL="1" ISACTIVE="0" /><APARTMENT ID="22578658" OBJECTID="38683844" OBJECTGUID="4ca6d4be-c014-44b9-aafb-67a70838b59c" CHANGEID="58637156" NUMBER="2" APARTTYPE="2" OPERTYPEID="10" PREVID="0" NEXTID="111795712" UPDATEDATE="2025-09-29" STARTDATE="2014-02-21" ENDDATE="2025-09-29" ISACTUAL="0" ISACTIVE="0" /><APARTMENT ID="111795715" OBJECTID="18891673" OBJECTGUID="2db45456-bb61-4bf4-955d-b07abf874d32" CHANGEID="689641797" NUMBER="2" APARTTYPE="2" OPERTYPEID="30" PREVID="10526004" NEXTID="0" UPDATEDATE="2025-09-29" STARTDATE="2025-09-29" ENDDATE="2079-06-06" ISACTUAL="1" ISACTIVE="0" /><APARTMENT ID="10526004" OBJECTID="18891673" OBJECTGUID="2db45456-bb61-4bf4-955d-b07abf874d32" CHANGEID="29667165" NUMBER="2" APARTTYPE="2" OPERTYPEID="10" PREVID="0" NEXTID="111795715" UPDATEDATE="2025-09-29" STARTDATE="1999-04-22" ENDDATE="2025-09-29" ISACTUAL="0" ISACTIVE="0" /><APARTMENT ID="111795716" OBJECTID="18892169" OBJECTGUID="e8f5690f-afba-4fbc-b22b-e03070feddfd" CHANGEID="689641798" NUMBER="1" APARTTYPE="2" OPERTYPEID="30" PREVID="10526419" NEXTID="0" UPDATEDATE="2025-09-29" STARTDATE="2025-09-29" ENDDATE="2079-06-06" ISACTUAL="1" ISACTIVE="0" /><APARTMENT ID="10526419" OBJECTID="18892169" OBJECTGUID="e8f5690f-afba-4fbc-b22b-e03070feddfd" CHANGEID="29667909" NUMBER="1" APARTTYPE="2" OPERTYPEID="10" PREVID="0" NEXTID="111795716" UPDATEDATE="2025-09-29" STARTDATE="1999-04-22" ENDDATE="2025-09-29" ISACTUAL="0" ISACTIVE="0" /><APARTMENT ID="111795717" OBJECTID="10482349" OBJECTGUID="636514c1-b426-44ee-94e9-39847a2da8a5" CHANGEID="689641897" NUMBER="9" APARTTYPE="2" OPERTYPEID="30" PREVID="5517359" NEXTID="0" UPDATEDATE="2025-09-29" STARTDATE="2025-09-29" ENDDATE="2079-06-06" ISACTUAL="1" ISACTIVE="0" /><APARTMENT ID="111795718" OBJECTID="4733841" OBJECTGUID="04108ad6-8404-4ec7-b915-7d65d1ef63e8" CHANGEID="689642103" NUMBER="8" APARTTYPE="2" OPERTYPEID="30" PREVID="2021751" NEXTID="0" UPDATEDATE="2025-09-29" STARTDATE="2025-09-29" ENDDATE="2079-06-06" ISACTUAL="1" ISACTIVE="0" /><APARTMENT ID="2021751" OBJECTID="4733841" OBJECTGUID="04108ad6-8404-4ec7-b915-7d65d1ef63e8" CHANGEID="8791842" NUMBER="8" APARTTYPE="2" OPERTYPEID="10" PREVID="0" NEXTID="111795718" UPDATEDATE="2025-09-29" STARTDATE="1999-04-27" ENDDATE="2025-09-29" ISACTUAL="0" ISACTIVE="0" /><APARTMENT ID="111795719" OBJECTID="4733854" OBJECTGUID="f51e78b3-023f-44ea-99e1-f5c35f4a49c5" CHANGEID="689642104" NUMBER="6" APARTTYPE="2" OPERTYPEID="30" PREVID="2021760" NEXTID="0" UPDATEDATE="2025-09-29" STARTDATE="2025-09-29" ENDDATE="2079-06-06" ISACTUAL="1" ISACTIVE="0" /><APARTMENT ID="2021760" OBJECTID="4733854" OBJECTGUID="f51e78b3-023f-44ea-99e1-f5c35f4a49c5" CHANGEID="8791861" NUMBER="6" APARTTYPE="2" OPERTYPEID="10" PREVID="0" NEXTID="111795719" UPDATEDATE="2025-09-29" STARTDATE="1999-04-27" ENDDATE="2025-09-29" ISACTUAL="0" ISACTIVE="0" /><APARTMENT ID="111795713" OBJECTID="63304353" OBJECTGUID="7003ffd5-9ba2-48d4-86f7-bb684daf0a93" CHANGEID="689641795" NUMBER="1" APARTTYPE="2" OPERTYPEID="30" PREVID="37705336" NEXTID="0" UPDATEDATE="2025-09-29" STARTDATE="2025-09-29" ENDDATE="2079-06-06" ISACTUAL="1" ISACTIVE="0" /><APARTMENT ID="111795714" OBJECTID="63304366" OBJECTGUID="767353f6-ac04-48e8-8822-ad2c47f75c22" CHANGEID="689641796" NUMBER="2" APARTTYPE="2" OPERTYPEID="30" PREVID="37705344" NEXTID="0" UPDATEDATE="2025-09-29" STARTDATE="2025-09-29" ENDDATE="2079-06-06" ISACTUAL="1" ISACTIVE="0" /><APARTMENT ID="37705344" OBJECTID="63304366" OBJECTGUID="767353f6-ac04-48e8-8822-ad2c47f75c22" CHANGEID="94477882" NUMBER="2" APARTTYPE="2" OPERTYPEID="10" PREVID="0" NEXTID="111795714" UPDATEDATE="2025-09-29" STARTDATE="2014-02-21" ENDDATE="2025-09-29" ISACTUAL="0" ISACTIVE="0" /><APARTMENT ID="111800363" OBJECTID="174492355" OBJECTGUID="7c28c42b-f266-4f90-b2e8-ab6f4cc1fbf6" CHANGEID="689667900" NUMBER="1" APARTTYPE="1" OPERTYPEID="55" PREVID="111637608" NEXTID="129170458" UPDATEDATE="2025-09-29" STARTDATE="2025-09-29" ENDDATE="2079-06-06" ISACTUAL="1" ISACTIVE="0" /><APARTMENT ID="111800612" OBJECTID="174930952" OBJECTGUID="3056af5c-05f4-4f58-a43f-a85a9cb3f359" CHANGEID="689670683" NUMBER="1" APARTTYPE="2" OPERTYPEID="10" PREVID="0" NEXTID="0" UPDATEDATE="2025-09-29" STARTDATE="2025-09-29" ENDDATE="2079-06-06" ISACTUAL="1" ISACTIVE="1" /><APARTMENT ID="111800613" OBJECTID="174930953" OBJECTGUID="e6eacfe9-b127-46bf-bebd-a0ee9f77e2df" CHANGEID="689670684" NUMBER="2" APARTTYPE="2" OPERTYPEID="10" PREVID="0" NEXTID="0" UPDATEDATE="2025-09-29" STARTDATE="2025-09-29" ENDDATE="2079-06-06" ISACTUAL="1" ISACTIVE="1" /><APARTMENT ID="111800777" OBJECTID="42515426" OBJECTGUID="6208a454-6e50-48cf-a590-536b8e9f5415" CHANGEID="689671121" NUMBER="1" APARTTYPE="2" OPERTYPEID="30" PREVID="24971728" NEXTID="0" UPDATEDATE="2025-09-29" STARTDATE="2025-09-29" ENDDATE="2079-06-06" ISACTUAL="1" ISACTIVE="0" /><APARTMENT ID="24971728" OBJECTID="42515426" OBJECTGUID="6208a454-6e50-48cf-a590-536b8e9f5415" CHANGEID="64219452" NUMBER="1" APARTTYPE="2" OPERTYPEID="10" PREVID="0" NEXTID="111800777" UPDATEDATE="2025-09-29" STARTDATE="1999-05-14" ENDDATE="2025-09-29" ISACTUAL="0" ISACTIVE="0" /><APARTMENT ID="111801403" OBJECTID="58999515" OBJECTGUID="4397e72e-0e88-4c66-a8ba-8449250847b7" CHANGEID="689673994" NUMBER="1" APARTTYPE="2" OPERTYPEID="30" PREVID="35131541" NEXTID="0" UPDATEDATE="2025-09-29" STARTDATE="2025-09-29" ENDDATE="2079-06-06" ISACTUAL="1" ISACTIVE="0" /><APARTMENT ID="35131541" OBJECTID="58999515" OBJECTGUID="4397e72e-0e88-4c66-a8ba-8449250847b7" CHANGEID="88158879" NUMBER="1" APARTTYPE="2" OPERTYPEID="10" PREVID="0" NEXTID="111801403" UPDATEDATE="2025-09-29" STARTDATE="2018-12-25" ENDDATE="2025-09-29" ISACTUAL="0" ISACTIVE="0" /><APARTMENT ID="111802643" OBJECTID="62060278" OBJECTGUID="85f8d911-8aae-4978-ac5c-b56f7fb3303a" CHANGEID="689682193" NUMBER="1" APARTTYPE="2" OPERTYPEID="30" PREVID="36950921" NEXTID="0" UPDATEDATE="2025-09-29" STARTDATE="2025-09-29" ENDDATE="2079-06-06" ISACTUAL="1" ISACTIVE="0" /><APARTMENT ID="111802644" OBJECTID="62060528" OBJECTGUID="ae5ca2f1-f9dd-42c1-babf-9e9b20669ba9" CHANGEID="689682194" NUMBER="2" APARTTYPE="2" OPERTYPEID="30" PREVID="36951087" NEXTID="0" UPDATEDATE="2025-09-29" STARTDATE="2025-09-29" ENDDATE="2079-06-06" ISACTUAL="1" ISACTIVE="0" /><APARTMENT ID="111802695" OBJECTID="75778232" OBJECTGUID="759e46e2-9256-4321-b0da-4147f855b2f9" CHANGEID="689682373" NUMBER="1" APARTTYPE="2" OPERTYPEID="30" PREVID="45288321" NEXTID="0" UPDATEDATE="2025-09-29" STARTDATE="2025-09-29" ENDDATE="2079-06-06" ISACTUAL="1" ISACTIVE="0" /><APARTMENT ID="45288321" OBJECTID="75778232" OBJECTGUID="759e46e2-9256-4321-b0da-4147f855b2f9" CHANGEID="112726691" NUMBER="1" APARTTYPE="2" OPERTYPEID="10" PREVID="0" NEXTID="111802695" UPDATEDATE="2025-09-29" STARTDATE="1999-04-27" ENDDATE="2025-09-29" ISACTUAL="0" ISACTIVE="0" /><APARTMENT ID="111802696" OBJECTID="75778406" OBJECTGUID="af52865a-a629-4868-9334-2463389f548f" CHANGEID="689682374" NUMBER="2" APARTTYPE="2" OPERTYPEID="30" PREVID="45288394" NEXTID="0" UPDATEDATE="2025-09-29" STARTDATE="2025-09-29" ENDDATE="2079-06-06" ISACTUAL="1" ISACTIVE="0" /><APARTMENT ID="45288394" OBJECTID="75778406" OBJECTGUID="af52865a-a629-4868-9334-2463389f548f" CHANGEID="112726972" NUMBER="2" APARTTYPE="2" OPERTYPEID="10" PREVID="0" NEXTID="111802696" UPDATEDATE="2025-09-29" STARTDATE="1999-04-27" ENDDATE="2025-09-29" ISACTUAL="0" ISACTIVE="0" /><APARTMENT ID="111803148" OBJECTID="174937741" OBJECTGUID="039f9ed7-9c55-40f2-9d11-c30f09b13116" CHANGEID="689683688" NUMBER="2/1" APARTTYPE="1" OPERTYPEID="10" PREVID="0" NEXTID="0" UPDATEDATE="2025-09-29" STARTDATE="2025-09-29" ENDDATE="2079-06-06" ISACTUAL="1" ISACTIVE="1" /><APARTMENT ID="111806745" OBJECTID="14875353" OBJECTGUID="0cfac6e2-3b5a-4de0-b80b-cc44b3fd494f" CHANGEID="689708918" NUMBER="1" APARTTYPE="2" OPERTYPEID="30" PREVID="8129960" NEXTID="0" UPDATEDATE="2025-09-30" STARTDATE="2025-09-30" ENDDATE="2079-06-06" ISACTUAL="1" ISACTIVE="0" /><APARTMENT ID="111806746" OBJECTID="14875379" OBJECTGUID="9bde3ad1-8650-4e9e-a662-bd255111adf9" CHANGEID="689708919" NUMBER="2" APARTTYPE="2" OPERTYPEID="30" PREVID="8129979" NEXTID="0" UPDATEDATE="2025-09-30" STARTDATE="2025-09-30" ENDDATE="2079-06-06" ISACTUAL="1" ISACTIVE="0" /><APARTMENT ID="111806747" OBJECTID="14893771" OBJECTGUID="53eb62ca-a9e7-4d26-b9ad-448b692d4bfb" CHANGEID="689708920" NUMBER="1" APARTTYPE="2" OPERTYPEID="30" PREVID="8139616" NEXTID="0" UPDATEDATE="2025-09-30" STARTDATE="2025-09-30" ENDDATE="2079-06-06" ISACTUAL="1" ISACTIVE="0" /><APARTMENT ID="8139616" OBJECTID="14893771" OBJECTGUID="53eb62ca-a9e7-4d26-b9ad-448b692d4bfb" CHANGEID="23767556" NUMBER="1" APARTTYPE="2" OPERTYPEID="10" PREVID="0" NEXTID="111806747" UPDATEDATE="2025-09-30" STARTDATE="2018-06-07" ENDDATE="2025-09-30" ISACTUAL="0" ISACTIVE="0" /><APARTMENT ID="111806748" OBJECTID="14893779" OBJECTGUID="5d4e7bfa-1ec5-4527-966e-545890ee3a0c" CHANGEID="689708921" NUMBER="2" APARTTYPE="2" OPERTYPEID="30" PREVID="8139619" NEXTID="0" UPDATEDATE="2025-09-30" STARTDATE="2025-09-30" ENDDATE="2079-06-06" ISACTUAL="1" ISACTIVE="0" /><APARTMENT ID="8139619" OBJECTID="14893779" OBJECTGUID="5d4e7bfa-1ec5-4527-966e-545890ee3a0c" CHANGEID="23767575" NUMBER="2" APARTTYPE="2" OPERTYPEID="10" PREVID="0" NEXTID="111806748" UPDATEDATE="2025-09-30" STARTDATE="2018-06-07" ENDDATE="2025-09-30" ISACTUAL="0" ISACTIVE="0" /><APARTMENT ID="111806749" OBJECTID="14874119" OBJECTGUID="a2da44f4-7cf4-4a85-9d49-91d6057e1316" CHANGEID="689708922" NUMBER="2" APARTTYPE="2" OPERTYPEID="30" PREVID="8129117" NEXTID="0" UPDATEDATE="2025-09-30" STARTDATE="2025-09-30" ENDDATE="2079-06-06" ISACTUAL="1" ISACTIVE="0" /><APARTMENT ID="111806750" OBJECTID="14874179" OBJECTGUID="f85112a8-886b-43f5-ab56-a8862eb27ed8" CHANGEID="689708923" NUMBER="1" APARTTYPE="2" OPERTYPEID="30" PREVID="8129161" NEXTID="0" UPDATEDATE="2025-09-30" STARTDATE="2025-09-30" ENDDATE="2079-06-06" ISACTUAL="1" ISACTIVE="0" /><APARTMENT ID="111806751" OBJECTID="14907594" OBJECTGUID="3ed4c6ff-caa8-466d-9386-20e6bdf381f0" CHANGEID="689708924" NUMBER="1" APARTTYPE="2" OPERTYPEID="30" PREVID="8146513" NEXTID="0" UPDATEDATE="2025-09-30" STARTDATE="2025-09-30" ENDDATE="2079-06-06" ISACTUAL="1" ISACTIVE="0" /><APARTMENT ID="8146513" OBJECTID="14907594" OBJECTGUID="3ed4c6ff-caa8-466d-9386-20e6bdf381f0" CHANGEID="23789473" NUMBER="1" APARTTYPE="2" OPERTYPEID="10" PREVID="0" NEXTID="111806751" UPDATEDATE="2025-09-30" STARTDATE="2018-06-07" ENDDATE="2025-09-30" ISACTUAL="0" ISACTIVE="0" /><APARTMENT ID="111806752" OBJECTID="14908028" OBJECTGUID="c9c6492f-99dc-40aa-921c-a5eb18e1903c" CHANGEID="689708925" NUMBER="2" APARTTYPE="2" OPERTYPEID="30" PREVID="8146715" NEXTID="0" UPDATEDATE="2025-09-30" STARTDATE="2025-09-30" ENDDATE="2079-06-06" ISACTUAL="1" ISACTIVE="0" /><APARTMENT ID="8146715" OBJECTID="14908028" OBJECTGUID="c9c6492f-99dc-40aa-921c-a5eb18e1903c" CHANGEID="23790210" NUMBER="2" APARTTYPE="2" OPERTYPEID="10" PREVID="0" NEXTID="111806752" UPDATEDATE="2025-09-30" STARTDATE="2018-06-07" ENDDATE="2025-09-30" ISACTUAL="0" ISACTIVE="0" /><APARTMENT ID="111806753" OBJECTID="43203322" OBJECTGUID="29c183ad-e8a2-4ec8-bb57-ea0ce24d7509" CHANGEID="689708926" NUMBER="2" APARTTYPE="2" OPERTYPEID="30" PREVID="25391528" NEXTID="0" UPDATEDATE="2025-09-30" STARTDATE="2025-09-30" ENDDATE="2079-06-06" ISACTUAL="1" ISACTIVE="0" /><APARTMENT ID="25391528" OBJECTID="43203322" OBJECTGUID="29c183ad-e8a2-4ec8-bb57-ea0ce24d7509" CHANGEID="65214319" NUMBER="2" APARTTYPE="2" OPERTYPEID="10" PREVID="0" NEXTID="111806753" UPDATEDATE="2025-09-30" STARTDATE="2018-06-07" ENDDATE="2025-09-30" ISACTUAL="0" ISACTIVE="0" /><APARTMENT ID="111806754" OBJECTID="43203391" OBJECTGUID="6c17e1e9-163b-4058-9734-6b9838de4bca" CHANGEID="689708927" NUMBER="1" APARTTYPE="2" OPERTYPEID="30" PREVID="25391585" NEXTID="0" UPDATEDATE="2025-09-30" STARTDATE="2025-09-30" ENDDATE="2079-06-06" ISACTUAL="1" ISACTIVE="0" /><APARTMENT ID="25391585" OBJECTID="43203391" OBJECTGUID="6c17e1e9-163b-4058-9734-6b9838de4bca" CHANGEID="65214461" NUMBER="1" APARTTYPE="2" OPERTYPEID="10" PREVID="0" NEXTID="111806754" UPDATEDATE="2025-09-30" STARTDATE="2018-06-07" ENDDATE="2025-09-30" ISACTUAL="0" ISACTIVE="0" /><APARTMENT ID="111806756" OBJECTID="43225963" OBJECTGUID="b95fcda8-00ad-4f68-907e-b4fea49fda66" CHANGEID="689708929" NUMBER="1" APARTTYPE="2" OPERTYPEID="30" PREVID="25406737" NEXTID="0" UPDATEDATE="2025-09-30" STARTDATE="2025-09-30" ENDDATE="2079-06-06" ISACTUAL="1" ISACTIVE="0" /><APARTMENT ID="25406737" OBJECTID="43225963" OBJECTGUID="b95fcda8-00ad-4f68-907e-b4fea49fda66" CHANGEID="65246013" NUMBER="1" APARTTYPE="2" OPERTYPEID="10" PREVID="0" NEXTID="111806756" UPDATEDATE="2025-09-30" STARTDATE="2018-06-07" ENDDATE="2025-09-30" ISACTUAL="0" ISACTIVE="0" /><APARTMENT ID="111806757" OBJECTID="43226177" OBJECTGUID="edbd73e6-bb7e-46be-896e-3be4b8c02ee9" CHANGEID="689708930" NUMBER="2" APARTTYPE="2" OPERTYPEID="30" PREVID="25406857" NEXTID="0" UPDATEDATE="2025-09-30" STARTDATE="2025-09-30" ENDDATE="2079-06-06" ISACTUAL="1" ISACTIVE="0" /><APARTMENT ID="25406857" OBJECTID="43226177" OBJECTGUID="edbd73e6-bb7e-46be-896e-3be4b8c02ee9" CHANGEID="65246297" NUMBER="2" APARTTYPE="2" OPERTYPEID="10" PREVID="0" NEXTID="111806757" UPDATEDATE="2025-09-30" STARTDATE="2018-06-07" ENDDATE="2025-09-30" ISACTUAL="0" ISACTIVE="0" /><APARTMENT ID="111806759" OBJECTID="43240209" OBJECTGUID="64113b9b-6794-44cc-87a9-e1f350bf5f46" CHANGEID="689708932" NUMBER="1" APARTTYPE="2" OPERTYPEID="30" PREVID="25416227" NEXTID="0" UPDATEDATE="2025-09-30" STARTDATE="2025-09-30" ENDDATE="2079-06-06" ISACTUAL="1" ISACTIVE="0" /><APARTMENT ID="25416227" OBJECTID="43240209" OBJECTGUID="64113b9b-6794-44cc-87a9-e1f350bf5f46" CHANGEID="65266554" NUMBER="1" APARTTYPE="2" OPERTYPEID="10" PREVID="0" NEXTID="111806759" UPDATEDATE="2025-09-30" STARTDATE="2018-06-07" ENDDATE="2025-09-30" ISACTUAL="0" ISACTIVE="0" /><APARTMENT ID="111806760" OBJECTID="43243492" OBJECTGUID="ae59e95d-a82e-4a7d-926f-3ec6e525551e" CHANGEID="689708933" NUMBER="2" APARTTYPE="2" OPERTYPEID="30" PREVID="25418109" NEXTID="0" UPDATEDATE="2025-09-30" STARTDATE="2025-09-30" ENDDATE="2079-06-06" ISACTUAL="1" ISACTIVE="0" /><APARTMENT ID="25418109" OBJECTID="43243492" OBJECTGUID="ae59e95d-a82e-4a7d-926f-3ec6e525551e" CHANGEID="65271555" NUMBER="2" APARTTYPE="2" OPERTYPEID="10" PREVID="0" NEXTID="111806760" UPDATEDATE="2025-09-30" STARTDATE="2018-06-07" ENDDATE="2025-09-30" ISACTUAL="0" ISACTIVE="0" /><APARTMENT ID="111807125" OBJECTID="14884942" OBJECTGUID="558b7462-dd62-46b6-b62e-f747aeea8d73" CHANGEID="689719433" NUMBER="2" APARTTYPE="2" OPERTYPEID="30" PREVID="8135080" NEXTID="0" UPDATEDATE="2025-09-30" STARTDATE="2025-09-30" ENDDATE="2079-06-06" ISACTUAL="1" ISACTIVE="0" /><APARTMENT ID="8135080" OBJECTID="14884942" OBJECTGUID="558b7462-dd62-46b6-b62e-f747aeea8d73" CHANGEID="23753779" NUMBER="2" APARTTYPE="2" OPERTYPEID="10" PREVID="0" NEXTID="111807125" UPDATEDATE="2025-09-30" STARTDATE="2018-06-07" ENDDATE="2025-09-30" ISACTUAL="0" ISACTIVE="0" /><APARTMENT ID="111807126" OBJECTID="14889340" OBJECTGUID="a8c23822-3c9e-4fc4-b183-7073d2f43024" CHANGEID="689719434" NUMBER="1" APARTTYPE="2" OPERTYPEID="30" PREVID="8137391" NEXTID="0" UPDATEDATE="2025-09-30" STARTDATE="2025-09-30" ENDDATE="2079-06-06" ISACTUAL="1" ISACTIVE="0" /><APARTMENT ID="8137391" OBJECTID="14889340" OBJECTGUID="a8c23822-3c9e-4fc4-b183-7073d2f43024" CHANGEID="23760592" NUMBER="1" APARTTYPE="2" OPERTYPEID="10" PREVID="0" NEXTID="111807126" UPDATEDATE="2025-09-30" STARTDATE="2018-06-07" ENDDATE="2025-09-30" ISACTUAL="0" ISACTIVE="0" /><APARTMENT ID="111807138" OBJECTID="6080198" OBJECTGUID="71091961-ab55-4a4c-b84b-a9b68d7deeca" CHANGEID="689719654" NUMBER="1/8" APARTTYPE="1" OPERTYPEID="20" PREVID="2824202" UPDATEDATE="2025-09-30" STARTDATE="2025-09-30" ENDDATE="2079-06-06" ISACTUAL="1" ISACTIVE="1" /><APARTMENT ID="2824202" OBJECTID="6080198" OBJECTGUID="71091961-ab55-4a4c-b84b-a9b68d7deeca" CHANGEID="10788985" NUMBER="7" APARTTYPE="2" OPERTYPEID="10" PREVID="0" NEXTID="111807138" UPDATEDATE="2025-09-30" STARTDATE="2018-03-30" ENDDATE="2025-09-30" ISACTUAL="0" ISACTIVE="0" /><APARTMENT ID="111808488" OBJECTID="174957457" OBJECTGUID="72fdc856-6245-4775-b729-688e8420aa1f" CHANGEID="689728183" NUMBER="1" APARTTYPE="1" OPERTYPEID="10" PREVID="0" NEXTID="0" UPDATEDATE="2025-09-30" STARTDATE="2025-09-30" ENDDATE="2079-06-06" ISACTUAL="1" ISACTIVE="1" /><APARTMENT ID="111809083" OBJECTID="52691741" OBJECTGUID="ebd85e05-cc6a-490c-b222-9f1ef308eb42" CHANGEID="689735812" NUMBER="1" APARTTYPE="2" OPERTYPEID="55" PREVID="31279454" NEXTID="129180340" UPDATEDATE="2025-09-30" STARTDATE="2025-09-30" ENDDATE="2079-06-06" ISACTUAL="1" ISACTIVE="0" /><APARTMENT ID="31279454" OBJECTID="52691741" OBJECTGUID="ebd85e05-cc6a-490c-b222-9f1ef308eb42" CHANGEID="78921263" NUMBER="1" APARTTYPE="2" OPERTYPEID="10" PREVID="0" NEXTID="111809083" UPDATEDATE="2025-09-30" STARTDATE="2018-12-21" ENDDATE="2025-09-30" ISACTUAL="0" ISACTIVE="0" /><APARTMENT ID="111809085" OBJECTID="62163127" OBJECTGUID="847618d6-347a-4154-a5a5-cc63559a4fe4" CHANGEID="689735869" NUMBER="1" APARTTYPE="2" OPERTYPEID="30" PREVID="37011654" NEXTID="0" UPDATEDATE="2025-09-30" STARTDATE="2025-09-30" ENDDATE="2079-06-06" ISACTUAL="1" ISACTIVE="0" /><APARTMENT ID="111809086" OBJECTID="4681059" OBJECTGUID="6b90b0b4-e39b-4e65-a488-b97358fd45fb" CHANGEID="689735879" NUMBER="2" APARTTYPE="2" OPERTYPEID="55" PREVID="1989608" NEXTID="129180369" UPDATEDATE="2025-09-30" STARTDATE="2025-09-30" ENDDATE="2079-06-06" ISACTUAL="1" ISACTIVE="0" /><APARTMENT ID="1989608" OBJECTID="4681059" OBJECTGUID="6b90b0b4-e39b-4e65-a488-b97358fd45fb" CHANGEID="8713788" NUMBER="2" APARTTYPE="2" OPERTYPEID="10" PREVID="0" NEXTID="111809086" UPDATEDATE="2025-09-30" STARTDATE="2018-10-08" ENDDATE="2025-09-30" ISACTUAL="0" ISACTIVE="0" /><APARTMENT ID="111809087" OBJECTID="4681088" OBJECTGUID="f2f3bea7-bd82-4063-9181-8cf4f2acb918" CHANGEID="689735881" NUMBER="1" APARTTYPE="2" OPERTYPEID="55" PREVID="1989626" NEXTID="129180370" UPDATEDATE="2025-09-30" STARTDATE="2025-09-30" ENDDATE="2079-06-06" ISACTUAL="1" ISACTIVE="0" /><APARTMENT ID="1989626" OBJECTID="4681088" OBJECTGUID="f2f3bea7-bd82-4063-9181-8cf4f2acb918" CHANGEID="8713828" NUMBER="1" APARTTYPE="2" OPERTYPEID="10" PREVID="0" NEXTID="111809087" UPDATEDATE="2025-09-30" STARTDATE="2018-10-08" ENDDATE="2025-09-30" ISACTUAL="0" ISACTIVE="0" /><APARTMENT ID="111809088" OBJECTID="62146183" OBJECTGUID="d1392d53-f57b-4760-9f1f-07292ff85c1d" CHANGEID="689735894" NUMBER="1" APARTTYPE="2" OPERTYPEID="30" PREVID="37000234" NEXTID="0" UPDATEDATE="2025-09-30" STARTDATE="2025-09-30" ENDDATE="2079-06-06" ISACTUAL="1" ISACTIVE="0" /><APARTMENT ID="111809089" OBJECTID="62159216" OBJECTGUID="87de524d-b58c-47af-9c8f-e275e4a986bc" CHANGEID="689735931" NUMBER="1" APARTTYPE="2" OPERTYPEID="30" PREVID="37009371" NEXTID="0" UPDATEDATE="2025-09-30" STARTDATE="2025-09-30" ENDDATE="2079-06-06" ISACTUAL="1" ISACTIVE="0" /><APARTMENT ID="37009371" OBJECTID="62159216" OBJECTGUID="87de524d-b58c-47af-9c8f-e275e4a986bc" CHANGEID="92817145" NUMBER="1" APARTTYPE="2" OPERTYPEID="10" PREVID="0" NEXTID="111809089" UPDATEDATE="2025-09-30" STARTDATE="1999-04-27" ENDDATE="2025-09-30" ISACTUAL="0" ISACTIVE="0" /><APARTMENT ID="111809229" OBJECTID="11627578" OBJECTGUID="c881d5f8-d97b-451a-8a37-c20afe9c9ad1" CHANGEID="689738344" NUMBER="1" APARTTYPE="2" OPERTYPEID="30" PREVID="6205915" NEXTID="0" UPDATEDATE="2025-09-30" STARTDATE="2025-09-30" ENDDATE="2079-06-06" ISACTUAL="1" ISACTIVE="0" /><APARTMENT ID="6205915" OBJECTID="11627578" OBJECTGUID="c881d5f8-d97b-451a-8a37-c20afe9c9ad1" CHANGEID="18886007" NUMBER="1" APARTTYPE="2" OPERTYPEID="10" PREVID="0" NEXTID="111809229" UPDATEDATE="2025-09-30" STARTDATE="2016-11-24" ENDDATE="2025-09-30" ISACTUAL="0" ISACTIVE="0" /><APARTMENT ID="111809231" OBJECTID="24067026" OBJECTGUID="179cfd58-43c8-455d-8e0f-aff2c2a5e626" CHANGEID="689738353" NUMBER="11" APARTTYPE="2" OPERTYPEID="30" PREVID="13623695" NEXTID="0" UPDATEDATE="2025-09-30" STARTDATE="2025-09-30" ENDDATE="2079-06-06" ISACTUAL="1" ISACTIVE="0" /><APARTMENT ID="13623695" OBJECTID="24067026" OBJECTGUID="179cfd58-43c8-455d-8e0f-aff2c2a5e626" CHANGEID="37336982" NUMBER="11" APARTTYPE="2" OPERTYPEID="10" PREVID="0" NEXTID="111809231" UPDATEDATE="2025-09-30" STARTDATE="2018-10-15" ENDDATE="2025-09-30" ISACTUAL="0" ISACTIVE="0" /><APARTMENT ID="111809234" OBJECTID="25997176" OBJECTGUID="b6c21dd0-6dd8-45d4-8d49-982a54a3a277" CHANGEID="689738480" NUMBER="1" APARTTYPE="2" OPERTYPEID="30" PREVID="14783282" NEXTID="0" UPDATEDATE="2025-09-30" STARTDATE="2025-09-30" ENDDATE="2079-06-06" ISACTUAL="1" ISACTIVE="0" /><APARTMENT ID="111809235" OBJECTID="25996636" OBJECTGUID="1f8deff0-53d3-4446-b715-b151d00aca07" CHANGEID="689738481" NUMBER="2" APARTTYPE="2" OPERTYPEID="30" PREVID="14782944" NEXTID="0" UPDATEDATE="2025-09-30" STARTDATE="2025-09-30" ENDDATE="2079-06-06" ISACTUAL="1" ISACTIVE="0" /><APARTMENT ID="14782944" OBJECTID="25996636" OBJECTGUID="1f8deff0-53d3-4446-b715-b151d00aca07" CHANGEID="40179639" NUMBER="2" APARTTYPE="2" OPERTYPEID="10" PREVID="0" NEXTID="111809235" UPDATEDATE="2025-09-30" STARTDATE="2018-10-15" ENDDATE="2025-09-30" ISACTUAL="0" ISACTIVE="0" /><APARTMENT ID="111809236" OBJECTID="59801535" OBJECTGUID="656d547c-71e9-47ae-9d50-71939d959e42" CHANGEID="689738482" NUMBER="1" APARTTYPE="2" OPERTYPEID="30" PREVID="35632588" NEXTID="0" UPDATEDATE="2025-09-30" STARTDATE="2025-09-30" ENDDATE="2079-06-06" ISACTUAL="1" ISACTIVE="0" /><APARTMENT ID="35632588" OBJECTID="59801535" OBJECTGUID="656d547c-71e9-47ae-9d50-71939d959e42" CHANGEID="89318456" NUMBER="1" APARTTYPE="2" OPERTYPEID="10" PREVID="0" NEXTID="111809236" UPDATEDATE="2025-09-30" STARTDATE="1999-04-27" ENDDATE="2025-09-30" ISACTUAL="0" ISACTIVE="0" /><APARTMENT ID="111809237" OBJECTID="55399094" OBJECTGUID="5840f10e-5531-4b5f-bfa0-9ff05f779129" CHANGEID="689738529" NUMBER="7" APARTTYPE="2" OPERTYPEID="30" PREVID="32946588" NEXTID="0" UPDATEDATE="2025-09-30" STARTDATE="2025-09-30" ENDDATE="2079-06-06" ISACTUAL="1" ISACTIVE="0" /><APARTMENT ID="32946588" OBJECTID="55399094" OBJECTGUID="5840f10e-5531-4b5f-bfa0-9ff05f779129" CHANGEID="82863446" NUMBER="7" APARTTYPE="2" OPERTYPEID="10" PREVID="0" NEXTID="111809237" UPDATEDATE="2025-09-30" STARTDATE="2018-10-15" ENDDATE="2025-09-30" ISACTUAL="0" ISACTIVE="0" /><APARTMENT ID="111809238" OBJECTID="55399123" OBJECTGUID="86b4141c-5044-4037-ada6-fa3318c2d1d7" CHANGEID="689738530" NUMBER="5" APARTTYPE="2" OPERTYPEID="30" PREVID="32946612" NEXTID="0" UPDATEDATE="2025-09-30" STARTDATE="2025-09-30" ENDDATE="2079-06-06" ISACTUAL="1" ISACTIVE="0" /><APARTMENT ID="32946612" OBJECTID="55399123" OBJECTGUID="86b4141c-5044-4037-ada6-fa3318c2d1d7" CHANGEID="82863482" NUMBER="5" APARTTYPE="2" OPERTYPEID="10" PREVID="0" NEXTID="111809238" UPDATEDATE="2025-09-30" STARTDATE="2018-10-15" ENDDATE="2025-09-30" ISACTUAL="0" ISACTIVE="0" /><APARTMENT ID="111809239" OBJECTID="55399607" OBJECTGUID="878486b9-d41c-41e3-8417-55676952079d" CHANGEID="689738531" NUMBER="19" APARTTYPE="2" OPERTYPEID="30" PREVID="32946819" NEXTID="0" UPDATEDATE="2025-09-30" STARTDATE="2025-09-30" ENDDATE="2079-06-06" ISACTUAL="1" ISACTIVE="0" /><APARTMENT ID="32946819" OBJECTID="55399607" OBJECTGUID="878486b9-d41c-41e3-8417-55676952079d" CHANGEID="82864145" NUMBER="19" APARTTYPE="2" OPERTYPEID="10" PREVID="0" NEXTID="111809239" UPDATEDATE="2025-09-30" STARTDATE="2018-10-15" ENDDATE="2025-09-30" ISACTUAL="0" ISACTIVE="0" /><APARTMENT ID="111809240" OBJECTID="55399657" OBJECTGUID="8c944500-a958-4839-9bf2-20d073c0fe66" CHANGEID="689738532" NUMBER="6" APARTTYPE="2" OPERTYPEID="30" PREVID="32946847" NEXTID="0" UPDATEDATE="2025-09-30" STARTDATE="2025-09-30" ENDDATE="2079-06-06" ISACTUAL="1" ISACTIVE="0" /><APARTMENT ID="32946847" OBJECTID="55399657" OBJECTGUID="8c944500-a958-4839-9bf2-20d073c0fe66" CHANGEID="82864202" NUMBER="6" APARTTYPE="2" OPERTYPEID="10" PREVID="0" NEXTID="111809240" UPDATEDATE="2025-09-30" STARTDATE="2018-10-15" ENDDATE="2025-09-30" ISACTUAL="0" ISACTIVE="0" /><APARTMENT ID="111809241" OBJECTID="55400215" OBJECTGUID="a255b67f-c4e3-4ff1-beb4-26942cf94746" CHANGEID="689738533" NUMBER="4" APARTTYPE="2" OPERTYPEID="30" PREVID="32947220" NEXTID="0" UPDATEDATE="2025-09-30" STARTDATE="2025-09-30" ENDDATE="2079-06-06" ISACTUAL="1" ISACTIVE="0" /><APARTMENT ID="32947220" OBJECTID="55400215" OBJECTGUID="a255b67f-c4e3-4ff1-beb4-26942cf94746" CHANGEID="82865037" NUMBER="4" APARTTYPE="2" OPERTYPEID="10" PREVID="0" NEXTID="111809241" UPDATEDATE="2025-09-30" STARTDATE="2018-10-15" ENDDATE="2025-09-30" ISACTUAL="0" ISACTIVE="0" /><APARTMENT ID="111809242" OBJECTID="55400223" OBJECTGUID="b387638b-56ad-4564-8d65-7cbb7c335e26" CHANGEID="689738534" NUMBER="11" APARTTYPE="2" OPERTYPEID="30" PREVID="32947223" NEXTID="0" UPDATEDATE="2025-09-30" STARTDATE="2025-09-30" ENDDATE="2079-06-06" ISACTUAL="1" ISACTIVE="0" /><APARTMENT ID="32947223" OBJECTID="55400223" OBJECTGUID="b387638b-56ad-4564-8d65-7cbb7c335e26" CHANGEID="82865047" NUMBER="11" APARTTYPE="2" OPERTYPEID="10" PREVID="0" NEXTID="111809242" UPDATEDATE="2025-09-30" STARTDATE="2018-10-15" ENDDATE="2025-09-30" ISACTUAL="0" ISACTIVE="0" /><APARTMENT ID="111809243" OBJECTID="55400263" OBJECTGUID="d245ad16-0f56-4562-8486-937070f8d63f" CHANGEID="689738535" NUMBER="14" APARTTYPE="2" OPERTYPEID="30" PREVID="32947252" NEXTID="0" UPDATEDATE="2025-09-30" STARTDATE="2025-09-30" ENDDATE="2079-06-06" ISACTUAL="1" ISACTIVE="0" /><APARTMENT ID="32947252" OBJECTID="55400263" OBJECTGUID="d245ad16-0f56-4562-8486-937070f8d63f" CHANGEID="82865132" NUMBER="14" APARTTYPE="2" OPERTYPEID="10" PREVID="0" NEXTID="111809243" UPDATEDATE="2025-09-30" STARTDATE="2018-10-15" ENDDATE="2025-09-30" ISACTUAL="0" ISACTIVE="0" /><APARTMENT ID="111809244" OBJECTID="55400272" OBJECTGUID="d96397ec-4679-4c30-a20b-d30ec46c84ab" CHANGEID="689738536" NUMBER="17" APARTTYPE="2" OPERTYPEID="30" PREVID="32947262" NEXTID="0" UPDATEDATE="2025-09-30" STARTDATE="2025-09-30" ENDDATE="2079-06-06" ISACTUAL="1" ISACTIVE="0" /><APARTMENT ID="32947262" OBJECTID="55400272" OBJECTGUID="d96397ec-4679-4c30-a20b-d30ec46c84ab" CHANGEID="82865142" NUMBER="17" APARTTYPE="2" OPERTYPEID="10" PREVID="0" NEXTID="111809244" UPDATEDATE="2025-09-30" STARTDATE="2018-10-15" ENDDATE="2025-09-30" ISACTUAL="0" ISACTIVE="0" /><APARTMENT ID="111809245" OBJECTID="55400285" OBJECTGUID="d9f5ed86-d754-4274-a385-6e3b13200b47" CHANGEID="689738537" NUMBER="10" APARTTYPE="2" OPERTYPEID="30" PREVID="32947269" NEXTID="0" UPDATEDATE="2025-09-30" STARTDATE="2025-09-30" ENDDATE="2079-06-06" ISACTUAL="1" ISACTIVE="0" /><APARTMENT ID="32947269" OBJECTID="55400285" OBJECTGUID="d9f5ed86-d754-4274-a385-6e3b13200b47" CHANGEID="82865162" NUMBER="10" APARTTYPE="2" OPERTYPEID="10" PREVID="0" NEXTID="111809245" UPDATEDATE="2025-09-30" STARTDATE="2018-10-15" ENDDATE="2025-09-30" ISACTUAL="0" ISACTIVE="0" /><APARTMENT ID="111809246" OBJECTID="55400293" OBJECTGUID="e070c085-a6e6-4204-a233-aacefb06d51b" CHANGEID="689738538" NUMBER="12" APARTTYPE="2" OPERTYPEID="30" PREVID="32947277" NEXTID="0" UPDATEDATE="2025-09-30" STARTDATE="2025-09-30" ENDDATE="2079-06-06" ISACTUAL="1" ISACTIVE="0" /><APARTMENT ID="32947277" OBJECTID="55400293" OBJECTGUID="e070c085-a6e6-4204-a233-aacefb06d51b" CHANGEID="82865175" NUMBER="12" APARTTYPE="2" OPERTYPEID="10" PREVID="0" NEXTID="111809246" UPDATEDATE="2025-09-30" STARTDATE="2018-10-15" ENDDATE="2025-09-30" ISACTUAL="0" ISACTIVE="0" /><APARTMENT ID="111809247" OBJECTID="55400300" OBJECTGUID="e0c39423-9420-4586-b8cf-5ce86418d684" CHANGEID="689738539" NUMBER="9" APARTTYPE="2" OPERTYPEID="30" PREVID="32947286" NEXTID="0" UPDATEDATE="2025-09-30" STARTDATE="2025-09-30" ENDDATE="2079-06-06" ISACTUAL="1" ISACTIVE="0" /><APARTMENT ID="32947286" OBJECTID="55400300" OBJECTGUID="e0c39423-9420-4586-b8cf-5ce86418d684" CHANGEID="82865193" NUMBER="9" APARTTYPE="2" OPERTYPEID="10" PREVID="0" NEXTID="111809247" UPDATEDATE="2025-09-30" STARTDATE="2018-10-15" ENDDATE="2025-09-30" ISACTUAL="0" ISACTIVE="0" /><APARTMENT ID="111809248" OBJECTID="55400304" OBJECTGUID="e72c9bea-652e-46f3-93e9-dd439a05fdaf" CHANGEID="689738540" NUMBER="16" APARTTYPE="2" OPERTYPEID="30" PREVID="32947290" NEXTID="0" UPDATEDATE="2025-09-30" STARTDATE="2025-09-30" ENDDATE="2079-06-06" ISACTUAL="1" ISACTIVE="0" /><APARTMENT ID="111809249" OBJECTID="55400399" OBJECTGUID="f1d3519a-8aa6-445b-899c-311911ae7b82" CHANGEID="689738541" NUMBER="20" APARTTYPE="2" OPERTYPEID="30" PREVID="32947376" NEXTID="0" UPDATEDATE="2025-09-30" STARTDATE="2025-09-30" ENDDATE="2079-06-06" ISACTUAL="1" ISACTIVE="0" /><APARTMENT ID="32947376" OBJECTID="55400399" OBJECTGUID="f1d3519a-8aa6-445b-899c-311911ae7b82" CHANGEID="82865324" NUMBER="20" APARTTYPE="2" OPERTYPEID="10" PREVID="0" NEXTID="111809249" UPDATEDATE="2025-09-30" STARTDATE="2018-10-15" ENDDATE="2025-09-30" ISACTUAL="0" ISACTIVE="0" /><APARTMENT ID="111809250" OBJECTID="55400405" OBJECTGUID="f8e7d101-233f-411e-a9e3-1fd4b9f247e3" CHANGEID="689738542" NUMBER="23" APARTTYPE="2" OPERTYPEID="30" PREVID="32947380" NEXTID="0" UPDATEDATE="2025-09-30" STARTDATE="2025-09-30" ENDDATE="2079-06-06" ISACTUAL="1" ISACTIVE="0" /><APARTMENT ID="32947380" OBJECTID="55400405" OBJECTGUID="f8e7d101-233f-411e-a9e3-1fd4b9f247e3" CHANGEID="82865333" NUMBER="23" APARTTYPE="2" OPERTYPEID="10" PREVID="0" NEXTID="111809250" UPDATEDATE="2025-09-30" STARTDATE="2018-10-15" ENDDATE="2025-09-30" ISACTUAL="0" ISACTIVE="0" /><APARTMENT ID="111809251" OBJECTID="55400793" OBJECTGUID="f97f19d6-7993-48cc-a915-7932e00438ae" CHANGEID="689738543" NUMBER="8" APARTTYPE="2" OPERTYPEID="30" PREVID="32947754" NEXTID="0" UPDATEDATE="2025-09-30" STARTDATE="2025-09-30" ENDDATE="2079-06-06" ISACTUAL="1" ISACTIVE="0" /><APARTMENT ID="32947754" OBJECTID="55400793" OBJECTGUID="f97f19d6-7993-48cc-a915-7932e00438ae" CHANGEID="82865849" NUMBER="8" APARTTYPE="2" OPERTYPEID="10" PREVID="0" NEXTID="111809251" UPDATEDATE="2025-09-30" STARTDATE="2018-10-15" ENDDATE="2025-09-30" ISACTUAL="0" ISACTIVE="0" /><APARTMENT ID="111809252" OBJECTID="55401074" OBJECTGUID="fcca8f1b-f7eb-4db5-b063-dbc2a3bd335b" CHANGEID="689738544" NUMBER="22" APARTTYPE="2" OPERTYPEID="30" PREVID="32947794" NEXTID="0" UPDATEDATE="2025-09-30" STARTDATE="2025-09-30" ENDDATE="2079-06-06" ISACTUAL="1" ISACTIVE="0" /><APARTMENT ID="32947794" OBJECTID="55401074" OBJECTGUID="fcca8f1b-f7eb-4db5-b063-dbc2a3bd335b" CHANGEID="82866188" NUMBER="22" APARTTYPE="2" OPERTYPEID="10" PREVID="0" NEXTID="111809252" UPDATEDATE="2025-09-30" STARTDATE="2018-10-15" ENDDATE="2025-09-30" ISACTUAL="0" ISACTIVE="0" /><APARTMENT ID="111809253" OBJECTID="55398721" OBJECTGUID="01c68cef-6fad-4ca7-a2ac-3b1798dc4eb4" CHANGEID="689738545" NUMBER="18" APARTTYPE="2" OPERTYPEID="30" PREVID="32946372" NEXTID="0" UPDATEDATE="2025-09-30" STARTDATE="2025-09-30" ENDDATE="2079-06-06" ISACTUAL="1" ISACTIVE="0" /><APARTMENT ID="32946372" OBJECTID="55398721" OBJECTGUID="01c68cef-6fad-4ca7-a2ac-3b1798dc4eb4" CHANGEID="82862854" NUMBER="18" APARTTYPE="2" OPERTYPEID="10" PREVID="0" NEXTID="111809253" UPDATEDATE="2025-09-30" STARTDATE="2018-10-15" ENDDATE="2025-09-30" ISACTUAL="0" ISACTIVE="0" /><APARTMENT ID="111809254" OBJECTID="55398831" OBJECTGUID="126e4f00-ae73-43fc-a833-9ed9724ab094" CHANGEID="689738546" NUMBER="13" APARTTYPE="2" OPERTYPEID="30" PREVID="32946460" NEXTID="0" UPDATEDATE="2025-09-30" STARTDATE="2025-09-30" ENDDATE="2079-06-06" ISACTUAL="1" ISACTIVE="0" /><APARTMENT ID="32946460" OBJECTID="55398831" OBJECTGUID="126e4f00-ae73-43fc-a833-9ed9724ab094" CHANGEID="82863031" NUMBER="13" APARTTYPE="2" OPERTYPEID="10" PREVID="0" NEXTID="111809254" UPDATEDATE="2025-09-30" STARTDATE="2018-10-15" ENDDATE="2025-09-30" ISACTUAL="0" ISACTIVE="0" /><APARTMENT ID="111809255" OBJECTID="55399013" OBJECTGUID="18dc6ce4-d67f-4a92-a2fa-3df259963733" CHANGEID="689738547" NUMBER="21" APARTTYPE="2" OPERTYPEID="30" PREVID="32946523" NEXTID="0" UPDATEDATE="2025-09-30" STARTDATE="2025-09-30" ENDDATE="2079-06-06" ISACTUAL="1" ISACTIVE="0" /><APARTMENT ID="32946523" OBJECTID="55399013" OBJECTGUID="18dc6ce4-d67f-4a92-a2fa-3df259963733" CHANGEID="82863310" NUMBER="21" APARTTYPE="2" OPERTYPEID="10" PREVID="0" NEXTID="111809255" UPDATEDATE="2025-09-30" STARTDATE="2018-10-15" ENDDATE="2025-09-30" ISACTUAL="0" ISACTIVE="0" /><APARTMENT ID="111809256" OBJECTID="55399020" OBJECTGUID="39af218d-39fc-49c4-a5cb-54a986ba1e5d" CHANGEID="689738548" NUMBER="15" APARTTYPE="2" OPERTYPEID="30" PREVID="32946528" NEXTID="0" UPDATEDATE="2025-09-30" STARTDATE="2025-09-30" ENDDATE="2079-06-06" ISACTUAL="1" ISACTIVE="0" /><APARTMENT ID="32946528" OBJECTID="55399020" OBJECTGUID="39af218d-39fc-49c4-a5cb-54a986ba1e5d" CHANGEID="82863325" NUMBER="15" APARTTYPE="2" OPERTYPEID="10" PREVID="0" NEXTID="111809256" UPDATEDATE="2025-09-30" STARTDATE="2018-10-15" ENDDATE="2025-09-30" ISACTUAL="0" ISACTIVE="0" /><APARTMENT ID="111809257" OBJECTID="55399025" OBJECTGUID="3ba7d673-0a75-4e4e-ad2f-fea7bce973fa" CHANGEID="689738549" NUMBER="3" APARTTYPE="2" OPERTYPEID="30" PREVID="32946531" NEXTID="0" UPDATEDATE="2025-09-30" STARTDATE="2025-09-30" ENDDATE="2079-06-06" ISACTUAL="1" ISACTIVE="0" /><APARTMENT ID="32946531" OBJECTID="55399025" OBJECTGUID="3ba7d673-0a75-4e4e-ad2f-fea7bce973fa" CHANGEID="82863332" NUMBER="3" APARTTYPE="2" OPERTYPEID="10" PREVID="0" NEXTID="111809257" UPDATEDATE="2025-09-30" STARTDATE="2018-10-15" ENDDATE="2025-09-30" ISACTUAL="0" ISACTIVE="0" /><APARTMENT ID="111809258" OBJECTID="55399082" OBJECTGUID="54d1cb47-a137-4f6f-8091-69b407ab4da6" CHANGEID="689738550" NUMBER="24" APARTTYPE="2" OPERTYPEID="30" PREVID="32946579" NEXTID="0" UPDATEDATE="2025-09-30" STARTDATE="2025-09-30" ENDDATE="2079-06-06" ISACTUAL="1" ISACTIVE="0" /><APARTMENT ID="32946579" OBJECTID="55399082" OBJECTGUID="54d1cb47-a137-4f6f-8091-69b407ab4da6" CHANGEID="82863428" NUMBER="24" APARTTYPE="2" OPERTYPEID="10" PREVID="0" NEXTID="111809258" UPDATEDATE="2025-09-30" STARTDATE="2018-10-15" ENDDATE="2025-09-30" ISACTUAL="0" ISACTIVE="0" /><APARTMENT ID="111809259" OBJECTID="62142906" OBJECTGUID="3c11c713-c46c-45d5-8028-ef4e92a2f1cb" CHANGEID="689738632" NUMBER="4" APARTTYPE="2" OPERTYPEID="30" PREVID="36998358" NEXTID="0" UPDATEDATE="2025-09-30" STARTDATE="2025-09-30" ENDDATE="2079-06-06" ISACTUAL="1" ISACTIVE="0" /><APARTMENT ID="36998358" OBJECTID="62142906" OBJECTGUID="3c11c713-c46c-45d5-8028-ef4e92a2f1cb" CHANGEID="92794501" NUMBER="4" APARTTYPE="2" OPERTYPEID="10" PREVID="0" NEXTID="111809259" UPDATEDATE="2025-09-30" STARTDATE="1999-04-27" ENDDATE="2025-09-30" ISACTUAL="0" ISACTIVE="0" /><APARTMENT ID="111809260" OBJECTID="62143363" OBJECTGUID="7a576fbb-0cf0-41de-8617-e27d2d606d71" CHANGEID="689738633" NUMBER="1" APARTTYPE="2" OPERTYPEID="30" PREVID="36998546" NEXTID="0" UPDATEDATE="2025-09-30" STARTDATE="2025-09-30" ENDDATE="2079-06-06" ISACTUAL="1" ISACTIVE="0" /><APARTMENT ID="36998546" OBJECTID="62143363" OBJECTGUID="7a576fbb-0cf0-41de-8617-e27d2d606d71" CHANGEID="92795161" NUMBER="1" APARTTYPE="2" OPERTYPEID="10" PREVID="0" NEXTID="111809260" UPDATEDATE="2025-09-30" STARTDATE="1999-04-27" ENDDATE="2025-09-30" ISACTUAL="0" ISACTIVE="0" /><APARTMENT ID="111809261" OBJECTID="62143389" OBJECTGUID="ddb747d9-2969-4d23-b2fa-0969bea9b1fb" CHANGEID="689738634" NUMBER="3" APARTTYPE="2" OPERTYPEID="30" PREVID="36998575" NEXTID="0" UPDATEDATE="2025-09-30" STARTDATE="2025-09-30" ENDDATE="2079-06-06" ISACTUAL="1" ISACTIVE="0" /><APARTMENT ID="36998575" OBJECTID="62143389" OBJECTGUID="ddb747d9-2969-4d23-b2fa-0969bea9b1fb" CHANGEID="92795195" NUMBER="3" APARTTYPE="2" OPERTYPEID="10" PREVID="0" NEXTID="111809261" UPDATEDATE="2025-09-30" STARTDATE="1999-04-27" ENDDATE="2025-09-30" ISACTUAL="0" ISACTIVE="0" /><APARTMENT ID="111809371" OBJECTID="174962847" OBJECTGUID="6e2a7f10-19aa-4222-bb9e-c1e74262b0d4" CHANGEID="689741571" NUMBER="3" APARTTYPE="2" OPERTYPEID="10" PREVID="0" NEXTID="0" UPDATEDATE="2025-09-30" STARTDATE="2025-09-30" ENDDATE="2079-06-06" ISACTUAL="1" ISACTIVE="1" /><APARTMENT ID="111809372" OBJECTID="59045061" OBJECTGUID="002d47b5-965c-4370-a319-5d3bfc2fcd60" CHANGEID="689741598" NUMBER="2" APARTTYPE="2" OPERTYPEID="30" PREVID="35161011" NEXTID="0" UPDATEDATE="2025-09-30" STARTDATE="2025-09-30" ENDDATE="2079-06-06" ISACTUAL="1" ISACTIVE="0" /><APARTMENT ID="35161011" OBJECTID="59045061" OBJECTGUID="002d47b5-965c-4370-a319-5d3bfc2fcd60" CHANGEID="88223905" NUMBER="2" APARTTYPE="2" OPERTYPEID="10" PREVID="0" NEXTID="111809372" UPDATEDATE="2025-09-30" STARTDATE="2019-01-10" ENDDATE="2025-09-30" ISACTUAL="0" ISACTIVE="0" /><APARTMENT ID="111810583" OBJECTID="174966281" OBJECTGUID="bd8a37fa-81ec-430d-be61-157eee22557f" CHANGEID="689748898" NUMBER="23/1" APARTTYPE="1" OPERTYPEID="10" PREVID="0" NEXTID="0" UPDATEDATE="2025-09-30" STARTDATE="2025-09-30" ENDDATE="2079-06-06" ISACTUAL="1" ISACTIVE="1" /><APARTMENT ID="111810665" OBJECTID="174966812" OBJECTGUID="8ff2db73-3144-4f00-8ac6-48edc30a9dbd" CHANGEID="689750519" NUMBER="2а/1" APARTTYPE="1" OPERTYPEID="10" PREVID="0" NEXTID="0" UPDATEDATE="2025-09-30" STARTDATE="2025-09-30" ENDDATE="2079-06-06" ISACTUAL="1" ISACTIVE="1" /><APARTMENT ID="111810818" OBJECTID="174968189" OBJECTGUID="ccf435e6-5a32-4465-94b8-c3503b505080" CHANGEID="689753500" NUMBER="8/1" APARTTYPE="1" OPERTYPEID="10" PREVID="0" NEXTID="0" UPDATEDATE="2025-09-30" STARTDATE="2025-09-30" ENDDATE="2079-06-06" ISACTUAL="1" ISACTIVE="1" /><APARTMENT ID="111813109" OBJECTID="174975285" OBJECTGUID="da3385af-77f8-414b-aca8-00856a85b4ed" CHANGEID="689787536" NUMBER="2" APARTTYPE="1" OPERTYPEID="10" PREVID="0" NEXTID="0" UPDATEDATE="2025-10-01" STARTDATE="2025-10-01" ENDDATE="2079-06-06" ISACTUAL="1" ISACTIVE="1" /><APARTMENT ID="111813110" OBJECTID="174975286" OBJECTGUID="0d52ae17-930c-41b5-bc17-d20b2f154f73" CHANGEID="689787537" NUMBER="1" APARTTYPE="1" OPERTYPEID="10" PREVID="0" NEXTID="0" UPDATEDATE="2025-10-01" STARTDATE="2025-10-01" ENDDATE="2079-06-06" ISACTUAL="1" ISACTIVE="1" /><APARTMENT ID="111814397" OBJECTID="5209953" OBJECTGUID="036fc55c-32b8-40ff-9148-a098693a9095" CHANGEID="689794467" NUMBER="5" APARTTYPE="2" OPERTYPEID="30" PREVID="2311755" NEXTID="0" UPDATEDATE="2025-10-01" STARTDATE="2025-10-01" ENDDATE="2079-06-06" ISACTUAL="1" ISACTIVE="0" /><APARTMENT ID="2311755" OBJECTID="5209953" OBJECTGUID="036fc55c-32b8-40ff-9148-a098693a9095" CHANGEID="9504797" NUMBER="5" APARTTYPE="2" OPERTYPEID="10" PREVID="0" NEXTID="111814397" UPDATEDATE="2025-10-01" STARTDATE="2018-07-03" ENDDATE="2025-10-01" ISACTUAL="0" ISACTIVE="0" /><APARTMENT ID="111814398" OBJECTID="5210074" OBJECTGUID="929e4ad3-fe4f-4b7f-b2c6-a0b02ebdd9ad" CHANGEID="689794468" NUMBER="6" APARTTYPE="2" OPERTYPEID="30" PREVID="2311780" NEXTID="0" UPDATEDATE="2025-10-01" STARTDATE="2025-10-01" ENDDATE="2079-06-06" ISACTUAL="1" ISACTIVE="0" /><APARTMENT ID="2311780" OBJECTID="5210074" OBJECTGUID="929e4ad3-fe4f-4b7f-b2c6-a0b02ebdd9ad" CHANGEID="9504967" NUMBER="6" APARTTYPE="2" OPERTYPEID="10" PREVID="0" NEXTID="111814398" UPDATEDATE="2025-10-01" STARTDATE="2018-07-03" ENDDATE="2025-10-01" ISACTUAL="0" ISACTIVE="0" /><APARTMENT ID="111814399" OBJECTID="5210079" OBJECTGUID="9dd58a57-896f-4ccc-9568-ab928ef357a0" CHANGEID="689794469" NUMBER="1" APARTTYPE="2" OPERTYPEID="30" PREVID="2311785" NEXTID="0" UPDATEDATE="2025-10-01" STARTDATE="2025-10-01" ENDDATE="2079-06-06" ISACTUAL="1" ISACTIVE="0" /><APARTMENT ID="2311785" OBJECTID="5210079" OBJECTGUID="9dd58a57-896f-4ccc-9568-ab928ef357a0" CHANGEID="9504975" NUMBER="1" APARTTYPE="2" OPERTYPEID="10" PREVID="0" NEXTID="111814399" UPDATEDATE="2025-10-01" STARTDATE="2018-07-03" ENDDATE="2025-10-01" ISACTUAL="0" ISACTIVE="0" /><APARTMENT ID="111814400" OBJECTID="174979311" OBJECTGUID="2cae880b-670d-49ed-a2ef-1923d0de7860" CHANGEID="689794790" NUMBER="8/1" APARTTYPE="1" OPERTYPEID="10" PREVID="0" NEXTID="0" UPDATEDATE="2025-10-01" STARTDATE="2025-10-01" ENDDATE="2079-06-06" ISACTUAL="1" ISACTIVE="1" /><APARTMENT ID="111814401" OBJECTID="174979312" OBJECTGUID="4c367509-a64c-4d9c-a1f3-ae6054d6886d" CHANGEID="689794791" NUMBER="5/1" APARTTYPE="1" OPERTYPEID="10" PREVID="0" NEXTID="0" UPDATEDATE="2025-10-01" STARTDATE="2025-10-01" ENDDATE="2079-06-06" ISACTUAL="1" ISACTIVE="1" /><APARTMENT ID="111814502" OBJECTID="174979415" OBJECTGUID="95984f04-664d-408d-9d21-7a1049024ac2" CHANGEID="689794901" NUMBER="6" APARTTYPE="1" OPERTYPEID="10" PREVID="0" NEXTID="0" UPDATEDATE="2025-10-01" STARTDATE="2025-10-01" ENDDATE="2079-06-06" ISACTUAL="1" ISACTIVE="1" /><APARTMENT ID="111814719" OBJECTID="174981216" OBJECTGUID="074690de-6472-40cd-adb3-06bffe1c076b" CHANGEID="689799034" NUMBER="3" APARTTYPE="2" OPERTYPEID="10" PREVID="0" NEXTID="0" UPDATEDATE="2025-10-01" STARTDATE="2025-10-01" ENDDATE="2079-06-06" ISACTUAL="1" ISACTIVE="1" /><APARTMENT ID="111814720" OBJECTID="174981217" OBJECTGUID="223bfac1-eb23-44a9-8d84-4f6dfe4347c6" CHANGEID="689799035" NUMBER="1" APARTTYPE="2" OPERTYPEID="10" PREVID="0" NEXTID="0" UPDATEDATE="2025-10-01" STARTDATE="2025-10-01" ENDDATE="2079-06-06" ISACTUAL="1" ISACTIVE="1" /><APARTMENT ID="111814721" OBJECTID="174981218" OBJECTGUID="352e9354-65af-454b-974e-5d677bb67e78" CHANGEID="689799036" NUMBER="4" APARTTYPE="2" OPERTYPEID="10" PREVID="0" NEXTID="0" UPDATEDATE="2025-10-01" STARTDATE="2025-10-01" ENDDATE="2079-06-06" ISACTUAL="1" ISACTIVE="1" /><APARTMENT ID="111814819" OBJECTID="22069397" OBJECTGUID="025ff8b7-669d-43b5-866f-a898274d6ede" CHANGEID="689799974" NUMBER="2" APARTTYPE="2" OPERTYPEID="30" PREVID="12387308" NEXTID="0" UPDATEDATE="2025-10-01" STARTDATE="2025-10-01" ENDDATE="2079-06-06" ISACTUAL="1" ISACTIVE="0" /><APARTMENT ID="12387308" OBJECTID="22069397" OBJECTGUID="025ff8b7-669d-43b5-866f-a898274d6ede" CHANGEID="34427625" NUMBER="2" APARTTYPE="2" OPERTYPEID="10" PREVID="0" NEXTID="111814819" UPDATEDATE="2025-10-01" STARTDATE="2017-05-31" ENDDATE="2025-10-01" ISACTUAL="0" ISACTIVE="0" /><APARTMENT ID="111814820" OBJECTID="22069463" OBJECTGUID="d96c26d6-558e-4d8a-9513-d6c985bb0201" CHANGEID="689799975" NUMBER="1" APARTTYPE="2" OPERTYPEID="30" PREVID="12387319" NEXTID="0" UPDATEDATE="2025-10-01" STARTDATE="2025-10-01" ENDDATE="2079-06-06" ISACTUAL="1" ISACTIVE="0" /><APARTMENT ID="12387319" OBJECTID="22069463" OBJECTGUID="d96c26d6-558e-4d8a-9513-d6c985bb0201" CHANGEID="34427706" NUMBER="1" APARTTYPE="2" OPERTYPEID="10" PREVID="0" NEXTID="111814820" UPDATEDATE="2025-10-01" STARTDATE="2017-05-31" ENDDATE="2025-10-01" ISACTUAL="0" ISACTIVE="0" /><APARTMENT ID="111814821" OBJECTID="58302833" OBJECTGUID="a49d806e-587a-4c94-8fa1-1624a3c92620" CHANGEID="689799978" NUMBER="2" APARTTYPE="2" OPERTYPEID="30" PREVID="34706721" NEXTID="0" UPDATEDATE="2025-10-01" STARTDATE="2025-10-01" ENDDATE="2079-06-06" ISACTUAL="1" ISACTIVE="0" /><APARTMENT ID="111814822" OBJECTID="58303057" OBJECTGUID="f943d278-8286-4895-b1ef-0380506307c4" CHANGEID="689799979" NUMBER="1" APARTTYPE="2" OPERTYPEID="30" PREVID="34706805" NEXTID="0" UPDATEDATE="2025-10-01" STARTDATE="2025-10-01" ENDDATE="2079-06-06" ISACTUAL="1" ISACTIVE="0" /><APARTMENT ID="111815247" OBJECTID="74393437" OBJECTGUID="33de6ddb-25e5-4f69-8837-263d846d2667" CHANGEID="689802142" NUMBER="1" APARTTYPE="2" OPERTYPEID="30" PREVID="44439582" NEXTID="0" UPDATEDATE="2025-10-01" STARTDATE="2025-10-01" ENDDATE="2079-06-06" ISACTUAL="1" ISACTIVE="0" /><APARTMENT ID="111815248" OBJECTID="74393528" OBJECTGUID="776ea133-a09f-4782-8d69-073fed28ce9a" CHANGEID="689802143" NUMBER="2" APARTTYPE="2" OPERTYPEID="30" PREVID="44439675" NEXTID="0" UPDATEDATE="2025-10-01" STARTDATE="2025-10-01" ENDDATE="2079-06-06" ISACTUAL="1" ISACTIVE="0" /><APARTMENT ID="44439675" OBJECTID="74393528" OBJECTGUID="776ea133-a09f-4782-8d69-073fed28ce9a" CHANGEID="110718631" NUMBER="2" APARTTYPE="2" OPERTYPEID="10" PREVID="0" NEXTID="111815248" UPDATEDATE="2025-10-01" STARTDATE="2017-05-31" ENDDATE="2025-10-01" ISACTUAL="0" ISACTIVE="0" /><APARTMENT ID="111816267" OBJECTID="161728954" OBJECTGUID="f3fb1b3a-1c06-4ada-812d-196e37479a36" CHANGEID="689806387" NUMBER="5/1" APARTTYPE="1" OPERTYPEID="20" PREVID="106819838" UPDATEDATE="2025-10-01" STARTDATE="2025-10-01" ENDDATE="2079-06-06" ISACTUAL="1" ISACTIVE="1" /><APARTMENT ID="106819838" OBJECTID="161728954" OBJECTGUID="f3fb1b3a-1c06-4ada-812d-196e37479a36" CHANGEID="576454227" NUMBER="391" APARTTYPE="2" OPERTYPEID="10" PREVID="0" NEXTID="111816267" UPDATEDATE="2025-10-01" STARTDATE="2023-12-12" ENDDATE="2025-10-01" ISACTUAL="0" ISACTIVE="0" /><APARTMENT ID="111816269" OBJECTID="174984607" OBJECTGUID="a5604df7-ed4f-4127-af4d-4718ff13a00a" CHANGEID="689806391" NUMBER="1" APARTTYPE="1" OPERTYPEID="10" PREVID="0" NEXTID="0" UPDATEDATE="2025-10-01" STARTDATE="2025-10-01" ENDDATE="2079-06-06" ISACTUAL="1" ISACTIVE="1" /><APARTMENT ID="111816276" OBJECTID="174984712" OBJECTGUID="fe9fca2e-5d3b-4e8e-90b8-f4e97f3d76ff" CHANGEID="689806604" NUMBER="271" APARTTYPE="2" OPERTYPEID="10" PREVID="0" NEXTID="0" UPDATEDATE="2025-10-01" STARTDATE="2025-10-01" ENDDATE="2079-06-06" ISACTUAL="1" ISACTIVE="1" /><APARTMENT ID="111817452" OBJECTID="52431846" OBJECTGUID="0f3a8a33-535e-4780-ac0b-c29d6212d866" CHANGEID="689813276" NUMBER="1" APARTTYPE="2" OPERTYPEID="30" PREVID="31107389" NEXTID="0" UPDATEDATE="2025-10-01" STARTDATE="2025-10-01" ENDDATE="2079-06-06" ISACTUAL="1" ISACTIVE="0" /><APARTMENT ID="31107389" OBJECTID="52431846" OBJECTGUID="0f3a8a33-535e-4780-ac0b-c29d6212d866" CHANGEID="78555988" NUMBER="1" APARTTYPE="2" OPERTYPEID="10" PREVID="0" NEXTID="111817452" UPDATEDATE="2025-10-01" STARTDATE="2017-05-31" ENDDATE="2025-10-01" ISACTUAL="0" ISACTIVE="0" /><APARTMENT ID="111817453" OBJECTID="52431906" OBJECTGUID="25d378d8-08b2-40ba-87ed-267d06ec2c74" CHANGEID="689813277" NUMBER="2" APARTTYPE="2" OPERTYPEID="30" PREVID="31107426" NEXTID="0" UPDATEDATE="2025-10-01" STARTDATE="2025-10-01" ENDDATE="2079-06-06" ISACTUAL="1" ISACTIVE="0" /><APARTMENT ID="31107426" OBJECTID="52431906" OBJECTGUID="25d378d8-08b2-40ba-87ed-267d06ec2c74" CHANGEID="78556074" NUMBER="2" APARTTYPE="2" OPERTYPEID="10" PREVID="0" NEXTID="111817453" UPDATEDATE="2025-10-01" STARTDATE="2017-05-31" ENDDATE="2025-10-01" ISACTUAL="0" ISACTIVE="0" /><APARTMENT ID="111818232" OBJECTID="11279414" OBJECTGUID="dc622454-4d21-4035-bf2f-bc683969a280" CHANGEID="689816878" NUMBER="1" APARTTYPE="2" OPERTYPEID="30" PREVID="5992613" NEXTID="0" UPDATEDATE="2025-10-01" STARTDATE="2025-10-01" ENDDATE="2079-06-06" ISACTUAL="1" ISACTIVE="0" /><APARTMENT ID="5992613" OBJECTID="11279414" OBJECTGUID="dc622454-4d21-4035-bf2f-bc683969a280" CHANGEID="18379810" NUMBER="1" APARTTYPE="2" OPERTYPEID="10" PREVID="0" NEXTID="111818232" UPDATEDATE="2025-10-01" STARTDATE="2017-06-07" ENDDATE="2025-10-01" ISACTUAL="0" ISACTIVE="0" /><APARTMENT ID="111818233" OBJECTID="11294861" OBJECTGUID="7c60d0a5-e99f-4536-aeab-c537c002f9ed" CHANGEID="689816910" NUMBER="1" APARTTYPE="2" OPERTYPEID="30" PREVID="6002079" NEXTID="0" UPDATEDATE="2025-10-01" STARTDATE="2025-10-01" ENDDATE="2079-06-06" ISACTUAL="1" ISACTIVE="0" /><APARTMENT ID="6002079" OBJECTID="11294861" OBJECTGUID="7c60d0a5-e99f-4536-aeab-c537c002f9ed" CHANGEID="18402414" NUMBER="1" APARTTYPE="2" OPERTYPEID="10" PREVID="0" NEXTID="111818233" UPDATEDATE="2025-10-01" STARTDATE="2015-12-02" ENDDATE="2025-10-01" ISACTUAL="0" ISACTIVE="0" /><APARTMENT ID="111818238" OBJECTID="11282197" OBJECTGUID="81e60210-d0f7-490f-bbf9-986a00d08905" CHANGEID="689816941" NUMBER="2" APARTTYPE="2" OPERTYPEID="30" PREVID="5994328" NEXTID="0" UPDATEDATE="2025-10-01" STARTDATE="2025-10-01" ENDDATE="2079-06-06" ISACTUAL="1" ISACTIVE="0" /><APARTMENT ID="5994328" OBJECTID="11282197" OBJECTGUID="81e60210-d0f7-490f-bbf9-986a00d08905" CHANGEID="18383712" NUMBER="2" APARTTYPE="2" OPERTYPEID="10" PREVID="0" NEXTID="111818238" UPDATEDATE="2025-10-01" STARTDATE="2015-12-02" ENDDATE="2025-10-01" ISACTUAL="0" ISACTIVE="0" /><APARTMENT ID="111818239" OBJECTID="4348466" OBJECTGUID="f4066e75-cc22-4142-932b-caf7a037c0d0" CHANGEID="689816980" NUMBER="1" APARTTYPE="2" OPERTYPEID="30" PREVID="1786547" NEXTID="0" UPDATEDATE="2025-10-01" STARTDATE="2025-10-01" ENDDATE="2079-06-06" ISACTUAL="1" ISACTIVE="0" /><APARTMENT ID="1786547" OBJECTID="4348466" OBJECTGUID="f4066e75-cc22-4142-932b-caf7a037c0d0" CHANGEID="8226872" NUMBER="1" APARTTYPE="2" OPERTYPEID="10" PREVID="0" NEXTID="111818239" UPDATEDATE="2025-10-01" STARTDATE="1999-05-14" ENDDATE="2025-10-01" ISACTUAL="0" ISACTIVE="0" /><APARTMENT ID="111818241" OBJECTID="4348438" OBJECTGUID="aff5f533-bfdd-462c-af46-e3abfd79da20" CHANGEID="689816993" NUMBER="3" APARTTYPE="2" OPERTYPEID="30" PREVID="1786529" NEXTID="0" UPDATEDATE="2025-10-01" STARTDATE="2025-10-01" ENDDATE="2079-06-06" ISACTUAL="1" ISACTIVE="0" /><APARTMENT ID="1786529" OBJECTID="4348438" OBJECTGUID="aff5f533-bfdd-462c-af46-e3abfd79da20" CHANGEID="8226838" NUMBER="3" APARTTYPE="2" OPERTYPEID="10" PREVID="0" NEXTID="111818241" UPDATEDATE="2025-10-01" STARTDATE="1999-05-14" ENDDATE="2025-10-01" ISACTUAL="0" ISACTIVE="0" /><APARTMENT ID="111818234" OBJECTID="11286539" OBJECTGUID="5cdbb20c-8b69-4c31-bdb1-de540725e2a9" CHANGEID="689816921" NUMBER="1" APARTTYPE="2" OPERTYPEID="30" PREVID="5996980" NEXTID="0" UPDATEDATE="2025-10-01" STARTDATE="2025-10-01" ENDDATE="2079-06-06" ISACTUAL="1" ISACTIVE="0" /><APARTMENT ID="111818243" OBJECTID="4348404" OBJECTGUID="91c245bc-903a-47cf-b67d-c1ad32373e2c" CHANGEID="689817009" NUMBER="5" APARTTYPE="2" OPERTYPEID="30" PREVID="1786504" NEXTID="0" UPDATEDATE="2025-10-01" STARTDATE="2025-10-01" ENDDATE="2079-06-06" ISACTUAL="1" ISACTIVE="0" /><APARTMENT ID="1786504" OBJECTID="4348404" OBJECTGUID="91c245bc-903a-47cf-b67d-c1ad32373e2c" CHANGEID="8226795" NUMBER="5" APARTTYPE="2" OPERTYPEID="10" PREVID="0" NEXTID="111818243" UPDATEDATE="2025-10-01" STARTDATE="1999-05-14" ENDDATE="2025-10-01" ISACTUAL="0" ISACTIVE="0" /><APARTMENT ID="111818246" OBJECTID="22219235" OBJECTGUID="f9a24e59-edee-45c1-9f60-3304aa6b0ac8" CHANGEID="689817034" NUMBER="1" APARTTYPE="2" OPERTYPEID="30" PREVID="12475468" NEXTID="0" UPDATEDATE="2025-10-01" STARTDATE="2025-10-01" ENDDATE="2079-06-06" ISACTUAL="1" ISACTIVE="0" /><APARTMENT ID="12475468" OBJECTID="22219235" OBJECTGUID="f9a24e59-edee-45c1-9f60-3304aa6b0ac8" CHANGEID="34651486" NUMBER="1" APARTTYPE="2" OPERTYPEID="10" PREVID="0" NEXTID="111818246" UPDATEDATE="2025-10-01" STARTDATE="2015-12-01" ENDDATE="2025-10-01" ISACTUAL="0" ISACTIVE="0" /><APARTMENT ID="111818249" OBJECTID="22218543" OBJECTGUID="2c38832b-dd83-4858-88bf-21be7c44a13e" CHANGEID="689817053" NUMBER="4" APARTTYPE="2" OPERTYPEID="30" PREVID="12474913" NEXTID="0" UPDATEDATE="2025-10-01" STARTDATE="2025-10-01" ENDDATE="2079-06-06" ISACTUAL="1" ISACTIVE="0" /><APARTMENT ID="12474913" OBJECTID="22218543" OBJECTGUID="2c38832b-dd83-4858-88bf-21be7c44a13e" CHANGEID="34650622" NUMBER="4" APARTTYPE="2" OPERTYPEID="10" PREVID="0" NEXTID="111818249" UPDATEDATE="2025-10-01" STARTDATE="2015-12-01" ENDDATE="2025-10-01" ISACTUAL="0" ISACTIVE="0" /><APARTMENT ID="111818253" OBJECTID="22206275" OBJECTGUID="1c9cfb44-6797-4931-b2fe-6f5a6c12092a" CHANGEID="689817087" NUMBER="1" APARTTYPE="2" OPERTYPEID="30" PREVID="12467049" NEXTID="0" UPDATEDATE="2025-10-01" STARTDATE="2025-10-01" ENDDATE="2079-06-06" ISACTUAL="1" ISACTIVE="0" /><APARTMENT ID="111818255" OBJECTID="22206622" OBJECTGUID="b26d22be-7ed6-41c7-bdb4-34299cb534cd" CHANGEID="689817121" NUMBER="2" APARTTYPE="2" OPERTYPEID="30" PREVID="12467272" NEXTID="0" UPDATEDATE="2025-10-01" STARTDATE="2025-10-01" ENDDATE="2079-06-06" ISACTUAL="1" ISACTIVE="0" /><APARTMENT ID="12467272" OBJECTID="22206622" OBJECTGUID="b26d22be-7ed6-41c7-bdb4-34299cb534cd" CHANGEID="34633986" NUMBER="2" APARTTYPE="2" OPERTYPEID="10" PREVID="0" NEXTID="111818255" UPDATEDATE="2025-10-01" STARTDATE="2017-06-06" ENDDATE="2025-10-01" ISACTUAL="0" ISACTIVE="0" /><APARTMENT ID="111818257" OBJECTID="22209824" OBJECTGUID="42b205ad-491c-490a-952c-54814f924a97" CHANGEID="689817164" NUMBER="3" APARTTYPE="2" OPERTYPEID="30" PREVID="12469482" NEXTID="0" UPDATEDATE="2025-10-01" STARTDATE="2025-10-01" ENDDATE="2079-06-06" ISACTUAL="1" ISACTIVE="0" /><APARTMENT ID="12469482" OBJECTID="22209824" OBJECTGUID="42b205ad-491c-490a-952c-54814f924a97" CHANGEID="34638354" NUMBER="3" APARTTYPE="2" OPERTYPEID="10" PREVID="0" NEXTID="111818257" UPDATEDATE="2025-10-01" STARTDATE="2015-11-23" ENDDATE="2025-10-01" ISACTUAL="0" ISACTIVE="0" /><APARTMENT ID="111818258" OBJECTID="22214738" OBJECTGUID="6d7d241a-1b13-409b-a8a7-8a9c694e10c7" CHANGEID="689817181" NUMBER="1" APARTTYPE="2" OPERTYPEID="30" PREVID="12472556" NEXTID="0" UPDATEDATE="2025-10-01" STARTDATE="2025-10-01" ENDDATE="2079-06-06" ISACTUAL="1" ISACTIVE="0" /><APARTMENT ID="12472556" OBJECTID="22214738" OBJECTGUID="6d7d241a-1b13-409b-a8a7-8a9c694e10c7" CHANGEID="34645478" NUMBER="1" APARTTYPE="2" OPERTYPEID="10" PREVID="0" NEXTID="111818258" UPDATEDATE="2025-10-01" STARTDATE="2015-11-23" ENDDATE="2025-10-01" ISACTUAL="0" ISACTIVE="0" /><APARTMENT ID="111818259" OBJECTID="38486159" OBJECTGUID="357db00e-9190-407d-9234-ecc27bd8df41" CHANGEID="689817198" NUMBER="1" APARTTYPE="2" OPERTYPEID="30" PREVID="22455467" NEXTID="0" UPDATEDATE="2025-10-01" STARTDATE="2025-10-01" ENDDATE="2079-06-06" ISACTUAL="1" ISACTIVE="0" /><APARTMENT ID="22455467" OBJECTID="38486159" OBJECTGUID="357db00e-9190-407d-9234-ecc27bd8df41" CHANGEID="58350488" NUMBER="1" APARTTYPE="2" OPERTYPEID="10" PREVID="0" NEXTID="111818259" UPDATEDATE="2025-10-01" STARTDATE="2015-12-02" ENDDATE="2025-10-01" ISACTUAL="0" ISACTIVE="0" /><APARTMENT ID="111818262" OBJECTID="38486324" OBJECTGUID="e5ead6af-7c57-4f48-8b9f-8d648e2e16ba" CHANGEID="689817218" NUMBER="2" APARTTYPE="2" OPERTYPEID="30" PREVID="22455551" NEXTID="0" UPDATEDATE="2025-10-01" STARTDATE="2025-10-01" ENDDATE="2079-06-06" ISACTUAL="1" ISACTIVE="0" /><APARTMENT ID="22455551" OBJECTID="38486324" OBJECTGUID="e5ead6af-7c57-4f48-8b9f-8d648e2e16ba" CHANGEID="58350772" NUMBER="2" APARTTYPE="2" OPERTYPEID="10" PREVID="0" NEXTID="111818262" UPDATEDATE="2025-10-01" STARTDATE="2015-12-02" ENDDATE="2025-10-01" ISACTUAL="0" ISACTIVE="0" /><APARTMENT ID="111818340" OBJECTID="78871551" OBJECTGUID="4a2b621b-03cf-4f8e-9ac7-30384e9b5c74" CHANGEID="689817319" NUMBER="1" APARTTYPE="2" OPERTYPEID="30" PREVID="47184249" NEXTID="0" UPDATEDATE="2025-10-01" STARTDATE="2025-10-01" ENDDATE="2079-06-06" ISACTUAL="1" ISACTIVE="0" /><APARTMENT ID="111818341" OBJECTID="78864790" OBJECTGUID="33e72975-39b6-434e-b313-b0f2da926faa" CHANGEID="689817342" NUMBER="1" APARTTYPE="2" OPERTYPEID="30" PREVID="47179786" NEXTID="0" UPDATEDATE="2025-10-01" STARTDATE="2025-10-01" ENDDATE="2079-06-06" ISACTUAL="1" ISACTIVE="0" /><APARTMENT ID="111818343" OBJECTID="78865475" OBJECTGUID="edaf987f-d579-4df2-9a7b-dba26b00dc1a" CHANGEID="689817368" NUMBER="4" APARTTYPE="2" OPERTYPEID="30" PREVID="47180146" NEXTID="0" UPDATEDATE="2025-10-01" STARTDATE="2025-10-01" ENDDATE="2079-06-06" ISACTUAL="1" ISACTIVE="0" /><APARTMENT ID="47180146" OBJECTID="78865475" OBJECTGUID="edaf987f-d579-4df2-9a7b-dba26b00dc1a" CHANGEID="117223169" NUMBER="4" APARTTYPE="2" OPERTYPEID="10" PREVID="0" NEXTID="111818343" UPDATEDATE="2025-10-01" STARTDATE="1999-05-14" ENDDATE="2025-10-01" ISACTUAL="0" ISACTIVE="0" /><APARTMENT ID="111818344" OBJECTID="78856969" OBJECTGUID="f6411662-a253-4beb-a574-2c569041e7ee" CHANGEID="689817383" NUMBER="1" APARTTYPE="2" OPERTYPEID="30" PREVID="47174737" NEXTID="0" UPDATEDATE="2025-10-01" STARTDATE="2025-10-01" ENDDATE="2079-06-06" ISACTUAL="1" ISACTIVE="0" /><APARTMENT ID="47174737" OBJECTID="78856969" OBJECTGUID="f6411662-a253-4beb-a574-2c569041e7ee" CHANGEID="117211243" NUMBER="1" APARTTYPE="2" OPERTYPEID="10" PREVID="0" NEXTID="111818344" UPDATEDATE="2025-10-01" STARTDATE="1999-05-14" ENDDATE="2025-10-01" ISACTUAL="0" ISACTIVE="0" /><APARTMENT ID="111818345" OBJECTID="78857087" OBJECTGUID="fb0df940-cdc1-4f85-b220-439c46018fde" CHANGEID="689817393" NUMBER="2" APARTTYPE="2" OPERTYPEID="30" PREVID="47174810" NEXTID="0" UPDATEDATE="2025-10-01" STARTDATE="2025-10-01" ENDDATE="2079-06-06" ISACTUAL="1" ISACTIVE="0" /><APARTMENT ID="47174810" OBJECTID="78857087" OBJECTGUID="fb0df940-cdc1-4f85-b220-439c46018fde" CHANGEID="117211410" NUMBER="2" APARTTYPE="2" OPERTYPEID="10" PREVID="0" NEXTID="111818345" UPDATEDATE="2025-10-01" STARTDATE="1999-05-14" ENDDATE="2025-10-01" ISACTUAL="0" ISACTIVE="0" /><APARTMENT ID="111818346" OBJECTID="78856603" OBJECTGUID="2d42adf4-11c8-4aee-9bff-e52194d91c8a" CHANGEID="689817400" NUMBER="3" APARTTYPE="2" OPERTYPEID="30" PREVID="47174455" NEXTID="0" UPDATEDATE="2025-10-01" STARTDATE="2025-10-01" ENDDATE="2079-06-06" ISACTUAL="1" ISACTIVE="0" /><APARTMENT ID="47174455" OBJECTID="78856603" OBJECTGUID="2d42adf4-11c8-4aee-9bff-e52194d91c8a" CHANGEID="117210760" NUMBER="3" APARTTYPE="2" OPERTYPEID="10" PREVID="0" NEXTID="111818346" UPDATEDATE="2025-10-01" STARTDATE="1999-05-14" ENDDATE="2025-10-01" ISACTUAL="0" ISACTIVE="0" /><APARTMENT ID="111818348" OBJECTID="78852865" OBJECTGUID="2267aa6e-c352-4b18-83c3-9475f4330fd4" CHANGEID="689817409" NUMBER="5" APARTTYPE="2" OPERTYPEID="30" PREVID="47172123" NEXTID="0" UPDATEDATE="2025-10-01" STARTDATE="2025-10-01" ENDDATE="2079-06-06" ISACTUAL="1" ISACTIVE="0" /><APARTMENT ID="111818349" OBJECTID="78856945" OBJECTGUID="7d274f54-bff4-4b8e-9618-9470b49d3b1f" CHANGEID="689817417" NUMBER="6" APARTTYPE="2" OPERTYPEID="30" PREVID="47174714" NEXTID="0" UPDATEDATE="2025-10-01" STARTDATE="2025-10-01" ENDDATE="2079-06-06" ISACTUAL="1" ISACTIVE="0" /><APARTMENT ID="47174714" OBJECTID="78856945" OBJECTGUID="7d274f54-bff4-4b8e-9618-9470b49d3b1f" CHANGEID="117211214" NUMBER="6" APARTTYPE="2" OPERTYPEID="10" PREVID="0" NEXTID="111818349" UPDATEDATE="2025-10-01" STARTDATE="1999-05-14" ENDDATE="2025-10-01" ISACTUAL="0" ISACTIVE="0" /><APARTMENT ID="111818352" OBJECTID="33204857" OBJECTGUID="1744195f-e93b-4826-987c-497169d3500e" CHANGEID="689817439" NUMBER="2" APARTTYPE="2" OPERTYPEID="30" PREVID="19233724" NEXTID="0" UPDATEDATE="2025-10-01" STARTDATE="2025-10-01" ENDDATE="2079-06-06" ISACTUAL="1" ISACTIVE="0" /><APARTMENT ID="111818354" OBJECTID="33225833" OBJECTGUID="db325271-41ee-45f4-ac6b-0623c0fe8745" CHANGEID="689817492" NUMBER="3" APARTTYPE="2" OPERTYPEID="30" PREVID="19245989" NEXTID="0" UPDATEDATE="2025-10-01" STARTDATE="2025-10-01" ENDDATE="2079-06-06" ISACTUAL="1" ISACTIVE="0" /><APARTMENT ID="111818458" OBJECTID="45069507" OBJECTGUID="04757554-ef4a-40dc-aaea-3724519108f9" CHANGEID="689818033" NUMBER="1,2" APARTTYPE="2" OPERTYPEID="30" PREVID="26557220" NEXTID="0" UPDATEDATE="2025-10-01" STARTDATE="2025-10-01" ENDDATE="2079-06-06" ISACTUAL="1" ISACTIVE="0" /><APARTMENT ID="26557220" OBJECTID="45069507" OBJECTGUID="04757554-ef4a-40dc-aaea-3724519108f9" CHANGEID="67908393" NUMBER="1,2" APARTTYPE="2" OPERTYPEID="10" PREVID="0" NEXTID="111818458" UPDATEDATE="2025-10-01" STARTDATE="2015-11-20" ENDDATE="2025-10-01" ISACTUAL="0" ISACTIVE="0" /><APARTMENT ID="111818531" OBJECTID="45066660" OBJECTGUID="ce6c2645-ea8e-4738-b32c-b76d7888d972" CHANGEID="689818119" NUMBER="1,2,3,4,5,6" APARTTYPE="2" OPERTYPEID="30" PREVID="26555378" NEXTID="0" UPDATEDATE="2025-10-01" STARTDATE="2025-10-01" ENDDATE="2079-06-06" ISACTUAL="1" ISACTIVE="0" /><APARTMENT ID="26555378" OBJECTID="45066660" OBJECTGUID="ce6c2645-ea8e-4738-b32c-b76d7888d972" CHANGEID="67904407" NUMBER="1,2,3,4,5,6" APARTTYPE="2" OPERTYPEID="10" PREVID="0" NEXTID="111818531" UPDATEDATE="2025-10-01" STARTDATE="2015-11-20" ENDDATE="2025-10-01" ISACTUAL="0" ISACTIVE="0" /><APARTMENT ID="111818535" OBJECTID="45067989" OBJECTGUID="d941dfd9-afc6-4fd4-be61-a9a3a39b57c7" CHANGEID="689818144" NUMBER="1,2,3,4,5,6,7,8" APARTTYPE="2" OPERTYPEID="30" PREVID="26556283" NEXTID="0" UPDATEDATE="2025-10-01" STARTDATE="2025-10-01" ENDDATE="2079-06-06" ISACTUAL="1" ISACTIVE="0" /><APARTMENT ID="26556283" OBJECTID="45067989" OBJECTGUID="d941dfd9-afc6-4fd4-be61-a9a3a39b57c7" CHANGEID="67906321" NUMBER="1,2,3,4,5,6,7,8" APARTTYPE="2" OPERTYPEID="10" PREVID="0" NEXTID="111818535" UPDATEDATE="2025-10-01" STARTDATE="2015-11-20" ENDDATE="2025-10-01" ISACTUAL="0" ISACTIVE="0" /><APARTMENT ID="111818540" OBJECTID="11953368" OBJECTGUID="c80a07df-0848-4775-ac33-d2e65b6e54ab" CHANGEID="689818220" NUMBER="1,2" APARTTYPE="2" OPERTYPEID="30" PREVID="6410304" NEXTID="0" UPDATEDATE="2025-10-01" STARTDATE="2025-10-01" ENDDATE="2079-06-06" ISACTUAL="1" ISACTIVE="0" /><APARTMENT ID="6410304" OBJECTID="11953368" OBJECTGUID="c80a07df-0848-4775-ac33-d2e65b6e54ab" CHANGEID="19365637" NUMBER="1,2" APARTTYPE="2" OPERTYPEID="10" PREVID="0" NEXTID="111818540" UPDATEDATE="2025-10-01" STARTDATE="2015-11-20" ENDDATE="2025-10-01" ISACTUAL="0" ISACTIVE="0" /><APARTMENT ID="111818541" OBJECTID="11968110" OBJECTGUID="01f4daa9-b3fd-4beb-bff5-1f3b7fc85b34" CHANGEID="689818242" NUMBER="1,2" APARTTYPE="2" OPERTYPEID="30" PREVID="6418349" NEXTID="0" UPDATEDATE="2025-10-01" STARTDATE="2025-10-01" ENDDATE="2079-06-06" ISACTUAL="1" ISACTIVE="0" /><APARTMENT ID="111818536" OBJECTID="11949409" OBJECTGUID="4e641b5f-64a3-4c66-ac2a-d6e05bbf0834" CHANGEID="689818164" NUMBER="1,2" APARTTYPE="2" OPERTYPEID="30" PREVID="6407905" NEXTID="0" UPDATEDATE="2025-10-01" STARTDATE="2025-10-01" ENDDATE="2079-06-06" ISACTUAL="1" ISACTIVE="0" /><APARTMENT ID="6407905" OBJECTID="11949409" OBJECTGUID="4e641b5f-64a3-4c66-ac2a-d6e05bbf0834" CHANGEID="19359728" NUMBER="1,2" APARTTYPE="2" OPERTYPEID="10" PREVID="0" NEXTID="111818536" UPDATEDATE="2025-10-01" STARTDATE="2015-11-20" ENDDATE="2025-10-01" ISACTUAL="0" ISACTIVE="0" /><APARTMENT ID="111818537" OBJECTID="11966197" OBJECTGUID="a7b10051-6980-4a0f-afdc-c1e3e1f2bc16" CHANGEID="689818172" NUMBER="1,2" APARTTYPE="2" OPERTYPEID="30" PREVID="6417092" NEXTID="0" UPDATEDATE="2025-10-01" STARTDATE="2025-10-01" ENDDATE="2079-06-06" ISACTUAL="1" ISACTIVE="0" /><APARTMENT ID="111818538" OBJECTID="11947917" OBJECTGUID="6f3c352b-fce0-4893-8a1e-edbbb983b1df" CHANGEID="689818174" NUMBER="1,2" APARTTYPE="2" OPERTYPEID="30" PREVID="6406880" NEXTID="0" UPDATEDATE="2025-10-01" STARTDATE="2025-10-01" ENDDATE="2079-06-06" ISACTUAL="1" ISACTIVE="0" /><APARTMENT ID="6406880" OBJECTID="11947917" OBJECTGUID="6f3c352b-fce0-4893-8a1e-edbbb983b1df" CHANGEID="19357488" NUMBER="1,2" APARTTYPE="2" OPERTYPEID="10" PREVID="0" NEXTID="111818538" UPDATEDATE="2025-10-01" STARTDATE="2015-11-20" ENDDATE="2025-10-01" ISACTUAL="0" ISACTIVE="0" /><APARTMENT ID="111818539" OBJECTID="11942997" OBJECTGUID="d5005468-5c9f-4572-a093-a4b9282477d0" CHANGEID="689818184" NUMBER="1,2,3,4,5" APARTTYPE="2" OPERTYPEID="30" PREVID="6404212" NEXTID="0" UPDATEDATE="2025-10-01" STARTDATE="2025-10-01" ENDDATE="2079-06-06" ISACTUAL="1" ISACTIVE="0" /><APARTMENT ID="111818542" OBJECTID="11957306" OBJECTGUID="f3ded37b-d820-4783-943f-67e3be5c4346" CHANGEID="689818247" NUMBER="1,2" APARTTYPE="2" OPERTYPEID="30" PREVID="6412563" NEXTID="0" UPDATEDATE="2025-10-01" STARTDATE="2025-10-01" ENDDATE="2079-06-06" ISACTUAL="1" ISACTIVE="0" /><APARTMENT ID="6412563" OBJECTID="11957306" OBJECTGUID="f3ded37b-d820-4783-943f-67e3be5c4346" CHANGEID="19371821" NUMBER="1,2" APARTTYPE="2" OPERTYPEID="10" PREVID="0" NEXTID="111818542" UPDATEDATE="2025-10-01" STARTDATE="2015-11-20" ENDDATE="2025-10-01" ISACTUAL="0" ISACTIVE="0" /><APARTMENT ID="111818543" OBJECTID="11979928" OBJECTGUID="bc09015c-f7a5-4174-9a48-85827a5ebc44" CHANGEID="689818264" NUMBER="1,2" APARTTYPE="2" OPERTYPEID="30" PREVID="6425081" NEXTID="0" UPDATEDATE="2025-10-01" STARTDATE="2025-10-01" ENDDATE="2079-06-06" ISACTUAL="1" ISACTIVE="0" /><APARTMENT ID="6425081" OBJECTID="11979928" OBJECTGUID="bc09015c-f7a5-4174-9a48-85827a5ebc44" CHANGEID="19406794" NUMBER="1,2" APARTTYPE="2" OPERTYPEID="10" PREVID="0" NEXTID="111818543" UPDATEDATE="2025-10-01" STARTDATE="2015-11-20" ENDDATE="2025-10-01" ISACTUAL="0" ISACTIVE="0" /><APARTMENT ID="111818544" OBJECTID="45072418" OBJECTGUID="f3726551-910c-4b3b-a328-c4de1b3458cf" CHANGEID="689818273" NUMBER="1,2" APARTTYPE="2" OPERTYPEID="30" PREVID="26558983" NEXTID="0" UPDATEDATE="2025-10-01" STARTDATE="2025-10-01" ENDDATE="2079-06-06" ISACTUAL="1" ISACTIVE="0" /><APARTMENT ID="26558983" OBJECTID="45072418" OBJECTGUID="f3726551-910c-4b3b-a328-c4de1b3458cf" CHANGEID="67912462" NUMBER="1,2" APARTTYPE="2" OPERTYPEID="10" PREVID="0" NEXTID="111818544" UPDATEDATE="2025-10-01" STARTDATE="2015-11-20" ENDDATE="2025-10-01" ISACTUAL="0" ISACTIVE="0" /><APARTMENT ID="111818578" OBJECTID="78331750" OBJECTGUID="13c56622-a942-414c-9f12-f680efd79365" CHANGEID="689818533" NUMBER="3" APARTTYPE="2" OPERTYPEID="30" PREVID="46853596" NEXTID="0" UPDATEDATE="2025-10-01" STARTDATE="2025-10-01" ENDDATE="2079-06-06" ISACTUAL="1" ISACTIVE="0" /><APARTMENT ID="111818579" OBJECTID="78332082" OBJECTGUID="2b574282-1b99-48c1-934a-0d3604ba0bf5" CHANGEID="689818534" NUMBER="1" APARTTYPE="2" OPERTYPEID="30" PREVID="46853716" NEXTID="0" UPDATEDATE="2025-10-01" STARTDATE="2025-10-01" ENDDATE="2079-06-06" ISACTUAL="1" ISACTIVE="0" /><APARTMENT ID="111818580" OBJECTID="78332284" OBJECTGUID="8ec4181c-8d54-427e-bcd3-bc033b9bd6c5" CHANGEID="689818535" NUMBER="2" APARTTYPE="2" OPERTYPEID="30" PREVID="46853831" NEXTID="0" UPDATEDATE="2025-10-01" STARTDATE="2025-10-01" ENDDATE="2079-06-06" ISACTUAL="1" ISACTIVE="0" /><APARTMENT ID="46853831" OBJECTID="78332284" OBJECTGUID="8ec4181c-8d54-427e-bcd3-bc033b9bd6c5" CHANGEID="116452671" NUMBER="2" APARTTYPE="2" OPERTYPEID="10" PREVID="0" NEXTID="111818580" UPDATEDATE="2025-10-01" STARTDATE="2017-06-09" ENDDATE="2025-10-01" ISACTUAL="0" ISACTIVE="0" /><APARTMENT ID="111818631" OBJECTID="174991258" OBJECTGUID="3a057b19-5a7f-4646-b3e0-0eb1f56dbe69" CHANGEID="689818703" NUMBER="28" APARTTYPE="2" OPERTYPEID="10" PREVID="0" NEXTID="0" UPDATEDATE="2025-10-01" STARTDATE="2025-10-01" ENDDATE="2079-06-06" ISACTUAL="1" ISACTIVE="1" /><APARTMENT ID="111818632" OBJECTID="174991259" OBJECTGUID="ef5fe00c-d4d9-4dfa-91b7-4ee64a3a502e" CHANGEID="689818705" NUMBER="25" APARTTYPE="2" OPERTYPEID="10" PREVID="0" NEXTID="0" UPDATEDATE="2025-10-01" STARTDATE="2025-10-01" ENDDATE="2079-06-06" ISACTUAL="1" ISACTIVE="1" /><APARTMENT ID="111818633" OBJECTID="174991260" OBJECTGUID="6977f87b-a2b9-4146-a4b6-34e5cf489c9c" CHANGEID="689818706" NUMBER="26" APARTTYPE="2" OPERTYPEID="10" PREVID="0" NEXTID="0" UPDATEDATE="2025-10-01" STARTDATE="2025-10-01" ENDDATE="2079-06-06" ISACTUAL="1" ISACTIVE="1" /><APARTMENT ID="111818634" OBJECTID="174991261" OBJECTGUID="bae3e572-e959-4cac-927e-6f4b38bba69d" CHANGEID="689818707" NUMBER="27" APARTTYPE="2" OPERTYPEID="10" PREVID="0" NEXTID="0" UPDATEDATE="2025-10-01" STARTDATE="2025-10-01" ENDDATE="2079-06-06" ISACTUAL="1" ISACTIVE="1" /></APARTMENTS>