﻿<?xml version="1.0" encoding="utf-8"?><APARTMENTS><APARTMENT ID="49012810" OBJECTID="81947155" OBJECTGUID="09c2f1fe-751a-4653-bb8f-b1b0820de1a1" CHANGEID="121766530" NUMBER="2" APARTTYPE="2" OPERTYPEID="10" PREVID="0" NEXTID="111818968" UPDATEDATE="2025-10-01" STARTDATE="2019-02-21" ENDDATE="2025-10-01" ISACTUAL="0" ISACTIVE="0" /><APARTMENT ID="414489" OBJECTID="2151695" OBJECTGUID="c3b3aff6-f8da-4d97-8ace-031af3167cf4" CHANGEID="5071606" NUMBER="3" APARTTYPE="2" OPERTYPEID="10" PREVID="0" NEXTID="111818976" UPDATEDATE="2025-10-01" STARTDATE="2019-02-19" ENDDATE="2025-10-01" ISACTUAL="0" ISACTIVE="0" /><APARTMENT ID="3100230" OBJECTID="6522652" OBJECTGUID="a0b07b24-ba4f-49be-b834-4888a9b7c46a" CHANGEID="11421827" NUMBER="1" APARTTYPE="2" OPERTYPEID="10" PREVID="0" NEXTID="111810585" UPDATEDATE="2025-09-30" STARTDATE="2019-02-21" ENDDATE="2025-09-30" ISACTUAL="0" ISACTIVE="0" /><APARTMENT ID="3100266" OBJECTID="6522710" OBJECTGUID="ffafbb96-649b-4bfc-8bbe-f58d69551eca" CHANGEID="11421910" NUMBER="2" APARTTYPE="2" OPERTYPEID="10" PREVID="0" NEXTID="111818979" UPDATEDATE="2025-10-01" STARTDATE="2019-02-21" ENDDATE="2025-10-01" ISACTUAL="0" ISACTIVE="0" /><APARTMENT ID="24333827" OBJECTID="41512263" OBJECTGUID="a3d99f2e-95ee-4ee3-b14d-c7120f188d69" CHANGEID="62770673" NUMBER="2" APARTTYPE="2" OPERTYPEID="10" PREVID="0" NEXTID="111810625" UPDATEDATE="2025-09-30" STARTDATE="2019-02-28" ENDDATE="2025-09-30" ISACTUAL="0" ISACTIVE="0" /><APARTMENT ID="40050434" OBJECTID="67167416" OBJECTGUID="010e8133-8064-4d65-9a39-6b945f8e82a2" CHANGEID="100150036" NUMBER="2" APARTTYPE="2" OPERTYPEID="10" PREVID="0" NEXTID="111818965" UPDATEDATE="2025-10-01" STARTDATE="2019-02-21" ENDDATE="2025-10-01" ISACTUAL="0" ISACTIVE="0" /><APARTMENT ID="111798727" OBJECTID="172150594" OBJECTGUID="ce4b5944-da99-4efc-a876-80cfe4ffa0fe" CHANGEID="689655660" NUMBER="2" APARTTYPE="2" OPERTYPEID="20" PREVID="110860805" UPDATEDATE="2025-09-29" STARTDATE="2025-09-29" ENDDATE="2079-06-06" ISACTUAL="1" ISACTIVE="1" /><APARTMENT ID="110860805" OBJECTID="172150594" OBJECTGUID="ce4b5944-da99-4efc-a876-80cfe4ffa0fe" CHANGEID="645699864" NUMBER="3" APARTTYPE="2" OPERTYPEID="10" PREVID="0" NEXTID="111798727" UPDATEDATE="2025-09-29" STARTDATE="2025-05-13" ENDDATE="2025-09-29" ISACTUAL="0" ISACTIVE="0" /><APARTMENT ID="111800328" OBJECTID="20536255" OBJECTGUID="86f9227b-9827-4bc7-8d10-32fdc4c8a4b7" CHANGEID="689667478" NUMBER="12" APARTTYPE="4" OPERTYPEID="20" PREVID="11471708" UPDATEDATE="2025-09-29" STARTDATE="2025-09-29" ENDDATE="2079-06-06" ISACTUAL="1" ISACTIVE="1" /><APARTMENT ID="11471708" OBJECTID="20536255" OBJECTGUID="86f9227b-9827-4bc7-8d10-32fdc4c8a4b7" CHANGEID="32145330" NUMBER="12" APARTTYPE="2" OPERTYPEID="10" PREVID="0" NEXTID="111800328" UPDATEDATE="2025-09-29" STARTDATE="2018-08-15" ENDDATE="2025-09-29" ISACTUAL="0" ISACTIVE="0" /><APARTMENT ID="111804018" OBJECTID="174941063" OBJECTGUID="1c4adc2f-4993-4918-831d-4d726e9b3c86" CHANGEID="689692240" NUMBER="7" APARTTYPE="2" OPERTYPEID="10" PREVID="0" NEXTID="0" UPDATEDATE="2025-09-29" STARTDATE="2025-09-29" ENDDATE="2079-06-06" ISACTUAL="1" ISACTIVE="1" /><APARTMENT ID="111809825" OBJECTID="96972293" OBJECTGUID="797a6034-9598-40b8-a8c8-e30bef736d3c" CHANGEID="689745256" NUMBER="45" APARTTYPE="2" OPERTYPEID="30" PREVID="51171330" NEXTID="0" UPDATEDATE="2025-09-30" STARTDATE="2025-09-30" ENDDATE="2079-06-06" ISACTUAL="1" ISACTIVE="0" /><APARTMENT ID="51171330" OBJECTID="96972293" OBJECTGUID="797a6034-9598-40b8-a8c8-e30bef736d3c" CHANGEID="151495786" NUMBER="45" APARTTYPE="2" OPERTYPEID="10" PREVID="0" NEXTID="111809825" UPDATEDATE="2025-09-30" STARTDATE="2020-06-02" ENDDATE="2025-09-30" ISACTUAL="0" ISACTIVE="0" /><APARTMENT ID="111810231" OBJECTID="174965345" OBJECTGUID="79b505eb-5fad-4510-812a-232d51933ffc" CHANGEID="689745868" NUMBER="1" APARTTYPE="1" OPERTYPEID="10" PREVID="0" NEXTID="0" UPDATEDATE="2025-09-30" STARTDATE="2025-09-30" ENDDATE="2079-06-06" ISACTUAL="1" ISACTIVE="1" /><APARTMENT ID="111810498" OBJECTID="26467219" OBJECTGUID="d2aba78d-86a7-42e1-b0b1-dd17bd0880ee" CHANGEID="689748186" NUMBER="3" APARTTYPE="2" OPERTYPEID="30" PREVID="15067065" NEXTID="0" UPDATEDATE="2025-09-30" STARTDATE="2025-09-30" ENDDATE="2079-06-06" ISACTUAL="1" ISACTIVE="0" /><APARTMENT ID="15067065" OBJECTID="26467219" OBJECTGUID="d2aba78d-86a7-42e1-b0b1-dd17bd0880ee" CHANGEID="40872066" NUMBER="3" APARTTYPE="2" OPERTYPEID="10" PREVID="0" NEXTID="111810498" UPDATEDATE="2025-09-30" STARTDATE="2017-04-24" ENDDATE="2025-09-30" ISACTUAL="0" ISACTIVE="0" /><APARTMENT ID="111810585" OBJECTID="6522652" OBJECTGUID="a0b07b24-ba4f-49be-b834-4888a9b7c46a" CHANGEID="689748987" NUMBER="1" APARTTYPE="2" OPERTYPEID="30" PREVID="3100230" NEXTID="0" UPDATEDATE="2025-09-30" STARTDATE="2025-09-30" ENDDATE="2079-06-06" ISACTUAL="1" ISACTIVE="0" /><APARTMENT ID="111810625" OBJECTID="41512263" OBJECTGUID="a3d99f2e-95ee-4ee3-b14d-c7120f188d69" CHANGEID="689749201" NUMBER="2" APARTTYPE="2" OPERTYPEID="30" PREVID="24333827" NEXTID="0" UPDATEDATE="2025-09-30" STARTDATE="2025-09-30" ENDDATE="2079-06-06" ISACTUAL="1" ISACTIVE="0" /><APARTMENT ID="111811373" OBJECTID="174970615" OBJECTGUID="0253bf8b-073e-4d1e-b56f-d021ca3f1b47" CHANGEID="689777078" NUMBER="2" APARTTYPE="2" OPERTYPEID="10" PREVID="0" NEXTID="0" UPDATEDATE="2025-09-30" STARTDATE="2025-09-30" ENDDATE="2079-06-06" ISACTUAL="1" ISACTIVE="1" /><APARTMENT ID="111811428" OBJECTID="174970675" OBJECTGUID="5c2ba61c-2b1a-42a8-b3df-f84b5be36c79" CHANGEID="689777138" NUMBER="19" APARTTYPE="2" OPERTYPEID="10" PREVID="0" NEXTID="0" UPDATEDATE="2025-09-30" STARTDATE="2025-09-30" ENDDATE="2079-06-06" ISACTUAL="1" ISACTIVE="1" /><APARTMENT ID="111811431" OBJECTID="174970681" OBJECTGUID="bec9e8d4-0dd1-4309-bd78-478b4e0bb980" CHANGEID="689777151" NUMBER="3" APARTTYPE="2" OPERTYPEID="10" PREVID="0" NEXTID="0" UPDATEDATE="2025-09-30" STARTDATE="2025-09-30" ENDDATE="2079-06-06" ISACTUAL="1" ISACTIVE="1" /><APARTMENT ID="111818962" OBJECTID="65428754" OBJECTGUID="e6765622-38f4-4f03-a1ec-55ae7348507f" CHANGEID="689821304" NUMBER="1" APARTTYPE="2" OPERTYPEID="30" PREVID="38974699" NEXTID="0" UPDATEDATE="2025-10-01" STARTDATE="2025-10-01" ENDDATE="2079-06-06" ISACTUAL="1" ISACTIVE="0" /><APARTMENT ID="38974699" OBJECTID="65428754" OBJECTGUID="e6765622-38f4-4f03-a1ec-55ae7348507f" CHANGEID="97599445" NUMBER="1" APARTTYPE="2" OPERTYPEID="10" PREVID="0" NEXTID="111818962" UPDATEDATE="2025-10-01" STARTDATE="2019-02-21" ENDDATE="2025-10-01" ISACTUAL="0" ISACTIVE="0" /><APARTMENT ID="111818963" OBJECTID="65441065" OBJECTGUID="181d3dc0-ba41-4b5f-9e0b-c92f2b716885" CHANGEID="689821305" NUMBER="1" APARTTYPE="2" OPERTYPEID="30" PREVID="38982430" NEXTID="0" UPDATEDATE="2025-10-01" STARTDATE="2025-10-01" ENDDATE="2079-06-06" ISACTUAL="1" ISACTIVE="0" /><APARTMENT ID="38982430" OBJECTID="65441065" OBJECTGUID="181d3dc0-ba41-4b5f-9e0b-c92f2b716885" CHANGEID="97617146" NUMBER="1" APARTTYPE="2" OPERTYPEID="10" PREVID="0" NEXTID="111818963" UPDATEDATE="2025-10-01" STARTDATE="2019-02-21" ENDDATE="2025-10-01" ISACTUAL="0" ISACTIVE="0" /><APARTMENT ID="111818964" OBJECTID="65441082" OBJECTGUID="c8ef44d2-3d04-4f47-87c9-45bef6e25339" CHANGEID="689821306" NUMBER="2" APARTTYPE="2" OPERTYPEID="30" PREVID="38982440" NEXTID="0" UPDATEDATE="2025-10-01" STARTDATE="2025-10-01" ENDDATE="2079-06-06" ISACTUAL="1" ISACTIVE="0" /><APARTMENT ID="38982440" OBJECTID="65441082" OBJECTGUID="c8ef44d2-3d04-4f47-87c9-45bef6e25339" CHANGEID="97617172" NUMBER="2" APARTTYPE="2" OPERTYPEID="10" PREVID="0" NEXTID="111818964" UPDATEDATE="2025-10-01" STARTDATE="2019-02-21" ENDDATE="2025-10-01" ISACTUAL="0" ISACTIVE="0" /><APARTMENT ID="111818965" OBJECTID="67167416" OBJECTGUID="010e8133-8064-4d65-9a39-6b945f8e82a2" CHANGEID="689821307" NUMBER="2" APARTTYPE="2" OPERTYPEID="30" PREVID="40050434" NEXTID="0" UPDATEDATE="2025-10-01" STARTDATE="2025-10-01" ENDDATE="2079-06-06" ISACTUAL="1" ISACTIVE="0" /><APARTMENT ID="111818966" OBJECTID="74762955" OBJECTGUID="e64cf51e-c865-431d-93db-6f8bc295dc57" CHANGEID="689821326" NUMBER="1" APARTTYPE="2" OPERTYPEID="30" PREVID="44669033" NEXTID="0" UPDATEDATE="2025-10-01" STARTDATE="2025-10-01" ENDDATE="2079-06-06" ISACTUAL="1" ISACTIVE="0" /><APARTMENT ID="44669033" OBJECTID="74762955" OBJECTGUID="e64cf51e-c865-431d-93db-6f8bc295dc57" CHANGEID="111251795" NUMBER="1" APARTTYPE="2" OPERTYPEID="10" PREVID="0" NEXTID="111818966" UPDATEDATE="2025-10-01" STARTDATE="2019-02-26" ENDDATE="2025-10-01" ISACTUAL="0" ISACTIVE="0" /><APARTMENT ID="111818967" OBJECTID="81910463" OBJECTGUID="f45f5bb9-1f82-4813-86bc-b9d070923a0f" CHANGEID="689821327" NUMBER="2" APARTTYPE="2" OPERTYPEID="30" PREVID="48989897" NEXTID="0" UPDATEDATE="2025-10-01" STARTDATE="2025-10-01" ENDDATE="2079-06-06" ISACTUAL="1" ISACTIVE="0" /><APARTMENT ID="48989897" OBJECTID="81910463" OBJECTGUID="f45f5bb9-1f82-4813-86bc-b9d070923a0f" CHANGEID="121712707" NUMBER="2" APARTTYPE="2" OPERTYPEID="10" PREVID="0" NEXTID="111818967" UPDATEDATE="2025-10-01" STARTDATE="2019-02-02" ENDDATE="2025-10-01" ISACTUAL="0" ISACTIVE="0" /><APARTMENT ID="111818968" OBJECTID="81947155" OBJECTGUID="09c2f1fe-751a-4653-bb8f-b1b0820de1a1" CHANGEID="689821328" NUMBER="2" APARTTYPE="2" OPERTYPEID="30" PREVID="49012810" NEXTID="0" UPDATEDATE="2025-10-01" STARTDATE="2025-10-01" ENDDATE="2079-06-06" ISACTUAL="1" ISACTIVE="0" /><APARTMENT ID="111818979" OBJECTID="6522710" OBJECTGUID="ffafbb96-649b-4bfc-8bbe-f58d69551eca" CHANGEID="689821986" NUMBER="2" APARTTYPE="2" OPERTYPEID="30" PREVID="3100266" NEXTID="0" UPDATEDATE="2025-10-01" STARTDATE="2025-10-01" ENDDATE="2079-06-06" ISACTUAL="1" ISACTIVE="0" /><APARTMENT ID="111818976" OBJECTID="2151695" OBJECTGUID="c3b3aff6-f8da-4d97-8ace-031af3167cf4" CHANGEID="689821916" NUMBER="3" APARTTYPE="2" OPERTYPEID="30" PREVID="414489" NEXTID="0" UPDATEDATE="2025-10-01" STARTDATE="2025-10-01" ENDDATE="2079-06-06" ISACTUAL="1" ISACTIVE="0" /><APARTMENT ID="111818977" OBJECTID="5545129" OBJECTGUID="25a29a03-2561-4290-8cbf-d5034f3c1c8c" CHANGEID="689821966" NUMBER="2" APARTTYPE="2" OPERTYPEID="30" PREVID="2502943" NEXTID="0" UPDATEDATE="2025-10-01" STARTDATE="2025-10-01" ENDDATE="2079-06-06" ISACTUAL="1" ISACTIVE="0" /><APARTMENT ID="2502943" OBJECTID="5545129" OBJECTGUID="25a29a03-2561-4290-8cbf-d5034f3c1c8c" CHANGEID="10004075" NUMBER="2" APARTTYPE="2" OPERTYPEID="10" PREVID="0" NEXTID="111818977" UPDATEDATE="2025-10-01" STARTDATE="2019-02-19" ENDDATE="2025-10-01" ISACTUAL="0" ISACTIVE="0" /><APARTMENT ID="111818978" OBJECTID="5545150" OBJECTGUID="cb97be47-94e3-49db-9fe1-367097614d92" CHANGEID="689821967" NUMBER="1" APARTTYPE="2" OPERTYPEID="30" PREVID="2502957" NEXTID="0" UPDATEDATE="2025-10-01" STARTDATE="2025-10-01" ENDDATE="2079-06-06" ISACTUAL="1" ISACTIVE="0" /><APARTMENT ID="2502957" OBJECTID="5545150" OBJECTGUID="cb97be47-94e3-49db-9fe1-367097614d92" CHANGEID="10004113" NUMBER="1" APARTTYPE="2" OPERTYPEID="10" PREVID="0" NEXTID="111818978" UPDATEDATE="2025-10-01" STARTDATE="2019-02-19" ENDDATE="2025-10-01" ISACTUAL="0" ISACTIVE="0" /><APARTMENT ID="111819041" OBJECTID="174992826" OBJECTGUID="5f973df0-c996-4e39-9882-76c5dab9c118" CHANGEID="689825237" NUMBER="1" APARTTYPE="1" OPERTYPEID="10" PREVID="0" NEXTID="0" UPDATEDATE="2025-10-01" STARTDATE="2025-10-01" ENDDATE="2079-06-06" ISACTUAL="1" ISACTIVE="1" /></APARTMENTS>