﻿<?xml version="1.0" encoding="utf-8"?><HOUSES><HOUSE ID="54764311" OBJECTID="2150687" OBJECTGUID="2fc6589f-4d68-4767-954a-9e982bbd01d2" CHANGEID="5070180" HOUSENUM="29" HOUSETYPE="2" OPERTYPEID="20" PREVID="426617" NEXTID="129180292" UPDATEDATE="2025-09-30" STARTDATE="2019-11-08" ENDDATE="2025-09-30" ISACTUAL="0" ISACTIVE="0" /><HOUSE ID="58178212" OBJECTID="67247961" OBJECTGUID="5ff552b0-bd9c-40e1-b025-99068f500624" CHANGEID="100263197" HOUSENUM="59" HOUSETYPE="2" OPERTYPEID="20" PREVID="40495246" NEXTID="129181332" UPDATEDATE="2025-09-30" STARTDATE="2019-11-08" ENDDATE="2025-09-30" ISACTUAL="0" ISACTIVE="0" /><HOUSE ID="59496318" OBJECTID="61107833" OBJECTGUID="7291ef64-ce13-4c5d-8d55-269d517e53a8" CHANGEID="91256478" HOUSENUM="21А" HOUSETYPE="2" OPERTYPEID="20" PREVID="36666336" NEXTID="129178873" UPDATEDATE="2025-09-30" STARTDATE="2019-11-08" ENDDATE="2025-09-30" ISACTUAL="0" ISACTIVE="0" /><HOUSE ID="64879179" OBJECTID="58168528" OBJECTGUID="be85665b-9838-4066-a108-ba21d7d7d6e1" CHANGEID="86947766" HOUSENUM="23а" HOUSETYPE="2" OPERTYPEID="20" PREVID="34831606" NEXTID="129178457" UPDATEDATE="2025-09-30" STARTDATE="2019-11-08" ENDDATE="2025-09-30" ISACTUAL="0" ISACTIVE="0" /><HOUSE ID="37513647" OBJECTID="62421641" OBJECTGUID="5bc31070-7323-45ab-bb99-30f8f7652160" CHANGEID="93192700" HOUSENUM="33А" HOUSETYPE="2" OPERTYPEID="10" PREVID="0" NEXTID="129191575" UPDATEDATE="2025-10-01" STARTDATE="2018-10-18" ENDDATE="2025-10-01" ISACTUAL="0" ISACTIVE="0" /><HOUSE ID="129169311" OBJECTID="174926032" OBJECTGUID="8d0bc6f7-78b0-4821-9cb0-c8b94170c81c" CHANGEID="689655673" HOUSENUM="29" ADDNUM1="1" HOUSETYPE="2" ADDTYPE1="2" OPERTYPEID="10" PREVID="0" NEXTID="0" UPDATEDATE="2025-09-29" STARTDATE="2025-09-29" ENDDATE="2079-06-06" ISACTUAL="1" ISACTIVE="1" /><HOUSE ID="129169337" OBJECTID="174926160" OBJECTGUID="5120c267-bddf-4c2d-a547-94ddf348c410" CHANGEID="689655862" HOUSENUM="29а" HOUSETYPE="2" OPERTYPEID="10" PREVID="0" NEXTID="0" UPDATEDATE="2025-09-29" STARTDATE="2025-09-29" ENDDATE="2079-06-06" ISACTUAL="1" ISACTIVE="1" /><HOUSE ID="129169353" OBJECTID="174926186" OBJECTGUID="f42b7f3b-40ea-410b-86aa-10176bbaee35" CHANGEID="689655906" HOUSENUM="22" HOUSETYPE="2" OPERTYPEID="10" PREVID="0" NEXTID="0" UPDATEDATE="2025-09-29" STARTDATE="2025-09-29" ENDDATE="2079-06-06" ISACTUAL="1" ISACTIVE="1" /><HOUSE ID="129171570" OBJECTID="174933780" OBJECTGUID="089e91ce-7fbe-442d-9207-22dea940e6a7" CHANGEID="689675430" HOUSENUM="20" HOUSETYPE="2" OPERTYPEID="10" PREVID="0" NEXTID="0" UPDATEDATE="2025-09-29" STARTDATE="2025-09-29" ENDDATE="2079-06-06" ISACTUAL="1" ISACTIVE="1" /><HOUSE ID="129171585" OBJECTID="174933813" OBJECTGUID="c6d9df9f-c4eb-4c0f-b6ee-c987abb75bf1" CHANGEID="689675493" HOUSENUM="2в" HOUSETYPE="2" OPERTYPEID="10" PREVID="0" NEXTID="0" UPDATEDATE="2025-09-29" STARTDATE="2025-09-29" ENDDATE="2079-06-06" ISACTUAL="1" ISACTIVE="1" /><HOUSE ID="129173301" OBJECTID="174938361" OBJECTGUID="2ea0249e-0c36-4e40-9218-f14f12c68316" CHANGEID="689686690" HOUSENUM="35а" HOUSETYPE="2" OPERTYPEID="10" PREVID="0" NEXTID="0" UPDATEDATE="2025-09-29" STARTDATE="2025-09-29" ENDDATE="2079-06-06" ISACTUAL="1" ISACTIVE="1" /><HOUSE ID="129177932" OBJECTID="174952683" OBJECTGUID="54812322-37e9-4e21-9e92-76d0ccb6d9bd" CHANGEID="689717929" HOUSENUM="4" ADDNUM1="2" HOUSETYPE="2" ADDTYPE1="2" OPERTYPEID="10" PREVID="0" NEXTID="0" UPDATEDATE="2025-09-30" STARTDATE="2025-09-30" ENDDATE="2079-06-06" ISACTUAL="1" ISACTIVE="1" /><HOUSE ID="129177912" OBJECTID="174952630" OBJECTGUID="cfba3dca-2849-457c-9bce-3c24c8a3b734" CHANGEID="689717833" HOUSENUM="9" HOUSETYPE="5" OPERTYPEID="10" PREVID="0" NEXTID="0" UPDATEDATE="2025-09-30" STARTDATE="2025-09-30" ENDDATE="2079-06-06" ISACTUAL="1" ISACTIVE="1" /><HOUSE ID="129177959" OBJECTID="174952723" OBJECTGUID="8562d20e-00d5-4694-b8ff-ca2912196db7" CHANGEID="689717998" HOUSENUM="3" ADDNUM1="1" HOUSETYPE="2" ADDTYPE1="2" OPERTYPEID="10" PREVID="0" NEXTID="0" UPDATEDATE="2025-09-30" STARTDATE="2025-09-30" ENDDATE="2079-06-06" ISACTUAL="1" ISACTIVE="1" /><HOUSE ID="129177983" OBJECTID="174952770" OBJECTGUID="950ce06d-2645-4717-b8d6-048b5f098d0b" CHANGEID="689718096" HOUSENUM="2а" HOUSETYPE="2" OPERTYPEID="10" PREVID="0" NEXTID="0" UPDATEDATE="2025-09-30" STARTDATE="2025-09-30" ENDDATE="2079-06-06" ISACTUAL="1" ISACTIVE="1" /><HOUSE ID="129177986" OBJECTID="174952775" OBJECTGUID="93a8d7d8-6bf5-4014-bea5-0c6123c13da3" CHANGEID="689718111" HOUSENUM="35" HOUSETYPE="2" OPERTYPEID="10" PREVID="0" NEXTID="0" UPDATEDATE="2025-09-30" STARTDATE="2025-09-30" ENDDATE="2079-06-06" ISACTUAL="1" ISACTIVE="1" /><HOUSE ID="129178009" OBJECTID="174952828" OBJECTGUID="d1bc021b-3c2a-474b-988d-55f726422de5" CHANGEID="689718222" HOUSENUM="12" HOUSETYPE="2" OPERTYPEID="10" PREVID="0" NEXTID="0" UPDATEDATE="2025-09-30" STARTDATE="2025-09-30" ENDDATE="2079-06-06" ISACTUAL="1" ISACTIVE="1" /><HOUSE ID="129178440" OBJECTID="174954221" OBJECTGUID="489936b5-9e0b-49a2-93e9-d60f02e55d37" CHANGEID="689721007" HOUSENUM="188" HOUSETYPE="2" OPERTYPEID="10" PREVID="0" NEXTID="0" UPDATEDATE="2025-09-30" STARTDATE="2025-09-30" ENDDATE="2079-06-06" ISACTUAL="1" ISACTIVE="1" /><HOUSE ID="129178457" OBJECTID="58168528" OBJECTGUID="be85665b-9838-4066-a108-ba21d7d7d6e1" CHANGEID="689721218" HOUSENUM="23а" HOUSETYPE="2" OPERTYPEID="30" PREVID="64879179" NEXTID="0" UPDATEDATE="2025-09-30" STARTDATE="2025-09-30" ENDDATE="2079-06-06" ISACTUAL="1" ISACTIVE="0" /><HOUSE ID="129178436" OBJECTID="174954209" OBJECTGUID="fe221298-4092-4fc5-b913-3f057282b43b" CHANGEID="689720984" HOUSENUM="227" HOUSETYPE="2" OPERTYPEID="10" PREVID="0" NEXTID="0" UPDATEDATE="2025-09-30" STARTDATE="2025-09-30" ENDDATE="2079-06-06" ISACTUAL="1" ISACTIVE="1" /><HOUSE ID="129178873" OBJECTID="61107833" OBJECTGUID="7291ef64-ce13-4c5d-8d55-269d517e53a8" CHANGEID="689723417" HOUSENUM="21А" HOUSETYPE="2" OPERTYPEID="30" PREVID="59496318" NEXTID="0" UPDATEDATE="2025-09-30" STARTDATE="2025-09-30" ENDDATE="2079-06-06" ISACTUAL="1" ISACTIVE="0" /><HOUSE ID="129180292" OBJECTID="2150687" OBJECTGUID="2fc6589f-4d68-4767-954a-9e982bbd01d2" CHANGEID="689735454" HOUSENUM="29" HOUSETYPE="2" OPERTYPEID="30" PREVID="54764311" NEXTID="0" UPDATEDATE="2025-09-30" STARTDATE="2025-09-30" ENDDATE="2079-06-06" ISACTUAL="1" ISACTIVE="0" /><HOUSE ID="129180862" OBJECTID="174961880" OBJECTGUID="f9bda43f-1277-4616-85f0-ad88145469e2" CHANGEID="689739075" HOUSENUM="56" HOUSETYPE="7" OPERTYPEID="10" PREVID="0" NEXTID="0" UPDATEDATE="2025-09-30" STARTDATE="2025-09-30" ENDDATE="2079-06-06" ISACTUAL="1" ISACTIVE="1" /><HOUSE ID="129180863" OBJECTID="174961881" OBJECTGUID="125d90d8-03de-4d5b-b53a-c06a02b8a817" CHANGEID="689739076" HOUSENUM="53" HOUSETYPE="2" OPERTYPEID="10" PREVID="0" NEXTID="0" UPDATEDATE="2025-09-30" STARTDATE="2025-09-30" ENDDATE="2079-06-06" ISACTUAL="1" ISACTIVE="1" /><HOUSE ID="129180864" OBJECTID="174961882" OBJECTGUID="285aa2e4-cb66-4432-b26c-53d900cf11fb" CHANGEID="689739077" HOUSENUM="52" HOUSETYPE="2" OPERTYPEID="10" PREVID="0" NEXTID="0" UPDATEDATE="2025-09-30" STARTDATE="2025-09-30" ENDDATE="2079-06-06" ISACTUAL="1" ISACTIVE="1" /><HOUSE ID="129180865" OBJECTID="174961883" OBJECTGUID="2f1ca80f-d4a2-46d4-aab1-3e29ba0eed85" CHANGEID="689739078" HOUSENUM="51" HOUSETYPE="2" OPERTYPEID="10" PREVID="0" NEXTID="0" UPDATEDATE="2025-09-30" STARTDATE="2025-09-30" ENDDATE="2079-06-06" ISACTUAL="1" ISACTIVE="1" /><HOUSE ID="129180866" OBJECTID="174961884" OBJECTGUID="05ba3cc9-37be-40a9-a26b-1b13bd832103" CHANGEID="689739079" HOUSENUM="47" HOUSETYPE="7" OPERTYPEID="10" PREVID="0" NEXTID="0" UPDATEDATE="2025-09-30" STARTDATE="2025-09-30" ENDDATE="2079-06-06" ISACTUAL="1" ISACTIVE="1" /><HOUSE ID="129180867" OBJECTID="174961885" OBJECTGUID="3409a6ec-e7b5-4344-b914-c69acd986761" CHANGEID="689739080" HOUSENUM="44" HOUSETYPE="7" OPERTYPEID="10" PREVID="0" NEXTID="0" UPDATEDATE="2025-09-30" STARTDATE="2025-09-30" ENDDATE="2079-06-06" ISACTUAL="1" ISACTIVE="1" /><HOUSE ID="129180868" OBJECTID="174961886" OBJECTGUID="2a176073-4c13-4d5e-b61a-83930136bedd" CHANGEID="689739081" HOUSENUM="41" HOUSETYPE="7" OPERTYPEID="10" PREVID="0" NEXTID="0" UPDATEDATE="2025-09-30" STARTDATE="2025-09-30" ENDDATE="2079-06-06" ISACTUAL="1" ISACTIVE="1" /><HOUSE ID="129180869" OBJECTID="174961887" OBJECTGUID="208f7144-6a83-4678-9be0-91b34238c16f" CHANGEID="689739082" HOUSENUM="24" HOUSETYPE="7" OPERTYPEID="10" PREVID="0" NEXTID="0" UPDATEDATE="2025-09-30" STARTDATE="2025-09-30" ENDDATE="2079-06-06" ISACTUAL="1" ISACTIVE="1" /><HOUSE ID="129180870" OBJECTID="174961888" OBJECTGUID="862bf35c-df24-409e-9ab6-c78bbbe5edb5" CHANGEID="689739083" HOUSENUM="21" HOUSETYPE="2" OPERTYPEID="10" PREVID="0" NEXTID="0" UPDATEDATE="2025-09-30" STARTDATE="2025-09-30" ENDDATE="2079-06-06" ISACTUAL="1" ISACTIVE="1" /><HOUSE ID="129180871" OBJECTID="174961889" OBJECTGUID="76d6ec09-faa2-4707-b4b1-4b386ec15be0" CHANGEID="689739084" HOUSENUM="15" HOUSETYPE="2" OPERTYPEID="10" PREVID="0" NEXTID="0" UPDATEDATE="2025-09-30" STARTDATE="2025-09-30" ENDDATE="2079-06-06" ISACTUAL="1" ISACTIVE="1" /><HOUSE ID="129180872" OBJECTID="174961890" OBJECTGUID="351b2d9e-49b6-4e48-8784-485bed24e1ad" CHANGEID="689739085" HOUSENUM="14" HOUSETYPE="2" OPERTYPEID="10" PREVID="0" NEXTID="0" UPDATEDATE="2025-09-30" STARTDATE="2025-09-30" ENDDATE="2079-06-06" ISACTUAL="1" ISACTIVE="1" /><HOUSE ID="129180873" OBJECTID="174961891" OBJECTGUID="fef6becf-b3f0-4bb3-b80b-638ddc737bfc" CHANGEID="689739086" HOUSENUM="8" HOUSETYPE="7" OPERTYPEID="10" PREVID="0" NEXTID="0" UPDATEDATE="2025-09-30" STARTDATE="2025-09-30" ENDDATE="2079-06-06" ISACTUAL="1" ISACTIVE="1" /><HOUSE ID="129180874" OBJECTID="174961892" OBJECTGUID="3a9aed95-3094-4c4b-b8ac-83f45f4c35fe" CHANGEID="689739087" HOUSENUM="7" HOUSETYPE="7" OPERTYPEID="10" PREVID="0" NEXTID="0" UPDATEDATE="2025-09-30" STARTDATE="2025-09-30" ENDDATE="2079-06-06" ISACTUAL="1" ISACTIVE="1" /><HOUSE ID="129180875" OBJECTID="174961893" OBJECTGUID="ef4cda62-6fb4-4dd4-a46d-82803c8ed7af" CHANGEID="689739088" HOUSENUM="4" HOUSETYPE="2" OPERTYPEID="10" PREVID="0" NEXTID="0" UPDATEDATE="2025-09-30" STARTDATE="2025-09-30" ENDDATE="2079-06-06" ISACTUAL="1" ISACTIVE="1" /><HOUSE ID="129180876" OBJECTID="174961894" OBJECTGUID="ebeefb74-8ee8-420c-a275-2cf6abf96a73" CHANGEID="689739089" HOUSENUM="3" HOUSETYPE="2" OPERTYPEID="10" PREVID="0" NEXTID="0" UPDATEDATE="2025-09-30" STARTDATE="2025-09-30" ENDDATE="2079-06-06" ISACTUAL="1" ISACTIVE="1" /><HOUSE ID="129180877" OBJECTID="174961895" OBJECTGUID="fd5351ed-767c-4307-b769-39bc73471318" CHANGEID="689739090" HOUSENUM="1" HOUSETYPE="2" OPERTYPEID="10" PREVID="0" NEXTID="0" UPDATEDATE="2025-09-30" STARTDATE="2025-09-30" ENDDATE="2079-06-06" ISACTUAL="1" ISACTIVE="1" /><HOUSE ID="129181332" OBJECTID="67247961" OBJECTGUID="5ff552b0-bd9c-40e1-b025-99068f500624" CHANGEID="689742726" HOUSENUM="59" HOUSETYPE="2" OPERTYPEID="30" PREVID="58178212" NEXTID="0" UPDATEDATE="2025-09-30" STARTDATE="2025-09-30" ENDDATE="2079-06-06" ISACTUAL="1" ISACTIVE="0" /><HOUSE ID="129181343" OBJECTID="69439602" OBJECTGUID="3d5958d9-3922-4568-b853-80d48fdbd6a6" CHANGEID="689742799" HOUSENUM="1" HOUSETYPE="2" OPERTYPEID="30" PREVID="55726191" NEXTID="0" UPDATEDATE="2025-09-30" STARTDATE="2025-09-30" ENDDATE="2079-06-06" ISACTUAL="1" ISACTIVE="0" /><HOUSE ID="55726191" OBJECTID="69439602" OBJECTGUID="3d5958d9-3922-4568-b853-80d48fdbd6a6" CHANGEID="103494334" HOUSENUM="1" HOUSETYPE="2" OPERTYPEID="20" PREVID="41878951" NEXTID="129181343" UPDATEDATE="2025-09-30" STARTDATE="2019-11-08" ENDDATE="2025-09-30" ISACTUAL="0" ISACTIVE="0" /><HOUSE ID="129181733" OBJECTID="174965291" OBJECTGUID="5b9987a9-6ed1-4f21-bf87-2c1da41eb7cd" CHANGEID="689745768" HOUSENUM="18б" HOUSETYPE="2" OPERTYPEID="10" PREVID="0" NEXTID="0" UPDATEDATE="2025-09-30" STARTDATE="2025-09-30" ENDDATE="2079-06-06" ISACTUAL="1" ISACTIVE="1" /><HOUSE ID="129182369" OBJECTID="18495017" OBJECTGUID="84544d2a-a1ca-48db-998e-bbf389d422bd" CHANGEID="689748931" HOUSENUM="5" HOUSETYPE="2" OPERTYPEID="30" PREVID="60754960" NEXTID="0" UPDATEDATE="2025-09-30" STARTDATE="2025-09-30" ENDDATE="2079-06-06" ISACTUAL="1" ISACTIVE="0" /><HOUSE ID="60754960" OBJECTID="18495017" OBJECTGUID="84544d2a-a1ca-48db-998e-bbf389d422bd" CHANGEID="29099889" HOUSENUM="5" HOUSETYPE="2" OPERTYPEID="20" PREVID="10662663" NEXTID="129182369" UPDATEDATE="2025-09-30" STARTDATE="2015-11-29" ENDDATE="2025-09-30" ISACTUAL="0" ISACTIVE="0" /><HOUSE ID="129182690" OBJECTID="174966912" OBJECTGUID="8d674b0b-c279-4334-b117-5ccdf2561337" CHANGEID="689750719" HOUSENUM="7" HOUSETYPE="2" OPERTYPEID="10" PREVID="0" NEXTID="0" UPDATEDATE="2025-09-30" STARTDATE="2025-09-30" ENDDATE="2079-06-06" ISACTUAL="1" ISACTIVE="1" /><HOUSE ID="129182728" OBJECTID="174967050" OBJECTGUID="1c822fb6-8ffb-4eda-a085-9c7d2df482fb" CHANGEID="689750946" HOUSENUM="63/1" HOUSETYPE="2" OPERTYPEID="10" PREVID="0" NEXTID="0" UPDATEDATE="2025-09-30" STARTDATE="2025-09-30" ENDDATE="2079-06-06" ISACTUAL="1" ISACTIVE="1" /><HOUSE ID="129182775" OBJECTID="174967204" OBJECTGUID="b594d3c4-686e-44cd-8a0d-4cac146066ba" CHANGEID="689751206" HOUSENUM="17" HOUSETYPE="2" OPERTYPEID="10" PREVID="0" NEXTID="0" UPDATEDATE="2025-09-30" STARTDATE="2025-09-30" ENDDATE="2079-06-06" ISACTUAL="1" ISACTIVE="1" /><HOUSE ID="129182813" OBJECTID="174967295" OBJECTGUID="39388c9a-9d5a-4a40-a00a-e6fd35e27256" CHANGEID="689751366" HOUSENUM="40" HOUSETYPE="2" OPERTYPEID="10" PREVID="0" NEXTID="0" UPDATEDATE="2025-09-30" STARTDATE="2025-09-30" ENDDATE="2079-06-06" ISACTUAL="1" ISACTIVE="1" /><HOUSE ID="129182766" OBJECTID="174967183" OBJECTGUID="a40eee3d-d2f0-4c04-b025-e0d0618a1ace" CHANGEID="689751163" HOUSENUM="52г" HOUSETYPE="2" OPERTYPEID="10" PREVID="0" NEXTID="0" UPDATEDATE="2025-09-30" STARTDATE="2025-09-30" ENDDATE="2079-06-06" ISACTUAL="1" ISACTIVE="1" /><HOUSE ID="129182795" OBJECTID="174967250" OBJECTGUID="d15dd29a-f630-4bab-8b79-901cb9921575" CHANGEID="689751283" HOUSENUM="52к" HOUSETYPE="2" OPERTYPEID="10" PREVID="0" NEXTID="0" UPDATEDATE="2025-09-30" STARTDATE="2025-09-30" ENDDATE="2079-06-06" ISACTUAL="1" ISACTIVE="1" /><HOUSE ID="129182894" OBJECTID="174967422" OBJECTGUID="ff012fa4-de09-4f11-8ef4-2288789cf09a" CHANGEID="689752025" HOUSENUM="21" ADDNUM1="1" HOUSETYPE="2" ADDTYPE1="2" OPERTYPEID="10" PREVID="0" NEXTID="0" UPDATEDATE="2025-09-30" STARTDATE="2025-09-30" ENDDATE="2079-06-06" ISACTUAL="1" ISACTIVE="1" /><HOUSE ID="129183012" OBJECTID="174967779" OBJECTGUID="b1bb75fa-e0ce-4d63-b92c-07732355b41d" CHANGEID="689752748" HOUSENUM="21" ADDNUM1="2" HOUSETYPE="2" ADDTYPE1="2" OPERTYPEID="10" PREVID="0" NEXTID="0" UPDATEDATE="2025-09-30" STARTDATE="2025-09-30" ENDDATE="2079-06-06" ISACTUAL="1" ISACTIVE="1" /><HOUSE ID="129183020" OBJECTID="174967817" OBJECTGUID="e65f901f-6947-41ca-81ae-8e7e516e9597" CHANGEID="689752819" HOUSENUM="22а" HOUSETYPE="2" OPERTYPEID="10" PREVID="0" NEXTID="0" UPDATEDATE="2025-09-30" STARTDATE="2025-09-30" ENDDATE="2079-06-06" ISACTUAL="1" ISACTIVE="1" /><HOUSE ID="129183023" OBJECTID="174967825" OBJECTGUID="e847d41e-6b6c-46d1-8e49-f2cadf67fd1d" CHANGEID="689752840" HOUSENUM="18а" HOUSETYPE="2" OPERTYPEID="10" PREVID="0" NEXTID="0" UPDATEDATE="2025-09-30" STARTDATE="2025-09-30" ENDDATE="2079-06-06" ISACTUAL="1" ISACTIVE="1" /><HOUSE ID="129183035" OBJECTID="174967850" OBJECTGUID="ba2670df-70b3-4965-9a92-082807a26621" CHANGEID="689752912" HOUSENUM="7" ADDNUM1="1" HOUSETYPE="2" ADDTYPE1="2" OPERTYPEID="10" PREVID="0" NEXTID="0" UPDATEDATE="2025-09-30" STARTDATE="2025-09-30" ENDDATE="2079-06-06" ISACTUAL="1" ISACTIVE="1" /><HOUSE ID="129183694" OBJECTID="174969785" OBJECTGUID="efd0679c-56df-48ca-86ac-b1b119d0ca27" CHANGEID="689757223" HOUSENUM="1" ADDNUM1="5" HOUSETYPE="2" ADDTYPE1="2" OPERTYPEID="10" PREVID="0" NEXTID="0" UPDATEDATE="2025-09-30" STARTDATE="2025-09-30" ENDDATE="2079-06-06" ISACTUAL="1" ISACTIVE="1" /><HOUSE ID="129186682" OBJECTID="174979833" OBJECTGUID="57c3a8f5-0b61-442b-aef4-7ae2bdcef282" CHANGEID="689795739" HOUSENUM="190" HOUSETYPE="2" OPERTYPEID="10" PREVID="0" NEXTID="0" UPDATEDATE="2025-10-01" STARTDATE="2025-10-01" ENDDATE="2079-06-06" ISACTUAL="1" ISACTIVE="1" /><HOUSE ID="63518390" OBJECTID="64665502" OBJECTGUID="ab55ce2f-5825-4209-86e5-1a00b589ad6e" CHANGEID="96469103" HOUSENUM="11" HOUSETYPE="3" OPERTYPEID="20" PREVID="38914964" NEXTID="129187102" UPDATEDATE="2025-10-01" STARTDATE="2019-11-08" ENDDATE="2025-10-01" ISACTUAL="0" ISACTIVE="0" /><HOUSE ID="129187102" OBJECTID="64665502" OBJECTGUID="ab55ce2f-5825-4209-86e5-1a00b589ad6e" CHANGEID="689798603" HOUSENUM="11" HOUSETYPE="2" OPERTYPEID="20" PREVID="63518390" UPDATEDATE="2025-10-01" STARTDATE="2025-10-01" ENDDATE="2079-06-06" ISACTUAL="1" ISACTIVE="1" /><HOUSE ID="129187104" OBJECTID="174981000" OBJECTGUID="7987ab46-53ef-43a7-8aad-646ebe17d95a" CHANGEID="689798605" HOUSENUM="48" HOUSETYPE="2" OPERTYPEID="10" PREVID="0" NEXTID="0" UPDATEDATE="2025-10-01" STARTDATE="2025-10-01" ENDDATE="2079-06-06" ISACTUAL="1" ISACTIVE="1" /><HOUSE ID="129187225" OBJECTID="174981196" OBJECTGUID="7a60e783-2cb1-4461-ab0a-93e4a0e89555" CHANGEID="689798989" HOUSENUM="27А" HOUSETYPE="2" OPERTYPEID="10" PREVID="0" NEXTID="0" UPDATEDATE="2025-10-01" STARTDATE="2025-10-01" ENDDATE="2079-06-06" ISACTUAL="1" ISACTIVE="1" /><HOUSE ID="129191546" OBJECTID="174992822" OBJECTGUID="b48e98e7-bfa4-40df-804a-1ce2bf49fa15" CHANGEID="689825227" HOUSENUM="26/16" HOUSETYPE="2" OPERTYPEID="10" PREVID="0" NEXTID="0" UPDATEDATE="2025-10-01" STARTDATE="2025-10-01" ENDDATE="2079-06-06" ISACTUAL="1" ISACTIVE="1" /><HOUSE ID="129191548" OBJECTID="174992824" OBJECTGUID="5a81c6f1-76c3-49b1-83be-88731282329f" CHANGEID="689825235" HOUSENUM="1" HOUSETYPE="2" OPERTYPEID="10" PREVID="0" NEXTID="0" UPDATEDATE="2025-10-01" STARTDATE="2025-10-01" ENDDATE="2079-06-06" ISACTUAL="1" ISACTIVE="1" /><HOUSE ID="129191575" OBJECTID="62421641" OBJECTGUID="5bc31070-7323-45ab-bb99-30f8f7652160" CHANGEID="689825432" HOUSENUM="33Б" HOUSETYPE="2" OPERTYPEID="20" PREVID="37513647" UPDATEDATE="2025-10-01" STARTDATE="2025-10-01" ENDDATE="2079-06-06" ISACTUAL="1" ISACTIVE="1" /><HOUSE ID="129191588" OBJECTID="174992948" OBJECTGUID="4790e056-3dc0-437a-9ab5-ecb720ac5b36" CHANGEID="689825472" HOUSENUM="28" HOUSETYPE="2" OPERTYPEID="10" PREVID="0" NEXTID="0" UPDATEDATE="2025-10-01" STARTDATE="2025-10-01" ENDDATE="2079-06-06" ISACTUAL="1" ISACTIVE="1" /><HOUSE ID="129191590" OBJECTID="174992950" OBJECTGUID="d899af7f-8514-4f65-962c-82bb7555f13c" CHANGEID="689825474" HOUSENUM="24" HOUSETYPE="2" OPERTYPEID="10" PREVID="0" NEXTID="0" UPDATEDATE="2025-10-01" STARTDATE="2025-10-01" ENDDATE="2079-06-06" ISACTUAL="1" ISACTIVE="1" /><HOUSE ID="129191592" OBJECTID="174992951" OBJECTGUID="4352ad02-a192-4efa-baf2-689f0e32d883" CHANGEID="689825476" HOUSENUM="44" HOUSETYPE="2" OPERTYPEID="10" PREVID="0" NEXTID="0" UPDATEDATE="2025-10-01" STARTDATE="2025-10-01" ENDDATE="2079-06-06" ISACTUAL="1" ISACTIVE="1" /><HOUSE ID="129191594" OBJECTID="174992953" OBJECTGUID="563c1928-d2fe-46f6-b8ec-e66ecf840aa9" CHANGEID="689825478" HOUSENUM="47" HOUSETYPE="2" OPERTYPEID="10" PREVID="0" NEXTID="0" UPDATEDATE="2025-10-01" STARTDATE="2025-10-01" ENDDATE="2079-06-06" ISACTUAL="1" ISACTIVE="1" /><HOUSE ID="129191595" OBJECTID="174992955" OBJECTGUID="4410b5b5-53b1-4366-a29d-930692619c82" CHANGEID="689825480" HOUSENUM="1в" HOUSETYPE="2" OPERTYPEID="10" PREVID="0" NEXTID="0" UPDATEDATE="2025-10-01" STARTDATE="2025-10-01" ENDDATE="2079-06-06" ISACTUAL="1" ISACTIVE="1" /><HOUSE ID="129191547" OBJECTID="174992823" OBJECTGUID="9e165e50-1634-46d3-bee0-38e710cb0ea2" CHANGEID="689825228" HOUSENUM="26/18" HOUSETYPE="2" OPERTYPEID="10" PREVID="0" NEXTID="0" UPDATEDATE="2025-10-01" STARTDATE="2025-10-01" ENDDATE="2079-06-06" ISACTUAL="1" ISACTIVE="1" /><HOUSE ID="129191549" OBJECTID="174992825" OBJECTGUID="dbb39e23-e3f3-4881-a937-1257cd56cf88" CHANGEID="689825236" HOUSENUM="5" HOUSETYPE="2" OPERTYPEID="10" PREVID="0" NEXTID="0" UPDATEDATE="2025-10-01" STARTDATE="2025-10-01" ENDDATE="2079-06-06" ISACTUAL="1" ISACTIVE="1" /><HOUSE ID="129191550" OBJECTID="174992827" OBJECTGUID="c6df963e-0f07-448f-95a0-7e1023aaf0f5" CHANGEID="689825238" HOUSENUM="17/1" HOUSETYPE="2" OPERTYPEID="10" PREVID="0" NEXTID="0" UPDATEDATE="2025-10-01" STARTDATE="2025-10-01" ENDDATE="2079-06-06" ISACTUAL="1" ISACTIVE="1" /><HOUSE ID="129191552" OBJECTID="174992829" OBJECTGUID="50b478b8-0482-446a-a502-1d6353428e58" CHANGEID="689825242" HOUSENUM="2/6" HOUSETYPE="2" OPERTYPEID="10" PREVID="0" NEXTID="0" UPDATEDATE="2025-10-01" STARTDATE="2025-10-01" ENDDATE="2079-06-06" ISACTUAL="1" ISACTIVE="1" /><HOUSE ID="129191553" OBJECTID="174992830" OBJECTGUID="9ece22e9-0735-469f-89c1-8d157a4527e1" CHANGEID="689825243" HOUSENUM="2/5" HOUSETYPE="2" OPERTYPEID="10" PREVID="0" NEXTID="0" UPDATEDATE="2025-10-01" STARTDATE="2025-10-01" ENDDATE="2079-06-06" ISACTUAL="1" ISACTIVE="1" /><HOUSE ID="129191554" OBJECTID="174992831" OBJECTGUID="aae01ea1-c29b-4428-b365-d454d4466723" CHANGEID="689825244" HOUSENUM="2/4" HOUSETYPE="2" OPERTYPEID="10" PREVID="0" NEXTID="0" UPDATEDATE="2025-10-01" STARTDATE="2025-10-01" ENDDATE="2079-06-06" ISACTUAL="1" ISACTIVE="1" /><HOUSE ID="129191555" OBJECTID="174992832" OBJECTGUID="579dce9e-a90e-41ad-9afb-54344828e6b7" CHANGEID="689825245" HOUSENUM="2/3" HOUSETYPE="2" OPERTYPEID="10" PREVID="0" NEXTID="0" UPDATEDATE="2025-10-01" STARTDATE="2025-10-01" ENDDATE="2079-06-06" ISACTUAL="1" ISACTIVE="1" /><HOUSE ID="129191556" OBJECTID="174992833" OBJECTGUID="4fcaed8a-44dd-46af-a372-b76bb67f1bf5" CHANGEID="689825246" HOUSENUM="2/2" HOUSETYPE="2" OPERTYPEID="10" PREVID="0" NEXTID="0" UPDATEDATE="2025-10-01" STARTDATE="2025-10-01" ENDDATE="2079-06-06" ISACTUAL="1" ISACTIVE="1" /><HOUSE ID="129191557" OBJECTID="174992834" OBJECTGUID="e0fc82cc-51e3-472c-be6c-c50704da0f56" CHANGEID="689825247" HOUSENUM="2/1" HOUSETYPE="2" OPERTYPEID="10" PREVID="0" NEXTID="0" UPDATEDATE="2025-10-01" STARTDATE="2025-10-01" ENDDATE="2079-06-06" ISACTUAL="1" ISACTIVE="1" /><HOUSE ID="129191558" OBJECTID="174992835" OBJECTGUID="72b7bea7-8f40-430b-8eb1-f6917fe41998" CHANGEID="689825248" HOUSENUM="2/9" HOUSETYPE="2" OPERTYPEID="10" PREVID="0" NEXTID="0" UPDATEDATE="2025-10-01" STARTDATE="2025-10-01" ENDDATE="2079-06-06" ISACTUAL="1" ISACTIVE="1" /><HOUSE ID="129191559" OBJECTID="174992836" OBJECTGUID="53e87a23-aa40-44ce-9016-b1de2ba2ee79" CHANGEID="689825249" HOUSENUM="2/8" HOUSETYPE="2" OPERTYPEID="10" PREVID="0" NEXTID="0" UPDATEDATE="2025-10-01" STARTDATE="2025-10-01" ENDDATE="2079-06-06" ISACTUAL="1" ISACTIVE="1" /><HOUSE ID="129191560" OBJECTID="174992837" OBJECTGUID="4a1a6c54-1944-4945-85f6-80ec4d1e4924" CHANGEID="689825250" HOUSENUM="2/7" HOUSETYPE="2" OPERTYPEID="10" PREVID="0" NEXTID="0" UPDATEDATE="2025-10-01" STARTDATE="2025-10-01" ENDDATE="2079-06-06" ISACTUAL="1" ISACTIVE="1" /><HOUSE ID="129191561" OBJECTID="174992845" OBJECTGUID="8d22a696-617d-4d10-a524-6b22307b71dd" CHANGEID="689825262" HOUSENUM="32/1" HOUSETYPE="2" OPERTYPEID="10" PREVID="0" NEXTID="0" UPDATEDATE="2025-10-01" STARTDATE="2025-10-01" ENDDATE="2079-06-06" ISACTUAL="1" ISACTIVE="1" /><HOUSE ID="129191589" OBJECTID="174992949" OBJECTGUID="48d01c69-a8d3-433f-8f3d-d4e174770074" CHANGEID="689825473" HOUSENUM="33" HOUSETYPE="2" OPERTYPEID="10" PREVID="0" NEXTID="0" UPDATEDATE="2025-10-01" STARTDATE="2025-10-01" ENDDATE="2079-06-06" ISACTUAL="1" ISACTIVE="1" /></HOUSES>