﻿<?xml version="1.0" encoding="utf-8"?><STEADS><STEAD ID="74171432" OBJECTID="174926023" OBJECTGUID="f702e366-1afa-4906-b237-85e93218e0e2" CHANGEID="689655661" NUMBER="49А" OPERTYPEID="10" PREVID="0" NEXTID="0" UPDATEDATE="2025-09-29" STARTDATE="2025-09-29" ENDDATE="2079-06-06" ISACTUAL="1" ISACTIVE="1" /><STEAD ID="74171434" OBJECTID="174926026" OBJECTGUID="1e968ec1-be17-4e16-b167-051963c0e373" CHANGEID="689655666" NUMBER="51А" OPERTYPEID="10" PREVID="0" NEXTID="0" UPDATEDATE="2025-09-29" STARTDATE="2025-09-29" ENDDATE="2079-06-06" ISACTUAL="1" ISACTIVE="1" /><STEAD ID="71263228" OBJECTID="169616896" OBJECTGUID="14f9e48f-92f5-4986-8501-e94366eddb16" CHANGEID="619016862" NUMBER="315" OPERTYPEID="10" PREVID="0" NEXTID="74173475" UPDATEDATE="2025-09-29" STARTDATE="2025-01-21" ENDDATE="2025-09-29" ISACTUAL="0" ISACTIVE="0" /><STEAD ID="74173475" OBJECTID="169616896" OBJECTGUID="14f9e48f-92f5-4986-8501-e94366eddb16" CHANGEID="689669890" NUMBER="315/а" OPERTYPEID="20" PREVID="71263228" UPDATEDATE="2025-09-29" STARTDATE="2025-09-29" ENDDATE="2079-06-06" ISACTUAL="1" ISACTIVE="1" /><STEAD ID="74174165" OBJECTID="174932112" OBJECTGUID="c645c437-7d54-4833-b717-486703b971e9" CHANGEID="689672700" NUMBER="206" OPERTYPEID="10" PREVID="0" NEXTID="0" UPDATEDATE="2025-09-29" STARTDATE="2025-09-29" ENDDATE="2079-06-06" ISACTUAL="1" ISACTIVE="1" /><STEAD ID="74174179" OBJECTID="174932131" OBJECTGUID="50e06a14-158b-46fb-8019-c888094ccedb" CHANGEID="689672737" NUMBER="7а" OPERTYPEID="10" PREVID="0" NEXTID="0" UPDATEDATE="2025-09-29" STARTDATE="2025-09-29" ENDDATE="2079-06-06" ISACTUAL="1" ISACTIVE="1" /><STEAD ID="74174168" OBJECTID="174932115" OBJECTGUID="a3335cc2-1f52-45c1-adc1-754da8b41e3d" CHANGEID="689672705" NUMBER="207" OPERTYPEID="10" PREVID="0" NEXTID="0" UPDATEDATE="2025-09-29" STARTDATE="2025-09-29" ENDDATE="2079-06-06" ISACTUAL="1" ISACTIVE="1" /><STEAD ID="74176641" OBJECTID="174938339" OBJECTGUID="633542f1-eb72-4724-9dcd-e0129c1416fd" CHANGEID="689686656" NUMBER="35а" OPERTYPEID="10" PREVID="0" NEXTID="0" UPDATEDATE="2025-09-29" STARTDATE="2025-09-29" ENDDATE="2079-06-06" ISACTUAL="1" ISACTIVE="1" /><STEAD ID="74176717" OBJECTID="174938513" OBJECTGUID="0600c24f-d465-46be-8301-5b990970e53f" CHANGEID="689686884" NUMBER="4" OPERTYPEID="10" PREVID="0" NEXTID="0" UPDATEDATE="2025-09-29" STARTDATE="2025-09-29" ENDDATE="2079-06-06" ISACTUAL="1" ISACTIVE="1" /><STEAD ID="74176757" OBJECTID="174938687" OBJECTGUID="884268d0-84f4-4606-8f8f-87b2fa18e596" CHANGEID="689687108" NUMBER="10" OPERTYPEID="10" PREVID="0" NEXTID="0" UPDATEDATE="2025-09-29" STARTDATE="2025-09-29" ENDDATE="2079-06-06" ISACTUAL="1" ISACTIVE="1" /><STEAD ID="74176738" OBJECTID="174938565" OBJECTGUID="43d1c338-78bf-4a70-8483-bcfa0e319740" CHANGEID="689686970" NUMBER="25" OPERTYPEID="10" PREVID="0" NEXTID="0" UPDATEDATE="2025-09-29" STARTDATE="2025-09-29" ENDDATE="2079-06-06" ISACTUAL="1" ISACTIVE="1" /><STEAD ID="74176875" OBJECTID="174938912" OBJECTGUID="0f394a8a-0286-4402-8001-f2c83bc3acc0" CHANGEID="689687637" NUMBER="15" OPERTYPEID="10" PREVID="0" NEXTID="0" UPDATEDATE="2025-09-29" STARTDATE="2025-09-29" ENDDATE="2079-06-06" ISACTUAL="1" ISACTIVE="1" /><STEAD ID="74176882" OBJECTID="174938934" OBJECTGUID="91eb5d02-646b-4564-bfc0-e866392a834b" CHANGEID="689687685" NUMBER="10" OPERTYPEID="10" PREVID="0" NEXTID="0" UPDATEDATE="2025-09-29" STARTDATE="2025-09-29" ENDDATE="2079-06-06" ISACTUAL="1" ISACTIVE="1" /><STEAD ID="74176902" OBJECTID="174938970" OBJECTGUID="894fd23b-6375-438f-afab-016ec4da300c" CHANGEID="689687770" NUMBER="1" OPERTYPEID="10" PREVID="0" NEXTID="0" UPDATEDATE="2025-09-29" STARTDATE="2025-09-29" ENDDATE="2079-06-06" ISACTUAL="1" ISACTIVE="1" /><STEAD ID="74177035" OBJECTID="174939182" OBJECTGUID="5863ca00-d1b5-44cc-b4fe-e93c5ed7504c" CHANGEID="689688134" NUMBER="85" OPERTYPEID="10" PREVID="0" NEXTID="0" UPDATEDATE="2025-09-29" STARTDATE="2025-09-29" ENDDATE="2079-06-06" ISACTUAL="1" ISACTIVE="1" /><STEAD ID="74177036" OBJECTID="174939183" OBJECTGUID="17b7f65c-4c79-46c6-99ca-64cb94c71036" CHANGEID="689688135" NUMBER="84" OPERTYPEID="10" PREVID="0" NEXTID="0" UPDATEDATE="2025-09-29" STARTDATE="2025-09-29" ENDDATE="2079-06-06" ISACTUAL="1" ISACTIVE="1" /><STEAD ID="74177037" OBJECTID="174939184" OBJECTGUID="697adc84-690b-4c5a-833f-f66dc5b846fe" CHANGEID="689688136" NUMBER="83" OPERTYPEID="10" PREVID="0" NEXTID="0" UPDATEDATE="2025-09-29" STARTDATE="2025-09-29" ENDDATE="2079-06-06" ISACTUAL="1" ISACTIVE="1" /><STEAD ID="74177038" OBJECTID="174939185" OBJECTGUID="1ac425d9-6fd1-4883-84d0-45f33d862753" CHANGEID="689688137" NUMBER="82" OPERTYPEID="10" PREVID="0" NEXTID="0" UPDATEDATE="2025-09-29" STARTDATE="2025-09-29" ENDDATE="2079-06-06" ISACTUAL="1" ISACTIVE="1" /><STEAD ID="74177039" OBJECTID="174939186" OBJECTGUID="ff971204-bf47-4cd8-8c0d-55c82ffcf2ac" CHANGEID="689688138" NUMBER="81" OPERTYPEID="10" PREVID="0" NEXTID="0" UPDATEDATE="2025-09-29" STARTDATE="2025-09-29" ENDDATE="2079-06-06" ISACTUAL="1" ISACTIVE="1" /><STEAD ID="74177040" OBJECTID="174939187" OBJECTGUID="6c35b5f1-2496-449d-961f-192ae8c8e983" CHANGEID="689688139" NUMBER="80" OPERTYPEID="10" PREVID="0" NEXTID="0" UPDATEDATE="2025-09-29" STARTDATE="2025-09-29" ENDDATE="2079-06-06" ISACTUAL="1" ISACTIVE="1" /><STEAD ID="74177041" OBJECTID="174939188" OBJECTGUID="f581ef03-6c95-423d-add1-832dbd5f9ba9" CHANGEID="689688140" NUMBER="79" OPERTYPEID="10" PREVID="0" NEXTID="0" UPDATEDATE="2025-09-29" STARTDATE="2025-09-29" ENDDATE="2079-06-06" ISACTUAL="1" ISACTIVE="1" /><STEAD ID="74177042" OBJECTID="174939189" OBJECTGUID="767357af-f9d8-45bd-9f12-cdb696a26595" CHANGEID="689688141" NUMBER="74" OPERTYPEID="10" PREVID="0" NEXTID="0" UPDATEDATE="2025-09-29" STARTDATE="2025-09-29" ENDDATE="2079-06-06" ISACTUAL="1" ISACTIVE="1" /><STEAD ID="74177043" OBJECTID="174939190" OBJECTGUID="64b34e04-a902-424a-8e39-730ffa88fc0f" CHANGEID="689688142" NUMBER="73" OPERTYPEID="10" PREVID="0" NEXTID="0" UPDATEDATE="2025-09-29" STARTDATE="2025-09-29" ENDDATE="2079-06-06" ISACTUAL="1" ISACTIVE="1" /><STEAD ID="74177044" OBJECTID="174939191" OBJECTGUID="149b971c-47f6-4000-b8cc-5227db0f1e02" CHANGEID="689688143" NUMBER="72" OPERTYPEID="10" PREVID="0" NEXTID="0" UPDATEDATE="2025-09-29" STARTDATE="2025-09-29" ENDDATE="2079-06-06" ISACTUAL="1" ISACTIVE="1" /><STEAD ID="74177045" OBJECTID="174939192" OBJECTGUID="c89ef406-b12d-46ad-9afd-92a661bb3829" CHANGEID="689688144" NUMBER="71" OPERTYPEID="10" PREVID="0" NEXTID="0" UPDATEDATE="2025-09-29" STARTDATE="2025-09-29" ENDDATE="2079-06-06" ISACTUAL="1" ISACTIVE="1" /><STEAD ID="74177046" OBJECTID="174939193" OBJECTGUID="ac418a16-4e8b-4e83-bfd1-4e0877ca05c1" CHANGEID="689688145" NUMBER="70" OPERTYPEID="10" PREVID="0" NEXTID="0" UPDATEDATE="2025-09-29" STARTDATE="2025-09-29" ENDDATE="2079-06-06" ISACTUAL="1" ISACTIVE="1" /><STEAD ID="74177047" OBJECTID="174939194" OBJECTGUID="ad0cbb73-3934-41f1-9528-3bcb21e4e8c2" CHANGEID="689688146" NUMBER="69" OPERTYPEID="10" PREVID="0" NEXTID="0" UPDATEDATE="2025-09-29" STARTDATE="2025-09-29" ENDDATE="2079-06-06" ISACTUAL="1" ISACTIVE="1" /><STEAD ID="74177048" OBJECTID="174939195" OBJECTGUID="9b234f00-71f9-4799-8866-070c1db68bed" CHANGEID="689688147" NUMBER="68" OPERTYPEID="10" PREVID="0" NEXTID="0" UPDATEDATE="2025-09-29" STARTDATE="2025-09-29" ENDDATE="2079-06-06" ISACTUAL="1" ISACTIVE="1" /><STEAD ID="74177049" OBJECTID="174939196" OBJECTGUID="747438c7-5536-4181-8cca-3a8c5d2294cc" CHANGEID="689688148" NUMBER="67" OPERTYPEID="10" PREVID="0" NEXTID="0" UPDATEDATE="2025-09-29" STARTDATE="2025-09-29" ENDDATE="2079-06-06" ISACTUAL="1" ISACTIVE="1" /><STEAD ID="74177050" OBJECTID="174939197" OBJECTGUID="2d56061f-25c8-49d8-ac7c-4d0274748b60" CHANGEID="689688149" NUMBER="66" OPERTYPEID="10" PREVID="0" NEXTID="0" UPDATEDATE="2025-09-29" STARTDATE="2025-09-29" ENDDATE="2079-06-06" ISACTUAL="1" ISACTIVE="1" /><STEAD ID="74177051" OBJECTID="174939198" OBJECTGUID="d6fde9b3-fee1-4e89-b0f9-524d1e56336b" CHANGEID="689688150" NUMBER="65" OPERTYPEID="10" PREVID="0" NEXTID="0" UPDATEDATE="2025-09-29" STARTDATE="2025-09-29" ENDDATE="2079-06-06" ISACTUAL="1" ISACTIVE="1" /><STEAD ID="74177052" OBJECTID="174939199" OBJECTGUID="e5a0e334-bd10-4fdd-89ea-232860206fe8" CHANGEID="689688151" NUMBER="64" OPERTYPEID="10" PREVID="0" NEXTID="0" UPDATEDATE="2025-09-29" STARTDATE="2025-09-29" ENDDATE="2079-06-06" ISACTUAL="1" ISACTIVE="1" /><STEAD ID="74177053" OBJECTID="174939200" OBJECTGUID="103f69a4-f3f5-4dec-bb3f-ca7032196f3b" CHANGEID="689688152" NUMBER="63" OPERTYPEID="10" PREVID="0" NEXTID="0" UPDATEDATE="2025-09-29" STARTDATE="2025-09-29" ENDDATE="2079-06-06" ISACTUAL="1" ISACTIVE="1" /><STEAD ID="74177054" OBJECTID="174939201" OBJECTGUID="ed23bd37-582e-4ce7-9220-b1d490df81f3" CHANGEID="689688153" NUMBER="62" OPERTYPEID="10" PREVID="0" NEXTID="0" UPDATEDATE="2025-09-29" STARTDATE="2025-09-29" ENDDATE="2079-06-06" ISACTUAL="1" ISACTIVE="1" /><STEAD ID="74177055" OBJECTID="174939202" OBJECTGUID="ab1c927a-db99-4d5a-9834-50c6d8fdf828" CHANGEID="689688154" NUMBER="61" OPERTYPEID="10" PREVID="0" NEXTID="0" UPDATEDATE="2025-09-29" STARTDATE="2025-09-29" ENDDATE="2079-06-06" ISACTUAL="1" ISACTIVE="1" /><STEAD ID="74177056" OBJECTID="174939203" OBJECTGUID="b0a84481-6ba5-4efa-9bb2-a10efd651748" CHANGEID="689688155" NUMBER="60" OPERTYPEID="10" PREVID="0" NEXTID="0" UPDATEDATE="2025-09-29" STARTDATE="2025-09-29" ENDDATE="2079-06-06" ISACTUAL="1" ISACTIVE="1" /><STEAD ID="74177057" OBJECTID="174939204" OBJECTGUID="ae2fd0bb-876e-4bf1-bb62-2ab3eb0f87fc" CHANGEID="689688156" NUMBER="59" OPERTYPEID="10" PREVID="0" NEXTID="0" UPDATEDATE="2025-09-29" STARTDATE="2025-09-29" ENDDATE="2079-06-06" ISACTUAL="1" ISACTIVE="1" /><STEAD ID="74177058" OBJECTID="174939205" OBJECTGUID="c6ca162c-c32f-48e2-a971-3990d1ba1b50" CHANGEID="689688157" NUMBER="58" OPERTYPEID="10" PREVID="0" NEXTID="0" UPDATEDATE="2025-09-29" STARTDATE="2025-09-29" ENDDATE="2079-06-06" ISACTUAL="1" ISACTIVE="1" /><STEAD ID="74177059" OBJECTID="174939206" OBJECTGUID="e2481e00-9efb-4b8d-aa80-7680ccdf4dd2" CHANGEID="689688158" NUMBER="57" OPERTYPEID="10" PREVID="0" NEXTID="0" UPDATEDATE="2025-09-29" STARTDATE="2025-09-29" ENDDATE="2079-06-06" ISACTUAL="1" ISACTIVE="1" /><STEAD ID="74177060" OBJECTID="174939207" OBJECTGUID="157497d3-6746-43cb-8161-f77f0f226ec7" CHANGEID="689688159" NUMBER="56" OPERTYPEID="10" PREVID="0" NEXTID="0" UPDATEDATE="2025-09-29" STARTDATE="2025-09-29" ENDDATE="2079-06-06" ISACTUAL="1" ISACTIVE="1" /><STEAD ID="74177061" OBJECTID="174939208" OBJECTGUID="91e3c375-9e13-47d1-be00-9de5bedda144" CHANGEID="689688160" NUMBER="55" OPERTYPEID="10" PREVID="0" NEXTID="0" UPDATEDATE="2025-09-29" STARTDATE="2025-09-29" ENDDATE="2079-06-06" ISACTUAL="1" ISACTIVE="1" /><STEAD ID="74177062" OBJECTID="174939209" OBJECTGUID="af085282-fdb2-4460-965b-ada6299744b5" CHANGEID="689688161" NUMBER="54" OPERTYPEID="10" PREVID="0" NEXTID="0" UPDATEDATE="2025-09-29" STARTDATE="2025-09-29" ENDDATE="2079-06-06" ISACTUAL="1" ISACTIVE="1" /><STEAD ID="74177063" OBJECTID="174939210" OBJECTGUID="bc8c30db-2dab-4578-b572-b0c86c674985" CHANGEID="689688162" NUMBER="53" OPERTYPEID="10" PREVID="0" NEXTID="0" UPDATEDATE="2025-09-29" STARTDATE="2025-09-29" ENDDATE="2079-06-06" ISACTUAL="1" ISACTIVE="1" /><STEAD ID="74177064" OBJECTID="174939211" OBJECTGUID="0f1375b7-5332-458c-96ce-cff09888a5e2" CHANGEID="689688163" NUMBER="52" OPERTYPEID="10" PREVID="0" NEXTID="0" UPDATEDATE="2025-09-29" STARTDATE="2025-09-29" ENDDATE="2079-06-06" ISACTUAL="1" ISACTIVE="1" /><STEAD ID="74177065" OBJECTID="174939212" OBJECTGUID="73e21cb3-8639-4685-9c72-6413679a7c92" CHANGEID="689688164" NUMBER="51" OPERTYPEID="10" PREVID="0" NEXTID="0" UPDATEDATE="2025-09-29" STARTDATE="2025-09-29" ENDDATE="2079-06-06" ISACTUAL="1" ISACTIVE="1" /><STEAD ID="74177066" OBJECTID="174939213" OBJECTGUID="e8269f9e-22cd-47a7-87b0-ba6522d8f21a" CHANGEID="689688165" NUMBER="50" OPERTYPEID="10" PREVID="0" NEXTID="0" UPDATEDATE="2025-09-29" STARTDATE="2025-09-29" ENDDATE="2079-06-06" ISACTUAL="1" ISACTIVE="1" /><STEAD ID="74177067" OBJECTID="174939214" OBJECTGUID="668a889f-10b3-4937-981a-0cf121e7c0e6" CHANGEID="689688166" NUMBER="49" OPERTYPEID="10" PREVID="0" NEXTID="0" UPDATEDATE="2025-09-29" STARTDATE="2025-09-29" ENDDATE="2079-06-06" ISACTUAL="1" ISACTIVE="1" /><STEAD ID="74177068" OBJECTID="174939215" OBJECTGUID="e44b9432-1c51-4a76-b686-0b2cdf9d8a2a" CHANGEID="689688167" NUMBER="48" OPERTYPEID="10" PREVID="0" NEXTID="0" UPDATEDATE="2025-09-29" STARTDATE="2025-09-29" ENDDATE="2079-06-06" ISACTUAL="1" ISACTIVE="1" /><STEAD ID="74177069" OBJECTID="174939216" OBJECTGUID="f8d6e355-85e2-448a-8194-5d94a0e81509" CHANGEID="689688168" NUMBER="47" OPERTYPEID="10" PREVID="0" NEXTID="0" UPDATEDATE="2025-09-29" STARTDATE="2025-09-29" ENDDATE="2079-06-06" ISACTUAL="1" ISACTIVE="1" /><STEAD ID="74177070" OBJECTID="174939217" OBJECTGUID="a1880e1c-c02a-441e-99c3-dac7de062374" CHANGEID="689688169" NUMBER="46" OPERTYPEID="10" PREVID="0" NEXTID="0" UPDATEDATE="2025-09-29" STARTDATE="2025-09-29" ENDDATE="2079-06-06" ISACTUAL="1" ISACTIVE="1" /><STEAD ID="74177071" OBJECTID="174939218" OBJECTGUID="4b8a2ac4-27e8-47ff-b6b0-997d41be09c6" CHANGEID="689688170" NUMBER="45" OPERTYPEID="10" PREVID="0" NEXTID="0" UPDATEDATE="2025-09-29" STARTDATE="2025-09-29" ENDDATE="2079-06-06" ISACTUAL="1" ISACTIVE="1" /><STEAD ID="74177072" OBJECTID="174939219" OBJECTGUID="e27f33cf-f8b8-4ac6-b496-69bddd06d355" CHANGEID="689688171" NUMBER="44" OPERTYPEID="10" PREVID="0" NEXTID="0" UPDATEDATE="2025-09-29" STARTDATE="2025-09-29" ENDDATE="2079-06-06" ISACTUAL="1" ISACTIVE="1" /><STEAD ID="74177073" OBJECTID="174939220" OBJECTGUID="82099ccd-bc6a-4b78-b4e8-aa3ea1eae3cc" CHANGEID="689688172" NUMBER="43" OPERTYPEID="10" PREVID="0" NEXTID="0" UPDATEDATE="2025-09-29" STARTDATE="2025-09-29" ENDDATE="2079-06-06" ISACTUAL="1" ISACTIVE="1" /><STEAD ID="74177074" OBJECTID="174939221" OBJECTGUID="0e5cb6b1-851b-4dac-a189-728bfdbbb975" CHANGEID="689688173" NUMBER="42" OPERTYPEID="10" PREVID="0" NEXTID="0" UPDATEDATE="2025-09-29" STARTDATE="2025-09-29" ENDDATE="2079-06-06" ISACTUAL="1" ISACTIVE="1" /><STEAD ID="74177075" OBJECTID="174939222" OBJECTGUID="64e5bc9c-4a5f-4c66-8a2d-567ff43c4729" CHANGEID="689688174" NUMBER="41" OPERTYPEID="10" PREVID="0" NEXTID="0" UPDATEDATE="2025-09-29" STARTDATE="2025-09-29" ENDDATE="2079-06-06" ISACTUAL="1" ISACTIVE="1" /><STEAD ID="74177076" OBJECTID="174939223" OBJECTGUID="e1bcdc7e-1639-44d6-b875-3da42166c191" CHANGEID="689688175" NUMBER="40" OPERTYPEID="10" PREVID="0" NEXTID="0" UPDATEDATE="2025-09-29" STARTDATE="2025-09-29" ENDDATE="2079-06-06" ISACTUAL="1" ISACTIVE="1" /><STEAD ID="74177077" OBJECTID="174939224" OBJECTGUID="f0cd6b8b-3594-427a-839d-a81de0ae1b17" CHANGEID="689688176" NUMBER="35" OPERTYPEID="10" PREVID="0" NEXTID="0" UPDATEDATE="2025-09-29" STARTDATE="2025-09-29" ENDDATE="2079-06-06" ISACTUAL="1" ISACTIVE="1" /><STEAD ID="74177078" OBJECTID="174939225" OBJECTGUID="eb9a5401-cb27-43de-83f0-d762276efd40" CHANGEID="689688177" NUMBER="34" OPERTYPEID="10" PREVID="0" NEXTID="0" UPDATEDATE="2025-09-29" STARTDATE="2025-09-29" ENDDATE="2079-06-06" ISACTUAL="1" ISACTIVE="1" /><STEAD ID="74177079" OBJECTID="174939226" OBJECTGUID="310c9b0b-96ae-4051-a738-f1bcfeec60c7" CHANGEID="689688178" NUMBER="33" OPERTYPEID="10" PREVID="0" NEXTID="0" UPDATEDATE="2025-09-29" STARTDATE="2025-09-29" ENDDATE="2079-06-06" ISACTUAL="1" ISACTIVE="1" /><STEAD ID="74177080" OBJECTID="174939227" OBJECTGUID="02104f33-c16a-4037-a73f-738036420bfe" CHANGEID="689688179" NUMBER="32" OPERTYPEID="10" PREVID="0" NEXTID="0" UPDATEDATE="2025-09-29" STARTDATE="2025-09-29" ENDDATE="2079-06-06" ISACTUAL="1" ISACTIVE="1" /><STEAD ID="74177081" OBJECTID="174939228" OBJECTGUID="1c883f63-1954-45cd-9e60-922024b20fa2" CHANGEID="689688180" NUMBER="31" OPERTYPEID="10" PREVID="0" NEXTID="0" UPDATEDATE="2025-09-29" STARTDATE="2025-09-29" ENDDATE="2079-06-06" ISACTUAL="1" ISACTIVE="1" /><STEAD ID="74177082" OBJECTID="174939229" OBJECTGUID="15c427c5-13b5-453c-8201-a146516c5238" CHANGEID="689688181" NUMBER="30" OPERTYPEID="10" PREVID="0" NEXTID="0" UPDATEDATE="2025-09-29" STARTDATE="2025-09-29" ENDDATE="2079-06-06" ISACTUAL="1" ISACTIVE="1" /><STEAD ID="74177083" OBJECTID="174939230" OBJECTGUID="ff02ce85-9ac2-4f00-96c6-8128088a69ee" CHANGEID="689688182" NUMBER="29" OPERTYPEID="10" PREVID="0" NEXTID="0" UPDATEDATE="2025-09-29" STARTDATE="2025-09-29" ENDDATE="2079-06-06" ISACTUAL="1" ISACTIVE="1" /><STEAD ID="74177084" OBJECTID="174939231" OBJECTGUID="a269e713-225b-4ae6-8804-2ccc774959db" CHANGEID="689688183" NUMBER="28" OPERTYPEID="10" PREVID="0" NEXTID="0" UPDATEDATE="2025-09-29" STARTDATE="2025-09-29" ENDDATE="2079-06-06" ISACTUAL="1" ISACTIVE="1" /><STEAD ID="74177085" OBJECTID="174939232" OBJECTGUID="614b86da-af0d-4e22-b7e6-b890a8bc55a3" CHANGEID="689688184" NUMBER="27" OPERTYPEID="10" PREVID="0" NEXTID="0" UPDATEDATE="2025-09-29" STARTDATE="2025-09-29" ENDDATE="2079-06-06" ISACTUAL="1" ISACTIVE="1" /><STEAD ID="74177086" OBJECTID="174939233" OBJECTGUID="6f5368e9-c609-4c09-933e-b778878903de" CHANGEID="689688185" NUMBER="26" OPERTYPEID="10" PREVID="0" NEXTID="0" UPDATEDATE="2025-09-29" STARTDATE="2025-09-29" ENDDATE="2079-06-06" ISACTUAL="1" ISACTIVE="1" /><STEAD ID="74177087" OBJECTID="174939234" OBJECTGUID="e9f35b25-5f70-4db6-a134-bcb2a19d6c3f" CHANGEID="689688186" NUMBER="25" OPERTYPEID="10" PREVID="0" NEXTID="0" UPDATEDATE="2025-09-29" STARTDATE="2025-09-29" ENDDATE="2079-06-06" ISACTUAL="1" ISACTIVE="1" /><STEAD ID="74177088" OBJECTID="174939235" OBJECTGUID="3dfc97f0-3228-4896-9b77-19bc00d8a4a5" CHANGEID="689688187" NUMBER="24" OPERTYPEID="10" PREVID="0" NEXTID="0" UPDATEDATE="2025-09-29" STARTDATE="2025-09-29" ENDDATE="2079-06-06" ISACTUAL="1" ISACTIVE="1" /><STEAD ID="74177089" OBJECTID="174939236" OBJECTGUID="a5b09204-e977-4a39-a9c9-f51bdd072fd2" CHANGEID="689688188" NUMBER="23" OPERTYPEID="10" PREVID="0" NEXTID="0" UPDATEDATE="2025-09-29" STARTDATE="2025-09-29" ENDDATE="2079-06-06" ISACTUAL="1" ISACTIVE="1" /><STEAD ID="74177090" OBJECTID="174939237" OBJECTGUID="1db9c66a-db7d-4578-9792-60d118c7effc" CHANGEID="689688189" NUMBER="22" OPERTYPEID="10" PREVID="0" NEXTID="0" UPDATEDATE="2025-09-29" STARTDATE="2025-09-29" ENDDATE="2079-06-06" ISACTUAL="1" ISACTIVE="1" /><STEAD ID="74177091" OBJECTID="174939238" OBJECTGUID="5f55adee-eb3e-403a-a913-73c15df900d7" CHANGEID="689688190" NUMBER="21" OPERTYPEID="10" PREVID="0" NEXTID="0" UPDATEDATE="2025-09-29" STARTDATE="2025-09-29" ENDDATE="2079-06-06" ISACTUAL="1" ISACTIVE="1" /><STEAD ID="74177092" OBJECTID="174939239" OBJECTGUID="67f30df7-dc19-45f6-a5c9-a290685ccb15" CHANGEID="689688191" NUMBER="20" OPERTYPEID="10" PREVID="0" NEXTID="0" UPDATEDATE="2025-09-29" STARTDATE="2025-09-29" ENDDATE="2079-06-06" ISACTUAL="1" ISACTIVE="1" /><STEAD ID="74177093" OBJECTID="174939240" OBJECTGUID="481bf5bb-b60c-4237-9bfd-3a997a006ed2" CHANGEID="689688192" NUMBER="19" OPERTYPEID="10" PREVID="0" NEXTID="0" UPDATEDATE="2025-09-29" STARTDATE="2025-09-29" ENDDATE="2079-06-06" ISACTUAL="1" ISACTIVE="1" /><STEAD ID="74177094" OBJECTID="174939241" OBJECTGUID="5db2711b-36ad-435f-8b19-4190628763fe" CHANGEID="689688193" NUMBER="18" OPERTYPEID="10" PREVID="0" NEXTID="0" UPDATEDATE="2025-09-29" STARTDATE="2025-09-29" ENDDATE="2079-06-06" ISACTUAL="1" ISACTIVE="1" /><STEAD ID="74177095" OBJECTID="174939242" OBJECTGUID="c8e96a8a-4c16-4ac4-9aeb-80c905040c6c" CHANGEID="689688194" NUMBER="13" OPERTYPEID="10" PREVID="0" NEXTID="0" UPDATEDATE="2025-09-29" STARTDATE="2025-09-29" ENDDATE="2079-06-06" ISACTUAL="1" ISACTIVE="1" /><STEAD ID="74177096" OBJECTID="174939243" OBJECTGUID="edc79a5c-5f65-4d6f-b811-0535295ba01f" CHANGEID="689688195" NUMBER="12" OPERTYPEID="10" PREVID="0" NEXTID="0" UPDATEDATE="2025-09-29" STARTDATE="2025-09-29" ENDDATE="2079-06-06" ISACTUAL="1" ISACTIVE="1" /><STEAD ID="74177097" OBJECTID="174939244" OBJECTGUID="b53e31fc-f433-401a-9a11-73d65ac83f7a" CHANGEID="689688196" NUMBER="11" OPERTYPEID="10" PREVID="0" NEXTID="0" UPDATEDATE="2025-09-29" STARTDATE="2025-09-29" ENDDATE="2079-06-06" ISACTUAL="1" ISACTIVE="1" /><STEAD ID="74177098" OBJECTID="174939245" OBJECTGUID="8ee51f34-b675-441c-aa53-3545c8a4d798" CHANGEID="689688197" NUMBER="10" OPERTYPEID="10" PREVID="0" NEXTID="0" UPDATEDATE="2025-09-29" STARTDATE="2025-09-29" ENDDATE="2079-06-06" ISACTUAL="1" ISACTIVE="1" /><STEAD ID="74177099" OBJECTID="174939246" OBJECTGUID="50febf21-d8c8-41c1-b45f-6e39a5344b44" CHANGEID="689688198" NUMBER="9" OPERTYPEID="10" PREVID="0" NEXTID="0" UPDATEDATE="2025-09-29" STARTDATE="2025-09-29" ENDDATE="2079-06-06" ISACTUAL="1" ISACTIVE="1" /><STEAD ID="74177100" OBJECTID="174939247" OBJECTGUID="74d729e6-486c-4f84-9ed3-b92be9a0ff08" CHANGEID="689688199" NUMBER="8" OPERTYPEID="10" PREVID="0" NEXTID="0" UPDATEDATE="2025-09-29" STARTDATE="2025-09-29" ENDDATE="2079-06-06" ISACTUAL="1" ISACTIVE="1" /><STEAD ID="74177101" OBJECTID="174939248" OBJECTGUID="f950b44c-acce-4274-912d-1e35241b5991" CHANGEID="689688200" NUMBER="7" OPERTYPEID="10" PREVID="0" NEXTID="0" UPDATEDATE="2025-09-29" STARTDATE="2025-09-29" ENDDATE="2079-06-06" ISACTUAL="1" ISACTIVE="1" /><STEAD ID="74177102" OBJECTID="174939249" OBJECTGUID="a9b1f4d0-bb65-441f-8b69-d43c0be21738" CHANGEID="689688201" NUMBER="6" OPERTYPEID="10" PREVID="0" NEXTID="0" UPDATEDATE="2025-09-29" STARTDATE="2025-09-29" ENDDATE="2079-06-06" ISACTUAL="1" ISACTIVE="1" /><STEAD ID="74177103" OBJECTID="174939250" OBJECTGUID="e96ed332-6dd7-40f2-86c0-c07dfafe809b" CHANGEID="689688202" NUMBER="5" OPERTYPEID="10" PREVID="0" NEXTID="0" UPDATEDATE="2025-09-29" STARTDATE="2025-09-29" ENDDATE="2079-06-06" ISACTUAL="1" ISACTIVE="1" /><STEAD ID="74177104" OBJECTID="174939251" OBJECTGUID="1c13ad04-2624-4f3c-a9a6-e3221254df46" CHANGEID="689688203" NUMBER="4" OPERTYPEID="10" PREVID="0" NEXTID="0" UPDATEDATE="2025-09-29" STARTDATE="2025-09-29" ENDDATE="2079-06-06" ISACTUAL="1" ISACTIVE="1" /><STEAD ID="74177105" OBJECTID="174939252" OBJECTGUID="8bb46e72-bd17-41dd-b758-30e1876b248d" CHANGEID="689688204" NUMBER="3" OPERTYPEID="10" PREVID="0" NEXTID="0" UPDATEDATE="2025-09-29" STARTDATE="2025-09-29" ENDDATE="2079-06-06" ISACTUAL="1" ISACTIVE="1" /><STEAD ID="74177106" OBJECTID="174939253" OBJECTGUID="ebb0f4b8-5e42-4c56-ab72-f480d697a9f5" CHANGEID="689688205" NUMBER="2" OPERTYPEID="10" PREVID="0" NEXTID="0" UPDATEDATE="2025-09-29" STARTDATE="2025-09-29" ENDDATE="2079-06-06" ISACTUAL="1" ISACTIVE="1" /><STEAD ID="74177107" OBJECTID="174939254" OBJECTGUID="fcfc6427-7fe0-40cd-90d4-9062ff61b2b3" CHANGEID="689688206" NUMBER="1" OPERTYPEID="10" PREVID="0" NEXTID="0" UPDATEDATE="2025-09-29" STARTDATE="2025-09-29" ENDDATE="2079-06-06" ISACTUAL="1" ISACTIVE="1" /><STEAD ID="74177108" OBJECTID="174939255" OBJECTGUID="8f185f1b-4399-4757-9d10-4e8f32d274e8" CHANGEID="689688207" NUMBER="78" OPERTYPEID="10" PREVID="0" NEXTID="0" UPDATEDATE="2025-09-29" STARTDATE="2025-09-29" ENDDATE="2079-06-06" ISACTUAL="1" ISACTIVE="1" /><STEAD ID="74177109" OBJECTID="174939256" OBJECTGUID="99ad421e-d206-48aa-9843-cf41c3ab33d8" CHANGEID="689688208" NUMBER="77" OPERTYPEID="10" PREVID="0" NEXTID="0" UPDATEDATE="2025-09-29" STARTDATE="2025-09-29" ENDDATE="2079-06-06" ISACTUAL="1" ISACTIVE="1" /><STEAD ID="74177110" OBJECTID="174939257" OBJECTGUID="2f4f4bec-bbc0-4d37-a6d0-b27922edd43d" CHANGEID="689688209" NUMBER="76" OPERTYPEID="10" PREVID="0" NEXTID="0" UPDATEDATE="2025-09-29" STARTDATE="2025-09-29" ENDDATE="2079-06-06" ISACTUAL="1" ISACTIVE="1" /><STEAD ID="74177111" OBJECTID="174939258" OBJECTGUID="40683ba5-b3da-4b6c-b650-701098094b91" CHANGEID="689688210" NUMBER="75" OPERTYPEID="10" PREVID="0" NEXTID="0" UPDATEDATE="2025-09-29" STARTDATE="2025-09-29" ENDDATE="2079-06-06" ISACTUAL="1" ISACTIVE="1" /><STEAD ID="74177112" OBJECTID="174939259" OBJECTGUID="2fcb883f-622f-410c-9000-c62659a7abaa" CHANGEID="689688211" NUMBER="39" OPERTYPEID="10" PREVID="0" NEXTID="0" UPDATEDATE="2025-09-29" STARTDATE="2025-09-29" ENDDATE="2079-06-06" ISACTUAL="1" ISACTIVE="1" /><STEAD ID="74177113" OBJECTID="174939260" OBJECTGUID="fd783a32-5ece-4c15-9976-c2402865bbcf" CHANGEID="689688212" NUMBER="38" OPERTYPEID="10" PREVID="0" NEXTID="0" UPDATEDATE="2025-09-29" STARTDATE="2025-09-29" ENDDATE="2079-06-06" ISACTUAL="1" ISACTIVE="1" /><STEAD ID="74177114" OBJECTID="174939261" OBJECTGUID="fe4e3d26-ddb1-4c5d-9420-a0c2d37ab59b" CHANGEID="689688213" NUMBER="37" OPERTYPEID="10" PREVID="0" NEXTID="0" UPDATEDATE="2025-09-29" STARTDATE="2025-09-29" ENDDATE="2079-06-06" ISACTUAL="1" ISACTIVE="1" /><STEAD ID="74177115" OBJECTID="174939262" OBJECTGUID="539cb0a8-3b91-4e9d-85df-568176b51904" CHANGEID="689688214" NUMBER="36" OPERTYPEID="10" PREVID="0" NEXTID="0" UPDATEDATE="2025-09-29" STARTDATE="2025-09-29" ENDDATE="2079-06-06" ISACTUAL="1" ISACTIVE="1" /><STEAD ID="74177116" OBJECTID="174939263" OBJECTGUID="41b3c7e7-1c6e-40f5-9eb1-b2355ff26864" CHANGEID="689688215" NUMBER="17" OPERTYPEID="10" PREVID="0" NEXTID="0" UPDATEDATE="2025-09-29" STARTDATE="2025-09-29" ENDDATE="2079-06-06" ISACTUAL="1" ISACTIVE="1" /><STEAD ID="74177117" OBJECTID="174939264" OBJECTGUID="25737a30-659d-46dd-8568-db064016af7e" CHANGEID="689688216" NUMBER="16" OPERTYPEID="10" PREVID="0" NEXTID="0" UPDATEDATE="2025-09-29" STARTDATE="2025-09-29" ENDDATE="2079-06-06" ISACTUAL="1" ISACTIVE="1" /><STEAD ID="74177118" OBJECTID="174939265" OBJECTGUID="af67fc04-1568-4154-8e4a-b6ca6e59aec3" CHANGEID="689688217" NUMBER="15" OPERTYPEID="10" PREVID="0" NEXTID="0" UPDATEDATE="2025-09-29" STARTDATE="2025-09-29" ENDDATE="2079-06-06" ISACTUAL="1" ISACTIVE="1" /><STEAD ID="74177119" OBJECTID="174939266" OBJECTGUID="0cd3b370-63e0-451c-83a4-020e4d6f38c6" CHANGEID="689688218" NUMBER="14" OPERTYPEID="10" PREVID="0" NEXTID="0" UPDATEDATE="2025-09-29" STARTDATE="2025-09-29" ENDDATE="2079-06-06" ISACTUAL="1" ISACTIVE="1" /><STEAD ID="74177409" OBJECTID="174939768" OBJECTGUID="b3814694-290d-4829-a7ee-d00ba57e2c00" CHANGEID="689689286" NUMBER="19" OPERTYPEID="10" PREVID="0" NEXTID="0" UPDATEDATE="2025-09-29" STARTDATE="2025-09-29" ENDDATE="2079-06-06" ISACTUAL="1" ISACTIVE="1" /><STEAD ID="74177649" OBJECTID="174940093" OBJECTGUID="863238ea-e766-4fbe-b9f0-b10045733173" CHANGEID="689690417" NUMBER="12" OPERTYPEID="10" PREVID="0" NEXTID="0" UPDATEDATE="2025-09-29" STARTDATE="2025-09-29" ENDDATE="2079-06-06" ISACTUAL="1" ISACTIVE="1" /><STEAD ID="74177650" OBJECTID="174940094" OBJECTGUID="99f59b07-b5e0-4c1a-8575-8597b92032cf" CHANGEID="689690418" NUMBER="52" OPERTYPEID="10" PREVID="0" NEXTID="0" UPDATEDATE="2025-09-29" STARTDATE="2025-09-29" ENDDATE="2079-06-06" ISACTUAL="1" ISACTIVE="1" /><STEAD ID="74178019" OBJECTID="174940629" OBJECTGUID="ae5427a8-0e6a-473b-af99-44ce3e84afe8" CHANGEID="689691319" NUMBER="298" OPERTYPEID="10" PREVID="0" NEXTID="0" UPDATEDATE="2025-09-29" STARTDATE="2025-09-29" ENDDATE="2079-06-06" ISACTUAL="1" ISACTIVE="1" /><STEAD ID="74178020" OBJECTID="174940630" OBJECTGUID="3f84c449-f561-4ed7-b2d2-c8b4fcfd85fa" CHANGEID="689691320" NUMBER="328" OPERTYPEID="10" PREVID="0" NEXTID="0" UPDATEDATE="2025-09-29" STARTDATE="2025-09-29" ENDDATE="2079-06-06" ISACTUAL="1" ISACTIVE="1" /><STEAD ID="74178021" OBJECTID="174940631" OBJECTGUID="0dffe09e-22fe-471e-9d39-9d5609c06a61" CHANGEID="689691321" NUMBER="59" OPERTYPEID="10" PREVID="0" NEXTID="0" UPDATEDATE="2025-09-29" STARTDATE="2025-09-29" ENDDATE="2079-06-06" ISACTUAL="1" ISACTIVE="1" /><STEAD ID="74178022" OBJECTID="174940632" OBJECTGUID="176c464d-5f8d-42bd-b3cc-72802556fc56" CHANGEID="689691322" NUMBER="211" OPERTYPEID="10" PREVID="0" NEXTID="0" UPDATEDATE="2025-09-29" STARTDATE="2025-09-29" ENDDATE="2079-06-06" ISACTUAL="1" ISACTIVE="1" /><STEAD ID="74178023" OBJECTID="174940633" OBJECTGUID="6c773d6c-cecd-402d-8f74-0611c822bd09" CHANGEID="689691323" NUMBER="171" OPERTYPEID="10" PREVID="0" NEXTID="0" UPDATEDATE="2025-09-29" STARTDATE="2025-09-29" ENDDATE="2079-06-06" ISACTUAL="1" ISACTIVE="1" /><STEAD ID="74178024" OBJECTID="174940634" OBJECTGUID="9a5b26e4-20e4-45cf-9b3e-79bb76a16923" CHANGEID="689691324" NUMBER="127" OPERTYPEID="10" PREVID="0" NEXTID="0" UPDATEDATE="2025-09-29" STARTDATE="2025-09-29" ENDDATE="2079-06-06" ISACTUAL="1" ISACTIVE="1" /><STEAD ID="74178025" OBJECTID="174940635" OBJECTGUID="243a8643-1495-4186-a10d-b4dc1a2961ac" CHANGEID="689691325" NUMBER="202" OPERTYPEID="10" PREVID="0" NEXTID="0" UPDATEDATE="2025-09-29" STARTDATE="2025-09-29" ENDDATE="2079-06-06" ISACTUAL="1" ISACTIVE="1" /><STEAD ID="74178026" OBJECTID="174940636" OBJECTGUID="7ad3bfe3-f624-4496-b8fa-8dee965bb379" CHANGEID="689691326" NUMBER="50" OPERTYPEID="10" PREVID="0" NEXTID="0" UPDATEDATE="2025-09-29" STARTDATE="2025-09-29" ENDDATE="2079-06-06" ISACTUAL="1" ISACTIVE="1" /><STEAD ID="74178027" OBJECTID="174940637" OBJECTGUID="2ae2aff8-5334-476e-bdbd-0022af0865fb" CHANGEID="689691327" NUMBER="241" OPERTYPEID="10" PREVID="0" NEXTID="0" UPDATEDATE="2025-09-29" STARTDATE="2025-09-29" ENDDATE="2079-06-06" ISACTUAL="1" ISACTIVE="1" /><STEAD ID="74178028" OBJECTID="174940638" OBJECTGUID="8a313df9-a284-4bff-88b2-6a435944379a" CHANGEID="689691328" NUMBER="3/а" OPERTYPEID="10" PREVID="0" NEXTID="0" UPDATEDATE="2025-09-29" STARTDATE="2025-09-29" ENDDATE="2079-06-06" ISACTUAL="1" ISACTIVE="1" /><STEAD ID="74178029" OBJECTID="174940639" OBJECTGUID="33002a72-2be2-4e92-a5c8-273af227869b" CHANGEID="689691329" NUMBER="256" OPERTYPEID="10" PREVID="0" NEXTID="0" UPDATEDATE="2025-09-29" STARTDATE="2025-09-29" ENDDATE="2079-06-06" ISACTUAL="1" ISACTIVE="1" /><STEAD ID="74178030" OBJECTID="174940640" OBJECTGUID="2000c3dd-7486-43ca-9fbf-beb6d82cc5be" CHANGEID="689691330" NUMBER="3" OPERTYPEID="10" PREVID="0" NEXTID="0" UPDATEDATE="2025-09-29" STARTDATE="2025-09-29" ENDDATE="2079-06-06" ISACTUAL="1" ISACTIVE="1" /><STEAD ID="74178031" OBJECTID="174940641" OBJECTGUID="9586b433-1ede-4b27-bacc-e9b2a999d1c6" CHANGEID="689691331" NUMBER="64" OPERTYPEID="10" PREVID="0" NEXTID="0" UPDATEDATE="2025-09-29" STARTDATE="2025-09-29" ENDDATE="2079-06-06" ISACTUAL="1" ISACTIVE="1" /><STEAD ID="74178032" OBJECTID="174940642" OBJECTGUID="82f041a7-caf5-4c74-8155-cb48b42ba742" CHANGEID="689691332" NUMBER="244" OPERTYPEID="10" PREVID="0" NEXTID="0" UPDATEDATE="2025-09-29" STARTDATE="2025-09-29" ENDDATE="2079-06-06" ISACTUAL="1" ISACTIVE="1" /><STEAD ID="74178033" OBJECTID="174940643" OBJECTGUID="495b6f09-9d4f-4abc-b45e-9cbfcad2302b" CHANGEID="689691333" NUMBER="21" OPERTYPEID="10" PREVID="0" NEXTID="0" UPDATEDATE="2025-09-29" STARTDATE="2025-09-29" ENDDATE="2079-06-06" ISACTUAL="1" ISACTIVE="1" /><STEAD ID="74178034" OBJECTID="174940644" OBJECTGUID="80fa4b63-1130-400b-85ec-f0849165effa" CHANGEID="689691334" NUMBER="51/б" OPERTYPEID="10" PREVID="0" NEXTID="0" UPDATEDATE="2025-09-29" STARTDATE="2025-09-29" ENDDATE="2079-06-06" ISACTUAL="1" ISACTIVE="1" /><STEAD ID="74178035" OBJECTID="174940645" OBJECTGUID="a63f7fa1-13ea-4084-8f21-e48bab823886" CHANGEID="689691335" NUMBER="133" OPERTYPEID="10" PREVID="0" NEXTID="0" UPDATEDATE="2025-09-29" STARTDATE="2025-09-29" ENDDATE="2079-06-06" ISACTUAL="1" ISACTIVE="1" /><STEAD ID="74178036" OBJECTID="174940646" OBJECTGUID="71bb3545-7ddb-44e6-9012-83879f544d04" CHANGEID="689691336" NUMBER="126" OPERTYPEID="10" PREVID="0" NEXTID="0" UPDATEDATE="2025-09-29" STARTDATE="2025-09-29" ENDDATE="2079-06-06" ISACTUAL="1" ISACTIVE="1" /><STEAD ID="74178037" OBJECTID="174940647" OBJECTGUID="2baa438a-83d0-4b6a-8ba6-ddbe0859b726" CHANGEID="689691337" NUMBER="79" OPERTYPEID="10" PREVID="0" NEXTID="0" UPDATEDATE="2025-09-29" STARTDATE="2025-09-29" ENDDATE="2079-06-06" ISACTUAL="1" ISACTIVE="1" /><STEAD ID="74178038" OBJECTID="174940648" OBJECTGUID="6429e402-eec2-4e64-a40d-f9c163eed8f8" CHANGEID="689691338" NUMBER="384" OPERTYPEID="10" PREVID="0" NEXTID="0" UPDATEDATE="2025-09-29" STARTDATE="2025-09-29" ENDDATE="2079-06-06" ISACTUAL="1" ISACTIVE="1" /><STEAD ID="74178039" OBJECTID="174940649" OBJECTGUID="72ec4702-9591-435b-89d0-ee8aefc3468c" CHANGEID="689691339" NUMBER="100" OPERTYPEID="10" PREVID="0" NEXTID="0" UPDATEDATE="2025-09-29" STARTDATE="2025-09-29" ENDDATE="2079-06-06" ISACTUAL="1" ISACTIVE="1" /><STEAD ID="74178040" OBJECTID="174940650" OBJECTGUID="6c8168df-1e41-42fb-a45c-1f1592dcf813" CHANGEID="689691340" NUMBER="159" OPERTYPEID="10" PREVID="0" NEXTID="0" UPDATEDATE="2025-09-29" STARTDATE="2025-09-29" ENDDATE="2079-06-06" ISACTUAL="1" ISACTIVE="1" /><STEAD ID="74178041" OBJECTID="174940651" OBJECTGUID="1d323d44-e3f6-48ce-b29d-13a8010836a7" CHANGEID="689691341" NUMBER="420" OPERTYPEID="10" PREVID="0" NEXTID="0" UPDATEDATE="2025-09-29" STARTDATE="2025-09-29" ENDDATE="2079-06-06" ISACTUAL="1" ISACTIVE="1" /><STEAD ID="74178042" OBJECTID="174940652" OBJECTGUID="3138a3a0-3497-4ec1-ba23-8fa688d2457d" CHANGEID="689691342" NUMBER="215" OPERTYPEID="10" PREVID="0" NEXTID="0" UPDATEDATE="2025-09-29" STARTDATE="2025-09-29" ENDDATE="2079-06-06" ISACTUAL="1" ISACTIVE="1" /><STEAD ID="74178043" OBJECTID="174940653" OBJECTGUID="28681523-2604-4aa6-a039-c04b21f4d4ec" CHANGEID="689691343" NUMBER="10/а" OPERTYPEID="10" PREVID="0" NEXTID="0" UPDATEDATE="2025-09-29" STARTDATE="2025-09-29" ENDDATE="2079-06-06" ISACTUAL="1" ISACTIVE="1" /><STEAD ID="74178044" OBJECTID="174940654" OBJECTGUID="ded96ead-3403-4135-97a6-ade93c2f8432" CHANGEID="689691344" NUMBER="122" OPERTYPEID="10" PREVID="0" NEXTID="0" UPDATEDATE="2025-09-29" STARTDATE="2025-09-29" ENDDATE="2079-06-06" ISACTUAL="1" ISACTIVE="1" /><STEAD ID="74178045" OBJECTID="174940655" OBJECTGUID="747942f1-3620-4627-b1bd-2233fa728a55" CHANGEID="689691345" NUMBER="229" OPERTYPEID="10" PREVID="0" NEXTID="0" UPDATEDATE="2025-09-29" STARTDATE="2025-09-29" ENDDATE="2079-06-06" ISACTUAL="1" ISACTIVE="1" /><STEAD ID="74178046" OBJECTID="174940656" OBJECTGUID="1d7de5fd-e45c-4127-9158-a7fe2b6b50c2" CHANGEID="689691346" NUMBER="333" OPERTYPEID="10" PREVID="0" NEXTID="0" UPDATEDATE="2025-09-29" STARTDATE="2025-09-29" ENDDATE="2079-06-06" ISACTUAL="1" ISACTIVE="1" /><STEAD ID="74178047" OBJECTID="174940657" OBJECTGUID="a51d7045-9d24-405a-b17e-7b4ff4e4d300" CHANGEID="689691347" NUMBER="97" OPERTYPEID="10" PREVID="0" NEXTID="0" UPDATEDATE="2025-09-29" STARTDATE="2025-09-29" ENDDATE="2079-06-06" ISACTUAL="1" ISACTIVE="1" /><STEAD ID="74178048" OBJECTID="174940658" OBJECTGUID="c686989b-3d62-459e-9d34-aadf68cd48ea" CHANGEID="689691348" NUMBER="72" OPERTYPEID="10" PREVID="0" NEXTID="0" UPDATEDATE="2025-09-29" STARTDATE="2025-09-29" ENDDATE="2079-06-06" ISACTUAL="1" ISACTIVE="1" /><STEAD ID="74178049" OBJECTID="174940659" OBJECTGUID="c9993cb0-050f-4ca0-a91c-45b3a7b87d7c" CHANGEID="689691349" NUMBER="70/б" OPERTYPEID="10" PREVID="0" NEXTID="0" UPDATEDATE="2025-09-29" STARTDATE="2025-09-29" ENDDATE="2079-06-06" ISACTUAL="1" ISACTIVE="1" /><STEAD ID="74178050" OBJECTID="174940660" OBJECTGUID="f4e1e313-c973-450e-ad52-a20965d9bdf3" CHANGEID="689691350" NUMBER="242" OPERTYPEID="10" PREVID="0" NEXTID="0" UPDATEDATE="2025-09-29" STARTDATE="2025-09-29" ENDDATE="2079-06-06" ISACTUAL="1" ISACTIVE="1" /><STEAD ID="74178051" OBJECTID="174940661" OBJECTGUID="768f5666-0218-4060-a32c-74f1c3cc6f42" CHANGEID="689691351" NUMBER="346" OPERTYPEID="10" PREVID="0" NEXTID="0" UPDATEDATE="2025-09-29" STARTDATE="2025-09-29" ENDDATE="2079-06-06" ISACTUAL="1" ISACTIVE="1" /><STEAD ID="74178052" OBJECTID="174940662" OBJECTGUID="21a559ee-d613-4c4e-8596-f99d3330358a" CHANGEID="689691352" NUMBER="196" OPERTYPEID="10" PREVID="0" NEXTID="0" UPDATEDATE="2025-09-29" STARTDATE="2025-09-29" ENDDATE="2079-06-06" ISACTUAL="1" ISACTIVE="1" /><STEAD ID="74178053" OBJECTID="174940663" OBJECTGUID="82dad9ea-aa8b-4811-a90c-5939ab8c5329" CHANGEID="689691353" NUMBER="422" OPERTYPEID="10" PREVID="0" NEXTID="0" UPDATEDATE="2025-09-29" STARTDATE="2025-09-29" ENDDATE="2079-06-06" ISACTUAL="1" ISACTIVE="1" /><STEAD ID="74178054" OBJECTID="174940664" OBJECTGUID="a968ae26-120f-45a9-b1be-a98d1c2feb06" CHANGEID="689691354" NUMBER="321" OPERTYPEID="10" PREVID="0" NEXTID="0" UPDATEDATE="2025-09-29" STARTDATE="2025-09-29" ENDDATE="2079-06-06" ISACTUAL="1" ISACTIVE="1" /><STEAD ID="74178055" OBJECTID="174940665" OBJECTGUID="88a3bfdb-f7b2-494b-9371-b26959e2db9e" CHANGEID="689691355" NUMBER="110/а" OPERTYPEID="10" PREVID="0" NEXTID="0" UPDATEDATE="2025-09-29" STARTDATE="2025-09-29" ENDDATE="2079-06-06" ISACTUAL="1" ISACTIVE="1" /><STEAD ID="74178056" OBJECTID="174940666" OBJECTGUID="1b21b6da-f103-4a7f-8221-1d11f61512eb" CHANGEID="689691356" NUMBER="216" OPERTYPEID="10" PREVID="0" NEXTID="0" UPDATEDATE="2025-09-29" STARTDATE="2025-09-29" ENDDATE="2079-06-06" ISACTUAL="1" ISACTIVE="1" /><STEAD ID="74178057" OBJECTID="174940667" OBJECTGUID="69e5aa11-238c-4c36-8ee6-2bf57b93e194" CHANGEID="689691357" NUMBER="31/б" OPERTYPEID="10" PREVID="0" NEXTID="0" UPDATEDATE="2025-09-29" STARTDATE="2025-09-29" ENDDATE="2079-06-06" ISACTUAL="1" ISACTIVE="1" /><STEAD ID="74178058" OBJECTID="174940668" OBJECTGUID="431dc883-6a95-49a9-bcab-95fe87dbebdf" CHANGEID="689691358" NUMBER="148" OPERTYPEID="10" PREVID="0" NEXTID="0" UPDATEDATE="2025-09-29" STARTDATE="2025-09-29" ENDDATE="2079-06-06" ISACTUAL="1" ISACTIVE="1" /><STEAD ID="74178059" OBJECTID="174940669" OBJECTGUID="15af8c77-8b4b-4919-af16-c02b82c564da" CHANGEID="689691359" NUMBER="195" OPERTYPEID="10" PREVID="0" NEXTID="0" UPDATEDATE="2025-09-29" STARTDATE="2025-09-29" ENDDATE="2079-06-06" ISACTUAL="1" ISACTIVE="1" /><STEAD ID="74178060" OBJECTID="174940670" OBJECTGUID="d2da0abc-fd80-4f4a-a90e-03756ed2b33c" CHANGEID="689691360" NUMBER="309" OPERTYPEID="10" PREVID="0" NEXTID="0" UPDATEDATE="2025-09-29" STARTDATE="2025-09-29" ENDDATE="2079-06-06" ISACTUAL="1" ISACTIVE="1" /><STEAD ID="74178061" OBJECTID="174940671" OBJECTGUID="fc376ef0-87d6-4934-8df5-8d0e45516bd9" CHANGEID="689691361" NUMBER="315" OPERTYPEID="10" PREVID="0" NEXTID="0" UPDATEDATE="2025-09-29" STARTDATE="2025-09-29" ENDDATE="2079-06-06" ISACTUAL="1" ISACTIVE="1" /><STEAD ID="74180287" OBJECTID="174944877" OBJECTGUID="fb8564fd-fd98-4b5f-9a6d-766e8d2564c2" CHANGEID="689699926" NUMBER="1" OPERTYPEID="10" PREVID="0" NEXTID="0" UPDATEDATE="2025-09-29" STARTDATE="2025-09-29" ENDDATE="2079-06-06" ISACTUAL="1" ISACTIVE="1" /><STEAD ID="74180278" OBJECTID="174944818" OBJECTGUID="047967b0-e1b7-4507-adc9-05e7f3204c82" CHANGEID="689699816" NUMBER="5" OPERTYPEID="10" PREVID="0" NEXTID="0" UPDATEDATE="2025-09-29" STARTDATE="2025-09-29" ENDDATE="2079-06-06" ISACTUAL="1" ISACTIVE="1" /><STEAD ID="74185101" OBJECTID="174952500" OBJECTGUID="08b2c77b-0cf9-4535-9716-4f1d42053ba6" CHANGEID="689717461" NUMBER="16" OPERTYPEID="10" PREVID="0" NEXTID="0" UPDATEDATE="2025-09-30" STARTDATE="2025-09-30" ENDDATE="2079-06-06" ISACTUAL="1" ISACTIVE="1" /><STEAD ID="74185103" OBJECTID="174952502" OBJECTGUID="e9f1f457-462a-4ddb-a097-94f8b9e7c699" CHANGEID="689717464" NUMBER="3" OPERTYPEID="10" PREVID="0" NEXTID="0" UPDATEDATE="2025-09-30" STARTDATE="2025-09-30" ENDDATE="2079-06-06" ISACTUAL="1" ISACTIVE="1" /><STEAD ID="74185189" OBJECTID="174952623" OBJECTGUID="b77a3a84-097c-4067-9dbe-f2e5383eee01" CHANGEID="689717821" NUMBER="7" OPERTYPEID="10" PREVID="0" NEXTID="0" UPDATEDATE="2025-09-30" STARTDATE="2025-09-30" ENDDATE="2079-06-06" ISACTUAL="1" ISACTIVE="1" /><STEAD ID="74185206" OBJECTID="174952656" OBJECTGUID="edc30a44-779e-4761-9b8b-28b61ecec8a9" CHANGEID="689717877" NUMBER="10" OPERTYPEID="10" PREVID="0" NEXTID="0" UPDATEDATE="2025-09-30" STARTDATE="2025-09-30" ENDDATE="2079-06-06" ISACTUAL="1" ISACTIVE="1" /><STEAD ID="74185207" OBJECTID="174952657" OBJECTGUID="bb09ce60-9f82-4165-b811-f56198601ebe" CHANGEID="689717878" NUMBER="2" OPERTYPEID="10" PREVID="0" NEXTID="0" UPDATEDATE="2025-09-30" STARTDATE="2025-09-30" ENDDATE="2079-06-06" ISACTUAL="1" ISACTIVE="1" /><STEAD ID="74185177" OBJECTID="174952607" OBJECTGUID="acd7601c-442f-45ba-a17e-ce87621c022e" CHANGEID="689717676" NUMBER="18" OPERTYPEID="10" PREVID="0" NEXTID="0" UPDATEDATE="2025-09-30" STARTDATE="2025-09-30" ENDDATE="2079-06-06" ISACTUAL="1" ISACTIVE="1" /><STEAD ID="74185178" OBJECTID="174952608" OBJECTGUID="09cb1959-9f4b-43fe-83d8-e7b93401e5ec" CHANGEID="689717677" NUMBER="17" OPERTYPEID="10" PREVID="0" NEXTID="0" UPDATEDATE="2025-09-30" STARTDATE="2025-09-30" ENDDATE="2079-06-06" ISACTUAL="1" ISACTIVE="1" /><STEAD ID="74185179" OBJECTID="174952609" OBJECTGUID="8a296807-c217-4c33-8eeb-5b22ad94ed8c" CHANGEID="689717678" NUMBER="16" OPERTYPEID="10" PREVID="0" NEXTID="0" UPDATEDATE="2025-09-30" STARTDATE="2025-09-30" ENDDATE="2079-06-06" ISACTUAL="1" ISACTIVE="1" /><STEAD ID="74185205" OBJECTID="174952646" OBJECTGUID="4f87fb50-7a7f-4c2b-93e4-7e725fe521df" CHANGEID="689717856" NUMBER="2" OPERTYPEID="10" PREVID="0" NEXTID="0" UPDATEDATE="2025-09-30" STARTDATE="2025-09-30" ENDDATE="2079-06-06" ISACTUAL="1" ISACTIVE="1" /><STEAD ID="74185213" OBJECTID="174952668" OBJECTGUID="56e329f4-6ad4-4bd0-8484-dbcc2db5e8d9" CHANGEID="689717901" NUMBER="20" OPERTYPEID="10" PREVID="0" NEXTID="0" UPDATEDATE="2025-09-30" STARTDATE="2025-09-30" ENDDATE="2079-06-06" ISACTUAL="1" ISACTIVE="1" /><STEAD ID="74185230" OBJECTID="174952694" OBJECTGUID="42fc818f-beb2-4699-a0a4-e81bae12ea04" CHANGEID="689717945" NUMBER="19" OPERTYPEID="10" PREVID="0" NEXTID="0" UPDATEDATE="2025-09-30" STARTDATE="2025-09-30" ENDDATE="2079-06-06" ISACTUAL="1" ISACTIVE="1" /><STEAD ID="74185231" OBJECTID="174952695" OBJECTGUID="2424854d-15d1-42a6-8324-f2e0bce691e2" CHANGEID="689717947" NUMBER="11" OPERTYPEID="10" PREVID="0" NEXTID="0" UPDATEDATE="2025-09-30" STARTDATE="2025-09-30" ENDDATE="2079-06-06" ISACTUAL="1" ISACTIVE="1" /><STEAD ID="74185281" OBJECTID="174952771" OBJECTGUID="cf7afde3-c1ff-4312-b5d2-add203ea2553" CHANGEID="689718098" NUMBER="35" OPERTYPEID="10" PREVID="0" NEXTID="0" UPDATEDATE="2025-09-30" STARTDATE="2025-09-30" ENDDATE="2079-06-06" ISACTUAL="1" ISACTIVE="1" /><STEAD ID="74185319" OBJECTID="174952837" OBJECTGUID="5e7d6226-771a-42ed-93fb-b2188fe94d8f" CHANGEID="689718232" NUMBER="3" OPERTYPEID="10" PREVID="0" NEXTID="0" UPDATEDATE="2025-09-30" STARTDATE="2025-09-30" ENDDATE="2079-06-06" ISACTUAL="1" ISACTIVE="1" /><STEAD ID="74185348" OBJECTID="174952886" OBJECTGUID="d4d01488-f799-4609-a779-8f47c7d633e0" CHANGEID="689718339" NUMBER="32" OPERTYPEID="10" PREVID="0" NEXTID="0" UPDATEDATE="2025-09-30" STARTDATE="2025-09-30" ENDDATE="2079-06-06" ISACTUAL="1" ISACTIVE="1" /><STEAD ID="74185358" OBJECTID="174952901" OBJECTGUID="9a3bf9b0-7e73-40d6-b50a-822b77798e7c" CHANGEID="689718365" NUMBER="14" OPERTYPEID="10" PREVID="0" NEXTID="0" UPDATEDATE="2025-09-30" STARTDATE="2025-09-30" ENDDATE="2079-06-06" ISACTUAL="1" ISACTIVE="1" /><STEAD ID="74185359" OBJECTID="174952902" OBJECTGUID="e325eac5-f140-4faf-9df0-3f91d29bd647" CHANGEID="689718366" NUMBER="12" OPERTYPEID="10" PREVID="0" NEXTID="0" UPDATEDATE="2025-09-30" STARTDATE="2025-09-30" ENDDATE="2079-06-06" ISACTUAL="1" ISACTIVE="1" /><STEAD ID="74185360" OBJECTID="174952903" OBJECTGUID="ba2d21ae-37b4-4252-85be-aae16cbc477c" CHANGEID="689718367" NUMBER="10" OPERTYPEID="10" PREVID="0" NEXTID="0" UPDATEDATE="2025-09-30" STARTDATE="2025-09-30" ENDDATE="2079-06-06" ISACTUAL="1" ISACTIVE="1" /><STEAD ID="74185361" OBJECTID="174952904" OBJECTGUID="67fe715b-d787-4e22-8a8a-6f0d73d7fe47" CHANGEID="689718368" NUMBER="7" OPERTYPEID="10" PREVID="0" NEXTID="0" UPDATEDATE="2025-09-30" STARTDATE="2025-09-30" ENDDATE="2079-06-06" ISACTUAL="1" ISACTIVE="1" /><STEAD ID="74185427" OBJECTID="174953016" OBJECTGUID="348866ba-452e-47eb-becb-2a1f20202a05" CHANGEID="689718608" NUMBER="6" OPERTYPEID="10" PREVID="0" NEXTID="0" UPDATEDATE="2025-09-30" STARTDATE="2025-09-30" ENDDATE="2079-06-06" ISACTUAL="1" ISACTIVE="1" /><STEAD ID="74185470" OBJECTID="174953090" OBJECTGUID="64f87eb8-89be-41ce-9bd4-39f62e5bdfa4" CHANGEID="689718743" NUMBER="7" OPERTYPEID="10" PREVID="0" NEXTID="0" UPDATEDATE="2025-09-30" STARTDATE="2025-09-30" ENDDATE="2079-06-06" ISACTUAL="1" ISACTIVE="1" /><STEAD ID="74186264" OBJECTID="174954191" OBJECTGUID="48ded84f-c4b3-4a50-8abc-0ba4f2b8c1e7" CHANGEID="689720957" NUMBER="29" OPERTYPEID="10" PREVID="0" NEXTID="0" UPDATEDATE="2025-09-30" STARTDATE="2025-09-30" ENDDATE="2079-06-06" ISACTUAL="1" ISACTIVE="1" /><STEAD ID="74186283" OBJECTID="174954217" OBJECTGUID="1b8a51fd-e28a-45aa-99ee-931f192f7636" CHANGEID="689721001" NUMBER="188" OPERTYPEID="10" PREVID="0" NEXTID="0" UPDATEDATE="2025-09-30" STARTDATE="2025-09-30" ENDDATE="2079-06-06" ISACTUAL="1" ISACTIVE="1" /><STEAD ID="74186276" OBJECTID="174954205" OBJECTGUID="7d3e4cd6-930a-4473-8b05-03b77c09f15b" CHANGEID="689720980" NUMBER="227" OPERTYPEID="10" PREVID="0" NEXTID="0" UPDATEDATE="2025-09-30" STARTDATE="2025-09-30" ENDDATE="2079-06-06" ISACTUAL="1" ISACTIVE="1" /><STEAD ID="74188348" OBJECTID="174957879" OBJECTGUID="eb58fd3d-db10-433a-bf0d-b790934d79e7" CHANGEID="689729695" NUMBER="11" OPERTYPEID="10" PREVID="0" NEXTID="0" UPDATEDATE="2025-09-30" STARTDATE="2025-09-30" ENDDATE="2079-06-06" ISACTUAL="1" ISACTIVE="1" /><STEAD ID="74188820" OBJECTID="174958596" OBJECTGUID="812275c2-7d96-4186-a63c-f0e5d5732856" CHANGEID="689732391" NUMBER="13" OPERTYPEID="10" PREVID="0" NEXTID="0" UPDATEDATE="2025-09-30" STARTDATE="2025-09-30" ENDDATE="2079-06-06" ISACTUAL="1" ISACTIVE="1" /><STEAD ID="74188842" OBJECTID="174958626" OBJECTGUID="f3029c7e-15e2-4b53-9de1-0e926018622a" CHANGEID="689732437" NUMBER="9" OPERTYPEID="10" PREVID="0" NEXTID="0" UPDATEDATE="2025-09-30" STARTDATE="2025-09-30" ENDDATE="2079-06-06" ISACTUAL="1" ISACTIVE="1" /><STEAD ID="74188865" OBJECTID="174958660" OBJECTGUID="6988fdab-2734-409c-b4b3-bba1f8ee9f40" CHANGEID="689732513" NUMBER="27" OPERTYPEID="10" PREVID="0" NEXTID="0" UPDATEDATE="2025-09-30" STARTDATE="2025-09-30" ENDDATE="2079-06-06" ISACTUAL="1" ISACTIVE="1" /><STEAD ID="74188872" OBJECTID="174958668" OBJECTGUID="104b0f2b-623a-49f2-922b-761a7b8d6390" CHANGEID="689732539" NUMBER="28" OPERTYPEID="10" PREVID="0" NEXTID="0" UPDATEDATE="2025-09-30" STARTDATE="2025-09-30" ENDDATE="2079-06-06" ISACTUAL="1" ISACTIVE="1" /><STEAD ID="74188879" OBJECTID="174958687" OBJECTGUID="3a0d6555-e8e9-4466-95ea-fa4a051ef94b" CHANGEID="689732570" NUMBER="17" OPERTYPEID="10" PREVID="0" NEXTID="0" UPDATEDATE="2025-09-30" STARTDATE="2025-09-30" ENDDATE="2079-06-06" ISACTUAL="1" ISACTIVE="1" /><STEAD ID="74188904" OBJECTID="174958715" OBJECTGUID="9674e4ee-0a73-4c15-a2bf-c948fbf45485" CHANGEID="689732617" NUMBER="24" OPERTYPEID="10" PREVID="0" NEXTID="0" UPDATEDATE="2025-09-30" STARTDATE="2025-09-30" ENDDATE="2079-06-06" ISACTUAL="1" ISACTIVE="1" /><STEAD ID="74188916" OBJECTID="174958732" OBJECTGUID="1c72f57e-8e1f-4fd1-8c14-c66fca6cd1da" CHANGEID="689732650" NUMBER="10" OPERTYPEID="10" PREVID="0" NEXTID="0" UPDATEDATE="2025-09-30" STARTDATE="2025-09-30" ENDDATE="2079-06-06" ISACTUAL="1" ISACTIVE="1" /><STEAD ID="74188854" OBJECTID="174958646" OBJECTGUID="24f72b80-bec8-4142-8165-3d0b6e56e784" CHANGEID="689732467" NUMBER="62" OPERTYPEID="10" PREVID="0" NEXTID="0" UPDATEDATE="2025-09-30" STARTDATE="2025-09-30" ENDDATE="2079-06-06" ISACTUAL="1" ISACTIVE="1" /><STEAD ID="74188931" OBJECTID="174958751" OBJECTGUID="b8d9ac7f-1eb3-44ba-902c-4dc6ca106bfc" CHANGEID="689732685" NUMBER="2" OPERTYPEID="10" PREVID="0" NEXTID="0" UPDATEDATE="2025-09-30" STARTDATE="2025-09-30" ENDDATE="2079-06-06" ISACTUAL="1" ISACTIVE="1" /><STEAD ID="74188977" OBJECTID="174958801" OBJECTGUID="6e98c2bd-1175-4518-8c60-5cf3645f0192" CHANGEID="689732748" NUMBER="47" OPERTYPEID="10" PREVID="0" NEXTID="0" UPDATEDATE="2025-09-30" STARTDATE="2025-09-30" ENDDATE="2079-06-06" ISACTUAL="1" ISACTIVE="1" /><STEAD ID="74189341" OBJECTID="174959454" OBJECTGUID="e40a3203-8815-493f-96b7-4d8d5301242a" CHANGEID="689734183" NUMBER="141" OPERTYPEID="10" PREVID="0" NEXTID="0" UPDATEDATE="2025-09-30" STARTDATE="2025-09-30" ENDDATE="2079-06-06" ISACTUAL="1" ISACTIVE="1" /><STEAD ID="74189361" OBJECTID="174959544" OBJECTGUID="b61ef068-e9d4-4310-ab9d-ac2554285318" CHANGEID="689734290" NUMBER="125" OPERTYPEID="10" PREVID="0" NEXTID="0" UPDATEDATE="2025-09-30" STARTDATE="2025-09-30" ENDDATE="2079-06-06" ISACTUAL="1" ISACTIVE="1" /><STEAD ID="74189481" OBJECTID="174959682" OBJECTGUID="2ebe6a17-e4fb-4f2b-8e3f-b45023899fe9" CHANGEID="689734537" NUMBER="133/2" OPERTYPEID="10" PREVID="0" NEXTID="0" UPDATEDATE="2025-09-30" STARTDATE="2025-09-30" ENDDATE="2079-06-06" ISACTUAL="1" ISACTIVE="1" /><STEAD ID="74189537" OBJECTID="174959749" OBJECTGUID="5208ca9a-387c-4d3b-9211-93593226ad9c" CHANGEID="689734660" NUMBER="2/1" OPERTYPEID="10" PREVID="0" NEXTID="0" UPDATEDATE="2025-09-30" STARTDATE="2025-09-30" ENDDATE="2079-06-06" ISACTUAL="1" ISACTIVE="1" /><STEAD ID="74189406" OBJECTID="174959592" OBJECTGUID="98c37705-1994-4657-a360-01deffe0b44f" CHANGEID="689734359" NUMBER="30/1" OPERTYPEID="10" PREVID="0" NEXTID="0" UPDATEDATE="2025-09-30" STARTDATE="2025-09-30" ENDDATE="2079-06-06" ISACTUAL="1" ISACTIVE="1" /><STEAD ID="74189422" OBJECTID="174959611" OBJECTGUID="122e0bc5-1bb9-4142-a649-1602b74f706f" CHANGEID="689734401" NUMBER="115" OPERTYPEID="10" PREVID="0" NEXTID="0" UPDATEDATE="2025-09-30" STARTDATE="2025-09-30" ENDDATE="2079-06-06" ISACTUAL="1" ISACTIVE="1" /><STEAD ID="74189449" OBJECTID="174959642" OBJECTGUID="a3f6d4ae-b75c-42ad-a93f-ba5c8fdd5ae0" CHANGEID="689734451" NUMBER="238" OPERTYPEID="10" PREVID="0" NEXTID="0" UPDATEDATE="2025-09-30" STARTDATE="2025-09-30" ENDDATE="2079-06-06" ISACTUAL="1" ISACTIVE="1" /><STEAD ID="74189465" OBJECTID="174959660" OBJECTGUID="aa40d73c-f684-4fe5-8407-894e0023809e" CHANGEID="689734485" NUMBER="23/2" OPERTYPEID="10" PREVID="0" NEXTID="0" UPDATEDATE="2025-09-30" STARTDATE="2025-09-30" ENDDATE="2079-06-06" ISACTUAL="1" ISACTIVE="1" /><STEAD ID="74189494" OBJECTID="174959699" OBJECTGUID="9c538a9a-b4bb-4b15-ac99-b81753fe4744" CHANGEID="689734574" NUMBER="34а" OPERTYPEID="10" PREVID="0" NEXTID="0" UPDATEDATE="2025-09-30" STARTDATE="2025-09-30" ENDDATE="2079-06-06" ISACTUAL="1" ISACTIVE="1" /><STEAD ID="74189515" OBJECTID="174959727" OBJECTGUID="3553cb37-8916-4034-84e3-d73ad89e9ba2" CHANGEID="689734619" NUMBER="57" OPERTYPEID="10" PREVID="0" NEXTID="0" UPDATEDATE="2025-09-30" STARTDATE="2025-09-30" ENDDATE="2079-06-06" ISACTUAL="1" ISACTIVE="1" /><STEAD ID="74189593" OBJECTID="174959928" OBJECTGUID="0e39aae1-a1a1-4f10-a2f4-6938ddb92357" CHANGEID="689734931" NUMBER="10" OPERTYPEID="10" PREVID="0" NEXTID="0" UPDATEDATE="2025-09-30" STARTDATE="2025-09-30" ENDDATE="2079-06-06" ISACTUAL="1" ISACTIVE="1" /><STEAD ID="74189630" OBJECTID="174959969" OBJECTGUID="3a46dd84-bed9-4dfa-8a8d-17eb1cb991a1" CHANGEID="689734992" NUMBER="6" OPERTYPEID="10" PREVID="0" NEXTID="0" UPDATEDATE="2025-09-30" STARTDATE="2025-09-30" ENDDATE="2079-06-06" ISACTUAL="1" ISACTIVE="1" /><STEAD ID="74189652" OBJECTID="174959995" OBJECTGUID="d06d91dc-b52b-44a5-94b2-730feda10bc6" CHANGEID="689735047" NUMBER="6/1" OPERTYPEID="10" PREVID="0" NEXTID="0" UPDATEDATE="2025-09-30" STARTDATE="2025-09-30" ENDDATE="2079-06-06" ISACTUAL="1" ISACTIVE="1" /><STEAD ID="74189664" OBJECTID="174960040" OBJECTGUID="9f793f1f-f67b-4caa-8036-bf8a5c3c1cab" CHANGEID="689735104" NUMBER="26/2" OPERTYPEID="10" PREVID="0" NEXTID="0" UPDATEDATE="2025-09-30" STARTDATE="2025-09-30" ENDDATE="2079-06-06" ISACTUAL="1" ISACTIVE="1" /><STEAD ID="74189788" OBJECTID="174960197" OBJECTGUID="ee6f4011-e0cb-4cf0-b2bc-a04243752970" CHANGEID="689735340" NUMBER="14" OPERTYPEID="10" PREVID="0" NEXTID="0" UPDATEDATE="2025-09-30" STARTDATE="2025-09-30" ENDDATE="2079-06-06" ISACTUAL="1" ISACTIVE="1" /><STEAD ID="74189832" OBJECTID="174960288" OBJECTGUID="bd61f928-38a8-48aa-b9f4-bdbb0e7036d6" CHANGEID="689735474" NUMBER="19" OPERTYPEID="10" PREVID="0" NEXTID="0" UPDATEDATE="2025-09-30" STARTDATE="2025-09-30" ENDDATE="2079-06-06" ISACTUAL="1" ISACTIVE="1" /><STEAD ID="74189846" OBJECTID="174960306" OBJECTGUID="e53913b9-1e5e-400a-acff-1ad1c3c3d725" CHANGEID="689735574" NUMBER="204" OPERTYPEID="10" PREVID="0" NEXTID="0" UPDATEDATE="2025-09-30" STARTDATE="2025-09-30" ENDDATE="2079-06-06" ISACTUAL="1" ISACTIVE="1" /><STEAD ID="74189857" OBJECTID="174960322" OBJECTGUID="0cc7983d-8cc3-4c68-927f-6b4c2eed2e7f" CHANGEID="689735612" NUMBER="3/1" OPERTYPEID="10" PREVID="0" NEXTID="0" UPDATEDATE="2025-09-30" STARTDATE="2025-09-30" ENDDATE="2079-06-06" ISACTUAL="1" ISACTIVE="1" /><STEAD ID="74189862" OBJECTID="174960331" OBJECTGUID="1f216ec4-1e4a-4914-a74f-8b0c73a56d67" CHANGEID="689735636" NUMBER="108/1" OPERTYPEID="10" PREVID="0" NEXTID="0" UPDATEDATE="2025-09-30" STARTDATE="2025-09-30" ENDDATE="2079-06-06" ISACTUAL="1" ISACTIVE="1" /><STEAD ID="74189883" OBJECTID="174960354" OBJECTGUID="90963b4e-a7a8-44a4-be02-09db6d486dce" CHANGEID="689735670" NUMBER="9/2" OPERTYPEID="10" PREVID="0" NEXTID="0" UPDATEDATE="2025-09-30" STARTDATE="2025-09-30" ENDDATE="2079-06-06" ISACTUAL="1" ISACTIVE="1" /><STEAD ID="74190190" OBJECTID="174960753" OBJECTGUID="02d6031b-462c-4761-8e3c-e5dee5b9ff2e" CHANGEID="689736951" NUMBER="83/2" OPERTYPEID="10" PREVID="0" NEXTID="0" UPDATEDATE="2025-09-30" STARTDATE="2025-09-30" ENDDATE="2079-06-06" ISACTUAL="1" ISACTIVE="1" /><STEAD ID="74190207" OBJECTID="174960778" OBJECTGUID="9d4ab564-b589-4d74-832b-a15f48814646" CHANGEID="689736989" NUMBER="5/2" OPERTYPEID="10" PREVID="0" NEXTID="0" UPDATEDATE="2025-09-30" STARTDATE="2025-09-30" ENDDATE="2079-06-06" ISACTUAL="1" ISACTIVE="1" /><STEAD ID="74190263" OBJECTID="174960899" OBJECTGUID="64443fa8-4cc9-486c-8dc4-36ae00584d8c" CHANGEID="689737192" NUMBER="5" OPERTYPEID="10" PREVID="0" NEXTID="0" UPDATEDATE="2025-09-30" STARTDATE="2025-09-30" ENDDATE="2079-06-06" ISACTUAL="1" ISACTIVE="1" /><STEAD ID="74190275" OBJECTID="174960917" OBJECTGUID="240c5557-9447-459d-8806-1fb389e266ea" CHANGEID="689737245" NUMBER="5" OPERTYPEID="10" PREVID="0" NEXTID="0" UPDATEDATE="2025-09-30" STARTDATE="2025-09-30" ENDDATE="2079-06-06" ISACTUAL="1" ISACTIVE="1" /><STEAD ID="74190290" OBJECTID="174960940" OBJECTGUID="55e3d218-141d-4d99-8001-3766fef234cd" CHANGEID="689737280" NUMBER="20" OPERTYPEID="10" PREVID="0" NEXTID="0" UPDATEDATE="2025-09-30" STARTDATE="2025-09-30" ENDDATE="2079-06-06" ISACTUAL="1" ISACTIVE="1" /><STEAD ID="74190224" OBJECTID="174960808" OBJECTGUID="9392de07-be6b-44a9-b560-15a2e00ea377" CHANGEID="689737038" NUMBER="5/1" OPERTYPEID="10" PREVID="0" NEXTID="0" UPDATEDATE="2025-09-30" STARTDATE="2025-09-30" ENDDATE="2079-06-06" ISACTUAL="1" ISACTIVE="1" /><STEAD ID="74190236" OBJECTID="174960819" OBJECTGUID="b7beee59-5d20-4298-bdfa-27b521d4bef8" CHANGEID="689737083" NUMBER="147" OPERTYPEID="10" PREVID="0" NEXTID="0" UPDATEDATE="2025-09-30" STARTDATE="2025-09-30" ENDDATE="2079-06-06" ISACTUAL="1" ISACTIVE="1" /><STEAD ID="74190245" OBJECTID="174960833" OBJECTGUID="1a416489-6a59-4c5e-939b-41fac164b24f" CHANGEID="689737111" NUMBER="22" OPERTYPEID="10" PREVID="0" NEXTID="0" UPDATEDATE="2025-09-30" STARTDATE="2025-09-30" ENDDATE="2079-06-06" ISACTUAL="1" ISACTIVE="1" /><STEAD ID="74190294" OBJECTID="174960951" OBJECTGUID="03f2068f-f28a-4201-b259-56ff4917baad" CHANGEID="689737309" NUMBER="64" OPERTYPEID="10" PREVID="0" NEXTID="0" UPDATEDATE="2025-09-30" STARTDATE="2025-09-30" ENDDATE="2079-06-06" ISACTUAL="1" ISACTIVE="1" /><STEAD ID="74190323" OBJECTID="174960983" OBJECTGUID="54736375-bdbe-40d0-adbf-59d1a19df9b0" CHANGEID="689737346" NUMBER="66" OPERTYPEID="10" PREVID="0" NEXTID="0" UPDATEDATE="2025-09-30" STARTDATE="2025-09-30" ENDDATE="2079-06-06" ISACTUAL="1" ISACTIVE="1" /><STEAD ID="74190383" OBJECTID="174961089" OBJECTGUID="46b54411-2fb1-43eb-b910-58ea851650cd" CHANGEID="689737547" NUMBER="54" OPERTYPEID="10" PREVID="0" NEXTID="0" UPDATEDATE="2025-09-30" STARTDATE="2025-09-30" ENDDATE="2079-06-06" ISACTUAL="1" ISACTIVE="1" /><STEAD ID="74190399" OBJECTID="174961109" OBJECTGUID="170df504-a79c-4dd9-8176-052be3a90d04" CHANGEID="689737587" NUMBER="1б/1" OPERTYPEID="10" PREVID="0" NEXTID="0" UPDATEDATE="2025-09-30" STARTDATE="2025-09-30" ENDDATE="2079-06-06" ISACTUAL="1" ISACTIVE="1" /><STEAD ID="74190377" OBJECTID="174961078" OBJECTGUID="f87e05cb-4b88-4a5c-90fe-e8856f794de7" CHANGEID="689737527" NUMBER="46" OPERTYPEID="10" PREVID="0" NEXTID="0" UPDATEDATE="2025-09-30" STARTDATE="2025-09-30" ENDDATE="2079-06-06" ISACTUAL="1" ISACTIVE="1" /><STEAD ID="74190412" OBJECTID="174961126" OBJECTGUID="6a69d3de-4ecf-4b36-b703-e20817684582" CHANGEID="689737619" NUMBER="3" OPERTYPEID="10" PREVID="0" NEXTID="0" UPDATEDATE="2025-09-30" STARTDATE="2025-09-30" ENDDATE="2079-06-06" ISACTUAL="1" ISACTIVE="1" /><STEAD ID="74190473" OBJECTID="174961190" OBJECTGUID="7539bf66-cb3c-4a81-8262-f26ec3e5c40b" CHANGEID="689737719" NUMBER="38" OPERTYPEID="10" PREVID="0" NEXTID="0" UPDATEDATE="2025-09-30" STARTDATE="2025-09-30" ENDDATE="2079-06-06" ISACTUAL="1" ISACTIVE="1" /><STEAD ID="74190482" OBJECTID="174961200" OBJECTGUID="091c8428-691d-4ae8-a8ba-11569a29d562" CHANGEID="689737739" NUMBER="11/2" OPERTYPEID="10" PREVID="0" NEXTID="0" UPDATEDATE="2025-09-30" STARTDATE="2025-09-30" ENDDATE="2079-06-06" ISACTUAL="1" ISACTIVE="1" /><STEAD ID="74190489" OBJECTID="174961210" OBJECTGUID="90fc17ad-84a1-440b-bf7d-8283bc795ce5" CHANGEID="689737806" NUMBER="65" OPERTYPEID="10" PREVID="0" NEXTID="0" UPDATEDATE="2025-09-30" STARTDATE="2025-09-30" ENDDATE="2079-06-06" ISACTUAL="1" ISACTIVE="1" /><STEAD ID="74190444" OBJECTID="174961162" OBJECTGUID="52078254-9ee8-4382-8c7f-7534d122d977" CHANGEID="689737666" NUMBER="7" OPERTYPEID="10" PREVID="0" NEXTID="0" UPDATEDATE="2025-09-30" STARTDATE="2025-09-30" ENDDATE="2079-06-06" ISACTUAL="1" ISACTIVE="1" /><STEAD ID="74190460" OBJECTID="174961175" OBJECTGUID="1a288f30-c0d5-41b8-b485-7b0d6ae70168" CHANGEID="689737696" NUMBER="40" OPERTYPEID="10" PREVID="0" NEXTID="0" UPDATEDATE="2025-09-30" STARTDATE="2025-09-30" ENDDATE="2079-06-06" ISACTUAL="1" ISACTIVE="1" /><STEAD ID="74190515" OBJECTID="174961253" OBJECTGUID="44b2de01-301e-4901-91fd-aff1bdadc9d4" CHANGEID="689737901" NUMBER="56" OPERTYPEID="10" PREVID="0" NEXTID="0" UPDATEDATE="2025-09-30" STARTDATE="2025-09-30" ENDDATE="2079-06-06" ISACTUAL="1" ISACTIVE="1" /><STEAD ID="74190516" OBJECTID="174961254" OBJECTGUID="21b98605-ddba-4ab6-be66-40b7190d9610" CHANGEID="689737902" NUMBER="53" OPERTYPEID="10" PREVID="0" NEXTID="0" UPDATEDATE="2025-09-30" STARTDATE="2025-09-30" ENDDATE="2079-06-06" ISACTUAL="1" ISACTIVE="1" /><STEAD ID="74190517" OBJECTID="174961255" OBJECTGUID="59d0435b-6864-41a6-ae9d-78c7ad88dd92" CHANGEID="689737903" NUMBER="52" OPERTYPEID="10" PREVID="0" NEXTID="0" UPDATEDATE="2025-09-30" STARTDATE="2025-09-30" ENDDATE="2079-06-06" ISACTUAL="1" ISACTIVE="1" /><STEAD ID="74190518" OBJECTID="174961256" OBJECTGUID="5198deac-beb8-47fe-b3d0-644260edff46" CHANGEID="689737904" NUMBER="51" OPERTYPEID="10" PREVID="0" NEXTID="0" UPDATEDATE="2025-09-30" STARTDATE="2025-09-30" ENDDATE="2079-06-06" ISACTUAL="1" ISACTIVE="1" /><STEAD ID="74190519" OBJECTID="174961257" OBJECTGUID="b3f0f413-c7fe-4413-bffe-3d383c3aa7f9" CHANGEID="689737905" NUMBER="50" OPERTYPEID="10" PREVID="0" NEXTID="0" UPDATEDATE="2025-09-30" STARTDATE="2025-09-30" ENDDATE="2079-06-06" ISACTUAL="1" ISACTIVE="1" /><STEAD ID="74190520" OBJECTID="174961258" OBJECTGUID="fe29d4f3-7479-4f67-b4a4-f6844cdad01b" CHANGEID="689737906" NUMBER="49" OPERTYPEID="10" PREVID="0" NEXTID="0" UPDATEDATE="2025-09-30" STARTDATE="2025-09-30" ENDDATE="2079-06-06" ISACTUAL="1" ISACTIVE="1" /><STEAD ID="74190521" OBJECTID="174961259" OBJECTGUID="a10fdad8-c186-410d-9353-be8a97ea04c4" CHANGEID="689737907" NUMBER="48" OPERTYPEID="10" PREVID="0" NEXTID="0" UPDATEDATE="2025-09-30" STARTDATE="2025-09-30" ENDDATE="2079-06-06" ISACTUAL="1" ISACTIVE="1" /><STEAD ID="74190522" OBJECTID="174961260" OBJECTGUID="2375eb3c-d37c-4fc5-8f4b-645649ced1fd" CHANGEID="689737908" NUMBER="47" OPERTYPEID="10" PREVID="0" NEXTID="0" UPDATEDATE="2025-09-30" STARTDATE="2025-09-30" ENDDATE="2079-06-06" ISACTUAL="1" ISACTIVE="1" /><STEAD ID="74190523" OBJECTID="174961261" OBJECTGUID="bb3eba75-9039-4e15-877d-cfade5a186fa" CHANGEID="689737909" NUMBER="46" OPERTYPEID="10" PREVID="0" NEXTID="0" UPDATEDATE="2025-09-30" STARTDATE="2025-09-30" ENDDATE="2079-06-06" ISACTUAL="1" ISACTIVE="1" /><STEAD ID="74190524" OBJECTID="174961262" OBJECTGUID="4c8474f3-9737-49fe-af4b-b8db18352ee9" CHANGEID="689737910" NUMBER="45" OPERTYPEID="10" PREVID="0" NEXTID="0" UPDATEDATE="2025-09-30" STARTDATE="2025-09-30" ENDDATE="2079-06-06" ISACTUAL="1" ISACTIVE="1" /><STEAD ID="74190525" OBJECTID="174961263" OBJECTGUID="d68c6868-ee4a-452b-bb14-db117a701c53" CHANGEID="689737911" NUMBER="40" OPERTYPEID="10" PREVID="0" NEXTID="0" UPDATEDATE="2025-09-30" STARTDATE="2025-09-30" ENDDATE="2079-06-06" ISACTUAL="1" ISACTIVE="1" /><STEAD ID="74190526" OBJECTID="174961264" OBJECTGUID="6af14ff1-b90c-435f-b776-274164b35d42" CHANGEID="689737912" NUMBER="44" OPERTYPEID="10" PREVID="0" NEXTID="0" UPDATEDATE="2025-09-30" STARTDATE="2025-09-30" ENDDATE="2079-06-06" ISACTUAL="1" ISACTIVE="1" /><STEAD ID="74190527" OBJECTID="174961265" OBJECTGUID="4a9ad1e7-4bf5-44ed-96ad-25b2c33c5e47" CHANGEID="689737913" NUMBER="42" OPERTYPEID="10" PREVID="0" NEXTID="0" UPDATEDATE="2025-09-30" STARTDATE="2025-09-30" ENDDATE="2079-06-06" ISACTUAL="1" ISACTIVE="1" /><STEAD ID="74190528" OBJECTID="174961266" OBJECTGUID="77e164cd-c763-44a1-b5b6-f95d866de023" CHANGEID="689737914" NUMBER="41" OPERTYPEID="10" PREVID="0" NEXTID="0" UPDATEDATE="2025-09-30" STARTDATE="2025-09-30" ENDDATE="2079-06-06" ISACTUAL="1" ISACTIVE="1" /><STEAD ID="74190529" OBJECTID="174961267" OBJECTGUID="1620e704-a49a-4adf-8985-6216f7e3ab95" CHANGEID="689737915" NUMBER="38" OPERTYPEID="10" PREVID="0" NEXTID="0" UPDATEDATE="2025-09-30" STARTDATE="2025-09-30" ENDDATE="2079-06-06" ISACTUAL="1" ISACTIVE="1" /><STEAD ID="74190530" OBJECTID="174961268" OBJECTGUID="09cb6f5c-4ca3-46d6-867a-c3854267252a" CHANGEID="689737916" NUMBER="37" OPERTYPEID="10" PREVID="0" NEXTID="0" UPDATEDATE="2025-09-30" STARTDATE="2025-09-30" ENDDATE="2079-06-06" ISACTUAL="1" ISACTIVE="1" /><STEAD ID="74190531" OBJECTID="174961269" OBJECTGUID="a98b3c28-8303-4cd7-a5d8-78bc4a806438" CHANGEID="689737917" NUMBER="31" OPERTYPEID="10" PREVID="0" NEXTID="0" UPDATEDATE="2025-09-30" STARTDATE="2025-09-30" ENDDATE="2079-06-06" ISACTUAL="1" ISACTIVE="1" /><STEAD ID="74190532" OBJECTID="174961270" OBJECTGUID="317dbcbc-b7e2-427c-952f-cd7ea41deb4a" CHANGEID="689737918" NUMBER="30" OPERTYPEID="10" PREVID="0" NEXTID="0" UPDATEDATE="2025-09-30" STARTDATE="2025-09-30" ENDDATE="2079-06-06" ISACTUAL="1" ISACTIVE="1" /><STEAD ID="74190533" OBJECTID="174961271" OBJECTGUID="c540d21d-d77b-4577-96ec-14b4952c9e27" CHANGEID="689737919" NUMBER="28" OPERTYPEID="10" PREVID="0" NEXTID="0" UPDATEDATE="2025-09-30" STARTDATE="2025-09-30" ENDDATE="2079-06-06" ISACTUAL="1" ISACTIVE="1" /><STEAD ID="74190534" OBJECTID="174961272" OBJECTGUID="52873c2b-3fd3-467f-9b1f-682261cbdfd2" CHANGEID="689737920" NUMBER="26" OPERTYPEID="10" PREVID="0" NEXTID="0" UPDATEDATE="2025-09-30" STARTDATE="2025-09-30" ENDDATE="2079-06-06" ISACTUAL="1" ISACTIVE="1" /><STEAD ID="74190535" OBJECTID="174961273" OBJECTGUID="240b180f-eb2d-4e9e-9175-dc539da7dec7" CHANGEID="689737921" NUMBER="25" OPERTYPEID="10" PREVID="0" NEXTID="0" UPDATEDATE="2025-09-30" STARTDATE="2025-09-30" ENDDATE="2079-06-06" ISACTUAL="1" ISACTIVE="1" /><STEAD ID="74190536" OBJECTID="174961274" OBJECTGUID="0d95833e-436d-41c6-8db0-39c9d3f68a64" CHANGEID="689737922" NUMBER="24" OPERTYPEID="10" PREVID="0" NEXTID="0" UPDATEDATE="2025-09-30" STARTDATE="2025-09-30" ENDDATE="2079-06-06" ISACTUAL="1" ISACTIVE="1" /><STEAD ID="74190537" OBJECTID="174961275" OBJECTGUID="21055967-8840-45da-a05e-978ae0924172" CHANGEID="689737923" NUMBER="23" OPERTYPEID="10" PREVID="0" NEXTID="0" UPDATEDATE="2025-09-30" STARTDATE="2025-09-30" ENDDATE="2079-06-06" ISACTUAL="1" ISACTIVE="1" /><STEAD ID="74190538" OBJECTID="174961276" OBJECTGUID="9e5cdea4-4c26-4611-b330-8871311a450e" CHANGEID="689737924" NUMBER="21" OPERTYPEID="10" PREVID="0" NEXTID="0" UPDATEDATE="2025-09-30" STARTDATE="2025-09-30" ENDDATE="2079-06-06" ISACTUAL="1" ISACTIVE="1" /><STEAD ID="74190539" OBJECTID="174961277" OBJECTGUID="fb71ef48-72b0-4cb9-a9cf-45e3d4306aff" CHANGEID="689737925" NUMBER="20" OPERTYPEID="10" PREVID="0" NEXTID="0" UPDATEDATE="2025-09-30" STARTDATE="2025-09-30" ENDDATE="2079-06-06" ISACTUAL="1" ISACTIVE="1" /><STEAD ID="74190540" OBJECTID="174961278" OBJECTGUID="803e957a-aea9-458e-9a3a-099092087ca0" CHANGEID="689737926" NUMBER="19" OPERTYPEID="10" PREVID="0" NEXTID="0" UPDATEDATE="2025-09-30" STARTDATE="2025-09-30" ENDDATE="2079-06-06" ISACTUAL="1" ISACTIVE="1" /><STEAD ID="74190541" OBJECTID="174961279" OBJECTGUID="fe74c47f-7d1d-4b07-8e12-0ceb63f28c99" CHANGEID="689737927" NUMBER="18" OPERTYPEID="10" PREVID="0" NEXTID="0" UPDATEDATE="2025-09-30" STARTDATE="2025-09-30" ENDDATE="2079-06-06" ISACTUAL="1" ISACTIVE="1" /><STEAD ID="74190542" OBJECTID="174961280" OBJECTGUID="98499591-0a67-45ca-af1f-88f581942e56" CHANGEID="689737928" NUMBER="17" OPERTYPEID="10" PREVID="0" NEXTID="0" UPDATEDATE="2025-09-30" STARTDATE="2025-09-30" ENDDATE="2079-06-06" ISACTUAL="1" ISACTIVE="1" /><STEAD ID="74190543" OBJECTID="174961281" OBJECTGUID="2a2bf045-08f5-423b-a36a-61d814614091" CHANGEID="689737929" NUMBER="16" OPERTYPEID="10" PREVID="0" NEXTID="0" UPDATEDATE="2025-09-30" STARTDATE="2025-09-30" ENDDATE="2079-06-06" ISACTUAL="1" ISACTIVE="1" /><STEAD ID="74190544" OBJECTID="174961282" OBJECTGUID="cae5fe04-41fa-4531-955d-78bb9bd1195b" CHANGEID="689737930" NUMBER="15" OPERTYPEID="10" PREVID="0" NEXTID="0" UPDATEDATE="2025-09-30" STARTDATE="2025-09-30" ENDDATE="2079-06-06" ISACTUAL="1" ISACTIVE="1" /><STEAD ID="74190545" OBJECTID="174961283" OBJECTGUID="d3bb3925-0851-4fc8-8ad1-021d0d93a7d7" CHANGEID="689737931" NUMBER="11" OPERTYPEID="10" PREVID="0" NEXTID="0" UPDATEDATE="2025-09-30" STARTDATE="2025-09-30" ENDDATE="2079-06-06" ISACTUAL="1" ISACTIVE="1" /><STEAD ID="74190546" OBJECTID="174961284" OBJECTGUID="71800517-7242-40e4-bf85-c7a40eb84242" CHANGEID="689737932" NUMBER="10" OPERTYPEID="10" PREVID="0" NEXTID="0" UPDATEDATE="2025-09-30" STARTDATE="2025-09-30" ENDDATE="2079-06-06" ISACTUAL="1" ISACTIVE="1" /><STEAD ID="74190547" OBJECTID="174961285" OBJECTGUID="2888f0c1-daac-4962-80a3-87ec3e217e38" CHANGEID="689737933" NUMBER="9" OPERTYPEID="10" PREVID="0" NEXTID="0" UPDATEDATE="2025-09-30" STARTDATE="2025-09-30" ENDDATE="2079-06-06" ISACTUAL="1" ISACTIVE="1" /><STEAD ID="74190548" OBJECTID="174961286" OBJECTGUID="edd6200f-b088-48e8-8917-c092c496b4bd" CHANGEID="689737934" NUMBER="8" OPERTYPEID="10" PREVID="0" NEXTID="0" UPDATEDATE="2025-09-30" STARTDATE="2025-09-30" ENDDATE="2079-06-06" ISACTUAL="1" ISACTIVE="1" /><STEAD ID="74190549" OBJECTID="174961287" OBJECTGUID="cc2feac1-598d-43f2-883f-463b5556e880" CHANGEID="689737935" NUMBER="7" OPERTYPEID="10" PREVID="0" NEXTID="0" UPDATEDATE="2025-09-30" STARTDATE="2025-09-30" ENDDATE="2079-06-06" ISACTUAL="1" ISACTIVE="1" /><STEAD ID="74190550" OBJECTID="174961288" OBJECTGUID="5d76c6a7-1280-4ec5-bc6f-c96ede94a775" CHANGEID="689737936" NUMBER="2" OPERTYPEID="10" PREVID="0" NEXTID="0" UPDATEDATE="2025-09-30" STARTDATE="2025-09-30" ENDDATE="2079-06-06" ISACTUAL="1" ISACTIVE="1" /><STEAD ID="74190508" OBJECTID="174961233" OBJECTGUID="c0c93a86-bc54-484d-9253-099d399726ff" CHANGEID="689737857" NUMBER="66" OPERTYPEID="10" PREVID="0" NEXTID="0" UPDATEDATE="2025-09-30" STARTDATE="2025-09-30" ENDDATE="2079-06-06" ISACTUAL="1" ISACTIVE="1" /><STEAD ID="74190588" OBJECTID="174961342" OBJECTGUID="f9844da6-ee33-4c03-be02-e2e2c82094db" CHANGEID="689738078" NUMBER="34" OPERTYPEID="10" PREVID="0" NEXTID="0" UPDATEDATE="2025-09-30" STARTDATE="2025-09-30" ENDDATE="2079-06-06" ISACTUAL="1" ISACTIVE="1" /><STEAD ID="74190591" OBJECTID="174961359" OBJECTGUID="639b6743-4971-46b6-ac46-2d09a68bac8e" CHANGEID="689738112" NUMBER="57" OPERTYPEID="10" PREVID="0" NEXTID="0" UPDATEDATE="2025-09-30" STARTDATE="2025-09-30" ENDDATE="2079-06-06" ISACTUAL="1" ISACTIVE="1" /><STEAD ID="74190595" OBJECTID="174961364" OBJECTGUID="002dad2d-ec5e-4f01-8f5f-8da67345932f" CHANGEID="689738138" NUMBER="20" OPERTYPEID="10" PREVID="0" NEXTID="0" UPDATEDATE="2025-09-30" STARTDATE="2025-09-30" ENDDATE="2079-06-06" ISACTUAL="1" ISACTIVE="1" /><STEAD ID="74190551" OBJECTID="174961289" OBJECTGUID="ddbfd9ba-beef-4681-9550-1fbc6b6a9399" CHANGEID="689737937" NUMBER="1" OPERTYPEID="10" PREVID="0" NEXTID="0" UPDATEDATE="2025-09-30" STARTDATE="2025-09-30" ENDDATE="2079-06-06" ISACTUAL="1" ISACTIVE="1" /><STEAD ID="74190612" OBJECTID="174961392" OBJECTGUID="350938b1-03de-4283-a328-94058a2c4293" CHANGEID="689738177" NUMBER="67" OPERTYPEID="10" PREVID="0" NEXTID="0" UPDATEDATE="2025-09-30" STARTDATE="2025-09-30" ENDDATE="2079-06-06" ISACTUAL="1" ISACTIVE="1" /><STEAD ID="74190659" OBJECTID="174961445" OBJECTGUID="297fde67-98c5-4d26-a979-e045d6229e1c" CHANGEID="689738238" NUMBER="9" OPERTYPEID="10" PREVID="0" NEXTID="0" UPDATEDATE="2025-09-30" STARTDATE="2025-09-30" ENDDATE="2079-06-06" ISACTUAL="1" ISACTIVE="1" /><STEAD ID="74190953" OBJECTID="174961847" OBJECTGUID="68e6b2d2-073b-4815-a280-9bd86bbd3d26" CHANGEID="689739033" NUMBER="4" OPERTYPEID="10" PREVID="0" NEXTID="0" UPDATEDATE="2025-09-30" STARTDATE="2025-09-30" ENDDATE="2079-06-06" ISACTUAL="1" ISACTIVE="1" /><STEAD ID="74190991" OBJECTID="174961903" OBJECTGUID="67195897-2e9e-4b0b-93f9-500ee3233425" CHANGEID="689739104" NUMBER="15б/2" OPERTYPEID="10" PREVID="0" NEXTID="0" UPDATEDATE="2025-09-30" STARTDATE="2025-09-30" ENDDATE="2079-06-06" ISACTUAL="1" ISACTIVE="1" /><STEAD ID="74191021" OBJECTID="174961934" OBJECTGUID="6547825d-4310-48a0-a6e6-de15c82904a8" CHANGEID="689739175" NUMBER="78" OPERTYPEID="10" PREVID="0" NEXTID="0" UPDATEDATE="2025-09-30" STARTDATE="2025-09-30" ENDDATE="2079-06-06" ISACTUAL="1" ISACTIVE="1" /><STEAD ID="74191029" OBJECTID="174961949" OBJECTGUID="11ab79b6-cf1e-4c49-ab07-6d330a9d170e" CHANGEID="689739202" NUMBER="45" OPERTYPEID="10" PREVID="0" NEXTID="0" UPDATEDATE="2025-09-30" STARTDATE="2025-09-30" ENDDATE="2079-06-06" ISACTUAL="1" ISACTIVE="1" /><STEAD ID="74191048" OBJECTID="174961968" OBJECTGUID="e18c5b77-a1c3-4c6c-9c43-3f7f93d93bc0" CHANGEID="689739248" NUMBER="5/1" OPERTYPEID="10" PREVID="0" NEXTID="0" UPDATEDATE="2025-09-30" STARTDATE="2025-09-30" ENDDATE="2079-06-06" ISACTUAL="1" ISACTIVE="1" /><STEAD ID="74191096" OBJECTID="174962025" OBJECTGUID="68bb6191-ab1b-4e65-9f6b-fce8b98b46a4" CHANGEID="689739424" NUMBER="4" OPERTYPEID="10" PREVID="0" NEXTID="0" UPDATEDATE="2025-09-30" STARTDATE="2025-09-30" ENDDATE="2079-06-06" ISACTUAL="1" ISACTIVE="1" /><STEAD ID="74191110" OBJECTID="174962039" OBJECTGUID="3b182cc3-cdaf-4d35-8784-1367cc4eff46" CHANGEID="689739674" NUMBER="5/1" OPERTYPEID="10" PREVID="0" NEXTID="0" UPDATEDATE="2025-09-30" STARTDATE="2025-09-30" ENDDATE="2079-06-06" ISACTUAL="1" ISACTIVE="1" /><STEAD ID="74191134" OBJECTID="174962078" OBJECTGUID="56be2f9d-741f-4d0f-aff6-eb637d8b2d9c" CHANGEID="689739936" NUMBER="31/2" OPERTYPEID="10" PREVID="0" NEXTID="0" UPDATEDATE="2025-09-30" STARTDATE="2025-09-30" ENDDATE="2079-06-06" ISACTUAL="1" ISACTIVE="1" /><STEAD ID="74191116" OBJECTID="174962051" OBJECTGUID="76f1305e-99fd-4ed9-afd0-1083a120fb4f" CHANGEID="689739723" NUMBER="132" OPERTYPEID="10" PREVID="0" NEXTID="0" UPDATEDATE="2025-09-30" STARTDATE="2025-09-30" ENDDATE="2079-06-06" ISACTUAL="1" ISACTIVE="1" /><STEAD ID="74191119" OBJECTID="174962056" OBJECTGUID="81384f9d-c556-450d-bfd5-007af4c7f8fe" CHANGEID="689739753" NUMBER="12" OPERTYPEID="10" PREVID="0" NEXTID="0" UPDATEDATE="2025-09-30" STARTDATE="2025-09-30" ENDDATE="2079-06-06" ISACTUAL="1" ISACTIVE="1" /><STEAD ID="74191127" OBJECTID="174962070" OBJECTGUID="0202976b-7c9a-4011-b4fd-73d9a78dfd2a" CHANGEID="689739819" NUMBER="18/2" OPERTYPEID="10" PREVID="0" NEXTID="0" UPDATEDATE="2025-09-30" STARTDATE="2025-09-30" ENDDATE="2079-06-06" ISACTUAL="1" ISACTIVE="1" /><STEAD ID="74191144" OBJECTID="174962097" OBJECTGUID="1fe87eea-1f7f-4ad9-90dc-863007000adc" CHANGEID="689740031" NUMBER="23" OPERTYPEID="10" PREVID="0" NEXTID="0" UPDATEDATE="2025-09-30" STARTDATE="2025-09-30" ENDDATE="2079-06-06" ISACTUAL="1" ISACTIVE="1" /><STEAD ID="74191198" OBJECTID="174962160" OBJECTGUID="5765a073-156e-4620-851d-1e62aaf06ca1" CHANGEID="689740193" NUMBER="37/2" OPERTYPEID="10" PREVID="0" NEXTID="0" UPDATEDATE="2025-09-30" STARTDATE="2025-09-30" ENDDATE="2079-06-06" ISACTUAL="1" ISACTIVE="1" /><STEAD ID="74191205" OBJECTID="174962173" OBJECTGUID="5b6f6b2f-14be-49f2-bc10-9ebe104bd941" CHANGEID="689740221" NUMBER="69а" OPERTYPEID="10" PREVID="0" NEXTID="0" UPDATEDATE="2025-09-30" STARTDATE="2025-09-30" ENDDATE="2079-06-06" ISACTUAL="1" ISACTIVE="1" /><STEAD ID="74191169" OBJECTID="174962126" OBJECTGUID="ed4783f5-04f1-42fc-a590-ac52ab87ea0f" CHANGEID="689740143" NUMBER="4" OPERTYPEID="10" PREVID="0" NEXTID="0" UPDATEDATE="2025-09-30" STARTDATE="2025-09-30" ENDDATE="2079-06-06" ISACTUAL="1" ISACTIVE="1" /><STEAD ID="74193055" OBJECTID="174964878" OBJECTGUID="52a81e32-0f32-4419-9e90-c3494baee63c" CHANGEID="689745335" NUMBER="18б" OPERTYPEID="10" PREVID="0" NEXTID="0" UPDATEDATE="2025-09-30" STARTDATE="2025-09-30" ENDDATE="2079-06-06" ISACTUAL="1" ISACTIVE="1" /><STEAD ID="74194011" OBJECTID="174966973" OBJECTGUID="b23d2452-03a8-4744-a361-40c16702a3a2" CHANGEID="689750853" NUMBER="6" OPERTYPEID="10" PREVID="0" NEXTID="0" UPDATEDATE="2025-09-30" STARTDATE="2025-09-30" ENDDATE="2079-06-06" ISACTUAL="1" ISACTIVE="1" /><STEAD ID="74194012" OBJECTID="174966974" OBJECTGUID="43647e74-6460-4159-a7c8-fd1390258478" CHANGEID="689750854" NUMBER="2" OPERTYPEID="10" PREVID="0" NEXTID="0" UPDATEDATE="2025-09-30" STARTDATE="2025-09-30" ENDDATE="2079-06-06" ISACTUAL="1" ISACTIVE="1" /><STEAD ID="74194187" OBJECTID="174967186" OBJECTGUID="c9620634-2f4a-462e-8218-7739c2633f57" CHANGEID="689751176" NUMBER="22/2" OPERTYPEID="10" PREVID="0" NEXTID="0" UPDATEDATE="2025-09-30" STARTDATE="2025-09-30" ENDDATE="2079-06-06" ISACTUAL="1" ISACTIVE="1" /><STEAD ID="74194188" OBJECTID="174967187" OBJECTGUID="c1623c7a-c15b-4359-b9f1-5230a3bd87b7" CHANGEID="689751177" NUMBER="22/1" OPERTYPEID="10" PREVID="0" NEXTID="0" UPDATEDATE="2025-09-30" STARTDATE="2025-09-30" ENDDATE="2079-06-06" ISACTUAL="1" ISACTIVE="1" /><STEAD ID="74194189" OBJECTID="174967188" OBJECTGUID="5efa1c52-eb54-45b6-afe4-9572a6e93c96" CHANGEID="689751178" NUMBER="24" OPERTYPEID="10" PREVID="0" NEXTID="0" UPDATEDATE="2025-09-30" STARTDATE="2025-09-30" ENDDATE="2079-06-06" ISACTUAL="1" ISACTIVE="1" /><STEAD ID="74194190" OBJECTID="174967189" OBJECTGUID="75175ef0-5f1b-4749-90d4-d66d3af3fc7e" CHANGEID="689751179" NUMBER="40" OPERTYPEID="10" PREVID="0" NEXTID="0" UPDATEDATE="2025-09-30" STARTDATE="2025-09-30" ENDDATE="2079-06-06" ISACTUAL="1" ISACTIVE="1" /><STEAD ID="74194205" OBJECTID="174967219" OBJECTGUID="504bde8a-4e51-42ee-9e05-e767e9b3e329" CHANGEID="689751233" NUMBER="28" OPERTYPEID="10" PREVID="0" NEXTID="0" UPDATEDATE="2025-09-30" STARTDATE="2025-09-30" ENDDATE="2079-06-06" ISACTUAL="1" ISACTIVE="1" /><STEAD ID="74194204" OBJECTID="174967217" OBJECTGUID="abcab804-a761-4dad-942e-09abd0a3d650" CHANGEID="689751228" NUMBER="17" OPERTYPEID="10" PREVID="0" NEXTID="0" UPDATEDATE="2025-09-30" STARTDATE="2025-09-30" ENDDATE="2079-06-06" ISACTUAL="1" ISACTIVE="1" /><STEAD ID="74194293" OBJECTID="174967345" OBJECTGUID="ffea6c24-ec93-4a50-8fa8-f40908d5de98" CHANGEID="689751460" NUMBER="6" OPERTYPEID="10" PREVID="0" NEXTID="0" UPDATEDATE="2025-09-30" STARTDATE="2025-09-30" ENDDATE="2079-06-06" ISACTUAL="1" ISACTIVE="1" /><STEAD ID="74194273" OBJECTID="174967313" OBJECTGUID="964c2b0c-b7a9-44c3-a561-ef8b1d95220e" CHANGEID="689751401" NUMBER="3" OPERTYPEID="10" PREVID="0" NEXTID="0" UPDATEDATE="2025-09-30" STARTDATE="2025-09-30" ENDDATE="2079-06-06" ISACTUAL="1" ISACTIVE="1" /><STEAD ID="74194650" OBJECTID="174967837" OBJECTGUID="858e5340-ec8b-440f-a937-f7751531c040" CHANGEID="689752866" NUMBER="15" OPERTYPEID="10" PREVID="0" NEXTID="0" UPDATEDATE="2025-09-30" STARTDATE="2025-09-30" ENDDATE="2079-06-06" ISACTUAL="1" ISACTIVE="1" /><STEAD ID="74194716" OBJECTID="174967911" OBJECTGUID="2dfdbabf-bb8a-47ca-807b-d87684250047" CHANGEID="689752990" NUMBER="1226" OPERTYPEID="10" PREVID="0" NEXTID="0" UPDATEDATE="2025-09-30" STARTDATE="2025-09-30" ENDDATE="2079-06-06" ISACTUAL="1" ISACTIVE="1" /><STEAD ID="74194736" OBJECTID="174967934" OBJECTGUID="2597f241-b372-4587-95cd-c45c8475f36a" CHANGEID="689753027" NUMBER="33" OPERTYPEID="10" PREVID="0" NEXTID="0" UPDATEDATE="2025-09-30" STARTDATE="2025-09-30" ENDDATE="2079-06-06" ISACTUAL="1" ISACTIVE="1" /><STEAD ID="74194757" OBJECTID="174967961" OBJECTGUID="f68d6625-5887-4fb0-9c02-5fa7370e0c62" CHANGEID="689753081" NUMBER="35" OPERTYPEID="10" PREVID="0" NEXTID="0" UPDATEDATE="2025-09-30" STARTDATE="2025-09-30" ENDDATE="2079-06-06" ISACTUAL="1" ISACTIVE="1" /><STEAD ID="74195171" OBJECTID="174968519" OBJECTGUID="954185eb-fce2-44e4-9569-6b415ae57fad" CHANGEID="689754766" NUMBER="10" OPERTYPEID="10" PREVID="0" NEXTID="0" UPDATEDATE="2025-09-30" STARTDATE="2025-09-30" ENDDATE="2079-06-06" ISACTUAL="1" ISACTIVE="1" /><STEAD ID="74195172" OBJECTID="174968520" OBJECTGUID="69d102e0-f1aa-4dd7-828d-cd408d0a363d" CHANGEID="689754767" NUMBER="7" OPERTYPEID="10" PREVID="0" NEXTID="0" UPDATEDATE="2025-09-30" STARTDATE="2025-09-30" ENDDATE="2079-06-06" ISACTUAL="1" ISACTIVE="1" /><STEAD ID="74195312" OBJECTID="174968732" OBJECTGUID="467a63c1-b392-4198-b906-35c7d69d458e" CHANGEID="689755153" NUMBER="77" OPERTYPEID="10" PREVID="0" NEXTID="0" UPDATEDATE="2025-09-30" STARTDATE="2025-09-30" ENDDATE="2079-06-06" ISACTUAL="1" ISACTIVE="1" /><STEAD ID="74195313" OBJECTID="174968733" OBJECTGUID="c8c20aef-83fa-4395-ad6f-4b823d7c34ec" CHANGEID="689755154" NUMBER="78" OPERTYPEID="10" PREVID="0" NEXTID="0" UPDATEDATE="2025-09-30" STARTDATE="2025-09-30" ENDDATE="2079-06-06" ISACTUAL="1" ISACTIVE="1" /><STEAD ID="74195314" OBJECTID="174968734" OBJECTGUID="7fc7edfc-725a-4ee6-bebf-b212b5ec19f8" CHANGEID="689755155" NUMBER="76" OPERTYPEID="10" PREVID="0" NEXTID="0" UPDATEDATE="2025-09-30" STARTDATE="2025-09-30" ENDDATE="2079-06-06" ISACTUAL="1" ISACTIVE="1" /><STEAD ID="74195315" OBJECTID="174968735" OBJECTGUID="6eb7244d-697b-4c31-9514-8cd9d7819ebf" CHANGEID="689755156" NUMBER="79" OPERTYPEID="10" PREVID="0" NEXTID="0" UPDATEDATE="2025-09-30" STARTDATE="2025-09-30" ENDDATE="2079-06-06" ISACTUAL="1" ISACTIVE="1" /><STEAD ID="74195431" OBJECTID="174968882" OBJECTGUID="1ff4ed93-cde7-4828-9440-8818cb9b7d32" CHANGEID="689755410" NUMBER="24А/1" OPERTYPEID="10" PREVID="0" NEXTID="0" UPDATEDATE="2025-09-30" STARTDATE="2025-09-30" ENDDATE="2079-06-06" ISACTUAL="1" ISACTIVE="1" /><STEAD ID="74195467" OBJECTID="174968920" OBJECTGUID="a94c1f39-9efd-4b28-9973-da3783e55826" CHANGEID="689755463" NUMBER="81" OPERTYPEID="10" PREVID="0" NEXTID="0" UPDATEDATE="2025-09-30" STARTDATE="2025-09-30" ENDDATE="2079-06-06" ISACTUAL="1" ISACTIVE="1" /><STEAD ID="74195468" OBJECTID="174968921" OBJECTGUID="2819f4b0-6e18-44b8-89b7-17f5d9d8dcea" CHANGEID="689755464" NUMBER="80" OPERTYPEID="10" PREVID="0" NEXTID="0" UPDATEDATE="2025-09-30" STARTDATE="2025-09-30" ENDDATE="2079-06-06" ISACTUAL="1" ISACTIVE="1" /><STEAD ID="74195493" OBJECTID="174968954" OBJECTGUID="0dcb53ec-84b6-43ef-9687-89bb28ac4f26" CHANGEID="689755527" NUMBER="24А/2" OPERTYPEID="10" PREVID="0" NEXTID="0" UPDATEDATE="2025-09-30" STARTDATE="2025-09-30" ENDDATE="2079-06-06" ISACTUAL="1" ISACTIVE="1" /><STEAD ID="74195586" OBJECTID="174969057" OBJECTGUID="03407b75-9880-49a0-8d2f-43e5d6b00c48" CHANGEID="689755685" NUMBER="35" OPERTYPEID="10" PREVID="0" NEXTID="0" UPDATEDATE="2025-09-30" STARTDATE="2025-09-30" ENDDATE="2079-06-06" ISACTUAL="1" ISACTIVE="1" /><STEAD ID="74195667" OBJECTID="174969170" OBJECTGUID="48a39a44-1443-4e39-b799-0b18b532ab01" CHANGEID="689755929" NUMBER="22" OPERTYPEID="10" PREVID="0" NEXTID="0" UPDATEDATE="2025-09-30" STARTDATE="2025-09-30" ENDDATE="2079-06-06" ISACTUAL="1" ISACTIVE="1" /><STEAD ID="74195740" OBJECTID="174969284" OBJECTGUID="f67dd8e8-6f48-4e93-9f8e-eaeba0cfa7d8" CHANGEID="689756137" NUMBER="33" OPERTYPEID="10" PREVID="0" NEXTID="0" UPDATEDATE="2025-09-30" STARTDATE="2025-09-30" ENDDATE="2079-06-06" ISACTUAL="1" ISACTIVE="1" /><STEAD ID="74195901" OBJECTID="174969479" OBJECTGUID="a46359b5-baf6-4749-90f6-592fe7440a9f" CHANGEID="689756494" NUMBER="1" OPERTYPEID="10" PREVID="0" NEXTID="0" UPDATEDATE="2025-09-30" STARTDATE="2025-09-30" ENDDATE="2079-06-06" ISACTUAL="1" ISACTIVE="1" /><STEAD ID="74196030" OBJECTID="174969624" OBJECTGUID="93c104d3-5922-49b6-a7d2-36fef5fe8447" CHANGEID="689756743" NUMBER="5" OPERTYPEID="10" PREVID="0" NEXTID="0" UPDATEDATE="2025-09-30" STARTDATE="2025-09-30" ENDDATE="2079-06-06" ISACTUAL="1" ISACTIVE="1" /><STEAD ID="74196058" OBJECTID="174969661" OBJECTGUID="38559f14-4d87-40a1-b566-af2ea5ad0175" CHANGEID="689756838" NUMBER="7/2" OPERTYPEID="10" PREVID="0" NEXTID="0" UPDATEDATE="2025-09-30" STARTDATE="2025-09-30" ENDDATE="2079-06-06" ISACTUAL="1" ISACTIVE="1" /><STEAD ID="74201164" OBJECTID="174979936" OBJECTGUID="611218d0-4fa3-4fbb-a22d-4b5a71118e3d" CHANGEID="689795893" NUMBER="6" OPERTYPEID="10" PREVID="0" NEXTID="0" UPDATEDATE="2025-10-01" STARTDATE="2025-10-01" ENDDATE="2079-06-06" ISACTUAL="1" ISACTIVE="1" /><STEAD ID="74201165" OBJECTID="174979937" OBJECTGUID="67c4c763-957d-459d-96a1-0458b9b8728d" CHANGEID="689795894" NUMBER="5" OPERTYPEID="10" PREVID="0" NEXTID="0" UPDATEDATE="2025-10-01" STARTDATE="2025-10-01" ENDDATE="2079-06-06" ISACTUAL="1" ISACTIVE="1" /><STEAD ID="74201190" OBJECTID="174980010" OBJECTGUID="361f663d-e545-4a0a-a767-dc19dcb03cfd" CHANGEID="689796020" NUMBER="12" OPERTYPEID="10" PREVID="0" NEXTID="0" UPDATEDATE="2025-10-01" STARTDATE="2025-10-01" ENDDATE="2079-06-06" ISACTUAL="1" ISACTIVE="1" /><STEAD ID="74201717" OBJECTID="174981005" OBJECTGUID="bfbb4911-9520-4c84-acf0-e356c0cbe66c" CHANGEID="689798610" NUMBER="9" OPERTYPEID="10" PREVID="0" NEXTID="0" UPDATEDATE="2025-10-01" STARTDATE="2025-10-01" ENDDATE="2079-06-06" ISACTUAL="1" ISACTIVE="1" /><STEAD ID="74201719" OBJECTID="174981009" OBJECTGUID="b7ff0361-bb16-4117-a7d2-68eb86bf1d3e" CHANGEID="689798614" NUMBER="16" OPERTYPEID="10" PREVID="0" NEXTID="0" UPDATEDATE="2025-10-01" STARTDATE="2025-10-01" ENDDATE="2079-06-06" ISACTUAL="1" ISACTIVE="1" /><STEAD ID="74201721" OBJECTID="174981013" OBJECTGUID="2c631460-2808-4e63-b5a3-4de853375188" CHANGEID="689798618" NUMBER="8" OPERTYPEID="10" PREVID="0" NEXTID="0" UPDATEDATE="2025-10-01" STARTDATE="2025-10-01" ENDDATE="2079-06-06" ISACTUAL="1" ISACTIVE="1" /><STEAD ID="74201730" OBJECTID="174981024" OBJECTGUID="f5461272-0785-4605-acdc-97f9cbea03c5" CHANGEID="689798629" NUMBER="6" OPERTYPEID="10" PREVID="0" NEXTID="0" UPDATEDATE="2025-10-01" STARTDATE="2025-10-01" ENDDATE="2079-06-06" ISACTUAL="1" ISACTIVE="1" /><STEAD ID="74201732" OBJECTID="174981027" OBJECTGUID="8c04fd3e-38d1-4ba0-a075-d74b113ea14e" CHANGEID="689798632" NUMBER="2" OPERTYPEID="10" PREVID="0" NEXTID="0" UPDATEDATE="2025-10-01" STARTDATE="2025-10-01" ENDDATE="2079-06-06" ISACTUAL="1" ISACTIVE="1" /><STEAD ID="74201734" OBJECTID="174981030" OBJECTGUID="f4efb4a5-96d8-40da-b80a-377c56c0a7c5" CHANGEID="689798635" NUMBER="14" OPERTYPEID="10" PREVID="0" NEXTID="0" UPDATEDATE="2025-10-01" STARTDATE="2025-10-01" ENDDATE="2079-06-06" ISACTUAL="1" ISACTIVE="1" /><STEAD ID="74201735" OBJECTID="174981031" OBJECTGUID="49560c8d-bdaa-4ab6-9970-f50d416f1784" CHANGEID="689798637" NUMBER="19" OPERTYPEID="10" PREVID="0" NEXTID="0" UPDATEDATE="2025-10-01" STARTDATE="2025-10-01" ENDDATE="2079-06-06" ISACTUAL="1" ISACTIVE="1" /><STEAD ID="74201737" OBJECTID="174981033" OBJECTGUID="8089ba6e-d704-4bc1-aa1c-8178362634c3" CHANGEID="689798639" NUMBER="71" OPERTYPEID="10" PREVID="0" NEXTID="0" UPDATEDATE="2025-10-01" STARTDATE="2025-10-01" ENDDATE="2079-06-06" ISACTUAL="1" ISACTIVE="1" /><STEAD ID="74201741" OBJECTID="174981037" OBJECTGUID="fd7202b5-8d2c-4704-bf55-375bd617e10a" CHANGEID="689798653" NUMBER="12" OPERTYPEID="10" PREVID="0" NEXTID="0" UPDATEDATE="2025-10-01" STARTDATE="2025-10-01" ENDDATE="2079-06-06" ISACTUAL="1" ISACTIVE="1" /><STEAD ID="74201747" OBJECTID="174981044" OBJECTGUID="336cfa6c-52cf-4d01-9826-2621d6190c7d" CHANGEID="689798667" NUMBER="19" OPERTYPEID="10" PREVID="0" NEXTID="0" UPDATEDATE="2025-10-01" STARTDATE="2025-10-01" ENDDATE="2079-06-06" ISACTUAL="1" ISACTIVE="1" /><STEAD ID="74201748" OBJECTID="174981045" OBJECTGUID="931bc160-624c-488e-91fe-81b87a517335" CHANGEID="689798669" NUMBER="36" OPERTYPEID="10" PREVID="0" NEXTID="0" UPDATEDATE="2025-10-01" STARTDATE="2025-10-01" ENDDATE="2079-06-06" ISACTUAL="1" ISACTIVE="1" /><STEAD ID="74201753" OBJECTID="174981050" OBJECTGUID="00aa5df0-0e07-4ef9-a54d-70a69327e4b9" CHANGEID="689798681" NUMBER="34" OPERTYPEID="10" PREVID="0" NEXTID="0" UPDATEDATE="2025-10-01" STARTDATE="2025-10-01" ENDDATE="2079-06-06" ISACTUAL="1" ISACTIVE="1" /><STEAD ID="74201758" OBJECTID="174981055" OBJECTGUID="bb6da759-d1fe-4c7b-a5d9-028540719255" CHANGEID="689798689" NUMBER="10" OPERTYPEID="10" PREVID="0" NEXTID="0" UPDATEDATE="2025-10-01" STARTDATE="2025-10-01" ENDDATE="2079-06-06" ISACTUAL="1" ISACTIVE="1" /><STEAD ID="74201760" OBJECTID="174981057" OBJECTGUID="67ce148d-bef9-4bab-9f01-316e2974744b" CHANGEID="689798693" NUMBER="3" OPERTYPEID="10" PREVID="0" NEXTID="0" UPDATEDATE="2025-10-01" STARTDATE="2025-10-01" ENDDATE="2079-06-06" ISACTUAL="1" ISACTIVE="1" /><STEAD ID="74201761" OBJECTID="174981058" OBJECTGUID="bd88e22a-6e94-4e6a-9a70-01e34e3fe9ad" CHANGEID="689798695" NUMBER="19" OPERTYPEID="10" PREVID="0" NEXTID="0" UPDATEDATE="2025-10-01" STARTDATE="2025-10-01" ENDDATE="2079-06-06" ISACTUAL="1" ISACTIVE="1" /><STEAD ID="74201739" OBJECTID="174981035" OBJECTGUID="7bcde7bc-a618-4056-bc59-8bb50debdf9e" CHANGEID="689798641" NUMBER="35" OPERTYPEID="10" PREVID="0" NEXTID="0" UPDATEDATE="2025-10-01" STARTDATE="2025-10-01" ENDDATE="2079-06-06" ISACTUAL="1" ISACTIVE="1" /><STEAD ID="74201740" OBJECTID="174981036" OBJECTGUID="d28efa56-f188-48ac-aeba-e6cffc6a0867" CHANGEID="689798648" NUMBER="66" OPERTYPEID="10" PREVID="0" NEXTID="0" UPDATEDATE="2025-10-01" STARTDATE="2025-10-01" ENDDATE="2079-06-06" ISACTUAL="1" ISACTIVE="1" /><STEAD ID="74201743" OBJECTID="174981039" OBJECTGUID="d5c747d0-086e-464f-bfb6-dfe6e9054122" CHANGEID="689798656" NUMBER="22" OPERTYPEID="10" PREVID="0" NEXTID="0" UPDATEDATE="2025-10-01" STARTDATE="2025-10-01" ENDDATE="2079-06-06" ISACTUAL="1" ISACTIVE="1" /><STEAD ID="74201744" OBJECTID="174981040" OBJECTGUID="8b1ad7e6-2696-40db-96a6-40d191e458c8" CHANGEID="689798658" NUMBER="38" OPERTYPEID="10" PREVID="0" NEXTID="0" UPDATEDATE="2025-10-01" STARTDATE="2025-10-01" ENDDATE="2079-06-06" ISACTUAL="1" ISACTIVE="1" /><STEAD ID="74201745" OBJECTID="174981041" OBJECTGUID="ab613315-6576-43f8-9a46-f2b5fdb3372e" CHANGEID="689798662" NUMBER="52" OPERTYPEID="10" PREVID="0" NEXTID="0" UPDATEDATE="2025-10-01" STARTDATE="2025-10-01" ENDDATE="2079-06-06" ISACTUAL="1" ISACTIVE="1" /><STEAD ID="74201750" OBJECTID="174981047" OBJECTGUID="bea6e7e0-4b39-462d-b406-e5c10530c2dc" CHANGEID="689798674" NUMBER="28" OPERTYPEID="10" PREVID="0" NEXTID="0" UPDATEDATE="2025-10-01" STARTDATE="2025-10-01" ENDDATE="2079-06-06" ISACTUAL="1" ISACTIVE="1" /><STEAD ID="74201751" OBJECTID="174981048" OBJECTGUID="3c2f244a-1199-401c-bbdd-ba22977d52ca" CHANGEID="689798676" NUMBER="11" OPERTYPEID="10" PREVID="0" NEXTID="0" UPDATEDATE="2025-10-01" STARTDATE="2025-10-01" ENDDATE="2079-06-06" ISACTUAL="1" ISACTIVE="1" /><STEAD ID="74201752" OBJECTID="174981049" OBJECTGUID="2174cc3c-865e-4ec6-b0c3-75cc7547698e" CHANGEID="689798678" NUMBER="27" OPERTYPEID="10" PREVID="0" NEXTID="0" UPDATEDATE="2025-10-01" STARTDATE="2025-10-01" ENDDATE="2079-06-06" ISACTUAL="1" ISACTIVE="1" /><STEAD ID="74201754" OBJECTID="174981051" OBJECTGUID="008669e2-3a74-4491-9047-436256a4de0e" CHANGEID="689798682" NUMBER="15" OPERTYPEID="10" PREVID="0" NEXTID="0" UPDATEDATE="2025-10-01" STARTDATE="2025-10-01" ENDDATE="2079-06-06" ISACTUAL="1" ISACTIVE="1" /><STEAD ID="74201757" OBJECTID="174981054" OBJECTGUID="1b4ebca3-99e4-4b69-aa41-26ed9a7c9df9" CHANGEID="689798686" NUMBER="35" OPERTYPEID="10" PREVID="0" NEXTID="0" UPDATEDATE="2025-10-01" STARTDATE="2025-10-01" ENDDATE="2079-06-06" ISACTUAL="1" ISACTIVE="1" /><STEAD ID="74201759" OBJECTID="174981056" OBJECTGUID="96beb3c6-7a70-4263-a614-ade489170848" CHANGEID="689798692" NUMBER="35" OPERTYPEID="10" PREVID="0" NEXTID="0" UPDATEDATE="2025-10-01" STARTDATE="2025-10-01" ENDDATE="2079-06-06" ISACTUAL="1" ISACTIVE="1" /><STEAD ID="74201762" OBJECTID="174981059" OBJECTGUID="bb8d21d8-f123-4b5a-bd00-7f1d795c7ab8" CHANGEID="689798696" NUMBER="20" OPERTYPEID="10" PREVID="0" NEXTID="0" UPDATEDATE="2025-10-01" STARTDATE="2025-10-01" ENDDATE="2079-06-06" ISACTUAL="1" ISACTIVE="1" /><STEAD ID="74201766" OBJECTID="174981063" OBJECTGUID="6330126d-c714-46f7-af66-35911b6b85e9" CHANGEID="689798700" NUMBER="65" OPERTYPEID="10" PREVID="0" NEXTID="0" UPDATEDATE="2025-10-01" STARTDATE="2025-10-01" ENDDATE="2079-06-06" ISACTUAL="1" ISACTIVE="1" /><STEAD ID="74201933" OBJECTID="174981328" OBJECTGUID="9e0a0483-01c9-4b5b-812e-2689c6e3439d" CHANGEID="689799306" NUMBER="3" OPERTYPEID="10" PREVID="0" NEXTID="0" UPDATEDATE="2025-10-01" STARTDATE="2025-10-01" ENDDATE="2079-06-06" ISACTUAL="1" ISACTIVE="1" /><STEAD ID="74207539" OBJECTID="174992957" OBJECTGUID="5d4716e6-6911-40d4-846b-f8137519f333" CHANGEID="689825482" NUMBER="38" OPERTYPEID="10" PREVID="0" NEXTID="0" UPDATEDATE="2025-10-01" STARTDATE="2025-10-01" ENDDATE="2079-06-06" ISACTUAL="1" ISACTIVE="1" /><STEAD ID="74207537" OBJECTID="174992954" OBJECTGUID="9fbe6e51-3519-4f35-ae73-e0e5ea37ebfb" CHANGEID="689825479" NUMBER="1в" OPERTYPEID="10" PREVID="0" NEXTID="0" UPDATEDATE="2025-10-01" STARTDATE="2025-10-01" ENDDATE="2079-06-06" ISACTUAL="1" ISACTIVE="1" /><STEAD ID="74207538" OBJECTID="174992956" OBJECTGUID="7904093e-ffa6-4c6b-9ff3-54bb52336ac3" CHANGEID="689825481" NUMBER="82" OPERTYPEID="10" PREVID="0" NEXTID="0" UPDATEDATE="2025-10-01" STARTDATE="2025-10-01" ENDDATE="2079-06-06" ISACTUAL="1" ISACTIVE="1" /></STEADS>