﻿<?xml version="1.0" encoding="utf-8"?><HOUSES><HOUSE ID="57899314" OBJECTID="72849931" OBJECTGUID="5c06ace5-1b28-45bc-a336-27d4f754519b" CHANGEID="108479229" HOUSENUM="15" HOUSETYPE="2" OPERTYPEID="20" PREVID="43979062" NEXTID="129188345" UPDATEDATE="2025-10-01" STARTDATE="2014-05-15" ENDDATE="2025-10-01" ISACTUAL="0" ISACTIVE="0" /><HOUSE ID="58727517" OBJECTID="46557710" OBJECTGUID="67b283da-b2fc-4abc-adc1-94889d67f2b6" CHANGEID="70072433" HOUSENUM="38" HOUSETYPE="2" OPERTYPEID="20" PREVID="27830985" NEXTID="129188472" UPDATEDATE="2025-10-01" STARTDATE="2014-05-15" ENDDATE="2025-10-01" ISACTUAL="0" ISACTIVE="0" /><HOUSE ID="59297752" OBJECTID="14342026" OBJECTGUID="6fc35d63-d7d1-4682-9a11-930b7951332d" CHANGEID="22933429" HOUSENUM="11" HOUSETYPE="2" OPERTYPEID="20" PREVID="7974973" NEXTID="129190336" UPDATEDATE="2025-10-01" STARTDATE="2015-11-03" ENDDATE="2025-10-01" ISACTUAL="0" ISACTIVE="0" /><HOUSE ID="59641104" OBJECTID="84167108" OBJECTGUID="749c35ea-26f8-4080-870e-1f480334368e" CHANGEID="125036538" HOUSENUM="48" HOUSETYPE="2" OPERTYPEID="20" PREVID="50978681" NEXTID="129190344" UPDATEDATE="2025-10-01" STARTDATE="2015-11-18" ENDDATE="2025-10-01" ISACTUAL="0" ISACTIVE="0" /><HOUSE ID="60290955" OBJECTID="55638379" OBJECTGUID="7dc4e3fe-0e9e-425d-a5b6-6e771b6ee670" CHANGEID="83228885" HOUSENUM="96" HOUSETYPE="2" OPERTYPEID="20" PREVID="33271650" NEXTID="129174818" UPDATEDATE="2025-09-29" STARTDATE="2015-11-05" ENDDATE="2025-09-29" ISACTUAL="0" ISACTIVE="0" /><HOUSE ID="62155740" OBJECTID="22403212" OBJECTGUID="981870a7-3c45-48cb-a002-e9bd987df864" CHANGEID="34930503" HOUSENUM="102" HOUSETYPE="2" OPERTYPEID="20" PREVID="13215605" NEXTID="129190363" UPDATEDATE="2025-10-01" STARTDATE="2015-11-13" ENDDATE="2025-10-01" ISACTUAL="0" ISACTIVE="0" /><HOUSE ID="62272399" OBJECTID="62322261" OBJECTGUID="99b8e260-5b14-4d47-892a-8f9ad717433a" CHANGEID="93050882" HOUSENUM="27" HOUSETYPE="2" OPERTYPEID="20" PREVID="37454010" NEXTID="129189830" UPDATEDATE="2025-10-01" STARTDATE="2015-11-05" ENDDATE="2025-10-01" ISACTUAL="0" ISACTIVE="0" /><HOUSE ID="62633116" OBJECTID="22627648" OBJECTGUID="9ece4883-a1d5-4bc5-a385-c84895eea5eb" CHANGEID="35254320" HOUSENUM="61" HOUSETYPE="2" OPERTYPEID="20" PREVID="13355988" NEXTID="129190342" UPDATEDATE="2025-10-01" STARTDATE="2015-11-03" ENDDATE="2025-10-01" ISACTUAL="0" ISACTIVE="0" /><HOUSE ID="65777404" OBJECTID="32849603" OBJECTGUID="cb33479b-e49a-4cca-8e68-c7a361b7f20a" CHANGEID="50118329" HOUSENUM="20" HOUSETYPE="2" OPERTYPEID="20" PREVID="19521021" NEXTID="129188285" UPDATEDATE="2025-10-01" STARTDATE="2015-12-14" ENDDATE="2025-10-01" ISACTUAL="0" ISACTIVE="0" /><HOUSE ID="66335537" OBJECTID="23558435" OBJECTGUID="d31cf9a1-3dcd-49b8-9780-c8b6729c1b65" CHANGEID="36610655" HOUSENUM="98" HOUSETYPE="2" OPERTYPEID="20" PREVID="13911125" NEXTID="129174814" UPDATEDATE="2025-09-29" STARTDATE="2015-11-03" ENDDATE="2025-09-29" ISACTUAL="0" ISACTIVE="0" /><HOUSE ID="66465736" OBJECTID="62347046" OBJECTGUID="d4f02ae4-b410-4a0a-8544-baeab4eb1daa" CHANGEID="93087541" HOUSENUM="32" HOUSETYPE="2" OPERTYPEID="20" PREVID="37470243" NEXTID="129189836" UPDATEDATE="2025-10-01" STARTDATE="2015-11-07" ENDDATE="2025-10-01" ISACTUAL="0" ISACTIVE="0" /><HOUSE ID="19724950" OBJECTID="33169732" OBJECTGUID="53d5ba56-d071-4d87-9d2f-8e90623c79b4" CHANGEID="50585441" HOUSENUM="1" ADDNUM1="а" HOUSETYPE="2" ADDTYPE1="1" OPERTYPEID="10" PREVID="0" NEXTID="129180604" UPDATEDATE="2025-09-30" STARTDATE="2015-12-02" ENDDATE="2025-09-30" ISACTUAL="0" ISACTIVE="0" /><HOUSE ID="63764913" OBJECTID="12562901" OBJECTGUID="aecf749f-25c6-43b9-8075-f49829473a63" CHANGEID="20259202" HOUSENUM="27" HOUSETYPE="2" OPERTYPEID="20" PREVID="6790214" NEXTID="129190349" UPDATEDATE="2025-10-01" STARTDATE="2015-11-10" ENDDATE="2025-10-01" ISACTUAL="0" ISACTIVE="0" /><HOUSE ID="63872675" OBJECTID="49240548" OBJECTGUID="b0559ccd-8f53-494b-b374-806721850fe0" CHANGEID="73969473" HOUSENUM="31" HOUSETYPE="2" OPERTYPEID="20" PREVID="29449883" NEXTID="129174832" UPDATEDATE="2025-09-29" STARTDATE="2015-11-01" ENDDATE="2025-09-29" ISACTUAL="0" ISACTIVE="0" /><HOUSE ID="55884577" OBJECTID="14332616" OBJECTGUID="3f91a250-2cc1-4772-bd31-5149c3f74d13" CHANGEID="22918400" HOUSENUM="42" HOUSETYPE="2" OPERTYPEID="20" PREVID="7967356" NEXTID="129190334" UPDATEDATE="2025-10-01" STARTDATE="2015-11-03" ENDDATE="2025-10-01" ISACTUAL="0" ISACTIVE="0" /><HOUSE ID="42213348" OBJECTID="69990182" OBJECTGUID="ffd98205-eae0-4a78-a90f-8d618ba3d79b" CHANGEID="104299618" HOUSENUM="9Б" HOUSETYPE="2" OPERTYPEID="20" PREVID="42213342" NEXTID="129174793" UPDATEDATE="2025-09-29" STARTDATE="2019-10-04" ENDDATE="2025-09-29" ISACTUAL="0" ISACTIVE="0" /><HOUSE ID="56177144" OBJECTID="35797900" OBJECTGUID="43b48c94-1601-48dd-84a2-b1887bb8b2bb" CHANGEID="54366662" HOUSENUM="31" HOUSETYPE="2" OPERTYPEID="20" PREVID="21267474" NEXTID="129190333" UPDATEDATE="2025-10-01" STARTDATE="2015-11-16" ENDDATE="2025-10-01" ISACTUAL="0" ISACTIVE="0" /><HOUSE ID="52129943" OBJECTID="67485050" OBJECTGUID="0a8db0eb-a653-495f-90de-9aa34cd6c917" CHANGEID="100610715" HOUSENUM="3" HOUSETYPE="2" OPERTYPEID="20" PREVID="40648058" NEXTID="129189045" UPDATEDATE="2025-10-01" STARTDATE="2015-10-26" ENDDATE="2025-10-01" ISACTUAL="0" ISACTIVE="0" /><HOUSE ID="52133534" OBJECTID="56779988" OBJECTGUID="0a9a7931-c651-427c-9377-bd2fafcaa322" CHANGEID="84912711" HOUSENUM="80" HOUSETYPE="2" OPERTYPEID="20" PREVID="33991923" NEXTID="129190341" UPDATEDATE="2025-10-01" STARTDATE="2015-11-11" ENDDATE="2025-10-01" ISACTUAL="0" ISACTIVE="0" /><HOUSE ID="52580775" OBJECTID="73924861" OBJECTGUID="10f2bdd9-fe57-4815-940c-bd00c5e9f89a" CHANGEID="110040966" HOUSENUM="15" HOUSETYPE="2" OPERTYPEID="20" PREVID="44637394" NEXTID="129190327" UPDATEDATE="2025-10-01" STARTDATE="2015-11-18" ENDDATE="2025-10-01" ISACTUAL="0" ISACTIVE="0" /><HOUSE ID="54185567" OBJECTID="19469849" OBJECTGUID="27987f1b-1574-4c97-8003-a0c1890ec700" CHANGEID="30539997" HOUSENUM="39" HOUSETYPE="2" OPERTYPEID="20" PREVID="11282841" NEXTID="129174819" UPDATEDATE="2025-09-29" STARTDATE="2015-10-30" ENDDATE="2025-09-29" ISACTUAL="0" ISACTIVE="0" /><HOUSE ID="128730997" OBJECTID="173504769" OBJECTGUID="78a6ea90-9d5e-46c1-bf55-86274cf08af3" CHANGEID="655753963" HOUSENUM="5А" HOUSETYPE="2" OPERTYPEID="10" PREVID="0" NEXTID="129190331" UPDATEDATE="2025-10-01" STARTDATE="2025-07-21" ENDDATE="2025-10-01" ISACTUAL="0" ISACTIVE="0" /><HOUSE ID="129165614" OBJECTID="174913918" OBJECTGUID="eaf284fe-6e5a-4fa5-84c5-ca312199cfcf" CHANGEID="689634354" HOUSENUM="12" HOUSETYPE="7" OPERTYPEID="10" PREVID="0" NEXTID="0" UPDATEDATE="2025-09-29" STARTDATE="2025-09-29" ENDDATE="2079-06-06" ISACTUAL="1" ISACTIVE="1" /><HOUSE ID="129166876" OBJECTID="174918644" OBJECTGUID="3b0951e0-e2e6-490b-baf0-bbe02060b2ec" CHANGEID="689644096" HOUSENUM="14" HOUSETYPE="2" OPERTYPEID="10" PREVID="0" NEXTID="0" UPDATEDATE="2025-09-29" STARTDATE="2025-09-29" ENDDATE="2079-06-06" ISACTUAL="1" ISACTIVE="1" /><HOUSE ID="129170376" OBJECTID="174929398" OBJECTGUID="38a120a8-bf02-43d0-95e2-74f43a052adf" CHANGEID="689667488" HOUSENUM="8/2" HOUSETYPE="2" OPERTYPEID="10" PREVID="0" NEXTID="0" UPDATEDATE="2025-09-29" STARTDATE="2025-09-29" ENDDATE="2079-06-06" ISACTUAL="1" ISACTIVE="1" /><HOUSE ID="129170651" OBJECTID="174930159" OBJECTGUID="cb11518c-b6a8-4d26-8e8a-147e098e3b7f" CHANGEID="689668905" HOUSENUM="59ж" HOUSETYPE="2" OPERTYPEID="10" PREVID="0" NEXTID="0" UPDATEDATE="2025-09-29" STARTDATE="2025-09-29" ENDDATE="2079-06-06" ISACTUAL="1" ISACTIVE="1" /><HOUSE ID="129171042" OBJECTID="174931740" OBJECTGUID="3b3e6804-4e01-499d-b5db-4587e8eb8714" CHANGEID="689671927" HOUSENUM="6а" HOUSETYPE="2" OPERTYPEID="10" PREVID="0" NEXTID="0" UPDATEDATE="2025-09-29" STARTDATE="2025-09-29" ENDDATE="2079-06-06" ISACTUAL="1" ISACTIVE="1" /><HOUSE ID="129171203" OBJECTID="174932539" OBJECTGUID="eb6348b9-59fc-4bdd-9f76-43e964eb3cef" CHANGEID="689673350" HOUSENUM="10а" HOUSETYPE="2" OPERTYPEID="10" PREVID="0" NEXTID="0" UPDATEDATE="2025-09-29" STARTDATE="2025-09-29" ENDDATE="2079-06-06" ISACTUAL="1" ISACTIVE="1" /><HOUSE ID="129174172" OBJECTID="174941302" OBJECTGUID="2ff01240-fe1e-4d3c-b060-7b2d6b6e3083" CHANGEID="689692699" HOUSENUM="16" HOUSETYPE="2" OPERTYPEID="10" PREVID="0" NEXTID="0" UPDATEDATE="2025-09-29" STARTDATE="2025-09-29" ENDDATE="2079-06-06" ISACTUAL="1" ISACTIVE="1" /><HOUSE ID="129174205" OBJECTID="174941384" OBJECTGUID="a9e52c7b-d8bb-4754-a760-00fa3a85b5e6" CHANGEID="689692890" HOUSENUM="16/2" HOUSETYPE="2" OPERTYPEID="10" PREVID="0" NEXTID="0" UPDATEDATE="2025-09-29" STARTDATE="2025-09-29" ENDDATE="2079-06-06" ISACTUAL="1" ISACTIVE="1" /><HOUSE ID="129174193" OBJECTID="174941351" OBJECTGUID="887ab7ba-89c0-423c-8542-ab8e831d36fb" CHANGEID="689692786" HOUSENUM="16/1" HOUSETYPE="2" OPERTYPEID="10" PREVID="0" NEXTID="0" UPDATEDATE="2025-09-29" STARTDATE="2025-09-29" ENDDATE="2079-06-06" ISACTUAL="1" ISACTIVE="1" /><HOUSE ID="129174544" OBJECTID="174942849" OBJECTGUID="5fed99ac-7257-455a-b940-ff123a1ac749" CHANGEID="689695594" HOUSENUM="80а" HOUSETYPE="2" OPERTYPEID="10" PREVID="0" NEXTID="0" UPDATEDATE="2025-09-29" STARTDATE="2025-09-29" ENDDATE="2079-06-06" ISACTUAL="1" ISACTIVE="1" /><HOUSE ID="129174602" OBJECTID="174943097" OBJECTGUID="29833276-5177-438c-84e1-085f4739c80a" CHANGEID="689695932" HOUSENUM="40" HOUSETYPE="2" OPERTYPEID="10" PREVID="0" NEXTID="0" UPDATEDATE="2025-09-29" STARTDATE="2025-09-29" ENDDATE="2079-06-06" ISACTUAL="1" ISACTIVE="1" /><HOUSE ID="129174793" OBJECTID="69990182" OBJECTGUID="ffd98205-eae0-4a78-a90f-8d618ba3d79b" CHANGEID="689696834" HOUSENUM="9Б" HOUSETYPE="2" OPERTYPEID="30" PREVID="42213348" NEXTID="0" UPDATEDATE="2025-09-29" STARTDATE="2025-09-29" ENDDATE="2079-06-06" ISACTUAL="1" ISACTIVE="0" /><HOUSE ID="129174814" OBJECTID="23558435" OBJECTGUID="d31cf9a1-3dcd-49b8-9780-c8b6729c1b65" CHANGEID="689696906" HOUSENUM="98" HOUSETYPE="2" OPERTYPEID="30" PREVID="66335537" NEXTID="0" UPDATEDATE="2025-09-29" STARTDATE="2025-09-29" ENDDATE="2079-06-06" ISACTUAL="1" ISACTIVE="0" /><HOUSE ID="129174818" OBJECTID="55638379" OBJECTGUID="7dc4e3fe-0e9e-425d-a5b6-6e771b6ee670" CHANGEID="689696918" HOUSENUM="96" HOUSETYPE="2" OPERTYPEID="30" PREVID="60290955" NEXTID="0" UPDATEDATE="2025-09-29" STARTDATE="2025-09-29" ENDDATE="2079-06-06" ISACTUAL="1" ISACTIVE="0" /><HOUSE ID="129174832" OBJECTID="49240548" OBJECTGUID="b0559ccd-8f53-494b-b374-806721850fe0" CHANGEID="689696994" HOUSENUM="31" HOUSETYPE="2" OPERTYPEID="30" PREVID="63872675" NEXTID="0" UPDATEDATE="2025-09-29" STARTDATE="2025-09-29" ENDDATE="2079-06-06" ISACTUAL="1" ISACTIVE="0" /><HOUSE ID="129174805" OBJECTID="32871016" OBJECTGUID="8dd6a24f-68d5-4acb-a6b8-e3b14a8528b5" CHANGEID="689696867" HOUSENUM="155" HOUSETYPE="2" OPERTYPEID="30" PREVID="61429359" NEXTID="0" UPDATEDATE="2025-09-29" STARTDATE="2025-09-29" ENDDATE="2079-06-06" ISACTUAL="1" ISACTIVE="0" /><HOUSE ID="61429359" OBJECTID="32871016" OBJECTGUID="8dd6a24f-68d5-4acb-a6b8-e3b14a8528b5" CHANGEID="50150748" HOUSENUM="155" HOUSETYPE="2" OPERTYPEID="20" PREVID="19535641" NEXTID="129174805" UPDATEDATE="2025-09-29" STARTDATE="2015-11-05" ENDDATE="2025-09-29" ISACTUAL="0" ISACTIVE="0" /><HOUSE ID="129174811" OBJECTID="22744572" OBJECTGUID="ed382957-6f66-4258-8c98-4587225f9154" CHANGEID="689696893" HOUSENUM="40" HOUSETYPE="2" OPERTYPEID="30" PREVID="68183818" NEXTID="0" UPDATEDATE="2025-09-29" STARTDATE="2025-09-29" ENDDATE="2079-06-06" ISACTUAL="1" ISACTIVE="0" /><HOUSE ID="68183818" OBJECTID="22744572" OBJECTGUID="ed382957-6f66-4258-8c98-4587225f9154" CHANGEID="35422644" HOUSENUM="40" HOUSETYPE="2" OPERTYPEID="20" PREVID="13424209" NEXTID="129174811" UPDATEDATE="2025-09-29" STARTDATE="2015-11-01" ENDDATE="2025-09-29" ISACTUAL="0" ISACTIVE="0" /><HOUSE ID="129174819" OBJECTID="19469849" OBJECTGUID="27987f1b-1574-4c97-8003-a0c1890ec700" CHANGEID="689696928" HOUSENUM="39" HOUSETYPE="2" OPERTYPEID="30" PREVID="54185567" NEXTID="0" UPDATEDATE="2025-09-29" STARTDATE="2025-09-29" ENDDATE="2079-06-06" ISACTUAL="1" ISACTIVE="0" /><HOUSE ID="129175048" OBJECTID="174944036" OBJECTGUID="3d1d9851-6424-4c56-a2e4-938273adfdef" CHANGEID="689697468" HOUSENUM="70" HOUSETYPE="7" OPERTYPEID="10" PREVID="0" NEXTID="0" UPDATEDATE="2025-09-29" STARTDATE="2025-09-29" ENDDATE="2079-06-06" ISACTUAL="1" ISACTIVE="1" /><HOUSE ID="129175049" OBJECTID="174944037" OBJECTGUID="da9a99a8-ade2-4505-b3de-95b699c5b81a" CHANGEID="689697469" HOUSENUM="69" HOUSETYPE="7" OPERTYPEID="10" PREVID="0" NEXTID="0" UPDATEDATE="2025-09-29" STARTDATE="2025-09-29" ENDDATE="2079-06-06" ISACTUAL="1" ISACTIVE="1" /><HOUSE ID="129175050" OBJECTID="174944038" OBJECTGUID="0b48672b-7a98-481f-ba56-f373259ad912" CHANGEID="689697470" HOUSENUM="68" HOUSETYPE="7" OPERTYPEID="10" PREVID="0" NEXTID="0" UPDATEDATE="2025-09-29" STARTDATE="2025-09-29" ENDDATE="2079-06-06" ISACTUAL="1" ISACTIVE="1" /><HOUSE ID="129175051" OBJECTID="174944039" OBJECTGUID="2650a36e-e715-4091-b7a0-eba682ea1e25" CHANGEID="689697471" HOUSENUM="63" HOUSETYPE="7" OPERTYPEID="10" PREVID="0" NEXTID="0" UPDATEDATE="2025-09-29" STARTDATE="2025-09-29" ENDDATE="2079-06-06" ISACTUAL="1" ISACTIVE="1" /><HOUSE ID="129175052" OBJECTID="174944040" OBJECTGUID="700b139d-1716-4105-95e4-029c77cf45c8" CHANGEID="689697472" HOUSENUM="55" HOUSETYPE="7" OPERTYPEID="10" PREVID="0" NEXTID="0" UPDATEDATE="2025-09-29" STARTDATE="2025-09-29" ENDDATE="2079-06-06" ISACTUAL="1" ISACTIVE="1" /><HOUSE ID="129175053" OBJECTID="174944041" OBJECTGUID="365784d4-6b68-4a91-83cf-0041646db76d" CHANGEID="689697473" HOUSENUM="53" HOUSETYPE="7" OPERTYPEID="10" PREVID="0" NEXTID="0" UPDATEDATE="2025-09-29" STARTDATE="2025-09-29" ENDDATE="2079-06-06" ISACTUAL="1" ISACTIVE="1" /><HOUSE ID="129175054" OBJECTID="174944042" OBJECTGUID="4f5f6e1a-2cef-4d3e-8aa5-4581f62132fa" CHANGEID="689697474" HOUSENUM="49" HOUSETYPE="7" OPERTYPEID="10" PREVID="0" NEXTID="0" UPDATEDATE="2025-09-29" STARTDATE="2025-09-29" ENDDATE="2079-06-06" ISACTUAL="1" ISACTIVE="1" /><HOUSE ID="129175055" OBJECTID="174944043" OBJECTGUID="f19e3197-13db-4e34-988a-92ad1b7ff3fc" CHANGEID="689697475" HOUSENUM="47" HOUSETYPE="7" OPERTYPEID="10" PREVID="0" NEXTID="0" UPDATEDATE="2025-09-29" STARTDATE="2025-09-29" ENDDATE="2079-06-06" ISACTUAL="1" ISACTIVE="1" /><HOUSE ID="129175056" OBJECTID="174944044" OBJECTGUID="78f0fbd3-e5d2-4130-8404-38b8b64037fe" CHANGEID="689697476" HOUSENUM="45А" HOUSETYPE="7" OPERTYPEID="10" PREVID="0" NEXTID="0" UPDATEDATE="2025-09-29" STARTDATE="2025-09-29" ENDDATE="2079-06-06" ISACTUAL="1" ISACTIVE="1" /><HOUSE ID="129175057" OBJECTID="174944045" OBJECTGUID="df8ea4f0-0a23-4eda-ba4b-488988536b97" CHANGEID="689697477" HOUSENUM="42" HOUSETYPE="7" OPERTYPEID="10" PREVID="0" NEXTID="0" UPDATEDATE="2025-09-29" STARTDATE="2025-09-29" ENDDATE="2079-06-06" ISACTUAL="1" ISACTIVE="1" /><HOUSE ID="129175058" OBJECTID="174944046" OBJECTGUID="0afd4440-00ae-43bf-a97f-807fed8411e1" CHANGEID="689697478" HOUSENUM="38" HOUSETYPE="7" OPERTYPEID="10" PREVID="0" NEXTID="0" UPDATEDATE="2025-09-29" STARTDATE="2025-09-29" ENDDATE="2079-06-06" ISACTUAL="1" ISACTIVE="1" /><HOUSE ID="129175059" OBJECTID="174944047" OBJECTGUID="b5511351-10df-4622-b090-506ecc39c254" CHANGEID="689697479" HOUSENUM="37" HOUSETYPE="7" OPERTYPEID="10" PREVID="0" NEXTID="0" UPDATEDATE="2025-09-29" STARTDATE="2025-09-29" ENDDATE="2079-06-06" ISACTUAL="1" ISACTIVE="1" /><HOUSE ID="129175060" OBJECTID="174944048" OBJECTGUID="bfb883c7-a7b0-46dd-8a5c-9bcf2a52a9bd" CHANGEID="689697480" HOUSENUM="34" HOUSETYPE="7" OPERTYPEID="10" PREVID="0" NEXTID="0" UPDATEDATE="2025-09-29" STARTDATE="2025-09-29" ENDDATE="2079-06-06" ISACTUAL="1" ISACTIVE="1" /><HOUSE ID="129175061" OBJECTID="174944049" OBJECTGUID="ebd2c924-230b-442d-afdf-9992bcb472b3" CHANGEID="689697481" HOUSENUM="35А" HOUSETYPE="7" OPERTYPEID="10" PREVID="0" NEXTID="0" UPDATEDATE="2025-09-29" STARTDATE="2025-09-29" ENDDATE="2079-06-06" ISACTUAL="1" ISACTIVE="1" /><HOUSE ID="129175062" OBJECTID="174944050" OBJECTGUID="df74bb5e-4455-42a2-b85d-b7f6e479fac5" CHANGEID="689697482" HOUSENUM="26А" HOUSETYPE="7" OPERTYPEID="10" PREVID="0" NEXTID="0" UPDATEDATE="2025-09-29" STARTDATE="2025-09-29" ENDDATE="2079-06-06" ISACTUAL="1" ISACTIVE="1" /><HOUSE ID="129175063" OBJECTID="174944051" OBJECTGUID="d2a236c4-d1fa-47b4-915a-11afcd73b504" CHANGEID="689697483" HOUSENUM="25" HOUSETYPE="7" OPERTYPEID="10" PREVID="0" NEXTID="0" UPDATEDATE="2025-09-29" STARTDATE="2025-09-29" ENDDATE="2079-06-06" ISACTUAL="1" ISACTIVE="1" /><HOUSE ID="129175064" OBJECTID="174944052" OBJECTGUID="7adae2f8-0a38-44e2-9465-9831addfbf13" CHANGEID="689697484" HOUSENUM="23" HOUSETYPE="7" OPERTYPEID="10" PREVID="0" NEXTID="0" UPDATEDATE="2025-09-29" STARTDATE="2025-09-29" ENDDATE="2079-06-06" ISACTUAL="1" ISACTIVE="1" /><HOUSE ID="129175065" OBJECTID="174944053" OBJECTGUID="10ee9555-4fed-4261-8682-b81b2b9be1b4" CHANGEID="689697485" HOUSENUM="16" HOUSETYPE="7" OPERTYPEID="10" PREVID="0" NEXTID="0" UPDATEDATE="2025-09-29" STARTDATE="2025-09-29" ENDDATE="2079-06-06" ISACTUAL="1" ISACTIVE="1" /><HOUSE ID="129175066" OBJECTID="174944054" OBJECTGUID="cd6c10b7-c92f-4f76-9f75-8564303d5462" CHANGEID="689697486" HOUSENUM="12" HOUSETYPE="7" OPERTYPEID="10" PREVID="0" NEXTID="0" UPDATEDATE="2025-09-29" STARTDATE="2025-09-29" ENDDATE="2079-06-06" ISACTUAL="1" ISACTIVE="1" /><HOUSE ID="129175067" OBJECTID="174944055" OBJECTGUID="ddc2aadf-64f3-4a69-8e62-ccc348a4b86f" CHANGEID="689697487" HOUSENUM="11" HOUSETYPE="7" OPERTYPEID="10" PREVID="0" NEXTID="0" UPDATEDATE="2025-09-29" STARTDATE="2025-09-29" ENDDATE="2079-06-06" ISACTUAL="1" ISACTIVE="1" /><HOUSE ID="129175068" OBJECTID="174944056" OBJECTGUID="ab220ab1-4624-4860-95f7-0f2fb2e63cd1" CHANGEID="689697488" HOUSENUM="5" HOUSETYPE="7" OPERTYPEID="10" PREVID="0" NEXTID="0" UPDATEDATE="2025-09-29" STARTDATE="2025-09-29" ENDDATE="2079-06-06" ISACTUAL="1" ISACTIVE="1" /><HOUSE ID="129175069" OBJECTID="174944057" OBJECTGUID="6ceb75dd-41bd-48ff-ba86-4fcb31a60fc6" CHANGEID="689697489" HOUSENUM="2" HOUSETYPE="7" OPERTYPEID="10" PREVID="0" NEXTID="0" UPDATEDATE="2025-09-29" STARTDATE="2025-09-29" ENDDATE="2079-06-06" ISACTUAL="1" ISACTIVE="1" /><HOUSE ID="129177113" OBJECTID="174950281" OBJECTGUID="49bcd804-78a3-4544-8ea7-80c55e29f8c5" CHANGEID="689710640" HOUSENUM="18а" HOUSETYPE="7" OPERTYPEID="10" PREVID="0" NEXTID="0" UPDATEDATE="2025-09-30" STARTDATE="2025-09-30" ENDDATE="2079-06-06" ISACTUAL="1" ISACTIVE="1" /><HOUSE ID="129177107" OBJECTID="174950262" OBJECTGUID="b7d072ba-32d5-41f3-a2ca-1051aa707f3d" CHANGEID="689710613" HOUSENUM="74" HOUSETYPE="7" OPERTYPEID="10" PREVID="0" NEXTID="0" UPDATEDATE="2025-09-30" STARTDATE="2025-09-30" ENDDATE="2079-06-06" ISACTUAL="1" ISACTIVE="1" /><HOUSE ID="129177455" OBJECTID="174951513" OBJECTGUID="708096e8-1d3d-4d33-b0d0-edc76431e723" CHANGEID="689712575" HOUSENUM="75" HOUSETYPE="7" OPERTYPEID="10" PREVID="0" NEXTID="0" UPDATEDATE="2025-09-30" STARTDATE="2025-09-30" ENDDATE="2079-06-06" ISACTUAL="1" ISACTIVE="1" /><HOUSE ID="129177456" OBJECTID="174951514" OBJECTGUID="a395adca-db3c-4f17-88ba-90761ed229b8" CHANGEID="689712576" HOUSENUM="141" HOUSETYPE="7" OPERTYPEID="10" PREVID="0" NEXTID="0" UPDATEDATE="2025-09-30" STARTDATE="2025-09-30" ENDDATE="2079-06-06" ISACTUAL="1" ISACTIVE="1" /><HOUSE ID="129177457" OBJECTID="174951515" OBJECTGUID="1db7592d-f9da-4070-8302-6c51ea9554c5" CHANGEID="689712577" HOUSENUM="137" HOUSETYPE="7" OPERTYPEID="10" PREVID="0" NEXTID="0" UPDATEDATE="2025-09-30" STARTDATE="2025-09-30" ENDDATE="2079-06-06" ISACTUAL="1" ISACTIVE="1" /><HOUSE ID="129177458" OBJECTID="174951516" OBJECTGUID="77a0c251-227d-4ed3-96c9-98de24c2504b" CHANGEID="689712578" HOUSENUM="175" HOUSETYPE="7" OPERTYPEID="10" PREVID="0" NEXTID="0" UPDATEDATE="2025-09-30" STARTDATE="2025-09-30" ENDDATE="2079-06-06" ISACTUAL="1" ISACTIVE="1" /><HOUSE ID="129177459" OBJECTID="174951517" OBJECTGUID="48f29a56-bbe1-4c66-9f76-baa7d0346dba" CHANGEID="689712579" HOUSENUM="172" HOUSETYPE="7" OPERTYPEID="10" PREVID="0" NEXTID="0" UPDATEDATE="2025-09-30" STARTDATE="2025-09-30" ENDDATE="2079-06-06" ISACTUAL="1" ISACTIVE="1" /><HOUSE ID="129177460" OBJECTID="174951518" OBJECTGUID="712e0a17-d9dc-4509-b216-d7569b402314" CHANGEID="689712580" HOUSENUM="171А" HOUSETYPE="7" OPERTYPEID="10" PREVID="0" NEXTID="0" UPDATEDATE="2025-09-30" STARTDATE="2025-09-30" ENDDATE="2079-06-06" ISACTUAL="1" ISACTIVE="1" /><HOUSE ID="129177461" OBJECTID="174951519" OBJECTGUID="6df6ba4a-4602-45dc-938e-f74b7ee8ca25" CHANGEID="689712581" HOUSENUM="171" HOUSETYPE="7" OPERTYPEID="10" PREVID="0" NEXTID="0" UPDATEDATE="2025-09-30" STARTDATE="2025-09-30" ENDDATE="2079-06-06" ISACTUAL="1" ISACTIVE="1" /><HOUSE ID="129177462" OBJECTID="174951520" OBJECTGUID="225cd838-978f-429b-9435-e0eab9d8cbed" CHANGEID="689712582" HOUSENUM="170" HOUSETYPE="7" OPERTYPEID="10" PREVID="0" NEXTID="0" UPDATEDATE="2025-09-30" STARTDATE="2025-09-30" ENDDATE="2079-06-06" ISACTUAL="1" ISACTIVE="1" /><HOUSE ID="129177463" OBJECTID="174951521" OBJECTGUID="1544cc25-4469-45f2-bf07-58990d784dc3" CHANGEID="689712583" HOUSENUM="168Г" HOUSETYPE="7" OPERTYPEID="10" PREVID="0" NEXTID="0" UPDATEDATE="2025-09-30" STARTDATE="2025-09-30" ENDDATE="2079-06-06" ISACTUAL="1" ISACTIVE="1" /><HOUSE ID="129177464" OBJECTID="174951522" OBJECTGUID="83b99642-2c6c-46f3-8dd0-f6da04e313ae" CHANGEID="689712584" HOUSENUM="163" HOUSETYPE="7" OPERTYPEID="10" PREVID="0" NEXTID="0" UPDATEDATE="2025-09-30" STARTDATE="2025-09-30" ENDDATE="2079-06-06" ISACTUAL="1" ISACTIVE="1" /><HOUSE ID="129177465" OBJECTID="174951523" OBJECTGUID="79576862-88cf-4310-ad56-222d4c0a99c0" CHANGEID="689712585" HOUSENUM="160" HOUSETYPE="7" OPERTYPEID="10" PREVID="0" NEXTID="0" UPDATEDATE="2025-09-30" STARTDATE="2025-09-30" ENDDATE="2079-06-06" ISACTUAL="1" ISACTIVE="1" /><HOUSE ID="129177466" OBJECTID="174951524" OBJECTGUID="efc7b6f0-b95c-4c24-913d-854609b6a95c" CHANGEID="689712586" HOUSENUM="155А" HOUSETYPE="7" OPERTYPEID="10" PREVID="0" NEXTID="0" UPDATEDATE="2025-09-30" STARTDATE="2025-09-30" ENDDATE="2079-06-06" ISACTUAL="1" ISACTIVE="1" /><HOUSE ID="129177467" OBJECTID="174951525" OBJECTGUID="cdaedf06-6b6f-44be-a411-653bb2169371" CHANGEID="689712587" HOUSENUM="132" HOUSETYPE="7" OPERTYPEID="10" PREVID="0" NEXTID="0" UPDATEDATE="2025-09-30" STARTDATE="2025-09-30" ENDDATE="2079-06-06" ISACTUAL="1" ISACTIVE="1" /><HOUSE ID="129177468" OBJECTID="174951526" OBJECTGUID="60fbea0a-b5e2-49ee-a690-f2ad7214fef5" CHANGEID="689712588" HOUSENUM="112" HOUSETYPE="7" OPERTYPEID="10" PREVID="0" NEXTID="0" UPDATEDATE="2025-09-30" STARTDATE="2025-09-30" ENDDATE="2079-06-06" ISACTUAL="1" ISACTIVE="1" /><HOUSE ID="129177469" OBJECTID="174951527" OBJECTGUID="f6de522b-5caa-4166-9626-88f60fd945a1" CHANGEID="689712589" HOUSENUM="109" HOUSETYPE="7" OPERTYPEID="10" PREVID="0" NEXTID="0" UPDATEDATE="2025-09-30" STARTDATE="2025-09-30" ENDDATE="2079-06-06" ISACTUAL="1" ISACTIVE="1" /><HOUSE ID="129177470" OBJECTID="174951528" OBJECTGUID="275fd137-28dd-4eaa-b61d-6724f48cb48e" CHANGEID="689712590" HOUSENUM="83" HOUSETYPE="7" OPERTYPEID="10" PREVID="0" NEXTID="0" UPDATEDATE="2025-09-30" STARTDATE="2025-09-30" ENDDATE="2079-06-06" ISACTUAL="1" ISACTIVE="1" /><HOUSE ID="129177529" OBJECTID="174951662" OBJECTGUID="e03c4c27-d88a-4d58-ac4d-7569c3dccf3c" CHANGEID="689712880" HOUSENUM="21г" HOUSETYPE="7" OPERTYPEID="10" PREVID="0" NEXTID="0" UPDATEDATE="2025-09-30" STARTDATE="2025-09-30" ENDDATE="2079-06-06" ISACTUAL="1" ISACTIVE="1" /><HOUSE ID="129179492" OBJECTID="174957828" OBJECTGUID="f5311ab8-156f-4051-a6fc-81cf65e1aeaa" CHANGEID="689729581" HOUSENUM="21/1" HOUSETYPE="7" OPERTYPEID="10" PREVID="0" NEXTID="0" UPDATEDATE="2025-09-30" STARTDATE="2025-09-30" ENDDATE="2079-06-06" ISACTUAL="1" ISACTIVE="1" /><HOUSE ID="129179524" OBJECTID="174957942" OBJECTGUID="96d9cb3f-8653-42ab-9a1b-35b607c76bee" CHANGEID="689729921" HOUSENUM="19А/1" HOUSETYPE="7" OPERTYPEID="10" PREVID="0" NEXTID="0" UPDATEDATE="2025-09-30" STARTDATE="2025-09-30" ENDDATE="2079-06-06" ISACTUAL="1" ISACTIVE="1" /><HOUSE ID="129179562" OBJECTID="174958024" OBJECTGUID="7f7481d4-bf7a-47b8-b654-d11ecc81661e" CHANGEID="689730049" HOUSENUM="19А/2" HOUSETYPE="7" OPERTYPEID="10" PREVID="0" NEXTID="0" UPDATEDATE="2025-09-30" STARTDATE="2025-09-30" ENDDATE="2079-06-06" ISACTUAL="1" ISACTIVE="1" /><HOUSE ID="129179598" OBJECTID="174958037" OBJECTGUID="6e1e1d72-a99d-4a4c-a59e-fca039dd3402" CHANGEID="689730104" HOUSENUM="19А/3" HOUSETYPE="7" OPERTYPEID="10" PREVID="0" NEXTID="0" UPDATEDATE="2025-09-30" STARTDATE="2025-09-30" ENDDATE="2079-06-06" ISACTUAL="1" ISACTIVE="1" /><HOUSE ID="129179641" OBJECTID="174958178" OBJECTGUID="ee4b939e-8b00-419a-8270-ea9b0454fb97" CHANGEID="689730401" HOUSENUM="1а" HOUSETYPE="7" OPERTYPEID="10" PREVID="0" NEXTID="0" UPDATEDATE="2025-09-30" STARTDATE="2025-09-30" ENDDATE="2079-06-06" ISACTUAL="1" ISACTIVE="1" /><HOUSE ID="129179652" OBJECTID="174958197" OBJECTGUID="68b7a53c-b35a-406d-a1d0-6d80f2268294" CHANGEID="689730440" HOUSENUM="21/2" HOUSETYPE="7" OPERTYPEID="10" PREVID="0" NEXTID="0" UPDATEDATE="2025-09-30" STARTDATE="2025-09-30" ENDDATE="2079-06-06" ISACTUAL="1" ISACTIVE="1" /><HOUSE ID="129179659" OBJECTID="174958222" OBJECTGUID="f42708d6-3204-430b-ad27-c4a2c7ee78a6" CHANGEID="689730483" HOUSENUM="3/1" HOUSETYPE="7" OPERTYPEID="10" PREVID="0" NEXTID="0" UPDATEDATE="2025-09-30" STARTDATE="2025-09-30" ENDDATE="2079-06-06" ISACTUAL="1" ISACTIVE="1" /><HOUSE ID="129179744" OBJECTID="174958435" OBJECTGUID="af28177c-db42-459a-a7e4-bd2731d195a9" CHANGEID="689731465" HOUSENUM="40/1" HOUSETYPE="7" OPERTYPEID="10" PREVID="0" NEXTID="0" UPDATEDATE="2025-09-30" STARTDATE="2025-09-30" ENDDATE="2079-06-06" ISACTUAL="1" ISACTIVE="1" /><HOUSE ID="129179758" OBJECTID="174958457" OBJECTGUID="19d429ef-24e2-4d4a-9877-3cf441fbde83" CHANGEID="689731569" HOUSENUM="52/1" HOUSETYPE="7" OPERTYPEID="10" PREVID="0" NEXTID="0" UPDATEDATE="2025-09-30" STARTDATE="2025-09-30" ENDDATE="2079-06-06" ISACTUAL="1" ISACTIVE="1" /><HOUSE ID="129179763" OBJECTID="174958480" OBJECTGUID="456f8a4e-e5f9-4030-9600-0e9d34a0a792" CHANGEID="689731609" HOUSENUM="52/2" HOUSETYPE="7" OPERTYPEID="10" PREVID="0" NEXTID="0" UPDATEDATE="2025-09-30" STARTDATE="2025-09-30" ENDDATE="2079-06-06" ISACTUAL="1" ISACTIVE="1" /><HOUSE ID="129179776" OBJECTID="174958534" OBJECTGUID="16e06a9e-f479-47a3-9dd6-8714fc93b72c" CHANGEID="689731874" HOUSENUM="52/4" HOUSETYPE="7" OPERTYPEID="10" PREVID="0" NEXTID="0" UPDATEDATE="2025-09-30" STARTDATE="2025-09-30" ENDDATE="2079-06-06" ISACTUAL="1" ISACTIVE="1" /><HOUSE ID="129179787" OBJECTID="174958576" OBJECTGUID="3742235d-465b-457e-bce6-85cf1942440d" CHANGEID="689731983" HOUSENUM="34/2" HOUSETYPE="7" OPERTYPEID="10" PREVID="0" NEXTID="0" UPDATEDATE="2025-09-30" STARTDATE="2025-09-30" ENDDATE="2079-06-06" ISACTUAL="1" ISACTIVE="1" /><HOUSE ID="129179788" OBJECTID="174958577" OBJECTGUID="d38138be-8ba2-4c09-93cf-5f0bf29517f1" CHANGEID="689731984" HOUSENUM="34/1" HOUSETYPE="7" OPERTYPEID="10" PREVID="0" NEXTID="0" UPDATEDATE="2025-09-30" STARTDATE="2025-09-30" ENDDATE="2079-06-06" ISACTUAL="1" ISACTIVE="1" /><HOUSE ID="129179795" OBJECTID="174958600" OBJECTGUID="b3cd2cca-c073-4229-adf7-d03e0fcefe37" CHANGEID="689732396" HOUSENUM="36/1" HOUSETYPE="7" OPERTYPEID="10" PREVID="0" NEXTID="0" UPDATEDATE="2025-09-30" STARTDATE="2025-09-30" ENDDATE="2079-06-06" ISACTUAL="1" ISACTIVE="1" /><HOUSE ID="129179769" OBJECTID="174958510" OBJECTGUID="235bbb52-73dd-4863-b0f7-993747734ebd" CHANGEID="689731811" HOUSENUM="52/3" HOUSETYPE="7" OPERTYPEID="10" PREVID="0" NEXTID="0" UPDATEDATE="2025-09-30" STARTDATE="2025-09-30" ENDDATE="2079-06-06" ISACTUAL="1" ISACTIVE="1" /><HOUSE ID="129179816" OBJECTID="174958672" OBJECTGUID="bb752b17-8aba-4fbb-b385-325cb6a62aa5" CHANGEID="689732546" HOUSENUM="6/6" HOUSETYPE="7" OPERTYPEID="10" PREVID="0" NEXTID="0" UPDATEDATE="2025-09-30" STARTDATE="2025-09-30" ENDDATE="2079-06-06" ISACTUAL="1" ISACTIVE="1" /><HOUSE ID="129179817" OBJECTID="174958673" OBJECTGUID="2a3758b8-d585-4ec9-b884-292ea90f5c76" CHANGEID="689732547" HOUSENUM="6/5" HOUSETYPE="7" OPERTYPEID="10" PREVID="0" NEXTID="0" UPDATEDATE="2025-09-30" STARTDATE="2025-09-30" ENDDATE="2079-06-06" ISACTUAL="1" ISACTIVE="1" /><HOUSE ID="129179818" OBJECTID="174958674" OBJECTGUID="e647413f-af5b-45e0-898d-1b74675a3d6b" CHANGEID="689732548" HOUSENUM="6/4" HOUSETYPE="7" OPERTYPEID="10" PREVID="0" NEXTID="0" UPDATEDATE="2025-09-30" STARTDATE="2025-09-30" ENDDATE="2079-06-06" ISACTUAL="1" ISACTIVE="1" /><HOUSE ID="129179819" OBJECTID="174958675" OBJECTGUID="fb1736f4-241a-425f-a3a7-47a4c980fa78" CHANGEID="689732549" HOUSENUM="6/3" HOUSETYPE="7" OPERTYPEID="10" PREVID="0" NEXTID="0" UPDATEDATE="2025-09-30" STARTDATE="2025-09-30" ENDDATE="2079-06-06" ISACTUAL="1" ISACTIVE="1" /><HOUSE ID="129179820" OBJECTID="174958676" OBJECTGUID="bb4e08da-04ef-4023-bbef-5946c642bd5d" CHANGEID="689732550" HOUSENUM="6/2" HOUSETYPE="7" OPERTYPEID="10" PREVID="0" NEXTID="0" UPDATEDATE="2025-09-30" STARTDATE="2025-09-30" ENDDATE="2079-06-06" ISACTUAL="1" ISACTIVE="1" /><HOUSE ID="129179821" OBJECTID="174958677" OBJECTGUID="a53c1c17-8ee4-4e2c-97cb-0786c55c053a" CHANGEID="689732551" HOUSENUM="6/1" HOUSETYPE="7" OPERTYPEID="10" PREVID="0" NEXTID="0" UPDATEDATE="2025-09-30" STARTDATE="2025-09-30" ENDDATE="2079-06-06" ISACTUAL="1" ISACTIVE="1" /><HOUSE ID="129179831" OBJECTID="174958700" OBJECTGUID="02253e15-4f63-4cb1-a3ef-d063d5f8544e" CHANGEID="689732596" HOUSENUM="86/1" HOUSETYPE="7" OPERTYPEID="10" PREVID="0" NEXTID="0" UPDATEDATE="2025-09-30" STARTDATE="2025-09-30" ENDDATE="2079-06-06" ISACTUAL="1" ISACTIVE="1" /><HOUSE ID="129179836" OBJECTID="174958730" OBJECTGUID="892562f7-7bbe-41ff-b100-1b2fc79dc237" CHANGEID="689732648" HOUSENUM="228/1" HOUSETYPE="7" OPERTYPEID="10" PREVID="0" NEXTID="0" UPDATEDATE="2025-09-30" STARTDATE="2025-09-30" ENDDATE="2079-06-06" ISACTUAL="1" ISACTIVE="1" /><HOUSE ID="129179867" OBJECTID="174958857" OBJECTGUID="1c742e8b-37c7-4aa1-9870-a61f57cc9c1e" CHANGEID="689732860" HOUSENUM="23/1" HOUSETYPE="7" OPERTYPEID="10" PREVID="0" NEXTID="0" UPDATEDATE="2025-09-30" STARTDATE="2025-09-30" ENDDATE="2079-06-06" ISACTUAL="1" ISACTIVE="1" /><HOUSE ID="129179868" OBJECTID="174958858" OBJECTGUID="02d78ef6-4ba8-461e-ae9f-a4e1ff870790" CHANGEID="689732861" HOUSENUM="22/1" HOUSETYPE="7" OPERTYPEID="10" PREVID="0" NEXTID="0" UPDATEDATE="2025-09-30" STARTDATE="2025-09-30" ENDDATE="2079-06-06" ISACTUAL="1" ISACTIVE="1" /><HOUSE ID="129179869" OBJECTID="174958859" OBJECTGUID="f482a076-a768-4418-8671-7c4042dae601" CHANGEID="689732862" HOUSENUM="18/1" HOUSETYPE="7" OPERTYPEID="10" PREVID="0" NEXTID="0" UPDATEDATE="2025-09-30" STARTDATE="2025-09-30" ENDDATE="2079-06-06" ISACTUAL="1" ISACTIVE="1" /><HOUSE ID="129179870" OBJECTID="174958860" OBJECTGUID="24e51f77-c47d-4f20-88f4-81b21c45d733" CHANGEID="689732863" HOUSENUM="5/1" HOUSETYPE="7" OPERTYPEID="10" PREVID="0" NEXTID="0" UPDATEDATE="2025-09-30" STARTDATE="2025-09-30" ENDDATE="2079-06-06" ISACTUAL="1" ISACTIVE="1" /><HOUSE ID="129179871" OBJECTID="174958861" OBJECTGUID="b3ed9c4d-a845-4bf9-a595-1605b3f61dcb" CHANGEID="689732864" HOUSENUM="21/1" HOUSETYPE="7" OPERTYPEID="10" PREVID="0" NEXTID="0" UPDATEDATE="2025-09-30" STARTDATE="2025-09-30" ENDDATE="2079-06-06" ISACTUAL="1" ISACTIVE="1" /><HOUSE ID="129179894" OBJECTID="174958905" OBJECTGUID="169fa304-ecdf-461c-b812-31c84e9e7ac8" CHANGEID="689732934" HOUSENUM="17/4" HOUSETYPE="7" OPERTYPEID="10" PREVID="0" NEXTID="0" UPDATEDATE="2025-09-30" STARTDATE="2025-09-30" ENDDATE="2079-06-06" ISACTUAL="1" ISACTIVE="1" /><HOUSE ID="129180604" OBJECTID="33169732" OBJECTGUID="53d5ba56-d071-4d87-9d2f-8e90623c79b4" CHANGEID="689737523" HOUSENUM="1" ADDNUM1="а" HOUSETYPE="2" ADDTYPE1="1" OPERTYPEID="30" PREVID="19724950" NEXTID="0" UPDATEDATE="2025-09-30" STARTDATE="2025-09-30" ENDDATE="2079-06-06" ISACTUAL="1" ISACTIVE="0" /><HOUSE ID="129180624" OBJECTID="174961143" OBJECTGUID="363f236b-095a-4027-b907-da11777f43b7" CHANGEID="689737644" HOUSENUM="1а" HOUSETYPE="2" OPERTYPEID="10" PREVID="0" NEXTID="0" UPDATEDATE="2025-09-30" STARTDATE="2025-09-30" ENDDATE="2079-06-06" ISACTUAL="1" ISACTIVE="1" /><HOUSE ID="129180652" OBJECTID="174961345" OBJECTGUID="8d682e3d-a901-48aa-ae9f-3e82e849b3c1" CHANGEID="689738085" HOUSENUM="8/6" HOUSETYPE="7" OPERTYPEID="10" PREVID="0" NEXTID="0" UPDATEDATE="2025-09-30" STARTDATE="2025-09-30" ENDDATE="2079-06-06" ISACTUAL="1" ISACTIVE="1" /><HOUSE ID="129180653" OBJECTID="174961346" OBJECTGUID="d9d3ff50-7ab3-4f13-a29e-61b1741cd8c1" CHANGEID="689738086" HOUSENUM="8/7" HOUSETYPE="7" OPERTYPEID="10" PREVID="0" NEXTID="0" UPDATEDATE="2025-09-30" STARTDATE="2025-09-30" ENDDATE="2079-06-06" ISACTUAL="1" ISACTIVE="1" /><HOUSE ID="129180654" OBJECTID="174961347" OBJECTGUID="d96b8ef5-ca9a-46cb-a0d0-7c19dc2c63c6" CHANGEID="689738087" HOUSENUM="8/8" HOUSETYPE="7" OPERTYPEID="10" PREVID="0" NEXTID="0" UPDATEDATE="2025-09-30" STARTDATE="2025-09-30" ENDDATE="2079-06-06" ISACTUAL="1" ISACTIVE="1" /><HOUSE ID="129180655" OBJECTID="174961348" OBJECTGUID="8fdf0de8-949d-4931-99d1-8190e99551f3" CHANGEID="689738088" HOUSENUM="8/9" HOUSETYPE="7" OPERTYPEID="10" PREVID="0" NEXTID="0" UPDATEDATE="2025-09-30" STARTDATE="2025-09-30" ENDDATE="2079-06-06" ISACTUAL="1" ISACTIVE="1" /><HOUSE ID="129180656" OBJECTID="174961349" OBJECTGUID="28e30347-8194-4b13-827e-ecf9298d2a0f" CHANGEID="689738089" HOUSENUM="8/10" HOUSETYPE="7" OPERTYPEID="10" PREVID="0" NEXTID="0" UPDATEDATE="2025-09-30" STARTDATE="2025-09-30" ENDDATE="2079-06-06" ISACTUAL="1" ISACTIVE="1" /><HOUSE ID="129180657" OBJECTID="174961350" OBJECTGUID="36c0c4ea-eef3-432c-afe9-f7c644ced861" CHANGEID="689738090" HOUSENUM="8/5" HOUSETYPE="7" OPERTYPEID="10" PREVID="0" NEXTID="0" UPDATEDATE="2025-09-30" STARTDATE="2025-09-30" ENDDATE="2079-06-06" ISACTUAL="1" ISACTIVE="1" /><HOUSE ID="129180658" OBJECTID="174961351" OBJECTGUID="5cbfdb46-6d17-42e3-a141-312cb4c21706" CHANGEID="689738091" HOUSENUM="4/4" HOUSETYPE="7" OPERTYPEID="10" PREVID="0" NEXTID="0" UPDATEDATE="2025-09-30" STARTDATE="2025-09-30" ENDDATE="2079-06-06" ISACTUAL="1" ISACTIVE="1" /><HOUSE ID="129180659" OBJECTID="174961352" OBJECTGUID="256474a5-7ac5-4c77-9ad9-4944ef0d7e00" CHANGEID="689738092" HOUSENUM="8/4" HOUSETYPE="7" OPERTYPEID="10" PREVID="0" NEXTID="0" UPDATEDATE="2025-09-30" STARTDATE="2025-09-30" ENDDATE="2079-06-06" ISACTUAL="1" ISACTIVE="1" /><HOUSE ID="129180672" OBJECTID="174961390" OBJECTGUID="d2705749-0e45-4c3f-9083-399162b188b8" CHANGEID="689738173" HOUSENUM="17/6" HOUSETYPE="7" OPERTYPEID="10" PREVID="0" NEXTID="0" UPDATEDATE="2025-09-30" STARTDATE="2025-09-30" ENDDATE="2079-06-06" ISACTUAL="1" ISACTIVE="1" /><HOUSE ID="127917577" OBJECTID="62400452" OBJECTGUID="bb36bfe9-1c30-4da0-a3df-839f3340d679" CHANGEID="641188396" HOUSENUM="1а" HOUSETYPE="7" OPERTYPEID="20" PREVID="37499347" NEXTID="129181649" UPDATEDATE="2025-09-30" STARTDATE="2025-02-24" ENDDATE="2025-09-30" ISACTUAL="0" ISACTIVE="0" /><HOUSE ID="129181649" OBJECTID="62400452" OBJECTGUID="bb36bfe9-1c30-4da0-a3df-839f3340d679" CHANGEID="689745021" HOUSENUM="1а" HOUSETYPE="2" OPERTYPEID="20" PREVID="127917577" UPDATEDATE="2025-09-30" STARTDATE="2025-09-30" ENDDATE="2079-06-06" ISACTUAL="1" ISACTIVE="1" /><HOUSE ID="129181827" OBJECTID="174965449" OBJECTGUID="6c9e2fcb-bfa2-4fce-993c-60f4c1d6c89f" CHANGEID="689746188" HOUSENUM="30а" HOUSETYPE="7" OPERTYPEID="10" PREVID="0" NEXTID="0" UPDATEDATE="2025-09-30" STARTDATE="2025-09-30" ENDDATE="2079-06-06" ISACTUAL="1" ISACTIVE="1" /><HOUSE ID="129182192" OBJECTID="45777790" OBJECTGUID="1a92e58a-692f-4b91-b765-4d90cc3ce94d" CHANGEID="689748191" HOUSENUM="8" HOUSETYPE="2" OPERTYPEID="30" PREVID="53263345" NEXTID="0" UPDATEDATE="2025-09-30" STARTDATE="2025-09-30" ENDDATE="2079-06-06" ISACTUAL="1" ISACTIVE="0" /><HOUSE ID="53263345" OBJECTID="45777790" OBJECTGUID="1a92e58a-692f-4b91-b765-4d90cc3ce94d" CHANGEID="68931141" HOUSENUM="8" HOUSETYPE="2" OPERTYPEID="20" PREVID="27340809" NEXTID="129182192" UPDATEDATE="2025-09-30" STARTDATE="2015-11-13" ENDDATE="2025-09-30" ISACTUAL="0" ISACTIVE="0" /><HOUSE ID="129182830" OBJECTID="174967327" OBJECTGUID="89d1b692-6081-4ae9-bf62-405793b4a963" CHANGEID="689751420" HOUSENUM="3а" HOUSETYPE="2" OPERTYPEID="10" PREVID="0" NEXTID="0" UPDATEDATE="2025-09-30" STARTDATE="2025-09-30" ENDDATE="2079-06-06" ISACTUAL="1" ISACTIVE="1" /><HOUSE ID="129182914" OBJECTID="174967478" OBJECTGUID="bfbe3aea-0665-48d0-aec6-72c7be42436c" CHANGEID="689752134" HOUSENUM="75в" HOUSETYPE="2" OPERTYPEID="10" PREVID="0" NEXTID="0" UPDATEDATE="2025-09-30" STARTDATE="2025-09-30" ENDDATE="2079-06-06" ISACTUAL="1" ISACTIVE="1" /><HOUSE ID="7268567" OBJECTID="13305357" OBJECTGUID="37978786-525d-4e5f-91a6-e3f204a84694" CHANGEID="21362810" HOUSENUM="1А" HOUSETYPE="2" OPERTYPEID="10" PREVID="0" NEXTID="129183163" UPDATEDATE="2025-09-30" STARTDATE="2018-03-21" ENDDATE="2025-09-30" ISACTUAL="0" ISACTIVE="0" /><HOUSE ID="129183163" OBJECTID="13305357" OBJECTGUID="37978786-525d-4e5f-91a6-e3f204a84694" CHANGEID="689754348" HOUSENUM="1а" HOUSETYPE="2" OPERTYPEID="20" PREVID="7268567" UPDATEDATE="2025-09-30" STARTDATE="2025-09-30" ENDDATE="2079-06-06" ISACTUAL="1" ISACTIVE="1" /><HOUSE ID="129183256" OBJECTID="174968617" OBJECTGUID="dcdda5b1-b02e-4238-8d20-a2baf1501b5d" CHANGEID="689754930" HOUSENUM="11" HOUSETYPE="2" OPERTYPEID="10" PREVID="0" NEXTID="0" UPDATEDATE="2025-09-30" STARTDATE="2025-09-30" ENDDATE="2079-06-06" ISACTUAL="1" ISACTIVE="1" /><HOUSE ID="129183257" OBJECTID="174968618" OBJECTGUID="59d1ad4a-5333-406b-9dbf-02dce6bbee8f" CHANGEID="689754931" HOUSENUM="5" HOUSETYPE="2" OPERTYPEID="10" PREVID="0" NEXTID="0" UPDATEDATE="2025-09-30" STARTDATE="2025-09-30" ENDDATE="2079-06-06" ISACTUAL="1" ISACTIVE="1" /><HOUSE ID="129183313" OBJECTID="174968773" OBJECTGUID="92fc8222-2f7f-49a5-92cd-bc529e1fee83" CHANGEID="689755244" HOUSENUM="12" HOUSETYPE="2" OPERTYPEID="10" PREVID="0" NEXTID="0" UPDATEDATE="2025-09-30" STARTDATE="2025-09-30" ENDDATE="2079-06-06" ISACTUAL="1" ISACTIVE="1" /><HOUSE ID="129183658" OBJECTID="174969749" OBJECTGUID="6a3233cf-04ef-46f4-bc6a-2ed14ae1f161" CHANGEID="689757062" HOUSENUM="24Б" HOUSETYPE="2" OPERTYPEID="10" PREVID="0" NEXTID="0" UPDATEDATE="2025-09-30" STARTDATE="2025-09-30" ENDDATE="2079-06-06" ISACTUAL="1" ISACTIVE="1" /><HOUSE ID="129185501" OBJECTID="174975074" OBJECTGUID="771f9f53-0888-4d6f-bdfd-d090eb2164af" CHANGEID="689787093" HOUSENUM="4" HOUSETYPE="7" OPERTYPEID="10" PREVID="0" NEXTID="0" UPDATEDATE="2025-10-01" STARTDATE="2025-10-01" ENDDATE="2079-06-06" ISACTUAL="1" ISACTIVE="1" /><HOUSE ID="129185504" OBJECTID="174975077" OBJECTGUID="76e9c476-966f-4389-835b-6005fa5af9c1" CHANGEID="689787105" HOUSENUM="5" HOUSETYPE="7" OPERTYPEID="10" PREVID="0" NEXTID="0" UPDATEDATE="2025-10-01" STARTDATE="2025-10-01" ENDDATE="2079-06-06" ISACTUAL="1" ISACTIVE="1" /><HOUSE ID="129187672" OBJECTID="174982554" OBJECTGUID="3007e1a2-2a44-48f3-bf47-9a7959bce6eb" CHANGEID="689801590" HOUSENUM="120/1" HOUSETYPE="2" OPERTYPEID="10" PREVID="0" NEXTID="0" UPDATEDATE="2025-10-01" STARTDATE="2025-10-01" ENDDATE="2079-06-06" ISACTUAL="1" ISACTIVE="1" /><HOUSE ID="129188285" OBJECTID="32849603" OBJECTGUID="cb33479b-e49a-4cca-8e68-c7a361b7f20a" CHANGEID="689804500" HOUSENUM="20" HOUSETYPE="2" OPERTYPEID="30" PREVID="65777404" NEXTID="0" UPDATEDATE="2025-10-01" STARTDATE="2025-10-01" ENDDATE="2079-06-06" ISACTUAL="1" ISACTIVE="0" /><HOUSE ID="129188314" OBJECTID="174983862" OBJECTGUID="0e69f4f3-db89-4c8e-b997-ebfb6522a196" CHANGEID="689804784" HOUSENUM="72/1" HOUSETYPE="2" OPERTYPEID="10" PREVID="0" NEXTID="0" UPDATEDATE="2025-10-01" STARTDATE="2025-10-01" ENDDATE="2079-06-06" ISACTUAL="1" ISACTIVE="1" /><HOUSE ID="129188345" OBJECTID="72849931" OBJECTGUID="5c06ace5-1b28-45bc-a336-27d4f754519b" CHANGEID="689805261" HOUSENUM="15" HOUSETYPE="2" OPERTYPEID="30" PREVID="57899314" NEXTID="0" UPDATEDATE="2025-10-01" STARTDATE="2025-10-01" ENDDATE="2079-06-06" ISACTUAL="1" ISACTIVE="0" /><HOUSE ID="129188473" OBJECTID="61286107" OBJECTGUID="b0ff9d28-73dc-4b55-9746-5d2899f6c3f0" CHANGEID="689806410" HOUSENUM="82" HOUSETYPE="2" OPERTYPEID="30" PREVID="63919826" NEXTID="0" UPDATEDATE="2025-10-01" STARTDATE="2025-10-01" ENDDATE="2079-06-06" ISACTUAL="1" ISACTIVE="0" /><HOUSE ID="63919826" OBJECTID="61286107" OBJECTGUID="b0ff9d28-73dc-4b55-9746-5d2899f6c3f0" CHANGEID="91524725" HOUSENUM="82" HOUSETYPE="2" OPERTYPEID="20" PREVID="36787677" NEXTID="129188473" UPDATEDATE="2025-10-01" STARTDATE="2017-01-01" ENDDATE="2025-10-01" ISACTUAL="0" ISACTIVE="0" /><HOUSE ID="129188472" OBJECTID="46557710" OBJECTGUID="67b283da-b2fc-4abc-adc1-94889d67f2b6" CHANGEID="689806407" HOUSENUM="38" HOUSETYPE="2" OPERTYPEID="30" PREVID="58727517" NEXTID="0" UPDATEDATE="2025-10-01" STARTDATE="2025-10-01" ENDDATE="2079-06-06" ISACTUAL="1" ISACTIVE="0" /><HOUSE ID="129188474" OBJECTID="174984626" OBJECTGUID="952bd05b-c1e9-4779-a0bc-a0f4b91df9de" CHANGEID="689806413" HOUSENUM="39" HOUSETYPE="7" OPERTYPEID="10" PREVID="0" NEXTID="0" UPDATEDATE="2025-10-01" STARTDATE="2025-10-01" ENDDATE="2079-06-06" ISACTUAL="1" ISACTIVE="1" /><HOUSE ID="129189029" OBJECTID="174986177" OBJECTGUID="9f5b2d1b-ee06-4512-ba3b-bd814dc219d4" CHANGEID="689809854" HOUSENUM="20/101" HOUSETYPE="7" OPERTYPEID="10" PREVID="0" NEXTID="0" UPDATEDATE="2025-10-01" STARTDATE="2025-10-01" ENDDATE="2079-06-06" ISACTUAL="1" ISACTIVE="1" /><HOUSE ID="129189045" OBJECTID="67485050" OBJECTGUID="0a8db0eb-a653-495f-90de-9aa34cd6c917" CHANGEID="689809907" HOUSENUM="3/2" HOUSETYPE="2" OPERTYPEID="20" PREVID="52129943" UPDATEDATE="2025-10-01" STARTDATE="2025-10-01" ENDDATE="2079-06-06" ISACTUAL="1" ISACTIVE="1" /><HOUSE ID="129189060" OBJECTID="174986284" OBJECTGUID="4b6c5dfa-affa-4c27-b0d2-ec56cdbf9680" CHANGEID="689810008" HOUSENUM="20/102" HOUSETYPE="7" OPERTYPEID="10" PREVID="0" NEXTID="0" UPDATEDATE="2025-10-01" STARTDATE="2025-10-01" ENDDATE="2079-06-06" ISACTUAL="1" ISACTIVE="1" /><HOUSE ID="129189075" OBJECTID="174986308" OBJECTGUID="d0bf73f5-bf83-4038-9983-56dfc8026994" CHANGEID="689810048" HOUSENUM="20/111" HOUSETYPE="7" OPERTYPEID="10" PREVID="0" NEXTID="0" UPDATEDATE="2025-10-01" STARTDATE="2025-10-01" ENDDATE="2079-06-06" ISACTUAL="1" ISACTIVE="1" /><HOUSE ID="129189076" OBJECTID="174986309" OBJECTGUID="04ae11e5-61e7-434e-8796-8fc8dcc17f24" CHANGEID="689810049" HOUSENUM="20/110" HOUSETYPE="7" OPERTYPEID="10" PREVID="0" NEXTID="0" UPDATEDATE="2025-10-01" STARTDATE="2025-10-01" ENDDATE="2079-06-06" ISACTUAL="1" ISACTIVE="1" /><HOUSE ID="129189077" OBJECTID="174986310" OBJECTGUID="40cd5435-38f5-4285-ba9a-8876b6452196" CHANGEID="689810050" HOUSENUM="20/104" HOUSETYPE="7" OPERTYPEID="10" PREVID="0" NEXTID="0" UPDATEDATE="2025-10-01" STARTDATE="2025-10-01" ENDDATE="2079-06-06" ISACTUAL="1" ISACTIVE="1" /><HOUSE ID="129189095" OBJECTID="174986345" OBJECTGUID="b12dc697-3ce8-4df7-aa88-670609ab3441" CHANGEID="689810095" HOUSENUM="20/114" HOUSETYPE="7" OPERTYPEID="10" PREVID="0" NEXTID="0" UPDATEDATE="2025-10-01" STARTDATE="2025-10-01" ENDDATE="2079-06-06" ISACTUAL="1" ISACTIVE="1" /><HOUSE ID="129189096" OBJECTID="174986346" OBJECTGUID="10400e1c-4e72-4849-ac02-3ba229d6b483" CHANGEID="689810096" HOUSENUM="20/115" HOUSETYPE="7" OPERTYPEID="10" PREVID="0" NEXTID="0" UPDATEDATE="2025-10-01" STARTDATE="2025-10-01" ENDDATE="2079-06-06" ISACTUAL="1" ISACTIVE="1" /><HOUSE ID="129189480" OBJECTID="174987722" OBJECTGUID="741e0c5f-c5a6-40fe-be86-efafab796c03" CHANGEID="689812004" HOUSENUM="20/127а" HOUSETYPE="7" OPERTYPEID="10" PREVID="0" NEXTID="0" UPDATEDATE="2025-10-01" STARTDATE="2025-10-01" ENDDATE="2079-06-06" ISACTUAL="1" ISACTIVE="1" /><HOUSE ID="129189481" OBJECTID="174987723" OBJECTGUID="037bb94d-ef99-4e7d-b4da-27b7e13923f3" CHANGEID="689812005" HOUSENUM="20/123" HOUSETYPE="7" OPERTYPEID="10" PREVID="0" NEXTID="0" UPDATEDATE="2025-10-01" STARTDATE="2025-10-01" ENDDATE="2079-06-06" ISACTUAL="1" ISACTIVE="1" /><HOUSE ID="129189462" OBJECTID="174987470" OBJECTGUID="3d49f630-8bb1-4cf7-9630-947f267b6c7a" CHANGEID="689811723" HOUSENUM="20/122" HOUSETYPE="7" OPERTYPEID="10" PREVID="0" NEXTID="0" UPDATEDATE="2025-10-01" STARTDATE="2025-10-01" ENDDATE="2079-06-06" ISACTUAL="1" ISACTIVE="1" /><HOUSE ID="129189497" OBJECTID="174987941" OBJECTGUID="0de00c5e-8193-437b-850f-9ce98c193414" CHANGEID="689812252" HOUSENUM="20/201" HOUSETYPE="7" OPERTYPEID="10" PREVID="0" NEXTID="0" UPDATEDATE="2025-10-01" STARTDATE="2025-10-01" ENDDATE="2079-06-06" ISACTUAL="1" ISACTIVE="1" /><HOUSE ID="129189498" OBJECTID="174987942" OBJECTGUID="2c9ae95c-f849-42b0-9a7e-3df12a200438" CHANGEID="689812253" HOUSENUM="20/210" HOUSETYPE="7" OPERTYPEID="10" PREVID="0" NEXTID="0" UPDATEDATE="2025-10-01" STARTDATE="2025-10-01" ENDDATE="2079-06-06" ISACTUAL="1" ISACTIVE="1" /><HOUSE ID="129189499" OBJECTID="174987943" OBJECTGUID="24532831-4343-41a9-a51f-92aae7fd9bb9" CHANGEID="689812254" HOUSENUM="20/220" HOUSETYPE="7" OPERTYPEID="10" PREVID="0" NEXTID="0" UPDATEDATE="2025-10-01" STARTDATE="2025-10-01" ENDDATE="2079-06-06" ISACTUAL="1" ISACTIVE="1" /><HOUSE ID="129189500" OBJECTID="174987944" OBJECTGUID="91a97d07-4f5d-42b4-866e-05e276e0574a" CHANGEID="689812255" HOUSENUM="20/203" HOUSETYPE="7" OPERTYPEID="10" PREVID="0" NEXTID="0" UPDATEDATE="2025-10-01" STARTDATE="2025-10-01" ENDDATE="2079-06-06" ISACTUAL="1" ISACTIVE="1" /><HOUSE ID="129189501" OBJECTID="174987945" OBJECTGUID="356c4d77-e55e-4789-9634-c32dcf605ed9" CHANGEID="689812256" HOUSENUM="20/209" HOUSETYPE="7" OPERTYPEID="10" PREVID="0" NEXTID="0" UPDATEDATE="2025-10-01" STARTDATE="2025-10-01" ENDDATE="2079-06-06" ISACTUAL="1" ISACTIVE="1" /><HOUSE ID="129189830" OBJECTID="62322261" OBJECTGUID="99b8e260-5b14-4d47-892a-8f9ad717433a" CHANGEID="689813950" HOUSENUM="27" HOUSETYPE="2" OPERTYPEID="30" PREVID="62272399" NEXTID="0" UPDATEDATE="2025-10-01" STARTDATE="2025-10-01" ENDDATE="2079-06-06" ISACTUAL="1" ISACTIVE="0" /><HOUSE ID="129189824" OBJECTID="29876973" OBJECTGUID="6aca3f1f-6295-4ff5-91a5-344d2d5b3456" CHANGEID="689813931" HOUSENUM="25" HOUSETYPE="2" OPERTYPEID="30" PREVID="58945783" NEXTID="0" UPDATEDATE="2025-10-01" STARTDATE="2025-10-01" ENDDATE="2079-06-06" ISACTUAL="1" ISACTIVE="0" /><HOUSE ID="58945783" OBJECTID="29876973" OBJECTGUID="6aca3f1f-6295-4ff5-91a5-344d2d5b3456" CHANGEID="45792096" HOUSENUM="25" HOUSETYPE="2" OPERTYPEID="20" PREVID="17697905" NEXTID="129189824" UPDATEDATE="2025-10-01" STARTDATE="2014-01-04" ENDDATE="2025-10-01" ISACTUAL="0" ISACTIVE="0" /><HOUSE ID="129189828" OBJECTID="62347647" OBJECTGUID="f7bb0467-3d5a-4209-810f-bb8eda2558a5" CHANGEID="689813941" HOUSENUM="40" HOUSETYPE="2" OPERTYPEID="30" PREVID="68927759" NEXTID="0" UPDATEDATE="2025-10-01" STARTDATE="2025-10-01" ENDDATE="2079-06-06" ISACTUAL="1" ISACTIVE="0" /><HOUSE ID="68927759" OBJECTID="62347647" OBJECTGUID="f7bb0467-3d5a-4209-810f-bb8eda2558a5" CHANGEID="93088433" HOUSENUM="40" HOUSETYPE="2" OPERTYPEID="20" PREVID="37470469" NEXTID="129189828" UPDATEDATE="2025-10-01" STARTDATE="2015-11-07" ENDDATE="2025-10-01" ISACTUAL="0" ISACTIVE="0" /><HOUSE ID="129189836" OBJECTID="62347046" OBJECTGUID="d4f02ae4-b410-4a0a-8544-baeab4eb1daa" CHANGEID="689813961" HOUSENUM="32" HOUSETYPE="2" OPERTYPEID="30" PREVID="66465736" NEXTID="0" UPDATEDATE="2025-10-01" STARTDATE="2025-10-01" ENDDATE="2079-06-06" ISACTUAL="1" ISACTIVE="0" /><HOUSE ID="129189979" OBJECTID="174989438" OBJECTGUID="1b5e32d6-a615-495d-9b22-a6e83cc50631" CHANGEID="689814753" HOUSENUM="20/318" HOUSETYPE="7" OPERTYPEID="10" PREVID="0" NEXTID="0" UPDATEDATE="2025-10-01" STARTDATE="2025-10-01" ENDDATE="2079-06-06" ISACTUAL="1" ISACTIVE="1" /><HOUSE ID="129189980" OBJECTID="174989439" OBJECTGUID="0c65699f-25fd-4c36-9f22-bc9a7f980dbc" CHANGEID="689814754" HOUSENUM="20/319" HOUSETYPE="7" OPERTYPEID="10" PREVID="0" NEXTID="0" UPDATEDATE="2025-10-01" STARTDATE="2025-10-01" ENDDATE="2079-06-06" ISACTUAL="1" ISACTIVE="1" /><HOUSE ID="129189981" OBJECTID="174989440" OBJECTGUID="6395fb06-5ebe-43ad-b3ab-b518d8525a21" CHANGEID="689814755" HOUSENUM="20/321" HOUSETYPE="7" OPERTYPEID="10" PREVID="0" NEXTID="0" UPDATEDATE="2025-10-01" STARTDATE="2025-10-01" ENDDATE="2079-06-06" ISACTUAL="1" ISACTIVE="1" /><HOUSE ID="129189982" OBJECTID="174989441" OBJECTGUID="3036772d-73ba-4382-bb86-feee2e63f930" CHANGEID="689814756" HOUSENUM="20/322" HOUSETYPE="7" OPERTYPEID="10" PREVID="0" NEXTID="0" UPDATEDATE="2025-10-01" STARTDATE="2025-10-01" ENDDATE="2079-06-06" ISACTUAL="1" ISACTIVE="1" /><HOUSE ID="129189983" OBJECTID="174989442" OBJECTGUID="fb7cf612-87a5-48ff-aa22-4ecd9499a2f3" CHANGEID="689814757" HOUSENUM="20/325" HOUSETYPE="7" OPERTYPEID="10" PREVID="0" NEXTID="0" UPDATEDATE="2025-10-01" STARTDATE="2025-10-01" ENDDATE="2079-06-06" ISACTUAL="1" ISACTIVE="1" /><HOUSE ID="129189984" OBJECTID="174989443" OBJECTGUID="6777affc-4d0a-47b3-b868-c6c3ee31cd22" CHANGEID="689814758" HOUSENUM="20/326" HOUSETYPE="7" OPERTYPEID="10" PREVID="0" NEXTID="0" UPDATEDATE="2025-10-01" STARTDATE="2025-10-01" ENDDATE="2079-06-06" ISACTUAL="1" ISACTIVE="1" /><HOUSE ID="129189985" OBJECTID="174989444" OBJECTGUID="97bb08ed-a1da-465d-9a65-b65ed76b0815" CHANGEID="689814759" HOUSENUM="20/337" HOUSETYPE="7" OPERTYPEID="10" PREVID="0" NEXTID="0" UPDATEDATE="2025-10-01" STARTDATE="2025-10-01" ENDDATE="2079-06-06" ISACTUAL="1" ISACTIVE="1" /><HOUSE ID="129189986" OBJECTID="174989445" OBJECTGUID="2b6cf392-b7dd-4171-a827-94fa7a1f6aa9" CHANGEID="689814760" HOUSENUM="20/237" HOUSETYPE="7" OPERTYPEID="10" PREVID="0" NEXTID="0" UPDATEDATE="2025-10-01" STARTDATE="2025-10-01" ENDDATE="2079-06-06" ISACTUAL="1" ISACTIVE="1" /><HOUSE ID="129189987" OBJECTID="174989446" OBJECTGUID="93740abe-5fb2-45db-af6c-65355723aa2b" CHANGEID="689814761" HOUSENUM="20/232" HOUSETYPE="7" OPERTYPEID="10" PREVID="0" NEXTID="0" UPDATEDATE="2025-10-01" STARTDATE="2025-10-01" ENDDATE="2079-06-06" ISACTUAL="1" ISACTIVE="1" /><HOUSE ID="129189988" OBJECTID="174989447" OBJECTGUID="ecd7d8de-f698-4009-95da-7919eb43047d" CHANGEID="689814762" HOUSENUM="20/230" HOUSETYPE="7" OPERTYPEID="10" PREVID="0" NEXTID="0" UPDATEDATE="2025-10-01" STARTDATE="2025-10-01" ENDDATE="2079-06-06" ISACTUAL="1" ISACTIVE="1" /><HOUSE ID="129189989" OBJECTID="174989448" OBJECTGUID="f60a79ff-a8a5-4543-ba81-24dbea67cfab" CHANGEID="689814763" HOUSENUM="20/229" HOUSETYPE="7" OPERTYPEID="10" PREVID="0" NEXTID="0" UPDATEDATE="2025-10-01" STARTDATE="2025-10-01" ENDDATE="2079-06-06" ISACTUAL="1" ISACTIVE="1" /><HOUSE ID="129189990" OBJECTID="174989449" OBJECTGUID="6cbc9e66-5b53-4029-8adc-bb42f20b7691" CHANGEID="689814764" HOUSENUM="20/225" HOUSETYPE="7" OPERTYPEID="10" PREVID="0" NEXTID="0" UPDATEDATE="2025-10-01" STARTDATE="2025-10-01" ENDDATE="2079-06-06" ISACTUAL="1" ISACTIVE="1" /><HOUSE ID="129189991" OBJECTID="174989450" OBJECTGUID="6c4cf88e-b1bc-46fd-bfc5-bd07fbc6b19a" CHANGEID="689814765" HOUSENUM="20/223" HOUSETYPE="7" OPERTYPEID="10" PREVID="0" NEXTID="0" UPDATEDATE="2025-10-01" STARTDATE="2025-10-01" ENDDATE="2079-06-06" ISACTUAL="1" ISACTIVE="1" /><HOUSE ID="129189992" OBJECTID="174989451" OBJECTGUID="abd0cda7-8b9c-4d94-937f-9aac413c76cc" CHANGEID="689814766" HOUSENUM="20/222" HOUSETYPE="7" OPERTYPEID="10" PREVID="0" NEXTID="0" UPDATEDATE="2025-10-01" STARTDATE="2025-10-01" ENDDATE="2079-06-06" ISACTUAL="1" ISACTIVE="1" /><HOUSE ID="129190077" OBJECTID="174989718" OBJECTGUID="909f3991-2857-4105-aa20-9083dc252ecd" CHANGEID="689815621" HOUSENUM="20/424" HOUSETYPE="7" OPERTYPEID="10" PREVID="0" NEXTID="0" UPDATEDATE="2025-10-01" STARTDATE="2025-10-01" ENDDATE="2079-06-06" ISACTUAL="1" ISACTIVE="1" /><HOUSE ID="129190078" OBJECTID="174989719" OBJECTGUID="c2454eeb-04d9-4c61-a319-4bca40701a50" CHANGEID="689815622" HOUSENUM="20/425" HOUSETYPE="7" OPERTYPEID="10" PREVID="0" NEXTID="0" UPDATEDATE="2025-10-01" STARTDATE="2025-10-01" ENDDATE="2079-06-06" ISACTUAL="1" ISACTIVE="1" /><HOUSE ID="129190079" OBJECTID="174989720" OBJECTGUID="e83f2c85-9678-4f2a-a967-7b653abb44ee" CHANGEID="689815623" HOUSENUM="20/426" HOUSETYPE="7" OPERTYPEID="10" PREVID="0" NEXTID="0" UPDATEDATE="2025-10-01" STARTDATE="2025-10-01" ENDDATE="2079-06-06" ISACTUAL="1" ISACTIVE="1" /><HOUSE ID="129190080" OBJECTID="174989721" OBJECTGUID="9d2d1d35-c732-4cf9-938c-d26c7642948f" CHANGEID="689815624" HOUSENUM="20/427" HOUSETYPE="7" OPERTYPEID="10" PREVID="0" NEXTID="0" UPDATEDATE="2025-10-01" STARTDATE="2025-10-01" ENDDATE="2079-06-06" ISACTUAL="1" ISACTIVE="1" /><HOUSE ID="129190081" OBJECTID="174989722" OBJECTGUID="ae2623d8-00f4-482e-bfe9-1cff67dc5ab9" CHANGEID="689815625" HOUSENUM="20/429" HOUSETYPE="7" OPERTYPEID="10" PREVID="0" NEXTID="0" UPDATEDATE="2025-10-01" STARTDATE="2025-10-01" ENDDATE="2079-06-06" ISACTUAL="1" ISACTIVE="1" /><HOUSE ID="129190082" OBJECTID="174989723" OBJECTGUID="116f6961-752a-4752-aa66-997b46cc8e63" CHANGEID="689815626" HOUSENUM="20/431" HOUSETYPE="7" OPERTYPEID="10" PREVID="0" NEXTID="0" UPDATEDATE="2025-10-01" STARTDATE="2025-10-01" ENDDATE="2079-06-06" ISACTUAL="1" ISACTIVE="1" /><HOUSE ID="129190083" OBJECTID="174989724" OBJECTGUID="eab8328e-4a0d-4742-b4af-c108f49eee1a" CHANGEID="689815627" HOUSENUM="20/432" HOUSETYPE="7" OPERTYPEID="10" PREVID="0" NEXTID="0" UPDATEDATE="2025-10-01" STARTDATE="2025-10-01" ENDDATE="2079-06-06" ISACTUAL="1" ISACTIVE="1" /><HOUSE ID="129190084" OBJECTID="174989725" OBJECTGUID="fc1fb614-7dc3-46b6-ac26-244a96dd6cc6" CHANGEID="689815628" HOUSENUM="20/306" HOUSETYPE="7" OPERTYPEID="10" PREVID="0" NEXTID="0" UPDATEDATE="2025-10-01" STARTDATE="2025-10-01" ENDDATE="2079-06-06" ISACTUAL="1" ISACTIVE="1" /><HOUSE ID="129190085" OBJECTID="174989726" OBJECTGUID="dab6edd0-38d0-4665-8025-cb171d840bc7" CHANGEID="689815629" HOUSENUM="20/307" HOUSETYPE="7" OPERTYPEID="10" PREVID="0" NEXTID="0" UPDATEDATE="2025-10-01" STARTDATE="2025-10-01" ENDDATE="2079-06-06" ISACTUAL="1" ISACTIVE="1" /><HOUSE ID="129190086" OBJECTID="174989727" OBJECTGUID="4c57c711-9309-407c-ade8-de72262a18c1" CHANGEID="689815630" HOUSENUM="20/311" HOUSETYPE="7" OPERTYPEID="10" PREVID="0" NEXTID="0" UPDATEDATE="2025-10-01" STARTDATE="2025-10-01" ENDDATE="2079-06-06" ISACTUAL="1" ISACTIVE="1" /><HOUSE ID="129190087" OBJECTID="174989728" OBJECTGUID="6af3bf06-d908-4ede-b81b-edaef134570e" CHANGEID="689815631" HOUSENUM="20/312" HOUSETYPE="7" OPERTYPEID="10" PREVID="0" NEXTID="0" UPDATEDATE="2025-10-01" STARTDATE="2025-10-01" ENDDATE="2079-06-06" ISACTUAL="1" ISACTIVE="1" /><HOUSE ID="129190088" OBJECTID="174989729" OBJECTGUID="9b5bce4c-c7de-4579-b695-2dad6d4eb336" CHANGEID="689815632" HOUSENUM="20/316" HOUSETYPE="7" OPERTYPEID="10" PREVID="0" NEXTID="0" UPDATEDATE="2025-10-01" STARTDATE="2025-10-01" ENDDATE="2079-06-06" ISACTUAL="1" ISACTIVE="1" /><HOUSE ID="129190152" OBJECTID="174989816" OBJECTGUID="90eabf96-c36a-4b4e-96de-a0c71dbb49e1" CHANGEID="689816065" HOUSENUM="20/412" HOUSETYPE="7" OPERTYPEID="10" PREVID="0" NEXTID="0" UPDATEDATE="2025-10-01" STARTDATE="2025-10-01" ENDDATE="2079-06-06" ISACTUAL="1" ISACTIVE="1" /><HOUSE ID="129190153" OBJECTID="174989817" OBJECTGUID="993d90e8-77b4-463d-87b6-20ebedefbe85" CHANGEID="689816066" HOUSENUM="20/414" HOUSETYPE="7" OPERTYPEID="10" PREVID="0" NEXTID="0" UPDATEDATE="2025-10-01" STARTDATE="2025-10-01" ENDDATE="2079-06-06" ISACTUAL="1" ISACTIVE="1" /><HOUSE ID="129190154" OBJECTID="174989818" OBJECTGUID="8f903891-a584-43c6-8384-39d83704bd6e" CHANGEID="689816067" HOUSENUM="20/413" HOUSETYPE="7" OPERTYPEID="10" PREVID="0" NEXTID="0" UPDATEDATE="2025-10-01" STARTDATE="2025-10-01" ENDDATE="2079-06-06" ISACTUAL="1" ISACTIVE="1" /><HOUSE ID="129190155" OBJECTID="174989819" OBJECTGUID="a3f878c2-253d-4a9e-a493-028553c6a342" CHANGEID="689816068" HOUSENUM="20/415" HOUSETYPE="7" OPERTYPEID="10" PREVID="0" NEXTID="0" UPDATEDATE="2025-10-01" STARTDATE="2025-10-01" ENDDATE="2079-06-06" ISACTUAL="1" ISACTIVE="1" /><HOUSE ID="129190156" OBJECTID="174989820" OBJECTGUID="fbda889a-fe08-46dd-bd7c-e42ffdb510e2" CHANGEID="689816069" HOUSENUM="20/416" HOUSETYPE="7" OPERTYPEID="10" PREVID="0" NEXTID="0" UPDATEDATE="2025-10-01" STARTDATE="2025-10-01" ENDDATE="2079-06-06" ISACTUAL="1" ISACTIVE="1" /><HOUSE ID="129190157" OBJECTID="174989821" OBJECTGUID="638c7cf6-aadb-4af2-b218-6cba2f0ec43a" CHANGEID="689816070" HOUSENUM="20/417" HOUSETYPE="7" OPERTYPEID="10" PREVID="0" NEXTID="0" UPDATEDATE="2025-10-01" STARTDATE="2025-10-01" ENDDATE="2079-06-06" ISACTUAL="1" ISACTIVE="1" /><HOUSE ID="129190158" OBJECTID="174989822" OBJECTGUID="258c6342-44ce-40ff-831e-356cf01f076e" CHANGEID="689816071" HOUSENUM="20/422" HOUSETYPE="7" OPERTYPEID="10" PREVID="0" NEXTID="0" UPDATEDATE="2025-10-01" STARTDATE="2025-10-01" ENDDATE="2079-06-06" ISACTUAL="1" ISACTIVE="1" /><HOUSE ID="129190167" OBJECTID="174989837" OBJECTGUID="30b7ca50-d22f-49a1-84b6-6e99f27aff18" CHANGEID="689816099" HOUSENUM="13а" HOUSETYPE="7" OPERTYPEID="10" PREVID="0" NEXTID="0" UPDATEDATE="2025-10-01" STARTDATE="2025-10-01" ENDDATE="2079-06-06" ISACTUAL="1" ISACTIVE="1" /><HOUSE ID="129190197" OBJECTID="174989892" OBJECTGUID="7676dc7c-f3c2-4d45-9db9-67f7a208dd26" CHANGEID="689816186" HOUSENUM="47/2" HOUSETYPE="2" OPERTYPEID="10" PREVID="0" NEXTID="0" UPDATEDATE="2025-10-01" STARTDATE="2025-10-01" ENDDATE="2079-06-06" ISACTUAL="1" ISACTIVE="1" /><HOUSE ID="129190332" OBJECTID="174990242" OBJECTGUID="95ed9040-e148-4eb9-9695-392bcd0452a5" CHANGEID="689816805" HOUSENUM="59/1" HOUSETYPE="2" OPERTYPEID="10" PREVID="0" NEXTID="0" UPDATEDATE="2025-10-01" STARTDATE="2025-10-01" ENDDATE="2079-06-06" ISACTUAL="1" ISACTIVE="1" /><HOUSE ID="129190333" OBJECTID="35797900" OBJECTGUID="43b48c94-1601-48dd-84a2-b1887bb8b2bb" CHANGEID="689816809" HOUSENUM="31" HOUSETYPE="2" OPERTYPEID="30" PREVID="56177144" NEXTID="0" UPDATEDATE="2025-10-01" STARTDATE="2025-10-01" ENDDATE="2079-06-06" ISACTUAL="1" ISACTIVE="0" /><HOUSE ID="129190334" OBJECTID="14332616" OBJECTGUID="3f91a250-2cc1-4772-bd31-5149c3f74d13" CHANGEID="689816811" HOUSENUM="42" HOUSETYPE="2" OPERTYPEID="30" PREVID="55884577" NEXTID="0" UPDATEDATE="2025-10-01" STARTDATE="2025-10-01" ENDDATE="2079-06-06" ISACTUAL="1" ISACTIVE="0" /><HOUSE ID="129190341" OBJECTID="56779988" OBJECTGUID="0a9a7931-c651-427c-9377-bd2fafcaa322" CHANGEID="689816821" HOUSENUM="80" HOUSETYPE="2" OPERTYPEID="30" PREVID="52133534" NEXTID="0" UPDATEDATE="2025-10-01" STARTDATE="2025-10-01" ENDDATE="2079-06-06" ISACTUAL="1" ISACTIVE="0" /><HOUSE ID="129190342" OBJECTID="22627648" OBJECTGUID="9ece4883-a1d5-4bc5-a385-c84895eea5eb" CHANGEID="689816828" HOUSENUM="61" HOUSETYPE="2" OPERTYPEID="30" PREVID="62633116" NEXTID="0" UPDATEDATE="2025-10-01" STARTDATE="2025-10-01" ENDDATE="2079-06-06" ISACTUAL="1" ISACTIVE="0" /><HOUSE ID="129190327" OBJECTID="73924861" OBJECTGUID="10f2bdd9-fe57-4815-940c-bd00c5e9f89a" CHANGEID="689816799" HOUSENUM="15" HOUSETYPE="2" OPERTYPEID="30" PREVID="52580775" NEXTID="0" UPDATEDATE="2025-10-01" STARTDATE="2025-10-01" ENDDATE="2079-06-06" ISACTUAL="1" ISACTIVE="0" /><HOUSE ID="129190331" OBJECTID="173504769" OBJECTGUID="78a6ea90-9d5e-46c1-bf55-86274cf08af3" CHANGEID="689816804" HOUSENUM="5А" HOUSETYPE="2" OPERTYPEID="30" PREVID="128730997" NEXTID="0" UPDATEDATE="2025-10-01" STARTDATE="2025-10-01" ENDDATE="2079-06-06" ISACTUAL="1" ISACTIVE="0" /><HOUSE ID="129190336" OBJECTID="14342026" OBJECTGUID="6fc35d63-d7d1-4682-9a11-930b7951332d" CHANGEID="689816814" HOUSENUM="11" HOUSETYPE="2" OPERTYPEID="30" PREVID="59297752" NEXTID="0" UPDATEDATE="2025-10-01" STARTDATE="2025-10-01" ENDDATE="2079-06-06" ISACTUAL="1" ISACTIVE="0" /><HOUSE ID="129190344" OBJECTID="84167108" OBJECTGUID="749c35ea-26f8-4080-870e-1f480334368e" CHANGEID="689816831" HOUSENUM="48" HOUSETYPE="2" OPERTYPEID="30" PREVID="59641104" NEXTID="0" UPDATEDATE="2025-10-01" STARTDATE="2025-10-01" ENDDATE="2079-06-06" ISACTUAL="1" ISACTIVE="0" /><HOUSE ID="129190349" OBJECTID="12562901" OBJECTGUID="aecf749f-25c6-43b9-8075-f49829473a63" CHANGEID="689816841" HOUSENUM="27" HOUSETYPE="2" OPERTYPEID="30" PREVID="63764913" NEXTID="0" UPDATEDATE="2025-10-01" STARTDATE="2025-10-01" ENDDATE="2079-06-06" ISACTUAL="1" ISACTIVE="0" /><HOUSE ID="129190363" OBJECTID="22403212" OBJECTGUID="981870a7-3c45-48cb-a002-e9bd987df864" CHANGEID="689816868" HOUSENUM="102" HOUSETYPE="2" OPERTYPEID="30" PREVID="62155740" NEXTID="0" UPDATEDATE="2025-10-01" STARTDATE="2025-10-01" ENDDATE="2079-06-06" ISACTUAL="1" ISACTIVE="0" /><HOUSE ID="129190375" OBJECTID="174990301" OBJECTGUID="8e66cf4b-7089-47d4-969b-a0f50050d6b4" CHANGEID="689816945" HOUSENUM="20/503" HOUSETYPE="7" OPERTYPEID="10" PREVID="0" NEXTID="0" UPDATEDATE="2025-10-01" STARTDATE="2025-10-01" ENDDATE="2079-06-06" ISACTUAL="1" ISACTIVE="1" /><HOUSE ID="129190376" OBJECTID="174990302" OBJECTGUID="3cb09754-9243-40d7-8049-114389e5b814" CHANGEID="689816946" HOUSENUM="20/501" HOUSETYPE="7" OPERTYPEID="10" PREVID="0" NEXTID="0" UPDATEDATE="2025-10-01" STARTDATE="2025-10-01" ENDDATE="2079-06-06" ISACTUAL="1" ISACTIVE="1" /><HOUSE ID="129190377" OBJECTID="174990303" OBJECTGUID="9eb831a1-872f-4437-9388-12338859a0ed" CHANGEID="689816947" HOUSENUM="20/401" HOUSETYPE="7" OPERTYPEID="10" PREVID="0" NEXTID="0" UPDATEDATE="2025-10-01" STARTDATE="2025-10-01" ENDDATE="2079-06-06" ISACTUAL="1" ISACTIVE="1" /><HOUSE ID="129190378" OBJECTID="174990304" OBJECTGUID="79a875b2-663a-471b-9a65-3a1cd6a28b97" CHANGEID="689816948" HOUSENUM="20/403" HOUSETYPE="7" OPERTYPEID="10" PREVID="0" NEXTID="0" UPDATEDATE="2025-10-01" STARTDATE="2025-10-01" ENDDATE="2079-06-06" ISACTUAL="1" ISACTIVE="1" /><HOUSE ID="129190379" OBJECTID="174990305" OBJECTGUID="231c2461-6ef0-469f-9784-27308557da1e" CHANGEID="689816949" HOUSENUM="20/404" HOUSETYPE="7" OPERTYPEID="10" PREVID="0" NEXTID="0" UPDATEDATE="2025-10-01" STARTDATE="2025-10-01" ENDDATE="2079-06-06" ISACTUAL="1" ISACTIVE="1" /><HOUSE ID="129190380" OBJECTID="174990306" OBJECTGUID="f18e91d7-d6ad-4136-80bc-8ec3b12ec58c" CHANGEID="689816950" HOUSENUM="20/407" HOUSETYPE="7" OPERTYPEID="10" PREVID="0" NEXTID="0" UPDATEDATE="2025-10-01" STARTDATE="2025-10-01" ENDDATE="2079-06-06" ISACTUAL="1" ISACTIVE="1" /><HOUSE ID="129190381" OBJECTID="174990307" OBJECTGUID="f91cd2a6-6a62-475b-96c0-de6497e17d41" CHANGEID="689816951" HOUSENUM="20/409" HOUSETYPE="7" OPERTYPEID="10" PREVID="0" NEXTID="0" UPDATEDATE="2025-10-01" STARTDATE="2025-10-01" ENDDATE="2079-06-06" ISACTUAL="1" ISACTIVE="1" /><HOUSE ID="129190382" OBJECTID="174990308" OBJECTGUID="8257f7be-0f36-48ee-8b02-151f8905d72c" CHANGEID="689816952" HOUSENUM="20/411" HOUSETYPE="7" OPERTYPEID="10" PREVID="0" NEXTID="0" UPDATEDATE="2025-10-01" STARTDATE="2025-10-01" ENDDATE="2079-06-06" ISACTUAL="1" ISACTIVE="1" /><HOUSE ID="129190543" OBJECTID="174990708" OBJECTGUID="601ca5cb-0ce0-45fb-8f4a-551096f131bb" CHANGEID="689817651" HOUSENUM="20/531" HOUSETYPE="7" OPERTYPEID="10" PREVID="0" NEXTID="0" UPDATEDATE="2025-10-01" STARTDATE="2025-10-01" ENDDATE="2079-06-06" ISACTUAL="1" ISACTIVE="1" /><HOUSE ID="129190544" OBJECTID="174990709" OBJECTGUID="6cf5e5b6-b0ca-4cd2-96b1-c465b7b3dd6d" CHANGEID="689817652" HOUSENUM="20/529" HOUSETYPE="7" OPERTYPEID="10" PREVID="0" NEXTID="0" UPDATEDATE="2025-10-01" STARTDATE="2025-10-01" ENDDATE="2079-06-06" ISACTUAL="1" ISACTIVE="1" /><HOUSE ID="129190545" OBJECTID="174990710" OBJECTGUID="19c88019-5f74-4225-9720-600ce82cc18c" CHANGEID="689817653" HOUSENUM="20/527" HOUSETYPE="7" OPERTYPEID="10" PREVID="0" NEXTID="0" UPDATEDATE="2025-10-01" STARTDATE="2025-10-01" ENDDATE="2079-06-06" ISACTUAL="1" ISACTIVE="1" /><HOUSE ID="129190546" OBJECTID="174990711" OBJECTGUID="ea9947b4-ae85-446a-ae5c-03998313e8c7" CHANGEID="689817654" HOUSENUM="20/525" HOUSETYPE="7" OPERTYPEID="10" PREVID="0" NEXTID="0" UPDATEDATE="2025-10-01" STARTDATE="2025-10-01" ENDDATE="2079-06-06" ISACTUAL="1" ISACTIVE="1" /><HOUSE ID="129190547" OBJECTID="174990712" OBJECTGUID="2b37ed04-c8bf-4398-b656-ad7541c0e732" CHANGEID="689817655" HOUSENUM="20/524" HOUSETYPE="7" OPERTYPEID="10" PREVID="0" NEXTID="0" UPDATEDATE="2025-10-01" STARTDATE="2025-10-01" ENDDATE="2079-06-06" ISACTUAL="1" ISACTIVE="1" /><HOUSE ID="129190548" OBJECTID="174990713" OBJECTGUID="54b9a0db-40c8-4f71-9410-f5c9cffa4db3" CHANGEID="689817656" HOUSENUM="20/523" HOUSETYPE="7" OPERTYPEID="10" PREVID="0" NEXTID="0" UPDATEDATE="2025-10-01" STARTDATE="2025-10-01" ENDDATE="2079-06-06" ISACTUAL="1" ISACTIVE="1" /><HOUSE ID="129190549" OBJECTID="174990714" OBJECTGUID="6f8c4697-b422-4f3e-b3d1-1b046fd227d3" CHANGEID="689817657" HOUSENUM="20/516" HOUSETYPE="7" OPERTYPEID="10" PREVID="0" NEXTID="0" UPDATEDATE="2025-10-01" STARTDATE="2025-10-01" ENDDATE="2079-06-06" ISACTUAL="1" ISACTIVE="1" /><HOUSE ID="129190550" OBJECTID="174990715" OBJECTGUID="59a3a895-c726-41b3-bd74-67402887d2c8" CHANGEID="689817658" HOUSENUM="20/515" HOUSETYPE="7" OPERTYPEID="10" PREVID="0" NEXTID="0" UPDATEDATE="2025-10-01" STARTDATE="2025-10-01" ENDDATE="2079-06-06" ISACTUAL="1" ISACTIVE="1" /><HOUSE ID="129190551" OBJECTID="174990716" OBJECTGUID="eccf40c3-1faf-4611-8bbe-3bfb49e780cc" CHANGEID="689817659" HOUSENUM="20/513" HOUSETYPE="7" OPERTYPEID="10" PREVID="0" NEXTID="0" UPDATEDATE="2025-10-01" STARTDATE="2025-10-01" ENDDATE="2079-06-06" ISACTUAL="1" ISACTIVE="1" /><HOUSE ID="129190552" OBJECTID="174990717" OBJECTGUID="26c6c0bc-3005-44ea-97e7-b4f49e95dc66" CHANGEID="689817660" HOUSENUM="20/511" HOUSETYPE="7" OPERTYPEID="10" PREVID="0" NEXTID="0" UPDATEDATE="2025-10-01" STARTDATE="2025-10-01" ENDDATE="2079-06-06" ISACTUAL="1" ISACTIVE="1" /><HOUSE ID="129190553" OBJECTID="174990718" OBJECTGUID="09305317-7237-4ed7-a148-44345538135d" CHANGEID="689817661" HOUSENUM="20/507" HOUSETYPE="7" OPERTYPEID="10" PREVID="0" NEXTID="0" UPDATEDATE="2025-10-01" STARTDATE="2025-10-01" ENDDATE="2079-06-06" ISACTUAL="1" ISACTIVE="1" /><HOUSE ID="129190554" OBJECTID="174990719" OBJECTGUID="d87da044-99a0-44a9-9e42-581c94038d27" CHANGEID="689817662" HOUSENUM="20/506" HOUSETYPE="7" OPERTYPEID="10" PREVID="0" NEXTID="0" UPDATEDATE="2025-10-01" STARTDATE="2025-10-01" ENDDATE="2079-06-06" ISACTUAL="1" ISACTIVE="1" /><HOUSE ID="129190555" OBJECTID="174990720" OBJECTGUID="6f03111d-344d-4d5c-b769-4e89f3553189" CHANGEID="689817663" HOUSENUM="20/505" HOUSETYPE="7" OPERTYPEID="10" PREVID="0" NEXTID="0" UPDATEDATE="2025-10-01" STARTDATE="2025-10-01" ENDDATE="2079-06-06" ISACTUAL="1" ISACTIVE="1" /><HOUSE ID="129190588" OBJECTID="174990775" OBJECTGUID="60c33f78-ef6e-480e-ba9f-0efd403af7f4" CHANGEID="689817785" HOUSENUM="1а" HOUSETYPE="2" OPERTYPEID="10" PREVID="0" NEXTID="0" UPDATEDATE="2025-10-01" STARTDATE="2025-10-01" ENDDATE="2079-06-06" ISACTUAL="1" ISACTIVE="1" /><HOUSE ID="129190591" OBJECTID="174990798" OBJECTGUID="af2d1994-ab63-48cc-8cce-e5f1ad74f001" CHANGEID="689817812" HOUSENUM="20/632" HOUSETYPE="7" OPERTYPEID="10" PREVID="0" NEXTID="0" UPDATEDATE="2025-10-01" STARTDATE="2025-10-01" ENDDATE="2079-06-06" ISACTUAL="1" ISACTIVE="1" /><HOUSE ID="129190592" OBJECTID="174990799" OBJECTGUID="4482bc17-cb59-4b2f-b23c-9c9a9ebb71f7" CHANGEID="689817813" HOUSENUM="20/535" HOUSETYPE="7" OPERTYPEID="10" PREVID="0" NEXTID="0" UPDATEDATE="2025-10-01" STARTDATE="2025-10-01" ENDDATE="2079-06-06" ISACTUAL="1" ISACTIVE="1" /><HOUSE ID="129190593" OBJECTID="174990800" OBJECTGUID="e1e7cecd-3889-45d4-bcc5-f07eeff7e7f0" CHANGEID="689817814" HOUSENUM="20/534" HOUSETYPE="7" OPERTYPEID="10" PREVID="0" NEXTID="0" UPDATEDATE="2025-10-01" STARTDATE="2025-10-01" ENDDATE="2079-06-06" ISACTUAL="1" ISACTIVE="1" /><HOUSE ID="129190594" OBJECTID="174990801" OBJECTGUID="41175b42-78e7-4521-b2c2-86f403528754" CHANGEID="689817815" HOUSENUM="20/533" HOUSETYPE="7" OPERTYPEID="10" PREVID="0" NEXTID="0" UPDATEDATE="2025-10-01" STARTDATE="2025-10-01" ENDDATE="2079-06-06" ISACTUAL="1" ISACTIVE="1" /><HOUSE ID="129190633" OBJECTID="174990914" OBJECTGUID="476f9d9c-a2f5-4056-9eb3-860348725ab7" CHANGEID="689817994" HOUSENUM="54" HOUSETYPE="2" OPERTYPEID="10" PREVID="0" NEXTID="0" UPDATEDATE="2025-10-01" STARTDATE="2025-10-01" ENDDATE="2079-06-06" ISACTUAL="1" ISACTIVE="1" /><HOUSE ID="129190653" OBJECTID="174991033" OBJECTGUID="a268ee3f-f45c-4bc3-bd16-0fb6aa697287" CHANGEID="689818136" HOUSENUM="20/620" HOUSETYPE="7" OPERTYPEID="10" PREVID="0" NEXTID="0" UPDATEDATE="2025-10-01" STARTDATE="2025-10-01" ENDDATE="2079-06-06" ISACTUAL="1" ISACTIVE="1" /><HOUSE ID="129190654" OBJECTID="174991034" OBJECTGUID="9cbdde77-a104-44f2-b137-16b5ae28cd19" CHANGEID="689818137" HOUSENUM="20/622" HOUSETYPE="7" OPERTYPEID="10" PREVID="0" NEXTID="0" UPDATEDATE="2025-10-01" STARTDATE="2025-10-01" ENDDATE="2079-06-06" ISACTUAL="1" ISACTIVE="1" /><HOUSE ID="129190655" OBJECTID="174991035" OBJECTGUID="ff79904a-3ffd-4ace-97c5-c6d28b4e9889" CHANGEID="689818138" HOUSENUM="20/629" HOUSETYPE="7" OPERTYPEID="10" PREVID="0" NEXTID="0" UPDATEDATE="2025-10-01" STARTDATE="2025-10-01" ENDDATE="2079-06-06" ISACTUAL="1" ISACTIVE="1" /><HOUSE ID="129190656" OBJECTID="174991036" OBJECTGUID="39348ece-19c4-42b0-a1cf-734737e18166" CHANGEID="689818139" HOUSENUM="20/630" HOUSETYPE="7" OPERTYPEID="10" PREVID="0" NEXTID="0" UPDATEDATE="2025-10-01" STARTDATE="2025-10-01" ENDDATE="2079-06-06" ISACTUAL="1" ISACTIVE="1" /><HOUSE ID="129190685" OBJECTID="174991087" OBJECTGUID="42696dc0-9e26-48e1-8aee-32d3f02a4c35" CHANGEID="689818226" HOUSENUM="20/701" HOUSETYPE="7" OPERTYPEID="10" PREVID="0" NEXTID="0" UPDATEDATE="2025-10-01" STARTDATE="2025-10-01" ENDDATE="2079-06-06" ISACTUAL="1" ISACTIVE="1" /><HOUSE ID="129190686" OBJECTID="174991088" OBJECTGUID="3b8e6c06-b491-45f9-9ce7-c87dbf359320" CHANGEID="689818227" HOUSENUM="20/602" HOUSETYPE="7" OPERTYPEID="10" PREVID="0" NEXTID="0" UPDATEDATE="2025-10-01" STARTDATE="2025-10-01" ENDDATE="2079-06-06" ISACTUAL="1" ISACTIVE="1" /><HOUSE ID="129190687" OBJECTID="174991089" OBJECTGUID="70c7943c-bb48-4a87-866b-42b1ffa8b3f0" CHANGEID="689818228" HOUSENUM="20/609" HOUSETYPE="7" OPERTYPEID="10" PREVID="0" NEXTID="0" UPDATEDATE="2025-10-01" STARTDATE="2025-10-01" ENDDATE="2079-06-06" ISACTUAL="1" ISACTIVE="1" /><HOUSE ID="129190688" OBJECTID="174991090" OBJECTGUID="84361b42-e98c-497d-bcee-fc8516f5a58c" CHANGEID="689818229" HOUSENUM="20/614" HOUSETYPE="7" OPERTYPEID="10" PREVID="0" NEXTID="0" UPDATEDATE="2025-10-01" STARTDATE="2025-10-01" ENDDATE="2079-06-06" ISACTUAL="1" ISACTIVE="1" /><HOUSE ID="129190689" OBJECTID="174991091" OBJECTGUID="44edae08-8bc0-451f-9d5a-9c1742b5e6e4" CHANGEID="689818230" HOUSENUM="20/616" HOUSETYPE="7" OPERTYPEID="10" PREVID="0" NEXTID="0" UPDATEDATE="2025-10-01" STARTDATE="2025-10-01" ENDDATE="2079-06-06" ISACTUAL="1" ISACTIVE="1" /><HOUSE ID="129190690" OBJECTID="174991092" OBJECTGUID="1c9e0feb-6d96-4c40-b62b-df4f59ebf668" CHANGEID="689818231" HOUSENUM="20/617" HOUSETYPE="7" OPERTYPEID="10" PREVID="0" NEXTID="0" UPDATEDATE="2025-10-01" STARTDATE="2025-10-01" ENDDATE="2079-06-06" ISACTUAL="1" ISACTIVE="1" /><HOUSE ID="129190968" OBJECTID="174991455" OBJECTGUID="c3bde210-def6-4c58-acd4-ac897123731d" CHANGEID="689819091" HOUSENUM="54а" HOUSETYPE="2" OPERTYPEID="10" PREVID="0" NEXTID="0" UPDATEDATE="2025-10-01" STARTDATE="2025-10-01" ENDDATE="2079-06-06" ISACTUAL="1" ISACTIVE="1" /><HOUSE ID="129190988" OBJECTID="174991568" OBJECTGUID="1e680005-3102-495d-885d-6ef02b9e6ef2" CHANGEID="689819252" HOUSENUM="20/709" HOUSETYPE="7" OPERTYPEID="10" PREVID="0" NEXTID="0" UPDATEDATE="2025-10-01" STARTDATE="2025-10-01" ENDDATE="2079-06-06" ISACTUAL="1" ISACTIVE="1" /><HOUSE ID="129190989" OBJECTID="174991569" OBJECTGUID="dff30a94-5fa1-47f9-800e-a1d81e57da5c" CHANGEID="689819253" HOUSENUM="20/708" HOUSETYPE="7" OPERTYPEID="10" PREVID="0" NEXTID="0" UPDATEDATE="2025-10-01" STARTDATE="2025-10-01" ENDDATE="2079-06-06" ISACTUAL="1" ISACTIVE="1" /><HOUSE ID="129190990" OBJECTID="174991570" OBJECTGUID="99b5358e-0a2c-4b88-baa7-be8d827526c2" CHANGEID="689819254" HOUSENUM="20/704" HOUSETYPE="7" OPERTYPEID="10" PREVID="0" NEXTID="0" UPDATEDATE="2025-10-01" STARTDATE="2025-10-01" ENDDATE="2079-06-06" ISACTUAL="1" ISACTIVE="1" /><HOUSE ID="129190991" OBJECTID="174991571" OBJECTGUID="8496dfd5-4e3b-47f2-af25-f243f9b13b50" CHANGEID="689819255" HOUSENUM="20/703" HOUSETYPE="7" OPERTYPEID="10" PREVID="0" NEXTID="0" UPDATEDATE="2025-10-01" STARTDATE="2025-10-01" ENDDATE="2079-06-06" ISACTUAL="1" ISACTIVE="1" /><HOUSE ID="129190992" OBJECTID="174991572" OBJECTGUID="444d44e3-9121-43e7-8be3-68969372a984" CHANGEID="689819256" HOUSENUM="20/710" HOUSETYPE="7" OPERTYPEID="10" PREVID="0" NEXTID="0" UPDATEDATE="2025-10-01" STARTDATE="2025-10-01" ENDDATE="2079-06-06" ISACTUAL="1" ISACTIVE="1" /><HOUSE ID="129191178" OBJECTID="174992090" OBJECTGUID="635b9cb1-cab8-4e10-93df-45215f240d6a" CHANGEID="689820108" HOUSENUM="20/801" HOUSETYPE="7" OPERTYPEID="10" PREVID="0" NEXTID="0" UPDATEDATE="2025-10-01" STARTDATE="2025-10-01" ENDDATE="2079-06-06" ISACTUAL="1" ISACTIVE="1" /><HOUSE ID="129191179" OBJECTID="174992091" OBJECTGUID="2a154946-698a-4d80-be63-bab3f46517ae" CHANGEID="689820109" HOUSENUM="20/903" HOUSETYPE="7" OPERTYPEID="10" PREVID="0" NEXTID="0" UPDATEDATE="2025-10-01" STARTDATE="2025-10-01" ENDDATE="2079-06-06" ISACTUAL="1" ISACTIVE="1" /><HOUSE ID="129191180" OBJECTID="174992092" OBJECTGUID="3671f514-fe5c-4850-9186-8fc5f41014e7" CHANGEID="689820110" HOUSENUM="20/804" HOUSETYPE="7" OPERTYPEID="10" PREVID="0" NEXTID="0" UPDATEDATE="2025-10-01" STARTDATE="2025-10-01" ENDDATE="2079-06-06" ISACTUAL="1" ISACTIVE="1" /><HOUSE ID="129191181" OBJECTID="174992093" OBJECTGUID="8d55870e-b08e-4113-8d5e-a1f034546e64" CHANGEID="689820111" HOUSENUM="20/806" HOUSETYPE="7" OPERTYPEID="10" PREVID="0" NEXTID="0" UPDATEDATE="2025-10-01" STARTDATE="2025-10-01" ENDDATE="2079-06-06" ISACTUAL="1" ISACTIVE="1" /><HOUSE ID="129191191" OBJECTID="174992121" OBJECTGUID="69869394-f2a6-45e3-9259-d821b57f1e92" CHANGEID="689820144" HOUSENUM="61д" HOUSETYPE="2" OPERTYPEID="10" PREVID="0" NEXTID="0" UPDATEDATE="2025-10-01" STARTDATE="2025-10-01" ENDDATE="2079-06-06" ISACTUAL="1" ISACTIVE="1" /><HOUSE ID="129191157" OBJECTID="174992017" OBJECTGUID="0f029c71-509f-47be-9b2e-4dbea634a19d" CHANGEID="689820017" HOUSENUM="20/807" HOUSETYPE="7" OPERTYPEID="10" PREVID="0" NEXTID="0" UPDATEDATE="2025-10-01" STARTDATE="2025-10-01" ENDDATE="2079-06-06" ISACTUAL="1" ISACTIVE="1" /><HOUSE ID="129191158" OBJECTID="174992018" OBJECTGUID="9f8b8b60-b560-4c00-90f1-69ad305f9649" CHANGEID="689820018" HOUSENUM="20/808" HOUSETYPE="7" OPERTYPEID="10" PREVID="0" NEXTID="0" UPDATEDATE="2025-10-01" STARTDATE="2025-10-01" ENDDATE="2079-06-06" ISACTUAL="1" ISACTIVE="1" /><HOUSE ID="129191159" OBJECTID="174992019" OBJECTGUID="4a1fb0fd-1706-41f3-9ccd-082ddf670625" CHANGEID="689820019" HOUSENUM="20/818" HOUSETYPE="7" OPERTYPEID="10" PREVID="0" NEXTID="0" UPDATEDATE="2025-10-01" STARTDATE="2025-10-01" ENDDATE="2079-06-06" ISACTUAL="1" ISACTIVE="1" /><HOUSE ID="129191160" OBJECTID="174992020" OBJECTGUID="865a1d5f-22be-4868-9e15-470d73850236" CHANGEID="689820020" HOUSENUM="20/719" HOUSETYPE="7" OPERTYPEID="10" PREVID="0" NEXTID="0" UPDATEDATE="2025-10-01" STARTDATE="2025-10-01" ENDDATE="2079-06-06" ISACTUAL="1" ISACTIVE="1" /><HOUSE ID="129191161" OBJECTID="174992021" OBJECTGUID="27e88ae2-f5c4-4c07-b70f-575ab3c8c1f2" CHANGEID="689820021" HOUSENUM="20/717" HOUSETYPE="7" OPERTYPEID="10" PREVID="0" NEXTID="0" UPDATEDATE="2025-10-01" STARTDATE="2025-10-01" ENDDATE="2079-06-06" ISACTUAL="1" ISACTIVE="1" /></HOUSES>