﻿<?xml version="1.0" encoding="utf-8"?><APARTMENTS><APARTMENT ID="10115201" OBJECTID="18244495" OBJECTGUID="0519ecf2-c6f8-4fed-9f91-9260b2309b32" CHANGEID="28739207" NUMBER="56" APARTTYPE="3" OPERTYPEID="10" PREVID="0" NEXTID="111795099" UPDATEDATE="2025-09-29" STARTDATE="2017-04-18" ENDDATE="2025-09-29" ISACTUAL="0" ISACTIVE="0" /><APARTMENT ID="10117487" OBJECTID="18248631" OBJECTGUID="3fa3baf5-1d20-4827-ab9b-482f4a976a88" CHANGEID="28745599" NUMBER="57" APARTTYPE="3" OPERTYPEID="10" PREVID="0" NEXTID="111795102" UPDATEDATE="2025-09-29" STARTDATE="2017-04-18" ENDDATE="2025-09-29" ISACTUAL="0" ISACTIVE="0" /><APARTMENT ID="10115411" OBJECTID="18244771" OBJECTGUID="06478d2d-7ce4-4a56-baa0-66fc51aaa6d2" CHANGEID="28739613" NUMBER="59" APARTTYPE="3" OPERTYPEID="10" PREVID="0" NEXTID="111795106" UPDATEDATE="2025-09-29" STARTDATE="2017-04-18" ENDDATE="2025-09-29" ISACTUAL="0" ISACTIVE="0" /><APARTMENT ID="10116675" OBJECTID="18247025" OBJECTGUID="2e4fd5ba-304c-4d87-bb84-a66dd645fab1" CHANGEID="28743102" NUMBER="62" APARTTYPE="3" OPERTYPEID="10" PREVID="0" NEXTID="111795130" UPDATEDATE="2025-09-29" STARTDATE="2017-04-18" ENDDATE="2025-09-29" ISACTUAL="0" ISACTIVE="0" /><APARTMENT ID="10116996" OBJECTID="18247668" OBJECTGUID="33352feb-5233-46b7-8193-c482b9ef0a38" CHANGEID="28744127" NUMBER="65" APARTTYPE="3" OPERTYPEID="10" PREVID="0" NEXTID="111795133" UPDATEDATE="2025-09-29" STARTDATE="2017-04-18" ENDDATE="2025-09-29" ISACTUAL="0" ISACTIVE="0" /><APARTMENT ID="10122322" OBJECTID="18256921" OBJECTGUID="770b97fd-da55-487d-995d-11aa6ba24988" CHANGEID="28757653" NUMBER="53" APARTTYPE="3" OPERTYPEID="10" PREVID="0" NEXTID="111794637" UPDATEDATE="2025-09-29" STARTDATE="2017-04-18" ENDDATE="2025-09-29" ISACTUAL="0" ISACTIVE="0" /><APARTMENT ID="10122364" OBJECTID="18256995" OBJECTGUID="83001a84-a135-4faf-9034-c3e606b22829" CHANGEID="28757760" NUMBER="54" APARTTYPE="3" OPERTYPEID="10" PREVID="0" NEXTID="111795092" UPDATEDATE="2025-09-29" STARTDATE="2017-04-18" ENDDATE="2025-09-29" ISACTUAL="0" ISACTIVE="0" /><APARTMENT ID="10122011" OBJECTID="18256427" OBJECTGUID="695c7543-f6f3-45d9-bd4e-22840b6e065c" CHANGEID="28757005" NUMBER="64" APARTTYPE="3" OPERTYPEID="10" PREVID="0" NEXTID="111795132" UPDATEDATE="2025-09-29" STARTDATE="2017-04-18" ENDDATE="2025-09-29" ISACTUAL="0" ISACTIVE="0" /><APARTMENT ID="10122474" OBJECTID="18257137" OBJECTGUID="9ee13568-c5a8-48b3-83f1-4d0448006a72" CHANGEID="28757936" NUMBER="61" APARTTYPE="3" OPERTYPEID="10" PREVID="0" NEXTID="111795109" UPDATEDATE="2025-09-29" STARTDATE="2017-04-18" ENDDATE="2025-09-29" ISACTUAL="0" ISACTIVE="0" /><APARTMENT ID="10122820" OBJECTID="18257668" OBJECTGUID="a910c62b-82c2-4eff-8e33-c6c155506744" CHANGEID="28758636" NUMBER="55" APARTTYPE="3" OPERTYPEID="10" PREVID="0" NEXTID="111795097" UPDATEDATE="2025-09-29" STARTDATE="2017-04-18" ENDDATE="2025-09-29" ISACTUAL="0" ISACTIVE="0" /><APARTMENT ID="10122966" OBJECTID="18257882" OBJECTGUID="c0666c93-71d4-4163-b1bb-ae71aceee03f" CHANGEID="28758917" NUMBER="60" APARTTYPE="3" OPERTYPEID="10" PREVID="0" NEXTID="111795108" UPDATEDATE="2025-09-29" STARTDATE="2017-04-18" ENDDATE="2025-09-29" ISACTUAL="0" ISACTIVE="0" /><APARTMENT ID="10123548" OBJECTID="18258894" OBJECTGUID="d3fad890-946c-42a8-98ae-e6df1a0751c4" CHANGEID="28760411" NUMBER="63" APARTTYPE="3" OPERTYPEID="10" PREVID="0" NEXTID="111795131" UPDATEDATE="2025-09-29" STARTDATE="2017-04-18" ENDDATE="2025-09-29" ISACTUAL="0" ISACTIVE="0" /><APARTMENT ID="10126283" OBJECTID="18263693" OBJECTGUID="f749451d-2b94-4a51-b8db-271f202598da" CHANGEID="28767406" NUMBER="58" APARTTYPE="3" OPERTYPEID="10" PREVID="0" NEXTID="111795104" UPDATEDATE="2025-09-29" STARTDATE="2017-04-18" ENDDATE="2025-09-29" ISACTUAL="0" ISACTIVE="0" /><APARTMENT ID="19897183" OBJECTID="34279040" OBJECTGUID="12f84925-36fc-443c-9bf8-26a9dea41f71" CHANGEID="52207572" NUMBER="1" APARTTYPE="2" OPERTYPEID="10" PREVID="0" NEXTID="111802158" UPDATEDATE="2025-09-29" STARTDATE="2017-03-27" ENDDATE="2025-09-29" ISACTUAL="0" ISACTIVE="0" /><APARTMENT ID="19920587" OBJECTID="34319392" OBJECTGUID="50783fd7-50ce-4840-ba40-f193780667a0" CHANGEID="52266767" NUMBER="1" APARTTYPE="2" OPERTYPEID="10" PREVID="0" NEXTID="111802159" UPDATEDATE="2025-09-29" STARTDATE="2017-03-27" ENDDATE="2025-09-29" ISACTUAL="0" ISACTIVE="0" /><APARTMENT ID="111794637" OBJECTID="18256921" OBJECTGUID="770b97fd-da55-487d-995d-11aa6ba24988" CHANGEID="689636596" NUMBER="53" APARTTYPE="2" OPERTYPEID="20" PREVID="10122322" UPDATEDATE="2025-09-29" STARTDATE="2025-09-29" ENDDATE="2079-06-06" ISACTUAL="1" ISACTIVE="1" /><APARTMENT ID="111795106" OBJECTID="18244771" OBJECTGUID="06478d2d-7ce4-4a56-baa0-66fc51aaa6d2" CHANGEID="689638669" NUMBER="59" APARTTYPE="2" OPERTYPEID="20" PREVID="10115411" UPDATEDATE="2025-09-29" STARTDATE="2025-09-29" ENDDATE="2079-06-06" ISACTUAL="1" ISACTIVE="1" /><APARTMENT ID="111795108" OBJECTID="18257882" OBJECTGUID="c0666c93-71d4-4163-b1bb-ae71aceee03f" CHANGEID="689638681" NUMBER="60" APARTTYPE="2" OPERTYPEID="20" PREVID="10122966" UPDATEDATE="2025-09-29" STARTDATE="2025-09-29" ENDDATE="2079-06-06" ISACTUAL="1" ISACTIVE="1" /><APARTMENT ID="111795130" OBJECTID="18247025" OBJECTGUID="2e4fd5ba-304c-4d87-bb84-a66dd645fab1" CHANGEID="689638708" NUMBER="62" APARTTYPE="2" OPERTYPEID="20" PREVID="10116675" UPDATEDATE="2025-09-29" STARTDATE="2025-09-29" ENDDATE="2079-06-06" ISACTUAL="1" ISACTIVE="1" /><APARTMENT ID="111795092" OBJECTID="18256995" OBJECTGUID="83001a84-a135-4faf-9034-c3e606b22829" CHANGEID="689638639" NUMBER="54" APARTTYPE="2" OPERTYPEID="20" PREVID="10122364" UPDATEDATE="2025-09-29" STARTDATE="2025-09-29" ENDDATE="2079-06-06" ISACTUAL="1" ISACTIVE="1" /><APARTMENT ID="111795097" OBJECTID="18257668" OBJECTGUID="a910c62b-82c2-4eff-8e33-c6c155506744" CHANGEID="689638644" NUMBER="55" APARTTYPE="2" OPERTYPEID="20" PREVID="10122820" UPDATEDATE="2025-09-29" STARTDATE="2025-09-29" ENDDATE="2079-06-06" ISACTUAL="1" ISACTIVE="1" /><APARTMENT ID="111795099" OBJECTID="18244495" OBJECTGUID="0519ecf2-c6f8-4fed-9f91-9260b2309b32" CHANGEID="689638658" NUMBER="56" APARTTYPE="2" OPERTYPEID="20" PREVID="10115201" UPDATEDATE="2025-09-29" STARTDATE="2025-09-29" ENDDATE="2079-06-06" ISACTUAL="1" ISACTIVE="1" /><APARTMENT ID="111795102" OBJECTID="18248631" OBJECTGUID="3fa3baf5-1d20-4827-ab9b-482f4a976a88" CHANGEID="689638662" NUMBER="57" APARTTYPE="2" OPERTYPEID="20" PREVID="10117487" UPDATEDATE="2025-09-29" STARTDATE="2025-09-29" ENDDATE="2079-06-06" ISACTUAL="1" ISACTIVE="1" /><APARTMENT ID="111795104" OBJECTID="18263693" OBJECTGUID="f749451d-2b94-4a51-b8db-271f202598da" CHANGEID="689638667" NUMBER="58" APARTTYPE="1" OPERTYPEID="20" PREVID="10126283" UPDATEDATE="2025-09-29" STARTDATE="2025-09-29" ENDDATE="2079-06-06" ISACTUAL="1" ISACTIVE="1" /><APARTMENT ID="111795109" OBJECTID="18257137" OBJECTGUID="9ee13568-c5a8-48b3-83f1-4d0448006a72" CHANGEID="689638685" NUMBER="61" APARTTYPE="2" OPERTYPEID="20" PREVID="10122474" UPDATEDATE="2025-09-29" STARTDATE="2025-09-29" ENDDATE="2079-06-06" ISACTUAL="1" ISACTIVE="1" /><APARTMENT ID="111795131" OBJECTID="18258894" OBJECTGUID="d3fad890-946c-42a8-98ae-e6df1a0751c4" CHANGEID="689638709" NUMBER="63" APARTTYPE="2" OPERTYPEID="20" PREVID="10123548" UPDATEDATE="2025-09-29" STARTDATE="2025-09-29" ENDDATE="2079-06-06" ISACTUAL="1" ISACTIVE="1" /><APARTMENT ID="111795132" OBJECTID="18256427" OBJECTGUID="695c7543-f6f3-45d9-bd4e-22840b6e065c" CHANGEID="689638711" NUMBER="64" APARTTYPE="2" OPERTYPEID="20" PREVID="10122011" UPDATEDATE="2025-09-29" STARTDATE="2025-09-29" ENDDATE="2079-06-06" ISACTUAL="1" ISACTIVE="1" /><APARTMENT ID="111795133" OBJECTID="18247668" OBJECTGUID="33352feb-5233-46b7-8193-c482b9ef0a38" CHANGEID="689638712" NUMBER="65" APARTTYPE="2" OPERTYPEID="20" PREVID="10116996" UPDATEDATE="2025-09-29" STARTDATE="2025-09-29" ENDDATE="2079-06-06" ISACTUAL="1" ISACTIVE="1" /><APARTMENT ID="111797803" OBJECTID="174924335" OBJECTGUID="b818be00-82da-431b-8895-12b49579f9a8" CHANGEID="689652844" NUMBER="1" APARTTYPE="2" OPERTYPEID="10" PREVID="0" NEXTID="0" UPDATEDATE="2025-09-29" STARTDATE="2025-09-29" ENDDATE="2079-06-06" ISACTUAL="1" ISACTIVE="1" /><APARTMENT ID="111797997" OBJECTID="174924701" OBJECTGUID="bf187e6e-e986-4356-872a-9f1db87571cf" CHANGEID="689653339" NUMBER="3" APARTTYPE="1" OPERTYPEID="10" PREVID="0" NEXTID="0" UPDATEDATE="2025-09-29" STARTDATE="2025-09-29" ENDDATE="2079-06-06" ISACTUAL="1" ISACTIVE="1" /><APARTMENT ID="111797998" OBJECTID="174924702" OBJECTGUID="76a3b6df-5998-4c7b-bc2e-7918a59c1cf5" CHANGEID="689653340" NUMBER="2" APARTTYPE="1" OPERTYPEID="10" PREVID="0" NEXTID="0" UPDATEDATE="2025-09-29" STARTDATE="2025-09-29" ENDDATE="2079-06-06" ISACTUAL="1" ISACTIVE="1" /><APARTMENT ID="111797999" OBJECTID="174924703" OBJECTGUID="75269e14-864f-4858-82ee-5774026df7dc" CHANGEID="689653341" NUMBER="1" APARTTYPE="1" OPERTYPEID="10" PREVID="0" NEXTID="0" UPDATEDATE="2025-09-29" STARTDATE="2025-09-29" ENDDATE="2079-06-06" ISACTUAL="1" ISACTIVE="1" /><APARTMENT ID="111802158" OBJECTID="34279040" OBJECTGUID="12f84925-36fc-443c-9bf8-26a9dea41f71" CHANGEID="689679191" NUMBER="1" APARTTYPE="2" OPERTYPEID="55" PREVID="19897183" NEXTID="129172247" UPDATEDATE="2025-09-29" STARTDATE="2025-09-29" ENDDATE="2079-06-06" ISACTUAL="1" ISACTIVE="0" /><APARTMENT ID="111802159" OBJECTID="34319392" OBJECTGUID="50783fd7-50ce-4840-ba40-f193780667a0" CHANGEID="689679318" NUMBER="1" APARTTYPE="2" OPERTYPEID="55" PREVID="19920587" NEXTID="129172289" UPDATEDATE="2025-09-29" STARTDATE="2025-09-29" ENDDATE="2079-06-06" ISACTUAL="1" ISACTIVE="0" /><APARTMENT ID="111809179" OBJECTID="174961108" OBJECTGUID="353bec81-5546-4795-8b81-b493c66ee0ba" CHANGEID="689737581" NUMBER="2" APARTTYPE="2" OPERTYPEID="10" PREVID="0" NEXTID="0" UPDATEDATE="2025-09-30" STARTDATE="2025-09-30" ENDDATE="2079-06-06" ISACTUAL="1" ISACTIVE="1" /><APARTMENT ID="111809182" OBJECTID="174961124" OBJECTGUID="a8661ff0-6d4a-4f4f-885a-42d272e8c183" CHANGEID="689737614" NUMBER="3" APARTTYPE="2" OPERTYPEID="10" PREVID="0" NEXTID="0" UPDATEDATE="2025-09-30" STARTDATE="2025-09-30" ENDDATE="2079-06-06" ISACTUAL="1" ISACTIVE="1" /><APARTMENT ID="111809183" OBJECTID="174961164" OBJECTGUID="9ee0314e-020b-4d64-9ea2-a17a94eed9fd" CHANGEID="689737669" NUMBER="4" APARTTYPE="2" OPERTYPEID="10" PREVID="0" NEXTID="0" UPDATEDATE="2025-09-30" STARTDATE="2025-09-30" ENDDATE="2079-06-06" ISACTUAL="1" ISACTIVE="1" /><APARTMENT ID="111809184" OBJECTID="174961179" OBJECTGUID="5da97c88-2bda-47ff-bf43-23d8bd8345b5" CHANGEID="689737700" NUMBER="7" APARTTYPE="2" OPERTYPEID="10" PREVID="0" NEXTID="0" UPDATEDATE="2025-09-30" STARTDATE="2025-09-30" ENDDATE="2079-06-06" ISACTUAL="1" ISACTIVE="1" /><APARTMENT ID="111809326" OBJECTID="174962275" OBJECTGUID="cb7f7d61-87fa-4123-9b9c-dbd3716b3fbc" CHANGEID="689740392" NUMBER="6" APARTTYPE="2" OPERTYPEID="10" PREVID="0" NEXTID="0" UPDATEDATE="2025-09-30" STARTDATE="2025-09-30" ENDDATE="2079-06-06" ISACTUAL="1" ISACTIVE="1" /><APARTMENT ID="111809327" OBJECTID="174962276" OBJECTGUID="1b3a68eb-1ffb-45d6-8d4d-b83a1e878963" CHANGEID="689740393" NUMBER="5" APARTTYPE="2" OPERTYPEID="10" PREVID="0" NEXTID="0" UPDATEDATE="2025-09-30" STARTDATE="2025-09-30" ENDDATE="2079-06-06" ISACTUAL="1" ISACTIVE="1" /><APARTMENT ID="111809328" OBJECTID="174962277" OBJECTGUID="ee83392f-1c11-47d7-984e-3ec91995faed" CHANGEID="689740394" NUMBER="4" APARTTYPE="2" OPERTYPEID="10" PREVID="0" NEXTID="0" UPDATEDATE="2025-09-30" STARTDATE="2025-09-30" ENDDATE="2079-06-06" ISACTUAL="1" ISACTIVE="1" /><APARTMENT ID="111809329" OBJECTID="174962278" OBJECTGUID="6a1c31ad-a779-4ade-9c98-c4cc6a78a541" CHANGEID="689740395" NUMBER="3" APARTTYPE="2" OPERTYPEID="10" PREVID="0" NEXTID="0" UPDATEDATE="2025-09-30" STARTDATE="2025-09-30" ENDDATE="2079-06-06" ISACTUAL="1" ISACTIVE="1" /><APARTMENT ID="111809330" OBJECTID="174962279" OBJECTGUID="fd93193d-dfa3-4793-a900-964fd8c6c644" CHANGEID="689740396" NUMBER="2" APARTTYPE="2" OPERTYPEID="10" PREVID="0" NEXTID="0" UPDATEDATE="2025-09-30" STARTDATE="2025-09-30" ENDDATE="2079-06-06" ISACTUAL="1" ISACTIVE="1" /><APARTMENT ID="111809331" OBJECTID="174962280" OBJECTGUID="5202fe5c-fad4-4a0a-a1b7-be495f7fff6d" CHANGEID="689740397" NUMBER="1" APARTTYPE="2" OPERTYPEID="10" PREVID="0" NEXTID="0" UPDATEDATE="2025-09-30" STARTDATE="2025-09-30" ENDDATE="2079-06-06" ISACTUAL="1" ISACTIVE="1" /><APARTMENT ID="111809335" OBJECTID="174962364" OBJECTGUID="063a0557-627c-4ccd-86e2-289356df78ae" CHANGEID="689740739" NUMBER="2" APARTTYPE="2" OPERTYPEID="10" PREVID="0" NEXTID="0" UPDATEDATE="2025-09-30" STARTDATE="2025-09-30" ENDDATE="2079-06-06" ISACTUAL="1" ISACTIVE="1" /><APARTMENT ID="111809336" OBJECTID="174962365" OBJECTGUID="3d941f85-d4ed-4611-a2c5-49b46fb555a1" CHANGEID="689740740" NUMBER="1" APARTTYPE="2" OPERTYPEID="10" PREVID="0" NEXTID="0" UPDATEDATE="2025-09-30" STARTDATE="2025-09-30" ENDDATE="2079-06-06" ISACTUAL="1" ISACTIVE="1" /><APARTMENT ID="111809348" OBJECTID="174962461" OBJECTGUID="0d749c6e-c2c5-4b12-94d9-a332c86b689c" CHANGEID="689740922" NUMBER="2" APARTTYPE="2" OPERTYPEID="10" PREVID="0" NEXTID="0" UPDATEDATE="2025-09-30" STARTDATE="2025-09-30" ENDDATE="2079-06-06" ISACTUAL="1" ISACTIVE="1" /><APARTMENT ID="111809349" OBJECTID="174962462" OBJECTGUID="b2cd42e1-c96c-4e06-89ff-94d565ff903c" CHANGEID="689740923" NUMBER="1" APARTTYPE="2" OPERTYPEID="10" PREVID="0" NEXTID="0" UPDATEDATE="2025-09-30" STARTDATE="2025-09-30" ENDDATE="2079-06-06" ISACTUAL="1" ISACTIVE="1" /><APARTMENT ID="111809809" OBJECTID="174964614" OBJECTGUID="6b937447-12c7-4ead-95ab-f17eb086eafd" CHANGEID="689744799" NUMBER="10" APARTTYPE="2" OPERTYPEID="10" PREVID="0" NEXTID="0" UPDATEDATE="2025-09-30" STARTDATE="2025-09-30" ENDDATE="2079-06-06" ISACTUAL="1" ISACTIVE="1" /><APARTMENT ID="111811305" OBJECTID="174970322" OBJECTGUID="9bb9bb8c-c9c8-4eae-9491-0f95a2ef51e6" CHANGEID="689758363" NUMBER="1" APARTTYPE="2" OPERTYPEID="10" PREVID="0" NEXTID="0" UPDATEDATE="2025-09-30" STARTDATE="2025-09-30" ENDDATE="2079-06-06" ISACTUAL="1" ISACTIVE="1" /><APARTMENT ID="111817561" OBJECTID="174988805" OBJECTGUID="a8d17c5c-e090-4b5d-ae10-ccd8da845aae" CHANGEID="689813778" NUMBER="8" APARTTYPE="2" OPERTYPEID="10" PREVID="0" NEXTID="0" UPDATEDATE="2025-10-01" STARTDATE="2025-10-01" ENDDATE="2079-06-06" ISACTUAL="1" ISACTIVE="1" /></APARTMENTS>