﻿<?xml version="1.0" encoding="utf-8"?><HOUSES><HOUSE ID="128856906" OBJECTID="173931940" OBJECTGUID="69032262-998d-460c-9ab5-ad4775f885aa" CHANGEID="656867016" HOUSENUM="2" HOUSETYPE="5" OPERTYPEID="10" PREVID="0" NEXTID="129191120" UPDATEDATE="2025-10-01" STARTDATE="2025-08-11" ENDDATE="2025-10-01" ISACTUAL="0" ISACTIVE="0" /><HOUSE ID="129165865" OBJECTID="174914982" OBJECTGUID="eb770583-616e-4d33-ba3b-182e06ab04ce" CHANGEID="689636574" HOUSENUM="22" HOUSETYPE="2" OPERTYPEID="10" PREVID="0" NEXTID="0" UPDATEDATE="2025-09-29" STARTDATE="2025-09-29" ENDDATE="2079-06-06" ISACTUAL="1" ISACTIVE="1" /><HOUSE ID="129168854" OBJECTID="174924382" OBJECTGUID="f22a8e06-b823-40ac-a6ca-6d6a4d00656d" CHANGEID="689652899" HOUSENUM="6" HOUSETYPE="2" OPERTYPEID="10" PREVID="0" NEXTID="0" UPDATEDATE="2025-09-29" STARTDATE="2025-09-29" ENDDATE="2079-06-06" ISACTUAL="1" ISACTIVE="1" /><HOUSE ID="129168914" OBJECTID="174924725" OBJECTGUID="5995263a-9c9f-48fd-b7e6-d34d62c03b95" CHANGEID="689653374" HOUSENUM="19" HOUSETYPE="2" OPERTYPEID="10" PREVID="0" NEXTID="0" UPDATEDATE="2025-09-29" STARTDATE="2025-09-29" ENDDATE="2079-06-06" ISACTUAL="1" ISACTIVE="1" /><HOUSE ID="129170074" OBJECTID="174928565" OBJECTGUID="9d7b1f2c-0119-430f-ba5e-a5fed58044e1" CHANGEID="689665352" HOUSENUM="8А" HOUSETYPE="2" OPERTYPEID="10" PREVID="0" NEXTID="0" UPDATEDATE="2025-09-29" STARTDATE="2025-09-29" ENDDATE="2079-06-06" ISACTUAL="1" ISACTIVE="1" /><HOUSE ID="129170060" OBJECTID="174928539" OBJECTGUID="bd663186-3906-4ede-bade-7c8269d2f906" CHANGEID="689664645" HOUSENUM="1/1" HOUSETYPE="5" OPERTYPEID="10" PREVID="0" NEXTID="0" UPDATEDATE="2025-09-29" STARTDATE="2025-09-29" ENDDATE="2079-06-06" ISACTUAL="1" ISACTIVE="1" /><HOUSE ID="129170739" OBJECTID="174930611" OBJECTGUID="a413a9f8-11df-489a-8829-6e663d3fd81b" CHANGEID="689669938" HOUSENUM="11" HOUSETYPE="7" OPERTYPEID="10" PREVID="0" NEXTID="0" UPDATEDATE="2025-09-29" STARTDATE="2025-09-29" ENDDATE="2079-06-06" ISACTUAL="1" ISACTIVE="1" /><HOUSE ID="129170740" OBJECTID="174930612" OBJECTGUID="64e5cc99-811c-4f4d-92b7-a713c0b1b6ca" CHANGEID="689669939" HOUSENUM="6" HOUSETYPE="7" OPERTYPEID="10" PREVID="0" NEXTID="0" UPDATEDATE="2025-09-29" STARTDATE="2025-09-29" ENDDATE="2079-06-06" ISACTUAL="1" ISACTIVE="1" /><HOUSE ID="129170741" OBJECTID="174930613" OBJECTGUID="0cc5562a-8e7a-4377-bc0e-40e8a13d6c54" CHANGEID="689669940" HOUSENUM="1" HOUSETYPE="2" OPERTYPEID="10" PREVID="0" NEXTID="0" UPDATEDATE="2025-09-29" STARTDATE="2025-09-29" ENDDATE="2079-06-06" ISACTUAL="1" ISACTIVE="1" /><HOUSE ID="129170745" OBJECTID="174930641" OBJECTGUID="7f60f5f9-ae47-4e6f-b4bf-c166bdafbaf9" CHANGEID="689669987" HOUSENUM="84" HOUSETYPE="7" OPERTYPEID="10" PREVID="0" NEXTID="0" UPDATEDATE="2025-09-29" STARTDATE="2025-09-29" ENDDATE="2079-06-06" ISACTUAL="1" ISACTIVE="1" /><HOUSE ID="129170746" OBJECTID="174930642" OBJECTGUID="b8e617d8-2efa-4df9-988a-b36b2be4229b" CHANGEID="689669988" HOUSENUM="39" HOUSETYPE="7" OPERTYPEID="10" PREVID="0" NEXTID="0" UPDATEDATE="2025-09-29" STARTDATE="2025-09-29" ENDDATE="2079-06-06" ISACTUAL="1" ISACTIVE="1" /><HOUSE ID="129172099" OBJECTID="174934750" OBJECTGUID="0b729f2f-0d21-49d8-9234-59b7192614e0" CHANGEID="689678449" HOUSENUM="63/64" HOUSETYPE="4" OPERTYPEID="10" PREVID="0" NEXTID="0" UPDATEDATE="2025-09-29" STARTDATE="2025-09-29" ENDDATE="2079-06-06" ISACTUAL="1" ISACTIVE="1" /><HOUSE ID="129172247" OBJECTID="174935205" OBJECTGUID="759a4ce4-7e4b-4100-9fcd-7d38d0d1b02d" CHANGEID="689679192" HOUSENUM="19/1" HOUSETYPE="2" OPERTYPEID="54" PREVID="111802158" NEXTID="0" UPDATEDATE="2025-09-29" STARTDATE="2025-09-29" ENDDATE="2079-06-06" ISACTUAL="1" ISACTIVE="1" /><HOUSE ID="129172286" OBJECTID="174935293" OBJECTGUID="eb629545-9113-4dc2-9f22-7f3a37c8bb25" CHANGEID="689679314" HOUSENUM="16Б" HOUSETYPE="2" OPERTYPEID="10" PREVID="0" NEXTID="0" UPDATEDATE="2025-09-29" STARTDATE="2025-09-29" ENDDATE="2079-06-06" ISACTUAL="1" ISACTIVE="1" /><HOUSE ID="129172289" OBJECTID="174935296" OBJECTGUID="2e4c19f7-b7ee-4e72-9ed0-3375c619a97d" CHANGEID="689679319" HOUSENUM="59/1" HOUSETYPE="2" OPERTYPEID="54" PREVID="111802159" NEXTID="0" UPDATEDATE="2025-09-29" STARTDATE="2025-09-29" ENDDATE="2079-06-06" ISACTUAL="1" ISACTIVE="1" /><HOUSE ID="129176266" OBJECTID="174948849" OBJECTGUID="588a56a7-964c-4cd1-aed4-f296245ba439" CHANGEID="689707753" HOUSENUM="15" HOUSETYPE="2" OPERTYPEID="10" PREVID="0" NEXTID="0" UPDATEDATE="2025-09-30" STARTDATE="2025-09-30" ENDDATE="2079-06-06" ISACTUAL="1" ISACTIVE="1" /><HOUSE ID="129176726" OBJECTID="174949595" OBJECTGUID="680b8078-e159-43ae-a332-3507789a83c5" CHANGEID="689709389" HOUSENUM="3" HOUSETYPE="2" OPERTYPEID="10" PREVID="0" NEXTID="0" UPDATEDATE="2025-09-30" STARTDATE="2025-09-30" ENDDATE="2079-06-06" ISACTUAL="1" ISACTIVE="1" /><HOUSE ID="129181248" OBJECTID="174963280" OBJECTGUID="47cb4d66-bf16-4022-84f3-49aa65b31a55" CHANGEID="689742242" HOUSENUM="26" HOUSETYPE="2" OPERTYPEID="10" PREVID="0" NEXTID="0" UPDATEDATE="2025-09-30" STARTDATE="2025-09-30" ENDDATE="2079-06-06" ISACTUAL="1" ISACTIVE="1" /><HOUSE ID="129181675" OBJECTID="174964773" OBJECTGUID="bbc8c3b5-cf7e-41f1-81bb-a70a6db4ca40" CHANGEID="689745173" HOUSENUM="1" HOUSETYPE="7" OPERTYPEID="10" PREVID="0" NEXTID="0" UPDATEDATE="2025-09-30" STARTDATE="2025-09-30" ENDDATE="2079-06-06" ISACTUAL="1" ISACTIVE="1" /><HOUSE ID="129182591" OBJECTID="174966736" OBJECTGUID="999dbcc7-df03-440a-8b52-d94d242278d8" CHANGEID="689750375" HOUSENUM="58б" HOUSETYPE="2" OPERTYPEID="10" PREVID="0" NEXTID="0" UPDATEDATE="2025-09-30" STARTDATE="2025-09-30" ENDDATE="2079-06-06" ISACTUAL="1" ISACTIVE="1" /><HOUSE ID="129183468" OBJECTID="174969304" OBJECTGUID="629e7a9f-a483-4f2a-aa82-f67108b2b2eb" CHANGEID="689756230" HOUSENUM="6" HOUSETYPE="2" OPERTYPEID="10" PREVID="0" NEXTID="0" UPDATEDATE="2025-09-30" STARTDATE="2025-09-30" ENDDATE="2079-06-06" ISACTUAL="1" ISACTIVE="1" /><HOUSE ID="129183732" OBJECTID="174969915" OBJECTGUID="073911d4-c4b0-49d0-b3b0-9dbdc24b14c6" CHANGEID="689757683" HOUSENUM="30" HOUSETYPE="2" OPERTYPEID="10" PREVID="0" NEXTID="0" UPDATEDATE="2025-09-30" STARTDATE="2025-09-30" ENDDATE="2079-06-06" ISACTUAL="1" ISACTIVE="1" /><HOUSE ID="129190025" OBJECTID="174989503" OBJECTGUID="b65ad4a5-79de-4487-a741-d41df24fac8f" CHANGEID="689814926" HOUSENUM="40" HOUSETYPE="4" OPERTYPEID="10" PREVID="0" NEXTID="0" UPDATEDATE="2025-10-01" STARTDATE="2025-10-01" ENDDATE="2079-06-06" ISACTUAL="1" ISACTIVE="1" /><HOUSE ID="129191115" OBJECTID="174991859" OBJECTGUID="317378c0-8c81-4187-a63f-00eae4b34c41" CHANGEID="689819809" HOUSENUM="15" HOUSETYPE="2" OPERTYPEID="10" PREVID="0" NEXTID="0" UPDATEDATE="2025-10-01" STARTDATE="2025-10-01" ENDDATE="2079-06-06" ISACTUAL="1" ISACTIVE="1" /><HOUSE ID="129191120" OBJECTID="173931940" OBJECTGUID="69032262-998d-460c-9ab5-ad4775f885aa" CHANGEID="689819854" HOUSENUM="8В" HOUSETYPE="5" OPERTYPEID="20" PREVID="128856906" UPDATEDATE="2025-10-01" STARTDATE="2025-10-01" ENDDATE="2079-06-06" ISACTUAL="1" ISACTIVE="1" /><HOUSE ID="129191349" OBJECTID="174992532" OBJECTGUID="f274a267-4deb-4819-b379-9800cbb63947" CHANGEID="689822219" HOUSENUM="51Б" HOUSETYPE="2" OPERTYPEID="10" PREVID="0" NEXTID="0" UPDATEDATE="2025-10-01" STARTDATE="2025-10-01" ENDDATE="2079-06-06" ISACTUAL="1" ISACTIVE="1" /><HOUSE ID="129191350" OBJECTID="174992535" OBJECTGUID="b385c027-482b-4b24-9de3-80d896cd2487" CHANGEID="689822225" HOUSENUM="45" HOUSETYPE="2" OPERTYPEID="10" PREVID="0" NEXTID="0" UPDATEDATE="2025-10-01" STARTDATE="2025-10-01" ENDDATE="2079-06-06" ISACTUAL="1" ISACTIVE="1" /><HOUSE ID="129191351" OBJECTID="174992536" OBJECTGUID="7507592f-86e9-44b4-b748-65c8e0aaaf3b" CHANGEID="689822226" HOUSENUM="81" HOUSETYPE="7" OPERTYPEID="10" PREVID="0" NEXTID="0" UPDATEDATE="2025-10-01" STARTDATE="2025-10-01" ENDDATE="2079-06-06" ISACTUAL="1" ISACTIVE="1" /><HOUSE ID="129191352" OBJECTID="174992537" OBJECTGUID="191f7ec0-df2c-4749-9579-8b9f127740ba" CHANGEID="689822227" HOUSENUM="17" HOUSETYPE="7" OPERTYPEID="10" PREVID="0" NEXTID="0" UPDATEDATE="2025-10-01" STARTDATE="2025-10-01" ENDDATE="2079-06-06" ISACTUAL="1" ISACTIVE="1" /><HOUSE ID="129191353" OBJECTID="174992538" OBJECTGUID="03dc001c-a788-4837-a542-ffee877a73f8" CHANGEID="689822228" HOUSENUM="58" HOUSETYPE="7" OPERTYPEID="10" PREVID="0" NEXTID="0" UPDATEDATE="2025-10-01" STARTDATE="2025-10-01" ENDDATE="2079-06-06" ISACTUAL="1" ISACTIVE="1" /><HOUSE ID="129191354" OBJECTID="174992539" OBJECTGUID="6573d99d-2bd8-4ab6-b386-fd33a308d971" CHANGEID="689822229" HOUSENUM="48" HOUSETYPE="7" OPERTYPEID="10" PREVID="0" NEXTID="0" UPDATEDATE="2025-10-01" STARTDATE="2025-10-01" ENDDATE="2079-06-06" ISACTUAL="1" ISACTIVE="1" /><HOUSE ID="129191355" OBJECTID="174992540" OBJECTGUID="ef651403-37d3-465e-aaaf-252e0c204873" CHANGEID="689822230" HOUSENUM="34" HOUSETYPE="7" OPERTYPEID="10" PREVID="0" NEXTID="0" UPDATEDATE="2025-10-01" STARTDATE="2025-10-01" ENDDATE="2079-06-06" ISACTUAL="1" ISACTIVE="1" /><HOUSE ID="129191364" OBJECTID="174992560" OBJECTGUID="11a44ddc-67ac-441b-b183-0d1670a06710" CHANGEID="689822328" HOUSENUM="119" HOUSETYPE="2" OPERTYPEID="10" PREVID="0" NEXTID="0" UPDATEDATE="2025-10-01" STARTDATE="2025-10-01" ENDDATE="2079-06-06" ISACTUAL="1" ISACTIVE="1" /><HOUSE ID="129191365" OBJECTID="174992561" OBJECTGUID="38c49af7-444f-4deb-ae9e-b86310e17f05" CHANGEID="689822329" HOUSENUM="68" HOUSETYPE="7" OPERTYPEID="10" PREVID="0" NEXTID="0" UPDATEDATE="2025-10-01" STARTDATE="2025-10-01" ENDDATE="2079-06-06" ISACTUAL="1" ISACTIVE="1" /><HOUSE ID="129191366" OBJECTID="174992562" OBJECTGUID="1e131374-3acb-452d-9e49-d1325ff8e4e7" CHANGEID="689822330" HOUSENUM="25" HOUSETYPE="7" OPERTYPEID="10" PREVID="0" NEXTID="0" UPDATEDATE="2025-10-01" STARTDATE="2025-10-01" ENDDATE="2079-06-06" ISACTUAL="1" ISACTIVE="1" /><HOUSE ID="129191367" OBJECTID="174992563" OBJECTGUID="07009967-65ee-423b-bb29-e6249fb613e3" CHANGEID="689822331" HOUSENUM="20" HOUSETYPE="7" OPERTYPEID="10" PREVID="0" NEXTID="0" UPDATEDATE="2025-10-01" STARTDATE="2025-10-01" ENDDATE="2079-06-06" ISACTUAL="1" ISACTIVE="1" /><HOUSE ID="129191368" OBJECTID="174992564" OBJECTGUID="151cc97d-2e92-40f6-ae6f-28b3cb2b58f9" CHANGEID="689822332" HOUSENUM="104" HOUSETYPE="7" OPERTYPEID="10" PREVID="0" NEXTID="0" UPDATEDATE="2025-10-01" STARTDATE="2025-10-01" ENDDATE="2079-06-06" ISACTUAL="1" ISACTIVE="1" /><HOUSE ID="129191369" OBJECTID="174992565" OBJECTGUID="695ef66d-7b96-4e5c-9946-0cf9413e563e" CHANGEID="689822333" HOUSENUM="12" HOUSETYPE="7" OPERTYPEID="10" PREVID="0" NEXTID="0" UPDATEDATE="2025-10-01" STARTDATE="2025-10-01" ENDDATE="2079-06-06" ISACTUAL="1" ISACTIVE="1" /><HOUSE ID="129191346" OBJECTID="174992515" OBJECTGUID="96e9ace0-eec1-44c5-9589-0729a814197f" CHANGEID="689822154" HOUSENUM="105" HOUSETYPE="2" OPERTYPEID="10" PREVID="0" NEXTID="0" UPDATEDATE="2025-10-01" STARTDATE="2025-10-01" ENDDATE="2079-06-06" ISACTUAL="1" ISACTIVE="1" /><HOUSE ID="129191357" OBJECTID="174992555" OBJECTGUID="cd3341e1-4bd5-4cd7-9e71-c480bf4eb10c" CHANGEID="689822281" HOUSENUM="32" HOUSETYPE="2" OPERTYPEID="10" PREVID="0" NEXTID="0" UPDATEDATE="2025-10-01" STARTDATE="2025-10-01" ENDDATE="2079-06-06" ISACTUAL="1" ISACTIVE="1" /><HOUSE ID="129191359" OBJECTID="174992556" OBJECTGUID="2e51edd1-5543-49c3-abaa-5d55dda602d0" CHANGEID="689822283" HOUSENUM="5" HOUSETYPE="7" OPERTYPEID="10" PREVID="0" NEXTID="0" UPDATEDATE="2025-10-01" STARTDATE="2025-10-01" ENDDATE="2079-06-06" ISACTUAL="1" ISACTIVE="1" /><HOUSE ID="129191360" OBJECTID="174992557" OBJECTGUID="c699b584-6741-4d42-b518-9c21794459d1" CHANGEID="689822284" HOUSENUM="29" HOUSETYPE="7" OPERTYPEID="10" PREVID="0" NEXTID="0" UPDATEDATE="2025-10-01" STARTDATE="2025-10-01" ENDDATE="2079-06-06" ISACTUAL="1" ISACTIVE="1" /><HOUSE ID="129191361" OBJECTID="174992558" OBJECTGUID="84d4a6a2-7894-4ae5-aa2e-c702df3ae797" CHANGEID="689822285" HOUSENUM="82" HOUSETYPE="7" OPERTYPEID="10" PREVID="0" NEXTID="0" UPDATEDATE="2025-10-01" STARTDATE="2025-10-01" ENDDATE="2079-06-06" ISACTUAL="1" ISACTIVE="1" /><HOUSE ID="129191372" OBJECTID="174992568" OBJECTGUID="9f9534d1-23df-47f6-9893-651c0ec208a4" CHANGEID="689822336" HOUSENUM="70" HOUSETYPE="2" OPERTYPEID="10" PREVID="0" NEXTID="0" UPDATEDATE="2025-10-01" STARTDATE="2025-10-01" ENDDATE="2079-06-06" ISACTUAL="1" ISACTIVE="1" /></HOUSES>