﻿<?xml version="1.0" encoding="utf-8"?><STEADS><STEAD ID="74170987" OBJECTID="174924516" OBJECTGUID="e39624d5-8763-48ca-abef-f0f8071b700c" CHANGEID="689653118" NUMBER="19" OPERTYPEID="10" PREVID="0" NEXTID="0" UPDATEDATE="2025-09-29" STARTDATE="2025-09-29" ENDDATE="2079-06-06" ISACTUAL="1" ISACTIVE="1" /><STEAD ID="74171592" OBJECTID="174926342" OBJECTGUID="e45588e2-02bb-4d5e-9889-ebade5088616" CHANGEID="689661202" NUMBER="1" OPERTYPEID="10" PREVID="0" NEXTID="0" UPDATEDATE="2025-09-29" STARTDATE="2025-09-29" ENDDATE="2079-06-06" ISACTUAL="1" ISACTIVE="1" /><STEAD ID="74172171" OBJECTID="174928446" OBJECTGUID="216f2d31-ece0-4c8f-9809-f03a7e646cd6" CHANGEID="689664318" NUMBER="76" OPERTYPEID="10" PREVID="0" NEXTID="0" UPDATEDATE="2025-09-29" STARTDATE="2025-09-29" ENDDATE="2079-06-06" ISACTUAL="1" ISACTIVE="1" /><STEAD ID="74172189" OBJECTID="174928496" OBJECTGUID="0a6643a9-4487-4d7e-94be-78b5dbb69157" CHANGEID="689664410" NUMBER="93/2" OPERTYPEID="10" PREVID="0" NEXTID="0" UPDATEDATE="2025-09-29" STARTDATE="2025-09-29" ENDDATE="2079-06-06" ISACTUAL="1" ISACTIVE="1" /><STEAD ID="74173503" OBJECTID="174930610" OBJECTGUID="2279064b-e36d-49bc-8deb-805267ea5afa" CHANGEID="689669935" NUMBER="23" OPERTYPEID="10" PREVID="0" NEXTID="0" UPDATEDATE="2025-09-29" STARTDATE="2025-09-29" ENDDATE="2079-06-06" ISACTUAL="1" ISACTIVE="1" /><STEAD ID="74175633" OBJECTID="174935281" OBJECTGUID="a959a180-fbf4-4480-82b2-a5e473b30fe8" CHANGEID="689679295" NUMBER="16Б" OPERTYPEID="10" PREVID="0" NEXTID="0" UPDATEDATE="2025-09-29" STARTDATE="2025-09-29" ENDDATE="2079-06-06" ISACTUAL="1" ISACTIVE="1" /><STEAD ID="74175802" OBJECTID="174935621" OBJECTGUID="b397a2e2-1b74-4fba-9ec5-c1585e34150c" CHANGEID="689679923" NUMBER="12" OPERTYPEID="10" PREVID="0" NEXTID="0" UPDATEDATE="2025-09-29" STARTDATE="2025-09-29" ENDDATE="2079-06-06" ISACTUAL="1" ISACTIVE="1" /><STEAD ID="74176414" OBJECTID="174937729" OBJECTGUID="e20f1cff-8bc2-4595-a792-9259487b9c7e" CHANGEID="689683666" NUMBER="6/2" OPERTYPEID="10" PREVID="0" NEXTID="0" UPDATEDATE="2025-09-29" STARTDATE="2025-09-29" ENDDATE="2079-06-06" ISACTUAL="1" ISACTIVE="1" /><STEAD ID="74178612" OBJECTID="174941538" OBJECTGUID="d29bad26-12d0-46df-8751-e02319f75e66" CHANGEID="689693533" NUMBER="9" OPERTYPEID="10" PREVID="0" NEXTID="0" UPDATEDATE="2025-09-29" STARTDATE="2025-09-29" ENDDATE="2079-06-06" ISACTUAL="1" ISACTIVE="1" /><STEAD ID="74182906" OBJECTID="174949594" OBJECTGUID="1ff2466b-e8e5-4c45-8c9b-5b94e555b9e1" CHANGEID="689709388" NUMBER="3" OPERTYPEID="10" PREVID="0" NEXTID="0" UPDATEDATE="2025-09-30" STARTDATE="2025-09-30" ENDDATE="2079-06-06" ISACTUAL="1" ISACTIVE="1" /><STEAD ID="74182909" OBJECTID="174949599" OBJECTGUID="25bb47f5-cb5b-438c-9799-345351840665" CHANGEID="689709398" NUMBER="4" OPERTYPEID="10" PREVID="0" NEXTID="0" UPDATEDATE="2025-09-30" STARTDATE="2025-09-30" ENDDATE="2079-06-06" ISACTUAL="1" ISACTIVE="1" /><STEAD ID="74182907" OBJECTID="174949596" OBJECTGUID="69752a97-d5ca-4de8-bee5-48142db81056" CHANGEID="689709391" NUMBER="29" OPERTYPEID="10" PREVID="0" NEXTID="0" UPDATEDATE="2025-09-30" STARTDATE="2025-09-30" ENDDATE="2079-06-06" ISACTUAL="1" ISACTIVE="1" /><STEAD ID="74182908" OBJECTID="174949597" OBJECTGUID="5069188f-7221-47fd-a634-baeec4f9216d" CHANGEID="689709393" NUMBER="27" OPERTYPEID="10" PREVID="0" NEXTID="0" UPDATEDATE="2025-09-30" STARTDATE="2025-09-30" ENDDATE="2079-06-06" ISACTUAL="1" ISACTIVE="1" /><STEAD ID="74185272" OBJECTID="174952752" OBJECTGUID="fcf0ae92-710e-4f4a-bbdf-c8aebbf667e9" CHANGEID="689718054" NUMBER="9" OPERTYPEID="10" PREVID="0" NEXTID="0" UPDATEDATE="2025-09-30" STARTDATE="2025-09-30" ENDDATE="2079-06-06" ISACTUAL="1" ISACTIVE="1" /><STEAD ID="74185280" OBJECTID="174952767" OBJECTGUID="b5bcefc3-4b0c-4c96-9771-81829e115003" CHANGEID="689718088" NUMBER="3/2" OPERTYPEID="10" PREVID="0" NEXTID="0" UPDATEDATE="2025-09-30" STARTDATE="2025-09-30" ENDDATE="2079-06-06" ISACTUAL="1" ISACTIVE="1" /><STEAD ID="74186270" OBJECTID="174954198" OBJECTGUID="a5402224-a7bc-49af-acd3-f1bfc7d6bbb4" CHANGEID="689720972" NUMBER="32" OPERTYPEID="10" PREVID="0" NEXTID="0" UPDATEDATE="2025-09-30" STARTDATE="2025-09-30" ENDDATE="2079-06-06" ISACTUAL="1" ISACTIVE="1" /><STEAD ID="74190219" OBJECTID="174960801" OBJECTGUID="11c729fd-c687-48f5-acc6-1e5f3be2832e" CHANGEID="689737017" NUMBER="25" OPERTYPEID="10" PREVID="0" NEXTID="0" UPDATEDATE="2025-09-30" STARTDATE="2025-09-30" ENDDATE="2079-06-06" ISACTUAL="1" ISACTIVE="1" /><STEAD ID="74191409" OBJECTID="174962433" OBJECTGUID="f621ab34-072e-4583-a74e-1e273f3aa1e1" CHANGEID="689740854" NUMBER="7" OPERTYPEID="10" PREVID="0" NEXTID="0" UPDATEDATE="2025-09-30" STARTDATE="2025-09-30" ENDDATE="2079-06-06" ISACTUAL="1" ISACTIVE="1" /><STEAD ID="74191649" OBJECTID="174962734" OBJECTGUID="2e549b0d-a526-488b-bded-65da913cd167" CHANGEID="689741381" NUMBER="26" OPERTYPEID="10" PREVID="0" NEXTID="0" UPDATEDATE="2025-09-30" STARTDATE="2025-09-30" ENDDATE="2079-06-06" ISACTUAL="1" ISACTIVE="1" /><STEAD ID="74192591" OBJECTID="174964350" OBJECTGUID="5d5ac70f-c2e9-4de5-848f-52f7a1460f7d" CHANGEID="689743912" NUMBER="56" OPERTYPEID="10" PREVID="0" NEXTID="0" UPDATEDATE="2025-09-30" STARTDATE="2025-09-30" ENDDATE="2079-06-06" ISACTUAL="1" ISACTIVE="1" /><STEAD ID="74192929" OBJECTID="174964703" OBJECTGUID="8322a59a-bf06-4441-a55a-69ce48060dd6" CHANGEID="689745022" NUMBER="9" OPERTYPEID="10" PREVID="0" NEXTID="0" UPDATEDATE="2025-09-30" STARTDATE="2025-09-30" ENDDATE="2079-06-06" ISACTUAL="1" ISACTIVE="1" /><STEAD ID="74192981" OBJECTID="174964788" OBJECTGUID="90e4062f-d35f-4326-8575-f3f8cc7e8840" CHANGEID="689745203" NUMBER="1" OPERTYPEID="10" PREVID="0" NEXTID="0" UPDATEDATE="2025-09-30" STARTDATE="2025-09-30" ENDDATE="2079-06-06" ISACTUAL="1" ISACTIVE="1" /><STEAD ID="74193477" OBJECTID="174966017" OBJECTGUID="4caadb9a-8bda-4ccc-bd77-51d4049c0e2d" CHANGEID="689748108" NUMBER="1" OPERTYPEID="10" PREVID="0" NEXTID="0" UPDATEDATE="2025-09-30" STARTDATE="2025-09-30" ENDDATE="2079-06-06" ISACTUAL="1" ISACTIVE="1" /><STEAD ID="74193519" OBJECTID="174966167" OBJECTGUID="9e9e6304-52e5-4134-917c-caac3a585010" CHANGEID="689748735" NUMBER="3" OPERTYPEID="10" PREVID="0" NEXTID="0" UPDATEDATE="2025-09-30" STARTDATE="2025-09-30" ENDDATE="2079-06-06" ISACTUAL="1" ISACTIVE="1" /><STEAD ID="74193537" OBJECTID="174966188" OBJECTGUID="83b42d7e-29a0-4644-bf25-768b3f4e0707" CHANGEID="689748763" NUMBER="5" OPERTYPEID="10" PREVID="0" NEXTID="0" UPDATEDATE="2025-09-30" STARTDATE="2025-09-30" ENDDATE="2079-06-06" ISACTUAL="1" ISACTIVE="1" /><STEAD ID="74193628" OBJECTID="174966321" OBJECTGUID="0f5a84e0-6aac-44ca-a5b2-be5a392d35fb" CHANGEID="689748983" NUMBER="25а" OPERTYPEID="10" PREVID="0" NEXTID="0" UPDATEDATE="2025-09-30" STARTDATE="2025-09-30" ENDDATE="2079-06-06" ISACTUAL="1" ISACTIVE="1" /><STEAD ID="74193638" OBJECTID="174966349" OBJECTGUID="71247ba7-64bb-42bd-9817-5538513d0a55" CHANGEID="689749054" NUMBER="25" OPERTYPEID="10" PREVID="0" NEXTID="0" UPDATEDATE="2025-09-30" STARTDATE="2025-09-30" ENDDATE="2079-06-06" ISACTUAL="1" ISACTIVE="1" /><STEAD ID="74193657" OBJECTID="174966417" OBJECTGUID="a13f58f7-f8c8-48cc-a9a0-bb39b232aa1f" CHANGEID="689749222" NUMBER="7" OPERTYPEID="10" PREVID="0" NEXTID="0" UPDATEDATE="2025-09-30" STARTDATE="2025-09-30" ENDDATE="2079-06-06" ISACTUAL="1" ISACTIVE="1" /><STEAD ID="74193937" OBJECTID="174966814" OBJECTGUID="5a8413e6-5ba7-496c-a487-3eb803ada2d7" CHANGEID="689750524" NUMBER="24" OPERTYPEID="10" PREVID="0" NEXTID="0" UPDATEDATE="2025-09-30" STARTDATE="2025-09-30" ENDDATE="2079-06-06" ISACTUAL="1" ISACTIVE="1" /><STEAD ID="74194019" OBJECTID="174966983" OBJECTGUID="eb15da16-073d-475a-8652-23a6c7f9f100" CHANGEID="689750869" NUMBER="1" OPERTYPEID="10" PREVID="0" NEXTID="0" UPDATEDATE="2025-09-30" STARTDATE="2025-09-30" ENDDATE="2079-06-06" ISACTUAL="1" ISACTIVE="1" /><STEAD ID="74194144" OBJECTID="174967130" OBJECTGUID="dcda6bbb-8d0b-4bff-8d6f-7d9c7cac539c" CHANGEID="689751068" NUMBER="23а" OPERTYPEID="10" PREVID="0" NEXTID="0" UPDATEDATE="2025-09-30" STARTDATE="2025-09-30" ENDDATE="2079-06-06" ISACTUAL="1" ISACTIVE="1" /><STEAD ID="74194185" OBJECTID="174967184" OBJECTGUID="eec3e881-f442-4530-89cb-29ab1318b227" CHANGEID="689751166" NUMBER="7а" OPERTYPEID="10" PREVID="0" NEXTID="0" UPDATEDATE="2025-09-30" STARTDATE="2025-09-30" ENDDATE="2079-06-06" ISACTUAL="1" ISACTIVE="1" /><STEAD ID="74194194" OBJECTID="174967198" OBJECTGUID="6e268a49-0701-47aa-b5fc-196cba586916" CHANGEID="689751198" NUMBER="7б" OPERTYPEID="10" PREVID="0" NEXTID="0" UPDATEDATE="2025-09-30" STARTDATE="2025-09-30" ENDDATE="2079-06-06" ISACTUAL="1" ISACTIVE="1" /><STEAD ID="74194176" OBJECTID="174967172" OBJECTGUID="7b416399-a40c-48e5-bbcf-8dda5b589f12" CHANGEID="689751141" NUMBER="7" OPERTYPEID="10" PREVID="0" NEXTID="0" UPDATEDATE="2025-09-30" STARTDATE="2025-09-30" ENDDATE="2079-06-06" ISACTUAL="1" ISACTIVE="1" /><STEAD ID="74194279" OBJECTID="174967328" OBJECTGUID="aa4df3d4-1685-49e2-8b4c-f48e1d534ddd" CHANGEID="689751427" NUMBER="26" OPERTYPEID="10" PREVID="0" NEXTID="0" UPDATEDATE="2025-09-30" STARTDATE="2025-09-30" ENDDATE="2079-06-06" ISACTUAL="1" ISACTIVE="1" /><STEAD ID="74194375" OBJECTID="174967464" OBJECTGUID="9d22e0c9-2372-43fd-a8e8-ec918ae1f1e1" CHANGEID="689752100" NUMBER="4" OPERTYPEID="10" PREVID="0" NEXTID="0" UPDATEDATE="2025-09-30" STARTDATE="2025-09-30" ENDDATE="2079-06-06" ISACTUAL="1" ISACTIVE="1" /><STEAD ID="74194437" OBJECTID="174967546" OBJECTGUID="22754778-9225-4282-aacd-3657fc36519f" CHANGEID="689752232" NUMBER="25" OPERTYPEID="10" PREVID="0" NEXTID="0" UPDATEDATE="2025-09-30" STARTDATE="2025-09-30" ENDDATE="2079-06-06" ISACTUAL="1" ISACTIVE="1" /><STEAD ID="74194462" OBJECTID="174967584" OBJECTGUID="27c32d16-2dfd-4c80-9c9a-d71e0a67514e" CHANGEID="689752358" NUMBER="19" OPERTYPEID="10" PREVID="0" NEXTID="0" UPDATEDATE="2025-09-30" STARTDATE="2025-09-30" ENDDATE="2079-06-06" ISACTUAL="1" ISACTIVE="1" /><STEAD ID="74195492" OBJECTID="174968953" OBJECTGUID="af93f482-e195-4efe-aa27-4a718b82abce" CHANGEID="689755524" NUMBER="58" OPERTYPEID="10" PREVID="0" NEXTID="0" UPDATEDATE="2025-09-30" STARTDATE="2025-09-30" ENDDATE="2079-06-06" ISACTUAL="1" ISACTIVE="1" /><STEAD ID="74195618" OBJECTID="174969097" OBJECTGUID="36b5b067-7d8a-483f-b504-0334131166ec" CHANGEID="689755730" NUMBER="18" OPERTYPEID="10" PREVID="0" NEXTID="0" UPDATEDATE="2025-09-30" STARTDATE="2025-09-30" ENDDATE="2079-06-06" ISACTUAL="1" ISACTIVE="1" /><STEAD ID="74195742" OBJECTID="174969286" OBJECTGUID="6b9c34c3-0fa8-4377-b77c-040f215e3582" CHANGEID="689756181" NUMBER="6" OPERTYPEID="10" PREVID="0" NEXTID="0" UPDATEDATE="2025-09-30" STARTDATE="2025-09-30" ENDDATE="2079-06-06" ISACTUAL="1" ISACTIVE="1" /><STEAD ID="74195744" OBJECTID="174969288" OBJECTGUID="c442d712-ac9a-4b96-bc04-340007438b9b" CHANGEID="689756185" NUMBER="61" OPERTYPEID="10" PREVID="0" NEXTID="0" UPDATEDATE="2025-09-30" STARTDATE="2025-09-30" ENDDATE="2079-06-06" ISACTUAL="1" ISACTIVE="1" /><STEAD ID="74195942" OBJECTID="174969531" OBJECTGUID="3bd59eaf-78db-4bcb-bf1c-6299825223a7" CHANGEID="689756612" NUMBER="6" OPERTYPEID="10" PREVID="0" NEXTID="0" UPDATEDATE="2025-09-30" STARTDATE="2025-09-30" ENDDATE="2079-06-06" ISACTUAL="1" ISACTIVE="1" /><STEAD ID="74196328" OBJECTID="174970285" OBJECTGUID="56dfc751-6394-46eb-8de6-e8bb7c249b6c" CHANGEID="689758292" NUMBER="2/1а" OPERTYPEID="10" PREVID="0" NEXTID="0" UPDATEDATE="2025-09-30" STARTDATE="2025-09-30" ENDDATE="2079-06-06" ISACTUAL="1" ISACTIVE="1" /><STEAD ID="74198083" OBJECTID="174973537" OBJECTGUID="676f026a-3fad-4262-a4ae-b30a68a666d5" CHANGEID="689784279" NUMBER="188А" OPERTYPEID="10" PREVID="0" NEXTID="0" UPDATEDATE="2025-10-01" STARTDATE="2025-10-01" ENDDATE="2079-06-06" ISACTUAL="1" ISACTIVE="1" /><STEAD ID="74198082" OBJECTID="174973536" OBJECTGUID="18fcbfce-82de-4e52-8377-9ac48cf4d981" CHANGEID="689784278" NUMBER="14" OPERTYPEID="10" PREVID="0" NEXTID="0" UPDATEDATE="2025-10-01" STARTDATE="2025-10-01" ENDDATE="2079-06-06" ISACTUAL="1" ISACTIVE="1" /><STEAD ID="74198084" OBJECTID="174973538" OBJECTGUID="5f7d79a9-741d-457a-8f3b-3209fad8dbc3" CHANGEID="689784280" NUMBER="58" OPERTYPEID="10" PREVID="0" NEXTID="0" UPDATEDATE="2025-10-01" STARTDATE="2025-10-01" ENDDATE="2079-06-06" ISACTUAL="1" ISACTIVE="1" /><STEAD ID="74198125" OBJECTID="174973619" OBJECTGUID="f30766a2-559b-43d1-850b-6bca6b01689e" CHANGEID="689784498" NUMBER="31" OPERTYPEID="10" PREVID="0" NEXTID="0" UPDATEDATE="2025-10-01" STARTDATE="2025-10-01" ENDDATE="2079-06-06" ISACTUAL="1" ISACTIVE="1" /><STEAD ID="74198322" OBJECTID="174974953" OBJECTGUID="c88d0c27-4419-43fb-a337-f6a5c28c74da" CHANGEID="689786655" NUMBER="1" OPERTYPEID="10" PREVID="0" NEXTID="0" UPDATEDATE="2025-10-01" STARTDATE="2025-10-01" ENDDATE="2079-06-06" ISACTUAL="1" ISACTIVE="1" /><STEAD ID="74198609" OBJECTID="174975399" OBJECTGUID="d86034b5-3eb6-4b49-a79e-3e52c16d0354" CHANGEID="689787671" NUMBER="40" OPERTYPEID="10" PREVID="0" NEXTID="0" UPDATEDATE="2025-10-01" STARTDATE="2025-10-01" ENDDATE="2079-06-06" ISACTUAL="1" ISACTIVE="1" /><STEAD ID="74203628" OBJECTID="174984915" OBJECTGUID="46fb385f-aa1a-426e-adc2-1ec292894a9c" CHANGEID="689807018" NUMBER="69А" OPERTYPEID="10" PREVID="0" NEXTID="0" UPDATEDATE="2025-10-01" STARTDATE="2025-10-01" ENDDATE="2079-06-06" ISACTUAL="1" ISACTIVE="1" /><STEAD ID="74203709" OBJECTID="174985021" OBJECTGUID="71de6677-314b-4ec1-8f48-c645ac797552" CHANGEID="689807258" NUMBER="40" OPERTYPEID="10" PREVID="0" NEXTID="0" UPDATEDATE="2025-10-01" STARTDATE="2025-10-01" ENDDATE="2079-06-06" ISACTUAL="1" ISACTIVE="1" /><STEAD ID="74205767" OBJECTID="174988830" OBJECTGUID="501f3103-5eb2-41d6-a2ee-6bbcb8235377" CHANGEID="689813824" NUMBER="7" OPERTYPEID="10" PREVID="0" NEXTID="0" UPDATEDATE="2025-10-01" STARTDATE="2025-10-01" ENDDATE="2079-06-06" ISACTUAL="1" ISACTIVE="1" /><STEAD ID="74207007" OBJECTID="174991900" OBJECTGUID="4a974d1f-2070-4ed1-8e38-d6374b61ae97" CHANGEID="689819859" NUMBER="14/13" OPERTYPEID="10" PREVID="0" NEXTID="0" UPDATEDATE="2025-10-01" STARTDATE="2025-10-01" ENDDATE="2079-06-06" ISACTUAL="1" ISACTIVE="1" /><STEAD ID="74207314" OBJECTID="174992530" OBJECTGUID="bfb8a235-3e15-409e-8816-5abf7eb2ef71" CHANGEID="689822179" NUMBER="51Б" OPERTYPEID="10" PREVID="0" NEXTID="0" UPDATEDATE="2025-10-01" STARTDATE="2025-10-01" ENDDATE="2079-06-06" ISACTUAL="1" ISACTIVE="1" /><STEAD ID="74207315" OBJECTID="174992534" OBJECTGUID="e934e7de-2a0f-4bd4-8681-7bb9fee0623b" CHANGEID="689822221" NUMBER="27/32" OPERTYPEID="10" PREVID="0" NEXTID="0" UPDATEDATE="2025-10-01" STARTDATE="2025-10-01" ENDDATE="2079-06-06" ISACTUAL="1" ISACTIVE="1" /><STEAD ID="74207320" OBJECTID="174992544" OBJECTGUID="3255686b-3338-4ed3-ab90-f80f77ec3f74" CHANGEID="689822268" NUMBER="51Г" OPERTYPEID="10" PREVID="0" NEXTID="0" UPDATEDATE="2025-10-01" STARTDATE="2025-10-01" ENDDATE="2079-06-06" ISACTUAL="1" ISACTIVE="1" /><STEAD ID="74207321" OBJECTID="174992554" OBJECTGUID="e48af608-7500-42de-b8f9-1c68a652ab76" CHANGEID="689822278" NUMBER="17/4" OPERTYPEID="10" PREVID="0" NEXTID="0" UPDATEDATE="2025-10-01" STARTDATE="2025-10-01" ENDDATE="2079-06-06" ISACTUAL="1" ISACTIVE="1" /></STEADS>