﻿<?xml version="1.0" encoding="utf-8"?><HOUSES><HOUSE ID="68777346" OBJECTID="14318557" OBJECTGUID="f598a0a0-1614-4b72-a914-a447e06766e0" CHANGEID="22896493" HOUSENUM="42" HOUSETYPE="2" OPERTYPEID="20" PREVID="7956675" NEXTID="129171486" UPDATEDATE="2025-09-29" STARTDATE="2013-08-14" ENDDATE="2025-09-29" ISACTUAL="0" ISACTIVE="0" /><HOUSE ID="752444" OBJECTID="2707124" OBJECTGUID="df45210d-da52-4611-9f54-81bb82bc1d02" CHANGEID="5879642" HOUSENUM="37" HOUSETYPE="2" OPERTYPEID="10" PREVID="0" NEXTID="129187510" UPDATEDATE="2025-10-01" STARTDATE="1900-01-01" ENDDATE="2025-10-01" ISACTUAL="0" ISACTIVE="0" /><HOUSE ID="759284" OBJECTID="2716493" OBJECTGUID="7f4cd5c3-18e0-41a8-8464-d003307a2d85" CHANGEID="5894060" HOUSENUM="29" HOUSETYPE="2" OPERTYPEID="10" PREVID="0" NEXTID="129187511" UPDATEDATE="2025-10-01" STARTDATE="1900-01-01" ENDDATE="2025-10-01" ISACTUAL="0" ISACTIVE="0" /><HOUSE ID="911531" OBJECTID="2981098" OBJECTGUID="2d601415-67fe-4d1f-8580-24a1b7216f8c" CHANGEID="6270394" HOUSENUM="4" HOUSETYPE="2" OPERTYPEID="10" PREVID="0" NEXTID="129191116" UPDATEDATE="2025-10-01" STARTDATE="1900-01-01" ENDDATE="2025-10-01" ISACTUAL="0" ISACTIVE="0" /><HOUSE ID="913543" OBJECTID="2984680" OBJECTGUID="08a62cc4-67ac-4fc2-8048-8cc8e02c2049" CHANGEID="6275623" HOUSENUM="1" HOUSETYPE="2" OPERTYPEID="10" PREVID="0" NEXTID="129191119" UPDATEDATE="2025-10-01" STARTDATE="1900-01-01" ENDDATE="2025-10-01" ISACTUAL="0" ISACTIVE="0" /><HOUSE ID="4384759" OBJECTID="8592201" OBJECTGUID="17e7b681-845b-4ffe-88ba-6ca9e15b5177" CHANGEID="14479682" HOUSENUM="4" ADDNUM1="2" HOUSETYPE="2" ADDTYPE1="1" OPERTYPEID="10" PREVID="0" NEXTID="129191126" UPDATEDATE="2025-10-01" STARTDATE="1900-01-01" ENDDATE="2025-10-01" ISACTUAL="0" ISACTIVE="0" /><HOUSE ID="4390510" OBJECTID="8601353" OBJECTGUID="f4f7780b-bde2-4566-8c27-ba76adbc76d9" CHANGEID="14493226" HOUSENUM="7" HOUSETYPE="2" OPERTYPEID="10" PREVID="0" NEXTID="129191130" UPDATEDATE="2025-10-01" STARTDATE="1900-01-01" ENDDATE="2025-10-01" ISACTUAL="0" ISACTIVE="0" /><HOUSE ID="11506104" OBJECTID="19785567" OBJECTGUID="f7d82aa1-4122-428f-8de0-5978490d0664" CHANGEID="31023794" HOUSENUM="116" ADDNUM1="П" HOUSETYPE="2" ADDTYPE1="4" OPERTYPEID="10" PREVID="0" NEXTID="129168898" UPDATEDATE="2025-09-29" STARTDATE="1900-01-01" ENDDATE="2025-09-29" ISACTUAL="0" ISACTIVE="0" /><HOUSE ID="15662268" OBJECTID="26396542" OBJECTGUID="48ebff4e-70c1-46fb-90cc-96f0f888584d" CHANGEID="40765401" HOUSENUM="8" ADDNUM1="А" HOUSETYPE="2" ADDTYPE1="4" OPERTYPEID="20" PREVID="15662259" NEXTID="129181262" UPDATEDATE="2025-09-30" STARTDATE="2018-07-26" ENDDATE="2025-09-30" ISACTUAL="0" ISACTIVE="0" /><HOUSE ID="18797320" OBJECTID="31634133" OBJECTGUID="e1b29ba9-de03-4e41-83e8-e24ec0d901eb" CHANGEID="48367681" HOUSENUM="7" ADDNUM1="С" HOUSETYPE="2" ADDTYPE1="4" OPERTYPEID="10" PREVID="0" NEXTID="129167305" UPDATEDATE="2025-09-29" STARTDATE="1900-01-01" ENDDATE="2025-09-29" ISACTUAL="0" ISACTIVE="0" /><HOUSE ID="18810434" OBJECTID="31656464" OBJECTGUID="b0f5d554-0754-4fff-bb80-fbc4592b49b8" CHANGEID="48399804" HOUSENUM="5" ADDNUM1="И" HOUSETYPE="2" ADDTYPE1="4" OPERTYPEID="10" PREVID="0" NEXTID="129167306" UPDATEDATE="2025-09-29" STARTDATE="1900-01-01" ENDDATE="2025-09-29" ISACTUAL="0" ISACTIVE="0" /><HOUSE ID="18886826" OBJECTID="31784151" OBJECTGUID="fe9beba9-5a2a-4d2a-986a-1bae91374fec" CHANGEID="48583489" HOUSENUM="18" ADDNUM1="4" ADDNUM2="Б" HOUSETYPE="2" ADDTYPE1="1" ADDTYPE2="4" OPERTYPEID="10" PREVID="0" NEXTID="129178081" UPDATEDATE="2025-09-30" STARTDATE="1900-01-01" ENDDATE="2025-09-30" ISACTUAL="0" ISACTIVE="0" /><HOUSE ID="20421046" OBJECTID="34309910" OBJECTGUID="0f7b6f02-49a3-434c-ad6d-0c206e88b8ec" CHANGEID="52252932" HOUSENUM="3" ADDNUM1="А" HOUSETYPE="2" ADDTYPE1="4" OPERTYPEID="20" PREVID="20420986" NEXTID="129190597" UPDATEDATE="2025-10-01" STARTDATE="2018-07-26" ENDDATE="2025-10-01" ISACTUAL="0" ISACTIVE="0" /><HOUSE ID="23441557" OBJECTID="39207864" OBJECTGUID="be3c8806-8a25-4c67-9a24-f1b9fe7923f9" CHANGEID="59411978" HOUSENUM="3" ADDNUM1="И" HOUSETYPE="2" ADDTYPE1="4" OPERTYPEID="10" PREVID="0" NEXTID="129181619" UPDATEDATE="2025-09-30" STARTDATE="1900-01-01" ENDDATE="2025-09-30" ISACTUAL="0" ISACTIVE="0" /><HOUSE ID="43693612" OBJECTID="72404249" OBJECTGUID="36cc01fc-59ab-4a29-971a-3250a83637e0" CHANGEID="107822631" HOUSENUM="2" ADDNUM1="Б" HOUSETYPE="2" ADDTYPE1="4" OPERTYPEID="20" PREVID="43693184" NEXTID="129168893" UPDATEDATE="2025-09-29" STARTDATE="2019-02-02" ENDDATE="2025-09-29" ISACTUAL="0" ISACTIVE="0" /><HOUSE ID="54327946" OBJECTID="79282566" OBJECTGUID="299b31a3-3c0d-41dd-a20e-b972c679ed6e" CHANGEID="117842652" HOUSENUM="52" ADDNUM1="Ж" HOUSETYPE="2" ADDTYPE1="4" OPERTYPEID="20" PREVID="47914323" NEXTID="129181623" UPDATEDATE="2025-09-30" STARTDATE="2015-03-27" ENDDATE="2025-09-30" ISACTUAL="0" ISACTIVE="0" /><HOUSE ID="129167297" OBJECTID="31663092" OBJECTGUID="1095153c-18f9-499c-aa6d-dca1e9bbc1f6" CHANGEID="689646404" HOUSENUM="9" ADDNUM1="И" HOUSETYPE="2" ADDTYPE1="4" OPERTYPEID="30" PREVID="18815215" NEXTID="0" UPDATEDATE="2025-09-29" STARTDATE="2025-09-29" ENDDATE="2079-06-06" ISACTUAL="1" ISACTIVE="0" /><HOUSE ID="18815215" OBJECTID="31663092" OBJECTGUID="1095153c-18f9-499c-aa6d-dca1e9bbc1f6" CHANGEID="48410186" HOUSENUM="9" ADDNUM1="И" HOUSETYPE="2" ADDTYPE1="4" OPERTYPEID="20" PREVID="18815149" NEXTID="129167297" UPDATEDATE="2025-09-29" STARTDATE="2019-02-02" ENDDATE="2025-09-29" ISACTUAL="0" ISACTIVE="0" /><HOUSE ID="129167305" OBJECTID="31634133" OBJECTGUID="e1b29ba9-de03-4e41-83e8-e24ec0d901eb" CHANGEID="689646449" HOUSENUM="7" ADDNUM1="С" HOUSETYPE="2" ADDTYPE1="4" OPERTYPEID="30" PREVID="18797320" NEXTID="0" UPDATEDATE="2025-09-29" STARTDATE="2025-09-29" ENDDATE="2079-06-06" ISACTUAL="1" ISACTIVE="0" /><HOUSE ID="129167306" OBJECTID="31656464" OBJECTGUID="b0f5d554-0754-4fff-bb80-fbc4592b49b8" CHANGEID="689646450" HOUSENUM="5" ADDNUM1="И" HOUSETYPE="2" ADDTYPE1="4" OPERTYPEID="30" PREVID="18810434" NEXTID="0" UPDATEDATE="2025-09-29" STARTDATE="2025-09-29" ENDDATE="2079-06-06" ISACTUAL="1" ISACTIVE="0" /><HOUSE ID="129167906" OBJECTID="174921986" OBJECTGUID="ef639b47-b355-446f-9cb7-358d8bd6033d" CHANGEID="689649364" HOUSENUM="34а" ADDNUM1="1" HOUSETYPE="2" ADDTYPE1="2" OPERTYPEID="10" PREVID="0" NEXTID="0" UPDATEDATE="2025-09-29" STARTDATE="2025-09-29" ENDDATE="2079-06-06" ISACTUAL="1" ISACTIVE="1" /><HOUSE ID="129168886" OBJECTID="1766646" OBJECTGUID="2005124a-5062-43fb-aeb8-dcb2c500a406" CHANGEID="689653105" HOUSENUM="1" ADDNUM1="2" ADDNUM2="А" HOUSETYPE="2" ADDTYPE1="1" ADDTYPE2="4" OPERTYPEID="30" PREVID="198935" NEXTID="0" UPDATEDATE="2025-09-29" STARTDATE="2025-09-29" ENDDATE="2079-06-06" ISACTUAL="1" ISACTIVE="0" /><HOUSE ID="198935" OBJECTID="1766646" OBJECTGUID="2005124a-5062-43fb-aeb8-dcb2c500a406" CHANGEID="4514809" HOUSENUM="1" ADDNUM1="2" ADDNUM2="А" HOUSETYPE="2" ADDTYPE1="1" ADDTYPE2="4" OPERTYPEID="20" PREVID="198921" NEXTID="129168886" UPDATEDATE="2025-09-29" STARTDATE="2019-02-02" ENDDATE="2025-09-29" ISACTUAL="0" ISACTIVE="0" /><HOUSE ID="129168893" OBJECTID="72404249" OBJECTGUID="36cc01fc-59ab-4a29-971a-3250a83637e0" CHANGEID="689653147" HOUSENUM="2" ADDNUM1="Б" HOUSETYPE="2" ADDTYPE1="4" OPERTYPEID="30" PREVID="43693612" NEXTID="0" UPDATEDATE="2025-09-29" STARTDATE="2025-09-29" ENDDATE="2079-06-06" ISACTUAL="1" ISACTIVE="0" /><HOUSE ID="129168898" OBJECTID="19785567" OBJECTGUID="f7d82aa1-4122-428f-8de0-5978490d0664" CHANGEID="689653173" HOUSENUM="116" ADDNUM1="П" HOUSETYPE="2" ADDTYPE1="4" OPERTYPEID="30" PREVID="11506104" NEXTID="0" UPDATEDATE="2025-09-29" STARTDATE="2025-09-29" ENDDATE="2079-06-06" ISACTUAL="1" ISACTIVE="0" /><HOUSE ID="129168902" OBJECTID="19719236" OBJECTGUID="78811cb7-6300-4885-abfe-b17a3b83fa5b" CHANGEID="689653185" HOUSENUM="116" ADDNUM1="Н" HOUSETYPE="2" ADDTYPE1="4" OPERTYPEID="30" PREVID="11462935" NEXTID="0" UPDATEDATE="2025-09-29" STARTDATE="2025-09-29" ENDDATE="2079-06-06" ISACTUAL="1" ISACTIVE="0" /><HOUSE ID="11462935" OBJECTID="19719236" OBJECTGUID="78811cb7-6300-4885-abfe-b17a3b83fa5b" CHANGEID="30924182" HOUSENUM="116" ADDNUM1="Н" HOUSETYPE="2" ADDTYPE1="4" OPERTYPEID="10" PREVID="0" NEXTID="129168902" UPDATEDATE="2025-09-29" STARTDATE="1900-01-01" ENDDATE="2025-09-29" ISACTUAL="0" ISACTIVE="0" /><HOUSE ID="129170672" OBJECTID="31519689" OBJECTGUID="1c453f62-46ff-41bb-8d29-44162b3c7858" CHANGEID="689669068" HOUSENUM="5" ADDNUM1="Л" HOUSETYPE="2" ADDTYPE1="4" OPERTYPEID="30" PREVID="18720536" NEXTID="0" UPDATEDATE="2025-09-29" STARTDATE="2025-09-29" ENDDATE="2079-06-06" ISACTUAL="1" ISACTIVE="0" /><HOUSE ID="18720536" OBJECTID="31519689" OBJECTGUID="1c453f62-46ff-41bb-8d29-44162b3c7858" CHANGEID="48194614" HOUSENUM="5" ADDNUM1="Л" HOUSETYPE="2" ADDTYPE1="4" OPERTYPEID="10" PREVID="0" NEXTID="129170672" UPDATEDATE="2025-09-29" STARTDATE="1900-01-01" ENDDATE="2025-09-29" ISACTUAL="0" ISACTIVE="0" /><HOUSE ID="129170673" OBJECTID="31524314" OBJECTGUID="13902562-7490-40f9-8f6c-4a54441fee08" CHANGEID="689669069" HOUSENUM="5" ADDNUM1="Е" HOUSETYPE="2" ADDTYPE1="4" OPERTYPEID="30" PREVID="18723353" NEXTID="0" UPDATEDATE="2025-09-29" STARTDATE="2025-09-29" ENDDATE="2079-06-06" ISACTUAL="1" ISACTIVE="0" /><HOUSE ID="18723353" OBJECTID="31524314" OBJECTGUID="13902562-7490-40f9-8f6c-4a54441fee08" CHANGEID="48201383" HOUSENUM="5" ADDNUM1="Е" HOUSETYPE="2" ADDTYPE1="4" OPERTYPEID="10" PREVID="0" NEXTID="129170673" UPDATEDATE="2025-09-29" STARTDATE="1900-01-01" ENDDATE="2025-09-29" ISACTUAL="0" ISACTIVE="0" /><HOUSE ID="129170674" OBJECTID="31558278" OBJECTGUID="6143a700-f2db-48f9-895b-81559bd578ba" CHANGEID="689669070" HOUSENUM="5" ADDNUM1="О" HOUSETYPE="2" ADDTYPE1="4" OPERTYPEID="30" PREVID="18748030" NEXTID="0" UPDATEDATE="2025-09-29" STARTDATE="2025-09-29" ENDDATE="2079-06-06" ISACTUAL="1" ISACTIVE="0" /><HOUSE ID="18748030" OBJECTID="31558278" OBJECTGUID="6143a700-f2db-48f9-895b-81559bd578ba" CHANGEID="48254319" HOUSENUM="5" ADDNUM1="О" HOUSETYPE="2" ADDTYPE1="4" OPERTYPEID="10" PREVID="0" NEXTID="129170674" UPDATEDATE="2025-09-29" STARTDATE="1900-01-01" ENDDATE="2025-09-29" ISACTUAL="0" ISACTIVE="0" /><HOUSE ID="129170675" OBJECTID="31671390" OBJECTGUID="0f89f219-abd7-4368-9768-4c9f6cafb5ac" CHANGEID="689669071" HOUSENUM="5" ADDNUM1="М" HOUSETYPE="2" ADDTYPE1="4" OPERTYPEID="30" PREVID="18821590" NEXTID="0" UPDATEDATE="2025-09-29" STARTDATE="2025-09-29" ENDDATE="2079-06-06" ISACTUAL="1" ISACTIVE="0" /><HOUSE ID="18821590" OBJECTID="31671390" OBJECTGUID="0f89f219-abd7-4368-9768-4c9f6cafb5ac" CHANGEID="48423508" HOUSENUM="5" ADDNUM1="М" HOUSETYPE="2" ADDTYPE1="4" OPERTYPEID="20" PREVID="18821252" NEXTID="129170675" UPDATEDATE="2025-09-29" STARTDATE="2019-02-02" ENDDATE="2025-09-29" ISACTUAL="0" ISACTIVE="0" /><HOUSE ID="129170680" OBJECTID="31546127" OBJECTGUID="05fbc02e-fbad-48c5-91d8-79ea021a2e6c" CHANGEID="689669140" HOUSENUM="5" ADDNUM1="Д" HOUSETYPE="2" ADDTYPE1="4" OPERTYPEID="30" PREVID="18739508" NEXTID="0" UPDATEDATE="2025-09-29" STARTDATE="2025-09-29" ENDDATE="2079-06-06" ISACTUAL="1" ISACTIVE="0" /><HOUSE ID="18739508" OBJECTID="31546127" OBJECTGUID="05fbc02e-fbad-48c5-91d8-79ea021a2e6c" CHANGEID="48235356" HOUSENUM="5" ADDNUM1="Д" HOUSETYPE="2" ADDTYPE1="4" OPERTYPEID="10" PREVID="0" NEXTID="129170680" UPDATEDATE="2025-09-29" STARTDATE="1900-01-01" ENDDATE="2025-09-29" ISACTUAL="0" ISACTIVE="0" /><HOUSE ID="129170686" OBJECTID="31677956" OBJECTGUID="a73c2a23-8d21-41a6-a155-7bb34543004c" CHANGEID="689669185" HOUSENUM="7" ADDNUM1="О" HOUSETYPE="2" ADDTYPE1="4" OPERTYPEID="30" PREVID="18826922" NEXTID="0" UPDATEDATE="2025-09-29" STARTDATE="2025-09-29" ENDDATE="2079-06-06" ISACTUAL="1" ISACTIVE="0" /><HOUSE ID="18826922" OBJECTID="31677956" OBJECTGUID="a73c2a23-8d21-41a6-a155-7bb34543004c" CHANGEID="48434752" HOUSENUM="7" ADDNUM1="О" HOUSETYPE="2" ADDTYPE1="4" OPERTYPEID="20" PREVID="18826108" NEXTID="129170686" UPDATEDATE="2025-09-29" STARTDATE="2019-02-02" ENDDATE="2025-09-29" ISACTUAL="0" ISACTIVE="0" /><HOUSE ID="129171486" OBJECTID="14318557" OBJECTGUID="f598a0a0-1614-4b72-a914-a447e06766e0" CHANGEID="689675090" HOUSENUM="42" HOUSETYPE="2" OPERTYPEID="30" PREVID="68777346" NEXTID="0" UPDATEDATE="2025-09-29" STARTDATE="2025-09-29" ENDDATE="2079-06-06" ISACTUAL="1" ISACTIVE="0" /><HOUSE ID="129176333" OBJECTID="174948970" OBJECTGUID="3689e9de-853d-40a2-80e8-d049eb3235db" CHANGEID="689708125" HOUSENUM="40" ADDNUM1="1" HOUSETYPE="2" ADDTYPE1="2" OPERTYPEID="10" PREVID="0" NEXTID="0" UPDATEDATE="2025-09-30" STARTDATE="2025-09-30" ENDDATE="2079-06-06" ISACTUAL="1" ISACTIVE="1" /><HOUSE ID="129176334" OBJECTID="174948972" OBJECTGUID="5413db25-2b32-4151-8883-636d8e1d151f" CHANGEID="689708127" HOUSENUM="85" ADDNUM1="1" HOUSETYPE="2" ADDTYPE1="2" OPERTYPEID="10" PREVID="0" NEXTID="0" UPDATEDATE="2025-09-30" STARTDATE="2025-09-30" ENDDATE="2079-06-06" ISACTUAL="1" ISACTIVE="1" /><HOUSE ID="129178081" OBJECTID="31784151" OBJECTGUID="fe9beba9-5a2a-4d2a-986a-1bae91374fec" CHANGEID="689718593" HOUSENUM="18" ADDNUM1="4" ADDNUM2="Б" HOUSETYPE="2" ADDTYPE1="1" ADDTYPE2="4" OPERTYPEID="30" PREVID="18886826" NEXTID="0" UPDATEDATE="2025-09-30" STARTDATE="2025-09-30" ENDDATE="2079-06-06" ISACTUAL="1" ISACTIVE="0" /><HOUSE ID="129179913" OBJECTID="35922659" OBJECTGUID="edc43dd8-afee-4cb4-b0a8-3a93ee7375a4" CHANGEID="689733059" HOUSENUM="3" ADDNUM1="А" HOUSETYPE="2" ADDTYPE1="4" OPERTYPEID="30" PREVID="21348098" NEXTID="0" UPDATEDATE="2025-09-30" STARTDATE="2025-09-30" ENDDATE="2079-06-06" ISACTUAL="1" ISACTIVE="0" /><HOUSE ID="21348098" OBJECTID="35922659" OBJECTGUID="edc43dd8-afee-4cb4-b0a8-3a93ee7375a4" CHANGEID="54551474" HOUSENUM="3" ADDNUM1="А" HOUSETYPE="2" ADDTYPE1="4" OPERTYPEID="20" PREVID="21347965" NEXTID="129179913" UPDATEDATE="2025-09-30" STARTDATE="2018-07-26" ENDDATE="2025-09-30" ISACTUAL="0" ISACTIVE="0" /><HOUSE ID="129180129" OBJECTID="174959264" OBJECTGUID="97f1d1fa-c72c-48cd-88bc-ebbce8a12db7" CHANGEID="689733784" HOUSENUM="18" ADDNUM1="4" ADDNUM2="Б" HOUSETYPE="2" ADDTYPE1="1" ADDTYPE2="4" OPERTYPEID="10" PREVID="0" NEXTID="0" UPDATEDATE="2025-09-30" STARTDATE="2025-09-30" ENDDATE="2079-06-06" ISACTUAL="1" ISACTIVE="1" /><HOUSE ID="129180184" OBJECTID="174959459" OBJECTGUID="defae549-f5d3-4b46-b7eb-f97b7a2b4ea4" CHANGEID="689734191" HOUSENUM="25" ADDNUM1="1" HOUSETYPE="2" ADDTYPE1="2" OPERTYPEID="10" PREVID="0" NEXTID="0" UPDATEDATE="2025-09-30" STARTDATE="2025-09-30" ENDDATE="2079-06-06" ISACTUAL="1" ISACTIVE="1" /><HOUSE ID="129181032" OBJECTID="70417435" OBJECTGUID="a88f74d3-5593-4dfe-8b9a-950ee11c8513" CHANGEID="689741322" HOUSENUM="1" ADDNUM1="Б" HOUSETYPE="2" ADDTYPE1="4" OPERTYPEID="30" PREVID="42483603" NEXTID="0" UPDATEDATE="2025-09-30" STARTDATE="2025-09-30" ENDDATE="2079-06-06" ISACTUAL="1" ISACTIVE="0" /><HOUSE ID="42483603" OBJECTID="70417435" OBJECTGUID="a88f74d3-5593-4dfe-8b9a-950ee11c8513" CHANGEID="104927830" HOUSENUM="1" ADDNUM1="Б" HOUSETYPE="2" ADDTYPE1="4" OPERTYPEID="10" PREVID="0" NEXTID="129181032" UPDATEDATE="2025-09-30" STARTDATE="1900-01-01" ENDDATE="2025-09-30" ISACTUAL="0" ISACTIVE="0" /><HOUSE ID="129181258" OBJECTID="26396713" OBJECTGUID="440941c7-050c-4c85-b23b-fd90aecb58b6" CHANGEID="689742359" HOUSENUM="18" ADDNUM1="А" HOUSETYPE="2" ADDTYPE1="4" OPERTYPEID="30" PREVID="15663121" NEXTID="0" UPDATEDATE="2025-09-30" STARTDATE="2025-09-30" ENDDATE="2079-06-06" ISACTUAL="1" ISACTIVE="0" /><HOUSE ID="15663121" OBJECTID="26396713" OBJECTGUID="440941c7-050c-4c85-b23b-fd90aecb58b6" CHANGEID="40767293" HOUSENUM="18" ADDNUM1="А" HOUSETYPE="2" ADDTYPE1="4" OPERTYPEID="20" PREVID="15662349" NEXTID="129181258" UPDATEDATE="2025-09-30" STARTDATE="2018-07-26" ENDDATE="2025-09-30" ISACTUAL="0" ISACTIVE="0" /><HOUSE ID="129181262" OBJECTID="26396542" OBJECTGUID="48ebff4e-70c1-46fb-90cc-96f0f888584d" CHANGEID="689742377" HOUSENUM="8" ADDNUM1="А" HOUSETYPE="2" ADDTYPE1="4" OPERTYPEID="30" PREVID="15662268" NEXTID="0" UPDATEDATE="2025-09-30" STARTDATE="2025-09-30" ENDDATE="2079-06-06" ISACTUAL="1" ISACTIVE="0" /><HOUSE ID="129181264" OBJECTID="2234179" OBJECTGUID="66653ae0-f5c6-4eef-b2a8-6abe97e5eacb" CHANGEID="689742390" HOUSENUM="7" ADDNUM1="А" HOUSETYPE="2" ADDTYPE1="4" OPERTYPEID="30" PREVID="480067" NEXTID="0" UPDATEDATE="2025-09-30" STARTDATE="2025-09-30" ENDDATE="2079-06-06" ISACTUAL="1" ISACTIVE="0" /><HOUSE ID="480067" OBJECTID="2234179" OBJECTGUID="66653ae0-f5c6-4eef-b2a8-6abe97e5eacb" CHANGEID="5193694" HOUSENUM="7" ADDNUM1="А" HOUSETYPE="2" ADDTYPE1="4" OPERTYPEID="20" PREVID="480011" NEXTID="129181264" UPDATEDATE="2025-09-30" STARTDATE="2018-07-26" ENDDATE="2025-09-30" ISACTUAL="0" ISACTIVE="0" /><HOUSE ID="129181619" OBJECTID="39207864" OBJECTGUID="be3c8806-8a25-4c67-9a24-f1b9fe7923f9" CHANGEID="689744730" HOUSENUM="3" ADDNUM1="И" HOUSETYPE="2" ADDTYPE1="4" OPERTYPEID="30" PREVID="23441557" NEXTID="0" UPDATEDATE="2025-09-30" STARTDATE="2025-09-30" ENDDATE="2079-06-06" ISACTUAL="1" ISACTIVE="0" /><HOUSE ID="129181621" OBJECTID="35024786" OBJECTGUID="1b7fde85-ad45-4f8b-a8b8-814eb0e64cbf" CHANGEID="689744732" HOUSENUM="48" ADDNUM1="А" HOUSETYPE="2" ADDTYPE1="4" OPERTYPEID="30" PREVID="20827171" NEXTID="0" UPDATEDATE="2025-09-30" STARTDATE="2025-09-30" ENDDATE="2079-06-06" ISACTUAL="1" ISACTIVE="0" /><HOUSE ID="20827171" OBJECTID="35024786" OBJECTGUID="1b7fde85-ad45-4f8b-a8b8-814eb0e64cbf" CHANGEID="53266235" HOUSENUM="48" ADDNUM1="А" HOUSETYPE="2" ADDTYPE1="4" OPERTYPEID="20" PREVID="20827151" NEXTID="129181621" UPDATEDATE="2025-09-30" STARTDATE="2018-07-26" ENDDATE="2025-09-30" ISACTUAL="0" ISACTIVE="0" /><HOUSE ID="129181622" OBJECTID="8908659" OBJECTGUID="da91cabd-5859-482e-80f5-68fe6a1416e9" CHANGEID="689744733" HOUSENUM="3" ADDNUM1="А" HOUSETYPE="2" ADDTYPE1="4" OPERTYPEID="30" PREVID="4594539" NEXTID="0" UPDATEDATE="2025-09-30" STARTDATE="2025-09-30" ENDDATE="2079-06-06" ISACTUAL="1" ISACTIVE="0" /><HOUSE ID="4594539" OBJECTID="8908659" OBJECTGUID="da91cabd-5859-482e-80f5-68fe6a1416e9" CHANGEID="14953183" HOUSENUM="3" ADDNUM1="А" HOUSETYPE="2" ADDTYPE1="4" OPERTYPEID="20" PREVID="4594297" NEXTID="129181622" UPDATEDATE="2025-09-30" STARTDATE="2018-07-26" ENDDATE="2025-09-30" ISACTUAL="0" ISACTIVE="0" /><HOUSE ID="129181623" OBJECTID="79282566" OBJECTGUID="299b31a3-3c0d-41dd-a20e-b972c679ed6e" CHANGEID="689744735" HOUSENUM="52" ADDNUM1="Ж" HOUSETYPE="2" ADDTYPE1="4" OPERTYPEID="30" PREVID="54327946" NEXTID="0" UPDATEDATE="2025-09-30" STARTDATE="2025-09-30" ENDDATE="2079-06-06" ISACTUAL="1" ISACTIVE="0" /><HOUSE ID="129181624" OBJECTID="60732653" OBJECTGUID="1fd09ed3-69dd-4389-9a91-fdc2c296c0d9" CHANGEID="689744737" HOUSENUM="30" ADDNUM1="А" HOUSETYPE="2" ADDTYPE1="4" OPERTYPEID="30" PREVID="36383317" NEXTID="0" UPDATEDATE="2025-09-30" STARTDATE="2025-09-30" ENDDATE="2079-06-06" ISACTUAL="1" ISACTIVE="0" /><HOUSE ID="36383317" OBJECTID="60732653" OBJECTGUID="1fd09ed3-69dd-4389-9a91-fdc2c296c0d9" CHANGEID="90667113" HOUSENUM="30" ADDNUM1="А" HOUSETYPE="2" ADDTYPE1="4" OPERTYPEID="20" PREVID="36383271" NEXTID="129181624" UPDATEDATE="2025-09-30" STARTDATE="2018-07-26" ENDDATE="2025-09-30" ISACTUAL="0" ISACTIVE="0" /><HOUSE ID="129181625" OBJECTID="25489391" OBJECTGUID="8ad579f1-b4f6-4942-aec5-84f93cf9d2e9" CHANGEID="689744739" HOUSENUM="41" ADDNUM1="А" HOUSETYPE="2" ADDTYPE1="4" OPERTYPEID="30" PREVID="15098057" NEXTID="0" UPDATEDATE="2025-09-30" STARTDATE="2025-09-30" ENDDATE="2079-06-06" ISACTUAL="1" ISACTIVE="0" /><HOUSE ID="15098057" OBJECTID="25489391" OBJECTGUID="8ad579f1-b4f6-4942-aec5-84f93cf9d2e9" CHANGEID="39435130" HOUSENUM="41" ADDNUM1="А" HOUSETYPE="2" ADDTYPE1="4" OPERTYPEID="20" PREVID="15098053" NEXTID="129181625" UPDATEDATE="2025-09-30" STARTDATE="2018-07-26" ENDDATE="2025-09-30" ISACTUAL="0" ISACTIVE="0" /><HOUSE ID="129181626" OBJECTID="25487342" OBJECTGUID="6c714005-57d9-4758-abf1-528afa97bd78" CHANGEID="689744741" HOUSENUM="36" ADDNUM1="А" HOUSETYPE="2" ADDTYPE1="4" OPERTYPEID="30" PREVID="15096746" NEXTID="0" UPDATEDATE="2025-09-30" STARTDATE="2025-09-30" ENDDATE="2079-06-06" ISACTUAL="1" ISACTIVE="0" /><HOUSE ID="15096746" OBJECTID="25487342" OBJECTGUID="6c714005-57d9-4758-abf1-528afa97bd78" CHANGEID="39431881" HOUSENUM="36" ADDNUM1="А" HOUSETYPE="2" ADDTYPE1="4" OPERTYPEID="20" PREVID="15096715" NEXTID="129181626" UPDATEDATE="2025-09-30" STARTDATE="2018-07-26" ENDDATE="2025-09-30" ISACTUAL="0" ISACTIVE="0" /><HOUSE ID="129183418" OBJECTID="174969204" OBJECTGUID="ef31da67-a64b-4efc-894d-6238fdfa8490" CHANGEID="689755971" HOUSENUM="244" ADDNUM1="1" HOUSETYPE="2" ADDTYPE1="2" OPERTYPEID="10" PREVID="0" NEXTID="0" UPDATEDATE="2025-09-30" STARTDATE="2025-09-30" ENDDATE="2079-06-06" ISACTUAL="1" ISACTIVE="1" /><HOUSE ID="129183490" OBJECTID="82624574" OBJECTGUID="1c258074-24f5-4f63-9a17-73185d8a4b7f" CHANGEID="689756331" HOUSENUM="21" ADDNUM1="А" HOUSETYPE="2" ADDTYPE1="4" OPERTYPEID="30" PREVID="49998442" NEXTID="0" UPDATEDATE="2025-09-30" STARTDATE="2025-09-30" ENDDATE="2079-06-06" ISACTUAL="1" ISACTIVE="0" /><HOUSE ID="49998442" OBJECTID="82624574" OBJECTGUID="1c258074-24f5-4f63-9a17-73185d8a4b7f" CHANGEID="122746607" HOUSENUM="21" ADDNUM1="А" HOUSETYPE="2" ADDTYPE1="4" OPERTYPEID="20" PREVID="49998287" NEXTID="129183490" UPDATEDATE="2025-09-30" STARTDATE="2018-07-26" ENDDATE="2025-09-30" ISACTUAL="0" ISACTIVE="0" /><HOUSE ID="129183504" OBJECTID="12601121" OBJECTGUID="e4a3ae3c-b7f5-4859-bfa1-425918312288" CHANGEID="689756485" HOUSENUM="8а" HOUSETYPE="2" OPERTYPEID="30" PREVID="6813188" NEXTID="0" UPDATEDATE="2025-09-30" STARTDATE="2025-09-30" ENDDATE="2079-06-06" ISACTUAL="1" ISACTIVE="0" /><HOUSE ID="6813188" OBJECTID="12601121" OBJECTGUID="e4a3ae3c-b7f5-4859-bfa1-425918312288" CHANGEID="20314752" HOUSENUM="8а" HOUSETYPE="2" OPERTYPEID="10" PREVID="0" NEXTID="129183504" UPDATEDATE="2025-09-30" STARTDATE="1900-01-01" ENDDATE="2025-09-30" ISACTUAL="0" ISACTIVE="0" /><HOUSE ID="129185171" OBJECTID="174973586" OBJECTGUID="ec0ed4aa-05de-4802-8351-593eee49f051" CHANGEID="689784405" HOUSENUM="3" ADDNUM1="1" HOUSETYPE="2" ADDTYPE1="2" OPERTYPEID="10" PREVID="0" NEXTID="0" UPDATEDATE="2025-10-01" STARTDATE="2025-10-01" ENDDATE="2079-06-06" ISACTUAL="1" ISACTIVE="1" /><HOUSE ID="129185371" OBJECTID="174974914" OBJECTGUID="bdef9c57-39d4-42ef-a02b-6bbd463b5bd1" CHANGEID="689786388" HOUSENUM="8" ADDNUM1="1" HOUSETYPE="2" ADDTYPE1="2" OPERTYPEID="10" PREVID="0" NEXTID="0" UPDATEDATE="2025-10-01" STARTDATE="2025-10-01" ENDDATE="2079-06-06" ISACTUAL="1" ISACTIVE="1" /><HOUSE ID="129186280" OBJECTID="55045153" OBJECTGUID="bc726e9c-f6fc-4b37-bb93-cb50c025fcd5" CHANGEID="689793866" HOUSENUM="22" ADDNUM1="2" ADDNUM2="А" HOUSETYPE="2" ADDTYPE1="1" ADDTYPE2="4" OPERTYPEID="30" PREVID="32875899" NEXTID="0" UPDATEDATE="2025-10-01" STARTDATE="2025-10-01" ENDDATE="2079-06-06" ISACTUAL="1" ISACTIVE="0" /><HOUSE ID="32875899" OBJECTID="55045153" OBJECTGUID="bc726e9c-f6fc-4b37-bb93-cb50c025fcd5" CHANGEID="82334454" HOUSENUM="22" ADDNUM1="2" ADDNUM2="А" HOUSETYPE="2" ADDTYPE1="1" ADDTYPE2="4" OPERTYPEID="20" PREVID="32875220" NEXTID="129186280" UPDATEDATE="2025-10-01" STARTDATE="2018-07-26" ENDDATE="2025-10-01" ISACTUAL="0" ISACTIVE="0" /><HOUSE ID="129187160" OBJECTID="174981082" OBJECTGUID="61dccb78-b727-4116-aaf0-d3c065524a51" CHANGEID="689798771" HOUSENUM="39" ADDNUM1="1" HOUSETYPE="2" ADDTYPE1="2" OPERTYPEID="10" PREVID="0" NEXTID="0" UPDATEDATE="2025-10-01" STARTDATE="2025-10-01" ENDDATE="2079-06-06" ISACTUAL="1" ISACTIVE="1" /><HOUSE ID="129187512" OBJECTID="2716616" OBJECTGUID="91bcd5c5-511c-47e7-90cf-d18c9ec893e9" CHANGEID="689801102" HOUSENUM="40" HOUSETYPE="2" OPERTYPEID="30" PREVID="759401" NEXTID="0" UPDATEDATE="2025-10-01" STARTDATE="2025-10-01" ENDDATE="2079-06-06" ISACTUAL="1" ISACTIVE="0" /><HOUSE ID="759401" OBJECTID="2716616" OBJECTGUID="91bcd5c5-511c-47e7-90cf-d18c9ec893e9" CHANGEID="5894284" HOUSENUM="40" HOUSETYPE="2" OPERTYPEID="10" PREVID="0" NEXTID="129187512" UPDATEDATE="2025-10-01" STARTDATE="1900-01-01" ENDDATE="2025-10-01" ISACTUAL="0" ISACTIVE="0" /><HOUSE ID="129187517" OBJECTID="2753592" OBJECTGUID="240ea33f-36c0-4ae5-946d-62fd50326c64" CHANGEID="689801108" HOUSENUM="29" ADDNUM1="3" HOUSETYPE="2" ADDTYPE1="1" OPERTYPEID="30" PREVID="786699" NEXTID="0" UPDATEDATE="2025-10-01" STARTDATE="2025-10-01" ENDDATE="2079-06-06" ISACTUAL="1" ISACTIVE="0" /><HOUSE ID="786699" OBJECTID="2753592" OBJECTGUID="240ea33f-36c0-4ae5-946d-62fd50326c64" CHANGEID="5952299" HOUSENUM="29" ADDNUM1="3" HOUSETYPE="2" ADDTYPE1="1" OPERTYPEID="10" PREVID="0" NEXTID="129187517" UPDATEDATE="2025-10-01" STARTDATE="1900-01-01" ENDDATE="2025-10-01" ISACTUAL="0" ISACTIVE="0" /><HOUSE ID="129187510" OBJECTID="2707124" OBJECTGUID="df45210d-da52-4611-9f54-81bb82bc1d02" CHANGEID="689801099" HOUSENUM="37" HOUSETYPE="2" OPERTYPEID="30" PREVID="752444" NEXTID="0" UPDATEDATE="2025-10-01" STARTDATE="2025-10-01" ENDDATE="2079-06-06" ISACTUAL="1" ISACTIVE="0" /><HOUSE ID="129187511" OBJECTID="2716493" OBJECTGUID="7f4cd5c3-18e0-41a8-8464-d003307a2d85" CHANGEID="689801101" HOUSENUM="29" HOUSETYPE="2" OPERTYPEID="30" PREVID="759284" NEXTID="0" UPDATEDATE="2025-10-01" STARTDATE="2025-10-01" ENDDATE="2079-06-06" ISACTUAL="1" ISACTIVE="0" /><HOUSE ID="129187513" OBJECTID="2720842" OBJECTGUID="e02cc52d-52b1-43a8-8ca1-da762bc17640" CHANGEID="689801103" HOUSENUM="36" HOUSETYPE="2" OPERTYPEID="30" PREVID="762933" NEXTID="0" UPDATEDATE="2025-10-01" STARTDATE="2025-10-01" ENDDATE="2079-06-06" ISACTUAL="1" ISACTIVE="0" /><HOUSE ID="762933" OBJECTID="2720842" OBJECTGUID="e02cc52d-52b1-43a8-8ca1-da762bc17640" CHANGEID="5901062" HOUSENUM="36" HOUSETYPE="2" OPERTYPEID="10" PREVID="0" NEXTID="129187513" UPDATEDATE="2025-10-01" STARTDATE="1900-01-01" ENDDATE="2025-10-01" ISACTUAL="0" ISACTIVE="0" /><HOUSE ID="129187514" OBJECTID="2721711" OBJECTGUID="3b98757f-d26e-4336-be0a-ed5eec16412d" CHANGEID="689801105" HOUSENUM="102" ADDNUM1="2" HOUSETYPE="2" ADDTYPE1="1" OPERTYPEID="30" PREVID="763714" NEXTID="0" UPDATEDATE="2025-10-01" STARTDATE="2025-10-01" ENDDATE="2079-06-06" ISACTUAL="1" ISACTIVE="0" /><HOUSE ID="763714" OBJECTID="2721711" OBJECTGUID="3b98757f-d26e-4336-be0a-ed5eec16412d" CHANGEID="5902492" HOUSENUM="102" ADDNUM1="2" HOUSETYPE="2" ADDTYPE1="1" OPERTYPEID="10" PREVID="0" NEXTID="129187514" UPDATEDATE="2025-10-01" STARTDATE="1900-01-01" ENDDATE="2025-10-01" ISACTUAL="0" ISACTIVE="0" /><HOUSE ID="129187516" OBJECTID="2749954" OBJECTGUID="fd0f5fd3-48b9-428c-97b4-4e39db566048" CHANGEID="689801107" HOUSENUM="82" ADDNUM1="2" HOUSETYPE="2" ADDTYPE1="1" OPERTYPEID="30" PREVID="784468" NEXTID="0" UPDATEDATE="2025-10-01" STARTDATE="2025-10-01" ENDDATE="2079-06-06" ISACTUAL="1" ISACTIVE="0" /><HOUSE ID="784468" OBJECTID="2749954" OBJECTGUID="fd0f5fd3-48b9-428c-97b4-4e39db566048" CHANGEID="5947066" HOUSENUM="82" ADDNUM1="2" HOUSETYPE="2" ADDTYPE1="1" OPERTYPEID="10" PREVID="0" NEXTID="129187516" UPDATEDATE="2025-10-01" STARTDATE="1900-01-01" ENDDATE="2025-10-01" ISACTUAL="0" ISACTIVE="0" /><HOUSE ID="129187547" OBJECTID="174982282" OBJECTGUID="3af9379e-9647-4fda-be74-382b043b165f" CHANGEID="689801146" HOUSENUM="7" ADDNUM1="1" HOUSETYPE="2" ADDTYPE1="2" OPERTYPEID="10" PREVID="0" NEXTID="0" UPDATEDATE="2025-10-01" STARTDATE="2025-10-01" ENDDATE="2079-06-06" ISACTUAL="1" ISACTIVE="1" /><HOUSE ID="129187549" OBJECTID="174982284" OBJECTGUID="828c2b03-6cc4-4770-8601-cda6e7a1cd9d" CHANGEID="689801149" HOUSENUM="291" ADDNUM1="1" HOUSETYPE="2" ADDTYPE1="2" OPERTYPEID="10" PREVID="0" NEXTID="0" UPDATEDATE="2025-10-01" STARTDATE="2025-10-01" ENDDATE="2079-06-06" ISACTUAL="1" ISACTIVE="1" /><HOUSE ID="129190597" OBJECTID="34309910" OBJECTGUID="0f7b6f02-49a3-434c-ad6d-0c206e88b8ec" CHANGEID="689817829" HOUSENUM="3" ADDNUM1="А" HOUSETYPE="2" ADDTYPE1="4" OPERTYPEID="30" PREVID="20421046" NEXTID="0" UPDATEDATE="2025-10-01" STARTDATE="2025-10-01" ENDDATE="2079-06-06" ISACTUAL="1" ISACTIVE="0" /><HOUSE ID="129190972" OBJECTID="174991458" OBJECTGUID="62fe75bf-8e24-436f-ac21-990b2b980f04" CHANGEID="689819100" HOUSENUM="3" ADDNUM1="1" HOUSETYPE="2" ADDTYPE1="2" OPERTYPEID="10" PREVID="0" NEXTID="0" UPDATEDATE="2025-10-01" STARTDATE="2025-10-01" ENDDATE="2079-06-06" ISACTUAL="1" ISACTIVE="1" /><HOUSE ID="129190970" OBJECTID="174991456" OBJECTGUID="dc952a0c-1c33-4b49-bdf5-b401ae3fdc4c" CHANGEID="689819097" HOUSENUM="27" ADDNUM1="1" HOUSETYPE="2" ADDTYPE1="2" OPERTYPEID="10" PREVID="0" NEXTID="0" UPDATEDATE="2025-10-01" STARTDATE="2025-10-01" ENDDATE="2079-06-06" ISACTUAL="1" ISACTIVE="1" /><HOUSE ID="129190986" OBJECTID="174991530" OBJECTGUID="31ec46c7-37e4-4fb1-bd86-456f0b118d85" CHANGEID="689819210" HOUSENUM="2" ADDNUM1="1" HOUSETYPE="2" ADDTYPE1="2" OPERTYPEID="10" PREVID="0" NEXTID="0" UPDATEDATE="2025-10-01" STARTDATE="2025-10-01" ENDDATE="2079-06-06" ISACTUAL="1" ISACTIVE="1" /><HOUSE ID="129191116" OBJECTID="2981098" OBJECTGUID="2d601415-67fe-4d1f-8580-24a1b7216f8c" CHANGEID="689819848" HOUSENUM="4" HOUSETYPE="2" OPERTYPEID="30" PREVID="911531" NEXTID="0" UPDATEDATE="2025-10-01" STARTDATE="2025-10-01" ENDDATE="2079-06-06" ISACTUAL="1" ISACTIVE="0" /><HOUSE ID="129191117" OBJECTID="2981755" OBJECTGUID="2a37b086-81ad-40fd-980d-2eef48a31d2b" CHANGEID="689819849" HOUSENUM="3" HOUSETYPE="2" OPERTYPEID="30" PREVID="911919" NEXTID="0" UPDATEDATE="2025-10-01" STARTDATE="2025-10-01" ENDDATE="2079-06-06" ISACTUAL="1" ISACTIVE="0" /><HOUSE ID="911919" OBJECTID="2981755" OBJECTGUID="2a37b086-81ad-40fd-980d-2eef48a31d2b" CHANGEID="6271340" HOUSENUM="3" HOUSETYPE="2" OPERTYPEID="10" PREVID="0" NEXTID="129191117" UPDATEDATE="2025-10-01" STARTDATE="1900-01-01" ENDDATE="2025-10-01" ISACTUAL="0" ISACTIVE="0" /><HOUSE ID="129191118" OBJECTID="2981907" OBJECTGUID="9cf368cf-3471-4074-94b5-54dfe8093b14" CHANGEID="689819850" HOUSENUM="6" HOUSETYPE="2" OPERTYPEID="30" PREVID="911988" NEXTID="0" UPDATEDATE="2025-10-01" STARTDATE="2025-10-01" ENDDATE="2079-06-06" ISACTUAL="1" ISACTIVE="0" /><HOUSE ID="911988" OBJECTID="2981907" OBJECTGUID="9cf368cf-3471-4074-94b5-54dfe8093b14" CHANGEID="6271554" HOUSENUM="6" HOUSETYPE="2" OPERTYPEID="10" PREVID="0" NEXTID="129191118" UPDATEDATE="2025-10-01" STARTDATE="1900-01-01" ENDDATE="2025-10-01" ISACTUAL="0" ISACTIVE="0" /><HOUSE ID="129191119" OBJECTID="2984680" OBJECTGUID="08a62cc4-67ac-4fc2-8048-8cc8e02c2049" CHANGEID="689819851" HOUSENUM="1" HOUSETYPE="2" OPERTYPEID="30" PREVID="913543" NEXTID="0" UPDATEDATE="2025-10-01" STARTDATE="2025-10-01" ENDDATE="2079-06-06" ISACTUAL="1" ISACTIVE="0" /><HOUSE ID="129191121" OBJECTID="6567021" OBJECTGUID="33a368e1-4715-4e9b-abd1-faed8aaf5afe" CHANGEID="689819856" HOUSENUM="13" HOUSETYPE="2" OPERTYPEID="30" PREVID="3103471" NEXTID="0" UPDATEDATE="2025-10-01" STARTDATE="2025-10-01" ENDDATE="2079-06-06" ISACTUAL="1" ISACTIVE="0" /><HOUSE ID="3103471" OBJECTID="6567021" OBJECTGUID="33a368e1-4715-4e9b-abd1-faed8aaf5afe" CHANGEID="11488538" HOUSENUM="13" HOUSETYPE="2" OPERTYPEID="10" PREVID="0" NEXTID="129191121" UPDATEDATE="2025-10-01" STARTDATE="1900-01-01" ENDDATE="2025-10-01" ISACTUAL="0" ISACTIVE="0" /><HOUSE ID="129191126" OBJECTID="8592201" OBJECTGUID="17e7b681-845b-4ffe-88ba-6ca9e15b5177" CHANGEID="689819868" HOUSENUM="4" ADDNUM1="2" HOUSETYPE="2" ADDTYPE1="1" OPERTYPEID="30" PREVID="4384759" NEXTID="0" UPDATEDATE="2025-10-01" STARTDATE="2025-10-01" ENDDATE="2079-06-06" ISACTUAL="1" ISACTIVE="0" /><HOUSE ID="129191129" OBJECTID="8598522" OBJECTGUID="55fc7bbf-b712-4c1c-a2b1-923aeb65b210" CHANGEID="689819875" HOUSENUM="14" ADDNUM1="1" HOUSETYPE="2" ADDTYPE1="1" OPERTYPEID="30" PREVID="4388417" NEXTID="0" UPDATEDATE="2025-10-01" STARTDATE="2025-10-01" ENDDATE="2079-06-06" ISACTUAL="1" ISACTIVE="0" /><HOUSE ID="4388417" OBJECTID="8598522" OBJECTGUID="55fc7bbf-b712-4c1c-a2b1-923aeb65b210" CHANGEID="14488663" HOUSENUM="14" ADDNUM1="1" HOUSETYPE="2" ADDTYPE1="1" OPERTYPEID="10" PREVID="0" NEXTID="129191129" UPDATEDATE="2025-10-01" STARTDATE="1900-01-01" ENDDATE="2025-10-01" ISACTUAL="0" ISACTIVE="0" /><HOUSE ID="129191130" OBJECTID="8601353" OBJECTGUID="f4f7780b-bde2-4566-8c27-ba76adbc76d9" CHANGEID="689819876" HOUSENUM="7" HOUSETYPE="2" OPERTYPEID="30" PREVID="4390510" NEXTID="0" UPDATEDATE="2025-10-01" STARTDATE="2025-10-01" ENDDATE="2079-06-06" ISACTUAL="1" ISACTIVE="0" /><HOUSE ID="129191138" OBJECTID="15213538" OBJECTGUID="f49c682b-d5f5-485e-a8fc-95d0ff60e3c8" CHANGEID="689819900" HOUSENUM="1" HOUSETYPE="2" OPERTYPEID="30" PREVID="8569634" NEXTID="0" UPDATEDATE="2025-10-01" STARTDATE="2025-10-01" ENDDATE="2079-06-06" ISACTUAL="1" ISACTIVE="0" /><HOUSE ID="8569634" OBJECTID="15213538" OBJECTGUID="f49c682b-d5f5-485e-a8fc-95d0ff60e3c8" CHANGEID="24256163" HOUSENUM="1" HOUSETYPE="2" OPERTYPEID="10" PREVID="0" NEXTID="129191138" UPDATEDATE="2025-10-01" STARTDATE="1900-01-01" ENDDATE="2025-10-01" ISACTUAL="0" ISACTIVE="0" /><HOUSE ID="129191141" OBJECTID="39312443" OBJECTGUID="d7a03a4c-9aed-415a-af5d-16744f3a7b85" CHANGEID="689819949" HOUSENUM="1" HOUSETYPE="2" OPERTYPEID="30" PREVID="23504210" NEXTID="0" UPDATEDATE="2025-10-01" STARTDATE="2025-10-01" ENDDATE="2079-06-06" ISACTUAL="1" ISACTIVE="0" /><HOUSE ID="23504210" OBJECTID="39312443" OBJECTGUID="d7a03a4c-9aed-415a-af5d-16744f3a7b85" CHANGEID="59561855" HOUSENUM="1" HOUSETYPE="2" OPERTYPEID="10" PREVID="0" NEXTID="129191141" UPDATEDATE="2025-10-01" STARTDATE="1900-01-01" ENDDATE="2025-10-01" ISACTUAL="0" ISACTIVE="0" /><HOUSE ID="129191142" OBJECTID="39333415" OBJECTGUID="d32d1e0a-e3b8-40c4-84c8-95804095567f" CHANGEID="689819950" HOUSENUM="25" ADDNUM1="2" HOUSETYPE="2" ADDTYPE1="1" OPERTYPEID="30" PREVID="23522360" NEXTID="0" UPDATEDATE="2025-10-01" STARTDATE="2025-10-01" ENDDATE="2079-06-06" ISACTUAL="1" ISACTIVE="0" /><HOUSE ID="23522360" OBJECTID="39333415" OBJECTGUID="d32d1e0a-e3b8-40c4-84c8-95804095567f" CHANGEID="59596790" HOUSENUM="25" ADDNUM1="2" HOUSETYPE="2" ADDTYPE1="1" OPERTYPEID="10" PREVID="0" NEXTID="129191142" UPDATEDATE="2025-10-01" STARTDATE="1900-01-01" ENDDATE="2025-10-01" ISACTUAL="0" ISACTIVE="0" /><HOUSE ID="129191412" OBJECTID="2507327" OBJECTGUID="9afcc1e1-cf06-46dc-af86-217500b82b3f" CHANGEID="689824958" HOUSENUM="314" HOUSETYPE="2" OPERTYPEID="30" PREVID="636990" NEXTID="0" UPDATEDATE="2025-10-01" STARTDATE="2025-10-01" ENDDATE="2079-06-06" ISACTUAL="1" ISACTIVE="0" /><HOUSE ID="636990" OBJECTID="2507327" OBJECTGUID="9afcc1e1-cf06-46dc-af86-217500b82b3f" CHANGEID="5590123" HOUSENUM="314" HOUSETYPE="2" OPERTYPEID="10" PREVID="0" NEXTID="129191412" UPDATEDATE="2025-10-01" STARTDATE="1900-01-01" ENDDATE="2025-10-01" ISACTUAL="0" ISACTIVE="0" /><HOUSE ID="129191413" OBJECTID="2507194" OBJECTGUID="324ef1ba-03bc-47bf-827a-1ca7e6ed6af6" CHANGEID="689824962" HOUSENUM="387" HOUSETYPE="2" OPERTYPEID="30" PREVID="636879" NEXTID="0" UPDATEDATE="2025-10-01" STARTDATE="2025-10-01" ENDDATE="2079-06-06" ISACTUAL="1" ISACTIVE="0" /><HOUSE ID="636879" OBJECTID="2507194" OBJECTGUID="324ef1ba-03bc-47bf-827a-1ca7e6ed6af6" CHANGEID="5589901" HOUSENUM="387" HOUSETYPE="2" OPERTYPEID="10" PREVID="0" NEXTID="129191413" UPDATEDATE="2025-10-01" STARTDATE="1900-01-01" ENDDATE="2025-10-01" ISACTUAL="0" ISACTIVE="0" /></HOUSES>