﻿<?xml version="1.0" encoding="utf-8"?><ADDRESSOBJECTS><OBJECT ID="304211" OBJECTID="248661" OBJECTGUID="fed7a08e-7b2c-494b-bc76-8e195e0cc83f" CHANGEID="645686" NAME="Кадырова" TYPENAME="ул" LEVEL="8" OPERTYPEID="1" PREVID="0" NEXTID="52189436" UPDATEDATE="2025-09-29" STARTDATE="1900-01-01" ENDDATE="2025-09-29" ISACTUAL="0" ISACTIVE="0" /><OBJECT ID="52080374" OBJECTID="160948548" OBJECTGUID="4cc55c39-f898-4c0b-b965-ba6b94c63c80" CHANGEID="571827087" NAME="1-я Восточная" TYPENAME="ул." LEVEL="8" OPERTYPEID="10" PREVID="0" NEXTID="52189829" UPDATEDATE="2025-09-30" STARTDATE="2023-10-31" ENDDATE="2025-09-30" ISACTUAL="0" ISACTIVE="0" /><OBJECT ID="52171731" OBJECTID="253313" OBJECTGUID="8e1d4a85-1679-466a-800e-a4cc2a29ac34" CHANGEID="646296674" NAME="Кооперативная" TYPENAME="ул." LEVEL="8" OPERTYPEID="50" PREVID="310173" NEXTID="52189605" UPDATEDATE="2025-09-30" STARTDATE="2025-05-21" ENDDATE="2025-09-30" ISACTUAL="0" ISACTIVE="0" /><OBJECT ID="52189436" OBJECTID="248661" OBJECTGUID="fed7a08e-7b2c-494b-bc76-8e195e0cc83f" CHANGEID="689667447" NAME="имени Ахмат-Хаджи Кадырова" TYPENAME="ул." LEVEL="8" OPERTYPEID="20" PREVID="304211" UPDATEDATE="2025-09-29" STARTDATE="2025-09-29" ENDDATE="2079-06-06" ISACTUAL="1" ISACTIVE="1" /><OBJECT ID="370656" OBJECTID="304193" OBJECTGUID="02f4d2f2-5fd6-4c78-a1dc-424dfbf4230f" CHANGEID="780373" NAME="Назрановский 1-й" TYPENAME="пер" LEVEL="8" OPERTYPEID="1" PREVID="0" NEXTID="52189439" UPDATEDATE="2025-09-29" STARTDATE="1900-01-01" ENDDATE="2025-09-29" ISACTUAL="0" ISACTIVE="0" /><OBJECT ID="52189439" OBJECTID="304193" OBJECTGUID="02f4d2f2-5fd6-4c78-a1dc-424dfbf4230f" CHANGEID="689668989" NAME="Назрановский 1-й" TYPENAME="пер." LEVEL="8" OPERTYPEID="50" PREVID="370656" UPDATEDATE="2025-09-29" STARTDATE="2025-09-29" ENDDATE="2079-06-06" ISACTUAL="1" ISACTIVE="1" /><OBJECT ID="52189521" OBJECTID="174941398" OBJECTGUID="0c46359a-3cc1-4152-89cd-7ec442afa407" CHANGEID="689692915" NAME="Султана Магомедова" TYPENAME="ул." LEVEL="8" OPERTYPEID="10" PREVID="0" NEXTID="0" UPDATEDATE="2025-09-29" STARTDATE="2025-09-29" ENDDATE="2079-06-06" ISACTUAL="1" ISACTIVE="1" /><OBJECT ID="52189526" OBJECTID="174942031" OBJECTGUID="95b2280c-b397-4300-b058-d8725bdcb291" CHANGEID="689694132" NAME="Гайрбекова" TYPENAME="пер." LEVEL="8" OPERTYPEID="10" PREVID="0" NEXTID="0" UPDATEDATE="2025-09-29" STARTDATE="2025-09-29" ENDDATE="2079-06-06" ISACTUAL="1" ISACTIVE="1" /><OBJECT ID="52189605" OBJECTID="253313" OBJECTGUID="8e1d4a85-1679-466a-800e-a4cc2a29ac34" CHANGEID="689710911" NAME="Колесникова Дмитрия Ульяновича" TYPENAME="ул." LEVEL="8" OPERTYPEID="20" PREVID="52171731" UPDATEDATE="2025-09-30" STARTDATE="2025-09-30" ENDDATE="2079-06-06" ISACTUAL="1" ISACTIVE="1" /><OBJECT ID="52189703" OBJECTID="174957989" OBJECTGUID="98cbf41e-1288-462c-adfe-2b47f5a57a62" CHANGEID="689729985" NAME="Абрикосовая" TYPENAME="ул." LEVEL="8" OPERTYPEID="10" PREVID="0" NEXTID="0" UPDATEDATE="2025-09-30" STARTDATE="2025-09-30" ENDDATE="2079-06-06" ISACTUAL="1" ISACTIVE="1" /><OBJECT ID="52189829" OBJECTID="160948548" OBJECTGUID="4cc55c39-f898-4c0b-b965-ba6b94c63c80" CHANGEID="689744726" NAME="Алихана Алашевича Рассуханова" TYPENAME="ул." LEVEL="8" OPERTYPEID="20" PREVID="52080374" UPDATEDATE="2025-09-30" STARTDATE="2025-09-30" ENDDATE="2079-06-06" ISACTUAL="1" ISACTIVE="1" /><OBJECT ID="52189902" OBJECTID="174970709" OBJECTGUID="ddbc8463-9afe-40a8-b75f-de45eb6a4295" CHANGEID="689777212" NAME="Волховская" TYPENAME="ул." LEVEL="8" OPERTYPEID="10" PREVID="0" NEXTID="0" UPDATEDATE="2025-09-30" STARTDATE="2025-09-30" ENDDATE="2079-06-06" ISACTUAL="1" ISACTIVE="1" /></ADDRESSOBJECTS>