﻿<?xml version="1.0" encoding="utf-8"?><HOUSES><HOUSE ID="59980081" OBJECTID="12677904" OBJECTGUID="796042af-2fb0-4657-b61c-dc39a74fc150" CHANGEID="20427394" HOUSENUM="52а" HOUSETYPE="3" OPERTYPEID="20" PREVID="6859826" NEXTID="129190359" UPDATEDATE="2025-10-01" STARTDATE="2019-03-15" ENDDATE="2025-10-01" ISACTUAL="0" ISACTIVE="0" /><HOUSE ID="60006601" OBJECTID="39877985" OBJECTGUID="79c12681-9d2e-449a-bce2-e627773136d6" CHANGEID="60387937" HOUSENUM="75" HOUSETYPE="3" OPERTYPEID="20" PREVID="23839423" NEXTID="129187186" UPDATEDATE="2025-10-01" STARTDATE="2014-01-04" ENDDATE="2025-10-01" ISACTUAL="0" ISACTIVE="0" /><HOUSE ID="62638074" OBJECTID="81261457" OBJECTGUID="9ee32a10-29e3-4f5b-be0d-2de84d6f2ef9" CHANGEID="120749091" HOUSENUM="12" HOUSETYPE="3" OPERTYPEID="20" PREVID="49164146" NEXTID="129173956" UPDATEDATE="2025-09-29" STARTDATE="2019-03-28" ENDDATE="2025-09-29" ISACTUAL="0" ISACTIVE="0" /><HOUSE ID="64519273" OBJECTID="51227116" OBJECTGUID="b9701353-dafc-4f90-9893-055d38a78a0f" CHANGEID="76807858" HOUSENUM="17" HOUSETYPE="3" OPERTYPEID="20" PREVID="30600364" NEXTID="129165005" UPDATEDATE="2025-09-29" STARTDATE="2014-01-04" ENDDATE="2025-09-29" ISACTUAL="0" ISACTIVE="0" /><HOUSE ID="69376355" OBJECTID="29699254" OBJECTGUID="fe122750-8623-4818-bded-820f04ee724c" CHANGEID="45535982" HOUSENUM="9" HOUSETYPE="3" OPERTYPEID="20" PREVID="17597161" NEXTID="129190103" UPDATEDATE="2025-10-01" STARTDATE="2014-01-04" ENDDATE="2025-10-01" ISACTUAL="0" ISACTIVE="0" /><HOUSE ID="63220320" OBJECTID="37015320" OBJECTGUID="a71ddb95-939c-4888-a9a7-f72036edb801" CHANGEID="56176475" HOUSENUM="3" HOUSETYPE="3" OPERTYPEID="20" PREVID="22064397" NEXTID="129179414" UPDATEDATE="2025-09-30" STARTDATE="2015-10-02" ENDDATE="2025-09-30" ISACTUAL="0" ISACTIVE="0" /><HOUSE ID="5263212" OBJECTID="10077526" OBJECTGUID="f89f8c7c-0234-46ad-b370-a07f64ae208b" CHANGEID="16620170" HOUSENUM="1" HOUSETYPE="3" OPERTYPEID="10" PREVID="0" NEXTID="129164872" UPDATEDATE="2025-09-29" STARTDATE="2017-07-05" ENDDATE="2025-09-29" ISACTUAL="0" ISACTIVE="0" /><HOUSE ID="13373072" OBJECTID="22655199" OBJECTGUID="aa479b6d-1390-473b-abf7-d19c76db579c" CHANGEID="35294982" HOUSENUM="25" HOUSETYPE="3" OPERTYPEID="10" PREVID="0" NEXTID="129181629" UPDATEDATE="2025-09-30" STARTDATE="1900-01-01" ENDDATE="2025-09-30" ISACTUAL="0" ISACTIVE="0" /><HOUSE ID="26256244" OBJECTID="43933379" OBJECTGUID="4a4462a3-0ced-4569-8672-3717d1e32aee" CHANGEID="66278347" HOUSENUM="17" HOUSETYPE="3" OPERTYPEID="10" PREVID="0" NEXTID="129165004" UPDATEDATE="2025-09-29" STARTDATE="2017-07-05" ENDDATE="2025-09-29" ISACTUAL="0" ISACTIVE="0" /><HOUSE ID="26259265" OBJECTID="43938987" OBJECTGUID="98774e54-f1cd-4ea7-a25a-8e9465fd3a6f" CHANGEID="66286230" HOUSENUM="3" HOUSETYPE="3" OPERTYPEID="10" PREVID="0" NEXTID="129165002" UPDATEDATE="2025-09-29" STARTDATE="2017-07-05" ENDDATE="2025-09-29" ISACTUAL="0" ISACTIVE="0" /><HOUSE ID="27156988" OBJECTID="45460586" OBJECTGUID="c60bf5a4-dfaf-4408-acf3-76da6cd79dcc" CHANGEID="68479032" HOUSENUM="3" HOUSETYPE="3" OPERTYPEID="10" PREVID="0" NEXTID="129165006" UPDATEDATE="2025-09-29" STARTDATE="2014-01-24" ENDDATE="2025-09-29" ISACTUAL="0" ISACTIVE="0" /><HOUSE ID="47794559" OBJECTID="79109928" OBJECTGUID="ed483609-5bb2-474f-8e7e-9217355ba75e" CHANGEID="117579200" HOUSENUM="6" HOUSETYPE="3" OPERTYPEID="10" PREVID="0" NEXTID="129176152" UPDATEDATE="2025-09-30" STARTDATE="2017-07-05" ENDDATE="2025-09-30" ISACTUAL="0" ISACTIVE="0" /><HOUSE ID="51634059" OBJECTID="29419853" OBJECTGUID="03926c31-139f-433b-8410-8e96cafb8a58" CHANGEID="45138204" HOUSENUM="84" HOUSETYPE="3" OPERTYPEID="20" PREVID="17436615" NEXTID="129190196" UPDATEDATE="2025-10-01" STARTDATE="2014-01-04" ENDDATE="2025-10-01" ISACTUAL="0" ISACTIVE="0" /><HOUSE ID="51947583" OBJECTID="14200292" OBJECTGUID="07fbfda0-83d8-40af-820e-63e907e3d605" CHANGEID="22721783" HOUSENUM="9" HOUSETYPE="3" OPERTYPEID="20" PREVID="7881042" NEXTID="129179415" UPDATEDATE="2025-09-30" STARTDATE="2015-10-02" ENDDATE="2025-09-30" ISACTUAL="0" ISACTIVE="0" /><HOUSE ID="51997664" OBJECTID="26374895" OBJECTGUID="08b08fc1-4183-42e2-9767-9a849a5dde08" CHANGEID="40732683" HOUSENUM="247" HOUSETYPE="3" OPERTYPEID="20" PREVID="15646733" NEXTID="129167940" UPDATEDATE="2025-09-29" STARTDATE="2014-01-04" ENDDATE="2025-09-29" ISACTUAL="0" ISACTIVE="0" /><HOUSE ID="52889760" OBJECTID="75873198" OBJECTGUID="154bfb34-37ee-4ede-9bef-e369c72a7118" CHANGEID="112870226" HOUSENUM="5" HOUSETYPE="3" OPERTYPEID="20" PREVID="45819122" NEXTID="129179473" UPDATEDATE="2025-09-30" STARTDATE="2015-10-02" ENDDATE="2025-09-30" ISACTUAL="0" ISACTIVE="0" /><HOUSE ID="53307352" OBJECTID="68365514" OBJECTGUID="1b322a17-3422-40b1-ba7e-665c2eadf2c8" CHANGEID="101904597" HOUSENUM="95" HOUSETYPE="3" OPERTYPEID="20" PREVID="41198300" NEXTID="129179472" UPDATEDATE="2025-09-30" STARTDATE="2015-10-02" ENDDATE="2025-09-30" ISACTUAL="0" ISACTIVE="0" /><HOUSE ID="53446996" OBJECTID="82937218" OBJECTGUID="1d2c0ac9-e7c6-4478-ba04-d8c35075f35a" CHANGEID="123197241" HOUSENUM="2А" HOUSETYPE="3" OPERTYPEID="20" PREVID="50182997" NEXTID="129180066" UPDATEDATE="2025-09-30" STARTDATE="2015-10-02" ENDDATE="2025-09-30" ISACTUAL="0" ISACTIVE="0" /><HOUSE ID="125108497" OBJECTID="58306114" OBJECTGUID="6eba011e-445f-4fbb-8a02-b0f0c93b2ca6" CHANGEID="572540290" HOUSENUM="4" HOUSETYPE="5" OPERTYPEID="20" PREVID="59224025" NEXTID="129180430" UPDATEDATE="2025-09-30" STARTDATE="2023-11-08" ENDDATE="2025-09-30" ISACTUAL="0" ISACTIVE="0" /><HOUSE ID="129100844" OBJECTID="68329962" OBJECTGUID="67bb2f78-c7ee-47b2-9b00-8aed76adcd56" CHANGEID="689180236" HOUSENUM="7А" HOUSETYPE="2" OPERTYPEID="20" PREVID="41172734" NEXTID="129179468" UPDATEDATE="2025-09-30" STARTDATE="2025-09-18" ENDDATE="2025-09-30" ISACTUAL="0" ISACTIVE="0" /><HOUSE ID="129160847" OBJECTID="5241705" OBJECTGUID="69e68b58-b0e3-49f5-af0f-b19dc8a05d9f" CHANGEID="689603380" HOUSENUM="7" HOUSETYPE="2" OPERTYPEID="20" PREVID="58883239" NEXTID="129185815" UPDATEDATE="2025-10-01" STARTDATE="2025-09-26" ENDDATE="2025-10-01" ISACTUAL="0" ISACTIVE="0" /><HOUSE ID="129164872" OBJECTID="10077526" OBJECTGUID="f89f8c7c-0234-46ad-b370-a07f64ae208b" CHANGEID="689629753" HOUSENUM="1" HOUSETYPE="2" OPERTYPEID="20" PREVID="5263212" UPDATEDATE="2025-09-29" STARTDATE="2025-09-29" ENDDATE="2079-06-06" ISACTUAL="1" ISACTIVE="1" /><HOUSE ID="5263372" OBJECTID="10077672" OBJECTGUID="8a7ed629-1762-443e-b12e-b5cada9b617f" CHANGEID="16620409" HOUSENUM="3" HOUSETYPE="3" OPERTYPEID="10" PREVID="0" NEXTID="129165000" UPDATEDATE="2025-09-29" STARTDATE="2017-07-05" ENDDATE="2025-09-29" ISACTUAL="0" ISACTIVE="0" /><HOUSE ID="129165000" OBJECTID="10077672" OBJECTGUID="8a7ed629-1762-443e-b12e-b5cada9b617f" CHANGEID="689630950" HOUSENUM="3" HOUSETYPE="2" OPERTYPEID="20" PREVID="5263372" UPDATEDATE="2025-09-29" STARTDATE="2025-09-29" ENDDATE="2079-06-06" ISACTUAL="1" ISACTIVE="1" /><HOUSE ID="5263541" OBJECTID="10077835" OBJECTGUID="6eccd37c-c0ab-4d92-bc75-a897f08d4e66" CHANGEID="16620669" HOUSENUM="10" HOUSETYPE="3" OPERTYPEID="10" PREVID="0" NEXTID="129165001" UPDATEDATE="2025-09-29" STARTDATE="2017-08-03" ENDDATE="2025-09-29" ISACTUAL="0" ISACTIVE="0" /><HOUSE ID="129165001" OBJECTID="10077835" OBJECTGUID="6eccd37c-c0ab-4d92-bc75-a897f08d4e66" CHANGEID="689630952" HOUSENUM="10" HOUSETYPE="2" OPERTYPEID="20" PREVID="5263541" UPDATEDATE="2025-09-29" STARTDATE="2025-09-29" ENDDATE="2079-06-06" ISACTUAL="1" ISACTIVE="1" /><HOUSE ID="129165002" OBJECTID="43938987" OBJECTGUID="98774e54-f1cd-4ea7-a25a-8e9465fd3a6f" CHANGEID="689630954" HOUSENUM="3" HOUSETYPE="2" OPERTYPEID="20" PREVID="26259265" UPDATEDATE="2025-09-29" STARTDATE="2025-09-29" ENDDATE="2079-06-06" ISACTUAL="1" ISACTIVE="1" /><HOUSE ID="129165004" OBJECTID="43933379" OBJECTGUID="4a4462a3-0ced-4569-8672-3717d1e32aee" CHANGEID="689630956" HOUSENUM="17" HOUSETYPE="2" OPERTYPEID="20" PREVID="26256244" UPDATEDATE="2025-09-29" STARTDATE="2025-09-29" ENDDATE="2079-06-06" ISACTUAL="1" ISACTIVE="1" /><HOUSE ID="129165005" OBJECTID="51227116" OBJECTGUID="b9701353-dafc-4f90-9893-055d38a78a0f" CHANGEID="689630960" HOUSENUM="17" HOUSETYPE="3" OPERTYPEID="30" PREVID="64519273" NEXTID="0" UPDATEDATE="2025-09-29" STARTDATE="2025-09-29" ENDDATE="2079-06-06" ISACTUAL="1" ISACTIVE="0" /><HOUSE ID="129165006" OBJECTID="45460586" OBJECTGUID="c60bf5a4-dfaf-4408-acf3-76da6cd79dcc" CHANGEID="689630963" HOUSENUM="3" HOUSETYPE="2" OPERTYPEID="20" PREVID="27156988" UPDATEDATE="2025-09-29" STARTDATE="2025-09-29" ENDDATE="2079-06-06" ISACTUAL="1" ISACTIVE="1" /><HOUSE ID="129165030" OBJECTID="174912709" OBJECTGUID="e4ebef98-dacd-4c95-a100-1eb58ccd209a" CHANGEID="689631431" HOUSENUM="1" HOUSETYPE="5" OPERTYPEID="10" PREVID="0" NEXTID="0" UPDATEDATE="2025-09-29" STARTDATE="2025-09-29" ENDDATE="2079-06-06" ISACTUAL="1" ISACTIVE="1" /><HOUSE ID="129165037" OBJECTID="174912711" OBJECTGUID="d96a66ac-1235-4671-9974-1844a7f3f12f" CHANGEID="689631448" HOUSENUM="1" HOUSETYPE="5" OPERTYPEID="10" PREVID="0" NEXTID="0" UPDATEDATE="2025-09-29" STARTDATE="2025-09-29" ENDDATE="2079-06-06" ISACTUAL="1" ISACTIVE="1" /><HOUSE ID="129166460" OBJECTID="174917439" OBJECTGUID="65f1d2a5-cd4a-4470-8f86-3c998a4d4b1f" CHANGEID="689640854" HOUSENUM="7В" HOUSETYPE="5" OPERTYPEID="10" PREVID="0" NEXTID="0" UPDATEDATE="2025-09-29" STARTDATE="2025-09-29" ENDDATE="2079-06-06" ISACTUAL="1" ISACTIVE="1" /><HOUSE ID="129166913" OBJECTID="174918912" OBJECTGUID="5c3b4138-8b4f-4ca7-80e5-5602cebf352f" CHANGEID="689644450" HOUSENUM="43М" HOUSETYPE="5" OPERTYPEID="10" PREVID="0" NEXTID="0" UPDATEDATE="2025-09-29" STARTDATE="2025-09-29" ENDDATE="2079-06-06" ISACTUAL="1" ISACTIVE="1" /><HOUSE ID="129167272" OBJECTID="174920054" OBJECTGUID="74f6b6df-9421-4f41-be9a-9e53a1019ae6" CHANGEID="689646205" HOUSENUM="18Д" HOUSETYPE="5" OPERTYPEID="10" PREVID="0" NEXTID="0" UPDATEDATE="2025-09-29" STARTDATE="2025-09-29" ENDDATE="2079-06-06" ISACTUAL="1" ISACTIVE="1" /><HOUSE ID="129167321" OBJECTID="174920264" OBJECTGUID="fe6f7c7d-be07-4b16-886e-443a282a1faf" CHANGEID="689646573" HOUSENUM="7П" HOUSETYPE="5" OPERTYPEID="10" PREVID="0" NEXTID="0" UPDATEDATE="2025-09-29" STARTDATE="2025-09-29" ENDDATE="2079-06-06" ISACTUAL="1" ISACTIVE="1" /><HOUSE ID="129167349" OBJECTID="174920344" OBJECTGUID="83753976-d277-4bfd-9c9b-4c7a813983cc" CHANGEID="689646683" HOUSENUM="7Г" HOUSETYPE="5" OPERTYPEID="10" PREVID="0" NEXTID="0" UPDATEDATE="2025-09-29" STARTDATE="2025-09-29" ENDDATE="2079-06-06" ISACTUAL="1" ISACTIVE="1" /><HOUSE ID="129167363" OBJECTID="174920418" OBJECTGUID="61227a75-10b1-431c-9c73-6fa3fcb19ab0" CHANGEID="689646813" HOUSENUM="2К" HOUSETYPE="5" OPERTYPEID="10" PREVID="0" NEXTID="0" UPDATEDATE="2025-09-29" STARTDATE="2025-09-29" ENDDATE="2079-06-06" ISACTUAL="1" ISACTIVE="1" /><HOUSE ID="129167940" OBJECTID="26374895" OBJECTGUID="08b08fc1-4183-42e2-9767-9a849a5dde08" CHANGEID="689649567" HOUSENUM="247" HOUSETYPE="2" OPERTYPEID="20" PREVID="51997664" UPDATEDATE="2025-09-29" STARTDATE="2025-09-29" ENDDATE="2079-06-06" ISACTUAL="1" ISACTIVE="1" /><HOUSE ID="129168875" OBJECTID="174924465" OBJECTGUID="dc42af13-6fb3-4100-91c7-37f03192477a" CHANGEID="689653032" HOUSENUM="43Е" HOUSETYPE="5" OPERTYPEID="10" PREVID="0" NEXTID="0" UPDATEDATE="2025-09-29" STARTDATE="2025-09-29" ENDDATE="2079-06-06" ISACTUAL="1" ISACTIVE="1" /><HOUSE ID="129168904" OBJECTID="174924559" OBJECTGUID="c92d5ba2-212a-46ae-bad0-331198da4ff4" CHANGEID="689653191" HOUSENUM="16Б" HOUSETYPE="5" OPERTYPEID="10" PREVID="0" NEXTID="0" UPDATEDATE="2025-09-29" STARTDATE="2025-09-29" ENDDATE="2079-06-06" ISACTUAL="1" ISACTIVE="1" /><HOUSE ID="129173560" OBJECTID="174939157" OBJECTGUID="776c4763-96ad-4d63-a4a0-240aeac36bb7" CHANGEID="689688101" HOUSENUM="5А" HOUSETYPE="2" OPERTYPEID="10" PREVID="0" NEXTID="0" UPDATEDATE="2025-09-29" STARTDATE="2025-09-29" ENDDATE="2079-06-06" ISACTUAL="1" ISACTIVE="1" /><HOUSE ID="129173644" OBJECTID="174939417" OBJECTGUID="6c69036e-969e-46d9-81f4-ed8dd1588ffd" CHANGEID="689688477" HOUSENUM="32А" HOUSETYPE="2" OPERTYPEID="10" PREVID="0" NEXTID="0" UPDATEDATE="2025-09-29" STARTDATE="2025-09-29" ENDDATE="2079-06-06" ISACTUAL="1" ISACTIVE="1" /><HOUSE ID="129173683" OBJECTID="174939489" OBJECTGUID="acb8c20f-aab4-431d-8f42-0c6c3ed92880" CHANGEID="689688609" HOUSENUM="9" HOUSETYPE="2" OPERTYPEID="10" PREVID="0" NEXTID="0" UPDATEDATE="2025-09-29" STARTDATE="2025-09-29" ENDDATE="2079-06-06" ISACTUAL="1" ISACTIVE="1" /><HOUSE ID="129173956" OBJECTID="81261457" OBJECTGUID="9ee32a10-29e3-4f5b-be0d-2de84d6f2ef9" CHANGEID="689690956" HOUSENUM="12" HOUSETYPE="2" OPERTYPEID="20" PREVID="62638074" UPDATEDATE="2025-09-29" STARTDATE="2025-09-29" ENDDATE="2079-06-06" ISACTUAL="1" ISACTIVE="1" /><HOUSE ID="129174255" OBJECTID="174941749" OBJECTGUID="44ad1bba-2245-4e01-97b7-f83da0cda369" CHANGEID="689693771" HOUSENUM="8" HOUSETYPE="2" OPERTYPEID="10" PREVID="0" NEXTID="0" UPDATEDATE="2025-09-29" STARTDATE="2025-09-29" ENDDATE="2079-06-06" ISACTUAL="1" ISACTIVE="1" /><HOUSE ID="129174672" OBJECTID="174943293" OBJECTGUID="02c02aad-a383-4c58-a42f-74d49f574f16" CHANGEID="689696372" HOUSENUM="10" HOUSETYPE="2" OPERTYPEID="10" PREVID="0" NEXTID="0" UPDATEDATE="2025-09-29" STARTDATE="2025-09-29" ENDDATE="2079-06-06" ISACTUAL="1" ISACTIVE="1" /><HOUSE ID="129176152" OBJECTID="79109928" OBJECTGUID="ed483609-5bb2-474f-8e7e-9217355ba75e" CHANGEID="689707316" HOUSENUM="6" HOUSETYPE="2" OPERTYPEID="20" PREVID="47794559" UPDATEDATE="2025-09-30" STARTDATE="2025-09-30" ENDDATE="2079-06-06" ISACTUAL="1" ISACTIVE="1" /><HOUSE ID="129178867" OBJECTID="174955256" OBJECTGUID="1e1c1bbf-f1ad-45c8-9adb-c6983f106222" CHANGEID="689723372" HOUSENUM="45а" HOUSETYPE="2" OPERTYPEID="10" PREVID="0" NEXTID="0" UPDATEDATE="2025-09-30" STARTDATE="2025-09-30" ENDDATE="2079-06-06" ISACTUAL="1" ISACTIVE="1" /><HOUSE ID="129179088" OBJECTID="174956297" OBJECTGUID="ed7326c8-ea03-482d-9414-8628b7f2ba8b" CHANGEID="689725338" HOUSENUM="78" HOUSETYPE="4" OPERTYPEID="10" PREVID="0" NEXTID="0" UPDATEDATE="2025-09-30" STARTDATE="2025-09-30" ENDDATE="2079-06-06" ISACTUAL="1" ISACTIVE="1" /><HOUSE ID="129179400" OBJECTID="174957387" OBJECTGUID="95f4dfb9-41f5-489d-8494-b866e8dd4776" CHANGEID="689727966" HOUSENUM="71/52" HOUSETYPE="2" OPERTYPEID="10" PREVID="0" NEXTID="0" UPDATEDATE="2025-09-30" STARTDATE="2025-09-30" ENDDATE="2079-06-06" ISACTUAL="1" ISACTIVE="1" /><HOUSE ID="129179401" OBJECTID="174957388" OBJECTGUID="fe194498-9fa5-49e2-a718-cbf89138b8b8" CHANGEID="689727968" HOUSENUM="115" HOUSETYPE="2" OPERTYPEID="10" PREVID="0" NEXTID="0" UPDATEDATE="2025-09-30" STARTDATE="2025-09-30" ENDDATE="2079-06-06" ISACTUAL="1" ISACTIVE="1" /><HOUSE ID="129179415" OBJECTID="14200292" OBJECTGUID="07fbfda0-83d8-40af-820e-63e907e3d605" CHANGEID="689728286" HOUSENUM="9" HOUSETYPE="3" OPERTYPEID="30" PREVID="51947583" NEXTID="0" UPDATEDATE="2025-09-30" STARTDATE="2025-09-30" ENDDATE="2079-06-06" ISACTUAL="1" ISACTIVE="0" /><HOUSE ID="129179404" OBJECTID="174957392" OBJECTGUID="b0a43ea7-b2af-4ee3-9a80-bf3f05d3f76d" CHANGEID="689728059" HOUSENUM="248" HOUSETYPE="2" OPERTYPEID="10" PREVID="0" NEXTID="0" UPDATEDATE="2025-09-30" STARTDATE="2025-09-30" ENDDATE="2079-06-06" ISACTUAL="1" ISACTIVE="1" /><HOUSE ID="129179414" OBJECTID="37015320" OBJECTGUID="a71ddb95-939c-4888-a9a7-f72036edb801" CHANGEID="689728258" HOUSENUM="3" HOUSETYPE="3" OPERTYPEID="30" PREVID="63220320" NEXTID="0" UPDATEDATE="2025-09-30" STARTDATE="2025-09-30" ENDDATE="2079-06-06" ISACTUAL="1" ISACTIVE="0" /><HOUSE ID="129179467" OBJECTID="174957654" OBJECTGUID="fabc4d3d-922a-422e-ad0e-cc4fe03d3901" CHANGEID="689729354" HOUSENUM="7" HOUSETYPE="2" OPERTYPEID="10" PREVID="0" NEXTID="0" UPDATEDATE="2025-09-30" STARTDATE="2025-09-30" ENDDATE="2079-06-06" ISACTUAL="1" ISACTIVE="1" /><HOUSE ID="129179468" OBJECTID="68329962" OBJECTGUID="67bb2f78-c7ee-47b2-9b00-8aed76adcd56" CHANGEID="689729355" HOUSENUM="7А" HOUSETYPE="2" OPERTYPEID="30" PREVID="129100844" NEXTID="0" UPDATEDATE="2025-09-30" STARTDATE="2025-09-30" ENDDATE="2079-06-06" ISACTUAL="1" ISACTIVE="0" /><HOUSE ID="129179470" OBJECTID="174957657" OBJECTGUID="b248bf42-0041-4095-83b3-1f5f29220d30" CHANGEID="689729358" HOUSENUM="3" HOUSETYPE="2" OPERTYPEID="10" PREVID="0" NEXTID="0" UPDATEDATE="2025-09-30" STARTDATE="2025-09-30" ENDDATE="2079-06-06" ISACTUAL="1" ISACTIVE="1" /><HOUSE ID="129179472" OBJECTID="68365514" OBJECTGUID="1b322a17-3422-40b1-ba7e-665c2eadf2c8" CHANGEID="689729384" HOUSENUM="95" HOUSETYPE="3" OPERTYPEID="30" PREVID="53307352" NEXTID="0" UPDATEDATE="2025-09-30" STARTDATE="2025-09-30" ENDDATE="2079-06-06" ISACTUAL="1" ISACTIVE="0" /><HOUSE ID="129179473" OBJECTID="75873198" OBJECTGUID="154bfb34-37ee-4ede-9bef-e369c72a7118" CHANGEID="689729395" HOUSENUM="5" HOUSETYPE="3" OPERTYPEID="30" PREVID="52889760" NEXTID="0" UPDATEDATE="2025-09-30" STARTDATE="2025-09-30" ENDDATE="2079-06-06" ISACTUAL="1" ISACTIVE="0" /><HOUSE ID="129179474" OBJECTID="37898073" OBJECTGUID="c0b2733c-bdaa-408f-b79e-b7fdbe6c4911" CHANGEID="689729402" HOUSENUM="39" HOUSETYPE="3" OPERTYPEID="30" PREVID="65032726" NEXTID="0" UPDATEDATE="2025-09-30" STARTDATE="2025-09-30" ENDDATE="2079-06-06" ISACTUAL="1" ISACTIVE="0" /><HOUSE ID="65032726" OBJECTID="37898073" OBJECTGUID="c0b2733c-bdaa-408f-b79e-b7fdbe6c4911" CHANGEID="57467420" HOUSENUM="39" HOUSETYPE="3" OPERTYPEID="20" PREVID="22609819" NEXTID="129179474" UPDATEDATE="2025-09-30" STARTDATE="2015-10-02" ENDDATE="2025-09-30" ISACTUAL="0" ISACTIVE="0" /><HOUSE ID="129179476" OBJECTID="23169046" OBJECTGUID="ae1c3e0c-ea2c-449d-a67d-23b5946271cb" CHANGEID="689729415" HOUSENUM="31" HOUSETYPE="3" OPERTYPEID="30" PREVID="63715537" NEXTID="0" UPDATEDATE="2025-09-30" STARTDATE="2025-09-30" ENDDATE="2079-06-06" ISACTUAL="1" ISACTIVE="0" /><HOUSE ID="63715537" OBJECTID="23169046" OBJECTGUID="ae1c3e0c-ea2c-449d-a67d-23b5946271cb" CHANGEID="36038702" HOUSENUM="31" HOUSETYPE="3" OPERTYPEID="20" PREVID="13674522" NEXTID="129179476" UPDATEDATE="2025-09-30" STARTDATE="2015-10-02" ENDDATE="2025-09-30" ISACTUAL="0" ISACTIVE="0" /><HOUSE ID="129179495" OBJECTID="174957831" OBJECTGUID="d716273b-a44b-4fd0-989b-741e4b08b25b" CHANGEID="689729589" HOUSENUM="31" HOUSETYPE="2" OPERTYPEID="10" PREVID="0" NEXTID="0" UPDATEDATE="2025-09-30" STARTDATE="2025-09-30" ENDDATE="2079-06-06" ISACTUAL="1" ISACTIVE="1" /><HOUSE ID="129179506" OBJECTID="174957878" OBJECTGUID="b8bb9eba-6bcd-4db6-b67a-921173ece429" CHANGEID="689729694" HOUSENUM="20" HOUSETYPE="5" OPERTYPEID="10" PREVID="0" NEXTID="0" UPDATEDATE="2025-09-30" STARTDATE="2025-09-30" ENDDATE="2079-06-06" ISACTUAL="1" ISACTIVE="1" /><HOUSE ID="55764334" OBJECTID="76083838" OBJECTGUID="3de1c257-fcab-4d77-aff9-20615a7b0cbd" CHANGEID="113171896" HOUSENUM="34" HOUSETYPE="3" OPERTYPEID="20" PREVID="45947457" NEXTID="129179699" UPDATEDATE="2025-09-30" STARTDATE="2015-10-02" ENDDATE="2025-09-30" ISACTUAL="0" ISACTIVE="0" /><HOUSE ID="129179699" OBJECTID="76083838" OBJECTGUID="3de1c257-fcab-4d77-aff9-20615a7b0cbd" CHANGEID="689731209" HOUSENUM="34" HOUSETYPE="2" OPERTYPEID="20" PREVID="55764334" UPDATEDATE="2025-09-30" STARTDATE="2025-09-30" ENDDATE="2079-06-06" ISACTUAL="1" ISACTIVE="1" /><HOUSE ID="129180066" OBJECTID="82937218" OBJECTGUID="1d2c0ac9-e7c6-4478-ba04-d8c35075f35a" CHANGEID="689733588" HOUSENUM="2А" HOUSETYPE="2" OPERTYPEID="20" PREVID="53446996" UPDATEDATE="2025-09-30" STARTDATE="2025-09-30" ENDDATE="2079-06-06" ISACTUAL="1" ISACTIVE="1" /><HOUSE ID="30113317" OBJECTID="50329206" OBJECTGUID="131a7636-d1e2-4e1f-aac3-a214d7fc16b8" CHANGEID="75546720" HOUSENUM="12" HOUSETYPE="3" OPERTYPEID="10" PREVID="0" NEXTID="129180070" UPDATEDATE="2025-09-30" STARTDATE="2011-11-15" ENDDATE="2025-09-30" ISACTUAL="0" ISACTIVE="0" /><HOUSE ID="129180070" OBJECTID="50329206" OBJECTGUID="131a7636-d1e2-4e1f-aac3-a214d7fc16b8" CHANGEID="689733594" HOUSENUM="12" ADDNUM1="3" HOUSETYPE="5" ADDTYPE1="2" OPERTYPEID="20" PREVID="30113317" UPDATEDATE="2025-09-30" STARTDATE="2025-09-30" ENDDATE="2079-06-06" ISACTUAL="1" ISACTIVE="1" /><HOUSE ID="129180250" OBJECTID="174959824" OBJECTGUID="bd2ca546-d5aa-4f81-8183-67b3fe9f30bb" CHANGEID="689734791" HOUSENUM="20Б" HOUSETYPE="2" OPERTYPEID="10" PREVID="0" NEXTID="0" UPDATEDATE="2025-09-30" STARTDATE="2025-09-30" ENDDATE="2079-06-06" ISACTUAL="1" ISACTIVE="1" /><HOUSE ID="129180260" OBJECTID="174959947" OBJECTGUID="71e05142-60bf-45ee-acef-237d734efdb0" CHANGEID="689734958" HOUSENUM="20В" HOUSETYPE="2" OPERTYPEID="10" PREVID="0" NEXTID="0" UPDATEDATE="2025-09-30" STARTDATE="2025-09-30" ENDDATE="2079-06-06" ISACTUAL="1" ISACTIVE="1" /><HOUSE ID="129180281" OBJECTID="174960092" OBJECTGUID="055b1f4d-a5d3-4de1-9210-faf07f6e9822" CHANGEID="689735196" HOUSENUM="42" ADDNUM1="1" HOUSETYPE="2" ADDTYPE1="1" OPERTYPEID="10" PREVID="0" NEXTID="0" UPDATEDATE="2025-09-30" STARTDATE="2025-09-30" ENDDATE="2079-06-06" ISACTUAL="1" ISACTIVE="1" /><HOUSE ID="129180430" OBJECTID="58306114" OBJECTGUID="6eba011e-445f-4fbb-8a02-b0f0c93b2ca6" CHANGEID="689736397" HOUSENUM="4" HOUSETYPE="2" OPERTYPEID="20" PREVID="125108497" UPDATEDATE="2025-09-30" STARTDATE="2025-09-30" ENDDATE="2079-06-06" ISACTUAL="1" ISACTIVE="1" /><HOUSE ID="129181629" OBJECTID="22655199" OBJECTGUID="aa479b6d-1390-473b-abf7-d19c76db579c" CHANGEID="689744783" HOUSENUM="25" HOUSETYPE="2" OPERTYPEID="20" PREVID="13373072" UPDATEDATE="2025-09-30" STARTDATE="2025-09-30" ENDDATE="2079-06-06" ISACTUAL="1" ISACTIVE="1" /><HOUSE ID="129181863" OBJECTID="174965547" OBJECTGUID="47645b4c-9cec-44f5-a86e-b96d18468c56" CHANGEID="689746409" HOUSENUM="30А" HOUSETYPE="2" OPERTYPEID="10" PREVID="0" NEXTID="0" UPDATEDATE="2025-09-30" STARTDATE="2025-09-30" ENDDATE="2079-06-06" ISACTUAL="1" ISACTIVE="1" /><HOUSE ID="129182078" OBJECTID="174965888" OBJECTGUID="001742a9-991d-439c-ad17-4ad0da0e756a" CHANGEID="689747678" HOUSENUM="23Д" HOUSETYPE="5" OPERTYPEID="10" PREVID="0" NEXTID="0" UPDATEDATE="2025-09-30" STARTDATE="2025-09-30" ENDDATE="2079-06-06" ISACTUAL="1" ISACTIVE="1" /><HOUSE ID="129182330" OBJECTID="174966191" OBJECTGUID="4cdbc3a7-2317-4d3d-874b-913490e9902f" CHANGEID="689748767" HOUSENUM="18М" HOUSETYPE="5" OPERTYPEID="10" PREVID="0" NEXTID="0" UPDATEDATE="2025-09-30" STARTDATE="2025-09-30" ENDDATE="2079-06-06" ISACTUAL="1" ISACTIVE="1" /><HOUSE ID="129182670" OBJECTID="174966882" OBJECTGUID="750423c3-2637-4ba7-af1d-42f4f3a6aff7" CHANGEID="689750675" HOUSENUM="3/52" HOUSETYPE="4" OPERTYPEID="10" PREVID="0" NEXTID="0" UPDATEDATE="2025-09-30" STARTDATE="2025-09-30" ENDDATE="2079-06-06" ISACTUAL="1" ISACTIVE="1" /><HOUSE ID="129182933" OBJECTID="174967542" OBJECTGUID="aef4c5a2-16c8-41f2-b10e-07323d234710" CHANGEID="689752228" HOUSENUM="89Б" HOUSETYPE="2" OPERTYPEID="10" PREVID="0" NEXTID="0" UPDATEDATE="2025-09-30" STARTDATE="2025-09-30" ENDDATE="2079-06-06" ISACTUAL="1" ISACTIVE="1" /><HOUSE ID="129185231" OBJECTID="174974660" OBJECTGUID="d8ccbc35-2df0-44b7-9ce3-99a28f94efde" CHANGEID="689785653" HOUSENUM="1" HOUSETYPE="5" OPERTYPEID="10" PREVID="0" NEXTID="0" UPDATEDATE="2025-10-01" STARTDATE="2025-10-01" ENDDATE="2079-06-06" ISACTUAL="1" ISACTIVE="1" /><HOUSE ID="129185479" OBJECTID="174975044" OBJECTGUID="10af7fc9-9e53-41a3-8e5c-aedd0cef0ac6" CHANGEID="689787017" HOUSENUM="1" HOUSETYPE="5" OPERTYPEID="10" PREVID="0" NEXTID="0" UPDATEDATE="2025-10-01" STARTDATE="2025-10-01" ENDDATE="2079-06-06" ISACTUAL="1" ISACTIVE="1" /><HOUSE ID="129185815" OBJECTID="5241705" OBJECTGUID="69e68b58-b0e3-49f5-af0f-b19dc8a05d9f" CHANGEID="689790196" HOUSENUM="7" HOUSETYPE="2" OPERTYPEID="60" PREVID="129160847" UPDATEDATE="2025-10-01" STARTDATE="2025-10-01" ENDDATE="2079-06-06" ISACTUAL="1" ISACTIVE="0" /><HOUSE ID="129185816" OBJECTID="174976552" OBJECTGUID="8b938cc6-bb5d-41cf-a397-8d8dfde81d75" CHANGEID="689790197" HOUSENUM="7/2" HOUSETYPE="2" OPERTYPEID="61" PREVID="129185815" NEXTID="0" UPDATEDATE="2025-10-01" STARTDATE="2025-10-01" ENDDATE="2079-06-06" ISACTUAL="1" ISACTIVE="1" /><HOUSE ID="129185817" OBJECTID="174976553" OBJECTGUID="eab0b233-0bbb-4d75-852b-f461f0fd078e" CHANGEID="689790198" HOUSENUM="7/1" HOUSETYPE="2" OPERTYPEID="61" PREVID="129185815" NEXTID="0" UPDATEDATE="2025-10-01" STARTDATE="2025-10-01" ENDDATE="2079-06-06" ISACTUAL="1" ISACTIVE="1" /><HOUSE ID="20797969" OBJECTID="34970732" OBJECTGUID="49d12b5c-1925-4b27-ae21-6b5234d4ab4e" CHANGEID="53191479" HOUSENUM="59" HOUSETYPE="2" OPERTYPEID="10" PREVID="0" NEXTID="129185913" UPDATEDATE="2025-10-01" STARTDATE="2015-11-18" ENDDATE="2025-10-01" ISACTUAL="0" ISACTIVE="0" /><HOUSE ID="129185913" OBJECTID="34970732" OBJECTGUID="49d12b5c-1925-4b27-ae21-6b5234d4ab4e" CHANGEID="689790756" HOUSENUM="59" HOUSETYPE="5" OPERTYPEID="20" PREVID="20797969" UPDATEDATE="2025-10-01" STARTDATE="2025-10-01" ENDDATE="2079-06-06" ISACTUAL="1" ISACTIVE="1" /><HOUSE ID="48670209" OBJECTID="80456291" OBJECTGUID="fdf8a79c-0de8-4922-8699-da064583998d" CHANGEID="119574399" HOUSENUM="7Б" HOUSETYPE="3" OPERTYPEID="10" PREVID="0" NEXTID="129185929" UPDATEDATE="2025-10-01" STARTDATE="2017-04-20" ENDDATE="2025-10-01" ISACTUAL="0" ISACTIVE="0" /><HOUSE ID="129185929" OBJECTID="80456291" OBJECTGUID="fdf8a79c-0de8-4922-8699-da064583998d" CHANGEID="689790812" HOUSENUM="7Б" HOUSETYPE="2" OPERTYPEID="20" PREVID="48670209" UPDATEDATE="2025-10-01" STARTDATE="2025-10-01" ENDDATE="2079-06-06" ISACTUAL="1" ISACTIVE="1" /><HOUSE ID="129187186" OBJECTID="39877985" OBJECTGUID="79c12681-9d2e-449a-bce2-e627773136d6" CHANGEID="689798867" HOUSENUM="75" HOUSETYPE="2" OPERTYPEID="20" PREVID="60006601" UPDATEDATE="2025-10-01" STARTDATE="2025-10-01" ENDDATE="2079-06-06" ISACTUAL="1" ISACTIVE="1" /><HOUSE ID="129188727" OBJECTID="174985336" OBJECTGUID="7987669a-f78e-413b-b5b7-e953f43c6116" CHANGEID="689808125" HOUSENUM="17А" HOUSETYPE="2" OPERTYPEID="10" PREVID="0" NEXTID="0" UPDATEDATE="2025-10-01" STARTDATE="2025-10-01" ENDDATE="2079-06-06" ISACTUAL="1" ISACTIVE="1" /><HOUSE ID="129188730" OBJECTID="174985338" OBJECTGUID="4b48597c-96e4-4923-8ede-8c307272bccb" CHANGEID="689808129" HOUSENUM="23А" HOUSETYPE="2" OPERTYPEID="10" PREVID="0" NEXTID="0" UPDATEDATE="2025-10-01" STARTDATE="2025-10-01" ENDDATE="2079-06-06" ISACTUAL="1" ISACTIVE="1" /><HOUSE ID="129188731" OBJECTID="174985339" OBJECTGUID="9e3ca7d6-68b3-47a6-ae82-e12adf1b9b52" CHANGEID="689808131" HOUSENUM="17" HOUSETYPE="2" OPERTYPEID="10" PREVID="0" NEXTID="0" UPDATEDATE="2025-10-01" STARTDATE="2025-10-01" ENDDATE="2079-06-06" ISACTUAL="1" ISACTIVE="1" /><HOUSE ID="129190103" OBJECTID="29699254" OBJECTGUID="fe122750-8623-4818-bded-820f04ee724c" CHANGEID="689815930" HOUSENUM="9" HOUSETYPE="2" OPERTYPEID="20" PREVID="69376355" UPDATEDATE="2025-10-01" STARTDATE="2025-10-01" ENDDATE="2079-06-06" ISACTUAL="1" ISACTIVE="1" /><HOUSE ID="129190196" OBJECTID="29419853" OBJECTGUID="03926c31-139f-433b-8410-8e96cafb8a58" CHANGEID="689816183" HOUSENUM="84" HOUSETYPE="2" OPERTYPEID="20" PREVID="51634059" UPDATEDATE="2025-10-01" STARTDATE="2025-10-01" ENDDATE="2079-06-06" ISACTUAL="1" ISACTIVE="1" /><HOUSE ID="129190200" OBJECTID="174989899" OBJECTGUID="867c66c5-8fa1-4c52-8296-2da44837bbab" CHANGEID="689816205" HOUSENUM="15" HOUSETYPE="2" OPERTYPEID="10" PREVID="0" NEXTID="0" UPDATEDATE="2025-10-01" STARTDATE="2025-10-01" ENDDATE="2079-06-06" ISACTUAL="1" ISACTIVE="1" /><HOUSE ID="129190359" OBJECTID="12677904" OBJECTGUID="796042af-2fb0-4657-b61c-dc39a74fc150" CHANGEID="689816858" HOUSENUM="52а" HOUSETYPE="2" OPERTYPEID="20" PREVID="59980081" UPDATEDATE="2025-10-01" STARTDATE="2025-10-01" ENDDATE="2079-06-06" ISACTUAL="1" ISACTIVE="1" /><HOUSE ID="20827474" OBJECTID="35025180" OBJECTGUID="a3445233-e126-4b5b-bb31-75ab666d9206" CHANGEID="53266815" HOUSENUM="98" HOUSETYPE="3" OPERTYPEID="10" PREVID="0" NEXTID="129190415" UPDATEDATE="2025-10-01" STARTDATE="1900-01-01" ENDDATE="2025-10-01" ISACTUAL="0" ISACTIVE="0" /><HOUSE ID="129190415" OBJECTID="35025180" OBJECTGUID="a3445233-e126-4b5b-bb31-75ab666d9206" CHANGEID="689817023" HOUSENUM="98" HOUSETYPE="2" OPERTYPEID="20" PREVID="20827474" UPDATEDATE="2025-10-01" STARTDATE="2025-10-01" ENDDATE="2079-06-06" ISACTUAL="1" ISACTIVE="1" /></HOUSES>