﻿<?xml version="1.0" encoding="utf-8"?><STEADS><STEAD ID="74173773" OBJECTID="174930926" OBJECTGUID="a841bd5c-0e78-4844-92f3-58cfd63cc71b" CHANGEID="689670570" NUMBER="4А" OPERTYPEID="10" PREVID="0" NEXTID="0" UPDATEDATE="2025-09-29" STARTDATE="2025-09-29" ENDDATE="2079-06-06" ISACTUAL="1" ISACTIVE="1" /><STEAD ID="74173774" OBJECTID="174930927" OBJECTGUID="f225d8b5-98fe-4f52-936c-9d8185c31fcc" CHANGEID="689670571" NUMBER="26" OPERTYPEID="10" PREVID="0" NEXTID="0" UPDATEDATE="2025-09-29" STARTDATE="2025-09-29" ENDDATE="2079-06-06" ISACTUAL="1" ISACTIVE="1" /><STEAD ID="74173775" OBJECTID="174930928" OBJECTGUID="88decc0e-c2b5-40bb-af0a-d39e7a13f6f2" CHANGEID="689670578" NUMBER="7" OPERTYPEID="10" PREVID="0" NEXTID="0" UPDATEDATE="2025-09-29" STARTDATE="2025-09-29" ENDDATE="2079-06-06" ISACTUAL="1" ISACTIVE="1" /><STEAD ID="74173776" OBJECTID="174930929" OBJECTGUID="f3efebf5-4621-447e-99b1-ab770d7b5cc1" CHANGEID="689670591" NUMBER="7А" OPERTYPEID="10" PREVID="0" NEXTID="0" UPDATEDATE="2025-09-29" STARTDATE="2025-09-29" ENDDATE="2079-06-06" ISACTUAL="1" ISACTIVE="1" /><STEAD ID="74173779" OBJECTID="174930932" OBJECTGUID="4d34ecfd-c76f-4a20-a605-38ce8c7feab7" CHANGEID="689670605" NUMBER="3" OPERTYPEID="10" PREVID="0" NEXTID="0" UPDATEDATE="2025-09-29" STARTDATE="2025-09-29" ENDDATE="2079-06-06" ISACTUAL="1" ISACTIVE="1" /><STEAD ID="74173781" OBJECTID="174930934" OBJECTGUID="d1cbecf7-5285-4187-a87c-fd8a99b86e1f" CHANGEID="689670610" NUMBER="2" OPERTYPEID="10" PREVID="0" NEXTID="0" UPDATEDATE="2025-09-29" STARTDATE="2025-09-29" ENDDATE="2079-06-06" ISACTUAL="1" ISACTIVE="1" /><STEAD ID="74173782" OBJECTID="174930935" OBJECTGUID="97e265ef-58a2-4e06-ab7c-a68ad2a132b3" CHANGEID="689670612" NUMBER="48" OPERTYPEID="10" PREVID="0" NEXTID="0" UPDATEDATE="2025-09-29" STARTDATE="2025-09-29" ENDDATE="2079-06-06" ISACTUAL="1" ISACTIVE="1" /><STEAD ID="74173783" OBJECTID="174930936" OBJECTGUID="188aa9b5-794f-421f-9dc5-5c78dd52d73e" CHANGEID="689670628" NUMBER="1" OPERTYPEID="10" PREVID="0" NEXTID="0" UPDATEDATE="2025-09-29" STARTDATE="2025-09-29" ENDDATE="2079-06-06" ISACTUAL="1" ISACTIVE="1" /><STEAD ID="74174566" OBJECTID="174932868" OBJECTGUID="2780e3e4-3be1-4504-be83-a0260c88d01a" CHANGEID="689673825" NUMBER="30" OPERTYPEID="10" PREVID="0" NEXTID="0" UPDATEDATE="2025-09-29" STARTDATE="2025-09-29" ENDDATE="2079-06-06" ISACTUAL="1" ISACTIVE="1" /><STEAD ID="74174567" OBJECTID="174932869" OBJECTGUID="b440c52d-259d-4482-ad1d-3f3885f33aff" CHANGEID="689673826" NUMBER="25" OPERTYPEID="10" PREVID="0" NEXTID="0" UPDATEDATE="2025-09-29" STARTDATE="2025-09-29" ENDDATE="2079-06-06" ISACTUAL="1" ISACTIVE="1" /><STEAD ID="74174568" OBJECTID="174932870" OBJECTGUID="4ceef652-0e57-4a81-850a-ddc1ef8a0de8" CHANGEID="689673827" NUMBER="24" OPERTYPEID="10" PREVID="0" NEXTID="0" UPDATEDATE="2025-09-29" STARTDATE="2025-09-29" ENDDATE="2079-06-06" ISACTUAL="1" ISACTIVE="1" /><STEAD ID="74174569" OBJECTID="174932871" OBJECTGUID="f2df2b47-d4c7-4cdc-8aae-dcc9361ce8e2" CHANGEID="689673828" NUMBER="23" OPERTYPEID="10" PREVID="0" NEXTID="0" UPDATEDATE="2025-09-29" STARTDATE="2025-09-29" ENDDATE="2079-06-06" ISACTUAL="1" ISACTIVE="1" /><STEAD ID="74174570" OBJECTID="174932872" OBJECTGUID="22b9148b-26a7-41db-8522-4709cbafd3fc" CHANGEID="689673829" NUMBER="19" OPERTYPEID="10" PREVID="0" NEXTID="0" UPDATEDATE="2025-09-29" STARTDATE="2025-09-29" ENDDATE="2079-06-06" ISACTUAL="1" ISACTIVE="1" /><STEAD ID="74174571" OBJECTID="174932873" OBJECTGUID="3078e1de-413d-4e6f-8802-07a4303e748c" CHANGEID="689673830" NUMBER="18" OPERTYPEID="10" PREVID="0" NEXTID="0" UPDATEDATE="2025-09-29" STARTDATE="2025-09-29" ENDDATE="2079-06-06" ISACTUAL="1" ISACTIVE="1" /><STEAD ID="74174572" OBJECTID="174932874" OBJECTGUID="ee025970-a643-4b7c-ab7c-9001b14af745" CHANGEID="689673831" NUMBER="17" OPERTYPEID="10" PREVID="0" NEXTID="0" UPDATEDATE="2025-09-29" STARTDATE="2025-09-29" ENDDATE="2079-06-06" ISACTUAL="1" ISACTIVE="1" /><STEAD ID="74174573" OBJECTID="174932875" OBJECTGUID="5c209520-92d5-4d5f-873d-3de28922c6b2" CHANGEID="689673832" NUMBER="16" OPERTYPEID="10" PREVID="0" NEXTID="0" UPDATEDATE="2025-09-29" STARTDATE="2025-09-29" ENDDATE="2079-06-06" ISACTUAL="1" ISACTIVE="1" /><STEAD ID="74174574" OBJECTID="174932876" OBJECTGUID="5a7c56cc-3db3-4a7a-a9f1-27aae8f78ad8" CHANGEID="689673833" NUMBER="13" OPERTYPEID="10" PREVID="0" NEXTID="0" UPDATEDATE="2025-09-29" STARTDATE="2025-09-29" ENDDATE="2079-06-06" ISACTUAL="1" ISACTIVE="1" /><STEAD ID="74174575" OBJECTID="174932877" OBJECTGUID="48bad123-5be8-4c66-b604-54c083c0c800" CHANGEID="689673834" NUMBER="12" OPERTYPEID="10" PREVID="0" NEXTID="0" UPDATEDATE="2025-09-29" STARTDATE="2025-09-29" ENDDATE="2079-06-06" ISACTUAL="1" ISACTIVE="1" /><STEAD ID="74174576" OBJECTID="174932878" OBJECTGUID="8de2d148-700f-4478-b8ec-e7a5c063b0ef" CHANGEID="689673835" NUMBER="11" OPERTYPEID="10" PREVID="0" NEXTID="0" UPDATEDATE="2025-09-29" STARTDATE="2025-09-29" ENDDATE="2079-06-06" ISACTUAL="1" ISACTIVE="1" /><STEAD ID="74174577" OBJECTID="174932879" OBJECTGUID="155491e5-4062-4555-a1f0-cf769d116137" CHANGEID="689673836" NUMBER="10" OPERTYPEID="10" PREVID="0" NEXTID="0" UPDATEDATE="2025-09-29" STARTDATE="2025-09-29" ENDDATE="2079-06-06" ISACTUAL="1" ISACTIVE="1" /><STEAD ID="74174578" OBJECTID="174932880" OBJECTGUID="15fbb98d-5acd-4af1-b5ed-f180cf0f74a0" CHANGEID="689673837" NUMBER="9" OPERTYPEID="10" PREVID="0" NEXTID="0" UPDATEDATE="2025-09-29" STARTDATE="2025-09-29" ENDDATE="2079-06-06" ISACTUAL="1" ISACTIVE="1" /><STEAD ID="74174579" OBJECTID="174932881" OBJECTGUID="5788fb09-21b8-4891-925e-79970892fc96" CHANGEID="689673838" NUMBER="7" OPERTYPEID="10" PREVID="0" NEXTID="0" UPDATEDATE="2025-09-29" STARTDATE="2025-09-29" ENDDATE="2079-06-06" ISACTUAL="1" ISACTIVE="1" /><STEAD ID="74174580" OBJECTID="174932882" OBJECTGUID="f362c3b8-0cdc-4e55-924b-8105cfa90390" CHANGEID="689673839" NUMBER="6" OPERTYPEID="10" PREVID="0" NEXTID="0" UPDATEDATE="2025-09-29" STARTDATE="2025-09-29" ENDDATE="2079-06-06" ISACTUAL="1" ISACTIVE="1" /><STEAD ID="74174581" OBJECTID="174932883" OBJECTGUID="1aec4ccb-5d81-4f0a-b132-58ee2787af0a" CHANGEID="689673840" NUMBER="5" OPERTYPEID="10" PREVID="0" NEXTID="0" UPDATEDATE="2025-09-29" STARTDATE="2025-09-29" ENDDATE="2079-06-06" ISACTUAL="1" ISACTIVE="1" /><STEAD ID="74174582" OBJECTID="174932884" OBJECTGUID="17a69a85-d3ad-42c3-9c55-6a6e9a348fc8" CHANGEID="689673841" NUMBER="4" OPERTYPEID="10" PREVID="0" NEXTID="0" UPDATEDATE="2025-09-29" STARTDATE="2025-09-29" ENDDATE="2079-06-06" ISACTUAL="1" ISACTIVE="1" /><STEAD ID="74174583" OBJECTID="174932885" OBJECTGUID="9a342245-4443-4991-aa7a-83c8c82d6979" CHANGEID="689673842" NUMBER="3" OPERTYPEID="10" PREVID="0" NEXTID="0" UPDATEDATE="2025-09-29" STARTDATE="2025-09-29" ENDDATE="2079-06-06" ISACTUAL="1" ISACTIVE="1" /><STEAD ID="74174584" OBJECTID="174932886" OBJECTGUID="79ea84ce-8d8b-4901-86fc-d2d0008b698b" CHANGEID="689673843" NUMBER="2" OPERTYPEID="10" PREVID="0" NEXTID="0" UPDATEDATE="2025-09-29" STARTDATE="2025-09-29" ENDDATE="2079-06-06" ISACTUAL="1" ISACTIVE="1" /><STEAD ID="74174585" OBJECTID="174932887" OBJECTGUID="01223a43-77e5-4d08-84c4-da454dafaf9e" CHANGEID="689673861" NUMBER="29" OPERTYPEID="10" PREVID="0" NEXTID="0" UPDATEDATE="2025-09-29" STARTDATE="2025-09-29" ENDDATE="2079-06-06" ISACTUAL="1" ISACTIVE="1" /><STEAD ID="74175306" OBJECTID="174934514" OBJECTGUID="cec622e6-658c-4576-9a6b-64b8639c3f3a" CHANGEID="689677639" NUMBER="5" OPERTYPEID="10" PREVID="0" NEXTID="0" UPDATEDATE="2025-09-29" STARTDATE="2025-09-29" ENDDATE="2079-06-06" ISACTUAL="1" ISACTIVE="1" /><STEAD ID="74175335" OBJECTID="174934564" OBJECTGUID="47252901-a93f-4945-919b-c639d4810d32" CHANGEID="689678128" NUMBER="31В" OPERTYPEID="10" PREVID="0" NEXTID="0" UPDATEDATE="2025-09-29" STARTDATE="2025-09-29" ENDDATE="2079-06-06" ISACTUAL="1" ISACTIVE="1" /><STEAD ID="74175873" OBJECTID="174935725" OBJECTGUID="e41c4a63-349b-411c-8fc8-329b181f1a93" CHANGEID="689680151" NUMBER="2А" OPERTYPEID="10" PREVID="0" NEXTID="0" UPDATEDATE="2025-09-29" STARTDATE="2025-09-29" ENDDATE="2079-06-06" ISACTUAL="1" ISACTIVE="1" /><STEAD ID="74175893" OBJECTID="174935782" OBJECTGUID="bbbd1c78-e32f-4fb4-a84c-fac7f550d027" CHANGEID="689680213" NUMBER="28А" OPERTYPEID="10" PREVID="0" NEXTID="0" UPDATEDATE="2025-09-29" STARTDATE="2025-09-29" ENDDATE="2079-06-06" ISACTUAL="1" ISACTIVE="1" /><STEAD ID="74175894" OBJECTID="174935783" OBJECTGUID="30ab2ac0-b760-40ed-bd20-44023b870c54" CHANGEID="689680222" NUMBER="15" OPERTYPEID="10" PREVID="0" NEXTID="0" UPDATEDATE="2025-09-29" STARTDATE="2025-09-29" ENDDATE="2079-06-06" ISACTUAL="1" ISACTIVE="1" /><STEAD ID="74175897" OBJECTID="174935786" OBJECTGUID="da122572-6bfd-4503-9fa8-862beb0ed0bd" CHANGEID="689680236" NUMBER="17" OPERTYPEID="10" PREVID="0" NEXTID="0" UPDATEDATE="2025-09-29" STARTDATE="2025-09-29" ENDDATE="2079-06-06" ISACTUAL="1" ISACTIVE="1" /><STEAD ID="74175908" OBJECTID="174935879" OBJECTGUID="63348b60-0490-41bd-bb04-e4ec3c46af5b" CHANGEID="689680387" NUMBER="36" OPERTYPEID="10" PREVID="0" NEXTID="0" UPDATEDATE="2025-09-29" STARTDATE="2025-09-29" ENDDATE="2079-06-06" ISACTUAL="1" ISACTIVE="1" /><STEAD ID="74175930" OBJECTID="174936568" OBJECTGUID="5832060b-5e11-43c7-b62b-757cebc0a29b" CHANGEID="689681093" NUMBER="29А" OPERTYPEID="10" PREVID="0" NEXTID="0" UPDATEDATE="2025-09-29" STARTDATE="2025-09-29" ENDDATE="2079-06-06" ISACTUAL="1" ISACTIVE="1" /><STEAD ID="74175933" OBJECTID="174936572" OBJECTGUID="62ceae48-2327-4bd3-a896-377e939aa6ea" CHANGEID="689681097" NUMBER="10" OPERTYPEID="10" PREVID="0" NEXTID="0" UPDATEDATE="2025-09-29" STARTDATE="2025-09-29" ENDDATE="2079-06-06" ISACTUAL="1" ISACTIVE="1" /><STEAD ID="74175884" OBJECTID="174935767" OBJECTGUID="71a6d2b9-f6cd-4332-9e3f-fd13a5f78b63" CHANGEID="689680198" NUMBER="126" OPERTYPEID="10" PREVID="0" NEXTID="0" UPDATEDATE="2025-09-29" STARTDATE="2025-09-29" ENDDATE="2079-06-06" ISACTUAL="1" ISACTIVE="1" /><STEAD ID="74175895" OBJECTID="174935784" OBJECTGUID="dddcab91-9461-4cb9-b871-a356870472df" CHANGEID="689680229" NUMBER="16" OPERTYPEID="10" PREVID="0" NEXTID="0" UPDATEDATE="2025-09-29" STARTDATE="2025-09-29" ENDDATE="2079-06-06" ISACTUAL="1" ISACTIVE="1" /><STEAD ID="74175896" OBJECTID="174935785" OBJECTGUID="b3224cf9-fc08-47ad-927a-e28ae1d9ca58" CHANGEID="689680235" NUMBER="16" OPERTYPEID="10" PREVID="0" NEXTID="0" UPDATEDATE="2025-09-29" STARTDATE="2025-09-29" ENDDATE="2079-06-06" ISACTUAL="1" ISACTIVE="1" /><STEAD ID="74175898" OBJECTID="174935787" OBJECTGUID="af79f636-08d5-44dc-bdd9-33af0ffb335e" CHANGEID="689680237" NUMBER="14" OPERTYPEID="10" PREVID="0" NEXTID="0" UPDATEDATE="2025-09-29" STARTDATE="2025-09-29" ENDDATE="2079-06-06" ISACTUAL="1" ISACTIVE="1" /><STEAD ID="74175907" OBJECTID="174935878" OBJECTGUID="143e1666-2d2c-4d67-86d5-ad8d197443ec" CHANGEID="689680386" NUMBER="36" OPERTYPEID="10" PREVID="0" NEXTID="0" UPDATEDATE="2025-09-29" STARTDATE="2025-09-29" ENDDATE="2079-06-06" ISACTUAL="1" ISACTIVE="1" /><STEAD ID="74175931" OBJECTID="174936569" OBJECTGUID="d9261b82-7f8e-49bb-81e7-ab0c3f64126a" CHANGEID="689681094" NUMBER="18" OPERTYPEID="10" PREVID="0" NEXTID="0" UPDATEDATE="2025-09-29" STARTDATE="2025-09-29" ENDDATE="2079-06-06" ISACTUAL="1" ISACTIVE="1" /><STEAD ID="74176045" OBJECTID="174936790" OBJECTGUID="63734d69-7ecd-4ff1-9284-6a753a42f84a" CHANGEID="689682120" NUMBER="11" OPERTYPEID="10" PREVID="0" NEXTID="0" UPDATEDATE="2025-09-29" STARTDATE="2025-09-29" ENDDATE="2079-06-06" ISACTUAL="1" ISACTIVE="1" /><STEAD ID="74176106" OBJECTID="174936947" OBJECTGUID="afbe0b0d-f901-47fd-9337-46b1955bd5dc" CHANGEID="689682405" NUMBER="31А" OPERTYPEID="10" PREVID="0" NEXTID="0" UPDATEDATE="2025-09-29" STARTDATE="2025-09-29" ENDDATE="2079-06-06" ISACTUAL="1" ISACTIVE="1" /><STEAD ID="74176108" OBJECTID="174936954" OBJECTGUID="7aae43b9-9a23-4dfb-9e18-960c1dbbbae9" CHANGEID="689682415" NUMBER="21" OPERTYPEID="10" PREVID="0" NEXTID="0" UPDATEDATE="2025-09-29" STARTDATE="2025-09-29" ENDDATE="2079-06-06" ISACTUAL="1" ISACTIVE="1" /><STEAD ID="74176099" OBJECTID="174936923" OBJECTGUID="e4ea80ca-ad44-4b66-bf08-75cf958c6fbe" CHANGEID="689682370" NUMBER="7Б" OPERTYPEID="10" PREVID="0" NEXTID="0" UPDATEDATE="2025-09-29" STARTDATE="2025-09-29" ENDDATE="2079-06-06" ISACTUAL="1" ISACTIVE="1" /><STEAD ID="74176189" OBJECTID="174937085" OBJECTGUID="d8fe57d9-39b3-4b9a-86de-a57f0095128a" CHANGEID="689682598" NUMBER="868" OPERTYPEID="10" PREVID="0" NEXTID="0" UPDATEDATE="2025-09-29" STARTDATE="2025-09-29" ENDDATE="2079-06-06" ISACTUAL="1" ISACTIVE="1" /><STEAD ID="74176190" OBJECTID="174937086" OBJECTGUID="d38d63de-6602-4453-994d-fcdc8301d7c6" CHANGEID="689682599" NUMBER="864" OPERTYPEID="10" PREVID="0" NEXTID="0" UPDATEDATE="2025-09-29" STARTDATE="2025-09-29" ENDDATE="2079-06-06" ISACTUAL="1" ISACTIVE="1" /><STEAD ID="74176191" OBJECTID="174937087" OBJECTGUID="ebc4aeb1-2836-40ca-95b9-23d62464ed8e" CHANGEID="689682600" NUMBER="865" OPERTYPEID="10" PREVID="0" NEXTID="0" UPDATEDATE="2025-09-29" STARTDATE="2025-09-29" ENDDATE="2079-06-06" ISACTUAL="1" ISACTIVE="1" /><STEAD ID="74176192" OBJECTID="174937088" OBJECTGUID="aa09e482-b7e3-4691-8852-4ce834e81945" CHANGEID="689682601" NUMBER="98" OPERTYPEID="10" PREVID="0" NEXTID="0" UPDATEDATE="2025-09-29" STARTDATE="2025-09-29" ENDDATE="2079-06-06" ISACTUAL="1" ISACTIVE="1" /><STEAD ID="74176193" OBJECTID="174937089" OBJECTGUID="218c529f-70f7-447e-8275-6da975aa52db" CHANGEID="689682602" NUMBER="71" OPERTYPEID="10" PREVID="0" NEXTID="0" UPDATEDATE="2025-09-29" STARTDATE="2025-09-29" ENDDATE="2079-06-06" ISACTUAL="1" ISACTIVE="1" /><STEAD ID="74176194" OBJECTID="174937090" OBJECTGUID="b9670aca-6bef-4067-9f39-415c8f6c3511" CHANGEID="689682603" NUMBER="837" OPERTYPEID="10" PREVID="0" NEXTID="0" UPDATEDATE="2025-09-29" STARTDATE="2025-09-29" ENDDATE="2079-06-06" ISACTUAL="1" ISACTIVE="1" /><STEAD ID="74176195" OBJECTID="174937091" OBJECTGUID="00df9d45-1063-46b5-bb01-b73895c99210" CHANGEID="689682604" NUMBER="68" OPERTYPEID="10" PREVID="0" NEXTID="0" UPDATEDATE="2025-09-29" STARTDATE="2025-09-29" ENDDATE="2079-06-06" ISACTUAL="1" ISACTIVE="1" /><STEAD ID="74176196" OBJECTID="174937092" OBJECTGUID="758d1584-6288-43a4-9b99-fe0899d50509" CHANGEID="689682605" NUMBER="77" OPERTYPEID="10" PREVID="0" NEXTID="0" UPDATEDATE="2025-09-29" STARTDATE="2025-09-29" ENDDATE="2079-06-06" ISACTUAL="1" ISACTIVE="1" /><STEAD ID="74176197" OBJECTID="174937093" OBJECTGUID="590268a2-cc81-4d84-9090-7ed4036ff06f" CHANGEID="689682606" NUMBER="75" OPERTYPEID="10" PREVID="0" NEXTID="0" UPDATEDATE="2025-09-29" STARTDATE="2025-09-29" ENDDATE="2079-06-06" ISACTUAL="1" ISACTIVE="1" /><STEAD ID="74176198" OBJECTID="174937094" OBJECTGUID="241d6f79-2e58-4c1f-a6fe-9a6b10b68330" CHANGEID="689682607" NUMBER="78" OPERTYPEID="10" PREVID="0" NEXTID="0" UPDATEDATE="2025-09-29" STARTDATE="2025-09-29" ENDDATE="2079-06-06" ISACTUAL="1" ISACTIVE="1" /><STEAD ID="74176199" OBJECTID="174937095" OBJECTGUID="ac40e321-3249-4ebd-9a70-b746abcfa2c2" CHANGEID="689682608" NUMBER="64Б" OPERTYPEID="10" PREVID="0" NEXTID="0" UPDATEDATE="2025-09-29" STARTDATE="2025-09-29" ENDDATE="2079-06-06" ISACTUAL="1" ISACTIVE="1" /><STEAD ID="74176200" OBJECTID="174937096" OBJECTGUID="cc3854c7-1dfd-4a2f-907d-598a2a27e4cb" CHANGEID="689682609" NUMBER="83" OPERTYPEID="10" PREVID="0" NEXTID="0" UPDATEDATE="2025-09-29" STARTDATE="2025-09-29" ENDDATE="2079-06-06" ISACTUAL="1" ISACTIVE="1" /><STEAD ID="74176201" OBJECTID="174937097" OBJECTGUID="ffc3ad9c-cb38-4fad-ba67-b635f7bdee13" CHANGEID="689682610" NUMBER="87" OPERTYPEID="10" PREVID="0" NEXTID="0" UPDATEDATE="2025-09-29" STARTDATE="2025-09-29" ENDDATE="2079-06-06" ISACTUAL="1" ISACTIVE="1" /><STEAD ID="74176202" OBJECTID="174937098" OBJECTGUID="f9537423-701e-4387-a91c-aa1524fb0d4b" CHANGEID="689682611" NUMBER="336" OPERTYPEID="10" PREVID="0" NEXTID="0" UPDATEDATE="2025-09-29" STARTDATE="2025-09-29" ENDDATE="2079-06-06" ISACTUAL="1" ISACTIVE="1" /><STEAD ID="74176203" OBJECTID="174937099" OBJECTGUID="c5545932-0f13-4950-bc20-e792cb7abf71" CHANGEID="689682612" NUMBER="337" OPERTYPEID="10" PREVID="0" NEXTID="0" UPDATEDATE="2025-09-29" STARTDATE="2025-09-29" ENDDATE="2079-06-06" ISACTUAL="1" ISACTIVE="1" /><STEAD ID="74176204" OBJECTID="174937100" OBJECTGUID="d9c21a22-3c67-4e6a-9fbe-cd433991b5b3" CHANGEID="689682613" NUMBER="343/344" OPERTYPEID="10" PREVID="0" NEXTID="0" UPDATEDATE="2025-09-29" STARTDATE="2025-09-29" ENDDATE="2079-06-06" ISACTUAL="1" ISACTIVE="1" /><STEAD ID="74176205" OBJECTID="174937101" OBJECTGUID="a0ac5a38-66a4-4309-b07f-8eda3a8f0d74" CHANGEID="689682614" NUMBER="359" OPERTYPEID="10" PREVID="0" NEXTID="0" UPDATEDATE="2025-09-29" STARTDATE="2025-09-29" ENDDATE="2079-06-06" ISACTUAL="1" ISACTIVE="1" /><STEAD ID="74176225" OBJECTID="174937130" OBJECTGUID="41e3ad6c-66a6-455f-b03b-1031281a3194" CHANGEID="689682647" NUMBER="22" OPERTYPEID="10" PREVID="0" NEXTID="0" UPDATEDATE="2025-09-29" STARTDATE="2025-09-29" ENDDATE="2079-06-06" ISACTUAL="1" ISACTIVE="1" /><STEAD ID="74176227" OBJECTID="174937132" OBJECTGUID="9ba89a59-4119-4574-aac9-164806d43569" CHANGEID="689682653" NUMBER="65А" OPERTYPEID="10" PREVID="0" NEXTID="0" UPDATEDATE="2025-09-29" STARTDATE="2025-09-29" ENDDATE="2079-06-06" ISACTUAL="1" ISACTIVE="1" /><STEAD ID="74176249" OBJECTID="174937184" OBJECTGUID="6159207f-650c-47c4-8d1f-4398c6f05155" CHANGEID="689682716" NUMBER="65В" OPERTYPEID="10" PREVID="0" NEXTID="0" UPDATEDATE="2025-09-29" STARTDATE="2025-09-29" ENDDATE="2079-06-06" ISACTUAL="1" ISACTIVE="1" /><STEAD ID="74176206" OBJECTID="174937102" OBJECTGUID="cc69c9c5-68b9-4a8a-b078-a3bf012b75c9" CHANGEID="689682615" NUMBER="356" OPERTYPEID="10" PREVID="0" NEXTID="0" UPDATEDATE="2025-09-29" STARTDATE="2025-09-29" ENDDATE="2079-06-06" ISACTUAL="1" ISACTIVE="1" /><STEAD ID="74176207" OBJECTID="174937103" OBJECTGUID="9b870c2d-1ab1-4f02-9dbe-5c7ccc3cc4f2" CHANGEID="689682616" NUMBER="346А" OPERTYPEID="10" PREVID="0" NEXTID="0" UPDATEDATE="2025-09-29" STARTDATE="2025-09-29" ENDDATE="2079-06-06" ISACTUAL="1" ISACTIVE="1" /><STEAD ID="74176208" OBJECTID="174937104" OBJECTGUID="82f10971-017b-4a76-aa21-d78b1415b3c6" CHANGEID="689682617" NUMBER="338" OPERTYPEID="10" PREVID="0" NEXTID="0" UPDATEDATE="2025-09-29" STARTDATE="2025-09-29" ENDDATE="2079-06-06" ISACTUAL="1" ISACTIVE="1" /><STEAD ID="74176209" OBJECTID="174937105" OBJECTGUID="df771a8d-0ccc-4935-bc08-32cb6fb15e37" CHANGEID="689682618" NUMBER="352" OPERTYPEID="10" PREVID="0" NEXTID="0" UPDATEDATE="2025-09-29" STARTDATE="2025-09-29" ENDDATE="2079-06-06" ISACTUAL="1" ISACTIVE="1" /><STEAD ID="74176210" OBJECTID="174937106" OBJECTGUID="92d6d1d7-2c61-4847-b00d-8caf51d07e6f" CHANGEID="689682619" NUMBER="339" OPERTYPEID="10" PREVID="0" NEXTID="0" UPDATEDATE="2025-09-29" STARTDATE="2025-09-29" ENDDATE="2079-06-06" ISACTUAL="1" ISACTIVE="1" /><STEAD ID="74176211" OBJECTID="174937107" OBJECTGUID="e51343c6-a333-405e-9610-d14d111782f4" CHANGEID="689682620" NUMBER="340" OPERTYPEID="10" PREVID="0" NEXTID="0" UPDATEDATE="2025-09-29" STARTDATE="2025-09-29" ENDDATE="2079-06-06" ISACTUAL="1" ISACTIVE="1" /><STEAD ID="74176212" OBJECTID="174937108" OBJECTGUID="e265adf8-6a4e-489e-bd02-75312ea3b8e2" CHANGEID="689682621" NUMBER="362" OPERTYPEID="10" PREVID="0" NEXTID="0" UPDATEDATE="2025-09-29" STARTDATE="2025-09-29" ENDDATE="2079-06-06" ISACTUAL="1" ISACTIVE="1" /><STEAD ID="74176213" OBJECTID="174937109" OBJECTGUID="4f3cca34-7a56-4347-914d-1b4443ce1f6c" CHANGEID="689682622" NUMBER="361" OPERTYPEID="10" PREVID="0" NEXTID="0" UPDATEDATE="2025-09-29" STARTDATE="2025-09-29" ENDDATE="2079-06-06" ISACTUAL="1" ISACTIVE="1" /><STEAD ID="74176214" OBJECTID="174937110" OBJECTGUID="7ad29466-a879-43f1-b2b0-815e0f9e80b3" CHANGEID="689682623" NUMBER="357" OPERTYPEID="10" PREVID="0" NEXTID="0" UPDATEDATE="2025-09-29" STARTDATE="2025-09-29" ENDDATE="2079-06-06" ISACTUAL="1" ISACTIVE="1" /><STEAD ID="74176215" OBJECTID="174937111" OBJECTGUID="32f46c23-b393-4a85-8fcb-378e7b2a93de" CHANGEID="689682624" NUMBER="351" OPERTYPEID="10" PREVID="0" NEXTID="0" UPDATEDATE="2025-09-29" STARTDATE="2025-09-29" ENDDATE="2079-06-06" ISACTUAL="1" ISACTIVE="1" /><STEAD ID="74176216" OBJECTID="174937112" OBJECTGUID="64daff9e-1e8b-4b4e-af8a-0300b2060b51" CHANGEID="689682625" NUMBER="355" OPERTYPEID="10" PREVID="0" NEXTID="0" UPDATEDATE="2025-09-29" STARTDATE="2025-09-29" ENDDATE="2079-06-06" ISACTUAL="1" ISACTIVE="1" /><STEAD ID="74176217" OBJECTID="174937113" OBJECTGUID="06b9fd8e-c973-49b9-94f1-9b601f30be89" CHANGEID="689682626" NUMBER="347" OPERTYPEID="10" PREVID="0" NEXTID="0" UPDATEDATE="2025-09-29" STARTDATE="2025-09-29" ENDDATE="2079-06-06" ISACTUAL="1" ISACTIVE="1" /><STEAD ID="74176218" OBJECTID="174937114" OBJECTGUID="d9bb8e1b-4baf-44f0-973d-fcc704ff1955" CHANGEID="689682627" NUMBER="345А" OPERTYPEID="10" PREVID="0" NEXTID="0" UPDATEDATE="2025-09-29" STARTDATE="2025-09-29" ENDDATE="2079-06-06" ISACTUAL="1" ISACTIVE="1" /><STEAD ID="74176219" OBJECTID="174937115" OBJECTGUID="11d2da75-efd5-4bcd-8267-639862d1eedf" CHANGEID="689682628" NUMBER="345" OPERTYPEID="10" PREVID="0" NEXTID="0" UPDATEDATE="2025-09-29" STARTDATE="2025-09-29" ENDDATE="2079-06-06" ISACTUAL="1" ISACTIVE="1" /><STEAD ID="74176220" OBJECTID="174937116" OBJECTGUID="129b8c81-fc33-4835-a0cc-824d7f46a3f2" CHANGEID="689682629" NUMBER="476" OPERTYPEID="10" PREVID="0" NEXTID="0" UPDATEDATE="2025-09-29" STARTDATE="2025-09-29" ENDDATE="2079-06-06" ISACTUAL="1" ISACTIVE="1" /><STEAD ID="74176221" OBJECTID="174937117" OBJECTGUID="3789139a-ddc5-4722-aec1-ea50191f39ab" CHANGEID="689682630" NUMBER="96" OPERTYPEID="10" PREVID="0" NEXTID="0" UPDATEDATE="2025-09-29" STARTDATE="2025-09-29" ENDDATE="2079-06-06" ISACTUAL="1" ISACTIVE="1" /><STEAD ID="74176222" OBJECTID="174937118" OBJECTGUID="2b292769-ca33-40d1-86bd-6375ab7f2710" CHANGEID="689682631" NUMBER="67" OPERTYPEID="10" PREVID="0" NEXTID="0" UPDATEDATE="2025-09-29" STARTDATE="2025-09-29" ENDDATE="2079-06-06" ISACTUAL="1" ISACTIVE="1" /><STEAD ID="74176223" OBJECTID="174937119" OBJECTGUID="fcdae853-cc07-4959-98e5-9044dd7f4121" CHANGEID="689682632" NUMBER="72" OPERTYPEID="10" PREVID="0" NEXTID="0" UPDATEDATE="2025-09-29" STARTDATE="2025-09-29" ENDDATE="2079-06-06" ISACTUAL="1" ISACTIVE="1" /><STEAD ID="69221360" OBJECTID="166088128" OBJECTGUID="6c4b3875-c58d-49da-a371-68a1c5c454a8" CHANGEID="603928071" NUMBER="58" OPERTYPEID="10" PREVID="0" NEXTID="74176228" UPDATEDATE="2025-09-29" STARTDATE="2024-10-09" ENDDATE="2025-09-29" ISACTUAL="0" ISACTIVE="0" /><STEAD ID="74176228" OBJECTID="166088128" OBJECTGUID="6c4b3875-c58d-49da-a371-68a1c5c454a8" CHANGEID="689682656" NUMBER="4" OPERTYPEID="50" PREVID="69221360" UPDATEDATE="2025-09-29" STARTDATE="2025-09-29" ENDDATE="2079-06-06" ISACTUAL="1" ISACTIVE="1" /><STEAD ID="74176231" OBJECTID="174937135" OBJECTGUID="ced79958-579c-4dba-9fd6-77db9df84166" CHANGEID="689682660" NUMBER="65Б" OPERTYPEID="10" PREVID="0" NEXTID="0" UPDATEDATE="2025-09-29" STARTDATE="2025-09-29" ENDDATE="2079-06-06" ISACTUAL="1" ISACTIVE="1" /><STEAD ID="74176265" OBJECTID="174937216" OBJECTGUID="31d98e3d-9523-4e40-98e6-960a650a1779" CHANGEID="689682816" NUMBER="4А" OPERTYPEID="10" PREVID="0" NEXTID="0" UPDATEDATE="2025-09-29" STARTDATE="2025-09-29" ENDDATE="2079-06-06" ISACTUAL="1" ISACTIVE="1" /><STEAD ID="74176359" OBJECTID="174937361" OBJECTGUID="1a819f74-bb03-40c5-8095-25887b95cfef" CHANGEID="689683093" NUMBER="26В" OPERTYPEID="10" PREVID="0" NEXTID="0" UPDATEDATE="2025-09-29" STARTDATE="2025-09-29" ENDDATE="2079-06-06" ISACTUAL="1" ISACTIVE="1" /><STEAD ID="74176415" OBJECTID="174937730" OBJECTGUID="ec1a2863-20e4-4a3a-afb6-a94f27beb913" CHANGEID="689683671" NUMBER="7" OPERTYPEID="10" PREVID="0" NEXTID="0" UPDATEDATE="2025-09-29" STARTDATE="2025-09-29" ENDDATE="2079-06-06" ISACTUAL="1" ISACTIVE="1" /><STEAD ID="74176416" OBJECTID="174937744" OBJECTGUID="18032fc7-165b-4f86-a8f8-57ccc3ade6aa" CHANGEID="689683696" NUMBER="71" OPERTYPEID="10" PREVID="0" NEXTID="0" UPDATEDATE="2025-09-29" STARTDATE="2025-09-29" ENDDATE="2079-06-06" ISACTUAL="1" ISACTIVE="1" /><STEAD ID="74176420" OBJECTID="174937756" OBJECTGUID="f99a8e9b-8975-4792-a809-c8dc4216cacb" CHANGEID="689683729" NUMBER="78" OPERTYPEID="10" PREVID="0" NEXTID="0" UPDATEDATE="2025-09-29" STARTDATE="2025-09-29" ENDDATE="2079-06-06" ISACTUAL="1" ISACTIVE="1" /><STEAD ID="74176422" OBJECTID="174937758" OBJECTGUID="2876fd99-b023-4b6b-9c6f-711c740c5d0a" CHANGEID="689683741" NUMBER="64" OPERTYPEID="10" PREVID="0" NEXTID="0" UPDATEDATE="2025-09-29" STARTDATE="2025-09-29" ENDDATE="2079-06-06" ISACTUAL="1" ISACTIVE="1" /><STEAD ID="74176429" OBJECTID="174937765" OBJECTGUID="89e9d1ef-bb22-4772-9486-1691f859168c" CHANGEID="689683764" NUMBER="44" OPERTYPEID="10" PREVID="0" NEXTID="0" UPDATEDATE="2025-09-29" STARTDATE="2025-09-29" ENDDATE="2079-06-06" ISACTUAL="1" ISACTIVE="1" /><STEAD ID="74176433" OBJECTID="174937777" OBJECTGUID="0662ec86-7fbe-4379-811d-723686cba2cc" CHANGEID="689683787" NUMBER="63" OPERTYPEID="10" PREVID="0" NEXTID="0" UPDATEDATE="2025-09-29" STARTDATE="2025-09-29" ENDDATE="2079-06-06" ISACTUAL="1" ISACTIVE="1" /><STEAD ID="74176435" OBJECTID="174937779" OBJECTGUID="e375347a-6005-4e03-911a-05e405b7efd3" CHANGEID="689683795" NUMBER="93" OPERTYPEID="10" PREVID="0" NEXTID="0" UPDATEDATE="2025-09-29" STARTDATE="2025-09-29" ENDDATE="2079-06-06" ISACTUAL="1" ISACTIVE="1" /><STEAD ID="74176437" OBJECTID="174937781" OBJECTGUID="d506b3e8-ef0d-4ba1-941d-7c804cd0af79" CHANGEID="689683803" NUMBER="29А" OPERTYPEID="10" PREVID="0" NEXTID="0" UPDATEDATE="2025-09-29" STARTDATE="2025-09-29" ENDDATE="2079-06-06" ISACTUAL="1" ISACTIVE="1" /><STEAD ID="74176440" OBJECTID="174937797" OBJECTGUID="06ab24eb-2908-4229-94c8-eab731a40708" CHANGEID="689683832" NUMBER="2" OPERTYPEID="10" PREVID="0" NEXTID="0" UPDATEDATE="2025-09-29" STARTDATE="2025-09-29" ENDDATE="2079-06-06" ISACTUAL="1" ISACTIVE="1" /><STEAD ID="74176443" OBJECTID="174937804" OBJECTGUID="dcd7bd7f-b0ba-4a59-a43c-139e4c8c1ed1" CHANGEID="689683866" NUMBER="23" OPERTYPEID="10" PREVID="0" NEXTID="0" UPDATEDATE="2025-09-29" STARTDATE="2025-09-29" ENDDATE="2079-06-06" ISACTUAL="1" ISACTIVE="1" /><STEAD ID="74176446" OBJECTID="174937809" OBJECTGUID="1153c642-f2c2-4f11-a64f-f7c9d09a8ae0" CHANGEID="689683907" NUMBER="9" OPERTYPEID="10" PREVID="0" NEXTID="0" UPDATEDATE="2025-09-29" STARTDATE="2025-09-29" ENDDATE="2079-06-06" ISACTUAL="1" ISACTIVE="1" /><STEAD ID="74176413" OBJECTID="174937728" OBJECTGUID="bb4fcbc9-e1a3-4565-9789-0a582fad295f" CHANGEID="689683662" NUMBER="6" OPERTYPEID="10" PREVID="0" NEXTID="0" UPDATEDATE="2025-09-29" STARTDATE="2025-09-29" ENDDATE="2079-06-06" ISACTUAL="1" ISACTIVE="1" /><STEAD ID="74176418" OBJECTID="174937752" OBJECTGUID="943c7938-38ad-4fb8-8032-e8be244373a2" CHANGEID="689683715" NUMBER="75" OPERTYPEID="10" PREVID="0" NEXTID="0" UPDATEDATE="2025-09-29" STARTDATE="2025-09-29" ENDDATE="2079-06-06" ISACTUAL="1" ISACTIVE="1" /><STEAD ID="74176421" OBJECTID="174937757" OBJECTGUID="00d56c67-8ddb-40b5-a392-7219f48fa0ab" CHANGEID="689683736" NUMBER="52А" OPERTYPEID="10" PREVID="0" NEXTID="0" UPDATEDATE="2025-09-29" STARTDATE="2025-09-29" ENDDATE="2079-06-06" ISACTUAL="1" ISACTIVE="1" /><STEAD ID="74176425" OBJECTID="174937761" OBJECTGUID="1b7b9de2-fab7-46a2-a4e2-9463bd5a7ebe" CHANGEID="689683749" NUMBER="38" OPERTYPEID="10" PREVID="0" NEXTID="0" UPDATEDATE="2025-09-29" STARTDATE="2025-09-29" ENDDATE="2079-06-06" ISACTUAL="1" ISACTIVE="1" /><STEAD ID="74176427" OBJECTID="174937763" OBJECTGUID="bfbb3bb3-8a7a-4eff-bf4d-a5e8e06d82c0" CHANGEID="689683757" NUMBER="80" OPERTYPEID="10" PREVID="0" NEXTID="0" UPDATEDATE="2025-09-29" STARTDATE="2025-09-29" ENDDATE="2079-06-06" ISACTUAL="1" ISACTIVE="1" /><STEAD ID="74176431" OBJECTID="174937775" OBJECTGUID="d54ca4d4-380c-4741-a5f7-ec3a635fdd99" CHANGEID="689683780" NUMBER="87" OPERTYPEID="10" PREVID="0" NEXTID="0" UPDATEDATE="2025-09-29" STARTDATE="2025-09-29" ENDDATE="2079-06-06" ISACTUAL="1" ISACTIVE="1" /><STEAD ID="74176441" OBJECTID="174937800" OBJECTGUID="1dbaa05d-16ce-454d-9ee5-4e8c290c5792" CHANGEID="689683843" NUMBER="3" OPERTYPEID="10" PREVID="0" NEXTID="0" UPDATEDATE="2025-09-29" STARTDATE="2025-09-29" ENDDATE="2079-06-06" ISACTUAL="1" ISACTIVE="1" /><STEAD ID="74176442" OBJECTID="174937802" OBJECTGUID="c3755681-f1be-412a-80d7-e673d6f2e8a1" CHANGEID="689683853" NUMBER="21" OPERTYPEID="10" PREVID="0" NEXTID="0" UPDATEDATE="2025-09-29" STARTDATE="2025-09-29" ENDDATE="2079-06-06" ISACTUAL="1" ISACTIVE="1" /><STEAD ID="74176445" OBJECTID="174937808" OBJECTGUID="b1379158-753a-429f-bd88-4ce95912ff06" CHANGEID="689683887" NUMBER="22" OPERTYPEID="10" PREVID="0" NEXTID="0" UPDATEDATE="2025-09-29" STARTDATE="2025-09-29" ENDDATE="2079-06-06" ISACTUAL="1" ISACTIVE="1" /><STEAD ID="74176447" OBJECTID="174937810" OBJECTGUID="23886aa9-1a3a-4dbc-9a2b-ee08dcfa3543" CHANGEID="689683912" NUMBER="5" OPERTYPEID="10" PREVID="0" NEXTID="0" UPDATEDATE="2025-09-29" STARTDATE="2025-09-29" ENDDATE="2079-06-06" ISACTUAL="1" ISACTIVE="1" /><STEAD ID="74176448" OBJECTID="174937811" OBJECTGUID="266ce220-edb0-4ccd-99f0-73860b13aba7" CHANGEID="689683914" NUMBER="5" OPERTYPEID="10" PREVID="0" NEXTID="0" UPDATEDATE="2025-09-29" STARTDATE="2025-09-29" ENDDATE="2079-06-06" ISACTUAL="1" ISACTIVE="1" /><STEAD ID="74176533" OBJECTID="174938064" OBJECTGUID="c3673261-5866-497e-8df6-b3cb4b0f8f1d" CHANGEID="689686131" NUMBER="256" OPERTYPEID="10" PREVID="0" NEXTID="0" UPDATEDATE="2025-09-29" STARTDATE="2025-09-29" ENDDATE="2079-06-06" ISACTUAL="1" ISACTIVE="1" /><STEAD ID="74176537" OBJECTID="174938077" OBJECTGUID="7e8989da-6519-47fe-8338-ed924de1ebb5" CHANGEID="689686153" NUMBER="20" OPERTYPEID="10" PREVID="0" NEXTID="0" UPDATEDATE="2025-09-29" STARTDATE="2025-09-29" ENDDATE="2079-06-06" ISACTUAL="1" ISACTIVE="1" /><STEAD ID="74176647" OBJECTID="174938384" OBJECTGUID="cce00794-f9d3-4550-9954-e3a8d132b4cb" CHANGEID="689686723" NUMBER="27" OPERTYPEID="10" PREVID="0" NEXTID="0" UPDATEDATE="2025-09-29" STARTDATE="2025-09-29" ENDDATE="2079-06-06" ISACTUAL="1" ISACTIVE="1" /><STEAD ID="74176686" OBJECTID="174938469" OBJECTGUID="929d226d-485c-4e2a-9ace-564fda02979a" CHANGEID="689686812" NUMBER="8" OPERTYPEID="10" PREVID="0" NEXTID="0" UPDATEDATE="2025-09-29" STARTDATE="2025-09-29" ENDDATE="2079-06-06" ISACTUAL="1" ISACTIVE="1" /><STEAD ID="74176720" OBJECTID="174938528" OBJECTGUID="4260acdc-65e8-4168-bedd-b579f7b6dc74" CHANGEID="689686906" NUMBER="32" OPERTYPEID="10" PREVID="0" NEXTID="0" UPDATEDATE="2025-09-29" STARTDATE="2025-09-29" ENDDATE="2079-06-06" ISACTUAL="1" ISACTIVE="1" /><STEAD ID="74176731" OBJECTID="174938555" OBJECTGUID="0e785b12-7709-4745-9ae2-84ff72497bdc" CHANGEID="689686951" NUMBER="13" OPERTYPEID="10" PREVID="0" NEXTID="0" UPDATEDATE="2025-09-29" STARTDATE="2025-09-29" ENDDATE="2079-06-06" ISACTUAL="1" ISACTIVE="1" /><STEAD ID="74176739" OBJECTID="174938566" OBJECTGUID="6192eafb-710e-4a6a-b33c-9e9bc164a87f" CHANGEID="689686971" NUMBER="232" OPERTYPEID="10" PREVID="0" NEXTID="0" UPDATEDATE="2025-09-29" STARTDATE="2025-09-29" ENDDATE="2079-06-06" ISACTUAL="1" ISACTIVE="1" /><STEAD ID="74176729" OBJECTID="174938540" OBJECTGUID="8a592433-9d34-4f75-a8f2-419cfb5bab9f" CHANGEID="689686930" NUMBER="25" OPERTYPEID="10" PREVID="0" NEXTID="0" UPDATEDATE="2025-09-29" STARTDATE="2025-09-29" ENDDATE="2079-06-06" ISACTUAL="1" ISACTIVE="1" /><STEAD ID="74176760" OBJECTID="174938691" OBJECTGUID="1f955893-0881-4ff7-85c0-8c679085927d" CHANGEID="689687119" NUMBER="6" OPERTYPEID="10" PREVID="0" NEXTID="0" UPDATEDATE="2025-09-29" STARTDATE="2025-09-29" ENDDATE="2079-06-06" ISACTUAL="1" ISACTIVE="1" /><STEAD ID="74176762" OBJECTID="174938707" OBJECTGUID="95bdae52-c92d-49db-aae3-04772e5b7d28" CHANGEID="689687142" NUMBER="31" OPERTYPEID="10" PREVID="0" NEXTID="0" UPDATEDATE="2025-09-29" STARTDATE="2025-09-29" ENDDATE="2079-06-06" ISACTUAL="1" ISACTIVE="1" /><STEAD ID="74178548" OBJECTID="174941442" OBJECTGUID="7ba83618-8bb7-43a9-bfd4-68dd078ff198" CHANGEID="689692980" NUMBER="1" OPERTYPEID="10" PREVID="0" NEXTID="0" UPDATEDATE="2025-09-29" STARTDATE="2025-09-29" ENDDATE="2079-06-06" ISACTUAL="1" ISACTIVE="1" /><STEAD ID="74179028" OBJECTID="174942395" OBJECTGUID="07817ea4-29a4-4773-acab-c0151c362460" CHANGEID="689694793" NUMBER="37" OPERTYPEID="10" PREVID="0" NEXTID="0" UPDATEDATE="2025-09-29" STARTDATE="2025-09-29" ENDDATE="2079-06-06" ISACTUAL="1" ISACTIVE="1" /><STEAD ID="74179381" OBJECTID="174942873" OBJECTGUID="eade780a-d919-44f5-be8b-283e44e20273" CHANGEID="689695622" NUMBER="25" OPERTYPEID="10" PREVID="0" NEXTID="0" UPDATEDATE="2025-09-29" STARTDATE="2025-09-29" ENDDATE="2079-06-06" ISACTUAL="1" ISACTIVE="1" /><STEAD ID="74179433" OBJECTID="174942938" OBJECTGUID="38a761d8-e0cf-4c95-a2ad-f07fe2c2ff87" CHANGEID="689695711" NUMBER="26" OPERTYPEID="10" PREVID="0" NEXTID="0" UPDATEDATE="2025-09-29" STARTDATE="2025-09-29" ENDDATE="2079-06-06" ISACTUAL="1" ISACTIVE="1" /><STEAD ID="74179660" OBJECTID="174943292" OBJECTGUID="589c35d2-cc6f-4bf5-96e0-f679afe52414" CHANGEID="689696369" NUMBER="7А" OPERTYPEID="10" PREVID="0" NEXTID="0" UPDATEDATE="2025-09-29" STARTDATE="2025-09-29" ENDDATE="2079-06-06" ISACTUAL="1" ISACTIVE="1" /><STEAD ID="74179964" OBJECTID="174944116" OBJECTGUID="26336837-8054-4d0f-87f2-bada0a98a77c" CHANGEID="689697565" NUMBER="30" OPERTYPEID="10" PREVID="0" NEXTID="0" UPDATEDATE="2025-09-29" STARTDATE="2025-09-29" ENDDATE="2079-06-06" ISACTUAL="1" ISACTIVE="1" /><STEAD ID="74180271" OBJECTID="174944797" OBJECTGUID="4ee86146-27da-4f7d-b483-6c72416c56db" CHANGEID="689699776" NUMBER="14" OPERTYPEID="10" PREVID="0" NEXTID="0" UPDATEDATE="2025-09-29" STARTDATE="2025-09-29" ENDDATE="2079-06-06" ISACTUAL="1" ISACTIVE="1" /><STEAD ID="74180301" OBJECTID="174944922" OBJECTGUID="c6f3da1b-f8a1-4760-9da9-03f854a8b809" CHANGEID="689700396" NUMBER="1В" OPERTYPEID="10" PREVID="0" NEXTID="0" UPDATEDATE="2025-09-29" STARTDATE="2025-09-29" ENDDATE="2079-06-06" ISACTUAL="1" ISACTIVE="1" /><STEAD ID="74180304" OBJECTID="174944948" OBJECTGUID="25deb131-5e3d-48f2-89f8-43114911f10f" CHANGEID="689700520" NUMBER="6" OPERTYPEID="10" PREVID="0" NEXTID="0" UPDATEDATE="2025-09-29" STARTDATE="2025-09-29" ENDDATE="2079-06-06" ISACTUAL="1" ISACTIVE="1" /><STEAD ID="74180305" OBJECTID="174944949" OBJECTGUID="fd52cabe-8a73-436f-a7f5-70789dc88729" CHANGEID="689700521" NUMBER="5" OPERTYPEID="10" PREVID="0" NEXTID="0" UPDATEDATE="2025-09-29" STARTDATE="2025-09-29" ENDDATE="2079-06-06" ISACTUAL="1" ISACTIVE="1" /><STEAD ID="74180306" OBJECTID="174944950" OBJECTGUID="54d5b925-71cc-48a3-a562-671df4270ad3" CHANGEID="689700522" NUMBER="4" OPERTYPEID="10" PREVID="0" NEXTID="0" UPDATEDATE="2025-09-29" STARTDATE="2025-09-29" ENDDATE="2079-06-06" ISACTUAL="1" ISACTIVE="1" /><STEAD ID="74180307" OBJECTID="174944951" OBJECTGUID="0e7498ca-fab6-4e6e-87e5-140b99368980" CHANGEID="689700523" NUMBER="3" OPERTYPEID="10" PREVID="0" NEXTID="0" UPDATEDATE="2025-09-29" STARTDATE="2025-09-29" ENDDATE="2079-06-06" ISACTUAL="1" ISACTIVE="1" /><STEAD ID="74180308" OBJECTID="174944952" OBJECTGUID="e79dd50a-037a-4670-93eb-49e8c62c7bec" CHANGEID="689700524" NUMBER="2" OPERTYPEID="10" PREVID="0" NEXTID="0" UPDATEDATE="2025-09-29" STARTDATE="2025-09-29" ENDDATE="2079-06-06" ISACTUAL="1" ISACTIVE="1" /><STEAD ID="74190005" OBJECTID="174960518" OBJECTGUID="49dc18c5-1f3a-46aa-8160-59f811a69d26" CHANGEID="689736413" NUMBER="2" OPERTYPEID="10" PREVID="0" NEXTID="0" UPDATEDATE="2025-09-30" STARTDATE="2025-09-30" ENDDATE="2079-06-06" ISACTUAL="1" ISACTIVE="1" /><STEAD ID="74190006" OBJECTID="174960519" OBJECTGUID="58dda9b7-985d-4e14-bf72-d5acd8d771e5" CHANGEID="689736415" NUMBER="3" OPERTYPEID="10" PREVID="0" NEXTID="0" UPDATEDATE="2025-09-30" STARTDATE="2025-09-30" ENDDATE="2079-06-06" ISACTUAL="1" ISACTIVE="1" /><STEAD ID="74190010" OBJECTID="174960524" OBJECTGUID="499784a4-9a05-452a-914a-b8bf82c43522" CHANGEID="689736423" NUMBER="10" OPERTYPEID="10" PREVID="0" NEXTID="0" UPDATEDATE="2025-09-30" STARTDATE="2025-09-30" ENDDATE="2079-06-06" ISACTUAL="1" ISACTIVE="1" /><STEAD ID="74190011" OBJECTID="174960525" OBJECTGUID="aaed3b06-5358-4d35-9f25-3405528e4a38" CHANGEID="689736431" NUMBER="12" OPERTYPEID="10" PREVID="0" NEXTID="0" UPDATEDATE="2025-09-30" STARTDATE="2025-09-30" ENDDATE="2079-06-06" ISACTUAL="1" ISACTIVE="1" /><STEAD ID="74190012" OBJECTID="174960526" OBJECTGUID="84205d3d-0b2f-4d27-959e-78ad5060a520" CHANGEID="689736433" NUMBER="13" OPERTYPEID="10" PREVID="0" NEXTID="0" UPDATEDATE="2025-09-30" STARTDATE="2025-09-30" ENDDATE="2079-06-06" ISACTUAL="1" ISACTIVE="1" /><STEAD ID="74190015" OBJECTID="174960529" OBJECTGUID="b7bd72a4-c7b2-4d5b-8e44-a682a2800e64" CHANGEID="689736439" NUMBER="34" OPERTYPEID="10" PREVID="0" NEXTID="0" UPDATEDATE="2025-09-30" STARTDATE="2025-09-30" ENDDATE="2079-06-06" ISACTUAL="1" ISACTIVE="1" /><STEAD ID="74190017" OBJECTID="174960531" OBJECTGUID="7bfb00c7-1f41-4f5b-af95-27fb58f68d0f" CHANGEID="689736441" NUMBER="37" OPERTYPEID="10" PREVID="0" NEXTID="0" UPDATEDATE="2025-09-30" STARTDATE="2025-09-30" ENDDATE="2079-06-06" ISACTUAL="1" ISACTIVE="1" /><STEAD ID="74190018" OBJECTID="174960532" OBJECTGUID="573a7287-6e01-41e0-ba9f-fea0a594a02b" CHANGEID="689736443" NUMBER="41" OPERTYPEID="10" PREVID="0" NEXTID="0" UPDATEDATE="2025-09-30" STARTDATE="2025-09-30" ENDDATE="2079-06-06" ISACTUAL="1" ISACTIVE="1" /><STEAD ID="74190025" OBJECTID="174960538" OBJECTGUID="50613115-56cc-4277-92a8-bb2143b35e29" CHANGEID="689736451" NUMBER="51" OPERTYPEID="10" PREVID="0" NEXTID="0" UPDATEDATE="2025-09-30" STARTDATE="2025-09-30" ENDDATE="2079-06-06" ISACTUAL="1" ISACTIVE="1" /><STEAD ID="74190007" OBJECTID="174960520" OBJECTGUID="25e291d7-1577-433d-a7a8-22b4f162d6e8" CHANGEID="689736416" NUMBER="9" OPERTYPEID="10" PREVID="0" NEXTID="0" UPDATEDATE="2025-09-30" STARTDATE="2025-09-30" ENDDATE="2079-06-06" ISACTUAL="1" ISACTIVE="1" /><STEAD ID="74190016" OBJECTID="174960530" OBJECTGUID="b823eb3d-93a3-4201-970b-2e67fe783741" CHANGEID="689736440" NUMBER="36" OPERTYPEID="10" PREVID="0" NEXTID="0" UPDATEDATE="2025-09-30" STARTDATE="2025-09-30" ENDDATE="2079-06-06" ISACTUAL="1" ISACTIVE="1" /><STEAD ID="74190019" OBJECTID="174960533" OBJECTGUID="7c4477d4-9f5c-4016-9620-0f6d817e7994" CHANGEID="689736444" NUMBER="42" OPERTYPEID="10" PREVID="0" NEXTID="0" UPDATEDATE="2025-09-30" STARTDATE="2025-09-30" ENDDATE="2079-06-06" ISACTUAL="1" ISACTIVE="1" /><STEAD ID="74190023" OBJECTID="174960536" OBJECTGUID="435851ff-2c6a-458a-8335-6726234aed7d" CHANGEID="689736448" NUMBER="45" OPERTYPEID="10" PREVID="0" NEXTID="0" UPDATEDATE="2025-09-30" STARTDATE="2025-09-30" ENDDATE="2079-06-06" ISACTUAL="1" ISACTIVE="1" /><STEAD ID="74190027" OBJECTID="174960540" OBJECTGUID="cb4359d6-d06f-4ba4-b93c-a67bfb7e883f" CHANGEID="689736454" NUMBER="53" OPERTYPEID="10" PREVID="0" NEXTID="0" UPDATEDATE="2025-09-30" STARTDATE="2025-09-30" ENDDATE="2079-06-06" ISACTUAL="1" ISACTIVE="1" /><STEAD ID="74190823" OBJECTID="174961654" OBJECTGUID="387fd158-8adc-451a-b410-358d192da18a" CHANGEID="689738801" NUMBER="4" OPERTYPEID="10" PREVID="0" NEXTID="0" UPDATEDATE="2025-09-30" STARTDATE="2025-09-30" ENDDATE="2079-06-06" ISACTUAL="1" ISACTIVE="1" /><STEAD ID="74190824" OBJECTID="174961656" OBJECTGUID="6497384a-13ec-4809-a214-e7f61707f865" CHANGEID="689738803" NUMBER="5" OPERTYPEID="10" PREVID="0" NEXTID="0" UPDATEDATE="2025-09-30" STARTDATE="2025-09-30" ENDDATE="2079-06-06" ISACTUAL="1" ISACTIVE="1" /><STEAD ID="74190837" OBJECTID="174961673" OBJECTGUID="d7ea4b48-ee72-4fad-a194-d0bdc9ade79b" CHANGEID="689738821" NUMBER="18" OPERTYPEID="10" PREVID="0" NEXTID="0" UPDATEDATE="2025-09-30" STARTDATE="2025-09-30" ENDDATE="2079-06-06" ISACTUAL="1" ISACTIVE="1" /><STEAD ID="74190825" OBJECTID="174961657" OBJECTGUID="d43697d2-e14e-4ccb-85ef-21c9adee42b4" CHANGEID="689738804" NUMBER="8" OPERTYPEID="10" PREVID="0" NEXTID="0" UPDATEDATE="2025-09-30" STARTDATE="2025-09-30" ENDDATE="2079-06-06" ISACTUAL="1" ISACTIVE="1" /><STEAD ID="74190828" OBJECTID="174961661" OBJECTGUID="b92ccc0d-a1c1-48cc-8861-77894f127997" CHANGEID="689738808" NUMBER="9" OPERTYPEID="10" PREVID="0" NEXTID="0" UPDATEDATE="2025-09-30" STARTDATE="2025-09-30" ENDDATE="2079-06-06" ISACTUAL="1" ISACTIVE="1" /><STEAD ID="74190829" OBJECTID="174961663" OBJECTGUID="fe9c4fec-3f23-44a5-8052-612347dc69c9" CHANGEID="689738810" NUMBER="12" OPERTYPEID="10" PREVID="0" NEXTID="0" UPDATEDATE="2025-09-30" STARTDATE="2025-09-30" ENDDATE="2079-06-06" ISACTUAL="1" ISACTIVE="1" /><STEAD ID="74190831" OBJECTID="174961665" OBJECTGUID="7a99e86a-9e0a-4250-8ecf-ea1cd688b1e6" CHANGEID="689738812" NUMBER="12А" OPERTYPEID="10" PREVID="0" NEXTID="0" UPDATEDATE="2025-09-30" STARTDATE="2025-09-30" ENDDATE="2079-06-06" ISACTUAL="1" ISACTIVE="1" /><STEAD ID="74190833" OBJECTID="174961667" OBJECTGUID="725c8637-8244-46ba-8465-541c870b856c" CHANGEID="689738814" NUMBER="13" OPERTYPEID="10" PREVID="0" NEXTID="0" UPDATEDATE="2025-09-30" STARTDATE="2025-09-30" ENDDATE="2079-06-06" ISACTUAL="1" ISACTIVE="1" /><STEAD ID="74190834" OBJECTID="174961670" OBJECTGUID="f35fd15d-4b24-44d4-a3a0-1a7e25fd9b59" CHANGEID="689738818" NUMBER="15А" OPERTYPEID="10" PREVID="0" NEXTID="0" UPDATEDATE="2025-09-30" STARTDATE="2025-09-30" ENDDATE="2079-06-06" ISACTUAL="1" ISACTIVE="1" /><STEAD ID="74190836" OBJECTID="174961672" OBJECTGUID="1ae95e22-c45d-4089-a05f-07f8df95ce81" CHANGEID="689738820" NUMBER="22" OPERTYPEID="10" PREVID="0" NEXTID="0" UPDATEDATE="2025-09-30" STARTDATE="2025-09-30" ENDDATE="2079-06-06" ISACTUAL="1" ISACTIVE="1" /><STEAD ID="74190838" OBJECTID="174961674" OBJECTGUID="8456cbc0-4e47-4a61-afc9-310f47a6bdff" CHANGEID="689738822" NUMBER="23" OPERTYPEID="10" PREVID="0" NEXTID="0" UPDATEDATE="2025-09-30" STARTDATE="2025-09-30" ENDDATE="2079-06-06" ISACTUAL="1" ISACTIVE="1" /><STEAD ID="74190854" OBJECTID="174961690" OBJECTGUID="67b4769d-a4f3-4434-ba1d-14a97e84d6de" CHANGEID="689738842" NUMBER="49" OPERTYPEID="10" PREVID="0" NEXTID="0" UPDATEDATE="2025-09-30" STARTDATE="2025-09-30" ENDDATE="2079-06-06" ISACTUAL="1" ISACTIVE="1" /><STEAD ID="74190857" OBJECTID="174961694" OBJECTGUID="7481da82-8245-4183-968d-a71c7ed1f270" CHANGEID="689738846" NUMBER="61" OPERTYPEID="10" PREVID="0" NEXTID="0" UPDATEDATE="2025-09-30" STARTDATE="2025-09-30" ENDDATE="2079-06-06" ISACTUAL="1" ISACTIVE="1" /><STEAD ID="74190859" OBJECTID="174961696" OBJECTGUID="fa705cf8-e1e0-4f76-a0d8-b13a5325b053" CHANGEID="689738848" NUMBER="67" OPERTYPEID="10" PREVID="0" NEXTID="0" UPDATEDATE="2025-09-30" STARTDATE="2025-09-30" ENDDATE="2079-06-06" ISACTUAL="1" ISACTIVE="1" /><STEAD ID="74190861" OBJECTID="174961698" OBJECTGUID="0b6cdc22-0b11-427c-a495-8acb510970cf" CHANGEID="689738850" NUMBER="73" OPERTYPEID="10" PREVID="0" NEXTID="0" UPDATEDATE="2025-09-30" STARTDATE="2025-09-30" ENDDATE="2079-06-06" ISACTUAL="1" ISACTIVE="1" /><STEAD ID="74190863" OBJECTID="174961700" OBJECTGUID="8e9b98a7-d725-4306-9144-c53529cfd7be" CHANGEID="689738852" NUMBER="79" OPERTYPEID="10" PREVID="0" NEXTID="0" UPDATEDATE="2025-09-30" STARTDATE="2025-09-30" ENDDATE="2079-06-06" ISACTUAL="1" ISACTIVE="1" /><STEAD ID="74190865" OBJECTID="174961702" OBJECTGUID="8244a4cf-17aa-400d-80de-89da5797e41d" CHANGEID="689738854" NUMBER="89" OPERTYPEID="10" PREVID="0" NEXTID="0" UPDATEDATE="2025-09-30" STARTDATE="2025-09-30" ENDDATE="2079-06-06" ISACTUAL="1" ISACTIVE="1" /><STEAD ID="74190867" OBJECTID="174961704" OBJECTGUID="7b3d09b1-9289-4013-9595-0f33a6132d09" CHANGEID="689738856" NUMBER="97" OPERTYPEID="10" PREVID="0" NEXTID="0" UPDATEDATE="2025-09-30" STARTDATE="2025-09-30" ENDDATE="2079-06-06" ISACTUAL="1" ISACTIVE="1" /><STEAD ID="74190869" OBJECTID="174961706" OBJECTGUID="84b5fc6d-43f8-4bca-b6cc-0c93c8cd0f3c" CHANGEID="689738858" NUMBER="103" OPERTYPEID="10" PREVID="0" NEXTID="0" UPDATEDATE="2025-09-30" STARTDATE="2025-09-30" ENDDATE="2079-06-06" ISACTUAL="1" ISACTIVE="1" /><STEAD ID="74190871" OBJECTID="174961708" OBJECTGUID="0b2e2d37-866b-43ff-a68b-cd093aad7c38" CHANGEID="689738860" NUMBER="4" OPERTYPEID="10" PREVID="0" NEXTID="0" UPDATEDATE="2025-09-30" STARTDATE="2025-09-30" ENDDATE="2079-06-06" ISACTUAL="1" ISACTIVE="1" /><STEAD ID="74190873" OBJECTID="174961710" OBJECTGUID="4e8d0fee-fefd-4658-b1ba-a984243e1bc9" CHANGEID="689738862" NUMBER="6" OPERTYPEID="10" PREVID="0" NEXTID="0" UPDATEDATE="2025-09-30" STARTDATE="2025-09-30" ENDDATE="2079-06-06" ISACTUAL="1" ISACTIVE="1" /><STEAD ID="74190874" OBJECTID="174961712" OBJECTGUID="dc8f5df3-c1a3-4d94-b7e0-b286ed9f16e0" CHANGEID="689738864" NUMBER="13А" OPERTYPEID="10" PREVID="0" NEXTID="0" UPDATEDATE="2025-09-30" STARTDATE="2025-09-30" ENDDATE="2079-06-06" ISACTUAL="1" ISACTIVE="1" /><STEAD ID="74190876" OBJECTID="174961714" OBJECTGUID="e4955238-7585-4fe6-8171-717f70163a1c" CHANGEID="689738866" NUMBER="18" OPERTYPEID="10" PREVID="0" NEXTID="0" UPDATEDATE="2025-09-30" STARTDATE="2025-09-30" ENDDATE="2079-06-06" ISACTUAL="1" ISACTIVE="1" /><STEAD ID="74190886" OBJECTID="174961724" OBJECTGUID="96c9c4ae-ac74-4610-b253-56219968122d" CHANGEID="689738886" NUMBER="23" OPERTYPEID="10" PREVID="0" NEXTID="0" UPDATEDATE="2025-09-30" STARTDATE="2025-09-30" ENDDATE="2079-06-06" ISACTUAL="1" ISACTIVE="1" /><STEAD ID="74190888" OBJECTID="174961726" OBJECTGUID="fe25be17-b625-435f-bb4d-5acc16440d66" CHANGEID="689738888" NUMBER="35" OPERTYPEID="10" PREVID="0" NEXTID="0" UPDATEDATE="2025-09-30" STARTDATE="2025-09-30" ENDDATE="2079-06-06" ISACTUAL="1" ISACTIVE="1" /><STEAD ID="74190891" OBJECTID="174961729" OBJECTGUID="46c55e79-66ee-4c13-9d62-1507c740388f" CHANGEID="689738892" NUMBER="42Б" OPERTYPEID="10" PREVID="0" NEXTID="0" UPDATEDATE="2025-09-30" STARTDATE="2025-09-30" ENDDATE="2079-06-06" ISACTUAL="1" ISACTIVE="1" /><STEAD ID="74190893" OBJECTID="174961738" OBJECTGUID="b9296569-119e-4d61-a7bf-851cc222fe37" CHANGEID="689738902" NUMBER="4" OPERTYPEID="10" PREVID="0" NEXTID="0" UPDATEDATE="2025-09-30" STARTDATE="2025-09-30" ENDDATE="2079-06-06" ISACTUAL="1" ISACTIVE="1" /><STEAD ID="74190895" OBJECTID="174961741" OBJECTGUID="5c3dbcf9-39a0-42c4-8e10-e4ed24253763" CHANGEID="689738906" NUMBER="6" OPERTYPEID="10" PREVID="0" NEXTID="0" UPDATEDATE="2025-09-30" STARTDATE="2025-09-30" ENDDATE="2079-06-06" ISACTUAL="1" ISACTIVE="1" /><STEAD ID="74190896" OBJECTID="174961743" OBJECTGUID="a914d12e-ce65-4fb8-a476-5c6de5d4ef88" CHANGEID="689738908" NUMBER="7" OPERTYPEID="10" PREVID="0" NEXTID="0" UPDATEDATE="2025-09-30" STARTDATE="2025-09-30" ENDDATE="2079-06-06" ISACTUAL="1" ISACTIVE="1" /><STEAD ID="74190897" OBJECTID="174961745" OBJECTGUID="7985c22d-7b80-4e85-aa7b-093c0e77297a" CHANGEID="689738910" NUMBER="11" OPERTYPEID="10" PREVID="0" NEXTID="0" UPDATEDATE="2025-09-30" STARTDATE="2025-09-30" ENDDATE="2079-06-06" ISACTUAL="1" ISACTIVE="1" /><STEAD ID="74190901" OBJECTID="174961754" OBJECTGUID="ac57c5b3-b5d5-4dc8-9bc6-88bb612329a3" CHANGEID="689738920" NUMBER="20" OPERTYPEID="10" PREVID="0" NEXTID="0" UPDATEDATE="2025-09-30" STARTDATE="2025-09-30" ENDDATE="2079-06-06" ISACTUAL="1" ISACTIVE="1" /><STEAD ID="74190902" OBJECTID="174961758" OBJECTGUID="24b04818-9fad-4d1a-b430-b37dbdfd2b71" CHANGEID="689738924" NUMBER="21" OPERTYPEID="10" PREVID="0" NEXTID="0" UPDATEDATE="2025-09-30" STARTDATE="2025-09-30" ENDDATE="2079-06-06" ISACTUAL="1" ISACTIVE="1" /><STEAD ID="74190841" OBJECTID="174961677" OBJECTGUID="c32f77e3-f227-425f-9adb-2cfec613ad81" CHANGEID="689738825" NUMBER="27" OPERTYPEID="10" PREVID="0" NEXTID="0" UPDATEDATE="2025-09-30" STARTDATE="2025-09-30" ENDDATE="2079-06-06" ISACTUAL="1" ISACTIVE="1" /><STEAD ID="74190843" OBJECTID="174961679" OBJECTGUID="5882f8e2-42d4-4cd0-9acf-4d16a6386405" CHANGEID="689738827" NUMBER="31" OPERTYPEID="10" PREVID="0" NEXTID="0" UPDATEDATE="2025-09-30" STARTDATE="2025-09-30" ENDDATE="2079-06-06" ISACTUAL="1" ISACTIVE="1" /><STEAD ID="74190845" OBJECTID="174961681" OBJECTGUID="10f5d13e-c333-44f5-9b1b-f444555dbba0" CHANGEID="689738829" NUMBER="37" OPERTYPEID="10" PREVID="0" NEXTID="0" UPDATEDATE="2025-09-30" STARTDATE="2025-09-30" ENDDATE="2079-06-06" ISACTUAL="1" ISACTIVE="1" /><STEAD ID="74190850" OBJECTID="174961686" OBJECTGUID="892648fb-621d-4828-a7c9-9adaeba2ea3c" CHANGEID="689738837" NUMBER="39" OPERTYPEID="10" PREVID="0" NEXTID="0" UPDATEDATE="2025-09-30" STARTDATE="2025-09-30" ENDDATE="2079-06-06" ISACTUAL="1" ISACTIVE="1" /><STEAD ID="74190855" OBJECTID="174961691" OBJECTGUID="158d394c-09e0-4dea-8393-1214934325f2" CHANGEID="689738843" NUMBER="53" OPERTYPEID="10" PREVID="0" NEXTID="0" UPDATEDATE="2025-09-30" STARTDATE="2025-09-30" ENDDATE="2079-06-06" ISACTUAL="1" ISACTIVE="1" /><STEAD ID="74190858" OBJECTID="174961695" OBJECTGUID="19c150a2-4a50-4a1e-8f58-151abe683a75" CHANGEID="689738847" NUMBER="65" OPERTYPEID="10" PREVID="0" NEXTID="0" UPDATEDATE="2025-09-30" STARTDATE="2025-09-30" ENDDATE="2079-06-06" ISACTUAL="1" ISACTIVE="1" /><STEAD ID="74190860" OBJECTID="174961697" OBJECTGUID="ef524f07-ba30-4589-8fbe-6c120d8a5479" CHANGEID="689738849" NUMBER="71" OPERTYPEID="10" PREVID="0" NEXTID="0" UPDATEDATE="2025-09-30" STARTDATE="2025-09-30" ENDDATE="2079-06-06" ISACTUAL="1" ISACTIVE="1" /><STEAD ID="74190862" OBJECTID="174961699" OBJECTGUID="c2d2a6ec-b073-48e7-81a6-7523bc0cad23" CHANGEID="689738851" NUMBER="77" OPERTYPEID="10" PREVID="0" NEXTID="0" UPDATEDATE="2025-09-30" STARTDATE="2025-09-30" ENDDATE="2079-06-06" ISACTUAL="1" ISACTIVE="1" /><STEAD ID="74190864" OBJECTID="174961701" OBJECTGUID="c8e46e30-bd44-4510-a721-f200bbb2c642" CHANGEID="689738853" NUMBER="87" OPERTYPEID="10" PREVID="0" NEXTID="0" UPDATEDATE="2025-09-30" STARTDATE="2025-09-30" ENDDATE="2079-06-06" ISACTUAL="1" ISACTIVE="1" /><STEAD ID="74190866" OBJECTID="174961703" OBJECTGUID="ba30b21d-73ad-429b-a773-75e9f04e7a3b" CHANGEID="689738855" NUMBER="91" OPERTYPEID="10" PREVID="0" NEXTID="0" UPDATEDATE="2025-09-30" STARTDATE="2025-09-30" ENDDATE="2079-06-06" ISACTUAL="1" ISACTIVE="1" /><STEAD ID="74190868" OBJECTID="174961705" OBJECTGUID="dd37c755-c873-4568-9dae-e256438d7cbb" CHANGEID="689738857" NUMBER="101" OPERTYPEID="10" PREVID="0" NEXTID="0" UPDATEDATE="2025-09-30" STARTDATE="2025-09-30" ENDDATE="2079-06-06" ISACTUAL="1" ISACTIVE="1" /><STEAD ID="74190870" OBJECTID="174961707" OBJECTGUID="bc19ab9c-616b-43ef-bdaa-42f246853527" CHANGEID="689738859" NUMBER="3" OPERTYPEID="10" PREVID="0" NEXTID="0" UPDATEDATE="2025-09-30" STARTDATE="2025-09-30" ENDDATE="2079-06-06" ISACTUAL="1" ISACTIVE="1" /><STEAD ID="74190875" OBJECTID="174961713" OBJECTGUID="65762afc-b107-46f0-b985-68d15929abc7" CHANGEID="689738865" NUMBER="16" OPERTYPEID="10" PREVID="0" NEXTID="0" UPDATEDATE="2025-09-30" STARTDATE="2025-09-30" ENDDATE="2079-06-06" ISACTUAL="1" ISACTIVE="1" /><STEAD ID="74190887" OBJECTID="174961725" OBJECTGUID="297c0f75-0364-4dc8-956b-51e470e192fd" CHANGEID="689738887" NUMBER="30" OPERTYPEID="10" PREVID="0" NEXTID="0" UPDATEDATE="2025-09-30" STARTDATE="2025-09-30" ENDDATE="2079-06-06" ISACTUAL="1" ISACTIVE="1" /><STEAD ID="74190889" OBJECTID="174961727" OBJECTGUID="0d3e7b0e-5882-4eb1-89b8-c90f2f7c3dad" CHANGEID="689738889" NUMBER="40" OPERTYPEID="10" PREVID="0" NEXTID="0" UPDATEDATE="2025-09-30" STARTDATE="2025-09-30" ENDDATE="2079-06-06" ISACTUAL="1" ISACTIVE="1" /><STEAD ID="74190890" OBJECTID="174961728" OBJECTGUID="7c9742b9-bee8-465b-9090-caac07364f01" CHANGEID="689738891" NUMBER="42" OPERTYPEID="10" PREVID="0" NEXTID="0" UPDATEDATE="2025-09-30" STARTDATE="2025-09-30" ENDDATE="2079-06-06" ISACTUAL="1" ISACTIVE="1" /><STEAD ID="74190894" OBJECTID="174961739" OBJECTGUID="63a2e9a5-5c0f-4144-b229-947f11bee58f" CHANGEID="689738903" NUMBER="5" OPERTYPEID="10" PREVID="0" NEXTID="0" UPDATEDATE="2025-09-30" STARTDATE="2025-09-30" ENDDATE="2079-06-06" ISACTUAL="1" ISACTIVE="1" /><STEAD ID="74190898" OBJECTID="174961747" OBJECTGUID="a9dee8a0-7a2f-4d90-bc55-af02acac19a7" CHANGEID="689738913" NUMBER="14" OPERTYPEID="10" PREVID="0" NEXTID="0" UPDATEDATE="2025-09-30" STARTDATE="2025-09-30" ENDDATE="2079-06-06" ISACTUAL="1" ISACTIVE="1" /><STEAD ID="74190899" OBJECTID="174961749" OBJECTGUID="d2029dc8-17eb-4a1c-9242-f8feb23911ce" CHANGEID="689738915" NUMBER="17" OPERTYPEID="10" PREVID="0" NEXTID="0" UPDATEDATE="2025-09-30" STARTDATE="2025-09-30" ENDDATE="2079-06-06" ISACTUAL="1" ISACTIVE="1" /><STEAD ID="74190900" OBJECTID="174961751" OBJECTGUID="eae35a00-85f0-475a-871f-9b4fa7f9ce22" CHANGEID="689738917" NUMBER="18" OPERTYPEID="10" PREVID="0" NEXTID="0" UPDATEDATE="2025-09-30" STARTDATE="2025-09-30" ENDDATE="2079-06-06" ISACTUAL="1" ISACTIVE="1" /><STEAD ID="74190903" OBJECTID="174961761" OBJECTGUID="08d5a5c0-74a2-452a-9fd9-16fe8c680e0e" CHANGEID="689738927" NUMBER="24" OPERTYPEID="10" PREVID="0" NEXTID="0" UPDATEDATE="2025-09-30" STARTDATE="2025-09-30" ENDDATE="2079-06-06" ISACTUAL="1" ISACTIVE="1" /><STEAD ID="74191704" OBJECTID="174962876" OBJECTGUID="997a24cb-ee5c-439a-9e1f-d3f4c66eda26" CHANGEID="689741738" NUMBER="85" OPERTYPEID="10" PREVID="0" NEXTID="0" UPDATEDATE="2025-09-30" STARTDATE="2025-09-30" ENDDATE="2079-06-06" ISACTUAL="1" ISACTIVE="1" /><STEAD ID="74191717" OBJECTID="174962889" OBJECTGUID="a028424b-9f76-4a6e-a481-e90ff2c9d70c" CHANGEID="689741754" NUMBER="1" OPERTYPEID="10" PREVID="0" NEXTID="0" UPDATEDATE="2025-09-30" STARTDATE="2025-09-30" ENDDATE="2079-06-06" ISACTUAL="1" ISACTIVE="1" /><STEAD ID="74191805" OBJECTID="174963077" OBJECTGUID="4ad32817-a02b-436c-8a46-47ccf1c68fd1" CHANGEID="689741993" NUMBER="5" OPERTYPEID="10" PREVID="0" NEXTID="0" UPDATEDATE="2025-09-30" STARTDATE="2025-09-30" ENDDATE="2079-06-06" ISACTUAL="1" ISACTIVE="1" /><STEAD ID="74191807" OBJECTID="174963141" OBJECTGUID="b842950f-f964-4299-8640-5971969fef6d" CHANGEID="689742072" NUMBER="10" OPERTYPEID="10" PREVID="0" NEXTID="0" UPDATEDATE="2025-09-30" STARTDATE="2025-09-30" ENDDATE="2079-06-06" ISACTUAL="1" ISACTIVE="1" /><STEAD ID="74191811" OBJECTID="174963147" OBJECTGUID="9caadc8d-7b3a-4454-b44f-11c2072ee548" CHANGEID="689742086" NUMBER="3" OPERTYPEID="10" PREVID="0" NEXTID="0" UPDATEDATE="2025-09-30" STARTDATE="2025-09-30" ENDDATE="2079-06-06" ISACTUAL="1" ISACTIVE="1" /><STEAD ID="74191792" OBJECTID="174963026" OBJECTGUID="d07ef3d7-ee64-4ae2-b5ab-da2f107b0cd4" CHANGEID="689741941" NUMBER="7" OPERTYPEID="10" PREVID="0" NEXTID="0" UPDATEDATE="2025-09-30" STARTDATE="2025-09-30" ENDDATE="2079-06-06" ISACTUAL="1" ISACTIVE="1" /><STEAD ID="74191809" OBJECTID="174963144" OBJECTGUID="091d720c-e641-4ac3-90bc-5767110bb4db" CHANGEID="689742081" NUMBER="1" OPERTYPEID="10" PREVID="0" NEXTID="0" UPDATEDATE="2025-09-30" STARTDATE="2025-09-30" ENDDATE="2079-06-06" ISACTUAL="1" ISACTIVE="1" /><STEAD ID="74191810" OBJECTID="174963145" OBJECTGUID="5b4d3c8a-adce-411d-8e9a-391a06276b26" CHANGEID="689742083" NUMBER="2" OPERTYPEID="10" PREVID="0" NEXTID="0" UPDATEDATE="2025-09-30" STARTDATE="2025-09-30" ENDDATE="2079-06-06" ISACTUAL="1" ISACTIVE="1" /><STEAD ID="74191812" OBJECTID="174963148" OBJECTGUID="e8961b82-b649-4098-a4c9-b86c9c0772df" CHANGEID="689742087" NUMBER="6" OPERTYPEID="10" PREVID="0" NEXTID="0" UPDATEDATE="2025-09-30" STARTDATE="2025-09-30" ENDDATE="2079-06-06" ISACTUAL="1" ISACTIVE="1" /><STEAD ID="74191813" OBJECTID="174963149" OBJECTGUID="8d64350d-0460-4048-a4a1-843e47c01719" CHANGEID="689742089" NUMBER="7А" OPERTYPEID="10" PREVID="0" NEXTID="0" UPDATEDATE="2025-09-30" STARTDATE="2025-09-30" ENDDATE="2079-06-06" ISACTUAL="1" ISACTIVE="1" /><STEAD ID="74191848" OBJECTID="174963184" OBJECTGUID="d1f556fd-b465-4bb4-8baf-c72b23b9d88a" CHANGEID="689742127" NUMBER="9" OPERTYPEID="10" PREVID="0" NEXTID="0" UPDATEDATE="2025-09-30" STARTDATE="2025-09-30" ENDDATE="2079-06-06" ISACTUAL="1" ISACTIVE="1" /><STEAD ID="74191852" OBJECTID="174963190" OBJECTGUID="2b9a8a19-d979-455f-af52-91fd24e6b57a" CHANGEID="689742137" NUMBER="19" OPERTYPEID="10" PREVID="0" NEXTID="0" UPDATEDATE="2025-09-30" STARTDATE="2025-09-30" ENDDATE="2079-06-06" ISACTUAL="1" ISACTIVE="1" /><STEAD ID="74191853" OBJECTID="174963191" OBJECTGUID="21a781e2-210b-4bd3-a824-b1ce72c84de2" CHANGEID="689742139" NUMBER="17" OPERTYPEID="10" PREVID="0" NEXTID="0" UPDATEDATE="2025-09-30" STARTDATE="2025-09-30" ENDDATE="2079-06-06" ISACTUAL="1" ISACTIVE="1" /><STEAD ID="74191854" OBJECTID="174963194" OBJECTGUID="e25d83fc-aa47-4fe8-b317-beae4d539fed" CHANGEID="689742143" NUMBER="1" OPERTYPEID="10" PREVID="0" NEXTID="0" UPDATEDATE="2025-09-30" STARTDATE="2025-09-30" ENDDATE="2079-06-06" ISACTUAL="1" ISACTIVE="1" /><STEAD ID="74191856" OBJECTID="174963197" OBJECTGUID="706e2c66-0f88-464a-bc2e-91c872961dec" CHANGEID="689742149" NUMBER="4" OPERTYPEID="10" PREVID="0" NEXTID="0" UPDATEDATE="2025-09-30" STARTDATE="2025-09-30" ENDDATE="2079-06-06" ISACTUAL="1" ISACTIVE="1" /><STEAD ID="74191859" OBJECTID="174963201" OBJECTGUID="42ab04f0-d9aa-441d-b63d-b872ba2a7f3c" CHANGEID="689742153" NUMBER="14" OPERTYPEID="10" PREVID="0" NEXTID="0" UPDATEDATE="2025-09-30" STARTDATE="2025-09-30" ENDDATE="2079-06-06" ISACTUAL="1" ISACTIVE="1" /><STEAD ID="74191860" OBJECTID="174963203" OBJECTGUID="9de80897-6a1e-4619-abad-e8656492ccc7" CHANGEID="689742155" NUMBER="3" OPERTYPEID="10" PREVID="0" NEXTID="0" UPDATEDATE="2025-09-30" STARTDATE="2025-09-30" ENDDATE="2079-06-06" ISACTUAL="1" ISACTIVE="1" /><STEAD ID="74191862" OBJECTID="174963205" OBJECTGUID="4e693939-5a4b-4c0b-b08f-e18fbb085edf" CHANGEID="689742157" NUMBER="6" OPERTYPEID="10" PREVID="0" NEXTID="0" UPDATEDATE="2025-09-30" STARTDATE="2025-09-30" ENDDATE="2079-06-06" ISACTUAL="1" ISACTIVE="1" /><STEAD ID="74191864" OBJECTID="174963207" OBJECTGUID="4a46f094-e769-44c9-a092-20211e524aab" CHANGEID="689742159" NUMBER="8" OPERTYPEID="10" PREVID="0" NEXTID="0" UPDATEDATE="2025-09-30" STARTDATE="2025-09-30" ENDDATE="2079-06-06" ISACTUAL="1" ISACTIVE="1" /><STEAD ID="74191877" OBJECTID="174963265" OBJECTGUID="c8fddaf4-9814-4bd1-b3c8-172d9eb4c831" CHANGEID="689742224" NUMBER="11А" OPERTYPEID="10" PREVID="0" NEXTID="0" UPDATEDATE="2025-09-30" STARTDATE="2025-09-30" ENDDATE="2079-06-06" ISACTUAL="1" ISACTIVE="1" /><STEAD ID="74191850" OBJECTID="174963187" OBJECTGUID="18c1959b-532d-4786-a71b-a07f694c21db" CHANGEID="689742132" NUMBER="9А" OPERTYPEID="10" PREVID="0" NEXTID="0" UPDATEDATE="2025-09-30" STARTDATE="2025-09-30" ENDDATE="2079-06-06" ISACTUAL="1" ISACTIVE="1" /><STEAD ID="74191851" OBJECTID="174963188" OBJECTGUID="01fce030-22c0-4a42-b9b9-9f3ebaf91b0b" CHANGEID="689742134" NUMBER="10" OPERTYPEID="10" PREVID="0" NEXTID="0" UPDATEDATE="2025-09-30" STARTDATE="2025-09-30" ENDDATE="2079-06-06" ISACTUAL="1" ISACTIVE="1" /><STEAD ID="74191855" OBJECTID="174963195" OBJECTGUID="4518f4c8-32cb-47f0-b783-67b8edfe2609" CHANGEID="689742146" NUMBER="3" OPERTYPEID="10" PREVID="0" NEXTID="0" UPDATEDATE="2025-09-30" STARTDATE="2025-09-30" ENDDATE="2079-06-06" ISACTUAL="1" ISACTIVE="1" /><STEAD ID="74191857" OBJECTID="174963198" OBJECTGUID="3bd6214e-9c7a-46ec-9bb9-0bb2fe408358" CHANGEID="689742150" NUMBER="6" OPERTYPEID="10" PREVID="0" NEXTID="0" UPDATEDATE="2025-09-30" STARTDATE="2025-09-30" ENDDATE="2079-06-06" ISACTUAL="1" ISACTIVE="1" /><STEAD ID="74191858" OBJECTID="174963200" OBJECTGUID="5fe3f365-da50-41c5-85c1-890989da2424" CHANGEID="689742152" NUMBER="12" OPERTYPEID="10" PREVID="0" NEXTID="0" UPDATEDATE="2025-09-30" STARTDATE="2025-09-30" ENDDATE="2079-06-06" ISACTUAL="1" ISACTIVE="1" /><STEAD ID="74191861" OBJECTID="174963204" OBJECTGUID="82d132a7-4aa2-473b-81b2-848fba281647" CHANGEID="689742156" NUMBER="17А" OPERTYPEID="10" PREVID="0" NEXTID="0" UPDATEDATE="2025-09-30" STARTDATE="2025-09-30" ENDDATE="2079-06-06" ISACTUAL="1" ISACTIVE="1" /><STEAD ID="74191863" OBJECTID="174963206" OBJECTGUID="a8450283-f2ce-43ef-a912-486cf5d2c5a1" CHANGEID="689742158" NUMBER="7" OPERTYPEID="10" PREVID="0" NEXTID="0" UPDATEDATE="2025-09-30" STARTDATE="2025-09-30" ENDDATE="2079-06-06" ISACTUAL="1" ISACTIVE="1" /><STEAD ID="74191865" OBJECTID="174963208" OBJECTGUID="d65fc97d-fac7-4670-b564-04e720dba466" CHANGEID="689742160" NUMBER="9" OPERTYPEID="10" PREVID="0" NEXTID="0" UPDATEDATE="2025-09-30" STARTDATE="2025-09-30" ENDDATE="2079-06-06" ISACTUAL="1" ISACTIVE="1" /><STEAD ID="74191880" OBJECTID="174963270" OBJECTGUID="f5b05aa3-43f4-41db-bb88-e9b7afa296ce" CHANGEID="689742230" NUMBER="47А" OPERTYPEID="10" PREVID="0" NEXTID="0" UPDATEDATE="2025-09-30" STARTDATE="2025-09-30" ENDDATE="2079-06-06" ISACTUAL="1" ISACTIVE="1" /><STEAD ID="74191882" OBJECTID="174963272" OBJECTGUID="9caa7194-d120-4e37-aca1-f789c8d47040" CHANGEID="689742232" NUMBER="2" OPERTYPEID="10" PREVID="0" NEXTID="0" UPDATEDATE="2025-09-30" STARTDATE="2025-09-30" ENDDATE="2079-06-06" ISACTUAL="1" ISACTIVE="1" /><STEAD ID="74191883" OBJECTID="174963274" OBJECTGUID="8670ee0d-dc4b-4095-8dfe-abf373599bd3" CHANGEID="689742234" NUMBER="15" OPERTYPEID="10" PREVID="0" NEXTID="0" UPDATEDATE="2025-09-30" STARTDATE="2025-09-30" ENDDATE="2079-06-06" ISACTUAL="1" ISACTIVE="1" /><STEAD ID="74192107" OBJECTID="174963568" OBJECTGUID="5b67bff0-874b-4b68-b5ef-1c12f7d0a1b6" CHANGEID="689742696" NUMBER="97А" OPERTYPEID="10" PREVID="0" NEXTID="0" UPDATEDATE="2025-09-30" STARTDATE="2025-09-30" ENDDATE="2079-06-06" ISACTUAL="1" ISACTIVE="1" /><STEAD ID="74192675" OBJECTID="174964417" OBJECTGUID="8ea97aa0-45e9-4207-8d11-47946874fdcd" CHANGEID="689744461" NUMBER="5А" OPERTYPEID="10" PREVID="0" NEXTID="0" UPDATEDATE="2025-09-30" STARTDATE="2025-09-30" ENDDATE="2079-06-06" ISACTUAL="1" ISACTIVE="1" /><STEAD ID="74192677" OBJECTID="174964422" OBJECTGUID="a0ee8d86-f5ca-4807-b0bf-8f6c7436d90f" CHANGEID="689744470" NUMBER="1" OPERTYPEID="10" PREVID="0" NEXTID="0" UPDATEDATE="2025-09-30" STARTDATE="2025-09-30" ENDDATE="2079-06-06" ISACTUAL="1" ISACTIVE="1" /><STEAD ID="74192693" OBJECTID="174964449" OBJECTGUID="6994e568-b7d2-4793-a782-27e2e9735f80" CHANGEID="689744522" NUMBER="4" OPERTYPEID="10" PREVID="0" NEXTID="0" UPDATEDATE="2025-09-30" STARTDATE="2025-09-30" ENDDATE="2079-06-06" ISACTUAL="1" ISACTIVE="1" /><STEAD ID="74192692" OBJECTID="174964437" OBJECTGUID="b6160514-7bdd-490e-813f-bc66820ae0b0" CHANGEID="689744490" NUMBER="3" OPERTYPEID="10" PREVID="0" NEXTID="0" UPDATEDATE="2025-09-30" STARTDATE="2025-09-30" ENDDATE="2079-06-06" ISACTUAL="1" ISACTIVE="1" /><STEAD ID="74192750" OBJECTID="174964506" OBJECTGUID="d6dd06ac-2e70-4b15-ba87-5ac662696c68" CHANGEID="689744582" NUMBER="6" OPERTYPEID="10" PREVID="0" NEXTID="0" UPDATEDATE="2025-09-30" STARTDATE="2025-09-30" ENDDATE="2079-06-06" ISACTUAL="1" ISACTIVE="1" /><STEAD ID="74192754" OBJECTID="174964509" OBJECTGUID="7c441a40-d8ab-4a71-a1ae-b45941ff85ec" CHANGEID="689744588" NUMBER="46" OPERTYPEID="10" PREVID="0" NEXTID="0" UPDATEDATE="2025-09-30" STARTDATE="2025-09-30" ENDDATE="2079-06-06" ISACTUAL="1" ISACTIVE="1" /><STEAD ID="74192822" OBJECTID="174964587" OBJECTGUID="76749754-ba11-403c-8add-e5e02f643742" CHANGEID="689744723" NUMBER="32" OPERTYPEID="10" PREVID="0" NEXTID="0" UPDATEDATE="2025-09-30" STARTDATE="2025-09-30" ENDDATE="2079-06-06" ISACTUAL="1" ISACTIVE="1" /><STEAD ID="74192751" OBJECTID="174964507" OBJECTGUID="649a13c7-f894-446c-ae69-b335429832a3" CHANGEID="689744583" NUMBER="3" OPERTYPEID="10" PREVID="0" NEXTID="0" UPDATEDATE="2025-09-30" STARTDATE="2025-09-30" ENDDATE="2079-06-06" ISACTUAL="1" ISACTIVE="1" /><STEAD ID="74192752" OBJECTID="174964508" OBJECTGUID="82d73002-3547-47bb-851d-99a35a14edda" CHANGEID="689744585" NUMBER="17Б" OPERTYPEID="10" PREVID="0" NEXTID="0" UPDATEDATE="2025-09-30" STARTDATE="2025-09-30" ENDDATE="2079-06-06" ISACTUAL="1" ISACTIVE="1" /><STEAD ID="74192755" OBJECTID="174964510" OBJECTGUID="5531671e-5082-48ff-92e0-b953b574b485" CHANGEID="689744589" NUMBER="17В" OPERTYPEID="10" PREVID="0" NEXTID="0" UPDATEDATE="2025-09-30" STARTDATE="2025-09-30" ENDDATE="2079-06-06" ISACTUAL="1" ISACTIVE="1" /><STEAD ID="74192821" OBJECTID="174964586" OBJECTGUID="6b1f5e04-841d-47aa-a712-6b0c4d5767e4" CHANGEID="689744722" NUMBER="32А" OPERTYPEID="10" PREVID="0" NEXTID="0" UPDATEDATE="2025-09-30" STARTDATE="2025-09-30" ENDDATE="2079-06-06" ISACTUAL="1" ISACTIVE="1" /><STEAD ID="74192823" OBJECTID="174964589" OBJECTGUID="59cb5cf1-e9b1-4d5a-87c7-208f6d0399d3" CHANGEID="689744728" NUMBER="76" OPERTYPEID="10" PREVID="0" NEXTID="0" UPDATEDATE="2025-09-30" STARTDATE="2025-09-30" ENDDATE="2079-06-06" ISACTUAL="1" ISACTIVE="1" /><STEAD ID="74192887" OBJECTID="174964659" OBJECTGUID="f0a45bc2-79d1-4dd4-92bd-6f911860c466" CHANGEID="689744918" NUMBER="14" OPERTYPEID="10" PREVID="0" NEXTID="0" UPDATEDATE="2025-09-30" STARTDATE="2025-09-30" ENDDATE="2079-06-06" ISACTUAL="1" ISACTIVE="1" /><STEAD ID="74192982" OBJECTID="174964790" OBJECTGUID="012a39d7-e28e-4b2b-88f4-247cad4d9639" CHANGEID="689745205" NUMBER="4" OPERTYPEID="10" PREVID="0" NEXTID="0" UPDATEDATE="2025-09-30" STARTDATE="2025-09-30" ENDDATE="2079-06-06" ISACTUAL="1" ISACTIVE="1" /><STEAD ID="74193373" OBJECTID="174965765" OBJECTGUID="e1b7bb4f-be75-40c2-8f56-3a7da8c67f03" CHANGEID="689747536" NUMBER="11" OPERTYPEID="10" PREVID="0" NEXTID="0" UPDATEDATE="2025-09-30" STARTDATE="2025-09-30" ENDDATE="2079-06-06" ISACTUAL="1" ISACTIVE="1" /><STEAD ID="74194168" OBJECTID="174967163" OBJECTGUID="5706ddae-aefd-43ba-9d2f-6a4ac3fe4de5" CHANGEID="689751129" NUMBER="11" OPERTYPEID="10" PREVID="0" NEXTID="0" UPDATEDATE="2025-09-30" STARTDATE="2025-09-30" ENDDATE="2079-06-06" ISACTUAL="1" ISACTIVE="1" /><STEAD ID="74194180" OBJECTID="174967177" OBJECTGUID="425ed7d7-d169-4480-9bb8-b9bd47c23d25" CHANGEID="689751151" NUMBER="1Б" OPERTYPEID="10" PREVID="0" NEXTID="0" UPDATEDATE="2025-09-30" STARTDATE="2025-09-30" ENDDATE="2079-06-06" ISACTUAL="1" ISACTIVE="1" /><STEAD ID="74194199" OBJECTID="174967203" OBJECTGUID="31cf99a0-0f78-4ee3-8ec4-3c4151f833b9" CHANGEID="689751205" NUMBER="11А" OPERTYPEID="10" PREVID="0" NEXTID="0" UPDATEDATE="2025-09-30" STARTDATE="2025-09-30" ENDDATE="2079-06-06" ISACTUAL="1" ISACTIVE="1" /><STEAD ID="74194211" OBJECTID="174967230" OBJECTGUID="4abf429f-15ab-4a7d-9aa0-8c2d53e8d990" CHANGEID="689751253" NUMBER="9А" OPERTYPEID="10" PREVID="0" NEXTID="0" UPDATEDATE="2025-09-30" STARTDATE="2025-09-30" ENDDATE="2079-06-06" ISACTUAL="1" ISACTIVE="1" /><STEAD ID="74194267" OBJECTID="174967304" OBJECTGUID="7360fad9-9f9c-460d-9fed-c7728f25b945" CHANGEID="689751378" NUMBER="9А" OPERTYPEID="10" PREVID="0" NEXTID="0" UPDATEDATE="2025-09-30" STARTDATE="2025-09-30" ENDDATE="2079-06-06" ISACTUAL="1" ISACTIVE="1" /><STEAD ID="74194259" OBJECTID="174967291" OBJECTGUID="67a669a5-aa6b-4bc4-8bc5-b2662bf78344" CHANGEID="689751352" NUMBER="3" OPERTYPEID="10" PREVID="0" NEXTID="0" UPDATEDATE="2025-09-30" STARTDATE="2025-09-30" ENDDATE="2079-06-06" ISACTUAL="1" ISACTIVE="1" /><STEAD ID="74194369" OBJECTID="174967457" OBJECTGUID="3dcf9f80-d753-482e-8110-d2866e87c036" CHANGEID="689752089" NUMBER="5" OPERTYPEID="10" PREVID="0" NEXTID="0" UPDATEDATE="2025-09-30" STARTDATE="2025-09-30" ENDDATE="2079-06-06" ISACTUAL="1" ISACTIVE="1" /><STEAD ID="74194379" OBJECTID="174967472" OBJECTGUID="2543d78b-684c-4c19-abad-cbc2ecdc5c30" CHANGEID="689752119" NUMBER="97" OPERTYPEID="10" PREVID="0" NEXTID="0" UPDATEDATE="2025-09-30" STARTDATE="2025-09-30" ENDDATE="2079-06-06" ISACTUAL="1" ISACTIVE="1" /><STEAD ID="74194382" OBJECTID="174967475" OBJECTGUID="0e8c352f-c534-485a-8123-915dc8fbe021" CHANGEID="689752127" NUMBER="7" OPERTYPEID="10" PREVID="0" NEXTID="0" UPDATEDATE="2025-09-30" STARTDATE="2025-09-30" ENDDATE="2079-06-06" ISACTUAL="1" ISACTIVE="1" /><STEAD ID="74194465" OBJECTID="174967589" OBJECTGUID="b0d4293c-a156-4dcf-ac6f-cf8cd9dd1ea7" CHANGEID="689752371" NUMBER="13" OPERTYPEID="10" PREVID="0" NEXTID="0" UPDATEDATE="2025-09-30" STARTDATE="2025-09-30" ENDDATE="2079-06-06" ISACTUAL="1" ISACTIVE="1" /><STEAD ID="74195130" OBJECTID="174968461" OBJECTGUID="2d87184f-d27c-4ce5-ba49-92c109d9062d" CHANGEID="689754505" NUMBER="16" OPERTYPEID="10" PREVID="0" NEXTID="0" UPDATEDATE="2025-09-30" STARTDATE="2025-09-30" ENDDATE="2079-06-06" ISACTUAL="1" ISACTIVE="1" /><STEAD ID="74195221" OBJECTID="174968605" OBJECTGUID="4ff4f024-16d7-48de-912a-820a1af50b64" CHANGEID="689754908" NUMBER="44А" OPERTYPEID="10" PREVID="0" NEXTID="0" UPDATEDATE="2025-09-30" STARTDATE="2025-09-30" ENDDATE="2079-06-06" ISACTUAL="1" ISACTIVE="1" /><STEAD ID="74195282" OBJECTID="174968696" OBJECTGUID="e648ac3b-82dc-493e-bfda-e2a90ce8de1f" CHANGEID="689755103" NUMBER="6" OPERTYPEID="10" PREVID="0" NEXTID="0" UPDATEDATE="2025-09-30" STARTDATE="2025-09-30" ENDDATE="2079-06-06" ISACTUAL="1" ISACTIVE="1" /><STEAD ID="74195338" OBJECTID="174968763" OBJECTGUID="4adca940-3dde-47c7-a212-7c7c13f914e9" CHANGEID="689755216" NUMBER="5" OPERTYPEID="10" PREVID="0" NEXTID="0" UPDATEDATE="2025-09-30" STARTDATE="2025-09-30" ENDDATE="2079-06-06" ISACTUAL="1" ISACTIVE="1" /><STEAD ID="74195446" OBJECTID="174968896" OBJECTGUID="c266e514-eb38-47e6-9973-a8f0beccc743" CHANGEID="689755427" NUMBER="3" OPERTYPEID="10" PREVID="0" NEXTID="0" UPDATEDATE="2025-09-30" STARTDATE="2025-09-30" ENDDATE="2079-06-06" ISACTUAL="1" ISACTIVE="1" /><STEAD ID="74195494" OBJECTID="174968955" OBJECTGUID="3df6d692-baec-411c-b91b-088a11af50d5" CHANGEID="689755545" NUMBER="57" OPERTYPEID="10" PREVID="0" NEXTID="0" UPDATEDATE="2025-09-30" STARTDATE="2025-09-30" ENDDATE="2079-06-06" ISACTUAL="1" ISACTIVE="1" /><STEAD ID="74195739" OBJECTID="174969282" OBJECTGUID="f55ac3d5-eed4-46d7-8992-ef22bbd945ab" CHANGEID="689756134" NUMBER="39" OPERTYPEID="10" PREVID="0" NEXTID="0" UPDATEDATE="2025-09-30" STARTDATE="2025-09-30" ENDDATE="2079-06-06" ISACTUAL="1" ISACTIVE="1" /><STEAD ID="74195796" OBJECTID="174969364" OBJECTGUID="5fead3be-e54e-4019-b6f7-346ab2f3a569" CHANGEID="689756344" NUMBER="1" OPERTYPEID="10" PREVID="0" NEXTID="0" UPDATEDATE="2025-09-30" STARTDATE="2025-09-30" ENDDATE="2079-06-06" ISACTUAL="1" ISACTIVE="1" /><STEAD ID="74195803" OBJECTID="174969373" OBJECTGUID="5bae091e-6894-4159-bc8c-fe397c963650" CHANGEID="689756365" NUMBER="2" OPERTYPEID="10" PREVID="0" NEXTID="0" UPDATEDATE="2025-09-30" STARTDATE="2025-09-30" ENDDATE="2079-06-06" ISACTUAL="1" ISACTIVE="1" /><STEAD ID="74195894" OBJECTID="174969468" OBJECTGUID="36cdeec2-24ef-4888-b6af-769a64c26918" CHANGEID="689756479" NUMBER="3" OPERTYPEID="10" PREVID="0" NEXTID="0" UPDATEDATE="2025-09-30" STARTDATE="2025-09-30" ENDDATE="2079-06-06" ISACTUAL="1" ISACTIVE="1" /><STEAD ID="74195904" OBJECTID="174969482" OBJECTGUID="fdee51c0-88e2-4aca-b6db-221141d24e4e" CHANGEID="689756502" NUMBER="4" OPERTYPEID="10" PREVID="0" NEXTID="0" UPDATEDATE="2025-09-30" STARTDATE="2025-09-30" ENDDATE="2079-06-06" ISACTUAL="1" ISACTIVE="1" /><STEAD ID="74195921" OBJECTID="174969505" OBJECTGUID="812509e4-3aeb-4443-adb9-53edb1a064f8" CHANGEID="689756550" NUMBER="6" OPERTYPEID="10" PREVID="0" NEXTID="0" UPDATEDATE="2025-09-30" STARTDATE="2025-09-30" ENDDATE="2079-06-06" ISACTUAL="1" ISACTIVE="1" /><STEAD ID="74195932" OBJECTID="174969521" OBJECTGUID="f61d5888-cba4-486f-9ae1-8d529bf26aed" CHANGEID="689756595" NUMBER="8" OPERTYPEID="10" PREVID="0" NEXTID="0" UPDATEDATE="2025-09-30" STARTDATE="2025-09-30" ENDDATE="2079-06-06" ISACTUAL="1" ISACTIVE="1" /><STEAD ID="74195949" OBJECTID="174969539" OBJECTGUID="0ce0812a-77b1-4652-b7b9-6f1d28856b79" CHANGEID="689756628" NUMBER="9" OPERTYPEID="10" PREVID="0" NEXTID="0" UPDATEDATE="2025-09-30" STARTDATE="2025-09-30" ENDDATE="2079-06-06" ISACTUAL="1" ISACTIVE="1" /><STEAD ID="74195914" OBJECTID="174969496" OBJECTGUID="d31e508a-07b3-49b2-be03-69d69ae45c69" CHANGEID="689756528" NUMBER="5" OPERTYPEID="10" PREVID="0" NEXTID="0" UPDATEDATE="2025-09-30" STARTDATE="2025-09-30" ENDDATE="2079-06-06" ISACTUAL="1" ISACTIVE="1" /><STEAD ID="74195928" OBJECTID="174969513" OBJECTGUID="72c3a4a8-0a39-4d70-b7c5-f2b88ed69b8a" CHANGEID="689756577" NUMBER="7" OPERTYPEID="10" PREVID="0" NEXTID="0" UPDATEDATE="2025-09-30" STARTDATE="2025-09-30" ENDDATE="2079-06-06" ISACTUAL="1" ISACTIVE="1" /><STEAD ID="74196051" OBJECTID="174969650" OBJECTGUID="15efd171-4512-465d-91d9-f0540297a7d4" CHANGEID="689756817" NUMBER="46" OPERTYPEID="10" PREVID="0" NEXTID="0" UPDATEDATE="2025-09-30" STARTDATE="2025-09-30" ENDDATE="2079-06-06" ISACTUAL="1" ISACTIVE="1" /><STEAD ID="74196056" OBJECTID="174969658" OBJECTGUID="b98fa211-077e-494e-a0e8-5e5acc25fa7c" CHANGEID="689756834" NUMBER="62" OPERTYPEID="10" PREVID="0" NEXTID="0" UPDATEDATE="2025-09-30" STARTDATE="2025-09-30" ENDDATE="2079-06-06" ISACTUAL="1" ISACTIVE="1" /><STEAD ID="74196126" OBJECTID="174969730" OBJECTGUID="aac44510-388e-4ebb-b829-b37f827cf5e0" CHANGEID="689757021" NUMBER="6" OPERTYPEID="10" PREVID="0" NEXTID="0" UPDATEDATE="2025-09-30" STARTDATE="2025-09-30" ENDDATE="2079-06-06" ISACTUAL="1" ISACTIVE="1" /><STEAD ID="74196128" OBJECTID="174969733" OBJECTGUID="8ba874f3-3805-4e74-b93a-f7f3a9394044" CHANGEID="689757033" NUMBER="4" OPERTYPEID="10" PREVID="0" NEXTID="0" UPDATEDATE="2025-09-30" STARTDATE="2025-09-30" ENDDATE="2079-06-06" ISACTUAL="1" ISACTIVE="1" /><STEAD ID="74196359" OBJECTID="174970332" OBJECTGUID="62451ec5-667f-400b-979c-9708fe000916" CHANGEID="689758485" NUMBER="28" OPERTYPEID="10" PREVID="0" NEXTID="0" UPDATEDATE="2025-09-30" STARTDATE="2025-09-30" ENDDATE="2079-06-06" ISACTUAL="1" ISACTIVE="1" /><STEAD ID="74196360" OBJECTID="174970333" OBJECTGUID="8189559c-00c1-4891-805a-eaebb6e156f7" CHANGEID="689758486" NUMBER="27" OPERTYPEID="10" PREVID="0" NEXTID="0" UPDATEDATE="2025-09-30" STARTDATE="2025-09-30" ENDDATE="2079-06-06" ISACTUAL="1" ISACTIVE="1" /><STEAD ID="74196361" OBJECTID="174970334" OBJECTGUID="589843a4-9964-463b-83c6-c3acd018fa54" CHANGEID="689758487" NUMBER="26" OPERTYPEID="10" PREVID="0" NEXTID="0" UPDATEDATE="2025-09-30" STARTDATE="2025-09-30" ENDDATE="2079-06-06" ISACTUAL="1" ISACTIVE="1" /><STEAD ID="74196362" OBJECTID="174970335" OBJECTGUID="1e6115ff-b422-488a-b150-89439b0e45d3" CHANGEID="689758488" NUMBER="25" OPERTYPEID="10" PREVID="0" NEXTID="0" UPDATEDATE="2025-09-30" STARTDATE="2025-09-30" ENDDATE="2079-06-06" ISACTUAL="1" ISACTIVE="1" /><STEAD ID="74196363" OBJECTID="174970336" OBJECTGUID="19857767-3259-4e23-b9af-5a2d93aa5011" CHANGEID="689758489" NUMBER="24" OPERTYPEID="10" PREVID="0" NEXTID="0" UPDATEDATE="2025-09-30" STARTDATE="2025-09-30" ENDDATE="2079-06-06" ISACTUAL="1" ISACTIVE="1" /><STEAD ID="74196364" OBJECTID="174970337" OBJECTGUID="9b171a73-3970-45ba-961d-1d8c322c854d" CHANGEID="689758490" NUMBER="23" OPERTYPEID="10" PREVID="0" NEXTID="0" UPDATEDATE="2025-09-30" STARTDATE="2025-09-30" ENDDATE="2079-06-06" ISACTUAL="1" ISACTIVE="1" /><STEAD ID="74196365" OBJECTID="174970338" OBJECTGUID="f9424eff-bad1-4025-ac56-3e273cfc9c75" CHANGEID="689758491" NUMBER="22" OPERTYPEID="10" PREVID="0" NEXTID="0" UPDATEDATE="2025-09-30" STARTDATE="2025-09-30" ENDDATE="2079-06-06" ISACTUAL="1" ISACTIVE="1" /><STEAD ID="74196366" OBJECTID="174970339" OBJECTGUID="a8bf31ca-dd66-4819-badc-5449c413e394" CHANGEID="689758492" NUMBER="21" OPERTYPEID="10" PREVID="0" NEXTID="0" UPDATEDATE="2025-09-30" STARTDATE="2025-09-30" ENDDATE="2079-06-06" ISACTUAL="1" ISACTIVE="1" /><STEAD ID="74196367" OBJECTID="174970340" OBJECTGUID="57d5a1a4-43a6-43b8-9ffc-f1c268640e32" CHANGEID="689758493" NUMBER="20" OPERTYPEID="10" PREVID="0" NEXTID="0" UPDATEDATE="2025-09-30" STARTDATE="2025-09-30" ENDDATE="2079-06-06" ISACTUAL="1" ISACTIVE="1" /><STEAD ID="74196368" OBJECTID="174970341" OBJECTGUID="0128fe2f-6217-48b7-8b22-ea9d107e4660" CHANGEID="689758494" NUMBER="19" OPERTYPEID="10" PREVID="0" NEXTID="0" UPDATEDATE="2025-09-30" STARTDATE="2025-09-30" ENDDATE="2079-06-06" ISACTUAL="1" ISACTIVE="1" /><STEAD ID="74196369" OBJECTID="174970342" OBJECTGUID="1accf2ad-41ee-482f-8d7c-add4faa156d8" CHANGEID="689758495" NUMBER="18" OPERTYPEID="10" PREVID="0" NEXTID="0" UPDATEDATE="2025-09-30" STARTDATE="2025-09-30" ENDDATE="2079-06-06" ISACTUAL="1" ISACTIVE="1" /><STEAD ID="74196370" OBJECTID="174970343" OBJECTGUID="c02f25f0-8ee9-49b0-97ff-93f9183a5f04" CHANGEID="689758496" NUMBER="17" OPERTYPEID="10" PREVID="0" NEXTID="0" UPDATEDATE="2025-09-30" STARTDATE="2025-09-30" ENDDATE="2079-06-06" ISACTUAL="1" ISACTIVE="1" /><STEAD ID="74196371" OBJECTID="174970344" OBJECTGUID="cda7abdf-019b-4ef0-b3cb-74ebd591d406" CHANGEID="689758497" NUMBER="16" OPERTYPEID="10" PREVID="0" NEXTID="0" UPDATEDATE="2025-09-30" STARTDATE="2025-09-30" ENDDATE="2079-06-06" ISACTUAL="1" ISACTIVE="1" /><STEAD ID="74196372" OBJECTID="174970345" OBJECTGUID="46278875-9635-4c27-8528-be09c6f6e453" CHANGEID="689758498" NUMBER="15" OPERTYPEID="10" PREVID="0" NEXTID="0" UPDATEDATE="2025-09-30" STARTDATE="2025-09-30" ENDDATE="2079-06-06" ISACTUAL="1" ISACTIVE="1" /><STEAD ID="74196373" OBJECTID="174970346" OBJECTGUID="0a29f11e-2f0a-45c0-96b7-c60dd22a3e35" CHANGEID="689758499" NUMBER="14" OPERTYPEID="10" PREVID="0" NEXTID="0" UPDATEDATE="2025-09-30" STARTDATE="2025-09-30" ENDDATE="2079-06-06" ISACTUAL="1" ISACTIVE="1" /><STEAD ID="74196374" OBJECTID="174970347" OBJECTGUID="ab27b2cd-f294-4bab-b29f-fad1861db34c" CHANGEID="689758500" NUMBER="13" OPERTYPEID="10" PREVID="0" NEXTID="0" UPDATEDATE="2025-09-30" STARTDATE="2025-09-30" ENDDATE="2079-06-06" ISACTUAL="1" ISACTIVE="1" /><STEAD ID="74196375" OBJECTID="174970348" OBJECTGUID="9f600875-8708-48a3-9565-a0dcc6575aa1" CHANGEID="689758501" NUMBER="12" OPERTYPEID="10" PREVID="0" NEXTID="0" UPDATEDATE="2025-09-30" STARTDATE="2025-09-30" ENDDATE="2079-06-06" ISACTUAL="1" ISACTIVE="1" /><STEAD ID="74196376" OBJECTID="174970349" OBJECTGUID="22dfbb8e-01a9-46da-9884-8fd7bf89d8f0" CHANGEID="689758502" NUMBER="11" OPERTYPEID="10" PREVID="0" NEXTID="0" UPDATEDATE="2025-09-30" STARTDATE="2025-09-30" ENDDATE="2079-06-06" ISACTUAL="1" ISACTIVE="1" /><STEAD ID="74196377" OBJECTID="174970350" OBJECTGUID="e28f805c-3db1-4806-9aed-650f0cc403a1" CHANGEID="689758503" NUMBER="10" OPERTYPEID="10" PREVID="0" NEXTID="0" UPDATEDATE="2025-09-30" STARTDATE="2025-09-30" ENDDATE="2079-06-06" ISACTUAL="1" ISACTIVE="1" /><STEAD ID="74199570" OBJECTID="174977179" OBJECTGUID="353e0b84-d323-4827-a90a-06a30e417445" CHANGEID="689791448" NUMBER="15" OPERTYPEID="10" PREVID="0" NEXTID="0" UPDATEDATE="2025-10-01" STARTDATE="2025-10-01" ENDDATE="2079-06-06" ISACTUAL="1" ISACTIVE="1" /><STEAD ID="74199616" OBJECTID="174977277" OBJECTGUID="7843a6f5-2ad0-47af-b2da-b03608234d72" CHANGEID="689791580" NUMBER="6" OPERTYPEID="10" PREVID="0" NEXTID="0" UPDATEDATE="2025-10-01" STARTDATE="2025-10-01" ENDDATE="2079-06-06" ISACTUAL="1" ISACTIVE="1" /><STEAD ID="74199612" OBJECTID="174977269" OBJECTGUID="fb643c84-4711-4dfa-b210-7be3a7270178" CHANGEID="689791571" NUMBER="1" OPERTYPEID="10" PREVID="0" NEXTID="0" UPDATEDATE="2025-10-01" STARTDATE="2025-10-01" ENDDATE="2079-06-06" ISACTUAL="1" ISACTIVE="1" /><STEAD ID="74199613" OBJECTID="174977270" OBJECTGUID="21d2d003-98f2-45ff-8ca7-d8a7e1b8eed2" CHANGEID="689791572" NUMBER="2" OPERTYPEID="10" PREVID="0" NEXTID="0" UPDATEDATE="2025-10-01" STARTDATE="2025-10-01" ENDDATE="2079-06-06" ISACTUAL="1" ISACTIVE="1" /><STEAD ID="74199614" OBJECTID="174977271" OBJECTGUID="c6c08d00-01f6-4835-a3cb-09a486e00cbd" CHANGEID="689791573" NUMBER="5" OPERTYPEID="10" PREVID="0" NEXTID="0" UPDATEDATE="2025-10-01" STARTDATE="2025-10-01" ENDDATE="2079-06-06" ISACTUAL="1" ISACTIVE="1" /><STEAD ID="74199615" OBJECTID="174977273" OBJECTGUID="32352574-50ac-47b4-b01d-0b4af9f5109f" CHANGEID="689791575" NUMBER="1" OPERTYPEID="10" PREVID="0" NEXTID="0" UPDATEDATE="2025-10-01" STARTDATE="2025-10-01" ENDDATE="2079-06-06" ISACTUAL="1" ISACTIVE="1" /><STEAD ID="74199618" OBJECTID="174977279" OBJECTGUID="5ca1426d-42bd-47cd-8675-6b5370555fca" CHANGEID="689791583" NUMBER="5/14" OPERTYPEID="10" PREVID="0" NEXTID="0" UPDATEDATE="2025-10-01" STARTDATE="2025-10-01" ENDDATE="2079-06-06" ISACTUAL="1" ISACTIVE="1" /><STEAD ID="74199620" OBJECTID="174977284" OBJECTGUID="a01da8af-cf86-4645-9c7c-8226f7c22901" CHANGEID="689791590" NUMBER="14/5" OPERTYPEID="10" PREVID="0" NEXTID="0" UPDATEDATE="2025-10-01" STARTDATE="2025-10-01" ENDDATE="2079-06-06" ISACTUAL="1" ISACTIVE="1" /><STEAD ID="74199637" OBJECTID="174977315" OBJECTGUID="d8e771e1-88c7-4376-bb31-38429d1f0c0d" CHANGEID="689791627" NUMBER="7" OPERTYPEID="10" PREVID="0" NEXTID="0" UPDATEDATE="2025-10-01" STARTDATE="2025-10-01" ENDDATE="2079-06-06" ISACTUAL="1" ISACTIVE="1" /><STEAD ID="74199652" OBJECTID="174977337" OBJECTGUID="0f964f41-960c-4695-8f8d-2ac937e380dc" CHANGEID="689791653" NUMBER="26" OPERTYPEID="10" PREVID="0" NEXTID="0" UPDATEDATE="2025-10-01" STARTDATE="2025-10-01" ENDDATE="2079-06-06" ISACTUAL="1" ISACTIVE="1" /><STEAD ID="74199654" OBJECTID="174977340" OBJECTGUID="5144fe86-21b4-419d-9424-c21eaf996847" CHANGEID="689791657" NUMBER="8/14" OPERTYPEID="10" PREVID="0" NEXTID="0" UPDATEDATE="2025-10-01" STARTDATE="2025-10-01" ENDDATE="2079-06-06" ISACTUAL="1" ISACTIVE="1" /><STEAD ID="74199657" OBJECTID="174977345" OBJECTGUID="7da3394b-6585-4459-b19b-f2c6efbbfa1a" CHANGEID="689791662" NUMBER="24" OPERTYPEID="10" PREVID="0" NEXTID="0" UPDATEDATE="2025-10-01" STARTDATE="2025-10-01" ENDDATE="2079-06-06" ISACTUAL="1" ISACTIVE="1" /><STEAD ID="74199671" OBJECTID="174977363" OBJECTGUID="b804214c-4c28-4be7-bce4-d1e3e587dfb1" CHANGEID="689791686" NUMBER="1" OPERTYPEID="10" PREVID="0" NEXTID="0" UPDATEDATE="2025-10-01" STARTDATE="2025-10-01" ENDDATE="2079-06-06" ISACTUAL="1" ISACTIVE="1" /><STEAD ID="74199685" OBJECTID="174977379" OBJECTGUID="bfb288fe-b2d9-43bb-abc6-4052a80cb420" CHANGEID="689791711" NUMBER="22" OPERTYPEID="10" PREVID="0" NEXTID="0" UPDATEDATE="2025-10-01" STARTDATE="2025-10-01" ENDDATE="2079-06-06" ISACTUAL="1" ISACTIVE="1" /><STEAD ID="74199690" OBJECTID="174977386" OBJECTGUID="14975969-6097-4b7f-b7e3-b6c09e7741a9" CHANGEID="689791723" NUMBER="20" OPERTYPEID="10" PREVID="0" NEXTID="0" UPDATEDATE="2025-10-01" STARTDATE="2025-10-01" ENDDATE="2079-06-06" ISACTUAL="1" ISACTIVE="1" /><STEAD ID="74199668" OBJECTID="174977357" OBJECTGUID="77f4cefd-ebca-4fc2-a4f3-26bf49405b4e" CHANGEID="689791675" NUMBER="9" OPERTYPEID="10" PREVID="0" NEXTID="0" UPDATEDATE="2025-10-01" STARTDATE="2025-10-01" ENDDATE="2079-06-06" ISACTUAL="1" ISACTIVE="1" /><STEAD ID="74199669" OBJECTID="174977358" OBJECTGUID="e16f1490-8e9b-4491-8f10-b935f7cb68da" CHANGEID="689791677" NUMBER="12" OPERTYPEID="10" PREVID="0" NEXTID="0" UPDATEDATE="2025-10-01" STARTDATE="2025-10-01" ENDDATE="2079-06-06" ISACTUAL="1" ISACTIVE="1" /><STEAD ID="74199670" OBJECTID="174977362" OBJECTGUID="9663749e-764a-467b-b6bc-81d4a381b513" CHANGEID="689791683" NUMBER="11" OPERTYPEID="10" PREVID="0" NEXTID="0" UPDATEDATE="2025-10-01" STARTDATE="2025-10-01" ENDDATE="2079-06-06" ISACTUAL="1" ISACTIVE="1" /><STEAD ID="74199682" OBJECTID="174977377" OBJECTGUID="deee4dea-1b36-4630-9e64-fb3596d3d1f8" CHANGEID="689791704" NUMBER="14" OPERTYPEID="10" PREVID="0" NEXTID="0" UPDATEDATE="2025-10-01" STARTDATE="2025-10-01" ENDDATE="2079-06-06" ISACTUAL="1" ISACTIVE="1" /><STEAD ID="74199687" OBJECTID="174977382" OBJECTGUID="967a12b9-7012-4c61-aaba-ba4df4e000b9" CHANGEID="689791716" NUMBER="25" OPERTYPEID="10" PREVID="0" NEXTID="0" UPDATEDATE="2025-10-01" STARTDATE="2025-10-01" ENDDATE="2079-06-06" ISACTUAL="1" ISACTIVE="1" /><STEAD ID="74199688" OBJECTID="174977384" OBJECTGUID="dc46c214-d57c-4599-9751-81808324277d" CHANGEID="689791720" NUMBER="16" OPERTYPEID="10" PREVID="0" NEXTID="0" UPDATEDATE="2025-10-01" STARTDATE="2025-10-01" ENDDATE="2079-06-06" ISACTUAL="1" ISACTIVE="1" /><STEAD ID="74199702" OBJECTID="174977399" OBJECTGUID="8e0e036b-67ae-4e5c-8e9e-166a2fa63115" CHANGEID="689791740" NUMBER="23" OPERTYPEID="10" PREVID="0" NEXTID="0" UPDATEDATE="2025-10-01" STARTDATE="2025-10-01" ENDDATE="2079-06-06" ISACTUAL="1" ISACTIVE="1" /><STEAD ID="74200283" OBJECTID="174978576" OBJECTGUID="414206f9-46e1-4a94-ac51-5cc59c8303d0" CHANGEID="689793307" NUMBER="13" OPERTYPEID="10" PREVID="0" NEXTID="0" UPDATEDATE="2025-10-01" STARTDATE="2025-10-01" ENDDATE="2079-06-06" ISACTUAL="1" ISACTIVE="1" /><STEAD ID="74200440" OBJECTID="174978758" OBJECTGUID="0e1160c6-339a-483d-953f-64865a4d000b" CHANGEID="689793645" NUMBER="2" OPERTYPEID="10" PREVID="0" NEXTID="0" UPDATEDATE="2025-10-01" STARTDATE="2025-10-01" ENDDATE="2079-06-06" ISACTUAL="1" ISACTIVE="1" /><STEAD ID="74200454" OBJECTID="174978785" OBJECTGUID="7598a99b-905b-48e3-a1cc-85ba528bc142" CHANGEID="689793722" NUMBER="9" OPERTYPEID="10" PREVID="0" NEXTID="0" UPDATEDATE="2025-10-01" STARTDATE="2025-10-01" ENDDATE="2079-06-06" ISACTUAL="1" ISACTIVE="1" /><STEAD ID="74200476" OBJECTID="174978819" OBJECTGUID="9539cee9-d753-411d-a644-6ade21304103" CHANGEID="689793784" NUMBER="19" OPERTYPEID="10" PREVID="0" NEXTID="0" UPDATEDATE="2025-10-01" STARTDATE="2025-10-01" ENDDATE="2079-06-06" ISACTUAL="1" ISACTIVE="1" /><STEAD ID="74200345" OBJECTID="174978630" OBJECTGUID="1a1c01ec-2d92-4b3d-a027-de7f9b21225d" CHANGEID="689793424" NUMBER="13" OPERTYPEID="10" PREVID="0" NEXTID="0" UPDATEDATE="2025-10-01" STARTDATE="2025-10-01" ENDDATE="2079-06-06" ISACTUAL="1" ISACTIVE="1" /><STEAD ID="74200447" OBJECTID="174978776" OBJECTGUID="873c75e6-7dd0-48e2-b7be-cc82a390a6a6" CHANGEID="689793698" NUMBER="6" OPERTYPEID="10" PREVID="0" NEXTID="0" UPDATEDATE="2025-10-01" STARTDATE="2025-10-01" ENDDATE="2079-06-06" ISACTUAL="1" ISACTIVE="1" /><STEAD ID="74201247" OBJECTID="174980398" OBJECTGUID="52e9a016-5713-430e-af42-8c5aed9a89f2" CHANGEID="689796573" NUMBER="20" OPERTYPEID="10" PREVID="0" NEXTID="0" UPDATEDATE="2025-10-01" STARTDATE="2025-10-01" ENDDATE="2079-06-06" ISACTUAL="1" ISACTIVE="1" /><STEAD ID="74201233" OBJECTID="174980372" OBJECTGUID="5f43b1e1-b4c3-4325-84ce-c988781d997d" CHANGEID="689796508" NUMBER="4" OPERTYPEID="10" PREVID="0" NEXTID="0" UPDATEDATE="2025-10-01" STARTDATE="2025-10-01" ENDDATE="2079-06-06" ISACTUAL="1" ISACTIVE="1" /><STEAD ID="74201365" OBJECTID="174980558" OBJECTGUID="b813fbd7-f773-46bf-9836-8d41316cd07d" CHANGEID="689796875" NUMBER="5" OPERTYPEID="10" PREVID="0" NEXTID="0" UPDATEDATE="2025-10-01" STARTDATE="2025-10-01" ENDDATE="2079-06-06" ISACTUAL="1" ISACTIVE="1" /><STEAD ID="74201849" OBJECTID="174981213" OBJECTGUID="44f6760a-a299-461d-b6a9-7fe46800bcaf" CHANGEID="689799019" NUMBER="28" OPERTYPEID="10" PREVID="0" NEXTID="0" UPDATEDATE="2025-10-01" STARTDATE="2025-10-01" ENDDATE="2079-06-06" ISACTUAL="1" ISACTIVE="1" /><STEAD ID="74201856" OBJECTID="174981227" OBJECTGUID="d5233a92-305b-495c-b17f-269be9d0af8a" CHANGEID="689799054" NUMBER="13" OPERTYPEID="10" PREVID="0" NEXTID="0" UPDATEDATE="2025-10-01" STARTDATE="2025-10-01" ENDDATE="2079-06-06" ISACTUAL="1" ISACTIVE="1" /><STEAD ID="74201937" OBJECTID="174981334" OBJECTGUID="24545a1c-a7f5-444c-a022-f643b1aadf6b" CHANGEID="689799324" NUMBER="21" OPERTYPEID="10" PREVID="0" NEXTID="0" UPDATEDATE="2025-10-01" STARTDATE="2025-10-01" ENDDATE="2079-06-06" ISACTUAL="1" ISACTIVE="1" /><STEAD ID="74201961" OBJECTID="174981429" OBJECTGUID="2dec72b1-a3a6-4023-a98e-af1eb273b322" CHANGEID="689799477" NUMBER="14" OPERTYPEID="10" PREVID="0" NEXTID="0" UPDATEDATE="2025-10-01" STARTDATE="2025-10-01" ENDDATE="2079-06-06" ISACTUAL="1" ISACTIVE="1" /><STEAD ID="74201969" OBJECTID="174981441" OBJECTGUID="53e60c91-e399-42b4-ab29-cc20dca2f264" CHANGEID="689799499" NUMBER="19" OPERTYPEID="10" PREVID="0" NEXTID="0" UPDATEDATE="2025-10-01" STARTDATE="2025-10-01" ENDDATE="2079-06-06" ISACTUAL="1" ISACTIVE="1" /><STEAD ID="74201934" OBJECTID="174981329" OBJECTGUID="c1af4728-0647-4775-afcb-23d95b88f2e4" CHANGEID="689799309" NUMBER="13" OPERTYPEID="10" PREVID="0" NEXTID="0" UPDATEDATE="2025-10-01" STARTDATE="2025-10-01" ENDDATE="2079-06-06" ISACTUAL="1" ISACTIVE="1" /><STEAD ID="74201977" OBJECTID="174981454" OBJECTGUID="211e7e78-b6ed-4630-85ad-fa0ec42ad4d5" CHANGEID="689799527" NUMBER="15" OPERTYPEID="10" PREVID="0" NEXTID="0" UPDATEDATE="2025-10-01" STARTDATE="2025-10-01" ENDDATE="2079-06-06" ISACTUAL="1" ISACTIVE="1" /><STEAD ID="74201980" OBJECTID="174981459" OBJECTGUID="235adfad-b93f-48c1-9dfc-d43d245e2f46" CHANGEID="689799558" NUMBER="17" OPERTYPEID="10" PREVID="0" NEXTID="0" UPDATEDATE="2025-10-01" STARTDATE="2025-10-01" ENDDATE="2079-06-06" ISACTUAL="1" ISACTIVE="1" /><STEAD ID="74201988" OBJECTID="174981490" OBJECTGUID="5ca735dd-aa47-42d7-8087-33a5cf040866" CHANGEID="689799595" NUMBER="13" OPERTYPEID="10" PREVID="0" NEXTID="0" UPDATEDATE="2025-10-01" STARTDATE="2025-10-01" ENDDATE="2079-06-06" ISACTUAL="1" ISACTIVE="1" /><STEAD ID="74201991" OBJECTID="174981494" OBJECTGUID="7ddb29b3-f370-4c32-b006-6f8a2d8491ec" CHANGEID="689799603" NUMBER="38" OPERTYPEID="10" PREVID="0" NEXTID="0" UPDATEDATE="2025-10-01" STARTDATE="2025-10-01" ENDDATE="2079-06-06" ISACTUAL="1" ISACTIVE="1" /><STEAD ID="74202051" OBJECTID="174981763" OBJECTGUID="ae83a0cc-3e91-45c1-8c92-5f8bc1d124c5" CHANGEID="689800305" NUMBER="2А" OPERTYPEID="10" PREVID="0" NEXTID="0" UPDATEDATE="2025-10-01" STARTDATE="2025-10-01" ENDDATE="2079-06-06" ISACTUAL="1" ISACTIVE="1" /><STEAD ID="74202052" OBJECTID="174981764" OBJECTGUID="5f5f6049-433b-497e-85d7-774354fff232" CHANGEID="689800306" NUMBER="2" OPERTYPEID="10" PREVID="0" NEXTID="0" UPDATEDATE="2025-10-01" STARTDATE="2025-10-01" ENDDATE="2079-06-06" ISACTUAL="1" ISACTIVE="1" /><STEAD ID="74202503" OBJECTID="174982692" OBJECTGUID="f913281d-c0cb-494e-bb8b-1550d780f79e" CHANGEID="689801805" NUMBER="32" OPERTYPEID="10" PREVID="0" NEXTID="0" UPDATEDATE="2025-10-01" STARTDATE="2025-10-01" ENDDATE="2079-06-06" ISACTUAL="1" ISACTIVE="1" /><STEAD ID="74203062" OBJECTID="174983858" OBJECTGUID="9d9aab5a-ebd1-42c7-afbb-16c8ad3f93a7" CHANGEID="689804727" NUMBER="1" OPERTYPEID="10" PREVID="0" NEXTID="0" UPDATEDATE="2025-10-01" STARTDATE="2025-10-01" ENDDATE="2079-06-06" ISACTUAL="1" ISACTIVE="1" /><STEAD ID="74203075" OBJECTID="174983876" OBJECTGUID="7826a37c-16e3-4351-abb4-0a8d03242e28" CHANGEID="689804815" NUMBER="4" OPERTYPEID="10" PREVID="0" NEXTID="0" UPDATEDATE="2025-10-01" STARTDATE="2025-10-01" ENDDATE="2079-06-06" ISACTUAL="1" ISACTIVE="1" /><STEAD ID="74203103" OBJECTID="174983918" OBJECTGUID="4b0ea624-294b-442b-a7de-2c4bec78d4cb" CHANGEID="689805034" NUMBER="8" OPERTYPEID="10" PREVID="0" NEXTID="0" UPDATEDATE="2025-10-01" STARTDATE="2025-10-01" ENDDATE="2079-06-06" ISACTUAL="1" ISACTIVE="1" /><STEAD ID="74203106" OBJECTID="174983924" OBJECTGUID="0c53e74e-4423-4d6d-9b73-dae62bce08a1" CHANGEID="689805044" NUMBER="47" OPERTYPEID="10" PREVID="0" NEXTID="0" UPDATEDATE="2025-10-01" STARTDATE="2025-10-01" ENDDATE="2079-06-06" ISACTUAL="1" ISACTIVE="1" /><STEAD ID="74203140" OBJECTID="174983985" OBJECTGUID="6d68c26c-cce3-499b-bcf1-9d213d9d89eb" CHANGEID="689805399" NUMBER="2" OPERTYPEID="10" PREVID="0" NEXTID="0" UPDATEDATE="2025-10-01" STARTDATE="2025-10-01" ENDDATE="2079-06-06" ISACTUAL="1" ISACTIVE="1" /><STEAD ID="74203096" OBJECTID="174983903" OBJECTGUID="fdbcd1b5-be89-4018-8b07-c70ecc5fd7f8" CHANGEID="689804949" NUMBER="34" OPERTYPEID="10" PREVID="0" NEXTID="0" UPDATEDATE="2025-10-01" STARTDATE="2025-10-01" ENDDATE="2079-06-06" ISACTUAL="1" ISACTIVE="1" /><STEAD ID="74203098" OBJECTID="174983905" OBJECTGUID="591c1840-b3c8-4e1b-a2e9-e00eb1eb9ecc" CHANGEID="689805016" NUMBER="32" OPERTYPEID="10" PREVID="0" NEXTID="0" UPDATEDATE="2025-10-01" STARTDATE="2025-10-01" ENDDATE="2079-06-06" ISACTUAL="1" ISACTIVE="1" /><STEAD ID="74203109" OBJECTID="174983929" OBJECTGUID="05708e5e-24e8-4d9c-9bbf-0f2335b77014" CHANGEID="689805056" NUMBER="51" OPERTYPEID="10" PREVID="0" NEXTID="0" UPDATEDATE="2025-10-01" STARTDATE="2025-10-01" ENDDATE="2079-06-06" ISACTUAL="1" ISACTIVE="1" /><STEAD ID="74203115" OBJECTID="174983937" OBJECTGUID="8b18ab77-5d22-4895-8fcd-16241567e886" CHANGEID="689805115" NUMBER="57" OPERTYPEID="10" PREVID="0" NEXTID="0" UPDATEDATE="2025-10-01" STARTDATE="2025-10-01" ENDDATE="2079-06-06" ISACTUAL="1" ISACTIVE="1" /><STEAD ID="74203128" OBJECTID="174983954" OBJECTGUID="b4f458c4-4e7b-41db-9222-05a40ac28502" CHANGEID="689805331" NUMBER="1" OPERTYPEID="10" PREVID="0" NEXTID="0" UPDATEDATE="2025-10-01" STARTDATE="2025-10-01" ENDDATE="2079-06-06" ISACTUAL="1" ISACTIVE="1" /><STEAD ID="74203146" OBJECTID="174983989" OBJECTGUID="60a1416f-9fb6-48f2-a6de-a0d6c3cee3cc" CHANGEID="689805413" NUMBER="3" OPERTYPEID="10" PREVID="0" NEXTID="0" UPDATEDATE="2025-10-01" STARTDATE="2025-10-01" ENDDATE="2079-06-06" ISACTUAL="1" ISACTIVE="1" /><STEAD ID="74124920" OBJECTID="174839139" OBJECTGUID="5e273711-a0c4-4258-aa5f-96280b41e8d8" CHANGEID="689462996" NUMBER="10А" OPERTYPEID="10" PREVID="0" NEXTID="74203522" UPDATEDATE="2025-10-01" STARTDATE="2025-09-24" ENDDATE="2025-10-01" ISACTUAL="0" ISACTIVE="0" /><STEAD ID="74203522" OBJECTID="174839139" OBJECTGUID="5e273711-a0c4-4258-aa5f-96280b41e8d8" CHANGEID="689806689" NUMBER="1А" OPERTYPEID="50" PREVID="74124920" UPDATEDATE="2025-10-01" STARTDATE="2025-10-01" ENDDATE="2079-06-06" ISACTUAL="1" ISACTIVE="1" /><STEAD ID="74203808" OBJECTID="174985162" OBJECTGUID="bbf41f06-1abb-4f6a-b779-419de7c2033d" CHANGEID="689807623" NUMBER="42" OPERTYPEID="10" PREVID="0" NEXTID="0" UPDATEDATE="2025-10-01" STARTDATE="2025-10-01" ENDDATE="2079-06-06" ISACTUAL="1" ISACTIVE="1" /><STEAD ID="74203809" OBJECTID="174985163" OBJECTGUID="73608aab-8c26-414a-b63d-8155fd0b1393" CHANGEID="689807624" NUMBER="39" OPERTYPEID="10" PREVID="0" NEXTID="0" UPDATEDATE="2025-10-01" STARTDATE="2025-10-01" ENDDATE="2079-06-06" ISACTUAL="1" ISACTIVE="1" /></STEADS>