﻿<?xml version="1.0" encoding="utf-8"?><APARTMENTS><APARTMENT ID="2022990" OBJECTID="4736163" OBJECTGUID="d80308f3-e9c8-43a8-9e2f-a1c1462629db" CHANGEID="8795464" NUMBER="2" APARTTYPE="2" OPERTYPEID="10" PREVID="0" NEXTID="111817424" UPDATEDATE="2025-10-01" STARTDATE="2018-06-05" ENDDATE="2025-10-01" ISACTUAL="0" ISACTIVE="0" /><APARTMENT ID="15182178" OBJECTID="26656384" OBJECTGUID="4f1621ab-e4fc-4aa1-acec-7259d54d6b28" CHANGEID="41153662" NUMBER="1" APARTTYPE="2" OPERTYPEID="10" PREVID="0" NEXTID="111807513" UPDATEDATE="2025-09-30" STARTDATE="2018-06-05" ENDDATE="2025-09-30" ISACTUAL="0" ISACTIVE="0" /><APARTMENT ID="15185550" OBJECTID="26662101" OBJECTGUID="5da02b3a-0e33-4d59-b906-c87d14ba5d5b" CHANGEID="41162209" NUMBER="2" APARTTYPE="2" OPERTYPEID="10" PREVID="0" NEXTID="111810662" UPDATEDATE="2025-09-30" STARTDATE="2018-06-05" ENDDATE="2025-09-30" ISACTUAL="0" ISACTIVE="0" /><APARTMENT ID="15182185" OBJECTID="26656399" OBJECTGUID="68f451d0-ab98-46b8-a714-939646b81f95" CHANGEID="41153690" NUMBER="2" APARTTYPE="2" OPERTYPEID="10" PREVID="0" NEXTID="111817423" UPDATEDATE="2025-10-01" STARTDATE="2018-06-05" ENDDATE="2025-10-01" ISACTUAL="0" ISACTIVE="0" /><APARTMENT ID="33159385" OBJECTID="55764472" OBJECTGUID="5b35c706-430f-4905-a99f-257f42a875ba" CHANGEID="83415822" NUMBER="1" APARTTYPE="2" OPERTYPEID="10" PREVID="0" NEXTID="111817425" UPDATEDATE="2025-10-01" STARTDATE="2018-08-08" ENDDATE="2025-10-01" ISACTUAL="0" ISACTIVE="0" /><APARTMENT ID="111802294" OBJECTID="174935881" OBJECTGUID="89363972-147e-458a-8e15-72ba563a6184" CHANGEID="689680389" NUMBER="2" APARTTYPE="2" OPERTYPEID="10" PREVID="0" NEXTID="0" UPDATEDATE="2025-09-29" STARTDATE="2025-09-29" ENDDATE="2079-06-06" ISACTUAL="1" ISACTIVE="1" /><APARTMENT ID="111806974" OBJECTID="174951943" OBJECTGUID="6d6cde28-e8d9-41d5-a84d-8bea7b388602" CHANGEID="689716271" NUMBER="2" APARTTYPE="2" OPERTYPEID="10" PREVID="0" NEXTID="0" UPDATEDATE="2025-09-30" STARTDATE="2025-09-30" ENDDATE="2079-06-06" ISACTUAL="1" ISACTIVE="1" /><APARTMENT ID="111806975" OBJECTID="174951944" OBJECTGUID="54a9df5d-49f5-4c9f-9126-fa97b02b360e" CHANGEID="689716272" NUMBER="1" APARTTYPE="2" OPERTYPEID="10" PREVID="0" NEXTID="0" UPDATEDATE="2025-09-30" STARTDATE="2025-09-30" ENDDATE="2079-06-06" ISACTUAL="1" ISACTIVE="1" /><APARTMENT ID="111807344" OBJECTID="34057282" OBJECTGUID="548e3b1e-9139-4638-a8ba-7102a10f75f9" CHANGEID="689721579" NUMBER="1" APARTTYPE="2" OPERTYPEID="30" PREVID="19766763" NEXTID="0" UPDATEDATE="2025-09-30" STARTDATE="2025-09-30" ENDDATE="2079-06-06" ISACTUAL="1" ISACTIVE="0" /><APARTMENT ID="19766763" OBJECTID="34057282" OBJECTGUID="548e3b1e-9139-4638-a8ba-7102a10f75f9" CHANGEID="51871200" NUMBER="1" APARTTYPE="2" OPERTYPEID="10" PREVID="0" NEXTID="111807344" UPDATEDATE="2025-09-30" STARTDATE="2018-10-05" ENDDATE="2025-09-30" ISACTUAL="0" ISACTIVE="0" /><APARTMENT ID="111807345" OBJECTID="34057689" OBJECTGUID="f8836577-cd3f-440f-8160-eceaaaae4c75" CHANGEID="689721580" NUMBER="2" APARTTYPE="2" OPERTYPEID="30" PREVID="19766991" NEXTID="0" UPDATEDATE="2025-09-30" STARTDATE="2025-09-30" ENDDATE="2079-06-06" ISACTUAL="1" ISACTIVE="0" /><APARTMENT ID="19766991" OBJECTID="34057689" OBJECTGUID="f8836577-cd3f-440f-8160-eceaaaae4c75" CHANGEID="51871908" NUMBER="2" APARTTYPE="2" OPERTYPEID="10" PREVID="0" NEXTID="111807345" UPDATEDATE="2025-09-30" STARTDATE="2018-10-05" ENDDATE="2025-09-30" ISACTUAL="0" ISACTIVE="0" /><APARTMENT ID="111807346" OBJECTID="34057682" OBJECTGUID="f76d18db-a5e4-4ba7-a839-fb2c4bb9f633" CHANGEID="689721582" NUMBER="3" APARTTYPE="2" OPERTYPEID="30" PREVID="19766987" NEXTID="0" UPDATEDATE="2025-09-30" STARTDATE="2025-09-30" ENDDATE="2079-06-06" ISACTUAL="1" ISACTIVE="0" /><APARTMENT ID="19766987" OBJECTID="34057682" OBJECTGUID="f76d18db-a5e4-4ba7-a839-fb2c4bb9f633" CHANGEID="51871898" NUMBER="3" APARTTYPE="2" OPERTYPEID="10" PREVID="0" NEXTID="111807346" UPDATEDATE="2025-09-30" STARTDATE="2018-10-05" ENDDATE="2025-09-30" ISACTUAL="0" ISACTIVE="0" /><APARTMENT ID="111807347" OBJECTID="34057486" OBJECTGUID="7e091a14-38a7-46ed-bfc2-a610eb814faf" CHANGEID="689721583" NUMBER="4" APARTTYPE="2" OPERTYPEID="30" PREVID="19766892" NEXTID="0" UPDATEDATE="2025-09-30" STARTDATE="2025-09-30" ENDDATE="2079-06-06" ISACTUAL="1" ISACTIVE="0" /><APARTMENT ID="19766892" OBJECTID="34057486" OBJECTGUID="7e091a14-38a7-46ed-bfc2-a610eb814faf" CHANGEID="51871250" NUMBER="4" APARTTYPE="2" OPERTYPEID="10" PREVID="0" NEXTID="111807347" UPDATEDATE="2025-09-30" STARTDATE="2018-10-05" ENDDATE="2025-09-30" ISACTUAL="0" ISACTIVE="0" /><APARTMENT ID="111807348" OBJECTID="34057673" OBJECTGUID="968b8a61-ef6d-46f8-845a-8d6429f949e6" CHANGEID="689721584" NUMBER="5" APARTTYPE="2" OPERTYPEID="30" PREVID="19766980" NEXTID="0" UPDATEDATE="2025-09-30" STARTDATE="2025-09-30" ENDDATE="2079-06-06" ISACTUAL="1" ISACTIVE="0" /><APARTMENT ID="19766980" OBJECTID="34057673" OBJECTGUID="968b8a61-ef6d-46f8-845a-8d6429f949e6" CHANGEID="51871884" NUMBER="5" APARTTYPE="2" OPERTYPEID="10" PREVID="0" NEXTID="111807348" UPDATEDATE="2025-09-30" STARTDATE="2018-10-05" ENDDATE="2025-09-30" ISACTUAL="0" ISACTIVE="0" /><APARTMENT ID="111807349" OBJECTID="34057667" OBJECTGUID="8ac38c00-4279-4eb1-9439-7000ced403f8" CHANGEID="689721586" NUMBER="6" APARTTYPE="2" OPERTYPEID="30" PREVID="19766974" NEXTID="0" UPDATEDATE="2025-09-30" STARTDATE="2025-09-30" ENDDATE="2079-06-06" ISACTUAL="1" ISACTIVE="0" /><APARTMENT ID="19766974" OBJECTID="34057667" OBJECTGUID="8ac38c00-4279-4eb1-9439-7000ced403f8" CHANGEID="51871872" NUMBER="6" APARTTYPE="2" OPERTYPEID="10" PREVID="0" NEXTID="111807349" UPDATEDATE="2025-09-30" STARTDATE="2018-10-05" ENDDATE="2025-09-30" ISACTUAL="0" ISACTIVE="0" /><APARTMENT ID="111807350" OBJECTID="34054757" OBJECTGUID="7c79c9c4-c192-4dfc-b405-70e5a81765b7" CHANGEID="689721587" NUMBER="1" APARTTYPE="2" OPERTYPEID="30" PREVID="19765156" NEXTID="0" UPDATEDATE="2025-09-30" STARTDATE="2025-09-30" ENDDATE="2079-06-06" ISACTUAL="1" ISACTIVE="0" /><APARTMENT ID="19765156" OBJECTID="34054757" OBJECTGUID="7c79c9c4-c192-4dfc-b405-70e5a81765b7" CHANGEID="51867419" NUMBER="1" APARTTYPE="2" OPERTYPEID="10" PREVID="0" NEXTID="111807350" UPDATEDATE="2025-09-30" STARTDATE="2018-10-05" ENDDATE="2025-09-30" ISACTUAL="0" ISACTIVE="0" /><APARTMENT ID="111807351" OBJECTID="34054770" OBJECTGUID="a355b640-6769-4df1-bc42-36725660f808" CHANGEID="689721588" NUMBER="2" APARTTYPE="2" OPERTYPEID="30" PREVID="19765165" NEXTID="0" UPDATEDATE="2025-09-30" STARTDATE="2025-09-30" ENDDATE="2079-06-06" ISACTUAL="1" ISACTIVE="0" /><APARTMENT ID="19765165" OBJECTID="34054770" OBJECTGUID="a355b640-6769-4df1-bc42-36725660f808" CHANGEID="51867439" NUMBER="2" APARTTYPE="2" OPERTYPEID="10" PREVID="0" NEXTID="111807351" UPDATEDATE="2025-09-30" STARTDATE="2018-10-05" ENDDATE="2025-09-30" ISACTUAL="0" ISACTIVE="0" /><APARTMENT ID="111807352" OBJECTID="34054697" OBJECTGUID="1d80cc38-4889-4f90-b5aa-8fda6e16fbc7" CHANGEID="689721590" NUMBER="3" APARTTYPE="2" OPERTYPEID="30" PREVID="19765124" NEXTID="0" UPDATEDATE="2025-09-30" STARTDATE="2025-09-30" ENDDATE="2079-06-06" ISACTUAL="1" ISACTIVE="0" /><APARTMENT ID="19765124" OBJECTID="34054697" OBJECTGUID="1d80cc38-4889-4f90-b5aa-8fda6e16fbc7" CHANGEID="51867334" NUMBER="3" APARTTYPE="2" OPERTYPEID="10" PREVID="0" NEXTID="111807352" UPDATEDATE="2025-09-30" STARTDATE="2018-10-05" ENDDATE="2025-09-30" ISACTUAL="0" ISACTIVE="0" /><APARTMENT ID="111807353" OBJECTID="34054716" OBJECTGUID="5a8e5544-189d-4e5f-80e2-20b098aff83c" CHANGEID="689721591" NUMBER="4" APARTTYPE="2" OPERTYPEID="30" PREVID="19765135" NEXTID="0" UPDATEDATE="2025-09-30" STARTDATE="2025-09-30" ENDDATE="2079-06-06" ISACTUAL="1" ISACTIVE="0" /><APARTMENT ID="19765135" OBJECTID="34054716" OBJECTGUID="5a8e5544-189d-4e5f-80e2-20b098aff83c" CHANGEID="51867361" NUMBER="4" APARTTYPE="2" OPERTYPEID="10" PREVID="0" NEXTID="111807353" UPDATEDATE="2025-09-30" STARTDATE="2018-10-05" ENDDATE="2025-09-30" ISACTUAL="0" ISACTIVE="0" /><APARTMENT ID="111807513" OBJECTID="26656384" OBJECTGUID="4f1621ab-e4fc-4aa1-acec-7259d54d6b28" CHANGEID="689723866" NUMBER="1" APARTTYPE="2" OPERTYPEID="30" PREVID="15182178" NEXTID="0" UPDATEDATE="2025-09-30" STARTDATE="2025-09-30" ENDDATE="2079-06-06" ISACTUAL="1" ISACTIVE="0" /><APARTMENT ID="111807514" OBJECTID="77213417" OBJECTGUID="3437da9c-65f7-4990-8adf-7b3e8d15a4c4" CHANGEID="689723868" NUMBER="1" APARTTYPE="2" OPERTYPEID="30" PREVID="46154398" NEXTID="0" UPDATEDATE="2025-09-30" STARTDATE="2025-09-30" ENDDATE="2079-06-06" ISACTUAL="1" ISACTIVE="0" /><APARTMENT ID="46154398" OBJECTID="77213417" OBJECTGUID="3437da9c-65f7-4990-8adf-7b3e8d15a4c4" CHANGEID="114834130" NUMBER="1" APARTTYPE="2" OPERTYPEID="10" PREVID="0" NEXTID="111807514" UPDATEDATE="2025-09-30" STARTDATE="2018-05-04" ENDDATE="2025-09-30" ISACTUAL="0" ISACTIVE="0" /><APARTMENT ID="111809792" OBJECTID="174964371" OBJECTGUID="8d837b47-a2bc-4b3f-8178-e49ded56d33f" CHANGEID="689743984" NUMBER="2" APARTTYPE="2" OPERTYPEID="10" PREVID="0" NEXTID="0" UPDATEDATE="2025-09-30" STARTDATE="2025-09-30" ENDDATE="2079-06-06" ISACTUAL="1" ISACTIVE="1" /><APARTMENT ID="111809793" OBJECTID="174964372" OBJECTGUID="9e459da1-264b-4987-bdf9-b28fd9cc7aec" CHANGEID="689743985" NUMBER="1" APARTTYPE="2" OPERTYPEID="10" PREVID="0" NEXTID="0" UPDATEDATE="2025-09-30" STARTDATE="2025-09-30" ENDDATE="2079-06-06" ISACTUAL="1" ISACTIVE="1" /><APARTMENT ID="111810349" OBJECTID="174965624" OBJECTGUID="6b7c754a-4b2d-4add-8210-977550c0d056" CHANGEID="689746780" NUMBER="2" APARTTYPE="2" OPERTYPEID="10" PREVID="0" NEXTID="0" UPDATEDATE="2025-09-30" STARTDATE="2025-09-30" ENDDATE="2079-06-06" ISACTUAL="1" ISACTIVE="1" /><APARTMENT ID="111810350" OBJECTID="174965625" OBJECTGUID="09cb4db8-41e6-4fcf-a9d3-cf844e0390e5" CHANGEID="689746796" NUMBER="2" APARTTYPE="2" OPERTYPEID="10" PREVID="0" NEXTID="0" UPDATEDATE="2025-09-30" STARTDATE="2025-09-30" ENDDATE="2079-06-06" ISACTUAL="1" ISACTIVE="1" /><APARTMENT ID="111810648" OBJECTID="174966579" OBJECTGUID="b10a70e1-81a8-446c-9a6c-5ddbf5c3ab4a" CHANGEID="689750027" NUMBER="25" APARTTYPE="2" OPERTYPEID="10" PREVID="0" NEXTID="0" UPDATEDATE="2025-09-30" STARTDATE="2025-09-30" ENDDATE="2079-06-06" ISACTUAL="1" ISACTIVE="1" /><APARTMENT ID="111810649" OBJECTID="174966580" OBJECTGUID="5621f81a-d30f-4b5b-a633-3230ca91c3d5" CHANGEID="689750028" NUMBER="22" APARTTYPE="2" OPERTYPEID="10" PREVID="0" NEXTID="0" UPDATEDATE="2025-09-30" STARTDATE="2025-09-30" ENDDATE="2079-06-06" ISACTUAL="1" ISACTIVE="1" /><APARTMENT ID="111810662" OBJECTID="26662101" OBJECTGUID="5da02b3a-0e33-4d59-b906-c87d14ba5d5b" CHANGEID="689750495" NUMBER="2" APARTTYPE="2" OPERTYPEID="30" PREVID="15185550" NEXTID="0" UPDATEDATE="2025-09-30" STARTDATE="2025-09-30" ENDDATE="2079-06-06" ISACTUAL="1" ISACTIVE="0" /><APARTMENT ID="111810663" OBJECTID="26662137" OBJECTGUID="8af2ba99-1a9c-448c-8c80-63221d5a23b6" CHANGEID="689750496" NUMBER="1" APARTTYPE="2" OPERTYPEID="30" PREVID="15185581" NEXTID="0" UPDATEDATE="2025-09-30" STARTDATE="2025-09-30" ENDDATE="2079-06-06" ISACTUAL="1" ISACTIVE="0" /><APARTMENT ID="15185581" OBJECTID="26662137" OBJECTGUID="8af2ba99-1a9c-448c-8c80-63221d5a23b6" CHANGEID="41162267" NUMBER="1" APARTTYPE="2" OPERTYPEID="10" PREVID="0" NEXTID="111810663" UPDATEDATE="2025-09-30" STARTDATE="2018-06-05" ENDDATE="2025-09-30" ISACTUAL="0" ISACTIVE="0" /><APARTMENT ID="111817423" OBJECTID="26656399" OBJECTGUID="68f451d0-ab98-46b8-a714-939646b81f95" CHANGEID="689812851" NUMBER="2" APARTTYPE="2" OPERTYPEID="55" PREVID="15182185" NEXTID="129189536" UPDATEDATE="2025-10-01" STARTDATE="2025-10-01" ENDDATE="2079-06-06" ISACTUAL="1" ISACTIVE="0" /><APARTMENT ID="111817424" OBJECTID="4736163" OBJECTGUID="d80308f3-e9c8-43a8-9e2f-a1c1462629db" CHANGEID="689812856" NUMBER="2" APARTTYPE="2" OPERTYPEID="55" PREVID="2022990" NEXTID="129189538" UPDATEDATE="2025-10-01" STARTDATE="2025-10-01" ENDDATE="2079-06-06" ISACTUAL="1" ISACTIVE="0" /><APARTMENT ID="111817425" OBJECTID="55764472" OBJECTGUID="5b35c706-430f-4905-a99f-257f42a875ba" CHANGEID="689812862" NUMBER="1" APARTTYPE="2" OPERTYPEID="55" PREVID="33159385" NEXTID="129189540" UPDATEDATE="2025-10-01" STARTDATE="2025-10-01" ENDDATE="2079-06-06" ISACTUAL="1" ISACTIVE="0" /><APARTMENT ID="111818764" OBJECTID="10706237" OBJECTGUID="8be00438-2e64-4e3f-a13b-91c9b14de6e7" CHANGEID="689819466" NUMBER="2" APARTTYPE="2" OPERTYPEID="30" PREVID="5652058" NEXTID="0" UPDATEDATE="2025-10-01" STARTDATE="2025-10-01" ENDDATE="2079-06-06" ISACTUAL="1" ISACTIVE="0" /><APARTMENT ID="5652058" OBJECTID="10706237" OBJECTGUID="8be00438-2e64-4e3f-a13b-91c9b14de6e7" CHANGEID="17535047" NUMBER="2" APARTTYPE="2" OPERTYPEID="10" PREVID="0" NEXTID="111818764" UPDATEDATE="2025-10-01" STARTDATE="2019-09-24" ENDDATE="2025-10-01" ISACTUAL="0" ISACTIVE="0" /></APARTMENTS>