﻿<?xml version="1.0" encoding="utf-8"?><STEADS><STEAD ID="74170185" OBJECTID="174922657" OBJECTGUID="d939ae09-b3ba-4e82-86f2-d3582fe0ff9d" CHANGEID="689650442" NUMBER="22" OPERTYPEID="10" PREVID="0" NEXTID="0" UPDATEDATE="2025-09-29" STARTDATE="2025-09-29" ENDDATE="2079-06-06" ISACTUAL="1" ISACTIVE="1" /><STEAD ID="74170186" OBJECTID="174922667" OBJECTGUID="4d81eca3-0396-43cd-9071-bd527cad992e" CHANGEID="689650452" NUMBER="19" OPERTYPEID="10" PREVID="0" NEXTID="0" UPDATEDATE="2025-09-29" STARTDATE="2025-09-29" ENDDATE="2079-06-06" ISACTUAL="1" ISACTIVE="1" /><STEAD ID="74170187" OBJECTID="174922668" OBJECTGUID="eb23b6af-2064-48b1-8a17-57b4fb7c8dd4" CHANGEID="689650453" NUMBER="21" OPERTYPEID="10" PREVID="0" NEXTID="0" UPDATEDATE="2025-09-29" STARTDATE="2025-09-29" ENDDATE="2079-06-06" ISACTUAL="1" ISACTIVE="1" /><STEAD ID="74170188" OBJECTID="174922669" OBJECTGUID="b2eadd75-3468-4ea5-addf-77236ea0337a" CHANGEID="689650454" NUMBER="25" OPERTYPEID="10" PREVID="0" NEXTID="0" UPDATEDATE="2025-09-29" STARTDATE="2025-09-29" ENDDATE="2079-06-06" ISACTUAL="1" ISACTIVE="1" /><STEAD ID="74170189" OBJECTID="174922670" OBJECTGUID="c8a4cc4d-b984-4209-ae97-f2f1de6cb5c6" CHANGEID="689650455" NUMBER="27" OPERTYPEID="10" PREVID="0" NEXTID="0" UPDATEDATE="2025-09-29" STARTDATE="2025-09-29" ENDDATE="2079-06-06" ISACTUAL="1" ISACTIVE="1" /><STEAD ID="74170190" OBJECTID="174922671" OBJECTGUID="c50e45d6-a168-41f4-84e3-6f34f6fe3645" CHANGEID="689650456" NUMBER="23" OPERTYPEID="10" PREVID="0" NEXTID="0" UPDATEDATE="2025-09-29" STARTDATE="2025-09-29" ENDDATE="2079-06-06" ISACTUAL="1" ISACTIVE="1" /><STEAD ID="74170191" OBJECTID="174922672" OBJECTGUID="dfe30408-a953-48f1-80dc-5a9ac813a452" CHANGEID="689650457" NUMBER="24" OPERTYPEID="10" PREVID="0" NEXTID="0" UPDATEDATE="2025-09-29" STARTDATE="2025-09-29" ENDDATE="2079-06-06" ISACTUAL="1" ISACTIVE="1" /><STEAD ID="74194325" OBJECTID="174967393" OBJECTGUID="fbea0b83-63ec-406f-9818-35d0de7653fc" CHANGEID="689751937" NUMBER="35" OPERTYPEID="10" PREVID="0" NEXTID="0" UPDATEDATE="2025-09-30" STARTDATE="2025-09-30" ENDDATE="2079-06-06" ISACTUAL="1" ISACTIVE="1" /></STEADS>