﻿<?xml version="1.0" encoding="utf-8"?><REESTR_OBJECTS><OBJECT OBJECTID="55517092" OBJECTGUID="d7b89de4-77e2-4e34-bf64-055f110c1038" CHANGEID="689738883" ISACTIVE="1" LEVELID="10" CREATEDATE="2017-12-15" UPDATEDATE="2025-09-30" /><OBJECT OBJECTID="55538326" OBJECTGUID="a250a013-cee8-4a7a-9f9c-6e7e69c2555c" CHANGEID="689758245" ISACTIVE="1" LEVELID="10" CREATEDATE="2017-12-15" UPDATEDATE="2025-09-30" /><OBJECT OBJECTID="55446581" OBJECTGUID="3280b60d-0c4d-45ab-84ff-b964e64a26d6" CHANGEID="689804645" ISACTIVE="1" LEVELID="10" CREATEDATE="2017-12-15" UPDATEDATE="2025-10-01" /><OBJECT OBJECTID="55463214" OBJECTGUID="baeb329a-7068-42c4-8d6a-d8d910f72d1f" CHANGEID="689801448" ISACTIVE="1" LEVELID="10" CREATEDATE="2017-12-15" UPDATEDATE="2025-10-01" /><OBJECT OBJECTID="55470799" OBJECTGUID="78bd3f02-461e-4665-8cbc-f2c5d8768fe0" CHANGEID="689738890" ISACTIVE="1" LEVELID="10" CREATEDATE="2017-12-15" UPDATEDATE="2025-09-30" /><OBJECT OBJECTID="55472849" OBJECTGUID="45a4ea4e-7bf8-4726-87d1-fad0f33b3793" CHANGEID="689759081" ISACTIVE="1" LEVELID="10" CREATEDATE="2017-12-15" UPDATEDATE="2025-09-30" /><OBJECT OBJECTID="55531757" OBJECTGUID="7ced436f-dd1f-4cb1-bb44-617a51d6f58a" CHANGEID="689805061" ISACTIVE="1" LEVELID="10" CREATEDATE="2017-12-15" UPDATEDATE="2025-10-01" /><OBJECT OBJECTID="55526757" OBJECTGUID="63f5abbf-e257-45c4-8c22-3be3650b2ddb" CHANGEID="689738899" ISACTIVE="1" LEVELID="10" CREATEDATE="2017-12-15" UPDATEDATE="2025-09-30" /><OBJECT OBJECTID="55519730" OBJECTGUID="1ef301f7-d425-45c7-b16c-0c51837ca49b" CHANGEID="689804029" ISACTIVE="1" LEVELID="10" CREATEDATE="2017-12-15" UPDATEDATE="2025-10-01" /><OBJECT OBJECTID="174915270" OBJECTGUID="f0ad7c45-2107-4fa5-a7e9-7cdd84e30dab" CHANGEID="689637217" ISACTIVE="1" LEVELID="9" CREATEDATE="2025-09-29" UPDATEDATE="2025-09-29" /><OBJECT OBJECTID="174915284" OBJECTGUID="127e25e0-4546-493b-8db4-6adb20a721ce" CHANGEID="689637233" ISACTIVE="1" LEVELID="9" CREATEDATE="2025-09-29" UPDATEDATE="2025-09-29" /><OBJECT OBJECTID="174924705" OBJECTGUID="0fd55134-2842-4f7a-98dc-537092c0d6f7" CHANGEID="689653347" ISACTIVE="1" LEVELID="10" CREATEDATE="2025-09-29" UPDATEDATE="2025-09-29" /><OBJECT OBJECTID="174924715" OBJECTGUID="797e2974-8f55-48ca-8af4-63f52eacd185" CHANGEID="689653360" ISACTIVE="1" LEVELID="9" CREATEDATE="2025-09-29" UPDATEDATE="2025-09-29" /><OBJECT OBJECTID="174924726" OBJECTGUID="0b4d7f81-abf5-492d-9ae8-c521e2b9bb7a" CHANGEID="689653375" ISACTIVE="1" LEVELID="10" CREATEDATE="2025-09-29" UPDATEDATE="2025-09-29" /><OBJECT OBJECTID="174931518" OBJECTGUID="689327cc-034a-4d9f-abf5-f2c009c28706" CHANGEID="689671453" ISACTIVE="1" LEVELID="10" CREATEDATE="2025-09-29" UPDATEDATE="2025-09-29" /><OBJECT OBJECTID="174937511" OBJECTGUID="d1833da3-4b50-49d7-b754-16a023a9a468" CHANGEID="689683314" ISACTIVE="1" LEVELID="9" CREATEDATE="2025-09-29" UPDATEDATE="2025-09-29" /><OBJECT OBJECTID="174943085" OBJECTGUID="ddb26e03-868f-4e00-b5a3-b2a9b100abd1" CHANGEID="689695912" ISACTIVE="1" LEVELID="10" CREATEDATE="2025-09-29" UPDATEDATE="2025-09-29" /><OBJECT OBJECTID="174944105" OBJECTGUID="6fef391b-6694-4c55-8bd3-22c1044a8366" CHANGEID="689697546" ISACTIVE="1" LEVELID="10" CREATEDATE="2025-09-29" UPDATEDATE="2025-09-29" /><OBJECT OBJECTID="174944874" OBJECTGUID="ac79e96e-7aaa-40ba-a934-e7d8b4d6cee0" CHANGEID="689699891" ISACTIVE="1" LEVELID="10" CREATEDATE="2025-09-29" UPDATEDATE="2025-09-29" /><OBJECT OBJECTID="174944883" OBJECTGUID="307213ab-2ac0-43bb-8fbd-eb9b987b384a" CHANGEID="689699937" ISACTIVE="1" LEVELID="10" CREATEDATE="2025-09-29" UPDATEDATE="2025-09-29" /><OBJECT OBJECTID="174967407" OBJECTGUID="b75be871-0eeb-47e1-8e85-b0ff6bd2c8a8" CHANGEID="689751999" ISACTIVE="1" LEVELID="9" CREATEDATE="2025-09-30" UPDATEDATE="2025-09-30" /><OBJECT OBJECTID="55520013" OBJECTGUID="2d7a13e5-de4a-4e74-87f5-141ee890e5e1" CHANGEID="689756297" ISACTIVE="1" LEVELID="10" CREATEDATE="2017-12-15" UPDATEDATE="2025-09-30" /><OBJECT OBJECTID="55545456" OBJECTGUID="f6f70070-9885-44a3-a4bd-7a9d1d4c3c3a" CHANGEID="689803802" ISACTIVE="1" LEVELID="10" CREATEDATE="2017-12-15" UPDATEDATE="2025-10-01" /><OBJECT OBJECTID="55558353" OBJECTGUID="34b5951f-0a0c-40e2-8034-b40f561e6396" CHANGEID="689804929" ISACTIVE="1" LEVELID="10" CREATEDATE="2017-12-15" UPDATEDATE="2025-10-01" /><OBJECT OBJECTID="174984671" OBJECTGUID="7aa7e9e0-dd8e-41e3-b9f5-c7c7c7ff401b" CHANGEID="689806511" ISACTIVE="1" LEVELID="9" CREATEDATE="2025-10-01" UPDATEDATE="2025-10-01" /><OBJECT OBJECTID="174985537" OBJECTGUID="ede4bd79-75fd-464e-a463-d44a1b2ddbfb" CHANGEID="689808497" ISACTIVE="1" LEVELID="10" CREATEDATE="2025-10-01" UPDATEDATE="2025-10-01" /><OBJECT OBJECTID="174991760" OBJECTGUID="5545444a-d36f-4eac-a1e7-3096ff22a33f" CHANGEID="689819651" ISACTIVE="1" LEVELID="10" CREATEDATE="2025-10-01" UPDATEDATE="2025-10-01" /><OBJECT OBJECTID="174991761" OBJECTGUID="868026d6-5074-4e70-95e8-ac9cba3906e5" CHANGEID="689819654" ISACTIVE="1" LEVELID="9" CREATEDATE="2025-10-01" UPDATEDATE="2025-10-01" /><OBJECT OBJECTID="174993006" OBJECTGUID="a6a117c9-b35f-4ebb-81e7-1f8676780d45" CHANGEID="689825613" ISACTIVE="1" LEVELID="10" CREATEDATE="2025-10-01" UPDATEDATE="2025-10-01" /><OBJECT OBJECTID="37818319" OBJECTGUID="d324e4da-c025-4df1-b4c6-f23d71e71879" CHANGEID="689718420" ISACTIVE="0" LEVELID="10" CREATEDATE="2019-12-14" UPDATEDATE="2025-09-30" /><OBJECT OBJECTID="55448543" OBJECTGUID="74b477a6-5ad0-4541-ae26-c130878e3d53" CHANGEID="689801636" ISACTIVE="1" LEVELID="10" CREATEDATE="2017-12-15" UPDATEDATE="2025-10-01" /><OBJECT OBJECTID="55468710" OBJECTGUID="45b1b941-f7ba-43c3-943c-ecc834b7c47f" CHANGEID="689757232" ISACTIVE="1" LEVELID="10" CREATEDATE="2017-12-15" UPDATEDATE="2025-09-30" /><OBJECT OBJECTID="55452804" OBJECTGUID="d62262fa-1de2-497c-857f-d0eaca6fac6d" CHANGEID="689758003" ISACTIVE="1" LEVELID="10" CREATEDATE="2017-12-15" UPDATEDATE="2025-09-30" /><OBJECT OBJECTID="55473565" OBJECTGUID="29878615-0664-429b-8eec-ff8de5817175" CHANGEID="689803733" ISACTIVE="1" LEVELID="10" CREATEDATE="2017-12-15" UPDATEDATE="2025-10-01" /><OBJECT OBJECTID="55525175" OBJECTGUID="0d29881c-df14-4f75-83b9-1fdbe3dc5689" CHANGEID="689756793" ISACTIVE="1" LEVELID="10" CREATEDATE="2017-12-15" UPDATEDATE="2025-09-30" /><OBJECT OBJECTID="55537888" OBJECTGUID="317b34ff-aae0-4f71-b59c-6d9f7cc2ebbd" CHANGEID="689738878" ISACTIVE="1" LEVELID="10" CREATEDATE="2017-12-15" UPDATEDATE="2025-09-30" /><OBJECT OBJECTID="55534365" OBJECTGUID="c6a2a52b-0714-467e-a326-66be0f31dc4a" CHANGEID="689757367" ISACTIVE="1" LEVELID="10" CREATEDATE="2017-12-15" UPDATEDATE="2025-09-30" /><OBJECT OBJECTID="55553491" OBJECTGUID="5cf753c9-2bfd-412f-b218-8a77e6b7fb68" CHANGEID="689759011" ISACTIVE="1" LEVELID="10" CREATEDATE="2017-12-15" UPDATEDATE="2025-09-30" /></REESTR_OBJECTS>