﻿<?xml version="1.0" encoding="utf-8"?><REESTR_OBJECTS><OBJECT OBJECTID="27995397" OBJECTGUID="0016b28d-9a24-4d4e-89d4-1f0225f90436" CHANGEID="689720723" ISACTIVE="1" LEVELID="10" CREATEDATE="2016-05-26" UPDATEDATE="2025-09-30" /><OBJECT OBJECTID="5873392" OBJECTGUID="bad32aad-f6d5-4cd1-b28b-51a1f9e204b8" CHANGEID="689778635" ISACTIVE="1" LEVELID="10" CREATEDATE="2017-12-18" UPDATEDATE="2025-10-01" /><OBJECT OBJECTID="99124834" OBJECTGUID="d048bee2-7ce4-4df1-8e60-214d1b9bbc3c" CHANGEID="689778621" ISACTIVE="1" LEVELID="10" CREATEDATE="2020-11-17" UPDATEDATE="2025-10-01" /><OBJECT OBJECTID="158594978" OBJECTGUID="ff946c31-9f03-477c-9402-7c34b129e854" CHANGEID="689705967" ISACTIVE="0" LEVELID="9" CREATEDATE="2023-04-14" UPDATEDATE="2025-09-30" /><OBJECT OBJECTID="32896643" OBJECTGUID="8d378a3b-5d4c-4b1f-9dab-7b29f01213bb" CHANGEID="689782629" ISACTIVE="1" LEVELID="10" CREATEDATE="2019-07-14" UPDATEDATE="2025-10-01" /><OBJECT OBJECTID="11638008" OBJECTGUID="25c3b4e4-61d9-42e7-b853-3373b91e5051" CHANGEID="689702480" ISACTIVE="1" LEVELID="10" CREATEDATE="2017-09-29" UPDATEDATE="2025-09-30" /><OBJECT OBJECTID="20889732" OBJECTGUID="ca5ef604-34c0-4673-acf5-f5da5d0d1b2e" CHANGEID="689778599" ISACTIVE="1" LEVELID="10" CREATEDATE="2017-06-05" UPDATEDATE="2025-10-01" /><OBJECT OBJECTID="32887952" OBJECTGUID="7787abe6-738a-416e-ab3e-6a91527df950" CHANGEID="689792841" ISACTIVE="1" LEVELID="10" CREATEDATE="2019-07-14" UPDATEDATE="2025-10-01" /><OBJECT OBJECTID="27777397" OBJECTGUID="8dae38e8-c0ce-445f-a13e-8fb789baeb3c" CHANGEID="689702702" ISACTIVE="1" LEVELID="10" CREATEDATE="2019-07-14" UPDATEDATE="2025-09-30" /><OBJECT OBJECTID="158640628" OBJECTGUID="e419e690-0ce6-4664-a98e-85a784a784d5" CHANGEID="689702994" ISACTIVE="1" LEVELID="10" CREATEDATE="2023-04-19" UPDATEDATE="2025-09-30" /><OBJECT OBJECTID="52181635" OBJECTGUID="56576796-f416-4043-997e-fefa2b7870fe" CHANGEID="689778604" ISACTIVE="1" LEVELID="10" CREATEDATE="2016-08-25" UPDATEDATE="2025-10-01" /><OBJECT OBJECTID="54994370" OBJECTGUID="34ca533c-4aa2-42fb-9cf4-64b922f9ab29" CHANGEID="689623599" ISACTIVE="1" LEVELID="10" CREATEDATE="2019-07-14" UPDATEDATE="2025-09-29" /><OBJECT OBJECTID="174500048" OBJECTGUID="16f8dd0e-c1f0-4545-a9ba-84c2c95b985c" CHANGEID="689702738" ISACTIVE="1" LEVELID="10" CREATEDATE="2025-09-08" UPDATEDATE="2025-09-30" /><OBJECT OBJECTID="22035090" OBJECTGUID="9d8ab464-bc67-435e-9d44-fc0ced2f48c2" CHANGEID="689790347" ISACTIVE="1" LEVELID="10" CREATEDATE="2019-07-14" UPDATEDATE="2025-10-01" /><OBJECT OBJECTID="5841060" OBJECTGUID="d6a93fb5-9e71-4da2-8c0d-2dc9d74d35ff" CHANGEID="689778637" ISACTIVE="1" LEVELID="10" CREATEDATE="2017-07-05" UPDATEDATE="2025-10-01" /><OBJECT OBJECTID="23476175" OBJECTGUID="a66cbca7-60d6-4b3d-9c76-a0a3854aa426" CHANGEID="689702694" ISACTIVE="1" LEVELID="10" CREATEDATE="2019-07-14" UPDATEDATE="2025-09-30" /><OBJECT OBJECTID="12920209" OBJECTGUID="e98042a1-18c9-41a4-b284-c137fe9d8708" CHANGEID="689782652" ISACTIVE="1" LEVELID="10" CREATEDATE="2018-05-28" UPDATEDATE="2025-10-01" /><OBJECT OBJECTID="76742222" OBJECTGUID="d5030ba9-cb81-49ea-b962-1deff7e39813" CHANGEID="689719980" ISACTIVE="1" LEVELID="10" CREATEDATE="2016-05-30" UPDATEDATE="2025-09-30" /><OBJECT OBJECTID="80440324" OBJECTGUID="7ffce4e6-e8b3-4c38-8486-8a5d1106c4cd" CHANGEID="689777847" ISACTIVE="0" LEVELID="10" CREATEDATE="2019-07-14" UPDATEDATE="2025-10-01" /><OBJECT OBJECTID="3972823" OBJECTGUID="83105cf3-d6a5-472a-b89b-8e04c65b461c" CHANGEID="689778296" ISACTIVE="1" LEVELID="10" CREATEDATE="2019-07-14" UPDATEDATE="2025-10-01" /><OBJECT OBJECTID="76838521" OBJECTGUID="7f0b64b8-027b-4de6-81ce-75ed9fcaeaf0" CHANGEID="689720146" ISACTIVE="1" LEVELID="10" CREATEDATE="2019-07-14" UPDATEDATE="2025-09-30" /><OBJECT OBJECTID="11126482" OBJECTGUID="6e4de1e3-61e5-4bdb-aed5-ece44e7a6f57" CHANGEID="689782274" ISACTIVE="0" LEVELID="10" CREATEDATE="2019-07-14" UPDATEDATE="2025-10-01" /><OBJECT OBJECTID="17412546" OBJECTGUID="a79a2b9f-bbe7-4919-a0c5-9a3a0d72d2d3" CHANGEID="689779707" ISACTIVE="1" LEVELID="10" CREATEDATE="2017-12-18" UPDATEDATE="2025-10-01" /><OBJECT OBJECTID="103495718" OBJECTGUID="f5795a13-2b9c-4cb5-a126-a63703ea48de" CHANGEID="689778346" ISACTIVE="1" LEVELID="10" CREATEDATE="2022-01-18" UPDATEDATE="2025-10-01" /><OBJECT OBJECTID="70024235" OBJECTGUID="d99aedd0-0122-41b5-a198-f09c4ce604cd" CHANGEID="689623595" ISACTIVE="1" LEVELID="10" CREATEDATE="2019-07-14" UPDATEDATE="2025-09-29" /><OBJECT OBJECTID="72592023" OBJECTGUID="6fe2cbf5-f76e-4211-ba70-f67960b5aed6" CHANGEID="689778615" ISACTIVE="1" LEVELID="10" CREATEDATE="2017-12-18" UPDATEDATE="2025-10-01" /><OBJECT OBJECTID="73035801" OBJECTGUID="8ba174ef-a29b-4ceb-ac78-dfde0e12c205" CHANGEID="689789940" ISACTIVE="1" LEVELID="10" CREATEDATE="2018-09-19" UPDATEDATE="2025-10-01" /><OBJECT OBJECTID="76705853" OBJECTGUID="848ace7a-b9c1-4d39-815a-9cd42bfdd6a4" CHANGEID="689720151" ISACTIVE="1" LEVELID="10" CREATEDATE="2019-07-14" UPDATEDATE="2025-09-30" /><OBJECT OBJECTID="28065543" OBJECTGUID="ffa43ad1-208f-439d-90df-0815bb0fdd9b" CHANGEID="689643586" ISACTIVE="1" LEVELID="10" CREATEDATE="2018-05-31" UPDATEDATE="2025-09-29" /><OBJECT OBJECTID="84979939" OBJECTGUID="eb736443-47ff-4246-aeb6-db6ac371fbc8" CHANGEID="689783711" ISACTIVE="1" LEVELID="9" CREATEDATE="2019-03-25" UPDATEDATE="2025-10-01" /><OBJECT OBJECTID="91612641" OBJECTGUID="f4c512dc-1789-4e68-b0fe-f64afe10a8bb" CHANGEID="689667218" ISACTIVE="1" LEVELID="9" CREATEDATE="2019-03-25" UPDATEDATE="2025-09-29" /><OBJECT OBJECTID="174909654" OBJECTGUID="d11b68f2-c9c1-40b1-a9e7-5a86a40b4ebe" CHANGEID="689623903" ISACTIVE="1" LEVELID="10" CREATEDATE="2025-09-29" UPDATEDATE="2025-09-29" /><OBJECT OBJECTID="174909655" OBJECTGUID="ccd2390d-c3e4-428a-abf3-4644ef43af84" CHANGEID="689623904" ISACTIVE="1" LEVELID="10" CREATEDATE="2025-09-29" UPDATEDATE="2025-09-29" /><OBJECT OBJECTID="174909656" OBJECTGUID="17e8a236-1d39-4a0b-b68b-3e09494b0728" CHANGEID="689623905" ISACTIVE="1" LEVELID="10" CREATEDATE="2025-09-29" UPDATEDATE="2025-09-29" /><OBJECT OBJECTID="174909657" OBJECTGUID="0ef9a121-e645-4155-8811-60cd9bf602f4" CHANGEID="689623906" ISACTIVE="1" LEVELID="10" CREATEDATE="2025-09-29" UPDATEDATE="2025-09-29" /><OBJECT OBJECTID="174909658" OBJECTGUID="85a1320a-2bf0-4a5d-a9f9-79829fe3b858" CHANGEID="689623907" ISACTIVE="1" LEVELID="10" CREATEDATE="2025-09-29" UPDATEDATE="2025-09-29" /><OBJECT OBJECTID="174909659" OBJECTGUID="aded273b-7469-4411-9e9e-6d3fc4b18dc1" CHANGEID="689623908" ISACTIVE="1" LEVELID="10" CREATEDATE="2025-09-29" UPDATEDATE="2025-09-29" /><OBJECT OBJECTID="174909660" OBJECTGUID="25189dfe-19e7-4370-99a5-2920e82acaf5" CHANGEID="689623909" ISACTIVE="1" LEVELID="10" CREATEDATE="2025-09-29" UPDATEDATE="2025-09-29" /><OBJECT OBJECTID="174909661" OBJECTGUID="32a187b5-999f-4b3b-9a39-8dfe8a3a1767" CHANGEID="689623910" ISACTIVE="1" LEVELID="10" CREATEDATE="2025-09-29" UPDATEDATE="2025-09-29" /><OBJECT OBJECTID="174909662" OBJECTGUID="04669b53-828a-4918-9538-4cd9af122aa2" CHANGEID="689623911" ISACTIVE="1" LEVELID="10" CREATEDATE="2025-09-29" UPDATEDATE="2025-09-29" /><OBJECT OBJECTID="174909663" OBJECTGUID="7443d52a-868d-4eb5-ac31-e49d6bb25e60" CHANGEID="689623912" ISACTIVE="1" LEVELID="10" CREATEDATE="2025-09-29" UPDATEDATE="2025-09-29" /><OBJECT OBJECTID="174909414" OBJECTGUID="706947fe-d081-42f7-b02f-f09fffcd51c9" CHANGEID="689623570" ISACTIVE="1" LEVELID="10" CREATEDATE="2025-09-29" UPDATEDATE="2025-09-29" /><OBJECT OBJECTID="79092187" OBJECTGUID="cef7113d-b342-4628-8dcf-a22b71798dc3" CHANGEID="689623596" ISACTIVE="1" LEVELID="10" CREATEDATE="2019-07-14" UPDATEDATE="2025-09-29" /><OBJECT OBJECTID="174909455" OBJECTGUID="d88af910-8e4c-4e46-988c-b7f5c66eb65f" CHANGEID="689623620" ISACTIVE="1" LEVELID="9" CREATEDATE="2025-09-29" UPDATEDATE="2025-09-29" /><OBJECT OBJECTID="174909456" OBJECTGUID="740c5645-69b4-4089-9b03-22890b52bf2d" CHANGEID="689623621" ISACTIVE="1" LEVELID="9" CREATEDATE="2025-09-29" UPDATEDATE="2025-09-29" /><OBJECT OBJECTID="76837308" OBJECTGUID="5e009d9c-d6af-4f63-8ad9-71b8d72ec9ab" CHANGEID="689623668" ISACTIVE="1" LEVELID="10" CREATEDATE="2019-07-14" UPDATEDATE="2025-09-29" /><OBJECT OBJECTID="174909651" OBJECTGUID="977c59c8-3b2d-4eca-9594-99061d45db21" CHANGEID="689623900" ISACTIVE="1" LEVELID="9" CREATEDATE="2025-09-29" UPDATEDATE="2025-09-29" /><OBJECT OBJECTID="174909652" OBJECTGUID="072d0d7d-c7b4-41f6-990b-ec5adafaf2dc" CHANGEID="689623901" ISACTIVE="1" LEVELID="9" CREATEDATE="2025-09-29" UPDATEDATE="2025-09-29" /><OBJECT OBJECTID="174909653" OBJECTGUID="835efe41-5a81-4ce7-b9ef-8640db1ea1b1" CHANGEID="689623902" ISACTIVE="1" LEVELID="10" CREATEDATE="2025-09-29" UPDATEDATE="2025-09-29" /><OBJECT OBJECTID="174909748" OBJECTGUID="4a29e635-8d20-4d44-8236-e058a3617dd1" CHANGEID="689623999" ISACTIVE="1" LEVELID="10" CREATEDATE="2025-09-29" UPDATEDATE="2025-09-29" /><OBJECT OBJECTID="174910110" OBJECTGUID="2e6a7a7d-fd25-459f-abcb-a3d175ce4a0b" CHANGEID="689624637" ISACTIVE="1" LEVELID="10" CREATEDATE="2025-09-29" UPDATEDATE="2025-09-29" /><OBJECT OBJECTID="174910146" OBJECTGUID="0f3c15bf-c876-4692-bb0a-0a265b50fa24" CHANGEID="689624682" ISACTIVE="1" LEVELID="9" CREATEDATE="2025-09-29" UPDATEDATE="2025-09-29" /><OBJECT OBJECTID="174911571" OBJECTGUID="988d4dbb-8fee-4e85-9c22-bba8894a1a97" CHANGEID="689628595" ISACTIVE="1" LEVELID="10" CREATEDATE="2025-09-29" UPDATEDATE="2025-09-29" /><OBJECT OBJECTID="174911572" OBJECTGUID="272aab0c-df62-4308-b236-4048518c8277" CHANGEID="689628596" ISACTIVE="1" LEVELID="10" CREATEDATE="2025-09-29" UPDATEDATE="2025-09-29" /><OBJECT OBJECTID="14240877" OBJECTGUID="7dd5269f-efc0-4408-9adc-8ac702e19891" CHANGEID="689628606" ISACTIVE="1" LEVELID="10" CREATEDATE="2017-12-18" UPDATEDATE="2025-09-29" /><OBJECT OBJECTID="174911573" OBJECTGUID="021c5a62-9274-4a57-839d-ceaefee2e4e7" CHANGEID="689628598" ISACTIVE="1" LEVELID="10" CREATEDATE="2025-09-29" UPDATEDATE="2025-09-29" /><OBJECT OBJECTID="174911982" OBJECTGUID="769ae0b1-6daf-44c9-8a83-1efa92a7b8e3" CHANGEID="689629548" ISACTIVE="1" LEVELID="9" CREATEDATE="2025-09-29" UPDATEDATE="2025-09-29" /><OBJECT OBJECTID="174911981" OBJECTGUID="64337830-328f-47b5-80a4-a7d9b0bdb0f1" CHANGEID="689629547" ISACTIVE="1" LEVELID="10" CREATEDATE="2025-09-29" UPDATEDATE="2025-09-29" /><OBJECT OBJECTID="174912568" OBJECTGUID="40ec8bbd-0cfd-4a73-888e-24e37bf58296" CHANGEID="689630842" ISACTIVE="1" LEVELID="10" CREATEDATE="2025-09-29" UPDATEDATE="2025-09-29" /><OBJECT OBJECTID="174915053" OBJECTGUID="0116e1c5-f8da-407f-9235-69eb6d6e6cc3" CHANGEID="689636790" ISACTIVE="1" LEVELID="9" CREATEDATE="2025-09-29" UPDATEDATE="2025-09-29" /><OBJECT OBJECTID="174915054" OBJECTGUID="17c82e05-d359-4048-8c46-5f12d6909dd4" CHANGEID="689636791" ISACTIVE="1" LEVELID="9" CREATEDATE="2025-09-29" UPDATEDATE="2025-09-29" /><OBJECT OBJECTID="174915055" OBJECTGUID="3f891a37-14d7-4877-9059-00505598818a" CHANGEID="689636792" ISACTIVE="1" LEVELID="9" CREATEDATE="2025-09-29" UPDATEDATE="2025-09-29" /><OBJECT OBJECTID="174915056" OBJECTGUID="ffd62622-3ebd-4d5f-a791-8fad3dd0e4de" CHANGEID="689636793" ISACTIVE="1" LEVELID="9" CREATEDATE="2025-09-29" UPDATEDATE="2025-09-29" /><OBJECT OBJECTID="174915057" OBJECTGUID="bab0353c-3333-4f7c-8575-3e1f1c447086" CHANGEID="689636794" ISACTIVE="1" LEVELID="9" CREATEDATE="2025-09-29" UPDATEDATE="2025-09-29" /><OBJECT OBJECTID="5891748" OBJECTGUID="60ed8a1d-caf1-42d1-810f-22da2aaa8951" CHANGEID="689778633" ISACTIVE="1" LEVELID="10" CREATEDATE="2017-12-17" UPDATEDATE="2025-10-01" /><OBJECT OBJECTID="174918367" OBJECTGUID="7f036daf-c72f-416f-97ce-9a92d1d9b1c9" CHANGEID="689643500" ISACTIVE="1" LEVELID="10" CREATEDATE="2025-09-29" UPDATEDATE="2025-09-29" /><OBJECT OBJECTID="174918411" OBJECTGUID="9d7c93eb-e3b5-4aff-94dc-2161c9bde7dc" CHANGEID="689643603" ISACTIVE="1" LEVELID="9" CREATEDATE="2025-09-29" UPDATEDATE="2025-09-29" /><OBJECT OBJECTID="174918536" OBJECTGUID="7cacf681-ad65-4bf3-bb9c-252cafe31e86" CHANGEID="689643906" ISACTIVE="1" LEVELID="9" CREATEDATE="2025-09-29" UPDATEDATE="2025-09-29" /><OBJECT OBJECTID="174918560" OBJECTGUID="f926c32d-84b1-4be7-9d9d-1231b2204dac" CHANGEID="689643935" ISACTIVE="1" LEVELID="9" CREATEDATE="2025-09-29" UPDATEDATE="2025-09-29" /><OBJECT OBJECTID="174918565" OBJECTGUID="4a12f916-5bd6-4d39-8bf2-8a79c23880d6" CHANGEID="689643940" ISACTIVE="1" LEVELID="9" CREATEDATE="2025-09-29" UPDATEDATE="2025-09-29" /><OBJECT OBJECTID="174918607" OBJECTGUID="143e6374-7e97-44ae-9ecc-805aba15b3f4" CHANGEID="689644019" ISACTIVE="1" LEVELID="9" CREATEDATE="2025-09-29" UPDATEDATE="2025-09-29" /><OBJECT OBJECTID="174923688" OBJECTGUID="2d99cdee-87f2-4cb1-b63e-42c50c285e20" CHANGEID="689651923" ISACTIVE="1" LEVELID="9" CREATEDATE="2025-09-29" UPDATEDATE="2025-09-29" /><OBJECT OBJECTID="174925688" OBJECTGUID="e0e65443-8bf5-4035-b5f6-a2e7f5a59652" CHANGEID="689655149" ISACTIVE="1" LEVELID="9" CREATEDATE="2025-09-29" UPDATEDATE="2025-09-29" /><OBJECT OBJECTID="174925689" OBJECTGUID="daa1d5bd-6dd7-4b6c-81de-37154d6db5bd" CHANGEID="689655150" ISACTIVE="1" LEVELID="9" CREATEDATE="2025-09-29" UPDATEDATE="2025-09-29" /><OBJECT OBJECTID="174925690" OBJECTGUID="2432102e-b693-41c4-8917-c2d6f6a6a6d1" CHANGEID="689655151" ISACTIVE="1" LEVELID="10" CREATEDATE="2025-09-29" UPDATEDATE="2025-09-29" /><OBJECT OBJECTID="174926184" OBJECTGUID="ffb374c0-ca0a-44f0-a1ca-d382c1bd23ec" CHANGEID="689655903" ISACTIVE="1" LEVELID="9" CREATEDATE="2025-09-29" UPDATEDATE="2025-09-29" /><OBJECT OBJECTID="78074852" OBJECTGUID="1f5dfa3a-5023-4f42-a35d-da729ed0f7cf" CHANGEID="689780670" ISACTIVE="1" LEVELID="10" CREATEDATE="2019-07-14" UPDATEDATE="2025-10-01" /><OBJECT OBJECTID="174930276" OBJECTGUID="c906d275-bf25-4f33-8b33-cb5581816e19" CHANGEID="689669157" ISACTIVE="1" LEVELID="9" CREATEDATE="2025-09-29" UPDATEDATE="2025-09-29" /><OBJECT OBJECTID="174930430" OBJECTGUID="d8bee9a9-a03c-4001-9302-81c941222f1e" CHANGEID="689669554" ISACTIVE="1" LEVELID="9" CREATEDATE="2025-09-29" UPDATEDATE="2025-09-29" /><OBJECT OBJECTID="174930532" OBJECTGUID="9e317e02-2f4b-4c95-a027-18ff2b8a4536" CHANGEID="689669822" ISACTIVE="1" LEVELID="9" CREATEDATE="2025-09-29" UPDATEDATE="2025-09-29" /><OBJECT OBJECTID="174930663" OBJECTGUID="8eb4de30-f564-4e30-93af-38ab1d05cacd" CHANGEID="689670023" ISACTIVE="1" LEVELID="9" CREATEDATE="2025-09-29" UPDATEDATE="2025-09-29" /><OBJECT OBJECTID="174930772" OBJECTGUID="4c543e85-ae0f-4909-80f6-2c21d1213daa" CHANGEID="689670197" ISACTIVE="1" LEVELID="9" CREATEDATE="2025-09-29" UPDATEDATE="2025-09-29" /><OBJECT OBJECTID="174930868" OBJECTGUID="b56f56b0-9725-4467-8444-475a68597a6d" CHANGEID="689670362" ISACTIVE="1" LEVELID="9" CREATEDATE="2025-09-29" UPDATEDATE="2025-09-29" /><OBJECT OBJECTID="42786157" OBJECTGUID="b3b5ff76-57a1-406c-814f-a21c75f0fec4" CHANGEID="689672475" ISACTIVE="1" LEVELID="10" CREATEDATE="2019-07-14" UPDATEDATE="2025-09-29" /><OBJECT OBJECTID="22632636" OBJECTGUID="80bea567-11fd-40ac-8713-949d2d375c8b" CHANGEID="689626598" ISACTIVE="1" LEVELID="10" CREATEDATE="2017-12-18" UPDATEDATE="2025-09-29" /><OBJECT OBJECTID="174928813" OBJECTGUID="6daad76f-677d-48e5-bc9d-9c40b68fabab" CHANGEID="689666163" ISACTIVE="1" LEVELID="9" CREATEDATE="2025-09-29" UPDATEDATE="2025-09-29" /><OBJECT OBJECTID="174929216" OBJECTGUID="cc35c383-8e4b-40e4-8801-49ed9d25c15d" CHANGEID="689667104" ISACTIVE="1" LEVELID="9" CREATEDATE="2025-09-29" UPDATEDATE="2025-09-29" /><OBJECT OBJECTID="174930249" OBJECTGUID="49b2ad83-5390-4b80-af8e-6709b6244ea7" CHANGEID="689669074" ISACTIVE="1" LEVELID="9" CREATEDATE="2025-09-29" UPDATEDATE="2025-09-29" /><OBJECT OBJECTID="80003859" OBJECTGUID="2afeefe6-9a51-4785-8186-6e839f098788" CHANGEID="689623626" ISACTIVE="1" LEVELID="10" CREATEDATE="2019-07-14" UPDATEDATE="2025-09-29" /><OBJECT OBJECTID="73040257" OBJECTGUID="83c6069c-99d0-4d83-9a63-248964fc9e17" CHANGEID="689789975" ISACTIVE="1" LEVELID="10" CREATEDATE="2019-12-14" UPDATEDATE="2025-10-01" /><OBJECT OBJECTID="174932146" OBJECTGUID="fd1d5589-40f6-4107-a55d-d78c1846c0a6" CHANGEID="689672759" ISACTIVE="1" LEVELID="9" CREATEDATE="2025-09-29" UPDATEDATE="2025-09-29" /><OBJECT OBJECTID="174932308" OBJECTGUID="f84f8527-a5b9-476a-bb6b-840ff2ea6810" CHANGEID="689673038" ISACTIVE="1" LEVELID="10" CREATEDATE="2025-09-29" UPDATEDATE="2025-09-29" /><OBJECT OBJECTID="174932343" OBJECTGUID="e9cbeac3-a548-43cb-8042-82daed88825b" CHANGEID="689673089" ISACTIVE="1" LEVELID="10" CREATEDATE="2025-09-29" UPDATEDATE="2025-09-29" /><OBJECT OBJECTID="174945665" OBJECTGUID="b86d9cbb-2b3b-4d1d-b295-69feab7ed85e" CHANGEID="689701913" ISACTIVE="1" LEVELID="10" CREATEDATE="2025-09-30" UPDATEDATE="2025-09-30" /><OBJECT OBJECTID="174945720" OBJECTGUID="61b7b93a-bbf6-4405-9ee6-e4d9fc9f4144" CHANGEID="689702009" ISACTIVE="1" LEVELID="9" CREATEDATE="2025-09-30" UPDATEDATE="2025-09-30" /><OBJECT OBJECTID="174945817" OBJECTGUID="2688fca5-f37d-4db4-9b52-acb31dba9a94" CHANGEID="689702466" ISACTIVE="1" LEVELID="9" CREATEDATE="2025-09-30" UPDATEDATE="2025-09-30" /><OBJECT OBJECTID="159716363" OBJECTGUID="4b393526-e5be-475d-b3fd-e45341ebb23d" CHANGEID="689702728" ISACTIVE="1" LEVELID="11" CREATEDATE="2023-08-18" UPDATEDATE="2025-09-30" /><OBJECT OBJECTID="159716364" OBJECTGUID="29d59667-deb4-4193-9b30-9b9147ebd42d" CHANGEID="689702729" ISACTIVE="1" LEVELID="11" CREATEDATE="2023-08-18" UPDATEDATE="2025-09-30" /><OBJECT OBJECTID="159716365" OBJECTGUID="5b21431c-41a7-412e-a43c-e70913903651" CHANGEID="689702733" ISACTIVE="1" LEVELID="11" CREATEDATE="2023-08-18" UPDATEDATE="2025-09-30" /><OBJECT OBJECTID="159716366" OBJECTGUID="fc4d0133-30a2-4e29-b002-dd2b16074db4" CHANGEID="689702734" ISACTIVE="1" LEVELID="11" CREATEDATE="2023-08-18" UPDATEDATE="2025-09-30" /><OBJECT OBJECTID="174945872" OBJECTGUID="83bf6272-1fed-4ec3-a5d5-f6ac3885dcec" CHANGEID="689702735" ISACTIVE="1" LEVELID="10" CREATEDATE="2025-09-30" UPDATEDATE="2025-09-30" /><OBJECT OBJECTID="174945873" OBJECTGUID="6dec6ade-aa45-400a-a71e-7b59970f9071" CHANGEID="689702737" ISACTIVE="1" LEVELID="10" CREATEDATE="2025-09-30" UPDATEDATE="2025-09-30" /><OBJECT OBJECTID="174945875" OBJECTGUID="c0e8f65c-cdea-4551-b491-1a5cd4658282" CHANGEID="689702743" ISACTIVE="1" LEVELID="9" CREATEDATE="2025-09-30" UPDATEDATE="2025-09-30" /><OBJECT OBJECTID="174945874" OBJECTGUID="4ff7ac84-5ff1-4249-8fff-92e2c40d9fa5" CHANGEID="689702740" ISACTIVE="1" LEVELID="9" CREATEDATE="2025-09-30" UPDATEDATE="2025-09-30" /><OBJECT OBJECTID="174945876" OBJECTGUID="e74c3894-1d41-457f-9390-fdd289c17b59" CHANGEID="689702744" ISACTIVE="1" LEVELID="11" CREATEDATE="2025-09-30" UPDATEDATE="2025-09-30" /><OBJECT OBJECTID="48217463" OBJECTGUID="35c4e6d6-af8e-45cd-bceb-e714acc9de22" CHANGEID="689702746" ISACTIVE="1" LEVELID="10" CREATEDATE="2019-07-14" UPDATEDATE="2025-09-30" /><OBJECT OBJECTID="174945877" OBJECTGUID="0916a522-c844-47ff-a079-0dd5f9b9aa19" CHANGEID="689702747" ISACTIVE="1" LEVELID="9" CREATEDATE="2025-09-30" UPDATEDATE="2025-09-30" /><OBJECT OBJECTID="159716367" OBJECTGUID="f51d6b1e-adb5-423a-bc0d-8694a244ac93" CHANGEID="689702883" ISACTIVE="1" LEVELID="11" CREATEDATE="2023-08-18" UPDATEDATE="2025-09-30" /><OBJECT OBJECTID="159716368" OBJECTGUID="76c38365-da5c-49b0-bbbd-71e5ac2df25b" CHANGEID="689702884" ISACTIVE="1" LEVELID="11" CREATEDATE="2023-08-18" UPDATEDATE="2025-09-30" /><OBJECT OBJECTID="172625714" OBJECTGUID="29edae98-1d32-4f9d-a1b0-6016b511413f" CHANGEID="689702995" ISACTIVE="1" LEVELID="10" CREATEDATE="2025-06-03" UPDATEDATE="2025-09-30" /><OBJECT OBJECTID="174946086" OBJECTGUID="8778b131-fad6-4214-8b4a-2b95dc033ecf" CHANGEID="689703103" ISACTIVE="1" LEVELID="11" CREATEDATE="2025-09-30" UPDATEDATE="2025-09-30" /><OBJECT OBJECTID="174946392" OBJECTGUID="3621bd51-0b66-411c-bfc1-9c6c46bf919b" CHANGEID="689703754" ISACTIVE="1" LEVELID="10" CREATEDATE="2025-09-30" UPDATEDATE="2025-09-30" /><OBJECT OBJECTID="174946393" OBJECTGUID="0c03216e-1c18-40f7-9d78-efc62193d22f" CHANGEID="689703755" ISACTIVE="1" LEVELID="10" CREATEDATE="2025-09-30" UPDATEDATE="2025-09-30" /><OBJECT OBJECTID="174947300" OBJECTGUID="9900a5c5-96eb-46f3-9626-c716a68aa027" CHANGEID="689705152" ISACTIVE="1" LEVELID="11" CREATEDATE="2025-09-30" UPDATEDATE="2025-09-30" /><OBJECT OBJECTID="174947301" OBJECTGUID="8efafdae-a5ec-45cd-8e4c-e9b67028b9d6" CHANGEID="689705153" ISACTIVE="1" LEVELID="11" CREATEDATE="2025-09-30" UPDATEDATE="2025-09-30" /><OBJECT OBJECTID="48227231" OBJECTGUID="a3000298-6efd-4e46-9026-efe014ba27c8" CHANGEID="689719972" ISACTIVE="1" LEVELID="10" CREATEDATE="2019-07-14" UPDATEDATE="2025-09-30" /><OBJECT OBJECTID="159716370" OBJECTGUID="5dbb13b8-f8d7-442d-a818-7f04adccb785" CHANGEID="689719974" ISACTIVE="1" LEVELID="11" CREATEDATE="2023-08-18" UPDATEDATE="2025-09-30" /><OBJECT OBJECTID="159716369" OBJECTGUID="add1e20a-ccf7-49be-8ac3-edec7321e9dd" CHANGEID="689719973" ISACTIVE="1" LEVELID="11" CREATEDATE="2023-08-18" UPDATEDATE="2025-09-30" /><OBJECT OBJECTID="159716371" OBJECTGUID="1aa250fb-5235-4114-a83f-1572441fddd2" CHANGEID="689719975" ISACTIVE="1" LEVELID="11" CREATEDATE="2023-08-18" UPDATEDATE="2025-09-30" /><OBJECT OBJECTID="159716372" OBJECTGUID="555cb2ac-6cd9-495d-9764-daa99839d28b" CHANGEID="689719976" ISACTIVE="1" LEVELID="11" CREATEDATE="2023-08-18" UPDATEDATE="2025-09-30" /><OBJECT OBJECTID="159716374" OBJECTGUID="3331f953-de65-45c7-a389-3baa5401dfdd" CHANGEID="689719978" ISACTIVE="1" LEVELID="11" CREATEDATE="2023-08-18" UPDATEDATE="2025-09-30" /><OBJECT OBJECTID="159716373" OBJECTGUID="0219177a-ed39-4b81-8582-f60edb7f912e" CHANGEID="689719977" ISACTIVE="1" LEVELID="11" CREATEDATE="2023-08-18" UPDATEDATE="2025-09-30" /><OBJECT OBJECTID="159716375" OBJECTGUID="19091e45-7211-48ce-9b00-05d5e7ca839b" CHANGEID="689719979" ISACTIVE="1" LEVELID="11" CREATEDATE="2023-08-18" UPDATEDATE="2025-09-30" /><OBJECT OBJECTID="159716376" OBJECTGUID="9476cd42-7f24-454b-bba9-0bc2df1f3f17" CHANGEID="689719981" ISACTIVE="1" LEVELID="11" CREATEDATE="2023-08-18" UPDATEDATE="2025-09-30" /><OBJECT OBJECTID="159716377" OBJECTGUID="ce84f6a7-e1c7-4343-b1c6-f5ce4609f520" CHANGEID="689719984" ISACTIVE="1" LEVELID="11" CREATEDATE="2023-08-18" UPDATEDATE="2025-09-30" /><OBJECT OBJECTID="159716378" OBJECTGUID="275687a2-591d-4d1e-a792-e55b7d85da68" CHANGEID="689719985" ISACTIVE="1" LEVELID="11" CREATEDATE="2023-08-18" UPDATEDATE="2025-09-30" /><OBJECT OBJECTID="159716380" OBJECTGUID="a70e4a00-60c4-4e8c-aba3-eee12115da75" CHANGEID="689719995" ISACTIVE="1" LEVELID="11" CREATEDATE="2023-08-18" UPDATEDATE="2025-09-30" /><OBJECT OBJECTID="159716381" OBJECTGUID="1c0d75f1-36ea-49cd-8c03-91ad53c6982d" CHANGEID="689719997" ISACTIVE="1" LEVELID="11" CREATEDATE="2023-08-18" UPDATEDATE="2025-09-30" /><OBJECT OBJECTID="159716382" OBJECTGUID="84d42012-9c8b-4477-bc0c-c1deb1fc38f4" CHANGEID="689719999" ISACTIVE="1" LEVELID="11" CREATEDATE="2023-08-18" UPDATEDATE="2025-09-30" /><OBJECT OBJECTID="159716379" OBJECTGUID="401a3769-de57-4f4e-9106-5fa9e105edb6" CHANGEID="689719994" ISACTIVE="1" LEVELID="11" CREATEDATE="2023-08-18" UPDATEDATE="2025-09-30" /><OBJECT OBJECTID="159716383" OBJECTGUID="5a5f31fb-5b80-4988-a957-ab60e20e0dff" CHANGEID="689720000" ISACTIVE="1" LEVELID="11" CREATEDATE="2023-08-18" UPDATEDATE="2025-09-30" /><OBJECT OBJECTID="159716384" OBJECTGUID="50a04124-4054-49f3-8c12-98f70bec67c2" CHANGEID="689720002" ISACTIVE="1" LEVELID="11" CREATEDATE="2023-08-18" UPDATEDATE="2025-09-30" /><OBJECT OBJECTID="159716388" OBJECTGUID="1e4e24fc-4442-48a8-a72c-fe1fddf70bd5" CHANGEID="689720009" ISACTIVE="1" LEVELID="11" CREATEDATE="2023-08-18" UPDATEDATE="2025-09-30" /><OBJECT OBJECTID="159716385" OBJECTGUID="5263a49a-ff6e-4569-adda-088653716ebc" CHANGEID="689720003" ISACTIVE="1" LEVELID="11" CREATEDATE="2023-08-18" UPDATEDATE="2025-09-30" /><OBJECT OBJECTID="159716386" OBJECTGUID="d32165d8-ceba-4a72-ab3c-5aeb0d29ee8d" CHANGEID="689720006" ISACTIVE="1" LEVELID="11" CREATEDATE="2023-08-18" UPDATEDATE="2025-09-30" /><OBJECT OBJECTID="159716387" OBJECTGUID="cd066e29-5604-4b20-83f9-f22c87a063f2" CHANGEID="689720008" ISACTIVE="1" LEVELID="11" CREATEDATE="2023-08-18" UPDATEDATE="2025-09-30" /><OBJECT OBJECTID="159716389" OBJECTGUID="c9beabd8-efd4-4be9-8ef3-1a87ba3602e6" CHANGEID="689720010" ISACTIVE="1" LEVELID="11" CREATEDATE="2023-08-18" UPDATEDATE="2025-09-30" /><OBJECT OBJECTID="159716398" OBJECTGUID="ce8dedf8-404f-4711-bc1e-5a069e14926c" CHANGEID="689720014" ISACTIVE="1" LEVELID="11" CREATEDATE="2023-08-18" UPDATEDATE="2025-09-30" /><OBJECT OBJECTID="159716390" OBJECTGUID="da03c45b-d8f2-46ba-8c3b-329189ba3e43" CHANGEID="689720011" ISACTIVE="1" LEVELID="11" CREATEDATE="2023-08-18" UPDATEDATE="2025-09-30" /><OBJECT OBJECTID="159716391" OBJECTGUID="2afc56e0-1bbf-47af-8811-af7cd3ba9a23" CHANGEID="689720013" ISACTIVE="1" LEVELID="11" CREATEDATE="2023-08-18" UPDATEDATE="2025-09-30" /><OBJECT OBJECTID="159716399" OBJECTGUID="cfaf91de-e545-4fc7-9089-56db83677f51" CHANGEID="689720015" ISACTIVE="1" LEVELID="11" CREATEDATE="2023-08-18" UPDATEDATE="2025-09-30" /><OBJECT OBJECTID="159716402" OBJECTGUID="9593239c-c9b4-4aa3-933a-e2eb1755a590" CHANGEID="689720017" ISACTIVE="1" LEVELID="11" CREATEDATE="2023-08-18" UPDATEDATE="2025-09-30" /><OBJECT OBJECTID="159716403" OBJECTGUID="f1299375-5a2d-4277-80eb-00f50a24b01a" CHANGEID="689720019" ISACTIVE="1" LEVELID="11" CREATEDATE="2023-08-18" UPDATEDATE="2025-09-30" /><OBJECT OBJECTID="159716405" OBJECTGUID="4b9f82a4-5fdf-4c7c-9914-83f0f9e0fee3" CHANGEID="689720021" ISACTIVE="1" LEVELID="11" CREATEDATE="2023-08-18" UPDATEDATE="2025-09-30" /><OBJECT OBJECTID="159716400" OBJECTGUID="3c1f163d-986a-4361-ba6d-6be1f4612b28" CHANGEID="689720016" ISACTIVE="1" LEVELID="11" CREATEDATE="2023-08-18" UPDATEDATE="2025-09-30" /><OBJECT OBJECTID="159716404" OBJECTGUID="7cc01786-a16e-4a6f-b8d6-e150a24f1e77" CHANGEID="689720020" ISACTIVE="1" LEVELID="11" CREATEDATE="2023-08-18" UPDATEDATE="2025-09-30" /><OBJECT OBJECTID="159716413" OBJECTGUID="b3ed2d50-687c-4f45-87b6-ba46f5cdd8be" CHANGEID="689720039" ISACTIVE="1" LEVELID="11" CREATEDATE="2023-08-18" UPDATEDATE="2025-09-30" /><OBJECT OBJECTID="159716414" OBJECTGUID="33d5e521-efe2-450b-987c-a02ed5de6da9" CHANGEID="689720041" ISACTIVE="1" LEVELID="11" CREATEDATE="2023-08-18" UPDATEDATE="2025-09-30" /><OBJECT OBJECTID="159716415" OBJECTGUID="a39d8bfc-2b43-4b64-b9e6-c1325ed84211" CHANGEID="689720043" ISACTIVE="1" LEVELID="11" CREATEDATE="2023-08-18" UPDATEDATE="2025-09-30" /><OBJECT OBJECTID="174949742" OBJECTGUID="ad835f6e-0298-4d82-9f48-a573f706e017" CHANGEID="689709714" ISACTIVE="1" LEVELID="9" CREATEDATE="2025-09-30" UPDATEDATE="2025-09-30" /><OBJECT OBJECTID="174949744" OBJECTGUID="5c835551-2b51-46ca-aada-eb16159f5d71" CHANGEID="689709716" ISACTIVE="1" LEVELID="9" CREATEDATE="2025-09-30" UPDATEDATE="2025-09-30" /><OBJECT OBJECTID="174949746" OBJECTGUID="1181deb6-5586-42b6-a39c-a265ced58dd7" CHANGEID="689709718" ISACTIVE="1" LEVELID="9" CREATEDATE="2025-09-30" UPDATEDATE="2025-09-30" /><OBJECT OBJECTID="174949748" OBJECTGUID="296a3f96-f2b4-4892-a280-38eb3113f11a" CHANGEID="689709720" ISACTIVE="1" LEVELID="9" CREATEDATE="2025-09-30" UPDATEDATE="2025-09-30" /><OBJECT OBJECTID="174949750" OBJECTGUID="f793d417-38b7-4203-aeef-b993d21abd65" CHANGEID="689709726" ISACTIVE="1" LEVELID="9" CREATEDATE="2025-09-30" UPDATEDATE="2025-09-30" /><OBJECT OBJECTID="174949751" OBJECTGUID="7dd05561-2250-48da-bd5f-d2a166644004" CHANGEID="689709727" ISACTIVE="1" LEVELID="9" CREATEDATE="2025-09-30" UPDATEDATE="2025-09-30" /><OBJECT OBJECTID="174949752" OBJECTGUID="3d2e96ba-d997-4760-85e1-0d1205d643c6" CHANGEID="689709728" ISACTIVE="1" LEVELID="9" CREATEDATE="2025-09-30" UPDATEDATE="2025-09-30" /><OBJECT OBJECTID="174949753" OBJECTGUID="d5319382-9f8d-4a74-89d4-d2138a3d5b9a" CHANGEID="689709729" ISACTIVE="1" LEVELID="9" CREATEDATE="2025-09-30" UPDATEDATE="2025-09-30" /><OBJECT OBJECTID="174950310" OBJECTGUID="612b6b6e-2310-47c2-80fd-48d4a841700b" CHANGEID="689710727" ISACTIVE="1" LEVELID="8" CREATEDATE="2025-09-30" UPDATEDATE="2025-09-30" /><OBJECT OBJECTID="174951116" OBJECTGUID="e62b4dfa-4e9c-45b8-8bca-751b9f584fc3" CHANGEID="689711913" ISACTIVE="1" LEVELID="9" CREATEDATE="2025-09-30" UPDATEDATE="2025-09-30" /><OBJECT OBJECTID="6352827" OBJECTGUID="412dd183-b82d-4917-a9e1-63c9282c6f4c" CHANGEID="689778258" ISACTIVE="1" LEVELID="10" CREATEDATE="2019-07-14" UPDATEDATE="2025-10-01" /><OBJECT OBJECTID="6365764" OBJECTGUID="ff189da3-9d13-4ed7-b7d3-e262aeac4a3d" CHANGEID="689790388" ISACTIVE="1" LEVELID="10" CREATEDATE="2018-04-18" UPDATEDATE="2025-10-01" /><OBJECT OBJECTID="174957575" OBJECTGUID="97160175-c344-441f-b1ff-b7406e2e32ff" CHANGEID="689729190" ISACTIVE="1" LEVELID="9" CREATEDATE="2025-09-30" UPDATEDATE="2025-09-30" /><OBJECT OBJECTID="174958295" OBJECTGUID="b6550b4a-6936-4ac1-94a5-4d58c756dfd0" CHANGEID="689731102" ISACTIVE="1" LEVELID="9" CREATEDATE="2025-09-30" UPDATEDATE="2025-09-30" /><OBJECT OBJECTID="174958305" OBJECTGUID="c9a3a8b2-8807-455f-a706-05d5a6678bca" CHANGEID="689731112" ISACTIVE="1" LEVELID="9" CREATEDATE="2025-09-30" UPDATEDATE="2025-09-30" /><OBJECT OBJECTID="174958306" OBJECTGUID="ff0a5ea2-4ddf-4deb-82ba-d4d045a67a81" CHANGEID="689731113" ISACTIVE="1" LEVELID="9" CREATEDATE="2025-09-30" UPDATEDATE="2025-09-30" /><OBJECT OBJECTID="174958308" OBJECTGUID="39e731d6-01be-42e2-95cd-9311d08b5b1c" CHANGEID="689731117" ISACTIVE="1" LEVELID="9" CREATEDATE="2025-09-30" UPDATEDATE="2025-09-30" /><OBJECT OBJECTID="174958307" OBJECTGUID="b0d6a543-1c61-4afb-8a36-aa3a2ce90aa9" CHANGEID="689731116" ISACTIVE="1" LEVELID="9" CREATEDATE="2025-09-30" UPDATEDATE="2025-09-30" /><OBJECT OBJECTID="174958309" OBJECTGUID="2ee0528c-100a-4fc4-8e9c-5503966b7185" CHANGEID="689731118" ISACTIVE="1" LEVELID="9" CREATEDATE="2025-09-30" UPDATEDATE="2025-09-30" /><OBJECT OBJECTID="174958311" OBJECTGUID="9bbd7fa7-437d-40e6-a810-e5baa705046d" CHANGEID="689731120" ISACTIVE="1" LEVELID="9" CREATEDATE="2025-09-30" UPDATEDATE="2025-09-30" /><OBJECT OBJECTID="174958310" OBJECTGUID="fe1f1941-7a50-4c81-9a5c-bd79bfbd3afd" CHANGEID="689731119" ISACTIVE="1" LEVELID="9" CREATEDATE="2025-09-30" UPDATEDATE="2025-09-30" /><OBJECT OBJECTID="174958312" OBJECTGUID="7bb40ab9-7d31-4229-8cab-5465a98d94ff" CHANGEID="689731121" ISACTIVE="1" LEVELID="9" CREATEDATE="2025-09-30" UPDATEDATE="2025-09-30" /><OBJECT OBJECTID="174958326" OBJECTGUID="078a9547-9a1c-4f80-8dcd-b0380fcaf305" CHANGEID="689731139" ISACTIVE="1" LEVELID="9" CREATEDATE="2025-09-30" UPDATEDATE="2025-09-30" /><OBJECT OBJECTID="174958327" OBJECTGUID="69af55a6-769b-4059-92d8-ca60eda85530" CHANGEID="689731146" ISACTIVE="1" LEVELID="9" CREATEDATE="2025-09-30" UPDATEDATE="2025-09-30" /><OBJECT OBJECTID="98381153" OBJECTGUID="2a5e52d3-f1fd-4fff-a557-33c333197d0a" CHANGEID="689779389" ISACTIVE="1" LEVELID="10" CREATEDATE="2020-09-23" UPDATEDATE="2025-10-01" /><OBJECT OBJECTID="7450248" OBJECTGUID="a73326d3-84d2-404c-abcf-1251bf666abb" CHANGEID="689623600" ISACTIVE="1" LEVELID="10" CREATEDATE="2016-05-30" UPDATEDATE="2025-09-29" /><OBJECT OBJECTID="7462036" OBJECTGUID="3761bb4e-e7e9-42bb-a63b-d4e9b7d1ee9e" CHANGEID="689623594" ISACTIVE="1" LEVELID="10" CREATEDATE="2019-07-14" UPDATEDATE="2025-09-29" /><OBJECT OBJECTID="174971096" OBJECTGUID="fcbeeb95-c7ed-452e-a1c1-316557456b23" CHANGEID="689778103" ISACTIVE="1" LEVELID="10" CREATEDATE="2025-10-01" UPDATEDATE="2025-10-01" /><OBJECT OBJECTID="174971097" OBJECTGUID="d5a6c427-be90-4e0b-8e52-2de1963c9d70" CHANGEID="689778112" ISACTIVE="1" LEVELID="9" CREATEDATE="2025-10-01" UPDATEDATE="2025-10-01" /><OBJECT OBJECTID="174971200" OBJECTGUID="dc5588f5-8841-42b8-8a36-aacd0f5d585f" CHANGEID="689778232" ISACTIVE="1" LEVELID="9" CREATEDATE="2025-10-01" UPDATEDATE="2025-10-01" /><OBJECT OBJECTID="174971201" OBJECTGUID="4cdcb842-e5f3-40f6-a0b5-0b83157a1b88" CHANGEID="689778255" ISACTIVE="1" LEVELID="9" CREATEDATE="2025-10-01" UPDATEDATE="2025-10-01" /><OBJECT OBJECTID="174971202" OBJECTGUID="38212b04-cc2d-4a17-a4ce-ec5247403760" CHANGEID="689778257" ISACTIVE="1" LEVELID="9" CREATEDATE="2025-10-01" UPDATEDATE="2025-10-01" /><OBJECT OBJECTID="174971203" OBJECTGUID="caa12d43-742a-4a26-8ac6-dbe48ba32b90" CHANGEID="689778260" ISACTIVE="1" LEVELID="9" CREATEDATE="2025-10-01" UPDATEDATE="2025-10-01" /><OBJECT OBJECTID="174971204" OBJECTGUID="336b6594-197c-4718-8dd7-f00855649309" CHANGEID="689778281" ISACTIVE="1" LEVELID="9" CREATEDATE="2025-10-01" UPDATEDATE="2025-10-01" /><OBJECT OBJECTID="174971205" OBJECTGUID="4de33e4e-07f5-4ea8-90ba-c6cf1083e8b3" CHANGEID="689778283" ISACTIVE="1" LEVELID="9" CREATEDATE="2025-10-01" UPDATEDATE="2025-10-01" /><OBJECT OBJECTID="174971210" OBJECTGUID="67c592e9-144d-4332-9643-89be01867c8f" CHANGEID="689778302" ISACTIVE="1" LEVELID="9" CREATEDATE="2025-10-01" UPDATEDATE="2025-10-01" /><OBJECT OBJECTID="174971209" OBJECTGUID="df00a6e3-069a-4593-8b2a-9701c5f886c1" CHANGEID="689778299" ISACTIVE="1" LEVELID="9" CREATEDATE="2025-10-01" UPDATEDATE="2025-10-01" /><OBJECT OBJECTID="174971255" OBJECTGUID="9d19cbc7-eafc-49f1-8725-2d107ed39262" CHANGEID="689778358" ISACTIVE="1" LEVELID="9" CREATEDATE="2025-10-01" UPDATEDATE="2025-10-01" /><OBJECT OBJECTID="76392203" OBJECTGUID="fee2eb12-2e98-415c-9419-86bf64e61e0d" CHANGEID="689778585" ISACTIVE="1" LEVELID="10" CREATEDATE="2016-08-26" UPDATEDATE="2025-10-01" /><OBJECT OBJECTID="174971360" OBJECTGUID="62eaa97a-1f80-483f-afad-2a349f29ea73" CHANGEID="689778588" ISACTIVE="1" LEVELID="9" CREATEDATE="2025-10-01" UPDATEDATE="2025-10-01" /><OBJECT OBJECTID="174971361" OBJECTGUID="bdbdd145-81f3-41a8-9dd0-08e50f3254ef" CHANGEID="689778589" ISACTIVE="1" LEVELID="9" CREATEDATE="2025-10-01" UPDATEDATE="2025-10-01" /><OBJECT OBJECTID="49532741" OBJECTGUID="14899a62-92f8-44b2-bbb1-cb382eb578da" CHANGEID="689778603" ISACTIVE="1" LEVELID="10" CREATEDATE="2019-07-14" UPDATEDATE="2025-10-01" /><OBJECT OBJECTID="96521392" OBJECTGUID="feddcb14-13a2-42cb-aeb4-396b025a0611" CHANGEID="689778605" ISACTIVE="1" LEVELID="10" CREATEDATE="2020-04-28" UPDATEDATE="2025-10-01" /><OBJECT OBJECTID="19361359" OBJECTGUID="75608aef-8209-4434-b9bc-fdefa6a20334" CHANGEID="689778607" ISACTIVE="1" LEVELID="10" CREATEDATE="2017-12-18" UPDATEDATE="2025-10-01" /><OBJECT OBJECTID="79372786" OBJECTGUID="dbe5e558-1d08-426b-9619-eb353998fbdd" CHANGEID="689778602" ISACTIVE="1" LEVELID="10" CREATEDATE="2017-12-18" UPDATEDATE="2025-10-01" /><OBJECT OBJECTID="174971366" OBJECTGUID="160757df-680b-4cdf-918c-6250150ceced" CHANGEID="689778608" ISACTIVE="1" LEVELID="9" CREATEDATE="2025-10-01" UPDATEDATE="2025-10-01" /><OBJECT OBJECTID="174971367" OBJECTGUID="ae1dbbd7-d07d-4a7d-8981-874dc23b6398" CHANGEID="689778609" ISACTIVE="1" LEVELID="9" CREATEDATE="2025-10-01" UPDATEDATE="2025-10-01" /><OBJECT OBJECTID="174971368" OBJECTGUID="479ef499-02e1-4f0e-a025-df22c1a89e0d" CHANGEID="689778610" ISACTIVE="1" LEVELID="9" CREATEDATE="2025-10-01" UPDATEDATE="2025-10-01" /><OBJECT OBJECTID="174971369" OBJECTGUID="ae528390-36fe-4418-b2cf-75f5211dd01f" CHANGEID="689778611" ISACTIVE="1" LEVELID="9" CREATEDATE="2025-10-01" UPDATEDATE="2025-10-01" /><OBJECT OBJECTID="174971370" OBJECTGUID="ce5b87c6-d306-4b08-983a-fd7d216ff32e" CHANGEID="689778612" ISACTIVE="1" LEVELID="9" CREATEDATE="2025-10-01" UPDATEDATE="2025-10-01" /><OBJECT OBJECTID="174971371" OBJECTGUID="1e719a0f-7d2b-4207-97e2-ffd8f1133a2a" CHANGEID="689778613" ISACTIVE="1" LEVELID="9" CREATEDATE="2025-10-01" UPDATEDATE="2025-10-01" /><OBJECT OBJECTID="174971372" OBJECTGUID="9e554ea6-b461-4246-a3e9-b515ba17f19e" CHANGEID="689778614" ISACTIVE="1" LEVELID="9" CREATEDATE="2025-10-01" UPDATEDATE="2025-10-01" /><OBJECT OBJECTID="174971393" OBJECTGUID="0b2d0a47-900d-4be0-97cf-99b242037dfe" CHANGEID="689778785" ISACTIVE="1" LEVELID="11" CREATEDATE="2025-10-01" UPDATEDATE="2025-10-01" /><OBJECT OBJECTID="174971373" OBJECTGUID="ca594a53-3785-415f-9c6f-599bd49c0455" CHANGEID="689778626" ISACTIVE="1" LEVELID="9" CREATEDATE="2025-10-01" UPDATEDATE="2025-10-01" /><OBJECT OBJECTID="174971374" OBJECTGUID="5a37d5a8-c8a0-4b9d-a7b8-fa0ba5c5f20c" CHANGEID="689778627" ISACTIVE="1" LEVELID="9" CREATEDATE="2025-10-01" UPDATEDATE="2025-10-01" /><OBJECT OBJECTID="174971375" OBJECTGUID="9e0b781f-a8a7-4fa0-bb57-07e308ef2e1c" CHANGEID="689778628" ISACTIVE="1" LEVELID="9" CREATEDATE="2025-10-01" UPDATEDATE="2025-10-01" /><OBJECT OBJECTID="174971376" OBJECTGUID="db1e48d8-7d1c-4c1b-a384-384edbe20b10" CHANGEID="689778629" ISACTIVE="1" LEVELID="9" CREATEDATE="2025-10-01" UPDATEDATE="2025-10-01" /><OBJECT OBJECTID="174971377" OBJECTGUID="c9aeb34b-528c-4e8b-900b-5e2620a128c8" CHANGEID="689778630" ISACTIVE="1" LEVELID="9" CREATEDATE="2025-10-01" UPDATEDATE="2025-10-01" /><OBJECT OBJECTID="174971388" OBJECTGUID="70d58046-4e9e-48f7-956f-6c7dc810911a" CHANGEID="689778649" ISACTIVE="1" LEVELID="10" CREATEDATE="2025-10-01" UPDATEDATE="2025-10-01" /><OBJECT OBJECTID="174971389" OBJECTGUID="0559ab59-f4d6-4f8e-940f-2df334037be5" CHANGEID="689778650" ISACTIVE="1" LEVELID="10" CREATEDATE="2025-10-01" UPDATEDATE="2025-10-01" /><OBJECT OBJECTID="174971390" OBJECTGUID="bdda5526-bee5-479f-95d6-6314f73bde06" CHANGEID="689778651" ISACTIVE="1" LEVELID="10" CREATEDATE="2025-10-01" UPDATEDATE="2025-10-01" /><OBJECT OBJECTID="174971391" OBJECTGUID="b4674ced-7686-48c8-99cb-0d44ad3f4c4c" CHANGEID="689778652" ISACTIVE="1" LEVELID="10" CREATEDATE="2025-10-01" UPDATEDATE="2025-10-01" /><OBJECT OBJECTID="174971392" OBJECTGUID="7070aa1b-72e7-4bbe-ba25-12a2a0e8c51f" CHANGEID="689778653" ISACTIVE="1" LEVELID="10" CREATEDATE="2025-10-01" UPDATEDATE="2025-10-01" /><OBJECT OBJECTID="174971394" OBJECTGUID="aaa44e09-103c-442d-be0e-51082cf7d9d4" CHANGEID="689778786" ISACTIVE="1" LEVELID="11" CREATEDATE="2025-10-01" UPDATEDATE="2025-10-01" /><OBJECT OBJECTID="174971395" OBJECTGUID="36a8dcb3-42ba-41e1-ab78-606133a0936f" CHANGEID="689778787" ISACTIVE="1" LEVELID="11" CREATEDATE="2025-10-01" UPDATEDATE="2025-10-01" /><OBJECT OBJECTID="174971396" OBJECTGUID="6e0ef390-e0bb-421a-a7ba-7c4aa5f03ed7" CHANGEID="689778788" ISACTIVE="1" LEVELID="11" CREATEDATE="2025-10-01" UPDATEDATE="2025-10-01" /><OBJECT OBJECTID="174971397" OBJECTGUID="9e438dfc-2baa-4c5d-a73e-2f9af791faeb" CHANGEID="689778789" ISACTIVE="1" LEVELID="11" CREATEDATE="2025-10-01" UPDATEDATE="2025-10-01" /><OBJECT OBJECTID="174971398" OBJECTGUID="413c31dc-6b2f-46ff-9f4e-4d7792dabad7" CHANGEID="689778790" ISACTIVE="1" LEVELID="11" CREATEDATE="2025-10-01" UPDATEDATE="2025-10-01" /><OBJECT OBJECTID="174971399" OBJECTGUID="ff8a5275-1848-4b68-b31f-d0b5d628e7f7" CHANGEID="689778791" ISACTIVE="1" LEVELID="11" CREATEDATE="2025-10-01" UPDATEDATE="2025-10-01" /><OBJECT OBJECTID="174971525" OBJECTGUID="22f30e2b-03c7-47de-a575-6e6ced0f44b4" CHANGEID="689779106" ISACTIVE="1" LEVELID="10" CREATEDATE="2025-10-01" UPDATEDATE="2025-10-01" /><OBJECT OBJECTID="174971559" OBJECTGUID="089b7d01-af36-413a-9e62-fbcfe8011f72" CHANGEID="689779140" ISACTIVE="1" LEVELID="9" CREATEDATE="2025-10-01" UPDATEDATE="2025-10-01" /><OBJECT OBJECTID="174971560" OBJECTGUID="a8f371c2-277d-49c7-ac0b-8f64d36884b2" CHANGEID="689779141" ISACTIVE="1" LEVELID="9" CREATEDATE="2025-10-01" UPDATEDATE="2025-10-01" /><OBJECT OBJECTID="174971561" OBJECTGUID="ac9fab4c-702e-4b27-8647-f6730169d2f0" CHANGEID="689779143" ISACTIVE="1" LEVELID="9" CREATEDATE="2025-10-01" UPDATEDATE="2025-10-01" /><OBJECT OBJECTID="174971562" OBJECTGUID="4b550f12-5307-40ea-8485-f38dda2b4dfb" CHANGEID="689779156" ISACTIVE="1" LEVELID="9" CREATEDATE="2025-10-01" UPDATEDATE="2025-10-01" /><OBJECT OBJECTID="174971563" OBJECTGUID="b821a18c-f284-42a3-ab31-870ce27537f3" CHANGEID="689779157" ISACTIVE="1" LEVELID="9" CREATEDATE="2025-10-01" UPDATEDATE="2025-10-01" /><OBJECT OBJECTID="174971566" OBJECTGUID="2e96394a-2d01-48b7-a66d-ff5ed688d4ab" CHANGEID="689779160" ISACTIVE="1" LEVELID="9" CREATEDATE="2025-10-01" UPDATEDATE="2025-10-01" /><OBJECT OBJECTID="174971588" OBJECTGUID="3bab4ec9-b92b-477c-befb-d94c3d2cf718" CHANGEID="689779182" ISACTIVE="1" LEVELID="9" CREATEDATE="2025-10-01" UPDATEDATE="2025-10-01" /><OBJECT OBJECTID="174971599" OBJECTGUID="58a61299-8693-4271-a4ae-431aab7c37cc" CHANGEID="689779193" ISACTIVE="1" LEVELID="9" CREATEDATE="2025-10-01" UPDATEDATE="2025-10-01" /><OBJECT OBJECTID="174971602" OBJECTGUID="6c162e31-b14f-4495-adf1-57a3ebbe3608" CHANGEID="689779196" ISACTIVE="1" LEVELID="9" CREATEDATE="2025-10-01" UPDATEDATE="2025-10-01" /><OBJECT OBJECTID="174971607" OBJECTGUID="f69015fa-0fd2-44fa-beea-ac463872cb3b" CHANGEID="689779201" ISACTIVE="1" LEVELID="9" CREATEDATE="2025-10-01" UPDATEDATE="2025-10-01" /><OBJECT OBJECTID="174971608" OBJECTGUID="7b061c9b-9125-45e0-a73c-7e5814e78bde" CHANGEID="689779202" ISACTIVE="1" LEVELID="9" CREATEDATE="2025-10-01" UPDATEDATE="2025-10-01" /><OBJECT OBJECTID="174971609" OBJECTGUID="1b96baf6-3e74-4d75-a019-aee1158c0817" CHANGEID="689779203" ISACTIVE="1" LEVELID="9" CREATEDATE="2025-10-01" UPDATEDATE="2025-10-01" /><OBJECT OBJECTID="174971610" OBJECTGUID="20d9fc7d-89fa-4c56-b7aa-422edcecee8f" CHANGEID="689779204" ISACTIVE="1" LEVELID="9" CREATEDATE="2025-10-01" UPDATEDATE="2025-10-01" /><OBJECT OBJECTID="174971611" OBJECTGUID="a1c93a01-4480-4d4e-9950-e81e21b2aa51" CHANGEID="689779205" ISACTIVE="1" LEVELID="9" CREATEDATE="2025-10-01" UPDATEDATE="2025-10-01" /><OBJECT OBJECTID="174971612" OBJECTGUID="35ed2f66-2c27-4309-96ca-ef95a68ef3d3" CHANGEID="689779206" ISACTIVE="1" LEVELID="9" CREATEDATE="2025-10-01" UPDATEDATE="2025-10-01" /><OBJECT OBJECTID="174971613" OBJECTGUID="19b4c06e-4967-43e6-b3f5-575ddd2f21db" CHANGEID="689779207" ISACTIVE="1" LEVELID="9" CREATEDATE="2025-10-01" UPDATEDATE="2025-10-01" /><OBJECT OBJECTID="174971615" OBJECTGUID="50613b1d-a7bf-4fd9-b4bc-2eeb2c495c95" CHANGEID="689779209" ISACTIVE="1" LEVELID="9" CREATEDATE="2025-10-01" UPDATEDATE="2025-10-01" /><OBJECT OBJECTID="174971617" OBJECTGUID="2a0e4213-e608-4f53-8846-710cea0b648a" CHANGEID="689779211" ISACTIVE="1" LEVELID="9" CREATEDATE="2025-10-01" UPDATEDATE="2025-10-01" /><OBJECT OBJECTID="174971614" OBJECTGUID="d54eaa31-eb4e-497f-a109-185f0e286e63" CHANGEID="689779208" ISACTIVE="1" LEVELID="9" CREATEDATE="2025-10-01" UPDATEDATE="2025-10-01" /><OBJECT OBJECTID="174971616" OBJECTGUID="71c84d74-cacc-4452-a846-855562796978" CHANGEID="689779210" ISACTIVE="1" LEVELID="9" CREATEDATE="2025-10-01" UPDATEDATE="2025-10-01" /><OBJECT OBJECTID="174971618" OBJECTGUID="4dec8f9b-75b4-45cf-8207-618aa1c012c9" CHANGEID="689779212" ISACTIVE="1" LEVELID="9" CREATEDATE="2025-10-01" UPDATEDATE="2025-10-01" /><OBJECT OBJECTID="174971619" OBJECTGUID="497a947d-0923-4413-9e6d-4a5c549330d4" CHANGEID="689779213" ISACTIVE="1" LEVELID="9" CREATEDATE="2025-10-01" UPDATEDATE="2025-10-01" /><OBJECT OBJECTID="174971620" OBJECTGUID="3949680d-3d3f-49af-81a7-5923cc0656b6" CHANGEID="689779214" ISACTIVE="1" LEVELID="9" CREATEDATE="2025-10-01" UPDATEDATE="2025-10-01" /><OBJECT OBJECTID="174971621" OBJECTGUID="9c17af55-e104-47cd-a960-b338d92e6bba" CHANGEID="689779215" ISACTIVE="1" LEVELID="9" CREATEDATE="2025-10-01" UPDATEDATE="2025-10-01" /><OBJECT OBJECTID="174971622" OBJECTGUID="aa6891f5-f749-4a92-9431-a5eab1cb928f" CHANGEID="689779216" ISACTIVE="1" LEVELID="9" CREATEDATE="2025-10-01" UPDATEDATE="2025-10-01" /><OBJECT OBJECTID="174971624" OBJECTGUID="0c8e6c83-9a7b-4808-94fb-aa66270eb5b2" CHANGEID="689779218" ISACTIVE="1" LEVELID="9" CREATEDATE="2025-10-01" UPDATEDATE="2025-10-01" /><OBJECT OBJECTID="174971623" OBJECTGUID="26026f0d-a7b6-47da-88a6-c68420508ca6" CHANGEID="689779217" ISACTIVE="1" LEVELID="9" CREATEDATE="2025-10-01" UPDATEDATE="2025-10-01" /><OBJECT OBJECTID="174971625" OBJECTGUID="b8d4c628-117a-48e9-9298-fc404ac6d8e1" CHANGEID="689779219" ISACTIVE="1" LEVELID="9" CREATEDATE="2025-10-01" UPDATEDATE="2025-10-01" /><OBJECT OBJECTID="174971626" OBJECTGUID="8ff3a376-13f1-49ca-934d-28cc92dcbafc" CHANGEID="689779220" ISACTIVE="1" LEVELID="9" CREATEDATE="2025-10-01" UPDATEDATE="2025-10-01" /><OBJECT OBJECTID="174971627" OBJECTGUID="9c01535d-3d52-46aa-99ba-ca5f6bbe4f64" CHANGEID="689779221" ISACTIVE="1" LEVELID="9" CREATEDATE="2025-10-01" UPDATEDATE="2025-10-01" /><OBJECT OBJECTID="174971628" OBJECTGUID="3fbac78c-b72d-4b9d-a0c4-d678e1d6a31d" CHANGEID="689779222" ISACTIVE="1" LEVELID="9" CREATEDATE="2025-10-01" UPDATEDATE="2025-10-01" /><OBJECT OBJECTID="174971629" OBJECTGUID="4379c0a4-1943-435e-ab7d-44e63f615043" CHANGEID="689779223" ISACTIVE="1" LEVELID="9" CREATEDATE="2025-10-01" UPDATEDATE="2025-10-01" /><OBJECT OBJECTID="174971630" OBJECTGUID="4b21c089-2c27-43a4-a934-367fb90d7058" CHANGEID="689779224" ISACTIVE="1" LEVELID="9" CREATEDATE="2025-10-01" UPDATEDATE="2025-10-01" /><OBJECT OBJECTID="174971631" OBJECTGUID="bead6742-5915-4b40-8352-f2e033d127ec" CHANGEID="689779225" ISACTIVE="1" LEVELID="9" CREATEDATE="2025-10-01" UPDATEDATE="2025-10-01" /><OBJECT OBJECTID="174971632" OBJECTGUID="4476050b-418c-49a1-88a2-6c7192a6f9af" CHANGEID="689779226" ISACTIVE="1" LEVELID="9" CREATEDATE="2025-10-01" UPDATEDATE="2025-10-01" /><OBJECT OBJECTID="174971634" OBJECTGUID="27a8cac2-f396-4d7a-b36c-ac478f17204a" CHANGEID="689779228" ISACTIVE="1" LEVELID="9" CREATEDATE="2025-10-01" UPDATEDATE="2025-10-01" /><OBJECT OBJECTID="174971633" OBJECTGUID="50790647-f79f-4b92-afde-bcc6f2ace3c4" CHANGEID="689779227" ISACTIVE="1" LEVELID="9" CREATEDATE="2025-10-01" UPDATEDATE="2025-10-01" /><OBJECT OBJECTID="174971635" OBJECTGUID="43fa6d5d-0a1c-407d-826e-ae1a210c5e38" CHANGEID="689779229" ISACTIVE="1" LEVELID="9" CREATEDATE="2025-10-01" UPDATEDATE="2025-10-01" /><OBJECT OBJECTID="174971637" OBJECTGUID="196af1bf-7de3-423d-8425-d3bdec9bde9e" CHANGEID="689779231" ISACTIVE="1" LEVELID="9" CREATEDATE="2025-10-01" UPDATEDATE="2025-10-01" /><OBJECT OBJECTID="174971636" OBJECTGUID="2286e151-a673-4926-b96b-c9d0f5285340" CHANGEID="689779230" ISACTIVE="1" LEVELID="9" CREATEDATE="2025-10-01" UPDATEDATE="2025-10-01" /><OBJECT OBJECTID="174971638" OBJECTGUID="19ffaae1-566f-4ca6-a404-e362e592d02e" CHANGEID="689779232" ISACTIVE="1" LEVELID="9" CREATEDATE="2025-10-01" UPDATEDATE="2025-10-01" /><OBJECT OBJECTID="174971639" OBJECTGUID="718a7737-cb03-44fb-900d-87a2e8d6fe91" CHANGEID="689779233" ISACTIVE="1" LEVELID="9" CREATEDATE="2025-10-01" UPDATEDATE="2025-10-01" /><OBJECT OBJECTID="174971640" OBJECTGUID="f466b6f6-2de1-4d9e-9156-de6ca2d51b12" CHANGEID="689779234" ISACTIVE="1" LEVELID="9" CREATEDATE="2025-10-01" UPDATEDATE="2025-10-01" /><OBJECT OBJECTID="174971641" OBJECTGUID="27afe6ab-479d-4a8a-8282-1a7dea8c9dfe" CHANGEID="689779236" ISACTIVE="1" LEVELID="9" CREATEDATE="2025-10-01" UPDATEDATE="2025-10-01" /><OBJECT OBJECTID="174971642" OBJECTGUID="061a06f4-07d4-4950-ae93-b425c7858614" CHANGEID="689779237" ISACTIVE="1" LEVELID="9" CREATEDATE="2025-10-01" UPDATEDATE="2025-10-01" /><OBJECT OBJECTID="174971643" OBJECTGUID="73e9e7bc-f135-4bf5-84f2-1037021ab603" CHANGEID="689779238" ISACTIVE="1" LEVELID="9" CREATEDATE="2025-10-01" UPDATEDATE="2025-10-01" /><OBJECT OBJECTID="174971645" OBJECTGUID="8c734c37-ed7b-4160-9dea-c38402ac4f80" CHANGEID="689779240" ISACTIVE="1" LEVELID="9" CREATEDATE="2025-10-01" UPDATEDATE="2025-10-01" /><OBJECT OBJECTID="174971644" OBJECTGUID="067aa106-acf6-4054-a13b-3110339cd1f2" CHANGEID="689779239" ISACTIVE="1" LEVELID="9" CREATEDATE="2025-10-01" UPDATEDATE="2025-10-01" /><OBJECT OBJECTID="174971646" OBJECTGUID="e44540a9-b161-435f-ac1b-58132bdf2c5e" CHANGEID="689779241" ISACTIVE="1" LEVELID="9" CREATEDATE="2025-10-01" UPDATEDATE="2025-10-01" /><OBJECT OBJECTID="174971647" OBJECTGUID="3fa43b90-2e64-4ecc-812b-cb5769268923" CHANGEID="689779242" ISACTIVE="1" LEVELID="9" CREATEDATE="2025-10-01" UPDATEDATE="2025-10-01" /><OBJECT OBJECTID="174971648" OBJECTGUID="767daec4-83c6-48e0-a875-7879932cda77" CHANGEID="689779243" ISACTIVE="1" LEVELID="9" CREATEDATE="2025-10-01" UPDATEDATE="2025-10-01" /><OBJECT OBJECTID="174971650" OBJECTGUID="84110aa0-065c-4cd3-b715-1dad4bb12696" CHANGEID="689779245" ISACTIVE="1" LEVELID="9" CREATEDATE="2025-10-01" UPDATEDATE="2025-10-01" /><OBJECT OBJECTID="174971649" OBJECTGUID="3d6599c3-ea2e-4997-840a-edc870f9793a" CHANGEID="689779244" ISACTIVE="1" LEVELID="9" CREATEDATE="2025-10-01" UPDATEDATE="2025-10-01" /><OBJECT OBJECTID="174971651" OBJECTGUID="8b44f2ab-9282-4889-ab40-299236cd2502" CHANGEID="689779246" ISACTIVE="1" LEVELID="9" CREATEDATE="2025-10-01" UPDATEDATE="2025-10-01" /><OBJECT OBJECTID="174971652" OBJECTGUID="6741ac69-81a7-47f7-9318-835e70e2c7e2" CHANGEID="689779247" ISACTIVE="1" LEVELID="9" CREATEDATE="2025-10-01" UPDATEDATE="2025-10-01" /><OBJECT OBJECTID="174971653" OBJECTGUID="eeea984c-d176-4ad9-a7ac-cb73c60974fd" CHANGEID="689779248" ISACTIVE="1" LEVELID="9" CREATEDATE="2025-10-01" UPDATEDATE="2025-10-01" /><OBJECT OBJECTID="174971654" OBJECTGUID="5ea2e32b-ad44-4a29-a149-805ecfd1ede1" CHANGEID="689779249" ISACTIVE="1" LEVELID="9" CREATEDATE="2025-10-01" UPDATEDATE="2025-10-01" /><OBJECT OBJECTID="174971656" OBJECTGUID="9823d199-81ff-4c9d-a452-ea3210517ad2" CHANGEID="689779251" ISACTIVE="1" LEVELID="9" CREATEDATE="2025-10-01" UPDATEDATE="2025-10-01" /><OBJECT OBJECTID="174971658" OBJECTGUID="46453b60-1b49-4885-bec1-b05479cf8f3e" CHANGEID="689779253" ISACTIVE="1" LEVELID="9" CREATEDATE="2025-10-01" UPDATEDATE="2025-10-01" /><OBJECT OBJECTID="174971657" OBJECTGUID="dbe052ab-6f4f-4ecb-90f0-e5d5d7433613" CHANGEID="689779252" ISACTIVE="1" LEVELID="9" CREATEDATE="2025-10-01" UPDATEDATE="2025-10-01" /><OBJECT OBJECTID="174971659" OBJECTGUID="46293966-3d8b-454c-be54-915c231bdaea" CHANGEID="689779254" ISACTIVE="1" LEVELID="9" CREATEDATE="2025-10-01" UPDATEDATE="2025-10-01" /><OBJECT OBJECTID="174971660" OBJECTGUID="264f06c0-d1ba-4c70-a7e3-b5514c23f041" CHANGEID="689779255" ISACTIVE="1" LEVELID="9" CREATEDATE="2025-10-01" UPDATEDATE="2025-10-01" /><OBJECT OBJECTID="174971662" OBJECTGUID="ac4ccffe-55c6-4983-9251-0d8552dabb42" CHANGEID="689779257" ISACTIVE="1" LEVELID="9" CREATEDATE="2025-10-01" UPDATEDATE="2025-10-01" /><OBJECT OBJECTID="174971664" OBJECTGUID="0c5b162f-921e-453a-a1ca-c928deab32a3" CHANGEID="689779259" ISACTIVE="1" LEVELID="9" CREATEDATE="2025-10-01" UPDATEDATE="2025-10-01" /><OBJECT OBJECTID="174971663" OBJECTGUID="ffcb3fc0-e081-4219-95fe-54db657c0675" CHANGEID="689779258" ISACTIVE="1" LEVELID="9" CREATEDATE="2025-10-01" UPDATEDATE="2025-10-01" /><OBJECT OBJECTID="174971665" OBJECTGUID="28055eb2-bbb0-48e4-8e8c-4fbe5aa07167" CHANGEID="689779260" ISACTIVE="1" LEVELID="9" CREATEDATE="2025-10-01" UPDATEDATE="2025-10-01" /><OBJECT OBJECTID="174971666" OBJECTGUID="5e89b09d-01d4-4f16-8d26-fa80163b4545" CHANGEID="689779261" ISACTIVE="1" LEVELID="9" CREATEDATE="2025-10-01" UPDATEDATE="2025-10-01" /><OBJECT OBJECTID="174971667" OBJECTGUID="56e7f14a-50c7-4e27-a0ff-19d9d220421d" CHANGEID="689779262" ISACTIVE="1" LEVELID="9" CREATEDATE="2025-10-01" UPDATEDATE="2025-10-01" /><OBJECT OBJECTID="174971668" OBJECTGUID="c610ea0f-a03d-4f85-92de-0e10ad785dcd" CHANGEID="689779263" ISACTIVE="1" LEVELID="9" CREATEDATE="2025-10-01" UPDATEDATE="2025-10-01" /><OBJECT OBJECTID="174971669" OBJECTGUID="6b83dd7d-0941-446e-9bf6-4b5ca52dbb4c" CHANGEID="689779264" ISACTIVE="1" LEVELID="9" CREATEDATE="2025-10-01" UPDATEDATE="2025-10-01" /><OBJECT OBJECTID="174971670" OBJECTGUID="195e0640-4180-4c6a-b011-256b49de2056" CHANGEID="689779265" ISACTIVE="1" LEVELID="9" CREATEDATE="2025-10-01" UPDATEDATE="2025-10-01" /><OBJECT OBJECTID="174971671" OBJECTGUID="80a7fbe8-4294-4ef7-9320-e57c6e9e6cd0" CHANGEID="689779266" ISACTIVE="1" LEVELID="9" CREATEDATE="2025-10-01" UPDATEDATE="2025-10-01" /><OBJECT OBJECTID="174971672" OBJECTGUID="4b86e7e2-aec8-4b49-99e1-1869ad3c4be1" CHANGEID="689779267" ISACTIVE="1" LEVELID="9" CREATEDATE="2025-10-01" UPDATEDATE="2025-10-01" /><OBJECT OBJECTID="174971673" OBJECTGUID="5f870c97-0da9-4c5d-8849-345cd6b52dc5" CHANGEID="689779268" ISACTIVE="1" LEVELID="9" CREATEDATE="2025-10-01" UPDATEDATE="2025-10-01" /><OBJECT OBJECTID="174972070" OBJECTGUID="2bebd84c-cda5-4905-a098-43ed12a37e52" CHANGEID="689780235" ISACTIVE="1" LEVELID="10" CREATEDATE="2025-10-01" UPDATEDATE="2025-10-01" /><OBJECT OBJECTID="174852048" OBJECTGUID="d83e86e8-b424-47f3-9ae7-94ee1b0b085f" CHANGEID="689780575" ISACTIVE="1" LEVELID="10" CREATEDATE="2025-09-25" UPDATEDATE="2025-10-01" /><OBJECT OBJECTID="174972150" OBJECTGUID="4b78b10e-c5de-4e24-b395-85a054ae8278" CHANGEID="689780738" ISACTIVE="1" LEVELID="9" CREATEDATE="2025-10-01" UPDATEDATE="2025-10-01" /><OBJECT OBJECTID="174972187" OBJECTGUID="cbe66ee5-f4c7-4d49-bff6-bc646b268bc1" CHANGEID="689780804" ISACTIVE="1" LEVELID="9" CREATEDATE="2025-10-01" UPDATEDATE="2025-10-01" /><OBJECT OBJECTID="174972646" OBJECTGUID="e20210fb-6560-4051-8756-06b426a15286" CHANGEID="689781729" ISACTIVE="1" LEVELID="10" CREATEDATE="2025-10-01" UPDATEDATE="2025-10-01" /><OBJECT OBJECTID="24705536" OBJECTGUID="4c06658d-5f6a-4bc6-957d-3aea227aa11e" CHANGEID="689782557" ISACTIVE="1" LEVELID="10" CREATEDATE="2019-07-14" UPDATEDATE="2025-10-01" /><OBJECT OBJECTID="174973198" OBJECTGUID="caf901d8-fcac-46e7-b076-6ef04ea44980" CHANGEID="689783397" ISACTIVE="1" LEVELID="9" CREATEDATE="2025-10-01" UPDATEDATE="2025-10-01" /><OBJECT OBJECTID="174973217" OBJECTGUID="62fc866e-5bc1-4c25-95cd-958f4766b79b" CHANGEID="689783420" ISACTIVE="1" LEVELID="9" CREATEDATE="2025-10-01" UPDATEDATE="2025-10-01" /><OBJECT OBJECTID="174973219" OBJECTGUID="79e67f75-581e-4470-9e4c-0804e828da4c" CHANGEID="689783423" ISACTIVE="1" LEVELID="9" CREATEDATE="2025-10-01" UPDATEDATE="2025-10-01" /><OBJECT OBJECTID="174973222" OBJECTGUID="25d45018-5fa9-402a-94ae-47429a8d7db8" CHANGEID="689783431" ISACTIVE="1" LEVELID="10" CREATEDATE="2025-10-01" UPDATEDATE="2025-10-01" /><OBJECT OBJECTID="174973229" OBJECTGUID="98548e78-e0fc-4eb0-af88-acc9acc33f5d" CHANGEID="689783438" ISACTIVE="1" LEVELID="10" CREATEDATE="2025-10-01" UPDATEDATE="2025-10-01" /><OBJECT OBJECTID="174973230" OBJECTGUID="f10ba745-854d-4eb9-b668-ae8526958f4f" CHANGEID="689783440" ISACTIVE="1" LEVELID="10" CREATEDATE="2025-10-01" UPDATEDATE="2025-10-01" /><OBJECT OBJECTID="174973234" OBJECTGUID="3a050d18-ce04-4aee-a8c1-9cf34771ce21" CHANGEID="689783447" ISACTIVE="1" LEVELID="10" CREATEDATE="2025-10-01" UPDATEDATE="2025-10-01" /><OBJECT OBJECTID="174973235" OBJECTGUID="9bc1413e-7222-4de2-b690-671a11d6b2d0" CHANGEID="689783448" ISACTIVE="1" LEVELID="9" CREATEDATE="2025-10-01" UPDATEDATE="2025-10-01" /><OBJECT OBJECTID="174973238" OBJECTGUID="a4401867-e25f-4c54-bfc6-fcd27a132a0d" CHANGEID="689783454" ISACTIVE="1" LEVELID="10" CREATEDATE="2025-10-01" UPDATEDATE="2025-10-01" /><OBJECT OBJECTID="174973239" OBJECTGUID="a499f409-2b48-43f8-81ae-cea7f22a60f3" CHANGEID="689783455" ISACTIVE="1" LEVELID="9" CREATEDATE="2025-10-01" UPDATEDATE="2025-10-01" /><OBJECT OBJECTID="174973240" OBJECTGUID="0feabd5f-80b9-4073-bae1-de6020f0eeba" CHANGEID="689783456" ISACTIVE="1" LEVELID="9" CREATEDATE="2025-10-01" UPDATEDATE="2025-10-01" /><OBJECT OBJECTID="174973241" OBJECTGUID="12b29009-e9e6-4d90-8060-eec4d73661e4" CHANGEID="689783457" ISACTIVE="1" LEVELID="10" CREATEDATE="2025-10-01" UPDATEDATE="2025-10-01" /><OBJECT OBJECTID="174973242" OBJECTGUID="19af58bc-edf1-4eb8-87e5-9ba78af561e2" CHANGEID="689783460" ISACTIVE="1" LEVELID="9" CREATEDATE="2025-10-01" UPDATEDATE="2025-10-01" /><OBJECT OBJECTID="174973243" OBJECTGUID="ed20257c-e360-4b0b-87b2-37bb28774a32" CHANGEID="689783461" ISACTIVE="1" LEVELID="10" CREATEDATE="2025-10-01" UPDATEDATE="2025-10-01" /><OBJECT OBJECTID="174973245" OBJECTGUID="33bdcef5-c801-47dc-b642-2e3e7d6e3b2d" CHANGEID="689783533" ISACTIVE="1" LEVELID="9" CREATEDATE="2025-10-01" UPDATEDATE="2025-10-01" /><OBJECT OBJECTID="174973250" OBJECTGUID="c0a38d83-e45a-4a7c-a71b-422378d896a7" CHANGEID="689783539" ISACTIVE="1" LEVELID="9" CREATEDATE="2025-10-01" UPDATEDATE="2025-10-01" /><OBJECT OBJECTID="174973255" OBJECTGUID="3270542a-f824-47b9-9e79-951ae3e26320" CHANGEID="689783546" ISACTIVE="1" LEVELID="9" CREATEDATE="2025-10-01" UPDATEDATE="2025-10-01" /><OBJECT OBJECTID="174973266" OBJECTGUID="f36c27ee-7978-4993-b601-ad8b868f874c" CHANGEID="689783559" ISACTIVE="1" LEVELID="9" CREATEDATE="2025-10-01" UPDATEDATE="2025-10-01" /><OBJECT OBJECTID="174973267" OBJECTGUID="4ddb0208-43e1-410f-b941-8b24e45a888d" CHANGEID="689783560" ISACTIVE="1" LEVELID="9" CREATEDATE="2025-10-01" UPDATEDATE="2025-10-01" /><OBJECT OBJECTID="174973268" OBJECTGUID="62c36709-bc3e-43f0-9c09-825a8527b9bc" CHANGEID="689783563" ISACTIVE="1" LEVELID="9" CREATEDATE="2025-10-01" UPDATEDATE="2025-10-01" /><OBJECT OBJECTID="174973270" OBJECTGUID="5dc3537a-f38a-47e1-89fb-d6a18232229d" CHANGEID="689783566" ISACTIVE="1" LEVELID="9" CREATEDATE="2025-10-01" UPDATEDATE="2025-10-01" /><OBJECT OBJECTID="174973272" OBJECTGUID="6e719d34-a817-4bfd-bf79-6434b96d9700" CHANGEID="689783569" ISACTIVE="1" LEVELID="9" CREATEDATE="2025-10-01" UPDATEDATE="2025-10-01" /><OBJECT OBJECTID="174973273" OBJECTGUID="21f46f98-baee-41ac-b312-95149856c24a" CHANGEID="689783570" ISACTIVE="1" LEVELID="9" CREATEDATE="2025-10-01" UPDATEDATE="2025-10-01" /><OBJECT OBJECTID="174973274" OBJECTGUID="dee9634e-9748-4536-a965-a419324f7804" CHANGEID="689783571" ISACTIVE="1" LEVELID="10" CREATEDATE="2025-10-01" UPDATEDATE="2025-10-01" /><OBJECT OBJECTID="174973277" OBJECTGUID="a862bb27-8784-4558-abdd-5de2c4e6a28a" CHANGEID="689783574" ISACTIVE="1" LEVELID="9" CREATEDATE="2025-10-01" UPDATEDATE="2025-10-01" /><OBJECT OBJECTID="174973280" OBJECTGUID="ce647366-21b1-4e58-9ae4-e72770a3daa6" CHANGEID="689783577" ISACTIVE="1" LEVELID="9" CREATEDATE="2025-10-01" UPDATEDATE="2025-10-01" /><OBJECT OBJECTID="174973282" OBJECTGUID="d91f39b6-b4fa-45be-acae-c0f94e058cd8" CHANGEID="689783579" ISACTIVE="1" LEVELID="9" CREATEDATE="2025-10-01" UPDATEDATE="2025-10-01" /><OBJECT OBJECTID="174973283" OBJECTGUID="59ef5e02-2f74-490a-b7fc-17ceb28764d0" CHANGEID="689783588" ISACTIVE="1" LEVELID="9" CREATEDATE="2025-10-01" UPDATEDATE="2025-10-01" /><OBJECT OBJECTID="174973285" OBJECTGUID="72679b35-189b-42c8-92ce-bfded2245096" CHANGEID="689783591" ISACTIVE="1" LEVELID="9" CREATEDATE="2025-10-01" UPDATEDATE="2025-10-01" /><OBJECT OBJECTID="174973287" OBJECTGUID="bc34ada2-b484-4d4d-9a35-ded978f96e7d" CHANGEID="689783593" ISACTIVE="1" LEVELID="9" CREATEDATE="2025-10-01" UPDATEDATE="2025-10-01" /><OBJECT OBJECTID="174973298" OBJECTGUID="221c888e-fa2c-46c6-a501-a0ed6a444f73" CHANGEID="689783605" ISACTIVE="1" LEVELID="9" CREATEDATE="2025-10-01" UPDATEDATE="2025-10-01" /><OBJECT OBJECTID="174973301" OBJECTGUID="88ae6d93-a3d1-46ac-978e-f8d0bd26e27c" CHANGEID="689783608" ISACTIVE="1" LEVELID="9" CREATEDATE="2025-10-01" UPDATEDATE="2025-10-01" /><OBJECT OBJECTID="174973302" OBJECTGUID="e39be9f9-d62b-4265-9958-5d64d7944551" CHANGEID="689783610" ISACTIVE="1" LEVELID="9" CREATEDATE="2025-10-01" UPDATEDATE="2025-10-01" /><OBJECT OBJECTID="174973315" OBJECTGUID="c5925465-3ebb-40bd-8f13-3d8f61724370" CHANGEID="689783624" ISACTIVE="1" LEVELID="9" CREATEDATE="2025-10-01" UPDATEDATE="2025-10-01" /><OBJECT OBJECTID="174973316" OBJECTGUID="da5dcb10-bc69-4bb8-84dc-dde92c15c641" CHANGEID="689783627" ISACTIVE="1" LEVELID="9" CREATEDATE="2025-10-01" UPDATEDATE="2025-10-01" /><OBJECT OBJECTID="174973329" OBJECTGUID="beabf967-eefc-4e38-b72a-7a41c5deba42" CHANGEID="689783660" ISACTIVE="1" LEVELID="9" CREATEDATE="2025-10-01" UPDATEDATE="2025-10-01" /><OBJECT OBJECTID="174973332" OBJECTGUID="2dbe5aa2-f9f0-48d6-a613-2d7188e657d8" CHANGEID="689783670" ISACTIVE="1" LEVELID="9" CREATEDATE="2025-10-01" UPDATEDATE="2025-10-01" /><OBJECT OBJECTID="174973327" OBJECTGUID="dcba99ae-3cd0-429e-a54c-063761045c5f" CHANGEID="689783650" ISACTIVE="1" LEVELID="9" CREATEDATE="2025-10-01" UPDATEDATE="2025-10-01" /><OBJECT OBJECTID="174973335" OBJECTGUID="88a16112-23bd-4a62-97a7-b7a0cdfd39ab" CHANGEID="689783673" ISACTIVE="1" LEVELID="10" CREATEDATE="2025-10-01" UPDATEDATE="2025-10-01" /><OBJECT OBJECTID="174973336" OBJECTGUID="758dc079-464b-4ecb-9a12-b0fb811cfd4e" CHANGEID="689783674" ISACTIVE="1" LEVELID="10" CREATEDATE="2025-10-01" UPDATEDATE="2025-10-01" /><OBJECT OBJECTID="174973337" OBJECTGUID="1e9e03f3-96d6-4e0c-bbed-4768b4890f9c" CHANGEID="689783675" ISACTIVE="1" LEVELID="10" CREATEDATE="2025-10-01" UPDATEDATE="2025-10-01" /><OBJECT OBJECTID="174973338" OBJECTGUID="245d46bf-5ea1-472b-aef0-5d3e7dfaa331" CHANGEID="689783676" ISACTIVE="1" LEVELID="10" CREATEDATE="2025-10-01" UPDATEDATE="2025-10-01" /><OBJECT OBJECTID="174973339" OBJECTGUID="8154baad-c462-4521-ab16-ee29163eac73" CHANGEID="689783677" ISACTIVE="1" LEVELID="10" CREATEDATE="2025-10-01" UPDATEDATE="2025-10-01" /><OBJECT OBJECTID="174973340" OBJECTGUID="79689e64-2664-4aa8-ab3c-247af6fc2a19" CHANGEID="689783678" ISACTIVE="1" LEVELID="10" CREATEDATE="2025-10-01" UPDATEDATE="2025-10-01" /><OBJECT OBJECTID="174973341" OBJECTGUID="84d41e04-5743-4c1c-bba7-f66c5040876a" CHANGEID="689783679" ISACTIVE="1" LEVELID="10" CREATEDATE="2025-10-01" UPDATEDATE="2025-10-01" /><OBJECT OBJECTID="174973342" OBJECTGUID="90eaf75c-b77d-4c4b-b82d-128ad7c53dad" CHANGEID="689783680" ISACTIVE="1" LEVELID="10" CREATEDATE="2025-10-01" UPDATEDATE="2025-10-01" /><OBJECT OBJECTID="174973343" OBJECTGUID="6bcf8d4f-57b1-47c8-bb98-b519a7f8cecc" CHANGEID="689783681" ISACTIVE="1" LEVELID="10" CREATEDATE="2025-10-01" UPDATEDATE="2025-10-01" /><OBJECT OBJECTID="174973344" OBJECTGUID="abdb1944-35ad-4c34-b789-39bccf9abc7e" CHANGEID="689783682" ISACTIVE="1" LEVELID="10" CREATEDATE="2025-10-01" UPDATEDATE="2025-10-01" /><OBJECT OBJECTID="174973345" OBJECTGUID="867ab2cd-56d6-4141-839a-c8f8bd8a8870" CHANGEID="689783683" ISACTIVE="1" LEVELID="10" CREATEDATE="2025-10-01" UPDATEDATE="2025-10-01" /><OBJECT OBJECTID="174973346" OBJECTGUID="728170be-5246-4c14-8d99-cfbe094b25da" CHANGEID="689783684" ISACTIVE="1" LEVELID="10" CREATEDATE="2025-10-01" UPDATEDATE="2025-10-01" /><OBJECT OBJECTID="174973347" OBJECTGUID="b269713e-7d85-4725-a174-37d52cd4f21f" CHANGEID="689783685" ISACTIVE="1" LEVELID="10" CREATEDATE="2025-10-01" UPDATEDATE="2025-10-01" /><OBJECT OBJECTID="174973348" OBJECTGUID="08a86813-c7b4-4e09-876a-27efc4afcbca" CHANGEID="689783686" ISACTIVE="1" LEVELID="10" CREATEDATE="2025-10-01" UPDATEDATE="2025-10-01" /><OBJECT OBJECTID="174973353" OBJECTGUID="39c464e6-c6cd-4ddf-b3f5-166500250474" CHANGEID="689783694" ISACTIVE="1" LEVELID="9" CREATEDATE="2025-10-01" UPDATEDATE="2025-10-01" /><OBJECT OBJECTID="174973354" OBJECTGUID="1666eeb6-3099-40c4-a01a-372815d3e2ad" CHANGEID="689783695" ISACTIVE="1" LEVELID="9" CREATEDATE="2025-10-01" UPDATEDATE="2025-10-01" /><OBJECT OBJECTID="174973355" OBJECTGUID="c2f38f83-5c7d-4010-89d3-746139cac657" CHANGEID="689783698" ISACTIVE="1" LEVELID="9" CREATEDATE="2025-10-01" UPDATEDATE="2025-10-01" /><OBJECT OBJECTID="174973359" OBJECTGUID="4769bb32-81f5-4d45-bdd8-74bd162c0cd6" CHANGEID="689783705" ISACTIVE="1" LEVELID="10" CREATEDATE="2025-10-01" UPDATEDATE="2025-10-01" /><OBJECT OBJECTID="174976309" OBJECTGUID="6f034729-9f04-4a98-bb5b-ddb72a6da9ad" CHANGEID="689789668" ISACTIVE="1" LEVELID="10" CREATEDATE="2025-10-01" UPDATEDATE="2025-10-01" /><OBJECT OBJECTID="174976310" OBJECTGUID="ef213bdf-cefd-4660-b8ba-c425adf2583c" CHANGEID="689789669" ISACTIVE="1" LEVELID="10" CREATEDATE="2025-10-01" UPDATEDATE="2025-10-01" /><OBJECT OBJECTID="174976311" OBJECTGUID="105ec743-7c71-445d-bea2-775a979615e2" CHANGEID="689789670" ISACTIVE="1" LEVELID="10" CREATEDATE="2025-10-01" UPDATEDATE="2025-10-01" /><OBJECT OBJECTID="174976312" OBJECTGUID="387d7089-962a-45a8-ab8a-9b0c109c50ed" CHANGEID="689789671" ISACTIVE="1" LEVELID="10" CREATEDATE="2025-10-01" UPDATEDATE="2025-10-01" /><OBJECT OBJECTID="174976313" OBJECTGUID="087e66b6-d3bf-4ffb-9122-6a53cf2b76e7" CHANGEID="689789672" ISACTIVE="1" LEVELID="10" CREATEDATE="2025-10-01" UPDATEDATE="2025-10-01" /><OBJECT OBJECTID="174976314" OBJECTGUID="4ead38cf-f38f-4069-96c6-cf064da2972e" CHANGEID="689789673" ISACTIVE="1" LEVELID="10" CREATEDATE="2025-10-01" UPDATEDATE="2025-10-01" /><OBJECT OBJECTID="174976315" OBJECTGUID="202139a8-e2dc-478b-92d1-18f98190a852" CHANGEID="689789674" ISACTIVE="1" LEVELID="10" CREATEDATE="2025-10-01" UPDATEDATE="2025-10-01" /><OBJECT OBJECTID="174976365" OBJECTGUID="affb4829-bc76-4853-bd86-6d6b1fb69836" CHANGEID="689789919" ISACTIVE="1" LEVELID="10" CREATEDATE="2025-10-01" UPDATEDATE="2025-10-01" /><OBJECT OBJECTID="174976366" OBJECTGUID="62792d77-127f-4ff0-8cfb-9aa5cc1c9c07" CHANGEID="689789920" ISACTIVE="1" LEVELID="10" CREATEDATE="2025-10-01" UPDATEDATE="2025-10-01" /><OBJECT OBJECTID="174976367" OBJECTGUID="971f787d-5125-40f5-a4c2-cd246569db72" CHANGEID="689789921" ISACTIVE="1" LEVELID="10" CREATEDATE="2025-10-01" UPDATEDATE="2025-10-01" /><OBJECT OBJECTID="174976368" OBJECTGUID="75b8be5b-3ac0-4f9a-a112-9a4056fbc13a" CHANGEID="689789922" ISACTIVE="1" LEVELID="10" CREATEDATE="2025-10-01" UPDATEDATE="2025-10-01" /><OBJECT OBJECTID="174976369" OBJECTGUID="444f36b4-ebcc-48eb-bc78-a46f93b66001" CHANGEID="689789923" ISACTIVE="1" LEVELID="10" CREATEDATE="2025-10-01" UPDATEDATE="2025-10-01" /><OBJECT OBJECTID="174976370" OBJECTGUID="5787b2ee-fa77-4ac5-a6aa-9da87991bccf" CHANGEID="689789924" ISACTIVE="1" LEVELID="10" CREATEDATE="2025-10-01" UPDATEDATE="2025-10-01" /><OBJECT OBJECTID="174976371" OBJECTGUID="9ce9c6d1-744f-4f7d-8310-5faa9b0105c5" CHANGEID="689789925" ISACTIVE="1" LEVELID="10" CREATEDATE="2025-10-01" UPDATEDATE="2025-10-01" /><OBJECT OBJECTID="174976372" OBJECTGUID="334d79c2-0c9a-4fc5-b500-27faa234f94b" CHANGEID="689789926" ISACTIVE="1" LEVELID="10" CREATEDATE="2025-10-01" UPDATEDATE="2025-10-01" /><OBJECT OBJECTID="174976373" OBJECTGUID="21350a6c-6fff-49ec-8e85-97266ce0de20" CHANGEID="689789927" ISACTIVE="1" LEVELID="10" CREATEDATE="2025-10-01" UPDATEDATE="2025-10-01" /><OBJECT OBJECTID="174976374" OBJECTGUID="8ec5fb4a-4cff-4c90-a712-5f181ad49e47" CHANGEID="689789928" ISACTIVE="1" LEVELID="10" CREATEDATE="2025-10-01" UPDATEDATE="2025-10-01" /><OBJECT OBJECTID="174976375" OBJECTGUID="9677470f-0b7c-476e-b65a-84309e50a122" CHANGEID="689789929" ISACTIVE="1" LEVELID="10" CREATEDATE="2025-10-01" UPDATEDATE="2025-10-01" /><OBJECT OBJECTID="174976376" OBJECTGUID="4338781d-8f32-4453-8a46-ac7c1f2e964a" CHANGEID="689789930" ISACTIVE="1" LEVELID="10" CREATEDATE="2025-10-01" UPDATEDATE="2025-10-01" /><OBJECT OBJECTID="174976414" OBJECTGUID="096a8e46-f48b-4a91-b3ed-33f9b2bfaf5f" CHANGEID="689789978" ISACTIVE="1" LEVELID="9" CREATEDATE="2025-10-01" UPDATEDATE="2025-10-01" /><OBJECT OBJECTID="174976417" OBJECTGUID="ead88fd7-91ef-47f2-a2c4-3bfce0ff4eb6" CHANGEID="689789988" ISACTIVE="1" LEVELID="9" CREATEDATE="2025-10-01" UPDATEDATE="2025-10-01" /><OBJECT OBJECTID="174976432" OBJECTGUID="5d02159a-04ca-461e-a446-d0f6b6a29fcd" CHANGEID="689790026" ISACTIVE="1" LEVELID="9" CREATEDATE="2025-10-01" UPDATEDATE="2025-10-01" /><OBJECT OBJECTID="174976435" OBJECTGUID="a6bdbd9e-3222-4137-aaa6-e2349153138a" CHANGEID="689790041" ISACTIVE="1" LEVELID="10" CREATEDATE="2025-10-01" UPDATEDATE="2025-10-01" /><OBJECT OBJECTID="174976436" OBJECTGUID="fb6ce52f-c735-4d8b-ac4d-fc957c75b898" CHANGEID="689790042" ISACTIVE="1" LEVELID="10" CREATEDATE="2025-10-01" UPDATEDATE="2025-10-01" /><OBJECT OBJECTID="174976437" OBJECTGUID="7e598b68-764b-48d7-aa5b-d17652412cdb" CHANGEID="689790043" ISACTIVE="1" LEVELID="10" CREATEDATE="2025-10-01" UPDATEDATE="2025-10-01" /><OBJECT OBJECTID="174976525" OBJECTGUID="e25449af-fde4-421d-a3db-ca7f62d78167" CHANGEID="689790145" ISACTIVE="1" LEVELID="10" CREATEDATE="2025-10-01" UPDATEDATE="2025-10-01" /><OBJECT OBJECTID="174976526" OBJECTGUID="eefbe260-72da-425e-9fd0-9107e047d884" CHANGEID="689790146" ISACTIVE="1" LEVELID="10" CREATEDATE="2025-10-01" UPDATEDATE="2025-10-01" /><OBJECT OBJECTID="174976532" OBJECTGUID="08bfc3d0-c4d8-41ac-a1a4-5a8214ca3dbf" CHANGEID="689790156" ISACTIVE="1" LEVELID="9" CREATEDATE="2025-10-01" UPDATEDATE="2025-10-01" /><OBJECT OBJECTID="174976535" OBJECTGUID="46067700-b674-47f6-82a4-fa83004b7cd9" CHANGEID="689790160" ISACTIVE="1" LEVELID="10" CREATEDATE="2025-10-01" UPDATEDATE="2025-10-01" /><OBJECT OBJECTID="174976536" OBJECTGUID="88d8f401-d3a0-416c-8328-3284aec1a542" CHANGEID="689790161" ISACTIVE="1" LEVELID="10" CREATEDATE="2025-10-01" UPDATEDATE="2025-10-01" /><OBJECT OBJECTID="174976537" OBJECTGUID="b76af8c9-e462-4568-9ad7-0babc8ead384" CHANGEID="689790162" ISACTIVE="1" LEVELID="10" CREATEDATE="2025-10-01" UPDATEDATE="2025-10-01" /><OBJECT OBJECTID="174976540" OBJECTGUID="41d3c480-70bf-44a7-abad-cf10743c1550" CHANGEID="689790172" ISACTIVE="1" LEVELID="10" CREATEDATE="2025-10-01" UPDATEDATE="2025-10-01" /><OBJECT OBJECTID="174976545" OBJECTGUID="dd5793d2-d42b-4812-8024-02262136eabd" CHANGEID="689790184" ISACTIVE="1" LEVELID="9" CREATEDATE="2025-10-01" UPDATEDATE="2025-10-01" /><OBJECT OBJECTID="174976546" OBJECTGUID="513499ad-72b9-426e-8793-efa1718d9ec7" CHANGEID="689790186" ISACTIVE="1" LEVELID="10" CREATEDATE="2025-10-01" UPDATEDATE="2025-10-01" /><OBJECT OBJECTID="174976539" OBJECTGUID="3ee4ac83-4faf-4097-b4d0-8c7383c1f26d" CHANGEID="689790167" ISACTIVE="1" LEVELID="9" CREATEDATE="2025-10-01" UPDATEDATE="2025-10-01" /><OBJECT OBJECTID="174976551" OBJECTGUID="de39f37a-bb7d-40a0-940b-16a00ec17c1c" CHANGEID="689790195" ISACTIVE="1" LEVELID="10" CREATEDATE="2025-10-01" UPDATEDATE="2025-10-01" /><OBJECT OBJECTID="174976596" OBJECTGUID="665d7c4e-04ce-4afc-ab30-621d03af9c92" CHANGEID="689790334" ISACTIVE="1" LEVELID="10" CREATEDATE="2025-10-01" UPDATEDATE="2025-10-01" /><OBJECT OBJECTID="32771192" OBJECTGUID="f97c153b-bd7e-4d1f-ad27-68c7d124a89a" CHANGEID="689792656" ISACTIVE="1" LEVELID="10" CREATEDATE="2017-04-24" UPDATEDATE="2025-10-01" /><OBJECT OBJECTID="174978154" OBJECTGUID="dbf5727a-ff61-412d-99c2-f48e965ba98d" CHANGEID="689792717" ISACTIVE="1" LEVELID="9" CREATEDATE="2025-10-01" UPDATEDATE="2025-10-01" /><OBJECT OBJECTID="174978155" OBJECTGUID="bb9502d2-9dbd-492d-8583-87e622888f1b" CHANGEID="689792719" ISACTIVE="1" LEVELID="9" CREATEDATE="2025-10-01" UPDATEDATE="2025-10-01" /><OBJECT OBJECTID="174978158" OBJECTGUID="4e9a480a-7f9a-4dda-80dd-e911691f5521" CHANGEID="689792725" ISACTIVE="1" LEVELID="9" CREATEDATE="2025-10-01" UPDATEDATE="2025-10-01" /><OBJECT OBJECTID="174978160" OBJECTGUID="cc43bb18-78ae-4687-8e5f-c427b47f88e2" CHANGEID="689792730" ISACTIVE="1" LEVELID="9" CREATEDATE="2025-10-01" UPDATEDATE="2025-10-01" /><OBJECT OBJECTID="174978162" OBJECTGUID="de523b64-d312-4c22-9c3a-fb64b5161141" CHANGEID="689792734" ISACTIVE="1" LEVELID="9" CREATEDATE="2025-10-01" UPDATEDATE="2025-10-01" /><OBJECT OBJECTID="174978163" OBJECTGUID="8c7761a7-a6c8-4d6c-9769-0a6e5365e068" CHANGEID="689792736" ISACTIVE="1" LEVELID="9" CREATEDATE="2025-10-01" UPDATEDATE="2025-10-01" /><OBJECT OBJECTID="174978167" OBJECTGUID="9be291c6-719d-49d7-8f05-79e856fb1c95" CHANGEID="689792742" ISACTIVE="1" LEVELID="9" CREATEDATE="2025-10-01" UPDATEDATE="2025-10-01" /><OBJECT OBJECTID="174978166" OBJECTGUID="e1cd40f9-f4ac-4a3b-9bff-d34f560dfe43" CHANGEID="689792739" ISACTIVE="1" LEVELID="9" CREATEDATE="2025-10-01" UPDATEDATE="2025-10-01" /><OBJECT OBJECTID="174978169" OBJECTGUID="f0336e2d-d8b0-4df2-bc78-ed9ad42749f0" CHANGEID="689792746" ISACTIVE="1" LEVELID="9" CREATEDATE="2025-10-01" UPDATEDATE="2025-10-01" /><OBJECT OBJECTID="174978173" OBJECTGUID="0cb2d8ab-c6ed-400d-9dbf-59a69b99b095" CHANGEID="689792755" ISACTIVE="1" LEVELID="9" CREATEDATE="2025-10-01" UPDATEDATE="2025-10-01" /><OBJECT OBJECTID="174978205" OBJECTGUID="14c599af-dc8c-427b-a07d-5bdd58a83ee8" CHANGEID="689792796" ISACTIVE="1" LEVELID="9" CREATEDATE="2025-10-01" UPDATEDATE="2025-10-01" /><OBJECT OBJECTID="174978204" OBJECTGUID="377b4dc6-465b-4a50-a4b7-086ad7c932c0" CHANGEID="689792795" ISACTIVE="1" LEVELID="9" CREATEDATE="2025-10-01" UPDATEDATE="2025-10-01" /><OBJECT OBJECTID="174978208" OBJECTGUID="cb145faa-5f13-478a-8c82-df732b72b8b6" CHANGEID="689792803" ISACTIVE="1" LEVELID="9" CREATEDATE="2025-10-01" UPDATEDATE="2025-10-01" /><OBJECT OBJECTID="174978211" OBJECTGUID="a5324fd9-e605-4374-9713-fa6ad24786e7" CHANGEID="689792807" ISACTIVE="1" LEVELID="9" CREATEDATE="2025-10-01" UPDATEDATE="2025-10-01" /><OBJECT OBJECTID="174978215" OBJECTGUID="8826ea6e-59ac-4fab-b5a1-21271e29b7ed" CHANGEID="689792823" ISACTIVE="1" LEVELID="9" CREATEDATE="2025-10-01" UPDATEDATE="2025-10-01" /><OBJECT OBJECTID="174978220" OBJECTGUID="a9a94afa-7cbe-43cf-ba17-1ec25ffbc049" CHANGEID="689792830" ISACTIVE="1" LEVELID="9" CREATEDATE="2025-10-01" UPDATEDATE="2025-10-01" /><OBJECT OBJECTID="174978221" OBJECTGUID="9e91326e-bea9-4d23-9bea-27b57d92f2bf" CHANGEID="689792842" ISACTIVE="1" LEVELID="9" CREATEDATE="2025-10-01" UPDATEDATE="2025-10-01" /><OBJECT OBJECTID="174978223" OBJECTGUID="85fd7a86-2746-4a07-8d36-6f87b66be8b4" CHANGEID="689792850" ISACTIVE="1" LEVELID="9" CREATEDATE="2025-10-01" UPDATEDATE="2025-10-01" /><OBJECT OBJECTID="174978225" OBJECTGUID="63eb5463-3531-4b04-8dbe-071cbf40acc6" CHANGEID="689792854" ISACTIVE="1" LEVELID="9" CREATEDATE="2025-10-01" UPDATEDATE="2025-10-01" /><OBJECT OBJECTID="174978229" OBJECTGUID="cc29c8aa-c6d5-4790-b047-3a6a7c971172" CHANGEID="689792861" ISACTIVE="1" LEVELID="9" CREATEDATE="2025-10-01" UPDATEDATE="2025-10-01" /><OBJECT OBJECTID="174978230" OBJECTGUID="b3c5e0c3-ea05-4144-8c6e-b097810c74f3" CHANGEID="689792864" ISACTIVE="1" LEVELID="9" CREATEDATE="2025-10-01" UPDATEDATE="2025-10-01" /><OBJECT OBJECTID="174978232" OBJECTGUID="7225b21e-d1e7-4fe8-88ad-47633fa507b8" CHANGEID="689792871" ISACTIVE="1" LEVELID="9" CREATEDATE="2025-10-01" UPDATEDATE="2025-10-01" /><OBJECT OBJECTID="174978235" OBJECTGUID="96547af5-4534-4342-9d2a-f31c3b6cd439" CHANGEID="689792875" ISACTIVE="1" LEVELID="9" CREATEDATE="2025-10-01" UPDATEDATE="2025-10-01" /><OBJECT OBJECTID="174978237" OBJECTGUID="393b0f4c-e05c-47e3-82f6-084dc9f23389" CHANGEID="689792877" ISACTIVE="1" LEVELID="9" CREATEDATE="2025-10-01" UPDATEDATE="2025-10-01" /><OBJECT OBJECTID="174978240" OBJECTGUID="63a164b8-04bc-4343-93d2-4e5a1d607958" CHANGEID="689792880" ISACTIVE="1" LEVELID="9" CREATEDATE="2025-10-01" UPDATEDATE="2025-10-01" /><OBJECT OBJECTID="174978244" OBJECTGUID="aed5cca6-d722-4573-9efe-8f23dfb7da58" CHANGEID="689792886" ISACTIVE="1" LEVELID="9" CREATEDATE="2025-10-01" UPDATEDATE="2025-10-01" /><OBJECT OBJECTID="174978246" OBJECTGUID="bdf0f428-fe01-4ba6-8160-38c1b99d905f" CHANGEID="689792888" ISACTIVE="1" LEVELID="9" CREATEDATE="2025-10-01" UPDATEDATE="2025-10-01" /><OBJECT OBJECTID="174978248" OBJECTGUID="78e8aa48-e3e0-4625-b21e-7debb5faa8c1" CHANGEID="689792891" ISACTIVE="1" LEVELID="9" CREATEDATE="2025-10-01" UPDATEDATE="2025-10-01" /><OBJECT OBJECTID="174978280" OBJECTGUID="881ba8b9-946a-473e-9730-487e87a3257b" CHANGEID="689792928" ISACTIVE="1" LEVELID="9" CREATEDATE="2025-10-01" UPDATEDATE="2025-10-01" /><OBJECT OBJECTID="174978299" OBJECTGUID="52b98b13-f9a1-4216-b404-3215d702b548" CHANGEID="689792956" ISACTIVE="1" LEVELID="9" CREATEDATE="2025-10-01" UPDATEDATE="2025-10-01" /><OBJECT OBJECTID="103338501" OBJECTGUID="b84f0bc1-2e7b-4f1d-b6b0-1c65ef4b2f27" CHANGEID="689778617" ISACTIVE="1" LEVELID="10" CREATEDATE="2021-12-24" UPDATEDATE="2025-10-01" /><OBJECT OBJECTID="3944810" OBJECTGUID="31d865eb-17bd-4e54-859a-047cbd887b00" CHANGEID="689778293" ISACTIVE="1" LEVELID="10" CREATEDATE="2012-02-03" UPDATEDATE="2025-10-01" /><OBJECT OBJECTID="98171777" OBJECTGUID="e6691a1b-a7c2-40e6-86a3-f3e5b206003d" CHANGEID="689782663" ISACTIVE="1" LEVELID="10" CREATEDATE="2020-09-07" UPDATEDATE="2025-10-01" /><OBJECT OBJECTID="100715668" OBJECTGUID="fc8e702d-4481-4ee9-ac54-cc5d489d1ed7" CHANGEID="689779723" ISACTIVE="1" LEVELID="9" CREATEDATE="2021-03-26" UPDATEDATE="2025-10-01" /><OBJECT OBJECTID="100717461" OBJECTGUID="5571f8e7-b152-4d20-9305-06d3ff1e76bb" CHANGEID="689789948" ISACTIVE="1" LEVELID="10" CREATEDATE="2021-03-26" UPDATEDATE="2025-10-01" /><OBJECT OBJECTID="100717464" OBJECTGUID="8c1650e2-afc7-4062-b998-5a1068d2b01a" CHANGEID="689789979" ISACTIVE="1" LEVELID="10" CREATEDATE="2021-03-26" UPDATEDATE="2025-10-01" /><OBJECT OBJECTID="6956115" OBJECTGUID="ab651999-dd69-409b-8f7a-a944e17dd3e2" CHANGEID="689778618" ISACTIVE="1" LEVELID="10" CREATEDATE="2017-12-18" UPDATEDATE="2025-10-01" /><OBJECT OBJECTID="91237672" OBJECTGUID="0f1fea0c-6b91-40b4-9051-376b4c6eabb6" CHANGEID="689778292" ISACTIVE="1" LEVELID="9" CREATEDATE="2019-03-25" UPDATEDATE="2025-10-01" /><OBJECT OBJECTID="98868956" OBJECTGUID="09d25ed2-7054-4da6-8f30-ded5e2ee7eb0" CHANGEID="689782659" ISACTIVE="1" LEVELID="9" CREATEDATE="2020-10-28" UPDATEDATE="2025-10-01" /><OBJECT OBJECTID="88660770" OBJECTGUID="0e385c3b-b980-411a-8229-d68e26490361" CHANGEID="689720223" ISACTIVE="1" LEVELID="9" CREATEDATE="2019-03-25" UPDATEDATE="2025-09-30" /><OBJECT OBJECTID="159716392" OBJECTGUID="24578859-da03-42b5-a3bd-aadfb2b482eb" CHANGEID="689702721" ISACTIVE="1" LEVELID="11" CREATEDATE="2023-08-18" UPDATEDATE="2025-09-30" /><OBJECT OBJECTID="159716393" OBJECTGUID="4394a02a-a2c9-4319-aa0d-6898cfef9aa2" CHANGEID="689702722" ISACTIVE="1" LEVELID="11" CREATEDATE="2023-08-18" UPDATEDATE="2025-09-30" /><OBJECT OBJECTID="159716394" OBJECTGUID="70397843-dcbd-4b25-8065-50606c6d39a1" CHANGEID="689702723" ISACTIVE="1" LEVELID="11" CREATEDATE="2023-08-18" UPDATEDATE="2025-09-30" /><OBJECT OBJECTID="159716395" OBJECTGUID="70c49b52-8564-47f9-bc8e-4f754bab0793" CHANGEID="689702724" ISACTIVE="1" LEVELID="11" CREATEDATE="2023-08-18" UPDATEDATE="2025-09-30" /><OBJECT OBJECTID="159716396" OBJECTGUID="4b13c2d0-d03f-4415-8b11-241ff6cf32ae" CHANGEID="689702725" ISACTIVE="1" LEVELID="11" CREATEDATE="2023-08-18" UPDATEDATE="2025-09-30" /><OBJECT OBJECTID="159716397" OBJECTGUID="3caf3ec4-1292-4b71-a105-3555ef8c7199" CHANGEID="689702726" ISACTIVE="1" LEVELID="11" CREATEDATE="2023-08-18" UPDATEDATE="2025-09-30" /><OBJECT OBJECTID="159716362" OBJECTGUID="55fb8427-b23d-41ab-8a2c-4450188a0d5f" CHANGEID="689702727" ISACTIVE="1" LEVELID="11" CREATEDATE="2023-08-18" UPDATEDATE="2025-09-30" /><OBJECT OBJECTID="159716401" OBJECTGUID="0c236bfc-eb2f-41d2-882c-48b91ca2efe1" CHANGEID="689779742" ISACTIVE="1" LEVELID="11" CREATEDATE="2023-08-18" UPDATEDATE="2025-10-01" /><OBJECT OBJECTID="159716406" OBJECTGUID="3a4c0d34-a97b-4c8a-b980-67b3d09606c7" CHANGEID="689720022" ISACTIVE="1" LEVELID="11" CREATEDATE="2023-08-18" UPDATEDATE="2025-09-30" /><OBJECT OBJECTID="159716407" OBJECTGUID="af814e87-71e3-4fc7-be35-46b1ff5e1772" CHANGEID="689720023" ISACTIVE="1" LEVELID="11" CREATEDATE="2023-08-18" UPDATEDATE="2025-09-30" /><OBJECT OBJECTID="159716408" OBJECTGUID="ed45a9d7-463c-46fd-a4e0-29691c9d73cd" CHANGEID="689720026" ISACTIVE="1" LEVELID="11" CREATEDATE="2023-08-18" UPDATEDATE="2025-09-30" /><OBJECT OBJECTID="159716409" OBJECTGUID="85468590-e7a5-48ed-822d-f7b00aa40bf8" CHANGEID="689720027" ISACTIVE="1" LEVELID="11" CREATEDATE="2023-08-18" UPDATEDATE="2025-09-30" /><OBJECT OBJECTID="159716410" OBJECTGUID="7a6b1ab1-e94f-4e5b-837c-c5c4f5755757" CHANGEID="689720029" ISACTIVE="1" LEVELID="11" CREATEDATE="2023-08-18" UPDATEDATE="2025-09-30" /><OBJECT OBJECTID="159716411" OBJECTGUID="98c706c8-e239-4441-bd59-b5e96156070e" CHANGEID="689720031" ISACTIVE="1" LEVELID="11" CREATEDATE="2023-08-18" UPDATEDATE="2025-09-30" /><OBJECT OBJECTID="159716412" OBJECTGUID="6231ef40-d8d0-419f-b5d4-cb773482e337" CHANGEID="689720037" ISACTIVE="1" LEVELID="11" CREATEDATE="2023-08-18" UPDATEDATE="2025-09-30" /><OBJECT OBJECTID="63711812" OBJECTGUID="a72c45db-2f94-4491-816e-c1ba6c2ad31e" CHANGEID="689720263" ISACTIVE="1" LEVELID="10" CREATEDATE="2019-07-14" UPDATEDATE="2025-09-30" /><OBJECT OBJECTID="94529430" OBJECTGUID="de8003f6-c3d1-4cab-a71d-946b1ce206ff" CHANGEID="689790171" ISACTIVE="1" LEVELID="9" CREATEDATE="2019-12-03" UPDATEDATE="2025-10-01" /><OBJECT OBJECTID="87428983" OBJECTGUID="dd41dd40-7ba5-4f50-95d6-254fdcc7fad9" CHANGEID="689778259" ISACTIVE="1" LEVELID="9" CREATEDATE="2018-04-18" UPDATEDATE="2025-10-01" /><OBJECT OBJECTID="30274110" OBJECTGUID="54f1fb7d-5c5c-49e6-9277-3a6d9e9d3a0f" CHANGEID="689790054" ISACTIVE="1" LEVELID="10" CREATEDATE="2019-09-23" UPDATEDATE="2025-10-01" /><OBJECT OBJECTID="86845113" OBJECTGUID="d138e47f-92fc-494e-8bb8-a52860a36673" CHANGEID="689720164" ISACTIVE="1" LEVELID="9" CREATEDATE="2019-03-25" UPDATEDATE="2025-09-30" /><OBJECT OBJECTID="91617746" OBJECTGUID="e555386e-58a2-43f1-af94-58097ecb8eec" CHANGEID="689778416" ISACTIVE="1" LEVELID="9" CREATEDATE="2019-03-25" UPDATEDATE="2025-10-01" /><OBJECT OBJECTID="95654441" OBJECTGUID="0458cf01-aad3-4b8d-9463-2d6b431ec69c" CHANGEID="689623597" ISACTIVE="1" LEVELID="9" CREATEDATE="2020-02-19" UPDATEDATE="2025-09-29" /><OBJECT OBJECTID="64315939" OBJECTGUID="28ad78dd-594b-4664-a30e-3c237186ba12" CHANGEID="689703002" ISACTIVE="1" LEVELID="10" CREATEDATE="2017-12-14" UPDATEDATE="2025-09-30" /><OBJECT OBJECTID="64303646" OBJECTGUID="732d475c-8f55-4e7d-80b8-07e64093c973" CHANGEID="689703001" ISACTIVE="1" LEVELID="10" CREATEDATE="2017-12-17" UPDATEDATE="2025-09-30" /><OBJECT OBJECTID="61393542" OBJECTGUID="4df68091-7bfb-49fd-9568-a6a8554079fc" CHANGEID="689778622" ISACTIVE="1" LEVELID="10" CREATEDATE="2016-08-26" UPDATEDATE="2025-10-01" /><OBJECT OBJECTID="61392894" OBJECTGUID="9047d1d3-f03d-44db-82ca-a8ce02967035" CHANGEID="689778631" ISACTIVE="1" LEVELID="10" CREATEDATE="2016-08-26" UPDATEDATE="2025-10-01" /><OBJECT OBJECTID="37837810" OBJECTGUID="5159a418-38e3-4629-9ab8-61aa0272f475" CHANGEID="689778584" ISACTIVE="1" LEVELID="10" CREATEDATE="2016-08-25" UPDATEDATE="2025-10-01" /><OBJECT OBJECTID="39540972" OBJECTGUID="d8d8262e-b067-4c35-b5d5-fb6993ee6cca" CHANGEID="689793181" ISACTIVE="0" LEVELID="10" CREATEDATE="2019-07-14" UPDATEDATE="2025-10-01" /><OBJECT OBJECTID="3239054" OBJECTGUID="a16e9182-4a72-41d6-bb8c-bbc91ae86380" CHANGEID="689705142" ISACTIVE="1" LEVELID="10" CREATEDATE="2019-07-14" UPDATEDATE="2025-09-30" /><OBJECT OBJECTID="57756600" OBJECTGUID="29a761ec-6e0f-4dc6-b884-c4f191126f4c" CHANGEID="689644028" ISACTIVE="1" LEVELID="10" CREATEDATE="2019-07-14" UPDATEDATE="2025-09-29" /><OBJECT OBJECTID="24649092" OBJECTGUID="4d2a29bc-6414-48c3-8fb7-316e4c771410" CHANGEID="689782539" ISACTIVE="1" LEVELID="10" CREATEDATE="2019-07-14" UPDATEDATE="2025-10-01" /><OBJECT OBJECTID="40699541" OBJECTGUID="bcfa3d7a-0bee-4185-98f5-bca974c141ea" CHANGEID="689778616" ISACTIVE="1" LEVELID="10" CREATEDATE="2017-12-18" UPDATEDATE="2025-10-01" /><OBJECT OBJECTID="72596973" OBJECTGUID="2cae947c-3dab-46b4-9ef9-d05351f26a0c" CHANGEID="689777849" ISACTIVE="0" LEVELID="10" CREATEDATE="2019-07-14" UPDATEDATE="2025-10-01" /><OBJECT OBJECTID="81408787" OBJECTGUID="48703a19-7ee8-4423-8835-5844c0f8a0e4" CHANGEID="689623593" ISACTIVE="1" LEVELID="10" CREATEDATE="2019-07-14" UPDATEDATE="2025-09-29" /><OBJECT OBJECTID="79400989" OBJECTGUID="a9a3c65c-7723-44df-ab34-3d044a7c4c37" CHANGEID="689778601" ISACTIVE="1" LEVELID="10" CREATEDATE="2017-08-01" UPDATEDATE="2025-10-01" /><OBJECT OBJECTID="6583693" OBJECTGUID="59500f8b-8c42-4b41-9308-d821820e872c" CHANGEID="689780812" ISACTIVE="1" LEVELID="10" CREATEDATE="2019-07-14" UPDATEDATE="2025-10-01" /><OBJECT OBJECTID="73426874" OBJECTGUID="93cae58a-7321-4134-892f-24741d4e2693" CHANGEID="689779235" ISACTIVE="1" LEVELID="10" CREATEDATE="2018-10-17" UPDATEDATE="2025-10-01" /><OBJECT OBJECTID="79332265" OBJECTGUID="865495bd-33e9-4870-afaf-02b5f8a02dac" CHANGEID="689778632" ISACTIVE="1" LEVELID="10" CREATEDATE="2016-05-26" UPDATEDATE="2025-10-01" /><OBJECT OBJECTID="78047382" OBJECTGUID="3ea6da12-f67f-4670-b452-b8c18dda13db" CHANGEID="689778347" ISACTIVE="1" LEVELID="10" CREATEDATE="2019-07-14" UPDATEDATE="2025-10-01" /><OBJECT OBJECTID="78051230" OBJECTGUID="3473030b-fb8e-457e-9bfb-e6c5f0528ee1" CHANGEID="689780645" ISACTIVE="1" LEVELID="10" CREATEDATE="2019-07-14" UPDATEDATE="2025-10-01" /><OBJECT OBJECTID="78095655" OBJECTGUID="a1e03d19-60bb-442d-bfc6-50f6296feabf" CHANGEID="689778349" ISACTIVE="1" LEVELID="10" CREATEDATE="2019-07-14" UPDATEDATE="2025-10-01" /><OBJECT OBJECTID="34986322" OBJECTGUID="e22e527a-433a-411b-9e2a-933030541746" CHANGEID="689778600" ISACTIVE="1" LEVELID="10" CREATEDATE="2017-12-18" UPDATEDATE="2025-10-01" /><OBJECT OBJECTID="64405609" OBJECTGUID="20e11818-a62e-4f48-a321-99d717650006" CHANGEID="689778654" ISACTIVE="1" LEVELID="10" CREATEDATE="2019-07-14" UPDATEDATE="2025-10-01" /><OBJECT OBJECTID="51025399" OBJECTGUID="fd0f8bba-f4db-4ef2-99fd-1ff4b0b01b3f" CHANGEID="689644039" ISACTIVE="1" LEVELID="10" CREATEDATE="2017-12-17" UPDATEDATE="2025-09-29" /><OBJECT OBJECTID="5983379" OBJECTGUID="4855cce7-290b-4c7b-ac76-4c8a411f87f2" CHANGEID="689778002" ISACTIVE="0" LEVELID="10" CREATEDATE="2017-12-18" UPDATEDATE="2025-10-01" /><OBJECT OBJECTID="65420648" OBJECTGUID="6171f9af-b510-4f74-b99e-7f2efb63d7c9" CHANGEID="689623598" ISACTIVE="1" LEVELID="10" CREATEDATE="2019-07-14" UPDATEDATE="2025-09-29" /><OBJECT OBJECTID="51149582" OBJECTGUID="c26325f2-70d1-4ff9-bafd-d0f84c6ec680" CHANGEID="689669548" ISACTIVE="1" LEVELID="10" CREATEDATE="2019-07-14" UPDATEDATE="2025-09-29" /><OBJECT OBJECTID="17233303" OBJECTGUID="f42170ab-62e7-443b-b513-c8696a9a015d" CHANGEID="689623629" ISACTIVE="1" LEVELID="10" CREATEDATE="2019-07-14" UPDATEDATE="2025-09-29" /><OBJECT OBJECTID="17246156" OBJECTGUID="415d2f2c-6633-4f90-824c-e8a0df6d6d2e" CHANGEID="689778342" ISACTIVE="1" LEVELID="10" CREATEDATE="2019-07-14" UPDATEDATE="2025-10-01" /><OBJECT OBJECTID="66001413" OBJECTGUID="c9c6d4c0-7fda-422b-a778-20350ea00f6d" CHANGEID="689780789" ISACTIVE="1" LEVELID="10" CREATEDATE="2017-04-24" UPDATEDATE="2025-10-01" /><OBJECT OBJECTID="33895751" OBJECTGUID="a838c4fc-f4f8-4933-bba9-8c7b63b4437e" CHANGEID="689793148" ISACTIVE="1" LEVELID="10" CREATEDATE="2019-07-14" UPDATEDATE="2025-10-01" /><OBJECT OBJECTID="3934345" OBJECTGUID="335ead3f-87ba-4bd7-97a4-f8a5033a6fb4" CHANGEID="689778294" ISACTIVE="1" LEVELID="10" CREATEDATE="2019-07-14" UPDATEDATE="2025-10-01" /><OBJECT OBJECTID="3944105" OBJECTGUID="be8b81d7-5d4e-402f-87b5-08d63f86c866" CHANGEID="689778289" ISACTIVE="1" LEVELID="10" CREATEDATE="2017-12-17" UPDATEDATE="2025-10-01" /><OBJECT OBJECTID="79165840" OBJECTGUID="39bc070f-adf1-4a13-8dda-1de453fe37b6" CHANGEID="689623571" ISACTIVE="1" LEVELID="10" CREATEDATE="2016-05-30" UPDATEDATE="2025-09-29" /><OBJECT OBJECTID="21978120" OBJECTGUID="5e940772-fc6e-484e-ba69-10d4c2ddf6c5" CHANGEID="689623627" ISACTIVE="1" LEVELID="10" CREATEDATE="2012-02-02" UPDATEDATE="2025-09-29" /><OBJECT OBJECTID="22114226" OBJECTGUID="e5cb3e58-e436-4429-88a2-c24e93fb7d99" CHANGEID="689778282" ISACTIVE="1" LEVELID="10" CREATEDATE="2017-04-24" UPDATEDATE="2025-10-01" /><OBJECT OBJECTID="22094015" OBJECTGUID="84e57a18-e874-45a0-a23c-01edbcb51439" CHANGEID="689778284" ISACTIVE="1" LEVELID="10" CREATEDATE="2016-05-30" UPDATEDATE="2025-10-01" /><OBJECT OBJECTID="101137987" OBJECTGUID="6eb6abce-2aee-49f9-9d7d-43c4512b30d3" CHANGEID="689778606" ISACTIVE="1" LEVELID="10" CREATEDATE="2021-05-04" UPDATEDATE="2025-10-01" /><OBJECT OBJECTID="48800927" OBJECTGUID="b913d371-6cfc-4797-86b0-a73d8425d154" CHANGEID="689702742" ISACTIVE="1" LEVELID="10" CREATEDATE="2019-07-14" UPDATEDATE="2025-09-30" /><OBJECT OBJECTID="93541703" OBJECTGUID="11245afd-b306-4322-8a86-a6beac64a4e9" CHANGEID="689782726" ISACTIVE="1" LEVELID="9" CREATEDATE="2019-10-23" UPDATEDATE="2025-10-01" /><OBJECT OBJECTID="86786510" OBJECTGUID="11dee068-3567-44fe-a7e1-14132d2920d5" CHANGEID="689702739" ISACTIVE="1" LEVELID="9" CREATEDATE="2019-03-25" UPDATEDATE="2025-09-30" /><OBJECT OBJECTID="163769936" OBJECTGUID="34833443-4233-41b7-b9f6-2aba49015aa3" CHANGEID="689705966" ISACTIVE="0" LEVELID="10" CREATEDATE="2024-06-04" UPDATEDATE="2025-09-30" /><OBJECT OBJECTID="100065116" OBJECTGUID="69bf5e09-19e1-4602-8e97-575e75a45fae" CHANGEID="689783320" ISACTIVE="1" LEVELID="10" CREATEDATE="2021-01-26" UPDATEDATE="2025-10-01" /><OBJECT OBJECTID="22055750" OBJECTGUID="9fb4893e-0ff9-405c-95f8-753f999bfa20" CHANGEID="689778285" ISACTIVE="1" LEVELID="10" CREATEDATE="2019-07-14" UPDATEDATE="2025-10-01" /><OBJECT OBJECTID="51155636" OBJECTGUID="6769bdc9-d610-4c4d-a040-c1b9dfc5bcf5" CHANGEID="689669615" ISACTIVE="1" LEVELID="10" CREATEDATE="2017-04-24" UPDATEDATE="2025-09-29" /><OBJECT OBJECTID="16354941" OBJECTGUID="2ddf39ea-2476-46ab-ad44-d33a990a9367" CHANGEID="689702695" ISACTIVE="1" LEVELID="10" CREATEDATE="2019-07-14" UPDATEDATE="2025-09-30" /><OBJECT OBJECTID="35118793" OBJECTGUID="25b763a5-6b2f-4480-acf7-9e43e3da68f7" CHANGEID="689778301" ISACTIVE="1" LEVELID="10" CREATEDATE="2019-07-14" UPDATEDATE="2025-10-01" /><OBJECT OBJECTID="51041499" OBJECTGUID="5648df05-b65f-4460-b39b-4a329088f28b" CHANGEID="689644058" ISACTIVE="1" LEVELID="10" CREATEDATE="2019-07-14" UPDATEDATE="2025-09-29" /><OBJECT OBJECTID="30477729" OBJECTGUID="bf97e151-58b6-45b2-ab0e-015ce41eb058" CHANGEID="689702745" ISACTIVE="1" LEVELID="10" CREATEDATE="2017-12-17" UPDATEDATE="2025-09-30" /><OBJECT OBJECTID="90443684" OBJECTGUID="1cd7094d-0e4c-47b7-bd43-255aa64475a8" CHANGEID="689789983" ISACTIVE="1" LEVELID="9" CREATEDATE="2019-09-30" UPDATEDATE="2025-10-01" /><OBJECT OBJECTID="86631338" OBJECTGUID="23e81907-2206-49cf-ba71-35d416de32f1" CHANGEID="689720160" ISACTIVE="1" LEVELID="9" CREATEDATE="2019-09-19" UPDATEDATE="2025-09-30" /><OBJECT OBJECTID="93247100" OBJECTGUID="2b27c4d4-5640-4ca2-80ae-3eaf53b471c8" CHANGEID="689778399" ISACTIVE="1" LEVELID="9" CREATEDATE="2019-09-19" UPDATEDATE="2025-10-01" /><OBJECT OBJECTID="94680467" OBJECTGUID="30f4260c-d982-4d02-b37d-2066242375a9" CHANGEID="689778286" ISACTIVE="1" LEVELID="9" CREATEDATE="2019-10-12" UPDATEDATE="2025-10-01" /><OBJECT OBJECTID="90491427" OBJECTGUID="291727cc-a459-47ed-a9ea-ff85fe5fb496" CHANGEID="689778379" ISACTIVE="1" LEVELID="9" CREATEDATE="2019-03-25" UPDATEDATE="2025-10-01" /><OBJECT OBJECTID="87979411" OBJECTGUID="420786c3-1805-4eb2-8a10-b5488ba42c22" CHANGEID="689720225" ISACTIVE="1" LEVELID="9" CREATEDATE="2019-03-25" UPDATEDATE="2025-09-30" /><OBJECT OBJECTID="94451000" OBJECTGUID="460c1a99-8869-4c0a-860a-f1b00b34b4da" CHANGEID="689778288" ISACTIVE="1" LEVELID="9" CREATEDATE="2019-11-28" UPDATEDATE="2025-10-01" /><OBJECT OBJECTID="88818514" OBJECTGUID="4cff97a1-5027-43b9-9685-0d7e1445f65d" CHANGEID="689672479" ISACTIVE="1" LEVELID="9" CREATEDATE="2019-03-25" UPDATEDATE="2025-09-29" /><OBJECT OBJECTID="158622060" OBJECTGUID="5c1b92ef-9064-42e5-b2c1-1fd88806a7cf" CHANGEID="689702007" ISACTIVE="1" LEVELID="9" CREATEDATE="2023-04-18" UPDATEDATE="2025-09-30" /><OBJECT OBJECTID="89424245" OBJECTGUID="648da628-dbd7-414a-b3dd-549663162db3" CHANGEID="689706061" ISACTIVE="1" LEVELID="9" CREATEDATE="2019-05-31" UPDATEDATE="2025-09-30" /><OBJECT OBJECTID="92904175" OBJECTGUID="57ddc597-d1d6-4198-b0f3-ee454fbdb457" CHANGEID="689780702" ISACTIVE="1" LEVELID="9" CREATEDATE="2019-10-19" UPDATEDATE="2025-10-01" /><OBJECT OBJECTID="92259030" OBJECTGUID="73889747-570c-40d4-a91b-b03ba8099707" CHANGEID="689720162" ISACTIVE="1" LEVELID="9" CREATEDATE="2019-11-28" UPDATEDATE="2025-09-30" /><OBJECT OBJECTID="92932192" OBJECTGUID="79ff12dc-03b5-44b4-9b3d-f245e24feb37" CHANGEID="689720163" ISACTIVE="1" LEVELID="9" CREATEDATE="2019-10-19" UPDATEDATE="2025-09-30" /><OBJECT OBJECTID="85903833" OBJECTGUID="73f25bff-7cd9-4efc-b5ef-20dc0e0290d7" CHANGEID="689720158" ISACTIVE="1" LEVELID="9" CREATEDATE="2019-03-25" UPDATEDATE="2025-09-30" /><OBJECT OBJECTID="89231434" OBJECTGUID="7657ffc1-3c65-472a-8681-65388d8485f5" CHANGEID="689778261" ISACTIVE="1" LEVELID="9" CREATEDATE="2019-12-19" UPDATEDATE="2025-10-01" /><OBJECT OBJECTID="86990860" OBJECTGUID="90ff7f43-12cb-4e46-a4f6-9e141f617da9" CHANGEID="689778264" ISACTIVE="1" LEVELID="9" CREATEDATE="2019-03-21" UPDATEDATE="2025-10-01" /><OBJECT OBJECTID="86846164" OBJECTGUID="92ca11c9-7ddc-44d6-8693-b5ad8b16b6f3" CHANGEID="689643952" ISACTIVE="1" LEVELID="9" CREATEDATE="2019-03-25" UPDATEDATE="2025-09-29" /><OBJECT OBJECTID="90675302" OBJECTGUID="9664b790-bebb-4718-b3ee-4065c6a050f6" CHANGEID="689782352" ISACTIVE="1" LEVELID="9" CREATEDATE="2019-12-19" UPDATEDATE="2025-10-01" /><OBJECT OBJECTID="88069286" OBJECTGUID="93632214-1e9d-4084-adc7-83141c460b39" CHANGEID="689626600" ISACTIVE="1" LEVELID="9" CREATEDATE="2018-11-28" UPDATEDATE="2025-09-29" /><OBJECT OBJECTID="91647755" OBJECTGUID="9ee47cca-dbb6-4f83-ad2d-66496667d654" CHANGEID="689782323" ISACTIVE="1" LEVELID="9" CREATEDATE="2019-12-20" UPDATEDATE="2025-10-01" /><OBJECT OBJECTID="95030505" OBJECTGUID="a2736847-db9a-4b80-b57e-1683a58135c5" CHANGEID="689780778" ISACTIVE="1" LEVELID="9" CREATEDATE="2019-09-25" UPDATEDATE="2025-10-01" /><OBJECT OBJECTID="87514725" OBJECTGUID="9fa99fc9-654b-4bb4-8d1b-3016bd58a298" CHANGEID="689644004" ISACTIVE="1" LEVELID="9" CREATEDATE="2019-03-25" UPDATEDATE="2025-09-29" /><OBJECT OBJECTID="88466923" OBJECTGUID="b16acc50-08f7-4ea3-b8e2-0a7b1955276b" CHANGEID="689702741" ISACTIVE="1" LEVELID="9" CREATEDATE="2019-03-21" UPDATEDATE="2025-09-30" /><OBJECT OBJECTID="93665881" OBJECTGUID="a667675c-483d-42f5-9efa-2898e4b5dafe" CHANGEID="689643943" ISACTIVE="1" LEVELID="9" CREATEDATE="2019-10-01" UPDATEDATE="2025-09-29" /><OBJECT OBJECTID="94311868" OBJECTGUID="cc18cd0b-3d1b-4216-b0e6-4b59c1d2ad82" CHANGEID="689782326" ISACTIVE="1" LEVELID="9" CREATEDATE="2019-09-24" UPDATEDATE="2025-10-01" /><OBJECT OBJECTID="88926789" OBJECTGUID="c5a17aaa-2873-4831-8987-f8e2aed83743" CHANGEID="689720161" ISACTIVE="1" LEVELID="9" CREATEDATE="2019-03-25" UPDATEDATE="2025-09-30" /><OBJECT OBJECTID="100714940" OBJECTGUID="b6f2ff6b-e3cf-4493-ae17-24bd4dc42e05" CHANGEID="689705970" ISACTIVE="0" LEVELID="9" CREATEDATE="2021-03-26" UPDATEDATE="2025-09-30" /><OBJECT OBJECTID="86840602" OBJECTGUID="c708b36f-ae12-4dd6-ac2a-3a9b70e4a74f" CHANGEID="689702736" ISACTIVE="1" LEVELID="9" CREATEDATE="2019-03-25" UPDATEDATE="2025-09-30" /><OBJECT OBJECTID="90014433" OBJECTGUID="da804e46-b401-4162-913b-8c1d8a8f6969" CHANGEID="689705176" ISACTIVE="1" LEVELID="9" CREATEDATE="2018-12-11" UPDATEDATE="2025-09-30" /></REESTR_OBJECTS>