﻿<?xml version="1.0" encoding="utf-8"?><STEADS><STEAD ID="2241992" OBJECTID="86786510" OBJECTGUID="11dee068-3567-44fe-a7e1-14132d2920d5" CHANGEID="128679780" NUMBER="7" OPERTYPEID="10" NEXTID="74180675" UPDATEDATE="2025-09-30" STARTDATE="1900-01-01" ENDDATE="2025-09-30" ISACTUAL="0" ISACTIVE="0" /><STEAD ID="2886930" OBJECTID="87428983" OBJECTGUID="dd41dd40-7ba5-4f50-95d6-254fdcc7fad9" CHANGEID="129506346" NUMBER="16/1" OPERTYPEID="10" NEXTID="74196738" UPDATEDATE="2025-10-01" STARTDATE="2016-01-26" ENDDATE="2025-10-01" ISACTUAL="0" ISACTIVE="0" /><STEAD ID="74162770" OBJECTID="174909455" OBJECTGUID="d88af910-8e4c-4e46-988c-b7f5c66eb65f" CHANGEID="689623620" NUMBER="39Б" OPERTYPEID="10" PREVID="0" NEXTID="0" UPDATEDATE="2025-09-29" STARTDATE="2025-09-29" ENDDATE="2079-06-06" ISACTUAL="1" ISACTIVE="1" /><STEAD ID="74162771" OBJECTID="174909456" OBJECTGUID="740c5645-69b4-4089-9b03-22890b52bf2d" CHANGEID="689623621" NUMBER="39А" OPERTYPEID="10" PREVID="0" NEXTID="0" UPDATEDATE="2025-09-29" STARTDATE="2025-09-29" ENDDATE="2079-06-06" ISACTUAL="1" ISACTIVE="1" /><STEAD ID="74162941" OBJECTID="174909651" OBJECTGUID="977c59c8-3b2d-4eca-9594-99061d45db21" CHANGEID="689623900" NUMBER="19" OPERTYPEID="10" PREVID="0" NEXTID="0" UPDATEDATE="2025-09-29" STARTDATE="2025-09-29" ENDDATE="2079-06-06" ISACTUAL="1" ISACTIVE="1" /><STEAD ID="74162942" OBJECTID="174909652" OBJECTGUID="072d0d7d-c7b4-41f6-990b-ec5adafaf2dc" CHANGEID="689623901" NUMBER="28" OPERTYPEID="10" PREVID="0" NEXTID="0" UPDATEDATE="2025-09-29" STARTDATE="2025-09-29" ENDDATE="2079-06-06" ISACTUAL="1" ISACTIVE="1" /><STEAD ID="74163380" OBJECTID="174910146" OBJECTGUID="0f3c15bf-c876-4692-bb0a-0a265b50fa24" CHANGEID="689624682" NUMBER="4Д" OPERTYPEID="10" PREVID="0" NEXTID="0" UPDATEDATE="2025-09-29" STARTDATE="2025-09-29" ENDDATE="2079-06-06" ISACTUAL="1" ISACTIVE="1" /><STEAD ID="74164476" OBJECTID="174911982" OBJECTGUID="769ae0b1-6daf-44c9-8a83-1efa92a7b8e3" CHANGEID="689629548" NUMBER="24А" OPERTYPEID="10" PREVID="0" NEXTID="0" UPDATEDATE="2025-09-29" STARTDATE="2025-09-29" ENDDATE="2079-06-06" ISACTUAL="1" ISACTIVE="1" /><STEAD ID="74166430" OBJECTID="174915053" OBJECTGUID="0116e1c5-f8da-407f-9235-69eb6d6e6cc3" CHANGEID="689636790" NUMBER="80" OPERTYPEID="10" PREVID="0" NEXTID="0" UPDATEDATE="2025-09-29" STARTDATE="2025-09-29" ENDDATE="2079-06-06" ISACTUAL="1" ISACTIVE="1" /><STEAD ID="74166432" OBJECTID="174915055" OBJECTGUID="3f891a37-14d7-4877-9059-00505598818a" CHANGEID="689636792" NUMBER="19А" OPERTYPEID="10" PREVID="0" NEXTID="0" UPDATEDATE="2025-09-29" STARTDATE="2025-09-29" ENDDATE="2079-06-06" ISACTUAL="1" ISACTIVE="1" /><STEAD ID="74166434" OBJECTID="174915057" OBJECTGUID="bab0353c-3333-4f7c-8575-3e1f1c447086" CHANGEID="689636794" NUMBER="22" OPERTYPEID="10" PREVID="0" NEXTID="0" UPDATEDATE="2025-09-29" STARTDATE="2025-09-29" ENDDATE="2079-06-06" ISACTUAL="1" ISACTIVE="1" /><STEAD ID="74166431" OBJECTID="174915054" OBJECTGUID="17c82e05-d359-4048-8c46-5f12d6909dd4" CHANGEID="689636791" NUMBER="8Б" OPERTYPEID="10" PREVID="0" NEXTID="0" UPDATEDATE="2025-09-29" STARTDATE="2025-09-29" ENDDATE="2079-06-06" ISACTUAL="1" ISACTIVE="1" /><STEAD ID="74166433" OBJECTID="174915056" OBJECTGUID="ffd62622-3ebd-4d5f-a791-8fad3dd0e4de" CHANGEID="689636793" NUMBER="65" OPERTYPEID="10" PREVID="0" NEXTID="0" UPDATEDATE="2025-09-29" STARTDATE="2025-09-29" ENDDATE="2079-06-06" ISACTUAL="1" ISACTIVE="1" /><STEAD ID="74168010" OBJECTID="174918411" OBJECTGUID="9d7c93eb-e3b5-4aff-94dc-2161c9bde7dc" CHANGEID="689643603" NUMBER="1" OPERTYPEID="10" PREVID="0" NEXTID="0" UPDATEDATE="2025-09-29" STARTDATE="2025-09-29" ENDDATE="2079-06-06" ISACTUAL="1" ISACTIVE="1" /><STEAD ID="74168121" OBJECTID="174918565" OBJECTGUID="4a12f916-5bd6-4d39-8bf2-8a79c23880d6" CHANGEID="689643940" NUMBER="59" OPERTYPEID="10" PREVID="0" NEXTID="0" UPDATEDATE="2025-09-29" STARTDATE="2025-09-29" ENDDATE="2079-06-06" ISACTUAL="1" ISACTIVE="1" /><STEAD ID="74168099" OBJECTID="174918536" OBJECTGUID="7cacf681-ad65-4bf3-bb9c-252cafe31e86" CHANGEID="689643906" NUMBER="13" OPERTYPEID="10" PREVID="0" NEXTID="0" UPDATEDATE="2025-09-29" STARTDATE="2025-09-29" ENDDATE="2079-06-06" ISACTUAL="1" ISACTIVE="1" /><STEAD ID="74168119" OBJECTID="174918560" OBJECTGUID="f926c32d-84b1-4be7-9d9d-1231b2204dac" CHANGEID="689643935" NUMBER="4/1" OPERTYPEID="10" PREVID="0" NEXTID="0" UPDATEDATE="2025-09-29" STARTDATE="2025-09-29" ENDDATE="2079-06-06" ISACTUAL="1" ISACTIVE="1" /><STEAD ID="74168155" OBJECTID="174918607" OBJECTGUID="143e6374-7e97-44ae-9ecc-805aba15b3f4" CHANGEID="689644019" NUMBER="113" OPERTYPEID="10" PREVID="0" NEXTID="0" UPDATEDATE="2025-09-29" STARTDATE="2025-09-29" ENDDATE="2079-06-06" ISACTUAL="1" ISACTIVE="1" /><STEAD ID="74170536" OBJECTID="174923688" OBJECTGUID="2d99cdee-87f2-4cb1-b63e-42c50c285e20" CHANGEID="689651923" NUMBER="21" OPERTYPEID="10" PREVID="0" NEXTID="0" UPDATEDATE="2025-09-29" STARTDATE="2025-09-29" ENDDATE="2079-06-06" ISACTUAL="1" ISACTIVE="1" /><STEAD ID="74171305" OBJECTID="174925688" OBJECTGUID="e0e65443-8bf5-4035-b5f6-a2e7f5a59652" CHANGEID="689655149" NUMBER="1А" OPERTYPEID="10" PREVID="0" NEXTID="0" UPDATEDATE="2025-09-29" STARTDATE="2025-09-29" ENDDATE="2079-06-06" ISACTUAL="1" ISACTIVE="1" /><STEAD ID="74171306" OBJECTID="174925689" OBJECTGUID="daa1d5bd-6dd7-4b6c-81de-37154d6db5bd" CHANGEID="689655150" NUMBER="5А" OPERTYPEID="10" PREVID="0" NEXTID="0" UPDATEDATE="2025-09-29" STARTDATE="2025-09-29" ENDDATE="2079-06-06" ISACTUAL="1" ISACTIVE="1" /><STEAD ID="74171548" OBJECTID="174926184" OBJECTGUID="ffb374c0-ca0a-44f0-a1ca-d382c1bd23ec" CHANGEID="689655903" NUMBER="41" OPERTYPEID="10" PREVID="0" NEXTID="0" UPDATEDATE="2025-09-29" STARTDATE="2025-09-29" ENDDATE="2079-06-06" ISACTUAL="1" ISACTIVE="1" /><STEAD ID="74172341" OBJECTID="174928813" OBJECTGUID="6daad76f-677d-48e5-bc9d-9c40b68fabab" CHANGEID="689666163" NUMBER="345" OPERTYPEID="10" PREVID="0" NEXTID="0" UPDATEDATE="2025-09-29" STARTDATE="2025-09-29" ENDDATE="2079-06-06" ISACTUAL="1" ISACTIVE="1" /><STEAD ID="74172532" OBJECTID="174929216" OBJECTGUID="cc35c383-8e4b-40e4-8801-49ed9d25c15d" CHANGEID="689667104" NUMBER="219" OPERTYPEID="10" PREVID="0" NEXTID="0" UPDATEDATE="2025-09-29" STARTDATE="2025-09-29" ENDDATE="2079-06-06" ISACTUAL="1" ISACTIVE="1" /><STEAD ID="74173207" OBJECTID="174930249" OBJECTGUID="49b2ad83-5390-4b80-af8e-6709b6244ea7" CHANGEID="689669074" NUMBER="231" OPERTYPEID="10" PREVID="0" NEXTID="0" UPDATEDATE="2025-09-29" STARTDATE="2025-09-29" ENDDATE="2079-06-06" ISACTUAL="1" ISACTIVE="1" /><STEAD ID="74173230" OBJECTID="174930276" OBJECTGUID="c906d275-bf25-4f33-8b33-cb5581816e19" CHANGEID="689669157" NUMBER="6" OPERTYPEID="10" PREVID="0" NEXTID="0" UPDATEDATE="2025-09-29" STARTDATE="2025-09-29" ENDDATE="2079-06-06" ISACTUAL="1" ISACTIVE="1" /><STEAD ID="74173347" OBJECTID="174930430" OBJECTGUID="d8bee9a9-a03c-4001-9302-81c941222f1e" CHANGEID="689669554" NUMBER="507" OPERTYPEID="10" PREVID="0" NEXTID="0" UPDATEDATE="2025-09-29" STARTDATE="2025-09-29" ENDDATE="2079-06-06" ISACTUAL="1" ISACTIVE="1" /><STEAD ID="74173431" OBJECTID="174930532" OBJECTGUID="9e317e02-2f4b-4c95-a027-18ff2b8a4536" CHANGEID="689669822" NUMBER="132" OPERTYPEID="10" PREVID="0" NEXTID="0" UPDATEDATE="2025-09-29" STARTDATE="2025-09-29" ENDDATE="2079-06-06" ISACTUAL="1" ISACTIVE="1" /><STEAD ID="74173538" OBJECTID="174930663" OBJECTGUID="8eb4de30-f564-4e30-93af-38ab1d05cacd" CHANGEID="689670023" NUMBER="42" OPERTYPEID="10" PREVID="0" NEXTID="0" UPDATEDATE="2025-09-29" STARTDATE="2025-09-29" ENDDATE="2079-06-06" ISACTUAL="1" ISACTIVE="1" /><STEAD ID="74173615" OBJECTID="174930772" OBJECTGUID="4c543e85-ae0f-4909-80f6-2c21d1213daa" CHANGEID="689670197" NUMBER="6" OPERTYPEID="10" PREVID="0" NEXTID="0" UPDATEDATE="2025-09-29" STARTDATE="2025-09-29" ENDDATE="2079-06-06" ISACTUAL="1" ISACTIVE="1" /><STEAD ID="74173682" OBJECTID="174930868" OBJECTGUID="b56f56b0-9725-4467-8444-475a68597a6d" CHANGEID="689670362" NUMBER="19/2" OPERTYPEID="10" PREVID="0" NEXTID="0" UPDATEDATE="2025-09-29" STARTDATE="2025-09-29" ENDDATE="2079-06-06" ISACTUAL="1" ISACTIVE="1" /><STEAD ID="74174194" OBJECTID="174932146" OBJECTGUID="fd1d5589-40f6-4107-a55d-d78c1846c0a6" CHANGEID="689672759" NUMBER="85" OPERTYPEID="10" PREVID="0" NEXTID="0" UPDATEDATE="2025-09-29" STARTDATE="2025-09-29" ENDDATE="2079-06-06" ISACTUAL="1" ISACTIVE="1" /><STEAD ID="74180590" OBJECTID="174945720" OBJECTGUID="61b7b93a-bbf6-4405-9ee6-e4d9fc9f4144" CHANGEID="689702009" NUMBER="4" OPERTYPEID="10" PREVID="0" NEXTID="0" UPDATEDATE="2025-09-30" STARTDATE="2025-09-30" ENDDATE="2079-06-06" ISACTUAL="1" ISACTIVE="1" /><STEAD ID="74180653" OBJECTID="174945817" OBJECTGUID="2688fca5-f37d-4db4-9b52-acb31dba9a94" CHANGEID="689702466" NUMBER="1А" OPERTYPEID="10" PREVID="0" NEXTID="0" UPDATEDATE="2025-09-30" STARTDATE="2025-09-30" ENDDATE="2079-06-06" ISACTUAL="1" ISACTIVE="1" /><STEAD ID="74180675" OBJECTID="86786510" OBJECTGUID="11dee068-3567-44fe-a7e1-14132d2920d5" CHANGEID="689702739" NUMBER="67" OPERTYPEID="50" PREVID="2241992" UPDATEDATE="2025-09-30" STARTDATE="2025-09-30" ENDDATE="2079-06-06" ISACTUAL="1" ISACTIVE="1" /><STEAD ID="74180676" OBJECTID="174945874" OBJECTGUID="4ff7ac84-5ff1-4249-8fff-92e2c40d9fa5" CHANGEID="689702740" NUMBER="14" OPERTYPEID="10" PREVID="0" NEXTID="0" UPDATEDATE="2025-09-30" STARTDATE="2025-09-30" ENDDATE="2079-06-06" ISACTUAL="1" ISACTIVE="1" /><STEAD ID="3928298" OBJECTID="88466923" OBJECTGUID="b16acc50-08f7-4ea3-b8e2-0a7b1955276b" CHANGEID="130779115" NUMBER="14" OPERTYPEID="10" NEXTID="74180677" UPDATEDATE="2025-09-30" STARTDATE="2015-10-20" ENDDATE="2025-09-30" ISACTUAL="0" ISACTIVE="0" /><STEAD ID="74180677" OBJECTID="88466923" OBJECTGUID="b16acc50-08f7-4ea3-b8e2-0a7b1955276b" CHANGEID="689702741" NUMBER="29" OPERTYPEID="50" PREVID="3928298" UPDATEDATE="2025-09-30" STARTDATE="2025-09-30" ENDDATE="2079-06-06" ISACTUAL="1" ISACTIVE="1" /><STEAD ID="74180678" OBJECTID="174945875" OBJECTGUID="c0e8f65c-cdea-4551-b491-1a5cd4658282" CHANGEID="689702743" NUMBER="17" OPERTYPEID="10" PREVID="0" NEXTID="0" UPDATEDATE="2025-09-30" STARTDATE="2025-09-30" ENDDATE="2079-06-06" ISACTUAL="1" ISACTIVE="1" /><STEAD ID="74180679" OBJECTID="174945877" OBJECTGUID="0916a522-c844-47ff-a079-0dd5f9b9aa19" CHANGEID="689702747" NUMBER="95" OPERTYPEID="10" PREVID="0" NEXTID="0" UPDATEDATE="2025-09-30" STARTDATE="2025-09-30" ENDDATE="2079-06-06" ISACTUAL="1" ISACTIVE="1" /><STEAD ID="74181725" OBJECTID="158594978" OBJECTGUID="ff946c31-9f03-477c-9402-7c34b129e854" CHANGEID="689705967" NUMBER="21" OPERTYPEID="30" PREVID="66507144" NEXTID="0" UPDATEDATE="2025-09-30" STARTDATE="2025-09-30" ENDDATE="2079-06-06" ISACTUAL="1" ISACTIVE="0" /><STEAD ID="66507144" OBJECTID="158594978" OBJECTGUID="ff946c31-9f03-477c-9402-7c34b129e854" CHANGEID="499238748" NUMBER="21" OPERTYPEID="10" PREVID="0" NEXTID="74181725" UPDATEDATE="2025-09-30" STARTDATE="2023-04-14" ENDDATE="2025-09-30" ISACTUAL="0" ISACTIVE="0" /><STEAD ID="74181727" OBJECTID="100714940" OBJECTGUID="b6f2ff6b-e3cf-4493-ae17-24bd4dc42e05" CHANGEID="689705970" NUMBER="55" OPERTYPEID="30" PREVID="13810946" NEXTID="0" UPDATEDATE="2025-09-30" STARTDATE="2025-09-30" ENDDATE="2079-06-06" ISACTUAL="1" ISACTIVE="0" /><STEAD ID="13810946" OBJECTID="100714940" OBJECTGUID="b6f2ff6b-e3cf-4493-ae17-24bd4dc42e05" CHANGEID="183392376" NUMBER="55" OPERTYPEID="10" PREVID="0" NEXTID="74181727" UPDATEDATE="2025-09-30" STARTDATE="2021-03-26" ENDDATE="2025-09-30" ISACTUAL="0" ISACTIVE="0" /><STEAD ID="74183039" OBJECTID="174949742" OBJECTGUID="ad835f6e-0298-4d82-9f48-a573f706e017" CHANGEID="689709714" NUMBER="65" OPERTYPEID="10" PREVID="0" NEXTID="0" UPDATEDATE="2025-09-30" STARTDATE="2025-09-30" ENDDATE="2079-06-06" ISACTUAL="1" ISACTIVE="1" /><STEAD ID="74183041" OBJECTID="174949744" OBJECTGUID="5c835551-2b51-46ca-aada-eb16159f5d71" CHANGEID="689709716" NUMBER="70" OPERTYPEID="10" PREVID="0" NEXTID="0" UPDATEDATE="2025-09-30" STARTDATE="2025-09-30" ENDDATE="2079-06-06" ISACTUAL="1" ISACTIVE="1" /><STEAD ID="74183043" OBJECTID="174949746" OBJECTGUID="1181deb6-5586-42b6-a39c-a265ced58dd7" CHANGEID="689709718" NUMBER="73" OPERTYPEID="10" PREVID="0" NEXTID="0" UPDATEDATE="2025-09-30" STARTDATE="2025-09-30" ENDDATE="2079-06-06" ISACTUAL="1" ISACTIVE="1" /><STEAD ID="74183045" OBJECTID="174949748" OBJECTGUID="296a3f96-f2b4-4892-a280-38eb3113f11a" CHANGEID="689709720" NUMBER="23" OPERTYPEID="10" PREVID="0" NEXTID="0" UPDATEDATE="2025-09-30" STARTDATE="2025-09-30" ENDDATE="2079-06-06" ISACTUAL="1" ISACTIVE="1" /><STEAD ID="74183047" OBJECTID="174949750" OBJECTGUID="f793d417-38b7-4203-aeef-b993d21abd65" CHANGEID="689709726" NUMBER="20" OPERTYPEID="10" PREVID="0" NEXTID="0" UPDATEDATE="2025-09-30" STARTDATE="2025-09-30" ENDDATE="2079-06-06" ISACTUAL="1" ISACTIVE="1" /><STEAD ID="74183049" OBJECTID="174949752" OBJECTGUID="3d2e96ba-d997-4760-85e1-0d1205d643c6" CHANGEID="689709728" NUMBER="5Б" OPERTYPEID="10" PREVID="0" NEXTID="0" UPDATEDATE="2025-09-30" STARTDATE="2025-09-30" ENDDATE="2079-06-06" ISACTUAL="1" ISACTIVE="1" /><STEAD ID="74183048" OBJECTID="174949751" OBJECTGUID="7dd05561-2250-48da-bd5f-d2a166644004" CHANGEID="689709727" NUMBER="29Б" OPERTYPEID="10" PREVID="0" NEXTID="0" UPDATEDATE="2025-09-30" STARTDATE="2025-09-30" ENDDATE="2079-06-06" ISACTUAL="1" ISACTIVE="1" /><STEAD ID="74183050" OBJECTID="174949753" OBJECTGUID="d5319382-9f8d-4a74-89d4-d2138a3d5b9a" CHANGEID="689709729" NUMBER="28" OPERTYPEID="10" PREVID="0" NEXTID="0" UPDATEDATE="2025-09-30" STARTDATE="2025-09-30" ENDDATE="2079-06-06" ISACTUAL="1" ISACTIVE="1" /><STEAD ID="74184081" OBJECTID="174951116" OBJECTGUID="e62b4dfa-4e9c-45b8-8bca-751b9f584fc3" CHANGEID="689711913" NUMBER="5/2" OPERTYPEID="10" PREVID="0" NEXTID="0" UPDATEDATE="2025-09-30" STARTDATE="2025-09-30" ENDDATE="2079-06-06" ISACTUAL="1" ISACTIVE="1" /><STEAD ID="74188095" OBJECTID="174957575" OBJECTGUID="97160175-c344-441f-b1ff-b7406e2e32ff" CHANGEID="689729190" NUMBER="6" OPERTYPEID="10" PREVID="0" NEXTID="0" UPDATEDATE="2025-09-30" STARTDATE="2025-09-30" ENDDATE="2079-06-06" ISACTUAL="1" ISACTIVE="1" /><STEAD ID="74188622" OBJECTID="174958295" OBJECTGUID="b6550b4a-6936-4ac1-94a5-4d58c756dfd0" CHANGEID="689731102" NUMBER="5А" OPERTYPEID="10" PREVID="0" NEXTID="0" UPDATEDATE="2025-09-30" STARTDATE="2025-09-30" ENDDATE="2079-06-06" ISACTUAL="1" ISACTIVE="1" /><STEAD ID="74188628" OBJECTID="174958305" OBJECTGUID="c9a3a8b2-8807-455f-a706-05d5a6678bca" CHANGEID="689731112" NUMBER="13" OPERTYPEID="10" PREVID="0" NEXTID="0" UPDATEDATE="2025-09-30" STARTDATE="2025-09-30" ENDDATE="2079-06-06" ISACTUAL="1" ISACTIVE="1" /><STEAD ID="74188629" OBJECTID="174958306" OBJECTGUID="ff0a5ea2-4ddf-4deb-82ba-d4d045a67a81" CHANGEID="689731113" NUMBER="8" OPERTYPEID="10" PREVID="0" NEXTID="0" UPDATEDATE="2025-09-30" STARTDATE="2025-09-30" ENDDATE="2079-06-06" ISACTUAL="1" ISACTIVE="1" /><STEAD ID="74188631" OBJECTID="174958307" OBJECTGUID="b0d6a543-1c61-4afb-8a36-aa3a2ce90aa9" CHANGEID="689731116" NUMBER="16" OPERTYPEID="10" PREVID="0" NEXTID="0" UPDATEDATE="2025-09-30" STARTDATE="2025-09-30" ENDDATE="2079-06-06" ISACTUAL="1" ISACTIVE="1" /><STEAD ID="74188632" OBJECTID="174958308" OBJECTGUID="39e731d6-01be-42e2-95cd-9311d08b5b1c" CHANGEID="689731117" NUMBER="1" OPERTYPEID="10" PREVID="0" NEXTID="0" UPDATEDATE="2025-09-30" STARTDATE="2025-09-30" ENDDATE="2079-06-06" ISACTUAL="1" ISACTIVE="1" /><STEAD ID="74188633" OBJECTID="174958309" OBJECTGUID="2ee0528c-100a-4fc4-8e9c-5503966b7185" CHANGEID="689731118" NUMBER="3" OPERTYPEID="10" PREVID="0" NEXTID="0" UPDATEDATE="2025-09-30" STARTDATE="2025-09-30" ENDDATE="2079-06-06" ISACTUAL="1" ISACTIVE="1" /><STEAD ID="74188634" OBJECTID="174958310" OBJECTGUID="fe1f1941-7a50-4c81-9a5c-bd79bfbd3afd" CHANGEID="689731119" NUMBER="5/1" OPERTYPEID="10" PREVID="0" NEXTID="0" UPDATEDATE="2025-09-30" STARTDATE="2025-09-30" ENDDATE="2079-06-06" ISACTUAL="1" ISACTIVE="1" /><STEAD ID="74188635" OBJECTID="174958311" OBJECTGUID="9bbd7fa7-437d-40e6-a810-e5baa705046d" CHANGEID="689731120" NUMBER="5/2" OPERTYPEID="10" PREVID="0" NEXTID="0" UPDATEDATE="2025-09-30" STARTDATE="2025-09-30" ENDDATE="2079-06-06" ISACTUAL="1" ISACTIVE="1" /><STEAD ID="74188636" OBJECTID="174958312" OBJECTGUID="7bb40ab9-7d31-4229-8cab-5465a98d94ff" CHANGEID="689731121" NUMBER="8" OPERTYPEID="10" PREVID="0" NEXTID="0" UPDATEDATE="2025-09-30" STARTDATE="2025-09-30" ENDDATE="2079-06-06" ISACTUAL="1" ISACTIVE="1" /><STEAD ID="74188646" OBJECTID="174958326" OBJECTGUID="078a9547-9a1c-4f80-8dcd-b0380fcaf305" CHANGEID="689731139" NUMBER="6/1" OPERTYPEID="10" PREVID="0" NEXTID="0" UPDATEDATE="2025-09-30" STARTDATE="2025-09-30" ENDDATE="2079-06-06" ISACTUAL="1" ISACTIVE="1" /><STEAD ID="74188647" OBJECTID="174958327" OBJECTGUID="69af55a6-769b-4059-92d8-ca60eda85530" CHANGEID="689731146" NUMBER="21" OPERTYPEID="10" PREVID="0" NEXTID="0" UPDATEDATE="2025-09-30" STARTDATE="2025-09-30" ENDDATE="2079-06-06" ISACTUAL="1" ISACTIVE="1" /><STEAD ID="74196641" OBJECTID="174971097" OBJECTGUID="d5a6c427-be90-4e0b-8e52-2de1963c9d70" CHANGEID="689778112" NUMBER="1Г" OPERTYPEID="10" PREVID="0" NEXTID="0" UPDATEDATE="2025-10-01" STARTDATE="2025-10-01" ENDDATE="2079-06-06" ISACTUAL="1" ISACTIVE="1" /><STEAD ID="74196735" OBJECTID="174971200" OBJECTGUID="dc5588f5-8841-42b8-8a36-aacd0f5d585f" CHANGEID="689778232" NUMBER="166А" OPERTYPEID="10" PREVID="0" NEXTID="0" UPDATEDATE="2025-10-01" STARTDATE="2025-10-01" ENDDATE="2079-06-06" ISACTUAL="1" ISACTIVE="1" /><STEAD ID="74196736" OBJECTID="174971201" OBJECTGUID="4cdcb842-e5f3-40f6-a0b5-0b83157a1b88" CHANGEID="689778255" NUMBER="23" OPERTYPEID="10" PREVID="0" NEXTID="0" UPDATEDATE="2025-10-01" STARTDATE="2025-10-01" ENDDATE="2079-06-06" ISACTUAL="1" ISACTIVE="1" /><STEAD ID="74196737" OBJECTID="174971202" OBJECTGUID="38212b04-cc2d-4a17-a4ce-ec5247403760" CHANGEID="689778257" NUMBER="73" OPERTYPEID="10" PREVID="0" NEXTID="0" UPDATEDATE="2025-10-01" STARTDATE="2025-10-01" ENDDATE="2079-06-06" ISACTUAL="1" ISACTIVE="1" /><STEAD ID="74196738" OBJECTID="87428983" OBJECTGUID="dd41dd40-7ba5-4f50-95d6-254fdcc7fad9" CHANGEID="689778259" NUMBER="16/3" OPERTYPEID="20" PREVID="2886930" UPDATEDATE="2025-10-01" STARTDATE="2025-10-01" ENDDATE="2079-06-06" ISACTUAL="1" ISACTIVE="1" /><STEAD ID="74196740" OBJECTID="174971204" OBJECTGUID="336b6594-197c-4718-8dd7-f00855649309" CHANGEID="689778281" NUMBER="19" OPERTYPEID="10" PREVID="0" NEXTID="0" UPDATEDATE="2025-10-01" STARTDATE="2025-10-01" ENDDATE="2079-06-06" ISACTUAL="1" ISACTIVE="1" /><STEAD ID="74196741" OBJECTID="174971205" OBJECTGUID="4de33e4e-07f5-4ea8-90ba-c6cf1083e8b3" CHANGEID="689778283" NUMBER="4" OPERTYPEID="10" PREVID="0" NEXTID="0" UPDATEDATE="2025-10-01" STARTDATE="2025-10-01" ENDDATE="2079-06-06" ISACTUAL="1" ISACTIVE="1" /><STEAD ID="74196744" OBJECTID="174971210" OBJECTGUID="67c592e9-144d-4332-9643-89be01867c8f" CHANGEID="689778302" NUMBER="83" OPERTYPEID="10" PREVID="0" NEXTID="0" UPDATEDATE="2025-10-01" STARTDATE="2025-10-01" ENDDATE="2079-06-06" ISACTUAL="1" ISACTIVE="1" /><STEAD ID="74196739" OBJECTID="174971203" OBJECTGUID="caa12d43-742a-4a26-8ac6-dbe48ba32b90" CHANGEID="689778260" NUMBER="138" OPERTYPEID="10" PREVID="0" NEXTID="0" UPDATEDATE="2025-10-01" STARTDATE="2025-10-01" ENDDATE="2079-06-06" ISACTUAL="1" ISACTIVE="1" /><STEAD ID="74196743" OBJECTID="174971209" OBJECTGUID="df00a6e3-069a-4593-8b2a-9701c5f886c1" CHANGEID="689778299" NUMBER="6" OPERTYPEID="10" PREVID="0" NEXTID="0" UPDATEDATE="2025-10-01" STARTDATE="2025-10-01" ENDDATE="2079-06-06" ISACTUAL="1" ISACTIVE="1" /><STEAD ID="74196746" OBJECTID="174971255" OBJECTGUID="9d19cbc7-eafc-49f1-8725-2d107ed39262" CHANGEID="689778358" NUMBER="7" OPERTYPEID="10" PREVID="0" NEXTID="0" UPDATEDATE="2025-10-01" STARTDATE="2025-10-01" ENDDATE="2079-06-06" ISACTUAL="1" ISACTIVE="1" /><STEAD ID="74196773" OBJECTID="174971360" OBJECTGUID="62eaa97a-1f80-483f-afad-2a349f29ea73" CHANGEID="689778588" NUMBER="21Б" OPERTYPEID="10" PREVID="0" NEXTID="0" UPDATEDATE="2025-10-01" STARTDATE="2025-10-01" ENDDATE="2079-06-06" ISACTUAL="1" ISACTIVE="1" /><STEAD ID="74196774" OBJECTID="174971361" OBJECTGUID="bdbdd145-81f3-41a8-9dd0-08e50f3254ef" CHANGEID="689778589" NUMBER="21" OPERTYPEID="10" PREVID="0" NEXTID="0" UPDATEDATE="2025-10-01" STARTDATE="2025-10-01" ENDDATE="2079-06-06" ISACTUAL="1" ISACTIVE="1" /><STEAD ID="74196779" OBJECTID="174971366" OBJECTGUID="160757df-680b-4cdf-918c-6250150ceced" CHANGEID="689778608" NUMBER="13" OPERTYPEID="10" PREVID="0" NEXTID="0" UPDATEDATE="2025-10-01" STARTDATE="2025-10-01" ENDDATE="2079-06-06" ISACTUAL="1" ISACTIVE="1" /><STEAD ID="74196780" OBJECTID="174971367" OBJECTGUID="ae1dbbd7-d07d-4a7d-8981-874dc23b6398" CHANGEID="689778609" NUMBER="11" OPERTYPEID="10" PREVID="0" NEXTID="0" UPDATEDATE="2025-10-01" STARTDATE="2025-10-01" ENDDATE="2079-06-06" ISACTUAL="1" ISACTIVE="1" /><STEAD ID="74196781" OBJECTID="174971368" OBJECTGUID="479ef499-02e1-4f0e-a025-df22c1a89e0d" CHANGEID="689778610" NUMBER="9" OPERTYPEID="10" PREVID="0" NEXTID="0" UPDATEDATE="2025-10-01" STARTDATE="2025-10-01" ENDDATE="2079-06-06" ISACTUAL="1" ISACTIVE="1" /><STEAD ID="74196782" OBJECTID="174971369" OBJECTGUID="ae528390-36fe-4418-b2cf-75f5211dd01f" CHANGEID="689778611" NUMBER="7" OPERTYPEID="10" PREVID="0" NEXTID="0" UPDATEDATE="2025-10-01" STARTDATE="2025-10-01" ENDDATE="2079-06-06" ISACTUAL="1" ISACTIVE="1" /><STEAD ID="74196783" OBJECTID="174971370" OBJECTGUID="ce5b87c6-d306-4b08-983a-fd7d216ff32e" CHANGEID="689778612" NUMBER="5" OPERTYPEID="10" PREVID="0" NEXTID="0" UPDATEDATE="2025-10-01" STARTDATE="2025-10-01" ENDDATE="2079-06-06" ISACTUAL="1" ISACTIVE="1" /><STEAD ID="74196784" OBJECTID="174971371" OBJECTGUID="1e719a0f-7d2b-4207-97e2-ffd8f1133a2a" CHANGEID="689778613" NUMBER="3" OPERTYPEID="10" PREVID="0" NEXTID="0" UPDATEDATE="2025-10-01" STARTDATE="2025-10-01" ENDDATE="2079-06-06" ISACTUAL="1" ISACTIVE="1" /><STEAD ID="74196785" OBJECTID="174971372" OBJECTGUID="9e554ea6-b461-4246-a3e9-b515ba17f19e" CHANGEID="689778614" NUMBER="1" OPERTYPEID="10" PREVID="0" NEXTID="0" UPDATEDATE="2025-10-01" STARTDATE="2025-10-01" ENDDATE="2079-06-06" ISACTUAL="1" ISACTIVE="1" /><STEAD ID="74196786" OBJECTID="174971373" OBJECTGUID="ca594a53-3785-415f-9c6f-599bd49c0455" CHANGEID="689778626" NUMBER="73/1Е" OPERTYPEID="10" PREVID="0" NEXTID="0" UPDATEDATE="2025-10-01" STARTDATE="2025-10-01" ENDDATE="2079-06-06" ISACTUAL="1" ISACTIVE="1" /><STEAD ID="74196787" OBJECTID="174971374" OBJECTGUID="5a37d5a8-c8a0-4b9d-a7b8-fa0ba5c5f20c" CHANGEID="689778627" NUMBER="73/1Д" OPERTYPEID="10" PREVID="0" NEXTID="0" UPDATEDATE="2025-10-01" STARTDATE="2025-10-01" ENDDATE="2079-06-06" ISACTUAL="1" ISACTIVE="1" /><STEAD ID="74196788" OBJECTID="174971375" OBJECTGUID="9e0b781f-a8a7-4fa0-bb57-07e308ef2e1c" CHANGEID="689778628" NUMBER="73/1Г" OPERTYPEID="10" PREVID="0" NEXTID="0" UPDATEDATE="2025-10-01" STARTDATE="2025-10-01" ENDDATE="2079-06-06" ISACTUAL="1" ISACTIVE="1" /><STEAD ID="74196789" OBJECTID="174971376" OBJECTGUID="db1e48d8-7d1c-4c1b-a384-384edbe20b10" CHANGEID="689778629" NUMBER="73/1Б" OPERTYPEID="10" PREVID="0" NEXTID="0" UPDATEDATE="2025-10-01" STARTDATE="2025-10-01" ENDDATE="2079-06-06" ISACTUAL="1" ISACTIVE="1" /><STEAD ID="74196790" OBJECTID="174971377" OBJECTGUID="c9aeb34b-528c-4e8b-900b-5e2620a128c8" CHANGEID="689778630" NUMBER="73/1А" OPERTYPEID="10" PREVID="0" NEXTID="0" UPDATEDATE="2025-10-01" STARTDATE="2025-10-01" ENDDATE="2079-06-06" ISACTUAL="1" ISACTIVE="1" /><STEAD ID="74196929" OBJECTID="174971559" OBJECTGUID="089b7d01-af36-413a-9e62-fbcfe8011f72" CHANGEID="689779140" NUMBER="1" OPERTYPEID="10" PREVID="0" NEXTID="0" UPDATEDATE="2025-10-01" STARTDATE="2025-10-01" ENDDATE="2079-06-06" ISACTUAL="1" ISACTIVE="1" /><STEAD ID="74196933" OBJECTID="174971563" OBJECTGUID="b821a18c-f284-42a3-ab31-870ce27537f3" CHANGEID="689779157" NUMBER="9" OPERTYPEID="10" PREVID="0" NEXTID="0" UPDATEDATE="2025-10-01" STARTDATE="2025-10-01" ENDDATE="2079-06-06" ISACTUAL="1" ISACTIVE="1" /><STEAD ID="74196969" OBJECTID="174971599" OBJECTGUID="58a61299-8693-4271-a4ae-431aab7c37cc" CHANGEID="689779193" NUMBER="13" OPERTYPEID="10" PREVID="0" NEXTID="0" UPDATEDATE="2025-10-01" STARTDATE="2025-10-01" ENDDATE="2079-06-06" ISACTUAL="1" ISACTIVE="1" /><STEAD ID="74196975" OBJECTID="174971607" OBJECTGUID="f69015fa-0fd2-44fa-beea-ac463872cb3b" CHANGEID="689779201" NUMBER="19" OPERTYPEID="10" PREVID="0" NEXTID="0" UPDATEDATE="2025-10-01" STARTDATE="2025-10-01" ENDDATE="2079-06-06" ISACTUAL="1" ISACTIVE="1" /><STEAD ID="74196977" OBJECTID="174971609" OBJECTGUID="1b96baf6-3e74-4d75-a019-aee1158c0817" CHANGEID="689779203" NUMBER="23" OPERTYPEID="10" PREVID="0" NEXTID="0" UPDATEDATE="2025-10-01" STARTDATE="2025-10-01" ENDDATE="2079-06-06" ISACTUAL="1" ISACTIVE="1" /><STEAD ID="74196979" OBJECTID="174971611" OBJECTGUID="a1c93a01-4480-4d4e-9950-e81e21b2aa51" CHANGEID="689779205" NUMBER="27" OPERTYPEID="10" PREVID="0" NEXTID="0" UPDATEDATE="2025-10-01" STARTDATE="2025-10-01" ENDDATE="2079-06-06" ISACTUAL="1" ISACTIVE="1" /><STEAD ID="74196981" OBJECTID="174971613" OBJECTGUID="19b4c06e-4967-43e6-b3f5-575ddd2f21db" CHANGEID="689779207" NUMBER="31" OPERTYPEID="10" PREVID="0" NEXTID="0" UPDATEDATE="2025-10-01" STARTDATE="2025-10-01" ENDDATE="2079-06-06" ISACTUAL="1" ISACTIVE="1" /><STEAD ID="74196983" OBJECTID="174971615" OBJECTGUID="50613b1d-a7bf-4fd9-b4bc-2eeb2c495c95" CHANGEID="689779209" NUMBER="35" OPERTYPEID="10" PREVID="0" NEXTID="0" UPDATEDATE="2025-10-01" STARTDATE="2025-10-01" ENDDATE="2079-06-06" ISACTUAL="1" ISACTIVE="1" /><STEAD ID="74196985" OBJECTID="174971617" OBJECTGUID="2a0e4213-e608-4f53-8846-710cea0b648a" CHANGEID="689779211" NUMBER="2" OPERTYPEID="10" PREVID="0" NEXTID="0" UPDATEDATE="2025-10-01" STARTDATE="2025-10-01" ENDDATE="2079-06-06" ISACTUAL="1" ISACTIVE="1" /><STEAD ID="74196987" OBJECTID="174971619" OBJECTGUID="497a947d-0923-4413-9e6d-4a5c549330d4" CHANGEID="689779213" NUMBER="6" OPERTYPEID="10" PREVID="0" NEXTID="0" UPDATEDATE="2025-10-01" STARTDATE="2025-10-01" ENDDATE="2079-06-06" ISACTUAL="1" ISACTIVE="1" /><STEAD ID="74196989" OBJECTID="174971621" OBJECTGUID="9c17af55-e104-47cd-a960-b338d92e6bba" CHANGEID="689779215" NUMBER="10" OPERTYPEID="10" PREVID="0" NEXTID="0" UPDATEDATE="2025-10-01" STARTDATE="2025-10-01" ENDDATE="2079-06-06" ISACTUAL="1" ISACTIVE="1" /><STEAD ID="74196991" OBJECTID="174971623" OBJECTGUID="26026f0d-a7b6-47da-88a6-c68420508ca6" CHANGEID="689779217" NUMBER="14" OPERTYPEID="10" PREVID="0" NEXTID="0" UPDATEDATE="2025-10-01" STARTDATE="2025-10-01" ENDDATE="2079-06-06" ISACTUAL="1" ISACTIVE="1" /><STEAD ID="74196993" OBJECTID="174971625" OBJECTGUID="b8d4c628-117a-48e9-9298-fc404ac6d8e1" CHANGEID="689779219" NUMBER="18" OPERTYPEID="10" PREVID="0" NEXTID="0" UPDATEDATE="2025-10-01" STARTDATE="2025-10-01" ENDDATE="2079-06-06" ISACTUAL="1" ISACTIVE="1" /><STEAD ID="74196995" OBJECTID="174971627" OBJECTGUID="9c01535d-3d52-46aa-99ba-ca5f6bbe4f64" CHANGEID="689779221" NUMBER="22" OPERTYPEID="10" PREVID="0" NEXTID="0" UPDATEDATE="2025-10-01" STARTDATE="2025-10-01" ENDDATE="2079-06-06" ISACTUAL="1" ISACTIVE="1" /><STEAD ID="74196997" OBJECTID="174971629" OBJECTGUID="4379c0a4-1943-435e-ab7d-44e63f615043" CHANGEID="689779223" NUMBER="26" OPERTYPEID="10" PREVID="0" NEXTID="0" UPDATEDATE="2025-10-01" STARTDATE="2025-10-01" ENDDATE="2079-06-06" ISACTUAL="1" ISACTIVE="1" /><STEAD ID="74196999" OBJECTID="174971631" OBJECTGUID="bead6742-5915-4b40-8352-f2e033d127ec" CHANGEID="689779225" NUMBER="30" OPERTYPEID="10" PREVID="0" NEXTID="0" UPDATEDATE="2025-10-01" STARTDATE="2025-10-01" ENDDATE="2079-06-06" ISACTUAL="1" ISACTIVE="1" /><STEAD ID="74197001" OBJECTID="174971633" OBJECTGUID="50790647-f79f-4b92-afde-bcc6f2ace3c4" CHANGEID="689779227" NUMBER="34" OPERTYPEID="10" PREVID="0" NEXTID="0" UPDATEDATE="2025-10-01" STARTDATE="2025-10-01" ENDDATE="2079-06-06" ISACTUAL="1" ISACTIVE="1" /><STEAD ID="74197003" OBJECTID="174971635" OBJECTGUID="43fa6d5d-0a1c-407d-826e-ae1a210c5e38" CHANGEID="689779229" NUMBER="3" OPERTYPEID="10" PREVID="0" NEXTID="0" UPDATEDATE="2025-10-01" STARTDATE="2025-10-01" ENDDATE="2079-06-06" ISACTUAL="1" ISACTIVE="1" /><STEAD ID="74197005" OBJECTID="174971637" OBJECTGUID="196af1bf-7de3-423d-8425-d3bdec9bde9e" CHANGEID="689779231" NUMBER="7" OPERTYPEID="10" PREVID="0" NEXTID="0" UPDATEDATE="2025-10-01" STARTDATE="2025-10-01" ENDDATE="2079-06-06" ISACTUAL="1" ISACTIVE="1" /><STEAD ID="74197007" OBJECTID="174971639" OBJECTGUID="718a7737-cb03-44fb-900d-87a2e8d6fe91" CHANGEID="689779233" NUMBER="11" OPERTYPEID="10" PREVID="0" NEXTID="0" UPDATEDATE="2025-10-01" STARTDATE="2025-10-01" ENDDATE="2079-06-06" ISACTUAL="1" ISACTIVE="1" /><STEAD ID="74197010" OBJECTID="174971642" OBJECTGUID="061a06f4-07d4-4950-ae93-b425c7858614" CHANGEID="689779237" NUMBER="17" OPERTYPEID="10" PREVID="0" NEXTID="0" UPDATEDATE="2025-10-01" STARTDATE="2025-10-01" ENDDATE="2079-06-06" ISACTUAL="1" ISACTIVE="1" /><STEAD ID="74197012" OBJECTID="174971644" OBJECTGUID="067aa106-acf6-4054-a13b-3110339cd1f2" CHANGEID="689779239" NUMBER="21" OPERTYPEID="10" PREVID="0" NEXTID="0" UPDATEDATE="2025-10-01" STARTDATE="2025-10-01" ENDDATE="2079-06-06" ISACTUAL="1" ISACTIVE="1" /><STEAD ID="74197014" OBJECTID="174971646" OBJECTGUID="e44540a9-b161-435f-ac1b-58132bdf2c5e" CHANGEID="689779241" NUMBER="4" OPERTYPEID="10" PREVID="0" NEXTID="0" UPDATEDATE="2025-10-01" STARTDATE="2025-10-01" ENDDATE="2079-06-06" ISACTUAL="1" ISACTIVE="1" /><STEAD ID="74197016" OBJECTID="174971648" OBJECTGUID="767daec4-83c6-48e0-a875-7879932cda77" CHANGEID="689779243" NUMBER="8" OPERTYPEID="10" PREVID="0" NEXTID="0" UPDATEDATE="2025-10-01" STARTDATE="2025-10-01" ENDDATE="2079-06-06" ISACTUAL="1" ISACTIVE="1" /><STEAD ID="74197018" OBJECTID="174971650" OBJECTGUID="84110aa0-065c-4cd3-b715-1dad4bb12696" CHANGEID="689779245" NUMBER="12" OPERTYPEID="10" PREVID="0" NEXTID="0" UPDATEDATE="2025-10-01" STARTDATE="2025-10-01" ENDDATE="2079-06-06" ISACTUAL="1" ISACTIVE="1" /><STEAD ID="74197020" OBJECTID="174971652" OBJECTGUID="6741ac69-81a7-47f7-9318-835e70e2c7e2" CHANGEID="689779247" NUMBER="16" OPERTYPEID="10" PREVID="0" NEXTID="0" UPDATEDATE="2025-10-01" STARTDATE="2025-10-01" ENDDATE="2079-06-06" ISACTUAL="1" ISACTIVE="1" /><STEAD ID="74197022" OBJECTID="174971654" OBJECTGUID="5ea2e32b-ad44-4a29-a149-805ecfd1ede1" CHANGEID="689779249" NUMBER="20" OPERTYPEID="10" PREVID="0" NEXTID="0" UPDATEDATE="2025-10-01" STARTDATE="2025-10-01" ENDDATE="2079-06-06" ISACTUAL="1" ISACTIVE="1" /><STEAD ID="74197024" OBJECTID="174971656" OBJECTGUID="9823d199-81ff-4c9d-a452-ea3210517ad2" CHANGEID="689779251" NUMBER="1" OPERTYPEID="10" PREVID="0" NEXTID="0" UPDATEDATE="2025-10-01" STARTDATE="2025-10-01" ENDDATE="2079-06-06" ISACTUAL="1" ISACTIVE="1" /><STEAD ID="74197026" OBJECTID="174971658" OBJECTGUID="46453b60-1b49-4885-bec1-b05479cf8f3e" CHANGEID="689779253" NUMBER="5" OPERTYPEID="10" PREVID="0" NEXTID="0" UPDATEDATE="2025-10-01" STARTDATE="2025-10-01" ENDDATE="2079-06-06" ISACTUAL="1" ISACTIVE="1" /><STEAD ID="74197028" OBJECTID="174971660" OBJECTGUID="264f06c0-d1ba-4c70-a7e3-b5514c23f041" CHANGEID="689779255" NUMBER="9" OPERTYPEID="10" PREVID="0" NEXTID="0" UPDATEDATE="2025-10-01" STARTDATE="2025-10-01" ENDDATE="2079-06-06" ISACTUAL="1" ISACTIVE="1" /><STEAD ID="74197030" OBJECTID="174971662" OBJECTGUID="ac4ccffe-55c6-4983-9251-0d8552dabb42" CHANGEID="689779257" NUMBER="11" OPERTYPEID="10" PREVID="0" NEXTID="0" UPDATEDATE="2025-10-01" STARTDATE="2025-10-01" ENDDATE="2079-06-06" ISACTUAL="1" ISACTIVE="1" /><STEAD ID="74197032" OBJECTID="174971664" OBJECTGUID="0c5b162f-921e-453a-a1ca-c928deab32a3" CHANGEID="689779259" NUMBER="15" OPERTYPEID="10" PREVID="0" NEXTID="0" UPDATEDATE="2025-10-01" STARTDATE="2025-10-01" ENDDATE="2079-06-06" ISACTUAL="1" ISACTIVE="1" /><STEAD ID="74197034" OBJECTID="174971666" OBJECTGUID="5e89b09d-01d4-4f16-8d26-fa80163b4545" CHANGEID="689779261" NUMBER="21" OPERTYPEID="10" PREVID="0" NEXTID="0" UPDATEDATE="2025-10-01" STARTDATE="2025-10-01" ENDDATE="2079-06-06" ISACTUAL="1" ISACTIVE="1" /><STEAD ID="74197036" OBJECTID="174971668" OBJECTGUID="c610ea0f-a03d-4f85-92de-0e10ad785dcd" CHANGEID="689779263" NUMBER="4" OPERTYPEID="10" PREVID="0" NEXTID="0" UPDATEDATE="2025-10-01" STARTDATE="2025-10-01" ENDDATE="2079-06-06" ISACTUAL="1" ISACTIVE="1" /><STEAD ID="74197038" OBJECTID="174971670" OBJECTGUID="195e0640-4180-4c6a-b011-256b49de2056" CHANGEID="689779265" NUMBER="8" OPERTYPEID="10" PREVID="0" NEXTID="0" UPDATEDATE="2025-10-01" STARTDATE="2025-10-01" ENDDATE="2079-06-06" ISACTUAL="1" ISACTIVE="1" /><STEAD ID="74197040" OBJECTID="174971672" OBJECTGUID="4b86e7e2-aec8-4b49-99e1-1869ad3c4be1" CHANGEID="689779267" NUMBER="12" OPERTYPEID="10" PREVID="0" NEXTID="0" UPDATEDATE="2025-10-01" STARTDATE="2025-10-01" ENDDATE="2079-06-06" ISACTUAL="1" ISACTIVE="1" /><STEAD ID="74196930" OBJECTID="174971560" OBJECTGUID="a8f371c2-277d-49c7-ac0b-8f64d36884b2" CHANGEID="689779141" NUMBER="3" OPERTYPEID="10" PREVID="0" NEXTID="0" UPDATEDATE="2025-10-01" STARTDATE="2025-10-01" ENDDATE="2079-06-06" ISACTUAL="1" ISACTIVE="1" /><STEAD ID="74196931" OBJECTID="174971561" OBJECTGUID="ac9fab4c-702e-4b27-8647-f6730169d2f0" CHANGEID="689779143" NUMBER="5" OPERTYPEID="10" PREVID="0" NEXTID="0" UPDATEDATE="2025-10-01" STARTDATE="2025-10-01" ENDDATE="2079-06-06" ISACTUAL="1" ISACTIVE="1" /><STEAD ID="74196932" OBJECTID="174971562" OBJECTGUID="4b550f12-5307-40ea-8485-f38dda2b4dfb" CHANGEID="689779156" NUMBER="7" OPERTYPEID="10" PREVID="0" NEXTID="0" UPDATEDATE="2025-10-01" STARTDATE="2025-10-01" ENDDATE="2079-06-06" ISACTUAL="1" ISACTIVE="1" /><STEAD ID="74196936" OBJECTID="174971566" OBJECTGUID="2e96394a-2d01-48b7-a66d-ff5ed688d4ab" CHANGEID="689779160" NUMBER="11" OPERTYPEID="10" PREVID="0" NEXTID="0" UPDATEDATE="2025-10-01" STARTDATE="2025-10-01" ENDDATE="2079-06-06" ISACTUAL="1" ISACTIVE="1" /><STEAD ID="74196958" OBJECTID="174971588" OBJECTGUID="3bab4ec9-b92b-477c-befb-d94c3d2cf718" CHANGEID="689779182" NUMBER="15" OPERTYPEID="10" PREVID="0" NEXTID="0" UPDATEDATE="2025-10-01" STARTDATE="2025-10-01" ENDDATE="2079-06-06" ISACTUAL="1" ISACTIVE="1" /><STEAD ID="74196972" OBJECTID="174971602" OBJECTGUID="6c162e31-b14f-4495-adf1-57a3ebbe3608" CHANGEID="689779196" NUMBER="17" OPERTYPEID="10" PREVID="0" NEXTID="0" UPDATEDATE="2025-10-01" STARTDATE="2025-10-01" ENDDATE="2079-06-06" ISACTUAL="1" ISACTIVE="1" /><STEAD ID="74196976" OBJECTID="174971608" OBJECTGUID="7b061c9b-9125-45e0-a73c-7e5814e78bde" CHANGEID="689779202" NUMBER="21" OPERTYPEID="10" PREVID="0" NEXTID="0" UPDATEDATE="2025-10-01" STARTDATE="2025-10-01" ENDDATE="2079-06-06" ISACTUAL="1" ISACTIVE="1" /><STEAD ID="74196978" OBJECTID="174971610" OBJECTGUID="20d9fc7d-89fa-4c56-b7aa-422edcecee8f" CHANGEID="689779204" NUMBER="25" OPERTYPEID="10" PREVID="0" NEXTID="0" UPDATEDATE="2025-10-01" STARTDATE="2025-10-01" ENDDATE="2079-06-06" ISACTUAL="1" ISACTIVE="1" /><STEAD ID="74196980" OBJECTID="174971612" OBJECTGUID="35ed2f66-2c27-4309-96ca-ef95a68ef3d3" CHANGEID="689779206" NUMBER="29" OPERTYPEID="10" PREVID="0" NEXTID="0" UPDATEDATE="2025-10-01" STARTDATE="2025-10-01" ENDDATE="2079-06-06" ISACTUAL="1" ISACTIVE="1" /><STEAD ID="74196982" OBJECTID="174971614" OBJECTGUID="d54eaa31-eb4e-497f-a109-185f0e286e63" CHANGEID="689779208" NUMBER="33" OPERTYPEID="10" PREVID="0" NEXTID="0" UPDATEDATE="2025-10-01" STARTDATE="2025-10-01" ENDDATE="2079-06-06" ISACTUAL="1" ISACTIVE="1" /><STEAD ID="74196984" OBJECTID="174971616" OBJECTGUID="71c84d74-cacc-4452-a846-855562796978" CHANGEID="689779210" NUMBER="37" OPERTYPEID="10" PREVID="0" NEXTID="0" UPDATEDATE="2025-10-01" STARTDATE="2025-10-01" ENDDATE="2079-06-06" ISACTUAL="1" ISACTIVE="1" /><STEAD ID="74196986" OBJECTID="174971618" OBJECTGUID="4dec8f9b-75b4-45cf-8207-618aa1c012c9" CHANGEID="689779212" NUMBER="4" OPERTYPEID="10" PREVID="0" NEXTID="0" UPDATEDATE="2025-10-01" STARTDATE="2025-10-01" ENDDATE="2079-06-06" ISACTUAL="1" ISACTIVE="1" /><STEAD ID="74196988" OBJECTID="174971620" OBJECTGUID="3949680d-3d3f-49af-81a7-5923cc0656b6" CHANGEID="689779214" NUMBER="8" OPERTYPEID="10" PREVID="0" NEXTID="0" UPDATEDATE="2025-10-01" STARTDATE="2025-10-01" ENDDATE="2079-06-06" ISACTUAL="1" ISACTIVE="1" /><STEAD ID="74196990" OBJECTID="174971622" OBJECTGUID="aa6891f5-f749-4a92-9431-a5eab1cb928f" CHANGEID="689779216" NUMBER="12" OPERTYPEID="10" PREVID="0" NEXTID="0" UPDATEDATE="2025-10-01" STARTDATE="2025-10-01" ENDDATE="2079-06-06" ISACTUAL="1" ISACTIVE="1" /><STEAD ID="74196992" OBJECTID="174971624" OBJECTGUID="0c8e6c83-9a7b-4808-94fb-aa66270eb5b2" CHANGEID="689779218" NUMBER="16" OPERTYPEID="10" PREVID="0" NEXTID="0" UPDATEDATE="2025-10-01" STARTDATE="2025-10-01" ENDDATE="2079-06-06" ISACTUAL="1" ISACTIVE="1" /><STEAD ID="74196994" OBJECTID="174971626" OBJECTGUID="8ff3a376-13f1-49ca-934d-28cc92dcbafc" CHANGEID="689779220" NUMBER="20" OPERTYPEID="10" PREVID="0" NEXTID="0" UPDATEDATE="2025-10-01" STARTDATE="2025-10-01" ENDDATE="2079-06-06" ISACTUAL="1" ISACTIVE="1" /><STEAD ID="74196996" OBJECTID="174971628" OBJECTGUID="3fbac78c-b72d-4b9d-a0c4-d678e1d6a31d" CHANGEID="689779222" NUMBER="24" OPERTYPEID="10" PREVID="0" NEXTID="0" UPDATEDATE="2025-10-01" STARTDATE="2025-10-01" ENDDATE="2079-06-06" ISACTUAL="1" ISACTIVE="1" /><STEAD ID="74196998" OBJECTID="174971630" OBJECTGUID="4b21c089-2c27-43a4-a934-367fb90d7058" CHANGEID="689779224" NUMBER="28" OPERTYPEID="10" PREVID="0" NEXTID="0" UPDATEDATE="2025-10-01" STARTDATE="2025-10-01" ENDDATE="2079-06-06" ISACTUAL="1" ISACTIVE="1" /><STEAD ID="74197000" OBJECTID="174971632" OBJECTGUID="4476050b-418c-49a1-88a2-6c7192a6f9af" CHANGEID="689779226" NUMBER="32" OPERTYPEID="10" PREVID="0" NEXTID="0" UPDATEDATE="2025-10-01" STARTDATE="2025-10-01" ENDDATE="2079-06-06" ISACTUAL="1" ISACTIVE="1" /><STEAD ID="74197002" OBJECTID="174971634" OBJECTGUID="27a8cac2-f396-4d7a-b36c-ac478f17204a" CHANGEID="689779228" NUMBER="1" OPERTYPEID="10" PREVID="0" NEXTID="0" UPDATEDATE="2025-10-01" STARTDATE="2025-10-01" ENDDATE="2079-06-06" ISACTUAL="1" ISACTIVE="1" /><STEAD ID="74197004" OBJECTID="174971636" OBJECTGUID="2286e151-a673-4926-b96b-c9d0f5285340" CHANGEID="689779230" NUMBER="5" OPERTYPEID="10" PREVID="0" NEXTID="0" UPDATEDATE="2025-10-01" STARTDATE="2025-10-01" ENDDATE="2079-06-06" ISACTUAL="1" ISACTIVE="1" /><STEAD ID="74197006" OBJECTID="174971638" OBJECTGUID="19ffaae1-566f-4ca6-a404-e362e592d02e" CHANGEID="689779232" NUMBER="9" OPERTYPEID="10" PREVID="0" NEXTID="0" UPDATEDATE="2025-10-01" STARTDATE="2025-10-01" ENDDATE="2079-06-06" ISACTUAL="1" ISACTIVE="1" /><STEAD ID="74197008" OBJECTID="174971640" OBJECTGUID="f466b6f6-2de1-4d9e-9156-de6ca2d51b12" CHANGEID="689779234" NUMBER="13" OPERTYPEID="10" PREVID="0" NEXTID="0" UPDATEDATE="2025-10-01" STARTDATE="2025-10-01" ENDDATE="2079-06-06" ISACTUAL="1" ISACTIVE="1" /><STEAD ID="74197009" OBJECTID="174971641" OBJECTGUID="27afe6ab-479d-4a8a-8282-1a7dea8c9dfe" CHANGEID="689779236" NUMBER="15" OPERTYPEID="10" PREVID="0" NEXTID="0" UPDATEDATE="2025-10-01" STARTDATE="2025-10-01" ENDDATE="2079-06-06" ISACTUAL="1" ISACTIVE="1" /><STEAD ID="74197011" OBJECTID="174971643" OBJECTGUID="73e9e7bc-f135-4bf5-84f2-1037021ab603" CHANGEID="689779238" NUMBER="19" OPERTYPEID="10" PREVID="0" NEXTID="0" UPDATEDATE="2025-10-01" STARTDATE="2025-10-01" ENDDATE="2079-06-06" ISACTUAL="1" ISACTIVE="1" /><STEAD ID="74197013" OBJECTID="174971645" OBJECTGUID="8c734c37-ed7b-4160-9dea-c38402ac4f80" CHANGEID="689779240" NUMBER="2" OPERTYPEID="10" PREVID="0" NEXTID="0" UPDATEDATE="2025-10-01" STARTDATE="2025-10-01" ENDDATE="2079-06-06" ISACTUAL="1" ISACTIVE="1" /><STEAD ID="74197015" OBJECTID="174971647" OBJECTGUID="3fa43b90-2e64-4ecc-812b-cb5769268923" CHANGEID="689779242" NUMBER="6" OPERTYPEID="10" PREVID="0" NEXTID="0" UPDATEDATE="2025-10-01" STARTDATE="2025-10-01" ENDDATE="2079-06-06" ISACTUAL="1" ISACTIVE="1" /><STEAD ID="74197017" OBJECTID="174971649" OBJECTGUID="3d6599c3-ea2e-4997-840a-edc870f9793a" CHANGEID="689779244" NUMBER="10" OPERTYPEID="10" PREVID="0" NEXTID="0" UPDATEDATE="2025-10-01" STARTDATE="2025-10-01" ENDDATE="2079-06-06" ISACTUAL="1" ISACTIVE="1" /><STEAD ID="74197019" OBJECTID="174971651" OBJECTGUID="8b44f2ab-9282-4889-ab40-299236cd2502" CHANGEID="689779246" NUMBER="14" OPERTYPEID="10" PREVID="0" NEXTID="0" UPDATEDATE="2025-10-01" STARTDATE="2025-10-01" ENDDATE="2079-06-06" ISACTUAL="1" ISACTIVE="1" /><STEAD ID="74197021" OBJECTID="174971653" OBJECTGUID="eeea984c-d176-4ad9-a7ac-cb73c60974fd" CHANGEID="689779248" NUMBER="18" OPERTYPEID="10" PREVID="0" NEXTID="0" UPDATEDATE="2025-10-01" STARTDATE="2025-10-01" ENDDATE="2079-06-06" ISACTUAL="1" ISACTIVE="1" /><STEAD ID="74197025" OBJECTID="174971657" OBJECTGUID="dbe052ab-6f4f-4ecb-90f0-e5d5d7433613" CHANGEID="689779252" NUMBER="3" OPERTYPEID="10" PREVID="0" NEXTID="0" UPDATEDATE="2025-10-01" STARTDATE="2025-10-01" ENDDATE="2079-06-06" ISACTUAL="1" ISACTIVE="1" /><STEAD ID="74197027" OBJECTID="174971659" OBJECTGUID="46293966-3d8b-454c-be54-915c231bdaea" CHANGEID="689779254" NUMBER="7" OPERTYPEID="10" PREVID="0" NEXTID="0" UPDATEDATE="2025-10-01" STARTDATE="2025-10-01" ENDDATE="2079-06-06" ISACTUAL="1" ISACTIVE="1" /><STEAD ID="74197031" OBJECTID="174971663" OBJECTGUID="ffcb3fc0-e081-4219-95fe-54db657c0675" CHANGEID="689779258" NUMBER="13" OPERTYPEID="10" PREVID="0" NEXTID="0" UPDATEDATE="2025-10-01" STARTDATE="2025-10-01" ENDDATE="2079-06-06" ISACTUAL="1" ISACTIVE="1" /><STEAD ID="74197033" OBJECTID="174971665" OBJECTGUID="28055eb2-bbb0-48e4-8e8c-4fbe5aa07167" CHANGEID="689779260" NUMBER="19" OPERTYPEID="10" PREVID="0" NEXTID="0" UPDATEDATE="2025-10-01" STARTDATE="2025-10-01" ENDDATE="2079-06-06" ISACTUAL="1" ISACTIVE="1" /><STEAD ID="74197035" OBJECTID="174971667" OBJECTGUID="56e7f14a-50c7-4e27-a0ff-19d9d220421d" CHANGEID="689779262" NUMBER="2" OPERTYPEID="10" PREVID="0" NEXTID="0" UPDATEDATE="2025-10-01" STARTDATE="2025-10-01" ENDDATE="2079-06-06" ISACTUAL="1" ISACTIVE="1" /><STEAD ID="74197037" OBJECTID="174971669" OBJECTGUID="6b83dd7d-0941-446e-9bf6-4b5ca52dbb4c" CHANGEID="689779264" NUMBER="6" OPERTYPEID="10" PREVID="0" NEXTID="0" UPDATEDATE="2025-10-01" STARTDATE="2025-10-01" ENDDATE="2079-06-06" ISACTUAL="1" ISACTIVE="1" /><STEAD ID="74197039" OBJECTID="174971671" OBJECTGUID="80a7fbe8-4294-4ef7-9320-e57c6e9e6cd0" CHANGEID="689779266" NUMBER="10" OPERTYPEID="10" PREVID="0" NEXTID="0" UPDATEDATE="2025-10-01" STARTDATE="2025-10-01" ENDDATE="2079-06-06" ISACTUAL="1" ISACTIVE="1" /><STEAD ID="74197041" OBJECTID="174971673" OBJECTGUID="5f870c97-0da9-4c5d-8849-345cd6b52dc5" CHANGEID="689779268" NUMBER="14" OPERTYPEID="10" PREVID="0" NEXTID="0" UPDATEDATE="2025-10-01" STARTDATE="2025-10-01" ENDDATE="2079-06-06" ISACTUAL="1" ISACTIVE="1" /><STEAD ID="74197293" OBJECTID="174972150" OBJECTGUID="4b78b10e-c5de-4e24-b395-85a054ae8278" CHANGEID="689780738" NUMBER="40" OPERTYPEID="10" PREVID="0" NEXTID="0" UPDATEDATE="2025-10-01" STARTDATE="2025-10-01" ENDDATE="2079-06-06" ISACTUAL="1" ISACTIVE="1" /><STEAD ID="74197325" OBJECTID="174972187" OBJECTGUID="cbe66ee5-f4c7-4d49-bff6-bc646b268bc1" CHANGEID="689780804" NUMBER="21" OPERTYPEID="10" PREVID="0" NEXTID="0" UPDATEDATE="2025-10-01" STARTDATE="2025-10-01" ENDDATE="2079-06-06" ISACTUAL="1" ISACTIVE="1" /><STEAD ID="74197815" OBJECTID="174973198" OBJECTGUID="caf901d8-fcac-46e7-b076-6ef04ea44980" CHANGEID="689783397" NUMBER="12" OPERTYPEID="10" PREVID="0" NEXTID="0" UPDATEDATE="2025-10-01" STARTDATE="2025-10-01" ENDDATE="2079-06-06" ISACTUAL="1" ISACTIVE="1" /><STEAD ID="74197826" OBJECTID="174973217" OBJECTGUID="62fc866e-5bc1-4c25-95cd-958f4766b79b" CHANGEID="689783420" NUMBER="3" OPERTYPEID="10" PREVID="0" NEXTID="0" UPDATEDATE="2025-10-01" STARTDATE="2025-10-01" ENDDATE="2079-06-06" ISACTUAL="1" ISACTIVE="1" /><STEAD ID="74197828" OBJECTID="174973219" OBJECTGUID="79e67f75-581e-4470-9e4c-0804e828da4c" CHANGEID="689783423" NUMBER="6/2" OPERTYPEID="10" PREVID="0" NEXTID="0" UPDATEDATE="2025-10-01" STARTDATE="2025-10-01" ENDDATE="2079-06-06" ISACTUAL="1" ISACTIVE="1" /><STEAD ID="74197836" OBJECTID="174973235" OBJECTGUID="9bc1413e-7222-4de2-b690-671a11d6b2d0" CHANGEID="689783448" NUMBER="177а" OPERTYPEID="10" PREVID="0" NEXTID="0" UPDATEDATE="2025-10-01" STARTDATE="2025-10-01" ENDDATE="2079-06-06" ISACTUAL="1" ISACTIVE="1" /><STEAD ID="74197847" OBJECTID="174973250" OBJECTGUID="c0a38d83-e45a-4a7c-a71b-422378d896a7" CHANGEID="689783539" NUMBER="20" OPERTYPEID="10" PREVID="0" NEXTID="0" UPDATEDATE="2025-10-01" STARTDATE="2025-10-01" ENDDATE="2079-06-06" ISACTUAL="1" ISACTIVE="1" /><STEAD ID="74197852" OBJECTID="174973255" OBJECTGUID="3270542a-f824-47b9-9e79-951ae3e26320" CHANGEID="689783546" NUMBER="22" OPERTYPEID="10" PREVID="0" NEXTID="0" UPDATEDATE="2025-10-01" STARTDATE="2025-10-01" ENDDATE="2079-06-06" ISACTUAL="1" ISACTIVE="1" /><STEAD ID="74197861" OBJECTID="174973266" OBJECTGUID="f36c27ee-7978-4993-b601-ad8b868f874c" CHANGEID="689783559" NUMBER="7" OPERTYPEID="10" PREVID="0" NEXTID="0" UPDATEDATE="2025-10-01" STARTDATE="2025-10-01" ENDDATE="2079-06-06" ISACTUAL="1" ISACTIVE="1" /><STEAD ID="74197863" OBJECTID="174973268" OBJECTGUID="62c36709-bc3e-43f0-9c09-825a8527b9bc" CHANGEID="689783563" NUMBER="11" OPERTYPEID="10" PREVID="0" NEXTID="0" UPDATEDATE="2025-10-01" STARTDATE="2025-10-01" ENDDATE="2079-06-06" ISACTUAL="1" ISACTIVE="1" /><STEAD ID="74197866" OBJECTID="174973272" OBJECTGUID="6e719d34-a817-4bfd-bf79-6434b96d9700" CHANGEID="689783569" NUMBER="15" OPERTYPEID="10" PREVID="0" NEXTID="0" UPDATEDATE="2025-10-01" STARTDATE="2025-10-01" ENDDATE="2079-06-06" ISACTUAL="1" ISACTIVE="1" /><STEAD ID="74197871" OBJECTID="174973280" OBJECTGUID="ce647366-21b1-4e58-9ae4-e72770a3daa6" CHANGEID="689783577" NUMBER="23" OPERTYPEID="10" PREVID="0" NEXTID="0" UPDATEDATE="2025-10-01" STARTDATE="2025-10-01" ENDDATE="2079-06-06" ISACTUAL="1" ISACTIVE="1" /><STEAD ID="74197872" OBJECTID="174973282" OBJECTGUID="d91f39b6-b4fa-45be-acae-c0f94e058cd8" CHANGEID="689783579" NUMBER="25" OPERTYPEID="10" PREVID="0" NEXTID="0" UPDATEDATE="2025-10-01" STARTDATE="2025-10-01" ENDDATE="2079-06-06" ISACTUAL="1" ISACTIVE="1" /><STEAD ID="74197873" OBJECTID="174973283" OBJECTGUID="59ef5e02-2f74-490a-b7fc-17ceb28764d0" CHANGEID="689783588" NUMBER="27" OPERTYPEID="10" PREVID="0" NEXTID="0" UPDATEDATE="2025-10-01" STARTDATE="2025-10-01" ENDDATE="2079-06-06" ISACTUAL="1" ISACTIVE="1" /><STEAD ID="74197886" OBJECTID="174973298" OBJECTGUID="221c888e-fa2c-46c6-a501-a0ed6a444f73" CHANGEID="689783605" NUMBER="33" OPERTYPEID="10" PREVID="0" NEXTID="0" UPDATEDATE="2025-10-01" STARTDATE="2025-10-01" ENDDATE="2079-06-06" ISACTUAL="1" ISACTIVE="1" /><STEAD ID="74197901" OBJECTID="174973315" OBJECTGUID="c5925465-3ebb-40bd-8f13-3d8f61724370" CHANGEID="689783624" NUMBER="2" OPERTYPEID="10" PREVID="0" NEXTID="0" UPDATEDATE="2025-10-01" STARTDATE="2025-10-01" ENDDATE="2079-06-06" ISACTUAL="1" ISACTIVE="1" /><STEAD ID="74197902" OBJECTID="174973316" OBJECTGUID="da5dcb10-bc69-4bb8-84dc-dde92c15c641" CHANGEID="689783627" NUMBER="4" OPERTYPEID="10" PREVID="0" NEXTID="0" UPDATEDATE="2025-10-01" STARTDATE="2025-10-01" ENDDATE="2079-06-06" ISACTUAL="1" ISACTIVE="1" /><STEAD ID="74197913" OBJECTID="174973329" OBJECTGUID="beabf967-eefc-4e38-b72a-7a41c5deba42" CHANGEID="689783660" NUMBER="8" OPERTYPEID="10" PREVID="0" NEXTID="0" UPDATEDATE="2025-10-01" STARTDATE="2025-10-01" ENDDATE="2079-06-06" ISACTUAL="1" ISACTIVE="1" /><STEAD ID="74197914" OBJECTID="174973332" OBJECTGUID="2dbe5aa2-f9f0-48d6-a613-2d7188e657d8" CHANGEID="689783670" NUMBER="10" OPERTYPEID="10" PREVID="0" NEXTID="0" UPDATEDATE="2025-10-01" STARTDATE="2025-10-01" ENDDATE="2079-06-06" ISACTUAL="1" ISACTIVE="1" /><STEAD ID="74197918" OBJECTID="174973354" OBJECTGUID="1666eeb6-3099-40c4-a01a-372815d3e2ad" CHANGEID="689783695" NUMBER="14А" OPERTYPEID="10" PREVID="0" NEXTID="0" UPDATEDATE="2025-10-01" STARTDATE="2025-10-01" ENDDATE="2079-06-06" ISACTUAL="1" ISACTIVE="1" /><STEAD ID="74197838" OBJECTID="174973239" OBJECTGUID="a499f409-2b48-43f8-81ae-cea7f22a60f3" CHANGEID="689783455" NUMBER="51А" OPERTYPEID="10" PREVID="0" NEXTID="0" UPDATEDATE="2025-10-01" STARTDATE="2025-10-01" ENDDATE="2079-06-06" ISACTUAL="1" ISACTIVE="1" /><STEAD ID="74197839" OBJECTID="174973240" OBJECTGUID="0feabd5f-80b9-4073-bae1-de6020f0eeba" CHANGEID="689783456" NUMBER="55" OPERTYPEID="10" PREVID="0" NEXTID="0" UPDATEDATE="2025-10-01" STARTDATE="2025-10-01" ENDDATE="2079-06-06" ISACTUAL="1" ISACTIVE="1" /><STEAD ID="74197840" OBJECTID="174973242" OBJECTGUID="19af58bc-edf1-4eb8-87e5-9ba78af561e2" CHANGEID="689783460" NUMBER="16" OPERTYPEID="10" PREVID="0" NEXTID="0" UPDATEDATE="2025-10-01" STARTDATE="2025-10-01" ENDDATE="2079-06-06" ISACTUAL="1" ISACTIVE="1" /><STEAD ID="74197842" OBJECTID="174973245" OBJECTGUID="33bdcef5-c801-47dc-b642-2e3e7d6e3b2d" CHANGEID="689783533" NUMBER="18" OPERTYPEID="10" PREVID="0" NEXTID="0" UPDATEDATE="2025-10-01" STARTDATE="2025-10-01" ENDDATE="2079-06-06" ISACTUAL="1" ISACTIVE="1" /><STEAD ID="74197862" OBJECTID="174973267" OBJECTGUID="4ddb0208-43e1-410f-b941-8b24e45a888d" CHANGEID="689783560" NUMBER="9" OPERTYPEID="10" PREVID="0" NEXTID="0" UPDATEDATE="2025-10-01" STARTDATE="2025-10-01" ENDDATE="2079-06-06" ISACTUAL="1" ISACTIVE="1" /><STEAD ID="74197864" OBJECTID="174973270" OBJECTGUID="5dc3537a-f38a-47e1-89fb-d6a18232229d" CHANGEID="689783566" NUMBER="13" OPERTYPEID="10" PREVID="0" NEXTID="0" UPDATEDATE="2025-10-01" STARTDATE="2025-10-01" ENDDATE="2079-06-06" ISACTUAL="1" ISACTIVE="1" /><STEAD ID="74197867" OBJECTID="174973273" OBJECTGUID="21f46f98-baee-41ac-b312-95149856c24a" CHANGEID="689783570" NUMBER="19" OPERTYPEID="10" PREVID="0" NEXTID="0" UPDATEDATE="2025-10-01" STARTDATE="2025-10-01" ENDDATE="2079-06-06" ISACTUAL="1" ISACTIVE="1" /><STEAD ID="74197869" OBJECTID="174973277" OBJECTGUID="a862bb27-8784-4558-abdd-5de2c4e6a28a" CHANGEID="689783574" NUMBER="21" OPERTYPEID="10" PREVID="0" NEXTID="0" UPDATEDATE="2025-10-01" STARTDATE="2025-10-01" ENDDATE="2079-06-06" ISACTUAL="1" ISACTIVE="1" /><STEAD ID="74197874" OBJECTID="174973285" OBJECTGUID="72679b35-189b-42c8-92ce-bfded2245096" CHANGEID="689783591" NUMBER="29" OPERTYPEID="10" PREVID="0" NEXTID="0" UPDATEDATE="2025-10-01" STARTDATE="2025-10-01" ENDDATE="2079-06-06" ISACTUAL="1" ISACTIVE="1" /><STEAD ID="74197875" OBJECTID="174973287" OBJECTGUID="bc34ada2-b484-4d4d-9a35-ded978f96e7d" CHANGEID="689783593" NUMBER="31" OPERTYPEID="10" PREVID="0" NEXTID="0" UPDATEDATE="2025-10-01" STARTDATE="2025-10-01" ENDDATE="2079-06-06" ISACTUAL="1" ISACTIVE="1" /><STEAD ID="74197888" OBJECTID="174973301" OBJECTGUID="88ae6d93-a3d1-46ac-978e-f8d0bd26e27c" CHANGEID="689783608" NUMBER="35" OPERTYPEID="10" PREVID="0" NEXTID="0" UPDATEDATE="2025-10-01" STARTDATE="2025-10-01" ENDDATE="2079-06-06" ISACTUAL="1" ISACTIVE="1" /><STEAD ID="74197889" OBJECTID="174973302" OBJECTGUID="e39be9f9-d62b-4265-9958-5d64d7944551" CHANGEID="689783610" NUMBER="37" OPERTYPEID="10" PREVID="0" NEXTID="0" UPDATEDATE="2025-10-01" STARTDATE="2025-10-01" ENDDATE="2079-06-06" ISACTUAL="1" ISACTIVE="1" /><STEAD ID="74197912" OBJECTID="174973327" OBJECTGUID="dcba99ae-3cd0-429e-a54c-063761045c5f" CHANGEID="689783650" NUMBER="6" OPERTYPEID="10" PREVID="0" NEXTID="0" UPDATEDATE="2025-10-01" STARTDATE="2025-10-01" ENDDATE="2079-06-06" ISACTUAL="1" ISACTIVE="1" /><STEAD ID="74197917" OBJECTID="174973353" OBJECTGUID="39c464e6-c6cd-4ddf-b3f5-166500250474" CHANGEID="689783694" NUMBER="12" OPERTYPEID="10" PREVID="0" NEXTID="0" UPDATEDATE="2025-10-01" STARTDATE="2025-10-01" ENDDATE="2079-06-06" ISACTUAL="1" ISACTIVE="1" /><STEAD ID="74197919" OBJECTID="174973355" OBJECTGUID="c2f38f83-5c7d-4010-89d3-746139cac657" CHANGEID="689783698" NUMBER="14" OPERTYPEID="10" PREVID="0" NEXTID="0" UPDATEDATE="2025-10-01" STARTDATE="2025-10-01" ENDDATE="2079-06-06" ISACTUAL="1" ISACTIVE="1" /><STEAD ID="426646" OBJECTID="84979939" OBJECTGUID="eb736443-47ff-4246-aeb6-db6ac371fbc8" CHANGEID="126202076" NUMBER="56" OPERTYPEID="10" NEXTID="74197922" UPDATEDATE="2025-10-01" STARTDATE="2015-10-20" ENDDATE="2025-10-01" ISACTUAL="0" ISACTIVE="0" /><STEAD ID="74197922" OBJECTID="84979939" OBJECTGUID="eb736443-47ff-4246-aeb6-db6ac371fbc8" CHANGEID="689783711" NUMBER="35" OPERTYPEID="50" PREVID="426646" UPDATEDATE="2025-10-01" STARTDATE="2025-10-01" ENDDATE="2079-06-06" ISACTUAL="1" ISACTIVE="1" /><STEAD ID="74199016" OBJECTID="174976414" OBJECTGUID="096a8e46-f48b-4a91-b3ed-33f9b2bfaf5f" CHANGEID="689789978" NUMBER="17" OPERTYPEID="10" PREVID="0" NEXTID="0" UPDATEDATE="2025-10-01" STARTDATE="2025-10-01" ENDDATE="2079-06-06" ISACTUAL="1" ISACTIVE="1" /><STEAD ID="74199018" OBJECTID="174976417" OBJECTGUID="ead88fd7-91ef-47f2-a2c4-3bfce0ff4eb6" CHANGEID="689789988" NUMBER="344" OPERTYPEID="10" PREVID="0" NEXTID="0" UPDATEDATE="2025-10-01" STARTDATE="2025-10-01" ENDDATE="2079-06-06" ISACTUAL="1" ISACTIVE="1" /><STEAD ID="74199029" OBJECTID="174976432" OBJECTGUID="5d02159a-04ca-461e-a446-d0f6b6a29fcd" CHANGEID="689790026" NUMBER="12" OPERTYPEID="10" PREVID="0" NEXTID="0" UPDATEDATE="2025-10-01" STARTDATE="2025-10-01" ENDDATE="2079-06-06" ISACTUAL="1" ISACTIVE="1" /><STEAD ID="74199044" OBJECTID="174976539" OBJECTGUID="3ee4ac83-4faf-4097-b4d0-8c7383c1f26d" CHANGEID="689790167" NUMBER="40" OPERTYPEID="10" PREVID="0" NEXTID="0" UPDATEDATE="2025-10-01" STARTDATE="2025-10-01" ENDDATE="2079-06-06" ISACTUAL="1" ISACTIVE="1" /><STEAD ID="74199040" OBJECTID="174976532" OBJECTGUID="08bfc3d0-c4d8-41ac-a1a4-5a8214ca3dbf" CHANGEID="689790156" NUMBER="2" OPERTYPEID="10" PREVID="0" NEXTID="0" UPDATEDATE="2025-10-01" STARTDATE="2025-10-01" ENDDATE="2079-06-06" ISACTUAL="1" ISACTIVE="1" /><STEAD ID="74199047" OBJECTID="174976545" OBJECTGUID="dd5793d2-d42b-4812-8024-02262136eabd" CHANGEID="689790184" NUMBER="21/1" OPERTYPEID="10" PREVID="0" NEXTID="0" UPDATEDATE="2025-10-01" STARTDATE="2025-10-01" ENDDATE="2079-06-06" ISACTUAL="1" ISACTIVE="1" /><STEAD ID="74199953" OBJECTID="174978158" OBJECTGUID="4e9a480a-7f9a-4dda-80dd-e911691f5521" CHANGEID="689792725" NUMBER="20" OPERTYPEID="10" PREVID="0" NEXTID="0" UPDATEDATE="2025-10-01" STARTDATE="2025-10-01" ENDDATE="2079-06-06" ISACTUAL="1" ISACTIVE="1" /><STEAD ID="74199960" OBJECTID="174978166" OBJECTGUID="e1cd40f9-f4ac-4a3b-9bff-d34f560dfe43" CHANGEID="689792739" NUMBER="28" OPERTYPEID="10" PREVID="0" NEXTID="0" UPDATEDATE="2025-10-01" STARTDATE="2025-10-01" ENDDATE="2079-06-06" ISACTUAL="1" ISACTIVE="1" /><STEAD ID="74199965" OBJECTID="174978173" OBJECTGUID="0cb2d8ab-c6ed-400d-9dbf-59a69b99b095" CHANGEID="689792755" NUMBER="34" OPERTYPEID="10" PREVID="0" NEXTID="0" UPDATEDATE="2025-10-01" STARTDATE="2025-10-01" ENDDATE="2079-06-06" ISACTUAL="1" ISACTIVE="1" /><STEAD ID="74199997" OBJECTID="174978205" OBJECTGUID="14c599af-dc8c-427b-a07d-5bdd58a83ee8" CHANGEID="689792796" NUMBER="38" OPERTYPEID="10" PREVID="0" NEXTID="0" UPDATEDATE="2025-10-01" STARTDATE="2025-10-01" ENDDATE="2079-06-06" ISACTUAL="1" ISACTIVE="1" /><STEAD ID="74200003" OBJECTID="174978215" OBJECTGUID="8826ea6e-59ac-4fab-b5a1-21271e29b7ed" CHANGEID="689792823" NUMBER="5" OPERTYPEID="10" PREVID="0" NEXTID="0" UPDATEDATE="2025-10-01" STARTDATE="2025-10-01" ENDDATE="2079-06-06" ISACTUAL="1" ISACTIVE="1" /><STEAD ID="74200007" OBJECTID="174978221" OBJECTGUID="9e91326e-bea9-4d23-9bea-27b57d92f2bf" CHANGEID="689792842" NUMBER="9" OPERTYPEID="10" PREVID="0" NEXTID="0" UPDATEDATE="2025-10-01" STARTDATE="2025-10-01" ENDDATE="2079-06-06" ISACTUAL="1" ISACTIVE="1" /><STEAD ID="74200013" OBJECTID="174978225" OBJECTGUID="63eb5463-3531-4b04-8dbe-071cbf40acc6" CHANGEID="689792854" NUMBER="13" OPERTYPEID="10" PREVID="0" NEXTID="0" UPDATEDATE="2025-10-01" STARTDATE="2025-10-01" ENDDATE="2079-06-06" ISACTUAL="1" ISACTIVE="1" /><STEAD ID="74200017" OBJECTID="174978230" OBJECTGUID="b3c5e0c3-ea05-4144-8c6e-b097810c74f3" CHANGEID="689792864" NUMBER="17" OPERTYPEID="10" PREVID="0" NEXTID="0" UPDATEDATE="2025-10-01" STARTDATE="2025-10-01" ENDDATE="2079-06-06" ISACTUAL="1" ISACTIVE="1" /><STEAD ID="74200025" OBJECTID="174978240" OBJECTGUID="63a164b8-04bc-4343-93d2-4e5a1d607958" CHANGEID="689792880" NUMBER="25" OPERTYPEID="10" PREVID="0" NEXTID="0" UPDATEDATE="2025-10-01" STARTDATE="2025-10-01" ENDDATE="2079-06-06" ISACTUAL="1" ISACTIVE="1" /><STEAD ID="74200027" OBJECTID="174978244" OBJECTGUID="aed5cca6-d722-4573-9efe-8f23dfb7da58" CHANGEID="689792886" NUMBER="27" OPERTYPEID="10" PREVID="0" NEXTID="0" UPDATEDATE="2025-10-01" STARTDATE="2025-10-01" ENDDATE="2079-06-06" ISACTUAL="1" ISACTIVE="1" /><STEAD ID="74200028" OBJECTID="174978246" OBJECTGUID="bdf0f428-fe01-4ba6-8160-38c1b99d905f" CHANGEID="689792888" NUMBER="29" OPERTYPEID="10" PREVID="0" NEXTID="0" UPDATEDATE="2025-10-01" STARTDATE="2025-10-01" ENDDATE="2079-06-06" ISACTUAL="1" ISACTIVE="1" /><STEAD ID="74200057" OBJECTID="174978280" OBJECTGUID="881ba8b9-946a-473e-9730-487e87a3257b" CHANGEID="689792928" NUMBER="33" OPERTYPEID="10" PREVID="0" NEXTID="0" UPDATEDATE="2025-10-01" STARTDATE="2025-10-01" ENDDATE="2079-06-06" ISACTUAL="1" ISACTIVE="1" /><STEAD ID="74200074" OBJECTID="174978299" OBJECTGUID="52b98b13-f9a1-4216-b404-3215d702b548" CHANGEID="689792956" NUMBER="2" OPERTYPEID="10" PREVID="0" NEXTID="0" UPDATEDATE="2025-10-01" STARTDATE="2025-10-01" ENDDATE="2079-06-06" ISACTUAL="1" ISACTIVE="1" /><STEAD ID="74199950" OBJECTID="174978154" OBJECTGUID="dbf5727a-ff61-412d-99c2-f48e965ba98d" CHANGEID="689792717" NUMBER="16" OPERTYPEID="10" PREVID="0" NEXTID="0" UPDATEDATE="2025-10-01" STARTDATE="2025-10-01" ENDDATE="2079-06-06" ISACTUAL="1" ISACTIVE="1" /><STEAD ID="74199951" OBJECTID="174978155" OBJECTGUID="bb9502d2-9dbd-492d-8583-87e622888f1b" CHANGEID="689792719" NUMBER="18" OPERTYPEID="10" PREVID="0" NEXTID="0" UPDATEDATE="2025-10-01" STARTDATE="2025-10-01" ENDDATE="2079-06-06" ISACTUAL="1" ISACTIVE="1" /><STEAD ID="74199955" OBJECTID="174978160" OBJECTGUID="cc43bb18-78ae-4687-8e5f-c427b47f88e2" CHANGEID="689792730" NUMBER="22" OPERTYPEID="10" PREVID="0" NEXTID="0" UPDATEDATE="2025-10-01" STARTDATE="2025-10-01" ENDDATE="2079-06-06" ISACTUAL="1" ISACTIVE="1" /><STEAD ID="74199957" OBJECTID="174978162" OBJECTGUID="de523b64-d312-4c22-9c3a-fb64b5161141" CHANGEID="689792734" NUMBER="24" OPERTYPEID="10" PREVID="0" NEXTID="0" UPDATEDATE="2025-10-01" STARTDATE="2025-10-01" ENDDATE="2079-06-06" ISACTUAL="1" ISACTIVE="1" /><STEAD ID="74199958" OBJECTID="174978163" OBJECTGUID="8c7761a7-a6c8-4d6c-9769-0a6e5365e068" CHANGEID="689792736" NUMBER="26" OPERTYPEID="10" PREVID="0" NEXTID="0" UPDATEDATE="2025-10-01" STARTDATE="2025-10-01" ENDDATE="2079-06-06" ISACTUAL="1" ISACTIVE="1" /><STEAD ID="74199961" OBJECTID="174978167" OBJECTGUID="9be291c6-719d-49d7-8f05-79e856fb1c95" CHANGEID="689792742" NUMBER="30" OPERTYPEID="10" PREVID="0" NEXTID="0" UPDATEDATE="2025-10-01" STARTDATE="2025-10-01" ENDDATE="2079-06-06" ISACTUAL="1" ISACTIVE="1" /><STEAD ID="74199963" OBJECTID="174978169" OBJECTGUID="f0336e2d-d8b0-4df2-bc78-ed9ad42749f0" CHANGEID="689792746" NUMBER="32" OPERTYPEID="10" PREVID="0" NEXTID="0" UPDATEDATE="2025-10-01" STARTDATE="2025-10-01" ENDDATE="2079-06-06" ISACTUAL="1" ISACTIVE="1" /><STEAD ID="74199996" OBJECTID="174978204" OBJECTGUID="377b4dc6-465b-4a50-a4b7-086ad7c932c0" CHANGEID="689792795" NUMBER="36" OPERTYPEID="10" PREVID="0" NEXTID="0" UPDATEDATE="2025-10-01" STARTDATE="2025-10-01" ENDDATE="2079-06-06" ISACTUAL="1" ISACTIVE="1" /><STEAD ID="74199998" OBJECTID="174978208" OBJECTGUID="cb145faa-5f13-478a-8c82-df732b72b8b6" CHANGEID="689792803" NUMBER="1" OPERTYPEID="10" PREVID="0" NEXTID="0" UPDATEDATE="2025-10-01" STARTDATE="2025-10-01" ENDDATE="2079-06-06" ISACTUAL="1" ISACTIVE="1" /><STEAD ID="74200001" OBJECTID="174978211" OBJECTGUID="a5324fd9-e605-4374-9713-fa6ad24786e7" CHANGEID="689792807" NUMBER="3" OPERTYPEID="10" PREVID="0" NEXTID="0" UPDATEDATE="2025-10-01" STARTDATE="2025-10-01" ENDDATE="2079-06-06" ISACTUAL="1" ISACTIVE="1" /><STEAD ID="74200006" OBJECTID="174978220" OBJECTGUID="a9a94afa-7cbe-43cf-ba17-1ec25ffbc049" CHANGEID="689792830" NUMBER="7" OPERTYPEID="10" PREVID="0" NEXTID="0" UPDATEDATE="2025-10-01" STARTDATE="2025-10-01" ENDDATE="2079-06-06" ISACTUAL="1" ISACTIVE="1" /><STEAD ID="74200009" OBJECTID="174978223" OBJECTGUID="85fd7a86-2746-4a07-8d36-6f87b66be8b4" CHANGEID="689792850" NUMBER="11" OPERTYPEID="10" PREVID="0" NEXTID="0" UPDATEDATE="2025-10-01" STARTDATE="2025-10-01" ENDDATE="2079-06-06" ISACTUAL="1" ISACTIVE="1" /><STEAD ID="74200016" OBJECTID="174978229" OBJECTGUID="cc29c8aa-c6d5-4790-b047-3a6a7c971172" CHANGEID="689792861" NUMBER="15" OPERTYPEID="10" PREVID="0" NEXTID="0" UPDATEDATE="2025-10-01" STARTDATE="2025-10-01" ENDDATE="2079-06-06" ISACTUAL="1" ISACTIVE="1" /><STEAD ID="74200019" OBJECTID="174978232" OBJECTGUID="7225b21e-d1e7-4fe8-88ad-47633fa507b8" CHANGEID="689792871" NUMBER="19" OPERTYPEID="10" PREVID="0" NEXTID="0" UPDATEDATE="2025-10-01" STARTDATE="2025-10-01" ENDDATE="2079-06-06" ISACTUAL="1" ISACTIVE="1" /><STEAD ID="74200022" OBJECTID="174978235" OBJECTGUID="96547af5-4534-4342-9d2a-f31c3b6cd439" CHANGEID="689792875" NUMBER="21" OPERTYPEID="10" PREVID="0" NEXTID="0" UPDATEDATE="2025-10-01" STARTDATE="2025-10-01" ENDDATE="2079-06-06" ISACTUAL="1" ISACTIVE="1" /><STEAD ID="74200023" OBJECTID="174978237" OBJECTGUID="393b0f4c-e05c-47e3-82f6-084dc9f23389" CHANGEID="689792877" NUMBER="23" OPERTYPEID="10" PREVID="0" NEXTID="0" UPDATEDATE="2025-10-01" STARTDATE="2025-10-01" ENDDATE="2079-06-06" ISACTUAL="1" ISACTIVE="1" /><STEAD ID="74200029" OBJECTID="174978248" OBJECTGUID="78e8aa48-e3e0-4625-b21e-7debb5faa8c1" CHANGEID="689792891" NUMBER="31" OPERTYPEID="10" PREVID="0" NEXTID="0" UPDATEDATE="2025-10-01" STARTDATE="2025-10-01" ENDDATE="2079-06-06" ISACTUAL="1" ISACTIVE="1" /></STEADS>