﻿<?xml version="1.0" encoding="utf-8"?><APARTMENTS><APARTMENT ID="41895804" OBJECTID="70224367" OBJECTGUID="c317e74c-ad26-4b7e-ae59-1890eecdf35c" CHANGEID="104639931" NUMBER="3" APARTTYPE="2" OPERTYPEID="10" PREVID="0" NEXTID="111809185" UPDATEDATE="2025-09-30" STARTDATE="2018-09-24" ENDDATE="2025-09-30" ISACTUAL="0" ISACTIVE="0" /><APARTMENT ID="111796960" OBJECTID="99422956" OBJECTGUID="b2e2799b-b3e4-43d9-8e68-f60969c2c649" CHANGEID="689649076" NUMBER="10/1" APARTTYPE="2" OPERTYPEID="30" PREVID="52052763" NEXTID="0" UPDATEDATE="2025-09-29" STARTDATE="2025-09-29" ENDDATE="2079-06-06" ISACTUAL="1" ISACTIVE="0" /><APARTMENT ID="52052763" OBJECTID="99422956" OBJECTGUID="b2e2799b-b3e4-43d9-8e68-f60969c2c649" CHANGEID="162266375" NUMBER="10/1" APARTTYPE="2" OPERTYPEID="10" PREVID="0" NEXTID="111796960" UPDATEDATE="2025-09-29" STARTDATE="2020-12-04" ENDDATE="2025-09-29" ISACTUAL="0" ISACTIVE="0" /><APARTMENT ID="111796961" OBJECTID="99422957" OBJECTGUID="06e47eda-d4b5-4ba1-ab98-af2c700646ed" CHANGEID="689649078" NUMBER="10/2" APARTTYPE="2" OPERTYPEID="30" PREVID="52052764" NEXTID="0" UPDATEDATE="2025-09-29" STARTDATE="2025-09-29" ENDDATE="2079-06-06" ISACTUAL="1" ISACTIVE="0" /><APARTMENT ID="52052764" OBJECTID="99422957" OBJECTGUID="06e47eda-d4b5-4ba1-ab98-af2c700646ed" CHANGEID="162266376" NUMBER="10/2" APARTTYPE="2" OPERTYPEID="10" PREVID="0" NEXTID="111796961" UPDATEDATE="2025-09-29" STARTDATE="2020-12-04" ENDDATE="2025-09-29" ISACTUAL="0" ISACTIVE="0" /><APARTMENT ID="111797012" OBJECTID="174921934" OBJECTGUID="86b45988-d509-43e8-83ef-326cc8da7640" CHANGEID="689649256" NUMBER="1" APARTTYPE="2" OPERTYPEID="10" PREVID="0" NEXTID="0" UPDATEDATE="2025-09-29" STARTDATE="2025-09-29" ENDDATE="2079-06-06" ISACTUAL="1" ISACTIVE="1" /><APARTMENT ID="111797805" OBJECTID="29128759" OBJECTGUID="e075e068-448a-4abf-97d8-1e68565a6d66" CHANGEID="689652894" NUMBER="1" APARTTYPE="2" OPERTYPEID="30" PREVID="16741805" NEXTID="0" UPDATEDATE="2025-09-29" STARTDATE="2025-09-29" ENDDATE="2079-06-06" ISACTUAL="1" ISACTIVE="0" /><APARTMENT ID="16741805" OBJECTID="29128759" OBJECTGUID="e075e068-448a-4abf-97d8-1e68565a6d66" CHANGEID="44732928" NUMBER="1" APARTTYPE="2" OPERTYPEID="10" PREVID="0" NEXTID="111797805" UPDATEDATE="2025-09-29" STARTDATE="2018-08-31" ENDDATE="2025-09-29" ISACTUAL="0" ISACTIVE="0" /><APARTMENT ID="111797812" OBJECTID="29128263" OBJECTGUID="3b37b529-be9b-4544-8017-5aea739c85a5" CHANGEID="689652950" NUMBER="2" APARTTYPE="2" OPERTYPEID="30" PREVID="16741530" NEXTID="0" UPDATEDATE="2025-09-29" STARTDATE="2025-09-29" ENDDATE="2079-06-06" ISACTUAL="1" ISACTIVE="0" /><APARTMENT ID="16741530" OBJECTID="29128263" OBJECTGUID="3b37b529-be9b-4544-8017-5aea739c85a5" CHANGEID="44732062" NUMBER="2" APARTTYPE="2" OPERTYPEID="10" PREVID="0" NEXTID="111797812" UPDATEDATE="2025-09-29" STARTDATE="2018-08-31" ENDDATE="2025-09-29" ISACTUAL="0" ISACTIVE="0" /><APARTMENT ID="111803953" OBJECTID="174940936" OBJECTGUID="858df005-86c1-4f97-80ca-68c7faa63c79" CHANGEID="689691876" NUMBER="99а" APARTTYPE="4" OPERTYPEID="10" PREVID="0" NEXTID="0" UPDATEDATE="2025-09-29" STARTDATE="2025-09-29" ENDDATE="2079-06-06" ISACTUAL="1" ISACTIVE="1" /><APARTMENT ID="111804453" OBJECTID="66484806" OBJECTGUID="df506a6e-a317-49cc-a372-d426c6c803c5" CHANGEID="689695040" NUMBER="5" APARTTYPE="2" OPERTYPEID="30" PREVID="39635565" NEXTID="0" UPDATEDATE="2025-09-29" STARTDATE="2025-09-29" ENDDATE="2079-06-06" ISACTUAL="1" ISACTIVE="0" /><APARTMENT ID="39635565" OBJECTID="66484806" OBJECTGUID="df506a6e-a317-49cc-a372-d426c6c803c5" CHANGEID="99154206" NUMBER="5" APARTTYPE="2" OPERTYPEID="10" PREVID="0" NEXTID="111804453" UPDATEDATE="2025-09-29" STARTDATE="2018-07-30" ENDDATE="2025-09-29" ISACTUAL="0" ISACTIVE="0" /><APARTMENT ID="111809185" OBJECTID="70224367" OBJECTGUID="c317e74c-ad26-4b7e-ae59-1890eecdf35c" CHANGEID="689737725" NUMBER="3" APARTTYPE="2" OPERTYPEID="30" PREVID="41895804" NEXTID="0" UPDATEDATE="2025-09-30" STARTDATE="2025-09-30" ENDDATE="2079-06-06" ISACTUAL="1" ISACTIVE="0" /><APARTMENT ID="111810366" OBJECTID="174965901" OBJECTGUID="5faeb8a2-96d4-4622-ab61-4e87e3d8fed0" CHANGEID="689747712" NUMBER="1" APARTTYPE="2" OPERTYPEID="10" PREVID="0" NEXTID="0" UPDATEDATE="2025-09-30" STARTDATE="2025-09-30" ENDDATE="2079-06-06" ISACTUAL="1" ISACTIVE="1" /><APARTMENT ID="111810381" OBJECTID="174965919" OBJECTGUID="8050d8c7-469b-4bce-a34d-0e780f9f7b74" CHANGEID="689747761" NUMBER="2" APARTTYPE="2" OPERTYPEID="10" PREVID="0" NEXTID="0" UPDATEDATE="2025-09-30" STARTDATE="2025-09-30" ENDDATE="2079-06-06" ISACTUAL="1" ISACTIVE="1" /><APARTMENT ID="111810657" OBJECTID="174966768" OBJECTGUID="78887e33-f5f4-4f20-a902-7185d0a3ccec" CHANGEID="689750421" NUMBER="1" APARTTYPE="2" OPERTYPEID="10" PREVID="0" NEXTID="0" UPDATEDATE="2025-09-30" STARTDATE="2025-09-30" ENDDATE="2079-06-06" ISACTUAL="1" ISACTIVE="1" /><APARTMENT ID="111810658" OBJECTID="174966769" OBJECTGUID="bb502f78-cd2a-4182-8421-9f1a6add5b41" CHANGEID="689750423" NUMBER="2" APARTTYPE="2" OPERTYPEID="10" PREVID="0" NEXTID="0" UPDATEDATE="2025-09-30" STARTDATE="2025-09-30" ENDDATE="2079-06-06" ISACTUAL="1" ISACTIVE="1" /><APARTMENT ID="111810659" OBJECTID="174966772" OBJECTGUID="cc5163b6-72da-4ff2-b05e-5b29f2aa6896" CHANGEID="689750428" NUMBER="3" APARTTYPE="2" OPERTYPEID="10" PREVID="0" NEXTID="0" UPDATEDATE="2025-09-30" STARTDATE="2025-09-30" ENDDATE="2079-06-06" ISACTUAL="1" ISACTIVE="1" /><APARTMENT ID="111810660" OBJECTID="174966774" OBJECTGUID="5a204469-0348-4892-93e5-7b64b7c87a9e" CHANGEID="689750431" NUMBER="4" APARTTYPE="2" OPERTYPEID="10" PREVID="0" NEXTID="0" UPDATEDATE="2025-09-30" STARTDATE="2025-09-30" ENDDATE="2079-06-06" ISACTUAL="1" ISACTIVE="1" /><APARTMENT ID="111810831" OBJECTID="174968237" OBJECTGUID="b421ee2d-7262-4ffc-b1f8-451985fc407d" CHANGEID="689754176" NUMBER="2" APARTTYPE="2" OPERTYPEID="10" PREVID="0" NEXTID="0" UPDATEDATE="2025-09-30" STARTDATE="2025-09-30" ENDDATE="2079-06-06" ISACTUAL="1" ISACTIVE="1" /><APARTMENT ID="111810852" OBJECTID="19890733" OBJECTGUID="56632504-d129-4ad3-82f6-15ff4c7eae19" CHANGEID="689754229" NUMBER="2" APARTTYPE="1" OPERTYPEID="30" PREVID="11100202" NEXTID="0" UPDATEDATE="2025-09-30" STARTDATE="2025-09-30" ENDDATE="2079-06-06" ISACTUAL="1" ISACTIVE="0" /><APARTMENT ID="11100202" OBJECTID="19890733" OBJECTGUID="56632504-d129-4ad3-82f6-15ff4c7eae19" CHANGEID="31178587" NUMBER="2" APARTTYPE="1" OPERTYPEID="10" PREVID="0" NEXTID="111810852" UPDATEDATE="2025-09-30" STARTDATE="2018-08-06" ENDDATE="2025-09-30" ISACTUAL="0" ISACTIVE="0" /><APARTMENT ID="111810853" OBJECTID="19890761" OBJECTGUID="6e3576b1-658b-4d9a-affb-a7c4f36023f7" CHANGEID="689754230" NUMBER="1" APARTTYPE="1" OPERTYPEID="30" PREVID="11100210" NEXTID="0" UPDATEDATE="2025-09-30" STARTDATE="2025-09-30" ENDDATE="2079-06-06" ISACTUAL="1" ISACTIVE="0" /><APARTMENT ID="11100210" OBJECTID="19890761" OBJECTGUID="6e3576b1-658b-4d9a-affb-a7c4f36023f7" CHANGEID="31178623" NUMBER="1" APARTTYPE="1" OPERTYPEID="10" PREVID="0" NEXTID="111810853" UPDATEDATE="2025-09-30" STARTDATE="2018-08-06" ENDDATE="2025-09-30" ISACTUAL="0" ISACTIVE="0" /><APARTMENT ID="111814680" OBJECTID="158185802" OBJECTGUID="daf8f697-aa0c-4286-ad34-6911a81416d7" CHANGEID="689798723" NUMBER="7" APARTTYPE="1" OPERTYPEID="30" PREVID="105031786" NEXTID="0" UPDATEDATE="2025-10-01" STARTDATE="2025-10-01" ENDDATE="2079-06-06" ISACTUAL="1" ISACTIVE="0" /><APARTMENT ID="105031786" OBJECTID="158185802" OBJECTGUID="daf8f697-aa0c-4286-ad34-6911a81416d7" CHANGEID="495816635" NUMBER="7" APARTTYPE="1" OPERTYPEID="10" PREVID="0" NEXTID="111814680" UPDATEDATE="2025-10-01" STARTDATE="2023-03-01" ENDDATE="2025-10-01" ISACTUAL="0" ISACTIVE="0" /><APARTMENT ID="111814709" OBJECTID="174981171" OBJECTGUID="e303e6e7-6cd8-4c7b-b170-69692e9595f7" CHANGEID="689798950" NUMBER="17" APARTTYPE="1" OPERTYPEID="10" PREVID="0" NEXTID="0" UPDATEDATE="2025-10-01" STARTDATE="2025-10-01" ENDDATE="2079-06-06" ISACTUAL="1" ISACTIVE="1" /><APARTMENT ID="111815449" OBJECTID="82145818" OBJECTGUID="dede9fdb-355d-4010-92b2-bb0eaf3e0f48" CHANGEID="689803674" NUMBER="1" APARTTYPE="2" OPERTYPEID="30" PREVID="49137081" NEXTID="0" UPDATEDATE="2025-10-01" STARTDATE="2025-10-01" ENDDATE="2079-06-06" ISACTUAL="1" ISACTIVE="0" /><APARTMENT ID="49137081" OBJECTID="82145818" OBJECTGUID="dede9fdb-355d-4010-92b2-bb0eaf3e0f48" CHANGEID="122055748" NUMBER="1" APARTTYPE="2" OPERTYPEID="10" PREVID="0" NEXTID="111815449" UPDATEDATE="2025-10-01" STARTDATE="2009-03-25" ENDDATE="2025-10-01" ISACTUAL="0" ISACTIVE="0" /><APARTMENT ID="111815451" OBJECTID="82146073" OBJECTGUID="fd243fb8-7e9c-4260-8f5d-e69400b3d894" CHANGEID="689803699" NUMBER="2" APARTTYPE="2" OPERTYPEID="30" PREVID="49137249" NEXTID="0" UPDATEDATE="2025-10-01" STARTDATE="2025-10-01" ENDDATE="2079-06-06" ISACTUAL="1" ISACTIVE="0" /><APARTMENT ID="49137249" OBJECTID="82146073" OBJECTGUID="fd243fb8-7e9c-4260-8f5d-e69400b3d894" CHANGEID="122056152" NUMBER="2" APARTTYPE="2" OPERTYPEID="10" PREVID="0" NEXTID="111815451" UPDATEDATE="2025-10-01" STARTDATE="2009-03-25" ENDDATE="2025-10-01" ISACTUAL="0" ISACTIVE="0" /><APARTMENT ID="111818765" OBJECTID="174991752" OBJECTGUID="597418e8-5f3b-4fdb-80cd-4939d644fced" CHANGEID="689819610" NUMBER="3" APARTTYPE="1" OPERTYPEID="10" PREVID="0" NEXTID="0" UPDATEDATE="2025-10-01" STARTDATE="2025-10-01" ENDDATE="2079-06-06" ISACTUAL="1" ISACTIVE="1" /></APARTMENTS>