﻿<?xml version="1.0" encoding="utf-8"?><HOUSES><HOUSE ID="56630222" OBJECTID="20341122" OBJECTGUID="4a1cd01a-1d85-46be-a59c-5bf7235e5c92" CHANGEID="31845689" HOUSENUM="43" HOUSETYPE="2" OPERTYPEID="20" PREVID="11862944" NEXTID="129171148" UPDATEDATE="2025-09-29" STARTDATE="2014-01-10" ENDDATE="2025-09-29" ISACTUAL="0" ISACTIVE="0" /><HOUSE ID="56708634" OBJECTID="70607624" OBJECTGUID="4b389418-7a2f-404d-8e9c-7dc9294944c3" CHANGEID="105207084" HOUSENUM="88" HOUSETYPE="2" OPERTYPEID="20" PREVID="42599629" NEXTID="129173815" UPDATEDATE="2025-09-29" STARTDATE="2016-03-11" ENDDATE="2025-09-29" ISACTUAL="0" ISACTIVE="0" /><HOUSE ID="56879723" OBJECTID="19889763" OBJECTGUID="4da13ad5-aa90-4c47-b92b-dc3c0515b4e6" CHANGEID="31177433" HOUSENUM="16" HOUSETYPE="2" OPERTYPEID="20" PREVID="11572842" NEXTID="129188157" UPDATEDATE="2025-10-01" STARTDATE="2018-08-06" ENDDATE="2025-10-01" ISACTUAL="0" ISACTIVE="0" /><HOUSE ID="57804704" OBJECTID="20337290" OBJECTGUID="5ab0fa18-537a-4438-b34e-224cd5872e20" CHANGEID="31839301" HOUSENUM="34" HOUSETYPE="2" OPERTYPEID="20" PREVID="11859846" NEXTID="129171144" UPDATEDATE="2025-09-29" STARTDATE="2014-01-10" ENDDATE="2025-09-29" ISACTUAL="0" ISACTIVE="0" /><HOUSE ID="58048473" OBJECTID="42834889" OBJECTGUID="5e202c08-fe3a-4caf-bd54-19736d1dd1bd" CHANGEID="64682161" HOUSENUM="30" HOUSETYPE="2" OPERTYPEID="20" PREVID="25586057" NEXTID="129172285" UPDATEDATE="2025-09-29" STARTDATE="2014-01-10" ENDDATE="2025-09-29" ISACTUAL="0" ISACTIVE="0" /><HOUSE ID="58510609" OBJECTID="32116381" OBJECTGUID="64a41361-ba88-45b9-8e16-137c3ba86a67" CHANGEID="49049658" HOUSENUM="14" HOUSETYPE="2" OPERTYPEID="20" PREVID="19066578" NEXTID="129173639" UPDATEDATE="2025-09-29" STARTDATE="2015-08-24" ENDDATE="2025-09-29" ISACTUAL="0" ISACTIVE="0" /><HOUSE ID="58665463" OBJECTID="7321288" OBJECTGUID="66d210f0-5e74-4d2e-8369-ece3c1f68996" CHANGEID="12576203" HOUSENUM="25" HOUSETYPE="2" OPERTYPEID="20" PREVID="3549693" NEXTID="129190893" UPDATEDATE="2025-10-01" STARTDATE="2014-01-10" ENDDATE="2025-10-01" ISACTUAL="0" ISACTIVE="0" /><HOUSE ID="60582380" OBJECTID="42839616" OBJECTGUID="81e4cb83-89a9-4624-a519-6846ca788e78" CHANGEID="64689289" HOUSENUM="37" HOUSETYPE="2" OPERTYPEID="20" PREVID="25588926" NEXTID="129172292" UPDATEDATE="2025-09-29" STARTDATE="2014-01-10" ENDDATE="2025-09-29" ISACTUAL="0" ISACTIVE="0" /><HOUSE ID="61386598" OBJECTID="57545149" OBJECTGUID="8d3d308d-811c-4257-8994-d9d9086dc8de" CHANGEID="86027987" HOUSENUM="99" HOUSETYPE="2" OPERTYPEID="20" PREVID="34436704" NEXTID="129170333" UPDATEDATE="2025-09-29" STARTDATE="2014-01-10" ENDDATE="2025-09-29" ISACTUAL="0" ISACTIVE="0" /><HOUSE ID="62159814" OBJECTID="70596330" OBJECTGUID="98260db2-2236-442d-8f11-6de702887a48" CHANGEID="105191196" HOUSENUM="32" HOUSETYPE="2" OPERTYPEID="20" PREVID="42593240" NEXTID="129173723" UPDATEDATE="2025-09-29" STARTDATE="2016-03-11" ENDDATE="2025-09-29" ISACTUAL="0" ISACTIVE="0" /><HOUSE ID="62295530" OBJECTID="54480204" OBJECTGUID="9a0c4d2c-d5f7-4415-9498-853d3bfb8c71" CHANGEID="81529544" HOUSENUM="114" HOUSETYPE="2" OPERTYPEID="20" PREVID="32556860" NEXTID="129183298" UPDATEDATE="2025-09-30" STARTDATE="2014-01-10" ENDDATE="2025-09-30" ISACTUAL="0" ISACTIVE="0" /><HOUSE ID="62604973" OBJECTID="7729054" OBJECTGUID="9e6c9584-01e8-410c-9cb9-f8c716bbf5d4" CHANGEID="13196607" HOUSENUM="7" HOUSETYPE="2" OPERTYPEID="20" PREVID="3833349" NEXTID="129177394" UPDATEDATE="2025-09-30" STARTDATE="2014-01-10" ENDDATE="2025-09-30" ISACTUAL="0" ISACTIVE="0" /><HOUSE ID="62643048" OBJECTID="57615658" OBJECTGUID="9ef26745-3af4-46ea-98d4-4131b88a4854" CHANGEID="86128010" HOUSENUM="78" HOUSETYPE="2" OPERTYPEID="20" PREVID="34476525" NEXTID="129170327" UPDATEDATE="2025-09-29" STARTDATE="2014-01-10" ENDDATE="2025-09-29" ISACTUAL="0" ISACTIVE="0" /><HOUSE ID="65748068" OBJECTID="53577471" OBJECTGUID="cac8bc16-850d-4322-9ef2-0aed4865e8a2" CHANGEID="80197894" HOUSENUM="88" HOUSETYPE="2" OPERTYPEID="20" PREVID="31991396" NEXTID="129171153" UPDATEDATE="2025-09-29" STARTDATE="2014-01-10" ENDDATE="2025-09-29" ISACTUAL="0" ISACTIVE="0" /><HOUSE ID="66043007" OBJECTID="29126164" OBJECTGUID="cef9f910-3688-4564-9e63-853be49af097" CHANGEID="44729696" HOUSENUM="10" HOUSETYPE="2" OPERTYPEID="20" PREVID="17276202" NEXTID="129174748" UPDATEDATE="2025-09-29" STARTDATE="2014-01-10" ENDDATE="2025-09-29" ISACTUAL="0" ISACTIVE="0" /><HOUSE ID="67186785" OBJECTID="70600731" OBJECTGUID="df231e53-240d-45b6-85d8-7329a3d49427" CHANGEID="105197264" HOUSENUM="100" HOUSETYPE="2" OPERTYPEID="20" PREVID="42595573" NEXTID="129173695" UPDATEDATE="2025-09-29" STARTDATE="2016-03-11" ENDDATE="2025-09-29" ISACTUAL="0" ISACTIVE="0" /><HOUSE ID="67754769" OBJECTID="70722410" OBJECTGUID="e72c6b4d-80fc-44f6-a743-56f2214584c1" CHANGEID="105371743" HOUSENUM="132" HOUSETYPE="2" OPERTYPEID="20" PREVID="42661503" NEXTID="129182445" UPDATEDATE="2025-09-30" STARTDATE="2016-03-11" ENDDATE="2025-09-30" ISACTUAL="0" ISACTIVE="0" /><HOUSE ID="68996938" OBJECTID="56449801" OBJECTGUID="f8b37e08-6d6d-4af2-9b3c-cccfa37df7fe" CHANGEID="84425117" HOUSENUM="48" HOUSETYPE="2" OPERTYPEID="20" PREVID="33777416" NEXTID="129170352" UPDATEDATE="2025-09-29" STARTDATE="2014-01-10" ENDDATE="2025-09-29" ISACTUAL="0" ISACTIVE="0" /><HOUSE ID="48362289" OBJECTID="79980141" OBJECTGUID="b82217eb-d0cd-4698-ba68-460b4edb212f" CHANGEID="118867154" HOUSENUM="9" HOUSETYPE="2" OPERTYPEID="10" PREVID="0" NEXTID="129172242" UPDATEDATE="2025-09-29" STARTDATE="2015-10-15" ENDDATE="2025-09-29" ISACTUAL="0" ISACTIVE="0" /><HOUSE ID="51473289" OBJECTID="56413069" OBJECTGUID="014dd4dc-2695-4548-bec5-5f1195f9d644" CHANGEID="84371150" HOUSENUM="25" HOUSETYPE="2" OPERTYPEID="20" PREVID="33755846" NEXTID="129170348" UPDATEDATE="2025-09-29" STARTDATE="2014-01-10" ENDDATE="2025-09-29" ISACTUAL="0" ISACTIVE="0" /><HOUSE ID="51729069" OBJECTID="26773334" OBJECTGUID="04eadea7-b812-4d19-9444-2a87bdddc387" CHANGEID="41320332" HOUSENUM="45" HOUSETYPE="2" OPERTYPEID="20" PREVID="15896737" NEXTID="129182421" UPDATEDATE="2025-09-30" STARTDATE="2016-03-11" ENDDATE="2025-09-30" ISACTUAL="0" ISACTIVE="0" /><HOUSE ID="52146857" OBJECTID="45441201" OBJECTGUID="0ac9cfe2-0419-4576-aabc-2ca5d5fd2c16" CHANGEID="68450301" HOUSENUM="9" HOUSETYPE="2" OPERTYPEID="20" PREVID="27143589" NEXTID="129190736" UPDATEDATE="2025-10-01" STARTDATE="2014-01-10" ENDDATE="2025-10-01" ISACTUAL="0" ISACTIVE="0" /><HOUSE ID="52496401" OBJECTID="20352064" OBJECTGUID="0fbf6a97-d4f7-4e03-bdc2-b667b760fb89" CHANGEID="31862806" HOUSENUM="27" HOUSETYPE="2" OPERTYPEID="20" PREVID="11872287" NEXTID="129171137" UPDATEDATE="2025-09-29" STARTDATE="2014-01-10" ENDDATE="2025-09-29" ISACTUAL="0" ISACTIVE="0" /><HOUSE ID="53112094" OBJECTID="19891293" OBJECTGUID="18729cb9-0454-4fb6-b81b-ec01cd72ded9" CHANGEID="31179813" HOUSENUM="12" HOUSETYPE="2" OPERTYPEID="20" PREVID="11573735" NEXTID="129188213" UPDATEDATE="2025-10-01" STARTDATE="2014-01-10" ENDDATE="2025-10-01" ISACTUAL="0" ISACTIVE="0" /><HOUSE ID="54225355" OBJECTID="6818088" OBJECTGUID="282611c3-3e70-4366-959e-5deac8aef4fd" CHANGEID="11861437" HOUSENUM="10" HOUSETYPE="2" OPERTYPEID="20" PREVID="3264344" NEXTID="129175002" UPDATEDATE="2025-09-29" STARTDATE="2014-01-10" ENDDATE="2025-09-29" ISACTUAL="0" ISACTIVE="0" /><HOUSE ID="129167862" OBJECTID="174921770" OBJECTGUID="4e319397-7d08-4693-9c77-491b2503bd4c" CHANGEID="689648869" HOUSENUM="23" HOUSETYPE="2" OPERTYPEID="10" PREVID="0" NEXTID="0" UPDATEDATE="2025-09-29" STARTDATE="2025-09-29" ENDDATE="2079-06-06" ISACTUAL="1" ISACTIVE="1" /><HOUSE ID="129167869" OBJECTID="62475900" OBJECTGUID="14655ccf-289f-4d53-8b07-9b00a83f112d" CHANGEID="689649030" HOUSENUM="10" HOUSETYPE="2" OPERTYPEID="30" PREVID="52825546" NEXTID="0" UPDATEDATE="2025-09-29" STARTDATE="2025-09-29" ENDDATE="2079-06-06" ISACTUAL="1" ISACTIVE="0" /><HOUSE ID="52825546" OBJECTID="62475900" OBJECTGUID="14655ccf-289f-4d53-8b07-9b00a83f112d" CHANGEID="93268676" HOUSENUM="10" HOUSETYPE="2" OPERTYPEID="20" PREVID="37544821" NEXTID="129167869" UPDATEDATE="2025-09-29" STARTDATE="2014-01-10" ENDDATE="2025-09-29" ISACTUAL="0" ISACTIVE="0" /><HOUSE ID="10877777" OBJECTID="18865101" OBJECTGUID="67d713b5-a803-4ed3-93f4-7213fcd11efc" CHANGEID="29629624" HOUSENUM="62" HOUSETYPE="2" OPERTYPEID="10" PREVID="0" NEXTID="129168771" UPDATEDATE="2025-09-29" STARTDATE="1900-01-01" ENDDATE="2025-09-29" ISACTUAL="0" ISACTIVE="0" /><HOUSE ID="129168771" OBJECTID="18865101" OBJECTGUID="67d713b5-a803-4ed3-93f4-7213fcd11efc" CHANGEID="689652060" HOUSENUM="62/1" HOUSETYPE="2" OPERTYPEID="20" PREVID="10877777" UPDATEDATE="2025-09-29" STARTDATE="2025-09-29" ENDDATE="2079-06-06" ISACTUAL="1" ISACTIVE="1" /><HOUSE ID="129170070" OBJECTID="174928555" OBJECTGUID="b85e0e0b-7ead-49c3-9cf6-052f6f6b106e" CHANGEID="689665337" HOUSENUM="4" HOUSETYPE="2" OPERTYPEID="10" PREVID="0" NEXTID="0" UPDATEDATE="2025-09-29" STARTDATE="2025-09-29" ENDDATE="2079-06-06" ISACTUAL="1" ISACTIVE="1" /><HOUSE ID="129170058" OBJECTID="174928537" OBJECTGUID="869153ec-899d-4755-a507-05a9fd7d44ae" CHANGEID="689664640" HOUSENUM="24" HOUSETYPE="2" OPERTYPEID="10" PREVID="0" NEXTID="0" UPDATEDATE="2025-09-29" STARTDATE="2025-09-29" ENDDATE="2079-06-06" ISACTUAL="1" ISACTIVE="1" /><HOUSE ID="129170333" OBJECTID="57545149" OBJECTGUID="8d3d308d-811c-4257-8994-d9d9086dc8de" CHANGEID="689667207" HOUSENUM="99" HOUSETYPE="2" OPERTYPEID="30" PREVID="61386598" NEXTID="0" UPDATEDATE="2025-09-29" STARTDATE="2025-09-29" ENDDATE="2079-06-06" ISACTUAL="1" ISACTIVE="0" /><HOUSE ID="129170327" OBJECTID="57615658" OBJECTGUID="9ef26745-3af4-46ea-98d4-4131b88a4854" CHANGEID="689667186" HOUSENUM="78" HOUSETYPE="2" OPERTYPEID="30" PREVID="62643048" NEXTID="0" UPDATEDATE="2025-09-29" STARTDATE="2025-09-29" ENDDATE="2079-06-06" ISACTUAL="1" ISACTIVE="0" /><HOUSE ID="129170339" OBJECTID="3720373" OBJECTGUID="9f62a82d-08cd-4a3d-95b0-25652a7c5442" CHANGEID="689667254" HOUSENUM="67" HOUSETYPE="2" OPERTYPEID="30" PREVID="62673626" NEXTID="0" UPDATEDATE="2025-09-29" STARTDATE="2025-09-29" ENDDATE="2079-06-06" ISACTUAL="1" ISACTIVE="0" /><HOUSE ID="62673626" OBJECTID="3720373" OBJECTGUID="9f62a82d-08cd-4a3d-95b0-25652a7c5442" CHANGEID="7328558" HOUSENUM="67" HOUSETYPE="2" OPERTYPEID="20" PREVID="1352701" NEXTID="129170339" UPDATEDATE="2025-09-29" STARTDATE="2014-01-10" ENDDATE="2025-09-29" ISACTUAL="0" ISACTIVE="0" /><HOUSE ID="129170341" OBJECTID="174929288" OBJECTGUID="133b156c-6da1-4e65-8ba6-d7405585cef0" CHANGEID="689667262" HOUSENUM="3/1" HOUSETYPE="2" OPERTYPEID="10" PREVID="0" NEXTID="0" UPDATEDATE="2025-09-29" STARTDATE="2025-09-29" ENDDATE="2079-06-06" ISACTUAL="1" ISACTIVE="1" /><HOUSE ID="129170348" OBJECTID="56413069" OBJECTGUID="014dd4dc-2695-4548-bec5-5f1195f9d644" CHANGEID="689667309" HOUSENUM="25" HOUSETYPE="2" OPERTYPEID="30" PREVID="51473289" NEXTID="0" UPDATEDATE="2025-09-29" STARTDATE="2025-09-29" ENDDATE="2079-06-06" ISACTUAL="1" ISACTIVE="0" /><HOUSE ID="129170352" OBJECTID="56449801" OBJECTGUID="f8b37e08-6d6d-4af2-9b3c-cccfa37df7fe" CHANGEID="689667336" HOUSENUM="48" HOUSETYPE="2" OPERTYPEID="30" PREVID="68996938" NEXTID="0" UPDATEDATE="2025-09-29" STARTDATE="2025-09-29" ENDDATE="2079-06-06" ISACTUAL="1" ISACTIVE="0" /><HOUSE ID="129170656" OBJECTID="174930176" OBJECTGUID="b6433839-d1bb-4e7c-ade8-9021915800b6" CHANGEID="689668927" HOUSENUM="163" HOUSETYPE="2" OPERTYPEID="10" PREVID="0" NEXTID="0" UPDATEDATE="2025-09-29" STARTDATE="2025-09-29" ENDDATE="2079-06-06" ISACTUAL="1" ISACTIVE="1" /><HOUSE ID="129171153" OBJECTID="53577471" OBJECTGUID="cac8bc16-850d-4322-9ef2-0aed4865e8a2" CHANGEID="689673053" HOUSENUM="88" HOUSETYPE="2" OPERTYPEID="30" PREVID="65748068" NEXTID="0" UPDATEDATE="2025-09-29" STARTDATE="2025-09-29" ENDDATE="2079-06-06" ISACTUAL="1" ISACTIVE="0" /><HOUSE ID="129171137" OBJECTID="20352064" OBJECTGUID="0fbf6a97-d4f7-4e03-bdc2-b667b760fb89" CHANGEID="689672975" HOUSENUM="27" HOUSETYPE="2" OPERTYPEID="30" PREVID="52496401" NEXTID="0" UPDATEDATE="2025-09-29" STARTDATE="2025-09-29" ENDDATE="2079-06-06" ISACTUAL="1" ISACTIVE="0" /><HOUSE ID="129171144" OBJECTID="20337290" OBJECTGUID="5ab0fa18-537a-4438-b34e-224cd5872e20" CHANGEID="689673030" HOUSENUM="34" HOUSETYPE="2" OPERTYPEID="30" PREVID="57804704" NEXTID="0" UPDATEDATE="2025-09-29" STARTDATE="2025-09-29" ENDDATE="2079-06-06" ISACTUAL="1" ISACTIVE="0" /><HOUSE ID="129171148" OBJECTID="20341122" OBJECTGUID="4a1cd01a-1d85-46be-a59c-5bf7235e5c92" CHANGEID="689673040" HOUSENUM="43" HOUSETYPE="2" OPERTYPEID="30" PREVID="56630222" NEXTID="0" UPDATEDATE="2025-09-29" STARTDATE="2025-09-29" ENDDATE="2079-06-06" ISACTUAL="1" ISACTIVE="0" /><HOUSE ID="129172198" OBJECTID="174935130" OBJECTGUID="9bfe347c-3f7c-4cc2-93be-8dd3dd68e84e" CHANGEID="689679050" HOUSENUM="7а" HOUSETYPE="2" OPERTYPEID="10" PREVID="0" NEXTID="0" UPDATEDATE="2025-09-29" STARTDATE="2025-09-29" ENDDATE="2079-06-06" ISACTUAL="1" ISACTIVE="1" /><HOUSE ID="129172232" OBJECTID="174935179" OBJECTGUID="3f121839-2052-46dd-b34b-f0a7d0a0ebd6" CHANGEID="689679142" HOUSENUM="10б" HOUSETYPE="2" OPERTYPEID="10" PREVID="0" NEXTID="0" UPDATEDATE="2025-09-29" STARTDATE="2025-09-29" ENDDATE="2079-06-06" ISACTUAL="1" ISACTIVE="1" /><HOUSE ID="129172242" OBJECTID="79980141" OBJECTGUID="b82217eb-d0cd-4698-ba68-460b4edb212f" CHANGEID="689679179" HOUSENUM="9" HOUSETYPE="2" OPERTYPEID="30" PREVID="48362289" NEXTID="0" UPDATEDATE="2025-09-29" STARTDATE="2025-09-29" ENDDATE="2079-06-06" ISACTUAL="1" ISACTIVE="0" /><HOUSE ID="129172285" OBJECTID="42834889" OBJECTGUID="5e202c08-fe3a-4caf-bd54-19736d1dd1bd" CHANGEID="689679305" HOUSENUM="30" HOUSETYPE="2" OPERTYPEID="30" PREVID="58048473" NEXTID="0" UPDATEDATE="2025-09-29" STARTDATE="2025-09-29" ENDDATE="2079-06-06" ISACTUAL="1" ISACTIVE="0" /><HOUSE ID="129172292" OBJECTID="42839616" OBJECTGUID="81e4cb83-89a9-4624-a519-6846ca788e78" CHANGEID="689679328" HOUSENUM="37" HOUSETYPE="2" OPERTYPEID="30" PREVID="60582380" NEXTID="0" UPDATEDATE="2025-09-29" STARTDATE="2025-09-29" ENDDATE="2079-06-06" ISACTUAL="1" ISACTIVE="0" /><HOUSE ID="129172276" OBJECTID="55366594" OBJECTGUID="b527ea30-39c6-42c8-9b04-4b623248bb52" CHANGEID="689679273" HOUSENUM="17" HOUSETYPE="2" OPERTYPEID="30" PREVID="33084864" NEXTID="0" UPDATEDATE="2025-09-29" STARTDATE="2025-09-29" ENDDATE="2079-06-06" ISACTUAL="1" ISACTIVE="0" /><HOUSE ID="33084864" OBJECTID="55366594" OBJECTGUID="b527ea30-39c6-42c8-9b04-4b623248bb52" CHANGEID="82813381" HOUSENUM="17" HOUSETYPE="2" OPERTYPEID="10" PREVID="0" NEXTID="129172276" UPDATEDATE="2025-09-29" STARTDATE="2015-10-15" ENDDATE="2025-09-29" ISACTUAL="0" ISACTIVE="0" /><HOUSE ID="129173030" OBJECTID="174937753" OBJECTGUID="919b4bc6-1803-4b0f-aa64-6afc8ec61ce9" CHANGEID="689683716" HOUSENUM="12" ADDNUM1="1" HOUSETYPE="2" ADDTYPE1="2" OPERTYPEID="10" PREVID="0" NEXTID="0" UPDATEDATE="2025-09-29" STARTDATE="2025-09-29" ENDDATE="2079-06-06" ISACTUAL="1" ISACTIVE="1" /><HOUSE ID="129173216" OBJECTID="174938146" OBJECTGUID="10dd25bd-e2e2-4885-a68e-510fc7486c5d" CHANGEID="689686251" HOUSENUM="3/2" HOUSETYPE="2" OPERTYPEID="10" PREVID="0" NEXTID="0" UPDATEDATE="2025-09-29" STARTDATE="2025-09-29" ENDDATE="2079-06-06" ISACTUAL="1" ISACTIVE="1" /><HOUSE ID="129173251" OBJECTID="174938199" OBJECTGUID="13c80ca6-1fd9-4070-863a-844ab145d023" CHANGEID="689686468" HOUSENUM="3/3" HOUSETYPE="2" OPERTYPEID="10" PREVID="0" NEXTID="0" UPDATEDATE="2025-09-29" STARTDATE="2025-09-29" ENDDATE="2079-06-06" ISACTUAL="1" ISACTIVE="1" /><HOUSE ID="129173557" OBJECTID="174939152" OBJECTGUID="36c46435-c165-498c-8024-dfb25e91ca8b" CHANGEID="689688091" HOUSENUM="1" HOUSETYPE="8" OPERTYPEID="10" PREVID="0" NEXTID="0" UPDATEDATE="2025-09-29" STARTDATE="2025-09-29" ENDDATE="2079-06-06" ISACTUAL="1" ISACTIVE="1" /><HOUSE ID="129173639" OBJECTID="32116381" OBJECTGUID="64a41361-ba88-45b9-8e16-137c3ba86a67" CHANGEID="689688441" HOUSENUM="14" HOUSETYPE="2" OPERTYPEID="30" PREVID="58510609" NEXTID="0" UPDATEDATE="2025-09-29" STARTDATE="2025-09-29" ENDDATE="2079-06-06" ISACTUAL="1" ISACTIVE="0" /><HOUSE ID="129173695" OBJECTID="70600731" OBJECTGUID="df231e53-240d-45b6-85d8-7329a3d49427" CHANGEID="689688639" HOUSENUM="100" HOUSETYPE="2" OPERTYPEID="30" PREVID="67186785" NEXTID="0" UPDATEDATE="2025-09-29" STARTDATE="2025-09-29" ENDDATE="2079-06-06" ISACTUAL="1" ISACTIVE="0" /><HOUSE ID="129173723" OBJECTID="70596330" OBJECTGUID="98260db2-2236-442d-8f11-6de702887a48" CHANGEID="689688722" HOUSENUM="32" HOUSETYPE="2" OPERTYPEID="30" PREVID="62159814" NEXTID="0" UPDATEDATE="2025-09-29" STARTDATE="2025-09-29" ENDDATE="2079-06-06" ISACTUAL="1" ISACTIVE="0" /><HOUSE ID="129173750" OBJECTID="174939718" OBJECTGUID="91e44697-2489-4ec3-9da0-d2e7e6d94036" CHANGEID="689688976" HOUSENUM="17" HOUSETYPE="2" OPERTYPEID="10" PREVID="0" NEXTID="0" UPDATEDATE="2025-09-29" STARTDATE="2025-09-29" ENDDATE="2079-06-06" ISACTUAL="1" ISACTIVE="1" /><HOUSE ID="129173775" OBJECTID="174939771" OBJECTGUID="c5cc9cbd-ba78-42de-8e49-ca4d88db95b3" CHANGEID="689689294" HOUSENUM="1" HOUSETYPE="8" OPERTYPEID="10" PREVID="0" NEXTID="0" UPDATEDATE="2025-09-29" STARTDATE="2025-09-29" ENDDATE="2079-06-06" ISACTUAL="1" ISACTIVE="1" /><HOUSE ID="129173815" OBJECTID="70607624" OBJECTGUID="4b389418-7a2f-404d-8e9c-7dc9294944c3" CHANGEID="689689706" HOUSENUM="88" HOUSETYPE="2" OPERTYPEID="30" PREVID="56708634" NEXTID="0" UPDATEDATE="2025-09-29" STARTDATE="2025-09-29" ENDDATE="2079-06-06" ISACTUAL="1" ISACTIVE="0" /><HOUSE ID="129173954" OBJECTID="174940415" OBJECTGUID="f3b82a7b-04e4-47fd-b203-b349a398e98b" CHANGEID="689690925" HOUSENUM="20а/199" HOUSETYPE="7" OPERTYPEID="10" PREVID="0" NEXTID="0" UPDATEDATE="2025-09-29" STARTDATE="2025-09-29" ENDDATE="2079-06-06" ISACTUAL="1" ISACTIVE="1" /><HOUSE ID="129174007" OBJECTID="174940628" OBJECTGUID="54673975-6b18-4f50-8529-763d47dadffd" CHANGEID="689691317" HOUSENUM="23" HOUSETYPE="2" OPERTYPEID="10" PREVID="0" NEXTID="0" UPDATEDATE="2025-09-29" STARTDATE="2025-09-29" ENDDATE="2079-06-06" ISACTUAL="1" ISACTIVE="1" /><HOUSE ID="129174026" OBJECTID="174940793" OBJECTGUID="e87464dc-5c6e-46f1-a837-05a369fe7631" CHANGEID="689691611" HOUSENUM="51" HOUSETYPE="2" OPERTYPEID="10" PREVID="0" NEXTID="0" UPDATEDATE="2025-09-29" STARTDATE="2025-09-29" ENDDATE="2079-06-06" ISACTUAL="1" ISACTIVE="1" /><HOUSE ID="129174178" OBJECTID="174941323" OBJECTGUID="9412e2a5-bf1b-47df-9abe-a2331155f188" CHANGEID="689692729" HOUSENUM="19" HOUSETYPE="2" OPERTYPEID="10" PREVID="0" NEXTID="0" UPDATEDATE="2025-09-29" STARTDATE="2025-09-29" ENDDATE="2079-06-06" ISACTUAL="1" ISACTIVE="1" /><HOUSE ID="129174748" OBJECTID="29126164" OBJECTGUID="cef9f910-3688-4564-9e63-853be49af097" CHANGEID="689696679" HOUSENUM="10" HOUSETYPE="2" OPERTYPEID="30" PREVID="66043007" NEXTID="0" UPDATEDATE="2025-09-29" STARTDATE="2025-09-29" ENDDATE="2079-06-06" ISACTUAL="1" ISACTIVE="0" /><HOUSE ID="129175002" OBJECTID="6818088" OBJECTGUID="282611c3-3e70-4366-959e-5deac8aef4fd" CHANGEID="689697342" HOUSENUM="10" HOUSETYPE="2" OPERTYPEID="60" PREVID="54225355" UPDATEDATE="2025-09-29" STARTDATE="2025-09-29" ENDDATE="2079-06-06" ISACTUAL="1" ISACTIVE="0" /><HOUSE ID="129175003" OBJECTID="174943963" OBJECTGUID="d647e4f1-877c-44b2-9dd5-34732770b3d2" CHANGEID="689697343" HOUSENUM="10/2" HOUSETYPE="2" OPERTYPEID="61" PREVID="129175002" NEXTID="0" UPDATEDATE="2025-09-29" STARTDATE="2025-09-29" ENDDATE="2079-06-06" ISACTUAL="1" ISACTIVE="1" /><HOUSE ID="129175004" OBJECTID="174943964" OBJECTGUID="68cabcfe-a747-4695-bc7f-155ff83bc97a" CHANGEID="689697344" HOUSENUM="10/1" HOUSETYPE="2" OPERTYPEID="61" PREVID="129175002" NEXTID="0" UPDATEDATE="2025-09-29" STARTDATE="2025-09-29" ENDDATE="2079-06-06" ISACTUAL="1" ISACTIVE="1" /><HOUSE ID="129177364" OBJECTID="174951245" OBJECTGUID="e8d06918-8527-40c8-90c5-8deaa4937b04" CHANGEID="689712106" HOUSENUM="19" HOUSETYPE="2" OPERTYPEID="10" PREVID="0" NEXTID="0" UPDATEDATE="2025-09-30" STARTDATE="2025-09-30" ENDDATE="2079-06-06" ISACTUAL="1" ISACTIVE="1" /><HOUSE ID="129177390" OBJECTID="15329385" OBJECTGUID="41d73a73-8805-4ee9-87bd-7324afa368af" CHANGEID="689712293" HOUSENUM="9" HOUSETYPE="2" OPERTYPEID="30" PREVID="56043933" NEXTID="0" UPDATEDATE="2025-09-30" STARTDATE="2025-09-30" ENDDATE="2079-06-06" ISACTUAL="1" ISACTIVE="0" /><HOUSE ID="56043933" OBJECTID="15329385" OBJECTGUID="41d73a73-8805-4ee9-87bd-7324afa368af" CHANGEID="24430450" HOUSENUM="9" HOUSETYPE="2" OPERTYPEID="20" PREVID="8646387" NEXTID="129177390" UPDATEDATE="2025-09-30" STARTDATE="2014-01-10" ENDDATE="2025-09-30" ISACTUAL="0" ISACTIVE="0" /><HOUSE ID="129177394" OBJECTID="7729054" OBJECTGUID="9e6c9584-01e8-410c-9cb9-f8c716bbf5d4" CHANGEID="689712307" HOUSENUM="7" HOUSETYPE="2" OPERTYPEID="30" PREVID="62604973" NEXTID="0" UPDATEDATE="2025-09-30" STARTDATE="2025-09-30" ENDDATE="2079-06-06" ISACTUAL="1" ISACTIVE="0" /><HOUSE ID="129177370" OBJECTID="174951254" OBJECTGUID="ad93eb4a-082f-4845-b17b-0a7717223054" CHANGEID="689712117" HOUSENUM="1" HOUSETYPE="5" OPERTYPEID="10" PREVID="0" NEXTID="0" UPDATEDATE="2025-09-30" STARTDATE="2025-09-30" ENDDATE="2079-06-06" ISACTUAL="1" ISACTIVE="1" /><HOUSE ID="129178861" OBJECTID="174955173" OBJECTGUID="fba8a947-4a36-466a-9206-bcf26eba68e2" CHANGEID="689723203" HOUSENUM="6" HOUSETYPE="2" OPERTYPEID="10" PREVID="0" NEXTID="0" UPDATEDATE="2025-09-30" STARTDATE="2025-09-30" ENDDATE="2079-06-06" ISACTUAL="1" ISACTIVE="1" /><HOUSE ID="129178863" OBJECTID="174955196" OBJECTGUID="55c08543-a3ae-4395-ad41-5161c4917954" CHANGEID="689723230" HOUSENUM="20" HOUSETYPE="5" OPERTYPEID="10" PREVID="0" NEXTID="0" UPDATEDATE="2025-09-30" STARTDATE="2025-09-30" ENDDATE="2079-06-06" ISACTUAL="1" ISACTIVE="1" /><HOUSE ID="129179416" OBJECTID="174957506" OBJECTGUID="3a6a1106-2bb9-4108-83c9-0e1718c72b38" CHANGEID="689728292" HOUSENUM="52А" HOUSETYPE="2" OPERTYPEID="10" PREVID="0" NEXTID="0" UPDATEDATE="2025-09-30" STARTDATE="2025-09-30" ENDDATE="2079-06-06" ISACTUAL="1" ISACTIVE="1" /><HOUSE ID="129180676" OBJECTID="174961439" OBJECTGUID="1ec05279-c145-4804-a118-067094505b9a" CHANGEID="689738228" HOUSENUM="42" HOUSETYPE="2" OPERTYPEID="10" PREVID="0" NEXTID="0" UPDATEDATE="2025-09-30" STARTDATE="2025-09-30" ENDDATE="2079-06-06" ISACTUAL="1" ISACTIVE="1" /><HOUSE ID="129180903" OBJECTID="174962005" OBJECTGUID="aa58bebd-e03d-48d3-b317-39e644249c0d" CHANGEID="689739361" HOUSENUM="74" HOUSETYPE="2" OPERTYPEID="10" PREVID="0" NEXTID="0" UPDATEDATE="2025-09-30" STARTDATE="2025-09-30" ENDDATE="2079-06-06" ISACTUAL="1" ISACTIVE="1" /><HOUSE ID="129181799" OBJECTID="174965411" OBJECTGUID="62404ec7-4886-4668-9e30-a2e898a2f501" CHANGEID="689746070" HOUSENUM="10А" HOUSETYPE="2" OPERTYPEID="10" PREVID="0" NEXTID="0" UPDATEDATE="2025-09-30" STARTDATE="2025-09-30" ENDDATE="2079-06-06" ISACTUAL="1" ISACTIVE="1" /><HOUSE ID="129182445" OBJECTID="70722410" OBJECTGUID="e72c6b4d-80fc-44f6-a743-56f2214584c1" CHANGEID="689749177" HOUSENUM="132" HOUSETYPE="2" OPERTYPEID="30" PREVID="67754769" NEXTID="0" UPDATEDATE="2025-09-30" STARTDATE="2025-09-30" ENDDATE="2079-06-06" ISACTUAL="1" ISACTIVE="0" /><HOUSE ID="129182421" OBJECTID="26773334" OBJECTGUID="04eadea7-b812-4d19-9444-2a87bdddc387" CHANGEID="689749099" HOUSENUM="45" HOUSETYPE="2" OPERTYPEID="30" PREVID="51729069" NEXTID="0" UPDATEDATE="2025-09-30" STARTDATE="2025-09-30" ENDDATE="2079-06-06" ISACTUAL="1" ISACTIVE="0" /><HOUSE ID="129182539" OBJECTID="174966586" OBJECTGUID="5ffb5c40-7901-4583-b2ad-1a2ce2625634" CHANGEID="689750044" HOUSENUM="7" HOUSETYPE="2" OPERTYPEID="10" PREVID="0" NEXTID="0" UPDATEDATE="2025-09-30" STARTDATE="2025-09-30" ENDDATE="2079-06-06" ISACTUAL="1" ISACTIVE="1" /><HOUSE ID="129182557" OBJECTID="174966709" OBJECTGUID="b19d282e-054c-4e09-ae2c-8bbba3eadfcd" CHANGEID="689750330" HOUSENUM="3" HOUSETYPE="2" OPERTYPEID="10" PREVID="0" NEXTID="0" UPDATEDATE="2025-09-30" STARTDATE="2025-09-30" ENDDATE="2079-06-06" ISACTUAL="1" ISACTIVE="1" /><HOUSE ID="129182817" OBJECTID="174967302" OBJECTGUID="80196ae5-94bd-4232-9cd0-65f9a44e42bd" CHANGEID="689751376" HOUSENUM="175а" HOUSETYPE="2" OPERTYPEID="10" PREVID="0" NEXTID="0" UPDATEDATE="2025-09-30" STARTDATE="2025-09-30" ENDDATE="2079-06-06" ISACTUAL="1" ISACTIVE="1" /><HOUSE ID="129182777" OBJECTID="174967207" OBJECTGUID="5f8d936c-8fca-4be9-96e8-4517f8d69e33" CHANGEID="689751209" HOUSENUM="130" HOUSETYPE="2" OPERTYPEID="10" PREVID="0" NEXTID="0" UPDATEDATE="2025-09-30" STARTDATE="2025-09-30" ENDDATE="2079-06-06" ISACTUAL="1" ISACTIVE="1" /><HOUSE ID="129182840" OBJECTID="174967349" OBJECTGUID="fa46c86b-8220-4e8e-a9c9-b5fbdf3f3d92" CHANGEID="689751470" HOUSENUM="110" ADDNUM1="1" HOUSETYPE="2" ADDTYPE1="1" OPERTYPEID="10" PREVID="0" NEXTID="0" UPDATEDATE="2025-09-30" STARTDATE="2025-09-30" ENDDATE="2079-06-06" ISACTUAL="1" ISACTIVE="1" /><HOUSE ID="129183036" OBJECTID="174967851" OBJECTGUID="c602938b-6c40-4aa2-bc0b-953725210e0d" CHANGEID="689752913" HOUSENUM="15а" HOUSETYPE="2" OPERTYPEID="10" PREVID="0" NEXTID="0" UPDATEDATE="2025-09-30" STARTDATE="2025-09-30" ENDDATE="2079-06-06" ISACTUAL="1" ISACTIVE="1" /><HOUSE ID="129183131" OBJECTID="174968285" OBJECTGUID="f570a87e-2392-4050-a59b-e01f0dcf5f90" CHANGEID="689754236" HOUSENUM="15" HOUSETYPE="2" OPERTYPEID="10" PREVID="0" NEXTID="0" UPDATEDATE="2025-09-30" STARTDATE="2025-09-30" ENDDATE="2079-06-06" ISACTUAL="1" ISACTIVE="1" /><HOUSE ID="129183298" OBJECTID="54480204" OBJECTGUID="9a0c4d2c-d5f7-4415-9498-853d3bfb8c71" CHANGEID="689755194" HOUSENUM="114/2" HOUSETYPE="2" OPERTYPEID="20" PREVID="62295530" UPDATEDATE="2025-09-30" STARTDATE="2025-09-30" ENDDATE="2079-06-06" ISACTUAL="1" ISACTIVE="1" /><HOUSE ID="129183302" OBJECTID="174968760" OBJECTGUID="0818edd7-9439-4d6e-8ac6-32a6b980848a" CHANGEID="689755208" HOUSENUM="47" ADDNUM1="2" HOUSETYPE="2" ADDTYPE1="1" OPERTYPEID="10" PREVID="0" NEXTID="0" UPDATEDATE="2025-09-30" STARTDATE="2025-09-30" ENDDATE="2079-06-06" ISACTUAL="1" ISACTIVE="1" /><HOUSE ID="129183784" OBJECTID="174970378" OBJECTGUID="f97ada89-d7e0-4193-8cb5-96c6330f322c" CHANGEID="689758556" HOUSENUM="8" HOUSETYPE="2" OPERTYPEID="10" PREVID="0" NEXTID="0" UPDATEDATE="2025-09-30" STARTDATE="2025-09-30" ENDDATE="2079-06-06" ISACTUAL="1" ISACTIVE="1" /><HOUSE ID="129183793" OBJECTID="174970391" OBJECTGUID="b36be569-bde5-46b4-8c30-8ae68811f5a6" CHANGEID="689758588" HOUSENUM="7" HOUSETYPE="2" OPERTYPEID="10" PREVID="0" NEXTID="0" UPDATEDATE="2025-09-30" STARTDATE="2025-09-30" ENDDATE="2079-06-06" ISACTUAL="1" ISACTIVE="1" /><HOUSE ID="129183771" OBJECTID="174970302" OBJECTGUID="ffb58084-5bb6-42a1-aa96-b726489f8230" CHANGEID="689758328" HOUSENUM="10" HOUSETYPE="2" OPERTYPEID="10" PREVID="0" NEXTID="0" UPDATEDATE="2025-09-30" STARTDATE="2025-09-30" ENDDATE="2079-06-06" ISACTUAL="1" ISACTIVE="1" /><HOUSE ID="129183779" OBJECTID="174970363" OBJECTGUID="4d8179a2-bc1e-4724-a4bf-2318ca61dbde" CHANGEID="689758519" HOUSENUM="9" HOUSETYPE="2" OPERTYPEID="10" PREVID="0" NEXTID="0" UPDATEDATE="2025-09-30" STARTDATE="2025-09-30" ENDDATE="2079-06-06" ISACTUAL="1" ISACTIVE="1" /><HOUSE ID="129183811" OBJECTID="174970434" OBJECTGUID="45d4e3e0-bac2-48f4-a06f-696c7ca90071" CHANGEID="689758795" HOUSENUM="6" HOUSETYPE="2" OPERTYPEID="10" PREVID="0" NEXTID="0" UPDATEDATE="2025-09-30" STARTDATE="2025-09-30" ENDDATE="2079-06-06" ISACTUAL="1" ISACTIVE="1" /><HOUSE ID="129188121" OBJECTID="174983259" OBJECTGUID="992a0615-9ec2-4377-a06a-05d00ff0e0ec" CHANGEID="689803028" HOUSENUM="12" HOUSETYPE="2" OPERTYPEID="10" PREVID="0" NEXTID="0" UPDATEDATE="2025-10-01" STARTDATE="2025-10-01" ENDDATE="2079-06-06" ISACTUAL="1" ISACTIVE="1" /><HOUSE ID="129188157" OBJECTID="19889763" OBJECTGUID="4da13ad5-aa90-4c47-b92b-dc3c0515b4e6" CHANGEID="689803140" HOUSENUM="16" HOUSETYPE="2" OPERTYPEID="60" PREVID="56879723" UPDATEDATE="2025-10-01" STARTDATE="2025-10-01" ENDDATE="2079-06-06" ISACTUAL="1" ISACTIVE="0" /><HOUSE ID="129188158" OBJECTID="174983302" OBJECTGUID="7a96e329-9fa1-4411-b19d-53bc6ce2915c" CHANGEID="689803141" HOUSENUM="16/1" HOUSETYPE="2" OPERTYPEID="61" PREVID="129188157" NEXTID="0" UPDATEDATE="2025-10-01" STARTDATE="2025-10-01" ENDDATE="2079-06-06" ISACTUAL="1" ISACTIVE="1" /><HOUSE ID="129188159" OBJECTID="174983303" OBJECTGUID="ec714fb6-3e60-4e06-b521-bd9a6f059cbc" CHANGEID="689803142" HOUSENUM="16/2" HOUSETYPE="2" OPERTYPEID="61" PREVID="129188157" NEXTID="0" UPDATEDATE="2025-10-01" STARTDATE="2025-10-01" ENDDATE="2079-06-06" ISACTUAL="1" ISACTIVE="1" /><HOUSE ID="129188192" OBJECTID="77059708" OBJECTGUID="08161900-0772-4f22-aa0c-27e49f6aeed4" CHANGEID="689803459" HOUSENUM="6" ADDNUM1="1" HOUSETYPE="1" ADDTYPE1="1" OPERTYPEID="30" PREVID="51954086" NEXTID="0" UPDATEDATE="2025-10-01" STARTDATE="2025-10-01" ENDDATE="2079-06-06" ISACTUAL="1" ISACTIVE="0" /><HOUSE ID="51954086" OBJECTID="77059708" OBJECTGUID="08161900-0772-4f22-aa0c-27e49f6aeed4" CHANGEID="114621470" HOUSENUM="6" ADDNUM1="1" HOUSETYPE="1" ADDTYPE1="1" OPERTYPEID="20" PREVID="46579634" NEXTID="129188192" UPDATEDATE="2025-10-01" STARTDATE="2014-01-10" ENDDATE="2025-10-01" ISACTUAL="0" ISACTIVE="0" /><HOUSE ID="129188213" OBJECTID="19891293" OBJECTGUID="18729cb9-0454-4fb6-b81b-ec01cd72ded9" CHANGEID="689803589" HOUSENUM="12" HOUSETYPE="2" OPERTYPEID="30" PREVID="53112094" NEXTID="0" UPDATEDATE="2025-10-01" STARTDATE="2025-10-01" ENDDATE="2079-06-06" ISACTUAL="1" ISACTIVE="0" /><HOUSE ID="129188243" OBJECTID="174983678" OBJECTGUID="a4dbcc04-c100-4876-9a1d-79f8c59ad5d3" CHANGEID="689803817" HOUSENUM="3а" HOUSETYPE="2" OPERTYPEID="10" PREVID="0" NEXTID="0" UPDATEDATE="2025-10-01" STARTDATE="2025-10-01" ENDDATE="2079-06-06" ISACTUAL="1" ISACTIVE="1" /><HOUSE ID="129188323" OBJECTID="174983907" OBJECTGUID="ab90425c-614c-4da0-af92-d720bb7ec8fd" CHANGEID="689805018" HOUSENUM="20" HOUSETYPE="2" OPERTYPEID="10" PREVID="0" NEXTID="0" UPDATEDATE="2025-10-01" STARTDATE="2025-10-01" ENDDATE="2079-06-06" ISACTUAL="1" ISACTIVE="1" /><HOUSE ID="129188981" OBJECTID="174986021" OBJECTGUID="7e533b32-423f-4855-8a0c-f3284546b497" CHANGEID="689809552" HOUSENUM="1а" ADDNUM1="1" HOUSETYPE="2" ADDTYPE1="3" OPERTYPEID="10" PREVID="0" NEXTID="0" UPDATEDATE="2025-10-01" STARTDATE="2025-10-01" ENDDATE="2079-06-06" ISACTUAL="1" ISACTIVE="1" /><HOUSE ID="129189941" OBJECTID="174989157" OBJECTGUID="e8c363f1-a9f7-4311-af8e-8ea4cc02ad80" CHANGEID="689814328" HOUSENUM="3а" HOUSETYPE="2" OPERTYPEID="10" PREVID="0" NEXTID="0" UPDATEDATE="2025-10-01" STARTDATE="2025-10-01" ENDDATE="2079-06-06" ISACTUAL="1" ISACTIVE="1" /><HOUSE ID="129190002" OBJECTID="174989462" OBJECTGUID="0c3ccb0e-6d32-415c-a79e-43050989e834" CHANGEID="689814792" HOUSENUM="5" HOUSETYPE="2" OPERTYPEID="10" PREVID="0" NEXTID="0" UPDATEDATE="2025-10-01" STARTDATE="2025-10-01" ENDDATE="2079-06-06" ISACTUAL="1" ISACTIVE="1" /><HOUSE ID="129190737" OBJECTID="174991178" OBJECTGUID="2ac55e14-4883-40b8-9cbc-6863c4c231a1" CHANGEID="689818541" HOUSENUM="1" HOUSETYPE="8" OPERTYPEID="10" PREVID="0" NEXTID="0" UPDATEDATE="2025-10-01" STARTDATE="2025-10-01" ENDDATE="2079-06-06" ISACTUAL="1" ISACTIVE="1" /><HOUSE ID="129190736" OBJECTID="45441201" OBJECTGUID="0ac9cfe2-0419-4576-aabc-2ca5d5fd2c16" CHANGEID="689818539" HOUSENUM="9" HOUSETYPE="2" OPERTYPEID="30" PREVID="52146857" NEXTID="0" UPDATEDATE="2025-10-01" STARTDATE="2025-10-01" ENDDATE="2079-06-06" ISACTUAL="1" ISACTIVE="0" /><HOUSE ID="129190761" OBJECTID="174991232" OBJECTGUID="fe744dfe-6e7f-4527-ae22-f1f9e2ff2f23" CHANGEID="689818624" HOUSENUM="712" HOUSETYPE="2" OPERTYPEID="10" PREVID="0" NEXTID="0" UPDATEDATE="2025-10-01" STARTDATE="2025-10-01" ENDDATE="2079-06-06" ISACTUAL="1" ISACTIVE="1" /><HOUSE ID="129190844" OBJECTID="174991329" OBJECTGUID="dc5cdcd6-5520-4c89-825f-22f75d1e4380" CHANGEID="689818838" HOUSENUM="39" HOUSETYPE="2" OPERTYPEID="10" PREVID="0" NEXTID="0" UPDATEDATE="2025-10-01" STARTDATE="2025-10-01" ENDDATE="2079-06-06" ISACTUAL="1" ISACTIVE="1" /><HOUSE ID="129190869" OBJECTID="174991353" OBJECTGUID="ba6f7aa9-f35e-479b-8f45-68c34b68c633" CHANGEID="689818865" HOUSENUM="9" HOUSETYPE="2" OPERTYPEID="10" PREVID="0" NEXTID="0" UPDATEDATE="2025-10-01" STARTDATE="2025-10-01" ENDDATE="2079-06-06" ISACTUAL="1" ISACTIVE="1" /><HOUSE ID="129190837" OBJECTID="174991323" OBJECTGUID="c696bafa-741b-4ef1-a6d6-e7101afe425f" CHANGEID="689818825" HOUSENUM="8" HOUSETYPE="2" OPERTYPEID="10" PREVID="0" NEXTID="0" UPDATEDATE="2025-10-01" STARTDATE="2025-10-01" ENDDATE="2079-06-06" ISACTUAL="1" ISACTIVE="1" /><HOUSE ID="129190840" OBJECTID="174991327" OBJECTGUID="7ad62791-709d-425a-96d4-7e46297bbe72" CHANGEID="689818833" HOUSENUM="37" HOUSETYPE="2" OPERTYPEID="10" PREVID="0" NEXTID="0" UPDATEDATE="2025-10-01" STARTDATE="2025-10-01" ENDDATE="2079-06-06" ISACTUAL="1" ISACTIVE="1" /><HOUSE ID="129190893" OBJECTID="7321288" OBJECTGUID="66d210f0-5e74-4d2e-8369-ece3c1f68996" CHANGEID="689818947" HOUSENUM="25" HOUSETYPE="2" OPERTYPEID="60" PREVID="58665463" UPDATEDATE="2025-10-01" STARTDATE="2025-10-01" ENDDATE="2079-06-06" ISACTUAL="1" ISACTIVE="0" /><HOUSE ID="129190894" OBJECTID="174991374" OBJECTGUID="d3d23f4e-8d1f-4757-a005-73474a8ab130" CHANGEID="689818948" HOUSENUM="25/2" HOUSETYPE="2" OPERTYPEID="61" PREVID="129190893" NEXTID="0" UPDATEDATE="2025-10-01" STARTDATE="2025-10-01" ENDDATE="2079-06-06" ISACTUAL="1" ISACTIVE="1" /><HOUSE ID="129190895" OBJECTID="174991375" OBJECTGUID="2662c356-e7e6-4cf2-8a57-da1255610fe4" CHANGEID="689818949" HOUSENUM="25/1" HOUSETYPE="2" OPERTYPEID="61" PREVID="129190893" NEXTID="0" UPDATEDATE="2025-10-01" STARTDATE="2025-10-01" ENDDATE="2079-06-06" ISACTUAL="1" ISACTIVE="1" /><HOUSE ID="129190966" OBJECTID="174991452" OBJECTGUID="527f6290-dc6d-4793-8d2c-14b8332bca7d" CHANGEID="689819087" HOUSENUM="17" HOUSETYPE="2" OPERTYPEID="10" PREVID="0" NEXTID="0" UPDATEDATE="2025-10-01" STARTDATE="2025-10-01" ENDDATE="2079-06-06" ISACTUAL="1" ISACTIVE="1" /><HOUSE ID="129190964" OBJECTID="174991450" OBJECTGUID="5fe9baa1-617d-4abb-b784-3db1768b66b0" CHANGEID="689819085" HOUSENUM="1е" HOUSETYPE="2" OPERTYPEID="10" PREVID="0" NEXTID="0" UPDATEDATE="2025-10-01" STARTDATE="2025-10-01" ENDDATE="2079-06-06" ISACTUAL="1" ISACTIVE="1" /><HOUSE ID="129190965" OBJECTID="174991451" OBJECTGUID="b83fc9b1-850d-4977-b12a-4fd9655ec043" CHANGEID="689819086" HOUSENUM="1ж" HOUSETYPE="2" OPERTYPEID="10" PREVID="0" NEXTID="0" UPDATEDATE="2025-10-01" STARTDATE="2025-10-01" ENDDATE="2079-06-06" ISACTUAL="1" ISACTIVE="1" /><HOUSE ID="129191113" OBJECTID="174991828" OBJECTGUID="322a71d8-c51f-42b0-a6f2-78d6b098be62" CHANGEID="689819777" HOUSENUM="7" HOUSETYPE="2" OPERTYPEID="10" PREVID="0" NEXTID="0" UPDATEDATE="2025-10-01" STARTDATE="2025-10-01" ENDDATE="2079-06-06" ISACTUAL="1" ISACTIVE="1" /><HOUSE ID="129191571" OBJECTID="174992914" OBJECTGUID="6d14a937-b02b-432c-9477-2ccc35165793" CHANGEID="689825414" HOUSENUM="11/1" HOUSETYPE="2" OPERTYPEID="10" PREVID="0" NEXTID="0" UPDATEDATE="2025-10-01" STARTDATE="2025-10-01" ENDDATE="2079-06-06" ISACTUAL="1" ISACTIVE="1" /></HOUSES>