﻿<?xml version="1.0" encoding="utf-8"?><STEADS><STEAD ID="8230951" OBJECTID="92764577" OBJECTGUID="c4164d79-bed2-480d-a0bd-1265ef11c037" CHANGEID="135603622" NUMBER="29" OPERTYPEID="10" NEXTID="74169864" UPDATEDATE="2025-09-29" STARTDATE="2019-09-26" ENDDATE="2025-09-29" ISACTUAL="0" ISACTIVE="0" /><STEAD ID="67729411" OBJECTID="162681607" OBJECTGUID="bcd947d4-f23a-4e0d-97f3-26b1d8971cb1" CHANGEID="591286962" NUMBER="2г" OPERTYPEID="10" PREVID="0" NEXTID="74175226" UPDATEDATE="2025-09-29" STARTDATE="2024-03-04" ENDDATE="2025-09-29" ISACTUAL="0" ISACTIVE="0" /><STEAD ID="74169303" OBJECTID="174920451" OBJECTGUID="9373489a-3ed6-4bf9-a903-18ba1f3e82d5" CHANGEID="689646986" NUMBER="19" OPERTYPEID="10" PREVID="0" NEXTID="0" UPDATEDATE="2025-09-29" STARTDATE="2025-09-29" ENDDATE="2079-06-06" ISACTUAL="1" ISACTIVE="1" /><STEAD ID="74169828" OBJECTID="174921843" OBJECTGUID="464d22b3-0bb3-4657-bdf6-cfab4a6c50ae" CHANGEID="689649034" NUMBER="30" OPERTYPEID="10" PREVID="0" NEXTID="0" UPDATEDATE="2025-09-29" STARTDATE="2025-09-29" ENDDATE="2079-06-06" ISACTUAL="1" ISACTIVE="1" /><STEAD ID="74169864" OBJECTID="92764577" OBJECTGUID="c4164d79-bed2-480d-a0bd-1265ef11c037" CHANGEID="689649091" NUMBER="29" OPERTYPEID="40" PREVID="8230951" UPDATEDATE="2025-09-29" STARTDATE="2025-09-29" ENDDATE="2079-06-06" ISACTUAL="1" ISACTIVE="1" /><STEAD ID="8230012" OBJECTID="92763655" OBJECTGUID="5c2a77e2-3d08-4523-ad41-fe7dd952b902" CHANGEID="135602650" NUMBER="31" OPERTYPEID="10" NEXTID="74169865" UPDATEDATE="2025-09-29" STARTDATE="2019-09-26" ENDDATE="2025-09-29" ISACTUAL="0" ISACTIVE="0" /><STEAD ID="74169865" OBJECTID="92763655" OBJECTGUID="5c2a77e2-3d08-4523-ad41-fe7dd952b902" CHANGEID="689649092" NUMBER="31" OPERTYPEID="42" PREVID="8230012" NEXTID="74169864" UPDATEDATE="2025-09-29" STARTDATE="2025-09-29" ENDDATE="2079-06-06" ISACTUAL="1" ISACTIVE="0" /><STEAD ID="74171566" OBJECTID="174926217" OBJECTGUID="1d79edce-e294-4f30-b2fe-19144993fab2" CHANGEID="689655955" NUMBER="44" OPERTYPEID="10" PREVID="0" NEXTID="0" UPDATEDATE="2025-09-29" STARTDATE="2025-09-29" ENDDATE="2079-06-06" ISACTUAL="1" ISACTIVE="1" /><STEAD ID="74172238" OBJECTID="174928583" OBJECTGUID="bbb9e77c-7fba-43b3-9ddf-872c7ac287f1" CHANGEID="689665760" NUMBER="24" OPERTYPEID="10" PREVID="0" NEXTID="0" UPDATEDATE="2025-09-29" STARTDATE="2025-09-29" ENDDATE="2079-06-06" ISACTUAL="1" ISACTIVE="1" /><STEAD ID="74172249" OBJECTID="174928606" OBJECTGUID="d59ad580-bb7c-44d6-a293-dfdaed2d5dc0" CHANGEID="689665812" NUMBER="7" OPERTYPEID="10" PREVID="0" NEXTID="0" UPDATEDATE="2025-09-29" STARTDATE="2025-09-29" ENDDATE="2079-06-06" ISACTUAL="1" ISACTIVE="1" /><STEAD ID="74172676" OBJECTID="174929397" OBJECTGUID="cb7df5d1-87ea-493c-8f98-f4e71292aa9b" CHANGEID="689667485" NUMBER="1" OPERTYPEID="10" PREVID="0" NEXTID="0" UPDATEDATE="2025-09-29" STARTDATE="2025-09-29" ENDDATE="2079-06-06" ISACTUAL="1" ISACTIVE="1" /><STEAD ID="74172735" OBJECTID="174929458" OBJECTGUID="4fb9277e-ce32-4697-b806-ffe3944119e0" CHANGEID="689667567" NUMBER="1" OPERTYPEID="10" PREVID="0" NEXTID="0" UPDATEDATE="2025-09-29" STARTDATE="2025-09-29" ENDDATE="2079-06-06" ISACTUAL="1" ISACTIVE="1" /><STEAD ID="74173344" OBJECTID="174930427" OBJECTGUID="2c934bd8-e283-4231-9388-2b89333f543b" CHANGEID="689669551" NUMBER="101" OPERTYPEID="10" PREVID="0" NEXTID="0" UPDATEDATE="2025-09-29" STARTDATE="2025-09-29" ENDDATE="2079-06-06" ISACTUAL="1" ISACTIVE="1" /><STEAD ID="74174089" OBJECTID="174931827" OBJECTGUID="3e8cab13-ec1d-4708-913c-e383149cc5e0" CHANGEID="689672354" NUMBER="36" OPERTYPEID="10" PREVID="0" NEXTID="0" UPDATEDATE="2025-09-29" STARTDATE="2025-09-29" ENDDATE="2079-06-06" ISACTUAL="1" ISACTIVE="1" /><STEAD ID="74174157" OBJECTID="174931907" OBJECTGUID="d9cf6272-628b-4443-933f-f75a07a50192" CHANGEID="689672486" NUMBER="32б" OPERTYPEID="10" PREVID="0" NEXTID="0" UPDATEDATE="2025-09-29" STARTDATE="2025-09-29" ENDDATE="2079-06-06" ISACTUAL="1" ISACTIVE="1" /><STEAD ID="74175140" OBJECTID="174933788" OBJECTGUID="35278315-7091-4740-8dab-aac5606befba" CHANGEID="689675444" NUMBER="48" OPERTYPEID="10" PREVID="0" NEXTID="0" UPDATEDATE="2025-09-29" STARTDATE="2025-09-29" ENDDATE="2079-06-06" ISACTUAL="1" ISACTIVE="1" /><STEAD ID="74175226" OBJECTID="162681607" OBJECTGUID="bcd947d4-f23a-4e0d-97f3-26b1d8971cb1" CHANGEID="689675683" NUMBER="2г" OPERTYPEID="30" PREVID="67729411" NEXTID="0" UPDATEDATE="2025-09-29" STARTDATE="2025-09-29" ENDDATE="2079-06-06" ISACTUAL="1" ISACTIVE="0" /><STEAD ID="74175576" OBJECTID="174935186" OBJECTGUID="dca5a096-da72-4ecd-88d2-4fb6ba572293" CHANGEID="689679154" NUMBER="65" OPERTYPEID="10" PREVID="0" NEXTID="0" UPDATEDATE="2025-09-29" STARTDATE="2025-09-29" ENDDATE="2079-06-06" ISACTUAL="1" ISACTIVE="1" /><STEAD ID="74176347" OBJECTID="174937339" OBJECTGUID="e10d4b38-f6f8-4d6f-b848-ace94fa4d5c6" CHANGEID="689683034" NUMBER="1/1" OPERTYPEID="10" PREVID="0" NEXTID="0" UPDATEDATE="2025-09-29" STARTDATE="2025-09-29" ENDDATE="2079-06-06" ISACTUAL="1" ISACTIVE="1" /><STEAD ID="74176348" OBJECTID="174937340" OBJECTGUID="d299ec80-a2d1-43fe-8861-70490e048628" CHANGEID="689683035" NUMBER="13" OPERTYPEID="10" PREVID="0" NEXTID="0" UPDATEDATE="2025-09-29" STARTDATE="2025-09-29" ENDDATE="2079-06-06" ISACTUAL="1" ISACTIVE="1" /><STEAD ID="74176349" OBJECTID="174937341" OBJECTGUID="0fd3f210-6503-45ff-bbb8-4743b718f817" CHANGEID="689683036" NUMBER="7/4" OPERTYPEID="10" PREVID="0" NEXTID="0" UPDATEDATE="2025-09-29" STARTDATE="2025-09-29" ENDDATE="2079-06-06" ISACTUAL="1" ISACTIVE="1" /><STEAD ID="74176350" OBJECTID="174937342" OBJECTGUID="aa287c54-7346-4e50-9121-dbd91ad0c96d" CHANGEID="689683037" NUMBER="7/6" OPERTYPEID="10" PREVID="0" NEXTID="0" UPDATEDATE="2025-09-29" STARTDATE="2025-09-29" ENDDATE="2079-06-06" ISACTUAL="1" ISACTIVE="1" /><STEAD ID="74176351" OBJECTID="174937343" OBJECTGUID="f232ebe4-ca7c-454f-a476-bbf30ba5512a" CHANGEID="689683038" NUMBER="5/2" OPERTYPEID="10" PREVID="0" NEXTID="0" UPDATEDATE="2025-09-29" STARTDATE="2025-09-29" ENDDATE="2079-06-06" ISACTUAL="1" ISACTIVE="1" /><STEAD ID="74176352" OBJECTID="174937344" OBJECTGUID="1be1b428-6a3c-47c7-ac5b-917362221b3e" CHANGEID="689683039" NUMBER="5/1" OPERTYPEID="10" PREVID="0" NEXTID="0" UPDATEDATE="2025-09-29" STARTDATE="2025-09-29" ENDDATE="2079-06-06" ISACTUAL="1" ISACTIVE="1" /><STEAD ID="74176353" OBJECTID="174937345" OBJECTGUID="b759e924-e37b-4572-86a6-4c55bb2185ad" CHANGEID="689683040" NUMBER="13/1" OPERTYPEID="10" PREVID="0" NEXTID="0" UPDATEDATE="2025-09-29" STARTDATE="2025-09-29" ENDDATE="2079-06-06" ISACTUAL="1" ISACTIVE="1" /><STEAD ID="74176354" OBJECTID="174937346" OBJECTGUID="e9a48e3e-40c4-44bb-b99f-97066eac8337" CHANGEID="689683041" NUMBER="13/2" OPERTYPEID="10" PREVID="0" NEXTID="0" UPDATEDATE="2025-09-29" STARTDATE="2025-09-29" ENDDATE="2079-06-06" ISACTUAL="1" ISACTIVE="1" /><STEAD ID="74176355" OBJECTID="174937347" OBJECTGUID="769fa837-2701-49a6-a228-e05c67b3e9fe" CHANGEID="689683042" NUMBER="11/1" OPERTYPEID="10" PREVID="0" NEXTID="0" UPDATEDATE="2025-09-29" STARTDATE="2025-09-29" ENDDATE="2079-06-06" ISACTUAL="1" ISACTIVE="1" /><STEAD ID="74176356" OBJECTID="174937348" OBJECTGUID="ccdea4fc-daeb-42f4-ad38-3f93273be6fc" CHANGEID="689683043" NUMBER="1/3" OPERTYPEID="10" PREVID="0" NEXTID="0" UPDATEDATE="2025-09-29" STARTDATE="2025-09-29" ENDDATE="2079-06-06" ISACTUAL="1" ISACTIVE="1" /><STEAD ID="74176357" OBJECTID="174937349" OBJECTGUID="dc9d1967-0e5c-4690-b8ed-1330426aed23" CHANGEID="689683044" NUMBER="1/2" OPERTYPEID="10" PREVID="0" NEXTID="0" UPDATEDATE="2025-09-29" STARTDATE="2025-09-29" ENDDATE="2079-06-06" ISACTUAL="1" ISACTIVE="1" /><STEAD ID="74176364" OBJECTID="174937516" OBJECTGUID="2e57f2ba-d0a5-4caa-8226-2e522b3dad22" CHANGEID="689683342" NUMBER="32" OPERTYPEID="10" PREVID="0" NEXTID="0" UPDATEDATE="2025-09-29" STARTDATE="2025-09-29" ENDDATE="2079-06-06" ISACTUAL="1" ISACTIVE="1" /><STEAD ID="74176365" OBJECTID="174937517" OBJECTGUID="910257bd-5af5-4480-bea5-fef96ef5a9f1" CHANGEID="689683343" NUMBER="49" OPERTYPEID="10" PREVID="0" NEXTID="0" UPDATEDATE="2025-09-29" STARTDATE="2025-09-29" ENDDATE="2079-06-06" ISACTUAL="1" ISACTIVE="1" /><STEAD ID="74176366" OBJECTID="174937518" OBJECTGUID="49d23967-de8e-4a58-82df-3f6fb2cef8b8" CHANGEID="689683344" NUMBER="28" OPERTYPEID="10" PREVID="0" NEXTID="0" UPDATEDATE="2025-09-29" STARTDATE="2025-09-29" ENDDATE="2079-06-06" ISACTUAL="1" ISACTIVE="1" /><STEAD ID="74176367" OBJECTID="174937519" OBJECTGUID="d195e851-d104-4d68-bd9f-7f2861aac13a" CHANGEID="689683345" NUMBER="26/1" OPERTYPEID="10" PREVID="0" NEXTID="0" UPDATEDATE="2025-09-29" STARTDATE="2025-09-29" ENDDATE="2079-06-06" ISACTUAL="1" ISACTIVE="1" /><STEAD ID="74176368" OBJECTID="174937520" OBJECTGUID="e4a0957d-08bf-456b-ac60-a2f608990542" CHANGEID="689683346" NUMBER="23/4" OPERTYPEID="10" PREVID="0" NEXTID="0" UPDATEDATE="2025-09-29" STARTDATE="2025-09-29" ENDDATE="2079-06-06" ISACTUAL="1" ISACTIVE="1" /><STEAD ID="74176369" OBJECTID="174937521" OBJECTGUID="a239576c-b485-4768-b090-3a46c8433fba" CHANGEID="689683347" NUMBER="21" OPERTYPEID="10" PREVID="0" NEXTID="0" UPDATEDATE="2025-09-29" STARTDATE="2025-09-29" ENDDATE="2079-06-06" ISACTUAL="1" ISACTIVE="1" /><STEAD ID="74176370" OBJECTID="174937522" OBJECTGUID="91faf2fb-1b09-47d8-b086-f3beb322dcd5" CHANGEID="689683348" NUMBER="30" OPERTYPEID="10" PREVID="0" NEXTID="0" UPDATEDATE="2025-09-29" STARTDATE="2025-09-29" ENDDATE="2079-06-06" ISACTUAL="1" ISACTIVE="1" /><STEAD ID="74176371" OBJECTID="174937523" OBJECTGUID="e4afe97d-69c3-4d2e-ab41-1a3a507fbf71" CHANGEID="689683349" NUMBER="23" OPERTYPEID="10" PREVID="0" NEXTID="0" UPDATEDATE="2025-09-29" STARTDATE="2025-09-29" ENDDATE="2079-06-06" ISACTUAL="1" ISACTIVE="1" /><STEAD ID="74176372" OBJECTID="174937524" OBJECTGUID="93b64d37-e4f3-47ad-981d-ec2ae0cee361" CHANGEID="689683350" NUMBER="13" OPERTYPEID="10" PREVID="0" NEXTID="0" UPDATEDATE="2025-09-29" STARTDATE="2025-09-29" ENDDATE="2079-06-06" ISACTUAL="1" ISACTIVE="1" /><STEAD ID="74176373" OBJECTID="174937525" OBJECTGUID="da9aec15-e278-4aa7-9a3a-2dd79c0d7ca2" CHANGEID="689683351" NUMBER="20/6" OPERTYPEID="10" PREVID="0" NEXTID="0" UPDATEDATE="2025-09-29" STARTDATE="2025-09-29" ENDDATE="2079-06-06" ISACTUAL="1" ISACTIVE="1" /><STEAD ID="74176374" OBJECTID="174937526" OBJECTGUID="1da45cfc-91a2-455b-8ef0-8226f9f3f5d6" CHANGEID="689683352" NUMBER="36" OPERTYPEID="10" PREVID="0" NEXTID="0" UPDATEDATE="2025-09-29" STARTDATE="2025-09-29" ENDDATE="2079-06-06" ISACTUAL="1" ISACTIVE="1" /><STEAD ID="74176375" OBJECTID="174937527" OBJECTGUID="80bc3da9-e20b-4703-9624-e1e7e3cf417d" CHANGEID="689683353" NUMBER="1" OPERTYPEID="10" PREVID="0" NEXTID="0" UPDATEDATE="2025-09-29" STARTDATE="2025-09-29" ENDDATE="2079-06-06" ISACTUAL="1" ISACTIVE="1" /><STEAD ID="74176376" OBJECTID="174937528" OBJECTGUID="f7e6942e-9c96-4bf5-be9c-06b01151580e" CHANGEID="689683354" NUMBER="40" OPERTYPEID="10" PREVID="0" NEXTID="0" UPDATEDATE="2025-09-29" STARTDATE="2025-09-29" ENDDATE="2079-06-06" ISACTUAL="1" ISACTIVE="1" /><STEAD ID="74176377" OBJECTID="174937529" OBJECTGUID="b1d29752-2eea-4d32-8b1b-25d0d5eee7fd" CHANGEID="689683355" NUMBER="32/1" OPERTYPEID="10" PREVID="0" NEXTID="0" UPDATEDATE="2025-09-29" STARTDATE="2025-09-29" ENDDATE="2079-06-06" ISACTUAL="1" ISACTIVE="1" /><STEAD ID="74177234" OBJECTID="174939479" OBJECTGUID="b51e9968-d863-40d4-9d94-d6aeb8cdb59d" CHANGEID="689688597" NUMBER="3" OPERTYPEID="10" PREVID="0" NEXTID="0" UPDATEDATE="2025-09-29" STARTDATE="2025-09-29" ENDDATE="2079-06-06" ISACTUAL="1" ISACTIVE="1" /><STEAD ID="74177235" OBJECTID="174939480" OBJECTGUID="1b17cf52-eb80-4b9b-a306-3bbbfbfcdca0" CHANGEID="689688598" NUMBER="6/2" OPERTYPEID="10" PREVID="0" NEXTID="0" UPDATEDATE="2025-09-29" STARTDATE="2025-09-29" ENDDATE="2079-06-06" ISACTUAL="1" ISACTIVE="1" /><STEAD ID="74177236" OBJECTID="174939481" OBJECTGUID="431f2ea0-8729-4628-8caf-2cd333075fa2" CHANGEID="689688599" NUMBER="6/1" OPERTYPEID="10" PREVID="0" NEXTID="0" UPDATEDATE="2025-09-29" STARTDATE="2025-09-29" ENDDATE="2079-06-06" ISACTUAL="1" ISACTIVE="1" /><STEAD ID="74177237" OBJECTID="174939482" OBJECTGUID="be9bc5fd-396a-4201-9d3d-5c3efb8464ba" CHANGEID="689688600" NUMBER="10" OPERTYPEID="10" PREVID="0" NEXTID="0" UPDATEDATE="2025-09-29" STARTDATE="2025-09-29" ENDDATE="2079-06-06" ISACTUAL="1" ISACTIVE="1" /><STEAD ID="74177238" OBJECTID="174939483" OBJECTGUID="412357b8-e18a-47d8-8a2f-b366485c1196" CHANGEID="689688601" NUMBER="5/5" OPERTYPEID="10" PREVID="0" NEXTID="0" UPDATEDATE="2025-09-29" STARTDATE="2025-09-29" ENDDATE="2079-06-06" ISACTUAL="1" ISACTIVE="1" /><STEAD ID="74177239" OBJECTID="174939484" OBJECTGUID="180c477d-8137-4d3f-bdfb-fc3e5a83c1d4" CHANGEID="689688602" NUMBER="13/2" OPERTYPEID="10" PREVID="0" NEXTID="0" UPDATEDATE="2025-09-29" STARTDATE="2025-09-29" ENDDATE="2079-06-06" ISACTUAL="1" ISACTIVE="1" /><STEAD ID="74177240" OBJECTID="174939485" OBJECTGUID="803695f7-d0c7-4d42-89dc-7fa26d8f4f2a" CHANGEID="689688603" NUMBER="13/1" OPERTYPEID="10" PREVID="0" NEXTID="0" UPDATEDATE="2025-09-29" STARTDATE="2025-09-29" ENDDATE="2079-06-06" ISACTUAL="1" ISACTIVE="1" /><STEAD ID="74177241" OBJECTID="174939486" OBJECTGUID="15d6a5a6-fdfd-4576-b04b-76d2462874da" CHANGEID="689688604" NUMBER="6" OPERTYPEID="10" PREVID="0" NEXTID="0" UPDATEDATE="2025-09-29" STARTDATE="2025-09-29" ENDDATE="2079-06-06" ISACTUAL="1" ISACTIVE="1" /><STEAD ID="74177242" OBJECTID="174939487" OBJECTGUID="5458763d-eb99-4e88-9f4c-f2d27ced6ab7" CHANGEID="689688605" NUMBER="12/2" OPERTYPEID="10" PREVID="0" NEXTID="0" UPDATEDATE="2025-09-29" STARTDATE="2025-09-29" ENDDATE="2079-06-06" ISACTUAL="1" ISACTIVE="1" /><STEAD ID="74177275" OBJECTID="174939556" OBJECTGUID="351f932e-312b-4991-8a83-312605dfbb3f" CHANGEID="689688746" NUMBER="5" OPERTYPEID="10" PREVID="0" NEXTID="0" UPDATEDATE="2025-09-29" STARTDATE="2025-09-29" ENDDATE="2079-06-06" ISACTUAL="1" ISACTIVE="1" /><STEAD ID="74177276" OBJECTID="174939557" OBJECTGUID="e1ea9767-8399-419d-bd89-6f8024b9c07d" CHANGEID="689688747" NUMBER="1" OPERTYPEID="10" PREVID="0" NEXTID="0" UPDATEDATE="2025-09-29" STARTDATE="2025-09-29" ENDDATE="2079-06-06" ISACTUAL="1" ISACTIVE="1" /><STEAD ID="74177740" OBJECTID="174940236" OBJECTGUID="04d55927-b635-4f47-b987-f788222086f9" CHANGEID="689690658" NUMBER="231" OPERTYPEID="10" PREVID="0" NEXTID="0" UPDATEDATE="2025-09-29" STARTDATE="2025-09-29" ENDDATE="2079-06-06" ISACTUAL="1" ISACTIVE="1" /><STEAD ID="74177847" OBJECTID="174940382" OBJECTGUID="015f2bff-7a4e-44f6-9a5d-08dc71db6ba0" CHANGEID="689690870" NUMBER="82" OPERTYPEID="10" PREVID="0" NEXTID="0" UPDATEDATE="2025-09-29" STARTDATE="2025-09-29" ENDDATE="2079-06-06" ISACTUAL="1" ISACTIVE="1" /><STEAD ID="74177848" OBJECTID="174940383" OBJECTGUID="846727b7-ee2a-4787-b2d7-02a7e56822d7" CHANGEID="689690871" NUMBER="19/4" OPERTYPEID="10" PREVID="0" NEXTID="0" UPDATEDATE="2025-09-29" STARTDATE="2025-09-29" ENDDATE="2079-06-06" ISACTUAL="1" ISACTIVE="1" /><STEAD ID="74177849" OBJECTID="174940384" OBJECTGUID="8d083d6a-5aa2-43a6-b0c2-df542ce05507" CHANGEID="689690872" NUMBER="42" OPERTYPEID="10" PREVID="0" NEXTID="0" UPDATEDATE="2025-09-29" STARTDATE="2025-09-29" ENDDATE="2079-06-06" ISACTUAL="1" ISACTIVE="1" /><STEAD ID="74177850" OBJECTID="174940385" OBJECTGUID="167f4fd2-f96d-4f94-aefb-ac6a18038ee6" CHANGEID="689690873" NUMBER="3" OPERTYPEID="10" PREVID="0" NEXTID="0" UPDATEDATE="2025-09-29" STARTDATE="2025-09-29" ENDDATE="2079-06-06" ISACTUAL="1" ISACTIVE="1" /><STEAD ID="74177851" OBJECTID="174940386" OBJECTGUID="04b46e11-af7e-466f-be52-d2fb7c116550" CHANGEID="689690874" NUMBER="14" OPERTYPEID="10" PREVID="0" NEXTID="0" UPDATEDATE="2025-09-29" STARTDATE="2025-09-29" ENDDATE="2079-06-06" ISACTUAL="1" ISACTIVE="1" /><STEAD ID="74177852" OBJECTID="174940387" OBJECTGUID="e957cda5-953e-4802-884f-d63be7f0afb9" CHANGEID="689690875" NUMBER="12" OPERTYPEID="10" PREVID="0" NEXTID="0" UPDATEDATE="2025-09-29" STARTDATE="2025-09-29" ENDDATE="2079-06-06" ISACTUAL="1" ISACTIVE="1" /><STEAD ID="74177853" OBJECTID="174940388" OBJECTGUID="5c8bbabe-85cf-4fe6-ade8-1e26384aee52" CHANGEID="689690876" NUMBER="26/3" OPERTYPEID="10" PREVID="0" NEXTID="0" UPDATEDATE="2025-09-29" STARTDATE="2025-09-29" ENDDATE="2079-06-06" ISACTUAL="1" ISACTIVE="1" /><STEAD ID="74177854" OBJECTID="174940389" OBJECTGUID="47aa155e-0425-4c0b-a669-fdcb582b2361" CHANGEID="689690877" NUMBER="26/2" OPERTYPEID="10" PREVID="0" NEXTID="0" UPDATEDATE="2025-09-29" STARTDATE="2025-09-29" ENDDATE="2079-06-06" ISACTUAL="1" ISACTIVE="1" /><STEAD ID="74177855" OBJECTID="174940390" OBJECTGUID="1ec72b3b-ad2c-463c-b863-d9b4274cb2f2" CHANGEID="689690878" NUMBER="20" OPERTYPEID="10" PREVID="0" NEXTID="0" UPDATEDATE="2025-09-29" STARTDATE="2025-09-29" ENDDATE="2079-06-06" ISACTUAL="1" ISACTIVE="1" /><STEAD ID="74177856" OBJECTID="174940391" OBJECTGUID="30bad486-cd47-4664-b2bd-9e03ad4172c1" CHANGEID="689690879" NUMBER="8" OPERTYPEID="10" PREVID="0" NEXTID="0" UPDATEDATE="2025-09-29" STARTDATE="2025-09-29" ENDDATE="2079-06-06" ISACTUAL="1" ISACTIVE="1" /><STEAD ID="74177857" OBJECTID="174940392" OBJECTGUID="7ed34618-6508-46a8-8494-db54ccd08a8b" CHANGEID="689690880" NUMBER="30" OPERTYPEID="10" PREVID="0" NEXTID="0" UPDATEDATE="2025-09-29" STARTDATE="2025-09-29" ENDDATE="2079-06-06" ISACTUAL="1" ISACTIVE="1" /><STEAD ID="74177858" OBJECTID="174940393" OBJECTGUID="228fcf57-6efd-4d29-af1c-dfd2b73105f6" CHANGEID="689690881" NUMBER="60/2" OPERTYPEID="10" PREVID="0" NEXTID="0" UPDATEDATE="2025-09-29" STARTDATE="2025-09-29" ENDDATE="2079-06-06" ISACTUAL="1" ISACTIVE="1" /><STEAD ID="74177859" OBJECTID="174940394" OBJECTGUID="b9ddd441-ffa8-4b64-9c5c-1210314da1a0" CHANGEID="689690882" NUMBER="60/1" OPERTYPEID="10" PREVID="0" NEXTID="0" UPDATEDATE="2025-09-29" STARTDATE="2025-09-29" ENDDATE="2079-06-06" ISACTUAL="1" ISACTIVE="1" /><STEAD ID="74177860" OBJECTID="174940395" OBJECTGUID="c3384dfc-0ed3-41bc-bcde-95a8e80e469b" CHANGEID="689690883" NUMBER="30/1" OPERTYPEID="10" PREVID="0" NEXTID="0" UPDATEDATE="2025-09-29" STARTDATE="2025-09-29" ENDDATE="2079-06-06" ISACTUAL="1" ISACTIVE="1" /><STEAD ID="74177861" OBJECTID="174940396" OBJECTGUID="28f166c6-724d-4cb5-914c-53ff8609a99b" CHANGEID="689690884" NUMBER="56" OPERTYPEID="10" PREVID="0" NEXTID="0" UPDATEDATE="2025-09-29" STARTDATE="2025-09-29" ENDDATE="2079-06-06" ISACTUAL="1" ISACTIVE="1" /><STEAD ID="74177862" OBJECTID="174940397" OBJECTGUID="903edb0d-486b-445a-85b7-a73a0015a3e0" CHANGEID="689690885" NUMBER="38/1" OPERTYPEID="10" PREVID="0" NEXTID="0" UPDATEDATE="2025-09-29" STARTDATE="2025-09-29" ENDDATE="2079-06-06" ISACTUAL="1" ISACTIVE="1" /><STEAD ID="74177863" OBJECTID="174940398" OBJECTGUID="fea578b3-1130-4d38-800c-57342620c386" CHANGEID="689690886" NUMBER="22" OPERTYPEID="10" PREVID="0" NEXTID="0" UPDATEDATE="2025-09-29" STARTDATE="2025-09-29" ENDDATE="2079-06-06" ISACTUAL="1" ISACTIVE="1" /><STEAD ID="74177974" OBJECTID="174940552" OBJECTGUID="6891c3b2-f4ca-4d5a-8979-33e2ca735f5c" CHANGEID="689691189" NUMBER="6/246" OPERTYPEID="10" PREVID="0" NEXTID="0" UPDATEDATE="2025-09-29" STARTDATE="2025-09-29" ENDDATE="2079-06-06" ISACTUAL="1" ISACTIVE="1" /><STEAD ID="74179973" OBJECTID="174944127" OBJECTGUID="b07779e7-7c0f-42f8-9551-ba87b5017d44" CHANGEID="689697577" NUMBER="13" OPERTYPEID="10" PREVID="0" NEXTID="0" UPDATEDATE="2025-09-29" STARTDATE="2025-09-29" ENDDATE="2079-06-06" ISACTUAL="1" ISACTIVE="1" /><STEAD ID="74180326" OBJECTID="174945032" OBJECTGUID="598a58b5-28b2-489d-b5c7-7f46037a9006" CHANGEID="689700906" NUMBER="2г" OPERTYPEID="10" PREVID="0" NEXTID="0" UPDATEDATE="2025-09-29" STARTDATE="2025-09-29" ENDDATE="2079-06-06" ISACTUAL="1" ISACTIVE="1" /><STEAD ID="74180313" OBJECTID="174945003" OBJECTGUID="ca9e720f-202f-4da7-99a6-2dec0a42d9f5" CHANGEID="689700830" NUMBER="57" OPERTYPEID="10" PREVID="0" NEXTID="0" UPDATEDATE="2025-09-29" STARTDATE="2025-09-29" ENDDATE="2079-06-06" ISACTUAL="1" ISACTIVE="1" /><STEAD ID="883963" OBJECTID="85434824" OBJECTGUID="8344208b-6a1e-4b73-bf3a-2bb094c6c608" CHANGEID="126854182" NUMBER="27в" OPERTYPEID="10" NEXTID="74186139" UPDATEDATE="2025-09-30" STARTDATE="2018-12-06" ENDDATE="2025-09-30" ISACTUAL="0" ISACTIVE="0" /><STEAD ID="74186139" OBJECTID="85434824" OBJECTGUID="8344208b-6a1e-4b73-bf3a-2bb094c6c608" CHANGEID="689720691" NUMBER="27в/1" OPERTYPEID="20" PREVID="883963" UPDATEDATE="2025-09-30" STARTDATE="2025-09-30" ENDDATE="2079-06-06" ISACTUAL="1" ISACTIVE="1" /><STEAD ID="74186882" OBJECTID="174955182" OBJECTGUID="2caa4a5e-730d-4ddb-bfb5-a2d82cbd8110" CHANGEID="689723214" NUMBER="20" OPERTYPEID="10" PREVID="0" NEXTID="0" UPDATEDATE="2025-09-30" STARTDATE="2025-09-30" ENDDATE="2079-06-06" ISACTUAL="1" ISACTIVE="1" /><STEAD ID="74188151" OBJECTID="174957656" OBJECTGUID="0defc245-83f0-46ed-a523-48bdd3ba4107" CHANGEID="689729357" NUMBER="52А" OPERTYPEID="10" PREVID="0" NEXTID="0" UPDATEDATE="2025-09-30" STARTDATE="2025-09-30" ENDDATE="2079-06-06" ISACTUAL="1" ISACTIVE="1" /><STEAD ID="74190879" OBJECTID="174961718" OBJECTGUID="3e0904e0-775a-449f-8fc9-cbfefa5122f8" CHANGEID="689738871" NUMBER="5" OPERTYPEID="10" PREVID="0" NEXTID="0" UPDATEDATE="2025-09-30" STARTDATE="2025-09-30" ENDDATE="2079-06-06" ISACTUAL="1" ISACTIVE="1" /><STEAD ID="74190880" OBJECTID="174961719" OBJECTGUID="03cf2a53-8ebc-4af9-9b30-69ac1fdb019f" CHANGEID="689738873" NUMBER="5а" OPERTYPEID="10" PREVID="0" NEXTID="0" UPDATEDATE="2025-09-30" STARTDATE="2025-09-30" ENDDATE="2079-06-06" ISACTUAL="1" ISACTIVE="1" /><STEAD ID="74192925" OBJECTID="174964698" OBJECTGUID="733922d3-d356-45d3-b005-ee67ceef8dd5" CHANGEID="689745014" NUMBER="14А" OPERTYPEID="10" PREVID="0" NEXTID="0" UPDATEDATE="2025-09-30" STARTDATE="2025-09-30" ENDDATE="2079-06-06" ISACTUAL="1" ISACTIVE="1" /><STEAD ID="74193137" OBJECTID="174965414" OBJECTGUID="eaacc942-eb2f-424e-9575-a840cd674219" CHANGEID="689746082" NUMBER="10А" OPERTYPEID="10" PREVID="0" NEXTID="0" UPDATEDATE="2025-09-30" STARTDATE="2025-09-30" ENDDATE="2079-06-06" ISACTUAL="1" ISACTIVE="1" /><STEAD ID="74193459" OBJECTID="174965971" OBJECTGUID="787dc681-cea9-4e3e-9232-fbe143c28831" CHANGEID="689747945" NUMBER="30а" OPERTYPEID="10" PREVID="0" NEXTID="0" UPDATEDATE="2025-09-30" STARTDATE="2025-09-30" ENDDATE="2079-06-06" ISACTUAL="1" ISACTIVE="1" /><STEAD ID="74193893" OBJECTID="174966741" OBJECTGUID="9493b135-282c-4428-828d-76d26f657faa" CHANGEID="689750380" NUMBER="26а" OPERTYPEID="10" PREVID="0" NEXTID="0" UPDATEDATE="2025-09-30" STARTDATE="2025-09-30" ENDDATE="2079-06-06" ISACTUAL="1" ISACTIVE="1" /><STEAD ID="74194132" OBJECTID="174967110" OBJECTGUID="24d81dda-0d03-45ce-9a1e-19232e567abb" CHANGEID="689751025" NUMBER="24" OPERTYPEID="10" PREVID="0" NEXTID="0" UPDATEDATE="2025-09-30" STARTDATE="2025-09-30" ENDDATE="2079-06-06" ISACTUAL="1" ISACTIVE="1" /><STEAD ID="74194167" OBJECTID="174967162" OBJECTGUID="097f2178-12cb-4c45-a22e-3af4c308e562" CHANGEID="689751127" NUMBER="130" OPERTYPEID="10" PREVID="0" NEXTID="0" UPDATEDATE="2025-09-30" STARTDATE="2025-09-30" ENDDATE="2079-06-06" ISACTUAL="1" ISACTIVE="1" /><STEAD ID="74194343" OBJECTID="174967421" OBJECTGUID="d12151a1-1648-4aec-aaaa-1f98b86e3c94" CHANGEID="689752024" NUMBER="59" OPERTYPEID="10" PREVID="0" NEXTID="0" UPDATEDATE="2025-09-30" STARTDATE="2025-09-30" ENDDATE="2079-06-06" ISACTUAL="1" ISACTIVE="1" /><STEAD ID="74194975" OBJECTID="174968236" OBJECTGUID="4ac2845b-463e-44cd-98de-3b2c27b48871" CHANGEID="689754173" NUMBER="10/1" OPERTYPEID="10" PREVID="0" NEXTID="0" UPDATEDATE="2025-09-30" STARTDATE="2025-09-30" ENDDATE="2079-06-06" ISACTUAL="1" ISACTIVE="1" /><STEAD ID="74194981" OBJECTID="174968243" OBJECTGUID="5eb1628c-bc81-4519-b5f8-8f52ed15d33b" CHANGEID="689754185" NUMBER="13/4" OPERTYPEID="10" PREVID="0" NEXTID="0" UPDATEDATE="2025-09-30" STARTDATE="2025-09-30" ENDDATE="2079-06-06" ISACTUAL="1" ISACTIVE="1" /><STEAD ID="74194982" OBJECTID="174968244" OBJECTGUID="0d4dccc8-cdee-4188-aa4d-3b5af8d7f3a9" CHANGEID="689754186" NUMBER="2/10" OPERTYPEID="10" PREVID="0" NEXTID="0" UPDATEDATE="2025-09-30" STARTDATE="2025-09-30" ENDDATE="2079-06-06" ISACTUAL="1" ISACTIVE="1" /><STEAD ID="74194983" OBJECTID="174968245" OBJECTGUID="b66d26bb-62d3-48cb-8d86-897beb605a4a" CHANGEID="689754187" NUMBER="7" OPERTYPEID="10" PREVID="0" NEXTID="0" UPDATEDATE="2025-09-30" STARTDATE="2025-09-30" ENDDATE="2079-06-06" ISACTUAL="1" ISACTIVE="1" /><STEAD ID="74194984" OBJECTID="174968246" OBJECTGUID="332b5cc4-38b9-4b48-9041-ba52c7f99e6a" CHANGEID="689754188" NUMBER="13/2" OPERTYPEID="10" PREVID="0" NEXTID="0" UPDATEDATE="2025-09-30" STARTDATE="2025-09-30" ENDDATE="2079-06-06" ISACTUAL="1" ISACTIVE="1" /><STEAD ID="74194985" OBJECTID="174968247" OBJECTGUID="4df73aca-2223-40c2-8d94-c4371f98a57e" CHANGEID="689754189" NUMBER="17/6" OPERTYPEID="10" PREVID="0" NEXTID="0" UPDATEDATE="2025-09-30" STARTDATE="2025-09-30" ENDDATE="2079-06-06" ISACTUAL="1" ISACTIVE="1" /><STEAD ID="74194986" OBJECTID="174968248" OBJECTGUID="06932075-b402-4d87-b187-bc3d69ce49dd" CHANGEID="689754190" NUMBER="11/6" OPERTYPEID="10" PREVID="0" NEXTID="0" UPDATEDATE="2025-09-30" STARTDATE="2025-09-30" ENDDATE="2079-06-06" ISACTUAL="1" ISACTIVE="1" /><STEAD ID="74194987" OBJECTID="174968249" OBJECTGUID="9e94ec8c-3a04-4e58-98b3-018bd985fd2b" CHANGEID="689754191" NUMBER="11/1" OPERTYPEID="10" PREVID="0" NEXTID="0" UPDATEDATE="2025-09-30" STARTDATE="2025-09-30" ENDDATE="2079-06-06" ISACTUAL="1" ISACTIVE="1" /><STEAD ID="74194988" OBJECTID="174968250" OBJECTGUID="25daa4e0-4d8c-4e1a-bc2d-36aecaa26f42" CHANGEID="689754192" NUMBER="34" OPERTYPEID="10" PREVID="0" NEXTID="0" UPDATEDATE="2025-09-30" STARTDATE="2025-09-30" ENDDATE="2079-06-06" ISACTUAL="1" ISACTIVE="1" /><STEAD ID="74194989" OBJECTID="174968251" OBJECTGUID="6a429939-63a4-480e-b3eb-5ad4f874f5e9" CHANGEID="689754193" NUMBER="9" OPERTYPEID="10" PREVID="0" NEXTID="0" UPDATEDATE="2025-09-30" STARTDATE="2025-09-30" ENDDATE="2079-06-06" ISACTUAL="1" ISACTIVE="1" /><STEAD ID="74194990" OBJECTID="174968252" OBJECTGUID="e14439a5-48cd-47c1-b41b-dcc3163bb0d2" CHANGEID="689754194" NUMBER="6" OPERTYPEID="10" PREVID="0" NEXTID="0" UPDATEDATE="2025-09-30" STARTDATE="2025-09-30" ENDDATE="2079-06-06" ISACTUAL="1" ISACTIVE="1" /><STEAD ID="74194991" OBJECTID="174968253" OBJECTGUID="86b27f30-2c02-4eb8-83cb-28f2f45154f1" CHANGEID="689754195" NUMBER="4/4" OPERTYPEID="10" PREVID="0" NEXTID="0" UPDATEDATE="2025-09-30" STARTDATE="2025-09-30" ENDDATE="2079-06-06" ISACTUAL="1" ISACTIVE="1" /><STEAD ID="74194992" OBJECTID="174968254" OBJECTGUID="d7f4992f-802e-432d-bbea-653678fcdeaa" CHANGEID="689754196" NUMBER="19/4" OPERTYPEID="10" PREVID="0" NEXTID="0" UPDATEDATE="2025-09-30" STARTDATE="2025-09-30" ENDDATE="2079-06-06" ISACTUAL="1" ISACTIVE="1" /><STEAD ID="74194993" OBJECTID="174968255" OBJECTGUID="ce990913-97ba-44d9-9d68-d6e8813686d1" CHANGEID="689754197" NUMBER="17/5" OPERTYPEID="10" PREVID="0" NEXTID="0" UPDATEDATE="2025-09-30" STARTDATE="2025-09-30" ENDDATE="2079-06-06" ISACTUAL="1" ISACTIVE="1" /><STEAD ID="74194994" OBJECTID="174968256" OBJECTGUID="38d64ed5-bd1d-4ac0-9b84-ca8a9ae9f19d" CHANGEID="689754198" NUMBER="29" OPERTYPEID="10" PREVID="0" NEXTID="0" UPDATEDATE="2025-09-30" STARTDATE="2025-09-30" ENDDATE="2079-06-06" ISACTUAL="1" ISACTIVE="1" /><STEAD ID="74194995" OBJECTID="174968257" OBJECTGUID="94674cfb-2bf0-4ac0-9370-cce37b289713" CHANGEID="689754199" NUMBER="32" OPERTYPEID="10" PREVID="0" NEXTID="0" UPDATEDATE="2025-09-30" STARTDATE="2025-09-30" ENDDATE="2079-06-06" ISACTUAL="1" ISACTIVE="1" /><STEAD ID="74194996" OBJECTID="174968258" OBJECTGUID="9a6143fc-7a36-4772-b904-5f73adfeb664" CHANGEID="689754200" NUMBER="24/1" OPERTYPEID="10" PREVID="0" NEXTID="0" UPDATEDATE="2025-09-30" STARTDATE="2025-09-30" ENDDATE="2079-06-06" ISACTUAL="1" ISACTIVE="1" /><STEAD ID="74194997" OBJECTID="174968259" OBJECTGUID="2e1a2b52-dd9d-4280-b83c-47ff8f95ed3c" CHANGEID="689754201" NUMBER="2/1" OPERTYPEID="10" PREVID="0" NEXTID="0" UPDATEDATE="2025-09-30" STARTDATE="2025-09-30" ENDDATE="2079-06-06" ISACTUAL="1" ISACTIVE="1" /><STEAD ID="74194998" OBJECTID="174968280" OBJECTGUID="4390734f-f762-45f0-8c46-41a58d3e620c" CHANGEID="689754231" NUMBER="28" OPERTYPEID="10" PREVID="0" NEXTID="0" UPDATEDATE="2025-09-30" STARTDATE="2025-09-30" ENDDATE="2079-06-06" ISACTUAL="1" ISACTIVE="1" /><STEAD ID="74194999" OBJECTID="174968281" OBJECTGUID="afb34c3a-614c-401e-9b4b-2e13a9ef7aca" CHANGEID="689754232" NUMBER="30" OPERTYPEID="10" PREVID="0" NEXTID="0" UPDATEDATE="2025-09-30" STARTDATE="2025-09-30" ENDDATE="2079-06-06" ISACTUAL="1" ISACTIVE="1" /><STEAD ID="74195000" OBJECTID="174968282" OBJECTGUID="1f033945-3f4c-4fd0-9e51-561afb595d91" CHANGEID="689754233" NUMBER="31" OPERTYPEID="10" PREVID="0" NEXTID="0" UPDATEDATE="2025-09-30" STARTDATE="2025-09-30" ENDDATE="2079-06-06" ISACTUAL="1" ISACTIVE="1" /><STEAD ID="74195001" OBJECTID="174968283" OBJECTGUID="abc1e8ec-4747-4350-9907-ca8974fcb7fb" CHANGEID="689754234" NUMBER="111" OPERTYPEID="10" PREVID="0" NEXTID="0" UPDATEDATE="2025-09-30" STARTDATE="2025-09-30" ENDDATE="2079-06-06" ISACTUAL="1" ISACTIVE="1" /><STEAD ID="74195919" OBJECTID="174969503" OBJECTGUID="13c8359c-010a-4b8f-a423-6b898823abda" CHANGEID="689756548" NUMBER="69А/1" OPERTYPEID="10" PREVID="0" NEXTID="0" UPDATEDATE="2025-09-30" STARTDATE="2025-09-30" ENDDATE="2079-06-06" ISACTUAL="1" ISACTIVE="1" /><STEAD ID="74195925" OBJECTID="174969509" OBJECTGUID="17559d13-0441-4344-b6a2-32c89de49b7d" CHANGEID="689756559" NUMBER="23" OPERTYPEID="10" PREVID="0" NEXTID="0" UPDATEDATE="2025-09-30" STARTDATE="2025-09-30" ENDDATE="2079-06-06" ISACTUAL="1" ISACTIVE="1" /><STEAD ID="74196346" OBJECTID="174970313" OBJECTGUID="fa899573-0365-4638-aa4e-bdfa62ae351d" CHANGEID="689758349" NUMBER="10" OPERTYPEID="10" PREVID="0" NEXTID="0" UPDATEDATE="2025-09-30" STARTDATE="2025-09-30" ENDDATE="2079-06-06" ISACTUAL="1" ISACTIVE="1" /><STEAD ID="74196358" OBJECTID="174970329" OBJECTGUID="67f31423-6ca9-4ff0-bd1c-765b2faf7c35" CHANGEID="689758375" NUMBER="9" OPERTYPEID="10" PREVID="0" NEXTID="0" UPDATEDATE="2025-09-30" STARTDATE="2025-09-30" ENDDATE="2079-06-06" ISACTUAL="1" ISACTIVE="1" /><STEAD ID="74196387" OBJECTID="174970369" OBJECTGUID="033aaa7a-2a32-4d0f-ac54-f0a57b3ac183" CHANGEID="689758530" NUMBER="8" OPERTYPEID="10" PREVID="0" NEXTID="0" UPDATEDATE="2025-09-30" STARTDATE="2025-09-30" ENDDATE="2079-06-06" ISACTUAL="1" ISACTIVE="1" /><STEAD ID="74196412" OBJECTID="174970407" OBJECTGUID="fe18fe43-2a50-441b-a484-a2f379d5142f" CHANGEID="689758624" NUMBER="7" OPERTYPEID="10" PREVID="0" NEXTID="0" UPDATEDATE="2025-09-30" STARTDATE="2025-09-30" ENDDATE="2079-06-06" ISACTUAL="1" ISACTIVE="1" /><STEAD ID="74196418" OBJECTID="174970418" OBJECTGUID="7ad48597-0b40-414f-bf1b-cda186272943" CHANGEID="689758763" NUMBER="6" OPERTYPEID="10" PREVID="0" NEXTID="0" UPDATEDATE="2025-09-30" STARTDATE="2025-09-30" ENDDATE="2079-06-06" ISACTUAL="1" ISACTIVE="1" /><STEAD ID="74196544" OBJECTID="174970725" OBJECTGUID="ae44d187-1e4e-4cab-8953-e72eea799188" CHANGEID="689777257" NUMBER="33" OPERTYPEID="10" PREVID="0" NEXTID="0" UPDATEDATE="2025-09-30" STARTDATE="2025-09-30" ENDDATE="2079-06-06" ISACTUAL="1" ISACTIVE="1" /><STEAD ID="74201772" OBJECTID="174981073" OBJECTGUID="27895780-9db5-4eb2-a09f-d4c67f1b0894" CHANGEID="689798748" NUMBER="21" OPERTYPEID="10" PREVID="0" NEXTID="0" UPDATEDATE="2025-10-01" STARTDATE="2025-10-01" ENDDATE="2079-06-06" ISACTUAL="1" ISACTIVE="1" /><STEAD ID="74203089" OBJECTID="174983891" OBJECTGUID="852e404b-2159-456f-b8f5-eb59b5df67db" CHANGEID="689804861" NUMBER="36" OPERTYPEID="10" PREVID="0" NEXTID="0" UPDATEDATE="2025-10-01" STARTDATE="2025-10-01" ENDDATE="2079-06-06" ISACTUAL="1" ISACTIVE="1" /><STEAD ID="74205471" OBJECTID="174988311" OBJECTGUID="f45706a2-416a-43c4-9d30-8daa0589b699" CHANGEID="689812968" NUMBER="20" OPERTYPEID="10" PREVID="0" NEXTID="0" UPDATEDATE="2025-10-01" STARTDATE="2025-10-01" ENDDATE="2079-06-06" ISACTUAL="1" ISACTIVE="1" /><STEAD ID="74205762" OBJECTID="174988804" OBJECTGUID="da6a9b42-db13-424e-98bd-627ac2a42d30" CHANGEID="689813776" NUMBER="8" OPERTYPEID="10" PREVID="0" NEXTID="0" UPDATEDATE="2025-10-01" STARTDATE="2025-10-01" ENDDATE="2079-06-06" ISACTUAL="1" ISACTIVE="1" /><STEAD ID="74205808" OBJECTID="174988918" OBJECTGUID="4afb365a-2a93-4b74-99e9-1afea68c615e" CHANGEID="689813963" NUMBER="15б" OPERTYPEID="10" PREVID="0" NEXTID="0" UPDATEDATE="2025-10-01" STARTDATE="2025-10-01" ENDDATE="2079-06-06" ISACTUAL="1" ISACTIVE="1" /><STEAD ID="74206710" OBJECTID="174991180" OBJECTGUID="cbac465e-a650-4c13-b07b-eacd1ef663c5" CHANGEID="689818543" NUMBER="100" OPERTYPEID="10" PREVID="0" NEXTID="0" UPDATEDATE="2025-10-01" STARTDATE="2025-10-01" ENDDATE="2079-06-06" ISACTUAL="1" ISACTIVE="1" /><STEAD ID="74206712" OBJECTID="174991182" OBJECTGUID="b3dc5fba-1138-422a-8a2c-2ae928a45341" CHANGEID="689818545" NUMBER="68а" OPERTYPEID="10" PREVID="0" NEXTID="0" UPDATEDATE="2025-10-01" STARTDATE="2025-10-01" ENDDATE="2079-06-06" ISACTUAL="1" ISACTIVE="1" /><STEAD ID="74206714" OBJECTID="174991193" OBJECTGUID="869f80a1-cdf7-4741-a70a-03c2c8b17008" CHANGEID="689818558" NUMBER="18г" OPERTYPEID="10" PREVID="0" NEXTID="0" UPDATEDATE="2025-10-01" STARTDATE="2025-10-01" ENDDATE="2079-06-06" ISACTUAL="1" ISACTIVE="1" /><STEAD ID="74206746" OBJECTID="174991356" OBJECTGUID="01cfe8f0-e173-4263-afb8-5fd0731c726a" CHANGEID="689818870" NUMBER="9" OPERTYPEID="10" PREVID="0" NEXTID="0" UPDATEDATE="2025-10-01" STARTDATE="2025-10-01" ENDDATE="2079-06-06" ISACTUAL="1" ISACTIVE="1" /><STEAD ID="74206909" OBJECTID="174991746" OBJECTGUID="c346b500-8a4d-474a-b596-7cb805bc0330" CHANGEID="689819583" NUMBER="45" OPERTYPEID="10" PREVID="0" NEXTID="0" UPDATEDATE="2025-10-01" STARTDATE="2025-10-01" ENDDATE="2079-06-06" ISACTUAL="1" ISACTIVE="1" /><STEAD ID="74206970" OBJECTID="174991862" OBJECTGUID="ddb00400-f252-4e16-9269-6387047f59af" CHANGEID="689819812" NUMBER="54" OPERTYPEID="10" PREVID="0" NEXTID="0" UPDATEDATE="2025-10-01" STARTDATE="2025-10-01" ENDDATE="2079-06-06" ISACTUAL="1" ISACTIVE="1" /><STEAD ID="74206971" OBJECTID="174991863" OBJECTGUID="ed839fb0-eb16-41ac-a045-1280035b6d57" CHANGEID="689819813" NUMBER="50" OPERTYPEID="10" PREVID="0" NEXTID="0" UPDATEDATE="2025-10-01" STARTDATE="2025-10-01" ENDDATE="2079-06-06" ISACTUAL="1" ISACTIVE="1" /><STEAD ID="74206972" OBJECTID="174991864" OBJECTGUID="c6c0837a-b804-414b-b493-fb7aef700a2e" CHANGEID="689819814" NUMBER="46" OPERTYPEID="10" PREVID="0" NEXTID="0" UPDATEDATE="2025-10-01" STARTDATE="2025-10-01" ENDDATE="2079-06-06" ISACTUAL="1" ISACTIVE="1" /><STEAD ID="74206973" OBJECTID="174991865" OBJECTGUID="51b250a7-d7c3-42d6-957c-0f9853043661" CHANGEID="689819815" NUMBER="44" OPERTYPEID="10" PREVID="0" NEXTID="0" UPDATEDATE="2025-10-01" STARTDATE="2025-10-01" ENDDATE="2079-06-06" ISACTUAL="1" ISACTIVE="1" /><STEAD ID="74206974" OBJECTID="174991866" OBJECTGUID="a822d51e-7ad2-4e69-96b9-20a2e407446b" CHANGEID="689819816" NUMBER="42" OPERTYPEID="10" PREVID="0" NEXTID="0" UPDATEDATE="2025-10-01" STARTDATE="2025-10-01" ENDDATE="2079-06-06" ISACTUAL="1" ISACTIVE="1" /><STEAD ID="74206975" OBJECTID="174991867" OBJECTGUID="383dbad4-fb46-4f67-905e-8c3535e93f81" CHANGEID="689819817" NUMBER="40" OPERTYPEID="10" PREVID="0" NEXTID="0" UPDATEDATE="2025-10-01" STARTDATE="2025-10-01" ENDDATE="2079-06-06" ISACTUAL="1" ISACTIVE="1" /><STEAD ID="74206976" OBJECTID="174991868" OBJECTGUID="00d218fd-9da2-4458-be5b-6e23359238b4" CHANGEID="689819818" NUMBER="38" OPERTYPEID="10" PREVID="0" NEXTID="0" UPDATEDATE="2025-10-01" STARTDATE="2025-10-01" ENDDATE="2079-06-06" ISACTUAL="1" ISACTIVE="1" /><STEAD ID="74206977" OBJECTID="174991869" OBJECTGUID="e24e4721-8934-4f06-beda-2b38dbd25195" CHANGEID="689819819" NUMBER="36" OPERTYPEID="10" PREVID="0" NEXTID="0" UPDATEDATE="2025-10-01" STARTDATE="2025-10-01" ENDDATE="2079-06-06" ISACTUAL="1" ISACTIVE="1" /><STEAD ID="74206978" OBJECTID="174991870" OBJECTGUID="1f2a5e30-7499-46af-8072-30d3a70abc89" CHANGEID="689819820" NUMBER="34" OPERTYPEID="10" PREVID="0" NEXTID="0" UPDATEDATE="2025-10-01" STARTDATE="2025-10-01" ENDDATE="2079-06-06" ISACTUAL="1" ISACTIVE="1" /><STEAD ID="74206979" OBJECTID="174991871" OBJECTGUID="1acecd09-8091-4fd2-b6e4-3d9bc7f0ecfa" CHANGEID="689819821" NUMBER="33а" OPERTYPEID="10" PREVID="0" NEXTID="0" UPDATEDATE="2025-10-01" STARTDATE="2025-10-01" ENDDATE="2079-06-06" ISACTUAL="1" ISACTIVE="1" /><STEAD ID="74206980" OBJECTID="174991872" OBJECTGUID="ac71fada-c264-4755-811b-32b15b3bdd2b" CHANGEID="689819822" NUMBER="32" OPERTYPEID="10" PREVID="0" NEXTID="0" UPDATEDATE="2025-10-01" STARTDATE="2025-10-01" ENDDATE="2079-06-06" ISACTUAL="1" ISACTIVE="1" /><STEAD ID="74206981" OBJECTID="174991873" OBJECTGUID="9310e97f-850f-4398-b3e4-d7db8250a1b0" CHANGEID="689819823" NUMBER="30" OPERTYPEID="10" PREVID="0" NEXTID="0" UPDATEDATE="2025-10-01" STARTDATE="2025-10-01" ENDDATE="2079-06-06" ISACTUAL="1" ISACTIVE="1" /><STEAD ID="74206982" OBJECTID="174991874" OBJECTGUID="48c91a99-3fd7-4626-b8ee-e0d43dc94a27" CHANGEID="689819824" NUMBER="29" OPERTYPEID="10" PREVID="0" NEXTID="0" UPDATEDATE="2025-10-01" STARTDATE="2025-10-01" ENDDATE="2079-06-06" ISACTUAL="1" ISACTIVE="1" /><STEAD ID="74206983" OBJECTID="174991875" OBJECTGUID="51cf342b-ec72-4ca4-b747-0d4d8d2836e8" CHANGEID="689819825" NUMBER="28" OPERTYPEID="10" PREVID="0" NEXTID="0" UPDATEDATE="2025-10-01" STARTDATE="2025-10-01" ENDDATE="2079-06-06" ISACTUAL="1" ISACTIVE="1" /><STEAD ID="74206984" OBJECTID="174991876" OBJECTGUID="270da33a-9665-479e-a298-132dcf651cc4" CHANGEID="689819826" NUMBER="27" OPERTYPEID="10" PREVID="0" NEXTID="0" UPDATEDATE="2025-10-01" STARTDATE="2025-10-01" ENDDATE="2079-06-06" ISACTUAL="1" ISACTIVE="1" /><STEAD ID="74206985" OBJECTID="174991877" OBJECTGUID="68406bbc-1380-4b4c-a2da-bd41c88b7619" CHANGEID="689819827" NUMBER="25" OPERTYPEID="10" PREVID="0" NEXTID="0" UPDATEDATE="2025-10-01" STARTDATE="2025-10-01" ENDDATE="2079-06-06" ISACTUAL="1" ISACTIVE="1" /><STEAD ID="74206986" OBJECTID="174991878" OBJECTGUID="a6ae36bd-d158-40bc-8cbc-594a23beda6e" CHANGEID="689819828" NUMBER="24" OPERTYPEID="10" PREVID="0" NEXTID="0" UPDATEDATE="2025-10-01" STARTDATE="2025-10-01" ENDDATE="2079-06-06" ISACTUAL="1" ISACTIVE="1" /><STEAD ID="74206987" OBJECTID="174991879" OBJECTGUID="6db982f5-db80-4438-9d3f-e788fa2bdfd5" CHANGEID="689819829" NUMBER="23" OPERTYPEID="10" PREVID="0" NEXTID="0" UPDATEDATE="2025-10-01" STARTDATE="2025-10-01" ENDDATE="2079-06-06" ISACTUAL="1" ISACTIVE="1" /><STEAD ID="74206988" OBJECTID="174991880" OBJECTGUID="611d3394-a522-46fc-bbb3-da6898f6840f" CHANGEID="689819830" NUMBER="22а" OPERTYPEID="10" PREVID="0" NEXTID="0" UPDATEDATE="2025-10-01" STARTDATE="2025-10-01" ENDDATE="2079-06-06" ISACTUAL="1" ISACTIVE="1" /><STEAD ID="74206989" OBJECTID="174991881" OBJECTGUID="b08a65b0-b2e0-4e79-bb1d-e118bc465734" CHANGEID="689819831" NUMBER="19" OPERTYPEID="10" PREVID="0" NEXTID="0" UPDATEDATE="2025-10-01" STARTDATE="2025-10-01" ENDDATE="2079-06-06" ISACTUAL="1" ISACTIVE="1" /><STEAD ID="74206990" OBJECTID="174991882" OBJECTGUID="c34d8b1c-56f1-42d9-a7c6-00afd0595dd2" CHANGEID="689819832" NUMBER="18" OPERTYPEID="10" PREVID="0" NEXTID="0" UPDATEDATE="2025-10-01" STARTDATE="2025-10-01" ENDDATE="2079-06-06" ISACTUAL="1" ISACTIVE="1" /><STEAD ID="74206991" OBJECTID="174991883" OBJECTGUID="6fd71f95-29e5-4393-ad1f-b60760605e2a" CHANGEID="689819833" NUMBER="17" OPERTYPEID="10" PREVID="0" NEXTID="0" UPDATEDATE="2025-10-01" STARTDATE="2025-10-01" ENDDATE="2079-06-06" ISACTUAL="1" ISACTIVE="1" /><STEAD ID="74206992" OBJECTID="174991884" OBJECTGUID="5cab48a4-eced-4c5e-8b12-d255fe627ef0" CHANGEID="689819834" NUMBER="16" OPERTYPEID="10" PREVID="0" NEXTID="0" UPDATEDATE="2025-10-01" STARTDATE="2025-10-01" ENDDATE="2079-06-06" ISACTUAL="1" ISACTIVE="1" /><STEAD ID="74206993" OBJECTID="174991885" OBJECTGUID="b249f67a-2cb2-45db-bd5b-98d6126e325e" CHANGEID="689819835" NUMBER="15" OPERTYPEID="10" PREVID="0" NEXTID="0" UPDATEDATE="2025-10-01" STARTDATE="2025-10-01" ENDDATE="2079-06-06" ISACTUAL="1" ISACTIVE="1" /><STEAD ID="74206994" OBJECTID="174991886" OBJECTGUID="7a75e19d-e2fd-4c49-84e7-2561c65e4a59" CHANGEID="689819836" NUMBER="14" OPERTYPEID="10" PREVID="0" NEXTID="0" UPDATEDATE="2025-10-01" STARTDATE="2025-10-01" ENDDATE="2079-06-06" ISACTUAL="1" ISACTIVE="1" /><STEAD ID="74206995" OBJECTID="174991887" OBJECTGUID="4245b3db-3374-48ce-8f7d-137e3bbb7553" CHANGEID="689819837" NUMBER="13" OPERTYPEID="10" PREVID="0" NEXTID="0" UPDATEDATE="2025-10-01" STARTDATE="2025-10-01" ENDDATE="2079-06-06" ISACTUAL="1" ISACTIVE="1" /><STEAD ID="74206996" OBJECTID="174991888" OBJECTGUID="eac639e1-bea1-4482-9aae-91bbc3b4994e" CHANGEID="689819838" NUMBER="12" OPERTYPEID="10" PREVID="0" NEXTID="0" UPDATEDATE="2025-10-01" STARTDATE="2025-10-01" ENDDATE="2079-06-06" ISACTUAL="1" ISACTIVE="1" /><STEAD ID="74206997" OBJECTID="174991889" OBJECTGUID="96167676-3bf7-4b7f-b48f-609ad9475a75" CHANGEID="689819839" NUMBER="9" OPERTYPEID="10" PREVID="0" NEXTID="0" UPDATEDATE="2025-10-01" STARTDATE="2025-10-01" ENDDATE="2079-06-06" ISACTUAL="1" ISACTIVE="1" /><STEAD ID="74206998" OBJECTID="174991890" OBJECTGUID="d5d66ce0-a409-4961-a781-d6ddf2dd76cb" CHANGEID="689819840" NUMBER="8" OPERTYPEID="10" PREVID="0" NEXTID="0" UPDATEDATE="2025-10-01" STARTDATE="2025-10-01" ENDDATE="2079-06-06" ISACTUAL="1" ISACTIVE="1" /><STEAD ID="74206999" OBJECTID="174991891" OBJECTGUID="a4f0b710-19de-439b-b644-43853271bc68" CHANGEID="689819841" NUMBER="5" OPERTYPEID="10" PREVID="0" NEXTID="0" UPDATEDATE="2025-10-01" STARTDATE="2025-10-01" ENDDATE="2079-06-06" ISACTUAL="1" ISACTIVE="1" /><STEAD ID="74207000" OBJECTID="174991892" OBJECTGUID="e856861f-b16c-46a1-933a-f9e3c0199bfa" CHANGEID="689819842" NUMBER="2" OPERTYPEID="10" PREVID="0" NEXTID="0" UPDATEDATE="2025-10-01" STARTDATE="2025-10-01" ENDDATE="2079-06-06" ISACTUAL="1" ISACTIVE="1" /><STEAD ID="74207001" OBJECTID="174991893" OBJECTGUID="ff6536a6-796b-46dd-9c2a-624556b05abe" CHANGEID="689819843" NUMBER="1" OPERTYPEID="10" PREVID="0" NEXTID="0" UPDATEDATE="2025-10-01" STARTDATE="2025-10-01" ENDDATE="2079-06-06" ISACTUAL="1" ISACTIVE="1" /><STEAD ID="74207354" OBJECTID="174992618" OBJECTGUID="d2250009-7b55-4ac2-82bf-6b12dd010e30" CHANGEID="689824773" NUMBER="7" OPERTYPEID="10" PREVID="0" NEXTID="0" UPDATEDATE="2025-10-01" STARTDATE="2025-10-01" ENDDATE="2079-06-06" ISACTUAL="1" ISACTIVE="1" /><STEAD ID="74207513" OBJECTID="174992911" OBJECTGUID="5577728e-d6c4-4fbf-aef1-a9f757266a5d" CHANGEID="689825411" NUMBER="11/1" OPERTYPEID="10" PREVID="0" NEXTID="0" UPDATEDATE="2025-10-01" STARTDATE="2025-10-01" ENDDATE="2079-06-06" ISACTUAL="1" ISACTIVE="1" /></STEADS>