﻿<?xml version="1.0" encoding="utf-8"?><APARTMENTS><APARTMENT ID="52095024" OBJECTID="99547045" OBJECTGUID="7d0d5756-89c3-4155-8060-60e25d0446fb" CHANGEID="162850924" NUMBER="7" APARTTYPE="13" OPERTYPEID="10" PREVID="0" NEXTID="111796017" UPDATEDATE="2025-09-29" STARTDATE="2020-12-10" ENDDATE="2025-09-29" ISACTUAL="0" ISACTIVE="0" /><APARTMENT ID="20868702" OBJECTID="35815051" OBJECTGUID="c4277d39-f4f9-4175-b244-671c003e581b" CHANGEID="54392035" NUMBER="2" APARTTYPE="2" OPERTYPEID="10" PREVID="0" NEXTID="111817451" UPDATEDATE="2025-10-01" STARTDATE="2019-02-26" ENDDATE="2025-10-01" ISACTUAL="0" ISACTIVE="0" /><APARTMENT ID="23216050" OBJECTID="39732271" OBJECTGUID="fc10eb4d-fd80-4872-bc24-1fdb501a0e58" CHANGEID="60177578" NUMBER="1" APARTTYPE="2" OPERTYPEID="10" PREVID="0" NEXTID="111814205" UPDATEDATE="2025-10-01" STARTDATE="1985-05-16" ENDDATE="2025-10-01" ISACTUAL="0" ISACTIVE="0" /><APARTMENT ID="106247754" OBJECTID="160844346" OBJECTGUID="b18c99f7-dd19-43cb-bcd6-6565a0d1fad9" CHANGEID="568422199" NUMBER="1" APARTTYPE="2" OPERTYPEID="10" PREVID="0" NEXTID="111809539" UPDATEDATE="2025-09-30" STARTDATE="2023-10-25" ENDDATE="2025-09-30" ISACTUAL="0" ISACTIVE="0" /><APARTMENT ID="32577206" OBJECTID="54788508" OBJECTGUID="13d502df-4215-463b-9262-4c015033ce9e" CHANGEID="81966483" NUMBER="2" APARTTYPE="13" OPERTYPEID="10" PREVID="0" NEXTID="111795525" UPDATEDATE="2025-09-29" STARTDATE="2012-03-16" ENDDATE="2025-09-29" ISACTUAL="0" ISACTIVE="0" /><APARTMENT ID="32577212" OBJECTID="54788518" OBJECTGUID="2abfbb7f-3ec3-451a-a1f6-af16690fc82a" CHANGEID="81966503" NUMBER="3" APARTTYPE="13" OPERTYPEID="10" PREVID="0" NEXTID="111795526" UPDATEDATE="2025-09-29" STARTDATE="2012-03-16" ENDDATE="2025-09-29" ISACTUAL="0" ISACTIVE="0" /><APARTMENT ID="32578516" OBJECTID="54790245" OBJECTGUID="6cffea3f-9264-40fc-a800-ad54489964ff" CHANGEID="81968757" NUMBER="6" APARTTYPE="13" OPERTYPEID="10" PREVID="0" NEXTID="111795527" UPDATEDATE="2025-09-29" STARTDATE="2012-03-16" ENDDATE="2025-09-29" ISACTUAL="0" ISACTIVE="0" /><APARTMENT ID="32578524" OBJECTID="54790256" OBJECTGUID="acb9c5e8-6f2d-4b65-a233-fc91cfed1649" CHANGEID="81968774" NUMBER="5" APARTTYPE="13" OPERTYPEID="10" PREVID="0" NEXTID="111795528" UPDATEDATE="2025-09-29" STARTDATE="2012-03-16" ENDDATE="2025-09-29" ISACTUAL="0" ISACTIVE="0" /><APARTMENT ID="34955388" OBJECTID="58709663" OBJECTGUID="6c6a5478-8b92-4b29-844e-c08c9c01e008" CHANGEID="87732999" NUMBER="6" APARTTYPE="1" OPERTYPEID="10" PREVID="0" NEXTID="111814198" UPDATEDATE="2025-10-01" STARTDATE="2017-08-04" ENDDATE="2025-10-01" ISACTUAL="0" ISACTIVE="0" /><APARTMENT ID="41887034" OBJECTID="70209555" OBJECTGUID="dc856c35-4da1-4c38-bde6-d3bc847dcac8" CHANGEID="104617593" NUMBER="188" APARTTYPE="1" OPERTYPEID="10" PREVID="0" NEXTID="111804478" UPDATEDATE="2025-09-29" STARTDATE="2012-02-08" ENDDATE="2025-09-29" ISACTUAL="0" ISACTIVE="0" /><APARTMENT ID="111795519" OBJECTID="54370938" OBJECTGUID="cd216f14-970c-46d1-8fb0-8910439a4c0d" CHANGEID="689639906" NUMBER="2" APARTTYPE="13" OPERTYPEID="30" PREVID="32310203" NEXTID="0" UPDATEDATE="2025-09-29" STARTDATE="2025-09-29" ENDDATE="2079-06-06" ISACTUAL="1" ISACTIVE="0" /><APARTMENT ID="32310203" OBJECTID="54370938" OBJECTGUID="cd216f14-970c-46d1-8fb0-8910439a4c0d" CHANGEID="81366311" NUMBER="2" APARTTYPE="13" OPERTYPEID="10" PREVID="0" NEXTID="111795519" UPDATEDATE="2025-09-29" STARTDATE="2012-03-16" ENDDATE="2025-09-29" ISACTUAL="0" ISACTIVE="0" /><APARTMENT ID="111795520" OBJECTID="54370946" OBJECTGUID="defed605-299a-4edc-973f-5524faa5ee1b" CHANGEID="689639907" NUMBER="3" APARTTYPE="13" OPERTYPEID="30" PREVID="32310210" NEXTID="0" UPDATEDATE="2025-09-29" STARTDATE="2025-09-29" ENDDATE="2079-06-06" ISACTUAL="1" ISACTIVE="0" /><APARTMENT ID="32310210" OBJECTID="54370946" OBJECTGUID="defed605-299a-4edc-973f-5524faa5ee1b" CHANGEID="81366323" NUMBER="3" APARTTYPE="13" OPERTYPEID="10" PREVID="0" NEXTID="111795520" UPDATEDATE="2025-09-29" STARTDATE="2012-03-16" ENDDATE="2025-09-29" ISACTUAL="0" ISACTIVE="0" /><APARTMENT ID="111795521" OBJECTID="54370951" OBJECTGUID="df26e675-ac8f-4cc0-bc01-01b80e585388" CHANGEID="689639908" NUMBER="1" APARTTYPE="13" OPERTYPEID="30" PREVID="32310215" NEXTID="0" UPDATEDATE="2025-09-29" STARTDATE="2025-09-29" ENDDATE="2079-06-06" ISACTUAL="1" ISACTIVE="0" /><APARTMENT ID="32310215" OBJECTID="54370951" OBJECTGUID="df26e675-ac8f-4cc0-bc01-01b80e585388" CHANGEID="81366331" NUMBER="1" APARTTYPE="13" OPERTYPEID="10" PREVID="0" NEXTID="111795521" UPDATEDATE="2025-09-29" STARTDATE="2012-03-16" ENDDATE="2025-09-29" ISACTUAL="0" ISACTIVE="0" /><APARTMENT ID="111795522" OBJECTID="54370875" OBJECTGUID="3a0bacfa-e7d8-4af4-ae8f-b4a702c8fa74" CHANGEID="689639909" NUMBER="6" APARTTYPE="13" OPERTYPEID="30" PREVID="32310159" NEXTID="0" UPDATEDATE="2025-09-29" STARTDATE="2025-09-29" ENDDATE="2079-06-06" ISACTUAL="1" ISACTIVE="0" /><APARTMENT ID="32310159" OBJECTID="54370875" OBJECTGUID="3a0bacfa-e7d8-4af4-ae8f-b4a702c8fa74" CHANGEID="81366225" NUMBER="6" APARTTYPE="13" OPERTYPEID="10" PREVID="0" NEXTID="111795522" UPDATEDATE="2025-09-29" STARTDATE="2012-03-16" ENDDATE="2025-09-29" ISACTUAL="0" ISACTIVE="0" /><APARTMENT ID="111795523" OBJECTID="54370923" OBJECTGUID="77365c11-e18c-404d-81dc-e7e6e4c3c4ac" CHANGEID="689639910" NUMBER="4" APARTTYPE="13" OPERTYPEID="30" PREVID="32310190" NEXTID="0" UPDATEDATE="2025-09-29" STARTDATE="2025-09-29" ENDDATE="2079-06-06" ISACTUAL="1" ISACTIVE="0" /><APARTMENT ID="32310190" OBJECTID="54370923" OBJECTGUID="77365c11-e18c-404d-81dc-e7e6e4c3c4ac" CHANGEID="81366290" NUMBER="4" APARTTYPE="13" OPERTYPEID="10" PREVID="0" NEXTID="111795523" UPDATEDATE="2025-09-29" STARTDATE="2012-03-16" ENDDATE="2025-09-29" ISACTUAL="0" ISACTIVE="0" /><APARTMENT ID="111795524" OBJECTID="54370933" OBJECTGUID="895227c8-0466-4c47-aba9-8f1601b6de54" CHANGEID="689639911" NUMBER="5" APARTTYPE="13" OPERTYPEID="30" PREVID="32310199" NEXTID="0" UPDATEDATE="2025-09-29" STARTDATE="2025-09-29" ENDDATE="2079-06-06" ISACTUAL="1" ISACTIVE="0" /><APARTMENT ID="32310199" OBJECTID="54370933" OBJECTGUID="895227c8-0466-4c47-aba9-8f1601b6de54" CHANGEID="81366303" NUMBER="5" APARTTYPE="13" OPERTYPEID="10" PREVID="0" NEXTID="111795524" UPDATEDATE="2025-09-29" STARTDATE="2012-03-16" ENDDATE="2025-09-29" ISACTUAL="0" ISACTIVE="0" /><APARTMENT ID="111795525" OBJECTID="54788508" OBJECTGUID="13d502df-4215-463b-9262-4c015033ce9e" CHANGEID="689639913" NUMBER="2" APARTTYPE="13" OPERTYPEID="30" PREVID="32577206" NEXTID="0" UPDATEDATE="2025-09-29" STARTDATE="2025-09-29" ENDDATE="2079-06-06" ISACTUAL="1" ISACTIVE="0" /><APARTMENT ID="111795526" OBJECTID="54788518" OBJECTGUID="2abfbb7f-3ec3-451a-a1f6-af16690fc82a" CHANGEID="689639914" NUMBER="3" APARTTYPE="13" OPERTYPEID="30" PREVID="32577212" NEXTID="0" UPDATEDATE="2025-09-29" STARTDATE="2025-09-29" ENDDATE="2079-06-06" ISACTUAL="1" ISACTIVE="0" /><APARTMENT ID="111795527" OBJECTID="54790245" OBJECTGUID="6cffea3f-9264-40fc-a800-ad54489964ff" CHANGEID="689639915" NUMBER="6" APARTTYPE="13" OPERTYPEID="30" PREVID="32578516" NEXTID="0" UPDATEDATE="2025-09-29" STARTDATE="2025-09-29" ENDDATE="2079-06-06" ISACTUAL="1" ISACTIVE="0" /><APARTMENT ID="111795528" OBJECTID="54790256" OBJECTGUID="acb9c5e8-6f2d-4b65-a233-fc91cfed1649" CHANGEID="689639916" NUMBER="5" APARTTYPE="13" OPERTYPEID="30" PREVID="32578524" NEXTID="0" UPDATEDATE="2025-09-29" STARTDATE="2025-09-29" ENDDATE="2079-06-06" ISACTUAL="1" ISACTIVE="0" /><APARTMENT ID="111795529" OBJECTID="54790273" OBJECTGUID="fd030d7a-6230-415d-b5a1-2af60560b153" CHANGEID="689639917" NUMBER="1" APARTTYPE="13" OPERTYPEID="30" PREVID="32578530" NEXTID="0" UPDATEDATE="2025-09-29" STARTDATE="2025-09-29" ENDDATE="2079-06-06" ISACTUAL="1" ISACTIVE="0" /><APARTMENT ID="32578530" OBJECTID="54790273" OBJECTGUID="fd030d7a-6230-415d-b5a1-2af60560b153" CHANGEID="81968797" NUMBER="1" APARTTYPE="13" OPERTYPEID="10" PREVID="0" NEXTID="111795529" UPDATEDATE="2025-09-29" STARTDATE="2012-03-16" ENDDATE="2025-09-29" ISACTUAL="0" ISACTIVE="0" /><APARTMENT ID="111795530" OBJECTID="54788569" OBJECTGUID="4c43108a-0d80-4d0e-b45b-7778c7f7033d" CHANGEID="689639918" NUMBER="4" APARTTYPE="13" OPERTYPEID="30" PREVID="32577253" NEXTID="0" UPDATEDATE="2025-09-29" STARTDATE="2025-09-29" ENDDATE="2079-06-06" ISACTUAL="1" ISACTIVE="0" /><APARTMENT ID="32577253" OBJECTID="54788569" OBJECTGUID="4c43108a-0d80-4d0e-b45b-7778c7f7033d" CHANGEID="81966589" NUMBER="4" APARTTYPE="13" OPERTYPEID="10" PREVID="0" NEXTID="111795530" UPDATEDATE="2025-09-29" STARTDATE="2012-03-16" ENDDATE="2025-09-29" ISACTUAL="0" ISACTIVE="0" /><APARTMENT ID="111795531" OBJECTID="54789348" OBJECTGUID="66f7a060-34d7-436f-9889-53019383668f" CHANGEID="689639919" NUMBER="7" APARTTYPE="13" OPERTYPEID="30" PREVID="32577791" NEXTID="0" UPDATEDATE="2025-09-29" STARTDATE="2025-09-29" ENDDATE="2079-06-06" ISACTUAL="1" ISACTIVE="0" /><APARTMENT ID="32577791" OBJECTID="54789348" OBJECTGUID="66f7a060-34d7-436f-9889-53019383668f" CHANGEID="81967639" NUMBER="7" APARTTYPE="13" OPERTYPEID="20" PREVID="32577787" NEXTID="111795531" UPDATEDATE="2025-09-29" STARTDATE="2017-10-06" ENDDATE="2025-09-29" ISACTUAL="0" ISACTIVE="0" /><APARTMENT ID="111796017" OBJECTID="99547045" OBJECTGUID="7d0d5756-89c3-4155-8060-60e25d0446fb" CHANGEID="689643692" NUMBER="7" APARTTYPE="13" OPERTYPEID="30" PREVID="52095024" NEXTID="0" UPDATEDATE="2025-09-29" STARTDATE="2025-09-29" ENDDATE="2079-06-06" ISACTUAL="1" ISACTIVE="0" /><APARTMENT ID="111796018" OBJECTID="99547046" OBJECTGUID="21c35534-b2f1-42bf-9259-5817b8d2e6a4" CHANGEID="689643693" NUMBER="1" APARTTYPE="13" OPERTYPEID="30" PREVID="52095025" NEXTID="0" UPDATEDATE="2025-09-29" STARTDATE="2025-09-29" ENDDATE="2079-06-06" ISACTUAL="1" ISACTIVE="0" /><APARTMENT ID="52095025" OBJECTID="99547046" OBJECTGUID="21c35534-b2f1-42bf-9259-5817b8d2e6a4" CHANGEID="162850925" NUMBER="1" APARTTYPE="13" OPERTYPEID="10" PREVID="0" NEXTID="111796018" UPDATEDATE="2025-09-29" STARTDATE="2020-12-10" ENDDATE="2025-09-29" ISACTUAL="0" ISACTIVE="0" /><APARTMENT ID="111796019" OBJECTID="99547047" OBJECTGUID="bdd3fd84-fbc1-43a4-9111-b779b16c3d01" CHANGEID="689643694" NUMBER="2" APARTTYPE="13" OPERTYPEID="30" PREVID="52095026" NEXTID="0" UPDATEDATE="2025-09-29" STARTDATE="2025-09-29" ENDDATE="2079-06-06" ISACTUAL="1" ISACTIVE="0" /><APARTMENT ID="52095026" OBJECTID="99547047" OBJECTGUID="bdd3fd84-fbc1-43a4-9111-b779b16c3d01" CHANGEID="162850926" NUMBER="2" APARTTYPE="13" OPERTYPEID="10" PREVID="0" NEXTID="111796019" UPDATEDATE="2025-09-29" STARTDATE="2020-12-10" ENDDATE="2025-09-29" ISACTUAL="0" ISACTIVE="0" /><APARTMENT ID="111796020" OBJECTID="99547048" OBJECTGUID="0e38ef53-9450-4bbf-9ba3-fbb51f7f68a7" CHANGEID="689643695" NUMBER="3" APARTTYPE="13" OPERTYPEID="30" PREVID="52095027" NEXTID="0" UPDATEDATE="2025-09-29" STARTDATE="2025-09-29" ENDDATE="2079-06-06" ISACTUAL="1" ISACTIVE="0" /><APARTMENT ID="52095027" OBJECTID="99547048" OBJECTGUID="0e38ef53-9450-4bbf-9ba3-fbb51f7f68a7" CHANGEID="162850927" NUMBER="3" APARTTYPE="13" OPERTYPEID="10" PREVID="0" NEXTID="111796020" UPDATEDATE="2025-09-29" STARTDATE="2020-12-10" ENDDATE="2025-09-29" ISACTUAL="0" ISACTIVE="0" /><APARTMENT ID="111796021" OBJECTID="99547049" OBJECTGUID="7b3d1ee9-a9e4-4587-8f4a-2d6555262fe2" CHANGEID="689643696" NUMBER="4" APARTTYPE="13" OPERTYPEID="30" PREVID="52095028" NEXTID="0" UPDATEDATE="2025-09-29" STARTDATE="2025-09-29" ENDDATE="2079-06-06" ISACTUAL="1" ISACTIVE="0" /><APARTMENT ID="52095028" OBJECTID="99547049" OBJECTGUID="7b3d1ee9-a9e4-4587-8f4a-2d6555262fe2" CHANGEID="162850928" NUMBER="4" APARTTYPE="13" OPERTYPEID="10" PREVID="0" NEXTID="111796021" UPDATEDATE="2025-09-29" STARTDATE="2020-12-10" ENDDATE="2025-09-29" ISACTUAL="0" ISACTIVE="0" /><APARTMENT ID="111796022" OBJECTID="99547050" OBJECTGUID="089ba66f-cf9b-4e9f-a7c5-1201bea0212c" CHANGEID="689643697" NUMBER="5" APARTTYPE="13" OPERTYPEID="30" PREVID="52095029" NEXTID="0" UPDATEDATE="2025-09-29" STARTDATE="2025-09-29" ENDDATE="2079-06-06" ISACTUAL="1" ISACTIVE="0" /><APARTMENT ID="52095029" OBJECTID="99547050" OBJECTGUID="089ba66f-cf9b-4e9f-a7c5-1201bea0212c" CHANGEID="162850929" NUMBER="5" APARTTYPE="13" OPERTYPEID="10" PREVID="0" NEXTID="111796022" UPDATEDATE="2025-09-29" STARTDATE="2020-12-10" ENDDATE="2025-09-29" ISACTUAL="0" ISACTIVE="0" /><APARTMENT ID="111796023" OBJECTID="99547052" OBJECTGUID="96cd82ee-fe17-4c3a-bccf-d809c02e7ef5" CHANGEID="689643698" NUMBER="12" APARTTYPE="13" OPERTYPEID="30" PREVID="52095031" NEXTID="0" UPDATEDATE="2025-09-29" STARTDATE="2025-09-29" ENDDATE="2079-06-06" ISACTUAL="1" ISACTIVE="0" /><APARTMENT ID="52095031" OBJECTID="99547052" OBJECTGUID="96cd82ee-fe17-4c3a-bccf-d809c02e7ef5" CHANGEID="162850931" NUMBER="12" APARTTYPE="13" OPERTYPEID="10" PREVID="0" NEXTID="111796023" UPDATEDATE="2025-09-29" STARTDATE="2020-12-10" ENDDATE="2025-09-29" ISACTUAL="0" ISACTIVE="0" /><APARTMENT ID="111796024" OBJECTID="99547053" OBJECTGUID="c60ce93e-7788-40a0-92ef-fb262474c77b" CHANGEID="689643699" NUMBER="8" APARTTYPE="13" OPERTYPEID="30" PREVID="52095032" NEXTID="0" UPDATEDATE="2025-09-29" STARTDATE="2025-09-29" ENDDATE="2079-06-06" ISACTUAL="1" ISACTIVE="0" /><APARTMENT ID="52095032" OBJECTID="99547053" OBJECTGUID="c60ce93e-7788-40a0-92ef-fb262474c77b" CHANGEID="162850932" NUMBER="8" APARTTYPE="13" OPERTYPEID="10" PREVID="0" NEXTID="111796024" UPDATEDATE="2025-09-29" STARTDATE="2020-12-10" ENDDATE="2025-09-29" ISACTUAL="0" ISACTIVE="0" /><APARTMENT ID="111796025" OBJECTID="99547054" OBJECTGUID="3e8cd86c-a281-41d5-b4d1-43584a26d811" CHANGEID="689643700" NUMBER="9" APARTTYPE="13" OPERTYPEID="30" PREVID="52095033" NEXTID="0" UPDATEDATE="2025-09-29" STARTDATE="2025-09-29" ENDDATE="2079-06-06" ISACTUAL="1" ISACTIVE="0" /><APARTMENT ID="52095033" OBJECTID="99547054" OBJECTGUID="3e8cd86c-a281-41d5-b4d1-43584a26d811" CHANGEID="162850933" NUMBER="9" APARTTYPE="13" OPERTYPEID="10" PREVID="0" NEXTID="111796025" UPDATEDATE="2025-09-29" STARTDATE="2020-12-10" ENDDATE="2025-09-29" ISACTUAL="0" ISACTIVE="0" /><APARTMENT ID="111796026" OBJECTID="99547055" OBJECTGUID="7031b64d-8389-434e-a128-9450b43d7d3a" CHANGEID="689643701" NUMBER="10" APARTTYPE="13" OPERTYPEID="30" PREVID="52095034" NEXTID="0" UPDATEDATE="2025-09-29" STARTDATE="2025-09-29" ENDDATE="2079-06-06" ISACTUAL="1" ISACTIVE="0" /><APARTMENT ID="52095034" OBJECTID="99547055" OBJECTGUID="7031b64d-8389-434e-a128-9450b43d7d3a" CHANGEID="162850934" NUMBER="10" APARTTYPE="13" OPERTYPEID="10" PREVID="0" NEXTID="111796026" UPDATEDATE="2025-09-29" STARTDATE="2020-12-10" ENDDATE="2025-09-29" ISACTUAL="0" ISACTIVE="0" /><APARTMENT ID="111796027" OBJECTID="99547056" OBJECTGUID="6e5ecc04-773a-4e8b-97e3-beecfc2b5d4d" CHANGEID="689643702" NUMBER="11" APARTTYPE="13" OPERTYPEID="30" PREVID="52095035" NEXTID="0" UPDATEDATE="2025-09-29" STARTDATE="2025-09-29" ENDDATE="2079-06-06" ISACTUAL="1" ISACTIVE="0" /><APARTMENT ID="52095035" OBJECTID="99547056" OBJECTGUID="6e5ecc04-773a-4e8b-97e3-beecfc2b5d4d" CHANGEID="162850935" NUMBER="11" APARTTYPE="13" OPERTYPEID="10" PREVID="0" NEXTID="111796027" UPDATEDATE="2025-09-29" STARTDATE="2020-12-10" ENDDATE="2025-09-29" ISACTUAL="0" ISACTIVE="0" /><APARTMENT ID="111796028" OBJECTID="99547057" OBJECTGUID="79739734-8832-4b28-94e0-f8206cb35540" CHANGEID="689643703" NUMBER="13" APARTTYPE="13" OPERTYPEID="30" PREVID="52095036" NEXTID="0" UPDATEDATE="2025-09-29" STARTDATE="2025-09-29" ENDDATE="2079-06-06" ISACTUAL="1" ISACTIVE="0" /><APARTMENT ID="52095036" OBJECTID="99547057" OBJECTGUID="79739734-8832-4b28-94e0-f8206cb35540" CHANGEID="162850936" NUMBER="13" APARTTYPE="13" OPERTYPEID="10" PREVID="0" NEXTID="111796028" UPDATEDATE="2025-09-29" STARTDATE="2020-12-10" ENDDATE="2025-09-29" ISACTUAL="0" ISACTIVE="0" /><APARTMENT ID="111796029" OBJECTID="99547059" OBJECTGUID="0b534d34-12a5-4700-b52c-697bb9b0d8b9" CHANGEID="689643704" NUMBER="15" APARTTYPE="13" OPERTYPEID="30" PREVID="52095038" NEXTID="0" UPDATEDATE="2025-09-29" STARTDATE="2025-09-29" ENDDATE="2079-06-06" ISACTUAL="1" ISACTIVE="0" /><APARTMENT ID="52095038" OBJECTID="99547059" OBJECTGUID="0b534d34-12a5-4700-b52c-697bb9b0d8b9" CHANGEID="162850938" NUMBER="15" APARTTYPE="13" OPERTYPEID="10" PREVID="0" NEXTID="111796029" UPDATEDATE="2025-09-29" STARTDATE="2020-12-10" ENDDATE="2025-09-29" ISACTUAL="0" ISACTIVE="0" /><APARTMENT ID="111796941" OBJECTID="99547058" OBJECTGUID="6dd00fd7-c234-41c4-b146-b77b0eaa56b1" CHANGEID="689648854" NUMBER="14" APARTTYPE="13" OPERTYPEID="55" PREVID="52095037" NEXTID="129167860" UPDATEDATE="2025-09-29" STARTDATE="2025-09-29" ENDDATE="2079-06-06" ISACTUAL="1" ISACTIVE="0" /><APARTMENT ID="52095037" OBJECTID="99547058" OBJECTGUID="6dd00fd7-c234-41c4-b146-b77b0eaa56b1" CHANGEID="162850937" NUMBER="14" APARTTYPE="13" OPERTYPEID="10" PREVID="0" NEXTID="111796941" UPDATEDATE="2025-09-29" STARTDATE="2020-12-10" ENDDATE="2025-09-29" ISACTUAL="0" ISACTIVE="0" /><APARTMENT ID="111796942" OBJECTID="54788634" OBJECTGUID="5b95e866-ebf6-4fd8-bf80-dae697266816" CHANGEID="689648863" NUMBER="14" APARTTYPE="13" OPERTYPEID="55" PREVID="32577300" NEXTID="129167861" UPDATEDATE="2025-09-29" STARTDATE="2025-09-29" ENDDATE="2079-06-06" ISACTUAL="1" ISACTIVE="0" /><APARTMENT ID="32577300" OBJECTID="54788634" OBJECTGUID="5b95e866-ebf6-4fd8-bf80-dae697266816" CHANGEID="81966736" NUMBER="14" APARTTYPE="13" OPERTYPEID="20" PREVID="32577294" NEXTID="111796942" UPDATEDATE="2025-09-29" STARTDATE="2012-03-16" ENDDATE="2025-09-29" ISACTUAL="0" ISACTIVE="0" /><APARTMENT ID="111797867" OBJECTID="174924504" OBJECTGUID="d240914c-71f2-44fe-b3a6-bd617482ee65" CHANGEID="689653088" NUMBER="223" APARTTYPE="4" OPERTYPEID="10" PREVID="0" NEXTID="0" UPDATEDATE="2025-09-29" STARTDATE="2025-09-29" ENDDATE="2079-06-06" ISACTUAL="1" ISACTIVE="1" /><APARTMENT ID="111800538" OBJECTID="174930362" OBJECTGUID="57a8ad72-f468-4317-b3ca-764609c7f41c" CHANGEID="689669378" NUMBER="12" APARTTYPE="2" OPERTYPEID="10" PREVID="0" NEXTID="0" UPDATEDATE="2025-09-29" STARTDATE="2025-09-29" ENDDATE="2079-06-06" ISACTUAL="1" ISACTIVE="1" /><APARTMENT ID="111800539" OBJECTID="174930363" OBJECTGUID="f18ad945-424f-4e23-a6b2-66451c2905b5" CHANGEID="689669379" NUMBER="11" APARTTYPE="2" OPERTYPEID="10" PREVID="0" NEXTID="0" UPDATEDATE="2025-09-29" STARTDATE="2025-09-29" ENDDATE="2079-06-06" ISACTUAL="1" ISACTIVE="1" /><APARTMENT ID="111800540" OBJECTID="174930364" OBJECTGUID="9571a840-b33a-46f6-ac36-99bfc2201fbe" CHANGEID="689669380" NUMBER="10" APARTTYPE="2" OPERTYPEID="10" PREVID="0" NEXTID="0" UPDATEDATE="2025-09-29" STARTDATE="2025-09-29" ENDDATE="2079-06-06" ISACTUAL="1" ISACTIVE="1" /><APARTMENT ID="111800541" OBJECTID="174930365" OBJECTGUID="f18d3576-061c-41d1-baac-3fb5f9e41058" CHANGEID="689669381" NUMBER="9" APARTTYPE="2" OPERTYPEID="10" PREVID="0" NEXTID="0" UPDATEDATE="2025-09-29" STARTDATE="2025-09-29" ENDDATE="2079-06-06" ISACTUAL="1" ISACTIVE="1" /><APARTMENT ID="111800542" OBJECTID="174930366" OBJECTGUID="1e0461e7-1010-43be-8a53-cb1f5f92d662" CHANGEID="689669382" NUMBER="8" APARTTYPE="2" OPERTYPEID="10" PREVID="0" NEXTID="0" UPDATEDATE="2025-09-29" STARTDATE="2025-09-29" ENDDATE="2079-06-06" ISACTUAL="1" ISACTIVE="1" /><APARTMENT ID="111800543" OBJECTID="174930367" OBJECTGUID="c7a7e9db-931b-4b14-ae35-620d1bbca4d6" CHANGEID="689669383" NUMBER="7" APARTTYPE="2" OPERTYPEID="10" PREVID="0" NEXTID="0" UPDATEDATE="2025-09-29" STARTDATE="2025-09-29" ENDDATE="2079-06-06" ISACTUAL="1" ISACTIVE="1" /><APARTMENT ID="111800544" OBJECTID="174930368" OBJECTGUID="cf09de26-da64-4158-b5d1-22f486a5b089" CHANGEID="689669384" NUMBER="6" APARTTYPE="2" OPERTYPEID="10" PREVID="0" NEXTID="0" UPDATEDATE="2025-09-29" STARTDATE="2025-09-29" ENDDATE="2079-06-06" ISACTUAL="1" ISACTIVE="1" /><APARTMENT ID="111800545" OBJECTID="174930369" OBJECTGUID="6534508e-886a-422b-be1f-a7fdc5112f2d" CHANGEID="689669385" NUMBER="5" APARTTYPE="2" OPERTYPEID="10" PREVID="0" NEXTID="0" UPDATEDATE="2025-09-29" STARTDATE="2025-09-29" ENDDATE="2079-06-06" ISACTUAL="1" ISACTIVE="1" /><APARTMENT ID="111800546" OBJECTID="174930370" OBJECTGUID="cb778e49-e757-4524-819d-d01f9547ef80" CHANGEID="689669386" NUMBER="4" APARTTYPE="2" OPERTYPEID="10" PREVID="0" NEXTID="0" UPDATEDATE="2025-09-29" STARTDATE="2025-09-29" ENDDATE="2079-06-06" ISACTUAL="1" ISACTIVE="1" /><APARTMENT ID="111800547" OBJECTID="174930371" OBJECTGUID="ebad8fdc-7863-4395-a492-50ff060b9726" CHANGEID="689669387" NUMBER="3" APARTTYPE="2" OPERTYPEID="10" PREVID="0" NEXTID="0" UPDATEDATE="2025-09-29" STARTDATE="2025-09-29" ENDDATE="2079-06-06" ISACTUAL="1" ISACTIVE="1" /><APARTMENT ID="111800548" OBJECTID="174930372" OBJECTGUID="e395c99d-6b3b-4c68-807f-171554438c2a" CHANGEID="689669388" NUMBER="2" APARTTYPE="2" OPERTYPEID="10" PREVID="0" NEXTID="0" UPDATEDATE="2025-09-29" STARTDATE="2025-09-29" ENDDATE="2079-06-06" ISACTUAL="1" ISACTIVE="1" /><APARTMENT ID="111800549" OBJECTID="174930373" OBJECTGUID="1b841e4d-1e85-4968-bc35-9923938ad268" CHANGEID="689669389" NUMBER="1" APARTTYPE="2" OPERTYPEID="10" PREVID="0" NEXTID="0" UPDATEDATE="2025-09-29" STARTDATE="2025-09-29" ENDDATE="2079-06-06" ISACTUAL="1" ISACTIVE="1" /><APARTMENT ID="111804478" OBJECTID="70209555" OBJECTGUID="dc856c35-4da1-4c38-bde6-d3bc847dcac8" CHANGEID="689695737" NUMBER="188" APARTTYPE="1" OPERTYPEID="55" PREVID="41887034" NEXTID="129174574" UPDATEDATE="2025-09-29" STARTDATE="2025-09-29" ENDDATE="2079-06-06" ISACTUAL="1" ISACTIVE="0" /><APARTMENT ID="111808670" OBJECTID="174958722" OBJECTGUID="314c264c-1727-4170-81cb-c0bad62f2e22" CHANGEID="689732635" NUMBER="24" APARTTYPE="2" OPERTYPEID="10" PREVID="0" NEXTID="0" UPDATEDATE="2025-09-30" STARTDATE="2025-09-30" ENDDATE="2079-06-06" ISACTUAL="1" ISACTIVE="1" /><APARTMENT ID="111808672" OBJECTID="174958740" OBJECTGUID="b3039881-22f0-43a7-8f4a-196fcc1a9b5f" CHANGEID="689732664" NUMBER="3" APARTTYPE="2" OPERTYPEID="10" PREVID="0" NEXTID="0" UPDATEDATE="2025-09-30" STARTDATE="2025-09-30" ENDDATE="2079-06-06" ISACTUAL="1" ISACTIVE="1" /><APARTMENT ID="111809539" OBJECTID="160844346" OBJECTGUID="b18c99f7-dd19-43cb-bcd6-6565a0d1fad9" CHANGEID="689742778" NUMBER="1" APARTTYPE="2" OPERTYPEID="55" PREVID="106247754" NEXTID="129181340" UPDATEDATE="2025-09-30" STARTDATE="2025-09-30" ENDDATE="2079-06-06" ISACTUAL="1" ISACTIVE="0" /><APARTMENT ID="111809824" OBJECTID="174964831" OBJECTGUID="e25305cb-1d9d-45c6-bb1e-d722ba6e8bd6" CHANGEID="689745253" NUMBER="6" APARTTYPE="2" OPERTYPEID="10" PREVID="0" NEXTID="0" UPDATEDATE="2025-09-30" STARTDATE="2025-09-30" ENDDATE="2079-06-06" ISACTUAL="1" ISACTIVE="1" /><APARTMENT ID="111810637" OBJECTID="174966508" OBJECTGUID="96879ff5-4eca-4d50-8a34-884ddc2f0d4a" CHANGEID="689749382" NUMBER="2П" APARTTYPE="1" OPERTYPEID="10" PREVID="0" NEXTID="0" UPDATEDATE="2025-09-30" STARTDATE="2025-09-30" ENDDATE="2079-06-06" ISACTUAL="1" ISACTIVE="1" /><APARTMENT ID="111810664" OBJECTID="174966809" OBJECTGUID="b915c1ba-acfb-4fb0-862a-e79f5ab2a568" CHANGEID="689750516" NUMBER="4П" APARTTYPE="1" OPERTYPEID="10" PREVID="0" NEXTID="0" UPDATEDATE="2025-09-30" STARTDATE="2025-09-30" ENDDATE="2079-06-06" ISACTUAL="1" ISACTIVE="1" /><APARTMENT ID="111810802" OBJECTID="174968169" OBJECTGUID="b110fb14-e937-42d1-9af7-aea1298dd115" CHANGEID="689753447" NUMBER="37" APARTTYPE="2" OPERTYPEID="10" PREVID="0" NEXTID="0" UPDATEDATE="2025-09-30" STARTDATE="2025-09-30" ENDDATE="2079-06-06" ISACTUAL="1" ISACTIVE="1" /><APARTMENT ID="111810882" OBJECTID="29384182" OBJECTGUID="019292d6-e0dc-49d8-a2b8-99c816bc00db" CHANGEID="689755043" NUMBER="1" APARTTYPE="2" OPERTYPEID="55" PREVID="16903905" NEXTID="129183270" UPDATEDATE="2025-09-30" STARTDATE="2025-09-30" ENDDATE="2079-06-06" ISACTUAL="1" ISACTIVE="0" /><APARTMENT ID="16903905" OBJECTID="29384182" OBJECTGUID="019292d6-e0dc-49d8-a2b8-99c816bc00db" CHANGEID="45088541" NUMBER="1" APARTTYPE="2" OPERTYPEID="10" PREVID="0" NEXTID="111810882" UPDATEDATE="2025-09-30" STARTDATE="2019-02-27" ENDDATE="2025-09-30" ISACTUAL="0" ISACTIVE="0" /><APARTMENT ID="111810883" OBJECTID="158890312" OBJECTGUID="f65ca4cf-18d2-4f13-9d03-611446314a1c" CHANGEID="689755045" NUMBER="2" APARTTYPE="2" OPERTYPEID="55" PREVID="105312972" NEXTID="129183271" UPDATEDATE="2025-09-30" STARTDATE="2025-09-30" ENDDATE="2079-06-06" ISACTUAL="1" ISACTIVE="0" /><APARTMENT ID="105312972" OBJECTID="158890312" OBJECTGUID="f65ca4cf-18d2-4f13-9d03-611446314a1c" CHANGEID="501971740" NUMBER="2" APARTTYPE="2" OPERTYPEID="10" PREVID="0" NEXTID="111810883" UPDATEDATE="2025-09-30" STARTDATE="2023-05-18" ENDDATE="2025-09-30" ISACTUAL="0" ISACTIVE="0" /><APARTMENT ID="111812984" OBJECTID="58952685" OBJECTGUID="00f2db1a-b39d-4fe9-87ff-d6ec2833b380" CHANGEID="689786914" NUMBER="49" APARTTYPE="2" OPERTYPEID="30" PREVID="35101281" NEXTID="0" UPDATEDATE="2025-10-01" STARTDATE="2025-10-01" ENDDATE="2079-06-06" ISACTUAL="1" ISACTIVE="0" /><APARTMENT ID="35101281" OBJECTID="58952685" OBJECTGUID="00f2db1a-b39d-4fe9-87ff-d6ec2833b380" CHANGEID="88092561" NUMBER="49" APARTTYPE="2" OPERTYPEID="10" PREVID="0" NEXTID="111812984" UPDATEDATE="2025-10-01" STARTDATE="1985-05-16" ENDDATE="2025-10-01" ISACTUAL="0" ISACTIVE="0" /><APARTMENT ID="111812985" OBJECTID="58952691" OBJECTGUID="070e2308-d36d-4a3d-9b57-88b998551010" CHANGEID="689786915" NUMBER="65" APARTTYPE="2" OPERTYPEID="30" PREVID="35101284" NEXTID="0" UPDATEDATE="2025-10-01" STARTDATE="2025-10-01" ENDDATE="2079-06-06" ISACTUAL="1" ISACTIVE="0" /><APARTMENT ID="35101284" OBJECTID="58952691" OBJECTGUID="070e2308-d36d-4a3d-9b57-88b998551010" CHANGEID="88092567" NUMBER="65" APARTTYPE="2" OPERTYPEID="10" PREVID="0" NEXTID="111812985" UPDATEDATE="2025-10-01" STARTDATE="1985-05-16" ENDDATE="2025-10-01" ISACTUAL="0" ISACTIVE="0" /><APARTMENT ID="111812986" OBJECTID="58952692" OBJECTGUID="099e70f8-11e1-41fd-a616-a5054675e493" CHANGEID="689786916" NUMBER="66" APARTTYPE="2" OPERTYPEID="30" PREVID="35101285" NEXTID="0" UPDATEDATE="2025-10-01" STARTDATE="2025-10-01" ENDDATE="2079-06-06" ISACTUAL="1" ISACTIVE="0" /><APARTMENT ID="35101285" OBJECTID="58952692" OBJECTGUID="099e70f8-11e1-41fd-a616-a5054675e493" CHANGEID="88092569" NUMBER="66" APARTTYPE="2" OPERTYPEID="10" PREVID="0" NEXTID="111812986" UPDATEDATE="2025-10-01" STARTDATE="1985-05-16" ENDDATE="2025-10-01" ISACTUAL="0" ISACTIVE="0" /><APARTMENT ID="111812987" OBJECTID="58952766" OBJECTGUID="0a9cdcf0-b610-4d69-97f3-1716a0c6c2b1" CHANGEID="689786917" NUMBER="43" APARTTYPE="2" OPERTYPEID="30" PREVID="35101333" NEXTID="0" UPDATEDATE="2025-10-01" STARTDATE="2025-10-01" ENDDATE="2079-06-06" ISACTUAL="1" ISACTIVE="0" /><APARTMENT ID="35101333" OBJECTID="58952766" OBJECTGUID="0a9cdcf0-b610-4d69-97f3-1716a0c6c2b1" CHANGEID="88092688" NUMBER="43" APARTTYPE="2" OPERTYPEID="10" PREVID="0" NEXTID="111812987" UPDATEDATE="2025-10-01" STARTDATE="1985-05-16" ENDDATE="2025-10-01" ISACTUAL="0" ISACTIVE="0" /><APARTMENT ID="111812988" OBJECTID="58952849" OBJECTGUID="10161c91-61d1-4e25-8339-98180a80dd1d" CHANGEID="689786918" NUMBER="37" APARTTYPE="2" OPERTYPEID="30" PREVID="35101387" NEXTID="0" UPDATEDATE="2025-10-01" STARTDATE="2025-10-01" ENDDATE="2079-06-06" ISACTUAL="1" ISACTIVE="0" /><APARTMENT ID="35101387" OBJECTID="58952849" OBJECTGUID="10161c91-61d1-4e25-8339-98180a80dd1d" CHANGEID="88092793" NUMBER="37" APARTTYPE="2" OPERTYPEID="10" PREVID="0" NEXTID="111812988" UPDATEDATE="2025-10-01" STARTDATE="1985-05-16" ENDDATE="2025-10-01" ISACTUAL="0" ISACTIVE="0" /><APARTMENT ID="111812989" OBJECTID="58952890" OBJECTGUID="1d2aa849-e2ed-4d5c-b5de-c4ab99154217" CHANGEID="689786919" NUMBER="31" APARTTYPE="2" OPERTYPEID="30" PREVID="35101416" NEXTID="0" UPDATEDATE="2025-10-01" STARTDATE="2025-10-01" ENDDATE="2079-06-06" ISACTUAL="1" ISACTIVE="0" /><APARTMENT ID="35101416" OBJECTID="58952890" OBJECTGUID="1d2aa849-e2ed-4d5c-b5de-c4ab99154217" CHANGEID="88092861" NUMBER="31" APARTTYPE="2" OPERTYPEID="10" PREVID="0" NEXTID="111812989" UPDATEDATE="2025-10-01" STARTDATE="1985-05-16" ENDDATE="2025-10-01" ISACTUAL="0" ISACTIVE="0" /><APARTMENT ID="111812990" OBJECTID="58953103" OBJECTGUID="20216aa3-49d9-4850-b734-e4e65249ad7f" CHANGEID="689786920" NUMBER="64" APARTTYPE="2" OPERTYPEID="30" PREVID="35101528" NEXTID="0" UPDATEDATE="2025-10-01" STARTDATE="2025-10-01" ENDDATE="2079-06-06" ISACTUAL="1" ISACTIVE="0" /><APARTMENT ID="35101528" OBJECTID="58953103" OBJECTGUID="20216aa3-49d9-4850-b734-e4e65249ad7f" CHANGEID="88093181" NUMBER="64" APARTTYPE="2" OPERTYPEID="10" PREVID="0" NEXTID="111812990" UPDATEDATE="2025-10-01" STARTDATE="1985-05-16" ENDDATE="2025-10-01" ISACTUAL="0" ISACTIVE="0" /><APARTMENT ID="111812991" OBJECTID="58953106" OBJECTGUID="20dd7e5f-d59b-4983-9893-5826e66f4fa9" CHANGEID="689786921" NUMBER="48" APARTTYPE="2" OPERTYPEID="30" PREVID="35101531" NEXTID="0" UPDATEDATE="2025-10-01" STARTDATE="2025-10-01" ENDDATE="2079-06-06" ISACTUAL="1" ISACTIVE="0" /><APARTMENT ID="35101531" OBJECTID="58953106" OBJECTGUID="20dd7e5f-d59b-4983-9893-5826e66f4fa9" CHANGEID="88093184" NUMBER="48" APARTTYPE="2" OPERTYPEID="10" PREVID="0" NEXTID="111812991" UPDATEDATE="2025-10-01" STARTDATE="1985-05-16" ENDDATE="2025-10-01" ISACTUAL="0" ISACTIVE="0" /><APARTMENT ID="111812992" OBJECTID="58953166" OBJECTGUID="2ca97aa8-b55a-46aa-8490-efb142a1dba5" CHANGEID="689786922" NUMBER="58" APARTTYPE="2" OPERTYPEID="30" PREVID="35101566" NEXTID="0" UPDATEDATE="2025-10-01" STARTDATE="2025-10-01" ENDDATE="2079-06-06" ISACTUAL="1" ISACTIVE="0" /><APARTMENT ID="35101566" OBJECTID="58953166" OBJECTGUID="2ca97aa8-b55a-46aa-8490-efb142a1dba5" CHANGEID="88093294" NUMBER="58" APARTTYPE="2" OPERTYPEID="10" PREVID="0" NEXTID="111812992" UPDATEDATE="2025-10-01" STARTDATE="1985-05-16" ENDDATE="2025-10-01" ISACTUAL="0" ISACTIVE="0" /><APARTMENT ID="111812993" OBJECTID="58953439" OBJECTGUID="3254d7c7-6b66-4b34-b68f-22a3244fa017" CHANGEID="689786923" NUMBER="45" APARTTYPE="2" OPERTYPEID="30" PREVID="35101754" NEXTID="0" UPDATEDATE="2025-10-01" STARTDATE="2025-10-01" ENDDATE="2079-06-06" ISACTUAL="1" ISACTIVE="0" /><APARTMENT ID="35101754" OBJECTID="58953439" OBJECTGUID="3254d7c7-6b66-4b34-b68f-22a3244fa017" CHANGEID="88093650" NUMBER="45" APARTTYPE="2" OPERTYPEID="10" PREVID="0" NEXTID="111812993" UPDATEDATE="2025-10-01" STARTDATE="1985-05-16" ENDDATE="2025-10-01" ISACTUAL="0" ISACTIVE="0" /><APARTMENT ID="111812994" OBJECTID="58953445" OBJECTGUID="33b5b74f-bcf0-46fe-9f2a-d6b5d105a0b5" CHANGEID="689786924" NUMBER="39" APARTTYPE="2" OPERTYPEID="30" PREVID="35101759" NEXTID="0" UPDATEDATE="2025-10-01" STARTDATE="2025-10-01" ENDDATE="2079-06-06" ISACTUAL="1" ISACTIVE="0" /><APARTMENT ID="35101759" OBJECTID="58953445" OBJECTGUID="33b5b74f-bcf0-46fe-9f2a-d6b5d105a0b5" CHANGEID="88093657" NUMBER="39" APARTTYPE="2" OPERTYPEID="10" PREVID="0" NEXTID="111812994" UPDATEDATE="2025-10-01" STARTDATE="1985-05-16" ENDDATE="2025-10-01" ISACTUAL="0" ISACTIVE="0" /><APARTMENT ID="111812995" OBJECTID="58953450" OBJECTGUID="37286b7c-7aa9-471c-8342-1591b31e190f" CHANGEID="689786925" NUMBER="25" APARTTYPE="2" OPERTYPEID="30" PREVID="35101763" NEXTID="0" UPDATEDATE="2025-10-01" STARTDATE="2025-10-01" ENDDATE="2079-06-06" ISACTUAL="1" ISACTIVE="0" /><APARTMENT ID="35101763" OBJECTID="58953450" OBJECTGUID="37286b7c-7aa9-471c-8342-1591b31e190f" CHANGEID="88093666" NUMBER="25" APARTTYPE="2" OPERTYPEID="10" PREVID="0" NEXTID="111812995" UPDATEDATE="2025-10-01" STARTDATE="1985-05-16" ENDDATE="2025-10-01" ISACTUAL="0" ISACTIVE="0" /><APARTMENT ID="111812996" OBJECTID="58954818" OBJECTGUID="624f38b5-2eb3-4cfa-a079-045047ad294d" CHANGEID="689786926" NUMBER="26" APARTTYPE="2" OPERTYPEID="30" PREVID="35102723" NEXTID="0" UPDATEDATE="2025-10-01" STARTDATE="2025-10-01" ENDDATE="2079-06-06" ISACTUAL="1" ISACTIVE="0" /><APARTMENT ID="35102723" OBJECTID="58954818" OBJECTGUID="624f38b5-2eb3-4cfa-a079-045047ad294d" CHANGEID="88095512" NUMBER="26" APARTTYPE="2" OPERTYPEID="10" PREVID="0" NEXTID="111812996" UPDATEDATE="2025-10-01" STARTDATE="1985-05-16" ENDDATE="2025-10-01" ISACTUAL="0" ISACTIVE="0" /><APARTMENT ID="111812997" OBJECTID="58955169" OBJECTGUID="6b9b0a45-ee03-4776-bafc-87290d0e426b" CHANGEID="689786927" NUMBER="70" APARTTYPE="2" OPERTYPEID="30" PREVID="35103004" NEXTID="0" UPDATEDATE="2025-10-01" STARTDATE="2025-10-01" ENDDATE="2079-06-06" ISACTUAL="1" ISACTIVE="0" /><APARTMENT ID="35103004" OBJECTID="58955169" OBJECTGUID="6b9b0a45-ee03-4776-bafc-87290d0e426b" CHANGEID="88095976" NUMBER="70" APARTTYPE="2" OPERTYPEID="10" PREVID="0" NEXTID="111812997" UPDATEDATE="2025-10-01" STARTDATE="1985-05-16" ENDDATE="2025-10-01" ISACTUAL="0" ISACTIVE="0" /><APARTMENT ID="111812998" OBJECTID="58955465" OBJECTGUID="84cba1d9-c570-415c-bd16-5fe03e7f7df3" CHANGEID="689786928" NUMBER="54" APARTTYPE="2" OPERTYPEID="30" PREVID="35103240" NEXTID="0" UPDATEDATE="2025-10-01" STARTDATE="2025-10-01" ENDDATE="2079-06-06" ISACTUAL="1" ISACTIVE="0" /><APARTMENT ID="35103240" OBJECTID="58955465" OBJECTGUID="84cba1d9-c570-415c-bd16-5fe03e7f7df3" CHANGEID="88096338" NUMBER="54" APARTTYPE="2" OPERTYPEID="10" PREVID="0" NEXTID="111812998" UPDATEDATE="2025-10-01" STARTDATE="1985-05-16" ENDDATE="2025-10-01" ISACTUAL="0" ISACTIVE="0" /><APARTMENT ID="111812999" OBJECTID="58955490" OBJECTGUID="8518837e-4a04-43a0-bb80-d3485dca6f48" CHANGEID="689786929" NUMBER="42" APARTTYPE="2" OPERTYPEID="30" PREVID="35103263" NEXTID="0" UPDATEDATE="2025-10-01" STARTDATE="2025-10-01" ENDDATE="2079-06-06" ISACTUAL="1" ISACTIVE="0" /><APARTMENT ID="35103263" OBJECTID="58955490" OBJECTGUID="8518837e-4a04-43a0-bb80-d3485dca6f48" CHANGEID="88096370" NUMBER="42" APARTTYPE="2" OPERTYPEID="10" PREVID="0" NEXTID="111812999" UPDATEDATE="2025-10-01" STARTDATE="1985-05-16" ENDDATE="2025-10-01" ISACTUAL="0" ISACTIVE="0" /><APARTMENT ID="111813000" OBJECTID="58955717" OBJECTGUID="85c079bc-cde9-4866-b679-47094980ed1c" CHANGEID="689786930" NUMBER="63" APARTTYPE="2" OPERTYPEID="30" PREVID="35103438" NEXTID="0" UPDATEDATE="2025-10-01" STARTDATE="2025-10-01" ENDDATE="2079-06-06" ISACTUAL="1" ISACTIVE="0" /><APARTMENT ID="35103438" OBJECTID="58955717" OBJECTGUID="85c079bc-cde9-4866-b679-47094980ed1c" CHANGEID="88096715" NUMBER="63" APARTTYPE="2" OPERTYPEID="10" PREVID="0" NEXTID="111813000" UPDATEDATE="2025-10-01" STARTDATE="1985-05-16" ENDDATE="2025-10-01" ISACTUAL="0" ISACTIVE="0" /><APARTMENT ID="111813001" OBJECTID="58956101" OBJECTGUID="87547f75-66d1-4b0d-8012-34227e5e4b6a" CHANGEID="689786931" NUMBER="29" APARTTYPE="2" OPERTYPEID="30" PREVID="35103734" NEXTID="0" UPDATEDATE="2025-10-01" STARTDATE="2025-10-01" ENDDATE="2079-06-06" ISACTUAL="1" ISACTIVE="0" /><APARTMENT ID="35103734" OBJECTID="58956101" OBJECTGUID="87547f75-66d1-4b0d-8012-34227e5e4b6a" CHANGEID="88097227" NUMBER="29" APARTTYPE="2" OPERTYPEID="10" PREVID="0" NEXTID="111813001" UPDATEDATE="2025-10-01" STARTDATE="1985-05-16" ENDDATE="2025-10-01" ISACTUAL="0" ISACTIVE="0" /><APARTMENT ID="111813002" OBJECTID="58956107" OBJECTGUID="8979a01a-c501-4848-a8ae-ae71caaa1eee" CHANGEID="689786932" NUMBER="60" APARTTYPE="2" OPERTYPEID="30" PREVID="35103739" NEXTID="0" UPDATEDATE="2025-10-01" STARTDATE="2025-10-01" ENDDATE="2079-06-06" ISACTUAL="1" ISACTIVE="0" /><APARTMENT ID="35103739" OBJECTID="58956107" OBJECTGUID="8979a01a-c501-4848-a8ae-ae71caaa1eee" CHANGEID="88097234" NUMBER="60" APARTTYPE="2" OPERTYPEID="10" PREVID="0" NEXTID="111813002" UPDATEDATE="2025-10-01" STARTDATE="1985-05-16" ENDDATE="2025-10-01" ISACTUAL="0" ISACTIVE="0" /><APARTMENT ID="111813003" OBJECTID="58956120" OBJECTGUID="946aa663-c59d-4a51-bece-f78427734c5c" CHANGEID="689786933" NUMBER="44" APARTTYPE="2" OPERTYPEID="30" PREVID="35103748" NEXTID="0" UPDATEDATE="2025-10-01" STARTDATE="2025-10-01" ENDDATE="2079-06-06" ISACTUAL="1" ISACTIVE="0" /><APARTMENT ID="35103748" OBJECTID="58956120" OBJECTGUID="946aa663-c59d-4a51-bece-f78427734c5c" CHANGEID="88097251" NUMBER="44" APARTTYPE="2" OPERTYPEID="10" PREVID="0" NEXTID="111813003" UPDATEDATE="2025-10-01" STARTDATE="1985-05-16" ENDDATE="2025-10-01" ISACTUAL="0" ISACTIVE="0" /><APARTMENT ID="111813004" OBJECTID="58956378" OBJECTGUID="9d2e38df-7d71-4ce2-910b-4973236ebcc6" CHANGEID="689786934" NUMBER="59" APARTTYPE="2" OPERTYPEID="30" PREVID="35103932" NEXTID="0" UPDATEDATE="2025-10-01" STARTDATE="2025-10-01" ENDDATE="2079-06-06" ISACTUAL="1" ISACTIVE="0" /><APARTMENT ID="35103932" OBJECTID="58956378" OBJECTGUID="9d2e38df-7d71-4ce2-910b-4973236ebcc6" CHANGEID="88097609" NUMBER="59" APARTTYPE="2" OPERTYPEID="10" PREVID="0" NEXTID="111813004" UPDATEDATE="2025-10-01" STARTDATE="1985-05-16" ENDDATE="2025-10-01" ISACTUAL="0" ISACTIVE="0" /><APARTMENT ID="111813005" OBJECTID="58956384" OBJECTGUID="a14ced81-28b0-48d3-8abb-4ca6d27f966e" CHANGEID="689786935" NUMBER="69" APARTTYPE="2" OPERTYPEID="30" PREVID="35103938" NEXTID="0" UPDATEDATE="2025-10-01" STARTDATE="2025-10-01" ENDDATE="2079-06-06" ISACTUAL="1" ISACTIVE="0" /><APARTMENT ID="35103938" OBJECTID="58956384" OBJECTGUID="a14ced81-28b0-48d3-8abb-4ca6d27f966e" CHANGEID="88097618" NUMBER="69" APARTTYPE="2" OPERTYPEID="10" PREVID="0" NEXTID="111813005" UPDATEDATE="2025-10-01" STARTDATE="1985-05-16" ENDDATE="2025-10-01" ISACTUAL="0" ISACTIVE="0" /><APARTMENT ID="111813006" OBJECTID="58956388" OBJECTGUID="a3698639-4170-4480-8a90-9882a4a3e193" CHANGEID="689786936" NUMBER="30" APARTTYPE="2" OPERTYPEID="30" PREVID="35103942" NEXTID="0" UPDATEDATE="2025-10-01" STARTDATE="2025-10-01" ENDDATE="2079-06-06" ISACTUAL="1" ISACTIVE="0" /><APARTMENT ID="35103942" OBJECTID="58956388" OBJECTGUID="a3698639-4170-4480-8a90-9882a4a3e193" CHANGEID="88097625" NUMBER="30" APARTTYPE="2" OPERTYPEID="10" PREVID="0" NEXTID="111813006" UPDATEDATE="2025-10-01" STARTDATE="1985-05-16" ENDDATE="2025-10-01" ISACTUAL="0" ISACTIVE="0" /><APARTMENT ID="111813007" OBJECTID="58956722" OBJECTGUID="b5feddfc-f5ad-4058-8c93-f4d0c978e137" CHANGEID="689786937" NUMBER="32" APARTTYPE="2" OPERTYPEID="30" PREVID="35104236" NEXTID="0" UPDATEDATE="2025-10-01" STARTDATE="2025-10-01" ENDDATE="2079-06-06" ISACTUAL="1" ISACTIVE="0" /><APARTMENT ID="35104236" OBJECTID="58956722" OBJECTGUID="b5feddfc-f5ad-4058-8c93-f4d0c978e137" CHANGEID="88098054" NUMBER="32" APARTTYPE="2" OPERTYPEID="10" PREVID="0" NEXTID="111813007" UPDATEDATE="2025-10-01" STARTDATE="1985-05-16" ENDDATE="2025-10-01" ISACTUAL="0" ISACTIVE="0" /><APARTMENT ID="111813008" OBJECTID="58957491" OBJECTGUID="c6fbcea9-d8c2-4f22-a48a-216270cdd96e" CHANGEID="689786938" NUMBER="67" APARTTYPE="2" OPERTYPEID="30" PREVID="35104761" NEXTID="0" UPDATEDATE="2025-10-01" STARTDATE="2025-10-01" ENDDATE="2079-06-06" ISACTUAL="1" ISACTIVE="0" /><APARTMENT ID="35104761" OBJECTID="58957491" OBJECTGUID="c6fbcea9-d8c2-4f22-a48a-216270cdd96e" CHANGEID="88099084" NUMBER="67" APARTTYPE="2" OPERTYPEID="10" PREVID="0" NEXTID="111813008" UPDATEDATE="2025-10-01" STARTDATE="1985-05-16" ENDDATE="2025-10-01" ISACTUAL="0" ISACTIVE="0" /><APARTMENT ID="111813009" OBJECTID="58957509" OBJECTGUID="d3101150-3b0a-47c5-8259-42e49bd0dd8a" CHANGEID="689786939" NUMBER="47" APARTTYPE="2" OPERTYPEID="30" PREVID="35104779" NEXTID="0" UPDATEDATE="2025-10-01" STARTDATE="2025-10-01" ENDDATE="2079-06-06" ISACTUAL="1" ISACTIVE="0" /><APARTMENT ID="35104779" OBJECTID="58957509" OBJECTGUID="d3101150-3b0a-47c5-8259-42e49bd0dd8a" CHANGEID="88099113" NUMBER="47" APARTTYPE="2" OPERTYPEID="10" PREVID="0" NEXTID="111813009" UPDATEDATE="2025-10-01" STARTDATE="1985-05-16" ENDDATE="2025-10-01" ISACTUAL="0" ISACTIVE="0" /><APARTMENT ID="111813010" OBJECTID="58957535" OBJECTGUID="d3553bed-6bb4-4922-83e5-075c5d1400ab" CHANGEID="689786940" NUMBER="33" APARTTYPE="2" OPERTYPEID="30" PREVID="35104805" NEXTID="0" UPDATEDATE="2025-10-01" STARTDATE="2025-10-01" ENDDATE="2079-06-06" ISACTUAL="1" ISACTIVE="0" /><APARTMENT ID="35104805" OBJECTID="58957535" OBJECTGUID="d3553bed-6bb4-4922-83e5-075c5d1400ab" CHANGEID="88099158" NUMBER="33" APARTTYPE="2" OPERTYPEID="10" PREVID="0" NEXTID="111813010" UPDATEDATE="2025-10-01" STARTDATE="1985-05-16" ENDDATE="2025-10-01" ISACTUAL="0" ISACTIVE="0" /><APARTMENT ID="111813011" OBJECTID="58957626" OBJECTGUID="ddde0471-a365-42a7-9ac6-35354337b124" CHANGEID="689786941" NUMBER="62" APARTTYPE="2" OPERTYPEID="30" PREVID="35104897" NEXTID="0" UPDATEDATE="2025-10-01" STARTDATE="2025-10-01" ENDDATE="2079-06-06" ISACTUAL="1" ISACTIVE="0" /><APARTMENT ID="35104897" OBJECTID="58957626" OBJECTGUID="ddde0471-a365-42a7-9ac6-35354337b124" CHANGEID="88099290" NUMBER="62" APARTTYPE="2" OPERTYPEID="10" PREVID="0" NEXTID="111813011" UPDATEDATE="2025-10-01" STARTDATE="1985-05-16" ENDDATE="2025-10-01" ISACTUAL="0" ISACTIVE="0" /><APARTMENT ID="111813012" OBJECTID="58957929" OBJECTGUID="e027d8e7-a0b0-4646-b628-d775f9c92fd4" CHANGEID="689786942" NUMBER="24" APARTTYPE="2" OPERTYPEID="30" PREVID="35105098" NEXTID="0" UPDATEDATE="2025-10-01" STARTDATE="2025-10-01" ENDDATE="2079-06-06" ISACTUAL="1" ISACTIVE="0" /><APARTMENT ID="35105098" OBJECTID="58957929" OBJECTGUID="e027d8e7-a0b0-4646-b628-d775f9c92fd4" CHANGEID="88099682" NUMBER="24" APARTTYPE="2" OPERTYPEID="10" PREVID="0" NEXTID="111813012" UPDATEDATE="2025-10-01" STARTDATE="1985-05-16" ENDDATE="2025-10-01" ISACTUAL="0" ISACTIVE="0" /><APARTMENT ID="111813013" OBJECTID="58957937" OBJECTGUID="e40535cd-dea7-4b62-b5b8-203d4ebcaa1d" CHANGEID="689786943" NUMBER="36" APARTTYPE="2" OPERTYPEID="30" PREVID="35105101" NEXTID="0" UPDATEDATE="2025-10-01" STARTDATE="2025-10-01" ENDDATE="2079-06-06" ISACTUAL="1" ISACTIVE="0" /><APARTMENT ID="35105101" OBJECTID="58957937" OBJECTGUID="e40535cd-dea7-4b62-b5b8-203d4ebcaa1d" CHANGEID="88099693" NUMBER="36" APARTTYPE="2" OPERTYPEID="10" PREVID="0" NEXTID="111813013" UPDATEDATE="2025-10-01" STARTDATE="1985-05-16" ENDDATE="2025-10-01" ISACTUAL="0" ISACTIVE="0" /><APARTMENT ID="111813014" OBJECTID="58957957" OBJECTGUID="e83be3e3-e8ca-420d-a9e1-91ad4517b53f" CHANGEID="689786944" NUMBER="41" APARTTYPE="2" OPERTYPEID="30" PREVID="35105117" NEXTID="0" UPDATEDATE="2025-10-01" STARTDATE="2025-10-01" ENDDATE="2079-06-06" ISACTUAL="1" ISACTIVE="0" /><APARTMENT ID="35105117" OBJECTID="58957957" OBJECTGUID="e83be3e3-e8ca-420d-a9e1-91ad4517b53f" CHANGEID="88099719" NUMBER="41" APARTTYPE="2" OPERTYPEID="10" PREVID="0" NEXTID="111813014" UPDATEDATE="2025-10-01" STARTDATE="1985-05-16" ENDDATE="2025-10-01" ISACTUAL="0" ISACTIVE="0" /><APARTMENT ID="111813015" OBJECTID="58958255" OBJECTGUID="ecbe4ca0-1fed-42c0-8fea-4b81fe695a31" CHANGEID="689786945" NUMBER="22" APARTTYPE="2" OPERTYPEID="30" PREVID="35105301" NEXTID="0" UPDATEDATE="2025-10-01" STARTDATE="2025-10-01" ENDDATE="2079-06-06" ISACTUAL="1" ISACTIVE="0" /><APARTMENT ID="35105301" OBJECTID="58958255" OBJECTGUID="ecbe4ca0-1fed-42c0-8fea-4b81fe695a31" CHANGEID="88100126" NUMBER="22" APARTTYPE="2" OPERTYPEID="10" PREVID="0" NEXTID="111813015" UPDATEDATE="2025-10-01" STARTDATE="1985-05-16" ENDDATE="2025-10-01" ISACTUAL="0" ISACTIVE="0" /><APARTMENT ID="111813016" OBJECTID="58958373" OBJECTGUID="f1b1ecd7-bbe0-464f-9a27-2ed5228b93be" CHANGEID="689786946" NUMBER="55" APARTTYPE="2" OPERTYPEID="30" PREVID="35105405" NEXTID="0" UPDATEDATE="2025-10-01" STARTDATE="2025-10-01" ENDDATE="2079-06-06" ISACTUAL="1" ISACTIVE="0" /><APARTMENT ID="35105405" OBJECTID="58958373" OBJECTGUID="f1b1ecd7-bbe0-464f-9a27-2ed5228b93be" CHANGEID="88100305" NUMBER="55" APARTTYPE="2" OPERTYPEID="10" PREVID="0" NEXTID="111813016" UPDATEDATE="2025-10-01" STARTDATE="1985-05-16" ENDDATE="2025-10-01" ISACTUAL="0" ISACTIVE="0" /><APARTMENT ID="111813017" OBJECTID="58958670" OBJECTGUID="f6862003-7ff3-49f1-b028-0ec06d6338fd" CHANGEID="689786947" NUMBER="51" APARTTYPE="2" OPERTYPEID="30" PREVID="35105539" NEXTID="0" UPDATEDATE="2025-10-01" STARTDATE="2025-10-01" ENDDATE="2079-06-06" ISACTUAL="1" ISACTIVE="0" /><APARTMENT ID="35105539" OBJECTID="58958670" OBJECTGUID="f6862003-7ff3-49f1-b028-0ec06d6338fd" CHANGEID="88100758" NUMBER="51" APARTTYPE="2" OPERTYPEID="10" PREVID="0" NEXTID="111813017" UPDATEDATE="2025-10-01" STARTDATE="1985-05-16" ENDDATE="2025-10-01" ISACTUAL="0" ISACTIVE="0" /><APARTMENT ID="111813018" OBJECTID="58958721" OBJECTGUID="f6bc5b48-f4d1-468e-8281-1641b5a4fb54" CHANGEID="689786948" NUMBER="61" APARTTYPE="2" OPERTYPEID="30" PREVID="35105575" NEXTID="0" UPDATEDATE="2025-10-01" STARTDATE="2025-10-01" ENDDATE="2079-06-06" ISACTUAL="1" ISACTIVE="0" /><APARTMENT ID="35105575" OBJECTID="58958721" OBJECTGUID="f6bc5b48-f4d1-468e-8281-1641b5a4fb54" CHANGEID="88100837" NUMBER="61" APARTTYPE="2" OPERTYPEID="10" PREVID="0" NEXTID="111813018" UPDATEDATE="2025-10-01" STARTDATE="1985-05-16" ENDDATE="2025-10-01" ISACTUAL="0" ISACTIVE="0" /><APARTMENT ID="111813019" OBJECTID="58958915" OBJECTGUID="fe67c02f-7e61-4e07-ae79-7b0d0012b792" CHANGEID="689786949" NUMBER="46" APARTTYPE="2" OPERTYPEID="30" PREVID="35105678" NEXTID="0" UPDATEDATE="2025-10-01" STARTDATE="2025-10-01" ENDDATE="2079-06-06" ISACTUAL="1" ISACTIVE="0" /><APARTMENT ID="35105678" OBJECTID="58958915" OBJECTGUID="fe67c02f-7e61-4e07-ae79-7b0d0012b792" CHANGEID="88101094" NUMBER="46" APARTTYPE="2" OPERTYPEID="10" PREVID="0" NEXTID="111813019" UPDATEDATE="2025-10-01" STARTDATE="1985-05-16" ENDDATE="2025-10-01" ISACTUAL="0" ISACTIVE="0" /><APARTMENT ID="111814195" OBJECTID="58910800" OBJECTGUID="5aecb314-0f81-4670-ad38-84c9ca4eaa47" CHANGEID="689792699" NUMBER="80" APARTTYPE="2" OPERTYPEID="30" PREVID="35072627" NEXTID="0" UPDATEDATE="2025-10-01" STARTDATE="2025-10-01" ENDDATE="2079-06-06" ISACTUAL="1" ISACTIVE="0" /><APARTMENT ID="35072627" OBJECTID="58910800" OBJECTGUID="5aecb314-0f81-4670-ad38-84c9ca4eaa47" CHANGEID="88034512" NUMBER="80" APARTTYPE="2" OPERTYPEID="10" PREVID="0" NEXTID="111814195" UPDATEDATE="2025-10-01" STARTDATE="1985-05-16" ENDDATE="2025-10-01" ISACTUAL="0" ISACTIVE="0" /><APARTMENT ID="111814196" OBJECTID="58910954" OBJECTGUID="74312d8b-d802-4278-82a0-72b23ea646a4" CHANGEID="689792700" NUMBER="81" APARTTYPE="2" OPERTYPEID="30" PREVID="35072779" NEXTID="0" UPDATEDATE="2025-10-01" STARTDATE="2025-10-01" ENDDATE="2079-06-06" ISACTUAL="1" ISACTIVE="0" /><APARTMENT ID="35072779" OBJECTID="58910954" OBJECTGUID="74312d8b-d802-4278-82a0-72b23ea646a4" CHANGEID="88034677" NUMBER="81" APARTTYPE="2" OPERTYPEID="10" PREVID="0" NEXTID="111814196" UPDATEDATE="2025-10-01" STARTDATE="1985-05-16" ENDDATE="2025-10-01" ISACTUAL="0" ISACTIVE="0" /><APARTMENT ID="111814197" OBJECTID="58911118" OBJECTGUID="a3ac3c78-c4fd-4819-9cba-ddd7f0aad152" CHANGEID="689792701" NUMBER="82" APARTTYPE="2" OPERTYPEID="30" PREVID="35072946" NEXTID="0" UPDATEDATE="2025-10-01" STARTDATE="2025-10-01" ENDDATE="2079-06-06" ISACTUAL="1" ISACTIVE="0" /><APARTMENT ID="35072946" OBJECTID="58911118" OBJECTGUID="a3ac3c78-c4fd-4819-9cba-ddd7f0aad152" CHANGEID="88034856" NUMBER="82" APARTTYPE="2" OPERTYPEID="10" PREVID="0" NEXTID="111814197" UPDATEDATE="2025-10-01" STARTDATE="1985-05-16" ENDDATE="2025-10-01" ISACTUAL="0" ISACTIVE="0" /><APARTMENT ID="111814198" OBJECTID="58709663" OBJECTGUID="6c6a5478-8b92-4b29-844e-c08c9c01e008" CHANGEID="689792716" NUMBER="6" APARTTYPE="1" OPERTYPEID="30" PREVID="34955388" NEXTID="0" UPDATEDATE="2025-10-01" STARTDATE="2025-10-01" ENDDATE="2079-06-06" ISACTUAL="1" ISACTIVE="0" /><APARTMENT ID="111814199" OBJECTID="58776643" OBJECTGUID="d1677537-7f58-429d-ac44-c952ed623bd1" CHANGEID="689792718" NUMBER="22" APARTTYPE="2" OPERTYPEID="30" PREVID="34990768" NEXTID="0" UPDATEDATE="2025-10-01" STARTDATE="2025-10-01" ENDDATE="2079-06-06" ISACTUAL="1" ISACTIVE="0" /><APARTMENT ID="34990768" OBJECTID="58776643" OBJECTGUID="d1677537-7f58-429d-ac44-c952ed623bd1" CHANGEID="87838007" NUMBER="22" APARTTYPE="2" OPERTYPEID="10" PREVID="0" NEXTID="111814199" UPDATEDATE="2025-10-01" STARTDATE="2017-05-29" ENDDATE="2025-10-01" ISACTUAL="0" ISACTIVE="0" /><APARTMENT ID="111814202" OBJECTID="6991950" OBJECTGUID="064c7843-554e-42ae-928b-2fd82f1be1c5" CHANGEID="689792727" NUMBER="46" APARTTYPE="2" OPERTYPEID="30" PREVID="3388958" NEXTID="0" UPDATEDATE="2025-10-01" STARTDATE="2025-10-01" ENDDATE="2079-06-06" ISACTUAL="1" ISACTIVE="0" /><APARTMENT ID="3388958" OBJECTID="6991950" OBJECTGUID="064c7843-554e-42ae-928b-2fd82f1be1c5" CHANGEID="12107384" NUMBER="46" APARTTYPE="2" OPERTYPEID="10" PREVID="0" NEXTID="111814202" UPDATEDATE="2025-10-01" STARTDATE="1985-05-16" ENDDATE="2025-10-01" ISACTUAL="0" ISACTIVE="0" /><APARTMENT ID="111814203" OBJECTID="6992078" OBJECTGUID="37551b55-ff4e-401a-ab5a-e34fb8dadce6" CHANGEID="689792728" NUMBER="48" APARTTYPE="2" OPERTYPEID="30" PREVID="3389063" NEXTID="0" UPDATEDATE="2025-10-01" STARTDATE="2025-10-01" ENDDATE="2079-06-06" ISACTUAL="1" ISACTIVE="0" /><APARTMENT ID="3389063" OBJECTID="6992078" OBJECTGUID="37551b55-ff4e-401a-ab5a-e34fb8dadce6" CHANGEID="12107580" NUMBER="48" APARTTYPE="2" OPERTYPEID="10" PREVID="0" NEXTID="111814203" UPDATEDATE="2025-10-01" STARTDATE="1985-05-16" ENDDATE="2025-10-01" ISACTUAL="0" ISACTIVE="0" /><APARTMENT ID="111814204" OBJECTID="6997916" OBJECTGUID="e368c4fa-8e60-47eb-a79b-052f2ef9dc4f" CHANGEID="689792729" NUMBER="47" APARTTYPE="2" OPERTYPEID="30" PREVID="3392499" NEXTID="0" UPDATEDATE="2025-10-01" STARTDATE="2025-10-01" ENDDATE="2079-06-06" ISACTUAL="1" ISACTIVE="0" /><APARTMENT ID="3392499" OBJECTID="6997916" OBJECTGUID="e368c4fa-8e60-47eb-a79b-052f2ef9dc4f" CHANGEID="12116148" NUMBER="47" APARTTYPE="2" OPERTYPEID="10" PREVID="0" NEXTID="111814204" UPDATEDATE="2025-10-01" STARTDATE="1985-05-16" ENDDATE="2025-10-01" ISACTUAL="0" ISACTIVE="0" /><APARTMENT ID="111814205" OBJECTID="39732271" OBJECTGUID="fc10eb4d-fd80-4872-bc24-1fdb501a0e58" CHANGEID="689792733" NUMBER="1" APARTTYPE="2" OPERTYPEID="30" PREVID="23216050" NEXTID="0" UPDATEDATE="2025-10-01" STARTDATE="2025-10-01" ENDDATE="2079-06-06" ISACTUAL="1" ISACTIVE="0" /><APARTMENT ID="111814206" OBJECTID="32653432" OBJECTGUID="7476bc5f-0d74-4a72-8ead-24912c5f35ce" CHANGEID="689792735" NUMBER="81" APARTTYPE="2" OPERTYPEID="30" PREVID="18913564" NEXTID="0" UPDATEDATE="2025-10-01" STARTDATE="2025-10-01" ENDDATE="2079-06-06" ISACTUAL="1" ISACTIVE="0" /><APARTMENT ID="18913564" OBJECTID="32653432" OBJECTGUID="7476bc5f-0d74-4a72-8ead-24912c5f35ce" CHANGEID="49818849" NUMBER="81" APARTTYPE="2" OPERTYPEID="10" PREVID="0" NEXTID="111814206" UPDATEDATE="2025-10-01" STARTDATE="2017-06-29" ENDDATE="2025-10-01" ISACTUAL="0" ISACTIVE="0" /><APARTMENT ID="111814207" OBJECTID="32702464" OBJECTGUID="99ac4e9a-5a47-45d7-9880-b7b42ac8eb1b" CHANGEID="689792741" NUMBER="81" APARTTYPE="2" OPERTYPEID="30" PREVID="18940913" NEXTID="0" UPDATEDATE="2025-10-01" STARTDATE="2025-10-01" ENDDATE="2079-06-06" ISACTUAL="1" ISACTIVE="0" /><APARTMENT ID="18940913" OBJECTID="32702464" OBJECTGUID="99ac4e9a-5a47-45d7-9880-b7b42ac8eb1b" CHANGEID="49893331" NUMBER="81" APARTTYPE="2" OPERTYPEID="10" PREVID="0" NEXTID="111814207" UPDATEDATE="2025-10-01" STARTDATE="2019-02-06" ENDDATE="2025-10-01" ISACTUAL="0" ISACTIVE="0" /><APARTMENT ID="111814208" OBJECTID="32715601" OBJECTGUID="8903e5c3-86f3-400d-a6da-9c6ef7edec79" CHANGEID="689792743" NUMBER="78" APARTTYPE="2" OPERTYPEID="30" PREVID="18948837" NEXTID="0" UPDATEDATE="2025-10-01" STARTDATE="2025-10-01" ENDDATE="2079-06-06" ISACTUAL="1" ISACTIVE="0" /><APARTMENT ID="18948837" OBJECTID="32715601" OBJECTGUID="8903e5c3-86f3-400d-a6da-9c6ef7edec79" CHANGEID="49912881" NUMBER="78" APARTTYPE="2" OPERTYPEID="10" PREVID="0" NEXTID="111814208" UPDATEDATE="2025-10-01" STARTDATE="2017-06-29" ENDDATE="2025-10-01" ISACTUAL="0" ISACTIVE="0" /><APARTMENT ID="111814209" OBJECTID="32635276" OBJECTGUID="3472f4e6-b73d-4222-9d6e-d0ef06ca62ab" CHANGEID="689792745" NUMBER="78" APARTTYPE="2" OPERTYPEID="30" PREVID="18902745" NEXTID="0" UPDATEDATE="2025-10-01" STARTDATE="2025-10-01" ENDDATE="2079-06-06" ISACTUAL="1" ISACTIVE="0" /><APARTMENT ID="18902745" OBJECTID="32635276" OBJECTGUID="3472f4e6-b73d-4222-9d6e-d0ef06ca62ab" CHANGEID="49792564" NUMBER="78" APARTTYPE="2" OPERTYPEID="10" PREVID="0" NEXTID="111814209" UPDATEDATE="2025-10-01" STARTDATE="2017-06-29" ENDDATE="2025-10-01" ISACTUAL="0" ISACTIVE="0" /><APARTMENT ID="111814200" OBJECTID="58951514" OBJECTGUID="80622b51-92c5-4e59-b481-afd321766f1d" CHANGEID="689792721" NUMBER="79" APARTTYPE="2" OPERTYPEID="30" PREVID="35100516" NEXTID="0" UPDATEDATE="2025-10-01" STARTDATE="2025-10-01" ENDDATE="2079-06-06" ISACTUAL="1" ISACTIVE="0" /><APARTMENT ID="35100516" OBJECTID="58951514" OBJECTGUID="80622b51-92c5-4e59-b481-afd321766f1d" CHANGEID="88090945" NUMBER="79" APARTTYPE="2" OPERTYPEID="10" PREVID="0" NEXTID="111814200" UPDATEDATE="2025-10-01" STARTDATE="2017-05-29" ENDDATE="2025-10-01" ISACTUAL="0" ISACTIVE="0" /><APARTMENT ID="111814201" OBJECTID="58951562" OBJECTGUID="918d17cf-4730-4403-bcaf-2924f7082aa2" CHANGEID="689792722" NUMBER="80" APARTTYPE="2" OPERTYPEID="30" PREVID="35100559" NEXTID="0" UPDATEDATE="2025-10-01" STARTDATE="2025-10-01" ENDDATE="2079-06-06" ISACTUAL="1" ISACTIVE="0" /><APARTMENT ID="35100559" OBJECTID="58951562" OBJECTGUID="918d17cf-4730-4403-bcaf-2924f7082aa2" CHANGEID="88091000" NUMBER="80" APARTTYPE="2" OPERTYPEID="10" PREVID="0" NEXTID="111814201" UPDATEDATE="2025-10-01" STARTDATE="2017-05-29" ENDDATE="2025-10-01" ISACTUAL="0" ISACTIVE="0" /><APARTMENT ID="111814330" OBJECTID="174979024" OBJECTGUID="27d5dbe5-a0ed-4230-a722-20e7d3ed0a8d" CHANGEID="689794106" NUMBER="1Н" APARTTYPE="1" OPERTYPEID="10" PREVID="0" NEXTID="0" UPDATEDATE="2025-10-01" STARTDATE="2025-10-01" ENDDATE="2079-06-06" ISACTUAL="1" ISACTIVE="1" /><APARTMENT ID="111815194" OBJECTID="174982294" OBJECTGUID="dbcacaf4-5ac9-41a4-a312-d1c88cc065d6" CHANGEID="689801161" NUMBER="2" APARTTYPE="2" OPERTYPEID="10" PREVID="0" NEXTID="0" UPDATEDATE="2025-10-01" STARTDATE="2025-10-01" ENDDATE="2079-06-06" ISACTUAL="1" ISACTIVE="1" /><APARTMENT ID="111815195" OBJECTID="174982295" OBJECTGUID="2ce1e9f1-db13-44c0-afc8-29c500acd52f" CHANGEID="689801165" NUMBER="1" APARTTYPE="2" OPERTYPEID="10" PREVID="0" NEXTID="0" UPDATEDATE="2025-10-01" STARTDATE="2025-10-01" ENDDATE="2079-06-06" ISACTUAL="1" ISACTIVE="1" /><APARTMENT ID="111816415" OBJECTID="174985988" OBJECTGUID="8e3e6f75-fb38-4e14-bb8b-877a5b7883b8" CHANGEID="689809510" NUMBER="1" APARTTYPE="2" OPERTYPEID="10" PREVID="0" NEXTID="0" UPDATEDATE="2025-10-01" STARTDATE="2025-10-01" ENDDATE="2079-06-06" ISACTUAL="1" ISACTIVE="1" /><APARTMENT ID="111816416" OBJECTID="174985989" OBJECTGUID="a04b7ed0-f03a-4b26-af21-040f1641c240" CHANGEID="689809511" NUMBER="2" APARTTYPE="2" OPERTYPEID="10" PREVID="0" NEXTID="0" UPDATEDATE="2025-10-01" STARTDATE="2025-10-01" ENDDATE="2079-06-06" ISACTUAL="1" ISACTIVE="1" /><APARTMENT ID="111816417" OBJECTID="174985995" OBJECTGUID="2e70bbd7-6457-4155-8206-0c9f7b724b42" CHANGEID="689809521" NUMBER="3" APARTTYPE="2" OPERTYPEID="10" PREVID="0" NEXTID="0" UPDATEDATE="2025-10-01" STARTDATE="2025-10-01" ENDDATE="2079-06-06" ISACTUAL="1" ISACTIVE="1" /><APARTMENT ID="111816418" OBJECTID="174985996" OBJECTGUID="498112ac-500b-4726-b717-76d979dcf640" CHANGEID="689809522" NUMBER="4" APARTTYPE="2" OPERTYPEID="10" PREVID="0" NEXTID="0" UPDATEDATE="2025-10-01" STARTDATE="2025-10-01" ENDDATE="2079-06-06" ISACTUAL="1" ISACTIVE="1" /><APARTMENT ID="111816787" OBJECTID="174987378" OBJECTGUID="e7491609-055d-4967-bd2e-3c8b167074ae" CHANGEID="689811603" NUMBER="78" APARTTYPE="2" OPERTYPEID="10" PREVID="0" NEXTID="0" UPDATEDATE="2025-10-01" STARTDATE="2025-10-01" ENDDATE="2079-06-06" ISACTUAL="1" ISACTIVE="1" /><APARTMENT ID="111816808" OBJECTID="174987416" OBJECTGUID="ddf1f047-b012-4c3d-b195-3cdf6719f927" CHANGEID="689811644" NUMBER="75" APARTTYPE="2" OPERTYPEID="10" PREVID="0" NEXTID="0" UPDATEDATE="2025-10-01" STARTDATE="2025-10-01" ENDDATE="2079-06-06" ISACTUAL="1" ISACTIVE="1" /><APARTMENT ID="111817451" OBJECTID="35815051" OBJECTGUID="c4277d39-f4f9-4175-b244-671c003e581b" CHANGEID="689813230" NUMBER="2" APARTTYPE="2" OPERTYPEID="30" PREVID="20868702" NEXTID="0" UPDATEDATE="2025-10-01" STARTDATE="2025-10-01" ENDDATE="2079-06-06" ISACTUAL="1" ISACTIVE="0" /><APARTMENT ID="111818212" OBJECTID="174990205" OBJECTGUID="c9a3a7b0-e665-4f86-9fff-dd88c508d33c" CHANGEID="689816756" NUMBER="1" APARTTYPE="2" OPERTYPEID="10" PREVID="0" NEXTID="0" UPDATEDATE="2025-10-01" STARTDATE="2025-10-01" ENDDATE="2079-06-06" ISACTUAL="1" ISACTIVE="1" /><APARTMENT ID="111818654" OBJECTID="174991575" OBJECTGUID="dd736b4b-0579-4640-90c9-86990e2b31ad" CHANGEID="689819259" NUMBER="2" APARTTYPE="2" OPERTYPEID="10" PREVID="0" NEXTID="0" UPDATEDATE="2025-10-01" STARTDATE="2025-10-01" ENDDATE="2079-06-06" ISACTUAL="1" ISACTIVE="1" /><APARTMENT ID="111818774" OBJECTID="174991902" OBJECTGUID="e400e7ea-9510-4594-b69d-aba12ceae15d" CHANGEID="689819863" NUMBER="3" APARTTYPE="2" OPERTYPEID="10" PREVID="0" NEXTID="0" UPDATEDATE="2025-10-01" STARTDATE="2025-10-01" ENDDATE="2079-06-06" ISACTUAL="1" ISACTIVE="1" /></APARTMENTS>