﻿<?xml version="1.0" encoding="utf-8"?><REESTR_OBJECTS><OBJECT OBJECTID="95489539" OBJECTGUID="3a1a333a-c431-4528-997e-5b62c81ff44f" CHANGEID="689752711" ISACTIVE="1" LEVELID="10" CREATEDATE="2020-02-06" UPDATEDATE="2025-09-30" /><OBJECT OBJECTID="67079131" OBJECTGUID="35cb3a65-375f-48bc-abbc-35feddae26e7" CHANGEID="689739342" ISACTIVE="1" LEVELID="10" CREATEDATE="2017-12-18" UPDATEDATE="2025-09-30" /><OBJECT OBJECTID="67087456" OBJECTGUID="5fa8f404-3f11-4ff2-b3ab-5f19a55b71b4" CHANGEID="689743276" ISACTIVE="1" LEVELID="10" CREATEDATE="2017-12-18" UPDATEDATE="2025-09-30" /><OBJECT OBJECTID="67086726" OBJECTGUID="25c0286f-38a1-4a38-a471-5e46a77bdb47" CHANGEID="689738110" ISACTIVE="1" LEVELID="10" CREATEDATE="2017-12-18" UPDATEDATE="2025-09-30" /><OBJECT OBJECTID="70210477" OBJECTGUID="41b3e212-edf0-4abf-abcf-b2c6b44ad039" CHANGEID="689741129" ISACTIVE="1" LEVELID="10" CREATEDATE="2019-07-14" UPDATEDATE="2025-09-30" /><OBJECT OBJECTID="60314892" OBJECTGUID="7b41bb4d-7c73-4d8d-9746-09cba087940c" CHANGEID="689798778" ISACTIVE="1" LEVELID="10" CREATEDATE="2017-01-23" UPDATEDATE="2025-10-01" /><OBJECT OBJECTID="38346986" OBJECTGUID="e02a0465-e478-4e2e-afed-16688e790bf6" CHANGEID="689697193" ISACTIVE="1" LEVELID="10" CREATEDATE="2017-12-17" UPDATEDATE="2025-09-29" /><OBJECT OBJECTID="20742717" OBJECTGUID="918abfcf-6b12-4ebf-a0bc-a0759bc39739" CHANGEID="689754867" ISACTIVE="1" LEVELID="10" CREATEDATE="2019-07-14" UPDATEDATE="2025-09-30" /><OBJECT OBJECTID="35838373" OBJECTGUID="618448db-fc4f-4197-8e17-a2059e859b4d" CHANGEID="689729979" ISACTIVE="1" LEVELID="10" CREATEDATE="2019-07-14" UPDATEDATE="2025-09-30" /><OBJECT OBJECTID="32635276" OBJECTGUID="3472f4e6-b73d-4222-9d6e-d0ef06ca62ab" CHANGEID="689792745" ISACTIVE="0" LEVELID="11" CREATEDATE="2017-06-29" UPDATEDATE="2025-10-01" /><OBJECT OBJECTID="32653432" OBJECTGUID="7476bc5f-0d74-4a72-8ead-24912c5f35ce" CHANGEID="689792735" ISACTIVE="0" LEVELID="11" CREATEDATE="2017-06-29" UPDATEDATE="2025-10-01" /><OBJECT OBJECTID="32702464" OBJECTGUID="99ac4e9a-5a47-45d7-9880-b7b42ac8eb1b" CHANGEID="689792741" ISACTIVE="0" LEVELID="11" CREATEDATE="2019-02-06" UPDATEDATE="2025-10-01" /><OBJECT OBJECTID="32715601" OBJECTGUID="8903e5c3-86f3-400d-a6da-9c6ef7edec79" CHANGEID="689792743" ISACTIVE="0" LEVELID="11" CREATEDATE="2017-06-29" UPDATEDATE="2025-10-01" /><OBJECT OBJECTID="35815051" OBJECTGUID="c4277d39-f4f9-4175-b244-671c003e581b" CHANGEID="689813230" ISACTIVE="0" LEVELID="11" CREATEDATE="2019-02-26" UPDATEDATE="2025-10-01" /><OBJECT OBJECTID="35812974" OBJECTGUID="b8b2dd9a-0ddc-4cc2-90e7-043d736ca39d" CHANGEID="689819878" ISACTIVE="1" LEVELID="10" CREATEDATE="2012-03-15" UPDATEDATE="2025-10-01" /><OBJECT OBJECTID="35851375" OBJECTGUID="b3069204-48df-4d8b-9d01-499ba7edacc4" CHANGEID="689801113" ISACTIVE="1" LEVELID="11" CREATEDATE="2017-01-29" UPDATEDATE="2025-10-01" /><OBJECT OBJECTID="42349812" OBJECTGUID="a8191cfb-5505-45d7-8cf5-4d2d67cf95ca" CHANGEID="689690539" ISACTIVE="1" LEVELID="11" CREATEDATE="2019-02-19" UPDATEDATE="2025-09-29" /><OBJECT OBJECTID="67077494" OBJECTGUID="e7bfbcea-3077-4411-8174-1c09cbd61265" CHANGEID="689742465" ISACTIVE="1" LEVELID="10" CREATEDATE="2017-12-17" UPDATEDATE="2025-09-30" /><OBJECT OBJECTID="174019176" OBJECTGUID="5bcc955c-73e0-42cf-aa78-11e8b88762aa" CHANGEID="689699775" ISACTIVE="1" LEVELID="9" CREATEDATE="2025-08-14" UPDATEDATE="2025-09-29" /><OBJECT OBJECTID="54370938" OBJECTGUID="cd216f14-970c-46d1-8fb0-8910439a4c0d" CHANGEID="689639906" ISACTIVE="0" LEVELID="11" CREATEDATE="2019-04-03" UPDATEDATE="2025-09-29" /><OBJECT OBJECTID="54788518" OBJECTGUID="2abfbb7f-3ec3-451a-a1f6-af16690fc82a" CHANGEID="689639914" ISACTIVE="0" LEVELID="11" CREATEDATE="2019-04-03" UPDATEDATE="2025-09-29" /><OBJECT OBJECTID="54789348" OBJECTGUID="66f7a060-34d7-436f-9889-53019383668f" CHANGEID="689639919" ISACTIVE="0" LEVELID="11" CREATEDATE="2019-04-03" UPDATEDATE="2025-09-29" /><OBJECT OBJECTID="55668865" OBJECTGUID="f78246c6-7af5-419c-9f4c-469428bf80e1" CHANGEID="689646267" ISACTIVE="1" LEVELID="10" CREATEDATE="2019-07-14" UPDATEDATE="2025-09-29" /><OBJECT OBJECTID="55819442" OBJECTGUID="18fad83d-ad1e-43ff-b8e7-c66a5fe5a59e" CHANGEID="689798842" ISACTIVE="1" LEVELID="11" CREATEDATE="2017-07-13" UPDATEDATE="2025-10-01" /><OBJECT OBJECTID="173299241" OBJECTGUID="aa775c03-8f17-4a77-800b-d07e10fec871" CHANGEID="689699674" ISACTIVE="1" LEVELID="9" CREATEDATE="2025-07-07" UPDATEDATE="2025-09-29" /><OBJECT OBJECTID="173299242" OBJECTGUID="ba873157-ffe2-4f70-89c5-ec8db32bd93e" CHANGEID="689699679" ISACTIVE="1" LEVELID="9" CREATEDATE="2025-07-07" UPDATEDATE="2025-09-29" /><OBJECT OBJECTID="173299243" OBJECTGUID="7bb5f1a8-cfb7-40fa-8580-12d33150fa32" CHANGEID="689699622" ISACTIVE="1" LEVELID="9" CREATEDATE="2025-07-07" UPDATEDATE="2025-09-29" /><OBJECT OBJECTID="58776643" OBJECTGUID="d1677537-7f58-429d-ac44-c952ed623bd1" CHANGEID="689792718" ISACTIVE="0" LEVELID="11" CREATEDATE="2017-05-29" UPDATEDATE="2025-10-01" /><OBJECT OBJECTID="58957626" OBJECTGUID="ddde0471-a365-42a7-9ac6-35354337b124" CHANGEID="689786941" ISACTIVE="0" LEVELID="11" CREATEDATE="2017-10-06" UPDATEDATE="2025-10-01" /><OBJECT OBJECTID="58951514" OBJECTGUID="80622b51-92c5-4e59-b481-afd321766f1d" CHANGEID="689792721" ISACTIVE="0" LEVELID="11" CREATEDATE="2017-05-29" UPDATEDATE="2025-10-01" /><OBJECT OBJECTID="58956722" OBJECTGUID="b5feddfc-f5ad-4058-8c93-f4d0c978e137" CHANGEID="689786937" ISACTIVE="0" LEVELID="11" CREATEDATE="2017-10-06" UPDATEDATE="2025-10-01" /><OBJECT OBJECTID="58952685" OBJECTGUID="00f2db1a-b39d-4fe9-87ff-d6ec2833b380" CHANGEID="689786914" ISACTIVE="0" LEVELID="11" CREATEDATE="2017-10-06" UPDATEDATE="2025-10-01" /><OBJECT OBJECTID="59429162" OBJECTGUID="e56c1df7-a2d9-476b-a76c-92b424750e8d" CHANGEID="689752817" ISACTIVE="1" LEVELID="11" CREATEDATE="2018-05-24" UPDATEDATE="2025-09-30" /><OBJECT OBJECTID="62445039" OBJECTGUID="2353cf66-a3b4-446c-9006-97575f1541dc" CHANGEID="689819246" ISACTIVE="1" LEVELID="11" CREATEDATE="2019-02-26" UPDATEDATE="2025-10-01" /><OBJECT OBJECTID="66909779" OBJECTGUID="c39345c9-7db5-4741-9552-ab5d953fbc8e" CHANGEID="689742632" ISACTIVE="1" LEVELID="10" CREATEDATE="2017-12-18" UPDATEDATE="2025-09-30" /><OBJECT OBJECTID="66911979" OBJECTGUID="1a954edc-e519-4edf-a47d-49a14e2ec2ea" CHANGEID="689757321" ISACTIVE="1" LEVELID="11" CREATEDATE="2017-07-12" UPDATEDATE="2025-09-30" /><OBJECT OBJECTID="40018517" OBJECTGUID="151b304b-e950-4612-978e-48d94af22fce" CHANGEID="689801580" ISACTIVE="1" LEVELID="10" CREATEDATE="2019-01-25" UPDATEDATE="2025-10-01" /><OBJECT OBJECTID="171679195" OBJECTGUID="61c6f6c7-e229-4849-8dcd-7efe9e902f03" CHANGEID="689699799" ISACTIVE="1" LEVELID="10" CREATEDATE="2025-04-14" UPDATEDATE="2025-09-29" /><OBJECT OBJECTID="77335612" OBJECTGUID="2e04f664-1ccd-4d26-936b-c06789c24e1f" CHANGEID="689798934" ISACTIVE="1" LEVELID="11" CREATEDATE="2019-02-26" UPDATEDATE="2025-10-01" /><OBJECT OBJECTID="77351265" OBJECTGUID="92a0b285-79b5-4c3d-996e-ceafc38de81c" CHANGEID="689790140" ISACTIVE="1" LEVELID="10" CREATEDATE="2019-07-14" UPDATEDATE="2025-10-01" /><OBJECT OBJECTID="78808962" OBJECTGUID="49060c5d-d674-41ae-9e07-7c9e97058f4b" CHANGEID="689756693" ISACTIVE="1" LEVELID="10" CREATEDATE="2017-12-18" UPDATEDATE="2025-09-30" /><OBJECT OBJECTID="172439361" OBJECTGUID="5bb7f54b-0947-4751-abc4-af8f49ba3de3" CHANGEID="689655354" ISACTIVE="1" LEVELID="10" CREATEDATE="2025-05-26" UPDATEDATE="2025-09-29" /><OBJECT OBJECTID="66984811" OBJECTGUID="4de5157c-fbb1-482f-b3e3-2f43024b0d59" CHANGEID="689757271" ISACTIVE="1" LEVELID="11" CREATEDATE="2019-02-04" UPDATEDATE="2025-09-30" /><OBJECT OBJECTID="67079944" OBJECTGUID="9b343988-29ee-4d79-be81-36cea5423d3e" CHANGEID="689743557" ISACTIVE="1" LEVELID="10" CREATEDATE="2017-12-18" UPDATEDATE="2025-09-30" /><OBJECT OBJECTID="171920107" OBJECTGUID="c49c56a5-c0d4-4e9e-8f01-aa2a47841486" CHANGEID="689746291" ISACTIVE="1" LEVELID="10" CREATEDATE="2025-04-24" UPDATEDATE="2025-09-30" /><OBJECT OBJECTID="85677961" OBJECTGUID="de94d926-1b3f-41ad-9832-22bfcddfb473" CHANGEID="689801582" ISACTIVE="1" LEVELID="9" CREATEDATE="2019-01-10" UPDATEDATE="2025-10-01" /><OBJECT OBJECTID="172046291" OBJECTGUID="3daeaa13-5bdf-43d7-a5d9-e9c3b2bc69af" CHANGEID="689699544" ISACTIVE="1" LEVELID="9" CREATEDATE="2025-05-05" UPDATEDATE="2025-09-29" /><OBJECT OBJECTID="161306679" OBJECTGUID="a52c9f05-d431-4fcb-bb28-64ff1e8aa92f" CHANGEID="689739222" ISACTIVE="1" LEVELID="9" CREATEDATE="2023-11-14" UPDATEDATE="2025-09-30" /><OBJECT OBJECTID="159207864" OBJECTGUID="098893c8-8902-4131-b9ce-e4fd77572a9b" CHANGEID="689752713" ISACTIVE="1" LEVELID="10" CREATEDATE="2023-06-22" UPDATEDATE="2025-09-30" /><OBJECT OBJECTID="69514374" OBJECTGUID="25f8b736-6c1e-49a4-b0bd-8e17cfeaef27" CHANGEID="689741125" ISACTIVE="1" LEVELID="10" CREATEDATE="2017-06-27" UPDATEDATE="2025-09-30" /><OBJECT OBJECTID="79214972" OBJECTGUID="260ebc54-85cc-4a47-8d95-7d11b7ee1319" CHANGEID="689697579" ISACTIVE="1" LEVELID="10" CREATEDATE="2019-07-14" UPDATEDATE="2025-09-29" /><OBJECT OBJECTID="91370039" OBJECTGUID="d650817f-1b54-4213-9c4c-c11417947c0f" CHANGEID="689739218" ISACTIVE="1" LEVELID="9" CREATEDATE="2018-08-29" UPDATEDATE="2025-09-30" /><OBJECT OBJECTID="166114809" OBJECTGUID="e2171b7e-0047-41d4-9fad-980ad440ba45" CHANGEID="689741120" ISACTIVE="1" LEVELID="10" CREATEDATE="2024-10-10" UPDATEDATE="2025-09-30" /><OBJECT OBJECTID="38375136" OBJECTGUID="5be762e4-a955-4972-a20c-47ac5e2d0392" CHANGEID="689697057" ISACTIVE="1" LEVELID="10" CREATEDATE="2017-12-18" UPDATEDATE="2025-09-29" /><OBJECT OBJECTID="59226316" OBJECTGUID="a7d4419a-a98f-4a88-9637-4fc7e67eaab6" CHANGEID="689819865" ISACTIVE="1" LEVELID="10" CREATEDATE="2019-07-14" UPDATEDATE="2025-10-01" /><OBJECT OBJECTID="3822199" OBJECTGUID="10ac721e-1839-4e9a-aecd-40e8452b1a6c" CHANGEID="689754847" ISACTIVE="1" LEVELID="11" CREATEDATE="2017-10-06" UPDATEDATE="2025-09-30" /><OBJECT OBJECTID="173047457" OBJECTGUID="6c4ed677-59fe-4f41-9eff-3ba12e5dae66" CHANGEID="689758223" ISACTIVE="1" LEVELID="10" CREATEDATE="2025-06-24" UPDATEDATE="2025-09-30" /><OBJECT OBJECTID="174902992" OBJECTGUID="67805b15-1f48-473f-a245-7f6098f1bc33" CHANGEID="689640796" ISACTIVE="1" LEVELID="10" CREATEDATE="2025-09-26" UPDATEDATE="2025-09-29" /><OBJECT OBJECTID="174916937" OBJECTGUID="a995c306-36ea-4b5f-92ea-02c022e59985" CHANGEID="689639904" ISACTIVE="1" LEVELID="10" CREATEDATE="2025-09-29" UPDATEDATE="2025-09-29" /><OBJECT OBJECTID="54370946" OBJECTGUID="defed605-299a-4edc-973f-5524faa5ee1b" CHANGEID="689639907" ISACTIVE="0" LEVELID="11" CREATEDATE="2019-04-03" UPDATEDATE="2025-09-29" /><OBJECT OBJECTID="54370951" OBJECTGUID="df26e675-ac8f-4cc0-bc01-01b80e585388" CHANGEID="689639908" ISACTIVE="0" LEVELID="11" CREATEDATE="2019-04-03" UPDATEDATE="2025-09-29" /><OBJECT OBJECTID="54370875" OBJECTGUID="3a0bacfa-e7d8-4af4-ae8f-b4a702c8fa74" CHANGEID="689639909" ISACTIVE="0" LEVELID="11" CREATEDATE="2019-04-03" UPDATEDATE="2025-09-29" /><OBJECT OBJECTID="54370923" OBJECTGUID="77365c11-e18c-404d-81dc-e7e6e4c3c4ac" CHANGEID="689639910" ISACTIVE="0" LEVELID="11" CREATEDATE="2019-04-03" UPDATEDATE="2025-09-29" /><OBJECT OBJECTID="54370933" OBJECTGUID="895227c8-0466-4c47-aba9-8f1601b6de54" CHANGEID="689639911" ISACTIVE="0" LEVELID="11" CREATEDATE="2019-04-03" UPDATEDATE="2025-09-29" /><OBJECT OBJECTID="54788508" OBJECTGUID="13d502df-4215-463b-9262-4c015033ce9e" CHANGEID="689639913" ISACTIVE="0" LEVELID="11" CREATEDATE="2019-04-03" UPDATEDATE="2025-09-29" /><OBJECT OBJECTID="54790245" OBJECTGUID="6cffea3f-9264-40fc-a800-ad54489964ff" CHANGEID="689639915" ISACTIVE="0" LEVELID="11" CREATEDATE="2019-04-03" UPDATEDATE="2025-09-29" /><OBJECT OBJECTID="54790256" OBJECTGUID="acb9c5e8-6f2d-4b65-a233-fc91cfed1649" CHANGEID="689639916" ISACTIVE="0" LEVELID="11" CREATEDATE="2019-04-03" UPDATEDATE="2025-09-29" /><OBJECT OBJECTID="54790273" OBJECTGUID="fd030d7a-6230-415d-b5a1-2af60560b153" CHANGEID="689639917" ISACTIVE="0" LEVELID="11" CREATEDATE="2019-04-03" UPDATEDATE="2025-09-29" /><OBJECT OBJECTID="54788569" OBJECTGUID="4c43108a-0d80-4d0e-b45b-7778c7f7033d" CHANGEID="689639918" ISACTIVE="0" LEVELID="11" CREATEDATE="2019-04-03" UPDATEDATE="2025-09-29" /><OBJECT OBJECTID="174917140" OBJECTGUID="4f4d8046-45d8-4ee6-9f75-494f6f347181" CHANGEID="689640294" ISACTIVE="1" LEVELID="9" CREATEDATE="2025-09-29" UPDATEDATE="2025-09-29" /><OBJECT OBJECTID="174917155" OBJECTGUID="7aa739dc-6bd9-489c-9e09-ae1d7d1bd31c" CHANGEID="689640319" ISACTIVE="1" LEVELID="9" CREATEDATE="2025-09-29" UPDATEDATE="2025-09-29" /><OBJECT OBJECTID="174917215" OBJECTGUID="f2b6cc59-be9b-4266-9996-20645c6d7350" CHANGEID="689640532" ISACTIVE="1" LEVELID="10" CREATEDATE="2025-09-29" UPDATEDATE="2025-09-29" /><OBJECT OBJECTID="99547046" OBJECTGUID="21c35534-b2f1-42bf-9259-5817b8d2e6a4" CHANGEID="689643693" ISACTIVE="0" LEVELID="11" CREATEDATE="2020-12-10" UPDATEDATE="2025-09-29" /><OBJECT OBJECTID="99547047" OBJECTGUID="bdd3fd84-fbc1-43a4-9111-b779b16c3d01" CHANGEID="689643694" ISACTIVE="0" LEVELID="11" CREATEDATE="2020-12-10" UPDATEDATE="2025-09-29" /><OBJECT OBJECTID="99547048" OBJECTGUID="0e38ef53-9450-4bbf-9ba3-fbb51f7f68a7" CHANGEID="689643695" ISACTIVE="0" LEVELID="11" CREATEDATE="2020-12-10" UPDATEDATE="2025-09-29" /><OBJECT OBJECTID="99547053" OBJECTGUID="c60ce93e-7788-40a0-92ef-fb262474c77b" CHANGEID="689643699" ISACTIVE="0" LEVELID="11" CREATEDATE="2020-12-10" UPDATEDATE="2025-09-29" /><OBJECT OBJECTID="99547059" OBJECTGUID="0b534d34-12a5-4700-b52c-697bb9b0d8b9" CHANGEID="689643704" ISACTIVE="0" LEVELID="11" CREATEDATE="2020-12-10" UPDATEDATE="2025-09-29" /><OBJECT OBJECTID="174918469" OBJECTGUID="954d7617-8c1e-4f38-aa6a-3a2dde66c6e3" CHANGEID="689643709" ISACTIVE="1" LEVELID="10" CREATEDATE="2025-09-29" UPDATEDATE="2025-09-29" /><OBJECT OBJECTID="174918470" OBJECTGUID="03c64de5-0225-478a-9beb-243817fe9f4c" CHANGEID="689643710" ISACTIVE="1" LEVELID="10" CREATEDATE="2025-09-29" UPDATEDATE="2025-09-29" /><OBJECT OBJECTID="174918471" OBJECTGUID="39a858fd-8a26-43ae-aaf5-cf210a30f223" CHANGEID="689643711" ISACTIVE="1" LEVELID="10" CREATEDATE="2025-09-29" UPDATEDATE="2025-09-29" /><OBJECT OBJECTID="174918472" OBJECTGUID="f1e50110-9e4f-4ee9-a337-974cda174d38" CHANGEID="689643712" ISACTIVE="1" LEVELID="10" CREATEDATE="2025-09-29" UPDATEDATE="2025-09-29" /><OBJECT OBJECTID="174918473" OBJECTGUID="c263a603-bbcf-4481-ac63-a236dc334760" CHANGEID="689643713" ISACTIVE="1" LEVELID="10" CREATEDATE="2025-09-29" UPDATEDATE="2025-09-29" /><OBJECT OBJECTID="174918474" OBJECTGUID="db142559-5eb7-4aa5-aa4d-e4cd009d2d42" CHANGEID="689643714" ISACTIVE="1" LEVELID="10" CREATEDATE="2025-09-29" UPDATEDATE="2025-09-29" /><OBJECT OBJECTID="174918481" OBJECTGUID="7e823700-b97c-4e22-9624-f44d20ccb8cb" CHANGEID="689643727" ISACTIVE="1" LEVELID="10" CREATEDATE="2025-09-29" UPDATEDATE="2025-09-29" /><OBJECT OBJECTID="174918482" OBJECTGUID="229a029e-fca9-4b72-8948-9a17577b11d4" CHANGEID="689643728" ISACTIVE="1" LEVELID="10" CREATEDATE="2025-09-29" UPDATEDATE="2025-09-29" /><OBJECT OBJECTID="174918483" OBJECTGUID="af697c86-df7d-417c-9949-3986fe143043" CHANGEID="689643729" ISACTIVE="1" LEVELID="10" CREATEDATE="2025-09-29" UPDATEDATE="2025-09-29" /><OBJECT OBJECTID="174918484" OBJECTGUID="4b1a9c0a-9a48-478d-ba0e-c527fca80359" CHANGEID="689643730" ISACTIVE="1" LEVELID="10" CREATEDATE="2025-09-29" UPDATEDATE="2025-09-29" /><OBJECT OBJECTID="174918485" OBJECTGUID="98f4bc98-a9da-423a-9da3-7fa7dc49f6b9" CHANGEID="689643731" ISACTIVE="1" LEVELID="10" CREATEDATE="2025-09-29" UPDATEDATE="2025-09-29" /><OBJECT OBJECTID="174918486" OBJECTGUID="d59f1df4-e199-450a-b5f5-9b5a7c7e068a" CHANGEID="689643732" ISACTIVE="1" LEVELID="10" CREATEDATE="2025-09-29" UPDATEDATE="2025-09-29" /><OBJECT OBJECTID="174918487" OBJECTGUID="e05f225b-7679-43b0-9ac5-d7d6fbd02b6b" CHANGEID="689643733" ISACTIVE="1" LEVELID="10" CREATEDATE="2025-09-29" UPDATEDATE="2025-09-29" /><OBJECT OBJECTID="174918492" OBJECTGUID="f5c717da-9094-48a5-a1a8-e288f0ff589f" CHANGEID="689643745" ISACTIVE="1" LEVELID="10" CREATEDATE="2025-09-29" UPDATEDATE="2025-09-29" /><OBJECT OBJECTID="174918493" OBJECTGUID="27c98f90-1e92-4dc5-9427-b9ab41194083" CHANGEID="689643746" ISACTIVE="1" LEVELID="10" CREATEDATE="2025-09-29" UPDATEDATE="2025-09-29" /><OBJECT OBJECTID="174918494" OBJECTGUID="94165828-abf0-407a-85ea-df035467faf3" CHANGEID="689643747" ISACTIVE="1" LEVELID="10" CREATEDATE="2025-09-29" UPDATEDATE="2025-09-29" /><OBJECT OBJECTID="174918495" OBJECTGUID="62cd2ca1-7c50-42b9-b2b1-b3a668705e03" CHANGEID="689643748" ISACTIVE="1" LEVELID="10" CREATEDATE="2025-09-29" UPDATEDATE="2025-09-29" /><OBJECT OBJECTID="174918496" OBJECTGUID="ca057e2b-ed9a-4f0b-8454-9e0c0c57c5cc" CHANGEID="689643749" ISACTIVE="1" LEVELID="10" CREATEDATE="2025-09-29" UPDATEDATE="2025-09-29" /><OBJECT OBJECTID="174918497" OBJECTGUID="f4bf3c58-7c01-4f7a-b9ff-8103fb0716a7" CHANGEID="689643750" ISACTIVE="1" LEVELID="10" CREATEDATE="2025-09-29" UPDATEDATE="2025-09-29" /><OBJECT OBJECTID="174918498" OBJECTGUID="7643012b-e50e-49dc-ab5e-f9381d8d0a19" CHANGEID="689643751" ISACTIVE="1" LEVELID="10" CREATEDATE="2025-09-29" UPDATEDATE="2025-09-29" /><OBJECT OBJECTID="174918499" OBJECTGUID="0b6618c1-c192-4408-98a4-8b5f8554a582" CHANGEID="689643752" ISACTIVE="1" LEVELID="10" CREATEDATE="2025-09-29" UPDATEDATE="2025-09-29" /><OBJECT OBJECTID="174918500" OBJECTGUID="7b52cce8-f861-4faf-bb56-f8a3274c4175" CHANGEID="689643753" ISACTIVE="1" LEVELID="10" CREATEDATE="2025-09-29" UPDATEDATE="2025-09-29" /><OBJECT OBJECTID="174918501" OBJECTGUID="63804677-dd5e-47f1-ace8-0b7c48fdb85e" CHANGEID="689643754" ISACTIVE="1" LEVELID="10" CREATEDATE="2025-09-29" UPDATEDATE="2025-09-29" /><OBJECT OBJECTID="174918502" OBJECTGUID="4b3e8949-7bee-48a4-967f-1c624c02e82e" CHANGEID="689643755" ISACTIVE="1" LEVELID="10" CREATEDATE="2025-09-29" UPDATEDATE="2025-09-29" /><OBJECT OBJECTID="174918503" OBJECTGUID="26e9cbc2-74e1-4bea-9321-17afa063e7c3" CHANGEID="689643756" ISACTIVE="1" LEVELID="10" CREATEDATE="2025-09-29" UPDATEDATE="2025-09-29" /><OBJECT OBJECTID="174918504" OBJECTGUID="581d2d7a-35a8-4eed-8dd6-9b0d09346e81" CHANGEID="689643757" ISACTIVE="1" LEVELID="10" CREATEDATE="2025-09-29" UPDATEDATE="2025-09-29" /><OBJECT OBJECTID="174918655" OBJECTGUID="bfad92ea-b80e-48f4-8a5a-1d12fba5c054" CHANGEID="689644107" ISACTIVE="1" LEVELID="9" CREATEDATE="2025-09-29" UPDATEDATE="2025-09-29" /><OBJECT OBJECTID="99547058" OBJECTGUID="6dd00fd7-c234-41c4-b146-b77b0eaa56b1" CHANGEID="689648854" ISACTIVE="0" LEVELID="11" CREATEDATE="2020-12-10" UPDATEDATE="2025-09-29" /><OBJECT OBJECTID="174921759" OBJECTGUID="15acd3d9-8c14-4027-9232-7657999a1888" CHANGEID="689648855" ISACTIVE="1" LEVELID="10" CREATEDATE="2025-09-29" UPDATEDATE="2025-09-29" /><OBJECT OBJECTID="54788634" OBJECTGUID="5b95e866-ebf6-4fd8-bf80-dae697266816" CHANGEID="689648863" ISACTIVE="0" LEVELID="11" CREATEDATE="2019-10-22" UPDATEDATE="2025-09-29" /><OBJECT OBJECTID="174921767" OBJECTGUID="b28b0e8c-226e-43e2-860b-c41498c0dd0d" CHANGEID="689648864" ISACTIVE="1" LEVELID="10" CREATEDATE="2025-09-29" UPDATEDATE="2025-09-29" /><OBJECT OBJECTID="174923731" OBJECTGUID="8cf2b237-3c9a-4945-9653-160e488091c2" CHANGEID="689651968" ISACTIVE="1" LEVELID="9" CREATEDATE="2025-09-29" UPDATEDATE="2025-09-29" /><OBJECT OBJECTID="174923732" OBJECTGUID="6342d536-597e-4111-93f9-2c47e927cdc9" CHANGEID="689651969" ISACTIVE="1" LEVELID="9" CREATEDATE="2025-09-29" UPDATEDATE="2025-09-29" /><OBJECT OBJECTID="174923733" OBJECTGUID="bc2e0ba4-d08a-4c10-98ce-74500f792eb3" CHANGEID="689651970" ISACTIVE="1" LEVELID="9" CREATEDATE="2025-09-29" UPDATEDATE="2025-09-29" /><OBJECT OBJECTID="174923734" OBJECTGUID="cb8fe083-8585-454c-8dea-6331d59ca902" CHANGEID="689651971" ISACTIVE="1" LEVELID="9" CREATEDATE="2025-09-29" UPDATEDATE="2025-09-29" /><OBJECT OBJECTID="174923735" OBJECTGUID="41ec0275-56ae-494e-8d90-1167d6f522c2" CHANGEID="689651972" ISACTIVE="1" LEVELID="9" CREATEDATE="2025-09-29" UPDATEDATE="2025-09-29" /><OBJECT OBJECTID="174923736" OBJECTGUID="ca8f6c8b-417b-4328-83f5-81c043435526" CHANGEID="689651973" ISACTIVE="1" LEVELID="9" CREATEDATE="2025-09-29" UPDATEDATE="2025-09-29" /><OBJECT OBJECTID="174923737" OBJECTGUID="0f879d04-c3e7-4016-9260-a7ab8b7b377c" CHANGEID="689651974" ISACTIVE="1" LEVELID="9" CREATEDATE="2025-09-29" UPDATEDATE="2025-09-29" /><OBJECT OBJECTID="174923738" OBJECTGUID="6661ddaa-8b27-4ee9-a2fe-5dd68386c532" CHANGEID="689651975" ISACTIVE="1" LEVELID="9" CREATEDATE="2025-09-29" UPDATEDATE="2025-09-29" /><OBJECT OBJECTID="174923739" OBJECTGUID="d4b0714f-78a2-44d2-b724-e1f6d1acaf2b" CHANGEID="689651976" ISACTIVE="1" LEVELID="9" CREATEDATE="2025-09-29" UPDATEDATE="2025-09-29" /><OBJECT OBJECTID="174923740" OBJECTGUID="ff4e4561-73aa-4340-b4b7-7a0a2cb7e007" CHANGEID="689651977" ISACTIVE="1" LEVELID="9" CREATEDATE="2025-09-29" UPDATEDATE="2025-09-29" /><OBJECT OBJECTID="174923741" OBJECTGUID="704b9302-72a7-432d-8ec3-1fd5d0265fe8" CHANGEID="689651978" ISACTIVE="1" LEVELID="9" CREATEDATE="2025-09-29" UPDATEDATE="2025-09-29" /><OBJECT OBJECTID="174923742" OBJECTGUID="56a8688d-badf-4db7-93b2-26c620f516e0" CHANGEID="689651979" ISACTIVE="1" LEVELID="9" CREATEDATE="2025-09-29" UPDATEDATE="2025-09-29" /><OBJECT OBJECTID="174923743" OBJECTGUID="4bb020ad-6af2-435b-98ff-0dd595aec41f" CHANGEID="689651980" ISACTIVE="1" LEVELID="9" CREATEDATE="2025-09-29" UPDATEDATE="2025-09-29" /><OBJECT OBJECTID="174923744" OBJECTGUID="4df83dcf-1c81-40a0-a833-7b826a9fb402" CHANGEID="689651981" ISACTIVE="1" LEVELID="9" CREATEDATE="2025-09-29" UPDATEDATE="2025-09-29" /><OBJECT OBJECTID="174923745" OBJECTGUID="e8fd3a1c-e7ca-4420-bb4b-7f474ffdc46c" CHANGEID="689651982" ISACTIVE="1" LEVELID="9" CREATEDATE="2025-09-29" UPDATEDATE="2025-09-29" /><OBJECT OBJECTID="174924504" OBJECTGUID="d240914c-71f2-44fe-b3a6-bd617482ee65" CHANGEID="689653088" ISACTIVE="1" LEVELID="11" CREATEDATE="2025-09-29" UPDATEDATE="2025-09-29" /><OBJECT OBJECTID="172439401" OBJECTGUID="789e1a5b-1a07-461e-a716-c754e12d7195" CHANGEID="689655361" ISACTIVE="1" LEVELID="9" CREATEDATE="2025-05-26" UPDATEDATE="2025-09-29" /><OBJECT OBJECTID="174930362" OBJECTGUID="57a8ad72-f468-4317-b3ca-764609c7f41c" CHANGEID="689669378" ISACTIVE="1" LEVELID="11" CREATEDATE="2025-09-29" UPDATEDATE="2025-09-29" /><OBJECT OBJECTID="174930363" OBJECTGUID="f18ad945-424f-4e23-a6b2-66451c2905b5" CHANGEID="689669379" ISACTIVE="1" LEVELID="11" CREATEDATE="2025-09-29" UPDATEDATE="2025-09-29" /><OBJECT OBJECTID="174930364" OBJECTGUID="9571a840-b33a-46f6-ac36-99bfc2201fbe" CHANGEID="689669380" ISACTIVE="1" LEVELID="11" CREATEDATE="2025-09-29" UPDATEDATE="2025-09-29" /><OBJECT OBJECTID="174930365" OBJECTGUID="f18d3576-061c-41d1-baac-3fb5f9e41058" CHANGEID="689669381" ISACTIVE="1" LEVELID="11" CREATEDATE="2025-09-29" UPDATEDATE="2025-09-29" /><OBJECT OBJECTID="174930366" OBJECTGUID="1e0461e7-1010-43be-8a53-cb1f5f92d662" CHANGEID="689669382" ISACTIVE="1" LEVELID="11" CREATEDATE="2025-09-29" UPDATEDATE="2025-09-29" /><OBJECT OBJECTID="174930367" OBJECTGUID="c7a7e9db-931b-4b14-ae35-620d1bbca4d6" CHANGEID="689669383" ISACTIVE="1" LEVELID="11" CREATEDATE="2025-09-29" UPDATEDATE="2025-09-29" /><OBJECT OBJECTID="174930368" OBJECTGUID="cf09de26-da64-4158-b5d1-22f486a5b089" CHANGEID="689669384" ISACTIVE="1" LEVELID="11" CREATEDATE="2025-09-29" UPDATEDATE="2025-09-29" /><OBJECT OBJECTID="174930369" OBJECTGUID="6534508e-886a-422b-be1f-a7fdc5112f2d" CHANGEID="689669385" ISACTIVE="1" LEVELID="11" CREATEDATE="2025-09-29" UPDATEDATE="2025-09-29" /><OBJECT OBJECTID="174930370" OBJECTGUID="cb778e49-e757-4524-819d-d01f9547ef80" CHANGEID="689669386" ISACTIVE="1" LEVELID="11" CREATEDATE="2025-09-29" UPDATEDATE="2025-09-29" /><OBJECT OBJECTID="174930371" OBJECTGUID="ebad8fdc-7863-4395-a492-50ff060b9726" CHANGEID="689669387" ISACTIVE="1" LEVELID="11" CREATEDATE="2025-09-29" UPDATEDATE="2025-09-29" /><OBJECT OBJECTID="174930372" OBJECTGUID="e395c99d-6b3b-4c68-807f-171554438c2a" CHANGEID="689669388" ISACTIVE="1" LEVELID="11" CREATEDATE="2025-09-29" UPDATEDATE="2025-09-29" /><OBJECT OBJECTID="174930373" OBJECTGUID="1b841e4d-1e85-4968-bc35-9923938ad268" CHANGEID="689669389" ISACTIVE="1" LEVELID="11" CREATEDATE="2025-09-29" UPDATEDATE="2025-09-29" /><OBJECT OBJECTID="174930501" OBJECTGUID="71099d49-19ea-4638-b339-4e69fa7a6517" CHANGEID="689669760" ISACTIVE="1" LEVELID="9" CREATEDATE="2025-09-29" UPDATEDATE="2025-09-29" /><OBJECT OBJECTID="174930721" OBJECTGUID="3b6e9495-d41c-4f1f-b27d-0fa8cade11b5" CHANGEID="689670123" ISACTIVE="1" LEVELID="10" CREATEDATE="2025-09-29" UPDATEDATE="2025-09-29" /><OBJECT OBJECTID="174931779" OBJECTGUID="4e5d5abf-a8d5-4998-9963-55ad1e1e6dea" CHANGEID="689672028" ISACTIVE="1" LEVELID="9" CREATEDATE="2025-09-29" UPDATEDATE="2025-09-29" /><OBJECT OBJECTID="174931792" OBJECTGUID="79a695fb-5c80-4fa2-9c8c-a91dd7373f0d" CHANGEID="689672086" ISACTIVE="1" LEVELID="10" CREATEDATE="2025-09-29" UPDATEDATE="2025-09-29" /><OBJECT OBJECTID="60019360" OBJECTGUID="07cf2f3b-1d11-452f-b1ca-3550a74c0ced" CHANGEID="689667452" ISACTIVE="1" LEVELID="10" CREATEDATE="2019-07-14" UPDATEDATE="2025-09-29" /><OBJECT OBJECTID="6991950" OBJECTGUID="064c7843-554e-42ae-928b-2fd82f1be1c5" CHANGEID="689792727" ISACTIVE="0" LEVELID="11" CREATEDATE="2018-05-07" UPDATEDATE="2025-10-01" /><OBJECT OBJECTID="6992078" OBJECTGUID="37551b55-ff4e-401a-ab5a-e34fb8dadce6" CHANGEID="689792728" ISACTIVE="0" LEVELID="11" CREATEDATE="2018-05-07" UPDATEDATE="2025-10-01" /><OBJECT OBJECTID="6997916" OBJECTGUID="e368c4fa-8e60-47eb-a79b-052f2ef9dc4f" CHANGEID="689792729" ISACTIVE="0" LEVELID="11" CREATEDATE="2018-05-07" UPDATEDATE="2025-10-01" /><OBJECT OBJECTID="174933614" OBJECTGUID="a8703cd5-0207-44c9-b170-349c5fa01c20" CHANGEID="689675176" ISACTIVE="1" LEVELID="9" CREATEDATE="2025-09-29" UPDATEDATE="2025-09-29" /><OBJECT OBJECTID="60612259" OBJECTGUID="899bd310-6a04-421a-9156-71fdff00e2a2" CHANGEID="689756316" ISACTIVE="1" LEVELID="10" CREATEDATE="2019-07-14" UPDATEDATE="2025-09-30" /><OBJECT OBJECTID="174939627" OBJECTGUID="de66d764-f0d2-4377-ba10-59c6982fe65e" CHANGEID="689688856" ISACTIVE="1" LEVELID="9" CREATEDATE="2025-09-29" UPDATEDATE="2025-09-29" /><OBJECT OBJECTID="174939713" OBJECTGUID="54a0ecef-6930-4aa7-8ef0-0313f9e872e1" CHANGEID="689688967" ISACTIVE="1" LEVELID="9" CREATEDATE="2025-09-29" UPDATEDATE="2025-09-29" /><OBJECT OBJECTID="174941510" OBJECTGUID="ff5de060-1ed4-4904-ad2e-5a5665b2de67" CHANGEID="689693259" ISACTIVE="1" LEVELID="10" CREATEDATE="2025-09-29" UPDATEDATE="2025-09-29" /><OBJECT OBJECTID="174942302" OBJECTGUID="704a1e07-b71d-432f-873b-7b0201ce8774" CHANGEID="689694662" ISACTIVE="1" LEVELID="9" CREATEDATE="2025-09-29" UPDATEDATE="2025-09-29" /><OBJECT OBJECTID="174942425" OBJECTGUID="d907609e-2b82-4d1b-98fc-173ceb79b684" CHANGEID="689694827" ISACTIVE="1" LEVELID="9" CREATEDATE="2025-09-29" UPDATEDATE="2025-09-29" /><OBJECT OBJECTID="174942505" OBJECTGUID="14f8ca4e-1481-496e-8000-4f5c6ab9a609" CHANGEID="689694973" ISACTIVE="1" LEVELID="10" CREATEDATE="2025-09-29" UPDATEDATE="2025-09-29" /><OBJECT OBJECTID="174942526" OBJECTGUID="85f16b0f-b7d5-4719-a1b6-a1248c741bf2" CHANGEID="689695007" ISACTIVE="1" LEVELID="9" CREATEDATE="2025-09-29" UPDATEDATE="2025-09-29" /><OBJECT OBJECTID="174942538" OBJECTGUID="8030572b-74ab-4ac3-85db-08183cd851ff" CHANGEID="689695035" ISACTIVE="1" LEVELID="10" CREATEDATE="2025-09-29" UPDATEDATE="2025-09-29" /><OBJECT OBJECTID="174942545" OBJECTGUID="8838ad5f-8982-4820-a3a3-dea1af493a5a" CHANGEID="689695052" ISACTIVE="1" LEVELID="9" CREATEDATE="2025-09-29" UPDATEDATE="2025-09-29" /><OBJECT OBJECTID="174942596" OBJECTGUID="d5201d31-7b94-4cca-96ab-93d194750864" CHANGEID="689695120" ISACTIVE="1" LEVELID="10" CREATEDATE="2025-09-29" UPDATEDATE="2025-09-29" /><OBJECT OBJECTID="174942633" OBJECTGUID="dcac3178-495c-48fe-a0d3-852b1cf7538d" CHANGEID="689695168" ISACTIVE="1" LEVELID="9" CREATEDATE="2025-09-29" UPDATEDATE="2025-09-29" /><OBJECT OBJECTID="70209555" OBJECTGUID="dc856c35-4da1-4c38-bde6-d3bc847dcac8" CHANGEID="689695737" ISACTIVE="0" LEVELID="11" CREATEDATE="2019-02-25" UPDATEDATE="2025-09-29" /><OBJECT OBJECTID="174942954" OBJECTGUID="144ef137-d0ef-489d-93c7-ca96a52fbd93" CHANGEID="689695738" ISACTIVE="1" LEVELID="10" CREATEDATE="2025-09-29" UPDATEDATE="2025-09-29" /><OBJECT OBJECTID="174944161" OBJECTGUID="bb769035-0a55-4d02-b636-287f9a4098af" CHANGEID="689697638" ISACTIVE="1" LEVELID="9" CREATEDATE="2025-09-29" UPDATEDATE="2025-09-29" /><OBJECT OBJECTID="171337190" OBJECTGUID="06b97d12-af12-4737-8731-3a3dd7fb3167" CHANGEID="689699384" ISACTIVE="1" LEVELID="9" CREATEDATE="2025-03-28" UPDATEDATE="2025-09-29" /><OBJECT OBJECTID="174955074" OBJECTGUID="79a9cd74-d3f6-4ed8-ab55-04c12be7a7db" CHANGEID="689722987" ISACTIVE="1" LEVELID="9" CREATEDATE="2025-09-30" UPDATEDATE="2025-09-30" /><OBJECT OBJECTID="174955081" OBJECTGUID="1e740c04-2b3e-4156-acb2-483b737d713c" CHANGEID="689722994" ISACTIVE="1" LEVELID="10" CREATEDATE="2025-09-30" UPDATEDATE="2025-09-30" /><OBJECT OBJECTID="174952316" OBJECTGUID="5478fc28-73b8-4fe8-ae4d-8a6040454f7b" CHANGEID="689717167" ISACTIVE="1" LEVELID="10" CREATEDATE="2025-09-30" UPDATEDATE="2025-09-30" /><OBJECT OBJECTID="174952317" OBJECTGUID="64b38888-d852-47f7-aeb6-5536bc2ce7a0" CHANGEID="689717168" ISACTIVE="1" LEVELID="10" CREATEDATE="2025-09-30" UPDATEDATE="2025-09-30" /><OBJECT OBJECTID="174952318" OBJECTGUID="1346611a-b834-4eef-be98-a8b6ec30923c" CHANGEID="689717169" ISACTIVE="1" LEVELID="10" CREATEDATE="2025-09-30" UPDATEDATE="2025-09-30" /><OBJECT OBJECTID="174952319" OBJECTGUID="24caf170-e9ba-4b7c-becf-5b2a174f7f92" CHANGEID="689717170" ISACTIVE="1" LEVELID="10" CREATEDATE="2025-09-30" UPDATEDATE="2025-09-30" /><OBJECT OBJECTID="174952320" OBJECTGUID="5db5258a-f5c7-4054-8c63-d0b17dff5906" CHANGEID="689717171" ISACTIVE="1" LEVELID="10" CREATEDATE="2025-09-30" UPDATEDATE="2025-09-30" /><OBJECT OBJECTID="174952321" OBJECTGUID="5c621842-f743-4c4c-af32-cac84cfd55fe" CHANGEID="689717172" ISACTIVE="1" LEVELID="10" CREATEDATE="2025-09-30" UPDATEDATE="2025-09-30" /><OBJECT OBJECTID="174952322" OBJECTGUID="cc1ea7ea-d65b-4468-8e9a-89c21609095a" CHANGEID="689717173" ISACTIVE="1" LEVELID="10" CREATEDATE="2025-09-30" UPDATEDATE="2025-09-30" /><OBJECT OBJECTID="174952323" OBJECTGUID="0bb0e2d1-de56-455f-9820-fe3ed3d59923" CHANGEID="689717174" ISACTIVE="1" LEVELID="10" CREATEDATE="2025-09-30" UPDATEDATE="2025-09-30" /><OBJECT OBJECTID="174952324" OBJECTGUID="e984b591-3e1a-45c6-bf88-cbb6a3a84161" CHANGEID="689717175" ISACTIVE="1" LEVELID="10" CREATEDATE="2025-09-30" UPDATEDATE="2025-09-30" /><OBJECT OBJECTID="174952325" OBJECTGUID="93daf367-4d56-46e6-bd5d-578b7f52553e" CHANGEID="689717176" ISACTIVE="1" LEVELID="10" CREATEDATE="2025-09-30" UPDATEDATE="2025-09-30" /><OBJECT OBJECTID="174952326" OBJECTGUID="856d44d0-f79a-4072-af01-7ab16e6130e1" CHANGEID="689717177" ISACTIVE="1" LEVELID="10" CREATEDATE="2025-09-30" UPDATEDATE="2025-09-30" /><OBJECT OBJECTID="174952327" OBJECTGUID="6c32e86d-01e6-41d0-bea4-c4081d96b963" CHANGEID="689717178" ISACTIVE="1" LEVELID="10" CREATEDATE="2025-09-30" UPDATEDATE="2025-09-30" /><OBJECT OBJECTID="174952328" OBJECTGUID="4ea1958c-62cf-44fc-9e0d-2b0a07b831d7" CHANGEID="689717179" ISACTIVE="1" LEVELID="10" CREATEDATE="2025-09-30" UPDATEDATE="2025-09-30" /><OBJECT OBJECTID="174952329" OBJECTGUID="49c1e536-a89c-439b-99e4-722fdb682213" CHANGEID="689717180" ISACTIVE="1" LEVELID="10" CREATEDATE="2025-09-30" UPDATEDATE="2025-09-30" /><OBJECT OBJECTID="174952330" OBJECTGUID="106c23a4-bafa-4085-91cb-dde1cf31ab45" CHANGEID="689717181" ISACTIVE="1" LEVELID="10" CREATEDATE="2025-09-30" UPDATEDATE="2025-09-30" /><OBJECT OBJECTID="174952331" OBJECTGUID="191b6337-4306-4762-9123-64dc82aa0d0c" CHANGEID="689717182" ISACTIVE="1" LEVELID="10" CREATEDATE="2025-09-30" UPDATEDATE="2025-09-30" /><OBJECT OBJECTID="174952332" OBJECTGUID="6230d835-d89b-488b-9c53-6a6f2974e6d7" CHANGEID="689717183" ISACTIVE="1" LEVELID="10" CREATEDATE="2025-09-30" UPDATEDATE="2025-09-30" /><OBJECT OBJECTID="174952333" OBJECTGUID="ed09b3f9-af3c-4164-9dbf-a4e0448290c7" CHANGEID="689717184" ISACTIVE="1" LEVELID="10" CREATEDATE="2025-09-30" UPDATEDATE="2025-09-30" /><OBJECT OBJECTID="174952334" OBJECTGUID="3ec31174-283a-428e-8343-73507cbe313d" CHANGEID="689717185" ISACTIVE="1" LEVELID="10" CREATEDATE="2025-09-30" UPDATEDATE="2025-09-30" /><OBJECT OBJECTID="174952335" OBJECTGUID="255d510c-6ac4-4753-a3a1-3c217d4c53e5" CHANGEID="689717186" ISACTIVE="1" LEVELID="10" CREATEDATE="2025-09-30" UPDATEDATE="2025-09-30" /><OBJECT OBJECTID="174958586" OBJECTGUID="28ca1f63-d13e-4c95-ac1d-1f8dcb58d2ef" CHANGEID="689732017" ISACTIVE="1" LEVELID="9" CREATEDATE="2025-09-30" UPDATEDATE="2025-09-30" /><OBJECT OBJECTID="174958722" OBJECTGUID="314c264c-1727-4170-81cb-c0bad62f2e22" CHANGEID="689732635" ISACTIVE="1" LEVELID="11" CREATEDATE="2025-09-30" UPDATEDATE="2025-09-30" /><OBJECT OBJECTID="174958740" OBJECTGUID="b3039881-22f0-43a7-8f4a-196fcc1a9b5f" CHANGEID="689732664" ISACTIVE="1" LEVELID="11" CREATEDATE="2025-09-30" UPDATEDATE="2025-09-30" /><OBJECT OBJECTID="174958834" OBJECTGUID="1a66830a-829d-404b-b42e-825efe4b6608" CHANGEID="689732810" ISACTIVE="1" LEVELID="9" CREATEDATE="2025-09-30" UPDATEDATE="2025-09-30" /><OBJECT OBJECTID="174958909" OBJECTGUID="567241dd-3c8a-4819-8ed4-cb177b95e802" CHANGEID="689732938" ISACTIVE="1" LEVELID="9" CREATEDATE="2025-09-30" UPDATEDATE="2025-09-30" /><OBJECT OBJECTID="174959305" OBJECTGUID="1be327a6-f032-422a-9bde-50dac29192e0" CHANGEID="689733852" ISACTIVE="1" LEVELID="10" CREATEDATE="2025-09-30" UPDATEDATE="2025-09-30" /><OBJECT OBJECTID="174959333" OBJECTGUID="566f9b79-beec-456e-9c71-dc0036c65284" CHANGEID="689733901" ISACTIVE="1" LEVELID="10" CREATEDATE="2025-09-30" UPDATEDATE="2025-09-30" /><OBJECT OBJECTID="174959444" OBJECTGUID="19ae69a8-91d4-4554-a5e2-c5e04975171a" CHANGEID="689734060" ISACTIVE="1" LEVELID="10" CREATEDATE="2025-09-30" UPDATEDATE="2025-09-30" /><OBJECT OBJECTID="174959587" OBJECTGUID="c6c7921a-0e46-4ec4-b76c-37988b8c8b4b" CHANGEID="689734351" ISACTIVE="1" LEVELID="10" CREATEDATE="2025-09-30" UPDATEDATE="2025-09-30" /><OBJECT OBJECTID="164926377" OBJECTGUID="da44c2dd-05e9-4ef4-aebf-ae662e7b9d95" CHANGEID="689755042" ISACTIVE="1" LEVELID="9" CREATEDATE="2024-08-28" UPDATEDATE="2025-09-30" /><OBJECT OBJECTID="174959617" OBJECTGUID="b7a54ff9-7d76-4fea-af79-52845e7c4e30" CHANGEID="689734414" ISACTIVE="1" LEVELID="9" CREATEDATE="2025-09-30" UPDATEDATE="2025-09-30" /><OBJECT OBJECTID="174959649" OBJECTGUID="74ecf7bc-3c68-4806-abd7-7fbb4f2a1bb6" CHANGEID="689734466" ISACTIVE="1" LEVELID="10" CREATEDATE="2025-09-30" UPDATEDATE="2025-09-30" /><OBJECT OBJECTID="174959669" OBJECTGUID="f73a4e27-1236-4f0c-9e42-a3fb74955645" CHANGEID="689734503" ISACTIVE="1" LEVELID="10" CREATEDATE="2025-09-30" UPDATEDATE="2025-09-30" /><OBJECT OBJECTID="174959718" OBJECTGUID="6b53f890-dece-4325-acf1-d9344e532cd8" CHANGEID="689734601" ISACTIVE="1" LEVELID="10" CREATEDATE="2025-09-30" UPDATEDATE="2025-09-30" /><OBJECT OBJECTID="174959719" OBJECTGUID="56584455-d125-4289-8b2a-188d94451a88" CHANGEID="689734602" ISACTIVE="1" LEVELID="10" CREATEDATE="2025-09-30" UPDATEDATE="2025-09-30" /><OBJECT OBJECTID="174959804" OBJECTGUID="9ce1f35f-0b1a-4b3b-b698-62329d3b94a8" CHANGEID="689734758" ISACTIVE="1" LEVELID="10" CREATEDATE="2025-09-30" UPDATEDATE="2025-09-30" /><OBJECT OBJECTID="55819491" OBJECTGUID="469f18f4-8253-4644-b396-0461b7d418c1" CHANGEID="689735116" ISACTIVE="1" LEVELID="11" CREATEDATE="2017-07-13" UPDATEDATE="2025-09-30" /><OBJECT OBJECTID="174960077" OBJECTGUID="7622b102-375e-41bd-b037-f3ca516838cf" CHANGEID="689735175" ISACTIVE="1" LEVELID="9" CREATEDATE="2025-09-30" UPDATEDATE="2025-09-30" /><OBJECT OBJECTID="174960117" OBJECTGUID="0fec6675-2533-4c3d-afab-7bbeac96447f" CHANGEID="689735236" ISACTIVE="1" LEVELID="9" CREATEDATE="2025-09-30" UPDATEDATE="2025-09-30" /><OBJECT OBJECTID="174960171" OBJECTGUID="e41f4207-7187-4845-afde-672bb56f4605" CHANGEID="689735304" ISACTIVE="1" LEVELID="9" CREATEDATE="2025-09-30" UPDATEDATE="2025-09-30" /><OBJECT OBJECTID="174960199" OBJECTGUID="62d568b3-cc35-4f3d-91a1-834bc91e4267" CHANGEID="689735342" ISACTIVE="1" LEVELID="9" CREATEDATE="2025-09-30" UPDATEDATE="2025-09-30" /><OBJECT OBJECTID="174962182" OBJECTGUID="ba51f482-82fd-4004-8842-ea746239fb81" CHANGEID="689740249" ISACTIVE="1" LEVELID="10" CREATEDATE="2025-09-30" UPDATEDATE="2025-09-30" /><OBJECT OBJECTID="174962193" OBJECTGUID="74403509-0b4b-4d3c-b7b2-60234b8a1c36" CHANGEID="689740268" ISACTIVE="1" LEVELID="9" CREATEDATE="2025-09-30" UPDATEDATE="2025-09-30" /><OBJECT OBJECTID="174962213" OBJECTGUID="150b27db-7ee3-451c-9f06-2648fa3ec757" CHANGEID="689740308" ISACTIVE="1" LEVELID="9" CREATEDATE="2025-09-30" UPDATEDATE="2025-09-30" /><OBJECT OBJECTID="174962321" OBJECTGUID="a4279f59-8c87-4171-86cd-2a8fac77ffba" CHANGEID="689740633" ISACTIVE="1" LEVELID="10" CREATEDATE="2025-09-30" UPDATEDATE="2025-09-30" /><OBJECT OBJECTID="174962355" OBJECTGUID="d3631a5f-2841-41b4-8e0f-afb1ce0c7740" CHANGEID="689740685" ISACTIVE="1" LEVELID="10" CREATEDATE="2025-09-30" UPDATEDATE="2025-09-30" /><OBJECT OBJECTID="174962376" OBJECTGUID="b82e7733-6d1c-4613-b4bd-d55ed66b1051" CHANGEID="689740757" ISACTIVE="1" LEVELID="10" CREATEDATE="2025-09-30" UPDATEDATE="2025-09-30" /><OBJECT OBJECTID="67077100" OBJECTGUID="d40a9501-182a-4a98-b7e3-18dedf099f12" CHANGEID="689740915" ISACTIVE="1" LEVELID="10" CREATEDATE="2017-12-17" UPDATEDATE="2025-09-30" /><OBJECT OBJECTID="69367489" OBJECTGUID="f8a29b14-12a3-40ea-bc63-06e74a060cef" CHANGEID="689741121" ISACTIVE="1" LEVELID="10" CREATEDATE="2017-05-03" UPDATEDATE="2025-09-30" /><OBJECT OBJECTID="69513062" OBJECTGUID="81f4abc5-4135-429b-b1fb-bb7b24de2cab" CHANGEID="689741123" ISACTIVE="1" LEVELID="10" CREATEDATE="2017-06-26" UPDATEDATE="2025-09-30" /><OBJECT OBJECTID="174962791" OBJECTGUID="ccb7f0a1-d021-4b08-bc43-bde02ee571cc" CHANGEID="689741460" ISACTIVE="1" LEVELID="10" CREATEDATE="2025-09-30" UPDATEDATE="2025-09-30" /><OBJECT OBJECTID="86681569" OBJECTGUID="e0687a16-2268-42d6-be87-50f87101ba07" CHANGEID="689742505" ISACTIVE="1" LEVELID="9" CREATEDATE="2017-06-28" UPDATEDATE="2025-09-30" /><OBJECT OBJECTID="160844346" OBJECTGUID="b18c99f7-dd19-43cb-bcd6-6565a0d1fad9" CHANGEID="689742778" ISACTIVE="0" LEVELID="11" CREATEDATE="2023-10-25" UPDATEDATE="2025-09-30" /><OBJECT OBJECTID="174963620" OBJECTGUID="2f03d6e6-c0f1-4371-893d-4ae4beea4cba" CHANGEID="689742779" ISACTIVE="1" LEVELID="10" CREATEDATE="2025-09-30" UPDATEDATE="2025-09-30" /><OBJECT OBJECTID="67075738" OBJECTGUID="7929abd7-3b26-42ee-b3da-0090ebbf798f" CHANGEID="689743081" ISACTIVE="1" LEVELID="10" CREATEDATE="2017-12-17" UPDATEDATE="2025-09-30" /><OBJECT OBJECTID="67076530" OBJECTGUID="0a09efb0-98aa-4c05-8d83-0cd39f30db72" CHANGEID="689743877" ISACTIVE="1" LEVELID="10" CREATEDATE="2017-12-17" UPDATEDATE="2025-09-30" /><OBJECT OBJECTID="174964416" OBJECTGUID="2c109ee1-8450-499e-9941-73015bf28646" CHANGEID="689744460" ISACTIVE="1" LEVELID="10" CREATEDATE="2025-09-30" UPDATEDATE="2025-09-30" /><OBJECT OBJECTID="174964831" OBJECTGUID="e25305cb-1d9d-45c6-bb1e-d722ba6e8bd6" CHANGEID="689745253" ISACTIVE="1" LEVELID="11" CREATEDATE="2025-09-30" UPDATEDATE="2025-09-30" /><OBJECT OBJECTID="174966508" OBJECTGUID="96879ff5-4eca-4d50-8a34-884ddc2f0d4a" CHANGEID="689749382" ISACTIVE="1" LEVELID="11" CREATEDATE="2025-09-30" UPDATEDATE="2025-09-30" /><OBJECT OBJECTID="174966809" OBJECTGUID="b915c1ba-acfb-4fb0-862a-e79f5ab2a568" CHANGEID="689750516" ISACTIVE="1" LEVELID="11" CREATEDATE="2025-09-30" UPDATEDATE="2025-09-30" /><OBJECT OBJECTID="174967136" OBJECTGUID="b8aac7fd-a3fe-425a-bc3d-3c3b12b6f4b8" CHANGEID="689751083" ISACTIVE="1" LEVELID="10" CREATEDATE="2025-09-30" UPDATEDATE="2025-09-30" /><OBJECT OBJECTID="58936756" OBJECTGUID="338b1ff0-941c-426f-ac86-158eba6bf054" CHANGEID="689752367" ISACTIVE="1" LEVELID="11" CREATEDATE="2017-10-18" UPDATEDATE="2025-09-30" /><OBJECT OBJECTID="58930784" OBJECTGUID="00188565-a3b8-46e7-a00f-4932a6d79a04" CHANGEID="689752492" ISACTIVE="1" LEVELID="11" CREATEDATE="2017-10-18" UPDATEDATE="2025-09-30" /><OBJECT OBJECTID="67076706" OBJECTGUID="58cd4b6d-d5b1-4c9e-927d-0e6c3a7c8023" CHANGEID="689752594" ISACTIVE="1" LEVELID="10" CREATEDATE="2017-12-17" UPDATEDATE="2025-09-30" /><OBJECT OBJECTID="19436871" OBJECTGUID="d5ae691e-81be-4e1a-aea3-ea993f7e674c" CHANGEID="689752708" ISACTIVE="1" LEVELID="10" CREATEDATE="2019-07-14" UPDATEDATE="2025-09-30" /><OBJECT OBJECTID="3819054" OBJECTGUID="16fe4480-9599-4796-9fce-6c54b594a705" CHANGEID="689753424" ISACTIVE="1" LEVELID="11" CREATEDATE="2017-06-29" UPDATEDATE="2025-09-30" /><OBJECT OBJECTID="174968169" OBJECTGUID="b110fb14-e937-42d1-9af7-aea1298dd115" CHANGEID="689753447" ISACTIVE="1" LEVELID="11" CREATEDATE="2025-09-30" UPDATEDATE="2025-09-30" /><OBJECT OBJECTID="170219858" OBJECTGUID="526936d7-0e13-4845-bbd7-6d74f9864ded" CHANGEID="689754507" ISACTIVE="1" LEVELID="11" CREATEDATE="2025-02-12" UPDATEDATE="2025-09-30" /><OBJECT OBJECTID="3831153" OBJECTGUID="6ce61473-52b1-4183-8602-dd38405c6299" CHANGEID="689754743" ISACTIVE="1" LEVELID="11" CREATEDATE="2017-10-06" UPDATEDATE="2025-09-30" /><OBJECT OBJECTID="32528203" OBJECTGUID="920b5e66-0a7f-48d5-9d17-ba91bee9e9c3" CHANGEID="689756748" ISACTIVE="1" LEVELID="11" CREATEDATE="2017-10-06" UPDATEDATE="2025-09-30" /><OBJECT OBJECTID="174970501" OBJECTGUID="262e55dd-0e5e-4650-9ad1-9b778aac3007" CHANGEID="689759134" ISACTIVE="1" LEVELID="9" CREATEDATE="2025-09-30" UPDATEDATE="2025-09-30" /><OBJECT OBJECTID="174970504" OBJECTGUID="9f01236f-5c7f-45f9-be44-f77484b03fa8" CHANGEID="689759139" ISACTIVE="1" LEVELID="10" CREATEDATE="2025-09-30" UPDATEDATE="2025-09-30" /><OBJECT OBJECTID="174968674" OBJECTGUID="728b70d0-3fdd-49fa-946e-5a8bfdbb0aaf" CHANGEID="689755044" ISACTIVE="1" LEVELID="10" CREATEDATE="2025-09-30" UPDATEDATE="2025-09-30" /><OBJECT OBJECTID="174968675" OBJECTGUID="6bbe6af8-eef1-462e-8cdf-486ab397c9dd" CHANGEID="689755046" ISACTIVE="1" LEVELID="10" CREATEDATE="2025-09-30" UPDATEDATE="2025-09-30" /><OBJECT OBJECTID="174975009" OBJECTGUID="727529f0-23b0-477a-9cf5-9f26ff40ce01" CHANGEID="689786897" ISACTIVE="1" LEVELID="9" CREATEDATE="2025-10-01" UPDATEDATE="2025-10-01" /><OBJECT OBJECTID="174975010" OBJECTGUID="0ab2c09a-91c1-4974-ac36-fb47fb9a11bd" CHANGEID="689786898" ISACTIVE="1" LEVELID="9" CREATEDATE="2025-10-01" UPDATEDATE="2025-10-01" /><OBJECT OBJECTID="174975011" OBJECTGUID="23cddc7b-3ac9-43f9-9c95-23ad1aec27c2" CHANGEID="689786899" ISACTIVE="1" LEVELID="9" CREATEDATE="2025-10-01" UPDATEDATE="2025-10-01" /><OBJECT OBJECTID="174975012" OBJECTGUID="7a88b262-94a5-401e-9e7f-b6dee2cb3192" CHANGEID="689786900" ISACTIVE="1" LEVELID="9" CREATEDATE="2025-10-01" UPDATEDATE="2025-10-01" /><OBJECT OBJECTID="174975013" OBJECTGUID="5e922f4c-9f2b-4d03-97d3-246f3bf2c02a" CHANGEID="689786901" ISACTIVE="1" LEVELID="9" CREATEDATE="2025-10-01" UPDATEDATE="2025-10-01" /><OBJECT OBJECTID="174975014" OBJECTGUID="f9562b03-b81c-4821-9fd8-c93cc796f6be" CHANGEID="689786902" ISACTIVE="1" LEVELID="9" CREATEDATE="2025-10-01" UPDATEDATE="2025-10-01" /><OBJECT OBJECTID="174975015" OBJECTGUID="1010c92d-7ebb-4d03-8a9e-f3d9f4d52fbb" CHANGEID="689786903" ISACTIVE="1" LEVELID="9" CREATEDATE="2025-10-01" UPDATEDATE="2025-10-01" /><OBJECT OBJECTID="174975016" OBJECTGUID="8f690d2e-4d28-44e3-b739-4e5c3ca9bfe9" CHANGEID="689786904" ISACTIVE="1" LEVELID="9" CREATEDATE="2025-10-01" UPDATEDATE="2025-10-01" /><OBJECT OBJECTID="174975017" OBJECTGUID="e3f73d16-92f5-4c61-b13f-a35f2901b7aa" CHANGEID="689786905" ISACTIVE="1" LEVELID="9" CREATEDATE="2025-10-01" UPDATEDATE="2025-10-01" /><OBJECT OBJECTID="174975018" OBJECTGUID="88b93618-a889-4765-b754-385a4717d09d" CHANGEID="689786906" ISACTIVE="1" LEVELID="9" CREATEDATE="2025-10-01" UPDATEDATE="2025-10-01" /><OBJECT OBJECTID="174975019" OBJECTGUID="3c5b4912-fd5e-45e5-937f-5b8b23b1ede0" CHANGEID="689786907" ISACTIVE="1" LEVELID="9" CREATEDATE="2025-10-01" UPDATEDATE="2025-10-01" /><OBJECT OBJECTID="174975020" OBJECTGUID="d3af8064-9a91-4470-8119-f74e9fe4a005" CHANGEID="689786908" ISACTIVE="1" LEVELID="9" CREATEDATE="2025-10-01" UPDATEDATE="2025-10-01" /><OBJECT OBJECTID="174975021" OBJECTGUID="eb6cff8b-1e20-4c7a-8868-932f2b6ecc34" CHANGEID="689786909" ISACTIVE="1" LEVELID="9" CREATEDATE="2025-10-01" UPDATEDATE="2025-10-01" /><OBJECT OBJECTID="174975022" OBJECTGUID="4e95fa9e-7c67-4761-a9c9-9f53b7596c23" CHANGEID="689786910" ISACTIVE="1" LEVELID="9" CREATEDATE="2025-10-01" UPDATEDATE="2025-10-01" /><OBJECT OBJECTID="174975023" OBJECTGUID="0e6f087a-8ce9-4011-b3ae-0f07085e689c" CHANGEID="689786911" ISACTIVE="1" LEVELID="9" CREATEDATE="2025-10-01" UPDATEDATE="2025-10-01" /><OBJECT OBJECTID="174975024" OBJECTGUID="723ef7c4-ef62-4554-8eba-7bb2dab80959" CHANGEID="689786912" ISACTIVE="1" LEVELID="9" CREATEDATE="2025-10-01" UPDATEDATE="2025-10-01" /><OBJECT OBJECTID="174975025" OBJECTGUID="5185d105-596d-4d3d-8fcc-d21ee0cf4779" CHANGEID="689786913" ISACTIVE="1" LEVELID="9" CREATEDATE="2025-10-01" UPDATEDATE="2025-10-01" /><OBJECT OBJECTID="58952691" OBJECTGUID="070e2308-d36d-4a3d-9b57-88b998551010" CHANGEID="689786915" ISACTIVE="0" LEVELID="11" CREATEDATE="2017-10-06" UPDATEDATE="2025-10-01" /><OBJECT OBJECTID="58952692" OBJECTGUID="099e70f8-11e1-41fd-a616-a5054675e493" CHANGEID="689786916" ISACTIVE="0" LEVELID="11" CREATEDATE="2017-10-06" UPDATEDATE="2025-10-01" /><OBJECT OBJECTID="58952766" OBJECTGUID="0a9cdcf0-b610-4d69-97f3-1716a0c6c2b1" CHANGEID="689786917" ISACTIVE="0" LEVELID="11" CREATEDATE="2017-10-06" UPDATEDATE="2025-10-01" /><OBJECT OBJECTID="58952849" OBJECTGUID="10161c91-61d1-4e25-8339-98180a80dd1d" CHANGEID="689786918" ISACTIVE="0" LEVELID="11" CREATEDATE="2017-10-06" UPDATEDATE="2025-10-01" /><OBJECT OBJECTID="58952890" OBJECTGUID="1d2aa849-e2ed-4d5c-b5de-c4ab99154217" CHANGEID="689786919" ISACTIVE="0" LEVELID="11" CREATEDATE="2017-10-06" UPDATEDATE="2025-10-01" /><OBJECT OBJECTID="58953103" OBJECTGUID="20216aa3-49d9-4850-b734-e4e65249ad7f" CHANGEID="689786920" ISACTIVE="0" LEVELID="11" CREATEDATE="2017-10-06" UPDATEDATE="2025-10-01" /><OBJECT OBJECTID="58953106" OBJECTGUID="20dd7e5f-d59b-4983-9893-5826e66f4fa9" CHANGEID="689786921" ISACTIVE="0" LEVELID="11" CREATEDATE="2017-10-06" UPDATEDATE="2025-10-01" /><OBJECT OBJECTID="58953166" OBJECTGUID="2ca97aa8-b55a-46aa-8490-efb142a1dba5" CHANGEID="689786922" ISACTIVE="0" LEVELID="11" CREATEDATE="2017-10-06" UPDATEDATE="2025-10-01" /><OBJECT OBJECTID="58953439" OBJECTGUID="3254d7c7-6b66-4b34-b68f-22a3244fa017" CHANGEID="689786923" ISACTIVE="0" LEVELID="11" CREATEDATE="2017-10-06" UPDATEDATE="2025-10-01" /><OBJECT OBJECTID="58953445" OBJECTGUID="33b5b74f-bcf0-46fe-9f2a-d6b5d105a0b5" CHANGEID="689786924" ISACTIVE="0" LEVELID="11" CREATEDATE="2017-10-06" UPDATEDATE="2025-10-01" /><OBJECT OBJECTID="58953450" OBJECTGUID="37286b7c-7aa9-471c-8342-1591b31e190f" CHANGEID="689786925" ISACTIVE="0" LEVELID="11" CREATEDATE="2017-10-06" UPDATEDATE="2025-10-01" /><OBJECT OBJECTID="58954818" OBJECTGUID="624f38b5-2eb3-4cfa-a079-045047ad294d" CHANGEID="689786926" ISACTIVE="0" LEVELID="11" CREATEDATE="2017-10-06" UPDATEDATE="2025-10-01" /><OBJECT OBJECTID="58955169" OBJECTGUID="6b9b0a45-ee03-4776-bafc-87290d0e426b" CHANGEID="689786927" ISACTIVE="0" LEVELID="11" CREATEDATE="2017-10-06" UPDATEDATE="2025-10-01" /><OBJECT OBJECTID="58955465" OBJECTGUID="84cba1d9-c570-415c-bd16-5fe03e7f7df3" CHANGEID="689786928" ISACTIVE="0" LEVELID="11" CREATEDATE="2017-10-06" UPDATEDATE="2025-10-01" /><OBJECT OBJECTID="58955490" OBJECTGUID="8518837e-4a04-43a0-bb80-d3485dca6f48" CHANGEID="689786929" ISACTIVE="0" LEVELID="11" CREATEDATE="2017-10-06" UPDATEDATE="2025-10-01" /><OBJECT OBJECTID="58955717" OBJECTGUID="85c079bc-cde9-4866-b679-47094980ed1c" CHANGEID="689786930" ISACTIVE="0" LEVELID="11" CREATEDATE="2017-10-06" UPDATEDATE="2025-10-01" /><OBJECT OBJECTID="58956101" OBJECTGUID="87547f75-66d1-4b0d-8012-34227e5e4b6a" CHANGEID="689786931" ISACTIVE="0" LEVELID="11" CREATEDATE="2017-10-06" UPDATEDATE="2025-10-01" /><OBJECT OBJECTID="58956107" OBJECTGUID="8979a01a-c501-4848-a8ae-ae71caaa1eee" CHANGEID="689786932" ISACTIVE="0" LEVELID="11" CREATEDATE="2017-10-06" UPDATEDATE="2025-10-01" /><OBJECT OBJECTID="58956120" OBJECTGUID="946aa663-c59d-4a51-bece-f78427734c5c" CHANGEID="689786933" ISACTIVE="0" LEVELID="11" CREATEDATE="2017-10-06" UPDATEDATE="2025-10-01" /><OBJECT OBJECTID="58956378" OBJECTGUID="9d2e38df-7d71-4ce2-910b-4973236ebcc6" CHANGEID="689786934" ISACTIVE="0" LEVELID="11" CREATEDATE="2017-10-06" UPDATEDATE="2025-10-01" /><OBJECT OBJECTID="58956384" OBJECTGUID="a14ced81-28b0-48d3-8abb-4ca6d27f966e" CHANGEID="689786935" ISACTIVE="0" LEVELID="11" CREATEDATE="2017-10-06" UPDATEDATE="2025-10-01" /><OBJECT OBJECTID="58956388" OBJECTGUID="a3698639-4170-4480-8a90-9882a4a3e193" CHANGEID="689786936" ISACTIVE="0" LEVELID="11" CREATEDATE="2017-10-06" UPDATEDATE="2025-10-01" /><OBJECT OBJECTID="58957491" OBJECTGUID="c6fbcea9-d8c2-4f22-a48a-216270cdd96e" CHANGEID="689786938" ISACTIVE="0" LEVELID="11" CREATEDATE="2017-10-06" UPDATEDATE="2025-10-01" /><OBJECT OBJECTID="58957509" OBJECTGUID="d3101150-3b0a-47c5-8259-42e49bd0dd8a" CHANGEID="689786939" ISACTIVE="0" LEVELID="11" CREATEDATE="2017-10-06" UPDATEDATE="2025-10-01" /><OBJECT OBJECTID="58957535" OBJECTGUID="d3553bed-6bb4-4922-83e5-075c5d1400ab" CHANGEID="689786940" ISACTIVE="0" LEVELID="11" CREATEDATE="2017-10-06" UPDATEDATE="2025-10-01" /><OBJECT OBJECTID="58957929" OBJECTGUID="e027d8e7-a0b0-4646-b628-d775f9c92fd4" CHANGEID="689786942" ISACTIVE="0" LEVELID="11" CREATEDATE="2017-10-06" UPDATEDATE="2025-10-01" /><OBJECT OBJECTID="58957937" OBJECTGUID="e40535cd-dea7-4b62-b5b8-203d4ebcaa1d" CHANGEID="689786943" ISACTIVE="0" LEVELID="11" CREATEDATE="2017-10-06" UPDATEDATE="2025-10-01" /><OBJECT OBJECTID="58957957" OBJECTGUID="e83be3e3-e8ca-420d-a9e1-91ad4517b53f" CHANGEID="689786944" ISACTIVE="0" LEVELID="11" CREATEDATE="2017-10-06" UPDATEDATE="2025-10-01" /><OBJECT OBJECTID="58958255" OBJECTGUID="ecbe4ca0-1fed-42c0-8fea-4b81fe695a31" CHANGEID="689786945" ISACTIVE="0" LEVELID="11" CREATEDATE="2017-10-06" UPDATEDATE="2025-10-01" /><OBJECT OBJECTID="58958373" OBJECTGUID="f1b1ecd7-bbe0-464f-9a27-2ed5228b93be" CHANGEID="689786946" ISACTIVE="0" LEVELID="11" CREATEDATE="2017-10-06" UPDATEDATE="2025-10-01" /><OBJECT OBJECTID="58958670" OBJECTGUID="f6862003-7ff3-49f1-b028-0ec06d6338fd" CHANGEID="689786947" ISACTIVE="0" LEVELID="11" CREATEDATE="2017-10-06" UPDATEDATE="2025-10-01" /><OBJECT OBJECTID="58958721" OBJECTGUID="f6bc5b48-f4d1-468e-8281-1641b5a4fb54" CHANGEID="689786948" ISACTIVE="0" LEVELID="11" CREATEDATE="2017-10-06" UPDATEDATE="2025-10-01" /><OBJECT OBJECTID="58958915" OBJECTGUID="fe67c02f-7e61-4e07-ae79-7b0d0012b792" CHANGEID="689786949" ISACTIVE="0" LEVELID="11" CREATEDATE="2017-10-06" UPDATEDATE="2025-10-01" /><OBJECT OBJECTID="174976416" OBJECTGUID="dbd54048-6bc4-4761-9fe9-e7f18807d8da" CHANGEID="689789982" ISACTIVE="1" LEVELID="10" CREATEDATE="2025-10-01" UPDATEDATE="2025-10-01" /><OBJECT OBJECTID="174976555" OBJECTGUID="62ef6627-4420-4f46-9a47-474052092c97" CHANGEID="689790203" ISACTIVE="1" LEVELID="9" CREATEDATE="2025-10-01" UPDATEDATE="2025-10-01" /><OBJECT OBJECTID="174976867" OBJECTGUID="a528e90d-e5e3-4534-af79-ac59e1708eae" CHANGEID="689790730" ISACTIVE="1" LEVELID="9" CREATEDATE="2025-10-01" UPDATEDATE="2025-10-01" /><OBJECT OBJECTID="174976872" OBJECTGUID="88bd1a28-e8d1-4447-a10c-609df844aada" CHANGEID="689790736" ISACTIVE="1" LEVELID="10" CREATEDATE="2025-10-01" UPDATEDATE="2025-10-01" /><OBJECT OBJECTID="174976887" OBJECTGUID="6760d7ca-fd7d-4b99-9324-ed3f0cd3599e" CHANGEID="689790760" ISACTIVE="1" LEVELID="10" CREATEDATE="2025-10-01" UPDATEDATE="2025-10-01" /><OBJECT OBJECTID="58910800" OBJECTGUID="5aecb314-0f81-4670-ad38-84c9ca4eaa47" CHANGEID="689792699" ISACTIVE="0" LEVELID="11" CREATEDATE="2019-02-06" UPDATEDATE="2025-10-01" /><OBJECT OBJECTID="58910954" OBJECTGUID="74312d8b-d802-4278-82a0-72b23ea646a4" CHANGEID="689792700" ISACTIVE="0" LEVELID="11" CREATEDATE="2019-02-06" UPDATEDATE="2025-10-01" /><OBJECT OBJECTID="58911118" OBJECTGUID="a3ac3c78-c4fd-4819-9cba-ddd7f0aad152" CHANGEID="689792701" ISACTIVE="0" LEVELID="11" CREATEDATE="2019-02-06" UPDATEDATE="2025-10-01" /><OBJECT OBJECTID="58709663" OBJECTGUID="6c6a5478-8b92-4b29-844e-c08c9c01e008" CHANGEID="689792716" ISACTIVE="0" LEVELID="11" CREATEDATE="2017-08-04" UPDATEDATE="2025-10-01" /><OBJECT OBJECTID="58951562" OBJECTGUID="918d17cf-4730-4403-bcaf-2924f7082aa2" CHANGEID="689792722" ISACTIVE="0" LEVELID="11" CREATEDATE="2017-05-29" UPDATEDATE="2025-10-01" /><OBJECT OBJECTID="39732271" OBJECTGUID="fc10eb4d-fd80-4872-bc24-1fdb501a0e58" CHANGEID="689792733" ISACTIVE="0" LEVELID="11" CREATEDATE="2018-05-03" UPDATEDATE="2025-10-01" /><OBJECT OBJECTID="174979021" OBJECTGUID="ed336efe-332a-4694-9204-bed1ac021837" CHANGEID="689794100" ISACTIVE="1" LEVELID="10" CREATEDATE="2025-10-01" UPDATEDATE="2025-10-01" /><OBJECT OBJECTID="174979024" OBJECTGUID="27d5dbe5-a0ed-4230-a722-20e7d3ed0a8d" CHANGEID="689794106" ISACTIVE="1" LEVELID="11" CREATEDATE="2025-10-01" UPDATEDATE="2025-10-01" /><OBJECT OBJECTID="174980373" OBJECTGUID="69a52984-513f-490c-913a-b4d5da7a7351" CHANGEID="689796512" ISACTIVE="1" LEVELID="10" CREATEDATE="2025-10-01" UPDATEDATE="2025-10-01" /><OBJECT OBJECTID="174980378" OBJECTGUID="7114fcd4-9fb2-4b21-a7f5-c3f1e91c493d" CHANGEID="689796518" ISACTIVE="1" LEVELID="9" CREATEDATE="2025-10-01" UPDATEDATE="2025-10-01" /><OBJECT OBJECTID="174980385" OBJECTGUID="2ead19b7-7f6e-4f81-b4aa-1fe94a44eb48" CHANGEID="689796548" ISACTIVE="1" LEVELID="10" CREATEDATE="2025-10-01" UPDATEDATE="2025-10-01" /><OBJECT OBJECTID="174980389" OBJECTGUID="70387052-c854-400e-9e26-17dc69978249" CHANGEID="689796559" ISACTIVE="1" LEVELID="9" CREATEDATE="2025-10-01" UPDATEDATE="2025-10-01" /><OBJECT OBJECTID="174981095" OBJECTGUID="472e0a63-4bf3-493f-94d7-7ce2187f21d1" CHANGEID="689798799" ISACTIVE="1" LEVELID="9" CREATEDATE="2025-10-01" UPDATEDATE="2025-10-01" /><OBJECT OBJECTID="174981100" OBJECTGUID="c35e0771-a2bf-405c-919f-6ac6fc008e77" CHANGEID="689798808" ISACTIVE="1" LEVELID="9" CREATEDATE="2025-10-01" UPDATEDATE="2025-10-01" /><OBJECT OBJECTID="174982294" OBJECTGUID="dbcacaf4-5ac9-41a4-a312-d1c88cc065d6" CHANGEID="689801161" ISACTIVE="1" LEVELID="11" CREATEDATE="2025-10-01" UPDATEDATE="2025-10-01" /><OBJECT OBJECTID="174982295" OBJECTGUID="2ce1e9f1-db13-44c0-afc8-29c500acd52f" CHANGEID="689801165" ISACTIVE="1" LEVELID="11" CREATEDATE="2025-10-01" UPDATEDATE="2025-10-01" /><OBJECT OBJECTID="174987378" OBJECTGUID="e7491609-055d-4967-bd2e-3c8b167074ae" CHANGEID="689811603" ISACTIVE="1" LEVELID="11" CREATEDATE="2025-10-01" UPDATEDATE="2025-10-01" /><OBJECT OBJECTID="174987416" OBJECTGUID="ddf1f047-b012-4c3d-b195-3cdf6719f927" CHANGEID="689811644" ISACTIVE="1" LEVELID="11" CREATEDATE="2025-10-01" UPDATEDATE="2025-10-01" /><OBJECT OBJECTID="174988465" OBJECTGUID="7bfd9077-db3f-4d22-9ef2-5a849e811320" CHANGEID="689813267" ISACTIVE="1" LEVELID="9" CREATEDATE="2025-10-01" UPDATEDATE="2025-10-01" /><OBJECT OBJECTID="174988466" OBJECTGUID="0ee71ec6-9c2c-4fff-a188-5842e82e7421" CHANGEID="689813268" ISACTIVE="1" LEVELID="9" CREATEDATE="2025-10-01" UPDATEDATE="2025-10-01" /><OBJECT OBJECTID="174988467" OBJECTGUID="bd12c38b-49e4-4812-a68f-2bdcd4134b8f" CHANGEID="689813269" ISACTIVE="1" LEVELID="9" CREATEDATE="2025-10-01" UPDATEDATE="2025-10-01" /><OBJECT OBJECTID="174988468" OBJECTGUID="65d74066-89ef-4824-8fa6-21685e134213" CHANGEID="689813270" ISACTIVE="1" LEVELID="9" CREATEDATE="2025-10-01" UPDATEDATE="2025-10-01" /><OBJECT OBJECTID="174988479" OBJECTGUID="f7b3d877-b81e-4f12-aecf-89835919315f" CHANGEID="689813296" ISACTIVE="1" LEVELID="10" CREATEDATE="2025-10-01" UPDATEDATE="2025-10-01" /><OBJECT OBJECTID="174988480" OBJECTGUID="25630d67-1717-4095-8448-ee4850a3e1bf" CHANGEID="689813297" ISACTIVE="1" LEVELID="10" CREATEDATE="2025-10-01" UPDATEDATE="2025-10-01" /><OBJECT OBJECTID="174988927" OBJECTGUID="523a95bb-4d6e-4ac5-8c45-e5f932ef6bb3" CHANGEID="689813977" ISACTIVE="1" LEVELID="9" CREATEDATE="2025-10-01" UPDATEDATE="2025-10-01" /><OBJECT OBJECTID="174988933" OBJECTGUID="563062be-71af-4834-bb4d-e9666536b05d" CHANGEID="689814024" ISACTIVE="1" LEVELID="10" CREATEDATE="2025-10-01" UPDATEDATE="2025-10-01" /><OBJECT OBJECTID="174985988" OBJECTGUID="8e3e6f75-fb38-4e14-bb8b-877a5b7883b8" CHANGEID="689809510" ISACTIVE="1" LEVELID="11" CREATEDATE="2025-10-01" UPDATEDATE="2025-10-01" /><OBJECT OBJECTID="174985989" OBJECTGUID="a04b7ed0-f03a-4b26-af21-040f1641c240" CHANGEID="689809511" ISACTIVE="1" LEVELID="11" CREATEDATE="2025-10-01" UPDATEDATE="2025-10-01" /><OBJECT OBJECTID="174985996" OBJECTGUID="498112ac-500b-4726-b717-76d979dcf640" CHANGEID="689809522" ISACTIVE="1" LEVELID="11" CREATEDATE="2025-10-01" UPDATEDATE="2025-10-01" /><OBJECT OBJECTID="174985995" OBJECTGUID="2e70bbd7-6457-4155-8206-0c9f7b724b42" CHANGEID="689809521" ISACTIVE="1" LEVELID="11" CREATEDATE="2025-10-01" UPDATEDATE="2025-10-01" /><OBJECT OBJECTID="174990867" OBJECTGUID="1464d194-4ecd-4031-a5a3-5feea1a95264" CHANGEID="689817907" ISACTIVE="1" LEVELID="10" CREATEDATE="2025-10-01" UPDATEDATE="2025-10-01" /><OBJECT OBJECTID="59116231" OBJECTGUID="d408c76c-7645-4235-b71c-833d0736c105" CHANGEID="689818221" ISACTIVE="1" LEVELID="10" CREATEDATE="2015-11-09" UPDATEDATE="2025-10-01" /><OBJECT OBJECTID="76883520" OBJECTGUID="5ccdbbe5-9378-476c-869c-54d6e703fdcc" CHANGEID="689818262" ISACTIVE="1" LEVELID="10" CREATEDATE="2017-04-24" UPDATEDATE="2025-10-01" /><OBJECT OBJECTID="174991575" OBJECTGUID="dd736b4b-0579-4640-90c9-86990e2b31ad" CHANGEID="689819259" ISACTIVE="1" LEVELID="11" CREATEDATE="2025-10-01" UPDATEDATE="2025-10-01" /><OBJECT OBJECTID="174991902" OBJECTGUID="e400e7ea-9510-4594-b69d-aba12ceae15d" CHANGEID="689819863" ISACTIVE="1" LEVELID="11" CREATEDATE="2025-10-01" UPDATEDATE="2025-10-01" /><OBJECT OBJECTID="174990205" OBJECTGUID="c9a3a7b0-e665-4f86-9fff-dd88c508d33c" CHANGEID="689816756" ISACTIVE="1" LEVELID="11" CREATEDATE="2025-10-01" UPDATEDATE="2025-10-01" /><OBJECT OBJECTID="99547045" OBJECTGUID="7d0d5756-89c3-4155-8060-60e25d0446fb" CHANGEID="689643692" ISACTIVE="0" LEVELID="11" CREATEDATE="2020-12-10" UPDATEDATE="2025-09-29" /><OBJECT OBJECTID="99547049" OBJECTGUID="7b3d1ee9-a9e4-4587-8f4a-2d6555262fe2" CHANGEID="689643696" ISACTIVE="0" LEVELID="11" CREATEDATE="2020-12-10" UPDATEDATE="2025-09-29" /><OBJECT OBJECTID="99547050" OBJECTGUID="089ba66f-cf9b-4e9f-a7c5-1201bea0212c" CHANGEID="689643697" ISACTIVE="0" LEVELID="11" CREATEDATE="2020-12-10" UPDATEDATE="2025-09-29" /><OBJECT OBJECTID="99547052" OBJECTGUID="96cd82ee-fe17-4c3a-bccf-d809c02e7ef5" CHANGEID="689643698" ISACTIVE="0" LEVELID="11" CREATEDATE="2020-12-10" UPDATEDATE="2025-09-29" /><OBJECT OBJECTID="99547054" OBJECTGUID="3e8cd86c-a281-41d5-b4d1-43584a26d811" CHANGEID="689643700" ISACTIVE="0" LEVELID="11" CREATEDATE="2020-12-10" UPDATEDATE="2025-09-29" /><OBJECT OBJECTID="99547055" OBJECTGUID="7031b64d-8389-434e-a128-9450b43d7d3a" CHANGEID="689643701" ISACTIVE="0" LEVELID="11" CREATEDATE="2020-12-10" UPDATEDATE="2025-09-29" /><OBJECT OBJECTID="99547056" OBJECTGUID="6e5ecc04-773a-4e8b-97e3-beecfc2b5d4d" CHANGEID="689643702" ISACTIVE="0" LEVELID="11" CREATEDATE="2020-12-10" UPDATEDATE="2025-09-29" /><OBJECT OBJECTID="99547057" OBJECTGUID="79739734-8832-4b28-94e0-f8206cb35540" CHANGEID="689643703" ISACTIVE="0" LEVELID="11" CREATEDATE="2020-12-10" UPDATEDATE="2025-09-29" /><OBJECT OBJECTID="160971598" OBJECTGUID="55ece348-9e0c-4b67-9737-496b789cefb9" CHANGEID="689757532" ISACTIVE="1" LEVELID="10" CREATEDATE="2023-11-01" UPDATEDATE="2025-09-30" /><OBJECT OBJECTID="79217097" OBJECTGUID="0d6a2a2e-2e2d-4aa6-8c83-9404b0a7390d" CHANGEID="689816954" ISACTIVE="1" LEVELID="10" CREATEDATE="2019-07-14" UPDATEDATE="2025-10-01" /><OBJECT OBJECTID="15870930" OBJECTGUID="ac5b5689-b6b9-433c-a51f-d0b613830426" CHANGEID="689698516" ISACTIVE="1" LEVELID="10" CREATEDATE="2017-04-24" UPDATEDATE="2025-09-29" /><OBJECT OBJECTID="3824237" OBJECTGUID="dba447c8-031d-4ff4-9a00-fb38ae91cf45" CHANGEID="689754897" ISACTIVE="1" LEVELID="11" CREATEDATE="2017-10-06" UPDATEDATE="2025-09-30" /><OBJECT OBJECTID="39767725" OBJECTGUID="f41b262f-d1db-44a2-8237-6c3206cd7c0b" CHANGEID="689824779" ISACTIVE="1" LEVELID="10" CREATEDATE="2017-04-06" UPDATEDATE="2025-10-01" /><OBJECT OBJECTID="51846479" OBJECTGUID="de644cac-f7da-438e-8fa1-92c0653963c0" CHANGEID="689697380" ISACTIVE="1" LEVELID="10" CREATEDATE="2019-07-14" UPDATEDATE="2025-09-29" /><OBJECT OBJECTID="6051825" OBJECTGUID="9c00f0f6-eea3-4c2a-b37a-2e61e325d084" CHANGEID="689646764" ISACTIVE="1" LEVELID="11" CREATEDATE="2017-05-11" UPDATEDATE="2025-09-29" /><OBJECT OBJECTID="35833708" OBJECTGUID="629247dc-d260-4cf4-a7ad-5f9f9e3d20b3" CHANGEID="689669195" ISACTIVE="1" LEVELID="10" CREATEDATE="2019-07-14" UPDATEDATE="2025-09-29" /><OBJECT OBJECTID="5395535" OBJECTGUID="a500f0ec-3136-41d6-95ed-80de77131f5e" CHANGEID="689824809" ISACTIVE="1" LEVELID="10" CREATEDATE="2015-11-12" UPDATEDATE="2025-10-01" /><OBJECT OBJECTID="39701929" OBJECTGUID="417c9549-6a7e-4e7d-a250-6f8a4453e2f9" CHANGEID="689824787" ISACTIVE="1" LEVELID="10" CREATEDATE="2017-04-24" UPDATEDATE="2025-10-01" /><OBJECT OBJECTID="6051602" OBJECTGUID="1672dfd4-8a07-4b9d-8f0f-fc6d65f7d1e9" CHANGEID="689646788" ISACTIVE="1" LEVELID="11" CREATEDATE="2017-05-11" UPDATEDATE="2025-09-29" /><OBJECT OBJECTID="29384182" OBJECTGUID="019292d6-e0dc-49d8-a2b8-99c816bc00db" CHANGEID="689755043" ISACTIVE="0" LEVELID="11" CREATEDATE="2019-02-27" UPDATEDATE="2025-09-30" /><OBJECT OBJECTID="24361499" OBJECTGUID="fc00649d-d83f-4c69-94cd-e9eb398ddb5b" CHANGEID="689753072" ISACTIVE="1" LEVELID="10" CREATEDATE="2017-06-27" UPDATEDATE="2025-09-30" /><OBJECT OBJECTID="158890312" OBJECTGUID="f65ca4cf-18d2-4f13-9d03-611446314a1c" CHANGEID="689755045" ISACTIVE="0" LEVELID="11" CREATEDATE="2023-05-18" UPDATEDATE="2025-09-30" /><OBJECT OBJECTID="162036399" OBJECTGUID="855842e9-adfb-4a4e-ac5e-63caef310b8f" CHANGEID="689739223" ISACTIVE="1" LEVELID="9" CREATEDATE="2024-01-11" UPDATEDATE="2025-09-30" /><OBJECT OBJECTID="159413292" OBJECTGUID="f670c3b4-4441-471b-9868-0531589e3205" CHANGEID="689755040" ISACTIVE="1" LEVELID="9" CREATEDATE="2023-07-13" UPDATEDATE="2025-09-30" /><OBJECT OBJECTID="15139971" OBJECTGUID="8f3a4628-b87a-457f-ace5-a7091994c201" CHANGEID="689697560" ISACTIVE="1" LEVELID="10" CREATEDATE="2019-07-14" UPDATEDATE="2025-09-29" /><OBJECT OBJECTID="19445115" OBJECTGUID="2e3022cd-761d-4ee2-b074-5893bff37b3b" CHANGEID="689752709" ISACTIVE="1" LEVELID="10" CREATEDATE="2017-04-08" UPDATEDATE="2025-09-30" /><OBJECT OBJECTID="158435456" OBJECTGUID="562a364d-facf-4493-9b58-98c941fa3ebd" CHANGEID="689752712" ISACTIVE="1" LEVELID="10" CREATEDATE="2023-03-29" UPDATEDATE="2025-09-30" /><OBJECT OBJECTID="29382940" OBJECTGUID="a11d9eb1-ee78-46d7-a21c-37be707f2ef9" CHANGEID="689755047" ISACTIVE="0" LEVELID="10" CREATEDATE="2019-07-14" UPDATEDATE="2025-09-30" /><OBJECT OBJECTID="54630108" OBJECTGUID="d4373931-b2d2-4e89-a197-4f0bcebc5afd" CHANGEID="689737888" ISACTIVE="1" LEVELID="10" CREATEDATE="2019-07-14" UPDATEDATE="2025-09-30" /><OBJECT OBJECTID="38400028" OBJECTGUID="d4628b53-4497-419c-be12-d5227c1f59b4" CHANGEID="689697143" ISACTIVE="1" LEVELID="10" CREATEDATE="2017-12-18" UPDATEDATE="2025-09-29" /><OBJECT OBJECTID="56273621" OBJECTGUID="698ec690-b9f5-4f87-b3cb-0319c0e0c409" CHANGEID="689649857" ISACTIVE="1" LEVELID="10" CREATEDATE="2017-12-17" UPDATEDATE="2025-09-29" /><OBJECT OBJECTID="163811947" OBJECTGUID="939b7484-bad1-4a63-b3db-50e30fc8f65e" CHANGEID="689640308" ISACTIVE="1" LEVELID="10" CREATEDATE="2024-06-06" UPDATEDATE="2025-09-29" /><OBJECT OBJECTID="26312812" OBJECTGUID="257183c4-8536-41ca-828d-3aee42d7ad4c" CHANGEID="689742780" ISACTIVE="0" LEVELID="10" CREATEDATE="2017-12-18" UPDATEDATE="2025-09-30" /><OBJECT OBJECTID="88182233" OBJECTGUID="f51e0c66-6623-4208-9b02-11a64ff83ef6" CHANGEID="689729863" ISACTIVE="1" LEVELID="9" CREATEDATE="2018-12-28" UPDATEDATE="2025-09-30" /><OBJECT OBJECTID="67052653" OBJECTGUID="9fe31b65-85b7-4022-8aa7-d49ee93e62e3" CHANGEID="689757419" ISACTIVE="1" LEVELID="10" CREATEDATE="2017-06-27" UPDATEDATE="2025-09-30" /><OBJECT OBJECTID="69382396" OBJECTGUID="54a3784f-bd3d-47b4-a748-0e886a08ec62" CHANGEID="689741122" ISACTIVE="1" LEVELID="10" CREATEDATE="2012-01-14" UPDATEDATE="2025-09-30" /><OBJECT OBJECTID="69513853" OBJECTGUID="30413a90-3fe5-46d4-be7a-740f4acc562f" CHANGEID="689741124" ISACTIVE="1" LEVELID="10" CREATEDATE="2017-06-27" UPDATEDATE="2025-09-30" /><OBJECT OBJECTID="69835951" OBJECTGUID="43bd974f-e9d0-47aa-bd4c-656ad2a040d3" CHANGEID="689741126" ISACTIVE="1" LEVELID="10" CREATEDATE="2019-07-14" UPDATEDATE="2025-09-30" /><OBJECT OBJECTID="70050287" OBJECTGUID="ea8ec88a-a334-47af-b901-8f5fd5acc972" CHANGEID="689741127" ISACTIVE="1" LEVELID="10" CREATEDATE="2019-07-14" UPDATEDATE="2025-09-30" /><OBJECT OBJECTID="70106674" OBJECTGUID="45231543-1422-46db-ab8a-91a17c1d2b73" CHANGEID="689741128" ISACTIVE="1" LEVELID="10" CREATEDATE="2019-07-14" UPDATEDATE="2025-09-30" /><OBJECT OBJECTID="84882544" OBJECTGUID="ef8fff7f-0c29-4b25-a43a-46d69fd5457a" CHANGEID="689751056" ISACTIVE="1" LEVELID="9" CREATEDATE="2018-12-25" UPDATEDATE="2025-09-30" /><OBJECT OBJECTID="85062710" OBJECTGUID="e93b7760-c3f6-4f97-88f3-5d02486ddaf8" CHANGEID="689723233" ISACTIVE="1" LEVELID="9" CREATEDATE="2018-12-28" UPDATEDATE="2025-09-30" /><OBJECT OBJECTID="85806748" OBJECTGUID="d4eba16c-764a-459f-8c86-87df0dd60838" CHANGEID="689723353" ISACTIVE="1" LEVELID="9" CREATEDATE="2018-12-28" UPDATEDATE="2025-09-30" /><OBJECT OBJECTID="88108891" OBJECTGUID="efd3c808-7cad-409e-b3e7-faeb170534c0" CHANGEID="689751390" ISACTIVE="1" LEVELID="9" CREATEDATE="2018-12-25" UPDATEDATE="2025-09-30" /><OBJECT OBJECTID="89253050" OBJECTGUID="07c19f20-6882-44bf-a87f-13b9c8ff9095" CHANGEID="689786637" ISACTIVE="1" LEVELID="9" CREATEDATE="2018-12-25" UPDATEDATE="2025-10-01" /><OBJECT OBJECTID="3835057" OBJECTGUID="011dd163-c9b5-42a6-89be-40d01ee97a35" CHANGEID="689754276" ISACTIVE="1" LEVELID="10" CREATEDATE="2017-06-27" UPDATEDATE="2025-09-30" /><OBJECT OBJECTID="19450537" OBJECTGUID="c4a1b2fe-fd00-4bbc-a1e9-3033f69779e9" CHANGEID="689752710" ISACTIVE="1" LEVELID="10" CREATEDATE="2019-10-03" UPDATEDATE="2025-09-30" /><OBJECT OBJECTID="24358727" OBJECTGUID="9cd96cf0-84d8-439f-8f28-49b9e9bc5082" CHANGEID="689753068" ISACTIVE="1" LEVELID="10" CREATEDATE="2019-07-14" UPDATEDATE="2025-09-30" /><OBJECT OBJECTID="24358962" OBJECTGUID="beebe118-b9c2-4b1e-9173-5370547e13b3" CHANGEID="689753069" ISACTIVE="1" LEVELID="10" CREATEDATE="2019-07-14" UPDATEDATE="2025-09-30" /><OBJECT OBJECTID="24359250" OBJECTGUID="3d8a2be6-dd69-42d7-adce-6bd4f842db4e" CHANGEID="689753070" ISACTIVE="1" LEVELID="10" CREATEDATE="2019-07-14" UPDATEDATE="2025-09-30" /><OBJECT OBJECTID="24360914" OBJECTGUID="2e58c6d3-50ff-453b-9ac4-b5e9b4663a8f" CHANGEID="689753071" ISACTIVE="1" LEVELID="10" CREATEDATE="2019-07-14" UPDATEDATE="2025-09-30" /><OBJECT OBJECTID="54634224" OBJECTGUID="3da96fad-ec04-4d2b-901a-685c85bd1dc8" CHANGEID="689737889" ISACTIVE="1" LEVELID="10" CREATEDATE="2019-07-14" UPDATEDATE="2025-09-30" /><OBJECT OBJECTID="54786517" OBJECTGUID="a00ea405-4661-4590-b6f6-af4d6346462c" CHANGEID="689737890" ISACTIVE="1" LEVELID="10" CREATEDATE="2019-07-14" UPDATEDATE="2025-09-30" /><OBJECT OBJECTID="157467445" OBJECTGUID="63b7750e-d4af-4931-b484-897bcf14c2ed" CHANGEID="689755242" ISACTIVE="1" LEVELID="10" CREATEDATE="2022-12-13" UPDATEDATE="2025-09-30" /><OBJECT OBJECTID="157812358" OBJECTGUID="11be6dbd-e9b1-411d-8381-02ced187f130" CHANGEID="689801775" ISACTIVE="1" LEVELID="10" CREATEDATE="2023-01-18" UPDATEDATE="2025-10-01" /><OBJECT OBJECTID="158422413" OBJECTGUID="e8d35787-efc3-48b1-ab3a-7073113f5bf9" CHANGEID="689755039" ISACTIVE="1" LEVELID="9" CREATEDATE="2023-03-28" UPDATEDATE="2025-09-30" /><OBJECT OBJECTID="160908201" OBJECTGUID="667dcf42-c92c-4696-9b7d-b7e79d44b30c" CHANGEID="689739221" ISACTIVE="1" LEVELID="9" CREATEDATE="2023-10-30" UPDATEDATE="2025-09-30" /><OBJECT OBJECTID="156790290" OBJECTGUID="e59abef9-8122-4e10-9610-d65fbaeb5366" CHANGEID="689801581" ISACTIVE="1" LEVELID="10" CREATEDATE="2022-10-27" UPDATEDATE="2025-10-01" /><OBJECT OBJECTID="164926419" OBJECTGUID="d2fab399-2f20-431e-83ab-de38a030c951" CHANGEID="689741130" ISACTIVE="1" LEVELID="10" CREATEDATE="2024-08-28" UPDATEDATE="2025-09-30" /><OBJECT OBJECTID="165530151" OBJECTGUID="9821a45c-eeda-4d1b-8142-b4b471e4ecab" CHANGEID="689741119" ISACTIVE="1" LEVELID="10" CREATEDATE="2024-09-23" UPDATEDATE="2025-09-30" /><OBJECT OBJECTID="166730172" OBJECTGUID="6ff4a5de-4ef5-4faf-86ac-035835fd6c9b" CHANGEID="689755243" ISACTIVE="1" LEVELID="10" CREATEDATE="2024-10-25" UPDATEDATE="2025-09-30" /><OBJECT OBJECTID="168539878" OBJECTGUID="04a27b9c-d6ac-4413-a720-d237547d1712" CHANGEID="689790224" ISACTIVE="1" LEVELID="10" CREATEDATE="2024-12-10" UPDATEDATE="2025-10-01" /><OBJECT OBJECTID="32840607" OBJECTGUID="51122629-37d4-40b4-b046-4e6885f1f0e4" CHANGEID="689816752" ISACTIVE="1" LEVELID="11" CREATEDATE="2019-02-26" UPDATEDATE="2025-10-01" /><OBJECT OBJECTID="169581670" OBJECTGUID="054d65f6-4181-481a-8b03-5568c4697b02" CHANGEID="689757051" ISACTIVE="1" LEVELID="11" CREATEDATE="2025-01-20" UPDATEDATE="2025-09-30" /><OBJECT OBJECTID="89745615" OBJECTGUID="15719442-f170-4175-86e7-81c2b050565a" CHANGEID="689750633" ISACTIVE="1" LEVELID="9" CREATEDATE="2016-04-19" UPDATEDATE="2025-09-30" /><OBJECT OBJECTID="160807088" OBJECTGUID="26b93632-8ba5-4a11-93c2-5e43710fc756" CHANGEID="689755041" ISACTIVE="1" LEVELID="9" CREATEDATE="2023-10-23" UPDATEDATE="2025-09-30" /><OBJECT OBJECTID="86684656" OBJECTGUID="313d6c31-1d95-4599-b870-49049a2f6b5f" CHANGEID="689743211" ISACTIVE="1" LEVELID="9" CREATEDATE="2017-06-28" UPDATEDATE="2025-09-30" /><OBJECT OBJECTID="86685090" OBJECTGUID="3f1be2dd-e00e-4292-9e7e-5815197cf7c2" CHANGEID="689743496" ISACTIVE="1" LEVELID="9" CREATEDATE="2017-06-28" UPDATEDATE="2025-09-30" /><OBJECT OBJECTID="92481165" OBJECTGUID="342ea2ef-9e0e-4d1c-ae0e-50bd8b552fa3" CHANGEID="689786638" ISACTIVE="1" LEVELID="9" CREATEDATE="2018-12-26" UPDATEDATE="2025-10-01" /><OBJECT OBJECTID="89656696" OBJECTGUID="3ed4887c-d45b-4948-924b-18f3518c778a" CHANGEID="689729865" ISACTIVE="1" LEVELID="9" CREATEDATE="2018-12-28" UPDATEDATE="2025-09-30" /><OBJECT OBJECTID="93572024" OBJECTGUID="4ff698f5-1a4e-4637-a743-2d7387f00758" CHANGEID="689643764" ISACTIVE="1" LEVELID="9" CREATEDATE="2019-10-23" UPDATEDATE="2025-09-29" /><OBJECT OBJECTID="86426245" OBJECTGUID="58337a77-2d75-4e23-a681-85208f6739dd" CHANGEID="689699733" ISACTIVE="1" LEVELID="9" CREATEDATE="2017-11-16" UPDATEDATE="2025-09-29" /><OBJECT OBJECTID="86686382" OBJECTGUID="52211935-827b-481b-a687-e0cdf9c9dabb" CHANGEID="689743914" ISACTIVE="1" LEVELID="9" CREATEDATE="2017-06-28" UPDATEDATE="2025-09-30" /><OBJECT OBJECTID="93889860" OBJECTGUID="75185fae-09ae-4457-9993-79a78e172d4e" CHANGEID="689648853" ISACTIVE="1" LEVELID="9" CREATEDATE="2017-10-06" UPDATEDATE="2025-09-29" /><OBJECT OBJECTID="89647944" OBJECTGUID="7f4b5c9a-2d82-45cf-95b7-00bbbf6b78f0" CHANGEID="689729864" ISACTIVE="1" LEVELID="9" CREATEDATE="2018-12-28" UPDATEDATE="2025-09-30" /><OBJECT OBJECTID="86676876" OBJECTGUID="6c38a140-a7b3-48e9-8aa3-a3f7df2278b3" CHANGEID="689740997" ISACTIVE="1" LEVELID="9" CREATEDATE="2017-06-28" UPDATEDATE="2025-09-30" /><OBJECT OBJECTID="99580729" OBJECTGUID="75f3e0f6-edd4-46e0-8bb9-f97a1e25ab4f" CHANGEID="689643760" ISACTIVE="1" LEVELID="9" CREATEDATE="2020-12-14" UPDATEDATE="2025-09-29" /><OBJECT OBJECTID="86796626" OBJECTGUID="6b20c009-f5b8-44dc-97bd-f7f9b0fef3ec" CHANGEID="689734996" ISACTIVE="1" LEVELID="9" CREATEDATE="2018-10-03" UPDATEDATE="2025-09-30" /><OBJECT OBJECTID="86685996" OBJECTGUID="920044f9-13c7-40b3-a0f2-34cc69ac4d86" CHANGEID="689743615" ISACTIVE="1" LEVELID="9" CREATEDATE="2017-06-28" UPDATEDATE="2025-09-30" /><OBJECT OBJECTID="157178514" OBJECTGUID="8d5940cc-21fd-44bd-9d08-23f4b451beb5" CHANGEID="689723032" ISACTIVE="1" LEVELID="9" CREATEDATE="2022-11-17" UPDATEDATE="2025-09-30" /><OBJECT OBJECTID="101613364" OBJECTGUID="8f17e039-9af8-4aab-af7b-815fcb920471" CHANGEID="689754277" ISACTIVE="1" LEVELID="9" CREATEDATE="2021-06-21" UPDATEDATE="2025-09-30" /><OBJECT OBJECTID="96506489" OBJECTGUID="8f4a523e-b4b1-4e2c-9ed9-175fb2cbd78d" CHANGEID="689739219" ISACTIVE="1" LEVELID="9" CREATEDATE="2020-04-27" UPDATEDATE="2025-09-30" /><OBJECT OBJECTID="94626086" OBJECTGUID="b2e72641-e5ab-4b2e-8322-a2957ac08239" CHANGEID="689698059" ISACTIVE="1" LEVELID="9" CREATEDATE="2019-04-22" UPDATEDATE="2025-09-29" /><OBJECT OBJECTID="86677932" OBJECTGUID="afc39367-dc68-4669-87e6-08d9c98a7a22" CHANGEID="689739066" ISACTIVE="1" LEVELID="9" CREATEDATE="2017-06-28" UPDATEDATE="2025-09-30" /><OBJECT OBJECTID="86677376" OBJECTGUID="a1506467-4199-40e6-a711-b5aea6b37de0" CHANGEID="689739422" ISACTIVE="1" LEVELID="9" CREATEDATE="2017-06-28" UPDATEDATE="2025-09-30" /><OBJECT OBJECTID="102667388" OBJECTGUID="a35d26ad-a861-4b01-b3ae-479badea6656" CHANGEID="689739220" ISACTIVE="1" LEVELID="9" CREATEDATE="2021-10-12" UPDATEDATE="2025-09-30" /><OBJECT OBJECTID="88508117" OBJECTGUID="a84627ea-5047-4597-8e8b-3ac54a329ec1" CHANGEID="689751057" ISACTIVE="1" LEVELID="9" CREATEDATE="2018-12-28" UPDATEDATE="2025-09-30" /><OBJECT OBJECTID="86676003" OBJECTGUID="c7deaaa4-903e-49f8-b740-a30e4150d266" CHANGEID="689752654" ISACTIVE="1" LEVELID="9" CREATEDATE="2017-06-28" UPDATEDATE="2025-09-30" /><OBJECT OBJECTID="87966509" OBJECTGUID="bb681b15-c769-428b-b1bd-b28abfc8b7db" CHANGEID="689751389" ISACTIVE="1" LEVELID="9" CREATEDATE="2018-12-26" UPDATEDATE="2025-09-30" /><OBJECT OBJECTID="86684266" OBJECTGUID="c539420d-09c5-4779-a5be-a20fd9571e6e" CHANGEID="689742709" ISACTIVE="1" LEVELID="9" CREATEDATE="2017-06-28" UPDATEDATE="2025-09-30" /><OBJECT OBJECTID="86676696" OBJECTGUID="bed67e8b-1d01-4c06-830f-5d6cac293601" CHANGEID="689741384" ISACTIVE="1" LEVELID="9" CREATEDATE="2017-06-28" UPDATEDATE="2025-09-30" /></REESTR_OBJECTS>