﻿<?xml version="1.0" encoding="utf-8"?><STEADS><STEAD ID="13166364" OBJECTID="99580729" OBJECTGUID="75f3e0f6-edd4-46e0-8bb9-f97a1e25ab4f" CHANGEID="163951280" NUMBER="375/14" OPERTYPEID="10" PREVID="0" NEXTID="74168070" UPDATEDATE="2025-09-29" STARTDATE="2020-12-14" ENDDATE="2025-09-29" ISACTUAL="0" ISACTIVE="0" /><STEAD ID="9038688" OBJECTID="93572024" OBJECTGUID="4ff698f5-1a4e-4637-a743-2d7387f00758" CHANGEID="136475247" NUMBER="257/14" OPERTYPEID="10" NEXTID="74168071" UPDATEDATE="2025-09-29" STARTDATE="2019-10-22" ENDDATE="2025-09-29" ISACTUAL="0" ISACTIVE="0" /><STEAD ID="9356607" OBJECTID="93889860" OBJECTGUID="75185fae-09ae-4457-9993-79a78e172d4e" CHANGEID="136813059" NUMBER="257/7" OPERTYPEID="10" NEXTID="74169767" UPDATEDATE="2025-09-29" STARTDATE="2017-10-06" ENDDATE="2025-09-29" ISACTUAL="0" ISACTIVE="0" /><STEAD ID="74167361" OBJECTID="174917140" OBJECTGUID="4f4d8046-45d8-4ee6-9f75-494f6f347181" CHANGEID="689640294" NUMBER="12" OPERTYPEID="10" PREVID="0" NEXTID="0" UPDATEDATE="2025-09-29" STARTDATE="2025-09-29" ENDDATE="2079-06-06" ISACTUAL="1" ISACTIVE="1" /><STEAD ID="74167368" OBJECTID="174917155" OBJECTGUID="7aa739dc-6bd9-489c-9e09-ae1d7d1bd31c" CHANGEID="689640319" NUMBER="4" OPERTYPEID="10" PREVID="0" NEXTID="0" UPDATEDATE="2025-09-29" STARTDATE="2025-09-29" ENDDATE="2079-06-06" ISACTUAL="1" ISACTIVE="1" /><STEAD ID="74168071" OBJECTID="93572024" OBJECTGUID="4ff698f5-1a4e-4637-a743-2d7387f00758" CHANGEID="689643764" NUMBER="29а/2/14" OPERTYPEID="20" PREVID="9038688" UPDATEDATE="2025-09-29" STARTDATE="2025-09-29" ENDDATE="2079-06-06" ISACTUAL="1" ISACTIVE="1" /><STEAD ID="74168070" OBJECTID="99580729" OBJECTGUID="75f3e0f6-edd4-46e0-8bb9-f97a1e25ab4f" CHANGEID="689643760" NUMBER="29а/3/14" OPERTYPEID="20" PREVID="13166364" UPDATEDATE="2025-09-29" STARTDATE="2025-09-29" ENDDATE="2079-06-06" ISACTUAL="1" ISACTIVE="1" /><STEAD ID="74168187" OBJECTID="174918655" OBJECTGUID="bfad92ea-b80e-48f4-8a5a-1d12fba5c054" CHANGEID="689644107" NUMBER="5" OPERTYPEID="10" PREVID="0" NEXTID="0" UPDATEDATE="2025-09-29" STARTDATE="2025-09-29" ENDDATE="2079-06-06" ISACTUAL="1" ISACTIVE="1" /><STEAD ID="74169767" OBJECTID="93889860" OBJECTGUID="75185fae-09ae-4457-9993-79a78e172d4e" CHANGEID="689648853" NUMBER="29а/2/7" OPERTYPEID="20" PREVID="9356607" UPDATEDATE="2025-09-29" STARTDATE="2025-09-29" ENDDATE="2079-06-06" ISACTUAL="1" ISACTIVE="1" /><STEAD ID="74170543" OBJECTID="174923731" OBJECTGUID="8cf2b237-3c9a-4945-9653-160e488091c2" CHANGEID="689651968" NUMBER="14/4" OPERTYPEID="10" PREVID="0" NEXTID="0" UPDATEDATE="2025-09-29" STARTDATE="2025-09-29" ENDDATE="2079-06-06" ISACTUAL="1" ISACTIVE="1" /><STEAD ID="74170544" OBJECTID="174923732" OBJECTGUID="6342d536-597e-4111-93f9-2c47e927cdc9" CHANGEID="689651969" NUMBER="14/3" OPERTYPEID="10" PREVID="0" NEXTID="0" UPDATEDATE="2025-09-29" STARTDATE="2025-09-29" ENDDATE="2079-06-06" ISACTUAL="1" ISACTIVE="1" /><STEAD ID="74170545" OBJECTID="174923733" OBJECTGUID="bc2e0ba4-d08a-4c10-98ce-74500f792eb3" CHANGEID="689651970" NUMBER="14/2" OPERTYPEID="10" PREVID="0" NEXTID="0" UPDATEDATE="2025-09-29" STARTDATE="2025-09-29" ENDDATE="2079-06-06" ISACTUAL="1" ISACTIVE="1" /><STEAD ID="74170546" OBJECTID="174923734" OBJECTGUID="cb8fe083-8585-454c-8dea-6331d59ca902" CHANGEID="689651971" NUMBER="14/1б" OPERTYPEID="10" PREVID="0" NEXTID="0" UPDATEDATE="2025-09-29" STARTDATE="2025-09-29" ENDDATE="2079-06-06" ISACTUAL="1" ISACTIVE="1" /><STEAD ID="74170547" OBJECTID="174923735" OBJECTGUID="41ec0275-56ae-494e-8d90-1167d6f522c2" CHANGEID="689651972" NUMBER="14/1а" OPERTYPEID="10" PREVID="0" NEXTID="0" UPDATEDATE="2025-09-29" STARTDATE="2025-09-29" ENDDATE="2079-06-06" ISACTUAL="1" ISACTIVE="1" /><STEAD ID="74170548" OBJECTID="174923736" OBJECTGUID="ca8f6c8b-417b-4328-83f5-81c043435526" CHANGEID="689651973" NUMBER="14/1" OPERTYPEID="10" PREVID="0" NEXTID="0" UPDATEDATE="2025-09-29" STARTDATE="2025-09-29" ENDDATE="2079-06-06" ISACTUAL="1" ISACTIVE="1" /><STEAD ID="74170549" OBJECTID="174923737" OBJECTGUID="0f879d04-c3e7-4016-9260-a7ab8b7b377c" CHANGEID="689651974" NUMBER="6/2" OPERTYPEID="10" PREVID="0" NEXTID="0" UPDATEDATE="2025-09-29" STARTDATE="2025-09-29" ENDDATE="2079-06-06" ISACTUAL="1" ISACTIVE="1" /><STEAD ID="74170550" OBJECTID="174923738" OBJECTGUID="6661ddaa-8b27-4ee9-a2fe-5dd68386c532" CHANGEID="689651975" NUMBER="6/1" OPERTYPEID="10" PREVID="0" NEXTID="0" UPDATEDATE="2025-09-29" STARTDATE="2025-09-29" ENDDATE="2079-06-06" ISACTUAL="1" ISACTIVE="1" /><STEAD ID="74170551" OBJECTID="174923739" OBJECTGUID="d4b0714f-78a2-44d2-b724-e1f6d1acaf2b" CHANGEID="689651976" NUMBER="8/5" OPERTYPEID="10" PREVID="0" NEXTID="0" UPDATEDATE="2025-09-29" STARTDATE="2025-09-29" ENDDATE="2079-06-06" ISACTUAL="1" ISACTIVE="1" /><STEAD ID="74170552" OBJECTID="174923740" OBJECTGUID="ff4e4561-73aa-4340-b4b7-7a0a2cb7e007" CHANGEID="689651977" NUMBER="10/2а" OPERTYPEID="10" PREVID="0" NEXTID="0" UPDATEDATE="2025-09-29" STARTDATE="2025-09-29" ENDDATE="2079-06-06" ISACTUAL="1" ISACTIVE="1" /><STEAD ID="74170553" OBJECTID="174923741" OBJECTGUID="704b9302-72a7-432d-8ec3-1fd5d0265fe8" CHANGEID="689651978" NUMBER="10" OPERTYPEID="10" PREVID="0" NEXTID="0" UPDATEDATE="2025-09-29" STARTDATE="2025-09-29" ENDDATE="2079-06-06" ISACTUAL="1" ISACTIVE="1" /><STEAD ID="74170554" OBJECTID="174923742" OBJECTGUID="56a8688d-badf-4db7-93b2-26c620f516e0" CHANGEID="689651979" NUMBER="4/8" OPERTYPEID="10" PREVID="0" NEXTID="0" UPDATEDATE="2025-09-29" STARTDATE="2025-09-29" ENDDATE="2079-06-06" ISACTUAL="1" ISACTIVE="1" /><STEAD ID="74170555" OBJECTID="174923743" OBJECTGUID="4bb020ad-6af2-435b-98ff-0dd595aec41f" CHANGEID="689651980" NUMBER="4/3" OPERTYPEID="10" PREVID="0" NEXTID="0" UPDATEDATE="2025-09-29" STARTDATE="2025-09-29" ENDDATE="2079-06-06" ISACTUAL="1" ISACTIVE="1" /><STEAD ID="74170556" OBJECTID="174923744" OBJECTGUID="4df83dcf-1c81-40a0-a833-7b826a9fb402" CHANGEID="689651981" NUMBER="4/2" OPERTYPEID="10" PREVID="0" NEXTID="0" UPDATEDATE="2025-09-29" STARTDATE="2025-09-29" ENDDATE="2079-06-06" ISACTUAL="1" ISACTIVE="1" /><STEAD ID="74170557" OBJECTID="174923745" OBJECTGUID="e8fd3a1c-e7ca-4420-bb4b-7f474ffdc46c" CHANGEID="689651982" NUMBER="14/4а" OPERTYPEID="10" PREVID="0" NEXTID="0" UPDATEDATE="2025-09-29" STARTDATE="2025-09-29" ENDDATE="2079-06-06" ISACTUAL="1" ISACTIVE="1" /><STEAD ID="74173404" OBJECTID="174930501" OBJECTGUID="71099d49-19ea-4638-b339-4e69fa7a6517" CHANGEID="689669760" NUMBER="32" OPERTYPEID="10" PREVID="0" NEXTID="0" UPDATEDATE="2025-09-29" STARTDATE="2025-09-29" ENDDATE="2079-06-06" ISACTUAL="1" ISACTIVE="1" /><STEAD ID="74174052" OBJECTID="174931779" OBJECTGUID="4e5d5abf-a8d5-4998-9963-55ad1e1e6dea" CHANGEID="689672028" NUMBER="4" OPERTYPEID="10" PREVID="0" NEXTID="0" UPDATEDATE="2025-09-29" STARTDATE="2025-09-29" ENDDATE="2079-06-06" ISACTUAL="1" ISACTIVE="1" /><STEAD ID="74175032" OBJECTID="174933614" OBJECTGUID="a8703cd5-0207-44c9-b170-349c5fa01c20" CHANGEID="689675176" NUMBER="2/10г" OPERTYPEID="10" PREVID="0" NEXTID="0" UPDATEDATE="2025-09-29" STARTDATE="2025-09-29" ENDDATE="2079-06-06" ISACTUAL="1" ISACTIVE="1" /><STEAD ID="74177308" OBJECTID="174939627" OBJECTGUID="de66d764-f0d2-4377-ba10-59c6982fe65e" CHANGEID="689688856" NUMBER="54" OPERTYPEID="10" PREVID="0" NEXTID="0" UPDATEDATE="2025-09-29" STARTDATE="2025-09-29" ENDDATE="2079-06-06" ISACTUAL="1" ISACTIVE="1" /><STEAD ID="74177387" OBJECTID="174939713" OBJECTGUID="54a0ecef-6930-4aa7-8ef0-0313f9e872e1" CHANGEID="689688967" NUMBER="26" OPERTYPEID="10" PREVID="0" NEXTID="0" UPDATEDATE="2025-09-29" STARTDATE="2025-09-29" ENDDATE="2079-06-06" ISACTUAL="1" ISACTIVE="1" /><STEAD ID="74178991" OBJECTID="174942302" OBJECTGUID="704a1e07-b71d-432f-873b-7b0201ce8774" CHANGEID="689694662" NUMBER="8А" OPERTYPEID="10" PREVID="0" NEXTID="0" UPDATEDATE="2025-09-29" STARTDATE="2025-09-29" ENDDATE="2079-06-06" ISACTUAL="1" ISACTIVE="1" /><STEAD ID="74179056" OBJECTID="174942425" OBJECTGUID="d907609e-2b82-4d1b-98fc-173ceb79b684" CHANGEID="689694827" NUMBER="8а" OPERTYPEID="10" PREVID="0" NEXTID="0" UPDATEDATE="2025-09-29" STARTDATE="2025-09-29" ENDDATE="2079-06-06" ISACTUAL="1" ISACTIVE="1" /><STEAD ID="74179120" OBJECTID="174942545" OBJECTGUID="8838ad5f-8982-4820-a3a3-dea1af493a5a" CHANGEID="689695052" NUMBER="42г/8/12" OPERTYPEID="10" PREVID="0" NEXTID="0" UPDATEDATE="2025-09-29" STARTDATE="2025-09-29" ENDDATE="2079-06-06" ISACTUAL="1" ISACTIVE="1" /><STEAD ID="74179200" OBJECTID="174942633" OBJECTGUID="dcac3178-495c-48fe-a0d3-852b1cf7538d" CHANGEID="689695168" NUMBER="42г/8/11" OPERTYPEID="10" PREVID="0" NEXTID="0" UPDATEDATE="2025-09-29" STARTDATE="2025-09-29" ENDDATE="2079-06-06" ISACTUAL="1" ISACTIVE="1" /><STEAD ID="74179106" OBJECTID="174942526" OBJECTGUID="85f16b0f-b7d5-4719-a1b6-a1248c741bf2" CHANGEID="689695007" NUMBER="42г/8/13" OPERTYPEID="10" PREVID="0" NEXTID="0" UPDATEDATE="2025-09-29" STARTDATE="2025-09-29" ENDDATE="2079-06-06" ISACTUAL="1" ISACTIVE="1" /><STEAD ID="74180005" OBJECTID="174944161" OBJECTGUID="bb769035-0a55-4d02-b636-287f9a4098af" CHANGEID="689697638" NUMBER="2б" OPERTYPEID="10" PREVID="0" NEXTID="0" UPDATEDATE="2025-09-29" STARTDATE="2025-09-29" ENDDATE="2079-06-06" ISACTUAL="1" ISACTIVE="1" /><STEAD ID="74186807" OBJECTID="174955074" OBJECTGUID="79a9cd74-d3f6-4ed8-ab55-04c12be7a7db" CHANGEID="689722987" NUMBER="11" OPERTYPEID="10" PREVID="0" NEXTID="0" UPDATEDATE="2025-09-30" STARTDATE="2025-09-30" ENDDATE="2079-06-06" ISACTUAL="1" ISACTIVE="1" /><STEAD ID="74188813" OBJECTID="174958586" OBJECTGUID="28ca1f63-d13e-4c95-ac1d-1f8dcb58d2ef" CHANGEID="689732017" NUMBER="11" OPERTYPEID="10" PREVID="0" NEXTID="0" UPDATEDATE="2025-09-30" STARTDATE="2025-09-30" ENDDATE="2079-06-06" ISACTUAL="1" ISACTIVE="1" /><STEAD ID="74188995" OBJECTID="174958834" OBJECTGUID="1a66830a-829d-404b-b42e-825efe4b6608" CHANGEID="689732810" NUMBER="81" OPERTYPEID="10" PREVID="0" NEXTID="0" UPDATEDATE="2025-09-30" STARTDATE="2025-09-30" ENDDATE="2079-06-06" ISACTUAL="1" ISACTIVE="1" /><STEAD ID="74189042" OBJECTID="174958909" OBJECTGUID="567241dd-3c8a-4819-8ed4-cb177b95e802" CHANGEID="689732938" NUMBER="139" OPERTYPEID="10" PREVID="0" NEXTID="0" UPDATEDATE="2025-09-30" STARTDATE="2025-09-30" ENDDATE="2079-06-06" ISACTUAL="1" ISACTIVE="1" /><STEAD ID="74189427" OBJECTID="174959617" OBJECTGUID="b7a54ff9-7d76-4fea-af79-52845e7c4e30" CHANGEID="689734414" NUMBER="257/19/101" OPERTYPEID="10" PREVID="0" NEXTID="0" UPDATEDATE="2025-09-30" STARTDATE="2025-09-30" ENDDATE="2079-06-06" ISACTUAL="1" ISACTIVE="1" /><STEAD ID="74189689" OBJECTID="174960077" OBJECTGUID="7622b102-375e-41bd-b037-f3ca516838cf" CHANGEID="689735175" NUMBER="346" OPERTYPEID="10" PREVID="0" NEXTID="0" UPDATEDATE="2025-09-30" STARTDATE="2025-09-30" ENDDATE="2079-06-06" ISACTUAL="1" ISACTIVE="1" /><STEAD ID="74189772" OBJECTID="174960171" OBJECTGUID="e41f4207-7187-4845-afde-672bb56f4605" CHANGEID="689735304" NUMBER="34/5/5" OPERTYPEID="10" PREVID="0" NEXTID="0" UPDATEDATE="2025-09-30" STARTDATE="2025-09-30" ENDDATE="2079-06-06" ISACTUAL="1" ISACTIVE="1" /><STEAD ID="74189790" OBJECTID="174960199" OBJECTGUID="62d568b3-cc35-4f3d-91a1-834bc91e4267" CHANGEID="689735342" NUMBER="34/5/6" OPERTYPEID="10" PREVID="0" NEXTID="0" UPDATEDATE="2025-09-30" STARTDATE="2025-09-30" ENDDATE="2079-06-06" ISACTUAL="1" ISACTIVE="1" /><STEAD ID="74189721" OBJECTID="174960117" OBJECTGUID="0fec6675-2533-4c3d-afab-7bbeac96447f" CHANGEID="689735236" NUMBER="108/13/21" OPERTYPEID="10" PREVID="0" NEXTID="0" UPDATEDATE="2025-09-30" STARTDATE="2025-09-30" ENDDATE="2079-06-06" ISACTUAL="1" ISACTIVE="1" /><STEAD ID="74191229" OBJECTID="174962213" OBJECTGUID="150b27db-7ee3-451c-9f06-2648fa3ec757" CHANGEID="689740308" NUMBER="1/3/65" OPERTYPEID="10" PREVID="0" NEXTID="0" UPDATEDATE="2025-09-30" STARTDATE="2025-09-30" ENDDATE="2079-06-06" ISACTUAL="1" ISACTIVE="1" /><STEAD ID="74191217" OBJECTID="174962193" OBJECTGUID="74403509-0b4b-4d3c-b7b2-60234b8a1c36" CHANGEID="689740268" NUMBER="352" OPERTYPEID="10" PREVID="0" NEXTID="0" UPDATEDATE="2025-09-30" STARTDATE="2025-09-30" ENDDATE="2079-06-06" ISACTUAL="1" ISACTIVE="1" /><STEAD ID="74196452" OBJECTID="174970501" OBJECTGUID="262e55dd-0e5e-4650-9ad1-9b778aac3007" CHANGEID="689759134" NUMBER="26б" OPERTYPEID="10" PREVID="0" NEXTID="0" UPDATEDATE="2025-09-30" STARTDATE="2025-09-30" ENDDATE="2079-06-06" ISACTUAL="1" ISACTIVE="1" /><STEAD ID="74198352" OBJECTID="174975009" OBJECTGUID="727529f0-23b0-477a-9cf5-9f26ff40ce01" CHANGEID="689786897" NUMBER="29а" OPERTYPEID="10" PREVID="0" NEXTID="0" UPDATEDATE="2025-10-01" STARTDATE="2025-10-01" ENDDATE="2079-06-06" ISACTUAL="1" ISACTIVE="1" /><STEAD ID="74198353" OBJECTID="174975010" OBJECTGUID="0ab2c09a-91c1-4974-ac36-fb47fb9a11bd" CHANGEID="689786898" NUMBER="29в" OPERTYPEID="10" PREVID="0" NEXTID="0" UPDATEDATE="2025-10-01" STARTDATE="2025-10-01" ENDDATE="2079-06-06" ISACTUAL="1" ISACTIVE="1" /><STEAD ID="74198354" OBJECTID="174975011" OBJECTGUID="23cddc7b-3ac9-43f9-9c95-23ad1aec27c2" CHANGEID="689786899" NUMBER="29б" OPERTYPEID="10" PREVID="0" NEXTID="0" UPDATEDATE="2025-10-01" STARTDATE="2025-10-01" ENDDATE="2079-06-06" ISACTUAL="1" ISACTIVE="1" /><STEAD ID="74198355" OBJECTID="174975012" OBJECTGUID="7a88b262-94a5-401e-9e7f-b6dee2cb3192" CHANGEID="689786900" NUMBER="32" OPERTYPEID="10" PREVID="0" NEXTID="0" UPDATEDATE="2025-10-01" STARTDATE="2025-10-01" ENDDATE="2079-06-06" ISACTUAL="1" ISACTIVE="1" /><STEAD ID="74198356" OBJECTID="174975013" OBJECTGUID="5e922f4c-9f2b-4d03-97d3-246f3bf2c02a" CHANGEID="689786901" NUMBER="28" OPERTYPEID="10" PREVID="0" NEXTID="0" UPDATEDATE="2025-10-01" STARTDATE="2025-10-01" ENDDATE="2079-06-06" ISACTUAL="1" ISACTIVE="1" /><STEAD ID="74198357" OBJECTID="174975014" OBJECTGUID="f9562b03-b81c-4821-9fd8-c93cc796f6be" CHANGEID="689786902" NUMBER="24" OPERTYPEID="10" PREVID="0" NEXTID="0" UPDATEDATE="2025-10-01" STARTDATE="2025-10-01" ENDDATE="2079-06-06" ISACTUAL="1" ISACTIVE="1" /><STEAD ID="74198358" OBJECTID="174975015" OBJECTGUID="1010c92d-7ebb-4d03-8a9e-f3d9f4d52fbb" CHANGEID="689786903" NUMBER="23а" OPERTYPEID="10" PREVID="0" NEXTID="0" UPDATEDATE="2025-10-01" STARTDATE="2025-10-01" ENDDATE="2079-06-06" ISACTUAL="1" ISACTIVE="1" /><STEAD ID="74198359" OBJECTID="174975016" OBJECTGUID="8f690d2e-4d28-44e3-b739-4e5c3ca9bfe9" CHANGEID="689786904" NUMBER="21а" OPERTYPEID="10" PREVID="0" NEXTID="0" UPDATEDATE="2025-10-01" STARTDATE="2025-10-01" ENDDATE="2079-06-06" ISACTUAL="1" ISACTIVE="1" /><STEAD ID="74198360" OBJECTID="174975017" OBJECTGUID="e3f73d16-92f5-4c61-b13f-a35f2901b7aa" CHANGEID="689786905" NUMBER="21" OPERTYPEID="10" PREVID="0" NEXTID="0" UPDATEDATE="2025-10-01" STARTDATE="2025-10-01" ENDDATE="2079-06-06" ISACTUAL="1" ISACTIVE="1" /><STEAD ID="74198361" OBJECTID="174975018" OBJECTGUID="88b93618-a889-4765-b754-385a4717d09d" CHANGEID="689786906" NUMBER="19" OPERTYPEID="10" PREVID="0" NEXTID="0" UPDATEDATE="2025-10-01" STARTDATE="2025-10-01" ENDDATE="2079-06-06" ISACTUAL="1" ISACTIVE="1" /><STEAD ID="74198362" OBJECTID="174975019" OBJECTGUID="3c5b4912-fd5e-45e5-937f-5b8b23b1ede0" CHANGEID="689786907" NUMBER="18" OPERTYPEID="10" PREVID="0" NEXTID="0" UPDATEDATE="2025-10-01" STARTDATE="2025-10-01" ENDDATE="2079-06-06" ISACTUAL="1" ISACTIVE="1" /><STEAD ID="74198363" OBJECTID="174975020" OBJECTGUID="d3af8064-9a91-4470-8119-f74e9fe4a005" CHANGEID="689786908" NUMBER="13а" OPERTYPEID="10" PREVID="0" NEXTID="0" UPDATEDATE="2025-10-01" STARTDATE="2025-10-01" ENDDATE="2079-06-06" ISACTUAL="1" ISACTIVE="1" /><STEAD ID="74198364" OBJECTID="174975021" OBJECTGUID="eb6cff8b-1e20-4c7a-8868-932f2b6ecc34" CHANGEID="689786909" NUMBER="13" OPERTYPEID="10" PREVID="0" NEXTID="0" UPDATEDATE="2025-10-01" STARTDATE="2025-10-01" ENDDATE="2079-06-06" ISACTUAL="1" ISACTIVE="1" /><STEAD ID="74198365" OBJECTID="174975022" OBJECTGUID="4e95fa9e-7c67-4761-a9c9-9f53b7596c23" CHANGEID="689786910" NUMBER="11б" OPERTYPEID="10" PREVID="0" NEXTID="0" UPDATEDATE="2025-10-01" STARTDATE="2025-10-01" ENDDATE="2079-06-06" ISACTUAL="1" ISACTIVE="1" /><STEAD ID="74198366" OBJECTID="174975023" OBJECTGUID="0e6f087a-8ce9-4011-b3ae-0f07085e689c" CHANGEID="689786911" NUMBER="6" OPERTYPEID="10" PREVID="0" NEXTID="0" UPDATEDATE="2025-10-01" STARTDATE="2025-10-01" ENDDATE="2079-06-06" ISACTUAL="1" ISACTIVE="1" /><STEAD ID="74198367" OBJECTID="174975024" OBJECTGUID="723ef7c4-ef62-4554-8eba-7bb2dab80959" CHANGEID="689786912" NUMBER="4б/1" OPERTYPEID="10" PREVID="0" NEXTID="0" UPDATEDATE="2025-10-01" STARTDATE="2025-10-01" ENDDATE="2079-06-06" ISACTUAL="1" ISACTIVE="1" /><STEAD ID="74198368" OBJECTID="174975025" OBJECTGUID="5185d105-596d-4d3d-8fcc-d21ee0cf4779" CHANGEID="689786913" NUMBER="4а" OPERTYPEID="10" PREVID="0" NEXTID="0" UPDATEDATE="2025-10-01" STARTDATE="2025-10-01" ENDDATE="2079-06-06" ISACTUAL="1" ISACTIVE="1" /><STEAD ID="74199052" OBJECTID="174976555" OBJECTGUID="62ef6627-4420-4f46-9a47-474052092c97" CHANGEID="689790203" NUMBER="53" OPERTYPEID="10" PREVID="0" NEXTID="0" UPDATEDATE="2025-10-01" STARTDATE="2025-10-01" ENDDATE="2079-06-06" ISACTUAL="1" ISACTIVE="1" /><STEAD ID="74199278" OBJECTID="174976867" OBJECTGUID="a528e90d-e5e3-4534-af79-ac59e1708eae" CHANGEID="689790730" NUMBER="18" OPERTYPEID="10" PREVID="0" NEXTID="0" UPDATEDATE="2025-10-01" STARTDATE="2025-10-01" ENDDATE="2079-06-06" ISACTUAL="1" ISACTIVE="1" /><STEAD ID="74201237" OBJECTID="174980378" OBJECTGUID="7114fcd4-9fb2-4b21-a7f5-c3f1e91c493d" CHANGEID="689796518" NUMBER="25/4" OPERTYPEID="10" PREVID="0" NEXTID="0" UPDATEDATE="2025-10-01" STARTDATE="2025-10-01" ENDDATE="2079-06-06" ISACTUAL="1" ISACTIVE="1" /><STEAD ID="74201243" OBJECTID="174980389" OBJECTGUID="70387052-c854-400e-9e26-17dc69978249" CHANGEID="689796559" NUMBER="16/1/1" OPERTYPEID="10" PREVID="0" NEXTID="0" UPDATEDATE="2025-10-01" STARTDATE="2025-10-01" ENDDATE="2079-06-06" ISACTUAL="1" ISACTIVE="1" /><STEAD ID="74201784" OBJECTID="174981095" OBJECTGUID="472e0a63-4bf3-493f-94d7-7ce2187f21d1" CHANGEID="689798799" NUMBER="251/3/15" OPERTYPEID="10" PREVID="0" NEXTID="0" UPDATEDATE="2025-10-01" STARTDATE="2025-10-01" ENDDATE="2079-06-06" ISACTUAL="1" ISACTIVE="1" /><STEAD ID="74201788" OBJECTID="174981100" OBJECTGUID="c35e0771-a2bf-405c-919f-6ac6fc008e77" CHANGEID="689798808" NUMBER="13/1/77" OPERTYPEID="10" PREVID="0" NEXTID="0" UPDATEDATE="2025-10-01" STARTDATE="2025-10-01" ENDDATE="2079-06-06" ISACTUAL="1" ISACTIVE="1" /><STEAD ID="74205589" OBJECTID="174988465" OBJECTGUID="7bfd9077-db3f-4d22-9ef2-5a849e811320" CHANGEID="689813267" NUMBER="12" OPERTYPEID="10" PREVID="0" NEXTID="0" UPDATEDATE="2025-10-01" STARTDATE="2025-10-01" ENDDATE="2079-06-06" ISACTUAL="1" ISACTIVE="1" /><STEAD ID="74205590" OBJECTID="174988466" OBJECTGUID="0ee71ec6-9c2c-4fff-a188-5842e82e7421" CHANGEID="689813268" NUMBER="10" OPERTYPEID="10" PREVID="0" NEXTID="0" UPDATEDATE="2025-10-01" STARTDATE="2025-10-01" ENDDATE="2079-06-06" ISACTUAL="1" ISACTIVE="1" /><STEAD ID="74205591" OBJECTID="174988467" OBJECTGUID="bd12c38b-49e4-4812-a68f-2bdcd4134b8f" CHANGEID="689813269" NUMBER="8" OPERTYPEID="10" PREVID="0" NEXTID="0" UPDATEDATE="2025-10-01" STARTDATE="2025-10-01" ENDDATE="2079-06-06" ISACTUAL="1" ISACTIVE="1" /><STEAD ID="74205592" OBJECTID="174988468" OBJECTGUID="65d74066-89ef-4824-8fa6-21685e134213" CHANGEID="689813270" NUMBER="6" OPERTYPEID="10" PREVID="0" NEXTID="0" UPDATEDATE="2025-10-01" STARTDATE="2025-10-01" ENDDATE="2079-06-06" ISACTUAL="1" ISACTIVE="1" /><STEAD ID="74205813" OBJECTID="174988927" OBJECTGUID="523a95bb-4d6e-4ac5-8c45-e5f932ef6bb3" CHANGEID="689813977" NUMBER="141" OPERTYPEID="10" PREVID="0" NEXTID="0" UPDATEDATE="2025-10-01" STARTDATE="2025-10-01" ENDDATE="2079-06-06" ISACTUAL="1" ISACTIVE="1" /></STEADS>