﻿<?xml version="1.0" encoding="utf-8"?><APARTMENTS><APARTMENT ID="111793425" OBJECTID="174911742" OBJECTGUID="2349f044-d2e3-471e-9fc4-02e437652af0" CHANGEID="689629029" NUMBER="16" APARTTYPE="2" OPERTYPEID="10" PREVID="0" NEXTID="0" UPDATEDATE="2025-09-29" STARTDATE="2025-09-29" ENDDATE="2079-06-06" ISACTUAL="1" ISACTIVE="1" /><APARTMENT ID="111793426" OBJECTID="174911743" OBJECTGUID="5928a472-7d89-4a64-9ce8-1779718a67fc" CHANGEID="689629030" NUMBER="24" APARTTYPE="2" OPERTYPEID="10" PREVID="0" NEXTID="0" UPDATEDATE="2025-09-29" STARTDATE="2025-09-29" ENDDATE="2079-06-06" ISACTUAL="1" ISACTIVE="1" /><APARTMENT ID="111793427" OBJECTID="174911744" OBJECTGUID="e2193f93-e4ad-4014-8c4e-03d358cb5f11" CHANGEID="689629031" NUMBER="23" APARTTYPE="2" OPERTYPEID="10" PREVID="0" NEXTID="0" UPDATEDATE="2025-09-29" STARTDATE="2025-09-29" ENDDATE="2079-06-06" ISACTUAL="1" ISACTIVE="1" /><APARTMENT ID="111793428" OBJECTID="174911745" OBJECTGUID="fbbb0988-f9ad-44a5-a4cd-3e2673a9cd5d" CHANGEID="689629032" NUMBER="22" APARTTYPE="2" OPERTYPEID="10" PREVID="0" NEXTID="0" UPDATEDATE="2025-09-29" STARTDATE="2025-09-29" ENDDATE="2079-06-06" ISACTUAL="1" ISACTIVE="1" /><APARTMENT ID="111793429" OBJECTID="174911746" OBJECTGUID="aa181778-a15f-41f5-a42c-db1b448ea928" CHANGEID="689629033" NUMBER="21" APARTTYPE="2" OPERTYPEID="10" PREVID="0" NEXTID="0" UPDATEDATE="2025-09-29" STARTDATE="2025-09-29" ENDDATE="2079-06-06" ISACTUAL="1" ISACTIVE="1" /><APARTMENT ID="111793430" OBJECTID="174911747" OBJECTGUID="3497f673-83e0-4b2a-a616-bfaaf5f27ca4" CHANGEID="689629034" NUMBER="20" APARTTYPE="2" OPERTYPEID="10" PREVID="0" NEXTID="0" UPDATEDATE="2025-09-29" STARTDATE="2025-09-29" ENDDATE="2079-06-06" ISACTUAL="1" ISACTIVE="1" /><APARTMENT ID="111793431" OBJECTID="174911748" OBJECTGUID="3cfcfa6c-efbf-4fab-9a72-d7a044a3db52" CHANGEID="689629035" NUMBER="19" APARTTYPE="2" OPERTYPEID="10" PREVID="0" NEXTID="0" UPDATEDATE="2025-09-29" STARTDATE="2025-09-29" ENDDATE="2079-06-06" ISACTUAL="1" ISACTIVE="1" /><APARTMENT ID="111793432" OBJECTID="174911749" OBJECTGUID="3ab5f9c7-5896-4b57-b80f-48f51e08d55e" CHANGEID="689629036" NUMBER="18" APARTTYPE="2" OPERTYPEID="10" PREVID="0" NEXTID="0" UPDATEDATE="2025-09-29" STARTDATE="2025-09-29" ENDDATE="2079-06-06" ISACTUAL="1" ISACTIVE="1" /><APARTMENT ID="111793433" OBJECTID="174911750" OBJECTGUID="5e0f27a6-0340-410a-8b4b-78ee3c875b75" CHANGEID="689629037" NUMBER="17" APARTTYPE="2" OPERTYPEID="10" PREVID="0" NEXTID="0" UPDATEDATE="2025-09-29" STARTDATE="2025-09-29" ENDDATE="2079-06-06" ISACTUAL="1" ISACTIVE="1" /><APARTMENT ID="111793434" OBJECTID="174911751" OBJECTGUID="814e2c99-769a-4741-9765-d9f89b1e3283" CHANGEID="689629038" NUMBER="14" APARTTYPE="2" OPERTYPEID="10" PREVID="0" NEXTID="0" UPDATEDATE="2025-09-29" STARTDATE="2025-09-29" ENDDATE="2079-06-06" ISACTUAL="1" ISACTIVE="1" /><APARTMENT ID="111793435" OBJECTID="174911752" OBJECTGUID="02172d8c-5b56-45f6-898d-1e2211f284e3" CHANGEID="689629039" NUMBER="13" APARTTYPE="2" OPERTYPEID="10" PREVID="0" NEXTID="0" UPDATEDATE="2025-09-29" STARTDATE="2025-09-29" ENDDATE="2079-06-06" ISACTUAL="1" ISACTIVE="1" /><APARTMENT ID="111793436" OBJECTID="174911753" OBJECTGUID="9d0b07a2-6c18-4931-9b83-e5c22ba6b813" CHANGEID="689629040" NUMBER="12" APARTTYPE="2" OPERTYPEID="10" PREVID="0" NEXTID="0" UPDATEDATE="2025-09-29" STARTDATE="2025-09-29" ENDDATE="2079-06-06" ISACTUAL="1" ISACTIVE="1" /><APARTMENT ID="111793437" OBJECTID="174911754" OBJECTGUID="2f8df146-87b5-4041-97e7-fe3fef2df21a" CHANGEID="689629041" NUMBER="11" APARTTYPE="2" OPERTYPEID="10" PREVID="0" NEXTID="0" UPDATEDATE="2025-09-29" STARTDATE="2025-09-29" ENDDATE="2079-06-06" ISACTUAL="1" ISACTIVE="1" /><APARTMENT ID="111793438" OBJECTID="174911755" OBJECTGUID="7a875d02-5729-4d78-a998-5a7e536f9695" CHANGEID="689629042" NUMBER="10" APARTTYPE="2" OPERTYPEID="10" PREVID="0" NEXTID="0" UPDATEDATE="2025-09-29" STARTDATE="2025-09-29" ENDDATE="2079-06-06" ISACTUAL="1" ISACTIVE="1" /><APARTMENT ID="111793439" OBJECTID="174911756" OBJECTGUID="0e05443c-315e-4e76-ab0c-a38e4983e306" CHANGEID="689629043" NUMBER="9" APARTTYPE="2" OPERTYPEID="10" PREVID="0" NEXTID="0" UPDATEDATE="2025-09-29" STARTDATE="2025-09-29" ENDDATE="2079-06-06" ISACTUAL="1" ISACTIVE="1" /><APARTMENT ID="111793440" OBJECTID="174911757" OBJECTGUID="ee4c38a5-fffc-4155-b4bb-9ba8eb956a59" CHANGEID="689629044" NUMBER="8" APARTTYPE="2" OPERTYPEID="10" PREVID="0" NEXTID="0" UPDATEDATE="2025-09-29" STARTDATE="2025-09-29" ENDDATE="2079-06-06" ISACTUAL="1" ISACTIVE="1" /><APARTMENT ID="111793441" OBJECTID="174911758" OBJECTGUID="deab153a-1561-4ce2-9cdc-7da2ea9e746a" CHANGEID="689629045" NUMBER="7" APARTTYPE="2" OPERTYPEID="10" PREVID="0" NEXTID="0" UPDATEDATE="2025-09-29" STARTDATE="2025-09-29" ENDDATE="2079-06-06" ISACTUAL="1" ISACTIVE="1" /><APARTMENT ID="111793442" OBJECTID="174911759" OBJECTGUID="9236e6e9-8ece-43c1-9e53-69b89fffe941" CHANGEID="689629046" NUMBER="6" APARTTYPE="2" OPERTYPEID="10" PREVID="0" NEXTID="0" UPDATEDATE="2025-09-29" STARTDATE="2025-09-29" ENDDATE="2079-06-06" ISACTUAL="1" ISACTIVE="1" /><APARTMENT ID="111793443" OBJECTID="174911760" OBJECTGUID="8063da7c-b024-4da6-ac4e-a3a02c85d3a1" CHANGEID="689629047" NUMBER="5" APARTTYPE="2" OPERTYPEID="10" PREVID="0" NEXTID="0" UPDATEDATE="2025-09-29" STARTDATE="2025-09-29" ENDDATE="2079-06-06" ISACTUAL="1" ISACTIVE="1" /><APARTMENT ID="111793444" OBJECTID="174911761" OBJECTGUID="5c9a6c42-4f95-4751-8bd3-dc34c2ab1466" CHANGEID="689629048" NUMBER="4" APARTTYPE="2" OPERTYPEID="10" PREVID="0" NEXTID="0" UPDATEDATE="2025-09-29" STARTDATE="2025-09-29" ENDDATE="2079-06-06" ISACTUAL="1" ISACTIVE="1" /><APARTMENT ID="111793445" OBJECTID="174911762" OBJECTGUID="35aed5bb-83bd-44d7-bb8c-0a23b087b9ed" CHANGEID="689629049" NUMBER="3" APARTTYPE="2" OPERTYPEID="10" PREVID="0" NEXTID="0" UPDATEDATE="2025-09-29" STARTDATE="2025-09-29" ENDDATE="2079-06-06" ISACTUAL="1" ISACTIVE="1" /><APARTMENT ID="111793446" OBJECTID="174911763" OBJECTGUID="7967e892-7524-497e-8d4e-7847258347e6" CHANGEID="689629050" NUMBER="2" APARTTYPE="2" OPERTYPEID="10" PREVID="0" NEXTID="0" UPDATEDATE="2025-09-29" STARTDATE="2025-09-29" ENDDATE="2079-06-06" ISACTUAL="1" ISACTIVE="1" /><APARTMENT ID="111793447" OBJECTID="174911764" OBJECTGUID="a769193b-2446-4198-842c-b7ac583d41ab" CHANGEID="689629051" NUMBER="1" APARTTYPE="2" OPERTYPEID="10" PREVID="0" NEXTID="0" UPDATEDATE="2025-09-29" STARTDATE="2025-09-29" ENDDATE="2079-06-06" ISACTUAL="1" ISACTIVE="1" /><APARTMENT ID="111793448" OBJECTID="174911765" OBJECTGUID="83e51114-e242-4416-899f-e3a2e9d22b6c" CHANGEID="689629052" NUMBER="15" APARTTYPE="2" OPERTYPEID="10" PREVID="0" NEXTID="0" UPDATEDATE="2025-09-29" STARTDATE="2025-09-29" ENDDATE="2079-06-06" ISACTUAL="1" ISACTIVE="1" /></APARTMENTS>