﻿<?xml version="1.0" encoding="utf-8"?><REESTR_OBJECTS><OBJECT OBJECTID="68708738" OBJECTGUID="8d253b88-01ae-4fcc-9ab5-3a2a06e75dd3" CHANGEID="689779386" ISACTIVE="1" LEVELID="10" CREATEDATE="2017-12-18" UPDATEDATE="2025-10-01" /><OBJECT OBJECTID="9212519" OBJECTGUID="40204b4c-f6b6-4dc8-bb09-a0f8ee43cbcb" CHANGEID="689779388" ISACTIVE="1" LEVELID="10" CREATEDATE="2017-12-18" UPDATEDATE="2025-10-01" /><OBJECT OBJECTID="68791683" OBJECTGUID="42d9250e-c6f2-4efd-a7bd-7a741ad5a872" CHANGEID="689781553" ISACTIVE="1" LEVELID="11" CREATEDATE="2018-01-12" UPDATEDATE="2025-10-01" /><OBJECT OBJECTID="174911742" OBJECTGUID="2349f044-d2e3-471e-9fc4-02e437652af0" CHANGEID="689629029" ISACTIVE="1" LEVELID="11" CREATEDATE="2025-09-29" UPDATEDATE="2025-09-29" /><OBJECT OBJECTID="174911743" OBJECTGUID="5928a472-7d89-4a64-9ce8-1779718a67fc" CHANGEID="689629030" ISACTIVE="1" LEVELID="11" CREATEDATE="2025-09-29" UPDATEDATE="2025-09-29" /><OBJECT OBJECTID="174911744" OBJECTGUID="e2193f93-e4ad-4014-8c4e-03d358cb5f11" CHANGEID="689629031" ISACTIVE="1" LEVELID="11" CREATEDATE="2025-09-29" UPDATEDATE="2025-09-29" /><OBJECT OBJECTID="174911745" OBJECTGUID="fbbb0988-f9ad-44a5-a4cd-3e2673a9cd5d" CHANGEID="689629032" ISACTIVE="1" LEVELID="11" CREATEDATE="2025-09-29" UPDATEDATE="2025-09-29" /><OBJECT OBJECTID="174911746" OBJECTGUID="aa181778-a15f-41f5-a42c-db1b448ea928" CHANGEID="689629033" ISACTIVE="1" LEVELID="11" CREATEDATE="2025-09-29" UPDATEDATE="2025-09-29" /><OBJECT OBJECTID="174911747" OBJECTGUID="3497f673-83e0-4b2a-a616-bfaaf5f27ca4" CHANGEID="689629034" ISACTIVE="1" LEVELID="11" CREATEDATE="2025-09-29" UPDATEDATE="2025-09-29" /><OBJECT OBJECTID="174911748" OBJECTGUID="3cfcfa6c-efbf-4fab-9a72-d7a044a3db52" CHANGEID="689629035" ISACTIVE="1" LEVELID="11" CREATEDATE="2025-09-29" UPDATEDATE="2025-09-29" /><OBJECT OBJECTID="174911749" OBJECTGUID="3ab5f9c7-5896-4b57-b80f-48f51e08d55e" CHANGEID="689629036" ISACTIVE="1" LEVELID="11" CREATEDATE="2025-09-29" UPDATEDATE="2025-09-29" /><OBJECT OBJECTID="174911750" OBJECTGUID="5e0f27a6-0340-410a-8b4b-78ee3c875b75" CHANGEID="689629037" ISACTIVE="1" LEVELID="11" CREATEDATE="2025-09-29" UPDATEDATE="2025-09-29" /><OBJECT OBJECTID="174911751" OBJECTGUID="814e2c99-769a-4741-9765-d9f89b1e3283" CHANGEID="689629038" ISACTIVE="1" LEVELID="11" CREATEDATE="2025-09-29" UPDATEDATE="2025-09-29" /><OBJECT OBJECTID="174911752" OBJECTGUID="02172d8c-5b56-45f6-898d-1e2211f284e3" CHANGEID="689629039" ISACTIVE="1" LEVELID="11" CREATEDATE="2025-09-29" UPDATEDATE="2025-09-29" /><OBJECT OBJECTID="174911753" OBJECTGUID="9d0b07a2-6c18-4931-9b83-e5c22ba6b813" CHANGEID="689629040" ISACTIVE="1" LEVELID="11" CREATEDATE="2025-09-29" UPDATEDATE="2025-09-29" /><OBJECT OBJECTID="174911754" OBJECTGUID="2f8df146-87b5-4041-97e7-fe3fef2df21a" CHANGEID="689629041" ISACTIVE="1" LEVELID="11" CREATEDATE="2025-09-29" UPDATEDATE="2025-09-29" /><OBJECT OBJECTID="174911755" OBJECTGUID="7a875d02-5729-4d78-a998-5a7e536f9695" CHANGEID="689629042" ISACTIVE="1" LEVELID="11" CREATEDATE="2025-09-29" UPDATEDATE="2025-09-29" /><OBJECT OBJECTID="174911756" OBJECTGUID="0e05443c-315e-4e76-ab0c-a38e4983e306" CHANGEID="689629043" ISACTIVE="1" LEVELID="11" CREATEDATE="2025-09-29" UPDATEDATE="2025-09-29" /><OBJECT OBJECTID="174911757" OBJECTGUID="ee4c38a5-fffc-4155-b4bb-9ba8eb956a59" CHANGEID="689629044" ISACTIVE="1" LEVELID="11" CREATEDATE="2025-09-29" UPDATEDATE="2025-09-29" /><OBJECT OBJECTID="174911758" OBJECTGUID="deab153a-1561-4ce2-9cdc-7da2ea9e746a" CHANGEID="689629045" ISACTIVE="1" LEVELID="11" CREATEDATE="2025-09-29" UPDATEDATE="2025-09-29" /><OBJECT OBJECTID="174911759" OBJECTGUID="9236e6e9-8ece-43c1-9e53-69b89fffe941" CHANGEID="689629046" ISACTIVE="1" LEVELID="11" CREATEDATE="2025-09-29" UPDATEDATE="2025-09-29" /><OBJECT OBJECTID="174911760" OBJECTGUID="8063da7c-b024-4da6-ac4e-a3a02c85d3a1" CHANGEID="689629047" ISACTIVE="1" LEVELID="11" CREATEDATE="2025-09-29" UPDATEDATE="2025-09-29" /><OBJECT OBJECTID="174911761" OBJECTGUID="5c9a6c42-4f95-4751-8bd3-dc34c2ab1466" CHANGEID="689629048" ISACTIVE="1" LEVELID="11" CREATEDATE="2025-09-29" UPDATEDATE="2025-09-29" /><OBJECT OBJECTID="174911762" OBJECTGUID="35aed5bb-83bd-44d7-bb8c-0a23b087b9ed" CHANGEID="689629049" ISACTIVE="1" LEVELID="11" CREATEDATE="2025-09-29" UPDATEDATE="2025-09-29" /><OBJECT OBJECTID="174911763" OBJECTGUID="7967e892-7524-497e-8d4e-7847258347e6" CHANGEID="689629050" ISACTIVE="1" LEVELID="11" CREATEDATE="2025-09-29" UPDATEDATE="2025-09-29" /><OBJECT OBJECTID="174911764" OBJECTGUID="a769193b-2446-4198-842c-b7ac583d41ab" CHANGEID="689629051" ISACTIVE="1" LEVELID="11" CREATEDATE="2025-09-29" UPDATEDATE="2025-09-29" /><OBJECT OBJECTID="174911765" OBJECTGUID="83e51114-e242-4416-899f-e3a2e9d22b6c" CHANGEID="689629052" ISACTIVE="1" LEVELID="11" CREATEDATE="2025-09-29" UPDATEDATE="2025-09-29" /><OBJECT OBJECTID="174912464" OBJECTGUID="a06512c1-3287-4931-84e9-bddb90775710" CHANGEID="689630661" ISACTIVE="1" LEVELID="9" CREATEDATE="2025-09-29" UPDATEDATE="2025-09-29" /><OBJECT OBJECTID="174945126" OBJECTGUID="eb199498-eee0-4fbc-a42d-6608ece07c3d" CHANGEID="689701129" ISACTIVE="1" LEVELID="10" CREATEDATE="2025-09-30" UPDATEDATE="2025-09-30" /><OBJECT OBJECTID="84232159" OBJECTGUID="d15234ad-b8b0-412d-bcbf-e57b032a68fd" CHANGEID="689780580" ISACTIVE="1" LEVELID="10" CREATEDATE="2017-12-18" UPDATEDATE="2025-10-01" /></REESTR_OBJECTS>