﻿<?xml version="1.0" encoding="utf-8"?><APARTMENTS><APARTMENT ID="111793603" OBJECTID="174912926" OBJECTGUID="34dff016-a184-46e0-ba22-c2e474386237" CHANGEID="689631796" NUMBER="1" APARTTYPE="1" OPERTYPEID="10" PREVID="0" NEXTID="0" UPDATEDATE="2025-09-29" STARTDATE="2025-09-29" ENDDATE="2079-06-06" ISACTUAL="1" ISACTIVE="1" /><APARTMENT ID="111793604" OBJECTID="174912937" OBJECTGUID="e36fb3aa-da60-40d8-ab75-c1cde652399e" CHANGEID="689631809" NUMBER="2" APARTTYPE="1" OPERTYPEID="10" PREVID="0" NEXTID="0" UPDATEDATE="2025-09-29" STARTDATE="2025-09-29" ENDDATE="2079-06-06" ISACTUAL="1" ISACTIVE="1" /><APARTMENT ID="111807021" OBJECTID="174952625" OBJECTGUID="9c702b76-8b35-4271-ae97-aac39931b109" CHANGEID="689717826" NUMBER="2" APARTTYPE="2" OPERTYPEID="10" PREVID="0" NEXTID="0" UPDATEDATE="2025-09-30" STARTDATE="2025-09-30" ENDDATE="2079-06-06" ISACTUAL="1" ISACTIVE="1" /><APARTMENT ID="111807022" OBJECTID="174952626" OBJECTGUID="be305502-cddb-4651-ad88-ff7c722414a6" CHANGEID="689717827" NUMBER="1" APARTTYPE="2" OPERTYPEID="10" PREVID="0" NEXTID="0" UPDATEDATE="2025-09-30" STARTDATE="2025-09-30" ENDDATE="2079-06-06" ISACTUAL="1" ISACTIVE="1" /><APARTMENT ID="111811902" OBJECTID="11067325" OBJECTGUID="3037e945-f6ea-48a9-9d7b-1c8059c7e693" CHANGEID="689782529" NUMBER="1" APARTTYPE="2" OPERTYPEID="30" PREVID="5869994" NEXTID="0" UPDATEDATE="2025-10-01" STARTDATE="2025-10-01" ENDDATE="2079-06-06" ISACTUAL="1" ISACTIVE="0" /><APARTMENT ID="5869994" OBJECTID="11067325" OBJECTGUID="3037e945-f6ea-48a9-9d7b-1c8059c7e693" CHANGEID="18067269" NUMBER="1" APARTTYPE="2" OPERTYPEID="10" PREVID="0" NEXTID="111811902" UPDATEDATE="2025-10-01" STARTDATE="2017-05-25" ENDDATE="2025-10-01" ISACTUAL="0" ISACTIVE="0" /><APARTMENT ID="111814618" OBJECTID="174980582" OBJECTGUID="1d1aecc8-b0f4-4327-b791-be502af53740" CHANGEID="689796941" NUMBER="4" APARTTYPE="2" OPERTYPEID="10" PREVID="0" NEXTID="0" UPDATEDATE="2025-10-01" STARTDATE="2025-10-01" ENDDATE="2079-06-06" ISACTUAL="1" ISACTIVE="1" /><APARTMENT ID="111814722" OBJECTID="174981220" OBJECTGUID="aeef1ce9-0d4d-4826-99a6-0c63fce54ca9" CHANGEID="689799042" NUMBER="2" APARTTYPE="2" OPERTYPEID="10" PREVID="0" NEXTID="0" UPDATEDATE="2025-10-01" STARTDATE="2025-10-01" ENDDATE="2079-06-06" ISACTUAL="1" ISACTIVE="1" /></APARTMENTS>