﻿<?xml version="1.0" encoding="utf-8"?><REESTR_OBJECTS><OBJECT OBJECTID="11060385" OBJECTGUID="0246aeef-1902-4093-a804-17ea6e50b302" CHANGEID="689785634" ISACTIVE="1" LEVELID="10" CREATEDATE="2012-08-30" UPDATEDATE="2025-10-01" /><OBJECT OBJECTID="57462950" OBJECTGUID="8182bb98-c0ab-49eb-8128-987700334e66" CHANGEID="689787234" ISACTIVE="1" LEVELID="10" CREATEDATE="2017-05-31" UPDATEDATE="2025-10-01" /><OBJECT OBJECTID="11660165" OBJECTGUID="fec3dd96-f860-452e-b06e-3df9d7f2254f" CHANGEID="689782636" ISACTIVE="1" LEVELID="11" CREATEDATE="2017-05-30" UPDATEDATE="2025-10-01" /><OBJECT OBJECTID="11063230" OBJECTGUID="047091bb-34a8-41a5-b723-b71117cfc04c" CHANGEID="689785665" ISACTIVE="1" LEVELID="10" CREATEDATE="2012-08-30" UPDATEDATE="2025-10-01" /><OBJECT OBJECTID="12938631" OBJECTGUID="9b41a6f8-ec6b-45b3-90b9-236c5493a085" CHANGEID="689782754" ISACTIVE="1" LEVELID="11" CREATEDATE="2017-05-24" UPDATEDATE="2025-10-01" /><OBJECT OBJECTID="12951699" OBJECTGUID="12ad8b6b-bbb0-4ccd-b01d-7bd8e8d14f4d" CHANGEID="689782762" ISACTIVE="1" LEVELID="11" CREATEDATE="2017-05-30" UPDATEDATE="2025-10-01" /><OBJECT OBJECTID="3162267" OBJECTGUID="daaf6ebc-235d-402a-90d8-6c6a9331ee1e" CHANGEID="689781692" ISACTIVE="1" LEVELID="11" CREATEDATE="2017-05-30" UPDATEDATE="2025-10-01" /><OBJECT OBJECTID="3165800" OBJECTGUID="ae79e29a-b3e3-46e7-856c-749b90034d1b" CHANGEID="689781707" ISACTIVE="1" LEVELID="11" CREATEDATE="2017-05-30" UPDATEDATE="2025-10-01" /><OBJECT OBJECTID="47016722" OBJECTGUID="5f11c23a-ed72-4c89-aea3-092c26f245ba" CHANGEID="689787318" ISACTIVE="1" LEVELID="10" CREATEDATE="2012-08-30" UPDATEDATE="2025-10-01" /><OBJECT OBJECTID="174909173" OBJECTGUID="4dbd5c87-e114-44ab-871c-722f4715dd6b" CHANGEID="689623301" ISACTIVE="1" LEVELID="9" CREATEDATE="2025-09-29" UPDATEDATE="2025-09-29" /><OBJECT OBJECTID="5381500" OBJECTGUID="0660f764-e023-4cb8-afb6-b0c7bae19b7c" CHANGEID="689781745" ISACTIVE="1" LEVELID="11" CREATEDATE="2017-05-24" UPDATEDATE="2025-10-01" /><OBJECT OBJECTID="174910157" OBJECTGUID="1fee783a-8a61-4187-88da-a73cca33f85c" CHANGEID="689624696" ISACTIVE="1" LEVELID="9" CREATEDATE="2025-09-29" UPDATEDATE="2025-09-29" /><OBJECT OBJECTID="174910159" OBJECTGUID="3f1080ac-61da-4c47-bcfb-7d97e9c6de6b" CHANGEID="689624698" ISACTIVE="1" LEVELID="9" CREATEDATE="2025-09-29" UPDATEDATE="2025-09-29" /><OBJECT OBJECTID="174910158" OBJECTGUID="006b2c6f-96d8-47de-8b54-a428acecd2c0" CHANGEID="689624697" ISACTIVE="1" LEVELID="9" CREATEDATE="2025-09-29" UPDATEDATE="2025-09-29" /><OBJECT OBJECTID="174910204" OBJECTGUID="39b03665-a1c0-4e4d-a691-31a0f137f720" CHANGEID="689624755" ISACTIVE="1" LEVELID="10" CREATEDATE="2025-09-29" UPDATEDATE="2025-09-29" /><OBJECT OBJECTID="174910793" OBJECTGUID="9f88a562-ea26-4c59-a213-24bac2132b9c" CHANGEID="689625903" ISACTIVE="1" LEVELID="9" CREATEDATE="2025-09-29" UPDATEDATE="2025-09-29" /><OBJECT OBJECTID="174910794" OBJECTGUID="b5e80990-d17e-4e35-b5e5-4151599b8ccf" CHANGEID="689625904" ISACTIVE="1" LEVELID="9" CREATEDATE="2025-09-29" UPDATEDATE="2025-09-29" /><OBJECT OBJECTID="174910935" OBJECTGUID="df6d1972-851c-481a-846e-19a1b87e7440" CHANGEID="689626549" ISACTIVE="1" LEVELID="9" CREATEDATE="2025-09-29" UPDATEDATE="2025-09-29" /><OBJECT OBJECTID="174910936" OBJECTGUID="6f9ddf06-1b46-47a5-b8fc-ed394d990d7c" CHANGEID="689626550" ISACTIVE="1" LEVELID="9" CREATEDATE="2025-09-29" UPDATEDATE="2025-09-29" /><OBJECT OBJECTID="174910938" OBJECTGUID="f26da3c5-bcca-4c3f-9b4b-fa2e601a4dd5" CHANGEID="689626552" ISACTIVE="1" LEVELID="9" CREATEDATE="2025-09-29" UPDATEDATE="2025-09-29" /><OBJECT OBJECTID="174910937" OBJECTGUID="3033539d-c836-4aab-93d8-25bcb0752b16" CHANGEID="689626551" ISACTIVE="1" LEVELID="9" CREATEDATE="2025-09-29" UPDATEDATE="2025-09-29" /><OBJECT OBJECTID="174911980" OBJECTGUID="0b35f4bc-27cc-417f-baa9-cb003c5caeed" CHANGEID="689629546" ISACTIVE="1" LEVELID="10" CREATEDATE="2025-09-29" UPDATEDATE="2025-09-29" /><OBJECT OBJECTID="174912915" OBJECTGUID="9c5e6a73-1a6f-4895-8f95-5f6d0740c762" CHANGEID="689631783" ISACTIVE="1" LEVELID="9" CREATEDATE="2025-09-29" UPDATEDATE="2025-09-29" /><OBJECT OBJECTID="174912926" OBJECTGUID="34dff016-a184-46e0-ba22-c2e474386237" CHANGEID="689631796" ISACTIVE="1" LEVELID="11" CREATEDATE="2025-09-29" UPDATEDATE="2025-09-29" /><OBJECT OBJECTID="174912927" OBJECTGUID="5e76f40a-1973-4bcb-8043-0a8e195bd6c4" CHANGEID="689631797" ISACTIVE="1" LEVELID="10" CREATEDATE="2025-09-29" UPDATEDATE="2025-09-29" /><OBJECT OBJECTID="174912937" OBJECTGUID="e36fb3aa-da60-40d8-ab75-c1cde652399e" CHANGEID="689631809" ISACTIVE="1" LEVELID="11" CREATEDATE="2025-09-29" UPDATEDATE="2025-09-29" /><OBJECT OBJECTID="6740766" OBJECTGUID="0d8794fe-eb1a-47a4-89ec-60a9d5d4feb2" CHANGEID="689781751" ISACTIVE="1" LEVELID="11" CREATEDATE="2017-05-24" UPDATEDATE="2025-10-01" /><OBJECT OBJECTID="6742184" OBJECTGUID="7ca8fa1f-3f17-4f64-b6fc-0cc4cd6dc518" CHANGEID="689781754" ISACTIVE="1" LEVELID="11" CREATEDATE="2017-05-24" UPDATEDATE="2025-10-01" /><OBJECT OBJECTID="6743082" OBJECTGUID="d149f9cc-a613-468a-98b3-f9bd24304805" CHANGEID="689781756" ISACTIVE="1" LEVELID="11" CREATEDATE="2017-05-24" UPDATEDATE="2025-10-01" /><OBJECT OBJECTID="174930423" OBJECTGUID="fb1859ee-67a7-481f-9e39-07b8da7b2ba9" CHANGEID="689669499" ISACTIVE="1" LEVELID="10" CREATEDATE="2025-09-29" UPDATEDATE="2025-09-29" /><OBJECT OBJECTID="174930535" OBJECTGUID="bcb794af-bfc6-41ae-9011-acd4322c4c85" CHANGEID="689669827" ISACTIVE="1" LEVELID="9" CREATEDATE="2025-09-29" UPDATEDATE="2025-09-29" /><OBJECT OBJECTID="174945768" OBJECTGUID="782d6dc3-5e65-4c14-9850-3ffde6226c31" CHANGEID="689702362" ISACTIVE="1" LEVELID="10" CREATEDATE="2025-09-30" UPDATEDATE="2025-09-30" /><OBJECT OBJECTID="174946174" OBJECTGUID="708acc90-ef55-4f8c-b307-c739620e47ad" CHANGEID="689703449" ISACTIVE="1" LEVELID="9" CREATEDATE="2025-09-30" UPDATEDATE="2025-09-30" /><OBJECT OBJECTID="174946883" OBJECTGUID="401d90a7-c026-4003-bc98-a2ce4bcdf2e5" CHANGEID="689704455" ISACTIVE="1" LEVELID="9" CREATEDATE="2025-09-30" UPDATEDATE="2025-09-30" /><OBJECT OBJECTID="174947245" OBJECTGUID="0e28befd-9fe7-4cf6-9961-33a1f855b746" CHANGEID="689705049" ISACTIVE="1" LEVELID="9" CREATEDATE="2025-09-30" UPDATEDATE="2025-09-30" /><OBJECT OBJECTID="174954065" OBJECTGUID="22f3cd98-6daa-4891-803b-8bc0abcb00f8" CHANGEID="689720762" ISACTIVE="1" LEVELID="8" CREATEDATE="2025-09-30" UPDATEDATE="2025-09-30" /><OBJECT OBJECTID="174954115" OBJECTGUID="44ec5885-b986-49be-a0d9-3dbed7c540e5" CHANGEID="689720823" ISACTIVE="1" LEVELID="8" CREATEDATE="2025-09-30" UPDATEDATE="2025-09-30" /><OBJECT OBJECTID="174952616" OBJECTGUID="f12b6cd7-94e0-4a95-a75e-64efc2c41862" CHANGEID="689717706" ISACTIVE="1" LEVELID="9" CREATEDATE="2025-09-30" UPDATEDATE="2025-09-30" /><OBJECT OBJECTID="174952617" OBJECTGUID="448b33dd-8529-45ec-a7fb-62deb9d9aa3a" CHANGEID="689717707" ISACTIVE="1" LEVELID="9" CREATEDATE="2025-09-30" UPDATEDATE="2025-09-30" /><OBJECT OBJECTID="174952625" OBJECTGUID="9c702b76-8b35-4271-ae97-aac39931b109" CHANGEID="689717826" ISACTIVE="1" LEVELID="11" CREATEDATE="2025-09-30" UPDATEDATE="2025-09-30" /><OBJECT OBJECTID="174952626" OBJECTGUID="be305502-cddb-4651-ad88-ff7c722414a6" CHANGEID="689717827" ISACTIVE="1" LEVELID="11" CREATEDATE="2025-09-30" UPDATEDATE="2025-09-30" /><OBJECT OBJECTID="174958427" OBJECTGUID="a9c0db67-cc22-4ae6-8dc9-a953bac2bbe4" CHANGEID="689731448" ISACTIVE="1" LEVELID="10" CREATEDATE="2025-09-30" UPDATEDATE="2025-09-30" /><OBJECT OBJECTID="174962084" OBJECTGUID="1d844a26-c683-4c99-8ecd-2774fd4de538" CHANGEID="689739946" ISACTIVE="1" LEVELID="9" CREATEDATE="2025-09-30" UPDATEDATE="2025-09-30" /><OBJECT OBJECTID="174962438" OBJECTGUID="d2718b7b-5cdd-4583-ab5c-934c3bd7c27f" CHANGEID="689740861" ISACTIVE="1" LEVELID="10" CREATEDATE="2025-09-30" UPDATEDATE="2025-09-30" /><OBJECT OBJECTID="174962481" OBJECTGUID="3fb80e2c-8ac8-4374-9e1b-42d37862bc01" CHANGEID="689740962" ISACTIVE="1" LEVELID="10" CREATEDATE="2025-09-30" UPDATEDATE="2025-09-30" /><OBJECT OBJECTID="174962582" OBJECTGUID="f0b97138-3be6-476f-962c-549c87ae896a" CHANGEID="689741144" ISACTIVE="1" LEVELID="10" CREATEDATE="2025-09-30" UPDATEDATE="2025-09-30" /><OBJECT OBJECTID="174962607" OBJECTGUID="3afd86db-501e-4779-b36b-290a514f1395" CHANGEID="689741175" ISACTIVE="1" LEVELID="9" CREATEDATE="2025-09-30" UPDATEDATE="2025-09-30" /><OBJECT OBJECTID="174962614" OBJECTGUID="d26011d1-6b6b-4fca-bd37-dccd8ea456ac" CHANGEID="689741182" ISACTIVE="1" LEVELID="10" CREATEDATE="2025-09-30" UPDATEDATE="2025-09-30" /><OBJECT OBJECTID="174962636" OBJECTGUID="b6498d9d-752c-46db-ad97-3efc00195fdd" CHANGEID="689741212" ISACTIVE="1" LEVELID="10" CREATEDATE="2025-09-30" UPDATEDATE="2025-09-30" /><OBJECT OBJECTID="174962647" OBJECTGUID="cf337204-60e0-4d18-a4e8-087e7bd59f0f" CHANGEID="689741228" ISACTIVE="1" LEVELID="9" CREATEDATE="2025-09-30" UPDATEDATE="2025-09-30" /><OBJECT OBJECTID="174962703" OBJECTGUID="f31f7d6a-eb92-41f6-9fe4-a1527a016ba5" CHANGEID="689741341" ISACTIVE="1" LEVELID="10" CREATEDATE="2025-09-30" UPDATEDATE="2025-09-30" /><OBJECT OBJECTID="174962736" OBJECTGUID="2f228b30-1f94-41bd-9ce4-2ad6fa4a9c21" CHANGEID="689741383" ISACTIVE="1" LEVELID="9" CREATEDATE="2025-09-30" UPDATEDATE="2025-09-30" /><OBJECT OBJECTID="174962805" OBJECTGUID="ef0f1f78-6c2a-4376-a965-26ac10579dce" CHANGEID="689741495" ISACTIVE="1" LEVELID="9" CREATEDATE="2025-09-30" UPDATEDATE="2025-09-30" /><OBJECT OBJECTID="174963282" OBJECTGUID="31880052-a321-485d-99c5-67b7f47d0eb3" CHANGEID="689742246" ISACTIVE="1" LEVELID="10" CREATEDATE="2025-09-30" UPDATEDATE="2025-09-30" /><OBJECT OBJECTID="174963305" OBJECTGUID="d4c2c996-1d38-4115-94fd-c93472bfa610" CHANGEID="689742274" ISACTIVE="1" LEVELID="9" CREATEDATE="2025-09-30" UPDATEDATE="2025-09-30" /><OBJECT OBJECTID="174963319" OBJECTGUID="ad37627e-b7cf-475d-92d2-8e1c8931bda3" CHANGEID="689742308" ISACTIVE="1" LEVELID="10" CREATEDATE="2025-09-30" UPDATEDATE="2025-09-30" /><OBJECT OBJECTID="174972096" OBJECTGUID="6af696e5-90f4-451a-97fc-35781e13686a" CHANGEID="689780590" ISACTIVE="1" LEVELID="10" CREATEDATE="2025-10-01" UPDATEDATE="2025-10-01" /><OBJECT OBJECTID="3163916" OBJECTGUID="8806c242-ab3d-4b86-bce4-f4a26814ec5a" CHANGEID="689781684" ISACTIVE="1" LEVELID="11" CREATEDATE="2017-05-30" UPDATEDATE="2025-10-01" /><OBJECT OBJECTID="3817667" OBJECTGUID="8a775b36-952c-4b46-a782-777ac3e42739" CHANGEID="689781727" ISACTIVE="1" LEVELID="11" CREATEDATE="2017-05-26" UPDATEDATE="2025-10-01" /><OBJECT OBJECTID="3818803" OBJECTGUID="927eff37-3fba-4d25-981a-56840940fa4c" CHANGEID="689781736" ISACTIVE="1" LEVELID="11" CREATEDATE="2017-05-26" UPDATEDATE="2025-10-01" /><OBJECT OBJECTID="11067325" OBJECTGUID="3037e945-f6ea-48a9-9d7b-1c8059c7e693" CHANGEID="689782529" ISACTIVE="0" LEVELID="11" CREATEDATE="2017-05-25" UPDATEDATE="2025-10-01" /><OBJECT OBJECTID="11053128" OBJECTGUID="de75111b-4782-4c3e-9c64-06a97edba55b" CHANGEID="689783826" ISACTIVE="1" LEVELID="10" CREATEDATE="2012-08-30" UPDATEDATE="2025-10-01" /><OBJECT OBJECTID="174976245" OBJECTGUID="7662b97a-999b-4b87-a9ca-da570eb9d7af" CHANGEID="689789577" ISACTIVE="1" LEVELID="8" CREATEDATE="2025-10-01" UPDATEDATE="2025-10-01" /><OBJECT OBJECTID="174980582" OBJECTGUID="1d1aecc8-b0f4-4327-b791-be502af53740" CHANGEID="689796941" ISACTIVE="1" LEVELID="11" CREATEDATE="2025-10-01" UPDATEDATE="2025-10-01" /><OBJECT OBJECTID="174981220" OBJECTGUID="aeef1ce9-0d4d-4826-99a6-0c63fce54ca9" CHANGEID="689799042" ISACTIVE="1" LEVELID="11" CREATEDATE="2025-10-01" UPDATEDATE="2025-10-01" /><OBJECT OBJECTID="11056134" OBJECTGUID="691cda5f-b9f2-4e88-b195-0c3478957782" CHANGEID="689785610" ISACTIVE="1" LEVELID="10" CREATEDATE="2012-08-30" UPDATEDATE="2025-10-01" /><OBJECT OBJECTID="11069902" OBJECTGUID="332f6df5-cae0-4948-9ed7-30b348cbdfc1" CHANGEID="689785624" ISACTIVE="1" LEVELID="10" CREATEDATE="2012-08-30" UPDATEDATE="2025-10-01" /><OBJECT OBJECTID="11077270" OBJECTGUID="8e9aef8b-7389-4ee4-9eb6-265ecf0e83b7" CHANGEID="689782625" ISACTIVE="1" LEVELID="11" CREATEDATE="2017-05-25" UPDATEDATE="2025-10-01" /><OBJECT OBJECTID="11067200" OBJECTGUID="14c603ea-12a8-4f00-acbe-29def7003da6" CHANGEID="689785728" ISACTIVE="1" LEVELID="10" CREATEDATE="2012-08-30" UPDATEDATE="2025-10-01" /><OBJECT OBJECTID="6739893" OBJECTGUID="2e14e927-970b-4c2b-b363-a0e121a64419" CHANGEID="689783804" ISACTIVE="1" LEVELID="10" CREATEDATE="2012-08-30" UPDATEDATE="2025-10-01" /><OBJECT OBJECTID="6741117" OBJECTGUID="b4dd225c-5076-4da3-80a0-bbc4982a4885" CHANGEID="689783821" ISACTIVE="1" LEVELID="10" CREATEDATE="2012-08-30" UPDATEDATE="2025-10-01" /><OBJECT OBJECTID="3817248" OBJECTGUID="8e493cc9-736f-4b8a-b22a-6192f8dcd7ef" CHANGEID="689785775" ISACTIVE="1" LEVELID="10" CREATEDATE="2012-08-30" UPDATEDATE="2025-10-01" /><OBJECT OBJECTID="11995018" OBJECTGUID="f2fcf680-fbae-4197-99e6-9052257a55f9" CHANGEID="689782645" ISACTIVE="1" LEVELID="11" CREATEDATE="2017-05-30" UPDATEDATE="2025-10-01" /><OBJECT OBJECTID="21215744" OBJECTGUID="0b92dfd2-d89c-416e-99ee-1284ff1f037b" CHANGEID="689783816" ISACTIVE="1" LEVELID="11" CREATEDATE="2017-05-26" UPDATEDATE="2025-10-01" /><OBJECT OBJECTID="23671954" OBJECTGUID="bcfcbaa1-d390-4b4a-a578-183f087ffb01" CHANGEID="689783828" ISACTIVE="1" LEVELID="11" CREATEDATE="2017-05-25" UPDATEDATE="2025-10-01" /><OBJECT OBJECTID="23671837" OBJECTGUID="9a3a4a99-9ef8-4e8e-8948-d5ec63204dcb" CHANGEID="689783831" ISACTIVE="1" LEVELID="11" CREATEDATE="2017-05-25" UPDATEDATE="2025-10-01" /><OBJECT OBJECTID="23673975" OBJECTGUID="2a5d2046-bc86-4883-baab-b60f7301e28d" CHANGEID="689783959" ISACTIVE="1" LEVELID="11" CREATEDATE="2017-05-25" UPDATEDATE="2025-10-01" /><OBJECT OBJECTID="23674214" OBJECTGUID="ec985fc7-b677-4748-be18-9a18990ed455" CHANGEID="689783963" ISACTIVE="1" LEVELID="11" CREATEDATE="2017-05-25" UPDATEDATE="2025-10-01" /><OBJECT OBJECTID="23681236" OBJECTGUID="d96273b0-30f1-4187-8b14-06d459db23d4" CHANGEID="689783969" ISACTIVE="1" LEVELID="11" CREATEDATE="2017-05-26" UPDATEDATE="2025-10-01" /><OBJECT OBJECTID="23683002" OBJECTGUID="0ec91a51-082b-4bbe-926a-a66920332903" CHANGEID="689785612" ISACTIVE="1" LEVELID="11" CREATEDATE="2017-05-25" UPDATEDATE="2025-10-01" /><OBJECT OBJECTID="23746964" OBJECTGUID="89b91b1d-dd5b-4e8b-abd4-7676fcfe1ced" CHANGEID="689785631" ISACTIVE="1" LEVELID="11" CREATEDATE="2017-05-25" UPDATEDATE="2025-10-01" /><OBJECT OBJECTID="23747310" OBJECTGUID="9b584593-b930-421e-a764-ae160d05b5c7" CHANGEID="689785622" ISACTIVE="1" LEVELID="11" CREATEDATE="2017-05-25" UPDATEDATE="2025-10-01" /><OBJECT OBJECTID="23752939" OBJECTGUID="f925e390-2574-440c-9b72-81568de8fd0c" CHANGEID="689785637" ISACTIVE="1" LEVELID="11" CREATEDATE="2017-05-25" UPDATEDATE="2025-10-01" /><OBJECT OBJECTID="23767722" OBJECTGUID="4f80ca34-4be0-4126-a540-b49c81fe0d6d" CHANGEID="689785660" ISACTIVE="1" LEVELID="11" CREATEDATE="2017-05-26" UPDATEDATE="2025-10-01" /><OBJECT OBJECTID="23769645" OBJECTGUID="4ca6947d-c4f7-40d0-9d65-f1b99bfe8a86" CHANGEID="689785706" ISACTIVE="1" LEVELID="11" CREATEDATE="2017-05-25" UPDATEDATE="2025-10-01" /><OBJECT OBJECTID="23788086" OBJECTGUID="2d0153ce-6c16-4b46-8dcf-7f09a755a3b4" CHANGEID="689785708" ISACTIVE="1" LEVELID="11" CREATEDATE="2017-05-25" UPDATEDATE="2025-10-01" /><OBJECT OBJECTID="23795417" OBJECTGUID="3ff5ca5f-d4db-4dcb-9177-06f7a96f7838" CHANGEID="689785722" ISACTIVE="1" LEVELID="11" CREATEDATE="2017-05-30" UPDATEDATE="2025-10-01" /><OBJECT OBJECTID="159088551" OBJECTGUID="dac77498-50e7-43bd-a64b-1ed47432bf6f" CHANGEID="689740916" ISACTIVE="1" LEVELID="9" CREATEDATE="2023-06-08" UPDATEDATE="2025-09-30" /><OBJECT OBJECTID="86696080" OBJECTGUID="f1930e11-baf6-485c-a680-4735b09a75ee" CHANGEID="689741040" ISACTIVE="1" LEVELID="9" CREATEDATE="2018-12-18" UPDATEDATE="2025-09-30" /><OBJECT OBJECTID="84617848" OBJECTGUID="dd283740-7ec1-41d5-bc82-725e25fe3780" CHANGEID="689740838" ISACTIVE="1" LEVELID="9" CREATEDATE="2018-12-18" UPDATEDATE="2025-09-30" /><OBJECT OBJECTID="6737751" OBJECTGUID="5f754eb9-45a1-4c0d-99ce-812e89b21ead" CHANGEID="689783824" ISACTIVE="1" LEVELID="10" CREATEDATE="2012-08-30" UPDATEDATE="2025-10-01" /><OBJECT OBJECTID="1560251" OBJECTGUID="c04f508f-62e7-43dc-a1b0-f9c70d5e7af1" CHANGEID="689783762" ISACTIVE="1" LEVELID="10" CREATEDATE="2012-08-30" UPDATEDATE="2025-10-01" /><OBJECT OBJECTID="1559674" OBJECTGUID="9cb8865e-f4a7-4d09-b96b-838cc8d4e4d3" CHANGEID="689785789" ISACTIVE="1" LEVELID="10" CREATEDATE="2012-08-30" UPDATEDATE="2025-10-01" /><OBJECT OBJECTID="11054835" OBJECTGUID="8bacbdd3-4996-4985-805f-099af50a6396" CHANGEID="689783958" ISACTIVE="1" LEVELID="10" CREATEDATE="2012-08-30" UPDATEDATE="2025-10-01" /><OBJECT OBJECTID="11055265" OBJECTGUID="7e6dcd70-8e08-4b2e-8d5b-aabba90e5761" CHANGEID="689783962" ISACTIVE="1" LEVELID="10" CREATEDATE="2012-08-30" UPDATEDATE="2025-10-01" /><OBJECT OBJECTID="11061083" OBJECTGUID="83d777ec-12be-481e-870a-1a01bcb4c468" CHANGEID="689785649" ISACTIVE="1" LEVELID="10" CREATEDATE="2012-08-30" UPDATEDATE="2025-10-01" /><OBJECT OBJECTID="11064664" OBJECTGUID="86c939dd-fd14-4ffb-a191-24911b5acfc6" CHANGEID="689785705" ISACTIVE="1" LEVELID="10" CREATEDATE="2012-08-30" UPDATEDATE="2025-10-01" /><OBJECT OBJECTID="168260284" OBJECTGUID="e6c20f34-c104-4113-a522-2e271dea8ea5" CHANGEID="689740823" ISACTIVE="1" LEVELID="10" CREATEDATE="2024-12-04" UPDATEDATE="2025-09-30" /><OBJECT OBJECTID="168260291" OBJECTGUID="d1f592c5-cffd-4fc8-9fa6-d79a3193e1c9" CHANGEID="689740788" ISACTIVE="1" LEVELID="10" CREATEDATE="2024-12-04" UPDATEDATE="2025-09-30" /><OBJECT OBJECTID="105100632" OBJECTGUID="8467923e-853b-42b0-9355-6c2f89c71102" CHANGEID="689739065" ISACTIVE="1" LEVELID="9" CREATEDATE="2022-07-28" UPDATEDATE="2025-09-30" /></REESTR_OBJECTS>