﻿<?xml version="1.0" encoding="utf-8"?><STEADS><STEAD ID="74162512" OBJECTID="174909173" OBJECTGUID="4dbd5c87-e114-44ab-871c-722f4715dd6b" CHANGEID="689623301" NUMBER="48а" OPERTYPEID="10" PREVID="0" NEXTID="0" UPDATEDATE="2025-09-29" STARTDATE="2025-09-29" ENDDATE="2079-06-06" ISACTUAL="1" ISACTIVE="1" /><STEAD ID="74163391" OBJECTID="174910157" OBJECTGUID="1fee783a-8a61-4187-88da-a73cca33f85c" CHANGEID="689624696" NUMBER="2б" OPERTYPEID="10" PREVID="0" NEXTID="0" UPDATEDATE="2025-09-29" STARTDATE="2025-09-29" ENDDATE="2079-06-06" ISACTUAL="1" ISACTIVE="1" /><STEAD ID="74163392" OBJECTID="174910158" OBJECTGUID="006b2c6f-96d8-47de-8b54-a428acecd2c0" CHANGEID="689624697" NUMBER="2в" OPERTYPEID="10" PREVID="0" NEXTID="0" UPDATEDATE="2025-09-29" STARTDATE="2025-09-29" ENDDATE="2079-06-06" ISACTUAL="1" ISACTIVE="1" /><STEAD ID="74163393" OBJECTID="174910159" OBJECTGUID="3f1080ac-61da-4c47-bcfb-7d97e9c6de6b" CHANGEID="689624698" NUMBER="2г" OPERTYPEID="10" PREVID="0" NEXTID="0" UPDATEDATE="2025-09-29" STARTDATE="2025-09-29" ENDDATE="2079-06-06" ISACTUAL="1" ISACTIVE="1" /><STEAD ID="74163629" OBJECTID="174910793" OBJECTGUID="9f88a562-ea26-4c59-a213-24bac2132b9c" CHANGEID="689625903" NUMBER="5" OPERTYPEID="10" PREVID="0" NEXTID="0" UPDATEDATE="2025-09-29" STARTDATE="2025-09-29" ENDDATE="2079-06-06" ISACTUAL="1" ISACTIVE="1" /><STEAD ID="74163630" OBJECTID="174910794" OBJECTGUID="b5e80990-d17e-4e35-b5e5-4151599b8ccf" CHANGEID="689625904" NUMBER="3" OPERTYPEID="10" PREVID="0" NEXTID="0" UPDATEDATE="2025-09-29" STARTDATE="2025-09-29" ENDDATE="2079-06-06" ISACTUAL="1" ISACTIVE="1" /><STEAD ID="74163694" OBJECTID="174910935" OBJECTGUID="df6d1972-851c-481a-846e-19a1b87e7440" CHANGEID="689626549" NUMBER="2" OPERTYPEID="10" PREVID="0" NEXTID="0" UPDATEDATE="2025-09-29" STARTDATE="2025-09-29" ENDDATE="2079-06-06" ISACTUAL="1" ISACTIVE="1" /><STEAD ID="74163695" OBJECTID="174910936" OBJECTGUID="6f9ddf06-1b46-47a5-b8fc-ed394d990d7c" CHANGEID="689626550" NUMBER="1" OPERTYPEID="10" PREVID="0" NEXTID="0" UPDATEDATE="2025-09-29" STARTDATE="2025-09-29" ENDDATE="2079-06-06" ISACTUAL="1" ISACTIVE="1" /><STEAD ID="74163696" OBJECTID="174910937" OBJECTGUID="3033539d-c836-4aab-93d8-25bcb0752b16" CHANGEID="689626551" NUMBER="16" OPERTYPEID="10" PREVID="0" NEXTID="0" UPDATEDATE="2025-09-29" STARTDATE="2025-09-29" ENDDATE="2079-06-06" ISACTUAL="1" ISACTIVE="1" /><STEAD ID="74163697" OBJECTID="174910938" OBJECTGUID="f26da3c5-bcca-4c3f-9b4b-fa2e601a4dd5" CHANGEID="689626552" NUMBER="18" OPERTYPEID="10" PREVID="0" NEXTID="0" UPDATEDATE="2025-09-29" STARTDATE="2025-09-29" ENDDATE="2079-06-06" ISACTUAL="1" ISACTIVE="1" /><STEAD ID="74165217" OBJECTID="174912915" OBJECTGUID="9c5e6a73-1a6f-4895-8f95-5f6d0740c762" CHANGEID="689631783" NUMBER="8" OPERTYPEID="10" PREVID="0" NEXTID="0" UPDATEDATE="2025-09-29" STARTDATE="2025-09-29" ENDDATE="2079-06-06" ISACTUAL="1" ISACTIVE="1" /><STEAD ID="74173434" OBJECTID="174930535" OBJECTGUID="bcb794af-bfc6-41ae-9011-acd4322c4c85" CHANGEID="689669827" NUMBER="2" OPERTYPEID="10" PREVID="0" NEXTID="0" UPDATEDATE="2025-09-29" STARTDATE="2025-09-29" ENDDATE="2079-06-06" ISACTUAL="1" ISACTIVE="1" /><STEAD ID="74180866" OBJECTID="174946174" OBJECTGUID="708acc90-ef55-4f8c-b307-c739620e47ad" CHANGEID="689703449" NUMBER="41а" OPERTYPEID="10" PREVID="0" NEXTID="0" UPDATEDATE="2025-09-30" STARTDATE="2025-09-30" ENDDATE="2079-06-06" ISACTUAL="1" ISACTIVE="1" /><STEAD ID="74181195" OBJECTID="174946883" OBJECTGUID="401d90a7-c026-4003-bc98-a2ce4bcdf2e5" CHANGEID="689704455" NUMBER="56" OPERTYPEID="10" PREVID="0" NEXTID="0" UPDATEDATE="2025-09-30" STARTDATE="2025-09-30" ENDDATE="2079-06-06" ISACTUAL="1" ISACTIVE="1" /><STEAD ID="74181445" OBJECTID="174947245" OBJECTGUID="0e28befd-9fe7-4cf6-9961-33a1f855b746" CHANGEID="689705049" NUMBER="28" OPERTYPEID="10" PREVID="0" NEXTID="0" UPDATEDATE="2025-09-30" STARTDATE="2025-09-30" ENDDATE="2079-06-06" ISACTUAL="1" ISACTIVE="1" /><STEAD ID="74185185" OBJECTID="174952616" OBJECTGUID="f12b6cd7-94e0-4a95-a75e-64efc2c41862" CHANGEID="689717706" NUMBER="16/2" OPERTYPEID="10" PREVID="0" NEXTID="0" UPDATEDATE="2025-09-30" STARTDATE="2025-09-30" ENDDATE="2079-06-06" ISACTUAL="1" ISACTIVE="1" /><STEAD ID="74185186" OBJECTID="174952617" OBJECTGUID="448b33dd-8529-45ec-a7fb-62deb9d9aa3a" CHANGEID="689717707" NUMBER="16/1" OPERTYPEID="10" PREVID="0" NEXTID="0" UPDATEDATE="2025-09-30" STARTDATE="2025-09-30" ENDDATE="2079-06-06" ISACTUAL="1" ISACTIVE="1" /><STEAD ID="15687406" OBJECTID="105100632" OBJECTGUID="8467923e-853b-42b0-9355-6c2f89c71102" CHANGEID="287545341" NUMBER="27" OPERTYPEID="10" PREVID="0" NEXTID="74190984" UPDATEDATE="2025-09-30" STARTDATE="2022-07-28" ENDDATE="2025-09-30" ISACTUAL="0" ISACTIVE="0" /><STEAD ID="74190984" OBJECTID="105100632" OBJECTGUID="8467923e-853b-42b0-9355-6c2f89c71102" CHANGEID="689739065" NUMBER="29" OPERTYPEID="20" PREVID="15687406" UPDATEDATE="2025-09-30" STARTDATE="2025-09-30" ENDDATE="2079-06-06" ISACTUAL="1" ISACTIVE="1" /><STEAD ID="74191137" OBJECTID="174962084" OBJECTGUID="1d844a26-c683-4c99-8ecd-2774fd4de538" CHANGEID="689739946" NUMBER="43" OPERTYPEID="10" PREVID="0" NEXTID="0" UPDATEDATE="2025-09-30" STARTDATE="2025-09-30" ENDDATE="2079-06-06" ISACTUAL="1" ISACTIVE="1" /><STEAD ID="74191559" OBJECTID="174962607" OBJECTGUID="3afd86db-501e-4779-b36b-290a514f1395" CHANGEID="689741175" NUMBER="47" OPERTYPEID="10" PREVID="0" NEXTID="0" UPDATEDATE="2025-09-30" STARTDATE="2025-09-30" ENDDATE="2079-06-06" ISACTUAL="1" ISACTIVE="1" /><STEAD ID="74191671" OBJECTID="174962805" OBJECTGUID="ef0f1f78-6c2a-4376-a965-26ac10579dce" CHANGEID="689741495" NUMBER="9" OPERTYPEID="10" PREVID="0" NEXTID="0" UPDATEDATE="2025-09-30" STARTDATE="2025-09-30" ENDDATE="2079-06-06" ISACTUAL="1" ISACTIVE="1" /><STEAD ID="74191588" OBJECTID="174962647" OBJECTGUID="cf337204-60e0-4d18-a4e8-087e7bd59f0f" CHANGEID="689741228" NUMBER="47/1" OPERTYPEID="10" PREVID="0" NEXTID="0" UPDATEDATE="2025-09-30" STARTDATE="2025-09-30" ENDDATE="2079-06-06" ISACTUAL="1" ISACTIVE="1" /><STEAD ID="74191651" OBJECTID="174962736" OBJECTGUID="2f228b30-1f94-41bd-9ce4-2ad6fa4a9c21" CHANGEID="689741383" NUMBER="84/1" OPERTYPEID="10" PREVID="0" NEXTID="0" UPDATEDATE="2025-09-30" STARTDATE="2025-09-30" ENDDATE="2079-06-06" ISACTUAL="1" ISACTIVE="1" /><STEAD ID="74191911" OBJECTID="174963305" OBJECTGUID="d4c2c996-1d38-4115-94fd-c93472bfa610" CHANGEID="689742274" NUMBER="58" OPERTYPEID="10" PREVID="0" NEXTID="0" UPDATEDATE="2025-09-30" STARTDATE="2025-09-30" ENDDATE="2079-06-06" ISACTUAL="1" ISACTIVE="1" /></STEADS>