﻿<?xml version="1.0" encoding="utf-8"?><APARTMENTS><APARTMENT ID="111813973" OBJECTID="174976926" OBJECTGUID="999057bf-1d56-4803-88b2-ce1163ace6ad" CHANGEID="689790816" NUMBER="84" APARTTYPE="2" OPERTYPEID="10" PREVID="0" NEXTID="0" UPDATEDATE="2025-10-01" STARTDATE="2025-10-01" ENDDATE="2079-06-06" ISACTUAL="1" ISACTIVE="1" /><APARTMENT ID="111814686" OBJECTID="174981077" OBJECTGUID="ccc6dd73-e6a5-4a4f-ab80-77e564ec6122" CHANGEID="689798764" NUMBER="92" APARTTYPE="2" OPERTYPEID="10" PREVID="0" NEXTID="0" UPDATEDATE="2025-10-01" STARTDATE="2025-10-01" ENDDATE="2079-06-06" ISACTUAL="1" ISACTIVE="1" /><APARTMENT ID="111814687" OBJECTID="174981078" OBJECTGUID="541096b2-ce36-4423-abb4-353fe01fabfe" CHANGEID="689798766" NUMBER="96" APARTTYPE="2" OPERTYPEID="10" PREVID="0" NEXTID="0" UPDATEDATE="2025-10-01" STARTDATE="2025-10-01" ENDDATE="2079-06-06" ISACTUAL="1" ISACTIVE="1" /><APARTMENT ID="111814688" OBJECTID="174981080" OBJECTGUID="ee8c96dd-75f4-474b-a2bf-7495da2cca7b" CHANGEID="689798768" NUMBER="1" APARTTYPE="2" OPERTYPEID="10" PREVID="0" NEXTID="0" UPDATEDATE="2025-10-01" STARTDATE="2025-10-01" ENDDATE="2079-06-06" ISACTUAL="1" ISACTIVE="1" /><APARTMENT ID="111814703" OBJECTID="174981146" OBJECTGUID="29293f2e-197a-42d5-b343-0d32802e746f" CHANGEID="689798883" NUMBER="14" APARTTYPE="2" OPERTYPEID="10" PREVID="0" NEXTID="0" UPDATEDATE="2025-10-01" STARTDATE="2025-10-01" ENDDATE="2079-06-06" ISACTUAL="1" ISACTIVE="1" /><APARTMENT ID="111814705" OBJECTID="174981151" OBJECTGUID="2ae1aa8a-999c-4c3a-99e0-0b4049e77534" CHANGEID="689798891" NUMBER="16" APARTTYPE="2" OPERTYPEID="10" PREVID="0" NEXTID="0" UPDATEDATE="2025-10-01" STARTDATE="2025-10-01" ENDDATE="2079-06-06" ISACTUAL="1" ISACTIVE="1" /><APARTMENT ID="111814706" OBJECTID="174981158" OBJECTGUID="81cac3e9-c5bf-4403-bb46-304dc69588cb" CHANGEID="689798898" NUMBER="17" APARTTYPE="2" OPERTYPEID="10" PREVID="0" NEXTID="0" UPDATEDATE="2025-10-01" STARTDATE="2025-10-01" ENDDATE="2079-06-06" ISACTUAL="1" ISACTIVE="1" /><APARTMENT ID="111814723" OBJECTID="174981225" OBJECTGUID="56b94299-8dc3-4cd5-bf27-ac860f0d4224" CHANGEID="689799050" NUMBER="21" APARTTYPE="2" OPERTYPEID="10" PREVID="0" NEXTID="0" UPDATEDATE="2025-10-01" STARTDATE="2025-10-01" ENDDATE="2079-06-06" ISACTUAL="1" ISACTIVE="1" /><APARTMENT ID="111814732" OBJECTID="174981282" OBJECTGUID="d2e73d39-a64a-446a-ba71-e0f50ebfe208" CHANGEID="689799137" NUMBER="25" APARTTYPE="2" OPERTYPEID="10" PREVID="0" NEXTID="0" UPDATEDATE="2025-10-01" STARTDATE="2025-10-01" ENDDATE="2079-06-06" ISACTUAL="1" ISACTIVE="1" /><APARTMENT ID="111814734" OBJECTID="174981293" OBJECTGUID="9df6e90c-b254-4ffa-84e6-8aed1baf57b6" CHANGEID="689799170" NUMBER="26" APARTTYPE="2" OPERTYPEID="10" PREVID="0" NEXTID="0" UPDATEDATE="2025-10-01" STARTDATE="2025-10-01" ENDDATE="2079-06-06" ISACTUAL="1" ISACTIVE="1" /><APARTMENT ID="111814736" OBJECTID="174981300" OBJECTGUID="f111d958-963c-4ad9-a731-784f825b4a53" CHANGEID="689799191" NUMBER="27" APARTTYPE="2" OPERTYPEID="10" PREVID="0" NEXTID="0" UPDATEDATE="2025-10-01" STARTDATE="2025-10-01" ENDDATE="2079-06-06" ISACTUAL="1" ISACTIVE="1" /><APARTMENT ID="111814690" OBJECTID="174981085" OBJECTGUID="68d7eaf9-40e2-4aac-98b2-80a720566017" CHANGEID="689798775" NUMBER="10" APARTTYPE="2" OPERTYPEID="10" PREVID="0" NEXTID="0" UPDATEDATE="2025-10-01" STARTDATE="2025-10-01" ENDDATE="2079-06-06" ISACTUAL="1" ISACTIVE="1" /><APARTMENT ID="111814692" OBJECTID="174981088" OBJECTGUID="3bd8439b-d149-45ec-ae70-b517999d16fc" CHANGEID="689798783" NUMBER="11" APARTTYPE="2" OPERTYPEID="10" PREVID="0" NEXTID="0" UPDATEDATE="2025-10-01" STARTDATE="2025-10-01" ENDDATE="2079-06-06" ISACTUAL="1" ISACTIVE="1" /><APARTMENT ID="111814694" OBJECTID="174981096" OBJECTGUID="55b0710a-a86a-47ca-8e7e-bb2dc33eae32" CHANGEID="689798800" NUMBER="12" APARTTYPE="2" OPERTYPEID="10" PREVID="0" NEXTID="0" UPDATEDATE="2025-10-01" STARTDATE="2025-10-01" ENDDATE="2079-06-06" ISACTUAL="1" ISACTIVE="1" /><APARTMENT ID="111814695" OBJECTID="174981126" OBJECTGUID="57105574-ace7-44fd-8144-126dffab6ea0" CHANGEID="689798844" NUMBER="13" APARTTYPE="2" OPERTYPEID="10" PREVID="0" NEXTID="0" UPDATEDATE="2025-10-01" STARTDATE="2025-10-01" ENDDATE="2079-06-06" ISACTUAL="1" ISACTIVE="1" /><APARTMENT ID="111814704" OBJECTID="174981148" OBJECTGUID="c014458b-0ae1-49bc-b487-5dae27346713" CHANGEID="689798888" NUMBER="15" APARTTYPE="2" OPERTYPEID="10" PREVID="0" NEXTID="0" UPDATEDATE="2025-10-01" STARTDATE="2025-10-01" ENDDATE="2079-06-06" ISACTUAL="1" ISACTIVE="1" /><APARTMENT ID="111814707" OBJECTID="174981161" OBJECTGUID="19b52b7c-eddf-488f-9649-45ac2ce0a9fc" CHANGEID="689798921" NUMBER="18" APARTTYPE="2" OPERTYPEID="10" PREVID="0" NEXTID="0" UPDATEDATE="2025-10-01" STARTDATE="2025-10-01" ENDDATE="2079-06-06" ISACTUAL="1" ISACTIVE="1" /><APARTMENT ID="111814708" OBJECTID="174981164" OBJECTGUID="140f373b-eec6-432f-833c-7dce4b7a076f" CHANGEID="689798933" NUMBER="20" APARTTYPE="2" OPERTYPEID="10" PREVID="0" NEXTID="0" UPDATEDATE="2025-10-01" STARTDATE="2025-10-01" ENDDATE="2079-06-06" ISACTUAL="1" ISACTIVE="1" /><APARTMENT ID="111814724" OBJECTID="174981245" OBJECTGUID="42608ef9-e9b3-4e07-a0db-f3d31aff0aad" CHANGEID="689799077" NUMBER="22" APARTTYPE="2" OPERTYPEID="10" PREVID="0" NEXTID="0" UPDATEDATE="2025-10-01" STARTDATE="2025-10-01" ENDDATE="2079-06-06" ISACTUAL="1" ISACTIVE="1" /><APARTMENT ID="111814727" OBJECTID="174981270" OBJECTGUID="ce27915e-4dcf-49af-964b-5537d754ef1d" CHANGEID="689799106" NUMBER="23" APARTTYPE="2" OPERTYPEID="10" PREVID="0" NEXTID="0" UPDATEDATE="2025-10-01" STARTDATE="2025-10-01" ENDDATE="2079-06-06" ISACTUAL="1" ISACTIVE="1" /><APARTMENT ID="111814729" OBJECTID="174981275" OBJECTGUID="02359575-2b4c-47dc-8036-b3b3155f0b6c" CHANGEID="689799116" NUMBER="24" APARTTYPE="2" OPERTYPEID="10" PREVID="0" NEXTID="0" UPDATEDATE="2025-10-01" STARTDATE="2025-10-01" ENDDATE="2079-06-06" ISACTUAL="1" ISACTIVE="1" /><APARTMENT ID="111815197" OBJECTID="174982377" OBJECTGUID="0ccd67f8-b03c-4731-83ed-3c56bcad0e44" CHANGEID="689801256" NUMBER="3" APARTTYPE="2" OPERTYPEID="10" PREVID="0" NEXTID="0" UPDATEDATE="2025-10-01" STARTDATE="2025-10-01" ENDDATE="2079-06-06" ISACTUAL="1" ISACTIVE="1" /><APARTMENT ID="111815203" OBJECTID="174982409" OBJECTGUID="7ef05f71-e339-407a-a790-7d5470edda1c" CHANGEID="689801293" NUMBER="35" APARTTYPE="2" OPERTYPEID="10" PREVID="0" NEXTID="0" UPDATEDATE="2025-10-01" STARTDATE="2025-10-01" ENDDATE="2079-06-06" ISACTUAL="1" ISACTIVE="1" /><APARTMENT ID="111815196" OBJECTID="174982372" OBJECTGUID="a0fbc3f5-7e28-4ebb-8c42-145908775b6e" CHANGEID="689801248" NUMBER="29" APARTTYPE="2" OPERTYPEID="10" PREVID="0" NEXTID="0" UPDATEDATE="2025-10-01" STARTDATE="2025-10-01" ENDDATE="2079-06-06" ISACTUAL="1" ISACTIVE="1" /><APARTMENT ID="111815198" OBJECTID="174982382" OBJECTGUID="f21658bc-af17-4972-a523-7b0136c1ff00" CHANGEID="689801261" NUMBER="30" APARTTYPE="2" OPERTYPEID="10" PREVID="0" NEXTID="0" UPDATEDATE="2025-10-01" STARTDATE="2025-10-01" ENDDATE="2079-06-06" ISACTUAL="1" ISACTIVE="1" /><APARTMENT ID="111815199" OBJECTID="174982404" OBJECTGUID="60dcf5cf-8199-4896-9335-2aa9d74ca158" CHANGEID="689801284" NUMBER="33" APARTTYPE="2" OPERTYPEID="10" PREVID="0" NEXTID="0" UPDATEDATE="2025-10-01" STARTDATE="2025-10-01" ENDDATE="2079-06-06" ISACTUAL="1" ISACTIVE="1" /><APARTMENT ID="111815201" OBJECTID="174982407" OBJECTGUID="40411ede-5dd7-40ac-b3a3-9a2a683625a3" CHANGEID="689801290" NUMBER="34" APARTTYPE="2" OPERTYPEID="10" PREVID="0" NEXTID="0" UPDATEDATE="2025-10-01" STARTDATE="2025-10-01" ENDDATE="2079-06-06" ISACTUAL="1" ISACTIVE="1" /><APARTMENT ID="111815444" OBJECTID="174983559" OBJECTGUID="88b4403b-640c-40a1-bdce-dfbfd9fbe0c8" CHANGEID="689803551" NUMBER="36" APARTTYPE="2" OPERTYPEID="10" PREVID="0" NEXTID="0" UPDATEDATE="2025-10-01" STARTDATE="2025-10-01" ENDDATE="2079-06-06" ISACTUAL="1" ISACTIVE="1" /><APARTMENT ID="111815445" OBJECTID="174983561" OBJECTGUID="b0e7141b-ae05-4cc8-a34b-8f1138a3ab8f" CHANGEID="689803555" NUMBER="5" APARTTYPE="2" OPERTYPEID="10" PREVID="0" NEXTID="0" UPDATEDATE="2025-10-01" STARTDATE="2025-10-01" ENDDATE="2079-06-06" ISACTUAL="1" ISACTIVE="1" /><APARTMENT ID="111815447" OBJECTID="174983565" OBJECTGUID="1b8f982d-ffd5-47d7-9974-b6ffa8ff69e4" CHANGEID="689803561" NUMBER="9" APARTTYPE="2" OPERTYPEID="10" PREVID="0" NEXTID="0" UPDATEDATE="2025-10-01" STARTDATE="2025-10-01" ENDDATE="2079-06-06" ISACTUAL="1" ISACTIVE="1" /><APARTMENT ID="111815446" OBJECTID="174983563" OBJECTGUID="27c1ca71-0279-4728-9634-09e1b0e23566" CHANGEID="689803558" NUMBER="8" APARTTYPE="2" OPERTYPEID="10" PREVID="0" NEXTID="0" UPDATEDATE="2025-10-01" STARTDATE="2025-10-01" ENDDATE="2079-06-06" ISACTUAL="1" ISACTIVE="1" /></APARTMENTS>