﻿<?xml version="1.0" encoding="utf-8"?><HOUSES><HOUSE ID="129167892" OBJECTID="174921933" OBJECTGUID="3e6e4b1a-941c-45fe-997e-03d437d83721" CHANGEID="689649253" HOUSENUM="67" HOUSETYPE="2" OPERTYPEID="10" PREVID="0" NEXTID="0" UPDATEDATE="2025-09-29" STARTDATE="2025-09-29" ENDDATE="2079-06-06" ISACTUAL="1" ISACTIVE="1" /><HOUSE ID="129171601" OBJECTID="174933866" OBJECTGUID="c9dc200f-542c-4972-beba-41a56987ffb3" CHANGEID="689675580" HOUSENUM="17/5" HOUSETYPE="2" OPERTYPEID="10" PREVID="0" NEXTID="0" UPDATEDATE="2025-09-29" STARTDATE="2025-09-29" ENDDATE="2079-06-06" ISACTUAL="1" ISACTIVE="1" /><HOUSE ID="129171602" OBJECTID="174933867" OBJECTGUID="1fc2e138-8c0d-4fc8-9b16-dc25e3198742" CHANGEID="689675581" HOUSENUM="17/4" HOUSETYPE="2" OPERTYPEID="10" PREVID="0" NEXTID="0" UPDATEDATE="2025-09-29" STARTDATE="2025-09-29" ENDDATE="2079-06-06" ISACTUAL="1" ISACTIVE="1" /><HOUSE ID="129171603" OBJECTID="174933868" OBJECTGUID="d894cdc0-8c85-43d2-9ca7-e7d29a4494a1" CHANGEID="689675582" HOUSENUM="17/3" HOUSETYPE="2" OPERTYPEID="10" PREVID="0" NEXTID="0" UPDATEDATE="2025-09-29" STARTDATE="2025-09-29" ENDDATE="2079-06-06" ISACTUAL="1" ISACTIVE="1" /><HOUSE ID="129171604" OBJECTID="174933869" OBJECTGUID="dc664ee6-a57a-43e0-82fb-617eedc37660" CHANGEID="689675583" HOUSENUM="17/2" HOUSETYPE="2" OPERTYPEID="10" PREVID="0" NEXTID="0" UPDATEDATE="2025-09-29" STARTDATE="2025-09-29" ENDDATE="2079-06-06" ISACTUAL="1" ISACTIVE="1" /><HOUSE ID="129171605" OBJECTID="174933870" OBJECTGUID="17417fd7-8050-4a65-8d0a-42339678bcd6" CHANGEID="689675584" HOUSENUM="17/1" HOUSETYPE="2" OPERTYPEID="10" PREVID="0" NEXTID="0" UPDATEDATE="2025-09-29" STARTDATE="2025-09-29" ENDDATE="2079-06-06" ISACTUAL="1" ISACTIVE="1" /><HOUSE ID="129185391" OBJECTID="174974948" OBJECTGUID="2d052da1-0a8a-43a4-b83e-b644aa82bd1d" CHANGEID="689786647" HOUSENUM="7" HOUSETYPE="5" OPERTYPEID="10" PREVID="0" NEXTID="0" UPDATEDATE="2025-10-01" STARTDATE="2025-10-01" ENDDATE="2079-06-06" ISACTUAL="1" ISACTIVE="1" /><HOUSE ID="129185379" OBJECTID="174974928" OBJECTGUID="9700d31c-9765-4063-a8a2-2cd9a487f27b" CHANGEID="689786537" HOUSENUM="6" HOUSETYPE="2" OPERTYPEID="10" PREVID="0" NEXTID="0" UPDATEDATE="2025-10-01" STARTDATE="2025-10-01" ENDDATE="2079-06-06" ISACTUAL="1" ISACTIVE="1" /></HOUSES>