﻿<?xml version="1.0" encoding="utf-8"?><REESTR_OBJECTS><OBJECT OBJECTID="174921933" OBJECTGUID="3e6e4b1a-941c-45fe-997e-03d437d83721" CHANGEID="689649253" ISACTIVE="1" LEVELID="10" CREATEDATE="2025-09-29" UPDATEDATE="2025-09-29" /><OBJECT OBJECTID="174933866" OBJECTGUID="c9dc200f-542c-4972-beba-41a56987ffb3" CHANGEID="689675580" ISACTIVE="1" LEVELID="10" CREATEDATE="2025-09-29" UPDATEDATE="2025-09-29" /><OBJECT OBJECTID="174933867" OBJECTGUID="1fc2e138-8c0d-4fc8-9b16-dc25e3198742" CHANGEID="689675581" ISACTIVE="1" LEVELID="10" CREATEDATE="2025-09-29" UPDATEDATE="2025-09-29" /><OBJECT OBJECTID="174933868" OBJECTGUID="d894cdc0-8c85-43d2-9ca7-e7d29a4494a1" CHANGEID="689675582" ISACTIVE="1" LEVELID="10" CREATEDATE="2025-09-29" UPDATEDATE="2025-09-29" /><OBJECT OBJECTID="174933869" OBJECTGUID="dc664ee6-a57a-43e0-82fb-617eedc37660" CHANGEID="689675583" ISACTIVE="1" LEVELID="10" CREATEDATE="2025-09-29" UPDATEDATE="2025-09-29" /><OBJECT OBJECTID="174933870" OBJECTGUID="17417fd7-8050-4a65-8d0a-42339678bcd6" CHANGEID="689675584" ISACTIVE="1" LEVELID="10" CREATEDATE="2025-09-29" UPDATEDATE="2025-09-29" /><OBJECT OBJECTID="174944269" OBJECTGUID="006fd4ee-df36-46c3-93d0-00f7931b01e3" CHANGEID="689698047" ISACTIVE="1" LEVELID="9" CREATEDATE="2025-09-29" UPDATEDATE="2025-09-29" /><OBJECT OBJECTID="174944287" OBJECTGUID="09e1f9a1-3f6f-434c-bb49-e34264217c36" CHANGEID="689698121" ISACTIVE="1" LEVELID="9" CREATEDATE="2025-09-29" UPDATEDATE="2025-09-29" /><OBJECT OBJECTID="174944423" OBJECTGUID="eae0fde1-013a-426b-b435-8ca8893b4fc7" CHANGEID="689698511" ISACTIVE="1" LEVELID="9" CREATEDATE="2025-09-29" UPDATEDATE="2025-09-29" /><OBJECT OBJECTID="174944665" OBJECTGUID="1ad193e3-ab42-47d8-b032-1d65523e56cc" CHANGEID="689699307" ISACTIVE="1" LEVELID="9" CREATEDATE="2025-09-29" UPDATEDATE="2025-09-29" /><OBJECT OBJECTID="174944672" OBJECTGUID="efa69dde-f4c4-4992-901f-c1e3714dd0c0" CHANGEID="689699387" ISACTIVE="1" LEVELID="9" CREATEDATE="2025-09-29" UPDATEDATE="2025-09-29" /><OBJECT OBJECTID="174944680" OBJECTGUID="35ccde47-ba1c-4c5e-9aa9-15cc0070e8b8" CHANGEID="689699547" ISACTIVE="1" LEVELID="9" CREATEDATE="2025-09-29" UPDATEDATE="2025-09-29" /><OBJECT OBJECTID="174944732" OBJECTGUID="bb642bf4-78c1-4e81-9b50-747c70390887" CHANGEID="689699619" ISACTIVE="1" LEVELID="9" CREATEDATE="2025-09-29" UPDATEDATE="2025-09-29" /><OBJECT OBJECTID="174944738" OBJECTGUID="cec75c76-cb0c-4ad0-9390-a55a5eebe4ec" CHANGEID="689699640" ISACTIVE="1" LEVELID="9" CREATEDATE="2025-09-29" UPDATEDATE="2025-09-29" /><OBJECT OBJECTID="174949593" OBJECTGUID="0a4e4d10-0fe3-401a-a277-a81c108a25b3" CHANGEID="689709385" ISACTIVE="1" LEVELID="9" CREATEDATE="2025-09-30" UPDATEDATE="2025-09-30" /><OBJECT OBJECTID="174949623" OBJECTGUID="9b2729a3-3402-4e3c-989f-7ddf47dcf7e5" CHANGEID="689709444" ISACTIVE="1" LEVELID="9" CREATEDATE="2025-09-30" UPDATEDATE="2025-09-30" /><OBJECT OBJECTID="174949625" OBJECTGUID="d2ef7723-15c2-4c64-9bd4-e8be1ec11ecc" CHANGEID="689709450" ISACTIVE="1" LEVELID="9" CREATEDATE="2025-09-30" UPDATEDATE="2025-09-30" /><OBJECT OBJECTID="174949629" OBJECTGUID="ae0d16fc-7a15-4667-8b53-bb36cddc9c97" CHANGEID="689709472" ISACTIVE="1" LEVELID="9" CREATEDATE="2025-09-30" UPDATEDATE="2025-09-30" /><OBJECT OBJECTID="174949630" OBJECTGUID="a56a47b2-75e0-463f-bbb6-0dc795824562" CHANGEID="689709485" ISACTIVE="1" LEVELID="9" CREATEDATE="2025-09-30" UPDATEDATE="2025-09-30" /><OBJECT OBJECTID="174949627" OBJECTGUID="1f7b45e0-36dd-4f1d-b692-b0ac4420e800" CHANGEID="689709459" ISACTIVE="1" LEVELID="9" CREATEDATE="2025-09-30" UPDATEDATE="2025-09-30" /><OBJECT OBJECTID="174949628" OBJECTGUID="2ce50e39-8dd5-42e0-8016-e4fd9827781a" CHANGEID="689709467" ISACTIVE="1" LEVELID="9" CREATEDATE="2025-09-30" UPDATEDATE="2025-09-30" /><OBJECT OBJECTID="174949632" OBJECTGUID="a7a5f8ff-b44e-4684-b74a-7f0d0e753381" CHANGEID="689709487" ISACTIVE="1" LEVELID="9" CREATEDATE="2025-09-30" UPDATEDATE="2025-09-30" /><OBJECT OBJECTID="174949674" OBJECTGUID="74379bbc-d6b6-49f2-83b5-67c97ee7cf55" CHANGEID="689709530" ISACTIVE="1" LEVELID="9" CREATEDATE="2025-09-30" UPDATEDATE="2025-09-30" /><OBJECT OBJECTID="174949673" OBJECTGUID="06910333-ab0d-45e5-825f-0a35d0debb5f" CHANGEID="689709529" ISACTIVE="1" LEVELID="9" CREATEDATE="2025-09-30" UPDATEDATE="2025-09-30" /><OBJECT OBJECTID="174974927" OBJECTGUID="573862de-4eea-4529-9d8a-0f16ab7743d7" CHANGEID="689786534" ISACTIVE="1" LEVELID="9" CREATEDATE="2025-10-01" UPDATEDATE="2025-10-01" /><OBJECT OBJECTID="174974928" OBJECTGUID="9700d31c-9765-4063-a8a2-2cd9a487f27b" CHANGEID="689786537" ISACTIVE="1" LEVELID="10" CREATEDATE="2025-10-01" UPDATEDATE="2025-10-01" /><OBJECT OBJECTID="174974948" OBJECTGUID="2d052da1-0a8a-43a4-b83e-b644aa82bd1d" CHANGEID="689786647" ISACTIVE="1" LEVELID="10" CREATEDATE="2025-10-01" UPDATEDATE="2025-10-01" /><OBJECT OBJECTID="174974949" OBJECTGUID="f7124051-2f7d-47e9-b110-269f7dbaa091" CHANGEID="689786649" ISACTIVE="1" LEVELID="9" CREATEDATE="2025-10-01" UPDATEDATE="2025-10-01" /><OBJECT OBJECTID="174976926" OBJECTGUID="999057bf-1d56-4803-88b2-ce1163ace6ad" CHANGEID="689790816" ISACTIVE="1" LEVELID="11" CREATEDATE="2025-10-01" UPDATEDATE="2025-10-01" /><OBJECT OBJECTID="174981077" OBJECTGUID="ccc6dd73-e6a5-4a4f-ab80-77e564ec6122" CHANGEID="689798764" ISACTIVE="1" LEVELID="11" CREATEDATE="2025-10-01" UPDATEDATE="2025-10-01" /><OBJECT OBJECTID="174981078" OBJECTGUID="541096b2-ce36-4423-abb4-353fe01fabfe" CHANGEID="689798766" ISACTIVE="1" LEVELID="11" CREATEDATE="2025-10-01" UPDATEDATE="2025-10-01" /><OBJECT OBJECTID="174981080" OBJECTGUID="ee8c96dd-75f4-474b-a2bf-7495da2cca7b" CHANGEID="689798768" ISACTIVE="1" LEVELID="11" CREATEDATE="2025-10-01" UPDATEDATE="2025-10-01" /><OBJECT OBJECTID="174981085" OBJECTGUID="68d7eaf9-40e2-4aac-98b2-80a720566017" CHANGEID="689798775" ISACTIVE="1" LEVELID="11" CREATEDATE="2025-10-01" UPDATEDATE="2025-10-01" /><OBJECT OBJECTID="174981088" OBJECTGUID="3bd8439b-d149-45ec-ae70-b517999d16fc" CHANGEID="689798783" ISACTIVE="1" LEVELID="11" CREATEDATE="2025-10-01" UPDATEDATE="2025-10-01" /><OBJECT OBJECTID="174981096" OBJECTGUID="55b0710a-a86a-47ca-8e7e-bb2dc33eae32" CHANGEID="689798800" ISACTIVE="1" LEVELID="11" CREATEDATE="2025-10-01" UPDATEDATE="2025-10-01" /><OBJECT OBJECTID="174981126" OBJECTGUID="57105574-ace7-44fd-8144-126dffab6ea0" CHANGEID="689798844" ISACTIVE="1" LEVELID="11" CREATEDATE="2025-10-01" UPDATEDATE="2025-10-01" /><OBJECT OBJECTID="174981146" OBJECTGUID="29293f2e-197a-42d5-b343-0d32802e746f" CHANGEID="689798883" ISACTIVE="1" LEVELID="11" CREATEDATE="2025-10-01" UPDATEDATE="2025-10-01" /><OBJECT OBJECTID="174981148" OBJECTGUID="c014458b-0ae1-49bc-b487-5dae27346713" CHANGEID="689798888" ISACTIVE="1" LEVELID="11" CREATEDATE="2025-10-01" UPDATEDATE="2025-10-01" /><OBJECT OBJECTID="174981151" OBJECTGUID="2ae1aa8a-999c-4c3a-99e0-0b4049e77534" CHANGEID="689798891" ISACTIVE="1" LEVELID="11" CREATEDATE="2025-10-01" UPDATEDATE="2025-10-01" /><OBJECT OBJECTID="174981158" OBJECTGUID="81cac3e9-c5bf-4403-bb46-304dc69588cb" CHANGEID="689798898" ISACTIVE="1" LEVELID="11" CREATEDATE="2025-10-01" UPDATEDATE="2025-10-01" /><OBJECT OBJECTID="174981161" OBJECTGUID="19b52b7c-eddf-488f-9649-45ac2ce0a9fc" CHANGEID="689798921" ISACTIVE="1" LEVELID="11" CREATEDATE="2025-10-01" UPDATEDATE="2025-10-01" /><OBJECT OBJECTID="174981164" OBJECTGUID="140f373b-eec6-432f-833c-7dce4b7a076f" CHANGEID="689798933" ISACTIVE="1" LEVELID="11" CREATEDATE="2025-10-01" UPDATEDATE="2025-10-01" /><OBJECT OBJECTID="174981225" OBJECTGUID="56b94299-8dc3-4cd5-bf27-ac860f0d4224" CHANGEID="689799050" ISACTIVE="1" LEVELID="11" CREATEDATE="2025-10-01" UPDATEDATE="2025-10-01" /><OBJECT OBJECTID="174981245" OBJECTGUID="42608ef9-e9b3-4e07-a0db-f3d31aff0aad" CHANGEID="689799077" ISACTIVE="1" LEVELID="11" CREATEDATE="2025-10-01" UPDATEDATE="2025-10-01" /><OBJECT OBJECTID="174981282" OBJECTGUID="d2e73d39-a64a-446a-ba71-e0f50ebfe208" CHANGEID="689799137" ISACTIVE="1" LEVELID="11" CREATEDATE="2025-10-01" UPDATEDATE="2025-10-01" /><OBJECT OBJECTID="174981270" OBJECTGUID="ce27915e-4dcf-49af-964b-5537d754ef1d" CHANGEID="689799106" ISACTIVE="1" LEVELID="11" CREATEDATE="2025-10-01" UPDATEDATE="2025-10-01" /><OBJECT OBJECTID="174981275" OBJECTGUID="02359575-2b4c-47dc-8036-b3b3155f0b6c" CHANGEID="689799116" ISACTIVE="1" LEVELID="11" CREATEDATE="2025-10-01" UPDATEDATE="2025-10-01" /><OBJECT OBJECTID="174981293" OBJECTGUID="9df6e90c-b254-4ffa-84e6-8aed1baf57b6" CHANGEID="689799170" ISACTIVE="1" LEVELID="11" CREATEDATE="2025-10-01" UPDATEDATE="2025-10-01" /><OBJECT OBJECTID="174981300" OBJECTGUID="f111d958-963c-4ad9-a731-784f825b4a53" CHANGEID="689799191" ISACTIVE="1" LEVELID="11" CREATEDATE="2025-10-01" UPDATEDATE="2025-10-01" /><OBJECT OBJECTID="174982372" OBJECTGUID="a0fbc3f5-7e28-4ebb-8c42-145908775b6e" CHANGEID="689801248" ISACTIVE="1" LEVELID="11" CREATEDATE="2025-10-01" UPDATEDATE="2025-10-01" /><OBJECT OBJECTID="174982377" OBJECTGUID="0ccd67f8-b03c-4731-83ed-3c56bcad0e44" CHANGEID="689801256" ISACTIVE="1" LEVELID="11" CREATEDATE="2025-10-01" UPDATEDATE="2025-10-01" /><OBJECT OBJECTID="174982382" OBJECTGUID="f21658bc-af17-4972-a523-7b0136c1ff00" CHANGEID="689801261" ISACTIVE="1" LEVELID="11" CREATEDATE="2025-10-01" UPDATEDATE="2025-10-01" /><OBJECT OBJECTID="174982404" OBJECTGUID="60dcf5cf-8199-4896-9335-2aa9d74ca158" CHANGEID="689801284" ISACTIVE="1" LEVELID="11" CREATEDATE="2025-10-01" UPDATEDATE="2025-10-01" /><OBJECT OBJECTID="174982409" OBJECTGUID="7ef05f71-e339-407a-a790-7d5470edda1c" CHANGEID="689801293" ISACTIVE="1" LEVELID="11" CREATEDATE="2025-10-01" UPDATEDATE="2025-10-01" /><OBJECT OBJECTID="174982407" OBJECTGUID="40411ede-5dd7-40ac-b3a3-9a2a683625a3" CHANGEID="689801290" ISACTIVE="1" LEVELID="11" CREATEDATE="2025-10-01" UPDATEDATE="2025-10-01" /><OBJECT OBJECTID="174983559" OBJECTGUID="88b4403b-640c-40a1-bdce-dfbfd9fbe0c8" CHANGEID="689803551" ISACTIVE="1" LEVELID="11" CREATEDATE="2025-10-01" UPDATEDATE="2025-10-01" /><OBJECT OBJECTID="174983561" OBJECTGUID="b0e7141b-ae05-4cc8-a34b-8f1138a3ab8f" CHANGEID="689803555" ISACTIVE="1" LEVELID="11" CREATEDATE="2025-10-01" UPDATEDATE="2025-10-01" /><OBJECT OBJECTID="174983563" OBJECTGUID="27c1ca71-0279-4728-9634-09e1b0e23566" CHANGEID="689803558" ISACTIVE="1" LEVELID="11" CREATEDATE="2025-10-01" UPDATEDATE="2025-10-01" /><OBJECT OBJECTID="174983565" OBJECTGUID="1b8f982d-ffd5-47d7-9974-b6ffa8ff69e4" CHANGEID="689803561" ISACTIVE="1" LEVELID="11" CREATEDATE="2025-10-01" UPDATEDATE="2025-10-01" /><OBJECT OBJECTID="174986726" OBJECTGUID="f43b55f7-52e5-4f63-bbe2-3c4d4300161b" CHANGEID="689810783" ISACTIVE="1" LEVELID="9" CREATEDATE="2025-10-01" UPDATEDATE="2025-10-01" /><OBJECT OBJECTID="104780262" OBJECTGUID="6016def8-77b8-49a9-967a-979f87f85dfe" CHANGEID="689786653" ISACTIVE="1" LEVELID="9" CREATEDATE="2022-06-21" UPDATEDATE="2025-10-01" /><OBJECT OBJECTID="157232449" OBJECTGUID="51a040b7-5eb1-454a-9546-c41557a7748a" CHANGEID="689786657" ISACTIVE="1" LEVELID="9" CREATEDATE="2022-11-21" UPDATEDATE="2025-10-01" /></REESTR_OBJECTS>