﻿<?xml version="1.0" encoding="utf-8"?><HOUSES><HOUSE ID="67862235" OBJECTID="69759784" OBJECTGUID="e8aab473-1e38-4ee5-8408-f3d660ef1c62" CHANGEID="103963498" HOUSENUM="2" HOUSETYPE="2" OPERTYPEID="20" PREVID="42074984" NEXTID="129165911" UPDATEDATE="2025-09-29" STARTDATE="2014-01-04" ENDDATE="2025-09-29" ISACTUAL="0" ISACTIVE="0" /><HOUSE ID="129164335" OBJECTID="174910162" OBJECTGUID="1ffa7f75-ff67-4525-921c-8c51cbee4c4e" CHANGEID="689624701" HOUSENUM="5а" HOUSETYPE="2" OPERTYPEID="10" PREVID="0" NEXTID="0" UPDATEDATE="2025-09-29" STARTDATE="2025-09-29" ENDDATE="2079-06-06" ISACTUAL="1" ISACTIVE="1" /><HOUSE ID="129165021" OBJECTID="174912632" OBJECTGUID="370e333d-a142-49a5-8328-5d33f5e602f5" CHANGEID="689631013" HOUSENUM="11" HOUSETYPE="2" OPERTYPEID="10" PREVID="0" NEXTID="0" UPDATEDATE="2025-09-29" STARTDATE="2025-09-29" ENDDATE="2079-06-06" ISACTUAL="1" ISACTIVE="1" /><HOUSE ID="129165019" OBJECTID="174912627" OBJECTGUID="89c30843-ecb3-46bc-be30-01fbb4f41594" CHANGEID="689631008" HOUSENUM="7" HOUSETYPE="2" OPERTYPEID="10" PREVID="0" NEXTID="0" UPDATEDATE="2025-09-29" STARTDATE="2025-09-29" ENDDATE="2079-06-06" ISACTUAL="1" ISACTIVE="1" /><HOUSE ID="129165020" OBJECTID="174912629" OBJECTGUID="58cd62d0-e7c3-4c2d-a5d3-aa99ecfa8519" CHANGEID="689631010" HOUSENUM="22/2" HOUSETYPE="2" OPERTYPEID="10" PREVID="0" NEXTID="0" UPDATEDATE="2025-09-29" STARTDATE="2025-09-29" ENDDATE="2079-06-06" ISACTUAL="1" ISACTIVE="1" /><HOUSE ID="129165132" OBJECTID="174913074" OBJECTGUID="129b05ea-e93b-47eb-a97e-fc37efb35330" CHANGEID="689631979" HOUSENUM="231" HOUSETYPE="2" OPERTYPEID="10" PREVID="0" NEXTID="0" UPDATEDATE="2025-09-29" STARTDATE="2025-09-29" ENDDATE="2079-06-06" ISACTUAL="1" ISACTIVE="1" /><HOUSE ID="129165204" OBJECTID="174913187" OBJECTGUID="e9402c19-4f9d-466b-88eb-2f5bfc2a2268" CHANGEID="689632536" HOUSENUM="10" HOUSETYPE="2" OPERTYPEID="10" PREVID="0" NEXTID="0" UPDATEDATE="2025-09-29" STARTDATE="2025-09-29" ENDDATE="2079-06-06" ISACTUAL="1" ISACTIVE="1" /><HOUSE ID="129165205" OBJECTID="174913188" OBJECTGUID="d3f644de-5486-4e24-aadf-0faa43a5c4e7" CHANGEID="689632537" HOUSENUM="9" HOUSETYPE="2" OPERTYPEID="10" PREVID="0" NEXTID="0" UPDATEDATE="2025-09-29" STARTDATE="2025-09-29" ENDDATE="2079-06-06" ISACTUAL="1" ISACTIVE="1" /><HOUSE ID="129165339" OBJECTID="174913502" OBJECTGUID="7386c473-46d8-4280-98ca-02ba660fd173" CHANGEID="689633408" HOUSENUM="21" HOUSETYPE="2" OPERTYPEID="10" PREVID="0" NEXTID="0" UPDATEDATE="2025-09-29" STARTDATE="2025-09-29" ENDDATE="2079-06-06" ISACTUAL="1" ISACTIVE="1" /><HOUSE ID="129165910" OBJECTID="174915043" OBJECTGUID="1420aaf2-9bca-4dc2-a9f6-e9134f188b76" CHANGEID="689636716" HOUSENUM="22А" HOUSETYPE="2" OPERTYPEID="10" PREVID="0" NEXTID="0" UPDATEDATE="2025-09-29" STARTDATE="2025-09-29" ENDDATE="2079-06-06" ISACTUAL="1" ISACTIVE="1" /><HOUSE ID="129165912" OBJECTID="174915044" OBJECTGUID="fd17f0d5-1eff-4b99-bc61-5aabe96f8574" CHANGEID="689636718" HOUSENUM="31А" HOUSETYPE="2" OPERTYPEID="10" PREVID="0" NEXTID="0" UPDATEDATE="2025-09-29" STARTDATE="2025-09-29" ENDDATE="2079-06-06" ISACTUAL="1" ISACTIVE="1" /><HOUSE ID="129165945" OBJECTID="174915202" OBJECTGUID="8f68f86b-862b-41dc-82e6-8772e49ca797" CHANGEID="689636983" HOUSENUM="9" HOUSETYPE="2" OPERTYPEID="10" PREVID="0" NEXTID="0" UPDATEDATE="2025-09-29" STARTDATE="2025-09-29" ENDDATE="2079-06-06" ISACTUAL="1" ISACTIVE="1" /><HOUSE ID="129165911" OBJECTID="69759784" OBJECTGUID="e8aab473-1e38-4ee5-8408-f3d660ef1c62" CHANGEID="689636717" HOUSENUM="2" HOUSETYPE="2" OPERTYPEID="30" PREVID="67862235" NEXTID="0" UPDATEDATE="2025-09-29" STARTDATE="2025-09-29" ENDDATE="2079-06-06" ISACTUAL="1" ISACTIVE="0" /><HOUSE ID="129165913" OBJECTID="174915047" OBJECTGUID="97720330-50ce-4ebe-81a2-bcbab4f5aa18" CHANGEID="689636721" HOUSENUM="18" HOUSETYPE="2" OPERTYPEID="10" PREVID="0" NEXTID="0" UPDATEDATE="2025-09-29" STARTDATE="2025-09-29" ENDDATE="2079-06-06" ISACTUAL="1" ISACTIVE="1" /><HOUSE ID="129175298" OBJECTID="174945623" OBJECTGUID="8943bf24-f108-4c82-bfce-d5985a29a703" CHANGEID="689701853" HOUSENUM="2" HOUSETYPE="2" OPERTYPEID="10" PREVID="0" NEXTID="0" UPDATEDATE="2025-09-30" STARTDATE="2025-09-30" ENDDATE="2079-06-06" ISACTUAL="1" ISACTIVE="1" /><HOUSE ID="129175986" OBJECTID="174948330" OBJECTGUID="bbc521f1-0233-4a8d-9b45-ef3f315967a7" CHANGEID="689706903" HOUSENUM="60" HOUSETYPE="2" OPERTYPEID="10" PREVID="0" NEXTID="0" UPDATEDATE="2025-09-30" STARTDATE="2025-09-30" ENDDATE="2079-06-06" ISACTUAL="1" ISACTIVE="1" /><HOUSE ID="129176007" OBJECTID="174948379" OBJECTGUID="abcd146d-20e4-4904-97c2-54a4373e4df2" CHANGEID="689707032" HOUSENUM="37" ADDNUM1="2" HOUSETYPE="5" ADDTYPE1="2" OPERTYPEID="10" PREVID="0" NEXTID="0" UPDATEDATE="2025-09-30" STARTDATE="2025-09-30" ENDDATE="2079-06-06" ISACTUAL="1" ISACTIVE="1" /><HOUSE ID="129176344" OBJECTID="174949045" OBJECTGUID="544b7a50-0c7f-4ed4-a57d-4ad9505d3d65" CHANGEID="689708274" HOUSENUM="2/2" ADDNUM1="5" HOUSETYPE="2" ADDTYPE1="2" OPERTYPEID="10" PREVID="0" NEXTID="0" UPDATEDATE="2025-09-30" STARTDATE="2025-09-30" ENDDATE="2079-06-06" ISACTUAL="1" ISACTIVE="1" /><HOUSE ID="129176347" OBJECTID="174949051" OBJECTGUID="abaa3281-dcf7-4c28-ac19-de2e138ce5a2" CHANGEID="689708280" HOUSENUM="10" HOUSETYPE="2" OPERTYPEID="10" PREVID="0" NEXTID="0" UPDATEDATE="2025-09-30" STARTDATE="2025-09-30" ENDDATE="2079-06-06" ISACTUAL="1" ISACTIVE="1" /><HOUSE ID="129176343" OBJECTID="174949034" OBJECTGUID="0d75435a-8336-425a-9d64-038636569cd0" CHANGEID="689708263" HOUSENUM="62" HOUSETYPE="2" OPERTYPEID="10" PREVID="0" NEXTID="0" UPDATEDATE="2025-09-30" STARTDATE="2025-09-30" ENDDATE="2079-06-06" ISACTUAL="1" ISACTIVE="1" /><HOUSE ID="129176345" OBJECTID="174949046" OBJECTGUID="869a71aa-cfd8-4241-adac-1bb36ce7d3a9" CHANGEID="689708275" HOUSENUM="305" HOUSETYPE="2" OPERTYPEID="10" PREVID="0" NEXTID="0" UPDATEDATE="2025-09-30" STARTDATE="2025-09-30" ENDDATE="2079-06-06" ISACTUAL="1" ISACTIVE="1" /><HOUSE ID="129176346" OBJECTID="174949048" OBJECTGUID="f23b87b8-bdc5-4f99-9348-470b31aa9969" CHANGEID="689708277" HOUSENUM="7" HOUSETYPE="2" OPERTYPEID="10" PREVID="0" NEXTID="0" UPDATEDATE="2025-09-30" STARTDATE="2025-09-30" ENDDATE="2079-06-06" ISACTUAL="1" ISACTIVE="1" /><HOUSE ID="129176395" OBJECTID="174949165" OBJECTGUID="ace3d3f0-f58b-488c-b5d8-2d6406c5f27e" CHANGEID="689708454" HOUSENUM="101г" HOUSETYPE="2" OPERTYPEID="10" PREVID="0" NEXTID="0" UPDATEDATE="2025-09-30" STARTDATE="2025-09-30" ENDDATE="2079-06-06" ISACTUAL="1" ISACTIVE="1" /><HOUSE ID="129176455" OBJECTID="174949208" OBJECTGUID="71865c2b-6520-4300-b909-3e85aaf2dbc9" CHANGEID="689708614" HOUSENUM="8" HOUSETYPE="2" OPERTYPEID="10" PREVID="0" NEXTID="0" UPDATEDATE="2025-09-30" STARTDATE="2025-09-30" ENDDATE="2079-06-06" ISACTUAL="1" ISACTIVE="1" /><HOUSE ID="129177446" OBJECTID="174951476" OBJECTGUID="b0a94a38-96cc-42bb-bbcb-326f657d481f" CHANGEID="689712522" HOUSENUM="5" HOUSETYPE="2" OPERTYPEID="10" PREVID="0" NEXTID="0" UPDATEDATE="2025-09-30" STARTDATE="2025-09-30" ENDDATE="2079-06-06" ISACTUAL="1" ISACTIVE="1" /><HOUSE ID="129183966" OBJECTID="174970910" OBJECTGUID="bde8ec79-304b-49f7-b3fb-c64f92c0a92b" CHANGEID="689777544" HOUSENUM="11а" HOUSETYPE="2" OPERTYPEID="10" PREVID="0" NEXTID="0" UPDATEDATE="2025-10-01" STARTDATE="2025-10-01" ENDDATE="2079-06-06" ISACTUAL="1" ISACTIVE="1" /></HOUSES>