﻿<?xml version="1.0" encoding="utf-8"?><STEADS><STEAD ID="4344245" OBJECTID="88882012" OBJECTGUID="518831c7-7cb7-4096-85d7-6786b07e55ec" CHANGEID="131269605" NUMBER="10" OPERTYPEID="10" NEXTID="74165909" UPDATEDATE="2025-09-29" STARTDATE="2016-10-21" ENDDATE="2025-09-29" ISACTUAL="0" ISACTIVE="0" /><STEAD ID="74163395" OBJECTID="174910161" OBJECTGUID="3112c06c-72b6-448a-bc57-55e435c0d950" CHANGEID="689624700" NUMBER="5а" OPERTYPEID="10" PREVID="0" NEXTID="0" UPDATEDATE="2025-09-29" STARTDATE="2025-09-29" ENDDATE="2079-06-06" ISACTUAL="1" ISACTIVE="1" /><STEAD ID="74165003" OBJECTID="174912631" OBJECTGUID="5d2dee21-5660-42ad-a198-6e1e28b7e426" CHANGEID="689631012" NUMBER="11" OPERTYPEID="10" PREVID="0" NEXTID="0" UPDATEDATE="2025-09-29" STARTDATE="2025-09-29" ENDDATE="2079-06-06" ISACTUAL="1" ISACTIVE="1" /><STEAD ID="74165001" OBJECTID="174912628" OBJECTGUID="8c59141a-a16f-477a-9947-71990927cfee" CHANGEID="689631009" NUMBER="22/2" OPERTYPEID="10" PREVID="0" NEXTID="0" UPDATEDATE="2025-09-29" STARTDATE="2025-09-29" ENDDATE="2079-06-06" ISACTUAL="1" ISACTIVE="1" /><STEAD ID="74165002" OBJECTID="174912630" OBJECTGUID="1306a2b7-75b1-404c-9d14-7c558b4a6f43" CHANGEID="689631011" NUMBER="84" OPERTYPEID="10" PREVID="0" NEXTID="0" UPDATEDATE="2025-09-29" STARTDATE="2025-09-29" ENDDATE="2079-06-06" ISACTUAL="1" ISACTIVE="1" /><STEAD ID="74165311" OBJECTID="174913063" OBJECTGUID="59ba4015-bc4b-4d50-9b02-3747cdc7973f" CHANGEID="689631961" NUMBER="16/1А" OPERTYPEID="10" PREVID="0" NEXTID="0" UPDATEDATE="2025-09-29" STARTDATE="2025-09-29" ENDDATE="2079-06-06" ISACTUAL="1" ISACTIVE="1" /><STEAD ID="74165312" OBJECTID="174913064" OBJECTGUID="fc32006d-1104-43c3-99aa-3738764bb323" CHANGEID="689631962" NUMBER="34А/1" OPERTYPEID="10" PREVID="0" NEXTID="0" UPDATEDATE="2025-09-29" STARTDATE="2025-09-29" ENDDATE="2079-06-06" ISACTUAL="1" ISACTIVE="1" /><STEAD ID="74165313" OBJECTID="174913065" OBJECTGUID="2e0f0766-8e10-4d88-9a41-561cdd1f595e" CHANGEID="689631963" NUMBER="42" OPERTYPEID="10" PREVID="0" NEXTID="0" UPDATEDATE="2025-09-29" STARTDATE="2025-09-29" ENDDATE="2079-06-06" ISACTUAL="1" ISACTIVE="1" /><STEAD ID="74165314" OBJECTID="174913066" OBJECTGUID="2c4bfeb9-0137-420a-9094-9adaddd352a3" CHANGEID="689631964" NUMBER="28/2" OPERTYPEID="10" PREVID="0" NEXTID="0" UPDATEDATE="2025-09-29" STARTDATE="2025-09-29" ENDDATE="2079-06-06" ISACTUAL="1" ISACTIVE="1" /><STEAD ID="74165315" OBJECTID="174913067" OBJECTGUID="a20a392d-04c5-4455-8e30-4766cb304425" CHANGEID="689631965" NUMBER="28/1" OPERTYPEID="10" PREVID="0" NEXTID="0" UPDATEDATE="2025-09-29" STARTDATE="2025-09-29" ENDDATE="2079-06-06" ISACTUAL="1" ISACTIVE="1" /><STEAD ID="74165316" OBJECTID="174913068" OBJECTGUID="f7167ace-225e-4bc2-834d-669a9eb4f46e" CHANGEID="689631966" NUMBER="16/2" OPERTYPEID="10" PREVID="0" NEXTID="0" UPDATEDATE="2025-09-29" STARTDATE="2025-09-29" ENDDATE="2079-06-06" ISACTUAL="1" ISACTIVE="1" /><STEAD ID="74165317" OBJECTID="174913069" OBJECTGUID="e77e3090-9c27-44af-bc36-43092f1229d7" CHANGEID="689631967" NUMBER="45А" OPERTYPEID="10" PREVID="0" NEXTID="0" UPDATEDATE="2025-09-29" STARTDATE="2025-09-29" ENDDATE="2079-06-06" ISACTUAL="1" ISACTIVE="1" /><STEAD ID="74165318" OBJECTID="174913070" OBJECTGUID="e995099b-2a8e-44c1-93e4-6473f777bb96" CHANGEID="689631968" NUMBER="34А/2" OPERTYPEID="10" PREVID="0" NEXTID="0" UPDATEDATE="2025-09-29" STARTDATE="2025-09-29" ENDDATE="2079-06-06" ISACTUAL="1" ISACTIVE="1" /><STEAD ID="74165319" OBJECTID="174913071" OBJECTGUID="fc0ddb1d-4bc0-4915-b81f-2c20516718bb" CHANGEID="689631969" NUMBER="3" OPERTYPEID="10" PREVID="0" NEXTID="0" UPDATEDATE="2025-09-29" STARTDATE="2025-09-29" ENDDATE="2079-06-06" ISACTUAL="1" ISACTIVE="1" /><STEAD ID="74165320" OBJECTID="174913072" OBJECTGUID="92bc38ae-498d-41a3-995d-4ddd7428eb5b" CHANGEID="689631977" NUMBER="231" OPERTYPEID="10" PREVID="0" NEXTID="0" UPDATEDATE="2025-09-29" STARTDATE="2025-09-29" ENDDATE="2079-06-06" ISACTUAL="1" ISACTIVE="1" /><STEAD ID="74165382" OBJECTID="174913186" OBJECTGUID="dabbbcfc-2f59-4ecc-a01d-eb53402e1bc6" CHANGEID="689632535" NUMBER="10" OPERTYPEID="10" PREVID="0" NEXTID="0" UPDATEDATE="2025-09-29" STARTDATE="2025-09-29" ENDDATE="2079-06-06" ISACTUAL="1" ISACTIVE="1" /><STEAD ID="74165424" OBJECTID="174913233" OBJECTGUID="77f0d502-719b-4800-a9f3-ce3f6fe8cf02" CHANGEID="689632918" NUMBER="15" OPERTYPEID="10" PREVID="0" NEXTID="0" UPDATEDATE="2025-09-29" STARTDATE="2025-09-29" ENDDATE="2079-06-06" ISACTUAL="1" ISACTIVE="1" /><STEAD ID="74165908" OBJECTID="174914015" OBJECTGUID="ece5b083-b0a4-47f0-8f00-2e7b8ff751e7" CHANGEID="689634559" NUMBER="22А" OPERTYPEID="10" PREVID="0" NEXTID="0" UPDATEDATE="2025-09-29" STARTDATE="2025-09-29" ENDDATE="2079-06-06" ISACTUAL="1" ISACTIVE="1" /><STEAD ID="74165909" OBJECTID="88882012" OBJECTGUID="518831c7-7cb7-4096-85d7-6786b07e55ec" CHANGEID="689634728" NUMBER="10" OPERTYPEID="30" PREVID="4344245" NEXTID="0" UPDATEDATE="2025-09-29" STARTDATE="2025-09-29" ENDDATE="2079-06-06" ISACTUAL="1" ISACTIVE="0" /><STEAD ID="74166424" OBJECTID="174915045" OBJECTGUID="f765017b-a30f-4a22-abb3-076472afc3ed" CHANGEID="689636719" NUMBER="42" OPERTYPEID="10" PREVID="0" NEXTID="0" UPDATEDATE="2025-09-29" STARTDATE="2025-09-29" ENDDATE="2079-06-06" ISACTUAL="1" ISACTIVE="1" /><STEAD ID="74166425" OBJECTID="174915046" OBJECTGUID="2a5dc64f-c8de-470c-9478-cb20040cc86a" CHANGEID="689636720" NUMBER="18" OPERTYPEID="10" PREVID="0" NEXTID="0" UPDATEDATE="2025-09-29" STARTDATE="2025-09-29" ENDDATE="2079-06-06" ISACTUAL="1" ISACTIVE="1" /><STEAD ID="74166427" OBJECTID="174915049" OBJECTGUID="0d637ffd-f370-4212-8ad8-370490b6e32c" CHANGEID="689636743" NUMBER="153" OPERTYPEID="10" PREVID="0" NEXTID="0" UPDATEDATE="2025-09-29" STARTDATE="2025-09-29" ENDDATE="2079-06-06" ISACTUAL="1" ISACTIVE="1" /><STEAD ID="74167475" OBJECTID="174917347" OBJECTGUID="c50d7aae-2018-4f1b-a4c0-1ff00c71de77" CHANGEID="689640706" NUMBER="10" OPERTYPEID="10" PREVID="0" NEXTID="0" UPDATEDATE="2025-09-29" STARTDATE="2025-09-29" ENDDATE="2079-06-06" ISACTUAL="1" ISACTIVE="1" /><STEAD ID="74180520" OBJECTID="174945624" OBJECTGUID="a8c66826-b147-4224-8ea0-4a64b338b79f" CHANGEID="689701854" NUMBER="2" OPERTYPEID="10" PREVID="0" NEXTID="0" UPDATEDATE="2025-09-30" STARTDATE="2025-09-30" ENDDATE="2079-06-06" ISACTUAL="1" ISACTIVE="1" /><STEAD ID="74180533" OBJECTID="174945638" OBJECTGUID="b07361f8-3840-4fcf-a3d8-a6c3d47019d3" CHANGEID="689701868" NUMBER="3А" OPERTYPEID="10" PREVID="0" NEXTID="0" UPDATEDATE="2025-09-30" STARTDATE="2025-09-30" ENDDATE="2079-06-06" ISACTUAL="1" ISACTIVE="1" /><STEAD ID="74180534" OBJECTID="174945639" OBJECTGUID="1e944566-a471-48f3-8e70-0ef4ec6e81de" CHANGEID="689701869" NUMBER="45" OPERTYPEID="10" PREVID="0" NEXTID="0" UPDATEDATE="2025-09-30" STARTDATE="2025-09-30" ENDDATE="2079-06-06" ISACTUAL="1" ISACTIVE="1" /><STEAD ID="74180535" OBJECTID="174945640" OBJECTGUID="86bcf3f8-9804-4c7e-9738-41d74ccdbbb8" CHANGEID="689701870" NUMBER="39Б" OPERTYPEID="10" PREVID="0" NEXTID="0" UPDATEDATE="2025-09-30" STARTDATE="2025-09-30" ENDDATE="2079-06-06" ISACTUAL="1" ISACTIVE="1" /><STEAD ID="74180536" OBJECTID="174945641" OBJECTGUID="6b4a78bf-40b5-4966-af35-b08000f6686c" CHANGEID="689701871" NUMBER="39А" OPERTYPEID="10" PREVID="0" NEXTID="0" UPDATEDATE="2025-09-30" STARTDATE="2025-09-30" ENDDATE="2079-06-06" ISACTUAL="1" ISACTIVE="1" /><STEAD ID="74180542" OBJECTID="174945647" OBJECTGUID="0a152a1d-890e-4427-a496-5aeded3b4cdb" CHANGEID="689701878" NUMBER="16" OPERTYPEID="10" PREVID="0" NEXTID="0" UPDATEDATE="2025-09-30" STARTDATE="2025-09-30" ENDDATE="2079-06-06" ISACTUAL="1" ISACTIVE="1" /><STEAD ID="74180543" OBJECTID="174945648" OBJECTGUID="ec4cee89-361c-4e86-a8a5-593a67741d8e" CHANGEID="689701879" NUMBER="12" OPERTYPEID="10" PREVID="0" NEXTID="0" UPDATEDATE="2025-09-30" STARTDATE="2025-09-30" ENDDATE="2079-06-06" ISACTUAL="1" ISACTIVE="1" /><STEAD ID="74180614" OBJECTID="174945776" OBJECTGUID="f342e0ca-5452-49f3-9e81-46cc353e80cb" CHANGEID="689702400" NUMBER="13А" OPERTYPEID="10" PREVID="0" NEXTID="0" UPDATEDATE="2025-09-30" STARTDATE="2025-09-30" ENDDATE="2079-06-06" ISACTUAL="1" ISACTIVE="1" /><STEAD ID="74180615" OBJECTID="174945777" OBJECTGUID="bccf8cdb-504a-4885-ac70-4078a5102b8b" CHANGEID="689702401" NUMBER="24" OPERTYPEID="10" PREVID="0" NEXTID="0" UPDATEDATE="2025-09-30" STARTDATE="2025-09-30" ENDDATE="2079-06-06" ISACTUAL="1" ISACTIVE="1" /><STEAD ID="74180616" OBJECTID="174945778" OBJECTGUID="b3580961-ce06-4f5e-843f-4b9ccf971d0b" CHANGEID="689702402" NUMBER="26/30" OPERTYPEID="10" PREVID="0" NEXTID="0" UPDATEDATE="2025-09-30" STARTDATE="2025-09-30" ENDDATE="2079-06-06" ISACTUAL="1" ISACTIVE="1" /><STEAD ID="74180617" OBJECTID="174945779" OBJECTGUID="2f02a7f9-22c8-465d-a897-4f96da0104a8" CHANGEID="689702403" NUMBER="26/29" OPERTYPEID="10" PREVID="0" NEXTID="0" UPDATEDATE="2025-09-30" STARTDATE="2025-09-30" ENDDATE="2079-06-06" ISACTUAL="1" ISACTIVE="1" /><STEAD ID="74180618" OBJECTID="174945780" OBJECTGUID="7ee74e1c-83b7-4699-bf1a-780fe0b56208" CHANGEID="689702404" NUMBER="26/7" OPERTYPEID="10" PREVID="0" NEXTID="0" UPDATEDATE="2025-09-30" STARTDATE="2025-09-30" ENDDATE="2079-06-06" ISACTUAL="1" ISACTIVE="1" /><STEAD ID="74180619" OBJECTID="174945781" OBJECTGUID="4e7deb30-dafe-49ee-9aeb-a5d7e510f82c" CHANGEID="689702405" NUMBER="26/2" OPERTYPEID="10" PREVID="0" NEXTID="0" UPDATEDATE="2025-09-30" STARTDATE="2025-09-30" ENDDATE="2079-06-06" ISACTUAL="1" ISACTIVE="1" /><STEAD ID="74180620" OBJECTID="174945782" OBJECTGUID="8279bb7f-9b98-4e2e-9d30-b12a3e0ae9c8" CHANGEID="689702406" NUMBER="26/15" OPERTYPEID="10" PREVID="0" NEXTID="0" UPDATEDATE="2025-09-30" STARTDATE="2025-09-30" ENDDATE="2079-06-06" ISACTUAL="1" ISACTIVE="1" /><STEAD ID="74180621" OBJECTID="174945783" OBJECTGUID="6e22688c-fd62-4855-94cf-675682586de3" CHANGEID="689702407" NUMBER="26/19" OPERTYPEID="10" PREVID="0" NEXTID="0" UPDATEDATE="2025-09-30" STARTDATE="2025-09-30" ENDDATE="2079-06-06" ISACTUAL="1" ISACTIVE="1" /><STEAD ID="74180622" OBJECTID="174945784" OBJECTGUID="2f844869-1699-4ed2-8413-19596f164d76" CHANGEID="689702408" NUMBER="26/18" OPERTYPEID="10" PREVID="0" NEXTID="0" UPDATEDATE="2025-09-30" STARTDATE="2025-09-30" ENDDATE="2079-06-06" ISACTUAL="1" ISACTIVE="1" /><STEAD ID="74180623" OBJECTID="174945785" OBJECTGUID="06b08cd6-b47f-4e38-a415-d9bdaa9939aa" CHANGEID="689702409" NUMBER="26/12" OPERTYPEID="10" PREVID="0" NEXTID="0" UPDATEDATE="2025-09-30" STARTDATE="2025-09-30" ENDDATE="2079-06-06" ISACTUAL="1" ISACTIVE="1" /><STEAD ID="74180624" OBJECTID="174945786" OBJECTGUID="ec949d97-a0aa-44e5-8646-98acd707c70b" CHANGEID="689702410" NUMBER="26/24" OPERTYPEID="10" PREVID="0" NEXTID="0" UPDATEDATE="2025-09-30" STARTDATE="2025-09-30" ENDDATE="2079-06-06" ISACTUAL="1" ISACTIVE="1" /><STEAD ID="74180625" OBJECTID="174945787" OBJECTGUID="307f68d3-1392-4238-90a9-ecc5deaef027" CHANGEID="689702411" NUMBER="26/23" OPERTYPEID="10" PREVID="0" NEXTID="0" UPDATEDATE="2025-09-30" STARTDATE="2025-09-30" ENDDATE="2079-06-06" ISACTUAL="1" ISACTIVE="1" /><STEAD ID="74180626" OBJECTID="174945788" OBJECTGUID="987911f3-a23a-4b26-87c0-806ee23749e7" CHANGEID="689702412" NUMBER="26/4" OPERTYPEID="10" PREVID="0" NEXTID="0" UPDATEDATE="2025-09-30" STARTDATE="2025-09-30" ENDDATE="2079-06-06" ISACTUAL="1" ISACTIVE="1" /><STEAD ID="74180627" OBJECTID="174945789" OBJECTGUID="64599cb6-684d-41fa-9e61-13bbfb4fe7aa" CHANGEID="689702413" NUMBER="26/17" OPERTYPEID="10" PREVID="0" NEXTID="0" UPDATEDATE="2025-09-30" STARTDATE="2025-09-30" ENDDATE="2079-06-06" ISACTUAL="1" ISACTIVE="1" /><STEAD ID="74180752" OBJECTID="174945950" OBJECTGUID="2710aea3-0f40-488b-9390-45cdb8346818" CHANGEID="689702824" NUMBER="26/22" OPERTYPEID="10" PREVID="0" NEXTID="0" UPDATEDATE="2025-09-30" STARTDATE="2025-09-30" ENDDATE="2079-06-06" ISACTUAL="1" ISACTIVE="1" /><STEAD ID="74180753" OBJECTID="174945951" OBJECTGUID="dfd57a49-f200-4f8e-914e-cf6a5c2d6174" CHANGEID="689702825" NUMBER="26/1" OPERTYPEID="10" PREVID="0" NEXTID="0" UPDATEDATE="2025-09-30" STARTDATE="2025-09-30" ENDDATE="2079-06-06" ISACTUAL="1" ISACTIVE="1" /><STEAD ID="74180754" OBJECTID="174945952" OBJECTGUID="0fd9bd7c-d135-4e1d-a5d0-bae431d39360" CHANGEID="689702826" NUMBER="26/9" OPERTYPEID="10" PREVID="0" NEXTID="0" UPDATEDATE="2025-09-30" STARTDATE="2025-09-30" ENDDATE="2079-06-06" ISACTUAL="1" ISACTIVE="1" /><STEAD ID="74180755" OBJECTID="174945953" OBJECTGUID="6df0932c-9db5-4df7-83e4-101730f63a94" CHANGEID="689702827" NUMBER="26/25" OPERTYPEID="10" PREVID="0" NEXTID="0" UPDATEDATE="2025-09-30" STARTDATE="2025-09-30" ENDDATE="2079-06-06" ISACTUAL="1" ISACTIVE="1" /><STEAD ID="74180756" OBJECTID="174945954" OBJECTGUID="4b8a1600-c9d7-436f-a2dd-f1174472c81a" CHANGEID="689702828" NUMBER="29А" OPERTYPEID="10" PREVID="0" NEXTID="0" UPDATEDATE="2025-09-30" STARTDATE="2025-09-30" ENDDATE="2079-06-06" ISACTUAL="1" ISACTIVE="1" /><STEAD ID="74180757" OBJECTID="174945955" OBJECTGUID="07d403d5-24a2-44bb-afa0-abf611f3cc97" CHANGEID="689702829" NUMBER="26/3" OPERTYPEID="10" PREVID="0" NEXTID="0" UPDATEDATE="2025-09-30" STARTDATE="2025-09-30" ENDDATE="2079-06-06" ISACTUAL="1" ISACTIVE="1" /><STEAD ID="74180758" OBJECTID="174945956" OBJECTGUID="6d18729d-7609-46d8-bde3-9835cf7ddd43" CHANGEID="689702830" NUMBER="26/8" OPERTYPEID="10" PREVID="0" NEXTID="0" UPDATEDATE="2025-09-30" STARTDATE="2025-09-30" ENDDATE="2079-06-06" ISACTUAL="1" ISACTIVE="1" /><STEAD ID="74180759" OBJECTID="174945957" OBJECTGUID="7d56b00d-da2e-4648-81d0-22f3186e27cb" CHANGEID="689702831" NUMBER="26/10" OPERTYPEID="10" PREVID="0" NEXTID="0" UPDATEDATE="2025-09-30" STARTDATE="2025-09-30" ENDDATE="2079-06-06" ISACTUAL="1" ISACTIVE="1" /><STEAD ID="74180760" OBJECTID="174945958" OBJECTGUID="9f8c01b3-0585-49c3-a498-58557e3357a6" CHANGEID="689702832" NUMBER="26/26" OPERTYPEID="10" PREVID="0" NEXTID="0" UPDATEDATE="2025-09-30" STARTDATE="2025-09-30" ENDDATE="2079-06-06" ISACTUAL="1" ISACTIVE="1" /><STEAD ID="74180761" OBJECTID="174945959" OBJECTGUID="f068aa04-c1ed-4240-aa7a-4875b48cefd9" CHANGEID="689702833" NUMBER="26/6" OPERTYPEID="10" PREVID="0" NEXTID="0" UPDATEDATE="2025-09-30" STARTDATE="2025-09-30" ENDDATE="2079-06-06" ISACTUAL="1" ISACTIVE="1" /><STEAD ID="74180762" OBJECTID="174945960" OBJECTGUID="e1bd92f3-bf44-4623-9fef-727b874d3cba" CHANGEID="689702834" NUMBER="26/21" OPERTYPEID="10" PREVID="0" NEXTID="0" UPDATEDATE="2025-09-30" STARTDATE="2025-09-30" ENDDATE="2079-06-06" ISACTUAL="1" ISACTIVE="1" /><STEAD ID="74180763" OBJECTID="174945961" OBJECTGUID="da414d2c-d409-4446-8c29-698ee2829970" CHANGEID="689702835" NUMBER="26/11" OPERTYPEID="10" PREVID="0" NEXTID="0" UPDATEDATE="2025-09-30" STARTDATE="2025-09-30" ENDDATE="2079-06-06" ISACTUAL="1" ISACTIVE="1" /><STEAD ID="74180764" OBJECTID="174945962" OBJECTGUID="a930920f-2cc0-4e99-b928-c083da373feb" CHANGEID="689702836" NUMBER="26/27" OPERTYPEID="10" PREVID="0" NEXTID="0" UPDATEDATE="2025-09-30" STARTDATE="2025-09-30" ENDDATE="2079-06-06" ISACTUAL="1" ISACTIVE="1" /><STEAD ID="74180765" OBJECTID="174945963" OBJECTGUID="520f2cd7-9f44-4a79-9de7-4b91886d27fb" CHANGEID="689702837" NUMBER="5" OPERTYPEID="10" PREVID="0" NEXTID="0" UPDATEDATE="2025-09-30" STARTDATE="2025-09-30" ENDDATE="2079-06-06" ISACTUAL="1" ISACTIVE="1" /><STEAD ID="74180766" OBJECTID="174945964" OBJECTGUID="304440e3-3d20-45bc-b85a-cac5bfcfddba" CHANGEID="689702838" NUMBER="3А" OPERTYPEID="10" PREVID="0" NEXTID="0" UPDATEDATE="2025-09-30" STARTDATE="2025-09-30" ENDDATE="2079-06-06" ISACTUAL="1" ISACTIVE="1" /><STEAD ID="74182188" OBJECTID="174948329" OBJECTGUID="a9aed66c-f414-470d-9691-21ed334040ee" CHANGEID="689706900" NUMBER="60" OPERTYPEID="10" PREVID="0" NEXTID="0" UPDATEDATE="2025-09-30" STARTDATE="2025-09-30" ENDDATE="2079-06-06" ISACTUAL="1" ISACTIVE="1" /><STEAD ID="74182518" OBJECTID="174949033" OBJECTGUID="86e9ea71-a75c-4ebb-8dfa-aa242569dd3f" CHANGEID="689708262" NUMBER="62" OPERTYPEID="10" PREVID="0" NEXTID="0" UPDATEDATE="2025-09-30" STARTDATE="2025-09-30" ENDDATE="2079-06-06" ISACTUAL="1" ISACTIVE="1" /><STEAD ID="74182529" OBJECTID="174949047" OBJECTGUID="1e2d21ce-3c63-488c-b56d-7c1bd4aacc48" CHANGEID="689708276" NUMBER="7" OPERTYPEID="10" PREVID="0" NEXTID="0" UPDATEDATE="2025-09-30" STARTDATE="2025-09-30" ENDDATE="2079-06-06" ISACTUAL="1" ISACTIVE="1" /><STEAD ID="74182528" OBJECTID="174949044" OBJECTGUID="f21b5380-78dc-4ff6-9591-e3cb7df73fc3" CHANGEID="689708273" NUMBER="305" OPERTYPEID="10" PREVID="0" NEXTID="0" UPDATEDATE="2025-09-30" STARTDATE="2025-09-30" ENDDATE="2079-06-06" ISACTUAL="1" ISACTIVE="1" /><STEAD ID="74182531" OBJECTID="174949050" OBJECTGUID="c4f263dd-9a96-432b-88fa-2f5b292d701c" CHANGEID="689708279" NUMBER="10" OPERTYPEID="10" PREVID="0" NEXTID="0" UPDATEDATE="2025-09-30" STARTDATE="2025-09-30" ENDDATE="2079-06-06" ISACTUAL="1" ISACTIVE="1" /><STEAD ID="74182558" OBJECTID="174949099" OBJECTGUID="810a1283-eb52-4cf3-bc19-dcbf7dab30b7" CHANGEID="689708351" NUMBER="17б" OPERTYPEID="10" PREVID="0" NEXTID="0" UPDATEDATE="2025-09-30" STARTDATE="2025-09-30" ENDDATE="2079-06-06" ISACTUAL="1" ISACTIVE="1" /><STEAD ID="74182598" OBJECTID="174949158" OBJECTGUID="e7c25534-89b8-4668-a031-237d0f49d5ac" CHANGEID="689708439" NUMBER="101г" OPERTYPEID="10" PREVID="0" NEXTID="0" UPDATEDATE="2025-09-30" STARTDATE="2025-09-30" ENDDATE="2079-06-06" ISACTUAL="1" ISACTIVE="1" /><STEAD ID="74182630" OBJECTID="174949207" OBJECTGUID="bf990dd3-5702-4a40-9106-29629e84461e" CHANGEID="689708609" NUMBER="8" OPERTYPEID="10" PREVID="0" NEXTID="0" UPDATEDATE="2025-09-30" STARTDATE="2025-09-30" ENDDATE="2079-06-06" ISACTUAL="1" ISACTIVE="1" /><STEAD ID="74184343" OBJECTID="174951473" OBJECTGUID="448843d4-ad38-4f7d-ba59-05faf1cc27d5" CHANGEID="689712516" NUMBER="5" OPERTYPEID="10" PREVID="0" NEXTID="0" UPDATEDATE="2025-09-30" STARTDATE="2025-09-30" ENDDATE="2079-06-06" ISACTUAL="1" ISACTIVE="1" /><STEAD ID="74184364" OBJECTID="174951503" OBJECTGUID="28ef5709-144f-4d3a-bee0-df9671bd4e04" CHANGEID="689712554" NUMBER="104" OPERTYPEID="10" PREVID="0" NEXTID="0" UPDATEDATE="2025-09-30" STARTDATE="2025-09-30" ENDDATE="2079-06-06" ISACTUAL="1" ISACTIVE="1" /><STEAD ID="74196577" OBJECTID="174970784" OBJECTGUID="cc1feaea-9174-4ec3-8210-2d46286bcf22" CHANGEID="689777399" NUMBER="80/1" OPERTYPEID="10" PREVID="0" NEXTID="0" UPDATEDATE="2025-10-01" STARTDATE="2025-10-01" ENDDATE="2079-06-06" ISACTUAL="1" ISACTIVE="1" /><STEAD ID="74196593" OBJECTID="174970908" OBJECTGUID="03ff1a8a-bebe-4b46-8a85-691c7556efc6" CHANGEID="689777542" NUMBER="80" OPERTYPEID="10" PREVID="0" NEXTID="0" UPDATEDATE="2025-10-01" STARTDATE="2025-10-01" ENDDATE="2079-06-06" ISACTUAL="1" ISACTIVE="1" /><STEAD ID="74196594" OBJECTID="174970909" OBJECTGUID="ee54a433-4d2e-4042-bf14-9398cde6f3f2" CHANGEID="689777543" NUMBER="11а" OPERTYPEID="10" PREVID="0" NEXTID="0" UPDATEDATE="2025-10-01" STARTDATE="2025-10-01" ENDDATE="2079-06-06" ISACTUAL="1" ISACTIVE="1" /><STEAD ID="74201687" OBJECTID="174980939" OBJECTGUID="c7ea707d-3c6f-4994-8a0d-43f10c2f371f" CHANGEID="689798205" NUMBER="6" OPERTYPEID="10" PREVID="0" NEXTID="0" UPDATEDATE="2025-10-01" STARTDATE="2025-10-01" ENDDATE="2079-06-06" ISACTUAL="1" ISACTIVE="1" /></STEADS>