﻿<?xml version="1.0" encoding="utf-8"?><APARTMENTS><APARTMENT ID="9811216" OBJECTID="17728028" OBJECTGUID="70cbc00b-1608-49da-b85f-a2cc2285e98c" CHANGEID="27974942" NUMBER="1" APARTTYPE="2" OPERTYPEID="10" PREVID="0" NEXTID="111810956" UPDATEDATE="2025-09-30" STARTDATE="2017-05-25" ENDDATE="2025-09-30" ISACTUAL="0" ISACTIVE="0" /><APARTMENT ID="111769339" OBJECTID="174849262" OBJECTGUID="eb054193-f96e-4464-9a51-36e83b190c0a" CHANGEID="689498004" NUMBER="40б" APARTTYPE="1" OPERTYPEID="10" PREVID="0" NEXTID="111815200" UPDATEDATE="2025-10-01" STARTDATE="2025-09-24" ENDDATE="2025-10-01" ISACTUAL="0" ISACTIVE="0" /><APARTMENT ID="111794649" OBJECTID="174914996" OBJECTGUID="644095d2-c969-446c-aa24-068ea604f210" CHANGEID="689636661" NUMBER="17" APARTTYPE="2" OPERTYPEID="10" PREVID="0" NEXTID="0" UPDATEDATE="2025-09-29" STARTDATE="2025-09-29" ENDDATE="2079-06-06" ISACTUAL="1" ISACTIVE="1" /><APARTMENT ID="111794629" OBJECTID="34382962" OBJECTGUID="de4e4116-4a60-4c52-94ea-c21b54c98f13" CHANGEID="689636492" NUMBER="17" APARTTYPE="2" OPERTYPEID="40" PREVID="19961048" UPDATEDATE="2025-09-29" STARTDATE="2025-09-29" ENDDATE="2079-06-06" ISACTUAL="1" ISACTIVE="1" /><APARTMENT ID="19961048" OBJECTID="34382962" OBJECTGUID="de4e4116-4a60-4c52-94ea-c21b54c98f13" CHANGEID="52355316" NUMBER="17" APARTTYPE="2" OPERTYPEID="10" PREVID="0" NEXTID="111794629" UPDATEDATE="2025-09-29" STARTDATE="2017-05-31" ENDDATE="2025-09-29" ISACTUAL="0" ISACTIVE="0" /><APARTMENT ID="111794630" OBJECTID="60767406" OBJECTGUID="e6e80700-8339-4761-9254-08edd1e14fa8" CHANGEID="689636493" NUMBER="17" APARTTYPE="2" OPERTYPEID="42" PREVID="36220448" NEXTID="111794629" UPDATEDATE="2025-09-29" STARTDATE="2025-09-29" ENDDATE="2079-06-06" ISACTUAL="1" ISACTIVE="0" /><APARTMENT ID="36220448" OBJECTID="60767406" OBJECTGUID="e6e80700-8339-4761-9254-08edd1e14fa8" CHANGEID="90723992" NUMBER="17" APARTTYPE="2" OPERTYPEID="10" PREVID="0" NEXTID="111794630" UPDATEDATE="2025-09-29" STARTDATE="2017-06-01" ENDDATE="2025-09-29" ISACTUAL="0" ISACTIVE="0" /><APARTMENT ID="111794650" OBJECTID="174915028" OBJECTGUID="69703e23-ee4d-4ed6-9f82-f18cdfbe6192" CHANGEID="689636693" NUMBER="1" APARTTYPE="2" OPERTYPEID="10" PREVID="0" NEXTID="0" UPDATEDATE="2025-09-29" STARTDATE="2025-09-29" ENDDATE="2079-06-06" ISACTUAL="1" ISACTIVE="1" /><APARTMENT ID="111794657" OBJECTID="174915040" OBJECTGUID="f792b3c9-9e1f-441a-88d8-553111b8fe02" CHANGEID="689636711" NUMBER="3" APARTTYPE="1" OPERTYPEID="10" PREVID="0" NEXTID="0" UPDATEDATE="2025-09-29" STARTDATE="2025-09-29" ENDDATE="2079-06-06" ISACTUAL="1" ISACTIVE="1" /><APARTMENT ID="111800573" OBJECTID="174930628" OBJECTGUID="a451526c-9b4d-46e1-9261-8b47abe4e9ef" CHANGEID="689669962" NUMBER="1" APARTTYPE="1" OPERTYPEID="10" PREVID="0" NEXTID="0" UPDATEDATE="2025-09-29" STARTDATE="2025-09-29" ENDDATE="2079-06-06" ISACTUAL="1" ISACTIVE="1" /><APARTMENT ID="111800844" OBJECTID="174931615" OBJECTGUID="0ab0917c-e037-4d0e-becd-c87dbeec8afc" CHANGEID="689671744" NUMBER="10" APARTTYPE="1" OPERTYPEID="10" PREVID="0" NEXTID="0" UPDATEDATE="2025-09-29" STARTDATE="2025-09-29" ENDDATE="2079-06-06" ISACTUAL="1" ISACTIVE="1" /><APARTMENT ID="111800845" OBJECTID="174931616" OBJECTGUID="0d018eb2-e2ac-4632-8828-5f906387b9bb" CHANGEID="689671745" NUMBER="9" APARTTYPE="1" OPERTYPEID="10" PREVID="0" NEXTID="0" UPDATEDATE="2025-09-29" STARTDATE="2025-09-29" ENDDATE="2079-06-06" ISACTUAL="1" ISACTIVE="1" /><APARTMENT ID="111800846" OBJECTID="174931617" OBJECTGUID="7926502c-a214-4ab2-b8ed-50725732c439" CHANGEID="689671746" NUMBER="8" APARTTYPE="1" OPERTYPEID="10" PREVID="0" NEXTID="0" UPDATEDATE="2025-09-29" STARTDATE="2025-09-29" ENDDATE="2079-06-06" ISACTUAL="1" ISACTIVE="1" /><APARTMENT ID="111800847" OBJECTID="174931618" OBJECTGUID="8fe32d5b-72d8-483a-bc10-4467da44b9db" CHANGEID="689671747" NUMBER="7" APARTTYPE="1" OPERTYPEID="10" PREVID="0" NEXTID="0" UPDATEDATE="2025-09-29" STARTDATE="2025-09-29" ENDDATE="2079-06-06" ISACTUAL="1" ISACTIVE="1" /><APARTMENT ID="111800848" OBJECTID="174931619" OBJECTGUID="74297c84-a844-4c2a-a547-6f2ec4b8c04d" CHANGEID="689671748" NUMBER="6" APARTTYPE="1" OPERTYPEID="10" PREVID="0" NEXTID="0" UPDATEDATE="2025-09-29" STARTDATE="2025-09-29" ENDDATE="2079-06-06" ISACTUAL="1" ISACTIVE="1" /><APARTMENT ID="111800849" OBJECTID="174931620" OBJECTGUID="63bfcdd8-10c0-43a0-9742-8ea2dc493758" CHANGEID="689671749" NUMBER="5" APARTTYPE="1" OPERTYPEID="10" PREVID="0" NEXTID="0" UPDATEDATE="2025-09-29" STARTDATE="2025-09-29" ENDDATE="2079-06-06" ISACTUAL="1" ISACTIVE="1" /><APARTMENT ID="111800850" OBJECTID="174931621" OBJECTGUID="72d2f781-d3e1-4e3c-a08e-ea9dc4428ed8" CHANGEID="689671750" NUMBER="4" APARTTYPE="1" OPERTYPEID="10" PREVID="0" NEXTID="0" UPDATEDATE="2025-09-29" STARTDATE="2025-09-29" ENDDATE="2079-06-06" ISACTUAL="1" ISACTIVE="1" /><APARTMENT ID="111800851" OBJECTID="174931622" OBJECTGUID="d1aa706f-ea9b-45af-a79d-9876f147b69e" CHANGEID="689671751" NUMBER="3" APARTTYPE="1" OPERTYPEID="10" PREVID="0" NEXTID="0" UPDATEDATE="2025-09-29" STARTDATE="2025-09-29" ENDDATE="2079-06-06" ISACTUAL="1" ISACTIVE="1" /><APARTMENT ID="111800852" OBJECTID="174931623" OBJECTGUID="bc6e239f-ac01-4281-92ed-ffe8cfdd3a5c" CHANGEID="689671752" NUMBER="95" APARTTYPE="2" OPERTYPEID="10" PREVID="0" NEXTID="0" UPDATEDATE="2025-09-29" STARTDATE="2025-09-29" ENDDATE="2079-06-06" ISACTUAL="1" ISACTIVE="1" /><APARTMENT ID="111800853" OBJECTID="174931624" OBJECTGUID="6f6e7a0c-c98e-4a6c-a018-5e152b2cc0e7" CHANGEID="689671753" NUMBER="94" APARTTYPE="2" OPERTYPEID="10" PREVID="0" NEXTID="0" UPDATEDATE="2025-09-29" STARTDATE="2025-09-29" ENDDATE="2079-06-06" ISACTUAL="1" ISACTIVE="1" /><APARTMENT ID="111800854" OBJECTID="174931625" OBJECTGUID="e107d0bf-a602-4068-ae8d-77c8ed3345f4" CHANGEID="689671754" NUMBER="93" APARTTYPE="2" OPERTYPEID="10" PREVID="0" NEXTID="0" UPDATEDATE="2025-09-29" STARTDATE="2025-09-29" ENDDATE="2079-06-06" ISACTUAL="1" ISACTIVE="1" /><APARTMENT ID="111800855" OBJECTID="174931626" OBJECTGUID="5d668f93-8146-4548-95a8-8beb59649de0" CHANGEID="689671755" NUMBER="92" APARTTYPE="2" OPERTYPEID="10" PREVID="0" NEXTID="0" UPDATEDATE="2025-09-29" STARTDATE="2025-09-29" ENDDATE="2079-06-06" ISACTUAL="1" ISACTIVE="1" /><APARTMENT ID="111800856" OBJECTID="174931627" OBJECTGUID="0b382519-bcef-4c04-9aa3-de406b5bbb16" CHANGEID="689671756" NUMBER="89" APARTTYPE="2" OPERTYPEID="10" PREVID="0" NEXTID="0" UPDATEDATE="2025-09-29" STARTDATE="2025-09-29" ENDDATE="2079-06-06" ISACTUAL="1" ISACTIVE="1" /><APARTMENT ID="111800857" OBJECTID="174931628" OBJECTGUID="e3c9a55e-9079-4c52-a8cb-6d573f0b5e63" CHANGEID="689671757" NUMBER="88" APARTTYPE="2" OPERTYPEID="10" PREVID="0" NEXTID="0" UPDATEDATE="2025-09-29" STARTDATE="2025-09-29" ENDDATE="2079-06-06" ISACTUAL="1" ISACTIVE="1" /><APARTMENT ID="111800858" OBJECTID="174931629" OBJECTGUID="837f432c-281e-4d92-a198-5bd932def250" CHANGEID="689671758" NUMBER="87" APARTTYPE="2" OPERTYPEID="10" PREVID="0" NEXTID="0" UPDATEDATE="2025-09-29" STARTDATE="2025-09-29" ENDDATE="2079-06-06" ISACTUAL="1" ISACTIVE="1" /><APARTMENT ID="111800859" OBJECTID="174931630" OBJECTGUID="1dffdb7b-782d-46f7-bc5a-8cd491a00a27" CHANGEID="689671759" NUMBER="86" APARTTYPE="2" OPERTYPEID="10" PREVID="0" NEXTID="0" UPDATEDATE="2025-09-29" STARTDATE="2025-09-29" ENDDATE="2079-06-06" ISACTUAL="1" ISACTIVE="1" /><APARTMENT ID="111800860" OBJECTID="174931631" OBJECTGUID="675fa1bb-7cbd-4b62-a325-dfa477b01e87" CHANGEID="689671760" NUMBER="85" APARTTYPE="2" OPERTYPEID="10" PREVID="0" NEXTID="0" UPDATEDATE="2025-09-29" STARTDATE="2025-09-29" ENDDATE="2079-06-06" ISACTUAL="1" ISACTIVE="1" /><APARTMENT ID="111800861" OBJECTID="174931632" OBJECTGUID="98c50281-2077-4fa6-ac0d-563c27d65318" CHANGEID="689671761" NUMBER="84" APARTTYPE="2" OPERTYPEID="10" PREVID="0" NEXTID="0" UPDATEDATE="2025-09-29" STARTDATE="2025-09-29" ENDDATE="2079-06-06" ISACTUAL="1" ISACTIVE="1" /><APARTMENT ID="111800862" OBJECTID="174931633" OBJECTGUID="92103d74-fb45-4b78-a56d-2e623b13bc66" CHANGEID="689671762" NUMBER="83" APARTTYPE="2" OPERTYPEID="10" PREVID="0" NEXTID="0" UPDATEDATE="2025-09-29" STARTDATE="2025-09-29" ENDDATE="2079-06-06" ISACTUAL="1" ISACTIVE="1" /><APARTMENT ID="111800863" OBJECTID="174931634" OBJECTGUID="71e5d7bb-b934-4e05-aa63-73bed56fe5d2" CHANGEID="689671763" NUMBER="82" APARTTYPE="2" OPERTYPEID="10" PREVID="0" NEXTID="0" UPDATEDATE="2025-09-29" STARTDATE="2025-09-29" ENDDATE="2079-06-06" ISACTUAL="1" ISACTIVE="1" /><APARTMENT ID="111800864" OBJECTID="174931635" OBJECTGUID="8c79ffb9-3117-44d9-85da-3c9875950e01" CHANGEID="689671764" NUMBER="81" APARTTYPE="2" OPERTYPEID="10" PREVID="0" NEXTID="0" UPDATEDATE="2025-09-29" STARTDATE="2025-09-29" ENDDATE="2079-06-06" ISACTUAL="1" ISACTIVE="1" /><APARTMENT ID="111800865" OBJECTID="174931636" OBJECTGUID="5aa08b26-3ccc-4878-9240-e03a2e26700c" CHANGEID="689671765" NUMBER="80" APARTTYPE="2" OPERTYPEID="10" PREVID="0" NEXTID="0" UPDATEDATE="2025-09-29" STARTDATE="2025-09-29" ENDDATE="2079-06-06" ISACTUAL="1" ISACTIVE="1" /><APARTMENT ID="111800866" OBJECTID="174931637" OBJECTGUID="b7a16211-44f4-4450-b1cc-d44863fbc316" CHANGEID="689671766" NUMBER="79" APARTTYPE="2" OPERTYPEID="10" PREVID="0" NEXTID="0" UPDATEDATE="2025-09-29" STARTDATE="2025-09-29" ENDDATE="2079-06-06" ISACTUAL="1" ISACTIVE="1" /><APARTMENT ID="111800867" OBJECTID="174931638" OBJECTGUID="2dee57cc-cab4-4a88-81ea-eaf39cdac702" CHANGEID="689671767" NUMBER="78" APARTTYPE="2" OPERTYPEID="10" PREVID="0" NEXTID="0" UPDATEDATE="2025-09-29" STARTDATE="2025-09-29" ENDDATE="2079-06-06" ISACTUAL="1" ISACTIVE="1" /><APARTMENT ID="111800868" OBJECTID="174931639" OBJECTGUID="e9abc1cd-c89b-4a47-90ce-0a2826f724c2" CHANGEID="689671768" NUMBER="77" APARTTYPE="2" OPERTYPEID="10" PREVID="0" NEXTID="0" UPDATEDATE="2025-09-29" STARTDATE="2025-09-29" ENDDATE="2079-06-06" ISACTUAL="1" ISACTIVE="1" /><APARTMENT ID="111800869" OBJECTID="174931640" OBJECTGUID="7981f3d6-7bc8-4866-8ac9-5af5c2e03e82" CHANGEID="689671769" NUMBER="76" APARTTYPE="2" OPERTYPEID="10" PREVID="0" NEXTID="0" UPDATEDATE="2025-09-29" STARTDATE="2025-09-29" ENDDATE="2079-06-06" ISACTUAL="1" ISACTIVE="1" /><APARTMENT ID="111800870" OBJECTID="174931641" OBJECTGUID="05d8a55a-b3ab-4402-bc01-4905c09829ef" CHANGEID="689671770" NUMBER="53" APARTTYPE="2" OPERTYPEID="10" PREVID="0" NEXTID="0" UPDATEDATE="2025-09-29" STARTDATE="2025-09-29" ENDDATE="2079-06-06" ISACTUAL="1" ISACTIVE="1" /><APARTMENT ID="111800871" OBJECTID="174931642" OBJECTGUID="d056c7e5-d1f5-466e-a124-c21b0cd6f9d8" CHANGEID="689671771" NUMBER="52" APARTTYPE="2" OPERTYPEID="10" PREVID="0" NEXTID="0" UPDATEDATE="2025-09-29" STARTDATE="2025-09-29" ENDDATE="2079-06-06" ISACTUAL="1" ISACTIVE="1" /><APARTMENT ID="111800872" OBJECTID="174931643" OBJECTGUID="0a6047fb-7240-4925-bb2d-1590e0c6f0f1" CHANGEID="689671772" NUMBER="51" APARTTYPE="2" OPERTYPEID="10" PREVID="0" NEXTID="0" UPDATEDATE="2025-09-29" STARTDATE="2025-09-29" ENDDATE="2079-06-06" ISACTUAL="1" ISACTIVE="1" /><APARTMENT ID="111800873" OBJECTID="174931644" OBJECTGUID="045cb73e-8171-4d58-a7ee-e6430d35fce2" CHANGEID="689671773" NUMBER="15" APARTTYPE="1" OPERTYPEID="10" PREVID="0" NEXTID="0" UPDATEDATE="2025-09-29" STARTDATE="2025-09-29" ENDDATE="2079-06-06" ISACTUAL="1" ISACTIVE="1" /><APARTMENT ID="111800874" OBJECTID="174931645" OBJECTGUID="67a2f0c0-9f8b-455f-95c7-f33d07657c48" CHANGEID="689671774" NUMBER="14" APARTTYPE="1" OPERTYPEID="10" PREVID="0" NEXTID="0" UPDATEDATE="2025-09-29" STARTDATE="2025-09-29" ENDDATE="2079-06-06" ISACTUAL="1" ISACTIVE="1" /><APARTMENT ID="111800875" OBJECTID="174931646" OBJECTGUID="530f5f5c-aa78-4219-934c-cb911c2ef584" CHANGEID="689671775" NUMBER="13" APARTTYPE="1" OPERTYPEID="10" PREVID="0" NEXTID="0" UPDATEDATE="2025-09-29" STARTDATE="2025-09-29" ENDDATE="2079-06-06" ISACTUAL="1" ISACTIVE="1" /><APARTMENT ID="111800876" OBJECTID="174931647" OBJECTGUID="1cc88f5a-3037-4c20-b71e-daa9cbd45a8d" CHANGEID="689671776" NUMBER="12" APARTTYPE="1" OPERTYPEID="10" PREVID="0" NEXTID="0" UPDATEDATE="2025-09-29" STARTDATE="2025-09-29" ENDDATE="2079-06-06" ISACTUAL="1" ISACTIVE="1" /><APARTMENT ID="111800877" OBJECTID="174931648" OBJECTGUID="d5b1f006-46b0-4270-925d-836d2f78dbe8" CHANGEID="689671777" NUMBER="11" APARTTYPE="1" OPERTYPEID="10" PREVID="0" NEXTID="0" UPDATEDATE="2025-09-29" STARTDATE="2025-09-29" ENDDATE="2079-06-06" ISACTUAL="1" ISACTIVE="1" /><APARTMENT ID="111800878" OBJECTID="174931649" OBJECTGUID="1c5be0fb-9310-4a8c-91ad-4c467849925f" CHANGEID="689671778" NUMBER="2" APARTTYPE="1" OPERTYPEID="10" PREVID="0" NEXTID="0" UPDATEDATE="2025-09-29" STARTDATE="2025-09-29" ENDDATE="2079-06-06" ISACTUAL="1" ISACTIVE="1" /><APARTMENT ID="111800879" OBJECTID="174931650" OBJECTGUID="712159d6-2cf7-43b9-ac9f-cd1bb9098792" CHANGEID="689671779" NUMBER="1" APARTTYPE="1" OPERTYPEID="10" PREVID="0" NEXTID="0" UPDATEDATE="2025-09-29" STARTDATE="2025-09-29" ENDDATE="2079-06-06" ISACTUAL="1" ISACTIVE="1" /><APARTMENT ID="111800880" OBJECTID="174931651" OBJECTGUID="1210c9cf-73a2-45c2-b5ef-4667613a2f65" CHANGEID="689671780" NUMBER="96" APARTTYPE="2" OPERTYPEID="10" PREVID="0" NEXTID="0" UPDATEDATE="2025-09-29" STARTDATE="2025-09-29" ENDDATE="2079-06-06" ISACTUAL="1" ISACTIVE="1" /><APARTMENT ID="111800881" OBJECTID="174931652" OBJECTGUID="2f39c881-5ae4-440f-a67d-737df7b4d728" CHANGEID="689671781" NUMBER="91" APARTTYPE="2" OPERTYPEID="10" PREVID="0" NEXTID="0" UPDATEDATE="2025-09-29" STARTDATE="2025-09-29" ENDDATE="2079-06-06" ISACTUAL="1" ISACTIVE="1" /><APARTMENT ID="111800882" OBJECTID="174931653" OBJECTGUID="82c5f76c-8a9b-4fb3-9951-4d322808023f" CHANGEID="689671782" NUMBER="90" APARTTYPE="2" OPERTYPEID="10" PREVID="0" NEXTID="0" UPDATEDATE="2025-09-29" STARTDATE="2025-09-29" ENDDATE="2079-06-06" ISACTUAL="1" ISACTIVE="1" /><APARTMENT ID="111800883" OBJECTID="174931654" OBJECTGUID="3141d468-2ed4-47dd-838f-1d366c9e726a" CHANGEID="689671783" NUMBER="75" APARTTYPE="2" OPERTYPEID="10" PREVID="0" NEXTID="0" UPDATEDATE="2025-09-29" STARTDATE="2025-09-29" ENDDATE="2079-06-06" ISACTUAL="1" ISACTIVE="1" /><APARTMENT ID="111800884" OBJECTID="174931655" OBJECTGUID="e7028682-3989-4570-b0f5-da44f6a26539" CHANGEID="689671784" NUMBER="74" APARTTYPE="2" OPERTYPEID="10" PREVID="0" NEXTID="0" UPDATEDATE="2025-09-29" STARTDATE="2025-09-29" ENDDATE="2079-06-06" ISACTUAL="1" ISACTIVE="1" /><APARTMENT ID="111800885" OBJECTID="174931656" OBJECTGUID="c5efc54f-0ac5-47d2-81ed-26a9c95a42db" CHANGEID="689671785" NUMBER="73" APARTTYPE="2" OPERTYPEID="10" PREVID="0" NEXTID="0" UPDATEDATE="2025-09-29" STARTDATE="2025-09-29" ENDDATE="2079-06-06" ISACTUAL="1" ISACTIVE="1" /><APARTMENT ID="111800886" OBJECTID="174931657" OBJECTGUID="f4a20a83-9bc9-49ea-9a19-dfab2c5500e5" CHANGEID="689671786" NUMBER="72" APARTTYPE="2" OPERTYPEID="10" PREVID="0" NEXTID="0" UPDATEDATE="2025-09-29" STARTDATE="2025-09-29" ENDDATE="2079-06-06" ISACTUAL="1" ISACTIVE="1" /><APARTMENT ID="111800887" OBJECTID="174931658" OBJECTGUID="9691f42f-66cc-4d3f-b60b-f71236666672" CHANGEID="689671787" NUMBER="71" APARTTYPE="2" OPERTYPEID="10" PREVID="0" NEXTID="0" UPDATEDATE="2025-09-29" STARTDATE="2025-09-29" ENDDATE="2079-06-06" ISACTUAL="1" ISACTIVE="1" /><APARTMENT ID="111800888" OBJECTID="174931659" OBJECTGUID="39b478df-8637-4bae-92b3-434fcc944dc7" CHANGEID="689671788" NUMBER="70" APARTTYPE="2" OPERTYPEID="10" PREVID="0" NEXTID="0" UPDATEDATE="2025-09-29" STARTDATE="2025-09-29" ENDDATE="2079-06-06" ISACTUAL="1" ISACTIVE="1" /><APARTMENT ID="111800889" OBJECTID="174931660" OBJECTGUID="fe0fd044-5d56-4cc1-a297-df4be0d7b69d" CHANGEID="689671789" NUMBER="69" APARTTYPE="2" OPERTYPEID="10" PREVID="0" NEXTID="0" UPDATEDATE="2025-09-29" STARTDATE="2025-09-29" ENDDATE="2079-06-06" ISACTUAL="1" ISACTIVE="1" /><APARTMENT ID="111800890" OBJECTID="174931661" OBJECTGUID="b5f542a5-5d37-4ccf-aca6-6e057ab21332" CHANGEID="689671790" NUMBER="68" APARTTYPE="2" OPERTYPEID="10" PREVID="0" NEXTID="0" UPDATEDATE="2025-09-29" STARTDATE="2025-09-29" ENDDATE="2079-06-06" ISACTUAL="1" ISACTIVE="1" /><APARTMENT ID="111800891" OBJECTID="174931662" OBJECTGUID="d3fdf765-eacb-48df-82e5-bf8a9909829e" CHANGEID="689671791" NUMBER="67" APARTTYPE="2" OPERTYPEID="10" PREVID="0" NEXTID="0" UPDATEDATE="2025-09-29" STARTDATE="2025-09-29" ENDDATE="2079-06-06" ISACTUAL="1" ISACTIVE="1" /><APARTMENT ID="111800892" OBJECTID="174931663" OBJECTGUID="31aba86a-dc16-4311-9023-23abf6d510b9" CHANGEID="689671792" NUMBER="66" APARTTYPE="2" OPERTYPEID="10" PREVID="0" NEXTID="0" UPDATEDATE="2025-09-29" STARTDATE="2025-09-29" ENDDATE="2079-06-06" ISACTUAL="1" ISACTIVE="1" /><APARTMENT ID="111800893" OBJECTID="174931664" OBJECTGUID="c767ba41-2c3d-42bb-86cf-b576af424ec0" CHANGEID="689671793" NUMBER="65" APARTTYPE="2" OPERTYPEID="10" PREVID="0" NEXTID="0" UPDATEDATE="2025-09-29" STARTDATE="2025-09-29" ENDDATE="2079-06-06" ISACTUAL="1" ISACTIVE="1" /><APARTMENT ID="111800894" OBJECTID="174931665" OBJECTGUID="d9f451a5-933d-4c7c-a346-a9749a274c57" CHANGEID="689671794" NUMBER="64" APARTTYPE="2" OPERTYPEID="10" PREVID="0" NEXTID="0" UPDATEDATE="2025-09-29" STARTDATE="2025-09-29" ENDDATE="2079-06-06" ISACTUAL="1" ISACTIVE="1" /><APARTMENT ID="111800895" OBJECTID="174931666" OBJECTGUID="3b911013-b64d-41b8-a27f-73d57ae7a8fb" CHANGEID="689671795" NUMBER="63" APARTTYPE="2" OPERTYPEID="10" PREVID="0" NEXTID="0" UPDATEDATE="2025-09-29" STARTDATE="2025-09-29" ENDDATE="2079-06-06" ISACTUAL="1" ISACTIVE="1" /><APARTMENT ID="111800896" OBJECTID="174931667" OBJECTGUID="6dbcdf1f-c2df-40ea-b768-c8794834ff51" CHANGEID="689671796" NUMBER="62" APARTTYPE="2" OPERTYPEID="10" PREVID="0" NEXTID="0" UPDATEDATE="2025-09-29" STARTDATE="2025-09-29" ENDDATE="2079-06-06" ISACTUAL="1" ISACTIVE="1" /><APARTMENT ID="111800897" OBJECTID="174931668" OBJECTGUID="3da3a4e3-bff4-40a1-8ff5-1a13299c39f7" CHANGEID="689671797" NUMBER="61" APARTTYPE="2" OPERTYPEID="10" PREVID="0" NEXTID="0" UPDATEDATE="2025-09-29" STARTDATE="2025-09-29" ENDDATE="2079-06-06" ISACTUAL="1" ISACTIVE="1" /><APARTMENT ID="111800898" OBJECTID="174931669" OBJECTGUID="a8d7ba10-c863-4801-abb3-64c55365b437" CHANGEID="689671798" NUMBER="60" APARTTYPE="2" OPERTYPEID="10" PREVID="0" NEXTID="0" UPDATEDATE="2025-09-29" STARTDATE="2025-09-29" ENDDATE="2079-06-06" ISACTUAL="1" ISACTIVE="1" /><APARTMENT ID="111800899" OBJECTID="174931670" OBJECTGUID="54cd55f3-61bf-49ae-a29c-3328d247a143" CHANGEID="689671799" NUMBER="59" APARTTYPE="2" OPERTYPEID="10" PREVID="0" NEXTID="0" UPDATEDATE="2025-09-29" STARTDATE="2025-09-29" ENDDATE="2079-06-06" ISACTUAL="1" ISACTIVE="1" /><APARTMENT ID="111800900" OBJECTID="174931671" OBJECTGUID="e000712c-c5e4-49d3-b8cb-80eff65f6747" CHANGEID="689671800" NUMBER="58" APARTTYPE="2" OPERTYPEID="10" PREVID="0" NEXTID="0" UPDATEDATE="2025-09-29" STARTDATE="2025-09-29" ENDDATE="2079-06-06" ISACTUAL="1" ISACTIVE="1" /><APARTMENT ID="111800901" OBJECTID="174931672" OBJECTGUID="dbed5fc8-559f-40a1-8244-fffdf04c8afc" CHANGEID="689671801" NUMBER="57" APARTTYPE="2" OPERTYPEID="10" PREVID="0" NEXTID="0" UPDATEDATE="2025-09-29" STARTDATE="2025-09-29" ENDDATE="2079-06-06" ISACTUAL="1" ISACTIVE="1" /><APARTMENT ID="111800902" OBJECTID="174931673" OBJECTGUID="781ae38b-c675-453c-8d43-8af1a46a07f4" CHANGEID="689671802" NUMBER="56" APARTTYPE="2" OPERTYPEID="10" PREVID="0" NEXTID="0" UPDATEDATE="2025-09-29" STARTDATE="2025-09-29" ENDDATE="2079-06-06" ISACTUAL="1" ISACTIVE="1" /><APARTMENT ID="111800903" OBJECTID="174931674" OBJECTGUID="d053c3a7-d4d8-4988-bb02-21744efa5b19" CHANGEID="689671803" NUMBER="55" APARTTYPE="2" OPERTYPEID="10" PREVID="0" NEXTID="0" UPDATEDATE="2025-09-29" STARTDATE="2025-09-29" ENDDATE="2079-06-06" ISACTUAL="1" ISACTIVE="1" /><APARTMENT ID="111800904" OBJECTID="174931675" OBJECTGUID="58b40580-c087-41a3-917c-3c9cbcbe4187" CHANGEID="689671804" NUMBER="54" APARTTYPE="2" OPERTYPEID="10" PREVID="0" NEXTID="0" UPDATEDATE="2025-09-29" STARTDATE="2025-09-29" ENDDATE="2079-06-06" ISACTUAL="1" ISACTIVE="1" /><APARTMENT ID="111800905" OBJECTID="174931676" OBJECTGUID="be24752b-57b8-4f96-a0cf-957783a1c58f" CHANGEID="689671805" NUMBER="50" APARTTYPE="2" OPERTYPEID="10" PREVID="0" NEXTID="0" UPDATEDATE="2025-09-29" STARTDATE="2025-09-29" ENDDATE="2079-06-06" ISACTUAL="1" ISACTIVE="1" /><APARTMENT ID="111800906" OBJECTID="174931677" OBJECTGUID="43dc510f-3758-402a-b8ca-da73f5bd46a4" CHANGEID="689671806" NUMBER="49" APARTTYPE="2" OPERTYPEID="10" PREVID="0" NEXTID="0" UPDATEDATE="2025-09-29" STARTDATE="2025-09-29" ENDDATE="2079-06-06" ISACTUAL="1" ISACTIVE="1" /><APARTMENT ID="111800907" OBJECTID="174931678" OBJECTGUID="a02a9bc6-2ecf-45d6-a0d4-63f432182561" CHANGEID="689671807" NUMBER="48" APARTTYPE="2" OPERTYPEID="10" PREVID="0" NEXTID="0" UPDATEDATE="2025-09-29" STARTDATE="2025-09-29" ENDDATE="2079-06-06" ISACTUAL="1" ISACTIVE="1" /><APARTMENT ID="111800908" OBJECTID="174931679" OBJECTGUID="bf37b0d8-ccd9-4ac8-a5c4-fb2043cd1898" CHANGEID="689671808" NUMBER="47" APARTTYPE="2" OPERTYPEID="10" PREVID="0" NEXTID="0" UPDATEDATE="2025-09-29" STARTDATE="2025-09-29" ENDDATE="2079-06-06" ISACTUAL="1" ISACTIVE="1" /><APARTMENT ID="111800909" OBJECTID="174931680" OBJECTGUID="2473af95-8a5d-43b2-af4c-26a12efee6b5" CHANGEID="689671809" NUMBER="46" APARTTYPE="2" OPERTYPEID="10" PREVID="0" NEXTID="0" UPDATEDATE="2025-09-29" STARTDATE="2025-09-29" ENDDATE="2079-06-06" ISACTUAL="1" ISACTIVE="1" /><APARTMENT ID="111800910" OBJECTID="174931681" OBJECTGUID="106427df-6760-4f34-8f46-1764f8d5ba47" CHANGEID="689671810" NUMBER="45" APARTTYPE="2" OPERTYPEID="10" PREVID="0" NEXTID="0" UPDATEDATE="2025-09-29" STARTDATE="2025-09-29" ENDDATE="2079-06-06" ISACTUAL="1" ISACTIVE="1" /><APARTMENT ID="111800911" OBJECTID="174931682" OBJECTGUID="961d5950-cf91-4b5c-bb77-5f86b6326da0" CHANGEID="689671811" NUMBER="44" APARTTYPE="2" OPERTYPEID="10" PREVID="0" NEXTID="0" UPDATEDATE="2025-09-29" STARTDATE="2025-09-29" ENDDATE="2079-06-06" ISACTUAL="1" ISACTIVE="1" /><APARTMENT ID="111800912" OBJECTID="174931683" OBJECTGUID="84d4f484-3dfb-4705-a106-6ae08317f3df" CHANGEID="689671812" NUMBER="43" APARTTYPE="2" OPERTYPEID="10" PREVID="0" NEXTID="0" UPDATEDATE="2025-09-29" STARTDATE="2025-09-29" ENDDATE="2079-06-06" ISACTUAL="1" ISACTIVE="1" /><APARTMENT ID="111800913" OBJECTID="174931684" OBJECTGUID="4e11e043-fa94-4e66-b093-cbfb5284698c" CHANGEID="689671813" NUMBER="42" APARTTYPE="2" OPERTYPEID="10" PREVID="0" NEXTID="0" UPDATEDATE="2025-09-29" STARTDATE="2025-09-29" ENDDATE="2079-06-06" ISACTUAL="1" ISACTIVE="1" /><APARTMENT ID="111800914" OBJECTID="174931685" OBJECTGUID="8a0121ce-2389-406a-ab1a-05b5c25d726c" CHANGEID="689671814" NUMBER="35" APARTTYPE="2" OPERTYPEID="10" PREVID="0" NEXTID="0" UPDATEDATE="2025-09-29" STARTDATE="2025-09-29" ENDDATE="2079-06-06" ISACTUAL="1" ISACTIVE="1" /><APARTMENT ID="111800915" OBJECTID="174931686" OBJECTGUID="e673988d-a414-42bd-8d97-0259d8bb4455" CHANGEID="689671815" NUMBER="34" APARTTYPE="2" OPERTYPEID="10" PREVID="0" NEXTID="0" UPDATEDATE="2025-09-29" STARTDATE="2025-09-29" ENDDATE="2079-06-06" ISACTUAL="1" ISACTIVE="1" /><APARTMENT ID="111800916" OBJECTID="174931687" OBJECTGUID="5cd3d98f-1191-4787-8752-1dd7ae6c0dfa" CHANGEID="689671816" NUMBER="33" APARTTYPE="2" OPERTYPEID="10" PREVID="0" NEXTID="0" UPDATEDATE="2025-09-29" STARTDATE="2025-09-29" ENDDATE="2079-06-06" ISACTUAL="1" ISACTIVE="1" /><APARTMENT ID="111800917" OBJECTID="174931688" OBJECTGUID="ec62de51-3b6d-48ec-91a9-387cc756215e" CHANGEID="689671817" NUMBER="32" APARTTYPE="2" OPERTYPEID="10" PREVID="0" NEXTID="0" UPDATEDATE="2025-09-29" STARTDATE="2025-09-29" ENDDATE="2079-06-06" ISACTUAL="1" ISACTIVE="1" /><APARTMENT ID="111800918" OBJECTID="174931689" OBJECTGUID="df19bcb8-22b3-4b0b-93fd-413af56604e6" CHANGEID="689671818" NUMBER="31" APARTTYPE="2" OPERTYPEID="10" PREVID="0" NEXTID="0" UPDATEDATE="2025-09-29" STARTDATE="2025-09-29" ENDDATE="2079-06-06" ISACTUAL="1" ISACTIVE="1" /><APARTMENT ID="111800919" OBJECTID="174931690" OBJECTGUID="57e05ee0-347d-4798-830c-2f43662313f6" CHANGEID="689671819" NUMBER="30" APARTTYPE="2" OPERTYPEID="10" PREVID="0" NEXTID="0" UPDATEDATE="2025-09-29" STARTDATE="2025-09-29" ENDDATE="2079-06-06" ISACTUAL="1" ISACTIVE="1" /><APARTMENT ID="111800920" OBJECTID="174931691" OBJECTGUID="ad381f7f-fe9d-4305-abb9-ea2658087817" CHANGEID="689671820" NUMBER="29" APARTTYPE="2" OPERTYPEID="10" PREVID="0" NEXTID="0" UPDATEDATE="2025-09-29" STARTDATE="2025-09-29" ENDDATE="2079-06-06" ISACTUAL="1" ISACTIVE="1" /><APARTMENT ID="111800921" OBJECTID="174931692" OBJECTGUID="e53c2df8-f626-4bdb-8cb3-77aaffd9caec" CHANGEID="689671821" NUMBER="28" APARTTYPE="2" OPERTYPEID="10" PREVID="0" NEXTID="0" UPDATEDATE="2025-09-29" STARTDATE="2025-09-29" ENDDATE="2079-06-06" ISACTUAL="1" ISACTIVE="1" /><APARTMENT ID="111800922" OBJECTID="174931693" OBJECTGUID="bd38a0f4-4b70-4207-bf69-e5e92a33712a" CHANGEID="689671822" NUMBER="27" APARTTYPE="2" OPERTYPEID="10" PREVID="0" NEXTID="0" UPDATEDATE="2025-09-29" STARTDATE="2025-09-29" ENDDATE="2079-06-06" ISACTUAL="1" ISACTIVE="1" /><APARTMENT ID="111800923" OBJECTID="174931694" OBJECTGUID="0d16d728-0c2d-40e5-8463-6e39e5b09163" CHANGEID="689671823" NUMBER="26" APARTTYPE="2" OPERTYPEID="10" PREVID="0" NEXTID="0" UPDATEDATE="2025-09-29" STARTDATE="2025-09-29" ENDDATE="2079-06-06" ISACTUAL="1" ISACTIVE="1" /><APARTMENT ID="111800924" OBJECTID="174931695" OBJECTGUID="c3235d1a-e613-4604-8f33-cc2c0dbe7875" CHANGEID="689671824" NUMBER="25" APARTTYPE="2" OPERTYPEID="10" PREVID="0" NEXTID="0" UPDATEDATE="2025-09-29" STARTDATE="2025-09-29" ENDDATE="2079-06-06" ISACTUAL="1" ISACTIVE="1" /><APARTMENT ID="111800925" OBJECTID="174931696" OBJECTGUID="a3f309a9-e313-4ed2-a179-be9f9f1df3c0" CHANGEID="689671825" NUMBER="24" APARTTYPE="2" OPERTYPEID="10" PREVID="0" NEXTID="0" UPDATEDATE="2025-09-29" STARTDATE="2025-09-29" ENDDATE="2079-06-06" ISACTUAL="1" ISACTIVE="1" /><APARTMENT ID="111800926" OBJECTID="174931697" OBJECTGUID="d328330f-835b-4fff-8758-d468bfec0195" CHANGEID="689671826" NUMBER="23" APARTTYPE="2" OPERTYPEID="10" PREVID="0" NEXTID="0" UPDATEDATE="2025-09-29" STARTDATE="2025-09-29" ENDDATE="2079-06-06" ISACTUAL="1" ISACTIVE="1" /><APARTMENT ID="111800927" OBJECTID="174931698" OBJECTGUID="54a51df5-430e-4813-8e4c-00ba11ad6c63" CHANGEID="689671827" NUMBER="20" APARTTYPE="2" OPERTYPEID="10" PREVID="0" NEXTID="0" UPDATEDATE="2025-09-29" STARTDATE="2025-09-29" ENDDATE="2079-06-06" ISACTUAL="1" ISACTIVE="1" /><APARTMENT ID="111800928" OBJECTID="174931699" OBJECTGUID="b0ce00bc-efd2-4744-b10b-6b0ea98b0a83" CHANGEID="689671828" NUMBER="19" APARTTYPE="2" OPERTYPEID="10" PREVID="0" NEXTID="0" UPDATEDATE="2025-09-29" STARTDATE="2025-09-29" ENDDATE="2079-06-06" ISACTUAL="1" ISACTIVE="1" /><APARTMENT ID="111800929" OBJECTID="174931700" OBJECTGUID="2ad9f3cd-e221-46f5-9f14-69200c643b08" CHANGEID="689671829" NUMBER="18" APARTTYPE="2" OPERTYPEID="10" PREVID="0" NEXTID="0" UPDATEDATE="2025-09-29" STARTDATE="2025-09-29" ENDDATE="2079-06-06" ISACTUAL="1" ISACTIVE="1" /><APARTMENT ID="111800930" OBJECTID="174931701" OBJECTGUID="500def37-4885-422b-bf10-5c510e403f0c" CHANGEID="689671830" NUMBER="17" APARTTYPE="2" OPERTYPEID="10" PREVID="0" NEXTID="0" UPDATEDATE="2025-09-29" STARTDATE="2025-09-29" ENDDATE="2079-06-06" ISACTUAL="1" ISACTIVE="1" /><APARTMENT ID="111800931" OBJECTID="174931702" OBJECTGUID="1717770d-63cf-4c4d-8601-9746d3a81a66" CHANGEID="689671831" NUMBER="16" APARTTYPE="2" OPERTYPEID="10" PREVID="0" NEXTID="0" UPDATEDATE="2025-09-29" STARTDATE="2025-09-29" ENDDATE="2079-06-06" ISACTUAL="1" ISACTIVE="1" /><APARTMENT ID="111800932" OBJECTID="174931703" OBJECTGUID="cdbf3e90-00f4-4958-a81b-df6d38487524" CHANGEID="689671832" NUMBER="15" APARTTYPE="2" OPERTYPEID="10" PREVID="0" NEXTID="0" UPDATEDATE="2025-09-29" STARTDATE="2025-09-29" ENDDATE="2079-06-06" ISACTUAL="1" ISACTIVE="1" /><APARTMENT ID="111800933" OBJECTID="174931704" OBJECTGUID="8d5ab34e-27b9-4c7a-b5db-aad3870f767a" CHANGEID="689671833" NUMBER="14" APARTTYPE="2" OPERTYPEID="10" PREVID="0" NEXTID="0" UPDATEDATE="2025-09-29" STARTDATE="2025-09-29" ENDDATE="2079-06-06" ISACTUAL="1" ISACTIVE="1" /><APARTMENT ID="111800934" OBJECTID="174931705" OBJECTGUID="168bc64c-6faa-4ee9-aff1-916ab9137d65" CHANGEID="689671834" NUMBER="13" APARTTYPE="2" OPERTYPEID="10" PREVID="0" NEXTID="0" UPDATEDATE="2025-09-29" STARTDATE="2025-09-29" ENDDATE="2079-06-06" ISACTUAL="1" ISACTIVE="1" /><APARTMENT ID="111800935" OBJECTID="174931706" OBJECTGUID="8993f2bb-ec3b-4688-ad1f-3f0a29f9d413" CHANGEID="689671835" NUMBER="12" APARTTYPE="2" OPERTYPEID="10" PREVID="0" NEXTID="0" UPDATEDATE="2025-09-29" STARTDATE="2025-09-29" ENDDATE="2079-06-06" ISACTUAL="1" ISACTIVE="1" /><APARTMENT ID="111800936" OBJECTID="174931707" OBJECTGUID="92e83564-2ed2-4f02-959b-7e6dcdfc9c9c" CHANGEID="689671836" NUMBER="11" APARTTYPE="2" OPERTYPEID="10" PREVID="0" NEXTID="0" UPDATEDATE="2025-09-29" STARTDATE="2025-09-29" ENDDATE="2079-06-06" ISACTUAL="1" ISACTIVE="1" /><APARTMENT ID="111800937" OBJECTID="174931708" OBJECTGUID="28ee1a11-01a2-4b59-b036-0456ded4daa7" CHANGEID="689671837" NUMBER="4" APARTTYPE="2" OPERTYPEID="10" PREVID="0" NEXTID="0" UPDATEDATE="2025-09-29" STARTDATE="2025-09-29" ENDDATE="2079-06-06" ISACTUAL="1" ISACTIVE="1" /><APARTMENT ID="111800938" OBJECTID="174931709" OBJECTGUID="b03adc62-5e42-451b-bad4-18ec5c39536d" CHANGEID="689671838" NUMBER="2" APARTTYPE="2" OPERTYPEID="10" PREVID="0" NEXTID="0" UPDATEDATE="2025-09-29" STARTDATE="2025-09-29" ENDDATE="2079-06-06" ISACTUAL="1" ISACTIVE="1" /><APARTMENT ID="111800939" OBJECTID="174931710" OBJECTGUID="acb14cc6-f2d5-437a-9516-7331484ad328" CHANGEID="689671839" NUMBER="1" APARTTYPE="2" OPERTYPEID="10" PREVID="0" NEXTID="0" UPDATEDATE="2025-09-29" STARTDATE="2025-09-29" ENDDATE="2079-06-06" ISACTUAL="1" ISACTIVE="1" /><APARTMENT ID="111800940" OBJECTID="174931711" OBJECTGUID="73212f65-6775-437a-a53e-0ce5bf706905" CHANGEID="689671840" NUMBER="41" APARTTYPE="2" OPERTYPEID="10" PREVID="0" NEXTID="0" UPDATEDATE="2025-09-29" STARTDATE="2025-09-29" ENDDATE="2079-06-06" ISACTUAL="1" ISACTIVE="1" /><APARTMENT ID="111800941" OBJECTID="174931712" OBJECTGUID="fe39be2d-6b24-49a3-8046-5e40ae1bba8f" CHANGEID="689671841" NUMBER="40" APARTTYPE="2" OPERTYPEID="10" PREVID="0" NEXTID="0" UPDATEDATE="2025-09-29" STARTDATE="2025-09-29" ENDDATE="2079-06-06" ISACTUAL="1" ISACTIVE="1" /><APARTMENT ID="111800942" OBJECTID="174931713" OBJECTGUID="a5fecd12-149b-4ef4-88e2-8c5b7cb2c078" CHANGEID="689671842" NUMBER="39" APARTTYPE="2" OPERTYPEID="10" PREVID="0" NEXTID="0" UPDATEDATE="2025-09-29" STARTDATE="2025-09-29" ENDDATE="2079-06-06" ISACTUAL="1" ISACTIVE="1" /><APARTMENT ID="111800943" OBJECTID="174931714" OBJECTGUID="1df6d172-f8c9-4b1c-a462-177e6331fce5" CHANGEID="689671843" NUMBER="38" APARTTYPE="2" OPERTYPEID="10" PREVID="0" NEXTID="0" UPDATEDATE="2025-09-29" STARTDATE="2025-09-29" ENDDATE="2079-06-06" ISACTUAL="1" ISACTIVE="1" /><APARTMENT ID="111800944" OBJECTID="174931715" OBJECTGUID="10a5b722-b687-4484-bd2a-a9c20667466d" CHANGEID="689671844" NUMBER="37" APARTTYPE="2" OPERTYPEID="10" PREVID="0" NEXTID="0" UPDATEDATE="2025-09-29" STARTDATE="2025-09-29" ENDDATE="2079-06-06" ISACTUAL="1" ISACTIVE="1" /><APARTMENT ID="111800945" OBJECTID="174931716" OBJECTGUID="f2114091-a71d-48d8-9131-7fbd4dd07b34" CHANGEID="689671845" NUMBER="36" APARTTYPE="2" OPERTYPEID="10" PREVID="0" NEXTID="0" UPDATEDATE="2025-09-29" STARTDATE="2025-09-29" ENDDATE="2079-06-06" ISACTUAL="1" ISACTIVE="1" /><APARTMENT ID="111800946" OBJECTID="174931717" OBJECTGUID="115fc738-071b-49de-a13d-f06f599e856b" CHANGEID="689671846" NUMBER="22" APARTTYPE="2" OPERTYPEID="10" PREVID="0" NEXTID="0" UPDATEDATE="2025-09-29" STARTDATE="2025-09-29" ENDDATE="2079-06-06" ISACTUAL="1" ISACTIVE="1" /><APARTMENT ID="111800947" OBJECTID="174931718" OBJECTGUID="37cff995-5062-493c-83d5-c6b204a62abc" CHANGEID="689671847" NUMBER="21" APARTTYPE="2" OPERTYPEID="10" PREVID="0" NEXTID="0" UPDATEDATE="2025-09-29" STARTDATE="2025-09-29" ENDDATE="2079-06-06" ISACTUAL="1" ISACTIVE="1" /><APARTMENT ID="111800948" OBJECTID="174931719" OBJECTGUID="eacf38e6-df26-4d5c-ac37-1312a785f1b1" CHANGEID="689671848" NUMBER="10" APARTTYPE="2" OPERTYPEID="10" PREVID="0" NEXTID="0" UPDATEDATE="2025-09-29" STARTDATE="2025-09-29" ENDDATE="2079-06-06" ISACTUAL="1" ISACTIVE="1" /><APARTMENT ID="111800949" OBJECTID="174931720" OBJECTGUID="566c4e5e-7e4b-4cc6-b6fa-17328985a456" CHANGEID="689671849" NUMBER="9" APARTTYPE="2" OPERTYPEID="10" PREVID="0" NEXTID="0" UPDATEDATE="2025-09-29" STARTDATE="2025-09-29" ENDDATE="2079-06-06" ISACTUAL="1" ISACTIVE="1" /><APARTMENT ID="111800950" OBJECTID="174931721" OBJECTGUID="8fdd9dcb-b8b0-4fe7-8f23-745194838c77" CHANGEID="689671850" NUMBER="8" APARTTYPE="2" OPERTYPEID="10" PREVID="0" NEXTID="0" UPDATEDATE="2025-09-29" STARTDATE="2025-09-29" ENDDATE="2079-06-06" ISACTUAL="1" ISACTIVE="1" /><APARTMENT ID="111800951" OBJECTID="174931722" OBJECTGUID="39e94dda-dd3a-4dff-93dd-cd03a0a26aa5" CHANGEID="689671851" NUMBER="7" APARTTYPE="2" OPERTYPEID="10" PREVID="0" NEXTID="0" UPDATEDATE="2025-09-29" STARTDATE="2025-09-29" ENDDATE="2079-06-06" ISACTUAL="1" ISACTIVE="1" /><APARTMENT ID="111800952" OBJECTID="174931723" OBJECTGUID="2d4b4a52-6f9f-4773-a2c3-b848c09297dc" CHANGEID="689671852" NUMBER="6" APARTTYPE="2" OPERTYPEID="10" PREVID="0" NEXTID="0" UPDATEDATE="2025-09-29" STARTDATE="2025-09-29" ENDDATE="2079-06-06" ISACTUAL="1" ISACTIVE="1" /><APARTMENT ID="111800953" OBJECTID="174931724" OBJECTGUID="a76fd80a-5a20-4e8a-b395-2e5f0e94cdd9" CHANGEID="689671853" NUMBER="5" APARTTYPE="2" OPERTYPEID="10" PREVID="0" NEXTID="0" UPDATEDATE="2025-09-29" STARTDATE="2025-09-29" ENDDATE="2079-06-06" ISACTUAL="1" ISACTIVE="1" /><APARTMENT ID="111800954" OBJECTID="174931725" OBJECTGUID="9b97a76c-3e9f-44b2-a73b-c20f37ff2c7b" CHANGEID="689671854" NUMBER="3" APARTTYPE="2" OPERTYPEID="10" PREVID="0" NEXTID="0" UPDATEDATE="2025-09-29" STARTDATE="2025-09-29" ENDDATE="2079-06-06" ISACTUAL="1" ISACTIVE="1" /><APARTMENT ID="111803387" OBJECTID="59797496" OBJECTGUID="0fb3bde4-6977-4380-a46c-605fc9f7bc72" CHANGEID="689686519" NUMBER="63" APARTTYPE="2" OPERTYPEID="30" PREVID="35630302" NEXTID="0" UPDATEDATE="2025-09-29" STARTDATE="2025-09-29" ENDDATE="2079-06-06" ISACTUAL="1" ISACTIVE="0" /><APARTMENT ID="35630302" OBJECTID="59797496" OBJECTGUID="0fb3bde4-6977-4380-a46c-605fc9f7bc72" CHANGEID="89312506" NUMBER="63" APARTTYPE="2" OPERTYPEID="10" PREVID="0" NEXTID="111803387" UPDATEDATE="2025-09-29" STARTDATE="2017-05-02" ENDDATE="2025-09-29" ISACTUAL="0" ISACTIVE="0" /><APARTMENT ID="111803885" OBJECTID="174940403" OBJECTGUID="49d3444c-27ee-416a-8b54-b3fb860538d8" CHANGEID="689690898" NUMBER="5" APARTTYPE="1" OPERTYPEID="10" PREVID="0" NEXTID="0" UPDATEDATE="2025-09-29" STARTDATE="2025-09-29" ENDDATE="2079-06-06" ISACTUAL="1" ISACTIVE="1" /><APARTMENT ID="111803886" OBJECTID="174940404" OBJECTGUID="20ef50dd-63a2-4368-8b65-497b61254f32" CHANGEID="689690899" NUMBER="4" APARTTYPE="1" OPERTYPEID="10" PREVID="0" NEXTID="0" UPDATEDATE="2025-09-29" STARTDATE="2025-09-29" ENDDATE="2079-06-06" ISACTUAL="1" ISACTIVE="1" /><APARTMENT ID="111803887" OBJECTID="174940405" OBJECTGUID="1ab5863e-2492-4058-944d-c8cd834cd952" CHANGEID="689690900" NUMBER="3" APARTTYPE="1" OPERTYPEID="10" PREVID="0" NEXTID="0" UPDATEDATE="2025-09-29" STARTDATE="2025-09-29" ENDDATE="2079-06-06" ISACTUAL="1" ISACTIVE="1" /><APARTMENT ID="111803888" OBJECTID="174940406" OBJECTGUID="8260bbc9-8d02-4bc9-bbd4-e343c0ebeec2" CHANGEID="689690901" NUMBER="2" APARTTYPE="1" OPERTYPEID="10" PREVID="0" NEXTID="0" UPDATEDATE="2025-09-29" STARTDATE="2025-09-29" ENDDATE="2079-06-06" ISACTUAL="1" ISACTIVE="1" /><APARTMENT ID="111803889" OBJECTID="174940407" OBJECTGUID="1802c79e-1ef5-4595-95bd-e74eb897fd13" CHANGEID="689690902" NUMBER="1" APARTTYPE="1" OPERTYPEID="10" PREVID="0" NEXTID="0" UPDATEDATE="2025-09-29" STARTDATE="2025-09-29" ENDDATE="2079-06-06" ISACTUAL="1" ISACTIVE="1" /><APARTMENT ID="111804315" OBJECTID="174942054" OBJECTGUID="75facbc0-67e2-4e85-b9ed-be064a1d68cb" CHANGEID="689694173" NUMBER="4" APARTTYPE="1" OPERTYPEID="10" PREVID="0" NEXTID="0" UPDATEDATE="2025-09-29" STARTDATE="2025-09-29" ENDDATE="2079-06-06" ISACTUAL="1" ISACTIVE="1" /><APARTMENT ID="111804316" OBJECTID="174942055" OBJECTGUID="88ff9d93-9bb2-4b99-86c6-006543df8475" CHANGEID="689694174" NUMBER="3" APARTTYPE="1" OPERTYPEID="10" PREVID="0" NEXTID="0" UPDATEDATE="2025-09-29" STARTDATE="2025-09-29" ENDDATE="2079-06-06" ISACTUAL="1" ISACTIVE="1" /><APARTMENT ID="111804317" OBJECTID="174942056" OBJECTGUID="08eebb4c-c425-475e-83b4-d408b4992853" CHANGEID="689694175" NUMBER="2" APARTTYPE="1" OPERTYPEID="10" PREVID="0" NEXTID="0" UPDATEDATE="2025-09-29" STARTDATE="2025-09-29" ENDDATE="2079-06-06" ISACTUAL="1" ISACTIVE="1" /><APARTMENT ID="111804318" OBJECTID="174942057" OBJECTGUID="7871cd8a-6579-45ac-b1d3-d8d3b456b05e" CHANGEID="689694176" NUMBER="1" APARTTYPE="1" OPERTYPEID="10" PREVID="0" NEXTID="0" UPDATEDATE="2025-09-29" STARTDATE="2025-09-29" ENDDATE="2079-06-06" ISACTUAL="1" ISACTIVE="1" /><APARTMENT ID="111804518" OBJECTID="174943021" OBJECTGUID="847ec9bd-f992-44ff-9dca-b40c65479292" CHANGEID="689695823" NUMBER="4" APARTTYPE="1" OPERTYPEID="10" PREVID="0" NEXTID="0" UPDATEDATE="2025-09-29" STARTDATE="2025-09-29" ENDDATE="2079-06-06" ISACTUAL="1" ISACTIVE="1" /><APARTMENT ID="111804519" OBJECTID="174943022" OBJECTGUID="87861208-2e1e-48c9-8483-8767938d1873" CHANGEID="689695824" NUMBER="3" APARTTYPE="1" OPERTYPEID="10" PREVID="0" NEXTID="0" UPDATEDATE="2025-09-29" STARTDATE="2025-09-29" ENDDATE="2079-06-06" ISACTUAL="1" ISACTIVE="1" /><APARTMENT ID="111804520" OBJECTID="174943023" OBJECTGUID="21537ddd-515d-48da-a3ba-27f6d0f1590a" CHANGEID="689695825" NUMBER="2" APARTTYPE="1" OPERTYPEID="10" PREVID="0" NEXTID="0" UPDATEDATE="2025-09-29" STARTDATE="2025-09-29" ENDDATE="2079-06-06" ISACTUAL="1" ISACTIVE="1" /><APARTMENT ID="111804521" OBJECTID="174943024" OBJECTGUID="be8f3a80-1708-4b74-b851-938c64704677" CHANGEID="689695826" NUMBER="1" APARTTYPE="1" OPERTYPEID="10" PREVID="0" NEXTID="0" UPDATEDATE="2025-09-29" STARTDATE="2025-09-29" ENDDATE="2079-06-06" ISACTUAL="1" ISACTIVE="1" /><APARTMENT ID="111804537" OBJECTID="174943129" OBJECTGUID="5b11ccf9-b382-43dd-bf2b-c21217a6aedf" CHANGEID="689695999" NUMBER="3" APARTTYPE="1" OPERTYPEID="10" PREVID="0" NEXTID="0" UPDATEDATE="2025-09-29" STARTDATE="2025-09-29" ENDDATE="2079-06-06" ISACTUAL="1" ISACTIVE="1" /><APARTMENT ID="111804545" OBJECTID="174943184" OBJECTGUID="e66db5da-2d02-4e23-a196-0f6d7485a832" CHANGEID="689696087" NUMBER="597" APARTTYPE="1" OPERTYPEID="10" PREVID="0" NEXTID="0" UPDATEDATE="2025-09-29" STARTDATE="2025-09-29" ENDDATE="2079-06-06" ISACTUAL="1" ISACTIVE="1" /><APARTMENT ID="111804546" OBJECTID="174943185" OBJECTGUID="e973b07b-d5bd-4781-93b3-dec890bc9c7e" CHANGEID="689696088" NUMBER="595" APARTTYPE="1" OPERTYPEID="10" PREVID="0" NEXTID="0" UPDATEDATE="2025-09-29" STARTDATE="2025-09-29" ENDDATE="2079-06-06" ISACTUAL="1" ISACTIVE="1" /><APARTMENT ID="111804719" OBJECTID="68052032" OBJECTGUID="988a0cf0-bb9c-4d3a-9a76-971b72daf945" CHANGEID="689697037" NUMBER="5" APARTTYPE="2" OPERTYPEID="55" PREVID="40575028" NEXTID="129174842" UPDATEDATE="2025-09-29" STARTDATE="2025-09-29" ENDDATE="2079-06-06" ISACTUAL="1" ISACTIVE="0" /><APARTMENT ID="40575028" OBJECTID="68052032" OBJECTGUID="988a0cf0-bb9c-4d3a-9a76-971b72daf945" CHANGEID="101445302" NUMBER="5" APARTTYPE="2" OPERTYPEID="10" PREVID="0" NEXTID="111804719" UPDATEDATE="2025-09-29" STARTDATE="2019-02-04" ENDDATE="2025-09-29" ISACTUAL="0" ISACTIVE="0" /><APARTMENT ID="111804726" OBJECTID="174943800" OBJECTGUID="bb44e5ed-cbf6-4e46-95f9-cf9dd2d3a09f" CHANGEID="689697146" NUMBER="1" APARTTYPE="1" OPERTYPEID="10" PREVID="0" NEXTID="0" UPDATEDATE="2025-09-29" STARTDATE="2025-09-29" ENDDATE="2079-06-06" ISACTUAL="1" ISACTIVE="1" /><APARTMENT ID="111808546" OBJECTID="174958043" OBJECTGUID="120b0389-7695-4a02-9d5f-b967885cec6f" CHANGEID="689730116" NUMBER="1" APARTTYPE="2" OPERTYPEID="10" PREVID="0" NEXTID="0" UPDATEDATE="2025-09-30" STARTDATE="2025-09-30" ENDDATE="2079-06-06" ISACTUAL="1" ISACTIVE="1" /><APARTMENT ID="111810956" OBJECTID="17728028" OBJECTGUID="70cbc00b-1608-49da-b85f-a2cc2285e98c" CHANGEID="689756292" NUMBER="14а/1" APARTTYPE="1" OPERTYPEID="20" PREVID="9811216" UPDATEDATE="2025-09-30" STARTDATE="2025-09-30" ENDDATE="2079-06-06" ISACTUAL="1" ISACTIVE="1" /><APARTMENT ID="111810975" OBJECTID="17727856" OBJECTGUID="471dccf0-d4e1-4eb6-8bdf-a36d85af957c" CHANGEID="689757020" NUMBER="14а/2" APARTTYPE="1" OPERTYPEID="20" PREVID="9811121" UPDATEDATE="2025-09-30" STARTDATE="2025-09-30" ENDDATE="2079-06-06" ISACTUAL="1" ISACTIVE="1" /><APARTMENT ID="9811121" OBJECTID="17727856" OBJECTGUID="471dccf0-d4e1-4eb6-8bdf-a36d85af957c" CHANGEID="27974712" NUMBER="2" APARTTYPE="2" OPERTYPEID="10" PREVID="0" NEXTID="111810975" UPDATEDATE="2025-09-30" STARTDATE="2017-05-25" ENDDATE="2025-09-30" ISACTUAL="0" ISACTIVE="0" /><APARTMENT ID="111813120" OBJECTID="174975639" OBJECTGUID="1e60decb-5640-4680-8a5d-91374091332e" CHANGEID="689788566" NUMBER="200" APARTTYPE="1" OPERTYPEID="10" PREVID="0" NEXTID="0" UPDATEDATE="2025-10-01" STARTDATE="2025-10-01" ENDDATE="2079-06-06" ISACTUAL="1" ISACTIVE="1" /><APARTMENT ID="111813121" OBJECTID="70416690" OBJECTGUID="3aa9565a-7f6f-42cb-9a09-d6218c0687d2" CHANGEID="689788567" NUMBER="1" APARTTYPE="2" OPERTYPEID="30" PREVID="42010212" NEXTID="0" UPDATEDATE="2025-10-01" STARTDATE="2025-10-01" ENDDATE="2079-06-06" ISACTUAL="1" ISACTIVE="0" /><APARTMENT ID="42010212" OBJECTID="70416690" OBJECTGUID="3aa9565a-7f6f-42cb-9a09-d6218c0687d2" CHANGEID="104926714" NUMBER="1" APARTTYPE="2" OPERTYPEID="10" PREVID="0" NEXTID="111813121" UPDATEDATE="2025-10-01" STARTDATE="2017-01-19" ENDDATE="2025-10-01" ISACTUAL="0" ISACTIVE="0" /><APARTMENT ID="111813122" OBJECTID="174975640" OBJECTGUID="a474aa8d-fee3-4925-a581-0952a95d3598" CHANGEID="689788575" NUMBER="201" APARTTYPE="1" OPERTYPEID="10" PREVID="0" NEXTID="0" UPDATEDATE="2025-10-01" STARTDATE="2025-10-01" ENDDATE="2079-06-06" ISACTUAL="1" ISACTIVE="1" /><APARTMENT ID="111815200" OBJECTID="174849262" OBJECTGUID="eb054193-f96e-4464-9a51-36e83b190c0a" CHANGEID="689801288" NUMBER="2" APARTTYPE="1" OPERTYPEID="20" PREVID="111769339" UPDATEDATE="2025-10-01" STARTDATE="2025-10-01" ENDDATE="2079-06-06" ISACTUAL="1" ISACTIVE="1" /><APARTMENT ID="111816262" OBJECTID="174984588" OBJECTGUID="ad849cd8-1e72-4de3-b039-99790ede4d63" CHANGEID="689806328" NUMBER="6" APARTTYPE="1" OPERTYPEID="10" PREVID="0" NEXTID="0" UPDATEDATE="2025-10-01" STARTDATE="2025-10-01" ENDDATE="2079-06-06" ISACTUAL="1" ISACTIVE="1" /><APARTMENT ID="111816263" OBJECTID="174984589" OBJECTGUID="6a35d6aa-6e6d-485f-9fdd-fee8902b7460" CHANGEID="689806329" NUMBER="5" APARTTYPE="1" OPERTYPEID="10" PREVID="0" NEXTID="0" UPDATEDATE="2025-10-01" STARTDATE="2025-10-01" ENDDATE="2079-06-06" ISACTUAL="1" ISACTIVE="1" /><APARTMENT ID="111816264" OBJECTID="174984590" OBJECTGUID="5279b3d1-1a2f-45d4-8664-28adf18d1b5d" CHANGEID="689806330" NUMBER="4" APARTTYPE="1" OPERTYPEID="10" PREVID="0" NEXTID="0" UPDATEDATE="2025-10-01" STARTDATE="2025-10-01" ENDDATE="2079-06-06" ISACTUAL="1" ISACTIVE="1" /><APARTMENT ID="111816265" OBJECTID="174984591" OBJECTGUID="c7e86367-40ef-4f39-a683-e34cf392cc45" CHANGEID="689806331" NUMBER="3" APARTTYPE="1" OPERTYPEID="10" PREVID="0" NEXTID="0" UPDATEDATE="2025-10-01" STARTDATE="2025-10-01" ENDDATE="2079-06-06" ISACTUAL="1" ISACTIVE="1" /><APARTMENT ID="111816266" OBJECTID="174984592" OBJECTGUID="73e13a1f-7fc1-40e3-bb34-8a6e176d4a87" CHANGEID="689806332" NUMBER="2" APARTTYPE="1" OPERTYPEID="10" PREVID="0" NEXTID="0" UPDATEDATE="2025-10-01" STARTDATE="2025-10-01" ENDDATE="2079-06-06" ISACTUAL="1" ISACTIVE="1" /><APARTMENT ID="111816412" OBJECTID="174985976" OBJECTGUID="94151bc5-f792-4bd2-80f8-cb6835a2de6e" CHANGEID="689809486" NUMBER="3" APARTTYPE="2" OPERTYPEID="10" PREVID="0" NEXTID="0" UPDATEDATE="2025-10-01" STARTDATE="2025-10-01" ENDDATE="2079-06-06" ISACTUAL="1" ISACTIVE="1" /><APARTMENT ID="111816413" OBJECTID="174985978" OBJECTGUID="3f3ac340-4511-4ad8-b103-9ebb5e6b5c1c" CHANGEID="689809489" NUMBER="174" APARTTYPE="2" OPERTYPEID="10" PREVID="0" NEXTID="0" UPDATEDATE="2025-10-01" STARTDATE="2025-10-01" ENDDATE="2079-06-06" ISACTUAL="1" ISACTIVE="1" /><APARTMENT ID="111816646" OBJECTID="174987085" OBJECTGUID="2058a0ae-c222-4b7f-be0c-ceaa93b50546" CHANGEID="689811267" NUMBER="1" APARTTYPE="2" OPERTYPEID="10" PREVID="0" NEXTID="0" UPDATEDATE="2025-10-01" STARTDATE="2025-10-01" ENDDATE="2079-06-06" ISACTUAL="1" ISACTIVE="1" /><APARTMENT ID="111816647" OBJECTID="174987097" OBJECTGUID="19043cbe-1c62-425b-995a-a2a09573f55f" CHANGEID="689811279" NUMBER="2" APARTTYPE="2" OPERTYPEID="10" PREVID="0" NEXTID="0" UPDATEDATE="2025-10-01" STARTDATE="2025-10-01" ENDDATE="2079-06-06" ISACTUAL="1" ISACTIVE="1" /></APARTMENTS>