﻿<?xml version="1.0" encoding="utf-8"?><STEADS><STEAD ID="398790" OBJECTID="84952213" OBJECTGUID="ff7263f8-4f60-49ed-a1b5-611e526d0299" CHANGEID="126161071" NUMBER="21/1" OPERTYPEID="10" NEXTID="74195470" UPDATEDATE="2025-09-30" STARTDATE="2016-04-08" ENDDATE="2025-09-30" ISACTUAL="0" ISACTIVE="0" /><STEAD ID="515252" OBJECTID="85068044" OBJECTGUID="3489e577-5073-4353-bc3f-9d9d905a6949" CHANGEID="126331952" NUMBER="38" OPERTYPEID="10" NEXTID="74193118" UPDATEDATE="2025-09-30" STARTDATE="2018-02-08" ENDDATE="2025-09-30" ISACTUAL="0" ISACTIVE="0" /><STEAD ID="680435" OBJECTID="85232410" OBJECTGUID="1cf324d7-1277-4c9f-948f-6ca3d8b08df5" CHANGEID="126567802" NUMBER="2-А" OPERTYPEID="10" NEXTID="74192584" UPDATEDATE="2025-09-30" STARTDATE="2015-12-18" ENDDATE="2025-09-30" ISACTUAL="0" ISACTIVE="0" /><STEAD ID="1684031" OBJECTID="86231013" OBJECTGUID="e5d5389e-1a70-4494-93da-d4e684e66e27" CHANGEID="127946264" NUMBER="10/12" OPERTYPEID="10" NEXTID="74199684" UPDATEDATE="2025-10-01" STARTDATE="2019-01-11" ENDDATE="2025-10-01" ISACTUAL="0" ISACTIVE="0" /><STEAD ID="2022501" OBJECTID="86568026" OBJECTGUID="eb944513-c063-4dec-92ad-b9e23a9f396d" CHANGEID="128391453" NUMBER="37" OPERTYPEID="10" NEXTID="74198314" UPDATEDATE="2025-10-01" STARTDATE="2019-02-28" ENDDATE="2025-10-01" ISACTUAL="0" ISACTIVE="0" /><STEAD ID="2607174" OBJECTID="87150284" OBJECTGUID="d7d75860-5157-4878-a6a3-33d27759dc72" CHANGEID="129148932" NUMBER="27б" OPERTYPEID="10" NEXTID="74192830" UPDATEDATE="2025-09-30" STARTDATE="2019-02-12" ENDDATE="2025-09-30" ISACTUAL="0" ISACTIVE="0" /><STEAD ID="3444814" OBJECTID="87984982" OBJECTGUID="d87bc870-5b97-4a7f-bdc7-50a917d105eb" CHANGEID="130196009" NUMBER="183б" OPERTYPEID="10" NEXTID="74198319" UPDATEDATE="2025-10-01" STARTDATE="2019-03-01" ENDDATE="2025-10-01" ISACTUAL="0" ISACTIVE="0" /><STEAD ID="3597533" OBJECTID="88137232" OBJECTGUID="c55839cc-8264-49ae-b8b9-8a0888ca249c" CHANGEID="130381676" NUMBER="8а" OPERTYPEID="10" NEXTID="74192933" UPDATEDATE="2025-09-30" STARTDATE="2019-02-26" ENDDATE="2025-09-30" ISACTUAL="0" ISACTIVE="0" /><STEAD ID="4336695" OBJECTID="88874484" OBJECTGUID="e6a81fc6-40c6-4719-94a0-f315d1c3394f" CHANGEID="131260838" NUMBER="16а" OPERTYPEID="10" NEXTID="74193035" UPDATEDATE="2025-09-30" STARTDATE="2019-02-12" ENDDATE="2025-09-30" ISACTUAL="0" ISACTIVE="0" /><STEAD ID="4490856" OBJECTID="89028322" OBJECTGUID="fd129906-0036-4663-a2e1-08acdda5b274" CHANGEID="131439044" NUMBER="6" OPERTYPEID="10" NEXTID="74206767" UPDATEDATE="2025-10-01" STARTDATE="2019-08-14" ENDDATE="2025-10-01" ISACTUAL="0" ISACTIVE="0" /><STEAD ID="5234024" OBJECTID="89770153" OBJECTGUID="33a0c4a8-1983-42bc-93a1-46cc9762d18c" CHANGEID="132282379" NUMBER="39" OPERTYPEID="10" NEXTID="74199672" UPDATEDATE="2025-10-01" STARTDATE="2017-11-25" ENDDATE="2025-10-01" ISACTUAL="0" ISACTIVE="0" /><STEAD ID="5665477" OBJECTID="90201047" OBJECTGUID="72d72c2d-0329-4b8c-9604-2a8fb2a48a31" CHANGEID="132766594" NUMBER="20" OPERTYPEID="10" NEXTID="74179163" UPDATEDATE="2025-09-29" STARTDATE="2019-11-01" ENDDATE="2025-09-29" ISACTUAL="0" ISACTIVE="0" /><STEAD ID="7447614" OBJECTID="91981664" OBJECTGUID="dc1f6a62-0451-40ef-b211-3bfa51738f7f" CHANGEID="134763016" NUMBER="71А" OPERTYPEID="10" NEXTID="74206521" UPDATEDATE="2025-10-01" STARTDATE="2019-08-14" ENDDATE="2025-10-01" ISACTUAL="0" ISACTIVE="0" /><STEAD ID="7495593" OBJECTID="92029685" OBJECTGUID="d25d3de6-9309-4706-839c-22605ade4afa" CHANGEID="134814581" NUMBER="67А" OPERTYPEID="10" NEXTID="74206522" UPDATEDATE="2025-10-01" STARTDATE="2019-08-14" ENDDATE="2025-10-01" ISACTUAL="0" ISACTIVE="0" /><STEAD ID="7844601" OBJECTID="92378413" OBJECTGUID="1ad5756c-e85a-4e52-aa5d-2924cae7b144" CHANGEID="135190180" NUMBER="5" OPERTYPEID="10" NEXTID="74206406" UPDATEDATE="2025-10-01" STARTDATE="2019-08-14" ENDDATE="2025-10-01" ISACTUAL="0" ISACTIVE="0" /><STEAD ID="7844164" OBJECTID="92377981" OBJECTGUID="7b7c7cb9-de6a-43c1-a89b-5f4e52bb90e9" CHANGEID="135189682" NUMBER="1" OPERTYPEID="10" NEXTID="74206454" UPDATEDATE="2025-10-01" STARTDATE="2019-08-14" ENDDATE="2025-10-01" ISACTUAL="0" ISACTIVE="0" /><STEAD ID="8049729" OBJECTID="92583447" OBJECTGUID="e8f25059-acb9-45bc-a273-c0711f197b03" CHANGEID="135408714" NUMBER="14а" OPERTYPEID="10" NEXTID="74192845" UPDATEDATE="2025-09-30" STARTDATE="2019-07-17" ENDDATE="2025-09-30" ISACTUAL="0" ISACTIVE="0" /><STEAD ID="8196916" OBJECTID="92730630" OBJECTGUID="65a74afa-e9bf-4e97-8bae-a6aa34a4f07b" CHANGEID="135567249" NUMBER="71" OPERTYPEID="10" NEXTID="74185389" UPDATEDATE="2025-09-30" STARTDATE="2019-12-25" ENDDATE="2025-09-30" ISACTUAL="0" ISACTIVE="0" /><STEAD ID="8302758" OBJECTID="92836329" OBJECTGUID="727e391a-82bd-4494-a5cb-a6d702d61a70" CHANGEID="135680091" NUMBER="2а" OPERTYPEID="10" NEXTID="74194532" UPDATEDATE="2025-09-30" STARTDATE="2019-06-07" ENDDATE="2025-09-30" ISACTUAL="0" ISACTIVE="0" /><STEAD ID="8429365" OBJECTID="92962927" OBJECTGUID="c5482700-2eef-45e4-b640-6794a5fbb74a" CHANGEID="135815015" NUMBER="25в" OPERTYPEID="10" NEXTID="74192587" UPDATEDATE="2025-09-30" STARTDATE="2019-02-12" ENDDATE="2025-09-30" ISACTUAL="0" ISACTIVE="0" /><STEAD ID="8617757" OBJECTID="93151246" OBJECTGUID="0549e53c-68b6-4ab6-9825-0ba8a5514d55" CHANGEID="136016413" NUMBER="9" OPERTYPEID="10" NEXTID="74206093" UPDATEDATE="2025-10-01" STARTDATE="2019-05-30" ENDDATE="2025-10-01" ISACTUAL="0" ISACTIVE="0" /><STEAD ID="8631777" OBJECTID="93165240" OBJECTGUID="c3719b45-7024-4253-a151-623df621bc72" CHANGEID="136031693" NUMBER="14" OPERTYPEID="10" NEXTID="74206068" UPDATEDATE="2025-10-01" STARTDATE="2019-05-30" ENDDATE="2025-10-01" ISACTUAL="0" ISACTIVE="0" /><STEAD ID="8986793" OBJECTID="93520141" OBJECTGUID="9013053f-cac4-4550-9b28-ddca8cdb581d" CHANGEID="136419692" NUMBER="129-б" OPERTYPEID="10" NEXTID="74199691" UPDATEDATE="2025-10-01" STARTDATE="2019-03-21" ENDDATE="2025-10-01" ISACTUAL="0" ISACTIVE="0" /><STEAD ID="9704777" OBJECTID="94237970" OBJECTGUID="ad91d2c9-dba8-4083-90e1-7817561db96c" CHANGEID="137180629" NUMBER="73" OPERTYPEID="10" NEXTID="74206523" UPDATEDATE="2025-10-01" STARTDATE="2019-08-14" ENDDATE="2025-10-01" ISACTUAL="0" ISACTIVE="0" /><STEAD ID="9731787" OBJECTID="94264978" OBJECTGUID="9c599d10-d450-4d91-bafa-a58f158b7104" CHANGEID="137209389" NUMBER="2" OPERTYPEID="10" NEXTID="74206389" UPDATEDATE="2025-10-01" STARTDATE="2019-08-14" ENDDATE="2025-10-01" ISACTUAL="0" ISACTIVE="0" /><STEAD ID="10008277" OBJECTID="94541439" OBJECTGUID="15e33bf6-de14-435d-9ebf-ef8ec88e82dc" CHANGEID="137491004" NUMBER="21" OPERTYPEID="10" NEXTID="74206279" UPDATEDATE="2025-10-01" STARTDATE="2019-06-14" ENDDATE="2025-10-01" ISACTUAL="0" ISACTIVE="0" /><STEAD ID="10178434" OBJECTID="94711569" OBJECTGUID="3725e10c-d097-4d69-928f-6d6516d85426" CHANGEID="137663463" NUMBER="4" OPERTYPEID="10" NEXTID="74206315" UPDATEDATE="2025-10-01" STARTDATE="2019-06-11" ENDDATE="2025-10-01" ISACTUAL="0" ISACTIVE="0" /><STEAD ID="10302757" OBJECTID="94835824" OBJECTGUID="5b96ae90-d185-445c-ae3d-2f4cd1ca639b" CHANGEID="137788838" NUMBER="17" OPERTYPEID="10" NEXTID="74204457" UPDATEDATE="2025-10-01" STARTDATE="2019-12-19" ENDDATE="2025-10-01" ISACTUAL="0" ISACTIVE="0" /><STEAD ID="10538448" OBJECTID="95071548" OBJECTGUID="73bc0dc5-6e9b-455a-b650-f0935fe17c83" CHANGEID="138027638" NUMBER="1" OPERTYPEID="10" NEXTID="74206779" UPDATEDATE="2025-10-01" STARTDATE="2019-08-14" ENDDATE="2025-10-01" ISACTUAL="0" ISACTIVE="0" /><STEAD ID="68374847" OBJECTID="164475327" OBJECTGUID="fb4e4353-baa4-428b-9be9-81025cae764d" CHANGEID="598882324" NUMBER="30" OPERTYPEID="10" PREVID="0" NEXTID="74204382" UPDATEDATE="2025-10-01" STARTDATE="2024-07-31" ENDDATE="2025-10-01" ISACTUAL="0" ISACTIVE="0" /><STEAD ID="74166358" OBJECTID="174914979" OBJECTGUID="1568e227-aabe-4f1f-9c00-719024f275fa" CHANGEID="689636543" NUMBER="117/1" OPERTYPEID="10" PREVID="0" NEXTID="0" UPDATEDATE="2025-09-29" STARTDATE="2025-09-29" ENDDATE="2079-06-06" ISACTUAL="1" ISACTIVE="1" /><STEAD ID="74166359" OBJECTID="174914980" OBJECTGUID="3ed6636a-c66f-44ed-b513-5c2226b9f81f" CHANGEID="689636544" NUMBER="3/2/1" OPERTYPEID="10" PREVID="0" NEXTID="0" UPDATEDATE="2025-09-29" STARTDATE="2025-09-29" ENDDATE="2079-06-06" ISACTUAL="1" ISACTIVE="1" /><STEAD ID="74166800" OBJECTID="174915904" OBJECTGUID="fdf6fa06-b5b6-455c-8aaf-ef31d354611b" CHANGEID="689638300" NUMBER="39" OPERTYPEID="10" PREVID="0" NEXTID="0" UPDATEDATE="2025-09-29" STARTDATE="2025-09-29" ENDDATE="2079-06-06" ISACTUAL="1" ISACTIVE="1" /><STEAD ID="74166869" OBJECTID="95067719" OBJECTGUID="c0bdb910-f2e5-420e-ac3f-e064bd5af751" CHANGEID="689638623" NUMBER="8" OPERTYPEID="40" PREVID="10534691" UPDATEDATE="2025-09-29" STARTDATE="2025-09-29" ENDDATE="2079-06-06" ISACTUAL="1" ISACTIVE="1" /><STEAD ID="10534691" OBJECTID="95067719" OBJECTGUID="c0bdb910-f2e5-420e-ac3f-e064bd5af751" CHANGEID="138023803" NUMBER="8" OPERTYPEID="10" NEXTID="74166869" UPDATEDATE="2025-09-29" STARTDATE="2019-09-30" ENDDATE="2025-09-29" ISACTUAL="0" ISACTIVE="0" /><STEAD ID="2119764" OBJECTID="86664935" OBJECTGUID="b17a3686-fcc9-4d97-9fe9-f407c41fe64e" CHANGEID="128519731" NUMBER="322" OPERTYPEID="10" NEXTID="74166870" UPDATEDATE="2025-09-29" STARTDATE="2017-11-25" ENDDATE="2025-09-29" ISACTUAL="0" ISACTIVE="0" /><STEAD ID="74166870" OBJECTID="86664935" OBJECTGUID="b17a3686-fcc9-4d97-9fe9-f407c41fe64e" CHANGEID="689638624" NUMBER="322" OPERTYPEID="42" PREVID="2119764" NEXTID="74166869" UPDATEDATE="2025-09-29" STARTDATE="2025-09-29" ENDDATE="2079-06-06" ISACTUAL="1" ISACTIVE="0" /><STEAD ID="74169262" OBJECTID="174920387" OBJECTGUID="41731371-5aa8-41cc-8dc2-236c732dab83" CHANGEID="689646766" NUMBER="92" OPERTYPEID="10" PREVID="0" NEXTID="0" UPDATEDATE="2025-09-29" STARTDATE="2025-09-29" ENDDATE="2079-06-06" ISACTUAL="1" ISACTIVE="1" /><STEAD ID="74169215" OBJECTID="174920263" OBJECTGUID="6dbaf1b5-ca35-493a-80d7-b55f7feece77" CHANGEID="689646571" NUMBER="10" OPERTYPEID="10" PREVID="0" NEXTID="0" UPDATEDATE="2025-09-29" STARTDATE="2025-09-29" ENDDATE="2079-06-06" ISACTUAL="1" ISACTIVE="1" /><STEAD ID="74169971" OBJECTID="174921999" OBJECTGUID="96b4863b-9aba-49bc-8237-79f59763078e" CHANGEID="689649383" NUMBER="16" OPERTYPEID="10" PREVID="0" NEXTID="0" UPDATEDATE="2025-09-29" STARTDATE="2025-09-29" ENDDATE="2079-06-06" ISACTUAL="1" ISACTIVE="1" /><STEAD ID="74171534" OBJECTID="174926153" OBJECTGUID="adeb23c6-0a15-4a0a-b51d-c3fea57e2dd2" CHANGEID="689655848" NUMBER="186" OPERTYPEID="10" PREVID="0" NEXTID="0" UPDATEDATE="2025-09-29" STARTDATE="2025-09-29" ENDDATE="2079-06-06" ISACTUAL="1" ISACTIVE="1" /><STEAD ID="74171564" OBJECTID="174926215" OBJECTGUID="f5721110-f873-44ed-83d9-29beee847c1e" CHANGEID="689655953" NUMBER="50/2" OPERTYPEID="10" PREVID="0" NEXTID="0" UPDATEDATE="2025-09-29" STARTDATE="2025-09-29" ENDDATE="2079-06-06" ISACTUAL="1" ISACTIVE="1" /><STEAD ID="74171528" OBJECTID="174926139" OBJECTGUID="e7ca35c5-acb2-48de-834f-ae90b1eab5fa" CHANGEID="689655825" NUMBER="266а/1" OPERTYPEID="10" PREVID="0" NEXTID="0" UPDATEDATE="2025-09-29" STARTDATE="2025-09-29" ENDDATE="2079-06-06" ISACTUAL="1" ISACTIVE="1" /><STEAD ID="74171529" OBJECTID="174926142" OBJECTGUID="90e842f4-04a2-4739-bc25-77d9815d16fe" CHANGEID="689655829" NUMBER="266а/2" OPERTYPEID="10" PREVID="0" NEXTID="0" UPDATEDATE="2025-09-29" STARTDATE="2025-09-29" ENDDATE="2079-06-06" ISACTUAL="1" ISACTIVE="1" /><STEAD ID="74171532" OBJECTID="174926151" OBJECTGUID="0eeb11a2-8f5d-43a9-95f2-d9e63815778c" CHANGEID="689655845" NUMBER="215" OPERTYPEID="10" PREVID="0" NEXTID="0" UPDATEDATE="2025-09-29" STARTDATE="2025-09-29" ENDDATE="2079-06-06" ISACTUAL="1" ISACTIVE="1" /><STEAD ID="74171537" OBJECTID="174926157" OBJECTGUID="551cf28e-84d4-4504-a90f-065baeaeee6b" CHANGEID="689655857" NUMBER="14" OPERTYPEID="10" PREVID="0" NEXTID="0" UPDATEDATE="2025-09-29" STARTDATE="2025-09-29" ENDDATE="2079-06-06" ISACTUAL="1" ISACTIVE="1" /><STEAD ID="74171543" OBJECTID="174926171" OBJECTGUID="a3e39449-84c4-4bbc-ad74-eb188d7d9175" CHANGEID="689655883" NUMBER="50/3" OPERTYPEID="10" PREVID="0" NEXTID="0" UPDATEDATE="2025-09-29" STARTDATE="2025-09-29" ENDDATE="2079-06-06" ISACTUAL="1" ISACTIVE="1" /><STEAD ID="74171569" OBJECTID="174926225" OBJECTGUID="2624a1fd-3b39-4c54-9866-9463947629a2" CHANGEID="689655974" NUMBER="50/1" OPERTYPEID="10" PREVID="0" NEXTID="0" UPDATEDATE="2025-09-29" STARTDATE="2025-09-29" ENDDATE="2079-06-06" ISACTUAL="1" ISACTIVE="1" /><STEAD ID="74174477" OBJECTID="174932516" OBJECTGUID="18859693-048e-44f0-b1ad-6f10afb0f5e7" CHANGEID="689673325" NUMBER="13" OPERTYPEID="10" PREVID="0" NEXTID="0" UPDATEDATE="2025-09-29" STARTDATE="2025-09-29" ENDDATE="2079-06-06" ISACTUAL="1" ISACTIVE="1" /><STEAD ID="74174899" OBJECTID="174933456" OBJECTGUID="f3ddf7dc-d845-47ff-aed2-a144a54185f8" CHANGEID="689674952" NUMBER="10а" OPERTYPEID="10" PREVID="0" NEXTID="0" UPDATEDATE="2025-09-29" STARTDATE="2025-09-29" ENDDATE="2079-06-06" ISACTUAL="1" ISACTIVE="1" /><STEAD ID="74174876" OBJECTID="174933433" OBJECTGUID="487d99d2-3e6b-43b0-b415-e5d68f995604" CHANGEID="689674917" NUMBER="29/1" OPERTYPEID="10" PREVID="0" NEXTID="0" UPDATEDATE="2025-09-29" STARTDATE="2025-09-29" ENDDATE="2079-06-06" ISACTUAL="1" ISACTIVE="1" /><STEAD ID="74174944" OBJECTID="174933514" OBJECTGUID="0fb8b2a1-5321-4140-972e-ff33eb6ed8bb" CHANGEID="689675035" NUMBER="2а" OPERTYPEID="10" PREVID="0" NEXTID="0" UPDATEDATE="2025-09-29" STARTDATE="2025-09-29" ENDDATE="2079-06-06" ISACTUAL="1" ISACTIVE="1" /><STEAD ID="74175521" OBJECTID="174935095" OBJECTGUID="1d3c8fef-9b9e-4429-aa15-c3240ec91059" CHANGEID="689678989" NUMBER="98б" OPERTYPEID="10" PREVID="0" NEXTID="0" UPDATEDATE="2025-09-29" STARTDATE="2025-09-29" ENDDATE="2079-06-06" ISACTUAL="1" ISACTIVE="1" /><STEAD ID="74177652" OBJECTID="174940097" OBJECTGUID="c469f389-1fad-417a-82a6-5b1a4c835cef" CHANGEID="689690423" NUMBER="2А/39" OPERTYPEID="10" PREVID="0" NEXTID="0" UPDATEDATE="2025-09-29" STARTDATE="2025-09-29" ENDDATE="2079-06-06" ISACTUAL="1" ISACTIVE="1" /><STEAD ID="74177684" OBJECTID="174940146" OBJECTGUID="f2788644-b349-43d1-aa28-fa03aa0ca697" CHANGEID="689690531" NUMBER="2А/14" OPERTYPEID="10" PREVID="0" NEXTID="0" UPDATEDATE="2025-09-29" STARTDATE="2025-09-29" ENDDATE="2079-06-06" ISACTUAL="1" ISACTIVE="1" /><STEAD ID="74177868" OBJECTID="174940410" OBJECTGUID="2e1cbb34-08aa-4e13-b0e4-f991d537f76a" CHANGEID="689690907" NUMBER="2А/20" OPERTYPEID="10" PREVID="0" NEXTID="0" UPDATEDATE="2025-09-29" STARTDATE="2025-09-29" ENDDATE="2079-06-06" ISACTUAL="1" ISACTIVE="1" /><STEAD ID="74177836" OBJECTID="174940344" OBJECTGUID="40b4b751-28bf-4233-bd65-f3aa57e745f0" CHANGEID="689690812" NUMBER="1А/14" OPERTYPEID="10" PREVID="0" NEXTID="0" UPDATEDATE="2025-09-29" STARTDATE="2025-09-29" ENDDATE="2079-06-06" ISACTUAL="1" ISACTIVE="1" /><STEAD ID="74177954" OBJECTID="174940510" OBJECTGUID="26009c5e-112c-4f94-a344-bdd5d30e03e5" CHANGEID="689691049" NUMBER="4А/4" OPERTYPEID="10" PREVID="0" NEXTID="0" UPDATEDATE="2025-09-29" STARTDATE="2025-09-29" ENDDATE="2079-06-06" ISACTUAL="1" ISACTIVE="1" /><STEAD ID="74177983" OBJECTID="174940567" OBJECTGUID="09a2e15a-e8f0-4e6a-95c2-39533ccd0075" CHANGEID="689691216" NUMBER="4А/22" OPERTYPEID="10" PREVID="0" NEXTID="0" UPDATEDATE="2025-09-29" STARTDATE="2025-09-29" ENDDATE="2079-06-06" ISACTUAL="1" ISACTIVE="1" /><STEAD ID="74178009" OBJECTID="174940613" OBJECTGUID="75007efa-be13-42e7-95fc-a2f7efc1bb4b" CHANGEID="689691287" NUMBER="2А/34" OPERTYPEID="10" PREVID="0" NEXTID="0" UPDATEDATE="2025-09-29" STARTDATE="2025-09-29" ENDDATE="2079-06-06" ISACTUAL="1" ISACTIVE="1" /><STEAD ID="74178073" OBJECTID="174940688" OBJECTGUID="4cd7115f-a746-4cbe-96a4-82798d0d1a7a" CHANGEID="689691393" NUMBER="1А/30" OPERTYPEID="10" PREVID="0" NEXTID="0" UPDATEDATE="2025-09-29" STARTDATE="2025-09-29" ENDDATE="2079-06-06" ISACTUAL="1" ISACTIVE="1" /><STEAD ID="74178198" OBJECTID="174940856" OBJECTGUID="bd5eb396-a0cc-4b25-a480-ecf6020cbe7b" CHANGEID="689691726" NUMBER="9" OPERTYPEID="10" PREVID="0" NEXTID="0" UPDATEDATE="2025-09-29" STARTDATE="2025-09-29" ENDDATE="2079-06-06" ISACTUAL="1" ISACTIVE="1" /><STEAD ID="74178149" OBJECTID="174940772" OBJECTGUID="1e35dcde-2013-438b-985a-dd5fed4ac424" CHANGEID="689691588" NUMBER="2А/10" OPERTYPEID="10" PREVID="0" NEXTID="0" UPDATEDATE="2025-09-29" STARTDATE="2025-09-29" ENDDATE="2079-06-06" ISACTUAL="1" ISACTIVE="1" /><STEAD ID="74178281" OBJECTID="174941049" OBJECTGUID="3f3e0663-b9da-418f-894e-58c7e492f433" CHANGEID="689692072" NUMBER="3А/6" OPERTYPEID="10" PREVID="0" NEXTID="0" UPDATEDATE="2025-09-29" STARTDATE="2025-09-29" ENDDATE="2079-06-06" ISACTUAL="1" ISACTIVE="1" /><STEAD ID="74178468" OBJECTID="174941301" OBJECTGUID="92c75024-ee02-4c01-88bd-0a239f0c0f3c" CHANGEID="689692697" NUMBER="4А/35" OPERTYPEID="10" PREVID="0" NEXTID="0" UPDATEDATE="2025-09-29" STARTDATE="2025-09-29" ENDDATE="2079-06-06" ISACTUAL="1" ISACTIVE="1" /><STEAD ID="74178430" OBJECTID="174941224" OBJECTGUID="db1d4f64-3766-49da-994e-b65766fce47a" CHANGEID="689692488" NUMBER="3А/5" OPERTYPEID="10" PREVID="0" NEXTID="0" UPDATEDATE="2025-09-29" STARTDATE="2025-09-29" ENDDATE="2079-06-06" ISACTUAL="1" ISACTIVE="1" /><STEAD ID="74178452" OBJECTID="174941263" OBJECTGUID="78e861ba-ba4c-4099-bc9f-7819d5c89414" CHANGEID="689692606" NUMBER="3А/41" OPERTYPEID="10" PREVID="0" NEXTID="0" UPDATEDATE="2025-09-29" STARTDATE="2025-09-29" ENDDATE="2079-06-06" ISACTUAL="1" ISACTIVE="1" /><STEAD ID="74178753" OBJECTID="174941878" OBJECTGUID="e920b851-7d45-427f-81c7-c685a6c72328" CHANGEID="689693931" NUMBER="3А/27" OPERTYPEID="10" PREVID="0" NEXTID="0" UPDATEDATE="2025-09-29" STARTDATE="2025-09-29" ENDDATE="2079-06-06" ISACTUAL="1" ISACTIVE="1" /><STEAD ID="74178896" OBJECTID="174942096" OBJECTGUID="6fd6350b-e7db-43eb-8a94-100ee2fad848" CHANGEID="689694250" NUMBER="2А/22" OPERTYPEID="10" PREVID="0" NEXTID="0" UPDATEDATE="2025-09-29" STARTDATE="2025-09-29" ENDDATE="2079-06-06" ISACTUAL="1" ISACTIVE="1" /><STEAD ID="74178960" OBJECTID="174942244" OBJECTGUID="725aa791-ad2b-4418-848e-9c2c8d82d399" CHANGEID="689694485" NUMBER="1А/13" OPERTYPEID="10" PREVID="0" NEXTID="0" UPDATEDATE="2025-09-29" STARTDATE="2025-09-29" ENDDATE="2079-06-06" ISACTUAL="1" ISACTIVE="1" /><STEAD ID="74179084" OBJECTID="174942499" OBJECTGUID="586a7497-1939-4e69-aea3-311adc7a174c" CHANGEID="689694962" NUMBER="6а" OPERTYPEID="10" PREVID="0" NEXTID="0" UPDATEDATE="2025-09-29" STARTDATE="2025-09-29" ENDDATE="2079-06-06" ISACTUAL="1" ISACTIVE="1" /><STEAD ID="74179163" OBJECTID="90201047" OBJECTGUID="72d72c2d-0329-4b8c-9604-2a8fb2a48a31" CHANGEID="689695105" NUMBER="20а" OPERTYPEID="20" PREVID="5665477" UPDATEDATE="2025-09-29" STARTDATE="2025-09-29" ENDDATE="2079-06-06" ISACTUAL="1" ISACTIVE="1" /><STEAD ID="74179198" OBJECTID="174942630" OBJECTGUID="2eb247f2-cde6-4609-b5ea-a32c36a47f09" CHANGEID="689695160" NUMBER="2А/12" OPERTYPEID="10" PREVID="0" NEXTID="0" UPDATEDATE="2025-09-29" STARTDATE="2025-09-29" ENDDATE="2079-06-06" ISACTUAL="1" ISACTIVE="1" /><STEAD ID="74179445" OBJECTID="174942994" OBJECTGUID="2e8bbe08-b254-4673-9f13-778a638f77b4" CHANGEID="689695781" NUMBER="2А/24" OPERTYPEID="10" PREVID="0" NEXTID="0" UPDATEDATE="2025-09-29" STARTDATE="2025-09-29" ENDDATE="2079-06-06" ISACTUAL="1" ISACTIVE="1" /><STEAD ID="74179504" OBJECTID="174943086" OBJECTGUID="6b6dc7d5-18c5-46eb-bbe2-e6cd783d5bdc" CHANGEID="689695913" NUMBER="1А/40" OPERTYPEID="10" PREVID="0" NEXTID="0" UPDATEDATE="2025-09-29" STARTDATE="2025-09-29" ENDDATE="2079-06-06" ISACTUAL="1" ISACTIVE="1" /><STEAD ID="74179494" OBJECTID="174943062" OBJECTGUID="7c19104a-ae1e-4bc6-967a-152cf5468a7b" CHANGEID="689695881" NUMBER="2А/5" OPERTYPEID="10" PREVID="0" NEXTID="0" UPDATEDATE="2025-09-29" STARTDATE="2025-09-29" ENDDATE="2079-06-06" ISACTUAL="1" ISACTIVE="1" /><STEAD ID="74179500" OBJECTID="174943075" OBJECTGUID="b5572dfc-4530-40dc-9d6c-71939f3aaaa5" CHANGEID="689695899" NUMBER="9" OPERTYPEID="10" PREVID="0" NEXTID="0" UPDATEDATE="2025-09-29" STARTDATE="2025-09-29" ENDDATE="2079-06-06" ISACTUAL="1" ISACTIVE="1" /><STEAD ID="74179559" OBJECTID="174943160" OBJECTGUID="c9fba857-7b69-42cb-894d-c31fc79a6854" CHANGEID="689696036" NUMBER="6А/5" OPERTYPEID="10" PREVID="0" NEXTID="0" UPDATEDATE="2025-09-29" STARTDATE="2025-09-29" ENDDATE="2079-06-06" ISACTUAL="1" ISACTIVE="1" /><STEAD ID="74179618" OBJECTID="174943231" OBJECTGUID="85c13e48-1ab9-4729-9909-602d4caa2649" CHANGEID="689696138" NUMBER="6А/6" OPERTYPEID="10" PREVID="0" NEXTID="0" UPDATEDATE="2025-09-29" STARTDATE="2025-09-29" ENDDATE="2079-06-06" ISACTUAL="1" ISACTIVE="1" /><STEAD ID="74179650" OBJECTID="174943268" OBJECTGUID="f97fc301-7090-4297-b713-30db356dd885" CHANGEID="689696188" NUMBER="6А/1" OPERTYPEID="10" PREVID="0" NEXTID="0" UPDATEDATE="2025-09-29" STARTDATE="2025-09-29" ENDDATE="2079-06-06" ISACTUAL="1" ISACTIVE="1" /><STEAD ID="74179659" OBJECTID="174943290" OBJECTGUID="bf5fb779-09ec-4def-8ef5-ddff93ed387e" CHANGEID="689696364" NUMBER="6А/7" OPERTYPEID="10" PREVID="0" NEXTID="0" UPDATEDATE="2025-09-29" STARTDATE="2025-09-29" ENDDATE="2079-06-06" ISACTUAL="1" ISACTIVE="1" /><STEAD ID="74179676" OBJECTID="174943438" OBJECTGUID="52515cf3-ed8d-49c3-96e0-820699eef4db" CHANGEID="689696536" NUMBER="10" OPERTYPEID="10" PREVID="0" NEXTID="0" UPDATEDATE="2025-09-29" STARTDATE="2025-09-29" ENDDATE="2079-06-06" ISACTUAL="1" ISACTIVE="1" /><STEAD ID="74179696" OBJECTID="174943465" OBJECTGUID="52024c4c-7a92-4bc9-957a-5a914bd16cb6" CHANGEID="689696631" NUMBER="6А/2" OPERTYPEID="10" PREVID="0" NEXTID="0" UPDATEDATE="2025-09-29" STARTDATE="2025-09-29" ENDDATE="2079-06-06" ISACTUAL="1" ISACTIVE="1" /><STEAD ID="74179733" OBJECTID="174943579" OBJECTGUID="76a42f70-dd7a-4ae2-bd68-c5d073c6039c" CHANGEID="689696791" NUMBER="24" OPERTYPEID="10" PREVID="0" NEXTID="0" UPDATEDATE="2025-09-29" STARTDATE="2025-09-29" ENDDATE="2079-06-06" ISACTUAL="1" ISACTIVE="1" /><STEAD ID="74179807" OBJECTID="174943688" OBJECTGUID="84a2bca9-50ca-49f2-bf42-66b372f3ee39" CHANGEID="689696996" NUMBER="2А/13" OPERTYPEID="10" PREVID="0" NEXTID="0" UPDATEDATE="2025-09-29" STARTDATE="2025-09-29" ENDDATE="2079-06-06" ISACTUAL="1" ISACTIVE="1" /><STEAD ID="74179719" OBJECTID="174943504" OBJECTGUID="b2b55a57-03a0-44db-93d5-4665fea01e30" CHANGEID="689696697" NUMBER="1А/10" OPERTYPEID="10" PREVID="0" NEXTID="0" UPDATEDATE="2025-09-29" STARTDATE="2025-09-29" ENDDATE="2079-06-06" ISACTUAL="1" ISACTIVE="1" /><STEAD ID="74179740" OBJECTID="174943586" OBJECTGUID="5dbf745f-4a5c-4461-9a4d-b4c5be767c7a" CHANGEID="689696801" NUMBER="1А/29" OPERTYPEID="10" PREVID="0" NEXTID="0" UPDATEDATE="2025-09-29" STARTDATE="2025-09-29" ENDDATE="2079-06-06" ISACTUAL="1" ISACTIVE="1" /><STEAD ID="74179772" OBJECTID="174943640" OBJECTGUID="6ef083f3-37d5-4905-8972-d116329a7f80" CHANGEID="689696903" NUMBER="1А/6" OPERTYPEID="10" PREVID="0" NEXTID="0" UPDATEDATE="2025-09-29" STARTDATE="2025-09-29" ENDDATE="2079-06-06" ISACTUAL="1" ISACTIVE="1" /><STEAD ID="74183592" OBJECTID="174950436" OBJECTGUID="56199666-b1d3-4cdd-9e91-41ecb19a9941" CHANGEID="689710961" NUMBER="2А/23" OPERTYPEID="10" PREVID="0" NEXTID="0" UPDATEDATE="2025-09-30" STARTDATE="2025-09-30" ENDDATE="2079-06-06" ISACTUAL="1" ISACTIVE="1" /><STEAD ID="74183600" OBJECTID="174950497" OBJECTGUID="03238306-83d3-48c2-9c0d-9d65f69e3d51" CHANGEID="689711042" NUMBER="4А/29" OPERTYPEID="10" PREVID="0" NEXTID="0" UPDATEDATE="2025-09-30" STARTDATE="2025-09-30" ENDDATE="2079-06-06" ISACTUAL="1" ISACTIVE="1" /><STEAD ID="74183604" OBJECTID="174950505" OBJECTGUID="bd4b8301-eef6-4b5b-bc26-b8d98eab1d45" CHANGEID="689711050" NUMBER="1А/46" OPERTYPEID="10" PREVID="0" NEXTID="0" UPDATEDATE="2025-09-30" STARTDATE="2025-09-30" ENDDATE="2079-06-06" ISACTUAL="1" ISACTIVE="1" /><STEAD ID="74183606" OBJECTID="174950516" OBJECTGUID="51cee1b1-6c81-4325-8221-3d69f9762971" CHANGEID="689711061" NUMBER="1А/47" OPERTYPEID="10" PREVID="0" NEXTID="0" UPDATEDATE="2025-09-30" STARTDATE="2025-09-30" ENDDATE="2079-06-06" ISACTUAL="1" ISACTIVE="1" /><STEAD ID="74183607" OBJECTID="174950520" OBJECTGUID="2d4ae40f-3b78-474f-a1a7-6c9607e531bf" CHANGEID="689711065" NUMBER="1А/48" OPERTYPEID="10" PREVID="0" NEXTID="0" UPDATEDATE="2025-09-30" STARTDATE="2025-09-30" ENDDATE="2079-06-06" ISACTUAL="1" ISACTIVE="1" /><STEAD ID="74183646" OBJECTID="174950584" OBJECTGUID="e46dd0f2-764f-49c7-8623-ccc66c1d99a1" CHANGEID="689711143" NUMBER="3А/8" OPERTYPEID="10" PREVID="0" NEXTID="0" UPDATEDATE="2025-09-30" STARTDATE="2025-09-30" ENDDATE="2079-06-06" ISACTUAL="1" ISACTIVE="1" /><STEAD ID="74183675" OBJECTID="174950618" OBJECTGUID="7523e285-8cca-4e60-a657-40812242beff" CHANGEID="689711184" NUMBER="1А/20" OPERTYPEID="10" PREVID="0" NEXTID="0" UPDATEDATE="2025-09-30" STARTDATE="2025-09-30" ENDDATE="2079-06-06" ISACTUAL="1" ISACTIVE="1" /><STEAD ID="74183676" OBJECTID="174950622" OBJECTGUID="ad197154-561b-400b-892a-2991e342535e" CHANGEID="689711188" NUMBER="4А/14" OPERTYPEID="10" PREVID="0" NEXTID="0" UPDATEDATE="2025-09-30" STARTDATE="2025-09-30" ENDDATE="2079-06-06" ISACTUAL="1" ISACTIVE="1" /><STEAD ID="74183616" OBJECTID="174950530" OBJECTGUID="daa860b3-c8a1-43b0-8375-1fb75153ac11" CHANGEID="689711077" NUMBER="2А/33" OPERTYPEID="10" PREVID="0" NEXTID="0" UPDATEDATE="2025-09-30" STARTDATE="2025-09-30" ENDDATE="2079-06-06" ISACTUAL="1" ISACTIVE="1" /><STEAD ID="74183642" OBJECTID="174950575" OBJECTGUID="9ed4a9df-2df9-4415-b9fc-9cb60729390b" CHANGEID="689711124" NUMBER="2А/37" OPERTYPEID="10" PREVID="0" NEXTID="0" UPDATEDATE="2025-09-30" STARTDATE="2025-09-30" ENDDATE="2079-06-06" ISACTUAL="1" ISACTIVE="1" /><STEAD ID="74183644" OBJECTID="174950579" OBJECTGUID="2a88829d-2690-4e69-97e5-9c60a3526f98" CHANGEID="689711130" NUMBER="5А/3" OPERTYPEID="10" PREVID="0" NEXTID="0" UPDATEDATE="2025-09-30" STARTDATE="2025-09-30" ENDDATE="2079-06-06" ISACTUAL="1" ISACTIVE="1" /><STEAD ID="74183647" OBJECTID="174950586" OBJECTGUID="afe583ac-a6bd-4e23-b730-72e300220280" CHANGEID="689711146" NUMBER="2А/35" OPERTYPEID="10" PREVID="0" NEXTID="0" UPDATEDATE="2025-09-30" STARTDATE="2025-09-30" ENDDATE="2079-06-06" ISACTUAL="1" ISACTIVE="1" /><STEAD ID="74185038" OBJECTID="174952437" OBJECTGUID="34d18a49-46f1-4054-ae67-259b6f4436bc" CHANGEID="689717340" NUMBER="65/3" OPERTYPEID="10" PREVID="0" NEXTID="0" UPDATEDATE="2025-09-30" STARTDATE="2025-09-30" ENDDATE="2079-06-06" ISACTUAL="1" ISACTIVE="1" /><STEAD ID="74185053" OBJECTID="174952452" OBJECTGUID="f20762a2-f2f6-4896-9fdb-1cdedc4ecb20" CHANGEID="689717357" NUMBER="28б" OPERTYPEID="10" PREVID="0" NEXTID="0" UPDATEDATE="2025-09-30" STARTDATE="2025-09-30" ENDDATE="2079-06-06" ISACTUAL="1" ISACTIVE="1" /><STEAD ID="74185389" OBJECTID="92730630" OBJECTGUID="65a74afa-e9bf-4e97-8bae-a6aa34a4f07b" CHANGEID="689718475" NUMBER="13/090602/9" OPERTYPEID="50" PREVID="8196916" UPDATEDATE="2025-09-30" STARTDATE="2025-09-30" ENDDATE="2079-06-06" ISACTUAL="1" ISACTIVE="1" /><STEAD ID="74188732" OBJECTID="174958479" OBJECTGUID="57e2ed53-33b1-4ea8-95b4-21e42f5787ab" CHANGEID="689731608" NUMBER="48А" OPERTYPEID="10" PREVID="0" NEXTID="0" UPDATEDATE="2025-09-30" STARTDATE="2025-09-30" ENDDATE="2079-06-06" ISACTUAL="1" ISACTIVE="1" /><STEAD ID="74191011" OBJECTID="174961924" OBJECTGUID="6a6f26ce-2dfd-4c23-acc5-9c4e0356cd88" CHANGEID="689739127" NUMBER="30д" OPERTYPEID="10" PREVID="0" NEXTID="0" UPDATEDATE="2025-09-30" STARTDATE="2025-09-30" ENDDATE="2079-06-06" ISACTUAL="1" ISACTIVE="1" /><STEAD ID="74191242" OBJECTID="174962228" OBJECTGUID="186be314-b4d0-4ca0-9a4c-a038d24b64d4" CHANGEID="689740336" NUMBER="31" OPERTYPEID="10" PREVID="0" NEXTID="0" UPDATEDATE="2025-09-30" STARTDATE="2025-09-30" ENDDATE="2079-06-06" ISACTUAL="1" ISACTIVE="1" /><STEAD ID="74192152" OBJECTID="174963621" OBJECTGUID="497f3e8b-6da3-4dd3-8bf3-2768cadbfd09" CHANGEID="689742781" NUMBER="77А" OPERTYPEID="10" PREVID="0" NEXTID="0" UPDATEDATE="2025-09-30" STARTDATE="2025-09-30" ENDDATE="2079-06-06" ISACTUAL="1" ISACTIVE="1" /><STEAD ID="74192266" OBJECTID="174963738" OBJECTGUID="4ad2fcc8-4f6b-4984-981e-f5db8714e327" CHANGEID="689742929" NUMBER="58Б" OPERTYPEID="10" PREVID="0" NEXTID="0" UPDATEDATE="2025-09-30" STARTDATE="2025-09-30" ENDDATE="2079-06-06" ISACTUAL="1" ISACTIVE="1" /><STEAD ID="74192329" OBJECTID="174963830" OBJECTGUID="21c38c9e-0f70-495d-8a68-bfc498f02166" CHANGEID="689743078" NUMBER="21" OPERTYPEID="10" PREVID="0" NEXTID="0" UPDATEDATE="2025-09-30" STARTDATE="2025-09-30" ENDDATE="2079-06-06" ISACTUAL="1" ISACTIVE="1" /><STEAD ID="74192345" OBJECTID="174963852" OBJECTGUID="9dd6f18e-c16a-4892-84d5-eda54ebf1615" CHANGEID="689743114" NUMBER="247/3" OPERTYPEID="10" PREVID="0" NEXTID="0" UPDATEDATE="2025-09-30" STARTDATE="2025-09-30" ENDDATE="2079-06-06" ISACTUAL="1" ISACTIVE="1" /><STEAD ID="74192306" OBJECTID="174963792" OBJECTGUID="80253c8e-835f-44ba-bc67-e8b23e559306" CHANGEID="689743021" NUMBER="21А" OPERTYPEID="10" PREVID="0" NEXTID="0" UPDATEDATE="2025-09-30" STARTDATE="2025-09-30" ENDDATE="2079-06-06" ISACTUAL="1" ISACTIVE="1" /><STEAD ID="74192410" OBJECTID="174964117" OBJECTGUID="ad5c2b1d-d921-4fa2-b95f-6a1f184b9826" CHANGEID="689743466" NUMBER="27" OPERTYPEID="10" PREVID="0" NEXTID="0" UPDATEDATE="2025-09-30" STARTDATE="2025-09-30" ENDDATE="2079-06-06" ISACTUAL="1" ISACTIVE="1" /><STEAD ID="3471567" OBJECTID="88011659" OBJECTGUID="27933010-fa8e-4ff0-9c22-0c3a37249dea" CHANGEID="130228464" NUMBER="1/2" OPERTYPEID="10" NEXTID="74192496" UPDATEDATE="2025-09-30" STARTDATE="2018-01-24" ENDDATE="2025-09-30" ISACTUAL="0" ISACTIVE="0" /><STEAD ID="74192496" OBJECTID="88011659" OBJECTGUID="27933010-fa8e-4ff0-9c22-0c3a37249dea" CHANGEID="689743668" NUMBER="1/1" OPERTYPEID="20" PREVID="3471567" UPDATEDATE="2025-09-30" STARTDATE="2025-09-30" ENDDATE="2079-06-06" ISACTUAL="1" ISACTIVE="1" /><STEAD ID="997271" OBJECTID="85547558" OBJECTGUID="80d119b7-89e8-42a7-9e21-a450d6acbdac" CHANGEID="127012809" NUMBER="25а" OPERTYPEID="10" NEXTID="74192577" UPDATEDATE="2025-09-30" STARTDATE="2019-02-12" ENDDATE="2025-09-30" ISACTUAL="0" ISACTIVE="0" /><STEAD ID="74192577" OBJECTID="85547558" OBJECTGUID="80d119b7-89e8-42a7-9e21-a450d6acbdac" CHANGEID="689743878" NUMBER="25А" OPERTYPEID="20" PREVID="997271" UPDATEDATE="2025-09-30" STARTDATE="2025-09-30" ENDDATE="2079-06-06" ISACTUAL="1" ISACTIVE="1" /><STEAD ID="74192584" OBJECTID="85232410" OBJECTGUID="1cf324d7-1277-4c9f-948f-6ca3d8b08df5" CHANGEID="689743899" NUMBER="2А" OPERTYPEID="20" PREVID="680435" UPDATEDATE="2025-09-30" STARTDATE="2025-09-30" ENDDATE="2079-06-06" ISACTUAL="1" ISACTIVE="1" /><STEAD ID="74192587" OBJECTID="92962927" OBJECTGUID="c5482700-2eef-45e4-b640-6794a5fbb74a" CHANGEID="689743905" NUMBER="25В" OPERTYPEID="20" PREVID="8429365" UPDATEDATE="2025-09-30" STARTDATE="2025-09-30" ENDDATE="2079-06-06" ISACTUAL="1" ISACTIVE="1" /><STEAD ID="74192845" OBJECTID="92583447" OBJECTGUID="e8f25059-acb9-45bc-a273-c0711f197b03" CHANGEID="689744800" NUMBER="14А" OPERTYPEID="20" PREVID="8049729" UPDATEDATE="2025-09-30" STARTDATE="2025-09-30" ENDDATE="2079-06-06" ISACTUAL="1" ISACTIVE="1" /><STEAD ID="887567" OBJECTID="85438411" OBJECTGUID="8ad31925-da15-4dfc-9e63-88d45f4ff92b" CHANGEID="126859025" NUMBER="34а" OPERTYPEID="10" NEXTID="74192854" UPDATEDATE="2025-09-30" STARTDATE="2019-02-12" ENDDATE="2025-09-30" ISACTUAL="0" ISACTIVE="0" /><STEAD ID="74192854" OBJECTID="85438411" OBJECTGUID="8ad31925-da15-4dfc-9e63-88d45f4ff92b" CHANGEID="689744821" NUMBER="34А" OPERTYPEID="20" PREVID="887567" UPDATEDATE="2025-09-30" STARTDATE="2025-09-30" ENDDATE="2079-06-06" ISACTUAL="1" ISACTIVE="1" /><STEAD ID="96558" OBJECTID="84652003" OBJECTGUID="48d06374-0e42-4b03-9df3-5ec8239cf65e" CHANGEID="125690899" NUMBER="20в" OPERTYPEID="10" NEXTID="74192868" UPDATEDATE="2025-09-30" STARTDATE="2019-02-26" ENDDATE="2025-09-30" ISACTUAL="0" ISACTIVE="0" /><STEAD ID="74192868" OBJECTID="84652003" OBJECTGUID="48d06374-0e42-4b03-9df3-5ec8239cf65e" CHANGEID="689744851" NUMBER="20В" OPERTYPEID="20" PREVID="96558" UPDATEDATE="2025-09-30" STARTDATE="2025-09-30" ENDDATE="2079-06-06" ISACTUAL="1" ISACTIVE="1" /><STEAD ID="3913973" OBJECTID="88452760" OBJECTGUID="c1981bc1-3b94-42ce-8721-edf617831751" CHANGEID="130762220" NUMBER="20г" OPERTYPEID="10" NEXTID="74192884" UPDATEDATE="2025-09-30" STARTDATE="2019-02-26" ENDDATE="2025-09-30" ISACTUAL="0" ISACTIVE="0" /><STEAD ID="74192884" OBJECTID="88452760" OBJECTGUID="c1981bc1-3b94-42ce-8721-edf617831751" CHANGEID="689744912" NUMBER="20Г" OPERTYPEID="20" PREVID="3913973" UPDATEDATE="2025-09-30" STARTDATE="2025-09-30" ENDDATE="2079-06-06" ISACTUAL="1" ISACTIVE="1" /><STEAD ID="1702700" OBJECTID="86249526" OBJECTGUID="17559d8d-aea3-4de7-8f3c-ffffe77a1863" CHANGEID="127970378" NUMBER="20е" OPERTYPEID="10" NEXTID="74192893" UPDATEDATE="2025-09-30" STARTDATE="2019-02-26" ENDDATE="2025-09-30" ISACTUAL="0" ISACTIVE="0" /><STEAD ID="74192893" OBJECTID="86249526" OBJECTGUID="17559d8d-aea3-4de7-8f3c-ffffe77a1863" CHANGEID="689744959" NUMBER="20Е" OPERTYPEID="20" PREVID="1702700" UPDATEDATE="2025-09-30" STARTDATE="2025-09-30" ENDDATE="2079-06-06" ISACTUAL="1" ISACTIVE="1" /><STEAD ID="74192895" OBJECTID="174964668" OBJECTGUID="49f1e73f-9a91-4593-b499-0a1a0a18cc40" CHANGEID="689744965" NUMBER="17Л" OPERTYPEID="10" PREVID="0" NEXTID="0" UPDATEDATE="2025-09-30" STARTDATE="2025-09-30" ENDDATE="2079-06-06" ISACTUAL="1" ISACTIVE="1" /><STEAD ID="74192933" OBJECTID="88137232" OBJECTGUID="c55839cc-8264-49ae-b8b9-8a0888ca249c" CHANGEID="689745036" NUMBER="8А" OPERTYPEID="20" PREVID="3597533" UPDATEDATE="2025-09-30" STARTDATE="2025-09-30" ENDDATE="2079-06-06" ISACTUAL="1" ISACTIVE="1" /><STEAD ID="74192830" OBJECTID="87150284" OBJECTGUID="d7d75860-5157-4878-a6a3-33d27759dc72" CHANGEID="689744767" NUMBER="27Б" OPERTYPEID="20" PREVID="2607174" UPDATEDATE="2025-09-30" STARTDATE="2025-09-30" ENDDATE="2079-06-06" ISACTUAL="1" ISACTIVE="1" /><STEAD ID="74193035" OBJECTID="88874484" OBJECTGUID="e6a81fc6-40c6-4719-94a0-f315d1c3394f" CHANGEID="689745292" NUMBER="16А" OPERTYPEID="20" PREVID="4336695" UPDATEDATE="2025-09-30" STARTDATE="2025-09-30" ENDDATE="2079-06-06" ISACTUAL="1" ISACTIVE="1" /><STEAD ID="1051028" OBJECTID="85601083" OBJECTGUID="d16b9e15-f7ce-4a6c-94fd-6a4aa125f462" CHANGEID="127087155" NUMBER="60а" OPERTYPEID="10" NEXTID="74193023" UPDATEDATE="2025-09-30" STARTDATE="2019-02-12" ENDDATE="2025-09-30" ISACTUAL="0" ISACTIVE="0" /><STEAD ID="74193023" OBJECTID="85601083" OBJECTGUID="d16b9e15-f7ce-4a6c-94fd-6a4aa125f462" CHANGEID="689745262" NUMBER="60А" OPERTYPEID="20" PREVID="1051028" UPDATEDATE="2025-09-30" STARTDATE="2025-09-30" ENDDATE="2079-06-06" ISACTUAL="1" ISACTIVE="1" /><STEAD ID="74193118" OBJECTID="85068044" OBJECTGUID="3489e577-5073-4353-bc3f-9d9d905a6949" CHANGEID="689746046" NUMBER="38" OPERTYPEID="40" PREVID="515252" UPDATEDATE="2025-09-30" STARTDATE="2025-09-30" ENDDATE="2079-06-06" ISACTUAL="1" ISACTIVE="1" /><STEAD ID="4863968" OBJECTID="89400640" OBJECTGUID="fc5538db-dcd6-481e-b3cd-10b1551eebb8" CHANGEID="131864878" NUMBER="24" OPERTYPEID="10" NEXTID="74193119" UPDATEDATE="2025-09-30" STARTDATE="2016-04-13" ENDDATE="2025-09-30" ISACTUAL="0" ISACTIVE="0" /><STEAD ID="74193119" OBJECTID="89400640" OBJECTGUID="fc5538db-dcd6-481e-b3cd-10b1551eebb8" CHANGEID="689746047" NUMBER="24" OPERTYPEID="42" PREVID="4863968" NEXTID="74193118" UPDATEDATE="2025-09-30" STARTDATE="2025-09-30" ENDDATE="2079-06-06" ISACTUAL="1" ISACTIVE="0" /><STEAD ID="74193506" OBJECTID="174966107" OBJECTGUID="462a72ca-7b7d-4809-971b-e22128b1f680" CHANGEID="689748420" NUMBER="8А" OPERTYPEID="10" PREVID="0" NEXTID="0" UPDATEDATE="2025-09-30" STARTDATE="2025-09-30" ENDDATE="2079-06-06" ISACTUAL="1" ISACTIVE="1" /><STEAD ID="74194347" OBJECTID="174967427" OBJECTGUID="6c624773-63c5-4c69-9b43-4475bc7e3d95" CHANGEID="689752032" NUMBER="54/2" OPERTYPEID="10" PREVID="0" NEXTID="0" UPDATEDATE="2025-09-30" STARTDATE="2025-09-30" ENDDATE="2079-06-06" ISACTUAL="1" ISACTIVE="1" /><STEAD ID="74194532" OBJECTID="92836329" OBJECTGUID="727e391a-82bd-4494-a5cb-a6d702d61a70" CHANGEID="689752547" NUMBER="2А" OPERTYPEID="50" PREVID="8302758" UPDATEDATE="2025-09-30" STARTDATE="2025-09-30" ENDDATE="2079-06-06" ISACTUAL="1" ISACTIVE="1" /><STEAD ID="74195444" OBJECTID="174968894" OBJECTGUID="eb3ed253-90b4-4c00-9c53-371eb2f378d7" CHANGEID="689755424" NUMBER="334а" OPERTYPEID="10" PREVID="0" NEXTID="0" UPDATEDATE="2025-09-30" STARTDATE="2025-09-30" ENDDATE="2079-06-06" ISACTUAL="1" ISACTIVE="1" /><STEAD ID="74195470" OBJECTID="84952213" OBJECTGUID="ff7263f8-4f60-49ed-a1b5-611e526d0299" CHANGEID="689755467" NUMBER="21/7" OPERTYPEID="20" PREVID="398790" UPDATEDATE="2025-09-30" STARTDATE="2025-09-30" ENDDATE="2079-06-06" ISACTUAL="1" ISACTIVE="1" /><STEAD ID="74195749" OBJECTID="174969297" OBJECTGUID="b65d74ea-8a2e-4515-9ee8-b4d6df5eeb50" CHANGEID="689756214" NUMBER="89А/1" OPERTYPEID="10" PREVID="0" NEXTID="0" UPDATEDATE="2025-09-30" STARTDATE="2025-09-30" ENDDATE="2079-06-06" ISACTUAL="1" ISACTIVE="1" /><STEAD ID="74195750" OBJECTID="174969298" OBJECTGUID="38b99e3a-53c7-4e4a-b6dc-688133c40478" CHANGEID="689756215" NUMBER="89А" OPERTYPEID="10" PREVID="0" NEXTID="0" UPDATEDATE="2025-09-30" STARTDATE="2025-09-30" ENDDATE="2079-06-06" ISACTUAL="1" ISACTIVE="1" /><STEAD ID="74195906" OBJECTID="174969484" OBJECTGUID="77b1e1a0-3665-4186-a54e-c9ce17d53bf6" CHANGEID="689756504" NUMBER="30/1" OPERTYPEID="10" PREVID="0" NEXTID="0" UPDATEDATE="2025-09-30" STARTDATE="2025-09-30" ENDDATE="2079-06-06" ISACTUAL="1" ISACTIVE="1" /><STEAD ID="74195907" OBJECTID="174969485" OBJECTGUID="82ff03f0-215b-41ad-89b0-50aa2c144598" CHANGEID="689756505" NUMBER="30" OPERTYPEID="10" PREVID="0" NEXTID="0" UPDATEDATE="2025-09-30" STARTDATE="2025-09-30" ENDDATE="2079-06-06" ISACTUAL="1" ISACTIVE="1" /><STEAD ID="74196146" OBJECTID="174969761" OBJECTGUID="2a867a2c-582c-4172-8811-73751ae2dae4" CHANGEID="689757092" NUMBER="10/58А" OPERTYPEID="10" PREVID="0" NEXTID="0" UPDATEDATE="2025-09-30" STARTDATE="2025-09-30" ENDDATE="2079-06-06" ISACTUAL="1" ISACTIVE="1" /><STEAD ID="74198310" OBJECTID="174974932" OBJECTGUID="67e07e04-2427-42e9-8d9e-569d0d5bbc16" CHANGEID="689786554" NUMBER="1/1" OPERTYPEID="10" PREVID="0" NEXTID="0" UPDATEDATE="2025-10-01" STARTDATE="2025-10-01" ENDDATE="2079-06-06" ISACTUAL="1" ISACTIVE="1" /><STEAD ID="74198311" OBJECTID="174974933" OBJECTGUID="f7a5a616-82c5-40a5-afd0-6a9504ba30b6" CHANGEID="689786555" NUMBER="1/2" OPERTYPEID="10" PREVID="0" NEXTID="0" UPDATEDATE="2025-10-01" STARTDATE="2025-10-01" ENDDATE="2079-06-06" ISACTUAL="1" ISACTIVE="1" /><STEAD ID="74198314" OBJECTID="86568026" OBJECTGUID="eb944513-c063-4dec-92ad-b9e23a9f396d" CHANGEID="689786590" NUMBER="37" OPERTYPEID="60" PREVID="2022501" UPDATEDATE="2025-10-01" STARTDATE="2025-10-01" ENDDATE="2079-06-06" ISACTUAL="1" ISACTIVE="0" /><STEAD ID="74198315" OBJECTID="174974939" OBJECTGUID="63cd32e3-c03d-4d54-81ae-62ec56935bb3" CHANGEID="689786591" NUMBER="37/1" OPERTYPEID="61" PREVID="74198314" NEXTID="0" UPDATEDATE="2025-10-01" STARTDATE="2025-10-01" ENDDATE="2079-06-06" ISACTUAL="1" ISACTIVE="1" /><STEAD ID="74198316" OBJECTID="174974940" OBJECTGUID="65cd3cce-b2f9-4fd9-bc45-8711b4a04466" CHANGEID="689786592" NUMBER="37" OPERTYPEID="61" PREVID="74198314" NEXTID="0" UPDATEDATE="2025-10-01" STARTDATE="2025-10-01" ENDDATE="2079-06-06" ISACTUAL="1" ISACTIVE="1" /><STEAD ID="74198319" OBJECTID="87984982" OBJECTGUID="d87bc870-5b97-4a7f-bdc7-50a917d105eb" CHANGEID="689786646" NUMBER="183а" OPERTYPEID="20" PREVID="3444814" UPDATEDATE="2025-10-01" STARTDATE="2025-10-01" ENDDATE="2079-06-06" ISACTUAL="1" ISACTIVE="1" /><STEAD ID="74198801" OBJECTID="174975614" OBJECTGUID="5647393c-385c-4c08-a9a6-92ac4b98be0d" CHANGEID="689788349" NUMBER="4/1" OPERTYPEID="10" PREVID="0" NEXTID="0" UPDATEDATE="2025-10-01" STARTDATE="2025-10-01" ENDDATE="2079-06-06" ISACTUAL="1" ISACTIVE="1" /><STEAD ID="74198813" OBJECTID="174975630" OBJECTGUID="6daaac9e-7e10-4d0c-ade6-52b3d063e127" CHANGEID="689788467" NUMBER="51" OPERTYPEID="10" PREVID="0" NEXTID="0" UPDATEDATE="2025-10-01" STARTDATE="2025-10-01" ENDDATE="2079-06-06" ISACTUAL="1" ISACTIVE="1" /><STEAD ID="74199703" OBJECTID="174977400" OBJECTGUID="b0a1e1a6-f1bb-4f5a-a126-c3f4de5aa1a8" CHANGEID="689791741" NUMBER="7" OPERTYPEID="10" PREVID="0" NEXTID="0" UPDATEDATE="2025-10-01" STARTDATE="2025-10-01" ENDDATE="2079-06-06" ISACTUAL="1" ISACTIVE="1" /><STEAD ID="74199704" OBJECTID="174977401" OBJECTGUID="8f95690b-8f8d-48af-9f24-3a24590de565" CHANGEID="689791742" NUMBER="5" OPERTYPEID="10" PREVID="0" NEXTID="0" UPDATEDATE="2025-10-01" STARTDATE="2025-10-01" ENDDATE="2079-06-06" ISACTUAL="1" ISACTIVE="1" /><STEAD ID="74199705" OBJECTID="174977402" OBJECTGUID="7a04aba8-61a1-4a93-a607-993f6bb81e9b" CHANGEID="689791743" NUMBER="3" OPERTYPEID="10" PREVID="0" NEXTID="0" UPDATEDATE="2025-10-01" STARTDATE="2025-10-01" ENDDATE="2079-06-06" ISACTUAL="1" ISACTIVE="1" /><STEAD ID="74199706" OBJECTID="174977403" OBJECTGUID="eb161ece-71de-4642-8d27-0ef2a3c1709e" CHANGEID="689791744" NUMBER="1" OPERTYPEID="10" PREVID="0" NEXTID="0" UPDATEDATE="2025-10-01" STARTDATE="2025-10-01" ENDDATE="2079-06-06" ISACTUAL="1" ISACTIVE="1" /><STEAD ID="74199707" OBJECTID="174977404" OBJECTGUID="2166faa0-0d00-4b69-8b94-d73f963f76ad" CHANGEID="689791748" NUMBER="16" OPERTYPEID="10" PREVID="0" NEXTID="0" UPDATEDATE="2025-10-01" STARTDATE="2025-10-01" ENDDATE="2079-06-06" ISACTUAL="1" ISACTIVE="1" /><STEAD ID="74199708" OBJECTID="174977405" OBJECTGUID="24bead51-8ec6-4022-9403-93c91e0dad12" CHANGEID="689791749" NUMBER="14" OPERTYPEID="10" PREVID="0" NEXTID="0" UPDATEDATE="2025-10-01" STARTDATE="2025-10-01" ENDDATE="2079-06-06" ISACTUAL="1" ISACTIVE="1" /><STEAD ID="74199709" OBJECTID="174977406" OBJECTGUID="1d2b72dd-3e21-498f-8c1c-66912bf2eb27" CHANGEID="689791750" NUMBER="12" OPERTYPEID="10" PREVID="0" NEXTID="0" UPDATEDATE="2025-10-01" STARTDATE="2025-10-01" ENDDATE="2079-06-06" ISACTUAL="1" ISACTIVE="1" /><STEAD ID="74199672" OBJECTID="89770153" OBJECTGUID="33a0c4a8-1983-42bc-93a1-46cc9762d18c" CHANGEID="689791687" NUMBER="84Л" OPERTYPEID="50" PREVID="5234024" UPDATEDATE="2025-10-01" STARTDATE="2025-10-01" ENDDATE="2079-06-06" ISACTUAL="1" ISACTIVE="1" /><STEAD ID="74199684" OBJECTID="86231013" OBJECTGUID="e5d5389e-1a70-4494-93da-d4e684e66e27" CHANGEID="689791710" NUMBER="10/13" OPERTYPEID="20" PREVID="1684031" UPDATEDATE="2025-10-01" STARTDATE="2025-10-01" ENDDATE="2079-06-06" ISACTUAL="1" ISACTIVE="1" /><STEAD ID="74199691" OBJECTID="93520141" OBJECTGUID="9013053f-cac4-4550-9b28-ddca8cdb581d" CHANGEID="689791724" NUMBER="129Б" OPERTYPEID="40" PREVID="8986793" UPDATEDATE="2025-10-01" STARTDATE="2025-10-01" ENDDATE="2079-06-06" ISACTUAL="1" ISACTIVE="1" /><STEAD ID="1200064" OBJECTID="85749368" OBJECTGUID="efbbda6c-2623-4329-b81b-a91bac4a334d" CHANGEID="127291919" NUMBER="129" OPERTYPEID="10" NEXTID="74199692" UPDATEDATE="2025-10-01" STARTDATE="2019-03-21" ENDDATE="2025-10-01" ISACTUAL="0" ISACTIVE="0" /><STEAD ID="74199692" OBJECTID="85749368" OBJECTGUID="efbbda6c-2623-4329-b81b-a91bac4a334d" CHANGEID="689791725" NUMBER="129" OPERTYPEID="42" PREVID="1200064" NEXTID="74199691" UPDATEDATE="2025-10-01" STARTDATE="2025-10-01" ENDDATE="2079-06-06" ISACTUAL="1" ISACTIVE="0" /><STEAD ID="74199710" OBJECTID="174977407" OBJECTGUID="f0a843a8-fbcd-4d51-9249-0aceb04f51ca" CHANGEID="689791751" NUMBER="40А" OPERTYPEID="10" PREVID="0" NEXTID="0" UPDATEDATE="2025-10-01" STARTDATE="2025-10-01" ENDDATE="2079-06-06" ISACTUAL="1" ISACTIVE="1" /><STEAD ID="74199711" OBJECTID="174977409" OBJECTGUID="2b1b4624-ea01-49d2-a416-6f4a1ff42f90" CHANGEID="689791755" NUMBER="7А" OPERTYPEID="10" PREVID="0" NEXTID="0" UPDATEDATE="2025-10-01" STARTDATE="2025-10-01" ENDDATE="2079-06-06" ISACTUAL="1" ISACTIVE="1" /><STEAD ID="74199739" OBJECTID="174977437" OBJECTGUID="5c1a8c69-11b6-4498-b638-54bb99b0ce90" CHANGEID="689791784" NUMBER="7Б" OPERTYPEID="10" PREVID="0" NEXTID="0" UPDATEDATE="2025-10-01" STARTDATE="2025-10-01" ENDDATE="2079-06-06" ISACTUAL="1" ISACTIVE="1" /><STEAD ID="74199751" OBJECTID="174977514" OBJECTGUID="a7780a22-2098-4030-8b90-9afcaddae848" CHANGEID="689791947" NUMBER="86А" OPERTYPEID="10" PREVID="0" NEXTID="0" UPDATEDATE="2025-10-01" STARTDATE="2025-10-01" ENDDATE="2079-06-06" ISACTUAL="1" ISACTIVE="1" /><STEAD ID="74199747" OBJECTID="174977445" OBJECTGUID="c5cf5d6e-eefe-4a23-b748-6ae8b11ed40d" CHANGEID="689791878" NUMBER="84Е" OPERTYPEID="10" PREVID="0" NEXTID="0" UPDATEDATE="2025-10-01" STARTDATE="2025-10-01" ENDDATE="2079-06-06" ISACTUAL="1" ISACTIVE="1" /><STEAD ID="74204387" OBJECTID="174985917" OBJECTGUID="7d9f0129-1923-441e-b698-94b36317578f" CHANGEID="689809410" NUMBER="58" OPERTYPEID="10" PREVID="0" NEXTID="0" UPDATEDATE="2025-10-01" STARTDATE="2025-10-01" ENDDATE="2079-06-06" ISACTUAL="1" ISACTIVE="1" /><STEAD ID="74204451" OBJECTID="174985991" OBJECTGUID="94bb87ab-435d-44a5-b7f8-a74e7c043484" CHANGEID="689809515" NUMBER="2" OPERTYPEID="10" PREVID="0" NEXTID="0" UPDATEDATE="2025-10-01" STARTDATE="2025-10-01" ENDDATE="2079-06-06" ISACTUAL="1" ISACTIVE="1" /><STEAD ID="74204377" OBJECTID="174985906" OBJECTGUID="21073b1c-d7ba-45a0-a385-3e9b93ba7e55" CHANGEID="689809347" NUMBER="18" OPERTYPEID="10" PREVID="0" NEXTID="0" UPDATEDATE="2025-10-01" STARTDATE="2025-10-01" ENDDATE="2079-06-06" ISACTUAL="1" ISACTIVE="1" /><STEAD ID="74204382" OBJECTID="164475327" OBJECTGUID="fb4e4353-baa4-428b-9be9-81025cae764d" CHANGEID="689809395" NUMBER="30" OPERTYPEID="60" PREVID="68374847" UPDATEDATE="2025-10-01" STARTDATE="2025-10-01" ENDDATE="2079-06-06" ISACTUAL="1" ISACTIVE="0" /><STEAD ID="74204383" OBJECTID="174985913" OBJECTGUID="1d4debc8-ddbd-4bd3-9f09-dd0274ae6ebb" CHANGEID="689809396" NUMBER="30а" OPERTYPEID="61" PREVID="74204382" NEXTID="0" UPDATEDATE="2025-10-01" STARTDATE="2025-10-01" ENDDATE="2079-06-06" ISACTUAL="1" ISACTIVE="1" /><STEAD ID="74204384" OBJECTID="174985914" OBJECTGUID="1907f0de-69b1-4e32-9857-154bb0864ba0" CHANGEID="689809397" NUMBER="30" OPERTYPEID="61" PREVID="74204382" NEXTID="0" UPDATEDATE="2025-10-01" STARTDATE="2025-10-01" ENDDATE="2079-06-06" ISACTUAL="1" ISACTIVE="1" /><STEAD ID="74204386" OBJECTID="174985916" OBJECTGUID="fdb0b057-7f9e-4afe-8c0a-bf93f2a2529e" CHANGEID="689809403" NUMBER="18а" OPERTYPEID="10" PREVID="0" NEXTID="0" UPDATEDATE="2025-10-01" STARTDATE="2025-10-01" ENDDATE="2079-06-06" ISACTUAL="1" ISACTIVE="1" /><STEAD ID="74204443" OBJECTID="174985975" OBJECTGUID="d9b810ee-dda5-4d0d-853c-4c5dc9e8528f" CHANGEID="689809483" NUMBER="58" OPERTYPEID="10" PREVID="0" NEXTID="0" UPDATEDATE="2025-10-01" STARTDATE="2025-10-01" ENDDATE="2079-06-06" ISACTUAL="1" ISACTIVE="1" /><STEAD ID="74204458" OBJECTID="174986000" OBJECTGUID="5ae0a256-29c3-40c2-9c6f-c68effae465d" CHANGEID="689809528" NUMBER="181/3" OPERTYPEID="10" PREVID="0" NEXTID="0" UPDATEDATE="2025-10-01" STARTDATE="2025-10-01" ENDDATE="2079-06-06" ISACTUAL="1" ISACTIVE="1" /><STEAD ID="74204459" OBJECTID="174986002" OBJECTGUID="af5af143-ae0d-422a-ad19-3813280424b5" CHANGEID="689809530" NUMBER="1" OPERTYPEID="10" PREVID="0" NEXTID="0" UPDATEDATE="2025-10-01" STARTDATE="2025-10-01" ENDDATE="2079-06-06" ISACTUAL="1" ISACTIVE="1" /><STEAD ID="74204457" OBJECTID="94835824" OBJECTGUID="5b96ae90-d185-445c-ae3d-2f4cd1ca639b" CHANGEID="689809527" NUMBER="17" OPERTYPEID="30" PREVID="10302757" NEXTID="0" UPDATEDATE="2025-10-01" STARTDATE="2025-10-01" ENDDATE="2079-06-06" ISACTUAL="1" ISACTIVE="0" /><STEAD ID="2374863" OBJECTID="86918815" OBJECTGUID="fb3d2761-6722-4436-90df-6f950b5aa9a1" CHANGEID="128851019" NUMBER="50" OPERTYPEID="10" NEXTID="74204984" UPDATEDATE="2025-10-01" STARTDATE="2019-03-17" ENDDATE="2025-10-01" ISACTUAL="0" ISACTIVE="0" /><STEAD ID="74204984" OBJECTID="86918815" OBJECTGUID="fb3d2761-6722-4436-90df-6f950b5aa9a1" CHANGEID="689810816" NUMBER="50/1" OPERTYPEID="20" PREVID="2374863" UPDATEDATE="2025-10-01" STARTDATE="2025-10-01" ENDDATE="2079-06-06" ISACTUAL="1" ISACTIVE="1" /><STEAD ID="74204986" OBJECTID="174986758" OBJECTGUID="70b4b239-dba5-4b3e-976b-de2a9b8c8101" CHANGEID="689810819" NUMBER="39" OPERTYPEID="10" PREVID="0" NEXTID="0" UPDATEDATE="2025-10-01" STARTDATE="2025-10-01" ENDDATE="2079-06-06" ISACTUAL="1" ISACTIVE="1" /><STEAD ID="74205370" OBJECTID="174987737" OBJECTGUID="30de535d-67a4-4070-8bb0-3871b02798c9" CHANGEID="689812025" NUMBER="12/2" OPERTYPEID="10" PREVID="0" NEXTID="0" UPDATEDATE="2025-10-01" STARTDATE="2025-10-01" ENDDATE="2079-06-06" ISACTUAL="1" ISACTIVE="1" /><STEAD ID="74205828" OBJECTID="174989144" OBJECTGUID="54ad4dc9-9f4e-4c51-a3aa-19825fa8a57c" CHANGEID="689814304" NUMBER="12/4" OPERTYPEID="10" PREVID="0" NEXTID="0" UPDATEDATE="2025-10-01" STARTDATE="2025-10-01" ENDDATE="2079-06-06" ISACTUAL="1" ISACTIVE="1" /><STEAD ID="74205829" OBJECTID="174989145" OBJECTGUID="59d19c69-e27c-4c40-965d-12f262f7af4c" CHANGEID="689814305" NUMBER="12/3" OPERTYPEID="10" PREVID="0" NEXTID="0" UPDATEDATE="2025-10-01" STARTDATE="2025-10-01" ENDDATE="2079-06-06" ISACTUAL="1" ISACTIVE="1" /><STEAD ID="74205830" OBJECTID="174989146" OBJECTGUID="bf195723-0fdd-40d7-89c8-a226b8164b50" CHANGEID="689814306" NUMBER="12/1" OPERTYPEID="10" PREVID="0" NEXTID="0" UPDATEDATE="2025-10-01" STARTDATE="2025-10-01" ENDDATE="2079-06-06" ISACTUAL="1" ISACTIVE="1" /><STEAD ID="74206068" OBJECTID="93165240" OBJECTGUID="c3719b45-7024-4253-a151-623df621bc72" CHANGEID="689816012" NUMBER="14" OPERTYPEID="30" PREVID="8631777" NEXTID="0" UPDATEDATE="2025-10-01" STARTDATE="2025-10-01" ENDDATE="2079-06-06" ISACTUAL="1" ISACTIVE="0" /><STEAD ID="74206100" OBJECTID="94463733" OBJECTGUID="eb838889-3edc-4d79-8c28-eeed2b92c4bb" CHANGEID="689816222" NUMBER="12а" OPERTYPEID="30" PREVID="9930561" NEXTID="0" UPDATEDATE="2025-10-01" STARTDATE="2025-10-01" ENDDATE="2079-06-06" ISACTUAL="1" ISACTIVE="0" /><STEAD ID="9930561" OBJECTID="94463733" OBJECTGUID="eb838889-3edc-4d79-8c28-eeed2b92c4bb" CHANGEID="137412449" NUMBER="12а" OPERTYPEID="10" NEXTID="74206100" UPDATEDATE="2025-10-01" STARTDATE="2019-06-11" ENDDATE="2025-10-01" ISACTUAL="0" ISACTIVE="0" /><STEAD ID="74206101" OBJECTID="94466285" OBJECTGUID="b07237f2-a3da-44de-a8b1-0b74510ada92" CHANGEID="689816223" NUMBER="3" OPERTYPEID="30" PREVID="9933115" NEXTID="0" UPDATEDATE="2025-10-01" STARTDATE="2025-10-01" ENDDATE="2079-06-06" ISACTUAL="1" ISACTIVE="0" /><STEAD ID="9933115" OBJECTID="94466285" OBJECTGUID="b07237f2-a3da-44de-a8b1-0b74510ada92" CHANGEID="137415029" NUMBER="3" OPERTYPEID="10" NEXTID="74206101" UPDATEDATE="2025-10-01" STARTDATE="2019-06-11" ENDDATE="2025-10-01" ISACTUAL="0" ISACTIVE="0" /><STEAD ID="74206092" OBJECTID="89168055" OBJECTGUID="27452b2f-5c0b-475e-82ba-b80e337c4a89" CHANGEID="689816180" NUMBER="2а" OPERTYPEID="30" PREVID="4630876" NEXTID="0" UPDATEDATE="2025-10-01" STARTDATE="2025-10-01" ENDDATE="2079-06-06" ISACTUAL="1" ISACTIVE="0" /><STEAD ID="4630876" OBJECTID="89168055" OBJECTGUID="27452b2f-5c0b-475e-82ba-b80e337c4a89" CHANGEID="131599766" NUMBER="2а" OPERTYPEID="10" NEXTID="74206092" UPDATEDATE="2025-10-01" STARTDATE="2019-05-30" ENDDATE="2025-10-01" ISACTUAL="0" ISACTIVE="0" /><STEAD ID="74206093" OBJECTID="93151246" OBJECTGUID="0549e53c-68b6-4ab6-9825-0ba8a5514d55" CHANGEID="689816181" NUMBER="9" OPERTYPEID="30" PREVID="8617757" NEXTID="0" UPDATEDATE="2025-10-01" STARTDATE="2025-10-01" ENDDATE="2079-06-06" ISACTUAL="1" ISACTIVE="0" /><STEAD ID="74206279" OBJECTID="94541439" OBJECTGUID="15e33bf6-de14-435d-9ebf-ef8ec88e82dc" CHANGEID="689816857" NUMBER="21" OPERTYPEID="30" PREVID="10008277" NEXTID="0" UPDATEDATE="2025-10-01" STARTDATE="2025-10-01" ENDDATE="2079-06-06" ISACTUAL="1" ISACTIVE="0" /><STEAD ID="74206314" OBJECTID="93823250" OBJECTGUID="55972918-3a4f-4474-b935-578713f4fd50" CHANGEID="689816923" NUMBER="1" OPERTYPEID="30" PREVID="9289974" NEXTID="0" UPDATEDATE="2025-10-01" STARTDATE="2025-10-01" ENDDATE="2079-06-06" ISACTUAL="1" ISACTIVE="0" /><STEAD ID="9289974" OBJECTID="93823250" OBJECTGUID="55972918-3a4f-4474-b935-578713f4fd50" CHANGEID="136741997" NUMBER="1" OPERTYPEID="10" NEXTID="74206314" UPDATEDATE="2025-10-01" STARTDATE="2019-06-11" ENDDATE="2025-10-01" ISACTUAL="0" ISACTIVE="0" /><STEAD ID="74206315" OBJECTID="94711569" OBJECTGUID="3725e10c-d097-4d69-928f-6d6516d85426" CHANGEID="689816924" NUMBER="4" OPERTYPEID="30" PREVID="10178434" NEXTID="0" UPDATEDATE="2025-10-01" STARTDATE="2025-10-01" ENDDATE="2079-06-06" ISACTUAL="1" ISACTIVE="0" /><STEAD ID="74206316" OBJECTID="94711676" OBJECTGUID="9d6e05c8-bbd0-4783-a910-7e6f2a5be8c9" CHANGEID="689816925" NUMBER="3" OPERTYPEID="30" PREVID="10178537" NEXTID="0" UPDATEDATE="2025-10-01" STARTDATE="2025-10-01" ENDDATE="2079-06-06" ISACTUAL="1" ISACTIVE="0" /><STEAD ID="10178537" OBJECTID="94711676" OBJECTGUID="9d6e05c8-bbd0-4783-a910-7e6f2a5be8c9" CHANGEID="137663570" NUMBER="3" OPERTYPEID="10" NEXTID="74206316" UPDATEDATE="2025-10-01" STARTDATE="2019-06-11" ENDDATE="2025-10-01" ISACTUAL="0" ISACTIVE="0" /><STEAD ID="74206317" OBJECTID="94711779" OBJECTGUID="d8a40e11-0254-4dca-8569-8a5a9b78aff5" CHANGEID="689816926" NUMBER="2" OPERTYPEID="30" PREVID="10178644" NEXTID="0" UPDATEDATE="2025-10-01" STARTDATE="2025-10-01" ENDDATE="2079-06-06" ISACTUAL="1" ISACTIVE="0" /><STEAD ID="10178644" OBJECTID="94711779" OBJECTGUID="d8a40e11-0254-4dca-8569-8a5a9b78aff5" CHANGEID="137663676" NUMBER="2" OPERTYPEID="10" NEXTID="74206317" UPDATEDATE="2025-10-01" STARTDATE="2019-06-11" ENDDATE="2025-10-01" ISACTUAL="0" ISACTIVE="0" /><STEAD ID="74206389" OBJECTID="94264978" OBJECTGUID="9c599d10-d450-4d91-bafa-a58f158b7104" CHANGEID="689817173" NUMBER="2" OPERTYPEID="30" PREVID="9731787" NEXTID="0" UPDATEDATE="2025-10-01" STARTDATE="2025-10-01" ENDDATE="2079-06-06" ISACTUAL="1" ISACTIVE="0" /><STEAD ID="74206406" OBJECTID="92378413" OBJECTGUID="1ad5756c-e85a-4e52-aa5d-2924cae7b144" CHANGEID="689817326" NUMBER="5" OPERTYPEID="30" PREVID="7844601" NEXTID="0" UPDATEDATE="2025-10-01" STARTDATE="2025-10-01" ENDDATE="2079-06-06" ISACTUAL="1" ISACTIVE="0" /><STEAD ID="74206454" OBJECTID="92377981" OBJECTGUID="7b7c7cb9-de6a-43c1-a89b-5f4e52bb90e9" CHANGEID="689817433" NUMBER="1" OPERTYPEID="30" PREVID="7844164" NEXTID="0" UPDATEDATE="2025-10-01" STARTDATE="2025-10-01" ENDDATE="2079-06-06" ISACTUAL="1" ISACTIVE="0" /><STEAD ID="74206521" OBJECTID="91981664" OBJECTGUID="dc1f6a62-0451-40ef-b211-3bfa51738f7f" CHANGEID="689817721" NUMBER="71А" OPERTYPEID="30" PREVID="7447614" NEXTID="0" UPDATEDATE="2025-10-01" STARTDATE="2025-10-01" ENDDATE="2079-06-06" ISACTUAL="1" ISACTIVE="0" /><STEAD ID="74206522" OBJECTID="92029685" OBJECTGUID="d25d3de6-9309-4706-839c-22605ade4afa" CHANGEID="689817722" NUMBER="67А" OPERTYPEID="30" PREVID="7495593" NEXTID="0" UPDATEDATE="2025-10-01" STARTDATE="2025-10-01" ENDDATE="2079-06-06" ISACTUAL="1" ISACTIVE="0" /><STEAD ID="74206523" OBJECTID="94237970" OBJECTGUID="ad91d2c9-dba8-4083-90e1-7817561db96c" CHANGEID="689817723" NUMBER="73" OPERTYPEID="30" PREVID="9704777" NEXTID="0" UPDATEDATE="2025-10-01" STARTDATE="2025-10-01" ENDDATE="2079-06-06" ISACTUAL="1" ISACTIVE="0" /><STEAD ID="74206524" OBJECTID="95049086" OBJECTGUID="a26d833f-335f-4495-b699-72a4dfa409f9" CHANGEID="689817724" NUMBER="25" OPERTYPEID="30" PREVID="10515987" NEXTID="0" UPDATEDATE="2025-10-01" STARTDATE="2025-10-01" ENDDATE="2079-06-06" ISACTUAL="1" ISACTIVE="0" /><STEAD ID="10515987" OBJECTID="95049086" OBJECTGUID="a26d833f-335f-4495-b699-72a4dfa409f9" CHANGEID="138004950" NUMBER="25" OPERTYPEID="10" NEXTID="74206524" UPDATEDATE="2025-10-01" STARTDATE="2019-08-14" ENDDATE="2025-10-01" ISACTUAL="0" ISACTIVE="0" /><STEAD ID="74206525" OBJECTID="95050705" OBJECTGUID="61d5a8ea-d192-43c2-a686-3c401bb3702d" CHANGEID="689817725" NUMBER="19А" OPERTYPEID="30" PREVID="10517604" NEXTID="0" UPDATEDATE="2025-10-01" STARTDATE="2025-10-01" ENDDATE="2079-06-06" ISACTUAL="1" ISACTIVE="0" /><STEAD ID="10517604" OBJECTID="95050705" OBJECTGUID="61d5a8ea-d192-43c2-a686-3c401bb3702d" CHANGEID="138006609" NUMBER="19А" OPERTYPEID="10" NEXTID="74206525" UPDATEDATE="2025-10-01" STARTDATE="2019-08-14" ENDDATE="2025-10-01" ISACTUAL="0" ISACTIVE="0" /><STEAD ID="74206750" OBJECTID="174991361" OBJECTGUID="6b3b8c86-875f-46bc-b9b1-233b513bdfba" CHANGEID="689818879" NUMBER="21" OPERTYPEID="10" PREVID="0" NEXTID="0" UPDATEDATE="2025-10-01" STARTDATE="2025-10-01" ENDDATE="2079-06-06" ISACTUAL="1" ISACTIVE="1" /><STEAD ID="74206757" OBJECTID="94262028" OBJECTGUID="4cba7f69-0f17-4604-a8e5-60a8db62e624" CHANGEID="689818943" NUMBER="23Б" OPERTYPEID="30" PREVID="9728782" NEXTID="0" UPDATEDATE="2025-10-01" STARTDATE="2025-10-01" ENDDATE="2079-06-06" ISACTUAL="1" ISACTIVE="0" /><STEAD ID="9728782" OBJECTID="94262028" OBJECTGUID="4cba7f69-0f17-4604-a8e5-60a8db62e624" CHANGEID="137206284" NUMBER="23Б" OPERTYPEID="10" NEXTID="74206757" UPDATEDATE="2025-10-01" STARTDATE="2019-08-14" ENDDATE="2025-10-01" ISACTUAL="0" ISACTIVE="0" /><STEAD ID="74206760" OBJECTID="92380524" OBJECTGUID="55b7c722-110a-4336-925d-e5c4404dd877" CHANGEID="689818967" NUMBER="32Б" OPERTYPEID="30" PREVID="7846717" NEXTID="0" UPDATEDATE="2025-10-01" STARTDATE="2025-10-01" ENDDATE="2079-06-06" ISACTUAL="1" ISACTIVE="0" /><STEAD ID="7846717" OBJECTID="92380524" OBJECTGUID="55b7c722-110a-4336-925d-e5c4404dd877" CHANGEID="135192482" NUMBER="32Б" OPERTYPEID="10" NEXTID="74206760" UPDATEDATE="2025-10-01" STARTDATE="2019-08-14" ENDDATE="2025-10-01" ISACTUAL="0" ISACTIVE="0" /><STEAD ID="74206761" OBJECTID="92383203" OBJECTGUID="ca317f3d-5951-43ec-a902-55a8fcc525c3" CHANGEID="689818968" NUMBER="23А" OPERTYPEID="30" PREVID="7849435" NEXTID="0" UPDATEDATE="2025-10-01" STARTDATE="2025-10-01" ENDDATE="2079-06-06" ISACTUAL="1" ISACTIVE="0" /><STEAD ID="7849435" OBJECTID="92383203" OBJECTGUID="ca317f3d-5951-43ec-a902-55a8fcc525c3" CHANGEID="135195272" NUMBER="23А" OPERTYPEID="10" NEXTID="74206761" UPDATEDATE="2025-10-01" STARTDATE="2019-08-14" ENDDATE="2025-10-01" ISACTUAL="0" ISACTIVE="0" /><STEAD ID="74206766" OBJECTID="89023300" OBJECTGUID="aae6e975-36db-4be4-b828-ae690f85a1c0" CHANGEID="689818985" NUMBER="18" OPERTYPEID="30" PREVID="4485824" NEXTID="0" UPDATEDATE="2025-10-01" STARTDATE="2025-10-01" ENDDATE="2079-06-06" ISACTUAL="1" ISACTIVE="0" /><STEAD ID="4485824" OBJECTID="89023300" OBJECTGUID="aae6e975-36db-4be4-b828-ae690f85a1c0" CHANGEID="131433341" NUMBER="18" OPERTYPEID="10" NEXTID="74206766" UPDATEDATE="2025-10-01" STARTDATE="2019-08-14" ENDDATE="2025-10-01" ISACTUAL="0" ISACTIVE="0" /><STEAD ID="74206767" OBJECTID="89028322" OBJECTGUID="fd129906-0036-4663-a2e1-08acdda5b274" CHANGEID="689818986" NUMBER="6" OPERTYPEID="30" PREVID="4490856" NEXTID="0" UPDATEDATE="2025-10-01" STARTDATE="2025-10-01" ENDDATE="2079-06-06" ISACTUAL="1" ISACTIVE="0" /><STEAD ID="74206779" OBJECTID="95071548" OBJECTGUID="73bc0dc5-6e9b-455a-b650-f0935fe17c83" CHANGEID="689819018" NUMBER="1" OPERTYPEID="30" PREVID="10538448" NEXTID="0" UPDATEDATE="2025-10-01" STARTDATE="2025-10-01" ENDDATE="2079-06-06" ISACTUAL="1" ISACTIVE="0" /><STEAD ID="74206790" OBJECTID="95072985" OBJECTGUID="3dbee6f9-b223-4f89-8a22-9558d5731090" CHANGEID="689819089" NUMBER="2" OPERTYPEID="30" PREVID="10539888" NEXTID="0" UPDATEDATE="2025-10-01" STARTDATE="2025-10-01" ENDDATE="2079-06-06" ISACTUAL="1" ISACTIVE="0" /><STEAD ID="10539888" OBJECTID="95072985" OBJECTGUID="3dbee6f9-b223-4f89-8a22-9558d5731090" CHANGEID="138029076" NUMBER="2" OPERTYPEID="10" NEXTID="74206790" UPDATEDATE="2025-10-01" STARTDATE="2019-08-14" ENDDATE="2025-10-01" ISACTUAL="0" ISACTIVE="0" /><STEAD ID="74206781" OBJECTID="92368154" OBJECTGUID="da39b1e7-567c-4316-8edb-b0da4c8ca8ae" CHANGEID="689819054" NUMBER="9" OPERTYPEID="30" PREVID="7834052" NEXTID="0" UPDATEDATE="2025-10-01" STARTDATE="2025-10-01" ENDDATE="2079-06-06" ISACTUAL="1" ISACTIVE="0" /><STEAD ID="7834052" OBJECTID="92368154" OBJECTGUID="da39b1e7-567c-4316-8edb-b0da4c8ca8ae" CHANGEID="135179108" NUMBER="9" OPERTYPEID="10" NEXTID="74206781" UPDATEDATE="2025-10-01" STARTDATE="2019-08-14" ENDDATE="2025-10-01" ISACTUAL="0" ISACTIVE="0" /><STEAD ID="74206782" OBJECTID="92378095" OBJECTGUID="5b137865-a2bb-4c40-ad58-1f5fd3443e90" CHANGEID="689819067" NUMBER="8" OPERTYPEID="30" PREVID="7844277" NEXTID="0" UPDATEDATE="2025-10-01" STARTDATE="2025-10-01" ENDDATE="2079-06-06" ISACTUAL="1" ISACTIVE="0" /><STEAD ID="7844277" OBJECTID="92378095" OBJECTGUID="5b137865-a2bb-4c40-ad58-1f5fd3443e90" CHANGEID="135189811" NUMBER="8" OPERTYPEID="10" NEXTID="74206782" UPDATEDATE="2025-10-01" STARTDATE="2019-08-14" ENDDATE="2025-10-01" ISACTUAL="0" ISACTIVE="0" /></STEADS>