﻿<?xml version="1.0" encoding="utf-8"?><HOUSES><HOUSE ID="54639336" OBJECTID="17562093" OBJECTGUID="2dfdc5b1-5f55-44cf-99df-9873ab965b1b" CHANGEID="27728624" HOUSENUM="133" HOUSETYPE="2" OPERTYPEID="20" PREVID="10076432" NEXTID="129183368" UPDATEDATE="2025-09-30" STARTDATE="2019-03-28" ENDDATE="2025-09-30" ISACTUAL="0" ISACTIVE="0" /><HOUSE ID="55262896" OBJECTID="32837084" OBJECTGUID="36cd4cef-19d9-43c7-9097-82fccaafdcc6" CHANGEID="50098795" HOUSENUM="34" HOUSETYPE="3" OPERTYPEID="20" PREVID="19511433" NEXTID="129172488" UPDATEDATE="2025-09-29" STARTDATE="2018-08-06" ENDDATE="2025-09-29" ISACTUAL="0" ISACTIVE="0" /><HOUSE ID="55291825" OBJECTID="79359656" OBJECTGUID="37372aec-cdca-4fa0-8d3c-7c9131dbe9f9" CHANGEID="117955620" HOUSENUM="9" HOUSETYPE="3" OPERTYPEID="20" PREVID="47963222" NEXTID="129183303" UPDATEDATE="2025-09-30" STARTDATE="2014-05-22" ENDDATE="2025-09-30" ISACTUAL="0" ISACTIVE="0" /><HOUSE ID="58368616" OBJECTID="26156387" OBJECTGUID="62a5c332-133b-455c-b449-87606f4096f8" CHANGEID="40415186" HOUSENUM="26" HOUSETYPE="3" OPERTYPEID="20" PREVID="15512666" NEXTID="129173361" UPDATEDATE="2025-09-29" STARTDATE="2018-08-06" ENDDATE="2025-09-29" ISACTUAL="0" ISACTIVE="0" /><HOUSE ID="58683168" OBJECTID="40496702" OBJECTGUID="67147c20-9b91-40f3-aae2-409621b34d53" CHANGEID="61292908" HOUSENUM="28" HOUSETYPE="3" OPERTYPEID="20" PREVID="24210195" NEXTID="129183118" UPDATEDATE="2025-09-30" STARTDATE="2014-05-22" ENDDATE="2025-09-30" ISACTUAL="0" ISACTIVE="0" /><HOUSE ID="58737909" OBJECTID="19585315" OBJECTGUID="67d8543a-ccbd-44fd-b13b-23e923555ed4" CHANGEID="30719099" HOUSENUM="36" HOUSETYPE="2" OPERTYPEID="20" PREVID="11368083" NEXTID="129174853" UPDATEDATE="2025-09-29" STARTDATE="2014-01-04" ENDDATE="2025-09-29" ISACTUAL="0" ISACTIVE="0" /><HOUSE ID="59324641" OBJECTID="7568510" OBJECTGUID="7024f68f-4a78-448e-bdc9-c8c8eb34d23b" CHANGEID="12951535" HOUSENUM="101" HOUSETYPE="2" OPERTYPEID="20" PREVID="3722431" NEXTID="129183375" UPDATEDATE="2025-09-30" STARTDATE="2019-03-28" ENDDATE="2025-09-30" ISACTUAL="0" ISACTIVE="0" /><HOUSE ID="72491931" OBJECTID="62755119" OBJECTGUID="396043ac-2338-4fec-b34c-389302edcf3a" CHANGEID="286628102" HOUSENUM="4" HOUSETYPE="2" OPERTYPEID="20" PREVID="55445701" NEXTID="129173205" UPDATEDATE="2025-09-29" STARTDATE="2022-07-13" ENDDATE="2025-09-29" ISACTUAL="0" ISACTIVE="0" /><HOUSE ID="124040663" OBJECTID="157848239" OBJECTGUID="31a90e3b-2759-4011-96b7-c6f7bcd7a798" CHANGEID="493927848" HOUSENUM="10А" HOUSETYPE="5" OPERTYPEID="10" PREVID="0" NEXTID="129178421" UPDATEDATE="2025-09-30" STARTDATE="2023-01-23" ENDDATE="2025-09-30" ISACTUAL="0" ISACTIVE="0" /><HOUSE ID="61350906" OBJECTID="7550244" OBJECTGUID="8cb9fd49-4b8c-4bb9-a6a4-a18aa5b93af4" CHANGEID="12924357" HOUSENUM="65" HOUSETYPE="2" OPERTYPEID="20" PREVID="3710601" NEXTID="129183321" UPDATEDATE="2025-09-30" STARTDATE="2019-03-28" ENDDATE="2025-09-30" ISACTUAL="0" ISACTIVE="0" /><HOUSE ID="61462024" OBJECTID="45635326" OBJECTGUID="8e4e462e-e5f5-4214-814e-4be83bdc25f4" CHANGEID="68733965" HOUSENUM="51" HOUSETYPE="3" OPERTYPEID="20" PREVID="27264961" NEXTID="129183737" UPDATEDATE="2025-09-30" STARTDATE="2014-01-04" ENDDATE="2025-09-30" ISACTUAL="0" ISACTIVE="0" /><HOUSE ID="61775582" OBJECTID="7502311" OBJECTGUID="92bc3dce-1b98-4d2a-b94c-5da2288fb012" CHANGEID="12849687" HOUSENUM="103" HOUSETYPE="2" OPERTYPEID="20" PREVID="3674465" NEXTID="129183383" UPDATEDATE="2025-09-30" STARTDATE="2019-03-28" ENDDATE="2025-09-30" ISACTUAL="0" ISACTIVE="0" /><HOUSE ID="61781338" OBJECTID="9061314" OBJECTGUID="92cff2eb-5531-45ba-9337-2da62292b6f0" CHANGEID="15172377" HOUSENUM="35" HOUSETYPE="3" OPERTYPEID="20" PREVID="4682444" NEXTID="129189070" UPDATEDATE="2025-10-01" STARTDATE="2018-07-30" ENDDATE="2025-10-01" ISACTUAL="0" ISACTIVE="0" /><HOUSE ID="62629746" OBJECTID="59787017" OBJECTGUID="9ec17a2a-788b-4cd4-b2e4-8ee88df716fb" CHANGEID="89297767" HOUSENUM="50" HOUSETYPE="3" OPERTYPEID="20" PREVID="35811306" NEXTID="129183326" UPDATEDATE="2025-09-30" STARTDATE="2014-05-22" ENDDATE="2025-09-30" ISACTUAL="0" ISACTIVE="0" /><HOUSE ID="63135786" OBJECTID="71258748" OBJECTGUID="a5e9b411-d392-4f1d-9d5c-823ce10c4eb2" CHANGEID="106140119" HOUSENUM="19" HOUSETYPE="3" OPERTYPEID="20" PREVID="42980783" NEXTID="129173213" UPDATEDATE="2025-09-29" STARTDATE="2016-12-20" ENDDATE="2025-09-29" ISACTUAL="0" ISACTIVE="0" /><HOUSE ID="66069148" OBJECTID="28315578" OBJECTGUID="cf59652f-acb7-46bf-9117-cc75144432d7" CHANGEID="43562768" HOUSENUM="59" HOUSETYPE="3" OPERTYPEID="20" PREVID="16808313" NEXTID="129183295" UPDATEDATE="2025-09-30" STARTDATE="2014-05-22" ENDDATE="2025-09-30" ISACTUAL="0" ISACTIVE="0" /><HOUSE ID="66229860" OBJECTID="47055035" OBJECTGUID="d19f3815-2e51-4365-a136-05a07184b093" CHANGEID="70796083" HOUSENUM="26" HOUSETYPE="3" OPERTYPEID="20" PREVID="28135587" NEXTID="129183260" UPDATEDATE="2025-09-30" STARTDATE="2014-05-22" ENDDATE="2025-09-30" ISACTUAL="0" ISACTIVE="0" /><HOUSE ID="66498729" OBJECTID="24277231" OBJECTGUID="d5686dc2-af01-495a-9163-3422aef6122b" CHANGEID="37636660" HOUSENUM="145" HOUSETYPE="3" OPERTYPEID="20" PREVID="14326216" NEXTID="129191408" UPDATEDATE="2025-10-01" STARTDATE="2014-01-04" ENDDATE="2025-10-01" ISACTUAL="0" ISACTIVE="0" /><HOUSE ID="67598244" OBJECTID="28993257" OBJECTGUID="e4f171ab-f84d-4e6d-8d44-8240553d2791" CHANGEID="44542982" HOUSENUM="72" HOUSETYPE="3" OPERTYPEID="20" PREVID="17206546" NEXTID="129172457" UPDATEDATE="2025-09-29" STARTDATE="2016-12-20" ENDDATE="2025-09-29" ISACTUAL="0" ISACTIVE="0" /><HOUSE ID="68128248" OBJECTID="32693669" OBJECTGUID="ec705617-36be-4e14-a2f1-b20066819ed8" CHANGEID="49880426" HOUSENUM="26" HOUSETYPE="3" OPERTYPEID="20" PREVID="19412225" NEXTID="129189396" UPDATEDATE="2025-10-01" STARTDATE="2018-08-06" ENDDATE="2025-10-01" ISACTUAL="0" ISACTIVE="0" /><HOUSE ID="68198841" OBJECTID="79564520" OBJECTGUID="ed7157b9-75bd-4527-bbd5-230b761c917f" CHANGEID="118254040" HOUSENUM="36" HOUSETYPE="3" OPERTYPEID="20" PREVID="48091181" NEXTID="129185793" UPDATEDATE="2025-10-01" STARTDATE="2019-12-09" ENDDATE="2025-10-01" ISACTUAL="0" ISACTIVE="0" /><HOUSE ID="68856610" OBJECTID="64665456" OBJECTGUID="f6bc0df9-dea8-42b2-b2ce-2b6849b6502a" CHANGEID="96468826" HOUSENUM="126" HOUSETYPE="3" OPERTYPEID="20" PREVID="38915192" NEXTID="129173262" UPDATEDATE="2025-09-29" STARTDATE="2018-08-03" ENDDATE="2025-09-29" ISACTUAL="0" ISACTIVE="0" /><HOUSE ID="69311100" OBJECTID="32362599" OBJECTGUID="fd276110-848c-4fb7-bb24-43d5bcca5a1e" CHANGEID="49400846" HOUSENUM="23" HOUSETYPE="3" OPERTYPEID="20" PREVID="19208174" NEXTID="129183338" UPDATEDATE="2025-09-30" STARTDATE="2014-05-22" ENDDATE="2025-09-30" ISACTUAL="0" ISACTIVE="0" /><HOUSE ID="69321986" OBJECTID="19570517" OBJECTGUID="fd4b2b74-0aad-4b81-9ed4-13ba2e375625" CHANGEID="30697221" HOUSENUM="4" HOUSETYPE="2" OPERTYPEID="20" PREVID="11357599" NEXTID="129174860" UPDATEDATE="2025-09-29" STARTDATE="2014-01-04" ENDDATE="2025-09-29" ISACTUAL="0" ISACTIVE="0" /><HOUSE ID="236488" OBJECTID="1844127" OBJECTGUID="5868e099-19e6-4ddc-ac14-3af74b84ffda" CHANGEID="4618780" HOUSENUM="15" HOUSETYPE="2" OPERTYPEID="10" PREVID="0" NEXTID="129183359" UPDATEDATE="2025-09-30" STARTDATE="1900-01-01" ENDDATE="2025-09-30" ISACTUAL="0" ISACTIVE="0" /><HOUSE ID="63421271" OBJECTID="64855504" OBJECTGUID="a9f64d8b-4787-4452-86dd-a63e7fad8675" CHANGEID="96749253" HOUSENUM="49" HOUSETYPE="3" OPERTYPEID="20" PREVID="39034533" NEXTID="129186816" UPDATEDATE="2025-10-01" STARTDATE="2018-09-21" ENDDATE="2025-10-01" ISACTUAL="0" ISACTIVE="0" /><HOUSE ID="9428423" OBJECTID="16562981" OBJECTGUID="db721c0e-2a53-4bd6-9d6c-6bccc9fffbe8" CHANGEID="26249861" HOUSENUM="96" HOUSETYPE="3" OPERTYPEID="10" PREVID="0" NEXTID="129182470" UPDATEDATE="2025-09-30" STARTDATE="1900-01-01" ENDDATE="2025-09-30" ISACTUAL="0" ISACTIVE="0" /><HOUSE ID="20142910" OBJECTID="33897277" OBJECTGUID="2c5c6a94-2d7a-44e8-8f64-3d4652425bcb" CHANGEID="51631211" HOUSENUM="88" HOUSETYPE="3" OPERTYPEID="10" PREVID="0" NEXTID="129179811" UPDATEDATE="2025-09-30" STARTDATE="1900-01-01" ENDDATE="2025-09-30" ISACTUAL="0" ISACTIVE="0" /><HOUSE ID="22307464" OBJECTID="37393622" OBJECTGUID="fa7794ef-536e-4c35-bce6-451ed57a8bec" CHANGEID="56735934" HOUSENUM="43" HOUSETYPE="3" OPERTYPEID="10" PREVID="0" NEXTID="129170731" UPDATEDATE="2025-09-29" STARTDATE="1900-01-01" ENDDATE="2025-09-29" ISACTUAL="0" ISACTIVE="0" /><HOUSE ID="25535416" OBJECTID="42757425" OBJECTGUID="73cae011-9179-428c-980f-223125b0ae18" CHANGEID="64566036" HOUSENUM="25" HOUSETYPE="2" OPERTYPEID="10" PREVID="0" NEXTID="129183514" UPDATEDATE="2025-09-30" STARTDATE="1900-01-01" ENDDATE="2025-09-30" ISACTUAL="0" ISACTIVE="0" /><HOUSE ID="27706268" OBJECTID="46362968" OBJECTGUID="d1c07d9a-39ae-4648-a47e-430ecd2972ad" CHANGEID="69791006" HOUSENUM="17" HOUSETYPE="2" OPERTYPEID="10" PREVID="0" NEXTID="129183324" UPDATEDATE="2025-09-30" STARTDATE="1900-01-01" ENDDATE="2025-09-30" ISACTUAL="0" ISACTIVE="0" /><HOUSE ID="33589203" OBJECTID="56145349" OBJECTGUID="efc761a3-a669-4655-9ed9-d03fc2b9f2e1" CHANGEID="83977670" HOUSENUM="8" HOUSETYPE="3" OPERTYPEID="10" PREVID="0" NEXTID="129179655" UPDATEDATE="2025-09-30" STARTDATE="1900-01-01" ENDDATE="2025-09-30" ISACTUAL="0" ISACTIVE="0" /><HOUSE ID="55896365" OBJECTID="19591226" OBJECTGUID="3fbd46cd-322b-4b47-bb3c-4010d4d15e91" CHANGEID="30728002" HOUSENUM="74" HOUSETYPE="2" OPERTYPEID="20" PREVID="11372720" NEXTID="129174890" UPDATEDATE="2025-09-29" STARTDATE="2014-01-04" ENDDATE="2025-09-29" ISACTUAL="0" ISACTIVE="0" /><HOUSE ID="39027854" OBJECTID="64845185" OBJECTGUID="274fb90f-c9ec-488a-804b-0a8121971523" CHANGEID="96733561" HOUSENUM="4" HOUSETYPE="2" OPERTYPEID="10" PREVID="0" NEXTID="129170237" UPDATEDATE="2025-09-29" STARTDATE="2000-01-26" ENDDATE="2025-09-29" ISACTUAL="0" ISACTIVE="0" /><HOUSE ID="50808585" OBJECTID="83909137" OBJECTGUID="24c8f616-3f1e-48a9-8e4e-cb29b98418ca" CHANGEID="124650437" HOUSENUM="21" HOUSETYPE="2" OPERTYPEID="10" PREVID="0" NEXTID="129183300" UPDATEDATE="2025-09-30" STARTDATE="2016-06-06" ENDDATE="2025-09-30" ISACTUAL="0" ISACTIVE="0" /><HOUSE ID="51544415" OBJECTID="84123412" OBJECTGUID="02520d78-5d77-4845-bc6d-974387c96e7f" CHANGEID="124968218" HOUSENUM="19" HOUSETYPE="3" OPERTYPEID="20" PREVID="50947266" NEXTID="129186812" UPDATEDATE="2025-10-01" STARTDATE="2014-01-04" ENDDATE="2025-10-01" ISACTUAL="0" ISACTIVE="0" /><HOUSE ID="52811157" OBJECTID="9105655" OBJECTGUID="142e8c82-68a3-4b9d-95d0-e8d94c053536" CHANGEID="15237241" HOUSENUM="33" HOUSETYPE="3" OPERTYPEID="20" PREVID="4710604" NEXTID="129189064" UPDATEDATE="2025-10-01" STARTDATE="2018-07-30" ENDDATE="2025-10-01" ISACTUAL="0" ISACTIVE="0" /><HOUSE ID="125317358" OBJECTID="78857516" OBJECTGUID="586a9cac-4b32-42a2-a565-11b4620698e0" CHANGEID="575954106" HOUSENUM="2" HOUSETYPE="2" OPERTYPEID="20" PREVID="57643095" NEXTID="129175035" UPDATEDATE="2025-09-29" STARTDATE="2023-12-07" ENDDATE="2025-09-29" ISACTUAL="0" ISACTIVE="0" /><HOUSE ID="125317776" OBJECTID="78864437" OBJECTGUID="2cc0e28f-2c6a-4985-bce9-45681df2b9f3" CHANGEID="575955763" HOUSENUM="15" HOUSETYPE="2" OPERTYPEID="20" PREVID="54551236" NEXTID="129175030" UPDATEDATE="2025-09-29" STARTDATE="2023-12-07" ENDDATE="2025-09-29" ISACTUAL="0" ISACTIVE="0" /><HOUSE ID="125371668" OBJECTID="84292361" OBJECTGUID="160bc29e-6f85-4053-9301-796efb6539c5" CHANGEID="576353493" HOUSENUM="2" HOUSETYPE="2" OPERTYPEID="20" PREVID="52942999" NEXTID="129174996" UPDATEDATE="2025-09-29" STARTDATE="2023-12-11" ENDDATE="2025-09-29" ISACTUAL="0" ISACTIVE="0" /><HOUSE ID="125473213" OBJECTID="7585116" OBJECTGUID="df244f54-ae3a-410a-8389-9c243520b1e7" CHANGEID="577072294" HOUSENUM="23" HOUSETYPE="2" OPERTYPEID="20" PREVID="67188153" NEXTID="129175017" UPDATEDATE="2025-09-29" STARTDATE="2023-12-20" ENDDATE="2025-09-29" ISACTUAL="0" ISACTIVE="0" /><HOUSE ID="129166155" OBJECTID="174916230" OBJECTGUID="21882137-3a65-4990-9d7a-6e2565cad170" CHANGEID="689638718" HOUSENUM="34" HOUSETYPE="2" OPERTYPEID="10" PREVID="0" NEXTID="0" UPDATEDATE="2025-09-29" STARTDATE="2025-09-29" ENDDATE="2079-06-06" ISACTUAL="1" ISACTIVE="1" /><HOUSE ID="129166158" OBJECTID="174916315" OBJECTGUID="abaf1e47-744c-4705-bb3b-3f35703fd1d5" CHANGEID="689638807" HOUSENUM="41" HOUSETYPE="2" OPERTYPEID="10" PREVID="0" NEXTID="0" UPDATEDATE="2025-09-29" STARTDATE="2025-09-29" ENDDATE="2079-06-06" ISACTUAL="1" ISACTIVE="1" /><HOUSE ID="129166668" OBJECTID="174917937" OBJECTGUID="3f988442-8c4d-4c47-b269-598ac996e45a" CHANGEID="689642833" HOUSENUM="22" HOUSETYPE="2" OPERTYPEID="10" PREVID="0" NEXTID="0" UPDATEDATE="2025-09-29" STARTDATE="2025-09-29" ENDDATE="2079-06-06" ISACTUAL="1" ISACTIVE="1" /><HOUSE ID="129166712" OBJECTID="174918058" OBJECTGUID="a3a311d7-2380-49ab-b3e2-45e636d7c4a8" CHANGEID="689642987" HOUSENUM="62" HOUSETYPE="2" OPERTYPEID="10" PREVID="0" NEXTID="0" UPDATEDATE="2025-09-29" STARTDATE="2025-09-29" ENDDATE="2079-06-06" ISACTUAL="1" ISACTIVE="1" /><HOUSE ID="129166715" OBJECTID="174918065" OBJECTGUID="5dc6a27d-1260-43d2-a9a3-d6626866019a" CHANGEID="689642999" HOUSENUM="110" HOUSETYPE="2" OPERTYPEID="10" PREVID="0" NEXTID="0" UPDATEDATE="2025-09-29" STARTDATE="2025-09-29" ENDDATE="2079-06-06" ISACTUAL="1" ISACTIVE="1" /><HOUSE ID="129166716" OBJECTID="174918066" OBJECTGUID="a046d587-f379-4e6a-9345-4d510dfbc797" CHANGEID="689643001" HOUSENUM="110" ADDNUM1="1" HOUSETYPE="2" ADDTYPE1="1" OPERTYPEID="10" PREVID="0" NEXTID="0" UPDATEDATE="2025-09-29" STARTDATE="2025-09-29" ENDDATE="2079-06-06" ISACTUAL="1" ISACTIVE="1" /><HOUSE ID="129170211" OBJECTID="71823641" OBJECTGUID="6cc2e8df-db71-49b6-b0b6-9f2eb581f359" CHANGEID="689666203" HOUSENUM="78" HOUSETYPE="2" OPERTYPEID="30" PREVID="43330848" NEXTID="0" UPDATEDATE="2025-09-29" STARTDATE="2025-09-29" ENDDATE="2079-06-06" ISACTUAL="1" ISACTIVE="0" /><HOUSE ID="43330848" OBJECTID="71823641" OBJECTGUID="6cc2e8df-db71-49b6-b0b6-9f2eb581f359" CHANGEID="106968719" HOUSENUM="78" HOUSETYPE="2" OPERTYPEID="10" PREVID="0" NEXTID="129170211" UPDATEDATE="2025-09-29" STARTDATE="2000-01-26" ENDDATE="2025-09-29" ISACTUAL="0" ISACTIVE="0" /><HOUSE ID="129170237" OBJECTID="64845185" OBJECTGUID="274fb90f-c9ec-488a-804b-0a8121971523" CHANGEID="689666862" HOUSENUM="4" HOUSETYPE="2" OPERTYPEID="30" PREVID="39027854" NEXTID="0" UPDATEDATE="2025-09-29" STARTDATE="2025-09-29" ENDDATE="2079-06-06" ISACTUAL="1" ISACTIVE="0" /><HOUSE ID="129170317" OBJECTID="16540730" OBJECTGUID="d6c8c309-4d28-4b2e-9dfb-7b5b0fd30123" CHANGEID="689667101" HOUSENUM="48" HOUSETYPE="2" OPERTYPEID="30" PREVID="9415497" NEXTID="0" UPDATEDATE="2025-09-29" STARTDATE="2025-09-29" ENDDATE="2079-06-06" ISACTUAL="1" ISACTIVE="0" /><HOUSE ID="9415497" OBJECTID="16540730" OBJECTGUID="d6c8c309-4d28-4b2e-9dfb-7b5b0fd30123" CHANGEID="26218094" HOUSENUM="48" HOUSETYPE="2" OPERTYPEID="10" PREVID="0" NEXTID="129170317" UPDATEDATE="2025-09-29" STARTDATE="2000-01-26" ENDDATE="2025-09-29" ISACTUAL="0" ISACTIVE="0" /><HOUSE ID="129170731" OBJECTID="37393622" OBJECTGUID="fa7794ef-536e-4c35-bce6-451ed57a8bec" CHANGEID="689669807" HOUSENUM="43" HOUSETYPE="2" OPERTYPEID="20" PREVID="22307464" UPDATEDATE="2025-09-29" STARTDATE="2025-09-29" ENDDATE="2079-06-06" ISACTUAL="1" ISACTIVE="1" /><HOUSE ID="63358012" OBJECTID="14647968" OBJECTGUID="a90e6256-de5d-4e3b-9d48-e4dd12c8d6bf" CHANGEID="23403926" HOUSENUM="12" HOUSETYPE="3" OPERTYPEID="20" PREVID="8190458" NEXTID="129172438" UPDATEDATE="2025-09-29" STARTDATE="2016-12-20" ENDDATE="2025-09-29" ISACTUAL="0" ISACTIVE="0" /><HOUSE ID="129172438" OBJECTID="14647968" OBJECTGUID="a90e6256-de5d-4e3b-9d48-e4dd12c8d6bf" CHANGEID="689679758" HOUSENUM="12" HOUSETYPE="2" OPERTYPEID="20" PREVID="63358012" UPDATEDATE="2025-09-29" STARTDATE="2025-09-29" ENDDATE="2079-06-06" ISACTUAL="1" ISACTIVE="1" /><HOUSE ID="129172450" OBJECTID="9062751" OBJECTGUID="687cd130-f802-4305-809b-36e3bc2783ae" CHANGEID="689679794" HOUSENUM="114" HOUSETYPE="3" OPERTYPEID="30" PREVID="58784177" NEXTID="0" UPDATEDATE="2025-09-29" STARTDATE="2025-09-29" ENDDATE="2079-06-06" ISACTUAL="1" ISACTIVE="0" /><HOUSE ID="58784177" OBJECTID="9062751" OBJECTGUID="687cd130-f802-4305-809b-36e3bc2783ae" CHANGEID="15174570" HOUSENUM="114" HOUSETYPE="3" OPERTYPEID="20" PREVID="4683587" NEXTID="129172450" UPDATEDATE="2025-09-29" STARTDATE="2018-07-30" ENDDATE="2025-09-29" ISACTUAL="0" ISACTIVE="0" /><HOUSE ID="129172488" OBJECTID="32837084" OBJECTGUID="36cd4cef-19d9-43c7-9097-82fccaafdcc6" CHANGEID="689679893" HOUSENUM="34" HOUSETYPE="3" OPERTYPEID="30" PREVID="55262896" NEXTID="0" UPDATEDATE="2025-09-29" STARTDATE="2025-09-29" ENDDATE="2079-06-06" ISACTUAL="1" ISACTIVE="0" /><HOUSE ID="129172457" OBJECTID="28993257" OBJECTGUID="e4f171ab-f84d-4e6d-8d44-8240553d2791" CHANGEID="689679821" HOUSENUM="72" HOUSETYPE="2" OPERTYPEID="20" PREVID="67598244" UPDATEDATE="2025-09-29" STARTDATE="2025-09-29" ENDDATE="2079-06-06" ISACTUAL="1" ISACTIVE="1" /><HOUSE ID="129173205" OBJECTID="62755119" OBJECTGUID="396043ac-2338-4fec-b34c-389302edcf3a" CHANGEID="689686185" HOUSENUM="4" HOUSETYPE="2" OPERTYPEID="30" PREVID="72491931" NEXTID="0" UPDATEDATE="2025-09-29" STARTDATE="2025-09-29" ENDDATE="2079-06-06" ISACTUAL="1" ISACTIVE="0" /><HOUSE ID="129173213" OBJECTID="71258748" OBJECTGUID="a5e9b411-d392-4f1d-9d5c-823ce10c4eb2" CHANGEID="689686247" HOUSENUM="19" HOUSETYPE="2" OPERTYPEID="20" PREVID="63135786" UPDATEDATE="2025-09-29" STARTDATE="2025-09-29" ENDDATE="2079-06-06" ISACTUAL="1" ISACTIVE="1" /><HOUSE ID="129173288" OBJECTID="64655659" OBJECTGUID="05e4e030-4922-4a49-806d-2242641d1d6e" CHANGEID="689686649" HOUSENUM="65" HOUSETYPE="3" OPERTYPEID="30" PREVID="51799463" NEXTID="0" UPDATEDATE="2025-09-29" STARTDATE="2025-09-29" ENDDATE="2079-06-06" ISACTUAL="1" ISACTIVE="0" /><HOUSE ID="51799463" OBJECTID="64655659" OBJECTGUID="05e4e030-4922-4a49-806d-2242641d1d6e" CHANGEID="96453932" HOUSENUM="65" HOUSETYPE="3" OPERTYPEID="20" PREVID="38908996" NEXTID="129173288" UPDATEDATE="2025-09-29" STARTDATE="2018-08-02" ENDDATE="2025-09-29" ISACTUAL="0" ISACTIVE="0" /><HOUSE ID="129173262" OBJECTID="64665456" OBJECTGUID="f6bc0df9-dea8-42b2-b2ce-2b6849b6502a" CHANGEID="689686492" HOUSENUM="126" HOUSETYPE="3" OPERTYPEID="30" PREVID="68856610" NEXTID="0" UPDATEDATE="2025-09-29" STARTDATE="2025-09-29" ENDDATE="2079-06-06" ISACTUAL="1" ISACTIVE="0" /><HOUSE ID="129173361" OBJECTID="26156387" OBJECTGUID="62a5c332-133b-455c-b449-87606f4096f8" CHANGEID="689686846" HOUSENUM="26" HOUSETYPE="3" OPERTYPEID="30" PREVID="58368616" NEXTID="0" UPDATEDATE="2025-09-29" STARTDATE="2025-09-29" ENDDATE="2079-06-06" ISACTUAL="1" ISACTIVE="0" /><HOUSE ID="129174756" OBJECTID="174943506" OBJECTGUID="cd5bb13c-1a8d-4aff-ac9c-5b7801996ebe" CHANGEID="689696699" HOUSENUM="395" HOUSETYPE="7" OPERTYPEID="10" PREVID="0" NEXTID="0" UPDATEDATE="2025-09-29" STARTDATE="2025-09-29" ENDDATE="2079-06-06" ISACTUAL="1" ISACTIVE="1" /><HOUSE ID="129174772" OBJECTID="174943527" OBJECTGUID="d15a3d50-ef4c-4952-92f7-910ec1630e46" CHANGEID="689696729" HOUSENUM="12" HOUSETYPE="2" OPERTYPEID="10" PREVID="0" NEXTID="0" UPDATEDATE="2025-09-29" STARTDATE="2025-09-29" ENDDATE="2079-06-06" ISACTUAL="1" ISACTIVE="1" /><HOUSE ID="129174853" OBJECTID="19585315" OBJECTGUID="67d8543a-ccbd-44fd-b13b-23e923555ed4" CHANGEID="689697075" HOUSENUM="36" HOUSETYPE="2" OPERTYPEID="30" PREVID="58737909" NEXTID="0" UPDATEDATE="2025-09-29" STARTDATE="2025-09-29" ENDDATE="2079-06-06" ISACTUAL="1" ISACTIVE="0" /><HOUSE ID="129174890" OBJECTID="19591226" OBJECTGUID="3fbd46cd-322b-4b47-bb3c-4010d4d15e91" CHANGEID="689697164" HOUSENUM="74" HOUSETYPE="2" OPERTYPEID="30" PREVID="55896365" NEXTID="0" UPDATEDATE="2025-09-29" STARTDATE="2025-09-29" ENDDATE="2079-06-06" ISACTUAL="1" ISACTIVE="0" /><HOUSE ID="129174860" OBJECTID="19570517" OBJECTGUID="fd4b2b74-0aad-4b81-9ed4-13ba2e375625" CHANGEID="689697106" HOUSENUM="4" HOUSETYPE="2" OPERTYPEID="30" PREVID="69321986" NEXTID="0" UPDATEDATE="2025-09-29" STARTDATE="2025-09-29" ENDDATE="2079-06-06" ISACTUAL="1" ISACTIVE="0" /><HOUSE ID="129175030" OBJECTID="78864437" OBJECTGUID="2cc0e28f-2c6a-4985-bce9-45681df2b9f3" CHANGEID="689697408" HOUSENUM="15" HOUSETYPE="2" OPERTYPEID="30" PREVID="125317776" NEXTID="0" UPDATEDATE="2025-09-29" STARTDATE="2025-09-29" ENDDATE="2079-06-06" ISACTUAL="1" ISACTIVE="0" /><HOUSE ID="129175035" OBJECTID="78857516" OBJECTGUID="586a9cac-4b32-42a2-a565-11b4620698e0" CHANGEID="689697432" HOUSENUM="2" HOUSETYPE="2" OPERTYPEID="30" PREVID="125317358" NEXTID="0" UPDATEDATE="2025-09-29" STARTDATE="2025-09-29" ENDDATE="2079-06-06" ISACTUAL="1" ISACTIVE="0" /><HOUSE ID="129174996" OBJECTID="84292361" OBJECTGUID="160bc29e-6f85-4053-9301-796efb6539c5" CHANGEID="689697306" HOUSENUM="2" HOUSETYPE="2" OPERTYPEID="30" PREVID="125371668" NEXTID="0" UPDATEDATE="2025-09-29" STARTDATE="2025-09-29" ENDDATE="2079-06-06" ISACTUAL="1" ISACTIVE="0" /><HOUSE ID="129175017" OBJECTID="7585116" OBJECTGUID="df244f54-ae3a-410a-8389-9c243520b1e7" CHANGEID="689697375" HOUSENUM="23" HOUSETYPE="2" OPERTYPEID="30" PREVID="125473213" NEXTID="0" UPDATEDATE="2025-09-29" STARTDATE="2025-09-29" ENDDATE="2079-06-06" ISACTUAL="1" ISACTIVE="0" /><HOUSE ID="129175134" OBJECTID="174944430" OBJECTGUID="55c94e46-80f9-4018-9a7e-51584b0ffbb5" CHANGEID="689698524" HOUSENUM="61" ADDNUM1="1" HOUSETYPE="7" ADDTYPE1="1" OPERTYPEID="10" PREVID="0" NEXTID="0" UPDATEDATE="2025-09-29" STARTDATE="2025-09-29" ENDDATE="2079-06-06" ISACTUAL="1" ISACTIVE="1" /><HOUSE ID="129175150" OBJECTID="174944486" OBJECTGUID="88862a30-4b84-462c-9791-43eef0183c69" CHANGEID="689698631" HOUSENUM="55" HOUSETYPE="7" OPERTYPEID="10" PREVID="0" NEXTID="0" UPDATEDATE="2025-09-29" STARTDATE="2025-09-29" ENDDATE="2079-06-06" ISACTUAL="1" ISACTIVE="1" /><HOUSE ID="129177405" OBJECTID="174951407" OBJECTGUID="78f15277-ac93-403e-8d0f-8391acf58e4d" CHANGEID="689712353" HOUSENUM="89а" HOUSETYPE="2" OPERTYPEID="10" PREVID="0" NEXTID="0" UPDATEDATE="2025-09-30" STARTDATE="2025-09-30" ENDDATE="2079-06-06" ISACTUAL="1" ISACTIVE="1" /><HOUSE ID="129177502" OBJECTID="174951614" OBJECTGUID="cfa9837a-5435-4306-b05e-689b9d7c7732" CHANGEID="689712774" HOUSENUM="106А" HOUSETYPE="2" OPERTYPEID="10" PREVID="0" NEXTID="0" UPDATEDATE="2025-09-30" STARTDATE="2025-09-30" ENDDATE="2079-06-06" ISACTUAL="1" ISACTIVE="1" /><HOUSE ID="129177988" OBJECTID="174952777" OBJECTGUID="bfac8f32-dd97-4f3c-964b-e6acdfc8d4df" CHANGEID="689718114" HOUSENUM="1" HOUSETYPE="8" OPERTYPEID="10" PREVID="0" NEXTID="0" UPDATEDATE="2025-09-30" STARTDATE="2025-09-30" ENDDATE="2079-06-06" ISACTUAL="1" ISACTIVE="1" /><HOUSE ID="129178008" OBJECTID="174952824" OBJECTGUID="25a91854-f34d-4466-8c86-d35e71b2303f" CHANGEID="689718218" HOUSENUM="43В" HOUSETYPE="5" OPERTYPEID="10" PREVID="0" NEXTID="0" UPDATEDATE="2025-09-30" STARTDATE="2025-09-30" ENDDATE="2079-06-06" ISACTUAL="1" ISACTIVE="1" /><HOUSE ID="129178421" OBJECTID="157848239" OBJECTGUID="31a90e3b-2759-4011-96b7-c6f7bcd7a798" CHANGEID="689720828" HOUSENUM="10А" HOUSETYPE="5" OPERTYPEID="30" PREVID="124040663" NEXTID="0" UPDATEDATE="2025-09-30" STARTDATE="2025-09-30" ENDDATE="2079-06-06" ISACTUAL="1" ISACTIVE="0" /><HOUSE ID="129178430" OBJECTID="62548858" OBJECTGUID="c779d786-f935-4b1d-b7b8-967a6c5feebd" CHANGEID="689720916" HOUSENUM="106А" HOUSETYPE="3" OPERTYPEID="30" PREVID="37593054" NEXTID="0" UPDATEDATE="2025-09-30" STARTDATE="2025-09-30" ENDDATE="2079-06-06" ISACTUAL="1" ISACTIVE="0" /><HOUSE ID="37593054" OBJECTID="62548858" OBJECTGUID="c779d786-f935-4b1d-b7b8-967a6c5feebd" CHANGEID="93375071" HOUSENUM="106А" HOUSETYPE="3" OPERTYPEID="10" PREVID="0" NEXTID="129178430" UPDATEDATE="2025-09-30" STARTDATE="2017-03-29" ENDDATE="2025-09-30" ISACTUAL="0" ISACTIVE="0" /><HOUSE ID="129179528" OBJECTID="174957956" OBJECTGUID="cd1091d0-eb78-4077-9786-f6e7d8ef14da" CHANGEID="689729941" HOUSENUM="38" HOUSETYPE="2" OPERTYPEID="10" PREVID="0" NEXTID="0" UPDATEDATE="2025-09-30" STARTDATE="2025-09-30" ENDDATE="2079-06-06" ISACTUAL="1" ISACTIVE="1" /><HOUSE ID="129179655" OBJECTID="56145349" OBJECTGUID="efc761a3-a669-4655-9ed9-d03fc2b9f2e1" CHANGEID="689730464" HOUSENUM="8" HOUSETYPE="2" OPERTYPEID="20" PREVID="33589203" UPDATEDATE="2025-09-30" STARTDATE="2025-09-30" ENDDATE="2079-06-06" ISACTUAL="1" ISACTIVE="1" /><HOUSE ID="129179771" OBJECTID="174958512" OBJECTGUID="6303ebe9-586c-4f7e-b774-c634c2c1fb25" CHANGEID="689731814" HOUSENUM="16А" HOUSETYPE="2" OPERTYPEID="10" PREVID="0" NEXTID="0" UPDATEDATE="2025-09-30" STARTDATE="2025-09-30" ENDDATE="2079-06-06" ISACTUAL="1" ISACTIVE="1" /><HOUSE ID="129179811" OBJECTID="33897277" OBJECTGUID="2c5c6a94-2d7a-44e8-8f64-3d4652425bcb" CHANGEID="689732516" HOUSENUM="88" HOUSETYPE="2" OPERTYPEID="20" PREVID="20142910" UPDATEDATE="2025-09-30" STARTDATE="2025-09-30" ENDDATE="2079-06-06" ISACTUAL="1" ISACTIVE="1" /><HOUSE ID="129180217" OBJECTID="174959677" OBJECTGUID="ce545236-965d-40e4-b2c0-9efec2cc5e65" CHANGEID="689734514" HOUSENUM="21" ADDNUM1="1" HOUSETYPE="2" ADDTYPE1="2" OPERTYPEID="10" PREVID="0" NEXTID="0" UPDATEDATE="2025-09-30" STARTDATE="2025-09-30" ENDDATE="2079-06-06" ISACTUAL="1" ISACTIVE="1" /><HOUSE ID="129180279" OBJECTID="174960090" OBJECTGUID="9861e969-5e4c-4776-bfd5-89a99e312d3e" CHANGEID="689735194" HOUSENUM="2В/1" HOUSETYPE="7" OPERTYPEID="10" PREVID="0" NEXTID="0" UPDATEDATE="2025-09-30" STARTDATE="2025-09-30" ENDDATE="2079-06-06" ISACTUAL="1" ISACTIVE="1" /><HOUSE ID="129180520" OBJECTID="174960826" OBJECTGUID="368a4f86-6dc6-4910-bc05-745dc3ac2c9b" CHANGEID="689737095" HOUSENUM="10А" HOUSETYPE="5" OPERTYPEID="10" PREVID="0" NEXTID="0" UPDATEDATE="2025-09-30" STARTDATE="2025-09-30" ENDDATE="2079-06-06" ISACTUAL="1" ISACTIVE="1" /><HOUSE ID="129180994" OBJECTID="174962430" OBJECTGUID="a523b1f4-7947-441c-94ec-cb8f76b71773" CHANGEID="689740846" HOUSENUM="238" HOUSETYPE="4" OPERTYPEID="10" PREVID="0" NEXTID="0" UPDATEDATE="2025-09-30" STARTDATE="2025-09-30" ENDDATE="2079-06-06" ISACTUAL="1" ISACTIVE="1" /><HOUSE ID="129181006" OBJECTID="174962473" OBJECTGUID="48ec0269-fe40-44a6-b1b0-9db7147e8a49" CHANGEID="689740953" HOUSENUM="238/1" HOUSETYPE="4" OPERTYPEID="10" PREVID="0" NEXTID="0" UPDATEDATE="2025-09-30" STARTDATE="2025-09-30" ENDDATE="2079-06-06" ISACTUAL="1" ISACTIVE="1" /><HOUSE ID="129182470" OBJECTID="16562981" OBJECTGUID="db721c0e-2a53-4bd6-9d6c-6bccc9fffbe8" CHANGEID="689749265" HOUSENUM="96" HOUSETYPE="3" OPERTYPEID="30" PREVID="9428423" NEXTID="0" UPDATEDATE="2025-09-30" STARTDATE="2025-09-30" ENDDATE="2079-06-06" ISACTUAL="1" ISACTIVE="0" /><HOUSE ID="129182719" OBJECTID="46213868" OBJECTGUID="e960a54a-5d59-45db-81f9-8d29ff53aa3c" CHANGEID="689750856" HOUSENUM="37" HOUSETYPE="2" OPERTYPEID="30" PREVID="27603088" NEXTID="0" UPDATEDATE="2025-09-30" STARTDATE="2025-09-30" ENDDATE="2079-06-06" ISACTUAL="1" ISACTIVE="0" /><HOUSE ID="27603088" OBJECTID="46213868" OBJECTGUID="e960a54a-5d59-45db-81f9-8d29ff53aa3c" CHANGEID="69566072" HOUSENUM="37" HOUSETYPE="2" OPERTYPEID="10" PREVID="0" NEXTID="129182719" UPDATEDATE="2025-09-30" STARTDATE="2016-06-06" ENDDATE="2025-09-30" ISACTUAL="0" ISACTIVE="0" /><HOUSE ID="129183118" OBJECTID="40496702" OBJECTGUID="67147c20-9b91-40f3-aae2-409621b34d53" CHANGEID="689753557" HOUSENUM="28" HOUSETYPE="3" OPERTYPEID="30" PREVID="58683168" NEXTID="0" UPDATEDATE="2025-09-30" STARTDATE="2025-09-30" ENDDATE="2079-06-06" ISACTUAL="1" ISACTIVE="0" /><HOUSE ID="129183260" OBJECTID="47055035" OBJECTGUID="d19f3815-2e51-4365-a136-05a07184b093" CHANGEID="689754944" HOUSENUM="26" HOUSETYPE="3" OPERTYPEID="30" PREVID="66229860" NEXTID="0" UPDATEDATE="2025-09-30" STARTDATE="2025-09-30" ENDDATE="2079-06-06" ISACTUAL="1" ISACTIVE="0" /><HOUSE ID="129183295" OBJECTID="28315578" OBJECTGUID="cf59652f-acb7-46bf-9117-cc75144432d7" CHANGEID="689755160" HOUSENUM="59" HOUSETYPE="3" OPERTYPEID="30" PREVID="66069148" NEXTID="0" UPDATEDATE="2025-09-30" STARTDATE="2025-09-30" ENDDATE="2079-06-06" ISACTUAL="1" ISACTIVE="0" /><HOUSE ID="129183300" OBJECTID="83909137" OBJECTGUID="24c8f616-3f1e-48a9-8e4e-cb29b98418ca" CHANGEID="689755203" HOUSENUM="21" HOUSETYPE="2" OPERTYPEID="30" PREVID="50808585" NEXTID="0" UPDATEDATE="2025-09-30" STARTDATE="2025-09-30" ENDDATE="2079-06-06" ISACTUAL="1" ISACTIVE="0" /><HOUSE ID="129183303" OBJECTID="79359656" OBJECTGUID="37372aec-cdca-4fa0-8d3c-7c9131dbe9f9" CHANGEID="689755213" HOUSENUM="9" HOUSETYPE="3" OPERTYPEID="30" PREVID="55291825" NEXTID="0" UPDATEDATE="2025-09-30" STARTDATE="2025-09-30" ENDDATE="2079-06-06" ISACTUAL="1" ISACTIVE="0" /><HOUSE ID="129183308" OBJECTID="6727345" OBJECTGUID="7e116b16-f526-4532-bd5e-a42a43a86c16" CHANGEID="689755231" HOUSENUM="10" HOUSETYPE="2" OPERTYPEID="30" PREVID="3207694" NEXTID="0" UPDATEDATE="2025-09-30" STARTDATE="2025-09-30" ENDDATE="2079-06-06" ISACTUAL="1" ISACTIVE="0" /><HOUSE ID="3207694" OBJECTID="6727345" OBJECTGUID="7e116b16-f526-4532-bd5e-a42a43a86c16" CHANGEID="11727954" HOUSENUM="10" HOUSETYPE="2" OPERTYPEID="10" PREVID="0" NEXTID="129183308" UPDATEDATE="2025-09-30" STARTDATE="1900-01-01" ENDDATE="2025-09-30" ISACTUAL="0" ISACTIVE="0" /><HOUSE ID="129183248" OBJECTID="46784950" OBJECTGUID="96a7ae8b-446a-4eeb-9929-72a67382ee5c" CHANGEID="689754887" HOUSENUM="81" HOUSETYPE="2" OPERTYPEID="30" PREVID="27976787" NEXTID="0" UPDATEDATE="2025-09-30" STARTDATE="2025-09-30" ENDDATE="2079-06-06" ISACTUAL="1" ISACTIVE="0" /><HOUSE ID="27976787" OBJECTID="46784950" OBJECTGUID="96a7ae8b-446a-4eeb-9929-72a67382ee5c" CHANGEID="70405952" HOUSENUM="81" HOUSETYPE="2" OPERTYPEID="10" PREVID="0" NEXTID="129183248" UPDATEDATE="2025-09-30" STARTDATE="2017-11-14" ENDDATE="2025-09-30" ISACTUAL="0" ISACTIVE="0" /><HOUSE ID="129183326" OBJECTID="59787017" OBJECTGUID="9ec17a2a-788b-4cd4-b2e4-8ee88df716fb" CHANGEID="689755346" HOUSENUM="50" HOUSETYPE="3" OPERTYPEID="30" PREVID="62629746" NEXTID="0" UPDATEDATE="2025-09-30" STARTDATE="2025-09-30" ENDDATE="2079-06-06" ISACTUAL="1" ISACTIVE="0" /><HOUSE ID="129183334" OBJECTID="24709709" OBJECTGUID="9f97f072-c98f-45d8-bcdf-dadce6546898" CHANGEID="689755398" HOUSENUM="36" HOUSETYPE="2" OPERTYPEID="30" PREVID="14614535" NEXTID="0" UPDATEDATE="2025-09-30" STARTDATE="2025-09-30" ENDDATE="2079-06-06" ISACTUAL="1" ISACTIVE="0" /><HOUSE ID="14614535" OBJECTID="24709709" OBJECTGUID="9f97f072-c98f-45d8-bcdf-dadce6546898" CHANGEID="38287839" HOUSENUM="36" HOUSETYPE="2" OPERTYPEID="10" PREVID="0" NEXTID="129183334" UPDATEDATE="2025-09-30" STARTDATE="1900-01-01" ENDDATE="2025-09-30" ISACTUAL="0" ISACTIVE="0" /><HOUSE ID="129183338" OBJECTID="32362599" OBJECTGUID="fd276110-848c-4fb7-bb24-43d5bcca5a1e" CHANGEID="689755445" HOUSENUM="23" HOUSETYPE="3" OPERTYPEID="30" PREVID="69311100" NEXTID="0" UPDATEDATE="2025-09-30" STARTDATE="2025-09-30" ENDDATE="2079-06-06" ISACTUAL="1" ISACTIVE="0" /><HOUSE ID="129183344" OBJECTID="22256541" OBJECTGUID="c4a8ad2e-1785-47db-a898-889025e50575" CHANGEID="689755474" HOUSENUM="22" HOUSETYPE="2" OPERTYPEID="30" PREVID="13116265" NEXTID="0" UPDATEDATE="2025-09-30" STARTDATE="2025-09-30" ENDDATE="2079-06-06" ISACTUAL="1" ISACTIVE="0" /><HOUSE ID="13116265" OBJECTID="22256541" OBJECTGUID="c4a8ad2e-1785-47db-a898-889025e50575" CHANGEID="34703845" HOUSENUM="22" HOUSETYPE="2" OPERTYPEID="10" PREVID="0" NEXTID="129183344" UPDATEDATE="2025-09-30" STARTDATE="1900-01-01" ENDDATE="2025-09-30" ISACTUAL="0" ISACTIVE="0" /><HOUSE ID="129183321" OBJECTID="7550244" OBJECTGUID="8cb9fd49-4b8c-4bb9-a6a4-a18aa5b93af4" CHANGEID="689755287" HOUSENUM="65" HOUSETYPE="2" OPERTYPEID="30" PREVID="61350906" NEXTID="0" UPDATEDATE="2025-09-30" STARTDATE="2025-09-30" ENDDATE="2079-06-06" ISACTUAL="1" ISACTIVE="0" /><HOUSE ID="129183324" OBJECTID="46362968" OBJECTGUID="d1c07d9a-39ae-4648-a47e-430ecd2972ad" CHANGEID="689755331" HOUSENUM="17" HOUSETYPE="2" OPERTYPEID="30" PREVID="27706268" NEXTID="0" UPDATEDATE="2025-09-30" STARTDATE="2025-09-30" ENDDATE="2079-06-06" ISACTUAL="1" ISACTIVE="0" /><HOUSE ID="129183339" OBJECTID="6106568" OBJECTGUID="d12d9f99-b956-4b9e-bc5c-f7b080d0658a" CHANGEID="689755448" HOUSENUM="24" HOUSETYPE="2" OPERTYPEID="30" PREVID="2829768" NEXTID="0" UPDATEDATE="2025-09-30" STARTDATE="2025-09-30" ENDDATE="2079-06-06" ISACTUAL="1" ISACTIVE="0" /><HOUSE ID="2829768" OBJECTID="6106568" OBJECTGUID="d12d9f99-b956-4b9e-bc5c-f7b080d0658a" CHANGEID="10826848" HOUSENUM="24" HOUSETYPE="2" OPERTYPEID="10" PREVID="0" NEXTID="129183339" UPDATEDATE="2025-09-30" STARTDATE="1900-01-01" ENDDATE="2025-09-30" ISACTUAL="0" ISACTIVE="0" /><HOUSE ID="129183352" OBJECTID="22263429" OBJECTGUID="780a880a-14ce-4310-bae9-e19ecf201c55" CHANGEID="689755554" HOUSENUM="28" HOUSETYPE="2" OPERTYPEID="30" PREVID="13121054" NEXTID="0" UPDATEDATE="2025-09-30" STARTDATE="2025-09-30" ENDDATE="2079-06-06" ISACTUAL="1" ISACTIVE="0" /><HOUSE ID="13121054" OBJECTID="22263429" OBJECTGUID="780a880a-14ce-4310-bae9-e19ecf201c55" CHANGEID="34714229" HOUSENUM="28" HOUSETYPE="2" OPERTYPEID="10" PREVID="0" NEXTID="129183352" UPDATEDATE="2025-09-30" STARTDATE="1900-01-01" ENDDATE="2025-09-30" ISACTUAL="0" ISACTIVE="0" /><HOUSE ID="129183359" OBJECTID="1844127" OBJECTGUID="5868e099-19e6-4ddc-ac14-3af74b84ffda" CHANGEID="689755650" HOUSENUM="15" HOUSETYPE="2" OPERTYPEID="30" PREVID="236488" NEXTID="0" UPDATEDATE="2025-09-30" STARTDATE="2025-09-30" ENDDATE="2079-06-06" ISACTUAL="1" ISACTIVE="0" /><HOUSE ID="129183368" OBJECTID="17562093" OBJECTGUID="2dfdc5b1-5f55-44cf-99df-9873ab965b1b" CHANGEID="689755696" HOUSENUM="133" HOUSETYPE="2" OPERTYPEID="30" PREVID="54639336" NEXTID="0" UPDATEDATE="2025-09-30" STARTDATE="2025-09-30" ENDDATE="2079-06-06" ISACTUAL="1" ISACTIVE="0" /><HOUSE ID="129183375" OBJECTID="7568510" OBJECTGUID="7024f68f-4a78-448e-bdc9-c8c8eb34d23b" CHANGEID="689755753" HOUSENUM="101" HOUSETYPE="2" OPERTYPEID="30" PREVID="59324641" NEXTID="0" UPDATEDATE="2025-09-30" STARTDATE="2025-09-30" ENDDATE="2079-06-06" ISACTUAL="1" ISACTIVE="0" /><HOUSE ID="129183383" OBJECTID="7502311" OBJECTGUID="92bc3dce-1b98-4d2a-b94c-5da2288fb012" CHANGEID="689755794" HOUSENUM="103" HOUSETYPE="2" OPERTYPEID="30" PREVID="61775582" NEXTID="0" UPDATEDATE="2025-09-30" STARTDATE="2025-09-30" ENDDATE="2079-06-06" ISACTUAL="1" ISACTIVE="0" /><HOUSE ID="129183438" OBJECTID="38843019" OBJECTGUID="5f5c0296-4b84-4265-b12c-3427f2f2f71e" CHANGEID="689756075" HOUSENUM="39" HOUSETYPE="2" OPERTYPEID="30" PREVID="23218332" NEXTID="0" UPDATEDATE="2025-09-30" STARTDATE="2025-09-30" ENDDATE="2079-06-06" ISACTUAL="1" ISACTIVE="0" /><HOUSE ID="23218332" OBJECTID="38843019" OBJECTGUID="5f5c0296-4b84-4265-b12c-3427f2f2f71e" CHANGEID="58875028" HOUSENUM="39" HOUSETYPE="2" OPERTYPEID="10" PREVID="0" NEXTID="129183438" UPDATEDATE="2025-09-30" STARTDATE="1900-01-01" ENDDATE="2025-09-30" ISACTUAL="0" ISACTIVE="0" /><HOUSE ID="129183443" OBJECTID="76640519" OBJECTGUID="7f5e9092-d950-4f47-90bc-aa0df4e87d26" CHANGEID="689756116" HOUSENUM="16" HOUSETYPE="2" OPERTYPEID="30" PREVID="46315481" NEXTID="0" UPDATEDATE="2025-09-30" STARTDATE="2025-09-30" ENDDATE="2079-06-06" ISACTUAL="1" ISACTIVE="0" /><HOUSE ID="46315481" OBJECTID="76640519" OBJECTGUID="7f5e9092-d950-4f47-90bc-aa0df4e87d26" CHANGEID="114006362" HOUSENUM="16" HOUSETYPE="2" OPERTYPEID="10" PREVID="0" NEXTID="129183443" UPDATEDATE="2025-09-30" STARTDATE="1900-01-01" ENDDATE="2025-09-30" ISACTUAL="0" ISACTIVE="0" /><HOUSE ID="129183457" OBJECTID="23829910" OBJECTGUID="056840aa-f9a8-49b6-bbf6-cba7b9e32828" CHANGEID="689756200" HOUSENUM="14" HOUSETYPE="2" OPERTYPEID="30" PREVID="51764539" NEXTID="0" UPDATEDATE="2025-09-30" STARTDATE="2025-09-30" ENDDATE="2079-06-06" ISACTUAL="1" ISACTIVE="0" /><HOUSE ID="51764539" OBJECTID="23829910" OBJECTGUID="056840aa-f9a8-49b6-bbf6-cba7b9e32828" CHANGEID="36996110" HOUSENUM="14" HOUSETYPE="2" OPERTYPEID="20" PREVID="14060935" NEXTID="129183457" UPDATEDATE="2025-09-30" STARTDATE="2019-04-05" ENDDATE="2025-09-30" ISACTUAL="0" ISACTIVE="0" /><HOUSE ID="129183491" OBJECTID="174969362" OBJECTGUID="8338f6e2-d800-4255-a368-a0fe3fc2c910" CHANGEID="689756336" HOUSENUM="114" HOUSETYPE="2" OPERTYPEID="10" PREVID="0" NEXTID="0" UPDATEDATE="2025-09-30" STARTDATE="2025-09-30" ENDDATE="2079-06-06" ISACTUAL="1" ISACTIVE="1" /><HOUSE ID="129183420" OBJECTID="69241890" OBJECTGUID="26dbe20e-5f36-4c7b-aea2-ecae09ed3a5b" CHANGEID="689755979" HOUSENUM="59" HOUSETYPE="2" OPERTYPEID="30" PREVID="41749994" NEXTID="0" UPDATEDATE="2025-09-30" STARTDATE="2025-09-30" ENDDATE="2079-06-06" ISACTUAL="1" ISACTIVE="0" /><HOUSE ID="41749994" OBJECTID="69241890" OBJECTGUID="26dbe20e-5f36-4c7b-aea2-ecae09ed3a5b" CHANGEID="103200978" HOUSENUM="59" HOUSETYPE="2" OPERTYPEID="10" PREVID="0" NEXTID="129183420" UPDATEDATE="2025-09-30" STARTDATE="1900-01-01" ENDDATE="2025-09-30" ISACTUAL="0" ISACTIVE="0" /><HOUSE ID="129183434" OBJECTID="6738333" OBJECTGUID="04bbb4af-25ff-45be-a5bb-eff8eee4a933" CHANGEID="689756045" HOUSENUM="73" HOUSETYPE="2" OPERTYPEID="30" PREVID="3214021" NEXTID="0" UPDATEDATE="2025-09-30" STARTDATE="2025-09-30" ENDDATE="2079-06-06" ISACTUAL="1" ISACTIVE="0" /><HOUSE ID="3214021" OBJECTID="6738333" OBJECTGUID="04bbb4af-25ff-45be-a5bb-eff8eee4a933" CHANGEID="11743654" HOUSENUM="73" HOUSETYPE="2" OPERTYPEID="10" PREVID="0" NEXTID="129183434" UPDATEDATE="2025-09-30" STARTDATE="1900-01-01" ENDDATE="2025-09-30" ISACTUAL="0" ISACTIVE="0" /><HOUSE ID="129183469" OBJECTID="52237416" OBJECTGUID="0686c066-b11d-4128-918f-a2421e73a733" CHANGEID="689756242" HOUSENUM="42" HOUSETYPE="2" OPERTYPEID="30" PREVID="31216202" NEXTID="0" UPDATEDATE="2025-09-30" STARTDATE="2025-09-30" ENDDATE="2079-06-06" ISACTUAL="1" ISACTIVE="0" /><HOUSE ID="31216202" OBJECTID="52237416" OBJECTGUID="0686c066-b11d-4128-918f-a2421e73a733" CHANGEID="78272077" HOUSENUM="42" HOUSETYPE="2" OPERTYPEID="10" PREVID="0" NEXTID="129183469" UPDATEDATE="2025-09-30" STARTDATE="1900-01-01" ENDDATE="2025-09-30" ISACTUAL="0" ISACTIVE="0" /><HOUSE ID="129183482" OBJECTID="31352962" OBJECTGUID="335d47e2-9934-4901-b784-4c4115e3f816" CHANGEID="689756295" HOUSENUM="13" HOUSETYPE="2" OPERTYPEID="30" PREVID="18623811" NEXTID="0" UPDATEDATE="2025-09-30" STARTDATE="2025-09-30" ENDDATE="2079-06-06" ISACTUAL="1" ISACTIVE="0" /><HOUSE ID="18623811" OBJECTID="31352962" OBJECTGUID="335d47e2-9934-4901-b784-4c4115e3f816" CHANGEID="47957337" HOUSENUM="13" HOUSETYPE="2" OPERTYPEID="10" PREVID="0" NEXTID="129183482" UPDATEDATE="2025-09-30" STARTDATE="1900-01-01" ENDDATE="2025-09-30" ISACTUAL="0" ISACTIVE="0" /><HOUSE ID="129183493" OBJECTID="30501058" OBJECTGUID="7157d98b-248b-4e0e-b903-2c3268ae5b26" CHANGEID="689756343" HOUSENUM="67" HOUSETYPE="2" OPERTYPEID="30" PREVID="18093908" NEXTID="0" UPDATEDATE="2025-09-30" STARTDATE="2025-09-30" ENDDATE="2079-06-06" ISACTUAL="1" ISACTIVE="0" /><HOUSE ID="18093908" OBJECTID="30501058" OBJECTGUID="7157d98b-248b-4e0e-b903-2c3268ae5b26" CHANGEID="46708458" HOUSENUM="67" HOUSETYPE="2" OPERTYPEID="10" PREVID="0" NEXTID="129183493" UPDATEDATE="2025-09-30" STARTDATE="1900-01-01" ENDDATE="2025-09-30" ISACTUAL="0" ISACTIVE="0" /><HOUSE ID="129183514" OBJECTID="42757425" OBJECTGUID="73cae011-9179-428c-980f-223125b0ae18" CHANGEID="689756531" HOUSENUM="25" HOUSETYPE="2" OPERTYPEID="30" PREVID="25535416" NEXTID="0" UPDATEDATE="2025-09-30" STARTDATE="2025-09-30" ENDDATE="2079-06-06" ISACTUAL="1" ISACTIVE="0" /><HOUSE ID="129183515" OBJECTID="174969498" OBJECTGUID="44875732-8593-47d3-8e95-a63f4e4be2a4" CHANGEID="689756534" HOUSENUM="4" HOUSETYPE="2" OPERTYPEID="10" PREVID="0" NEXTID="0" UPDATEDATE="2025-09-30" STARTDATE="2025-09-30" ENDDATE="2079-06-06" ISACTUAL="1" ISACTIVE="1" /><HOUSE ID="129183534" OBJECTID="174969589" OBJECTGUID="323d18fc-a83a-482c-932f-de6f9d86cefa" CHANGEID="689756682" HOUSENUM="26" HOUSETYPE="2" OPERTYPEID="10" PREVID="0" NEXTID="0" UPDATEDATE="2025-09-30" STARTDATE="2025-09-30" ENDDATE="2079-06-06" ISACTUAL="1" ISACTIVE="1" /><HOUSE ID="129183507" OBJECTID="174969478" OBJECTGUID="3ba973af-ce0e-4205-9bf9-98f3f8180702" CHANGEID="689756493" HOUSENUM="34" HOUSETYPE="2" OPERTYPEID="10" PREVID="0" NEXTID="0" UPDATEDATE="2025-09-30" STARTDATE="2025-09-30" ENDDATE="2079-06-06" ISACTUAL="1" ISACTIVE="1" /><HOUSE ID="129183524" OBJECTID="174969518" OBJECTGUID="d6a9c61c-e676-42e4-814a-df512d7c1852" CHANGEID="689756589" HOUSENUM="65" HOUSETYPE="2" OPERTYPEID="10" PREVID="0" NEXTID="0" UPDATEDATE="2025-09-30" STARTDATE="2025-09-30" ENDDATE="2079-06-06" ISACTUAL="1" ISACTIVE="1" /><HOUSE ID="129183525" OBJECTID="174969519" OBJECTGUID="29f18c64-55b7-476f-908a-d6f6df1705ed" CHANGEID="689756590" HOUSENUM="126" HOUSETYPE="2" OPERTYPEID="10" PREVID="0" NEXTID="0" UPDATEDATE="2025-09-30" STARTDATE="2025-09-30" ENDDATE="2079-06-06" ISACTUAL="1" ISACTIVE="1" /><HOUSE ID="129183737" OBJECTID="45635326" OBJECTGUID="8e4e462e-e5f5-4214-814e-4be83bdc25f4" CHANGEID="689757985" HOUSENUM="51" HOUSETYPE="3" OPERTYPEID="30" PREVID="61462024" NEXTID="0" UPDATEDATE="2025-09-30" STARTDATE="2025-09-30" ENDDATE="2079-06-06" ISACTUAL="1" ISACTIVE="0" /><HOUSE ID="129183714" OBJECTID="174969843" OBJECTGUID="43b16028-e91c-4805-8903-a023ed86eeec" CHANGEID="689757381" HOUSENUM="42А" HOUSETYPE="2" OPERTYPEID="10" PREVID="0" NEXTID="0" UPDATEDATE="2025-09-30" STARTDATE="2025-09-30" ENDDATE="2079-06-06" ISACTUAL="1" ISACTIVE="1" /><HOUSE ID="129183802" OBJECTID="7105438" OBJECTGUID="92e2b2d7-6cdb-46fd-8669-389947a0869b" CHANGEID="689758745" HOUSENUM="41Б" HOUSETYPE="7" OPERTYPEID="30" PREVID="61786706" NEXTID="0" UPDATEDATE="2025-09-30" STARTDATE="2025-09-30" ENDDATE="2079-06-06" ISACTUAL="1" ISACTIVE="0" /><HOUSE ID="61786706" OBJECTID="7105438" OBJECTGUID="92e2b2d7-6cdb-46fd-8669-389947a0869b" CHANGEID="12273544" HOUSENUM="41Б" HOUSETYPE="7" OPERTYPEID="20" PREVID="3430358" NEXTID="129183802" UPDATEDATE="2025-09-30" STARTDATE="2003-02-01" ENDDATE="2025-09-30" ISACTUAL="0" ISACTIVE="0" /><HOUSE ID="129185793" OBJECTID="79564520" OBJECTGUID="ed7157b9-75bd-4527-bbd5-230b761c917f" CHANGEID="689790036" HOUSENUM="36" HOUSETYPE="3" OPERTYPEID="30" PREVID="68198841" NEXTID="0" UPDATEDATE="2025-10-01" STARTDATE="2025-10-01" ENDDATE="2079-06-06" ISACTUAL="1" ISACTIVE="0" /><HOUSE ID="129185826" OBJECTID="174976595" OBJECTGUID="484548d6-1207-44a6-9790-34f9953ee5f6" CHANGEID="689790328" HOUSENUM="29" HOUSETYPE="2" OPERTYPEID="10" PREVID="0" NEXTID="0" UPDATEDATE="2025-10-01" STARTDATE="2025-10-01" ENDDATE="2079-06-06" ISACTUAL="1" ISACTIVE="1" /><HOUSE ID="129185912" OBJECTID="174976882" OBJECTGUID="8aae3943-6e75-4f80-8331-18d6f63369b4" CHANGEID="689790753" HOUSENUM="76" HOUSETYPE="2" OPERTYPEID="10" PREVID="0" NEXTID="0" UPDATEDATE="2025-10-01" STARTDATE="2025-10-01" ENDDATE="2079-06-06" ISACTUAL="1" ISACTIVE="1" /><HOUSE ID="129186816" OBJECTID="64855504" OBJECTGUID="a9f64d8b-4787-4452-86dd-a63e7fad8675" CHANGEID="689796905" HOUSENUM="49" HOUSETYPE="3" OPERTYPEID="30" PREVID="63421271" NEXTID="0" UPDATEDATE="2025-10-01" STARTDATE="2025-10-01" ENDDATE="2079-06-06" ISACTUAL="1" ISACTIVE="0" /><HOUSE ID="129186804" OBJECTID="11173338" OBJECTGUID="0388fdda-18c1-497f-9e19-23c4eb2d6c6f" CHANGEID="689796798" HOUSENUM="3" HOUSETYPE="3" OPERTYPEID="30" PREVID="51631829" NEXTID="0" UPDATEDATE="2025-10-01" STARTDATE="2025-10-01" ENDDATE="2079-06-06" ISACTUAL="1" ISACTIVE="0" /><HOUSE ID="51631829" OBJECTID="11173338" OBJECTGUID="0388fdda-18c1-497f-9e19-23c4eb2d6c6f" CHANGEID="18225057" HOUSENUM="3" HOUSETYPE="3" OPERTYPEID="20" PREVID="5947109" NEXTID="129186804" UPDATEDATE="2025-10-01" STARTDATE="2018-08-06" ENDDATE="2025-10-01" ISACTUAL="0" ISACTIVE="0" /><HOUSE ID="129186812" OBJECTID="84123412" OBJECTGUID="02520d78-5d77-4845-bc6d-974387c96e7f" CHANGEID="689796871" HOUSENUM="19" HOUSETYPE="3" OPERTYPEID="30" PREVID="51544415" NEXTID="0" UPDATEDATE="2025-10-01" STARTDATE="2025-10-01" ENDDATE="2079-06-06" ISACTUAL="1" ISACTIVE="0" /><HOUSE ID="129187293" OBJECTID="174981485" OBJECTGUID="03063696-53c4-4dbe-852f-5ce998ceb416" CHANGEID="689799589" HOUSENUM="8Б" HOUSETYPE="2" OPERTYPEID="10" PREVID="0" NEXTID="0" UPDATEDATE="2025-10-01" STARTDATE="2025-10-01" ENDDATE="2079-06-06" ISACTUAL="1" ISACTIVE="1" /><HOUSE ID="129187645" OBJECTID="174982450" OBJECTGUID="a4149139-d7f0-422c-99e4-deef2f861a90" CHANGEID="689801389" HOUSENUM="5" HOUSETYPE="2" OPERTYPEID="10" PREVID="0" NEXTID="0" UPDATEDATE="2025-10-01" STARTDATE="2025-10-01" ENDDATE="2079-06-06" ISACTUAL="1" ISACTIVE="1" /><HOUSE ID="129189064" OBJECTID="9105655" OBJECTGUID="142e8c82-68a3-4b9d-95d0-e8d94c053536" CHANGEID="689810017" HOUSENUM="33" HOUSETYPE="2" OPERTYPEID="20" PREVID="52811157" UPDATEDATE="2025-10-01" STARTDATE="2025-10-01" ENDDATE="2079-06-06" ISACTUAL="1" ISACTIVE="1" /><HOUSE ID="129189070" OBJECTID="9061314" OBJECTGUID="92cff2eb-5531-45ba-9337-2da62292b6f0" CHANGEID="689810030" HOUSENUM="35" HOUSETYPE="2" OPERTYPEID="20" PREVID="61781338" UPDATEDATE="2025-10-01" STARTDATE="2025-10-01" ENDDATE="2079-06-06" ISACTUAL="1" ISACTIVE="1" /><HOUSE ID="129189396" OBJECTID="32693669" OBJECTGUID="ec705617-36be-4e14-a2f1-b20066819ed8" CHANGEID="689811076" HOUSENUM="26" HOUSETYPE="2" OPERTYPEID="20" PREVID="68128248" UPDATEDATE="2025-10-01" STARTDATE="2025-10-01" ENDDATE="2079-06-06" ISACTUAL="1" ISACTIVE="1" /><HOUSE ID="129190347" OBJECTID="174990251" OBJECTGUID="d7145538-9f3e-4166-b26b-3256ce3daca3" CHANGEID="689816838" HOUSENUM="20/2" HOUSETYPE="5" OPERTYPEID="10" PREVID="0" NEXTID="0" UPDATEDATE="2025-10-01" STARTDATE="2025-10-01" ENDDATE="2079-06-06" ISACTUAL="1" ISACTIVE="1" /><HOUSE ID="129190495" OBJECTID="174990553" OBJECTGUID="71ac3b5b-29d2-4b1d-9e46-1467f04b0615" CHANGEID="689817370" HOUSENUM="110" HOUSETYPE="5" OPERTYPEID="10" PREVID="0" NEXTID="0" UPDATEDATE="2025-10-01" STARTDATE="2025-10-01" ENDDATE="2079-06-06" ISACTUAL="1" ISACTIVE="1" /><HOUSE ID="129191188" OBJECTID="174992108" OBJECTGUID="0af447bd-c91e-4005-aee2-9e25074e0143" CHANGEID="689820129" HOUSENUM="165Б" HOUSETYPE="7" OPERTYPEID="10" PREVID="0" NEXTID="0" UPDATEDATE="2025-10-01" STARTDATE="2025-10-01" ENDDATE="2079-06-06" ISACTUAL="1" ISACTIVE="1" /><HOUSE ID="129191170" OBJECTID="174992057" OBJECTGUID="91dbf1ab-d55b-4d8a-8461-25fb9a694a9c" CHANGEID="689820070" HOUSENUM="102Б" HOUSETYPE="5" OPERTYPEID="10" PREVID="0" NEXTID="0" UPDATEDATE="2025-10-01" STARTDATE="2025-10-01" ENDDATE="2079-06-06" ISACTUAL="1" ISACTIVE="1" /><HOUSE ID="129191391" OBJECTID="174992623" OBJECTGUID="ec6ea102-9994-4df4-80b8-fb8b389e1389" CHANGEID="689824785" HOUSENUM="41Б" HOUSETYPE="7" OPERTYPEID="10" PREVID="0" NEXTID="0" UPDATEDATE="2025-10-01" STARTDATE="2025-10-01" ENDDATE="2079-06-06" ISACTUAL="1" ISACTIVE="1" /><HOUSE ID="129191406" OBJECTID="174992667" OBJECTGUID="bfe6392e-b14f-4c3d-bfea-4e5171f604dd" CHANGEID="689824855" HOUSENUM="19Б" HOUSETYPE="5" OPERTYPEID="10" PREVID="0" NEXTID="0" UPDATEDATE="2025-10-01" STARTDATE="2025-10-01" ENDDATE="2079-06-06" ISACTUAL="1" ISACTIVE="1" /><HOUSE ID="129191415" OBJECTID="174992716" OBJECTGUID="603bc861-e90b-4540-bc3f-21a8ae99ddf1" CHANGEID="689824965" HOUSENUM="39Г" HOUSETYPE="2" OPERTYPEID="10" PREVID="0" NEXTID="0" UPDATEDATE="2025-10-01" STARTDATE="2025-10-01" ENDDATE="2079-06-06" ISACTUAL="1" ISACTIVE="1" /><HOUSE ID="129191408" OBJECTID="24277231" OBJECTGUID="d5686dc2-af01-495a-9163-3422aef6122b" CHANGEID="689824869" HOUSENUM="145" HOUSETYPE="2" OPERTYPEID="20" PREVID="66498729" UPDATEDATE="2025-10-01" STARTDATE="2025-10-01" ENDDATE="2079-06-06" ISACTUAL="1" ISACTIVE="1" /><HOUSE ID="129191409" OBJECTID="174992682" OBJECTGUID="a51a6790-41f0-465e-b958-bbea19faf601" CHANGEID="689824875" HOUSENUM="26" ADDNUM1="2" HOUSETYPE="7" ADDTYPE1="1" OPERTYPEID="10" PREVID="0" NEXTID="0" UPDATEDATE="2025-10-01" STARTDATE="2025-10-01" ENDDATE="2079-06-06" ISACTUAL="1" ISACTIVE="1" /><HOUSE ID="129191584" OBJECTID="174992936" OBJECTGUID="6f56698e-2758-4711-9f9e-29df0b9d6fda" CHANGEID="689825458" HOUSENUM="29" HOUSETYPE="2" OPERTYPEID="10" PREVID="0" NEXTID="0" UPDATEDATE="2025-10-01" STARTDATE="2025-10-01" ENDDATE="2079-06-06" ISACTUAL="1" ISACTIVE="1" /><HOUSE ID="129191583" OBJECTID="174992935" OBJECTGUID="46f5114c-a6ff-4736-a1fe-44fa103d4e9e" CHANGEID="689825457" HOUSENUM="24" HOUSETYPE="5" OPERTYPEID="10" PREVID="0" NEXTID="0" UPDATEDATE="2025-10-01" STARTDATE="2025-10-01" ENDDATE="2079-06-06" ISACTUAL="1" ISACTIVE="1" /></HOUSES>