﻿<?xml version="1.0" encoding="utf-8"?><STEADS><STEAD ID="1940346" OBJECTID="86486255" OBJECTGUID="64f594bc-ca53-4b6d-be12-ed558842f2c1" CHANGEID="128282938" NUMBER="101" OPERTYPEID="10" NEXTID="74167343" UPDATEDATE="2025-09-29" STARTDATE="2019-03-26" ENDDATE="2025-09-29" ISACTUAL="0" ISACTIVE="0" /><STEAD ID="3264077" OBJECTID="87804872" OBJECTGUID="4417309f-02fc-479b-aef2-e3684cfe67cf" CHANGEID="129974730" NUMBER="19" OPERTYPEID="10" NEXTID="74196424" UPDATEDATE="2025-09-30" STARTDATE="2018-02-13" ENDDATE="2025-09-30" ISACTUAL="0" ISACTIVE="0" /><STEAD ID="6349897" OBJECTID="90884729" OBJECTGUID="f8611e57-7c71-4d86-882a-839dd12e9ea3" CHANGEID="133535101" NUMBER="54" OPERTYPEID="10" NEXTID="74168140" UPDATEDATE="2025-09-29" STARTDATE="2019-08-23" ENDDATE="2025-09-29" ISACTUAL="0" ISACTIVE="0" /><STEAD ID="6385462" OBJECTID="90920263" OBJECTGUID="7128ee63-c4a3-4373-8c21-47b9c4651a2b" CHANGEID="133575802" NUMBER="106" OPERTYPEID="10" NEXTID="74167337" UPDATEDATE="2025-09-29" STARTDATE="2019-06-25" ENDDATE="2025-09-29" ISACTUAL="0" ISACTIVE="0" /><STEAD ID="7423060" OBJECTID="91957125" OBJECTGUID="3d12b27b-dbaa-4199-a393-ffd6cc2fea4c" CHANGEID="134736631" NUMBER="165" OPERTYPEID="10" NEXTID="74207088" UPDATEDATE="2025-10-01" STARTDATE="2018-07-13" ENDDATE="2025-10-01" ISACTUAL="0" ISACTIVE="0" /><STEAD ID="74166907" OBJECTID="174916559" OBJECTGUID="c0fa5909-ee0f-4719-9dec-b9785acd0943" CHANGEID="689639106" NUMBER="70" OPERTYPEID="10" PREVID="0" NEXTID="0" UPDATEDATE="2025-09-29" STARTDATE="2025-09-29" ENDDATE="2079-06-06" ISACTUAL="1" ISACTIVE="1" /><STEAD ID="74167337" OBJECTID="90920263" OBJECTGUID="7128ee63-c4a3-4373-8c21-47b9c4651a2b" CHANGEID="689640209" NUMBER="106" OPERTYPEID="30" PREVID="6385462" NEXTID="0" UPDATEDATE="2025-09-29" STARTDATE="2025-09-29" ENDDATE="2079-06-06" ISACTUAL="1" ISACTIVE="0" /><STEAD ID="74167343" OBJECTID="86486255" OBJECTGUID="64f594bc-ca53-4b6d-be12-ed558842f2c1" CHANGEID="689640223" NUMBER="101" OPERTYPEID="30" PREVID="1940346" NEXTID="0" UPDATEDATE="2025-09-29" STARTDATE="2025-09-29" ENDDATE="2079-06-06" ISACTUAL="1" ISACTIVE="0" /><STEAD ID="74167703" OBJECTID="174917934" OBJECTGUID="f6ec7014-93d7-41d9-b3ad-331ecaa0c75e" CHANGEID="689642829" NUMBER="22" OPERTYPEID="10" PREVID="0" NEXTID="0" UPDATEDATE="2025-09-29" STARTDATE="2025-09-29" ENDDATE="2079-06-06" ISACTUAL="1" ISACTIVE="1" /><STEAD ID="74167718" OBJECTID="174918064" OBJECTGUID="dfcb51c9-a19f-4462-af62-0a544397727f" CHANGEID="689642997" NUMBER="110" OPERTYPEID="10" PREVID="0" NEXTID="0" UPDATEDATE="2025-09-29" STARTDATE="2025-09-29" ENDDATE="2079-06-06" ISACTUAL="1" ISACTIVE="1" /><STEAD ID="74168140" OBJECTID="90884729" OBJECTGUID="f8611e57-7c71-4d86-882a-839dd12e9ea3" CHANGEID="689643996" NUMBER="54" OPERTYPEID="30" PREVID="6349897" NEXTID="0" UPDATEDATE="2025-09-29" STARTDATE="2025-09-29" ENDDATE="2079-06-06" ISACTUAL="1" ISACTIVE="0" /><STEAD ID="74169197" OBJECTID="174920235" OBJECTGUID="96a19e8c-312b-4ec1-893f-7ef6f12202aa" CHANGEID="689646528" NUMBER="2а" OPERTYPEID="10" PREVID="0" NEXTID="0" UPDATEDATE="2025-09-29" STARTDATE="2025-09-29" ENDDATE="2079-06-06" ISACTUAL="1" ISACTIVE="1" /><STEAD ID="74170951" OBJECTID="174924471" OBJECTGUID="25e676e1-ecc8-45ba-bb44-910bfac8469d" CHANGEID="689653039" NUMBER="48а/3" OPERTYPEID="10" PREVID="0" NEXTID="0" UPDATEDATE="2025-09-29" STARTDATE="2025-09-29" ENDDATE="2079-06-06" ISACTUAL="1" ISACTIVE="1" /><STEAD ID="74170974" OBJECTID="174924498" OBJECTGUID="c9f572a9-11cd-4871-a33e-c80c005787fb" CHANGEID="689653079" NUMBER="40/4" OPERTYPEID="10" PREVID="0" NEXTID="0" UPDATEDATE="2025-09-29" STARTDATE="2025-09-29" ENDDATE="2079-06-06" ISACTUAL="1" ISACTIVE="1" /><STEAD ID="74170952" OBJECTID="174924475" OBJECTGUID="3704c1c4-f991-48cb-be97-bfacb6e69757" CHANGEID="689653055" NUMBER="40/5" OPERTYPEID="10" PREVID="0" NEXTID="0" UPDATEDATE="2025-09-29" STARTDATE="2025-09-29" ENDDATE="2079-06-06" ISACTUAL="1" ISACTIVE="1" /><STEAD ID="74170981" OBJECTID="174924508" OBJECTGUID="aa8a529b-d6d9-4be1-b058-df6a479f141c" CHANGEID="689653095" NUMBER="76/2" OPERTYPEID="10" PREVID="0" NEXTID="0" UPDATEDATE="2025-09-29" STARTDATE="2025-09-29" ENDDATE="2079-06-06" ISACTUAL="1" ISACTIVE="1" /><STEAD ID="74170984" OBJECTID="174924512" OBJECTGUID="31100319-f493-4086-89d0-9f7cfc912916" CHANGEID="689653103" NUMBER="76/1" OPERTYPEID="10" PREVID="0" NEXTID="0" UPDATEDATE="2025-09-29" STARTDATE="2025-09-29" ENDDATE="2079-06-06" ISACTUAL="1" ISACTIVE="1" /><STEAD ID="74171049" OBJECTID="174924723" OBJECTGUID="ad78870e-1981-49bd-9371-a943a73b7043" CHANGEID="689653370" NUMBER="6" OPERTYPEID="10" PREVID="0" NEXTID="0" UPDATEDATE="2025-09-29" STARTDATE="2025-09-29" ENDDATE="2079-06-06" ISACTUAL="1" ISACTIVE="1" /><STEAD ID="74173302" OBJECTID="174930360" OBJECTGUID="f287f914-a911-4d91-b798-94b798f2ad5d" CHANGEID="689669374" NUMBER="24/1А" OPERTYPEID="10" PREVID="0" NEXTID="0" UPDATEDATE="2025-09-29" STARTDATE="2025-09-29" ENDDATE="2079-06-06" ISACTUAL="1" ISACTIVE="1" /><STEAD ID="74174322" OBJECTID="174932310" OBJECTGUID="d29087de-f467-4c92-a0e6-6d2512ddf7ad" CHANGEID="689673041" NUMBER="1/4" OPERTYPEID="10" PREVID="0" NEXTID="0" UPDATEDATE="2025-09-29" STARTDATE="2025-09-29" ENDDATE="2079-06-06" ISACTUAL="1" ISACTIVE="1" /><STEAD ID="74174502" OBJECTID="174932547" OBJECTGUID="e4fcac97-08c1-433a-8a24-e4ccc0af0c2e" CHANGEID="689673366" NUMBER="10/489Б" OPERTYPEID="10" PREVID="0" NEXTID="0" UPDATEDATE="2025-09-29" STARTDATE="2025-09-29" ENDDATE="2079-06-06" ISACTUAL="1" ISACTIVE="1" /><STEAD ID="74178014" OBJECTID="174940621" OBJECTGUID="a13bcfc8-b1b3-41de-ad53-b7a9bc9a7dfe" CHANGEID="689691306" NUMBER="40" OPERTYPEID="10" PREVID="0" NEXTID="0" UPDATEDATE="2025-09-29" STARTDATE="2025-09-29" ENDDATE="2079-06-06" ISACTUAL="1" ISACTIVE="1" /><STEAD ID="74178682" OBJECTID="174941802" OBJECTGUID="e78c0d95-c941-4533-a306-6cc441835113" CHANGEID="689693836" NUMBER="6" OPERTYPEID="10" PREVID="0" NEXTID="0" UPDATEDATE="2025-09-29" STARTDATE="2025-09-29" ENDDATE="2079-06-06" ISACTUAL="1" ISACTIVE="1" /><STEAD ID="74179670" OBJECTID="174943391" OBJECTGUID="0517ea5f-b925-4f78-99aa-981a812504ae" CHANGEID="689696489" NUMBER="7" OPERTYPEID="10" PREVID="0" NEXTID="0" UPDATEDATE="2025-09-29" STARTDATE="2025-09-29" ENDDATE="2079-06-06" ISACTUAL="1" ISACTIVE="1" /><STEAD ID="74179671" OBJECTID="174943392" OBJECTGUID="4425aa8f-3c4d-45ef-9d37-ea2c6a23a073" CHANGEID="689696490" NUMBER="6А" OPERTYPEID="10" PREVID="0" NEXTID="0" UPDATEDATE="2025-09-29" STARTDATE="2025-09-29" ENDDATE="2079-06-06" ISACTUAL="1" ISACTIVE="1" /><STEAD ID="74179672" OBJECTID="174943393" OBJECTGUID="60041722-74c6-4f89-939c-378a9103d90e" CHANGEID="689696491" NUMBER="6" OPERTYPEID="10" PREVID="0" NEXTID="0" UPDATEDATE="2025-09-29" STARTDATE="2025-09-29" ENDDATE="2079-06-06" ISACTUAL="1" ISACTIVE="1" /><STEAD ID="74179673" OBJECTID="174943394" OBJECTGUID="b735a145-564a-4d55-ad42-cca609063d5d" CHANGEID="689696492" NUMBER="5" OPERTYPEID="10" PREVID="0" NEXTID="0" UPDATEDATE="2025-09-29" STARTDATE="2025-09-29" ENDDATE="2079-06-06" ISACTUAL="1" ISACTIVE="1" /><STEAD ID="74179674" OBJECTID="174943395" OBJECTGUID="53a5e4fe-ccc1-46dd-afe0-27b6abb18650" CHANGEID="689696493" NUMBER="4" OPERTYPEID="10" PREVID="0" NEXTID="0" UPDATEDATE="2025-09-29" STARTDATE="2025-09-29" ENDDATE="2079-06-06" ISACTUAL="1" ISACTIVE="1" /><STEAD ID="74179675" OBJECTID="174943396" OBJECTGUID="66af9210-5be6-4eac-9ecb-3c3d75f2da6c" CHANGEID="689696494" NUMBER="2" OPERTYPEID="10" PREVID="0" NEXTID="0" UPDATEDATE="2025-09-29" STARTDATE="2025-09-29" ENDDATE="2079-06-06" ISACTUAL="1" ISACTIVE="1" /><STEAD ID="74179955" OBJECTID="174944063" OBJECTGUID="4aea7218-203f-4d0d-92e4-bc24d2d474c0" CHANGEID="689697499" NUMBER="1" OPERTYPEID="10" PREVID="0" NEXTID="0" UPDATEDATE="2025-09-29" STARTDATE="2025-09-29" ENDDATE="2079-06-06" ISACTUAL="1" ISACTIVE="1" /><STEAD ID="74179995" OBJECTID="174944150" OBJECTGUID="83267372-0689-4173-95ba-3b33d379bf68" CHANGEID="689697625" NUMBER="10/2" OPERTYPEID="10" PREVID="0" NEXTID="0" UPDATEDATE="2025-09-29" STARTDATE="2025-09-29" ENDDATE="2079-06-06" ISACTUAL="1" ISACTIVE="1" /><STEAD ID="74179996" OBJECTID="174944151" OBJECTGUID="e82c586a-3dce-43a9-bdd9-522dd57d1c24" CHANGEID="689697626" NUMBER="19А" OPERTYPEID="10" PREVID="0" NEXTID="0" UPDATEDATE="2025-09-29" STARTDATE="2025-09-29" ENDDATE="2079-06-06" ISACTUAL="1" ISACTIVE="1" /><STEAD ID="74179997" OBJECTID="174944152" OBJECTGUID="64c69b80-5445-4059-aaf6-8632311d07b8" CHANGEID="689697627" NUMBER="19/2" OPERTYPEID="10" PREVID="0" NEXTID="0" UPDATEDATE="2025-09-29" STARTDATE="2025-09-29" ENDDATE="2079-06-06" ISACTUAL="1" ISACTIVE="1" /><STEAD ID="74179998" OBJECTID="174944153" OBJECTGUID="c52b9da9-b24d-4c74-bb06-85dc5fe9f5c4" CHANGEID="689697628" NUMBER="17" OPERTYPEID="10" PREVID="0" NEXTID="0" UPDATEDATE="2025-09-29" STARTDATE="2025-09-29" ENDDATE="2079-06-06" ISACTUAL="1" ISACTIVE="1" /><STEAD ID="74179999" OBJECTID="174944154" OBJECTGUID="9e68923b-686d-4ff0-8d52-cdc884aa4066" CHANGEID="689697629" NUMBER="15" OPERTYPEID="10" PREVID="0" NEXTID="0" UPDATEDATE="2025-09-29" STARTDATE="2025-09-29" ENDDATE="2079-06-06" ISACTUAL="1" ISACTIVE="1" /><STEAD ID="74180000" OBJECTID="174944155" OBJECTGUID="9a49f096-06c7-4bce-8b1d-accaedc6263a" CHANGEID="689697630" NUMBER="13" OPERTYPEID="10" PREVID="0" NEXTID="0" UPDATEDATE="2025-09-29" STARTDATE="2025-09-29" ENDDATE="2079-06-06" ISACTUAL="1" ISACTIVE="1" /><STEAD ID="74180001" OBJECTID="174944156" OBJECTGUID="57271d92-5e98-4ffb-acf3-ca0c2c7f30a8" CHANGEID="689697631" NUMBER="11" OPERTYPEID="10" PREVID="0" NEXTID="0" UPDATEDATE="2025-09-29" STARTDATE="2025-09-29" ENDDATE="2079-06-06" ISACTUAL="1" ISACTIVE="1" /><STEAD ID="74180002" OBJECTID="174944157" OBJECTGUID="8a9aacbb-ef61-4926-b9b7-d8983a794c6b" CHANGEID="689697632" NUMBER="9" OPERTYPEID="10" PREVID="0" NEXTID="0" UPDATEDATE="2025-09-29" STARTDATE="2025-09-29" ENDDATE="2079-06-06" ISACTUAL="1" ISACTIVE="1" /><STEAD ID="74180077" OBJECTID="174944259" OBJECTGUID="adcebddd-d36d-49f4-b31c-d407fe9aec14" CHANGEID="689698002" NUMBER="28" OPERTYPEID="10" PREVID="0" NEXTID="0" UPDATEDATE="2025-09-29" STARTDATE="2025-09-29" ENDDATE="2079-06-06" ISACTUAL="1" ISACTIVE="1" /><STEAD ID="74180078" OBJECTID="174944260" OBJECTGUID="b2be02f0-7795-4c5a-aca9-c24011a2e41f" CHANGEID="689698003" NUMBER="22" OPERTYPEID="10" PREVID="0" NEXTID="0" UPDATEDATE="2025-09-29" STARTDATE="2025-09-29" ENDDATE="2079-06-06" ISACTUAL="1" ISACTIVE="1" /><STEAD ID="74180079" OBJECTID="174944261" OBJECTGUID="b43be126-c10b-4297-968b-4f2918c539a9" CHANGEID="689698004" NUMBER="34" OPERTYPEID="10" PREVID="0" NEXTID="0" UPDATEDATE="2025-09-29" STARTDATE="2025-09-29" ENDDATE="2079-06-06" ISACTUAL="1" ISACTIVE="1" /><STEAD ID="74180080" OBJECTID="174944262" OBJECTGUID="2a21034b-dd10-4919-acee-a295203215bd" CHANGEID="689698005" NUMBER="36" OPERTYPEID="10" PREVID="0" NEXTID="0" UPDATEDATE="2025-09-29" STARTDATE="2025-09-29" ENDDATE="2079-06-06" ISACTUAL="1" ISACTIVE="1" /><STEAD ID="74180081" OBJECTID="174944263" OBJECTGUID="29ed5570-4d07-4e16-b943-5041aabacd5e" CHANGEID="689698006" NUMBER="20" OPERTYPEID="10" PREVID="0" NEXTID="0" UPDATEDATE="2025-09-29" STARTDATE="2025-09-29" ENDDATE="2079-06-06" ISACTUAL="1" ISACTIVE="1" /><STEAD ID="74180082" OBJECTID="174944264" OBJECTGUID="e703ba97-69f4-4c66-93bd-3964ddbcbd09" CHANGEID="689698007" NUMBER="25" OPERTYPEID="10" PREVID="0" NEXTID="0" UPDATEDATE="2025-09-29" STARTDATE="2025-09-29" ENDDATE="2079-06-06" ISACTUAL="1" ISACTIVE="1" /><STEAD ID="74180083" OBJECTID="174944265" OBJECTGUID="451dd66d-7e0a-4fd6-942c-94eba5a090f9" CHANGEID="689698008" NUMBER="21" OPERTYPEID="10" PREVID="0" NEXTID="0" UPDATEDATE="2025-09-29" STARTDATE="2025-09-29" ENDDATE="2079-06-06" ISACTUAL="1" ISACTIVE="1" /><STEAD ID="74180126" OBJECTID="174944307" OBJECTGUID="df515e0b-1336-4758-aace-d3476ddb6adb" CHANGEID="689698298" NUMBER="61" OPERTYPEID="10" PREVID="0" NEXTID="0" UPDATEDATE="2025-09-29" STARTDATE="2025-09-29" ENDDATE="2079-06-06" ISACTUAL="1" ISACTIVE="1" /><STEAD ID="74180155" OBJECTID="174944440" OBJECTGUID="4a7d253e-cac6-455a-b6e2-60134f9df3d3" CHANGEID="689698552" NUMBER="16А" OPERTYPEID="10" PREVID="0" NEXTID="0" UPDATEDATE="2025-09-29" STARTDATE="2025-09-29" ENDDATE="2079-06-06" ISACTUAL="1" ISACTIVE="1" /><STEAD ID="74180156" OBJECTID="174944441" OBJECTGUID="9e8885fe-5b6e-4b15-915f-97ba2e7028a7" CHANGEID="689698553" NUMBER="16" OPERTYPEID="10" PREVID="0" NEXTID="0" UPDATEDATE="2025-09-29" STARTDATE="2025-09-29" ENDDATE="2079-06-06" ISACTUAL="1" ISACTIVE="1" /><STEAD ID="74180157" OBJECTID="174944442" OBJECTGUID="1e546410-3fa1-4178-9518-454860ee06a3" CHANGEID="689698554" NUMBER="14" OPERTYPEID="10" PREVID="0" NEXTID="0" UPDATEDATE="2025-09-29" STARTDATE="2025-09-29" ENDDATE="2079-06-06" ISACTUAL="1" ISACTIVE="1" /><STEAD ID="74180158" OBJECTID="174944443" OBJECTGUID="d8296fc9-1ca1-486c-b0a2-7c3cd7e30510" CHANGEID="689698555" NUMBER="12" OPERTYPEID="10" PREVID="0" NEXTID="0" UPDATEDATE="2025-09-29" STARTDATE="2025-09-29" ENDDATE="2079-06-06" ISACTUAL="1" ISACTIVE="1" /><STEAD ID="74180159" OBJECTID="174944444" OBJECTGUID="93467096-4cbd-4725-9602-41d63a62eb5e" CHANGEID="689698556" NUMBER="10" OPERTYPEID="10" PREVID="0" NEXTID="0" UPDATEDATE="2025-09-29" STARTDATE="2025-09-29" ENDDATE="2079-06-06" ISACTUAL="1" ISACTIVE="1" /><STEAD ID="74180160" OBJECTID="174944445" OBJECTGUID="5e52f376-8b7d-48ae-a54e-5bfe86e568e4" CHANGEID="689698557" NUMBER="8" OPERTYPEID="10" PREVID="0" NEXTID="0" UPDATEDATE="2025-09-29" STARTDATE="2025-09-29" ENDDATE="2079-06-06" ISACTUAL="1" ISACTIVE="1" /><STEAD ID="74180161" OBJECTID="174944446" OBJECTGUID="4ff1f6bf-b9ec-4684-8a6e-ee219a19373f" CHANGEID="689698558" NUMBER="12А" OPERTYPEID="10" PREVID="0" NEXTID="0" UPDATEDATE="2025-09-29" STARTDATE="2025-09-29" ENDDATE="2079-06-06" ISACTUAL="1" ISACTIVE="1" /><STEAD ID="74180166" OBJECTID="174944472" OBJECTGUID="83366a2f-9484-4879-b3cb-87745c479a1f" CHANGEID="689698600" NUMBER="55" OPERTYPEID="10" PREVID="0" NEXTID="0" UPDATEDATE="2025-09-29" STARTDATE="2025-09-29" ENDDATE="2079-06-06" ISACTUAL="1" ISACTIVE="1" /><STEAD ID="74180171" OBJECTID="174944484" OBJECTGUID="2ca409e2-c42c-49ae-90eb-eb5f580cb64f" CHANGEID="689698626" NUMBER="4б" OPERTYPEID="10" PREVID="0" NEXTID="0" UPDATEDATE="2025-09-29" STARTDATE="2025-09-29" ENDDATE="2079-06-06" ISACTUAL="1" ISACTIVE="1" /><STEAD ID="74180172" OBJECTID="174944487" OBJECTGUID="856014ce-de47-4861-80ee-aecdd1d36f6d" CHANGEID="689698632" NUMBER="48" OPERTYPEID="10" PREVID="0" NEXTID="0" UPDATEDATE="2025-09-29" STARTDATE="2025-09-29" ENDDATE="2079-06-06" ISACTUAL="1" ISACTIVE="1" /><STEAD ID="74180173" OBJECTID="174944488" OBJECTGUID="b60a66c3-5ebb-4b1b-a414-9994bec57d35" CHANGEID="689698633" NUMBER="46" OPERTYPEID="10" PREVID="0" NEXTID="0" UPDATEDATE="2025-09-29" STARTDATE="2025-09-29" ENDDATE="2079-06-06" ISACTUAL="1" ISACTIVE="1" /><STEAD ID="74180174" OBJECTID="174944489" OBJECTGUID="6f26a0ee-f5ce-4acd-9b48-e0670ee34ab5" CHANGEID="689698634" NUMBER="44" OPERTYPEID="10" PREVID="0" NEXTID="0" UPDATEDATE="2025-09-29" STARTDATE="2025-09-29" ENDDATE="2079-06-06" ISACTUAL="1" ISACTIVE="1" /><STEAD ID="74180175" OBJECTID="174944490" OBJECTGUID="f5855998-fb39-4bec-8366-4a1b36c0ad8f" CHANGEID="689698635" NUMBER="42А" OPERTYPEID="10" PREVID="0" NEXTID="0" UPDATEDATE="2025-09-29" STARTDATE="2025-09-29" ENDDATE="2079-06-06" ISACTUAL="1" ISACTIVE="1" /><STEAD ID="74180176" OBJECTID="174944491" OBJECTGUID="d69c0145-c896-4981-b218-c5c80e0aebb9" CHANGEID="689698636" NUMBER="42" OPERTYPEID="10" PREVID="0" NEXTID="0" UPDATEDATE="2025-09-29" STARTDATE="2025-09-29" ENDDATE="2079-06-06" ISACTUAL="1" ISACTIVE="1" /><STEAD ID="74180177" OBJECTID="174944492" OBJECTGUID="bacaa946-e72e-4932-acbb-ce2fb8d22c77" CHANGEID="689698637" NUMBER="40" OPERTYPEID="10" PREVID="0" NEXTID="0" UPDATEDATE="2025-09-29" STARTDATE="2025-09-29" ENDDATE="2079-06-06" ISACTUAL="1" ISACTIVE="1" /><STEAD ID="74180178" OBJECTID="174944493" OBJECTGUID="c67d4b46-36d7-4111-b132-93909fd46708" CHANGEID="689698638" NUMBER="38" OPERTYPEID="10" PREVID="0" NEXTID="0" UPDATEDATE="2025-09-29" STARTDATE="2025-09-29" ENDDATE="2079-06-06" ISACTUAL="1" ISACTIVE="1" /><STEAD ID="74180203" OBJECTID="174944605" OBJECTGUID="94d5f2d9-3bf5-464c-b45d-a2c005d5b781" CHANGEID="689698954" NUMBER="2а" OPERTYPEID="10" PREVID="0" NEXTID="0" UPDATEDATE="2025-09-29" STARTDATE="2025-09-29" ENDDATE="2079-06-06" ISACTUAL="1" ISACTIVE="1" /><STEAD ID="74180293" OBJECTID="174944890" OBJECTGUID="926cf4f6-5f34-4c00-b0c1-898412eb6043" CHANGEID="689699990" NUMBER="15" OPERTYPEID="10" PREVID="0" NEXTID="0" UPDATEDATE="2025-09-29" STARTDATE="2025-09-29" ENDDATE="2079-06-06" ISACTUAL="1" ISACTIVE="1" /><STEAD ID="74180294" OBJECTID="174944891" OBJECTGUID="d9cd8915-1067-4fae-b0dc-c1c3f6a14f99" CHANGEID="689699991" NUMBER="13" OPERTYPEID="10" PREVID="0" NEXTID="0" UPDATEDATE="2025-09-29" STARTDATE="2025-09-29" ENDDATE="2079-06-06" ISACTUAL="1" ISACTIVE="1" /><STEAD ID="74180295" OBJECTID="174944892" OBJECTGUID="b6d8db68-61a7-4277-b941-883683e14209" CHANGEID="689699992" NUMBER="10" OPERTYPEID="10" PREVID="0" NEXTID="0" UPDATEDATE="2025-09-29" STARTDATE="2025-09-29" ENDDATE="2079-06-06" ISACTUAL="1" ISACTIVE="1" /><STEAD ID="74180296" OBJECTID="174944893" OBJECTGUID="beba6c40-7104-45fa-94c5-d079766d2d3b" CHANGEID="689699993" NUMBER="7" OPERTYPEID="10" PREVID="0" NEXTID="0" UPDATEDATE="2025-09-29" STARTDATE="2025-09-29" ENDDATE="2079-06-06" ISACTUAL="1" ISACTIVE="1" /><STEAD ID="74180297" OBJECTID="174944894" OBJECTGUID="ef178a4a-4849-4870-8498-dc67fd7da625" CHANGEID="689699994" NUMBER="4" OPERTYPEID="10" PREVID="0" NEXTID="0" UPDATEDATE="2025-09-29" STARTDATE="2025-09-29" ENDDATE="2079-06-06" ISACTUAL="1" ISACTIVE="1" /><STEAD ID="74183913" OBJECTID="174950919" OBJECTGUID="80854e14-e8be-4a4d-bf7f-49b1d22fe8f6" CHANGEID="689711520" NUMBER="29" OPERTYPEID="10" PREVID="0" NEXTID="0" UPDATEDATE="2025-09-30" STARTDATE="2025-09-30" ENDDATE="2079-06-06" ISACTUAL="1" ISACTIVE="1" /><STEAD ID="74184345" OBJECTID="174951475" OBJECTGUID="f78c9ae4-cd1f-4cbf-b707-c0f47dce4754" CHANGEID="689712521" NUMBER="16/3" OPERTYPEID="10" PREVID="0" NEXTID="0" UPDATEDATE="2025-09-30" STARTDATE="2025-09-30" ENDDATE="2079-06-06" ISACTUAL="1" ISACTIVE="1" /><STEAD ID="74184359" OBJECTID="174951497" OBJECTGUID="a73e67aa-974c-483e-800f-b2c7e7312549" CHANGEID="689712547" NUMBER="14" OPERTYPEID="10" PREVID="0" NEXTID="0" UPDATEDATE="2025-09-30" STARTDATE="2025-09-30" ENDDATE="2079-06-06" ISACTUAL="1" ISACTIVE="1" /><STEAD ID="74184371" OBJECTID="174951511" OBJECTGUID="c9294923-5808-4d1e-a46c-73690f33f157" CHANGEID="689712572" NUMBER="25А" OPERTYPEID="10" PREVID="0" NEXTID="0" UPDATEDATE="2025-09-30" STARTDATE="2025-09-30" ENDDATE="2079-06-06" ISACTUAL="1" ISACTIVE="1" /><STEAD ID="74184479" OBJECTID="174951679" OBJECTGUID="ab67d2a3-c2c8-45b4-bbf5-b30b7dd0ad74" CHANGEID="689712913" NUMBER="2А" OPERTYPEID="10" PREVID="0" NEXTID="0" UPDATEDATE="2025-09-30" STARTDATE="2025-09-30" ENDDATE="2079-06-06" ISACTUAL="1" ISACTIVE="1" /><STEAD ID="74184482" OBJECTID="174951685" OBJECTGUID="6d18428a-64dd-4e57-a162-0de1cfdbd88d" CHANGEID="689712926" NUMBER="55/1" OPERTYPEID="10" PREVID="0" NEXTID="0" UPDATEDATE="2025-09-30" STARTDATE="2025-09-30" ENDDATE="2079-06-06" ISACTUAL="1" ISACTIVE="1" /><STEAD ID="74185303" OBJECTID="174952807" OBJECTGUID="ef416c31-d6da-4179-903f-8a5b41461377" CHANGEID="689718192" NUMBER="3А/5" OPERTYPEID="10" PREVID="0" NEXTID="0" UPDATEDATE="2025-09-30" STARTDATE="2025-09-30" ENDDATE="2079-06-06" ISACTUAL="1" ISACTIVE="1" /><STEAD ID="74185326" OBJECTID="174952851" OBJECTGUID="db84397c-b157-4eaa-a73d-af4d239a7b56" CHANGEID="689718287" NUMBER="1Е" OPERTYPEID="10" PREVID="0" NEXTID="0" UPDATEDATE="2025-09-30" STARTDATE="2025-09-30" ENDDATE="2079-06-06" ISACTUAL="1" ISACTIVE="1" /><STEAD ID="74185354" OBJECTID="174952893" OBJECTGUID="6edcd54f-9aa6-482e-979c-17d148fa2c85" CHANGEID="689718353" NUMBER="1А" OPERTYPEID="10" PREVID="0" NEXTID="0" UPDATEDATE="2025-09-30" STARTDATE="2025-09-30" ENDDATE="2079-06-06" ISACTUAL="1" ISACTIVE="1" /><STEAD ID="74185377" OBJECTID="174952927" OBJECTGUID="4ec1d200-74bd-4dd7-9f5a-444fc5595e15" CHANGEID="689718405" NUMBER="39" OPERTYPEID="10" PREVID="0" NEXTID="0" UPDATEDATE="2025-09-30" STARTDATE="2025-09-30" ENDDATE="2079-06-06" ISACTUAL="1" ISACTIVE="1" /><STEAD ID="74185378" OBJECTID="174952928" OBJECTGUID="e0786ac3-ee03-428d-a388-1c6faa3ceb96" CHANGEID="689718406" NUMBER="37" OPERTYPEID="10" PREVID="0" NEXTID="0" UPDATEDATE="2025-09-30" STARTDATE="2025-09-30" ENDDATE="2079-06-06" ISACTUAL="1" ISACTIVE="1" /><STEAD ID="74185379" OBJECTID="174952929" OBJECTGUID="9dcdd5f8-7167-4b3e-abab-1b5bb25b462e" CHANGEID="689718407" NUMBER="31" OPERTYPEID="10" PREVID="0" NEXTID="0" UPDATEDATE="2025-09-30" STARTDATE="2025-09-30" ENDDATE="2079-06-06" ISACTUAL="1" ISACTIVE="1" /><STEAD ID="74185380" OBJECTID="174952930" OBJECTGUID="8027560d-8a81-4675-ae51-a89ec179290f" CHANGEID="689718408" NUMBER="29" OPERTYPEID="10" PREVID="0" NEXTID="0" UPDATEDATE="2025-09-30" STARTDATE="2025-09-30" ENDDATE="2079-06-06" ISACTUAL="1" ISACTIVE="1" /><STEAD ID="74185381" OBJECTID="174952931" OBJECTGUID="d1cba12d-b30b-4b96-bcfc-977ed20378c2" CHANGEID="689718409" NUMBER="27" OPERTYPEID="10" PREVID="0" NEXTID="0" UPDATEDATE="2025-09-30" STARTDATE="2025-09-30" ENDDATE="2079-06-06" ISACTUAL="1" ISACTIVE="1" /><STEAD ID="74185382" OBJECTID="174952932" OBJECTGUID="1536a421-97a6-4de7-b5aa-0180b7341ac6" CHANGEID="689718410" NUMBER="15А" OPERTYPEID="10" PREVID="0" NEXTID="0" UPDATEDATE="2025-09-30" STARTDATE="2025-09-30" ENDDATE="2079-06-06" ISACTUAL="1" ISACTIVE="1" /><STEAD ID="74185383" OBJECTID="174952933" OBJECTGUID="524b87b7-5c9a-4a87-b5d0-041906c217ff" CHANGEID="689718411" NUMBER="35" OPERTYPEID="10" PREVID="0" NEXTID="0" UPDATEDATE="2025-09-30" STARTDATE="2025-09-30" ENDDATE="2079-06-06" ISACTUAL="1" ISACTIVE="1" /><STEAD ID="74185384" OBJECTID="174952934" OBJECTGUID="118b39e5-d382-42a6-a5c1-f22a3f744c63" CHANGEID="689718412" NUMBER="33" OPERTYPEID="10" PREVID="0" NEXTID="0" UPDATEDATE="2025-09-30" STARTDATE="2025-09-30" ENDDATE="2079-06-06" ISACTUAL="1" ISACTIVE="1" /><STEAD ID="74185397" OBJECTID="174952962" OBJECTGUID="7f8efa38-3e55-429d-9b40-a880ebfe3eed" CHANGEID="689718495" NUMBER="53" OPERTYPEID="10" PREVID="0" NEXTID="0" UPDATEDATE="2025-09-30" STARTDATE="2025-09-30" ENDDATE="2079-06-06" ISACTUAL="1" ISACTIVE="1" /><STEAD ID="74185398" OBJECTID="174952963" OBJECTGUID="bc319dc9-6d97-40b7-97e7-52e360563a24" CHANGEID="689718496" NUMBER="51" OPERTYPEID="10" PREVID="0" NEXTID="0" UPDATEDATE="2025-09-30" STARTDATE="2025-09-30" ENDDATE="2079-06-06" ISACTUAL="1" ISACTIVE="1" /><STEAD ID="74185399" OBJECTID="174952964" OBJECTGUID="0b24e5b2-d044-4eb8-a558-1895eaa78c3f" CHANGEID="689718497" NUMBER="47" OPERTYPEID="10" PREVID="0" NEXTID="0" UPDATEDATE="2025-09-30" STARTDATE="2025-09-30" ENDDATE="2079-06-06" ISACTUAL="1" ISACTIVE="1" /><STEAD ID="74185400" OBJECTID="174952965" OBJECTGUID="449c9919-3ece-40f4-8b55-956ff8ecd683" CHANGEID="689718498" NUMBER="43" OPERTYPEID="10" PREVID="0" NEXTID="0" UPDATEDATE="2025-09-30" STARTDATE="2025-09-30" ENDDATE="2079-06-06" ISACTUAL="1" ISACTIVE="1" /><STEAD ID="74186271" OBJECTID="174954199" OBJECTGUID="d3a09e81-376d-484c-b465-f3e973a074a0" CHANGEID="689720973" NUMBER="62А" OPERTYPEID="10" PREVID="0" NEXTID="0" UPDATEDATE="2025-09-30" STARTDATE="2025-09-30" ENDDATE="2079-06-06" ISACTUAL="1" ISACTIVE="1" /><STEAD ID="74186273" OBJECTID="174954202" OBJECTGUID="990b9504-fde2-4a2f-a048-f464638d9927" CHANGEID="689720977" NUMBER="23/1" OPERTYPEID="10" PREVID="0" NEXTID="0" UPDATEDATE="2025-09-30" STARTDATE="2025-09-30" ENDDATE="2079-06-06" ISACTUAL="1" ISACTIVE="1" /><STEAD ID="74186356" OBJECTID="174954357" OBJECTGUID="c69fee8d-147f-4426-8ae4-44b1d2f871f0" CHANGEID="689721196" NUMBER="62" OPERTYPEID="10" PREVID="0" NEXTID="0" UPDATEDATE="2025-09-30" STARTDATE="2025-09-30" ENDDATE="2079-06-06" ISACTUAL="1" ISACTIVE="1" /><STEAD ID="74186357" OBJECTID="174954358" OBJECTGUID="bf855664-f1d1-4ce4-a683-9906015cb62a" CHANGEID="689721197" NUMBER="61" OPERTYPEID="10" PREVID="0" NEXTID="0" UPDATEDATE="2025-09-30" STARTDATE="2025-09-30" ENDDATE="2079-06-06" ISACTUAL="1" ISACTIVE="1" /><STEAD ID="74186358" OBJECTID="174954359" OBJECTGUID="4062e3d6-2597-4cb0-ad89-a1722b95e734" CHANGEID="689721198" NUMBER="63" OPERTYPEID="10" PREVID="0" NEXTID="0" UPDATEDATE="2025-09-30" STARTDATE="2025-09-30" ENDDATE="2079-06-06" ISACTUAL="1" ISACTIVE="1" /><STEAD ID="74186359" OBJECTID="174954360" OBJECTGUID="ab3d7655-12a0-44b1-a586-0e4236c02f95" CHANGEID="689721199" NUMBER="65" OPERTYPEID="10" PREVID="0" NEXTID="0" UPDATEDATE="2025-09-30" STARTDATE="2025-09-30" ENDDATE="2079-06-06" ISACTUAL="1" ISACTIVE="1" /><STEAD ID="74186360" OBJECTID="174954361" OBJECTGUID="dbfb8773-046f-4ba3-83dc-94584b005a69" CHANGEID="689721200" NUMBER="67" OPERTYPEID="10" PREVID="0" NEXTID="0" UPDATEDATE="2025-09-30" STARTDATE="2025-09-30" ENDDATE="2079-06-06" ISACTUAL="1" ISACTIVE="1" /><STEAD ID="74186361" OBJECTID="174954362" OBJECTGUID="5b0b90e7-4e96-4b37-a19f-368ed783399b" CHANGEID="689721201" NUMBER="68" OPERTYPEID="10" PREVID="0" NEXTID="0" UPDATEDATE="2025-09-30" STARTDATE="2025-09-30" ENDDATE="2079-06-06" ISACTUAL="1" ISACTIVE="1" /><STEAD ID="74186362" OBJECTID="174954363" OBJECTGUID="31bf260e-b9c8-4f24-be0a-600f21b37305" CHANGEID="689721202" NUMBER="69" OPERTYPEID="10" PREVID="0" NEXTID="0" UPDATEDATE="2025-09-30" STARTDATE="2025-09-30" ENDDATE="2079-06-06" ISACTUAL="1" ISACTIVE="1" /><STEAD ID="74186363" OBJECTID="174954364" OBJECTGUID="7112c206-af07-4093-8784-fcc581023e65" CHANGEID="689721203" NUMBER="69А" OPERTYPEID="10" PREVID="0" NEXTID="0" UPDATEDATE="2025-09-30" STARTDATE="2025-09-30" ENDDATE="2079-06-06" ISACTUAL="1" ISACTIVE="1" /><STEAD ID="74186364" OBJECTID="174954365" OBJECTGUID="2a5ea55a-4a6f-450b-86c5-e73b5f7096a4" CHANGEID="689721204" NUMBER="70" OPERTYPEID="10" PREVID="0" NEXTID="0" UPDATEDATE="2025-09-30" STARTDATE="2025-09-30" ENDDATE="2079-06-06" ISACTUAL="1" ISACTIVE="1" /><STEAD ID="74186365" OBJECTID="174954366" OBJECTGUID="202dccbb-fe70-4344-b3b9-03a9cef4e567" CHANGEID="689721205" NUMBER="71" OPERTYPEID="10" PREVID="0" NEXTID="0" UPDATEDATE="2025-09-30" STARTDATE="2025-09-30" ENDDATE="2079-06-06" ISACTUAL="1" ISACTIVE="1" /><STEAD ID="74186366" OBJECTID="174954367" OBJECTGUID="8a86bf98-a9fc-4b10-9ea4-7e6acae43eed" CHANGEID="689721206" NUMBER="72" OPERTYPEID="10" PREVID="0" NEXTID="0" UPDATEDATE="2025-09-30" STARTDATE="2025-09-30" ENDDATE="2079-06-06" ISACTUAL="1" ISACTIVE="1" /><STEAD ID="74186367" OBJECTID="174954368" OBJECTGUID="09adfaa6-09e0-45a2-a5a9-813a611beb28" CHANGEID="689721207" NUMBER="73" OPERTYPEID="10" PREVID="0" NEXTID="0" UPDATEDATE="2025-09-30" STARTDATE="2025-09-30" ENDDATE="2079-06-06" ISACTUAL="1" ISACTIVE="1" /><STEAD ID="74186368" OBJECTID="174954369" OBJECTGUID="2ad1ff2f-14d3-4d01-92a8-4bc814b6b266" CHANGEID="689721208" NUMBER="76" OPERTYPEID="10" PREVID="0" NEXTID="0" UPDATEDATE="2025-09-30" STARTDATE="2025-09-30" ENDDATE="2079-06-06" ISACTUAL="1" ISACTIVE="1" /><STEAD ID="74186369" OBJECTID="174954370" OBJECTGUID="1e641a35-ff7c-425c-9e0f-98ef7f062b01" CHANGEID="689721209" NUMBER="78" OPERTYPEID="10" PREVID="0" NEXTID="0" UPDATEDATE="2025-09-30" STARTDATE="2025-09-30" ENDDATE="2079-06-06" ISACTUAL="1" ISACTIVE="1" /><STEAD ID="74186370" OBJECTID="174954371" OBJECTGUID="4a6d7081-2c12-4f2a-a57e-f3150bd6f8fb" CHANGEID="689721210" NUMBER="4" OPERTYPEID="10" PREVID="0" NEXTID="0" UPDATEDATE="2025-09-30" STARTDATE="2025-09-30" ENDDATE="2079-06-06" ISACTUAL="1" ISACTIVE="1" /><STEAD ID="74186371" OBJECTID="174954372" OBJECTGUID="4a59ae04-ba6c-46e0-9b95-eb0da90b54e8" CHANGEID="689721211" NUMBER="7" OPERTYPEID="10" PREVID="0" NEXTID="0" UPDATEDATE="2025-09-30" STARTDATE="2025-09-30" ENDDATE="2079-06-06" ISACTUAL="1" ISACTIVE="1" /><STEAD ID="74186372" OBJECTID="174954373" OBJECTGUID="fa4d1f63-ec2d-43a2-8b07-c3491d931081" CHANGEID="689721212" NUMBER="8" OPERTYPEID="10" PREVID="0" NEXTID="0" UPDATEDATE="2025-09-30" STARTDATE="2025-09-30" ENDDATE="2079-06-06" ISACTUAL="1" ISACTIVE="1" /><STEAD ID="74186373" OBJECTID="174954374" OBJECTGUID="1c765292-5c60-4353-9153-fa31432aaa19" CHANGEID="689721213" NUMBER="84" OPERTYPEID="10" PREVID="0" NEXTID="0" UPDATEDATE="2025-09-30" STARTDATE="2025-09-30" ENDDATE="2079-06-06" ISACTUAL="1" ISACTIVE="1" /><STEAD ID="74186374" OBJECTID="174954375" OBJECTGUID="f9560843-d4e2-4d2f-8ca7-eba574b468ae" CHANGEID="689721214" NUMBER="85" OPERTYPEID="10" PREVID="0" NEXTID="0" UPDATEDATE="2025-09-30" STARTDATE="2025-09-30" ENDDATE="2079-06-06" ISACTUAL="1" ISACTIVE="1" /><STEAD ID="74186375" OBJECTID="174954376" OBJECTGUID="7d808d91-5fec-473f-809f-a2f33556963a" CHANGEID="689721215" NUMBER="86" OPERTYPEID="10" PREVID="0" NEXTID="0" UPDATEDATE="2025-09-30" STARTDATE="2025-09-30" ENDDATE="2079-06-06" ISACTUAL="1" ISACTIVE="1" /><STEAD ID="74189272" OBJECTID="174959344" OBJECTGUID="356f9e67-8400-477c-8c7c-80cd611acea9" CHANGEID="689733917" NUMBER="87" OPERTYPEID="10" PREVID="0" NEXTID="0" UPDATEDATE="2025-09-30" STARTDATE="2025-09-30" ENDDATE="2079-06-06" ISACTUAL="1" ISACTIVE="1" /><STEAD ID="74189273" OBJECTID="174959345" OBJECTGUID="ad4bf8ae-3ec9-4019-b1a3-42e327e330ef" CHANGEID="689733918" NUMBER="99" OPERTYPEID="10" PREVID="0" NEXTID="0" UPDATEDATE="2025-09-30" STARTDATE="2025-09-30" ENDDATE="2079-06-06" ISACTUAL="1" ISACTIVE="1" /><STEAD ID="74189274" OBJECTID="174959346" OBJECTGUID="d06b01fd-acdc-4a29-b0bd-9f08e4b98052" CHANGEID="689733919" NUMBER="100" OPERTYPEID="10" PREVID="0" NEXTID="0" UPDATEDATE="2025-09-30" STARTDATE="2025-09-30" ENDDATE="2079-06-06" ISACTUAL="1" ISACTIVE="1" /><STEAD ID="74189275" OBJECTID="174959347" OBJECTGUID="308f39b6-8e6c-40ae-9e38-8358f3f0f1d6" CHANGEID="689733920" NUMBER="166" OPERTYPEID="10" PREVID="0" NEXTID="0" UPDATEDATE="2025-09-30" STARTDATE="2025-09-30" ENDDATE="2079-06-06" ISACTUAL="1" ISACTIVE="1" /><STEAD ID="74189276" OBJECTID="174959348" OBJECTGUID="935cc31d-fe02-422d-aafa-f35eb6f58ca7" CHANGEID="689733921" NUMBER="167" OPERTYPEID="10" PREVID="0" NEXTID="0" UPDATEDATE="2025-09-30" STARTDATE="2025-09-30" ENDDATE="2079-06-06" ISACTUAL="1" ISACTIVE="1" /><STEAD ID="74189277" OBJECTID="174959349" OBJECTGUID="9282c74a-02f3-477d-88be-6816a06241a7" CHANGEID="689733922" NUMBER="168" OPERTYPEID="10" PREVID="0" NEXTID="0" UPDATEDATE="2025-09-30" STARTDATE="2025-09-30" ENDDATE="2079-06-06" ISACTUAL="1" ISACTIVE="1" /><STEAD ID="74189278" OBJECTID="174959350" OBJECTGUID="b97f2712-5690-42a5-91fd-6f6e95602e03" CHANGEID="689733923" NUMBER="157" OPERTYPEID="10" PREVID="0" NEXTID="0" UPDATEDATE="2025-09-30" STARTDATE="2025-09-30" ENDDATE="2079-06-06" ISACTUAL="1" ISACTIVE="1" /><STEAD ID="74189279" OBJECTID="174959351" OBJECTGUID="898655de-b7f0-4264-a2d7-3360dcab5bf4" CHANGEID="689733924" NUMBER="158" OPERTYPEID="10" PREVID="0" NEXTID="0" UPDATEDATE="2025-09-30" STARTDATE="2025-09-30" ENDDATE="2079-06-06" ISACTUAL="1" ISACTIVE="1" /><STEAD ID="74189280" OBJECTID="174959352" OBJECTGUID="e6717f12-b1a3-45bd-bb35-d676042db846" CHANGEID="689733925" NUMBER="88" OPERTYPEID="10" PREVID="0" NEXTID="0" UPDATEDATE="2025-09-30" STARTDATE="2025-09-30" ENDDATE="2079-06-06" ISACTUAL="1" ISACTIVE="1" /><STEAD ID="74189281" OBJECTID="174959353" OBJECTGUID="6bf89280-00ca-433f-ad8a-095cf55adfae" CHANGEID="689733926" NUMBER="89" OPERTYPEID="10" PREVID="0" NEXTID="0" UPDATEDATE="2025-09-30" STARTDATE="2025-09-30" ENDDATE="2079-06-06" ISACTUAL="1" ISACTIVE="1" /><STEAD ID="74189282" OBJECTID="174959354" OBJECTGUID="4124a8e9-1b40-41d5-9d60-e23c6b4ced0e" CHANGEID="689733927" NUMBER="90" OPERTYPEID="10" PREVID="0" NEXTID="0" UPDATEDATE="2025-09-30" STARTDATE="2025-09-30" ENDDATE="2079-06-06" ISACTUAL="1" ISACTIVE="1" /><STEAD ID="74189283" OBJECTID="174959355" OBJECTGUID="56782bd5-80f3-4a91-b946-cc84cd068e16" CHANGEID="689733928" NUMBER="91" OPERTYPEID="10" PREVID="0" NEXTID="0" UPDATEDATE="2025-09-30" STARTDATE="2025-09-30" ENDDATE="2079-06-06" ISACTUAL="1" ISACTIVE="1" /><STEAD ID="74189284" OBJECTID="174959356" OBJECTGUID="cfff48d0-fb44-4d4e-bae9-aac6599b35f6" CHANGEID="689733929" NUMBER="92" OPERTYPEID="10" PREVID="0" NEXTID="0" UPDATEDATE="2025-09-30" STARTDATE="2025-09-30" ENDDATE="2079-06-06" ISACTUAL="1" ISACTIVE="1" /><STEAD ID="74189285" OBJECTID="174959357" OBJECTGUID="ad5964dc-25ca-4e6a-999c-f822a04defec" CHANGEID="689733930" NUMBER="94" OPERTYPEID="10" PREVID="0" NEXTID="0" UPDATEDATE="2025-09-30" STARTDATE="2025-09-30" ENDDATE="2079-06-06" ISACTUAL="1" ISACTIVE="1" /><STEAD ID="74189286" OBJECTID="174959358" OBJECTGUID="65dc5445-e5b7-4139-8c40-dde06b52d218" CHANGEID="689733931" NUMBER="95" OPERTYPEID="10" PREVID="0" NEXTID="0" UPDATEDATE="2025-09-30" STARTDATE="2025-09-30" ENDDATE="2079-06-06" ISACTUAL="1" ISACTIVE="1" /><STEAD ID="74189287" OBJECTID="174959359" OBJECTGUID="9345d8de-e490-4ba8-9d7b-011704a34e79" CHANGEID="689733932" NUMBER="98" OPERTYPEID="10" PREVID="0" NEXTID="0" UPDATEDATE="2025-09-30" STARTDATE="2025-09-30" ENDDATE="2079-06-06" ISACTUAL="1" ISACTIVE="1" /><STEAD ID="74189288" OBJECTID="174959360" OBJECTGUID="bd69d2db-ac0d-4731-aaa2-7d7828e33243" CHANGEID="689733933" NUMBER="159" OPERTYPEID="10" PREVID="0" NEXTID="0" UPDATEDATE="2025-09-30" STARTDATE="2025-09-30" ENDDATE="2079-06-06" ISACTUAL="1" ISACTIVE="1" /><STEAD ID="74189289" OBJECTID="174959361" OBJECTGUID="39895af1-c828-446a-815e-c1e6a4267ec5" CHANGEID="689733934" NUMBER="160" OPERTYPEID="10" PREVID="0" NEXTID="0" UPDATEDATE="2025-09-30" STARTDATE="2025-09-30" ENDDATE="2079-06-06" ISACTUAL="1" ISACTIVE="1" /><STEAD ID="74189298" OBJECTID="174959379" OBJECTGUID="a9f875e9-3654-468a-88d8-7186cfcc38b5" CHANGEID="689733968" NUMBER="25" OPERTYPEID="10" PREVID="0" NEXTID="0" UPDATEDATE="2025-09-30" STARTDATE="2025-09-30" ENDDATE="2079-06-06" ISACTUAL="1" ISACTIVE="1" /><STEAD ID="74189299" OBJECTID="174959380" OBJECTGUID="4b3fbb8e-bae0-4727-9ae4-b3db72be44c3" CHANGEID="689733969" NUMBER="22" OPERTYPEID="10" PREVID="0" NEXTID="0" UPDATEDATE="2025-09-30" STARTDATE="2025-09-30" ENDDATE="2079-06-06" ISACTUAL="1" ISACTIVE="1" /><STEAD ID="74189300" OBJECTID="174959381" OBJECTGUID="d6a1cdc1-1d20-4a27-9624-39454ca17025" CHANGEID="689733970" NUMBER="21" OPERTYPEID="10" PREVID="0" NEXTID="0" UPDATEDATE="2025-09-30" STARTDATE="2025-09-30" ENDDATE="2079-06-06" ISACTUAL="1" ISACTIVE="1" /><STEAD ID="74189301" OBJECTID="174959382" OBJECTGUID="6f8f080d-5c70-437c-bd9b-ed9f683729b0" CHANGEID="689733971" NUMBER="19А" OPERTYPEID="10" PREVID="0" NEXTID="0" UPDATEDATE="2025-09-30" STARTDATE="2025-09-30" ENDDATE="2079-06-06" ISACTUAL="1" ISACTIVE="1" /><STEAD ID="74189302" OBJECTID="174959383" OBJECTGUID="7dc52c83-b04d-42d2-95ac-51da738db970" CHANGEID="689733972" NUMBER="18" OPERTYPEID="10" PREVID="0" NEXTID="0" UPDATEDATE="2025-09-30" STARTDATE="2025-09-30" ENDDATE="2079-06-06" ISACTUAL="1" ISACTIVE="1" /><STEAD ID="74189303" OBJECTID="174959384" OBJECTGUID="120e84af-b1f2-4485-ba09-09fc156e6b2b" CHANGEID="689733973" NUMBER="17А" OPERTYPEID="10" PREVID="0" NEXTID="0" UPDATEDATE="2025-09-30" STARTDATE="2025-09-30" ENDDATE="2079-06-06" ISACTUAL="1" ISACTIVE="1" /><STEAD ID="74189304" OBJECTID="174959385" OBJECTGUID="b2316fd7-ba6a-4e7b-beba-a1522ab26f1f" CHANGEID="689733974" NUMBER="17" OPERTYPEID="10" PREVID="0" NEXTID="0" UPDATEDATE="2025-09-30" STARTDATE="2025-09-30" ENDDATE="2079-06-06" ISACTUAL="1" ISACTIVE="1" /><STEAD ID="74189374" OBJECTID="174959558" OBJECTGUID="9a560654-dfc5-43ba-859b-47a40e7b22d0" CHANGEID="689734313" NUMBER="146" OPERTYPEID="10" PREVID="0" NEXTID="0" UPDATEDATE="2025-09-30" STARTDATE="2025-09-30" ENDDATE="2079-06-06" ISACTUAL="1" ISACTIVE="1" /><STEAD ID="74189375" OBJECTID="174959559" OBJECTGUID="d9890f20-fec4-4e12-ab5f-0307fa48da02" CHANGEID="689734314" NUMBER="147" OPERTYPEID="10" PREVID="0" NEXTID="0" UPDATEDATE="2025-09-30" STARTDATE="2025-09-30" ENDDATE="2079-06-06" ISACTUAL="1" ISACTIVE="1" /><STEAD ID="74189376" OBJECTID="174959560" OBJECTGUID="0ef4d284-a79e-43da-b6a0-c4d33bd86459" CHANGEID="689734315" NUMBER="148" OPERTYPEID="10" PREVID="0" NEXTID="0" UPDATEDATE="2025-09-30" STARTDATE="2025-09-30" ENDDATE="2079-06-06" ISACTUAL="1" ISACTIVE="1" /><STEAD ID="74189377" OBJECTID="174959561" OBJECTGUID="0f738604-50ca-4a63-92e0-6723da90b3b3" CHANGEID="689734316" NUMBER="114" OPERTYPEID="10" PREVID="0" NEXTID="0" UPDATEDATE="2025-09-30" STARTDATE="2025-09-30" ENDDATE="2079-06-06" ISACTUAL="1" ISACTIVE="1" /><STEAD ID="74189378" OBJECTID="174959562" OBJECTGUID="f6303b37-f92e-4060-961c-9b5c052e2ee7" CHANGEID="689734317" NUMBER="115" OPERTYPEID="10" PREVID="0" NEXTID="0" UPDATEDATE="2025-09-30" STARTDATE="2025-09-30" ENDDATE="2079-06-06" ISACTUAL="1" ISACTIVE="1" /><STEAD ID="74189379" OBJECTID="174959563" OBJECTGUID="184647d6-f7d3-414e-92c9-2bd5a52254f0" CHANGEID="689734318" NUMBER="116" OPERTYPEID="10" PREVID="0" NEXTID="0" UPDATEDATE="2025-09-30" STARTDATE="2025-09-30" ENDDATE="2079-06-06" ISACTUAL="1" ISACTIVE="1" /><STEAD ID="74189380" OBJECTID="174959564" OBJECTGUID="7262474c-7867-44ef-9101-b44ef8b77e8e" CHANGEID="689734319" NUMBER="117" OPERTYPEID="10" PREVID="0" NEXTID="0" UPDATEDATE="2025-09-30" STARTDATE="2025-09-30" ENDDATE="2079-06-06" ISACTUAL="1" ISACTIVE="1" /><STEAD ID="74189381" OBJECTID="174959565" OBJECTGUID="ae502085-dc6d-490f-94aa-214d4a8e0208" CHANGEID="689734320" NUMBER="118" OPERTYPEID="10" PREVID="0" NEXTID="0" UPDATEDATE="2025-09-30" STARTDATE="2025-09-30" ENDDATE="2079-06-06" ISACTUAL="1" ISACTIVE="1" /><STEAD ID="74189382" OBJECTID="174959566" OBJECTGUID="bb7d2527-fd6b-486c-8066-98039adab124" CHANGEID="689734321" NUMBER="119" OPERTYPEID="10" PREVID="0" NEXTID="0" UPDATEDATE="2025-09-30" STARTDATE="2025-09-30" ENDDATE="2079-06-06" ISACTUAL="1" ISACTIVE="1" /><STEAD ID="74189383" OBJECTID="174959567" OBJECTGUID="98e72bd8-88b3-47b7-9961-79cc9297ad01" CHANGEID="689734322" NUMBER="161" OPERTYPEID="10" PREVID="0" NEXTID="0" UPDATEDATE="2025-09-30" STARTDATE="2025-09-30" ENDDATE="2079-06-06" ISACTUAL="1" ISACTIVE="1" /><STEAD ID="74189384" OBJECTID="174959568" OBJECTGUID="3790dd4d-2fbd-4081-8a79-e762ef70d45d" CHANGEID="689734323" NUMBER="120" OPERTYPEID="10" PREVID="0" NEXTID="0" UPDATEDATE="2025-09-30" STARTDATE="2025-09-30" ENDDATE="2079-06-06" ISACTUAL="1" ISACTIVE="1" /><STEAD ID="74189385" OBJECTID="174959569" OBJECTGUID="9b4aa6eb-ad34-4046-ad06-2048581d7c3c" CHANGEID="689734324" NUMBER="121" OPERTYPEID="10" PREVID="0" NEXTID="0" UPDATEDATE="2025-09-30" STARTDATE="2025-09-30" ENDDATE="2079-06-06" ISACTUAL="1" ISACTIVE="1" /><STEAD ID="74189386" OBJECTID="174959570" OBJECTGUID="cfe52b09-edb0-4d78-bec4-48ce7303317c" CHANGEID="689734325" NUMBER="122" OPERTYPEID="10" PREVID="0" NEXTID="0" UPDATEDATE="2025-09-30" STARTDATE="2025-09-30" ENDDATE="2079-06-06" ISACTUAL="1" ISACTIVE="1" /><STEAD ID="74189387" OBJECTID="174959571" OBJECTGUID="dc3742d7-1008-4a09-9643-f35df4b1d861" CHANGEID="689734326" NUMBER="123" OPERTYPEID="10" PREVID="0" NEXTID="0" UPDATEDATE="2025-09-30" STARTDATE="2025-09-30" ENDDATE="2079-06-06" ISACTUAL="1" ISACTIVE="1" /><STEAD ID="74189388" OBJECTID="174959572" OBJECTGUID="035d3904-90a9-41f4-83f0-9547589b8d60" CHANGEID="689734327" NUMBER="124" OPERTYPEID="10" PREVID="0" NEXTID="0" UPDATEDATE="2025-09-30" STARTDATE="2025-09-30" ENDDATE="2079-06-06" ISACTUAL="1" ISACTIVE="1" /><STEAD ID="74189389" OBJECTID="174959573" OBJECTGUID="994f1f8b-38e9-4bb8-8391-36349fb2e13b" CHANGEID="689734328" NUMBER="125" OPERTYPEID="10" PREVID="0" NEXTID="0" UPDATEDATE="2025-09-30" STARTDATE="2025-09-30" ENDDATE="2079-06-06" ISACTUAL="1" ISACTIVE="1" /><STEAD ID="74189390" OBJECTID="174959574" OBJECTGUID="15374efe-b0ef-4079-8b67-281aad693c8e" CHANGEID="689734329" NUMBER="126" OPERTYPEID="10" PREVID="0" NEXTID="0" UPDATEDATE="2025-09-30" STARTDATE="2025-09-30" ENDDATE="2079-06-06" ISACTUAL="1" ISACTIVE="1" /><STEAD ID="74189391" OBJECTID="174959575" OBJECTGUID="2221b817-88d4-4d28-983c-5f6de6732e10" CHANGEID="689734330" NUMBER="127" OPERTYPEID="10" PREVID="0" NEXTID="0" UPDATEDATE="2025-09-30" STARTDATE="2025-09-30" ENDDATE="2079-06-06" ISACTUAL="1" ISACTIVE="1" /><STEAD ID="74189392" OBJECTID="174959576" OBJECTGUID="619671ab-9eab-46d2-ba9f-dc589bf8ef7c" CHANGEID="689734331" NUMBER="162" OPERTYPEID="10" PREVID="0" NEXTID="0" UPDATEDATE="2025-09-30" STARTDATE="2025-09-30" ENDDATE="2079-06-06" ISACTUAL="1" ISACTIVE="1" /><STEAD ID="74189393" OBJECTID="174959577" OBJECTGUID="ed821352-aac3-4e95-9af1-1e25e9b6d96a" CHANGEID="689734332" NUMBER="163" OPERTYPEID="10" PREVID="0" NEXTID="0" UPDATEDATE="2025-09-30" STARTDATE="2025-09-30" ENDDATE="2079-06-06" ISACTUAL="1" ISACTIVE="1" /><STEAD ID="74189394" OBJECTID="174959578" OBJECTGUID="f4f2fd8d-280f-4d21-be55-6f1788557fea" CHANGEID="689734333" NUMBER="164" OPERTYPEID="10" PREVID="0" NEXTID="0" UPDATEDATE="2025-09-30" STARTDATE="2025-09-30" ENDDATE="2079-06-06" ISACTUAL="1" ISACTIVE="1" /><STEAD ID="74189395" OBJECTID="174959579" OBJECTGUID="9f8f954c-b69c-400f-9075-e19dde56270f" CHANGEID="689734334" NUMBER="145" OPERTYPEID="10" PREVID="0" NEXTID="0" UPDATEDATE="2025-09-30" STARTDATE="2025-09-30" ENDDATE="2079-06-06" ISACTUAL="1" ISACTIVE="1" /><STEAD ID="74189470" OBJECTID="174959666" OBJECTGUID="cf9538c0-06df-4ba3-b152-fd3aa37374d6" CHANGEID="689734492" NUMBER="32/15" OPERTYPEID="10" PREVID="0" NEXTID="0" UPDATEDATE="2025-09-30" STARTDATE="2025-09-30" ENDDATE="2079-06-06" ISACTUAL="1" ISACTIVE="1" /><STEAD ID="74189476" OBJECTID="174959675" OBJECTGUID="76d68860-cd82-4a7e-a454-1b044bc76d37" CHANGEID="689734512" NUMBER="31" OPERTYPEID="10" PREVID="0" NEXTID="0" UPDATEDATE="2025-09-30" STARTDATE="2025-09-30" ENDDATE="2079-06-06" ISACTUAL="1" ISACTIVE="1" /><STEAD ID="74189477" OBJECTID="174959676" OBJECTGUID="70746ee7-1017-44d7-b2d3-e991792a6731" CHANGEID="689734513" NUMBER="13А" OPERTYPEID="10" PREVID="0" NEXTID="0" UPDATEDATE="2025-09-30" STARTDATE="2025-09-30" ENDDATE="2079-06-06" ISACTUAL="1" ISACTIVE="1" /><STEAD ID="74189723" OBJECTID="174960120" OBJECTGUID="f72354d1-7061-43ef-a7ea-6d4ce1c1f0f0" CHANGEID="689735240" NUMBER="200" OPERTYPEID="10" PREVID="0" NEXTID="0" UPDATEDATE="2025-09-30" STARTDATE="2025-09-30" ENDDATE="2079-06-06" ISACTUAL="1" ISACTIVE="1" /><STEAD ID="74189724" OBJECTID="174960121" OBJECTGUID="53114830-7cf1-4aaf-a06b-950ca96d4c07" CHANGEID="689735241" NUMBER="201" OPERTYPEID="10" PREVID="0" NEXTID="0" UPDATEDATE="2025-09-30" STARTDATE="2025-09-30" ENDDATE="2079-06-06" ISACTUAL="1" ISACTIVE="1" /><STEAD ID="74189725" OBJECTID="174960122" OBJECTGUID="4119dec1-88cc-41e0-8c5f-dce97c93aa72" CHANGEID="689735242" NUMBER="202" OPERTYPEID="10" PREVID="0" NEXTID="0" UPDATEDATE="2025-09-30" STARTDATE="2025-09-30" ENDDATE="2079-06-06" ISACTUAL="1" ISACTIVE="1" /><STEAD ID="74189726" OBJECTID="174960123" OBJECTGUID="bf9cdbc5-e16b-4373-a66e-c5324f442363" CHANGEID="689735243" NUMBER="203" OPERTYPEID="10" PREVID="0" NEXTID="0" UPDATEDATE="2025-09-30" STARTDATE="2025-09-30" ENDDATE="2079-06-06" ISACTUAL="1" ISACTIVE="1" /><STEAD ID="74189727" OBJECTID="174960124" OBJECTGUID="d5baaad8-0422-49e8-ad94-f431b2069538" CHANGEID="689735244" NUMBER="224" OPERTYPEID="10" PREVID="0" NEXTID="0" UPDATEDATE="2025-09-30" STARTDATE="2025-09-30" ENDDATE="2079-06-06" ISACTUAL="1" ISACTIVE="1" /><STEAD ID="74189728" OBJECTID="174960125" OBJECTGUID="566c9e15-5d99-4140-83d6-aef5df24ecd3" CHANGEID="689735245" NUMBER="225" OPERTYPEID="10" PREVID="0" NEXTID="0" UPDATEDATE="2025-09-30" STARTDATE="2025-09-30" ENDDATE="2079-06-06" ISACTUAL="1" ISACTIVE="1" /><STEAD ID="74189729" OBJECTID="174960126" OBJECTGUID="c85cea36-1d4e-433e-802a-4b81de28e1d3" CHANGEID="689735246" NUMBER="218/1" OPERTYPEID="10" PREVID="0" NEXTID="0" UPDATEDATE="2025-09-30" STARTDATE="2025-09-30" ENDDATE="2079-06-06" ISACTUAL="1" ISACTIVE="1" /><STEAD ID="74189730" OBJECTID="174960127" OBJECTGUID="c82d4b75-0b06-4cc3-a379-b7806492ee0a" CHANGEID="689735247" NUMBER="218/2" OPERTYPEID="10" PREVID="0" NEXTID="0" UPDATEDATE="2025-09-30" STARTDATE="2025-09-30" ENDDATE="2079-06-06" ISACTUAL="1" ISACTIVE="1" /><STEAD ID="74189731" OBJECTID="174960128" OBJECTGUID="753f7872-4336-481a-ad54-eb45b0d27621" CHANGEID="689735248" NUMBER="207/1" OPERTYPEID="10" PREVID="0" NEXTID="0" UPDATEDATE="2025-09-30" STARTDATE="2025-09-30" ENDDATE="2079-06-06" ISACTUAL="1" ISACTIVE="1" /><STEAD ID="74189732" OBJECTID="174960129" OBJECTGUID="9f2af441-d4db-4fed-b4d0-73cc1e86475e" CHANGEID="689735249" NUMBER="204" OPERTYPEID="10" PREVID="0" NEXTID="0" UPDATEDATE="2025-09-30" STARTDATE="2025-09-30" ENDDATE="2079-06-06" ISACTUAL="1" ISACTIVE="1" /><STEAD ID="74189733" OBJECTID="174960130" OBJECTGUID="60a06764-8a48-4623-9714-36815560e64c" CHANGEID="689735250" NUMBER="205" OPERTYPEID="10" PREVID="0" NEXTID="0" UPDATEDATE="2025-09-30" STARTDATE="2025-09-30" ENDDATE="2079-06-06" ISACTUAL="1" ISACTIVE="1" /><STEAD ID="74189734" OBJECTID="174960131" OBJECTGUID="810deef8-749d-4175-84b2-9fdd51657f8f" CHANGEID="689735251" NUMBER="206" OPERTYPEID="10" PREVID="0" NEXTID="0" UPDATEDATE="2025-09-30" STARTDATE="2025-09-30" ENDDATE="2079-06-06" ISACTUAL="1" ISACTIVE="1" /><STEAD ID="74189735" OBJECTID="174960132" OBJECTGUID="0d2c7765-5186-491c-8ca8-684611f4ac46" CHANGEID="689735252" NUMBER="207" OPERTYPEID="10" PREVID="0" NEXTID="0" UPDATEDATE="2025-09-30" STARTDATE="2025-09-30" ENDDATE="2079-06-06" ISACTUAL="1" ISACTIVE="1" /><STEAD ID="74189736" OBJECTID="174960133" OBJECTGUID="236b1e1e-13a7-427c-be0d-eabc97af83d4" CHANGEID="689735253" NUMBER="208" OPERTYPEID="10" PREVID="0" NEXTID="0" UPDATEDATE="2025-09-30" STARTDATE="2025-09-30" ENDDATE="2079-06-06" ISACTUAL="1" ISACTIVE="1" /><STEAD ID="74189737" OBJECTID="174960134" OBJECTGUID="3b1c0530-c71f-4a2e-b8de-039ec9a41913" CHANGEID="689735254" NUMBER="209" OPERTYPEID="10" PREVID="0" NEXTID="0" UPDATEDATE="2025-09-30" STARTDATE="2025-09-30" ENDDATE="2079-06-06" ISACTUAL="1" ISACTIVE="1" /><STEAD ID="74189738" OBJECTID="174960135" OBJECTGUID="01f3ab13-7b48-4632-b1a8-750480457207" CHANGEID="689735255" NUMBER="210" OPERTYPEID="10" PREVID="0" NEXTID="0" UPDATEDATE="2025-09-30" STARTDATE="2025-09-30" ENDDATE="2079-06-06" ISACTUAL="1" ISACTIVE="1" /><STEAD ID="74189739" OBJECTID="174960136" OBJECTGUID="9c6ff733-2940-4486-8cf7-aa9d271397ca" CHANGEID="689735256" NUMBER="211" OPERTYPEID="10" PREVID="0" NEXTID="0" UPDATEDATE="2025-09-30" STARTDATE="2025-09-30" ENDDATE="2079-06-06" ISACTUAL="1" ISACTIVE="1" /><STEAD ID="74189740" OBJECTID="174960137" OBJECTGUID="2618df16-fc10-4e98-ae82-74dac653d0f6" CHANGEID="689735257" NUMBER="212" OPERTYPEID="10" PREVID="0" NEXTID="0" UPDATEDATE="2025-09-30" STARTDATE="2025-09-30" ENDDATE="2079-06-06" ISACTUAL="1" ISACTIVE="1" /><STEAD ID="74189741" OBJECTID="174960138" OBJECTGUID="cc73d3b9-4e9c-4892-837c-ab7fb953fd6e" CHANGEID="689735258" NUMBER="213" OPERTYPEID="10" PREVID="0" NEXTID="0" UPDATEDATE="2025-09-30" STARTDATE="2025-09-30" ENDDATE="2079-06-06" ISACTUAL="1" ISACTIVE="1" /><STEAD ID="74189742" OBJECTID="174960139" OBJECTGUID="2103bb90-54b9-4e3e-b481-e36ad4067ac8" CHANGEID="689735259" NUMBER="214" OPERTYPEID="10" PREVID="0" NEXTID="0" UPDATEDATE="2025-09-30" STARTDATE="2025-09-30" ENDDATE="2079-06-06" ISACTUAL="1" ISACTIVE="1" /><STEAD ID="74189743" OBJECTID="174960140" OBJECTGUID="beb66bce-0479-40b8-9781-1963038c0dae" CHANGEID="689735260" NUMBER="215" OPERTYPEID="10" PREVID="0" NEXTID="0" UPDATEDATE="2025-09-30" STARTDATE="2025-09-30" ENDDATE="2079-06-06" ISACTUAL="1" ISACTIVE="1" /><STEAD ID="74189744" OBJECTID="174960141" OBJECTGUID="7c13fc84-e6c1-4d16-9bcd-f271e0ee7da3" CHANGEID="689735261" NUMBER="216" OPERTYPEID="10" PREVID="0" NEXTID="0" UPDATEDATE="2025-09-30" STARTDATE="2025-09-30" ENDDATE="2079-06-06" ISACTUAL="1" ISACTIVE="1" /><STEAD ID="74189745" OBJECTID="174960142" OBJECTGUID="d07089c7-04d8-4847-bf78-a88b03269371" CHANGEID="689735262" NUMBER="217" OPERTYPEID="10" PREVID="0" NEXTID="0" UPDATEDATE="2025-09-30" STARTDATE="2025-09-30" ENDDATE="2079-06-06" ISACTUAL="1" ISACTIVE="1" /><STEAD ID="74189746" OBJECTID="174960143" OBJECTGUID="ea96dfdf-eff3-4171-9e4b-8c475e74de07" CHANGEID="689735263" NUMBER="218" OPERTYPEID="10" PREVID="0" NEXTID="0" UPDATEDATE="2025-09-30" STARTDATE="2025-09-30" ENDDATE="2079-06-06" ISACTUAL="1" ISACTIVE="1" /><STEAD ID="74189747" OBJECTID="174960144" OBJECTGUID="39491d48-43e3-453d-bcde-5323373d5887" CHANGEID="689735264" NUMBER="219" OPERTYPEID="10" PREVID="0" NEXTID="0" UPDATEDATE="2025-09-30" STARTDATE="2025-09-30" ENDDATE="2079-06-06" ISACTUAL="1" ISACTIVE="1" /><STEAD ID="74189748" OBJECTID="174960145" OBJECTGUID="fabbee59-e6e3-4459-b38d-cc3f9500479f" CHANGEID="689735265" NUMBER="220" OPERTYPEID="10" PREVID="0" NEXTID="0" UPDATEDATE="2025-09-30" STARTDATE="2025-09-30" ENDDATE="2079-06-06" ISACTUAL="1" ISACTIVE="1" /><STEAD ID="74189749" OBJECTID="174960146" OBJECTGUID="eb1dba8c-5f98-4424-857a-2bb4f9fed561" CHANGEID="689735266" NUMBER="221" OPERTYPEID="10" PREVID="0" NEXTID="0" UPDATEDATE="2025-09-30" STARTDATE="2025-09-30" ENDDATE="2079-06-06" ISACTUAL="1" ISACTIVE="1" /><STEAD ID="74189750" OBJECTID="174960147" OBJECTGUID="63aef7d8-e815-43a0-8d67-8e49ca991599" CHANGEID="689735267" NUMBER="222" OPERTYPEID="10" PREVID="0" NEXTID="0" UPDATEDATE="2025-09-30" STARTDATE="2025-09-30" ENDDATE="2079-06-06" ISACTUAL="1" ISACTIVE="1" /><STEAD ID="74189751" OBJECTID="174960148" OBJECTGUID="59508eb7-e036-46ae-a557-fe664b5e2fa2" CHANGEID="689735268" NUMBER="223" OPERTYPEID="10" PREVID="0" NEXTID="0" UPDATEDATE="2025-09-30" STARTDATE="2025-09-30" ENDDATE="2079-06-06" ISACTUAL="1" ISACTIVE="1" /><STEAD ID="74189752" OBJECTID="174960149" OBJECTGUID="f3b7ee7a-818c-44ea-8763-1f1e888e46c2" CHANGEID="689735269" NUMBER="207/2" OPERTYPEID="10" PREVID="0" NEXTID="0" UPDATEDATE="2025-09-30" STARTDATE="2025-09-30" ENDDATE="2079-06-06" ISACTUAL="1" ISACTIVE="1" /><STEAD ID="74191013" OBJECTID="174961926" OBJECTGUID="f35c5f9b-835d-4e54-b3d3-146084a7b251" CHANGEID="689739160" NUMBER="7В" OPERTYPEID="10" PREVID="0" NEXTID="0" UPDATEDATE="2025-09-30" STARTDATE="2025-09-30" ENDDATE="2079-06-06" ISACTUAL="1" ISACTIVE="1" /><STEAD ID="74191350" OBJECTID="174962357" OBJECTGUID="b22f866b-70ee-4993-ad3a-c381a7bcea2d" CHANGEID="689740689" NUMBER="238/1" OPERTYPEID="10" PREVID="0" NEXTID="0" UPDATEDATE="2025-09-30" STARTDATE="2025-09-30" ENDDATE="2079-06-06" ISACTUAL="1" ISACTIVE="1" /><STEAD ID="74195767" OBJECTID="174969325" OBJECTGUID="7e62a6fa-6a7d-4a34-a459-42086b76c897" CHANGEID="689756272" NUMBER="7/2" OPERTYPEID="10" PREVID="0" NEXTID="0" UPDATEDATE="2025-09-30" STARTDATE="2025-09-30" ENDDATE="2079-06-06" ISACTUAL="1" ISACTIVE="1" /><STEAD ID="74196004" OBJECTID="174969597" OBJECTGUID="3ee1fec6-7bcd-4495-a1f9-a9d64519bf0d" CHANGEID="689756696" NUMBER="1Г/11/31" OPERTYPEID="10" PREVID="0" NEXTID="0" UPDATEDATE="2025-09-30" STARTDATE="2025-09-30" ENDDATE="2079-06-06" ISACTUAL="1" ISACTIVE="1" /><STEAD ID="74196424" OBJECTID="87804872" OBJECTGUID="4417309f-02fc-479b-aef2-e3684cfe67cf" CHANGEID="689758786" NUMBER="19" OPERTYPEID="30" PREVID="3264077" NEXTID="0" UPDATEDATE="2025-09-30" STARTDATE="2025-09-30" ENDDATE="2079-06-06" ISACTUAL="1" ISACTIVE="0" /><STEAD ID="74196457" OBJECTID="174970518" OBJECTGUID="286f8cb4-8d96-4756-bd73-16d33d6ed1f4" CHANGEID="689776899" NUMBER="Г476" OPERTYPEID="10" PREVID="0" NEXTID="0" UPDATEDATE="2025-09-30" STARTDATE="2025-09-30" ENDDATE="2079-06-06" ISACTUAL="1" ISACTIVE="1" /><STEAD ID="74196547" OBJECTID="174970730" OBJECTGUID="0fdad56a-0ad8-414e-9a0e-607b7a4f5a96" CHANGEID="689777270" NUMBER="239" OPERTYPEID="10" PREVID="0" NEXTID="0" UPDATEDATE="2025-09-30" STARTDATE="2025-09-30" ENDDATE="2079-06-06" ISACTUAL="1" ISACTIVE="1" /><STEAD ID="74198344" OBJECTID="174974986" OBJECTGUID="c266168a-701c-485e-ba9c-2078f277d682" CHANGEID="689786743" NUMBER="20а" OPERTYPEID="10" PREVID="0" NEXTID="0" UPDATEDATE="2025-10-01" STARTDATE="2025-10-01" ENDDATE="2079-06-06" ISACTUAL="1" ISACTIVE="1" /><STEAD ID="74199078" OBJECTID="174976582" OBJECTGUID="e40385b1-cbba-43eb-956e-51e424a473b5" CHANGEID="689790255" NUMBER="29" OPERTYPEID="10" PREVID="0" NEXTID="0" UPDATEDATE="2025-10-01" STARTDATE="2025-10-01" ENDDATE="2079-06-06" ISACTUAL="1" ISACTIVE="1" /><STEAD ID="74199282" OBJECTID="174976871" OBJECTGUID="aeb050fa-64d4-4b43-b825-901143f808e6" CHANGEID="689790735" NUMBER="76" OPERTYPEID="10" PREVID="0" NEXTID="0" UPDATEDATE="2025-10-01" STARTDATE="2025-10-01" ENDDATE="2079-06-06" ISACTUAL="1" ISACTIVE="1" /><STEAD ID="74200631" OBJECTID="174979006" OBJECTGUID="1f99fec3-7f0b-4a81-a057-0bfcac93bdc5" CHANGEID="689794066" NUMBER="4378" OPERTYPEID="10" PREVID="0" NEXTID="0" UPDATEDATE="2025-10-01" STARTDATE="2025-10-01" ENDDATE="2079-06-06" ISACTUAL="1" ISACTIVE="1" /><STEAD ID="74201238" OBJECTID="174980379" OBJECTGUID="bb425f92-450e-4c9f-beef-1965200f20ae" CHANGEID="689796539" NUMBER="4380" OPERTYPEID="10" PREVID="0" NEXTID="0" UPDATEDATE="2025-10-01" STARTDATE="2025-10-01" ENDDATE="2079-06-06" ISACTUAL="1" ISACTIVE="1" /><STEAD ID="74201258" OBJECTID="174980418" OBJECTGUID="ac13a67a-ebdf-46aa-84ed-4ba3536f0f8f" CHANGEID="689796620" NUMBER="4381" OPERTYPEID="10" PREVID="0" NEXTID="0" UPDATEDATE="2025-10-01" STARTDATE="2025-10-01" ENDDATE="2079-06-06" ISACTUAL="1" ISACTIVE="1" /><STEAD ID="74201858" OBJECTID="174981229" OBJECTGUID="d3c09ae1-e902-4ce8-aaf1-a533f35474a7" CHANGEID="689799059" NUMBER="594" OPERTYPEID="10" PREVID="0" NEXTID="0" UPDATEDATE="2025-10-01" STARTDATE="2025-10-01" ENDDATE="2079-06-06" ISACTUAL="1" ISACTIVE="1" /><STEAD ID="74201898" OBJECTID="174981283" OBJECTGUID="f040c76b-d145-44ab-827c-f5ba9bb61271" CHANGEID="689799139" NUMBER="593" OPERTYPEID="10" PREVID="0" NEXTID="0" UPDATEDATE="2025-10-01" STARTDATE="2025-10-01" ENDDATE="2079-06-06" ISACTUAL="1" ISACTIVE="1" /><STEAD ID="74201927" OBJECTID="174981321" OBJECTGUID="56f67e95-f342-4d99-b583-906f77b9a693" CHANGEID="689799264" NUMBER="590" OPERTYPEID="10" PREVID="0" NEXTID="0" UPDATEDATE="2025-10-01" STARTDATE="2025-10-01" ENDDATE="2079-06-06" ISACTUAL="1" ISACTIVE="1" /><STEAD ID="74201975" OBJECTID="174981452" OBJECTGUID="58fa81a4-6de6-42a7-b9f2-55416635644a" CHANGEID="689799520" NUMBER="591" OPERTYPEID="10" PREVID="0" NEXTID="0" UPDATEDATE="2025-10-01" STARTDATE="2025-10-01" ENDDATE="2079-06-06" ISACTUAL="1" ISACTIVE="1" /><STEAD ID="74201985" OBJECTID="174981487" OBJECTGUID="47dec584-edc2-4aac-803e-6e64d39e1855" CHANGEID="689799592" NUMBER="592" OPERTYPEID="10" PREVID="0" NEXTID="0" UPDATEDATE="2025-10-01" STARTDATE="2025-10-01" ENDDATE="2079-06-06" ISACTUAL="1" ISACTIVE="1" /><STEAD ID="74201999" OBJECTID="174981500" OBJECTGUID="4f0ed4b5-c5c7-42d9-aa27-a4bd79527897" CHANGEID="689799622" NUMBER="595" OPERTYPEID="10" PREVID="0" NEXTID="0" UPDATEDATE="2025-10-01" STARTDATE="2025-10-01" ENDDATE="2079-06-06" ISACTUAL="1" ISACTIVE="1" /><STEAD ID="74205061" OBJECTID="174986862" OBJECTGUID="80eb994b-e39c-439e-b68b-842c11b72cd6" CHANGEID="689811006" NUMBER="14А" OPERTYPEID="10" PREVID="0" NEXTID="0" UPDATEDATE="2025-10-01" STARTDATE="2025-10-01" ENDDATE="2079-06-06" ISACTUAL="1" ISACTIVE="1" /><STEAD ID="74206390" OBJECTID="174990413" OBJECTGUID="37b97e25-2450-4447-980e-da9d93e8d55c" CHANGEID="689817174" NUMBER="61А" OPERTYPEID="10" PREVID="0" NEXTID="0" UPDATEDATE="2025-10-01" STARTDATE="2025-10-01" ENDDATE="2079-06-06" ISACTUAL="1" ISACTIVE="1" /><STEAD ID="74206391" OBJECTID="174990414" OBJECTGUID="36e12c72-4663-49e8-8a4a-ccb562710934" CHANGEID="689817175" NUMBER="61" OPERTYPEID="10" PREVID="0" NEXTID="0" UPDATEDATE="2025-10-01" STARTDATE="2025-10-01" ENDDATE="2079-06-06" ISACTUAL="1" ISACTIVE="1" /><STEAD ID="74207008" OBJECTID="174991904" OBJECTGUID="d40d7f78-1cda-457c-97cf-aae27d66275f" CHANGEID="689819866" NUMBER="62/3" OPERTYPEID="10" PREVID="0" NEXTID="0" UPDATEDATE="2025-10-01" STARTDATE="2025-10-01" ENDDATE="2079-06-06" ISACTUAL="1" ISACTIVE="1" /><STEAD ID="74207021" OBJECTID="174991947" OBJECTGUID="7e6693ae-1b6d-4d6e-a3ee-33b60551be5f" CHANGEID="689819923" NUMBER="19" OPERTYPEID="10" PREVID="0" NEXTID="0" UPDATEDATE="2025-10-01" STARTDATE="2025-10-01" ENDDATE="2079-06-06" ISACTUAL="1" ISACTIVE="1" /><STEAD ID="74207090" OBJECTID="174992055" OBJECTGUID="37188be9-abc4-4783-bfb6-d8fb807b9a3e" CHANGEID="689820068" NUMBER="32А" OPERTYPEID="10" PREVID="0" NEXTID="0" UPDATEDATE="2025-10-01" STARTDATE="2025-10-01" ENDDATE="2079-06-06" ISACTUAL="1" ISACTIVE="1" /><STEAD ID="74207088" OBJECTID="91957125" OBJECTGUID="3d12b27b-dbaa-4199-a393-ffd6cc2fea4c" CHANGEID="689820065" NUMBER="165" OPERTYPEID="30" PREVID="7423060" NEXTID="0" UPDATEDATE="2025-10-01" STARTDATE="2025-10-01" ENDDATE="2079-06-06" ISACTUAL="1" ISACTIVE="0" /><STEAD ID="74207099" OBJECTID="174992072" OBJECTGUID="673bd4e6-6e03-466c-adb6-184627abab9c" CHANGEID="689820087" NUMBER="23/2А" OPERTYPEID="10" PREVID="0" NEXTID="0" UPDATEDATE="2025-10-01" STARTDATE="2025-10-01" ENDDATE="2079-06-06" ISACTUAL="1" ISACTIVE="1" /><STEAD ID="74207113" OBJECTID="174992086" OBJECTGUID="8ddf8b16-ff74-4cd0-a425-b778955553ce" CHANGEID="689820102" NUMBER="165Б" OPERTYPEID="10" PREVID="0" NEXTID="0" UPDATEDATE="2025-10-01" STARTDATE="2025-10-01" ENDDATE="2079-06-06" ISACTUAL="1" ISACTIVE="1" /><STEAD ID="74207418" OBJECTID="174992723" OBJECTGUID="48b7ba97-65aa-46a1-857e-3530646cb527" CHANGEID="689824974" NUMBER="29" OPERTYPEID="10" PREVID="0" NEXTID="0" UPDATEDATE="2025-10-01" STARTDATE="2025-10-01" ENDDATE="2079-06-06" ISACTUAL="1" ISACTIVE="1" /><STEAD ID="74207414" OBJECTID="174992714" OBJECTGUID="a48ba6f5-7dc5-44af-a869-84a18243da16" CHANGEID="689824963" NUMBER="14А" OPERTYPEID="10" PREVID="0" NEXTID="0" UPDATEDATE="2025-10-01" STARTDATE="2025-10-01" ENDDATE="2079-06-06" ISACTUAL="1" ISACTIVE="1" /><STEAD ID="74207533" OBJECTID="174992942" OBJECTGUID="ac92957c-0111-4a75-bd06-a89fa312b64a" CHANGEID="689825465" NUMBER="9/14" OPERTYPEID="10" PREVID="0" NEXTID="0" UPDATEDATE="2025-10-01" STARTDATE="2025-10-01" ENDDATE="2079-06-06" ISACTUAL="1" ISACTIVE="1" /><STEAD ID="74207534" OBJECTID="174992943" OBJECTGUID="a0f6a6fd-dca0-4c29-a426-f99f17d6fd12" CHANGEID="689825467" NUMBER="9/17" OPERTYPEID="10" PREVID="0" NEXTID="0" UPDATEDATE="2025-10-01" STARTDATE="2025-10-01" ENDDATE="2079-06-06" ISACTUAL="1" ISACTIVE="1" /></STEADS>