﻿<?xml version="1.0" encoding="utf-8"?><HOUSES><HOUSE ID="54723797" OBJECTID="15735944" OBJECTGUID="2f301785-fdfc-441a-b891-0b57e1d5a4a2" CHANGEID="25032421" HOUSENUM="4" HOUSETYPE="2" OPERTYPEID="20" PREVID="8907468" NEXTID="129179754" UPDATEDATE="2025-09-30" STARTDATE="2014-01-04" ENDDATE="2025-09-30" ISACTUAL="0" ISACTIVE="0" /><HOUSE ID="54833407" OBJECTID="58905078" OBJECTGUID="30bb1325-ad50-4e8f-87e4-74c2abc8ad35" CHANGEID="88029195" HOUSENUM="7" HOUSETYPE="2" OPERTYPEID="20" PREVID="35293808" NEXTID="129175164" UPDATEDATE="2025-09-29" STARTDATE="2018-04-27" ENDDATE="2025-09-29" ISACTUAL="0" ISACTIVE="0" /><HOUSE ID="55427213" OBJECTID="82904706" OBJECTGUID="3920ce49-f3f0-4a88-9f11-754c55fb6c15" CHANGEID="123151370" HOUSENUM="33" HOUSETYPE="2" OPERTYPEID="20" PREVID="50166111" NEXTID="129175084" UPDATEDATE="2025-09-29" STARTDATE="2014-01-04" ENDDATE="2025-09-29" ISACTUAL="0" ISACTIVE="0" /><HOUSE ID="57025070" OBJECTID="11034391" OBJECTGUID="4fb01574-1b77-42aa-9215-6424a23bdfa0" CHANGEID="18017002" HOUSENUM="42" HOUSETYPE="2" OPERTYPEID="20" PREVID="5853837" NEXTID="129173217" UPDATEDATE="2025-09-29" STARTDATE="2014-01-04" ENDDATE="2025-09-29" ISACTUAL="0" ISACTIVE="0" /><HOUSE ID="57128245" OBJECTID="43531219" OBJECTGUID="5123063b-9356-4927-a8d8-105a5c14c0e7" CHANGEID="65699743" HOUSENUM="55" HOUSETYPE="2" OPERTYPEID="20" PREVID="26018068" NEXTID="129171056" UPDATEDATE="2025-09-29" STARTDATE="2018-03-05" ENDDATE="2025-09-29" ISACTUAL="0" ISACTIVE="0" /><HOUSE ID="57667473" OBJECTID="33880862" OBJECTGUID="58bf22b3-55e4-42ed-ade4-891f6270fdaf" CHANGEID="51607025" HOUSENUM="160" HOUSETYPE="2" OPERTYPEID="20" PREVID="20132949" NEXTID="129171475" UPDATEDATE="2025-09-29" STARTDATE="2014-10-21" ENDDATE="2025-09-29" ISACTUAL="0" ISACTIVE="0" /><HOUSE ID="58026426" OBJECTID="9274069" OBJECTGUID="5dd27f4b-30b0-4d32-8eeb-c9b9dc057b6c" CHANGEID="15475119" HOUSENUM="52" HOUSETYPE="2" OPERTYPEID="20" PREVID="4805058" NEXTID="129170730" UPDATEDATE="2025-09-29" STARTDATE="2014-01-04" ENDDATE="2025-09-29" ISACTUAL="0" ISACTIVE="0" /><HOUSE ID="58291821" OBJECTID="43586242" OBJECTGUID="618f6f2e-b765-4821-800d-dae01ca7de60" CHANGEID="65777040" HOUSENUM="35" HOUSETYPE="2" OPERTYPEID="20" PREVID="26047492" NEXTID="129171020" UPDATEDATE="2025-09-29" STARTDATE="2018-03-05" ENDDATE="2025-09-29" ISACTUAL="0" ISACTIVE="0" /><HOUSE ID="58591189" OBJECTID="15742745" OBJECTGUID="65c57028-bc26-4f6f-9997-504923c11cc2" CHANGEID="25043156" HOUSENUM="2" HOUSETYPE="2" OPERTYPEID="20" PREVID="8912382" NEXTID="129179750" UPDATEDATE="2025-09-30" STARTDATE="2016-05-19" ENDDATE="2025-09-30" ISACTUAL="0" ISACTIVE="0" /><HOUSE ID="59305150" OBJECTID="63913337" OBJECTGUID="6fdbc409-0bf7-47f6-9b05-7d6fbeb3b90c" CHANGEID="95364130" HOUSENUM="8" HOUSETYPE="2" OPERTYPEID="20" PREVID="38439765" NEXTID="129171498" UPDATEDATE="2025-09-29" STARTDATE="2014-10-21" ENDDATE="2025-09-29" ISACTUAL="0" ISACTIVE="0" /><HOUSE ID="59654095" OBJECTID="69816668" OBJECTGUID="74cbc2c5-ae95-4a4a-a6be-b084f3a08419" CHANGEID="104043328" HOUSENUM="39" HOUSETYPE="2" OPERTYPEID="20" PREVID="42104873" NEXTID="129180133" UPDATEDATE="2025-09-30" STARTDATE="2014-01-04" ENDDATE="2025-09-30" ISACTUAL="0" ISACTIVE="0" /><HOUSE ID="59850149" OBJECTID="64570045" OBJECTGUID="778c5a26-2364-4786-8c63-e70ff499d259" CHANGEID="96329311" HOUSENUM="27" HOUSETYPE="2" OPERTYPEID="20" PREVID="38856092" NEXTID="129171081" UPDATEDATE="2025-09-29" STARTDATE="2018-03-05" ENDDATE="2025-09-29" ISACTUAL="0" ISACTIVE="0" /><HOUSE ID="60771388" OBJECTID="33648186" OBJECTGUID="848ec09b-459d-4138-9c37-d216df985b6c" CHANGEID="51271394" HOUSENUM="5" HOUSETYPE="2" OPERTYPEID="20" PREVID="20000719" NEXTID="129186767" UPDATEDATE="2025-10-01" STARTDATE="2014-01-04" ENDDATE="2025-10-01" ISACTUAL="0" ISACTIVE="0" /><HOUSE ID="61269119" OBJECTID="4783751" OBJECTGUID="8b92f02f-2175-4782-bb3d-18a187dbda15" CHANGEID="8866168" HOUSENUM="26" HOUSETYPE="2" OPERTYPEID="20" PREVID="1984676" NEXTID="129175145" UPDATEDATE="2025-09-29" STARTDATE="2014-01-04" ENDDATE="2025-09-29" ISACTUAL="0" ISACTIVE="0" /><HOUSE ID="61541589" OBJECTID="43569337" OBJECTGUID="8f6b529f-ea7a-47ae-9032-9dbf8cd44e29" CHANGEID="65752783" HOUSENUM="38" HOUSETYPE="2" OPERTYPEID="20" PREVID="26038003" NEXTID="129171051" UPDATEDATE="2025-09-29" STARTDATE="2018-03-05" ENDDATE="2025-09-29" ISACTUAL="0" ISACTIVE="0" /><HOUSE ID="62178688" OBJECTID="39409309" OBJECTGUID="986947a2-373d-498d-9376-b84e37ed7206" CHANGEID="59712855" HOUSENUM="13" HOUSETYPE="2" OPERTYPEID="20" PREVID="23574088" NEXTID="129180191" UPDATEDATE="2025-09-30" STARTDATE="2014-01-04" ENDDATE="2025-09-30" ISACTUAL="0" ISACTIVE="0" /><HOUSE ID="62793220" OBJECTID="73222905" OBJECTGUID="a1141dd4-8c9a-4ee0-9cee-47d44afdeef5" CHANGEID="109024042" HOUSENUM="12" HOUSETYPE="2" OPERTYPEID="20" PREVID="44214467" NEXTID="129180238" UPDATEDATE="2025-09-30" STARTDATE="2014-01-04" ENDDATE="2025-09-30" ISACTUAL="0" ISACTIVE="0" /><HOUSE ID="64267872" OBJECTID="69798916" OBJECTGUID="b5e65d5b-c05c-47a1-971f-11edaac58969" CHANGEID="104018080" HOUSENUM="3" HOUSETYPE="2" OPERTYPEID="20" PREVID="42095351" NEXTID="129179908" UPDATEDATE="2025-09-30" STARTDATE="2014-01-04" ENDDATE="2025-09-30" ISACTUAL="0" ISACTIVE="0" /><HOUSE ID="65409664" OBJECTID="72725308" OBJECTGUID="c602d84d-36f4-4118-8a70-9dddda924554" CHANGEID="108296951" HOUSENUM="91" HOUSETYPE="2" OPERTYPEID="20" PREVID="43900236" NEXTID="129181350" UPDATEDATE="2025-09-30" STARTDATE="2014-01-04" ENDDATE="2025-09-30" ISACTUAL="0" ISACTIVE="0" /><HOUSE ID="65514272" OBJECTID="69491708" OBJECTGUID="c77e682f-f9d0-4194-9a51-8283f910e2e5" CHANGEID="103570888" HOUSENUM="14" HOUSETYPE="2" OPERTYPEID="20" PREVID="41912271" NEXTID="129175169" UPDATEDATE="2025-09-29" STARTDATE="2014-01-04" ENDDATE="2025-09-29" ISACTUAL="0" ISACTIVE="0" /><HOUSE ID="65971869" OBJECTID="6950392" OBJECTGUID="cdf80c14-0a9c-405e-9d6e-d5850716e278" CHANGEID="12048835" HOUSENUM="18" HOUSETYPE="2" OPERTYPEID="20" PREVID="3338509" NEXTID="129175157" UPDATEDATE="2025-09-29" STARTDATE="2018-04-27" ENDDATE="2025-09-29" ISACTUAL="0" ISACTIVE="0" /><HOUSE ID="66993654" OBJECTID="52732156" OBJECTGUID="dc674526-07b6-41e8-bc85-283700f45be5" CHANGEID="78980795" HOUSENUM="10" HOUSETYPE="2" OPERTYPEID="20" PREVID="31496794" NEXTID="129182657" UPDATEDATE="2025-09-30" STARTDATE="2014-01-04" ENDDATE="2025-09-30" ISACTUAL="0" ISACTIVE="0" /><HOUSE ID="67125294" OBJECTID="35034193" OBJECTGUID="de466250-31ae-49a9-9404-b1d1cfde7c79" CHANGEID="53279646" HOUSENUM="73" HOUSETYPE="2" OPERTYPEID="20" PREVID="20832532" NEXTID="129179767" UPDATEDATE="2025-09-30" STARTDATE="2014-01-04" ENDDATE="2025-09-30" ISACTUAL="0" ISACTIVE="0" /><HOUSE ID="67346933" OBJECTID="9257813" OBJECTGUID="e165f14d-0202-4381-af0b-5f945984e995" CHANGEID="15451560" HOUSENUM="54" HOUSETYPE="2" OPERTYPEID="20" PREVID="4795550" NEXTID="129171068" UPDATEDATE="2025-09-29" STARTDATE="2014-01-04" ENDDATE="2025-09-29" ISACTUAL="0" ISACTIVE="0" /><HOUSE ID="67357411" OBJECTID="15741874" OBJECTGUID="e18cb0b3-5a3e-4e1b-b7bf-4117c7b0cab5" CHANGEID="25041140" HOUSENUM="37" HOUSETYPE="2" OPERTYPEID="20" PREVID="8911376" NEXTID="129179738" UPDATEDATE="2025-09-30" STARTDATE="2014-01-04" ENDDATE="2025-09-30" ISACTUAL="0" ISACTIVE="0" /><HOUSE ID="69445050" OBJECTID="31984017" OBJECTGUID="ff0ad1c9-9bfb-4437-9e64-ca2791437c60" CHANGEID="48863390" HOUSENUM="21" HOUSETYPE="2" OPERTYPEID="20" PREVID="18995093" NEXTID="129180212" UPDATEDATE="2025-09-30" STARTDATE="2014-01-04" ENDDATE="2025-09-30" ISACTUAL="0" ISACTIVE="0" /><HOUSE ID="63293482" OBJECTID="39373258" OBJECTGUID="a828b58d-bea1-4140-b780-147947ed744f" CHANGEID="59657743" HOUSENUM="8" HOUSETYPE="2" OPERTYPEID="20" PREVID="23549644" NEXTID="129180197" UPDATEDATE="2025-09-30" STARTDATE="2014-01-04" ENDDATE="2025-09-30" ISACTUAL="0" ISACTIVE="0" /><HOUSE ID="10557399" OBJECTID="18309747" OBJECTGUID="0f78c377-2ae0-49c9-88b8-4140ec65d37c" CHANGEID="28833636" HOUSENUM="53" HOUSETYPE="2" OPERTYPEID="10" PREVID="0" NEXTID="129165903" UPDATEDATE="2025-09-29" STARTDATE="2017-10-09" ENDDATE="2025-09-29" ISACTUAL="0" ISACTIVE="0" /><HOUSE ID="24145955" OBJECTID="40390887" OBJECTGUID="e192314f-5a78-417c-8697-5346d6760c7b" CHANGEID="61138181" HOUSENUM="18" HOUSETYPE="2" OPERTYPEID="10" PREVID="0" NEXTID="129191591" UPDATEDATE="2025-10-01" STARTDATE="1900-01-01" ENDDATE="2025-10-01" ISACTUAL="0" ISACTIVE="0" /><HOUSE ID="64047236" OBJECTID="58909055" OBJECTGUID="b2cc568a-0c14-4c38-acf6-92c35da8b1f6" CHANGEID="88032779" HOUSENUM="13" HOUSETYPE="2" OPERTYPEID="20" PREVID="35295411" NEXTID="129175159" UPDATEDATE="2025-09-29" STARTDATE="2018-04-27" ENDDATE="2025-09-29" ISACTUAL="0" ISACTIVE="0" /><HOUSE ID="51611331" OBJECTID="69829283" OBJECTGUID="03401ca2-be7e-41ee-bc94-fdc2b31a132a" CHANGEID="104061746" HOUSENUM="6" HOUSETYPE="2" OPERTYPEID="20" PREVID="42113383" NEXTID="129180245" UPDATEDATE="2025-09-30" STARTDATE="2014-01-04" ENDDATE="2025-09-30" ISACTUAL="0" ISACTIVE="0" /><HOUSE ID="52015726" OBJECTID="36163750" OBJECTGUID="08f2ae89-8af7-4fb6-add4-427a19070230" CHANGEID="54905909" HOUSENUM="17" HOUSETYPE="2" OPERTYPEID="20" PREVID="21501477" NEXTID="129181326" UPDATEDATE="2025-09-30" STARTDATE="2018-03-23" ENDDATE="2025-09-30" ISACTUAL="0" ISACTIVE="0" /><HOUSE ID="64159069" OBJECTID="34007232" OBJECTGUID="b45aabdb-df74-4f0e-b548-a1cf00034a7c" CHANGEID="51795687" HOUSENUM="29" HOUSETYPE="2" OPERTYPEID="20" PREVID="20217071" NEXTID="129175155" UPDATEDATE="2025-09-29" STARTDATE="2014-01-04" ENDDATE="2025-09-29" ISACTUAL="0" ISACTIVE="0" /><HOUSE ID="52750015" OBJECTID="35106632" OBJECTGUID="1355d6fd-2794-4043-b8d2-587cc12375fd" CHANGEID="53379615" HOUSENUM="52" HOUSETYPE="2" OPERTYPEID="20" PREVID="20869717" NEXTID="129179761" UPDATEDATE="2025-09-30" STARTDATE="2014-01-04" ENDDATE="2025-09-30" ISACTUAL="0" ISACTIVE="0" /><HOUSE ID="52927975" OBJECTID="69797655" OBJECTGUID="15da6541-813b-4551-bc49-0aea8190f1c1" CHANGEID="104016089" HOUSENUM="5" HOUSETYPE="2" OPERTYPEID="20" PREVID="42094720" NEXTID="129180147" UPDATEDATE="2025-09-30" STARTDATE="2014-01-04" ENDDATE="2025-09-30" ISACTUAL="0" ISACTIVE="0" /><HOUSE ID="53568416" OBJECTID="31974630" OBJECTGUID="1ee22a25-8483-4547-be73-4f55e2a6ac46" CHANGEID="48848499" HOUSENUM="5" HOUSETYPE="2" OPERTYPEID="20" PREVID="18988948" NEXTID="129180223" UPDATEDATE="2025-09-30" STARTDATE="2014-01-04" ENDDATE="2025-09-30" ISACTUAL="0" ISACTIVE="0" /><HOUSE ID="53806678" OBJECTID="67303571" OBJECTGUID="2243c8a5-89a3-4981-b829-dc821fdf6803" CHANGEID="100345098" HOUSENUM="20" HOUSETYPE="2" OPERTYPEID="20" PREVID="40530763" NEXTID="129183786" UPDATEDATE="2025-09-30" STARTDATE="2014-01-04" ENDDATE="2025-09-30" ISACTUAL="0" ISACTIVE="0" /><HOUSE ID="53955179" OBJECTID="5921545" OBJECTGUID="245943ba-fdd7-4b85-b0be-3742819cfcb3" CHANGEID="10553938" HOUSENUM="34" HOUSETYPE="2" OPERTYPEID="20" PREVID="2708948" NEXTID="129175167" UPDATEDATE="2025-09-29" STARTDATE="2014-01-04" ENDDATE="2025-09-29" ISACTUAL="0" ISACTIVE="0" /><HOUSE ID="54253856" OBJECTID="69803213" OBJECTGUID="288dfd7b-546d-4aa9-93b8-3ea6a88c0333" CHANGEID="104024349" HOUSENUM="4" HOUSETYPE="2" OPERTYPEID="20" PREVID="42097967" NEXTID="129180242" UPDATEDATE="2025-09-30" STARTDATE="2014-01-04" ENDDATE="2025-09-30" ISACTUAL="0" ISACTIVE="0" /><HOUSE ID="129165903" OBJECTID="18309747" OBJECTGUID="0f78c377-2ae0-49c9-88b8-4140ec65d37c" CHANGEID="689636657" HOUSENUM="53" HOUSETYPE="2" OPERTYPEID="30" PREVID="10557399" NEXTID="0" UPDATEDATE="2025-09-29" STARTDATE="2025-09-29" ENDDATE="2079-06-06" ISACTUAL="1" ISACTIVE="0" /><HOUSE ID="129165979" OBJECTID="174915357" OBJECTGUID="65d2a93f-232c-4ae2-a988-3a7723ba7676" CHANGEID="689637336" HOUSENUM="26А" HOUSETYPE="5" OPERTYPEID="10" PREVID="0" NEXTID="0" UPDATEDATE="2025-09-29" STARTDATE="2025-09-29" ENDDATE="2079-06-06" ISACTUAL="1" ISACTIVE="1" /><HOUSE ID="129165984" OBJECTID="174915369" OBJECTGUID="df01e179-e8f9-4279-90a1-de74b685630e" CHANGEID="689637352" HOUSENUM="26Б" HOUSETYPE="5" OPERTYPEID="10" PREVID="0" NEXTID="0" UPDATEDATE="2025-09-29" STARTDATE="2025-09-29" ENDDATE="2079-06-06" ISACTUAL="1" ISACTIVE="1" /><HOUSE ID="129165986" OBJECTID="174915380" OBJECTGUID="afa66073-c00e-41f2-92d6-da1538c3c260" CHANGEID="689637366" HOUSENUM="27" HOUSETYPE="5" OPERTYPEID="10" PREVID="0" NEXTID="0" UPDATEDATE="2025-09-29" STARTDATE="2025-09-29" ENDDATE="2079-06-06" ISACTUAL="1" ISACTIVE="1" /><HOUSE ID="129165987" OBJECTID="174915452" OBJECTGUID="60ef013f-0942-4402-a9fa-36eb3de43670" CHANGEID="689637441" HOUSENUM="28" HOUSETYPE="5" OPERTYPEID="10" PREVID="0" NEXTID="0" UPDATEDATE="2025-09-29" STARTDATE="2025-09-29" ENDDATE="2079-06-06" ISACTUAL="1" ISACTIVE="1" /><HOUSE ID="129165990" OBJECTID="174915465" OBJECTGUID="b0c90dc2-f633-4e3e-8c14-a46d6bfc429d" CHANGEID="689637456" HOUSENUM="29" HOUSETYPE="5" OPERTYPEID="10" PREVID="0" NEXTID="0" UPDATEDATE="2025-09-29" STARTDATE="2025-09-29" ENDDATE="2079-06-06" ISACTUAL="1" ISACTIVE="1" /><HOUSE ID="129165994" OBJECTID="174915473" OBJECTGUID="c0e322f0-447a-4008-a5a6-4bd5a1cab6d2" CHANGEID="689637470" HOUSENUM="30" HOUSETYPE="5" OPERTYPEID="10" PREVID="0" NEXTID="0" UPDATEDATE="2025-09-29" STARTDATE="2025-09-29" ENDDATE="2079-06-06" ISACTUAL="1" ISACTIVE="1" /><HOUSE ID="129165995" OBJECTID="174915488" OBJECTGUID="2c75362a-4478-4d59-9eba-68c998228a30" CHANGEID="689637488" HOUSENUM="34" HOUSETYPE="5" OPERTYPEID="10" PREVID="0" NEXTID="0" UPDATEDATE="2025-09-29" STARTDATE="2025-09-29" ENDDATE="2079-06-06" ISACTUAL="1" ISACTIVE="1" /><HOUSE ID="129166382" OBJECTID="174917279" OBJECTGUID="98ab7c8f-f449-40b0-8f4d-c7ede19ae145" CHANGEID="689640610" HOUSENUM="15" HOUSETYPE="5" OPERTYPEID="10" PREVID="0" NEXTID="0" UPDATEDATE="2025-09-29" STARTDATE="2025-09-29" ENDDATE="2079-06-06" ISACTUAL="1" ISACTIVE="1" /><HOUSE ID="129166352" OBJECTID="174917133" OBJECTGUID="44f13d80-8cee-414c-b731-3fecb749dc7d" CHANGEID="689640286" HOUSENUM="20" HOUSETYPE="2" OPERTYPEID="10" PREVID="0" NEXTID="0" UPDATEDATE="2025-09-29" STARTDATE="2025-09-29" ENDDATE="2079-06-06" ISACTUAL="1" ISACTIVE="1" /><HOUSE ID="129170730" OBJECTID="9274069" OBJECTGUID="5dd27f4b-30b0-4d32-8eeb-c9b9dc057b6c" CHANGEID="689669800" HOUSENUM="52" HOUSETYPE="2" OPERTYPEID="30" PREVID="58026426" NEXTID="0" UPDATEDATE="2025-09-29" STARTDATE="2025-09-29" ENDDATE="2079-06-06" ISACTUAL="1" ISACTIVE="0" /><HOUSE ID="129170791" OBJECTID="174930760" OBJECTGUID="35b128c2-c2a9-4681-b8fd-a7fac6b5ff3a" CHANGEID="689670175" HOUSENUM="73б" HOUSETYPE="2" OPERTYPEID="10" PREVID="0" NEXTID="0" UPDATEDATE="2025-09-29" STARTDATE="2025-09-29" ENDDATE="2079-06-06" ISACTUAL="1" ISACTIVE="1" /><HOUSE ID="129170820" OBJECTID="174930848" OBJECTGUID="bdef3250-ee7b-4181-9c80-f5c5643c730b" CHANGEID="689670333" HOUSENUM="49б" HOUSETYPE="2" OPERTYPEID="10" PREVID="0" NEXTID="0" UPDATEDATE="2025-09-29" STARTDATE="2025-09-29" ENDDATE="2079-06-06" ISACTUAL="1" ISACTIVE="1" /><HOUSE ID="129171020" OBJECTID="43586242" OBJECTGUID="618f6f2e-b765-4821-800d-dae01ca7de60" CHANGEID="689671547" HOUSENUM="35" HOUSETYPE="2" OPERTYPEID="30" PREVID="58291821" NEXTID="0" UPDATEDATE="2025-09-29" STARTDATE="2025-09-29" ENDDATE="2079-06-06" ISACTUAL="1" ISACTIVE="0" /><HOUSE ID="129171051" OBJECTID="43569337" OBJECTGUID="8f6b529f-ea7a-47ae-9032-9dbf8cd44e29" CHANGEID="689672015" HOUSENUM="38" HOUSETYPE="2" OPERTYPEID="30" PREVID="61541589" NEXTID="0" UPDATEDATE="2025-09-29" STARTDATE="2025-09-29" ENDDATE="2079-06-06" ISACTUAL="1" ISACTIVE="0" /><HOUSE ID="129171091" OBJECTID="18977947" OBJECTGUID="60be3cd8-0066-41d3-b7bd-abef604933f6" CHANGEID="689672757" HOUSENUM="13" HOUSETYPE="2" OPERTYPEID="30" PREVID="58234266" NEXTID="0" UPDATEDATE="2025-09-29" STARTDATE="2025-09-29" ENDDATE="2079-06-06" ISACTUAL="1" ISACTIVE="0" /><HOUSE ID="58234266" OBJECTID="18977947" OBJECTGUID="60be3cd8-0066-41d3-b7bd-abef604933f6" CHANGEID="29797514" HOUSENUM="13" HOUSETYPE="2" OPERTYPEID="20" PREVID="10949288" NEXTID="129171091" UPDATEDATE="2025-09-29" STARTDATE="2014-01-04" ENDDATE="2025-09-29" ISACTUAL="0" ISACTIVE="0" /><HOUSE ID="129171056" OBJECTID="43531219" OBJECTGUID="5123063b-9356-4927-a8d8-105a5c14c0e7" CHANGEID="689672141" HOUSENUM="55" HOUSETYPE="2" OPERTYPEID="30" PREVID="57128245" NEXTID="0" UPDATEDATE="2025-09-29" STARTDATE="2025-09-29" ENDDATE="2079-06-06" ISACTUAL="1" ISACTIVE="0" /><HOUSE ID="129171067" OBJECTID="4545175" OBJECTGUID="41384c75-3f4c-4a80-bd44-37614b2684c6" CHANGEID="689672347" HOUSENUM="10" HOUSETYPE="2" OPERTYPEID="30" PREVID="55999945" NEXTID="0" UPDATEDATE="2025-09-29" STARTDATE="2025-09-29" ENDDATE="2079-06-06" ISACTUAL="1" ISACTIVE="0" /><HOUSE ID="55999945" OBJECTID="4545175" OBJECTGUID="41384c75-3f4c-4a80-bd44-37614b2684c6" CHANGEID="8510253" HOUSENUM="10" HOUSETYPE="2" OPERTYPEID="20" PREVID="1831279" NEXTID="129171067" UPDATEDATE="2025-09-29" STARTDATE="2018-03-05" ENDDATE="2025-09-29" ISACTUAL="0" ISACTIVE="0" /><HOUSE ID="129171068" OBJECTID="9257813" OBJECTGUID="e165f14d-0202-4381-af0b-5f945984e995" CHANGEID="689672353" HOUSENUM="54" HOUSETYPE="2" OPERTYPEID="30" PREVID="67346933" NEXTID="0" UPDATEDATE="2025-09-29" STARTDATE="2025-09-29" ENDDATE="2079-06-06" ISACTUAL="1" ISACTIVE="0" /><HOUSE ID="129171075" OBJECTID="45459277" OBJECTGUID="a6de9035-abf7-42c1-baf1-8775c88cd1f2" CHANGEID="689672450" HOUSENUM="27" HOUSETYPE="2" OPERTYPEID="30" PREVID="63203202" NEXTID="0" UPDATEDATE="2025-09-29" STARTDATE="2025-09-29" ENDDATE="2079-06-06" ISACTUAL="1" ISACTIVE="0" /><HOUSE ID="63203202" OBJECTID="45459277" OBJECTGUID="a6de9035-abf7-42c1-baf1-8775c88cd1f2" CHANGEID="68477546" HOUSENUM="27" HOUSETYPE="2" OPERTYPEID="20" PREVID="27156365" NEXTID="129171075" UPDATEDATE="2025-09-29" STARTDATE="2018-03-05" ENDDATE="2025-09-29" ISACTUAL="0" ISACTIVE="0" /><HOUSE ID="129171081" OBJECTID="64570045" OBJECTGUID="778c5a26-2364-4786-8c63-e70ff499d259" CHANGEID="689672697" HOUSENUM="27" HOUSETYPE="2" OPERTYPEID="30" PREVID="59850149" NEXTID="0" UPDATEDATE="2025-09-29" STARTDATE="2025-09-29" ENDDATE="2079-06-06" ISACTUAL="1" ISACTIVE="0" /><HOUSE ID="129171102" OBJECTID="2972615" OBJECTGUID="ad34cad2-3907-4411-b34a-1c98dcc4b96d" CHANGEID="689672795" HOUSENUM="31" HOUSETYPE="2" OPERTYPEID="30" PREVID="63650289" NEXTID="0" UPDATEDATE="2025-09-29" STARTDATE="2025-09-29" ENDDATE="2079-06-06" ISACTUAL="1" ISACTIVE="0" /><HOUSE ID="63650289" OBJECTID="2972615" OBJECTGUID="ad34cad2-3907-4411-b34a-1c98dcc4b96d" CHANGEID="6257875" HOUSENUM="31" HOUSETYPE="2" OPERTYPEID="20" PREVID="906372" NEXTID="129171102" UPDATEDATE="2025-09-29" STARTDATE="2014-01-04" ENDDATE="2025-09-29" ISACTUAL="0" ISACTIVE="0" /><HOUSE ID="129171475" OBJECTID="33880862" OBJECTGUID="58bf22b3-55e4-42ed-ade4-891f6270fdaf" CHANGEID="689675020" HOUSENUM="160" HOUSETYPE="2" OPERTYPEID="30" PREVID="57667473" NEXTID="0" UPDATEDATE="2025-09-29" STARTDATE="2025-09-29" ENDDATE="2079-06-06" ISACTUAL="1" ISACTIVE="0" /><HOUSE ID="129171498" OBJECTID="63913337" OBJECTGUID="6fdbc409-0bf7-47f6-9b05-7d6fbeb3b90c" CHANGEID="689675127" HOUSENUM="8" HOUSETYPE="2" OPERTYPEID="30" PREVID="59305150" NEXTID="0" UPDATEDATE="2025-09-29" STARTDATE="2025-09-29" ENDDATE="2079-06-06" ISACTUAL="1" ISACTIVE="0" /><HOUSE ID="129173217" OBJECTID="11034391" OBJECTGUID="4fb01574-1b77-42aa-9215-6424a23bdfa0" CHANGEID="689686260" HOUSENUM="40а" HOUSETYPE="2" OPERTYPEID="20" PREVID="57025070" UPDATEDATE="2025-09-29" STARTDATE="2025-09-29" ENDDATE="2079-06-06" ISACTUAL="1" ISACTIVE="1" /><HOUSE ID="129174176" OBJECTID="174941309" OBJECTGUID="e4ac75ef-6f1b-4e09-80dd-60d5a5a3445a" CHANGEID="689692709" HOUSENUM="14А" HOUSETYPE="2" OPERTYPEID="10" PREVID="0" NEXTID="0" UPDATEDATE="2025-09-29" STARTDATE="2025-09-29" ENDDATE="2079-06-06" ISACTUAL="1" ISACTIVE="1" /><HOUSE ID="129174344" OBJECTID="174942175" OBJECTGUID="ffdafccb-b088-4d08-92a6-a71f95c837f8" CHANGEID="689694367" HOUSENUM="20а" HOUSETYPE="7" OPERTYPEID="10" PREVID="0" NEXTID="0" UPDATEDATE="2025-09-29" STARTDATE="2025-09-29" ENDDATE="2079-06-06" ISACTUAL="1" ISACTIVE="1" /><HOUSE ID="129174750" OBJECTID="174943500" OBJECTGUID="22d13465-83ba-4094-ad2e-7d3ee94cc426" CHANGEID="689696687" HOUSENUM="25" HOUSETYPE="5" OPERTYPEID="10" PREVID="0" NEXTID="0" UPDATEDATE="2025-09-29" STARTDATE="2025-09-29" ENDDATE="2079-06-06" ISACTUAL="1" ISACTIVE="1" /><HOUSE ID="129174789" OBJECTID="26746651" OBJECTGUID="a8a1ea50-5162-466b-a426-059cc0f8e8e9" CHANGEID="689696821" HOUSENUM="14" HOUSETYPE="2" OPERTYPEID="30" PREVID="63327734" NEXTID="0" UPDATEDATE="2025-09-29" STARTDATE="2025-09-29" ENDDATE="2079-06-06" ISACTUAL="1" ISACTIVE="0" /><HOUSE ID="63327734" OBJECTID="26746651" OBJECTGUID="a8a1ea50-5162-466b-a426-059cc0f8e8e9" CHANGEID="41280769" HOUSENUM="14" HOUSETYPE="2" OPERTYPEID="20" PREVID="15878941" NEXTID="129174789" UPDATEDATE="2025-09-29" STARTDATE="2014-10-21" ENDDATE="2025-09-29" ISACTUAL="0" ISACTIVE="0" /><HOUSE ID="129175014" OBJECTID="174943979" OBJECTGUID="4bc0873f-f582-4d11-9fd0-4a0f91cb447b" CHANGEID="689697366" HOUSENUM="10" HOUSETYPE="5" OPERTYPEID="10" PREVID="0" NEXTID="0" UPDATEDATE="2025-09-29" STARTDATE="2025-09-29" ENDDATE="2079-06-06" ISACTUAL="1" ISACTIVE="1" /><HOUSE ID="129175071" OBJECTID="174944059" OBJECTGUID="a5d58b31-3e42-47fb-98d0-df1ac33f0477" CHANGEID="689697493" HOUSENUM="23" HOUSETYPE="2" OPERTYPEID="10" PREVID="0" NEXTID="0" UPDATEDATE="2025-09-29" STARTDATE="2025-09-29" ENDDATE="2079-06-06" ISACTUAL="1" ISACTIVE="1" /><HOUSE ID="129175084" OBJECTID="82904706" OBJECTGUID="3920ce49-f3f0-4a88-9f11-754c55fb6c15" CHANGEID="689697557" HOUSENUM="33А" HOUSETYPE="2" OPERTYPEID="20" PREVID="55427213" UPDATEDATE="2025-09-29" STARTDATE="2025-09-29" ENDDATE="2079-06-06" ISACTUAL="1" ISACTIVE="1" /><HOUSE ID="129175140" OBJECTID="174944452" OBJECTGUID="e891d3e4-2fe6-44fe-8401-14c7acd23238" CHANGEID="689698574" HOUSENUM="3/52" HOUSETYPE="7" OPERTYPEID="10" PREVID="0" NEXTID="0" UPDATEDATE="2025-09-29" STARTDATE="2025-09-29" ENDDATE="2079-06-06" ISACTUAL="1" ISACTIVE="1" /><HOUSE ID="129175145" OBJECTID="4783751" OBJECTGUID="8b92f02f-2175-4782-bb3d-18a187dbda15" CHANGEID="689698589" HOUSENUM="26" HOUSETYPE="2" OPERTYPEID="30" PREVID="61269119" NEXTID="0" UPDATEDATE="2025-09-29" STARTDATE="2025-09-29" ENDDATE="2079-06-06" ISACTUAL="1" ISACTIVE="0" /><HOUSE ID="129175155" OBJECTID="34007232" OBJECTGUID="b45aabdb-df74-4f0e-b548-a1cf00034a7c" CHANGEID="689698952" HOUSENUM="29" HOUSETYPE="2" OPERTYPEID="30" PREVID="64159069" NEXTID="0" UPDATEDATE="2025-09-29" STARTDATE="2025-09-29" ENDDATE="2079-06-06" ISACTUAL="1" ISACTIVE="0" /><HOUSE ID="129175157" OBJECTID="6950392" OBJECTGUID="cdf80c14-0a9c-405e-9d6e-d5850716e278" CHANGEID="689699235" HOUSENUM="18" HOUSETYPE="2" OPERTYPEID="30" PREVID="65971869" NEXTID="0" UPDATEDATE="2025-09-29" STARTDATE="2025-09-29" ENDDATE="2079-06-06" ISACTUAL="1" ISACTIVE="0" /><HOUSE ID="129175159" OBJECTID="58909055" OBJECTGUID="b2cc568a-0c14-4c38-acf6-92c35da8b1f6" CHANGEID="689699326" HOUSENUM="13" HOUSETYPE="2" OPERTYPEID="30" PREVID="64047236" NEXTID="0" UPDATEDATE="2025-09-29" STARTDATE="2025-09-29" ENDDATE="2079-06-06" ISACTUAL="1" ISACTIVE="0" /><HOUSE ID="129175164" OBJECTID="58905078" OBJECTGUID="30bb1325-ad50-4e8f-87e4-74c2abc8ad35" CHANGEID="689699389" HOUSENUM="7" HOUSETYPE="2" OPERTYPEID="30" PREVID="54833407" NEXTID="0" UPDATEDATE="2025-09-29" STARTDATE="2025-09-29" ENDDATE="2079-06-06" ISACTUAL="1" ISACTIVE="0" /><HOUSE ID="129175165" OBJECTID="5929319" OBJECTGUID="5562fddb-b72e-4e21-a2ba-d45f991d229b" CHANGEID="689699466" HOUSENUM="25" HOUSETYPE="2" OPERTYPEID="30" PREVID="57429929" NEXTID="0" UPDATEDATE="2025-09-29" STARTDATE="2025-09-29" ENDDATE="2079-06-06" ISACTUAL="1" ISACTIVE="0" /><HOUSE ID="57429929" OBJECTID="5929319" OBJECTGUID="5562fddb-b72e-4e21-a2ba-d45f991d229b" CHANGEID="10566442" HOUSENUM="25" HOUSETYPE="2" OPERTYPEID="20" PREVID="2714710" NEXTID="129175165" UPDATEDATE="2025-09-29" STARTDATE="2014-01-04" ENDDATE="2025-09-29" ISACTUAL="0" ISACTIVE="0" /><HOUSE ID="129175167" OBJECTID="5921545" OBJECTGUID="245943ba-fdd7-4b85-b0be-3742819cfcb3" CHANGEID="689699542" HOUSENUM="34" HOUSETYPE="2" OPERTYPEID="30" PREVID="53955179" NEXTID="0" UPDATEDATE="2025-09-29" STARTDATE="2025-09-29" ENDDATE="2079-06-06" ISACTUAL="1" ISACTIVE="0" /><HOUSE ID="129175169" OBJECTID="69491708" OBJECTGUID="c77e682f-f9d0-4194-9a51-8283f910e2e5" CHANGEID="689699548" HOUSENUM="14" HOUSETYPE="2" OPERTYPEID="30" PREVID="65514272" NEXTID="0" UPDATEDATE="2025-09-29" STARTDATE="2025-09-29" ENDDATE="2079-06-06" ISACTUAL="1" ISACTIVE="0" /><HOUSE ID="129176409" OBJECTID="174949171" OBJECTGUID="79356cd3-5ef9-40cf-bd96-2e8f269fd0f8" CHANGEID="689708477" HOUSENUM="2/4" HOUSETYPE="7" OPERTYPEID="10" PREVID="0" NEXTID="0" UPDATEDATE="2025-09-30" STARTDATE="2025-09-30" ENDDATE="2079-06-06" ISACTUAL="1" ISACTIVE="1" /><HOUSE ID="129178428" OBJECTID="174954160" OBJECTGUID="3a4d08a4-27e3-4326-a136-1ea2bab905cc" CHANGEID="689720911" HOUSENUM="1/2" HOUSETYPE="7" OPERTYPEID="10" PREVID="0" NEXTID="0" UPDATEDATE="2025-09-30" STARTDATE="2025-09-30" ENDDATE="2079-06-06" ISACTUAL="1" ISACTIVE="1" /><HOUSE ID="129178794" OBJECTID="34005513" OBJECTGUID="3be2114f-009b-472d-82f1-9c1b84203cec" CHANGEID="689722435" HOUSENUM="20" HOUSETYPE="2" OPERTYPEID="30" PREVID="55622514" NEXTID="0" UPDATEDATE="2025-09-30" STARTDATE="2025-09-30" ENDDATE="2079-06-06" ISACTUAL="1" ISACTIVE="0" /><HOUSE ID="55622514" OBJECTID="34005513" OBJECTGUID="3be2114f-009b-472d-82f1-9c1b84203cec" CHANGEID="51792827" HOUSENUM="20" HOUSETYPE="2" OPERTYPEID="20" PREVID="20215557" NEXTID="129178794" UPDATEDATE="2025-09-30" STARTDATE="2014-01-04" ENDDATE="2025-09-30" ISACTUAL="0" ISACTIVE="0" /><HOUSE ID="129179750" OBJECTID="15742745" OBJECTGUID="65c57028-bc26-4f6f-9997-504923c11cc2" CHANGEID="689731489" HOUSENUM="2" HOUSETYPE="2" OPERTYPEID="30" PREVID="58591189" NEXTID="0" UPDATEDATE="2025-09-30" STARTDATE="2025-09-30" ENDDATE="2079-06-06" ISACTUAL="1" ISACTIVE="0" /><HOUSE ID="129179754" OBJECTID="15735944" OBJECTGUID="2f301785-fdfc-441a-b891-0b57e1d5a4a2" CHANGEID="689731564" HOUSENUM="4" HOUSETYPE="2" OPERTYPEID="30" PREVID="54723797" NEXTID="0" UPDATEDATE="2025-09-30" STARTDATE="2025-09-30" ENDDATE="2079-06-06" ISACTUAL="1" ISACTIVE="0" /><HOUSE ID="129179738" OBJECTID="15741874" OBJECTGUID="e18cb0b3-5a3e-4e1b-b7bf-4117c7b0cab5" CHANGEID="689731444" HOUSENUM="37" HOUSETYPE="2" OPERTYPEID="30" PREVID="67357411" NEXTID="0" UPDATEDATE="2025-09-30" STARTDATE="2025-09-30" ENDDATE="2079-06-06" ISACTUAL="1" ISACTIVE="0" /><HOUSE ID="129179767" OBJECTID="35034193" OBJECTGUID="de466250-31ae-49a9-9404-b1d1cfde7c79" CHANGEID="689731779" HOUSENUM="73" HOUSETYPE="2" OPERTYPEID="30" PREVID="67125294" NEXTID="0" UPDATEDATE="2025-09-30" STARTDATE="2025-09-30" ENDDATE="2079-06-06" ISACTUAL="1" ISACTIVE="0" /><HOUSE ID="129179761" OBJECTID="35106632" OBJECTGUID="1355d6fd-2794-4043-b8d2-587cc12375fd" CHANGEID="689731600" HOUSENUM="52" HOUSETYPE="2" OPERTYPEID="30" PREVID="52750015" NEXTID="0" UPDATEDATE="2025-09-30" STARTDATE="2025-09-30" ENDDATE="2079-06-06" ISACTUAL="1" ISACTIVE="0" /><HOUSE ID="129179908" OBJECTID="69798916" OBJECTGUID="b5e65d5b-c05c-47a1-971f-11edaac58969" CHANGEID="689733019" HOUSENUM="3" HOUSETYPE="2" OPERTYPEID="30" PREVID="64267872" NEXTID="0" UPDATEDATE="2025-09-30" STARTDATE="2025-09-30" ENDDATE="2079-06-06" ISACTUAL="1" ISACTIVE="0" /><HOUSE ID="129180133" OBJECTID="69816668" OBJECTGUID="74cbc2c5-ae95-4a4a-a6be-b084f3a08419" CHANGEID="689733808" HOUSENUM="39" HOUSETYPE="2" OPERTYPEID="30" PREVID="59654095" NEXTID="0" UPDATEDATE="2025-09-30" STARTDATE="2025-09-30" ENDDATE="2079-06-06" ISACTUAL="1" ISACTIVE="0" /><HOUSE ID="129180147" OBJECTID="69797655" OBJECTGUID="15da6541-813b-4551-bc49-0aea8190f1c1" CHANGEID="689733876" HOUSENUM="5" HOUSETYPE="2" OPERTYPEID="30" PREVID="52927975" NEXTID="0" UPDATEDATE="2025-09-30" STARTDATE="2025-09-30" ENDDATE="2079-06-06" ISACTUAL="1" ISACTIVE="0" /><HOUSE ID="129180181" OBJECTID="174959451" OBJECTGUID="8d49210c-a016-439b-8ed9-a271c832d30e" CHANGEID="689734179" HOUSENUM="34а" HOUSETYPE="2" OPERTYPEID="10" PREVID="0" NEXTID="0" UPDATEDATE="2025-09-30" STARTDATE="2025-09-30" ENDDATE="2079-06-06" ISACTUAL="1" ISACTIVE="1" /><HOUSE ID="129180191" OBJECTID="39409309" OBJECTGUID="986947a2-373d-498d-9376-b84e37ed7206" CHANGEID="689734304" HOUSENUM="13" HOUSETYPE="2" OPERTYPEID="30" PREVID="62178688" NEXTID="0" UPDATEDATE="2025-09-30" STARTDATE="2025-09-30" ENDDATE="2079-06-06" ISACTUAL="1" ISACTIVE="0" /><HOUSE ID="129180197" OBJECTID="39373258" OBJECTGUID="a828b58d-bea1-4140-b780-147947ed744f" CHANGEID="689734372" HOUSENUM="8" HOUSETYPE="2" OPERTYPEID="30" PREVID="63293482" NEXTID="0" UPDATEDATE="2025-09-30" STARTDATE="2025-09-30" ENDDATE="2079-06-06" ISACTUAL="1" ISACTIVE="0" /><HOUSE ID="129180212" OBJECTID="31984017" OBJECTGUID="ff0ad1c9-9bfb-4437-9e64-ca2791437c60" CHANGEID="689734500" HOUSENUM="21" HOUSETYPE="2" OPERTYPEID="30" PREVID="69445050" NEXTID="0" UPDATEDATE="2025-09-30" STARTDATE="2025-09-30" ENDDATE="2079-06-06" ISACTUAL="1" ISACTIVE="0" /><HOUSE ID="129180223" OBJECTID="31974630" OBJECTGUID="1ee22a25-8483-4547-be73-4f55e2a6ac46" CHANGEID="689734556" HOUSENUM="5" HOUSETYPE="2" OPERTYPEID="30" PREVID="53568416" NEXTID="0" UPDATEDATE="2025-09-30" STARTDATE="2025-09-30" ENDDATE="2079-06-06" ISACTUAL="1" ISACTIVE="0" /><HOUSE ID="129180230" OBJECTID="31974142" OBJECTGUID="bc62ff0d-63b0-4854-8ddc-4b57a0e54b3f" CHANGEID="689734605" HOUSENUM="16" HOUSETYPE="2" OPERTYPEID="30" PREVID="64727261" NEXTID="0" UPDATEDATE="2025-09-30" STARTDATE="2025-09-30" ENDDATE="2079-06-06" ISACTUAL="1" ISACTIVE="0" /><HOUSE ID="64727261" OBJECTID="31974142" OBJECTGUID="bc62ff0d-63b0-4854-8ddc-4b57a0e54b3f" CHANGEID="48847705" HOUSENUM="16" HOUSETYPE="2" OPERTYPEID="20" PREVID="18988590" NEXTID="129180230" UPDATEDATE="2025-09-30" STARTDATE="2014-01-04" ENDDATE="2025-09-30" ISACTUAL="0" ISACTIVE="0" /><HOUSE ID="129180242" OBJECTID="69803213" OBJECTGUID="288dfd7b-546d-4aa9-93b8-3ea6a88c0333" CHANGEID="689734705" HOUSENUM="4" HOUSETYPE="2" OPERTYPEID="30" PREVID="54253856" NEXTID="0" UPDATEDATE="2025-09-30" STARTDATE="2025-09-30" ENDDATE="2079-06-06" ISACTUAL="1" ISACTIVE="0" /><HOUSE ID="129180208" OBJECTID="31976349" OBJECTGUID="af006a6b-c6bd-4da6-9dbd-6c05a5b23a9e" CHANGEID="689734455" HOUSENUM="11" HOUSETYPE="2" OPERTYPEID="30" PREVID="63779065" NEXTID="0" UPDATEDATE="2025-09-30" STARTDATE="2025-09-30" ENDDATE="2079-06-06" ISACTUAL="1" ISACTIVE="0" /><HOUSE ID="63779065" OBJECTID="31976349" OBJECTGUID="af006a6b-c6bd-4da6-9dbd-6c05a5b23a9e" CHANGEID="48850992" HOUSENUM="11" HOUSETYPE="2" OPERTYPEID="20" PREVID="18989809" NEXTID="129180208" UPDATEDATE="2025-09-30" STARTDATE="2014-01-04" ENDDATE="2025-09-30" ISACTUAL="0" ISACTIVE="0" /><HOUSE ID="129180238" OBJECTID="73222905" OBJECTGUID="a1141dd4-8c9a-4ee0-9cee-47d44afdeef5" CHANGEID="689734659" HOUSENUM="12" HOUSETYPE="2" OPERTYPEID="30" PREVID="62793220" NEXTID="0" UPDATEDATE="2025-09-30" STARTDATE="2025-09-30" ENDDATE="2079-06-06" ISACTUAL="1" ISACTIVE="0" /><HOUSE ID="129180245" OBJECTID="69829283" OBJECTGUID="03401ca2-be7e-41ee-bc94-fdc2b31a132a" CHANGEID="689734752" HOUSENUM="6" HOUSETYPE="2" OPERTYPEID="30" PREVID="51611331" NEXTID="0" UPDATEDATE="2025-09-30" STARTDATE="2025-09-30" ENDDATE="2079-06-06" ISACTUAL="1" ISACTIVE="0" /><HOUSE ID="129180911" OBJECTID="174962055" OBJECTGUID="8bc190b7-4045-4b7d-9f4b-43914d836d98" CHANGEID="689739749" HOUSENUM="16" HOUSETYPE="5" OPERTYPEID="10" PREVID="0" NEXTID="0" UPDATEDATE="2025-09-30" STARTDATE="2025-09-30" ENDDATE="2079-06-06" ISACTUAL="1" ISACTIVE="1" /><HOUSE ID="129181326" OBJECTID="36163750" OBJECTGUID="08f2ae89-8af7-4fb6-add4-427a19070230" CHANGEID="689742671" HOUSENUM="17" HOUSETYPE="2" OPERTYPEID="30" PREVID="52015726" NEXTID="0" UPDATEDATE="2025-09-30" STARTDATE="2025-09-30" ENDDATE="2079-06-06" ISACTUAL="1" ISACTIVE="0" /><HOUSE ID="129181350" OBJECTID="72725308" OBJECTGUID="c602d84d-36f4-4118-8a70-9dddda924554" CHANGEID="689742888" HOUSENUM="91" HOUSETYPE="5" OPERTYPEID="20" PREVID="65409664" UPDATEDATE="2025-09-30" STARTDATE="2025-09-30" ENDDATE="2079-06-06" ISACTUAL="1" ISACTIVE="1" /><HOUSE ID="129181610" OBJECTID="174964570" OBJECTGUID="82b7c2ba-e14e-4777-b69c-3557b44dce5c" CHANGEID="689744701" HOUSENUM="11А" HOUSETYPE="2" OPERTYPEID="10" PREVID="0" NEXTID="0" UPDATEDATE="2025-09-30" STARTDATE="2025-09-30" ENDDATE="2079-06-06" ISACTUAL="1" ISACTIVE="1" /><HOUSE ID="129182657" OBJECTID="52732156" OBJECTGUID="dc674526-07b6-41e8-bc85-283700f45be5" CHANGEID="689750641" HOUSENUM="10" HOUSETYPE="2" OPERTYPEID="30" PREVID="66993654" NEXTID="0" UPDATEDATE="2025-09-30" STARTDATE="2025-09-30" ENDDATE="2079-06-06" ISACTUAL="1" ISACTIVE="0" /><HOUSE ID="15555862" OBJECTID="26233022" OBJECTGUID="41d22fdc-b9dc-4796-bbfa-82c6ad04d70d" CHANGEID="40523277" HOUSENUM="19" HOUSETYPE="2" OPERTYPEID="10" PREVID="0" NEXTID="129182922" UPDATEDATE="2025-09-30" STARTDATE="2000-08-14" ENDDATE="2025-09-30" ISACTUAL="0" ISACTIVE="0" /><HOUSE ID="129182922" OBJECTID="26233022" OBJECTGUID="41d22fdc-b9dc-4796-bbfa-82c6ad04d70d" CHANGEID="689752180" HOUSENUM="19" HOUSETYPE="5" OPERTYPEID="20" PREVID="15555862" UPDATEDATE="2025-09-30" STARTDATE="2025-09-30" ENDDATE="2079-06-06" ISACTUAL="1" ISACTIVE="1" /><HOUSE ID="129183786" OBJECTID="67303571" OBJECTGUID="2243c8a5-89a3-4981-b829-dc821fdf6803" CHANGEID="689758558" HOUSENUM="20" HOUSETYPE="2" OPERTYPEID="30" PREVID="53806678" NEXTID="0" UPDATEDATE="2025-09-30" STARTDATE="2025-09-30" ENDDATE="2079-06-06" ISACTUAL="1" ISACTIVE="0" /><HOUSE ID="129183762" OBJECTID="174970287" OBJECTGUID="9f028d64-4225-4650-bb79-af71ccfb0a01" CHANGEID="689758295" HOUSENUM="208" HOUSETYPE="2" OPERTYPEID="10" PREVID="0" NEXTID="0" UPDATEDATE="2025-09-30" STARTDATE="2025-09-30" ENDDATE="2079-06-06" ISACTUAL="1" ISACTIVE="1" /><HOUSE ID="129183776" OBJECTID="174970352" OBJECTGUID="1f5c4b6d-a828-4070-a708-aba5c910cf97" CHANGEID="689758505" HOUSENUM="40а" HOUSETYPE="5" OPERTYPEID="10" PREVID="0" NEXTID="0" UPDATEDATE="2025-09-30" STARTDATE="2025-09-30" ENDDATE="2079-06-06" ISACTUAL="1" ISACTIVE="1" /><HOUSE ID="129183820" OBJECTID="174970445" OBJECTGUID="449ed0a4-0176-46da-af74-9af56d256cac" CHANGEID="689758914" HOUSENUM="52/1" HOUSETYPE="2" OPERTYPEID="10" PREVID="0" NEXTID="0" UPDATEDATE="2025-09-30" STARTDATE="2025-09-30" ENDDATE="2079-06-06" ISACTUAL="1" ISACTIVE="1" /><HOUSE ID="129185430" OBJECTID="174974987" OBJECTGUID="7c5e69cd-f360-47d7-ad75-cfcd6f778924" CHANGEID="689786744" HOUSENUM="20" HOUSETYPE="2" OPERTYPEID="10" PREVID="0" NEXTID="0" UPDATEDATE="2025-10-01" STARTDATE="2025-10-01" ENDDATE="2079-06-06" ISACTUAL="1" ISACTIVE="1" /><HOUSE ID="129186765" OBJECTID="57815465" OBJECTGUID="fb880ee6-a374-4da7-a6e2-ae5af086c722" CHANGEID="689796684" HOUSENUM="7" HOUSETYPE="2" OPERTYPEID="30" PREVID="69196995" NEXTID="0" UPDATEDATE="2025-10-01" STARTDATE="2025-10-01" ENDDATE="2079-06-06" ISACTUAL="1" ISACTIVE="0" /><HOUSE ID="69196995" OBJECTID="57815465" OBJECTGUID="fb880ee6-a374-4da7-a6e2-ae5af086c722" CHANGEID="86428292" HOUSENUM="7" HOUSETYPE="2" OPERTYPEID="20" PREVID="34611013" NEXTID="129186765" UPDATEDATE="2025-10-01" STARTDATE="2017-01-24" ENDDATE="2025-10-01" ISACTUAL="0" ISACTIVE="0" /><HOUSE ID="129186767" OBJECTID="33648186" OBJECTGUID="848ec09b-459d-4138-9c37-d216df985b6c" CHANGEID="689796690" HOUSENUM="5" HOUSETYPE="2" OPERTYPEID="30" PREVID="60771388" NEXTID="0" UPDATEDATE="2025-10-01" STARTDATE="2025-10-01" ENDDATE="2079-06-06" ISACTUAL="1" ISACTIVE="0" /><HOUSE ID="129187196" OBJECTID="174981141" OBJECTGUID="f8100c9c-9537-411e-a2d4-7deef060dc9f" CHANGEID="689798878" HOUSENUM="14" HOUSETYPE="2" OPERTYPEID="10" PREVID="0" NEXTID="0" UPDATEDATE="2025-10-01" STARTDATE="2025-10-01" ENDDATE="2079-06-06" ISACTUAL="1" ISACTIVE="1" /><HOUSE ID="129188771" OBJECTID="174985509" OBJECTGUID="a64ff3f1-4df4-418d-a15d-a9aad69efdba" CHANGEID="689808441" HOUSENUM="33А" HOUSETYPE="2" OPERTYPEID="10" PREVID="0" NEXTID="0" UPDATEDATE="2025-10-01" STARTDATE="2025-10-01" ENDDATE="2079-06-06" ISACTUAL="1" ISACTIVE="1" /><HOUSE ID="129188772" OBJECTID="74188967" OBJECTGUID="54a0bd57-0ac9-49bd-8a6e-c8f3b2290d72" CHANGEID="689808445" HOUSENUM="1" HOUSETYPE="2" OPERTYPEID="30" PREVID="57376207" NEXTID="0" UPDATEDATE="2025-10-01" STARTDATE="2025-10-01" ENDDATE="2079-06-06" ISACTUAL="1" ISACTIVE="0" /><HOUSE ID="57376207" OBJECTID="74188967" OBJECTGUID="54a0bd57-0ac9-49bd-8a6e-c8f3b2290d72" CHANGEID="110421443" HOUSENUM="1" HOUSETYPE="2" OPERTYPEID="20" PREVID="44790187" NEXTID="129188772" UPDATEDATE="2025-10-01" STARTDATE="2014-01-04" ENDDATE="2025-10-01" ISACTUAL="0" ISACTIVE="0" /><HOUSE ID="129188794" OBJECTID="174985551" OBJECTGUID="b7466003-ceba-44e4-984b-5e75ada117a2" CHANGEID="689808536" HOUSENUM="49а" HOUSETYPE="2" OPERTYPEID="10" PREVID="0" NEXTID="0" UPDATEDATE="2025-10-01" STARTDATE="2025-10-01" ENDDATE="2079-06-06" ISACTUAL="1" ISACTIVE="1" /><HOUSE ID="129190073" OBJECTID="174989709" OBJECTGUID="6a80b52f-8abe-47cd-a1ea-c15547260301" CHANGEID="689815533" HOUSENUM="6/4" HOUSETYPE="7" OPERTYPEID="10" PREVID="0" NEXTID="0" UPDATEDATE="2025-10-01" STARTDATE="2025-10-01" ENDDATE="2079-06-06" ISACTUAL="1" ISACTIVE="1" /><HOUSE ID="129190351" OBJECTID="36087012" OBJECTGUID="6fa0303a-7bef-4ef7-a1a9-8c0e8e9a6af7" CHANGEID="689816843" HOUSENUM="20" HOUSETYPE="2" OPERTYPEID="30" PREVID="59288547" NEXTID="0" UPDATEDATE="2025-10-01" STARTDATE="2025-10-01" ENDDATE="2079-06-06" ISACTUAL="1" ISACTIVE="0" /><HOUSE ID="59288547" OBJECTID="36087012" OBJECTGUID="6fa0303a-7bef-4ef7-a1a9-8c0e8e9a6af7" CHANGEID="54793742" HOUSENUM="20" HOUSETYPE="2" OPERTYPEID="20" PREVID="21452896" NEXTID="129190351" UPDATEDATE="2025-10-01" STARTDATE="2014-01-04" ENDDATE="2025-10-01" ISACTUAL="0" ISACTIVE="0" /><HOUSE ID="129190608" OBJECTID="174990869" OBJECTGUID="98435985-bd6a-4878-a63c-67f195ed348c" CHANGEID="689817910" HOUSENUM="25" HOUSETYPE="2" OPERTYPEID="10" PREVID="0" NEXTID="0" UPDATEDATE="2025-10-01" STARTDATE="2025-10-01" ENDDATE="2079-06-06" ISACTUAL="1" ISACTIVE="1" /><HOUSE ID="129191591" OBJECTID="40390887" OBJECTGUID="e192314f-5a78-417c-8697-5346d6760c7b" CHANGEID="689825475" HOUSENUM="18" HOUSETYPE="5" OPERTYPEID="20" PREVID="24145955" UPDATEDATE="2025-10-01" STARTDATE="2025-10-01" ENDDATE="2079-06-06" ISACTUAL="1" ISACTIVE="1" /></HOUSES>