﻿<?xml version="1.0" encoding="utf-8"?><APARTMENTS><APARTMENT ID="40715615" OBJECTID="68276797" OBJECTGUID="f14ba3f3-c2c6-448a-a400-ef6973a08b63" CHANGEID="101771713" NUMBER="1" APARTTYPE="2" OPERTYPEID="10" PREVID="0" NEXTID="111804031" UPDATEDATE="2025-09-29" STARTDATE="2010-01-01" ENDDATE="2025-09-29" ISACTUAL="0" ISACTIVE="0" /><APARTMENT ID="108822134" OBJECTID="165976515" OBJECTGUID="31b0c325-55e1-4dc0-a41c-ce3c8ae2e30b" CHANGEID="603768365" NUMBER="2" APARTTYPE="2" OPERTYPEID="10" PREVID="0" NEXTID="111808534" UPDATEDATE="2025-09-30" STARTDATE="2024-10-07" ENDDATE="2025-09-30" ISACTUAL="0" ISACTIVE="0" /><APARTMENT ID="111793627" OBJECTID="174913031" OBJECTGUID="0b59c65b-9d82-4649-bf9a-960543dfea33" CHANGEID="689631919" NUMBER="2" APARTTYPE="2" OPERTYPEID="10" PREVID="0" NEXTID="0" UPDATEDATE="2025-09-29" STARTDATE="2025-09-29" ENDDATE="2079-06-06" ISACTUAL="1" ISACTIVE="1" /><APARTMENT ID="111794857" OBJECTID="36342859" OBJECTGUID="370beb61-eb68-4450-abce-c7189a5de466" CHANGEID="689637551" NUMBER="3" APARTTYPE="2" OPERTYPEID="30" PREVID="21179872" NEXTID="0" UPDATEDATE="2025-09-29" STARTDATE="2025-09-29" ENDDATE="2079-06-06" ISACTUAL="1" ISACTIVE="0" /><APARTMENT ID="21179872" OBJECTID="36342859" OBJECTGUID="370beb61-eb68-4450-abce-c7189a5de466" CHANGEID="55170026" NUMBER="3" APARTTYPE="2" OPERTYPEID="10" PREVID="0" NEXTID="111794857" UPDATEDATE="2025-09-29" STARTDATE="2015-11-16" ENDDATE="2025-09-29" ISACTUAL="0" ISACTIVE="0" /><APARTMENT ID="111796323" OBJECTID="174920075" OBJECTGUID="e3217a20-89a7-44c8-99c8-dcbb4b94846a" CHANGEID="689646240" NUMBER="10" APARTTYPE="2" OPERTYPEID="10" PREVID="0" NEXTID="0" UPDATEDATE="2025-09-29" STARTDATE="2025-09-29" ENDDATE="2079-06-06" ISACTUAL="1" ISACTIVE="1" /><APARTMENT ID="111796349" OBJECTID="174920156" OBJECTGUID="99c8ad3d-5f48-4999-9f43-d522406baecc" CHANGEID="689646376" NUMBER="8" APARTTYPE="2" OPERTYPEID="10" PREVID="0" NEXTID="0" UPDATEDATE="2025-09-29" STARTDATE="2025-09-29" ENDDATE="2079-06-06" ISACTUAL="1" ISACTIVE="1" /><APARTMENT ID="111796352" OBJECTID="174920197" OBJECTGUID="893de394-d394-435b-adf6-2a9cedd38e70" CHANGEID="689646445" NUMBER="14" APARTTYPE="2" OPERTYPEID="10" PREVID="0" NEXTID="0" UPDATEDATE="2025-09-29" STARTDATE="2025-09-29" ENDDATE="2079-06-06" ISACTUAL="1" ISACTIVE="1" /><APARTMENT ID="111796329" OBJECTID="174920101" OBJECTGUID="0e4947e3-1451-49f0-8a20-459d7f2a930e" CHANGEID="689646285" NUMBER="1" APARTTYPE="2" OPERTYPEID="10" PREVID="0" NEXTID="0" UPDATEDATE="2025-09-29" STARTDATE="2025-09-29" ENDDATE="2079-06-06" ISACTUAL="1" ISACTIVE="1" /><APARTMENT ID="111796332" OBJECTID="174920119" OBJECTGUID="d7aa0284-a5ed-4be5-9218-97ce85334847" CHANGEID="689646327" NUMBER="15" APARTTYPE="2" OPERTYPEID="10" PREVID="0" NEXTID="0" UPDATEDATE="2025-09-29" STARTDATE="2025-09-29" ENDDATE="2079-06-06" ISACTUAL="1" ISACTIVE="1" /><APARTMENT ID="111796359" OBJECTID="174920227" OBJECTGUID="ea02b6df-44c2-4f0f-8b79-8498c3f21c12" CHANGEID="689646518" NUMBER="1" APARTTYPE="2" OPERTYPEID="10" PREVID="0" NEXTID="0" UPDATEDATE="2025-09-29" STARTDATE="2025-09-29" ENDDATE="2079-06-06" ISACTUAL="1" ISACTIVE="1" /><APARTMENT ID="111796363" OBJECTID="174920249" OBJECTGUID="3f22c9d8-7cc1-4814-8d55-599788c5528d" CHANGEID="689646547" NUMBER="4" APARTTYPE="2" OPERTYPEID="10" PREVID="0" NEXTID="0" UPDATEDATE="2025-09-29" STARTDATE="2025-09-29" ENDDATE="2079-06-06" ISACTUAL="1" ISACTIVE="1" /><APARTMENT ID="111797026" OBJECTID="174922094" OBJECTGUID="efc9f55e-1e2a-44db-a97c-50532d48b2cb" CHANGEID="689649548" NUMBER="2" APARTTYPE="2" OPERTYPEID="10" PREVID="0" NEXTID="0" UPDATEDATE="2025-09-29" STARTDATE="2025-09-29" ENDDATE="2079-06-06" ISACTUAL="1" ISACTIVE="1" /><APARTMENT ID="111797027" OBJECTID="174922106" OBJECTGUID="92cfb154-5b52-4ddd-aa58-137371041d0a" CHANGEID="689649568" NUMBER="1" APARTTYPE="2" OPERTYPEID="10" PREVID="0" NEXTID="0" UPDATEDATE="2025-09-29" STARTDATE="2025-09-29" ENDDATE="2079-06-06" ISACTUAL="1" ISACTIVE="1" /><APARTMENT ID="111797070" OBJECTID="174922281" OBJECTGUID="7e49cb39-53bc-4cd5-ae25-f1b94005d606" CHANGEID="689649851" NUMBER="2" APARTTYPE="2" OPERTYPEID="10" PREVID="0" NEXTID="0" UPDATEDATE="2025-09-29" STARTDATE="2025-09-29" ENDDATE="2079-06-06" ISACTUAL="1" ISACTIVE="1" /><APARTMENT ID="111797078" OBJECTID="174922302" OBJECTGUID="22b6537a-139e-46c7-ba54-d4ffed70656f" CHANGEID="689649894" NUMBER="2" APARTTYPE="2" OPERTYPEID="10" PREVID="0" NEXTID="0" UPDATEDATE="2025-09-29" STARTDATE="2025-09-29" ENDDATE="2079-06-06" ISACTUAL="1" ISACTIVE="1" /><APARTMENT ID="111797079" OBJECTID="174922306" OBJECTGUID="8b8ad97a-cce4-44a0-a66f-bf3b5e9792da" CHANGEID="689649903" NUMBER="3" APARTTYPE="2" OPERTYPEID="10" PREVID="0" NEXTID="0" UPDATEDATE="2025-09-29" STARTDATE="2025-09-29" ENDDATE="2079-06-06" ISACTUAL="1" ISACTIVE="1" /><APARTMENT ID="111797071" OBJECTID="174922287" OBJECTGUID="e78a53c3-af3b-470d-b30d-ce5143254940" CHANGEID="689649864" NUMBER="3" APARTTYPE="2" OPERTYPEID="10" PREVID="0" NEXTID="0" UPDATEDATE="2025-09-29" STARTDATE="2025-09-29" ENDDATE="2079-06-06" ISACTUAL="1" ISACTIVE="1" /><APARTMENT ID="111797076" OBJECTID="174922298" OBJECTGUID="ab118487-9774-4d12-b58f-341c1ed9ebd5" CHANGEID="689649881" NUMBER="4" APARTTYPE="2" OPERTYPEID="10" PREVID="0" NEXTID="0" UPDATEDATE="2025-09-29" STARTDATE="2025-09-29" ENDDATE="2079-06-06" ISACTUAL="1" ISACTIVE="1" /><APARTMENT ID="111797077" OBJECTID="174922301" OBJECTGUID="7918d3ad-0b05-42f1-bf4b-47e3f47d001d" CHANGEID="689649891" NUMBER="1" APARTTYPE="2" OPERTYPEID="10" PREVID="0" NEXTID="0" UPDATEDATE="2025-09-29" STARTDATE="2025-09-29" ENDDATE="2079-06-06" ISACTUAL="1" ISACTIVE="1" /><APARTMENT ID="111797081" OBJECTID="174922312" OBJECTGUID="e2da40ea-00a4-4ebc-bad0-391d8d500c19" CHANGEID="689649956" NUMBER="4" APARTTYPE="2" OPERTYPEID="10" PREVID="0" NEXTID="0" UPDATEDATE="2025-09-29" STARTDATE="2025-09-29" ENDDATE="2079-06-06" ISACTUAL="1" ISACTIVE="1" /><APARTMENT ID="111797719" OBJECTID="174924247" OBJECTGUID="84778d2e-cfa1-443c-8408-8abc5253f365" CHANGEID="689652749" NUMBER="2" APARTTYPE="2" OPERTYPEID="10" PREVID="0" NEXTID="0" UPDATEDATE="2025-09-29" STARTDATE="2025-09-29" ENDDATE="2079-06-06" ISACTUAL="1" ISACTIVE="1" /><APARTMENT ID="111797682" OBJECTID="174924209" OBJECTGUID="80434747-ee12-4d71-a87f-b2d63630da1c" CHANGEID="689652709" NUMBER="1" APARTTYPE="2" OPERTYPEID="10" PREVID="0" NEXTID="0" UPDATEDATE="2025-09-29" STARTDATE="2025-09-29" ENDDATE="2079-06-06" ISACTUAL="1" ISACTIVE="1" /><APARTMENT ID="111797801" OBJECTID="174924333" OBJECTGUID="395f30ef-14de-470d-ad3d-3619e2c075b8" CHANGEID="689652838" NUMBER="4" APARTTYPE="2" OPERTYPEID="10" PREVID="0" NEXTID="0" UPDATEDATE="2025-09-29" STARTDATE="2025-09-29" ENDDATE="2079-06-06" ISACTUAL="1" ISACTIVE="1" /><APARTMENT ID="111797806" OBJECTID="174924390" OBJECTGUID="001e8ba0-13bb-4346-ac07-151195b6a8a5" CHANGEID="689652910" NUMBER="2" APARTTYPE="2" OPERTYPEID="10" PREVID="0" NEXTID="0" UPDATEDATE="2025-09-29" STARTDATE="2025-09-29" ENDDATE="2079-06-06" ISACTUAL="1" ISACTIVE="1" /><APARTMENT ID="111797859" OBJECTID="174924461" OBJECTGUID="c73c75e9-14d1-48b8-b46b-00429d1543ad" CHANGEID="689653014" NUMBER="3" APARTTYPE="2" OPERTYPEID="10" PREVID="0" NEXTID="0" UPDATEDATE="2025-09-29" STARTDATE="2025-09-29" ENDDATE="2079-06-06" ISACTUAL="1" ISACTIVE="1" /><APARTMENT ID="111797861" OBJECTID="174924462" OBJECTGUID="09de93d3-d4ba-4bc7-8b8c-962ac60d3365" CHANGEID="689653022" NUMBER="4" APARTTYPE="2" OPERTYPEID="10" PREVID="0" NEXTID="0" UPDATEDATE="2025-09-29" STARTDATE="2025-09-29" ENDDATE="2079-06-06" ISACTUAL="1" ISACTIVE="1" /><APARTMENT ID="111797863" OBJECTID="174924466" OBJECTGUID="d83924ef-eaf2-45f3-8a20-ba4f12250d39" CHANGEID="689653033" NUMBER="2" APARTTYPE="2" OPERTYPEID="10" PREVID="0" NEXTID="0" UPDATEDATE="2025-09-29" STARTDATE="2025-09-29" ENDDATE="2079-06-06" ISACTUAL="1" ISACTIVE="1" /><APARTMENT ID="111797864" OBJECTID="174924472" OBJECTGUID="c80429b2-377e-4f37-be20-2486f9a80883" CHANGEID="689653046" NUMBER="3" APARTTYPE="2" OPERTYPEID="10" PREVID="0" NEXTID="0" UPDATEDATE="2025-09-29" STARTDATE="2025-09-29" ENDDATE="2079-06-06" ISACTUAL="1" ISACTIVE="1" /><APARTMENT ID="111797865" OBJECTID="174924497" OBJECTGUID="0db25f14-d49e-4562-9d70-b7f78656cb44" CHANGEID="689653077" NUMBER="4" APARTTYPE="2" OPERTYPEID="10" PREVID="0" NEXTID="0" UPDATEDATE="2025-09-29" STARTDATE="2025-09-29" ENDDATE="2079-06-06" ISACTUAL="1" ISACTIVE="1" /><APARTMENT ID="111797804" OBJECTID="174924380" OBJECTGUID="e54a51dd-8ddd-466e-982a-0ad4c20401d1" CHANGEID="689652893" NUMBER="1" APARTTYPE="2" OPERTYPEID="10" PREVID="0" NEXTID="0" UPDATEDATE="2025-09-29" STARTDATE="2025-09-29" ENDDATE="2079-06-06" ISACTUAL="1" ISACTIVE="1" /><APARTMENT ID="111797808" OBJECTID="174924397" OBJECTGUID="af39e7d0-23fa-4e66-bd94-6fc9330cee9d" CHANGEID="689652919" NUMBER="3" APARTTYPE="2" OPERTYPEID="10" PREVID="0" NEXTID="0" UPDATEDATE="2025-09-29" STARTDATE="2025-09-29" ENDDATE="2079-06-06" ISACTUAL="1" ISACTIVE="1" /><APARTMENT ID="111797809" OBJECTID="174924401" OBJECTGUID="ca51da16-f259-4d24-90b6-6defaf9ab6ff" CHANGEID="689652931" NUMBER="4" APARTTYPE="2" OPERTYPEID="10" PREVID="0" NEXTID="0" UPDATEDATE="2025-09-29" STARTDATE="2025-09-29" ENDDATE="2079-06-06" ISACTUAL="1" ISACTIVE="1" /><APARTMENT ID="111797811" OBJECTID="174924408" OBJECTGUID="5ad83ed4-f621-4906-b5cd-71b343c7a94b" CHANGEID="689652946" NUMBER="1" APARTTYPE="2" OPERTYPEID="10" PREVID="0" NEXTID="0" UPDATEDATE="2025-09-29" STARTDATE="2025-09-29" ENDDATE="2079-06-06" ISACTUAL="1" ISACTIVE="1" /><APARTMENT ID="111797813" OBJECTID="174924412" OBJECTGUID="ebd64c50-6538-4f81-8866-9fd06badf8e8" CHANGEID="689652961" NUMBER="2" APARTTYPE="2" OPERTYPEID="10" PREVID="0" NEXTID="0" UPDATEDATE="2025-09-29" STARTDATE="2025-09-29" ENDDATE="2079-06-06" ISACTUAL="1" ISACTIVE="1" /><APARTMENT ID="111800134" OBJECTID="174928421" OBJECTGUID="f7bc1ab2-9a1b-4853-a184-92f4452208c8" CHANGEID="689664266" NUMBER="2" APARTTYPE="2" OPERTYPEID="10" PREVID="0" NEXTID="0" UPDATEDATE="2025-09-29" STARTDATE="2025-09-29" ENDDATE="2079-06-06" ISACTUAL="1" ISACTIVE="1" /><APARTMENT ID="111800135" OBJECTID="174928422" OBJECTGUID="0e30c2d2-2cc7-46ea-8161-7231ccb824b3" CHANGEID="689664267" NUMBER="1" APARTTYPE="2" OPERTYPEID="10" PREVID="0" NEXTID="0" UPDATEDATE="2025-09-29" STARTDATE="2025-09-29" ENDDATE="2079-06-06" ISACTUAL="1" ISACTIVE="1" /><APARTMENT ID="111802171" OBJECTID="174935336" OBJECTGUID="2bf13cfa-31be-4c05-9f34-510b523ab043" CHANGEID="689679417" NUMBER="15" APARTTYPE="2" OPERTYPEID="10" PREVID="0" NEXTID="0" UPDATEDATE="2025-09-29" STARTDATE="2025-09-29" ENDDATE="2079-06-06" ISACTUAL="1" ISACTIVE="1" /><APARTMENT ID="111803726" OBJECTID="174939388" OBJECTGUID="94fd9b99-e0d7-492d-aa97-cb6e36a20ee3" CHANGEID="689688445" NUMBER="57" APARTTYPE="2" OPERTYPEID="10" PREVID="0" NEXTID="0" UPDATEDATE="2025-09-29" STARTDATE="2025-09-29" ENDDATE="2079-06-06" ISACTUAL="1" ISACTIVE="1" /><APARTMENT ID="111803727" OBJECTID="174939389" OBJECTGUID="18c7cd11-1d14-441a-afcb-d4e000846f5a" CHANGEID="689688446" NUMBER="56" APARTTYPE="2" OPERTYPEID="10" PREVID="0" NEXTID="0" UPDATEDATE="2025-09-29" STARTDATE="2025-09-29" ENDDATE="2079-06-06" ISACTUAL="1" ISACTIVE="1" /><APARTMENT ID="111803728" OBJECTID="174939390" OBJECTGUID="b8f479c0-de8b-4625-a679-5d1656fe9aca" CHANGEID="689688447" NUMBER="55" APARTTYPE="2" OPERTYPEID="10" PREVID="0" NEXTID="0" UPDATEDATE="2025-09-29" STARTDATE="2025-09-29" ENDDATE="2079-06-06" ISACTUAL="1" ISACTIVE="1" /><APARTMENT ID="111803729" OBJECTID="174939391" OBJECTGUID="9473a2e5-6b3c-429e-9201-efeb006ca0b2" CHANGEID="689688448" NUMBER="54" APARTTYPE="2" OPERTYPEID="10" PREVID="0" NEXTID="0" UPDATEDATE="2025-09-29" STARTDATE="2025-09-29" ENDDATE="2079-06-06" ISACTUAL="1" ISACTIVE="1" /><APARTMENT ID="111803730" OBJECTID="174939392" OBJECTGUID="a7b190aa-31ce-436d-80df-ed24e6c270ce" CHANGEID="689688449" NUMBER="51" APARTTYPE="2" OPERTYPEID="10" PREVID="0" NEXTID="0" UPDATEDATE="2025-09-29" STARTDATE="2025-09-29" ENDDATE="2079-06-06" ISACTUAL="1" ISACTIVE="1" /><APARTMENT ID="111803731" OBJECTID="174939393" OBJECTGUID="c2166605-7d5c-4932-9434-72cdf172722e" CHANGEID="689688450" NUMBER="50" APARTTYPE="2" OPERTYPEID="10" PREVID="0" NEXTID="0" UPDATEDATE="2025-09-29" STARTDATE="2025-09-29" ENDDATE="2079-06-06" ISACTUAL="1" ISACTIVE="1" /><APARTMENT ID="111803732" OBJECTID="174939394" OBJECTGUID="382f6bb7-acd3-4481-b4d7-e83019f1a3c5" CHANGEID="689688451" NUMBER="5" APARTTYPE="2" OPERTYPEID="10" PREVID="0" NEXTID="0" UPDATEDATE="2025-09-29" STARTDATE="2025-09-29" ENDDATE="2079-06-06" ISACTUAL="1" ISACTIVE="1" /><APARTMENT ID="111803733" OBJECTID="174939395" OBJECTGUID="96e9d359-9ad0-407f-8a1d-ef207b8253fb" CHANGEID="689688452" NUMBER="49" APARTTYPE="2" OPERTYPEID="10" PREVID="0" NEXTID="0" UPDATEDATE="2025-09-29" STARTDATE="2025-09-29" ENDDATE="2079-06-06" ISACTUAL="1" ISACTIVE="1" /><APARTMENT ID="111803734" OBJECTID="174939396" OBJECTGUID="bd189a05-128b-4b7f-8057-5d3a50e5d593" CHANGEID="689688453" NUMBER="48" APARTTYPE="2" OPERTYPEID="10" PREVID="0" NEXTID="0" UPDATEDATE="2025-09-29" STARTDATE="2025-09-29" ENDDATE="2079-06-06" ISACTUAL="1" ISACTIVE="1" /><APARTMENT ID="111803735" OBJECTID="174939397" OBJECTGUID="d1310860-6429-4d0b-8e44-5c8338325331" CHANGEID="689688454" NUMBER="47" APARTTYPE="2" OPERTYPEID="10" PREVID="0" NEXTID="0" UPDATEDATE="2025-09-29" STARTDATE="2025-09-29" ENDDATE="2079-06-06" ISACTUAL="1" ISACTIVE="1" /><APARTMENT ID="111803736" OBJECTID="174939398" OBJECTGUID="535557a0-1bd9-46f1-a58b-1fc4a08c7601" CHANGEID="689688455" NUMBER="46" APARTTYPE="2" OPERTYPEID="10" PREVID="0" NEXTID="0" UPDATEDATE="2025-09-29" STARTDATE="2025-09-29" ENDDATE="2079-06-06" ISACTUAL="1" ISACTIVE="1" /><APARTMENT ID="111803737" OBJECTID="174939399" OBJECTGUID="9c4ee6da-b560-42a5-8ce0-f1e4f304ef97" CHANGEID="689688456" NUMBER="45" APARTTYPE="2" OPERTYPEID="10" PREVID="0" NEXTID="0" UPDATEDATE="2025-09-29" STARTDATE="2025-09-29" ENDDATE="2079-06-06" ISACTUAL="1" ISACTIVE="1" /><APARTMENT ID="111803738" OBJECTID="174939400" OBJECTGUID="fc8dcc74-e694-4673-b6b8-3d7c521b3dfe" CHANGEID="689688457" NUMBER="44" APARTTYPE="2" OPERTYPEID="10" PREVID="0" NEXTID="0" UPDATEDATE="2025-09-29" STARTDATE="2025-09-29" ENDDATE="2079-06-06" ISACTUAL="1" ISACTIVE="1" /><APARTMENT ID="111803739" OBJECTID="174939401" OBJECTGUID="c41ea3d4-2ca9-4da9-80da-bd371f58beda" CHANGEID="689688458" NUMBER="43" APARTTYPE="2" OPERTYPEID="10" PREVID="0" NEXTID="0" UPDATEDATE="2025-09-29" STARTDATE="2025-09-29" ENDDATE="2079-06-06" ISACTUAL="1" ISACTIVE="1" /><APARTMENT ID="111803740" OBJECTID="174939402" OBJECTGUID="ff662ff8-53a4-480c-b8f9-3c34c4958d4f" CHANGEID="689688459" NUMBER="42" APARTTYPE="2" OPERTYPEID="10" PREVID="0" NEXTID="0" UPDATEDATE="2025-09-29" STARTDATE="2025-09-29" ENDDATE="2079-06-06" ISACTUAL="1" ISACTIVE="1" /><APARTMENT ID="111803741" OBJECTID="174939403" OBJECTGUID="c0d7d0f9-2dc1-4b68-93ca-44d78b74a5b4" CHANGEID="689688460" NUMBER="41" APARTTYPE="2" OPERTYPEID="10" PREVID="0" NEXTID="0" UPDATEDATE="2025-09-29" STARTDATE="2025-09-29" ENDDATE="2079-06-06" ISACTUAL="1" ISACTIVE="1" /><APARTMENT ID="111803742" OBJECTID="174939404" OBJECTGUID="3d42a4d1-6136-4081-88cc-1df56e4299b1" CHANGEID="689688461" NUMBER="40" APARTTYPE="2" OPERTYPEID="10" PREVID="0" NEXTID="0" UPDATEDATE="2025-09-29" STARTDATE="2025-09-29" ENDDATE="2079-06-06" ISACTUAL="1" ISACTIVE="1" /><APARTMENT ID="111803743" OBJECTID="174939405" OBJECTGUID="b2ab0552-9abb-40fc-b663-2dee2a78f8c0" CHANGEID="689688462" NUMBER="4" APARTTYPE="2" OPERTYPEID="10" PREVID="0" NEXTID="0" UPDATEDATE="2025-09-29" STARTDATE="2025-09-29" ENDDATE="2079-06-06" ISACTUAL="1" ISACTIVE="1" /><APARTMENT ID="111803744" OBJECTID="174939406" OBJECTGUID="0642e503-1b5b-42a9-ad44-66594367a9e8" CHANGEID="689688463" NUMBER="39" APARTTYPE="2" OPERTYPEID="10" PREVID="0" NEXTID="0" UPDATEDATE="2025-09-29" STARTDATE="2025-09-29" ENDDATE="2079-06-06" ISACTUAL="1" ISACTIVE="1" /><APARTMENT ID="111803745" OBJECTID="174939407" OBJECTGUID="e8e1a4ad-8e45-4557-beb7-4a2525e806f7" CHANGEID="689688464" NUMBER="38" APARTTYPE="2" OPERTYPEID="10" PREVID="0" NEXTID="0" UPDATEDATE="2025-09-29" STARTDATE="2025-09-29" ENDDATE="2079-06-06" ISACTUAL="1" ISACTIVE="1" /><APARTMENT ID="111803746" OBJECTID="174939408" OBJECTGUID="b62398a3-e0aa-46e4-87c2-b7156d86a4a0" CHANGEID="689688465" NUMBER="37" APARTTYPE="2" OPERTYPEID="10" PREVID="0" NEXTID="0" UPDATEDATE="2025-09-29" STARTDATE="2025-09-29" ENDDATE="2079-06-06" ISACTUAL="1" ISACTIVE="1" /><APARTMENT ID="111803747" OBJECTID="174939409" OBJECTGUID="32e29ee8-e5ea-48c4-b879-a9872e4aaae8" CHANGEID="689688466" NUMBER="36" APARTTYPE="2" OPERTYPEID="10" PREVID="0" NEXTID="0" UPDATEDATE="2025-09-29" STARTDATE="2025-09-29" ENDDATE="2079-06-06" ISACTUAL="1" ISACTIVE="1" /><APARTMENT ID="111803748" OBJECTID="174939410" OBJECTGUID="dc8401c4-2a6d-4695-8957-4b4778aaa76a" CHANGEID="689688467" NUMBER="35" APARTTYPE="2" OPERTYPEID="10" PREVID="0" NEXTID="0" UPDATEDATE="2025-09-29" STARTDATE="2025-09-29" ENDDATE="2079-06-06" ISACTUAL="1" ISACTIVE="1" /><APARTMENT ID="111803749" OBJECTID="174939411" OBJECTGUID="10463cee-e27e-45a7-86d8-ec9368176bba" CHANGEID="689688468" NUMBER="59" APARTTYPE="2" OPERTYPEID="10" PREVID="0" NEXTID="0" UPDATEDATE="2025-09-29" STARTDATE="2025-09-29" ENDDATE="2079-06-06" ISACTUAL="1" ISACTIVE="1" /><APARTMENT ID="111803750" OBJECTID="174939412" OBJECTGUID="59033033-bf32-4544-a921-9dd7852135c8" CHANGEID="689688469" NUMBER="58" APARTTYPE="2" OPERTYPEID="10" PREVID="0" NEXTID="0" UPDATEDATE="2025-09-29" STARTDATE="2025-09-29" ENDDATE="2079-06-06" ISACTUAL="1" ISACTIVE="1" /><APARTMENT ID="111803759" OBJECTID="36359263" OBJECTGUID="27092e66-4180-4eee-8d7a-e49b6da0f065" CHANGEID="689688583" NUMBER="1" APARTTYPE="2" OPERTYPEID="30" PREVID="21189235" NEXTID="0" UPDATEDATE="2025-09-29" STARTDATE="2025-09-29" ENDDATE="2079-06-06" ISACTUAL="1" ISACTIVE="0" /><APARTMENT ID="21189235" OBJECTID="36359263" OBJECTGUID="27092e66-4180-4eee-8d7a-e49b6da0f065" CHANGEID="55194306" NUMBER="1" APARTTYPE="2" OPERTYPEID="10" PREVID="0" NEXTID="111803759" UPDATEDATE="2025-09-29" STARTDATE="2015-11-16" ENDDATE="2025-09-29" ISACTUAL="0" ISACTIVE="0" /><APARTMENT ID="111803774" OBJECTID="174939593" OBJECTGUID="9e0eb22b-90cd-45fd-8843-ef609fc5dea3" CHANGEID="689688810" NUMBER="34" APARTTYPE="2" OPERTYPEID="10" PREVID="0" NEXTID="0" UPDATEDATE="2025-09-29" STARTDATE="2025-09-29" ENDDATE="2079-06-06" ISACTUAL="1" ISACTIVE="1" /><APARTMENT ID="111803775" OBJECTID="174939594" OBJECTGUID="e4a24eac-af71-4a7d-8170-ccb170e17a24" CHANGEID="689688811" NUMBER="33" APARTTYPE="2" OPERTYPEID="10" PREVID="0" NEXTID="0" UPDATEDATE="2025-09-29" STARTDATE="2025-09-29" ENDDATE="2079-06-06" ISACTUAL="1" ISACTIVE="1" /><APARTMENT ID="111803776" OBJECTID="174939595" OBJECTGUID="cecfacbc-cd9d-4b78-ad83-3757aa2e2ebb" CHANGEID="689688812" NUMBER="32" APARTTYPE="2" OPERTYPEID="10" PREVID="0" NEXTID="0" UPDATEDATE="2025-09-29" STARTDATE="2025-09-29" ENDDATE="2079-06-06" ISACTUAL="1" ISACTIVE="1" /><APARTMENT ID="111803777" OBJECTID="174939596" OBJECTGUID="9a89c7e5-9fdf-4a16-9b81-f90b3936cdb2" CHANGEID="689688813" NUMBER="31" APARTTYPE="2" OPERTYPEID="10" PREVID="0" NEXTID="0" UPDATEDATE="2025-09-29" STARTDATE="2025-09-29" ENDDATE="2079-06-06" ISACTUAL="1" ISACTIVE="1" /><APARTMENT ID="111803778" OBJECTID="174939597" OBJECTGUID="2ede2f90-0123-48ce-99ba-171da0a3ecdc" CHANGEID="689688814" NUMBER="30" APARTTYPE="2" OPERTYPEID="10" PREVID="0" NEXTID="0" UPDATEDATE="2025-09-29" STARTDATE="2025-09-29" ENDDATE="2079-06-06" ISACTUAL="1" ISACTIVE="1" /><APARTMENT ID="111803779" OBJECTID="174939598" OBJECTGUID="093350ab-af69-4dae-9100-df16263254f9" CHANGEID="689688815" NUMBER="3" APARTTYPE="2" OPERTYPEID="10" PREVID="0" NEXTID="0" UPDATEDATE="2025-09-29" STARTDATE="2025-09-29" ENDDATE="2079-06-06" ISACTUAL="1" ISACTIVE="1" /><APARTMENT ID="111803780" OBJECTID="174939599" OBJECTGUID="3be26c17-3c0e-4af2-a820-d8161b11be23" CHANGEID="689688816" NUMBER="29" APARTTYPE="2" OPERTYPEID="10" PREVID="0" NEXTID="0" UPDATEDATE="2025-09-29" STARTDATE="2025-09-29" ENDDATE="2079-06-06" ISACTUAL="1" ISACTIVE="1" /><APARTMENT ID="111803781" OBJECTID="174939600" OBJECTGUID="aad89677-f2a7-43ad-96ae-2b146bd0671c" CHANGEID="689688817" NUMBER="28" APARTTYPE="2" OPERTYPEID="10" PREVID="0" NEXTID="0" UPDATEDATE="2025-09-29" STARTDATE="2025-09-29" ENDDATE="2079-06-06" ISACTUAL="1" ISACTIVE="1" /><APARTMENT ID="111803782" OBJECTID="174939601" OBJECTGUID="f2eecdc3-1364-495b-ab10-ab3b65b262ea" CHANGEID="689688818" NUMBER="27" APARTTYPE="2" OPERTYPEID="10" PREVID="0" NEXTID="0" UPDATEDATE="2025-09-29" STARTDATE="2025-09-29" ENDDATE="2079-06-06" ISACTUAL="1" ISACTIVE="1" /><APARTMENT ID="111803783" OBJECTID="174939602" OBJECTGUID="37bd7b48-5743-44cf-85ba-ab572da8e25b" CHANGEID="689688819" NUMBER="24" APARTTYPE="2" OPERTYPEID="10" PREVID="0" NEXTID="0" UPDATEDATE="2025-09-29" STARTDATE="2025-09-29" ENDDATE="2079-06-06" ISACTUAL="1" ISACTIVE="1" /><APARTMENT ID="111803784" OBJECTID="174939603" OBJECTGUID="1d737ae1-a2d9-4b72-8976-ee569964e9a7" CHANGEID="689688820" NUMBER="23" APARTTYPE="2" OPERTYPEID="10" PREVID="0" NEXTID="0" UPDATEDATE="2025-09-29" STARTDATE="2025-09-29" ENDDATE="2079-06-06" ISACTUAL="1" ISACTIVE="1" /><APARTMENT ID="111803785" OBJECTID="174939604" OBJECTGUID="d30c7e00-d72a-4067-a0db-95ce6e2230a8" CHANGEID="689688821" NUMBER="22" APARTTYPE="2" OPERTYPEID="10" PREVID="0" NEXTID="0" UPDATEDATE="2025-09-29" STARTDATE="2025-09-29" ENDDATE="2079-06-06" ISACTUAL="1" ISACTIVE="1" /><APARTMENT ID="111803786" OBJECTID="174939605" OBJECTGUID="05ebee1d-9fce-4e6c-9740-704365c2ea6f" CHANGEID="689688822" NUMBER="21" APARTTYPE="2" OPERTYPEID="10" PREVID="0" NEXTID="0" UPDATEDATE="2025-09-29" STARTDATE="2025-09-29" ENDDATE="2079-06-06" ISACTUAL="1" ISACTIVE="1" /><APARTMENT ID="111803787" OBJECTID="174939606" OBJECTGUID="aa412581-c684-4af7-873e-a6b4e0d268c7" CHANGEID="689688823" NUMBER="20" APARTTYPE="2" OPERTYPEID="10" PREVID="0" NEXTID="0" UPDATEDATE="2025-09-29" STARTDATE="2025-09-29" ENDDATE="2079-06-06" ISACTUAL="1" ISACTIVE="1" /><APARTMENT ID="111803788" OBJECTID="174939607" OBJECTGUID="3df1830c-c4cd-4454-be1a-3fb7293d15aa" CHANGEID="689688824" NUMBER="2" APARTTYPE="2" OPERTYPEID="10" PREVID="0" NEXTID="0" UPDATEDATE="2025-09-29" STARTDATE="2025-09-29" ENDDATE="2079-06-06" ISACTUAL="1" ISACTIVE="1" /><APARTMENT ID="111803789" OBJECTID="174939608" OBJECTGUID="615221b4-4df1-473f-8d5c-487462957249" CHANGEID="689688825" NUMBER="19" APARTTYPE="2" OPERTYPEID="10" PREVID="0" NEXTID="0" UPDATEDATE="2025-09-29" STARTDATE="2025-09-29" ENDDATE="2079-06-06" ISACTUAL="1" ISACTIVE="1" /><APARTMENT ID="111803790" OBJECTID="174939609" OBJECTGUID="156d6374-4ab8-428a-9ad1-cf56cc7a3ea0" CHANGEID="689688826" NUMBER="18" APARTTYPE="2" OPERTYPEID="10" PREVID="0" NEXTID="0" UPDATEDATE="2025-09-29" STARTDATE="2025-09-29" ENDDATE="2079-06-06" ISACTUAL="1" ISACTIVE="1" /><APARTMENT ID="111803791" OBJECTID="174939610" OBJECTGUID="ef5cfe80-f142-4ee3-a93e-d3b7bf1fb329" CHANGEID="689688827" NUMBER="15" APARTTYPE="2" OPERTYPEID="10" PREVID="0" NEXTID="0" UPDATEDATE="2025-09-29" STARTDATE="2025-09-29" ENDDATE="2079-06-06" ISACTUAL="1" ISACTIVE="1" /><APARTMENT ID="111803792" OBJECTID="174939611" OBJECTGUID="5baa386f-8d19-4f7d-91fe-cc4b23bc729d" CHANGEID="689688828" NUMBER="14" APARTTYPE="2" OPERTYPEID="10" PREVID="0" NEXTID="0" UPDATEDATE="2025-09-29" STARTDATE="2025-09-29" ENDDATE="2079-06-06" ISACTUAL="1" ISACTIVE="1" /><APARTMENT ID="111803793" OBJECTID="174939612" OBJECTGUID="94f3190b-534e-4031-b811-da936ff99fd6" CHANGEID="689688829" NUMBER="13" APARTTYPE="2" OPERTYPEID="10" PREVID="0" NEXTID="0" UPDATEDATE="2025-09-29" STARTDATE="2025-09-29" ENDDATE="2079-06-06" ISACTUAL="1" ISACTIVE="1" /><APARTMENT ID="111803794" OBJECTID="174939613" OBJECTGUID="f9c06478-8e6a-4e8c-8bf4-efe4bbe79131" CHANGEID="689688830" NUMBER="12" APARTTYPE="2" OPERTYPEID="10" PREVID="0" NEXTID="0" UPDATEDATE="2025-09-29" STARTDATE="2025-09-29" ENDDATE="2079-06-06" ISACTUAL="1" ISACTIVE="1" /><APARTMENT ID="111803795" OBJECTID="174939614" OBJECTGUID="9efee98f-d9ea-4ecd-8c67-4c81c6139fbf" CHANGEID="689688831" NUMBER="11" APARTTYPE="2" OPERTYPEID="10" PREVID="0" NEXTID="0" UPDATEDATE="2025-09-29" STARTDATE="2025-09-29" ENDDATE="2079-06-06" ISACTUAL="1" ISACTIVE="1" /><APARTMENT ID="111803796" OBJECTID="174939615" OBJECTGUID="cfd1c77f-e5a7-4e2b-a1aa-32c45b614ffd" CHANGEID="689688832" NUMBER="10" APARTTYPE="2" OPERTYPEID="10" PREVID="0" NEXTID="0" UPDATEDATE="2025-09-29" STARTDATE="2025-09-29" ENDDATE="2079-06-06" ISACTUAL="1" ISACTIVE="1" /><APARTMENT ID="111803797" OBJECTID="174939616" OBJECTGUID="e1be0034-a44c-4263-80c0-9032d5d85579" CHANGEID="689688833" NUMBER="1" APARTTYPE="2" OPERTYPEID="10" PREVID="0" NEXTID="0" UPDATEDATE="2025-09-29" STARTDATE="2025-09-29" ENDDATE="2079-06-06" ISACTUAL="1" ISACTIVE="1" /><APARTMENT ID="111803798" OBJECTID="174939617" OBJECTGUID="3bb01ba7-0eb3-4150-984d-a08bef244771" CHANGEID="689688834" NUMBER="52" APARTTYPE="2" OPERTYPEID="10" PREVID="0" NEXTID="0" UPDATEDATE="2025-09-29" STARTDATE="2025-09-29" ENDDATE="2079-06-06" ISACTUAL="1" ISACTIVE="1" /><APARTMENT ID="111803830" OBJECTID="174939894" OBJECTGUID="3b03c856-2671-4175-838e-b165fefc6cda" CHANGEID="689689793" NUMBER="1" APARTTYPE="1" OPERTYPEID="10" PREVID="0" NEXTID="0" UPDATEDATE="2025-09-29" STARTDATE="2025-09-29" ENDDATE="2079-06-06" ISACTUAL="1" ISACTIVE="1" /><APARTMENT ID="111803873" OBJECTID="174940301" OBJECTGUID="ff43d506-86e2-4c2f-a4de-4f4772a8e0c7" CHANGEID="689690731" NUMBER="88" APARTTYPE="2" OPERTYPEID="10" PREVID="0" NEXTID="0" UPDATEDATE="2025-09-29" STARTDATE="2025-09-29" ENDDATE="2079-06-06" ISACTUAL="1" ISACTIVE="1" /><APARTMENT ID="111803874" OBJECTID="174940302" OBJECTGUID="a6e2eb14-8f0e-4501-a9be-abde96c077f7" CHANGEID="689690732" NUMBER="90" APARTTYPE="2" OPERTYPEID="10" PREVID="0" NEXTID="0" UPDATEDATE="2025-09-29" STARTDATE="2025-09-29" ENDDATE="2079-06-06" ISACTUAL="1" ISACTIVE="1" /><APARTMENT ID="111803875" OBJECTID="174940303" OBJECTGUID="1c439076-f100-499b-8208-589c92e0f54b" CHANGEID="689690733" NUMBER="89" APARTTYPE="2" OPERTYPEID="10" PREVID="0" NEXTID="0" UPDATEDATE="2025-09-29" STARTDATE="2025-09-29" ENDDATE="2079-06-06" ISACTUAL="1" ISACTIVE="1" /><APARTMENT ID="111804031" OBJECTID="68276797" OBJECTGUID="f14ba3f3-c2c6-448a-a400-ef6973a08b63" CHANGEID="689692647" NUMBER="1" APARTTYPE="2" OPERTYPEID="55" PREVID="40715615" NEXTID="129174162" UPDATEDATE="2025-09-29" STARTDATE="2025-09-29" ENDDATE="2079-06-06" ISACTUAL="1" ISACTIVE="0" /><APARTMENT ID="111803882" OBJECTID="174940343" OBJECTGUID="2fafd41c-37cd-4035-a07e-8d803285ea0b" CHANGEID="689690810" NUMBER="90" APARTTYPE="2" OPERTYPEID="10" PREVID="0" NEXTID="0" UPDATEDATE="2025-09-29" STARTDATE="2025-09-29" ENDDATE="2079-06-06" ISACTUAL="1" ISACTIVE="1" /><APARTMENT ID="111803883" OBJECTID="174940376" OBJECTGUID="874a4a25-8010-4126-8e2a-f96e09d4cfb5" CHANGEID="689690856" NUMBER="60" APARTTYPE="2" OPERTYPEID="10" PREVID="0" NEXTID="0" UPDATEDATE="2025-09-29" STARTDATE="2025-09-29" ENDDATE="2079-06-06" ISACTUAL="1" ISACTIVE="1" /><APARTMENT ID="111804033" OBJECTID="68276583" OBJECTGUID="50de63cb-fb88-4fcf-aeda-0d82ef780a14" CHANGEID="689692694" NUMBER="2" APARTTYPE="2" OPERTYPEID="55" PREVID="40715469" NEXTID="129174171" UPDATEDATE="2025-09-29" STARTDATE="2025-09-29" ENDDATE="2079-06-06" ISACTUAL="1" ISACTIVE="0" /><APARTMENT ID="40715469" OBJECTID="68276583" OBJECTGUID="50de63cb-fb88-4fcf-aeda-0d82ef780a14" CHANGEID="101771407" NUMBER="2" APARTTYPE="2" OPERTYPEID="10" PREVID="0" NEXTID="111804033" UPDATEDATE="2025-09-29" STARTDATE="2010-01-01" ENDDATE="2025-09-29" ISACTUAL="0" ISACTIVE="0" /><APARTMENT ID="111806742" OBJECTID="174949257" OBJECTGUID="67b81abd-efbb-4656-a396-3a6db5c64488" CHANGEID="689708774" NUMBER="3" APARTTYPE="2" OPERTYPEID="10" PREVID="0" NEXTID="0" UPDATEDATE="2025-09-30" STARTDATE="2025-09-30" ENDDATE="2079-06-06" ISACTUAL="1" ISACTIVE="1" /><APARTMENT ID="111806815" OBJECTID="174950136" OBJECTGUID="823ebd7b-b330-402d-b9a7-c33847344e91" CHANGEID="689710373" NUMBER="1" APARTTYPE="2" OPERTYPEID="10" PREVID="0" NEXTID="0" UPDATEDATE="2025-09-30" STARTDATE="2025-09-30" ENDDATE="2079-06-06" ISACTUAL="1" ISACTIVE="1" /><APARTMENT ID="111807480" OBJECTID="174955330" OBJECTGUID="54714b5f-83c0-4bd1-aabd-6da9842cf09d" CHANGEID="689723492" NUMBER="6" APARTTYPE="2" OPERTYPEID="10" PREVID="0" NEXTID="0" UPDATEDATE="2025-09-30" STARTDATE="2025-09-30" ENDDATE="2079-06-06" ISACTUAL="1" ISACTIVE="1" /><APARTMENT ID="111807877" OBJECTID="174956453" OBJECTGUID="92b97a1e-c1d3-4eff-824e-cf34d5dcaa14" CHANGEID="689725728" NUMBER="5" APARTTYPE="2" OPERTYPEID="10" PREVID="0" NEXTID="0" UPDATEDATE="2025-09-30" STARTDATE="2025-09-30" ENDDATE="2079-06-06" ISACTUAL="1" ISACTIVE="1" /><APARTMENT ID="111807878" OBJECTID="174956463" OBJECTGUID="d17b56af-d3cd-497c-89c2-9b36b88eaa67" CHANGEID="689725744" NUMBER="4" APARTTYPE="2" OPERTYPEID="10" PREVID="0" NEXTID="0" UPDATEDATE="2025-09-30" STARTDATE="2025-09-30" ENDDATE="2079-06-06" ISACTUAL="1" ISACTIVE="1" /><APARTMENT ID="111807880" OBJECTID="174956476" OBJECTGUID="7c78a82c-d1fb-420b-9e11-90dd2d7a0290" CHANGEID="689725767" NUMBER="3" APARTTYPE="2" OPERTYPEID="10" PREVID="0" NEXTID="0" UPDATEDATE="2025-09-30" STARTDATE="2025-09-30" ENDDATE="2079-06-06" ISACTUAL="1" ISACTIVE="1" /><APARTMENT ID="111808514" OBJECTID="174957760" OBJECTGUID="241b5727-51a0-452e-8dfd-199c82cb5147" CHANGEID="689729484" NUMBER="2" APARTTYPE="2" OPERTYPEID="10" PREVID="0" NEXTID="0" UPDATEDATE="2025-09-30" STARTDATE="2025-09-30" ENDDATE="2079-06-06" ISACTUAL="1" ISACTIVE="1" /><APARTMENT ID="111808522" OBJECTID="174957774" OBJECTGUID="ff6ebff7-d2b3-4222-b1ce-72c268c8f015" CHANGEID="689729508" NUMBER="1" APARTTYPE="2" OPERTYPEID="10" PREVID="0" NEXTID="0" UPDATEDATE="2025-09-30" STARTDATE="2025-09-30" ENDDATE="2079-06-06" ISACTUAL="1" ISACTIVE="1" /><APARTMENT ID="111808526" OBJECTID="83818091" OBJECTGUID="231bf6a0-172e-41d2-aa79-f5bf2388d47c" CHANGEID="689729685" NUMBER="2" APARTTYPE="2" OPERTYPEID="30" PREVID="50158867" NEXTID="0" UPDATEDATE="2025-09-30" STARTDATE="2025-09-30" ENDDATE="2079-06-06" ISACTUAL="1" ISACTIVE="0" /><APARTMENT ID="50158867" OBJECTID="83818091" OBJECTGUID="231bf6a0-172e-41d2-aa79-f5bf2388d47c" CHANGEID="124511525" NUMBER="2" APARTTYPE="2" OPERTYPEID="10" PREVID="0" NEXTID="111808526" UPDATEDATE="2025-09-30" STARTDATE="2017-06-05" ENDDATE="2025-09-30" ISACTUAL="0" ISACTIVE="0" /><APARTMENT ID="111808527" OBJECTID="83818102" OBJECTGUID="52a3ea89-37bd-4731-b4f8-f19aa3ade728" CHANGEID="689729686" NUMBER="7" APARTTYPE="2" OPERTYPEID="30" PREVID="50158874" NEXTID="0" UPDATEDATE="2025-09-30" STARTDATE="2025-09-30" ENDDATE="2079-06-06" ISACTUAL="1" ISACTIVE="0" /><APARTMENT ID="50158874" OBJECTID="83818102" OBJECTGUID="52a3ea89-37bd-4731-b4f8-f19aa3ade728" CHANGEID="124511547" NUMBER="7" APARTTYPE="2" OPERTYPEID="10" PREVID="0" NEXTID="111808527" UPDATEDATE="2025-09-30" STARTDATE="2017-06-05" ENDDATE="2025-09-30" ISACTUAL="0" ISACTIVE="0" /><APARTMENT ID="111808528" OBJECTID="83818504" OBJECTGUID="5a1f1483-4460-42bf-90a7-a255bf0e0e5b" CHANGEID="689729687" NUMBER="1" APARTTYPE="2" OPERTYPEID="30" PREVID="50159075" NEXTID="0" UPDATEDATE="2025-09-30" STARTDATE="2025-09-30" ENDDATE="2079-06-06" ISACTUAL="1" ISACTIVE="0" /><APARTMENT ID="50159075" OBJECTID="83818504" OBJECTGUID="5a1f1483-4460-42bf-90a7-a255bf0e0e5b" CHANGEID="124512142" NUMBER="1" APARTTYPE="2" OPERTYPEID="10" PREVID="0" NEXTID="111808528" UPDATEDATE="2025-09-30" STARTDATE="2017-06-05" ENDDATE="2025-09-30" ISACTUAL="0" ISACTIVE="0" /><APARTMENT ID="111808529" OBJECTID="83818507" OBJECTGUID="84aeee35-9b8d-4991-aa3b-7ff6a10127a4" CHANGEID="689729688" NUMBER="4" APARTTYPE="2" OPERTYPEID="30" PREVID="50159077" NEXTID="0" UPDATEDATE="2025-09-30" STARTDATE="2025-09-30" ENDDATE="2079-06-06" ISACTUAL="1" ISACTIVE="0" /><APARTMENT ID="50159077" OBJECTID="83818507" OBJECTGUID="84aeee35-9b8d-4991-aa3b-7ff6a10127a4" CHANGEID="124512150" NUMBER="4" APARTTYPE="2" OPERTYPEID="10" PREVID="0" NEXTID="111808529" UPDATEDATE="2025-09-30" STARTDATE="2017-06-05" ENDDATE="2025-09-30" ISACTUAL="0" ISACTIVE="0" /><APARTMENT ID="111808530" OBJECTID="83818614" OBJECTGUID="abf3615b-b7a2-4c3f-bcb1-20425dbbdd30" CHANGEID="689729689" NUMBER="8" APARTTYPE="2" OPERTYPEID="30" PREVID="50159133" NEXTID="0" UPDATEDATE="2025-09-30" STARTDATE="2025-09-30" ENDDATE="2079-06-06" ISACTUAL="1" ISACTIVE="0" /><APARTMENT ID="50159133" OBJECTID="83818614" OBJECTGUID="abf3615b-b7a2-4c3f-bcb1-20425dbbdd30" CHANGEID="124512313" NUMBER="8" APARTTYPE="2" OPERTYPEID="10" PREVID="0" NEXTID="111808530" UPDATEDATE="2025-09-30" STARTDATE="2017-06-05" ENDDATE="2025-09-30" ISACTUAL="0" ISACTIVE="0" /><APARTMENT ID="111808531" OBJECTID="83818618" OBJECTGUID="c887826c-089a-434f-a1d2-8ecf8e1085b0" CHANGEID="689729690" NUMBER="6" APARTTYPE="2" OPERTYPEID="30" PREVID="50159135" NEXTID="0" UPDATEDATE="2025-09-30" STARTDATE="2025-09-30" ENDDATE="2079-06-06" ISACTUAL="1" ISACTIVE="0" /><APARTMENT ID="50159135" OBJECTID="83818618" OBJECTGUID="c887826c-089a-434f-a1d2-8ecf8e1085b0" CHANGEID="124512319" NUMBER="6" APARTTYPE="2" OPERTYPEID="10" PREVID="0" NEXTID="111808531" UPDATEDATE="2025-09-30" STARTDATE="2017-06-05" ENDDATE="2025-09-30" ISACTUAL="0" ISACTIVE="0" /><APARTMENT ID="111808532" OBJECTID="83818788" OBJECTGUID="ca534f78-4cd2-4314-8a00-69e9302cb3ba" CHANGEID="689729691" NUMBER="5" APARTTYPE="2" OPERTYPEID="30" PREVID="50159217" NEXTID="0" UPDATEDATE="2025-09-30" STARTDATE="2025-09-30" ENDDATE="2079-06-06" ISACTUAL="1" ISACTIVE="0" /><APARTMENT ID="50159217" OBJECTID="83818788" OBJECTGUID="ca534f78-4cd2-4314-8a00-69e9302cb3ba" CHANGEID="124512561" NUMBER="5" APARTTYPE="2" OPERTYPEID="10" PREVID="0" NEXTID="111808532" UPDATEDATE="2025-09-30" STARTDATE="2017-06-05" ENDDATE="2025-09-30" ISACTUAL="0" ISACTIVE="0" /><APARTMENT ID="111808533" OBJECTID="83818802" OBJECTGUID="d962f4de-15be-4844-a4e4-42fd2f090f0c" CHANGEID="689729692" NUMBER="3" APARTTYPE="2" OPERTYPEID="30" PREVID="50159229" NEXTID="0" UPDATEDATE="2025-09-30" STARTDATE="2025-09-30" ENDDATE="2079-06-06" ISACTUAL="1" ISACTIVE="0" /><APARTMENT ID="50159229" OBJECTID="83818802" OBJECTGUID="d962f4de-15be-4844-a4e4-42fd2f090f0c" CHANGEID="124512594" NUMBER="3" APARTTYPE="2" OPERTYPEID="10" PREVID="0" NEXTID="111808533" UPDATEDATE="2025-09-30" STARTDATE="2017-06-05" ENDDATE="2025-09-30" ISACTUAL="0" ISACTIVE="0" /><APARTMENT ID="111808534" OBJECTID="165976515" OBJECTGUID="31b0c325-55e1-4dc0-a41c-ce3c8ae2e30b" CHANGEID="689729884" NUMBER="2" APARTTYPE="2" OPERTYPEID="30" PREVID="108822134" NEXTID="0" UPDATEDATE="2025-09-30" STARTDATE="2025-09-30" ENDDATE="2079-06-06" ISACTUAL="1" ISACTIVE="0" /><APARTMENT ID="111808545" OBJECTID="174958040" OBJECTGUID="346336d9-5d1f-485c-8afe-ef0da404012c" CHANGEID="689730112" NUMBER="3" APARTTYPE="2" OPERTYPEID="10" PREVID="0" NEXTID="0" UPDATEDATE="2025-09-30" STARTDATE="2025-09-30" ENDDATE="2079-06-06" ISACTUAL="1" ISACTIVE="1" /><APARTMENT ID="111808549" OBJECTID="174958068" OBJECTGUID="5f4e0cc0-7f18-4428-95b1-b6387a57b749" CHANGEID="689730155" NUMBER="5" APARTTYPE="2" OPERTYPEID="10" PREVID="0" NEXTID="0" UPDATEDATE="2025-09-30" STARTDATE="2025-09-30" ENDDATE="2079-06-06" ISACTUAL="1" ISACTIVE="1" /><APARTMENT ID="111808551" OBJECTID="174958087" OBJECTGUID="53a51dab-9d99-4afa-9fc2-4220e37baf14" CHANGEID="689730182" NUMBER="6" APARTTYPE="2" OPERTYPEID="10" PREVID="0" NEXTID="0" UPDATEDATE="2025-09-30" STARTDATE="2025-09-30" ENDDATE="2079-06-06" ISACTUAL="1" ISACTIVE="1" /><APARTMENT ID="111808565" OBJECTID="174958122" OBJECTGUID="894248e1-4cee-489a-b563-0c8bc1516ce6" CHANGEID="689730318" NUMBER="9" APARTTYPE="2" OPERTYPEID="10" PREVID="0" NEXTID="0" UPDATEDATE="2025-09-30" STARTDATE="2025-09-30" ENDDATE="2079-06-06" ISACTUAL="1" ISACTIVE="1" /><APARTMENT ID="111808567" OBJECTID="174958151" OBJECTGUID="5ed6a60a-41e7-4272-b1fc-ce0c358004f8" CHANGEID="689730365" NUMBER="10" APARTTYPE="2" OPERTYPEID="10" PREVID="0" NEXTID="0" UPDATEDATE="2025-09-30" STARTDATE="2025-09-30" ENDDATE="2079-06-06" ISACTUAL="1" ISACTIVE="1" /><APARTMENT ID="111808570" OBJECTID="174958156" OBJECTGUID="2b0e14d7-11a1-49cb-b4e2-9fe719cd3e69" CHANGEID="689730376" NUMBER="2" APARTTYPE="2" OPERTYPEID="10" PREVID="0" NEXTID="0" UPDATEDATE="2025-09-30" STARTDATE="2025-09-30" ENDDATE="2079-06-06" ISACTUAL="1" ISACTIVE="1" /><APARTMENT ID="111808572" OBJECTID="174958183" OBJECTGUID="01f50aa8-3495-44f8-8305-1c659d333f70" CHANGEID="689730408" NUMBER="12" APARTTYPE="2" OPERTYPEID="10" PREVID="0" NEXTID="0" UPDATEDATE="2025-09-30" STARTDATE="2025-09-30" ENDDATE="2079-06-06" ISACTUAL="1" ISACTIVE="1" /><APARTMENT ID="111808575" OBJECTID="174958195" OBJECTGUID="a3933738-b2d5-4478-b530-0179ebb7ca7d" CHANGEID="689730432" NUMBER="13" APARTTYPE="2" OPERTYPEID="10" PREVID="0" NEXTID="0" UPDATEDATE="2025-09-30" STARTDATE="2025-09-30" ENDDATE="2079-06-06" ISACTUAL="1" ISACTIVE="1" /><APARTMENT ID="111808576" OBJECTID="174958203" OBJECTGUID="093bb307-b055-4893-9ef2-1cc732df2089" CHANGEID="689730450" NUMBER="14" APARTTYPE="2" OPERTYPEID="10" PREVID="0" NEXTID="0" UPDATEDATE="2025-09-30" STARTDATE="2025-09-30" ENDDATE="2079-06-06" ISACTUAL="1" ISACTIVE="1" /><APARTMENT ID="111808577" OBJECTID="174958216" OBJECTGUID="a6c0b7cd-8cb7-43b5-a72f-104063f087bb" CHANGEID="689730470" NUMBER="15" APARTTYPE="2" OPERTYPEID="10" PREVID="0" NEXTID="0" UPDATEDATE="2025-09-30" STARTDATE="2025-09-30" ENDDATE="2079-06-06" ISACTUAL="1" ISACTIVE="1" /><APARTMENT ID="111808541" OBJECTID="174958032" OBJECTGUID="0a9dc1d6-ccba-4c17-8f00-49e28ed65fcc" CHANGEID="689730059" NUMBER="2" APARTTYPE="2" OPERTYPEID="10" PREVID="0" NEXTID="0" UPDATEDATE="2025-09-30" STARTDATE="2025-09-30" ENDDATE="2079-06-06" ISACTUAL="1" ISACTIVE="1" /><APARTMENT ID="111808548" OBJECTID="174958048" OBJECTGUID="042a84bd-882b-43bd-9f4f-9dea2c0a64df" CHANGEID="689730125" NUMBER="4" APARTTYPE="2" OPERTYPEID="10" PREVID="0" NEXTID="0" UPDATEDATE="2025-09-30" STARTDATE="2025-09-30" ENDDATE="2079-06-06" ISACTUAL="1" ISACTIVE="1" /><APARTMENT ID="111808555" OBJECTID="174958098" OBJECTGUID="a586abce-85f0-4da2-a9c2-f186a33091f7" CHANGEID="689730196" NUMBER="1" APARTTYPE="2" OPERTYPEID="10" PREVID="0" NEXTID="0" UPDATEDATE="2025-09-30" STARTDATE="2025-09-30" ENDDATE="2079-06-06" ISACTUAL="1" ISACTIVE="1" /><APARTMENT ID="111808556" OBJECTID="174958099" OBJECTGUID="b1ffcd5d-e486-4573-867c-86a7113df0d6" CHANGEID="689730198" NUMBER="7" APARTTYPE="2" OPERTYPEID="10" PREVID="0" NEXTID="0" UPDATEDATE="2025-09-30" STARTDATE="2025-09-30" ENDDATE="2079-06-06" ISACTUAL="1" ISACTIVE="1" /><APARTMENT ID="111808558" OBJECTID="174958111" OBJECTGUID="e546b0f2-a025-4ea6-a8aa-47e104e2c80d" CHANGEID="689730220" NUMBER="8" APARTTYPE="2" OPERTYPEID="10" PREVID="0" NEXTID="0" UPDATEDATE="2025-09-30" STARTDATE="2025-09-30" ENDDATE="2079-06-06" ISACTUAL="1" ISACTIVE="1" /><APARTMENT ID="111808571" OBJECTID="174958164" OBJECTGUID="aa9f5ecf-c332-430a-b9ee-70cb86f9226c" CHANGEID="689730387" NUMBER="11" APARTTYPE="2" OPERTYPEID="10" PREVID="0" NEXTID="0" UPDATEDATE="2025-09-30" STARTDATE="2025-09-30" ENDDATE="2079-06-06" ISACTUAL="1" ISACTIVE="1" /><APARTMENT ID="111808578" OBJECTID="174958225" OBJECTGUID="56e5466e-3db9-4d39-9635-1827691f90a9" CHANGEID="689730488" NUMBER="16" APARTTYPE="2" OPERTYPEID="10" PREVID="0" NEXTID="0" UPDATEDATE="2025-09-30" STARTDATE="2025-09-30" ENDDATE="2079-06-06" ISACTUAL="1" ISACTIVE="1" /><APARTMENT ID="111808612" OBJECTID="174958423" OBJECTGUID="e95963e9-d066-44f0-b30e-db420b70def1" CHANGEID="689731439" NUMBER="17" APARTTYPE="2" OPERTYPEID="10" PREVID="0" NEXTID="0" UPDATEDATE="2025-09-30" STARTDATE="2025-09-30" ENDDATE="2079-06-06" ISACTUAL="1" ISACTIVE="1" /><APARTMENT ID="111808618" OBJECTID="174958461" OBJECTGUID="cc5fcff9-54f9-4730-9d68-5c959205e400" CHANGEID="689731584" NUMBER="21" APARTTYPE="2" OPERTYPEID="10" PREVID="0" NEXTID="0" UPDATEDATE="2025-09-30" STARTDATE="2025-09-30" ENDDATE="2079-06-06" ISACTUAL="1" ISACTIVE="1" /><APARTMENT ID="111808632" OBJECTID="174958486" OBJECTGUID="f5e89d49-d418-483e-a5c2-656c30496745" CHANGEID="689731778" NUMBER="23" APARTTYPE="2" OPERTYPEID="10" PREVID="0" NEXTID="0" UPDATEDATE="2025-09-30" STARTDATE="2025-09-30" ENDDATE="2079-06-06" ISACTUAL="1" ISACTIVE="1" /><APARTMENT ID="111808635" OBJECTID="174958516" OBJECTGUID="6b7f19d2-6c6f-4c46-8232-9b8864b7b310" CHANGEID="689731822" NUMBER="25" APARTTYPE="2" OPERTYPEID="10" PREVID="0" NEXTID="0" UPDATEDATE="2025-09-30" STARTDATE="2025-09-30" ENDDATE="2079-06-06" ISACTUAL="1" ISACTIVE="1" /><APARTMENT ID="111808638" OBJECTID="174958531" OBJECTGUID="9f0459b8-9e69-461d-a004-93f45e3f3681" CHANGEID="689731855" NUMBER="26" APARTTYPE="2" OPERTYPEID="10" PREVID="0" NEXTID="0" UPDATEDATE="2025-09-30" STARTDATE="2025-09-30" ENDDATE="2079-06-06" ISACTUAL="1" ISACTIVE="1" /><APARTMENT ID="111808640" OBJECTID="174958543" OBJECTGUID="6de541f6-dc69-4180-9f58-25f537702340" CHANGEID="689731897" NUMBER="27" APARTTYPE="2" OPERTYPEID="10" PREVID="0" NEXTID="0" UPDATEDATE="2025-09-30" STARTDATE="2025-09-30" ENDDATE="2079-06-06" ISACTUAL="1" ISACTIVE="1" /><APARTMENT ID="111808613" OBJECTID="174958431" OBJECTGUID="842d29c2-17cf-4767-941c-fb39e9e84a58" CHANGEID="689731459" NUMBER="18" APARTTYPE="2" OPERTYPEID="10" PREVID="0" NEXTID="0" UPDATEDATE="2025-09-30" STARTDATE="2025-09-30" ENDDATE="2079-06-06" ISACTUAL="1" ISACTIVE="1" /><APARTMENT ID="111808615" OBJECTID="174958449" OBJECTGUID="7209caff-1a3d-4b9a-ac0b-820b57c51508" CHANGEID="689731490" NUMBER="19" APARTTYPE="2" OPERTYPEID="10" PREVID="0" NEXTID="0" UPDATEDATE="2025-09-30" STARTDATE="2025-09-30" ENDDATE="2079-06-06" ISACTUAL="1" ISACTIVE="1" /><APARTMENT ID="111808617" OBJECTID="174958454" OBJECTGUID="de25ef8d-b7e4-47b5-9ce5-62b7a83d64c1" CHANGEID="689731506" NUMBER="20" APARTTYPE="2" OPERTYPEID="10" PREVID="0" NEXTID="0" UPDATEDATE="2025-09-30" STARTDATE="2025-09-30" ENDDATE="2079-06-06" ISACTUAL="1" ISACTIVE="1" /><APARTMENT ID="111808628" OBJECTID="174958476" OBJECTGUID="68d2913d-2d0b-4f37-bd49-548c3f689637" CHANGEID="689731605" NUMBER="22" APARTTYPE="2" OPERTYPEID="10" PREVID="0" NEXTID="0" UPDATEDATE="2025-09-30" STARTDATE="2025-09-30" ENDDATE="2079-06-06" ISACTUAL="1" ISACTIVE="1" /><APARTMENT ID="111808634" OBJECTID="174958507" OBJECTGUID="4f6a0aae-c316-454e-8fca-1be4a21ef0d8" CHANGEID="689731806" NUMBER="24" APARTTYPE="2" OPERTYPEID="10" PREVID="0" NEXTID="0" UPDATEDATE="2025-09-30" STARTDATE="2025-09-30" ENDDATE="2079-06-06" ISACTUAL="1" ISACTIVE="1" /><APARTMENT ID="111808643" OBJECTID="174958562" OBJECTGUID="2c3cd2f3-5f37-4ce8-8689-47050b1d68eb" CHANGEID="689731959" NUMBER="28" APARTTYPE="2" OPERTYPEID="10" PREVID="0" NEXTID="0" UPDATEDATE="2025-09-30" STARTDATE="2025-09-30" ENDDATE="2079-06-06" ISACTUAL="1" ISACTIVE="1" /><APARTMENT ID="111808645" OBJECTID="174958567" OBJECTGUID="60fecdf9-02c4-4d94-a631-c9d86d29ec59" CHANGEID="689731969" NUMBER="29" APARTTYPE="2" OPERTYPEID="10" PREVID="0" NEXTID="0" UPDATEDATE="2025-09-30" STARTDATE="2025-09-30" ENDDATE="2079-06-06" ISACTUAL="1" ISACTIVE="1" /><APARTMENT ID="111808647" OBJECTID="174958582" OBJECTGUID="e09cd840-d88f-465a-b3a1-b974e626fd04" CHANGEID="689732010" NUMBER="30" APARTTYPE="2" OPERTYPEID="10" PREVID="0" NEXTID="0" UPDATEDATE="2025-09-30" STARTDATE="2025-09-30" ENDDATE="2079-06-06" ISACTUAL="1" ISACTIVE="1" /><APARTMENT ID="111808649" OBJECTID="174958593" OBJECTGUID="7fcd59e3-6306-41c3-9540-5453fc52088d" CHANGEID="689732029" NUMBER="31" APARTTYPE="2" OPERTYPEID="10" PREVID="0" NEXTID="0" UPDATEDATE="2025-09-30" STARTDATE="2025-09-30" ENDDATE="2079-06-06" ISACTUAL="1" ISACTIVE="1" /><APARTMENT ID="111808650" OBJECTID="174958604" OBJECTGUID="39675cbe-915f-4f8f-bb80-95b70c612e11" CHANGEID="689732400" NUMBER="32" APARTTYPE="2" OPERTYPEID="10" PREVID="0" NEXTID="0" UPDATEDATE="2025-09-30" STARTDATE="2025-09-30" ENDDATE="2079-06-06" ISACTUAL="1" ISACTIVE="1" /><APARTMENT ID="111808654" OBJECTID="174958620" OBJECTGUID="a82f8d60-cc09-42ea-9a90-0a450bc6268b" CHANGEID="689732428" NUMBER="33" APARTTYPE="2" OPERTYPEID="10" PREVID="0" NEXTID="0" UPDATEDATE="2025-09-30" STARTDATE="2025-09-30" ENDDATE="2079-06-06" ISACTUAL="1" ISACTIVE="1" /><APARTMENT ID="111808655" OBJECTID="174958627" OBJECTGUID="30d4fadd-54ed-47e3-9aa0-2ed49cfb2cdb" CHANGEID="689732438" NUMBER="34" APARTTYPE="2" OPERTYPEID="10" PREVID="0" NEXTID="0" UPDATEDATE="2025-09-30" STARTDATE="2025-09-30" ENDDATE="2079-06-06" ISACTUAL="1" ISACTIVE="1" /><APARTMENT ID="111808658" OBJECTID="174958635" OBJECTGUID="60dde564-24ca-428d-bef7-ab430f829dc0" CHANGEID="689732448" NUMBER="35" APARTTYPE="2" OPERTYPEID="10" PREVID="0" NEXTID="0" UPDATEDATE="2025-09-30" STARTDATE="2025-09-30" ENDDATE="2079-06-06" ISACTUAL="1" ISACTIVE="1" /><APARTMENT ID="111808660" OBJECTID="174958644" OBJECTGUID="25ece625-a072-4899-905d-a4b7b599f1e2" CHANGEID="689732463" NUMBER="36" APARTTYPE="2" OPERTYPEID="10" PREVID="0" NEXTID="0" UPDATEDATE="2025-09-30" STARTDATE="2025-09-30" ENDDATE="2079-06-06" ISACTUAL="1" ISACTIVE="1" /><APARTMENT ID="111808665" OBJECTID="174958679" OBJECTGUID="4cc4eb01-afde-468c-af6a-21764d97bb52" CHANGEID="689732553" NUMBER="1" APARTTYPE="2" OPERTYPEID="10" PREVID="0" NEXTID="0" UPDATEDATE="2025-09-30" STARTDATE="2025-09-30" ENDDATE="2079-06-06" ISACTUAL="1" ISACTIVE="1" /><APARTMENT ID="111810251" OBJECTID="174965410" OBJECTGUID="6782b639-28c4-4c40-b30b-b1b68564b7ef" CHANGEID="689746069" NUMBER="1" APARTTYPE="1" OPERTYPEID="10" PREVID="0" NEXTID="0" UPDATEDATE="2025-09-30" STARTDATE="2025-09-30" ENDDATE="2079-06-06" ISACTUAL="1" ISACTIVE="1" /><APARTMENT ID="111810713" OBJECTID="68317276" OBJECTGUID="c7039abe-6937-4397-a8b2-27c4398e0c73" CHANGEID="689751182" NUMBER="1" APARTTYPE="2" OPERTYPEID="55" PREVID="40739908" NEXTID="129182769" UPDATEDATE="2025-09-30" STARTDATE="2025-09-30" ENDDATE="2079-06-06" ISACTUAL="1" ISACTIVE="0" /><APARTMENT ID="40739908" OBJECTID="68317276" OBJECTGUID="c7039abe-6937-4397-a8b2-27c4398e0c73" CHANGEID="101831444" NUMBER="1" APARTTYPE="2" OPERTYPEID="10" PREVID="0" NEXTID="111810713" UPDATEDATE="2025-09-30" STARTDATE="2010-01-01" ENDDATE="2025-09-30" ISACTUAL="0" ISACTIVE="0" /><APARTMENT ID="111810715" OBJECTID="68317314" OBJECTGUID="d4bce132-556e-45b1-a999-d6b40c48fcac" CHANGEID="689751211" NUMBER="2" APARTTYPE="2" OPERTYPEID="55" PREVID="40739944" NEXTID="129182779" UPDATEDATE="2025-09-30" STARTDATE="2025-09-30" ENDDATE="2079-06-06" ISACTUAL="1" ISACTIVE="0" /><APARTMENT ID="40739944" OBJECTID="68317314" OBJECTGUID="d4bce132-556e-45b1-a999-d6b40c48fcac" CHANGEID="101831499" NUMBER="2" APARTTYPE="2" OPERTYPEID="10" PREVID="0" NEXTID="111810715" UPDATEDATE="2025-09-30" STARTDATE="2010-01-01" ENDDATE="2025-09-30" ISACTUAL="0" ISACTIVE="0" /><APARTMENT ID="111810721" OBJECTID="68317265" OBJECTGUID="209f3278-6440-44f8-ac34-1f2673909c94" CHANGEID="689751271" NUMBER="3" APARTTYPE="2" OPERTYPEID="55" PREVID="40739897" NEXTID="129182791" UPDATEDATE="2025-09-30" STARTDATE="2025-09-30" ENDDATE="2079-06-06" ISACTUAL="1" ISACTIVE="0" /><APARTMENT ID="40739897" OBJECTID="68317265" OBJECTGUID="209f3278-6440-44f8-ac34-1f2673909c94" CHANGEID="101831430" NUMBER="3" APARTTYPE="2" OPERTYPEID="10" PREVID="0" NEXTID="111810721" UPDATEDATE="2025-09-30" STARTDATE="2010-01-01" ENDDATE="2025-09-30" ISACTUAL="0" ISACTIVE="0" /><APARTMENT ID="111810728" OBJECTID="68316982" OBJECTGUID="12d4f374-2fbc-430c-a319-bec0acbeb881" CHANGEID="689751344" NUMBER="4" APARTTYPE="2" OPERTYPEID="55" PREVID="40739708" NEXTID="129182805" UPDATEDATE="2025-09-30" STARTDATE="2025-09-30" ENDDATE="2079-06-06" ISACTUAL="1" ISACTIVE="0" /><APARTMENT ID="40739708" OBJECTID="68316982" OBJECTGUID="12d4f374-2fbc-430c-a319-bec0acbeb881" CHANGEID="101830968" NUMBER="4" APARTTYPE="2" OPERTYPEID="10" PREVID="0" NEXTID="111810728" UPDATEDATE="2025-09-30" STARTDATE="2010-01-01" ENDDATE="2025-09-30" ISACTUAL="0" ISACTIVE="0" /><APARTMENT ID="111813915" OBJECTID="174976580" OBJECTGUID="df616886-7ff9-4332-afbb-3a5ba6ed0030" CHANGEID="689790247" NUMBER="2" APARTTYPE="1" OPERTYPEID="10" PREVID="0" NEXTID="0" UPDATEDATE="2025-10-01" STARTDATE="2025-10-01" ENDDATE="2079-06-06" ISACTUAL="1" ISACTIVE="1" /><APARTMENT ID="111813920" OBJECTID="174976597" OBJECTGUID="2f215bca-1ce6-4d4a-936c-9d24be1fca36" CHANGEID="689790335" NUMBER="1" APARTTYPE="1" OPERTYPEID="10" PREVID="0" NEXTID="0" UPDATEDATE="2025-10-01" STARTDATE="2025-10-01" ENDDATE="2079-06-06" ISACTUAL="1" ISACTIVE="1" /><APARTMENT ID="111813922" OBJECTID="174976626" OBJECTGUID="b9856187-9ac8-45b3-aec0-e13fe2042ea1" CHANGEID="689790374" NUMBER="2" APARTTYPE="2" OPERTYPEID="10" PREVID="0" NEXTID="0" UPDATEDATE="2025-10-01" STARTDATE="2025-10-01" ENDDATE="2079-06-06" ISACTUAL="1" ISACTIVE="1" /><APARTMENT ID="111813923" OBJECTID="174976627" OBJECTGUID="b2313084-4f68-4be5-82e4-fb9ce11b993d" CHANGEID="689790375" NUMBER="1" APARTTYPE="2" OPERTYPEID="10" PREVID="0" NEXTID="0" UPDATEDATE="2025-10-01" STARTDATE="2025-10-01" ENDDATE="2079-06-06" ISACTUAL="1" ISACTIVE="1" /><APARTMENT ID="111813934" OBJECTID="174976646" OBJECTGUID="65cf7277-fb4c-4efb-becb-5ddf977f45c9" CHANGEID="689790411" NUMBER="1" APARTTYPE="2" OPERTYPEID="10" PREVID="0" NEXTID="0" UPDATEDATE="2025-10-01" STARTDATE="2025-10-01" ENDDATE="2079-06-06" ISACTUAL="1" ISACTIVE="1" /><APARTMENT ID="111813935" OBJECTID="174976647" OBJECTGUID="4c6a8ae8-9ffa-40eb-b373-8d8415706d40" CHANGEID="689790412" NUMBER="2" APARTTYPE="2" OPERTYPEID="10" PREVID="0" NEXTID="0" UPDATEDATE="2025-10-01" STARTDATE="2025-10-01" ENDDATE="2079-06-06" ISACTUAL="1" ISACTIVE="1" /><APARTMENT ID="111813916" OBJECTID="174976584" OBJECTGUID="ec142102-1dbc-4bea-9123-6d362369d22b" CHANGEID="689790299" NUMBER="1" APARTTYPE="1" OPERTYPEID="10" PREVID="0" NEXTID="0" UPDATEDATE="2025-10-01" STARTDATE="2025-10-01" ENDDATE="2079-06-06" ISACTUAL="1" ISACTIVE="1" /><APARTMENT ID="111813928" OBJECTID="174976637" OBJECTGUID="8f398552-137c-487c-afa8-5c0ebfae4d5a" CHANGEID="689790395" NUMBER="2" APARTTYPE="2" OPERTYPEID="10" PREVID="0" NEXTID="0" UPDATEDATE="2025-10-01" STARTDATE="2025-10-01" ENDDATE="2079-06-06" ISACTUAL="1" ISACTIVE="1" /><APARTMENT ID="111813929" OBJECTID="174976638" OBJECTGUID="e33598b1-3949-429d-9aa5-02bdffdb06f3" CHANGEID="689790396" NUMBER="1" APARTTYPE="2" OPERTYPEID="10" PREVID="0" NEXTID="0" UPDATEDATE="2025-10-01" STARTDATE="2025-10-01" ENDDATE="2079-06-06" ISACTUAL="1" ISACTIVE="1" /><APARTMENT ID="111813930" OBJECTID="174976639" OBJECTGUID="88173d31-9bca-42e3-a5d1-1c4a640d4497" CHANGEID="689790397" NUMBER="3" APARTTYPE="2" OPERTYPEID="10" PREVID="0" NEXTID="0" UPDATEDATE="2025-10-01" STARTDATE="2025-10-01" ENDDATE="2079-06-06" ISACTUAL="1" ISACTIVE="1" /><APARTMENT ID="111813931" OBJECTID="174976640" OBJECTGUID="40944404-63e0-4683-98c3-e942c79e247b" CHANGEID="689790398" NUMBER="4" APARTTYPE="2" OPERTYPEID="10" PREVID="0" NEXTID="0" UPDATEDATE="2025-10-01" STARTDATE="2025-10-01" ENDDATE="2079-06-06" ISACTUAL="1" ISACTIVE="1" /><APARTMENT ID="111814270" OBJECTID="174978611" OBJECTGUID="acafd8bc-e917-4892-bcfc-acc9981ebf71" CHANGEID="689793400" NUMBER="1" APARTTYPE="2" OPERTYPEID="10" PREVID="0" NEXTID="0" UPDATEDATE="2025-10-01" STARTDATE="2025-10-01" ENDDATE="2079-06-06" ISACTUAL="1" ISACTIVE="1" /><APARTMENT ID="111814271" OBJECTID="174978612" OBJECTGUID="4e3d751a-eacb-47c8-ab22-539b52bc1e9a" CHANGEID="689793401" NUMBER="2" APARTTYPE="2" OPERTYPEID="10" PREVID="0" NEXTID="0" UPDATEDATE="2025-10-01" STARTDATE="2025-10-01" ENDDATE="2079-06-06" ISACTUAL="1" ISACTIVE="1" /><APARTMENT ID="111814538" OBJECTID="174979883" OBJECTGUID="2f061909-b19a-4d44-9e5e-9a0d3cd6dbe1" CHANGEID="689795826" NUMBER="1" APARTTYPE="2" OPERTYPEID="10" PREVID="0" NEXTID="0" UPDATEDATE="2025-10-01" STARTDATE="2025-10-01" ENDDATE="2079-06-06" ISACTUAL="1" ISACTIVE="1" /><APARTMENT ID="111814539" OBJECTID="174979884" OBJECTGUID="90657fee-6f4b-432c-b83c-b454e5eca544" CHANGEID="689795827" NUMBER="2" APARTTYPE="2" OPERTYPEID="10" PREVID="0" NEXTID="0" UPDATEDATE="2025-10-01" STARTDATE="2025-10-01" ENDDATE="2079-06-06" ISACTUAL="1" ISACTIVE="1" /><APARTMENT ID="111814544" OBJECTID="174979952" OBJECTGUID="368dc019-43f7-43b6-89a3-3508c4eec976" CHANGEID="689795957" NUMBER="62" APARTTYPE="2" OPERTYPEID="10" PREVID="0" NEXTID="0" UPDATEDATE="2025-10-01" STARTDATE="2025-10-01" ENDDATE="2079-06-06" ISACTUAL="1" ISACTIVE="1" /><APARTMENT ID="111814545" OBJECTID="174979953" OBJECTGUID="5c5703e5-defd-4116-9859-59b488130b67" CHANGEID="689795958" NUMBER="61" APARTTYPE="2" OPERTYPEID="10" PREVID="0" NEXTID="0" UPDATEDATE="2025-10-01" STARTDATE="2025-10-01" ENDDATE="2079-06-06" ISACTUAL="1" ISACTIVE="1" /><APARTMENT ID="111814546" OBJECTID="174979954" OBJECTGUID="c0e9dd3f-5961-4796-bebf-b36441df94d7" CHANGEID="689795959" NUMBER="64" APARTTYPE="2" OPERTYPEID="10" PREVID="0" NEXTID="0" UPDATEDATE="2025-10-01" STARTDATE="2025-10-01" ENDDATE="2079-06-06" ISACTUAL="1" ISACTIVE="1" /><APARTMENT ID="111814547" OBJECTID="174979955" OBJECTGUID="e500a080-ec17-4b32-9786-31e2d6a51546" CHANGEID="689795960" NUMBER="65" APARTTYPE="2" OPERTYPEID="10" PREVID="0" NEXTID="0" UPDATEDATE="2025-10-01" STARTDATE="2025-10-01" ENDDATE="2079-06-06" ISACTUAL="1" ISACTIVE="1" /><APARTMENT ID="111814548" OBJECTID="174979956" OBJECTGUID="7b73a82c-4740-43cf-8259-ce903059140e" CHANGEID="689795961" NUMBER="66" APARTTYPE="2" OPERTYPEID="10" PREVID="0" NEXTID="0" UPDATEDATE="2025-10-01" STARTDATE="2025-10-01" ENDDATE="2079-06-06" ISACTUAL="1" ISACTIVE="1" /><APARTMENT ID="111814549" OBJECTID="174979957" OBJECTGUID="6f5b3b6e-f7a0-41bc-9645-e2e5c3cc8f12" CHANGEID="689795962" NUMBER="67" APARTTYPE="2" OPERTYPEID="10" PREVID="0" NEXTID="0" UPDATEDATE="2025-10-01" STARTDATE="2025-10-01" ENDDATE="2079-06-06" ISACTUAL="1" ISACTIVE="1" /><APARTMENT ID="111814550" OBJECTID="174979958" OBJECTGUID="6995ebeb-4b24-49d3-a156-0cddb80a5996" CHANGEID="689795963" NUMBER="68" APARTTYPE="2" OPERTYPEID="10" PREVID="0" NEXTID="0" UPDATEDATE="2025-10-01" STARTDATE="2025-10-01" ENDDATE="2079-06-06" ISACTUAL="1" ISACTIVE="1" /><APARTMENT ID="111814551" OBJECTID="174979959" OBJECTGUID="2294f7a0-7d3e-4a11-a943-452d5125ebe0" CHANGEID="689795964" NUMBER="69" APARTTYPE="2" OPERTYPEID="10" PREVID="0" NEXTID="0" UPDATEDATE="2025-10-01" STARTDATE="2025-10-01" ENDDATE="2079-06-06" ISACTUAL="1" ISACTIVE="1" /><APARTMENT ID="111814552" OBJECTID="174979960" OBJECTGUID="60faa8ca-5339-4afa-98fd-688c4e56d2d9" CHANGEID="689795965" NUMBER="7" APARTTYPE="2" OPERTYPEID="10" PREVID="0" NEXTID="0" UPDATEDATE="2025-10-01" STARTDATE="2025-10-01" ENDDATE="2079-06-06" ISACTUAL="1" ISACTIVE="1" /><APARTMENT ID="111814553" OBJECTID="174979961" OBJECTGUID="41a0d027-2e04-4885-a53e-1429be8f8c55" CHANGEID="689795966" NUMBER="70" APARTTYPE="2" OPERTYPEID="10" PREVID="0" NEXTID="0" UPDATEDATE="2025-10-01" STARTDATE="2025-10-01" ENDDATE="2079-06-06" ISACTUAL="1" ISACTIVE="1" /><APARTMENT ID="111814554" OBJECTID="174979962" OBJECTGUID="52d43dee-ab9f-40a5-8faf-dc072c56ba35" CHANGEID="689795967" NUMBER="71" APARTTYPE="2" OPERTYPEID="10" PREVID="0" NEXTID="0" UPDATEDATE="2025-10-01" STARTDATE="2025-10-01" ENDDATE="2079-06-06" ISACTUAL="1" ISACTIVE="1" /><APARTMENT ID="111814555" OBJECTID="174979963" OBJECTGUID="c9fd47c4-6a67-41ce-93f6-e9581de5db6f" CHANGEID="689795968" NUMBER="72" APARTTYPE="2" OPERTYPEID="10" PREVID="0" NEXTID="0" UPDATEDATE="2025-10-01" STARTDATE="2025-10-01" ENDDATE="2079-06-06" ISACTUAL="1" ISACTIVE="1" /><APARTMENT ID="111814556" OBJECTID="174979964" OBJECTGUID="9381db2c-6cbc-42ec-8324-bb82b7b9a668" CHANGEID="689795969" NUMBER="73" APARTTYPE="2" OPERTYPEID="10" PREVID="0" NEXTID="0" UPDATEDATE="2025-10-01" STARTDATE="2025-10-01" ENDDATE="2079-06-06" ISACTUAL="1" ISACTIVE="1" /><APARTMENT ID="111814557" OBJECTID="174979965" OBJECTGUID="e7818b92-4766-4980-a30f-ab9908466d70" CHANGEID="689795970" NUMBER="74" APARTTYPE="2" OPERTYPEID="10" PREVID="0" NEXTID="0" UPDATEDATE="2025-10-01" STARTDATE="2025-10-01" ENDDATE="2079-06-06" ISACTUAL="1" ISACTIVE="1" /><APARTMENT ID="111814558" OBJECTID="174979966" OBJECTGUID="da99d5e8-46c8-4c28-a716-4ba59e3f4ff5" CHANGEID="689795971" NUMBER="75" APARTTYPE="2" OPERTYPEID="10" PREVID="0" NEXTID="0" UPDATEDATE="2025-10-01" STARTDATE="2025-10-01" ENDDATE="2079-06-06" ISACTUAL="1" ISACTIVE="1" /><APARTMENT ID="111814559" OBJECTID="174979967" OBJECTGUID="86b049c9-06a5-4c87-92ba-c1fcfc927dba" CHANGEID="689795972" NUMBER="76" APARTTYPE="2" OPERTYPEID="10" PREVID="0" NEXTID="0" UPDATEDATE="2025-10-01" STARTDATE="2025-10-01" ENDDATE="2079-06-06" ISACTUAL="1" ISACTIVE="1" /><APARTMENT ID="111814560" OBJECTID="174979968" OBJECTGUID="9df678be-94e6-447f-bc81-515894537b7d" CHANGEID="689795973" NUMBER="77" APARTTYPE="2" OPERTYPEID="10" PREVID="0" NEXTID="0" UPDATEDATE="2025-10-01" STARTDATE="2025-10-01" ENDDATE="2079-06-06" ISACTUAL="1" ISACTIVE="1" /><APARTMENT ID="111814561" OBJECTID="174979969" OBJECTGUID="1573deb0-5df2-49a9-8ce1-835fedd9d017" CHANGEID="689795974" NUMBER="78" APARTTYPE="2" OPERTYPEID="10" PREVID="0" NEXTID="0" UPDATEDATE="2025-10-01" STARTDATE="2025-10-01" ENDDATE="2079-06-06" ISACTUAL="1" ISACTIVE="1" /><APARTMENT ID="111814562" OBJECTID="174979970" OBJECTGUID="fae5086e-6176-4657-95ae-ffe77303a6af" CHANGEID="689795975" NUMBER="79" APARTTYPE="2" OPERTYPEID="10" PREVID="0" NEXTID="0" UPDATEDATE="2025-10-01" STARTDATE="2025-10-01" ENDDATE="2079-06-06" ISACTUAL="1" ISACTIVE="1" /><APARTMENT ID="111814563" OBJECTID="174979971" OBJECTGUID="4e1036ac-f7e2-43c6-a2e3-8f4e2ea63343" CHANGEID="689795976" NUMBER="80" APARTTYPE="2" OPERTYPEID="10" PREVID="0" NEXTID="0" UPDATEDATE="2025-10-01" STARTDATE="2025-10-01" ENDDATE="2079-06-06" ISACTUAL="1" ISACTIVE="1" /><APARTMENT ID="111814564" OBJECTID="174979972" OBJECTGUID="d84d2d4d-fced-4de3-8ca2-dc76abf25340" CHANGEID="689795977" NUMBER="81" APARTTYPE="2" OPERTYPEID="10" PREVID="0" NEXTID="0" UPDATEDATE="2025-10-01" STARTDATE="2025-10-01" ENDDATE="2079-06-06" ISACTUAL="1" ISACTIVE="1" /><APARTMENT ID="111814565" OBJECTID="174979973" OBJECTGUID="8c56b7b6-8708-4665-8906-9f8bc5feca46" CHANGEID="689795978" NUMBER="9" APARTTYPE="2" OPERTYPEID="10" PREVID="0" NEXTID="0" UPDATEDATE="2025-10-01" STARTDATE="2025-10-01" ENDDATE="2079-06-06" ISACTUAL="1" ISACTIVE="1" /><APARTMENT ID="111814566" OBJECTID="174979974" OBJECTGUID="a661b10a-2dce-4986-a3fb-8fcb3e5c503b" CHANGEID="689795979" NUMBER="63" APARTTYPE="2" OPERTYPEID="10" PREVID="0" NEXTID="0" UPDATEDATE="2025-10-01" STARTDATE="2025-10-01" ENDDATE="2079-06-06" ISACTUAL="1" ISACTIVE="1" /><APARTMENT ID="111814567" OBJECTID="174979975" OBJECTGUID="32354ca8-2632-4e11-8562-e70c91a1f129" CHANGEID="689795980" NUMBER="8" APARTTYPE="2" OPERTYPEID="10" PREVID="0" NEXTID="0" UPDATEDATE="2025-10-01" STARTDATE="2025-10-01" ENDDATE="2079-06-06" ISACTUAL="1" ISACTIVE="1" /><APARTMENT ID="111814568" OBJECTID="174979976" OBJECTGUID="75f9aeda-c3fc-4f43-9a43-aa4dc4712312" CHANGEID="689795981" NUMBER="60" APARTTYPE="2" OPERTYPEID="10" PREVID="0" NEXTID="0" UPDATEDATE="2025-10-01" STARTDATE="2025-10-01" ENDDATE="2079-06-06" ISACTUAL="1" ISACTIVE="1" /><APARTMENT ID="111814569" OBJECTID="174979977" OBJECTGUID="1c6cd1de-3009-47d6-a6da-ff9b4d927516" CHANGEID="689795982" NUMBER="6" APARTTYPE="2" OPERTYPEID="10" PREVID="0" NEXTID="0" UPDATEDATE="2025-10-01" STARTDATE="2025-10-01" ENDDATE="2079-06-06" ISACTUAL="1" ISACTIVE="1" /><APARTMENT ID="111816333" OBJECTID="174985135" OBJECTGUID="37e87839-bc28-4637-96c4-a801acdd79d7" CHANGEID="689807569" NUMBER="1" APARTTYPE="1" OPERTYPEID="10" PREVID="0" NEXTID="0" UPDATEDATE="2025-10-01" STARTDATE="2025-10-01" ENDDATE="2079-06-06" ISACTUAL="1" ISACTIVE="1" /><APARTMENT ID="111817584" OBJECTID="29892784" OBJECTGUID="039ae321-1c28-48b1-8ba2-c1429d4f90c6" CHANGEID="689814110" NUMBER="1" APARTTYPE="2" OPERTYPEID="55" PREVID="17231518" NEXTID="129189931" UPDATEDATE="2025-10-01" STARTDATE="2025-10-01" ENDDATE="2079-06-06" ISACTUAL="1" ISACTIVE="0" /><APARTMENT ID="17231518" OBJECTID="29892784" OBJECTGUID="039ae321-1c28-48b1-8ba2-c1429d4f90c6" CHANGEID="45813862" NUMBER="1" APARTTYPE="2" OPERTYPEID="10" PREVID="0" NEXTID="111817584" UPDATEDATE="2025-10-01" STARTDATE="2010-01-01" ENDDATE="2025-10-01" ISACTUAL="0" ISACTIVE="0" /><APARTMENT ID="111817771" OBJECTID="29892908" OBJECTGUID="6b141eb1-e09b-4982-8ae6-89c332e56e47" CHANGEID="689814312" NUMBER="2" APARTTYPE="2" OPERTYPEID="55" PREVID="17231569" NEXTID="129189937" UPDATEDATE="2025-10-01" STARTDATE="2025-10-01" ENDDATE="2079-06-06" ISACTUAL="1" ISACTIVE="0" /><APARTMENT ID="17231569" OBJECTID="29892908" OBJECTGUID="6b141eb1-e09b-4982-8ae6-89c332e56e47" CHANGEID="45814066" NUMBER="2" APARTTYPE="2" OPERTYPEID="10" PREVID="0" NEXTID="111817771" UPDATEDATE="2025-10-01" STARTDATE="2010-01-01" ENDDATE="2025-10-01" ISACTUAL="0" ISACTIVE="0" /><APARTMENT ID="111818034" OBJECTID="36452526" OBJECTGUID="85c7b0c3-0fb1-4800-b3f2-5ad64dd21e8c" CHANGEID="689815905" NUMBER="1" APARTTYPE="2" OPERTYPEID="55" PREVID="21239913" NEXTID="129190096" UPDATEDATE="2025-10-01" STARTDATE="2025-10-01" ENDDATE="2079-06-06" ISACTUAL="1" ISACTIVE="0" /><APARTMENT ID="21239913" OBJECTID="36452526" OBJECTGUID="85c7b0c3-0fb1-4800-b3f2-5ad64dd21e8c" CHANGEID="55336804" NUMBER="1" APARTTYPE="2" OPERTYPEID="10" PREVID="0" NEXTID="111818034" UPDATEDATE="2025-10-01" STARTDATE="2010-01-01" ENDDATE="2025-10-01" ISACTUAL="0" ISACTIVE="0" /><APARTMENT ID="111818038" OBJECTID="36452475" OBJECTGUID="3cc70609-d504-4ce9-89f9-7fbe305d8392" CHANGEID="689815928" NUMBER="2" APARTTYPE="2" OPERTYPEID="55" PREVID="21239871" NEXTID="129190102" UPDATEDATE="2025-10-01" STARTDATE="2025-10-01" ENDDATE="2079-06-06" ISACTUAL="1" ISACTIVE="0" /><APARTMENT ID="21239871" OBJECTID="36452475" OBJECTGUID="3cc70609-d504-4ce9-89f9-7fbe305d8392" CHANGEID="55336636" NUMBER="2" APARTTYPE="2" OPERTYPEID="10" PREVID="0" NEXTID="111818038" UPDATEDATE="2025-10-01" STARTDATE="2010-01-01" ENDDATE="2025-10-01" ISACTUAL="0" ISACTIVE="0" /><APARTMENT ID="111818242" OBJECTID="83373105" OBJECTGUID="bc9c6f91-4b7a-4751-a581-0d4a24ff3d53" CHANGEID="689816997" NUMBER="1" APARTTYPE="2" OPERTYPEID="55" PREVID="49893589" NEXTID="129190404" UPDATEDATE="2025-10-01" STARTDATE="2025-10-01" ENDDATE="2079-06-06" ISACTUAL="1" ISACTIVE="0" /><APARTMENT ID="49893589" OBJECTID="83373105" OBJECTGUID="bc9c6f91-4b7a-4751-a581-0d4a24ff3d53" CHANGEID="123846100" NUMBER="1" APARTTYPE="2" OPERTYPEID="10" PREVID="0" NEXTID="111818242" UPDATEDATE="2025-10-01" STARTDATE="2010-01-01" ENDDATE="2025-10-01" ISACTUAL="0" ISACTIVE="0" /><APARTMENT ID="111818245" OBJECTID="83372041" OBJECTGUID="5f249964-bb49-40d9-819f-bbcb17a1fa03" CHANGEID="689817030" NUMBER="2" APARTTYPE="2" OPERTYPEID="55" PREVID="49893090" NEXTID="129190416" UPDATEDATE="2025-10-01" STARTDATE="2025-10-01" ENDDATE="2079-06-06" ISACTUAL="1" ISACTIVE="0" /><APARTMENT ID="49893090" OBJECTID="83372041" OBJECTGUID="5f249964-bb49-40d9-819f-bbcb17a1fa03" CHANGEID="123844522" NUMBER="2" APARTTYPE="2" OPERTYPEID="10" PREVID="0" NEXTID="111818245" UPDATEDATE="2025-10-01" STARTDATE="2010-01-01" ENDDATE="2025-10-01" ISACTUAL="0" ISACTIVE="0" /><APARTMENT ID="111818251" OBJECTID="71286925" OBJECTGUID="2641f970-1fb2-47ba-804b-11e6bd33f6db" CHANGEID="689817076" NUMBER="1" APARTTYPE="2" OPERTYPEID="55" PREVID="42550499" NEXTID="129190435" UPDATEDATE="2025-10-01" STARTDATE="2025-10-01" ENDDATE="2079-06-06" ISACTUAL="1" ISACTIVE="0" /><APARTMENT ID="42550499" OBJECTID="71286925" OBJECTGUID="2641f970-1fb2-47ba-804b-11e6bd33f6db" CHANGEID="106180690" NUMBER="1" APARTTYPE="2" OPERTYPEID="10" PREVID="0" NEXTID="111818251" UPDATEDATE="2025-10-01" STARTDATE="2010-01-01" ENDDATE="2025-10-01" ISACTUAL="0" ISACTIVE="0" /><APARTMENT ID="42550890" OBJECTID="71287394" OBJECTGUID="b05eb404-575e-4424-aef2-c33cf285d62b" CHANGEID="106181258" NUMBER="2" APARTTYPE="2" OPERTYPEID="10" PREVID="0" NEXTID="111818254" UPDATEDATE="2025-10-01" STARTDATE="2010-01-01" ENDDATE="2025-10-01" ISACTUAL="0" ISACTIVE="0" /><APARTMENT ID="111818254" OBJECTID="71287394" OBJECTGUID="b05eb404-575e-4424-aef2-c33cf285d62b" CHANGEID="689817119" NUMBER="2" APARTTYPE="2" OPERTYPEID="55" PREVID="42550890" NEXTID="129190442" UPDATEDATE="2025-10-01" STARTDATE="2025-10-01" ENDDATE="2079-06-06" ISACTUAL="1" ISACTIVE="0" /></APARTMENTS>