﻿<?xml version="1.0" encoding="utf-8"?><APARTMENTS><APARTMENT ID="49115813" OBJECTID="82113510" OBJECTGUID="661a9420-db58-43eb-9569-9a68f5812c13" CHANGEID="122008253" NUMBER="1" APARTTYPE="2" OPERTYPEID="10" PREVID="0" NEXTID="111800836" UPDATEDATE="2025-09-29" STARTDATE="2019-01-24" ENDDATE="2025-09-29" ISACTUAL="0" ISACTIVE="0" /><APARTMENT ID="3455513" OBJECTID="7102172" OBJECTGUID="0e85954f-860c-4327-bbf6-e608fd9f18f4" CHANGEID="12268741" NUMBER="1" APARTTYPE="2" OPERTYPEID="10" PREVID="0" NEXTID="111803801" UPDATEDATE="2025-09-29" STARTDATE="2018-12-29" ENDDATE="2025-09-29" ISACTUAL="0" ISACTIVE="0" /><APARTMENT ID="8116181" OBJECTID="14854287" OBJECTGUID="b4d32768-e1a7-40e8-9c2c-6edf866382a6" CHANGEID="23709331" NUMBER="16" APARTTYPE="2" OPERTYPEID="10" PREVID="0" NEXTID="111807067" UPDATEDATE="2025-09-30" STARTDATE="2019-05-30" ENDDATE="2025-09-30" ISACTUAL="0" ISACTIVE="0" /><APARTMENT ID="8744321" OBJECTID="15930426" OBJECTGUID="581d8e60-1e39-4bc5-bc32-75e3315593c0" CHANGEID="25319507" NUMBER="1" APARTTYPE="2" OPERTYPEID="10" PREVID="0" NEXTID="111797862" UPDATEDATE="2025-09-29" STARTDATE="2017-06-15" ENDDATE="2025-09-29" ISACTUAL="0" ISACTIVE="0" /><APARTMENT ID="41933795" OBJECTID="70288700" OBJECTGUID="637f201d-47b4-492e-935f-d464377382e5" CHANGEID="104733036" NUMBER="1" APARTTYPE="2" OPERTYPEID="10" PREVID="0" NEXTID="111814725" UPDATEDATE="2025-10-01" STARTDATE="2017-06-06" ENDDATE="2025-10-01" ISACTUAL="0" ISACTIVE="0" /><APARTMENT ID="41934233" OBJECTID="70289344" OBJECTGUID="8dbaf34b-f6f2-4040-a3cf-088bf5666ff8" CHANGEID="104734018" NUMBER="2" APARTTYPE="2" OPERTYPEID="10" PREVID="0" NEXTID="111814726" UPDATEDATE="2025-10-01" STARTDATE="2017-06-06" ENDDATE="2025-10-01" ISACTUAL="0" ISACTIVE="0" /><APARTMENT ID="111794790" OBJECTID="174915397" OBJECTGUID="f39b2fcc-bc1d-4cde-a7d3-45ec7b4cb24f" CHANGEID="689637386" NUMBER="1" APARTTYPE="1" OPERTYPEID="10" PREVID="0" NEXTID="0" UPDATEDATE="2025-09-29" STARTDATE="2025-09-29" ENDDATE="2079-06-06" ISACTUAL="1" ISACTIVE="1" /><APARTMENT ID="111794791" OBJECTID="174915398" OBJECTGUID="3c4ab870-4830-4d5c-9e66-b970d8201129" CHANGEID="689637387" NUMBER="54" APARTTYPE="2" OPERTYPEID="10" PREVID="0" NEXTID="0" UPDATEDATE="2025-09-29" STARTDATE="2025-09-29" ENDDATE="2079-06-06" ISACTUAL="1" ISACTIVE="1" /><APARTMENT ID="111794792" OBJECTID="174915399" OBJECTGUID="05b9c853-fbd5-4a2b-b02e-1c8d664feb12" CHANGEID="689637388" NUMBER="53" APARTTYPE="2" OPERTYPEID="10" PREVID="0" NEXTID="0" UPDATEDATE="2025-09-29" STARTDATE="2025-09-29" ENDDATE="2079-06-06" ISACTUAL="1" ISACTIVE="1" /><APARTMENT ID="111794793" OBJECTID="174915400" OBJECTGUID="5c3adf6f-5f07-4f70-90d8-f877f41bd5c3" CHANGEID="689637389" NUMBER="52" APARTTYPE="2" OPERTYPEID="10" PREVID="0" NEXTID="0" UPDATEDATE="2025-09-29" STARTDATE="2025-09-29" ENDDATE="2079-06-06" ISACTUAL="1" ISACTIVE="1" /><APARTMENT ID="111794794" OBJECTID="174915401" OBJECTGUID="2ff74dd2-3583-483f-a38a-ebb53add5d45" CHANGEID="689637390" NUMBER="51" APARTTYPE="2" OPERTYPEID="10" PREVID="0" NEXTID="0" UPDATEDATE="2025-09-29" STARTDATE="2025-09-29" ENDDATE="2079-06-06" ISACTUAL="1" ISACTIVE="1" /><APARTMENT ID="111794795" OBJECTID="174915402" OBJECTGUID="0fe39660-997f-4546-95d5-18e385df7658" CHANGEID="689637391" NUMBER="50" APARTTYPE="2" OPERTYPEID="10" PREVID="0" NEXTID="0" UPDATEDATE="2025-09-29" STARTDATE="2025-09-29" ENDDATE="2079-06-06" ISACTUAL="1" ISACTIVE="1" /><APARTMENT ID="111794796" OBJECTID="174915403" OBJECTGUID="92d3f194-2e97-4b55-af1b-e34e841515ee" CHANGEID="689637392" NUMBER="49" APARTTYPE="2" OPERTYPEID="10" PREVID="0" NEXTID="0" UPDATEDATE="2025-09-29" STARTDATE="2025-09-29" ENDDATE="2079-06-06" ISACTUAL="1" ISACTIVE="1" /><APARTMENT ID="111794797" OBJECTID="174915404" OBJECTGUID="bbfeda94-f109-4960-95cf-e3e70b3675ba" CHANGEID="689637393" NUMBER="48" APARTTYPE="2" OPERTYPEID="10" PREVID="0" NEXTID="0" UPDATEDATE="2025-09-29" STARTDATE="2025-09-29" ENDDATE="2079-06-06" ISACTUAL="1" ISACTIVE="1" /><APARTMENT ID="111794798" OBJECTID="174915405" OBJECTGUID="ff28cf02-e8d4-42e5-b990-28d8423ccf78" CHANGEID="689637394" NUMBER="47" APARTTYPE="2" OPERTYPEID="10" PREVID="0" NEXTID="0" UPDATEDATE="2025-09-29" STARTDATE="2025-09-29" ENDDATE="2079-06-06" ISACTUAL="1" ISACTIVE="1" /><APARTMENT ID="111794799" OBJECTID="174915406" OBJECTGUID="35072e63-abe8-4a34-b053-e18c28015ff2" CHANGEID="689637395" NUMBER="46" APARTTYPE="2" OPERTYPEID="10" PREVID="0" NEXTID="0" UPDATEDATE="2025-09-29" STARTDATE="2025-09-29" ENDDATE="2079-06-06" ISACTUAL="1" ISACTIVE="1" /><APARTMENT ID="111794800" OBJECTID="174915407" OBJECTGUID="097cb75a-cfd0-4d92-97ed-88819ad67c91" CHANGEID="689637396" NUMBER="45" APARTTYPE="2" OPERTYPEID="10" PREVID="0" NEXTID="0" UPDATEDATE="2025-09-29" STARTDATE="2025-09-29" ENDDATE="2079-06-06" ISACTUAL="1" ISACTIVE="1" /><APARTMENT ID="111794801" OBJECTID="174915408" OBJECTGUID="feb435dd-d3ab-4adc-92e8-1ba7013b8cc9" CHANGEID="689637397" NUMBER="42" APARTTYPE="2" OPERTYPEID="10" PREVID="0" NEXTID="0" UPDATEDATE="2025-09-29" STARTDATE="2025-09-29" ENDDATE="2079-06-06" ISACTUAL="1" ISACTIVE="1" /><APARTMENT ID="111794802" OBJECTID="174915409" OBJECTGUID="a0b9ec11-dab5-4632-9562-a6f5702291cd" CHANGEID="689637398" NUMBER="41" APARTTYPE="2" OPERTYPEID="10" PREVID="0" NEXTID="0" UPDATEDATE="2025-09-29" STARTDATE="2025-09-29" ENDDATE="2079-06-06" ISACTUAL="1" ISACTIVE="1" /><APARTMENT ID="111794803" OBJECTID="174915410" OBJECTGUID="1cf03ed7-ea14-4d6f-99d1-367d84b47ff4" CHANGEID="689637399" NUMBER="40" APARTTYPE="2" OPERTYPEID="10" PREVID="0" NEXTID="0" UPDATEDATE="2025-09-29" STARTDATE="2025-09-29" ENDDATE="2079-06-06" ISACTUAL="1" ISACTIVE="1" /><APARTMENT ID="111794804" OBJECTID="174915411" OBJECTGUID="16389b6b-4234-4a79-a308-f9f6fd470ce5" CHANGEID="689637400" NUMBER="39" APARTTYPE="2" OPERTYPEID="10" PREVID="0" NEXTID="0" UPDATEDATE="2025-09-29" STARTDATE="2025-09-29" ENDDATE="2079-06-06" ISACTUAL="1" ISACTIVE="1" /><APARTMENT ID="111794805" OBJECTID="174915412" OBJECTGUID="a0703aef-14eb-4c8f-8c4a-25df5e510cc8" CHANGEID="689637401" NUMBER="38" APARTTYPE="2" OPERTYPEID="10" PREVID="0" NEXTID="0" UPDATEDATE="2025-09-29" STARTDATE="2025-09-29" ENDDATE="2079-06-06" ISACTUAL="1" ISACTIVE="1" /><APARTMENT ID="111794806" OBJECTID="174915413" OBJECTGUID="4356f5aa-6de1-47ce-8c21-5eeadb40fb2a" CHANGEID="689637402" NUMBER="37" APARTTYPE="2" OPERTYPEID="10" PREVID="0" NEXTID="0" UPDATEDATE="2025-09-29" STARTDATE="2025-09-29" ENDDATE="2079-06-06" ISACTUAL="1" ISACTIVE="1" /><APARTMENT ID="111794807" OBJECTID="174915414" OBJECTGUID="9a1a1c20-a143-467a-a53e-af101fe00d43" CHANGEID="689637403" NUMBER="36" APARTTYPE="2" OPERTYPEID="10" PREVID="0" NEXTID="0" UPDATEDATE="2025-09-29" STARTDATE="2025-09-29" ENDDATE="2079-06-06" ISACTUAL="1" ISACTIVE="1" /><APARTMENT ID="111794808" OBJECTID="174915415" OBJECTGUID="044d6eb0-46c9-4f5f-ba76-ac1c38f76d07" CHANGEID="689637404" NUMBER="35" APARTTYPE="2" OPERTYPEID="10" PREVID="0" NEXTID="0" UPDATEDATE="2025-09-29" STARTDATE="2025-09-29" ENDDATE="2079-06-06" ISACTUAL="1" ISACTIVE="1" /><APARTMENT ID="111794809" OBJECTID="174915416" OBJECTGUID="d37e2b1c-08fa-46fa-8e69-602ab9340512" CHANGEID="689637405" NUMBER="31" APARTTYPE="2" OPERTYPEID="10" PREVID="0" NEXTID="0" UPDATEDATE="2025-09-29" STARTDATE="2025-09-29" ENDDATE="2079-06-06" ISACTUAL="1" ISACTIVE="1" /><APARTMENT ID="111794810" OBJECTID="174915417" OBJECTGUID="b7303c89-4e01-46bf-9c3e-5ecd4247f2b6" CHANGEID="689637406" NUMBER="30" APARTTYPE="2" OPERTYPEID="10" PREVID="0" NEXTID="0" UPDATEDATE="2025-09-29" STARTDATE="2025-09-29" ENDDATE="2079-06-06" ISACTUAL="1" ISACTIVE="1" /><APARTMENT ID="111794811" OBJECTID="174915418" OBJECTGUID="ba984edc-ae59-4380-b5d6-a7c1ce1937b6" CHANGEID="689637407" NUMBER="29" APARTTYPE="2" OPERTYPEID="10" PREVID="0" NEXTID="0" UPDATEDATE="2025-09-29" STARTDATE="2025-09-29" ENDDATE="2079-06-06" ISACTUAL="1" ISACTIVE="1" /><APARTMENT ID="111794812" OBJECTID="174915419" OBJECTGUID="a50c81e8-107b-41fa-bfdb-264e8911916d" CHANGEID="689637408" NUMBER="28" APARTTYPE="2" OPERTYPEID="10" PREVID="0" NEXTID="0" UPDATEDATE="2025-09-29" STARTDATE="2025-09-29" ENDDATE="2079-06-06" ISACTUAL="1" ISACTIVE="1" /><APARTMENT ID="111794813" OBJECTID="174915420" OBJECTGUID="a4e21f68-34ac-4f8b-a0aa-cd793694385b" CHANGEID="689637409" NUMBER="27" APARTTYPE="2" OPERTYPEID="10" PREVID="0" NEXTID="0" UPDATEDATE="2025-09-29" STARTDATE="2025-09-29" ENDDATE="2079-06-06" ISACTUAL="1" ISACTIVE="1" /><APARTMENT ID="111794814" OBJECTID="174915421" OBJECTGUID="15c1e491-e88b-4964-a017-a9eafc22bb96" CHANGEID="689637410" NUMBER="26" APARTTYPE="2" OPERTYPEID="10" PREVID="0" NEXTID="0" UPDATEDATE="2025-09-29" STARTDATE="2025-09-29" ENDDATE="2079-06-06" ISACTUAL="1" ISACTIVE="1" /><APARTMENT ID="111794815" OBJECTID="174915422" OBJECTGUID="707eedcb-ae65-4082-b344-7e9845ff4d70" CHANGEID="689637411" NUMBER="25" APARTTYPE="2" OPERTYPEID="10" PREVID="0" NEXTID="0" UPDATEDATE="2025-09-29" STARTDATE="2025-09-29" ENDDATE="2079-06-06" ISACTUAL="1" ISACTIVE="1" /><APARTMENT ID="111794816" OBJECTID="174915423" OBJECTGUID="de0c4b58-0cbc-49f4-9867-ff79f4a3101c" CHANGEID="689637412" NUMBER="24" APARTTYPE="2" OPERTYPEID="10" PREVID="0" NEXTID="0" UPDATEDATE="2025-09-29" STARTDATE="2025-09-29" ENDDATE="2079-06-06" ISACTUAL="1" ISACTIVE="1" /><APARTMENT ID="111794817" OBJECTID="174915424" OBJECTGUID="db2664c2-23e1-45c0-8f2d-0289d3eed164" CHANGEID="689637413" NUMBER="23" APARTTYPE="2" OPERTYPEID="10" PREVID="0" NEXTID="0" UPDATEDATE="2025-09-29" STARTDATE="2025-09-29" ENDDATE="2079-06-06" ISACTUAL="1" ISACTIVE="1" /><APARTMENT ID="111794818" OBJECTID="174915425" OBJECTGUID="ace6f698-cade-4e8e-8caa-646ed74911f3" CHANGEID="689637414" NUMBER="22" APARTTYPE="2" OPERTYPEID="10" PREVID="0" NEXTID="0" UPDATEDATE="2025-09-29" STARTDATE="2025-09-29" ENDDATE="2079-06-06" ISACTUAL="1" ISACTIVE="1" /><APARTMENT ID="111794819" OBJECTID="174915426" OBJECTGUID="105df2c6-a1b4-484f-ad12-5376f79a7fd4" CHANGEID="689637415" NUMBER="21" APARTTYPE="2" OPERTYPEID="10" PREVID="0" NEXTID="0" UPDATEDATE="2025-09-29" STARTDATE="2025-09-29" ENDDATE="2079-06-06" ISACTUAL="1" ISACTIVE="1" /><APARTMENT ID="111794820" OBJECTID="174915427" OBJECTGUID="837340ef-dbbc-4402-aaf8-f42011470268" CHANGEID="689637416" NUMBER="20" APARTTYPE="2" OPERTYPEID="10" PREVID="0" NEXTID="0" UPDATEDATE="2025-09-29" STARTDATE="2025-09-29" ENDDATE="2079-06-06" ISACTUAL="1" ISACTIVE="1" /><APARTMENT ID="111794821" OBJECTID="174915428" OBJECTGUID="3bd3f296-28fb-4b05-b077-924f3379a47d" CHANGEID="689637417" NUMBER="19" APARTTYPE="2" OPERTYPEID="10" PREVID="0" NEXTID="0" UPDATEDATE="2025-09-29" STARTDATE="2025-09-29" ENDDATE="2079-06-06" ISACTUAL="1" ISACTIVE="1" /><APARTMENT ID="111794822" OBJECTID="174915429" OBJECTGUID="dc3422b3-9a7b-4fb0-af40-8d4e4081a11b" CHANGEID="689637418" NUMBER="18" APARTTYPE="2" OPERTYPEID="10" PREVID="0" NEXTID="0" UPDATEDATE="2025-09-29" STARTDATE="2025-09-29" ENDDATE="2079-06-06" ISACTUAL="1" ISACTIVE="1" /><APARTMENT ID="111794823" OBJECTID="174915430" OBJECTGUID="da76dece-e5cd-4038-b022-148735daedd6" CHANGEID="689637419" NUMBER="17" APARTTYPE="2" OPERTYPEID="10" PREVID="0" NEXTID="0" UPDATEDATE="2025-09-29" STARTDATE="2025-09-29" ENDDATE="2079-06-06" ISACTUAL="1" ISACTIVE="1" /><APARTMENT ID="111794824" OBJECTID="174915431" OBJECTGUID="be074e1b-c165-45e1-bc5e-00b803eaf692" CHANGEID="689637420" NUMBER="16" APARTTYPE="2" OPERTYPEID="10" PREVID="0" NEXTID="0" UPDATEDATE="2025-09-29" STARTDATE="2025-09-29" ENDDATE="2079-06-06" ISACTUAL="1" ISACTIVE="1" /><APARTMENT ID="111794825" OBJECTID="174915432" OBJECTGUID="87ffdbc0-38b2-410b-aa3c-fc436610d9fd" CHANGEID="689637421" NUMBER="15" APARTTYPE="2" OPERTYPEID="10" PREVID="0" NEXTID="0" UPDATEDATE="2025-09-29" STARTDATE="2025-09-29" ENDDATE="2079-06-06" ISACTUAL="1" ISACTIVE="1" /><APARTMENT ID="111794826" OBJECTID="174915433" OBJECTGUID="47abe3d1-9d3d-412f-844e-6212a35ff344" CHANGEID="689637422" NUMBER="14" APARTTYPE="2" OPERTYPEID="10" PREVID="0" NEXTID="0" UPDATEDATE="2025-09-29" STARTDATE="2025-09-29" ENDDATE="2079-06-06" ISACTUAL="1" ISACTIVE="1" /><APARTMENT ID="111794827" OBJECTID="174915434" OBJECTGUID="44e24ea6-855f-4ee0-ac9b-9b15c07b3d4b" CHANGEID="689637423" NUMBER="13" APARTTYPE="2" OPERTYPEID="10" PREVID="0" NEXTID="0" UPDATEDATE="2025-09-29" STARTDATE="2025-09-29" ENDDATE="2079-06-06" ISACTUAL="1" ISACTIVE="1" /><APARTMENT ID="111794828" OBJECTID="174915435" OBJECTGUID="5b1f7f0f-09b9-447e-b4c1-630460bfbce6" CHANGEID="689637424" NUMBER="12" APARTTYPE="2" OPERTYPEID="10" PREVID="0" NEXTID="0" UPDATEDATE="2025-09-29" STARTDATE="2025-09-29" ENDDATE="2079-06-06" ISACTUAL="1" ISACTIVE="1" /><APARTMENT ID="111794829" OBJECTID="174915436" OBJECTGUID="3dbc68ed-9e6d-469f-bd44-9330c3caaf13" CHANGEID="689637425" NUMBER="11" APARTTYPE="2" OPERTYPEID="10" PREVID="0" NEXTID="0" UPDATEDATE="2025-09-29" STARTDATE="2025-09-29" ENDDATE="2079-06-06" ISACTUAL="1" ISACTIVE="1" /><APARTMENT ID="111794830" OBJECTID="174915437" OBJECTGUID="0f104e02-5b7a-4de9-a534-f7f0e3764163" CHANGEID="689637426" NUMBER="10" APARTTYPE="2" OPERTYPEID="10" PREVID="0" NEXTID="0" UPDATEDATE="2025-09-29" STARTDATE="2025-09-29" ENDDATE="2079-06-06" ISACTUAL="1" ISACTIVE="1" /><APARTMENT ID="111794831" OBJECTID="174915438" OBJECTGUID="a4bd8544-6187-4bb8-ae5b-87d16de2a7cb" CHANGEID="689637427" NUMBER="9" APARTTYPE="2" OPERTYPEID="10" PREVID="0" NEXTID="0" UPDATEDATE="2025-09-29" STARTDATE="2025-09-29" ENDDATE="2079-06-06" ISACTUAL="1" ISACTIVE="1" /><APARTMENT ID="111794832" OBJECTID="174915439" OBJECTGUID="cc2063f5-e29f-4d3f-89c9-8ebe38b324c9" CHANGEID="689637428" NUMBER="44" APARTTYPE="2" OPERTYPEID="10" PREVID="0" NEXTID="0" UPDATEDATE="2025-09-29" STARTDATE="2025-09-29" ENDDATE="2079-06-06" ISACTUAL="1" ISACTIVE="1" /><APARTMENT ID="111794833" OBJECTID="174915440" OBJECTGUID="3389b659-b55b-47ab-b49d-dc6dd438ba82" CHANGEID="689637429" NUMBER="43" APARTTYPE="2" OPERTYPEID="10" PREVID="0" NEXTID="0" UPDATEDATE="2025-09-29" STARTDATE="2025-09-29" ENDDATE="2079-06-06" ISACTUAL="1" ISACTIVE="1" /><APARTMENT ID="111794834" OBJECTID="174915441" OBJECTGUID="e2e363d9-1492-430c-83fe-e8294366c9fb" CHANGEID="689637430" NUMBER="34" APARTTYPE="2" OPERTYPEID="10" PREVID="0" NEXTID="0" UPDATEDATE="2025-09-29" STARTDATE="2025-09-29" ENDDATE="2079-06-06" ISACTUAL="1" ISACTIVE="1" /><APARTMENT ID="111794835" OBJECTID="174915442" OBJECTGUID="378f7eed-43a6-431a-9f04-d704ed7537da" CHANGEID="689637431" NUMBER="33" APARTTYPE="2" OPERTYPEID="10" PREVID="0" NEXTID="0" UPDATEDATE="2025-09-29" STARTDATE="2025-09-29" ENDDATE="2079-06-06" ISACTUAL="1" ISACTIVE="1" /><APARTMENT ID="111794836" OBJECTID="174915443" OBJECTGUID="a19885fd-9009-4b94-97c2-48185f8ab9c6" CHANGEID="689637432" NUMBER="32" APARTTYPE="2" OPERTYPEID="10" PREVID="0" NEXTID="0" UPDATEDATE="2025-09-29" STARTDATE="2025-09-29" ENDDATE="2079-06-06" ISACTUAL="1" ISACTIVE="1" /><APARTMENT ID="111794837" OBJECTID="174915444" OBJECTGUID="68ddc231-7214-4400-b128-d9cb7e63b639" CHANGEID="689637433" NUMBER="8" APARTTYPE="2" OPERTYPEID="10" PREVID="0" NEXTID="0" UPDATEDATE="2025-09-29" STARTDATE="2025-09-29" ENDDATE="2079-06-06" ISACTUAL="1" ISACTIVE="1" /><APARTMENT ID="111794838" OBJECTID="174915445" OBJECTGUID="762c1bd3-db2d-4b3d-8000-1221b154a34c" CHANGEID="689637434" NUMBER="7" APARTTYPE="2" OPERTYPEID="10" PREVID="0" NEXTID="0" UPDATEDATE="2025-09-29" STARTDATE="2025-09-29" ENDDATE="2079-06-06" ISACTUAL="1" ISACTIVE="1" /><APARTMENT ID="111794839" OBJECTID="174915446" OBJECTGUID="c61ecb72-65d3-4efa-9eae-15d06f6e01c4" CHANGEID="689637435" NUMBER="6" APARTTYPE="2" OPERTYPEID="10" PREVID="0" NEXTID="0" UPDATEDATE="2025-09-29" STARTDATE="2025-09-29" ENDDATE="2079-06-06" ISACTUAL="1" ISACTIVE="1" /><APARTMENT ID="111794840" OBJECTID="174915447" OBJECTGUID="68821995-6db7-4ef1-843b-955fbc706d32" CHANGEID="689637436" NUMBER="5" APARTTYPE="2" OPERTYPEID="10" PREVID="0" NEXTID="0" UPDATEDATE="2025-09-29" STARTDATE="2025-09-29" ENDDATE="2079-06-06" ISACTUAL="1" ISACTIVE="1" /><APARTMENT ID="111794841" OBJECTID="174915448" OBJECTGUID="7bb902d3-c088-4cdb-94f3-607ddb02d48d" CHANGEID="689637437" NUMBER="4" APARTTYPE="2" OPERTYPEID="10" PREVID="0" NEXTID="0" UPDATEDATE="2025-09-29" STARTDATE="2025-09-29" ENDDATE="2079-06-06" ISACTUAL="1" ISACTIVE="1" /><APARTMENT ID="111794842" OBJECTID="174915449" OBJECTGUID="20583b42-1309-4e8a-a902-f4d96c755834" CHANGEID="689637438" NUMBER="3" APARTTYPE="2" OPERTYPEID="10" PREVID="0" NEXTID="0" UPDATEDATE="2025-09-29" STARTDATE="2025-09-29" ENDDATE="2079-06-06" ISACTUAL="1" ISACTIVE="1" /><APARTMENT ID="111794843" OBJECTID="174915450" OBJECTGUID="01ba12e6-b388-4b13-90d7-c0c98790511a" CHANGEID="689637439" NUMBER="2" APARTTYPE="2" OPERTYPEID="10" PREVID="0" NEXTID="0" UPDATEDATE="2025-09-29" STARTDATE="2025-09-29" ENDDATE="2079-06-06" ISACTUAL="1" ISACTIVE="1" /><APARTMENT ID="111794844" OBJECTID="174915451" OBJECTGUID="d4c9c3f8-b814-49cb-aced-f9e1892df6eb" CHANGEID="689637440" NUMBER="1" APARTTYPE="2" OPERTYPEID="10" PREVID="0" NEXTID="0" UPDATEDATE="2025-09-29" STARTDATE="2025-09-29" ENDDATE="2079-06-06" ISACTUAL="1" ISACTIVE="1" /><APARTMENT ID="111797023" OBJECTID="174922044" OBJECTGUID="d739ecbd-300e-4c72-a679-d67cf90d87eb" CHANGEID="689649460" NUMBER="8" APARTTYPE="2" OPERTYPEID="10" PREVID="0" NEXTID="0" UPDATEDATE="2025-09-29" STARTDATE="2025-09-29" ENDDATE="2079-06-06" ISACTUAL="1" ISACTIVE="1" /><APARTMENT ID="111797810" OBJECTID="5698673" OBJECTGUID="9ebe50d8-9d46-45eb-89ba-57ea8900c285" CHANGEID="689652941" NUMBER="1" APARTTYPE="2" OPERTYPEID="55" PREVID="2597383" NEXTID="129168861" UPDATEDATE="2025-09-29" STARTDATE="2025-09-29" ENDDATE="2079-06-06" ISACTUAL="1" ISACTIVE="0" /><APARTMENT ID="2597383" OBJECTID="5698673" OBJECTGUID="9ebe50d8-9d46-45eb-89ba-57ea8900c285" CHANGEID="10228120" NUMBER="1" APARTTYPE="2" OPERTYPEID="10" PREVID="0" NEXTID="111797810" UPDATEDATE="2025-09-29" STARTDATE="2018-12-12" ENDDATE="2025-09-29" ISACTUAL="0" ISACTIVE="0" /><APARTMENT ID="111797862" OBJECTID="15930426" OBJECTGUID="581d8e60-1e39-4bc5-bc32-75e3315593c0" CHANGEID="689653027" NUMBER="1" APARTTYPE="2" OPERTYPEID="55" PREVID="8744321" NEXTID="129168874" UPDATEDATE="2025-09-29" STARTDATE="2025-09-29" ENDDATE="2079-06-06" ISACTUAL="1" ISACTIVE="0" /><APARTMENT ID="111800836" OBJECTID="82113510" OBJECTGUID="661a9420-db58-43eb-9569-9a68f5812c13" CHANGEID="689671558" NUMBER="1" APARTTYPE="2" OPERTYPEID="55" PREVID="49115813" NEXTID="129171022" UPDATEDATE="2025-09-29" STARTDATE="2025-09-29" ENDDATE="2079-06-06" ISACTUAL="1" ISACTIVE="0" /><APARTMENT ID="111803801" OBJECTID="7102172" OBJECTGUID="0e85954f-860c-4327-bbf6-e608fd9f18f4" CHANGEID="689688858" NUMBER="1" APARTTYPE="2" OPERTYPEID="30" PREVID="3455513" NEXTID="0" UPDATEDATE="2025-09-29" STARTDATE="2025-09-29" ENDDATE="2079-06-06" ISACTUAL="1" ISACTIVE="0" /><APARTMENT ID="111803802" OBJECTID="159132119" OBJECTGUID="f2456dd0-3425-4be7-9bc4-56eb450f7f7d" CHANGEID="689688859" NUMBER="2" APARTTYPE="2" OPERTYPEID="30" PREVID="105416628" NEXTID="0" UPDATEDATE="2025-09-29" STARTDATE="2025-09-29" ENDDATE="2079-06-06" ISACTUAL="1" ISACTIVE="0" /><APARTMENT ID="105416628" OBJECTID="159132119" OBJECTGUID="f2456dd0-3425-4be7-9bc4-56eb450f7f7d" CHANGEID="506183618" NUMBER="2" APARTTYPE="2" OPERTYPEID="10" PREVID="0" NEXTID="111803802" UPDATEDATE="2025-09-29" STARTDATE="2023-06-14" ENDDATE="2025-09-29" ISACTUAL="0" ISACTIVE="0" /><APARTMENT ID="111803817" OBJECTID="14442961" OBJECTGUID="1400cff5-61e1-482d-b065-115ea2e69e8e" CHANGEID="689689626" NUMBER="2" APARTTYPE="2" OPERTYPEID="30" PREVID="7876117" NEXTID="0" UPDATEDATE="2025-09-29" STARTDATE="2025-09-29" ENDDATE="2079-06-06" ISACTUAL="1" ISACTIVE="0" /><APARTMENT ID="7876117" OBJECTID="14442961" OBJECTGUID="1400cff5-61e1-482d-b065-115ea2e69e8e" CHANGEID="23090935" NUMBER="2" APARTTYPE="2" OPERTYPEID="10" PREVID="0" NEXTID="111803817" UPDATEDATE="2025-09-29" STARTDATE="2019-03-01" ENDDATE="2025-09-29" ISACTUAL="0" ISACTIVE="0" /><APARTMENT ID="111804022" OBJECTID="102979528" OBJECTGUID="9a13cd6e-6aec-4637-ba8a-de5fdb7475e1" CHANGEID="689692441" NUMBER="1" APARTTYPE="2" OPERTYPEID="55" PREVID="53305814" NEXTID="129174117" UPDATEDATE="2025-09-29" STARTDATE="2025-09-29" ENDDATE="2079-06-06" ISACTUAL="1" ISACTIVE="0" /><APARTMENT ID="53305814" OBJECTID="102979528" OBJECTGUID="9a13cd6e-6aec-4637-ba8a-de5fdb7475e1" CHANGEID="228400755" NUMBER="1" APARTTYPE="2" OPERTYPEID="10" PREVID="0" NEXTID="111804022" UPDATEDATE="2025-09-29" STARTDATE="2021-11-22" ENDDATE="2025-09-29" ISACTUAL="0" ISACTIVE="0" /><APARTMENT ID="111804023" OBJECTID="174602557" OBJECTGUID="4618eb1d-aef5-4c3b-82ba-e3ad642f616b" CHANGEID="689692443" NUMBER="2" APARTTYPE="2" OPERTYPEID="55" PREVID="111679721" NEXTID="129174118" UPDATEDATE="2025-09-29" STARTDATE="2025-09-29" ENDDATE="2079-06-06" ISACTUAL="1" ISACTIVE="0" /><APARTMENT ID="111679721" OBJECTID="174602557" OBJECTGUID="4618eb1d-aef5-4c3b-82ba-e3ad642f616b" CHANGEID="688949614" NUMBER="2" APARTTYPE="2" OPERTYPEID="10" PREVID="0" NEXTID="111804023" UPDATEDATE="2025-09-29" STARTDATE="2025-09-12" ENDDATE="2025-09-29" ISACTUAL="0" ISACTIVE="0" /><APARTMENT ID="111805324" OBJECTID="174945007" OBJECTGUID="aa3a9824-ff48-445e-a7c0-b1c41311817d" CHANGEID="689700843" NUMBER="10" APARTTYPE="2" OPERTYPEID="10" PREVID="0" NEXTID="0" UPDATEDATE="2025-09-29" STARTDATE="2025-09-29" ENDDATE="2079-06-06" ISACTUAL="1" ISACTIVE="1" /><APARTMENT ID="111807067" OBJECTID="14854287" OBJECTGUID="b4d32768-e1a7-40e8-9c2c-6edf866382a6" CHANGEID="689718391" NUMBER="П16" APARTTYPE="1" OPERTYPEID="20" PREVID="8116181" UPDATEDATE="2025-09-30" STARTDATE="2025-09-30" ENDDATE="2079-06-06" ISACTUAL="1" ISACTIVE="1" /><APARTMENT ID="111808687" OBJECTID="174958853" OBJECTGUID="7c1e135f-56d4-4fe3-9384-573efa14a495" CHANGEID="689732851" NUMBER="1" APARTTYPE="2" OPERTYPEID="10" PREVID="0" NEXTID="0" UPDATEDATE="2025-09-30" STARTDATE="2025-09-30" ENDDATE="2079-06-06" ISACTUAL="1" ISACTIVE="1" /><APARTMENT ID="111808748" OBJECTID="174959317" OBJECTGUID="d530bdb3-b517-4213-8eb5-3f606352be2f" CHANGEID="689733877" NUMBER="П4" APARTTYPE="1" OPERTYPEID="10" PREVID="0" NEXTID="0" UPDATEDATE="2025-09-30" STARTDATE="2025-09-30" ENDDATE="2079-06-06" ISACTUAL="1" ISACTIVE="1" /><APARTMENT ID="111809069" OBJECTID="174960279" OBJECTGUID="ee0f26b7-3dd7-4319-94a5-6ff4a1c6973e" CHANGEID="689735461" NUMBER="2" APARTTYPE="1" OPERTYPEID="10" PREVID="0" NEXTID="0" UPDATEDATE="2025-09-30" STARTDATE="2025-09-30" ENDDATE="2079-06-06" ISACTUAL="1" ISACTIVE="1" /><APARTMENT ID="111809070" OBJECTID="174960280" OBJECTGUID="6e1f12e3-0939-426b-9414-ac881ca512d6" CHANGEID="689735462" NUMBER="1" APARTTYPE="1" OPERTYPEID="10" PREVID="0" NEXTID="0" UPDATEDATE="2025-09-30" STARTDATE="2025-09-30" ENDDATE="2079-06-06" ISACTUAL="1" ISACTIVE="1" /><APARTMENT ID="111810900" OBJECTID="174968914" OBJECTGUID="51980a3a-5d27-4100-88f6-13eea2ddde49" CHANGEID="689755449" NUMBER="1" APARTTYPE="1" OPERTYPEID="10" PREVID="0" NEXTID="0" UPDATEDATE="2025-09-30" STARTDATE="2025-09-30" ENDDATE="2079-06-06" ISACTUAL="1" ISACTIVE="1" /><APARTMENT ID="111810905" OBJECTID="174968937" OBJECTGUID="0b1b03e7-6250-4fe8-bc32-071ea0ea052e" CHANGEID="689755489" NUMBER="2" APARTTYPE="1" OPERTYPEID="10" PREVID="0" NEXTID="0" UPDATEDATE="2025-09-30" STARTDATE="2025-09-30" ENDDATE="2079-06-06" ISACTUAL="1" ISACTIVE="1" /><APARTMENT ID="111810908" OBJECTID="174968946" OBJECTGUID="2ab6ce8c-f358-493a-ba80-e39207a3a547" CHANGEID="689755512" NUMBER="3" APARTTYPE="1" OPERTYPEID="10" PREVID="0" NEXTID="0" UPDATEDATE="2025-09-30" STARTDATE="2025-09-30" ENDDATE="2079-06-06" ISACTUAL="1" ISACTIVE="1" /><APARTMENT ID="111814725" OBJECTID="70288700" OBJECTGUID="637f201d-47b4-492e-935f-d464377382e5" CHANGEID="689799099" NUMBER="1" APARTTYPE="2" OPERTYPEID="55" PREVID="41933795" NEXTID="129187244" UPDATEDATE="2025-10-01" STARTDATE="2025-10-01" ENDDATE="2079-06-06" ISACTUAL="1" ISACTIVE="0" /><APARTMENT ID="111814726" OBJECTID="70289344" OBJECTGUID="8dbaf34b-f6f2-4040-a3cf-088bf5666ff8" CHANGEID="689799101" NUMBER="2" APARTTYPE="2" OPERTYPEID="55" PREVID="41934233" NEXTID="129187245" UPDATEDATE="2025-10-01" STARTDATE="2025-10-01" ENDDATE="2079-06-06" ISACTUAL="1" ISACTIVE="0" /><APARTMENT ID="111814730" OBJECTID="70286631" OBJECTGUID="a8955328-5de8-4c53-9041-fc41ccf54a3d" CHANGEID="689799125" NUMBER="2" APARTTYPE="2" OPERTYPEID="55" PREVID="41932618" NEXTID="129187251" UPDATEDATE="2025-10-01" STARTDATE="2025-10-01" ENDDATE="2079-06-06" ISACTUAL="1" ISACTIVE="0" /><APARTMENT ID="41932618" OBJECTID="70286631" OBJECTGUID="a8955328-5de8-4c53-9041-fc41ccf54a3d" CHANGEID="104729987" NUMBER="2" APARTTYPE="2" OPERTYPEID="10" PREVID="0" NEXTID="111814730" UPDATEDATE="2025-10-01" STARTDATE="2017-06-06" ENDDATE="2025-10-01" ISACTUAL="0" ISACTIVE="0" /><APARTMENT ID="111814731" OBJECTID="70287150" OBJECTGUID="ffebed18-c1e6-493f-846f-3c0befe50c2b" CHANGEID="689799127" NUMBER="1" APARTTYPE="2" OPERTYPEID="55" PREVID="41932920" NEXTID="129187252" UPDATEDATE="2025-10-01" STARTDATE="2025-10-01" ENDDATE="2079-06-06" ISACTUAL="1" ISACTIVE="0" /><APARTMENT ID="41932920" OBJECTID="70287150" OBJECTGUID="ffebed18-c1e6-493f-846f-3c0befe50c2b" CHANGEID="104730669" NUMBER="1" APARTTYPE="2" OPERTYPEID="10" PREVID="0" NEXTID="111814731" UPDATEDATE="2025-10-01" STARTDATE="2017-06-06" ENDDATE="2025-10-01" ISACTUAL="0" ISACTIVE="0" /><APARTMENT ID="111816411" OBJECTID="174985960" OBJECTGUID="8239bcec-a482-4bdd-8371-7419aac4627a" CHANGEID="689809458" NUMBER="4б" APARTTYPE="4" OPERTYPEID="10" PREVID="0" NEXTID="0" UPDATEDATE="2025-10-01" STARTDATE="2025-10-01" ENDDATE="2079-06-06" ISACTUAL="1" ISACTIVE="1" /><APARTMENT ID="111818055" OBJECTID="174989842" OBJECTGUID="1034f938-ee19-4779-8de7-67b51b0f86e7" CHANGEID="689816108" NUMBER="27" APARTTYPE="2" OPERTYPEID="10" PREVID="0" NEXTID="0" UPDATEDATE="2025-10-01" STARTDATE="2025-10-01" ENDDATE="2079-06-06" ISACTUAL="1" ISACTIVE="1" /><APARTMENT ID="111818056" OBJECTID="174989843" OBJECTGUID="6b4f24f9-b6e3-4967-bdcc-90f3826ed67d" CHANGEID="689816109" NUMBER="26" APARTTYPE="2" OPERTYPEID="10" PREVID="0" NEXTID="0" UPDATEDATE="2025-10-01" STARTDATE="2025-10-01" ENDDATE="2079-06-06" ISACTUAL="1" ISACTIVE="1" /><APARTMENT ID="111818057" OBJECTID="174989844" OBJECTGUID="627878ed-0b5d-414e-9815-71311c3fdfc8" CHANGEID="689816110" NUMBER="25" APARTTYPE="2" OPERTYPEID="10" PREVID="0" NEXTID="0" UPDATEDATE="2025-10-01" STARTDATE="2025-10-01" ENDDATE="2079-06-06" ISACTUAL="1" ISACTIVE="1" /><APARTMENT ID="111818058" OBJECTID="174989845" OBJECTGUID="28584f8c-a4b7-44af-a5fe-e06a9ac6cbf2" CHANGEID="689816111" NUMBER="24" APARTTYPE="2" OPERTYPEID="10" PREVID="0" NEXTID="0" UPDATEDATE="2025-10-01" STARTDATE="2025-10-01" ENDDATE="2079-06-06" ISACTUAL="1" ISACTIVE="1" /><APARTMENT ID="111818059" OBJECTID="174989846" OBJECTGUID="83e04121-7147-4341-998e-bd5dac8a44d6" CHANGEID="689816112" NUMBER="23" APARTTYPE="2" OPERTYPEID="10" PREVID="0" NEXTID="0" UPDATEDATE="2025-10-01" STARTDATE="2025-10-01" ENDDATE="2079-06-06" ISACTUAL="1" ISACTIVE="1" /><APARTMENT ID="111818060" OBJECTID="174989847" OBJECTGUID="c9047266-029b-4e0a-897d-5f5dd6b5698e" CHANGEID="689816113" NUMBER="22" APARTTYPE="2" OPERTYPEID="10" PREVID="0" NEXTID="0" UPDATEDATE="2025-10-01" STARTDATE="2025-10-01" ENDDATE="2079-06-06" ISACTUAL="1" ISACTIVE="1" /><APARTMENT ID="111818061" OBJECTID="174989848" OBJECTGUID="69c10c61-3910-41e0-9b26-14a65b9ab0fd" CHANGEID="689816114" NUMBER="21" APARTTYPE="2" OPERTYPEID="10" PREVID="0" NEXTID="0" UPDATEDATE="2025-10-01" STARTDATE="2025-10-01" ENDDATE="2079-06-06" ISACTUAL="1" ISACTIVE="1" /><APARTMENT ID="111818062" OBJECTID="174989849" OBJECTGUID="c52bcceb-6cbd-4b09-af9e-e1fa12d0d45e" CHANGEID="689816115" NUMBER="20" APARTTYPE="2" OPERTYPEID="10" PREVID="0" NEXTID="0" UPDATEDATE="2025-10-01" STARTDATE="2025-10-01" ENDDATE="2079-06-06" ISACTUAL="1" ISACTIVE="1" /><APARTMENT ID="111818063" OBJECTID="174989850" OBJECTGUID="da9c45d9-734b-4a0c-a111-ba6484f5bf21" CHANGEID="689816116" NUMBER="19" APARTTYPE="2" OPERTYPEID="10" PREVID="0" NEXTID="0" UPDATEDATE="2025-10-01" STARTDATE="2025-10-01" ENDDATE="2079-06-06" ISACTUAL="1" ISACTIVE="1" /><APARTMENT ID="111818064" OBJECTID="174989851" OBJECTGUID="d1498a37-ce7c-4b22-9887-d9ff35286a52" CHANGEID="689816117" NUMBER="18" APARTTYPE="2" OPERTYPEID="10" PREVID="0" NEXTID="0" UPDATEDATE="2025-10-01" STARTDATE="2025-10-01" ENDDATE="2079-06-06" ISACTUAL="1" ISACTIVE="1" /><APARTMENT ID="111818065" OBJECTID="174989852" OBJECTGUID="4e218448-98a0-483b-9c60-b596df274b82" CHANGEID="689816118" NUMBER="17" APARTTYPE="2" OPERTYPEID="10" PREVID="0" NEXTID="0" UPDATEDATE="2025-10-01" STARTDATE="2025-10-01" ENDDATE="2079-06-06" ISACTUAL="1" ISACTIVE="1" /><APARTMENT ID="111818066" OBJECTID="174989853" OBJECTGUID="65fb3f73-d397-49e4-9793-946e5db8167c" CHANGEID="689816119" NUMBER="16" APARTTYPE="2" OPERTYPEID="10" PREVID="0" NEXTID="0" UPDATEDATE="2025-10-01" STARTDATE="2025-10-01" ENDDATE="2079-06-06" ISACTUAL="1" ISACTIVE="1" /><APARTMENT ID="111818067" OBJECTID="174989854" OBJECTGUID="6e95f6aa-d1fc-40e9-b759-da078efd01d2" CHANGEID="689816120" NUMBER="15" APARTTYPE="2" OPERTYPEID="10" PREVID="0" NEXTID="0" UPDATEDATE="2025-10-01" STARTDATE="2025-10-01" ENDDATE="2079-06-06" ISACTUAL="1" ISACTIVE="1" /><APARTMENT ID="111818068" OBJECTID="174989855" OBJECTGUID="d67590cd-c6ac-4814-b320-3769c0e53c34" CHANGEID="689816121" NUMBER="14" APARTTYPE="2" OPERTYPEID="10" PREVID="0" NEXTID="0" UPDATEDATE="2025-10-01" STARTDATE="2025-10-01" ENDDATE="2079-06-06" ISACTUAL="1" ISACTIVE="1" /><APARTMENT ID="111818069" OBJECTID="174989856" OBJECTGUID="497e7086-6a51-441f-8d98-a982328c788c" CHANGEID="689816122" NUMBER="13" APARTTYPE="2" OPERTYPEID="10" PREVID="0" NEXTID="0" UPDATEDATE="2025-10-01" STARTDATE="2025-10-01" ENDDATE="2079-06-06" ISACTUAL="1" ISACTIVE="1" /><APARTMENT ID="111818070" OBJECTID="174989857" OBJECTGUID="b6226812-1f5e-4e4b-92c2-745e5f36c471" CHANGEID="689816123" NUMBER="12" APARTTYPE="2" OPERTYPEID="10" PREVID="0" NEXTID="0" UPDATEDATE="2025-10-01" STARTDATE="2025-10-01" ENDDATE="2079-06-06" ISACTUAL="1" ISACTIVE="1" /><APARTMENT ID="111818071" OBJECTID="174989858" OBJECTGUID="52c30479-6f92-4316-be03-369449c4f2ba" CHANGEID="689816124" NUMBER="11" APARTTYPE="2" OPERTYPEID="10" PREVID="0" NEXTID="0" UPDATEDATE="2025-10-01" STARTDATE="2025-10-01" ENDDATE="2079-06-06" ISACTUAL="1" ISACTIVE="1" /><APARTMENT ID="111818072" OBJECTID="174989859" OBJECTGUID="b474c4a0-eb94-47bf-a7ad-1be6767f255e" CHANGEID="689816125" NUMBER="10" APARTTYPE="2" OPERTYPEID="10" PREVID="0" NEXTID="0" UPDATEDATE="2025-10-01" STARTDATE="2025-10-01" ENDDATE="2079-06-06" ISACTUAL="1" ISACTIVE="1" /><APARTMENT ID="111818073" OBJECTID="174989860" OBJECTGUID="d945d6be-4cac-454c-87f5-f1c5aba2e921" CHANGEID="689816126" NUMBER="9" APARTTYPE="2" OPERTYPEID="10" PREVID="0" NEXTID="0" UPDATEDATE="2025-10-01" STARTDATE="2025-10-01" ENDDATE="2079-06-06" ISACTUAL="1" ISACTIVE="1" /><APARTMENT ID="111818074" OBJECTID="174989861" OBJECTGUID="a0a7aa7a-972c-412a-a7ed-faa1b66e68a0" CHANGEID="689816127" NUMBER="8" APARTTYPE="2" OPERTYPEID="10" PREVID="0" NEXTID="0" UPDATEDATE="2025-10-01" STARTDATE="2025-10-01" ENDDATE="2079-06-06" ISACTUAL="1" ISACTIVE="1" /><APARTMENT ID="111818075" OBJECTID="174989862" OBJECTGUID="c29b7c2e-f9aa-42d9-8181-4f38412b970d" CHANGEID="689816128" NUMBER="7" APARTTYPE="2" OPERTYPEID="10" PREVID="0" NEXTID="0" UPDATEDATE="2025-10-01" STARTDATE="2025-10-01" ENDDATE="2079-06-06" ISACTUAL="1" ISACTIVE="1" /><APARTMENT ID="111818076" OBJECTID="174989863" OBJECTGUID="62829ade-8214-475f-8d90-c98a71869f82" CHANGEID="689816129" NUMBER="6" APARTTYPE="2" OPERTYPEID="10" PREVID="0" NEXTID="0" UPDATEDATE="2025-10-01" STARTDATE="2025-10-01" ENDDATE="2079-06-06" ISACTUAL="1" ISACTIVE="1" /><APARTMENT ID="111818077" OBJECTID="174989864" OBJECTGUID="c7cecfaf-2cf0-4f0a-826b-174fbfa3d953" CHANGEID="689816130" NUMBER="5" APARTTYPE="2" OPERTYPEID="10" PREVID="0" NEXTID="0" UPDATEDATE="2025-10-01" STARTDATE="2025-10-01" ENDDATE="2079-06-06" ISACTUAL="1" ISACTIVE="1" /><APARTMENT ID="111818078" OBJECTID="174989865" OBJECTGUID="55f8f4fa-3f38-4d56-bd82-002eb826cd5f" CHANGEID="689816131" NUMBER="4" APARTTYPE="2" OPERTYPEID="10" PREVID="0" NEXTID="0" UPDATEDATE="2025-10-01" STARTDATE="2025-10-01" ENDDATE="2079-06-06" ISACTUAL="1" ISACTIVE="1" /><APARTMENT ID="111818079" OBJECTID="174989866" OBJECTGUID="dc00ba24-5a8f-436e-91fe-d5579fa1d1b4" CHANGEID="689816132" NUMBER="3" APARTTYPE="2" OPERTYPEID="10" PREVID="0" NEXTID="0" UPDATEDATE="2025-10-01" STARTDATE="2025-10-01" ENDDATE="2079-06-06" ISACTUAL="1" ISACTIVE="1" /><APARTMENT ID="111818080" OBJECTID="174989867" OBJECTGUID="e855c366-b197-496a-bd68-bd5f5ae8bbd6" CHANGEID="689816133" NUMBER="2" APARTTYPE="2" OPERTYPEID="10" PREVID="0" NEXTID="0" UPDATEDATE="2025-10-01" STARTDATE="2025-10-01" ENDDATE="2079-06-06" ISACTUAL="1" ISACTIVE="1" /><APARTMENT ID="111818081" OBJECTID="174989868" OBJECTGUID="780bcaaa-2f32-4880-bfc3-1b573c2c187d" CHANGEID="689816134" NUMBER="1" APARTTYPE="2" OPERTYPEID="10" PREVID="0" NEXTID="0" UPDATEDATE="2025-10-01" STARTDATE="2025-10-01" ENDDATE="2079-06-06" ISACTUAL="1" ISACTIVE="1" /><APARTMENT ID="111818387" OBJECTID="174990632" OBJECTGUID="d258da6b-7552-4dc1-b638-de124181595d" CHANGEID="689817530" NUMBER="4" APARTTYPE="2" OPERTYPEID="10" PREVID="0" NEXTID="0" UPDATEDATE="2025-10-01" STARTDATE="2025-10-01" ENDDATE="2079-06-06" ISACTUAL="1" ISACTIVE="1" /><APARTMENT ID="111818388" OBJECTID="174990633" OBJECTGUID="b62b013d-1959-48e7-a03e-fefd84fd654f" CHANGEID="689817531" NUMBER="3" APARTTYPE="2" OPERTYPEID="10" PREVID="0" NEXTID="0" UPDATEDATE="2025-10-01" STARTDATE="2025-10-01" ENDDATE="2079-06-06" ISACTUAL="1" ISACTIVE="1" /><APARTMENT ID="111818389" OBJECTID="174990634" OBJECTGUID="f11ee176-bb2b-4a12-b376-0f3c7f9d3290" CHANGEID="689817532" NUMBER="2" APARTTYPE="2" OPERTYPEID="10" PREVID="0" NEXTID="0" UPDATEDATE="2025-10-01" STARTDATE="2025-10-01" ENDDATE="2079-06-06" ISACTUAL="1" ISACTIVE="1" /><APARTMENT ID="111818416" OBJECTID="174990734" OBJECTGUID="e3983115-058b-4fa0-8e9e-9b9b4212b00c" CHANGEID="689817701" NUMBER="2" APARTTYPE="2" OPERTYPEID="10" PREVID="0" NEXTID="0" UPDATEDATE="2025-10-01" STARTDATE="2025-10-01" ENDDATE="2079-06-06" ISACTUAL="1" ISACTIVE="1" /><APARTMENT ID="111818417" OBJECTID="174990735" OBJECTGUID="0faa9bff-a29d-4a31-a2f8-23a59a0f2db7" CHANGEID="689817702" NUMBER="1" APARTTYPE="2" OPERTYPEID="10" PREVID="0" NEXTID="0" UPDATEDATE="2025-10-01" STARTDATE="2025-10-01" ENDDATE="2079-06-06" ISACTUAL="1" ISACTIVE="1" /><APARTMENT ID="111818438" OBJECTID="174990769" OBJECTGUID="4df62ab0-3214-4472-95ef-25061927d423" CHANGEID="689817768" NUMBER="3" APARTTYPE="2" OPERTYPEID="10" PREVID="0" NEXTID="0" UPDATEDATE="2025-10-01" STARTDATE="2025-10-01" ENDDATE="2079-06-06" ISACTUAL="1" ISACTIVE="1" /><APARTMENT ID="111818439" OBJECTID="174990770" OBJECTGUID="e09b9653-c176-4d25-8e00-cb70e87383bf" CHANGEID="689817769" NUMBER="2" APARTTYPE="2" OPERTYPEID="10" PREVID="0" NEXTID="0" UPDATEDATE="2025-10-01" STARTDATE="2025-10-01" ENDDATE="2079-06-06" ISACTUAL="1" ISACTIVE="1" /><APARTMENT ID="111818447" OBJECTID="174990885" OBJECTGUID="8c5c51da-0299-483a-8c58-ad9ff031e347" CHANGEID="689817931" NUMBER="2" APARTTYPE="2" OPERTYPEID="10" PREVID="0" NEXTID="0" UPDATEDATE="2025-10-01" STARTDATE="2025-10-01" ENDDATE="2079-06-06" ISACTUAL="1" ISACTIVE="1" /><APARTMENT ID="111818451" OBJECTID="174990907" OBJECTGUID="f85ab536-9008-4af3-8cc4-0eff6a3fadca" CHANGEID="689817972" NUMBER="2" APARTTYPE="2" OPERTYPEID="10" PREVID="0" NEXTID="0" UPDATEDATE="2025-10-01" STARTDATE="2025-10-01" ENDDATE="2079-06-06" ISACTUAL="1" ISACTIVE="1" /><APARTMENT ID="111818452" OBJECTID="174990908" OBJECTGUID="5e4832a5-44e4-4693-bcdc-fc46a86c6215" CHANGEID="689817973" NUMBER="1" APARTTYPE="2" OPERTYPEID="10" PREVID="0" NEXTID="0" UPDATEDATE="2025-10-01" STARTDATE="2025-10-01" ENDDATE="2079-06-06" ISACTUAL="1" ISACTIVE="1" /><APARTMENT ID="111818456" OBJECTID="174990913" OBJECTGUID="281de2e7-79d1-470a-ad7c-a72e2a6e274e" CHANGEID="689817991" NUMBER="2" APARTTYPE="2" OPERTYPEID="10" PREVID="0" NEXTID="0" UPDATEDATE="2025-10-01" STARTDATE="2025-10-01" ENDDATE="2079-06-06" ISACTUAL="1" ISACTIVE="1" /><APARTMENT ID="111818459" OBJECTID="174990941" OBJECTGUID="30f0fade-8136-4599-afd0-ee9ee91b06fb" CHANGEID="689818034" NUMBER="2" APARTTYPE="2" OPERTYPEID="10" PREVID="0" NEXTID="0" UPDATEDATE="2025-10-01" STARTDATE="2025-10-01" ENDDATE="2079-06-06" ISACTUAL="1" ISACTIVE="1" /><APARTMENT ID="111818460" OBJECTID="174990942" OBJECTGUID="3496c1f1-2068-4ad2-8884-54dc3e1e2b53" CHANGEID="689818035" NUMBER="1" APARTTYPE="2" OPERTYPEID="10" PREVID="0" NEXTID="0" UPDATEDATE="2025-10-01" STARTDATE="2025-10-01" ENDDATE="2079-06-06" ISACTUAL="1" ISACTIVE="1" /><APARTMENT ID="111818413" OBJECTID="174990705" OBJECTGUID="91ec8839-171d-479f-9054-a20eb613eaaa" CHANGEID="689817643" NUMBER="3" APARTTYPE="2" OPERTYPEID="10" PREVID="0" NEXTID="0" UPDATEDATE="2025-10-01" STARTDATE="2025-10-01" ENDDATE="2079-06-06" ISACTUAL="1" ISACTIVE="1" /><APARTMENT ID="111818414" OBJECTID="174990706" OBJECTGUID="1e85bae7-0455-4cfe-ba14-f21c426478b6" CHANGEID="689817644" NUMBER="2" APARTTYPE="2" OPERTYPEID="10" PREVID="0" NEXTID="0" UPDATEDATE="2025-10-01" STARTDATE="2025-10-01" ENDDATE="2079-06-06" ISACTUAL="1" ISACTIVE="1" /><APARTMENT ID="111818442" OBJECTID="174990805" OBJECTGUID="583f35dd-46f0-49c1-86ae-2f312c1a8369" CHANGEID="689817824" NUMBER="2" APARTTYPE="2" OPERTYPEID="10" PREVID="0" NEXTID="0" UPDATEDATE="2025-10-01" STARTDATE="2025-10-01" ENDDATE="2079-06-06" ISACTUAL="1" ISACTIVE="1" /><APARTMENT ID="111818443" OBJECTID="174990806" OBJECTGUID="b2b78de6-2c5f-4175-8ecd-919898116501" CHANGEID="689817825" NUMBER="1" APARTTYPE="2" OPERTYPEID="10" PREVID="0" NEXTID="0" UPDATEDATE="2025-10-01" STARTDATE="2025-10-01" ENDDATE="2079-06-06" ISACTUAL="1" ISACTIVE="1" /><APARTMENT ID="111818445" OBJECTID="174990824" OBJECTGUID="5f34f272-cf91-454b-8220-334bf2683ca8" CHANGEID="689817851" NUMBER="1" APARTTYPE="2" OPERTYPEID="10" PREVID="0" NEXTID="0" UPDATEDATE="2025-10-01" STARTDATE="2025-10-01" ENDDATE="2079-06-06" ISACTUAL="1" ISACTIVE="1" /><APARTMENT ID="111818457" OBJECTID="174990917" OBJECTGUID="8d7893a9-741f-47c7-8419-0d8ebefbcfe7" CHANGEID="689817998" NUMBER="2" APARTTYPE="2" OPERTYPEID="10" PREVID="0" NEXTID="0" UPDATEDATE="2025-10-01" STARTDATE="2025-10-01" ENDDATE="2079-06-06" ISACTUAL="1" ISACTIVE="1" /><APARTMENT ID="111818530" OBJECTID="174991018" OBJECTGUID="126804fc-7e2c-492a-b3e5-02ee8c2c5ba9" CHANGEID="689818116" NUMBER="2" APARTTYPE="2" OPERTYPEID="10" PREVID="0" NEXTID="0" UPDATEDATE="2025-10-01" STARTDATE="2025-10-01" ENDDATE="2079-06-06" ISACTUAL="1" ISACTIVE="1" /><APARTMENT ID="111818533" OBJECTID="174991037" OBJECTGUID="9245889d-ab16-402b-9c29-33115801aab2" CHANGEID="689818140" NUMBER="3" APARTTYPE="2" OPERTYPEID="10" PREVID="0" NEXTID="0" UPDATEDATE="2025-10-01" STARTDATE="2025-10-01" ENDDATE="2079-06-06" ISACTUAL="1" ISACTIVE="1" /><APARTMENT ID="111818534" OBJECTID="174991038" OBJECTGUID="61a16cc8-07b3-48ca-94c5-d53d5ea7c68a" CHANGEID="689818141" NUMBER="2" APARTTYPE="2" OPERTYPEID="10" PREVID="0" NEXTID="0" UPDATEDATE="2025-10-01" STARTDATE="2025-10-01" ENDDATE="2079-06-06" ISACTUAL="1" ISACTIVE="1" /><APARTMENT ID="111818655" OBJECTID="174991578" OBJECTGUID="abc19b05-c574-441e-9852-4fc36cd9bfc5" CHANGEID="689819262" NUMBER="15" APARTTYPE="2" OPERTYPEID="10" PREVID="0" NEXTID="0" UPDATEDATE="2025-10-01" STARTDATE="2025-10-01" ENDDATE="2079-06-06" ISACTUAL="1" ISACTIVE="1" /><APARTMENT ID="111818656" OBJECTID="174991579" OBJECTGUID="852560b3-261f-4ab1-91df-c54eee9445b2" CHANGEID="689819263" NUMBER="14" APARTTYPE="2" OPERTYPEID="10" PREVID="0" NEXTID="0" UPDATEDATE="2025-10-01" STARTDATE="2025-10-01" ENDDATE="2079-06-06" ISACTUAL="1" ISACTIVE="1" /><APARTMENT ID="111818657" OBJECTID="174991580" OBJECTGUID="d2a0d4e9-5e04-40d2-a128-b2517c411628" CHANGEID="689819264" NUMBER="13" APARTTYPE="2" OPERTYPEID="10" PREVID="0" NEXTID="0" UPDATEDATE="2025-10-01" STARTDATE="2025-10-01" ENDDATE="2079-06-06" ISACTUAL="1" ISACTIVE="1" /><APARTMENT ID="111818658" OBJECTID="174991581" OBJECTGUID="a0ac93e8-f28f-4833-8466-a5eaa581bc40" CHANGEID="689819265" NUMBER="12" APARTTYPE="2" OPERTYPEID="10" PREVID="0" NEXTID="0" UPDATEDATE="2025-10-01" STARTDATE="2025-10-01" ENDDATE="2079-06-06" ISACTUAL="1" ISACTIVE="1" /><APARTMENT ID="111818659" OBJECTID="174991582" OBJECTGUID="47a68a0a-2247-4563-a5b4-1d1aee1ef85b" CHANGEID="689819266" NUMBER="11" APARTTYPE="2" OPERTYPEID="10" PREVID="0" NEXTID="0" UPDATEDATE="2025-10-01" STARTDATE="2025-10-01" ENDDATE="2079-06-06" ISACTUAL="1" ISACTIVE="1" /><APARTMENT ID="111818660" OBJECTID="174991583" OBJECTGUID="919568bf-c130-442e-838b-5f26f1826d7e" CHANGEID="689819267" NUMBER="10" APARTTYPE="2" OPERTYPEID="10" PREVID="0" NEXTID="0" UPDATEDATE="2025-10-01" STARTDATE="2025-10-01" ENDDATE="2079-06-06" ISACTUAL="1" ISACTIVE="1" /><APARTMENT ID="111818661" OBJECTID="174991584" OBJECTGUID="04c2fbf0-a491-42dc-b0da-2d96f2e0d874" CHANGEID="689819268" NUMBER="9" APARTTYPE="2" OPERTYPEID="10" PREVID="0" NEXTID="0" UPDATEDATE="2025-10-01" STARTDATE="2025-10-01" ENDDATE="2079-06-06" ISACTUAL="1" ISACTIVE="1" /><APARTMENT ID="111818662" OBJECTID="174991585" OBJECTGUID="37e9d79c-e2ed-4284-ba9d-24db41ee0445" CHANGEID="689819269" NUMBER="7" APARTTYPE="2" OPERTYPEID="10" PREVID="0" NEXTID="0" UPDATEDATE="2025-10-01" STARTDATE="2025-10-01" ENDDATE="2079-06-06" ISACTUAL="1" ISACTIVE="1" /><APARTMENT ID="111818663" OBJECTID="174991586" OBJECTGUID="c0f77256-799a-437f-97ba-b8fb1fc8ecb7" CHANGEID="689819270" NUMBER="6" APARTTYPE="2" OPERTYPEID="10" PREVID="0" NEXTID="0" UPDATEDATE="2025-10-01" STARTDATE="2025-10-01" ENDDATE="2079-06-06" ISACTUAL="1" ISACTIVE="1" /><APARTMENT ID="111818664" OBJECTID="174991587" OBJECTGUID="26acff4d-cc8d-4a43-ba94-8171831a1247" CHANGEID="689819271" NUMBER="5" APARTTYPE="2" OPERTYPEID="10" PREVID="0" NEXTID="0" UPDATEDATE="2025-10-01" STARTDATE="2025-10-01" ENDDATE="2079-06-06" ISACTUAL="1" ISACTIVE="1" /><APARTMENT ID="111818665" OBJECTID="174991588" OBJECTGUID="498ca0dc-7a1b-4494-ae3a-24adc2bc2b2a" CHANGEID="689819272" NUMBER="4" APARTTYPE="2" OPERTYPEID="10" PREVID="0" NEXTID="0" UPDATEDATE="2025-10-01" STARTDATE="2025-10-01" ENDDATE="2079-06-06" ISACTUAL="1" ISACTIVE="1" /><APARTMENT ID="111818666" OBJECTID="174991589" OBJECTGUID="53cd09fa-c720-4730-b03f-de1c369f6e2a" CHANGEID="689819273" NUMBER="3" APARTTYPE="2" OPERTYPEID="10" PREVID="0" NEXTID="0" UPDATEDATE="2025-10-01" STARTDATE="2025-10-01" ENDDATE="2079-06-06" ISACTUAL="1" ISACTIVE="1" /><APARTMENT ID="111818667" OBJECTID="174991590" OBJECTGUID="135f693f-2da5-4e3c-bf00-7e7b14c0e3d1" CHANGEID="689819274" NUMBER="2" APARTTYPE="2" OPERTYPEID="10" PREVID="0" NEXTID="0" UPDATEDATE="2025-10-01" STARTDATE="2025-10-01" ENDDATE="2079-06-06" ISACTUAL="1" ISACTIVE="1" /><APARTMENT ID="111818668" OBJECTID="174991591" OBJECTGUID="de0857c1-9028-4613-b934-daf9bd04773c" CHANGEID="689819275" NUMBER="1" APARTTYPE="2" OPERTYPEID="10" PREVID="0" NEXTID="0" UPDATEDATE="2025-10-01" STARTDATE="2025-10-01" ENDDATE="2079-06-06" ISACTUAL="1" ISACTIVE="1" /><APARTMENT ID="111818651" OBJECTID="174991560" OBJECTGUID="6672473d-dd1e-457b-8b39-3baf72e61642" CHANGEID="689819241" NUMBER="49" APARTTYPE="2" OPERTYPEID="10" PREVID="0" NEXTID="0" UPDATEDATE="2025-10-01" STARTDATE="2025-10-01" ENDDATE="2079-06-06" ISACTUAL="1" ISACTIVE="1" /><APARTMENT ID="111818776" OBJECTID="174991928" OBJECTGUID="a82cccac-f731-4ff5-b560-46d929bf6180" CHANGEID="689819903" NUMBER="34" APARTTYPE="2" OPERTYPEID="10" PREVID="0" NEXTID="0" UPDATEDATE="2025-10-01" STARTDATE="2025-10-01" ENDDATE="2079-06-06" ISACTUAL="1" ISACTIVE="1" /><APARTMENT ID="111818777" OBJECTID="174991929" OBJECTGUID="e01cbff2-aef7-4612-88c3-fca77e043c02" CHANGEID="689819904" NUMBER="33" APARTTYPE="2" OPERTYPEID="10" PREVID="0" NEXTID="0" UPDATEDATE="2025-10-01" STARTDATE="2025-10-01" ENDDATE="2079-06-06" ISACTUAL="1" ISACTIVE="1" /><APARTMENT ID="111818778" OBJECTID="174991930" OBJECTGUID="2fb48240-d015-48b1-8ac1-ce7b05e79f50" CHANGEID="689819905" NUMBER="32" APARTTYPE="2" OPERTYPEID="10" PREVID="0" NEXTID="0" UPDATEDATE="2025-10-01" STARTDATE="2025-10-01" ENDDATE="2079-06-06" ISACTUAL="1" ISACTIVE="1" /><APARTMENT ID="111818779" OBJECTID="174991931" OBJECTGUID="16fa91eb-bc05-4bc6-b0c6-bc8fe3445776" CHANGEID="689819906" NUMBER="31" APARTTYPE="2" OPERTYPEID="10" PREVID="0" NEXTID="0" UPDATEDATE="2025-10-01" STARTDATE="2025-10-01" ENDDATE="2079-06-06" ISACTUAL="1" ISACTIVE="1" /><APARTMENT ID="111818780" OBJECTID="174991932" OBJECTGUID="5a6e3acc-10c1-44dc-aeda-796240c27614" CHANGEID="689819907" NUMBER="30" APARTTYPE="2" OPERTYPEID="10" PREVID="0" NEXTID="0" UPDATEDATE="2025-10-01" STARTDATE="2025-10-01" ENDDATE="2079-06-06" ISACTUAL="1" ISACTIVE="1" /><APARTMENT ID="111818781" OBJECTID="174991933" OBJECTGUID="c9223b9c-a7de-41e6-b198-121640496a8f" CHANGEID="689819908" NUMBER="28" APARTTYPE="2" OPERTYPEID="10" PREVID="0" NEXTID="0" UPDATEDATE="2025-10-01" STARTDATE="2025-10-01" ENDDATE="2079-06-06" ISACTUAL="1" ISACTIVE="1" /><APARTMENT ID="111818782" OBJECTID="174991934" OBJECTGUID="42e04e00-6691-4fbc-88c4-5816c837eb3c" CHANGEID="689819909" NUMBER="27" APARTTYPE="2" OPERTYPEID="10" PREVID="0" NEXTID="0" UPDATEDATE="2025-10-01" STARTDATE="2025-10-01" ENDDATE="2079-06-06" ISACTUAL="1" ISACTIVE="1" /><APARTMENT ID="111818783" OBJECTID="174991935" OBJECTGUID="c4c1ed8d-4628-4b96-8d48-ee94d08db194" CHANGEID="689819910" NUMBER="26" APARTTYPE="2" OPERTYPEID="10" PREVID="0" NEXTID="0" UPDATEDATE="2025-10-01" STARTDATE="2025-10-01" ENDDATE="2079-06-06" ISACTUAL="1" ISACTIVE="1" /><APARTMENT ID="111818784" OBJECTID="174991936" OBJECTGUID="0aa44671-0b6b-493b-bf15-5d801d72e577" CHANGEID="689819911" NUMBER="25" APARTTYPE="2" OPERTYPEID="10" PREVID="0" NEXTID="0" UPDATEDATE="2025-10-01" STARTDATE="2025-10-01" ENDDATE="2079-06-06" ISACTUAL="1" ISACTIVE="1" /><APARTMENT ID="111818785" OBJECTID="174991937" OBJECTGUID="1f0051d4-c914-4261-8ef5-9bba75ae546f" CHANGEID="689819912" NUMBER="24" APARTTYPE="2" OPERTYPEID="10" PREVID="0" NEXTID="0" UPDATEDATE="2025-10-01" STARTDATE="2025-10-01" ENDDATE="2079-06-06" ISACTUAL="1" ISACTIVE="1" /><APARTMENT ID="111818786" OBJECTID="174991938" OBJECTGUID="52222db5-982a-4d01-924c-fc1fad1e9b2a" CHANGEID="689819913" NUMBER="23" APARTTYPE="2" OPERTYPEID="10" PREVID="0" NEXTID="0" UPDATEDATE="2025-10-01" STARTDATE="2025-10-01" ENDDATE="2079-06-06" ISACTUAL="1" ISACTIVE="1" /><APARTMENT ID="111818787" OBJECTID="174991939" OBJECTGUID="bae2129e-78c5-45b4-bcf5-9511f86814a0" CHANGEID="689819914" NUMBER="22" APARTTYPE="2" OPERTYPEID="10" PREVID="0" NEXTID="0" UPDATEDATE="2025-10-01" STARTDATE="2025-10-01" ENDDATE="2079-06-06" ISACTUAL="1" ISACTIVE="1" /><APARTMENT ID="111818788" OBJECTID="174991940" OBJECTGUID="4a2209ac-cb20-4425-80e0-34cd54f1537b" CHANGEID="689819915" NUMBER="21" APARTTYPE="2" OPERTYPEID="10" PREVID="0" NEXTID="0" UPDATEDATE="2025-10-01" STARTDATE="2025-10-01" ENDDATE="2079-06-06" ISACTUAL="1" ISACTIVE="1" /><APARTMENT ID="111818789" OBJECTID="174991941" OBJECTGUID="948da422-8b88-41a0-8db0-1f34f134abc5" CHANGEID="689819916" NUMBER="20" APARTTYPE="2" OPERTYPEID="10" PREVID="0" NEXTID="0" UPDATEDATE="2025-10-01" STARTDATE="2025-10-01" ENDDATE="2079-06-06" ISACTUAL="1" ISACTIVE="1" /><APARTMENT ID="111818790" OBJECTID="174991942" OBJECTGUID="a90c8fce-e6f8-46ec-b96c-b8d829665c34" CHANGEID="689819917" NUMBER="19" APARTTYPE="2" OPERTYPEID="10" PREVID="0" NEXTID="0" UPDATEDATE="2025-10-01" STARTDATE="2025-10-01" ENDDATE="2079-06-06" ISACTUAL="1" ISACTIVE="1" /><APARTMENT ID="111818791" OBJECTID="174991943" OBJECTGUID="de6af8c8-8901-4b2a-9828-8f0542a4afe2" CHANGEID="689819918" NUMBER="18" APARTTYPE="2" OPERTYPEID="10" PREVID="0" NEXTID="0" UPDATEDATE="2025-10-01" STARTDATE="2025-10-01" ENDDATE="2079-06-06" ISACTUAL="1" ISACTIVE="1" /><APARTMENT ID="111818792" OBJECTID="174991944" OBJECTGUID="1deb9f7d-ce35-4ecf-a5e7-128f1942259a" CHANGEID="689819919" NUMBER="17" APARTTYPE="2" OPERTYPEID="10" PREVID="0" NEXTID="0" UPDATEDATE="2025-10-01" STARTDATE="2025-10-01" ENDDATE="2079-06-06" ISACTUAL="1" ISACTIVE="1" /><APARTMENT ID="111818793" OBJECTID="174991945" OBJECTGUID="4dea884b-73f1-439b-879e-855a57286086" CHANGEID="689819920" NUMBER="16" APARTTYPE="2" OPERTYPEID="10" PREVID="0" NEXTID="0" UPDATEDATE="2025-10-01" STARTDATE="2025-10-01" ENDDATE="2079-06-06" ISACTUAL="1" ISACTIVE="1" /><APARTMENT ID="111818795" OBJECTID="174991976" OBJECTGUID="e29bb850-244f-41e7-9493-ffa9ecbe4ab2" CHANGEID="689819967" NUMBER="50" APARTTYPE="2" OPERTYPEID="10" PREVID="0" NEXTID="0" UPDATEDATE="2025-10-01" STARTDATE="2025-10-01" ENDDATE="2079-06-06" ISACTUAL="1" ISACTIVE="1" /><APARTMENT ID="111818796" OBJECTID="174991977" OBJECTGUID="5501d292-ff76-4013-abea-bdae9cd5131a" CHANGEID="689819968" NUMBER="48" APARTTYPE="2" OPERTYPEID="10" PREVID="0" NEXTID="0" UPDATEDATE="2025-10-01" STARTDATE="2025-10-01" ENDDATE="2079-06-06" ISACTUAL="1" ISACTIVE="1" /><APARTMENT ID="111818797" OBJECTID="174991978" OBJECTGUID="afcda8a5-a6f9-414f-9b46-e56fd0773eba" CHANGEID="689819969" NUMBER="47" APARTTYPE="2" OPERTYPEID="10" PREVID="0" NEXTID="0" UPDATEDATE="2025-10-01" STARTDATE="2025-10-01" ENDDATE="2079-06-06" ISACTUAL="1" ISACTIVE="1" /><APARTMENT ID="111818798" OBJECTID="174991979" OBJECTGUID="7cfa7668-b621-488e-8663-3ca2f0779b82" CHANGEID="689819970" NUMBER="46" APARTTYPE="2" OPERTYPEID="10" PREVID="0" NEXTID="0" UPDATEDATE="2025-10-01" STARTDATE="2025-10-01" ENDDATE="2079-06-06" ISACTUAL="1" ISACTIVE="1" /><APARTMENT ID="111818799" OBJECTID="174991980" OBJECTGUID="9c34cb00-ebd3-4a43-b148-578d6cb02854" CHANGEID="689819971" NUMBER="45" APARTTYPE="2" OPERTYPEID="10" PREVID="0" NEXTID="0" UPDATEDATE="2025-10-01" STARTDATE="2025-10-01" ENDDATE="2079-06-06" ISACTUAL="1" ISACTIVE="1" /><APARTMENT ID="111818800" OBJECTID="174991981" OBJECTGUID="61199820-eb5f-49fe-8546-d71e20408d95" CHANGEID="689819972" NUMBER="44" APARTTYPE="2" OPERTYPEID="10" PREVID="0" NEXTID="0" UPDATEDATE="2025-10-01" STARTDATE="2025-10-01" ENDDATE="2079-06-06" ISACTUAL="1" ISACTIVE="1" /><APARTMENT ID="111818801" OBJECTID="174991982" OBJECTGUID="8a905bfd-f30e-4bf1-aafb-fd6182fcb33b" CHANGEID="689819973" NUMBER="43" APARTTYPE="2" OPERTYPEID="10" PREVID="0" NEXTID="0" UPDATEDATE="2025-10-01" STARTDATE="2025-10-01" ENDDATE="2079-06-06" ISACTUAL="1" ISACTIVE="1" /><APARTMENT ID="111818802" OBJECTID="174991983" OBJECTGUID="a70f2359-a8be-49a5-9514-fccd1d98fd76" CHANGEID="689819974" NUMBER="42" APARTTYPE="2" OPERTYPEID="10" PREVID="0" NEXTID="0" UPDATEDATE="2025-10-01" STARTDATE="2025-10-01" ENDDATE="2079-06-06" ISACTUAL="1" ISACTIVE="1" /><APARTMENT ID="111818803" OBJECTID="174991984" OBJECTGUID="739f814c-5f42-40e3-91b9-dd39a5dcb509" CHANGEID="689819975" NUMBER="41" APARTTYPE="2" OPERTYPEID="10" PREVID="0" NEXTID="0" UPDATEDATE="2025-10-01" STARTDATE="2025-10-01" ENDDATE="2079-06-06" ISACTUAL="1" ISACTIVE="1" /><APARTMENT ID="111818804" OBJECTID="174991985" OBJECTGUID="d4f9b9a0-3009-4607-96f5-2ff5b5fb7bd3" CHANGEID="689819976" NUMBER="40" APARTTYPE="2" OPERTYPEID="10" PREVID="0" NEXTID="0" UPDATEDATE="2025-10-01" STARTDATE="2025-10-01" ENDDATE="2079-06-06" ISACTUAL="1" ISACTIVE="1" /><APARTMENT ID="111818805" OBJECTID="174991986" OBJECTGUID="36a7a44c-6d3c-4e05-bd57-6e2db12acadc" CHANGEID="689819977" NUMBER="39" APARTTYPE="2" OPERTYPEID="10" PREVID="0" NEXTID="0" UPDATEDATE="2025-10-01" STARTDATE="2025-10-01" ENDDATE="2079-06-06" ISACTUAL="1" ISACTIVE="1" /><APARTMENT ID="111818806" OBJECTID="174991987" OBJECTGUID="d1b2849a-d8e6-4ab3-8306-e3ca248415be" CHANGEID="689819978" NUMBER="38" APARTTYPE="2" OPERTYPEID="10" PREVID="0" NEXTID="0" UPDATEDATE="2025-10-01" STARTDATE="2025-10-01" ENDDATE="2079-06-06" ISACTUAL="1" ISACTIVE="1" /><APARTMENT ID="111818807" OBJECTID="174991988" OBJECTGUID="a8f25e33-11f2-47e5-b6a5-da786d21592b" CHANGEID="689819979" NUMBER="37" APARTTYPE="2" OPERTYPEID="10" PREVID="0" NEXTID="0" UPDATEDATE="2025-10-01" STARTDATE="2025-10-01" ENDDATE="2079-06-06" ISACTUAL="1" ISACTIVE="1" /><APARTMENT ID="111818808" OBJECTID="174991989" OBJECTGUID="523442b7-0f6d-406a-a73c-9fbdf2baee51" CHANGEID="689819980" NUMBER="36" APARTTYPE="2" OPERTYPEID="10" PREVID="0" NEXTID="0" UPDATEDATE="2025-10-01" STARTDATE="2025-10-01" ENDDATE="2079-06-06" ISACTUAL="1" ISACTIVE="1" /><APARTMENT ID="111818809" OBJECTID="174991990" OBJECTGUID="057ed8f7-7071-44ba-aaa2-62e1e3cbe53f" CHANGEID="689819981" NUMBER="35" APARTTYPE="2" OPERTYPEID="10" PREVID="0" NEXTID="0" UPDATEDATE="2025-10-01" STARTDATE="2025-10-01" ENDDATE="2079-06-06" ISACTUAL="1" ISACTIVE="1" /><APARTMENT ID="111818999" OBJECTID="10424542" OBJECTGUID="1953e9b0-064d-4c1e-8086-92fee25493a9" CHANGEID="689822371" NUMBER="2" APARTTYPE="1" OPERTYPEID="55" PREVID="5484255" NEXTID="129191373" UPDATEDATE="2025-10-01" STARTDATE="2025-10-01" ENDDATE="2079-06-06" ISACTUAL="1" ISACTIVE="0" /><APARTMENT ID="5484255" OBJECTID="10424542" OBJECTGUID="1953e9b0-064d-4c1e-8086-92fee25493a9" CHANGEID="17120230" NUMBER="2" APARTTYPE="1" OPERTYPEID="10" PREVID="0" NEXTID="111818999" UPDATEDATE="2025-10-01" STARTDATE="2012-07-13" ENDDATE="2025-10-01" ISACTUAL="0" ISACTIVE="0" /></APARTMENTS>