﻿<?xml version="1.0" encoding="utf-8"?><APARTMENTS><APARTMENT ID="111811805" OBJECTID="174972388" OBJECTGUID="57a1d15e-ef3b-4436-a244-0539ca747451" CHANGEID="689781206" NUMBER="47" APARTTYPE="2" OPERTYPEID="10" PREVID="0" NEXTID="0" UPDATEDATE="2025-10-01" STARTDATE="2025-10-01" ENDDATE="2079-06-06" ISACTUAL="1" ISACTIVE="1" /><APARTMENT ID="111811806" OBJECTID="174972389" OBJECTGUID="1c45bad7-8cce-4c18-b7e5-fbb28ee49a06" CHANGEID="689781207" NUMBER="46" APARTTYPE="2" OPERTYPEID="10" PREVID="0" NEXTID="0" UPDATEDATE="2025-10-01" STARTDATE="2025-10-01" ENDDATE="2079-06-06" ISACTUAL="1" ISACTIVE="1" /><APARTMENT ID="111811807" OBJECTID="174972390" OBJECTGUID="e77ad377-6c71-49aa-85c8-800a19966dea" CHANGEID="689781208" NUMBER="45" APARTTYPE="2" OPERTYPEID="10" PREVID="0" NEXTID="0" UPDATEDATE="2025-10-01" STARTDATE="2025-10-01" ENDDATE="2079-06-06" ISACTUAL="1" ISACTIVE="1" /><APARTMENT ID="111811808" OBJECTID="174972391" OBJECTGUID="4e07158a-123d-4118-8f60-45616a5e4b56" CHANGEID="689781213" NUMBER="40" APARTTYPE="2" OPERTYPEID="10" PREVID="0" NEXTID="0" UPDATEDATE="2025-10-01" STARTDATE="2025-10-01" ENDDATE="2079-06-06" ISACTUAL="1" ISACTIVE="1" /><APARTMENT ID="111811809" OBJECTID="174972392" OBJECTGUID="e285169e-d764-408e-a34a-be148257f61a" CHANGEID="689781214" NUMBER="38" APARTTYPE="2" OPERTYPEID="10" PREVID="0" NEXTID="0" UPDATEDATE="2025-10-01" STARTDATE="2025-10-01" ENDDATE="2079-06-06" ISACTUAL="1" ISACTIVE="1" /><APARTMENT ID="111811810" OBJECTID="174972393" OBJECTGUID="d9958e20-12de-4c89-b315-c2e52576b851" CHANGEID="689781215" NUMBER="37" APARTTYPE="2" OPERTYPEID="10" PREVID="0" NEXTID="0" UPDATEDATE="2025-10-01" STARTDATE="2025-10-01" ENDDATE="2079-06-06" ISACTUAL="1" ISACTIVE="1" /><APARTMENT ID="111811811" OBJECTID="174972394" OBJECTGUID="f13a5fb2-c42f-433d-a318-3d43ae06fe42" CHANGEID="689781216" NUMBER="36" APARTTYPE="2" OPERTYPEID="10" PREVID="0" NEXTID="0" UPDATEDATE="2025-10-01" STARTDATE="2025-10-01" ENDDATE="2079-06-06" ISACTUAL="1" ISACTIVE="1" /><APARTMENT ID="111811812" OBJECTID="174972395" OBJECTGUID="b9e79342-09df-45a4-b90d-acdcb059f864" CHANGEID="689781217" NUMBER="34" APARTTYPE="2" OPERTYPEID="10" PREVID="0" NEXTID="0" UPDATEDATE="2025-10-01" STARTDATE="2025-10-01" ENDDATE="2079-06-06" ISACTUAL="1" ISACTIVE="1" /><APARTMENT ID="111811813" OBJECTID="174972396" OBJECTGUID="ff4f1e94-99e5-4dc7-a4ae-1ce5cccd3976" CHANGEID="689781218" NUMBER="33" APARTTYPE="2" OPERTYPEID="10" PREVID="0" NEXTID="0" UPDATEDATE="2025-10-01" STARTDATE="2025-10-01" ENDDATE="2079-06-06" ISACTUAL="1" ISACTIVE="1" /><APARTMENT ID="111811814" OBJECTID="174972397" OBJECTGUID="7cb28aa6-a425-454f-a0e5-08232833fc0f" CHANGEID="689781219" NUMBER="32" APARTTYPE="2" OPERTYPEID="10" PREVID="0" NEXTID="0" UPDATEDATE="2025-10-01" STARTDATE="2025-10-01" ENDDATE="2079-06-06" ISACTUAL="1" ISACTIVE="1" /><APARTMENT ID="111811815" OBJECTID="174972398" OBJECTGUID="2bd60f71-0254-4019-b9ea-f560365da188" CHANGEID="689781220" NUMBER="31" APARTTYPE="2" OPERTYPEID="10" PREVID="0" NEXTID="0" UPDATEDATE="2025-10-01" STARTDATE="2025-10-01" ENDDATE="2079-06-06" ISACTUAL="1" ISACTIVE="1" /><APARTMENT ID="111811816" OBJECTID="174972399" OBJECTGUID="a33d043b-54fd-431a-afb7-d1e3131a4077" CHANGEID="689781221" NUMBER="29" APARTTYPE="2" OPERTYPEID="10" PREVID="0" NEXTID="0" UPDATEDATE="2025-10-01" STARTDATE="2025-10-01" ENDDATE="2079-06-06" ISACTUAL="1" ISACTIVE="1" /><APARTMENT ID="111811817" OBJECTID="174972400" OBJECTGUID="4e7dcbfd-17d7-40e9-ac49-009c9fa8893b" CHANGEID="689781222" NUMBER="28" APARTTYPE="2" OPERTYPEID="10" PREVID="0" NEXTID="0" UPDATEDATE="2025-10-01" STARTDATE="2025-10-01" ENDDATE="2079-06-06" ISACTUAL="1" ISACTIVE="1" /><APARTMENT ID="111811818" OBJECTID="174972401" OBJECTGUID="e7b00b2a-e30e-430e-9dd2-8907c1503553" CHANGEID="689781223" NUMBER="27" APARTTYPE="2" OPERTYPEID="10" PREVID="0" NEXTID="0" UPDATEDATE="2025-10-01" STARTDATE="2025-10-01" ENDDATE="2079-06-06" ISACTUAL="1" ISACTIVE="1" /><APARTMENT ID="111811819" OBJECTID="174972402" OBJECTGUID="007b4c0d-ec2e-4939-a4c3-fe68a4c808a8" CHANGEID="689781224" NUMBER="26" APARTTYPE="2" OPERTYPEID="10" PREVID="0" NEXTID="0" UPDATEDATE="2025-10-01" STARTDATE="2025-10-01" ENDDATE="2079-06-06" ISACTUAL="1" ISACTIVE="1" /><APARTMENT ID="111811820" OBJECTID="174972403" OBJECTGUID="27af621d-92e6-4e07-a1a8-a6e8c1e6e71c" CHANGEID="689781225" NUMBER="25" APARTTYPE="2" OPERTYPEID="10" PREVID="0" NEXTID="0" UPDATEDATE="2025-10-01" STARTDATE="2025-10-01" ENDDATE="2079-06-06" ISACTUAL="1" ISACTIVE="1" /><APARTMENT ID="111811821" OBJECTID="174972404" OBJECTGUID="e102a0c8-f2a7-4797-9b3e-021a73d8dd89" CHANGEID="689781226" NUMBER="24" APARTTYPE="2" OPERTYPEID="10" PREVID="0" NEXTID="0" UPDATEDATE="2025-10-01" STARTDATE="2025-10-01" ENDDATE="2079-06-06" ISACTUAL="1" ISACTIVE="1" /><APARTMENT ID="111811822" OBJECTID="174972405" OBJECTGUID="9321fc3f-7150-41fc-a8a4-698b990bc8d1" CHANGEID="689781227" NUMBER="23" APARTTYPE="2" OPERTYPEID="10" PREVID="0" NEXTID="0" UPDATEDATE="2025-10-01" STARTDATE="2025-10-01" ENDDATE="2079-06-06" ISACTUAL="1" ISACTIVE="1" /><APARTMENT ID="111811823" OBJECTID="174972406" OBJECTGUID="69778c2e-4f62-490e-a6e5-c196f6fc9041" CHANGEID="689781228" NUMBER="22" APARTTYPE="2" OPERTYPEID="10" PREVID="0" NEXTID="0" UPDATEDATE="2025-10-01" STARTDATE="2025-10-01" ENDDATE="2079-06-06" ISACTUAL="1" ISACTIVE="1" /><APARTMENT ID="111811824" OBJECTID="174972407" OBJECTGUID="390bdab3-bca2-4c53-965e-3470b605f96e" CHANGEID="689781229" NUMBER="21" APARTTYPE="2" OPERTYPEID="10" PREVID="0" NEXTID="0" UPDATEDATE="2025-10-01" STARTDATE="2025-10-01" ENDDATE="2079-06-06" ISACTUAL="1" ISACTIVE="1" /><APARTMENT ID="111811825" OBJECTID="174972408" OBJECTGUID="e06d6543-dbb9-4849-92c5-37bc728ddbf7" CHANGEID="689781230" NUMBER="20" APARTTYPE="2" OPERTYPEID="10" PREVID="0" NEXTID="0" UPDATEDATE="2025-10-01" STARTDATE="2025-10-01" ENDDATE="2079-06-06" ISACTUAL="1" ISACTIVE="1" /><APARTMENT ID="111813022" OBJECTID="174975027" OBJECTGUID="228f9c92-0446-49f3-881d-66a1647fd31b" CHANGEID="689786961" NUMBER="40" APARTTYPE="2" OPERTYPEID="10" PREVID="0" NEXTID="0" UPDATEDATE="2025-10-01" STARTDATE="2025-10-01" ENDDATE="2079-06-06" ISACTUAL="1" ISACTIVE="1" /></APARTMENTS>