﻿<?xml version="1.0" encoding="utf-8"?><HOUSES><HOUSE ID="56946413" OBJECTID="78349148" OBJECTGUID="4e94fc9c-1c6c-4151-bb86-21bf68ff9896" CHANGEID="116479587" HOUSENUM="13-а" HOUSETYPE="2" OPERTYPEID="20" PREVID="47334827" NEXTID="129185452" UPDATEDATE="2025-10-01" STARTDATE="2017-04-21" ENDDATE="2025-10-01" ISACTUAL="0" ISACTIVE="0" /><HOUSE ID="62533766" OBJECTID="78476349" OBJECTGUID="9d6b0215-ed7e-44ee-9d37-c73047f137e7" CHANGEID="116662548" HOUSENUM="15-а" HOUSETYPE="2" OPERTYPEID="20" PREVID="47409437" NEXTID="129184659" UPDATEDATE="2025-10-01" STARTDATE="2017-04-21" ENDDATE="2025-10-01" ISACTUAL="0" ISACTIVE="0" /><HOUSE ID="53385253" OBJECTID="78560401" OBJECTGUID="1c4bd64a-476c-43ac-834f-dd871a10f292" CHANGEID="116786520" HOUSENUM="19-б" HOUSETYPE="2" OPERTYPEID="20" PREVID="47463684" NEXTID="129184660" UPDATEDATE="2025-10-01" STARTDATE="2017-04-21" ENDDATE="2025-10-01" ISACTUAL="0" ISACTIVE="0" /><HOUSE ID="129175267" OBJECTID="174945128" OBJECTGUID="cc8b04a7-862d-4c62-954c-50e04ce36844" CHANGEID="689701199" HOUSENUM="21А" HOUSETYPE="2" OPERTYPEID="10" PREVID="0" NEXTID="0" UPDATEDATE="2025-09-30" STARTDATE="2025-09-30" ENDDATE="2079-06-06" ISACTUAL="1" ISACTIVE="1" /><HOUSE ID="129175293" OBJECTID="174945452" OBJECTGUID="91fb258e-ffd0-4ff4-8ec1-19ab4de99871" CHANGEID="689701594" HOUSENUM="75/1" HOUSETYPE="5" OPERTYPEID="10" PREVID="0" NEXTID="0" UPDATEDATE="2025-09-30" STARTDATE="2025-09-30" ENDDATE="2079-06-06" ISACTUAL="1" ISACTIVE="1" /><HOUSE ID="129183955" OBJECTID="174970786" OBJECTGUID="384b9ee4-22d9-46e9-8845-cc7ea968604d" CHANGEID="689777401" HOUSENUM="26Г" HOUSETYPE="2" OPERTYPEID="10" PREVID="0" NEXTID="0" UPDATEDATE="2025-10-01" STARTDATE="2025-10-01" ENDDATE="2079-06-06" ISACTUAL="1" ISACTIVE="1" /><HOUSE ID="129183956" OBJECTID="174970788" OBJECTGUID="452f3880-3138-424c-9ed5-d7080fb54111" CHANGEID="689777403" HOUSENUM="23А" HOUSETYPE="2" OPERTYPEID="10" PREVID="0" NEXTID="0" UPDATEDATE="2025-10-01" STARTDATE="2025-10-01" ENDDATE="2079-06-06" ISACTUAL="1" ISACTIVE="1" /><HOUSE ID="129184659" OBJECTID="78476349" OBJECTGUID="9d6b0215-ed7e-44ee-9d37-c73047f137e7" CHANGEID="689781209" HOUSENUM="15А" HOUSETYPE="2" OPERTYPEID="20" PREVID="62533766" UPDATEDATE="2025-10-01" STARTDATE="2025-10-01" ENDDATE="2079-06-06" ISACTUAL="1" ISACTIVE="1" /><HOUSE ID="129184660" OBJECTID="78560401" OBJECTGUID="1c4bd64a-476c-43ac-834f-dd871a10f292" CHANGEID="689781231" HOUSENUM="19Б" HOUSETYPE="2" OPERTYPEID="20" PREVID="53385253" UPDATEDATE="2025-10-01" STARTDATE="2025-10-01" ENDDATE="2079-06-06" ISACTUAL="1" ISACTIVE="1" /><HOUSE ID="129185452" OBJECTID="78349148" OBJECTGUID="4e94fc9c-1c6c-4151-bb86-21bf68ff9896" CHANGEID="689786894" HOUSENUM="13А" HOUSETYPE="2" OPERTYPEID="20" PREVID="56946413" UPDATEDATE="2025-10-01" STARTDATE="2025-10-01" ENDDATE="2079-06-06" ISACTUAL="1" ISACTIVE="1" /></HOUSES>