﻿<?xml version="1.0" encoding="utf-8"?><ADDRESSOBJECTS><OBJECT ID="1271060" OBJECTID="1029013" OBJECTGUID="04e94601-a7bb-4193-bf28-cabf73b6dd9e" CHANGEID="2816917" NAME="ур-ще Ручей Гаревушка" TYPENAME="тер" LEVEL="7" OPERTYPEID="50" PREVID="1271049" NEXTID="52189844" UPDATEDATE="2025-09-30" STARTDATE="2016-09-28" ENDDATE="2025-09-30" ISACTUAL="0" ISACTIVE="0" /><OBJECT ID="1285686" OBJECTID="1039322" OBJECTGUID="a156e2f9-f5e3-4f54-9486-7decb44375ed" CHANGEID="2851371" NAME="Строитель" TYPENAME="сад" LEVEL="8" OPERTYPEID="1" PREVID="0" NEXTID="52189932" UPDATEDATE="2025-10-01" STARTDATE="1900-01-01" ENDDATE="2025-10-01" ISACTUAL="0" ISACTIVE="0" /><OBJECT ID="52189315" OBJECTID="174915842" OBJECTGUID="959cb261-24d8-4e8b-bfb5-9f6bcc75bc76" CHANGEID="689638137" NAME="Ореховая" TYPENAME="ул." LEVEL="8" OPERTYPEID="10" PREVID="0" NEXTID="0" UPDATEDATE="2025-09-29" STARTDATE="2025-09-29" ENDDATE="2079-06-06" ISACTUAL="1" ISACTIVE="1" /><OBJECT ID="52189328" OBJECTID="174916905" OBJECTGUID="e8c36fab-b56d-4f9e-b8fa-7474f6f24b88" CHANGEID="689639809" NAME="Парковая" TYPENAME="ул." LEVEL="8" OPERTYPEID="10" PREVID="0" NEXTID="0" UPDATEDATE="2025-09-29" STARTDATE="2025-09-29" ENDDATE="2079-06-06" ISACTUAL="1" ISACTIVE="1" /><OBJECT ID="52189327" OBJECTID="174916904" OBJECTGUID="14d08d43-06e0-4ca1-a2cc-4a547f3d6915" CHANGEID="689639808" NAME="Чистые росы" TYPENAME="тер." LEVEL="7" OPERTYPEID="10" PREVID="0" NEXTID="0" UPDATEDATE="2025-09-29" STARTDATE="2025-09-29" ENDDATE="2079-06-06" ISACTUAL="1" ISACTIVE="1" /><OBJECT ID="52189471" OBJECTID="174933071" OBJECTGUID="455e9257-5c28-44ca-8fb3-83af8903416c" CHANGEID="689674278" NAME="Главная" TYPENAME="ул." LEVEL="8" OPERTYPEID="10" PREVID="0" NEXTID="0" UPDATEDATE="2025-09-29" STARTDATE="2025-09-29" ENDDATE="2079-06-06" ISACTUAL="1" ISACTIVE="1" /><OBJECT ID="52189644" OBJECTID="174954866" OBJECTGUID="32be4433-88c5-49c3-ae38-e8f7a24cddc8" CHANGEID="689722675" NAME="Новосёлов" TYPENAME="ул." LEVEL="8" OPERTYPEID="10" PREVID="0" NEXTID="0" UPDATEDATE="2025-09-30" STARTDATE="2025-09-30" ENDDATE="2079-06-06" ISACTUAL="1" ISACTIVE="1" /><OBJECT ID="52189645" OBJECTID="174954867" OBJECTGUID="e79ab763-c0b9-4363-a942-20c648612837" CHANGEID="689722676" NAME="Южная" TYPENAME="ул." LEVEL="8" OPERTYPEID="10" PREVID="0" NEXTID="0" UPDATEDATE="2025-09-30" STARTDATE="2025-09-30" ENDDATE="2079-06-06" ISACTUAL="1" ISACTIVE="1" /><OBJECT ID="52189646" OBJECTID="174954868" OBJECTGUID="7c01d020-4ef1-47c9-9371-f0a4ab967ec9" CHANGEID="689722677" NAME="Садовая" TYPENAME="ул." LEVEL="8" OPERTYPEID="10" PREVID="0" NEXTID="0" UPDATEDATE="2025-09-30" STARTDATE="2025-09-30" ENDDATE="2079-06-06" ISACTUAL="1" ISACTIVE="1" /><OBJECT ID="52189647" OBJECTID="174954869" OBJECTGUID="a579d351-808e-442f-afdc-b9bef51d0079" CHANGEID="689722678" NAME="Бумажников" TYPENAME="ул." LEVEL="8" OPERTYPEID="10" PREVID="0" NEXTID="0" UPDATEDATE="2025-09-30" STARTDATE="2025-09-30" ENDDATE="2079-06-06" ISACTUAL="1" ISACTIVE="1" /><OBJECT ID="52189648" OBJECTID="174954870" OBJECTGUID="91d22f84-f33a-4011-92a8-14277f862f6f" CHANGEID="689722679" NAME="Северная" TYPENAME="ул." LEVEL="8" OPERTYPEID="10" PREVID="0" NEXTID="0" UPDATEDATE="2025-09-30" STARTDATE="2025-09-30" ENDDATE="2079-06-06" ISACTUAL="1" ISACTIVE="1" /><OBJECT ID="52189649" OBJECTID="174954890" OBJECTGUID="c17ec1a0-dbef-4ff6-86e8-a38feff79e12" CHANGEID="689722706" NAME="Девятый" TYPENAME="пер." LEVEL="8" OPERTYPEID="10" PREVID="0" NEXTID="0" UPDATEDATE="2025-09-30" STARTDATE="2025-09-30" ENDDATE="2079-06-06" ISACTUAL="1" ISACTIVE="1" /><OBJECT ID="52189650" OBJECTID="174954891" OBJECTGUID="c66f6ca0-a0dc-46d0-b218-e1bac2a23111" CHANGEID="689722707" NAME="Восьмой" TYPENAME="пер." LEVEL="8" OPERTYPEID="10" PREVID="0" NEXTID="0" UPDATEDATE="2025-09-30" STARTDATE="2025-09-30" ENDDATE="2079-06-06" ISACTUAL="1" ISACTIVE="1" /><OBJECT ID="52189651" OBJECTID="174954892" OBJECTGUID="93a210ff-596b-49f2-ac26-471d0c000cae" CHANGEID="689722708" NAME="Шестой" TYPENAME="пер." LEVEL="8" OPERTYPEID="10" PREVID="0" NEXTID="0" UPDATEDATE="2025-09-30" STARTDATE="2025-09-30" ENDDATE="2079-06-06" ISACTUAL="1" ISACTIVE="1" /><OBJECT ID="52189652" OBJECTID="174954893" OBJECTGUID="062f3fd1-9428-4494-a8c6-9fdaf7923a51" CHANGEID="689722709" NAME="Пятый" TYPENAME="пер." LEVEL="8" OPERTYPEID="10" PREVID="0" NEXTID="0" UPDATEDATE="2025-09-30" STARTDATE="2025-09-30" ENDDATE="2079-06-06" ISACTUAL="1" ISACTIVE="1" /><OBJECT ID="52189653" OBJECTID="174954894" OBJECTGUID="1eb80af4-9595-4d4e-b607-c39d1eceda7a" CHANGEID="689722710" NAME="Четвертый" TYPENAME="пер." LEVEL="8" OPERTYPEID="10" PREVID="0" NEXTID="0" UPDATEDATE="2025-09-30" STARTDATE="2025-09-30" ENDDATE="2079-06-06" ISACTUAL="1" ISACTIVE="1" /><OBJECT ID="52189654" OBJECTID="174954895" OBJECTGUID="f75d114d-8cac-4bc3-bb2d-f05709aa3dff" CHANGEID="689722711" NAME="Третий" TYPENAME="пер." LEVEL="8" OPERTYPEID="10" PREVID="0" NEXTID="0" UPDATEDATE="2025-09-30" STARTDATE="2025-09-30" ENDDATE="2079-06-06" ISACTUAL="1" ISACTIVE="1" /><OBJECT ID="52189655" OBJECTID="174954896" OBJECTGUID="328e89f3-9d50-4694-b60f-33e980239e74" CHANGEID="689722712" NAME="Второй" TYPENAME="пер." LEVEL="8" OPERTYPEID="10" PREVID="0" NEXTID="0" UPDATEDATE="2025-09-30" STARTDATE="2025-09-30" ENDDATE="2079-06-06" ISACTUAL="1" ISACTIVE="1" /><OBJECT ID="52189656" OBJECTID="174954897" OBJECTGUID="57b2ff7f-94e1-4d74-a27d-d228a2a99394" CHANGEID="689722713" NAME="Первый" TYPENAME="пер." LEVEL="8" OPERTYPEID="10" PREVID="0" NEXTID="0" UPDATEDATE="2025-09-30" STARTDATE="2025-09-30" ENDDATE="2079-06-06" ISACTUAL="1" ISACTIVE="1" /><OBJECT ID="52189657" OBJECTID="174954898" OBJECTGUID="1f37bd98-4530-4084-9ffe-d16a3fcae9f9" CHANGEID="689722714" NAME="Объездная" TYPENAME="ул." LEVEL="8" OPERTYPEID="10" PREVID="0" NEXTID="0" UPDATEDATE="2025-09-30" STARTDATE="2025-09-30" ENDDATE="2079-06-06" ISACTUAL="1" ISACTIVE="1" /><OBJECT ID="52189658" OBJECTID="174954899" OBJECTGUID="1e514340-8aee-4f8b-b71e-7444ecea53d1" CHANGEID="689722715" NAME="Центральная" TYPENAME="ул." LEVEL="8" OPERTYPEID="10" PREVID="0" NEXTID="0" UPDATEDATE="2025-09-30" STARTDATE="2025-09-30" ENDDATE="2079-06-06" ISACTUAL="1" ISACTIVE="1" /><OBJECT ID="52189659" OBJECTID="174954900" OBJECTGUID="15ca9cfe-1ca2-4237-bd24-7211d9b15cb6" CHANGEID="689722716" NAME="Седьмой" TYPENAME="пер." LEVEL="8" OPERTYPEID="10" PREVID="0" NEXTID="0" UPDATEDATE="2025-09-30" STARTDATE="2025-09-30" ENDDATE="2079-06-06" ISACTUAL="1" ISACTIVE="1" /><OBJECT ID="52189798" OBJECTID="174962082" OBJECTGUID="4c6a2534-a7b2-460f-b53a-e6c96a8c916d" CHANGEID="689739940" NAME="Гвоздичная" TYPENAME="ул." LEVEL="8" OPERTYPEID="10" PREVID="0" NEXTID="0" UPDATEDATE="2025-09-30" STARTDATE="2025-09-30" ENDDATE="2079-06-06" ISACTUAL="1" ISACTIVE="1" /><OBJECT ID="52189801" OBJECTID="174962169" OBJECTGUID="69689157-c301-4b33-ab40-e6daccbb2f33" CHANGEID="689740211" NAME="Подгарюшки" TYPENAME="тер." LEVEL="7" OPERTYPEID="10" PREVID="0" NEXTID="0" UPDATEDATE="2025-09-30" STARTDATE="2025-09-30" ENDDATE="2079-06-06" ISACTUAL="1" ISACTIVE="1" /><OBJECT ID="52189802" OBJECTID="174962204" OBJECTGUID="78ac1f81-b839-4140-8409-178fb95c7f22" CHANGEID="689740296" NAME="Соловьиная трель" TYPENAME="тер." LEVEL="7" OPERTYPEID="10" PREVID="0" NEXTID="0" UPDATEDATE="2025-09-30" STARTDATE="2025-09-30" ENDDATE="2079-06-06" ISACTUAL="1" ISACTIVE="1" /><OBJECT ID="52189805" OBJECTID="174962284" OBJECTGUID="a2c41b0f-c07b-4989-94ef-eb596cef889f" CHANGEID="689740455" NAME="Ильинская" TYPENAME="ул." LEVEL="8" OPERTYPEID="10" PREVID="0" NEXTID="0" UPDATEDATE="2025-09-30" STARTDATE="2025-09-30" ENDDATE="2079-06-06" ISACTUAL="1" ISACTIVE="1" /><OBJECT ID="52189839" OBJECTID="174965292" OBJECTGUID="fc459a5d-8012-4a4d-b740-e865f66aaeb7" CHANGEID="689745770" NAME="ГСК Водный 42" TYPENAME="тер." LEVEL="7" OPERTYPEID="10" PREVID="0" NEXTID="0" UPDATEDATE="2025-09-30" STARTDATE="2025-09-30" ENDDATE="2079-06-06" ISACTUAL="1" ISACTIVE="1" /><OBJECT ID="52189844" OBJECTID="1029013" OBJECTGUID="04e94601-a7bb-4193-bf28-cabf73b6dd9e" CHANGEID="689748509" NAME="ур-ще Ручей Гаревушка" TYPENAME="тер." LEVEL="7" OPERTYPEID="50" PREVID="1271060" UPDATEDATE="2025-09-30" STARTDATE="2025-09-30" ENDDATE="2079-06-06" ISACTUAL="1" ISACTIVE="1" /><OBJECT ID="52189932" OBJECTID="1039322" OBJECTGUID="a156e2f9-f5e3-4f54-9486-7decb44375ed" CHANGEID="689792642" NAME="Строитель" TYPENAME="сад" LEVEL="8" OPERTYPEID="30" PREVID="1285686" NEXTID="0" UPDATEDATE="2025-10-01" STARTDATE="2025-10-01" ENDDATE="2079-06-06" ISACTUAL="1" ISACTIVE="0" /><OBJECT ID="52189933" OBJECTID="174978157" OBJECTGUID="708e6ff6-8ddd-417f-a06e-9cf9954b9d2b" CHANGEID="689792724" NAME="БНП" TYPENAME="тер." LEVEL="7" OPERTYPEID="10" PREVID="0" NEXTID="0" UPDATEDATE="2025-10-01" STARTDATE="2025-10-01" ENDDATE="2079-06-06" ISACTUAL="1" ISACTIVE="1" /><OBJECT ID="52190065" OBJECTID="174984593" OBJECTGUID="079b4f64-cf9c-4ecc-a2dc-ca18680104fb" CHANGEID="689806337" NAME="Вторая Линия" TYPENAME="ул." LEVEL="8" OPERTYPEID="10" PREVID="0" NEXTID="0" UPDATEDATE="2025-10-01" STARTDATE="2025-10-01" ENDDATE="2079-06-06" ISACTUAL="1" ISACTIVE="1" /><OBJECT ID="52190066" OBJECTID="174984594" OBJECTGUID="c0914334-71b6-4eb6-947b-1dd049071d44" CHANGEID="689806338" NAME="Первая Линия" TYPENAME="ул." LEVEL="8" OPERTYPEID="10" PREVID="0" NEXTID="0" UPDATEDATE="2025-10-01" STARTDATE="2025-10-01" ENDDATE="2079-06-06" ISACTUAL="1" ISACTIVE="1" /><OBJECT ID="52190071" OBJECTID="174984791" OBJECTGUID="a09d58d4-1552-4d02-8324-74af0fe67a68" CHANGEID="689806791" NAME="Апельсиновая" TYPENAME="ул." LEVEL="8" OPERTYPEID="10" PREVID="0" NEXTID="0" UPDATEDATE="2025-10-01" STARTDATE="2025-10-01" ENDDATE="2079-06-06" ISACTUAL="1" ISACTIVE="1" /><OBJECT ID="52190074" OBJECTID="174985005" OBJECTGUID="6c56a27e-0aed-45e9-b349-7e0ffcf5d95c" CHANGEID="689807242" NAME="Согласия" TYPENAME="ул." LEVEL="8" OPERTYPEID="10" PREVID="0" NEXTID="0" UPDATEDATE="2025-10-01" STARTDATE="2025-10-01" ENDDATE="2079-06-06" ISACTUAL="1" ISACTIVE="1" /><OBJECT ID="52190075" OBJECTID="174985006" OBJECTGUID="b45f271c-c290-44d5-a6df-8fe6a6e2f9b5" CHANGEID="689807243" NAME="Новая" TYPENAME="ул." LEVEL="8" OPERTYPEID="10" PREVID="0" NEXTID="0" UPDATEDATE="2025-10-01" STARTDATE="2025-10-01" ENDDATE="2079-06-06" ISACTUAL="1" ISACTIVE="1" /><OBJECT ID="52190076" OBJECTID="174985007" OBJECTGUID="4afd7853-67d1-4de0-a65b-ccf98e209688" CHANGEID="689807244" NAME="Нежная" TYPENAME="ул." LEVEL="8" OPERTYPEID="10" PREVID="0" NEXTID="0" UPDATEDATE="2025-10-01" STARTDATE="2025-10-01" ENDDATE="2079-06-06" ISACTUAL="1" ISACTIVE="1" /><OBJECT ID="52190077" OBJECTID="174985008" OBJECTGUID="dfbb74bf-6a54-4f06-a82b-1eba5b947d19" CHANGEID="689807245" NAME="Добрая" TYPENAME="ул." LEVEL="8" OPERTYPEID="10" PREVID="0" NEXTID="0" UPDATEDATE="2025-10-01" STARTDATE="2025-10-01" ENDDATE="2079-06-06" ISACTUAL="1" ISACTIVE="1" /><OBJECT ID="52190078" OBJECTID="174985009" OBJECTGUID="a8b9ae62-d1e4-444b-9a08-da81061d20ca" CHANGEID="689807246" NAME="Крепкая" TYPENAME="ул." LEVEL="8" OPERTYPEID="10" PREVID="0" NEXTID="0" UPDATEDATE="2025-10-01" STARTDATE="2025-10-01" ENDDATE="2079-06-06" ISACTUAL="1" ISACTIVE="1" /><OBJECT ID="52190079" OBJECTID="174985010" OBJECTGUID="c156a96b-be06-4655-8a20-a70aac762a4d" CHANGEID="689807247" NAME="Прогулочная" TYPENAME="ул." LEVEL="8" OPERTYPEID="10" PREVID="0" NEXTID="0" UPDATEDATE="2025-10-01" STARTDATE="2025-10-01" ENDDATE="2079-06-06" ISACTUAL="1" ISACTIVE="1" /><OBJECT ID="52190080" OBJECTID="174985011" OBJECTGUID="3cbb97d6-1ce9-4f13-81b3-89086d55587a" CHANGEID="689807248" NAME="Родительская" TYPENAME="ул." LEVEL="8" OPERTYPEID="10" PREVID="0" NEXTID="0" UPDATEDATE="2025-10-01" STARTDATE="2025-10-01" ENDDATE="2079-06-06" ISACTUAL="1" ISACTIVE="1" /><OBJECT ID="52190081" OBJECTID="174985012" OBJECTGUID="0a7e0f87-6a2c-4ff1-a407-33682104e7e0" CHANGEID="689807249" NAME="Родная" TYPENAME="ул." LEVEL="8" OPERTYPEID="10" PREVID="0" NEXTID="0" UPDATEDATE="2025-10-01" STARTDATE="2025-10-01" ENDDATE="2079-06-06" ISACTUAL="1" ISACTIVE="1" /><OBJECT ID="52190082" OBJECTID="174985013" OBJECTGUID="dbd69f21-fba7-44cb-85da-dcc5cde0d84b" CHANGEID="689807250" NAME="Близкая" TYPENAME="ул." LEVEL="8" OPERTYPEID="10" PREVID="0" NEXTID="0" UPDATEDATE="2025-10-01" STARTDATE="2025-10-01" ENDDATE="2079-06-06" ISACTUAL="1" ISACTIVE="1" /><OBJECT ID="52190089" OBJECTID="174985466" OBJECTGUID="0c2e9358-d879-4c82-8c04-97619be5697e" CHANGEID="689808382" NAME="Троицкий" TYPENAME="пер." LEVEL="8" OPERTYPEID="10" PREVID="0" NEXTID="0" UPDATEDATE="2025-10-01" STARTDATE="2025-10-01" ENDDATE="2079-06-06" ISACTUAL="1" ISACTIVE="1" /><OBJECT ID="52190090" OBJECTID="174985467" OBJECTGUID="139cd5d8-f0c9-4198-b4a9-0aa21695dd43" CHANGEID="689808383" NAME="Равнинная" TYPENAME="ул." LEVEL="8" OPERTYPEID="10" PREVID="0" NEXTID="0" UPDATEDATE="2025-10-01" STARTDATE="2025-10-01" ENDDATE="2079-06-06" ISACTUAL="1" ISACTIVE="1" /><OBJECT ID="52190091" OBJECTID="174985468" OBJECTGUID="bf89c08d-f419-4b5b-864a-19110fdb6524" CHANGEID="689808384" NAME="Рождественская" TYPENAME="ул." LEVEL="8" OPERTYPEID="10" PREVID="0" NEXTID="0" UPDATEDATE="2025-10-01" STARTDATE="2025-10-01" ENDDATE="2079-06-06" ISACTUAL="1" ISACTIVE="1" /><OBJECT ID="52190092" OBJECTID="174985469" OBJECTGUID="9278df07-aed7-40ab-9086-dd4748b91ab0" CHANGEID="689808385" NAME="Покровская" TYPENAME="ул." LEVEL="8" OPERTYPEID="10" PREVID="0" NEXTID="0" UPDATEDATE="2025-10-01" STARTDATE="2025-10-01" ENDDATE="2079-06-06" ISACTUAL="1" ISACTIVE="1" /><OBJECT ID="52190093" OBJECTID="174985470" OBJECTGUID="9b698d29-6ee0-4ab5-944a-af921a863637" CHANGEID="689808386" NAME="Успенская" TYPENAME="ул." LEVEL="8" OPERTYPEID="10" PREVID="0" NEXTID="0" UPDATEDATE="2025-10-01" STARTDATE="2025-10-01" ENDDATE="2079-06-06" ISACTUAL="1" ISACTIVE="1" /><OBJECT ID="52190094" OBJECTID="174985471" OBJECTGUID="c5360c13-0b57-40b0-a455-fc5398dc967d" CHANGEID="689808387" NAME="Подгорная" TYPENAME="ул." LEVEL="8" OPERTYPEID="10" PREVID="0" NEXTID="0" UPDATEDATE="2025-10-01" STARTDATE="2025-10-01" ENDDATE="2079-06-06" ISACTUAL="1" ISACTIVE="1" /></ADDRESSOBJECTS>