﻿<?xml version="1.0" encoding="utf-8"?><APARTMENTS><APARTMENT ID="19885488" OBJECTID="34259028" OBJECTGUID="5d75c159-7faa-433d-9308-5b5d6518474d" CHANGEID="52177927" NUMBER="1" APARTTYPE="2" OPERTYPEID="10" PREVID="0" NEXTID="111812901" UPDATEDATE="2025-10-01" STARTDATE="2018-09-27" ENDDATE="2025-10-01" ISACTUAL="0" ISACTIVE="0" /><APARTMENT ID="20051066" OBJECTID="34526267" OBJECTGUID="8f4b2b68-9996-4be2-a933-20b5ad916af4" CHANGEID="52562326" NUMBER="1" APARTTYPE="2" OPERTYPEID="10" PREVID="0" NEXTID="111810858" UPDATEDATE="2025-09-30" STARTDATE="2017-03-02" ENDDATE="2025-09-30" ISACTUAL="0" ISACTIVE="0" /><APARTMENT ID="43745360" OBJECTID="73279424" OBJECTGUID="d7267032-fc17-4f3e-87ad-c5006a2f2a32" CHANGEID="109105802" NUMBER="1" APARTTYPE="2" OPERTYPEID="10" PREVID="0" NEXTID="111812911" UPDATEDATE="2025-10-01" STARTDATE="2018-06-13" ENDDATE="2025-10-01" ISACTUAL="0" ISACTIVE="0" /><APARTMENT ID="43745169" OBJECTID="73279032" OBJECTGUID="8af57350-846e-49be-adc4-167102783b05" CHANGEID="109105235" NUMBER="2" APARTTYPE="2" OPERTYPEID="10" PREVID="0" NEXTID="111812914" UPDATEDATE="2025-10-01" STARTDATE="2018-06-13" ENDDATE="2025-10-01" ISACTUAL="0" ISACTIVE="0" /><APARTMENT ID="110130423" OBJECTID="35142939" OBJECTGUID="c2d1fcc6-b6bb-47fe-acbf-1913d80511cb" CHANGEID="620045669" NUMBER="6" APARTTYPE="2" OPERTYPEID="20" PREVID="20449748" NEXTID="111818007" UPDATEDATE="2025-10-01" STARTDATE="2025-01-29" ENDDATE="2025-10-01" ISACTUAL="0" ISACTIVE="0" /><APARTMENT ID="111794647" OBJECTID="174914993" OBJECTGUID="fb8e6560-7aaa-43fc-b441-fb2bbff33fde" CHANGEID="689636654" NUMBER="2" APARTTYPE="2" OPERTYPEID="10" PREVID="0" NEXTID="0" UPDATEDATE="2025-09-29" STARTDATE="2025-09-29" ENDDATE="2079-06-06" ISACTUAL="1" ISACTIVE="1" /><APARTMENT ID="111794648" OBJECTID="174914994" OBJECTGUID="03b0ec70-0fd0-43a3-8fb4-df1a6a1605b1" CHANGEID="689636655" NUMBER="1" APARTTYPE="2" OPERTYPEID="10" PREVID="0" NEXTID="0" UPDATEDATE="2025-09-29" STARTDATE="2025-09-29" ENDDATE="2079-06-06" ISACTUAL="1" ISACTIVE="1" /><APARTMENT ID="111794655" OBJECTID="174915031" OBJECTGUID="67cfbc06-783c-4cef-a28d-0659bc3a04b5" CHANGEID="689636702" NUMBER="2" APARTTYPE="2" OPERTYPEID="10" PREVID="0" NEXTID="0" UPDATEDATE="2025-09-29" STARTDATE="2025-09-29" ENDDATE="2079-06-06" ISACTUAL="1" ISACTIVE="1" /><APARTMENT ID="111794656" OBJECTID="174915032" OBJECTGUID="e07d0069-66ad-4a56-bd71-f2f644660ea7" CHANGEID="689636703" NUMBER="1" APARTTYPE="2" OPERTYPEID="10" PREVID="0" NEXTID="0" UPDATEDATE="2025-09-29" STARTDATE="2025-09-29" ENDDATE="2079-06-06" ISACTUAL="1" ISACTIVE="1" /><APARTMENT ID="111797048" OBJECTID="4237344" OBJECTGUID="54d6f0ef-4304-4857-903d-63c4918997fe" CHANGEID="689649759" NUMBER="2" APARTTYPE="2" OPERTYPEID="55" PREVID="1714186" NEXTID="129168033" UPDATEDATE="2025-09-29" STARTDATE="2025-09-29" ENDDATE="2079-06-06" ISACTUAL="1" ISACTIVE="0" /><APARTMENT ID="1714186" OBJECTID="4237344" OBJECTGUID="54d6f0ef-4304-4857-903d-63c4918997fe" CHANGEID="8075204" NUMBER="2" APARTTYPE="2" OPERTYPEID="10" PREVID="0" NEXTID="111797048" UPDATEDATE="2025-09-29" STARTDATE="2018-12-27" ENDDATE="2025-09-29" ISACTUAL="0" ISACTIVE="0" /><APARTMENT ID="111797049" OBJECTID="4237410" OBJECTGUID="5b339ac8-1801-4554-9ca7-f03caeb9a161" CHANGEID="689649761" NUMBER="1" APARTTYPE="2" OPERTYPEID="55" PREVID="1714252" NEXTID="129168034" UPDATEDATE="2025-09-29" STARTDATE="2025-09-29" ENDDATE="2079-06-06" ISACTUAL="1" ISACTIVE="0" /><APARTMENT ID="1714252" OBJECTID="4237410" OBJECTGUID="5b339ac8-1801-4554-9ca7-f03caeb9a161" CHANGEID="8075310" NUMBER="1" APARTTYPE="2" OPERTYPEID="10" PREVID="0" NEXTID="111797049" UPDATEDATE="2025-09-29" STARTDATE="2018-12-27" ENDDATE="2025-09-29" ISACTUAL="0" ISACTIVE="0" /><APARTMENT ID="111803923" OBJECTID="48885249" OBJECTGUID="f8f60a6b-96a2-4861-96ed-28e46d634ce3" CHANGEID="689691274" NUMBER="2" APARTTYPE="2" OPERTYPEID="30" PREVID="28899793" NEXTID="0" UPDATEDATE="2025-09-29" STARTDATE="2025-09-29" ENDDATE="2079-06-06" ISACTUAL="1" ISACTIVE="0" /><APARTMENT ID="28899793" OBJECTID="48885249" OBJECTGUID="f8f60a6b-96a2-4861-96ed-28e46d634ce3" CHANGEID="73455163" NUMBER="2" APARTTYPE="2" OPERTYPEID="10" PREVID="0" NEXTID="111803923" UPDATEDATE="2025-09-29" STARTDATE="2018-08-29" ENDDATE="2025-09-29" ISACTUAL="0" ISACTIVE="0" /><APARTMENT ID="111806825" OBJECTID="2806984" OBJECTGUID="0429caa9-dfc1-4c5d-bacc-e3b960a0409c" CHANGEID="689710883" NUMBER="4" APARTTYPE="2" OPERTYPEID="30" PREVID="823792" NEXTID="0" UPDATEDATE="2025-09-30" STARTDATE="2025-09-30" ENDDATE="2079-06-06" ISACTUAL="1" ISACTIVE="0" /><APARTMENT ID="823792" OBJECTID="2806984" OBJECTGUID="0429caa9-dfc1-4c5d-bacc-e3b960a0409c" CHANGEID="6027097" NUMBER="4" APARTTYPE="2" OPERTYPEID="10" PREVID="0" NEXTID="111806825" UPDATEDATE="2025-09-30" STARTDATE="1990-01-01" ENDDATE="2025-09-30" ISACTUAL="0" ISACTIVE="0" /><APARTMENT ID="111806826" OBJECTID="2807042" OBJECTGUID="0ab1d71f-1b56-447b-9bd5-b933507e54d9" CHANGEID="689710884" NUMBER="3" APARTTYPE="2" OPERTYPEID="30" PREVID="823826" NEXTID="0" UPDATEDATE="2025-09-30" STARTDATE="2025-09-30" ENDDATE="2079-06-06" ISACTUAL="1" ISACTIVE="0" /><APARTMENT ID="823826" OBJECTID="2807042" OBJECTGUID="0ab1d71f-1b56-447b-9bd5-b933507e54d9" CHANGEID="6027172" NUMBER="3" APARTTYPE="2" OPERTYPEID="10" PREVID="0" NEXTID="111806826" UPDATEDATE="2025-09-30" STARTDATE="1990-01-01" ENDDATE="2025-09-30" ISACTUAL="0" ISACTIVE="0" /><APARTMENT ID="111806827" OBJECTID="2807055" OBJECTGUID="4e3a1740-b258-4bb0-a98a-7ea3c783bb35" CHANGEID="689710885" NUMBER="2" APARTTYPE="2" OPERTYPEID="30" PREVID="823834" NEXTID="0" UPDATEDATE="2025-09-30" STARTDATE="2025-09-30" ENDDATE="2079-06-06" ISACTUAL="1" ISACTIVE="0" /><APARTMENT ID="823834" OBJECTID="2807055" OBJECTGUID="4e3a1740-b258-4bb0-a98a-7ea3c783bb35" CHANGEID="6027187" NUMBER="2" APARTTYPE="2" OPERTYPEID="10" PREVID="0" NEXTID="111806827" UPDATEDATE="2025-09-30" STARTDATE="1990-01-01" ENDDATE="2025-09-30" ISACTUAL="0" ISACTIVE="0" /><APARTMENT ID="111806828" OBJECTID="2807061" OBJECTGUID="c45d4e64-3e8f-4574-9323-7a9d1c2ca52d" CHANGEID="689710886" NUMBER="1" APARTTYPE="2" OPERTYPEID="30" PREVID="823837" NEXTID="0" UPDATEDATE="2025-09-30" STARTDATE="2025-09-30" ENDDATE="2079-06-06" ISACTUAL="1" ISACTIVE="0" /><APARTMENT ID="823837" OBJECTID="2807061" OBJECTGUID="c45d4e64-3e8f-4574-9323-7a9d1c2ca52d" CHANGEID="6027199" NUMBER="1" APARTTYPE="2" OPERTYPEID="10" PREVID="0" NEXTID="111806828" UPDATEDATE="2025-09-30" STARTDATE="1990-01-01" ENDDATE="2025-09-30" ISACTUAL="0" ISACTIVE="0" /><APARTMENT ID="111806840" OBJECTID="174950531" OBJECTGUID="0b07fb53-2291-4e3b-9481-64d78499e03f" CHANGEID="689711078" NUMBER="17Н" APARTTYPE="1" OPERTYPEID="10" PREVID="0" NEXTID="0" UPDATEDATE="2025-09-30" STARTDATE="2025-09-30" ENDDATE="2079-06-06" ISACTUAL="1" ISACTIVE="1" /><APARTMENT ID="111806841" OBJECTID="174950532" OBJECTGUID="c3e21e70-ec44-47c5-abe7-30d2bc722137" CHANGEID="689711079" NUMBER="16Н" APARTTYPE="1" OPERTYPEID="10" PREVID="0" NEXTID="0" UPDATEDATE="2025-09-30" STARTDATE="2025-09-30" ENDDATE="2079-06-06" ISACTUAL="1" ISACTIVE="1" /><APARTMENT ID="111806842" OBJECTID="174950533" OBJECTGUID="8f91cce9-6d54-4b24-8133-62b5ef01a530" CHANGEID="689711080" NUMBER="15Н" APARTTYPE="1" OPERTYPEID="10" PREVID="0" NEXTID="0" UPDATEDATE="2025-09-30" STARTDATE="2025-09-30" ENDDATE="2079-06-06" ISACTUAL="1" ISACTIVE="1" /><APARTMENT ID="111806843" OBJECTID="174950534" OBJECTGUID="5f2150c2-261a-4a72-b7c8-0eb771b94000" CHANGEID="689711081" NUMBER="14Н" APARTTYPE="1" OPERTYPEID="10" PREVID="0" NEXTID="0" UPDATEDATE="2025-09-30" STARTDATE="2025-09-30" ENDDATE="2079-06-06" ISACTUAL="1" ISACTIVE="1" /><APARTMENT ID="111806844" OBJECTID="174950535" OBJECTGUID="df6e6887-56da-4d6e-b467-4b3188f6469a" CHANGEID="689711082" NUMBER="13Н" APARTTYPE="1" OPERTYPEID="10" PREVID="0" NEXTID="0" UPDATEDATE="2025-09-30" STARTDATE="2025-09-30" ENDDATE="2079-06-06" ISACTUAL="1" ISACTIVE="1" /><APARTMENT ID="111806845" OBJECTID="174950536" OBJECTGUID="7201961d-cf5b-40dc-b64f-22830f5ff197" CHANGEID="689711083" NUMBER="12Н" APARTTYPE="1" OPERTYPEID="10" PREVID="0" NEXTID="0" UPDATEDATE="2025-09-30" STARTDATE="2025-09-30" ENDDATE="2079-06-06" ISACTUAL="1" ISACTIVE="1" /><APARTMENT ID="111806846" OBJECTID="174950537" OBJECTGUID="a1bbb160-3554-487e-8ea3-aab903b38006" CHANGEID="689711084" NUMBER="11Н" APARTTYPE="1" OPERTYPEID="10" PREVID="0" NEXTID="0" UPDATEDATE="2025-09-30" STARTDATE="2025-09-30" ENDDATE="2079-06-06" ISACTUAL="1" ISACTIVE="1" /><APARTMENT ID="111806847" OBJECTID="174950538" OBJECTGUID="4dcf0894-26bd-40c5-a853-616116a6fe04" CHANGEID="689711085" NUMBER="10Н" APARTTYPE="1" OPERTYPEID="10" PREVID="0" NEXTID="0" UPDATEDATE="2025-09-30" STARTDATE="2025-09-30" ENDDATE="2079-06-06" ISACTUAL="1" ISACTIVE="1" /><APARTMENT ID="111806848" OBJECTID="174950539" OBJECTGUID="a0d2bf6b-95ae-48a3-9292-19ff91bcd9d8" CHANGEID="689711086" NUMBER="9Н" APARTTYPE="1" OPERTYPEID="10" PREVID="0" NEXTID="0" UPDATEDATE="2025-09-30" STARTDATE="2025-09-30" ENDDATE="2079-06-06" ISACTUAL="1" ISACTIVE="1" /><APARTMENT ID="111806849" OBJECTID="174950540" OBJECTGUID="d1d2f83f-d6da-47c4-850a-663a8d1d3ea7" CHANGEID="689711087" NUMBER="8Н" APARTTYPE="1" OPERTYPEID="10" PREVID="0" NEXTID="0" UPDATEDATE="2025-09-30" STARTDATE="2025-09-30" ENDDATE="2079-06-06" ISACTUAL="1" ISACTIVE="1" /><APARTMENT ID="111806850" OBJECTID="174950541" OBJECTGUID="7404f3f3-87d4-4477-b86a-a9fc4a6a319c" CHANGEID="689711088" NUMBER="7Н" APARTTYPE="1" OPERTYPEID="10" PREVID="0" NEXTID="0" UPDATEDATE="2025-09-30" STARTDATE="2025-09-30" ENDDATE="2079-06-06" ISACTUAL="1" ISACTIVE="1" /><APARTMENT ID="111806851" OBJECTID="174950542" OBJECTGUID="067a5126-0093-4495-86d8-e489d768326f" CHANGEID="689711089" NUMBER="6Н" APARTTYPE="1" OPERTYPEID="10" PREVID="0" NEXTID="0" UPDATEDATE="2025-09-30" STARTDATE="2025-09-30" ENDDATE="2079-06-06" ISACTUAL="1" ISACTIVE="1" /><APARTMENT ID="111806852" OBJECTID="174950543" OBJECTGUID="e975e17e-c343-4dad-8ffd-001bdaa232d5" CHANGEID="689711090" NUMBER="5Н" APARTTYPE="1" OPERTYPEID="10" PREVID="0" NEXTID="0" UPDATEDATE="2025-09-30" STARTDATE="2025-09-30" ENDDATE="2079-06-06" ISACTUAL="1" ISACTIVE="1" /><APARTMENT ID="111806853" OBJECTID="174950544" OBJECTGUID="2d917bfe-f3ce-4180-8648-6fc77111346a" CHANGEID="689711091" NUMBER="4Н" APARTTYPE="1" OPERTYPEID="10" PREVID="0" NEXTID="0" UPDATEDATE="2025-09-30" STARTDATE="2025-09-30" ENDDATE="2079-06-06" ISACTUAL="1" ISACTIVE="1" /><APARTMENT ID="111806854" OBJECTID="174950545" OBJECTGUID="fbf6f65e-fb19-4105-a27f-1cad06ecb516" CHANGEID="689711092" NUMBER="3Н" APARTTYPE="1" OPERTYPEID="10" PREVID="0" NEXTID="0" UPDATEDATE="2025-09-30" STARTDATE="2025-09-30" ENDDATE="2079-06-06" ISACTUAL="1" ISACTIVE="1" /><APARTMENT ID="111806855" OBJECTID="174950546" OBJECTGUID="f50bfa33-45b7-4d40-8fbe-97c7049fe9b5" CHANGEID="689711093" NUMBER="1Н" APARTTYPE="1" OPERTYPEID="10" PREVID="0" NEXTID="0" UPDATEDATE="2025-09-30" STARTDATE="2025-09-30" ENDDATE="2079-06-06" ISACTUAL="1" ISACTIVE="1" /><APARTMENT ID="111810858" OBJECTID="34526267" OBJECTGUID="8f4b2b68-9996-4be2-a933-20b5ad916af4" CHANGEID="689754470" NUMBER="1" APARTTYPE="2" OPERTYPEID="55" PREVID="20051066" NEXTID="129183185" UPDATEDATE="2025-09-30" STARTDATE="2025-09-30" ENDDATE="2079-06-06" ISACTUAL="1" ISACTIVE="0" /><APARTMENT ID="111810912" OBJECTID="174969052" OBJECTGUID="ea273ac8-9ea8-468a-b2bd-410edb30c67e" CHANGEID="689755676" NUMBER="2" APARTTYPE="2" OPERTYPEID="10" PREVID="0" NEXTID="0" UPDATEDATE="2025-09-30" STARTDATE="2025-09-30" ENDDATE="2079-06-06" ISACTUAL="1" ISACTIVE="1" /><APARTMENT ID="111810913" OBJECTID="174969053" OBJECTGUID="d64c3c57-6a82-431e-b6b5-782bb1432de4" CHANGEID="689755677" NUMBER="1" APARTTYPE="2" OPERTYPEID="10" PREVID="0" NEXTID="0" UPDATEDATE="2025-09-30" STARTDATE="2025-09-30" ENDDATE="2079-06-06" ISACTUAL="1" ISACTIVE="1" /><APARTMENT ID="111811290" OBJECTID="22534620" OBJECTGUID="5eae276e-caee-4456-badd-9441a6543fcc" CHANGEID="689757995" NUMBER="1" APARTTYPE="2" OPERTYPEID="55" PREVID="12662012" NEXTID="129183740" UPDATEDATE="2025-09-30" STARTDATE="2025-09-30" ENDDATE="2079-06-06" ISACTUAL="1" ISACTIVE="0" /><APARTMENT ID="12662012" OBJECTID="22534620" OBJECTGUID="5eae276e-caee-4456-badd-9441a6543fcc" CHANGEID="35116668" NUMBER="1" APARTTYPE="2" OPERTYPEID="10" PREVID="0" NEXTID="111811290" UPDATEDATE="2025-09-30" STARTDATE="2018-09-27" ENDDATE="2025-09-30" ISACTUAL="0" ISACTIVE="0" /><APARTMENT ID="111811294" OBJECTID="22534601" OBJECTGUID="56932f36-14c0-479e-81a2-0c5e043dc982" CHANGEID="689758220" NUMBER="3" APARTTYPE="2" OPERTYPEID="55" PREVID="12661998" NEXTID="129183750" UPDATEDATE="2025-09-30" STARTDATE="2025-09-30" ENDDATE="2079-06-06" ISACTUAL="1" ISACTIVE="0" /><APARTMENT ID="12661998" OBJECTID="22534601" OBJECTGUID="56932f36-14c0-479e-81a2-0c5e043dc982" CHANGEID="35116649" NUMBER="3" APARTTYPE="2" OPERTYPEID="10" PREVID="0" NEXTID="111811294" UPDATEDATE="2025-09-30" STARTDATE="2018-09-27" ENDDATE="2025-09-30" ISACTUAL="0" ISACTIVE="0" /><APARTMENT ID="12662016" OBJECTID="22534625" OBJECTGUID="d4a431e5-1c84-4654-952c-cbdde5bc9219" CHANGEID="35116675" NUMBER="4" APARTTYPE="2" OPERTYPEID="10" PREVID="0" NEXTID="111811297" UPDATEDATE="2025-09-30" STARTDATE="2018-09-27" ENDDATE="2025-09-30" ISACTUAL="0" ISACTIVE="0" /><APARTMENT ID="111811292" OBJECTID="22534631" OBJECTGUID="eff87b8f-01a2-43ba-af19-acf0883f894b" CHANGEID="689758086" NUMBER="2" APARTTYPE="2" OPERTYPEID="55" PREVID="12662022" NEXTID="129183745" UPDATEDATE="2025-09-30" STARTDATE="2025-09-30" ENDDATE="2079-06-06" ISACTUAL="1" ISACTIVE="0" /><APARTMENT ID="12662022" OBJECTID="22534631" OBJECTGUID="eff87b8f-01a2-43ba-af19-acf0883f894b" CHANGEID="35116680" NUMBER="2" APARTTYPE="2" OPERTYPEID="10" PREVID="0" NEXTID="111811292" UPDATEDATE="2025-09-30" STARTDATE="2018-09-27" ENDDATE="2025-09-30" ISACTUAL="0" ISACTIVE="0" /><APARTMENT ID="111811297" OBJECTID="22534625" OBJECTGUID="d4a431e5-1c84-4654-952c-cbdde5bc9219" CHANGEID="689758256" NUMBER="4" APARTTYPE="2" OPERTYPEID="55" PREVID="12662016" NEXTID="129183755" UPDATEDATE="2025-09-30" STARTDATE="2025-09-30" ENDDATE="2079-06-06" ISACTUAL="1" ISACTIVE="0" /><APARTMENT ID="111812071" OBJECTID="24721420" OBJECTGUID="36cf7703-6087-4dd0-8a3a-3cbc2c74ea90" CHANGEID="689784476" NUMBER="1" APARTTYPE="2" OPERTYPEID="55" PREVID="14009800" NEXTID="129185195" UPDATEDATE="2025-10-01" STARTDATE="2025-10-01" ENDDATE="2079-06-06" ISACTUAL="1" ISACTIVE="0" /><APARTMENT ID="14009800" OBJECTID="24721420" OBJECTGUID="36cf7703-6087-4dd0-8a3a-3cbc2c74ea90" CHANGEID="38305170" NUMBER="1" APARTTYPE="2" OPERTYPEID="10" PREVID="0" NEXTID="111812071" UPDATEDATE="2025-10-01" STARTDATE="2018-09-27" ENDDATE="2025-10-01" ISACTUAL="0" ISACTIVE="0" /><APARTMENT ID="111812072" OBJECTID="24721719" OBJECTGUID="f22fc999-0fbb-4647-812c-ac3f73880a3b" CHANGEID="689784482" NUMBER="2" APARTTYPE="2" OPERTYPEID="55" PREVID="14009922" NEXTID="129185197" UPDATEDATE="2025-10-01" STARTDATE="2025-10-01" ENDDATE="2079-06-06" ISACTUAL="1" ISACTIVE="0" /><APARTMENT ID="14009922" OBJECTID="24721719" OBJECTGUID="f22fc999-0fbb-4647-812c-ac3f73880a3b" CHANGEID="38305674" NUMBER="2" APARTTYPE="2" OPERTYPEID="10" PREVID="0" NEXTID="111812072" UPDATEDATE="2025-10-01" STARTDATE="2018-09-27" ENDDATE="2025-10-01" ISACTUAL="0" ISACTIVE="0" /><APARTMENT ID="111812073" OBJECTID="42361111" OBJECTGUID="6ee524f4-37c8-4c1f-afcc-c4574b9dc7d5" CHANGEID="689784486" NUMBER="1" APARTTYPE="2" OPERTYPEID="55" PREVID="24872454" NEXTID="129185198" UPDATEDATE="2025-10-01" STARTDATE="2025-10-01" ENDDATE="2079-06-06" ISACTUAL="1" ISACTIVE="0" /><APARTMENT ID="24872454" OBJECTID="42361111" OBJECTGUID="6ee524f4-37c8-4c1f-afcc-c4574b9dc7d5" CHANGEID="63999846" NUMBER="1" APARTTYPE="2" OPERTYPEID="10" PREVID="0" NEXTID="111812073" UPDATEDATE="2025-10-01" STARTDATE="2018-10-01" ENDDATE="2025-10-01" ISACTUAL="0" ISACTIVE="0" /><APARTMENT ID="111812074" OBJECTID="42361357" OBJECTGUID="dab72ee6-f110-4f37-ac02-93036fd90390" CHANGEID="689784491" NUMBER="2" APARTTYPE="2" OPERTYPEID="55" PREVID="24872582" NEXTID="129185199" UPDATEDATE="2025-10-01" STARTDATE="2025-10-01" ENDDATE="2079-06-06" ISACTUAL="1" ISACTIVE="0" /><APARTMENT ID="24872582" OBJECTID="42361357" OBJECTGUID="dab72ee6-f110-4f37-ac02-93036fd90390" CHANGEID="64000199" NUMBER="2" APARTTYPE="2" OPERTYPEID="10" PREVID="0" NEXTID="111812074" UPDATEDATE="2025-10-01" STARTDATE="2018-10-01" ENDDATE="2025-10-01" ISACTUAL="0" ISACTIVE="0" /><APARTMENT ID="111812075" OBJECTID="78899933" OBJECTGUID="89cd778b-cb41-4126-b9c3-f5c6bc76211d" CHANGEID="689784493" NUMBER="1" APARTTYPE="2" OPERTYPEID="55" PREVID="47202840" NEXTID="129185200" UPDATEDATE="2025-10-01" STARTDATE="2025-10-01" ENDDATE="2079-06-06" ISACTUAL="1" ISACTIVE="0" /><APARTMENT ID="47202840" OBJECTID="78899933" OBJECTGUID="89cd778b-cb41-4126-b9c3-f5c6bc76211d" CHANGEID="117271249" NUMBER="1" APARTTYPE="2" OPERTYPEID="10" PREVID="0" NEXTID="111812075" UPDATEDATE="2025-10-01" STARTDATE="2018-10-01" ENDDATE="2025-10-01" ISACTUAL="0" ISACTIVE="0" /><APARTMENT ID="111812076" OBJECTID="78899926" OBJECTGUID="24d62598-2d92-4d78-9a14-f07523df3a47" CHANGEID="689784495" NUMBER="2" APARTTYPE="2" OPERTYPEID="55" PREVID="47202836" NEXTID="129185201" UPDATEDATE="2025-10-01" STARTDATE="2025-10-01" ENDDATE="2079-06-06" ISACTUAL="1" ISACTIVE="0" /><APARTMENT ID="47202836" OBJECTID="78899926" OBJECTGUID="24d62598-2d92-4d78-9a14-f07523df3a47" CHANGEID="117271238" NUMBER="2" APARTTYPE="2" OPERTYPEID="10" PREVID="0" NEXTID="111812076" UPDATEDATE="2025-10-01" STARTDATE="2018-10-01" ENDDATE="2025-10-01" ISACTUAL="0" ISACTIVE="0" /><APARTMENT ID="111812911" OBJECTID="73279424" OBJECTGUID="d7267032-fc17-4f3e-87ad-c5006a2f2a32" CHANGEID="689785858" NUMBER="1" APARTTYPE="2" OPERTYPEID="55" PREVID="43745360" NEXTID="129185275" UPDATEDATE="2025-10-01" STARTDATE="2025-10-01" ENDDATE="2079-06-06" ISACTUAL="1" ISACTIVE="0" /><APARTMENT ID="111812914" OBJECTID="73279032" OBJECTGUID="8af57350-846e-49be-adc4-167102783b05" CHANGEID="689785864" NUMBER="2" APARTTYPE="2" OPERTYPEID="55" PREVID="43745169" NEXTID="129185277" UPDATEDATE="2025-10-01" STARTDATE="2025-10-01" ENDDATE="2079-06-06" ISACTUAL="1" ISACTIVE="0" /><APARTMENT ID="111812901" OBJECTID="34259028" OBJECTGUID="5d75c159-7faa-433d-9308-5b5d6518474d" CHANGEID="689785759" NUMBER="1" APARTTYPE="2" OPERTYPEID="55" PREVID="19885488" NEXTID="129185258" UPDATEDATE="2025-10-01" STARTDATE="2025-10-01" ENDDATE="2079-06-06" ISACTUAL="1" ISACTIVE="0" /><APARTMENT ID="111812904" OBJECTID="34259047" OBJECTGUID="cec12875-b787-4b05-9bd1-229ad9c0aa58" CHANGEID="689785776" NUMBER="2" APARTTYPE="2" OPERTYPEID="55" PREVID="19885510" NEXTID="129185263" UPDATEDATE="2025-10-01" STARTDATE="2025-10-01" ENDDATE="2079-06-06" ISACTUAL="1" ISACTIVE="0" /><APARTMENT ID="19885510" OBJECTID="34259047" OBJECTGUID="cec12875-b787-4b05-9bd1-229ad9c0aa58" CHANGEID="52177951" NUMBER="2" APARTTYPE="2" OPERTYPEID="10" PREVID="0" NEXTID="111812904" UPDATEDATE="2025-10-01" STARTDATE="2018-09-27" ENDDATE="2025-10-01" ISACTUAL="0" ISACTIVE="0" /><APARTMENT ID="111812905" OBJECTID="67260532" OBJECTGUID="a8207a74-d884-43d3-8975-10d935fa08ef" CHANGEID="689785787" NUMBER="1" APARTTYPE="2" OPERTYPEID="55" PREVID="40110420" NEXTID="129185267" UPDATEDATE="2025-10-01" STARTDATE="2025-10-01" ENDDATE="2079-06-06" ISACTUAL="1" ISACTIVE="0" /><APARTMENT ID="40110420" OBJECTID="67260532" OBJECTGUID="a8207a74-d884-43d3-8975-10d935fa08ef" CHANGEID="100282197" NUMBER="1" APARTTYPE="2" OPERTYPEID="10" PREVID="0" NEXTID="111812905" UPDATEDATE="2025-10-01" STARTDATE="2018-09-27" ENDDATE="2025-10-01" ISACTUAL="0" ISACTIVE="0" /><APARTMENT ID="111812910" OBJECTID="67260540" OBJECTGUID="c2de1957-6a28-4542-af33-dba8d88720d1" CHANGEID="689785803" NUMBER="2" APARTTYPE="2" OPERTYPEID="55" PREVID="40110424" NEXTID="129185274" UPDATEDATE="2025-10-01" STARTDATE="2025-10-01" ENDDATE="2079-06-06" ISACTUAL="1" ISACTIVE="0" /><APARTMENT ID="40110424" OBJECTID="67260540" OBJECTGUID="c2de1957-6a28-4542-af33-dba8d88720d1" CHANGEID="100282211" NUMBER="2" APARTTYPE="2" OPERTYPEID="10" PREVID="0" NEXTID="111812910" UPDATEDATE="2025-10-01" STARTDATE="2018-09-27" ENDDATE="2025-10-01" ISACTUAL="0" ISACTIVE="0" /><APARTMENT ID="111813049" OBJECTID="18879879" OBJECTGUID="87fc4186-0762-4acb-b9f3-99a4423dfbc1" CHANGEID="689787119" NUMBER="1" APARTTYPE="2" OPERTYPEID="55" PREVID="10518265" NEXTID="129185509" UPDATEDATE="2025-10-01" STARTDATE="2025-10-01" ENDDATE="2079-06-06" ISACTUAL="1" ISACTIVE="0" /><APARTMENT ID="10518265" OBJECTID="18879879" OBJECTGUID="87fc4186-0762-4acb-b9f3-99a4423dfbc1" CHANGEID="29650583" NUMBER="1" APARTTYPE="2" OPERTYPEID="10" PREVID="0" NEXTID="111813049" UPDATEDATE="2025-10-01" STARTDATE="2018-10-26" ENDDATE="2025-10-01" ISACTUAL="0" ISACTIVE="0" /><APARTMENT ID="111813087" OBJECTID="159272807" OBJECTGUID="d16b3a4c-28af-4611-908f-6aa934a3ff5a" CHANGEID="689787387" NUMBER="5" APARTTYPE="1" OPERTYPEID="30" PREVID="105476960" NEXTID="0" UPDATEDATE="2025-10-01" STARTDATE="2025-10-01" ENDDATE="2079-06-06" ISACTUAL="1" ISACTIVE="0" /><APARTMENT ID="105476960" OBJECTID="159272807" OBJECTGUID="d16b3a4c-28af-4611-908f-6aa934a3ff5a" CHANGEID="506765025" NUMBER="5" APARTTYPE="1" OPERTYPEID="10" PREVID="0" NEXTID="111813087" UPDATEDATE="2025-10-01" STARTDATE="2023-06-29" ENDDATE="2025-10-01" ISACTUAL="0" ISACTIVE="0" /><APARTMENT ID="111813941" OBJECTID="174976714" OBJECTGUID="cebe9b2d-6668-49b6-aee1-0041918bddf8" CHANGEID="689790506" NUMBER="18" APARTTYPE="1" OPERTYPEID="10" PREVID="0" NEXTID="0" UPDATEDATE="2025-10-01" STARTDATE="2025-10-01" ENDDATE="2079-06-06" ISACTUAL="1" ISACTIVE="1" /><APARTMENT ID="111813942" OBJECTID="174976715" OBJECTGUID="ad05ab78-9167-4c50-b00f-602de2076414" CHANGEID="689790507" NUMBER="17" APARTTYPE="1" OPERTYPEID="10" PREVID="0" NEXTID="0" UPDATEDATE="2025-10-01" STARTDATE="2025-10-01" ENDDATE="2079-06-06" ISACTUAL="1" ISACTIVE="1" /><APARTMENT ID="111813943" OBJECTID="174976716" OBJECTGUID="4070cd84-2db7-4860-b98b-b55afe788148" CHANGEID="689790508" NUMBER="16" APARTTYPE="1" OPERTYPEID="10" PREVID="0" NEXTID="0" UPDATEDATE="2025-10-01" STARTDATE="2025-10-01" ENDDATE="2079-06-06" ISACTUAL="1" ISACTIVE="1" /><APARTMENT ID="111813944" OBJECTID="174976717" OBJECTGUID="569660b2-ec3b-4447-ae44-a43b356ab22a" CHANGEID="689790509" NUMBER="15" APARTTYPE="1" OPERTYPEID="10" PREVID="0" NEXTID="0" UPDATEDATE="2025-10-01" STARTDATE="2025-10-01" ENDDATE="2079-06-06" ISACTUAL="1" ISACTIVE="1" /><APARTMENT ID="111813945" OBJECTID="174976718" OBJECTGUID="d66f47ee-97b2-4c8a-ae3d-1d1465c438d9" CHANGEID="689790510" NUMBER="14" APARTTYPE="1" OPERTYPEID="10" PREVID="0" NEXTID="0" UPDATEDATE="2025-10-01" STARTDATE="2025-10-01" ENDDATE="2079-06-06" ISACTUAL="1" ISACTIVE="1" /><APARTMENT ID="111813946" OBJECTID="174976719" OBJECTGUID="0ee8b745-3652-4bc1-b162-ac230a0143c5" CHANGEID="689790511" NUMBER="13" APARTTYPE="1" OPERTYPEID="10" PREVID="0" NEXTID="0" UPDATEDATE="2025-10-01" STARTDATE="2025-10-01" ENDDATE="2079-06-06" ISACTUAL="1" ISACTIVE="1" /><APARTMENT ID="111813947" OBJECTID="174976720" OBJECTGUID="9bb42a4b-7fcd-4c27-9291-f35f0446385f" CHANGEID="689790512" NUMBER="12" APARTTYPE="1" OPERTYPEID="10" PREVID="0" NEXTID="0" UPDATEDATE="2025-10-01" STARTDATE="2025-10-01" ENDDATE="2079-06-06" ISACTUAL="1" ISACTIVE="1" /><APARTMENT ID="111813948" OBJECTID="174976721" OBJECTGUID="c17a396f-18d6-4b8d-ac51-48eb845629cd" CHANGEID="689790513" NUMBER="11" APARTTYPE="1" OPERTYPEID="10" PREVID="0" NEXTID="0" UPDATEDATE="2025-10-01" STARTDATE="2025-10-01" ENDDATE="2079-06-06" ISACTUAL="1" ISACTIVE="1" /><APARTMENT ID="111813949" OBJECTID="174976722" OBJECTGUID="689ac663-e120-4064-9c66-23d24a75332e" CHANGEID="689790514" NUMBER="10" APARTTYPE="1" OPERTYPEID="10" PREVID="0" NEXTID="0" UPDATEDATE="2025-10-01" STARTDATE="2025-10-01" ENDDATE="2079-06-06" ISACTUAL="1" ISACTIVE="1" /><APARTMENT ID="111813950" OBJECTID="174976723" OBJECTGUID="6d6a1913-0192-42c9-8c26-d3a150bb7880" CHANGEID="689790515" NUMBER="9" APARTTYPE="1" OPERTYPEID="10" PREVID="0" NEXTID="0" UPDATEDATE="2025-10-01" STARTDATE="2025-10-01" ENDDATE="2079-06-06" ISACTUAL="1" ISACTIVE="1" /><APARTMENT ID="111813951" OBJECTID="174976724" OBJECTGUID="1a3169a7-e9e2-4c0d-a324-3fbe74b06e15" CHANGEID="689790516" NUMBER="8" APARTTYPE="1" OPERTYPEID="10" PREVID="0" NEXTID="0" UPDATEDATE="2025-10-01" STARTDATE="2025-10-01" ENDDATE="2079-06-06" ISACTUAL="1" ISACTIVE="1" /><APARTMENT ID="111813952" OBJECTID="174976725" OBJECTGUID="3f994117-c385-42e9-86c5-e9f51848046c" CHANGEID="689790517" NUMBER="7" APARTTYPE="1" OPERTYPEID="10" PREVID="0" NEXTID="0" UPDATEDATE="2025-10-01" STARTDATE="2025-10-01" ENDDATE="2079-06-06" ISACTUAL="1" ISACTIVE="1" /><APARTMENT ID="111813953" OBJECTID="174976726" OBJECTGUID="b84ea175-a8cc-4386-aef5-4888b8163d60" CHANGEID="689790518" NUMBER="6" APARTTYPE="1" OPERTYPEID="10" PREVID="0" NEXTID="0" UPDATEDATE="2025-10-01" STARTDATE="2025-10-01" ENDDATE="2079-06-06" ISACTUAL="1" ISACTIVE="1" /><APARTMENT ID="111813954" OBJECTID="174976727" OBJECTGUID="397d8be5-ff42-4f4b-9d9c-79c013990edd" CHANGEID="689790519" NUMBER="5" APARTTYPE="1" OPERTYPEID="10" PREVID="0" NEXTID="0" UPDATEDATE="2025-10-01" STARTDATE="2025-10-01" ENDDATE="2079-06-06" ISACTUAL="1" ISACTIVE="1" /><APARTMENT ID="111813955" OBJECTID="174976728" OBJECTGUID="a79cd41f-891d-4434-81bb-e2d3c50da6e6" CHANGEID="689790520" NUMBER="4" APARTTYPE="1" OPERTYPEID="10" PREVID="0" NEXTID="0" UPDATEDATE="2025-10-01" STARTDATE="2025-10-01" ENDDATE="2079-06-06" ISACTUAL="1" ISACTIVE="1" /><APARTMENT ID="111813956" OBJECTID="174976729" OBJECTGUID="b7a424fa-4d69-4b56-af30-0cf206878c93" CHANGEID="689790521" NUMBER="3" APARTTYPE="1" OPERTYPEID="10" PREVID="0" NEXTID="0" UPDATEDATE="2025-10-01" STARTDATE="2025-10-01" ENDDATE="2079-06-06" ISACTUAL="1" ISACTIVE="1" /><APARTMENT ID="111813957" OBJECTID="174976730" OBJECTGUID="90f4e2bb-b3c2-4c95-bb81-c28039787ba0" CHANGEID="689790522" NUMBER="2" APARTTYPE="1" OPERTYPEID="10" PREVID="0" NEXTID="0" UPDATEDATE="2025-10-01" STARTDATE="2025-10-01" ENDDATE="2079-06-06" ISACTUAL="1" ISACTIVE="1" /><APARTMENT ID="111813958" OBJECTID="174976731" OBJECTGUID="c4f04b20-0272-4ff8-acbd-cf62410b7145" CHANGEID="689790523" NUMBER="1" APARTTYPE="1" OPERTYPEID="10" PREVID="0" NEXTID="0" UPDATEDATE="2025-10-01" STARTDATE="2025-10-01" ENDDATE="2079-06-06" ISACTUAL="1" ISACTIVE="1" /><APARTMENT ID="111815434" OBJECTID="34609553" OBJECTGUID="1a41bca9-5bdc-4e39-a550-c2e4896e3f3a" CHANGEID="689803386" NUMBER="1" APARTTYPE="2" OPERTYPEID="55" PREVID="20106382" NEXTID="129188180" UPDATEDATE="2025-10-01" STARTDATE="2025-10-01" ENDDATE="2079-06-06" ISACTUAL="1" ISACTIVE="0" /><APARTMENT ID="20106382" OBJECTID="34609553" OBJECTGUID="1a41bca9-5bdc-4e39-a550-c2e4896e3f3a" CHANGEID="52678649" NUMBER="1" APARTTYPE="2" OPERTYPEID="10" PREVID="0" NEXTID="111815434" UPDATEDATE="2025-10-01" STARTDATE="2018-08-30" ENDDATE="2025-10-01" ISACTUAL="0" ISACTIVE="0" /><APARTMENT ID="111815435" OBJECTID="34610506" OBJECTGUID="53c55ec4-02e8-4e78-8384-f8f59edc3cbc" CHANGEID="689803388" NUMBER="2" APARTTYPE="2" OPERTYPEID="55" PREVID="20107021" NEXTID="129188181" UPDATEDATE="2025-10-01" STARTDATE="2025-10-01" ENDDATE="2079-06-06" ISACTUAL="1" ISACTIVE="0" /><APARTMENT ID="20107021" OBJECTID="34610506" OBJECTGUID="53c55ec4-02e8-4e78-8384-f8f59edc3cbc" CHANGEID="52679922" NUMBER="2" APARTTYPE="2" OPERTYPEID="10" PREVID="0" NEXTID="111815435" UPDATEDATE="2025-10-01" STARTDATE="2018-08-30" ENDDATE="2025-10-01" ISACTUAL="0" ISACTIVE="0" /><APARTMENT ID="111815442" OBJECTID="96504799" OBJECTGUID="4b1c36c8-3f5e-4b50-a0e3-319730b7297c" CHANGEID="689803538" NUMBER="1" APARTTYPE="2" OPERTYPEID="55" PREVID="51014731" NEXTID="129188206" UPDATEDATE="2025-10-01" STARTDATE="2025-10-01" ENDDATE="2079-06-06" ISACTUAL="1" ISACTIVE="0" /><APARTMENT ID="51014731" OBJECTID="96504799" OBJECTGUID="4b1c36c8-3f5e-4b50-a0e3-319730b7297c" CHANGEID="147455250" NUMBER="1" APARTTYPE="2" OPERTYPEID="10" PREVID="0" NEXTID="111815442" UPDATEDATE="2025-10-01" STARTDATE="2020-04-27" ENDDATE="2025-10-01" ISACTUAL="0" ISACTIVE="0" /><APARTMENT ID="111815443" OBJECTID="96504784" OBJECTGUID="f69570b0-5b97-421c-8a3c-330fec5f84ac" CHANGEID="689803544" NUMBER="1" APARTTYPE="2" OPERTYPEID="55" PREVID="51014729" NEXTID="129188209" UPDATEDATE="2025-10-01" STARTDATE="2025-10-01" ENDDATE="2079-06-06" ISACTUAL="1" ISACTIVE="0" /><APARTMENT ID="51014729" OBJECTID="96504784" OBJECTGUID="f69570b0-5b97-421c-8a3c-330fec5f84ac" CHANGEID="147455234" NUMBER="1" APARTTYPE="2" OPERTYPEID="10" PREVID="0" NEXTID="111815443" UPDATEDATE="2025-10-01" STARTDATE="2020-04-27" ENDDATE="2025-10-01" ISACTUAL="0" ISACTIVE="0" /><APARTMENT ID="111816503" OBJECTID="102980985" OBJECTGUID="f29ef934-e298-4230-9329-01c3e265dc9b" CHANGEID="689810833" NUMBER="1" APARTTYPE="2" OPERTYPEID="55" PREVID="53306065" NEXTID="129189330" UPDATEDATE="2025-10-01" STARTDATE="2025-10-01" ENDDATE="2079-06-06" ISACTUAL="1" ISACTIVE="0" /><APARTMENT ID="53306065" OBJECTID="102980985" OBJECTGUID="f29ef934-e298-4230-9329-01c3e265dc9b" CHANGEID="228409041" NUMBER="1" APARTTYPE="2" OPERTYPEID="10" PREVID="0" NEXTID="111816503" UPDATEDATE="2025-10-01" STARTDATE="2021-11-22" ENDDATE="2025-10-01" ISACTUAL="0" ISACTIVE="0" /><APARTMENT ID="111816499" OBJECTID="174986766" OBJECTGUID="7b0ee6e9-b522-436f-8ff3-72d6d68570e2" CHANGEID="689810827" NUMBER="4" APARTTYPE="2" OPERTYPEID="10" PREVID="0" NEXTID="0" UPDATEDATE="2025-10-01" STARTDATE="2025-10-01" ENDDATE="2079-06-06" ISACTUAL="1" ISACTIVE="1" /><APARTMENT ID="111816504" OBJECTID="174986771" OBJECTGUID="4a4ae269-a17a-41f5-85d9-0826524279b9" CHANGEID="689810836" NUMBER="3" APARTTYPE="2" OPERTYPEID="10" PREVID="0" NEXTID="0" UPDATEDATE="2025-10-01" STARTDATE="2025-10-01" ENDDATE="2079-06-06" ISACTUAL="1" ISACTIVE="1" /><APARTMENT ID="111816505" OBJECTID="174986772" OBJECTGUID="942ac6c5-d719-4596-8c27-bf5644a2c856" CHANGEID="689810837" NUMBER="1" APARTTYPE="2" OPERTYPEID="10" PREVID="0" NEXTID="0" UPDATEDATE="2025-10-01" STARTDATE="2025-10-01" ENDDATE="2079-06-06" ISACTUAL="1" ISACTIVE="1" /><APARTMENT ID="111818007" OBJECTID="35142939" OBJECTGUID="c2d1fcc6-b6bb-47fe-acbf-1913d80511cb" CHANGEID="689814803" NUMBER="6" APARTTYPE="2" OPERTYPEID="55" PREVID="110130423" NEXTID="129190003" UPDATEDATE="2025-10-01" STARTDATE="2025-10-01" ENDDATE="2079-06-06" ISACTUAL="1" ISACTIVE="0" /><APARTMENT ID="111818018" OBJECTID="22049074" OBJECTGUID="793ddf01-605c-4fc6-8478-405e4cdeb1e0" CHANGEID="689815163" NUMBER="1" APARTTYPE="2" OPERTYPEID="55" PREVID="109058963" NEXTID="129190049" UPDATEDATE="2025-10-01" STARTDATE="2025-10-01" ENDDATE="2079-06-06" ISACTUAL="1" ISACTIVE="0" /><APARTMENT ID="109058963" OBJECTID="22049074" OBJECTGUID="793ddf01-605c-4fc6-8478-405e4cdeb1e0" CHANGEID="605523740" NUMBER="1" APARTTYPE="2" OPERTYPEID="20" PREVID="12375145" NEXTID="111818018" UPDATEDATE="2025-10-01" STARTDATE="2024-10-25" ENDDATE="2025-10-01" ISACTUAL="0" ISACTIVE="0" /><APARTMENT ID="111818019" OBJECTID="22049106" OBJECTGUID="f365964b-4613-4fbb-b0af-5fb9c7989cd5" CHANGEID="689815165" NUMBER="2" APARTTYPE="2" OPERTYPEID="55" PREVID="109058964" NEXTID="129190050" UPDATEDATE="2025-10-01" STARTDATE="2025-10-01" ENDDATE="2079-06-06" ISACTUAL="1" ISACTIVE="0" /><APARTMENT ID="109058964" OBJECTID="22049106" OBJECTGUID="f365964b-4613-4fbb-b0af-5fb9c7989cd5" CHANGEID="605523741" NUMBER="2" APARTTYPE="2" OPERTYPEID="20" PREVID="12375165" NEXTID="111818019" UPDATEDATE="2025-10-01" STARTDATE="2024-10-25" ENDDATE="2025-10-01" ISACTUAL="0" ISACTIVE="0" /><APARTMENT ID="111818086" OBJECTID="54480485" OBJECTGUID="3ca3ba63-7880-456f-b7d3-97de1cbe7045" CHANGEID="689816285" NUMBER="1" APARTTYPE="2" OPERTYPEID="55" PREVID="32376419" NEXTID="129190213" UPDATEDATE="2025-10-01" STARTDATE="2025-10-01" ENDDATE="2079-06-06" ISACTUAL="1" ISACTIVE="0" /><APARTMENT ID="32376419" OBJECTID="54480485" OBJECTGUID="3ca3ba63-7880-456f-b7d3-97de1cbe7045" CHANGEID="81529579" NUMBER="1" APARTTYPE="2" OPERTYPEID="10" PREVID="0" NEXTID="111818086" UPDATEDATE="2025-10-01" STARTDATE="2018-10-08" ENDDATE="2025-10-01" ISACTUAL="0" ISACTIVE="0" /><APARTMENT ID="111818087" OBJECTID="54480764" OBJECTGUID="bf27b433-803e-4e0a-a7a4-7065de625c2e" CHANGEID="689816287" NUMBER="2" APARTTYPE="2" OPERTYPEID="55" PREVID="32376497" NEXTID="129190214" UPDATEDATE="2025-10-01" STARTDATE="2025-10-01" ENDDATE="2079-06-06" ISACTUAL="1" ISACTIVE="0" /><APARTMENT ID="32376497" OBJECTID="54480764" OBJECTGUID="bf27b433-803e-4e0a-a7a4-7065de625c2e" CHANGEID="81529991" NUMBER="2" APARTTYPE="2" OPERTYPEID="10" PREVID="0" NEXTID="111818087" UPDATEDATE="2025-10-01" STARTDATE="2018-10-08" ENDDATE="2025-10-01" ISACTUAL="0" ISACTIVE="0" /><APARTMENT ID="111818411" OBJECTID="173093550" OBJECTGUID="091ae75b-ff73-4b17-903a-f849b2cbd74b" CHANGEID="689817620" NUMBER="87" APARTTYPE="2" OPERTYPEID="30" PREVID="111180982" NEXTID="0" UPDATEDATE="2025-10-01" STARTDATE="2025-10-01" ENDDATE="2079-06-06" ISACTUAL="1" ISACTIVE="0" /><APARTMENT ID="111180982" OBJECTID="173093550" OBJECTGUID="091ae75b-ff73-4b17-903a-f849b2cbd74b" CHANGEID="654495849" NUMBER="87" APARTTYPE="2" OPERTYPEID="10" PREVID="0" NEXTID="111818411" UPDATEDATE="2025-10-01" STARTDATE="2025-06-25" ENDDATE="2025-10-01" ISACTUAL="0" ISACTIVE="0" /><APARTMENT ID="111818444" OBJECTID="174990808" OBJECTGUID="8bbcc29a-8fa5-4bd9-a344-53e3529fb2f2" CHANGEID="689817827" NUMBER="1Н" APARTTYPE="1" OPERTYPEID="10" PREVID="0" NEXTID="0" UPDATEDATE="2025-10-01" STARTDATE="2025-10-01" ENDDATE="2079-06-06" ISACTUAL="1" ISACTIVE="1" /></APARTMENTS>