﻿<?xml version="1.0" encoding="utf-8"?><APARTMENTS><APARTMENT ID="111796594" OBJECTID="174921031" OBJECTGUID="442257d7-1fcc-45eb-aba0-175c50629059" CHANGEID="689648055" NUMBER="1" APARTTYPE="1" OPERTYPEID="10" PREVID="0" NEXTID="0" UPDATEDATE="2025-09-29" STARTDATE="2025-09-29" ENDDATE="2079-06-06" ISACTUAL="1" ISACTIVE="1" /><APARTMENT ID="111801608" OBJECTID="174934040" OBJECTGUID="3686bba8-d6d3-44fa-ab75-1a5b2d11f1c5" CHANGEID="689675837" NUMBER="3Н" APARTTYPE="1" OPERTYPEID="10" PREVID="0" NEXTID="0" UPDATEDATE="2025-09-29" STARTDATE="2025-09-29" ENDDATE="2079-06-06" ISACTUAL="1" ISACTIVE="1" /><APARTMENT ID="111802222" OBJECTID="174935791" OBJECTGUID="416cdf1c-3658-4022-a181-19563a30fcd6" CHANGEID="689680276" NUMBER="20" APARTTYPE="2" OPERTYPEID="10" PREVID="0" NEXTID="0" UPDATEDATE="2025-09-29" STARTDATE="2025-09-29" ENDDATE="2079-06-06" ISACTUAL="1" ISACTIVE="1" /><APARTMENT ID="111802223" OBJECTID="174935792" OBJECTGUID="48c811d7-64e8-4309-81d2-6cf9ce1c9b75" CHANGEID="689680277" NUMBER="19" APARTTYPE="2" OPERTYPEID="10" PREVID="0" NEXTID="0" UPDATEDATE="2025-09-29" STARTDATE="2025-09-29" ENDDATE="2079-06-06" ISACTUAL="1" ISACTIVE="1" /><APARTMENT ID="111802224" OBJECTID="174935793" OBJECTGUID="6f505aaf-77e3-49fc-907c-878d9767c623" CHANGEID="689680278" NUMBER="18" APARTTYPE="2" OPERTYPEID="10" PREVID="0" NEXTID="0" UPDATEDATE="2025-09-29" STARTDATE="2025-09-29" ENDDATE="2079-06-06" ISACTUAL="1" ISACTIVE="1" /><APARTMENT ID="111802225" OBJECTID="174935794" OBJECTGUID="fd9a3821-3cff-4307-b150-091a8368136c" CHANGEID="689680279" NUMBER="17" APARTTYPE="2" OPERTYPEID="10" PREVID="0" NEXTID="0" UPDATEDATE="2025-09-29" STARTDATE="2025-09-29" ENDDATE="2079-06-06" ISACTUAL="1" ISACTIVE="1" /><APARTMENT ID="111802226" OBJECTID="174935795" OBJECTGUID="baf09d6f-6af1-4aa7-92bd-af029ee778f7" CHANGEID="689680280" NUMBER="16" APARTTYPE="2" OPERTYPEID="10" PREVID="0" NEXTID="0" UPDATEDATE="2025-09-29" STARTDATE="2025-09-29" ENDDATE="2079-06-06" ISACTUAL="1" ISACTIVE="1" /><APARTMENT ID="111802227" OBJECTID="174935796" OBJECTGUID="e677aae1-1816-4a1b-b213-917839be9d74" CHANGEID="689680281" NUMBER="15" APARTTYPE="2" OPERTYPEID="10" PREVID="0" NEXTID="0" UPDATEDATE="2025-09-29" STARTDATE="2025-09-29" ENDDATE="2079-06-06" ISACTUAL="1" ISACTIVE="1" /><APARTMENT ID="111802228" OBJECTID="174935797" OBJECTGUID="9099355a-2bf1-48ea-93b0-8c6a341fe1a5" CHANGEID="689680282" NUMBER="13" APARTTYPE="2" OPERTYPEID="10" PREVID="0" NEXTID="0" UPDATEDATE="2025-09-29" STARTDATE="2025-09-29" ENDDATE="2079-06-06" ISACTUAL="1" ISACTIVE="1" /><APARTMENT ID="111802229" OBJECTID="174935798" OBJECTGUID="a05ef15e-39f0-4a93-92c9-e6fa252b816f" CHANGEID="689680283" NUMBER="12" APARTTYPE="2" OPERTYPEID="10" PREVID="0" NEXTID="0" UPDATEDATE="2025-09-29" STARTDATE="2025-09-29" ENDDATE="2079-06-06" ISACTUAL="1" ISACTIVE="1" /><APARTMENT ID="111802230" OBJECTID="174935799" OBJECTGUID="69cc1db0-adc1-4b6f-890f-e7098e252e82" CHANGEID="689680284" NUMBER="11" APARTTYPE="2" OPERTYPEID="10" PREVID="0" NEXTID="0" UPDATEDATE="2025-09-29" STARTDATE="2025-09-29" ENDDATE="2079-06-06" ISACTUAL="1" ISACTIVE="1" /><APARTMENT ID="111802231" OBJECTID="174935800" OBJECTGUID="e7acab5f-79e6-4cc6-9727-acada10085cf" CHANGEID="689680285" NUMBER="10" APARTTYPE="2" OPERTYPEID="10" PREVID="0" NEXTID="0" UPDATEDATE="2025-09-29" STARTDATE="2025-09-29" ENDDATE="2079-06-06" ISACTUAL="1" ISACTIVE="1" /><APARTMENT ID="111802232" OBJECTID="174935801" OBJECTGUID="8d749a25-0347-4891-96fc-8bad60d73b08" CHANGEID="689680286" NUMBER="9" APARTTYPE="2" OPERTYPEID="10" PREVID="0" NEXTID="0" UPDATEDATE="2025-09-29" STARTDATE="2025-09-29" ENDDATE="2079-06-06" ISACTUAL="1" ISACTIVE="1" /><APARTMENT ID="111802233" OBJECTID="174935802" OBJECTGUID="2697228b-6b71-44d7-ab34-0bc0a8d66e70" CHANGEID="689680287" NUMBER="8" APARTTYPE="2" OPERTYPEID="10" PREVID="0" NEXTID="0" UPDATEDATE="2025-09-29" STARTDATE="2025-09-29" ENDDATE="2079-06-06" ISACTUAL="1" ISACTIVE="1" /><APARTMENT ID="111802234" OBJECTID="174935803" OBJECTGUID="b45f3db4-ed68-44f3-b6fe-cf6ac68f4602" CHANGEID="689680288" NUMBER="7" APARTTYPE="2" OPERTYPEID="10" PREVID="0" NEXTID="0" UPDATEDATE="2025-09-29" STARTDATE="2025-09-29" ENDDATE="2079-06-06" ISACTUAL="1" ISACTIVE="1" /><APARTMENT ID="111802235" OBJECTID="174935804" OBJECTGUID="5f88f0d6-89fa-44c1-9bc9-3c2fd0d9869b" CHANGEID="689680289" NUMBER="6" APARTTYPE="2" OPERTYPEID="10" PREVID="0" NEXTID="0" UPDATEDATE="2025-09-29" STARTDATE="2025-09-29" ENDDATE="2079-06-06" ISACTUAL="1" ISACTIVE="1" /><APARTMENT ID="111802236" OBJECTID="174935805" OBJECTGUID="f3381397-e3a1-46b1-9bb1-fff579bd974d" CHANGEID="689680290" NUMBER="5" APARTTYPE="2" OPERTYPEID="10" PREVID="0" NEXTID="0" UPDATEDATE="2025-09-29" STARTDATE="2025-09-29" ENDDATE="2079-06-06" ISACTUAL="1" ISACTIVE="1" /><APARTMENT ID="111802237" OBJECTID="174935806" OBJECTGUID="9bcfffa9-5ceb-4a87-939b-3ed9ee52f0d0" CHANGEID="689680291" NUMBER="4" APARTTYPE="2" OPERTYPEID="10" PREVID="0" NEXTID="0" UPDATEDATE="2025-09-29" STARTDATE="2025-09-29" ENDDATE="2079-06-06" ISACTUAL="1" ISACTIVE="1" /><APARTMENT ID="111802238" OBJECTID="174935807" OBJECTGUID="b13c29c8-4f32-4b73-83a1-15dfb49a57ee" CHANGEID="689680292" NUMBER="3" APARTTYPE="2" OPERTYPEID="10" PREVID="0" NEXTID="0" UPDATEDATE="2025-09-29" STARTDATE="2025-09-29" ENDDATE="2079-06-06" ISACTUAL="1" ISACTIVE="1" /><APARTMENT ID="111802239" OBJECTID="174935808" OBJECTGUID="7fcd34c3-7038-47c0-8260-9848c3211fda" CHANGEID="689680293" NUMBER="2" APARTTYPE="2" OPERTYPEID="10" PREVID="0" NEXTID="0" UPDATEDATE="2025-09-29" STARTDATE="2025-09-29" ENDDATE="2079-06-06" ISACTUAL="1" ISACTIVE="1" /><APARTMENT ID="111802240" OBJECTID="174935809" OBJECTGUID="a82b4d5f-0a43-4053-ab03-bf973c2a652e" CHANGEID="689680294" NUMBER="1" APARTTYPE="2" OPERTYPEID="10" PREVID="0" NEXTID="0" UPDATEDATE="2025-09-29" STARTDATE="2025-09-29" ENDDATE="2079-06-06" ISACTUAL="1" ISACTIVE="1" /><APARTMENT ID="111802241" OBJECTID="174935817" OBJECTGUID="c6f1627e-f1e4-44e9-8142-b37c0e5f8c15" CHANGEID="689680317" NUMBER="30" APARTTYPE="2" OPERTYPEID="10" PREVID="0" NEXTID="0" UPDATEDATE="2025-09-29" STARTDATE="2025-09-29" ENDDATE="2079-06-06" ISACTUAL="1" ISACTIVE="1" /><APARTMENT ID="111802242" OBJECTID="174935818" OBJECTGUID="85cc0bb7-e236-43f8-9207-cf6860e28fa7" CHANGEID="689680318" NUMBER="40" APARTTYPE="2" OPERTYPEID="10" PREVID="0" NEXTID="0" UPDATEDATE="2025-09-29" STARTDATE="2025-09-29" ENDDATE="2079-06-06" ISACTUAL="1" ISACTIVE="1" /><APARTMENT ID="111802243" OBJECTID="174935819" OBJECTGUID="c4c7d0cb-29b4-44e7-b7ca-b3d0881506bb" CHANGEID="689680319" NUMBER="39" APARTTYPE="2" OPERTYPEID="10" PREVID="0" NEXTID="0" UPDATEDATE="2025-09-29" STARTDATE="2025-09-29" ENDDATE="2079-06-06" ISACTUAL="1" ISACTIVE="1" /><APARTMENT ID="111802244" OBJECTID="174935820" OBJECTGUID="119b0803-695f-4419-b2cd-74a84ed92863" CHANGEID="689680320" NUMBER="38" APARTTYPE="2" OPERTYPEID="10" PREVID="0" NEXTID="0" UPDATEDATE="2025-09-29" STARTDATE="2025-09-29" ENDDATE="2079-06-06" ISACTUAL="1" ISACTIVE="1" /><APARTMENT ID="111802245" OBJECTID="174935821" OBJECTGUID="2fe12504-1bf2-42d0-a302-750f597aabb7" CHANGEID="689680321" NUMBER="37" APARTTYPE="2" OPERTYPEID="10" PREVID="0" NEXTID="0" UPDATEDATE="2025-09-29" STARTDATE="2025-09-29" ENDDATE="2079-06-06" ISACTUAL="1" ISACTIVE="1" /><APARTMENT ID="111802246" OBJECTID="174935822" OBJECTGUID="0f8270da-9fd3-4368-9d2b-ab94a3dbcec4" CHANGEID="689680322" NUMBER="36" APARTTYPE="2" OPERTYPEID="10" PREVID="0" NEXTID="0" UPDATEDATE="2025-09-29" STARTDATE="2025-09-29" ENDDATE="2079-06-06" ISACTUAL="1" ISACTIVE="1" /><APARTMENT ID="111802247" OBJECTID="174935823" OBJECTGUID="10cf679b-6a9a-47ed-928e-e4a6c7fdcb12" CHANGEID="689680323" NUMBER="35" APARTTYPE="2" OPERTYPEID="10" PREVID="0" NEXTID="0" UPDATEDATE="2025-09-29" STARTDATE="2025-09-29" ENDDATE="2079-06-06" ISACTUAL="1" ISACTIVE="1" /><APARTMENT ID="111802248" OBJECTID="174935824" OBJECTGUID="4f90e9be-4cff-441e-aaf6-c8f796425fc2" CHANGEID="689680324" NUMBER="34" APARTTYPE="2" OPERTYPEID="10" PREVID="0" NEXTID="0" UPDATEDATE="2025-09-29" STARTDATE="2025-09-29" ENDDATE="2079-06-06" ISACTUAL="1" ISACTIVE="1" /><APARTMENT ID="111802249" OBJECTID="174935825" OBJECTGUID="4cd957b3-a3b2-49d8-ab75-330c37c37486" CHANGEID="689680325" NUMBER="33" APARTTYPE="2" OPERTYPEID="10" PREVID="0" NEXTID="0" UPDATEDATE="2025-09-29" STARTDATE="2025-09-29" ENDDATE="2079-06-06" ISACTUAL="1" ISACTIVE="1" /><APARTMENT ID="111802250" OBJECTID="174935826" OBJECTGUID="2ce43d52-3115-4ead-939f-9ced22c4364c" CHANGEID="689680326" NUMBER="32" APARTTYPE="2" OPERTYPEID="10" PREVID="0" NEXTID="0" UPDATEDATE="2025-09-29" STARTDATE="2025-09-29" ENDDATE="2079-06-06" ISACTUAL="1" ISACTIVE="1" /><APARTMENT ID="111802251" OBJECTID="174935827" OBJECTGUID="1b2cb730-e789-473b-b380-05c0207cf676" CHANGEID="689680327" NUMBER="31" APARTTYPE="2" OPERTYPEID="10" PREVID="0" NEXTID="0" UPDATEDATE="2025-09-29" STARTDATE="2025-09-29" ENDDATE="2079-06-06" ISACTUAL="1" ISACTIVE="1" /><APARTMENT ID="111802252" OBJECTID="174935828" OBJECTGUID="26012f3f-2c50-4369-9b9d-28767b523c6f" CHANGEID="689680328" NUMBER="29" APARTTYPE="2" OPERTYPEID="10" PREVID="0" NEXTID="0" UPDATEDATE="2025-09-29" STARTDATE="2025-09-29" ENDDATE="2079-06-06" ISACTUAL="1" ISACTIVE="1" /><APARTMENT ID="111802253" OBJECTID="174935829" OBJECTGUID="0591ee47-b3fd-4f1d-93f0-9dd5512a739f" CHANGEID="689680329" NUMBER="28" APARTTYPE="2" OPERTYPEID="10" PREVID="0" NEXTID="0" UPDATEDATE="2025-09-29" STARTDATE="2025-09-29" ENDDATE="2079-06-06" ISACTUAL="1" ISACTIVE="1" /><APARTMENT ID="111802254" OBJECTID="174935830" OBJECTGUID="6350e451-39c9-40ac-847c-72b355a27472" CHANGEID="689680330" NUMBER="27" APARTTYPE="2" OPERTYPEID="10" PREVID="0" NEXTID="0" UPDATEDATE="2025-09-29" STARTDATE="2025-09-29" ENDDATE="2079-06-06" ISACTUAL="1" ISACTIVE="1" /><APARTMENT ID="111802255" OBJECTID="174935831" OBJECTGUID="81ba5d64-609e-4771-8fde-4ad7a85915b3" CHANGEID="689680331" NUMBER="26" APARTTYPE="2" OPERTYPEID="10" PREVID="0" NEXTID="0" UPDATEDATE="2025-09-29" STARTDATE="2025-09-29" ENDDATE="2079-06-06" ISACTUAL="1" ISACTIVE="1" /><APARTMENT ID="111802256" OBJECTID="174935832" OBJECTGUID="0a0c4481-b6a4-4081-8086-0ecf31745cff" CHANGEID="689680332" NUMBER="25" APARTTYPE="2" OPERTYPEID="10" PREVID="0" NEXTID="0" UPDATEDATE="2025-09-29" STARTDATE="2025-09-29" ENDDATE="2079-06-06" ISACTUAL="1" ISACTIVE="1" /><APARTMENT ID="111802257" OBJECTID="174935833" OBJECTGUID="10c3f8c4-e25b-471c-90c6-96617b25aa77" CHANGEID="689680333" NUMBER="24" APARTTYPE="2" OPERTYPEID="10" PREVID="0" NEXTID="0" UPDATEDATE="2025-09-29" STARTDATE="2025-09-29" ENDDATE="2079-06-06" ISACTUAL="1" ISACTIVE="1" /><APARTMENT ID="111802258" OBJECTID="174935834" OBJECTGUID="aa52f0af-33c4-4bfa-80b0-6370b8cc5570" CHANGEID="689680334" NUMBER="23" APARTTYPE="2" OPERTYPEID="10" PREVID="0" NEXTID="0" UPDATEDATE="2025-09-29" STARTDATE="2025-09-29" ENDDATE="2079-06-06" ISACTUAL="1" ISACTIVE="1" /><APARTMENT ID="111802259" OBJECTID="174935835" OBJECTGUID="b9532938-f5f8-44d3-b327-305954d04d59" CHANGEID="689680335" NUMBER="22" APARTTYPE="2" OPERTYPEID="10" PREVID="0" NEXTID="0" UPDATEDATE="2025-09-29" STARTDATE="2025-09-29" ENDDATE="2079-06-06" ISACTUAL="1" ISACTIVE="1" /><APARTMENT ID="111802260" OBJECTID="174935836" OBJECTGUID="da1f4f1c-16c6-48db-bb43-371f0ebcb521" CHANGEID="689680336" NUMBER="21" APARTTYPE="2" OPERTYPEID="10" PREVID="0" NEXTID="0" UPDATEDATE="2025-09-29" STARTDATE="2025-09-29" ENDDATE="2079-06-06" ISACTUAL="1" ISACTIVE="1" /><APARTMENT ID="111802261" OBJECTID="174935843" OBJECTGUID="84456665-2898-4687-9fcc-8bdac9b686eb" CHANGEID="689680347" NUMBER="61" APARTTYPE="2" OPERTYPEID="10" PREVID="0" NEXTID="0" UPDATEDATE="2025-09-29" STARTDATE="2025-09-29" ENDDATE="2079-06-06" ISACTUAL="1" ISACTIVE="1" /><APARTMENT ID="111802262" OBJECTID="174935844" OBJECTGUID="042f8216-2c0a-45c2-bcad-ac1c672ec19f" CHANGEID="689680348" NUMBER="93" APARTTYPE="2" OPERTYPEID="10" PREVID="0" NEXTID="0" UPDATEDATE="2025-09-29" STARTDATE="2025-09-29" ENDDATE="2079-06-06" ISACTUAL="1" ISACTIVE="1" /><APARTMENT ID="111802263" OBJECTID="174935845" OBJECTGUID="caacd1f4-dad6-43e6-8caa-3f5c49af9687" CHANGEID="689680349" NUMBER="92" APARTTYPE="2" OPERTYPEID="10" PREVID="0" NEXTID="0" UPDATEDATE="2025-09-29" STARTDATE="2025-09-29" ENDDATE="2079-06-06" ISACTUAL="1" ISACTIVE="1" /><APARTMENT ID="111802264" OBJECTID="174935846" OBJECTGUID="1c757133-854b-4e8f-b550-7507dda8dc96" CHANGEID="689680350" NUMBER="91" APARTTYPE="2" OPERTYPEID="10" PREVID="0" NEXTID="0" UPDATEDATE="2025-09-29" STARTDATE="2025-09-29" ENDDATE="2079-06-06" ISACTUAL="1" ISACTIVE="1" /><APARTMENT ID="111802265" OBJECTID="174935847" OBJECTGUID="4f87e7ae-cb74-41f2-bd61-5e9e72428ce0" CHANGEID="689680351" NUMBER="90" APARTTYPE="2" OPERTYPEID="10" PREVID="0" NEXTID="0" UPDATEDATE="2025-09-29" STARTDATE="2025-09-29" ENDDATE="2079-06-06" ISACTUAL="1" ISACTIVE="1" /><APARTMENT ID="111802266" OBJECTID="174935848" OBJECTGUID="5e896857-3766-41cd-947d-9c0e72bba9a8" CHANGEID="689680352" NUMBER="89" APARTTYPE="2" OPERTYPEID="10" PREVID="0" NEXTID="0" UPDATEDATE="2025-09-29" STARTDATE="2025-09-29" ENDDATE="2079-06-06" ISACTUAL="1" ISACTIVE="1" /><APARTMENT ID="111802267" OBJECTID="174935849" OBJECTGUID="ac937219-2000-4f07-b3f4-5d84cbd5bf1a" CHANGEID="689680353" NUMBER="88" APARTTYPE="2" OPERTYPEID="10" PREVID="0" NEXTID="0" UPDATEDATE="2025-09-29" STARTDATE="2025-09-29" ENDDATE="2079-06-06" ISACTUAL="1" ISACTIVE="1" /><APARTMENT ID="111802268" OBJECTID="174935850" OBJECTGUID="1d356047-ef4b-409a-9b5d-f861a41b344a" CHANGEID="689680354" NUMBER="87" APARTTYPE="2" OPERTYPEID="10" PREVID="0" NEXTID="0" UPDATEDATE="2025-09-29" STARTDATE="2025-09-29" ENDDATE="2079-06-06" ISACTUAL="1" ISACTIVE="1" /><APARTMENT ID="111802269" OBJECTID="174935851" OBJECTGUID="a0705664-f965-4087-8ee0-dd6788963744" CHANGEID="689680355" NUMBER="86" APARTTYPE="2" OPERTYPEID="10" PREVID="0" NEXTID="0" UPDATEDATE="2025-09-29" STARTDATE="2025-09-29" ENDDATE="2079-06-06" ISACTUAL="1" ISACTIVE="1" /><APARTMENT ID="111802270" OBJECTID="174935852" OBJECTGUID="2ee2a44d-3af9-4395-929c-22ecd146af93" CHANGEID="689680356" NUMBER="85" APARTTYPE="2" OPERTYPEID="10" PREVID="0" NEXTID="0" UPDATEDATE="2025-09-29" STARTDATE="2025-09-29" ENDDATE="2079-06-06" ISACTUAL="1" ISACTIVE="1" /><APARTMENT ID="111802271" OBJECTID="174935853" OBJECTGUID="6df69ef6-d49e-45db-82bd-25893a698e72" CHANGEID="689680357" NUMBER="84" APARTTYPE="2" OPERTYPEID="10" PREVID="0" NEXTID="0" UPDATEDATE="2025-09-29" STARTDATE="2025-09-29" ENDDATE="2079-06-06" ISACTUAL="1" ISACTIVE="1" /><APARTMENT ID="111802272" OBJECTID="174935854" OBJECTGUID="3f960df6-50ab-43f0-a051-b08ffaab18da" CHANGEID="689680358" NUMBER="83" APARTTYPE="2" OPERTYPEID="10" PREVID="0" NEXTID="0" UPDATEDATE="2025-09-29" STARTDATE="2025-09-29" ENDDATE="2079-06-06" ISACTUAL="1" ISACTIVE="1" /><APARTMENT ID="111802273" OBJECTID="174935855" OBJECTGUID="4127fa8a-0f95-43ca-a96a-6fbe3a3c60be" CHANGEID="689680359" NUMBER="81" APARTTYPE="2" OPERTYPEID="10" PREVID="0" NEXTID="0" UPDATEDATE="2025-09-29" STARTDATE="2025-09-29" ENDDATE="2079-06-06" ISACTUAL="1" ISACTIVE="1" /><APARTMENT ID="111802274" OBJECTID="174935856" OBJECTGUID="4634231c-7a0c-49a7-9362-14dc72577361" CHANGEID="689680360" NUMBER="80" APARTTYPE="2" OPERTYPEID="10" PREVID="0" NEXTID="0" UPDATEDATE="2025-09-29" STARTDATE="2025-09-29" ENDDATE="2079-06-06" ISACTUAL="1" ISACTIVE="1" /><APARTMENT ID="111802275" OBJECTID="174935857" OBJECTGUID="8a35bea3-5986-4397-a057-3126e59f8748" CHANGEID="689680361" NUMBER="79" APARTTYPE="2" OPERTYPEID="10" PREVID="0" NEXTID="0" UPDATEDATE="2025-09-29" STARTDATE="2025-09-29" ENDDATE="2079-06-06" ISACTUAL="1" ISACTIVE="1" /><APARTMENT ID="111802276" OBJECTID="174935858" OBJECTGUID="38255aa6-8fb8-4681-8b85-17358b8d2b95" CHANGEID="689680362" NUMBER="78" APARTTYPE="2" OPERTYPEID="10" PREVID="0" NEXTID="0" UPDATEDATE="2025-09-29" STARTDATE="2025-09-29" ENDDATE="2079-06-06" ISACTUAL="1" ISACTIVE="1" /><APARTMENT ID="111802277" OBJECTID="174935859" OBJECTGUID="b3374a69-6736-47e7-b26c-91394fa56073" CHANGEID="689680363" NUMBER="77" APARTTYPE="2" OPERTYPEID="10" PREVID="0" NEXTID="0" UPDATEDATE="2025-09-29" STARTDATE="2025-09-29" ENDDATE="2079-06-06" ISACTUAL="1" ISACTIVE="1" /><APARTMENT ID="111802278" OBJECTID="174935860" OBJECTGUID="58fc654b-8664-4c1f-9f62-80af9c141700" CHANGEID="689680364" NUMBER="76" APARTTYPE="2" OPERTYPEID="10" PREVID="0" NEXTID="0" UPDATEDATE="2025-09-29" STARTDATE="2025-09-29" ENDDATE="2079-06-06" ISACTUAL="1" ISACTIVE="1" /><APARTMENT ID="111802279" OBJECTID="174935861" OBJECTGUID="7a766828-a068-4d5d-8f4d-836a24264a88" CHANGEID="689680365" NUMBER="75" APARTTYPE="2" OPERTYPEID="10" PREVID="0" NEXTID="0" UPDATEDATE="2025-09-29" STARTDATE="2025-09-29" ENDDATE="2079-06-06" ISACTUAL="1" ISACTIVE="1" /><APARTMENT ID="111802280" OBJECTID="174935862" OBJECTGUID="ad9dc509-81b2-407e-bb70-164a65cec6a3" CHANGEID="689680366" NUMBER="74" APARTTYPE="2" OPERTYPEID="10" PREVID="0" NEXTID="0" UPDATEDATE="2025-09-29" STARTDATE="2025-09-29" ENDDATE="2079-06-06" ISACTUAL="1" ISACTIVE="1" /><APARTMENT ID="111802281" OBJECTID="174935863" OBJECTGUID="b3395b6a-887c-4643-b46a-62de6903b492" CHANGEID="689680367" NUMBER="73" APARTTYPE="2" OPERTYPEID="10" PREVID="0" NEXTID="0" UPDATEDATE="2025-09-29" STARTDATE="2025-09-29" ENDDATE="2079-06-06" ISACTUAL="1" ISACTIVE="1" /><APARTMENT ID="111802282" OBJECTID="174935864" OBJECTGUID="ef88c7d4-2fb6-4f15-90fb-2bb324faf3a2" CHANGEID="689680368" NUMBER="72" APARTTYPE="2" OPERTYPEID="10" PREVID="0" NEXTID="0" UPDATEDATE="2025-09-29" STARTDATE="2025-09-29" ENDDATE="2079-06-06" ISACTUAL="1" ISACTIVE="1" /><APARTMENT ID="111802283" OBJECTID="174935865" OBJECTGUID="4af09680-3ffa-4a91-ad37-76a30143769e" CHANGEID="689680369" NUMBER="71" APARTTYPE="2" OPERTYPEID="10" PREVID="0" NEXTID="0" UPDATEDATE="2025-09-29" STARTDATE="2025-09-29" ENDDATE="2079-06-06" ISACTUAL="1" ISACTIVE="1" /><APARTMENT ID="111802284" OBJECTID="174935866" OBJECTGUID="7c63cc01-cf0c-4a6a-b90e-3530c045c665" CHANGEID="689680370" NUMBER="70" APARTTYPE="2" OPERTYPEID="10" PREVID="0" NEXTID="0" UPDATEDATE="2025-09-29" STARTDATE="2025-09-29" ENDDATE="2079-06-06" ISACTUAL="1" ISACTIVE="1" /><APARTMENT ID="111802285" OBJECTID="174935867" OBJECTGUID="4d8d2e9a-f2ce-42c8-acae-0089e52940de" CHANGEID="689680371" NUMBER="69" APARTTYPE="2" OPERTYPEID="10" PREVID="0" NEXTID="0" UPDATEDATE="2025-09-29" STARTDATE="2025-09-29" ENDDATE="2079-06-06" ISACTUAL="1" ISACTIVE="1" /><APARTMENT ID="111802286" OBJECTID="174935868" OBJECTGUID="808c686d-0739-4e86-89de-a9e94af7fa5d" CHANGEID="689680372" NUMBER="68" APARTTYPE="2" OPERTYPEID="10" PREVID="0" NEXTID="0" UPDATEDATE="2025-09-29" STARTDATE="2025-09-29" ENDDATE="2079-06-06" ISACTUAL="1" ISACTIVE="1" /><APARTMENT ID="111802287" OBJECTID="174935869" OBJECTGUID="bf21c1be-9b6a-4907-b0a8-2b8b7a7782fe" CHANGEID="689680373" NUMBER="67" APARTTYPE="2" OPERTYPEID="10" PREVID="0" NEXTID="0" UPDATEDATE="2025-09-29" STARTDATE="2025-09-29" ENDDATE="2079-06-06" ISACTUAL="1" ISACTIVE="1" /><APARTMENT ID="111802288" OBJECTID="174935870" OBJECTGUID="8acdf69d-00e7-43b7-a6f6-7259b8c74e24" CHANGEID="689680374" NUMBER="66" APARTTYPE="2" OPERTYPEID="10" PREVID="0" NEXTID="0" UPDATEDATE="2025-09-29" STARTDATE="2025-09-29" ENDDATE="2079-06-06" ISACTUAL="1" ISACTIVE="1" /><APARTMENT ID="111802289" OBJECTID="174935871" OBJECTGUID="aba25a99-ca70-4a3e-9ba8-011569e622ae" CHANGEID="689680375" NUMBER="65" APARTTYPE="2" OPERTYPEID="10" PREVID="0" NEXTID="0" UPDATEDATE="2025-09-29" STARTDATE="2025-09-29" ENDDATE="2079-06-06" ISACTUAL="1" ISACTIVE="1" /><APARTMENT ID="111802290" OBJECTID="174935872" OBJECTGUID="7dbcab00-b0fa-42aa-bf9c-360a4f9168db" CHANGEID="689680376" NUMBER="64" APARTTYPE="2" OPERTYPEID="10" PREVID="0" NEXTID="0" UPDATEDATE="2025-09-29" STARTDATE="2025-09-29" ENDDATE="2079-06-06" ISACTUAL="1" ISACTIVE="1" /><APARTMENT ID="111802291" OBJECTID="174935873" OBJECTGUID="7ac452db-dfac-4f45-8f34-6542c54f2468" CHANGEID="689680377" NUMBER="63" APARTTYPE="2" OPERTYPEID="10" PREVID="0" NEXTID="0" UPDATEDATE="2025-09-29" STARTDATE="2025-09-29" ENDDATE="2079-06-06" ISACTUAL="1" ISACTIVE="1" /><APARTMENT ID="111802292" OBJECTID="174935874" OBJECTGUID="46114271-8419-4245-9b3f-cdfc445ac770" CHANGEID="689680378" NUMBER="62" APARTTYPE="2" OPERTYPEID="10" PREVID="0" NEXTID="0" UPDATEDATE="2025-09-29" STARTDATE="2025-09-29" ENDDATE="2079-06-06" ISACTUAL="1" ISACTIVE="1" /><APARTMENT ID="111802293" OBJECTID="47521894" OBJECTGUID="abd2eb79-62e3-45c2-8d2c-6c1a1c5d84f4" CHANGEID="689680380" NUMBER="1" APARTTYPE="1" OPERTYPEID="30" PREVID="28062681" NEXTID="0" UPDATEDATE="2025-09-29" STARTDATE="2025-09-29" ENDDATE="2079-06-06" ISACTUAL="1" ISACTIVE="0" /><APARTMENT ID="28062681" OBJECTID="47521894" OBJECTGUID="abd2eb79-62e3-45c2-8d2c-6c1a1c5d84f4" CHANGEID="71468406" NUMBER="1" APARTTYPE="1" OPERTYPEID="10" PREVID="0" NEXTID="111802293" UPDATEDATE="2025-09-29" STARTDATE="2017-05-05" ENDDATE="2025-09-29" ISACTUAL="0" ISACTIVE="0" /><APARTMENT ID="111803299" OBJECTID="174938044" OBJECTGUID="ee9ee6f4-7044-4cba-baa0-742bd667c9a3" CHANGEID="689686072" NUMBER="65" APARTTYPE="2" OPERTYPEID="10" PREVID="0" NEXTID="0" UPDATEDATE="2025-09-29" STARTDATE="2025-09-29" ENDDATE="2079-06-06" ISACTUAL="1" ISACTIVE="1" /><APARTMENT ID="111803300" OBJECTID="174938045" OBJECTGUID="6bec0c01-ff40-44d2-980d-33d120b54e91" CHANGEID="689686073" NUMBER="161" APARTTYPE="2" OPERTYPEID="10" PREVID="0" NEXTID="0" UPDATEDATE="2025-09-29" STARTDATE="2025-09-29" ENDDATE="2079-06-06" ISACTUAL="1" ISACTIVE="1" /><APARTMENT ID="111807181" OBJECTID="174954043" OBJECTGUID="bf5b7bb3-8764-43b9-86e7-ce7614df4167" CHANGEID="689720740" NUMBER="31Н" APARTTYPE="1" OPERTYPEID="10" PREVID="0" NEXTID="0" UPDATEDATE="2025-09-30" STARTDATE="2025-09-30" ENDDATE="2079-06-06" ISACTUAL="1" ISACTIVE="1" /><APARTMENT ID="111807182" OBJECTID="174954044" OBJECTGUID="f70639d5-d84e-4e66-afeb-5606cb64a095" CHANGEID="689720741" NUMBER="30Н" APARTTYPE="1" OPERTYPEID="10" PREVID="0" NEXTID="0" UPDATEDATE="2025-09-30" STARTDATE="2025-09-30" ENDDATE="2079-06-06" ISACTUAL="1" ISACTIVE="1" /><APARTMENT ID="111807183" OBJECTID="174954045" OBJECTGUID="f9f02cfb-6efb-4c78-b217-2fea98a543f3" CHANGEID="689720742" NUMBER="29Н" APARTTYPE="1" OPERTYPEID="10" PREVID="0" NEXTID="0" UPDATEDATE="2025-09-30" STARTDATE="2025-09-30" ENDDATE="2079-06-06" ISACTUAL="1" ISACTIVE="1" /><APARTMENT ID="111807184" OBJECTID="174954046" OBJECTGUID="b6a2825e-974f-41f2-9411-f6d744fef372" CHANGEID="689720743" NUMBER="28Н" APARTTYPE="1" OPERTYPEID="10" PREVID="0" NEXTID="0" UPDATEDATE="2025-09-30" STARTDATE="2025-09-30" ENDDATE="2079-06-06" ISACTUAL="1" ISACTIVE="1" /><APARTMENT ID="111807185" OBJECTID="174954047" OBJECTGUID="b479a593-e127-4189-9394-e654ad090408" CHANGEID="689720744" NUMBER="27Н" APARTTYPE="1" OPERTYPEID="10" PREVID="0" NEXTID="0" UPDATEDATE="2025-09-30" STARTDATE="2025-09-30" ENDDATE="2079-06-06" ISACTUAL="1" ISACTIVE="1" /><APARTMENT ID="111807186" OBJECTID="174954048" OBJECTGUID="e22787ed-146a-4dbc-b0dc-fbfb2f56a6ff" CHANGEID="689720745" NUMBER="26Н" APARTTYPE="1" OPERTYPEID="10" PREVID="0" NEXTID="0" UPDATEDATE="2025-09-30" STARTDATE="2025-09-30" ENDDATE="2079-06-06" ISACTUAL="1" ISACTIVE="1" /><APARTMENT ID="111807187" OBJECTID="174954049" OBJECTGUID="0d866aaa-20ea-4b72-bf19-4b2120ed4bcb" CHANGEID="689720746" NUMBER="25Н" APARTTYPE="1" OPERTYPEID="10" PREVID="0" NEXTID="0" UPDATEDATE="2025-09-30" STARTDATE="2025-09-30" ENDDATE="2079-06-06" ISACTUAL="1" ISACTIVE="1" /><APARTMENT ID="111807188" OBJECTID="174954050" OBJECTGUID="a54710bc-b0d0-43f7-b989-7270684c73dd" CHANGEID="689720747" NUMBER="24Н" APARTTYPE="1" OPERTYPEID="10" PREVID="0" NEXTID="0" UPDATEDATE="2025-09-30" STARTDATE="2025-09-30" ENDDATE="2079-06-06" ISACTUAL="1" ISACTIVE="1" /><APARTMENT ID="111807189" OBJECTID="174954051" OBJECTGUID="d8744806-8821-429a-a54b-1a212c0e52fe" CHANGEID="689720748" NUMBER="23Н" APARTTYPE="1" OPERTYPEID="10" PREVID="0" NEXTID="0" UPDATEDATE="2025-09-30" STARTDATE="2025-09-30" ENDDATE="2079-06-06" ISACTUAL="1" ISACTIVE="1" /><APARTMENT ID="111807190" OBJECTID="174954052" OBJECTGUID="e7c2c7ea-3e23-4c00-803c-ea7bdfb83a8b" CHANGEID="689720749" NUMBER="22Н" APARTTYPE="1" OPERTYPEID="10" PREVID="0" NEXTID="0" UPDATEDATE="2025-09-30" STARTDATE="2025-09-30" ENDDATE="2079-06-06" ISACTUAL="1" ISACTIVE="1" /><APARTMENT ID="111807191" OBJECTID="174954053" OBJECTGUID="f13d278f-28b4-42b8-b940-a98e5806e4d5" CHANGEID="689720750" NUMBER="21Н" APARTTYPE="1" OPERTYPEID="10" PREVID="0" NEXTID="0" UPDATEDATE="2025-09-30" STARTDATE="2025-09-30" ENDDATE="2079-06-06" ISACTUAL="1" ISACTIVE="1" /><APARTMENT ID="111807192" OBJECTID="174954054" OBJECTGUID="10b7c83a-1a42-4a06-b85a-f1722f88605c" CHANGEID="689720751" NUMBER="20Н" APARTTYPE="1" OPERTYPEID="10" PREVID="0" NEXTID="0" UPDATEDATE="2025-09-30" STARTDATE="2025-09-30" ENDDATE="2079-06-06" ISACTUAL="1" ISACTIVE="1" /><APARTMENT ID="111807193" OBJECTID="174954055" OBJECTGUID="bccc56dc-24a4-4538-a554-ca078c9d5c13" CHANGEID="689720752" NUMBER="19Н" APARTTYPE="1" OPERTYPEID="10" PREVID="0" NEXTID="0" UPDATEDATE="2025-09-30" STARTDATE="2025-09-30" ENDDATE="2079-06-06" ISACTUAL="1" ISACTIVE="1" /><APARTMENT ID="111807194" OBJECTID="174954056" OBJECTGUID="77436862-397c-49c8-8231-a61b5cddc28e" CHANGEID="689720753" NUMBER="18Н" APARTTYPE="1" OPERTYPEID="10" PREVID="0" NEXTID="0" UPDATEDATE="2025-09-30" STARTDATE="2025-09-30" ENDDATE="2079-06-06" ISACTUAL="1" ISACTIVE="1" /><APARTMENT ID="111807195" OBJECTID="174954057" OBJECTGUID="ec6068dd-9577-4f64-8a44-d4d94d606a06" CHANGEID="689720754" NUMBER="17Н" APARTTYPE="1" OPERTYPEID="10" PREVID="0" NEXTID="0" UPDATEDATE="2025-09-30" STARTDATE="2025-09-30" ENDDATE="2079-06-06" ISACTUAL="1" ISACTIVE="1" /><APARTMENT ID="111807196" OBJECTID="174954058" OBJECTGUID="a03dc75f-ef69-4332-a7bf-27d287f1db7e" CHANGEID="689720755" NUMBER="16Н" APARTTYPE="1" OPERTYPEID="10" PREVID="0" NEXTID="0" UPDATEDATE="2025-09-30" STARTDATE="2025-09-30" ENDDATE="2079-06-06" ISACTUAL="1" ISACTIVE="1" /><APARTMENT ID="111807197" OBJECTID="174954059" OBJECTGUID="9ee5685b-3481-4b06-b1f6-1b3ddde0b3ae" CHANGEID="689720756" NUMBER="15Н" APARTTYPE="1" OPERTYPEID="10" PREVID="0" NEXTID="0" UPDATEDATE="2025-09-30" STARTDATE="2025-09-30" ENDDATE="2079-06-06" ISACTUAL="1" ISACTIVE="1" /><APARTMENT ID="111807198" OBJECTID="174954060" OBJECTGUID="6b51e4b5-8826-4021-83c9-9853492ece46" CHANGEID="689720757" NUMBER="14Н" APARTTYPE="1" OPERTYPEID="10" PREVID="0" NEXTID="0" UPDATEDATE="2025-09-30" STARTDATE="2025-09-30" ENDDATE="2079-06-06" ISACTUAL="1" ISACTIVE="1" /><APARTMENT ID="111807199" OBJECTID="174954061" OBJECTGUID="1245d6bc-a1bb-46e5-9ade-3425475971fc" CHANGEID="689720758" NUMBER="13Н" APARTTYPE="1" OPERTYPEID="10" PREVID="0" NEXTID="0" UPDATEDATE="2025-09-30" STARTDATE="2025-09-30" ENDDATE="2079-06-06" ISACTUAL="1" ISACTIVE="1" /><APARTMENT ID="111807200" OBJECTID="174954062" OBJECTGUID="764f9095-5ff6-488c-a1a5-87ba644f7131" CHANGEID="689720759" NUMBER="12Н" APARTTYPE="1" OPERTYPEID="10" PREVID="0" NEXTID="0" UPDATEDATE="2025-09-30" STARTDATE="2025-09-30" ENDDATE="2079-06-06" ISACTUAL="1" ISACTIVE="1" /><APARTMENT ID="111807201" OBJECTID="174954063" OBJECTGUID="26d96140-0a3d-4a0e-854b-6481789a4e74" CHANGEID="689720760" NUMBER="11Н" APARTTYPE="1" OPERTYPEID="10" PREVID="0" NEXTID="0" UPDATEDATE="2025-09-30" STARTDATE="2025-09-30" ENDDATE="2079-06-06" ISACTUAL="1" ISACTIVE="1" /><APARTMENT ID="111807202" OBJECTID="174954064" OBJECTGUID="b5bbc94d-9216-4bec-8c4c-1785d74829b2" CHANGEID="689720761" NUMBER="10Н" APARTTYPE="1" OPERTYPEID="10" PREVID="0" NEXTID="0" UPDATEDATE="2025-09-30" STARTDATE="2025-09-30" ENDDATE="2079-06-06" ISACTUAL="1" ISACTIVE="1" /><APARTMENT ID="111809224" OBJECTID="30144091" OBJECTGUID="09b2db57-fada-4f3c-8c64-89049f209cce" CHANGEID="689738311" NUMBER="1" APARTTYPE="2" OPERTYPEID="30" PREVID="17381936" NEXTID="0" UPDATEDATE="2025-09-30" STARTDATE="2025-09-30" ENDDATE="2079-06-06" ISACTUAL="1" ISACTIVE="0" /><APARTMENT ID="17381936" OBJECTID="30144091" OBJECTGUID="09b2db57-fada-4f3c-8c64-89049f209cce" CHANGEID="46183150" NUMBER="1" APARTTYPE="2" OPERTYPEID="10" PREVID="0" NEXTID="111809224" UPDATEDATE="2025-09-30" STARTDATE="2017-01-31" ENDDATE="2025-09-30" ISACTUAL="0" ISACTIVE="0" /><APARTMENT ID="111809225" OBJECTID="30144221" OBJECTGUID="183ed090-c640-4189-a195-7a25df8315a4" CHANGEID="689738312" NUMBER="Магазин" APARTTYPE="1" OPERTYPEID="30" PREVID="17382078" NEXTID="0" UPDATEDATE="2025-09-30" STARTDATE="2025-09-30" ENDDATE="2079-06-06" ISACTUAL="1" ISACTIVE="0" /><APARTMENT ID="17382078" OBJECTID="30144221" OBJECTGUID="183ed090-c640-4189-a195-7a25df8315a4" CHANGEID="46183284" NUMBER="Магазин" APARTTYPE="1" OPERTYPEID="10" PREVID="0" NEXTID="111809225" UPDATEDATE="2025-09-30" STARTDATE="2017-02-03" ENDDATE="2025-09-30" ISACTUAL="0" ISACTIVE="0" /><APARTMENT ID="111809795" OBJECTID="174964403" OBJECTGUID="534469d2-1a81-4642-89b8-d13dba5b17b2" CHANGEID="689744406" NUMBER="8Н" APARTTYPE="1" OPERTYPEID="10" PREVID="0" NEXTID="0" UPDATEDATE="2025-09-30" STARTDATE="2025-09-30" ENDDATE="2079-06-06" ISACTUAL="1" ISACTIVE="1" /><APARTMENT ID="111809796" OBJECTID="174964404" OBJECTGUID="3ef718de-a371-41ba-b15e-9e3d960c074e" CHANGEID="689744407" NUMBER="7Н" APARTTYPE="1" OPERTYPEID="10" PREVID="0" NEXTID="0" UPDATEDATE="2025-09-30" STARTDATE="2025-09-30" ENDDATE="2079-06-06" ISACTUAL="1" ISACTIVE="1" /><APARTMENT ID="111809797" OBJECTID="174964405" OBJECTGUID="bf0fde79-ea88-4e4c-8039-72f51ddb461a" CHANGEID="689744408" NUMBER="6Н" APARTTYPE="1" OPERTYPEID="10" PREVID="0" NEXTID="0" UPDATEDATE="2025-09-30" STARTDATE="2025-09-30" ENDDATE="2079-06-06" ISACTUAL="1" ISACTIVE="1" /><APARTMENT ID="111809798" OBJECTID="174964406" OBJECTGUID="94f24ea0-f59e-4270-bd1a-3cc8e0939c7b" CHANGEID="689744409" NUMBER="5Н" APARTTYPE="1" OPERTYPEID="10" PREVID="0" NEXTID="0" UPDATEDATE="2025-09-30" STARTDATE="2025-09-30" ENDDATE="2079-06-06" ISACTUAL="1" ISACTIVE="1" /><APARTMENT ID="111809799" OBJECTID="174964407" OBJECTGUID="39e802f7-c0b4-4b31-8d28-0d75a65dfd32" CHANGEID="689744410" NUMBER="4Н" APARTTYPE="1" OPERTYPEID="10" PREVID="0" NEXTID="0" UPDATEDATE="2025-09-30" STARTDATE="2025-09-30" ENDDATE="2079-06-06" ISACTUAL="1" ISACTIVE="1" /><APARTMENT ID="111809800" OBJECTID="174964408" OBJECTGUID="bb6728df-2fc2-40c2-9615-f214bb9faac3" CHANGEID="689744411" NUMBER="3Н" APARTTYPE="1" OPERTYPEID="10" PREVID="0" NEXTID="0" UPDATEDATE="2025-09-30" STARTDATE="2025-09-30" ENDDATE="2079-06-06" ISACTUAL="1" ISACTIVE="1" /><APARTMENT ID="111809801" OBJECTID="174964409" OBJECTGUID="6b9e03d5-d3cf-4df7-a15d-a9067e730a27" CHANGEID="689744412" NUMBER="2Н" APARTTYPE="1" OPERTYPEID="10" PREVID="0" NEXTID="0" UPDATEDATE="2025-09-30" STARTDATE="2025-09-30" ENDDATE="2079-06-06" ISACTUAL="1" ISACTIVE="1" /><APARTMENT ID="111809802" OBJECTID="174964410" OBJECTGUID="06f6e622-38be-4d2b-a6ee-d99257fee094" CHANGEID="689744413" NUMBER="1Н" APARTTYPE="1" OPERTYPEID="10" PREVID="0" NEXTID="0" UPDATEDATE="2025-09-30" STARTDATE="2025-09-30" ENDDATE="2079-06-06" ISACTUAL="1" ISACTIVE="1" /><APARTMENT ID="111810832" OBJECTID="174968260" OBJECTGUID="53d1951a-3934-4092-8afe-f05e9909e241" CHANGEID="689754202" NUMBER="60" APARTTYPE="2" OPERTYPEID="10" PREVID="0" NEXTID="0" UPDATEDATE="2025-09-30" STARTDATE="2025-09-30" ENDDATE="2079-06-06" ISACTUAL="1" ISACTIVE="1" /><APARTMENT ID="111810833" OBJECTID="174968261" OBJECTGUID="dfbb4662-e929-46e5-be3b-a2cc3b613e7e" CHANGEID="689754203" NUMBER="59" APARTTYPE="2" OPERTYPEID="10" PREVID="0" NEXTID="0" UPDATEDATE="2025-09-30" STARTDATE="2025-09-30" ENDDATE="2079-06-06" ISACTUAL="1" ISACTIVE="1" /><APARTMENT ID="111810834" OBJECTID="174968262" OBJECTGUID="285fe40d-16d9-4384-866f-ea2bbec44175" CHANGEID="689754204" NUMBER="58" APARTTYPE="2" OPERTYPEID="10" PREVID="0" NEXTID="0" UPDATEDATE="2025-09-30" STARTDATE="2025-09-30" ENDDATE="2079-06-06" ISACTUAL="1" ISACTIVE="1" /><APARTMENT ID="111810835" OBJECTID="174968263" OBJECTGUID="8359e616-bda4-4378-bd41-dc2c4b14e3a3" CHANGEID="689754205" NUMBER="57" APARTTYPE="2" OPERTYPEID="10" PREVID="0" NEXTID="0" UPDATEDATE="2025-09-30" STARTDATE="2025-09-30" ENDDATE="2079-06-06" ISACTUAL="1" ISACTIVE="1" /><APARTMENT ID="111810836" OBJECTID="174968264" OBJECTGUID="ccf948fc-0b98-466d-8296-5e2bd5d10849" CHANGEID="689754206" NUMBER="55" APARTTYPE="2" OPERTYPEID="10" PREVID="0" NEXTID="0" UPDATEDATE="2025-09-30" STARTDATE="2025-09-30" ENDDATE="2079-06-06" ISACTUAL="1" ISACTIVE="1" /><APARTMENT ID="111810837" OBJECTID="174968265" OBJECTGUID="3365099e-1b92-4392-aa5f-98cab9b38917" CHANGEID="689754207" NUMBER="56" APARTTYPE="2" OPERTYPEID="10" PREVID="0" NEXTID="0" UPDATEDATE="2025-09-30" STARTDATE="2025-09-30" ENDDATE="2079-06-06" ISACTUAL="1" ISACTIVE="1" /><APARTMENT ID="111810838" OBJECTID="174968266" OBJECTGUID="13713d16-a1ec-46ab-9353-5998b32470e4" CHANGEID="689754208" NUMBER="54" APARTTYPE="2" OPERTYPEID="10" PREVID="0" NEXTID="0" UPDATEDATE="2025-09-30" STARTDATE="2025-09-30" ENDDATE="2079-06-06" ISACTUAL="1" ISACTIVE="1" /><APARTMENT ID="111810839" OBJECTID="174968267" OBJECTGUID="2ff3093f-781e-48be-bf66-7d726e7bfe3b" CHANGEID="689754209" NUMBER="53" APARTTYPE="2" OPERTYPEID="10" PREVID="0" NEXTID="0" UPDATEDATE="2025-09-30" STARTDATE="2025-09-30" ENDDATE="2079-06-06" ISACTUAL="1" ISACTIVE="1" /><APARTMENT ID="111810840" OBJECTID="174968268" OBJECTGUID="7f9e144c-7070-4a7e-bab8-bf455a1afa9a" CHANGEID="689754210" NUMBER="52" APARTTYPE="2" OPERTYPEID="10" PREVID="0" NEXTID="0" UPDATEDATE="2025-09-30" STARTDATE="2025-09-30" ENDDATE="2079-06-06" ISACTUAL="1" ISACTIVE="1" /><APARTMENT ID="111810841" OBJECTID="174968269" OBJECTGUID="02434807-6057-4705-9ba6-02275939b9d6" CHANGEID="689754211" NUMBER="51" APARTTYPE="2" OPERTYPEID="10" PREVID="0" NEXTID="0" UPDATEDATE="2025-09-30" STARTDATE="2025-09-30" ENDDATE="2079-06-06" ISACTUAL="1" ISACTIVE="1" /><APARTMENT ID="111810842" OBJECTID="174968270" OBJECTGUID="9c396c65-1ebf-4915-aa8c-69a7b5c11ce1" CHANGEID="689754212" NUMBER="50" APARTTYPE="2" OPERTYPEID="10" PREVID="0" NEXTID="0" UPDATEDATE="2025-09-30" STARTDATE="2025-09-30" ENDDATE="2079-06-06" ISACTUAL="1" ISACTIVE="1" /><APARTMENT ID="111810843" OBJECTID="174968271" OBJECTGUID="9d43a670-deda-4051-90ac-096c43c6e34a" CHANGEID="689754213" NUMBER="49" APARTTYPE="2" OPERTYPEID="10" PREVID="0" NEXTID="0" UPDATEDATE="2025-09-30" STARTDATE="2025-09-30" ENDDATE="2079-06-06" ISACTUAL="1" ISACTIVE="1" /><APARTMENT ID="111810844" OBJECTID="174968272" OBJECTGUID="3306f81e-84e1-4852-a9f0-e1534529f29a" CHANGEID="689754214" NUMBER="48" APARTTYPE="2" OPERTYPEID="10" PREVID="0" NEXTID="0" UPDATEDATE="2025-09-30" STARTDATE="2025-09-30" ENDDATE="2079-06-06" ISACTUAL="1" ISACTIVE="1" /><APARTMENT ID="111810845" OBJECTID="174968273" OBJECTGUID="25fd2cc4-baa7-4609-9045-9939a1b4d5e7" CHANGEID="689754215" NUMBER="47" APARTTYPE="2" OPERTYPEID="10" PREVID="0" NEXTID="0" UPDATEDATE="2025-09-30" STARTDATE="2025-09-30" ENDDATE="2079-06-06" ISACTUAL="1" ISACTIVE="1" /><APARTMENT ID="111810846" OBJECTID="174968274" OBJECTGUID="9b7bf85b-91da-463b-b266-5cddc090e3d4" CHANGEID="689754216" NUMBER="46" APARTTYPE="2" OPERTYPEID="10" PREVID="0" NEXTID="0" UPDATEDATE="2025-09-30" STARTDATE="2025-09-30" ENDDATE="2079-06-06" ISACTUAL="1" ISACTIVE="1" /><APARTMENT ID="111810847" OBJECTID="174968275" OBJECTGUID="b6d50931-fc29-4755-b482-113b5067fa04" CHANGEID="689754217" NUMBER="45" APARTTYPE="2" OPERTYPEID="10" PREVID="0" NEXTID="0" UPDATEDATE="2025-09-30" STARTDATE="2025-09-30" ENDDATE="2079-06-06" ISACTUAL="1" ISACTIVE="1" /><APARTMENT ID="111810848" OBJECTID="174968276" OBJECTGUID="2d15292f-2629-4ea4-a11e-c303770c59b6" CHANGEID="689754218" NUMBER="44" APARTTYPE="2" OPERTYPEID="10" PREVID="0" NEXTID="0" UPDATEDATE="2025-09-30" STARTDATE="2025-09-30" ENDDATE="2079-06-06" ISACTUAL="1" ISACTIVE="1" /><APARTMENT ID="111810849" OBJECTID="174968277" OBJECTGUID="6bfaa506-4b3d-4f08-aa18-38a623bb6faf" CHANGEID="689754219" NUMBER="43" APARTTYPE="2" OPERTYPEID="10" PREVID="0" NEXTID="0" UPDATEDATE="2025-09-30" STARTDATE="2025-09-30" ENDDATE="2079-06-06" ISACTUAL="1" ISACTIVE="1" /><APARTMENT ID="111810850" OBJECTID="174968278" OBJECTGUID="03cbcf06-50ed-4cad-8f88-cce1990fab8e" CHANGEID="689754220" NUMBER="42" APARTTYPE="2" OPERTYPEID="10" PREVID="0" NEXTID="0" UPDATEDATE="2025-09-30" STARTDATE="2025-09-30" ENDDATE="2079-06-06" ISACTUAL="1" ISACTIVE="1" /><APARTMENT ID="111810851" OBJECTID="174968279" OBJECTGUID="cd27e7f2-ed1f-44e7-9491-24380cd638e2" CHANGEID="689754221" NUMBER="41" APARTTYPE="2" OPERTYPEID="10" PREVID="0" NEXTID="0" UPDATEDATE="2025-09-30" STARTDATE="2025-09-30" ENDDATE="2079-06-06" ISACTUAL="1" ISACTIVE="1" /></APARTMENTS>