﻿<?xml version="1.0" encoding="utf-8"?><STEADS><STEAD ID="176499" OBJECTID="84731393" OBJECTGUID="e971a415-1a06-407f-b716-4b7fd1e348bd" CHANGEID="125814049" NUMBER="1" OPERTYPEID="10" NEXTID="74175837" UPDATEDATE="2025-09-29" STARTDATE="2017-03-23" ENDDATE="2025-09-29" ISACTUAL="0" ISACTIVE="0" /><STEAD ID="2948112" OBJECTID="87489950" OBJECTGUID="29e9caf7-7759-4af9-97bf-a12eca1dc32f" CHANGEID="129583222" NUMBER="72г" OPERTYPEID="10" NEXTID="74207188" UPDATEDATE="2025-10-01" STARTDATE="2018-10-09" ENDDATE="2025-10-01" ISACTUAL="0" ISACTIVE="0" /><STEAD ID="15584773" OBJECTID="104808680" OBJECTGUID="266ad6b6-65b0-49ef-9449-0dbd073c9024" CHANGEID="285365030" NUMBER="4" OPERTYPEID="10" PREVID="0" NEXTID="74175823" UPDATEDATE="2025-09-29" STARTDATE="2022-06-23" ENDDATE="2025-09-29" ISACTUAL="0" ISACTIVE="0" /><STEAD ID="15585342" OBJECTID="104810827" OBJECTGUID="cce73556-5101-40e8-94e2-8ac4daa8c9c0" CHANGEID="285368627" NUMBER="6" OPERTYPEID="10" PREVID="0" NEXTID="74175822" UPDATEDATE="2025-09-29" STARTDATE="2022-06-23" ENDDATE="2025-09-29" ISACTUAL="0" ISACTIVE="0" /><STEAD ID="68118386" OBJECTID="163752537" OBJECTGUID="901c4592-91ac-405c-85e7-92e5c5152e59" CHANGEID="596416722" NUMBER="22А" OPERTYPEID="10" PREVID="0" NEXTID="74185580" UPDATEDATE="2025-09-30" STARTDATE="2024-05-31" ENDDATE="2025-09-30" ISACTUAL="0" ISACTIVE="0" /><STEAD ID="68381876" OBJECTID="164491683" OBJECTGUID="39f8015b-8821-4b3c-b10c-4a81a5633f3c" CHANGEID="598956245" NUMBER="1А" OPERTYPEID="10" PREVID="0" NEXTID="74175820" UPDATEDATE="2025-09-29" STARTDATE="2024-07-31" ENDDATE="2025-09-29" ISACTUAL="0" ISACTIVE="0" /><STEAD ID="69810794" OBJECTID="167060650" OBJECTGUID="4e975100-592a-407f-82ef-8d99d0c11d95" CHANGEID="606144550" NUMBER="54" OPERTYPEID="10" PREVID="0" NEXTID="74193777" UPDATEDATE="2025-09-30" STARTDATE="2024-11-02" ENDDATE="2025-09-30" ISACTUAL="0" ISACTIVE="0" /><STEAD ID="74170183" OBJECTID="174922593" OBJECTGUID="5c2ccba3-1b82-4748-841d-1cd5c08c8a40" CHANGEID="689650377" NUMBER="49а" OPERTYPEID="10" PREVID="0" NEXTID="0" UPDATEDATE="2025-09-29" STARTDATE="2025-09-29" ENDDATE="2079-06-06" ISACTUAL="1" ISACTIVE="1" /><STEAD ID="74170184" OBJECTID="174922598" OBJECTGUID="da08b11d-f7d2-4044-a62f-868daa38c784" CHANGEID="689650382" NUMBER="49б" OPERTYPEID="10" PREVID="0" NEXTID="0" UPDATEDATE="2025-09-29" STARTDATE="2025-09-29" ENDDATE="2079-06-06" ISACTUAL="1" ISACTIVE="1" /><STEAD ID="74170466" OBJECTID="174923455" OBJECTGUID="27923624-ddb3-46d6-87af-154e222b3d56" CHANGEID="689651674" NUMBER="74" OPERTYPEID="10" PREVID="0" NEXTID="0" UPDATEDATE="2025-09-29" STARTDATE="2025-09-29" ENDDATE="2079-06-06" ISACTUAL="1" ISACTIVE="1" /><STEAD ID="74170467" OBJECTID="174923456" OBJECTGUID="106855a3-2e0c-480c-96dc-7d42ae9641ab" CHANGEID="689651675" NUMBER="136" OPERTYPEID="10" PREVID="0" NEXTID="0" UPDATEDATE="2025-09-29" STARTDATE="2025-09-29" ENDDATE="2079-06-06" ISACTUAL="1" ISACTIVE="1" /><STEAD ID="74171721" OBJECTID="174927746" OBJECTGUID="7a794cdb-43e0-47db-bfb3-19c9dab57e6a" CHANGEID="689663243" NUMBER="6в" OPERTYPEID="10" PREVID="0" NEXTID="0" UPDATEDATE="2025-09-29" STARTDATE="2025-09-29" ENDDATE="2079-06-06" ISACTUAL="1" ISACTIVE="1" /><STEAD ID="74171720" OBJECTID="174927745" OBJECTGUID="36b0d870-1410-4893-9c56-31bc429ccf7e" CHANGEID="689663242" NUMBER="14" OPERTYPEID="10" PREVID="0" NEXTID="0" UPDATEDATE="2025-09-29" STARTDATE="2025-09-29" ENDDATE="2079-06-06" ISACTUAL="1" ISACTIVE="1" /><STEAD ID="74171722" OBJECTID="174927747" OBJECTGUID="a80c8977-50f7-41a0-a7e3-9fad0face8db" CHANGEID="689663244" NUMBER="51в" OPERTYPEID="10" PREVID="0" NEXTID="0" UPDATEDATE="2025-09-29" STARTDATE="2025-09-29" ENDDATE="2079-06-06" ISACTUAL="1" ISACTIVE="1" /><STEAD ID="74171723" OBJECTID="174927749" OBJECTGUID="40313747-c8bc-4555-a6b2-f38815013ad1" CHANGEID="689663246" NUMBER="32" OPERTYPEID="10" PREVID="0" NEXTID="0" UPDATEDATE="2025-09-29" STARTDATE="2025-09-29" ENDDATE="2079-06-06" ISACTUAL="1" ISACTIVE="1" /><STEAD ID="74172817" OBJECTID="174929587" OBJECTGUID="ebcbaa6c-7eff-40e8-b702-633fa0d1aad2" CHANGEID="689667745" NUMBER="1" OPERTYPEID="10" PREVID="0" NEXTID="0" UPDATEDATE="2025-09-29" STARTDATE="2025-09-29" ENDDATE="2079-06-06" ISACTUAL="1" ISACTIVE="1" /><STEAD ID="74172820" OBJECTID="174570503" OBJECTGUID="971eefc7-6bd7-4de8-9ddc-1f412dc6b391" CHANGEID="689667751" NUMBER="32а" OPERTYPEID="30" PREVID="73991163" NEXTID="0" UPDATEDATE="2025-09-29" STARTDATE="2025-09-29" ENDDATE="2079-06-06" ISACTUAL="1" ISACTIVE="0" /><STEAD ID="73991163" OBJECTID="174570503" OBJECTGUID="971eefc7-6bd7-4de8-9ddc-1f412dc6b391" CHANGEID="688880581" NUMBER="32а" OPERTYPEID="10" PREVID="0" NEXTID="74172820" UPDATEDATE="2025-09-29" STARTDATE="2025-09-10" ENDDATE="2025-09-29" ISACTUAL="0" ISACTIVE="0" /><STEAD ID="74172825" OBJECTID="174929599" OBJECTGUID="152773f5-49c1-488e-bc75-e0fcade07f80" CHANGEID="689667759" NUMBER="185а" OPERTYPEID="10" PREVID="0" NEXTID="0" UPDATEDATE="2025-09-29" STARTDATE="2025-09-29" ENDDATE="2079-06-06" ISACTUAL="1" ISACTIVE="1" /><STEAD ID="74172815" OBJECTID="174929585" OBJECTGUID="3927a7ea-5203-4109-8ba8-c02cd01cd78f" CHANGEID="689667742" NUMBER="43" OPERTYPEID="10" PREVID="0" NEXTID="0" UPDATEDATE="2025-09-29" STARTDATE="2025-09-29" ENDDATE="2079-06-06" ISACTUAL="1" ISACTIVE="1" /><STEAD ID="74172816" OBJECTID="173491708" OBJECTGUID="fe337c84-51d1-497d-86b0-299c48c3b7ea" CHANGEID="689667744" NUMBER="135" OPERTYPEID="30" PREVID="73418100" NEXTID="0" UPDATEDATE="2025-09-29" STARTDATE="2025-09-29" ENDDATE="2079-06-06" ISACTUAL="1" ISACTIVE="0" /><STEAD ID="73418100" OBJECTID="173491708" OBJECTGUID="fe337c84-51d1-497d-86b0-299c48c3b7ea" CHANGEID="655703290" NUMBER="135" OPERTYPEID="10" PREVID="0" NEXTID="74172816" UPDATEDATE="2025-09-29" STARTDATE="2025-07-18" ENDDATE="2025-09-29" ISACTUAL="0" ISACTIVE="0" /><STEAD ID="74172818" OBJECTID="174929590" OBJECTGUID="ccafbf93-4589-49a1-b934-2b7bd2665702" CHANGEID="689667748" NUMBER="74" OPERTYPEID="10" PREVID="0" NEXTID="0" UPDATEDATE="2025-09-29" STARTDATE="2025-09-29" ENDDATE="2079-06-06" ISACTUAL="1" ISACTIVE="1" /><STEAD ID="74172819" OBJECTID="174929592" OBJECTGUID="2206e28d-d867-467b-a572-109763edb085" CHANGEID="689667750" NUMBER="16" OPERTYPEID="10" PREVID="0" NEXTID="0" UPDATEDATE="2025-09-29" STARTDATE="2025-09-29" ENDDATE="2079-06-06" ISACTUAL="1" ISACTIVE="1" /><STEAD ID="74173759" OBJECTID="174930908" OBJECTGUID="4453e232-86d7-4fb8-9531-83cea6bf6d06" CHANGEID="689670543" NUMBER="25" OPERTYPEID="10" PREVID="0" NEXTID="0" UPDATEDATE="2025-09-29" STARTDATE="2025-09-29" ENDDATE="2079-06-06" ISACTUAL="1" ISACTIVE="1" /><STEAD ID="74173760" OBJECTID="174930911" OBJECTGUID="5d60a907-387f-4371-a32f-3290459fe166" CHANGEID="689670546" NUMBER="1а" OPERTYPEID="10" PREVID="0" NEXTID="0" UPDATEDATE="2025-09-29" STARTDATE="2025-09-29" ENDDATE="2079-06-06" ISACTUAL="1" ISACTIVE="1" /><STEAD ID="74173761" OBJECTID="174930912" OBJECTGUID="e1643cfd-b2af-45a0-8e13-9e0241a9acf0" CHANGEID="689670547" NUMBER="22" OPERTYPEID="10" PREVID="0" NEXTID="0" UPDATEDATE="2025-09-29" STARTDATE="2025-09-29" ENDDATE="2079-06-06" ISACTUAL="1" ISACTIVE="1" /><STEAD ID="74173762" OBJECTID="174930915" OBJECTGUID="3ece887f-1e78-48e9-8206-8da328b2c5d5" CHANGEID="689670551" NUMBER="77" OPERTYPEID="10" PREVID="0" NEXTID="0" UPDATEDATE="2025-09-29" STARTDATE="2025-09-29" ENDDATE="2079-06-06" ISACTUAL="1" ISACTIVE="1" /><STEAD ID="74175268" OBJECTID="174934039" OBJECTGUID="98001dbd-6ff9-4643-be33-18dd62c439ca" CHANGEID="689675834" NUMBER="213" OPERTYPEID="10" PREVID="0" NEXTID="0" UPDATEDATE="2025-09-29" STARTDATE="2025-09-29" ENDDATE="2079-06-06" ISACTUAL="1" ISACTIVE="1" /><STEAD ID="74175269" OBJECTID="174934042" OBJECTGUID="1b8ff52a-c291-4bef-b897-79743ffb2ad2" CHANGEID="689675853" NUMBER="2" OPERTYPEID="10" PREVID="0" NEXTID="0" UPDATEDATE="2025-09-29" STARTDATE="2025-09-29" ENDDATE="2079-06-06" ISACTUAL="1" ISACTIVE="1" /><STEAD ID="74175807" OBJECTID="174935630" OBJECTGUID="f599e497-72f9-48cc-91db-2f33a76e337c" CHANGEID="689679948" NUMBER="23" OPERTYPEID="10" PREVID="0" NEXTID="0" UPDATEDATE="2025-09-29" STARTDATE="2025-09-29" ENDDATE="2079-06-06" ISACTUAL="1" ISACTIVE="1" /><STEAD ID="74175813" OBJECTID="174935639" OBJECTGUID="f69f1e40-7f3f-486e-baca-9c9b1fa053e9" CHANGEID="689679960" NUMBER="10" OPERTYPEID="10" PREVID="0" NEXTID="0" UPDATEDATE="2025-09-29" STARTDATE="2025-09-29" ENDDATE="2079-06-06" ISACTUAL="1" ISACTIVE="1" /><STEAD ID="74175815" OBJECTID="174935642" OBJECTGUID="480623ad-2d3f-489b-9f93-aa42bca06ac8" CHANGEID="689679964" NUMBER="14" OPERTYPEID="10" PREVID="0" NEXTID="0" UPDATEDATE="2025-09-29" STARTDATE="2025-09-29" ENDDATE="2079-06-06" ISACTUAL="1" ISACTIVE="1" /><STEAD ID="74175818" OBJECTID="174935648" OBJECTGUID="7997210a-d8dc-418d-8921-8f7689cd1720" CHANGEID="689679970" NUMBER="3" OPERTYPEID="10" PREVID="0" NEXTID="0" UPDATEDATE="2025-09-29" STARTDATE="2025-09-29" ENDDATE="2079-06-06" ISACTUAL="1" ISACTIVE="1" /><STEAD ID="74175823" OBJECTID="104808680" OBJECTGUID="266ad6b6-65b0-49ef-9449-0dbd073c9024" CHANGEID="689679976" NUMBER="22" OPERTYPEID="50" PREVID="15584773" UPDATEDATE="2025-09-29" STARTDATE="2025-09-29" ENDDATE="2079-06-06" ISACTUAL="1" ISACTIVE="1" /><STEAD ID="74175831" OBJECTID="174935665" OBJECTGUID="0207f5e6-191b-45a8-bab2-9b20819449b4" CHANGEID="689680001" NUMBER="2" OPERTYPEID="10" PREVID="0" NEXTID="0" UPDATEDATE="2025-09-29" STARTDATE="2025-09-29" ENDDATE="2079-06-06" ISACTUAL="1" ISACTIVE="1" /><STEAD ID="74175832" OBJECTID="174935667" OBJECTGUID="1380a8b0-e3e8-47b2-bb2c-d852089ab59e" CHANGEID="689680005" NUMBER="104" OPERTYPEID="10" PREVID="0" NEXTID="0" UPDATEDATE="2025-09-29" STARTDATE="2025-09-29" ENDDATE="2079-06-06" ISACTUAL="1" ISACTIVE="1" /><STEAD ID="74175833" OBJECTID="174935669" OBJECTGUID="65b035c6-f5d9-4e16-9002-4bc9913a803d" CHANGEID="689680007" NUMBER="1" OPERTYPEID="10" PREVID="0" NEXTID="0" UPDATEDATE="2025-09-29" STARTDATE="2025-09-29" ENDDATE="2079-06-06" ISACTUAL="1" ISACTIVE="1" /><STEAD ID="74175837" OBJECTID="84731393" OBJECTGUID="e971a415-1a06-407f-b716-4b7fd1e348bd" CHANGEID="689680019" NUMBER="1" OPERTYPEID="30" PREVID="176499" NEXTID="0" UPDATEDATE="2025-09-29" STARTDATE="2025-09-29" ENDDATE="2079-06-06" ISACTUAL="1" ISACTIVE="0" /><STEAD ID="74175812" OBJECTID="174935638" OBJECTGUID="39045ca5-f5b4-4045-9ac9-da7c04730b83" CHANGEID="689679959" NUMBER="5333" OPERTYPEID="10" PREVID="0" NEXTID="0" UPDATEDATE="2025-09-29" STARTDATE="2025-09-29" ENDDATE="2079-06-06" ISACTUAL="1" ISACTIVE="1" /><STEAD ID="74175814" OBJECTID="174935641" OBJECTGUID="2b808b3f-4297-4ea9-af0c-0bc4cfb6d4f6" CHANGEID="689679963" NUMBER="59" OPERTYPEID="10" PREVID="0" NEXTID="0" UPDATEDATE="2025-09-29" STARTDATE="2025-09-29" ENDDATE="2079-06-06" ISACTUAL="1" ISACTIVE="1" /><STEAD ID="74175816" OBJECTID="174935645" OBJECTGUID="7be1de6f-f82f-4550-b5e9-7d3f85417425" CHANGEID="689679967" NUMBER="8" OPERTYPEID="10" PREVID="0" NEXTID="0" UPDATEDATE="2025-09-29" STARTDATE="2025-09-29" ENDDATE="2079-06-06" ISACTUAL="1" ISACTIVE="1" /><STEAD ID="74175817" OBJECTID="174935647" OBJECTGUID="b2fca665-1a43-4d0a-a81d-ceb817af9844" CHANGEID="689679969" NUMBER="4" OPERTYPEID="10" PREVID="0" NEXTID="0" UPDATEDATE="2025-09-29" STARTDATE="2025-09-29" ENDDATE="2079-06-06" ISACTUAL="1" ISACTIVE="1" /><STEAD ID="74175820" OBJECTID="164491683" OBJECTGUID="39f8015b-8821-4b3c-b10c-4a81a5633f3c" CHANGEID="689679973" NUMBER="1А" OPERTYPEID="30" PREVID="68381876" NEXTID="0" UPDATEDATE="2025-09-29" STARTDATE="2025-09-29" ENDDATE="2079-06-06" ISACTUAL="1" ISACTIVE="0" /><STEAD ID="74175822" OBJECTID="104810827" OBJECTGUID="cce73556-5101-40e8-94e2-8ac4daa8c9c0" CHANGEID="689679975" NUMBER="20" OPERTYPEID="50" PREVID="15585342" UPDATEDATE="2025-09-29" STARTDATE="2025-09-29" ENDDATE="2079-06-06" ISACTUAL="1" ISACTIVE="1" /><STEAD ID="74175824" OBJECTID="174935652" OBJECTGUID="34f95b97-cf7a-4c27-9713-4f90455e3144" CHANGEID="689679977" NUMBER="2Ж" OPERTYPEID="10" PREVID="0" NEXTID="0" UPDATEDATE="2025-09-29" STARTDATE="2025-09-29" ENDDATE="2079-06-06" ISACTUAL="1" ISACTIVE="1" /><STEAD ID="74175830" OBJECTID="174935663" OBJECTGUID="ec4c1962-e09d-426c-a9db-099165cd69ab" CHANGEID="689679996" NUMBER="18" OPERTYPEID="10" PREVID="0" NEXTID="0" UPDATEDATE="2025-09-29" STARTDATE="2025-09-29" ENDDATE="2079-06-06" ISACTUAL="1" ISACTIVE="1" /><STEAD ID="74175834" OBJECTID="174935672" OBJECTGUID="31512879-61d6-497e-b68f-46b29cb21588" CHANGEID="689680010" NUMBER="1" OPERTYPEID="10" PREVID="0" NEXTID="0" UPDATEDATE="2025-09-29" STARTDATE="2025-09-29" ENDDATE="2079-06-06" ISACTUAL="1" ISACTIVE="1" /><STEAD ID="74175835" OBJECTID="174935678" OBJECTGUID="87978b74-fa63-48cc-a71d-4c449e5dc9b8" CHANGEID="689680016" NUMBER="41А" OPERTYPEID="10" PREVID="0" NEXTID="0" UPDATEDATE="2025-09-29" STARTDATE="2025-09-29" ENDDATE="2079-06-06" ISACTUAL="1" ISACTIVE="1" /><STEAD ID="74175836" OBJECTID="174935680" OBJECTGUID="9cf9e690-cb23-4973-95d8-63cde88724e3" CHANGEID="689680018" NUMBER="9" OPERTYPEID="10" PREVID="0" NEXTID="0" UPDATEDATE="2025-09-29" STARTDATE="2025-09-29" ENDDATE="2079-06-06" ISACTUAL="1" ISACTIVE="1" /><STEAD ID="74175838" OBJECTID="174935684" OBJECTGUID="a70a9217-e37b-4cfb-abc8-e80c3c2fb8a0" CHANGEID="689680024" NUMBER="57" OPERTYPEID="10" PREVID="0" NEXTID="0" UPDATEDATE="2025-09-29" STARTDATE="2025-09-29" ENDDATE="2079-06-06" ISACTUAL="1" ISACTIVE="1" /><STEAD ID="74175839" OBJECTID="174935685" OBJECTGUID="7d650d46-7528-4fe1-b24c-1bea8aa50c9b" CHANGEID="689680025" NUMBER="52" OPERTYPEID="10" PREVID="0" NEXTID="0" UPDATEDATE="2025-09-29" STARTDATE="2025-09-29" ENDDATE="2079-06-06" ISACTUAL="1" ISACTIVE="1" /><STEAD ID="74175840" OBJECTID="174935686" OBJECTGUID="6bb731bd-c9cc-4d48-94ad-191f668698ec" CHANGEID="689680026" NUMBER="50" OPERTYPEID="10" PREVID="0" NEXTID="0" UPDATEDATE="2025-09-29" STARTDATE="2025-09-29" ENDDATE="2079-06-06" ISACTUAL="1" ISACTIVE="1" /><STEAD ID="74175841" OBJECTID="174935687" OBJECTGUID="64a0d418-2b2c-4c42-a592-759f2054b4a6" CHANGEID="689680027" NUMBER="48" OPERTYPEID="10" PREVID="0" NEXTID="0" UPDATEDATE="2025-09-29" STARTDATE="2025-09-29" ENDDATE="2079-06-06" ISACTUAL="1" ISACTIVE="1" /><STEAD ID="74175842" OBJECTID="174935688" OBJECTGUID="4783e3d0-7226-4308-8c94-b7c93bc4204c" CHANGEID="689680028" NUMBER="46" OPERTYPEID="10" PREVID="0" NEXTID="0" UPDATEDATE="2025-09-29" STARTDATE="2025-09-29" ENDDATE="2079-06-06" ISACTUAL="1" ISACTIVE="1" /><STEAD ID="74175852" OBJECTID="174935702" OBJECTGUID="9312ad8d-cb20-4831-ae37-a099cfd88268" CHANGEID="689680094" NUMBER="18" OPERTYPEID="10" PREVID="0" NEXTID="0" UPDATEDATE="2025-09-29" STARTDATE="2025-09-29" ENDDATE="2079-06-06" ISACTUAL="1" ISACTIVE="1" /><STEAD ID="74175878" OBJECTID="174935733" OBJECTGUID="c9fd5985-2a3e-4513-a804-9e32562aa857" CHANGEID="689680161" NUMBER="1А" OPERTYPEID="10" PREVID="0" NEXTID="0" UPDATEDATE="2025-09-29" STARTDATE="2025-09-29" ENDDATE="2079-06-06" ISACTUAL="1" ISACTIVE="1" /><STEAD ID="74175853" OBJECTID="174935703" OBJECTGUID="0b7eb1bc-e2ea-43a0-88f3-b790307d6c4c" CHANGEID="689680095" NUMBER="139" OPERTYPEID="10" PREVID="0" NEXTID="0" UPDATEDATE="2025-09-29" STARTDATE="2025-09-29" ENDDATE="2079-06-06" ISACTUAL="1" ISACTIVE="1" /><STEAD ID="74175875" OBJECTID="174935729" OBJECTGUID="c9ab127c-2503-4181-80c4-2531a4332150" CHANGEID="689680156" NUMBER="35" OPERTYPEID="10" PREVID="0" NEXTID="0" UPDATEDATE="2025-09-29" STARTDATE="2025-09-29" ENDDATE="2079-06-06" ISACTUAL="1" ISACTIVE="1" /><STEAD ID="74175883" OBJECTID="174935741" OBJECTGUID="f430c6ad-59e1-40f2-b991-a4adab46897f" CHANGEID="689680170" NUMBER="2" OPERTYPEID="10" PREVID="0" NEXTID="0" UPDATEDATE="2025-09-29" STARTDATE="2025-09-29" ENDDATE="2079-06-06" ISACTUAL="1" ISACTIVE="1" /><STEAD ID="74175890" OBJECTID="174935776" OBJECTGUID="d64c9955-af2f-4929-9e2c-74d2b2e8902c" CHANGEID="689680207" NUMBER="5" OPERTYPEID="10" PREVID="0" NEXTID="0" UPDATEDATE="2025-09-29" STARTDATE="2025-09-29" ENDDATE="2079-06-06" ISACTUAL="1" ISACTIVE="1" /><STEAD ID="74175900" OBJECTID="174935813" OBJECTGUID="c71fd951-b186-4a02-840e-99251aa26fad" CHANGEID="689680308" NUMBER="9/3" OPERTYPEID="10" PREVID="0" NEXTID="0" UPDATEDATE="2025-09-29" STARTDATE="2025-09-29" ENDDATE="2079-06-06" ISACTUAL="1" ISACTIVE="1" /><STEAD ID="74175901" OBJECTID="174935814" OBJECTGUID="1dbe75ba-c546-4e64-ac09-20ff093626a3" CHANGEID="689680309" NUMBER="9/2" OPERTYPEID="10" PREVID="0" NEXTID="0" UPDATEDATE="2025-09-29" STARTDATE="2025-09-29" ENDDATE="2079-06-06" ISACTUAL="1" ISACTIVE="1" /><STEAD ID="74175902" OBJECTID="174935815" OBJECTGUID="73d18af0-5831-4e15-bb83-e3e86d819646" CHANGEID="689680310" NUMBER="9/1" OPERTYPEID="10" PREVID="0" NEXTID="0" UPDATEDATE="2025-09-29" STARTDATE="2025-09-29" ENDDATE="2079-06-06" ISACTUAL="1" ISACTIVE="1" /><STEAD ID="74175904" OBJECTID="174935841" OBJECTGUID="bd3a6a2b-90b1-4005-9c99-cd39dcc06bb4" CHANGEID="689680345" NUMBER="11" OPERTYPEID="10" PREVID="0" NEXTID="0" UPDATEDATE="2025-09-29" STARTDATE="2025-09-29" ENDDATE="2079-06-06" ISACTUAL="1" ISACTIVE="1" /><STEAD ID="74175910" OBJECTID="174935884" OBJECTGUID="471d1b78-a66c-41f3-abb4-d1195e226068" CHANGEID="689680393" NUMBER="7" OPERTYPEID="10" PREVID="0" NEXTID="0" UPDATEDATE="2025-09-29" STARTDATE="2025-09-29" ENDDATE="2079-06-06" ISACTUAL="1" ISACTIVE="1" /><STEAD ID="74175912" OBJECTID="174935886" OBJECTGUID="31c8e5ae-d564-406f-b063-14bd06449f3a" CHANGEID="689680395" NUMBER="4/21" OPERTYPEID="10" PREVID="0" NEXTID="0" UPDATEDATE="2025-09-29" STARTDATE="2025-09-29" ENDDATE="2079-06-06" ISACTUAL="1" ISACTIVE="1" /><STEAD ID="74175913" OBJECTID="174935887" OBJECTGUID="333ca10d-1545-49fa-9381-b5d0b13961cd" CHANGEID="689680396" NUMBER="1/43" OPERTYPEID="10" PREVID="0" NEXTID="0" UPDATEDATE="2025-09-29" STARTDATE="2025-09-29" ENDDATE="2079-06-06" ISACTUAL="1" ISACTIVE="1" /><STEAD ID="74175914" OBJECTID="174935888" OBJECTGUID="97b5802b-e2af-4550-8392-131ed75e4200" CHANGEID="689680397" NUMBER="4/44" OPERTYPEID="10" PREVID="0" NEXTID="0" UPDATEDATE="2025-09-29" STARTDATE="2025-09-29" ENDDATE="2079-06-06" ISACTUAL="1" ISACTIVE="1" /><STEAD ID="74175915" OBJECTID="174936380" OBJECTGUID="95d83741-5dc6-4712-a21a-f72aaba8fafb" CHANGEID="689680889" NUMBER="20" OPERTYPEID="10" PREVID="0" NEXTID="0" UPDATEDATE="2025-09-29" STARTDATE="2025-09-29" ENDDATE="2079-06-06" ISACTUAL="1" ISACTIVE="1" /><STEAD ID="74175917" OBJECTID="174936382" OBJECTGUID="f0c8c7a3-b992-4c79-ba5c-722874fcd68c" CHANGEID="689680891" NUMBER="2/4" OPERTYPEID="10" PREVID="0" NEXTID="0" UPDATEDATE="2025-09-29" STARTDATE="2025-09-29" ENDDATE="2079-06-06" ISACTUAL="1" ISACTIVE="1" /><STEAD ID="74175926" OBJECTID="174936550" OBJECTGUID="52144e76-3bab-48f2-97c2-1872d38a5640" CHANGEID="689681073" NUMBER="1" OPERTYPEID="10" PREVID="0" NEXTID="0" UPDATEDATE="2025-09-29" STARTDATE="2025-09-29" ENDDATE="2079-06-06" ISACTUAL="1" ISACTIVE="1" /><STEAD ID="74175928" OBJECTID="174936552" OBJECTGUID="6b5a1ce9-61e9-48f1-928c-5d3258a19c6a" CHANGEID="689681075" NUMBER="5" OPERTYPEID="10" PREVID="0" NEXTID="0" UPDATEDATE="2025-09-29" STARTDATE="2025-09-29" ENDDATE="2079-06-06" ISACTUAL="1" ISACTIVE="1" /><STEAD ID="74175934" OBJECTID="174936574" OBJECTGUID="38a1f428-6892-4694-8473-7b8843afda02" CHANGEID="689681099" NUMBER="27" OPERTYPEID="10" PREVID="0" NEXTID="0" UPDATEDATE="2025-09-29" STARTDATE="2025-09-29" ENDDATE="2079-06-06" ISACTUAL="1" ISACTIVE="1" /><STEAD ID="74175892" OBJECTID="174935779" OBJECTGUID="07376225-6ba1-4dc6-be0e-a4ba93b828a1" CHANGEID="689680210" NUMBER="7" OPERTYPEID="10" PREVID="0" NEXTID="0" UPDATEDATE="2025-09-29" STARTDATE="2025-09-29" ENDDATE="2079-06-06" ISACTUAL="1" ISACTIVE="1" /><STEAD ID="74175905" OBJECTID="174935842" OBJECTGUID="990889b4-72c6-49c2-b1da-b78fd8a86cde" CHANGEID="689680346" NUMBER="14" OPERTYPEID="10" PREVID="0" NEXTID="0" UPDATEDATE="2025-09-29" STARTDATE="2025-09-29" ENDDATE="2079-06-06" ISACTUAL="1" ISACTIVE="1" /><STEAD ID="74175909" OBJECTID="174935880" OBJECTGUID="8d07d082-0483-49a4-8a6a-ed9d75541e31" CHANGEID="689680388" NUMBER="1" OPERTYPEID="10" PREVID="0" NEXTID="0" UPDATEDATE="2025-09-29" STARTDATE="2025-09-29" ENDDATE="2079-06-06" ISACTUAL="1" ISACTIVE="1" /><STEAD ID="74175911" OBJECTID="174935885" OBJECTGUID="47ff5f00-c2ba-498b-9e51-5183546d5479" CHANGEID="689680394" NUMBER="39" OPERTYPEID="10" PREVID="0" NEXTID="0" UPDATEDATE="2025-09-29" STARTDATE="2025-09-29" ENDDATE="2079-06-06" ISACTUAL="1" ISACTIVE="1" /><STEAD ID="74175919" OBJECTID="174936543" OBJECTGUID="aab50ec1-a4b6-4e28-90bd-93810515c57e" CHANGEID="689681066" NUMBER="11/53" OPERTYPEID="10" PREVID="0" NEXTID="0" UPDATEDATE="2025-09-29" STARTDATE="2025-09-29" ENDDATE="2079-06-06" ISACTUAL="1" ISACTIVE="1" /><STEAD ID="74175923" OBJECTID="174936547" OBJECTGUID="0430f55c-848c-475a-9086-73daaf615847" CHANGEID="689681070" NUMBER="24/1" OPERTYPEID="10" PREVID="0" NEXTID="0" UPDATEDATE="2025-09-29" STARTDATE="2025-09-29" ENDDATE="2079-06-06" ISACTUAL="1" ISACTIVE="1" /><STEAD ID="74175927" OBJECTID="174936551" OBJECTGUID="0fdba90d-f1ce-400f-aeec-1a2d5ee0fb14" CHANGEID="689681074" NUMBER="3" OPERTYPEID="10" PREVID="0" NEXTID="0" UPDATEDATE="2025-09-29" STARTDATE="2025-09-29" ENDDATE="2079-06-06" ISACTUAL="1" ISACTIVE="1" /><STEAD ID="74175935" OBJECTID="174936575" OBJECTGUID="2af81a6f-c03a-4c7e-8688-36c72291d4cb" CHANGEID="689681100" NUMBER="4" OPERTYPEID="10" PREVID="0" NEXTID="0" UPDATEDATE="2025-09-29" STARTDATE="2025-09-29" ENDDATE="2079-06-06" ISACTUAL="1" ISACTIVE="1" /><STEAD ID="74176034" OBJECTID="174936757" OBJECTGUID="976288b7-eaac-4148-a1f1-8a7f865e0b34" CHANGEID="689681960" NUMBER="24" OPERTYPEID="10" PREVID="0" NEXTID="0" UPDATEDATE="2025-09-29" STARTDATE="2025-09-29" ENDDATE="2079-06-06" ISACTUAL="1" ISACTIVE="1" /><STEAD ID="74176037" OBJECTID="174936763" OBJECTGUID="f8d8c3a0-79b5-4dc9-9944-64c86fbb9952" CHANGEID="689681988" NUMBER="79" OPERTYPEID="10" PREVID="0" NEXTID="0" UPDATEDATE="2025-09-29" STARTDATE="2025-09-29" ENDDATE="2079-06-06" ISACTUAL="1" ISACTIVE="1" /><STEAD ID="74176039" OBJECTID="174936765" OBJECTGUID="0dca534a-4557-4d51-93a1-704f56b03a9a" CHANGEID="689681996" NUMBER="34" OPERTYPEID="10" PREVID="0" NEXTID="0" UPDATEDATE="2025-09-29" STARTDATE="2025-09-29" ENDDATE="2079-06-06" ISACTUAL="1" ISACTIVE="1" /><STEAD ID="74176044" OBJECTID="174936785" OBJECTGUID="c014aa52-c028-40ed-b494-68895aa8a63d" CHANGEID="689682104" NUMBER="39" OPERTYPEID="10" PREVID="0" NEXTID="0" UPDATEDATE="2025-09-29" STARTDATE="2025-09-29" ENDDATE="2079-06-06" ISACTUAL="1" ISACTIVE="1" /><STEAD ID="74176053" OBJECTID="174936803" OBJECTGUID="b3b2dca6-ac2b-4296-ab69-644c4703235d" CHANGEID="689682153" NUMBER="6" OPERTYPEID="10" PREVID="0" NEXTID="0" UPDATEDATE="2025-09-29" STARTDATE="2025-09-29" ENDDATE="2079-06-06" ISACTUAL="1" ISACTIVE="1" /><STEAD ID="74176055" OBJECTID="174936805" OBJECTGUID="4469decc-8c17-4006-8fc4-b6296ba0c8cb" CHANGEID="689682158" NUMBER="20" OPERTYPEID="10" PREVID="0" NEXTID="0" UPDATEDATE="2025-09-29" STARTDATE="2025-09-29" ENDDATE="2079-06-06" ISACTUAL="1" ISACTIVE="1" /><STEAD ID="74176100" OBJECTID="174936924" OBJECTGUID="d656f522-7b34-4266-92b4-107e80bd3d7d" CHANGEID="689682371" NUMBER="134" OPERTYPEID="10" PREVID="0" NEXTID="0" UPDATEDATE="2025-09-29" STARTDATE="2025-09-29" ENDDATE="2079-06-06" ISACTUAL="1" ISACTIVE="1" /><STEAD ID="74176103" OBJECTID="174936943" OBJECTGUID="8f7cb167-1508-4d64-ad2f-42153eb90c11" CHANGEID="689682397" NUMBER="182" OPERTYPEID="10" PREVID="0" NEXTID="0" UPDATEDATE="2025-09-29" STARTDATE="2025-09-29" ENDDATE="2079-06-06" ISACTUAL="1" ISACTIVE="1" /><STEAD ID="74176098" OBJECTID="174936920" OBJECTGUID="c9cb4e8d-85bf-49e0-a80f-44081d9475fb" CHANGEID="689682360" NUMBER="181" OPERTYPEID="10" PREVID="0" NEXTID="0" UPDATEDATE="2025-09-29" STARTDATE="2025-09-29" ENDDATE="2079-06-06" ISACTUAL="1" ISACTIVE="1" /><STEAD ID="74176494" OBJECTID="174937990" OBJECTGUID="7e980cb1-73d9-4f9d-a2d7-40e6167a3c0e" CHANGEID="689685992" NUMBER="22В" OPERTYPEID="10" PREVID="0" NEXTID="0" UPDATEDATE="2025-09-29" STARTDATE="2025-09-29" ENDDATE="2079-06-06" ISACTUAL="1" ISACTIVE="1" /><STEAD ID="74176495" OBJECTID="174937991" OBJECTGUID="5a4edcd0-8540-4e9b-8797-7d67b5cb56cd" CHANGEID="689685993" NUMBER="13" OPERTYPEID="10" PREVID="0" NEXTID="0" UPDATEDATE="2025-09-29" STARTDATE="2025-09-29" ENDDATE="2079-06-06" ISACTUAL="1" ISACTIVE="1" /><STEAD ID="74176499" OBJECTID="174937996" OBJECTGUID="03675345-04e3-4192-bd2e-d5ea07154f98" CHANGEID="689685999" NUMBER="31А" OPERTYPEID="10" PREVID="0" NEXTID="0" UPDATEDATE="2025-09-29" STARTDATE="2025-09-29" ENDDATE="2079-06-06" ISACTUAL="1" ISACTIVE="1" /><STEAD ID="74176500" OBJECTID="174937999" OBJECTGUID="e7d72aef-7bde-4e3c-8d74-c07b9f9b4a7d" CHANGEID="689686002" NUMBER="3" OPERTYPEID="10" PREVID="0" NEXTID="0" UPDATEDATE="2025-09-29" STARTDATE="2025-09-29" ENDDATE="2079-06-06" ISACTUAL="1" ISACTIVE="1" /><STEAD ID="74176501" OBJECTID="174938002" OBJECTGUID="6612e3cb-54b4-4539-b573-80a72b6cb3d1" CHANGEID="689686010" NUMBER="494" OPERTYPEID="10" PREVID="0" NEXTID="0" UPDATEDATE="2025-09-29" STARTDATE="2025-09-29" ENDDATE="2079-06-06" ISACTUAL="1" ISACTIVE="1" /><STEAD ID="74176502" OBJECTID="174938004" OBJECTGUID="f7e7bd49-dde6-44b3-8b04-f213341d85b9" CHANGEID="689686013" NUMBER="32" OPERTYPEID="10" PREVID="0" NEXTID="0" UPDATEDATE="2025-09-29" STARTDATE="2025-09-29" ENDDATE="2079-06-06" ISACTUAL="1" ISACTIVE="1" /><STEAD ID="74176503" OBJECTID="174938008" OBJECTGUID="1a2dbec6-3564-4372-8a07-bff724d34773" CHANGEID="689686019" NUMBER="6" OPERTYPEID="10" PREVID="0" NEXTID="0" UPDATEDATE="2025-09-29" STARTDATE="2025-09-29" ENDDATE="2079-06-06" ISACTUAL="1" ISACTIVE="1" /><STEAD ID="74176506" OBJECTID="174938013" OBJECTGUID="25cdb1e2-ff62-4501-b34f-8d976a15bc5c" CHANGEID="689686034" NUMBER="6" OPERTYPEID="10" PREVID="0" NEXTID="0" UPDATEDATE="2025-09-29" STARTDATE="2025-09-29" ENDDATE="2079-06-06" ISACTUAL="1" ISACTIVE="1" /><STEAD ID="74176509" OBJECTID="174938018" OBJECTGUID="353e4193-8ffc-4975-b4d0-276886fe1822" CHANGEID="689686040" NUMBER="47" OPERTYPEID="10" PREVID="0" NEXTID="0" UPDATEDATE="2025-09-29" STARTDATE="2025-09-29" ENDDATE="2079-06-06" ISACTUAL="1" ISACTIVE="1" /><STEAD ID="74176510" OBJECTID="174938019" OBJECTGUID="9bc1414d-77a7-4123-b413-67761efb40bd" CHANGEID="689686041" NUMBER="20а" OPERTYPEID="10" PREVID="0" NEXTID="0" UPDATEDATE="2025-09-29" STARTDATE="2025-09-29" ENDDATE="2079-06-06" ISACTUAL="1" ISACTIVE="1" /><STEAD ID="74176512" OBJECTID="174938022" OBJECTGUID="ae539407-b5e3-4641-b537-24c98c7b4e0d" CHANGEID="689686045" NUMBER="20" OPERTYPEID="10" PREVID="0" NEXTID="0" UPDATEDATE="2025-09-29" STARTDATE="2025-09-29" ENDDATE="2079-06-06" ISACTUAL="1" ISACTIVE="1" /><STEAD ID="74176523" OBJECTID="174938035" OBJECTGUID="c83b8781-e3b0-48ec-a5a7-9bbb3d0e1834" CHANGEID="689686059" NUMBER="10" OPERTYPEID="10" PREVID="0" NEXTID="0" UPDATEDATE="2025-09-29" STARTDATE="2025-09-29" ENDDATE="2079-06-06" ISACTUAL="1" ISACTIVE="1" /><STEAD ID="74176525" OBJECTID="174938039" OBJECTGUID="1a88b67d-1809-43c6-8d0e-3d68667d054a" CHANGEID="689686065" NUMBER="11" OPERTYPEID="10" PREVID="0" NEXTID="0" UPDATEDATE="2025-09-29" STARTDATE="2025-09-29" ENDDATE="2079-06-06" ISACTUAL="1" ISACTIVE="1" /><STEAD ID="74176527" OBJECTID="174938048" OBJECTGUID="a0a4f8fe-4e5c-4141-a849-4f4a37ec1f35" CHANGEID="689686081" NUMBER="1" OPERTYPEID="10" PREVID="0" NEXTID="0" UPDATEDATE="2025-09-29" STARTDATE="2025-09-29" ENDDATE="2079-06-06" ISACTUAL="1" ISACTIVE="1" /><STEAD ID="74176526" OBJECTID="174938042" OBJECTGUID="d91f1aec-12ff-42e4-9b5c-73ff2b9412ed" CHANGEID="689686068" NUMBER="25/143" OPERTYPEID="10" PREVID="0" NEXTID="0" UPDATEDATE="2025-09-29" STARTDATE="2025-09-29" ENDDATE="2079-06-06" ISACTUAL="1" ISACTIVE="1" /><STEAD ID="74178006" OBJECTID="174940609" OBJECTGUID="b6d3b85c-f631-4e2b-87a1-ba1631b53205" CHANGEID="689691281" NUMBER="90" OPERTYPEID="10" PREVID="0" NEXTID="0" UPDATEDATE="2025-09-29" STARTDATE="2025-09-29" ENDDATE="2079-06-06" ISACTUAL="1" ISACTIVE="1" /><STEAD ID="74178556" OBJECTID="174941465" OBJECTGUID="de33f21b-69e7-49eb-87c4-4b5856959552" CHANGEID="689693148" NUMBER="107" OPERTYPEID="10" PREVID="0" NEXTID="0" UPDATEDATE="2025-09-29" STARTDATE="2025-09-29" ENDDATE="2079-06-06" ISACTUAL="1" ISACTIVE="1" /><STEAD ID="74178781" OBJECTID="174941909" OBJECTGUID="7ff714de-2953-4871-80c1-d9a3853061d5" CHANGEID="689693972" NUMBER="3330" OPERTYPEID="10" PREVID="0" NEXTID="0" UPDATEDATE="2025-09-29" STARTDATE="2025-09-29" ENDDATE="2079-06-06" ISACTUAL="1" ISACTIVE="1" /><STEAD ID="74180337" OBJECTID="174945073" OBJECTGUID="988064c8-3b07-4ea1-a4bf-a6f2807aac6c" CHANGEID="689700992" NUMBER="114" OPERTYPEID="10" PREVID="0" NEXTID="0" UPDATEDATE="2025-09-29" STARTDATE="2025-09-29" ENDDATE="2079-06-06" ISACTUAL="1" ISACTIVE="1" /><STEAD ID="74184774" OBJECTID="174952070" OBJECTGUID="edb229ad-5d26-463a-bcd1-bcf26203b05c" CHANGEID="689716434" NUMBER="5/1" OPERTYPEID="10" PREVID="0" NEXTID="0" UPDATEDATE="2025-09-30" STARTDATE="2025-09-30" ENDDATE="2079-06-06" ISACTUAL="1" ISACTIVE="1" /><STEAD ID="74184790" OBJECTID="174952077" OBJECTGUID="3ed67fc9-c248-4eb0-acd9-b9947c707cf6" CHANGEID="689716504" NUMBER="257" OPERTYPEID="10" PREVID="0" NEXTID="0" UPDATEDATE="2025-09-30" STARTDATE="2025-09-30" ENDDATE="2079-06-06" ISACTUAL="1" ISACTIVE="1" /><STEAD ID="74185572" OBJECTID="174953232" OBJECTGUID="fd78e07a-5465-491a-b0ff-d0d790b3056e" CHANGEID="689719061" NUMBER="1" OPERTYPEID="10" PREVID="0" NEXTID="0" UPDATEDATE="2025-09-30" STARTDATE="2025-09-30" ENDDATE="2079-06-06" ISACTUAL="1" ISACTIVE="1" /><STEAD ID="74185574" OBJECTID="174953234" OBJECTGUID="7ff0d628-0082-4900-96cb-0e4f6dfa1e06" CHANGEID="689719063" NUMBER="24А" OPERTYPEID="10" PREVID="0" NEXTID="0" UPDATEDATE="2025-09-30" STARTDATE="2025-09-30" ENDDATE="2079-06-06" ISACTUAL="1" ISACTIVE="1" /><STEAD ID="74185578" OBJECTID="174953238" OBJECTGUID="342d2795-0841-4a02-99e5-2f57515fdc85" CHANGEID="689719067" NUMBER="15" OPERTYPEID="10" PREVID="0" NEXTID="0" UPDATEDATE="2025-09-30" STARTDATE="2025-09-30" ENDDATE="2079-06-06" ISACTUAL="1" ISACTIVE="1" /><STEAD ID="74185579" OBJECTID="174953239" OBJECTGUID="cc5f76c1-c537-48cb-b79d-79dcca136239" CHANGEID="689719068" NUMBER="11" OPERTYPEID="10" PREVID="0" NEXTID="0" UPDATEDATE="2025-09-30" STARTDATE="2025-09-30" ENDDATE="2079-06-06" ISACTUAL="1" ISACTIVE="1" /><STEAD ID="74185580" OBJECTID="163752537" OBJECTGUID="901c4592-91ac-405c-85e7-92e5c5152e59" CHANGEID="689719146" NUMBER="22Д" OPERTYPEID="20" PREVID="68118386" UPDATEDATE="2025-09-30" STARTDATE="2025-09-30" ENDDATE="2079-06-06" ISACTUAL="1" ISACTIVE="1" /><STEAD ID="74185584" OBJECTID="174953247" OBJECTGUID="39b567c6-68aa-427f-95d8-a16b46fa9e43" CHANGEID="689719159" NUMBER="4" OPERTYPEID="10" PREVID="0" NEXTID="0" UPDATEDATE="2025-09-30" STARTDATE="2025-09-30" ENDDATE="2079-06-06" ISACTUAL="1" ISACTIVE="1" /><STEAD ID="74185549" OBJECTID="174953205" OBJECTGUID="2bbe23a0-d7fd-4c33-aa7f-19510e087236" CHANGEID="689719034" NUMBER="2" OPERTYPEID="10" PREVID="0" NEXTID="0" UPDATEDATE="2025-09-30" STARTDATE="2025-09-30" ENDDATE="2079-06-06" ISACTUAL="1" ISACTIVE="1" /><STEAD ID="74185550" OBJECTID="174953206" OBJECTGUID="41ee9789-f964-46ed-8ae0-57034a8c77cd" CHANGEID="689719035" NUMBER="1" OPERTYPEID="10" PREVID="0" NEXTID="0" UPDATEDATE="2025-09-30" STARTDATE="2025-09-30" ENDDATE="2079-06-06" ISACTUAL="1" ISACTIVE="1" /><STEAD ID="74185551" OBJECTID="174953207" OBJECTGUID="28951c01-b020-4ddf-8e26-a0f86eac8ead" CHANGEID="689719036" NUMBER="30" OPERTYPEID="10" PREVID="0" NEXTID="0" UPDATEDATE="2025-09-30" STARTDATE="2025-09-30" ENDDATE="2079-06-06" ISACTUAL="1" ISACTIVE="1" /><STEAD ID="74185552" OBJECTID="174953208" OBJECTGUID="b8d800bc-a732-493e-a64b-87459847a8ee" CHANGEID="689719037" NUMBER="28" OPERTYPEID="10" PREVID="0" NEXTID="0" UPDATEDATE="2025-09-30" STARTDATE="2025-09-30" ENDDATE="2079-06-06" ISACTUAL="1" ISACTIVE="1" /><STEAD ID="74185553" OBJECTID="174953209" OBJECTGUID="56090abd-6965-4475-a2ce-cca308637159" CHANGEID="689719038" NUMBER="24" OPERTYPEID="10" PREVID="0" NEXTID="0" UPDATEDATE="2025-09-30" STARTDATE="2025-09-30" ENDDATE="2079-06-06" ISACTUAL="1" ISACTIVE="1" /><STEAD ID="74185554" OBJECTID="174953210" OBJECTGUID="f6e755aa-c6c4-47e1-a89b-60f154ea3c36" CHANGEID="689719039" NUMBER="22" OPERTYPEID="10" PREVID="0" NEXTID="0" UPDATEDATE="2025-09-30" STARTDATE="2025-09-30" ENDDATE="2079-06-06" ISACTUAL="1" ISACTIVE="1" /><STEAD ID="74185555" OBJECTID="174953211" OBJECTGUID="b17e88c7-7f55-4ff9-ac12-e6ea5fa2fea2" CHANGEID="689719040" NUMBER="20" OPERTYPEID="10" PREVID="0" NEXTID="0" UPDATEDATE="2025-09-30" STARTDATE="2025-09-30" ENDDATE="2079-06-06" ISACTUAL="1" ISACTIVE="1" /><STEAD ID="74185556" OBJECTID="174953212" OBJECTGUID="cc96aae1-80c1-4cc4-8596-d802a4f44206" CHANGEID="689719041" NUMBER="19" OPERTYPEID="10" PREVID="0" NEXTID="0" UPDATEDATE="2025-09-30" STARTDATE="2025-09-30" ENDDATE="2079-06-06" ISACTUAL="1" ISACTIVE="1" /><STEAD ID="74185557" OBJECTID="174953213" OBJECTGUID="54d4b546-60e7-4ff3-a7cd-fc0df69494fd" CHANGEID="689719042" NUMBER="17" OPERTYPEID="10" PREVID="0" NEXTID="0" UPDATEDATE="2025-09-30" STARTDATE="2025-09-30" ENDDATE="2079-06-06" ISACTUAL="1" ISACTIVE="1" /><STEAD ID="74185558" OBJECTID="174953214" OBJECTGUID="88bbe72b-5a29-466b-a665-f39363671d25" CHANGEID="689719043" NUMBER="16" OPERTYPEID="10" PREVID="0" NEXTID="0" UPDATEDATE="2025-09-30" STARTDATE="2025-09-30" ENDDATE="2079-06-06" ISACTUAL="1" ISACTIVE="1" /><STEAD ID="74185559" OBJECTID="174953215" OBJECTGUID="613f9059-8009-4f2d-939d-bd6df28cec63" CHANGEID="689719044" NUMBER="15" OPERTYPEID="10" PREVID="0" NEXTID="0" UPDATEDATE="2025-09-30" STARTDATE="2025-09-30" ENDDATE="2079-06-06" ISACTUAL="1" ISACTIVE="1" /><STEAD ID="74185560" OBJECTID="174953216" OBJECTGUID="5aaccf6c-fce8-422f-971c-72a3ab030eab" CHANGEID="689719045" NUMBER="14" OPERTYPEID="10" PREVID="0" NEXTID="0" UPDATEDATE="2025-09-30" STARTDATE="2025-09-30" ENDDATE="2079-06-06" ISACTUAL="1" ISACTIVE="1" /><STEAD ID="74185561" OBJECTID="174953217" OBJECTGUID="e571df92-2979-405c-9aca-1e11eb60cd36" CHANGEID="689719046" NUMBER="13" OPERTYPEID="10" PREVID="0" NEXTID="0" UPDATEDATE="2025-09-30" STARTDATE="2025-09-30" ENDDATE="2079-06-06" ISACTUAL="1" ISACTIVE="1" /><STEAD ID="74185562" OBJECTID="174953218" OBJECTGUID="2ba9c552-b0f3-4984-ac4e-adaa78f6af99" CHANGEID="689719047" NUMBER="12" OPERTYPEID="10" PREVID="0" NEXTID="0" UPDATEDATE="2025-09-30" STARTDATE="2025-09-30" ENDDATE="2079-06-06" ISACTUAL="1" ISACTIVE="1" /><STEAD ID="74185563" OBJECTID="174953219" OBJECTGUID="8ecffe04-003e-43cd-85d4-2085c166ba27" CHANGEID="689719048" NUMBER="11" OPERTYPEID="10" PREVID="0" NEXTID="0" UPDATEDATE="2025-09-30" STARTDATE="2025-09-30" ENDDATE="2079-06-06" ISACTUAL="1" ISACTIVE="1" /><STEAD ID="74185564" OBJECTID="174953220" OBJECTGUID="037bdafe-b174-42ad-8e6e-11d500c5a2a5" CHANGEID="689719049" NUMBER="10" OPERTYPEID="10" PREVID="0" NEXTID="0" UPDATEDATE="2025-09-30" STARTDATE="2025-09-30" ENDDATE="2079-06-06" ISACTUAL="1" ISACTIVE="1" /><STEAD ID="74185565" OBJECTID="174953221" OBJECTGUID="e9a8d131-cdd5-4bdd-8a89-149c2f30b574" CHANGEID="689719050" NUMBER="9" OPERTYPEID="10" PREVID="0" NEXTID="0" UPDATEDATE="2025-09-30" STARTDATE="2025-09-30" ENDDATE="2079-06-06" ISACTUAL="1" ISACTIVE="1" /><STEAD ID="74185566" OBJECTID="174953222" OBJECTGUID="245163ea-a197-45ae-91b8-e335352042a1" CHANGEID="689719051" NUMBER="8" OPERTYPEID="10" PREVID="0" NEXTID="0" UPDATEDATE="2025-09-30" STARTDATE="2025-09-30" ENDDATE="2079-06-06" ISACTUAL="1" ISACTIVE="1" /><STEAD ID="74185567" OBJECTID="174953223" OBJECTGUID="fbfa7164-579e-4fa7-b935-af4c6018fa2f" CHANGEID="689719052" NUMBER="7" OPERTYPEID="10" PREVID="0" NEXTID="0" UPDATEDATE="2025-09-30" STARTDATE="2025-09-30" ENDDATE="2079-06-06" ISACTUAL="1" ISACTIVE="1" /><STEAD ID="74185568" OBJECTID="174953224" OBJECTGUID="b1780feb-37ab-4d54-89ac-4b763e8769d8" CHANGEID="689719053" NUMBER="6" OPERTYPEID="10" PREVID="0" NEXTID="0" UPDATEDATE="2025-09-30" STARTDATE="2025-09-30" ENDDATE="2079-06-06" ISACTUAL="1" ISACTIVE="1" /><STEAD ID="74185569" OBJECTID="174953225" OBJECTGUID="55b81735-da76-4c99-9041-e8331c088558" CHANGEID="689719054" NUMBER="5" OPERTYPEID="10" PREVID="0" NEXTID="0" UPDATEDATE="2025-09-30" STARTDATE="2025-09-30" ENDDATE="2079-06-06" ISACTUAL="1" ISACTIVE="1" /><STEAD ID="74185570" OBJECTID="174953226" OBJECTGUID="7a8b9846-a1d8-4cc4-9d00-839b3271001d" CHANGEID="689719055" NUMBER="4" OPERTYPEID="10" PREVID="0" NEXTID="0" UPDATEDATE="2025-09-30" STARTDATE="2025-09-30" ENDDATE="2079-06-06" ISACTUAL="1" ISACTIVE="1" /><STEAD ID="74185571" OBJECTID="174953227" OBJECTGUID="936d97aa-5aa8-4ea3-9705-cdff043da0cd" CHANGEID="689719056" NUMBER="3" OPERTYPEID="10" PREVID="0" NEXTID="0" UPDATEDATE="2025-09-30" STARTDATE="2025-09-30" ENDDATE="2079-06-06" ISACTUAL="1" ISACTIVE="1" /><STEAD ID="74185777" OBJECTID="174953487" OBJECTGUID="e7b10444-88ad-423a-b755-b230ad2ee90b" CHANGEID="689719517" NUMBER="326" OPERTYPEID="10" PREVID="0" NEXTID="0" UPDATEDATE="2025-09-30" STARTDATE="2025-09-30" ENDDATE="2079-06-06" ISACTUAL="1" ISACTIVE="1" /><STEAD ID="74185780" OBJECTID="174953490" OBJECTGUID="85c741a3-8043-4bc7-a370-28c8de152f22" CHANGEID="689719529" NUMBER="6" OPERTYPEID="10" PREVID="0" NEXTID="0" UPDATEDATE="2025-09-30" STARTDATE="2025-09-30" ENDDATE="2079-06-06" ISACTUAL="1" ISACTIVE="1" /><STEAD ID="74185790" OBJECTID="174953502" OBJECTGUID="ad27ffa7-e3df-4083-9f3a-09b5d526d48f" CHANGEID="689719552" NUMBER="1558" OPERTYPEID="10" PREVID="0" NEXTID="0" UPDATEDATE="2025-09-30" STARTDATE="2025-09-30" ENDDATE="2079-06-06" ISACTUAL="1" ISACTIVE="1" /><STEAD ID="74185794" OBJECTID="174953512" OBJECTGUID="a838281e-7864-476c-84f0-61e9045f5f34" CHANGEID="689719568" NUMBER="507" OPERTYPEID="10" PREVID="0" NEXTID="0" UPDATEDATE="2025-09-30" STARTDATE="2025-09-30" ENDDATE="2079-06-06" ISACTUAL="1" ISACTIVE="1" /><STEAD ID="74185801" OBJECTID="174953527" OBJECTGUID="94f7670c-e5bb-4df3-9e55-243da3ec28a5" CHANGEID="689719612" NUMBER="10а" OPERTYPEID="10" PREVID="0" NEXTID="0" UPDATEDATE="2025-09-30" STARTDATE="2025-09-30" ENDDATE="2079-06-06" ISACTUAL="1" ISACTIVE="1" /><STEAD ID="74186284" OBJECTID="174954220" OBJECTGUID="f98891a0-a0e5-4634-806c-f39d7c55bf08" CHANGEID="689721005" NUMBER="31" OPERTYPEID="10" PREVID="0" NEXTID="0" UPDATEDATE="2025-09-30" STARTDATE="2025-09-30" ENDDATE="2079-06-06" ISACTUAL="1" ISACTIVE="1" /><STEAD ID="74186319" OBJECTID="174954316" OBJECTGUID="737fe6a1-1151-49a2-9d81-fc9733368db3" CHANGEID="689721131" NUMBER="159" OPERTYPEID="10" PREVID="0" NEXTID="0" UPDATEDATE="2025-09-30" STARTDATE="2025-09-30" ENDDATE="2079-06-06" ISACTUAL="1" ISACTIVE="1" /><STEAD ID="74186401" OBJECTID="174954496" OBJECTGUID="594960e1-1499-4107-9763-7fb625b01e3f" CHANGEID="689721398" NUMBER="7959" OPERTYPEID="10" PREVID="0" NEXTID="0" UPDATEDATE="2025-09-30" STARTDATE="2025-09-30" ENDDATE="2079-06-06" ISACTUAL="1" ISACTIVE="1" /><STEAD ID="74186404" OBJECTID="174954499" OBJECTGUID="9d52670e-6875-4585-a8b7-c1beeb41e8eb" CHANGEID="689721402" NUMBER="2679" OPERTYPEID="10" PREVID="0" NEXTID="0" UPDATEDATE="2025-09-30" STARTDATE="2025-09-30" ENDDATE="2079-06-06" ISACTUAL="1" ISACTIVE="1" /><STEAD ID="74186407" OBJECTID="174954505" OBJECTGUID="c221693f-2dc5-4d2c-9d2d-10f55a4656dc" CHANGEID="689721409" NUMBER="2217" OPERTYPEID="10" PREVID="0" NEXTID="0" UPDATEDATE="2025-09-30" STARTDATE="2025-09-30" ENDDATE="2079-06-06" ISACTUAL="1" ISACTIVE="1" /><STEAD ID="74186409" OBJECTID="174954509" OBJECTGUID="0c6030e2-8948-4d79-add4-8f54a45150ec" CHANGEID="689721413" NUMBER="14" OPERTYPEID="10" PREVID="0" NEXTID="0" UPDATEDATE="2025-09-30" STARTDATE="2025-09-30" ENDDATE="2079-06-06" ISACTUAL="1" ISACTIVE="1" /><STEAD ID="74186410" OBJECTID="174954512" OBJECTGUID="a727ccfa-0e83-4443-8adf-e6e807762eef" CHANGEID="689721416" NUMBER="114" OPERTYPEID="10" PREVID="0" NEXTID="0" UPDATEDATE="2025-09-30" STARTDATE="2025-09-30" ENDDATE="2079-06-06" ISACTUAL="1" ISACTIVE="1" /><STEAD ID="74186411" OBJECTID="174954514" OBJECTGUID="800f79a8-c987-46b0-80c1-1c5adb63f95b" CHANGEID="689721419" NUMBER="29А" OPERTYPEID="10" PREVID="0" NEXTID="0" UPDATEDATE="2025-09-30" STARTDATE="2025-09-30" ENDDATE="2079-06-06" ISACTUAL="1" ISACTIVE="1" /><STEAD ID="74186415" OBJECTID="174954522" OBJECTGUID="be39f24e-fae7-4378-a585-99c4478b8f44" CHANGEID="689721428" NUMBER="7" OPERTYPEID="10" PREVID="0" NEXTID="0" UPDATEDATE="2025-09-30" STARTDATE="2025-09-30" ENDDATE="2079-06-06" ISACTUAL="1" ISACTIVE="1" /><STEAD ID="74186416" OBJECTID="174954523" OBJECTGUID="7d5551c2-a531-4183-ad72-370adf5c1b40" CHANGEID="689721429" NUMBER="6" OPERTYPEID="10" PREVID="0" NEXTID="0" UPDATEDATE="2025-09-30" STARTDATE="2025-09-30" ENDDATE="2079-06-06" ISACTUAL="1" ISACTIVE="1" /><STEAD ID="74186418" OBJECTID="174954525" OBJECTGUID="85fa0e63-5019-4250-9c88-cc01b709bf56" CHANGEID="689721431" NUMBER="3" OPERTYPEID="10" PREVID="0" NEXTID="0" UPDATEDATE="2025-09-30" STARTDATE="2025-09-30" ENDDATE="2079-06-06" ISACTUAL="1" ISACTIVE="1" /><STEAD ID="74186419" OBJECTID="174954526" OBJECTGUID="9e41cdb9-7697-4a07-a78e-67885f8660ab" CHANGEID="689721432" NUMBER="2" OPERTYPEID="10" PREVID="0" NEXTID="0" UPDATEDATE="2025-09-30" STARTDATE="2025-09-30" ENDDATE="2079-06-06" ISACTUAL="1" ISACTIVE="1" /><STEAD ID="74186420" OBJECTID="174954527" OBJECTGUID="df4bf5bb-ada8-4ef8-800b-19163e8b9acb" CHANGEID="689721433" NUMBER="1" OPERTYPEID="10" PREVID="0" NEXTID="0" UPDATEDATE="2025-09-30" STARTDATE="2025-09-30" ENDDATE="2079-06-06" ISACTUAL="1" ISACTIVE="1" /><STEAD ID="74186422" OBJECTID="174954529" OBJECTGUID="7ed0594b-685f-4b28-81b0-3144b2811f42" CHANGEID="689721435" NUMBER="2" OPERTYPEID="10" PREVID="0" NEXTID="0" UPDATEDATE="2025-09-30" STARTDATE="2025-09-30" ENDDATE="2079-06-06" ISACTUAL="1" ISACTIVE="1" /><STEAD ID="74186426" OBJECTID="174954534" OBJECTGUID="b8c16ac4-939e-408e-8bec-19a7b38bc458" CHANGEID="689721440" NUMBER="2" OPERTYPEID="10" PREVID="0" NEXTID="0" UPDATEDATE="2025-09-30" STARTDATE="2025-09-30" ENDDATE="2079-06-06" ISACTUAL="1" ISACTIVE="1" /><STEAD ID="74186428" OBJECTID="174954536" OBJECTGUID="5ffab7c3-efde-428e-b6a8-e00f0ae19f31" CHANGEID="689721442" NUMBER="1" OPERTYPEID="10" PREVID="0" NEXTID="0" UPDATEDATE="2025-09-30" STARTDATE="2025-09-30" ENDDATE="2079-06-06" ISACTUAL="1" ISACTIVE="1" /><STEAD ID="74186429" OBJECTID="174954537" OBJECTGUID="1e0bd4a4-d553-4cf2-a323-21d20a2141d1" CHANGEID="689721443" NUMBER="4" OPERTYPEID="10" PREVID="0" NEXTID="0" UPDATEDATE="2025-09-30" STARTDATE="2025-09-30" ENDDATE="2079-06-06" ISACTUAL="1" ISACTIVE="1" /><STEAD ID="74186430" OBJECTID="174954538" OBJECTGUID="86f831d7-b3bd-4996-9cea-af3bb84d0d85" CHANGEID="689721444" NUMBER="3" OPERTYPEID="10" PREVID="0" NEXTID="0" UPDATEDATE="2025-09-30" STARTDATE="2025-09-30" ENDDATE="2079-06-06" ISACTUAL="1" ISACTIVE="1" /><STEAD ID="74186435" OBJECTID="174954545" OBJECTGUID="8fd11db8-f6d1-49b7-9b0b-adc71caede09" CHANGEID="689721453" NUMBER="3" OPERTYPEID="10" PREVID="0" NEXTID="0" UPDATEDATE="2025-09-30" STARTDATE="2025-09-30" ENDDATE="2079-06-06" ISACTUAL="1" ISACTIVE="1" /><STEAD ID="74186436" OBJECTID="174954546" OBJECTGUID="fe775a25-2162-4bbf-b2ff-01a936aad029" CHANGEID="689721454" NUMBER="2" OPERTYPEID="10" PREVID="0" NEXTID="0" UPDATEDATE="2025-09-30" STARTDATE="2025-09-30" ENDDATE="2079-06-06" ISACTUAL="1" ISACTIVE="1" /><STEAD ID="74186437" OBJECTID="174954547" OBJECTGUID="cd4a875e-e3c9-4a79-b89d-7b4e0a324860" CHANGEID="689721455" NUMBER="1" OPERTYPEID="10" PREVID="0" NEXTID="0" UPDATEDATE="2025-09-30" STARTDATE="2025-09-30" ENDDATE="2079-06-06" ISACTUAL="1" ISACTIVE="1" /><STEAD ID="74186444" OBJECTID="174954564" OBJECTGUID="6cae3bb3-9ebb-492f-bfdb-94a515647400" CHANGEID="689721475" NUMBER="8" OPERTYPEID="10" PREVID="0" NEXTID="0" UPDATEDATE="2025-09-30" STARTDATE="2025-09-30" ENDDATE="2079-06-06" ISACTUAL="1" ISACTIVE="1" /><STEAD ID="74186448" OBJECTID="174954573" OBJECTGUID="370c0ab8-7db9-44a4-8eea-03cf6bc71eec" CHANGEID="689721495" NUMBER="45" OPERTYPEID="10" PREVID="0" NEXTID="0" UPDATEDATE="2025-09-30" STARTDATE="2025-09-30" ENDDATE="2079-06-06" ISACTUAL="1" ISACTIVE="1" /><STEAD ID="74186449" OBJECTID="174954575" OBJECTGUID="ac2ff7cc-e8e9-4fd3-b810-0abd3e449321" CHANGEID="689721499" NUMBER="1118" OPERTYPEID="10" PREVID="0" NEXTID="0" UPDATEDATE="2025-09-30" STARTDATE="2025-09-30" ENDDATE="2079-06-06" ISACTUAL="1" ISACTIVE="1" /><STEAD ID="74186453" OBJECTID="174954586" OBJECTGUID="c10a6699-c66a-460b-b041-87e0216d0d13" CHANGEID="689721548" NUMBER="59" OPERTYPEID="10" PREVID="0" NEXTID="0" UPDATEDATE="2025-09-30" STARTDATE="2025-09-30" ENDDATE="2079-06-06" ISACTUAL="1" ISACTIVE="1" /><STEAD ID="74186477" OBJECTID="174954612" OBJECTGUID="83377654-fa0d-45e2-9b8d-d7449a66fe62" CHANGEID="689721803" NUMBER="89" OPERTYPEID="10" PREVID="0" NEXTID="0" UPDATEDATE="2025-09-30" STARTDATE="2025-09-30" ENDDATE="2079-06-06" ISACTUAL="1" ISACTIVE="1" /><STEAD ID="74186493" OBJECTID="167060649" OBJECTGUID="6be96621-ff52-4035-9181-b42f980ca736" CHANGEID="689721831" NUMBER="55" OPERTYPEID="30" PREVID="69810793" NEXTID="0" UPDATEDATE="2025-09-30" STARTDATE="2025-09-30" ENDDATE="2079-06-06" ISACTUAL="1" ISACTIVE="0" /><STEAD ID="69810793" OBJECTID="167060649" OBJECTGUID="6be96621-ff52-4035-9181-b42f980ca736" CHANGEID="606144549" NUMBER="55" OPERTYPEID="10" PREVID="0" NEXTID="74186493" UPDATEDATE="2025-09-30" STARTDATE="2024-11-02" ENDDATE="2025-09-30" ISACTUAL="0" ISACTIVE="0" /><STEAD ID="74186518" OBJECTID="174954653" OBJECTGUID="91a02983-fc8f-4e90-ad5f-bd2ae7ea72d4" CHANGEID="689721923" NUMBER="61" OPERTYPEID="10" PREVID="0" NEXTID="0" UPDATEDATE="2025-09-30" STARTDATE="2025-09-30" ENDDATE="2079-06-06" ISACTUAL="1" ISACTIVE="1" /><STEAD ID="74186519" OBJECTID="174954658" OBJECTGUID="b0f5579c-925b-40e0-b977-72408bd25801" CHANGEID="689721949" NUMBER="14а" OPERTYPEID="10" PREVID="0" NEXTID="0" UPDATEDATE="2025-09-30" STARTDATE="2025-09-30" ENDDATE="2079-06-06" ISACTUAL="1" ISACTIVE="1" /><STEAD ID="74186520" OBJECTID="174954660" OBJECTGUID="a2e3a567-5fcb-4cda-b160-05f589ae9724" CHANGEID="689721951" NUMBER="9а" OPERTYPEID="10" PREVID="0" NEXTID="0" UPDATEDATE="2025-09-30" STARTDATE="2025-09-30" ENDDATE="2079-06-06" ISACTUAL="1" ISACTIVE="1" /><STEAD ID="74186442" OBJECTID="174954554" OBJECTGUID="7addbeb4-9e68-427b-8de8-2ed7fc1a5e03" CHANGEID="689721462" NUMBER="2736" OPERTYPEID="10" PREVID="0" NEXTID="0" UPDATEDATE="2025-09-30" STARTDATE="2025-09-30" ENDDATE="2079-06-06" ISACTUAL="1" ISACTIVE="1" /><STEAD ID="74186443" OBJECTID="174954557" OBJECTGUID="bbce01e3-619a-4a3d-9c7d-56901c0aecb0" CHANGEID="689721465" NUMBER="93" OPERTYPEID="10" PREVID="0" NEXTID="0" UPDATEDATE="2025-09-30" STARTDATE="2025-09-30" ENDDATE="2079-06-06" ISACTUAL="1" ISACTIVE="1" /><STEAD ID="74186446" OBJECTID="174954568" OBJECTGUID="f8cb3528-37fe-4fe6-b77b-070b0c6da460" CHANGEID="689721482" NUMBER="47" OPERTYPEID="10" PREVID="0" NEXTID="0" UPDATEDATE="2025-09-30" STARTDATE="2025-09-30" ENDDATE="2079-06-06" ISACTUAL="1" ISACTIVE="1" /><STEAD ID="74186452" OBJECTID="174954584" OBJECTGUID="90edbbfa-f914-4d11-bcea-f9ff5467cdd0" CHANGEID="689721520" NUMBER="8" OPERTYPEID="10" PREVID="0" NEXTID="0" UPDATEDATE="2025-09-30" STARTDATE="2025-09-30" ENDDATE="2079-06-06" ISACTUAL="1" ISACTIVE="1" /><STEAD ID="74186454" OBJECTID="174954587" OBJECTGUID="3267b34a-2f46-44f7-a5de-1c9fd960ffc2" CHANGEID="689721554" NUMBER="1А" OPERTYPEID="10" PREVID="0" NEXTID="0" UPDATEDATE="2025-09-30" STARTDATE="2025-09-30" ENDDATE="2079-06-06" ISACTUAL="1" ISACTIVE="1" /><STEAD ID="74186560" OBJECTID="174954785" OBJECTGUID="1272ac18-5817-4116-b0d5-c5cd867a9b76" CHANGEID="689722401" NUMBER="148" OPERTYPEID="10" PREVID="0" NEXTID="0" UPDATEDATE="2025-09-30" STARTDATE="2025-09-30" ENDDATE="2079-06-06" ISACTUAL="1" ISACTIVE="1" /><STEAD ID="74187029" OBJECTID="174955416" OBJECTGUID="2b963bd1-3ccb-4dd8-ae6c-2bf3ff5ab74c" CHANGEID="689723606" NUMBER="1" OPERTYPEID="10" PREVID="0" NEXTID="0" UPDATEDATE="2025-09-30" STARTDATE="2025-09-30" ENDDATE="2079-06-06" ISACTUAL="1" ISACTIVE="1" /><STEAD ID="74187071" OBJECTID="174955482" OBJECTGUID="1bf04904-142a-473f-94ff-48ce466145c9" CHANGEID="689723718" NUMBER="353" OPERTYPEID="10" PREVID="0" NEXTID="0" UPDATEDATE="2025-09-30" STARTDATE="2025-09-30" ENDDATE="2079-06-06" ISACTUAL="1" ISACTIVE="1" /><STEAD ID="74187127" OBJECTID="174955548" OBJECTGUID="83f25421-db64-44f0-8a95-768d656358b8" CHANGEID="689723856" NUMBER="115/1" OPERTYPEID="10" PREVID="0" NEXTID="0" UPDATEDATE="2025-09-30" STARTDATE="2025-09-30" ENDDATE="2079-06-06" ISACTUAL="1" ISACTIVE="1" /><STEAD ID="74187121" OBJECTID="174955541" OBJECTGUID="02c0476c-a695-4799-a317-ab4cbc8b3251" CHANGEID="689723827" NUMBER="13А" OPERTYPEID="10" PREVID="0" NEXTID="0" UPDATEDATE="2025-09-30" STARTDATE="2025-09-30" ENDDATE="2079-06-06" ISACTUAL="1" ISACTIVE="1" /><STEAD ID="74187126" OBJECTID="174955547" OBJECTGUID="05f6e568-b309-4127-8851-129e51971d61" CHANGEID="689723853" NUMBER="115" OPERTYPEID="10" PREVID="0" NEXTID="0" UPDATEDATE="2025-09-30" STARTDATE="2025-09-30" ENDDATE="2079-06-06" ISACTUAL="1" ISACTIVE="1" /><STEAD ID="74187198" OBJECTID="174955870" OBJECTGUID="2241fec4-8f36-4ff6-892a-705541f256a7" CHANGEID="689724233" NUMBER="407" OPERTYPEID="10" PREVID="0" NEXTID="0" UPDATEDATE="2025-09-30" STARTDATE="2025-09-30" ENDDATE="2079-06-06" ISACTUAL="1" ISACTIVE="1" /><STEAD ID="74187738" OBJECTID="174956683" OBJECTGUID="adc9dc8c-9053-422a-9160-b868821bf0a6" CHANGEID="689726045" NUMBER="12" OPERTYPEID="10" PREVID="0" NEXTID="0" UPDATEDATE="2025-09-30" STARTDATE="2025-09-30" ENDDATE="2079-06-06" ISACTUAL="1" ISACTIVE="1" /><STEAD ID="74187743" OBJECTID="174956696" OBJECTGUID="dbbf9348-74cf-41e3-adcf-4cffbb6b95bc" CHANGEID="689726084" NUMBER="11А" OPERTYPEID="10" PREVID="0" NEXTID="0" UPDATEDATE="2025-09-30" STARTDATE="2025-09-30" ENDDATE="2079-06-06" ISACTUAL="1" ISACTIVE="1" /><STEAD ID="74187744" OBJECTID="174956699" OBJECTGUID="ef4aed40-1311-4588-b6e2-f30ea13bc60c" CHANGEID="689726088" NUMBER="424" OPERTYPEID="10" PREVID="0" NEXTID="0" UPDATEDATE="2025-09-30" STARTDATE="2025-09-30" ENDDATE="2079-06-06" ISACTUAL="1" ISACTIVE="1" /><STEAD ID="74187745" OBJECTID="174956702" OBJECTGUID="1f1b4099-a9d8-454e-80d7-4aab0752d64d" CHANGEID="689726092" NUMBER="215" OPERTYPEID="10" PREVID="0" NEXTID="0" UPDATEDATE="2025-09-30" STARTDATE="2025-09-30" ENDDATE="2079-06-06" ISACTUAL="1" ISACTIVE="1" /><STEAD ID="74187746" OBJECTID="174956704" OBJECTGUID="9f5d5cba-4904-4d19-9c65-ef85e82dd8a3" CHANGEID="689726095" NUMBER="200" OPERTYPEID="10" PREVID="0" NEXTID="0" UPDATEDATE="2025-09-30" STARTDATE="2025-09-30" ENDDATE="2079-06-06" ISACTUAL="1" ISACTIVE="1" /><STEAD ID="74187747" OBJECTID="174956707" OBJECTGUID="42444398-3538-44d0-ae2e-aca40fc48990" CHANGEID="689726101" NUMBER="11Б" OPERTYPEID="10" PREVID="0" NEXTID="0" UPDATEDATE="2025-09-30" STARTDATE="2025-09-30" ENDDATE="2079-06-06" ISACTUAL="1" ISACTIVE="1" /><STEAD ID="74188060" OBJECTID="174957531" OBJECTGUID="84f8ee20-67a8-4723-b312-c338d3596695" CHANGEID="689728407" NUMBER="39" OPERTYPEID="10" PREVID="0" NEXTID="0" UPDATEDATE="2025-09-30" STARTDATE="2025-09-30" ENDDATE="2079-06-06" ISACTUAL="1" ISACTIVE="1" /><STEAD ID="74188061" OBJECTID="174957534" OBJECTGUID="e9f8b74c-9e67-403f-a9f4-03f6e811f5e7" CHANGEID="689728410" NUMBER="199" OPERTYPEID="10" PREVID="0" NEXTID="0" UPDATEDATE="2025-09-30" STARTDATE="2025-09-30" ENDDATE="2079-06-06" ISACTUAL="1" ISACTIVE="1" /><STEAD ID="74188062" OBJECTID="174957536" OBJECTGUID="d734f3cd-692b-4aa5-b114-2a8805c22f4e" CHANGEID="689728412" NUMBER="7" OPERTYPEID="10" PREVID="0" NEXTID="0" UPDATEDATE="2025-09-30" STARTDATE="2025-09-30" ENDDATE="2079-06-06" ISACTUAL="1" ISACTIVE="1" /><STEAD ID="74188063" OBJECTID="174957537" OBJECTGUID="b5d43ccb-d78f-4f32-ad37-cb13a422b4a0" CHANGEID="689728413" NUMBER="144" OPERTYPEID="10" PREVID="0" NEXTID="0" UPDATEDATE="2025-09-30" STARTDATE="2025-09-30" ENDDATE="2079-06-06" ISACTUAL="1" ISACTIVE="1" /><STEAD ID="74188610" OBJECTID="174958269" OBJECTGUID="f70535d3-d977-4d63-b1bf-e0eac6400bf6" CHANGEID="689730545" NUMBER="9" OPERTYPEID="10" PREVID="0" NEXTID="0" UPDATEDATE="2025-09-30" STARTDATE="2025-09-30" ENDDATE="2079-06-06" ISACTUAL="1" ISACTIVE="1" /><STEAD ID="74189120" OBJECTID="174959011" OBJECTGUID="b79ade60-89e6-4d7c-b4bb-ef85d7d96746" CHANGEID="689733104" NUMBER="7" OPERTYPEID="10" PREVID="0" NEXTID="0" UPDATEDATE="2025-09-30" STARTDATE="2025-09-30" ENDDATE="2079-06-06" ISACTUAL="1" ISACTIVE="1" /><STEAD ID="74190666" OBJECTID="174961467" OBJECTGUID="06c7eab6-1336-4b50-9540-a5206d24b824" CHANGEID="689738300" NUMBER="17" OPERTYPEID="10" PREVID="0" NEXTID="0" UPDATEDATE="2025-09-30" STARTDATE="2025-09-30" ENDDATE="2079-06-06" ISACTUAL="1" ISACTIVE="1" /><STEAD ID="74190667" OBJECTID="174961468" OBJECTGUID="d831ab28-d5f0-457a-91ab-3d2d7673952a" CHANGEID="689738301" NUMBER="16" OPERTYPEID="10" PREVID="0" NEXTID="0" UPDATEDATE="2025-09-30" STARTDATE="2025-09-30" ENDDATE="2079-06-06" ISACTUAL="1" ISACTIVE="1" /><STEAD ID="74190668" OBJECTID="174961469" OBJECTGUID="b4b441a3-2b50-44c7-ad56-c43c5425fafa" CHANGEID="689738303" NUMBER="15" OPERTYPEID="10" PREVID="0" NEXTID="0" UPDATEDATE="2025-09-30" STARTDATE="2025-09-30" ENDDATE="2079-06-06" ISACTUAL="1" ISACTIVE="1" /><STEAD ID="74190669" OBJECTID="174961470" OBJECTGUID="17a5d579-edbb-44a5-b5e7-41610b3e1efb" CHANGEID="689738304" NUMBER="14" OPERTYPEID="10" PREVID="0" NEXTID="0" UPDATEDATE="2025-09-30" STARTDATE="2025-09-30" ENDDATE="2079-06-06" ISACTUAL="1" ISACTIVE="1" /><STEAD ID="74190670" OBJECTID="174961471" OBJECTGUID="721d373f-e451-42de-9f49-ae57733fe919" CHANGEID="689738305" NUMBER="13" OPERTYPEID="10" PREVID="0" NEXTID="0" UPDATEDATE="2025-09-30" STARTDATE="2025-09-30" ENDDATE="2079-06-06" ISACTUAL="1" ISACTIVE="1" /><STEAD ID="74190671" OBJECTID="174961472" OBJECTGUID="84ee67e0-8481-410f-9969-8b081a00747c" CHANGEID="689738306" NUMBER="12" OPERTYPEID="10" PREVID="0" NEXTID="0" UPDATEDATE="2025-09-30" STARTDATE="2025-09-30" ENDDATE="2079-06-06" ISACTUAL="1" ISACTIVE="1" /><STEAD ID="74190672" OBJECTID="174961473" OBJECTGUID="82d82124-3360-4ea5-927f-f07f47ba0af1" CHANGEID="689738307" NUMBER="11" OPERTYPEID="10" PREVID="0" NEXTID="0" UPDATEDATE="2025-09-30" STARTDATE="2025-09-30" ENDDATE="2079-06-06" ISACTUAL="1" ISACTIVE="1" /><STEAD ID="74190673" OBJECTID="174961474" OBJECTGUID="3b84616f-bddb-42f8-8603-1a31ebb43f6e" CHANGEID="689738308" NUMBER="10" OPERTYPEID="10" PREVID="0" NEXTID="0" UPDATEDATE="2025-09-30" STARTDATE="2025-09-30" ENDDATE="2079-06-06" ISACTUAL="1" ISACTIVE="1" /><STEAD ID="74190674" OBJECTID="174961475" OBJECTGUID="6526aab9-6cb2-4762-acc1-7ee98a73eeab" CHANGEID="689738310" NUMBER="9" OPERTYPEID="10" PREVID="0" NEXTID="0" UPDATEDATE="2025-09-30" STARTDATE="2025-09-30" ENDDATE="2079-06-06" ISACTUAL="1" ISACTIVE="1" /><STEAD ID="74190676" OBJECTID="174961477" OBJECTGUID="9fe8f131-e5d2-4dcd-a55c-46625d362428" CHANGEID="689738315" NUMBER="4" OPERTYPEID="10" PREVID="0" NEXTID="0" UPDATEDATE="2025-09-30" STARTDATE="2025-09-30" ENDDATE="2079-06-06" ISACTUAL="1" ISACTIVE="1" /><STEAD ID="74190709" OBJECTID="174961532" OBJECTGUID="49eac796-347d-4686-8200-b5b99121344f" CHANGEID="689738507" NUMBER="17" OPERTYPEID="10" PREVID="0" NEXTID="0" UPDATEDATE="2025-09-30" STARTDATE="2025-09-30" ENDDATE="2079-06-06" ISACTUAL="1" ISACTIVE="1" /><STEAD ID="74190795" OBJECTID="174961620" OBJECTGUID="2c355b97-67fb-4b0a-8b3b-edbf11a54951" CHANGEID="689738661" NUMBER="30А" OPERTYPEID="10" PREVID="0" NEXTID="0" UPDATEDATE="2025-09-30" STARTDATE="2025-09-30" ENDDATE="2079-06-06" ISACTUAL="1" ISACTIVE="1" /><STEAD ID="74190796" OBJECTID="174961622" OBJECTGUID="32b10f77-754a-438e-927f-26a8021707af" CHANGEID="689738663" NUMBER="30Б" OPERTYPEID="10" PREVID="0" NEXTID="0" UPDATEDATE="2025-09-30" STARTDATE="2025-09-30" ENDDATE="2079-06-06" ISACTUAL="1" ISACTIVE="1" /><STEAD ID="74190703" OBJECTID="174961525" OBJECTGUID="48763b91-5fdb-432c-a4fa-c3a95dd043c4" CHANGEID="689738492" NUMBER="1а" OPERTYPEID="10" PREVID="0" NEXTID="0" UPDATEDATE="2025-09-30" STARTDATE="2025-09-30" ENDDATE="2079-06-06" ISACTUAL="1" ISACTIVE="1" /><STEAD ID="74190708" OBJECTID="174961526" OBJECTGUID="f2e10e04-00af-4688-9871-0f02111cee6f" CHANGEID="689738501" NUMBER="55" OPERTYPEID="10" PREVID="0" NEXTID="0" UPDATEDATE="2025-09-30" STARTDATE="2025-09-30" ENDDATE="2079-06-06" ISACTUAL="1" ISACTIVE="1" /><STEAD ID="74190794" OBJECTID="174961619" OBJECTGUID="e2523ca9-b98a-4f3b-a966-987ca2798023" CHANGEID="689738660" NUMBER="18" OPERTYPEID="10" PREVID="0" NEXTID="0" UPDATEDATE="2025-09-30" STARTDATE="2025-09-30" ENDDATE="2079-06-06" ISACTUAL="1" ISACTIVE="1" /><STEAD ID="74190816" OBJECTID="174961642" OBJECTGUID="ed0b5ad7-1b04-4000-b0c3-69c0315c3e38" CHANGEID="689738702" NUMBER="26" OPERTYPEID="10" PREVID="0" NEXTID="0" UPDATEDATE="2025-09-30" STARTDATE="2025-09-30" ENDDATE="2079-06-06" ISACTUAL="1" ISACTIVE="1" /><STEAD ID="74191688" OBJECTID="174962851" OBJECTGUID="862c87a7-51e5-4333-9f16-e1e92d2eb6dc" CHANGEID="689741592" NUMBER="13" OPERTYPEID="10" PREVID="0" NEXTID="0" UPDATEDATE="2025-09-30" STARTDATE="2025-09-30" ENDDATE="2079-06-06" ISACTUAL="1" ISACTIVE="1" /><STEAD ID="74191693" OBJECTID="174962861" OBJECTGUID="d26dd19c-9cd6-4533-8c74-6e7ebcb1c708" CHANGEID="689741606" NUMBER="46" OPERTYPEID="10" PREVID="0" NEXTID="0" UPDATEDATE="2025-09-30" STARTDATE="2025-09-30" ENDDATE="2079-06-06" ISACTUAL="1" ISACTIVE="1" /><STEAD ID="74191699" OBJECTID="174962868" OBJECTGUID="71b1933e-617c-4017-9a64-732e53efe145" CHANGEID="689741622" NUMBER="15" OPERTYPEID="10" PREVID="0" NEXTID="0" UPDATEDATE="2025-09-30" STARTDATE="2025-09-30" ENDDATE="2079-06-06" ISACTUAL="1" ISACTIVE="1" /><STEAD ID="74191690" OBJECTID="174962854" OBJECTGUID="db6d3b83-6297-4f89-a089-9978a4df9f63" CHANGEID="689741595" NUMBER="51" OPERTYPEID="10" PREVID="0" NEXTID="0" UPDATEDATE="2025-09-30" STARTDATE="2025-09-30" ENDDATE="2079-06-06" ISACTUAL="1" ISACTIVE="1" /><STEAD ID="74191694" OBJECTID="174962862" OBJECTGUID="676b3e04-01e8-479f-b9bb-637473ea0797" CHANGEID="689741607" NUMBER="46А" OPERTYPEID="10" PREVID="0" NEXTID="0" UPDATEDATE="2025-09-30" STARTDATE="2025-09-30" ENDDATE="2079-06-06" ISACTUAL="1" ISACTIVE="1" /><STEAD ID="74191696" OBJECTID="174962864" OBJECTGUID="c3112fe6-8b69-4001-81c3-3f4868c23f72" CHANGEID="689741611" NUMBER="4" OPERTYPEID="10" PREVID="0" NEXTID="0" UPDATEDATE="2025-09-30" STARTDATE="2025-09-30" ENDDATE="2079-06-06" ISACTUAL="1" ISACTIVE="1" /><STEAD ID="74191697" OBJECTID="174962866" OBJECTGUID="b3df1c38-a7a7-4607-9496-f8df2d9def78" CHANGEID="689741613" NUMBER="89" OPERTYPEID="10" PREVID="0" NEXTID="0" UPDATEDATE="2025-09-30" STARTDATE="2025-09-30" ENDDATE="2079-06-06" ISACTUAL="1" ISACTIVE="1" /><STEAD ID="74191698" OBJECTID="174962867" OBJECTGUID="bbe6270c-426f-4581-9c87-ee3c1757a969" CHANGEID="689741621" NUMBER="102" OPERTYPEID="10" PREVID="0" NEXTID="0" UPDATEDATE="2025-09-30" STARTDATE="2025-09-30" ENDDATE="2079-06-06" ISACTUAL="1" ISACTIVE="1" /><STEAD ID="74192655" OBJECTID="174964383" OBJECTGUID="69844edf-c696-4fc5-b56d-2a858b225827" CHANGEID="689744359" NUMBER="44" OPERTYPEID="10" PREVID="0" NEXTID="0" UPDATEDATE="2025-09-30" STARTDATE="2025-09-30" ENDDATE="2079-06-06" ISACTUAL="1" ISACTIVE="1" /><STEAD ID="74192663" OBJECTID="174964384" OBJECTGUID="cd3b8269-f285-4eee-afc6-88af1316c48b" CHANGEID="689744372" NUMBER="179" OPERTYPEID="10" PREVID="0" NEXTID="0" UPDATEDATE="2025-09-30" STARTDATE="2025-09-30" ENDDATE="2079-06-06" ISACTUAL="1" ISACTIVE="1" /><STEAD ID="74192666" OBJECTID="174964388" OBJECTGUID="624de908-7d75-4383-ad0f-99d2335696cf" CHANGEID="689744380" NUMBER="1" OPERTYPEID="10" PREVID="0" NEXTID="0" UPDATEDATE="2025-09-30" STARTDATE="2025-09-30" ENDDATE="2079-06-06" ISACTUAL="1" ISACTIVE="1" /><STEAD ID="74192676" OBJECTID="174964418" OBJECTGUID="9198456a-0bc7-4db0-a55e-400c6dadc5d4" CHANGEID="689744463" NUMBER="2" OPERTYPEID="10" PREVID="0" NEXTID="0" UPDATEDATE="2025-09-30" STARTDATE="2025-09-30" ENDDATE="2079-06-06" ISACTUAL="1" ISACTIVE="1" /><STEAD ID="74193325" OBJECTID="174965698" OBJECTGUID="d1b8cb79-eaa2-4bec-8abe-95c7aa372cff" CHANGEID="689747434" NUMBER="9313" OPERTYPEID="10" PREVID="0" NEXTID="0" UPDATEDATE="2025-09-30" STARTDATE="2025-09-30" ENDDATE="2079-06-06" ISACTUAL="1" ISACTIVE="1" /><STEAD ID="74193295" OBJECTID="174965674" OBJECTGUID="b98da4db-1a91-4a1e-964e-89a91c219685" CHANGEID="689747294" NUMBER="126" OPERTYPEID="10" PREVID="0" NEXTID="0" UPDATEDATE="2025-09-30" STARTDATE="2025-09-30" ENDDATE="2079-06-06" ISACTUAL="1" ISACTIVE="1" /><STEAD ID="74193770" OBJECTID="174966590" OBJECTGUID="491b647a-69e0-4550-a9af-382932ad3f61" CHANGEID="689750055" NUMBER="2" OPERTYPEID="10" PREVID="0" NEXTID="0" UPDATEDATE="2025-09-30" STARTDATE="2025-09-30" ENDDATE="2079-06-06" ISACTUAL="1" ISACTIVE="1" /><STEAD ID="74193777" OBJECTID="167060650" OBJECTGUID="4e975100-592a-407f-82ef-8d99d0c11d95" CHANGEID="689750068" NUMBER="54" OPERTYPEID="30" PREVID="69810794" NEXTID="0" UPDATEDATE="2025-09-30" STARTDATE="2025-09-30" ENDDATE="2079-06-06" ISACTUAL="1" ISACTIVE="0" /><STEAD ID="74193775" OBJECTID="174966596" OBJECTGUID="c773dbb2-3b43-42b3-8a2d-83f3e6627dc0" CHANGEID="689750063" NUMBER="3а" OPERTYPEID="10" PREVID="0" NEXTID="0" UPDATEDATE="2025-09-30" STARTDATE="2025-09-30" ENDDATE="2079-06-06" ISACTUAL="1" ISACTIVE="1" /><STEAD ID="74193826" OBJECTID="174966650" OBJECTGUID="fa2f1f71-2773-4652-bfcd-b1c0b9435603" CHANGEID="689750260" NUMBER="1а" OPERTYPEID="10" PREVID="0" NEXTID="0" UPDATEDATE="2025-09-30" STARTDATE="2025-09-30" ENDDATE="2079-06-06" ISACTUAL="1" ISACTIVE="1" /><STEAD ID="74193831" OBJECTID="174966655" OBJECTGUID="2c380b32-fd05-475d-adba-6b4eecd75cee" CHANGEID="689750265" NUMBER="9а" OPERTYPEID="10" PREVID="0" NEXTID="0" UPDATEDATE="2025-09-30" STARTDATE="2025-09-30" ENDDATE="2079-06-06" ISACTUAL="1" ISACTIVE="1" /><STEAD ID="74193892" OBJECTID="174966739" OBJECTGUID="d050bf58-8f5d-4809-911a-f4b14030a332" CHANGEID="689750378" NUMBER="22" OPERTYPEID="10" PREVID="0" NEXTID="0" UPDATEDATE="2025-09-30" STARTDATE="2025-09-30" ENDDATE="2079-06-06" ISACTUAL="1" ISACTIVE="1" /><STEAD ID="74193894" OBJECTID="174966742" OBJECTGUID="486b0518-d17e-4969-89f5-3de00106fe9b" CHANGEID="689750382" NUMBER="7" OPERTYPEID="10" PREVID="0" NEXTID="0" UPDATEDATE="2025-09-30" STARTDATE="2025-09-30" ENDDATE="2079-06-06" ISACTUAL="1" ISACTIVE="1" /><STEAD ID="74193898" OBJECTID="174966747" OBJECTGUID="d8e9b8b0-1b7d-45b5-a3e8-29d77b1de150" CHANGEID="689750391" NUMBER="32" OPERTYPEID="10" PREVID="0" NEXTID="0" UPDATEDATE="2025-09-30" STARTDATE="2025-09-30" ENDDATE="2079-06-06" ISACTUAL="1" ISACTIVE="1" /><STEAD ID="74193900" OBJECTID="174966749" OBJECTGUID="8f514d6e-44ef-46d1-a8d1-900bb97d13dc" CHANGEID="689750393" NUMBER="2" OPERTYPEID="10" PREVID="0" NEXTID="0" UPDATEDATE="2025-09-30" STARTDATE="2025-09-30" ENDDATE="2079-06-06" ISACTUAL="1" ISACTIVE="1" /><STEAD ID="74194976" OBJECTID="84791702" OBJECTGUID="cd3b71cb-a906-4b61-8c99-52de8a4a0ce4" CHANGEID="689754178" NUMBER="50" OPERTYPEID="30" PREVID="237264" NEXTID="0" UPDATEDATE="2025-09-30" STARTDATE="2025-09-30" ENDDATE="2079-06-06" ISACTUAL="1" ISACTIVE="0" /><STEAD ID="237264" OBJECTID="84791702" OBJECTGUID="cd3b71cb-a906-4b61-8c99-52de8a4a0ce4" CHANGEID="125919707" NUMBER="50" OPERTYPEID="10" NEXTID="74194976" UPDATEDATE="2025-09-30" STARTDATE="2018-10-15" ENDDATE="2025-09-30" ISACTUAL="0" ISACTIVE="0" /><STEAD ID="74194977" OBJECTID="174968239" OBJECTGUID="8c85968c-2ca9-4288-adf8-7291bac08972" CHANGEID="689754181" NUMBER="48" OPERTYPEID="10" PREVID="0" NEXTID="0" UPDATEDATE="2025-09-30" STARTDATE="2025-09-30" ENDDATE="2079-06-06" ISACTUAL="1" ISACTIVE="1" /><STEAD ID="74194978" OBJECTID="174968240" OBJECTGUID="37f4c745-1651-458e-ad21-2591c7eda084" CHANGEID="689754182" NUMBER="47" OPERTYPEID="10" PREVID="0" NEXTID="0" UPDATEDATE="2025-09-30" STARTDATE="2025-09-30" ENDDATE="2079-06-06" ISACTUAL="1" ISACTIVE="1" /><STEAD ID="74194979" OBJECTID="174968241" OBJECTGUID="b6e3f9ed-e42a-4bd3-80d7-786c06daa463" CHANGEID="689754183" NUMBER="46" OPERTYPEID="10" PREVID="0" NEXTID="0" UPDATEDATE="2025-09-30" STARTDATE="2025-09-30" ENDDATE="2079-06-06" ISACTUAL="1" ISACTIVE="1" /><STEAD ID="74194980" OBJECTID="174968242" OBJECTGUID="7b4159cc-485b-497e-8a52-4ddc62e807c0" CHANGEID="689754184" NUMBER="40" OPERTYPEID="10" PREVID="0" NEXTID="0" UPDATEDATE="2025-09-30" STARTDATE="2025-09-30" ENDDATE="2079-06-06" ISACTUAL="1" ISACTIVE="1" /><STEAD ID="74195581" OBJECTID="174969049" OBJECTGUID="74804e32-8101-436e-b06e-a968b1a9b1c3" CHANGEID="689755671" NUMBER="5" OPERTYPEID="10" PREVID="0" NEXTID="0" UPDATEDATE="2025-09-30" STARTDATE="2025-09-30" ENDDATE="2079-06-06" ISACTUAL="1" ISACTIVE="1" /><STEAD ID="74195652" OBJECTID="174969142" OBJECTGUID="7e8e0767-d6da-4ed2-82bd-f8ab782b34d4" CHANGEID="689755879" NUMBER="6" OPERTYPEID="10" PREVID="0" NEXTID="0" UPDATEDATE="2025-09-30" STARTDATE="2025-09-30" ENDDATE="2079-06-06" ISACTUAL="1" ISACTIVE="1" /><STEAD ID="74195653" OBJECTID="174969144" OBJECTGUID="01439b7e-7857-4f68-b3a9-d466bb7726fe" CHANGEID="689755881" NUMBER="27" OPERTYPEID="10" PREVID="0" NEXTID="0" UPDATEDATE="2025-09-30" STARTDATE="2025-09-30" ENDDATE="2079-06-06" ISACTUAL="1" ISACTIVE="1" /><STEAD ID="74195654" OBJECTID="174969146" OBJECTGUID="d2cdf5f8-be0d-4cc2-aa5c-b75e1b407346" CHANGEID="689755883" NUMBER="4" OPERTYPEID="10" PREVID="0" NEXTID="0" UPDATEDATE="2025-09-30" STARTDATE="2025-09-30" ENDDATE="2079-06-06" ISACTUAL="1" ISACTIVE="1" /><STEAD ID="74195655" OBJECTID="174969148" OBJECTGUID="95b341df-0e32-48ef-8114-c99ff993f107" CHANGEID="689755885" NUMBER="55" OPERTYPEID="10" PREVID="0" NEXTID="0" UPDATEDATE="2025-09-30" STARTDATE="2025-09-30" ENDDATE="2079-06-06" ISACTUAL="1" ISACTIVE="1" /><STEAD ID="74195656" OBJECTID="174969150" OBJECTGUID="d113a845-da02-47b6-83b6-3ad393f45d79" CHANGEID="689755887" NUMBER="30Б" OPERTYPEID="10" PREVID="0" NEXTID="0" UPDATEDATE="2025-09-30" STARTDATE="2025-09-30" ENDDATE="2079-06-06" ISACTUAL="1" ISACTIVE="1" /><STEAD ID="74195657" OBJECTID="174969153" OBJECTGUID="e6efe5aa-9e9f-4942-80da-bbf130681bed" CHANGEID="689755891" NUMBER="14" OPERTYPEID="10" PREVID="0" NEXTID="0" UPDATEDATE="2025-09-30" STARTDATE="2025-09-30" ENDDATE="2079-06-06" ISACTUAL="1" ISACTIVE="1" /><STEAD ID="74196202" OBJECTID="174969837" OBJECTGUID="e78ef9e4-d7d4-4f54-96d8-644f04fa348a" CHANGEID="689757352" NUMBER="38" OPERTYPEID="10" PREVID="0" NEXTID="0" UPDATEDATE="2025-09-30" STARTDATE="2025-09-30" ENDDATE="2079-06-06" ISACTUAL="1" ISACTIVE="1" /><STEAD ID="74196207" OBJECTID="174969844" OBJECTGUID="e7aa6bfc-de38-45c5-bba5-a46d45d75826" CHANGEID="689757418" NUMBER="36" OPERTYPEID="10" PREVID="0" NEXTID="0" UPDATEDATE="2025-09-30" STARTDATE="2025-09-30" ENDDATE="2079-06-06" ISACTUAL="1" ISACTIVE="1" /><STEAD ID="74196553" OBJECTID="174970739" OBJECTGUID="79fe64db-a2c3-4b9a-a701-69205529ccd7" CHANGEID="689777283" NUMBER="211" OPERTYPEID="10" PREVID="0" NEXTID="0" UPDATEDATE="2025-09-30" STARTDATE="2025-09-30" ENDDATE="2079-06-06" ISACTUAL="1" ISACTIVE="1" /><STEAD ID="74205447" OBJECTID="174988250" OBJECTGUID="ee3ea6b8-d30a-447c-bdd8-da1d64c497fa" CHANGEID="689812815" NUMBER="52" OPERTYPEID="10" PREVID="0" NEXTID="0" UPDATEDATE="2025-10-01" STARTDATE="2025-10-01" ENDDATE="2079-06-06" ISACTUAL="1" ISACTIVE="1" /><STEAD ID="74205448" OBJECTID="174988252" OBJECTGUID="390ac57a-d5e8-48e8-9554-bb2bedadfa79" CHANGEID="689812820" NUMBER="389" OPERTYPEID="10" PREVID="0" NEXTID="0" UPDATEDATE="2025-10-01" STARTDATE="2025-10-01" ENDDATE="2079-06-06" ISACTUAL="1" ISACTIVE="1" /><STEAD ID="74206106" OBJECTID="174989917" OBJECTGUID="ff4708df-4095-4513-9bd1-d58cdea10efb" CHANGEID="689816295" NUMBER="11В" OPERTYPEID="10" PREVID="0" NEXTID="0" UPDATEDATE="2025-10-01" STARTDATE="2025-10-01" ENDDATE="2079-06-06" ISACTUAL="1" ISACTIVE="1" /><STEAD ID="74206107" OBJECTID="174989918" OBJECTGUID="9702db34-ef44-4252-9a4f-571a9ebaf56b" CHANGEID="689816296" NUMBER="11Г" OPERTYPEID="10" PREVID="0" NEXTID="0" UPDATEDATE="2025-10-01" STARTDATE="2025-10-01" ENDDATE="2079-06-06" ISACTUAL="1" ISACTIVE="1" /><STEAD ID="74206108" OBJECTID="174989921" OBJECTGUID="f62fd770-eef1-4092-b610-9aab9143af77" CHANGEID="689816299" NUMBER="319" OPERTYPEID="10" PREVID="0" NEXTID="0" UPDATEDATE="2025-10-01" STARTDATE="2025-10-01" ENDDATE="2079-06-06" ISACTUAL="1" ISACTIVE="1" /><STEAD ID="74206701" OBJECTID="174991143" OBJECTGUID="4fe08638-71e9-4484-b3c2-fa7b63a6851d" CHANGEID="689818476" NUMBER="530" OPERTYPEID="10" PREVID="0" NEXTID="0" UPDATEDATE="2025-10-01" STARTDATE="2025-10-01" ENDDATE="2079-06-06" ISACTUAL="1" ISACTIVE="1" /><STEAD ID="74206702" OBJECTID="174991148" OBJECTGUID="9fa5996b-d8a1-4e4d-baab-63323e58b6b8" CHANGEID="689818482" NUMBER="41" OPERTYPEID="10" PREVID="0" NEXTID="0" UPDATEDATE="2025-10-01" STARTDATE="2025-10-01" ENDDATE="2079-06-06" ISACTUAL="1" ISACTIVE="1" /><STEAD ID="74206703" OBJECTID="174991151" OBJECTGUID="929d952b-b042-4dbe-b574-ec26e612694f" CHANGEID="689818485" NUMBER="35в" OPERTYPEID="10" PREVID="0" NEXTID="0" UPDATEDATE="2025-10-01" STARTDATE="2025-10-01" ENDDATE="2079-06-06" ISACTUAL="1" ISACTIVE="1" /><STEAD ID="74206888" OBJECTID="174991698" OBJECTGUID="68b3838d-8900-4ba8-bee5-a138505786f9" CHANGEID="689819400" NUMBER="1а" OPERTYPEID="10" PREVID="0" NEXTID="0" UPDATEDATE="2025-10-01" STARTDATE="2025-10-01" ENDDATE="2079-06-06" ISACTUAL="1" ISACTIVE="1" /><STEAD ID="74206894" OBJECTID="174991705" OBJECTGUID="5903abaa-2f4c-4804-bcae-001a0f9eebf5" CHANGEID="689819415" NUMBER="95" OPERTYPEID="10" PREVID="0" NEXTID="0" UPDATEDATE="2025-10-01" STARTDATE="2025-10-01" ENDDATE="2079-06-06" ISACTUAL="1" ISACTIVE="1" /><STEAD ID="74206896" OBJECTID="174991711" OBJECTGUID="1bfe5a91-5912-4d7b-bd63-5f38f59aaacd" CHANGEID="689819441" NUMBER="314" OPERTYPEID="10" PREVID="0" NEXTID="0" UPDATEDATE="2025-10-01" STARTDATE="2025-10-01" ENDDATE="2079-06-06" ISACTUAL="1" ISACTIVE="1" /><STEAD ID="74207171" OBJECTID="174992167" OBJECTGUID="3ebbc866-461d-4a70-8b13-d5cdb639f686" CHANGEID="689820224" NUMBER="30А" OPERTYPEID="10" PREVID="0" NEXTID="0" UPDATEDATE="2025-10-01" STARTDATE="2025-10-01" ENDDATE="2079-06-06" ISACTUAL="1" ISACTIVE="1" /><STEAD ID="74207173" OBJECTID="174992173" OBJECTGUID="0deece77-e3bf-489c-b52a-d719674e912e" CHANGEID="689820234" NUMBER="23" OPERTYPEID="10" PREVID="0" NEXTID="0" UPDATEDATE="2025-10-01" STARTDATE="2025-10-01" ENDDATE="2079-06-06" ISACTUAL="1" ISACTIVE="1" /><STEAD ID="74207188" OBJECTID="87489950" OBJECTGUID="29e9caf7-7759-4af9-97bf-a12eca1dc32f" CHANGEID="689820328" NUMBER="72г" OPERTYPEID="30" PREVID="2948112" NEXTID="0" UPDATEDATE="2025-10-01" STARTDATE="2025-10-01" ENDDATE="2079-06-06" ISACTUAL="1" ISACTIVE="0" /><STEAD ID="74207280" OBJECTID="174992473" OBJECTGUID="727515f7-054f-4858-9ead-97f377815abb" CHANGEID="689821925" NUMBER="30/5" OPERTYPEID="10" PREVID="0" NEXTID="0" UPDATEDATE="2025-10-01" STARTDATE="2025-10-01" ENDDATE="2079-06-06" ISACTUAL="1" ISACTIVE="1" /><STEAD ID="74207322" OBJECTID="174992559" OBJECTGUID="39c3925e-69e0-47ca-b570-b9725dbf3d98" CHANGEID="689822288" NUMBER="33" OPERTYPEID="10" PREVID="0" NEXTID="0" UPDATEDATE="2025-10-01" STARTDATE="2025-10-01" ENDDATE="2079-06-06" ISACTUAL="1" ISACTIVE="1" /><STEAD ID="74207348" OBJECTID="174992608" OBJECTGUID="0c381561-6213-44b4-a6e5-8cf550f90229" CHANGEID="689822424" NUMBER="32" OPERTYPEID="10" PREVID="0" NEXTID="0" UPDATEDATE="2025-10-01" STARTDATE="2025-10-01" ENDDATE="2079-06-06" ISACTUAL="1" ISACTIVE="1" /><STEAD ID="74207424" OBJECTID="174992750" OBJECTGUID="301e5bf5-2922-4516-a4e3-a6be5240139f" CHANGEID="689825030" NUMBER="17" OPERTYPEID="10" PREVID="0" NEXTID="0" UPDATEDATE="2025-10-01" STARTDATE="2025-10-01" ENDDATE="2079-06-06" ISACTUAL="1" ISACTIVE="1" /><STEAD ID="74207425" OBJECTID="174814110" OBJECTGUID="b2df7bc7-00f5-4ae0-a18e-7fc63010981c" CHANGEID="689825040" NUMBER="6" OPERTYPEID="30" PREVID="74110266" NEXTID="0" UPDATEDATE="2025-10-01" STARTDATE="2025-10-01" ENDDATE="2079-06-06" ISACTUAL="1" ISACTIVE="0" /><STEAD ID="74110266" OBJECTID="174814110" OBJECTGUID="b2df7bc7-00f5-4ae0-a18e-7fc63010981c" CHANGEID="689385499" NUMBER="6" OPERTYPEID="10" PREVID="0" NEXTID="74207425" UPDATEDATE="2025-10-01" STARTDATE="2025-09-23" ENDDATE="2025-10-01" ISACTUAL="0" ISACTIVE="0" /><STEAD ID="74207429" OBJECTID="174992760" OBJECTGUID="06485a4e-8040-408b-8ad3-047160b15606" CHANGEID="689825089" NUMBER="34" OPERTYPEID="10" PREVID="0" NEXTID="0" UPDATEDATE="2025-10-01" STARTDATE="2025-10-01" ENDDATE="2079-06-06" ISACTUAL="1" ISACTIVE="1" /><STEAD ID="74207430" OBJECTID="174992761" OBJECTGUID="7ce4910b-c8c1-456f-bd74-102e1bba48c5" CHANGEID="689825093" NUMBER="388" OPERTYPEID="10" PREVID="0" NEXTID="0" UPDATEDATE="2025-10-01" STARTDATE="2025-10-01" ENDDATE="2079-06-06" ISACTUAL="1" ISACTIVE="1" /><STEAD ID="74207431" OBJECTID="174992764" OBJECTGUID="b40c2668-c2ee-4b13-be24-876f593dcc89" CHANGEID="689825100" NUMBER="16Б" OPERTYPEID="10" PREVID="0" NEXTID="0" UPDATEDATE="2025-10-01" STARTDATE="2025-10-01" ENDDATE="2079-06-06" ISACTUAL="1" ISACTIVE="1" /><STEAD ID="74207436" OBJECTID="174992800" OBJECTGUID="2e2a30ec-3b48-4480-9a24-0f4966d7eda9" CHANGEID="689825194" NUMBER="115" OPERTYPEID="10" PREVID="0" NEXTID="0" UPDATEDATE="2025-10-01" STARTDATE="2025-10-01" ENDDATE="2079-06-06" ISACTUAL="1" ISACTIVE="1" /><STEAD ID="74207468" OBJECTID="174992861" OBJECTGUID="f6871dbf-0be4-45ac-8347-c7990dd99bf3" CHANGEID="689825283" NUMBER="10" OPERTYPEID="10" PREVID="0" NEXTID="0" UPDATEDATE="2025-10-01" STARTDATE="2025-10-01" ENDDATE="2079-06-06" ISACTUAL="1" ISACTIVE="1" /><STEAD ID="1920250" OBJECTID="86466234" OBJECTGUID="ae253ca1-9b46-4b22-b5a1-bf146873f9e9" CHANGEID="128256943" NUMBER="5-А" OPERTYPEID="10" NEXTID="74207551" UPDATEDATE="2025-10-01" STARTDATE="1900-01-01" ENDDATE="2025-10-01" ISACTUAL="0" ISACTIVE="0" /><STEAD ID="74207551" OBJECTID="86466234" OBJECTGUID="ae253ca1-9b46-4b22-b5a1-bf146873f9e9" CHANGEID="689825503" NUMBER="5А" OPERTYPEID="20" PREVID="1920250" UPDATEDATE="2025-10-01" STARTDATE="2025-10-01" ENDDATE="2079-06-06" ISACTUAL="1" ISACTIVE="1" /><STEAD ID="74207552" OBJECTID="174992975" OBJECTGUID="82da2fa1-ea3a-4862-9e82-044df031e2dc" CHANGEID="689825507" NUMBER="3" OPERTYPEID="10" PREVID="0" NEXTID="0" UPDATEDATE="2025-10-01" STARTDATE="2025-10-01" ENDDATE="2079-06-06" ISACTUAL="1" ISACTIVE="1" /><STEAD ID="74207553" OBJECTID="174992977" OBJECTGUID="f2127696-b24b-49d9-a7e0-5d651f499692" CHANGEID="689825512" NUMBER="9" OPERTYPEID="10" PREVID="0" NEXTID="0" UPDATEDATE="2025-10-01" STARTDATE="2025-10-01" ENDDATE="2079-06-06" ISACTUAL="1" ISACTIVE="1" /><STEAD ID="74207554" OBJECTID="174992978" OBJECTGUID="6371f88f-1753-4374-a7af-3592fb7a4dd1" CHANGEID="689825514" NUMBER="32а" OPERTYPEID="10" PREVID="0" NEXTID="0" UPDATEDATE="2025-10-01" STARTDATE="2025-10-01" ENDDATE="2079-06-06" ISACTUAL="1" ISACTIVE="1" /></STEADS>