﻿<?xml version="1.0" encoding="utf-8"?><HOUSES><HOUSE ID="54651979" OBJECTID="40234343" OBJECTGUID="2e2abd8c-4657-4652-b545-9c961bc1ac42" CHANGEID="60912204" HOUSENUM="74" HOUSETYPE="2" OPERTYPEID="20" PREVID="24054402" NEXTID="129184077" UPDATEDATE="2025-10-01" STARTDATE="2015-07-28" ENDDATE="2025-10-01" ISACTUAL="0" ISACTIVE="0" /><HOUSE ID="54829932" OBJECTID="81665602" OBJECTGUID="30b17d28-06c6-4f88-8b68-4f75ee5609af" CHANGEID="121348335" HOUSENUM="46" HOUSETYPE="2" OPERTYPEID="20" PREVID="49420974" NEXTID="129184067" UPDATEDATE="2025-10-01" STARTDATE="2015-07-27" ENDDATE="2025-10-01" ISACTUAL="0" ISACTIVE="0" /><HOUSE ID="54966313" OBJECTID="50170483" OBJECTGUID="329bdc6c-38d1-4bd7-b421-58096feac270" CHANGEID="75313176" HOUSENUM="3" HOUSETYPE="2" OPERTYPEID="20" PREVID="30011260" NEXTID="129184073" UPDATEDATE="2025-10-01" STARTDATE="2015-07-28" ENDDATE="2025-10-01" ISACTUAL="0" ISACTIVE="0" /><HOUSE ID="56423024" OBJECTID="16570753" OBJECTGUID="4730c73f-781b-4390-a130-7f7c59a2e18a" CHANGEID="26262181" HOUSENUM="9" HOUSETYPE="2" OPERTYPEID="20" PREVID="9434238" NEXTID="129184057" UPDATEDATE="2025-10-01" STARTDATE="2015-07-23" ENDDATE="2025-10-01" ISACTUAL="0" ISACTIVE="0" /><HOUSE ID="56989978" OBJECTID="55031931" OBJECTGUID="4f2f43ae-6475-427b-9afe-c6b88c109506" CHANGEID="82314540" HOUSENUM="25" HOUSETYPE="2" OPERTYPEID="20" PREVID="32867772" NEXTID="129184063" UPDATEDATE="2025-10-01" STARTDATE="2015-09-15" ENDDATE="2025-10-01" ISACTUAL="0" ISACTIVE="0" /><HOUSE ID="57237279" OBJECTID="18432835" OBJECTGUID="52ae824b-ee70-4761-a974-77cf4e66daa5" CHANGEID="29011966" HOUSENUM="24" HOUSETYPE="2" OPERTYPEID="20" PREVID="10630275" NEXTID="129184066" UPDATEDATE="2025-10-01" STARTDATE="2015-07-24" ENDDATE="2025-10-01" ISACTUAL="0" ISACTIVE="0" /><HOUSE ID="58504005" OBJECTID="48234278" OBJECTGUID="648b428f-aa2a-40ac-97db-9c87483f3a86" CHANGEID="72493794" HOUSENUM="4" HOUSETYPE="2" OPERTYPEID="20" PREVID="28826316" NEXTID="129184058" UPDATEDATE="2025-10-01" STARTDATE="2015-07-23" ENDDATE="2025-10-01" ISACTUAL="0" ISACTIVE="0" /><HOUSE ID="60080739" OBJECTID="5448873" OBJECTGUID="7acc642e-837b-40f1-871b-5f84728f650d" CHANGEID="9860070" HOUSENUM="56" HOUSETYPE="2" OPERTYPEID="20" PREVID="2412050" NEXTID="129184071" UPDATEDATE="2025-10-01" STARTDATE="2015-07-27" ENDDATE="2025-10-01" ISACTUAL="0" ISACTIVE="0" /><HOUSE ID="62693766" OBJECTID="2228711" OBJECTGUID="9fa814eb-74f6-4754-aa93-c3395c97e667" CHANGEID="5185878" HOUSENUM="215" HOUSETYPE="2" OPERTYPEID="20" PREVID="477004" NEXTID="129184055" UPDATEDATE="2025-10-01" STARTDATE="2015-07-27" ENDDATE="2025-10-01" ISACTUAL="0" ISACTIVE="0" /><HOUSE ID="65324031" OBJECTID="74092099" OBJECTGUID="c4d0845d-1c72-4564-a206-f4dd0de0228e" CHANGEID="110278881" HOUSENUM="13" HOUSETYPE="2" OPERTYPEID="20" PREVID="44730745" NEXTID="129184065" UPDATEDATE="2025-10-01" STARTDATE="2015-07-24" ENDDATE="2025-10-01" ISACTUAL="0" ISACTIVE="0" /><HOUSE ID="65998643" OBJECTID="34218956" OBJECTGUID="ce566fa4-7669-4b83-8b43-cdd189d94b3c" CHANGEID="52117913" HOUSENUM="41" HOUSETYPE="2" OPERTYPEID="20" PREVID="20361138" NEXTID="129184068" UPDATEDATE="2025-10-01" STARTDATE="2015-07-27" ENDDATE="2025-10-01" ISACTUAL="0" ISACTIVE="0" /><HOUSE ID="66159078" OBJECTID="35802302" OBJECTGUID="d09e311f-8255-497a-b751-9bee855d4dca" CHANGEID="54374170" HOUSENUM="4" HOUSETYPE="2" OPERTYPEID="20" PREVID="21270583" NEXTID="129184054" UPDATEDATE="2025-10-01" STARTDATE="2015-07-24" ENDDATE="2025-10-01" ISACTUAL="0" ISACTIVE="0" /><HOUSE ID="66540329" OBJECTID="72881637" OBJECTGUID="d6023b2b-baa3-4084-8acc-6626961dd9d2" CHANGEID="108526665" HOUSENUM="9" HOUSETYPE="2" OPERTYPEID="20" PREVID="44000222" NEXTID="129184056" UPDATEDATE="2025-10-01" STARTDATE="2015-07-28" ENDDATE="2025-10-01" ISACTUAL="0" ISACTIVE="0" /><HOUSE ID="68081248" OBJECTID="68472712" OBJECTGUID="ebc84023-f2a6-4f70-b98f-9d56d339296c" CHANGEID="102066057" HOUSENUM="40" HOUSETYPE="2" OPERTYPEID="20" PREVID="41271072" NEXTID="129184059" UPDATEDATE="2025-10-01" STARTDATE="2015-07-23" ENDDATE="2025-10-01" ISACTUAL="0" ISACTIVE="0" /><HOUSE ID="68682824" OBJECTID="61794571" OBJECTGUID="f443cd35-db08-4623-93cb-c52c89b659b0" CHANGEID="92278056" HOUSENUM="105" HOUSETYPE="2" OPERTYPEID="20" PREVID="37122602" NEXTID="129184072" UPDATEDATE="2025-10-01" STARTDATE="2015-07-27" ENDDATE="2025-10-01" ISACTUAL="0" ISACTIVE="0" /><HOUSE ID="69353721" OBJECTID="34191407" OBJECTGUID="fdbe2dc7-5d35-45fc-863d-0f226fd00ae7" CHANGEID="52077984" HOUSENUM="65" HOUSETYPE="2" OPERTYPEID="20" PREVID="20340834" NEXTID="129184069" UPDATEDATE="2025-10-01" STARTDATE="2015-07-27" ENDDATE="2025-10-01" ISACTUAL="0" ISACTIVE="0" /><HOUSE ID="1205145" OBJECTID="3445694" OBJECTGUID="04f9c806-8925-495d-9e9a-9d13dcd69f5b" CHANGEID="6951542" HOUSENUM="30" HOUSETYPE="2" OPERTYPEID="10" PREVID="0" NEXTID="129184075" UPDATEDATE="2025-10-01" STARTDATE="2017-12-11" ENDDATE="2025-10-01" ISACTUAL="0" ISACTIVE="0" /><HOUSE ID="63361929" OBJECTID="82019370" OBJECTGUID="a91efa4d-ac9e-4f8b-b43f-700d3b54afad" CHANGEID="121871401" HOUSENUM="110" HOUSETYPE="2" OPERTYPEID="20" PREVID="49645003" NEXTID="129184076" UPDATEDATE="2025-10-01" STARTDATE="2015-07-28" ENDDATE="2025-10-01" ISACTUAL="0" ISACTIVE="0" /><HOUSE ID="129165626" OBJECTID="174914094" OBJECTGUID="356f3e5a-e4ef-423d-a749-8804c664aab3" CHANGEID="689634824" HOUSENUM="15А" HOUSETYPE="5" OPERTYPEID="10" PREVID="0" NEXTID="0" UPDATEDATE="2025-09-29" STARTDATE="2025-09-29" ENDDATE="2079-06-06" ISACTUAL="1" ISACTIVE="1" /><HOUSE ID="129165627" OBJECTID="174914095" OBJECTGUID="985be4cb-5603-4e60-aeac-c04ded421741" CHANGEID="689634826" HOUSENUM="15А/1" HOUSETYPE="5" OPERTYPEID="10" PREVID="0" NEXTID="0" UPDATEDATE="2025-09-29" STARTDATE="2025-09-29" ENDDATE="2079-06-06" ISACTUAL="1" ISACTIVE="1" /><HOUSE ID="129176374" OBJECTID="174949122" OBJECTGUID="953198a2-35aa-43fe-ada1-5d47b5f8cbd3" CHANGEID="689708381" HOUSENUM="2а" HOUSETYPE="5" OPERTYPEID="10" PREVID="0" NEXTID="0" UPDATEDATE="2025-09-30" STARTDATE="2025-09-30" ENDDATE="2079-06-06" ISACTUAL="1" ISACTIVE="1" /><HOUSE ID="129183992" OBJECTID="174970968" OBJECTGUID="6fd702cd-999a-49f1-bd3c-e81d8ddfa16e" CHANGEID="689777734" HOUSENUM="24Б" HOUSETYPE="2" OPERTYPEID="10" PREVID="0" NEXTID="0" UPDATEDATE="2025-10-01" STARTDATE="2025-10-01" ENDDATE="2079-06-06" ISACTUAL="1" ISACTIVE="1" /><HOUSE ID="129183991" OBJECTID="174970966" OBJECTGUID="06cb59fc-128d-409e-a5f3-c5abf706c9be" CHANGEID="689777731" HOUSENUM="29" HOUSETYPE="7" OPERTYPEID="10" PREVID="0" NEXTID="0" UPDATEDATE="2025-10-01" STARTDATE="2025-10-01" ENDDATE="2079-06-06" ISACTUAL="1" ISACTIVE="1" /><HOUSE ID="129183993" OBJECTID="174970971" OBJECTGUID="dfcd6ab1-a7dd-4218-93fe-1d971035a38c" CHANGEID="689777737" HOUSENUM="5" HOUSETYPE="2" OPERTYPEID="10" PREVID="0" NEXTID="0" UPDATEDATE="2025-10-01" STARTDATE="2025-10-01" ENDDATE="2079-06-06" ISACTUAL="1" ISACTIVE="1" /><HOUSE ID="129184054" OBJECTID="35802302" OBJECTGUID="d09e311f-8255-497a-b751-9bee855d4dca" CHANGEID="689778042" HOUSENUM="4" HOUSETYPE="2" OPERTYPEID="30" PREVID="66159078" NEXTID="0" UPDATEDATE="2025-10-01" STARTDATE="2025-10-01" ENDDATE="2079-06-06" ISACTUAL="1" ISACTIVE="0" /><HOUSE ID="129184055" OBJECTID="2228711" OBJECTGUID="9fa814eb-74f6-4754-aa93-c3395c97e667" CHANGEID="689778044" HOUSENUM="215" HOUSETYPE="2" OPERTYPEID="30" PREVID="62693766" NEXTID="0" UPDATEDATE="2025-10-01" STARTDATE="2025-10-01" ENDDATE="2079-06-06" ISACTUAL="1" ISACTIVE="0" /><HOUSE ID="129184057" OBJECTID="16570753" OBJECTGUID="4730c73f-781b-4390-a130-7f7c59a2e18a" CHANGEID="689778046" HOUSENUM="9" HOUSETYPE="2" OPERTYPEID="30" PREVID="56423024" NEXTID="0" UPDATEDATE="2025-10-01" STARTDATE="2025-10-01" ENDDATE="2079-06-06" ISACTUAL="1" ISACTIVE="0" /><HOUSE ID="129184059" OBJECTID="68472712" OBJECTGUID="ebc84023-f2a6-4f70-b98f-9d56d339296c" CHANGEID="689778048" HOUSENUM="40" HOUSETYPE="2" OPERTYPEID="30" PREVID="68081248" NEXTID="0" UPDATEDATE="2025-10-01" STARTDATE="2025-10-01" ENDDATE="2079-06-06" ISACTUAL="1" ISACTIVE="0" /><HOUSE ID="129184061" OBJECTID="83099389" OBJECTGUID="c9b2c7d6-f297-4df3-8cea-2b031548ef9f" CHANGEID="689778050" HOUSENUM="17" HOUSETYPE="2" OPERTYPEID="30" PREVID="65670979" NEXTID="0" UPDATEDATE="2025-10-01" STARTDATE="2025-10-01" ENDDATE="2079-06-06" ISACTUAL="1" ISACTIVE="0" /><HOUSE ID="65670979" OBJECTID="83099389" OBJECTGUID="c9b2c7d6-f297-4df3-8cea-2b031548ef9f" CHANGEID="123436344" HOUSENUM="17" HOUSETYPE="2" OPERTYPEID="20" PREVID="50283722" NEXTID="129184061" UPDATEDATE="2025-10-01" STARTDATE="2015-09-15" ENDDATE="2025-10-01" ISACTUAL="0" ISACTIVE="0" /><HOUSE ID="129184063" OBJECTID="55031931" OBJECTGUID="4f2f43ae-6475-427b-9afe-c6b88c109506" CHANGEID="689778052" HOUSENUM="25" HOUSETYPE="2" OPERTYPEID="30" PREVID="56989978" NEXTID="0" UPDATEDATE="2025-10-01" STARTDATE="2025-10-01" ENDDATE="2079-06-06" ISACTUAL="1" ISACTIVE="0" /><HOUSE ID="129184065" OBJECTID="74092099" OBJECTGUID="c4d0845d-1c72-4564-a206-f4dd0de0228e" CHANGEID="689778054" HOUSENUM="13" HOUSETYPE="2" OPERTYPEID="30" PREVID="65324031" NEXTID="0" UPDATEDATE="2025-10-01" STARTDATE="2025-10-01" ENDDATE="2079-06-06" ISACTUAL="1" ISACTIVE="0" /><HOUSE ID="129184067" OBJECTID="81665602" OBJECTGUID="30b17d28-06c6-4f88-8b68-4f75ee5609af" CHANGEID="689778056" HOUSENUM="46" HOUSETYPE="2" OPERTYPEID="30" PREVID="54829932" NEXTID="0" UPDATEDATE="2025-10-01" STARTDATE="2025-10-01" ENDDATE="2079-06-06" ISACTUAL="1" ISACTIVE="0" /><HOUSE ID="129184069" OBJECTID="34191407" OBJECTGUID="fdbe2dc7-5d35-45fc-863d-0f226fd00ae7" CHANGEID="689778058" HOUSENUM="65" HOUSETYPE="2" OPERTYPEID="30" PREVID="69353721" NEXTID="0" UPDATEDATE="2025-10-01" STARTDATE="2025-10-01" ENDDATE="2079-06-06" ISACTUAL="1" ISACTIVE="0" /><HOUSE ID="129184071" OBJECTID="5448873" OBJECTGUID="7acc642e-837b-40f1-871b-5f84728f650d" CHANGEID="689778060" HOUSENUM="56" HOUSETYPE="2" OPERTYPEID="30" PREVID="60080739" NEXTID="0" UPDATEDATE="2025-10-01" STARTDATE="2025-10-01" ENDDATE="2079-06-06" ISACTUAL="1" ISACTIVE="0" /><HOUSE ID="129184073" OBJECTID="50170483" OBJECTGUID="329bdc6c-38d1-4bd7-b421-58096feac270" CHANGEID="689778062" HOUSENUM="3" HOUSETYPE="2" OPERTYPEID="30" PREVID="54966313" NEXTID="0" UPDATEDATE="2025-10-01" STARTDATE="2025-10-01" ENDDATE="2079-06-06" ISACTUAL="1" ISACTIVE="0" /><HOUSE ID="129184075" OBJECTID="3445694" OBJECTGUID="04f9c806-8925-495d-9e9a-9d13dcd69f5b" CHANGEID="689778064" HOUSENUM="30" HOUSETYPE="2" OPERTYPEID="30" PREVID="1205145" NEXTID="0" UPDATEDATE="2025-10-01" STARTDATE="2025-10-01" ENDDATE="2079-06-06" ISACTUAL="1" ISACTIVE="0" /><HOUSE ID="129184077" OBJECTID="40234343" OBJECTGUID="2e2abd8c-4657-4652-b545-9c961bc1ac42" CHANGEID="689778066" HOUSENUM="74" HOUSETYPE="2" OPERTYPEID="30" PREVID="54651979" NEXTID="0" UPDATEDATE="2025-10-01" STARTDATE="2025-10-01" ENDDATE="2079-06-06" ISACTUAL="1" ISACTIVE="0" /><HOUSE ID="129184056" OBJECTID="72881637" OBJECTGUID="d6023b2b-baa3-4084-8acc-6626961dd9d2" CHANGEID="689778045" HOUSENUM="9" HOUSETYPE="2" OPERTYPEID="30" PREVID="66540329" NEXTID="0" UPDATEDATE="2025-10-01" STARTDATE="2025-10-01" ENDDATE="2079-06-06" ISACTUAL="1" ISACTIVE="0" /><HOUSE ID="129184058" OBJECTID="48234278" OBJECTGUID="648b428f-aa2a-40ac-97db-9c87483f3a86" CHANGEID="689778047" HOUSENUM="4" HOUSETYPE="2" OPERTYPEID="30" PREVID="58504005" NEXTID="0" UPDATEDATE="2025-10-01" STARTDATE="2025-10-01" ENDDATE="2079-06-06" ISACTUAL="1" ISACTIVE="0" /><HOUSE ID="129184060" OBJECTID="81694915" OBJECTGUID="9fb3b39c-8608-4ac0-836f-c9ff45e7b7ce" CHANGEID="689778049" HOUSENUM="25" HOUSETYPE="2" OPERTYPEID="30" PREVID="49439794" NEXTID="0" UPDATEDATE="2025-10-01" STARTDATE="2025-10-01" ENDDATE="2079-06-06" ISACTUAL="1" ISACTIVE="0" /><HOUSE ID="49439794" OBJECTID="81694915" OBJECTGUID="9fb3b39c-8608-4ac0-836f-c9ff45e7b7ce" CHANGEID="121391811" HOUSENUM="25" HOUSETYPE="2" OPERTYPEID="10" PREVID="0" NEXTID="129184060" UPDATEDATE="2025-10-01" STARTDATE="2016-09-27" ENDDATE="2025-10-01" ISACTUAL="0" ISACTIVE="0" /><HOUSE ID="129184062" OBJECTID="77849242" OBJECTGUID="c595deb7-72a3-4cc9-876f-73990435ffa0" CHANGEID="689778051" HOUSENUM="1А" HOUSETYPE="2" OPERTYPEID="30" PREVID="47027422" NEXTID="0" UPDATEDATE="2025-10-01" STARTDATE="2025-10-01" ENDDATE="2079-06-06" ISACTUAL="1" ISACTIVE="0" /><HOUSE ID="47027422" OBJECTID="77849242" OBJECTGUID="c595deb7-72a3-4cc9-876f-73990435ffa0" CHANGEID="115740922" HOUSENUM="1А" HOUSETYPE="2" OPERTYPEID="10" PREVID="0" NEXTID="129184062" UPDATEDATE="2025-10-01" STARTDATE="2017-12-05" ENDDATE="2025-10-01" ISACTUAL="0" ISACTIVE="0" /><HOUSE ID="129184064" OBJECTID="53800523" OBJECTGUID="4089dcb8-22d0-434d-a73b-84cfcae07abc" CHANGEID="689778053" HOUSENUM="8" HOUSETYPE="2" OPERTYPEID="30" PREVID="55952970" NEXTID="0" UPDATEDATE="2025-10-01" STARTDATE="2025-10-01" ENDDATE="2079-06-06" ISACTUAL="1" ISACTIVE="0" /><HOUSE ID="55952970" OBJECTID="53800523" OBJECTGUID="4089dcb8-22d0-434d-a73b-84cfcae07abc" CHANGEID="80527774" HOUSENUM="8" HOUSETYPE="2" OPERTYPEID="20" PREVID="32129044" NEXTID="129184064" UPDATEDATE="2025-10-01" STARTDATE="2015-07-24" ENDDATE="2025-10-01" ISACTUAL="0" ISACTIVE="0" /><HOUSE ID="129184066" OBJECTID="18432835" OBJECTGUID="52ae824b-ee70-4761-a974-77cf4e66daa5" CHANGEID="689778055" HOUSENUM="24" HOUSETYPE="2" OPERTYPEID="30" PREVID="57237279" NEXTID="0" UPDATEDATE="2025-10-01" STARTDATE="2025-10-01" ENDDATE="2079-06-06" ISACTUAL="1" ISACTIVE="0" /><HOUSE ID="129184068" OBJECTID="34218956" OBJECTGUID="ce566fa4-7669-4b83-8b43-cdd189d94b3c" CHANGEID="689778057" HOUSENUM="41" HOUSETYPE="2" OPERTYPEID="30" PREVID="65998643" NEXTID="0" UPDATEDATE="2025-10-01" STARTDATE="2025-10-01" ENDDATE="2079-06-06" ISACTUAL="1" ISACTIVE="0" /><HOUSE ID="129184070" OBJECTID="4656901" OBJECTGUID="afa8d6b1-0275-484e-b670-0fd6d5149795" CHANGEID="689778059" HOUSENUM="12" HOUSETYPE="2" OPERTYPEID="30" PREVID="63825021" NEXTID="0" UPDATEDATE="2025-10-01" STARTDATE="2025-10-01" ENDDATE="2079-06-06" ISACTUAL="1" ISACTIVE="0" /><HOUSE ID="63825021" OBJECTID="4656901" OBJECTGUID="afa8d6b1-0275-484e-b670-0fd6d5149795" CHANGEID="8677683" HOUSENUM="12" HOUSETYPE="2" OPERTYPEID="20" PREVID="1903920" NEXTID="129184070" UPDATEDATE="2025-10-01" STARTDATE="2015-07-27" ENDDATE="2025-10-01" ISACTUAL="0" ISACTIVE="0" /><HOUSE ID="129184072" OBJECTID="61794571" OBJECTGUID="f443cd35-db08-4623-93cb-c52c89b659b0" CHANGEID="689778061" HOUSENUM="105" HOUSETYPE="2" OPERTYPEID="30" PREVID="68682824" NEXTID="0" UPDATEDATE="2025-10-01" STARTDATE="2025-10-01" ENDDATE="2079-06-06" ISACTUAL="1" ISACTIVE="0" /><HOUSE ID="129184074" OBJECTID="5022912" OBJECTGUID="b1aa2ab7-e71f-474a-b039-127ed9348846" CHANGEID="689778063" HOUSENUM="37" HOUSETYPE="2" OPERTYPEID="30" PREVID="63967957" NEXTID="0" UPDATEDATE="2025-10-01" STARTDATE="2025-10-01" ENDDATE="2079-06-06" ISACTUAL="1" ISACTIVE="0" /><HOUSE ID="63967957" OBJECTID="5022912" OBJECTGUID="b1aa2ab7-e71f-474a-b039-127ed9348846" CHANGEID="9220248" HOUSENUM="37" HOUSETYPE="2" OPERTYPEID="20" PREVID="2133783" NEXTID="129184074" UPDATEDATE="2025-10-01" STARTDATE="2015-07-28" ENDDATE="2025-10-01" ISACTUAL="0" ISACTIVE="0" /><HOUSE ID="129184076" OBJECTID="82019370" OBJECTGUID="a91efa4d-ac9e-4f8b-b43f-700d3b54afad" CHANGEID="689778065" HOUSENUM="110" HOUSETYPE="2" OPERTYPEID="30" PREVID="63361929" NEXTID="0" UPDATEDATE="2025-10-01" STARTDATE="2025-10-01" ENDDATE="2079-06-06" ISACTUAL="1" ISACTIVE="0" /><HOUSE ID="129186295" OBJECTID="174978939" OBJECTGUID="3290218e-a558-4c18-9723-8e8072a7daf7" CHANGEID="689793939" HOUSENUM="2б" HOUSETYPE="5" OPERTYPEID="10" PREVID="0" NEXTID="0" UPDATEDATE="2025-10-01" STARTDATE="2025-10-01" ENDDATE="2079-06-06" ISACTUAL="1" ISACTIVE="1" /></HOUSES>