﻿<?xml version="1.0" encoding="utf-8"?><STEADS><STEAD ID="74182530" OBJECTID="174949049" OBJECTGUID="087a97ec-6016-435f-92c4-ff67ccb443f9" CHANGEID="689708278" NUMBER="40" OPERTYPEID="10" PREVID="0" NEXTID="0" UPDATEDATE="2025-09-30" STARTDATE="2025-09-30" ENDDATE="2079-06-06" ISACTUAL="1" ISACTIVE="1" /><STEAD ID="74196580" OBJECTID="174970833" OBJECTGUID="e8f75480-03b8-46f7-8482-64e4b58d619b" CHANGEID="689777449" NUMBER="26" OPERTYPEID="10" PREVID="0" NEXTID="0" UPDATEDATE="2025-10-01" STARTDATE="2025-10-01" ENDDATE="2079-06-06" ISACTUAL="1" ISACTIVE="1" /><STEAD ID="74196581" OBJECTID="174970834" OBJECTGUID="8fb3eeed-4fb7-4b3d-9be3-9a50ce576d68" CHANGEID="689777450" NUMBER="28" OPERTYPEID="10" PREVID="0" NEXTID="0" UPDATEDATE="2025-10-01" STARTDATE="2025-10-01" ENDDATE="2079-06-06" ISACTUAL="1" ISACTIVE="1" /><STEAD ID="74196618" OBJECTID="174970964" OBJECTGUID="c1b92c62-d080-44b7-8007-d3c876d3755d" CHANGEID="689777729" NUMBER="21" OPERTYPEID="10" PREVID="0" NEXTID="0" UPDATEDATE="2025-10-01" STARTDATE="2025-10-01" ENDDATE="2079-06-06" ISACTUAL="1" ISACTIVE="1" /><STEAD ID="74196619" OBJECTID="174970965" OBJECTGUID="32682c84-1d4c-4b94-8e56-9b72cec099c6" CHANGEID="689777730" NUMBER="29" OPERTYPEID="10" PREVID="0" NEXTID="0" UPDATEDATE="2025-10-01" STARTDATE="2025-10-01" ENDDATE="2079-06-06" ISACTUAL="1" ISACTIVE="1" /><STEAD ID="74196620" OBJECTID="174970967" OBJECTGUID="0c48fab5-eae3-4c3c-a250-273616d0ec87" CHANGEID="689777733" NUMBER="24Б" OPERTYPEID="10" PREVID="0" NEXTID="0" UPDATEDATE="2025-10-01" STARTDATE="2025-10-01" ENDDATE="2079-06-06" ISACTUAL="1" ISACTIVE="1" /><STEAD ID="74196621" OBJECTID="174970969" OBJECTGUID="a9e1462f-d775-4528-ab3c-344d0bc8eaba" CHANGEID="689777735" NUMBER="1А" OPERTYPEID="10" PREVID="0" NEXTID="0" UPDATEDATE="2025-10-01" STARTDATE="2025-10-01" ENDDATE="2079-06-06" ISACTUAL="1" ISACTIVE="1" /><STEAD ID="74196622" OBJECTID="174970970" OBJECTGUID="e993dd41-47df-43cd-b785-0bf20c8a2b56" CHANGEID="689777736" NUMBER="5" OPERTYPEID="10" PREVID="0" NEXTID="0" UPDATEDATE="2025-10-01" STARTDATE="2025-10-01" ENDDATE="2079-06-06" ISACTUAL="1" ISACTIVE="1" /></STEADS>