﻿<?xml version="1.0" encoding="utf-8"?><STEADS><STEAD ID="67765" OBJECTID="84623364" OBJECTGUID="da6230b4-6c42-4b67-923d-044d0d7311e1" CHANGEID="125643391" NUMBER="28" OPERTYPEID="10" NEXTID="74185404" UPDATEDATE="2025-09-30" STARTDATE="2018-06-10" ENDDATE="2025-09-30" ISACTUAL="0" ISACTIVE="0" /><STEAD ID="74164498" OBJECTID="174912006" OBJECTGUID="7560fdbc-470f-41a6-b30a-d39fba9724ae" CHANGEID="689629598" NUMBER="153" OPERTYPEID="10" PREVID="0" NEXTID="0" UPDATEDATE="2025-09-29" STARTDATE="2025-09-29" ENDDATE="2079-06-06" ISACTUAL="1" ISACTIVE="1" /><STEAD ID="74164505" OBJECTID="174912013" OBJECTGUID="5d6f1a39-c93f-43dc-844a-7747305a7200" CHANGEID="689629630" NUMBER="1а/1" OPERTYPEID="10" PREVID="0" NEXTID="0" UPDATEDATE="2025-09-29" STARTDATE="2025-09-29" ENDDATE="2079-06-06" ISACTUAL="1" ISACTIVE="1" /><STEAD ID="74164510" OBJECTID="174912018" OBJECTGUID="1fb34319-a254-41c8-90e1-2df727d20367" CHANGEID="689629650" NUMBER="47" OPERTYPEID="10" PREVID="0" NEXTID="0" UPDATEDATE="2025-09-29" STARTDATE="2025-09-29" ENDDATE="2079-06-06" ISACTUAL="1" ISACTIVE="1" /><STEAD ID="74164515" OBJECTID="174912024" OBJECTGUID="d7782131-0eae-4f74-8106-d83cdac25072" CHANGEID="689629658" NUMBER="30" OPERTYPEID="10" PREVID="0" NEXTID="0" UPDATEDATE="2025-09-29" STARTDATE="2025-09-29" ENDDATE="2079-06-06" ISACTUAL="1" ISACTIVE="1" /><STEAD ID="74164977" OBJECTID="174912599" OBJECTGUID="1eebf8b9-15f6-4d11-a283-3f92166304a7" CHANGEID="689630944" NUMBER="61/2" OPERTYPEID="10" PREVID="0" NEXTID="0" UPDATEDATE="2025-09-29" STARTDATE="2025-09-29" ENDDATE="2079-06-06" ISACTUAL="1" ISACTIVE="1" /><STEAD ID="74164978" OBJECTID="174912600" OBJECTGUID="c626a81d-3ddb-4024-9eb1-4b50806ad1ce" CHANGEID="689630945" NUMBER="61/1" OPERTYPEID="10" PREVID="0" NEXTID="0" UPDATEDATE="2025-09-29" STARTDATE="2025-09-29" ENDDATE="2079-06-06" ISACTUAL="1" ISACTIVE="1" /><STEAD ID="74164972" OBJECTID="174912589" OBJECTGUID="30b457dd-1c5c-4e2c-9729-02353670581b" CHANGEID="689630913" NUMBER="39" OPERTYPEID="10" PREVID="0" NEXTID="0" UPDATEDATE="2025-09-29" STARTDATE="2025-09-29" ENDDATE="2079-06-06" ISACTUAL="1" ISACTIVE="1" /><STEAD ID="74164973" OBJECTID="174912590" OBJECTGUID="ebb6aa87-d15a-4433-a87f-fe3d6bcc175e" CHANGEID="689630914" NUMBER="37" OPERTYPEID="10" PREVID="0" NEXTID="0" UPDATEDATE="2025-09-29" STARTDATE="2025-09-29" ENDDATE="2079-06-06" ISACTUAL="1" ISACTIVE="1" /><STEAD ID="74164999" OBJECTID="174912624" OBJECTGUID="cbb5b8b6-9ba4-4d0a-b78d-b9a65f4e553a" CHANGEID="689630997" NUMBER="14" OPERTYPEID="10" PREVID="0" NEXTID="0" UPDATEDATE="2025-09-29" STARTDATE="2025-09-29" ENDDATE="2079-06-06" ISACTUAL="1" ISACTIVE="1" /><STEAD ID="74165257" OBJECTID="174912995" OBJECTGUID="e43d6a12-1811-45b7-b2f7-7b3194feafa5" CHANGEID="689631873" NUMBER="4/1" OPERTYPEID="10" PREVID="0" NEXTID="0" UPDATEDATE="2025-09-29" STARTDATE="2025-09-29" ENDDATE="2079-06-06" ISACTUAL="1" ISACTIVE="1" /><STEAD ID="74165466" OBJECTID="174913342" OBJECTGUID="94bfee1e-e61b-4cdb-988c-7079f5d274c9" CHANGEID="689633149" NUMBER="21" OPERTYPEID="10" PREVID="0" NEXTID="0" UPDATEDATE="2025-09-29" STARTDATE="2025-09-29" ENDDATE="2079-06-06" ISACTUAL="1" ISACTIVE="1" /><STEAD ID="74165533" OBJECTID="174913427" OBJECTGUID="0f2c8911-94c2-4dca-9cad-cfbe72b49f8f" CHANGEID="689633290" NUMBER="11" OPERTYPEID="10" PREVID="0" NEXTID="0" UPDATEDATE="2025-09-29" STARTDATE="2025-09-29" ENDDATE="2079-06-06" ISACTUAL="1" ISACTIVE="1" /><STEAD ID="74166095" OBJECTID="174914347" OBJECTGUID="1b6b04b0-cdfe-4293-9d09-99b8fcd804f5" CHANGEID="689635267" NUMBER="4а/П" OPERTYPEID="10" PREVID="0" NEXTID="0" UPDATEDATE="2025-09-29" STARTDATE="2025-09-29" ENDDATE="2079-06-06" ISACTUAL="1" ISACTIVE="1" /><STEAD ID="74166631" OBJECTID="174915497" OBJECTGUID="5b4ef28e-3f09-4100-915a-36b5321149da" CHANGEID="689637498" NUMBER="21б/24" OPERTYPEID="10" PREVID="0" NEXTID="0" UPDATEDATE="2025-09-29" STARTDATE="2025-09-29" ENDDATE="2079-06-06" ISACTUAL="1" ISACTIVE="1" /><STEAD ID="74166654" OBJECTID="174915522" OBJECTGUID="1381d238-fff4-4c93-8e10-5cf63b35edf1" CHANGEID="689637546" NUMBER="140а" OPERTYPEID="10" PREVID="0" NEXTID="0" UPDATEDATE="2025-09-29" STARTDATE="2025-09-29" ENDDATE="2079-06-06" ISACTUAL="1" ISACTIVE="1" /><STEAD ID="74167344" OBJECTID="174917101" OBJECTGUID="09da5cbe-36cc-4c3b-91d1-66a2573ed684" CHANGEID="689640229" NUMBER="17" OPERTYPEID="10" PREVID="0" NEXTID="0" UPDATEDATE="2025-09-29" STARTDATE="2025-09-29" ENDDATE="2079-06-06" ISACTUAL="1" ISACTIVE="1" /><STEAD ID="74169947" OBJECTID="174921967" OBJECTGUID="6445d31b-38f6-4e8b-839c-2e7dcd49f7c8" CHANGEID="689649320" NUMBER="46/62" OPERTYPEID="10" PREVID="0" NEXTID="0" UPDATEDATE="2025-09-29" STARTDATE="2025-09-29" ENDDATE="2079-06-06" ISACTUAL="1" ISACTIVE="1" /><STEAD ID="74174801" OBJECTID="174933295" OBJECTGUID="4f62e5f5-bbe2-4e2e-adb9-10f4296d9913" CHANGEID="689674664" NUMBER="38" OPERTYPEID="10" PREVID="0" NEXTID="0" UPDATEDATE="2025-09-29" STARTDATE="2025-09-29" ENDDATE="2079-06-06" ISACTUAL="1" ISACTIVE="1" /><STEAD ID="74174897" OBJECTID="174933454" OBJECTGUID="739a4851-5ccc-42ff-8a9c-a24c0b037f47" CHANGEID="689674948" NUMBER="56" OPERTYPEID="10" PREVID="0" NEXTID="0" UPDATEDATE="2025-09-29" STARTDATE="2025-09-29" ENDDATE="2079-06-06" ISACTUAL="1" ISACTIVE="1" /><STEAD ID="74175675" OBJECTID="174935343" OBJECTGUID="bc7cc7b3-ced6-45f4-955f-f335ebaf4e3d" CHANGEID="689679429" NUMBER="426" OPERTYPEID="10" PREVID="0" NEXTID="0" UPDATEDATE="2025-09-29" STARTDATE="2025-09-29" ENDDATE="2079-06-06" ISACTUAL="1" ISACTIVE="1" /><STEAD ID="73379450" OBJECTID="173421357" OBJECTGUID="af374658-8abb-4f55-be80-356d9df5ec64" CHANGEID="655499607" NUMBER="12А" OPERTYPEID="10" PREVID="0" NEXTID="74175682" UPDATEDATE="2025-09-29" STARTDATE="2025-07-15" ENDDATE="2025-09-29" ISACTUAL="0" ISACTIVE="0" /><STEAD ID="74175682" OBJECTID="173421357" OBJECTGUID="af374658-8abb-4f55-be80-356d9df5ec64" CHANGEID="689679451" NUMBER="12Б" OPERTYPEID="20" PREVID="73379450" UPDATEDATE="2025-09-29" STARTDATE="2025-09-29" ENDDATE="2079-06-06" ISACTUAL="1" ISACTIVE="1" /><STEAD ID="74175687" OBJECTID="174935365" OBJECTGUID="547c04b5-a1ee-4bb7-8267-6b1000b60208" CHANGEID="689679471" NUMBER="41" OPERTYPEID="10" PREVID="0" NEXTID="0" UPDATEDATE="2025-09-29" STARTDATE="2025-09-29" ENDDATE="2079-06-06" ISACTUAL="1" ISACTIVE="1" /><STEAD ID="74175698" OBJECTID="174935387" OBJECTGUID="fb3098da-e72d-465f-b83b-126fa4f28d48" CHANGEID="689679518" NUMBER="15" OPERTYPEID="10" PREVID="0" NEXTID="0" UPDATEDATE="2025-09-29" STARTDATE="2025-09-29" ENDDATE="2079-06-06" ISACTUAL="1" ISACTIVE="1" /><STEAD ID="74175702" OBJECTID="174935398" OBJECTGUID="982e7307-a71e-44c5-b11a-271fedb3654d" CHANGEID="689679541" NUMBER="2А" OPERTYPEID="10" PREVID="0" NEXTID="0" UPDATEDATE="2025-09-29" STARTDATE="2025-09-29" ENDDATE="2079-06-06" ISACTUAL="1" ISACTIVE="1" /><STEAD ID="74175711" OBJECTID="174935413" OBJECTGUID="606cfd1f-7133-4771-aa97-bdfcc205a741" CHANGEID="689679564" NUMBER="9" OPERTYPEID="10" PREVID="0" NEXTID="0" UPDATEDATE="2025-09-29" STARTDATE="2025-09-29" ENDDATE="2079-06-06" ISACTUAL="1" ISACTIVE="1" /><STEAD ID="74175730" OBJECTID="174935451" OBJECTGUID="6393b8f6-9068-4263-b760-3f4ba4545589" CHANGEID="689679640" NUMBER="62" OPERTYPEID="10" PREVID="0" NEXTID="0" UPDATEDATE="2025-09-29" STARTDATE="2025-09-29" ENDDATE="2079-06-06" ISACTUAL="1" ISACTIVE="1" /><STEAD ID="74175733" OBJECTID="174935457" OBJECTGUID="01da0456-7a08-4c3c-879a-b73b045e161a" CHANGEID="689679653" NUMBER="72а" OPERTYPEID="10" PREVID="0" NEXTID="0" UPDATEDATE="2025-09-29" STARTDATE="2025-09-29" ENDDATE="2079-06-06" ISACTUAL="1" ISACTIVE="1" /><STEAD ID="74175766" OBJECTID="174935533" OBJECTGUID="e5a329c9-355c-47f1-ab16-a5cd0e8913a3" CHANGEID="689679764" NUMBER="36" OPERTYPEID="10" PREVID="0" NEXTID="0" UPDATEDATE="2025-09-29" STARTDATE="2025-09-29" ENDDATE="2079-06-06" ISACTUAL="1" ISACTIVE="1" /><STEAD ID="74175791" OBJECTID="174935600" OBJECTGUID="95a62902-dc94-48bd-bc9d-1f27c2a289f2" CHANGEID="689679891" NUMBER="30" OPERTYPEID="10" PREVID="0" NEXTID="0" UPDATEDATE="2025-09-29" STARTDATE="2025-09-29" ENDDATE="2079-06-06" ISACTUAL="1" ISACTIVE="1" /><STEAD ID="74176460" OBJECTID="174937868" OBJECTGUID="2edf48d5-b6f5-437d-87dd-688169011120" CHANGEID="689684335" NUMBER="66" OPERTYPEID="10" PREVID="0" NEXTID="0" UPDATEDATE="2025-09-29" STARTDATE="2025-09-29" ENDDATE="2079-06-06" ISACTUAL="1" ISACTIVE="1" /><STEAD ID="74176565" OBJECTID="174938176" OBJECTGUID="c19c59d1-ed64-4442-9484-32466e19d158" CHANGEID="689686419" NUMBER="596" OPERTYPEID="10" PREVID="0" NEXTID="0" UPDATEDATE="2025-09-29" STARTDATE="2025-09-29" ENDDATE="2079-06-06" ISACTUAL="1" ISACTIVE="1" /><STEAD ID="74179162" OBJECTID="174942587" OBJECTGUID="fbf66f88-7d3b-47e1-bf3e-6d44f2d6ea0a" CHANGEID="689695101" NUMBER="114" OPERTYPEID="10" PREVID="0" NEXTID="0" UPDATEDATE="2025-09-29" STARTDATE="2025-09-29" ENDDATE="2079-06-06" ISACTUAL="1" ISACTIVE="1" /><STEAD ID="74179196" OBJECTID="174942627" OBJECTGUID="73500dfb-c68e-4a89-adeb-7a60a0e9bc79" CHANGEID="689695155" NUMBER="10" OPERTYPEID="10" PREVID="0" NEXTID="0" UPDATEDATE="2025-09-29" STARTDATE="2025-09-29" ENDDATE="2079-06-06" ISACTUAL="1" ISACTIVE="1" /><STEAD ID="74179207" OBJECTID="174942660" OBJECTGUID="5f41edbb-4577-4185-aa59-3fc9dab7fa2b" CHANGEID="689695304" NUMBER="24" OPERTYPEID="10" PREVID="0" NEXTID="0" UPDATEDATE="2025-09-29" STARTDATE="2025-09-29" ENDDATE="2079-06-06" ISACTUAL="1" ISACTIVE="1" /><STEAD ID="74179812" OBJECTID="174943698" OBJECTGUID="a9774cf0-34cc-469a-938f-10ae883a0c2c" CHANGEID="689697008" NUMBER="14/2" OPERTYPEID="10" PREVID="0" NEXTID="0" UPDATEDATE="2025-09-29" STARTDATE="2025-09-29" ENDDATE="2079-06-06" ISACTUAL="1" ISACTIVE="1" /><STEAD ID="74179862" OBJECTID="174943797" OBJECTGUID="9fa555d8-f4ad-4b98-8d2d-58b52a6e7140" CHANGEID="689697138" NUMBER="2А" OPERTYPEID="10" PREVID="0" NEXTID="0" UPDATEDATE="2025-09-29" STARTDATE="2025-09-29" ENDDATE="2079-06-06" ISACTUAL="1" ISACTIVE="1" /><STEAD ID="74181580" OBJECTID="174947463" OBJECTGUID="d5fcf3d2-374e-46e0-b326-81cd7c82f5b3" CHANGEID="689705604" NUMBER="36" OPERTYPEID="10" PREVID="0" NEXTID="0" UPDATEDATE="2025-09-30" STARTDATE="2025-09-30" ENDDATE="2079-06-06" ISACTUAL="1" ISACTIVE="1" /><STEAD ID="74182006" OBJECTID="174948127" OBJECTGUID="3e8fb3c0-0ea6-4478-af85-14e14e7f796d" CHANGEID="689706605" NUMBER="229" OPERTYPEID="10" PREVID="0" NEXTID="0" UPDATEDATE="2025-09-30" STARTDATE="2025-09-30" ENDDATE="2079-06-06" ISACTUAL="1" ISACTIVE="1" /><STEAD ID="74182009" OBJECTID="174948134" OBJECTGUID="1f0f3b67-efe3-47b0-a42c-0d7f32847f8f" CHANGEID="689706613" NUMBER="189" OPERTYPEID="10" PREVID="0" NEXTID="0" UPDATEDATE="2025-09-30" STARTDATE="2025-09-30" ENDDATE="2079-06-06" ISACTUAL="1" ISACTIVE="1" /><STEAD ID="74182291" OBJECTID="174948531" OBJECTGUID="bb6ded73-d86f-4305-8a67-96cd933d4ab8" CHANGEID="689707319" NUMBER="20" OPERTYPEID="10" PREVID="0" NEXTID="0" UPDATEDATE="2025-09-30" STARTDATE="2025-09-30" ENDDATE="2079-06-06" ISACTUAL="1" ISACTIVE="1" /><STEAD ID="74182368" OBJECTID="174948753" OBJECTGUID="f508d2f1-4b6a-4196-94d0-2534ee7f2da3" CHANGEID="689707637" NUMBER="92" OPERTYPEID="10" PREVID="0" NEXTID="0" UPDATEDATE="2025-09-30" STARTDATE="2025-09-30" ENDDATE="2079-06-06" ISACTUAL="1" ISACTIVE="1" /><STEAD ID="74182613" OBJECTID="174949180" OBJECTGUID="aff74f4f-0ef9-4cb2-a7f3-0c0d40e540ca" CHANGEID="689708544" NUMBER="2" OPERTYPEID="10" PREVID="0" NEXTID="0" UPDATEDATE="2025-09-30" STARTDATE="2025-09-30" ENDDATE="2079-06-06" ISACTUAL="1" ISACTIVE="1" /><STEAD ID="74182614" OBJECTID="174949185" OBJECTGUID="6fd42993-dee7-4de8-8fc9-332133be43b8" CHANGEID="689708559" NUMBER="9" OPERTYPEID="10" PREVID="0" NEXTID="0" UPDATEDATE="2025-09-30" STARTDATE="2025-09-30" ENDDATE="2079-06-06" ISACTUAL="1" ISACTIVE="1" /><STEAD ID="74183372" OBJECTID="174950141" OBJECTGUID="fdf1b576-c1a3-4387-b436-d8d792710b8f" CHANGEID="689710387" NUMBER="20" OPERTYPEID="10" PREVID="0" NEXTID="0" UPDATEDATE="2025-09-30" STARTDATE="2025-09-30" ENDDATE="2079-06-06" ISACTUAL="1" ISACTIVE="1" /><STEAD ID="74183414" OBJECTID="174950193" OBJECTGUID="3456c102-3eaa-415f-9217-b31679bf8f78" CHANGEID="689710529" NUMBER="13" OPERTYPEID="10" PREVID="0" NEXTID="0" UPDATEDATE="2025-09-30" STARTDATE="2025-09-30" ENDDATE="2079-06-06" ISACTUAL="1" ISACTIVE="1" /><STEAD ID="74185404" OBJECTID="84623364" OBJECTGUID="da6230b4-6c42-4b67-923d-044d0d7311e1" CHANGEID="689718507" NUMBER="28" OPERTYPEID="60" PREVID="67765" UPDATEDATE="2025-09-30" STARTDATE="2025-09-30" ENDDATE="2079-06-06" ISACTUAL="1" ISACTIVE="0" /><STEAD ID="74185405" OBJECTID="174952971" OBJECTGUID="63aa6b7d-5a0d-4352-b848-442cadd225cb" CHANGEID="689718508" NUMBER="28/2" OPERTYPEID="61" PREVID="74185404" NEXTID="0" UPDATEDATE="2025-09-30" STARTDATE="2025-09-30" ENDDATE="2079-06-06" ISACTUAL="1" ISACTIVE="1" /><STEAD ID="74185406" OBJECTID="174952972" OBJECTGUID="2b530c20-aacc-41f0-a3d2-eb5adec8ab4e" CHANGEID="689718509" NUMBER="28/1" OPERTYPEID="61" PREVID="74185404" NEXTID="0" UPDATEDATE="2025-09-30" STARTDATE="2025-09-30" ENDDATE="2079-06-06" ISACTUAL="1" ISACTIVE="1" /><STEAD ID="74192388" OBJECTID="174963905" OBJECTGUID="f672d3df-7093-40d5-befa-ff5cfe147a1b" CHANGEID="689743231" NUMBER="12а" OPERTYPEID="10" PREVID="0" NEXTID="0" UPDATEDATE="2025-09-30" STARTDATE="2025-09-30" ENDDATE="2079-06-06" ISACTUAL="1" ISACTIVE="1" /><STEAD ID="74192392" OBJECTID="174963912" OBJECTGUID="4dc45efb-75dd-4691-b316-f10db06bc241" CHANGEID="689743241" NUMBER="127" OPERTYPEID="10" PREVID="0" NEXTID="0" UPDATEDATE="2025-09-30" STARTDATE="2025-09-30" ENDDATE="2079-06-06" ISACTUAL="1" ISACTIVE="1" /><STEAD ID="74193296" OBJECTID="174965687" OBJECTGUID="b7936ea1-4ac9-498b-9dfc-bd669cc6d10c" CHANGEID="689747309" NUMBER="24в" OPERTYPEID="10" PREVID="0" NEXTID="0" UPDATEDATE="2025-09-30" STARTDATE="2025-09-30" ENDDATE="2079-06-06" ISACTUAL="1" ISACTIVE="1" /><STEAD ID="74193376" OBJECTID="174965790" OBJECTGUID="4296039f-16a1-44df-9b85-de3232f8d48b" CHANGEID="689747565" NUMBER="156" OPERTYPEID="10" PREVID="0" NEXTID="0" UPDATEDATE="2025-09-30" STARTDATE="2025-09-30" ENDDATE="2079-06-06" ISACTUAL="1" ISACTIVE="1" /><STEAD ID="74193962" OBJECTID="174966881" OBJECTGUID="ceab6ced-68b5-4c4d-8741-bfea5d27ba75" CHANGEID="689750674" NUMBER="170а" OPERTYPEID="10" PREVID="0" NEXTID="0" UPDATEDATE="2025-09-30" STARTDATE="2025-09-30" ENDDATE="2079-06-06" ISACTUAL="1" ISACTIVE="1" /><STEAD ID="74193964" OBJECTID="174966887" OBJECTGUID="332213ab-39f7-4dca-b7fa-c5eb45322b46" CHANGEID="689750682" NUMBER="24" OPERTYPEID="10" PREVID="0" NEXTID="0" UPDATEDATE="2025-09-30" STARTDATE="2025-09-30" ENDDATE="2079-06-06" ISACTUAL="1" ISACTIVE="1" /><STEAD ID="74193967" OBJECTID="174966893" OBJECTGUID="9f0c84d3-6629-4a7f-9dc2-b088b7d68475" CHANGEID="689750696" NUMBER="62" OPERTYPEID="10" PREVID="0" NEXTID="0" UPDATEDATE="2025-09-30" STARTDATE="2025-09-30" ENDDATE="2079-06-06" ISACTUAL="1" ISACTIVE="1" /><STEAD ID="74193977" OBJECTID="174966923" OBJECTGUID="3498314b-b238-4a22-bd56-890a757e2339" CHANGEID="689750742" NUMBER="10а/1/14" OPERTYPEID="10" PREVID="0" NEXTID="0" UPDATEDATE="2025-09-30" STARTDATE="2025-09-30" ENDDATE="2079-06-06" ISACTUAL="1" ISACTIVE="1" /><STEAD ID="74194503" OBJECTID="174967633" OBJECTGUID="a6f949cd-50b2-4c4e-b270-df03c104b7a4" CHANGEID="689752446" NUMBER="51/2/16" OPERTYPEID="10" PREVID="0" NEXTID="0" UPDATEDATE="2025-09-30" STARTDATE="2025-09-30" ENDDATE="2079-06-06" ISACTUAL="1" ISACTIVE="1" /><STEAD ID="74194531" OBJECTID="174967675" OBJECTGUID="5773b094-4c99-46da-bc6c-4e8a84abff34" CHANGEID="689752529" NUMBER="51/3/93" OPERTYPEID="10" PREVID="0" NEXTID="0" UPDATEDATE="2025-09-30" STARTDATE="2025-09-30" ENDDATE="2079-06-06" ISACTUAL="1" ISACTIVE="1" /><STEAD ID="74194517" OBJECTID="174967655" OBJECTGUID="af43efc0-eb2a-40f7-82dc-2407c65cf2ee" CHANGEID="689752491" NUMBER="51/3/92" OPERTYPEID="10" PREVID="0" NEXTID="0" UPDATEDATE="2025-09-30" STARTDATE="2025-09-30" ENDDATE="2079-06-06" ISACTUAL="1" ISACTIVE="1" /><STEAD ID="74195104" OBJECTID="174968426" OBJECTGUID="1d7db3a2-45f4-4c56-93f0-cd22d31ab88e" CHANGEID="689754452" NUMBER="20" OPERTYPEID="10" PREVID="0" NEXTID="0" UPDATEDATE="2025-09-30" STARTDATE="2025-09-30" ENDDATE="2079-06-06" ISACTUAL="1" ISACTIVE="1" /><STEAD ID="74197595" OBJECTID="174972662" OBJECTGUID="6b62db35-2d52-49e2-95e3-7e3025d5c640" CHANGEID="689781770" NUMBER="59" OPERTYPEID="10" PREVID="0" NEXTID="0" UPDATEDATE="2025-10-01" STARTDATE="2025-10-01" ENDDATE="2079-06-06" ISACTUAL="1" ISACTIVE="1" /><STEAD ID="74200214" OBJECTID="174978480" OBJECTGUID="78e54f66-4e0d-435d-91fc-11a03bef80b7" CHANGEID="689793194" NUMBER="8" OPERTYPEID="10" PREVID="0" NEXTID="0" UPDATEDATE="2025-10-01" STARTDATE="2025-10-01" ENDDATE="2079-06-06" ISACTUAL="1" ISACTIVE="1" /><STEAD ID="74200474" OBJECTID="174978817" OBJECTGUID="15f0d8c0-a148-477c-b86f-22f625500bad" CHANGEID="689793782" NUMBER="4" OPERTYPEID="10" PREVID="0" NEXTID="0" UPDATEDATE="2025-10-01" STARTDATE="2025-10-01" ENDDATE="2079-06-06" ISACTUAL="1" ISACTIVE="1" /><STEAD ID="74200578" OBJECTID="174978949" OBJECTGUID="ee5d43b5-8b92-41f7-8ca0-8805f5bdc1d6" CHANGEID="689793961" NUMBER="98" OPERTYPEID="10" PREVID="0" NEXTID="0" UPDATEDATE="2025-10-01" STARTDATE="2025-10-01" ENDDATE="2079-06-06" ISACTUAL="1" ISACTIVE="1" /><STEAD ID="74200634" OBJECTID="174979012" OBJECTGUID="338d9f26-52b3-4707-bc99-25aca466a3f6" CHANGEID="689794077" NUMBER="172" OPERTYPEID="10" PREVID="0" NEXTID="0" UPDATEDATE="2025-10-01" STARTDATE="2025-10-01" ENDDATE="2079-06-06" ISACTUAL="1" ISACTIVE="1" /><STEAD ID="74201693" OBJECTID="174980949" OBJECTGUID="74b8aa54-dd8f-4ccc-8b85-fc97f4c9e697" CHANGEID="689798461" NUMBER="19/7" OPERTYPEID="10" PREVID="0" NEXTID="0" UPDATEDATE="2025-10-01" STARTDATE="2025-10-01" ENDDATE="2079-06-06" ISACTUAL="1" ISACTIVE="1" /><STEAD ID="74207057" OBJECTID="174992003" OBJECTGUID="4d06aa57-55db-4881-8803-a79176f5d3dd" CHANGEID="689819997" NUMBER="107/1" OPERTYPEID="10" PREVID="0" NEXTID="0" UPDATEDATE="2025-10-01" STARTDATE="2025-10-01" ENDDATE="2079-06-06" ISACTUAL="1" ISACTIVE="1" /><STEAD ID="74207058" OBJECTID="174992004" OBJECTGUID="4506bb63-2116-4a70-aea5-93bb223773aa" CHANGEID="689819998" NUMBER="107/2" OPERTYPEID="10" PREVID="0" NEXTID="0" UPDATEDATE="2025-10-01" STARTDATE="2025-10-01" ENDDATE="2079-06-06" ISACTUAL="1" ISACTIVE="1" /><STEAD ID="74207059" OBJECTID="174992005" OBJECTGUID="9139a2cb-6a56-4f0b-a564-17b7a0ae0229" CHANGEID="689819999" NUMBER="107/3" OPERTYPEID="10" PREVID="0" NEXTID="0" UPDATEDATE="2025-10-01" STARTDATE="2025-10-01" ENDDATE="2079-06-06" ISACTUAL="1" ISACTIVE="1" /><STEAD ID="74207098" OBJECTID="174992071" OBJECTGUID="81a10444-8f21-405e-8263-ba364b23a3a2" CHANGEID="689820086" NUMBER="12" OPERTYPEID="10" PREVID="0" NEXTID="0" UPDATEDATE="2025-10-01" STARTDATE="2025-10-01" ENDDATE="2079-06-06" ISACTUAL="1" ISACTIVE="1" /><STEAD ID="74207060" OBJECTID="174992006" OBJECTGUID="060ef86b-5a2d-48b5-989b-9483e0bff27f" CHANGEID="689820000" NUMBER="107/4" OPERTYPEID="10" PREVID="0" NEXTID="0" UPDATEDATE="2025-10-01" STARTDATE="2025-10-01" ENDDATE="2079-06-06" ISACTUAL="1" ISACTIVE="1" /><STEAD ID="74207061" OBJECTID="174992007" OBJECTGUID="739f4bbc-ac33-4e59-852e-952f2f79fa03" CHANGEID="689820001" NUMBER="107/5" OPERTYPEID="10" PREVID="0" NEXTID="0" UPDATEDATE="2025-10-01" STARTDATE="2025-10-01" ENDDATE="2079-06-06" ISACTUAL="1" ISACTIVE="1" /><STEAD ID="74207062" OBJECTID="174992008" OBJECTGUID="c9253109-ca19-41f7-943d-c67474f540d9" CHANGEID="689820002" NUMBER="107/6" OPERTYPEID="10" PREVID="0" NEXTID="0" UPDATEDATE="2025-10-01" STARTDATE="2025-10-01" ENDDATE="2079-06-06" ISACTUAL="1" ISACTIVE="1" /><STEAD ID="74207277" OBJECTID="174992470" OBJECTGUID="c3059619-82e3-4db4-a340-53aa076bca93" CHANGEID="689821914" NUMBER="Б6/8" OPERTYPEID="10" PREVID="0" NEXTID="0" UPDATEDATE="2025-10-01" STARTDATE="2025-10-01" ENDDATE="2079-06-06" ISACTUAL="1" ISACTIVE="1" /><STEAD ID="74207432" OBJECTID="174992771" OBJECTGUID="314f8d77-38bc-489a-9234-476690df2fdd" CHANGEID="689825118" NUMBER="301Б" OPERTYPEID="10" PREVID="0" NEXTID="0" UPDATEDATE="2025-10-01" STARTDATE="2025-10-01" ENDDATE="2079-06-06" ISACTUAL="1" ISACTIVE="1" /><STEAD ID="74207433" OBJECTID="174992772" OBJECTGUID="f780c506-c4e2-4bfc-9817-124c58dadf24" CHANGEID="689825121" NUMBER="753" OPERTYPEID="10" PREVID="0" NEXTID="0" UPDATEDATE="2025-10-01" STARTDATE="2025-10-01" ENDDATE="2079-06-06" ISACTUAL="1" ISACTIVE="1" /><STEAD ID="74207434" OBJECTID="174992774" OBJECTGUID="e53e8518-aaa5-40ef-b42d-9aef6e8f0cd7" CHANGEID="689825125" NUMBER="1001" OPERTYPEID="10" PREVID="0" NEXTID="0" UPDATEDATE="2025-10-01" STARTDATE="2025-10-01" ENDDATE="2079-06-06" ISACTUAL="1" ISACTIVE="1" /><STEAD ID="74207435" OBJECTID="174992780" OBJECTGUID="d78e132d-8073-42fe-a6ec-47cc70a8a86a" CHANGEID="689825142" NUMBER="622А" OPERTYPEID="10" PREVID="0" NEXTID="0" UPDATEDATE="2025-10-01" STARTDATE="2025-10-01" ENDDATE="2079-06-06" ISACTUAL="1" ISACTIVE="1" /></STEADS>