﻿<?xml version="1.0" encoding="utf-8"?><REESTR_OBJECTS><OBJECT OBJECTID="32429695" OBJECTGUID="4477b210-b51d-4231-aeb2-2ab0e11061b1" CHANGEID="689707006" ISACTIVE="1" LEVELID="10" CREATEDATE="2019-07-14" UPDATEDATE="2025-09-30" /><OBJECT OBJECTID="55682420" OBJECTGUID="c1f81daf-ca37-4920-b414-9bf7c06f1d96" CHANGEID="689646905" ISACTIVE="1" LEVELID="10" CREATEDATE="2018-08-23" UPDATEDATE="2025-09-29" /><OBJECT OBJECTID="34395691" OBJECTGUID="516cdfc9-8c11-4334-bdc8-a3c50e098787" CHANGEID="689646866" ISACTIVE="1" LEVELID="10" CREATEDATE="2019-12-27" UPDATEDATE="2025-09-29" /><OBJECT OBJECTID="20981205" OBJECTGUID="3c36a56d-3ace-4704-9721-1a8676caa5cd" CHANGEID="689646855" ISACTIVE="1" LEVELID="10" CREATEDATE="2019-12-27" UPDATEDATE="2025-09-29" /><OBJECT OBJECTID="3398371" OBJECTGUID="a353f8c2-9922-48f9-aa30-fef2866b4aa4" CHANGEID="689780724" ISACTIVE="1" LEVELID="11" CREATEDATE="2019-07-19" UPDATEDATE="2025-10-01" /><OBJECT OBJECTID="93632069" OBJECTGUID="1e320d3d-cc63-442f-924a-ba1d74b91ef6" CHANGEID="689646917" ISACTIVE="1" LEVELID="9" CREATEDATE="2019-09-30" UPDATEDATE="2025-09-29" /><OBJECT OBJECTID="34395100" OBJECTGUID="676fb426-022b-4af0-bdf6-def38cb3178a" CHANGEID="689646865" ISACTIVE="1" LEVELID="10" CREATEDATE="2019-12-27" UPDATEDATE="2025-09-29" /><OBJECT OBJECTID="34400018" OBJECTGUID="3c5ba5ec-5c5e-4bec-a551-3edf0027af50" CHANGEID="689646870" ISACTIVE="1" LEVELID="10" CREATEDATE="2018-08-23" UPDATEDATE="2025-09-29" /><OBJECT OBJECTID="34405853" OBJECTGUID="61bb6e18-7c58-44cd-a201-42c5c8259b85" CHANGEID="689646876" ISACTIVE="1" LEVELID="10" CREATEDATE="2018-08-23" UPDATEDATE="2025-09-29" /><OBJECT OBJECTID="14410245" OBJECTGUID="423c6dd4-6c09-4d24-b465-ad07ae513364" CHANGEID="689702870" ISACTIVE="1" LEVELID="11" CREATEDATE="2019-07-19" UPDATEDATE="2025-09-30" /><OBJECT OBJECTID="35779326" OBJECTGUID="ae45b708-2072-4e83-96f3-5b715fe4dced" CHANGEID="689646964" ISACTIVE="1" LEVELID="10" CREATEDATE="2017-07-24" UPDATEDATE="2025-09-29" /><OBJECT OBJECTID="35780053" OBJECTGUID="99b719d1-41b1-43ee-af73-15e8d7114faf" CHANGEID="689646965" ISACTIVE="1" LEVELID="10" CREATEDATE="2019-03-21" UPDATEDATE="2025-09-29" /><OBJECT OBJECTID="35779827" OBJECTGUID="c6c68008-02c7-4eac-a6ff-750568a741f8" CHANGEID="689646963" ISACTIVE="1" LEVELID="10" CREATEDATE="2018-04-02" UPDATEDATE="2025-09-29" /><OBJECT OBJECTID="103151911" OBJECTGUID="0d99e8ec-1c16-4e2c-ab08-90206f137aa0" CHANGEID="689646943" ISACTIVE="1" LEVELID="10" CREATEDATE="2021-12-08" UPDATEDATE="2025-09-29" /><OBJECT OBJECTID="17789211" OBJECTGUID="ee1558cb-9a60-4421-b191-0e60a539b4e9" CHANGEID="689806974" ISACTIVE="1" LEVELID="10" CREATEDATE="2019-02-18" UPDATEDATE="2025-10-01" /><OBJECT OBJECTID="32573382" OBJECTGUID="e6ee7f65-1210-4321-8d6f-b7c02595d831" CHANGEID="689780123" ISACTIVE="1" LEVELID="10" CREATEDATE="2019-07-14" UPDATEDATE="2025-10-01" /><OBJECT OBJECTID="78385498" OBJECTGUID="88242b17-7cf3-43f0-9ac8-220cd43533f7" CHANGEID="689780756" ISACTIVE="1" LEVELID="11" CREATEDATE="2017-03-20" UPDATEDATE="2025-10-01" /><OBJECT OBJECTID="78385103" OBJECTGUID="2f84ccd9-5ff8-42fa-82b5-934c9f1b8112" CHANGEID="689780810" ISACTIVE="1" LEVELID="11" CREATEDATE="2017-03-20" UPDATEDATE="2025-10-01" /><OBJECT OBJECTID="55584881" OBJECTGUID="ab6f2392-69a5-4104-8013-925c9928ec71" CHANGEID="689646901" ISACTIVE="1" LEVELID="10" CREATEDATE="2018-08-23" UPDATEDATE="2025-09-29" /><OBJECT OBJECTID="55680861" OBJECTGUID="2321a8d1-6026-4c0d-bb05-3b20dcb8a032" CHANGEID="689646902" ISACTIVE="1" LEVELID="10" CREATEDATE="2018-08-23" UPDATEDATE="2025-09-29" /><OBJECT OBJECTID="34398471" OBJECTGUID="ea46d2ef-3719-46fe-b214-2e9e5d335f83" CHANGEID="689646868" ISACTIVE="1" LEVELID="10" CREATEDATE="2018-08-23" UPDATEDATE="2025-09-29" /><OBJECT OBJECTID="103088980" OBJECTGUID="f711a9f8-69ef-4910-bf0f-43ff6c96e99f" CHANGEID="689646939" ISACTIVE="1" LEVELID="10" CREATEDATE="2021-12-02" UPDATEDATE="2025-09-29" /><OBJECT OBJECTID="171526965" OBJECTGUID="2719868c-ac1b-433b-bbe3-30f50b144c7c" CHANGEID="689646958" ISACTIVE="1" LEVELID="9" CREATEDATE="2025-04-08" UPDATEDATE="2025-09-29" /><OBJECT OBJECTID="41111648" OBJECTGUID="11fbd20d-8375-494b-84de-a7e2265547c7" CHANGEID="689646878" ISACTIVE="1" LEVELID="10" CREATEDATE="2018-11-21" UPDATEDATE="2025-09-29" /><OBJECT OBJECTID="173390897" OBJECTGUID="c82f2cf6-69f0-4f89-95a7-9d078401ca75" CHANGEID="689646962" ISACTIVE="1" LEVELID="9" CREATEDATE="2025-07-11" UPDATEDATE="2025-09-29" /><OBJECT OBJECTID="44747254" OBJECTGUID="d349c279-1489-4dbe-a5ef-625f06c88edc" CHANGEID="689781737" ISACTIVE="1" LEVELID="11" CREATEDATE="2019-07-19" UPDATEDATE="2025-10-01" /><OBJECT OBJECTID="72965674" OBJECTGUID="b718f839-ec1c-4c02-9de5-99ddfc8d8d41" CHANGEID="689780132" ISACTIVE="1" LEVELID="10" CREATEDATE="2017-06-14" UPDATEDATE="2025-10-01" /><OBJECT OBJECTID="73214085" OBJECTGUID="963f78e2-4156-4cea-ac18-08b508f602bc" CHANGEID="689704486" ISACTIVE="1" LEVELID="10" CREATEDATE="2012-01-11" UPDATEDATE="2025-09-30" /><OBJECT OBJECTID="55736866" OBJECTGUID="3171fb31-81ba-4b01-baba-bca3f7f16ffb" CHANGEID="689703501" ISACTIVE="1" LEVELID="10" CREATEDATE="2017-06-14" UPDATEDATE="2025-09-30" /><OBJECT OBJECTID="55591565" OBJECTGUID="d5438082-5293-4855-beee-d928f202e3e1" CHANGEID="689703509" ISACTIVE="1" LEVELID="10" CREATEDATE="2017-06-14" UPDATEDATE="2025-09-30" /><OBJECT OBJECTID="163987001" OBJECTGUID="abda75cd-b280-49ba-9383-912cbbb1caea" CHANGEID="689646954" ISACTIVE="1" LEVELID="10" CREATEDATE="2024-06-25" UPDATEDATE="2025-09-29" /><OBJECT OBJECTID="61443023" OBJECTGUID="1cf54b58-71dc-41fe-a1a2-67bfdfe39a23" CHANGEID="689736867" ISACTIVE="1" LEVELID="10" CREATEDATE="2017-06-14" UPDATEDATE="2025-09-30" /><OBJECT OBJECTID="168489083" OBJECTGUID="5ff21a44-6ab1-43fe-a35b-8669b9195cd3" CHANGEID="689702398" ISACTIVE="1" LEVELID="9" CREATEDATE="2024-12-10" UPDATEDATE="2025-09-30" /><OBJECT OBJECTID="20982066" OBJECTGUID="d97dc373-5072-4333-9b17-a3af80a4ae56" CHANGEID="689646858" ISACTIVE="1" LEVELID="10" CREATEDATE="2019-12-27" UPDATEDATE="2025-09-29" /><OBJECT OBJECTID="163985736" OBJECTGUID="65f953d7-2bcd-4b29-9b8b-603717a8d53d" CHANGEID="689646953" ISACTIVE="1" LEVELID="9" CREATEDATE="2024-06-25" UPDATEDATE="2025-09-29" /><OBJECT OBJECTID="77887905" OBJECTGUID="5a23204f-c4fd-43bc-9440-27c10bc1c9da" CHANGEID="689707719" ISACTIVE="0" LEVELID="10" CREATEDATE="2019-07-14" UPDATEDATE="2025-09-30" /><OBJECT OBJECTID="77904865" OBJECTGUID="4263865d-8a09-4c84-9111-df467b156db8" CHANGEID="689707323" ISACTIVE="0" LEVELID="10" CREATEDATE="2019-07-14" UPDATEDATE="2025-09-30" /><OBJECT OBJECTID="174756186" OBJECTGUID="0ec3c1a7-bf29-483a-9f90-b36bb38af84f" CHANGEID="689777627" ISACTIVE="1" LEVELID="10" CREATEDATE="2025-09-22" UPDATEDATE="2025-10-01" /><OBJECT OBJECTID="78476367" OBJECTGUID="0d018ffe-eb01-4a4f-9c11-e40d1a30a6f9" CHANGEID="689790202" ISACTIVE="1" LEVELID="11" CREATEDATE="2017-03-20" UPDATEDATE="2025-10-01" /><OBJECT OBJECTID="78530295" OBJECTGUID="12fa46b3-0690-4ddd-bbc8-d4bd5dd0dfea" CHANGEID="689790141" ISACTIVE="1" LEVELID="11" CREATEDATE="2017-03-20" UPDATEDATE="2025-10-01" /><OBJECT OBJECTID="174766228" OBJECTGUID="c215d6b5-ca48-41f3-bedb-b4eaa1aa8878" CHANGEID="689646960" ISACTIVE="1" LEVELID="9" CREATEDATE="2025-09-22" UPDATEDATE="2025-09-29" /><OBJECT OBJECTID="174767718" OBJECTGUID="ffc9845d-ba68-463f-be52-daa9cda107e3" CHANGEID="689646961" ISACTIVE="1" LEVELID="10" CREATEDATE="2025-09-22" UPDATEDATE="2025-09-29" /><OBJECT OBJECTID="14410616" OBJECTGUID="56026902-7684-488e-944a-7acf31bb2353" CHANGEID="689702871" ISACTIVE="1" LEVELID="11" CREATEDATE="2019-07-19" UPDATEDATE="2025-09-30" /><OBJECT OBJECTID="86692438" OBJECTGUID="db9f3212-284c-48c0-9f69-7204ce38748c" CHANGEID="689646862" ISACTIVE="1" LEVELID="9" CREATEDATE="2017-12-21" UPDATEDATE="2025-09-29" /><OBJECT OBJECTID="41111155" OBJECTGUID="35b018ee-24b1-41b6-862c-c985ae7abc24" CHANGEID="689646877" ISACTIVE="1" LEVELID="10" CREATEDATE="2018-10-24" UPDATEDATE="2025-09-29" /><OBJECT OBJECTID="168489446" OBJECTGUID="294b769c-3625-4ee9-bbf0-b2af0cb977a3" CHANGEID="689702821" ISACTIVE="1" LEVELID="10" CREATEDATE="2024-12-10" UPDATEDATE="2025-09-30" /><OBJECT OBJECTID="102007480" OBJECTGUID="3902027e-3e96-4079-99be-1165fd204181" CHANGEID="689789666" ISACTIVE="1" LEVELID="10" CREATEDATE="2021-07-30" UPDATEDATE="2025-10-01" /><OBJECT OBJECTID="93620719" OBJECTGUID="d063c2cc-400b-4eb8-b267-239f62f5b3da" CHANGEID="689646893" ISACTIVE="1" LEVELID="9" CREATEDATE="2019-09-30" UPDATEDATE="2025-09-29" /><OBJECT OBJECTID="72969581" OBJECTGUID="ee212650-3abe-4467-8df1-d780aadf4814" CHANGEID="689780131" ISACTIVE="1" LEVELID="10" CREATEDATE="2017-06-14" UPDATEDATE="2025-10-01" /><OBJECT OBJECTID="29144186" OBJECTGUID="493151c3-2b54-41b6-854d-7b6786db998c" CHANGEID="689805376" ISACTIVE="1" LEVELID="11" CREATEDATE="2019-03-11" UPDATEDATE="2025-10-01" /><OBJECT OBJECTID="78385703" OBJECTGUID="eba500b9-4c48-411b-b089-c4f0e7f0b478" CHANGEID="689780788" ISACTIVE="1" LEVELID="11" CREATEDATE="2017-03-20" UPDATEDATE="2025-10-01" /><OBJECT OBJECTID="78476473" OBJECTGUID="57ef0db3-7a63-4ba2-a0f9-06768e886dfb" CHANGEID="689790174" ISACTIVE="1" LEVELID="11" CREATEDATE="2017-03-20" UPDATEDATE="2025-10-01" /><OBJECT OBJECTID="78498719" OBJECTGUID="c40f19e4-f720-4adf-981d-35669b85452c" CHANGEID="689780134" ISACTIVE="1" LEVELID="10" CREATEDATE="2017-12-18" UPDATEDATE="2025-10-01" /><OBJECT OBJECTID="78530657" OBJECTGUID="e8db9bcf-259a-411d-8806-6727ea7e222a" CHANGEID="689790052" ISACTIVE="1" LEVELID="11" CREATEDATE="2017-03-20" UPDATEDATE="2025-10-01" /><OBJECT OBJECTID="78476971" OBJECTGUID="bdfdb06f-343b-418e-a994-ea9384d50343" CHANGEID="689790182" ISACTIVE="1" LEVELID="11" CREATEDATE="2017-03-20" UPDATEDATE="2025-10-01" /><OBJECT OBJECTID="78471470" OBJECTGUID="3c5a0519-e8a5-4adf-8dba-913b1da79301" CHANGEID="689790246" ISACTIVE="1" LEVELID="11" CREATEDATE="2017-03-20" UPDATEDATE="2025-10-01" /><OBJECT OBJECTID="78471155" OBJECTGUID="6e999204-aa58-4579-8524-f43b5e534c0f" CHANGEID="689780118" ISACTIVE="1" LEVELID="10" CREATEDATE="2017-12-18" UPDATEDATE="2025-10-01" /><OBJECT OBJECTID="78384877" OBJECTGUID="0cee76ff-e096-4ef0-a73d-62a5de379e20" CHANGEID="689780713" ISACTIVE="1" LEVELID="11" CREATEDATE="2017-03-20" UPDATEDATE="2025-10-01" /><OBJECT OBJECTID="78530265" OBJECTGUID="0b6ff6a6-1c9e-41d1-b730-fcadb9ddb0cb" CHANGEID="689781743" ISACTIVE="1" LEVELID="11" CREATEDATE="2017-03-20" UPDATEDATE="2025-10-01" /><OBJECT OBJECTID="78385959" OBJECTGUID="fb7a0f70-c8ce-4cc3-b464-8e47756d00da" CHANGEID="689780806" ISACTIVE="1" LEVELID="11" CREATEDATE="2017-03-20" UPDATEDATE="2025-10-01" /><OBJECT OBJECTID="78418968" OBJECTGUID="672adef5-a00a-4de5-95ad-ac1171134a1d" CHANGEID="689780122" ISACTIVE="1" LEVELID="10" CREATEDATE="2017-12-18" UPDATEDATE="2025-10-01" /><OBJECT OBJECTID="83890568" OBJECTGUID="663b8687-90f6-4ae2-91f0-3cce6333d139" CHANGEID="689707639" ISACTIVE="0" LEVELID="10" CREATEDATE="2019-07-14" UPDATEDATE="2025-09-30" /><OBJECT OBJECTID="102521915" OBJECTGUID="ef246dec-b656-4edd-adbc-7fc42216d807" CHANGEID="689646930" ISACTIVE="1" LEVELID="10" CREATEDATE="2021-09-24" UPDATEDATE="2025-09-29" /><OBJECT OBJECTID="174909118" OBJECTGUID="6224b558-c1be-4a93-b593-0030f3f744c6" CHANGEID="689623143" ISACTIVE="1" LEVELID="9" CREATEDATE="2025-09-29" UPDATEDATE="2025-09-29" /><OBJECT OBJECTID="174909119" OBJECTGUID="f4c845eb-809e-431e-b4f9-e7e438611c89" CHANGEID="689623144" ISACTIVE="1" LEVELID="10" CREATEDATE="2025-09-29" UPDATEDATE="2025-09-29" /><OBJECT OBJECTID="174909120" OBJECTGUID="17712f07-ee19-4bf5-b46a-88b7328b6d81" CHANGEID="689623145" ISACTIVE="1" LEVELID="9" CREATEDATE="2025-09-29" UPDATEDATE="2025-09-29" /><OBJECT OBJECTID="174909122" OBJECTGUID="875e6433-49ea-42c0-8893-ffed1d037f61" CHANGEID="689623147" ISACTIVE="1" LEVELID="10" CREATEDATE="2025-09-29" UPDATEDATE="2025-09-29" /><OBJECT OBJECTID="174909121" OBJECTGUID="70fb6285-b2a0-4be4-8d8f-8e1830c4e01b" CHANGEID="689623146" ISACTIVE="1" LEVELID="10" CREATEDATE="2025-09-29" UPDATEDATE="2025-09-29" /><OBJECT OBJECTID="174909123" OBJECTGUID="d7b6cdf3-1ee3-4537-b90a-94853076f412" CHANGEID="689623148" ISACTIVE="1" LEVELID="10" CREATEDATE="2025-09-29" UPDATEDATE="2025-09-29" /><OBJECT OBJECTID="174909124" OBJECTGUID="8b6f152f-930d-4973-a78f-b9bf6c358b2e" CHANGEID="689623185" ISACTIVE="1" LEVELID="10" CREATEDATE="2025-09-29" UPDATEDATE="2025-09-29" /><OBJECT OBJECTID="174909125" OBJECTGUID="9aafb95d-001c-4552-9db5-c8c41848d74c" CHANGEID="689623186" ISACTIVE="1" LEVELID="9" CREATEDATE="2025-09-29" UPDATEDATE="2025-09-29" /><OBJECT OBJECTID="174909126" OBJECTGUID="6d3eb28e-65ff-4305-8bd3-3cc4ec701785" CHANGEID="689623187" ISACTIVE="1" LEVELID="10" CREATEDATE="2025-09-29" UPDATEDATE="2025-09-29" /><OBJECT OBJECTID="174909127" OBJECTGUID="dc68b125-7e07-443d-9b3b-e53bcb45dd93" CHANGEID="689623188" ISACTIVE="1" LEVELID="10" CREATEDATE="2025-09-29" UPDATEDATE="2025-09-29" /><OBJECT OBJECTID="174909129" OBJECTGUID="98d3a997-de7d-4191-afd2-6bb74bfde196" CHANGEID="689623190" ISACTIVE="1" LEVELID="10" CREATEDATE="2025-09-29" UPDATEDATE="2025-09-29" /><OBJECT OBJECTID="174909128" OBJECTGUID="33b1de71-39c1-4992-8339-108512285cec" CHANGEID="689623189" ISACTIVE="1" LEVELID="9" CREATEDATE="2025-09-29" UPDATEDATE="2025-09-29" /><OBJECT OBJECTID="174909130" OBJECTGUID="ca97f49a-1625-40bd-b1ca-c6a8ec2ae73a" CHANGEID="689623191" ISACTIVE="1" LEVELID="10" CREATEDATE="2025-09-29" UPDATEDATE="2025-09-29" /><OBJECT OBJECTID="174909162" OBJECTGUID="788ad035-43f6-45b5-959b-87d51ae8e45c" CHANGEID="689623271" ISACTIVE="1" LEVELID="9" CREATEDATE="2025-09-29" UPDATEDATE="2025-09-29" /><OBJECT OBJECTID="174910021" OBJECTGUID="9b738be7-9d67-4378-8329-c1a49cdcfacb" CHANGEID="689624544" ISACTIVE="1" LEVELID="9" CREATEDATE="2025-09-29" UPDATEDATE="2025-09-29" /><OBJECT OBJECTID="174910031" OBJECTGUID="7c44b1ed-fd51-4a1b-9182-caccb06f9471" CHANGEID="689624556" ISACTIVE="1" LEVELID="10" CREATEDATE="2025-09-29" UPDATEDATE="2025-09-29" /><OBJECT OBJECTID="174910109" OBJECTGUID="172dc6a1-48c0-4dad-8daa-63b3b23524e4" CHANGEID="689624635" ISACTIVE="1" LEVELID="10" CREATEDATE="2025-09-29" UPDATEDATE="2025-09-29" /><OBJECT OBJECTID="74698196" OBJECTGUID="61bf0bba-f247-4327-b664-4dfeca4520fb" CHANGEID="689626369" ISACTIVE="1" LEVELID="11" CREATEDATE="2019-07-19" UPDATEDATE="2025-09-29" /><OBJECT OBJECTID="174910857" OBJECTGUID="28024598-01ea-4a3e-a626-2fe9b12d7502" CHANGEID="689626372" ISACTIVE="1" LEVELID="10" CREATEDATE="2025-09-29" UPDATEDATE="2025-09-29" /><OBJECT OBJECTID="174910858" OBJECTGUID="6d66bb5f-6369-4bd4-923e-843e865a92ec" CHANGEID="689626373" ISACTIVE="1" LEVELID="9" CREATEDATE="2025-09-29" UPDATEDATE="2025-09-29" /><OBJECT OBJECTID="174911320" OBJECTGUID="89822bec-af23-41b4-a279-e2ccf6fb5c5c" CHANGEID="689628168" ISACTIVE="1" LEVELID="11" CREATEDATE="2025-09-29" UPDATEDATE="2025-09-29" /><OBJECT OBJECTID="174911321" OBJECTGUID="57a1a43c-141e-4ded-b328-e8a446f7d48e" CHANGEID="689628169" ISACTIVE="1" LEVELID="11" CREATEDATE="2025-09-29" UPDATEDATE="2025-09-29" /><OBJECT OBJECTID="174911322" OBJECTGUID="bab36bf2-e2dd-47f2-9bf1-3aec945d2841" CHANGEID="689628170" ISACTIVE="1" LEVELID="11" CREATEDATE="2025-09-29" UPDATEDATE="2025-09-29" /><OBJECT OBJECTID="174911323" OBJECTGUID="525f4a0c-3593-4052-9b76-5bad5cc76eec" CHANGEID="689628171" ISACTIVE="1" LEVELID="11" CREATEDATE="2025-09-29" UPDATEDATE="2025-09-29" /><OBJECT OBJECTID="174911324" OBJECTGUID="47e1d04e-d237-4882-8c81-a7ec334e11d5" CHANGEID="689628172" ISACTIVE="1" LEVELID="11" CREATEDATE="2025-09-29" UPDATEDATE="2025-09-29" /><OBJECT OBJECTID="174911325" OBJECTGUID="c95bd06b-7168-42ea-987a-fbc439273af5" CHANGEID="689628173" ISACTIVE="1" LEVELID="11" CREATEDATE="2025-09-29" UPDATEDATE="2025-09-29" /><OBJECT OBJECTID="174911326" OBJECTGUID="1e721c5a-50ba-4a6a-9adb-8d4bc12242da" CHANGEID="689628174" ISACTIVE="1" LEVELID="11" CREATEDATE="2025-09-29" UPDATEDATE="2025-09-29" /><OBJECT OBJECTID="174911327" OBJECTGUID="687d0293-fbe1-4b4f-a9ba-a7e01cc11edf" CHANGEID="689628175" ISACTIVE="1" LEVELID="11" CREATEDATE="2025-09-29" UPDATEDATE="2025-09-29" /><OBJECT OBJECTID="174911347" OBJECTGUID="744cfe01-7cb3-4f9a-89d7-773978b45788" CHANGEID="689628292" ISACTIVE="1" LEVELID="10" CREATEDATE="2025-09-29" UPDATEDATE="2025-09-29" /><OBJECT OBJECTID="174911350" OBJECTGUID="f89c1d7b-439d-42b6-b714-8f92cd8ea866" CHANGEID="689628312" ISACTIVE="1" LEVELID="10" CREATEDATE="2025-09-29" UPDATEDATE="2025-09-29" /><OBJECT OBJECTID="174911349" OBJECTGUID="83bc7e0a-8a4e-4f12-ae25-ced557e7433c" CHANGEID="689628311" ISACTIVE="1" LEVELID="9" CREATEDATE="2025-09-29" UPDATEDATE="2025-09-29" /><OBJECT OBJECTID="174911352" OBJECTGUID="e55b0bb2-fd33-4e48-8896-146eeea15ac4" CHANGEID="689628317" ISACTIVE="1" LEVELID="9" CREATEDATE="2025-09-29" UPDATEDATE="2025-09-29" /><OBJECT OBJECTID="174911373" OBJECTGUID="bd79cf0a-290e-4637-b74f-8aee21217232" CHANGEID="689628339" ISACTIVE="1" LEVELID="10" CREATEDATE="2025-09-29" UPDATEDATE="2025-09-29" /><OBJECT OBJECTID="174911403" OBJECTGUID="71eabae8-040c-4efc-a5b3-8ac2e45f56e9" CHANGEID="689628373" ISACTIVE="1" LEVELID="9" CREATEDATE="2025-09-29" UPDATEDATE="2025-09-29" /><OBJECT OBJECTID="174911433" OBJECTGUID="baa80524-63b1-478b-9939-6d880af143ab" CHANGEID="689628406" ISACTIVE="1" LEVELID="10" CREATEDATE="2025-09-29" UPDATEDATE="2025-09-29" /><OBJECT OBJECTID="174911432" OBJECTGUID="97c0c741-7714-4aab-b115-53c3dd22cb16" CHANGEID="689628405" ISACTIVE="1" LEVELID="9" CREATEDATE="2025-09-29" UPDATEDATE="2025-09-29" /><OBJECT OBJECTID="174911442" OBJECTGUID="66e3ef77-d1d3-4df8-8c79-c81caa3d8dbf" CHANGEID="689628418" ISACTIVE="1" LEVELID="9" CREATEDATE="2025-09-29" UPDATEDATE="2025-09-29" /><OBJECT OBJECTID="172762114" OBJECTGUID="05170335-a275-4ab2-a14f-f24b73cec1ff" CHANGEID="689637065" ISACTIVE="1" LEVELID="9" CREATEDATE="2025-06-09" UPDATEDATE="2025-09-29" /><OBJECT OBJECTID="174911930" OBJECTGUID="a373ddc1-7a9e-44a2-bc7c-22322090529c" CHANGEID="689629377" ISACTIVE="1" LEVELID="9" CREATEDATE="2025-09-29" UPDATEDATE="2025-09-29" /><OBJECT OBJECTID="174911933" OBJECTGUID="7f3700f4-526d-4add-b1b0-20323f25db59" CHANGEID="689629383" ISACTIVE="1" LEVELID="11" CREATEDATE="2025-09-29" UPDATEDATE="2025-09-29" /><OBJECT OBJECTID="174911935" OBJECTGUID="55992a03-3f64-4f56-becf-a084959ebb3c" CHANGEID="689629385" ISACTIVE="1" LEVELID="10" CREATEDATE="2025-09-29" UPDATEDATE="2025-09-29" /><OBJECT OBJECTID="174911954" OBJECTGUID="5053932b-805e-4ee8-b6b3-5320e921887d" CHANGEID="689629413" ISACTIVE="1" LEVELID="9" CREATEDATE="2025-09-29" UPDATEDATE="2025-09-29" /><OBJECT OBJECTID="174912382" OBJECTGUID="06c83bca-a8f9-4d1c-bbf1-ac1eca53f032" CHANGEID="689630493" ISACTIVE="1" LEVELID="9" CREATEDATE="2025-09-29" UPDATEDATE="2025-09-29" /><OBJECT OBJECTID="174912388" OBJECTGUID="52f6d0a6-4b47-43cb-83d0-18ae5e400b1f" CHANGEID="689630503" ISACTIVE="1" LEVELID="9" CREATEDATE="2025-09-29" UPDATEDATE="2025-09-29" /><OBJECT OBJECTID="174912406" OBJECTGUID="54e2ecef-885b-4a55-8a4a-faaa3d0892b8" CHANGEID="689630572" ISACTIVE="1" LEVELID="9" CREATEDATE="2025-09-29" UPDATEDATE="2025-09-29" /><OBJECT OBJECTID="174912415" OBJECTGUID="bea7fb94-debf-461e-af77-b8765005586f" CHANGEID="689630583" ISACTIVE="1" LEVELID="10" CREATEDATE="2025-09-29" UPDATEDATE="2025-09-29" /><OBJECT OBJECTID="174912417" OBJECTGUID="d9983033-7b19-4046-b4ed-b7f2ba0a83d0" CHANGEID="689630585" ISACTIVE="1" LEVELID="9" CREATEDATE="2025-09-29" UPDATEDATE="2025-09-29" /><OBJECT OBJECTID="174912436" OBJECTGUID="32c26af6-c981-453d-887d-3c9cb982bbab" CHANGEID="689630608" ISACTIVE="1" LEVELID="9" CREATEDATE="2025-09-29" UPDATEDATE="2025-09-29" /><OBJECT OBJECTID="59412479" OBJECTGUID="e49a6833-eca0-4b73-9a05-108963cc0e59" CHANGEID="689637268" ISACTIVE="1" LEVELID="10" CREATEDATE="2018-12-12" UPDATEDATE="2025-09-29" /><OBJECT OBJECTID="174915356" OBJECTGUID="d0dc007c-ab51-4182-9378-8de8a742bb6e" CHANGEID="689637334" ISACTIVE="1" LEVELID="9" CREATEDATE="2025-09-29" UPDATEDATE="2025-09-29" /><OBJECT OBJECTID="174915510" OBJECTGUID="32203cd2-f882-4407-a446-13f042e4fd01" CHANGEID="689637520" ISACTIVE="1" LEVELID="9" CREATEDATE="2025-09-29" UPDATEDATE="2025-09-29" /><OBJECT OBJECTID="174915577" OBJECTGUID="acef2c77-19eb-495d-9cd2-d757249bd189" CHANGEID="689637632" ISACTIVE="1" LEVELID="10" CREATEDATE="2025-09-29" UPDATEDATE="2025-09-29" /><OBJECT OBJECTID="174917259" OBJECTGUID="2e3fa39c-b47c-4a4a-bd1d-1e12f54d5752" CHANGEID="689640589" ISACTIVE="1" LEVELID="9" CREATEDATE="2025-09-29" UPDATEDATE="2025-09-29" /><OBJECT OBJECTID="174920107" OBJECTGUID="5e480289-4b13-4c0c-8509-a277ffaab16d" CHANGEID="689646294" ISACTIVE="1" LEVELID="9" CREATEDATE="2025-09-29" UPDATEDATE="2025-09-29" /><OBJECT OBJECTID="174920155" OBJECTGUID="08904ce8-643d-44d5-8f2f-4c71843a9e9a" CHANGEID="689646375" ISACTIVE="1" LEVELID="10" CREATEDATE="2025-09-29" UPDATEDATE="2025-09-29" /><OBJECT OBJECTID="93620596" OBJECTGUID="e4db61b3-38aa-450e-9965-1fae404db4de" CHANGEID="689646892" ISACTIVE="1" LEVELID="9" CREATEDATE="2019-09-30" UPDATEDATE="2025-09-29" /><OBJECT OBJECTID="55681223" OBJECTGUID="315aae0c-b4a2-4c2c-ae6e-6ab2aa0ef635" CHANGEID="689646903" ISACTIVE="1" LEVELID="10" CREATEDATE="2018-08-23" UPDATEDATE="2025-09-29" /><OBJECT OBJECTID="55683235" OBJECTGUID="20ef5e09-c6dd-4124-8d8e-bff8af7bec7a" CHANGEID="689646907" ISACTIVE="1" LEVELID="10" CREATEDATE="2018-08-23" UPDATEDATE="2025-09-29" /><OBJECT OBJECTID="86902030" OBJECTGUID="f5fe9ddb-8f9f-499a-aeb4-3df8d061fdfe" CHANGEID="689646913" ISACTIVE="1" LEVELID="9" CREATEDATE="2018-08-17" UPDATEDATE="2025-09-29" /><OBJECT OBJECTID="46876739" OBJECTGUID="a3af5de7-a023-4a3f-a4a4-392227c7eabd" CHANGEID="689646926" ISACTIVE="1" LEVELID="10" CREATEDATE="2018-08-23" UPDATEDATE="2025-09-29" /><OBJECT OBJECTID="171719698" OBJECTGUID="473c6995-6d68-4cdf-bcaa-023379dcfe09" CHANGEID="689646936" ISACTIVE="1" LEVELID="9" CREATEDATE="2025-04-16" UPDATEDATE="2025-09-29" /><OBJECT OBJECTID="171720290" OBJECTGUID="06c270b7-1797-4003-b3d7-9a3ec0557edc" CHANGEID="689646937" ISACTIVE="1" LEVELID="10" CREATEDATE="2025-04-16" UPDATEDATE="2025-09-29" /><OBJECT OBJECTID="105016165" OBJECTGUID="fc56d6f2-e93c-422f-94ef-202190f3fb3c" CHANGEID="689646948" ISACTIVE="1" LEVELID="10" CREATEDATE="2022-07-18" UPDATEDATE="2025-09-29" /><OBJECT OBJECTID="171526967" OBJECTGUID="924bef8e-cabc-40af-a69b-57254042e7e6" CHANGEID="689646959" ISACTIVE="1" LEVELID="10" CREATEDATE="2025-04-08" UPDATEDATE="2025-09-29" /><OBJECT OBJECTID="174922158" OBJECTGUID="6ec6ae29-fd7a-4c49-8820-8e4dfb416b79" CHANGEID="689649690" ISACTIVE="1" LEVELID="9" CREATEDATE="2025-09-29" UPDATEDATE="2025-09-29" /><OBJECT OBJECTID="174922250" OBJECTGUID="b8da62b8-6825-47c8-836f-5d6d97f02a59" CHANGEID="689649796" ISACTIVE="1" LEVELID="10" CREATEDATE="2025-09-29" UPDATEDATE="2025-09-29" /><OBJECT OBJECTID="73204111" OBJECTGUID="faf06310-4ba8-49be-8424-a12d7f30f430" CHANGEID="689655966" ISACTIVE="1" LEVELID="10" CREATEDATE="2019-11-08" UPDATEDATE="2025-09-29" /><OBJECT OBJECTID="2428848" OBJECTGUID="b9c1aede-2872-4fce-927b-905dc4ef54dd" CHANGEID="689707004" ISACTIVE="1" LEVELID="10" CREATEDATE="2019-07-14" UPDATEDATE="2025-09-30" /><OBJECT OBJECTID="174945792" OBJECTGUID="57edd02e-ff6f-4132-b9cf-0eec80d94e64" CHANGEID="689702423" ISACTIVE="1" LEVELID="10" CREATEDATE="2025-09-30" UPDATEDATE="2025-09-30" /><OBJECT OBJECTID="174945995" OBJECTGUID="7dff623a-138d-4c3e-aa67-bb2f9e0980b2" CHANGEID="689702909" ISACTIVE="1" LEVELID="9" CREATEDATE="2025-09-30" UPDATEDATE="2025-09-30" /><OBJECT OBJECTID="72943910" OBJECTGUID="9e6fa98f-b22a-495b-acde-e0b75e96a500" CHANGEID="689704483" ISACTIVE="1" LEVELID="10" CREATEDATE="2019-07-14" UPDATEDATE="2025-09-30" /><OBJECT OBJECTID="55683683" OBJECTGUID="11609375-6c91-421e-83ae-5fbe9a644b89" CHANGEID="689704498" ISACTIVE="1" LEVELID="10" CREATEDATE="2017-06-14" UPDATEDATE="2025-09-30" /><OBJECT OBJECTID="34240819" OBJECTGUID="4ac3387c-5595-4804-bfdb-5319e6191f98" CHANGEID="689706998" ISACTIVE="1" LEVELID="10" CREATEDATE="2017-06-14" UPDATEDATE="2025-09-30" /><OBJECT OBJECTID="47018681" OBJECTGUID="f13cca8a-86da-4f41-879a-752a8f7c6f43" CHANGEID="689707213" ISACTIVE="0" LEVELID="10" CREATEDATE="2017-06-14" UPDATEDATE="2025-09-30" /><OBJECT OBJECTID="47023052" OBJECTGUID="7b93df18-2ebe-423d-bee2-b3b6ebe2d1e9" CHANGEID="689707214" ISACTIVE="0" LEVELID="10" CREATEDATE="2017-06-14" UPDATEDATE="2025-09-30" /><OBJECT OBJECTID="83885715" OBJECTGUID="0ad26bfe-1a09-4d8d-a2b4-26685e5140d9" CHANGEID="689707529" ISACTIVE="0" LEVELID="10" CREATEDATE="2019-07-14" UPDATEDATE="2025-09-30" /><OBJECT OBJECTID="174950013" OBJECTGUID="39783862-d44f-4134-829f-04672e6c29f5" CHANGEID="689710171" ISACTIVE="1" LEVELID="10" CREATEDATE="2025-09-30" UPDATEDATE="2025-09-30" /><OBJECT OBJECTID="174950014" OBJECTGUID="b527588d-5279-491c-8f6b-04d19dfc1ad4" CHANGEID="689710174" ISACTIVE="1" LEVELID="9" CREATEDATE="2025-09-30" UPDATEDATE="2025-09-30" /><OBJECT OBJECTID="174957833" OBJECTGUID="d42e3802-e721-478c-ade2-e90131dea450" CHANGEID="689729592" ISACTIVE="1" LEVELID="10" CREATEDATE="2025-09-30" UPDATEDATE="2025-09-30" /><OBJECT OBJECTID="174959319" OBJECTGUID="fd4678a6-0f64-4923-83a4-7f7ecb82cce0" CHANGEID="689733880" ISACTIVE="1" LEVELID="10" CREATEDATE="2025-09-30" UPDATEDATE="2025-09-30" /><OBJECT OBJECTID="174959320" OBJECTGUID="c9826f0d-dd72-4091-8abf-12b01d231295" CHANGEID="689733881" ISACTIVE="1" LEVELID="11" CREATEDATE="2025-09-30" UPDATEDATE="2025-09-30" /><OBJECT OBJECTID="174956291" OBJECTGUID="149faa73-f30b-4f69-90f6-331c3d955c2d" CHANGEID="689725321" ISACTIVE="1" LEVELID="10" CREATEDATE="2025-09-30" UPDATEDATE="2025-09-30" /><OBJECT OBJECTID="174956289" OBJECTGUID="46bf5610-ef2f-4742-945f-c7baed291123" CHANGEID="689725316" ISACTIVE="1" LEVELID="9" CREATEDATE="2025-09-30" UPDATEDATE="2025-09-30" /><OBJECT OBJECTID="174956304" OBJECTGUID="e98a5bd9-b432-4de5-bfb8-4b2b42965399" CHANGEID="689725362" ISACTIVE="1" LEVELID="9" CREATEDATE="2025-09-30" UPDATEDATE="2025-09-30" /><OBJECT OBJECTID="174956361" OBJECTGUID="d528c783-7905-474e-9d58-e337de5a45ed" CHANGEID="689725536" ISACTIVE="1" LEVELID="10" CREATEDATE="2025-09-30" UPDATEDATE="2025-09-30" /><OBJECT OBJECTID="174956374" OBJECTGUID="a7fb8d48-c1d6-4d78-b4fa-3a7990fb48cb" CHANGEID="689725561" ISACTIVE="1" LEVELID="9" CREATEDATE="2025-09-30" UPDATEDATE="2025-09-30" /><OBJECT OBJECTID="174956363" OBJECTGUID="ce2e7e83-be78-4a34-9c46-8195dadb75ef" CHANGEID="689725543" ISACTIVE="1" LEVELID="10" CREATEDATE="2025-09-30" UPDATEDATE="2025-09-30" /><OBJECT OBJECTID="174956375" OBJECTGUID="dbf538b6-117a-46eb-9e8f-8d3758aa7abe" CHANGEID="689725565" ISACTIVE="1" LEVELID="10" CREATEDATE="2025-09-30" UPDATEDATE="2025-09-30" /><OBJECT OBJECTID="174962422" OBJECTGUID="546040b4-f51e-4de9-b2de-a1192660fa98" CHANGEID="689740832" ISACTIVE="1" LEVELID="9" CREATEDATE="2025-09-30" UPDATEDATE="2025-09-30" /><OBJECT OBJECTID="174962455" OBJECTGUID="95b8e8e9-e0a2-400e-84d0-51bdedacaa68" CHANGEID="689740882" ISACTIVE="1" LEVELID="9" CREATEDATE="2025-09-30" UPDATEDATE="2025-09-30" /><OBJECT OBJECTID="174963403" OBJECTGUID="8f375362-f1ab-49b8-84a6-ac6a24ed768a" CHANGEID="689742440" ISACTIVE="1" LEVELID="9" CREATEDATE="2025-09-30" UPDATEDATE="2025-09-30" /><OBJECT OBJECTID="174963741" OBJECTGUID="8b3af87a-732f-4e4a-b5a6-08d2e7dd3f50" CHANGEID="689742935" ISACTIVE="1" LEVELID="9" CREATEDATE="2025-09-30" UPDATEDATE="2025-09-30" /><OBJECT OBJECTID="174963839" OBJECTGUID="69b9045e-b960-497e-9519-24c96fd0abd4" CHANGEID="689743097" ISACTIVE="1" LEVELID="9" CREATEDATE="2025-09-30" UPDATEDATE="2025-09-30" /><OBJECT OBJECTID="174970928" OBJECTGUID="672a1699-2d1a-4668-9322-2b7d9880d23e" CHANGEID="689777628" ISACTIVE="1" LEVELID="9" CREATEDATE="2025-10-01" UPDATEDATE="2025-10-01" /><OBJECT OBJECTID="174970929" OBJECTGUID="2786fa40-50f7-4c73-ac80-be3407ade172" CHANGEID="689777630" ISACTIVE="1" LEVELID="10" CREATEDATE="2025-10-01" UPDATEDATE="2025-10-01" /><OBJECT OBJECTID="173468723" OBJECTGUID="e0118e1d-23cd-4eb5-b85a-b274a6e6acf8" CHANGEID="689777629" ISACTIVE="1" LEVELID="9" CREATEDATE="2025-07-18" UPDATEDATE="2025-10-01" /><OBJECT OBJECTID="174970935" OBJECTGUID="1638ca2c-6d46-4513-9d8a-c61e0069a104" CHANGEID="689777677" ISACTIVE="1" LEVELID="9" CREATEDATE="2025-10-01" UPDATEDATE="2025-10-01" /><OBJECT OBJECTID="174970936" OBJECTGUID="0067dc21-b4f6-4bd8-af6e-745b4974d8c5" CHANGEID="689777678" ISACTIVE="1" LEVELID="9" CREATEDATE="2025-10-01" UPDATEDATE="2025-10-01" /><OBJECT OBJECTID="174970937" OBJECTGUID="5b214d20-5a87-4d1a-bebb-a8289a01e933" CHANGEID="689777679" ISACTIVE="1" LEVELID="10" CREATEDATE="2025-10-01" UPDATEDATE="2025-10-01" /><OBJECT OBJECTID="174970938" OBJECTGUID="879f30e5-c3b2-4e16-8f4e-07e45704ef90" CHANGEID="689777680" ISACTIVE="1" LEVELID="11" CREATEDATE="2025-10-01" UPDATEDATE="2025-10-01" /><OBJECT OBJECTID="174970941" OBJECTGUID="f903ca51-3c3b-47fe-a5a0-92c7b403c714" CHANGEID="689777683" ISACTIVE="1" LEVELID="11" CREATEDATE="2025-10-01" UPDATEDATE="2025-10-01" /><OBJECT OBJECTID="174970939" OBJECTGUID="7c4346b6-c9a0-46a6-ae2d-1a16af697981" CHANGEID="689777681" ISACTIVE="1" LEVELID="11" CREATEDATE="2025-10-01" UPDATEDATE="2025-10-01" /><OBJECT OBJECTID="174970940" OBJECTGUID="8ddf4d74-75c2-4c00-87dc-783fb5674523" CHANGEID="689777682" ISACTIVE="1" LEVELID="11" CREATEDATE="2025-10-01" UPDATEDATE="2025-10-01" /><OBJECT OBJECTID="174970942" OBJECTGUID="8c69dc36-7379-441e-ab92-8bf00de79bba" CHANGEID="689777684" ISACTIVE="1" LEVELID="11" CREATEDATE="2025-10-01" UPDATEDATE="2025-10-01" /><OBJECT OBJECTID="174970943" OBJECTGUID="7c194619-199c-4064-96d6-6d678749f3b2" CHANGEID="689777685" ISACTIVE="1" LEVELID="11" CREATEDATE="2025-10-01" UPDATEDATE="2025-10-01" /><OBJECT OBJECTID="174970944" OBJECTGUID="e5278b8a-f252-4156-9639-d595a0bac7aa" CHANGEID="689777686" ISACTIVE="1" LEVELID="11" CREATEDATE="2025-10-01" UPDATEDATE="2025-10-01" /><OBJECT OBJECTID="174970945" OBJECTGUID="849faf4c-a927-4a74-9ccd-dfa6ef9270ee" CHANGEID="689777687" ISACTIVE="1" LEVELID="11" CREATEDATE="2025-10-01" UPDATEDATE="2025-10-01" /><OBJECT OBJECTID="174970946" OBJECTGUID="1ed483c2-f928-4213-bddc-4f06dfceb873" CHANGEID="689777688" ISACTIVE="1" LEVELID="11" CREATEDATE="2025-10-01" UPDATEDATE="2025-10-01" /><OBJECT OBJECTID="174970950" OBJECTGUID="90c564a2-99bd-4840-aebe-b495569018d0" CHANGEID="689777693" ISACTIVE="1" LEVELID="9" CREATEDATE="2025-10-01" UPDATEDATE="2025-10-01" /><OBJECT OBJECTID="174970953" OBJECTGUID="3aabe35e-ed5a-4d53-8472-5c3a3cf152aa" CHANGEID="689777696" ISACTIVE="1" LEVELID="9" CREATEDATE="2025-10-01" UPDATEDATE="2025-10-01" /><OBJECT OBJECTID="174970947" OBJECTGUID="69a27c61-6823-4dc6-88d2-5b146b1e6b1d" CHANGEID="689777689" ISACTIVE="1" LEVELID="9" CREATEDATE="2025-10-01" UPDATEDATE="2025-10-01" /><OBJECT OBJECTID="174970948" OBJECTGUID="0ee80daa-8069-4c1f-b08d-6d7ef062b1e7" CHANGEID="689777691" ISACTIVE="1" LEVELID="11" CREATEDATE="2025-10-01" UPDATEDATE="2025-10-01" /><OBJECT OBJECTID="174970949" OBJECTGUID="2b6403a3-4e2c-4490-aabe-15fc5982673f" CHANGEID="689777692" ISACTIVE="1" LEVELID="11" CREATEDATE="2025-10-01" UPDATEDATE="2025-10-01" /><OBJECT OBJECTID="174970951" OBJECTGUID="187c40ba-891a-4777-b18c-78f7334a5490" CHANGEID="689777694" ISACTIVE="1" LEVELID="11" CREATEDATE="2025-10-01" UPDATEDATE="2025-10-01" /><OBJECT OBJECTID="174970952" OBJECTGUID="0a573b2f-4a48-47bc-b29b-7797333dec44" CHANGEID="689777695" ISACTIVE="1" LEVELID="11" CREATEDATE="2025-10-01" UPDATEDATE="2025-10-01" /><OBJECT OBJECTID="174970954" OBJECTGUID="40afcdeb-f5ff-448f-8eed-fd73fe5d1ba6" CHANGEID="689777697" ISACTIVE="1" LEVELID="9" CREATEDATE="2025-10-01" UPDATEDATE="2025-10-01" /><OBJECT OBJECTID="174970955" OBJECTGUID="be147836-d243-482c-991f-e7e47c7e6345" CHANGEID="689777698" ISACTIVE="1" LEVELID="11" CREATEDATE="2025-10-01" UPDATEDATE="2025-10-01" /><OBJECT OBJECTID="174970956" OBJECTGUID="5d9b72e5-7282-4443-9361-6ed86493c9c3" CHANGEID="689777699" ISACTIVE="1" LEVELID="9" CREATEDATE="2025-10-01" UPDATEDATE="2025-10-01" /><OBJECT OBJECTID="174970957" OBJECTGUID="e2ef3997-d779-4c24-b06b-66dcf14172ea" CHANGEID="689777700" ISACTIVE="1" LEVELID="11" CREATEDATE="2025-10-01" UPDATEDATE="2025-10-01" /><OBJECT OBJECTID="174970958" OBJECTGUID="ee660e0d-4017-4646-9f13-813dd2bb4479" CHANGEID="689777701" ISACTIVE="1" LEVELID="11" CREATEDATE="2025-10-01" UPDATEDATE="2025-10-01" /><OBJECT OBJECTID="174970959" OBJECTGUID="6e3266a8-994e-4b0b-b42e-ff7fc7e9d37e" CHANGEID="689777703" ISACTIVE="1" LEVELID="9" CREATEDATE="2025-10-01" UPDATEDATE="2025-10-01" /><OBJECT OBJECTID="174971082" OBJECTGUID="c9a6c073-5ee3-4c59-a528-ec4b85e16e25" CHANGEID="689778079" ISACTIVE="1" LEVELID="10" CREATEDATE="2025-10-01" UPDATEDATE="2025-10-01" /><OBJECT OBJECTID="174971345" OBJECTGUID="e2434975-87e1-4aba-85ec-3ffe0cf0348c" CHANGEID="689778559" ISACTIVE="1" LEVELID="9" CREATEDATE="2025-10-01" UPDATEDATE="2025-10-01" /><OBJECT OBJECTID="174971354" OBJECTGUID="22b421ff-4f4f-4e4c-8111-02a0c0f6bd77" CHANGEID="689778570" ISACTIVE="1" LEVELID="10" CREATEDATE="2025-10-01" UPDATEDATE="2025-10-01" /><OBJECT OBJECTID="174971357" OBJECTGUID="d156b4e1-764f-481a-8d9e-5eb069d229f1" CHANGEID="689778574" ISACTIVE="1" LEVELID="9" CREATEDATE="2025-10-01" UPDATEDATE="2025-10-01" /><OBJECT OBJECTID="174971472" OBJECTGUID="c4e6dbfe-c56c-4164-850e-e8855a280dbf" CHANGEID="689778975" ISACTIVE="1" LEVELID="10" CREATEDATE="2025-10-01" UPDATEDATE="2025-10-01" /><OBJECT OBJECTID="174971474" OBJECTGUID="28cf865c-c394-4b96-ad09-58de5f1905a6" CHANGEID="689778977" ISACTIVE="1" LEVELID="10" CREATEDATE="2025-10-01" UPDATEDATE="2025-10-01" /><OBJECT OBJECTID="174971740" OBJECTGUID="53eaba05-cad1-49fe-8375-578195eab552" CHANGEID="689779592" ISACTIVE="1" LEVELID="10" CREATEDATE="2025-10-01" UPDATEDATE="2025-10-01" /><OBJECT OBJECTID="174971741" OBJECTGUID="aa742228-44ec-4607-87af-eea95e031830" CHANGEID="689779593" ISACTIVE="1" LEVELID="10" CREATEDATE="2025-10-01" UPDATEDATE="2025-10-01" /><OBJECT OBJECTID="174971751" OBJECTGUID="d5146dc8-c10f-49f9-b4ea-49154c7941cb" CHANGEID="689779603" ISACTIVE="1" LEVELID="10" CREATEDATE="2025-10-01" UPDATEDATE="2025-10-01" /><OBJECT OBJECTID="174971758" OBJECTGUID="3b673dff-9749-46fb-bf82-dc971bcc41fc" CHANGEID="689779612" ISACTIVE="1" LEVELID="10" CREATEDATE="2025-10-01" UPDATEDATE="2025-10-01" /><OBJECT OBJECTID="174971756" OBJECTGUID="de9edd69-a01c-428a-8859-7e1df91de3d8" CHANGEID="689779609" ISACTIVE="1" LEVELID="10" CREATEDATE="2025-10-01" UPDATEDATE="2025-10-01" /><OBJECT OBJECTID="174971757" OBJECTGUID="7391b3f6-7be8-4460-a576-16fa368c9249" CHANGEID="689779611" ISACTIVE="1" LEVELID="10" CREATEDATE="2025-10-01" UPDATEDATE="2025-10-01" /><OBJECT OBJECTID="174971763" OBJECTGUID="d6130376-0049-47c5-8bf6-044965e63d06" CHANGEID="689779617" ISACTIVE="1" LEVELID="10" CREATEDATE="2025-10-01" UPDATEDATE="2025-10-01" /><OBJECT OBJECTID="174971765" OBJECTGUID="4c393bbe-5c63-4a3a-9e00-eac3f932530e" CHANGEID="689779619" ISACTIVE="1" LEVELID="10" CREATEDATE="2025-10-01" UPDATEDATE="2025-10-01" /><OBJECT OBJECTID="174971767" OBJECTGUID="5012f9a3-5f63-4124-aa45-14531496731b" CHANGEID="689779635" ISACTIVE="1" LEVELID="10" CREATEDATE="2025-10-01" UPDATEDATE="2025-10-01" /><OBJECT OBJECTID="174971782" OBJECTGUID="d2dc36ef-90e9-4f4d-8a95-bb11fdcfec3e" CHANGEID="689779650" ISACTIVE="1" LEVELID="10" CREATEDATE="2025-10-01" UPDATEDATE="2025-10-01" /><OBJECT OBJECTID="174971785" OBJECTGUID="32ff6289-c616-4c96-a631-23bf9aea814a" CHANGEID="689779653" ISACTIVE="1" LEVELID="9" CREATEDATE="2025-10-01" UPDATEDATE="2025-10-01" /><OBJECT OBJECTID="174971786" OBJECTGUID="111edd54-4177-45c6-9b35-69c4cca5f153" CHANGEID="689779654" ISACTIVE="1" LEVELID="9" CREATEDATE="2025-10-01" UPDATEDATE="2025-10-01" /><OBJECT OBJECTID="174972010" OBJECTGUID="38ea5603-40fb-4655-a9bc-1821e9b2f058" CHANGEID="689780119" ISACTIVE="1" LEVELID="9" CREATEDATE="2025-10-01" UPDATEDATE="2025-10-01" /><OBJECT OBJECTID="174972011" OBJECTGUID="5e4040d4-b0c4-4083-a9ec-b0b88d57ea16" CHANGEID="689780121" ISACTIVE="1" LEVELID="10" CREATEDATE="2025-10-01" UPDATEDATE="2025-10-01" /><OBJECT OBJECTID="174972050" OBJECTGUID="e18440ac-a9c8-4014-85d2-da7468a7e1c0" CHANGEID="689780207" ISACTIVE="1" LEVELID="11" CREATEDATE="2025-10-01" UPDATEDATE="2025-10-01" /><OBJECT OBJECTID="174972052" OBJECTGUID="23f61f17-ec1c-411d-8219-71b26e4c0995" CHANGEID="689780211" ISACTIVE="1" LEVELID="11" CREATEDATE="2025-10-01" UPDATEDATE="2025-10-01" /><OBJECT OBJECTID="78421107" OBJECTGUID="57f33d5e-f491-4695-b5b9-ad3764085dcc" CHANGEID="689780227" ISACTIVE="1" LEVELID="10" CREATEDATE="2017-12-18" UPDATEDATE="2025-10-01" /><OBJECT OBJECTID="174972123" OBJECTGUID="d9db7d6c-2997-4a0f-8329-c2cb76a62d4d" CHANGEID="689780696" ISACTIVE="1" LEVELID="9" CREATEDATE="2025-10-01" UPDATEDATE="2025-10-01" /><OBJECT OBJECTID="3410017" OBJECTGUID="6bd92df2-8b77-4af4-89a3-6fad104a1b0a" CHANGEID="689780710" ISACTIVE="1" LEVELID="10" CREATEDATE="2017-06-26" UPDATEDATE="2025-10-01" /><OBJECT OBJECTID="3427195" OBJECTGUID="aece6239-431f-4216-a383-5a9db3c97167" CHANGEID="689780723" ISACTIVE="1" LEVELID="11" CREATEDATE="2019-07-19" UPDATEDATE="2025-10-01" /><OBJECT OBJECTID="78385689" OBJECTGUID="a875362b-6d30-43f4-ae50-46dd5c9632e5" CHANGEID="689780728" ISACTIVE="1" LEVELID="11" CREATEDATE="2017-03-20" UPDATEDATE="2025-10-01" /><OBJECT OBJECTID="78385698" OBJECTGUID="d2f28dfc-c6ed-4438-8a62-3f144628daee" CHANGEID="689780780" ISACTIVE="1" LEVELID="11" CREATEDATE="2017-03-20" UPDATEDATE="2025-10-01" /><OBJECT OBJECTID="78385848" OBJECTGUID="f0b8419e-42ec-496a-98a4-895be57b37cc" CHANGEID="689780791" ISACTIVE="1" LEVELID="11" CREATEDATE="2017-03-20" UPDATEDATE="2025-10-01" /><OBJECT OBJECTID="174972190" OBJECTGUID="7428c569-8383-4ca2-ac72-a12c49e627b2" CHANGEID="689780817" ISACTIVE="1" LEVELID="10" CREATEDATE="2025-10-01" UPDATEDATE="2025-10-01" /><OBJECT OBJECTID="174972234" OBJECTGUID="29acbe63-38fb-4e53-88ea-92e7ae8c189b" CHANGEID="689780863" ISACTIVE="1" LEVELID="10" CREATEDATE="2025-10-01" UPDATEDATE="2025-10-01" /><OBJECT OBJECTID="174972468" OBJECTGUID="dd92d94a-78fa-4b73-90ae-4c159b9bf651" CHANGEID="689781535" ISACTIVE="1" LEVELID="9" CREATEDATE="2025-10-01" UPDATEDATE="2025-10-01" /><OBJECT OBJECTID="78530548" OBJECTGUID="b3e5d8f3-d75c-4c83-882b-73096ba78302" CHANGEID="689781552" ISACTIVE="1" LEVELID="11" CREATEDATE="2017-03-20" UPDATEDATE="2025-10-01" /><OBJECT OBJECTID="174972491" OBJECTGUID="ba716f09-9095-4481-9757-355c0485d9dd" CHANGEID="689781561" ISACTIVE="1" LEVELID="10" CREATEDATE="2025-10-01" UPDATEDATE="2025-10-01" /><OBJECT OBJECTID="174972654" OBJECTGUID="d6de61ad-0641-44a4-9f36-bee5dd8e1b12" CHANGEID="689781748" ISACTIVE="1" LEVELID="10" CREATEDATE="2025-10-01" UPDATEDATE="2025-10-01" /><OBJECT OBJECTID="174976229" OBJECTGUID="64df6819-d801-4c91-a601-0fc9c7685302" CHANGEID="689789323" ISACTIVE="1" LEVELID="7" CREATEDATE="2025-10-01" UPDATEDATE="2025-10-01" /><OBJECT OBJECTID="174976307" OBJECTGUID="1b98ccdf-fbdb-4f69-a0fa-8795e71517db" CHANGEID="689789665" ISACTIVE="1" LEVELID="9" CREATEDATE="2025-10-01" UPDATEDATE="2025-10-01" /><OBJECT OBJECTID="174976306" OBJECTGUID="886659e3-4ede-46e4-ad16-3979d4582575" CHANGEID="689789664" ISACTIVE="1" LEVELID="9" CREATEDATE="2025-10-01" UPDATEDATE="2025-10-01" /><OBJECT OBJECTID="78530521" OBJECTGUID="a4d4475a-428a-4da5-a7cb-c17caa7201c8" CHANGEID="689790148" ISACTIVE="1" LEVELID="11" CREATEDATE="2017-03-20" UPDATEDATE="2025-10-01" /><OBJECT OBJECTID="174976544" OBJECTGUID="6b0f3001-014f-4f4d-b164-ae8af66d8c7c" CHANGEID="689790180" ISACTIVE="1" LEVELID="9" CREATEDATE="2025-10-01" UPDATEDATE="2025-10-01" /><OBJECT OBJECTID="174976547" OBJECTGUID="b89b4c61-59ab-41dc-9ca8-33f49f0d1d84" CHANGEID="689790188" ISACTIVE="1" LEVELID="9" CREATEDATE="2025-10-01" UPDATEDATE="2025-10-01" /><OBJECT OBJECTID="78476817" OBJECTGUID="74e412e8-13f9-4c93-8eed-bb28fd51c1e2" CHANGEID="689790190" ISACTIVE="1" LEVELID="11" CREATEDATE="2017-03-20" UPDATEDATE="2025-10-01" /><OBJECT OBJECTID="78476955" OBJECTGUID="a77bd5ed-e7ea-451e-ad50-1e3e7c293b28" CHANGEID="689790209" ISACTIVE="1" LEVELID="11" CREATEDATE="2017-03-20" UPDATEDATE="2025-10-01" /><OBJECT OBJECTID="174976568" OBJECTGUID="8ef2d19d-f72f-40b1-a08c-b81a0c05bf8b" CHANGEID="689790225" ISACTIVE="1" LEVELID="9" CREATEDATE="2025-10-01" UPDATEDATE="2025-10-01" /><OBJECT OBJECTID="174976571" OBJECTGUID="b79bc2dc-2505-4723-8352-9ecaecc151bf" CHANGEID="689790230" ISACTIVE="1" LEVELID="9" CREATEDATE="2025-10-01" UPDATEDATE="2025-10-01" /><OBJECT OBJECTID="78471676" OBJECTGUID="d82eec5c-7e6b-4e8c-81a3-013c40ad2812" CHANGEID="689790254" ISACTIVE="1" LEVELID="11" CREATEDATE="2017-03-20" UPDATEDATE="2025-10-01" /><OBJECT OBJECTID="78471640" OBJECTGUID="55f49270-113a-4d54-940c-7a927181c820" CHANGEID="689790324" ISACTIVE="1" LEVELID="11" CREATEDATE="2017-03-20" UPDATEDATE="2025-10-01" /><OBJECT OBJECTID="174976607" OBJECTGUID="c3be85b4-d16e-4e1a-b4d8-3ef78604d7fa" CHANGEID="689790349" ISACTIVE="1" LEVELID="10" CREATEDATE="2025-10-01" UPDATEDATE="2025-10-01" /><OBJECT OBJECTID="174976608" OBJECTGUID="8e59ca36-7f5e-4dc2-9cdc-1c203d8bcfb2" CHANGEID="689790350" ISACTIVE="1" LEVELID="10" CREATEDATE="2025-10-01" UPDATEDATE="2025-10-01" /><OBJECT OBJECTID="174976618" OBJECTGUID="79ad0fc2-52da-4e04-bddf-c8d376044e58" CHANGEID="689790364" ISACTIVE="1" LEVELID="9" CREATEDATE="2025-10-01" UPDATEDATE="2025-10-01" /><OBJECT OBJECTID="174976624" OBJECTGUID="71dea979-745e-45cf-8363-18e95a3b9fc9" CHANGEID="689790372" ISACTIVE="1" LEVELID="9" CREATEDATE="2025-10-01" UPDATEDATE="2025-10-01" /><OBJECT OBJECTID="174976625" OBJECTGUID="064f790d-c998-4b97-a841-adc5ac36b8e5" CHANGEID="689790373" ISACTIVE="1" LEVELID="11" CREATEDATE="2025-10-01" UPDATEDATE="2025-10-01" /><OBJECT OBJECTID="174976632" OBJECTGUID="a49270be-6a75-4ca1-b59a-f005c79219ef" CHANGEID="689790387" ISACTIVE="1" LEVELID="11" CREATEDATE="2025-10-01" UPDATEDATE="2025-10-01" /><OBJECT OBJECTID="174976699" OBJECTGUID="1ba69c81-7630-4326-8413-574258622698" CHANGEID="689790480" ISACTIVE="1" LEVELID="11" CREATEDATE="2025-10-01" UPDATEDATE="2025-10-01" /><OBJECT OBJECTID="174976838" OBJECTGUID="dd7ef1ac-c04c-444a-b207-a95deb47eeda" CHANGEID="689790688" ISACTIVE="1" LEVELID="10" CREATEDATE="2025-10-01" UPDATEDATE="2025-10-01" /><OBJECT OBJECTID="174976851" OBJECTGUID="63be0044-34e8-45a6-a194-def9672fbd0e" CHANGEID="689790707" ISACTIVE="1" LEVELID="9" CREATEDATE="2025-10-01" UPDATEDATE="2025-10-01" /><OBJECT OBJECTID="101906731" OBJECTGUID="0a9c72e4-3a55-4ffc-acfd-3b1dcf5fca33" CHANGEID="689777704" ISACTIVE="1" LEVELID="11" CREATEDATE="2021-07-21" UPDATEDATE="2025-10-01" /><OBJECT OBJECTID="101906732" OBJECTGUID="00d0e060-1322-4a33-9402-730b8b93f701" CHANGEID="689777705" ISACTIVE="1" LEVELID="11" CREATEDATE="2021-07-21" UPDATEDATE="2025-10-01" /><OBJECT OBJECTID="174978953" OBJECTGUID="240ddd00-9d63-426b-92c0-6a3b6d715f81" CHANGEID="689793967" ISACTIVE="1" LEVELID="10" CREATEDATE="2025-10-01" UPDATEDATE="2025-10-01" /><OBJECT OBJECTID="174980413" OBJECTGUID="1e8d75f1-bada-4116-8d87-16865c203a93" CHANGEID="689796613" ISACTIVE="1" LEVELID="9" CREATEDATE="2025-10-01" UPDATEDATE="2025-10-01" /><OBJECT OBJECTID="174980429" OBJECTGUID="e47d952c-d93f-4d57-8063-2835ea4bf499" CHANGEID="689796638" ISACTIVE="1" LEVELID="9" CREATEDATE="2025-10-01" UPDATEDATE="2025-10-01" /><OBJECT OBJECTID="174980491" OBJECTGUID="b9c589af-f91c-476e-b9e7-936b0a846638" CHANGEID="689796732" ISACTIVE="1" LEVELID="10" CREATEDATE="2025-10-01" UPDATEDATE="2025-10-01" /><OBJECT OBJECTID="174980510" OBJECTGUID="75a89bf3-fbe6-400a-8d7b-63691af0adbf" CHANGEID="689796773" ISACTIVE="1" LEVELID="9" CREATEDATE="2025-10-01" UPDATEDATE="2025-10-01" /><OBJECT OBJECTID="72934423" OBJECTGUID="a0e3de4e-5a5a-413b-bd47-dc233c68868f" CHANGEID="689796810" ISACTIVE="1" LEVELID="10" CREATEDATE="2017-10-10" UPDATEDATE="2025-10-01" /><OBJECT OBJECTID="174980524" OBJECTGUID="683fbcfc-dfbe-4921-b06f-944f4e5f677d" CHANGEID="689796802" ISACTIVE="1" LEVELID="9" CREATEDATE="2025-10-01" UPDATEDATE="2025-10-01" /><OBJECT OBJECTID="174983645" OBJECTGUID="83c38f9d-5564-449d-a536-187641992087" CHANGEID="689803726" ISACTIVE="1" LEVELID="9" CREATEDATE="2025-10-01" UPDATEDATE="2025-10-01" /><OBJECT OBJECTID="76150721" OBJECTGUID="709e56b5-0a3f-43bf-886a-ca85164d9feb" CHANGEID="689804586" ISACTIVE="1" LEVELID="11" CREATEDATE="2019-07-19" UPDATEDATE="2025-10-01" /><OBJECT OBJECTID="46875473" OBJECTGUID="c0e9c67e-fc1d-4475-9dbb-a098ac4862da" CHANGEID="689646925" ISACTIVE="1" LEVELID="10" CREATEDATE="2018-08-23" UPDATEDATE="2025-09-29" /><OBJECT OBJECTID="34404360" OBJECTGUID="c5c8d6c7-ef5a-4730-b021-ba361ef54b73" CHANGEID="689646875" ISACTIVE="1" LEVELID="10" CREATEDATE="2018-08-23" UPDATEDATE="2025-09-29" /><OBJECT OBJECTID="41109431" OBJECTGUID="40d0bfbc-6552-4cbb-bfd0-b47122e5ef40" CHANGEID="689646879" ISACTIVE="1" LEVELID="10" CREATEDATE="2018-08-09" UPDATEDATE="2025-09-29" /><OBJECT OBJECTID="33715658" OBJECTGUID="bb67a695-0207-46f5-9bc2-eb2122da3de9" CHANGEID="689707036" ISACTIVE="1" LEVELID="10" CREATEDATE="2017-12-11" UPDATEDATE="2025-09-30" /><OBJECT OBJECTID="103765800" OBJECTGUID="bc77cd5c-dbd6-4a18-96f2-e25aaa5895bb" CHANGEID="689646945" ISACTIVE="1" LEVELID="10" CREATEDATE="2022-02-17" UPDATEDATE="2025-09-29" /><OBJECT OBJECTID="55584257" OBJECTGUID="2536f880-f9e5-4158-b24b-ea639203a1e2" CHANGEID="689646900" ISACTIVE="1" LEVELID="10" CREATEDATE="2018-08-23" UPDATEDATE="2025-09-29" /><OBJECT OBJECTID="16968540" OBJECTGUID="60ca99aa-b342-4262-8ce1-54bbeab7848a" CHANGEID="689707000" ISACTIVE="1" LEVELID="10" CREATEDATE="2017-06-14" UPDATEDATE="2025-09-30" /><OBJECT OBJECTID="13728057" OBJECTGUID="a7c46b27-9d49-4ea5-bea4-ca080651b9b8" CHANGEID="689780225" ISACTIVE="1" LEVELID="10" CREATEDATE="2017-07-07" UPDATEDATE="2025-10-01" /><OBJECT OBJECTID="3394779" OBJECTGUID="57f3438b-602a-4bf8-9bf6-e196c4393820" CHANGEID="689780707" ISACTIVE="1" LEVELID="10" CREATEDATE="2019-07-14" UPDATEDATE="2025-10-01" /><OBJECT OBJECTID="103088976" OBJECTGUID="f08b5ff9-3d02-43bb-8321-a47d4d722bb2" CHANGEID="689646938" ISACTIVE="1" LEVELID="9" CREATEDATE="2021-12-02" UPDATEDATE="2025-09-29" /><OBJECT OBJECTID="102270483" OBJECTGUID="70e61a76-7e79-40b5-b1f6-edb0f9457163" CHANGEID="689629411" ISACTIVE="0" LEVELID="10" CREATEDATE="2021-08-27" UPDATEDATE="2025-09-29" /><OBJECT OBJECTID="64139" OBJECTGUID="a035dc49-1dcf-4050-9597-6b0b60fbb433" CHANGEID="689646847" ISACTIVE="1" LEVELID="7" CREATEDATE="2017-12-10" UPDATEDATE="2025-09-29" /><OBJECT OBJECTID="23273656" OBJECTGUID="1c625754-39cb-41f4-924c-baf48a3c8a08" CHANGEID="689780145" ISACTIVE="1" LEVELID="10" CREATEDATE="2019-07-14" UPDATEDATE="2025-10-01" /><OBJECT OBJECTID="23925719" OBJECTGUID="7c900494-ee52-406b-afc9-23a9f18aef05" CHANGEID="689778545" ISACTIVE="1" LEVELID="10" CREATEDATE="2019-06-28" UPDATEDATE="2025-10-01" /><OBJECT OBJECTID="93634849" OBJECTGUID="0add2c34-998e-4157-9edd-87415671264a" CHANGEID="689646922" ISACTIVE="1" LEVELID="9" CREATEDATE="2019-09-30" UPDATEDATE="2025-09-29" /><OBJECT OBJECTID="81241864" OBJECTGUID="5cd06d9e-5918-46f6-8392-1e1350b5a83e" CHANGEID="689780213" ISACTIVE="1" LEVELID="10" CREATEDATE="2017-07-07" UPDATEDATE="2025-10-01" /><OBJECT OBJECTID="159276721" OBJECTGUID="f298b70b-c5b1-4fc3-b34b-f42d449f99f0" CHANGEID="689646951" ISACTIVE="1" LEVELID="10" CREATEDATE="2023-06-29" UPDATEDATE="2025-09-29" /><OBJECT OBJECTID="86003049" OBJECTGUID="0d0eb272-99d4-4f7b-8775-96f603db1a82" CHANGEID="689646886" ISACTIVE="1" LEVELID="9" CREATEDATE="2017-12-28" UPDATEDATE="2025-09-29" /><OBJECT OBJECTID="60736269" OBJECTGUID="9f2dfc24-6a3d-48e3-8a41-d8595362bf48" CHANGEID="689742422" ISACTIVE="1" LEVELID="10" CREATEDATE="2017-10-25" UPDATEDATE="2025-09-30" /><OBJECT OBJECTID="66258130" OBJECTGUID="a25d00f3-979e-440d-8bcb-85111c4e8946" CHANGEID="689624540" ISACTIVE="1" LEVELID="10" CREATEDATE="2018-06-27" UPDATEDATE="2025-09-29" /><OBJECT OBJECTID="38443900" OBJECTGUID="b3c62631-6c22-424e-bdd8-fa54f076ad97" CHANGEID="689730492" ISACTIVE="1" LEVELID="10" CREATEDATE="2017-09-08" UPDATEDATE="2025-09-30" /><OBJECT OBJECTID="95772116" OBJECTGUID="1b0b4e0a-c284-488d-8367-10d8feda07fb" CHANGEID="689646935" ISACTIVE="1" LEVELID="10" CREATEDATE="2020-02-27" UPDATEDATE="2025-09-29" /><OBJECT OBJECTID="39932351" OBJECTGUID="c91f68bd-4cf3-41ac-912f-8757e049acb1" CHANGEID="689733042" ISACTIVE="1" LEVELID="10" CREATEDATE="2019-07-14" UPDATEDATE="2025-09-30" /><OBJECT OBJECTID="37603976" OBJECTGUID="eb6c7543-b82a-4171-9264-8ed2af1ec532" CHANGEID="689664185" ISACTIVE="1" LEVELID="10" CREATEDATE="2019-07-14" UPDATEDATE="2025-09-29" /><OBJECT OBJECTID="55701010" OBJECTGUID="21f48d2d-30f4-4ac4-8bc0-a2aecd3c83d9" CHANGEID="689703511" ISACTIVE="1" LEVELID="10" CREATEDATE="2017-06-14" UPDATEDATE="2025-09-30" /><OBJECT OBJECTID="83797073" OBJECTGUID="2d10add6-34f0-422a-98b7-cccd8e7a59f3" CHANGEID="689707612" ISACTIVE="0" LEVELID="10" CREATEDATE="2019-07-14" UPDATEDATE="2025-09-30" /><OBJECT OBJECTID="55734800" OBJECTGUID="151b56a1-e39e-4726-b2a5-b91037f1c044" CHANGEID="689704456" ISACTIVE="1" LEVELID="10" CREATEDATE="2017-06-14" UPDATEDATE="2025-09-30" /><OBJECT OBJECTID="83801870" OBJECTGUID="330fe7aa-1cfd-4f9f-a5d6-ef268482b5d1" CHANGEID="689707438" ISACTIVE="0" LEVELID="10" CREATEDATE="2019-07-14" UPDATEDATE="2025-09-30" /><OBJECT OBJECTID="83898639" OBJECTGUID="cb10af65-f26d-4a5f-a39b-6a15d73d8774" CHANGEID="689707630" ISACTIVE="0" LEVELID="10" CREATEDATE="2019-07-14" UPDATEDATE="2025-09-30" /><OBJECT OBJECTID="83912411" OBJECTGUID="6c7870c2-8093-4382-8d49-b34c91e19af4" CHANGEID="689707459" ISACTIVE="0" LEVELID="10" CREATEDATE="2019-07-14" UPDATEDATE="2025-09-30" /><OBJECT OBJECTID="64796534" OBJECTGUID="54136a5f-8267-4ed1-ae16-9125cf4e93fd" CHANGEID="689629414" ISACTIVE="0" LEVELID="10" CREATEDATE="2017-12-18" UPDATEDATE="2025-09-29" /><OBJECT OBJECTID="77903481" OBJECTGUID="65dc9ef7-ce25-4d2b-b9df-b9b79d36b01c" CHANGEID="689707352" ISACTIVE="0" LEVELID="10" CREATEDATE="2019-07-14" UPDATEDATE="2025-09-30" /><OBJECT OBJECTID="64837427" OBJECTGUID="0d84868f-90df-4db1-b2f7-2c3513aec49c" CHANGEID="689629415" ISACTIVE="0" LEVELID="10" CREATEDATE="2017-12-14" UPDATEDATE="2025-09-29" /><OBJECT OBJECTID="64839090" OBJECTGUID="0fb28756-22f9-4ad2-8c19-7399d2fb9302" CHANGEID="689629416" ISACTIVE="0" LEVELID="10" CREATEDATE="2017-12-14" UPDATEDATE="2025-09-29" /><OBJECT OBJECTID="66212" OBJECTGUID="694f1589-a824-4ec9-8475-69d59b8bcd89" CHANGEID="689646853" ISACTIVE="1" LEVELID="8" CREATEDATE="2016-12-11" UPDATEDATE="2025-09-29" /><OBJECT OBJECTID="69545" OBJECTGUID="fcdab069-0a0d-4307-925f-3d1a91c4d22e" CHANGEID="689646851" ISACTIVE="1" LEVELID="8" CREATEDATE="2017-12-21" UPDATEDATE="2025-09-29" /><OBJECT OBJECTID="20981501" OBJECTGUID="b157cd95-dfb8-4af3-be1f-38be58f1faa8" CHANGEID="689646856" ISACTIVE="1" LEVELID="10" CREATEDATE="2018-08-23" UPDATEDATE="2025-09-29" /><OBJECT OBJECTID="20981893" OBJECTGUID="960bf773-e8dc-46c6-a78f-d7b45b6478be" CHANGEID="689646857" ISACTIVE="1" LEVELID="10" CREATEDATE="2018-08-23" UPDATEDATE="2025-09-29" /><OBJECT OBJECTID="20982403" OBJECTGUID="4b24cb25-6ff1-42a5-8dea-ad503ab5278a" CHANGEID="689646859" ISACTIVE="1" LEVELID="10" CREATEDATE="2019-08-19" UPDATEDATE="2025-09-29" /><OBJECT OBJECTID="84577874" OBJECTGUID="de4b39d0-cc92-4dc0-9a4d-f8ed4a9da3b2" CHANGEID="689646860" ISACTIVE="1" LEVELID="9" CREATEDATE="2018-08-20" UPDATEDATE="2025-09-29" /><OBJECT OBJECTID="88041337" OBJECTGUID="e4929243-7022-4141-9c73-4e9e434d43f0" CHANGEID="689646967" ISACTIVE="1" LEVELID="9" CREATEDATE="2017-06-09" UPDATEDATE="2025-09-29" /><OBJECT OBJECTID="69608" OBJECTGUID="9f8e8ce9-5f57-49d6-9aaa-7a958e1e85f3" CHANGEID="689646848" ISACTIVE="1" LEVELID="8" CREATEDATE="2017-12-21" UPDATEDATE="2025-09-29" /><OBJECT OBJECTID="34397435" OBJECTGUID="b261515f-fa1d-4e44-aab9-5d0aaa9f9053" CHANGEID="689646867" ISACTIVE="1" LEVELID="10" CREATEDATE="2018-11-06" UPDATEDATE="2025-09-29" /><OBJECT OBJECTID="34399398" OBJECTGUID="bd6d35d8-092e-4013-b1a6-ea1766001231" CHANGEID="689646869" ISACTIVE="1" LEVELID="10" CREATEDATE="2018-08-23" UPDATEDATE="2025-09-29" /><OBJECT OBJECTID="34400845" OBJECTGUID="01d8ac58-9795-4dfb-9733-93e55c490323" CHANGEID="689646871" ISACTIVE="1" LEVELID="10" CREATEDATE="2018-08-23" UPDATEDATE="2025-09-29" /><OBJECT OBJECTID="34402068" OBJECTGUID="f2b143a4-05e2-4b81-ac9d-abf1a17f47a1" CHANGEID="689646872" ISACTIVE="1" LEVELID="10" CREATEDATE="2018-08-23" UPDATEDATE="2025-09-29" /><OBJECT OBJECTID="34402703" OBJECTGUID="6d279a6b-1631-42ba-933b-7c7d5548f498" CHANGEID="689646873" ISACTIVE="1" LEVELID="10" CREATEDATE="2018-08-23" UPDATEDATE="2025-09-29" /><OBJECT OBJECTID="34403670" OBJECTGUID="b6a769cd-64ac-424c-8e2c-2325ca3413aa" CHANGEID="689646874" ISACTIVE="1" LEVELID="10" CREATEDATE="2018-08-23" UPDATEDATE="2025-09-29" /><OBJECT OBJECTID="41109757" OBJECTGUID="0d80666d-821d-4ba4-9e14-298e4e0f7e19" CHANGEID="689646880" ISACTIVE="1" LEVELID="10" CREATEDATE="2018-08-16" UPDATEDATE="2025-09-29" /><OBJECT OBJECTID="41110512" OBJECTGUID="3912c287-da6b-4a4d-b6f8-f15473a5ea96" CHANGEID="689646881" ISACTIVE="1" LEVELID="10" CREATEDATE="2018-09-19" UPDATEDATE="2025-09-29" /><OBJECT OBJECTID="84577816" OBJECTGUID="d5450d35-66e7-4918-82b8-51c1fcfe4ea7" CHANGEID="689646882" ISACTIVE="1" LEVELID="9" CREATEDATE="2018-08-20" UPDATEDATE="2025-09-29" /><OBJECT OBJECTID="84878661" OBJECTGUID="e7cd42a0-ef12-484d-99bf-4b847ed022e0" CHANGEID="689646885" ISACTIVE="1" LEVELID="9" CREATEDATE="2019-11-11" UPDATEDATE="2025-09-29" /><OBJECT OBJECTID="55683515" OBJECTGUID="fd307605-dc28-4738-a680-1854ce1822b7" CHANGEID="689646908" ISACTIVE="1" LEVELID="10" CREATEDATE="2018-08-23" UPDATEDATE="2025-09-29" /><OBJECT OBJECTID="69643" OBJECTGUID="71c16b8c-412f-4b6e-b3b6-ed44b6502843" CHANGEID="689646852" ISACTIVE="1" LEVELID="8" CREATEDATE="2017-12-21" UPDATEDATE="2025-09-29" /><OBJECT OBJECTID="55681939" OBJECTGUID="a85278f5-c710-4f02-93f4-b4a3c0300ebe" CHANGEID="689646904" ISACTIVE="1" LEVELID="10" CREATEDATE="2018-08-23" UPDATEDATE="2025-09-29" /><OBJECT OBJECTID="55682557" OBJECTGUID="9880bd2a-3c4d-4764-8f8e-8cb2d02fe954" CHANGEID="689646906" ISACTIVE="1" LEVELID="10" CREATEDATE="2018-08-23" UPDATEDATE="2025-09-29" /><OBJECT OBJECTID="55683894" OBJECTGUID="f498085c-ab57-4923-a2b4-703e228d44f3" CHANGEID="689646909" ISACTIVE="1" LEVELID="10" CREATEDATE="2018-08-23" UPDATEDATE="2025-09-29" /><OBJECT OBJECTID="55684277" OBJECTGUID="d2f26739-5b44-4b86-9146-ca6fad3fcf81" CHANGEID="689646910" ISACTIVE="1" LEVELID="10" CREATEDATE="2018-08-23" UPDATEDATE="2025-09-29" /><OBJECT OBJECTID="78660989" OBJECTGUID="9bb0c615-8e58-489f-b6bf-58b19e7314d2" CHANGEID="689646911" ISACTIVE="1" LEVELID="10" CREATEDATE="2018-11-21" UPDATEDATE="2025-09-29" /><OBJECT OBJECTID="78663000" OBJECTGUID="18a06a2b-cd4e-4ca7-90c8-7baaac4bfbce" CHANGEID="689646912" ISACTIVE="1" LEVELID="10" CREATEDATE="2019-09-17" UPDATEDATE="2025-09-29" /><OBJECT OBJECTID="93630193" OBJECTGUID="e7e5f72b-d6ed-446d-9e2a-8d90ab680680" CHANGEID="689646915" ISACTIVE="1" LEVELID="9" CREATEDATE="2019-09-30" UPDATEDATE="2025-09-29" /><OBJECT OBJECTID="69704" OBJECTGUID="210ed100-6baa-4ea4-91a5-8f8a1600c9b9" CHANGEID="689646849" ISACTIVE="1" LEVELID="8" CREATEDATE="2017-12-21" UPDATEDATE="2025-09-29" /><OBJECT OBJECTID="69743" OBJECTGUID="37717b8e-b0d3-492d-807b-8be15fd939b3" CHANGEID="689646850" ISACTIVE="1" LEVELID="8" CREATEDATE="2017-12-21" UPDATEDATE="2025-09-29" /><OBJECT OBJECTID="84577843" OBJECTGUID="eb553cec-6952-47df-9688-4db69b83bb0f" CHANGEID="689646927" ISACTIVE="1" LEVELID="9" CREATEDATE="2018-08-20" UPDATEDATE="2025-09-29" /><OBJECT OBJECTID="64497680" OBJECTGUID="97c183f2-f5c2-46a8-90d9-e32c035c6654" CHANGEID="689629410" ISACTIVE="0" LEVELID="10" CREATEDATE="2019-11-11" UPDATEDATE="2025-09-29" /><OBJECT OBJECTID="64497047" OBJECTGUID="bac5bf57-7cae-4e40-94ee-fa8900bea959" CHANGEID="689667499" ISACTIVE="1" LEVELID="10" CREATEDATE="2019-11-11" UPDATEDATE="2025-09-29" /><OBJECT OBJECTID="72950690" OBJECTGUID="db7abbd7-4fde-4242-a2f2-44a6a2cc0b6d" CHANGEID="689780128" ISACTIVE="1" LEVELID="10" CREATEDATE="2017-06-14" UPDATEDATE="2025-10-01" /><OBJECT OBJECTID="82597414" OBJECTGUID="3b65e835-0197-4a99-b3dd-a8ab834746a3" CHANGEID="689704500" ISACTIVE="1" LEVELID="10" CREATEDATE="2019-07-14" UPDATEDATE="2025-09-30" /><OBJECT OBJECTID="65286985" OBJECTGUID="059d2aa4-abbc-46dc-8e6f-5ed0b7f9525f" CHANGEID="689626414" ISACTIVE="1" LEVELID="10" CREATEDATE="2017-10-10" UPDATEDATE="2025-09-29" /><OBJECT OBJECTID="18201356" OBJECTGUID="078f7311-c5d9-477b-b43e-5a894edf53ec" CHANGEID="689707103" ISACTIVE="0" LEVELID="10" CREATEDATE="2018-12-25" UPDATEDATE="2025-09-30" /><OBJECT OBJECTID="18198081" OBJECTGUID="122d259d-1b83-4b7b-ac68-288550b02b31" CHANGEID="689707100" ISACTIVE="0" LEVELID="10" CREATEDATE="2018-12-25" UPDATEDATE="2025-09-30" /><OBJECT OBJECTID="18200872" OBJECTGUID="295af5f7-cd56-4c83-9200-37640bf571cb" CHANGEID="689707101" ISACTIVE="0" LEVELID="10" CREATEDATE="2018-12-25" UPDATEDATE="2025-09-30" /><OBJECT OBJECTID="18201210" OBJECTGUID="88598f4d-a693-4bfb-a96f-4d00f533a796" CHANGEID="689707102" ISACTIVE="0" LEVELID="10" CREATEDATE="2018-12-25" UPDATEDATE="2025-09-30" /><OBJECT OBJECTID="18202328" OBJECTGUID="a2023728-0e6e-4eaf-90ab-87f84839f2a7" CHANGEID="689707104" ISACTIVE="0" LEVELID="10" CREATEDATE="2018-12-25" UPDATEDATE="2025-09-30" /><OBJECT OBJECTID="89967839" OBJECTGUID="cf069231-436c-441d-9af7-9d29148bb046" CHANGEID="689707108" ISACTIVE="0" LEVELID="9" CREATEDATE="2019-12-13" UPDATEDATE="2025-09-30" /><OBJECT OBJECTID="89971761" OBJECTGUID="edb9d1c0-99cc-4465-88ba-56e0ee4fa1a0" CHANGEID="689707109" ISACTIVE="0" LEVELID="9" CREATEDATE="2019-12-13" UPDATEDATE="2025-09-30" /><OBJECT OBJECTID="36679479" OBJECTGUID="0a8806b0-0db4-4f86-b52f-7d2daa00de08" CHANGEID="689664279" ISACTIVE="1" LEVELID="10" CREATEDATE="2018-09-26" UPDATEDATE="2025-09-29" /><OBJECT OBJECTID="55426352" OBJECTGUID="c68a0aa2-a4e8-4e0a-83c8-7ab46a0e6964" CHANGEID="689628307" ISACTIVE="1" LEVELID="10" CREATEDATE="2017-12-18" UPDATEDATE="2025-09-29" /><OBJECT OBJECTID="72712277" OBJECTGUID="3bf6583b-28d1-46b5-82e8-de953c472e71" CHANGEID="689706996" ISACTIVE="1" LEVELID="10" CREATEDATE="2019-07-14" UPDATEDATE="2025-09-30" /><OBJECT OBJECTID="47015909" OBJECTGUID="d6a24998-6ec5-4073-a943-592638f8e5ed" CHANGEID="689707212" ISACTIVE="0" LEVELID="10" CREATEDATE="2017-06-14" UPDATEDATE="2025-09-30" /><OBJECT OBJECTID="32176914" OBJECTGUID="08c374b9-6ac8-4a1c-8942-4991bb9ff583" CHANGEID="689655958" ISACTIVE="0" LEVELID="10" CREATEDATE="2019-07-14" UPDATEDATE="2025-09-29" /><OBJECT OBJECTID="31364418" OBJECTGUID="5021b22c-818b-4d0a-90b1-471ff27862df" CHANGEID="689630575" ISACTIVE="1" LEVELID="10" CREATEDATE="2017-10-10" UPDATEDATE="2025-09-29" /><OBJECT OBJECTID="31364764" OBJECTGUID="9cc12094-01a1-46db-b4f6-57618c29b4f1" CHANGEID="689701908" ISACTIVE="1" LEVELID="10" CREATEDATE="2017-10-10" UPDATEDATE="2025-09-30" /><OBJECT OBJECTID="61128329" OBJECTGUID="0482541f-8e2c-482b-acc6-ff00790229a6" CHANGEID="689628382" ISACTIVE="1" LEVELID="10" CREATEDATE="2017-10-10" UPDATEDATE="2025-09-29" /><OBJECT OBJECTID="85446657" OBJECTGUID="e55fe600-f6a2-4e79-b5f3-0e2571ea9a2f" CHANGEID="689623297" ISACTIVE="1" LEVELID="9" CREATEDATE="2019-03-19" UPDATEDATE="2025-09-29" /><OBJECT OBJECTID="14097433" OBJECTGUID="04c25214-8c99-4929-8f9b-9ac2c8daca58" CHANGEID="689737067" ISACTIVE="0" LEVELID="10" CREATEDATE="2017-06-14" UPDATEDATE="2025-09-30" /><OBJECT OBJECTID="14100571" OBJECTGUID="a1d49a75-c854-402c-a0c6-af9d755aace3" CHANGEID="689737068" ISACTIVE="0" LEVELID="10" CREATEDATE="2017-06-14" UPDATEDATE="2025-09-30" /><OBJECT OBJECTID="14101832" OBJECTGUID="2aed0395-3fbd-4b90-aa60-c102c0b9436f" CHANGEID="689737072" ISACTIVE="0" LEVELID="10" CREATEDATE="2017-06-14" UPDATEDATE="2025-09-30" /><OBJECT OBJECTID="14107634" OBJECTGUID="0fa85b3f-f986-42db-ac1f-cffc84f31beb" CHANGEID="689737073" ISACTIVE="0" LEVELID="10" CREATEDATE="2017-06-14" UPDATEDATE="2025-09-30" /><OBJECT OBJECTID="14119875" OBJECTGUID="ac0778fc-e4ff-428a-aa36-262a19141d59" CHANGEID="689737074" ISACTIVE="0" LEVELID="10" CREATEDATE="2019-11-14" UPDATEDATE="2025-09-30" /><OBJECT OBJECTID="14120735" OBJECTGUID="3286020e-0717-4efb-91f6-38d6e28a7405" CHANGEID="689737075" ISACTIVE="0" LEVELID="10" CREATEDATE="2019-11-14" UPDATEDATE="2025-09-30" /><OBJECT OBJECTID="14090500" OBJECTGUID="978d6ead-b16a-4090-aae7-3b223e89cf0a" CHANGEID="689780210" ISACTIVE="1" LEVELID="10" CREATEDATE="2017-06-14" UPDATEDATE="2025-10-01" /><OBJECT OBJECTID="14132638" OBJECTGUID="31cf829e-ee65-4574-b25b-d7878e6d9923" CHANGEID="689737069" ISACTIVE="0" LEVELID="10" CREATEDATE="2019-11-14" UPDATEDATE="2025-09-30" /><OBJECT OBJECTID="14133964" OBJECTGUID="e0f19e61-8660-4f72-afc4-ffdeb154982d" CHANGEID="689737070" ISACTIVE="0" LEVELID="10" CREATEDATE="2019-11-14" UPDATEDATE="2025-09-30" /><OBJECT OBJECTID="14134652" OBJECTGUID="a88cb1fb-3b2d-4b79-9d21-d84640f5f10f" CHANGEID="689737071" ISACTIVE="0" LEVELID="10" CREATEDATE="2019-11-14" UPDATEDATE="2025-09-30" /><OBJECT OBJECTID="70509405" OBJECTGUID="e2346521-cc66-4070-815e-e6100aaef918" CHANGEID="689780214" ISACTIVE="1" LEVELID="10" CREATEDATE="2017-07-07" UPDATEDATE="2025-10-01" /><OBJECT OBJECTID="72932082" OBJECTGUID="33567eaa-2f63-4b3b-89d1-7c9773914387" CHANGEID="689796779" ISACTIVE="1" LEVELID="10" CREATEDATE="2017-10-10" UPDATEDATE="2025-10-01" /><OBJECT OBJECTID="62418859" OBJECTGUID="0f40a8d3-0349-4947-b801-a7c6504d7464" CHANGEID="689778567" ISACTIVE="1" LEVELID="10" CREATEDATE="2017-06-13" UPDATEDATE="2025-10-01" /><OBJECT OBJECTID="3403757" OBJECTGUID="f89c7b46-bec5-4b0c-a766-4d129b62d47f" CHANGEID="689780651" ISACTIVE="1" LEVELID="10" CREATEDATE="2017-06-26" UPDATEDATE="2025-10-01" /><OBJECT OBJECTID="48717675" OBJECTGUID="ac334947-c784-4425-85b6-75cf772c3afa" CHANGEID="689733857" ISACTIVE="0" LEVELID="10" CREATEDATE="2019-07-14" UPDATEDATE="2025-09-30" /><OBJECT OBJECTID="101832434" OBJECTGUID="edc6fe45-15c6-451e-8ac7-66b754ff8571" CHANGEID="689646940" ISACTIVE="1" LEVELID="9" CREATEDATE="2021-07-12" UPDATEDATE="2025-09-29" /><OBJECT OBJECTID="101832435" OBJECTGUID="af87e0fe-406d-404c-beff-a369f20842cf" CHANGEID="689646941" ISACTIVE="1" LEVELID="10" CREATEDATE="2021-07-12" UPDATEDATE="2025-09-29" /><OBJECT OBJECTID="101869777" OBJECTGUID="6bb62919-6285-4fc7-a892-728fc11d59d0" CHANGEID="689737076" ISACTIVE="0" LEVELID="10" CREATEDATE="2021-07-16" UPDATEDATE="2025-09-30" /><OBJECT OBJECTID="99073722" OBJECTGUID="e1a5dc6f-ba40-4bbc-86b7-a4bb098ff82d" CHANGEID="689707215" ISACTIVE="0" LEVELID="9" CREATEDATE="2020-11-13" UPDATEDATE="2025-09-30" /><OBJECT OBJECTID="78383949" OBJECTGUID="dc391647-aaf4-49d8-9714-8742e47d1245" CHANGEID="689780101" ISACTIVE="1" LEVELID="10" CREATEDATE="2017-12-18" UPDATEDATE="2025-10-01" /><OBJECT OBJECTID="78427484" OBJECTGUID="f1236211-2e61-4f49-a1b1-b1959db43fd8" CHANGEID="689780668" ISACTIVE="1" LEVELID="10" CREATEDATE="2017-12-18" UPDATEDATE="2025-10-01" /><OBJECT OBJECTID="78529632" OBJECTGUID="0c1d1425-e2a4-4609-a601-67547c89d4e6" CHANGEID="689780105" ISACTIVE="1" LEVELID="10" CREATEDATE="2017-12-18" UPDATEDATE="2025-10-01" /><OBJECT OBJECTID="78475677" OBJECTGUID="e07b44f5-2661-42ce-9520-fc5aea066364" CHANGEID="689780114" ISACTIVE="1" LEVELID="10" CREATEDATE="2017-12-18" UPDATEDATE="2025-10-01" /><OBJECT OBJECTID="157906636" OBJECTGUID="1fe3b0c8-8c78-4ee7-b0b1-7b4254a5d5ce" CHANGEID="689646950" ISACTIVE="1" LEVELID="10" CREATEDATE="2023-01-27" UPDATEDATE="2025-09-29" /><OBJECT OBJECTID="158728061" OBJECTGUID="db312aaf-d7b7-47a4-86ce-ff9c1420f074" CHANGEID="689646946" ISACTIVE="1" LEVELID="9" CREATEDATE="2023-04-28" UPDATEDATE="2025-09-29" /><OBJECT OBJECTID="159276707" OBJECTGUID="11a677e3-78cd-499b-adac-4810e42fdad7" CHANGEID="689646952" ISACTIVE="1" LEVELID="9" CREATEDATE="2023-06-29" UPDATEDATE="2025-09-29" /><OBJECT OBJECTID="164238208" OBJECTGUID="71e4d74b-42fc-4476-92e0-60031f41dd44" CHANGEID="689646955" ISACTIVE="1" LEVELID="10" CREATEDATE="2024-07-12" UPDATEDATE="2025-09-29" /><OBJECT OBJECTID="99557211" OBJECTGUID="1790e4bf-d932-4201-90d4-ddd2c349e631" CHANGEID="689707217" ISACTIVE="0" LEVELID="9" CREATEDATE="2020-12-11" UPDATEDATE="2025-09-30" /><OBJECT OBJECTID="164375533" OBJECTGUID="a6a0285b-4054-4d24-8f59-9253a93526c8" CHANGEID="689777690" ISACTIVE="1" LEVELID="10" CREATEDATE="2024-07-23" UPDATEDATE="2025-10-01" /><OBJECT OBJECTID="14368769" OBJECTGUID="a9204854-b67c-439a-8832-03e374f6d45f" CHANGEID="689799016" ISACTIVE="1" LEVELID="10" CREATEDATE="2018-03-30" UPDATEDATE="2025-10-01" /><OBJECT OBJECTID="99573402" OBJECTGUID="14c33975-1c28-467b-8f28-db1345017820" CHANGEID="689737081" ISACTIVE="0" LEVELID="9" CREATEDATE="2020-12-14" UPDATEDATE="2025-09-30" /><OBJECT OBJECTID="167349099" OBJECTGUID="f521e959-d5b4-47b0-906e-cb93e200eb73" CHANGEID="689646956" ISACTIVE="1" LEVELID="9" CREATEDATE="2024-11-12" UPDATEDATE="2025-09-29" /><OBJECT OBJECTID="167349111" OBJECTGUID="450efb70-358c-481a-b1e1-7c4286461070" CHANGEID="689646957" ISACTIVE="1" LEVELID="10" CREATEDATE="2024-11-12" UPDATEDATE="2025-09-29" /><OBJECT OBJECTID="89935209" OBJECTGUID="183261d1-57a9-47e0-aaee-045bae00b78c" CHANGEID="689707105" ISACTIVE="0" LEVELID="9" CREATEDATE="2019-12-13" UPDATEDATE="2025-09-30" /><OBJECT OBJECTID="89426779" OBJECTGUID="15148e01-3422-475c-ae1d-d81641658086" CHANGEID="689646854" ISACTIVE="1" LEVELID="9" CREATEDATE="2019-02-04" UPDATEDATE="2025-09-29" /><OBJECT OBJECTID="99058198" OBJECTGUID="198ee33a-6af9-4cc8-95d0-8a67b08934ac" CHANGEID="689737078" ISACTIVE="0" LEVELID="9" CREATEDATE="2020-11-12" UPDATEDATE="2025-09-30" /><OBJECT OBJECTID="93632478" OBJECTGUID="1a0135ce-1191-4122-b05f-4867592fc476" CHANGEID="689646918" ISACTIVE="1" LEVELID="9" CREATEDATE="2019-09-30" UPDATEDATE="2025-09-29" /><OBJECT OBJECTID="93634102" OBJECTGUID="1dca9823-37d3-4958-90a0-504bf6f85887" CHANGEID="689646920" ISACTIVE="1" LEVELID="9" CREATEDATE="2019-09-30" UPDATEDATE="2025-09-29" /><OBJECT OBJECTID="99055315" OBJECTGUID="2ce6946d-5ce4-47a0-8fd8-9ba8f3752f56" CHANGEID="689737077" ISACTIVE="0" LEVELID="9" CREATEDATE="2020-11-12" UPDATEDATE="2025-09-30" /><OBJECT OBJECTID="105016162" OBJECTGUID="31db6147-df00-42bc-b0ec-5d63de104297" CHANGEID="689646947" ISACTIVE="1" LEVELID="9" CREATEDATE="2022-07-18" UPDATEDATE="2025-09-29" /><OBJECT OBJECTID="103151908" OBJECTGUID="28488f48-252f-4265-a413-12b08be1b4fa" CHANGEID="689646942" ISACTIVE="1" LEVELID="9" CREATEDATE="2021-12-08" UPDATEDATE="2025-09-29" /><OBJECT OBJECTID="159116173" OBJECTGUID="29fdcbec-77f6-498f-abce-c0bb1e34c930" CHANGEID="689777626" ISACTIVE="1" LEVELID="9" CREATEDATE="2023-06-13" UPDATEDATE="2025-10-01" /><OBJECT OBJECTID="98879203" OBJECTGUID="32e3698a-399d-4bf3-90ac-effec9bf9cb7" CHANGEID="689796797" ISACTIVE="1" LEVELID="9" CREATEDATE="2020-10-29" UPDATEDATE="2025-10-01" /><OBJECT OBJECTID="89203587" OBJECTGUID="3a481b42-a49a-45de-bec5-ad1fefc31fef" CHANGEID="689623298" ISACTIVE="0" LEVELID="9" CREATEDATE="2018-10-23" UPDATEDATE="2025-09-29" /><OBJECT OBJECTID="93620868" OBJECTGUID="3a4aaebe-5f3f-4493-9678-b9f4b1ba6711" CHANGEID="689646894" ISACTIVE="1" LEVELID="9" CREATEDATE="2019-09-30" UPDATEDATE="2025-09-29" /><OBJECT OBJECTID="94784620" OBJECTGUID="3f215218-1fe8-4cb1-a20a-077710b1b2fa" CHANGEID="689646864" ISACTIVE="1" LEVELID="9" CREATEDATE="2019-08-19" UPDATEDATE="2025-09-29" /><OBJECT OBJECTID="84597555" OBJECTGUID="35915435-98af-4441-ae49-5f9928657bbd" CHANGEID="689646884" ISACTIVE="1" LEVELID="9" CREATEDATE="2018-08-20" UPDATEDATE="2025-09-29" /><OBJECT OBJECTID="102522585" OBJECTGUID="399b563a-e9d1-4893-9c32-47d0865e5dff" CHANGEID="689646931" ISACTIVE="1" LEVELID="9" CREATEDATE="2021-09-24" UPDATEDATE="2025-09-29" /><OBJECT OBJECTID="93628248" OBJECTGUID="3c420efc-41cc-47aa-b5aa-c4695692ad14" CHANGEID="689646898" ISACTIVE="1" LEVELID="9" CREATEDATE="2019-09-30" UPDATEDATE="2025-09-29" /><OBJECT OBJECTID="93636260" OBJECTGUID="338b1a7b-9fb0-4feb-8601-67418682d643" CHANGEID="689646928" ISACTIVE="1" LEVELID="9" CREATEDATE="2019-09-30" UPDATEDATE="2025-09-29" /><OBJECT OBJECTID="84597524" OBJECTGUID="42fe7d96-95a9-4739-831d-a6b8e59996d4" CHANGEID="689646883" ISACTIVE="1" LEVELID="9" CREATEDATE="2018-08-20" UPDATEDATE="2025-09-29" /><OBJECT OBJECTID="89965321" OBJECTGUID="4fee4178-f128-4c6b-9a8d-ef9927192591" CHANGEID="689707106" ISACTIVE="0" LEVELID="9" CREATEDATE="2019-12-13" UPDATEDATE="2025-09-30" /><OBJECT OBJECTID="86066280" OBJECTGUID="56a404b9-6b20-4124-b282-4654e3c7890c" CHANGEID="689646887" ISACTIVE="1" LEVELID="9" CREATEDATE="2018-08-09" UPDATEDATE="2025-09-29" /><OBJECT OBJECTID="84878851" OBJECTGUID="5a00fb75-bb9b-42c9-b258-a7fb93474c6b" CHANGEID="689646966" ISACTIVE="1" LEVELID="9" CREATEDATE="2018-04-02" UPDATEDATE="2025-09-29" /><OBJECT OBJECTID="101416943" OBJECTGUID="586f8120-c3e3-457a-9d04-6d6888b28898" CHANGEID="689637316" ISACTIVE="1" LEVELID="9" CREATEDATE="2021-06-02" UPDATEDATE="2025-09-29" /><OBJECT OBJECTID="99073723" OBJECTGUID="56fe6850-ff7c-4c88-a46c-35e3bd41f26b" CHANGEID="689707216" ISACTIVE="0" LEVELID="9" CREATEDATE="2020-11-13" UPDATEDATE="2025-09-30" /><OBJECT OBJECTID="93094883" OBJECTGUID="61226a75-bf33-407a-837b-607548d7dc10" CHANGEID="689646914" ISACTIVE="1" LEVELID="9" CREATEDATE="2019-09-17" UPDATEDATE="2025-09-29" /><OBJECT OBJECTID="99968116" OBJECTGUID="62e97c56-6cbf-48fc-aa6b-702b4e310ab9" CHANGEID="689778547" ISACTIVE="1" LEVELID="9" CREATEDATE="2021-01-18" UPDATEDATE="2025-10-01" /><OBJECT OBJECTID="91891006" OBJECTGUID="64d8bf09-15d0-4c5a-9de7-1a51dadd64c2" CHANGEID="689626370" ISACTIVE="1" LEVELID="9" CREATEDATE="2019-06-17" UPDATEDATE="2025-09-29" /><OBJECT OBJECTID="87561456" OBJECTGUID="7d2f9aad-0af1-421a-b429-4acbd272a926" CHANGEID="689624597" ISACTIVE="1" LEVELID="9" CREATEDATE="2019-02-13" UPDATEDATE="2025-09-29" /><OBJECT OBJECTID="93620476" OBJECTGUID="7700b008-3d71-40f1-9cb7-30bf4af89906" CHANGEID="689646891" ISACTIVE="1" LEVELID="9" CREATEDATE="2019-09-30" UPDATEDATE="2025-09-29" /><OBJECT OBJECTID="88954311" OBJECTGUID="6c3b973f-b5f5-4900-a6a0-d6b67c522f24" CHANGEID="689646889" ISACTIVE="1" LEVELID="9" CREATEDATE="2018-09-19" UPDATEDATE="2025-09-29" /><OBJECT OBJECTID="89202972" OBJECTGUID="7ad83685-41e2-4288-8404-6116f22ba4ee" CHANGEID="689623299" ISACTIVE="0" LEVELID="9" CREATEDATE="2018-10-23" UPDATEDATE="2025-09-29" /><OBJECT OBJECTID="85242911" OBJECTGUID="693df50e-4554-4721-9c08-6370e69e0427" CHANGEID="689710158" ISACTIVE="1" LEVELID="9" CREATEDATE="2017-12-11" UPDATEDATE="2025-09-30" /><OBJECT OBJECTID="93629696" OBJECTGUID="731d58ad-0ae2-4174-ab8e-2525521610d5" CHANGEID="689646899" ISACTIVE="1" LEVELID="9" CREATEDATE="2019-09-30" UPDATEDATE="2025-09-29" /><OBJECT OBJECTID="99058209" OBJECTGUID="7320a8e6-c4de-446e-a309-2a235a222d4e" CHANGEID="689737080" ISACTIVE="0" LEVELID="9" CREATEDATE="2020-11-12" UPDATEDATE="2025-09-30" /><OBJECT OBJECTID="89966491" OBJECTGUID="8879fc9d-8ef0-4f15-b473-79b55a1a5981" CHANGEID="689707107" ISACTIVE="0" LEVELID="9" CREATEDATE="2019-12-13" UPDATEDATE="2025-09-30" /><OBJECT OBJECTID="87171219" OBJECTGUID="8086f4da-a3ce-470f-99b8-3a4c7ef80264" CHANGEID="689646888" ISACTIVE="1" LEVELID="9" CREATEDATE="2018-11-06" UPDATEDATE="2025-09-29" /><OBJECT OBJECTID="93629065" OBJECTGUID="8f117802-a59e-4139-a58d-fa100fbb3f56" CHANGEID="689646897" ISACTIVE="1" LEVELID="9" CREATEDATE="2019-09-30" UPDATEDATE="2025-09-29" /><OBJECT OBJECTID="84577908" OBJECTGUID="87245d96-eec8-44e6-a2df-adbe55a57dfd" CHANGEID="689646861" ISACTIVE="1" LEVELID="9" CREATEDATE="2018-08-20" UPDATEDATE="2025-09-29" /><OBJECT OBJECTID="93633205" OBJECTGUID="875cc2eb-35ef-4c8e-8213-04265a020b4f" CHANGEID="689646919" ISACTIVE="1" LEVELID="9" CREATEDATE="2019-09-30" UPDATEDATE="2025-09-29" /><OBJECT OBJECTID="89203402" OBJECTGUID="81304cc4-bea0-45d7-9a0f-ccff80a56d8e" CHANGEID="689623296" ISACTIVE="1" LEVELID="9" CREATEDATE="2018-10-23" UPDATEDATE="2025-09-29" /><OBJECT OBJECTID="99573403" OBJECTGUID="8e21b0fb-51e5-42fa-b825-f16baea2f10f" CHANGEID="689737082" ISACTIVE="0" LEVELID="9" CREATEDATE="2020-12-14" UPDATEDATE="2025-09-30" /><OBJECT OBJECTID="90503869" OBJECTGUID="94d3d0c6-e999-433c-b2b8-913a59c3c818" CHANGEID="689780776" ISACTIVE="1" LEVELID="9" CREATEDATE="2017-11-17" UPDATEDATE="2025-10-01" /><OBJECT OBJECTID="98330525" OBJECTGUID="9d5b66c9-1684-4f78-93a6-b2a0327b142e" CHANGEID="689626416" ISACTIVE="1" LEVELID="9" CREATEDATE="2020-09-18" UPDATEDATE="2025-09-29" /><OBJECT OBJECTID="93622365" OBJECTGUID="b0b53646-b8e3-46b0-8544-a41986439598" CHANGEID="689646896" ISACTIVE="1" LEVELID="9" CREATEDATE="2019-09-30" UPDATEDATE="2025-09-29" /><OBJECT OBJECTID="158419289" OBJECTGUID="9f5e65eb-0267-474a-a084-34d073cab1c2" CHANGEID="689646929" ISACTIVE="1" LEVELID="9" CREATEDATE="2023-03-28" UPDATEDATE="2025-09-29" /><OBJECT OBJECTID="92405721" OBJECTGUID="9acb8c23-3a6e-4b50-86ed-af151557f555" CHANGEID="689637260" ISACTIVE="1" LEVELID="9" CREATEDATE="2019-08-16" UPDATEDATE="2025-09-29" /><OBJECT OBJECTID="93635452" OBJECTGUID="9aee1f9f-e0e6-4db9-90a4-540b9bb86dec" CHANGEID="689646923" ISACTIVE="1" LEVELID="9" CREATEDATE="2019-09-30" UPDATEDATE="2025-09-29" /><OBJECT OBJECTID="99058203" OBJECTGUID="a175639a-6a35-4c36-82dd-e87ea61ec43a" CHANGEID="689737079" ISACTIVE="0" LEVELID="9" CREATEDATE="2020-11-12" UPDATEDATE="2025-09-30" /><OBJECT OBJECTID="88489923" OBJECTGUID="acbb5e02-2c52-458d-bf1a-ad15b6925a9c" CHANGEID="689623300" ISACTIVE="0" LEVELID="9" CREATEDATE="2018-10-05" UPDATEDATE="2025-09-29" /><OBJECT OBJECTID="103754057" OBJECTGUID="b02a2826-36ce-4007-ae90-ffaf7bb005a2" CHANGEID="689646944" ISACTIVE="1" LEVELID="9" CREATEDATE="2022-02-16" UPDATEDATE="2025-09-29" /><OBJECT OBJECTID="93622014" OBJECTGUID="c3f1009d-bb53-450d-a27e-90897961edd8" CHANGEID="689646895" ISACTIVE="1" LEVELID="9" CREATEDATE="2019-09-30" UPDATEDATE="2025-09-29" /><OBJECT OBJECTID="93619984" OBJECTGUID="ca9d050c-c7be-4ba8-8cae-a20bb5070f5f" CHANGEID="689646890" ISACTIVE="1" LEVELID="9" CREATEDATE="2019-09-30" UPDATEDATE="2025-09-29" /><OBJECT OBJECTID="92574694" OBJECTGUID="b919429a-37d4-4bac-9d8d-c6d84eb287c4" CHANGEID="689777702" ISACTIVE="1" LEVELID="9" CREATEDATE="2019-02-20" UPDATEDATE="2025-10-01" /><OBJECT OBJECTID="99602169" OBJECTGUID="bc573430-64f2-4d9a-8aec-c3b7cf03fad6" CHANGEID="689734547" ISACTIVE="1" LEVELID="9" CREATEDATE="2020-12-15" UPDATEDATE="2025-09-30" /><OBJECT OBJECTID="157441197" OBJECTGUID="c93a96c5-611d-4ab6-b6a3-d8de6dff9cab" CHANGEID="689646949" ISACTIVE="1" LEVELID="9" CREATEDATE="2022-12-09" UPDATEDATE="2025-09-29" /><OBJECT OBJECTID="93631114" OBJECTGUID="b472cac6-c580-4de1-9360-ee942dc3d07c" CHANGEID="689646916" ISACTIVE="1" LEVELID="9" CREATEDATE="2019-09-30" UPDATEDATE="2025-09-29" /><OBJECT OBJECTID="95772100" OBJECTGUID="be1f97e3-5760-4368-be8d-32b49620f973" CHANGEID="689646934" ISACTIVE="1" LEVELID="9" CREATEDATE="2020-02-27" UPDATEDATE="2025-09-29" /><OBJECT OBJECTID="93635799" OBJECTGUID="c636eba8-8b84-49ec-8a0e-243e1b380a35" CHANGEID="689646924" ISACTIVE="1" LEVELID="9" CREATEDATE="2019-09-30" UPDATEDATE="2025-09-29" /><OBJECT OBJECTID="93619206" OBJECTGUID="b99eb2c5-3447-4a31-be59-ac623315afb2" CHANGEID="689646863" ISACTIVE="1" LEVELID="9" CREATEDATE="2019-09-30" UPDATEDATE="2025-09-29" /><OBJECT OBJECTID="157816585" OBJECTGUID="bb651cb0-5bc1-4b38-9c6d-64c9e794b149" CHANGEID="689624548" ISACTIVE="1" LEVELID="9" CREATEDATE="2023-01-19" UPDATEDATE="2025-09-29" /><OBJECT OBJECTID="93634288" OBJECTGUID="b855309e-53bf-4e1e-8a07-087cbbb60022" CHANGEID="689646921" ISACTIVE="1" LEVELID="9" CREATEDATE="2019-09-30" UPDATEDATE="2025-09-29" /></REESTR_OBJECTS>