﻿<?xml version="1.0" encoding="utf-8"?><APARTMENTS><APARTMENT ID="111791463" OBJECTID="174910551" OBJECTGUID="fc91ef2e-da20-483a-85ae-9dadbd312b24" CHANGEID="689625217" NUMBER="1" APARTTYPE="2" OPERTYPEID="10" PREVID="0" NEXTID="0" UPDATEDATE="2025-09-29" STARTDATE="2025-09-29" ENDDATE="2079-06-06" ISACTUAL="1" ISACTIVE="1" /><APARTMENT ID="111791558" OBJECTID="174910638" OBJECTGUID="38973b20-fd98-4717-bcf4-6d90815e9de9" CHANGEID="689625325" NUMBER="1" APARTTYPE="2" OPERTYPEID="10" PREVID="0" NEXTID="0" UPDATEDATE="2025-09-29" STARTDATE="2025-09-29" ENDDATE="2079-06-06" ISACTUAL="1" ISACTIVE="1" /><APARTMENT ID="111805766" OBJECTID="174945994" OBJECTGUID="3ed8d449-ffc4-4f39-b5b1-22923f793583" CHANGEID="689702908" NUMBER="2" APARTTYPE="2" OPERTYPEID="10" PREVID="0" NEXTID="0" UPDATEDATE="2025-09-30" STARTDATE="2025-09-30" ENDDATE="2079-06-06" ISACTUAL="1" ISACTIVE="1" /><APARTMENT ID="111815563" OBJECTID="174983718" OBJECTGUID="b213e7b4-84a0-4f55-8ac9-f8669f68576c" CHANGEID="689803997" NUMBER="72" APARTTYPE="2" OPERTYPEID="10" PREVID="0" NEXTID="0" UPDATEDATE="2025-10-01" STARTDATE="2025-10-01" ENDDATE="2079-06-06" ISACTUAL="1" ISACTIVE="1" /><APARTMENT ID="111815561" OBJECTID="174983708" OBJECTGUID="c6c8832e-8b08-49f8-b560-99027266190e" CHANGEID="689803977" NUMBER="98" APARTTYPE="2" OPERTYPEID="10" PREVID="0" NEXTID="0" UPDATEDATE="2025-10-01" STARTDATE="2025-10-01" ENDDATE="2079-06-06" ISACTUAL="1" ISACTIVE="1" /><APARTMENT ID="111815667" OBJECTID="174983737" OBJECTGUID="9a501170-2b52-4bbf-89c2-b7e80ed05a3e" CHANGEID="689804145" NUMBER="105" APARTTYPE="2" OPERTYPEID="10" PREVID="0" NEXTID="0" UPDATEDATE="2025-10-01" STARTDATE="2025-10-01" ENDDATE="2079-06-06" ISACTUAL="1" ISACTIVE="1" /><APARTMENT ID="111815674" OBJECTID="174983753" OBJECTGUID="4b29fbf5-60c6-4677-bc5a-a066965548fb" CHANGEID="689804196" NUMBER="26" APARTTYPE="2" OPERTYPEID="10" PREVID="0" NEXTID="0" UPDATEDATE="2025-10-01" STARTDATE="2025-10-01" ENDDATE="2079-06-06" ISACTUAL="1" ISACTIVE="1" /><APARTMENT ID="111815779" OBJECTID="174983767" OBJECTGUID="58f44e42-69cd-415f-9b39-61d074282a3e" CHANGEID="689804324" NUMBER="212" APARTTYPE="2" OPERTYPEID="10" PREVID="0" NEXTID="0" UPDATEDATE="2025-10-01" STARTDATE="2025-10-01" ENDDATE="2079-06-06" ISACTUAL="1" ISACTIVE="1" /><APARTMENT ID="111815781" OBJECTID="174983790" OBJECTGUID="fb08b03c-b539-43f5-b304-da450558af4a" CHANGEID="689804499" NUMBER="141" APARTTYPE="2" OPERTYPEID="10" PREVID="0" NEXTID="0" UPDATEDATE="2025-10-01" STARTDATE="2025-10-01" ENDDATE="2079-06-06" ISACTUAL="1" ISACTIVE="1" /><APARTMENT ID="111815869" OBJECTID="174983822" OBJECTGUID="7e6dd7d1-bc79-4550-86e5-b0f260b823e9" CHANGEID="689804655" NUMBER="110" APARTTYPE="2" OPERTYPEID="10" PREVID="0" NEXTID="0" UPDATEDATE="2025-10-01" STARTDATE="2025-10-01" ENDDATE="2079-06-06" ISACTUAL="1" ISACTIVE="1" /><APARTMENT ID="111815879" OBJECTID="174983855" OBJECTGUID="daecffda-3843-4192-b803-4ead049972f4" CHANGEID="689804720" NUMBER="6" APARTTYPE="2" OPERTYPEID="10" PREVID="0" NEXTID="0" UPDATEDATE="2025-10-01" STARTDATE="2025-10-01" ENDDATE="2079-06-06" ISACTUAL="1" ISACTIVE="1" /><APARTMENT ID="111815881" OBJECTID="174983872" OBJECTGUID="71ba1055-2b97-4dcb-9297-ba0eb14e588a" CHANGEID="689804794" NUMBER="36" APARTTYPE="2" OPERTYPEID="10" PREVID="0" NEXTID="0" UPDATEDATE="2025-10-01" STARTDATE="2025-10-01" ENDDATE="2079-06-06" ISACTUAL="1" ISACTIVE="1" /><APARTMENT ID="111815868" OBJECTID="174983809" OBJECTGUID="d6c3b1ae-f60b-4061-abd7-c6818151ab0e" CHANGEID="689804634" NUMBER="34" APARTTYPE="2" OPERTYPEID="10" PREVID="0" NEXTID="0" UPDATEDATE="2025-10-01" STARTDATE="2025-10-01" ENDDATE="2079-06-06" ISACTUAL="1" ISACTIVE="1" /><APARTMENT ID="111815878" OBJECTID="174983851" OBJECTGUID="2ee0f1b9-f347-4956-9bcc-bb4e0f52f793" CHANGEID="689804715" NUMBER="4Н" APARTTYPE="1" OPERTYPEID="10" PREVID="0" NEXTID="0" UPDATEDATE="2025-10-01" STARTDATE="2025-10-01" ENDDATE="2079-06-06" ISACTUAL="1" ISACTIVE="1" /><APARTMENT ID="111816281" OBJECTID="174984726" OBJECTGUID="9bf53ef9-3a19-4557-9b21-432b36e38a30" CHANGEID="689806637" NUMBER="2" APARTTYPE="2" OPERTYPEID="10" PREVID="0" NEXTID="0" UPDATEDATE="2025-10-01" STARTDATE="2025-10-01" ENDDATE="2079-06-06" ISACTUAL="1" ISACTIVE="1" /></APARTMENTS>