﻿<?xml version="1.0" encoding="utf-8"?><STEADS><STEAD ID="2482619" OBJECTID="87026185" OBJECTGUID="5dcfdba9-985b-4d76-a7aa-ada44c022a6e" CHANGEID="128988596" NUMBER="1" OPERTYPEID="10" NEXTID="74181268" UPDATEDATE="2025-09-30" STARTDATE="2018-08-07" ENDDATE="2025-09-30" ISACTUAL="0" ISACTIVE="0" /><STEAD ID="3854589" OBJECTID="88393531" OBJECTGUID="820f12fe-f2bf-4229-85e5-f63c1e0092d7" CHANGEID="130691238" NUMBER="5" OPERTYPEID="10" NEXTID="74189073" UPDATEDATE="2025-09-30" STARTDATE="2017-08-16" ENDDATE="2025-09-30" ISACTUAL="0" ISACTIVE="0" /><STEAD ID="15169301" OBJECTID="103742673" OBJECTGUID="56daa4d1-9d7e-40cf-9f1f-019780b6e14d" CHANGEID="275757893" NUMBER="31" OPERTYPEID="10" PREVID="0" NEXTID="74197251" UPDATEDATE="2025-10-01" STARTDATE="2022-02-15" ENDDATE="2025-10-01" ISACTUAL="0" ISACTIVE="0" /><STEAD ID="67159605" OBJECTID="160792240" OBJECTGUID="48e6058c-9eff-4f2a-aeb7-5ba6c7a680c7" CHANGEID="568253243" NUMBER="02/9" OPERTYPEID="61" PREVID="67159596" NEXTID="74165524" UPDATEDATE="2025-09-29" STARTDATE="2023-10-23" ENDDATE="2025-09-29" ISACTUAL="0" ISACTIVE="0" /><STEAD ID="68089341" OBJECTID="163676494" OBJECTGUID="7dfcf5c1-88de-4466-bd97-7081275f776f" CHANGEID="596119072" NUMBER="19/2" OPERTYPEID="61" PREVID="68089339" NEXTID="74181660" UPDATEDATE="2025-09-30" STARTDATE="2024-05-28" ENDDATE="2025-09-30" ISACTUAL="0" ISACTIVE="0" /><STEAD ID="71042250" OBJECTID="169184159" OBJECTGUID="dbe211f9-9131-4dd5-a7ef-1c979895d23a" CHANGEID="610443550" NUMBER="19/1" OPERTYPEID="10" PREVID="0" NEXTID="74201403" UPDATEDATE="2025-10-01" STARTDATE="2024-12-26" ENDDATE="2025-10-01" ISACTUAL="0" ISACTIVE="0" /><STEAD ID="74163686" OBJECTID="174910924" OBJECTGUID="10b790d1-7818-4df1-94a2-c2bb487c271a" CHANGEID="689626475" NUMBER="3/2" OPERTYPEID="10" PREVID="0" NEXTID="0" UPDATEDATE="2025-09-29" STARTDATE="2025-09-29" ENDDATE="2079-06-06" ISACTUAL="1" ISACTIVE="1" /><STEAD ID="74163687" OBJECTID="174910925" OBJECTGUID="a798dd9b-2625-43cf-b7c2-9bfb11eb1edb" CHANGEID="689626477" NUMBER="25" OPERTYPEID="10" PREVID="0" NEXTID="0" UPDATEDATE="2025-09-29" STARTDATE="2025-09-29" ENDDATE="2079-06-06" ISACTUAL="1" ISACTIVE="1" /><STEAD ID="74163688" OBJECTID="174910927" OBJECTGUID="ca684067-4a12-4205-97f3-9ea8f524fa22" CHANGEID="689626482" NUMBER="3" OPERTYPEID="10" PREVID="0" NEXTID="0" UPDATEDATE="2025-09-29" STARTDATE="2025-09-29" ENDDATE="2079-06-06" ISACTUAL="1" ISACTIVE="1" /><STEAD ID="74164160" OBJECTID="174911560" OBJECTGUID="4c0cf613-2632-4bcf-9f18-7b36cd04a664" CHANGEID="689628560" NUMBER="8/2" OPERTYPEID="10" PREVID="0" NEXTID="0" UPDATEDATE="2025-09-29" STARTDATE="2025-09-29" ENDDATE="2079-06-06" ISACTUAL="1" ISACTIVE="1" /><STEAD ID="74165045" OBJECTID="174912684" OBJECTGUID="a3f645eb-82f3-44c5-a810-72914807e220" CHANGEID="689631394" NUMBER="16" OPERTYPEID="10" PREVID="0" NEXTID="0" UPDATEDATE="2025-09-29" STARTDATE="2025-09-29" ENDDATE="2079-06-06" ISACTUAL="1" ISACTIVE="1" /><STEAD ID="74165518" OBJECTID="174913407" OBJECTGUID="865b49bf-b271-4ddc-b351-c6aafec892db" CHANGEID="689633249" NUMBER="27/2" OPERTYPEID="10" PREVID="0" NEXTID="0" UPDATEDATE="2025-09-29" STARTDATE="2025-09-29" ENDDATE="2079-06-06" ISACTUAL="1" ISACTIVE="1" /><STEAD ID="74165524" OBJECTID="160792240" OBJECTGUID="48e6058c-9eff-4f2a-aeb7-5ba6c7a680c7" CHANGEID="689633272" NUMBER="02/9" OPERTYPEID="60" PREVID="67159605" UPDATEDATE="2025-09-29" STARTDATE="2025-09-29" ENDDATE="2079-06-06" ISACTUAL="1" ISACTIVE="0" /><STEAD ID="74165525" OBJECTID="174913415" OBJECTGUID="8854a2a3-01de-4ec3-83b2-58a70e8738e5" CHANGEID="689633273" NUMBER="02/10" OPERTYPEID="61" PREVID="74165524" NEXTID="0" UPDATEDATE="2025-09-29" STARTDATE="2025-09-29" ENDDATE="2079-06-06" ISACTUAL="1" ISACTIVE="1" /><STEAD ID="74165526" OBJECTID="174913416" OBJECTGUID="14c68a1b-9656-4b2d-9b90-3a784b7dbfd2" CHANGEID="689633274" NUMBER="02/9" OPERTYPEID="61" PREVID="74165524" NEXTID="0" UPDATEDATE="2025-09-29" STARTDATE="2025-09-29" ENDDATE="2079-06-06" ISACTUAL="1" ISACTIVE="1" /><STEAD ID="74166054" OBJECTID="174914257" OBJECTGUID="59198054-ddd8-4b64-87f6-54e3c48606d7" CHANGEID="689635125" NUMBER="29" OPERTYPEID="10" PREVID="0" NEXTID="0" UPDATEDATE="2025-09-29" STARTDATE="2025-09-29" ENDDATE="2079-06-06" ISACTUAL="1" ISACTIVE="1" /><STEAD ID="74173314" OBJECTID="174930386" OBJECTGUID="0fa7487e-eabd-4fcd-8f87-3642682fba72" CHANGEID="689669425" NUMBER="2А" OPERTYPEID="10" PREVID="0" NEXTID="0" UPDATEDATE="2025-09-29" STARTDATE="2025-09-29" ENDDATE="2079-06-06" ISACTUAL="1" ISACTIVE="1" /><STEAD ID="74173343" OBJECTID="174930426" OBJECTGUID="4e7a8580-036c-457f-af98-b0cd5c25b2e7" CHANGEID="689669550" NUMBER="38" OPERTYPEID="10" PREVID="0" NEXTID="0" UPDATEDATE="2025-09-29" STARTDATE="2025-09-29" ENDDATE="2079-06-06" ISACTUAL="1" ISACTIVE="1" /><STEAD ID="74173378" OBJECTID="174930470" OBJECTGUID="f089b2c8-dffd-414f-901b-673a3dee6c89" CHANGEID="689669621" NUMBER="10" OPERTYPEID="10" PREVID="0" NEXTID="0" UPDATEDATE="2025-09-29" STARTDATE="2025-09-29" ENDDATE="2079-06-06" ISACTUAL="1" ISACTIVE="1" /><STEAD ID="74173407" OBJECTID="174930505" OBJECTGUID="088e7782-6783-47c9-875e-e3bdaf9c19c6" CHANGEID="689669771" NUMBER="17" OPERTYPEID="10" PREVID="0" NEXTID="0" UPDATEDATE="2025-09-29" STARTDATE="2025-09-29" ENDDATE="2079-06-06" ISACTUAL="1" ISACTIVE="1" /><STEAD ID="74173432" OBJECTID="174930533" OBJECTGUID="02bdfce5-b5cd-45c1-a070-b1de635549ac" CHANGEID="689669823" NUMBER="40" OPERTYPEID="10" PREVID="0" NEXTID="0" UPDATEDATE="2025-09-29" STARTDATE="2025-09-29" ENDDATE="2079-06-06" ISACTUAL="1" ISACTIVE="1" /><STEAD ID="74173473" OBJECTID="174930581" OBJECTGUID="032e78d8-f74a-4a5b-9856-679d1232b848" CHANGEID="689669887" NUMBER="3" OPERTYPEID="10" PREVID="0" NEXTID="0" UPDATEDATE="2025-09-29" STARTDATE="2025-09-29" ENDDATE="2079-06-06" ISACTUAL="1" ISACTIVE="1" /><STEAD ID="74173593" OBJECTID="174930714" OBJECTGUID="0b4123f8-1f37-4d16-aaf3-7aeccfb4aec0" CHANGEID="689670114" NUMBER="1/2" OPERTYPEID="10" PREVID="0" NEXTID="0" UPDATEDATE="2025-09-29" STARTDATE="2025-09-29" ENDDATE="2079-06-06" ISACTUAL="1" ISACTIVE="1" /><STEAD ID="74173609" OBJECTID="174930763" OBJECTGUID="e4c46693-fae4-4902-871e-cb202f6d83ed" CHANGEID="689670179" NUMBER="6А/2" OPERTYPEID="10" PREVID="0" NEXTID="0" UPDATEDATE="2025-09-29" STARTDATE="2025-09-29" ENDDATE="2079-06-06" ISACTUAL="1" ISACTIVE="1" /><STEAD ID="74173628" OBJECTID="174930795" OBJECTGUID="ce7febc0-6c9e-451b-ba4f-ce11060b6d6e" CHANGEID="689670239" NUMBER="13" OPERTYPEID="10" PREVID="0" NEXTID="0" UPDATEDATE="2025-09-29" STARTDATE="2025-09-29" ENDDATE="2079-06-06" ISACTUAL="1" ISACTIVE="1" /><STEAD ID="74173690" OBJECTID="174930878" OBJECTGUID="b834054f-5da6-4d3b-a998-8b6a496bb3d2" CHANGEID="689670383" NUMBER="5/1" OPERTYPEID="10" PREVID="0" NEXTID="0" UPDATEDATE="2025-09-29" STARTDATE="2025-09-29" ENDDATE="2079-06-06" ISACTUAL="1" ISACTIVE="1" /><STEAD ID="74173660" OBJECTID="174930841" OBJECTGUID="9c478a1a-f9be-4447-8bd9-c0632299f9b4" CHANGEID="689670320" NUMBER="11" OPERTYPEID="10" PREVID="0" NEXTID="0" UPDATEDATE="2025-09-29" STARTDATE="2025-09-29" ENDDATE="2079-06-06" ISACTUAL="1" ISACTIVE="1" /><STEAD ID="74173971" OBJECTID="174931561" OBJECTGUID="1bb02887-6808-4b72-b1f1-8855da910460" CHANGEID="689671523" NUMBER="7/2" OPERTYPEID="10" PREVID="0" NEXTID="0" UPDATEDATE="2025-09-29" STARTDATE="2025-09-29" ENDDATE="2079-06-06" ISACTUAL="1" ISACTIVE="1" /><STEAD ID="74173979" OBJECTID="174931573" OBJECTGUID="b158318b-669a-4d8d-a612-3635d1f079b5" CHANGEID="689671551" NUMBER="6" OPERTYPEID="10" PREVID="0" NEXTID="0" UPDATEDATE="2025-09-29" STARTDATE="2025-09-29" ENDDATE="2079-06-06" ISACTUAL="1" ISACTIVE="1" /><STEAD ID="74173996" OBJECTID="174931603" OBJECTGUID="4ec80b3d-d145-41b7-a3a9-c5497c32e15e" CHANGEID="689671641" NUMBER="44" OPERTYPEID="10" PREVID="0" NEXTID="0" UPDATEDATE="2025-09-29" STARTDATE="2025-09-29" ENDDATE="2079-06-06" ISACTUAL="1" ISACTIVE="1" /><STEAD ID="74174015" OBJECTID="174931735" OBJECTGUID="9a5d0402-4a1a-4795-82c3-d8ff1b981938" CHANGEID="689671891" NUMBER="11А/1" OPERTYPEID="10" PREVID="0" NEXTID="0" UPDATEDATE="2025-09-29" STARTDATE="2025-09-29" ENDDATE="2079-06-06" ISACTUAL="1" ISACTIVE="1" /><STEAD ID="74174046" OBJECTID="174931773" OBJECTGUID="bbeb94a2-b128-4516-9215-da5ba5852116" CHANGEID="689672011" NUMBER="29/1" OPERTYPEID="10" PREVID="0" NEXTID="0" UPDATEDATE="2025-09-29" STARTDATE="2025-09-29" ENDDATE="2079-06-06" ISACTUAL="1" ISACTIVE="1" /><STEAD ID="74174088" OBJECTID="174931826" OBJECTGUID="313c4559-a11f-497e-8f57-f69ecc093b52" CHANGEID="689672352" NUMBER="10/1" OPERTYPEID="10" PREVID="0" NEXTID="0" UPDATEDATE="2025-09-29" STARTDATE="2025-09-29" ENDDATE="2079-06-06" ISACTUAL="1" ISACTIVE="1" /><STEAD ID="74174004" OBJECTID="174931613" OBJECTGUID="caa80c30-0e94-41f6-b234-25169f0693ac" CHANGEID="689671739" NUMBER="9/2" OPERTYPEID="10" PREVID="0" NEXTID="0" UPDATEDATE="2025-09-29" STARTDATE="2025-09-29" ENDDATE="2079-06-06" ISACTUAL="1" ISACTIVE="1" /><STEAD ID="74174059" OBJECTID="174931788" OBJECTGUID="5fcb8ee8-80d5-4bb1-92d0-ade1bb7a70d7" CHANGEID="689672081" NUMBER="20/1" OPERTYPEID="10" PREVID="0" NEXTID="0" UPDATEDATE="2025-09-29" STARTDATE="2025-09-29" ENDDATE="2079-06-06" ISACTUAL="1" ISACTIVE="1" /><STEAD ID="74174075" OBJECTID="174931808" OBJECTGUID="992fbf93-678e-4d15-a301-8e7ae5edd0d6" CHANGEID="689672169" NUMBER="23/1" OPERTYPEID="10" PREVID="0" NEXTID="0" UPDATEDATE="2025-09-29" STARTDATE="2025-09-29" ENDDATE="2079-06-06" ISACTUAL="1" ISACTIVE="1" /><STEAD ID="74174098" OBJECTID="174931848" OBJECTGUID="c99487e4-d2ea-4a82-9f9e-f62b83ef41f7" CHANGEID="689672391" NUMBER="19/2" OPERTYPEID="10" PREVID="0" NEXTID="0" UPDATEDATE="2025-09-29" STARTDATE="2025-09-29" ENDDATE="2079-06-06" ISACTUAL="1" ISACTIVE="1" /><STEAD ID="74174161" OBJECTID="174932108" OBJECTGUID="cf42eabd-45db-4f00-b5fe-d6aa4b92662f" CHANGEID="689672692" NUMBER="9/1" OPERTYPEID="10" PREVID="0" NEXTID="0" UPDATEDATE="2025-09-29" STARTDATE="2025-09-29" ENDDATE="2079-06-06" ISACTUAL="1" ISACTIVE="1" /><STEAD ID="74174169" OBJECTID="174932117" OBJECTGUID="474a3516-3f64-4946-982d-293dd5305d1f" CHANGEID="689672710" NUMBER="1/1" OPERTYPEID="10" PREVID="0" NEXTID="0" UPDATEDATE="2025-09-29" STARTDATE="2025-09-29" ENDDATE="2079-06-06" ISACTUAL="1" ISACTIVE="1" /><STEAD ID="74174233" OBJECTID="174932203" OBJECTGUID="53760549-d7b3-4faf-9d99-b9ca53116705" CHANGEID="689672854" NUMBER="1/2" OPERTYPEID="10" PREVID="0" NEXTID="0" UPDATEDATE="2025-09-29" STARTDATE="2025-09-29" ENDDATE="2079-06-06" ISACTUAL="1" ISACTIVE="1" /><STEAD ID="74180607" OBJECTID="174945748" OBJECTGUID="6d382f65-07fc-4d60-a152-e29f7ac1ee0d" CHANGEID="689702279" NUMBER="6" OPERTYPEID="10" PREVID="0" NEXTID="0" UPDATEDATE="2025-09-30" STARTDATE="2025-09-30" ENDDATE="2079-06-06" ISACTUAL="1" ISACTIVE="1" /><STEAD ID="74180770" OBJECTID="174945968" OBJECTGUID="652b345f-ea8e-4314-a842-e23811bff59b" CHANGEID="689702877" NUMBER="6/1" OPERTYPEID="10" PREVID="0" NEXTID="0" UPDATEDATE="2025-09-30" STARTDATE="2025-09-30" ENDDATE="2079-06-06" ISACTUAL="1" ISACTIVE="1" /><STEAD ID="74180792" OBJECTID="174946000" OBJECTGUID="5fe2c2ab-991f-4c18-9ae2-bcb373157cec" CHANGEID="689702918" NUMBER="15/1" OPERTYPEID="10" PREVID="0" NEXTID="0" UPDATEDATE="2025-09-30" STARTDATE="2025-09-30" ENDDATE="2079-06-06" ISACTUAL="1" ISACTIVE="1" /><STEAD ID="74180795" OBJECTID="174946008" OBJECTGUID="75f76b4d-b02f-4f9e-b97c-01a291ec37e1" CHANGEID="689702929" NUMBER="22" OPERTYPEID="10" PREVID="0" NEXTID="0" UPDATEDATE="2025-09-30" STARTDATE="2025-09-30" ENDDATE="2079-06-06" ISACTUAL="1" ISACTIVE="1" /><STEAD ID="74181211" OBJECTID="174946920" OBJECTGUID="464c0d23-2abf-408e-9a67-09e05f9d00da" CHANGEID="689704499" NUMBER="13" OPERTYPEID="10" PREVID="0" NEXTID="0" UPDATEDATE="2025-09-30" STARTDATE="2025-09-30" ENDDATE="2079-06-06" ISACTUAL="1" ISACTIVE="1" /><STEAD ID="74181268" OBJECTID="87026185" OBJECTGUID="5dcfdba9-985b-4d76-a7aa-ada44c022a6e" CHANGEID="689704704" NUMBER="1" OPERTYPEID="60" PREVID="2482619" UPDATEDATE="2025-09-30" STARTDATE="2025-09-30" ENDDATE="2079-06-06" ISACTUAL="1" ISACTIVE="0" /><STEAD ID="74181269" OBJECTID="174947009" OBJECTGUID="0c9bba99-1b8e-49d5-98af-8b610d72d6f3" CHANGEID="689704705" NUMBER="1А" OPERTYPEID="61" PREVID="74181268" NEXTID="0" UPDATEDATE="2025-09-30" STARTDATE="2025-09-30" ENDDATE="2079-06-06" ISACTUAL="1" ISACTIVE="1" /><STEAD ID="74181270" OBJECTID="174947010" OBJECTGUID="899f09a8-7503-475e-aa6c-64c0afe181d1" CHANGEID="689704706" NUMBER="1" OPERTYPEID="61" PREVID="74181268" NEXTID="0" UPDATEDATE="2025-09-30" STARTDATE="2025-09-30" ENDDATE="2079-06-06" ISACTUAL="1" ISACTIVE="1" /><STEAD ID="74181353" OBJECTID="166000075" OBJECTGUID="ea84b2c0-5449-4514-943b-ad35c4fea411" CHANGEID="689704824" NUMBER="18/2" OPERTYPEID="60" PREVID="69168873" UPDATEDATE="2025-09-30" STARTDATE="2025-09-30" ENDDATE="2079-06-06" ISACTUAL="1" ISACTIVE="0" /><STEAD ID="69168873" OBJECTID="166000075" OBJECTGUID="ea84b2c0-5449-4514-943b-ad35c4fea411" CHANGEID="603801977" NUMBER="18/2" OPERTYPEID="10" PREVID="0" NEXTID="74181353" UPDATEDATE="2025-09-30" STARTDATE="2024-10-08" ENDDATE="2025-09-30" ISACTUAL="0" ISACTIVE="0" /><STEAD ID="74181354" OBJECTID="174947095" OBJECTGUID="88367da9-e351-4f90-84a8-54bd284d87a7" CHANGEID="689704825" NUMBER="20" OPERTYPEID="61" PREVID="74181353" NEXTID="0" UPDATEDATE="2025-09-30" STARTDATE="2025-09-30" ENDDATE="2079-06-06" ISACTUAL="1" ISACTIVE="1" /><STEAD ID="74181355" OBJECTID="174947096" OBJECTGUID="7ddd315f-3c98-4563-8470-1125d4116dda" CHANGEID="689704826" NUMBER="18/2" OPERTYPEID="61" PREVID="74181353" NEXTID="0" UPDATEDATE="2025-09-30" STARTDATE="2025-09-30" ENDDATE="2079-06-06" ISACTUAL="1" ISACTIVE="1" /><STEAD ID="74181592" OBJECTID="86020371" OBJECTGUID="a97cf672-ae64-47a5-822b-4ac43464a3fe" CHANGEID="689705632" NUMBER="2" OPERTYPEID="60" PREVID="1472401" UPDATEDATE="2025-09-30" STARTDATE="2025-09-30" ENDDATE="2079-06-06" ISACTUAL="1" ISACTIVE="0" /><STEAD ID="1472401" OBJECTID="86020371" OBJECTGUID="a97cf672-ae64-47a5-822b-4ac43464a3fe" CHANGEID="127661829" NUMBER="2" OPERTYPEID="10" NEXTID="74181592" UPDATEDATE="2025-09-30" STARTDATE="2015-11-11" ENDDATE="2025-09-30" ISACTUAL="0" ISACTIVE="0" /><STEAD ID="74181593" OBJECTID="174947475" OBJECTGUID="0431c1f7-7f9a-4ab1-92ae-bab38d2c8adb" CHANGEID="689705633" NUMBER="2" OPERTYPEID="61" PREVID="74181592" NEXTID="0" UPDATEDATE="2025-09-30" STARTDATE="2025-09-30" ENDDATE="2079-06-06" ISACTUAL="1" ISACTIVE="1" /><STEAD ID="74181594" OBJECTID="174947476" OBJECTGUID="507e29fb-4abc-4f90-b094-1bcb990610cf" CHANGEID="689705634" NUMBER="2А" OPERTYPEID="61" PREVID="74181592" NEXTID="0" UPDATEDATE="2025-09-30" STARTDATE="2025-09-30" ENDDATE="2079-06-06" ISACTUAL="1" ISACTIVE="1" /><STEAD ID="74181660" OBJECTID="163676494" OBJECTGUID="7dfcf5c1-88de-4466-bd97-7081275f776f" CHANGEID="689705881" NUMBER="19/2" OPERTYPEID="60" PREVID="68089341" UPDATEDATE="2025-09-30" STARTDATE="2025-09-30" ENDDATE="2079-06-06" ISACTUAL="1" ISACTIVE="0" /><STEAD ID="74181661" OBJECTID="174947660" OBJECTGUID="b3c9c018-6c7a-4ba0-9a4d-c67f83b92ff9" CHANGEID="689705882" NUMBER="19/2" OPERTYPEID="61" PREVID="74181660" NEXTID="0" UPDATEDATE="2025-09-30" STARTDATE="2025-09-30" ENDDATE="2079-06-06" ISACTUAL="1" ISACTIVE="1" /><STEAD ID="74181662" OBJECTID="174947661" OBJECTGUID="71c7fb69-f1aa-4181-bf4d-b31f3405883b" CHANGEID="689705883" NUMBER="19/26" OPERTYPEID="61" PREVID="74181660" NEXTID="0" UPDATEDATE="2025-09-30" STARTDATE="2025-09-30" ENDDATE="2079-06-06" ISACTUAL="1" ISACTIVE="1" /><STEAD ID="74181663" OBJECTID="174947662" OBJECTGUID="eb522b61-c4a8-40ea-950e-b6a57e3bd9c5" CHANGEID="689705884" NUMBER="19/25" OPERTYPEID="61" PREVID="74181660" NEXTID="0" UPDATEDATE="2025-09-30" STARTDATE="2025-09-30" ENDDATE="2079-06-06" ISACTUAL="1" ISACTIVE="1" /><STEAD ID="74181664" OBJECTID="174947663" OBJECTGUID="43af6e6c-114d-46a0-bb8b-317dc19815f2" CHANGEID="689705885" NUMBER="19/24" OPERTYPEID="61" PREVID="74181660" NEXTID="0" UPDATEDATE="2025-09-30" STARTDATE="2025-09-30" ENDDATE="2079-06-06" ISACTUAL="1" ISACTIVE="1" /><STEAD ID="74181665" OBJECTID="174947664" OBJECTGUID="b0e93b71-0b40-4eb4-84b3-79bbe6716040" CHANGEID="689705886" NUMBER="19/23" OPERTYPEID="61" PREVID="74181660" NEXTID="0" UPDATEDATE="2025-09-30" STARTDATE="2025-09-30" ENDDATE="2079-06-06" ISACTUAL="1" ISACTIVE="1" /><STEAD ID="74181666" OBJECTID="174947665" OBJECTGUID="c32db09f-7b0c-49bb-a3ed-d7b53c589f15" CHANGEID="689705887" NUMBER="19/22" OPERTYPEID="61" PREVID="74181660" NEXTID="0" UPDATEDATE="2025-09-30" STARTDATE="2025-09-30" ENDDATE="2079-06-06" ISACTUAL="1" ISACTIVE="1" /><STEAD ID="74181667" OBJECTID="174947666" OBJECTGUID="a636529c-5e8a-41ed-a414-0c4dccea630c" CHANGEID="689705888" NUMBER="19/21" OPERTYPEID="61" PREVID="74181660" NEXTID="0" UPDATEDATE="2025-09-30" STARTDATE="2025-09-30" ENDDATE="2079-06-06" ISACTUAL="1" ISACTIVE="1" /><STEAD ID="74181668" OBJECTID="174947667" OBJECTGUID="b1a9f27d-1025-43a9-9b93-8215ac3b2cae" CHANGEID="689705889" NUMBER="19/20" OPERTYPEID="61" PREVID="74181660" NEXTID="0" UPDATEDATE="2025-09-30" STARTDATE="2025-09-30" ENDDATE="2079-06-06" ISACTUAL="1" ISACTIVE="1" /><STEAD ID="74181669" OBJECTID="174947668" OBJECTGUID="742ef963-0685-4005-805f-9b1f404e9d67" CHANGEID="689705890" NUMBER="19/19" OPERTYPEID="61" PREVID="74181660" NEXTID="0" UPDATEDATE="2025-09-30" STARTDATE="2025-09-30" ENDDATE="2079-06-06" ISACTUAL="1" ISACTIVE="1" /><STEAD ID="74181670" OBJECTID="174947669" OBJECTGUID="2f9f2b82-eaa6-4bd0-a810-f4391233ec9a" CHANGEID="689705891" NUMBER="19/18" OPERTYPEID="61" PREVID="74181660" NEXTID="0" UPDATEDATE="2025-09-30" STARTDATE="2025-09-30" ENDDATE="2079-06-06" ISACTUAL="1" ISACTIVE="1" /><STEAD ID="74181671" OBJECTID="174947670" OBJECTGUID="19fee8b2-ea7d-40ca-b863-c0665051e4af" CHANGEID="689705892" NUMBER="19/17" OPERTYPEID="61" PREVID="74181660" NEXTID="0" UPDATEDATE="2025-09-30" STARTDATE="2025-09-30" ENDDATE="2079-06-06" ISACTUAL="1" ISACTIVE="1" /><STEAD ID="74181672" OBJECTID="174947671" OBJECTGUID="290c6180-5d30-4723-8c0e-3c09dcb48bcf" CHANGEID="689705893" NUMBER="19/16" OPERTYPEID="61" PREVID="74181660" NEXTID="0" UPDATEDATE="2025-09-30" STARTDATE="2025-09-30" ENDDATE="2079-06-06" ISACTUAL="1" ISACTIVE="1" /><STEAD ID="74181673" OBJECTID="174947672" OBJECTGUID="8f018c38-bf52-48ec-938c-259e9a211dcf" CHANGEID="689705894" NUMBER="19/15" OPERTYPEID="61" PREVID="74181660" NEXTID="0" UPDATEDATE="2025-09-30" STARTDATE="2025-09-30" ENDDATE="2079-06-06" ISACTUAL="1" ISACTIVE="1" /><STEAD ID="74181674" OBJECTID="174947673" OBJECTGUID="cee7e2c4-85b4-4c21-864d-fb1a56ac570d" CHANGEID="689705895" NUMBER="19/14" OPERTYPEID="61" PREVID="74181660" NEXTID="0" UPDATEDATE="2025-09-30" STARTDATE="2025-09-30" ENDDATE="2079-06-06" ISACTUAL="1" ISACTIVE="1" /><STEAD ID="74181675" OBJECTID="174947674" OBJECTGUID="7ccebe38-9c6a-43cd-894a-e4921f159c68" CHANGEID="689705896" NUMBER="19/13" OPERTYPEID="61" PREVID="74181660" NEXTID="0" UPDATEDATE="2025-09-30" STARTDATE="2025-09-30" ENDDATE="2079-06-06" ISACTUAL="1" ISACTIVE="1" /><STEAD ID="74181676" OBJECTID="174947675" OBJECTGUID="c304549e-31ea-47e4-8b44-79f492e6f43a" CHANGEID="689705897" NUMBER="19/12" OPERTYPEID="61" PREVID="74181660" NEXTID="0" UPDATEDATE="2025-09-30" STARTDATE="2025-09-30" ENDDATE="2079-06-06" ISACTUAL="1" ISACTIVE="1" /><STEAD ID="74181677" OBJECTID="174947676" OBJECTGUID="eb95e112-123e-44dd-a211-07d7f25172fb" CHANGEID="689705898" NUMBER="19/11" OPERTYPEID="61" PREVID="74181660" NEXTID="0" UPDATEDATE="2025-09-30" STARTDATE="2025-09-30" ENDDATE="2079-06-06" ISACTUAL="1" ISACTIVE="1" /><STEAD ID="74181678" OBJECTID="174947677" OBJECTGUID="da112c8e-9556-4963-9bfe-ddb25fbf521f" CHANGEID="689705899" NUMBER="19/8" OPERTYPEID="61" PREVID="74181660" NEXTID="0" UPDATEDATE="2025-09-30" STARTDATE="2025-09-30" ENDDATE="2079-06-06" ISACTUAL="1" ISACTIVE="1" /><STEAD ID="74181679" OBJECTID="174947678" OBJECTGUID="eec9131d-3e54-4867-8187-115197f24a6b" CHANGEID="689705900" NUMBER="19/7" OPERTYPEID="61" PREVID="74181660" NEXTID="0" UPDATEDATE="2025-09-30" STARTDATE="2025-09-30" ENDDATE="2079-06-06" ISACTUAL="1" ISACTIVE="1" /><STEAD ID="74181680" OBJECTID="174947679" OBJECTGUID="0760ecfd-bff4-45f3-af76-f63379236ff7" CHANGEID="689705901" NUMBER="19/6" OPERTYPEID="61" PREVID="74181660" NEXTID="0" UPDATEDATE="2025-09-30" STARTDATE="2025-09-30" ENDDATE="2079-06-06" ISACTUAL="1" ISACTIVE="1" /><STEAD ID="74181681" OBJECTID="174947680" OBJECTGUID="5c0833b8-e5d3-46fb-a114-cb0077d7abea" CHANGEID="689705902" NUMBER="19/5" OPERTYPEID="61" PREVID="74181660" NEXTID="0" UPDATEDATE="2025-09-30" STARTDATE="2025-09-30" ENDDATE="2079-06-06" ISACTUAL="1" ISACTIVE="1" /><STEAD ID="74181682" OBJECTID="174947681" OBJECTGUID="5f7d1271-624e-47bb-b89a-020f9482ad3f" CHANGEID="689705903" NUMBER="19/28" OPERTYPEID="61" PREVID="74181660" NEXTID="0" UPDATEDATE="2025-09-30" STARTDATE="2025-09-30" ENDDATE="2079-06-06" ISACTUAL="1" ISACTIVE="1" /><STEAD ID="74181683" OBJECTID="174947682" OBJECTGUID="66f08e1e-303c-4dde-8eca-0b2c977da6e5" CHANGEID="689705904" NUMBER="19/27" OPERTYPEID="61" PREVID="74181660" NEXTID="0" UPDATEDATE="2025-09-30" STARTDATE="2025-09-30" ENDDATE="2079-06-06" ISACTUAL="1" ISACTIVE="1" /><STEAD ID="74181684" OBJECTID="174947683" OBJECTGUID="19cb746d-1889-497d-a3c3-863310712f6a" CHANGEID="689705905" NUMBER="19/10" OPERTYPEID="61" PREVID="74181660" NEXTID="0" UPDATEDATE="2025-09-30" STARTDATE="2025-09-30" ENDDATE="2079-06-06" ISACTUAL="1" ISACTIVE="1" /><STEAD ID="74181685" OBJECTID="174947684" OBJECTGUID="fc3d8e05-91ab-48ab-a900-d838ff91e65d" CHANGEID="689705906" NUMBER="19/9" OPERTYPEID="61" PREVID="74181660" NEXTID="0" UPDATEDATE="2025-09-30" STARTDATE="2025-09-30" ENDDATE="2079-06-06" ISACTUAL="1" ISACTIVE="1" /><STEAD ID="74182352" OBJECTID="104198778" OBJECTGUID="e2cc0525-1964-420f-95d2-103665a74748" CHANGEID="689707514" NUMBER="36" OPERTYPEID="60" PREVID="15351403" UPDATEDATE="2025-09-30" STARTDATE="2025-09-30" ENDDATE="2079-06-06" ISACTUAL="1" ISACTIVE="0" /><STEAD ID="15351403" OBJECTID="104198778" OBJECTGUID="e2cc0525-1964-420f-95d2-103665a74748" CHANGEID="281164049" NUMBER="36" OPERTYPEID="10" PREVID="0" NEXTID="74182352" UPDATEDATE="2025-09-30" STARTDATE="2022-04-11" ENDDATE="2025-09-30" ISACTUAL="0" ISACTIVE="0" /><STEAD ID="74182353" OBJECTID="174948662" OBJECTGUID="41217dd8-c81c-4b7f-aba3-759fd50fb091" CHANGEID="689707515" NUMBER="36А" OPERTYPEID="61" PREVID="74182352" NEXTID="0" UPDATEDATE="2025-09-30" STARTDATE="2025-09-30" ENDDATE="2079-06-06" ISACTUAL="1" ISACTIVE="1" /><STEAD ID="74182354" OBJECTID="174948663" OBJECTGUID="db82d4ca-176d-48a1-bb40-aed706f8cb7c" CHANGEID="689707516" NUMBER="36" OPERTYPEID="61" PREVID="74182352" NEXTID="0" UPDATEDATE="2025-09-30" STARTDATE="2025-09-30" ENDDATE="2079-06-06" ISACTUAL="1" ISACTIVE="1" /><STEAD ID="74182359" OBJECTID="174948669" OBJECTGUID="6e9cf598-d894-4e86-9c42-a85533b5dd7d" CHANGEID="689707528" NUMBER="2" OPERTYPEID="10" PREVID="0" NEXTID="0" UPDATEDATE="2025-09-30" STARTDATE="2025-09-30" ENDDATE="2079-06-06" ISACTUAL="1" ISACTIVE="1" /><STEAD ID="74185194" OBJECTID="174952634" OBJECTGUID="3a739afb-bdfd-44b8-a6a1-576f0f1efd46" CHANGEID="689717844" NUMBER="3" OPERTYPEID="10" PREVID="0" NEXTID="0" UPDATEDATE="2025-09-30" STARTDATE="2025-09-30" ENDDATE="2079-06-06" ISACTUAL="1" ISACTIVE="1" /><STEAD ID="74185419" OBJECTID="174952997" OBJECTGUID="a584090e-a55c-42ca-b14c-323faada0098" CHANGEID="689718582" NUMBER="146/1" OPERTYPEID="10" PREVID="0" NEXTID="0" UPDATEDATE="2025-09-30" STARTDATE="2025-09-30" ENDDATE="2079-06-06" ISACTUAL="1" ISACTIVE="1" /><STEAD ID="74186976" OBJECTID="174955291" OBJECTGUID="b0d6743d-9c49-4214-a765-9b939e3e6713" CHANGEID="689723422" NUMBER="2" OPERTYPEID="10" PREVID="0" NEXTID="0" UPDATEDATE="2025-09-30" STARTDATE="2025-09-30" ENDDATE="2079-06-06" ISACTUAL="1" ISACTIVE="1" /><STEAD ID="74186990" OBJECTID="174955317" OBJECTGUID="dd98a293-9bd8-49a9-a865-eaf110eb47c7" CHANGEID="689723467" NUMBER="4" OPERTYPEID="10" PREVID="0" NEXTID="0" UPDATEDATE="2025-09-30" STARTDATE="2025-09-30" ENDDATE="2079-06-06" ISACTUAL="1" ISACTIVE="1" /><STEAD ID="74187646" OBJECTID="174956430" OBJECTGUID="d0dcfc5c-5b82-4e75-a19f-e866c71e378d" CHANGEID="689725683" NUMBER="6" OPERTYPEID="10" PREVID="0" NEXTID="0" UPDATEDATE="2025-09-30" STARTDATE="2025-09-30" ENDDATE="2079-06-06" ISACTUAL="1" ISACTIVE="1" /><STEAD ID="74188311" OBJECTID="174957839" OBJECTGUID="13f23199-b190-4b49-ae11-2e6586fe9679" CHANGEID="689729599" NUMBER="157" OPERTYPEID="10" PREVID="0" NEXTID="0" UPDATEDATE="2025-09-30" STARTDATE="2025-09-30" ENDDATE="2079-06-06" ISACTUAL="1" ISACTIVE="1" /><STEAD ID="74188421" OBJECTID="174957964" OBJECTGUID="560a915c-bbca-48f8-b4ea-574702c30592" CHANGEID="689729950" NUMBER="21/1" OPERTYPEID="10" PREVID="0" NEXTID="0" UPDATEDATE="2025-09-30" STARTDATE="2025-09-30" ENDDATE="2079-06-06" ISACTUAL="1" ISACTIVE="1" /><STEAD ID="74188481" OBJECTID="174958059" OBJECTGUID="f648da7c-518d-4676-a63e-c5aefdf51eda" CHANGEID="689730142" NUMBER="6/1" OPERTYPEID="10" PREVID="0" NEXTID="0" UPDATEDATE="2025-09-30" STARTDATE="2025-09-30" ENDDATE="2079-06-06" ISACTUAL="1" ISACTIVE="1" /><STEAD ID="74188573" OBJECTID="174958198" OBJECTGUID="fcd8a8a9-faf0-4993-8795-16e5fe51a163" CHANGEID="689730441" NUMBER="18" OPERTYPEID="10" PREVID="0" NEXTID="0" UPDATEDATE="2025-09-30" STARTDATE="2025-09-30" ENDDATE="2079-06-06" ISACTUAL="1" ISACTIVE="1" /><STEAD ID="74188770" OBJECTID="174958526" OBJECTGUID="02dc6040-a811-4a61-92f3-61a63d795fa6" CHANGEID="689731833" NUMBER="12" OPERTYPEID="10" PREVID="0" NEXTID="0" UPDATEDATE="2025-09-30" STARTDATE="2025-09-30" ENDDATE="2079-06-06" ISACTUAL="1" ISACTIVE="1" /><STEAD ID="74188721" OBJECTID="174958455" OBJECTGUID="8d26b07d-f6da-4fbc-b537-7e7328466702" CHANGEID="689731507" NUMBER="4А" OPERTYPEID="10" PREVID="0" NEXTID="0" UPDATEDATE="2025-09-30" STARTDATE="2025-09-30" ENDDATE="2079-06-06" ISACTUAL="1" ISACTIVE="1" /><STEAD ID="74188723" OBJECTID="174958458" OBJECTGUID="3a03c127-08ba-4eb7-bdba-f2c687c0864d" CHANGEID="689731570" NUMBER="10" OPERTYPEID="10" PREVID="0" NEXTID="0" UPDATEDATE="2025-09-30" STARTDATE="2025-09-30" ENDDATE="2079-06-06" ISACTUAL="1" ISACTIVE="1" /><STEAD ID="74188793" OBJECTID="174958561" OBJECTGUID="2a323691-87e3-4c19-a41b-8843f0f5924c" CHANGEID="689731956" NUMBER="14" OPERTYPEID="10" PREVID="0" NEXTID="0" UPDATEDATE="2025-09-30" STARTDATE="2025-09-30" ENDDATE="2079-06-06" ISACTUAL="1" ISACTIVE="1" /><STEAD ID="74188812" OBJECTID="174958585" OBJECTGUID="dea4b426-49dd-4029-823b-1b69b4fa9f07" CHANGEID="689732016" NUMBER="12" OPERTYPEID="10" PREVID="0" NEXTID="0" UPDATEDATE="2025-09-30" STARTDATE="2025-09-30" ENDDATE="2079-06-06" ISACTUAL="1" ISACTIVE="1" /><STEAD ID="74188821" OBJECTID="174958598" OBJECTGUID="08edd296-680a-490b-a50f-501e282b1156" CHANGEID="689732394" NUMBER="10" OPERTYPEID="10" PREVID="0" NEXTID="0" UPDATEDATE="2025-09-30" STARTDATE="2025-09-30" ENDDATE="2079-06-06" ISACTUAL="1" ISACTIVE="1" /><STEAD ID="74189040" OBJECTID="174958907" OBJECTGUID="3b160879-5e67-4479-833e-03714bd3ea26" CHANGEID="689732936" NUMBER="3/2" OPERTYPEID="10" PREVID="0" NEXTID="0" UPDATEDATE="2025-09-30" STARTDATE="2025-09-30" ENDDATE="2079-06-06" ISACTUAL="1" ISACTIVE="1" /><STEAD ID="74189073" OBJECTID="88393531" OBJECTGUID="820f12fe-f2bf-4229-85e5-f63c1e0092d7" CHANGEID="689732998" NUMBER="5/2" OPERTYPEID="20" PREVID="3854589" UPDATEDATE="2025-09-30" STARTDATE="2025-09-30" ENDDATE="2079-06-06" ISACTUAL="1" ISACTIVE="1" /><STEAD ID="74189296" OBJECTID="174959375" OBJECTGUID="66d116b0-7d61-4d8c-9d26-455ba7bb3798" CHANGEID="689733961" NUMBER="2" OPERTYPEID="10" PREVID="0" NEXTID="0" UPDATEDATE="2025-09-30" STARTDATE="2025-09-30" ENDDATE="2079-06-06" ISACTUAL="1" ISACTIVE="1" /><STEAD ID="74189330" OBJECTID="174959433" OBJECTGUID="2485354a-77a5-4943-85d8-efaf8adfd114" CHANGEID="689734036" NUMBER="19/1" OPERTYPEID="10" PREVID="0" NEXTID="0" UPDATEDATE="2025-09-30" STARTDATE="2025-09-30" ENDDATE="2079-06-06" ISACTUAL="1" ISACTIVE="1" /><STEAD ID="74189340" OBJECTID="174959450" OBJECTGUID="7613cd51-222f-4513-8157-debb4ec39d4d" CHANGEID="689734176" NUMBER="17/1" OPERTYPEID="10" PREVID="0" NEXTID="0" UPDATEDATE="2025-09-30" STARTDATE="2025-09-30" ENDDATE="2079-06-06" ISACTUAL="1" ISACTIVE="1" /><STEAD ID="74189358" OBJECTID="174959540" OBJECTGUID="6fe67ee5-99cc-4da0-9841-02c29ed4ac12" CHANGEID="689734285" NUMBER="9/1" OPERTYPEID="10" PREVID="0" NEXTID="0" UPDATEDATE="2025-09-30" STARTDATE="2025-09-30" ENDDATE="2079-06-06" ISACTUAL="1" ISACTIVE="1" /><STEAD ID="74189506" OBJECTID="174959713" OBJECTGUID="ac7bae22-dae3-49dd-9a1d-b9a8f0f9adb8" CHANGEID="689734590" NUMBER="4/2" OPERTYPEID="10" PREVID="0" NEXTID="0" UPDATEDATE="2025-09-30" STARTDATE="2025-09-30" ENDDATE="2079-06-06" ISACTUAL="1" ISACTIVE="1" /><STEAD ID="74189408" OBJECTID="174959594" OBJECTGUID="55a68d98-c2a6-4fb4-a716-8d6e57bd5e35" CHANGEID="689734361" NUMBER="2/1" OPERTYPEID="10" PREVID="0" NEXTID="0" UPDATEDATE="2025-09-30" STARTDATE="2025-09-30" ENDDATE="2079-06-06" ISACTUAL="1" ISACTIVE="1" /><STEAD ID="74189428" OBJECTID="174959618" OBJECTGUID="e99f7928-b3c4-46c9-b13f-700fba91784d" CHANGEID="689734417" NUMBER="2/2" OPERTYPEID="10" PREVID="0" NEXTID="0" UPDATEDATE="2025-09-30" STARTDATE="2025-09-30" ENDDATE="2079-06-06" ISACTUAL="1" ISACTIVE="1" /><STEAD ID="74189452" OBJECTID="174959646" OBJECTGUID="f097ae11-bef3-47fe-99c2-66d18c00a9d4" CHANGEID="689734461" NUMBER="4/1" OPERTYPEID="10" PREVID="0" NEXTID="0" UPDATEDATE="2025-09-30" STARTDATE="2025-09-30" ENDDATE="2079-06-06" ISACTUAL="1" ISACTIVE="1" /><STEAD ID="74189479" OBJECTID="174959680" OBJECTGUID="53993f57-b790-4695-a0e6-2ff39bcb2bea" CHANGEID="689734530" NUMBER="11А/2" OPERTYPEID="10" PREVID="0" NEXTID="0" UPDATEDATE="2025-09-30" STARTDATE="2025-09-30" ENDDATE="2079-06-06" ISACTUAL="1" ISACTIVE="1" /><STEAD ID="74189531" OBJECTID="174959743" OBJECTGUID="65c0c0e0-e7ce-4a3e-8b89-beb12f95c646" CHANGEID="689734646" NUMBER="5/1" OPERTYPEID="10" PREVID="0" NEXTID="0" UPDATEDATE="2025-09-30" STARTDATE="2025-09-30" ENDDATE="2079-06-06" ISACTUAL="1" ISACTIVE="1" /><STEAD ID="74189591" OBJECTID="174959825" OBJECTGUID="184f4bc4-ff43-4e1a-811c-c371c39a5e3f" CHANGEID="689734792" NUMBER="10" OPERTYPEID="10" PREVID="0" NEXTID="0" UPDATEDATE="2025-09-30" STARTDATE="2025-09-30" ENDDATE="2079-06-06" ISACTUAL="1" ISACTIVE="1" /><STEAD ID="74189680" OBJECTID="174960068" OBJECTGUID="90e084af-eba8-4aeb-97e6-958f9da67c6e" CHANGEID="689735161" NUMBER="8" OPERTYPEID="10" PREVID="0" NEXTID="0" UPDATEDATE="2025-09-30" STARTDATE="2025-09-30" ENDDATE="2079-06-06" ISACTUAL="1" ISACTIVE="1" /><STEAD ID="74189694" OBJECTID="174960083" OBJECTGUID="68276094-8c2c-4d73-952c-e792a6696d61" CHANGEID="689735185" NUMBER="15" OPERTYPEID="10" PREVID="0" NEXTID="0" UPDATEDATE="2025-09-30" STARTDATE="2025-09-30" ENDDATE="2079-06-06" ISACTUAL="1" ISACTIVE="1" /><STEAD ID="74189830" OBJECTID="174960282" OBJECTGUID="7fd029ff-0481-445d-9094-6220bfdec5af" CHANGEID="689735465" NUMBER="7" OPERTYPEID="10" PREVID="0" NEXTID="0" UPDATEDATE="2025-09-30" STARTDATE="2025-09-30" ENDDATE="2079-06-06" ISACTUAL="1" ISACTIVE="1" /><STEAD ID="74190161" OBJECTID="174960708" OBJECTGUID="6c213500-ce67-45c2-8291-80b2dbfe7041" CHANGEID="689736878" NUMBER="5/2" OPERTYPEID="10" PREVID="0" NEXTID="0" UPDATEDATE="2025-09-30" STARTDATE="2025-09-30" ENDDATE="2079-06-06" ISACTUAL="1" ISACTIVE="1" /><STEAD ID="74190192" OBJECTID="174960756" OBJECTGUID="f65c58e2-7010-4974-a309-c13b9e4dcb3b" CHANGEID="689736955" NUMBER="6/1" OPERTYPEID="10" PREVID="0" NEXTID="0" UPDATEDATE="2025-09-30" STARTDATE="2025-09-30" ENDDATE="2079-06-06" ISACTUAL="1" ISACTIVE="1" /><STEAD ID="74190220" OBJECTID="174960802" OBJECTGUID="bafa3a67-47a9-4ecd-b3de-09ff469d6dda" CHANGEID="689737018" NUMBER="8/1" OPERTYPEID="10" PREVID="0" NEXTID="0" UPDATEDATE="2025-09-30" STARTDATE="2025-09-30" ENDDATE="2079-06-06" ISACTUAL="1" ISACTIVE="1" /><STEAD ID="74190238" OBJECTID="174960821" OBJECTGUID="f098509b-4d42-4b29-ac65-3444e8881d97" CHANGEID="689737086" NUMBER="8/2" OPERTYPEID="10" PREVID="0" NEXTID="0" UPDATEDATE="2025-09-30" STARTDATE="2025-09-30" ENDDATE="2079-06-06" ISACTUAL="1" ISACTIVE="1" /><STEAD ID="74190334" OBJECTID="174960997" OBJECTGUID="8f42115c-73fe-44be-be78-8c1bab439216" CHANGEID="689737386" NUMBER="14/2" OPERTYPEID="10" PREVID="0" NEXTID="0" UPDATEDATE="2025-09-30" STARTDATE="2025-09-30" ENDDATE="2079-06-06" ISACTUAL="1" ISACTIVE="1" /><STEAD ID="74190361" OBJECTID="174961049" OBJECTGUID="c0ab0368-3874-48b8-8d3d-301032212c5c" CHANGEID="689737483" NUMBER="15/1" OPERTYPEID="10" PREVID="0" NEXTID="0" UPDATEDATE="2025-09-30" STARTDATE="2025-09-30" ENDDATE="2079-06-06" ISACTUAL="1" ISACTIVE="1" /><STEAD ID="74190260" OBJECTID="174960895" OBJECTGUID="c4c6af27-976d-4905-96d2-019a687d3c37" CHANGEID="689737187" NUMBER="10/1" OPERTYPEID="10" PREVID="0" NEXTID="0" UPDATEDATE="2025-09-30" STARTDATE="2025-09-30" ENDDATE="2079-06-06" ISACTUAL="1" ISACTIVE="1" /><STEAD ID="74190276" OBJECTID="174960918" OBJECTGUID="8ed2827f-1d04-4b06-a0f8-02f55b4ec9be" CHANGEID="689737246" NUMBER="11/1" OPERTYPEID="10" PREVID="0" NEXTID="0" UPDATEDATE="2025-09-30" STARTDATE="2025-09-30" ENDDATE="2079-06-06" ISACTUAL="1" ISACTIVE="1" /><STEAD ID="74190381" OBJECTID="174961083" OBJECTGUID="bec4f9c8-a13a-4e41-aa2a-ed018bae335f" CHANGEID="689737533" NUMBER="15/2" OPERTYPEID="10" PREVID="0" NEXTID="0" UPDATEDATE="2025-09-30" STARTDATE="2025-09-30" ENDDATE="2079-06-06" ISACTUAL="1" ISACTIVE="1" /><STEAD ID="74190410" OBJECTID="174961121" OBJECTGUID="fbdbe1c8-f27e-4a48-b9db-04625392b470" CHANGEID="689737610" NUMBER="18/1" OPERTYPEID="10" PREVID="0" NEXTID="0" UPDATEDATE="2025-09-30" STARTDATE="2025-09-30" ENDDATE="2079-06-06" ISACTUAL="1" ISACTIVE="1" /><STEAD ID="74190386" OBJECTID="174961093" OBJECTGUID="79f5a59e-a6e8-4d9a-aff6-481f2b9f8ef6" CHANGEID="689737558" NUMBER="17/2" OPERTYPEID="10" PREVID="0" NEXTID="0" UPDATEDATE="2025-09-30" STARTDATE="2025-09-30" ENDDATE="2079-06-06" ISACTUAL="1" ISACTIVE="1" /><STEAD ID="74190467" OBJECTID="174961184" OBJECTGUID="e756a0fa-c0ce-4d47-a5b0-87247e4594e4" CHANGEID="689737711" NUMBER="19/2" OPERTYPEID="10" PREVID="0" NEXTID="0" UPDATEDATE="2025-09-30" STARTDATE="2025-09-30" ENDDATE="2079-06-06" ISACTUAL="1" ISACTIVE="1" /><STEAD ID="74190450" OBJECTID="174961169" OBJECTGUID="036d0382-4b21-4cf8-9ca3-8df885af327d" CHANGEID="689737681" NUMBER="18/2" OPERTYPEID="10" PREVID="0" NEXTID="0" UPDATEDATE="2025-09-30" STARTDATE="2025-09-30" ENDDATE="2079-06-06" ISACTUAL="1" ISACTIVE="1" /><STEAD ID="74190954" OBJECTID="174961848" OBJECTGUID="95f3f28a-f135-45bf-8dcf-f9839e5f4931" CHANGEID="689739035" NUMBER="35" OPERTYPEID="10" PREVID="0" NEXTID="0" UPDATEDATE="2025-09-30" STARTDATE="2025-09-30" ENDDATE="2079-06-06" ISACTUAL="1" ISACTIVE="1" /><STEAD ID="74191281" OBJECTID="174962266" OBJECTGUID="149883d4-3c3f-4834-b839-eda665ba4fa1" CHANGEID="689740376" NUMBER="1А" OPERTYPEID="10" PREVID="0" NEXTID="0" UPDATEDATE="2025-09-30" STARTDATE="2025-09-30" ENDDATE="2079-06-06" ISACTUAL="1" ISACTIVE="1" /><STEAD ID="74191406" OBJECTID="174962425" OBJECTGUID="b60036a4-a687-4121-ad8a-d71c5be54372" CHANGEID="689740841" NUMBER="56" OPERTYPEID="10" PREVID="0" NEXTID="0" UPDATEDATE="2025-09-30" STARTDATE="2025-09-30" ENDDATE="2079-06-06" ISACTUAL="1" ISACTIVE="1" /><STEAD ID="74191395" OBJECTID="174962411" OBJECTGUID="247ceb3c-ebaa-43a6-a5c8-cf3be1b79279" CHANGEID="689740810" NUMBER="6" OPERTYPEID="10" PREVID="0" NEXTID="0" UPDATEDATE="2025-09-30" STARTDATE="2025-09-30" ENDDATE="2079-06-06" ISACTUAL="1" ISACTIVE="1" /><STEAD ID="74196747" OBJECTID="174971256" OBJECTGUID="c2f751d1-ea52-437b-8f09-24ca1c21bda6" CHANGEID="689778362" NUMBER="9" OPERTYPEID="10" PREVID="0" NEXTID="0" UPDATEDATE="2025-10-01" STARTDATE="2025-10-01" ENDDATE="2079-06-06" ISACTUAL="1" ISACTIVE="1" /><STEAD ID="74197051" OBJECTID="174971684" OBJECTGUID="242aa6aa-077f-4f3f-a10d-ec38d904a7dc" CHANGEID="689779461" NUMBER="1/10" OPERTYPEID="10" PREVID="0" NEXTID="0" UPDATEDATE="2025-10-01" STARTDATE="2025-10-01" ENDDATE="2079-06-06" ISACTUAL="1" ISACTIVE="1" /><STEAD ID="74197058" OBJECTID="174971705" OBJECTGUID="f503eddc-5f55-4980-87cd-c474a688d8eb" CHANGEID="689779545" NUMBER="43" OPERTYPEID="10" PREVID="0" NEXTID="0" UPDATEDATE="2025-10-01" STARTDATE="2025-10-01" ENDDATE="2079-06-06" ISACTUAL="1" ISACTIVE="1" /><STEAD ID="74197059" OBJECTID="174971707" OBJECTGUID="0fdf5856-bb2d-44d8-be93-6f074812e702" CHANGEID="689779547" NUMBER="6/11" OPERTYPEID="10" PREVID="0" NEXTID="0" UPDATEDATE="2025-10-01" STARTDATE="2025-10-01" ENDDATE="2079-06-06" ISACTUAL="1" ISACTIVE="1" /><STEAD ID="74197063" OBJECTID="174971723" OBJECTGUID="d3375f85-4488-42bb-a8e0-3924efdd335a" CHANGEID="689779565" NUMBER="7" OPERTYPEID="10" PREVID="0" NEXTID="0" UPDATEDATE="2025-10-01" STARTDATE="2025-10-01" ENDDATE="2079-06-06" ISACTUAL="1" ISACTIVE="1" /><STEAD ID="74197209" OBJECTID="174971960" OBJECTGUID="59b987e6-21c1-4b1f-a790-1c9474a68af1" CHANGEID="689780055" NUMBER="8/36" OPERTYPEID="10" PREVID="0" NEXTID="0" UPDATEDATE="2025-10-01" STARTDATE="2025-10-01" ENDDATE="2079-06-06" ISACTUAL="1" ISACTIVE="1" /><STEAD ID="74197210" OBJECTID="174971963" OBJECTGUID="94c2a392-f13d-49e1-bf8a-3feb800e66d4" CHANGEID="689780059" NUMBER="3/47" OPERTYPEID="10" PREVID="0" NEXTID="0" UPDATEDATE="2025-10-01" STARTDATE="2025-10-01" ENDDATE="2079-06-06" ISACTUAL="1" ISACTIVE="1" /><STEAD ID="74197217" OBJECTID="174972004" OBJECTGUID="93e59696-09b4-4931-a81c-2c1b2ef1a3a5" CHANGEID="689780104" NUMBER="5/35" OPERTYPEID="10" PREVID="0" NEXTID="0" UPDATEDATE="2025-10-01" STARTDATE="2025-10-01" ENDDATE="2079-06-06" ISACTUAL="1" ISACTIVE="1" /><STEAD ID="74197251" OBJECTID="103742673" OBJECTGUID="56daa4d1-9d7e-40cf-9f1f-019780b6e14d" CHANGEID="689780522" NUMBER="31" OPERTYPEID="30" PREVID="15169301" NEXTID="0" UPDATEDATE="2025-10-01" STARTDATE="2025-10-01" ENDDATE="2079-06-06" ISACTUAL="1" ISACTIVE="0" /><STEAD ID="74197365" OBJECTID="174972230" OBJECTGUID="fbac8bbc-56cf-4eb2-be4c-36be88a0b07f" CHANGEID="689780858" NUMBER="18М" OPERTYPEID="10" PREVID="0" NEXTID="0" UPDATEDATE="2025-10-01" STARTDATE="2025-10-01" ENDDATE="2079-06-06" ISACTUAL="1" ISACTIVE="1" /><STEAD ID="74197366" OBJECTID="174972231" OBJECTGUID="16235724-1551-49b2-b266-9d0ca361434e" CHANGEID="689780859" NUMBER="18В" OPERTYPEID="10" PREVID="0" NEXTID="0" UPDATEDATE="2025-10-01" STARTDATE="2025-10-01" ENDDATE="2079-06-06" ISACTUAL="1" ISACTIVE="1" /><STEAD ID="74197367" OBJECTID="174972232" OBJECTGUID="e89ab0a5-5e26-44b1-8136-e0a7dbc08a4f" CHANGEID="689780860" NUMBER="20А/2" OPERTYPEID="10" PREVID="0" NEXTID="0" UPDATEDATE="2025-10-01" STARTDATE="2025-10-01" ENDDATE="2079-06-06" ISACTUAL="1" ISACTIVE="1" /><STEAD ID="74197488" OBJECTID="174972438" OBJECTGUID="8f5c2fcf-d96b-4cba-8c98-a1a94a482aa7" CHANGEID="689781504" NUMBER="30" OPERTYPEID="10" PREVID="0" NEXTID="0" UPDATEDATE="2025-10-01" STARTDATE="2025-10-01" ENDDATE="2079-06-06" ISACTUAL="1" ISACTIVE="1" /><STEAD ID="74197489" OBJECTID="174972439" OBJECTGUID="17289756-dc86-4ed1-a2d8-f31455e17613" CHANGEID="689781505" NUMBER="23" OPERTYPEID="10" PREVID="0" NEXTID="0" UPDATEDATE="2025-10-01" STARTDATE="2025-10-01" ENDDATE="2079-06-06" ISACTUAL="1" ISACTIVE="1" /><STEAD ID="74197490" OBJECTID="174972440" OBJECTGUID="30997e1f-63fd-4b61-8bb5-479b6fea47a6" CHANGEID="689781506" NUMBER="22" OPERTYPEID="10" PREVID="0" NEXTID="0" UPDATEDATE="2025-10-01" STARTDATE="2025-10-01" ENDDATE="2079-06-06" ISACTUAL="1" ISACTIVE="1" /><STEAD ID="74197491" OBJECTID="174972441" OBJECTGUID="04f8984f-c071-4a81-b6fb-4c7fdff488a6" CHANGEID="689781507" NUMBER="21" OPERTYPEID="10" PREVID="0" NEXTID="0" UPDATEDATE="2025-10-01" STARTDATE="2025-10-01" ENDDATE="2079-06-06" ISACTUAL="1" ISACTIVE="1" /><STEAD ID="74197492" OBJECTID="174972442" OBJECTGUID="ce664193-6525-4eff-8fa1-e4837cdf72d0" CHANGEID="689781508" NUMBER="20" OPERTYPEID="10" PREVID="0" NEXTID="0" UPDATEDATE="2025-10-01" STARTDATE="2025-10-01" ENDDATE="2079-06-06" ISACTUAL="1" ISACTIVE="1" /><STEAD ID="74197493" OBJECTID="174972443" OBJECTGUID="d7944f2b-7145-4991-8e0b-0dfebb24b2cc" CHANGEID="689781509" NUMBER="19" OPERTYPEID="10" PREVID="0" NEXTID="0" UPDATEDATE="2025-10-01" STARTDATE="2025-10-01" ENDDATE="2079-06-06" ISACTUAL="1" ISACTIVE="1" /><STEAD ID="74197494" OBJECTID="174972444" OBJECTGUID="213ad0c9-0899-4611-9f75-f2e928a5b35b" CHANGEID="689781510" NUMBER="18" OPERTYPEID="10" PREVID="0" NEXTID="0" UPDATEDATE="2025-10-01" STARTDATE="2025-10-01" ENDDATE="2079-06-06" ISACTUAL="1" ISACTIVE="1" /><STEAD ID="74197495" OBJECTID="174972445" OBJECTGUID="aace3735-97e5-41dd-8734-7a6a30998f23" CHANGEID="689781511" NUMBER="17" OPERTYPEID="10" PREVID="0" NEXTID="0" UPDATEDATE="2025-10-01" STARTDATE="2025-10-01" ENDDATE="2079-06-06" ISACTUAL="1" ISACTIVE="1" /><STEAD ID="74197530" OBJECTID="174972494" OBJECTGUID="a73e102b-7274-47db-acd1-a66ccc46dfaa" CHANGEID="689781565" NUMBER="49" OPERTYPEID="10" PREVID="0" NEXTID="0" UPDATEDATE="2025-10-01" STARTDATE="2025-10-01" ENDDATE="2079-06-06" ISACTUAL="1" ISACTIVE="1" /><STEAD ID="74197531" OBJECTID="174972495" OBJECTGUID="fc5c6dc2-9066-45c2-beca-a53b9fb5aaef" CHANGEID="689781566" NUMBER="84/2" OPERTYPEID="10" PREVID="0" NEXTID="0" UPDATEDATE="2025-10-01" STARTDATE="2025-10-01" ENDDATE="2079-06-06" ISACTUAL="1" ISACTIVE="1" /><STEAD ID="74197532" OBJECTID="174972496" OBJECTGUID="bd2aaf3e-47f9-4dc6-b5c5-4ec249861dd0" CHANGEID="689781567" NUMBER="84/1" OPERTYPEID="10" PREVID="0" NEXTID="0" UPDATEDATE="2025-10-01" STARTDATE="2025-10-01" ENDDATE="2079-06-06" ISACTUAL="1" ISACTIVE="1" /><STEAD ID="74197533" OBJECTID="174972497" OBJECTGUID="5bd384c7-7850-432a-98ae-8f91be7ea63a" CHANGEID="689781568" NUMBER="79/2" OPERTYPEID="10" PREVID="0" NEXTID="0" UPDATEDATE="2025-10-01" STARTDATE="2025-10-01" ENDDATE="2079-06-06" ISACTUAL="1" ISACTIVE="1" /><STEAD ID="74197534" OBJECTID="174972498" OBJECTGUID="ef9ee2ea-7463-4540-a3eb-071218b0203d" CHANGEID="689781569" NUMBER="74/2" OPERTYPEID="10" PREVID="0" NEXTID="0" UPDATEDATE="2025-10-01" STARTDATE="2025-10-01" ENDDATE="2079-06-06" ISACTUAL="1" ISACTIVE="1" /><STEAD ID="74197535" OBJECTID="174972499" OBJECTGUID="67ce9c0e-89f2-4b8b-9436-faa2dc80f0c4" CHANGEID="689781570" NUMBER="74/1" OPERTYPEID="10" PREVID="0" NEXTID="0" UPDATEDATE="2025-10-01" STARTDATE="2025-10-01" ENDDATE="2079-06-06" ISACTUAL="1" ISACTIVE="1" /><STEAD ID="74197536" OBJECTID="174972500" OBJECTGUID="b2f724a3-b60b-4c42-a89d-68a0828f826b" CHANGEID="689781571" NUMBER="77А" OPERTYPEID="10" PREVID="0" NEXTID="0" UPDATEDATE="2025-10-01" STARTDATE="2025-10-01" ENDDATE="2079-06-06" ISACTUAL="1" ISACTIVE="1" /><STEAD ID="74197537" OBJECTID="174972501" OBJECTGUID="d769baf5-dbab-43d5-a4d6-06a3c168cb60" CHANGEID="689781572" NUMBER="86/2" OPERTYPEID="10" PREVID="0" NEXTID="0" UPDATEDATE="2025-10-01" STARTDATE="2025-10-01" ENDDATE="2079-06-06" ISACTUAL="1" ISACTIVE="1" /><STEAD ID="74197538" OBJECTID="174972502" OBJECTGUID="883c0e93-4a5b-4b57-9511-8979b5a7a106" CHANGEID="689781573" NUMBER="86/1" OPERTYPEID="10" PREVID="0" NEXTID="0" UPDATEDATE="2025-10-01" STARTDATE="2025-10-01" ENDDATE="2079-06-06" ISACTUAL="1" ISACTIVE="1" /><STEAD ID="74197539" OBJECTID="174972503" OBJECTGUID="9c00d04d-4896-459e-861c-10e92684ee71" CHANGEID="689781574" NUMBER="88" OPERTYPEID="10" PREVID="0" NEXTID="0" UPDATEDATE="2025-10-01" STARTDATE="2025-10-01" ENDDATE="2079-06-06" ISACTUAL="1" ISACTIVE="1" /><STEAD ID="74197540" OBJECTID="174972504" OBJECTGUID="ad9b3619-b532-43f6-b7c1-ab247efe640d" CHANGEID="689781575" NUMBER="81А" OPERTYPEID="10" PREVID="0" NEXTID="0" UPDATEDATE="2025-10-01" STARTDATE="2025-10-01" ENDDATE="2079-06-06" ISACTUAL="1" ISACTIVE="1" /><STEAD ID="74197541" OBJECTID="174972505" OBJECTGUID="0ddf3a82-f001-4d06-898a-a259127cc67e" CHANGEID="689781576" NUMBER="81" OPERTYPEID="10" PREVID="0" NEXTID="0" UPDATEDATE="2025-10-01" STARTDATE="2025-10-01" ENDDATE="2079-06-06" ISACTUAL="1" ISACTIVE="1" /><STEAD ID="74197542" OBJECTID="174972506" OBJECTGUID="dcaa5c2f-c807-4561-8b34-15c083543dca" CHANGEID="689781577" NUMBER="75" OPERTYPEID="10" PREVID="0" NEXTID="0" UPDATEDATE="2025-10-01" STARTDATE="2025-10-01" ENDDATE="2079-06-06" ISACTUAL="1" ISACTIVE="1" /><STEAD ID="74197543" OBJECTID="174972507" OBJECTGUID="6fa0b4ad-aaba-42ff-8a52-a6009ba31d3e" CHANGEID="689781578" NUMBER="69/2" OPERTYPEID="10" PREVID="0" NEXTID="0" UPDATEDATE="2025-10-01" STARTDATE="2025-10-01" ENDDATE="2079-06-06" ISACTUAL="1" ISACTIVE="1" /><STEAD ID="74197544" OBJECTID="174972508" OBJECTGUID="67c9dfa2-f2d4-4331-a295-146c6e5bdd32" CHANGEID="689781579" NUMBER="69/1" OPERTYPEID="10" PREVID="0" NEXTID="0" UPDATEDATE="2025-10-01" STARTDATE="2025-10-01" ENDDATE="2079-06-06" ISACTUAL="1" ISACTIVE="1" /><STEAD ID="74197545" OBJECTID="174972509" OBJECTGUID="2abdd606-8848-4f5e-9217-4df8c58d5578" CHANGEID="689781580" NUMBER="66/2" OPERTYPEID="10" PREVID="0" NEXTID="0" UPDATEDATE="2025-10-01" STARTDATE="2025-10-01" ENDDATE="2079-06-06" ISACTUAL="1" ISACTIVE="1" /><STEAD ID="74197546" OBJECTID="174972510" OBJECTGUID="1207ad52-c37a-48ab-b0df-2ccf13907d1c" CHANGEID="689781581" NUMBER="66/1" OPERTYPEID="10" PREVID="0" NEXTID="0" UPDATEDATE="2025-10-01" STARTDATE="2025-10-01" ENDDATE="2079-06-06" ISACTUAL="1" ISACTIVE="1" /><STEAD ID="74197547" OBJECTID="174972511" OBJECTGUID="2a85f45f-e945-4465-abdc-eafeaf85edb8" CHANGEID="689781582" NUMBER="65/3" OPERTYPEID="10" PREVID="0" NEXTID="0" UPDATEDATE="2025-10-01" STARTDATE="2025-10-01" ENDDATE="2079-06-06" ISACTUAL="1" ISACTIVE="1" /><STEAD ID="74197548" OBJECTID="174972512" OBJECTGUID="d1522337-5fb9-4dfb-9369-f4f9b67dcd11" CHANGEID="689781583" NUMBER="65/2" OPERTYPEID="10" PREVID="0" NEXTID="0" UPDATEDATE="2025-10-01" STARTDATE="2025-10-01" ENDDATE="2079-06-06" ISACTUAL="1" ISACTIVE="1" /><STEAD ID="74197549" OBJECTID="174972513" OBJECTGUID="a488249a-1b6c-495c-b0a2-cce71d698e4c" CHANGEID="689781584" NUMBER="65/1" OPERTYPEID="10" PREVID="0" NEXTID="0" UPDATEDATE="2025-10-01" STARTDATE="2025-10-01" ENDDATE="2079-06-06" ISACTUAL="1" ISACTIVE="1" /><STEAD ID="74197550" OBJECTID="174972514" OBJECTGUID="b0345b9f-71e9-4f2e-8cc3-07e9b93e74ff" CHANGEID="689781585" NUMBER="59/3" OPERTYPEID="10" PREVID="0" NEXTID="0" UPDATEDATE="2025-10-01" STARTDATE="2025-10-01" ENDDATE="2079-06-06" ISACTUAL="1" ISACTIVE="1" /><STEAD ID="74197551" OBJECTID="174972515" OBJECTGUID="14daa4aa-b888-4328-bd7c-3d46d6c32c41" CHANGEID="689781586" NUMBER="59/2" OPERTYPEID="10" PREVID="0" NEXTID="0" UPDATEDATE="2025-10-01" STARTDATE="2025-10-01" ENDDATE="2079-06-06" ISACTUAL="1" ISACTIVE="1" /><STEAD ID="74197552" OBJECTID="174972516" OBJECTGUID="51ca4513-951a-4c7d-8bd2-3540cd9ece2f" CHANGEID="689781587" NUMBER="59/1" OPERTYPEID="10" PREVID="0" NEXTID="0" UPDATEDATE="2025-10-01" STARTDATE="2025-10-01" ENDDATE="2079-06-06" ISACTUAL="1" ISACTIVE="1" /><STEAD ID="74197496" OBJECTID="174972446" OBJECTGUID="4af70b27-e395-47c7-af8b-5ad51ac6726e" CHANGEID="689781512" NUMBER="16" OPERTYPEID="10" PREVID="0" NEXTID="0" UPDATEDATE="2025-10-01" STARTDATE="2025-10-01" ENDDATE="2079-06-06" ISACTUAL="1" ISACTIVE="1" /><STEAD ID="74197497" OBJECTID="174972447" OBJECTGUID="9235e370-d420-418e-b559-103ee4025e16" CHANGEID="689781513" NUMBER="12/1" OPERTYPEID="10" PREVID="0" NEXTID="0" UPDATEDATE="2025-10-01" STARTDATE="2025-10-01" ENDDATE="2079-06-06" ISACTUAL="1" ISACTIVE="1" /><STEAD ID="74197498" OBJECTID="174972448" OBJECTGUID="84cd4574-98c9-4fcc-85e9-61d3f2ec81d6" CHANGEID="689781514" NUMBER="7" OPERTYPEID="10" PREVID="0" NEXTID="0" UPDATEDATE="2025-10-01" STARTDATE="2025-10-01" ENDDATE="2079-06-06" ISACTUAL="1" ISACTIVE="1" /><STEAD ID="74201403" OBJECTID="169184159" OBJECTGUID="dbe211f9-9131-4dd5-a7ef-1c979895d23a" CHANGEID="689796939" NUMBER="19/1" OPERTYPEID="30" PREVID="71042250" NEXTID="0" UPDATEDATE="2025-10-01" STARTDATE="2025-10-01" ENDDATE="2079-06-06" ISACTUAL="1" ISACTIVE="0" /><STEAD ID="74201871" OBJECTID="174981244" OBJECTGUID="f57bb77a-9ab9-4f40-8a7c-e1a6661563f1" CHANGEID="689799076" NUMBER="48/2в" OPERTYPEID="10" PREVID="0" NEXTID="0" UPDATEDATE="2025-10-01" STARTDATE="2025-10-01" ENDDATE="2079-06-06" ISACTUAL="1" ISACTIVE="1" /><STEAD ID="74201978" OBJECTID="174981457" OBJECTGUID="a5b5cc2b-1f85-4ab6-9cd4-d27a212a191a" CHANGEID="689799555" NUMBER="1/15" OPERTYPEID="10" PREVID="0" NEXTID="0" UPDATEDATE="2025-10-01" STARTDATE="2025-10-01" ENDDATE="2079-06-06" ISACTUAL="1" ISACTIVE="1" /><STEAD ID="74202334" OBJECTID="174982443" OBJECTGUID="26bc1551-3cac-46a3-aeb2-b977eb21f0ba" CHANGEID="689801365" NUMBER="7/43" OPERTYPEID="10" PREVID="0" NEXTID="0" UPDATEDATE="2025-10-01" STARTDATE="2025-10-01" ENDDATE="2079-06-06" ISACTUAL="1" ISACTIVE="1" /><STEAD ID="74202343" OBJECTID="174982457" OBJECTGUID="7daae7a5-09cf-4463-9f91-aa917d2fb339" CHANGEID="689801410" NUMBER="32/72" OPERTYPEID="10" PREVID="0" NEXTID="0" UPDATEDATE="2025-10-01" STARTDATE="2025-10-01" ENDDATE="2079-06-06" ISACTUAL="1" ISACTIVE="1" /><STEAD ID="74202406" OBJECTID="174982544" OBJECTGUID="2b139639-6e79-47fd-a6ac-b5a0491197a8" CHANGEID="689801564" NUMBER="8" OPERTYPEID="10" PREVID="0" NEXTID="0" UPDATEDATE="2025-10-01" STARTDATE="2025-10-01" ENDDATE="2079-06-06" ISACTUAL="1" ISACTIVE="1" /><STEAD ID="74202438" OBJECTID="174982584" OBJECTGUID="d1a6f747-5335-42ef-ae37-05ba27378479" CHANGEID="689801643" NUMBER="75А" OPERTYPEID="10" PREVID="0" NEXTID="0" UPDATEDATE="2025-10-01" STARTDATE="2025-10-01" ENDDATE="2079-06-06" ISACTUAL="1" ISACTIVE="1" /><STEAD ID="74202458" OBJECTID="174982628" OBJECTGUID="9a83cf6a-e049-40c3-9ef3-d690e7352d16" CHANGEID="689801703" NUMBER="15Б" OPERTYPEID="10" PREVID="0" NEXTID="0" UPDATEDATE="2025-10-01" STARTDATE="2025-10-01" ENDDATE="2079-06-06" ISACTUAL="1" ISACTIVE="1" /><STEAD ID="74202504" OBJECTID="174982693" OBJECTGUID="98308485-32e5-4d4a-a9cd-ffb60d8ef8a1" CHANGEID="689801806" NUMBER="8" OPERTYPEID="10" PREVID="0" NEXTID="0" UPDATEDATE="2025-10-01" STARTDATE="2025-10-01" ENDDATE="2079-06-06" ISACTUAL="1" ISACTIVE="1" /><STEAD ID="74202384" OBJECTID="174982504" OBJECTGUID="19a0fd88-8479-4eef-909c-eb5501cf1689" CHANGEID="689801499" NUMBER="29" OPERTYPEID="10" PREVID="0" NEXTID="0" UPDATEDATE="2025-10-01" STARTDATE="2025-10-01" ENDDATE="2079-06-06" ISACTUAL="1" ISACTIVE="1" /><STEAD ID="74202477" OBJECTID="174982654" OBJECTGUID="8670c437-1332-4803-92bf-7f4c6180f840" CHANGEID="689801748" NUMBER="15/1" OPERTYPEID="10" PREVID="0" NEXTID="0" UPDATEDATE="2025-10-01" STARTDATE="2025-10-01" ENDDATE="2079-06-06" ISACTUAL="1" ISACTIVE="1" /><STEAD ID="74202489" OBJECTID="174982673" OBJECTGUID="54025d13-9123-49fa-a389-b8e8028e38e9" CHANGEID="689801777" NUMBER="15А" OPERTYPEID="10" PREVID="0" NEXTID="0" UPDATEDATE="2025-10-01" STARTDATE="2025-10-01" ENDDATE="2079-06-06" ISACTUAL="1" ISACTIVE="1" /><STEAD ID="74202493" OBJECTID="174982680" OBJECTGUID="35a71fc8-b587-4c51-a8cd-3e08df71ef2a" CHANGEID="689801786" NUMBER="А1" OPERTYPEID="10" PREVID="0" NEXTID="0" UPDATEDATE="2025-10-01" STARTDATE="2025-10-01" ENDDATE="2079-06-06" ISACTUAL="1" ISACTIVE="1" /><STEAD ID="74202501" OBJECTID="174982686" OBJECTGUID="27f19691-4ff2-4506-b06a-102566bc6158" CHANGEID="689801797" NUMBER="А1" OPERTYPEID="10" PREVID="0" NEXTID="0" UPDATEDATE="2025-10-01" STARTDATE="2025-10-01" ENDDATE="2079-06-06" ISACTUAL="1" ISACTIVE="1" /></STEADS>