﻿<?xml version="1.0" encoding="utf-8"?><HOUSES><HOUSE ID="55290516" OBJECTID="3414765" OBJECTGUID="3731fc8a-e450-4f8e-acc5-d7827535f0b3" CHANGEID="6907291" HOUSENUM="2" HOUSETYPE="2" OPERTYPEID="20" PREVID="1185368" NEXTID="129177715" UPDATEDATE="2025-09-30" STARTDATE="2014-04-03" ENDDATE="2025-09-30" ISACTUAL="0" ISACTIVE="0" /><HOUSE ID="56689112" OBJECTID="11104773" OBJECTGUID="4af32ba0-5007-4163-bbd8-d5c735e321e2" CHANGEID="18124626" HOUSENUM="10" HOUSETYPE="2" OPERTYPEID="20" PREVID="5901863" NEXTID="129166640" UPDATEDATE="2025-09-29" STARTDATE="2012-09-25" ENDDATE="2025-09-29" ISACTUAL="0" ISACTIVE="0" /><HOUSE ID="57207547" OBJECTID="18763476" OBJECTGUID="5240d17e-3cee-46a1-b01e-b14ebecee25f" CHANGEID="29487796" HOUSENUM="17" HOUSETYPE="2" OPERTYPEID="20" PREVID="10823154" NEXTID="129173004" UPDATEDATE="2025-09-29" STARTDATE="2014-03-04" ENDDATE="2025-09-29" ISACTUAL="0" ISACTIVE="0" /><HOUSE ID="62142425" OBJECTID="78742674" OBJECTGUID="97e5b23e-50b7-4f1f-915f-1a65ed96223b" CHANGEID="117048237" HOUSENUM="24" HOUSETYPE="2" OPERTYPEID="20" PREVID="47569183" NEXTID="129170973" UPDATEDATE="2025-09-29" STARTDATE="2015-11-03" ENDDATE="2025-09-29" ISACTUAL="0" ISACTIVE="0" /><HOUSE ID="64432795" OBJECTID="39857512" OBJECTGUID="b836be63-5bdc-479e-8b62-bf6d88cef369" CHANGEID="60357416" HOUSENUM="26" HOUSETYPE="2" OPERTYPEID="20" PREVID="23827149" NEXTID="129167710" UPDATEDATE="2025-09-29" STARTDATE="2015-12-04" ENDDATE="2025-09-29" ISACTUAL="0" ISACTIVE="0" /><HOUSE ID="64523171" OBJECTID="21123606" OBJECTGUID="b97ee750-1979-480c-8614-ab4d8f5f6a48" CHANGEID="33013054" HOUSENUM="17" HOUSETYPE="2" OPERTYPEID="20" PREVID="12378074" NEXTID="129167711" UPDATEDATE="2025-09-29" STARTDATE="1970-03-15" ENDDATE="2025-09-29" ISACTUAL="0" ISACTIVE="0" /><HOUSE ID="65755662" OBJECTID="56082744" OBJECTGUID="cae53d6a-082b-409b-b87f-ed511281c7f5" CHANGEID="83888172" HOUSENUM="7" HOUSETYPE="2" OPERTYPEID="20" PREVID="33552893" NEXTID="129173018" UPDATEDATE="2025-09-29" STARTDATE="2014-02-26" ENDDATE="2025-09-29" ISACTUAL="0" ISACTIVE="0" /><HOUSE ID="68662843" OBJECTID="74239311" OBJECTGUID="f3fa498a-8246-4652-9feb-ae52763af6ff" CHANGEID="110495428" HOUSENUM="204" HOUSETYPE="2" OPERTYPEID="20" PREVID="44821606" NEXTID="129167709" UPDATEDATE="2025-09-29" STARTDATE="2015-12-01" ENDDATE="2025-09-29" ISACTUAL="0" ISACTIVE="0" /><HOUSE ID="69348698" OBJECTID="26158431" OBJECTGUID="fdadac3f-9652-47e5-acc6-4fee0a995b31" CHANGEID="40417083" HOUSENUM="2" HOUSETYPE="2" OPERTYPEID="20" PREVID="15513067" NEXTID="129182399" UPDATEDATE="2025-09-30" STARTDATE="2017-01-17" ENDDATE="2025-09-30" ISACTUAL="0" ISACTIVE="0" /><HOUSE ID="2061487" OBJECTID="4910432" OBJECTGUID="1d3e8949-870b-4374-8ffd-f344f8fabbbe" CHANGEID="9049604" HOUSENUM="29" HOUSETYPE="2" OPERTYPEID="10" PREVID="0" NEXTID="129191389" UPDATEDATE="2025-10-01" STARTDATE="2015-11-12" ENDDATE="2025-10-01" ISACTUAL="0" ISACTIVE="0" /><HOUSE ID="28188409" OBJECTID="47138306" OBJECTGUID="5ab05215-7ba9-41fd-a52e-d43c8506016f" CHANGEID="70918704" HOUSENUM="58" HOUSETYPE="2" OPERTYPEID="10" PREVID="0" NEXTID="129166994" UPDATEDATE="2025-09-29" STARTDATE="2015-10-23" ENDDATE="2025-09-29" ISACTUAL="0" ISACTIVE="0" /><HOUSE ID="28203812" OBJECTID="47163125" OBJECTGUID="3e56d1cd-de6b-4d46-89ed-5624d4785de2" CHANGEID="70956044" HOUSENUM="44" HOUSETYPE="2" OPERTYPEID="10" PREVID="0" NEXTID="129172241" UPDATEDATE="2025-09-29" STARTDATE="1900-01-01" ENDDATE="2025-09-29" ISACTUAL="0" ISACTIVE="0" /><HOUSE ID="41335155" OBJECTID="68566709" OBJECTGUID="4e597b5a-ef12-4ae6-8047-cf62e533fd32" CHANGEID="102208900" HOUSENUM="47а" HOUSETYPE="2" OPERTYPEID="20" PREVID="41335148" NEXTID="129175192" UPDATEDATE="2025-09-29" STARTDATE="2016-12-08" ENDDATE="2025-09-29" ISACTUAL="0" ISACTIVE="0" /><HOUSE ID="46277333" OBJECTID="76580732" OBJECTGUID="53d5a7f5-6a82-473c-ab69-6f65b7efb645" CHANGEID="113917636" HOUSENUM="72" HOUSETYPE="2" OPERTYPEID="10" PREVID="0" NEXTID="129172277" UPDATEDATE="2025-09-29" STARTDATE="1900-01-01" ENDDATE="2025-09-29" ISACTUAL="0" ISACTIVE="0" /><HOUSE ID="124421340" OBJECTID="46395777" OBJECTGUID="cea450cf-afac-4081-91da-72dc2aae0b64" CHANGEID="506262656" HOUSENUM="8" HOUSETYPE="2" OPERTYPEID="20" PREVID="66020182" NEXTID="129188955" UPDATEDATE="2025-10-01" STARTDATE="2023-06-19" ENDDATE="2025-10-01" ISACTUAL="0" ISACTIVE="0" /><HOUSE ID="53439484" OBJECTID="8129548" OBJECTGUID="1d0dfd39-5f22-4c59-889e-6a4e16bc3f50" CHANGEID="13784165" HOUSENUM="42" HOUSETYPE="2" OPERTYPEID="20" PREVID="4087260" NEXTID="129186297" UPDATEDATE="2025-10-01" STARTDATE="2014-02-26" ENDDATE="2025-10-01" ISACTUAL="0" ISACTIVE="0" /><HOUSE ID="128960616" OBJECTID="5693351" OBJECTGUID="831d572c-6f9a-4de0-8bf8-170924bfb438" CHANGEID="688250188" HOUSENUM="2в" HOUSETYPE="5" OPERTYPEID="50" PREVID="2569131" NEXTID="129177142" UPDATEDATE="2025-09-30" STARTDATE="2025-08-28" ENDDATE="2025-09-30" ISACTUAL="0" ISACTIVE="0" /><HOUSE ID="128960626" OBJECTID="5692938" OBJECTGUID="0a3966ab-337f-41d8-8ec0-1219565563b8" CHANGEID="688250215" HOUSENUM="2г" HOUSETYPE="5" OPERTYPEID="50" PREVID="2568802" NEXTID="129177143" UPDATEDATE="2025-09-30" STARTDATE="2025-08-28" ENDDATE="2025-09-30" ISACTUAL="0" ISACTIVE="0" /><HOUSE ID="129165861" OBJECTID="174914956" OBJECTGUID="82f0e55c-59bf-47de-b81f-552b4a470120" CHANGEID="689636517" HOUSENUM="61а" HOUSETYPE="2" OPERTYPEID="10" PREVID="0" NEXTID="0" UPDATEDATE="2025-09-29" STARTDATE="2025-09-29" ENDDATE="2079-06-06" ISACTUAL="1" ISACTIVE="1" /><HOUSE ID="129165862" OBJECTID="174914978" OBJECTGUID="31b40d14-293f-4af1-822d-1444199004be" CHANGEID="689636539" HOUSENUM="23" HOUSETYPE="7" OPERTYPEID="10" PREVID="0" NEXTID="0" UPDATEDATE="2025-09-29" STARTDATE="2025-09-29" ENDDATE="2079-06-06" ISACTUAL="1" ISACTIVE="1" /><HOUSE ID="129166144" OBJECTID="174915906" OBJECTGUID="069a53b8-8dca-4ee8-8b1a-4add7df3d7ad" CHANGEID="689638303" HOUSENUM="100а" HOUSETYPE="2" OPERTYPEID="10" PREVID="0" NEXTID="0" UPDATEDATE="2025-09-29" STARTDATE="2025-09-29" ENDDATE="2079-06-06" ISACTUAL="1" ISACTIVE="1" /><HOUSE ID="129166146" OBJECTID="174915909" OBJECTGUID="7fef3fbc-cf44-4937-848a-530885d37cbc" CHANGEID="689638309" HOUSENUM="14а" HOUSETYPE="2" OPERTYPEID="10" PREVID="0" NEXTID="0" UPDATEDATE="2025-09-29" STARTDATE="2025-09-29" ENDDATE="2079-06-06" ISACTUAL="1" ISACTIVE="1" /><HOUSE ID="129166147" OBJECTID="174915910" OBJECTGUID="90878a7b-ae74-43ad-9152-ac28756866ae" CHANGEID="689638312" HOUSENUM="1б" HOUSETYPE="2" OPERTYPEID="10" PREVID="0" NEXTID="0" UPDATEDATE="2025-09-29" STARTDATE="2025-09-29" ENDDATE="2079-06-06" ISACTUAL="1" ISACTIVE="1" /><HOUSE ID="129166641" OBJECTID="47171454" OBJECTGUID="2139be43-f156-4696-a397-a7676f990c33" CHANGEID="689642584" HOUSENUM="34" HOUSETYPE="2" OPERTYPEID="30" PREVID="28208909" NEXTID="0" UPDATEDATE="2025-09-29" STARTDATE="2025-09-29" ENDDATE="2079-06-06" ISACTUAL="1" ISACTIVE="0" /><HOUSE ID="28208909" OBJECTID="47171454" OBJECTGUID="2139be43-f156-4696-a397-a7676f990c33" CHANGEID="70968365" HOUSENUM="34" HOUSETYPE="2" OPERTYPEID="10" PREVID="0" NEXTID="129166641" UPDATEDATE="2025-09-29" STARTDATE="1900-01-01" ENDDATE="2025-09-29" ISACTUAL="0" ISACTIVE="0" /><HOUSE ID="129166640" OBJECTID="11104773" OBJECTGUID="4af32ba0-5007-4163-bbd8-d5c735e321e2" CHANGEID="689642583" HOUSENUM="10" HOUSETYPE="2" OPERTYPEID="30" PREVID="56689112" NEXTID="0" UPDATEDATE="2025-09-29" STARTDATE="2025-09-29" ENDDATE="2079-06-06" ISACTUAL="1" ISACTIVE="0" /><HOUSE ID="129166643" OBJECTID="47115748" OBJECTGUID="dd7a7dc9-9572-4e68-aef9-f3ae3211031b" CHANGEID="689642587" HOUSENUM="46" HOUSETYPE="2" OPERTYPEID="30" PREVID="28173893" NEXTID="0" UPDATEDATE="2025-09-29" STARTDATE="2025-09-29" ENDDATE="2079-06-06" ISACTUAL="1" ISACTIVE="0" /><HOUSE ID="28173893" OBJECTID="47115748" OBJECTGUID="dd7a7dc9-9572-4e68-aef9-f3ae3211031b" CHANGEID="70885067" HOUSENUM="46" HOUSETYPE="2" OPERTYPEID="10" PREVID="0" NEXTID="129166643" UPDATEDATE="2025-09-29" STARTDATE="2014-07-14" ENDDATE="2025-09-29" ISACTUAL="0" ISACTIVE="0" /><HOUSE ID="129166660" OBJECTID="174917878" OBJECTGUID="2bec4cc1-1bf1-44e9-a989-e5f3897fa029" CHANGEID="689642740" HOUSENUM="7" HOUSETYPE="2" OPERTYPEID="10" PREVID="0" NEXTID="0" UPDATEDATE="2025-09-29" STARTDATE="2025-09-29" ENDDATE="2079-06-06" ISACTUAL="1" ISACTIVE="1" /><HOUSE ID="129166666" OBJECTID="174917935" OBJECTGUID="ac408679-10e9-4d15-80a8-e5b22c715ead" CHANGEID="689642831" HOUSENUM="26" HOUSETYPE="2" OPERTYPEID="10" PREVID="0" NEXTID="0" UPDATEDATE="2025-09-29" STARTDATE="2025-09-29" ENDDATE="2079-06-06" ISACTUAL="1" ISACTIVE="1" /><HOUSE ID="129166673" OBJECTID="174917971" OBJECTGUID="c87b83bf-6ebb-4e8a-8ab2-4aa0c71fe365" CHANGEID="689642878" HOUSENUM="57" HOUSETYPE="2" OPERTYPEID="10" PREVID="0" NEXTID="0" UPDATEDATE="2025-09-29" STARTDATE="2025-09-29" ENDDATE="2079-06-06" ISACTUAL="1" ISACTIVE="1" /><HOUSE ID="129166995" OBJECTID="74279338" OBJECTGUID="54d010eb-8953-4c64-ae87-f26adc886cf3" CHANGEID="689644944" HOUSENUM="8" HOUSETYPE="2" OPERTYPEID="30" PREVID="44844178" NEXTID="0" UPDATEDATE="2025-09-29" STARTDATE="2025-09-29" ENDDATE="2079-06-06" ISACTUAL="1" ISACTIVE="0" /><HOUSE ID="44844178" OBJECTID="74279338" OBJECTGUID="54d010eb-8953-4c64-ae87-f26adc886cf3" CHANGEID="110552268" HOUSENUM="8" HOUSETYPE="2" OPERTYPEID="10" PREVID="0" NEXTID="129166995" UPDATEDATE="2025-09-29" STARTDATE="1900-01-01" ENDDATE="2025-09-29" ISACTUAL="0" ISACTIVE="0" /><HOUSE ID="129166994" OBJECTID="47138306" OBJECTGUID="5ab05215-7ba9-41fd-a52e-d43c8506016f" CHANGEID="689644926" HOUSENUM="58" HOUSETYPE="2" OPERTYPEID="30" PREVID="28188409" NEXTID="0" UPDATEDATE="2025-09-29" STARTDATE="2025-09-29" ENDDATE="2079-06-06" ISACTUAL="1" ISACTIVE="0" /><HOUSE ID="129167709" OBJECTID="74239311" OBJECTGUID="f3fa498a-8246-4652-9feb-ae52763af6ff" CHANGEID="689647869" HOUSENUM="204" HOUSETYPE="2" OPERTYPEID="30" PREVID="68662843" NEXTID="0" UPDATEDATE="2025-09-29" STARTDATE="2025-09-29" ENDDATE="2079-06-06" ISACTUAL="1" ISACTIVE="0" /><HOUSE ID="129167710" OBJECTID="39857512" OBJECTGUID="b836be63-5bdc-479e-8b62-bf6d88cef369" CHANGEID="689647870" HOUSENUM="26" HOUSETYPE="2" OPERTYPEID="30" PREVID="64432795" NEXTID="0" UPDATEDATE="2025-09-29" STARTDATE="2025-09-29" ENDDATE="2079-06-06" ISACTUAL="1" ISACTIVE="0" /><HOUSE ID="129167711" OBJECTID="21123606" OBJECTGUID="b97ee750-1979-480c-8614-ab4d8f5f6a48" CHANGEID="689647872" HOUSENUM="17" HOUSETYPE="2" OPERTYPEID="30" PREVID="64523171" NEXTID="0" UPDATEDATE="2025-09-29" STARTDATE="2025-09-29" ENDDATE="2079-06-06" ISACTUAL="1" ISACTIVE="0" /><HOUSE ID="129168781" OBJECTID="174923821" OBJECTGUID="9ee1e5fb-4167-4128-800f-9aa5a0328c53" CHANGEID="689652091" HOUSENUM="7" HOUSETYPE="2" OPERTYPEID="10" PREVID="0" NEXTID="0" UPDATEDATE="2025-09-29" STARTDATE="2025-09-29" ENDDATE="2079-06-06" ISACTUAL="1" ISACTIVE="1" /><HOUSE ID="129168807" OBJECTID="174924159" OBJECTGUID="902999cb-6546-416e-9c3f-49c6f97d0ce2" CHANGEID="689652628" HOUSENUM="8" HOUSETYPE="2" OPERTYPEID="10" PREVID="0" NEXTID="0" UPDATEDATE="2025-09-29" STARTDATE="2025-09-29" ENDDATE="2079-06-06" ISACTUAL="1" ISACTIVE="1" /><HOUSE ID="129168776" OBJECTID="174923808" OBJECTGUID="eb9e43d8-aa6d-4466-8d2c-9778bcd05a2d" CHANGEID="689652065" HOUSENUM="16" HOUSETYPE="5" OPERTYPEID="10" PREVID="0" NEXTID="0" UPDATEDATE="2025-09-29" STARTDATE="2025-09-29" ENDDATE="2079-06-06" ISACTUAL="1" ISACTIVE="1" /><HOUSE ID="129168784" OBJECTID="174923841" OBJECTGUID="f55f8ccb-7ee0-4766-858e-6e5b8486d699" CHANGEID="689652132" HOUSENUM="76" HOUSETYPE="2" OPERTYPEID="10" PREVID="0" NEXTID="0" UPDATEDATE="2025-09-29" STARTDATE="2025-09-29" ENDDATE="2079-06-06" ISACTUAL="1" ISACTIVE="1" /><HOUSE ID="129169986" OBJECTID="174928346" OBJECTGUID="efc6e1e4-43ae-4211-a883-6728da703d3a" CHANGEID="689664074" HOUSENUM="39" HOUSETYPE="2" OPERTYPEID="10" PREVID="0" NEXTID="0" UPDATEDATE="2025-09-29" STARTDATE="2025-09-29" ENDDATE="2079-06-06" ISACTUAL="1" ISACTIVE="1" /><HOUSE ID="129170530" OBJECTID="174929907" OBJECTGUID="2c549a1b-d7b1-4195-8cc5-08311a056ef0" CHANGEID="689668239" HOUSENUM="25А" HOUSETYPE="8" OPERTYPEID="10" PREVID="0" NEXTID="0" UPDATEDATE="2025-09-29" STARTDATE="2025-09-29" ENDDATE="2079-06-06" ISACTUAL="1" ISACTIVE="1" /><HOUSE ID="129170525" OBJECTID="174929893" OBJECTGUID="359c02b1-f199-4dd1-a3fa-5cefcfa2d8b7" CHANGEID="689668189" HOUSENUM="98" HOUSETYPE="2" OPERTYPEID="10" PREVID="0" NEXTID="0" UPDATEDATE="2025-09-29" STARTDATE="2025-09-29" ENDDATE="2079-06-06" ISACTUAL="1" ISACTIVE="1" /><HOUSE ID="129170526" OBJECTID="174929900" OBJECTGUID="492478af-91fb-4c9f-91d1-1b1a577b51bf" CHANGEID="689668201" HOUSENUM="11" HOUSETYPE="2" OPERTYPEID="10" PREVID="0" NEXTID="0" UPDATEDATE="2025-09-29" STARTDATE="2025-09-29" ENDDATE="2079-06-06" ISACTUAL="1" ISACTIVE="1" /><HOUSE ID="129170537" OBJECTID="174929938" OBJECTGUID="7e4bbc01-7dc8-4bbe-b881-a3aa352af464" CHANGEID="689668331" HOUSENUM="1" HOUSETYPE="7" OPERTYPEID="10" PREVID="0" NEXTID="0" UPDATEDATE="2025-09-29" STARTDATE="2025-09-29" ENDDATE="2079-06-06" ISACTUAL="1" ISACTIVE="1" /><HOUSE ID="129170973" OBJECTID="78742674" OBJECTGUID="97e5b23e-50b7-4f1f-915f-1a65ed96223b" CHANGEID="689671184" HOUSENUM="24" HOUSETYPE="2" OPERTYPEID="30" PREVID="62142425" NEXTID="0" UPDATEDATE="2025-09-29" STARTDATE="2025-09-29" ENDDATE="2079-06-06" ISACTUAL="1" ISACTIVE="0" /><HOUSE ID="129172237" OBJECTID="47069866" OBJECTGUID="500d877c-c1ef-46e6-98e9-c48e8b6464b7" CHANGEID="689679157" HOUSENUM="38А" HOUSETYPE="2" OPERTYPEID="30" PREVID="28145427" NEXTID="0" UPDATEDATE="2025-09-29" STARTDATE="2025-09-29" ENDDATE="2079-06-06" ISACTUAL="1" ISACTIVE="0" /><HOUSE ID="28145427" OBJECTID="47069866" OBJECTGUID="500d877c-c1ef-46e6-98e9-c48e8b6464b7" CHANGEID="70818032" HOUSENUM="38А" HOUSETYPE="2" OPERTYPEID="10" PREVID="0" NEXTID="129172237" UPDATEDATE="2025-09-29" STARTDATE="1900-01-01" ENDDATE="2025-09-29" ISACTUAL="0" ISACTIVE="0" /><HOUSE ID="129172241" OBJECTID="47163125" OBJECTGUID="3e56d1cd-de6b-4d46-89ed-5624d4785de2" CHANGEID="689679178" HOUSENUM="44" HOUSETYPE="2" OPERTYPEID="30" PREVID="28203812" NEXTID="0" UPDATEDATE="2025-09-29" STARTDATE="2025-09-29" ENDDATE="2079-06-06" ISACTUAL="1" ISACTIVE="0" /><HOUSE ID="129172277" OBJECTID="76580732" OBJECTGUID="53d5a7f5-6a82-473c-ab69-6f65b7efb645" CHANGEID="689679275" HOUSENUM="72" HOUSETYPE="2" OPERTYPEID="30" PREVID="46277333" NEXTID="0" UPDATEDATE="2025-09-29" STARTDATE="2025-09-29" ENDDATE="2079-06-06" ISACTUAL="1" ISACTIVE="0" /><HOUSE ID="129172999" OBJECTID="174937384" OBJECTGUID="bb0a1ea1-f07d-446a-8efe-0d971def20a5" CHANGEID="689683168" HOUSENUM="5/1" HOUSETYPE="2" OPERTYPEID="54" PREVID="111802854" NEXTID="0" UPDATEDATE="2025-09-29" STARTDATE="2025-09-29" ENDDATE="2079-06-06" ISACTUAL="1" ISACTIVE="1" /><HOUSE ID="129173000" OBJECTID="174937385" OBJECTGUID="4484d17c-a917-4fe8-ab7b-120cd7c47782" CHANGEID="689683170" HOUSENUM="5/2" HOUSETYPE="2" OPERTYPEID="54" PREVID="111802855" NEXTID="0" UPDATEDATE="2025-09-29" STARTDATE="2025-09-29" ENDDATE="2079-06-06" ISACTUAL="1" ISACTIVE="1" /><HOUSE ID="129173001" OBJECTID="18765145" OBJECTGUID="a7dafca9-7aa4-4468-b2dc-f1d46c453a2e" CHANGEID="689683171" HOUSENUM="5" HOUSETYPE="2" OPERTYPEID="55" PREVID="63272467" UPDATEDATE="2025-09-29" STARTDATE="2025-09-29" ENDDATE="2079-06-06" ISACTUAL="1" ISACTIVE="0" /><HOUSE ID="63272467" OBJECTID="18765145" OBJECTGUID="a7dafca9-7aa4-4468-b2dc-f1d46c453a2e" CHANGEID="29490540" HOUSENUM="5" HOUSETYPE="2" OPERTYPEID="20" PREVID="10824220" NEXTID="129173001" UPDATEDATE="2025-09-29" STARTDATE="2014-03-04" ENDDATE="2025-09-29" ISACTUAL="0" ISACTIVE="0" /><HOUSE ID="129173002" OBJECTID="174937512" OBJECTGUID="dc97d080-a522-47f1-9659-bcaabc164501" CHANGEID="689683318" HOUSENUM="17/2" HOUSETYPE="2" OPERTYPEID="54" PREVID="111802981" NEXTID="0" UPDATEDATE="2025-09-29" STARTDATE="2025-09-29" ENDDATE="2079-06-06" ISACTUAL="1" ISACTIVE="1" /><HOUSE ID="129173003" OBJECTID="174937513" OBJECTGUID="d84f6a03-fde8-454c-8328-5dcfaabe4352" CHANGEID="689683320" HOUSENUM="17/1" HOUSETYPE="2" OPERTYPEID="54" PREVID="111802982" NEXTID="0" UPDATEDATE="2025-09-29" STARTDATE="2025-09-29" ENDDATE="2079-06-06" ISACTUAL="1" ISACTIVE="1" /><HOUSE ID="129173004" OBJECTID="18763476" OBJECTGUID="5240d17e-3cee-46a1-b01e-b14ebecee25f" CHANGEID="689683321" HOUSENUM="17" HOUSETYPE="2" OPERTYPEID="55" PREVID="57207547" UPDATEDATE="2025-09-29" STARTDATE="2025-09-29" ENDDATE="2079-06-06" ISACTUAL="1" ISACTIVE="0" /><HOUSE ID="129172972" OBJECTID="43276610" OBJECTGUID="b6dea851-9a07-4fc7-97fa-b306fb0eb91a" CHANGEID="689682859" HOUSENUM="3" HOUSETYPE="2" OPERTYPEID="30" PREVID="25849668" NEXTID="0" UPDATEDATE="2025-09-29" STARTDATE="2025-09-29" ENDDATE="2079-06-06" ISACTUAL="1" ISACTIVE="0" /><HOUSE ID="25849668" OBJECTID="43276610" OBJECTGUID="b6dea851-9a07-4fc7-97fa-b306fb0eb91a" CHANGEID="65320945" HOUSENUM="3" HOUSETYPE="2" OPERTYPEID="20" PREVID="25849638" NEXTID="129172972" UPDATEDATE="2025-09-29" STARTDATE="2016-09-13" ENDDATE="2025-09-29" ISACTUAL="0" ISACTIVE="0" /><HOUSE ID="129173018" OBJECTID="56082744" OBJECTGUID="cae53d6a-082b-409b-b87f-ed511281c7f5" CHANGEID="689683564" HOUSENUM="7" HOUSETYPE="2" OPERTYPEID="30" PREVID="65755662" NEXTID="0" UPDATEDATE="2025-09-29" STARTDATE="2025-09-29" ENDDATE="2079-06-06" ISACTUAL="1" ISACTIVE="0" /><HOUSE ID="129174290" OBJECTID="174941973" OBJECTGUID="0ecb6f6c-4f43-47ae-940f-e8f0d589ca58" CHANGEID="689694060" HOUSENUM="257" HOUSETYPE="2" OPERTYPEID="10" PREVID="0" NEXTID="0" UPDATEDATE="2025-09-29" STARTDATE="2025-09-29" ENDDATE="2079-06-06" ISACTUAL="1" ISACTIVE="1" /><HOUSE ID="129174392" OBJECTID="174942287" OBJECTGUID="d53a144e-58e8-4dec-9f81-0d8ae8783dd2" CHANGEID="689694555" HOUSENUM="616" HOUSETYPE="2" OPERTYPEID="10" PREVID="0" NEXTID="0" UPDATEDATE="2025-09-29" STARTDATE="2025-09-29" ENDDATE="2079-06-06" ISACTUAL="1" ISACTIVE="1" /><HOUSE ID="129174518" OBJECTID="174942733" OBJECTGUID="f59b8e72-8b50-4c41-97c5-e818bc4703db" CHANGEID="689695422" HOUSENUM="8н/4" HOUSETYPE="8" OPERTYPEID="10" PREVID="0" NEXTID="0" UPDATEDATE="2025-09-29" STARTDATE="2025-09-29" ENDDATE="2079-06-06" ISACTUAL="1" ISACTIVE="1" /><HOUSE ID="129174519" OBJECTID="174942734" OBJECTGUID="9eb872aa-b77e-4d05-93ca-8cc93cdde581" CHANGEID="689695423" HOUSENUM="8д/2" HOUSETYPE="8" OPERTYPEID="10" PREVID="0" NEXTID="0" UPDATEDATE="2025-09-29" STARTDATE="2025-09-29" ENDDATE="2079-06-06" ISACTUAL="1" ISACTIVE="1" /><HOUSE ID="129174520" OBJECTID="174942735" OBJECTGUID="626161ce-b68f-41b4-95c4-f5702494e955" CHANGEID="689695424" HOUSENUM="8д/1" HOUSETYPE="8" OPERTYPEID="10" PREVID="0" NEXTID="0" UPDATEDATE="2025-09-29" STARTDATE="2025-09-29" ENDDATE="2079-06-06" ISACTUAL="1" ISACTIVE="1" /><HOUSE ID="129174521" OBJECTID="174942736" OBJECTGUID="e18cffd2-f9ea-4dc6-b254-400c6b1099ae" CHANGEID="689695425" HOUSENUM="8н/3" HOUSETYPE="8" OPERTYPEID="10" PREVID="0" NEXTID="0" UPDATEDATE="2025-09-29" STARTDATE="2025-09-29" ENDDATE="2079-06-06" ISACTUAL="1" ISACTIVE="1" /><HOUSE ID="129174522" OBJECTID="174942737" OBJECTGUID="89423a31-5da6-4aa4-8654-9e41614b6898" CHANGEID="689695426" HOUSENUM="8н/2" HOUSETYPE="8" OPERTYPEID="10" PREVID="0" NEXTID="0" UPDATEDATE="2025-09-29" STARTDATE="2025-09-29" ENDDATE="2079-06-06" ISACTUAL="1" ISACTIVE="1" /><HOUSE ID="129174523" OBJECTID="174942738" OBJECTGUID="8e55a267-3a67-45bc-a977-4bce79bbd7de" CHANGEID="689695427" HOUSENUM="8н/1" HOUSETYPE="8" OPERTYPEID="10" PREVID="0" NEXTID="0" UPDATEDATE="2025-09-29" STARTDATE="2025-09-29" ENDDATE="2079-06-06" ISACTUAL="1" ISACTIVE="1" /><HOUSE ID="129174604" OBJECTID="174943099" OBJECTGUID="3daa56da-fd15-4e5e-aed2-0e72baa62c5f" CHANGEID="689695939" HOUSENUM="24" HOUSETYPE="2" OPERTYPEID="10" PREVID="0" NEXTID="0" UPDATEDATE="2025-09-29" STARTDATE="2025-09-29" ENDDATE="2079-06-06" ISACTUAL="1" ISACTIVE="1" /><HOUSE ID="129175077" OBJECTID="174944068" OBJECTGUID="46e0f353-d53a-4624-829a-bef63a96f7ac" CHANGEID="689697508" HOUSENUM="22" HOUSETYPE="2" OPERTYPEID="10" PREVID="0" NEXTID="0" UPDATEDATE="2025-09-29" STARTDATE="2025-09-29" ENDDATE="2079-06-06" ISACTUAL="1" ISACTIVE="1" /><HOUSE ID="129175192" OBJECTID="68566709" OBJECTGUID="4e597b5a-ef12-4ae6-8047-cf62e533fd32" CHANGEID="689699811" HOUSENUM="47а" HOUSETYPE="2" OPERTYPEID="30" PREVID="41335155" NEXTID="0" UPDATEDATE="2025-09-29" STARTDATE="2025-09-29" ENDDATE="2079-06-06" ISACTUAL="1" ISACTIVE="0" /><HOUSE ID="129176710" OBJECTID="174949569" OBJECTGUID="d51288e0-f19e-4b41-8c84-026ac95b174c" CHANGEID="689709328" HOUSENUM="49" HOUSETYPE="2" OPERTYPEID="10" PREVID="0" NEXTID="0" UPDATEDATE="2025-09-30" STARTDATE="2025-09-30" ENDDATE="2079-06-06" ISACTUAL="1" ISACTIVE="1" /><HOUSE ID="129176711" OBJECTID="174949571" OBJECTGUID="37cf1473-38ed-40f2-8330-6b9bd577b5b8" CHANGEID="689709330" HOUSENUM="47" HOUSETYPE="2" OPERTYPEID="10" PREVID="0" NEXTID="0" UPDATEDATE="2025-09-30" STARTDATE="2025-09-30" ENDDATE="2079-06-06" ISACTUAL="1" ISACTIVE="1" /><HOUSE ID="129176713" OBJECTID="174949575" OBJECTGUID="f886acb9-6020-4a55-97f9-b46cf8fb1202" CHANGEID="689709334" HOUSENUM="64" HOUSETYPE="2" OPERTYPEID="10" PREVID="0" NEXTID="0" UPDATEDATE="2025-09-30" STARTDATE="2025-09-30" ENDDATE="2079-06-06" ISACTUAL="1" ISACTIVE="1" /><HOUSE ID="129176717" OBJECTID="174949580" OBJECTGUID="5a462893-e355-4c9a-bdbe-63023980357b" CHANGEID="689709344" HOUSENUM="2Б" HOUSETYPE="2" OPERTYPEID="10" PREVID="0" NEXTID="0" UPDATEDATE="2025-09-30" STARTDATE="2025-09-30" ENDDATE="2079-06-06" ISACTUAL="1" ISACTIVE="1" /><HOUSE ID="129177143" OBJECTID="5692938" OBJECTGUID="0a3966ab-337f-41d8-8ec0-1219565563b8" CHANGEID="689710782" HOUSENUM="4б" HOUSETYPE="5" OPERTYPEID="20" PREVID="128960626" UPDATEDATE="2025-09-30" STARTDATE="2025-09-30" ENDDATE="2079-06-06" ISACTUAL="1" ISACTIVE="1" /><HOUSE ID="129177142" OBJECTID="5693351" OBJECTGUID="831d572c-6f9a-4de0-8bf8-170924bfb438" CHANGEID="689710781" HOUSENUM="4а" HOUSETYPE="5" OPERTYPEID="20" PREVID="128960616" UPDATEDATE="2025-09-30" STARTDATE="2025-09-30" ENDDATE="2079-06-06" ISACTUAL="1" ISACTIVE="1" /><HOUSE ID="129177268" OBJECTID="174950555" OBJECTGUID="f9d54837-5fd5-40cd-bf6c-329eb7f31853" CHANGEID="689711103" HOUSENUM="68" HOUSETYPE="7" OPERTYPEID="10" PREVID="0" NEXTID="0" UPDATEDATE="2025-09-30" STARTDATE="2025-09-30" ENDDATE="2079-06-06" ISACTUAL="1" ISACTIVE="1" /><HOUSE ID="129177270" OBJECTID="174950576" OBJECTGUID="dc84cd1a-99a6-4884-802c-a01b0e4416b8" CHANGEID="689711125" HOUSENUM="82" HOUSETYPE="2" OPERTYPEID="10" PREVID="0" NEXTID="0" UPDATEDATE="2025-09-30" STARTDATE="2025-09-30" ENDDATE="2079-06-06" ISACTUAL="1" ISACTIVE="1" /><HOUSE ID="129177282" OBJECTID="174950620" OBJECTGUID="2c57a3f5-949d-4570-91ac-d2ec53940f5c" CHANGEID="689711186" HOUSENUM="25а" HOUSETYPE="2" OPERTYPEID="10" PREVID="0" NEXTID="0" UPDATEDATE="2025-09-30" STARTDATE="2025-09-30" ENDDATE="2079-06-06" ISACTUAL="1" ISACTIVE="1" /><HOUSE ID="129177274" OBJECTID="174950583" OBJECTGUID="fdfab599-865a-4182-bece-1af20d82a641" CHANGEID="689711142" HOUSENUM="10" HOUSETYPE="2" OPERTYPEID="10" PREVID="0" NEXTID="0" UPDATEDATE="2025-09-30" STARTDATE="2025-09-30" ENDDATE="2079-06-06" ISACTUAL="1" ISACTIVE="1" /><HOUSE ID="129177715" OBJECTID="3414765" OBJECTGUID="3731fc8a-e450-4f8e-acc5-d7827535f0b3" CHANGEID="689716724" HOUSENUM="2" HOUSETYPE="2" OPERTYPEID="30" PREVID="55290516" NEXTID="0" UPDATEDATE="2025-09-30" STARTDATE="2025-09-30" ENDDATE="2079-06-06" ISACTUAL="1" ISACTIVE="0" /><HOUSE ID="129178307" OBJECTID="174953626" OBJECTGUID="959e1c7f-3078-46be-ad24-f242edd1c560" CHANGEID="689720205" HOUSENUM="82/9" HOUSETYPE="5" OPERTYPEID="10" PREVID="0" NEXTID="0" UPDATEDATE="2025-09-30" STARTDATE="2025-09-30" ENDDATE="2079-06-06" ISACTUAL="1" ISACTIVE="1" /><HOUSE ID="129178815" OBJECTID="174954811" OBJECTGUID="53470a03-678d-4f15-8de4-ca695de65fd3" CHANGEID="689722614" HOUSENUM="11" HOUSETYPE="2" OPERTYPEID="10" PREVID="0" NEXTID="0" UPDATEDATE="2025-09-30" STARTDATE="2025-09-30" ENDDATE="2079-06-06" ISACTUAL="1" ISACTIVE="1" /><HOUSE ID="129178825" OBJECTID="174954904" OBJECTGUID="039255cb-84da-4686-ae97-eae8cff25cc6" CHANGEID="689722737" HOUSENUM="87" HOUSETYPE="2" OPERTYPEID="10" PREVID="0" NEXTID="0" UPDATEDATE="2025-09-30" STARTDATE="2025-09-30" ENDDATE="2079-06-06" ISACTUAL="1" ISACTIVE="1" /><HOUSE ID="129178826" OBJECTID="174954905" OBJECTGUID="40d52ffe-e8e5-44de-8e09-2ce7cdbd81e5" CHANGEID="689722738" HOUSENUM="35А" HOUSETYPE="2" OPERTYPEID="10" PREVID="0" NEXTID="0" UPDATEDATE="2025-09-30" STARTDATE="2025-09-30" ENDDATE="2079-06-06" ISACTUAL="1" ISACTIVE="1" /><HOUSE ID="129178827" OBJECTID="174954906" OBJECTGUID="a79c9bb4-a9e6-4fd8-a344-f48a76eb40d8" CHANGEID="689722739" HOUSENUM="26" HOUSETYPE="7" OPERTYPEID="10" PREVID="0" NEXTID="0" UPDATEDATE="2025-09-30" STARTDATE="2025-09-30" ENDDATE="2079-06-06" ISACTUAL="1" ISACTIVE="1" /><HOUSE ID="129178829" OBJECTID="174954935" OBJECTGUID="c68336e2-a213-4860-a2c7-0f9d12faf67e" CHANGEID="689722799" HOUSENUM="147" HOUSETYPE="5" OPERTYPEID="10" PREVID="0" NEXTID="0" UPDATEDATE="2025-09-30" STARTDATE="2025-09-30" ENDDATE="2079-06-06" ISACTUAL="1" ISACTIVE="1" /><HOUSE ID="129178830" OBJECTID="174954939" OBJECTGUID="acfb7d5c-10c8-4f47-91ff-09f1d88380a5" CHANGEID="689722804" HOUSENUM="2" HOUSETYPE="2" OPERTYPEID="10" PREVID="0" NEXTID="0" UPDATEDATE="2025-09-30" STARTDATE="2025-09-30" ENDDATE="2079-06-06" ISACTUAL="1" ISACTIVE="1" /><HOUSE ID="129179071" OBJECTID="34818379" OBJECTGUID="b15bec3e-a21b-4795-b2cf-2b0c4753894b" CHANGEID="689725313" HOUSENUM="15" HOUSETYPE="2" OPERTYPEID="30" PREVID="63945230" NEXTID="0" UPDATEDATE="2025-09-30" STARTDATE="2025-09-30" ENDDATE="2079-06-06" ISACTUAL="1" ISACTIVE="0" /><HOUSE ID="63945230" OBJECTID="34818379" OBJECTGUID="b15bec3e-a21b-4795-b2cf-2b0c4753894b" CHANGEID="52979230" HOUSENUM="15" HOUSETYPE="2" OPERTYPEID="20" PREVID="20714114" NEXTID="129179071" UPDATEDATE="2025-09-30" STARTDATE="2017-01-17" ENDDATE="2025-09-30" ISACTUAL="0" ISACTIVE="0" /><HOUSE ID="129179227" OBJECTID="174956415" OBJECTGUID="6b32297c-2753-4207-8e27-c2048a31b3f9" CHANGEID="689725662" HOUSENUM="3а" HOUSETYPE="2" OPERTYPEID="10" PREVID="0" NEXTID="0" UPDATEDATE="2025-09-30" STARTDATE="2025-09-30" ENDDATE="2079-06-06" ISACTUAL="1" ISACTIVE="1" /><HOUSE ID="129180289" OBJECTID="174960258" OBJECTGUID="9ff98a38-9426-4a29-ac03-a54514565377" CHANGEID="689735418" HOUSENUM="14/1" HOUSETYPE="2" OPERTYPEID="10" PREVID="0" NEXTID="0" UPDATEDATE="2025-09-30" STARTDATE="2025-09-30" ENDDATE="2079-06-06" ISACTUAL="1" ISACTIVE="1" /><HOUSE ID="129180297" OBJECTID="174960287" OBJECTGUID="2f8db411-c54b-4ff3-aec5-d216c2990049" CHANGEID="689735472" HOUSENUM="2/2" HOUSETYPE="5" OPERTYPEID="10" PREVID="0" NEXTID="0" UPDATEDATE="2025-09-30" STARTDATE="2025-09-30" ENDDATE="2079-06-06" ISACTUAL="1" ISACTIVE="1" /><HOUSE ID="129180607" OBJECTID="174961085" OBJECTGUID="1b050cfa-4e05-492c-bd50-d07387a3e8f2" CHANGEID="689737537" HOUSENUM="47а" HOUSETYPE="2" OPERTYPEID="10" PREVID="0" NEXTID="0" UPDATEDATE="2025-09-30" STARTDATE="2025-09-30" ENDDATE="2079-06-06" ISACTUAL="1" ISACTIVE="1" /><HOUSE ID="129180635" OBJECTID="174961207" OBJECTGUID="4c217dc6-0472-43d3-a2a8-23d3aac64a25" CHANGEID="689737750" HOUSENUM="27/1" HOUSETYPE="5" OPERTYPEID="10" PREVID="0" NEXTID="0" UPDATEDATE="2025-09-30" STARTDATE="2025-09-30" ENDDATE="2079-06-06" ISACTUAL="1" ISACTIVE="1" /><HOUSE ID="129180638" OBJECTID="174961227" OBJECTGUID="2d2d52f8-04fa-4121-af16-a2c9e3184ce6" CHANGEID="689737842" HOUSENUM="52" HOUSETYPE="2" OPERTYPEID="10" PREVID="0" NEXTID="0" UPDATEDATE="2025-09-30" STARTDATE="2025-09-30" ENDDATE="2079-06-06" ISACTUAL="1" ISACTIVE="1" /><HOUSE ID="129180915" OBJECTID="174962068" OBJECTGUID="5e48e689-84af-4d24-9dda-0c24ab9c64e4" CHANGEID="689739816" HOUSENUM="5/1" HOUSETYPE="8" OPERTYPEID="10" PREVID="0" NEXTID="0" UPDATEDATE="2025-09-30" STARTDATE="2025-09-30" ENDDATE="2079-06-06" ISACTUAL="1" ISACTIVE="1" /><HOUSE ID="129180916" OBJECTID="174962080" OBJECTGUID="30097c1d-b9d5-47d0-824a-e921735ebf5f" CHANGEID="689739938" HOUSENUM="28/15" HOUSETYPE="5" OPERTYPEID="10" PREVID="0" NEXTID="0" UPDATEDATE="2025-09-30" STARTDATE="2025-09-30" ENDDATE="2079-06-06" ISACTUAL="1" ISACTIVE="1" /><HOUSE ID="129181886" OBJECTID="174965584" OBJECTGUID="dfb624dd-e621-466a-aea5-49b576b410b7" CHANGEID="689746539" HOUSENUM="54а" HOUSETYPE="5" OPERTYPEID="10" PREVID="0" NEXTID="0" UPDATEDATE="2025-09-30" STARTDATE="2025-09-30" ENDDATE="2079-06-06" ISACTUAL="1" ISACTIVE="1" /><HOUSE ID="129182104" OBJECTID="174965920" OBJECTGUID="1aef5552-c526-4b91-882a-5b7b23bfe5f0" CHANGEID="689747764" HOUSENUM="15" HOUSETYPE="2" OPERTYPEID="10" PREVID="0" NEXTID="0" UPDATEDATE="2025-09-30" STARTDATE="2025-09-30" ENDDATE="2079-06-06" ISACTUAL="1" ISACTIVE="1" /><HOUSE ID="129182347" OBJECTID="174966212" OBJECTGUID="568ed740-9d90-4cbd-ba55-5596d17139f9" CHANGEID="689748806" HOUSENUM="2г/118" HOUSETYPE="5" OPERTYPEID="10" PREVID="0" NEXTID="0" UPDATEDATE="2025-09-30" STARTDATE="2025-09-30" ENDDATE="2079-06-06" ISACTUAL="1" ISACTIVE="1" /><HOUSE ID="129182397" OBJECTID="174966340" OBJECTGUID="ff1588b9-be5c-43e1-b58d-3a27717763aa" CHANGEID="689749030" HOUSENUM="2/2" HOUSETYPE="2" OPERTYPEID="54" PREVID="111810590" NEXTID="0" UPDATEDATE="2025-09-30" STARTDATE="2025-09-30" ENDDATE="2079-06-06" ISACTUAL="1" ISACTIVE="1" /><HOUSE ID="129182398" OBJECTID="174966341" OBJECTGUID="6b266e69-0e61-44e8-8ce8-3aa4a92178d0" CHANGEID="689749032" HOUSENUM="2/1" HOUSETYPE="2" OPERTYPEID="54" PREVID="111810591" NEXTID="0" UPDATEDATE="2025-09-30" STARTDATE="2025-09-30" ENDDATE="2079-06-06" ISACTUAL="1" ISACTIVE="1" /><HOUSE ID="129182399" OBJECTID="26158431" OBJECTGUID="fdadac3f-9652-47e5-acc6-4fee0a995b31" CHANGEID="689749033" HOUSENUM="2" HOUSETYPE="2" OPERTYPEID="55" PREVID="69348698" UPDATEDATE="2025-09-30" STARTDATE="2025-09-30" ENDDATE="2079-06-06" ISACTUAL="1" ISACTIVE="0" /><HOUSE ID="129182621" OBJECTID="174966816" OBJECTGUID="ae984aae-e34a-4d6b-b64c-5e6a4315bd80" CHANGEID="689750531" HOUSENUM="9а" HOUSETYPE="2" OPERTYPEID="10" PREVID="0" NEXTID="0" UPDATEDATE="2025-09-30" STARTDATE="2025-09-30" ENDDATE="2079-06-06" ISACTUAL="1" ISACTIVE="1" /><HOUSE ID="129182625" OBJECTID="174966819" OBJECTGUID="7be2f85f-ff82-44e5-a56e-6df1438f426d" CHANGEID="689750537" HOUSENUM="14" HOUSETYPE="2" OPERTYPEID="10" PREVID="0" NEXTID="0" UPDATEDATE="2025-09-30" STARTDATE="2025-09-30" ENDDATE="2079-06-06" ISACTUAL="1" ISACTIVE="1" /><HOUSE ID="129182679" OBJECTID="174966898" OBJECTGUID="365f7ddf-8369-41c9-a5fd-db695d56a14f" CHANGEID="689750701" HOUSENUM="2о" HOUSETYPE="7" OPERTYPEID="10" PREVID="0" NEXTID="0" UPDATEDATE="2025-09-30" STARTDATE="2025-09-30" ENDDATE="2079-06-06" ISACTUAL="1" ISACTIVE="1" /><HOUSE ID="129182701" OBJECTID="174966933" OBJECTGUID="d67b8c59-2e8d-47e7-85c9-3beedec7bc77" CHANGEID="689750761" HOUSENUM="2/1" HOUSETYPE="7" OPERTYPEID="10" PREVID="0" NEXTID="0" UPDATEDATE="2025-09-30" STARTDATE="2025-09-30" ENDDATE="2079-06-06" ISACTUAL="1" ISACTIVE="1" /><HOUSE ID="129182702" OBJECTID="174966934" OBJECTGUID="3aa4271f-807a-4dc9-aac8-91390cbac3d1" CHANGEID="689750762" HOUSENUM="2/2" HOUSETYPE="7" OPERTYPEID="10" PREVID="0" NEXTID="0" UPDATEDATE="2025-09-30" STARTDATE="2025-09-30" ENDDATE="2079-06-06" ISACTUAL="1" ISACTIVE="1" /><HOUSE ID="129182703" OBJECTID="174966935" OBJECTGUID="d094bacd-a667-4d6a-ae03-579d3bc1fce4" CHANGEID="689750763" HOUSENUM="2/3" HOUSETYPE="7" OPERTYPEID="10" PREVID="0" NEXTID="0" UPDATEDATE="2025-09-30" STARTDATE="2025-09-30" ENDDATE="2079-06-06" ISACTUAL="1" ISACTIVE="1" /><HOUSE ID="129182771" OBJECTID="174967195" OBJECTGUID="25bcfc9a-5e6b-4904-832c-800393879b0d" CHANGEID="689751191" HOUSENUM="3" HOUSETYPE="2" OPERTYPEID="10" PREVID="0" NEXTID="0" UPDATEDATE="2025-09-30" STARTDATE="2025-09-30" ENDDATE="2079-06-06" ISACTUAL="1" ISACTIVE="1" /><HOUSE ID="129182934" OBJECTID="174967551" OBJECTGUID="94cec634-7795-4f4a-9a48-bdb834d9d044" CHANGEID="689752241" HOUSENUM="119" HOUSETYPE="2" OPERTYPEID="10" PREVID="0" NEXTID="0" UPDATEDATE="2025-09-30" STARTDATE="2025-09-30" ENDDATE="2079-06-06" ISACTUAL="1" ISACTIVE="1" /><HOUSE ID="129182937" OBJECTID="174967555" OBJECTGUID="29bf79e6-6239-4518-9706-87dcdaac14f2" CHANGEID="689752252" HOUSENUM="27/3" HOUSETYPE="5" OPERTYPEID="10" PREVID="0" NEXTID="0" UPDATEDATE="2025-09-30" STARTDATE="2025-09-30" ENDDATE="2079-06-06" ISACTUAL="1" ISACTIVE="1" /><HOUSE ID="129182964" OBJECTID="174967595" OBJECTGUID="298a15b4-be9c-4ae8-86ba-1c88f72f9298" CHANGEID="689752383" HOUSENUM="27" HOUSETYPE="5" OPERTYPEID="10" PREVID="0" NEXTID="0" UPDATEDATE="2025-09-30" STARTDATE="2025-09-30" ENDDATE="2079-06-06" ISACTUAL="1" ISACTIVE="1" /><HOUSE ID="129183742" OBJECTID="174970219" OBJECTGUID="e429fca6-0fe3-41f1-8323-32738a4ac02a" CHANGEID="689758022" HOUSENUM="106" HOUSETYPE="2" OPERTYPEID="10" PREVID="0" NEXTID="0" UPDATEDATE="2025-09-30" STARTDATE="2025-09-30" ENDDATE="2079-06-06" ISACTUAL="1" ISACTIVE="1" /><HOUSE ID="129183775" OBJECTID="174970330" OBJECTGUID="24fc9bd9-42bc-4a07-a71c-283a96d01ffb" CHANGEID="689758482" HOUSENUM="89г/38" HOUSETYPE="5" OPERTYPEID="10" PREVID="0" NEXTID="0" UPDATEDATE="2025-09-30" STARTDATE="2025-09-30" ENDDATE="2079-06-06" ISACTUAL="1" ISACTIVE="1" /><HOUSE ID="129183778" OBJECTID="174970362" OBJECTGUID="ef536776-6a32-49b1-8279-2594fb9f8b19" CHANGEID="689758518" HOUSENUM="56б" HOUSETYPE="2" OPERTYPEID="10" PREVID="0" NEXTID="0" UPDATEDATE="2025-09-30" STARTDATE="2025-09-30" ENDDATE="2079-06-06" ISACTUAL="1" ISACTIVE="1" /><HOUSE ID="129183790" OBJECTID="174970388" OBJECTGUID="8d4663c4-ab0c-4a52-85b6-08c597a4b543" CHANGEID="689758582" HOUSENUM="31а" HOUSETYPE="2" OPERTYPEID="10" PREVID="0" NEXTID="0" UPDATEDATE="2025-09-30" STARTDATE="2025-09-30" ENDDATE="2079-06-06" ISACTUAL="1" ISACTIVE="1" /><HOUSE ID="129183809" OBJECTID="174970431" OBJECTGUID="a0624266-aad2-4411-a5a1-281cd243ec41" CHANGEID="689758784" HOUSENUM="14" HOUSETYPE="2" OPERTYPEID="10" PREVID="0" NEXTID="0" UPDATEDATE="2025-09-30" STARTDATE="2025-09-30" ENDDATE="2079-06-06" ISACTUAL="1" ISACTIVE="1" /><HOUSE ID="129183816" OBJECTID="174970441" OBJECTGUID="4f9483c3-1099-42c1-ab99-56004d73e426" CHANGEID="689758807" HOUSENUM="32" HOUSETYPE="2" OPERTYPEID="10" PREVID="0" NEXTID="0" UPDATEDATE="2025-09-30" STARTDATE="2025-09-30" ENDDATE="2079-06-06" ISACTUAL="1" ISACTIVE="1" /><HOUSE ID="129183780" OBJECTID="174970372" OBJECTGUID="26910a9c-0d27-4981-9d43-1b4454f48499" CHANGEID="689758537" HOUSENUM="31б" HOUSETYPE="2" OPERTYPEID="10" PREVID="0" NEXTID="0" UPDATEDATE="2025-09-30" STARTDATE="2025-09-30" ENDDATE="2079-06-06" ISACTUAL="1" ISACTIVE="1" /><HOUSE ID="129183785" OBJECTID="38807176" OBJECTGUID="d3d4385a-e7eb-4bc2-91c0-8ab522ab47c4" CHANGEID="689758557" HOUSENUM="1" HOUSETYPE="2" OPERTYPEID="30" PREVID="66386715" NEXTID="0" UPDATEDATE="2025-09-30" STARTDATE="2025-09-30" ENDDATE="2079-06-06" ISACTUAL="1" ISACTIVE="0" /><HOUSE ID="66386715" OBJECTID="38807176" OBJECTGUID="d3d4385a-e7eb-4bc2-91c0-8ab522ab47c4" CHANGEID="58821961" HOUSENUM="1" HOUSETYPE="2" OPERTYPEID="20" PREVID="23195831" NEXTID="129183785" UPDATEDATE="2025-09-30" STARTDATE="2014-01-04" ENDDATE="2025-09-30" ISACTUAL="0" ISACTIVE="0" /><HOUSE ID="129183810" OBJECTID="174970432" OBJECTGUID="386d2a29-fb35-4041-aee6-257eb2d5d727" CHANGEID="689758785" HOUSENUM="97г/36" HOUSETYPE="5" OPERTYPEID="10" PREVID="0" NEXTID="0" UPDATEDATE="2025-09-30" STARTDATE="2025-09-30" ENDDATE="2079-06-06" ISACTUAL="1" ISACTIVE="1" /><HOUSE ID="129183827" OBJECTID="174970454" OBJECTGUID="786fa50d-2a68-42b7-af43-d616c9931cee" CHANGEID="689759018" HOUSENUM="1" HOUSETYPE="2" OPERTYPEID="10" PREVID="0" NEXTID="0" UPDATEDATE="2025-09-30" STARTDATE="2025-09-30" ENDDATE="2079-06-06" ISACTUAL="1" ISACTIVE="1" /><HOUSE ID="129183828" OBJECTID="174970456" OBJECTGUID="84929057-0c71-41c2-9b44-a5e98900a391" CHANGEID="689759020" HOUSENUM="6г/48" HOUSETYPE="5" OPERTYPEID="10" PREVID="0" NEXTID="0" UPDATEDATE="2025-09-30" STARTDATE="2025-09-30" ENDDATE="2079-06-06" ISACTUAL="1" ISACTIVE="1" /><HOUSE ID="129183853" OBJECTID="174970502" OBJECTGUID="9b61a6c2-1a2c-4582-801c-9cc5a526cfc0" CHANGEID="689759136" HOUSENUM="31" HOUSETYPE="2" OPERTYPEID="10" PREVID="0" NEXTID="0" UPDATEDATE="2025-09-30" STARTDATE="2025-09-30" ENDDATE="2079-06-06" ISACTUAL="1" ISACTIVE="1" /><HOUSE ID="129183863" OBJECTID="174970516" OBJECTGUID="0a83875a-92dc-47d1-ab76-99256fc3971c" CHANGEID="689776897" HOUSENUM="7" HOUSETYPE="2" OPERTYPEID="10" PREVID="0" NEXTID="0" UPDATEDATE="2025-09-30" STARTDATE="2025-09-30" ENDDATE="2079-06-06" ISACTUAL="1" ISACTIVE="1" /><HOUSE ID="129185202" OBJECTID="174973620" OBJECTGUID="e7ac1738-844f-4ba6-8e48-2763111f682d" CHANGEID="689784514" HOUSENUM="20" HOUSETYPE="2" OPERTYPEID="10" PREVID="0" NEXTID="0" UPDATEDATE="2025-10-01" STARTDATE="2025-10-01" ENDDATE="2079-06-06" ISACTUAL="1" ISACTIVE="1" /><HOUSE ID="129185204" OBJECTID="174973622" OBJECTGUID="2b9b3470-3427-40b7-b6bb-ec6fb00eb70d" CHANGEID="689784516" HOUSENUM="4" HOUSETYPE="2" OPERTYPEID="10" PREVID="0" NEXTID="0" UPDATEDATE="2025-10-01" STARTDATE="2025-10-01" ENDDATE="2079-06-06" ISACTUAL="1" ISACTIVE="1" /><HOUSE ID="129185203" OBJECTID="174973621" OBJECTGUID="6dec9a6c-29f1-4429-a04e-7311b1e090c0" CHANGEID="689784515" HOUSENUM="25а" HOUSETYPE="2" OPERTYPEID="10" PREVID="0" NEXTID="0" UPDATEDATE="2025-10-01" STARTDATE="2025-10-01" ENDDATE="2079-06-06" ISACTUAL="1" ISACTIVE="1" /><HOUSE ID="129185205" OBJECTID="174973623" OBJECTGUID="f0d0a184-1c55-4f7f-8a51-5e9530fe2286" CHANGEID="689784517" HOUSENUM="2" HOUSETYPE="2" OPERTYPEID="10" PREVID="0" NEXTID="0" UPDATEDATE="2025-10-01" STARTDATE="2025-10-01" ENDDATE="2079-06-06" ISACTUAL="1" ISACTIVE="1" /><HOUSE ID="129185499" OBJECTID="174975071" OBJECTGUID="d87164f0-fb0b-4d10-b64a-9c532010dce8" CHANGEID="689787085" HOUSENUM="1" HOUSETYPE="2" OPERTYPEID="10" PREVID="0" NEXTID="0" UPDATEDATE="2025-10-01" STARTDATE="2025-10-01" ENDDATE="2079-06-06" ISACTUAL="1" ISACTIVE="1" /><HOUSE ID="129185515" OBJECTID="174975090" OBJECTGUID="d5f710ff-a7e4-4f47-ae07-0beeb7609f53" CHANGEID="689787133" HOUSENUM="10" HOUSETYPE="8" OPERTYPEID="10" PREVID="0" NEXTID="0" UPDATEDATE="2025-10-01" STARTDATE="2025-10-01" ENDDATE="2079-06-06" ISACTUAL="1" ISACTIVE="1" /><HOUSE ID="129185516" OBJECTID="174975091" OBJECTGUID="eff711f4-eaa4-48d0-905f-8ee187409849" CHANGEID="689787134" HOUSENUM="10" HOUSETYPE="2" OPERTYPEID="10" PREVID="0" NEXTID="0" UPDATEDATE="2025-10-01" STARTDATE="2025-10-01" ENDDATE="2079-06-06" ISACTUAL="1" ISACTIVE="1" /><HOUSE ID="129186297" OBJECTID="8129548" OBJECTGUID="1d0dfd39-5f22-4c59-889e-6a4e16bc3f50" CHANGEID="689793945" HOUSENUM="42" HOUSETYPE="2" OPERTYPEID="30" PREVID="53439484" NEXTID="0" UPDATEDATE="2025-10-01" STARTDATE="2025-10-01" ENDDATE="2079-06-06" ISACTUAL="1" ISACTIVE="0" /><HOUSE ID="129187706" OBJECTID="174982698" OBJECTGUID="364e7170-dad9-4c61-b2e9-cfd3ba74a770" CHANGEID="689801812" HOUSENUM="26г/4" HOUSETYPE="5" OPERTYPEID="10" PREVID="0" NEXTID="0" UPDATEDATE="2025-10-01" STARTDATE="2025-10-01" ENDDATE="2079-06-06" ISACTUAL="1" ISACTIVE="1" /><HOUSE ID="129188284" OBJECTID="174983789" OBJECTGUID="bb797953-c4cc-41e1-a097-6e3ae585421a" CHANGEID="689804498" HOUSENUM="9г/36" HOUSETYPE="5" OPERTYPEID="10" PREVID="0" NEXTID="0" UPDATEDATE="2025-10-01" STARTDATE="2025-10-01" ENDDATE="2079-06-06" ISACTUAL="1" ISACTIVE="1" /><HOUSE ID="129188279" OBJECTID="174983774" OBJECTGUID="efb09175-a42c-4efa-a1b0-f9402c9f71a0" CHANGEID="689804333" HOUSENUM="13" HOUSETYPE="2" OPERTYPEID="10" PREVID="0" NEXTID="0" UPDATEDATE="2025-10-01" STARTDATE="2025-10-01" ENDDATE="2079-06-06" ISACTUAL="1" ISACTIVE="1" /><HOUSE ID="129188316" OBJECTID="174983890" OBJECTGUID="fe834cb8-3ac4-4b79-a4ac-eb6e9ef5b2ae" CHANGEID="689804859" HOUSENUM="24г/232" HOUSETYPE="5" OPERTYPEID="10" PREVID="0" NEXTID="0" UPDATEDATE="2025-10-01" STARTDATE="2025-10-01" ENDDATE="2079-06-06" ISACTUAL="1" ISACTIVE="1" /><HOUSE ID="129188908" OBJECTID="174985813" OBJECTGUID="3b70882d-d8cc-4d55-b935-91ed0a00fca7" CHANGEID="689809000" HOUSENUM="14г/868" HOUSETYPE="5" OPERTYPEID="10" PREVID="0" NEXTID="0" UPDATEDATE="2025-10-01" STARTDATE="2025-10-01" ENDDATE="2079-06-06" ISACTUAL="1" ISACTIVE="1" /><HOUSE ID="129188955" OBJECTID="46395777" OBJECTGUID="cea450cf-afac-4081-91da-72dc2aae0b64" CHANGEID="689809306" HOUSENUM="8" HOUSETYPE="2" OPERTYPEID="30" PREVID="124421340" NEXTID="0" UPDATEDATE="2025-10-01" STARTDATE="2025-10-01" ENDDATE="2079-06-06" ISACTUAL="1" ISACTIVE="0" /><HOUSE ID="129189439" OBJECTID="174987330" OBJECTGUID="a7b2ed86-f0fb-444b-a936-ca665d46ac8f" CHANGEID="689811540" HOUSENUM="57" HOUSETYPE="2" OPERTYPEID="10" PREVID="0" NEXTID="0" UPDATEDATE="2025-10-01" STARTDATE="2025-10-01" ENDDATE="2079-06-06" ISACTUAL="1" ISACTIVE="1" /><HOUSE ID="129189965" OBJECTID="174989188" OBJECTGUID="672f8eb1-c51d-4254-9fbc-726bc6b2336b" CHANGEID="689814430" HOUSENUM="22" HOUSETYPE="2" OPERTYPEID="10" PREVID="0" NEXTID="0" UPDATEDATE="2025-10-01" STARTDATE="2025-10-01" ENDDATE="2079-06-06" ISACTUAL="1" ISACTIVE="1" /><HOUSE ID="129190585" OBJECTID="174990771" OBJECTGUID="019832ae-f01d-4bda-b581-dff20f765cf4" CHANGEID="689817773" HOUSENUM="39" HOUSETYPE="2" OPERTYPEID="10" PREVID="0" NEXTID="0" UPDATEDATE="2025-10-01" STARTDATE="2025-10-01" ENDDATE="2079-06-06" ISACTUAL="1" ISACTIVE="1" /><HOUSE ID="129191124" OBJECTID="174991903" OBJECTGUID="82cd199e-0834-4e86-961e-17332ce9a51c" CHANGEID="689819864" HOUSENUM="4" HOUSETYPE="2" OPERTYPEID="10" PREVID="0" NEXTID="0" UPDATEDATE="2025-10-01" STARTDATE="2025-10-01" ENDDATE="2079-06-06" ISACTUAL="1" ISACTIVE="1" /><HOUSE ID="129191167" OBJECTID="174992052" OBJECTGUID="93cd43bb-7769-4dc1-bb4a-f7fe8e88f572" CHANGEID="689820063" HOUSENUM="189/1" HOUSETYPE="8" OPERTYPEID="10" PREVID="0" NEXTID="0" UPDATEDATE="2025-10-01" STARTDATE="2025-10-01" ENDDATE="2079-06-06" ISACTUAL="1" ISACTIVE="1" /><HOUSE ID="129191192" OBJECTID="174992138" OBJECTGUID="1f3a5cc0-8f97-4870-9cf3-dd0713b45fad" CHANGEID="689820161" HOUSENUM="33" HOUSETYPE="2" OPERTYPEID="10" PREVID="0" NEXTID="0" UPDATEDATE="2025-10-01" STARTDATE="2025-10-01" ENDDATE="2079-06-06" ISACTUAL="1" ISACTIVE="1" /><HOUSE ID="129191171" OBJECTID="174992059" OBJECTGUID="760a99c5-9338-4b2a-b3e2-f4554bfc6be7" CHANGEID="689820072" HOUSENUM="133" HOUSETYPE="2" OPERTYPEID="10" PREVID="0" NEXTID="0" UPDATEDATE="2025-10-01" STARTDATE="2025-10-01" ENDDATE="2079-06-06" ISACTUAL="1" ISACTIVE="1" /><HOUSE ID="129191183" OBJECTID="174992100" OBJECTGUID="f7c52b05-91be-4dd1-920c-10398767f01c" CHANGEID="689820118" HOUSENUM="26" HOUSETYPE="2" OPERTYPEID="10" PREVID="0" NEXTID="0" UPDATEDATE="2025-10-01" STARTDATE="2025-10-01" ENDDATE="2079-06-06" ISACTUAL="1" ISACTIVE="1" /><HOUSE ID="129191256" OBJECTID="174992371" OBJECTGUID="99826400-3a67-4a2c-b3e9-785c4522a94b" CHANGEID="689821547" HOUSENUM="14/3" HOUSETYPE="5" OPERTYPEID="10" PREVID="0" NEXTID="0" UPDATEDATE="2025-10-01" STARTDATE="2025-10-01" ENDDATE="2079-06-06" ISACTUAL="1" ISACTIVE="1" /><HOUSE ID="129191257" OBJECTID="174992372" OBJECTGUID="3b0438ce-db3d-48f3-a3d3-dea29b4bfac1" CHANGEID="689821548" HOUSENUM="14/2" HOUSETYPE="5" OPERTYPEID="10" PREVID="0" NEXTID="0" UPDATEDATE="2025-10-01" STARTDATE="2025-10-01" ENDDATE="2079-06-06" ISACTUAL="1" ISACTIVE="1" /><HOUSE ID="129191258" OBJECTID="174992373" OBJECTGUID="444dca21-41ab-4fc6-a7d6-9b135b0b1da1" CHANGEID="689821549" HOUSENUM="26/1" HOUSETYPE="5" OPERTYPEID="10" PREVID="0" NEXTID="0" UPDATEDATE="2025-10-01" STARTDATE="2025-10-01" ENDDATE="2079-06-06" ISACTUAL="1" ISACTIVE="1" /><HOUSE ID="129191259" OBJECTID="174992374" OBJECTGUID="831ea2f9-cdd3-4f16-bc54-c9316791e2b5" CHANGEID="689821550" HOUSENUM="17/2" HOUSETYPE="8" OPERTYPEID="10" PREVID="0" NEXTID="0" UPDATEDATE="2025-10-01" STARTDATE="2025-10-01" ENDDATE="2079-06-06" ISACTUAL="1" ISACTIVE="1" /><HOUSE ID="129191389" OBJECTID="4910432" OBJECTGUID="1d3e8949-870b-4374-8ffd-f344f8fabbbe" CHANGEID="689824778" HOUSENUM="29" HOUSETYPE="2" OPERTYPEID="30" PREVID="2061487" NEXTID="0" UPDATEDATE="2025-10-01" STARTDATE="2025-10-01" ENDDATE="2079-06-06" ISACTUAL="1" ISACTIVE="0" /><HOUSE ID="129191399" OBJECTID="174992648" OBJECTGUID="cc2e0853-f72f-48f5-abee-3c6502c4975b" CHANGEID="689824820" HOUSENUM="1г" ADDNUM1="3" HOUSETYPE="5" ADDTYPE1="2" OPERTYPEID="10" PREVID="0" NEXTID="0" UPDATEDATE="2025-10-01" STARTDATE="2025-10-01" ENDDATE="2079-06-06" ISACTUAL="1" ISACTIVE="1" /></HOUSES>