﻿<?xml version="1.0" encoding="utf-8"?><APARTMENTS><APARTMENT ID="359256" OBJECTID="2062568" OBJECTGUID="0264a3d2-7e74-4197-a21e-ef67ca195565" CHANGEID="4944007" NUMBER="1" APARTTYPE="2" OPERTYPEID="10" PREVID="0" NEXTID="111800835" UPDATEDATE="2025-09-29" STARTDATE="2016-09-13" ENDDATE="2025-09-29" ISACTUAL="0" ISACTIVE="0" /><APARTMENT ID="359264" OBJECTID="2062579" OBJECTGUID="d6bc60cd-6b60-4a79-ae30-b20828d35d0e" CHANGEID="4944023" NUMBER="2" APARTTYPE="2" OPERTYPEID="10" PREVID="0" NEXTID="111800838" UPDATEDATE="2025-09-29" STARTDATE="2016-09-13" ENDDATE="2025-09-29" ISACTUAL="0" ISACTIVE="0" /><APARTMENT ID="42545744" OBJECTID="71279334" OBJECTGUID="6808dfab-94a5-4851-a70e-e02204fe363c" CHANGEID="106169993" NUMBER="2" APARTTYPE="2" OPERTYPEID="10" PREVID="0" NEXTID="111800959" UPDATEDATE="2025-09-29" STARTDATE="2018-10-16" ENDDATE="2025-09-29" ISACTUAL="0" ISACTIVE="0" /><APARTMENT ID="111795617" OBJECTID="174917329" OBJECTGUID="e7883a72-5823-4b86-9257-4bc66ebf249e" CHANGEID="689640674" NUMBER="1" APARTTYPE="1" OPERTYPEID="10" PREVID="0" NEXTID="0" UPDATEDATE="2025-09-29" STARTDATE="2025-09-29" ENDDATE="2079-06-06" ISACTUAL="1" ISACTIVE="1" /><APARTMENT ID="111795646" OBJECTID="174917418" OBJECTGUID="31caa859-9cc3-4592-9e86-b2878e7db0ed" CHANGEID="689640827" NUMBER="1" APARTTYPE="1" OPERTYPEID="10" PREVID="0" NEXTID="0" UPDATEDATE="2025-09-29" STARTDATE="2025-09-29" ENDDATE="2079-06-06" ISACTUAL="1" ISACTIVE="1" /><APARTMENT ID="111796328" OBJECTID="174920098" OBJECTGUID="f1cfb079-3b89-4cf9-a06c-0ed8fdcf4265" CHANGEID="689646279" NUMBER="4" APARTTYPE="1" OPERTYPEID="10" PREVID="0" NEXTID="0" UPDATEDATE="2025-09-29" STARTDATE="2025-09-29" ENDDATE="2079-06-06" ISACTUAL="1" ISACTIVE="1" /><APARTMENT ID="111800588" OBJECTID="16407582" OBJECTGUID="0e0d5f8b-c319-4814-989c-7e6ab163d280" CHANGEID="689670212" NUMBER="2" APARTTYPE="2" OPERTYPEID="55" PREVID="9029919" NEXTID="129170798" UPDATEDATE="2025-09-29" STARTDATE="2025-09-29" ENDDATE="2079-06-06" ISACTUAL="1" ISACTIVE="0" /><APARTMENT ID="9029919" OBJECTID="16407582" OBJECTGUID="0e0d5f8b-c319-4814-989c-7e6ab163d280" CHANGEID="26027010" NUMBER="2" APARTTYPE="2" OPERTYPEID="10" PREVID="0" NEXTID="111800588" UPDATEDATE="2025-09-29" STARTDATE="2018-12-14" ENDDATE="2025-09-29" ISACTUAL="0" ISACTIVE="0" /><APARTMENT ID="111800589" OBJECTID="16407760" OBJECTGUID="4f0a8145-8d63-4487-bf8b-19b6452faed4" CHANGEID="689670214" NUMBER="3" APARTTYPE="2" OPERTYPEID="55" PREVID="9030036" NEXTID="129170799" UPDATEDATE="2025-09-29" STARTDATE="2025-09-29" ENDDATE="2079-06-06" ISACTUAL="1" ISACTIVE="0" /><APARTMENT ID="9030036" OBJECTID="16407760" OBJECTGUID="4f0a8145-8d63-4487-bf8b-19b6452faed4" CHANGEID="26027229" NUMBER="3" APARTTYPE="2" OPERTYPEID="10" PREVID="0" NEXTID="111800589" UPDATEDATE="2025-09-29" STARTDATE="2018-12-14" ENDDATE="2025-09-29" ISACTUAL="0" ISACTIVE="0" /><APARTMENT ID="111800597" OBJECTID="16407803" OBJECTGUID="99598f16-69fc-4a54-b4a6-ba5fe6700ad2" CHANGEID="689670331" NUMBER="1" APARTTYPE="2" OPERTYPEID="55" PREVID="9030075" NEXTID="129170819" UPDATEDATE="2025-09-29" STARTDATE="2025-09-29" ENDDATE="2079-06-06" ISACTUAL="1" ISACTIVE="0" /><APARTMENT ID="9030075" OBJECTID="16407803" OBJECTGUID="99598f16-69fc-4a54-b4a6-ba5fe6700ad2" CHANGEID="26027292" NUMBER="1" APARTTYPE="2" OPERTYPEID="10" PREVID="0" NEXTID="111800597" UPDATEDATE="2025-09-29" STARTDATE="2018-12-14" ENDDATE="2025-09-29" ISACTUAL="0" ISACTIVE="0" /><APARTMENT ID="111800598" OBJECTID="174930873" OBJECTGUID="51b69b48-7e68-4b87-ab33-95b846ed3bad" CHANGEID="689670375" NUMBER="8" APARTTYPE="1" OPERTYPEID="10" PREVID="0" NEXTID="0" UPDATEDATE="2025-09-29" STARTDATE="2025-09-29" ENDDATE="2079-06-06" ISACTUAL="1" ISACTIVE="1" /><APARTMENT ID="111800835" OBJECTID="2062568" OBJECTGUID="0264a3d2-7e74-4197-a21e-ef67ca195565" CHANGEID="689671529" NUMBER="1" APARTTYPE="2" OPERTYPEID="55" PREVID="359256" NEXTID="129171017" UPDATEDATE="2025-09-29" STARTDATE="2025-09-29" ENDDATE="2079-06-06" ISACTUAL="1" ISACTIVE="0" /><APARTMENT ID="111800840" OBJECTID="174931597" OBJECTGUID="d8d615de-7f3e-4660-81d6-777a33282a70" CHANGEID="689671623" NUMBER="2" APARTTYPE="1" OPERTYPEID="10" PREVID="0" NEXTID="0" UPDATEDATE="2025-09-29" STARTDATE="2025-09-29" ENDDATE="2079-06-06" ISACTUAL="1" ISACTIVE="1" /><APARTMENT ID="111800838" OBJECTID="2062579" OBJECTGUID="d6bc60cd-6b60-4a79-ae30-b20828d35d0e" CHANGEID="689671584" NUMBER="2" APARTTYPE="2" OPERTYPEID="55" PREVID="359264" NEXTID="129171026" UPDATEDATE="2025-09-29" STARTDATE="2025-09-29" ENDDATE="2079-06-06" ISACTUAL="1" ISACTIVE="0" /><APARTMENT ID="111800959" OBJECTID="71279334" OBJECTGUID="6808dfab-94a5-4851-a70e-e02204fe363c" CHANGEID="689671936" NUMBER="2" APARTTYPE="2" OPERTYPEID="55" PREVID="42545744" NEXTID="129171046" UPDATEDATE="2025-09-29" STARTDATE="2025-09-29" ENDDATE="2079-06-06" ISACTUAL="1" ISACTIVE="0" /><APARTMENT ID="111803814" OBJECTID="174939759" OBJECTGUID="3b0def2e-5069-495f-9ded-e8bc96276ac5" CHANGEID="689689274" NUMBER="5" APARTTYPE="1" OPERTYPEID="10" PREVID="0" NEXTID="0" UPDATEDATE="2025-09-29" STARTDATE="2025-09-29" ENDDATE="2079-06-06" ISACTUAL="1" ISACTIVE="1" /><APARTMENT ID="111803816" OBJECTID="174939810" OBJECTGUID="cbe50594-5383-4b86-bdf4-b047a8ee655a" CHANGEID="689689445" NUMBER="6" APARTTYPE="1" OPERTYPEID="10" PREVID="0" NEXTID="0" UPDATEDATE="2025-09-29" STARTDATE="2025-09-29" ENDDATE="2079-06-06" ISACTUAL="1" ISACTIVE="1" /><APARTMENT ID="111803896" OBJECTID="174940416" OBJECTGUID="cd034ee3-064d-4f26-a959-2b830762dff6" CHANGEID="689690926" NUMBER="4" APARTTYPE="1" OPERTYPEID="10" PREVID="0" NEXTID="0" UPDATEDATE="2025-09-29" STARTDATE="2025-09-29" ENDDATE="2079-06-06" ISACTUAL="1" ISACTIVE="1" /><APARTMENT ID="111803920" OBJECTID="174940578" OBJECTGUID="e70baff3-5b8c-44c6-a005-552402015ef0" CHANGEID="689691235" NUMBER="1" APARTTYPE="1" OPERTYPEID="10" PREVID="0" NEXTID="0" UPDATEDATE="2025-09-29" STARTDATE="2025-09-29" ENDDATE="2079-06-06" ISACTUAL="1" ISACTIVE="1" /><APARTMENT ID="111804927" OBJECTID="174944462" OBJECTGUID="696e864b-6395-42d9-a81f-0591fc172e93" CHANGEID="689698590" NUMBER="108" APARTTYPE="1" OPERTYPEID="10" PREVID="0" NEXTID="0" UPDATEDATE="2025-09-29" STARTDATE="2025-09-29" ENDDATE="2079-06-06" ISACTUAL="1" ISACTIVE="1" /><APARTMENT ID="111804928" OBJECTID="174944463" OBJECTGUID="0af203f7-d580-4695-8bcf-bbbd57340d39" CHANGEID="689698591" NUMBER="107" APARTTYPE="2" OPERTYPEID="10" PREVID="0" NEXTID="0" UPDATEDATE="2025-09-29" STARTDATE="2025-09-29" ENDDATE="2079-06-06" ISACTUAL="1" ISACTIVE="1" /><APARTMENT ID="111804929" OBJECTID="174944464" OBJECTGUID="1fbe9702-0fbf-410a-a373-5f4bff3e68fe" CHANGEID="689698592" NUMBER="106" APARTTYPE="2" OPERTYPEID="10" PREVID="0" NEXTID="0" UPDATEDATE="2025-09-29" STARTDATE="2025-09-29" ENDDATE="2079-06-06" ISACTUAL="1" ISACTIVE="1" /><APARTMENT ID="111804930" OBJECTID="174944465" OBJECTGUID="1e25dd91-ce65-4770-944d-00dcdd2d4ec2" CHANGEID="689698593" NUMBER="105" APARTTYPE="2" OPERTYPEID="10" PREVID="0" NEXTID="0" UPDATEDATE="2025-09-29" STARTDATE="2025-09-29" ENDDATE="2079-06-06" ISACTUAL="1" ISACTIVE="1" /><APARTMENT ID="111804931" OBJECTID="174944466" OBJECTGUID="a81daa19-660a-4edf-87f2-fd462b684fcc" CHANGEID="689698594" NUMBER="104" APARTTYPE="2" OPERTYPEID="10" PREVID="0" NEXTID="0" UPDATEDATE="2025-09-29" STARTDATE="2025-09-29" ENDDATE="2079-06-06" ISACTUAL="1" ISACTIVE="1" /><APARTMENT ID="111804932" OBJECTID="174944467" OBJECTGUID="a8325d14-b2fd-4a42-8239-0bc77752ed46" CHANGEID="689698595" NUMBER="103" APARTTYPE="2" OPERTYPEID="10" PREVID="0" NEXTID="0" UPDATEDATE="2025-09-29" STARTDATE="2025-09-29" ENDDATE="2079-06-06" ISACTUAL="1" ISACTIVE="1" /><APARTMENT ID="111804933" OBJECTID="174944468" OBJECTGUID="b173cff3-4905-4f6b-87f2-3f4e17948206" CHANGEID="689698596" NUMBER="102" APARTTYPE="2" OPERTYPEID="10" PREVID="0" NEXTID="0" UPDATEDATE="2025-09-29" STARTDATE="2025-09-29" ENDDATE="2079-06-06" ISACTUAL="1" ISACTIVE="1" /><APARTMENT ID="111804934" OBJECTID="174944469" OBJECTGUID="846c3dfe-4aca-44d8-880f-2c72cae7656b" CHANGEID="689698597" NUMBER="101" APARTTYPE="2" OPERTYPEID="10" PREVID="0" NEXTID="0" UPDATEDATE="2025-09-29" STARTDATE="2025-09-29" ENDDATE="2079-06-06" ISACTUAL="1" ISACTIVE="1" /><APARTMENT ID="111804935" OBJECTID="174944470" OBJECTGUID="d12e9521-9e37-49ca-8118-b3355fdd341a" CHANGEID="689698598" NUMBER="203" APARTTYPE="2" OPERTYPEID="10" PREVID="0" NEXTID="0" UPDATEDATE="2025-09-29" STARTDATE="2025-09-29" ENDDATE="2079-06-06" ISACTUAL="1" ISACTIVE="1" /><APARTMENT ID="111804936" OBJECTID="174944471" OBJECTGUID="fa25159d-32c4-45a7-b949-690305d5f997" CHANGEID="689698599" NUMBER="202" APARTTYPE="2" OPERTYPEID="10" PREVID="0" NEXTID="0" UPDATEDATE="2025-09-29" STARTDATE="2025-09-29" ENDDATE="2079-06-06" ISACTUAL="1" ISACTIVE="1" /><APARTMENT ID="111805241" OBJECTID="174944895" OBJECTGUID="2d6e2943-5c00-4af1-a170-47447c043d1c" CHANGEID="689700007" NUMBER="118" APARTTYPE="2" OPERTYPEID="10" PREVID="0" NEXTID="0" UPDATEDATE="2025-09-29" STARTDATE="2025-09-29" ENDDATE="2079-06-06" ISACTUAL="1" ISACTIVE="1" /><APARTMENT ID="111805242" OBJECTID="174944896" OBJECTGUID="29c128b6-bbf0-4ed1-9b53-9c9f47b7da0d" CHANGEID="689700008" NUMBER="117" APARTTYPE="2" OPERTYPEID="10" PREVID="0" NEXTID="0" UPDATEDATE="2025-09-29" STARTDATE="2025-09-29" ENDDATE="2079-06-06" ISACTUAL="1" ISACTIVE="1" /><APARTMENT ID="111805243" OBJECTID="174944897" OBJECTGUID="9b15f8da-6401-49c3-8da1-adcb88126845" CHANGEID="689700009" NUMBER="116" APARTTYPE="2" OPERTYPEID="10" PREVID="0" NEXTID="0" UPDATEDATE="2025-09-29" STARTDATE="2025-09-29" ENDDATE="2079-06-06" ISACTUAL="1" ISACTIVE="1" /><APARTMENT ID="111805244" OBJECTID="174944898" OBJECTGUID="130af998-43e6-4dc8-b99c-a6079ccfc30a" CHANGEID="689700010" NUMBER="115" APARTTYPE="2" OPERTYPEID="10" PREVID="0" NEXTID="0" UPDATEDATE="2025-09-29" STARTDATE="2025-09-29" ENDDATE="2079-06-06" ISACTUAL="1" ISACTIVE="1" /><APARTMENT ID="111805245" OBJECTID="174944899" OBJECTGUID="e8166559-53f7-4dd6-b5a5-858be4956bb0" CHANGEID="689700011" NUMBER="114" APARTTYPE="2" OPERTYPEID="10" PREVID="0" NEXTID="0" UPDATEDATE="2025-09-29" STARTDATE="2025-09-29" ENDDATE="2079-06-06" ISACTUAL="1" ISACTIVE="1" /><APARTMENT ID="111805246" OBJECTID="174944900" OBJECTGUID="bb7152f2-c256-4ef5-9d68-9611be66202d" CHANGEID="689700012" NUMBER="113" APARTTYPE="2" OPERTYPEID="10" PREVID="0" NEXTID="0" UPDATEDATE="2025-09-29" STARTDATE="2025-09-29" ENDDATE="2079-06-06" ISACTUAL="1" ISACTIVE="1" /><APARTMENT ID="111805247" OBJECTID="174944901" OBJECTGUID="e6ff5a0f-fd8f-4a8d-951e-112cb5f8e6eb" CHANGEID="689700013" NUMBER="112" APARTTYPE="2" OPERTYPEID="10" PREVID="0" NEXTID="0" UPDATEDATE="2025-09-29" STARTDATE="2025-09-29" ENDDATE="2079-06-06" ISACTUAL="1" ISACTIVE="1" /><APARTMENT ID="111805248" OBJECTID="174944902" OBJECTGUID="0a4069de-d858-4c70-b5b6-79ecceb137e1" CHANGEID="689700014" NUMBER="111" APARTTYPE="1" OPERTYPEID="10" PREVID="0" NEXTID="0" UPDATEDATE="2025-09-29" STARTDATE="2025-09-29" ENDDATE="2079-06-06" ISACTUAL="1" ISACTIVE="1" /><APARTMENT ID="111805249" OBJECTID="174944903" OBJECTGUID="09415c31-7944-4814-80a5-2f65b46c6f3f" CHANGEID="689700015" NUMBER="110" APARTTYPE="1" OPERTYPEID="10" PREVID="0" NEXTID="0" UPDATEDATE="2025-09-29" STARTDATE="2025-09-29" ENDDATE="2079-06-06" ISACTUAL="1" ISACTIVE="1" /><APARTMENT ID="111805250" OBJECTID="174944904" OBJECTGUID="5332fff4-9248-457a-90b5-6ff39030ed84" CHANGEID="689700016" NUMBER="109" APARTTYPE="1" OPERTYPEID="10" PREVID="0" NEXTID="0" UPDATEDATE="2025-09-29" STARTDATE="2025-09-29" ENDDATE="2079-06-06" ISACTUAL="1" ISACTIVE="1" /><APARTMENT ID="111805302" OBJECTID="174944981" OBJECTGUID="58bde57a-7e4d-4f75-bb35-97bf8c3f6366" CHANGEID="689700808" NUMBER="213" APARTTYPE="2" OPERTYPEID="10" PREVID="0" NEXTID="0" UPDATEDATE="2025-09-29" STARTDATE="2025-09-29" ENDDATE="2079-06-06" ISACTUAL="1" ISACTIVE="1" /><APARTMENT ID="111805303" OBJECTID="174944982" OBJECTGUID="8c83373c-415b-46bd-83d7-e44be3dfde13" CHANGEID="689700809" NUMBER="209" APARTTYPE="2" OPERTYPEID="10" PREVID="0" NEXTID="0" UPDATEDATE="2025-09-29" STARTDATE="2025-09-29" ENDDATE="2079-06-06" ISACTUAL="1" ISACTIVE="1" /><APARTMENT ID="111805304" OBJECTID="174944983" OBJECTGUID="f9607757-2bf8-4910-9dbd-29cc3e11f245" CHANGEID="689700810" NUMBER="212" APARTTYPE="2" OPERTYPEID="10" PREVID="0" NEXTID="0" UPDATEDATE="2025-09-29" STARTDATE="2025-09-29" ENDDATE="2079-06-06" ISACTUAL="1" ISACTIVE="1" /><APARTMENT ID="111805305" OBJECTID="174944984" OBJECTGUID="f9ba1322-1783-4755-a6bf-21a20fe31ece" CHANGEID="689700811" NUMBER="208" APARTTYPE="2" OPERTYPEID="10" PREVID="0" NEXTID="0" UPDATEDATE="2025-09-29" STARTDATE="2025-09-29" ENDDATE="2079-06-06" ISACTUAL="1" ISACTIVE="1" /><APARTMENT ID="111805306" OBJECTID="174944985" OBJECTGUID="678b12ac-4dee-4922-8311-31481a4afd92" CHANGEID="689700812" NUMBER="207" APARTTYPE="2" OPERTYPEID="10" PREVID="0" NEXTID="0" UPDATEDATE="2025-09-29" STARTDATE="2025-09-29" ENDDATE="2079-06-06" ISACTUAL="1" ISACTIVE="1" /><APARTMENT ID="111805307" OBJECTID="174944986" OBJECTGUID="8d448ac8-e7de-42e5-8385-2dfe8b9010ed" CHANGEID="689700813" NUMBER="206" APARTTYPE="2" OPERTYPEID="10" PREVID="0" NEXTID="0" UPDATEDATE="2025-09-29" STARTDATE="2025-09-29" ENDDATE="2079-06-06" ISACTUAL="1" ISACTIVE="1" /><APARTMENT ID="111805308" OBJECTID="174944987" OBJECTGUID="a6a79b05-13c7-4b7a-a6cf-0aab58e606b4" CHANGEID="689700814" NUMBER="205" APARTTYPE="2" OPERTYPEID="10" PREVID="0" NEXTID="0" UPDATEDATE="2025-09-29" STARTDATE="2025-09-29" ENDDATE="2079-06-06" ISACTUAL="1" ISACTIVE="1" /><APARTMENT ID="111805309" OBJECTID="174944988" OBJECTGUID="d0ca9760-fa0b-4969-bf63-52377de3f70a" CHANGEID="689700815" NUMBER="204" APARTTYPE="2" OPERTYPEID="10" PREVID="0" NEXTID="0" UPDATEDATE="2025-09-29" STARTDATE="2025-09-29" ENDDATE="2079-06-06" ISACTUAL="1" ISACTIVE="1" /><APARTMENT ID="111805310" OBJECTID="174944989" OBJECTGUID="e9c83de4-1198-4268-88fe-338d3b95b292" CHANGEID="689700816" NUMBER="201" APARTTYPE="2" OPERTYPEID="10" PREVID="0" NEXTID="0" UPDATEDATE="2025-09-29" STARTDATE="2025-09-29" ENDDATE="2079-06-06" ISACTUAL="1" ISACTIVE="1" /><APARTMENT ID="111805311" OBJECTID="174944990" OBJECTGUID="3c98b30a-1fd6-4d1c-b07d-429648ccafbd" CHANGEID="689700817" NUMBER="121" APARTTYPE="1" OPERTYPEID="10" PREVID="0" NEXTID="0" UPDATEDATE="2025-09-29" STARTDATE="2025-09-29" ENDDATE="2079-06-06" ISACTUAL="1" ISACTIVE="1" /><APARTMENT ID="111805312" OBJECTID="174944991" OBJECTGUID="a706084c-1050-4441-810c-a2764143cb7b" CHANGEID="689700818" NUMBER="120" APARTTYPE="1" OPERTYPEID="10" PREVID="0" NEXTID="0" UPDATEDATE="2025-09-29" STARTDATE="2025-09-29" ENDDATE="2079-06-06" ISACTUAL="1" ISACTIVE="1" /><APARTMENT ID="111805313" OBJECTID="174944992" OBJECTGUID="9b69c017-9f4b-4e47-bea1-84a6ff2f82bc" CHANGEID="689700819" NUMBER="211" APARTTYPE="2" OPERTYPEID="10" PREVID="0" NEXTID="0" UPDATEDATE="2025-09-29" STARTDATE="2025-09-29" ENDDATE="2079-06-06" ISACTUAL="1" ISACTIVE="1" /><APARTMENT ID="111805314" OBJECTID="174944993" OBJECTGUID="71b0afaa-e152-4b1e-aee1-5dc30887276a" CHANGEID="689700820" NUMBER="214" APARTTYPE="2" OPERTYPEID="10" PREVID="0" NEXTID="0" UPDATEDATE="2025-09-29" STARTDATE="2025-09-29" ENDDATE="2079-06-06" ISACTUAL="1" ISACTIVE="1" /><APARTMENT ID="111805315" OBJECTID="174944994" OBJECTGUID="0ad52216-78d8-480c-9c6f-c655945b7180" CHANGEID="689700821" NUMBER="210" APARTTYPE="2" OPERTYPEID="10" PREVID="0" NEXTID="0" UPDATEDATE="2025-09-29" STARTDATE="2025-09-29" ENDDATE="2079-06-06" ISACTUAL="1" ISACTIVE="1" /><APARTMENT ID="111805316" OBJECTID="174944995" OBJECTGUID="e9d77b5a-e3e7-4e55-a355-c491371af8c5" CHANGEID="689700822" NUMBER="215" APARTTYPE="2" OPERTYPEID="10" PREVID="0" NEXTID="0" UPDATEDATE="2025-09-29" STARTDATE="2025-09-29" ENDDATE="2079-06-06" ISACTUAL="1" ISACTIVE="1" /><APARTMENT ID="111805317" OBJECTID="174944996" OBJECTGUID="ae37e685-6629-4465-8be2-81ea24e79451" CHANGEID="689700823" NUMBER="216" APARTTYPE="2" OPERTYPEID="10" PREVID="0" NEXTID="0" UPDATEDATE="2025-09-29" STARTDATE="2025-09-29" ENDDATE="2079-06-06" ISACTUAL="1" ISACTIVE="1" /><APARTMENT ID="111805318" OBJECTID="174944997" OBJECTGUID="93cde805-df9d-4202-b74a-27017e7a4e74" CHANGEID="689700824" NUMBER="217" APARTTYPE="2" OPERTYPEID="10" PREVID="0" NEXTID="0" UPDATEDATE="2025-09-29" STARTDATE="2025-09-29" ENDDATE="2079-06-06" ISACTUAL="1" ISACTIVE="1" /><APARTMENT ID="111805319" OBJECTID="174944998" OBJECTGUID="0e8f8d6f-6124-4138-a38a-f116921e90de" CHANGEID="689700825" NUMBER="218" APARTTYPE="2" OPERTYPEID="10" PREVID="0" NEXTID="0" UPDATEDATE="2025-09-29" STARTDATE="2025-09-29" ENDDATE="2079-06-06" ISACTUAL="1" ISACTIVE="1" /><APARTMENT ID="111805320" OBJECTID="174944999" OBJECTGUID="d75d1ae1-1a46-48e6-91f4-1c44b555725d" CHANGEID="689700826" NUMBER="219" APARTTYPE="2" OPERTYPEID="10" PREVID="0" NEXTID="0" UPDATEDATE="2025-09-29" STARTDATE="2025-09-29" ENDDATE="2079-06-06" ISACTUAL="1" ISACTIVE="1" /><APARTMENT ID="111805321" OBJECTID="174945000" OBJECTGUID="d82fb5f8-1a1f-47b4-bf58-b622342450e9" CHANGEID="689700827" NUMBER="220" APARTTYPE="2" OPERTYPEID="10" PREVID="0" NEXTID="0" UPDATEDATE="2025-09-29" STARTDATE="2025-09-29" ENDDATE="2079-06-06" ISACTUAL="1" ISACTIVE="1" /><APARTMENT ID="111805322" OBJECTID="174945001" OBJECTGUID="00781612-32b3-4246-a91c-6326d6255cf6" CHANGEID="689700828" NUMBER="301" APARTTYPE="2" OPERTYPEID="10" PREVID="0" NEXTID="0" UPDATEDATE="2025-09-29" STARTDATE="2025-09-29" ENDDATE="2079-06-06" ISACTUAL="1" ISACTIVE="1" /><APARTMENT ID="111805323" OBJECTID="174945002" OBJECTGUID="02e70b0d-0972-449d-a942-d8a494ae9c74" CHANGEID="689700829" NUMBER="119" APARTTYPE="2" OPERTYPEID="10" PREVID="0" NEXTID="0" UPDATEDATE="2025-09-29" STARTDATE="2025-09-29" ENDDATE="2079-06-06" ISACTUAL="1" ISACTIVE="1" /><APARTMENT ID="111808678" OBJECTID="174958822" OBJECTGUID="255d649d-09bf-497a-9a2e-2bf36fc39957" CHANGEID="689732784" NUMBER="323" APARTTYPE="1" OPERTYPEID="10" PREVID="0" NEXTID="0" UPDATEDATE="2025-09-30" STARTDATE="2025-09-30" ENDDATE="2079-06-06" ISACTUAL="1" ISACTIVE="1" /><APARTMENT ID="111808679" OBJECTID="174958823" OBJECTGUID="aaf95889-93bd-4bd0-bb58-ab480935b583" CHANGEID="689732785" NUMBER="322" APARTTYPE="1" OPERTYPEID="10" PREVID="0" NEXTID="0" UPDATEDATE="2025-09-30" STARTDATE="2025-09-30" ENDDATE="2079-06-06" ISACTUAL="1" ISACTIVE="1" /><APARTMENT ID="111809078" OBJECTID="57471068" OBJECTGUID="28a462d2-b6f7-4577-a216-7c285ee66d0e" CHANGEID="689735599" NUMBER="1" APARTTYPE="2" OPERTYPEID="55" PREVID="34205167" NEXTID="129180302" UPDATEDATE="2025-09-30" STARTDATE="2025-09-30" ENDDATE="2079-06-06" ISACTUAL="1" ISACTIVE="0" /><APARTMENT ID="34205167" OBJECTID="57471068" OBJECTGUID="28a462d2-b6f7-4577-a216-7c285ee66d0e" CHANGEID="85921096" NUMBER="1" APARTTYPE="2" OPERTYPEID="10" PREVID="0" NEXTID="111809078" UPDATEDATE="2025-09-30" STARTDATE="2018-10-26" ENDDATE="2025-09-30" ISACTUAL="0" ISACTIVE="0" /><APARTMENT ID="111809079" OBJECTID="57471081" OBJECTGUID="e4369e61-d3e8-46fc-96d3-35ccfe403385" CHANGEID="689735601" NUMBER="2" APARTTYPE="2" OPERTYPEID="55" PREVID="34205176" NEXTID="129180303" UPDATEDATE="2025-09-30" STARTDATE="2025-09-30" ENDDATE="2079-06-06" ISACTUAL="1" ISACTIVE="0" /><APARTMENT ID="34205176" OBJECTID="57471081" OBJECTGUID="e4369e61-d3e8-46fc-96d3-35ccfe403385" CHANGEID="85921113" NUMBER="2" APARTTYPE="2" OPERTYPEID="10" PREVID="0" NEXTID="111809079" UPDATEDATE="2025-09-30" STARTDATE="2018-10-26" ENDDATE="2025-09-30" ISACTUAL="0" ISACTIVE="0" /><APARTMENT ID="111809141" OBJECTID="174960944" OBJECTGUID="a2dc8287-df66-4b37-96cd-1afcc5bc76ef" CHANGEID="689737286" NUMBER="2" APARTTYPE="1" OPERTYPEID="10" PREVID="0" NEXTID="0" UPDATEDATE="2025-09-30" STARTDATE="2025-09-30" ENDDATE="2079-06-06" ISACTUAL="1" ISACTIVE="1" /><APARTMENT ID="111809176" OBJECTID="174961076" OBJECTGUID="f9b72bde-af94-4d58-819f-18c832e5f988" CHANGEID="689737521" NUMBER="1" APARTTYPE="1" OPERTYPEID="10" PREVID="0" NEXTID="0" UPDATEDATE="2025-09-30" STARTDATE="2025-09-30" ENDDATE="2079-06-06" ISACTUAL="1" ISACTIVE="1" /><APARTMENT ID="111809145" OBJECTID="174961000" OBJECTGUID="153a2713-f83c-42cc-86ad-bcdbf800891b" CHANGEID="689737401" NUMBER="314" APARTTYPE="2" OPERTYPEID="10" PREVID="0" NEXTID="0" UPDATEDATE="2025-09-30" STARTDATE="2025-09-30" ENDDATE="2079-06-06" ISACTUAL="1" ISACTIVE="1" /><APARTMENT ID="111809146" OBJECTID="174961001" OBJECTGUID="056419db-d577-42da-9883-d03d6853141f" CHANGEID="689737402" NUMBER="313" APARTTYPE="2" OPERTYPEID="10" PREVID="0" NEXTID="0" UPDATEDATE="2025-09-30" STARTDATE="2025-09-30" ENDDATE="2079-06-06" ISACTUAL="1" ISACTIVE="1" /><APARTMENT ID="111809147" OBJECTID="174961002" OBJECTGUID="d81205c4-6a2b-4739-8bff-56b769f5a456" CHANGEID="689737403" NUMBER="312" APARTTYPE="2" OPERTYPEID="10" PREVID="0" NEXTID="0" UPDATEDATE="2025-09-30" STARTDATE="2025-09-30" ENDDATE="2079-06-06" ISACTUAL="1" ISACTIVE="1" /><APARTMENT ID="111809148" OBJECTID="174961003" OBJECTGUID="5a72d971-63aa-4dbe-a5ec-728d50845ae8" CHANGEID="689737404" NUMBER="311" APARTTYPE="2" OPERTYPEID="10" PREVID="0" NEXTID="0" UPDATEDATE="2025-09-30" STARTDATE="2025-09-30" ENDDATE="2079-06-06" ISACTUAL="1" ISACTIVE="1" /><APARTMENT ID="111809149" OBJECTID="174961004" OBJECTGUID="340226a3-9da8-4f27-a9a4-c563dd1c7448" CHANGEID="689737405" NUMBER="310" APARTTYPE="2" OPERTYPEID="10" PREVID="0" NEXTID="0" UPDATEDATE="2025-09-30" STARTDATE="2025-09-30" ENDDATE="2079-06-06" ISACTUAL="1" ISACTIVE="1" /><APARTMENT ID="111809150" OBJECTID="174961005" OBJECTGUID="8284f681-25bf-4831-a1cf-98e033e78a14" CHANGEID="689737406" NUMBER="309" APARTTYPE="2" OPERTYPEID="10" PREVID="0" NEXTID="0" UPDATEDATE="2025-09-30" STARTDATE="2025-09-30" ENDDATE="2079-06-06" ISACTUAL="1" ISACTIVE="1" /><APARTMENT ID="111809151" OBJECTID="174961006" OBJECTGUID="f47ddc60-e5ca-43b6-a82f-6d37187b8290" CHANGEID="689737407" NUMBER="308" APARTTYPE="2" OPERTYPEID="10" PREVID="0" NEXTID="0" UPDATEDATE="2025-09-30" STARTDATE="2025-09-30" ENDDATE="2079-06-06" ISACTUAL="1" ISACTIVE="1" /><APARTMENT ID="111809152" OBJECTID="174961007" OBJECTGUID="5d63029e-3454-4002-90ae-743762488911" CHANGEID="689737408" NUMBER="307" APARTTYPE="2" OPERTYPEID="10" PREVID="0" NEXTID="0" UPDATEDATE="2025-09-30" STARTDATE="2025-09-30" ENDDATE="2079-06-06" ISACTUAL="1" ISACTIVE="1" /><APARTMENT ID="111809153" OBJECTID="174961008" OBJECTGUID="c296e7f1-e78d-4ffa-9b17-f289db695217" CHANGEID="689737409" NUMBER="306" APARTTYPE="2" OPERTYPEID="10" PREVID="0" NEXTID="0" UPDATEDATE="2025-09-30" STARTDATE="2025-09-30" ENDDATE="2079-06-06" ISACTUAL="1" ISACTIVE="1" /><APARTMENT ID="111809154" OBJECTID="174961009" OBJECTGUID="b8cdbfbe-87a3-44d7-ba68-bf13c6ac4679" CHANGEID="689737410" NUMBER="305" APARTTYPE="2" OPERTYPEID="10" PREVID="0" NEXTID="0" UPDATEDATE="2025-09-30" STARTDATE="2025-09-30" ENDDATE="2079-06-06" ISACTUAL="1" ISACTIVE="1" /><APARTMENT ID="111809155" OBJECTID="174961010" OBJECTGUID="99e97a40-830a-4295-91ea-a3a19762b824" CHANGEID="689737411" NUMBER="304" APARTTYPE="2" OPERTYPEID="10" PREVID="0" NEXTID="0" UPDATEDATE="2025-09-30" STARTDATE="2025-09-30" ENDDATE="2079-06-06" ISACTUAL="1" ISACTIVE="1" /><APARTMENT ID="111809156" OBJECTID="174961011" OBJECTGUID="0c8ea9fe-07ce-4a6f-9b52-a155a2f99315" CHANGEID="689737412" NUMBER="303" APARTTYPE="2" OPERTYPEID="10" PREVID="0" NEXTID="0" UPDATEDATE="2025-09-30" STARTDATE="2025-09-30" ENDDATE="2079-06-06" ISACTUAL="1" ISACTIVE="1" /><APARTMENT ID="111809157" OBJECTID="174961012" OBJECTGUID="fb81962d-8483-440c-847c-11a1a594b3e8" CHANGEID="689737413" NUMBER="302" APARTTYPE="2" OPERTYPEID="10" PREVID="0" NEXTID="0" UPDATEDATE="2025-09-30" STARTDATE="2025-09-30" ENDDATE="2079-06-06" ISACTUAL="1" ISACTIVE="1" /><APARTMENT ID="111809158" OBJECTID="174961013" OBJECTGUID="15fcbd5b-3900-4627-8884-b4f1b9458719" CHANGEID="689737414" NUMBER="321" APARTTYPE="2" OPERTYPEID="10" PREVID="0" NEXTID="0" UPDATEDATE="2025-09-30" STARTDATE="2025-09-30" ENDDATE="2079-06-06" ISACTUAL="1" ISACTIVE="1" /><APARTMENT ID="111809159" OBJECTID="174961014" OBJECTGUID="6084ec63-234d-4f65-b362-620f225a0d97" CHANGEID="689737415" NUMBER="320" APARTTYPE="2" OPERTYPEID="10" PREVID="0" NEXTID="0" UPDATEDATE="2025-09-30" STARTDATE="2025-09-30" ENDDATE="2079-06-06" ISACTUAL="1" ISACTIVE="1" /><APARTMENT ID="111809160" OBJECTID="174961015" OBJECTGUID="67859a23-fc66-4d5e-9884-cca042200641" CHANGEID="689737416" NUMBER="319" APARTTYPE="2" OPERTYPEID="10" PREVID="0" NEXTID="0" UPDATEDATE="2025-09-30" STARTDATE="2025-09-30" ENDDATE="2079-06-06" ISACTUAL="1" ISACTIVE="1" /><APARTMENT ID="111809161" OBJECTID="174961016" OBJECTGUID="96a4f6aa-84f7-47ec-a919-e0c2be887246" CHANGEID="689737417" NUMBER="318" APARTTYPE="2" OPERTYPEID="10" PREVID="0" NEXTID="0" UPDATEDATE="2025-09-30" STARTDATE="2025-09-30" ENDDATE="2079-06-06" ISACTUAL="1" ISACTIVE="1" /><APARTMENT ID="111809162" OBJECTID="174961017" OBJECTGUID="005504b5-510f-4fce-ac2f-49eacaa2039b" CHANGEID="689737418" NUMBER="317" APARTTYPE="2" OPERTYPEID="10" PREVID="0" NEXTID="0" UPDATEDATE="2025-09-30" STARTDATE="2025-09-30" ENDDATE="2079-06-06" ISACTUAL="1" ISACTIVE="1" /><APARTMENT ID="111809163" OBJECTID="174961018" OBJECTGUID="d4f7ac23-478c-4ae2-876f-4635133bca18" CHANGEID="689737419" NUMBER="316" APARTTYPE="2" OPERTYPEID="10" PREVID="0" NEXTID="0" UPDATEDATE="2025-09-30" STARTDATE="2025-09-30" ENDDATE="2079-06-06" ISACTUAL="1" ISACTIVE="1" /><APARTMENT ID="111809164" OBJECTID="174961019" OBJECTGUID="f9d1aa82-0cb1-4163-91f9-20946b5e94e9" CHANGEID="689737420" NUMBER="315" APARTTYPE="2" OPERTYPEID="10" PREVID="0" NEXTID="0" UPDATEDATE="2025-09-30" STARTDATE="2025-09-30" ENDDATE="2079-06-06" ISACTUAL="1" ISACTIVE="1" /><APARTMENT ID="111810926" OBJECTID="50417735" OBJECTGUID="8bb3f019-34d2-4cbd-b160-dd8d69b747ee" CHANGEID="689755974" NUMBER="1" APARTTYPE="2" OPERTYPEID="55" PREVID="29839134" NEXTID="129183419" UPDATEDATE="2025-09-30" STARTDATE="2025-09-30" ENDDATE="2079-06-06" ISACTUAL="1" ISACTIVE="0" /><APARTMENT ID="29839134" OBJECTID="50417735" OBJECTGUID="8bb3f019-34d2-4cbd-b160-dd8d69b747ee" CHANGEID="75673027" NUMBER="1" APARTTYPE="2" OPERTYPEID="10" PREVID="0" NEXTID="111810926" UPDATEDATE="2025-09-30" STARTDATE="2004-02-11" ENDDATE="2025-09-30" ISACTUAL="0" ISACTIVE="0" /><APARTMENT ID="111810930" OBJECTID="50417472" OBJECTGUID="049f9b4e-98bc-4fa6-8dcc-94b9eb78d786" CHANGEID="689756030" NUMBER="2" APARTTYPE="2" OPERTYPEID="55" PREVID="29838961" NEXTID="129183429" UPDATEDATE="2025-09-30" STARTDATE="2025-09-30" ENDDATE="2079-06-06" ISACTUAL="1" ISACTIVE="0" /><APARTMENT ID="29838961" OBJECTID="50417472" OBJECTGUID="049f9b4e-98bc-4fa6-8dcc-94b9eb78d786" CHANGEID="75672614" NUMBER="2" APARTTYPE="2" OPERTYPEID="10" PREVID="0" NEXTID="111810930" UPDATEDATE="2025-09-30" STARTDATE="2004-02-11" ENDDATE="2025-09-30" ISACTUAL="0" ISACTIVE="0" /><APARTMENT ID="111811291" OBJECTID="174970213" OBJECTGUID="0c35c92e-f9c8-4b42-8c36-5803eeb4e676" CHANGEID="689758016" NUMBER="2" APARTTYPE="2" OPERTYPEID="10" PREVID="0" NEXTID="0" UPDATEDATE="2025-09-30" STARTDATE="2025-09-30" ENDDATE="2079-06-06" ISACTUAL="1" ISACTIVE="1" /><APARTMENT ID="111814591" OBJECTID="50515942" OBJECTGUID="281542be-3c8d-4d62-bc10-7a34dc9d16e0" CHANGEID="689796444" NUMBER="2" APARTTYPE="2" OPERTYPEID="30" PREVID="29905787" NEXTID="0" UPDATEDATE="2025-10-01" STARTDATE="2025-10-01" ENDDATE="2079-06-06" ISACTUAL="1" ISACTIVE="0" /><APARTMENT ID="29905787" OBJECTID="50515942" OBJECTGUID="281542be-3c8d-4d62-bc10-7a34dc9d16e0" CHANGEID="75808706" NUMBER="2" APARTTYPE="2" OPERTYPEID="10" PREVID="0" NEXTID="111814591" UPDATEDATE="2025-10-01" STARTDATE="2004-02-11" ENDDATE="2025-10-01" ISACTUAL="0" ISACTIVE="0" /><APARTMENT ID="111814602" OBJECTID="174980500" OBJECTGUID="1019ed36-c3fe-4f6f-bc84-72580cb7c9c1" CHANGEID="689796749" NUMBER="15а" APARTTYPE="2" OPERTYPEID="10" PREVID="0" NEXTID="0" UPDATEDATE="2025-10-01" STARTDATE="2025-10-01" ENDDATE="2079-06-06" ISACTUAL="1" ISACTIVE="1" /><APARTMENT ID="111814712" OBJECTID="50515955" OBJECTGUID="33bbc508-5916-4164-919c-f38d8cc714ca" CHANGEID="689799026" NUMBER="4" APARTTYPE="2" OPERTYPEID="30" PREVID="29905797" NEXTID="0" UPDATEDATE="2025-10-01" STARTDATE="2025-10-01" ENDDATE="2079-06-06" ISACTUAL="1" ISACTIVE="0" /><APARTMENT ID="29905797" OBJECTID="50515955" OBJECTGUID="33bbc508-5916-4164-919c-f38d8cc714ca" CHANGEID="75808725" NUMBER="4" APARTTYPE="2" OPERTYPEID="20" PREVID="0" NEXTID="111814712" UPDATEDATE="2025-10-01" STARTDATE="2004-02-11" ENDDATE="2025-10-01" ISACTUAL="0" ISACTIVE="0" /><APARTMENT ID="111814713" OBJECTID="50515962" OBJECTGUID="5482c3fd-60d3-4683-82be-ee779e58b788" CHANGEID="689799027" NUMBER="8" APARTTYPE="2" OPERTYPEID="30" PREVID="29905800" NEXTID="0" UPDATEDATE="2025-10-01" STARTDATE="2025-10-01" ENDDATE="2079-06-06" ISACTUAL="1" ISACTIVE="0" /><APARTMENT ID="29905800" OBJECTID="50515962" OBJECTGUID="5482c3fd-60d3-4683-82be-ee779e58b788" CHANGEID="75808732" NUMBER="8" APARTTYPE="2" OPERTYPEID="10" PREVID="0" NEXTID="111814713" UPDATEDATE="2025-10-01" STARTDATE="2004-02-11" ENDDATE="2025-10-01" ISACTUAL="0" ISACTIVE="0" /><APARTMENT ID="111814714" OBJECTID="50515964" OBJECTGUID="7e8ca3ca-61f4-4956-a01d-7367e357e15a" CHANGEID="689799028" NUMBER="3" APARTTYPE="2" OPERTYPEID="30" PREVID="29905802" NEXTID="0" UPDATEDATE="2025-10-01" STARTDATE="2025-10-01" ENDDATE="2079-06-06" ISACTUAL="1" ISACTIVE="0" /><APARTMENT ID="29905802" OBJECTID="50515964" OBJECTGUID="7e8ca3ca-61f4-4956-a01d-7367e357e15a" CHANGEID="75808735" NUMBER="3" APARTTYPE="2" OPERTYPEID="10" PREVID="0" NEXTID="111814714" UPDATEDATE="2025-10-01" STARTDATE="2004-02-11" ENDDATE="2025-10-01" ISACTUAL="0" ISACTIVE="0" /><APARTMENT ID="111814715" OBJECTID="50515967" OBJECTGUID="8ec402e5-2ca8-4143-8cdc-f18be7ecaa63" CHANGEID="689799029" NUMBER="1" APARTTYPE="2" OPERTYPEID="30" PREVID="29905804" NEXTID="0" UPDATEDATE="2025-10-01" STARTDATE="2025-10-01" ENDDATE="2079-06-06" ISACTUAL="1" ISACTIVE="0" /><APARTMENT ID="29905804" OBJECTID="50515967" OBJECTGUID="8ec402e5-2ca8-4143-8cdc-f18be7ecaa63" CHANGEID="75808738" NUMBER="1" APARTTYPE="2" OPERTYPEID="10" PREVID="0" NEXTID="111814715" UPDATEDATE="2025-10-01" STARTDATE="2004-02-11" ENDDATE="2025-10-01" ISACTUAL="0" ISACTIVE="0" /><APARTMENT ID="111814716" OBJECTID="50515969" OBJECTGUID="b77edba9-d7ee-4515-9fa5-14a421190a97" CHANGEID="689799030" NUMBER="5" APARTTYPE="2" OPERTYPEID="30" PREVID="29905806" NEXTID="0" UPDATEDATE="2025-10-01" STARTDATE="2025-10-01" ENDDATE="2079-06-06" ISACTUAL="1" ISACTIVE="0" /><APARTMENT ID="29905806" OBJECTID="50515969" OBJECTGUID="b77edba9-d7ee-4515-9fa5-14a421190a97" CHANGEID="75808741" NUMBER="5" APARTTYPE="2" OPERTYPEID="10" PREVID="0" NEXTID="111814716" UPDATEDATE="2025-10-01" STARTDATE="2004-02-11" ENDDATE="2025-10-01" ISACTUAL="0" ISACTIVE="0" /><APARTMENT ID="111814717" OBJECTID="50515971" OBJECTGUID="bb807973-97fc-43d9-aca2-bf05a8cededd" CHANGEID="689799031" NUMBER="7" APARTTYPE="2" OPERTYPEID="30" PREVID="29905808" NEXTID="0" UPDATEDATE="2025-10-01" STARTDATE="2025-10-01" ENDDATE="2079-06-06" ISACTUAL="1" ISACTIVE="0" /><APARTMENT ID="29905808" OBJECTID="50515971" OBJECTGUID="bb807973-97fc-43d9-aca2-bf05a8cededd" CHANGEID="75808744" NUMBER="7" APARTTYPE="2" OPERTYPEID="10" PREVID="0" NEXTID="111814717" UPDATEDATE="2025-10-01" STARTDATE="2004-02-11" ENDDATE="2025-10-01" ISACTUAL="0" ISACTIVE="0" /><APARTMENT ID="111814718" OBJECTID="50515976" OBJECTGUID="ff7a0aec-6c07-4e36-bd67-5d12f70d46ed" CHANGEID="689799032" NUMBER="6" APARTTYPE="2" OPERTYPEID="30" PREVID="29905812" NEXTID="0" UPDATEDATE="2025-10-01" STARTDATE="2025-10-01" ENDDATE="2079-06-06" ISACTUAL="1" ISACTIVE="0" /><APARTMENT ID="29905812" OBJECTID="50515976" OBJECTGUID="ff7a0aec-6c07-4e36-bd67-5d12f70d46ed" CHANGEID="75808750" NUMBER="6" APARTTYPE="2" OPERTYPEID="10" PREVID="0" NEXTID="111814718" UPDATEDATE="2025-10-01" STARTDATE="2004-02-11" ENDDATE="2025-10-01" ISACTUAL="0" ISACTIVE="0" /><APARTMENT ID="111818455" OBJECTID="174990911" OBJECTGUID="9e90dcf3-4df9-41ed-974d-c0486c2b456f" CHANGEID="689817983" NUMBER="4" APARTTYPE="2" OPERTYPEID="10" PREVID="0" NEXTID="0" UPDATEDATE="2025-10-01" STARTDATE="2025-10-01" ENDDATE="2079-06-06" ISACTUAL="1" ISACTIVE="1" /></APARTMENTS>