﻿<?xml version="1.0" encoding="utf-8"?><HOUSES><HOUSE ID="55195068" OBJECTID="14080336" OBJECTGUID="35d5bc6f-92c4-4181-8180-2c9cb863cfd0" CHANGEID="22544914" HOUSENUM="34" HOUSETYPE="2" OPERTYPEID="20" PREVID="7804790" NEXTID="129179600" UPDATEDATE="2025-09-30" STARTDATE="2015-02-02" ENDDATE="2025-09-30" ISACTUAL="0" ISACTIVE="0" /><HOUSE ID="57807765" OBJECTID="17956826" OBJECTGUID="5aba97a6-44c1-4ca1-93ba-d4b45a9eb138" CHANGEID="28317793" HOUSENUM="3" HOUSETYPE="2" OPERTYPEID="20" PREVID="10338453" NEXTID="129179615" UPDATEDATE="2025-09-30" STARTDATE="2017-03-16" ENDDATE="2025-09-30" ISACTUAL="0" ISACTIVE="0" /><HOUSE ID="57883285" OBJECTID="53843309" OBJECTGUID="5bcbdf32-a92f-4f1d-862c-d4e095e1b91e" CHANGEID="80590811" HOUSENUM="64" HOUSETYPE="2" OPERTYPEID="20" PREVID="32155680" NEXTID="129180472" UPDATEDATE="2025-09-30" STARTDATE="2016-01-02" ENDDATE="2025-09-30" ISACTUAL="0" ISACTIVE="0" /><HOUSE ID="58026929" OBJECTID="55952690" OBJECTGUID="5dd44033-171d-476e-a2f5-558bcac0bbf5" CHANGEID="83697700" HOUSENUM="16" HOUSETYPE="2" OPERTYPEID="20" PREVID="33472932" NEXTID="129180608" UPDATEDATE="2025-09-30" STARTDATE="2016-01-02" ENDDATE="2025-09-30" ISACTUAL="0" ISACTIVE="0" /><HOUSE ID="63084850" OBJECTID="17342660" OBJECTGUID="a532f654-0262-43e2-9d4e-499f7eccfe94" CHANGEID="27404006" HOUSENUM="11" HOUSETYPE="3" OPERTYPEID="20" PREVID="9933822" NEXTID="129183345" UPDATEDATE="2025-09-30" STARTDATE="2016-11-14" ENDDATE="2025-09-30" ISACTUAL="0" ISACTIVE="0" /><HOUSE ID="65712822" OBJECTID="19926627" OBJECTGUID="ca4cfbb1-42cf-4651-8b61-98ad8712605b" CHANGEID="31230091" HOUSENUM="13а" HOUSETYPE="2" OPERTYPEID="20" PREVID="11594760" NEXTID="129180316" UPDATEDATE="2025-09-30" STARTDATE="2016-11-14" ENDDATE="2025-09-30" ISACTUAL="0" ISACTIVE="0" /><HOUSE ID="66115287" OBJECTID="67452461" OBJECTGUID="d0001d55-cf5c-435e-ae8d-743842b3a747" CHANGEID="100561529" HOUSENUM="111" HOUSETYPE="2" OPERTYPEID="20" PREVID="40625164" NEXTID="129179545" UPDATEDATE="2025-09-30" STARTDATE="2017-03-14" ENDDATE="2025-09-30" ISACTUAL="0" ISACTIVE="0" /><HOUSE ID="66950490" OBJECTID="55277635" OBJECTGUID="dbca75b1-1b3d-4745-be32-0e6476dec24c" CHANGEID="82676899" HOUSENUM="18" HOUSETYPE="2" OPERTYPEID="20" PREVID="33021418" NEXTID="129180949" UPDATEDATE="2025-09-30" STARTDATE="2015-02-02" ENDDATE="2025-09-30" ISACTUAL="0" ISACTIVE="0" /><HOUSE ID="66956417" OBJECTID="50515460" OBJECTGUID="dbe0a362-e93b-41b1-8bd7-f49f115d67d1" CHANGEID="75808439" HOUSENUM="6" HOUSETYPE="2" OPERTYPEID="20" PREVID="30212233" NEXTID="129189303" UPDATEDATE="2025-10-01" STARTDATE="2016-11-14" ENDDATE="2025-10-01" ISACTUAL="0" ISACTIVE="0" /><HOUSE ID="69175434" OBJECTID="23488170" OBJECTGUID="fb37ccb8-7abe-4e40-aac9-f8f65908badd" CHANGEID="36507577" HOUSENUM="42" HOUSETYPE="2" OPERTYPEID="20" PREVID="13870205" NEXTID="129180629" UPDATEDATE="2025-09-30" STARTDATE="2016-01-02" ENDDATE="2025-09-30" ISACTUAL="0" ISACTIVE="0" /><HOUSE ID="69371736" OBJECTID="67511228" OBJECTGUID="fe008e16-3038-4f0b-9a3f-044d79f7ae3f" CHANGEID="100649659" HOUSENUM="4" HOUSETYPE="2" OPERTYPEID="20" PREVID="40665431" NEXTID="129175218" UPDATEDATE="2025-09-29" STARTDATE="2017-03-02" ENDDATE="2025-09-29" ISACTUAL="0" ISACTIVE="0" /><HOUSE ID="8394767" OBJECTID="14955592" OBJECTGUID="2dd491c0-dcfe-45c0-9503-cd61130897c1" CHANGEID="23864649" HOUSENUM="122" HOUSETYPE="1" OPERTYPEID="10" PREVID="0" NEXTID="129185460" UPDATEDATE="2025-10-01" STARTDATE="2013-03-01" ENDDATE="2025-10-01" ISACTUAL="0" ISACTIVE="0" /><HOUSE ID="8394695" OBJECTID="14955447" OBJECTGUID="8e4536c9-921f-4aff-a25a-c990d83880bf" CHANGEID="23864450" HOUSENUM="188" HOUSETYPE="1" OPERTYPEID="10" PREVID="0" NEXTID="129186313" UPDATEDATE="2025-10-01" STARTDATE="2013-03-01" ENDDATE="2025-10-01" ISACTUAL="0" ISACTIVE="0" /><HOUSE ID="8394804" OBJECTID="14955691" OBJECTGUID="964bc1db-e163-4251-88a5-cf06a5297f73" CHANGEID="23864776" HOUSENUM="198" HOUSETYPE="1" OPERTYPEID="10" PREVID="0" NEXTID="129186314" UPDATEDATE="2025-10-01" STARTDATE="2013-03-01" ENDDATE="2025-10-01" ISACTUAL="0" ISACTIVE="0" /><HOUSE ID="8394844" OBJECTID="14955801" OBJECTGUID="e2e36391-dd4b-4168-bbfe-d1a6d2030ebd" CHANGEID="23864917" HOUSENUM="186" HOUSETYPE="1" OPERTYPEID="10" PREVID="0" NEXTID="129186315" UPDATEDATE="2025-10-01" STARTDATE="2013-03-01" ENDDATE="2025-10-01" ISACTUAL="0" ISACTIVE="0" /><HOUSE ID="8394817" OBJECTID="14955717" OBJECTGUID="87938c9e-e339-42d0-a7ec-2ec09c0ad304" CHANGEID="23864813" HOUSENUM="164" HOUSETYPE="1" OPERTYPEID="10" PREVID="0" NEXTID="129185461" UPDATEDATE="2025-10-01" STARTDATE="2013-03-01" ENDDATE="2025-10-01" ISACTUAL="0" ISACTIVE="0" /><HOUSE ID="8394828" OBJECTID="14955762" OBJECTGUID="3ce9e242-3895-447d-9b47-3171e12633e7" CHANGEID="23864865" HOUSENUM="148" HOUSETYPE="1" OPERTYPEID="10" PREVID="0" NEXTID="129185473" UPDATEDATE="2025-10-01" STARTDATE="2013-03-01" ENDDATE="2025-10-01" ISACTUAL="0" ISACTIVE="0" /><HOUSE ID="8395145" OBJECTID="14956459" OBJECTGUID="392522aa-5eea-4287-9a2d-3e0b299513d0" CHANGEID="23865783" HOUSENUM="120" HOUSETYPE="1" OPERTYPEID="10" PREVID="0" NEXTID="129185474" UPDATEDATE="2025-10-01" STARTDATE="2013-03-01" ENDDATE="2025-10-01" ISACTUAL="0" ISACTIVE="0" /><HOUSE ID="8395210" OBJECTID="14956564" OBJECTGUID="42473ccf-2f30-4471-a5b8-d9602f044eba" CHANGEID="23865931" HOUSENUM="165" HOUSETYPE="1" OPERTYPEID="10" PREVID="0" NEXTID="129186319" UPDATEDATE="2025-10-01" STARTDATE="2013-03-01" ENDDATE="2025-10-01" ISACTUAL="0" ISACTIVE="0" /><HOUSE ID="8396064" OBJECTID="14957794" OBJECTGUID="497291e9-638e-440a-8eb7-4918c9dbaf18" CHANGEID="23867722" HOUSENUM="183" HOUSETYPE="1" OPERTYPEID="10" PREVID="0" NEXTID="129186320" UPDATEDATE="2025-10-01" STARTDATE="2013-03-01" ENDDATE="2025-10-01" ISACTUAL="0" ISACTIVE="0" /><HOUSE ID="8397221" OBJECTID="14959787" OBJECTGUID="def0a3b4-41f0-4338-9b75-57d429e345fc" CHANGEID="23870682" HOUSENUM="16" HOUSETYPE="1" OPERTYPEID="10" PREVID="0" NEXTID="129185475" UPDATEDATE="2025-10-01" STARTDATE="2013-03-01" ENDDATE="2025-10-01" ISACTUAL="0" ISACTIVE="0" /><HOUSE ID="8396766" OBJECTID="14959029" OBJECTGUID="59f541da-fd42-4987-b7e7-4ed2d017a11a" CHANGEID="23869508" HOUSENUM="193" HOUSETYPE="1" OPERTYPEID="10" PREVID="0" NEXTID="129186321" UPDATEDATE="2025-10-01" STARTDATE="2013-03-01" ENDDATE="2025-10-01" ISACTUAL="0" ISACTIVE="0" /><HOUSE ID="8397738" OBJECTID="14960510" OBJECTGUID="380fd62e-dba0-4e53-8fea-5ce65f408a95" CHANGEID="23871887" HOUSENUM="110" HOUSETYPE="1" OPERTYPEID="10" PREVID="0" NEXTID="129185476" UPDATEDATE="2025-10-01" STARTDATE="2013-03-01" ENDDATE="2025-10-01" ISACTUAL="0" ISACTIVE="0" /><HOUSE ID="8398771" OBJECTID="14961888" OBJECTGUID="c86437ab-92f9-4d83-868b-e438c3b59c8d" CHANGEID="23874142" HOUSENUM="162" HOUSETYPE="1" OPERTYPEID="10" PREVID="0" NEXTID="129185477" UPDATEDATE="2025-10-01" STARTDATE="2013-03-01" ENDDATE="2025-10-01" ISACTUAL="0" ISACTIVE="0" /><HOUSE ID="8398414" OBJECTID="14961498" OBJECTGUID="5596c7af-1ea9-491c-95d4-60e83749bd36" CHANGEID="23873502" HOUSENUM="166" HOUSETYPE="1" OPERTYPEID="10" PREVID="0" NEXTID="129186322" UPDATEDATE="2025-10-01" STARTDATE="2013-03-01" ENDDATE="2025-10-01" ISACTUAL="0" ISACTIVE="0" /><HOUSE ID="8409569" OBJECTID="14974714" OBJECTGUID="f02ec038-7cc8-4624-8709-8855d8d56159" CHANGEID="23894359" HOUSENUM="182" HOUSETYPE="1" OPERTYPEID="10" PREVID="0" NEXTID="129186333" UPDATEDATE="2025-10-01" STARTDATE="2013-03-01" ENDDATE="2025-10-01" ISACTUAL="0" ISACTIVE="0" /><HOUSE ID="8404409" OBJECTID="14970243" OBJECTGUID="5a663bed-eb17-4123-a4a6-f3597aa0e88a" CHANGEID="23887017" HOUSENUM="163" HOUSETYPE="1" OPERTYPEID="10" PREVID="0" NEXTID="129185462" UPDATEDATE="2025-10-01" STARTDATE="2013-03-01" ENDDATE="2025-10-01" ISACTUAL="0" ISACTIVE="0" /><HOUSE ID="8403231" OBJECTID="14968231" OBJECTGUID="b27c43bc-551f-4e03-adfd-e6f954b4ca2f" CHANGEID="23884064" HOUSENUM="175" HOUSETYPE="1" OPERTYPEID="10" PREVID="0" NEXTID="129186325" UPDATEDATE="2025-10-01" STARTDATE="2013-03-01" ENDDATE="2025-10-01" ISACTUAL="0" ISACTIVE="0" /><HOUSE ID="8403990" OBJECTID="14969721" OBJECTGUID="f465803c-5e25-4207-9b32-ed579c039386" CHANGEID="23886195" HOUSENUM="199" HOUSETYPE="1" OPERTYPEID="10" PREVID="0" NEXTID="129186326" UPDATEDATE="2025-10-01" STARTDATE="2013-03-01" ENDDATE="2025-10-01" ISACTUAL="0" ISACTIVE="0" /><HOUSE ID="8405226" OBJECTID="14970922" OBJECTGUID="3b7fa08a-36d4-4da4-be5a-f5cd5c58acb0" CHANGEID="23888182" HOUSENUM="171" HOUSETYPE="1" OPERTYPEID="10" PREVID="0" NEXTID="129186328" UPDATEDATE="2025-10-01" STARTDATE="2013-03-01" ENDDATE="2025-10-01" ISACTUAL="0" ISACTIVE="0" /><HOUSE ID="8406421" OBJECTID="14972636" OBJECTGUID="0319dfa1-cd85-423b-ae8f-fac38a850f47" CHANGEID="23890856" HOUSENUM="194" HOUSETYPE="1" OPERTYPEID="10" PREVID="0" NEXTID="129186331" UPDATEDATE="2025-10-01" STARTDATE="2013-03-01" ENDDATE="2025-10-01" ISACTUAL="0" ISACTIVE="0" /><HOUSE ID="8404734" OBJECTID="14970527" OBJECTGUID="40a475b0-725b-43d7-95bb-6eec9f514e7e" CHANGEID="23887444" HOUSENUM="187" HOUSETYPE="1" OPERTYPEID="10" PREVID="0" NEXTID="129186327" UPDATEDATE="2025-10-01" STARTDATE="2013-03-01" ENDDATE="2025-10-01" ISACTUAL="0" ISACTIVE="0" /><HOUSE ID="8405275" OBJECTID="14971153" OBJECTGUID="f81af788-b2ea-4716-9f3b-7434b2b63ced" CHANGEID="23888492" HOUSENUM="179" HOUSETYPE="1" OPERTYPEID="10" PREVID="0" NEXTID="129186329" UPDATEDATE="2025-10-01" STARTDATE="2013-03-01" ENDDATE="2025-10-01" ISACTUAL="0" ISACTIVE="0" /><HOUSE ID="8402002" OBJECTID="14966302" OBJECTGUID="14eddc37-e34b-478a-8f0c-641a276b577f" CHANGEID="23881058" HOUSENUM="151" HOUSETYPE="1" OPERTYPEID="10" PREVID="0" NEXTID="129185478" UPDATEDATE="2025-10-01" STARTDATE="2013-03-01" ENDDATE="2025-10-01" ISACTUAL="0" ISACTIVE="0" /><HOUSE ID="8402467" OBJECTID="14967086" OBJECTGUID="35209730-4bd3-4e21-ac5c-672ad4cbffb3" CHANGEID="23882185" HOUSENUM="180" HOUSETYPE="1" OPERTYPEID="10" PREVID="0" NEXTID="129186324" UPDATEDATE="2025-10-01" STARTDATE="2013-03-01" ENDDATE="2025-10-01" ISACTUAL="0" ISACTIVE="0" /><HOUSE ID="8413336" OBJECTID="14981307" OBJECTGUID="1c160e22-2ca6-4fdd-a6d4-fec94264f715" CHANGEID="23905004" HOUSENUM="174" HOUSETYPE="1" OPERTYPEID="10" PREVID="0" NEXTID="129186334" UPDATEDATE="2025-10-01" STARTDATE="2013-03-01" ENDDATE="2025-10-01" ISACTUAL="0" ISACTIVE="0" /><HOUSE ID="8414690" OBJECTID="14982845" OBJECTGUID="72a98b35-c652-4163-8438-8c497e57079b" CHANGEID="23907574" HOUSENUM="152" HOUSETYPE="1" OPERTYPEID="10" PREVID="0" NEXTID="129185463" UPDATEDATE="2025-10-01" STARTDATE="2013-03-01" ENDDATE="2025-10-01" ISACTUAL="0" ISACTIVE="0" /><HOUSE ID="8416070" OBJECTID="14985482" OBJECTGUID="3535591b-5928-496c-a5b5-95a1ef8c103e" CHANGEID="23911311" HOUSENUM="159" HOUSETYPE="1" OPERTYPEID="10" PREVID="0" NEXTID="129185464" UPDATEDATE="2025-10-01" STARTDATE="2013-03-01" ENDDATE="2025-10-01" ISACTUAL="0" ISACTIVE="0" /><HOUSE ID="8415591" OBJECTID="14984600" OBJECTGUID="907959d7-e4ff-420b-9124-9358a45672e9" CHANGEID="23910009" HOUSENUM="200" HOUSETYPE="1" OPERTYPEID="10" PREVID="0" NEXTID="129186335" UPDATEDATE="2025-10-01" STARTDATE="2013-03-01" ENDDATE="2025-10-01" ISACTUAL="0" ISACTIVE="0" /><HOUSE ID="8421929" OBJECTID="14994447" OBJECTGUID="02b6d771-707d-4228-bc43-ae68cdb19cd7" CHANGEID="23924849" HOUSENUM="158" HOUSETYPE="1" OPERTYPEID="10" PREVID="0" NEXTID="129185465" UPDATEDATE="2025-10-01" STARTDATE="2013-03-01" ENDDATE="2025-10-01" ISACTUAL="0" ISACTIVE="0" /><HOUSE ID="8421382" OBJECTID="14993699" OBJECTGUID="8ef26070-706b-46cc-89d7-a85ae5b4f683" CHANGEID="23923598" HOUSENUM="181" HOUSETYPE="1" OPERTYPEID="10" PREVID="0" NEXTID="129186337" UPDATEDATE="2025-10-01" STARTDATE="2013-03-01" ENDDATE="2025-10-01" ISACTUAL="0" ISACTIVE="0" /><HOUSE ID="8423151" OBJECTID="14995802" OBJECTGUID="b4738be7-8d53-408d-8790-b1f246904d83" CHANGEID="23927069" HOUSENUM="153" HOUSETYPE="1" OPERTYPEID="10" PREVID="0" NEXTID="129185466" UPDATEDATE="2025-10-01" STARTDATE="2013-03-01" ENDDATE="2025-10-01" ISACTUAL="0" ISACTIVE="0" /><HOUSE ID="8423608" OBJECTID="14996499" OBJECTGUID="c0f8b8c8-b546-440b-b77f-b3dc52a35f47" CHANGEID="23928026" HOUSENUM="161" HOUSETYPE="1" OPERTYPEID="10" PREVID="0" NEXTID="129185467" UPDATEDATE="2025-10-01" STARTDATE="2013-03-01" ENDDATE="2025-10-01" ISACTUAL="0" ISACTIVE="0" /><HOUSE ID="8424275" OBJECTID="14997413" OBJECTGUID="826b82ea-4aa7-48b1-8441-b61c0af11666" CHANGEID="23929483" HOUSENUM="155" HOUSETYPE="1" OPERTYPEID="10" PREVID="0" NEXTID="129185468" UPDATEDATE="2025-10-01" STARTDATE="2013-03-01" ENDDATE="2025-10-01" ISACTUAL="0" ISACTIVE="0" /><HOUSE ID="8424556" OBJECTID="14997793" OBJECTGUID="20cdd92d-162e-4e56-bc06-b76163453c70" CHANGEID="23929989" HOUSENUM="154" HOUSETYPE="1" OPERTYPEID="10" PREVID="0" NEXTID="129185469" UPDATEDATE="2025-10-01" STARTDATE="2013-03-01" ENDDATE="2025-10-01" ISACTUAL="0" ISACTIVE="0" /><HOUSE ID="8427250" OBJECTID="15002315" OBJECTGUID="ebd9bc44-be47-410f-b4e0-c1f0b806f600" CHANGEID="23936745" HOUSENUM="160" HOUSETYPE="1" OPERTYPEID="10" PREVID="0" NEXTID="129185470" UPDATEDATE="2025-10-01" STARTDATE="2013-03-01" ENDDATE="2025-10-01" ISACTUAL="0" ISACTIVE="0" /><HOUSE ID="8428084" OBJECTID="15003358" OBJECTGUID="61694d3b-ea5c-4b0a-ab2d-c421d3350fd4" CHANGEID="23938516" HOUSENUM="172" HOUSETYPE="1" OPERTYPEID="10" PREVID="0" NEXTID="129186343" UPDATEDATE="2025-10-01" STARTDATE="2013-03-01" ENDDATE="2025-10-01" ISACTUAL="0" ISACTIVE="0" /><HOUSE ID="8428721" OBJECTID="15004164" OBJECTGUID="ac6f6c63-a4e8-4e6a-a7ab-c955de4a640b" CHANGEID="23939838" HOUSENUM="170" HOUSETYPE="1" OPERTYPEID="10" PREVID="0" NEXTID="129186344" UPDATEDATE="2025-10-01" STARTDATE="2013-03-01" ENDDATE="2025-10-01" ISACTUAL="0" ISACTIVE="0" /><HOUSE ID="8452957" OBJECTID="15039127" OBJECTGUID="1537d517-f92c-4329-8a8c-06fe58870dfa" CHANGEID="23993640" HOUSENUM="157" HOUSETYPE="1" OPERTYPEID="10" PREVID="0" NEXTID="129185471" UPDATEDATE="2025-10-01" STARTDATE="2013-03-01" ENDDATE="2025-10-01" ISACTUAL="0" ISACTIVE="0" /><HOUSE ID="8456823" OBJECTID="15044786" OBJECTGUID="82eb04e0-85b0-4b5f-a36b-1ca4c03c0138" CHANGEID="24002273" HOUSENUM="167" HOUSETYPE="1" OPERTYPEID="10" PREVID="0" NEXTID="129186346" UPDATEDATE="2025-10-01" STARTDATE="2013-03-01" ENDDATE="2025-10-01" ISACTUAL="0" ISACTIVE="0" /><HOUSE ID="8457022" OBJECTID="15045131" OBJECTGUID="820ee6e3-dae9-44a8-a4ad-1e7712e1f690" CHANGEID="24002762" HOUSENUM="189" HOUSETYPE="1" OPERTYPEID="10" PREVID="0" NEXTID="129186347" UPDATEDATE="2025-10-01" STARTDATE="2013-03-01" ENDDATE="2025-10-01" ISACTUAL="0" ISACTIVE="0" /><HOUSE ID="8460410" OBJECTID="15049644" OBJECTGUID="bf496efe-5f9a-4c57-878e-217970ba11f6" CHANGEID="24009895" HOUSENUM="169" HOUSETYPE="1" OPERTYPEID="10" PREVID="0" NEXTID="129186348" UPDATEDATE="2025-10-01" STARTDATE="2013-03-01" ENDDATE="2025-10-01" ISACTUAL="0" ISACTIVE="0" /><HOUSE ID="8454052" OBJECTID="15040697" OBJECTGUID="24bd5b1e-c3ac-4195-8876-0bdbee68b905" CHANGEID="23996002" HOUSENUM="156" HOUSETYPE="1" OPERTYPEID="10" PREVID="0" NEXTID="129185472" UPDATEDATE="2025-10-01" STARTDATE="2013-03-01" ENDDATE="2025-10-01" ISACTUAL="0" ISACTIVE="0" /><HOUSE ID="8454435" OBJECTID="15041364" OBJECTGUID="a5025c88-f086-4a7c-b264-14168c083e1f" CHANGEID="23997061" HOUSENUM="185" HOUSETYPE="1" OPERTYPEID="10" PREVID="0" NEXTID="129186345" UPDATEDATE="2025-10-01" STARTDATE="2013-03-01" ENDDATE="2025-10-01" ISACTUAL="0" ISACTIVE="0" /><HOUSE ID="14896602" OBJECTID="25170744" OBJECTGUID="33fdce2e-b852-4a8e-ab3d-1096f8e143ed" CHANGEID="38967333" HOUSENUM="73" HOUSETYPE="2" OPERTYPEID="10" PREVID="0" NEXTID="129180613" UPDATEDATE="2025-09-30" STARTDATE="2019-03-06" ENDDATE="2025-09-30" ISACTUAL="0" ISACTIVE="0" /><HOUSE ID="30458396" OBJECTID="50974340" OBJECTGUID="41a6e538-7493-4aa2-9e74-2ba87b972ae6" CHANGEID="76448697" HOUSENUM="20" HOUSETYPE="3" OPERTYPEID="10" PREVID="0" NEXTID="129188361" UPDATEDATE="2025-10-01" STARTDATE="2016-12-04" ENDDATE="2025-10-01" ISACTUAL="0" ISACTIVE="0" /><HOUSE ID="51771554" OBJECTID="50416363" OBJECTGUID="05840434-3b76-4ce8-8234-4c5aae99353e" CHANGEID="75672029" HOUSENUM="62" HOUSETYPE="2" OPERTYPEID="20" PREVID="30161484" NEXTID="129187301" UPDATEDATE="2025-10-01" STARTDATE="2016-11-14" ENDDATE="2025-10-01" ISACTUAL="0" ISACTIVE="0" /><HOUSE ID="52658836" OBJECTID="9991813" OBJECTGUID="1209cabe-9640-4aa9-96a4-4c78335cf094" CHANGEID="16500567" HOUSENUM="2" HOUSETYPE="2" OPERTYPEID="20" PREVID="5218182" NEXTID="129180626" UPDATEDATE="2025-09-30" STARTDATE="2016-01-02" ENDDATE="2025-09-30" ISACTUAL="0" ISACTIVE="0" /><HOUSE ID="54017371" OBJECTID="23419069" OBJECTGUID="253b635b-afde-4ddc-834a-056ad4438e09" CHANGEID="36408670" HOUSENUM="8" HOUSETYPE="2" OPERTYPEID="20" PREVID="13829649" NEXTID="129180620" UPDATEDATE="2025-09-30" STARTDATE="2016-01-02" ENDDATE="2025-09-30" ISACTUAL="0" ISACTIVE="0" /><HOUSE ID="125160642" OBJECTID="161334616" OBJECTGUID="b4a3f1cc-4ee7-4568-b0ee-c478174de5c3" CHANGEID="572974387" HOUSENUM="64А" HOUSETYPE="2" OPERTYPEID="10" PREVID="0" NEXTID="129191165" UPDATEDATE="2025-10-01" STARTDATE="2023-11-16" ENDDATE="2025-10-01" ISACTUAL="0" ISACTIVE="0" /><HOUSE ID="125240146" OBJECTID="50979310" OBJECTGUID="91195faa-5439-4978-84c4-5cde47938118" CHANGEID="575229316" HOUSENUM="47" HOUSETYPE="2" OPERTYPEID="20" PREVID="30461353" NEXTID="129188343" UPDATEDATE="2025-10-01" STARTDATE="2023-11-27" ENDDATE="2025-10-01" ISACTUAL="0" ISACTIVE="0" /><HOUSE ID="125240139" OBJECTID="161494009" OBJECTGUID="8bda5c87-500c-4ff3-82ea-694b1aae9d7b" CHANGEID="575229306" HOUSENUM="66/1" HOUSETYPE="2" OPERTYPEID="10" PREVID="0" NEXTID="129189305" UPDATEDATE="2025-10-01" STARTDATE="2023-11-27" ENDDATE="2025-10-01" ISACTUAL="0" ISACTIVE="0" /><HOUSE ID="129162847" OBJECTID="39089999" OBJECTGUID="0368d538-b412-4d77-9a82-40a53cf866ba" CHANGEID="689615483" HOUSENUM="105/1" HOUSETYPE="2" OPERTYPEID="70" PREVID="23373091" NEXTID="129171538" UPDATEDATE="2025-09-29" STARTDATE="2025-09-26" ENDDATE="2025-09-29" ISACTUAL="0" ISACTIVE="0" /><HOUSE ID="129168046" OBJECTID="174922274" OBJECTGUID="41003add-e8eb-4968-9c9d-4cff49e6ae6b" CHANGEID="689649839" HOUSENUM="1" HOUSETYPE="2" OPERTYPEID="10" PREVID="0" NEXTID="0" UPDATEDATE="2025-09-29" STARTDATE="2025-09-29" ENDDATE="2079-06-06" ISACTUAL="1" ISACTIVE="1" /><HOUSE ID="129170798" OBJECTID="174930781" OBJECTGUID="573398ff-ee15-46e7-88e9-2aa3c674b518" CHANGEID="689670213" HOUSENUM="58/2" HOUSETYPE="2" OPERTYPEID="54" PREVID="111800588" NEXTID="0" UPDATEDATE="2025-09-29" STARTDATE="2025-09-29" ENDDATE="2079-06-06" ISACTUAL="1" ISACTIVE="1" /><HOUSE ID="129170723" OBJECTID="174930488" OBJECTGUID="ca5997a8-93ca-406d-b687-1461cf5b4281" CHANGEID="689669652" HOUSENUM="49" HOUSETYPE="2" OPERTYPEID="10" PREVID="0" NEXTID="0" UPDATEDATE="2025-09-29" STARTDATE="2025-09-29" ENDDATE="2079-06-06" ISACTUAL="1" ISACTIVE="1" /><HOUSE ID="129170733" OBJECTID="174930570" OBJECTGUID="fd7216e1-c13b-4dc8-9657-f5c29515d492" CHANGEID="689669872" HOUSENUM="43" HOUSETYPE="2" OPERTYPEID="10" PREVID="0" NEXTID="0" UPDATEDATE="2025-09-29" STARTDATE="2025-09-29" ENDDATE="2079-06-06" ISACTUAL="1" ISACTIVE="1" /><HOUSE ID="129170734" OBJECTID="174930571" OBJECTGUID="3d44bee1-7207-4f6f-8ff9-d21281357e2a" CHANGEID="689669873" HOUSENUM="41" HOUSETYPE="2" OPERTYPEID="10" PREVID="0" NEXTID="0" UPDATEDATE="2025-09-29" STARTDATE="2025-09-29" ENDDATE="2079-06-06" ISACTUAL="1" ISACTIVE="1" /><HOUSE ID="129170819" OBJECTID="174930847" OBJECTGUID="678df2de-13f5-48c7-8686-075a37c69b1b" CHANGEID="689670332" HOUSENUM="58/1" HOUSETYPE="2" OPERTYPEID="54" PREVID="111800597" NEXTID="0" UPDATEDATE="2025-09-29" STARTDATE="2025-09-29" ENDDATE="2079-06-06" ISACTUAL="1" ISACTIVE="1" /><HOUSE ID="129170799" OBJECTID="174930782" OBJECTGUID="ad6a1857-7fd5-4091-91d1-d9bbce1b5894" CHANGEID="689670215" HOUSENUM="58/3" HOUSETYPE="2" OPERTYPEID="54" PREVID="111800589" NEXTID="0" UPDATEDATE="2025-09-29" STARTDATE="2025-09-29" ENDDATE="2079-06-06" ISACTUAL="1" ISACTIVE="1" /><HOUSE ID="129171026" OBJECTID="174931588" OBJECTGUID="025fc7bc-9da2-4150-b1e8-cf186ca1409a" CHANGEID="689671585" HOUSENUM="3/2" HOUSETYPE="2" OPERTYPEID="54" PREVID="111800838" NEXTID="0" UPDATEDATE="2025-09-29" STARTDATE="2025-09-29" ENDDATE="2079-06-06" ISACTUAL="1" ISACTIVE="1" /><HOUSE ID="129171050" OBJECTID="174931772" OBJECTGUID="8b07ea66-8067-45c9-8897-0448a004ee61" CHANGEID="689672009" HOUSENUM="23Б" HOUSETYPE="2" OPERTYPEID="10" PREVID="0" NEXTID="0" UPDATEDATE="2025-09-29" STARTDATE="2025-09-29" ENDDATE="2079-06-06" ISACTUAL="1" ISACTIVE="1" /><HOUSE ID="129171017" OBJECTID="174931564" OBJECTGUID="1b97d65e-008a-4549-b520-04d20516b173" CHANGEID="689671530" HOUSENUM="3/1" HOUSETYPE="2" OPERTYPEID="54" PREVID="111800835" NEXTID="0" UPDATEDATE="2025-09-29" STARTDATE="2025-09-29" ENDDATE="2079-06-06" ISACTUAL="1" ISACTIVE="1" /><HOUSE ID="129171046" OBJECTID="174931745" OBJECTGUID="d0b75acd-38db-4860-8fb0-2846e669e7e2" CHANGEID="689671937" HOUSENUM="10А/2" HOUSETYPE="2" OPERTYPEID="54" PREVID="111800959" NEXTID="0" UPDATEDATE="2025-09-29" STARTDATE="2025-09-29" ENDDATE="2079-06-06" ISACTUAL="1" ISACTIVE="1" /><HOUSE ID="129171047" OBJECTID="71278736" OBJECTGUID="00e8b644-8420-4200-a12e-4c0a8b58eecf" CHANGEID="689671938" HOUSENUM="10А" HOUSETYPE="2" OPERTYPEID="55" PREVID="42993207" UPDATEDATE="2025-09-29" STARTDATE="2025-09-29" ENDDATE="2079-06-06" ISACTUAL="1" ISACTIVE="0" /><HOUSE ID="42993207" OBJECTID="71278736" OBJECTGUID="00e8b644-8420-4200-a12e-4c0a8b58eecf" CHANGEID="106169256" HOUSENUM="10А" HOUSETYPE="2" OPERTYPEID="10" PREVID="0" NEXTID="129171047" UPDATEDATE="2025-09-29" STARTDATE="2016-05-04" ENDDATE="2025-09-29" ISACTUAL="0" ISACTIVE="0" /><HOUSE ID="129171188" OBJECTID="174932431" OBJECTGUID="e8257b81-41f8-41b9-af62-00800f412ef5" CHANGEID="689673215" HOUSENUM="129" HOUSETYPE="2" OPERTYPEID="10" PREVID="0" NEXTID="0" UPDATEDATE="2025-09-29" STARTDATE="2025-09-29" ENDDATE="2079-06-06" ISACTUAL="1" ISACTIVE="1" /><HOUSE ID="129171189" OBJECTID="174932432" OBJECTGUID="558a5d70-0fe9-4495-8c53-e85bd1c80312" CHANGEID="689673216" HOUSENUM="90" HOUSETYPE="2" OPERTYPEID="10" PREVID="0" NEXTID="0" UPDATEDATE="2025-09-29" STARTDATE="2025-09-29" ENDDATE="2079-06-06" ISACTUAL="1" ISACTIVE="1" /><HOUSE ID="129171190" OBJECTID="174932436" OBJECTGUID="a0dd9fc7-022a-464a-982c-6d2341f26c0d" CHANGEID="689673224" HOUSENUM="92" HOUSETYPE="2" OPERTYPEID="10" PREVID="0" NEXTID="0" UPDATEDATE="2025-09-29" STARTDATE="2025-09-29" ENDDATE="2079-06-06" ISACTUAL="1" ISACTIVE="1" /><HOUSE ID="129171170" OBJECTID="174932383" OBJECTGUID="b3ed11df-97b6-4500-b728-7380d3aa43f6" CHANGEID="689673152" HOUSENUM="23В" HOUSETYPE="2" OPERTYPEID="10" PREVID="0" NEXTID="0" UPDATEDATE="2025-09-29" STARTDATE="2025-09-29" ENDDATE="2079-06-06" ISACTUAL="1" ISACTIVE="1" /><HOUSE ID="23373374" OBJECTID="39091344" OBJECTGUID="0b1f7b24-d8e1-4dea-9bed-e2e4de23c1f0" CHANGEID="59244405" HOUSENUM="105" HOUSETYPE="2" OPERTYPEID="10" PREVID="0" NEXTID="129171537" UPDATEDATE="2025-09-29" STARTDATE="1900-01-01" ENDDATE="2025-09-29" ISACTUAL="0" ISACTIVE="0" /><HOUSE ID="129171537" OBJECTID="39091344" OBJECTGUID="0b1f7b24-d8e1-4dea-9bed-e2e4de23c1f0" CHANGEID="689675263" HOUSENUM="105/1" HOUSETYPE="2" OPERTYPEID="40" PREVID="23373374" UPDATEDATE="2025-09-29" STARTDATE="2025-09-29" ENDDATE="2079-06-06" ISACTUAL="1" ISACTIVE="1" /><HOUSE ID="129171538" OBJECTID="39089999" OBJECTGUID="0368d538-b412-4d77-9a82-40a53cf866ba" CHANGEID="689675264" HOUSENUM="105/1" HOUSETYPE="2" OPERTYPEID="42" PREVID="129162847" NEXTID="129171537" UPDATEDATE="2025-09-29" STARTDATE="2025-09-29" ENDDATE="2079-06-06" ISACTUAL="1" ISACTIVE="0" /><HOUSE ID="129172221" OBJECTID="174935154" OBJECTGUID="3f75f203-1ee0-4ad9-9a41-fa6f042f932e" CHANGEID="689679097" HOUSENUM="2" HOUSETYPE="2" OPERTYPEID="10" PREVID="0" NEXTID="0" UPDATEDATE="2025-09-29" STARTDATE="2025-09-29" ENDDATE="2079-06-06" ISACTUAL="1" ISACTIVE="1" /><HOUSE ID="129172499" OBJECTID="174935620" OBJECTGUID="928b8338-fa7c-4f68-b45e-81769b3acb0e" CHANGEID="689679922" HOUSENUM="8" HOUSETYPE="2" OPERTYPEID="10" PREVID="0" NEXTID="0" UPDATEDATE="2025-09-29" STARTDATE="2025-09-29" ENDDATE="2079-06-06" ISACTUAL="1" ISACTIVE="1" /><HOUSE ID="129173670" OBJECTID="174939468" OBJECTGUID="94008244-98dd-4c50-9e3f-19b893b61e6a" CHANGEID="689688555" HOUSENUM="79" HOUSETYPE="2" OPERTYPEID="10" PREVID="0" NEXTID="0" UPDATEDATE="2025-09-29" STARTDATE="2025-09-29" ENDDATE="2079-06-06" ISACTUAL="1" ISACTIVE="1" /><HOUSE ID="129173974" OBJECTID="174940528" OBJECTGUID="566d932e-1b7b-4b59-a7ef-78ffec745828" CHANGEID="689691158" HOUSENUM="189" ADDNUM1="6" HOUSETYPE="5" ADDTYPE1="2" OPERTYPEID="10" PREVID="0" NEXTID="0" UPDATEDATE="2025-09-29" STARTDATE="2025-09-29" ENDDATE="2079-06-06" ISACTUAL="1" ISACTIVE="1" /><HOUSE ID="129173997" OBJECTID="174940604" OBJECTGUID="7810dcb2-c55b-4367-ac80-16de15e55a01" CHANGEID="689691268" HOUSENUM="29/3" HOUSETYPE="2" OPERTYPEID="10" PREVID="0" NEXTID="0" UPDATEDATE="2025-09-29" STARTDATE="2025-09-29" ENDDATE="2079-06-06" ISACTUAL="1" ISACTIVE="1" /><HOUSE ID="129173907" OBJECTID="174940233" OBJECTGUID="ba20017f-4a39-4b17-bb89-ab4813546568" CHANGEID="689690655" HOUSENUM="189" ADDNUM1="11" HOUSETYPE="5" ADDTYPE1="2" OPERTYPEID="10" PREVID="0" NEXTID="0" UPDATEDATE="2025-09-29" STARTDATE="2025-09-29" ENDDATE="2079-06-06" ISACTUAL="1" ISACTIVE="1" /><HOUSE ID="129174160" OBJECTID="174941282" OBJECTGUID="ca243f75-edff-400c-9806-a23cce5dbdb0" CHANGEID="689692642" HOUSENUM="27" HOUSETYPE="2" OPERTYPEID="10" PREVID="0" NEXTID="0" UPDATEDATE="2025-09-29" STARTDATE="2025-09-29" ENDDATE="2079-06-06" ISACTUAL="1" ISACTIVE="1" /><HOUSE ID="129174790" OBJECTID="174943600" OBJECTGUID="e370fd44-f8d4-40cd-838d-bbb331fcfc41" CHANGEID="689696826" HOUSENUM="12/14" HOUSETYPE="2" OPERTYPEID="10" PREVID="0" NEXTID="0" UPDATEDATE="2025-09-29" STARTDATE="2025-09-29" ENDDATE="2079-06-06" ISACTUAL="1" ISACTIVE="1" /><HOUSE ID="129174858" OBJECTID="174943761" OBJECTGUID="993aff32-d127-4582-9ccf-06a79335973f" CHANGEID="689697100" HOUSENUM="2" HOUSETYPE="2" OPERTYPEID="10" PREVID="0" NEXTID="0" UPDATEDATE="2025-09-29" STARTDATE="2025-09-29" ENDDATE="2079-06-06" ISACTUAL="1" ISACTIVE="1" /><HOUSE ID="129175031" OBJECTID="174943999" OBJECTGUID="e2e72439-3d2b-4b9a-8e3e-5e4587845d1c" CHANGEID="689697410" HOUSENUM="7" HOUSETYPE="2" OPERTYPEID="10" PREVID="0" NEXTID="0" UPDATEDATE="2025-09-29" STARTDATE="2025-09-29" ENDDATE="2079-06-06" ISACTUAL="1" ISACTIVE="1" /><HOUSE ID="129175218" OBJECTID="67511228" OBJECTGUID="fe008e16-3038-4f0b-9a3f-044d79f7ae3f" CHANGEID="689700513" HOUSENUM="6/1" HOUSETYPE="2" OPERTYPEID="20" PREVID="69371736" UPDATEDATE="2025-09-29" STARTDATE="2025-09-29" ENDDATE="2079-06-06" ISACTUAL="1" ISACTIVE="1" /><HOUSE ID="129175224" OBJECTID="174945005" OBJECTGUID="37ba28f5-af8f-4d10-950c-a69e76867eca" CHANGEID="689700835" HOUSENUM="3/1" HOUSETYPE="2" OPERTYPEID="10" PREVID="0" NEXTID="0" UPDATEDATE="2025-09-29" STARTDATE="2025-09-29" ENDDATE="2079-06-06" ISACTUAL="1" ISACTIVE="1" /><HOUSE ID="129175230" OBJECTID="174945020" OBJECTGUID="9faa5903-7ddc-4178-92a7-dc5baf429490" CHANGEID="689700876" HOUSENUM="84А" HOUSETYPE="2" OPERTYPEID="10" PREVID="0" NEXTID="0" UPDATEDATE="2025-09-29" STARTDATE="2025-09-29" ENDDATE="2079-06-06" ISACTUAL="1" ISACTIVE="1" /><HOUSE ID="129175221" OBJECTID="174944964" OBJECTGUID="eb036400-c973-4571-9cdb-c4212f42acee" CHANGEID="689700605" HOUSENUM="77/1" HOUSETYPE="7" OPERTYPEID="10" PREVID="0" NEXTID="0" UPDATEDATE="2025-09-29" STARTDATE="2025-09-29" ENDDATE="2079-06-06" ISACTUAL="1" ISACTIVE="1" /><HOUSE ID="129175222" OBJECTID="174944965" OBJECTGUID="8add1ad3-6654-43d0-8a27-5c1dae995abd" CHANGEID="689700606" HOUSENUM="77/2" HOUSETYPE="7" OPERTYPEID="10" PREVID="0" NEXTID="0" UPDATEDATE="2025-09-29" STARTDATE="2025-09-29" ENDDATE="2079-06-06" ISACTUAL="1" ISACTIVE="1" /><HOUSE ID="129175232" OBJECTID="174945029" OBJECTGUID="35bdc7fc-6526-4eec-aff5-6e746b416179" CHANGEID="689700899" HOUSENUM="15/1" HOUSETYPE="2" OPERTYPEID="10" PREVID="0" NEXTID="0" UPDATEDATE="2025-09-29" STARTDATE="2025-09-29" ENDDATE="2079-06-06" ISACTUAL="1" ISACTIVE="1" /><HOUSE ID="129175233" OBJECTID="174945030" OBJECTGUID="35d87882-5a66-4fbb-8fe3-b56bfda8ee74" CHANGEID="689700900" HOUSENUM="21/1" HOUSETYPE="2" OPERTYPEID="10" PREVID="0" NEXTID="0" UPDATEDATE="2025-09-29" STARTDATE="2025-09-29" ENDDATE="2079-06-06" ISACTUAL="1" ISACTIVE="1" /><HOUSE ID="129175234" OBJECTID="174945031" OBJECTGUID="b5abea6b-244f-4cc6-b44e-9a5400dccaf4" CHANGEID="689700901" HOUSENUM="28/1" HOUSETYPE="2" OPERTYPEID="10" PREVID="0" NEXTID="0" UPDATEDATE="2025-09-29" STARTDATE="2025-09-29" ENDDATE="2079-06-06" ISACTUAL="1" ISACTIVE="1" /><HOUSE ID="129175236" OBJECTID="174945035" OBJECTGUID="723213b8-7fdd-4398-ae19-a2da5c1609ea" CHANGEID="689700915" HOUSENUM="8/1" HOUSETYPE="2" OPERTYPEID="10" PREVID="0" NEXTID="0" UPDATEDATE="2025-09-29" STARTDATE="2025-09-29" ENDDATE="2079-06-06" ISACTUAL="1" ISACTIVE="1" /><HOUSE ID="129175237" OBJECTID="174945037" OBJECTGUID="29c9418a-e85e-43d9-94ff-78fc14618887" CHANGEID="689700923" HOUSENUM="54/1" HOUSETYPE="2" OPERTYPEID="10" PREVID="0" NEXTID="0" UPDATEDATE="2025-09-29" STARTDATE="2025-09-29" ENDDATE="2079-06-06" ISACTUAL="1" ISACTIVE="1" /><HOUSE ID="129177373" OBJECTID="174951304" OBJECTGUID="2cbe8ef8-925d-4db9-8b61-670f3661f1e5" CHANGEID="689712176" HOUSENUM="47" HOUSETYPE="2" OPERTYPEID="10" PREVID="0" NEXTID="0" UPDATEDATE="2025-09-30" STARTDATE="2025-09-30" ENDDATE="2079-06-06" ISACTUAL="1" ISACTIVE="1" /><HOUSE ID="129177395" OBJECTID="174951393" OBJECTGUID="76cbb85d-89c8-4aa6-b17f-b31e44be9b08" CHANGEID="689712309" HOUSENUM="322" HOUSETYPE="7" OPERTYPEID="10" PREVID="0" NEXTID="0" UPDATEDATE="2025-09-30" STARTDATE="2025-09-30" ENDDATE="2079-06-06" ISACTUAL="1" ISACTIVE="1" /><HOUSE ID="129177415" OBJECTID="174951424" OBJECTGUID="332ad0d3-6f20-4d88-8cc5-8f408747522a" CHANGEID="689712391" HOUSENUM="2" HOUSETYPE="2" OPERTYPEID="10" PREVID="0" NEXTID="0" UPDATEDATE="2025-09-30" STARTDATE="2025-09-30" ENDDATE="2079-06-06" ISACTUAL="1" ISACTIVE="1" /><HOUSE ID="129177372" OBJECTID="174951302" OBJECTGUID="97831706-15b7-45d9-acf7-4a1b92393258" CHANGEID="689712171" HOUSENUM="189" ADDNUM1="4" HOUSETYPE="2" ADDTYPE1="2" OPERTYPEID="10" PREVID="0" NEXTID="0" UPDATEDATE="2025-09-30" STARTDATE="2025-09-30" ENDDATE="2079-06-06" ISACTUAL="1" ISACTIVE="1" /><HOUSE ID="129177386" OBJECTID="174951373" OBJECTGUID="6cef3bcb-cd54-4376-9013-c8ab904a64dd" CHANGEID="689712274" HOUSENUM="4" HOUSETYPE="2" OPERTYPEID="10" PREVID="0" NEXTID="0" UPDATEDATE="2025-09-30" STARTDATE="2025-09-30" ENDDATE="2079-06-06" ISACTUAL="1" ISACTIVE="1" /><HOUSE ID="129177387" OBJECTID="174951377" OBJECTGUID="dcb335fa-c03a-4b7e-bd15-140c8101964c" CHANGEID="689712280" HOUSENUM="129" HOUSETYPE="2" OPERTYPEID="10" PREVID="0" NEXTID="0" UPDATEDATE="2025-09-30" STARTDATE="2025-09-30" ENDDATE="2079-06-06" ISACTUAL="1" ISACTIVE="1" /><HOUSE ID="129177388" OBJECTID="174951381" OBJECTGUID="c16f699f-8013-4ce9-b032-38f00f0fb95f" CHANGEID="689712284" HOUSENUM="65/1" HOUSETYPE="2" OPERTYPEID="10" PREVID="0" NEXTID="0" UPDATEDATE="2025-09-30" STARTDATE="2025-09-30" ENDDATE="2079-06-06" ISACTUAL="1" ISACTIVE="1" /><HOUSE ID="129177391" OBJECTID="174951387" OBJECTGUID="dcf517a4-5792-4de2-8c33-bbcb35d3afb7" CHANGEID="689712294" HOUSENUM="70" HOUSETYPE="2" OPERTYPEID="10" PREVID="0" NEXTID="0" UPDATEDATE="2025-09-30" STARTDATE="2025-09-30" ENDDATE="2079-06-06" ISACTUAL="1" ISACTIVE="1" /><HOUSE ID="129177398" OBJECTID="174951399" OBJECTGUID="4b1fe7da-d8ae-459a-b4c5-ec8bef5c2ecc" CHANGEID="689712332" HOUSENUM="6" HOUSETYPE="2" OPERTYPEID="10" PREVID="0" NEXTID="0" UPDATEDATE="2025-09-30" STARTDATE="2025-09-30" ENDDATE="2079-06-06" ISACTUAL="1" ISACTIVE="1" /><HOUSE ID="129177401" OBJECTID="174951402" OBJECTGUID="52da8718-c751-4f3a-81a4-e24c407eafd4" CHANGEID="689712340" HOUSENUM="189" ADDNUM1="8" HOUSETYPE="5" ADDTYPE1="2" OPERTYPEID="10" PREVID="0" NEXTID="0" UPDATEDATE="2025-09-30" STARTDATE="2025-09-30" ENDDATE="2079-06-06" ISACTUAL="1" ISACTIVE="1" /><HOUSE ID="129179545" OBJECTID="67452461" OBJECTGUID="d0001d55-cf5c-435e-ae8d-743842b3a747" CHANGEID="689730005" HOUSENUM="111" HOUSETYPE="2" OPERTYPEID="30" PREVID="66115287" NEXTID="0" UPDATEDATE="2025-09-30" STARTDATE="2025-09-30" ENDDATE="2079-06-06" ISACTUAL="1" ISACTIVE="0" /><HOUSE ID="129179561" OBJECTID="14094845" OBJECTGUID="cec175ad-bec7-49d3-96a4-374fd7caa8b3" CHANGEID="689730048" HOUSENUM="26" HOUSETYPE="2" OPERTYPEID="30" PREVID="66027126" NEXTID="0" UPDATEDATE="2025-09-30" STARTDATE="2025-09-30" ENDDATE="2079-06-06" ISACTUAL="1" ISACTIVE="0" /><HOUSE ID="66027126" OBJECTID="14094845" OBJECTGUID="cec175ad-bec7-49d3-96a4-374fd7caa8b3" CHANGEID="22567884" HOUSENUM="26" HOUSETYPE="2" OPERTYPEID="20" PREVID="7814885" NEXTID="129179561" UPDATEDATE="2025-09-30" STARTDATE="2015-02-02" ENDDATE="2025-09-30" ISACTUAL="0" ISACTIVE="0" /><HOUSE ID="129179606" OBJECTID="74185319" OBJECTGUID="aee3d39b-bb5e-463d-97eb-bdbbc8571c53" CHANGEID="689730135" HOUSENUM="92" HOUSETYPE="2" OPERTYPEID="30" PREVID="63771213" NEXTID="0" UPDATEDATE="2025-09-30" STARTDATE="2025-09-30" ENDDATE="2079-06-06" ISACTUAL="1" ISACTIVE="0" /><HOUSE ID="63771213" OBJECTID="74185319" OBJECTGUID="aee3d39b-bb5e-463d-97eb-bdbbc8571c53" CHANGEID="110415875" HOUSENUM="92" HOUSETYPE="2" OPERTYPEID="20" PREVID="44787806" NEXTID="129179606" UPDATEDATE="2025-09-30" STARTDATE="2017-03-16" ENDDATE="2025-09-30" ISACTUAL="0" ISACTIVE="0" /><HOUSE ID="129179620" OBJECTID="17928679" OBJECTGUID="9b28a712-298e-4ff4-804b-e72852e7f751" CHANGEID="689730201" HOUSENUM="47" HOUSETYPE="2" OPERTYPEID="30" PREVID="62374261" NEXTID="0" UPDATEDATE="2025-09-30" STARTDATE="2025-09-30" ENDDATE="2079-06-06" ISACTUAL="1" ISACTIVE="0" /><HOUSE ID="62374261" OBJECTID="17928679" OBJECTGUID="9b28a712-298e-4ff4-804b-e72852e7f751" CHANGEID="28282463" HOUSENUM="47" HOUSETYPE="2" OPERTYPEID="20" PREVID="10319876" NEXTID="129179620" UPDATEDATE="2025-09-30" STARTDATE="2017-03-16" ENDDATE="2025-09-30" ISACTUAL="0" ISACTIVE="0" /><HOUSE ID="129179600" OBJECTID="14080336" OBJECTGUID="35d5bc6f-92c4-4181-8180-2c9cb863cfd0" CHANGEID="689730111" HOUSENUM="34" HOUSETYPE="2" OPERTYPEID="30" PREVID="55195068" NEXTID="0" UPDATEDATE="2025-09-30" STARTDATE="2025-09-30" ENDDATE="2079-06-06" ISACTUAL="1" ISACTIVE="0" /><HOUSE ID="129179615" OBJECTID="17956826" OBJECTGUID="5aba97a6-44c1-4ca1-93ba-d4b45a9eb138" CHANGEID="689730181" HOUSENUM="3" HOUSETYPE="2" OPERTYPEID="30" PREVID="57807765" NEXTID="0" UPDATEDATE="2025-09-30" STARTDATE="2025-09-30" ENDDATE="2079-06-06" ISACTUAL="1" ISACTIVE="0" /><HOUSE ID="129179856" OBJECTID="174958831" OBJECTGUID="865ccde0-6391-4b58-86b7-3e701408dcc5" CHANGEID="689732804" HOUSENUM="90" HOUSETYPE="2" OPERTYPEID="10" PREVID="0" NEXTID="0" UPDATEDATE="2025-09-30" STARTDATE="2025-09-30" ENDDATE="2079-06-06" ISACTUAL="1" ISACTIVE="1" /><HOUSE ID="129179901" OBJECTID="174958939" OBJECTGUID="0d9fd80b-1063-4a19-9dc3-f0b1cc394dba" CHANGEID="689732981" HOUSENUM="113А" HOUSETYPE="2" OPERTYPEID="10" PREVID="0" NEXTID="0" UPDATEDATE="2025-09-30" STARTDATE="2025-09-30" ENDDATE="2079-06-06" ISACTUAL="1" ISACTIVE="1" /><HOUSE ID="129180234" OBJECTID="174959726" OBJECTGUID="2c1b06a0-3605-4f7b-b8b2-0a4a77d064c0" CHANGEID="689734618" HOUSENUM="3" HOUSETYPE="5" OPERTYPEID="10" PREVID="0" NEXTID="0" UPDATEDATE="2025-09-30" STARTDATE="2025-09-30" ENDDATE="2079-06-06" ISACTUAL="1" ISACTIVE="1" /><HOUSE ID="129180246" OBJECTID="174959803" OBJECTGUID="bb44148d-a17f-4c75-aeda-ee48a94526fe" CHANGEID="689734757" HOUSENUM="162а" HOUSETYPE="2" OPERTYPEID="10" PREVID="0" NEXTID="0" UPDATEDATE="2025-09-30" STARTDATE="2025-09-30" ENDDATE="2079-06-06" ISACTUAL="1" ISACTIVE="1" /><HOUSE ID="129180282" OBJECTID="174960096" OBJECTGUID="3b958c38-2226-4503-8fcb-3f8a83b49f2b" CHANGEID="689735204" HOUSENUM="169" HOUSETYPE="2" OPERTYPEID="10" PREVID="0" NEXTID="0" UPDATEDATE="2025-09-30" STARTDATE="2025-09-30" ENDDATE="2079-06-06" ISACTUAL="1" ISACTIVE="1" /><HOUSE ID="129180316" OBJECTID="19926627" OBJECTGUID="ca4cfbb1-42cf-4651-8b61-98ad8712605b" CHANGEID="689735660" HOUSENUM="13а" HOUSETYPE="2" OPERTYPEID="30" PREVID="65712822" NEXTID="0" UPDATEDATE="2025-09-30" STARTDATE="2025-09-30" ENDDATE="2079-06-06" ISACTUAL="1" ISACTIVE="0" /><HOUSE ID="129180285" OBJECTID="174960174" OBJECTGUID="03950afe-a628-404d-a8bb-a33109ba09b9" CHANGEID="689735307" HOUSENUM="167" HOUSETYPE="2" OPERTYPEID="10" PREVID="0" NEXTID="0" UPDATEDATE="2025-09-30" STARTDATE="2025-09-30" ENDDATE="2079-06-06" ISACTUAL="1" ISACTIVE="1" /><HOUSE ID="129180287" OBJECTID="174960207" OBJECTGUID="1153c16b-a544-4eab-b4f0-0ff96a37d11f" CHANGEID="689735361" HOUSENUM="183" HOUSETYPE="2" OPERTYPEID="10" PREVID="0" NEXTID="0" UPDATEDATE="2025-09-30" STARTDATE="2025-09-30" ENDDATE="2079-06-06" ISACTUAL="1" ISACTIVE="1" /><HOUSE ID="129180302" OBJECTID="174960315" OBJECTGUID="b317660f-212e-4316-899e-b0d024937697" CHANGEID="689735600" HOUSENUM="14/1" HOUSETYPE="2" OPERTYPEID="54" PREVID="111809078" NEXTID="0" UPDATEDATE="2025-09-30" STARTDATE="2025-09-30" ENDDATE="2079-06-06" ISACTUAL="1" ISACTIVE="1" /><HOUSE ID="129180303" OBJECTID="174960316" OBJECTGUID="4bd53fe9-da81-4726-8cd7-9d9c69300f55" CHANGEID="689735602" HOUSENUM="14/2" HOUSETYPE="2" OPERTYPEID="54" PREVID="111809079" NEXTID="0" UPDATEDATE="2025-09-30" STARTDATE="2025-09-30" ENDDATE="2079-06-06" ISACTUAL="1" ISACTIVE="1" /><HOUSE ID="129180304" OBJECTID="57469432" OBJECTGUID="b2d9808b-6c03-4ba0-a253-8c77ad2d87a9" CHANGEID="689735603" HOUSENUM="14" HOUSETYPE="2" OPERTYPEID="55" PREVID="34392279" UPDATEDATE="2025-09-30" STARTDATE="2025-09-30" ENDDATE="2079-06-06" ISACTUAL="1" ISACTIVE="0" /><HOUSE ID="34392279" OBJECTID="57469432" OBJECTGUID="b2d9808b-6c03-4ba0-a253-8c77ad2d87a9" CHANGEID="85918770" HOUSENUM="14" HOUSETYPE="2" OPERTYPEID="10" PREVID="0" NEXTID="129180304" UPDATEDATE="2025-09-30" STARTDATE="2015-02-02" ENDDATE="2025-09-30" ISACTUAL="0" ISACTIVE="0" /><HOUSE ID="129180472" OBJECTID="53843309" OBJECTGUID="5bcbdf32-a92f-4f1d-862c-d4e095e1b91e" CHANGEID="689736875" HOUSENUM="64" HOUSETYPE="2" OPERTYPEID="30" PREVID="57883285" NEXTID="0" UPDATEDATE="2025-09-30" STARTDATE="2025-09-30" ENDDATE="2079-06-06" ISACTUAL="1" ISACTIVE="0" /><HOUSE ID="129180473" OBJECTID="174960710" OBJECTGUID="c3af602c-a8a9-4f4f-a6cc-6ee34aad7702" CHANGEID="689736884" HOUSENUM="4" HOUSETYPE="5" OPERTYPEID="10" PREVID="0" NEXTID="0" UPDATEDATE="2025-09-30" STARTDATE="2025-09-30" ENDDATE="2079-06-06" ISACTUAL="1" ISACTIVE="1" /><HOUSE ID="129180608" OBJECTID="55952690" OBJECTGUID="5dd44033-171d-476e-a2f5-558bcac0bbf5" CHANGEID="689737539" HOUSENUM="16" HOUSETYPE="2" OPERTYPEID="30" PREVID="58026929" NEXTID="0" UPDATEDATE="2025-09-30" STARTDATE="2025-09-30" ENDDATE="2079-06-06" ISACTUAL="1" ISACTIVE="0" /><HOUSE ID="129180613" OBJECTID="25170744" OBJECTGUID="33fdce2e-b852-4a8e-ab3d-1096f8e143ed" CHANGEID="689737559" HOUSENUM="73" HOUSETYPE="2" OPERTYPEID="30" PREVID="14896602" NEXTID="0" UPDATEDATE="2025-09-30" STARTDATE="2025-09-30" ENDDATE="2079-06-06" ISACTUAL="1" ISACTIVE="0" /><HOUSE ID="129180620" OBJECTID="23419069" OBJECTGUID="253b635b-afde-4ddc-834a-056ad4438e09" CHANGEID="689737620" HOUSENUM="8" HOUSETYPE="2" OPERTYPEID="30" PREVID="54017371" NEXTID="0" UPDATEDATE="2025-09-30" STARTDATE="2025-09-30" ENDDATE="2079-06-06" ISACTUAL="1" ISACTIVE="0" /><HOUSE ID="129180626" OBJECTID="9991813" OBJECTGUID="1209cabe-9640-4aa9-96a4-4c78335cf094" CHANGEID="689737650" HOUSENUM="2" HOUSETYPE="2" OPERTYPEID="30" PREVID="52658836" NEXTID="0" UPDATEDATE="2025-09-30" STARTDATE="2025-09-30" ENDDATE="2079-06-06" ISACTUAL="1" ISACTIVE="0" /><HOUSE ID="129180618" OBJECTID="59900177" OBJECTGUID="3833968b-201b-4cca-a1bb-5733255390d2" CHANGEID="689737598" HOUSENUM="10" HOUSETYPE="2" OPERTYPEID="30" PREVID="55361428" NEXTID="0" UPDATEDATE="2025-09-30" STARTDATE="2025-09-30" ENDDATE="2079-06-06" ISACTUAL="1" ISACTIVE="0" /><HOUSE ID="55361428" OBJECTID="59900177" OBJECTGUID="3833968b-201b-4cca-a1bb-5733255390d2" CHANGEID="89465541" HOUSENUM="10" HOUSETYPE="2" OPERTYPEID="20" PREVID="35885733" NEXTID="129180618" UPDATEDATE="2025-09-30" STARTDATE="2016-01-02" ENDDATE="2025-09-30" ISACTUAL="0" ISACTIVE="0" /><HOUSE ID="129180629" OBJECTID="23488170" OBJECTGUID="fb37ccb8-7abe-4e40-aac9-f8f65908badd" CHANGEID="689737693" HOUSENUM="42" HOUSETYPE="2" OPERTYPEID="30" PREVID="69175434" NEXTID="0" UPDATEDATE="2025-09-30" STARTDATE="2025-09-30" ENDDATE="2079-06-06" ISACTUAL="1" ISACTIVE="0" /><HOUSE ID="129180646" OBJECTID="174961338" OBJECTGUID="492f9d4a-733e-49e3-ae3b-d787fe95f087" CHANGEID="689738065" HOUSENUM="50" HOUSETYPE="2" OPERTYPEID="10" PREVID="0" NEXTID="0" UPDATEDATE="2025-09-30" STARTDATE="2025-09-30" ENDDATE="2079-06-06" ISACTUAL="1" ISACTIVE="1" /><HOUSE ID="129180904" OBJECTID="174962007" OBJECTGUID="f90df1f9-e755-493e-a2a5-65ee219d944e" CHANGEID="689739365" HOUSENUM="5" HOUSETYPE="5" OPERTYPEID="10" PREVID="0" NEXTID="0" UPDATEDATE="2025-09-30" STARTDATE="2025-09-30" ENDDATE="2079-06-06" ISACTUAL="1" ISACTIVE="1" /><HOUSE ID="129180920" OBJECTID="9826659" OBJECTGUID="08e1d63c-5aa1-415e-9813-6c8b49e986b4" CHANGEID="689739982" HOUSENUM="10А" HOUSETYPE="2" OPERTYPEID="60" PREVID="5128089" UPDATEDATE="2025-09-30" STARTDATE="2025-09-30" ENDDATE="2079-06-06" ISACTUAL="1" ISACTIVE="0" /><HOUSE ID="5128089" OBJECTID="9826659" OBJECTGUID="08e1d63c-5aa1-415e-9813-6c8b49e986b4" CHANGEID="16268880" HOUSENUM="10А" HOUSETYPE="2" OPERTYPEID="10" PREVID="0" NEXTID="129180920" UPDATEDATE="2025-09-30" STARTDATE="2016-05-04" ENDDATE="2025-09-30" ISACTUAL="0" ISACTIVE="0" /><HOUSE ID="129180921" OBJECTID="174962090" OBJECTGUID="73a91f83-799f-4e3a-8340-abc5b094f320" CHANGEID="689739983" HOUSENUM="10А/1" HOUSETYPE="2" OPERTYPEID="61" PREVID="129180920" NEXTID="0" UPDATEDATE="2025-09-30" STARTDATE="2025-09-30" ENDDATE="2079-06-06" ISACTUAL="1" ISACTIVE="1" /><HOUSE ID="129180922" OBJECTID="174962091" OBJECTGUID="974fb472-3d31-47aa-bff7-9140662e05a0" CHANGEID="689739984" HOUSENUM="10А/2" HOUSETYPE="2" OPERTYPEID="61" PREVID="129180920" NEXTID="0" UPDATEDATE="2025-09-30" STARTDATE="2025-09-30" ENDDATE="2079-06-06" ISACTUAL="1" ISACTIVE="1" /><HOUSE ID="129180935" OBJECTID="174962192" OBJECTGUID="4f8ec3b5-ab14-4bd4-8ec3-85400b945c6a" CHANGEID="689740267" HOUSENUM="6" HOUSETYPE="5" OPERTYPEID="10" PREVID="0" NEXTID="0" UPDATEDATE="2025-09-30" STARTDATE="2025-09-30" ENDDATE="2079-06-06" ISACTUAL="1" ISACTIVE="1" /><HOUSE ID="129180949" OBJECTID="55277635" OBJECTGUID="dbca75b1-1b3d-4745-be32-0e6476dec24c" CHANGEID="689740319" HOUSENUM="18" HOUSETYPE="2" OPERTYPEID="60" PREVID="66950490" UPDATEDATE="2025-09-30" STARTDATE="2025-09-30" ENDDATE="2079-06-06" ISACTUAL="1" ISACTIVE="0" /><HOUSE ID="129180950" OBJECTID="174962216" OBJECTGUID="1d7baa22-17a0-4a47-8282-6d323cc99c69" CHANGEID="689740320" HOUSENUM="18/1" HOUSETYPE="2" OPERTYPEID="61" PREVID="129180949" NEXTID="0" UPDATEDATE="2025-09-30" STARTDATE="2025-09-30" ENDDATE="2079-06-06" ISACTUAL="1" ISACTIVE="1" /><HOUSE ID="129180951" OBJECTID="174962217" OBJECTGUID="78f889fb-3401-42b9-8ea5-90be5f028e23" CHANGEID="689740321" HOUSENUM="18/2" HOUSETYPE="2" OPERTYPEID="61" PREVID="129180949" NEXTID="0" UPDATEDATE="2025-09-30" STARTDATE="2025-09-30" ENDDATE="2079-06-06" ISACTUAL="1" ISACTIVE="1" /><HOUSE ID="129181379" OBJECTID="174963801" OBJECTGUID="2abc2036-feec-41ac-8737-5c1bd32b17e0" CHANGEID="689743033" HOUSENUM="8В" HOUSETYPE="2" OPERTYPEID="10" PREVID="0" NEXTID="0" UPDATEDATE="2025-09-30" STARTDATE="2025-09-30" ENDDATE="2079-06-06" ISACTUAL="1" ISACTIVE="1" /><HOUSE ID="129182918" OBJECTID="174967499" OBJECTGUID="237367ac-dc65-47f1-9fc1-ff4f9ed5a601" CHANGEID="689752161" HOUSENUM="4" HOUSETYPE="2" OPERTYPEID="10" PREVID="0" NEXTID="0" UPDATEDATE="2025-09-30" STARTDATE="2025-09-30" ENDDATE="2079-06-06" ISACTUAL="1" ISACTIVE="1" /><HOUSE ID="129183345" OBJECTID="17342660" OBJECTGUID="a532f654-0262-43e2-9d4e-499f7eccfe94" CHANGEID="689755475" HOUSENUM="11" HOUSETYPE="2" OPERTYPEID="20" PREVID="63084850" UPDATEDATE="2025-09-30" STARTDATE="2025-09-30" ENDDATE="2079-06-06" ISACTUAL="1" ISACTIVE="1" /><HOUSE ID="129183419" OBJECTID="174969205" OBJECTGUID="7346479c-d3fb-4d31-8ddf-1894dd61e19c" CHANGEID="689755975" HOUSENUM="62/1" HOUSETYPE="2" OPERTYPEID="54" PREVID="111810926" NEXTID="0" UPDATEDATE="2025-09-30" STARTDATE="2025-09-30" ENDDATE="2079-06-06" ISACTUAL="1" ISACTIVE="1" /><HOUSE ID="129183429" OBJECTID="174969238" OBJECTGUID="3b73e18f-bf3a-4f12-95dc-01519bdb8c3e" CHANGEID="689756031" HOUSENUM="62/2" HOUSETYPE="2" OPERTYPEID="54" PREVID="111810930" NEXTID="0" UPDATEDATE="2025-09-30" STARTDATE="2025-09-30" ENDDATE="2079-06-06" ISACTUAL="1" ISACTIVE="1" /><HOUSE ID="129183855" OBJECTID="174970506" OBJECTGUID="ff1e8055-a503-4a92-a105-93879c577c45" CHANGEID="689759141" HOUSENUM="3/1" HOUSETYPE="2" OPERTYPEID="10" PREVID="0" NEXTID="0" UPDATEDATE="2025-09-30" STARTDATE="2025-09-30" ENDDATE="2079-06-06" ISACTUAL="1" ISACTIVE="1" /><HOUSE ID="129183896" OBJECTID="174970607" OBJECTGUID="7f6fecad-478f-488f-8ba0-77b5992fa4bb" CHANGEID="689777065" HOUSENUM="32/2" HOUSETYPE="2" OPERTYPEID="10" PREVID="0" NEXTID="0" UPDATEDATE="2025-09-30" STARTDATE="2025-09-30" ENDDATE="2079-06-06" ISACTUAL="1" ISACTIVE="1" /><HOUSE ID="129185389" OBJECTID="174974945" OBJECTGUID="427a47b5-6ad2-462c-8ffc-8b3230c5211c" CHANGEID="689786621" HOUSENUM="16б" HOUSETYPE="2" OPERTYPEID="10" PREVID="0" NEXTID="0" UPDATEDATE="2025-10-01" STARTDATE="2025-10-01" ENDDATE="2079-06-06" ISACTUAL="1" ISACTIVE="1" /><HOUSE ID="129185460" OBJECTID="14955592" OBJECTGUID="2dd491c0-dcfe-45c0-9503-cd61130897c1" CHANGEID="689786988" HOUSENUM="122" HOUSETYPE="1" OPERTYPEID="30" PREVID="8394767" NEXTID="0" UPDATEDATE="2025-10-01" STARTDATE="2025-10-01" ENDDATE="2079-06-06" ISACTUAL="1" ISACTIVE="0" /><HOUSE ID="129185461" OBJECTID="14955717" OBJECTGUID="87938c9e-e339-42d0-a7ec-2ec09c0ad304" CHANGEID="689786989" HOUSENUM="164" HOUSETYPE="1" OPERTYPEID="30" PREVID="8394817" NEXTID="0" UPDATEDATE="2025-10-01" STARTDATE="2025-10-01" ENDDATE="2079-06-06" ISACTUAL="1" ISACTIVE="0" /><HOUSE ID="129185462" OBJECTID="14970243" OBJECTGUID="5a663bed-eb17-4123-a4a6-f3597aa0e88a" CHANGEID="689786990" HOUSENUM="163" HOUSETYPE="1" OPERTYPEID="30" PREVID="8404409" NEXTID="0" UPDATEDATE="2025-10-01" STARTDATE="2025-10-01" ENDDATE="2079-06-06" ISACTUAL="1" ISACTIVE="0" /><HOUSE ID="129185463" OBJECTID="14982845" OBJECTGUID="72a98b35-c652-4163-8438-8c497e57079b" CHANGEID="689786991" HOUSENUM="152" HOUSETYPE="1" OPERTYPEID="30" PREVID="8414690" NEXTID="0" UPDATEDATE="2025-10-01" STARTDATE="2025-10-01" ENDDATE="2079-06-06" ISACTUAL="1" ISACTIVE="0" /><HOUSE ID="129185464" OBJECTID="14985482" OBJECTGUID="3535591b-5928-496c-a5b5-95a1ef8c103e" CHANGEID="689786992" HOUSENUM="159" HOUSETYPE="1" OPERTYPEID="30" PREVID="8416070" NEXTID="0" UPDATEDATE="2025-10-01" STARTDATE="2025-10-01" ENDDATE="2079-06-06" ISACTUAL="1" ISACTIVE="0" /><HOUSE ID="129185465" OBJECTID="14994447" OBJECTGUID="02b6d771-707d-4228-bc43-ae68cdb19cd7" CHANGEID="689786993" HOUSENUM="158" HOUSETYPE="1" OPERTYPEID="30" PREVID="8421929" NEXTID="0" UPDATEDATE="2025-10-01" STARTDATE="2025-10-01" ENDDATE="2079-06-06" ISACTUAL="1" ISACTIVE="0" /><HOUSE ID="129185466" OBJECTID="14995802" OBJECTGUID="b4738be7-8d53-408d-8790-b1f246904d83" CHANGEID="689786994" HOUSENUM="153" HOUSETYPE="1" OPERTYPEID="30" PREVID="8423151" NEXTID="0" UPDATEDATE="2025-10-01" STARTDATE="2025-10-01" ENDDATE="2079-06-06" ISACTUAL="1" ISACTIVE="0" /><HOUSE ID="129185467" OBJECTID="14996499" OBJECTGUID="c0f8b8c8-b546-440b-b77f-b3dc52a35f47" CHANGEID="689786995" HOUSENUM="161" HOUSETYPE="1" OPERTYPEID="30" PREVID="8423608" NEXTID="0" UPDATEDATE="2025-10-01" STARTDATE="2025-10-01" ENDDATE="2079-06-06" ISACTUAL="1" ISACTIVE="0" /><HOUSE ID="129185468" OBJECTID="14997413" OBJECTGUID="826b82ea-4aa7-48b1-8441-b61c0af11666" CHANGEID="689786996" HOUSENUM="155" HOUSETYPE="1" OPERTYPEID="30" PREVID="8424275" NEXTID="0" UPDATEDATE="2025-10-01" STARTDATE="2025-10-01" ENDDATE="2079-06-06" ISACTUAL="1" ISACTIVE="0" /><HOUSE ID="129185469" OBJECTID="14997793" OBJECTGUID="20cdd92d-162e-4e56-bc06-b76163453c70" CHANGEID="689786997" HOUSENUM="154" HOUSETYPE="1" OPERTYPEID="30" PREVID="8424556" NEXTID="0" UPDATEDATE="2025-10-01" STARTDATE="2025-10-01" ENDDATE="2079-06-06" ISACTUAL="1" ISACTIVE="0" /><HOUSE ID="129185470" OBJECTID="15002315" OBJECTGUID="ebd9bc44-be47-410f-b4e0-c1f0b806f600" CHANGEID="689786998" HOUSENUM="160" HOUSETYPE="1" OPERTYPEID="30" PREVID="8427250" NEXTID="0" UPDATEDATE="2025-10-01" STARTDATE="2025-10-01" ENDDATE="2079-06-06" ISACTUAL="1" ISACTIVE="0" /><HOUSE ID="129185471" OBJECTID="15039127" OBJECTGUID="1537d517-f92c-4329-8a8c-06fe58870dfa" CHANGEID="689786999" HOUSENUM="157" HOUSETYPE="1" OPERTYPEID="30" PREVID="8452957" NEXTID="0" UPDATEDATE="2025-10-01" STARTDATE="2025-10-01" ENDDATE="2079-06-06" ISACTUAL="1" ISACTIVE="0" /><HOUSE ID="129185472" OBJECTID="15040697" OBJECTGUID="24bd5b1e-c3ac-4195-8876-0bdbee68b905" CHANGEID="689787000" HOUSENUM="156" HOUSETYPE="1" OPERTYPEID="30" PREVID="8454052" NEXTID="0" UPDATEDATE="2025-10-01" STARTDATE="2025-10-01" ENDDATE="2079-06-06" ISACTUAL="1" ISACTIVE="0" /><HOUSE ID="129185473" OBJECTID="14955762" OBJECTGUID="3ce9e242-3895-447d-9b47-3171e12633e7" CHANGEID="689787001" HOUSENUM="148" HOUSETYPE="1" OPERTYPEID="30" PREVID="8394828" NEXTID="0" UPDATEDATE="2025-10-01" STARTDATE="2025-10-01" ENDDATE="2079-06-06" ISACTUAL="1" ISACTIVE="0" /><HOUSE ID="129185474" OBJECTID="14956459" OBJECTGUID="392522aa-5eea-4287-9a2d-3e0b299513d0" CHANGEID="689787002" HOUSENUM="120" HOUSETYPE="1" OPERTYPEID="30" PREVID="8395145" NEXTID="0" UPDATEDATE="2025-10-01" STARTDATE="2025-10-01" ENDDATE="2079-06-06" ISACTUAL="1" ISACTIVE="0" /><HOUSE ID="129185475" OBJECTID="14959787" OBJECTGUID="def0a3b4-41f0-4338-9b75-57d429e345fc" CHANGEID="689787003" HOUSENUM="16" HOUSETYPE="1" OPERTYPEID="30" PREVID="8397221" NEXTID="0" UPDATEDATE="2025-10-01" STARTDATE="2025-10-01" ENDDATE="2079-06-06" ISACTUAL="1" ISACTIVE="0" /><HOUSE ID="129185476" OBJECTID="14960510" OBJECTGUID="380fd62e-dba0-4e53-8fea-5ce65f408a95" CHANGEID="689787004" HOUSENUM="110" HOUSETYPE="1" OPERTYPEID="30" PREVID="8397738" NEXTID="0" UPDATEDATE="2025-10-01" STARTDATE="2025-10-01" ENDDATE="2079-06-06" ISACTUAL="1" ISACTIVE="0" /><HOUSE ID="129185477" OBJECTID="14961888" OBJECTGUID="c86437ab-92f9-4d83-868b-e438c3b59c8d" CHANGEID="689787005" HOUSENUM="162" HOUSETYPE="1" OPERTYPEID="30" PREVID="8398771" NEXTID="0" UPDATEDATE="2025-10-01" STARTDATE="2025-10-01" ENDDATE="2079-06-06" ISACTUAL="1" ISACTIVE="0" /><HOUSE ID="129185478" OBJECTID="14966302" OBJECTGUID="14eddc37-e34b-478a-8f0c-641a276b577f" CHANGEID="689787006" HOUSENUM="151" HOUSETYPE="1" OPERTYPEID="30" PREVID="8402002" NEXTID="0" UPDATEDATE="2025-10-01" STARTDATE="2025-10-01" ENDDATE="2079-06-06" ISACTUAL="1" ISACTIVE="0" /><HOUSE ID="129185907" OBJECTID="174976877" OBJECTGUID="fd9073aa-bc14-43d7-b851-4cb584c836ee" CHANGEID="689790744" HOUSENUM="38" HOUSETYPE="2" OPERTYPEID="10" PREVID="0" NEXTID="0" UPDATEDATE="2025-10-01" STARTDATE="2025-10-01" ENDDATE="2079-06-06" ISACTUAL="1" ISACTIVE="1" /><HOUSE ID="129185916" OBJECTID="174976893" OBJECTGUID="c47da543-8b45-4b89-9333-be16507b75af" CHANGEID="689790768" HOUSENUM="13" HOUSETYPE="2" OPERTYPEID="10" PREVID="0" NEXTID="0" UPDATEDATE="2025-10-01" STARTDATE="2025-10-01" ENDDATE="2079-06-06" ISACTUAL="1" ISACTIVE="1" /><HOUSE ID="129185895" OBJECTID="174976847" OBJECTGUID="b025bec4-b146-4de6-8126-53ad8d37cb7a" CHANGEID="689790701" HOUSENUM="8" HOUSETYPE="2" OPERTYPEID="10" PREVID="0" NEXTID="0" UPDATEDATE="2025-10-01" STARTDATE="2025-10-01" ENDDATE="2079-06-06" ISACTUAL="1" ISACTIVE="1" /><HOUSE ID="129185928" OBJECTID="174976922" OBJECTGUID="d2dddb5d-07f5-4e00-9bd2-e1a84e2f9a45" CHANGEID="689790810" HOUSENUM="14А" HOUSETYPE="2" OPERTYPEID="10" PREVID="0" NEXTID="0" UPDATEDATE="2025-10-01" STARTDATE="2025-10-01" ENDDATE="2079-06-06" ISACTUAL="1" ISACTIVE="1" /><HOUSE ID="129186303" OBJECTID="174978947" OBJECTGUID="e6d92868-5a72-48d2-992e-0ed6c06b0452" CHANGEID="689793958" HOUSENUM="109" HOUSETYPE="2" OPERTYPEID="10" PREVID="0" NEXTID="0" UPDATEDATE="2025-10-01" STARTDATE="2025-10-01" ENDDATE="2079-06-06" ISACTUAL="1" ISACTIVE="1" /><HOUSE ID="129186313" OBJECTID="14955447" OBJECTGUID="8e4536c9-921f-4aff-a25a-c990d83880bf" CHANGEID="689793979" HOUSENUM="188" HOUSETYPE="1" OPERTYPEID="30" PREVID="8394695" NEXTID="0" UPDATEDATE="2025-10-01" STARTDATE="2025-10-01" ENDDATE="2079-06-06" ISACTUAL="1" ISACTIVE="0" /><HOUSE ID="129186314" OBJECTID="14955691" OBJECTGUID="964bc1db-e163-4251-88a5-cf06a5297f73" CHANGEID="689793980" HOUSENUM="198" HOUSETYPE="1" OPERTYPEID="30" PREVID="8394804" NEXTID="0" UPDATEDATE="2025-10-01" STARTDATE="2025-10-01" ENDDATE="2079-06-06" ISACTUAL="1" ISACTIVE="0" /><HOUSE ID="129186315" OBJECTID="14955801" OBJECTGUID="e2e36391-dd4b-4168-bbfe-d1a6d2030ebd" CHANGEID="689793981" HOUSENUM="186" HOUSETYPE="1" OPERTYPEID="30" PREVID="8394844" NEXTID="0" UPDATEDATE="2025-10-01" STARTDATE="2025-10-01" ENDDATE="2079-06-06" ISACTUAL="1" ISACTIVE="0" /><HOUSE ID="129186316" OBJECTID="14956019" OBJECTGUID="c78fe854-1705-4109-b700-3519e6e3abe0" CHANGEID="689793982" HOUSENUM="196" HOUSETYPE="1" OPERTYPEID="30" PREVID="8394937" NEXTID="0" UPDATEDATE="2025-10-01" STARTDATE="2025-10-01" ENDDATE="2079-06-06" ISACTUAL="1" ISACTIVE="0" /><HOUSE ID="8394937" OBJECTID="14956019" OBJECTGUID="c78fe854-1705-4109-b700-3519e6e3abe0" CHANGEID="23865190" HOUSENUM="196" HOUSETYPE="1" OPERTYPEID="10" PREVID="0" NEXTID="129186316" UPDATEDATE="2025-10-01" STARTDATE="2013-03-01" ENDDATE="2025-10-01" ISACTUAL="0" ISACTIVE="0" /><HOUSE ID="129186317" OBJECTID="14956312" OBJECTGUID="1bc38f0c-0d19-4bab-909b-d8ba22516932" CHANGEID="689793983" HOUSENUM="168" HOUSETYPE="1" OPERTYPEID="30" PREVID="8395080" NEXTID="0" UPDATEDATE="2025-10-01" STARTDATE="2025-10-01" ENDDATE="2079-06-06" ISACTUAL="1" ISACTIVE="0" /><HOUSE ID="8395080" OBJECTID="14956312" OBJECTGUID="1bc38f0c-0d19-4bab-909b-d8ba22516932" CHANGEID="23865589" HOUSENUM="168" HOUSETYPE="1" OPERTYPEID="10" PREVID="0" NEXTID="129186317" UPDATEDATE="2025-10-01" STARTDATE="2013-03-01" ENDDATE="2025-10-01" ISACTUAL="0" ISACTIVE="0" /><HOUSE ID="129186318" OBJECTID="14956321" OBJECTGUID="257a8743-1acf-4e98-b4b6-d92512ce9ddf" CHANGEID="689793984" HOUSENUM="176" HOUSETYPE="1" OPERTYPEID="30" PREVID="8395085" NEXTID="0" UPDATEDATE="2025-10-01" STARTDATE="2025-10-01" ENDDATE="2079-06-06" ISACTUAL="1" ISACTIVE="0" /><HOUSE ID="8395085" OBJECTID="14956321" OBJECTGUID="257a8743-1acf-4e98-b4b6-d92512ce9ddf" CHANGEID="23865607" HOUSENUM="176" HOUSETYPE="1" OPERTYPEID="10" PREVID="0" NEXTID="129186318" UPDATEDATE="2025-10-01" STARTDATE="2013-03-01" ENDDATE="2025-10-01" ISACTUAL="0" ISACTIVE="0" /><HOUSE ID="129186319" OBJECTID="14956564" OBJECTGUID="42473ccf-2f30-4471-a5b8-d9602f044eba" CHANGEID="689793985" HOUSENUM="165" HOUSETYPE="1" OPERTYPEID="30" PREVID="8395210" NEXTID="0" UPDATEDATE="2025-10-01" STARTDATE="2025-10-01" ENDDATE="2079-06-06" ISACTUAL="1" ISACTIVE="0" /><HOUSE ID="129186320" OBJECTID="14957794" OBJECTGUID="497291e9-638e-440a-8eb7-4918c9dbaf18" CHANGEID="689793986" HOUSENUM="183" HOUSETYPE="1" OPERTYPEID="30" PREVID="8396064" NEXTID="0" UPDATEDATE="2025-10-01" STARTDATE="2025-10-01" ENDDATE="2079-06-06" ISACTUAL="1" ISACTIVE="0" /><HOUSE ID="129186321" OBJECTID="14959029" OBJECTGUID="59f541da-fd42-4987-b7e7-4ed2d017a11a" CHANGEID="689793987" HOUSENUM="193" HOUSETYPE="1" OPERTYPEID="30" PREVID="8396766" NEXTID="0" UPDATEDATE="2025-10-01" STARTDATE="2025-10-01" ENDDATE="2079-06-06" ISACTUAL="1" ISACTIVE="0" /><HOUSE ID="129186322" OBJECTID="14961498" OBJECTGUID="5596c7af-1ea9-491c-95d4-60e83749bd36" CHANGEID="689793988" HOUSENUM="166" HOUSETYPE="1" OPERTYPEID="30" PREVID="8398414" NEXTID="0" UPDATEDATE="2025-10-01" STARTDATE="2025-10-01" ENDDATE="2079-06-06" ISACTUAL="1" ISACTIVE="0" /><HOUSE ID="129186323" OBJECTID="14962083" OBJECTGUID="2e3b5554-aaf5-4114-9db8-e4d6ba66bd44" CHANGEID="689793989" HOUSENUM="192" HOUSETYPE="1" OPERTYPEID="30" PREVID="8399041" NEXTID="0" UPDATEDATE="2025-10-01" STARTDATE="2025-10-01" ENDDATE="2079-06-06" ISACTUAL="1" ISACTIVE="0" /><HOUSE ID="8399041" OBJECTID="14962083" OBJECTGUID="2e3b5554-aaf5-4114-9db8-e4d6ba66bd44" CHANGEID="23874461" HOUSENUM="192" HOUSETYPE="1" OPERTYPEID="10" PREVID="0" NEXTID="129186323" UPDATEDATE="2025-10-01" STARTDATE="2013-03-01" ENDDATE="2025-10-01" ISACTUAL="0" ISACTIVE="0" /><HOUSE ID="129186324" OBJECTID="14967086" OBJECTGUID="35209730-4bd3-4e21-ac5c-672ad4cbffb3" CHANGEID="689793990" HOUSENUM="180" HOUSETYPE="1" OPERTYPEID="30" PREVID="8402467" NEXTID="0" UPDATEDATE="2025-10-01" STARTDATE="2025-10-01" ENDDATE="2079-06-06" ISACTUAL="1" ISACTIVE="0" /><HOUSE ID="129186325" OBJECTID="14968231" OBJECTGUID="b27c43bc-551f-4e03-adfd-e6f954b4ca2f" CHANGEID="689793991" HOUSENUM="175" HOUSETYPE="1" OPERTYPEID="30" PREVID="8403231" NEXTID="0" UPDATEDATE="2025-10-01" STARTDATE="2025-10-01" ENDDATE="2079-06-06" ISACTUAL="1" ISACTIVE="0" /><HOUSE ID="129186326" OBJECTID="14969721" OBJECTGUID="f465803c-5e25-4207-9b32-ed579c039386" CHANGEID="689793992" HOUSENUM="199" HOUSETYPE="1" OPERTYPEID="30" PREVID="8403990" NEXTID="0" UPDATEDATE="2025-10-01" STARTDATE="2025-10-01" ENDDATE="2079-06-06" ISACTUAL="1" ISACTIVE="0" /><HOUSE ID="129186327" OBJECTID="14970527" OBJECTGUID="40a475b0-725b-43d7-95bb-6eec9f514e7e" CHANGEID="689793993" HOUSENUM="187" HOUSETYPE="1" OPERTYPEID="30" PREVID="8404734" NEXTID="0" UPDATEDATE="2025-10-01" STARTDATE="2025-10-01" ENDDATE="2079-06-06" ISACTUAL="1" ISACTIVE="0" /><HOUSE ID="129186328" OBJECTID="14970922" OBJECTGUID="3b7fa08a-36d4-4da4-be5a-f5cd5c58acb0" CHANGEID="689793994" HOUSENUM="171" HOUSETYPE="1" OPERTYPEID="30" PREVID="8405226" NEXTID="0" UPDATEDATE="2025-10-01" STARTDATE="2025-10-01" ENDDATE="2079-06-06" ISACTUAL="1" ISACTIVE="0" /><HOUSE ID="129186329" OBJECTID="14971153" OBJECTGUID="f81af788-b2ea-4716-9f3b-7434b2b63ced" CHANGEID="689793995" HOUSENUM="179" HOUSETYPE="1" OPERTYPEID="30" PREVID="8405275" NEXTID="0" UPDATEDATE="2025-10-01" STARTDATE="2025-10-01" ENDDATE="2079-06-06" ISACTUAL="1" ISACTIVE="0" /><HOUSE ID="129186330" OBJECTID="14971733" OBJECTGUID="37ed9fb4-5b61-4ffb-a87c-75af4fb24ad1" CHANGEID="689793996" HOUSENUM="197" HOUSETYPE="1" OPERTYPEID="30" PREVID="8405757" NEXTID="0" UPDATEDATE="2025-10-01" STARTDATE="2025-10-01" ENDDATE="2079-06-06" ISACTUAL="1" ISACTIVE="0" /><HOUSE ID="8405757" OBJECTID="14971733" OBJECTGUID="37ed9fb4-5b61-4ffb-a87c-75af4fb24ad1" CHANGEID="23889380" HOUSENUM="197" HOUSETYPE="1" OPERTYPEID="10" PREVID="0" NEXTID="129186330" UPDATEDATE="2025-10-01" STARTDATE="2013-03-01" ENDDATE="2025-10-01" ISACTUAL="0" ISACTIVE="0" /><HOUSE ID="129186331" OBJECTID="14972636" OBJECTGUID="0319dfa1-cd85-423b-ae8f-fac38a850f47" CHANGEID="689793997" HOUSENUM="194" HOUSETYPE="1" OPERTYPEID="30" PREVID="8406421" NEXTID="0" UPDATEDATE="2025-10-01" STARTDATE="2025-10-01" ENDDATE="2079-06-06" ISACTUAL="1" ISACTIVE="0" /><HOUSE ID="129186332" OBJECTID="14972905" OBJECTGUID="52e9e798-22b4-43db-b197-fba4b8c44fa2" CHANGEID="689793998" HOUSENUM="178" HOUSETYPE="1" OPERTYPEID="30" PREVID="8406684" NEXTID="0" UPDATEDATE="2025-10-01" STARTDATE="2025-10-01" ENDDATE="2079-06-06" ISACTUAL="1" ISACTIVE="0" /><HOUSE ID="8406684" OBJECTID="14972905" OBJECTGUID="52e9e798-22b4-43db-b197-fba4b8c44fa2" CHANGEID="23891305" HOUSENUM="178" HOUSETYPE="1" OPERTYPEID="10" PREVID="0" NEXTID="129186332" UPDATEDATE="2025-10-01" STARTDATE="2013-03-01" ENDDATE="2025-10-01" ISACTUAL="0" ISACTIVE="0" /><HOUSE ID="129186333" OBJECTID="14974714" OBJECTGUID="f02ec038-7cc8-4624-8709-8855d8d56159" CHANGEID="689793999" HOUSENUM="182" HOUSETYPE="1" OPERTYPEID="30" PREVID="8409569" NEXTID="0" UPDATEDATE="2025-10-01" STARTDATE="2025-10-01" ENDDATE="2079-06-06" ISACTUAL="1" ISACTIVE="0" /><HOUSE ID="129186334" OBJECTID="14981307" OBJECTGUID="1c160e22-2ca6-4fdd-a6d4-fec94264f715" CHANGEID="689794000" HOUSENUM="174" HOUSETYPE="1" OPERTYPEID="30" PREVID="8413336" NEXTID="0" UPDATEDATE="2025-10-01" STARTDATE="2025-10-01" ENDDATE="2079-06-06" ISACTUAL="1" ISACTIVE="0" /><HOUSE ID="129186335" OBJECTID="14984600" OBJECTGUID="907959d7-e4ff-420b-9124-9358a45672e9" CHANGEID="689794001" HOUSENUM="200" HOUSETYPE="1" OPERTYPEID="30" PREVID="8415591" NEXTID="0" UPDATEDATE="2025-10-01" STARTDATE="2025-10-01" ENDDATE="2079-06-06" ISACTUAL="1" ISACTIVE="0" /><HOUSE ID="129186336" OBJECTID="14986635" OBJECTGUID="dec2cce6-ea8d-451f-a7d7-962329ea6c7b" CHANGEID="689794002" HOUSENUM="184" HOUSETYPE="1" OPERTYPEID="30" PREVID="8416812" NEXTID="0" UPDATEDATE="2025-10-01" STARTDATE="2025-10-01" ENDDATE="2079-06-06" ISACTUAL="1" ISACTIVE="0" /><HOUSE ID="8416812" OBJECTID="14986635" OBJECTGUID="dec2cce6-ea8d-451f-a7d7-962329ea6c7b" CHANGEID="23913076" HOUSENUM="184" HOUSETYPE="1" OPERTYPEID="10" PREVID="0" NEXTID="129186336" UPDATEDATE="2025-10-01" STARTDATE="2013-03-01" ENDDATE="2025-10-01" ISACTUAL="0" ISACTIVE="0" /><HOUSE ID="129186337" OBJECTID="14993699" OBJECTGUID="8ef26070-706b-46cc-89d7-a85ae5b4f683" CHANGEID="689794003" HOUSENUM="181" HOUSETYPE="1" OPERTYPEID="30" PREVID="8421382" NEXTID="0" UPDATEDATE="2025-10-01" STARTDATE="2025-10-01" ENDDATE="2079-06-06" ISACTUAL="1" ISACTIVE="0" /><HOUSE ID="129186338" OBJECTID="14996260" OBJECTGUID="b8a09dd2-9028-4f75-a743-b2e7736ab172" CHANGEID="689794004" HOUSENUM="173" HOUSETYPE="1" OPERTYPEID="30" PREVID="8423435" NEXTID="0" UPDATEDATE="2025-10-01" STARTDATE="2025-10-01" ENDDATE="2079-06-06" ISACTUAL="1" ISACTIVE="0" /><HOUSE ID="8423435" OBJECTID="14996260" OBJECTGUID="b8a09dd2-9028-4f75-a743-b2e7736ab172" CHANGEID="23927702" HOUSENUM="173" HOUSETYPE="1" OPERTYPEID="10" PREVID="0" NEXTID="129186338" UPDATEDATE="2025-10-01" STARTDATE="2013-03-01" ENDDATE="2025-10-01" ISACTUAL="0" ISACTIVE="0" /><HOUSE ID="129186339" OBJECTID="14998207" OBJECTGUID="a7108011-57a8-48f3-b9fd-b77a58bee886" CHANGEID="689794005" HOUSENUM="195" HOUSETYPE="1" OPERTYPEID="30" PREVID="8424781" NEXTID="0" UPDATEDATE="2025-10-01" STARTDATE="2025-10-01" ENDDATE="2079-06-06" ISACTUAL="1" ISACTIVE="0" /><HOUSE ID="8424781" OBJECTID="14998207" OBJECTGUID="a7108011-57a8-48f3-b9fd-b77a58bee886" CHANGEID="23930677" HOUSENUM="195" HOUSETYPE="1" OPERTYPEID="10" PREVID="0" NEXTID="129186339" UPDATEDATE="2025-10-01" STARTDATE="2013-03-01" ENDDATE="2025-10-01" ISACTUAL="0" ISACTIVE="0" /><HOUSE ID="129186340" OBJECTID="14999813" OBJECTGUID="3d36cf1a-fdeb-4764-ba13-bbfc50c7f681" CHANGEID="689794006" HOUSENUM="190" HOUSETYPE="1" OPERTYPEID="30" PREVID="8425587" NEXTID="0" UPDATEDATE="2025-10-01" STARTDATE="2025-10-01" ENDDATE="2079-06-06" ISACTUAL="1" ISACTIVE="0" /><HOUSE ID="8425587" OBJECTID="14999813" OBJECTGUID="3d36cf1a-fdeb-4764-ba13-bbfc50c7f681" CHANGEID="23932983" HOUSENUM="190" HOUSETYPE="1" OPERTYPEID="10" PREVID="0" NEXTID="129186340" UPDATEDATE="2025-10-01" STARTDATE="2013-03-01" ENDDATE="2025-10-01" ISACTUAL="0" ISACTIVE="0" /><HOUSE ID="129186341" OBJECTID="15002393" OBJECTGUID="eee83d08-0416-4dd9-8c36-c235ae08b8e7" CHANGEID="689794007" HOUSENUM="191" HOUSETYPE="1" OPERTYPEID="30" PREVID="8427297" NEXTID="0" UPDATEDATE="2025-10-01" STARTDATE="2025-10-01" ENDDATE="2079-06-06" ISACTUAL="1" ISACTIVE="0" /><HOUSE ID="8427297" OBJECTID="15002393" OBJECTGUID="eee83d08-0416-4dd9-8c36-c235ae08b8e7" CHANGEID="23936857" HOUSENUM="191" HOUSETYPE="1" OPERTYPEID="10" PREVID="0" NEXTID="129186341" UPDATEDATE="2025-10-01" STARTDATE="2013-03-01" ENDDATE="2025-10-01" ISACTUAL="0" ISACTIVE="0" /><HOUSE ID="129186342" OBJECTID="15002928" OBJECTGUID="7da25f0a-b1d3-4cd5-847d-c29047833da3" CHANGEID="689794008" HOUSENUM="177" HOUSETYPE="1" OPERTYPEID="30" PREVID="8427789" NEXTID="0" UPDATEDATE="2025-10-01" STARTDATE="2025-10-01" ENDDATE="2079-06-06" ISACTUAL="1" ISACTIVE="0" /><HOUSE ID="8427789" OBJECTID="15002928" OBJECTGUID="7da25f0a-b1d3-4cd5-847d-c29047833da3" CHANGEID="23937835" HOUSENUM="177" HOUSETYPE="1" OPERTYPEID="10" PREVID="0" NEXTID="129186342" UPDATEDATE="2025-10-01" STARTDATE="2013-03-01" ENDDATE="2025-10-01" ISACTUAL="0" ISACTIVE="0" /><HOUSE ID="129186343" OBJECTID="15003358" OBJECTGUID="61694d3b-ea5c-4b0a-ab2d-c421d3350fd4" CHANGEID="689794009" HOUSENUM="172" HOUSETYPE="1" OPERTYPEID="30" PREVID="8428084" NEXTID="0" UPDATEDATE="2025-10-01" STARTDATE="2025-10-01" ENDDATE="2079-06-06" ISACTUAL="1" ISACTIVE="0" /><HOUSE ID="129186344" OBJECTID="15004164" OBJECTGUID="ac6f6c63-a4e8-4e6a-a7ab-c955de4a640b" CHANGEID="689794010" HOUSENUM="170" HOUSETYPE="1" OPERTYPEID="30" PREVID="8428721" NEXTID="0" UPDATEDATE="2025-10-01" STARTDATE="2025-10-01" ENDDATE="2079-06-06" ISACTUAL="1" ISACTIVE="0" /><HOUSE ID="129186345" OBJECTID="15041364" OBJECTGUID="a5025c88-f086-4a7c-b264-14168c083e1f" CHANGEID="689794011" HOUSENUM="185" HOUSETYPE="1" OPERTYPEID="30" PREVID="8454435" NEXTID="0" UPDATEDATE="2025-10-01" STARTDATE="2025-10-01" ENDDATE="2079-06-06" ISACTUAL="1" ISACTIVE="0" /><HOUSE ID="129186346" OBJECTID="15044786" OBJECTGUID="82eb04e0-85b0-4b5f-a36b-1ca4c03c0138" CHANGEID="689794012" HOUSENUM="167" HOUSETYPE="1" OPERTYPEID="30" PREVID="8456823" NEXTID="0" UPDATEDATE="2025-10-01" STARTDATE="2025-10-01" ENDDATE="2079-06-06" ISACTUAL="1" ISACTIVE="0" /><HOUSE ID="129186347" OBJECTID="15045131" OBJECTGUID="820ee6e3-dae9-44a8-a4ad-1e7712e1f690" CHANGEID="689794013" HOUSENUM="189" HOUSETYPE="1" OPERTYPEID="30" PREVID="8457022" NEXTID="0" UPDATEDATE="2025-10-01" STARTDATE="2025-10-01" ENDDATE="2079-06-06" ISACTUAL="1" ISACTIVE="0" /><HOUSE ID="129186348" OBJECTID="15049644" OBJECTGUID="bf496efe-5f9a-4c57-878e-217970ba11f6" CHANGEID="689794014" HOUSENUM="169" HOUSETYPE="1" OPERTYPEID="30" PREVID="8460410" NEXTID="0" UPDATEDATE="2025-10-01" STARTDATE="2025-10-01" ENDDATE="2079-06-06" ISACTUAL="1" ISACTIVE="0" /><HOUSE ID="129186356" OBJECTID="174979014" OBJECTGUID="6d1856de-0f4c-44e8-bf1c-1b2da81d6e59" CHANGEID="689794086" HOUSENUM="4" HOUSETYPE="2" OPERTYPEID="10" PREVID="0" NEXTID="0" UPDATEDATE="2025-10-01" STARTDATE="2025-10-01" ENDDATE="2079-06-06" ISACTUAL="1" ISACTIVE="1" /><HOUSE ID="129186360" OBJECTID="174979020" OBJECTGUID="c5399862-ace9-4eed-8537-9f0e80dc2dea" CHANGEID="689794099" HOUSENUM="3в" HOUSETYPE="2" OPERTYPEID="10" PREVID="0" NEXTID="0" UPDATEDATE="2025-10-01" STARTDATE="2025-10-01" ENDDATE="2079-06-06" ISACTUAL="1" ISACTIVE="1" /><HOUSE ID="129186366" OBJECTID="174979027" OBJECTGUID="f7858ec1-87df-4247-8d3d-2c38e1fc62f9" CHANGEID="689794113" HOUSENUM="6/1" HOUSETYPE="7" OPERTYPEID="10" PREVID="0" NEXTID="0" UPDATEDATE="2025-10-01" STARTDATE="2025-10-01" ENDDATE="2079-06-06" ISACTUAL="1" ISACTIVE="1" /><HOUSE ID="129186757" OBJECTID="174980420" OBJECTGUID="432132e0-d51c-4796-a909-57206967f7c2" CHANGEID="689796622" HOUSENUM="184А" HOUSETYPE="2" OPERTYPEID="10" PREVID="0" NEXTID="0" UPDATEDATE="2025-10-01" STARTDATE="2025-10-01" ENDDATE="2079-06-06" ISACTUAL="1" ISACTIVE="1" /><HOUSE ID="129187234" OBJECTID="174981215" OBJECTGUID="f5a30d19-87be-4370-99a0-1f5abaa6d050" CHANGEID="689799021" HOUSENUM="10" HOUSETYPE="2" OPERTYPEID="10" PREVID="0" NEXTID="0" UPDATEDATE="2025-10-01" STARTDATE="2025-10-01" ENDDATE="2079-06-06" ISACTUAL="1" ISACTIVE="1" /><HOUSE ID="129187301" OBJECTID="50416363" OBJECTGUID="05840434-3b76-4ce8-8234-4c5aae99353e" CHANGEID="689799620" HOUSENUM="62" HOUSETYPE="2" OPERTYPEID="30" PREVID="51771554" NEXTID="0" UPDATEDATE="2025-10-01" STARTDATE="2025-10-01" ENDDATE="2079-06-06" ISACTUAL="1" ISACTIVE="0" /><HOUSE ID="129188298" OBJECTID="174983805" OBJECTGUID="d3863861-0791-4ebf-8a0a-4e873c55deb2" CHANGEID="689804628" HOUSENUM="8" HOUSETYPE="2" OPERTYPEID="10" PREVID="0" NEXTID="0" UPDATEDATE="2025-10-01" STARTDATE="2025-10-01" ENDDATE="2079-06-06" ISACTUAL="1" ISACTIVE="1" /><HOUSE ID="129188343" OBJECTID="50979310" OBJECTGUID="91195faa-5439-4978-84c4-5cde47938118" CHANGEID="689805125" HOUSENUM="47/1" HOUSETYPE="2" OPERTYPEID="20" PREVID="125240146" UPDATEDATE="2025-10-01" STARTDATE="2025-10-01" ENDDATE="2079-06-06" ISACTUAL="1" ISACTIVE="1" /><HOUSE ID="129188361" OBJECTID="50974340" OBJECTGUID="41a6e538-7493-4aa2-9e74-2ba87b972ae6" CHANGEID="689805375" HOUSENUM="20" HOUSETYPE="2" OPERTYPEID="20" PREVID="30458396" UPDATEDATE="2025-10-01" STARTDATE="2025-10-01" ENDDATE="2079-06-06" ISACTUAL="1" ISACTIVE="1" /><HOUSE ID="129188367" OBJECTID="174983981" OBJECTGUID="c939f46c-aa5e-4ae9-9aaa-7d7799e3dd1b" CHANGEID="689805393" HOUSENUM="20/1" HOUSETYPE="2" OPERTYPEID="10" PREVID="0" NEXTID="0" UPDATEDATE="2025-10-01" STARTDATE="2025-10-01" ENDDATE="2079-06-06" ISACTUAL="1" ISACTIVE="1" /><HOUSE ID="129188370" OBJECTID="174983990" OBJECTGUID="4d142c00-c2f1-4f9f-9226-105a3fb8cb49" CHANGEID="689805414" HOUSENUM="19/1" HOUSETYPE="2" OPERTYPEID="10" PREVID="0" NEXTID="0" UPDATEDATE="2025-10-01" STARTDATE="2025-10-01" ENDDATE="2079-06-06" ISACTUAL="1" ISACTIVE="1" /><HOUSE ID="129188401" OBJECTID="174984056" OBJECTGUID="c8a847a0-5f1e-419a-a0a6-cf13025c9fa2" CHANGEID="689805518" HOUSENUM="1В" HOUSETYPE="2" OPERTYPEID="10" PREVID="0" NEXTID="0" UPDATEDATE="2025-10-01" STARTDATE="2025-10-01" ENDDATE="2079-06-06" ISACTUAL="1" ISACTIVE="1" /><HOUSE ID="129188631" OBJECTID="174985089" OBJECTGUID="103de15c-db2a-4464-a309-98bae20f0094" CHANGEID="689807479" HOUSENUM="5А" HOUSETYPE="2" OPERTYPEID="10" PREVID="0" NEXTID="0" UPDATEDATE="2025-10-01" STARTDATE="2025-10-01" ENDDATE="2079-06-06" ISACTUAL="1" ISACTIVE="1" /><HOUSE ID="129188982" OBJECTID="174986027" OBJECTGUID="2a0c90a0-96e8-4bdf-a788-8182e04066a5" CHANGEID="689809566" HOUSENUM="47" HOUSETYPE="2" OPERTYPEID="10" PREVID="0" NEXTID="0" UPDATEDATE="2025-10-01" STARTDATE="2025-10-01" ENDDATE="2079-06-06" ISACTUAL="1" ISACTIVE="1" /><HOUSE ID="129188983" OBJECTID="174986033" OBJECTGUID="114c36f0-dd0c-4449-b890-a3e45c2f8210" CHANGEID="689809578" HOUSENUM="6" HOUSETYPE="2" OPERTYPEID="10" PREVID="0" NEXTID="0" UPDATEDATE="2025-10-01" STARTDATE="2025-10-01" ENDDATE="2079-06-06" ISACTUAL="1" ISACTIVE="1" /><HOUSE ID="129189303" OBJECTID="50515460" OBJECTGUID="dbe0a362-e93b-41b1-8bd7-f49f115d67d1" CHANGEID="689810616" HOUSENUM="6" HOUSETYPE="2" OPERTYPEID="30" PREVID="66956417" NEXTID="0" UPDATEDATE="2025-10-01" STARTDATE="2025-10-01" ENDDATE="2079-06-06" ISACTUAL="1" ISACTIVE="0" /><HOUSE ID="129189305" OBJECTID="161494009" OBJECTGUID="8bda5c87-500c-4ff3-82ea-694b1aae9d7b" CHANGEID="689810695" HOUSENUM="66" HOUSETYPE="2" OPERTYPEID="40" PREVID="125240139" UPDATEDATE="2025-10-01" STARTDATE="2025-10-01" ENDDATE="2079-06-06" ISACTUAL="1" ISACTIVE="1" /><HOUSE ID="579433" OBJECTID="2417105" OBJECTGUID="4ef29a8c-8ade-4ef3-8756-8772c62d77bc" CHANGEID="5455044" HOUSENUM="66" HOUSETYPE="2" OPERTYPEID="10" PREVID="0" NEXTID="129189306" UPDATEDATE="2025-10-01" STARTDATE="2017-04-27" ENDDATE="2025-10-01" ISACTUAL="0" ISACTIVE="0" /><HOUSE ID="129189306" OBJECTID="2417105" OBJECTGUID="4ef29a8c-8ade-4ef3-8756-8772c62d77bc" CHANGEID="689810696" HOUSENUM="66" HOUSETYPE="2" OPERTYPEID="42" PREVID="579433" NEXTID="129189305" UPDATEDATE="2025-10-01" STARTDATE="2025-10-01" ENDDATE="2079-06-06" ISACTUAL="1" ISACTIVE="0" /><HOUSE ID="129189308" OBJECTID="174986678" OBJECTGUID="901d73b9-d999-42b2-a4e9-47902c798a25" CHANGEID="689810699" HOUSENUM="97/3" HOUSETYPE="2" OPERTYPEID="10" PREVID="0" NEXTID="0" UPDATEDATE="2025-10-01" STARTDATE="2025-10-01" ENDDATE="2079-06-06" ISACTUAL="1" ISACTIVE="1" /><HOUSE ID="129189346" OBJECTID="174986817" OBJECTGUID="c911b859-4aab-4894-8272-ce58d86e7969" CHANGEID="689810907" HOUSENUM="7б" HOUSETYPE="2" OPERTYPEID="10" PREVID="0" NEXTID="0" UPDATEDATE="2025-10-01" STARTDATE="2025-10-01" ENDDATE="2079-06-06" ISACTUAL="1" ISACTIVE="1" /><HOUSE ID="129189485" OBJECTID="174987732" OBJECTGUID="f98d7b3f-5b38-4c36-a131-8dd5e057daf1" CHANGEID="689812017" HOUSENUM="201" HOUSETYPE="2" OPERTYPEID="10" PREVID="0" NEXTID="0" UPDATEDATE="2025-10-01" STARTDATE="2025-10-01" ENDDATE="2079-06-06" ISACTUAL="1" ISACTIVE="1" /><HOUSE ID="129190366" OBJECTID="174990268" OBJECTGUID="26964bc0-b630-4aaf-b6e2-a7923628b65f" CHANGEID="689816883" HOUSENUM="33" HOUSETYPE="2" OPERTYPEID="10" PREVID="0" NEXTID="0" UPDATEDATE="2025-10-01" STARTDATE="2025-10-01" ENDDATE="2079-06-06" ISACTUAL="1" ISACTIVE="1" /><HOUSE ID="129191166" OBJECTID="174992051" OBJECTGUID="df531edf-de70-4640-99fd-fe3485ac3e9f" CHANGEID="689820061" HOUSENUM="24" HOUSETYPE="5" OPERTYPEID="10" PREVID="0" NEXTID="0" UPDATEDATE="2025-10-01" STARTDATE="2025-10-01" ENDDATE="2079-06-06" ISACTUAL="1" ISACTIVE="1" /><HOUSE ID="129191174" OBJECTID="174992066" OBJECTGUID="55ee5ace-bddc-479d-a2c2-db22f1b6e238" CHANGEID="689820081" HOUSENUM="104" HOUSETYPE="2" OPERTYPEID="10" PREVID="0" NEXTID="0" UPDATEDATE="2025-10-01" STARTDATE="2025-10-01" ENDDATE="2079-06-06" ISACTUAL="1" ISACTIVE="1" /><HOUSE ID="129191186" OBJECTID="174992106" OBJECTGUID="2b7ed1ad-1373-4530-a8b5-cd332fe8d1c5" CHANGEID="689820125" HOUSENUM="48А" HOUSETYPE="2" OPERTYPEID="10" PREVID="0" NEXTID="0" UPDATEDATE="2025-10-01" STARTDATE="2025-10-01" ENDDATE="2079-06-06" ISACTUAL="1" ISACTIVE="1" /><HOUSE ID="129191165" OBJECTID="161334616" OBJECTGUID="b4a3f1cc-4ee7-4568-b0ee-c478174de5c3" CHANGEID="689820038" HOUSENUM="64А" ADDNUM1="1" HOUSETYPE="2" ADDTYPE1="2" OPERTYPEID="20" PREVID="125160642" UPDATEDATE="2025-10-01" STARTDATE="2025-10-01" ENDDATE="2079-06-06" ISACTUAL="1" ISACTIVE="1" /><HOUSE ID="129191177" OBJECTID="174992089" OBJECTGUID="a610ed63-b3a7-4707-92bb-af6f263bd055" CHANGEID="689820107" HOUSENUM="147Г" HOUSETYPE="2" OPERTYPEID="10" PREVID="0" NEXTID="0" UPDATEDATE="2025-10-01" STARTDATE="2025-10-01" ENDDATE="2079-06-06" ISACTUAL="1" ISACTIVE="1" /><HOUSE ID="129191420" OBJECTID="174992726" OBJECTGUID="765714a2-1311-4f74-8552-8a9921b33b8b" CHANGEID="689824977" HOUSENUM="64А" HOUSETYPE="2" OPERTYPEID="10" PREVID="0" NEXTID="0" UPDATEDATE="2025-10-01" STARTDATE="2025-10-01" ENDDATE="2079-06-06" ISACTUAL="1" ISACTIVE="1" /></HOUSES>