﻿<?xml version="1.0" encoding="utf-8"?><STEADS><STEAD ID="74172302" OBJECTID="174928664" OBJECTGUID="8492c8b6-a515-4d91-a713-d14147905bdf" CHANGEID="689665897" NUMBER="39" OPERTYPEID="10" PREVID="0" NEXTID="0" UPDATEDATE="2025-09-29" STARTDATE="2025-09-29" ENDDATE="2079-06-06" ISACTUAL="1" ISACTIVE="1" /><STEAD ID="74173423" OBJECTID="174930524" OBJECTGUID="d6bf5eec-3366-49a5-9879-075d4744c3ac" CHANGEID="689669811" NUMBER="76" OPERTYPEID="10" PREVID="0" NEXTID="0" UPDATEDATE="2025-09-29" STARTDATE="2025-09-29" ENDDATE="2079-06-06" ISACTUAL="1" ISACTIVE="1" /><STEAD ID="74173424" OBJECTID="174930525" OBJECTGUID="f8eb0ef6-8b6f-4c4c-b6ac-d962c85c57e1" CHANGEID="689669812" NUMBER="43" OPERTYPEID="10" PREVID="0" NEXTID="0" UPDATEDATE="2025-09-29" STARTDATE="2025-09-29" ENDDATE="2079-06-06" ISACTUAL="1" ISACTIVE="1" /><STEAD ID="74173425" OBJECTID="174930526" OBJECTGUID="9a1183b5-ef16-4317-a58e-17ec6304186b" CHANGEID="689669813" NUMBER="41" OPERTYPEID="10" PREVID="0" NEXTID="0" UPDATEDATE="2025-09-29" STARTDATE="2025-09-29" ENDDATE="2079-06-06" ISACTUAL="1" ISACTIVE="1" /><STEAD ID="74174080" OBJECTID="174931817" OBJECTGUID="ee79911d-fa16-46a4-a842-ddfe72948d03" CHANGEID="689672183" NUMBER="23Б" OPERTYPEID="10" PREVID="0" NEXTID="0" UPDATEDATE="2025-09-29" STARTDATE="2025-09-29" ENDDATE="2079-06-06" ISACTUAL="1" ISACTIVE="1" /><STEAD ID="74174386" OBJECTID="174932401" OBJECTGUID="d71b4a43-f55c-41ef-afe5-d97e8f319246" CHANGEID="689673181" NUMBER="129" OPERTYPEID="10" PREVID="0" NEXTID="0" UPDATEDATE="2025-09-29" STARTDATE="2025-09-29" ENDDATE="2079-06-06" ISACTUAL="1" ISACTIVE="1" /><STEAD ID="74174387" OBJECTID="174932402" OBJECTGUID="7e261ddb-012f-4fd5-9a65-c9f88b286b3a" CHANGEID="689673182" NUMBER="90" OPERTYPEID="10" PREVID="0" NEXTID="0" UPDATEDATE="2025-09-29" STARTDATE="2025-09-29" ENDDATE="2079-06-06" ISACTUAL="1" ISACTIVE="1" /><STEAD ID="74174449" OBJECTID="174932482" OBJECTGUID="f2cea234-78b4-4181-b95d-cdc94143d8fc" CHANGEID="689673279" NUMBER="23В" OPERTYPEID="10" PREVID="0" NEXTID="0" UPDATEDATE="2025-09-29" STARTDATE="2025-09-29" ENDDATE="2079-06-06" ISACTUAL="1" ISACTIVE="1" /><STEAD ID="74175124" OBJECTID="174933763" OBJECTGUID="96203086-6f3b-4940-ab10-798833f73f63" CHANGEID="689675398" NUMBER="96" OPERTYPEID="10" PREVID="0" NEXTID="0" UPDATEDATE="2025-09-29" STARTDATE="2025-09-29" ENDDATE="2079-06-06" ISACTUAL="1" ISACTIVE="1" /><STEAD ID="74175569" OBJECTID="174935174" OBJECTGUID="0b82a8bd-c65b-4ff1-9fd4-e2164b866f64" CHANGEID="689679131" NUMBER="1" OPERTYPEID="10" PREVID="0" NEXTID="0" UPDATEDATE="2025-09-29" STARTDATE="2025-09-29" ENDDATE="2079-06-06" ISACTUAL="1" ISACTIVE="1" /><STEAD ID="74175577" OBJECTID="174935190" OBJECTGUID="4e6c0707-2226-445e-93cc-a979ea68f6d7" CHANGEID="689679163" NUMBER="3" OPERTYPEID="10" PREVID="0" NEXTID="0" UPDATEDATE="2025-09-29" STARTDATE="2025-09-29" ENDDATE="2079-06-06" ISACTUAL="1" ISACTIVE="1" /><STEAD ID="74177901" OBJECTID="174940449" OBJECTGUID="29d9c934-0994-4842-95c5-8a6a698f9709" CHANGEID="689690963" NUMBER="4" OPERTYPEID="10" PREVID="0" NEXTID="0" UPDATEDATE="2025-09-29" STARTDATE="2025-09-29" ENDDATE="2079-06-06" ISACTUAL="1" ISACTIVE="1" /><STEAD ID="74177949" OBJECTID="174940504" OBJECTGUID="742d685b-7cd8-4c5f-b171-9f015d151f98" CHANGEID="689691041" NUMBER="5" OPERTYPEID="10" PREVID="0" NEXTID="0" UPDATEDATE="2025-09-29" STARTDATE="2025-09-29" ENDDATE="2079-06-06" ISACTUAL="1" ISACTIVE="1" /><STEAD ID="74177846" OBJECTID="174940380" OBJECTGUID="68788af5-63ce-4ffd-a388-36f671b1d9c5" CHANGEID="689690864" NUMBER="3" OPERTYPEID="10" PREVID="0" NEXTID="0" UPDATEDATE="2025-09-29" STARTDATE="2025-09-29" ENDDATE="2079-06-06" ISACTUAL="1" ISACTIVE="1" /><STEAD ID="74177964" OBJECTID="174940536" OBJECTGUID="95345ad2-0421-495e-aed6-5136789ed368" CHANGEID="689691167" NUMBER="6" OPERTYPEID="10" PREVID="0" NEXTID="0" UPDATEDATE="2025-09-29" STARTDATE="2025-09-29" ENDDATE="2079-06-06" ISACTUAL="1" ISACTIVE="1" /><STEAD ID="74178016" OBJECTID="174940623" OBJECTGUID="748e7d63-bd1e-4842-8885-0697ff1e30ae" CHANGEID="689691310" NUMBER="29/3" OPERTYPEID="10" PREVID="0" NEXTID="0" UPDATEDATE="2025-09-29" STARTDATE="2025-09-29" ENDDATE="2079-06-06" ISACTUAL="1" ISACTIVE="1" /><STEAD ID="74178082" OBJECTID="174940699" OBJECTGUID="ba058f39-5468-4654-8a4e-01e426455b0a" CHANGEID="689691413" NUMBER="7" OPERTYPEID="10" PREVID="0" NEXTID="0" UPDATEDATE="2025-09-29" STARTDATE="2025-09-29" ENDDATE="2079-06-06" ISACTUAL="1" ISACTIVE="1" /><STEAD ID="74178092" OBJECTID="174940715" OBJECTGUID="fa58646a-3333-4cf7-b72e-d2d1ea5ebba6" CHANGEID="689691523" NUMBER="16" OPERTYPEID="10" PREVID="0" NEXTID="0" UPDATEDATE="2025-09-29" STARTDATE="2025-09-29" ENDDATE="2079-06-06" ISACTUAL="1" ISACTIVE="1" /><STEAD ID="74178151" OBJECTID="174940776" OBJECTGUID="19fb29d1-883e-44c6-b16d-8cc094eff353" CHANGEID="689691594" NUMBER="12" OPERTYPEID="10" PREVID="0" NEXTID="0" UPDATEDATE="2025-09-29" STARTDATE="2025-09-29" ENDDATE="2079-06-06" ISACTUAL="1" ISACTIVE="1" /><STEAD ID="74178444" OBJECTID="174941255" OBJECTGUID="9ba1faf0-9da2-4926-b8e0-aea0cd932823" CHANGEID="689692592" NUMBER="27" OPERTYPEID="10" PREVID="0" NEXTID="0" UPDATEDATE="2025-09-29" STARTDATE="2025-09-29" ENDDATE="2079-06-06" ISACTUAL="1" ISACTIVE="1" /><STEAD ID="74179022" OBJECTID="174942386" OBJECTGUID="6e8f25f8-c97d-4404-922e-3e94ea05bbe3" CHANGEID="689694773" NUMBER="16/2" OPERTYPEID="10" PREVID="0" NEXTID="0" UPDATEDATE="2025-09-29" STARTDATE="2025-09-29" ENDDATE="2079-06-06" ISACTUAL="1" ISACTIVE="1" /><STEAD ID="74179839" OBJECTID="174943741" OBJECTGUID="503ad8db-17d4-450c-8ea0-6ba2ef0ac9fd" CHANGEID="689697073" NUMBER="2" OPERTYPEID="10" PREVID="0" NEXTID="0" UPDATEDATE="2025-09-29" STARTDATE="2025-09-29" ENDDATE="2079-06-06" ISACTUAL="1" ISACTIVE="1" /><STEAD ID="74179945" OBJECTID="174944020" OBJECTGUID="aea068af-33b9-431b-a010-eecfdcf6d5d0" CHANGEID="689697442" NUMBER="7" OPERTYPEID="10" PREVID="0" NEXTID="0" UPDATEDATE="2025-09-29" STARTDATE="2025-09-29" ENDDATE="2079-06-06" ISACTUAL="1" ISACTIVE="1" /><STEAD ID="74180213" OBJECTID="174944673" OBJECTGUID="b6ae0ac0-8658-4546-b7c8-6bf7fb6c53ac" CHANGEID="689699388" NUMBER="47" OPERTYPEID="10" PREVID="0" NEXTID="0" UPDATEDATE="2025-09-29" STARTDATE="2025-09-29" ENDDATE="2079-06-06" ISACTUAL="1" ISACTIVE="1" /><STEAD ID="74184302" OBJECTID="174951390" OBJECTGUID="e054f0fd-d973-472e-a89f-7876850b919d" CHANGEID="689712299" NUMBER="70" OPERTYPEID="10" PREVID="0" NEXTID="0" UPDATEDATE="2025-09-30" STARTDATE="2025-09-30" ENDDATE="2079-06-06" ISACTUAL="1" ISACTIVE="1" /><STEAD ID="74184298" OBJECTID="174951382" OBJECTGUID="635c9376-dcd2-46d4-89df-3cc10f80fcb5" CHANGEID="689712286" NUMBER="65/1" OPERTYPEID="10" PREVID="0" NEXTID="0" UPDATEDATE="2025-09-30" STARTDATE="2025-09-30" ENDDATE="2079-06-06" ISACTUAL="1" ISACTIVE="1" /><STEAD ID="74184300" OBJECTID="174951385" OBJECTGUID="0a21751c-da81-44e0-bd64-d31c8b56aee1" CHANGEID="689712290" NUMBER="18А" OPERTYPEID="10" PREVID="0" NEXTID="0" UPDATEDATE="2025-09-30" STARTDATE="2025-09-30" ENDDATE="2079-06-06" ISACTUAL="1" ISACTIVE="1" /><STEAD ID="74184304" OBJECTID="174951394" OBJECTGUID="a8520698-edfc-4ded-aa3d-90281a028fde" CHANGEID="689712310" NUMBER="322" OPERTYPEID="10" PREVID="0" NEXTID="0" UPDATEDATE="2025-09-30" STARTDATE="2025-09-30" ENDDATE="2079-06-06" ISACTUAL="1" ISACTIVE="1" /><STEAD ID="74184313" OBJECTID="174951415" OBJECTGUID="775ecc7a-7939-4206-a23f-129e70bc7500" CHANGEID="689712374" NUMBER="2" OPERTYPEID="10" PREVID="0" NEXTID="0" UPDATEDATE="2025-09-30" STARTDATE="2025-09-30" ENDDATE="2079-06-06" ISACTUAL="1" ISACTIVE="1" /><STEAD ID="74185446" OBJECTID="174953048" OBJECTGUID="e2263f9d-4991-4cc1-822d-84baccdd0111" CHANGEID="689718674" NUMBER="9" OPERTYPEID="10" PREVID="0" NEXTID="0" UPDATEDATE="2025-09-30" STARTDATE="2025-09-30" ENDDATE="2079-06-06" ISACTUAL="1" ISACTIVE="1" /><STEAD ID="74189102" OBJECTID="174958980" OBJECTGUID="c15412cf-815d-4888-877a-38c08aeb3e05" CHANGEID="689733058" NUMBER="113А" OPERTYPEID="10" PREVID="0" NEXTID="0" UPDATEDATE="2025-09-30" STARTDATE="2025-09-30" ENDDATE="2079-06-06" ISACTUAL="1" ISACTIVE="1" /><STEAD ID="74189592" OBJECTID="174959927" OBJECTGUID="77716cde-dbc0-464e-98b6-ac24654becdc" CHANGEID="689734896" NUMBER="162а" OPERTYPEID="10" PREVID="0" NEXTID="0" UPDATEDATE="2025-09-30" STARTDATE="2025-09-30" ENDDATE="2079-06-06" ISACTUAL="1" ISACTIVE="1" /><STEAD ID="74190464" OBJECTID="174961181" OBJECTGUID="54c54408-2d95-43e5-9ef7-adeac0d381d4" CHANGEID="689737705" NUMBER="14" OPERTYPEID="10" PREVID="0" NEXTID="0" UPDATEDATE="2025-09-30" STARTDATE="2025-09-30" ENDDATE="2079-06-06" ISACTUAL="1" ISACTIVE="1" /><STEAD ID="74190610" OBJECTID="174961389" OBJECTGUID="3686ceb9-29d0-496c-8c86-917149675377" CHANGEID="689738172" NUMBER="17а" OPERTYPEID="10" PREVID="0" NEXTID="0" UPDATEDATE="2025-09-30" STARTDATE="2025-09-30" ENDDATE="2079-06-06" ISACTUAL="1" ISACTIVE="1" /><STEAD ID="74190557" OBJECTID="174961297" OBJECTGUID="dcf1ac18-c6ad-4f9e-9f6b-58a1e6218110" CHANGEID="689737951" NUMBER="50" OPERTYPEID="10" PREVID="0" NEXTID="0" UPDATEDATE="2025-09-30" STARTDATE="2025-09-30" ENDDATE="2079-06-06" ISACTUAL="1" ISACTIVE="1" /><STEAD ID="74191171" OBJECTID="174962128" OBJECTGUID="76e9d1fa-de19-4b40-8b52-8f22dea7f106" CHANGEID="689740145" NUMBER="10А/2" OPERTYPEID="10" PREVID="0" NEXTID="0" UPDATEDATE="2025-09-30" STARTDATE="2025-09-30" ENDDATE="2079-06-06" ISACTUAL="1" ISACTIVE="1" /><STEAD ID="74191172" OBJECTID="174962129" OBJECTGUID="1ca82202-604a-44ac-a55b-8ec96ef817bb" CHANGEID="689740146" NUMBER="10А/1" OPERTYPEID="10" PREVID="0" NEXTID="0" UPDATEDATE="2025-09-30" STARTDATE="2025-09-30" ENDDATE="2079-06-06" ISACTUAL="1" ISACTIVE="1" /><STEAD ID="74191303" OBJECTID="174962302" OBJECTGUID="c791bea3-3a2f-49af-88f0-8ed06c8f681d" CHANGEID="689740476" NUMBER="18/2" OPERTYPEID="10" PREVID="0" NEXTID="0" UPDATEDATE="2025-09-30" STARTDATE="2025-09-30" ENDDATE="2079-06-06" ISACTUAL="1" ISACTIVE="1" /><STEAD ID="74191304" OBJECTID="174962303" OBJECTGUID="a1766f26-69b2-4f97-bdc8-ff9c85b16cb9" CHANGEID="689740477" NUMBER="18/1" OPERTYPEID="10" PREVID="0" NEXTID="0" UPDATEDATE="2025-09-30" STARTDATE="2025-09-30" ENDDATE="2079-06-06" ISACTUAL="1" ISACTIVE="1" /><STEAD ID="74192566" OBJECTID="174964323" OBJECTGUID="f032aaa7-f516-4eaa-bac5-02b86bdd1d97" CHANGEID="689743854" NUMBER="16Б" OPERTYPEID="10" PREVID="0" NEXTID="0" UPDATEDATE="2025-09-30" STARTDATE="2025-09-30" ENDDATE="2079-06-06" ISACTUAL="1" ISACTIVE="1" /><STEAD ID="74194367" OBJECTID="174967455" OBJECTGUID="2e58b6d3-fcb5-4376-b9a4-63246a74a5af" CHANGEID="689752085" NUMBER="4" OPERTYPEID="10" PREVID="0" NEXTID="0" UPDATEDATE="2025-09-30" STARTDATE="2025-09-30" ENDDATE="2079-06-06" ISACTUAL="1" ISACTIVE="1" /><STEAD ID="74195755" OBJECTID="174969308" OBJECTGUID="3304a0c5-831b-4cf2-8e95-ed93a5247de4" CHANGEID="689756235" NUMBER="62/1" OPERTYPEID="10" PREVID="0" NEXTID="0" UPDATEDATE="2025-09-30" STARTDATE="2025-09-30" ENDDATE="2079-06-06" ISACTUAL="1" ISACTIVE="1" /><STEAD ID="74196149" OBJECTID="174969769" OBJECTGUID="a2a6f308-06ef-418c-bbb3-1d149dea2f12" CHANGEID="689757128" NUMBER="33" OPERTYPEID="10" PREVID="0" NEXTID="0" UPDATEDATE="2025-09-30" STARTDATE="2025-09-30" ENDDATE="2079-06-06" ISACTUAL="1" ISACTIVE="1" /><STEAD ID="74196456" OBJECTID="174970517" OBJECTGUID="a3cde411-57d0-4e8e-a004-0abba83d94e6" CHANGEID="689776898" NUMBER="3/1" OPERTYPEID="10" PREVID="0" NEXTID="0" UPDATEDATE="2025-09-30" STARTDATE="2025-09-30" ENDDATE="2079-06-06" ISACTUAL="1" ISACTIVE="1" /><STEAD ID="74196480" OBJECTID="174970570" OBJECTGUID="7c9286c3-3f54-4349-a62d-c6c18bf51f18" CHANGEID="689777014" NUMBER="16б" OPERTYPEID="10" PREVID="0" NEXTID="0" UPDATEDATE="2025-09-30" STARTDATE="2025-09-30" ENDDATE="2079-06-06" ISACTUAL="1" ISACTIVE="1" /><STEAD ID="74199291" OBJECTID="174976886" OBJECTGUID="711ccbab-5905-46f8-a62a-bd284d794fbb" CHANGEID="689790759" NUMBER="38" OPERTYPEID="10" PREVID="0" NEXTID="0" UPDATEDATE="2025-10-01" STARTDATE="2025-10-01" ENDDATE="2079-06-06" ISACTUAL="1" ISACTIVE="1" /><STEAD ID="74199302" OBJECTID="174976903" OBJECTGUID="f6e46960-5694-44e4-a823-51795e3a6ee8" CHANGEID="689790785" NUMBER="13" OPERTYPEID="10" PREVID="0" NEXTID="0" UPDATEDATE="2025-10-01" STARTDATE="2025-10-01" ENDDATE="2079-06-06" ISACTUAL="1" ISACTIVE="1" /><STEAD ID="74199334" OBJECTID="174976949" OBJECTGUID="9d5544e3-0b07-4110-9ce9-27cc0291c406" CHANGEID="689790849" NUMBER="50б" OPERTYPEID="10" PREVID="0" NEXTID="0" UPDATEDATE="2025-10-01" STARTDATE="2025-10-01" ENDDATE="2079-06-06" ISACTUAL="1" ISACTIVE="1" /><STEAD ID="74200632" OBJECTID="174979007" OBJECTGUID="75e1b0f6-6a65-4433-ae17-69682f71794d" CHANGEID="689794067" NUMBER="11" OPERTYPEID="10" PREVID="0" NEXTID="0" UPDATEDATE="2025-10-01" STARTDATE="2025-10-01" ENDDATE="2079-06-06" ISACTUAL="1" ISACTIVE="1" /><STEAD ID="74201246" OBJECTID="174980396" OBJECTGUID="9468750d-fa91-4863-ac9a-88a17fcd8d2d" CHANGEID="689796571" NUMBER="3А" OPERTYPEID="10" PREVID="0" NEXTID="0" UPDATEDATE="2025-10-01" STARTDATE="2025-10-01" ENDDATE="2079-06-06" ISACTUAL="1" ISACTIVE="1" /><STEAD ID="74201239" OBJECTID="174980381" OBJECTGUID="b6825c0e-a903-4689-a659-85f4927f15c5" CHANGEID="689796543" NUMBER="3" OPERTYPEID="10" PREVID="0" NEXTID="0" UPDATEDATE="2025-10-01" STARTDATE="2025-10-01" ENDDATE="2079-06-06" ISACTUAL="1" ISACTIVE="1" /><STEAD ID="74201311" OBJECTID="174980481" OBJECTGUID="a09f3471-6003-4246-a4a5-03c33d4853ca" CHANGEID="689796713" NUMBER="11/8" OPERTYPEID="10" PREVID="0" NEXTID="0" UPDATEDATE="2025-10-01" STARTDATE="2025-10-01" ENDDATE="2079-06-06" ISACTUAL="1" ISACTIVE="1" /><STEAD ID="74201848" OBJECTID="174981212" OBJECTGUID="49f32cad-6b9d-45cf-ad2d-799d49740cf7" CHANGEID="689799018" NUMBER="10" OPERTYPEID="10" PREVID="0" NEXTID="0" UPDATEDATE="2025-10-01" STARTDATE="2025-10-01" ENDDATE="2079-06-06" ISACTUAL="1" ISACTIVE="1" /><STEAD ID="74203199" OBJECTID="174984059" OBJECTGUID="d270aa00-3fdc-4b1a-8091-8ddeb7899db5" CHANGEID="689805521" NUMBER="13А" OPERTYPEID="10" PREVID="0" NEXTID="0" UPDATEDATE="2025-10-01" STARTDATE="2025-10-01" ENDDATE="2079-06-06" ISACTUAL="1" ISACTIVE="1" /><STEAD ID="74203201" OBJECTID="174984061" OBJECTGUID="208c2766-7a14-418e-bada-238cdb2b1da2" CHANGEID="689805525" NUMBER="40А" OPERTYPEID="10" PREVID="0" NEXTID="0" UPDATEDATE="2025-10-01" STARTDATE="2025-10-01" ENDDATE="2079-06-06" ISACTUAL="1" ISACTIVE="1" /><STEAD ID="74203536" OBJECTID="174984785" OBJECTGUID="0b698562-757d-4b99-842e-de0f9b9d3349" CHANGEID="689806780" NUMBER="7Б" OPERTYPEID="10" PREVID="0" NEXTID="0" UPDATEDATE="2025-10-01" STARTDATE="2025-10-01" ENDDATE="2079-06-06" ISACTUAL="1" ISACTIVE="1" /><STEAD ID="74203702" OBJECTID="174985014" OBJECTGUID="b5fecfb2-2577-4b9e-8b36-67aae57d3c55" CHANGEID="689807251" NUMBER="18" OPERTYPEID="10" PREVID="0" NEXTID="0" UPDATEDATE="2025-10-01" STARTDATE="2025-10-01" ENDDATE="2079-06-06" ISACTUAL="1" ISACTIVE="1" /><STEAD ID="74203703" OBJECTID="174985015" OBJECTGUID="153ee8a9-4a79-4711-accc-f9b817a7a198" CHANGEID="689807252" NUMBER="16" OPERTYPEID="10" PREVID="0" NEXTID="0" UPDATEDATE="2025-10-01" STARTDATE="2025-10-01" ENDDATE="2079-06-06" ISACTUAL="1" ISACTIVE="1" /><STEAD ID="74203704" OBJECTID="174985016" OBJECTGUID="fafa95d9-bb39-4287-959d-7f4bb696ddea" CHANGEID="689807253" NUMBER="14" OPERTYPEID="10" PREVID="0" NEXTID="0" UPDATEDATE="2025-10-01" STARTDATE="2025-10-01" ENDDATE="2079-06-06" ISACTUAL="1" ISACTIVE="1" /><STEAD ID="74203705" OBJECTID="174985017" OBJECTGUID="35ce3780-a997-4374-9fee-2f7e8ab0488e" CHANGEID="689807254" NUMBER="12" OPERTYPEID="10" PREVID="0" NEXTID="0" UPDATEDATE="2025-10-01" STARTDATE="2025-10-01" ENDDATE="2079-06-06" ISACTUAL="1" ISACTIVE="1" /><STEAD ID="74203706" OBJECTID="174985018" OBJECTGUID="41697fea-635f-4fe6-b698-e5b59659a9cd" CHANGEID="689807255" NUMBER="10" OPERTYPEID="10" PREVID="0" NEXTID="0" UPDATEDATE="2025-10-01" STARTDATE="2025-10-01" ENDDATE="2079-06-06" ISACTUAL="1" ISACTIVE="1" /><STEAD ID="74203718" OBJECTID="174985045" OBJECTGUID="3fc6a189-72d5-4d0c-b766-171f9be50d82" CHANGEID="689807427" NUMBER="5А" OPERTYPEID="10" PREVID="0" NEXTID="0" UPDATEDATE="2025-10-01" STARTDATE="2025-10-01" ENDDATE="2079-06-06" ISACTUAL="1" ISACTIVE="1" /><STEAD ID="74204492" OBJECTID="174986039" OBJECTGUID="7ba74fd3-3935-4bca-822e-df1dd6ac366e" CHANGEID="689809590" NUMBER="47" OPERTYPEID="10" PREVID="0" NEXTID="0" UPDATEDATE="2025-10-01" STARTDATE="2025-10-01" ENDDATE="2079-06-06" ISACTUAL="1" ISACTIVE="1" /><STEAD ID="74205026" OBJECTID="174986821" OBJECTGUID="01ab51ce-e525-4415-a591-69974ee78f20" CHANGEID="689810946" NUMBER="5а" OPERTYPEID="10" PREVID="0" NEXTID="0" UPDATEDATE="2025-10-01" STARTDATE="2025-10-01" ENDDATE="2079-06-06" ISACTUAL="1" ISACTIVE="1" /><STEAD ID="74205025" OBJECTID="174986820" OBJECTGUID="42b46610-2529-4ce7-81fc-e86051b5d57d" CHANGEID="689810943" NUMBER="5" OPERTYPEID="10" PREVID="0" NEXTID="0" UPDATEDATE="2025-10-01" STARTDATE="2025-10-01" ENDDATE="2079-06-06" ISACTUAL="1" ISACTIVE="1" /><STEAD ID="74205034" OBJECTID="174986829" OBJECTGUID="c8440803-087c-4acf-843a-6cc6ae37dddc" CHANGEID="689810956" NUMBER="5б" OPERTYPEID="10" PREVID="0" NEXTID="0" UPDATEDATE="2025-10-01" STARTDATE="2025-10-01" ENDDATE="2079-06-06" ISACTUAL="1" ISACTIVE="1" /><STEAD ID="74205035" OBJECTID="174986831" OBJECTGUID="e7241cc4-0a95-4726-9e70-50de6030f1dc" CHANGEID="689810960" NUMBER="7" OPERTYPEID="10" PREVID="0" NEXTID="0" UPDATEDATE="2025-10-01" STARTDATE="2025-10-01" ENDDATE="2079-06-06" ISACTUAL="1" ISACTIVE="1" /><STEAD ID="74205200" OBJECTID="174987173" OBJECTGUID="fbc5fb18-07ae-484d-bbef-7453be21e9c0" CHANGEID="689811371" NUMBER="12" OPERTYPEID="10" PREVID="0" NEXTID="0" UPDATEDATE="2025-10-01" STARTDATE="2025-10-01" ENDDATE="2079-06-06" ISACTUAL="1" ISACTIVE="1" /><STEAD ID="74205372" OBJECTID="174987739" OBJECTGUID="c7d1e632-47c7-423b-ad73-9cdd9142bd5f" CHANGEID="689812027" NUMBER="201" OPERTYPEID="10" PREVID="0" NEXTID="0" UPDATEDATE="2025-10-01" STARTDATE="2025-10-01" ENDDATE="2079-06-06" ISACTUAL="1" ISACTIVE="1" /><STEAD ID="74206105" OBJECTID="174989910" OBJECTGUID="1900784e-56ab-4448-98c0-81d21c59b547" CHANGEID="689816232" NUMBER="33" OPERTYPEID="10" PREVID="0" NEXTID="0" UPDATEDATE="2025-10-01" STARTDATE="2025-10-01" ENDDATE="2079-06-06" ISACTUAL="1" ISACTIVE="1" /><STEAD ID="74206611" OBJECTID="174990865" OBJECTGUID="3e16b1bd-ef5b-445d-850c-32db5444ef9a" CHANGEID="689817902" NUMBER="10" OPERTYPEID="10" PREVID="0" NEXTID="0" UPDATEDATE="2025-10-01" STARTDATE="2025-10-01" ENDDATE="2079-06-06" ISACTUAL="1" ISACTIVE="1" /><STEAD ID="74206637" OBJECTID="174990929" OBJECTGUID="cd817d6d-1653-4997-9bc8-5b5b9eb74db0" CHANGEID="689818018" NUMBER="14" OPERTYPEID="10" PREVID="0" NEXTID="0" UPDATEDATE="2025-10-01" STARTDATE="2025-10-01" ENDDATE="2079-06-06" ISACTUAL="1" ISACTIVE="1" /><STEAD ID="74206698" OBJECTID="174991124" OBJECTGUID="0eb7d3c2-1ec4-4907-8f20-e0d45f4e666e" CHANGEID="689818295" NUMBER="35" OPERTYPEID="10" PREVID="0" NEXTID="0" UPDATEDATE="2025-10-01" STARTDATE="2025-10-01" ENDDATE="2079-06-06" ISACTUAL="1" ISACTIVE="1" /><STEAD ID="74207115" OBJECTID="174992088" OBJECTGUID="e9765176-efc1-4814-87cc-ad786e04cb38" CHANGEID="689820105" NUMBER="38/8" OPERTYPEID="10" PREVID="0" NEXTID="0" UPDATEDATE="2025-10-01" STARTDATE="2025-10-01" ENDDATE="2079-06-06" ISACTUAL="1" ISACTIVE="1" /><STEAD ID="74207118" OBJECTID="174992096" OBJECTGUID="7be966b7-669a-498d-a8bb-bff81a371c28" CHANGEID="689820114" NUMBER="41" OPERTYPEID="10" PREVID="0" NEXTID="0" UPDATEDATE="2025-10-01" STARTDATE="2025-10-01" ENDDATE="2079-06-06" ISACTUAL="1" ISACTIVE="1" /><STEAD ID="74207119" OBJECTID="174992098" OBJECTGUID="fece635a-d6e1-4d78-9fcb-0749107acdba" CHANGEID="689820116" NUMBER="147Г" OPERTYPEID="10" PREVID="0" NEXTID="0" UPDATEDATE="2025-10-01" STARTDATE="2025-10-01" ENDDATE="2079-06-06" ISACTUAL="1" ISACTIVE="1" /><STEAD ID="74207123" OBJECTID="174992104" OBJECTGUID="c4b5695a-6aaa-485a-9205-0e6d940e642f" CHANGEID="689820122" NUMBER="35" OPERTYPEID="10" PREVID="0" NEXTID="0" UPDATEDATE="2025-10-01" STARTDATE="2025-10-01" ENDDATE="2079-06-06" ISACTUAL="1" ISACTIVE="1" /><STEAD ID="74207127" OBJECTID="174992111" OBJECTGUID="1346fac9-b4dc-4383-8ecc-b7f58cf4ccf0" CHANGEID="689820132" NUMBER="36" OPERTYPEID="10" PREVID="0" NEXTID="0" UPDATEDATE="2025-10-01" STARTDATE="2025-10-01" ENDDATE="2079-06-06" ISACTUAL="1" ISACTIVE="1" /><STEAD ID="74207135" OBJECTID="174992120" OBJECTGUID="bc980096-c257-4c67-b6c6-9d1e21449298" CHANGEID="689820143" NUMBER="53" OPERTYPEID="10" PREVID="0" NEXTID="0" UPDATEDATE="2025-10-01" STARTDATE="2025-10-01" ENDDATE="2079-06-06" ISACTUAL="1" ISACTIVE="1" /><STEAD ID="74207092" OBJECTID="174992062" OBJECTGUID="04238ad3-2dd5-41ce-8638-7f8b94e8ffd3" CHANGEID="689820075" NUMBER="3Г" OPERTYPEID="10" PREVID="0" NEXTID="0" UPDATEDATE="2025-10-01" STARTDATE="2025-10-01" ENDDATE="2079-06-06" ISACTUAL="1" ISACTIVE="1" /><STEAD ID="74207097" OBJECTID="174992070" OBJECTGUID="9e87101e-647a-4208-8b68-44769068f3a6" CHANGEID="689820085" NUMBER="104" OPERTYPEID="10" PREVID="0" NEXTID="0" UPDATEDATE="2025-10-01" STARTDATE="2025-10-01" ENDDATE="2079-06-06" ISACTUAL="1" ISACTIVE="1" /><STEAD ID="74207126" OBJECTID="174992110" OBJECTGUID="2c20ef52-d9b9-405b-8810-fa64034de32d" CHANGEID="689820131" NUMBER="21" OPERTYPEID="10" PREVID="0" NEXTID="0" UPDATEDATE="2025-10-01" STARTDATE="2025-10-01" ENDDATE="2079-06-06" ISACTUAL="1" ISACTIVE="1" /><STEAD ID="74207136" OBJECTID="174992122" OBJECTGUID="1a803887-bb8f-4e6d-8611-68c9e9f325da" CHANGEID="689820145" NUMBER="39" OPERTYPEID="10" PREVID="0" NEXTID="0" UPDATEDATE="2025-10-01" STARTDATE="2025-10-01" ENDDATE="2079-06-06" ISACTUAL="1" ISACTIVE="1" /><STEAD ID="74207367" OBJECTID="174992636" OBJECTGUID="4b09637d-3cc5-49fb-86ae-d44d2fea0f41" CHANGEID="689824799" NUMBER="27" OPERTYPEID="10" PREVID="0" NEXTID="0" UPDATEDATE="2025-10-01" STARTDATE="2025-10-01" ENDDATE="2079-06-06" ISACTUAL="1" ISACTIVE="1" /><STEAD ID="74207371" OBJECTID="174992641" OBJECTGUID="6bae4497-d161-4e88-aba2-8ef1c8b6862a" CHANGEID="689824807" NUMBER="25/19" OPERTYPEID="10" PREVID="0" NEXTID="0" UPDATEDATE="2025-10-01" STARTDATE="2025-10-01" ENDDATE="2079-06-06" ISACTUAL="1" ISACTIVE="1" /><STEAD ID="74207374" OBJECTID="174992650" OBJECTGUID="2abd8494-5e33-410f-9ccc-65288754482b" CHANGEID="689824822" NUMBER="38" OPERTYPEID="10" PREVID="0" NEXTID="0" UPDATEDATE="2025-10-01" STARTDATE="2025-10-01" ENDDATE="2079-06-06" ISACTUAL="1" ISACTIVE="1" /><STEAD ID="74207415" OBJECTID="174992717" OBJECTGUID="1292a8fd-00f6-4aba-a038-8fdcbd4c7599" CHANGEID="689824966" NUMBER="23" OPERTYPEID="10" PREVID="0" NEXTID="0" UPDATEDATE="2025-10-01" STARTDATE="2025-10-01" ENDDATE="2079-06-06" ISACTUAL="1" ISACTIVE="1" /></STEADS>