﻿<?xml version="1.0" encoding="utf-8"?><APARTMENTS><APARTMENT ID="56008" OBJECTID="1566545" OBJECTGUID="1e88433e-41b5-41b0-b492-18439a063466" CHANGEID="4222204" NUMBER="3" APARTTYPE="2" OPERTYPEID="10" PREVID="0" NEXTID="111806455" UPDATEDATE="2025-09-30" STARTDATE="2003-07-22" ENDDATE="2025-09-30" ISACTUAL="0" ISACTIVE="0" /><APARTMENT ID="13433611" OBJECTID="23765859" OBJECTGUID="8799541d-a489-414a-97dd-9f65d605fcd6" CHANGEID="36899399" NUMBER="2" APARTTYPE="2" OPERTYPEID="10" PREVID="0" NEXTID="111808668" UPDATEDATE="2025-09-30" STARTDATE="2017-04-03" ENDDATE="2025-09-30" ISACTUAL="0" ISACTIVE="0" /><APARTMENT ID="22392050" OBJECTID="38383526" OBJECTGUID="bd78c56a-7862-4c88-a0de-62cb48f36850" CHANGEID="58198393" NUMBER="1" APARTTYPE="2" OPERTYPEID="1" PREVID="0" NEXTID="111811550" UPDATEDATE="2025-10-01" STARTDATE="1900-01-01" ENDDATE="2025-10-01" ISACTUAL="0" ISACTIVE="0" /><APARTMENT ID="111805836" OBJECTID="83978815" OBJECTGUID="78fb287a-29b5-4b57-ad5e-f0c9e4df6b68" CHANGEID="689703222" NUMBER="1" APARTTYPE="2" OPERTYPEID="30" PREVID="50250021" NEXTID="0" UPDATEDATE="2025-09-30" STARTDATE="2025-09-30" ENDDATE="2079-06-06" ISACTUAL="1" ISACTIVE="0" /><APARTMENT ID="50250021" OBJECTID="83978815" OBJECTGUID="78fb287a-29b5-4b57-ad5e-f0c9e4df6b68" CHANGEID="124756761" NUMBER="1" APARTTYPE="2" OPERTYPEID="10" PREVID="0" NEXTID="111805836" UPDATEDATE="2025-09-30" STARTDATE="2017-03-29" ENDDATE="2025-09-30" ISACTUAL="0" ISACTIVE="0" /><APARTMENT ID="111805837" OBJECTID="83979296" OBJECTGUID="7916ba2b-6a07-4e85-9300-59a7c37ecad0" CHANGEID="689703223" NUMBER="2" APARTTYPE="2" OPERTYPEID="30" PREVID="50250310" NEXTID="0" UPDATEDATE="2025-09-30" STARTDATE="2025-09-30" ENDDATE="2079-06-06" ISACTUAL="1" ISACTIVE="0" /><APARTMENT ID="50250310" OBJECTID="83979296" OBJECTGUID="7916ba2b-6a07-4e85-9300-59a7c37ecad0" CHANGEID="124757488" NUMBER="2" APARTTYPE="2" OPERTYPEID="10" PREVID="0" NEXTID="111805837" UPDATEDATE="2025-09-30" STARTDATE="2017-03-29" ENDDATE="2025-09-30" ISACTUAL="0" ISACTIVE="0" /><APARTMENT ID="111805838" OBJECTID="174946144" OBJECTGUID="ddb68c1c-cd61-4fa8-8234-bef9027aa960" CHANGEID="689703225" NUMBER="1" APARTTYPE="2" OPERTYPEID="10" PREVID="0" NEXTID="0" UPDATEDATE="2025-09-30" STARTDATE="2025-09-30" ENDDATE="2079-06-06" ISACTUAL="1" ISACTIVE="1" /><APARTMENT ID="111806455" OBJECTID="1566545" OBJECTGUID="1e88433e-41b5-41b0-b492-18439a063466" CHANGEID="689707195" NUMBER="3" APARTTYPE="2" OPERTYPEID="30" PREVID="56008" NEXTID="0" UPDATEDATE="2025-09-30" STARTDATE="2025-09-30" ENDDATE="2079-06-06" ISACTUAL="1" ISACTIVE="0" /><APARTMENT ID="111806456" OBJECTID="1566565" OBJECTGUID="37e1051b-a0fd-4a46-a01c-c7cc4b900753" CHANGEID="689707196" NUMBER="1" APARTTYPE="2" OPERTYPEID="30" PREVID="56015" NEXTID="0" UPDATEDATE="2025-09-30" STARTDATE="2025-09-30" ENDDATE="2079-06-06" ISACTUAL="1" ISACTIVE="0" /><APARTMENT ID="56015" OBJECTID="1566565" OBJECTGUID="37e1051b-a0fd-4a46-a01c-c7cc4b900753" CHANGEID="4222224" NUMBER="1" APARTTYPE="2" OPERTYPEID="10" PREVID="0" NEXTID="111806456" UPDATEDATE="2025-09-30" STARTDATE="2003-07-22" ENDDATE="2025-09-30" ISACTUAL="0" ISACTIVE="0" /><APARTMENT ID="111806457" OBJECTID="1566599" OBJECTGUID="5211389f-85cd-45e5-bbd7-f6f74f5e01ab" CHANGEID="689707197" NUMBER="4" APARTTYPE="2" OPERTYPEID="30" PREVID="56028" NEXTID="0" UPDATEDATE="2025-09-30" STARTDATE="2025-09-30" ENDDATE="2079-06-06" ISACTUAL="1" ISACTIVE="0" /><APARTMENT ID="56028" OBJECTID="1566599" OBJECTGUID="5211389f-85cd-45e5-bbd7-f6f74f5e01ab" CHANGEID="4222265" NUMBER="4" APARTTYPE="2" OPERTYPEID="10" PREVID="0" NEXTID="111806457" UPDATEDATE="2025-09-30" STARTDATE="2003-07-22" ENDDATE="2025-09-30" ISACTUAL="0" ISACTIVE="0" /><APARTMENT ID="111806458" OBJECTID="1566605" OBJECTGUID="bec6d73f-c4ea-43f5-bb09-52b0fbec2b2e" CHANGEID="689707198" NUMBER="2" APARTTYPE="2" OPERTYPEID="30" PREVID="56030" NEXTID="0" UPDATEDATE="2025-09-30" STARTDATE="2025-09-30" ENDDATE="2079-06-06" ISACTUAL="1" ISACTIVE="0" /><APARTMENT ID="56030" OBJECTID="1566605" OBJECTGUID="bec6d73f-c4ea-43f5-bb09-52b0fbec2b2e" CHANGEID="4222275" NUMBER="2" APARTTYPE="2" OPERTYPEID="10" PREVID="0" NEXTID="111806458" UPDATEDATE="2025-09-30" STARTDATE="2003-07-22" ENDDATE="2025-09-30" ISACTUAL="0" ISACTIVE="0" /><APARTMENT ID="111808668" OBJECTID="23765859" OBJECTGUID="8799541d-a489-414a-97dd-9f65d605fcd6" CHANGEID="689732586" NUMBER="2" APARTTYPE="2" OPERTYPEID="30" PREVID="13433611" NEXTID="0" UPDATEDATE="2025-09-30" STARTDATE="2025-09-30" ENDDATE="2079-06-06" ISACTUAL="1" ISACTIVE="0" /><APARTMENT ID="111811550" OBJECTID="38383526" OBJECTGUID="bd78c56a-7862-4c88-a0de-62cb48f36850" CHANGEID="689777651" NUMBER="1" APARTTYPE="2" OPERTYPEID="30" PREVID="22392050" NEXTID="0" UPDATEDATE="2025-10-01" STARTDATE="2025-10-01" ENDDATE="2079-06-06" ISACTUAL="1" ISACTIVE="0" /><APARTMENT ID="111811551" OBJECTID="41280809" OBJECTGUID="7caf25c8-d332-4cb7-a4fb-ba2dba96f5c6" CHANGEID="689777652" NUMBER="2" APARTTYPE="2" OPERTYPEID="30" PREVID="24193038" NEXTID="0" UPDATEDATE="2025-10-01" STARTDATE="2025-10-01" ENDDATE="2079-06-06" ISACTUAL="1" ISACTIVE="0" /><APARTMENT ID="24193038" OBJECTID="41280809" OBJECTGUID="7caf25c8-d332-4cb7-a4fb-ba2dba96f5c6" CHANGEID="62431014" NUMBER="2" APARTTYPE="2" OPERTYPEID="10" PREVID="0" NEXTID="111811551" UPDATEDATE="2025-10-01" STARTDATE="2018-02-08" ENDDATE="2025-10-01" ISACTUAL="0" ISACTIVE="0" /><APARTMENT ID="111811552" OBJECTID="41280938" OBJECTGUID="ce60e891-4188-4757-86b6-a91e43a9a3b1" CHANGEID="689777653" NUMBER="1" APARTTYPE="2" OPERTYPEID="30" PREVID="24193078" NEXTID="0" UPDATEDATE="2025-10-01" STARTDATE="2025-10-01" ENDDATE="2079-06-06" ISACTUAL="1" ISACTIVE="0" /><APARTMENT ID="24193078" OBJECTID="41280938" OBJECTGUID="ce60e891-4188-4757-86b6-a91e43a9a3b1" CHANGEID="62431229" NUMBER="1" APARTTYPE="2" OPERTYPEID="10" PREVID="0" NEXTID="111811552" UPDATEDATE="2025-10-01" STARTDATE="2018-02-08" ENDDATE="2025-10-01" ISACTUAL="0" ISACTIVE="0" /><APARTMENT ID="111811553" OBJECTID="174970932" OBJECTGUID="8c17ad40-04d6-4980-942f-9a190fa827cf" CHANGEID="689777667" NUMBER="128" APARTTYPE="2" OPERTYPEID="10" PREVID="0" NEXTID="0" UPDATEDATE="2025-10-01" STARTDATE="2025-10-01" ENDDATE="2079-06-06" ISACTUAL="1" ISACTIVE="1" /><APARTMENT ID="111811554" OBJECTID="174970933" OBJECTGUID="67ac91eb-d873-4204-9aa1-82174046ac06" CHANGEID="689777668" NUMBER="2" APARTTYPE="2" OPERTYPEID="10" PREVID="0" NEXTID="0" UPDATEDATE="2025-10-01" STARTDATE="2025-10-01" ENDDATE="2079-06-06" ISACTUAL="1" ISACTIVE="1" /><APARTMENT ID="111811555" OBJECTID="174970934" OBJECTGUID="6020f223-4bd3-429c-a6a2-3a22eeaa01df" CHANGEID="689777669" NUMBER="1" APARTTYPE="2" OPERTYPEID="10" PREVID="0" NEXTID="0" UPDATEDATE="2025-10-01" STARTDATE="2025-10-01" ENDDATE="2079-06-06" ISACTUAL="1" ISACTIVE="1" /><APARTMENT ID="111811572" OBJECTID="174970972" OBJECTGUID="76a3c1be-20cf-44e8-be20-001b06ef7bbc" CHANGEID="689777738" NUMBER="54" APARTTYPE="2" OPERTYPEID="10" PREVID="0" NEXTID="0" UPDATEDATE="2025-10-01" STARTDATE="2025-10-01" ENDDATE="2079-06-06" ISACTUAL="1" ISACTIVE="1" /><APARTMENT ID="111811573" OBJECTID="174970973" OBJECTGUID="34589d92-7c06-489c-bf96-e440696a88d9" CHANGEID="689777739" NUMBER="53" APARTTYPE="2" OPERTYPEID="10" PREVID="0" NEXTID="0" UPDATEDATE="2025-10-01" STARTDATE="2025-10-01" ENDDATE="2079-06-06" ISACTUAL="1" ISACTIVE="1" /><APARTMENT ID="111811574" OBJECTID="174970974" OBJECTGUID="ada964ee-bf97-4d9a-b9d6-d97d2ca2661c" CHANGEID="689777740" NUMBER="52" APARTTYPE="2" OPERTYPEID="10" PREVID="0" NEXTID="0" UPDATEDATE="2025-10-01" STARTDATE="2025-10-01" ENDDATE="2079-06-06" ISACTUAL="1" ISACTIVE="1" /><APARTMENT ID="111811575" OBJECTID="174970975" OBJECTGUID="9e6c9694-7cb5-4168-8997-2dad82765e97" CHANGEID="689777741" NUMBER="51" APARTTYPE="2" OPERTYPEID="10" PREVID="0" NEXTID="0" UPDATEDATE="2025-10-01" STARTDATE="2025-10-01" ENDDATE="2079-06-06" ISACTUAL="1" ISACTIVE="1" /><APARTMENT ID="111811576" OBJECTID="174970976" OBJECTGUID="9ddccf3b-c94a-4cb3-b024-c68e1e5d6e1a" CHANGEID="689777742" NUMBER="50" APARTTYPE="2" OPERTYPEID="10" PREVID="0" NEXTID="0" UPDATEDATE="2025-10-01" STARTDATE="2025-10-01" ENDDATE="2079-06-06" ISACTUAL="1" ISACTIVE="1" /><APARTMENT ID="111811577" OBJECTID="174970977" OBJECTGUID="b806c83b-9957-40ea-92b9-c8d73e51622d" CHANGEID="689777743" NUMBER="49" APARTTYPE="2" OPERTYPEID="10" PREVID="0" NEXTID="0" UPDATEDATE="2025-10-01" STARTDATE="2025-10-01" ENDDATE="2079-06-06" ISACTUAL="1" ISACTIVE="1" /><APARTMENT ID="111811578" OBJECTID="174970978" OBJECTGUID="ffedbd0f-e006-4064-b3db-eb65adcf3cc9" CHANGEID="689777744" NUMBER="48" APARTTYPE="2" OPERTYPEID="10" PREVID="0" NEXTID="0" UPDATEDATE="2025-10-01" STARTDATE="2025-10-01" ENDDATE="2079-06-06" ISACTUAL="1" ISACTIVE="1" /><APARTMENT ID="111811579" OBJECTID="174970979" OBJECTGUID="199f9afe-2f50-45c1-94b5-1edf7734e19b" CHANGEID="689777745" NUMBER="47" APARTTYPE="2" OPERTYPEID="10" PREVID="0" NEXTID="0" UPDATEDATE="2025-10-01" STARTDATE="2025-10-01" ENDDATE="2079-06-06" ISACTUAL="1" ISACTIVE="1" /><APARTMENT ID="111811580" OBJECTID="174970980" OBJECTGUID="23b32afe-6979-42ca-b3de-857622e25d13" CHANGEID="689777746" NUMBER="46" APARTTYPE="2" OPERTYPEID="10" PREVID="0" NEXTID="0" UPDATEDATE="2025-10-01" STARTDATE="2025-10-01" ENDDATE="2079-06-06" ISACTUAL="1" ISACTIVE="1" /><APARTMENT ID="111811581" OBJECTID="174970981" OBJECTGUID="8f93f348-4ff2-40f7-82e9-18d149fc2b10" CHANGEID="689777747" NUMBER="45" APARTTYPE="2" OPERTYPEID="10" PREVID="0" NEXTID="0" UPDATEDATE="2025-10-01" STARTDATE="2025-10-01" ENDDATE="2079-06-06" ISACTUAL="1" ISACTIVE="1" /><APARTMENT ID="111811582" OBJECTID="174970982" OBJECTGUID="b6956338-c590-40e5-9f43-9da5079c12fc" CHANGEID="689777748" NUMBER="44" APARTTYPE="2" OPERTYPEID="10" PREVID="0" NEXTID="0" UPDATEDATE="2025-10-01" STARTDATE="2025-10-01" ENDDATE="2079-06-06" ISACTUAL="1" ISACTIVE="1" /><APARTMENT ID="111811583" OBJECTID="174970983" OBJECTGUID="d05750b8-fbd5-47f9-8e83-16b4ef5164a5" CHANGEID="689777749" NUMBER="43" APARTTYPE="2" OPERTYPEID="10" PREVID="0" NEXTID="0" UPDATEDATE="2025-10-01" STARTDATE="2025-10-01" ENDDATE="2079-06-06" ISACTUAL="1" ISACTIVE="1" /><APARTMENT ID="111811584" OBJECTID="174970984" OBJECTGUID="314cfb2c-1d8f-41f6-a1f7-0af9d17b2947" CHANGEID="689777750" NUMBER="42" APARTTYPE="2" OPERTYPEID="10" PREVID="0" NEXTID="0" UPDATEDATE="2025-10-01" STARTDATE="2025-10-01" ENDDATE="2079-06-06" ISACTUAL="1" ISACTIVE="1" /><APARTMENT ID="111811585" OBJECTID="174970985" OBJECTGUID="ac584c21-1643-4bfa-b181-d043eb9a10c3" CHANGEID="689777751" NUMBER="41" APARTTYPE="2" OPERTYPEID="10" PREVID="0" NEXTID="0" UPDATEDATE="2025-10-01" STARTDATE="2025-10-01" ENDDATE="2079-06-06" ISACTUAL="1" ISACTIVE="1" /><APARTMENT ID="111811586" OBJECTID="174970986" OBJECTGUID="6e699937-6dd4-478f-92c3-4b6f5ae07964" CHANGEID="689777752" NUMBER="40" APARTTYPE="2" OPERTYPEID="10" PREVID="0" NEXTID="0" UPDATEDATE="2025-10-01" STARTDATE="2025-10-01" ENDDATE="2079-06-06" ISACTUAL="1" ISACTIVE="1" /><APARTMENT ID="111811587" OBJECTID="174970987" OBJECTGUID="1e72f93d-cb7d-428d-9c6a-b197570d24a5" CHANGEID="689777753" NUMBER="39" APARTTYPE="2" OPERTYPEID="10" PREVID="0" NEXTID="0" UPDATEDATE="2025-10-01" STARTDATE="2025-10-01" ENDDATE="2079-06-06" ISACTUAL="1" ISACTIVE="1" /><APARTMENT ID="111811588" OBJECTID="174970988" OBJECTGUID="bf34c881-77f8-4a0a-9a64-9487617cf8f6" CHANGEID="689777754" NUMBER="38" APARTTYPE="2" OPERTYPEID="10" PREVID="0" NEXTID="0" UPDATEDATE="2025-10-01" STARTDATE="2025-10-01" ENDDATE="2079-06-06" ISACTUAL="1" ISACTIVE="1" /><APARTMENT ID="111811589" OBJECTID="174970989" OBJECTGUID="04a0694e-f821-4af2-bfd0-b3ca3abbbbda" CHANGEID="689777755" NUMBER="37" APARTTYPE="2" OPERTYPEID="10" PREVID="0" NEXTID="0" UPDATEDATE="2025-10-01" STARTDATE="2025-10-01" ENDDATE="2079-06-06" ISACTUAL="1" ISACTIVE="1" /><APARTMENT ID="111811590" OBJECTID="174970990" OBJECTGUID="751d7343-ac58-4543-8b38-dc711af3e739" CHANGEID="689777756" NUMBER="36" APARTTYPE="2" OPERTYPEID="10" PREVID="0" NEXTID="0" UPDATEDATE="2025-10-01" STARTDATE="2025-10-01" ENDDATE="2079-06-06" ISACTUAL="1" ISACTIVE="1" /><APARTMENT ID="111811591" OBJECTID="174970991" OBJECTGUID="386cc7b7-4329-429e-b0ab-72975cca0663" CHANGEID="689777757" NUMBER="35" APARTTYPE="2" OPERTYPEID="10" PREVID="0" NEXTID="0" UPDATEDATE="2025-10-01" STARTDATE="2025-10-01" ENDDATE="2079-06-06" ISACTUAL="1" ISACTIVE="1" /><APARTMENT ID="111811592" OBJECTID="174970992" OBJECTGUID="2f03b119-e638-469d-a88e-ff6e0c4209e8" CHANGEID="689777758" NUMBER="34" APARTTYPE="2" OPERTYPEID="10" PREVID="0" NEXTID="0" UPDATEDATE="2025-10-01" STARTDATE="2025-10-01" ENDDATE="2079-06-06" ISACTUAL="1" ISACTIVE="1" /><APARTMENT ID="111811593" OBJECTID="174970993" OBJECTGUID="e7c53aff-f46d-4ca3-b26c-f972ad5b6a5e" CHANGEID="689777759" NUMBER="33" APARTTYPE="2" OPERTYPEID="10" PREVID="0" NEXTID="0" UPDATEDATE="2025-10-01" STARTDATE="2025-10-01" ENDDATE="2079-06-06" ISACTUAL="1" ISACTIVE="1" /><APARTMENT ID="111811594" OBJECTID="174970994" OBJECTGUID="30246406-b978-4878-a000-54bf3d0fcca1" CHANGEID="689777760" NUMBER="32" APARTTYPE="2" OPERTYPEID="10" PREVID="0" NEXTID="0" UPDATEDATE="2025-10-01" STARTDATE="2025-10-01" ENDDATE="2079-06-06" ISACTUAL="1" ISACTIVE="1" /><APARTMENT ID="111811595" OBJECTID="174970995" OBJECTGUID="c29d21b8-441e-4716-ae3a-b45777638866" CHANGEID="689777761" NUMBER="31" APARTTYPE="2" OPERTYPEID="10" PREVID="0" NEXTID="0" UPDATEDATE="2025-10-01" STARTDATE="2025-10-01" ENDDATE="2079-06-06" ISACTUAL="1" ISACTIVE="1" /><APARTMENT ID="111811596" OBJECTID="174970996" OBJECTGUID="95bd0e4b-e9f3-48ae-92bd-8dc4cfce854f" CHANGEID="689777762" NUMBER="30" APARTTYPE="2" OPERTYPEID="10" PREVID="0" NEXTID="0" UPDATEDATE="2025-10-01" STARTDATE="2025-10-01" ENDDATE="2079-06-06" ISACTUAL="1" ISACTIVE="1" /><APARTMENT ID="111811597" OBJECTID="174970997" OBJECTGUID="5264dddc-e82a-4c47-9a29-4fd8d4186b15" CHANGEID="689777763" NUMBER="29" APARTTYPE="2" OPERTYPEID="10" PREVID="0" NEXTID="0" UPDATEDATE="2025-10-01" STARTDATE="2025-10-01" ENDDATE="2079-06-06" ISACTUAL="1" ISACTIVE="1" /><APARTMENT ID="111811598" OBJECTID="174970998" OBJECTGUID="85403bff-d6a7-4fb3-ae6f-c2a9e3e23455" CHANGEID="689777764" NUMBER="28" APARTTYPE="2" OPERTYPEID="10" PREVID="0" NEXTID="0" UPDATEDATE="2025-10-01" STARTDATE="2025-10-01" ENDDATE="2079-06-06" ISACTUAL="1" ISACTIVE="1" /><APARTMENT ID="111811599" OBJECTID="174970999" OBJECTGUID="3a328bfc-5515-47c7-8800-75aab8b71117" CHANGEID="689777765" NUMBER="27" APARTTYPE="2" OPERTYPEID="10" PREVID="0" NEXTID="0" UPDATEDATE="2025-10-01" STARTDATE="2025-10-01" ENDDATE="2079-06-06" ISACTUAL="1" ISACTIVE="1" /><APARTMENT ID="111811600" OBJECTID="174971000" OBJECTGUID="331a6c7f-deeb-436a-9c05-53e52d086eaf" CHANGEID="689777766" NUMBER="26" APARTTYPE="2" OPERTYPEID="10" PREVID="0" NEXTID="0" UPDATEDATE="2025-10-01" STARTDATE="2025-10-01" ENDDATE="2079-06-06" ISACTUAL="1" ISACTIVE="1" /><APARTMENT ID="111811601" OBJECTID="174971001" OBJECTGUID="f6cb82ba-563f-4efc-a879-14425364a863" CHANGEID="689777767" NUMBER="25" APARTTYPE="2" OPERTYPEID="10" PREVID="0" NEXTID="0" UPDATEDATE="2025-10-01" STARTDATE="2025-10-01" ENDDATE="2079-06-06" ISACTUAL="1" ISACTIVE="1" /><APARTMENT ID="111811602" OBJECTID="174971002" OBJECTGUID="9e190b76-02a5-4c90-aed5-ca16f128766e" CHANGEID="689777768" NUMBER="24" APARTTYPE="2" OPERTYPEID="10" PREVID="0" NEXTID="0" UPDATEDATE="2025-10-01" STARTDATE="2025-10-01" ENDDATE="2079-06-06" ISACTUAL="1" ISACTIVE="1" /><APARTMENT ID="111811603" OBJECTID="174971003" OBJECTGUID="4977e406-4ba8-436a-948e-ccb71340928f" CHANGEID="689777769" NUMBER="23" APARTTYPE="2" OPERTYPEID="10" PREVID="0" NEXTID="0" UPDATEDATE="2025-10-01" STARTDATE="2025-10-01" ENDDATE="2079-06-06" ISACTUAL="1" ISACTIVE="1" /><APARTMENT ID="111811604" OBJECTID="174971004" OBJECTGUID="2ad6819e-c8af-41c2-bae3-23bfc6c3f147" CHANGEID="689777770" NUMBER="22" APARTTYPE="2" OPERTYPEID="10" PREVID="0" NEXTID="0" UPDATEDATE="2025-10-01" STARTDATE="2025-10-01" ENDDATE="2079-06-06" ISACTUAL="1" ISACTIVE="1" /><APARTMENT ID="111811605" OBJECTID="174971005" OBJECTGUID="a336a554-4711-4483-b889-ad14d5b6c583" CHANGEID="689777771" NUMBER="21" APARTTYPE="2" OPERTYPEID="10" PREVID="0" NEXTID="0" UPDATEDATE="2025-10-01" STARTDATE="2025-10-01" ENDDATE="2079-06-06" ISACTUAL="1" ISACTIVE="1" /><APARTMENT ID="111811606" OBJECTID="174971006" OBJECTGUID="be8a14f8-b482-4ba3-a5ce-90da6c38e7ec" CHANGEID="689777772" NUMBER="20" APARTTYPE="2" OPERTYPEID="10" PREVID="0" NEXTID="0" UPDATEDATE="2025-10-01" STARTDATE="2025-10-01" ENDDATE="2079-06-06" ISACTUAL="1" ISACTIVE="1" /><APARTMENT ID="111811607" OBJECTID="174971007" OBJECTGUID="1d9d1627-e752-4e4f-9ba6-e5d48d0991df" CHANGEID="689777773" NUMBER="19" APARTTYPE="2" OPERTYPEID="10" PREVID="0" NEXTID="0" UPDATEDATE="2025-10-01" STARTDATE="2025-10-01" ENDDATE="2079-06-06" ISACTUAL="1" ISACTIVE="1" /><APARTMENT ID="111811608" OBJECTID="174971008" OBJECTGUID="8ad5863e-61fc-45f1-af53-e1e537240931" CHANGEID="689777774" NUMBER="18" APARTTYPE="2" OPERTYPEID="10" PREVID="0" NEXTID="0" UPDATEDATE="2025-10-01" STARTDATE="2025-10-01" ENDDATE="2079-06-06" ISACTUAL="1" ISACTIVE="1" /><APARTMENT ID="111811609" OBJECTID="174971009" OBJECTGUID="9d3a47c2-b48e-4538-a82f-b3210347b0b3" CHANGEID="689777775" NUMBER="17" APARTTYPE="2" OPERTYPEID="10" PREVID="0" NEXTID="0" UPDATEDATE="2025-10-01" STARTDATE="2025-10-01" ENDDATE="2079-06-06" ISACTUAL="1" ISACTIVE="1" /><APARTMENT ID="111811610" OBJECTID="174971010" OBJECTGUID="57a9d8bf-061f-4ad8-a2c6-aa86ed93740a" CHANGEID="689777776" NUMBER="16" APARTTYPE="2" OPERTYPEID="10" PREVID="0" NEXTID="0" UPDATEDATE="2025-10-01" STARTDATE="2025-10-01" ENDDATE="2079-06-06" ISACTUAL="1" ISACTIVE="1" /><APARTMENT ID="111811611" OBJECTID="174971011" OBJECTGUID="7e7c8850-45e0-4cfc-831f-bf0dbe0194b9" CHANGEID="689777777" NUMBER="15" APARTTYPE="2" OPERTYPEID="10" PREVID="0" NEXTID="0" UPDATEDATE="2025-10-01" STARTDATE="2025-10-01" ENDDATE="2079-06-06" ISACTUAL="1" ISACTIVE="1" /><APARTMENT ID="111811612" OBJECTID="174971012" OBJECTGUID="145befdb-955d-40d2-8812-e1035b0d8b1e" CHANGEID="689777778" NUMBER="14" APARTTYPE="2" OPERTYPEID="10" PREVID="0" NEXTID="0" UPDATEDATE="2025-10-01" STARTDATE="2025-10-01" ENDDATE="2079-06-06" ISACTUAL="1" ISACTIVE="1" /><APARTMENT ID="111811613" OBJECTID="174971013" OBJECTGUID="a72a26b8-956d-4193-9221-43d5a092cc4f" CHANGEID="689777779" NUMBER="13" APARTTYPE="2" OPERTYPEID="10" PREVID="0" NEXTID="0" UPDATEDATE="2025-10-01" STARTDATE="2025-10-01" ENDDATE="2079-06-06" ISACTUAL="1" ISACTIVE="1" /><APARTMENT ID="111811614" OBJECTID="174971014" OBJECTGUID="1ad8bcc7-751f-4b90-8e6f-986605f1ad45" CHANGEID="689777780" NUMBER="12" APARTTYPE="2" OPERTYPEID="10" PREVID="0" NEXTID="0" UPDATEDATE="2025-10-01" STARTDATE="2025-10-01" ENDDATE="2079-06-06" ISACTUAL="1" ISACTIVE="1" /><APARTMENT ID="111811615" OBJECTID="174971015" OBJECTGUID="c7545c53-930b-417d-b5ed-6f0fbc4ba5d6" CHANGEID="689777781" NUMBER="11" APARTTYPE="2" OPERTYPEID="10" PREVID="0" NEXTID="0" UPDATEDATE="2025-10-01" STARTDATE="2025-10-01" ENDDATE="2079-06-06" ISACTUAL="1" ISACTIVE="1" /><APARTMENT ID="111811616" OBJECTID="174971016" OBJECTGUID="9d2d0e11-daec-4ef4-8820-2e34febc74f2" CHANGEID="689777782" NUMBER="10" APARTTYPE="2" OPERTYPEID="10" PREVID="0" NEXTID="0" UPDATEDATE="2025-10-01" STARTDATE="2025-10-01" ENDDATE="2079-06-06" ISACTUAL="1" ISACTIVE="1" /><APARTMENT ID="111811617" OBJECTID="174971017" OBJECTGUID="418de338-b3e3-4770-b39a-874b250cbdd5" CHANGEID="689777783" NUMBER="9" APARTTYPE="2" OPERTYPEID="10" PREVID="0" NEXTID="0" UPDATEDATE="2025-10-01" STARTDATE="2025-10-01" ENDDATE="2079-06-06" ISACTUAL="1" ISACTIVE="1" /><APARTMENT ID="111811618" OBJECTID="174971018" OBJECTGUID="af8d3d18-d818-48e3-8b95-41c640443e50" CHANGEID="689777784" NUMBER="8" APARTTYPE="2" OPERTYPEID="10" PREVID="0" NEXTID="0" UPDATEDATE="2025-10-01" STARTDATE="2025-10-01" ENDDATE="2079-06-06" ISACTUAL="1" ISACTIVE="1" /><APARTMENT ID="111811619" OBJECTID="174971019" OBJECTGUID="d187fa3d-4084-41d5-b93c-ea0f14989f53" CHANGEID="689777785" NUMBER="7" APARTTYPE="2" OPERTYPEID="10" PREVID="0" NEXTID="0" UPDATEDATE="2025-10-01" STARTDATE="2025-10-01" ENDDATE="2079-06-06" ISACTUAL="1" ISACTIVE="1" /><APARTMENT ID="111811620" OBJECTID="174971020" OBJECTGUID="0d52fd4e-c330-478e-aab7-abf25d223ab9" CHANGEID="689777786" NUMBER="6" APARTTYPE="2" OPERTYPEID="10" PREVID="0" NEXTID="0" UPDATEDATE="2025-10-01" STARTDATE="2025-10-01" ENDDATE="2079-06-06" ISACTUAL="1" ISACTIVE="1" /><APARTMENT ID="111811621" OBJECTID="174971021" OBJECTGUID="d1c5ebeb-2a42-4d06-9f71-26c615bc37f2" CHANGEID="689777787" NUMBER="5" APARTTYPE="2" OPERTYPEID="10" PREVID="0" NEXTID="0" UPDATEDATE="2025-10-01" STARTDATE="2025-10-01" ENDDATE="2079-06-06" ISACTUAL="1" ISACTIVE="1" /><APARTMENT ID="111811622" OBJECTID="174971022" OBJECTGUID="68922df3-f730-4979-a907-d7880411364b" CHANGEID="689777788" NUMBER="4" APARTTYPE="2" OPERTYPEID="10" PREVID="0" NEXTID="0" UPDATEDATE="2025-10-01" STARTDATE="2025-10-01" ENDDATE="2079-06-06" ISACTUAL="1" ISACTIVE="1" /><APARTMENT ID="111811623" OBJECTID="174971023" OBJECTGUID="3b846b3c-37ef-4743-8d5e-5c3388b74be2" CHANGEID="689777789" NUMBER="3" APARTTYPE="2" OPERTYPEID="10" PREVID="0" NEXTID="0" UPDATEDATE="2025-10-01" STARTDATE="2025-10-01" ENDDATE="2079-06-06" ISACTUAL="1" ISACTIVE="1" /><APARTMENT ID="111811624" OBJECTID="174971024" OBJECTGUID="9c58c18d-9547-4ad9-b1cb-5f08f56622a7" CHANGEID="689777790" NUMBER="2" APARTTYPE="2" OPERTYPEID="10" PREVID="0" NEXTID="0" UPDATEDATE="2025-10-01" STARTDATE="2025-10-01" ENDDATE="2079-06-06" ISACTUAL="1" ISACTIVE="1" /><APARTMENT ID="111811625" OBJECTID="174971025" OBJECTGUID="f32f0498-bf85-49e6-b42d-add1ccaf8c31" CHANGEID="689777791" NUMBER="1" APARTTYPE="2" OPERTYPEID="10" PREVID="0" NEXTID="0" UPDATEDATE="2025-10-01" STARTDATE="2025-10-01" ENDDATE="2079-06-06" ISACTUAL="1" ISACTIVE="1" /><APARTMENT ID="111811713" OBJECTID="30694841" OBJECTGUID="04b5a651-9c16-415a-a905-cb4a4d593bcd" CHANGEID="689779620" NUMBER="7" APARTTYPE="2" OPERTYPEID="30" PREVID="17713030" NEXTID="0" UPDATEDATE="2025-10-01" STARTDATE="2025-10-01" ENDDATE="2079-06-06" ISACTUAL="1" ISACTIVE="0" /><APARTMENT ID="17713030" OBJECTID="30694841" OBJECTGUID="04b5a651-9c16-415a-a905-cb4a4d593bcd" CHANGEID="46992201" NUMBER="7" APARTTYPE="2" OPERTYPEID="10" PREVID="0" NEXTID="111811713" UPDATEDATE="2025-10-01" STARTDATE="2016-12-01" ENDDATE="2025-10-01" ISACTUAL="0" ISACTIVE="0" /><APARTMENT ID="111811714" OBJECTID="30695707" OBJECTGUID="39bce207-6c01-4ab8-8ff8-3d5a67e60b74" CHANGEID="689779621" NUMBER="11" APARTTYPE="2" OPERTYPEID="30" PREVID="17713568" NEXTID="0" UPDATEDATE="2025-10-01" STARTDATE="2025-10-01" ENDDATE="2079-06-06" ISACTUAL="1" ISACTIVE="0" /><APARTMENT ID="17713568" OBJECTID="30695707" OBJECTGUID="39bce207-6c01-4ab8-8ff8-3d5a67e60b74" CHANGEID="46993482" NUMBER="11" APARTTYPE="2" OPERTYPEID="10" PREVID="0" NEXTID="111811714" UPDATEDATE="2025-10-01" STARTDATE="2016-12-01" ENDDATE="2025-10-01" ISACTUAL="0" ISACTIVE="0" /><APARTMENT ID="111811715" OBJECTID="30695762" OBJECTGUID="53ff85b3-d4c2-4c84-8153-461f112aaae1" CHANGEID="689779622" NUMBER="10" APARTTYPE="2" OPERTYPEID="30" PREVID="17713583" NEXTID="0" UPDATEDATE="2025-10-01" STARTDATE="2025-10-01" ENDDATE="2079-06-06" ISACTUAL="1" ISACTIVE="0" /><APARTMENT ID="17713583" OBJECTID="30695762" OBJECTGUID="53ff85b3-d4c2-4c84-8153-461f112aaae1" CHANGEID="46993528" NUMBER="10" APARTTYPE="2" OPERTYPEID="10" PREVID="0" NEXTID="111811715" UPDATEDATE="2025-10-01" STARTDATE="2016-12-01" ENDDATE="2025-10-01" ISACTUAL="0" ISACTIVE="0" /><APARTMENT ID="111811716" OBJECTID="30695983" OBJECTGUID="578426ae-1a71-44a9-8eee-8d9566f3312b" CHANGEID="689779623" NUMBER="1" APARTTYPE="2" OPERTYPEID="30" PREVID="17713701" NEXTID="0" UPDATEDATE="2025-10-01" STARTDATE="2025-10-01" ENDDATE="2079-06-06" ISACTUAL="1" ISACTIVE="0" /><APARTMENT ID="17713701" OBJECTID="30695983" OBJECTGUID="578426ae-1a71-44a9-8eee-8d9566f3312b" CHANGEID="46993850" NUMBER="1" APARTTYPE="2" OPERTYPEID="10" PREVID="0" NEXTID="111811716" UPDATEDATE="2025-10-01" STARTDATE="2016-12-01" ENDDATE="2025-10-01" ISACTUAL="0" ISACTIVE="0" /><APARTMENT ID="111811717" OBJECTID="30696022" OBJECTGUID="62cf73f5-90f8-4560-805a-be6810803065" CHANGEID="689779624" NUMBER="8" APARTTYPE="2" OPERTYPEID="30" PREVID="17713731" NEXTID="0" UPDATEDATE="2025-10-01" STARTDATE="2025-10-01" ENDDATE="2079-06-06" ISACTUAL="1" ISACTIVE="0" /><APARTMENT ID="17713731" OBJECTID="30696022" OBJECTGUID="62cf73f5-90f8-4560-805a-be6810803065" CHANGEID="46993910" NUMBER="8" APARTTYPE="2" OPERTYPEID="10" PREVID="0" NEXTID="111811717" UPDATEDATE="2025-10-01" STARTDATE="2016-12-01" ENDDATE="2025-10-01" ISACTUAL="0" ISACTIVE="0" /><APARTMENT ID="111811718" OBJECTID="30696042" OBJECTGUID="69aaefd2-bfaf-454d-b1fe-68fc1ab9a3f1" CHANGEID="689779625" NUMBER="14" APARTTYPE="2" OPERTYPEID="30" PREVID="17713748" NEXTID="0" UPDATEDATE="2025-10-01" STARTDATE="2025-10-01" ENDDATE="2079-06-06" ISACTUAL="1" ISACTIVE="0" /><APARTMENT ID="17713748" OBJECTID="30696042" OBJECTGUID="69aaefd2-bfaf-454d-b1fe-68fc1ab9a3f1" CHANGEID="46993940" NUMBER="14" APARTTYPE="2" OPERTYPEID="10" PREVID="0" NEXTID="111811718" UPDATEDATE="2025-10-01" STARTDATE="2016-12-01" ENDDATE="2025-10-01" ISACTUAL="0" ISACTIVE="0" /><APARTMENT ID="111811719" OBJECTID="30696179" OBJECTGUID="7427ed12-4108-4774-b3c5-a05a8d25ee88" CHANGEID="689779626" NUMBER="4" APARTTYPE="2" OPERTYPEID="30" PREVID="17713867" NEXTID="0" UPDATEDATE="2025-10-01" STARTDATE="2025-10-01" ENDDATE="2079-06-06" ISACTUAL="1" ISACTIVE="0" /><APARTMENT ID="17713867" OBJECTID="30696179" OBJECTGUID="7427ed12-4108-4774-b3c5-a05a8d25ee88" CHANGEID="46994180" NUMBER="4" APARTTYPE="2" OPERTYPEID="10" PREVID="0" NEXTID="111811719" UPDATEDATE="2025-10-01" STARTDATE="2016-12-01" ENDDATE="2025-10-01" ISACTUAL="0" ISACTIVE="0" /><APARTMENT ID="111811720" OBJECTID="30696244" OBJECTGUID="79828d57-1b75-4326-8405-1c85142e046b" CHANGEID="689779627" NUMBER="5" APARTTYPE="2" OPERTYPEID="30" PREVID="17713879" NEXTID="0" UPDATEDATE="2025-10-01" STARTDATE="2025-10-01" ENDDATE="2079-06-06" ISACTUAL="1" ISACTIVE="0" /><APARTMENT ID="17713879" OBJECTID="30696244" OBJECTGUID="79828d57-1b75-4326-8405-1c85142e046b" CHANGEID="46994267" NUMBER="5" APARTTYPE="2" OPERTYPEID="10" PREVID="0" NEXTID="111811720" UPDATEDATE="2025-10-01" STARTDATE="2016-12-01" ENDDATE="2025-10-01" ISACTUAL="0" ISACTIVE="0" /><APARTMENT ID="111811721" OBJECTID="30696388" OBJECTGUID="ac468e41-f6dc-422f-855b-e5253cf24122" CHANGEID="689779628" NUMBER="6" APARTTYPE="2" OPERTYPEID="30" PREVID="17713965" NEXTID="0" UPDATEDATE="2025-10-01" STARTDATE="2025-10-01" ENDDATE="2079-06-06" ISACTUAL="1" ISACTIVE="0" /><APARTMENT ID="17713965" OBJECTID="30696388" OBJECTGUID="ac468e41-f6dc-422f-855b-e5253cf24122" CHANGEID="46994469" NUMBER="6" APARTTYPE="2" OPERTYPEID="10" PREVID="0" NEXTID="111811721" UPDATEDATE="2025-10-01" STARTDATE="2016-12-01" ENDDATE="2025-10-01" ISACTUAL="0" ISACTIVE="0" /><APARTMENT ID="111811722" OBJECTID="30696412" OBJECTGUID="c57428cb-4bfc-4bd4-9aaa-3ff0b6c9055d" CHANGEID="689779629" NUMBER="2" APARTTYPE="2" OPERTYPEID="30" PREVID="17713984" NEXTID="0" UPDATEDATE="2025-10-01" STARTDATE="2025-10-01" ENDDATE="2079-06-06" ISACTUAL="1" ISACTIVE="0" /><APARTMENT ID="17713984" OBJECTID="30696412" OBJECTGUID="c57428cb-4bfc-4bd4-9aaa-3ff0b6c9055d" CHANGEID="46994514" NUMBER="2" APARTTYPE="2" OPERTYPEID="10" PREVID="0" NEXTID="111811722" UPDATEDATE="2025-10-01" STARTDATE="2016-12-01" ENDDATE="2025-10-01" ISACTUAL="0" ISACTIVE="0" /><APARTMENT ID="111811723" OBJECTID="30696763" OBJECTGUID="cb8d59ae-691b-4c27-942b-4b6e5b2ec637" CHANGEID="689779630" NUMBER="9" APARTTYPE="2" OPERTYPEID="30" PREVID="17714208" NEXTID="0" UPDATEDATE="2025-10-01" STARTDATE="2025-10-01" ENDDATE="2079-06-06" ISACTUAL="1" ISACTIVE="0" /><APARTMENT ID="17714208" OBJECTID="30696763" OBJECTGUID="cb8d59ae-691b-4c27-942b-4b6e5b2ec637" CHANGEID="46994988" NUMBER="9" APARTTYPE="2" OPERTYPEID="10" PREVID="0" NEXTID="111811723" UPDATEDATE="2025-10-01" STARTDATE="2016-12-01" ENDDATE="2025-10-01" ISACTUAL="0" ISACTIVE="0" /><APARTMENT ID="111811724" OBJECTID="30697252" OBJECTGUID="cbe183dd-0f86-4069-8fc4-ac3e99fd2a21" CHANGEID="689779631" NUMBER="13" APARTTYPE="2" OPERTYPEID="30" PREVID="17714496" NEXTID="0" UPDATEDATE="2025-10-01" STARTDATE="2025-10-01" ENDDATE="2079-06-06" ISACTUAL="1" ISACTIVE="0" /><APARTMENT ID="17714496" OBJECTID="30697252" OBJECTGUID="cbe183dd-0f86-4069-8fc4-ac3e99fd2a21" CHANGEID="46995673" NUMBER="13" APARTTYPE="2" OPERTYPEID="10" PREVID="0" NEXTID="111811724" UPDATEDATE="2025-10-01" STARTDATE="2016-12-01" ENDDATE="2025-10-01" ISACTUAL="0" ISACTIVE="0" /><APARTMENT ID="111811725" OBJECTID="30697313" OBJECTGUID="ce077967-43e2-4f8f-95a6-5e5bd022f141" CHANGEID="689779632" NUMBER="3" APARTTYPE="2" OPERTYPEID="30" PREVID="17714538" NEXTID="0" UPDATEDATE="2025-10-01" STARTDATE="2025-10-01" ENDDATE="2079-06-06" ISACTUAL="1" ISACTIVE="0" /><APARTMENT ID="17714538" OBJECTID="30697313" OBJECTGUID="ce077967-43e2-4f8f-95a6-5e5bd022f141" CHANGEID="46995768" NUMBER="3" APARTTYPE="2" OPERTYPEID="10" PREVID="0" NEXTID="111811725" UPDATEDATE="2025-10-01" STARTDATE="2016-12-01" ENDDATE="2025-10-01" ISACTUAL="0" ISACTIVE="0" /><APARTMENT ID="111811726" OBJECTID="30697647" OBJECTGUID="f93a6784-b131-45c5-abba-1b08fd15c054" CHANGEID="689779633" NUMBER="12" APARTTYPE="2" OPERTYPEID="30" PREVID="17714784" NEXTID="0" UPDATEDATE="2025-10-01" STARTDATE="2025-10-01" ENDDATE="2079-06-06" ISACTUAL="1" ISACTIVE="0" /><APARTMENT ID="17714784" OBJECTID="30697647" OBJECTGUID="f93a6784-b131-45c5-abba-1b08fd15c054" CHANGEID="46996211" NUMBER="12" APARTTYPE="2" OPERTYPEID="10" PREVID="0" NEXTID="111811726" UPDATEDATE="2025-10-01" STARTDATE="2016-12-01" ENDDATE="2025-10-01" ISACTUAL="0" ISACTIVE="0" /><APARTMENT ID="111811734" OBJECTID="174971972" OBJECTGUID="96dce1aa-2274-4d88-8235-15ac0d974d1d" CHANGEID="689780071" NUMBER="507" APARTTYPE="2" OPERTYPEID="10" PREVID="0" NEXTID="0" UPDATEDATE="2025-10-01" STARTDATE="2025-10-01" ENDDATE="2079-06-06" ISACTUAL="1" ISACTIVE="1" /><APARTMENT ID="111811735" OBJECTID="174971973" OBJECTGUID="0500d7ea-8f64-495f-8326-cb3dc19dd5da" CHANGEID="689780072" NUMBER="506" APARTTYPE="2" OPERTYPEID="10" PREVID="0" NEXTID="0" UPDATEDATE="2025-10-01" STARTDATE="2025-10-01" ENDDATE="2079-06-06" ISACTUAL="1" ISACTIVE="1" /><APARTMENT ID="111811736" OBJECTID="174971974" OBJECTGUID="18d7c49a-3e06-477e-9f46-d962d4322108" CHANGEID="689780073" NUMBER="505" APARTTYPE="2" OPERTYPEID="10" PREVID="0" NEXTID="0" UPDATEDATE="2025-10-01" STARTDATE="2025-10-01" ENDDATE="2079-06-06" ISACTUAL="1" ISACTIVE="1" /><APARTMENT ID="111811737" OBJECTID="174971975" OBJECTGUID="bfc120a4-f2cb-4c0a-939a-0fdd34ae76b2" CHANGEID="689780074" NUMBER="504" APARTTYPE="2" OPERTYPEID="10" PREVID="0" NEXTID="0" UPDATEDATE="2025-10-01" STARTDATE="2025-10-01" ENDDATE="2079-06-06" ISACTUAL="1" ISACTIVE="1" /><APARTMENT ID="111811738" OBJECTID="174971976" OBJECTGUID="d05e2992-bdb6-4b25-999e-a09435b638b4" CHANGEID="689780075" NUMBER="503" APARTTYPE="2" OPERTYPEID="10" PREVID="0" NEXTID="0" UPDATEDATE="2025-10-01" STARTDATE="2025-10-01" ENDDATE="2079-06-06" ISACTUAL="1" ISACTIVE="1" /><APARTMENT ID="111811739" OBJECTID="174971977" OBJECTGUID="23ad5ac5-4054-4a23-b38e-06d2e7af7e67" CHANGEID="689780076" NUMBER="502" APARTTYPE="2" OPERTYPEID="10" PREVID="0" NEXTID="0" UPDATEDATE="2025-10-01" STARTDATE="2025-10-01" ENDDATE="2079-06-06" ISACTUAL="1" ISACTIVE="1" /><APARTMENT ID="111811740" OBJECTID="174971978" OBJECTGUID="e46ef08d-f774-449d-86db-299000047e24" CHANGEID="689780077" NUMBER="501" APARTTYPE="2" OPERTYPEID="10" PREVID="0" NEXTID="0" UPDATEDATE="2025-10-01" STARTDATE="2025-10-01" ENDDATE="2079-06-06" ISACTUAL="1" ISACTIVE="1" /><APARTMENT ID="111811741" OBJECTID="174971979" OBJECTGUID="b31c69af-0aec-49c5-853e-7b3a96284b0b" CHANGEID="689780078" NUMBER="407" APARTTYPE="2" OPERTYPEID="10" PREVID="0" NEXTID="0" UPDATEDATE="2025-10-01" STARTDATE="2025-10-01" ENDDATE="2079-06-06" ISACTUAL="1" ISACTIVE="1" /><APARTMENT ID="111811742" OBJECTID="174971980" OBJECTGUID="f1269d1e-cc01-439a-b730-618107a00913" CHANGEID="689780079" NUMBER="406" APARTTYPE="2" OPERTYPEID="10" PREVID="0" NEXTID="0" UPDATEDATE="2025-10-01" STARTDATE="2025-10-01" ENDDATE="2079-06-06" ISACTUAL="1" ISACTIVE="1" /><APARTMENT ID="111811743" OBJECTID="174971981" OBJECTGUID="2f8b12c5-e470-4015-a9b8-686f1cee54a5" CHANGEID="689780080" NUMBER="405" APARTTYPE="2" OPERTYPEID="10" PREVID="0" NEXTID="0" UPDATEDATE="2025-10-01" STARTDATE="2025-10-01" ENDDATE="2079-06-06" ISACTUAL="1" ISACTIVE="1" /><APARTMENT ID="111811744" OBJECTID="174971982" OBJECTGUID="e0a31be6-8f45-4688-99ee-8347c2e49e6c" CHANGEID="689780081" NUMBER="403" APARTTYPE="2" OPERTYPEID="10" PREVID="0" NEXTID="0" UPDATEDATE="2025-10-01" STARTDATE="2025-10-01" ENDDATE="2079-06-06" ISACTUAL="1" ISACTIVE="1" /><APARTMENT ID="111811745" OBJECTID="174971983" OBJECTGUID="b3bfbedb-9818-490f-a916-8ed68840041e" CHANGEID="689780082" NUMBER="402" APARTTYPE="2" OPERTYPEID="10" PREVID="0" NEXTID="0" UPDATEDATE="2025-10-01" STARTDATE="2025-10-01" ENDDATE="2079-06-06" ISACTUAL="1" ISACTIVE="1" /><APARTMENT ID="111811746" OBJECTID="174971984" OBJECTGUID="faf96a3d-5420-44ef-a363-2badaeef5080" CHANGEID="689780083" NUMBER="401" APARTTYPE="2" OPERTYPEID="10" PREVID="0" NEXTID="0" UPDATEDATE="2025-10-01" STARTDATE="2025-10-01" ENDDATE="2079-06-06" ISACTUAL="1" ISACTIVE="1" /><APARTMENT ID="111811747" OBJECTID="174971985" OBJECTGUID="4b3b8af5-ea01-47f6-9245-421ab515a31d" CHANGEID="689780084" NUMBER="113" APARTTYPE="2" OPERTYPEID="10" PREVID="0" NEXTID="0" UPDATEDATE="2025-10-01" STARTDATE="2025-10-01" ENDDATE="2079-06-06" ISACTUAL="1" ISACTIVE="1" /><APARTMENT ID="111811748" OBJECTID="174971986" OBJECTGUID="320cc522-5429-43e7-88bb-963d4302ef69" CHANGEID="689780085" NUMBER="112" APARTTYPE="2" OPERTYPEID="10" PREVID="0" NEXTID="0" UPDATEDATE="2025-10-01" STARTDATE="2025-10-01" ENDDATE="2079-06-06" ISACTUAL="1" ISACTIVE="1" /><APARTMENT ID="111811749" OBJECTID="174971987" OBJECTGUID="1ccd81a8-5354-48ba-acc3-0ee154cd872f" CHANGEID="689780086" NUMBER="111" APARTTYPE="2" OPERTYPEID="10" PREVID="0" NEXTID="0" UPDATEDATE="2025-10-01" STARTDATE="2025-10-01" ENDDATE="2079-06-06" ISACTUAL="1" ISACTIVE="1" /></APARTMENTS>