﻿<?xml version="1.0" encoding="utf-8"?><REESTR_OBJECTS><OBJECT OBJECTID="6513019" OBJECTGUID="77d7ed47-aad6-41df-888c-dd121e7e0403" CHANGEID="689701767" ISACTIVE="1" LEVELID="10" CREATEDATE="2012-08-30" UPDATEDATE="2025-09-30" /><OBJECT OBJECTID="28643785" OBJECTGUID="1df6e5a8-a00a-415d-8829-71acf7c23bc1" CHANGEID="689623233" ISACTIVE="1" LEVELID="11" CREATEDATE="2018-02-22" UPDATEDATE="2025-09-29" /><OBJECT OBJECTID="28645639" OBJECTGUID="830e38e3-3735-4904-8cc5-0d5a18ed87e2" CHANGEID="689623210" ISACTIVE="1" LEVELID="10" CREATEDATE="2017-12-17" UPDATEDATE="2025-09-29" /><OBJECT OBJECTID="30694841" OBJECTGUID="04b5a651-9c16-415a-a905-cb4a4d593bcd" CHANGEID="689779620" ISACTIVE="0" LEVELID="11" CREATEDATE="2017-02-09" UPDATEDATE="2025-10-01" /><OBJECT OBJECTID="30697252" OBJECTGUID="cbe183dd-0f86-4069-8fc4-ac3e99fd2a21" CHANGEID="689779631" ISACTIVE="0" LEVELID="11" CREATEDATE="2017-02-09" UPDATEDATE="2025-10-01" /><OBJECT OBJECTID="30696412" OBJECTGUID="c57428cb-4bfc-4bd4-9aaa-3ff0b6c9055d" CHANGEID="689779629" ISACTIVE="0" LEVELID="11" CREATEDATE="2017-02-09" UPDATEDATE="2025-10-01" /><OBJECT OBJECTID="77587187" OBJECTGUID="b44cc8e9-1a9b-4b58-8d86-e2e4b6c51998" CHANGEID="689733779" ISACTIVE="1" LEVELID="10" CREATEDATE="2012-02-04" UPDATEDATE="2025-09-30" /><OBJECT OBJECTID="59280542" OBJECTGUID="d36b6f5f-f407-41fd-8743-6ba358e8debc" CHANGEID="689777638" ISACTIVE="1" LEVELID="10" CREATEDATE="2017-12-18" UPDATEDATE="2025-10-01" /><OBJECT OBJECTID="74635516" OBJECTGUID="dc09434f-26a8-4c2c-af61-cbae94fc6e6b" CHANGEID="689708248" ISACTIVE="0" LEVELID="10" CREATEDATE="2017-12-18" UPDATEDATE="2025-09-30" /><OBJECT OBJECTID="45695313" OBJECTGUID="d8403d5d-067d-4a75-bd8c-dc08990064be" CHANGEID="689701216" ISACTIVE="0" LEVELID="10" CREATEDATE="2019-12-14" UPDATEDATE="2025-09-30" /><OBJECT OBJECTID="41274395" OBJECTGUID="5e273ad0-07b6-4ff4-8dde-778ef841840e" CHANGEID="689777713" ISACTIVE="1" LEVELID="10" CREATEDATE="2017-12-18" UPDATEDATE="2025-10-01" /><OBJECT OBJECTID="45696346" OBJECTGUID="ea538dde-59cc-4f4c-b6b6-dc7228512176" CHANGEID="689649953" ISACTIVE="0" LEVELID="10" CREATEDATE="2019-12-14" UPDATEDATE="2025-09-29" /><OBJECT OBJECTID="63225495" OBJECTGUID="514be8e7-f566-4072-9a2e-4e8b2749fe85" CHANGEID="689731603" ISACTIVE="1" LEVELID="10" CREATEDATE="2011-12-13" UPDATEDATE="2025-09-30" /><OBJECT OBJECTID="24086022" OBJECTGUID="4a8927ed-967a-48da-a4b6-dc668007a64f" CHANGEID="689632800" ISACTIVE="1" LEVELID="10" CREATEDATE="2015-12-03" UPDATEDATE="2025-09-29" /><OBJECT OBJECTID="42757471" OBJECTGUID="c2c57dd3-4ffd-449e-bd29-f19156c7b064" CHANGEID="689631379" ISACTIVE="1" LEVELID="10" CREATEDATE="2019-07-09" UPDATEDATE="2025-09-29" /><OBJECT OBJECTID="44560472" OBJECTGUID="aa1faff7-87e6-46f2-828b-4df54245de2b" CHANGEID="689631371" ISACTIVE="1" LEVELID="10" CREATEDATE="2011-12-27" UPDATEDATE="2025-09-29" /><OBJECT OBJECTID="38954463" OBJECTGUID="49e6f2f9-a9e8-4ec2-a76a-d46e75d5017e" CHANGEID="689631358" ISACTIVE="1" LEVELID="10" CREATEDATE="2011-12-27" UPDATEDATE="2025-09-29" /><OBJECT OBJECTID="18647013" OBJECTGUID="c183504d-3d92-44d6-a0e6-24d38bbb0415" CHANGEID="689631362" ISACTIVE="1" LEVELID="10" CREATEDATE="2011-12-27" UPDATEDATE="2025-09-29" /><OBJECT OBJECTID="21769377" OBJECTGUID="b04dcbc1-d044-474f-9cfc-6ec673daa2a5" CHANGEID="689632757" ISACTIVE="1" LEVELID="10" CREATEDATE="2012-02-02" UPDATEDATE="2025-09-29" /><OBJECT OBJECTID="19477671" OBJECTGUID="b6ce2cdd-8dec-4422-b8aa-e76dd23d4f25" CHANGEID="689631427" ISACTIVE="1" LEVELID="10" CREATEDATE="2012-02-02" UPDATEDATE="2025-09-29" /><OBJECT OBJECTID="19459569" OBJECTGUID="48032b88-fff5-46bd-b11d-a6c59bad16f1" CHANGEID="689632742" ISACTIVE="1" LEVELID="10" CREATEDATE="2012-02-02" UPDATEDATE="2025-09-29" /><OBJECT OBJECTID="19449806" OBJECTGUID="6de81bac-c3b8-4ddc-9bd0-3a0cdc0af11f" CHANGEID="689632749" ISACTIVE="1" LEVELID="10" CREATEDATE="2012-02-02" UPDATEDATE="2025-09-29" /><OBJECT OBJECTID="36769492" OBJECTGUID="3667cf2c-538f-41af-bf1f-71e9014cac89" CHANGEID="689628472" ISACTIVE="1" LEVELID="10" CREATEDATE="2019-07-09" UPDATEDATE="2025-09-29" /><OBJECT OBJECTID="48248503" OBJECTGUID="f00c6052-764c-49e7-82e8-9a63f4493da7" CHANGEID="689701758" ISACTIVE="1" LEVELID="10" CREATEDATE="2012-08-30" UPDATEDATE="2025-09-30" /><OBJECT OBJECTID="50168567" OBJECTGUID="01e40f27-02b3-4357-92ff-dc3c9f87ca2e" CHANGEID="689777632" ISACTIVE="1" LEVELID="10" CREATEDATE="2011-12-02" UPDATEDATE="2025-10-01" /><OBJECT OBJECTID="83375106" OBJECTGUID="d0c56fbe-141a-48f1-998e-430185c10f97" CHANGEID="689631359" ISACTIVE="1" LEVELID="10" CREATEDATE="2011-12-27" UPDATEDATE="2025-09-29" /><OBJECT OBJECTID="4944909" OBJECTGUID="d4a884fb-eb44-4fbb-b55a-646a8aa745b1" CHANGEID="689704352" ISACTIVE="0" LEVELID="10" CREATEDATE="2017-12-12" UPDATEDATE="2025-09-30" /><OBJECT OBJECTID="79855511" OBJECTGUID="09db454f-4815-4d5a-9a30-245d41e8f1ea" CHANGEID="689734039" ISACTIVE="0" LEVELID="10" CREATEDATE="2017-12-17" UPDATEDATE="2025-09-30" /><OBJECT OBJECTID="11140757" OBJECTGUID="040f2540-e9fa-47eb-8fcb-e418485aed7a" CHANGEID="689701757" ISACTIVE="1" LEVELID="10" CREATEDATE="2012-08-30" UPDATEDATE="2025-09-30" /><OBJECT OBJECTID="54896557" OBJECTGUID="4727f7ae-9669-4331-8ea9-d0f8ee06b190" CHANGEID="689701788" ISACTIVE="1" LEVELID="10" CREATEDATE="2017-04-05" UPDATEDATE="2025-09-30" /><OBJECT OBJECTID="54958280" OBJECTGUID="bbf543f0-13d5-4dd2-8c69-bccb6d687e53" CHANGEID="689708371" ISACTIVE="1" LEVELID="11" CREATEDATE="2017-04-10" UPDATEDATE="2025-09-30" /><OBJECT OBJECTID="55680723" OBJECTGUID="6606818b-4aa3-4226-ab15-b56e5b42fb38" CHANGEID="689701427" ISACTIVE="1" LEVELID="11" CREATEDATE="2017-04-10" UPDATEDATE="2025-09-30" /><OBJECT OBJECTID="170905627" OBJECTGUID="5dca134a-944d-4487-b01e-30f953723670" CHANGEID="689623073" ISACTIVE="1" LEVELID="9" CREATEDATE="2025-03-12" UPDATEDATE="2025-09-29" /><OBJECT OBJECTID="48843223" OBJECTGUID="b956a5fc-66bd-4279-9d3d-5262574712d1" CHANGEID="689701423" ISACTIVE="1" LEVELID="11" CREATEDATE="2017-04-11" UPDATEDATE="2025-09-30" /><OBJECT OBJECTID="59098019" OBJECTGUID="47980797-d310-46cd-96ff-a9ed51b51762" CHANGEID="689623236" ISACTIVE="1" LEVELID="10" CREATEDATE="2017-12-18" UPDATEDATE="2025-09-29" /><OBJECT OBJECTID="55760295" OBJECTGUID="35c5be4d-969e-4496-958a-d37eab8be65b" CHANGEID="689701777" ISACTIVE="1" LEVELID="10" CREATEDATE="2012-08-30" UPDATEDATE="2025-09-30" /><OBJECT OBJECTID="63245889" OBJECTGUID="2fe894cc-39b7-4c7e-89bc-5bddc8fca463" CHANGEID="689707603" ISACTIVE="1" LEVELID="10" CREATEDATE="2017-12-18" UPDATEDATE="2025-09-30" /><OBJECT OBJECTID="70584908" OBJECTGUID="3fbd6987-f1d8-4cdf-b4f8-1fcc0804723f" CHANGEID="689623074" ISACTIVE="1" LEVELID="10" CREATEDATE="2017-12-17" UPDATEDATE="2025-09-29" /><OBJECT OBJECTID="44457513" OBJECTGUID="24d8f86c-c7ee-4385-bd67-4d014cedaca1" CHANGEID="689706321" ISACTIVE="1" LEVELID="10" CREATEDATE="2011-11-30" UPDATEDATE="2025-09-30" /><OBJECT OBJECTID="68355930" OBJECTGUID="df50090b-70f9-44ce-8ebc-43f6123bad8a" CHANGEID="689778522" ISACTIVE="1" LEVELID="10" CREATEDATE="2019-07-09" UPDATEDATE="2025-10-01" /><OBJECT OBJECTID="59096857" OBJECTGUID="4d889d69-19d8-4fde-9adf-55a710a3acb8" CHANGEID="689623237" ISACTIVE="1" LEVELID="10" CREATEDATE="2017-12-18" UPDATEDATE="2025-09-29" /><OBJECT OBJECTID="59097610" OBJECTGUID="361d5522-4265-4774-9394-a34ef7d92926" CHANGEID="689623238" ISACTIVE="1" LEVELID="10" CREATEDATE="2017-12-18" UPDATEDATE="2025-09-29" /><OBJECT OBJECTID="54930074" OBJECTGUID="e2f47c70-50d0-4f0d-960e-3acfb7a3ca23" CHANGEID="689708362" ISACTIVE="1" LEVELID="10" CREATEDATE="2012-08-30" UPDATEDATE="2025-09-30" /><OBJECT OBJECTID="59952730" OBJECTGUID="16b144bc-307e-4ca8-a7c2-b3b2b0ffc399" CHANGEID="689706315" ISACTIVE="1" LEVELID="10" CREATEDATE="2018-02-27" UPDATEDATE="2025-09-30" /><OBJECT OBJECTID="62938453" OBJECTGUID="b897a987-004b-42b0-8eef-f1b77585edc5" CHANGEID="689710425" ISACTIVE="1" LEVELID="10" CREATEDATE="2019-07-09" UPDATEDATE="2025-09-30" /><OBJECT OBJECTID="64776154" OBJECTGUID="e6d23eda-47f2-495d-88ab-7f9dfdf27d99" CHANGEID="689701766" ISACTIVE="1" LEVELID="10" CREATEDATE="2012-08-30" UPDATEDATE="2025-09-30" /><OBJECT OBJECTID="44539922" OBJECTGUID="18b64536-bc98-45b0-becd-ba267bf3c573" CHANGEID="689631366" ISACTIVE="1" LEVELID="10" CREATEDATE="2011-12-27" UPDATEDATE="2025-09-29" /><OBJECT OBJECTID="9298749" OBJECTGUID="1003eaeb-7a5c-4538-929a-30d49e920e85" CHANGEID="689701770" ISACTIVE="1" LEVELID="10" CREATEDATE="2017-01-29" UPDATEDATE="2025-09-30" /><OBJECT OBJECTID="60493166" OBJECTGUID="f09ddc7b-ad2a-4805-983b-75efa38b555d" CHANGEID="689701887" ISACTIVE="0" LEVELID="10" CREATEDATE="2016-07-07" UPDATEDATE="2025-09-30" /><OBJECT OBJECTID="60009138" OBJECTGUID="1316fa69-0ae7-42e8-af86-5060fbc93eed" CHANGEID="689777635" ISACTIVE="1" LEVELID="10" CREATEDATE="2017-12-18" UPDATEDATE="2025-10-01" /><OBJECT OBJECTID="32516924" OBJECTGUID="1e831326-ce05-4812-8234-59d477f18d12" CHANGEID="689631387" ISACTIVE="1" LEVELID="10" CREATEDATE="2012-01-18" UPDATEDATE="2025-09-29" /><OBJECT OBJECTID="69527154" OBJECTGUID="a5dd3920-4047-4749-9b84-ff515f5ee2ad" CHANGEID="689701401" ISACTIVE="1" LEVELID="11" CREATEDATE="2017-04-06" UPDATEDATE="2025-09-30" /><OBJECT OBJECTID="69620839" OBJECTGUID="163dbe00-fa05-4dad-8a6c-e93fa3b648b6" CHANGEID="689701406" ISACTIVE="1" LEVELID="11" CREATEDATE="2017-04-10" UPDATEDATE="2025-09-30" /><OBJECT OBJECTID="69963772" OBJECTGUID="1b196851-40ab-4b5e-8c03-82d693699136" CHANGEID="689701409" ISACTIVE="1" LEVELID="11" CREATEDATE="2017-06-06" UPDATEDATE="2025-09-30" /><OBJECT OBJECTID="70326448" OBJECTGUID="d3d67540-5743-4e2b-977b-4720ff6cbddf" CHANGEID="689777728" ISACTIVE="1" LEVELID="10" CREATEDATE="2017-12-18" UPDATEDATE="2025-10-01" /><OBJECT OBJECTID="70517282" OBJECTGUID="83b4f7c1-3621-4ba8-b024-e3af28d018ed" CHANGEID="689623235" ISACTIVE="1" LEVELID="10" CREATEDATE="2017-04-24" UPDATEDATE="2025-09-29" /><OBJECT OBJECTID="74276202" OBJECTGUID="df8f26b9-ea0e-4969-a47d-b535447321b8" CHANGEID="689777650" ISACTIVE="0" LEVELID="10" CREATEDATE="2017-08-02" UPDATEDATE="2025-10-01" /><OBJECT OBJECTID="75394254" OBJECTGUID="78d0bb22-4b6d-4b0d-9137-0005f77e3b1d" CHANGEID="689701411" ISACTIVE="1" LEVELID="11" CREATEDATE="2017-04-07" UPDATEDATE="2025-09-30" /><OBJECT OBJECTID="18466320" OBJECTGUID="ed0a5540-e612-48a4-b623-7921c1485560" CHANGEID="689706319" ISACTIVE="1" LEVELID="10" CREATEDATE="2019-07-09" UPDATEDATE="2025-09-30" /><OBJECT OBJECTID="77192904" OBJECTGUID="6e0901dd-ffef-4580-93d6-e57001c199a9" CHANGEID="689701417" ISACTIVE="1" LEVELID="11" CREATEDATE="2017-06-06" UPDATEDATE="2025-09-30" /><OBJECT OBJECTID="79594348" OBJECTGUID="2231b198-56ec-4077-9777-5816bccb8a6f" CHANGEID="689701771" ISACTIVE="1" LEVELID="10" CREATEDATE="2012-08-30" UPDATEDATE="2025-09-30" /><OBJECT OBJECTID="45438958" OBJECTGUID="64423964-6ffb-40d5-80b7-9f1ff766f9df" CHANGEID="689701400" ISACTIVE="1" LEVELID="11" CREATEDATE="2017-04-10" UPDATEDATE="2025-09-30" /><OBJECT OBJECTID="83105593" OBJECTGUID="ab8a0bba-1050-4d9e-a13d-37c8bf724544" CHANGEID="689701789" ISACTIVE="1" LEVELID="10" CREATEDATE="2016-08-16" UPDATEDATE="2025-09-30" /><OBJECT OBJECTID="174820338" OBJECTGUID="60ceb90f-6d40-437f-8018-9eaaf621a746" CHANGEID="689623243" ISACTIVE="1" LEVELID="10" CREATEDATE="2025-09-24" UPDATEDATE="2025-09-29" /><OBJECT OBJECTID="71275172" OBJECTGUID="eb29935f-c23c-490e-b360-102a6ae36d60" CHANGEID="689734335" ISACTIVE="1" LEVELID="10" CREATEDATE="2017-12-17" UPDATEDATE="2025-09-30" /><OBJECT OBJECTID="45463805" OBJECTGUID="166edccb-71ae-4960-a680-6b2a708e9f2e" CHANGEID="689701754" ISACTIVE="1" LEVELID="10" CREATEDATE="2017-05-05" UPDATEDATE="2025-09-30" /><OBJECT OBJECTID="19417791" OBJECTGUID="79ccc08f-600a-44a8-8902-bf99351ba221" CHANGEID="689623261" ISACTIVE="1" LEVELID="10" CREATEDATE="2019-07-09" UPDATEDATE="2025-09-29" /><OBJECT OBJECTID="29617147" OBJECTGUID="dde3eddf-7b92-474c-9eeb-310bc7637e1c" CHANGEID="689708260" ISACTIVE="1" LEVELID="10" CREATEDATE="2017-12-18" UPDATEDATE="2025-09-30" /><OBJECT OBJECTID="15067684" OBJECTGUID="e999af0e-3dec-40f5-bccb-7d19d31f3937" CHANGEID="689704300" ISACTIVE="1" LEVELID="10" CREATEDATE="2017-12-18" UPDATEDATE="2025-09-30" /><OBJECT OBJECTID="66655612" OBJECTGUID="b84a6a74-d9f9-4951-844f-2ba4d857faaf" CHANGEID="689701764" ISACTIVE="1" LEVELID="10" CREATEDATE="2015-11-30" UPDATEDATE="2025-09-30" /><OBJECT OBJECTID="75333641" OBJECTGUID="8fbc2459-17e4-46ed-86cf-4666a652d4a9" CHANGEID="689701774" ISACTIVE="1" LEVELID="10" CREATEDATE="2015-12-01" UPDATEDATE="2025-09-30" /><OBJECT OBJECTID="75687234" OBJECTGUID="0175d76a-3720-478f-9070-3e98eafd4eb7" CHANGEID="689701765" ISACTIVE="1" LEVELID="10" CREATEDATE="2012-08-30" UPDATEDATE="2025-09-30" /><OBJECT OBJECTID="173876278" OBJECTGUID="e7a7af4f-46df-45e8-aee7-5c56fc3c659d" CHANGEID="689721142" ISACTIVE="1" LEVELID="11" CREATEDATE="2025-08-07" UPDATEDATE="2025-09-30" /><OBJECT OBJECTID="158694696" OBJECTGUID="5b2bdf47-fc2e-4b94-87cb-9c48382aabb8" CHANGEID="689701909" ISACTIVE="1" LEVELID="10" CREATEDATE="2023-04-25" UPDATEDATE="2025-09-30" /><OBJECT OBJECTID="90638554" OBJECTGUID="651e0d81-7ef0-44c4-9c46-da53f48b5648" CHANGEID="689624516" ISACTIVE="1" LEVELID="9" CREATEDATE="2019-10-17" UPDATEDATE="2025-09-29" /><OBJECT OBJECTID="435569" OBJECTGUID="84414bf9-13b5-4246-a469-9ab1626d1655" CHANGEID="689701173" ISACTIVE="1" LEVELID="7" CREATEDATE="2017-04-26" UPDATEDATE="2025-09-30" /><OBJECT OBJECTID="100385438" OBJECTGUID="e67cabc4-081c-447b-86b9-508b78e5452a" CHANGEID="689730186" ISACTIVE="1" LEVELID="9" CREATEDATE="2021-02-25" UPDATEDATE="2025-09-30" /><OBJECT OBJECTID="174861347" OBJECTGUID="30998243-49b0-4e0e-91d7-d48d614547fe" CHANGEID="689624555" ISACTIVE="1" LEVELID="11" CREATEDATE="2025-09-25" UPDATEDATE="2025-09-29" /><OBJECT OBJECTID="41504829" OBJECTGUID="860794e0-6f02-4449-b6a1-46381f495c18" CHANGEID="689708249" ISACTIVE="0" LEVELID="10" CREATEDATE="2017-12-18" UPDATEDATE="2025-09-30" /><OBJECT OBJECTID="11162838" OBJECTGUID="4e3e2136-3336-475c-a487-e03fe9dbe239" CHANGEID="689701756" ISACTIVE="1" LEVELID="10" CREATEDATE="2012-08-30" UPDATEDATE="2025-09-30" /><OBJECT OBJECTID="25847349" OBJECTGUID="617d55b1-0c9c-4d29-9a8a-b01c761dc99d" CHANGEID="689631392" ISACTIVE="1" LEVELID="10" CREATEDATE="2012-01-18" UPDATEDATE="2025-09-29" /><OBJECT OBJECTID="22617391" OBJECTGUID="d4b7fef0-f429-461d-8f76-11a536970ed3" CHANGEID="689701762" ISACTIVE="1" LEVELID="10" CREATEDATE="2012-08-30" UPDATEDATE="2025-09-30" /><OBJECT OBJECTID="25382109" OBJECTGUID="308d4137-0f7b-4461-aa63-8dd00ed1e391" CHANGEID="689710413" ISACTIVE="1" LEVELID="10" CREATEDATE="2019-07-09" UPDATEDATE="2025-09-30" /><OBJECT OBJECTID="26661543" OBJECTGUID="dd29289d-8584-4992-82e6-5e8c4d4b2510" CHANGEID="689701772" ISACTIVE="1" LEVELID="10" CREATEDATE="2012-08-30" UPDATEDATE="2025-09-30" /><OBJECT OBJECTID="27083926" OBJECTGUID="3453ec3e-e36a-4468-bef0-f420d55d8eac" CHANGEID="689701340" ISACTIVE="0" LEVELID="10" CREATEDATE="2012-08-30" UPDATEDATE="2025-09-30" /><OBJECT OBJECTID="2794101" OBJECTGUID="752a9896-6c7f-4e71-9199-2a4b62320967" CHANGEID="689632784" ISACTIVE="1" LEVELID="10" CREATEDATE="2019-12-14" UPDATEDATE="2025-09-29" /><OBJECT OBJECTID="3202091" OBJECTGUID="2be77d3e-f56b-48ef-bc6a-c73eed99f704" CHANGEID="689777718" ISACTIVE="1" LEVELID="10" CREATEDATE="2017-04-05" UPDATEDATE="2025-10-01" /><OBJECT OBJECTID="10588589" OBJECTGUID="17a5301f-f998-49e0-b3e5-001b9fff8d6d" CHANGEID="689734535" ISACTIVE="1" LEVELID="10" CREATEDATE="2018-02-09" UPDATEDATE="2025-09-30" /><OBJECT OBJECTID="14358275" OBJECTGUID="724348cb-0e0f-4142-a857-35ae60f91490" CHANGEID="689777811" ISACTIVE="1" LEVELID="10" CREATEDATE="2019-12-14" UPDATEDATE="2025-10-01" /><OBJECT OBJECTID="67518209" OBJECTGUID="61df56df-cc05-4c22-8459-2a7e85e148c6" CHANGEID="689701341" ISACTIVE="0" LEVELID="10" CREATEDATE="2015-11-30" UPDATEDATE="2025-09-30" /><OBJECT OBJECTID="55002527" OBJECTGUID="e8bbd38c-69f9-4692-b3d5-8d84f463193b" CHANGEID="689701357" ISACTIVE="0" LEVELID="10" CREATEDATE="2017-11-03" UPDATEDATE="2025-09-30" /><OBJECT OBJECTID="29622738" OBJECTGUID="529756b3-0b4e-47d2-9777-cd234c063111" CHANGEID="689708252" ISACTIVE="0" LEVELID="10" CREATEDATE="2017-12-18" UPDATEDATE="2025-09-30" /><OBJECT OBJECTID="24255599" OBJECTGUID="e127811f-e200-4c53-9556-b306b66ba953" CHANGEID="689623071" ISACTIVE="1" LEVELID="10" CREATEDATE="2018-12-14" UPDATEDATE="2025-09-29" /><OBJECT OBJECTID="72560478" OBJECTGUID="e21d6d1c-6ac4-4266-8c3b-32de1c411316" CHANGEID="689733849" ISACTIVE="1" LEVELID="10" CREATEDATE="2011-12-01" UPDATEDATE="2025-09-30" /><OBJECT OBJECTID="61133496" OBJECTGUID="9c1d61fd-c43c-4a30-9e26-0adc1ffa049a" CHANGEID="689701786" ISACTIVE="1" LEVELID="10" CREATEDATE="2019-04-03" UPDATEDATE="2025-09-30" /><OBJECT OBJECTID="6621450" OBJECTGUID="3e29cdce-db37-4204-9b96-73e4c82e3dca" CHANGEID="689702840" ISACTIVE="0" LEVELID="10" CREATEDATE="2017-12-19" UPDATEDATE="2025-09-30" /><OBJECT OBJECTID="83979296" OBJECTGUID="7916ba2b-6a07-4e85-9300-59a7c37ecad0" CHANGEID="689703223" ISACTIVE="0" LEVELID="11" CREATEDATE="2017-03-29" UPDATEDATE="2025-09-30" /><OBJECT OBJECTID="83978815" OBJECTGUID="78fb287a-29b5-4b57-ad5e-f0c9e4df6b68" CHANGEID="689703222" ISACTIVE="0" LEVELID="11" CREATEDATE="2017-03-29" UPDATEDATE="2025-09-30" /><OBJECT OBJECTID="28644660" OBJECTGUID="a1497a1f-5fd7-4ef0-b3c3-d31c0744d919" CHANGEID="689623230" ISACTIVE="1" LEVELID="10" CREATEDATE="2017-04-05" UPDATEDATE="2025-09-29" /><OBJECT OBJECTID="40949062" OBJECTGUID="5140503e-5e9c-422c-8def-813fc4484c4c" CHANGEID="689707012" ISACTIVE="0" LEVELID="10" CREATEDATE="2019-07-09" UPDATEDATE="2025-09-30" /><OBJECT OBJECTID="36927958" OBJECTGUID="c9fe4bb7-5d67-4d92-ba5e-65da68c6a085" CHANGEID="689707023" ISACTIVE="0" LEVELID="10" CREATEDATE="2019-07-09" UPDATEDATE="2025-09-30" /><OBJECT OBJECTID="30361693" OBJECTGUID="75d08830-9ccb-446f-8bc3-8052e48413b9" CHANGEID="689706999" ISACTIVE="0" LEVELID="10" CREATEDATE="2019-07-09" UPDATEDATE="2025-09-30" /><OBJECT OBJECTID="42039172" OBJECTGUID="eb0ce6cd-a599-457f-8a2a-8d2252566dbe" CHANGEID="689703396" ISACTIVE="1" LEVELID="10" CREATEDATE="2019-07-09" UPDATEDATE="2025-09-30" /><OBJECT OBJECTID="1566545" OBJECTGUID="1e88433e-41b5-41b0-b492-18439a063466" CHANGEID="689707195" ISACTIVE="0" LEVELID="11" CREATEDATE="2017-01-29" UPDATEDATE="2025-09-30" /><OBJECT OBJECTID="170905626" OBJECTGUID="15f111e3-b8c5-4625-b048-51e271f6e2b1" CHANGEID="689623072" ISACTIVE="1" LEVELID="9" CREATEDATE="2025-03-12" UPDATEDATE="2025-09-29" /><OBJECT OBJECTID="58101812" OBJECTGUID="39029bd7-9ac5-412e-a6c6-8bf739a5e061" CHANGEID="689623242" ISACTIVE="1" LEVELID="10" CREATEDATE="2018-01-10" UPDATEDATE="2025-09-29" /><OBJECT OBJECTID="174909147" OBJECTGUID="5a6bb806-7c4c-4825-8602-54e4e28157dc" CHANGEID="689623244" ISACTIVE="1" LEVELID="9" CREATEDATE="2025-09-29" UPDATEDATE="2025-09-29" /><OBJECT OBJECTID="174909148" OBJECTGUID="03cf30bc-dd06-4f2e-b190-e7ff7b2be452" CHANGEID="689623245" ISACTIVE="1" LEVELID="9" CREATEDATE="2025-09-29" UPDATEDATE="2025-09-29" /><OBJECT OBJECTID="174909150" OBJECTGUID="d1222ae4-2dc6-4135-b914-949536987314" CHANGEID="689623249" ISACTIVE="1" LEVELID="9" CREATEDATE="2025-09-29" UPDATEDATE="2025-09-29" /><OBJECT OBJECTID="174909151" OBJECTGUID="e0eb3604-1053-49ab-9bf0-3adfcb928fb4" CHANGEID="689623250" ISACTIVE="1" LEVELID="9" CREATEDATE="2025-09-29" UPDATEDATE="2025-09-29" /><OBJECT OBJECTID="166446490" OBJECTGUID="272560f2-f376-490e-8209-eec4e57931d9" CHANGEID="689623251" ISACTIVE="0" LEVELID="9" CREATEDATE="2024-10-18" UPDATEDATE="2025-09-29" /><OBJECT OBJECTID="174909152" OBJECTGUID="065860f1-bd7a-41ca-9994-65ad25d6f732" CHANGEID="689623252" ISACTIVE="1" LEVELID="9" CREATEDATE="2025-09-29" UPDATEDATE="2025-09-29" /><OBJECT OBJECTID="174909153" OBJECTGUID="43be7305-6bc3-4178-9f04-18376c89d0f8" CHANGEID="689623253" ISACTIVE="1" LEVELID="9" CREATEDATE="2025-09-29" UPDATEDATE="2025-09-29" /><OBJECT OBJECTID="174909154" OBJECTGUID="b3682961-15f8-4d6c-a846-d2888a0b5646" CHANGEID="689623254" ISACTIVE="1" LEVELID="9" CREATEDATE="2025-09-29" UPDATEDATE="2025-09-29" /><OBJECT OBJECTID="174909155" OBJECTGUID="3468f80d-97b0-4fc3-8d9f-2e9a62180cd4" CHANGEID="689623255" ISACTIVE="1" LEVELID="9" CREATEDATE="2025-09-29" UPDATEDATE="2025-09-29" /><OBJECT OBJECTID="174909156" OBJECTGUID="8469912e-207e-4ab9-b3ae-d96d711d46a9" CHANGEID="689623256" ISACTIVE="1" LEVELID="9" CREATEDATE="2025-09-29" UPDATEDATE="2025-09-29" /><OBJECT OBJECTID="174909157" OBJECTGUID="d7a9d3b8-b84b-45c3-bd9c-e54142f8a529" CHANGEID="689623257" ISACTIVE="1" LEVELID="9" CREATEDATE="2025-09-29" UPDATEDATE="2025-09-29" /><OBJECT OBJECTID="174909158" OBJECTGUID="04833640-4870-4521-8c5a-15f544cd0f42" CHANGEID="689623258" ISACTIVE="1" LEVELID="9" CREATEDATE="2025-09-29" UPDATEDATE="2025-09-29" /><OBJECT OBJECTID="174909159" OBJECTGUID="aab268ca-0576-4361-acbb-fbe85c7b7e88" CHANGEID="689623259" ISACTIVE="1" LEVELID="9" CREATEDATE="2025-09-29" UPDATEDATE="2025-09-29" /><OBJECT OBJECTID="174909160" OBJECTGUID="aec40303-f131-4dcf-a10f-03ec281d824b" CHANGEID="689623260" ISACTIVE="1" LEVELID="9" CREATEDATE="2025-09-29" UPDATEDATE="2025-09-29" /><OBJECT OBJECTID="174909163" OBJECTGUID="a151ce5a-20f8-457b-9c22-d5a9c07a4e41" CHANGEID="689623274" ISACTIVE="1" LEVELID="10" CREATEDATE="2025-09-29" UPDATEDATE="2025-09-29" /><OBJECT OBJECTID="174909165" OBJECTGUID="f28a051b-f2af-4171-8152-71f60001dfdf" CHANGEID="689623276" ISACTIVE="1" LEVELID="10" CREATEDATE="2025-09-29" UPDATEDATE="2025-09-29" /><OBJECT OBJECTID="174909164" OBJECTGUID="2b34c873-d8bd-469f-b8a3-82c92d33391c" CHANGEID="689623275" ISACTIVE="1" LEVELID="9" CREATEDATE="2025-09-29" UPDATEDATE="2025-09-29" /><OBJECT OBJECTID="174909166" OBJECTGUID="ec1589b5-a5f0-4041-ba63-9062626329ad" CHANGEID="689623277" ISACTIVE="1" LEVELID="9" CREATEDATE="2025-09-29" UPDATEDATE="2025-09-29" /><OBJECT OBJECTID="174909167" OBJECTGUID="cc694748-81ee-443e-b2b3-4db75290a6d6" CHANGEID="689623278" ISACTIVE="1" LEVELID="10" CREATEDATE="2025-09-29" UPDATEDATE="2025-09-29" /><OBJECT OBJECTID="174909168" OBJECTGUID="f88050da-dcc4-4cd7-80ef-9c00b35f36a4" CHANGEID="689623279" ISACTIVE="1" LEVELID="9" CREATEDATE="2025-09-29" UPDATEDATE="2025-09-29" /><OBJECT OBJECTID="11282443" OBJECTGUID="bf3021b9-ec16-4d90-8196-5903f5059dc5" CHANGEID="689708773" ISACTIVE="1" LEVELID="10" CREATEDATE="2017-12-18" UPDATEDATE="2025-09-30" /><OBJECT OBJECTID="28572893" OBJECTGUID="1c462986-075f-4a13-9287-97eddf019c45" CHANGEID="689623231" ISACTIVE="1" LEVELID="10" CREATEDATE="2017-12-18" UPDATEDATE="2025-09-29" /><OBJECT OBJECTID="38378782" OBJECTGUID="413f5fdb-65e4-405a-8ee8-28d573386374" CHANGEID="689778538" ISACTIVE="0" LEVELID="10" CREATEDATE="2017-12-18" UPDATEDATE="2025-10-01" /><OBJECT OBJECTID="36767577" OBJECTGUID="1898e105-95c9-4d81-a575-ba2115052b47" CHANGEID="689630160" ISACTIVE="1" LEVELID="10" CREATEDATE="2019-07-09" UPDATEDATE="2025-09-29" /><OBJECT OBJECTID="40951522" OBJECTGUID="3cb19ed5-6c0d-4fc2-aa98-caad0e5357dc" CHANGEID="689707013" ISACTIVE="0" LEVELID="10" CREATEDATE="2019-07-09" UPDATEDATE="2025-09-30" /><OBJECT OBJECTID="14233015" OBJECTGUID="75b9411d-7e05-4b21-ad91-c785311789b8" CHANGEID="689707266" ISACTIVE="0" LEVELID="10" CREATEDATE="2019-07-09" UPDATEDATE="2025-09-30" /><OBJECT OBJECTID="38985054" OBJECTGUID="a155987e-17e2-49d4-8c2a-97d442a3be38" CHANGEID="689631346" ISACTIVE="1" LEVELID="10" CREATEDATE="2011-12-27" UPDATEDATE="2025-09-29" /><OBJECT OBJECTID="19448575" OBJECTGUID="6bda0ee3-97f1-4a87-a180-3925d4f9520c" CHANGEID="689631444" ISACTIVE="1" LEVELID="10" CREATEDATE="2012-02-02" UPDATEDATE="2025-09-29" /><OBJECT OBJECTID="61350733" OBJECTGUID="97271fdb-d5eb-4e11-a752-9d19b640dd8b" CHANGEID="689632759" ISACTIVE="1" LEVELID="10" CREATEDATE="2012-02-02" UPDATEDATE="2025-09-29" /><OBJECT OBJECTID="174913215" OBJECTGUID="d8fdb08d-2883-464c-b03d-256d4051bb68" CHANGEID="689632891" ISACTIVE="1" LEVELID="9" CREATEDATE="2025-09-29" UPDATEDATE="2025-09-29" /><OBJECT OBJECTID="174913216" OBJECTGUID="4bd1ec17-8386-4bf9-a448-18b0567ef333" CHANGEID="689632892" ISACTIVE="1" LEVELID="9" CREATEDATE="2025-09-29" UPDATEDATE="2025-09-29" /><OBJECT OBJECTID="174913217" OBJECTGUID="883f59cd-4bf5-4a01-82cc-c3f1a96209a1" CHANGEID="689632893" ISACTIVE="1" LEVELID="9" CREATEDATE="2025-09-29" UPDATEDATE="2025-09-29" /><OBJECT OBJECTID="174913218" OBJECTGUID="e29b34d0-2ba3-4927-b721-3cb0bb0aa8c6" CHANGEID="689632894" ISACTIVE="1" LEVELID="9" CREATEDATE="2025-09-29" UPDATEDATE="2025-09-29" /><OBJECT OBJECTID="174913219" OBJECTGUID="b03f9091-b279-418e-beff-fddef00ce9a3" CHANGEID="689632895" ISACTIVE="1" LEVELID="9" CREATEDATE="2025-09-29" UPDATEDATE="2025-09-29" /><OBJECT OBJECTID="174913220" OBJECTGUID="588d313b-b904-4bd1-b028-756ba28f38ee" CHANGEID="689632896" ISACTIVE="1" LEVELID="9" CREATEDATE="2025-09-29" UPDATEDATE="2025-09-29" /><OBJECT OBJECTID="174913221" OBJECTGUID="2f827905-2b28-4ac1-8301-5d93c6bac6a7" CHANGEID="689632897" ISACTIVE="1" LEVELID="9" CREATEDATE="2025-09-29" UPDATEDATE="2025-09-29" /><OBJECT OBJECTID="174913222" OBJECTGUID="59015d80-70c3-4eaa-abda-9ed2f61d14fd" CHANGEID="689632898" ISACTIVE="1" LEVELID="9" CREATEDATE="2025-09-29" UPDATEDATE="2025-09-29" /><OBJECT OBJECTID="174913223" OBJECTGUID="80974c4f-30a1-422a-abbe-cf7b341947cd" CHANGEID="689632899" ISACTIVE="1" LEVELID="9" CREATEDATE="2025-09-29" UPDATEDATE="2025-09-29" /><OBJECT OBJECTID="174913224" OBJECTGUID="e0ba8a2b-87fa-42a5-99f1-7fcb4971238c" CHANGEID="689632900" ISACTIVE="1" LEVELID="9" CREATEDATE="2025-09-29" UPDATEDATE="2025-09-29" /><OBJECT OBJECTID="174913225" OBJECTGUID="90142488-38b0-418b-b872-3008710338be" CHANGEID="689632901" ISACTIVE="1" LEVELID="9" CREATEDATE="2025-09-29" UPDATEDATE="2025-09-29" /><OBJECT OBJECTID="174913226" OBJECTGUID="ab27bb04-c12a-4ed3-9800-f5d37707c908" CHANGEID="689632902" ISACTIVE="1" LEVELID="9" CREATEDATE="2025-09-29" UPDATEDATE="2025-09-29" /><OBJECT OBJECTID="174913238" OBJECTGUID="f19df0ec-41ff-4114-803c-cedf71bdf9a0" CHANGEID="689632938" ISACTIVE="1" LEVELID="10" CREATEDATE="2025-09-29" UPDATEDATE="2025-09-29" /><OBJECT OBJECTID="174915269" OBJECTGUID="ab8f510b-2f61-4925-82bf-5690a78e063c" CHANGEID="689637216" ISACTIVE="1" LEVELID="10" CREATEDATE="2025-09-29" UPDATEDATE="2025-09-29" /><OBJECT OBJECTID="37801540" OBJECTGUID="5e4db31f-13fa-4575-b599-09bb42ac6502" CHANGEID="689734025" ISACTIVE="1" LEVELID="10" CREATEDATE="2017-12-17" UPDATEDATE="2025-09-30" /><OBJECT OBJECTID="12484606" OBJECTGUID="009cf88e-9c74-4d17-9bd5-fe242a2de62b" CHANGEID="689708253" ISACTIVE="0" LEVELID="10" CREATEDATE="2017-12-18" UPDATEDATE="2025-09-30" /><OBJECT OBJECTID="14123334" OBJECTGUID="cc0d72bd-a6c6-482c-9953-0cfdab3a7888" CHANGEID="689708780" ISACTIVE="1" LEVELID="10" CREATEDATE="2017-12-17" UPDATEDATE="2025-09-30" /><OBJECT OBJECTID="58101686" OBJECTGUID="dcbf107f-2c14-4639-95bf-7f68107f7860" CHANGEID="689623239" ISACTIVE="1" LEVELID="10" CREATEDATE="2018-01-10" UPDATEDATE="2025-09-29" /><OBJECT OBJECTID="58102845" OBJECTGUID="789e8345-d4f6-451f-9ee3-2104dc51c142" CHANGEID="689623240" ISACTIVE="1" LEVELID="10" CREATEDATE="2018-04-17" UPDATEDATE="2025-09-29" /><OBJECT OBJECTID="34640856" OBJECTGUID="709e2b1b-bf42-4a42-83af-14ab0a29d533" CHANGEID="689777634" ISACTIVE="1" LEVELID="10" CREATEDATE="2019-12-14" UPDATEDATE="2025-10-01" /><OBJECT OBJECTID="47898607" OBJECTGUID="0f29768c-2626-4c3c-84bf-792d5e5238e2" CHANGEID="689704377" ISACTIVE="1" LEVELID="10" CREATEDATE="2018-06-07" UPDATEDATE="2025-09-30" /><OBJECT OBJECTID="48581965" OBJECTGUID="af090b66-0500-47f2-8de0-7f91d0a818f2" CHANGEID="689703314" ISACTIVE="1" LEVELID="10" CREATEDATE="2017-12-18" UPDATEDATE="2025-09-30" /><OBJECT OBJECTID="71607424" OBJECTGUID="c3494e80-333a-414b-a6c7-68e532442342" CHANGEID="689777717" ISACTIVE="1" LEVELID="10" CREATEDATE="2019-07-09" UPDATEDATE="2025-10-01" /><OBJECT OBJECTID="80662710" OBJECTGUID="09c5c239-1307-4b4f-9c6b-fe28a03d0840" CHANGEID="689777722" ISACTIVE="1" LEVELID="10" CREATEDATE="2017-04-24" UPDATEDATE="2025-10-01" /><OBJECT OBJECTID="80661596" OBJECTGUID="04dca9fd-bb46-41fb-9692-0d6e62065a19" CHANGEID="689777719" ISACTIVE="1" LEVELID="10" CREATEDATE="2017-04-24" UPDATEDATE="2025-10-01" /><OBJECT OBJECTID="80663877" OBJECTGUID="d799954a-4ec1-4f39-b814-18d712154027" CHANGEID="689777721" ISACTIVE="1" LEVELID="10" CREATEDATE="2017-04-24" UPDATEDATE="2025-10-01" /><OBJECT OBJECTID="74376382" OBJECTGUID="1708fb17-e088-4925-9286-f4f6daaee46f" CHANGEID="689777649" ISACTIVE="0" LEVELID="10" CREATEDATE="2019-07-09" UPDATEDATE="2025-10-01" /><OBJECT OBJECTID="56189820" OBJECTGUID="4948b583-c351-4927-956d-bf316fd98d07" CHANGEID="689777636" ISACTIVE="1" LEVELID="10" CREATEDATE="2019-07-09" UPDATEDATE="2025-10-01" /><OBJECT OBJECTID="58956606" OBJECTGUID="bed2a64e-28d9-41b1-a372-9f185332d0c4" CHANGEID="689777639" ISACTIVE="1" LEVELID="10" CREATEDATE="2019-07-09" UPDATEDATE="2025-10-01" /><OBJECT OBJECTID="59948975" OBJECTGUID="04ac6a41-c21d-4286-9199-a3c811d4f73b" CHANGEID="689777723" ISACTIVE="1" LEVELID="10" CREATEDATE="2019-07-09" UPDATEDATE="2025-10-01" /><OBJECT OBJECTID="11153205" OBJECTGUID="1e4de8a0-f589-48d6-a558-8775ba65d92f" CHANGEID="689701755" ISACTIVE="1" LEVELID="10" CREATEDATE="2012-08-30" UPDATEDATE="2025-09-30" /><OBJECT OBJECTID="174928718" OBJECTGUID="f801ede2-0a09-4952-a0d9-8556de209c91" CHANGEID="689666015" ISACTIVE="1" LEVELID="9" CREATEDATE="2025-09-29" UPDATEDATE="2025-09-29" /><OBJECT OBJECTID="174928815" OBJECTGUID="c18a630f-5c54-4748-87d3-5ecf2d95f0bd" CHANGEID="689666167" ISACTIVE="1" LEVELID="10" CREATEDATE="2025-09-29" UPDATEDATE="2025-09-29" /><OBJECT OBJECTID="174929090" OBJECTGUID="a9cf5ce9-0b7f-408e-b18c-d053457bc36c" CHANGEID="689666919" ISACTIVE="1" LEVELID="9" CREATEDATE="2025-09-29" UPDATEDATE="2025-09-29" /><OBJECT OBJECTID="174929091" OBJECTGUID="7a8e1dbe-c6f4-49b3-a220-73442c9dbe0b" CHANGEID="689666920" ISACTIVE="1" LEVELID="9" CREATEDATE="2025-09-29" UPDATEDATE="2025-09-29" /><OBJECT OBJECTID="174929092" OBJECTGUID="7ad6dac9-4ad8-403c-8813-1077818fed60" CHANGEID="689666921" ISACTIVE="1" LEVELID="9" CREATEDATE="2025-09-29" UPDATEDATE="2025-09-29" /><OBJECT OBJECTID="174929213" OBJECTGUID="44a1faf3-877a-4807-ab54-af54e76dbce8" CHANGEID="689667098" ISACTIVE="1" LEVELID="9" CREATEDATE="2025-09-29" UPDATEDATE="2025-09-29" /><OBJECT OBJECTID="174929214" OBJECTGUID="70a6c1f6-948a-4ecf-9c1f-4972a8271887" CHANGEID="689667099" ISACTIVE="1" LEVELID="9" CREATEDATE="2025-09-29" UPDATEDATE="2025-09-29" /><OBJECT OBJECTID="174929215" OBJECTGUID="1080a6e3-9fff-4b7c-b915-fc4ab6daf226" CHANGEID="689667100" ISACTIVE="1" LEVELID="9" CREATEDATE="2025-09-29" UPDATEDATE="2025-09-29" /><OBJECT OBJECTID="72299198" OBJECTGUID="1e816698-55f2-45f8-907d-9239e48b4b87" CHANGEID="689667185" ISACTIVE="1" LEVELID="10" CREATEDATE="2017-12-18" UPDATEDATE="2025-09-29" /><OBJECT OBJECTID="174929266" OBJECTGUID="9f834336-37a0-4278-ab4e-d41d6d4001dd" CHANGEID="689667209" ISACTIVE="1" LEVELID="9" CREATEDATE="2025-09-29" UPDATEDATE="2025-09-29" /><OBJECT OBJECTID="27154097" OBJECTGUID="fa75ceec-f32e-4d83-b893-224545445580" CHANGEID="689667211" ISACTIVE="1" LEVELID="10" CREATEDATE="2017-12-17" UPDATEDATE="2025-09-29" /><OBJECT OBJECTID="174929317" OBJECTGUID="72f6747c-9c19-487a-87a3-60c8955a442d" CHANGEID="689667317" ISACTIVE="1" LEVELID="9" CREATEDATE="2025-09-29" UPDATEDATE="2025-09-29" /><OBJECT OBJECTID="38901950" OBJECTGUID="b37fcb0f-52f2-4260-80ae-9fa9607869e5" CHANGEID="689633036" ISACTIVE="1" LEVELID="10" CREATEDATE="2011-12-27" UPDATEDATE="2025-09-29" /><OBJECT OBJECTID="14234455" OBJECTGUID="224c4010-fd66-419c-872c-3fd1ffdffafa" CHANGEID="689707267" ISACTIVE="0" LEVELID="10" CREATEDATE="2019-07-09" UPDATEDATE="2025-09-30" /><OBJECT OBJECTID="56660016" OBJECTGUID="b20634d1-68b7-49f2-a271-e1c3e8631102" CHANGEID="689701213" ISACTIVE="1" LEVELID="10" CREATEDATE="2015-12-09" UPDATEDATE="2025-09-30" /><OBJECT OBJECTID="96362420" OBJECTGUID="4b2c4e83-e393-4531-a2a7-7247db4090c3" CHANGEID="689701397" ISACTIVE="1" LEVELID="11" CREATEDATE="2020-04-16" UPDATEDATE="2025-09-30" /><OBJECT OBJECTID="54943145" OBJECTGUID="0df24ee4-8f35-4068-a71a-3f7a19233219" CHANGEID="689701398" ISACTIVE="1" LEVELID="11" CREATEDATE="2017-04-11" UPDATEDATE="2025-09-30" /><OBJECT OBJECTID="64490718" OBJECTGUID="69071d04-5446-4e0f-a58f-6ac83e551422" CHANGEID="689701402" ISACTIVE="1" LEVELID="10" CREATEDATE="2012-08-30" UPDATEDATE="2025-09-30" /><OBJECT OBJECTID="69597953" OBJECTGUID="6096f270-bcdf-4697-98a0-e2609c4825f8" CHANGEID="689701403" ISACTIVE="1" LEVELID="11" CREATEDATE="2017-06-06" UPDATEDATE="2025-09-30" /><OBJECT OBJECTID="69728147" OBJECTGUID="1266e563-4bf0-4fbf-8bb1-09b139d70a85" CHANGEID="689701404" ISACTIVE="1" LEVELID="11" CREATEDATE="2017-06-06" UPDATEDATE="2025-09-30" /><OBJECT OBJECTID="70285576" OBJECTGUID="49e5bd54-38ad-4c98-bbef-1ef03a482246" CHANGEID="689701424" ISACTIVE="1" LEVELID="10" CREATEDATE="2019-04-04" UPDATEDATE="2025-09-30" /><OBJECT OBJECTID="174945297" OBJECTGUID="0af75835-37d0-4a85-aedf-2854ee3905b2" CHANGEID="689701439" ISACTIVE="1" LEVELID="9" CREATEDATE="2025-09-30" UPDATEDATE="2025-09-30" /><OBJECT OBJECTID="38643012" OBJECTGUID="5d49e777-57f8-4ec4-ac41-90ae578369d4" CHANGEID="689701413" ISACTIVE="1" LEVELID="10" CREATEDATE="2012-08-30" UPDATEDATE="2025-09-30" /><OBJECT OBJECTID="63934073" OBJECTGUID="f5fe5c66-e735-46d0-b327-13d5f9d1c165" CHANGEID="689701783" ISACTIVE="1" LEVELID="10" CREATEDATE="2017-12-19" UPDATEDATE="2025-09-30" /><OBJECT OBJECTID="77616753" OBJECTGUID="9523a15f-e8d3-441f-87d5-510c9c7f1112" CHANGEID="689701785" ISACTIVE="1" LEVELID="10" CREATEDATE="2012-08-30" UPDATEDATE="2025-09-30" /><OBJECT OBJECTID="69749865" OBJECTGUID="9666d59c-5383-4d4f-b810-966f2777ce2c" CHANGEID="689701760" ISACTIVE="1" LEVELID="10" CREATEDATE="2019-07-09" UPDATEDATE="2025-09-30" /><OBJECT OBJECTID="56088261" OBJECTGUID="0ff71cac-ea39-41ef-8048-2de3bf5b2db7" CHANGEID="689701768" ISACTIVE="1" LEVELID="10" CREATEDATE="2017-04-04" UPDATEDATE="2025-09-30" /><OBJECT OBJECTID="55693856" OBJECTGUID="d378c73c-192e-471d-9492-cb5c32e58b0f" CHANGEID="689701776" ISACTIVE="1" LEVELID="10" CREATEDATE="2017-04-05" UPDATEDATE="2025-09-30" /><OBJECT OBJECTID="72811400" OBJECTGUID="48ac05ed-c5e5-46b0-bf6e-04045f3a09d8" CHANGEID="689701780" ISACTIVE="1" LEVELID="10" CREATEDATE="2019-12-14" UPDATEDATE="2025-09-30" /><OBJECT OBJECTID="75414669" OBJECTGUID="f624b6aa-4789-4c91-95a1-0107ce0d28a3" CHANGEID="689701782" ISACTIVE="1" LEVELID="10" CREATEDATE="2017-12-19" UPDATEDATE="2025-09-30" /><OBJECT OBJECTID="174945625" OBJECTGUID="13cf0f67-b7a8-428e-9f2b-af572a41194b" CHANGEID="689701855" ISACTIVE="1" LEVELID="10" CREATEDATE="2025-09-30" UPDATEDATE="2025-09-30" /><OBJECT OBJECTID="174945688" OBJECTGUID="9e6e26a8-0efc-4258-adec-d955d467579a" CHANGEID="689701967" ISACTIVE="1" LEVELID="10" CREATEDATE="2025-09-30" UPDATEDATE="2025-09-30" /><OBJECT OBJECTID="174945689" OBJECTGUID="ecfd591f-999a-457c-8cc7-2be2a7422349" CHANGEID="689701968" ISACTIVE="1" LEVELID="10" CREATEDATE="2025-09-30" UPDATEDATE="2025-09-30" /><OBJECT OBJECTID="42045327" OBJECTGUID="a9ed2041-25fa-4334-9278-388bca9f7e5f" CHANGEID="689701991" ISACTIVE="0" LEVELID="10" CREATEDATE="2019-07-09" UPDATEDATE="2025-09-30" /><OBJECT OBJECTID="174946142" OBJECTGUID="03998a55-8b60-4305-85fe-8ef26d68b75f" CHANGEID="689703220" ISACTIVE="1" LEVELID="10" CREATEDATE="2025-09-30" UPDATEDATE="2025-09-30" /><OBJECT OBJECTID="174946144" OBJECTGUID="ddb68c1c-cd61-4fa8-8234-bef9027aa960" CHANGEID="689703225" ISACTIVE="1" LEVELID="11" CREATEDATE="2025-09-30" UPDATEDATE="2025-09-30" /><OBJECT OBJECTID="174946143" OBJECTGUID="14736a28-3f32-45c8-b7a9-12cbe9318b08" CHANGEID="689703221" ISACTIVE="1" LEVELID="10" CREATEDATE="2025-09-30" UPDATEDATE="2025-09-30" /><OBJECT OBJECTID="42214463" OBJECTGUID="cafcec31-af80-424e-a89e-662b4ec56eb5" CHANGEID="689703317" ISACTIVE="1" LEVELID="10" CREATEDATE="2019-12-14" UPDATEDATE="2025-09-30" /><OBJECT OBJECTID="42550918" OBJECTGUID="135c346c-502b-44eb-858d-59c50d421a49" CHANGEID="689703310" ISACTIVE="1" LEVELID="10" CREATEDATE="2017-04-04" UPDATEDATE="2025-09-30" /><OBJECT OBJECTID="84185261" OBJECTGUID="ea4f6b26-3011-4dcf-9f88-9c0e1ef3d9fc" CHANGEID="689704257" ISACTIVE="1" LEVELID="10" CREATEDATE="2017-12-18" UPDATEDATE="2025-09-30" /><OBJECT OBJECTID="36402536" OBJECTGUID="1a530a34-bd61-455c-9cfe-dde0602cf7fb" CHANGEID="689704259" ISACTIVE="1" LEVELID="10" CREATEDATE="2017-12-18" UPDATEDATE="2025-09-30" /><OBJECT OBJECTID="4945864" OBJECTGUID="330d9179-977d-432d-9da3-a06e1869732a" CHANGEID="689704353" ISACTIVE="0" LEVELID="10" CREATEDATE="2017-12-12" UPDATEDATE="2025-09-30" /><OBJECT OBJECTID="84216027" OBJECTGUID="26da7b5f-e797-46a2-a35b-c89aef66b88a" CHANGEID="689704370" ISACTIVE="1" LEVELID="10" CREATEDATE="2017-12-18" UPDATEDATE="2025-09-30" /><OBJECT OBJECTID="47773639" OBJECTGUID="7507b286-b439-4e69-b9e7-fdce451cbe00" CHANGEID="689704384" ISACTIVE="1" LEVELID="10" CREATEDATE="2018-06-07" UPDATEDATE="2025-09-30" /><OBJECT OBJECTID="48538065" OBJECTGUID="2d11270f-5f53-4c3e-aace-a88436372eb7" CHANGEID="689704392" ISACTIVE="1" LEVELID="10" CREATEDATE="2017-12-18" UPDATEDATE="2025-09-30" /><OBJECT OBJECTID="16780539" OBJECTGUID="20c63d9a-1db3-47aa-82c4-966a9bff23e4" CHANGEID="689704394" ISACTIVE="1" LEVELID="10" CREATEDATE="2017-12-18" UPDATEDATE="2025-09-30" /><OBJECT OBJECTID="56092916" OBJECTGUID="282b590d-c780-4870-90f5-8056295f6755" CHANGEID="689701769" ISACTIVE="1" LEVELID="10" CREATEDATE="2017-12-15" UPDATEDATE="2025-09-30" /><OBJECT OBJECTID="12289171" OBJECTGUID="039069b0-fb30-4ada-8911-4428030016b7" CHANGEID="689706317" ISACTIVE="1" LEVELID="10" CREATEDATE="2017-12-23" UPDATEDATE="2025-09-30" /><OBJECT OBJECTID="1566565" OBJECTGUID="37e1051b-a0fd-4a46-a01c-c7cc4b900753" CHANGEID="689707196" ISACTIVE="0" LEVELID="11" CREATEDATE="2017-01-29" UPDATEDATE="2025-09-30" /><OBJECT OBJECTID="1566599" OBJECTGUID="5211389f-85cd-45e5-bbd7-f6f74f5e01ab" CHANGEID="689707197" ISACTIVE="0" LEVELID="11" CREATEDATE="2017-01-29" UPDATEDATE="2025-09-30" /><OBJECT OBJECTID="1566605" OBJECTGUID="bec6d73f-c4ea-43f5-bb09-52b0fbec2b2e" CHANGEID="689707198" ISACTIVE="0" LEVELID="11" CREATEDATE="2017-01-29" UPDATEDATE="2025-09-30" /><OBJECT OBJECTID="61245462" OBJECTGUID="aff5521e-15da-4a71-bd89-0e2a772e5118" CHANGEID="689708251" ISACTIVE="0" LEVELID="10" CREATEDATE="2017-12-17" UPDATEDATE="2025-09-30" /><OBJECT OBJECTID="13703328" OBJECTGUID="90b311a7-2d52-4995-9df2-a4b8656b4c87" CHANGEID="689624514" ISACTIVE="1" LEVELID="10" CREATEDATE="2019-10-28" UPDATEDATE="2025-09-29" /><OBJECT OBJECTID="174954304" OBJECTGUID="e7b8b5a3-6964-4155-b2f3-adbfef2e6335" CHANGEID="689721112" ISACTIVE="1" LEVELID="10" CREATEDATE="2025-09-30" UPDATEDATE="2025-09-30" /><OBJECT OBJECTID="174954312" OBJECTGUID="997e686f-8aca-44b3-ab12-fc523cb8f56a" CHANGEID="689721125" ISACTIVE="1" LEVELID="9" CREATEDATE="2025-09-30" UPDATEDATE="2025-09-30" /><OBJECT OBJECTID="174954319" OBJECTGUID="846444e2-ed1c-46cf-b0d8-19c99e07bc3d" CHANGEID="689721138" ISACTIVE="1" LEVELID="10" CREATEDATE="2025-09-30" UPDATEDATE="2025-09-30" /><OBJECT OBJECTID="174951379" OBJECTGUID="21008696-57ee-4c4f-8c73-5fcf2838054d" CHANGEID="689712282" ISACTIVE="1" LEVELID="9" CREATEDATE="2025-09-30" UPDATEDATE="2025-09-30" /><OBJECT OBJECTID="174951391" OBJECTGUID="b0758582-ba49-44aa-9b30-2cfd439ba8ef" CHANGEID="689712301" ISACTIVE="1" LEVELID="9" CREATEDATE="2025-09-30" UPDATEDATE="2025-09-30" /><OBJECT OBJECTID="174952953" OBJECTGUID="2b3313de-3cac-4e10-b0c7-ddf20cae960b" CHANGEID="689718483" ISACTIVE="1" LEVELID="9" CREATEDATE="2025-09-30" UPDATEDATE="2025-09-30" /><OBJECT OBJECTID="1748296" OBJECTGUID="8eb57d56-edb7-41ac-bc18-793d8e211ab5" CHANGEID="689701761" ISACTIVE="1" LEVELID="10" CREATEDATE="2017-12-19" UPDATEDATE="2025-09-30" /><OBJECT OBJECTID="13274794" OBJECTGUID="17046bbd-2d5c-43b6-a1cc-f4158a69ddcf" CHANGEID="689732011" ISACTIVE="1" LEVELID="11" CREATEDATE="2017-07-12" UPDATEDATE="2025-09-30" /><OBJECT OBJECTID="1566444" OBJECTGUID="f1aa3e78-75e3-44bd-bd76-559f357dec53" CHANGEID="689732628" ISACTIVE="0" LEVELID="10" CREATEDATE="2017-12-18" UPDATEDATE="2025-09-30" /><OBJECT OBJECTID="71281279" OBJECTGUID="84ac0008-d4fb-443e-b6a0-2737a6131ddf" CHANGEID="689734283" ISACTIVE="1" LEVELID="10" CREATEDATE="2017-12-18" UPDATEDATE="2025-09-30" /><OBJECT OBJECTID="71282299" OBJECTGUID="7d8fe6a4-3f9b-47cb-8189-275510c3c889" CHANGEID="689734387" ISACTIVE="1" LEVELID="10" CREATEDATE="2017-12-18" UPDATEDATE="2025-09-30" /><OBJECT OBJECTID="21675720" OBJECTGUID="bb007f5b-8877-4633-a1cb-04a1b89fb250" CHANGEID="689734429" ISACTIVE="1" LEVELID="10" CREATEDATE="2017-12-17" UPDATEDATE="2025-09-30" /><OBJECT OBJECTID="83735886" OBJECTGUID="13fa9058-d870-4065-8e5f-7f21c91c52d3" CHANGEID="689734463" ISACTIVE="1" LEVELID="10" CREATEDATE="2019-07-09" UPDATEDATE="2025-09-30" /><OBJECT OBJECTID="7133756" OBJECTGUID="8ed19b0e-b267-4e74-9097-9dacbc8c6f93" CHANGEID="689701337" ISACTIVE="0" LEVELID="10" CREATEDATE="2019-09-11" UPDATEDATE="2025-09-30" /><OBJECT OBJECTID="58113602" OBJECTGUID="301cf3cb-8f11-46aa-991d-b2c2ed2e6688" CHANGEID="689777536" ISACTIVE="1" LEVELID="10" CREATEDATE="2019-12-14" UPDATEDATE="2025-10-01" /><OBJECT OBJECTID="41280809" OBJECTGUID="7caf25c8-d332-4cb7-a4fb-ba2dba96f5c6" CHANGEID="689777652" ISACTIVE="0" LEVELID="11" CREATEDATE="2018-02-08" UPDATEDATE="2025-10-01" /><OBJECT OBJECTID="13105462" OBJECTGUID="67b24389-e739-45e7-abe6-abc2ab3dba8b" CHANGEID="689777631" ISACTIVE="1" LEVELID="10" CREATEDATE="2011-11-29" UPDATEDATE="2025-10-01" /><OBJECT OBJECTID="174970932" OBJECTGUID="8c17ad40-04d6-4980-942f-9a190fa827cf" CHANGEID="689777667" ISACTIVE="1" LEVELID="11" CREATEDATE="2025-10-01" UPDATEDATE="2025-10-01" /><OBJECT OBJECTID="174970933" OBJECTGUID="67ac91eb-d873-4204-9aa1-82174046ac06" CHANGEID="689777668" ISACTIVE="1" LEVELID="11" CREATEDATE="2025-10-01" UPDATEDATE="2025-10-01" /><OBJECT OBJECTID="174970934" OBJECTGUID="6020f223-4bd3-429c-a6a2-3a22eeaa01df" CHANGEID="689777669" ISACTIVE="1" LEVELID="11" CREATEDATE="2025-10-01" UPDATEDATE="2025-10-01" /><OBJECT OBJECTID="66613317" OBJECTGUID="ffc025bf-831e-4d22-81bf-ec9b128024cb" CHANGEID="689777707" ISACTIVE="1" LEVELID="10" CREATEDATE="2019-07-09" UPDATEDATE="2025-10-01" /><OBJECT OBJECTID="42553372" OBJECTGUID="da4e11da-a5ea-4e55-84d6-7b109ac70d0c" CHANGEID="689777732" ISACTIVE="1" LEVELID="10" CREATEDATE="2017-04-04" UPDATEDATE="2025-10-01" /><OBJECT OBJECTID="174970972" OBJECTGUID="76a3c1be-20cf-44e8-be20-001b06ef7bbc" CHANGEID="689777738" ISACTIVE="1" LEVELID="11" CREATEDATE="2025-10-01" UPDATEDATE="2025-10-01" /><OBJECT OBJECTID="174970973" OBJECTGUID="34589d92-7c06-489c-bf96-e440696a88d9" CHANGEID="689777739" ISACTIVE="1" LEVELID="11" CREATEDATE="2025-10-01" UPDATEDATE="2025-10-01" /><OBJECT OBJECTID="174970974" OBJECTGUID="ada964ee-bf97-4d9a-b9d6-d97d2ca2661c" CHANGEID="689777740" ISACTIVE="1" LEVELID="11" CREATEDATE="2025-10-01" UPDATEDATE="2025-10-01" /><OBJECT OBJECTID="174970975" OBJECTGUID="9e6c9694-7cb5-4168-8997-2dad82765e97" CHANGEID="689777741" ISACTIVE="1" LEVELID="11" CREATEDATE="2025-10-01" UPDATEDATE="2025-10-01" /><OBJECT OBJECTID="174970976" OBJECTGUID="9ddccf3b-c94a-4cb3-b024-c68e1e5d6e1a" CHANGEID="689777742" ISACTIVE="1" LEVELID="11" CREATEDATE="2025-10-01" UPDATEDATE="2025-10-01" /><OBJECT OBJECTID="174970977" OBJECTGUID="b806c83b-9957-40ea-92b9-c8d73e51622d" CHANGEID="689777743" ISACTIVE="1" LEVELID="11" CREATEDATE="2025-10-01" UPDATEDATE="2025-10-01" /><OBJECT OBJECTID="174970978" OBJECTGUID="ffedbd0f-e006-4064-b3db-eb65adcf3cc9" CHANGEID="689777744" ISACTIVE="1" LEVELID="11" CREATEDATE="2025-10-01" UPDATEDATE="2025-10-01" /><OBJECT OBJECTID="174970979" OBJECTGUID="199f9afe-2f50-45c1-94b5-1edf7734e19b" CHANGEID="689777745" ISACTIVE="1" LEVELID="11" CREATEDATE="2025-10-01" UPDATEDATE="2025-10-01" /><OBJECT OBJECTID="174970980" OBJECTGUID="23b32afe-6979-42ca-b3de-857622e25d13" CHANGEID="689777746" ISACTIVE="1" LEVELID="11" CREATEDATE="2025-10-01" UPDATEDATE="2025-10-01" /><OBJECT OBJECTID="174970981" OBJECTGUID="8f93f348-4ff2-40f7-82e9-18d149fc2b10" CHANGEID="689777747" ISACTIVE="1" LEVELID="11" CREATEDATE="2025-10-01" UPDATEDATE="2025-10-01" /><OBJECT OBJECTID="174970982" OBJECTGUID="b6956338-c590-40e5-9f43-9da5079c12fc" CHANGEID="689777748" ISACTIVE="1" LEVELID="11" CREATEDATE="2025-10-01" UPDATEDATE="2025-10-01" /><OBJECT OBJECTID="174970983" OBJECTGUID="d05750b8-fbd5-47f9-8e83-16b4ef5164a5" CHANGEID="689777749" ISACTIVE="1" LEVELID="11" CREATEDATE="2025-10-01" UPDATEDATE="2025-10-01" /><OBJECT OBJECTID="174970984" OBJECTGUID="314cfb2c-1d8f-41f6-a1f7-0af9d17b2947" CHANGEID="689777750" ISACTIVE="1" LEVELID="11" CREATEDATE="2025-10-01" UPDATEDATE="2025-10-01" /><OBJECT OBJECTID="174970985" OBJECTGUID="ac584c21-1643-4bfa-b181-d043eb9a10c3" CHANGEID="689777751" ISACTIVE="1" LEVELID="11" CREATEDATE="2025-10-01" UPDATEDATE="2025-10-01" /><OBJECT OBJECTID="174970986" OBJECTGUID="6e699937-6dd4-478f-92c3-4b6f5ae07964" CHANGEID="689777752" ISACTIVE="1" LEVELID="11" CREATEDATE="2025-10-01" UPDATEDATE="2025-10-01" /><OBJECT OBJECTID="174970987" OBJECTGUID="1e72f93d-cb7d-428d-9c6a-b197570d24a5" CHANGEID="689777753" ISACTIVE="1" LEVELID="11" CREATEDATE="2025-10-01" UPDATEDATE="2025-10-01" /><OBJECT OBJECTID="174970988" OBJECTGUID="bf34c881-77f8-4a0a-9a64-9487617cf8f6" CHANGEID="689777754" ISACTIVE="1" LEVELID="11" CREATEDATE="2025-10-01" UPDATEDATE="2025-10-01" /><OBJECT OBJECTID="174970989" OBJECTGUID="04a0694e-f821-4af2-bfd0-b3ca3abbbbda" CHANGEID="689777755" ISACTIVE="1" LEVELID="11" CREATEDATE="2025-10-01" UPDATEDATE="2025-10-01" /><OBJECT OBJECTID="174970990" OBJECTGUID="751d7343-ac58-4543-8b38-dc711af3e739" CHANGEID="689777756" ISACTIVE="1" LEVELID="11" CREATEDATE="2025-10-01" UPDATEDATE="2025-10-01" /><OBJECT OBJECTID="174970991" OBJECTGUID="386cc7b7-4329-429e-b0ab-72975cca0663" CHANGEID="689777757" ISACTIVE="1" LEVELID="11" CREATEDATE="2025-10-01" UPDATEDATE="2025-10-01" /><OBJECT OBJECTID="174970992" OBJECTGUID="2f03b119-e638-469d-a88e-ff6e0c4209e8" CHANGEID="689777758" ISACTIVE="1" LEVELID="11" CREATEDATE="2025-10-01" UPDATEDATE="2025-10-01" /><OBJECT OBJECTID="174970993" OBJECTGUID="e7c53aff-f46d-4ca3-b26c-f972ad5b6a5e" CHANGEID="689777759" ISACTIVE="1" LEVELID="11" CREATEDATE="2025-10-01" UPDATEDATE="2025-10-01" /><OBJECT OBJECTID="174970994" OBJECTGUID="30246406-b978-4878-a000-54bf3d0fcca1" CHANGEID="689777760" ISACTIVE="1" LEVELID="11" CREATEDATE="2025-10-01" UPDATEDATE="2025-10-01" /><OBJECT OBJECTID="174970995" OBJECTGUID="c29d21b8-441e-4716-ae3a-b45777638866" CHANGEID="689777761" ISACTIVE="1" LEVELID="11" CREATEDATE="2025-10-01" UPDATEDATE="2025-10-01" /><OBJECT OBJECTID="174970996" OBJECTGUID="95bd0e4b-e9f3-48ae-92bd-8dc4cfce854f" CHANGEID="689777762" ISACTIVE="1" LEVELID="11" CREATEDATE="2025-10-01" UPDATEDATE="2025-10-01" /><OBJECT OBJECTID="174970997" OBJECTGUID="5264dddc-e82a-4c47-9a29-4fd8d4186b15" CHANGEID="689777763" ISACTIVE="1" LEVELID="11" CREATEDATE="2025-10-01" UPDATEDATE="2025-10-01" /><OBJECT OBJECTID="174970998" OBJECTGUID="85403bff-d6a7-4fb3-ae6f-c2a9e3e23455" CHANGEID="689777764" ISACTIVE="1" LEVELID="11" CREATEDATE="2025-10-01" UPDATEDATE="2025-10-01" /><OBJECT OBJECTID="174970999" OBJECTGUID="3a328bfc-5515-47c7-8800-75aab8b71117" CHANGEID="689777765" ISACTIVE="1" LEVELID="11" CREATEDATE="2025-10-01" UPDATEDATE="2025-10-01" /><OBJECT OBJECTID="174971000" OBJECTGUID="331a6c7f-deeb-436a-9c05-53e52d086eaf" CHANGEID="689777766" ISACTIVE="1" LEVELID="11" CREATEDATE="2025-10-01" UPDATEDATE="2025-10-01" /><OBJECT OBJECTID="174971001" OBJECTGUID="f6cb82ba-563f-4efc-a879-14425364a863" CHANGEID="689777767" ISACTIVE="1" LEVELID="11" CREATEDATE="2025-10-01" UPDATEDATE="2025-10-01" /><OBJECT OBJECTID="174971002" OBJECTGUID="9e190b76-02a5-4c90-aed5-ca16f128766e" CHANGEID="689777768" ISACTIVE="1" LEVELID="11" CREATEDATE="2025-10-01" UPDATEDATE="2025-10-01" /><OBJECT OBJECTID="174971003" OBJECTGUID="4977e406-4ba8-436a-948e-ccb71340928f" CHANGEID="689777769" ISACTIVE="1" LEVELID="11" CREATEDATE="2025-10-01" UPDATEDATE="2025-10-01" /><OBJECT OBJECTID="174971004" OBJECTGUID="2ad6819e-c8af-41c2-bae3-23bfc6c3f147" CHANGEID="689777770" ISACTIVE="1" LEVELID="11" CREATEDATE="2025-10-01" UPDATEDATE="2025-10-01" /><OBJECT OBJECTID="174971005" OBJECTGUID="a336a554-4711-4483-b889-ad14d5b6c583" CHANGEID="689777771" ISACTIVE="1" LEVELID="11" CREATEDATE="2025-10-01" UPDATEDATE="2025-10-01" /><OBJECT OBJECTID="174971006" OBJECTGUID="be8a14f8-b482-4ba3-a5ce-90da6c38e7ec" CHANGEID="689777772" ISACTIVE="1" LEVELID="11" CREATEDATE="2025-10-01" UPDATEDATE="2025-10-01" /><OBJECT OBJECTID="174971007" OBJECTGUID="1d9d1627-e752-4e4f-9ba6-e5d48d0991df" CHANGEID="689777773" ISACTIVE="1" LEVELID="11" CREATEDATE="2025-10-01" UPDATEDATE="2025-10-01" /><OBJECT OBJECTID="174971008" OBJECTGUID="8ad5863e-61fc-45f1-af53-e1e537240931" CHANGEID="689777774" ISACTIVE="1" LEVELID="11" CREATEDATE="2025-10-01" UPDATEDATE="2025-10-01" /><OBJECT OBJECTID="174971009" OBJECTGUID="9d3a47c2-b48e-4538-a82f-b3210347b0b3" CHANGEID="689777775" ISACTIVE="1" LEVELID="11" CREATEDATE="2025-10-01" UPDATEDATE="2025-10-01" /><OBJECT OBJECTID="174971010" OBJECTGUID="57a9d8bf-061f-4ad8-a2c6-aa86ed93740a" CHANGEID="689777776" ISACTIVE="1" LEVELID="11" CREATEDATE="2025-10-01" UPDATEDATE="2025-10-01" /><OBJECT OBJECTID="174971011" OBJECTGUID="7e7c8850-45e0-4cfc-831f-bf0dbe0194b9" CHANGEID="689777777" ISACTIVE="1" LEVELID="11" CREATEDATE="2025-10-01" UPDATEDATE="2025-10-01" /><OBJECT OBJECTID="174971012" OBJECTGUID="145befdb-955d-40d2-8812-e1035b0d8b1e" CHANGEID="689777778" ISACTIVE="1" LEVELID="11" CREATEDATE="2025-10-01" UPDATEDATE="2025-10-01" /><OBJECT OBJECTID="174971013" OBJECTGUID="a72a26b8-956d-4193-9221-43d5a092cc4f" CHANGEID="689777779" ISACTIVE="1" LEVELID="11" CREATEDATE="2025-10-01" UPDATEDATE="2025-10-01" /><OBJECT OBJECTID="174971014" OBJECTGUID="1ad8bcc7-751f-4b90-8e6f-986605f1ad45" CHANGEID="689777780" ISACTIVE="1" LEVELID="11" CREATEDATE="2025-10-01" UPDATEDATE="2025-10-01" /><OBJECT OBJECTID="174971015" OBJECTGUID="c7545c53-930b-417d-b5ed-6f0fbc4ba5d6" CHANGEID="689777781" ISACTIVE="1" LEVELID="11" CREATEDATE="2025-10-01" UPDATEDATE="2025-10-01" /><OBJECT OBJECTID="174971016" OBJECTGUID="9d2d0e11-daec-4ef4-8820-2e34febc74f2" CHANGEID="689777782" ISACTIVE="1" LEVELID="11" CREATEDATE="2025-10-01" UPDATEDATE="2025-10-01" /><OBJECT OBJECTID="174971017" OBJECTGUID="418de338-b3e3-4770-b39a-874b250cbdd5" CHANGEID="689777783" ISACTIVE="1" LEVELID="11" CREATEDATE="2025-10-01" UPDATEDATE="2025-10-01" /><OBJECT OBJECTID="174971018" OBJECTGUID="af8d3d18-d818-48e3-8b95-41c640443e50" CHANGEID="689777784" ISACTIVE="1" LEVELID="11" CREATEDATE="2025-10-01" UPDATEDATE="2025-10-01" /><OBJECT OBJECTID="174971019" OBJECTGUID="d187fa3d-4084-41d5-b93c-ea0f14989f53" CHANGEID="689777785" ISACTIVE="1" LEVELID="11" CREATEDATE="2025-10-01" UPDATEDATE="2025-10-01" /><OBJECT OBJECTID="174971020" OBJECTGUID="0d52fd4e-c330-478e-aab7-abf25d223ab9" CHANGEID="689777786" ISACTIVE="1" LEVELID="11" CREATEDATE="2025-10-01" UPDATEDATE="2025-10-01" /><OBJECT OBJECTID="174971021" OBJECTGUID="d1c5ebeb-2a42-4d06-9f71-26c615bc37f2" CHANGEID="689777787" ISACTIVE="1" LEVELID="11" CREATEDATE="2025-10-01" UPDATEDATE="2025-10-01" /><OBJECT OBJECTID="174971022" OBJECTGUID="68922df3-f730-4979-a907-d7880411364b" CHANGEID="689777788" ISACTIVE="1" LEVELID="11" CREATEDATE="2025-10-01" UPDATEDATE="2025-10-01" /><OBJECT OBJECTID="174971023" OBJECTGUID="3b846b3c-37ef-4743-8d5e-5c3388b74be2" CHANGEID="689777789" ISACTIVE="1" LEVELID="11" CREATEDATE="2025-10-01" UPDATEDATE="2025-10-01" /><OBJECT OBJECTID="174971024" OBJECTGUID="9c58c18d-9547-4ad9-b1cb-5f08f56622a7" CHANGEID="689777790" ISACTIVE="1" LEVELID="11" CREATEDATE="2025-10-01" UPDATEDATE="2025-10-01" /><OBJECT OBJECTID="174971025" OBJECTGUID="f32f0498-bf85-49e6-b42d-add1ccaf8c31" CHANGEID="689777791" ISACTIVE="1" LEVELID="11" CREATEDATE="2025-10-01" UPDATEDATE="2025-10-01" /><OBJECT OBJECTID="11192264" OBJECTGUID="27345855-d490-4d13-8cd2-0033b1c4dae8" CHANGEID="689777818" ISACTIVE="1" LEVELID="10" CREATEDATE="2018-08-24" UPDATEDATE="2025-10-01" /><OBJECT OBJECTID="36473311" OBJECTGUID="725713ec-7057-48e9-be2e-2f08dc517c80" CHANGEID="689778500" ISACTIVE="1" LEVELID="11" CREATEDATE="2018-12-24" UPDATEDATE="2025-10-01" /><OBJECT OBJECTID="174971336" OBJECTGUID="8d77e22e-1661-47ba-8c80-f95d05de794f" CHANGEID="689778535" ISACTIVE="1" LEVELID="10" CREATEDATE="2025-10-01" UPDATEDATE="2025-10-01" /><OBJECT OBJECTID="174971338" OBJECTGUID="6cf62f33-ffbd-4455-9634-719214c8ad63" CHANGEID="689778537" ISACTIVE="1" LEVELID="9" CREATEDATE="2025-10-01" UPDATEDATE="2025-10-01" /><OBJECT OBJECTID="174971340" OBJECTGUID="35e50e3d-b852-4ae8-8c99-0495cc3230cb" CHANGEID="689778542" ISACTIVE="1" LEVELID="10" CREATEDATE="2025-10-01" UPDATEDATE="2025-10-01" /><OBJECT OBJECTID="174971342" OBJECTGUID="559eca77-4aaf-4495-a0f9-861a0aa0c18f" CHANGEID="689778546" ISACTIVE="1" LEVELID="10" CREATEDATE="2025-10-01" UPDATEDATE="2025-10-01" /><OBJECT OBJECTID="174971343" OBJECTGUID="e717ca4e-45aa-4989-927f-c750ad148ae6" CHANGEID="689778551" ISACTIVE="1" LEVELID="10" CREATEDATE="2025-10-01" UPDATEDATE="2025-10-01" /><OBJECT OBJECTID="174971346" OBJECTGUID="9f152fb8-b13d-4aa9-b14c-72d77f6ce3aa" CHANGEID="689778560" ISACTIVE="1" LEVELID="10" CREATEDATE="2025-10-01" UPDATEDATE="2025-10-01" /><OBJECT OBJECTID="174971344" OBJECTGUID="0c2bef6d-680c-454c-bfba-5486da984817" CHANGEID="689778557" ISACTIVE="1" LEVELID="9" CREATEDATE="2025-10-01" UPDATEDATE="2025-10-01" /><OBJECT OBJECTID="174971347" OBJECTGUID="eb19863f-c459-44ca-b560-6e9853791be1" CHANGEID="689778561" ISACTIVE="1" LEVELID="9" CREATEDATE="2025-10-01" UPDATEDATE="2025-10-01" /><OBJECT OBJECTID="174971348" OBJECTGUID="5aef9580-e042-45ee-9121-424be10eede5" CHANGEID="689778563" ISACTIVE="1" LEVELID="9" CREATEDATE="2025-10-01" UPDATEDATE="2025-10-01" /><OBJECT OBJECTID="174971350" OBJECTGUID="e59ff4ea-5fe2-44d9-86a3-b171f466df74" CHANGEID="689778565" ISACTIVE="1" LEVELID="9" CREATEDATE="2025-10-01" UPDATEDATE="2025-10-01" /><OBJECT OBJECTID="174971353" OBJECTGUID="f75a498d-4104-4dd7-a9e7-9f6dbe49f46e" CHANGEID="689778569" ISACTIVE="1" LEVELID="10" CREATEDATE="2025-10-01" UPDATEDATE="2025-10-01" /><OBJECT OBJECTID="174971349" OBJECTGUID="1444058a-d5c0-494d-88ee-e0524359d602" CHANGEID="689778564" ISACTIVE="1" LEVELID="10" CREATEDATE="2025-10-01" UPDATEDATE="2025-10-01" /><OBJECT OBJECTID="174971351" OBJECTGUID="0d30e5e6-0c8c-4281-b7c1-19af08b3686a" CHANGEID="689778566" ISACTIVE="1" LEVELID="10" CREATEDATE="2025-10-01" UPDATEDATE="2025-10-01" /><OBJECT OBJECTID="174971352" OBJECTGUID="9d723133-8524-4122-a88c-f16aa3ff568b" CHANGEID="689778568" ISACTIVE="1" LEVELID="9" CREATEDATE="2025-10-01" UPDATEDATE="2025-10-01" /><OBJECT OBJECTID="174971355" OBJECTGUID="bae1a4dd-9954-40b0-8d5c-38e2e5008096" CHANGEID="689778572" ISACTIVE="1" LEVELID="9" CREATEDATE="2025-10-01" UPDATEDATE="2025-10-01" /><OBJECT OBJECTID="174971356" OBJECTGUID="3bf7667a-fe42-4d06-a02e-5957926f78f2" CHANGEID="689778573" ISACTIVE="1" LEVELID="9" CREATEDATE="2025-10-01" UPDATEDATE="2025-10-01" /><OBJECT OBJECTID="30695707" OBJECTGUID="39bce207-6c01-4ab8-8ff8-3d5a67e60b74" CHANGEID="689779621" ISACTIVE="0" LEVELID="11" CREATEDATE="2017-02-09" UPDATEDATE="2025-10-01" /><OBJECT OBJECTID="30695762" OBJECTGUID="53ff85b3-d4c2-4c84-8153-461f112aaae1" CHANGEID="689779622" ISACTIVE="0" LEVELID="11" CREATEDATE="2017-02-09" UPDATEDATE="2025-10-01" /><OBJECT OBJECTID="30695983" OBJECTGUID="578426ae-1a71-44a9-8eee-8d9566f3312b" CHANGEID="689779623" ISACTIVE="0" LEVELID="11" CREATEDATE="2017-02-09" UPDATEDATE="2025-10-01" /><OBJECT OBJECTID="30696022" OBJECTGUID="62cf73f5-90f8-4560-805a-be6810803065" CHANGEID="689779624" ISACTIVE="0" LEVELID="11" CREATEDATE="2017-02-09" UPDATEDATE="2025-10-01" /><OBJECT OBJECTID="30696042" OBJECTGUID="69aaefd2-bfaf-454d-b1fe-68fc1ab9a3f1" CHANGEID="689779625" ISACTIVE="0" LEVELID="11" CREATEDATE="2017-02-09" UPDATEDATE="2025-10-01" /><OBJECT OBJECTID="30696179" OBJECTGUID="7427ed12-4108-4774-b3c5-a05a8d25ee88" CHANGEID="689779626" ISACTIVE="0" LEVELID="11" CREATEDATE="2017-02-09" UPDATEDATE="2025-10-01" /><OBJECT OBJECTID="30696244" OBJECTGUID="79828d57-1b75-4326-8405-1c85142e046b" CHANGEID="689779627" ISACTIVE="0" LEVELID="11" CREATEDATE="2017-02-09" UPDATEDATE="2025-10-01" /><OBJECT OBJECTID="30696388" OBJECTGUID="ac468e41-f6dc-422f-855b-e5253cf24122" CHANGEID="689779628" ISACTIVE="0" LEVELID="11" CREATEDATE="2017-02-09" UPDATEDATE="2025-10-01" /><OBJECT OBJECTID="30696763" OBJECTGUID="cb8d59ae-691b-4c27-942b-4b6e5b2ec637" CHANGEID="689779630" ISACTIVE="0" LEVELID="11" CREATEDATE="2017-02-09" UPDATEDATE="2025-10-01" /><OBJECT OBJECTID="30697313" OBJECTGUID="ce077967-43e2-4f8f-95a6-5e5bd022f141" CHANGEID="689779632" ISACTIVE="0" LEVELID="11" CREATEDATE="2017-02-09" UPDATEDATE="2025-10-01" /><OBJECT OBJECTID="30697647" OBJECTGUID="f93a6784-b131-45c5-abba-1b08fd15c054" CHANGEID="689779633" ISACTIVE="0" LEVELID="11" CREATEDATE="2017-02-09" UPDATEDATE="2025-10-01" /><OBJECT OBJECTID="174971972" OBJECTGUID="96dce1aa-2274-4d88-8235-15ac0d974d1d" CHANGEID="689780071" ISACTIVE="1" LEVELID="11" CREATEDATE="2025-10-01" UPDATEDATE="2025-10-01" /><OBJECT OBJECTID="174971973" OBJECTGUID="0500d7ea-8f64-495f-8326-cb3dc19dd5da" CHANGEID="689780072" ISACTIVE="1" LEVELID="11" CREATEDATE="2025-10-01" UPDATEDATE="2025-10-01" /><OBJECT OBJECTID="174971974" OBJECTGUID="18d7c49a-3e06-477e-9f46-d962d4322108" CHANGEID="689780073" ISACTIVE="1" LEVELID="11" CREATEDATE="2025-10-01" UPDATEDATE="2025-10-01" /><OBJECT OBJECTID="174971975" OBJECTGUID="bfc120a4-f2cb-4c0a-939a-0fdd34ae76b2" CHANGEID="689780074" ISACTIVE="1" LEVELID="11" CREATEDATE="2025-10-01" UPDATEDATE="2025-10-01" /><OBJECT OBJECTID="174971976" OBJECTGUID="d05e2992-bdb6-4b25-999e-a09435b638b4" CHANGEID="689780075" ISACTIVE="1" LEVELID="11" CREATEDATE="2025-10-01" UPDATEDATE="2025-10-01" /><OBJECT OBJECTID="174971977" OBJECTGUID="23ad5ac5-4054-4a23-b38e-06d2e7af7e67" CHANGEID="689780076" ISACTIVE="1" LEVELID="11" CREATEDATE="2025-10-01" UPDATEDATE="2025-10-01" /><OBJECT OBJECTID="174971978" OBJECTGUID="e46ef08d-f774-449d-86db-299000047e24" CHANGEID="689780077" ISACTIVE="1" LEVELID="11" CREATEDATE="2025-10-01" UPDATEDATE="2025-10-01" /><OBJECT OBJECTID="174971979" OBJECTGUID="b31c69af-0aec-49c5-853e-7b3a96284b0b" CHANGEID="689780078" ISACTIVE="1" LEVELID="11" CREATEDATE="2025-10-01" UPDATEDATE="2025-10-01" /><OBJECT OBJECTID="174971980" OBJECTGUID="f1269d1e-cc01-439a-b730-618107a00913" CHANGEID="689780079" ISACTIVE="1" LEVELID="11" CREATEDATE="2025-10-01" UPDATEDATE="2025-10-01" /><OBJECT OBJECTID="174971981" OBJECTGUID="2f8b12c5-e470-4015-a9b8-686f1cee54a5" CHANGEID="689780080" ISACTIVE="1" LEVELID="11" CREATEDATE="2025-10-01" UPDATEDATE="2025-10-01" /><OBJECT OBJECTID="174971982" OBJECTGUID="e0a31be6-8f45-4688-99ee-8347c2e49e6c" CHANGEID="689780081" ISACTIVE="1" LEVELID="11" CREATEDATE="2025-10-01" UPDATEDATE="2025-10-01" /><OBJECT OBJECTID="174971983" OBJECTGUID="b3bfbedb-9818-490f-a916-8ed68840041e" CHANGEID="689780082" ISACTIVE="1" LEVELID="11" CREATEDATE="2025-10-01" UPDATEDATE="2025-10-01" /><OBJECT OBJECTID="174971984" OBJECTGUID="faf96a3d-5420-44ef-a363-2badaeef5080" CHANGEID="689780083" ISACTIVE="1" LEVELID="11" CREATEDATE="2025-10-01" UPDATEDATE="2025-10-01" /><OBJECT OBJECTID="174971985" OBJECTGUID="4b3b8af5-ea01-47f6-9245-421ab515a31d" CHANGEID="689780084" ISACTIVE="1" LEVELID="11" CREATEDATE="2025-10-01" UPDATEDATE="2025-10-01" /><OBJECT OBJECTID="174971986" OBJECTGUID="320cc522-5429-43e7-88bb-963d4302ef69" CHANGEID="689780085" ISACTIVE="1" LEVELID="11" CREATEDATE="2025-10-01" UPDATEDATE="2025-10-01" /><OBJECT OBJECTID="174971987" OBJECTGUID="1ccd81a8-5354-48ba-acc3-0ee154cd872f" CHANGEID="689780086" ISACTIVE="1" LEVELID="11" CREATEDATE="2025-10-01" UPDATEDATE="2025-10-01" /><OBJECT OBJECTID="45639999" OBJECTGUID="b8e95e9a-6c51-49ab-bd07-ab74e8802e2a" CHANGEID="689649447" ISACTIVE="0" LEVELID="10" CREATEDATE="2019-12-14" UPDATEDATE="2025-09-29" /><OBJECT OBJECTID="54164812" OBJECTGUID="2a4bca20-6e2f-42d1-b0ad-f8664df334bd" CHANGEID="689730449" ISACTIVE="1" LEVELID="10" CREATEDATE="2017-04-05" UPDATEDATE="2025-09-30" /><OBJECT OBJECTID="77180369" OBJECTGUID="07351508-ff46-4d22-8695-bdba3b985a47" CHANGEID="689701414" ISACTIVE="1" LEVELID="11" CREATEDATE="2017-06-06" UPDATEDATE="2025-09-30" /><OBJECT OBJECTID="72883830" OBJECTGUID="3ee2b0b2-9c3f-463f-b9c9-57444316530b" CHANGEID="689701428" ISACTIVE="0" LEVELID="10" CREATEDATE="2012-08-30" UPDATEDATE="2025-09-30" /><OBJECT OBJECTID="36417273" OBJECTGUID="8b9767a6-9395-491b-a72c-506b1caba607" CHANGEID="689723335" ISACTIVE="1" LEVELID="10" CREATEDATE="2012-01-13" UPDATEDATE="2025-09-30" /><OBJECT OBJECTID="70586629" OBJECTGUID="467dd6fb-1910-44fd-b5ae-6569717ff0ae" CHANGEID="689623234" ISACTIVE="1" LEVELID="10" CREATEDATE="2017-04-24" UPDATEDATE="2025-09-29" /><OBJECT OBJECTID="41506714" OBJECTGUID="a193143c-c2c7-4be4-8e9c-7fa851052e69" CHANGEID="689708250" ISACTIVE="0" LEVELID="10" CREATEDATE="2017-12-18" UPDATEDATE="2025-09-30" /><OBJECT OBJECTID="72897384" OBJECTGUID="47118d8d-bf43-46fa-9b46-e00f23a8ad67" CHANGEID="689701408" ISACTIVE="1" LEVELID="10" CREATEDATE="2012-08-30" UPDATEDATE="2025-09-30" /><OBJECT OBJECTID="64775188" OBJECTGUID="dfe09c9a-01c9-4c3d-bd11-428674f099e4" CHANGEID="689701784" ISACTIVE="1" LEVELID="10" CREATEDATE="2012-08-30" UPDATEDATE="2025-09-30" /><OBJECT OBJECTID="77192596" OBJECTGUID="688e178a-2102-4c47-92de-f79b845d7f57" CHANGEID="689701419" ISACTIVE="1" LEVELID="11" CREATEDATE="2017-06-06" UPDATEDATE="2025-09-30" /><OBJECT OBJECTID="51192671" OBJECTGUID="11ca7f35-4958-4356-82bb-29004ebfa006" CHANGEID="689701415" ISACTIVE="1" LEVELID="10" CREATEDATE="2012-08-30" UPDATEDATE="2025-09-30" /><OBJECT OBJECTID="44847489" OBJECTGUID="a8f2aabc-425c-45a1-ba2a-68b8baf471e9" CHANGEID="689701358" ISACTIVE="0" LEVELID="10" CREATEDATE="2017-12-19" UPDATEDATE="2025-09-30" /><OBJECT OBJECTID="18127075" OBJECTGUID="67f2fde0-cf80-43ce-ae0e-8eda967fc277" CHANGEID="689730383" ISACTIVE="1" LEVELID="10" CREATEDATE="2012-01-29" UPDATEDATE="2025-09-30" /><OBJECT OBJECTID="64516888" OBJECTGUID="c0e8e43a-7b75-4f88-8b91-f1229de04a41" CHANGEID="689701395" ISACTIVE="1" LEVELID="11" CREATEDATE="2017-04-07" UPDATEDATE="2025-09-30" /><OBJECT OBJECTID="55933841" OBJECTGUID="0623582c-4285-495a-8aa4-36133f3eba2f" CHANGEID="689701421" ISACTIVE="1" LEVELID="11" CREATEDATE="2017-04-06" UPDATEDATE="2025-09-30" /><OBJECT OBJECTID="69992010" OBJECTGUID="b2073569-197c-4111-a542-f736b01af04a" CHANGEID="689708339" ISACTIVE="1" LEVELID="11" CREATEDATE="2017-06-06" UPDATEDATE="2025-09-30" /><OBJECT OBJECTID="18639441" OBJECTGUID="0434e721-4c79-4d63-be6c-873d337f6608" CHANGEID="689631361" ISACTIVE="1" LEVELID="10" CREATEDATE="2011-12-27" UPDATEDATE="2025-09-29" /><OBJECT OBJECTID="74001829" OBJECTGUID="05d06d35-f863-44d3-8761-2ec46bf2287c" CHANGEID="689632813" ISACTIVE="1" LEVELID="10" CREATEDATE="2015-12-09" UPDATEDATE="2025-09-29" /><OBJECT OBJECTID="2582980" OBJECTGUID="7db03cb9-702b-49c0-afb2-4f14af0d69c6" CHANGEID="689701396" ISACTIVE="1" LEVELID="11" CREATEDATE="2017-06-05" UPDATEDATE="2025-09-30" /><OBJECT OBJECTID="57809029" OBJECTGUID="102021be-09b3-4994-9ceb-463f05afc32e" CHANGEID="689701425" ISACTIVE="1" LEVELID="11" CREATEDATE="2017-06-06" UPDATEDATE="2025-09-30" /><OBJECT OBJECTID="57651932" OBJECTGUID="18f51789-4a63-4ae4-8419-85957f8ad3b8" CHANGEID="689701775" ISACTIVE="1" LEVELID="10" CREATEDATE="2012-08-30" UPDATEDATE="2025-09-30" /><OBJECT OBJECTID="56656369" OBJECTGUID="7a7b8f1f-511b-47d7-9fc9-8f39d019e9f5" CHANGEID="689701405" ISACTIVE="1" LEVELID="10" CREATEDATE="2019-12-14" UPDATEDATE="2025-09-30" /><OBJECT OBJECTID="56658645" OBJECTGUID="6caf2e6e-718f-4299-90bb-ec8e4ff52e24" CHANGEID="689701356" ISACTIVE="0" LEVELID="10" CREATEDATE="2017-12-19" UPDATEDATE="2025-09-30" /><OBJECT OBJECTID="30673240" OBJECTGUID="91c7411e-4c6b-4207-aaa5-7b011a587b4f" CHANGEID="689704265" ISACTIVE="1" LEVELID="10" CREATEDATE="2017-12-18" UPDATEDATE="2025-09-30" /><OBJECT OBJECTID="18906231" OBJECTGUID="c7434ca4-4e19-42d1-9e1e-a748b7dad26d" CHANGEID="689623075" ISACTIVE="1" LEVELID="10" CREATEDATE="2017-07-31" UPDATEDATE="2025-09-29" /><OBJECT OBJECTID="18908236" OBJECTGUID="d67a6d8e-e08e-4fe8-913f-b6f3b2875940" CHANGEID="689623076" ISACTIVE="1" LEVELID="10" CREATEDATE="2019-04-09" UPDATEDATE="2025-09-29" /><OBJECT OBJECTID="77188515" OBJECTGUID="433c595e-e345-4bee-9e49-926c09465fac" CHANGEID="689701412" ISACTIVE="1" LEVELID="11" CREATEDATE="2017-06-06" UPDATEDATE="2025-09-30" /><OBJECT OBJECTID="19472875" OBJECTGUID="f0b97a9c-5cbf-4992-aca5-e80b9f13ef9d" CHANGEID="689632750" ISACTIVE="1" LEVELID="10" CREATEDATE="2012-02-02" UPDATEDATE="2025-09-29" /><OBJECT OBJECTID="19469591" OBJECTGUID="109e857c-3d44-4b7e-aca1-5e2608f069d0" CHANGEID="689631436" ISACTIVE="1" LEVELID="10" CREATEDATE="2012-02-02" UPDATEDATE="2025-09-29" /><OBJECT OBJECTID="77188874" OBJECTGUID="49cc1a40-8dc9-4329-b215-aa1c02cff3cb" CHANGEID="689701420" ISACTIVE="1" LEVELID="11" CREATEDATE="2017-06-06" UPDATEDATE="2025-09-30" /><OBJECT OBJECTID="77203244" OBJECTGUID="9b6ab638-9f57-4bde-9a92-e94ec2b66cd2" CHANGEID="689701418" ISACTIVE="1" LEVELID="11" CREATEDATE="2017-06-06" UPDATEDATE="2025-09-30" /><OBJECT OBJECTID="38383526" OBJECTGUID="bd78c56a-7862-4c88-a0de-62cb48f36850" CHANGEID="689777651" ISACTIVE="0" LEVELID="11" CREATEDATE="2020-01-06" UPDATEDATE="2025-10-01" /><OBJECT OBJECTID="77188014" OBJECTGUID="428037a4-9600-484e-8eab-9a89439ebe2d" CHANGEID="689701416" ISACTIVE="1" LEVELID="11" CREATEDATE="2017-06-06" UPDATEDATE="2025-09-30" /><OBJECT OBJECTID="69876619" OBJECTGUID="7b8365f9-31ac-4f65-9dc9-42675d11af27" CHANGEID="689701407" ISACTIVE="1" LEVELID="11" CREATEDATE="2017-06-06" UPDATEDATE="2025-09-30" /><OBJECT OBJECTID="61129765" OBJECTGUID="5f243712-dfc8-4935-8603-fd843946e9fc" CHANGEID="689701359" ISACTIVE="0" LEVELID="10" CREATEDATE="2015-12-01" UPDATEDATE="2025-09-30" /><OBJECT OBJECTID="20237393" OBJECTGUID="614b972b-412b-40e5-8d75-221beaedbe7b" CHANGEID="689701399" ISACTIVE="1" LEVELID="11" CREATEDATE="2017-04-10" UPDATEDATE="2025-09-30" /><OBJECT OBJECTID="20475358" OBJECTGUID="77e0b916-53a2-40e9-b6c0-5e4dab910156" CHANGEID="689701426" ISACTIVE="1" LEVELID="10" CREATEDATE="2012-08-30" UPDATEDATE="2025-09-30" /><OBJECT OBJECTID="48134335" OBJECTGUID="de2053cc-560e-4dd8-91c3-30c4eac306d9" CHANGEID="689701759" ISACTIVE="1" LEVELID="10" CREATEDATE="2015-11-30" UPDATEDATE="2025-09-30" /><OBJECT OBJECTID="9862703" OBJECTGUID="6f4df537-9868-4f6f-aa96-582d40fc724d" CHANGEID="689701338" ISACTIVE="0" LEVELID="10" CREATEDATE="2017-12-19" UPDATEDATE="2025-09-30" /><OBJECT OBJECTID="15440356" OBJECTGUID="c3a810e6-547e-4adc-9265-e513844eb622" CHANGEID="689701787" ISACTIVE="1" LEVELID="10" CREATEDATE="2015-12-01" UPDATEDATE="2025-09-30" /><OBJECT OBJECTID="70862959" OBJECTGUID="9ccfa8df-c5e9-47e8-b85c-7ca26841b511" CHANGEID="689701334" ISACTIVE="0" LEVELID="10" CREATEDATE="2019-12-14" UPDATEDATE="2025-09-30" /><OBJECT OBJECTID="47961694" OBJECTGUID="10c2d042-3286-494c-9552-36ce93309136" CHANGEID="689701335" ISACTIVE="0" LEVELID="10" CREATEDATE="2012-08-30" UPDATEDATE="2025-09-30" /><OBJECT OBJECTID="38638088" OBJECTGUID="9d3f2da4-5879-4bf0-9362-1b0bbaead532" CHANGEID="689701410" ISACTIVE="1" LEVELID="10" CREATEDATE="2012-08-30" UPDATEDATE="2025-09-30" /><OBJECT OBJECTID="82524220" OBJECTGUID="d3a738c9-c046-4317-9cfc-e06c260b9df5" CHANGEID="689702839" ISACTIVE="1" LEVELID="10" CREATEDATE="2019-07-09" UPDATEDATE="2025-09-30" /><OBJECT OBJECTID="22619696" OBJECTGUID="7788c063-b57b-4a84-94f2-82f92537959b" CHANGEID="689701763" ISACTIVE="1" LEVELID="10" CREATEDATE="2012-08-30" UPDATEDATE="2025-09-30" /><OBJECT OBJECTID="23681052" OBJECTGUID="8a5fa657-f2bb-4316-a465-9393534057f8" CHANGEID="689631380" ISACTIVE="1" LEVELID="10" CREATEDATE="2019-07-09" UPDATEDATE="2025-09-29" /><OBJECT OBJECTID="23694841" OBJECTGUID="c278701e-ddaf-4928-9c36-cfc22c1acb33" CHANGEID="689631381" ISACTIVE="1" LEVELID="10" CREATEDATE="2019-07-09" UPDATEDATE="2025-09-29" /><OBJECT OBJECTID="23765859" OBJECTGUID="8799541d-a489-414a-97dd-9f65d605fcd6" CHANGEID="689732586" ISACTIVE="0" LEVELID="11" CREATEDATE="2017-04-04" UPDATEDATE="2025-09-30" /><OBJECT OBJECTID="96393994" OBJECTGUID="0f27a2c5-7ccf-4112-afde-d17102dbb62c" CHANGEID="689653082" ISACTIVE="0" LEVELID="9" CREATEDATE="2020-04-20" UPDATEDATE="2025-09-29" /><OBJECT OBJECTID="6619085" OBJECTGUID="c82eb8b5-d67a-47bc-9e9f-267808b17f5e" CHANGEID="689706322" ISACTIVE="1" LEVELID="10" CREATEDATE="2011-11-30" UPDATEDATE="2025-09-30" /><OBJECT OBJECTID="26652428" OBJECTGUID="c4b6601a-5f71-4058-9270-144643866ddd" CHANGEID="689701773" ISACTIVE="1" LEVELID="10" CREATEDATE="2012-08-30" UPDATEDATE="2025-09-30" /><OBJECT OBJECTID="10097511" OBJECTGUID="b1f43208-61ec-40af-a66e-13389e6d9f67" CHANGEID="689777644" ISACTIVE="0" LEVELID="10" CREATEDATE="2017-12-17" UPDATEDATE="2025-10-01" /><OBJECT OBJECTID="10080564" OBJECTGUID="962e0c9c-2a8c-4937-8a39-15ff4a3ffd76" CHANGEID="689777643" ISACTIVE="0" LEVELID="10" CREATEDATE="2017-12-17" UPDATEDATE="2025-10-01" /><OBJECT OBJECTID="3987798" OBJECTGUID="661b109d-da22-4c0e-95ea-f434c82ab7c5" CHANGEID="689777640" ISACTIVE="0" LEVELID="10" CREATEDATE="2019-07-09" UPDATEDATE="2025-10-01" /><OBJECT OBJECTID="72752851" OBJECTGUID="4813c910-2f48-42ab-8c8d-4db3d0e9c4a4" CHANGEID="689704272" ISACTIVE="1" LEVELID="10" CREATEDATE="2017-12-18" UPDATEDATE="2025-09-30" /><OBJECT OBJECTID="15160458" OBJECTGUID="4b7aec7c-9a55-45e6-84c2-c987485b5503" CHANGEID="689704335" ISACTIVE="1" LEVELID="10" CREATEDATE="2017-12-18" UPDATEDATE="2025-09-30" /><OBJECT OBJECTID="15304462" OBJECTGUID="eb3607f3-b1f7-474b-8c83-8981602e3730" CHANGEID="689777716" ISACTIVE="1" LEVELID="10" CREATEDATE="2017-12-18" UPDATEDATE="2025-10-01" /><OBJECT OBJECTID="60736991" OBJECTGUID="95acab5e-386e-4dfe-a4cb-30141c9599df" CHANGEID="689778071" ISACTIVE="1" LEVELID="10" CREATEDATE="2019-01-21" UPDATEDATE="2025-10-01" /><OBJECT OBJECTID="51849799" OBJECTGUID="57eafc3e-9849-4e90-8147-8b80ab8d47b5" CHANGEID="689734181" ISACTIVE="1" LEVELID="10" CREATEDATE="2017-12-18" UPDATEDATE="2025-09-30" /><OBJECT OBJECTID="51845785" OBJECTGUID="0e531e4b-90d3-4082-a2be-5076d3500d54" CHANGEID="689778075" ISACTIVE="1" LEVELID="10" CREATEDATE="2019-01-15" UPDATEDATE="2025-10-01" /><OBJECT OBJECTID="55332127" OBJECTGUID="26872a18-8f6f-4eec-ac70-48e0e0938b5b" CHANGEID="689778076" ISACTIVE="1" LEVELID="10" CREATEDATE="2012-02-04" UPDATEDATE="2025-10-01" /><OBJECT OBJECTID="55353818" OBJECTGUID="91e3fbef-fbd0-44be-a249-f34efb34c2c1" CHANGEID="689732942" ISACTIVE="1" LEVELID="10" CREATEDATE="2012-02-04" UPDATEDATE="2025-09-30" /><OBJECT OBJECTID="31977925" OBJECTGUID="653f98a0-1c00-43ba-b220-ed4587f4c67c" CHANGEID="689701903" ISACTIVE="1" LEVELID="10" CREATEDATE="2012-02-04" UPDATEDATE="2025-09-30" /><OBJECT OBJECTID="77660742" OBJECTGUID="341ff535-a480-4e5c-a710-1f9ef8903b9b" CHANGEID="689733815" ISACTIVE="1" LEVELID="10" CREATEDATE="2012-02-04" UPDATEDATE="2025-09-30" /><OBJECT OBJECTID="77664952" OBJECTGUID="48beed8e-a639-4596-9edd-546f6ff1d00d" CHANGEID="689733860" ISACTIVE="1" LEVELID="10" CREATEDATE="2012-02-04" UPDATEDATE="2025-09-30" /><OBJECT OBJECTID="14383765" OBJECTGUID="d2ce5283-0212-43b0-9a05-81cafe846dfd" CHANGEID="689777727" ISACTIVE="1" LEVELID="10" CREATEDATE="2019-12-14" UPDATEDATE="2025-10-01" /><OBJECT OBJECTID="71276039" OBJECTGUID="0827ba5d-30a6-4859-bb0f-14b1c1d8425f" CHANGEID="689734357" ISACTIVE="1" LEVELID="10" CREATEDATE="2017-12-17" UPDATEDATE="2025-09-30" /><OBJECT OBJECTID="41956917" OBJECTGUID="b33240d9-1b63-4f20-a7b9-665a404ebe91" CHANGEID="689777812" ISACTIVE="1" LEVELID="10" CREATEDATE="2017-04-04" UPDATEDATE="2025-10-01" /><OBJECT OBJECTID="60035333" OBJECTGUID="825981f6-e40b-43b4-96c7-5e07cc8cfc63" CHANGEID="689733892" ISACTIVE="1" LEVELID="10" CREATEDATE="2017-12-12" UPDATEDATE="2025-09-30" /><OBJECT OBJECTID="39334736" OBJECTGUID="911cd18d-3c1a-46b6-8d34-d3b52fd08f6e" CHANGEID="689733967" ISACTIVE="1" LEVELID="10" CREATEDATE="2017-12-18" UPDATEDATE="2025-09-30" /><OBJECT OBJECTID="72286820" OBJECTGUID="b1b7e1bb-5dd9-4769-94c3-18d4d12b5c6a" CHANGEID="689733941" ISACTIVE="1" LEVELID="10" CREATEDATE="2017-12-17" UPDATEDATE="2025-09-30" /><OBJECT OBJECTID="83642021" OBJECTGUID="62413bda-052f-4ab0-afe3-7ce09c250739" CHANGEID="689704260" ISACTIVE="1" LEVELID="10" CREATEDATE="2017-12-18" UPDATEDATE="2025-09-30" /><OBJECT OBJECTID="48624817" OBJECTGUID="cc201c57-51ec-4c98-be9c-b10b9d505835" CHANGEID="689704266" ISACTIVE="1" LEVELID="10" CREATEDATE="2017-12-18" UPDATEDATE="2025-09-30" /><OBJECT OBJECTID="13433362" OBJECTGUID="9eae1f94-6dde-4515-97b2-8fbbd6e47934" CHANGEID="689704258" ISACTIVE="1" LEVELID="10" CREATEDATE="2017-12-18" UPDATEDATE="2025-09-30" /><OBJECT OBJECTID="13561629" OBJECTGUID="82688d91-e0da-4dda-8d1f-e2c7b125e045" CHANGEID="689704269" ISACTIVE="1" LEVELID="10" CREATEDATE="2017-02-15" UPDATEDATE="2025-09-30" /><OBJECT OBJECTID="13585844" OBJECTGUID="877ef8ec-75f0-461f-ae52-d3ed65ad1c26" CHANGEID="689704270" ISACTIVE="1" LEVELID="10" CREATEDATE="2017-12-12" UPDATEDATE="2025-09-30" /><OBJECT OBJECTID="33932372" OBJECTGUID="ec4aacca-00a1-4e85-b142-d067bd782a5f" CHANGEID="689704268" ISACTIVE="1" LEVELID="10" CREATEDATE="2017-12-18" UPDATEDATE="2025-09-30" /><OBJECT OBJECTID="35618791" OBJECTGUID="d55d4d60-afcf-40de-9f02-826e70606f78" CHANGEID="689704263" ISACTIVE="1" LEVELID="10" CREATEDATE="2017-12-18" UPDATEDATE="2025-09-30" /><OBJECT OBJECTID="36467744" OBJECTGUID="9b628011-31d3-4f7d-992f-1d37f3867e33" CHANGEID="689777813" ISACTIVE="1" LEVELID="10" CREATEDATE="2017-12-17" UPDATEDATE="2025-10-01" /><OBJECT OBJECTID="36527382" OBJECTGUID="8e1f3d6e-977c-4102-bde4-7bc5668ecbd2" CHANGEID="689732994" ISACTIVE="1" LEVELID="10" CREATEDATE="2017-12-18" UPDATEDATE="2025-09-30" /><OBJECT OBJECTID="36549363" OBJECTGUID="fbe19932-c21e-4e0f-af0e-b7efc5d5cd42" CHANGEID="689704262" ISACTIVE="1" LEVELID="10" CREATEDATE="2017-12-18" UPDATEDATE="2025-09-30" /><OBJECT OBJECTID="48443095" OBJECTGUID="ead652a8-e723-491d-8a9b-12fda9afa8bc" CHANGEID="689703313" ISACTIVE="1" LEVELID="10" CREATEDATE="2017-12-17" UPDATEDATE="2025-09-30" /><OBJECT OBJECTID="84163433" OBJECTGUID="f0b9ccc6-8ed2-4770-b5be-6fd3ded78337" CHANGEID="689703321" ISACTIVE="1" LEVELID="10" CREATEDATE="2017-12-18" UPDATEDATE="2025-09-30" /><OBJECT OBJECTID="14102225" OBJECTGUID="ffb8a45c-45b0-4dd9-a62c-96f9c16ae08a" CHANGEID="689734056" ISACTIVE="1" LEVELID="10" CREATEDATE="2019-07-09" UPDATEDATE="2025-09-30" /><OBJECT OBJECTID="27810164" OBJECTGUID="8f025988-e76e-4afd-8126-496944dfcddf" CHANGEID="689701911" ISACTIVE="1" LEVELID="10" CREATEDATE="2017-12-18" UPDATEDATE="2025-09-30" /><OBJECT OBJECTID="33664082" OBJECTGUID="f94bf38d-fd57-4a04-9314-626f0c7935a8" CHANGEID="689734494" ISACTIVE="1" LEVELID="10" CREATEDATE="2017-04-24" UPDATEDATE="2025-09-30" /><OBJECT OBJECTID="22169695" OBJECTGUID="113a246e-6243-418c-bcb6-1d0fc6bb3661" CHANGEID="689777708" ISACTIVE="1" LEVELID="10" CREATEDATE="2017-12-17" UPDATEDATE="2025-10-01" /><OBJECT OBJECTID="10590949" OBJECTGUID="6629a9b7-adbd-4971-8cc1-329d9bf0f87f" CHANGEID="689777816" ISACTIVE="1" LEVELID="10" CREATEDATE="2018-08-24" UPDATEDATE="2025-10-01" /><OBJECT OBJECTID="11217122" OBJECTGUID="91af242c-6d4c-4b44-89dc-faff10817719" CHANGEID="689777817" ISACTIVE="1" LEVELID="10" CREATEDATE="2018-08-24" UPDATEDATE="2025-10-01" /><OBJECT OBJECTID="62602943" OBJECTGUID="dfec05a6-1b09-4024-acff-cf1f65ad90f5" CHANGEID="689777819" ISACTIVE="1" LEVELID="10" CREATEDATE="2018-08-28" UPDATEDATE="2025-10-01" /><OBJECT OBJECTID="22896462" OBJECTGUID="964ba7c1-f0b1-42ee-9d1c-8f06d0df3a32" CHANGEID="689777714" ISACTIVE="1" LEVELID="10" CREATEDATE="2017-12-18" UPDATEDATE="2025-10-01" /><OBJECT OBJECTID="70743560" OBJECTGUID="16c5101d-1d38-48e2-abaa-8d98b5c5b827" CHANGEID="689777711" ISACTIVE="1" LEVELID="10" CREATEDATE="2017-12-18" UPDATEDATE="2025-10-01" /><OBJECT OBJECTID="70749904" OBJECTGUID="d2d476f3-e371-484f-a262-63ef6d731194" CHANGEID="689777710" ISACTIVE="1" LEVELID="10" CREATEDATE="2017-09-13" UPDATEDATE="2025-10-01" /><OBJECT OBJECTID="4536606" OBJECTGUID="c07f4c71-b4e9-4c75-92cc-a62918d5a3e7" CHANGEID="689701422" ISACTIVE="1" LEVELID="10" CREATEDATE="2012-08-30" UPDATEDATE="2025-09-30" /><OBJECT OBJECTID="20264365" OBJECTGUID="e2808e9b-69a7-4275-9c8a-7a5eb8648345" CHANGEID="689701781" ISACTIVE="1" LEVELID="10" CREATEDATE="2018-07-18" UPDATEDATE="2025-09-30" /><OBJECT OBJECTID="30158598" OBJECTGUID="31a757a9-39ff-4f52-a5ad-5d2b23642d6c" CHANGEID="689701333" ISACTIVE="0" LEVELID="10" CREATEDATE="2019-12-14" UPDATEDATE="2025-09-30" /><OBJECT OBJECTID="35792585" OBJECTGUID="db94d093-6f45-4bc9-8996-cf068927bc89" CHANGEID="689701339" ISACTIVE="0" LEVELID="10" CREATEDATE="2015-11-30" UPDATEDATE="2025-09-30" /><OBJECT OBJECTID="38511403" OBJECTGUID="9716ea7b-0279-44a1-a562-f11da50a196e" CHANGEID="689701336" ISACTIVE="0" LEVELID="10" CREATEDATE="2012-08-30" UPDATEDATE="2025-09-30" /><OBJECT OBJECTID="44836926" OBJECTGUID="438dfc3e-c3a3-464b-b03b-67b00e32aff9" CHANGEID="689701342" ISACTIVE="0" LEVELID="10" CREATEDATE="2012-08-30" UPDATEDATE="2025-09-30" /><OBJECT OBJECTID="52144547" OBJECTGUID="6b1cbdab-88f2-4f4b-af5c-2760e8802703" CHANGEID="689701778" ISACTIVE="1" LEVELID="10" CREATEDATE="2017-12-18" UPDATEDATE="2025-09-30" /><OBJECT OBJECTID="55005484" OBJECTGUID="4039b673-15fb-4366-8e67-48b44c706769" CHANGEID="689701779" ISACTIVE="1" LEVELID="10" CREATEDATE="2019-04-03" UPDATEDATE="2025-09-30" /><OBJECT OBJECTID="83976088" OBJECTGUID="378c2adc-6ef7-4eba-a87a-6b7a895fd128" CHANGEID="689706997" ISACTIVE="0" LEVELID="10" CREATEDATE="2017-12-18" UPDATEDATE="2025-09-30" /><OBJECT OBJECTID="77952411" OBJECTGUID="4eb84e54-4e2c-416a-92cb-8b87b258dfe9" CHANGEID="689707204" ISACTIVE="0" LEVELID="10" CREATEDATE="2019-07-09" UPDATEDATE="2025-09-30" /><OBJECT OBJECTID="77954330" OBJECTGUID="69dcff67-0ee3-43e8-8adf-3dced4ac5754" CHANGEID="689707205" ISACTIVE="0" LEVELID="10" CREATEDATE="2019-07-09" UPDATEDATE="2025-09-30" /><OBJECT OBJECTID="76230517" OBJECTGUID="857d71ca-0e55-4343-a779-fa7acfe2dc23" CHANGEID="689707224" ISACTIVE="0" LEVELID="10" CREATEDATE="2019-07-09" UPDATEDATE="2025-09-30" /><OBJECT OBJECTID="76240200" OBJECTGUID="3c271cce-9d7a-4c2e-a929-39849074cca0" CHANGEID="689707225" ISACTIVE="0" LEVELID="10" CREATEDATE="2019-07-09" UPDATEDATE="2025-09-30" /><OBJECT OBJECTID="79857969" OBJECTGUID="78f5c2b5-73f0-4131-a245-aec4bfefbd67" CHANGEID="689703224" ISACTIVE="0" LEVELID="10" CREATEDATE="2019-07-09" UPDATEDATE="2025-09-30" /><OBJECT OBJECTID="64170291" OBJECTGUID="4506cc9f-e21a-4f76-8526-3cc8e1c6c8d8" CHANGEID="689707005" ISACTIVE="0" LEVELID="10" CREATEDATE="2019-07-09" UPDATEDATE="2025-09-30" /><OBJECT OBJECTID="18523541" OBJECTGUID="c6140f37-de33-4c39-87e8-b982a9e60ca9" CHANGEID="689707010" ISACTIVE="0" LEVELID="10" CREATEDATE="2019-07-09" UPDATEDATE="2025-09-30" /><OBJECT OBJECTID="18525801" OBJECTGUID="439ac2e6-8469-4137-96a4-bc198e2d083a" CHANGEID="689707011" ISACTIVE="0" LEVELID="10" CREATEDATE="2019-07-09" UPDATEDATE="2025-09-30" /><OBJECT OBJECTID="64165221" OBJECTGUID="36a7ac34-b3bb-4f0b-b836-04c8cfc6da88" CHANGEID="689777637" ISACTIVE="1" LEVELID="10" CREATEDATE="2017-12-17" UPDATEDATE="2025-10-01" /><OBJECT OBJECTID="10095861" OBJECTGUID="1570f32d-5338-4a3f-bf17-22ea69a1ee13" CHANGEID="689707193" ISACTIVE="0" LEVELID="10" CREATEDATE="2017-12-17" UPDATEDATE="2025-09-30" /><OBJECT OBJECTID="19597620" OBJECTGUID="12e1a7f1-ba08-43e4-a057-a912a0d7ad56" CHANGEID="689777645" ISACTIVE="0" LEVELID="10" CREATEDATE="2019-07-09" UPDATEDATE="2025-10-01" /><OBJECT OBJECTID="10076244" OBJECTGUID="6bcc072f-4588-4a31-b7d1-f8909e04b5fa" CHANGEID="689778548" ISACTIVE="1" LEVELID="10" CREATEDATE="2019-07-09" UPDATEDATE="2025-10-01" /><OBJECT OBJECTID="33640564" OBJECTGUID="a5323f46-075e-4cfa-b57d-7e31dcd35219" CHANGEID="689703226" ISACTIVE="1" LEVELID="10" CREATEDATE="2018-08-09" UPDATEDATE="2025-09-30" /><OBJECT OBJECTID="39406841" OBJECTGUID="c90a8c61-6624-4236-b178-4bad0c355624" CHANGEID="689707001" ISACTIVE="0" LEVELID="10" CREATEDATE="2019-07-09" UPDATEDATE="2025-09-30" /><OBJECT OBJECTID="4703975" OBJECTGUID="d999fbf8-8fea-48ff-b8ec-5511e4c8e182" CHANGEID="689706318" ISACTIVE="1" LEVELID="10" CREATEDATE="2019-07-09" UPDATEDATE="2025-09-30" /><OBJECT OBJECTID="67067429" OBJECTGUID="ebc4ca6b-6123-4611-8564-7350dce26f2b" CHANGEID="689777633" ISACTIVE="1" LEVELID="10" CREATEDATE="2019-07-09" UPDATEDATE="2025-10-01" /><OBJECT OBJECTID="10593137" OBJECTGUID="cf139f46-d63d-4da4-a9e6-616dc350ae67" CHANGEID="689777815" ISACTIVE="1" LEVELID="10" CREATEDATE="2018-08-24" UPDATEDATE="2025-10-01" /><OBJECT OBJECTID="55246538" OBJECTGUID="4d1078c8-c482-4f3d-9f49-4e5f275c1e13" CHANGEID="689707232" ISACTIVE="0" LEVELID="10" CREATEDATE="2017-12-18" UPDATEDATE="2025-09-30" /><OBJECT OBJECTID="23764073" OBJECTGUID="340ff973-b307-4780-8cfa-82399a80adb7" CHANGEID="689706323" ISACTIVE="1" LEVELID="10" CREATEDATE="2019-07-09" UPDATEDATE="2025-09-30" /><OBJECT OBJECTID="17026508" OBJECTGUID="7f3e4dd9-56c3-458f-89c5-9cc8948b37bc" CHANGEID="689731483" ISACTIVE="1" LEVELID="10" CREATEDATE="2017-04-04" UPDATEDATE="2025-09-30" /><OBJECT OBJECTID="28671691" OBJECTGUID="c94789c6-8374-4287-b29e-4000c6bca0f1" CHANGEID="689623232" ISACTIVE="1" LEVELID="10" CREATEDATE="2018-05-23" UPDATEDATE="2025-09-29" /><OBJECT OBJECTID="7276395" OBJECTGUID="e42f283c-68a1-4988-a9dc-9551868c4326" CHANGEID="689631343" ISACTIVE="1" LEVELID="10" CREATEDATE="2011-12-27" UPDATEDATE="2025-09-29" /><OBJECT OBJECTID="19601716" OBJECTGUID="486c98d4-f0f2-463e-b272-65ab323cd1c0" CHANGEID="689777646" ISACTIVE="0" LEVELID="10" CREATEDATE="2019-07-09" UPDATEDATE="2025-10-01" /><OBJECT OBJECTID="36226625" OBJECTGUID="d02e4322-b6ee-48e2-ba7e-c8b70812fe16" CHANGEID="689777641" ISACTIVE="0" LEVELID="10" CREATEDATE="2019-07-09" UPDATEDATE="2025-10-01" /><OBJECT OBJECTID="24213420" OBJECTGUID="7ed5522f-5d55-4dd9-8188-754e94078bda" CHANGEID="689623070" ISACTIVE="1" LEVELID="10" CREATEDATE="2018-12-14" UPDATEDATE="2025-09-29" /><OBJECT OBJECTID="20954848" OBJECTGUID="75d20a66-e27c-4a64-86c6-0980cbdccc45" CHANGEID="689706919" ISACTIVE="1" LEVELID="10" CREATEDATE="2017-12-17" UPDATEDATE="2025-09-30" /><OBJECT OBJECTID="44734390" OBJECTGUID="d750e1d2-850e-45ba-88de-03ef1d765380" CHANGEID="689631373" ISACTIVE="1" LEVELID="10" CREATEDATE="2011-12-27" UPDATEDATE="2025-09-29" /><OBJECT OBJECTID="18654635" OBJECTGUID="53f02fef-3544-4cfe-8dcc-c96cb96b0be4" CHANGEID="689628521" ISACTIVE="1" LEVELID="10" CREATEDATE="2011-12-27" UPDATEDATE="2025-09-29" /><OBJECT OBJECTID="18653849" OBJECTGUID="8d4ef3f7-47a5-4aba-8d9f-9a776c42ba0c" CHANGEID="689631365" ISACTIVE="1" LEVELID="10" CREATEDATE="2011-12-27" UPDATEDATE="2025-09-29" /><OBJECT OBJECTID="84242171" OBJECTGUID="e904670c-e3e7-4272-8e18-e369eadaae0f" CHANGEID="689632776" ISACTIVE="1" LEVELID="10" CREATEDATE="2017-12-18" UPDATEDATE="2025-09-29" /><OBJECT OBJECTID="2796777" OBJECTGUID="f20b4afa-996f-4c2a-9acf-adf31e1df21f" CHANGEID="689632788" ISACTIVE="1" LEVELID="10" CREATEDATE="2019-12-14" UPDATEDATE="2025-09-29" /><OBJECT OBJECTID="72951158" OBJECTGUID="1c36601e-ec51-43e4-8e65-b5f300e6dcea" CHANGEID="689631377" ISACTIVE="1" LEVELID="10" CREATEDATE="2019-07-09" UPDATEDATE="2025-09-29" /><OBJECT OBJECTID="57004198" OBJECTGUID="35813d9d-90e8-48c8-87c2-2e83cd305e73" CHANGEID="689631378" ISACTIVE="1" LEVELID="10" CREATEDATE="2019-07-09" UPDATEDATE="2025-09-29" /><OBJECT OBJECTID="7056758" OBJECTGUID="5d9ae469-1725-4198-aea4-e390b92c219d" CHANGEID="689631383" ISACTIVE="1" LEVELID="10" CREATEDATE="2019-07-09" UPDATEDATE="2025-09-29" /><OBJECT OBJECTID="100956533" OBJECTGUID="8f9af58f-7567-44ba-a77d-e8e19554ad7c" CHANGEID="689623365" ISACTIVE="1" LEVELID="10" CREATEDATE="2021-04-15" UPDATEDATE="2025-09-29" /><OBJECT OBJECTID="74001392" OBJECTGUID="2e9e453d-aee2-4bfd-92c2-1cbc2c88d1d0" CHANGEID="689701211" ISACTIVE="1" LEVELID="10" CREATEDATE="2017-12-17" UPDATEDATE="2025-09-30" /><OBJECT OBJECTID="65742665" OBJECTGUID="75e5561d-8b64-45b1-86ef-e657bd5956e0" CHANGEID="689701215" ISACTIVE="1" LEVELID="10" CREATEDATE="2018-01-12" UPDATEDATE="2025-09-30" /><OBJECT OBJECTID="41240072" OBJECTGUID="85422287-99aa-4e02-b4d7-a91d316bf524" CHANGEID="689623363" ISACTIVE="1" LEVELID="10" CREATEDATE="2018-01-12" UPDATEDATE="2025-09-29" /><OBJECT OBJECTID="56649077" OBJECTGUID="c4948abb-3110-404e-94b8-16f04bf870f8" CHANGEID="689701212" ISACTIVE="1" LEVELID="10" CREATEDATE="2017-12-17" UPDATEDATE="2025-09-30" /><OBJECT OBJECTID="41241779" OBJECTGUID="6fa1cbca-fb67-4440-91aa-ec0f8972d47b" CHANGEID="689701214" ISACTIVE="1" LEVELID="10" CREATEDATE="2018-01-12" UPDATEDATE="2025-09-30" /><OBJECT OBJECTID="80500161" OBJECTGUID="9c0f94f0-8823-444d-a835-e827952ebbaf" CHANGEID="689631385" ISACTIVE="1" LEVELID="10" CREATEDATE="2012-01-18" UPDATEDATE="2025-09-29" /><OBJECT OBJECTID="76578873" OBJECTGUID="ee554356-6ce0-4946-b4fe-075c7219acda" CHANGEID="689632740" ISACTIVE="1" LEVELID="10" CREATEDATE="2012-02-02" UPDATEDATE="2025-09-29" /><OBJECT OBJECTID="70456476" OBJECTGUID="6a021a27-eabd-4f40-80e5-5367984c9a67" CHANGEID="689632741" ISACTIVE="1" LEVELID="10" CREATEDATE="2012-02-02" UPDATEDATE="2025-09-29" /><OBJECT OBJECTID="19461741" OBJECTGUID="907321b5-d8eb-400e-83f8-f81e406c9bc5" CHANGEID="689631433" ISACTIVE="1" LEVELID="10" CREATEDATE="2012-02-02" UPDATEDATE="2025-09-29" /><OBJECT OBJECTID="19464246" OBJECTGUID="b1d3d460-9a7f-4eab-823d-495aec7d15b2" CHANGEID="689632744" ISACTIVE="1" LEVELID="10" CREATEDATE="2012-02-02" UPDATEDATE="2025-09-29" /><OBJECT OBJECTID="19463578" OBJECTGUID="a57b602d-5ea7-4f93-acb5-19f4461bdb98" CHANGEID="689632747" ISACTIVE="1" LEVELID="10" CREATEDATE="2012-02-02" UPDATEDATE="2025-09-29" /><OBJECT OBJECTID="44342523" OBJECTGUID="c644d885-1331-4fec-a5af-554a6ff50afd" CHANGEID="689704264" ISACTIVE="0" LEVELID="10" CREATEDATE="2012-08-30" UPDATEDATE="2025-09-30" /><OBJECT OBJECTID="34689177" OBJECTGUID="afd32784-2c5e-4fb1-be26-575c0d0cd417" CHANGEID="689706261" ISACTIVE="1" LEVELID="10" CREATEDATE="2017-11-15" UPDATEDATE="2025-09-30" /><OBJECT OBJECTID="75046888" OBJECTGUID="f1d5717d-5046-4cf8-8190-738b744fd673" CHANGEID="689710374" ISACTIVE="1" LEVELID="10" CREATEDATE="2019-07-09" UPDATEDATE="2025-09-30" /><OBJECT OBJECTID="66297379" OBJECTGUID="736ec5c4-4a54-49ba-8560-6f3b7caff5f5" CHANGEID="689710345" ISACTIVE="1" LEVELID="10" CREATEDATE="2019-07-09" UPDATEDATE="2025-09-30" /><OBJECT OBJECTID="65891886" OBJECTGUID="b26b01a8-a962-4c86-a7b9-9d34e9379bc7" CHANGEID="689710390" ISACTIVE="1" LEVELID="10" CREATEDATE="2019-07-09" UPDATEDATE="2025-09-30" /><OBJECT OBJECTID="60929906" OBJECTGUID="1805ec1a-cda9-4b89-98e3-44137a56bc76" CHANGEID="689710452" ISACTIVE="1" LEVELID="10" CREATEDATE="2019-07-09" UPDATEDATE="2025-09-30" /><OBJECT OBJECTID="60959928" OBJECTGUID="76ee62ae-0e2f-4d9f-ad9a-95936c4f6ab7" CHANGEID="689718279" ISACTIVE="1" LEVELID="10" CREATEDATE="2019-07-09" UPDATEDATE="2025-09-30" /><OBJECT OBJECTID="27453584" OBJECTGUID="8713d7f5-7aaa-4c39-a863-d61d6e15b7bf" CHANGEID="689777533" ISACTIVE="1" LEVELID="10" CREATEDATE="2017-09-08" UPDATEDATE="2025-10-01" /><OBJECT OBJECTID="76753473" OBJECTGUID="1dbb4015-07e6-46b9-aab4-016370557d45" CHANGEID="689710465" ISACTIVE="1" LEVELID="10" CREATEDATE="2017-12-17" UPDATEDATE="2025-09-30" /><OBJECT OBJECTID="75130227" OBJECTGUID="75bc981c-1728-4f39-869e-f08dc105e1ff" CHANGEID="689634838" ISACTIVE="1" LEVELID="10" CREATEDATE="2019-07-09" UPDATEDATE="2025-09-29" /><OBJECT OBJECTID="41278720" OBJECTGUID="5f1ad330-5033-4304-93d8-2e62c7d889df" CHANGEID="689778540" ISACTIVE="0" LEVELID="10" CREATEDATE="2017-12-18" UPDATEDATE="2025-10-01" /><OBJECT OBJECTID="41280938" OBJECTGUID="ce60e891-4188-4757-86b6-a91e43a9a3b1" CHANGEID="689777653" ISACTIVE="0" LEVELID="11" CREATEDATE="2018-02-08" UPDATEDATE="2025-10-01" /><OBJECT OBJECTID="36232017" OBJECTGUID="27072493-d3cb-4307-ae69-17a882081604" CHANGEID="689777642" ISACTIVE="0" LEVELID="10" CREATEDATE="2017-12-17" UPDATEDATE="2025-10-01" /><OBJECT OBJECTID="58100915" OBJECTGUID="8eb6874c-bd9a-4306-aa92-0e4879d57cdc" CHANGEID="689623241" ISACTIVE="1" LEVELID="10" CREATEDATE="2017-12-17" UPDATEDATE="2025-09-29" /><OBJECT OBJECTID="3493172" OBJECTGUID="bd6c3994-870b-43c0-af42-668e57cc93c4" CHANGEID="689701900" ISACTIVE="1" LEVELID="10" CREATEDATE="2019-07-09" UPDATEDATE="2025-09-30" /><OBJECT OBJECTID="3498279" OBJECTGUID="ca2596ab-d13c-4e70-b94f-1f444cdc520e" CHANGEID="689734563" ISACTIVE="1" LEVELID="10" CREATEDATE="2018-03-29" UPDATEDATE="2025-09-30" /><OBJECT OBJECTID="73503227" OBJECTGUID="4c845543-9cae-43c9-82fe-4a8725f8cd00" CHANGEID="689777709" ISACTIVE="1" LEVELID="10" CREATEDATE="2017-12-18" UPDATEDATE="2025-10-01" /><OBJECT OBJECTID="78710841" OBJECTGUID="b1b0b4f5-7c72-47b6-957d-1a5f383def13" CHANGEID="689777712" ISACTIVE="1" LEVELID="10" CREATEDATE="2017-12-17" UPDATEDATE="2025-10-01" /><OBJECT OBJECTID="49611950" OBJECTGUID="315c4ef8-a74b-4486-abc8-c61e1c26c7e1" CHANGEID="689734603" ISACTIVE="1" LEVELID="10" CREATEDATE="2019-07-09" UPDATEDATE="2025-09-30" /><OBJECT OBJECTID="33576129" OBJECTGUID="8f578273-81ee-43aa-9515-3aac71e3a4e0" CHANGEID="689778073" ISACTIVE="1" LEVELID="10" CREATEDATE="2019-01-15" UPDATEDATE="2025-10-01" /><OBJECT OBJECTID="33845963" OBJECTGUID="fbef4248-3039-43ee-a55b-07ba04281dcd" CHANGEID="689665858" ISACTIVE="1" LEVELID="10" CREATEDATE="2017-12-17" UPDATEDATE="2025-09-29" /><OBJECT OBJECTID="33869457" OBJECTGUID="d257b455-1ae4-4a16-b48c-45b1cb16cd9e" CHANGEID="689704267" ISACTIVE="1" LEVELID="10" CREATEDATE="2017-12-18" UPDATEDATE="2025-09-30" /><OBJECT OBJECTID="36474281" OBJECTGUID="f90a1ddc-d7f8-493b-940a-5f3052381ea5" CHANGEID="689704271" ISACTIVE="1" LEVELID="10" CREATEDATE="2017-12-18" UPDATEDATE="2025-09-30" /><OBJECT OBJECTID="44294577" OBJECTGUID="96aff0ec-0dc3-4ae3-835b-1a957ea36c41" CHANGEID="689703318" ISACTIVE="1" LEVELID="10" CREATEDATE="2017-12-17" UPDATEDATE="2025-09-30" /><OBJECT OBJECTID="18223408" OBJECTGUID="0e975643-3c39-48ed-9a39-f725060996d8" CHANGEID="689623069" ISACTIVE="1" LEVELID="10" CREATEDATE="2019-07-09" UPDATEDATE="2025-09-29" /><OBJECT OBJECTID="74302359" OBJECTGUID="2660d846-bb9b-44f5-8cc4-c829bdca243c" CHANGEID="689701902" ISACTIVE="1" LEVELID="10" CREATEDATE="2017-12-18" UPDATEDATE="2025-09-30" /><OBJECT OBJECTID="96393993" OBJECTGUID="324f0a85-20fa-430d-a968-620418d59ea0" CHANGEID="689667143" ISACTIVE="0" LEVELID="9" CREATEDATE="2020-04-20" UPDATEDATE="2025-09-29" /><OBJECT OBJECTID="96394013" OBJECTGUID="45097670-f744-41cd-b53e-129bd32cce18" CHANGEID="689649617" ISACTIVE="0" LEVELID="9" CREATEDATE="2020-04-20" UPDATEDATE="2025-09-29" /><OBJECT OBJECTID="99553607" OBJECTGUID="541d721b-2e11-440c-a348-3156c51f5b75" CHANGEID="689623248" ISACTIVE="0" LEVELID="9" CREATEDATE="2020-12-11" UPDATEDATE="2025-09-29" /><OBJECT OBJECTID="90602096" OBJECTGUID="4db668d7-4524-471c-92f1-fddf1757726a" CHANGEID="689731869" ISACTIVE="1" LEVELID="9" CREATEDATE="2019-12-06" UPDATEDATE="2025-09-30" /><OBJECT OBJECTID="101858970" OBJECTGUID="883dca6c-4023-4e29-84fd-d86d80073fe4" CHANGEID="689729867" ISACTIVE="1" LEVELID="9" CREATEDATE="2021-07-15" UPDATEDATE="2025-09-30" /><OBJECT OBJECTID="100385836" OBJECTGUID="c7f80922-2012-4b0e-9100-169925a7d4d7" CHANGEID="689730223" ISACTIVE="1" LEVELID="9" CREATEDATE="2021-02-25" UPDATEDATE="2025-09-30" /><OBJECT OBJECTID="96366767" OBJECTGUID="ca179a75-ec06-4c2e-b902-c640caecd0e8" CHANGEID="689778571" ISACTIVE="1" LEVELID="9" CREATEDATE="2020-04-16" UPDATEDATE="2025-10-01" /></REESTR_OBJECTS>