﻿<?xml version="1.0" encoding="utf-8"?><ADDRESSOBJECTS><OBJECT ID="52189753" OBJECTID="174960298" OBJECTGUID="31d083cb-be9a-4892-977e-44c3c9b9af35" CHANGEID="689735487" NAME="Беговая" TYPENAME="ул." LEVEL="8" OPERTYPEID="10" PREVID="0" NEXTID="0" UPDATEDATE="2025-09-30" STARTDATE="2025-09-30" ENDDATE="2079-06-06" ISACTUAL="1" ISACTIVE="1" /><OBJECT ID="52189767" OBJECTID="174960943" OBJECTGUID="9e10f27b-8f01-45b8-924a-65c620982b5c" CHANGEID="689737285" NAME="Донская" TYPENAME="ул." LEVEL="8" OPERTYPEID="10" PREVID="0" NEXTID="0" UPDATEDATE="2025-09-30" STARTDATE="2025-09-30" ENDDATE="2079-06-06" ISACTUAL="1" ISACTIVE="1" /><OBJECT ID="783757" OBJECTID="644557" OBJECTGUID="a46d8d41-6f43-435a-a249-2dca17c3548e" CHANGEID="1702670" NAME="Вислинский Товарищество" TYPENAME="тер. ДНТ" LEVEL="7" OPERTYPEID="10" PREVID="0" NEXTID="52189813" UPDATEDATE="2025-09-30" STARTDATE="2016-09-16" ENDDATE="2025-09-30" ISACTUAL="0" ISACTIVE="0" /><OBJECT ID="52189813" OBJECTID="644557" OBJECTGUID="a46d8d41-6f43-435a-a249-2dca17c3548e" CHANGEID="689741114" NAME="Вислинский" TYPENAME="тер. СНТ" LEVEL="7" OPERTYPEID="20" PREVID="783757" UPDATEDATE="2025-09-30" STARTDATE="2025-09-30" ENDDATE="2079-06-06" ISACTUAL="1" ISACTIVE="1" /><OBJECT ID="775737" OBJECTID="638132" OBJECTGUID="9748bfa8-dd2b-4e43-aec0-9c945423debb" CHANGEID="1684453" NAME="Океан" TYPENAME="тер. СНТ" LEVEL="7" OPERTYPEID="10" PREVID="0" NEXTID="52189815" UPDATEDATE="2025-09-30" STARTDATE="2016-09-16" ENDDATE="2025-09-30" ISACTUAL="0" ISACTIVE="0" /><OBJECT ID="52189815" OBJECTID="638132" OBJECTGUID="9748bfa8-dd2b-4e43-aec0-9c945423debb" CHANGEID="689741207" NAME="Океан" TYPENAME="тер. ТСН" LEVEL="7" OPERTYPEID="20" PREVID="775737" UPDATEDATE="2025-09-30" STARTDATE="2025-09-30" ENDDATE="2079-06-06" ISACTUAL="1" ISACTIVE="1" /><OBJECT ID="52189822" OBJECTID="174963367" OBJECTGUID="67560c62-2f5d-4fb2-a6b9-7f3fe428cf1c" CHANGEID="689742384" NAME="Лазурная" TYPENAME="тер." LEVEL="7" OPERTYPEID="10" PREVID="0" NEXTID="0" UPDATEDATE="2025-09-30" STARTDATE="2025-09-30" ENDDATE="2079-06-06" ISACTUAL="1" ISACTIVE="1" /><OBJECT ID="52189827" OBJECTID="174964273" OBJECTGUID="b7d664b8-614a-4fb5-921c-8eab0a0f11d1" CHANGEID="689743770" NAME="Ясная" TYPENAME="тер." LEVEL="7" OPERTYPEID="10" PREVID="0" NEXTID="0" UPDATEDATE="2025-09-30" STARTDATE="2025-09-30" ENDDATE="2079-06-06" ISACTUAL="1" ISACTIVE="1" /><OBJECT ID="52190102" OBJECTID="174987351" OBJECTGUID="9b430061-5364-45d7-9229-48a1248405ff" CHANGEID="689811576" NAME="Прохладная" TYPENAME="ул." LEVEL="8" OPERTYPEID="10" PREVID="0" NEXTID="0" UPDATEDATE="2025-10-01" STARTDATE="2025-10-01" ENDDATE="2079-06-06" ISACTUAL="1" ISACTIVE="1" /><OBJECT ID="52190103" OBJECTID="174987425" OBJECTGUID="93fe65f8-4c61-419a-8786-c65f48b38092" CHANGEID="689811658" NAME="Георгиевская" TYPENAME="ул." LEVEL="8" OPERTYPEID="10" PREVID="0" NEXTID="0" UPDATEDATE="2025-10-01" STARTDATE="2025-10-01" ENDDATE="2079-06-06" ISACTUAL="1" ISACTIVE="1" /><OBJECT ID="52190104" OBJECTID="174987426" OBJECTGUID="311636d1-af7b-4966-9fd6-c8584697e59b" CHANGEID="689811659" NAME="Крымская" TYPENAME="ул." LEVEL="8" OPERTYPEID="10" PREVID="0" NEXTID="0" UPDATEDATE="2025-10-01" STARTDATE="2025-10-01" ENDDATE="2079-06-06" ISACTUAL="1" ISACTIVE="1" /></ADDRESSOBJECTS>