﻿<?xml version="1.0" encoding="utf-8"?><HOUSES><HOUSE ID="54587996" OBJECTID="58817751" OBJECTGUID="2d44aa45-ea16-455d-be83-41262fe75496" CHANGEID="87901150" HOUSENUM="135" HOUSETYPE="2" OPERTYPEID="20" PREVID="35241066" NEXTID="129167126" UPDATEDATE="2025-09-29" STARTDATE="2019-04-01" ENDDATE="2025-09-29" ISACTUAL="0" ISACTIVE="0" /><HOUSE ID="57772399" OBJECTID="40639011" OBJECTGUID="5a3b0bd4-4ac9-4664-9758-01096235d964" CHANGEID="61494826" HOUSENUM="10" HOUSETYPE="2" OPERTYPEID="20" PREVID="24289978" NEXTID="129175201" UPDATEDATE="2025-09-29" STARTDATE="2019-01-14" ENDDATE="2025-09-29" ISACTUAL="0" ISACTIVE="0" /><HOUSE ID="59408909" OBJECTID="69326866" OBJECTGUID="7155241e-6264-4455-9878-41b52df8a22f" CHANGEID="103324899" HOUSENUM="42а" HOUSETYPE="2" OPERTYPEID="20" PREVID="41803767" NEXTID="129172312" UPDATEDATE="2025-09-29" STARTDATE="2016-04-15" ENDDATE="2025-09-29" ISACTUAL="0" ISACTIVE="0" /><HOUSE ID="61471187" OBJECTID="60985479" OBJECTGUID="8e6e9374-73be-43fb-9033-5aadc3a11cf8" CHANGEID="91063556" HOUSENUM="20" HOUSETYPE="2" OPERTYPEID="20" PREVID="36573249" NEXTID="129182692" UPDATEDATE="2025-09-30" STARTDATE="2017-02-09" ENDDATE="2025-09-30" ISACTUAL="0" ISACTIVE="0" /><HOUSE ID="71186139" OBJECTID="100835583" OBJECTGUID="b773419e-1e4d-4a93-be62-d477993d7e3f" CHANGEID="188047457" HOUSENUM="35" HOUSETYPE="2" OPERTYPEID="10" PREVID="0" NEXTID="129190319" UPDATEDATE="2025-10-01" STARTDATE="2021-04-06" ENDDATE="2025-10-01" ISACTUAL="0" ISACTIVE="0" /><HOUSE ID="129167126" OBJECTID="58817751" OBJECTGUID="2d44aa45-ea16-455d-be83-41262fe75496" CHANGEID="689645534" HOUSENUM="135" HOUSETYPE="5" OPERTYPEID="50" PREVID="54587996" UPDATEDATE="2025-09-29" STARTDATE="2025-09-29" ENDDATE="2079-06-06" ISACTUAL="1" ISACTIVE="1" /><HOUSE ID="129167127" OBJECTID="174919571" OBJECTGUID="f0000aca-f7a9-4e55-a804-536db35b2561" CHANGEID="689645553" HOUSENUM="135" ADDNUM1="2" HOUSETYPE="5" ADDTYPE1="2" OPERTYPEID="10" PREVID="0" NEXTID="0" UPDATEDATE="2025-09-29" STARTDATE="2025-09-29" ENDDATE="2079-06-06" ISACTUAL="1" ISACTIVE="1" /><HOUSE ID="129167128" OBJECTID="174919572" OBJECTGUID="d9ae00ab-ddf6-411a-b598-f40f3e796387" CHANGEID="689645554" HOUSENUM="135" ADDNUM1="1" HOUSETYPE="5" ADDTYPE1="2" OPERTYPEID="10" PREVID="0" NEXTID="0" UPDATEDATE="2025-09-29" STARTDATE="2025-09-29" ENDDATE="2079-06-06" ISACTUAL="1" ISACTIVE="1" /><HOUSE ID="129167129" OBJECTID="174919589" OBJECTGUID="8eb11154-4c6f-472b-b085-0db482711605" CHANGEID="689645571" HOUSENUM="7" HOUSETYPE="2" OPERTYPEID="10" PREVID="0" NEXTID="0" UPDATEDATE="2025-09-29" STARTDATE="2025-09-29" ENDDATE="2079-06-06" ISACTUAL="1" ISACTIVE="1" /><HOUSE ID="129167130" OBJECTID="174919591" OBJECTGUID="8108d381-4d88-422b-81a2-c9b57bb1ae10" CHANGEID="689645573" HOUSENUM="7" HOUSETYPE="2" OPERTYPEID="10" PREVID="0" NEXTID="0" UPDATEDATE="2025-09-29" STARTDATE="2025-09-29" ENDDATE="2079-06-06" ISACTUAL="1" ISACTIVE="1" /><HOUSE ID="129170706" OBJECTID="174930378" OBJECTGUID="7ac00fdf-24bc-4b1a-8f12-898dca08e014" CHANGEID="689669398" HOUSENUM="35Л" HOUSETYPE="2" OPERTYPEID="10" PREVID="0" NEXTID="0" UPDATEDATE="2025-09-29" STARTDATE="2025-09-29" ENDDATE="2079-06-06" ISACTUAL="1" ISACTIVE="1" /><HOUSE ID="129170720" OBJECTID="174930462" OBJECTGUID="6542fc11-a13c-458f-af2c-ce79c2beaeb2" CHANGEID="689669605" HOUSENUM="13" HOUSETYPE="2" OPERTYPEID="10" PREVID="0" NEXTID="0" UPDATEDATE="2025-09-29" STARTDATE="2025-09-29" ENDDATE="2079-06-06" ISACTUAL="1" ISACTIVE="1" /><HOUSE ID="129171167" OBJECTID="174932379" OBJECTGUID="dd5ba888-e1bb-4f93-aa68-937e920084e8" CHANGEID="689673145" HOUSENUM="31" HOUSETYPE="2" OPERTYPEID="10" PREVID="0" NEXTID="0" UPDATEDATE="2025-09-29" STARTDATE="2025-09-29" ENDDATE="2079-06-06" ISACTUAL="1" ISACTIVE="1" /><HOUSE ID="129171172" OBJECTID="174932389" OBJECTGUID="99def0e7-de33-41c0-9ef9-4633c2cdcf75" CHANGEID="689673161" HOUSENUM="19" HOUSETYPE="5" OPERTYPEID="10" PREVID="0" NEXTID="0" UPDATEDATE="2025-09-29" STARTDATE="2025-09-29" ENDDATE="2079-06-06" ISACTUAL="1" ISACTIVE="1" /><HOUSE ID="129171383" OBJECTID="174933282" OBJECTGUID="58cefbd8-8e8b-420c-bdef-702513e1394c" CHANGEID="689674622" HOUSENUM="4Б" HOUSETYPE="5" OPERTYPEID="10" PREVID="0" NEXTID="0" UPDATEDATE="2025-09-29" STARTDATE="2025-09-29" ENDDATE="2079-06-06" ISACTUAL="1" ISACTIVE="1" /><HOUSE ID="129171522" OBJECTID="174933645" OBJECTGUID="7b102e8a-47a3-4067-807c-86658542c195" CHANGEID="689675219" HOUSENUM="5Б/3" HOUSETYPE="5" OPERTYPEID="10" PREVID="0" NEXTID="0" UPDATEDATE="2025-09-29" STARTDATE="2025-09-29" ENDDATE="2079-06-06" ISACTUAL="1" ISACTIVE="1" /><HOUSE ID="129171523" OBJECTID="174933646" OBJECTGUID="bdad0c2c-aff1-486b-9c1d-15af619960bc" CHANGEID="689675220" HOUSENUM="18" HOUSETYPE="5" OPERTYPEID="10" PREVID="0" NEXTID="0" UPDATEDATE="2025-09-29" STARTDATE="2025-09-29" ENDDATE="2079-06-06" ISACTUAL="1" ISACTIVE="1" /><HOUSE ID="129171524" OBJECTID="174933647" OBJECTGUID="5db28720-8f82-4fe0-930c-06bf52026775" CHANGEID="689675221" HOUSENUM="5Б/2" HOUSETYPE="5" OPERTYPEID="10" PREVID="0" NEXTID="0" UPDATEDATE="2025-09-29" STARTDATE="2025-09-29" ENDDATE="2079-06-06" ISACTUAL="1" ISACTIVE="1" /><HOUSE ID="129171542" OBJECTID="174933695" OBJECTGUID="976dfd56-dcf4-4909-ab9b-867390d1ef6e" CHANGEID="689675297" HOUSENUM="26" HOUSETYPE="5" OPERTYPEID="10" PREVID="0" NEXTID="0" UPDATEDATE="2025-09-29" STARTDATE="2025-09-29" ENDDATE="2079-06-06" ISACTUAL="1" ISACTIVE="1" /><HOUSE ID="129171553" OBJECTID="174933742" OBJECTGUID="d6bbc54d-23b9-47a5-ad25-8d4aea05ea59" CHANGEID="689675361" HOUSENUM="18" HOUSETYPE="5" OPERTYPEID="10" PREVID="0" NEXTID="0" UPDATEDATE="2025-09-29" STARTDATE="2025-09-29" ENDDATE="2079-06-06" ISACTUAL="1" ISACTIVE="1" /><HOUSE ID="129171564" OBJECTID="174933760" OBJECTGUID="246580e1-0b6f-4c24-95ec-695fc7dcbe36" CHANGEID="689675388" HOUSENUM="4А" HOUSETYPE="5" OPERTYPEID="10" PREVID="0" NEXTID="0" UPDATEDATE="2025-09-29" STARTDATE="2025-09-29" ENDDATE="2079-06-06" ISACTUAL="1" ISACTIVE="1" /><HOUSE ID="129171619" OBJECTID="174933914" OBJECTGUID="91ffe888-e785-4010-ab9d-623beeda74e3" CHANGEID="689675673" HOUSENUM="10Б" HOUSETYPE="5" OPERTYPEID="10" PREVID="0" NEXTID="0" UPDATEDATE="2025-09-29" STARTDATE="2025-09-29" ENDDATE="2079-06-06" ISACTUAL="1" ISACTIVE="1" /><HOUSE ID="129172312" OBJECTID="69326866" OBJECTGUID="7155241e-6264-4455-9878-41b52df8a22f" CHANGEID="689679384" HOUSENUM="42А" HOUSETYPE="2" OPERTYPEID="20" PREVID="59408909" UPDATEDATE="2025-09-29" STARTDATE="2025-09-29" ENDDATE="2079-06-06" ISACTUAL="1" ISACTIVE="1" /><HOUSE ID="129175086" OBJECTID="174944115" OBJECTGUID="52b46881-8018-4fd0-901c-8edf8246e08a" CHANGEID="689697564" HOUSENUM="29А" HOUSETYPE="2" OPERTYPEID="10" PREVID="0" NEXTID="0" UPDATEDATE="2025-09-29" STARTDATE="2025-09-29" ENDDATE="2079-06-06" ISACTUAL="1" ISACTIVE="1" /><HOUSE ID="129175102" OBJECTID="174944179" OBJECTGUID="e958668d-1099-48f0-88fb-5a2b4fd1f6c4" CHANGEID="689697769" HOUSENUM="17" HOUSETYPE="5" OPERTYPEID="10" PREVID="0" NEXTID="0" UPDATEDATE="2025-09-29" STARTDATE="2025-09-29" ENDDATE="2079-06-06" ISACTUAL="1" ISACTIVE="1" /><HOUSE ID="129175110" OBJECTID="100574639" OBJECTGUID="af8111c7-612e-43c1-857b-ea7bd130d6ea" CHANGEID="689697796" HOUSENUM="12А" HOUSETYPE="2" OPERTYPEID="60" PREVID="70438491" UPDATEDATE="2025-09-29" STARTDATE="2025-09-29" ENDDATE="2079-06-06" ISACTUAL="1" ISACTIVE="0" /><HOUSE ID="70438491" OBJECTID="100574639" OBJECTGUID="af8111c7-612e-43c1-857b-ea7bd130d6ea" CHANGEID="182079794" HOUSENUM="12А" HOUSETYPE="2" OPERTYPEID="10" PREVID="0" NEXTID="129175110" UPDATEDATE="2025-09-29" STARTDATE="2021-03-15" ENDDATE="2025-09-29" ISACTUAL="0" ISACTIVE="0" /><HOUSE ID="129175111" OBJECTID="174944202" OBJECTGUID="ee85133d-f724-418f-9315-07561713420d" CHANGEID="689697797" HOUSENUM="12Б" HOUSETYPE="2" OPERTYPEID="61" PREVID="129175110" NEXTID="0" UPDATEDATE="2025-09-29" STARTDATE="2025-09-29" ENDDATE="2079-06-06" ISACTUAL="1" ISACTIVE="1" /><HOUSE ID="129175112" OBJECTID="174944203" OBJECTGUID="e7316e3f-e9ce-43fa-8361-ed88aebda881" CHANGEID="689697798" HOUSENUM="12А" HOUSETYPE="2" OPERTYPEID="61" PREVID="129175110" NEXTID="0" UPDATEDATE="2025-09-29" STARTDATE="2025-09-29" ENDDATE="2079-06-06" ISACTUAL="1" ISACTIVE="1" /><HOUSE ID="129175131" OBJECTID="174944328" OBJECTGUID="2c358665-9689-4350-9431-fd76131fb361" CHANGEID="689698395" HOUSENUM="20" HOUSETYPE="2" OPERTYPEID="10" PREVID="0" NEXTID="0" UPDATEDATE="2025-09-29" STARTDATE="2025-09-29" ENDDATE="2079-06-06" ISACTUAL="1" ISACTIVE="1" /><HOUSE ID="129175137" OBJECTID="174944435" OBJECTGUID="9917339e-9c6d-4e72-ba3a-bc68ca2b8112" CHANGEID="689698535" HOUSENUM="46" HOUSETYPE="2" OPERTYPEID="10" PREVID="0" NEXTID="0" UPDATEDATE="2025-09-29" STARTDATE="2025-09-29" ENDDATE="2079-06-06" ISACTUAL="1" ISACTIVE="1" /><HOUSE ID="129175201" OBJECTID="40639011" OBJECTGUID="5a3b0bd4-4ac9-4664-9758-01096235d964" CHANGEID="689699885" HOUSENUM="10" HOUSETYPE="2" OPERTYPEID="30" PREVID="57772399" NEXTID="0" UPDATEDATE="2025-09-29" STARTDATE="2025-09-29" ENDDATE="2079-06-06" ISACTUAL="1" ISACTIVE="0" /><HOUSE ID="129175229" OBJECTID="174945019" OBJECTGUID="a9dcd491-49d8-4fad-a322-2204dbd130aa" CHANGEID="689700875" HOUSENUM="54/2" HOUSETYPE="2" OPERTYPEID="10" PREVID="0" NEXTID="0" UPDATEDATE="2025-09-29" STARTDATE="2025-09-29" ENDDATE="2079-06-06" ISACTUAL="1" ISACTIVE="1" /><HOUSE ID="129178274" OBJECTID="174953554" OBJECTGUID="49ccc5c1-4657-48d3-87fb-f4cbfeb416e7" CHANGEID="689719669" HOUSENUM="27А" HOUSETYPE="2" OPERTYPEID="10" PREVID="0" NEXTID="0" UPDATEDATE="2025-09-30" STARTDATE="2025-09-30" ENDDATE="2079-06-06" ISACTUAL="1" ISACTIVE="1" /><HOUSE ID="129178276" OBJECTID="174953563" OBJECTGUID="14671c37-2433-45b5-9b14-3239b172def6" CHANGEID="689719679" HOUSENUM="14А" HOUSETYPE="2" OPERTYPEID="10" PREVID="0" NEXTID="0" UPDATEDATE="2025-09-30" STARTDATE="2025-09-30" ENDDATE="2079-06-06" ISACTUAL="1" ISACTIVE="1" /><HOUSE ID="129178273" OBJECTID="174953548" OBJECTGUID="adaa91c5-fa7b-4ff3-9ea4-965d5397d080" CHANGEID="689719658" HOUSENUM="13" HOUSETYPE="2" OPERTYPEID="10" PREVID="0" NEXTID="0" UPDATEDATE="2025-09-30" STARTDATE="2025-09-30" ENDDATE="2079-06-06" ISACTUAL="1" ISACTIVE="1" /><HOUSE ID="129178275" OBJECTID="174953557" OBJECTGUID="159dcb9f-d810-4a77-9279-fc1a20f66450" CHANGEID="689719672" HOUSENUM="25А" HOUSETYPE="2" OPERTYPEID="10" PREVID="0" NEXTID="0" UPDATEDATE="2025-09-30" STARTDATE="2025-09-30" ENDDATE="2079-06-06" ISACTUAL="1" ISACTIVE="1" /><HOUSE ID="129179878" OBJECTID="174958889" OBJECTGUID="6cea57e7-6c09-426a-86bd-56b3f24464a0" CHANGEID="689732901" HOUSENUM="41" HOUSETYPE="2" OPERTYPEID="10" PREVID="0" NEXTID="0" UPDATEDATE="2025-09-30" STARTDATE="2025-09-30" ENDDATE="2079-06-06" ISACTUAL="1" ISACTIVE="1" /><HOUSE ID="129180168" OBJECTID="174959412" OBJECTGUID="15e0df79-f4f7-45ca-94f3-5df471d2942b" CHANGEID="689734009" HOUSENUM="37А" HOUSETYPE="2" OPERTYPEID="10" PREVID="0" NEXTID="0" UPDATEDATE="2025-09-30" STARTDATE="2025-09-30" ENDDATE="2079-06-06" ISACTUAL="1" ISACTIVE="1" /><HOUSE ID="129180307" OBJECTID="174960325" OBJECTGUID="9d522453-5fb0-4283-af9c-701971621b1b" CHANGEID="689735623" HOUSENUM="20" HOUSETYPE="2" OPERTYPEID="10" PREVID="0" NEXTID="0" UPDATEDATE="2025-09-30" STARTDATE="2025-09-30" ENDDATE="2079-06-06" ISACTUAL="1" ISACTIVE="1" /><HOUSE ID="129180288" OBJECTID="174960242" OBJECTGUID="ee2bf640-dca8-45cb-b1d0-04c462188cdc" CHANGEID="689735402" HOUSENUM="13" HOUSETYPE="2" OPERTYPEID="10" PREVID="0" NEXTID="0" UPDATEDATE="2025-09-30" STARTDATE="2025-09-30" ENDDATE="2079-06-06" ISACTUAL="1" ISACTIVE="1" /><HOUSE ID="129180301" OBJECTID="174960311" OBJECTGUID="7b9e976a-9790-471a-b690-0763e00d6566" CHANGEID="689735587" HOUSENUM="14" HOUSETYPE="2" OPERTYPEID="10" PREVID="0" NEXTID="0" UPDATEDATE="2025-09-30" STARTDATE="2025-09-30" ENDDATE="2079-06-06" ISACTUAL="1" ISACTIVE="1" /><HOUSE ID="129180466" OBJECTID="174960643" OBJECTGUID="b77f37ee-eefd-412c-84a7-ec78e037588a" CHANGEID="689736620" HOUSENUM="1Б" HOUSETYPE="2" OPERTYPEID="10" PREVID="0" NEXTID="0" UPDATEDATE="2025-09-30" STARTDATE="2025-09-30" ENDDATE="2079-06-06" ISACTUAL="1" ISACTIVE="1" /><HOUSE ID="129180482" OBJECTID="174960760" OBJECTGUID="a2c102a8-4fe1-4c6d-a91d-b4459485d3d5" CHANGEID="689736962" HOUSENUM="1А" HOUSETYPE="2" OPERTYPEID="10" PREVID="0" NEXTID="0" UPDATEDATE="2025-09-30" STARTDATE="2025-09-30" ENDDATE="2079-06-06" ISACTUAL="1" ISACTIVE="1" /><HOUSE ID="129180591" OBJECTID="174960976" OBJECTGUID="80759a3d-45df-4592-a34e-9ccbea2c1b85" CHANGEID="689737335" HOUSENUM="9" HOUSETYPE="2" OPERTYPEID="10" PREVID="0" NEXTID="0" UPDATEDATE="2025-09-30" STARTDATE="2025-09-30" ENDDATE="2079-06-06" ISACTUAL="1" ISACTIVE="1" /><HOUSE ID="129182660" OBJECTID="174966866" OBJECTGUID="bf792880-906e-455c-96a3-992faf6d4639" CHANGEID="689750644" HOUSENUM="34" HOUSETYPE="2" OPERTYPEID="10" PREVID="0" NEXTID="0" UPDATEDATE="2025-09-30" STARTDATE="2025-09-30" ENDDATE="2079-06-06" ISACTUAL="1" ISACTIVE="1" /><HOUSE ID="129182692" OBJECTID="60985479" OBJECTGUID="8e6e9374-73be-43fb-9033-5aadc3a11cf8" CHANGEID="689750726" HOUSENUM="20" HOUSETYPE="5" OPERTYPEID="20" PREVID="61471187" UPDATEDATE="2025-09-30" STARTDATE="2025-09-30" ENDDATE="2079-06-06" ISACTUAL="1" ISACTIVE="1" /><HOUSE ID="129183105" OBJECTID="174968173" OBJECTGUID="242240b0-876b-43fe-9d5f-ee4d9e7cd7ce" CHANGEID="689753461" HOUSENUM="11" HOUSETYPE="2" OPERTYPEID="10" PREVID="0" NEXTID="0" UPDATEDATE="2025-09-30" STARTDATE="2025-09-30" ENDDATE="2079-06-06" ISACTUAL="1" ISACTIVE="1" /><HOUSE ID="129183120" OBJECTID="174968229" OBJECTGUID="3a4eb38b-d124-421c-aac9-ef5e868d0183" CHANGEID="689753561" HOUSENUM="6" HOUSETYPE="2" OPERTYPEID="10" PREVID="0" NEXTID="0" UPDATEDATE="2025-09-30" STARTDATE="2025-09-30" ENDDATE="2079-06-06" ISACTUAL="1" ISACTIVE="1" /><HOUSE ID="129183314" OBJECTID="174968775" OBJECTGUID="4b0e7b11-252c-4b3e-b9c8-eb1487337c05" CHANGEID="689755247" HOUSENUM="57" HOUSETYPE="2" OPERTYPEID="10" PREVID="0" NEXTID="0" UPDATEDATE="2025-09-30" STARTDATE="2025-09-30" ENDDATE="2079-06-06" ISACTUAL="1" ISACTIVE="1" /><HOUSE ID="129183333" OBJECTID="174968875" OBJECTGUID="5272324c-2134-40bf-b4ec-46114d2a886f" CHANGEID="689755395" HOUSENUM="1" HOUSETYPE="2" OPERTYPEID="10" PREVID="0" NEXTID="0" UPDATEDATE="2025-09-30" STARTDATE="2025-09-30" ENDDATE="2079-06-06" ISACTUAL="1" ISACTIVE="1" /><HOUSE ID="129183365" OBJECTID="174969061" OBJECTGUID="830744c1-713b-46cd-9cde-c9d7985a4b0a" CHANGEID="689755692" HOUSENUM="39" HOUSETYPE="2" OPERTYPEID="10" PREVID="0" NEXTID="0" UPDATEDATE="2025-09-30" STARTDATE="2025-09-30" ENDDATE="2079-06-06" ISACTUAL="1" ISACTIVE="1" /><HOUSE ID="129183435" OBJECTID="174969246" OBJECTGUID="b1240441-e122-441a-895f-769c1f2647e6" CHANGEID="689756048" HOUSENUM="25" HOUSETYPE="2" OPERTYPEID="10" PREVID="0" NEXTID="0" UPDATEDATE="2025-09-30" STARTDATE="2025-09-30" ENDDATE="2079-06-06" ISACTUAL="1" ISACTIVE="1" /><HOUSE ID="129183416" OBJECTID="174969176" OBJECTGUID="a5b3a7eb-cf9b-458b-a44a-87653dfc0ff5" CHANGEID="689755937" HOUSENUM="97" HOUSETYPE="2" OPERTYPEID="10" PREVID="0" NEXTID="0" UPDATEDATE="2025-09-30" STARTDATE="2025-09-30" ENDDATE="2079-06-06" ISACTUAL="1" ISACTIVE="1" /><HOUSE ID="129183543" OBJECTID="174969632" OBJECTGUID="cfc29727-2b8b-42f9-a816-b25874b56946" CHANGEID="689756779" HOUSENUM="78" HOUSETYPE="2" OPERTYPEID="10" PREVID="0" NEXTID="0" UPDATEDATE="2025-09-30" STARTDATE="2025-09-30" ENDDATE="2079-06-06" ISACTUAL="1" ISACTIVE="1" /><HOUSE ID="129183511" OBJECTID="174969489" OBJECTGUID="ac3aec7c-5600-478f-bfdc-484709e50b13" CHANGEID="689756512" HOUSENUM="80" HOUSETYPE="2" OPERTYPEID="10" PREVID="0" NEXTID="0" UPDATEDATE="2025-09-30" STARTDATE="2025-09-30" ENDDATE="2079-06-06" ISACTUAL="1" ISACTIVE="1" /><HOUSE ID="129183865" OBJECTID="174970520" OBJECTGUID="68af93f0-e7a8-4215-a7f2-a6a4344669c4" CHANGEID="689776901" HOUSENUM="11" HOUSETYPE="2" OPERTYPEID="10" PREVID="0" NEXTID="0" UPDATEDATE="2025-09-30" STARTDATE="2025-09-30" ENDDATE="2079-06-06" ISACTUAL="1" ISACTIVE="1" /><HOUSE ID="129183907" OBJECTID="64577165" OBJECTGUID="b4f90d4b-f73a-4864-9b97-63b8237720ae" CHANGEID="689777181" HOUSENUM="21" HOUSETYPE="2" OPERTYPEID="30" PREVID="38859812" NEXTID="0" UPDATEDATE="2025-09-30" STARTDATE="2025-09-30" ENDDATE="2079-06-06" ISACTUAL="1" ISACTIVE="0" /><HOUSE ID="38859812" OBJECTID="64577165" OBJECTGUID="b4f90d4b-f73a-4864-9b97-63b8237720ae" CHANGEID="96338562" HOUSENUM="21" HOUSETYPE="2" OPERTYPEID="10" PREVID="0" NEXTID="129183907" UPDATEDATE="2025-09-30" STARTDATE="2018-04-18" ENDDATE="2025-09-30" ISACTUAL="0" ISACTIVE="0" /><HOUSE ID="129183908" OBJECTID="174970705" OBJECTGUID="20503b57-fd24-4e61-8ca8-ef023d9feeb9" CHANGEID="689777192" HOUSENUM="19" HOUSETYPE="2" OPERTYPEID="10" PREVID="0" NEXTID="0" UPDATEDATE="2025-09-30" STARTDATE="2025-09-30" ENDDATE="2079-06-06" ISACTUAL="1" ISACTIVE="1" /><HOUSE ID="129183925" OBJECTID="174970734" OBJECTGUID="fe4af6be-c720-4ccb-b13d-ca900a9d5809" CHANGEID="689777276" HOUSENUM="1" ADDNUM1="3" HOUSETYPE="5" ADDTYPE1="2" OPERTYPEID="10" PREVID="0" NEXTID="0" UPDATEDATE="2025-09-30" STARTDATE="2025-09-30" ENDDATE="2079-06-06" ISACTUAL="1" ISACTIVE="1" /><HOUSE ID="129183926" OBJECTID="174970735" OBJECTGUID="f9d9822f-34a1-441b-a322-6ddd7fa349ac" CHANGEID="689777277" HOUSENUM="1" ADDNUM1="2" HOUSETYPE="5" ADDTYPE1="2" OPERTYPEID="10" PREVID="0" NEXTID="0" UPDATEDATE="2025-09-30" STARTDATE="2025-09-30" ENDDATE="2079-06-06" ISACTUAL="1" ISACTIVE="1" /><HOUSE ID="129183927" OBJECTID="174970736" OBJECTGUID="71ee422c-e3ee-45bc-94ee-f477612834ce" CHANGEID="689777278" HOUSENUM="1" ADDNUM1="1" HOUSETYPE="5" ADDTYPE1="2" OPERTYPEID="10" PREVID="0" NEXTID="0" UPDATEDATE="2025-09-30" STARTDATE="2025-09-30" ENDDATE="2079-06-06" ISACTUAL="1" ISACTIVE="1" /><HOUSE ID="129183928" OBJECTID="174970737" OBJECTGUID="0e8e99c1-c19e-4b8a-b2a5-fab900abbd17" CHANGEID="689777279" HOUSENUM="1" HOUSETYPE="5" OPERTYPEID="10" PREVID="0" NEXTID="0" UPDATEDATE="2025-09-30" STARTDATE="2025-09-30" ENDDATE="2079-06-06" ISACTUAL="1" ISACTIVE="1" /><HOUSE ID="129183931" OBJECTID="174970745" OBJECTGUID="a0cb29ee-c33c-4322-8bc5-35b7e7b23767" CHANGEID="689777305" HOUSENUM="1" ADDNUM1="12" HOUSETYPE="5" ADDTYPE1="2" OPERTYPEID="10" PREVID="0" NEXTID="0" UPDATEDATE="2025-09-30" STARTDATE="2025-09-30" ENDDATE="2079-06-06" ISACTUAL="1" ISACTIVE="1" /><HOUSE ID="129183932" OBJECTID="174970746" OBJECTGUID="3471298a-8738-4662-81ef-c05026ca17eb" CHANGEID="689777306" HOUSENUM="1" ADDNUM1="5" HOUSETYPE="5" ADDTYPE1="2" OPERTYPEID="10" PREVID="0" NEXTID="0" UPDATEDATE="2025-09-30" STARTDATE="2025-09-30" ENDDATE="2079-06-06" ISACTUAL="1" ISACTIVE="1" /><HOUSE ID="129183933" OBJECTID="174970747" OBJECTGUID="d4617a41-d6f3-4301-b150-858fd02951da" CHANGEID="689777307" HOUSENUM="1" ADDNUM1="4" HOUSETYPE="5" ADDTYPE1="2" OPERTYPEID="10" PREVID="0" NEXTID="0" UPDATEDATE="2025-09-30" STARTDATE="2025-09-30" ENDDATE="2079-06-06" ISACTUAL="1" ISACTIVE="1" /><HOUSE ID="129183934" OBJECTID="174970748" OBJECTGUID="519d0272-ecaa-4f92-a38b-817f6dd8278c" CHANGEID="689777308" HOUSENUM="1" ADDNUM1="3" HOUSETYPE="5" ADDTYPE1="2" OPERTYPEID="10" PREVID="0" NEXTID="0" UPDATEDATE="2025-09-30" STARTDATE="2025-09-30" ENDDATE="2079-06-06" ISACTUAL="1" ISACTIVE="1" /><HOUSE ID="129183935" OBJECTID="174970749" OBJECTGUID="4bc9470a-9a9a-4cf7-b2e7-96b11259fae6" CHANGEID="689777309" HOUSENUM="1" ADDNUM1="2" HOUSETYPE="5" ADDTYPE1="2" OPERTYPEID="10" PREVID="0" NEXTID="0" UPDATEDATE="2025-09-30" STARTDATE="2025-09-30" ENDDATE="2079-06-06" ISACTUAL="1" ISACTIVE="1" /><HOUSE ID="129183936" OBJECTID="174970750" OBJECTGUID="52583dba-5780-4414-ae58-63ff7fdf3a8f" CHANGEID="689777310" HOUSENUM="1" ADDNUM1="1" HOUSETYPE="5" ADDTYPE1="2" OPERTYPEID="10" PREVID="0" NEXTID="0" UPDATEDATE="2025-09-30" STARTDATE="2025-09-30" ENDDATE="2079-06-06" ISACTUAL="1" ISACTIVE="1" /><HOUSE ID="129183937" OBJECTID="174970751" OBJECTGUID="a2a2f5d1-0722-40f0-902a-70981bef6328" CHANGEID="689777311" HOUSENUM="1" HOUSETYPE="5" OPERTYPEID="10" PREVID="0" NEXTID="0" UPDATEDATE="2025-09-30" STARTDATE="2025-09-30" ENDDATE="2079-06-06" ISACTUAL="1" ISACTIVE="1" /><HOUSE ID="129183938" OBJECTID="174970752" OBJECTGUID="5b52cd97-6c3e-4f0c-a067-125e891fc737" CHANGEID="689777312" HOUSENUM="1" ADDNUM1="11" HOUSETYPE="5" ADDTYPE1="2" OPERTYPEID="10" PREVID="0" NEXTID="0" UPDATEDATE="2025-09-30" STARTDATE="2025-09-30" ENDDATE="2079-06-06" ISACTUAL="1" ISACTIVE="1" /><HOUSE ID="129183939" OBJECTID="174970753" OBJECTGUID="aaf90d18-a678-4858-b4c8-fad4680f01c2" CHANGEID="689777313" HOUSENUM="1" ADDNUM1="10" HOUSETYPE="5" ADDTYPE1="2" OPERTYPEID="10" PREVID="0" NEXTID="0" UPDATEDATE="2025-09-30" STARTDATE="2025-09-30" ENDDATE="2079-06-06" ISACTUAL="1" ISACTIVE="1" /><HOUSE ID="129183940" OBJECTID="174970754" OBJECTGUID="5532b6e8-27a2-48c7-9a5e-c87721fc5efa" CHANGEID="689777314" HOUSENUM="1" ADDNUM1="9" HOUSETYPE="5" ADDTYPE1="2" OPERTYPEID="10" PREVID="0" NEXTID="0" UPDATEDATE="2025-09-30" STARTDATE="2025-09-30" ENDDATE="2079-06-06" ISACTUAL="1" ISACTIVE="1" /><HOUSE ID="129183941" OBJECTID="174970755" OBJECTGUID="c590d0db-fb1d-4b18-80b3-fb466e5e3e8b" CHANGEID="689777315" HOUSENUM="1" ADDNUM1="8" HOUSETYPE="5" ADDTYPE1="2" OPERTYPEID="10" PREVID="0" NEXTID="0" UPDATEDATE="2025-09-30" STARTDATE="2025-09-30" ENDDATE="2079-06-06" ISACTUAL="1" ISACTIVE="1" /><HOUSE ID="129183942" OBJECTID="174970756" OBJECTGUID="0c1f404d-3cb8-4cc6-a5e9-4cd61f2be0e5" CHANGEID="689777316" HOUSENUM="1" ADDNUM1="7" HOUSETYPE="5" ADDTYPE1="2" OPERTYPEID="10" PREVID="0" NEXTID="0" UPDATEDATE="2025-09-30" STARTDATE="2025-09-30" ENDDATE="2079-06-06" ISACTUAL="1" ISACTIVE="1" /><HOUSE ID="129183943" OBJECTID="174970757" OBJECTGUID="173c765c-d827-4a14-8094-7bac5e6c5422" CHANGEID="689777317" HOUSENUM="1" ADDNUM1="6" HOUSETYPE="5" ADDTYPE1="2" OPERTYPEID="10" PREVID="0" NEXTID="0" UPDATEDATE="2025-09-30" STARTDATE="2025-09-30" ENDDATE="2079-06-06" ISACTUAL="1" ISACTIVE="1" /><HOUSE ID="129183944" OBJECTID="174970759" OBJECTGUID="532fce23-08aa-4355-86a9-80ea6921ae89" CHANGEID="689777328" HOUSENUM="5Б" ADDNUM1="2" HOUSETYPE="5" ADDTYPE1="2" OPERTYPEID="10" PREVID="0" NEXTID="0" UPDATEDATE="2025-09-30" STARTDATE="2025-09-30" ENDDATE="2079-06-06" ISACTUAL="1" ISACTIVE="1" /><HOUSE ID="129183945" OBJECTID="174970760" OBJECTGUID="ec61d090-16b9-4769-aa93-26b04ce3799d" CHANGEID="689777329" HOUSENUM="5Б" ADDNUM1="1" HOUSETYPE="5" ADDTYPE1="2" OPERTYPEID="10" PREVID="0" NEXTID="0" UPDATEDATE="2025-09-30" STARTDATE="2025-09-30" ENDDATE="2079-06-06" ISACTUAL="1" ISACTIVE="1" /><HOUSE ID="129188712" OBJECTID="174985305" OBJECTGUID="e94e6b50-37e5-4fbd-ae5c-424713e3d740" CHANGEID="689808080" HOUSENUM="37" HOUSETYPE="2" OPERTYPEID="10" PREVID="0" NEXTID="0" UPDATEDATE="2025-10-01" STARTDATE="2025-10-01" ENDDATE="2079-06-06" ISACTUAL="1" ISACTIVE="1" /><HOUSE ID="129188713" OBJECTID="174985307" OBJECTGUID="91920f76-953d-46cd-bb77-9c915ffd36aa" CHANGEID="689808082" HOUSENUM="11" HOUSETYPE="2" OPERTYPEID="10" PREVID="0" NEXTID="0" UPDATEDATE="2025-10-01" STARTDATE="2025-10-01" ENDDATE="2079-06-06" ISACTUAL="1" ISACTIVE="1" /><HOUSE ID="129188953" OBJECTID="174985855" OBJECTGUID="c4b0f01b-7555-4656-862e-65382f7d15c1" CHANGEID="689809198" HOUSENUM="3Б" HOUSETYPE="5" OPERTYPEID="10" PREVID="0" NEXTID="0" UPDATEDATE="2025-10-01" STARTDATE="2025-10-01" ENDDATE="2079-06-06" ISACTUAL="1" ISACTIVE="1" /><HOUSE ID="129188957" OBJECTID="174985890" OBJECTGUID="fdd3cdaa-f9cc-4660-94e5-be2be21786e3" CHANGEID="689809325" HOUSENUM="3" HOUSETYPE="7" OPERTYPEID="10" PREVID="0" NEXTID="0" UPDATEDATE="2025-10-01" STARTDATE="2025-10-01" ENDDATE="2079-06-06" ISACTUAL="1" ISACTIVE="1" /><HOUSE ID="129188959" OBJECTID="174985912" OBJECTGUID="3fa55f72-26fe-4691-9a18-e5ea7569f7d3" CHANGEID="689809394" HOUSENUM="20" HOUSETYPE="2" OPERTYPEID="10" PREVID="0" NEXTID="0" UPDATEDATE="2025-10-01" STARTDATE="2025-10-01" ENDDATE="2079-06-06" ISACTUAL="1" ISACTIVE="1" /><HOUSE ID="129188977" OBJECTID="174985990" OBJECTGUID="552228e0-1261-4c62-9c5e-b382a289300f" CHANGEID="689809514" HOUSENUM="11/19" HOUSETYPE="2" OPERTYPEID="10" PREVID="0" NEXTID="0" UPDATEDATE="2025-10-01" STARTDATE="2025-10-01" ENDDATE="2079-06-06" ISACTUAL="1" ISACTIVE="1" /><HOUSE ID="129188970" OBJECTID="174985980" OBJECTGUID="892a1eea-f257-40b6-8b1b-d66453eb13ee" CHANGEID="689809494" HOUSENUM="24Б" HOUSETYPE="2" OPERTYPEID="10" PREVID="0" NEXTID="0" UPDATEDATE="2025-10-01" STARTDATE="2025-10-01" ENDDATE="2079-06-06" ISACTUAL="1" ISACTIVE="1" /><HOUSE ID="129188971" OBJECTID="174985981" OBJECTGUID="99b03526-c121-4c54-b407-e2c85f81ee8e" CHANGEID="689809495" HOUSENUM="24А" HOUSETYPE="2" OPERTYPEID="10" PREVID="0" NEXTID="0" UPDATEDATE="2025-10-01" STARTDATE="2025-10-01" ENDDATE="2079-06-06" ISACTUAL="1" ISACTIVE="1" /><HOUSE ID="129189483" OBJECTID="174987728" OBJECTGUID="c3e35488-abd1-4e61-9058-bd066092bca3" CHANGEID="689812012" HOUSENUM="3Б/3" HOUSETYPE="2" OPERTYPEID="10" PREVID="0" NEXTID="0" UPDATEDATE="2025-10-01" STARTDATE="2025-10-01" ENDDATE="2079-06-06" ISACTUAL="1" ISACTIVE="1" /><HOUSE ID="129190318" OBJECTID="174990195" OBJECTGUID="b2e9e5e8-ea73-4b68-8b71-a55e50a74485" CHANGEID="689816738" HOUSENUM="36Б" HOUSETYPE="2" OPERTYPEID="10" PREVID="0" NEXTID="0" UPDATEDATE="2025-10-01" STARTDATE="2025-10-01" ENDDATE="2079-06-06" ISACTUAL="1" ISACTIVE="1" /><HOUSE ID="129190317" OBJECTID="174990191" OBJECTGUID="30b0d30e-faf9-4124-b1a8-58f35f049bc2" CHANGEID="689816732" HOUSENUM="66" HOUSETYPE="2" OPERTYPEID="10" PREVID="0" NEXTID="0" UPDATEDATE="2025-10-01" STARTDATE="2025-10-01" ENDDATE="2079-06-06" ISACTUAL="1" ISACTIVE="1" /><HOUSE ID="129190319" OBJECTID="100835583" OBJECTGUID="b773419e-1e4d-4a93-be62-d477993d7e3f" CHANGEID="689816739" HOUSENUM="36" HOUSETYPE="2" OPERTYPEID="20" PREVID="71186139" UPDATEDATE="2025-10-01" STARTDATE="2025-10-01" ENDDATE="2079-06-06" ISACTUAL="1" ISACTIVE="1" /><HOUSE ID="129191127" OBJECTID="174991906" OBJECTGUID="cee29a79-ea1a-4ae8-9843-63d8905d36f9" CHANGEID="689819870" HOUSENUM="12" HOUSETYPE="2" OPERTYPEID="10" PREVID="0" NEXTID="0" UPDATEDATE="2025-10-01" STARTDATE="2025-10-01" ENDDATE="2079-06-06" ISACTUAL="1" ISACTIVE="1" /><HOUSE ID="129191140" OBJECTID="174991967" OBJECTGUID="24bfbff8-3ecf-4e7d-a69c-3c9f21739f37" CHANGEID="689819948" HOUSENUM="10" HOUSETYPE="2" OPERTYPEID="10" PREVID="0" NEXTID="0" UPDATEDATE="2025-10-01" STARTDATE="2025-10-01" ENDDATE="2079-06-06" ISACTUAL="1" ISACTIVE="1" /><HOUSE ID="129191144" OBJECTID="174991974" OBJECTGUID="5cb969a7-1679-4887-824a-9be6076e89d3" CHANGEID="689819958" HOUSENUM="27" HOUSETYPE="2" OPERTYPEID="10" PREVID="0" NEXTID="0" UPDATEDATE="2025-10-01" STARTDATE="2025-10-01" ENDDATE="2079-06-06" ISACTUAL="1" ISACTIVE="1" /><HOUSE ID="129191162" OBJECTID="174992026" OBJECTGUID="ac30a13a-6606-4055-86b6-9ef50443abe6" CHANGEID="689820028" HOUSENUM="15" HOUSETYPE="2" OPERTYPEID="10" PREVID="0" NEXTID="0" UPDATEDATE="2025-10-01" STARTDATE="2025-10-01" ENDDATE="2079-06-06" ISACTUAL="1" ISACTIVE="1" /><HOUSE ID="129191168" OBJECTID="174992054" OBJECTGUID="9440baf9-d53f-4620-9e5f-331f457500c0" CHANGEID="689820067" HOUSENUM="13" HOUSETYPE="2" OPERTYPEID="10" PREVID="0" NEXTID="0" UPDATEDATE="2025-10-01" STARTDATE="2025-10-01" ENDDATE="2079-06-06" ISACTUAL="1" ISACTIVE="1" /><HOUSE ID="129191184" OBJECTID="174992101" OBJECTGUID="8a79e202-ac49-477e-848c-9372acb164ff" CHANGEID="689820119" HOUSENUM="50" HOUSETYPE="2" OPERTYPEID="10" PREVID="0" NEXTID="0" UPDATEDATE="2025-10-01" STARTDATE="2025-10-01" ENDDATE="2079-06-06" ISACTUAL="1" ISACTIVE="1" /><HOUSE ID="129191586" OBJECTID="174992944" OBJECTGUID="12b1196f-01bd-445b-af51-7af6df07533c" CHANGEID="689825468" HOUSENUM="1" HOUSETYPE="2" OPERTYPEID="10" PREVID="0" NEXTID="0" UPDATEDATE="2025-10-01" STARTDATE="2025-10-01" ENDDATE="2079-06-06" ISACTUAL="1" ISACTIVE="1" /><HOUSE ID="129191593" OBJECTID="174992952" OBJECTGUID="77e9189c-d5bf-495f-bf64-7029eae928f1" CHANGEID="689825477" HOUSENUM="7" HOUSETYPE="2" OPERTYPEID="10" PREVID="0" NEXTID="0" UPDATEDATE="2025-10-01" STARTDATE="2025-10-01" ENDDATE="2079-06-06" ISACTUAL="1" ISACTIVE="1" /></HOUSES>