﻿<?xml version="1.0" encoding="utf-8"?><HOUSES><HOUSE ID="54541111" OBJECTID="72966639" OBJECTGUID="2c9d50bd-1561-4256-a997-573f6476bd26" CHANGEID="108651621" HOUSENUM="24" HOUSETYPE="3" OPERTYPEID="20" PREVID="44055097" NEXTID="129174780" UPDATEDATE="2025-09-29" STARTDATE="2014-01-04" ENDDATE="2025-09-29" ISACTUAL="0" ISACTIVE="0" /><HOUSE ID="54960106" OBJECTID="10007820" OBJECTGUID="3285fbc8-82a3-4a09-aaa2-9bb9527440b8" CHANGEID="16523339" HOUSENUM="6" HOUSETYPE="3" OPERTYPEID="20" PREVID="5226831" NEXTID="129183518" UPDATEDATE="2025-09-30" STARTDATE="2017-02-21" ENDDATE="2025-09-30" ISACTUAL="0" ISACTIVE="0" /><HOUSE ID="56530385" OBJECTID="19608531" OBJECTGUID="48b43fc0-5985-48b5-afe9-99101b029e5e" CHANGEID="30753965" HOUSENUM="1" HOUSETYPE="3" OPERTYPEID="20" PREVID="11384078" NEXTID="129174515" UPDATEDATE="2025-09-29" STARTDATE="2014-01-04" ENDDATE="2025-09-29" ISACTUAL="0" ISACTIVE="0" /><HOUSE ID="59781847" OBJECTID="15247405" OBJECTGUID="76960d52-af58-4ada-998e-6fa0213d8fb2" CHANGEID="24305740" HOUSENUM="6" HOUSETYPE="3" OPERTYPEID="20" PREVID="8588482" NEXTID="129174745" UPDATEDATE="2025-09-29" STARTDATE="2014-01-04" ENDDATE="2025-09-29" ISACTUAL="0" ISACTIVE="0" /><HOUSE ID="61783628" OBJECTID="10037650" OBJECTGUID="92d52061-e6f0-4ae6-a578-16a4937f8f5a" CHANGEID="16565401" HOUSENUM="7" HOUSETYPE="3" OPERTYPEID="20" PREVID="5243374" NEXTID="129183522" UPDATEDATE="2025-09-30" STARTDATE="2017-02-21" ENDDATE="2025-09-30" ISACTUAL="0" ISACTIVE="0" /><HOUSE ID="64924381" OBJECTID="40473277" OBJECTGUID="bf288249-895e-4a21-b9a7-c6cb02acef5f" CHANGEID="61257973" HOUSENUM="49" HOUSETYPE="3" OPERTYPEID="20" PREVID="24194719" NEXTID="129181679" UPDATEDATE="2025-09-30" STARTDATE="2016-04-18" ENDDATE="2025-09-30" ISACTUAL="0" ISACTIVE="0" /><HOUSE ID="65120709" OBJECTID="15441173" OBJECTGUID="c1f2a19e-5108-4433-a728-672a83a3e36e" CHANGEID="24598107" HOUSENUM="3" HOUSETYPE="3" OPERTYPEID="20" PREVID="8721838" NEXTID="129178059" UPDATEDATE="2025-09-30" STARTDATE="2014-01-04" ENDDATE="2025-09-30" ISACTUAL="0" ISACTIVE="0" /><HOUSE ID="66649635" OBJECTID="76488997" OBJECTGUID="d7895506-a93b-4772-82d2-56a7b5b2006a" CHANGEID="113780360" HOUSENUM="9" HOUSETYPE="3" OPERTYPEID="20" PREVID="46215259" NEXTID="129181718" UPDATEDATE="2025-09-30" STARTDATE="2016-04-09" ENDDATE="2025-09-30" ISACTUAL="0" ISACTIVE="0" /><HOUSE ID="66767929" OBJECTID="49143759" OBJECTGUID="d934f176-b2dd-4c42-a98f-dbe8d6bf9e50" CHANGEID="73822528" HOUSENUM="4" HOUSETYPE="3" OPERTYPEID="20" PREVID="29384736" NEXTID="129174586" UPDATEDATE="2025-09-29" STARTDATE="2014-01-04" ENDDATE="2025-09-29" ISACTUAL="0" ISACTIVE="0" /><HOUSE ID="68174995" OBJECTID="49151159" OBJECTGUID="ed1800fa-cf68-4d41-9039-f27dedf3559c" CHANGEID="73835549" HOUSENUM="1" HOUSETYPE="3" OPERTYPEID="20" PREVID="29390688" NEXTID="129174577" UPDATEDATE="2025-09-29" STARTDATE="2014-01-04" ENDDATE="2025-09-29" ISACTUAL="0" ISACTIVE="0" /><HOUSE ID="68271182" OBJECTID="13659929" OBJECTGUID="ee73ed58-6f63-4663-8263-c3db92aa2036" CHANGEID="21905417" HOUSENUM="13" HOUSETYPE="3" OPERTYPEID="20" PREVID="7518573" NEXTID="129178061" UPDATEDATE="2025-09-30" STARTDATE="2014-01-04" ENDDATE="2025-09-30" ISACTUAL="0" ISACTIVE="0" /><HOUSE ID="68461825" OBJECTID="78770006" OBJECTGUID="f123a73f-5bc6-4559-9505-2b1df0a47822" CHANGEID="117088625" HOUSENUM="7" HOUSETYPE="3" OPERTYPEID="20" PREVID="47586608" NEXTID="129174754" UPDATEDATE="2025-09-29" STARTDATE="2014-01-04" ENDDATE="2025-09-29" ISACTUAL="0" ISACTIVE="0" /><HOUSE ID="68998954" OBJECTID="40436982" OBJECTGUID="f8b9cc06-1cfa-417d-b77d-5acdbe73985b" CHANGEID="61205561" HOUSENUM="26" HOUSETYPE="3" OPERTYPEID="20" PREVID="24173217" NEXTID="129183890" UPDATEDATE="2025-09-30" STARTDATE="2017-02-14" ENDDATE="2025-09-30" ISACTUAL="0" ISACTIVE="0" /><HOUSE ID="69064600" OBJECTID="9048113" OBJECTGUID="f9a67fdf-044e-4d3d-bfc0-1291879db304" CHANGEID="15152584" HOUSENUM="12" HOUSETYPE="2" OPERTYPEID="20" PREVID="4673322" NEXTID="129183738" UPDATEDATE="2025-09-30" STARTDATE="2015-10-08" ENDDATE="2025-09-30" ISACTUAL="0" ISACTIVE="0" /><HOUSE ID="69404687" OBJECTID="84068810" OBJECTGUID="fe780ddf-ceca-4555-a374-03990ba09659" CHANGEID="124888605" HOUSENUM="43" HOUSETYPE="3" OPERTYPEID="20" PREVID="50913135" NEXTID="129181738" UPDATEDATE="2025-09-30" STARTDATE="2016-05-04" ENDDATE="2025-09-30" ISACTUAL="0" ISACTIVE="0" /><HOUSE ID="17858900" OBJECTID="30132169" OBJECTGUID="e9fc53dc-e40d-4a3b-b47b-5f9a3a4e9f12" CHANGEID="46164873" HOUSENUM="2" ADDNUM1="А" HOUSETYPE="2" ADDTYPE1="1" OPERTYPEID="10" PREVID="0" NEXTID="129183799" UPDATEDATE="2025-09-30" STARTDATE="1900-01-01" ENDDATE="2025-09-30" ISACTUAL="0" ISACTIVE="0" /><HOUSE ID="27039923" OBJECTID="45281670" OBJECTGUID="5266849c-92e3-409d-afd9-66ec1beb88d0" CHANGEID="68213050" HOUSENUM="4а" ADDNUM1="4а" HOUSETYPE="3" ADDTYPE1="2" OPERTYPEID="10" PREVID="0" NEXTID="129188236" UPDATEDATE="2025-10-01" STARTDATE="2015-10-29" ENDDATE="2025-10-01" ISACTUAL="0" ISACTIVE="0" /><HOUSE ID="55774478" OBJECTID="74491297" OBJECTGUID="3e075395-0da7-4e37-b607-c104d69e40c0" CHANGEID="110862456" HOUSENUM="5" HOUSETYPE="3" OPERTYPEID="20" PREVID="44975492" NEXTID="129188752" UPDATEDATE="2025-10-01" STARTDATE="2015-10-30" ENDDATE="2025-10-01" ISACTUAL="0" ISACTIVE="0" /><HOUSE ID="28413786" OBJECTID="47528882" OBJECTGUID="67bbef8b-89b1-4c6e-a0ea-6eb0e2913614" CHANGEID="71478860" HOUSENUM="34" HOUSETYPE="5" OPERTYPEID="10" PREVID="0" NEXTID="129191187" UPDATEDATE="2025-10-01" STARTDATE="2019-06-13" ENDDATE="2025-10-01" ISACTUAL="0" ISACTIVE="0" /><HOUSE ID="33074155" OBJECTID="55350718" OBJECTGUID="577f19a5-6ce5-4489-8c01-1ca68466ccd3" CHANGEID="82789683" HOUSENUM="9" HOUSETYPE="3" OPERTYPEID="10" PREVID="0" NEXTID="129186822" UPDATEDATE="2025-10-01" STARTDATE="2014-01-04" ENDDATE="2025-10-01" ISACTUAL="0" ISACTIVE="0" /><HOUSE ID="33077954" OBJECTID="55355106" OBJECTGUID="e8e65eb6-b52e-4cad-a0c6-7dd902a17a2a" CHANGEID="82796633" HOUSENUM="5" HOUSETYPE="3" OPERTYPEID="10" PREVID="0" NEXTID="129187195" UPDATEDATE="2025-10-01" STARTDATE="2014-01-04" ENDDATE="2025-10-01" ISACTUAL="0" ISACTIVE="0" /><HOUSE ID="33082225" OBJECTID="55361678" OBJECTGUID="e13b891f-453f-4b4a-ba6a-b6e9dc076bc2" CHANGEID="82806291" HOUSENUM="6" HOUSETYPE="3" OPERTYPEID="10" PREVID="0" NEXTID="129187222" UPDATEDATE="2025-10-01" STARTDATE="2014-01-04" ENDDATE="2025-10-01" ISACTUAL="0" ISACTIVE="0" /><HOUSE ID="33085175" OBJECTID="55367002" OBJECTGUID="6e2e00c1-9c11-443d-9cf8-dad3e810621f" CHANGEID="82814033" HOUSENUM="20" HOUSETYPE="3" OPERTYPEID="10" PREVID="0" NEXTID="129187288" UPDATEDATE="2025-10-01" STARTDATE="2014-01-04" ENDDATE="2025-10-01" ISACTUAL="0" ISACTIVE="0" /><HOUSE ID="33084630" OBJECTID="55366281" OBJECTGUID="7e430d60-8fa8-4a3e-adc2-da5e5a6926fb" CHANGEID="82812944" HOUSENUM="14" HOUSETYPE="3" OPERTYPEID="10" PREVID="0" NEXTID="129187614" UPDATEDATE="2025-10-01" STARTDATE="2014-01-04" ENDDATE="2025-10-01" ISACTUAL="0" ISACTIVE="0" /><HOUSE ID="35174425" OBJECTID="58725643" OBJECTGUID="4c06bade-8d29-4321-b00d-2b9f7d866652" CHANGEID="87758722" HOUSENUM="12" HOUSETYPE="3" OPERTYPEID="10" PREVID="0" NEXTID="129169357" UPDATEDATE="2025-09-29" STARTDATE="1900-01-01" ENDDATE="2025-09-29" ISACTUAL="0" ISACTIVE="0" /><HOUSE ID="124885392" OBJECTID="55190262" OBJECTGUID="a93f7cc3-31b4-4052-b3cc-690a55b858be" CHANGEID="562463904" HOUSENUM="16" HOUSETYPE="2" OPERTYPEID="20" PREVID="63370516" NEXTID="129183733" UPDATEDATE="2025-09-30" STARTDATE="2023-10-02" ENDDATE="2025-09-30" ISACTUAL="0" ISACTIVE="0" /><HOUSE ID="124892640" OBJECTID="76205296" OBJECTGUID="b6eba393-e959-4efa-9d48-d4d348d80744" CHANGEID="562528608" HOUSENUM="22" HOUSETYPE="2" OPERTYPEID="20" PREVID="64340785" NEXTID="129183691" UPDATEDATE="2025-09-30" STARTDATE="2023-10-03" ENDDATE="2025-09-30" ISACTUAL="0" ISACTIVE="0" /><HOUSE ID="125045014" OBJECTID="44114671" OBJECTGUID="41395d15-df39-4e70-9e0e-5279ccfda790" CHANGEID="571637497" HOUSENUM="16" HOUSETYPE="2" OPERTYPEID="20" PREVID="56000084" NEXTID="129183154" UPDATEDATE="2025-09-30" STARTDATE="2023-10-27" ENDDATE="2025-09-30" ISACTUAL="0" ISACTIVE="0" /><HOUSE ID="52144804" OBJECTID="10340823" OBJECTGUID="0ac1caa7-f54d-4c84-a7d4-65faf46f0fa8" CHANGEID="16995297" HOUSENUM="5" HOUSETYPE="3" OPERTYPEID="20" PREVID="5413336" NEXTID="129181689" UPDATEDATE="2025-09-30" STARTDATE="2017-02-21" ENDDATE="2025-09-30" ISACTUAL="0" ISACTIVE="0" /><HOUSE ID="52688857" OBJECTID="19611207" OBJECTGUID="1276bfc6-a67e-4618-9603-ac87eff65b92" CHANGEID="30758998" HOUSENUM="4" HOUSETYPE="3" OPERTYPEID="20" PREVID="11386736" NEXTID="129174543" UPDATEDATE="2025-09-29" STARTDATE="2014-01-04" ENDDATE="2025-09-29" ISACTUAL="0" ISACTIVE="0" /><HOUSE ID="52874752" OBJECTID="19600246" OBJECTGUID="1517c3d3-3aed-412d-828a-698120b8d957" CHANGEID="30741660" HOUSENUM="3" HOUSETYPE="3" OPERTYPEID="20" PREVID="11378615" NEXTID="129174533" UPDATEDATE="2025-09-29" STARTDATE="2014-01-04" ENDDATE="2025-09-29" ISACTUAL="0" ISACTIVE="0" /><HOUSE ID="53272699" OBJECTID="84081514" OBJECTGUID="1ab421c9-3831-48eb-b2a1-95f1672cc05e" CHANGEID="124906281" HOUSENUM="38" HOUSETYPE="3" OPERTYPEID="20" PREVID="50920150" NEXTID="129181729" UPDATEDATE="2025-09-30" STARTDATE="2016-05-04" ENDDATE="2025-09-30" ISACTUAL="0" ISACTIVE="0" /><HOUSE ID="53523745" OBJECTID="75937188" OBJECTGUID="1e3eeec0-a665-4ef2-9e10-3bed7ec4cef8" CHANGEID="112960900" HOUSENUM="115" HOUSETYPE="3" OPERTYPEID="20" PREVID="45861179" NEXTID="129183829" UPDATEDATE="2025-09-30" STARTDATE="2017-02-14" ENDDATE="2025-09-30" ISACTUAL="0" ISACTIVE="0" /><HOUSE ID="53586586" OBJECTID="76529538" OBJECTGUID="1f22bb38-13a2-4daf-b96d-d08ab8663415" CHANGEID="113841146" HOUSENUM="6" HOUSETYPE="3" OPERTYPEID="20" PREVID="46243522" NEXTID="129181713" UPDATEDATE="2025-09-30" STARTDATE="2016-04-09" ENDDATE="2025-09-30" ISACTUAL="0" ISACTIVE="0" /><HOUSE ID="54055393" OBJECTID="51671206" OBJECTGUID="25c080e1-4eac-4cc7-baa7-2b480705ee03" CHANGEID="77454222" HOUSENUM="21" HOUSETYPE="3" OPERTYPEID="20" PREVID="30873034" NEXTID="129183687" UPDATEDATE="2025-09-30" STARTDATE="2014-01-04" ENDDATE="2025-09-30" ISACTUAL="0" ISACTIVE="0" /><HOUSE ID="54284418" OBJECTID="76492181" OBJECTGUID="28fe1580-137e-4bf6-bb2d-6f355ac466e0" CHANGEID="113785293" HOUSENUM="40" HOUSETYPE="3" OPERTYPEID="20" PREVID="46217497" NEXTID="129183861" UPDATEDATE="2025-09-30" STARTDATE="2016-04-09" ENDDATE="2025-09-30" ISACTUAL="0" ISACTIVE="0" /><HOUSE ID="125167401" OBJECTID="13249234" OBJECTGUID="478c5adf-5189-4837-8916-dac252b34156" CHANGEID="573032048" HOUSENUM="19" HOUSETYPE="2" OPERTYPEID="20" PREVID="56447931" NEXTID="129183033" UPDATEDATE="2025-09-30" STARTDATE="2023-11-17" ENDDATE="2025-09-30" ISACTUAL="0" ISACTIVE="0" /><HOUSE ID="125196840" OBJECTID="13188574" OBJECTGUID="3be00136-f7ba-48d1-939e-204d9fb40564" CHANGEID="574860642" HOUSENUM="79" HOUSETYPE="2" OPERTYPEID="20" PREVID="55622294" NEXTID="129183052" UPDATEDATE="2025-09-30" STARTDATE="2023-11-21" ENDDATE="2025-09-30" ISACTUAL="0" ISACTIVE="0" /><HOUSE ID="125197486" OBJECTID="13208299" OBJECTGUID="b487a39f-fa5e-4a2f-81dd-74e03c9ecc60" CHANGEID="574864687" HOUSENUM="160" HOUSETYPE="2" OPERTYPEID="20" PREVID="64171359" NEXTID="129183022" UPDATEDATE="2025-09-30" STARTDATE="2023-11-21" ENDDATE="2025-09-30" ISACTUAL="0" ISACTIVE="0" /><HOUSE ID="125240637" OBJECTID="44121432" OBJECTGUID="cb99ee39-da71-4713-8e25-bab42b4765c7" CHANGEID="575232240" HOUSENUM="19" HOUSETYPE="2" OPERTYPEID="20" PREVID="65805173" NEXTID="129183166" UPDATEDATE="2025-09-30" STARTDATE="2023-11-27" ENDDATE="2025-09-30" ISACTUAL="0" ISACTIVE="0" /><HOUSE ID="125262162" OBJECTID="74822534" OBJECTGUID="4d450668-07a6-4301-beda-6ee0998c621a" CHANGEID="575385633" HOUSENUM="59а" HOUSETYPE="2" OPERTYPEID="20" PREVID="45171236" NEXTID="129183070" UPDATEDATE="2025-09-30" STARTDATE="2023-11-29" ENDDATE="2025-09-30" ISACTUAL="0" ISACTIVE="0" /><HOUSE ID="125265845" OBJECTID="48999496" OBJECTGUID="43ab9e18-d0f7-43de-9fc8-cbfcb36ba1a9" CHANGEID="575410031" HOUSENUM="20" HOUSETYPE="2" OPERTYPEID="20" PREVID="56173962" NEXTID="129183198" UPDATEDATE="2025-09-30" STARTDATE="2023-11-30" ENDDATE="2025-09-30" ISACTUAL="0" ISACTIVE="0" /><HOUSE ID="125265856" OBJECTID="49011572" OBJECTGUID="43fbf578-40b9-46fe-a5cf-e2aba22f7da1" CHANGEID="575410178" HOUSENUM="31" HOUSETYPE="2" OPERTYPEID="20" PREVID="56195760" NEXTID="129183006" UPDATEDATE="2025-09-30" STARTDATE="2023-11-30" ENDDATE="2025-09-30" ISACTUAL="0" ISACTIVE="0" /><HOUSE ID="125272639" OBJECTID="49089872" OBJECTGUID="d103dbda-ea71-404e-a333-742d4cecae29" CHANGEID="575454546" HOUSENUM="48" HOUSETYPE="2" OPERTYPEID="20" PREVID="66187207" NEXTID="129183014" UPDATEDATE="2025-09-30" STARTDATE="2023-11-30" ENDDATE="2025-09-30" ISACTUAL="0" ISACTIVE="0" /><HOUSE ID="125273757" OBJECTID="50006443" OBJECTGUID="ae400478-9ff7-4565-ab09-7ce6e20ab4f2" CHANGEID="575463110" HOUSENUM="39" HOUSETYPE="2" OPERTYPEID="20" PREVID="63725178" NEXTID="129183150" UPDATEDATE="2025-09-30" STARTDATE="2023-11-30" ENDDATE="2025-09-30" ISACTUAL="0" ISACTIVE="0" /><HOUSE ID="125303311" OBJECTID="83024441" OBJECTGUID="9f919c28-09e8-4813-aeaa-b6150eddd79c" CHANGEID="575736688" HOUSENUM="30" HOUSETYPE="2" OPERTYPEID="20" PREVID="62686860" NEXTID="129183081" UPDATEDATE="2025-09-30" STARTDATE="2023-12-05" ENDDATE="2025-09-30" ISACTUAL="0" ISACTIVE="0" /><HOUSE ID="125325915" OBJECTID="83041301" OBJECTGUID="f148fcc4-39a0-42d8-ae35-1d796d706f2d" CHANGEID="576068657" HOUSENUM="76" HOUSETYPE="2" OPERTYPEID="20" PREVID="68472477" NEXTID="129183091" UPDATEDATE="2025-09-30" STARTDATE="2023-12-07" ENDDATE="2025-09-30" ISACTUAL="0" ISACTIVE="0" /><HOUSE ID="125379053" OBJECTID="50606250" OBJECTGUID="a6595b6b-3843-4a60-bf14-7e12c642182b" CHANGEID="576452112" HOUSENUM="354" HOUSETYPE="2" OPERTYPEID="20" PREVID="63166242" NEXTID="129183730" UPDATEDATE="2025-09-30" STARTDATE="2023-12-12" ENDDATE="2025-09-30" ISACTUAL="0" ISACTIVE="0" /><HOUSE ID="125911250" OBJECTID="45417478" OBJECTGUID="da690269-4aa7-4718-a087-89b5ff88a91d" CHANGEID="591426571" HOUSENUM="94" HOUSETYPE="2" OPERTYPEID="20" PREVID="66853672" NEXTID="129183709" UPDATEDATE="2025-09-30" STARTDATE="2024-03-07" ENDDATE="2025-09-30" ISACTUAL="0" ISACTIVE="0" /><HOUSE ID="125972882" OBJECTID="50621260" OBJECTGUID="16361bc2-8507-4b8a-9337-f69c9a13994f" CHANGEID="592366982" HOUSENUM="400" HOUSETYPE="2" OPERTYPEID="20" PREVID="52953797" NEXTID="129183722" UPDATEDATE="2025-09-30" STARTDATE="2024-03-22" ENDDATE="2025-09-30" ISACTUAL="0" ISACTIVE="0" /><HOUSE ID="128230735" OBJECTID="60468004" OBJECTGUID="17573e80-27a9-4d4b-be85-b542ae382202" CHANGEID="644376261" HOUSENUM="61" HOUSETYPE="2" OPERTYPEID="20" PREVID="53034444" NEXTID="129188232" UPDATEDATE="2025-10-01" STARTDATE="2025-04-14" ENDDATE="2025-10-01" ISACTUAL="0" ISACTIVE="0" /><HOUSE ID="129169320" OBJECTID="174926099" OBJECTGUID="33f00a8e-e631-46c8-9a8f-f7dc3f15aca3" CHANGEID="689655778" HOUSENUM="12" ADDNUM1="1" HOUSETYPE="1" ADDTYPE1="4" OPERTYPEID="10" PREVID="0" NEXTID="0" UPDATEDATE="2025-09-29" STARTDATE="2025-09-29" ENDDATE="2079-06-06" ISACTUAL="1" ISACTIVE="1" /><HOUSE ID="129169357" OBJECTID="58725643" OBJECTGUID="4c06bade-8d29-4321-b00d-2b9f7d866652" CHANGEID="689655931" HOUSENUM="12" HOUSETYPE="2" OPERTYPEID="20" PREVID="35174425" UPDATEDATE="2025-09-29" STARTDATE="2025-09-29" ENDDATE="2079-06-06" ISACTUAL="1" ISACTIVE="1" /><HOUSE ID="69669706" OBJECTID="43844178" OBJECTGUID="1f3553b5-90fb-4021-a499-4240cbde0461" CHANGEID="150026406" HOUSENUM="4" HOUSETYPE="2" OPERTYPEID="20" PREVID="26204409" NEXTID="129171449" UPDATEDATE="2025-09-29" STARTDATE="2020-05-15" ENDDATE="2025-09-29" ISACTUAL="0" ISACTIVE="0" /><HOUSE ID="129171449" OBJECTID="43844178" OBJECTGUID="1f3553b5-90fb-4021-a499-4240cbde0461" CHANGEID="689674808" HOUSENUM="4А" HOUSETYPE="2" OPERTYPEID="20" PREVID="69669706" UPDATEDATE="2025-09-29" STARTDATE="2025-09-29" ENDDATE="2079-06-06" ISACTUAL="1" ISACTIVE="1" /><HOUSE ID="129173051" OBJECTID="174937812" OBJECTGUID="17298d01-01f2-4a07-b7dd-1f70fb9b83ce" CHANGEID="689683919" HOUSENUM="25" HOUSETYPE="2" OPERTYPEID="10" PREVID="0" NEXTID="0" UPDATEDATE="2025-09-29" STARTDATE="2025-09-29" ENDDATE="2079-06-06" ISACTUAL="1" ISACTIVE="1" /><HOUSE ID="129174428" OBJECTID="174942454" OBJECTGUID="2dd32b4a-1621-4a5d-bdfa-19a03f42a424" CHANGEID="689694889" HOUSENUM="107а" HOUSETYPE="2" OPERTYPEID="10" PREVID="0" NEXTID="0" UPDATEDATE="2025-09-29" STARTDATE="2025-09-29" ENDDATE="2079-06-06" ISACTUAL="1" ISACTIVE="1" /><HOUSE ID="129174543" OBJECTID="19611207" OBJECTGUID="1276bfc6-a67e-4618-9603-ac87eff65b92" CHANGEID="689695584" HOUSENUM="4" HOUSETYPE="2" OPERTYPEID="20" PREVID="52688857" UPDATEDATE="2025-09-29" STARTDATE="2025-09-29" ENDDATE="2079-06-06" ISACTUAL="1" ISACTIVE="1" /><HOUSE ID="51813593" OBJECTID="19595484" OBJECTGUID="0617b1cb-18df-4a41-8f7e-376d3f6b4d85" CHANGEID="30735065" HOUSENUM="6" HOUSETYPE="3" OPERTYPEID="20" PREVID="11375875" NEXTID="129174566" UPDATEDATE="2025-09-29" STARTDATE="2014-01-04" ENDDATE="2025-09-29" ISACTUAL="0" ISACTIVE="0" /><HOUSE ID="129174566" OBJECTID="19595484" OBJECTGUID="0617b1cb-18df-4a41-8f7e-376d3f6b4d85" CHANGEID="689695708" HOUSENUM="6" HOUSETYPE="2" OPERTYPEID="20" PREVID="51813593" UPDATEDATE="2025-09-29" STARTDATE="2025-09-29" ENDDATE="2079-06-06" ISACTUAL="1" ISACTIVE="1" /><HOUSE ID="129174515" OBJECTID="19608531" OBJECTGUID="48b43fc0-5985-48b5-afe9-99101b029e5e" CHANGEID="689695405" HOUSENUM="1" HOUSETYPE="2" OPERTYPEID="20" PREVID="56530385" UPDATEDATE="2025-09-29" STARTDATE="2025-09-29" ENDDATE="2079-06-06" ISACTUAL="1" ISACTIVE="1" /><HOUSE ID="129174533" OBJECTID="19600246" OBJECTGUID="1517c3d3-3aed-412d-828a-698120b8d957" CHANGEID="689695528" HOUSENUM="3" HOUSETYPE="2" OPERTYPEID="20" PREVID="52874752" UPDATEDATE="2025-09-29" STARTDATE="2025-09-29" ENDDATE="2079-06-06" ISACTUAL="1" ISACTIVE="1" /><HOUSE ID="129174577" OBJECTID="49151159" OBJECTGUID="ed1800fa-cf68-4d41-9039-f27dedf3559c" CHANGEID="689695778" HOUSENUM="1" HOUSETYPE="2" OPERTYPEID="20" PREVID="68174995" UPDATEDATE="2025-09-29" STARTDATE="2025-09-29" ENDDATE="2079-06-06" ISACTUAL="1" ISACTIVE="1" /><HOUSE ID="129174586" OBJECTID="49143759" OBJECTGUID="d934f176-b2dd-4c42-a98f-dbe8d6bf9e50" CHANGEID="689695837" HOUSENUM="4" HOUSETYPE="2" OPERTYPEID="20" PREVID="66767929" UPDATEDATE="2025-09-29" STARTDATE="2025-09-29" ENDDATE="2079-06-06" ISACTUAL="1" ISACTIVE="1" /><HOUSE ID="63065231" OBJECTID="8328008" OBJECTGUID="a4ebae7d-cea7-41ae-8e30-3a97a115119b" CHANGEID="14079567" HOUSENUM="2" HOUSETYPE="3" OPERTYPEID="20" PREVID="4208537" NEXTID="129174736" UPDATEDATE="2025-09-29" STARTDATE="2014-01-04" ENDDATE="2025-09-29" ISACTUAL="0" ISACTIVE="0" /><HOUSE ID="129174736" OBJECTID="8328008" OBJECTGUID="a4ebae7d-cea7-41ae-8e30-3a97a115119b" CHANGEID="689696637" HOUSENUM="2" HOUSETYPE="2" OPERTYPEID="20" PREVID="63065231" UPDATEDATE="2025-09-29" STARTDATE="2025-09-29" ENDDATE="2079-06-06" ISACTUAL="1" ISACTIVE="1" /><HOUSE ID="129174745" OBJECTID="15247405" OBJECTGUID="76960d52-af58-4ada-998e-6fa0213d8fb2" CHANGEID="689696674" HOUSENUM="6" HOUSETYPE="2" OPERTYPEID="20" PREVID="59781847" UPDATEDATE="2025-09-29" STARTDATE="2025-09-29" ENDDATE="2079-06-06" ISACTUAL="1" ISACTIVE="1" /><HOUSE ID="129174754" OBJECTID="78770006" OBJECTGUID="f123a73f-5bc6-4559-9505-2b1df0a47822" CHANGEID="689696696" HOUSENUM="7" HOUSETYPE="2" OPERTYPEID="20" PREVID="68461825" UPDATEDATE="2025-09-29" STARTDATE="2025-09-29" ENDDATE="2079-06-06" ISACTUAL="1" ISACTIVE="1" /><HOUSE ID="64880970" OBJECTID="42239359" OBJECTGUID="be8f1f9b-67a3-4a26-b14a-4334f3a9723d" CHANGEID="63830544" HOUSENUM="42" HOUSETYPE="3" OPERTYPEID="20" PREVID="25244202" NEXTID="129174771" UPDATEDATE="2025-09-29" STARTDATE="2014-01-04" ENDDATE="2025-09-29" ISACTUAL="0" ISACTIVE="0" /><HOUSE ID="129174771" OBJECTID="42239359" OBJECTGUID="be8f1f9b-67a3-4a26-b14a-4334f3a9723d" CHANGEID="689696727" HOUSENUM="42" HOUSETYPE="2" OPERTYPEID="20" PREVID="64880970" UPDATEDATE="2025-09-29" STARTDATE="2025-09-29" ENDDATE="2079-06-06" ISACTUAL="1" ISACTIVE="1" /><HOUSE ID="129174780" OBJECTID="72966639" OBJECTGUID="2c9d50bd-1561-4256-a997-573f6476bd26" CHANGEID="689696793" HOUSENUM="24" HOUSETYPE="2" OPERTYPEID="20" PREVID="54541111" UPDATEDATE="2025-09-29" STARTDATE="2025-09-29" ENDDATE="2079-06-06" ISACTUAL="1" ISACTIVE="1" /><HOUSE ID="129175022" OBJECTID="174943986" OBJECTGUID="f2d08a76-6c08-494d-8f38-442ae12a976a" CHANGEID="689697394" HOUSENUM="12Д/1" HOUSETYPE="2" OPERTYPEID="10" PREVID="0" NEXTID="0" UPDATEDATE="2025-09-29" STARTDATE="2025-09-29" ENDDATE="2079-06-06" ISACTUAL="1" ISACTIVE="1" /><HOUSE ID="129177379" OBJECTID="174951340" OBJECTGUID="2fc7b666-9059-4c82-b863-308393759a17" CHANGEID="689712224" HOUSENUM="26б" HOUSETYPE="5" OPERTYPEID="10" PREVID="0" NEXTID="0" UPDATEDATE="2025-09-30" STARTDATE="2025-09-30" ENDDATE="2079-06-06" ISACTUAL="1" ISACTIVE="1" /><HOUSE ID="129178059" OBJECTID="15441173" OBJECTGUID="c1f2a19e-5108-4433-a728-672a83a3e36e" CHANGEID="689718480" HOUSENUM="3" HOUSETYPE="2" OPERTYPEID="20" PREVID="65120709" UPDATEDATE="2025-09-30" STARTDATE="2025-09-30" ENDDATE="2079-06-06" ISACTUAL="1" ISACTIVE="1" /><HOUSE ID="129178061" OBJECTID="13659929" OBJECTGUID="ee73ed58-6f63-4663-8263-c3db92aa2036" CHANGEID="689718491" HOUSENUM="13" HOUSETYPE="2" OPERTYPEID="20" PREVID="68271182" UPDATEDATE="2025-09-30" STARTDATE="2025-09-30" ENDDATE="2079-06-06" ISACTUAL="1" ISACTIVE="1" /><HOUSE ID="129179228" OBJECTID="174956418" OBJECTGUID="19179e6d-5db0-4df4-821e-6535e6ad6c8e" CHANGEID="689725666" HOUSENUM="1" HOUSETYPE="2" OPERTYPEID="10" PREVID="0" NEXTID="0" UPDATEDATE="2025-09-30" STARTDATE="2025-09-30" ENDDATE="2079-06-06" ISACTUAL="1" ISACTIVE="1" /><HOUSE ID="129180136" OBJECTID="174959299" OBJECTGUID="892d6698-4400-436b-9ab3-849326b63d02" CHANGEID="689733837" HOUSENUM="1" HOUSETYPE="5" OPERTYPEID="10" PREVID="0" NEXTID="0" UPDATEDATE="2025-09-30" STARTDATE="2025-09-30" ENDDATE="2079-06-06" ISACTUAL="1" ISACTIVE="1" /><HOUSE ID="129180929" OBJECTID="174962166" OBJECTGUID="b8ec32dc-e312-41d3-a6b3-f0365319bf9b" CHANGEID="689740206" HOUSENUM="2" HOUSETYPE="5" OPERTYPEID="10" PREVID="0" NEXTID="0" UPDATEDATE="2025-09-30" STARTDATE="2025-09-30" ENDDATE="2079-06-06" ISACTUAL="1" ISACTIVE="1" /><HOUSE ID="129180979" OBJECTID="174962359" OBJECTGUID="660a3c88-299b-403d-99f7-bc2025fc1a19" CHANGEID="689740697" HOUSENUM="1" HOUSETYPE="8" OPERTYPEID="10" PREVID="0" NEXTID="0" UPDATEDATE="2025-09-30" STARTDATE="2025-09-30" ENDDATE="2079-06-06" ISACTUAL="1" ISACTIVE="1" /><HOUSE ID="129181007" OBJECTID="174962478" OBJECTGUID="7cb5a138-6ff5-4e13-b3b9-3dce012ac1dd" CHANGEID="689740959" HOUSENUM="3" HOUSETYPE="8" OPERTYPEID="10" PREVID="0" NEXTID="0" UPDATEDATE="2025-09-30" STARTDATE="2025-09-30" ENDDATE="2079-06-06" ISACTUAL="1" ISACTIVE="1" /><HOUSE ID="129180968" OBJECTID="174962299" OBJECTGUID="e72dcf46-bd2c-44c2-854f-6762e527c4bc" CHANGEID="689740472" HOUSENUM="4" HOUSETYPE="5" OPERTYPEID="10" PREVID="0" NEXTID="0" UPDATEDATE="2025-09-30" STARTDATE="2025-09-30" ENDDATE="2079-06-06" ISACTUAL="1" ISACTIVE="1" /><HOUSE ID="129180993" OBJECTID="174962415" OBJECTGUID="eb18fa84-e995-4b61-b344-e48099a33728" CHANGEID="689740817" HOUSENUM="2" HOUSETYPE="8" OPERTYPEID="10" PREVID="0" NEXTID="0" UPDATEDATE="2025-09-30" STARTDATE="2025-09-30" ENDDATE="2079-06-06" ISACTUAL="1" ISACTIVE="1" /><HOUSE ID="129181013" OBJECTID="174962570" OBJECTGUID="ad3ec7ee-26db-4f4b-9d50-7131822e9da2" CHANGEID="689741131" HOUSENUM="1" HOUSETYPE="8" OPERTYPEID="10" PREVID="0" NEXTID="0" UPDATEDATE="2025-09-30" STARTDATE="2025-09-30" ENDDATE="2079-06-06" ISACTUAL="1" ISACTIVE="1" /><HOUSE ID="129181354" OBJECTID="174963709" OBJECTGUID="e048d09f-a70d-4e30-9df1-12236f5c7157" CHANGEID="689742896" HOUSENUM="51а" HOUSETYPE="5" OPERTYPEID="10" PREVID="0" NEXTID="0" UPDATEDATE="2025-09-30" STARTDATE="2025-09-30" ENDDATE="2079-06-06" ISACTUAL="1" ISACTIVE="1" /><HOUSE ID="129181679" OBJECTID="40473277" OBJECTGUID="bf288249-895e-4a21-b9a7-c6cb02acef5f" CHANGEID="689745181" HOUSENUM="49" HOUSETYPE="2" OPERTYPEID="20" PREVID="64924381" UPDATEDATE="2025-09-30" STARTDATE="2025-09-30" ENDDATE="2079-06-06" ISACTUAL="1" ISACTIVE="1" /><HOUSE ID="129181689" OBJECTID="10340823" OBJECTGUID="0ac1caa7-f54d-4c84-a7d4-65faf46f0fa8" CHANGEID="689745209" HOUSENUM="5" HOUSETYPE="2" OPERTYPEID="20" PREVID="52144804" UPDATEDATE="2025-09-30" STARTDATE="2025-09-30" ENDDATE="2079-06-06" ISACTUAL="1" ISACTIVE="1" /><HOUSE ID="65042176" OBJECTID="76513947" OBJECTGUID="c0d38476-9ea3-4c11-9a2e-904c90589da7" CHANGEID="113817848" HOUSENUM="53" HOUSETYPE="3" OPERTYPEID="20" PREVID="46232947" NEXTID="129181703" UPDATEDATE="2025-09-30" STARTDATE="2016-04-09" ENDDATE="2025-09-30" ISACTUAL="0" ISACTIVE="0" /><HOUSE ID="129181703" OBJECTID="76513947" OBJECTGUID="c0d38476-9ea3-4c11-9a2e-904c90589da7" CHANGEID="689745312" HOUSENUM="53" HOUSETYPE="2" OPERTYPEID="20" PREVID="65042176" UPDATEDATE="2025-09-30" STARTDATE="2025-09-30" ENDDATE="2079-06-06" ISACTUAL="1" ISACTIVE="1" /><HOUSE ID="129181713" OBJECTID="76529538" OBJECTGUID="1f22bb38-13a2-4daf-b96d-d08ab8663415" CHANGEID="689745331" HOUSENUM="6" HOUSETYPE="2" OPERTYPEID="20" PREVID="53586586" UPDATEDATE="2025-09-30" STARTDATE="2025-09-30" ENDDATE="2079-06-06" ISACTUAL="1" ISACTIVE="1" /><HOUSE ID="129181729" OBJECTID="84081514" OBJECTGUID="1ab421c9-3831-48eb-b2a1-95f1672cc05e" CHANGEID="689745758" HOUSENUM="38" HOUSETYPE="2" OPERTYPEID="20" PREVID="53272699" UPDATEDATE="2025-09-30" STARTDATE="2025-09-30" ENDDATE="2079-06-06" ISACTUAL="1" ISACTIVE="1" /><HOUSE ID="129181718" OBJECTID="76488997" OBJECTGUID="d7895506-a93b-4772-82d2-56a7b5b2006a" CHANGEID="689745353" HOUSENUM="9" HOUSETYPE="2" OPERTYPEID="20" PREVID="66649635" UPDATEDATE="2025-09-30" STARTDATE="2025-09-30" ENDDATE="2079-06-06" ISACTUAL="1" ISACTIVE="1" /><HOUSE ID="129181738" OBJECTID="84068810" OBJECTGUID="fe780ddf-ceca-4555-a374-03990ba09659" CHANGEID="689745776" HOUSENUM="43" HOUSETYPE="2" OPERTYPEID="20" PREVID="69404687" UPDATEDATE="2025-09-30" STARTDATE="2025-09-30" ENDDATE="2079-06-06" ISACTUAL="1" ISACTIVE="1" /><HOUSE ID="64646408" OBJECTID="30430836" OBJECTGUID="bb3dffc3-82b2-4b96-a62e-f95f226db1aa" CHANGEID="46602436" HOUSENUM="45" HOUSETYPE="3" OPERTYPEID="20" PREVID="18046390" NEXTID="129181746" UPDATEDATE="2025-09-30" STARTDATE="2016-05-11" ENDDATE="2025-09-30" ISACTUAL="0" ISACTIVE="0" /><HOUSE ID="129181746" OBJECTID="30430836" OBJECTGUID="bb3dffc3-82b2-4b96-a62e-f95f226db1aa" CHANGEID="689745794" HOUSENUM="45" HOUSETYPE="2" OPERTYPEID="20" PREVID="64646408" UPDATEDATE="2025-09-30" STARTDATE="2025-09-30" ENDDATE="2079-06-06" ISACTUAL="1" ISACTIVE="1" /><HOUSE ID="129183006" OBJECTID="49011572" OBJECTGUID="43fbf578-40b9-46fe-a5cf-e2aba22f7da1" CHANGEID="689752716" HOUSENUM="31" HOUSETYPE="2" OPERTYPEID="30" PREVID="125265856" NEXTID="0" UPDATEDATE="2025-09-30" STARTDATE="2025-09-30" ENDDATE="2079-06-06" ISACTUAL="1" ISACTIVE="0" /><HOUSE ID="129182993" OBJECTID="16155266" OBJECTGUID="e16f06fe-da64-4e7b-918e-5f83d6d4b15a" CHANGEID="689752629" HOUSENUM="8" HOUSETYPE="2" OPERTYPEID="30" PREVID="125031238" NEXTID="0" UPDATEDATE="2025-09-30" STARTDATE="2025-09-30" ENDDATE="2079-06-06" ISACTUAL="1" ISACTIVE="0" /><HOUSE ID="125031238" OBJECTID="16155266" OBJECTGUID="e16f06fe-da64-4e7b-918e-5f83d6d4b15a" CHANGEID="568514497" HOUSENUM="8" HOUSETYPE="2" OPERTYPEID="20" PREVID="67349869" NEXTID="129182993" UPDATEDATE="2025-09-30" STARTDATE="2023-10-26" ENDDATE="2025-09-30" ISACTUAL="0" ISACTIVE="0" /><HOUSE ID="129183014" OBJECTID="49089872" OBJECTGUID="d103dbda-ea71-404e-a333-742d4cecae29" CHANGEID="689752758" HOUSENUM="48" HOUSETYPE="2" OPERTYPEID="30" PREVID="125272639" NEXTID="0" UPDATEDATE="2025-09-30" STARTDATE="2025-09-30" ENDDATE="2079-06-06" ISACTUAL="1" ISACTIVE="0" /><HOUSE ID="129183033" OBJECTID="13249234" OBJECTGUID="478c5adf-5189-4837-8916-dac252b34156" CHANGEID="689752877" HOUSENUM="19" HOUSETYPE="2" OPERTYPEID="30" PREVID="125167401" NEXTID="0" UPDATEDATE="2025-09-30" STARTDATE="2025-09-30" ENDDATE="2079-06-06" ISACTUAL="1" ISACTIVE="0" /><HOUSE ID="129183052" OBJECTID="13188574" OBJECTGUID="3be00136-f7ba-48d1-939e-204d9fb40564" CHANGEID="689753049" HOUSENUM="79" HOUSETYPE="2" OPERTYPEID="30" PREVID="125196840" NEXTID="0" UPDATEDATE="2025-09-30" STARTDATE="2025-09-30" ENDDATE="2079-06-06" ISACTUAL="1" ISACTIVE="0" /><HOUSE ID="129183022" OBJECTID="13208299" OBJECTGUID="b487a39f-fa5e-4a2f-81dd-74e03c9ecc60" CHANGEID="689752832" HOUSENUM="160" HOUSETYPE="2" OPERTYPEID="30" PREVID="125197486" NEXTID="0" UPDATEDATE="2025-09-30" STARTDATE="2025-09-30" ENDDATE="2079-06-06" ISACTUAL="1" ISACTIVE="0" /><HOUSE ID="129183048" OBJECTID="13184984" OBJECTGUID="67abadfb-b283-49b8-b995-14486b7d6653" CHANGEID="689752999" HOUSENUM="27" HOUSETYPE="2" OPERTYPEID="30" PREVID="125196464" NEXTID="0" UPDATEDATE="2025-09-30" STARTDATE="2025-09-30" ENDDATE="2079-06-06" ISACTUAL="1" ISACTIVE="0" /><HOUSE ID="125196464" OBJECTID="13184984" OBJECTGUID="67abadfb-b283-49b8-b995-14486b7d6653" CHANGEID="574857662" HOUSENUM="27" HOUSETYPE="2" OPERTYPEID="20" PREVID="58724770" NEXTID="129183048" UPDATEDATE="2025-09-30" STARTDATE="2023-11-21" ENDDATE="2025-09-30" ISACTUAL="0" ISACTIVE="0" /><HOUSE ID="129183081" OBJECTID="83024441" OBJECTGUID="9f919c28-09e8-4813-aeaa-b6150eddd79c" CHANGEID="689753259" HOUSENUM="30" HOUSETYPE="2" OPERTYPEID="30" PREVID="125303311" NEXTID="0" UPDATEDATE="2025-09-30" STARTDATE="2025-09-30" ENDDATE="2079-06-06" ISACTUAL="1" ISACTIVE="0" /><HOUSE ID="129183070" OBJECTID="74822534" OBJECTGUID="4d450668-07a6-4301-beda-6ee0998c621a" CHANGEID="689753153" HOUSENUM="59а" HOUSETYPE="2" OPERTYPEID="30" PREVID="125262162" NEXTID="0" UPDATEDATE="2025-09-30" STARTDATE="2025-09-30" ENDDATE="2079-06-06" ISACTUAL="1" ISACTIVE="0" /><HOUSE ID="129183091" OBJECTID="83041301" OBJECTGUID="f148fcc4-39a0-42d8-ae35-1d796d706f2d" CHANGEID="689753309" HOUSENUM="76" HOUSETYPE="2" OPERTYPEID="30" PREVID="125325915" NEXTID="0" UPDATEDATE="2025-09-30" STARTDATE="2025-09-30" ENDDATE="2079-06-06" ISACTUAL="1" ISACTIVE="0" /><HOUSE ID="129183150" OBJECTID="50006443" OBJECTGUID="ae400478-9ff7-4565-ab09-7ce6e20ab4f2" CHANGEID="689754273" HOUSENUM="39" HOUSETYPE="2" OPERTYPEID="30" PREVID="125273757" NEXTID="0" UPDATEDATE="2025-09-30" STARTDATE="2025-09-30" ENDDATE="2079-06-06" ISACTUAL="1" ISACTIVE="0" /><HOUSE ID="129183154" OBJECTID="44114671" OBJECTGUID="41395d15-df39-4e70-9e0e-5279ccfda790" CHANGEID="689754306" HOUSENUM="16" HOUSETYPE="2" OPERTYPEID="30" PREVID="125045014" NEXTID="0" UPDATEDATE="2025-09-30" STARTDATE="2025-09-30" ENDDATE="2079-06-06" ISACTUAL="1" ISACTIVE="0" /><HOUSE ID="129183166" OBJECTID="44121432" OBJECTGUID="cb99ee39-da71-4713-8e25-bab42b4765c7" CHANGEID="689754358" HOUSENUM="19" HOUSETYPE="2" OPERTYPEID="30" PREVID="125240637" NEXTID="0" UPDATEDATE="2025-09-30" STARTDATE="2025-09-30" ENDDATE="2079-06-06" ISACTUAL="1" ISACTIVE="0" /><HOUSE ID="129183198" OBJECTID="48999496" OBJECTGUID="43ab9e18-d0f7-43de-9fc8-cbfcb36ba1a9" CHANGEID="689754511" HOUSENUM="20" HOUSETYPE="2" OPERTYPEID="30" PREVID="125265845" NEXTID="0" UPDATEDATE="2025-09-30" STARTDATE="2025-09-30" ENDDATE="2079-06-06" ISACTUAL="1" ISACTIVE="0" /><HOUSE ID="52961258" OBJECTID="26995377" OBJECTGUID="164f6cb4-0268-4575-839a-b09fc7a7d64b" CHANGEID="41646292" HOUSENUM="25" HOUSETYPE="3" OPERTYPEID="20" PREVID="16033241" NEXTID="129183356" UPDATEDATE="2025-09-30" STARTDATE="2014-01-04" ENDDATE="2025-09-30" ISACTUAL="0" ISACTIVE="0" /><HOUSE ID="129183356" OBJECTID="26995377" OBJECTGUID="164f6cb4-0268-4575-839a-b09fc7a7d64b" CHANGEID="689755606" HOUSENUM="25" HOUSETYPE="2" OPERTYPEID="20" PREVID="52961258" UPDATEDATE="2025-09-30" STARTDATE="2025-09-30" ENDDATE="2079-06-06" ISACTUAL="1" ISACTIVE="1" /><HOUSE ID="129183522" OBJECTID="10037650" OBJECTGUID="92d52061-e6f0-4ae6-a578-16a4937f8f5a" CHANGEID="689756580" HOUSENUM="7" HOUSETYPE="2" OPERTYPEID="20" PREVID="61783628" UPDATEDATE="2025-09-30" STARTDATE="2025-09-30" ENDDATE="2079-06-06" ISACTUAL="1" ISACTIVE="1" /><HOUSE ID="56973576" OBJECTID="10049438" OBJECTGUID="4ef65fd6-e516-4b69-b20b-c27ebc817899" CHANGEID="16582158" HOUSENUM="23" HOUSETYPE="1" OPERTYPEID="20" PREVID="5249250" NEXTID="129183509" UPDATEDATE="2025-09-30" STARTDATE="2017-02-21" ENDDATE="2025-09-30" ISACTUAL="0" ISACTIVE="0" /><HOUSE ID="129183509" OBJECTID="10049438" OBJECTGUID="4ef65fd6-e516-4b69-b20b-c27ebc817899" CHANGEID="689756508" HOUSENUM="23" HOUSETYPE="2" OPERTYPEID="20" PREVID="56973576" UPDATEDATE="2025-09-30" STARTDATE="2025-09-30" ENDDATE="2079-06-06" ISACTUAL="1" ISACTIVE="1" /><HOUSE ID="129183518" OBJECTID="10007820" OBJECTGUID="3285fbc8-82a3-4a09-aaa2-9bb9527440b8" CHANGEID="689756545" HOUSENUM="6" HOUSETYPE="2" OPERTYPEID="20" PREVID="54960106" UPDATEDATE="2025-09-30" STARTDATE="2025-09-30" ENDDATE="2079-06-06" ISACTUAL="1" ISACTIVE="1" /><HOUSE ID="129183691" OBJECTID="76205296" OBJECTGUID="b6eba393-e959-4efa-9d48-d4d348d80744" CHANGEID="689757192" HOUSENUM="22" HOUSETYPE="2" OPERTYPEID="30" PREVID="124892640" NEXTID="0" UPDATEDATE="2025-09-30" STARTDATE="2025-09-30" ENDDATE="2079-06-06" ISACTUAL="1" ISACTIVE="0" /><HOUSE ID="129183709" OBJECTID="45417478" OBJECTGUID="da690269-4aa7-4718-a087-89b5ff88a91d" CHANGEID="689757349" HOUSENUM="94" HOUSETYPE="2" OPERTYPEID="30" PREVID="125911250" NEXTID="0" UPDATEDATE="2025-09-30" STARTDATE="2025-09-30" ENDDATE="2079-06-06" ISACTUAL="1" ISACTIVE="0" /><HOUSE ID="129183718" OBJECTID="27919518" OBJECTGUID="6da3bb1a-cd3f-4411-a8e7-d548c2ecb668" CHANGEID="689757442" HOUSENUM="5" HOUSETYPE="2" OPERTYPEID="30" PREVID="124908520" NEXTID="0" UPDATEDATE="2025-09-30" STARTDATE="2025-09-30" ENDDATE="2079-06-06" ISACTUAL="1" ISACTIVE="0" /><HOUSE ID="124908520" OBJECTID="27919518" OBJECTGUID="6da3bb1a-cd3f-4411-a8e7-d548c2ecb668" CHANGEID="563547758" HOUSENUM="5" HOUSETYPE="2" OPERTYPEID="20" PREVID="59147779" NEXTID="129183718" UPDATEDATE="2025-09-30" STARTDATE="2023-10-05" ENDDATE="2025-09-30" ISACTUAL="0" ISACTIVE="0" /><HOUSE ID="129183722" OBJECTID="50621260" OBJECTGUID="16361bc2-8507-4b8a-9337-f69c9a13994f" CHANGEID="689757531" HOUSENUM="400" HOUSETYPE="2" OPERTYPEID="30" PREVID="125972882" NEXTID="0" UPDATEDATE="2025-09-30" STARTDATE="2025-09-30" ENDDATE="2079-06-06" ISACTUAL="1" ISACTIVE="0" /><HOUSE ID="129183733" OBJECTID="55190262" OBJECTGUID="a93f7cc3-31b4-4052-b3cc-690a55b858be" CHANGEID="689757684" HOUSENUM="16" HOUSETYPE="2" OPERTYPEID="30" PREVID="124885392" NEXTID="0" UPDATEDATE="2025-09-30" STARTDATE="2025-09-30" ENDDATE="2079-06-06" ISACTUAL="1" ISACTIVE="0" /><HOUSE ID="129183738" OBJECTID="9048113" OBJECTGUID="f9a67fdf-044e-4d3d-bfc0-1291879db304" CHANGEID="689757991" HOUSENUM="12" HOUSETYPE="2" OPERTYPEID="30" PREVID="69064600" NEXTID="0" UPDATEDATE="2025-09-30" STARTDATE="2025-09-30" ENDDATE="2079-06-06" ISACTUAL="1" ISACTIVE="0" /><HOUSE ID="14590460" OBJECTID="24671844" OBJECTGUID="5135f463-7a2d-4d76-b850-d8d3b2ba9078" CHANGEID="38231780" HOUSENUM="15" ADDNUM1="1" HOUSETYPE="2" ADDTYPE1="1" OPERTYPEID="10" PREVID="0" NEXTID="129183663" UPDATEDATE="2025-09-30" STARTDATE="1900-01-01" ENDDATE="2025-09-30" ISACTUAL="0" ISACTIVE="0" /><HOUSE ID="129183663" OBJECTID="24671844" OBJECTGUID="5135f463-7a2d-4d76-b850-d8d3b2ba9078" CHANGEID="689757086" HOUSENUM="15/1" HOUSETYPE="2" OPERTYPEID="20" PREVID="14590460" UPDATEDATE="2025-09-30" STARTDATE="2025-09-30" ENDDATE="2079-06-06" ISACTUAL="1" ISACTIVE="1" /><HOUSE ID="129183687" OBJECTID="51671206" OBJECTGUID="25c080e1-4eac-4cc7-baa7-2b480705ee03" CHANGEID="689757134" HOUSENUM="21" HOUSETYPE="2" OPERTYPEID="20" PREVID="54055393" UPDATEDATE="2025-09-30" STARTDATE="2025-09-30" ENDDATE="2079-06-06" ISACTUAL="1" ISACTIVE="1" /><HOUSE ID="14314786" OBJECTID="24260633" OBJECTGUID="21a4a6f2-f171-4919-9b03-5a8c2499ac56" CHANGEID="37612145" HOUSENUM="15" ADDNUM1="2" HOUSETYPE="2" ADDTYPE1="1" OPERTYPEID="10" PREVID="0" NEXTID="129183689" UPDATEDATE="2025-09-30" STARTDATE="1900-01-01" ENDDATE="2025-09-30" ISACTUAL="0" ISACTIVE="0" /><HOUSE ID="129183689" OBJECTID="24260633" OBJECTGUID="21a4a6f2-f171-4919-9b03-5a8c2499ac56" CHANGEID="689757185" HOUSENUM="15/2" HOUSETYPE="2" OPERTYPEID="20" PREVID="14314786" UPDATEDATE="2025-09-30" STARTDATE="2025-09-30" ENDDATE="2079-06-06" ISACTUAL="1" ISACTIVE="1" /><HOUSE ID="129183703" OBJECTID="65508546" OBJECTGUID="a507006d-82b8-4bbd-9ab4-7d3cbd29d523" CHANGEID="689757290" HOUSENUM="75" HOUSETYPE="2" OPERTYPEID="30" PREVID="124869914" NEXTID="0" UPDATEDATE="2025-09-30" STARTDATE="2025-09-30" ENDDATE="2079-06-06" ISACTUAL="1" ISACTIVE="0" /><HOUSE ID="124869914" OBJECTID="65508546" OBJECTGUID="a507006d-82b8-4bbd-9ab4-7d3cbd29d523" CHANGEID="547466811" HOUSENUM="75" HOUSETYPE="2" OPERTYPEID="20" PREVID="63073370" NEXTID="129183703" UPDATEDATE="2025-09-30" STARTDATE="2023-09-28" ENDDATE="2025-09-30" ISACTUAL="0" ISACTIVE="0" /><HOUSE ID="129183730" OBJECTID="50606250" OBJECTGUID="a6595b6b-3843-4a60-bf14-7e12c642182b" CHANGEID="689757652" HOUSENUM="354" HOUSETYPE="2" OPERTYPEID="30" PREVID="125379053" NEXTID="0" UPDATEDATE="2025-09-30" STARTDATE="2025-09-30" ENDDATE="2079-06-06" ISACTUAL="1" ISACTIVE="0" /><HOUSE ID="31190885" OBJECTID="52194943" OBJECTGUID="f3956b08-24a1-4d1f-a8e6-d8bc3601b81e" CHANGEID="78210186" HOUSENUM="2" HOUSETYPE="1" OPERTYPEID="10" PREVID="0" NEXTID="129183746" UPDATEDATE="2025-09-30" STARTDATE="2017-11-07" ENDDATE="2025-09-30" ISACTUAL="0" ISACTIVE="0" /><HOUSE ID="129183746" OBJECTID="52194943" OBJECTGUID="f3956b08-24a1-4d1f-a8e6-d8bc3601b81e" CHANGEID="689758104" HOUSENUM="2" HOUSETYPE="2" OPERTYPEID="20" PREVID="31190885" UPDATEDATE="2025-09-30" STARTDATE="2025-09-30" ENDDATE="2079-06-06" ISACTUAL="1" ISACTIVE="1" /><HOUSE ID="129183752" OBJECTID="174970252" OBJECTGUID="8e8c8817-1cf5-41ac-be18-aa2d0758314f" CHANGEID="689758230" HOUSENUM="8" HOUSETYPE="2" OPERTYPEID="10" PREVID="0" NEXTID="0" UPDATEDATE="2025-09-30" STARTDATE="2025-09-30" ENDDATE="2079-06-06" ISACTUAL="1" ISACTIVE="1" /><HOUSE ID="129183743" OBJECTID="174970240" OBJECTGUID="3921daed-84b1-42d7-8c3c-07ec485e2d4c" CHANGEID="689758083" HOUSENUM="4" HOUSETYPE="2" OPERTYPEID="10" PREVID="0" NEXTID="0" UPDATEDATE="2025-09-30" STARTDATE="2025-09-30" ENDDATE="2079-06-06" ISACTUAL="1" ISACTIVE="1" /><HOUSE ID="129183772" OBJECTID="174970304" OBJECTGUID="55e27232-19d5-444d-88cd-94447c97a3f7" CHANGEID="689758331" HOUSENUM="23" HOUSETYPE="2" OPERTYPEID="10" PREVID="0" NEXTID="0" UPDATEDATE="2025-09-30" STARTDATE="2025-09-30" ENDDATE="2079-06-06" ISACTUAL="1" ISACTIVE="1" /><HOUSE ID="129183799" OBJECTID="30132169" OBJECTGUID="e9fc53dc-e40d-4a3b-b47b-5f9a3a4e9f12" CHANGEID="689758614" HOUSENUM="2" HOUSETYPE="2" OPERTYPEID="20" PREVID="17858900" UPDATEDATE="2025-09-30" STARTDATE="2025-09-30" ENDDATE="2079-06-06" ISACTUAL="1" ISACTIVE="1" /><HOUSE ID="129183773" OBJECTID="174970324" OBJECTGUID="be671342-ef46-431b-aead-fe7a2ecb900e" CHANGEID="689758366" HOUSENUM="453" HOUSETYPE="2" OPERTYPEID="10" PREVID="0" NEXTID="0" UPDATEDATE="2025-09-30" STARTDATE="2025-09-30" ENDDATE="2079-06-06" ISACTUAL="1" ISACTIVE="1" /><HOUSE ID="129183829" OBJECTID="75937188" OBJECTGUID="1e3eeec0-a665-4ef2-9e10-3bed7ec4cef8" CHANGEID="689759023" HOUSENUM="115" HOUSETYPE="2" OPERTYPEID="20" PREVID="53523745" UPDATEDATE="2025-09-30" STARTDATE="2025-09-30" ENDDATE="2079-06-06" ISACTUAL="1" ISACTIVE="1" /><HOUSE ID="129183861" OBJECTID="76492181" OBJECTGUID="28fe1580-137e-4bf6-bb2d-6f355ac466e0" CHANGEID="689776877" HOUSENUM="40" HOUSETYPE="2" OPERTYPEID="20" PREVID="54284418" UPDATEDATE="2025-09-30" STARTDATE="2025-09-30" ENDDATE="2079-06-06" ISACTUAL="1" ISACTIVE="1" /><HOUSE ID="129183890" OBJECTID="40436982" OBJECTGUID="f8b9cc06-1cfa-417d-b77d-5acdbe73985b" CHANGEID="689777037" HOUSENUM="26" HOUSETYPE="3" OPERTYPEID="30" PREVID="68998954" NEXTID="0" UPDATEDATE="2025-09-30" STARTDATE="2025-09-30" ENDDATE="2079-06-06" ISACTUAL="1" ISACTIVE="0" /><HOUSE ID="129186707" OBJECTID="174979887" OBJECTGUID="a08aba65-7823-4088-ae36-17a61e5b5ade" CHANGEID="689795831" HOUSENUM="3" HOUSETYPE="2" OPERTYPEID="10" PREVID="0" NEXTID="0" UPDATEDATE="2025-10-01" STARTDATE="2025-10-01" ENDDATE="2079-06-06" ISACTUAL="1" ISACTIVE="1" /><HOUSE ID="129186822" OBJECTID="55350718" OBJECTGUID="577f19a5-6ce5-4489-8c01-1ca68466ccd3" CHANGEID="689796946" HOUSENUM="9" HOUSETYPE="2" OPERTYPEID="20" PREVID="33074155" UPDATEDATE="2025-10-01" STARTDATE="2025-10-01" ENDDATE="2079-06-06" ISACTUAL="1" ISACTIVE="1" /><HOUSE ID="33074265" OBJECTID="55350796" OBJECTGUID="96f02054-f263-4944-a9fb-1dd0f97c2675" CHANGEID="82789872" HOUSENUM="10" HOUSETYPE="3" OPERTYPEID="10" PREVID="0" NEXTID="129187235" UPDATEDATE="2025-10-01" STARTDATE="2014-01-04" ENDDATE="2025-10-01" ISACTUAL="0" ISACTIVE="0" /><HOUSE ID="129187235" OBJECTID="55350796" OBJECTGUID="96f02054-f263-4944-a9fb-1dd0f97c2675" CHANGEID="689799024" HOUSENUM="10" HOUSETYPE="2" OPERTYPEID="20" PREVID="33074265" UPDATEDATE="2025-10-01" STARTDATE="2025-10-01" ENDDATE="2079-06-06" ISACTUAL="1" ISACTIVE="1" /><HOUSE ID="33070901" OBJECTID="55342784" OBJECTGUID="c0239e40-ee99-420d-abde-07813bcdf479" CHANGEID="82778925" HOUSENUM="2" HOUSETYPE="3" OPERTYPEID="10" PREVID="0" NEXTID="129187190" UPDATEDATE="2025-10-01" STARTDATE="2014-01-04" ENDDATE="2025-10-01" ISACTUAL="0" ISACTIVE="0" /><HOUSE ID="129187190" OBJECTID="55342784" OBJECTGUID="c0239e40-ee99-420d-abde-07813bcdf479" CHANGEID="689798871" HOUSENUM="2" HOUSETYPE="2" OPERTYPEID="20" PREVID="33070901" UPDATEDATE="2025-10-01" STARTDATE="2025-10-01" ENDDATE="2079-06-06" ISACTUAL="1" ISACTIVE="1" /><HOUSE ID="33074537" OBJECTID="55351076" OBJECTGUID="c7b30994-57f9-4845-a378-1ea4dbd2720b" CHANGEID="82790314" HOUSENUM="4" HOUSETYPE="3" OPERTYPEID="10" PREVID="0" NEXTID="129187192" UPDATEDATE="2025-10-01" STARTDATE="2014-01-04" ENDDATE="2025-10-01" ISACTUAL="0" ISACTIVE="0" /><HOUSE ID="129187192" OBJECTID="55351076" OBJECTGUID="c7b30994-57f9-4845-a378-1ea4dbd2720b" CHANGEID="689798873" HOUSENUM="4" HOUSETYPE="2" OPERTYPEID="20" PREVID="33074537" UPDATEDATE="2025-10-01" STARTDATE="2025-10-01" ENDDATE="2079-06-06" ISACTUAL="1" ISACTIVE="1" /><HOUSE ID="129187195" OBJECTID="55355106" OBJECTGUID="e8e65eb6-b52e-4cad-a0c6-7dd902a17a2a" CHANGEID="689798877" HOUSENUM="5" HOUSETYPE="2" OPERTYPEID="20" PREVID="33077954" UPDATEDATE="2025-10-01" STARTDATE="2025-10-01" ENDDATE="2079-06-06" ISACTUAL="1" ISACTIVE="1" /><HOUSE ID="129187222" OBJECTID="55361678" OBJECTGUID="e13b891f-453f-4b4a-ba6a-b6e9dc076bc2" CHANGEID="689798968" HOUSENUM="6" HOUSETYPE="2" OPERTYPEID="20" PREVID="33082225" UPDATEDATE="2025-10-01" STARTDATE="2025-10-01" ENDDATE="2079-06-06" ISACTUAL="1" ISACTIVE="1" /><HOUSE ID="33075011" OBJECTID="55351644" OBJECTGUID="27ee7b2a-60de-4c78-bf8f-2b3e925505ba" CHANGEID="82791116" HOUSENUM="8" HOUSETYPE="3" OPERTYPEID="10" PREVID="0" NEXTID="129187226" UPDATEDATE="2025-10-01" STARTDATE="2014-01-04" ENDDATE="2025-10-01" ISACTUAL="0" ISACTIVE="0" /><HOUSE ID="129187226" OBJECTID="55351644" OBJECTGUID="27ee7b2a-60de-4c78-bf8f-2b3e925505ba" CHANGEID="689798991" HOUSENUM="8" HOUSETYPE="2" OPERTYPEID="20" PREVID="33075011" UPDATEDATE="2025-10-01" STARTDATE="2025-10-01" ENDDATE="2079-06-06" ISACTUAL="1" ISACTIVE="1" /><HOUSE ID="33075379" OBJECTID="55352093" OBJECTGUID="fd6b288a-070b-4113-9cc4-486f892e7ed6" CHANGEID="82791853" HOUSENUM="11" HOUSETYPE="3" OPERTYPEID="10" PREVID="0" NEXTID="129187236" UPDATEDATE="2025-10-01" STARTDATE="2014-01-04" ENDDATE="2025-10-01" ISACTUAL="0" ISACTIVE="0" /><HOUSE ID="129187236" OBJECTID="55352093" OBJECTGUID="fd6b288a-070b-4113-9cc4-486f892e7ed6" CHANGEID="689799033" HOUSENUM="11" HOUSETYPE="2" OPERTYPEID="20" PREVID="33075379" UPDATEDATE="2025-10-01" STARTDATE="2025-10-01" ENDDATE="2079-06-06" ISACTUAL="1" ISACTIVE="1" /><HOUSE ID="33075128" OBJECTID="55351769" OBJECTGUID="1f7595bf-32ff-4ad4-89ee-30450b2ed33d" CHANGEID="82791351" HOUSENUM="16" HOUSETYPE="3" OPERTYPEID="10" PREVID="0" NEXTID="129187237" UPDATEDATE="2025-10-01" STARTDATE="2014-01-04" ENDDATE="2025-10-01" ISACTUAL="0" ISACTIVE="0" /><HOUSE ID="129187237" OBJECTID="55351769" OBJECTGUID="1f7595bf-32ff-4ad4-89ee-30450b2ed33d" CHANGEID="689799048" HOUSENUM="16" HOUSETYPE="2" OPERTYPEID="20" PREVID="33075128" UPDATEDATE="2025-10-01" STARTDATE="2025-10-01" ENDDATE="2079-06-06" ISACTUAL="1" ISACTIVE="1" /><HOUSE ID="129187288" OBJECTID="55367002" OBJECTGUID="6e2e00c1-9c11-443d-9cf8-dad3e810621f" CHANGEID="689799524" HOUSENUM="20" HOUSETYPE="2" OPERTYPEID="20" PREVID="33085175" UPDATEDATE="2025-10-01" STARTDATE="2025-10-01" ENDDATE="2079-06-06" ISACTUAL="1" ISACTIVE="1" /><HOUSE ID="33073951" OBJECTID="55350509" OBJECTGUID="cd122b62-b08f-45ff-b783-15af667a9379" CHANGEID="82789254" HOUSENUM="17" HOUSETYPE="3" OPERTYPEID="10" PREVID="0" NEXTID="129187260" UPDATEDATE="2025-10-01" STARTDATE="2014-01-04" ENDDATE="2025-10-01" ISACTUAL="0" ISACTIVE="0" /><HOUSE ID="129187260" OBJECTID="55350509" OBJECTGUID="cd122b62-b08f-45ff-b783-15af667a9379" CHANGEID="689799272" HOUSENUM="17" HOUSETYPE="2" OPERTYPEID="20" PREVID="33073951" UPDATEDATE="2025-10-01" STARTDATE="2025-10-01" ENDDATE="2079-06-06" ISACTUAL="1" ISACTIVE="1" /><HOUSE ID="33082635" OBJECTID="55362343" OBJECTGUID="e18dd79f-8f64-47e8-8e18-b93b6c1606ee" CHANGEID="82807288" HOUSENUM="21" HOUSETYPE="3" OPERTYPEID="10" PREVID="0" NEXTID="129187290" UPDATEDATE="2025-10-01" STARTDATE="2014-01-04" ENDDATE="2025-10-01" ISACTUAL="0" ISACTIVE="0" /><HOUSE ID="129187290" OBJECTID="55362343" OBJECTGUID="e18dd79f-8f64-47e8-8e18-b93b6c1606ee" CHANGEID="689799529" HOUSENUM="21" HOUSETYPE="2" OPERTYPEID="20" PREVID="33082635" UPDATEDATE="2025-10-01" STARTDATE="2025-10-01" ENDDATE="2079-06-06" ISACTUAL="1" ISACTIVE="1" /><HOUSE ID="33075596" OBJECTID="55352329" OBJECTGUID="ec70a27e-7675-4184-a7c6-499a0c79e09e" CHANGEID="82792220" HOUSENUM="22" HOUSETYPE="3" OPERTYPEID="10" PREVID="0" NEXTID="129187291" UPDATEDATE="2025-10-01" STARTDATE="2014-01-04" ENDDATE="2025-10-01" ISACTUAL="0" ISACTIVE="0" /><HOUSE ID="129187291" OBJECTID="55352329" OBJECTGUID="ec70a27e-7675-4184-a7c6-499a0c79e09e" CHANGEID="689799554" HOUSENUM="22" HOUSETYPE="2" OPERTYPEID="20" PREVID="33075596" UPDATEDATE="2025-10-01" STARTDATE="2025-10-01" ENDDATE="2079-06-06" ISACTUAL="1" ISACTIVE="1" /><HOUSE ID="129187614" OBJECTID="55366281" OBJECTGUID="7e430d60-8fa8-4a3e-adc2-da5e5a6926fb" CHANGEID="689801289" HOUSENUM="14" HOUSETYPE="2" OPERTYPEID="20" PREVID="33084630" UPDATEDATE="2025-10-01" STARTDATE="2025-10-01" ENDDATE="2079-06-06" ISACTUAL="1" ISACTIVE="1" /><HOUSE ID="129187684" OBJECTID="174982595" OBJECTGUID="1d0f7857-fc96-42b2-9982-ca2a9a43558e" CHANGEID="689801662" HOUSENUM="35ж" HOUSETYPE="2" OPERTYPEID="10" PREVID="0" NEXTID="0" UPDATEDATE="2025-10-01" STARTDATE="2025-10-01" ENDDATE="2079-06-06" ISACTUAL="1" ISACTIVE="1" /><HOUSE ID="129188232" OBJECTID="60468004" OBJECTGUID="17573e80-27a9-4d4b-be85-b542ae382202" CHANGEID="689803731" HOUSENUM="61" HOUSETYPE="2" OPERTYPEID="30" PREVID="128230735" NEXTID="0" UPDATEDATE="2025-10-01" STARTDATE="2025-10-01" ENDDATE="2079-06-06" ISACTUAL="1" ISACTIVE="0" /><HOUSE ID="129188236" OBJECTID="45281670" OBJECTGUID="5266849c-92e3-409d-afd9-66ec1beb88d0" CHANGEID="689803747" HOUSENUM="4а" HOUSETYPE="2" OPERTYPEID="20" PREVID="27039923" UPDATEDATE="2025-10-01" STARTDATE="2025-10-01" ENDDATE="2079-06-06" ISACTUAL="1" ISACTIVE="1" /><HOUSE ID="129188739" OBJECTID="174985387" OBJECTGUID="d34940c2-65ea-474f-85c5-63d79e0d0f63" CHANGEID="689808240" HOUSENUM="1" HOUSETYPE="5" OPERTYPEID="10" PREVID="0" NEXTID="0" UPDATEDATE="2025-10-01" STARTDATE="2025-10-01" ENDDATE="2079-06-06" ISACTUAL="1" ISACTIVE="1" /><HOUSE ID="129188740" OBJECTID="174985391" OBJECTGUID="e68a6525-e07f-4161-978a-dd39923e8770" CHANGEID="689808244" HOUSENUM="2" HOUSETYPE="5" OPERTYPEID="10" PREVID="0" NEXTID="0" UPDATEDATE="2025-10-01" STARTDATE="2025-10-01" ENDDATE="2079-06-06" ISACTUAL="1" ISACTIVE="1" /><HOUSE ID="129188738" OBJECTID="174985384" OBJECTGUID="1eec0247-14f4-4dfe-bf21-8c7633baf4bd" CHANGEID="689808237" HOUSENUM="3" HOUSETYPE="5" OPERTYPEID="10" PREVID="0" NEXTID="0" UPDATEDATE="2025-10-01" STARTDATE="2025-10-01" ENDDATE="2079-06-06" ISACTUAL="1" ISACTIVE="1" /><HOUSE ID="129188752" OBJECTID="74491297" OBJECTGUID="3e075395-0da7-4e37-b607-c104d69e40c0" CHANGEID="689808332" HOUSENUM="8" HOUSETYPE="2" OPERTYPEID="20" PREVID="55774478" UPDATEDATE="2025-10-01" STARTDATE="2025-10-01" ENDDATE="2079-06-06" ISACTUAL="1" ISACTIVE="1" /><HOUSE ID="129188762" OBJECTID="174985459" OBJECTGUID="91d3cbb4-4e92-4fcb-9393-ad2e469afda7" CHANGEID="689808363" HOUSENUM="61" HOUSETYPE="5" OPERTYPEID="10" PREVID="0" NEXTID="0" UPDATEDATE="2025-10-01" STARTDATE="2025-10-01" ENDDATE="2079-06-06" ISACTUAL="1" ISACTIVE="1" /><HOUSE ID="52915590" OBJECTID="47676812" OBJECTGUID="15ac23df-1b99-4a4f-bc29-cbb59c1c1667" CHANGEID="71697605" HOUSENUM="40" HOUSETYPE="3" OPERTYPEID="20" PREVID="28504968" NEXTID="129190589" UPDATEDATE="2025-10-01" STARTDATE="2014-01-04" ENDDATE="2025-10-01" ISACTUAL="0" ISACTIVE="0" /><HOUSE ID="129190589" OBJECTID="47676812" OBJECTGUID="15ac23df-1b99-4a4f-bc29-cbb59c1c1667" CHANGEID="689817787" HOUSENUM="40" HOUSETYPE="2" OPERTYPEID="20" PREVID="52915590" UPDATEDATE="2025-10-01" STARTDATE="2025-10-01" ENDDATE="2079-06-06" ISACTUAL="1" ISACTIVE="1" /><HOUSE ID="129191122" OBJECTID="174991901" OBJECTGUID="387ac9a6-7409-4117-b6b9-5c78e442b753" CHANGEID="689819861" HOUSENUM="23а" HOUSETYPE="5" OPERTYPEID="10" PREVID="0" NEXTID="0" UPDATEDATE="2025-10-01" STARTDATE="2025-10-01" ENDDATE="2079-06-06" ISACTUAL="1" ISACTIVE="1" /><HOUSE ID="129191187" OBJECTID="47528882" OBJECTGUID="67bbef8b-89b1-4c6e-a0ea-6eb0e2913614" CHANGEID="689820126" HOUSENUM="34" HOUSETYPE="5" OPERTYPEID="30" PREVID="28413786" NEXTID="0" UPDATEDATE="2025-10-01" STARTDATE="2025-10-01" ENDDATE="2079-06-06" ISACTUAL="1" ISACTIVE="0" /><HOUSE ID="129191405" OBJECTID="174992666" OBJECTGUID="929ddd9d-8ae9-462c-b754-ab642ae76ec3" CHANGEID="689824853" HOUSENUM="26" HOUSETYPE="2" OPERTYPEID="10" PREVID="0" NEXTID="0" UPDATEDATE="2025-10-01" STARTDATE="2025-10-01" ENDDATE="2079-06-06" ISACTUAL="1" ISACTIVE="1" /></HOUSES>