﻿<?xml version="1.0" encoding="utf-8"?><STEADS><STEAD ID="65900495" OBJECTID="156682453" OBJECTGUID="e61aed49-141b-445d-a5ed-b7a7a869f7c0" CHANGEID="451367882" NUMBER="92" OPERTYPEID="10" PREVID="0" NEXTID="74174841" UPDATEDATE="2025-09-29" STARTDATE="2022-10-12" ENDDATE="2025-09-29" ISACTUAL="0" ISACTIVE="0" /><STEAD ID="74166877" OBJECTID="174916206" OBJECTGUID="b56dfff9-adfc-4966-90ab-7f2185fe0b25" CHANGEID="689638683" NUMBER="5А" OPERTYPEID="10" PREVID="0" NEXTID="0" UPDATEDATE="2025-09-29" STARTDATE="2025-09-29" ENDDATE="2079-06-06" ISACTUAL="1" ISACTIVE="1" /><STEAD ID="74166878" OBJECTID="174916207" OBJECTGUID="0b6cc2f7-4b2b-4100-af38-999f9d4a9a74" CHANGEID="689638684" NUMBER="24" OPERTYPEID="10" PREVID="0" NEXTID="0" UPDATEDATE="2025-09-29" STARTDATE="2025-09-29" ENDDATE="2079-06-06" ISACTUAL="1" ISACTIVE="1" /><STEAD ID="74166873" OBJECTID="174916202" OBJECTGUID="8c900fa8-a778-48ea-a37d-643353bec5b9" CHANGEID="689638677" NUMBER="33" OPERTYPEID="10" PREVID="0" NEXTID="0" UPDATEDATE="2025-09-29" STARTDATE="2025-09-29" ENDDATE="2079-06-06" ISACTUAL="1" ISACTIVE="1" /><STEAD ID="74166875" OBJECTID="174916204" OBJECTGUID="5626956f-9847-4e79-ae59-76f23409aaf1" CHANGEID="689638680" NUMBER="26" OPERTYPEID="10" PREVID="0" NEXTID="0" UPDATEDATE="2025-09-29" STARTDATE="2025-09-29" ENDDATE="2079-06-06" ISACTUAL="1" ISACTIVE="1" /><STEAD ID="74166888" OBJECTID="174916428" OBJECTGUID="43edd303-59ee-4fe6-9b66-dade361ac4e7" CHANGEID="689638959" NUMBER="20" OPERTYPEID="10" PREVID="0" NEXTID="0" UPDATEDATE="2025-09-29" STARTDATE="2025-09-29" ENDDATE="2079-06-06" ISACTUAL="1" ISACTIVE="1" /><STEAD ID="74168389" OBJECTID="174918902" OBJECTGUID="15a5c919-2e2e-488a-b7db-805c6fff0678" CHANGEID="689644433" NUMBER="67А" OPERTYPEID="10" PREVID="0" NEXTID="0" UPDATEDATE="2025-09-29" STARTDATE="2025-09-29" ENDDATE="2079-06-06" ISACTUAL="1" ISACTIVE="1" /><STEAD ID="74169175" OBJECTID="174920192" OBJECTGUID="ee509ec0-f832-4462-bd7d-8b28991dd0b9" CHANGEID="689646434" NUMBER="158" OPERTYPEID="10" PREVID="0" NEXTID="0" UPDATEDATE="2025-09-29" STARTDATE="2025-09-29" ENDDATE="2079-06-06" ISACTUAL="1" ISACTIVE="1" /><STEAD ID="74169219" OBJECTID="174920279" OBJECTGUID="a8bca170-87b1-4b59-9f5b-2844dec0357e" CHANGEID="689646596" NUMBER="2А" OPERTYPEID="10" PREVID="0" NEXTID="0" UPDATEDATE="2025-09-29" STARTDATE="2025-09-29" ENDDATE="2079-06-06" ISACTUAL="1" ISACTIVE="1" /><STEAD ID="74169227" OBJECTID="174920316" OBJECTGUID="05677445-b88e-42f4-afb0-c283f1d6e966" CHANGEID="689646643" NUMBER="75" OPERTYPEID="10" PREVID="0" NEXTID="0" UPDATEDATE="2025-09-29" STARTDATE="2025-09-29" ENDDATE="2079-06-06" ISACTUAL="1" ISACTIVE="1" /><STEAD ID="74169986" OBJECTID="174922014" OBJECTGUID="3385255f-0c42-4a01-a2a2-f888ca5413bd" CHANGEID="689649412" NUMBER="18" OPERTYPEID="10" PREVID="0" NEXTID="0" UPDATEDATE="2025-09-29" STARTDATE="2025-09-29" ENDDATE="2079-06-06" ISACTUAL="1" ISACTIVE="1" /><STEAD ID="74172218" OBJECTID="174928558" OBJECTGUID="00a73e2a-70aa-4848-9b8d-0798b9a37b2d" CHANGEID="689665344" NUMBER="40" OPERTYPEID="10" PREVID="0" NEXTID="0" UPDATEDATE="2025-09-29" STARTDATE="2025-09-29" ENDDATE="2079-06-06" ISACTUAL="1" ISACTIVE="1" /><STEAD ID="74173167" OBJECTID="174930200" OBJECTGUID="6ebbca2f-f525-48f3-8f14-f135301903fb" CHANGEID="689668969" NUMBER="18" OPERTYPEID="10" PREVID="0" NEXTID="0" UPDATEDATE="2025-09-29" STARTDATE="2025-09-29" ENDDATE="2079-06-06" ISACTUAL="1" ISACTIVE="1" /><STEAD ID="74173226" OBJECTID="174930270" OBJECTGUID="12608f94-b857-4f42-840b-f7c0d4355a58" CHANGEID="689669141" NUMBER="35а" OPERTYPEID="10" PREVID="0" NEXTID="0" UPDATEDATE="2025-09-29" STARTDATE="2025-09-29" ENDDATE="2079-06-06" ISACTUAL="1" ISACTIVE="1" /><STEAD ID="74173368" OBJECTID="174930453" OBJECTGUID="f303196a-42b8-4fdd-b66b-c514955ab80e" CHANGEID="689669584" NUMBER="6/3" OPERTYPEID="10" PREVID="0" NEXTID="0" UPDATEDATE="2025-09-29" STARTDATE="2025-09-29" ENDDATE="2079-06-06" ISACTUAL="1" ISACTIVE="1" /><STEAD ID="74174446" OBJECTID="174932479" OBJECTGUID="262ec76f-22b3-4052-a29f-5e2599d44c01" CHANGEID="689673275" NUMBER="51а" OPERTYPEID="10" PREVID="0" NEXTID="0" UPDATEDATE="2025-09-29" STARTDATE="2025-09-29" ENDDATE="2079-06-06" ISACTUAL="1" ISACTIVE="1" /><STEAD ID="74174468" OBJECTID="174932505" OBJECTGUID="3b6091df-d46f-498f-bff0-02cc81ffc82c" CHANGEID="689673312" NUMBER="51б" OPERTYPEID="10" PREVID="0" NEXTID="0" UPDATEDATE="2025-09-29" STARTDATE="2025-09-29" ENDDATE="2079-06-06" ISACTUAL="1" ISACTIVE="1" /><STEAD ID="74174841" OBJECTID="156682453" OBJECTGUID="e61aed49-141b-445d-a5ed-b7a7a869f7c0" CHANGEID="689674782" NUMBER="92А" OPERTYPEID="20" PREVID="65900495" UPDATEDATE="2025-09-29" STARTDATE="2025-09-29" ENDDATE="2079-06-06" ISACTUAL="1" ISACTIVE="1" /><STEAD ID="74175218" OBJECTID="174933909" OBJECTGUID="23632691-21fd-4b44-8623-022f66a4e9d5" CHANGEID="689675663" NUMBER="25" OPERTYPEID="10" PREVID="0" NEXTID="0" UPDATEDATE="2025-09-29" STARTDATE="2025-09-29" ENDDATE="2079-06-06" ISACTUAL="1" ISACTIVE="1" /><STEAD ID="74176454" OBJECTID="174937862" OBJECTGUID="38618974-4e32-4951-8276-9a7da3438373" CHANGEID="689684143" NUMBER="70" OPERTYPEID="10" PREVID="0" NEXTID="0" UPDATEDATE="2025-09-29" STARTDATE="2025-09-29" ENDDATE="2079-06-06" ISACTUAL="1" ISACTIVE="1" /><STEAD ID="74176458" OBJECTID="174937866" OBJECTGUID="6ddbe451-50ab-44d6-8f26-85fe0220df30" CHANGEID="689684189" NUMBER="14" OPERTYPEID="10" PREVID="0" NEXTID="0" UPDATEDATE="2025-09-29" STARTDATE="2025-09-29" ENDDATE="2079-06-06" ISACTUAL="1" ISACTIVE="1" /><STEAD ID="74177869" OBJECTID="174940411" OBJECTGUID="26007baa-42d3-4a52-83db-247e0dfd019d" CHANGEID="689690910" NUMBER="2" OPERTYPEID="10" PREVID="0" NEXTID="0" UPDATEDATE="2025-09-29" STARTDATE="2025-09-29" ENDDATE="2079-06-06" ISACTUAL="1" ISACTIVE="1" /><STEAD ID="74179263" OBJECTID="174942729" OBJECTGUID="0f678372-2ba1-4e8f-9ea9-d0a815b495c5" CHANGEID="689695408" NUMBER="26" OPERTYPEID="10" PREVID="0" NEXTID="0" UPDATEDATE="2025-09-29" STARTDATE="2025-09-29" ENDDATE="2079-06-06" ISACTUAL="1" ISACTIVE="1" /><STEAD ID="74179379" OBJECTID="174942871" OBJECTGUID="25eff1cd-d505-4d96-bf6d-54aceddf143f" CHANGEID="689695618" NUMBER="26а" OPERTYPEID="10" PREVID="0" NEXTID="0" UPDATEDATE="2025-09-29" STARTDATE="2025-09-29" ENDDATE="2079-06-06" ISACTUAL="1" ISACTIVE="1" /><STEAD ID="74179492" OBJECTID="174943058" OBJECTGUID="89713bef-07eb-407e-af64-28602cc200a8" CHANGEID="689695875" NUMBER="1" OPERTYPEID="10" PREVID="0" NEXTID="0" UPDATEDATE="2025-09-29" STARTDATE="2025-09-29" ENDDATE="2079-06-06" ISACTUAL="1" ISACTIVE="1" /><STEAD ID="74179825" OBJECTID="174943717" OBJECTGUID="2846707d-e669-47ec-b3f2-69f325fad421" CHANGEID="689697040" NUMBER="7" OPERTYPEID="10" PREVID="0" NEXTID="0" UPDATEDATE="2025-09-29" STARTDATE="2025-09-29" ENDDATE="2079-06-06" ISACTUAL="1" ISACTIVE="1" /><STEAD ID="74179872" OBJECTID="174943810" OBJECTGUID="99231359-0423-4614-bd89-d9ff97d15f57" CHANGEID="689697163" NUMBER="7/1" OPERTYPEID="10" PREVID="0" NEXTID="0" UPDATEDATE="2025-09-29" STARTDATE="2025-09-29" ENDDATE="2079-06-06" ISACTUAL="1" ISACTIVE="1" /><STEAD ID="74179901" OBJECTID="174943944" OBJECTGUID="63a24cf7-82be-4d17-aa03-260969cf5c09" CHANGEID="689697307" NUMBER="12Д/1" OPERTYPEID="10" PREVID="0" NEXTID="0" UPDATEDATE="2025-09-29" STARTDATE="2025-09-29" ENDDATE="2079-06-06" ISACTUAL="1" ISACTIVE="1" /><STEAD ID="74179910" OBJECTID="174943955" OBJECTGUID="ad024669-57e8-4f5e-b313-5737883d9f5b" CHANGEID="689697331" NUMBER="7/2" OPERTYPEID="10" PREVID="0" NEXTID="0" UPDATEDATE="2025-09-29" STARTDATE="2025-09-29" ENDDATE="2079-06-06" ISACTUAL="1" ISACTIVE="1" /><STEAD ID="74180008" OBJECTID="174944164" OBJECTGUID="9d833290-a9f5-470a-8808-20abab8369ed" CHANGEID="689697644" NUMBER="440/2" OPERTYPEID="10" PREVID="0" NEXTID="0" UPDATEDATE="2025-09-29" STARTDATE="2025-09-29" ENDDATE="2079-06-06" ISACTUAL="1" ISACTIVE="1" /><STEAD ID="74180088" OBJECTID="174944271" OBJECTGUID="2eb4b8d7-aa9c-4600-b81e-b8a45ee2b4e9" CHANGEID="689698062" NUMBER="1" OPERTYPEID="10" PREVID="0" NEXTID="0" UPDATEDATE="2025-09-29" STARTDATE="2025-09-29" ENDDATE="2079-06-06" ISACTUAL="1" ISACTIVE="1" /><STEAD ID="74180090" OBJECTID="174944275" OBJECTGUID="2e37d87b-c28b-48b0-b5fd-cc6434284480" CHANGEID="689698068" NUMBER="2" OPERTYPEID="10" PREVID="0" NEXTID="0" UPDATEDATE="2025-09-29" STARTDATE="2025-09-29" ENDDATE="2079-06-06" ISACTUAL="1" ISACTIVE="1" /><STEAD ID="74180181" OBJECTID="174944576" OBJECTGUID="b2245f76-d984-4ea3-9ba6-96ae2e7a4633" CHANGEID="689698743" NUMBER="3" OPERTYPEID="10" PREVID="0" NEXTID="0" UPDATEDATE="2025-09-29" STARTDATE="2025-09-29" ENDDATE="2079-06-06" ISACTUAL="1" ISACTIVE="1" /><STEAD ID="74180202" OBJECTID="174944604" OBJECTGUID="83e37f96-93c1-49e6-9711-b94e1cffb65a" CHANGEID="689698953" NUMBER="4" OPERTYPEID="10" PREVID="0" NEXTID="0" UPDATEDATE="2025-09-29" STARTDATE="2025-09-29" ENDDATE="2079-06-06" ISACTUAL="1" ISACTIVE="1" /><STEAD ID="74180206" OBJECTID="174944609" OBJECTGUID="88791267-26f0-4158-b96f-46e0d90f9fd2" CHANGEID="689699224" NUMBER="5" OPERTYPEID="10" PREVID="0" NEXTID="0" UPDATEDATE="2025-09-29" STARTDATE="2025-09-29" ENDDATE="2079-06-06" ISACTUAL="1" ISACTIVE="1" /><STEAD ID="74180209" OBJECTID="174944666" OBJECTGUID="7f48ca4c-7ce6-44c8-90da-611dc4d2b130" CHANGEID="689699327" NUMBER="6" OPERTYPEID="10" PREVID="0" NEXTID="0" UPDATEDATE="2025-09-29" STARTDATE="2025-09-29" ENDDATE="2079-06-06" ISACTUAL="1" ISACTIVE="1" /><STEAD ID="74180218" OBJECTID="174944679" OBJECTGUID="5c04fe67-c399-48b7-929c-438f1f761357" CHANGEID="689699546" NUMBER="7" OPERTYPEID="10" PREVID="0" NEXTID="0" UPDATEDATE="2025-09-29" STARTDATE="2025-09-29" ENDDATE="2079-06-06" ISACTUAL="1" ISACTIVE="1" /><STEAD ID="74180221" OBJECTID="174944684" OBJECTGUID="cffb80d8-f4e7-46a3-8d99-e860bc7711e9" CHANGEID="689699552" NUMBER="8" OPERTYPEID="10" PREVID="0" NEXTID="0" UPDATEDATE="2025-09-29" STARTDATE="2025-09-29" ENDDATE="2079-06-06" ISACTUAL="1" ISACTIVE="1" /><STEAD ID="74180223" OBJECTID="174944730" OBJECTGUID="8ff12ec6-1ef8-4724-8fc9-e7fcbd58a0d8" CHANGEID="689699603" NUMBER="9" OPERTYPEID="10" PREVID="0" NEXTID="0" UPDATEDATE="2025-09-29" STARTDATE="2025-09-29" ENDDATE="2079-06-06" ISACTUAL="1" ISACTIVE="1" /><STEAD ID="74180230" OBJECTID="174944743" OBJECTGUID="9bf9fd7c-b61c-4718-bfd4-0554efd1821f" CHANGEID="689699675" NUMBER="11" OPERTYPEID="10" PREVID="0" NEXTID="0" UPDATEDATE="2025-09-29" STARTDATE="2025-09-29" ENDDATE="2079-06-06" ISACTUAL="1" ISACTIVE="1" /><STEAD ID="74180286" OBJECTID="174944875" OBJECTGUID="51556ced-7d0e-4b68-930a-8c676d96ac7d" CHANGEID="689699892" NUMBER="14" OPERTYPEID="10" PREVID="0" NEXTID="0" UPDATEDATE="2025-09-29" STARTDATE="2025-09-29" ENDDATE="2079-06-06" ISACTUAL="1" ISACTIVE="1" /><STEAD ID="74180310" OBJECTID="174944966" OBJECTGUID="49fa0715-0dbe-40dc-a154-f92a32e94726" CHANGEID="689700607" NUMBER="1/8" OPERTYPEID="10" PREVID="0" NEXTID="0" UPDATEDATE="2025-09-29" STARTDATE="2025-09-29" ENDDATE="2079-06-06" ISACTUAL="1" ISACTIVE="1" /><STEAD ID="74185276" OBJECTID="171802911" OBJECTGUID="111dcc29-d26b-4d78-b727-df98eb784c0d" CHANGEID="689718082" NUMBER="35ж" OPERTYPEID="30" PREVID="72519483" NEXTID="0" UPDATEDATE="2025-09-30" STARTDATE="2025-09-30" ENDDATE="2079-06-06" ISACTUAL="1" ISACTIVE="0" /><STEAD ID="72519483" OBJECTID="171802911" OBJECTGUID="111dcc29-d26b-4d78-b727-df98eb784c0d" CHANGEID="644619400" NUMBER="35ж" OPERTYPEID="10" PREVID="0" NEXTID="74185276" UPDATEDATE="2025-09-30" STARTDATE="2025-04-18" ENDDATE="2025-09-30" ISACTUAL="0" ISACTIVE="0" /><STEAD ID="74185295" OBJECTID="174952796" OBJECTGUID="6d9a1f79-d9d2-4551-b092-1c242f8e2d5c" CHANGEID="689718174" NUMBER="33г" OPERTYPEID="10" PREVID="0" NEXTID="0" UPDATEDATE="2025-09-30" STARTDATE="2025-09-30" ENDDATE="2079-06-06" ISACTUAL="1" ISACTIVE="1" /><STEAD ID="74185296" OBJECTID="174952797" OBJECTGUID="8dc43fd1-947f-47b7-b397-04e94ef69bc9" CHANGEID="689718175" NUMBER="33в" OPERTYPEID="10" PREVID="0" NEXTID="0" UPDATEDATE="2025-09-30" STARTDATE="2025-09-30" ENDDATE="2079-06-06" ISACTUAL="1" ISACTIVE="1" /><STEAD ID="74185297" OBJECTID="174952798" OBJECTGUID="6835d608-4d40-41b0-8bd0-a82bf4bc926e" CHANGEID="689718176" NUMBER="33б" OPERTYPEID="10" PREVID="0" NEXTID="0" UPDATEDATE="2025-09-30" STARTDATE="2025-09-30" ENDDATE="2079-06-06" ISACTUAL="1" ISACTIVE="1" /><STEAD ID="74185298" OBJECTID="174952799" OBJECTGUID="9cda7486-3624-4000-95ad-2fcb1c0dd120" CHANGEID="689718177" NUMBER="33а" OPERTYPEID="10" PREVID="0" NEXTID="0" UPDATEDATE="2025-09-30" STARTDATE="2025-09-30" ENDDATE="2079-06-06" ISACTUAL="1" ISACTIVE="1" /><STEAD ID="74186327" OBJECTID="174954327" OBJECTGUID="22cd5c65-f356-4252-a20a-fd4b8b26125b" CHANGEID="689721156" NUMBER="3" OPERTYPEID="10" PREVID="0" NEXTID="0" UPDATEDATE="2025-09-30" STARTDATE="2025-09-30" ENDDATE="2079-06-06" ISACTUAL="1" ISACTIVE="1" /><STEAD ID="74186376" OBJECTID="174954377" OBJECTGUID="222508dc-a65c-44a5-be1e-8d9a47fd0619" CHANGEID="689721216" NUMBER="7" OPERTYPEID="10" PREVID="0" NEXTID="0" UPDATEDATE="2025-09-30" STARTDATE="2025-09-30" ENDDATE="2079-06-06" ISACTUAL="1" ISACTIVE="1" /><STEAD ID="74186943" OBJECTID="174955248" OBJECTGUID="db00d270-3a5d-4e07-af4e-5d3bbe4d6f4c" CHANGEID="689723354" NUMBER="5" OPERTYPEID="10" PREVID="0" NEXTID="0" UPDATEDATE="2025-09-30" STARTDATE="2025-09-30" ENDDATE="2079-06-06" ISACTUAL="1" ISACTIVE="1" /><STEAD ID="74186956" OBJECTID="174955268" OBJECTGUID="7555dd93-ad7d-4711-865a-34ac9d9c071b" CHANGEID="689723390" NUMBER="9" OPERTYPEID="10" PREVID="0" NEXTID="0" UPDATEDATE="2025-09-30" STARTDATE="2025-09-30" ENDDATE="2079-06-06" ISACTUAL="1" ISACTIVE="1" /><STEAD ID="74191010" OBJECTID="174961923" OBJECTGUID="806ed82e-bca6-4678-a6fd-51b12927f969" CHANGEID="689739126" NUMBER="45А" OPERTYPEID="10" PREVID="0" NEXTID="0" UPDATEDATE="2025-09-30" STARTDATE="2025-09-30" ENDDATE="2079-06-06" ISACTUAL="1" ISACTIVE="1" /><STEAD ID="74193958" OBJECTID="174966873" OBJECTGUID="909ddcb3-55d7-4dbe-a490-8bd2b811f36c" CHANGEID="689750657" NUMBER="9" OPERTYPEID="10" PREVID="0" NEXTID="0" UPDATEDATE="2025-09-30" STARTDATE="2025-09-30" ENDDATE="2079-06-06" ISACTUAL="1" ISACTIVE="1" /><STEAD ID="74196186" OBJECTID="174969818" OBJECTGUID="196ff70a-efde-42c4-a02a-cc7a9d190fbf" CHANGEID="689757320" NUMBER="31/2" OPERTYPEID="10" PREVID="0" NEXTID="0" UPDATEDATE="2025-09-30" STARTDATE="2025-09-30" ENDDATE="2079-06-06" ISACTUAL="1" ISACTIVE="1" /><STEAD ID="74196299" OBJECTID="174970244" OBJECTGUID="29e78c6a-3da3-4f7c-b363-d6ab77934882" CHANGEID="689758109" NUMBER="24" OPERTYPEID="10" PREVID="0" NEXTID="0" UPDATEDATE="2025-09-30" STARTDATE="2025-09-30" ENDDATE="2079-06-06" ISACTUAL="1" ISACTIVE="1" /><STEAD ID="74196335" OBJECTID="174970295" OBJECTGUID="1eb0cfe6-60fe-4fc5-b7dc-32b8ad6dbda9" CHANGEID="689758318" NUMBER="8" OPERTYPEID="10" PREVID="0" NEXTID="0" UPDATEDATE="2025-09-30" STARTDATE="2025-09-30" ENDDATE="2079-06-06" ISACTUAL="1" ISACTIVE="1" /><STEAD ID="74196349" OBJECTID="174970316" OBJECTGUID="40ef12b4-1e07-4ff5-8f20-712294b8eaf0" CHANGEID="689758354" NUMBER="44а" OPERTYPEID="10" PREVID="0" NEXTID="0" UPDATEDATE="2025-09-30" STARTDATE="2025-09-30" ENDDATE="2079-06-06" ISACTUAL="1" ISACTIVE="1" /><STEAD ID="74196406" OBJECTID="174970400" OBJECTGUID="18c581b3-d36d-4e99-b74c-54451680c728" CHANGEID="689758606" NUMBER="32" OPERTYPEID="10" PREVID="0" NEXTID="0" UPDATEDATE="2025-09-30" STARTDATE="2025-09-30" ENDDATE="2079-06-06" ISACTUAL="1" ISACTIVE="1" /><STEAD ID="74196482" OBJECTID="174970578" OBJECTGUID="46216cc4-4d5d-4f84-8473-517cc81ab77d" CHANGEID="689777023" NUMBER="14" OPERTYPEID="10" PREVID="0" NEXTID="0" UPDATEDATE="2025-09-30" STARTDATE="2025-09-30" ENDDATE="2079-06-06" ISACTUAL="1" ISACTIVE="1" /><STEAD ID="74196483" OBJECTID="174970579" OBJECTGUID="f305b523-6ac5-44d6-9c51-8ecfe2e02929" CHANGEID="689777024" NUMBER="11" OPERTYPEID="10" PREVID="0" NEXTID="0" UPDATEDATE="2025-09-30" STARTDATE="2025-09-30" ENDDATE="2079-06-06" ISACTUAL="1" ISACTIVE="1" /><STEAD ID="74196484" OBJECTID="174970580" OBJECTGUID="c993e591-b842-4173-916a-5c3c8365e455" CHANGEID="689777025" NUMBER="20" OPERTYPEID="10" PREVID="0" NEXTID="0" UPDATEDATE="2025-09-30" STARTDATE="2025-09-30" ENDDATE="2079-06-06" ISACTUAL="1" ISACTIVE="1" /><STEAD ID="74196485" OBJECTID="174970581" OBJECTGUID="dd98bdc9-47c4-4a21-af03-eb655602d780" CHANGEID="689777026" NUMBER="23" OPERTYPEID="10" PREVID="0" NEXTID="0" UPDATEDATE="2025-09-30" STARTDATE="2025-09-30" ENDDATE="2079-06-06" ISACTUAL="1" ISACTIVE="1" /><STEAD ID="74196486" OBJECTID="174970582" OBJECTGUID="9db11e8b-a8a3-407b-8360-5ad5203f605e" CHANGEID="689777027" NUMBER="12" OPERTYPEID="10" PREVID="0" NEXTID="0" UPDATEDATE="2025-09-30" STARTDATE="2025-09-30" ENDDATE="2079-06-06" ISACTUAL="1" ISACTIVE="1" /><STEAD ID="74196487" OBJECTID="174970583" OBJECTGUID="a0563745-34aa-42bb-a0fb-999e9c3952ae" CHANGEID="689777028" NUMBER="17" OPERTYPEID="10" PREVID="0" NEXTID="0" UPDATEDATE="2025-09-30" STARTDATE="2025-09-30" ENDDATE="2079-06-06" ISACTUAL="1" ISACTIVE="1" /><STEAD ID="74196501" OBJECTID="174970604" OBJECTGUID="b10a36f9-7e70-4c56-a0af-567d40f4cc60" CHANGEID="689777062" NUMBER="13" OPERTYPEID="10" PREVID="0" NEXTID="0" UPDATEDATE="2025-09-30" STARTDATE="2025-09-30" ENDDATE="2079-06-06" ISACTUAL="1" ISACTIVE="1" /><STEAD ID="74196502" OBJECTID="174970605" OBJECTGUID="05b8e964-85ad-4a5d-82c1-51b23f8b5e32" CHANGEID="689777063" NUMBER="16/2" OPERTYPEID="10" PREVID="0" NEXTID="0" UPDATEDATE="2025-09-30" STARTDATE="2025-09-30" ENDDATE="2079-06-06" ISACTUAL="1" ISACTIVE="1" /><STEAD ID="74196503" OBJECTID="174970606" OBJECTGUID="afad28e8-72b9-4f6b-ad18-180ebce31bd2" CHANGEID="689777064" NUMBER="18/2" OPERTYPEID="10" PREVID="0" NEXTID="0" UPDATEDATE="2025-09-30" STARTDATE="2025-09-30" ENDDATE="2079-06-06" ISACTUAL="1" ISACTIVE="1" /><STEAD ID="74198844" OBJECTID="174976201" OBJECTGUID="82ede553-7b71-4a2d-a19a-7b2ae685b649" CHANGEID="689789286" NUMBER="37" OPERTYPEID="10" PREVID="0" NEXTID="0" UPDATEDATE="2025-10-01" STARTDATE="2025-10-01" ENDDATE="2079-06-06" ISACTUAL="1" ISACTIVE="1" /><STEAD ID="74198846" OBJECTID="174976203" OBJECTGUID="7ed72d64-1341-48c3-8d20-12b571055f7c" CHANGEID="689789288" NUMBER="57" OPERTYPEID="10" PREVID="0" NEXTID="0" UPDATEDATE="2025-10-01" STARTDATE="2025-10-01" ENDDATE="2079-06-06" ISACTUAL="1" ISACTIVE="1" /><STEAD ID="74198843" OBJECTID="174976200" OBJECTGUID="26bed555-b343-4f6a-b11a-4323e000368f" CHANGEID="689789285" NUMBER="39" OPERTYPEID="10" PREVID="0" NEXTID="0" UPDATEDATE="2025-10-01" STARTDATE="2025-10-01" ENDDATE="2079-06-06" ISACTUAL="1" ISACTIVE="1" /><STEAD ID="74198845" OBJECTID="174976202" OBJECTGUID="fcae18f3-d193-45db-aec1-1af5a1ac5f03" CHANGEID="689789287" NUMBER="18" OPERTYPEID="10" PREVID="0" NEXTID="0" UPDATEDATE="2025-10-01" STARTDATE="2025-10-01" ENDDATE="2079-06-06" ISACTUAL="1" ISACTIVE="1" /><STEAD ID="74198847" OBJECTID="174976204" OBJECTGUID="e6bd4770-f63b-4797-b548-24680a2afc88" CHANGEID="689789289" NUMBER="57" OPERTYPEID="10" PREVID="0" NEXTID="0" UPDATEDATE="2025-10-01" STARTDATE="2025-10-01" ENDDATE="2079-06-06" ISACTUAL="1" ISACTIVE="1" /><STEAD ID="74199037" OBJECTID="174976527" OBJECTGUID="42d2049a-a660-4690-9d7a-0d29ab984604" CHANGEID="689790149" NUMBER="10" OPERTYPEID="10" PREVID="0" NEXTID="0" UPDATEDATE="2025-10-01" STARTDATE="2025-10-01" ENDDATE="2079-06-06" ISACTUAL="1" ISACTIVE="1" /><STEAD ID="74199050" OBJECTID="174976549" OBJECTGUID="c47c1c29-da12-4115-a511-7417c337b51a" CHANGEID="689790193" NUMBER="Б/1" OPERTYPEID="10" PREVID="0" NEXTID="0" UPDATEDATE="2025-10-01" STARTDATE="2025-10-01" ENDDATE="2079-06-06" ISACTUAL="1" ISACTIVE="1" /><STEAD ID="74199032" OBJECTID="174976438" OBJECTGUID="c509a0e4-a397-4dbb-87c0-d9626bfc6736" CHANGEID="689790044" NUMBER="16" OPERTYPEID="10" PREVID="0" NEXTID="0" UPDATEDATE="2025-10-01" STARTDATE="2025-10-01" ENDDATE="2079-06-06" ISACTUAL="1" ISACTIVE="1" /><STEAD ID="74201086" OBJECTID="174979836" OBJECTGUID="e7c780ad-e53d-4a03-aba8-e2472068f80e" CHANGEID="689795745" NUMBER="Б/80" OPERTYPEID="10" PREVID="0" NEXTID="0" UPDATEDATE="2025-10-01" STARTDATE="2025-10-01" ENDDATE="2079-06-06" ISACTUAL="1" ISACTIVE="1" /><STEAD ID="74201093" OBJECTID="174979843" OBJECTGUID="f27e7f3d-435d-4d8f-b11b-5225e61bf67e" CHANGEID="689795761" NUMBER="В/65" OPERTYPEID="10" PREVID="0" NEXTID="0" UPDATEDATE="2025-10-01" STARTDATE="2025-10-01" ENDDATE="2079-06-06" ISACTUAL="1" ISACTIVE="1" /><STEAD ID="74201080" OBJECTID="174979826" OBJECTGUID="21c1b112-4aa7-456d-8f70-837e94f6256d" CHANGEID="689795712" NUMBER="22/1183" OPERTYPEID="10" PREVID="0" NEXTID="0" UPDATEDATE="2025-10-01" STARTDATE="2025-10-01" ENDDATE="2079-06-06" ISACTUAL="1" ISACTIVE="1" /><STEAD ID="74201083" OBJECTID="174979831" OBJECTGUID="19c22b39-bcf6-42e0-b8f5-49206d846582" CHANGEID="689795730" NUMBER="41/2460" OPERTYPEID="10" PREVID="0" NEXTID="0" UPDATEDATE="2025-10-01" STARTDATE="2025-10-01" ENDDATE="2079-06-06" ISACTUAL="1" ISACTIVE="1" /><STEAD ID="74201122" OBJECTID="174979885" OBJECTGUID="cef4f273-bec6-469a-8955-371c7fadb1a1" CHANGEID="689795828" NUMBER="3" OPERTYPEID="10" PREVID="0" NEXTID="0" UPDATEDATE="2025-10-01" STARTDATE="2025-10-01" ENDDATE="2079-06-06" ISACTUAL="1" ISACTIVE="1" /><STEAD ID="74201709" OBJECTID="174980985" OBJECTGUID="5d4f653b-69a6-474e-8e99-c537a686dc92" CHANGEID="689798586" NUMBER="17" OPERTYPEID="10" PREVID="0" NEXTID="0" UPDATEDATE="2025-10-01" STARTDATE="2025-10-01" ENDDATE="2079-06-06" ISACTUAL="1" ISACTIVE="1" /><STEAD ID="74201716" OBJECTID="174981001" OBJECTGUID="00d5903a-10ac-42de-baf3-16b24a3ab5cc" CHANGEID="689798606" NUMBER="20" OPERTYPEID="10" PREVID="0" NEXTID="0" UPDATEDATE="2025-10-01" STARTDATE="2025-10-01" ENDDATE="2079-06-06" ISACTUAL="1" ISACTIVE="1" /><STEAD ID="74201718" OBJECTID="174981007" OBJECTGUID="998c7ac6-69e6-4495-aff6-220a70b25b1f" CHANGEID="689798612" NUMBER="21" OPERTYPEID="10" PREVID="0" NEXTID="0" UPDATEDATE="2025-10-01" STARTDATE="2025-10-01" ENDDATE="2079-06-06" ISACTUAL="1" ISACTIVE="1" /><STEAD ID="74201749" OBJECTID="174981046" OBJECTGUID="f4557165-6675-42fe-8fee-7e1bd152d890" CHANGEID="689798673" NUMBER="23" OPERTYPEID="10" PREVID="0" NEXTID="0" UPDATEDATE="2025-10-01" STARTDATE="2025-10-01" ENDDATE="2079-06-06" ISACTUAL="1" ISACTIVE="1" /><STEAD ID="74201755" OBJECTID="174981052" OBJECTGUID="68eb34de-5fb5-42c9-b57d-1eb49defc57e" CHANGEID="689798683" NUMBER="26" OPERTYPEID="10" PREVID="0" NEXTID="0" UPDATEDATE="2025-10-01" STARTDATE="2025-10-01" ENDDATE="2079-06-06" ISACTUAL="1" ISACTIVE="1" /><STEAD ID="74201763" OBJECTID="174981060" OBJECTGUID="7777027f-9000-422c-8b20-2195c04309bc" CHANGEID="689798697" NUMBER="6" OPERTYPEID="10" PREVID="0" NEXTID="0" UPDATEDATE="2025-10-01" STARTDATE="2025-10-01" ENDDATE="2079-06-06" ISACTUAL="1" ISACTIVE="1" /><STEAD ID="74201764" OBJECTID="174981061" OBJECTGUID="0566c98c-b96d-4f5e-b180-60698baf3120" CHANGEID="689798698" NUMBER="1А/2" OPERTYPEID="10" PREVID="0" NEXTID="0" UPDATEDATE="2025-10-01" STARTDATE="2025-10-01" ENDDATE="2079-06-06" ISACTUAL="1" ISACTIVE="1" /><STEAD ID="74201765" OBJECTID="174981062" OBJECTGUID="bc71a3e6-fd0b-4f0f-a2b6-3e89c9309ed8" CHANGEID="689798699" NUMBER="5" OPERTYPEID="10" PREVID="0" NEXTID="0" UPDATEDATE="2025-10-01" STARTDATE="2025-10-01" ENDDATE="2079-06-06" ISACTUAL="1" ISACTIVE="1" /><STEAD ID="74201777" OBJECTID="174981083" OBJECTGUID="6daf454f-1fd8-438e-bcd6-0f32f52ff266" CHANGEID="689798772" NUMBER="28" OPERTYPEID="10" PREVID="0" NEXTID="0" UPDATEDATE="2025-10-01" STARTDATE="2025-10-01" ENDDATE="2079-06-06" ISACTUAL="1" ISACTIVE="1" /><STEAD ID="74201780" OBJECTID="174981090" OBJECTGUID="cd7ea487-33ec-4db1-ac19-d756de1fc1cc" CHANGEID="689798786" NUMBER="30" OPERTYPEID="10" PREVID="0" NEXTID="0" UPDATEDATE="2025-10-01" STARTDATE="2025-10-01" ENDDATE="2079-06-06" ISACTUAL="1" ISACTIVE="1" /><STEAD ID="74201851" OBJECTID="174981219" OBJECTGUID="9464100b-b84f-40d3-851a-98aab58b9f08" CHANGEID="689799039" NUMBER="223" OPERTYPEID="10" PREVID="0" NEXTID="0" UPDATEDATE="2025-10-01" STARTDATE="2025-10-01" ENDDATE="2079-06-06" ISACTUAL="1" ISACTIVE="1" /><STEAD ID="74201742" OBJECTID="174981038" OBJECTGUID="c980e687-3e08-4621-b514-e2e7f53689d5" CHANGEID="689798654" NUMBER="35ж" OPERTYPEID="10" PREVID="0" NEXTID="0" UPDATEDATE="2025-10-01" STARTDATE="2025-10-01" ENDDATE="2079-06-06" ISACTUAL="1" ISACTIVE="1" /><STEAD ID="74201746" OBJECTID="174981042" OBJECTGUID="22ebb57f-8d11-4e2e-9fc2-79ca53b3e7ef" CHANGEID="689798664" NUMBER="22" OPERTYPEID="10" PREVID="0" NEXTID="0" UPDATEDATE="2025-10-01" STARTDATE="2025-10-01" ENDDATE="2079-06-06" ISACTUAL="1" ISACTIVE="1" /><STEAD ID="74201768" OBJECTID="174981065" OBJECTGUID="21d6665f-319c-4bcb-a2ac-e26c605f9efd" CHANGEID="689798704" NUMBER="27" OPERTYPEID="10" PREVID="0" NEXTID="0" UPDATEDATE="2025-10-01" STARTDATE="2025-10-01" ENDDATE="2079-06-06" ISACTUAL="1" ISACTIVE="1" /><STEAD ID="74201789" OBJECTID="174981101" OBJECTGUID="9520cf46-a9a2-41c7-a235-d06225b43266" CHANGEID="689798814" NUMBER="31" OPERTYPEID="10" PREVID="0" NEXTID="0" UPDATEDATE="2025-10-01" STARTDATE="2025-10-01" ENDDATE="2079-06-06" ISACTUAL="1" ISACTIVE="1" /><STEAD ID="74201814" OBJECTID="174981127" OBJECTGUID="764a4bd2-bb3d-4172-b56d-0f362d8dd6a6" CHANGEID="689798846" NUMBER="33" OPERTYPEID="10" PREVID="0" NEXTID="0" UPDATEDATE="2025-10-01" STARTDATE="2025-10-01" ENDDATE="2079-06-06" ISACTUAL="1" ISACTIVE="1" /><STEAD ID="74204037" OBJECTID="174985439" OBJECTGUID="711489e9-7398-456b-8905-d99624a9d18c" CHANGEID="689808324" NUMBER="10" OPERTYPEID="10" PREVID="0" NEXTID="0" UPDATEDATE="2025-10-01" STARTDATE="2025-10-01" ENDDATE="2079-06-06" ISACTUAL="1" ISACTIVE="1" /><STEAD ID="74205785" OBJECTID="174988884" OBJECTGUID="fc3cb48c-c4f9-4084-9f38-a7fa4f44c674" CHANGEID="689813906" NUMBER="138" OPERTYPEID="10" PREVID="0" NEXTID="0" UPDATEDATE="2025-10-01" STARTDATE="2025-10-01" ENDDATE="2079-06-06" ISACTUAL="1" ISACTIVE="1" /><STEAD ID="74206386" OBJECTID="174990410" OBJECTGUID="773e4084-1b2e-4d63-88aa-8e1a9d5ac087" CHANGEID="689817166" NUMBER="55Г" OPERTYPEID="10" PREVID="0" NEXTID="0" UPDATEDATE="2025-10-01" STARTDATE="2025-10-01" ENDDATE="2079-06-06" ISACTUAL="1" ISACTIVE="1" /><STEAD ID="74206568" OBJECTID="174990821" OBJECTGUID="cdfcba28-b2dc-4477-b665-1b034d8646be" CHANGEID="689817847" NUMBER="20" OPERTYPEID="10" PREVID="0" NEXTID="0" UPDATEDATE="2025-10-01" STARTDATE="2025-10-01" ENDDATE="2079-06-06" ISACTUAL="1" ISACTIVE="1" /><STEAD ID="74207114" OBJECTID="174992087" OBJECTGUID="ffa86ecb-8e06-4045-bea6-415fc4b134d4" CHANGEID="689820103" NUMBER="12/3" OPERTYPEID="10" PREVID="0" NEXTID="0" UPDATEDATE="2025-10-01" STARTDATE="2025-10-01" ENDDATE="2079-06-06" ISACTUAL="1" ISACTIVE="1" /><STEAD ID="74207069" OBJECTID="174992025" OBJECTGUID="5816cb52-7dbc-4013-812b-c155b96fe553" CHANGEID="689820026" NUMBER="23а" OPERTYPEID="10" PREVID="0" NEXTID="0" UPDATEDATE="2025-10-01" STARTDATE="2025-10-01" ENDDATE="2079-06-06" ISACTUAL="1" ISACTIVE="1" /><STEAD ID="74207096" OBJECTID="174992068" OBJECTGUID="b9178f6f-6fbd-485a-9003-45e8aad63c5c" CHANGEID="689820083" NUMBER="59" OPERTYPEID="10" PREVID="0" NEXTID="0" UPDATEDATE="2025-10-01" STARTDATE="2025-10-01" ENDDATE="2079-06-06" ISACTUAL="1" ISACTIVE="1" /><STEAD ID="74207377" OBJECTID="174992662" OBJECTGUID="8ca33fe5-698a-4647-a94a-31c3a3ece6cc" CHANGEID="689824847" NUMBER="26" OPERTYPEID="10" PREVID="0" NEXTID="0" UPDATEDATE="2025-10-01" STARTDATE="2025-10-01" ENDDATE="2079-06-06" ISACTUAL="1" ISACTIVE="1" /></STEADS>