﻿<?xml version="1.0" encoding="utf-8"?><HOUSES><HOUSE ID="54901110" OBJECTID="18602162" OBJECTGUID="31b0532f-5d65-42a8-9d27-a6ce450d4797" CHANGEID="29256860" HOUSENUM="22" HOUSETYPE="2" OPERTYPEID="20" PREVID="10728894" NEXTID="129181651" UPDATEDATE="2025-09-30" STARTDATE="2016-03-04" ENDDATE="2025-09-30" ISACTUAL="0" ISACTIVE="0" /><HOUSE ID="57110965" OBJECTID="75325395" OBJECTGUID="50e780bf-5a33-4925-ac23-c5b0c80e2ddc" CHANGEID="112063716" HOUSENUM="27А" HOUSETYPE="2" OPERTYPEID="20" PREVID="45473230" NEXTID="129180127" UPDATEDATE="2025-09-30" STARTDATE="2016-03-04" ENDDATE="2025-09-30" ISACTUAL="0" ISACTIVE="0" /><HOUSE ID="57269949" OBJECTID="65807882" OBJECTGUID="5321509e-37a5-4ad7-8c30-5d67fa773ce1" CHANGEID="98148358" HOUSENUM="25" HOUSETYPE="2" OPERTYPEID="20" PREVID="39617532" NEXTID="129175147" UPDATEDATE="2025-09-29" STARTDATE="2016-03-04" ENDDATE="2025-09-29" ISACTUAL="0" ISACTIVE="0" /><HOUSE ID="57443227" OBJECTID="33952101" OBJECTGUID="5596f072-1fab-4706-998f-8d11438c029e" CHANGEID="51713006" HOUSENUM="54" HOUSETYPE="2" OPERTYPEID="20" PREVID="20178856" NEXTID="129185702" UPDATEDATE="2025-10-01" STARTDATE="2016-03-04" ENDDATE="2025-10-01" ISACTUAL="0" ISACTIVE="0" /><HOUSE ID="57924683" OBJECTID="21949012" OBJECTGUID="5c6375e6-54c2-46ae-ba27-b257d3c3801c" CHANGEID="34252397" HOUSENUM="30" HOUSETYPE="2" OPERTYPEID="20" PREVID="12925407" NEXTID="129175081" UPDATEDATE="2025-09-29" STARTDATE="2016-03-04" ENDDATE="2025-09-29" ISACTUAL="0" ISACTIVE="0" /><HOUSE ID="57929957" OBJECTID="70317891" OBJECTGUID="5c757805-1b93-46f5-aaa6-643376b5e794" CHANGEID="104781227" HOUSENUM="43/50" HOUSETYPE="2" OPERTYPEID="20" PREVID="42417383" NEXTID="129172310" UPDATEDATE="2025-09-29" STARTDATE="2016-03-04" ENDDATE="2025-09-29" ISACTUAL="0" ISACTIVE="0" /><HOUSE ID="57949931" OBJECTID="1979071" OBJECTGUID="5cbe9d69-9043-4e9e-b2cd-22bd47bea450" CHANGEID="4818617" HOUSENUM="11" HOUSETYPE="2" OPERTYPEID="20" PREVID="321555" NEXTID="129182756" UPDATEDATE="2025-09-30" STARTDATE="2014-01-10" ENDDATE="2025-09-30" ISACTUAL="0" ISACTIVE="0" /><HOUSE ID="58481503" OBJECTID="58145567" OBJECTGUID="643a14cf-5eb8-4a53-b7d2-c904b152ea34" CHANGEID="86912968" HOUSENUM="15" HOUSETYPE="2" OPERTYPEID="20" PREVID="34816918" NEXTID="129190111" UPDATEDATE="2025-10-01" STARTDATE="2015-08-10" ENDDATE="2025-10-01" ISACTUAL="0" ISACTIVE="0" /><HOUSE ID="58888149" OBJECTID="61886834" OBJECTGUID="69f9695b-cba7-4f8f-9b44-3d9853b81dc1" CHANGEID="92412589" HOUSENUM="6" HOUSETYPE="2" OPERTYPEID="20" PREVID="37178687" NEXTID="129175197" UPDATEDATE="2025-09-29" STARTDATE="2015-11-06" ENDDATE="2025-09-29" ISACTUAL="0" ISACTIVE="0" /><HOUSE ID="59590855" OBJECTID="24644679" OBJECTGUID="73e31da1-4fbe-4462-a781-df7664bd7fcb" CHANGEID="38195833" HOUSENUM="34" HOUSETYPE="2" OPERTYPEID="20" PREVID="14572719" NEXTID="129174658" UPDATEDATE="2025-09-29" STARTDATE="2016-03-04" ENDDATE="2025-09-29" ISACTUAL="0" ISACTIVE="0" /><HOUSE ID="59712295" OBJECTID="56041424" OBJECTGUID="75997b9b-4188-4d6d-b872-ce138b80994c" CHANGEID="83826906" HOUSENUM="53" HOUSETYPE="2" OPERTYPEID="20" PREVID="33526969" NEXTID="129177411" UPDATEDATE="2025-09-30" STARTDATE="2015-11-06" ENDDATE="2025-09-30" ISACTUAL="0" ISACTIVE="0" /><HOUSE ID="59795415" OBJECTID="2002725" OBJECTGUID="76c5b5fb-ffa7-4682-aa32-e969268f197e" CHANGEID="4852616" HOUSENUM="25а" HOUSETYPE="2" OPERTYPEID="20" PREVID="334099" NEXTID="129182405" UPDATEDATE="2025-09-30" STARTDATE="2015-11-06" ENDDATE="2025-09-30" ISACTUAL="0" ISACTIVE="0" /><HOUSE ID="60007768" OBJECTID="11376293" OBJECTGUID="79c64361-c7d8-47af-a87b-e72bfc510800" CHANGEID="18525721" HOUSENUM="76" HOUSETYPE="2" OPERTYPEID="20" PREVID="6080021" NEXTID="129175016" UPDATEDATE="2025-09-29" STARTDATE="2016-03-04" ENDDATE="2025-09-29" ISACTUAL="0" ISACTIVE="0" /><HOUSE ID="60134271" OBJECTID="19671420" OBJECTGUID="7b8dfbbd-479b-4c7c-ac3d-f6edd15172b4" CHANGEID="30851388" HOUSENUM="50" HOUSETYPE="2" OPERTYPEID="20" PREVID="11429970" NEXTID="129185721" UPDATEDATE="2025-10-01" STARTDATE="2016-03-04" ENDDATE="2025-10-01" ISACTUAL="0" ISACTIVE="0" /><HOUSE ID="60277349" OBJECTID="33926103" OBJECTGUID="7d962bcb-a74e-4453-b663-6cee6a68f993" CHANGEID="51674329" HOUSENUM="71" HOUSETYPE="2" OPERTYPEID="20" PREVID="20161675" NEXTID="129185701" UPDATEDATE="2025-10-01" STARTDATE="2016-03-04" ENDDATE="2025-10-01" ISACTUAL="0" ISACTIVE="0" /><HOUSE ID="72552141" OBJECTID="33323269" OBJECTGUID="02306e6c-9aa3-4d1a-bf11-3a4585fa3a43" CHANGEID="287926172" HOUSENUM="31" HOUSETYPE="2" OPERTYPEID="20" PREVID="51536046" NEXTID="129167928" UPDATEDATE="2025-09-29" STARTDATE="2022-08-11" ENDDATE="2025-09-29" ISACTUAL="0" ISACTIVE="0" /><HOUSE ID="72561745" OBJECTID="38047051" OBJECTGUID="45551d0f-cbb5-4f3e-8924-daede4e6fb49" CHANGEID="288176987" HOUSENUM="1" HOUSETYPE="2" OPERTYPEID="20" PREVID="56292195" NEXTID="129168048" UPDATEDATE="2025-09-29" STARTDATE="2022-08-17" ENDDATE="2025-09-29" ISACTUAL="0" ISACTIVE="0" /><HOUSE ID="72565785" OBJECTID="17016055" OBJECTGUID="3ef016fb-6e38-4b77-83a8-8a6b1f4131f0" CHANGEID="288214177" HOUSENUM="43" HOUSETYPE="2" OPERTYPEID="20" PREVID="55839000" NEXTID="129170226" UPDATEDATE="2025-09-29" STARTDATE="2022-08-19" ENDDATE="2025-09-29" ISACTUAL="0" ISACTIVE="0" /><HOUSE ID="72577484" OBJECTID="7449883" OBJECTGUID="a91774c4-a893-41d8-8f9d-3d64b92a6381" CHANGEID="288399048" HOUSENUM="3" HOUSETYPE="2" OPERTYPEID="20" PREVID="63360051" NEXTID="129170178" UPDATEDATE="2025-09-29" STARTDATE="2022-08-25" ENDDATE="2025-09-29" ISACTUAL="0" ISACTIVE="0" /><HOUSE ID="62537458" OBJECTID="35066046" OBJECTGUID="9d77d233-a671-471f-ad39-84fbdb0e7b62" CHANGEID="53323059" HOUSENUM="23" HOUSETYPE="2" OPERTYPEID="20" PREVID="20848421" NEXTID="129182714" UPDATEDATE="2025-09-30" STARTDATE="2014-01-10" ENDDATE="2025-09-30" ISACTUAL="0" ISACTIVE="0" /><HOUSE ID="62676811" OBJECTID="49339870" OBJECTGUID="9f6d0e51-f098-465d-a4e6-89e25446b71f" CHANGEID="74116263" HOUSENUM="36" HOUSETYPE="2" OPERTYPEID="20" PREVID="29511697" NEXTID="129182341" UPDATEDATE="2025-09-30" STARTDATE="2015-11-06" ENDDATE="2025-09-30" ISACTUAL="0" ISACTIVE="0" /><HOUSE ID="63007348" OBJECTID="75297728" OBJECTGUID="a4170faa-ea53-4046-8ef7-6ee9c31f3db9" CHANGEID="112025737" HOUSENUM="4" HOUSETYPE="2" OPERTYPEID="20" PREVID="45458691" NEXTID="129180154" UPDATEDATE="2025-09-30" STARTDATE="2016-03-04" ENDDATE="2025-09-30" ISACTUAL="0" ISACTIVE="0" /><HOUSE ID="64536797" OBJECTID="56022469" OBJECTGUID="b9b2023d-ecff-433c-97ba-9825d23be5c0" CHANGEID="83803533" HOUSENUM="2" HOUSETYPE="2" OPERTYPEID="20" PREVID="33517444" NEXTID="129177407" UPDATEDATE="2025-09-30" STARTDATE="2015-11-06" ENDDATE="2025-09-30" ISACTUAL="0" ISACTIVE="0" /><HOUSE ID="65175129" OBJECTID="68889703" OBJECTGUID="c2b6aa62-2599-4516-af41-bac26a83974b" CHANGEID="102687213" HOUSENUM="35" HOUSETYPE="2" OPERTYPEID="20" PREVID="41537480" NEXTID="129173426" UPDATEDATE="2025-09-29" STARTDATE="2017-12-30" ENDDATE="2025-09-29" ISACTUAL="0" ISACTIVE="0" /><HOUSE ID="65185830" OBJECTID="45369851" OBJECTGUID="c2db6e22-db2a-4de9-9aa3-4ad55beb9d8d" CHANGEID="68342777" HOUSENUM="43" HOUSETYPE="2" OPERTYPEID="20" PREVID="27096764" NEXTID="129185725" UPDATEDATE="2025-10-01" STARTDATE="2016-03-04" ENDDATE="2025-10-01" ISACTUAL="0" ISACTIVE="0" /><HOUSE ID="65223639" OBJECTID="48214977" OBJECTGUID="c367df47-431b-4667-84fb-7c9b60402f92" CHANGEID="72462899" HOUSENUM="22" HOUSETYPE="2" OPERTYPEID="20" PREVID="28811695" NEXTID="129173025" UPDATEDATE="2025-09-29" STARTDATE="2016-03-04" ENDDATE="2025-09-29" ISACTUAL="0" ISACTIVE="0" /><HOUSE ID="65599100" OBJECTID="2179128" OBJECTGUID="c8ad02aa-7ccf-48ac-851b-2f41ac2fe4a6" CHANGEID="5112328" HOUSENUM="24" HOUSETYPE="2" OPERTYPEID="20" PREVID="444557" NEXTID="129173452" UPDATEDATE="2025-09-29" STARTDATE="2017-12-30" ENDDATE="2025-09-29" ISACTUAL="0" ISACTIVE="0" /><HOUSE ID="65661718" OBJECTID="49247652" OBJECTGUID="c9916557-fb34-4b5e-a89c-b43386b10eff" CHANGEID="73979356" HOUSENUM="18" HOUSETYPE="2" OPERTYPEID="20" PREVID="29453829" NEXTID="129179765" UPDATEDATE="2025-09-30" STARTDATE="2015-11-06" ENDDATE="2025-09-30" ISACTUAL="0" ISACTIVE="0" /><HOUSE ID="65692696" OBJECTID="51544375" OBJECTGUID="ca0188e3-aa52-48e8-8145-94a0dfc7db1b" CHANGEID="77267890" HOUSENUM="16А" HOUSETYPE="2" OPERTYPEID="20" PREVID="30797022" NEXTID="129175166" UPDATEDATE="2025-09-29" STARTDATE="2016-03-04" ENDDATE="2025-09-29" ISACTUAL="0" ISACTIVE="0" /><HOUSE ID="65879266" OBJECTID="19670574" OBJECTGUID="cca7e908-eded-4b65-927a-ca4747f55ff1" CHANGEID="30850091" HOUSENUM="45" HOUSETYPE="2" OPERTYPEID="20" PREVID="11429313" NEXTID="129185719" UPDATEDATE="2025-10-01" STARTDATE="2016-03-04" ENDDATE="2025-10-01" ISACTUAL="0" ISACTIVE="0" /><HOUSE ID="66180108" OBJECTID="21573803" OBJECTGUID="d0ebeb69-d386-471d-b189-f39fc1ca3920" CHANGEID="33691374" HOUSENUM="82" HOUSETYPE="2" OPERTYPEID="20" PREVID="12676154" NEXTID="129181400" UPDATEDATE="2025-09-30" STARTDATE="2016-03-04" ENDDATE="2025-09-30" ISACTUAL="0" ISACTIVE="0" /><HOUSE ID="66182057" OBJECTID="21634313" OBJECTGUID="d0f28608-7e78-4d1d-93a8-4215e010c167" CHANGEID="33783954" HOUSENUM="62" HOUSETYPE="2" OPERTYPEID="20" PREVID="12716441" NEXTID="129180236" UPDATEDATE="2025-09-30" STARTDATE="2016-03-04" ENDDATE="2025-09-30" ISACTUAL="0" ISACTIVE="0" /><HOUSE ID="66303808" OBJECTID="77303364" OBJECTGUID="d2a8e76a-dfcb-40a2-b85f-2e7105ff12a5" CHANGEID="114963383" HOUSENUM="20" HOUSETYPE="2" OPERTYPEID="20" PREVID="46711006" NEXTID="129177414" UPDATEDATE="2025-09-30" STARTDATE="2015-11-06" ENDDATE="2025-09-30" ISACTUAL="0" ISACTIVE="0" /><HOUSE ID="66598244" OBJECTID="36889275" OBJECTGUID="d6d11930-3d5e-4fde-919a-0e3d344c1d25" CHANGEID="55990215" HOUSENUM="1" HOUSETYPE="2" OPERTYPEID="20" PREVID="21985263" NEXTID="129177400" UPDATEDATE="2025-09-30" STARTDATE="2015-11-06" ENDDATE="2025-09-30" ISACTUAL="0" ISACTIVE="0" /><HOUSE ID="66734197" OBJECTID="80950614" OBJECTGUID="d8b9a888-920a-4f0c-ab56-0e203917f89d" CHANGEID="120307089" HOUSENUM="16" HOUSETYPE="2" OPERTYPEID="20" PREVID="48987018" NEXTID="129177277" UPDATEDATE="2025-09-30" STARTDATE="2016-03-04" ENDDATE="2025-09-30" ISACTUAL="0" ISACTIVE="0" /><HOUSE ID="66862492" OBJECTID="51507449" OBJECTGUID="da8a94bc-f268-49d1-bb43-240489cdb7b1" CHANGEID="77216191" HOUSENUM="22" HOUSETYPE="2" OPERTYPEID="20" PREVID="30774062" NEXTID="129175180" UPDATEDATE="2025-09-29" STARTDATE="2016-03-04" ENDDATE="2025-09-29" ISACTUAL="0" ISACTIVE="0" /><HOUSE ID="67093304" OBJECTID="25502373" OBJECTGUID="ddd22881-aa3c-4e78-a682-445312eeee0d" CHANGEID="39453726" HOUSENUM="55" HOUSETYPE="2" OPERTYPEID="20" PREVID="15105175" NEXTID="129185807" UPDATEDATE="2025-10-01" STARTDATE="2014-01-10" ENDDATE="2025-10-01" ISACTUAL="0" ISACTIVE="0" /><HOUSE ID="67345089" OBJECTID="63386192" OBJECTGUID="e15e54a4-e913-44f7-b134-9e66b18d263f" CHANGEID="94600893" HOUSENUM="9" HOUSETYPE="2" OPERTYPEID="20" PREVID="38115887" NEXTID="129190126" UPDATEDATE="2025-10-01" STARTDATE="2015-08-10" ENDDATE="2025-10-01" ISACTUAL="0" ISACTIVE="0" /><HOUSE ID="67545501" OBJECTID="6688130" OBJECTGUID="e435f9a3-7d68-4216-96af-81f6af34e77c" CHANGEID="11668386" HOUSENUM="14" HOUSETYPE="2" OPERTYPEID="20" PREVID="3180596" NEXTID="129166456" UPDATEDATE="2025-09-29" STARTDATE="2017-01-24" ENDDATE="2025-09-29" ISACTUAL="0" ISACTIVE="0" /><HOUSE ID="67628359" OBJECTID="11355720" OBJECTGUID="e55dc056-29ab-47c0-ad01-babc06822904" CHANGEID="18494456" HOUSENUM="36" HOUSETYPE="2" OPERTYPEID="20" PREVID="6066307" NEXTID="129174852" UPDATEDATE="2025-09-29" STARTDATE="2016-03-04" ENDDATE="2025-09-29" ISACTUAL="0" ISACTIVE="0" /><HOUSE ID="67757075" OBJECTID="51528152" OBJECTGUID="e7313739-8b22-467a-ac8a-546a4d5c0ff1" CHANGEID="77243745" HOUSENUM="50" HOUSETYPE="2" OPERTYPEID="20" PREVID="30786562" NEXTID="129175187" UPDATEDATE="2025-09-29" STARTDATE="2016-03-04" ENDDATE="2025-09-29" ISACTUAL="0" ISACTIVE="0" /><HOUSE ID="68411541" OBJECTID="77318500" OBJECTGUID="f0699d21-5192-4804-97ed-9f8aff429c31" CHANGEID="114984493" HOUSENUM="4" HOUSETYPE="2" OPERTYPEID="20" PREVID="46718229" NEXTID="129179247" UPDATEDATE="2025-09-30" STARTDATE="2015-11-06" ENDDATE="2025-09-30" ISACTUAL="0" ISACTIVE="0" /><HOUSE ID="68762529" OBJECTID="28574046" OBJECTGUID="f56582fd-02cc-404d-bd72-13003dd3973c" CHANGEID="43925266" HOUSENUM="16" HOUSETYPE="2" OPERTYPEID="20" PREVID="16948958" NEXTID="129183024" UPDATEDATE="2025-09-30" STARTDATE="2017-03-27" ENDDATE="2025-09-30" ISACTUAL="0" ISACTIVE="0" /><HOUSE ID="69044203" OBJECTID="10524462" OBJECTGUID="f95b0f81-21bf-4c70-a65b-ec888eda3e69" CHANGEID="17268994" HOUSENUM="33/36" HOUSETYPE="2" OPERTYPEID="20" PREVID="5533124" NEXTID="129180082" UPDATEDATE="2025-09-30" STARTDATE="2016-03-04" ENDDATE="2025-09-30" ISACTUAL="0" ISACTIVE="0" /><HOUSE ID="69197446" OBJECTID="33248992" OBJECTGUID="fb88254d-1946-4e92-ac97-ab8733b4a408" CHANGEID="50702182" HOUSENUM="14" HOUSETYPE="3" OPERTYPEID="20" PREVID="19775009" NEXTID="129173903" UPDATEDATE="2025-09-29" STARTDATE="2017-12-30" ENDDATE="2025-09-29" ISACTUAL="0" ISACTIVE="0" /><HOUSE ID="69483339" OBJECTID="74126576" OBJECTGUID="ff94c849-4a4a-4695-94ad-9ea813af33d4" CHANGEID="110330684" HOUSENUM="16" HOUSETYPE="2" OPERTYPEID="20" PREVID="44753759" NEXTID="129177286" UPDATEDATE="2025-09-30" STARTDATE="2015-11-06" ENDDATE="2025-09-30" ISACTUAL="0" ISACTIVE="0" /><HOUSE ID="1708757" OBJECTID="4335796" OBJECTGUID="676c2a95-eb64-4248-b79a-4455e48bc767" CHANGEID="8210042" HOUSENUM="9" HOUSETYPE="2" OPERTYPEID="10" PREVID="0" NEXTID="129190171" UPDATEDATE="2025-10-01" STARTDATE="2015-11-03" ENDDATE="2025-10-01" ISACTUAL="0" ISACTIVE="0" /><HOUSE ID="63624781" OBJECTID="1693108" OBJECTGUID="acd4819e-7fc0-424b-9cd2-c07ac86f3c0a" CHANGEID="4416728" HOUSENUM="32" HOUSETYPE="2" OPERTYPEID="20" PREVID="164701" NEXTID="129185707" UPDATEDATE="2025-10-01" STARTDATE="2016-03-04" ENDDATE="2025-10-01" ISACTUAL="0" ISACTIVE="0" /><HOUSE ID="23792893" OBJECTID="39793357" OBJECTGUID="b7e896fa-5313-44be-a082-628eb2fb5a98" CHANGEID="60264868" HOUSENUM="18" HOUSETYPE="2" OPERTYPEID="10" PREVID="0" NEXTID="129190166" UPDATEDATE="2025-10-01" STARTDATE="2015-10-31" ENDDATE="2025-10-01" ISACTUAL="0" ISACTIVE="0" /><HOUSE ID="34246619" OBJECTID="57213458" OBJECTGUID="23e1f124-f8ee-476e-a25e-34f7f08a8a39" CHANGEID="85548486" HOUSENUM="12а" HOUSETYPE="2" OPERTYPEID="10" PREVID="0" NEXTID="129183358" UPDATEDATE="2025-09-30" STARTDATE="2018-04-03" ENDDATE="2025-09-30" ISACTUAL="0" ISACTIVE="0" /><HOUSE ID="56048349" OBJECTID="77323796" OBJECTGUID="41e87649-7ea5-4554-985b-9dbd9bbfcc5e" CHANGEID="114990905" HOUSENUM="41" HOUSETYPE="2" OPERTYPEID="20" PREVID="46721369" NEXTID="129183266" UPDATEDATE="2025-09-30" STARTDATE="2015-11-06" ENDDATE="2025-09-30" ISACTUAL="0" ISACTIVE="0" /><HOUSE ID="53906412" OBJECTID="65489984" OBJECTGUID="23a8c9b8-b10f-4e0a-9c8e-ae87fb5b7d2e" CHANGEID="97688263" HOUSENUM="3" HOUSETYPE="2" OPERTYPEID="20" PREVID="39432271" NEXTID="129167900" UPDATEDATE="2025-09-29" STARTDATE="2017-12-30" ENDDATE="2025-09-29" ISACTUAL="0" ISACTIVE="0" /><HOUSE ID="54041148" OBJECTID="77325408" OBJECTGUID="258e0017-c07d-40d1-9167-b7c93b96b514" CHANGEID="114993798" HOUSENUM="1" HOUSETYPE="2" OPERTYPEID="20" PREVID="46722850" NEXTID="129179497" UPDATEDATE="2025-09-30" STARTDATE="2015-11-06" ENDDATE="2025-09-30" ISACTUAL="0" ISACTIVE="0" /><HOUSE ID="54092191" OBJECTID="12302882" OBJECTGUID="26498ac1-6a2f-4b8f-a5a2-bd6411f2ef11" CHANGEID="19883526" HOUSENUM="10" HOUSETYPE="2" OPERTYPEID="20" PREVID="6635107" NEXTID="129172151" UPDATEDATE="2025-09-29" STARTDATE="2016-03-04" ENDDATE="2025-09-29" ISACTUAL="0" ISACTIVE="0" /><HOUSE ID="54279499" OBJECTID="83491432" OBJECTGUID="28ec7073-b4ac-494e-b008-8f5c6ef08b2b" CHANGEID="124024511" HOUSENUM="133" HOUSETYPE="2" OPERTYPEID="20" PREVID="50537527" NEXTID="129185733" UPDATEDATE="2025-10-01" STARTDATE="2015-11-05" ENDDATE="2025-10-01" ISACTUAL="0" ISACTIVE="0" /><HOUSE ID="129166456" OBJECTID="6688130" OBJECTGUID="e435f9a3-7d68-4216-96af-81f6af34e77c" CHANGEID="689640826" HOUSENUM="14" HOUSETYPE="2" OPERTYPEID="30" PREVID="67545501" NEXTID="0" UPDATEDATE="2025-09-29" STARTDATE="2025-09-29" ENDDATE="2079-06-06" ISACTUAL="1" ISACTIVE="0" /><HOUSE ID="129167898" OBJECTID="174921972" OBJECTGUID="298ce61c-620b-4f38-8459-633684bc0358" CHANGEID="689649330" HOUSENUM="3/2" HOUSETYPE="2" OPERTYPEID="54" PREVID="111797014" NEXTID="0" UPDATEDATE="2025-09-29" STARTDATE="2025-09-29" ENDDATE="2079-06-06" ISACTUAL="1" ISACTIVE="1" /><HOUSE ID="129167899" OBJECTID="174921973" OBJECTGUID="e3db004a-70a9-494c-8d2b-ca82d4870dd7" CHANGEID="689649332" HOUSENUM="3/1" HOUSETYPE="2" OPERTYPEID="54" PREVID="111797015" NEXTID="0" UPDATEDATE="2025-09-29" STARTDATE="2025-09-29" ENDDATE="2079-06-06" ISACTUAL="1" ISACTIVE="1" /><HOUSE ID="129167900" OBJECTID="65489984" OBJECTGUID="23a8c9b8-b10f-4e0a-9c8e-ae87fb5b7d2e" CHANGEID="689649333" HOUSENUM="3" HOUSETYPE="2" OPERTYPEID="55" PREVID="53906412" UPDATEDATE="2025-09-29" STARTDATE="2025-09-29" ENDDATE="2079-06-06" ISACTUAL="1" ISACTIVE="0" /><HOUSE ID="129167904" OBJECTID="33252693" OBJECTGUID="ad9f1e23-d4ad-4a32-995a-a856dc2d956e" CHANGEID="689649356" HOUSENUM="4" HOUSETYPE="2" OPERTYPEID="30" PREVID="72551932" NEXTID="0" UPDATEDATE="2025-09-29" STARTDATE="2025-09-29" ENDDATE="2079-06-06" ISACTUAL="1" ISACTIVE="0" /><HOUSE ID="72551932" OBJECTID="33252693" OBJECTGUID="ad9f1e23-d4ad-4a32-995a-a856dc2d956e" CHANGEID="287924468" HOUSENUM="4" HOUSETYPE="2" OPERTYPEID="20" PREVID="63681078" NEXTID="129167904" UPDATEDATE="2025-09-29" STARTDATE="2022-08-11" ENDDATE="2025-09-29" ISACTUAL="0" ISACTIVE="0" /><HOUSE ID="129167913" OBJECTID="33298098" OBJECTGUID="452340cb-553c-47f1-8875-014dd2b9ed08" CHANGEID="689649417" HOUSENUM="5" HOUSETYPE="2" OPERTYPEID="30" PREVID="72551933" NEXTID="0" UPDATEDATE="2025-09-29" STARTDATE="2025-09-29" ENDDATE="2079-06-06" ISACTUAL="1" ISACTIVE="0" /><HOUSE ID="72551933" OBJECTID="33298098" OBJECTGUID="452340cb-553c-47f1-8875-014dd2b9ed08" CHANGEID="287924469" HOUSENUM="5" HOUSETYPE="2" OPERTYPEID="20" PREVID="56277952" NEXTID="129167913" UPDATEDATE="2025-09-29" STARTDATE="2022-08-11" ENDDATE="2025-09-29" ISACTUAL="0" ISACTIVE="0" /><HOUSE ID="129167936" OBJECTID="33236802" OBJECTGUID="08745339-fb3b-44ea-8335-8240fcd5a653" CHANGEID="689649539" HOUSENUM="57" HOUSETYPE="2" OPERTYPEID="30" PREVID="72552180" NEXTID="0" UPDATEDATE="2025-09-29" STARTDATE="2025-09-29" ENDDATE="2079-06-06" ISACTUAL="1" ISACTIVE="0" /><HOUSE ID="72552180" OBJECTID="33236802" OBJECTGUID="08745339-fb3b-44ea-8335-8240fcd5a653" CHANGEID="287926374" HOUSENUM="57" HOUSETYPE="2" OPERTYPEID="20" PREVID="51980811" NEXTID="129167936" UPDATEDATE="2025-09-29" STARTDATE="2022-08-11" ENDDATE="2025-09-29" ISACTUAL="0" ISACTIVE="0" /><HOUSE ID="129167928" OBJECTID="33323269" OBJECTGUID="02306e6c-9aa3-4d1a-bf11-3a4585fa3a43" CHANGEID="689649480" HOUSENUM="31" HOUSETYPE="2" OPERTYPEID="30" PREVID="72552141" NEXTID="0" UPDATEDATE="2025-09-29" STARTDATE="2025-09-29" ENDDATE="2079-06-06" ISACTUAL="1" ISACTIVE="0" /><HOUSE ID="129168048" OBJECTID="38047051" OBJECTGUID="45551d0f-cbb5-4f3e-8924-daede4e6fb49" CHANGEID="689649841" HOUSENUM="1" HOUSETYPE="2" OPERTYPEID="30" PREVID="72561745" NEXTID="0" UPDATEDATE="2025-09-29" STARTDATE="2025-09-29" ENDDATE="2079-06-06" ISACTUAL="1" ISACTIVE="0" /><HOUSE ID="129170022" OBJECTID="77268864" OBJECTGUID="1459fde6-d8d2-433e-a4be-894fc10fddd3" CHANGEID="689664322" HOUSENUM="11" HOUSETYPE="2" OPERTYPEID="30" PREVID="72543974" NEXTID="0" UPDATEDATE="2025-09-29" STARTDATE="2025-09-29" ENDDATE="2079-06-06" ISACTUAL="1" ISACTIVE="0" /><HOUSE ID="72543974" OBJECTID="77268864" OBJECTGUID="1459fde6-d8d2-433e-a4be-894fc10fddd3" CHANGEID="287863750" HOUSENUM="11" HOUSETYPE="2" OPERTYPEID="20" PREVID="52822251" NEXTID="129170022" UPDATEDATE="2025-09-29" STARTDATE="2022-08-08" ENDDATE="2025-09-29" ISACTUAL="0" ISACTIVE="0" /><HOUSE ID="129170027" OBJECTID="174928458" OBJECTGUID="178a39d7-e95d-4237-9fad-320b4a17ebdd" CHANGEID="689664345" HOUSENUM="1" HOUSETYPE="7" OPERTYPEID="10" PREVID="0" NEXTID="0" UPDATEDATE="2025-09-29" STARTDATE="2025-09-29" ENDDATE="2079-06-06" ISACTUAL="1" ISACTIVE="1" /><HOUSE ID="129170038" OBJECTID="77272875" OBJECTGUID="b0fd0f09-1b88-495e-b745-e9ab22496009" CHANGEID="689664422" HOUSENUM="6" HOUSETYPE="2" OPERTYPEID="30" PREVID="72546529" NEXTID="0" UPDATEDATE="2025-09-29" STARTDATE="2025-09-29" ENDDATE="2079-06-06" ISACTUAL="1" ISACTIVE="0" /><HOUSE ID="72546529" OBJECTID="77272875" OBJECTGUID="b0fd0f09-1b88-495e-b745-e9ab22496009" CHANGEID="287878625" HOUSENUM="6" HOUSETYPE="2" OPERTYPEID="20" PREVID="63918992" NEXTID="129170038" UPDATEDATE="2025-09-29" STARTDATE="2022-08-09" ENDDATE="2025-09-29" ISACTUAL="0" ISACTIVE="0" /><HOUSE ID="129170073" OBJECTID="74646118" OBJECTGUID="79defe22-dabb-453a-8fd5-c1c7a416e9b8" CHANGEID="689665348" HOUSENUM="5" HOUSETYPE="2" OPERTYPEID="30" PREVID="72576122" NEXTID="0" UPDATEDATE="2025-09-29" STARTDATE="2025-09-29" ENDDATE="2079-06-06" ISACTUAL="1" ISACTIVE="0" /><HOUSE ID="72576122" OBJECTID="74646118" OBJECTGUID="79defe22-dabb-453a-8fd5-c1c7a416e9b8" CHANGEID="288388670" HOUSENUM="5" HOUSETYPE="2" OPERTYPEID="20" PREVID="60015075" NEXTID="129170073" UPDATEDATE="2025-09-29" STARTDATE="2022-08-24" ENDDATE="2025-09-29" ISACTUAL="0" ISACTIVE="0" /><HOUSE ID="129170090" OBJECTID="17151420" OBJECTGUID="2f3d187a-ca0e-45cd-8342-cbff7052304a" CHANGEID="689665861" HOUSENUM="1" HOUSETYPE="2" OPERTYPEID="30" PREVID="72550485" NEXTID="0" UPDATEDATE="2025-09-29" STARTDATE="2025-09-29" ENDDATE="2079-06-06" ISACTUAL="1" ISACTIVE="0" /><HOUSE ID="72550485" OBJECTID="17151420" OBJECTGUID="2f3d187a-ca0e-45cd-8342-cbff7052304a" CHANGEID="287914366" HOUSENUM="1" HOUSETYPE="2" OPERTYPEID="20" PREVID="54727510" NEXTID="129170090" UPDATEDATE="2025-09-29" STARTDATE="2022-08-11" ENDDATE="2025-09-29" ISACTUAL="0" ISACTIVE="0" /><HOUSE ID="129170178" OBJECTID="7449883" OBJECTGUID="a91774c4-a893-41d8-8f9d-3d64b92a6381" CHANGEID="689666101" HOUSENUM="3" HOUSETYPE="2" OPERTYPEID="30" PREVID="72577484" NEXTID="0" UPDATEDATE="2025-09-29" STARTDATE="2025-09-29" ENDDATE="2079-06-06" ISACTUAL="1" ISACTIVE="0" /><HOUSE ID="129170226" OBJECTID="17016055" OBJECTGUID="3ef016fb-6e38-4b77-83a8-8a6b1f4131f0" CHANGEID="689666432" HOUSENUM="43" HOUSETYPE="2" OPERTYPEID="30" PREVID="72565785" NEXTID="0" UPDATEDATE="2025-09-29" STARTDATE="2025-09-29" ENDDATE="2079-06-06" ISACTUAL="1" ISACTIVE="0" /><HOUSE ID="129170354" OBJECTID="174929339" OBJECTGUID="24da3fa8-7502-4c11-8795-72c6407d4f3e" CHANGEID="689667362" HOUSENUM="7" HOUSETYPE="4" OPERTYPEID="10" PREVID="0" NEXTID="0" UPDATEDATE="2025-09-29" STARTDATE="2025-09-29" ENDDATE="2079-06-06" ISACTUAL="1" ISACTIVE="1" /><HOUSE ID="129170620" OBJECTID="174930092" OBJECTGUID="44b64f6a-6cc0-4654-a86a-b6508a9552a9" CHANGEID="689668761" HOUSENUM="2/2" HOUSETYPE="2" OPERTYPEID="54" PREVID="111800518" NEXTID="0" UPDATEDATE="2025-09-29" STARTDATE="2025-09-29" ENDDATE="2079-06-06" ISACTUAL="1" ISACTIVE="1" /><HOUSE ID="129170621" OBJECTID="174930093" OBJECTGUID="5cbbaeb1-55d7-4aec-a646-710b598a0258" CHANGEID="689668763" HOUSENUM="2/1" HOUSETYPE="2" OPERTYPEID="54" PREVID="111800519" NEXTID="0" UPDATEDATE="2025-09-29" STARTDATE="2025-09-29" ENDDATE="2079-06-06" ISACTUAL="1" ISACTIVE="1" /><HOUSE ID="129170622" OBJECTID="65487457" OBJECTGUID="fbf6bf28-858b-4d89-b306-8634c3767caf" CHANGEID="689668764" HOUSENUM="2" HOUSETYPE="2" OPERTYPEID="55" PREVID="69228361" UPDATEDATE="2025-09-29" STARTDATE="2025-09-29" ENDDATE="2079-06-06" ISACTUAL="1" ISACTIVE="0" /><HOUSE ID="69228361" OBJECTID="65487457" OBJECTGUID="fbf6bf28-858b-4d89-b306-8634c3767caf" CHANGEID="97685440" HOUSENUM="2" HOUSETYPE="2" OPERTYPEID="20" PREVID="39430927" NEXTID="129170622" UPDATEDATE="2025-09-29" STARTDATE="2017-12-30" ENDDATE="2025-09-29" ISACTUAL="0" ISACTIVE="0" /><HOUSE ID="129170660" OBJECTID="174930192" OBJECTGUID="987125f7-2b04-4416-b804-f979f524647f" CHANGEID="689668957" HOUSENUM="1" HOUSETYPE="7" OPERTYPEID="10" PREVID="0" NEXTID="0" UPDATEDATE="2025-09-29" STARTDATE="2025-09-29" ENDDATE="2079-06-06" ISACTUAL="1" ISACTIVE="1" /><HOUSE ID="129170661" OBJECTID="174930193" OBJECTGUID="6564da63-1452-4e0e-8fe1-00430580be18" CHANGEID="689668958" HOUSENUM="2" HOUSETYPE="7" OPERTYPEID="10" PREVID="0" NEXTID="0" UPDATEDATE="2025-09-29" STARTDATE="2025-09-29" ENDDATE="2079-06-06" ISACTUAL="1" ISACTIVE="1" /><HOUSE ID="129170809" OBJECTID="44449481" OBJECTGUID="f4ed4506-9783-496e-acc2-20bf4d001fb5" CHANGEID="689670273" HOUSENUM="14" HOUSETYPE="2" OPERTYPEID="30" PREVID="26544454" NEXTID="0" UPDATEDATE="2025-09-29" STARTDATE="2025-09-29" ENDDATE="2079-06-06" ISACTUAL="1" ISACTIVE="0" /><HOUSE ID="26544454" OBJECTID="44449481" OBJECTGUID="f4ed4506-9783-496e-acc2-20bf4d001fb5" CHANGEID="67009781" HOUSENUM="14" HOUSETYPE="2" OPERTYPEID="10" PREVID="0" NEXTID="129170809" UPDATEDATE="2025-09-29" STARTDATE="2019-04-18" ENDDATE="2025-09-29" ISACTUAL="0" ISACTIVE="0" /><HOUSE ID="129171164" OBJECTID="174932368" OBJECTGUID="9e534901-aedc-4e00-af63-43b6390c8458" CHANGEID="689673129" HOUSENUM="19/51" ADDNUM1="1" HOUSETYPE="2" ADDTYPE1="1" OPERTYPEID="10" PREVID="0" NEXTID="0" UPDATEDATE="2025-09-29" STARTDATE="2025-09-29" ENDDATE="2079-06-06" ISACTUAL="1" ISACTIVE="1" /><HOUSE ID="129171165" OBJECTID="174932369" OBJECTGUID="66a8333f-cdef-4fa2-a804-fd38813975c4" CHANGEID="689673130" HOUSENUM="19/51" HOUSETYPE="2" OPERTYPEID="10" PREVID="0" NEXTID="0" UPDATEDATE="2025-09-29" STARTDATE="2025-09-29" ENDDATE="2079-06-06" ISACTUAL="1" ISACTIVE="1" /><HOUSE ID="129171180" OBJECTID="174932399" OBJECTGUID="36249e2c-7fdd-4587-a830-c0cf35a1f495" CHANGEID="689673179" HOUSENUM="61" HOUSETYPE="2" OPERTYPEID="10" PREVID="0" NEXTID="0" UPDATEDATE="2025-09-29" STARTDATE="2025-09-29" ENDDATE="2079-06-06" ISACTUAL="1" ISACTIVE="1" /><HOUSE ID="129172146" OBJECTID="174935058" OBJECTGUID="afaa393b-8f56-4be2-b4d5-1cc080d47090" CHANGEID="689678900" HOUSENUM="16" HOUSETYPE="2" OPERTYPEID="10" PREVID="0" NEXTID="0" UPDATEDATE="2025-09-29" STARTDATE="2025-09-29" ENDDATE="2079-06-06" ISACTUAL="1" ISACTIVE="1" /><HOUSE ID="129172150" OBJECTID="26307195" OBJECTGUID="2af6190c-333b-44b1-9b3e-2bcdeb3d908c" CHANGEID="689678908" HOUSENUM="18" HOUSETYPE="2" OPERTYPEID="30" PREVID="54424310" NEXTID="0" UPDATEDATE="2025-09-29" STARTDATE="2025-09-29" ENDDATE="2079-06-06" ISACTUAL="1" ISACTIVE="0" /><HOUSE ID="54424310" OBJECTID="26307195" OBJECTGUID="2af6190c-333b-44b1-9b3e-2bcdeb3d908c" CHANGEID="40631704" HOUSENUM="18" HOUSETYPE="2" OPERTYPEID="20" PREVID="15601885" NEXTID="129172150" UPDATEDATE="2025-09-29" STARTDATE="2016-03-04" ENDDATE="2025-09-29" ISACTUAL="0" ISACTIVE="0" /><HOUSE ID="129172144" OBJECTID="174935056" OBJECTGUID="2522c6a3-569a-4e74-aa36-59021071db96" CHANGEID="689678897" HOUSENUM="86/4" HOUSETYPE="2" OPERTYPEID="10" PREVID="0" NEXTID="0" UPDATEDATE="2025-09-29" STARTDATE="2025-09-29" ENDDATE="2079-06-06" ISACTUAL="1" ISACTIVE="1" /><HOUSE ID="129172147" OBJECTID="70869704" OBJECTGUID="852f3978-d164-4162-9008-4aa8691da516" CHANGEID="689678903" HOUSENUM="18" HOUSETYPE="2" OPERTYPEID="30" PREVID="60815313" NEXTID="0" UPDATEDATE="2025-09-29" STARTDATE="2025-09-29" ENDDATE="2079-06-06" ISACTUAL="1" ISACTIVE="0" /><HOUSE ID="60815313" OBJECTID="70869704" OBJECTGUID="852f3978-d164-4162-9008-4aa8691da516" CHANGEID="105582908" HOUSENUM="18" HOUSETYPE="2" OPERTYPEID="20" PREVID="42744727" NEXTID="129172147" UPDATEDATE="2025-09-29" STARTDATE="2016-03-04" ENDDATE="2025-09-29" ISACTUAL="0" ISACTIVE="0" /><HOUSE ID="129172151" OBJECTID="12302882" OBJECTGUID="26498ac1-6a2f-4b8f-a5a2-bd6411f2ef11" CHANGEID="689678911" HOUSENUM="10" HOUSETYPE="2" OPERTYPEID="30" PREVID="54092191" NEXTID="0" UPDATEDATE="2025-09-29" STARTDATE="2025-09-29" ENDDATE="2079-06-06" ISACTUAL="1" ISACTIVE="0" /><HOUSE ID="129172310" OBJECTID="70317891" OBJECTGUID="5c757805-1b93-46f5-aaa6-643376b5e794" CHANGEID="689679381" HOUSENUM="43/50" HOUSETYPE="2" OPERTYPEID="30" PREVID="57929957" NEXTID="0" UPDATEDATE="2025-09-29" STARTDATE="2025-09-29" ENDDATE="2079-06-06" ISACTUAL="1" ISACTIVE="0" /><HOUSE ID="129172352" OBJECTID="174935389" OBJECTGUID="9a1c4020-c9c7-43b3-a350-610b255f9026" CHANGEID="689679521" HOUSENUM="13А" HOUSETYPE="2" OPERTYPEID="10" PREVID="0" NEXTID="0" UPDATEDATE="2025-09-29" STARTDATE="2025-09-29" ENDDATE="2079-06-06" ISACTUAL="1" ISACTIVE="1" /><HOUSE ID="129173025" OBJECTID="48214977" OBJECTGUID="c367df47-431b-4667-84fb-7c9b60402f92" CHANGEID="689683690" HOUSENUM="22" HOUSETYPE="2" OPERTYPEID="60" PREVID="65223639" UPDATEDATE="2025-09-29" STARTDATE="2025-09-29" ENDDATE="2079-06-06" ISACTUAL="1" ISACTIVE="0" /><HOUSE ID="129173026" OBJECTID="174937742" OBJECTGUID="5a17de4f-8191-4a57-a505-3cd4fbcfabfb" CHANGEID="689683691" HOUSENUM="22А" HOUSETYPE="2" OPERTYPEID="61" PREVID="129173025" NEXTID="0" UPDATEDATE="2025-09-29" STARTDATE="2025-09-29" ENDDATE="2079-06-06" ISACTUAL="1" ISACTIVE="1" /><HOUSE ID="129173027" OBJECTID="174937743" OBJECTGUID="b2344cc1-c027-4b4a-b144-dde5fa7ead81" CHANGEID="689683692" HOUSENUM="22" HOUSETYPE="2" OPERTYPEID="61" PREVID="129173025" NEXTID="0" UPDATEDATE="2025-09-29" STARTDATE="2025-09-29" ENDDATE="2079-06-06" ISACTUAL="1" ISACTIVE="1" /><HOUSE ID="129173048" OBJECTID="66137577" OBJECTGUID="3ad952ae-09e6-4d19-bd6d-e3a1363ca666" CHANGEID="689683883" HOUSENUM="27" HOUSETYPE="2" OPERTYPEID="60" PREVID="55550282" UPDATEDATE="2025-09-29" STARTDATE="2025-09-29" ENDDATE="2079-06-06" ISACTUAL="1" ISACTIVE="0" /><HOUSE ID="55550282" OBJECTID="66137577" OBJECTGUID="3ad952ae-09e6-4d19-bd6d-e3a1363ca666" CHANGEID="98640587" HOUSENUM="27" HOUSETYPE="2" OPERTYPEID="20" PREVID="39823399" NEXTID="129173048" UPDATEDATE="2025-09-29" STARTDATE="2016-03-04" ENDDATE="2025-09-29" ISACTUAL="0" ISACTIVE="0" /><HOUSE ID="129173049" OBJECTID="174937806" OBJECTGUID="77c7db6d-3480-4a7f-bff7-fcd0a451b5ed" CHANGEID="689683884" HOUSENUM="27А" HOUSETYPE="2" OPERTYPEID="61" PREVID="129173048" NEXTID="0" UPDATEDATE="2025-09-29" STARTDATE="2025-09-29" ENDDATE="2079-06-06" ISACTUAL="1" ISACTIVE="1" /><HOUSE ID="129173050" OBJECTID="174937807" OBJECTGUID="df0e2bf1-f7c5-4189-98c7-8a4fa6af17bb" CHANGEID="689683885" HOUSENUM="27" HOUSETYPE="2" OPERTYPEID="61" PREVID="129173048" NEXTID="0" UPDATEDATE="2025-09-29" STARTDATE="2025-09-29" ENDDATE="2079-06-06" ISACTUAL="1" ISACTIVE="1" /><HOUSE ID="129173299" OBJECTID="174938359" OBJECTGUID="b44164d2-204a-41f9-bf34-f724b6485205" CHANGEID="689686683" HOUSENUM="33б/2" HOUSETYPE="2" OPERTYPEID="54" PREVID="111803426" NEXTID="0" UPDATEDATE="2025-09-29" STARTDATE="2025-09-29" ENDDATE="2079-06-06" ISACTUAL="1" ISACTIVE="1" /><HOUSE ID="129173372" OBJECTID="15279287" OBJECTGUID="24669e50-4b11-4760-8d66-2b6e61197a99" CHANGEID="689686917" HOUSENUM="3" HOUSETYPE="2" OPERTYPEID="30" PREVID="72566015" NEXTID="0" UPDATEDATE="2025-09-29" STARTDATE="2025-09-29" ENDDATE="2079-06-06" ISACTUAL="1" ISACTIVE="0" /><HOUSE ID="72566015" OBJECTID="15279287" OBJECTGUID="24669e50-4b11-4760-8d66-2b6e61197a99" CHANGEID="288215735" HOUSENUM="3" HOUSETYPE="2" OPERTYPEID="20" PREVID="53958756" NEXTID="129173372" UPDATEDATE="2025-09-29" STARTDATE="2022-08-19" ENDDATE="2025-09-29" ISACTUAL="0" ISACTIVE="0" /><HOUSE ID="129173450" OBJECTID="174938915" OBJECTGUID="060ee776-4740-44a8-a799-2ea1d410e491" CHANGEID="689687643" HOUSENUM="24/1" HOUSETYPE="2" OPERTYPEID="54" PREVID="111803666" NEXTID="0" UPDATEDATE="2025-09-29" STARTDATE="2025-09-29" ENDDATE="2079-06-06" ISACTUAL="1" ISACTIVE="1" /><HOUSE ID="129173451" OBJECTID="174938916" OBJECTGUID="211752c1-32c2-4d16-9a50-79e21c6e315b" CHANGEID="689687645" HOUSENUM="24/2" HOUSETYPE="2" OPERTYPEID="54" PREVID="111803667" NEXTID="0" UPDATEDATE="2025-09-29" STARTDATE="2025-09-29" ENDDATE="2079-06-06" ISACTUAL="1" ISACTIVE="1" /><HOUSE ID="129173452" OBJECTID="2179128" OBJECTGUID="c8ad02aa-7ccf-48ac-851b-2f41ac2fe4a6" CHANGEID="689687646" HOUSENUM="24" HOUSETYPE="2" OPERTYPEID="55" PREVID="65599100" UPDATEDATE="2025-09-29" STARTDATE="2025-09-29" ENDDATE="2079-06-06" ISACTUAL="1" ISACTIVE="0" /><HOUSE ID="129173424" OBJECTID="174938858" OBJECTGUID="90a8c3fa-3199-4bb3-bb1f-440b21e1a17b" CHANGEID="689687451" HOUSENUM="35/2" HOUSETYPE="2" OPERTYPEID="54" PREVID="111803651" NEXTID="0" UPDATEDATE="2025-09-29" STARTDATE="2025-09-29" ENDDATE="2079-06-06" ISACTUAL="1" ISACTIVE="1" /><HOUSE ID="129173425" OBJECTID="174938859" OBJECTGUID="a1eaa27f-b4ae-40c6-9172-7949c0acd1d0" CHANGEID="689687453" HOUSENUM="35/1" HOUSETYPE="2" OPERTYPEID="54" PREVID="111803652" NEXTID="0" UPDATEDATE="2025-09-29" STARTDATE="2025-09-29" ENDDATE="2079-06-06" ISACTUAL="1" ISACTIVE="1" /><HOUSE ID="129173426" OBJECTID="68889703" OBJECTGUID="c2b6aa62-2599-4516-af41-bac26a83974b" CHANGEID="689687454" HOUSENUM="35" HOUSETYPE="2" OPERTYPEID="55" PREVID="65175129" UPDATEDATE="2025-09-29" STARTDATE="2025-09-29" ENDDATE="2079-06-06" ISACTUAL="1" ISACTIVE="0" /><HOUSE ID="129173613" OBJECTID="97103844" OBJECTGUID="9ed8d483-011f-4f8e-aec6-835f0fbede6f" CHANGEID="689688328" HOUSENUM="1С" HOUSETYPE="7" OPERTYPEID="30" PREVID="69765716" NEXTID="0" UPDATEDATE="2025-09-29" STARTDATE="2025-09-29" ENDDATE="2079-06-06" ISACTUAL="1" ISACTIVE="0" /><HOUSE ID="69765716" OBJECTID="97103844" OBJECTGUID="9ed8d483-011f-4f8e-aec6-835f0fbede6f" CHANGEID="151800926" HOUSENUM="1С" HOUSETYPE="7" OPERTYPEID="10" PREVID="0" NEXTID="129173613" UPDATEDATE="2025-09-29" STARTDATE="2020-06-10" ENDDATE="2025-09-29" ISACTUAL="0" ISACTIVE="0" /><HOUSE ID="129173614" OBJECTID="97103853" OBJECTGUID="c254096f-df22-4cca-b725-8003d530b1f9" CHANGEID="689688329" HOUSENUM="2С" HOUSETYPE="7" OPERTYPEID="30" PREVID="69765717" NEXTID="0" UPDATEDATE="2025-09-29" STARTDATE="2025-09-29" ENDDATE="2079-06-06" ISACTUAL="1" ISACTIVE="0" /><HOUSE ID="69765717" OBJECTID="97103853" OBJECTGUID="c254096f-df22-4cca-b725-8003d530b1f9" CHANGEID="151800936" HOUSENUM="2С" HOUSETYPE="7" OPERTYPEID="10" PREVID="0" NEXTID="129173614" UPDATEDATE="2025-09-29" STARTDATE="2020-06-10" ENDDATE="2025-09-29" ISACTUAL="0" ISACTIVE="0" /><HOUSE ID="129173798" OBJECTID="174939829" OBJECTGUID="5e11d0b1-d41a-4f70-9b8d-009ef96833d8" CHANGEID="689689636" HOUSENUM="7" HOUSETYPE="2" OPERTYPEID="10" PREVID="0" NEXTID="0" UPDATEDATE="2025-09-29" STARTDATE="2025-09-29" ENDDATE="2079-06-06" ISACTUAL="1" ISACTIVE="1" /><HOUSE ID="129173828" OBJECTID="174939919" OBJECTGUID="a0fdb5e5-43b9-4a5a-956e-7d7d41260c56" CHANGEID="689689864" HOUSENUM="56" HOUSETYPE="2" OPERTYPEID="10" PREVID="0" NEXTID="0" UPDATEDATE="2025-09-29" STARTDATE="2025-09-29" ENDDATE="2079-06-06" ISACTUAL="1" ISACTIVE="1" /><HOUSE ID="129173903" OBJECTID="33248992" OBJECTGUID="fb88254d-1946-4e92-ac97-ab8733b4a408" CHANGEID="689690628" HOUSENUM="14" HOUSETYPE="2" OPERTYPEID="20" PREVID="69197446" UPDATEDATE="2025-09-29" STARTDATE="2025-09-29" ENDDATE="2079-06-06" ISACTUAL="1" ISACTIVE="1" /><HOUSE ID="129174658" OBJECTID="24644679" OBJECTGUID="73e31da1-4fbe-4462-a781-df7664bd7fcb" CHANGEID="689696202" HOUSENUM="34" HOUSETYPE="2" OPERTYPEID="60" PREVID="59590855" UPDATEDATE="2025-09-29" STARTDATE="2025-09-29" ENDDATE="2079-06-06" ISACTUAL="1" ISACTIVE="0" /><HOUSE ID="129174659" OBJECTID="174943275" OBJECTGUID="fc75c525-0529-45a8-9678-6ef3f283e641" CHANGEID="689696203" HOUSENUM="34А" HOUSETYPE="2" OPERTYPEID="61" PREVID="129174658" NEXTID="0" UPDATEDATE="2025-09-29" STARTDATE="2025-09-29" ENDDATE="2079-06-06" ISACTUAL="1" ISACTIVE="1" /><HOUSE ID="129174660" OBJECTID="174943276" OBJECTGUID="d13d5fd1-22b2-4698-be58-6d0b3616ccd3" CHANGEID="689696204" HOUSENUM="34" HOUSETYPE="2" OPERTYPEID="61" PREVID="129174658" NEXTID="0" UPDATEDATE="2025-09-29" STARTDATE="2025-09-29" ENDDATE="2079-06-06" ISACTUAL="1" ISACTIVE="1" /><HOUSE ID="129174813" OBJECTID="11307245" OBJECTGUID="3a19576c-2f9d-402a-875b-6bfdcd9a856c" CHANGEID="689696902" HOUSENUM="106" HOUSETYPE="2" OPERTYPEID="30" PREVID="55496962" NEXTID="0" UPDATEDATE="2025-09-29" STARTDATE="2025-09-29" ENDDATE="2079-06-06" ISACTUAL="1" ISACTIVE="0" /><HOUSE ID="55496962" OBJECTID="11307245" OBJECTGUID="3a19576c-2f9d-402a-875b-6bfdcd9a856c" CHANGEID="18420575" HOUSENUM="106" HOUSETYPE="2" OPERTYPEID="20" PREVID="6032569" NEXTID="129174813" UPDATEDATE="2025-09-29" STARTDATE="2016-03-04" ENDDATE="2025-09-29" ISACTUAL="0" ISACTIVE="0" /><HOUSE ID="129174852" OBJECTID="11355720" OBJECTGUID="e55dc056-29ab-47c0-ad01-babc06822904" CHANGEID="689697074" HOUSENUM="36" HOUSETYPE="2" OPERTYPEID="30" PREVID="67628359" NEXTID="0" UPDATEDATE="2025-09-29" STARTDATE="2025-09-29" ENDDATE="2079-06-06" ISACTUAL="1" ISACTIVE="0" /><HOUSE ID="129175016" OBJECTID="11376293" OBJECTGUID="79c64361-c7d8-47af-a87b-e72bfc510800" CHANGEID="689697371" HOUSENUM="76" HOUSETYPE="2" OPERTYPEID="30" PREVID="60007768" NEXTID="0" UPDATEDATE="2025-09-29" STARTDATE="2025-09-29" ENDDATE="2079-06-06" ISACTUAL="1" ISACTIVE="0" /><HOUSE ID="129175081" OBJECTID="21949012" OBJECTGUID="5c6375e6-54c2-46ae-ba27-b257d3c3801c" CHANGEID="689697549" HOUSENUM="30" HOUSETYPE="2" OPERTYPEID="30" PREVID="57924683" NEXTID="0" UPDATEDATE="2025-09-29" STARTDATE="2025-09-29" ENDDATE="2079-06-06" ISACTUAL="1" ISACTIVE="0" /><HOUSE ID="129175147" OBJECTID="65807882" OBJECTGUID="5321509e-37a5-4ad7-8c30-5d67fa773ce1" CHANGEID="689698618" HOUSENUM="25" HOUSETYPE="2" OPERTYPEID="30" PREVID="57269949" NEXTID="0" UPDATEDATE="2025-09-29" STARTDATE="2025-09-29" ENDDATE="2079-06-06" ISACTUAL="1" ISACTIVE="0" /><HOUSE ID="129175166" OBJECTID="51544375" OBJECTGUID="ca0188e3-aa52-48e8-8145-94a0dfc7db1b" CHANGEID="689699467" HOUSENUM="16А" HOUSETYPE="2" OPERTYPEID="30" PREVID="65692696" NEXTID="0" UPDATEDATE="2025-09-29" STARTDATE="2025-09-29" ENDDATE="2079-06-06" ISACTUAL="1" ISACTIVE="0" /><HOUSE ID="129175180" OBJECTID="51507449" OBJECTGUID="da8a94bc-f268-49d1-bb43-240489cdb7b1" CHANGEID="689699684" HOUSENUM="22" HOUSETYPE="2" OPERTYPEID="30" PREVID="66862492" NEXTID="0" UPDATEDATE="2025-09-29" STARTDATE="2025-09-29" ENDDATE="2079-06-06" ISACTUAL="1" ISACTIVE="0" /><HOUSE ID="129175184" OBJECTID="54807649" OBJECTGUID="d6a90dc1-36a5-4276-be55-fda932225c0d" CHANGEID="689699781" HOUSENUM="2" HOUSETYPE="2" OPERTYPEID="30" PREVID="32740313" NEXTID="0" UPDATEDATE="2025-09-29" STARTDATE="2025-09-29" ENDDATE="2079-06-06" ISACTUAL="1" ISACTIVE="0" /><HOUSE ID="32740313" OBJECTID="54807649" OBJECTGUID="d6a90dc1-36a5-4276-be55-fda932225c0d" CHANGEID="81994612" HOUSENUM="2" HOUSETYPE="2" OPERTYPEID="10" PREVID="0" NEXTID="129175184" UPDATEDATE="2025-09-29" STARTDATE="1900-01-01" ENDDATE="2025-09-29" ISACTUAL="0" ISACTIVE="0" /><HOUSE ID="129175187" OBJECTID="51528152" OBJECTGUID="e7313739-8b22-467a-ac8a-546a4d5c0ff1" CHANGEID="689699800" HOUSENUM="50" HOUSETYPE="2" OPERTYPEID="30" PREVID="67757075" NEXTID="0" UPDATEDATE="2025-09-29" STARTDATE="2025-09-29" ENDDATE="2079-06-06" ISACTUAL="1" ISACTIVE="0" /><HOUSE ID="129175197" OBJECTID="61886834" OBJECTGUID="69f9695b-cba7-4f8f-9b44-3d9853b81dc1" CHANGEID="689699866" HOUSENUM="6" HOUSETYPE="2" OPERTYPEID="30" PREVID="58888149" NEXTID="0" UPDATEDATE="2025-09-29" STARTDATE="2025-09-29" ENDDATE="2079-06-06" ISACTUAL="1" ISACTIVE="0" /><HOUSE ID="129177286" OBJECTID="74126576" OBJECTGUID="ff94c849-4a4a-4695-94ad-9ea813af33d4" CHANGEID="689711251" HOUSENUM="16" HOUSETYPE="2" OPERTYPEID="30" PREVID="69483339" NEXTID="0" UPDATEDATE="2025-09-30" STARTDATE="2025-09-30" ENDDATE="2079-06-06" ISACTUAL="1" ISACTIVE="0" /><HOUSE ID="129177277" OBJECTID="80950614" OBJECTGUID="d8b9a888-920a-4f0c-ab56-0e203917f89d" CHANGEID="689711170" HOUSENUM="16" HOUSETYPE="2" OPERTYPEID="30" PREVID="66734197" NEXTID="0" UPDATEDATE="2025-09-30" STARTDATE="2025-09-30" ENDDATE="2079-06-06" ISACTUAL="1" ISACTIVE="0" /><HOUSE ID="129177414" OBJECTID="77303364" OBJECTGUID="d2a8e76a-dfcb-40a2-b85f-2e7105ff12a5" CHANGEID="689712389" HOUSENUM="20" HOUSETYPE="2" OPERTYPEID="30" PREVID="66303808" NEXTID="0" UPDATEDATE="2025-09-30" STARTDATE="2025-09-30" ENDDATE="2079-06-06" ISACTUAL="1" ISACTIVE="0" /><HOUSE ID="129177381" OBJECTID="174951345" OBJECTGUID="72fe0236-46db-46f5-97fd-d74a073443c3" CHANGEID="689712236" HOUSENUM="2" HOUSETYPE="2" OPERTYPEID="10" PREVID="0" NEXTID="0" UPDATEDATE="2025-09-30" STARTDATE="2025-09-30" ENDDATE="2079-06-06" ISACTUAL="1" ISACTIVE="1" /><HOUSE ID="129177384" OBJECTID="33498516" OBJECTGUID="b9916d52-496a-438f-8f0c-6e98917da95f" CHANGEID="689712248" HOUSENUM="2" HOUSETYPE="2" OPERTYPEID="30" PREVID="19908130" NEXTID="0" UPDATEDATE="2025-09-30" STARTDATE="2025-09-30" ENDDATE="2079-06-06" ISACTUAL="1" ISACTIVE="0" /><HOUSE ID="19908130" OBJECTID="33498516" OBJECTGUID="b9916d52-496a-438f-8f0c-6e98917da95f" CHANGEID="51050029" HOUSENUM="2" HOUSETYPE="2" OPERTYPEID="10" PREVID="0" NEXTID="129177384" UPDATEDATE="2025-09-30" STARTDATE="2016-11-18" ENDDATE="2025-09-30" ISACTUAL="0" ISACTIVE="0" /><HOUSE ID="129177396" OBJECTID="174951395" OBJECTGUID="0413f765-ab73-4758-8775-a94b3f3aac4e" CHANGEID="689712312" HOUSENUM="15" HOUSETYPE="2" OPERTYPEID="10" PREVID="0" NEXTID="0" UPDATEDATE="2025-09-30" STARTDATE="2025-09-30" ENDDATE="2079-06-06" ISACTUAL="1" ISACTIVE="1" /><HOUSE ID="129177400" OBJECTID="36889275" OBJECTGUID="d6d11930-3d5e-4fde-919a-0e3d344c1d25" CHANGEID="689712336" HOUSENUM="1" HOUSETYPE="2" OPERTYPEID="30" PREVID="66598244" NEXTID="0" UPDATEDATE="2025-09-30" STARTDATE="2025-09-30" ENDDATE="2079-06-06" ISACTUAL="1" ISACTIVE="0" /><HOUSE ID="129177407" OBJECTID="56022469" OBJECTGUID="b9b2023d-ecff-433c-97ba-9825d23be5c0" CHANGEID="689712356" HOUSENUM="2" HOUSETYPE="2" OPERTYPEID="30" PREVID="64536797" NEXTID="0" UPDATEDATE="2025-09-30" STARTDATE="2025-09-30" ENDDATE="2079-06-06" ISACTUAL="1" ISACTIVE="0" /><HOUSE ID="129177411" OBJECTID="56041424" OBJECTGUID="75997b9b-4188-4d6d-b872-ce138b80994c" CHANGEID="689712372" HOUSENUM="53" HOUSETYPE="2" OPERTYPEID="30" PREVID="59712295" NEXTID="0" UPDATEDATE="2025-09-30" STARTDATE="2025-09-30" ENDDATE="2079-06-06" ISACTUAL="1" ISACTIVE="0" /><HOUSE ID="129178089" OBJECTID="174953037" OBJECTGUID="53f67a55-04c4-4634-973a-c5e2c22f03aa" CHANGEID="689718656" HOUSENUM="13Б" ADDNUM1="1" HOUSETYPE="2" ADDTYPE1="2" OPERTYPEID="10" PREVID="0" NEXTID="0" UPDATEDATE="2025-09-30" STARTDATE="2025-09-30" ENDDATE="2079-06-06" ISACTUAL="1" ISACTIVE="1" /><HOUSE ID="129178877" OBJECTID="174955297" OBJECTGUID="86b85bb4-76be-428a-b362-1b21503fa68a" CHANGEID="689723432" HOUSENUM="24" HOUSETYPE="2" OPERTYPEID="10" PREVID="0" NEXTID="0" UPDATEDATE="2025-09-30" STARTDATE="2025-09-30" ENDDATE="2079-06-06" ISACTUAL="1" ISACTIVE="1" /><HOUSE ID="129178870" OBJECTID="174955261" OBJECTGUID="e46ead5f-4755-4b49-aeb5-79ffcdf9e89f" CHANGEID="689723379" HOUSENUM="13Б" HOUSETYPE="2" OPERTYPEID="10" PREVID="0" NEXTID="0" UPDATEDATE="2025-09-30" STARTDATE="2025-09-30" ENDDATE="2079-06-06" ISACTUAL="1" ISACTIVE="1" /><HOUSE ID="129179247" OBJECTID="77318500" OBJECTGUID="f0699d21-5192-4804-97ed-9f8aff429c31" CHANGEID="689725723" HOUSENUM="4" HOUSETYPE="2" OPERTYPEID="30" PREVID="68411541" NEXTID="0" UPDATEDATE="2025-09-30" STARTDATE="2025-09-30" ENDDATE="2079-06-06" ISACTUAL="1" ISACTIVE="0" /><HOUSE ID="129179497" OBJECTID="77325408" OBJECTGUID="258e0017-c07d-40d1-9167-b7c93b96b514" CHANGEID="689729593" HOUSENUM="1" HOUSETYPE="2" OPERTYPEID="30" PREVID="54041148" NEXTID="0" UPDATEDATE="2025-09-30" STARTDATE="2025-09-30" ENDDATE="2079-06-06" ISACTUAL="1" ISACTIVE="0" /><HOUSE ID="129179636" OBJECTID="174958147" OBJECTGUID="9c842099-6759-4120-8fe3-4a7d06d6ccb7" CHANGEID="689730355" HOUSENUM="14" HOUSETYPE="2" OPERTYPEID="10" PREVID="0" NEXTID="0" UPDATEDATE="2025-09-30" STARTDATE="2025-09-30" ENDDATE="2079-06-06" ISACTUAL="1" ISACTIVE="1" /><HOUSE ID="129179765" OBJECTID="49247652" OBJECTGUID="c9916557-fb34-4b5e-a89c-b43386b10eff" CHANGEID="689731616" HOUSENUM="18" HOUSETYPE="2" OPERTYPEID="30" PREVID="65661718" NEXTID="0" UPDATEDATE="2025-09-30" STARTDATE="2025-09-30" ENDDATE="2079-06-06" ISACTUAL="1" ISACTIVE="0" /><HOUSE ID="129180109" OBJECTID="174959229" OBJECTGUID="7de28b05-c599-44a1-aa8b-79b46055b374" CHANGEID="689733701" HOUSENUM="18" HOUSETYPE="2" OPERTYPEID="10" PREVID="0" NEXTID="0" UPDATEDATE="2025-09-30" STARTDATE="2025-09-30" ENDDATE="2079-06-06" ISACTUAL="1" ISACTIVE="1" /><HOUSE ID="129180082" OBJECTID="10524462" OBJECTGUID="f95b0f81-21bf-4c70-a65b-ec888eda3e69" CHANGEID="689733670" HOUSENUM="33/36" HOUSETYPE="2" OPERTYPEID="30" PREVID="69044203" NEXTID="0" UPDATEDATE="2025-09-30" STARTDATE="2025-09-30" ENDDATE="2079-06-06" ISACTUAL="1" ISACTIVE="0" /><HOUSE ID="129180095" OBJECTID="174959226" OBJECTGUID="a52fe666-78a2-460e-80ae-78df7fd7a663" CHANGEID="689733684" HOUSENUM="20" HOUSETYPE="2" OPERTYPEID="10" PREVID="0" NEXTID="0" UPDATEDATE="2025-09-30" STARTDATE="2025-09-30" ENDDATE="2079-06-06" ISACTUAL="1" ISACTIVE="1" /><HOUSE ID="129180120" OBJECTID="174959240" OBJECTGUID="ce563aa1-5b31-4418-96a0-ccb29aba734f" CHANGEID="689733740" HOUSENUM="25" HOUSETYPE="2" OPERTYPEID="10" PREVID="0" NEXTID="0" UPDATEDATE="2025-09-30" STARTDATE="2025-09-30" ENDDATE="2079-06-06" ISACTUAL="1" ISACTIVE="1" /><HOUSE ID="129180123" OBJECTID="174959245" OBJECTGUID="00aa17c6-cbd9-4138-8e62-0efdad417156" CHANGEID="689733746" HOUSENUM="16А" HOUSETYPE="2" OPERTYPEID="10" PREVID="0" NEXTID="0" UPDATEDATE="2025-09-30" STARTDATE="2025-09-30" ENDDATE="2079-06-06" ISACTUAL="1" ISACTIVE="1" /><HOUSE ID="129180127" OBJECTID="75325395" OBJECTGUID="50e780bf-5a33-4925-ac23-c5b0c80e2ddc" CHANGEID="689733771" HOUSENUM="27А" HOUSETYPE="2" OPERTYPEID="30" PREVID="57110965" NEXTID="0" UPDATEDATE="2025-09-30" STARTDATE="2025-09-30" ENDDATE="2079-06-06" ISACTUAL="1" ISACTIVE="0" /><HOUSE ID="129180112" OBJECTID="174959230" OBJECTGUID="64ad493e-9060-4090-9479-6b2dc49df4dc" CHANGEID="689733704" HOUSENUM="18" HOUSETYPE="2" OPERTYPEID="10" PREVID="0" NEXTID="0" UPDATEDATE="2025-09-30" STARTDATE="2025-09-30" ENDDATE="2079-06-06" ISACTUAL="1" ISACTIVE="1" /><HOUSE ID="129180114" OBJECTID="174959232" OBJECTGUID="a9585994-0ad8-434e-8d20-9783461a0c0e" CHANGEID="689733706" HOUSENUM="10" HOUSETYPE="2" OPERTYPEID="10" PREVID="0" NEXTID="0" UPDATEDATE="2025-09-30" STARTDATE="2025-09-30" ENDDATE="2079-06-06" ISACTUAL="1" ISACTIVE="1" /><HOUSE ID="129180115" OBJECTID="174959233" OBJECTGUID="a409c623-2fcf-44a9-b0c5-f355b8461acd" CHANGEID="689733718" HOUSENUM="43/50" HOUSETYPE="2" OPERTYPEID="10" PREVID="0" NEXTID="0" UPDATEDATE="2025-09-30" STARTDATE="2025-09-30" ENDDATE="2079-06-06" ISACTUAL="1" ISACTIVE="1" /><HOUSE ID="129180116" OBJECTID="174959236" OBJECTGUID="2d29d28d-2690-4aea-bf4d-e8eee81bc827" CHANGEID="689733721" HOUSENUM="106" HOUSETYPE="2" OPERTYPEID="10" PREVID="0" NEXTID="0" UPDATEDATE="2025-09-30" STARTDATE="2025-09-30" ENDDATE="2079-06-06" ISACTUAL="1" ISACTIVE="1" /><HOUSE ID="129180117" OBJECTID="174959237" OBJECTGUID="46d0229f-f7aa-44e6-b05f-f2a7406df003" CHANGEID="689733723" HOUSENUM="36" HOUSETYPE="2" OPERTYPEID="10" PREVID="0" NEXTID="0" UPDATEDATE="2025-09-30" STARTDATE="2025-09-30" ENDDATE="2079-06-06" ISACTUAL="1" ISACTIVE="1" /><HOUSE ID="129180118" OBJECTID="174959238" OBJECTGUID="859f5c4a-299b-4e06-9c28-ee4910c24b13" CHANGEID="689733737" HOUSENUM="76" HOUSETYPE="2" OPERTYPEID="10" PREVID="0" NEXTID="0" UPDATEDATE="2025-09-30" STARTDATE="2025-09-30" ENDDATE="2079-06-06" ISACTUAL="1" ISACTIVE="1" /><HOUSE ID="129180119" OBJECTID="174959239" OBJECTGUID="5be67ec9-42cc-4459-a865-3fa01a201e57" CHANGEID="689733739" HOUSENUM="30" HOUSETYPE="2" OPERTYPEID="10" PREVID="0" NEXTID="0" UPDATEDATE="2025-09-30" STARTDATE="2025-09-30" ENDDATE="2079-06-06" ISACTUAL="1" ISACTIVE="1" /><HOUSE ID="129180124" OBJECTID="174959247" OBJECTGUID="33977074-68e3-4c8c-a156-38f08ed0da59" CHANGEID="689733753" HOUSENUM="22" HOUSETYPE="2" OPERTYPEID="10" PREVID="0" NEXTID="0" UPDATEDATE="2025-09-30" STARTDATE="2025-09-30" ENDDATE="2079-06-06" ISACTUAL="1" ISACTIVE="1" /><HOUSE ID="129180125" OBJECTID="174959248" OBJECTGUID="16f4dd29-c5cd-48bd-b58b-710daccc88d4" CHANGEID="689733755" HOUSENUM="16" HOUSETYPE="2" OPERTYPEID="10" PREVID="0" NEXTID="0" UPDATEDATE="2025-09-30" STARTDATE="2025-09-30" ENDDATE="2079-06-06" ISACTUAL="1" ISACTIVE="1" /><HOUSE ID="129180126" OBJECTID="35756661" OBJECTGUID="03575827-8981-4412-8bfc-2176c1de680c" CHANGEID="689733762" HOUSENUM="26" HOUSETYPE="2" OPERTYPEID="30" PREVID="21242865" NEXTID="0" UPDATEDATE="2025-09-30" STARTDATE="2025-09-30" ENDDATE="2079-06-06" ISACTUAL="1" ISACTIVE="0" /><HOUSE ID="21242865" OBJECTID="35756661" OBJECTGUID="03575827-8981-4412-8bfc-2176c1de680c" CHANGEID="54307465" HOUSENUM="26" HOUSETYPE="2" OPERTYPEID="10" PREVID="0" NEXTID="129180126" UPDATEDATE="2025-09-30" STARTDATE="2018-12-19" ENDDATE="2025-09-30" ISACTUAL="0" ISACTIVE="0" /><HOUSE ID="129180154" OBJECTID="75297728" OBJECTGUID="a4170faa-ea53-4046-8ef7-6ee9c31f3db9" CHANGEID="689733900" HOUSENUM="4" HOUSETYPE="2" OPERTYPEID="30" PREVID="63007348" NEXTID="0" UPDATEDATE="2025-09-30" STARTDATE="2025-09-30" ENDDATE="2079-06-06" ISACTUAL="1" ISACTIVE="0" /><HOUSE ID="129180173" OBJECTID="174959441" OBJECTGUID="7e439174-9190-4968-b23c-dc1d2c470159" CHANGEID="689734051" HOUSENUM="9" HOUSETYPE="2" OPERTYPEID="10" PREVID="0" NEXTID="0" UPDATEDATE="2025-09-30" STARTDATE="2025-09-30" ENDDATE="2079-06-06" ISACTUAL="1" ISACTIVE="1" /><HOUSE ID="129180236" OBJECTID="21634313" OBJECTGUID="d0f28608-7e78-4d1d-93a8-4215e010c167" CHANGEID="689734637" HOUSENUM="62" HOUSETYPE="2" OPERTYPEID="30" PREVID="66182057" NEXTID="0" UPDATEDATE="2025-09-30" STARTDATE="2025-09-30" ENDDATE="2079-06-06" ISACTUAL="1" ISACTIVE="0" /><HOUSE ID="129180650" OBJECTID="174961343" OBJECTGUID="e7710874-3ac3-4f80-81b3-984a93508a6e" CHANGEID="689738081" HOUSENUM="149" HOUSETYPE="2" OPERTYPEID="10" PREVID="0" NEXTID="0" UPDATEDATE="2025-09-30" STARTDATE="2025-09-30" ENDDATE="2079-06-06" ISACTUAL="1" ISACTIVE="1" /><HOUSE ID="129181400" OBJECTID="21573803" OBJECTGUID="d0ebeb69-d386-471d-b189-f39fc1ca3920" CHANGEID="689743155" HOUSENUM="82" HOUSETYPE="2" OPERTYPEID="60" PREVID="66180108" UPDATEDATE="2025-09-30" STARTDATE="2025-09-30" ENDDATE="2079-06-06" ISACTUAL="1" ISACTIVE="0" /><HOUSE ID="129181401" OBJECTID="174963866" OBJECTGUID="576a4c1f-8d01-4ae8-b26c-483b909b1703" CHANGEID="689743156" HOUSENUM="82А" HOUSETYPE="2" OPERTYPEID="61" PREVID="129181400" NEXTID="0" UPDATEDATE="2025-09-30" STARTDATE="2025-09-30" ENDDATE="2079-06-06" ISACTUAL="1" ISACTIVE="1" /><HOUSE ID="129181402" OBJECTID="174963867" OBJECTGUID="5908152d-00c7-485a-b29a-531c50d420ae" CHANGEID="689743157" HOUSENUM="82" HOUSETYPE="2" OPERTYPEID="61" PREVID="129181400" NEXTID="0" UPDATEDATE="2025-09-30" STARTDATE="2025-09-30" ENDDATE="2079-06-06" ISACTUAL="1" ISACTIVE="1" /><HOUSE ID="129181651" OBJECTID="18602162" OBJECTGUID="31b0532f-5d65-42a8-9d27-a6ce450d4797" CHANGEID="689745033" HOUSENUM="22" HOUSETYPE="2" OPERTYPEID="60" PREVID="54901110" UPDATEDATE="2025-09-30" STARTDATE="2025-09-30" ENDDATE="2079-06-06" ISACTUAL="1" ISACTIVE="0" /><HOUSE ID="129181652" OBJECTID="174964709" OBJECTGUID="a2b82666-084e-4b66-b9be-d30fdeca86da" CHANGEID="689745034" HOUSENUM="22А" HOUSETYPE="2" OPERTYPEID="61" PREVID="129181651" NEXTID="0" UPDATEDATE="2025-09-30" STARTDATE="2025-09-30" ENDDATE="2079-06-06" ISACTUAL="1" ISACTIVE="1" /><HOUSE ID="129181653" OBJECTID="174964710" OBJECTGUID="1dd791ee-05e4-452f-8c2c-eb8635516a92" CHANGEID="689745035" HOUSENUM="22" HOUSETYPE="2" OPERTYPEID="61" PREVID="129181651" NEXTID="0" UPDATEDATE="2025-09-30" STARTDATE="2025-09-30" ENDDATE="2079-06-06" ISACTUAL="1" ISACTIVE="1" /><HOUSE ID="129182341" OBJECTID="49339870" OBJECTGUID="9f6d0e51-f098-465d-a4e6-89e25446b71f" CHANGEID="689748785" HOUSENUM="36" HOUSETYPE="2" OPERTYPEID="30" PREVID="62676811" NEXTID="0" UPDATEDATE="2025-09-30" STARTDATE="2025-09-30" ENDDATE="2079-06-06" ISACTUAL="1" ISACTIVE="0" /><HOUSE ID="129182405" OBJECTID="2002725" OBJECTGUID="76c5b5fb-ffa7-4682-aa32-e969268f197e" CHANGEID="689749048" HOUSENUM="25а" HOUSETYPE="2" OPERTYPEID="30" PREVID="59795415" NEXTID="0" UPDATEDATE="2025-09-30" STARTDATE="2025-09-30" ENDDATE="2079-06-06" ISACTUAL="1" ISACTIVE="0" /><HOUSE ID="129182714" OBJECTID="35066046" OBJECTGUID="9d77d233-a671-471f-ad39-84fbdb0e7b62" CHANGEID="689750838" HOUSENUM="23" HOUSETYPE="2" OPERTYPEID="30" PREVID="62537458" NEXTID="0" UPDATEDATE="2025-09-30" STARTDATE="2025-09-30" ENDDATE="2079-06-06" ISACTUAL="1" ISACTIVE="0" /><HOUSE ID="129182756" OBJECTID="1979071" OBJECTGUID="5cbe9d69-9043-4e9e-b2cd-22bd47bea450" CHANGEID="689751100" HOUSENUM="11" HOUSETYPE="2" OPERTYPEID="30" PREVID="57949931" NEXTID="0" UPDATEDATE="2025-09-30" STARTDATE="2025-09-30" ENDDATE="2079-06-06" ISACTUAL="1" ISACTIVE="0" /><HOUSE ID="129182765" OBJECTID="1982115" OBJECTGUID="1f6c5f84-372d-40b3-a610-0ca984f1f607" CHANGEID="689751158" HOUSENUM="51" HOUSETYPE="2" OPERTYPEID="30" PREVID="323321" NEXTID="0" UPDATEDATE="2025-09-30" STARTDATE="2025-09-30" ENDDATE="2079-06-06" ISACTUAL="1" ISACTIVE="0" /><HOUSE ID="323321" OBJECTID="1982115" OBJECTGUID="1f6c5f84-372d-40b3-a610-0ca984f1f607" CHANGEID="4823184" HOUSENUM="51" HOUSETYPE="2" OPERTYPEID="10" PREVID="0" NEXTID="129182765" UPDATEDATE="2025-09-30" STARTDATE="2015-11-15" ENDDATE="2025-09-30" ISACTUAL="0" ISACTIVE="0" /><HOUSE ID="129183024" OBJECTID="28574046" OBJECTGUID="f56582fd-02cc-404d-bd72-13003dd3973c" CHANGEID="689752845" HOUSENUM="16" HOUSETYPE="2" OPERTYPEID="30" PREVID="68762529" NEXTID="0" UPDATEDATE="2025-09-30" STARTDATE="2025-09-30" ENDDATE="2079-06-06" ISACTUAL="1" ISACTIVE="0" /><HOUSE ID="129183266" OBJECTID="77323796" OBJECTGUID="41e87649-7ea5-4554-985b-9dbd9bbfcc5e" CHANGEID="689755009" HOUSENUM="41" HOUSETYPE="2" OPERTYPEID="30" PREVID="56048349" NEXTID="0" UPDATEDATE="2025-09-30" STARTDATE="2025-09-30" ENDDATE="2079-06-06" ISACTUAL="1" ISACTIVE="0" /><HOUSE ID="129183358" OBJECTID="57213458" OBJECTGUID="23e1f124-f8ee-476e-a25e-34f7f08a8a39" CHANGEID="689755649" HOUSENUM="12А" HOUSETYPE="2" OPERTYPEID="20" PREVID="34246619" UPDATEDATE="2025-09-30" STARTDATE="2025-09-30" ENDDATE="2079-06-06" ISACTUAL="1" ISACTIVE="1" /><HOUSE ID="129183346" OBJECTID="32841411" OBJECTGUID="d3bc7279-2419-4e99-baf4-1161707a335b" CHANGEID="689755496" HOUSENUM="16" HOUSETYPE="2" OPERTYPEID="30" PREVID="19514430" NEXTID="0" UPDATEDATE="2025-09-30" STARTDATE="2025-09-30" ENDDATE="2079-06-06" ISACTUAL="1" ISACTIVE="0" /><HOUSE ID="19514430" OBJECTID="32841411" OBJECTGUID="d3bc7279-2419-4e99-baf4-1161707a335b" CHANGEID="50105111" HOUSENUM="16" HOUSETYPE="2" OPERTYPEID="10" PREVID="0" NEXTID="129183346" UPDATEDATE="2025-09-30" STARTDATE="2014-01-10" ENDDATE="2025-09-30" ISACTUAL="0" ISACTIVE="0" /><HOUSE ID="129185692" OBJECTID="174975563" OBJECTGUID="e853a523-d12c-4a26-941d-1176be3ebc66" CHANGEID="689787875" HOUSENUM="41" ADDNUM1="1" HOUSETYPE="2" ADDTYPE1="1" OPERTYPEID="10" PREVID="0" NEXTID="0" UPDATEDATE="2025-10-01" STARTDATE="2025-10-01" ENDDATE="2079-06-06" ISACTUAL="1" ISACTIVE="1" /><HOUSE ID="129185701" OBJECTID="33926103" OBJECTGUID="7d962bcb-a74e-4453-b663-6cee6a68f993" CHANGEID="689788221" HOUSENUM="71" HOUSETYPE="2" OPERTYPEID="30" PREVID="60277349" NEXTID="0" UPDATEDATE="2025-10-01" STARTDATE="2025-10-01" ENDDATE="2079-06-06" ISACTUAL="1" ISACTIVE="0" /><HOUSE ID="129185712" OBJECTID="1929513" OBJECTGUID="9d36660d-ef82-453d-b970-317e4935d91c" CHANGEID="689788253" HOUSENUM="23" HOUSETYPE="2" OPERTYPEID="30" PREVID="62519113" NEXTID="0" UPDATEDATE="2025-10-01" STARTDATE="2025-10-01" ENDDATE="2079-06-06" ISACTUAL="1" ISACTIVE="0" /><HOUSE ID="62519113" OBJECTID="1929513" OBJECTGUID="9d36660d-ef82-453d-b970-317e4935d91c" CHANGEID="4748384" HOUSENUM="23" HOUSETYPE="2" OPERTYPEID="20" PREVID="294872" NEXTID="129185712" UPDATEDATE="2025-10-01" STARTDATE="2016-03-04" ENDDATE="2025-10-01" ISACTUAL="0" ISACTIVE="0" /><HOUSE ID="129185702" OBJECTID="33952101" OBJECTGUID="5596f072-1fab-4706-998f-8d11438c029e" CHANGEID="689788224" HOUSENUM="54" HOUSETYPE="2" OPERTYPEID="30" PREVID="57443227" NEXTID="0" UPDATEDATE="2025-10-01" STARTDATE="2025-10-01" ENDDATE="2079-06-06" ISACTUAL="1" ISACTIVE="0" /><HOUSE ID="129185707" OBJECTID="1693108" OBJECTGUID="acd4819e-7fc0-424b-9cd2-c07ac86f3c0a" CHANGEID="689788236" HOUSENUM="32" HOUSETYPE="2" OPERTYPEID="30" PREVID="63624781" NEXTID="0" UPDATEDATE="2025-10-01" STARTDATE="2025-10-01" ENDDATE="2079-06-06" ISACTUAL="1" ISACTIVE="0" /><HOUSE ID="129185719" OBJECTID="19670574" OBJECTGUID="cca7e908-eded-4b65-927a-ca4747f55ff1" CHANGEID="689788326" HOUSENUM="45" HOUSETYPE="2" OPERTYPEID="30" PREVID="65879266" NEXTID="0" UPDATEDATE="2025-10-01" STARTDATE="2025-10-01" ENDDATE="2079-06-06" ISACTUAL="1" ISACTIVE="0" /><HOUSE ID="129185725" OBJECTID="45369851" OBJECTGUID="c2db6e22-db2a-4de9-9aa3-4ad55beb9d8d" CHANGEID="689788363" HOUSENUM="43" HOUSETYPE="2" OPERTYPEID="30" PREVID="65185830" NEXTID="0" UPDATEDATE="2025-10-01" STARTDATE="2025-10-01" ENDDATE="2079-06-06" ISACTUAL="1" ISACTIVE="0" /><HOUSE ID="129185734" OBJECTID="20689527" OBJECTGUID="0a41dab7-e7f9-498c-89bf-bbaa1caa1844" CHANGEID="689788501" HOUSENUM="23" HOUSETYPE="2" OPERTYPEID="30" PREVID="12107032" NEXTID="0" UPDATEDATE="2025-10-01" STARTDATE="2025-10-01" ENDDATE="2079-06-06" ISACTUAL="1" ISACTIVE="0" /><HOUSE ID="12107032" OBJECTID="20689527" OBJECTGUID="0a41dab7-e7f9-498c-89bf-bbaa1caa1844" CHANGEID="32372970" HOUSENUM="23" HOUSETYPE="2" OPERTYPEID="10" PREVID="0" NEXTID="129185734" UPDATEDATE="2025-10-01" STARTDATE="2017-09-04" ENDDATE="2025-10-01" ISACTUAL="0" ISACTIVE="0" /><HOUSE ID="129185721" OBJECTID="19671420" OBJECTGUID="7b8dfbbd-479b-4c7c-ac3d-f6edd15172b4" CHANGEID="689788338" HOUSENUM="50" HOUSETYPE="2" OPERTYPEID="30" PREVID="60134271" NEXTID="0" UPDATEDATE="2025-10-01" STARTDATE="2025-10-01" ENDDATE="2079-06-06" ISACTUAL="1" ISACTIVE="0" /><HOUSE ID="129185733" OBJECTID="83491432" OBJECTGUID="28ec7073-b4ac-494e-b008-8f5c6ef08b2b" CHANGEID="689788496" HOUSENUM="133" HOUSETYPE="2" OPERTYPEID="30" PREVID="54279499" NEXTID="0" UPDATEDATE="2025-10-01" STARTDATE="2025-10-01" ENDDATE="2079-06-06" ISACTUAL="1" ISACTIVE="0" /><HOUSE ID="129185807" OBJECTID="25502373" OBJECTGUID="ddd22881-aa3c-4e78-a682-445312eeee0d" CHANGEID="689790165" HOUSENUM="55" HOUSETYPE="2" OPERTYPEID="30" PREVID="67093304" NEXTID="0" UPDATEDATE="2025-10-01" STARTDATE="2025-10-01" ENDDATE="2079-06-06" ISACTUAL="1" ISACTIVE="0" /><HOUSE ID="129186808" OBJECTID="174980526" OBJECTGUID="2251e56e-2121-45e3-a42b-7c753a483f6a" CHANGEID="689796813" HOUSENUM="29" HOUSETYPE="2" OPERTYPEID="10" PREVID="0" NEXTID="0" UPDATEDATE="2025-10-01" STARTDATE="2025-10-01" ENDDATE="2079-06-06" ISACTUAL="1" ISACTIVE="1" /><HOUSE ID="129189605" OBJECTID="174988343" OBJECTGUID="bc49eed1-4c7d-4890-940d-7024efa24914" CHANGEID="689813033" HOUSENUM="133" HOUSETYPE="2" OPERTYPEID="10" PREVID="0" NEXTID="0" UPDATEDATE="2025-10-01" STARTDATE="2025-10-01" ENDDATE="2079-06-06" ISACTUAL="1" ISACTIVE="1" /><HOUSE ID="129190126" OBJECTID="63386192" OBJECTGUID="e15e54a4-e913-44f7-b134-9e66b18d263f" CHANGEID="689816000" HOUSENUM="9" HOUSETYPE="2" OPERTYPEID="30" PREVID="67345089" NEXTID="0" UPDATEDATE="2025-10-01" STARTDATE="2025-10-01" ENDDATE="2079-06-06" ISACTUAL="1" ISACTIVE="0" /><HOUSE ID="129190111" OBJECTID="58145567" OBJECTGUID="643a14cf-5eb8-4a53-b7d2-c904b152ea34" CHANGEID="689815956" HOUSENUM="15" HOUSETYPE="2" OPERTYPEID="30" PREVID="58481503" NEXTID="0" UPDATEDATE="2025-10-01" STARTDATE="2025-10-01" ENDDATE="2079-06-06" ISACTUAL="1" ISACTIVE="0" /><HOUSE ID="129190171" OBJECTID="4335796" OBJECTGUID="676c2a95-eb64-4248-b79a-4455e48bc767" CHANGEID="689816107" HOUSENUM="9" HOUSETYPE="2" OPERTYPEID="30" PREVID="1708757" NEXTID="0" UPDATEDATE="2025-10-01" STARTDATE="2025-10-01" ENDDATE="2079-06-06" ISACTUAL="1" ISACTIVE="0" /><HOUSE ID="129190151" OBJECTID="55951878" OBJECTGUID="c1165786-7fd4-4a41-a26a-79eccddf40af" CHANGEID="689816062" HOUSENUM="25" HOUSETYPE="2" OPERTYPEID="30" PREVID="65060737" NEXTID="0" UPDATEDATE="2025-10-01" STARTDATE="2025-10-01" ENDDATE="2079-06-06" ISACTUAL="1" ISACTIVE="0" /><HOUSE ID="65060737" OBJECTID="55951878" OBJECTGUID="c1165786-7fd4-4a41-a26a-79eccddf40af" CHANGEID="83699041" HOUSENUM="25" HOUSETYPE="2" OPERTYPEID="20" PREVID="33472344" NEXTID="129190151" UPDATEDATE="2025-10-01" STARTDATE="2015-08-10" ENDDATE="2025-10-01" ISACTUAL="0" ISACTIVE="0" /><HOUSE ID="129190166" OBJECTID="39793357" OBJECTGUID="b7e896fa-5313-44be-a082-628eb2fb5a98" CHANGEID="689816087" HOUSENUM="18" HOUSETYPE="2" OPERTYPEID="30" PREVID="23792893" NEXTID="0" UPDATEDATE="2025-10-01" STARTDATE="2025-10-01" ENDDATE="2079-06-06" ISACTUAL="1" ISACTIVE="0" /><HOUSE ID="129190183" OBJECTID="70650545" OBJECTGUID="da258fb6-02fa-46ba-998b-e3ea31977106" CHANGEID="689816155" HOUSENUM="10" HOUSETYPE="2" OPERTYPEID="30" PREVID="66833976" NEXTID="0" UPDATEDATE="2025-10-01" STARTDATE="2025-10-01" ENDDATE="2079-06-06" ISACTUAL="1" ISACTIVE="0" /><HOUSE ID="66833976" OBJECTID="70650545" OBJECTGUID="da258fb6-02fa-46ba-998b-e3ea31977106" CHANGEID="105268519" HOUSENUM="10" HOUSETYPE="2" OPERTYPEID="20" PREVID="42623030" NEXTID="129190183" UPDATEDATE="2025-10-01" STARTDATE="2015-08-10" ENDDATE="2025-10-01" ISACTUAL="0" ISACTIVE="0" /><HOUSE ID="129190195" OBJECTID="3123113" OBJECTGUID="8c909fbb-d034-48af-ae87-79a38560e810" CHANGEID="689816182" HOUSENUM="7" HOUSETYPE="2" OPERTYPEID="30" PREVID="1003081" NEXTID="0" UPDATEDATE="2025-10-01" STARTDATE="2025-10-01" ENDDATE="2079-06-06" ISACTUAL="1" ISACTIVE="0" /><HOUSE ID="1003081" OBJECTID="3123113" OBJECTGUID="8c909fbb-d034-48af-ae87-79a38560e810" CHANGEID="6481033" HOUSENUM="7" HOUSETYPE="2" OPERTYPEID="10" PREVID="0" NEXTID="129190195" UPDATEDATE="2025-10-01" STARTDATE="2015-10-31" ENDDATE="2025-10-01" ISACTUAL="0" ISACTIVE="0" /></HOUSES>