﻿<?xml version="1.0" encoding="utf-8"?><STEADS><STEAD ID="15720995" OBJECTID="105194044" OBJECTGUID="260ef98d-135d-4aea-9c37-a7623c32fa98" CHANGEID="287710914" NUMBER="27" OPERTYPEID="10" PREVID="0" NEXTID="74199006" UPDATEDATE="2025-10-01" STARTDATE="2022-08-05" ENDDATE="2025-10-01" ISACTUAL="0" ISACTIVE="0" /><STEAD ID="74167276" OBJECTID="174917014" OBJECTGUID="62a6c858-0c07-45bf-a78d-da908c13eaa2" CHANGEID="689640027" NUMBER="110" OPERTYPEID="10" PREVID="0" NEXTID="0" UPDATEDATE="2025-09-29" STARTDATE="2025-09-29" ENDDATE="2079-06-06" ISACTUAL="1" ISACTIVE="1" /><STEAD ID="74172452" OBJECTID="174929075" OBJECTGUID="51d06be0-894f-49fe-971e-4a53db809ffb" CHANGEID="689666904" NUMBER="15" OPERTYPEID="10" PREVID="0" NEXTID="0" UPDATEDATE="2025-09-29" STARTDATE="2025-09-29" ENDDATE="2079-06-06" ISACTUAL="1" ISACTIVE="1" /><STEAD ID="74172589" OBJECTID="174929295" OBJECTGUID="57c45dc1-94e9-4c96-ba49-e3ba0f555ce3" CHANGEID="689667290" NUMBER="7" OPERTYPEID="10" PREVID="0" NEXTID="0" UPDATEDATE="2025-09-29" STARTDATE="2025-09-29" ENDDATE="2079-06-06" ISACTUAL="1" ISACTIVE="1" /><STEAD ID="74173661" OBJECTID="174930842" OBJECTGUID="5a037889-16a2-4a68-b228-714a870c9b06" CHANGEID="689670321" NUMBER="98" OPERTYPEID="10" PREVID="0" NEXTID="0" UPDATEDATE="2025-09-29" STARTDATE="2025-09-29" ENDDATE="2079-06-06" ISACTUAL="1" ISACTIVE="1" /><STEAD ID="74173975" OBJECTID="174931569" OBJECTGUID="e29cfe4a-861c-4118-b39a-fa8cb722fefe" CHANGEID="689671541" NUMBER="79" OPERTYPEID="10" PREVID="0" NEXTID="0" UPDATEDATE="2025-09-29" STARTDATE="2025-09-29" ENDDATE="2079-06-06" ISACTUAL="1" ISACTIVE="1" /><STEAD ID="74184362" OBJECTID="174951501" OBJECTGUID="db80f0b5-2579-44d5-ae00-ecb499da57a8" CHANGEID="689712551" NUMBER="22" OPERTYPEID="10" PREVID="0" NEXTID="0" UPDATEDATE="2025-09-30" STARTDATE="2025-09-30" ENDDATE="2079-06-06" ISACTUAL="1" ISACTIVE="1" /><STEAD ID="74185426" OBJECTID="174953006" OBJECTGUID="46f3573c-02fa-4a20-837a-edecb4266e87" CHANGEID="689718597" NUMBER="13Б" OPERTYPEID="10" PREVID="0" NEXTID="0" UPDATEDATE="2025-09-30" STARTDATE="2025-09-30" ENDDATE="2079-06-06" ISACTUAL="1" ISACTIVE="1" /><STEAD ID="74190989" OBJECTID="174961901" OBJECTGUID="c7e238b3-d051-4ba1-8b33-b7913d76def7" CHANGEID="689739099" NUMBER="2" OPERTYPEID="10" PREVID="0" NEXTID="0" UPDATEDATE="2025-09-30" STARTDATE="2025-09-30" ENDDATE="2079-06-06" ISACTUAL="1" ISACTIVE="1" /><STEAD ID="74199002" OBJECTID="104947237" OBJECTGUID="bda79225-5a09-48b9-b9de-616723615864" CHANGEID="689789961" NUMBER="23" OPERTYPEID="30" PREVID="15630487" NEXTID="0" UPDATEDATE="2025-10-01" STARTDATE="2025-10-01" ENDDATE="2079-06-06" ISACTUAL="1" ISACTIVE="0" /><STEAD ID="15630487" OBJECTID="104947237" OBJECTGUID="bda79225-5a09-48b9-b9de-616723615864" CHANGEID="286551190" NUMBER="23" OPERTYPEID="10" PREVID="0" NEXTID="74199002" UPDATEDATE="2025-10-01" STARTDATE="2022-07-08" ENDDATE="2025-10-01" ISACTUAL="0" ISACTIVE="0" /><STEAD ID="74199003" OBJECTID="104947242" OBJECTGUID="ef4fcfc9-7c19-44a3-822e-97aabba6ff4e" CHANGEID="689789962" NUMBER="24" OPERTYPEID="30" PREVID="15630491" NEXTID="0" UPDATEDATE="2025-10-01" STARTDATE="2025-10-01" ENDDATE="2079-06-06" ISACTUAL="1" ISACTIVE="0" /><STEAD ID="15630491" OBJECTID="104947242" OBJECTGUID="ef4fcfc9-7c19-44a3-822e-97aabba6ff4e" CHANGEID="286551196" NUMBER="24" OPERTYPEID="10" PREVID="0" NEXTID="74199003" UPDATEDATE="2025-10-01" STARTDATE="2022-07-08" ENDDATE="2025-10-01" ISACTUAL="0" ISACTIVE="0" /><STEAD ID="74199004" OBJECTID="105194041" OBJECTGUID="fc02dfd3-6eb7-400d-a628-c97e40e11caf" CHANGEID="689789963" NUMBER="25" OPERTYPEID="30" PREVID="15720992" NEXTID="0" UPDATEDATE="2025-10-01" STARTDATE="2025-10-01" ENDDATE="2079-06-06" ISACTUAL="1" ISACTIVE="0" /><STEAD ID="15720992" OBJECTID="105194041" OBJECTGUID="fc02dfd3-6eb7-400d-a628-c97e40e11caf" CHANGEID="287710911" NUMBER="25" OPERTYPEID="10" PREVID="0" NEXTID="74199004" UPDATEDATE="2025-10-01" STARTDATE="2022-08-05" ENDDATE="2025-10-01" ISACTUAL="0" ISACTIVE="0" /><STEAD ID="74199005" OBJECTID="105194043" OBJECTGUID="a08d56b1-5103-44d5-8365-94e966c2fbef" CHANGEID="689789964" NUMBER="26" OPERTYPEID="30" PREVID="15720994" NEXTID="0" UPDATEDATE="2025-10-01" STARTDATE="2025-10-01" ENDDATE="2079-06-06" ISACTUAL="1" ISACTIVE="0" /><STEAD ID="15720994" OBJECTID="105194043" OBJECTGUID="a08d56b1-5103-44d5-8365-94e966c2fbef" CHANGEID="287710913" NUMBER="26" OPERTYPEID="10" PREVID="0" NEXTID="74199005" UPDATEDATE="2025-10-01" STARTDATE="2022-08-05" ENDDATE="2025-10-01" ISACTUAL="0" ISACTIVE="0" /><STEAD ID="74199006" OBJECTID="105194044" OBJECTGUID="260ef98d-135d-4aea-9c37-a7623c32fa98" CHANGEID="689789965" NUMBER="27" OPERTYPEID="30" PREVID="15720995" NEXTID="0" UPDATEDATE="2025-10-01" STARTDATE="2025-10-01" ENDDATE="2079-06-06" ISACTUAL="1" ISACTIVE="0" /><STEAD ID="74201388" OBJECTID="174980574" OBJECTGUID="02e02680-0fce-443f-b959-cf200b41947d" CHANGEID="689796910" NUMBER="29" OPERTYPEID="10" PREVID="0" NEXTID="0" UPDATEDATE="2025-10-01" STARTDATE="2025-10-01" ENDDATE="2079-06-06" ISACTUAL="1" ISACTIVE="1" /></STEADS>