﻿<?xml version="1.0" encoding="utf-8"?><APARTMENTS><APARTMENT ID="48717654" OBJECTID="81452645" OBJECTGUID="5084db2d-7366-445e-9b51-4d05c3012a0e" CHANGEID="121031956" NUMBER="1" APARTTYPE="2" OPERTYPEID="10" PREVID="0" NEXTID="111795943" UPDATEDATE="2025-09-29" STARTDATE="1900-01-01" ENDDATE="2025-09-29" ISACTUAL="0" ISACTIVE="0" /><APARTMENT ID="48718000" OBJECTID="81453225" OBJECTGUID="aa5c1a8c-945a-494c-8c2d-17bd93d0895e" CHANGEID="121032818" NUMBER="2" APARTTYPE="2" OPERTYPEID="10" PREVID="0" NEXTID="111795944" UPDATEDATE="2025-09-29" STARTDATE="1900-01-01" ENDDATE="2025-09-29" ISACTUAL="0" ISACTIVE="0" /><APARTMENT ID="111795942" OBJECTID="174917970" OBJECTGUID="5f0d076e-875e-4402-a67b-a48eedc66ab5" CHANGEID="689642873" NUMBER="1" APARTTYPE="1" OPERTYPEID="10" PREVID="0" NEXTID="0" UPDATEDATE="2025-09-29" STARTDATE="2025-09-29" ENDDATE="2079-06-06" ISACTUAL="1" ISACTIVE="1" /><APARTMENT ID="111795943" OBJECTID="81452645" OBJECTGUID="5084db2d-7366-445e-9b51-4d05c3012a0e" CHANGEID="689642876" NUMBER="1" APARTTYPE="2" OPERTYPEID="30" PREVID="48717654" NEXTID="0" UPDATEDATE="2025-09-29" STARTDATE="2025-09-29" ENDDATE="2079-06-06" ISACTUAL="1" ISACTIVE="0" /><APARTMENT ID="111795944" OBJECTID="81453225" OBJECTGUID="aa5c1a8c-945a-494c-8c2d-17bd93d0895e" CHANGEID="689642877" NUMBER="2" APARTTYPE="2" OPERTYPEID="30" PREVID="48718000" NEXTID="0" UPDATEDATE="2025-09-29" STARTDATE="2025-09-29" ENDDATE="2079-06-06" ISACTUAL="1" ISACTIVE="0" /><APARTMENT ID="111804714" OBJECTID="174943695" OBJECTGUID="901df8bd-389b-4578-b101-172ae1b480bf" CHANGEID="689697005" NUMBER="1" APARTTYPE="2" OPERTYPEID="10" PREVID="0" NEXTID="0" UPDATEDATE="2025-09-29" STARTDATE="2025-09-29" ENDDATE="2079-06-06" ISACTUAL="1" ISACTIVE="1" /><APARTMENT ID="111804716" OBJECTID="174943709" OBJECTGUID="49069446-4d56-4e5d-8b5f-eb1ee546cdac" CHANGEID="689697023" NUMBER="3" APARTTYPE="2" OPERTYPEID="10" PREVID="0" NEXTID="0" UPDATEDATE="2025-09-29" STARTDATE="2025-09-29" ENDDATE="2079-06-06" ISACTUAL="1" ISACTIVE="1" /><APARTMENT ID="111804715" OBJECTID="174943704" OBJECTGUID="883c3e8c-b9d4-4288-9549-ec6c7189c24c" CHANGEID="689697016" NUMBER="2" APARTTYPE="2" OPERTYPEID="10" PREVID="0" NEXTID="0" UPDATEDATE="2025-09-29" STARTDATE="2025-09-29" ENDDATE="2079-06-06" ISACTUAL="1" ISACTIVE="1" /><APARTMENT ID="111806605" OBJECTID="174948960" OBJECTGUID="94595b61-e245-476d-aeec-c16677d6242e" CHANGEID="689708115" NUMBER="4Н" APARTTYPE="1" OPERTYPEID="10" PREVID="0" NEXTID="0" UPDATEDATE="2025-09-30" STARTDATE="2025-09-30" ENDDATE="2079-06-06" ISACTUAL="1" ISACTIVE="1" /><APARTMENT ID="111806604" OBJECTID="174948959" OBJECTGUID="4778ea33-5c4a-4a14-87af-d75801c65d6e" CHANGEID="689708114" NUMBER="268" APARTTYPE="2" OPERTYPEID="10" PREVID="0" NEXTID="0" UPDATEDATE="2025-09-30" STARTDATE="2025-09-30" ENDDATE="2079-06-06" ISACTUAL="1" ISACTIVE="1" /><APARTMENT ID="111806782" OBJECTID="174949598" OBJECTGUID="f1723eb4-26e5-4c70-8672-695a2fec95e2" CHANGEID="689709397" NUMBER="3Н" APARTTYPE="1" OPERTYPEID="10" PREVID="0" NEXTID="0" UPDATEDATE="2025-09-30" STARTDATE="2025-09-30" ENDDATE="2079-06-06" ISACTUAL="1" ISACTIVE="1" /><APARTMENT ID="111806784" OBJECTID="174949602" OBJECTGUID="5876646d-d0e0-4859-a49d-77974bc21a18" CHANGEID="689709402" NUMBER="71" APARTTYPE="2" OPERTYPEID="10" PREVID="0" NEXTID="0" UPDATEDATE="2025-09-30" STARTDATE="2025-09-30" ENDDATE="2079-06-06" ISACTUAL="1" ISACTIVE="1" /><APARTMENT ID="111810753" OBJECTID="174967448" OBJECTGUID="dc1f732f-1601-4db3-b9a8-3679697b016b" CHANGEID="689752064" NUMBER="1" APARTTYPE="2" OPERTYPEID="10" PREVID="0" NEXTID="0" UPDATEDATE="2025-09-30" STARTDATE="2025-09-30" ENDDATE="2079-06-06" ISACTUAL="1" ISACTIVE="1" /><APARTMENT ID="111810795" OBJECTID="174967937" OBJECTGUID="3a536d14-25b7-4fb2-98c2-8a243a5ccbe3" CHANGEID="689753032" NUMBER="82/2" APARTTYPE="1" OPERTYPEID="10" PREVID="0" NEXTID="0" UPDATEDATE="2025-09-30" STARTDATE="2025-09-30" ENDDATE="2079-06-06" ISACTUAL="1" ISACTIVE="1" /><APARTMENT ID="111814517" OBJECTID="174979698" OBJECTGUID="8d6beb65-d126-42ca-858b-19438a03a793" CHANGEID="689795530" NUMBER="15Н" APARTTYPE="1" OPERTYPEID="10" PREVID="0" NEXTID="0" UPDATEDATE="2025-10-01" STARTDATE="2025-10-01" ENDDATE="2079-06-06" ISACTUAL="1" ISACTIVE="1" /><APARTMENT ID="111814518" OBJECTID="174979699" OBJECTGUID="17cb6192-9299-4f01-bd74-5e07410507df" CHANGEID="689795531" NUMBER="14Н" APARTTYPE="1" OPERTYPEID="10" PREVID="0" NEXTID="0" UPDATEDATE="2025-10-01" STARTDATE="2025-10-01" ENDDATE="2079-06-06" ISACTUAL="1" ISACTIVE="1" /><APARTMENT ID="111814519" OBJECTID="174979700" OBJECTGUID="61d5e817-0526-49d1-9f38-201ad0ee787c" CHANGEID="689795532" NUMBER="1Н" APARTTYPE="1" OPERTYPEID="10" PREVID="0" NEXTID="0" UPDATEDATE="2025-10-01" STARTDATE="2025-10-01" ENDDATE="2079-06-06" ISACTUAL="1" ISACTIVE="1" /><APARTMENT ID="111814522" OBJECTID="174979703" OBJECTGUID="5051287c-2fd3-49fd-ac4b-e6a9c01c8742" CHANGEID="689795539" NUMBER="89" APARTTYPE="2" OPERTYPEID="10" PREVID="0" NEXTID="0" UPDATEDATE="2025-10-01" STARTDATE="2025-10-01" ENDDATE="2079-06-06" ISACTUAL="1" ISACTIVE="1" /><APARTMENT ID="111818049" OBJECTID="1573857" OBJECTGUID="744cc834-e999-4e34-a194-4d5dc92a48d0" CHANGEID="689816084" NUMBER="1" APARTTYPE="2" OPERTYPEID="55" PREVID="59439" NEXTID="129190164" UPDATEDATE="2025-10-01" STARTDATE="2025-10-01" ENDDATE="2079-06-06" ISACTUAL="1" ISACTIVE="0" /><APARTMENT ID="59439" OBJECTID="1573857" OBJECTGUID="744cc834-e999-4e34-a194-4d5dc92a48d0" CHANGEID="4234426" NUMBER="1" APARTTYPE="2" OPERTYPEID="10" PREVID="0" NEXTID="111818049" UPDATEDATE="2025-10-01" STARTDATE="2016-06-21" ENDDATE="2025-10-01" ISACTUAL="0" ISACTIVE="0" /><APARTMENT ID="111818646" OBJECTID="174991328" OBJECTGUID="07f5cf99-3192-4e5f-b352-277160249e1c" CHANGEID="689818835" NUMBER="3" APARTTYPE="2" OPERTYPEID="10" PREVID="0" NEXTID="0" UPDATEDATE="2025-10-01" STARTDATE="2025-10-01" ENDDATE="2079-06-06" ISACTUAL="1" ISACTIVE="1" /><APARTMENT ID="111818645" OBJECTID="174991326" OBJECTGUID="92e186c6-e2a6-49dc-978c-114347493472" CHANGEID="689818830" NUMBER="2" APARTTYPE="2" OPERTYPEID="10" PREVID="0" NEXTID="0" UPDATEDATE="2025-10-01" STARTDATE="2025-10-01" ENDDATE="2079-06-06" ISACTUAL="1" ISACTIVE="1" /><APARTMENT ID="111818770" OBJECTID="1573843" OBJECTGUID="340b49cb-1d87-48af-8909-32d5acf9af7d" CHANGEID="689819731" NUMBER="2" APARTTYPE="2" OPERTYPEID="55" PREVID="59428" NEXTID="129191091" UPDATEDATE="2025-10-01" STARTDATE="2025-10-01" ENDDATE="2079-06-06" ISACTUAL="1" ISACTIVE="0" /><APARTMENT ID="59428" OBJECTID="1573843" OBJECTGUID="340b49cb-1d87-48af-8909-32d5acf9af7d" CHANGEID="4234400" NUMBER="2" APARTTYPE="2" OPERTYPEID="10" PREVID="0" NEXTID="111818770" UPDATEDATE="2025-10-01" STARTDATE="2016-06-21" ENDDATE="2025-10-01" ISACTUAL="0" ISACTIVE="0" /></APARTMENTS>