﻿<?xml version="1.0" encoding="utf-8"?><HOUSES><HOUSE ID="54572961" OBJECTID="75601723" OBJECTGUID="2d0cf83b-f5ab-4dc0-b168-d80467b68389" CHANGEID="112468589" HOUSENUM="43" HOUSETYPE="2" OPERTYPEID="20" PREVID="45647665" NEXTID="129166674" UPDATEDATE="2025-09-29" STARTDATE="1900-01-01" ENDDATE="2025-09-29" ISACTUAL="0" ISACTIVE="0" /><HOUSE ID="59939206" OBJECTID="47655199" OBJECTGUID="78cc5b59-761a-484e-a2e5-f8b82f209a29" CHANGEID="71665271" HOUSENUM="126" HOUSETYPE="2" OPERTYPEID="20" PREVID="28491279" NEXTID="129179523" UPDATEDATE="2025-09-30" STARTDATE="2014-01-04" ENDDATE="2025-09-30" ISACTUAL="0" ISACTIVE="0" /><HOUSE ID="70102388" OBJECTID="98752754" OBJECTGUID="4977e390-95a1-46e5-abf1-b9ac1adce29c" CHANGEID="157918572" HOUSENUM="4" ADDNUM1="1" HOUSETYPE="2" ADDTYPE1="1" OPERTYPEID="10" PREVID="0" NEXTID="129180887" UPDATEDATE="2025-09-30" STARTDATE="2020-10-19" ENDDATE="2025-09-30" ISACTUAL="0" ISACTIVE="0" /><HOUSE ID="70102389" OBJECTID="98752755" OBJECTGUID="f60e0f06-6883-4780-8236-1d94ebcfa113" CHANGEID="157918573" HOUSENUM="4" ADDNUM1="2" HOUSETYPE="2" ADDTYPE1="1" OPERTYPEID="10" PREVID="0" NEXTID="129180888" UPDATEDATE="2025-09-30" STARTDATE="2020-10-19" ENDDATE="2025-09-30" ISACTUAL="0" ISACTIVE="0" /><HOUSE ID="129166710" OBJECTID="69909277" OBJECTGUID="3b240e74-66c8-4f57-bbe5-4ef7b5586c0b" CHANGEID="689642983" HOUSENUM="34" HOUSETYPE="2" OPERTYPEID="30" PREVID="42164106" NEXTID="0" UPDATEDATE="2025-09-29" STARTDATE="2025-09-29" ENDDATE="2079-06-06" ISACTUAL="1" ISACTIVE="0" /><HOUSE ID="42164106" OBJECTID="69909277" OBJECTGUID="3b240e74-66c8-4f57-bbe5-4ef7b5586c0b" CHANGEID="104181797" HOUSENUM="34" HOUSETYPE="2" OPERTYPEID="20" PREVID="42164101" NEXTID="129166710" UPDATEDATE="2025-09-29" STARTDATE="2018-04-13" ENDDATE="2025-09-29" ISACTUAL="0" ISACTIVE="0" /><HOUSE ID="129166674" OBJECTID="75601723" OBJECTGUID="2d0cf83b-f5ab-4dc0-b168-d80467b68389" CHANGEID="689642880" HOUSENUM="43" HOUSETYPE="2" OPERTYPEID="30" PREVID="54572961" NEXTID="0" UPDATEDATE="2025-09-29" STARTDATE="2025-09-29" ENDDATE="2079-06-06" ISACTUAL="1" ISACTIVE="0" /><HOUSE ID="129166724" OBJECTID="174918231" OBJECTGUID="ec61de95-5688-4628-b0c7-4da5a24b30f3" CHANGEID="689643343" HOUSENUM="55" HOUSETYPE="2" OPERTYPEID="10" PREVID="0" NEXTID="0" UPDATEDATE="2025-09-29" STARTDATE="2025-09-29" ENDDATE="2079-06-06" ISACTUAL="1" ISACTIVE="1" /><HOUSE ID="129167200" OBJECTID="174919853" OBJECTGUID="2ae85389-d7b6-49e9-948b-0278f294eb59" CHANGEID="689645936" HOUSENUM="5" HOUSETYPE="2" OPERTYPEID="10" PREVID="0" NEXTID="0" UPDATEDATE="2025-09-29" STARTDATE="2025-09-29" ENDDATE="2079-06-06" ISACTUAL="1" ISACTIVE="1" /><HOUSE ID="129167223" OBJECTID="174919962" OBJECTGUID="b72c54c7-e45b-4eb0-9802-0640b4445962" CHANGEID="689646060" HOUSENUM="5Б" HOUSETYPE="2" OPERTYPEID="10" PREVID="0" NEXTID="0" UPDATEDATE="2025-09-29" STARTDATE="2025-09-29" ENDDATE="2079-06-06" ISACTUAL="1" ISACTIVE="1" /><HOUSE ID="129170377" OBJECTID="174929454" OBJECTGUID="26039bfb-fc42-405b-8a96-5fb5ecc54991" CHANGEID="689667555" HOUSENUM="36б" HOUSETYPE="2" OPERTYPEID="10" PREVID="0" NEXTID="0" UPDATEDATE="2025-09-29" STARTDATE="2025-09-29" ENDDATE="2079-06-06" ISACTUAL="1" ISACTIVE="1" /><HOUSE ID="129170649" OBJECTID="174930149" OBJECTGUID="5e82780b-54fd-46bb-b95b-bbfbe68700dc" CHANGEID="689668895" HOUSENUM="10а" HOUSETYPE="2" OPERTYPEID="10" PREVID="0" NEXTID="0" UPDATEDATE="2025-09-29" STARTDATE="2025-09-29" ENDDATE="2079-06-06" ISACTUAL="1" ISACTIVE="1" /><HOUSE ID="129170623" OBJECTID="174930095" OBJECTGUID="c7e80ff9-6c35-4342-a92d-b576b7aa311f" CHANGEID="689668771" HOUSENUM="2" HOUSETYPE="2" OPERTYPEID="10" PREVID="0" NEXTID="0" UPDATEDATE="2025-09-29" STARTDATE="2025-09-29" ENDDATE="2079-06-06" ISACTUAL="1" ISACTIVE="1" /><HOUSE ID="129170715" OBJECTID="174930424" OBJECTGUID="bd380604-289c-4d99-acb0-d8c23b318674" CHANGEID="689669502" HOUSENUM="17" HOUSETYPE="2" OPERTYPEID="10" PREVID="0" NEXTID="0" UPDATEDATE="2025-09-29" STARTDATE="2025-09-29" ENDDATE="2079-06-06" ISACTUAL="1" ISACTIVE="1" /><HOUSE ID="129170717" OBJECTID="174930450" OBJECTGUID="0000ec68-2241-4f16-97b6-f176542d92b3" CHANGEID="689669576" HOUSENUM="5а" HOUSETYPE="2" OPERTYPEID="10" PREVID="0" NEXTID="0" UPDATEDATE="2025-09-29" STARTDATE="2025-09-29" ENDDATE="2079-06-06" ISACTUAL="1" ISACTIVE="1" /><HOUSE ID="129171198" OBJECTID="174932501" OBJECTGUID="9edbc9ff-02b4-4407-a6ba-fe56d30c2b8e" CHANGEID="689673306" HOUSENUM="75" HOUSETYPE="2" OPERTYPEID="10" PREVID="0" NEXTID="0" UPDATEDATE="2025-09-29" STARTDATE="2025-09-29" ENDDATE="2079-06-06" ISACTUAL="1" ISACTIVE="1" /><HOUSE ID="129171192" OBJECTID="174932443" OBJECTGUID="483850a8-8c26-4c47-9e5a-d75466d88317" CHANGEID="689673233" HOUSENUM="21" ADDNUM1="2" HOUSETYPE="2" ADDTYPE1="2" OPERTYPEID="10" PREVID="0" NEXTID="0" UPDATEDATE="2025-09-29" STARTDATE="2025-09-29" ENDDATE="2079-06-06" ISACTUAL="1" ISACTIVE="1" /><HOUSE ID="129173209" OBJECTID="174938141" OBJECTGUID="940b0653-d783-4512-b192-2d52c3f5fcbf" CHANGEID="689686241" HOUSENUM="21" HOUSETYPE="2" OPERTYPEID="10" PREVID="0" NEXTID="0" UPDATEDATE="2025-09-29" STARTDATE="2025-09-29" ENDDATE="2079-06-06" ISACTUAL="1" ISACTIVE="1" /><HOUSE ID="129173276" OBJECTID="174938282" OBJECTGUID="edd80f88-9f42-4758-9801-2b3773f0c286" CHANGEID="689686582" HOUSENUM="11" HOUSETYPE="2" OPERTYPEID="10" PREVID="0" NEXTID="0" UPDATEDATE="2025-09-29" STARTDATE="2025-09-29" ENDDATE="2079-06-06" ISACTUAL="1" ISACTIVE="1" /><HOUSE ID="129173237" OBJECTID="174938183" OBJECTGUID="7ef2bf2d-c7df-4164-b639-6ee3af2588eb" CHANGEID="689686439" HOUSENUM="1" HOUSETYPE="2" OPERTYPEID="10" PREVID="0" NEXTID="0" UPDATEDATE="2025-09-29" STARTDATE="2025-09-29" ENDDATE="2079-06-06" ISACTUAL="1" ISACTIVE="1" /><HOUSE ID="129173998" OBJECTID="174940605" OBJECTGUID="85726971-3795-476e-a7fe-6f6eb719f056" CHANGEID="689691270" HOUSENUM="4" HOUSETYPE="2" OPERTYPEID="10" PREVID="0" NEXTID="0" UPDATEDATE="2025-09-29" STARTDATE="2025-09-29" ENDDATE="2079-06-06" ISACTUAL="1" ISACTIVE="1" /><HOUSE ID="129174124" OBJECTID="174941222" OBJECTGUID="b36cf163-c9e4-488c-b69b-37166b4fc1b4" CHANGEID="689692483" HOUSENUM="5" HOUSETYPE="2" OPERTYPEID="10" PREVID="0" NEXTID="0" UPDATEDATE="2025-09-29" STARTDATE="2025-09-29" ENDDATE="2079-06-06" ISACTUAL="1" ISACTIVE="1" /><HOUSE ID="129174246" OBJECTID="174941637" OBJECTGUID="53190c1d-0f2e-438d-ab28-db934f4cf05a" CHANGEID="689693644" HOUSENUM="21а" HOUSETYPE="2" OPERTYPEID="10" PREVID="0" NEXTID="0" UPDATEDATE="2025-09-29" STARTDATE="2025-09-29" ENDDATE="2079-06-06" ISACTUAL="1" ISACTIVE="1" /><HOUSE ID="129174554" OBJECTID="174942914" OBJECTGUID="beadb221-a2f1-43c7-b1ee-99212cac73e7" CHANGEID="689695676" HOUSENUM="2а" HOUSETYPE="2" OPERTYPEID="10" PREVID="0" NEXTID="0" UPDATEDATE="2025-09-29" STARTDATE="2025-09-29" ENDDATE="2079-06-06" ISACTUAL="1" ISACTIVE="1" /><HOUSE ID="129174601" OBJECTID="174943096" OBJECTGUID="d932923c-623d-47b0-936c-d8eb3863175d" CHANGEID="689695931" HOUSENUM="1/1" HOUSETYPE="2" OPERTYPEID="10" PREVID="0" NEXTID="0" UPDATEDATE="2025-09-29" STARTDATE="2025-09-29" ENDDATE="2079-06-06" ISACTUAL="1" ISACTIVE="1" /><HOUSE ID="129174893" OBJECTID="174943814" OBJECTGUID="846be2f6-cb4d-49ef-a526-204b08430f55" CHANGEID="689697168" HOUSENUM="14" HOUSETYPE="2" OPERTYPEID="10" PREVID="0" NEXTID="0" UPDATEDATE="2025-09-29" STARTDATE="2025-09-29" ENDDATE="2079-06-06" ISACTUAL="1" ISACTIVE="1" /><HOUSE ID="129175114" OBJECTID="60005538" OBJECTGUID="3ee9f00d-4673-46df-be3e-a82694bc954f" CHANGEID="689697910" HOUSENUM="48" HOUSETYPE="2" OPERTYPEID="30" PREVID="55838167" NEXTID="0" UPDATEDATE="2025-09-29" STARTDATE="2025-09-29" ENDDATE="2079-06-06" ISACTUAL="1" ISACTIVE="0" /><HOUSE ID="55838167" OBJECTID="60005538" OBJECTGUID="3ee9f00d-4673-46df-be3e-a82694bc954f" CHANGEID="89616594" HOUSENUM="48" HOUSETYPE="2" OPERTYPEID="20" PREVID="35942841" NEXTID="129175114" UPDATEDATE="2025-09-29" STARTDATE="2017-02-08" ENDDATE="2025-09-29" ISACTUAL="0" ISACTIVE="0" /><HOUSE ID="129176958" OBJECTID="174950012" OBJECTGUID="2a7963bc-6449-427c-a9d5-add160d3604f" CHANGEID="689710170" HOUSENUM="2" HOUSETYPE="2" OPERTYPEID="10" PREVID="0" NEXTID="0" UPDATEDATE="2025-09-30" STARTDATE="2025-09-30" ENDDATE="2079-06-06" ISACTUAL="1" ISACTIVE="1" /><HOUSE ID="129178883" OBJECTID="174955308" OBJECTGUID="9c70f4bf-535e-42dc-937a-40934d5704cb" CHANGEID="689723450" HOUSENUM="14" HOUSETYPE="2" OPERTYPEID="10" PREVID="0" NEXTID="0" UPDATEDATE="2025-09-30" STARTDATE="2025-09-30" ENDDATE="2079-06-06" ISACTUAL="1" ISACTIVE="1" /><HOUSE ID="129178876" OBJECTID="174955295" OBJECTGUID="09fc37d8-bc0b-454d-aff8-3ad75b0c1387" CHANGEID="689723427" HOUSENUM="12" HOUSETYPE="2" OPERTYPEID="10" PREVID="0" NEXTID="0" UPDATEDATE="2025-09-30" STARTDATE="2025-09-30" ENDDATE="2079-06-06" ISACTUAL="1" ISACTIVE="1" /><HOUSE ID="129179523" OBJECTID="47655199" OBJECTGUID="78cc5b59-761a-484e-a2e5-f8b82f209a29" CHANGEID="689729918" HOUSENUM="126" HOUSETYPE="2" OPERTYPEID="30" PREVID="59939206" NEXTID="0" UPDATEDATE="2025-09-30" STARTDATE="2025-09-30" ENDDATE="2079-06-06" ISACTUAL="1" ISACTIVE="0" /><HOUSE ID="129180232" OBJECTID="174959720" OBJECTGUID="278cc42c-c030-41a0-9750-e1732b0cbb02" CHANGEID="689734608" HOUSENUM="10" HOUSETYPE="2" OPERTYPEID="10" PREVID="0" NEXTID="0" UPDATEDATE="2025-09-30" STARTDATE="2025-09-30" ENDDATE="2079-06-06" ISACTUAL="1" ISACTIVE="1" /><HOUSE ID="129180243" OBJECTID="174959789" OBJECTGUID="d2e50a98-45f4-48a4-9452-ed2ee977cf80" CHANGEID="689734716" HOUSENUM="48" HOUSETYPE="2" OPERTYPEID="10" PREVID="0" NEXTID="0" UPDATEDATE="2025-09-30" STARTDATE="2025-09-30" ENDDATE="2079-06-06" ISACTUAL="1" ISACTIVE="1" /><HOUSE ID="129180305" OBJECTID="174960320" OBJECTGUID="88352115-8dc8-451b-a20e-45c77d58848d" CHANGEID="689735608" HOUSENUM="3" HOUSETYPE="2" OPERTYPEID="10" PREVID="0" NEXTID="0" UPDATEDATE="2025-09-30" STARTDATE="2025-09-30" ENDDATE="2079-06-06" ISACTUAL="1" ISACTIVE="1" /><HOUSE ID="129180582" OBJECTID="174960926" OBJECTGUID="54690150-58c6-44b5-a213-44a5e01c4975" CHANGEID="689737255" HOUSENUM="15" HOUSETYPE="2" OPERTYPEID="10" PREVID="0" NEXTID="0" UPDATEDATE="2025-09-30" STARTDATE="2025-09-30" ENDDATE="2079-06-06" ISACTUAL="1" ISACTIVE="1" /><HOUSE ID="129180887" OBJECTID="98752754" OBJECTGUID="4977e390-95a1-46e5-abf1-b9ac1adce29c" CHANGEID="689739195" HOUSENUM="4" ADDNUM1="1" HOUSETYPE="2" ADDTYPE1="1" OPERTYPEID="30" PREVID="70102388" NEXTID="0" UPDATEDATE="2025-09-30" STARTDATE="2025-09-30" ENDDATE="2079-06-06" ISACTUAL="1" ISACTIVE="0" /><HOUSE ID="129180888" OBJECTID="98752755" OBJECTGUID="f60e0f06-6883-4780-8236-1d94ebcfa113" CHANGEID="689739196" HOUSENUM="4" ADDNUM1="2" HOUSETYPE="2" ADDTYPE1="1" OPERTYPEID="30" PREVID="70102389" NEXTID="0" UPDATEDATE="2025-09-30" STARTDATE="2025-09-30" ENDDATE="2079-06-06" ISACTUAL="1" ISACTIVE="0" /><HOUSE ID="129182823" OBJECTID="174967315" OBJECTGUID="fd98a5df-9613-44be-8d8a-ed84a85bfbb8" CHANGEID="689751403" HOUSENUM="3" HOUSETYPE="2" OPERTYPEID="10" PREVID="0" NEXTID="0" UPDATEDATE="2025-09-30" STARTDATE="2025-09-30" ENDDATE="2079-06-06" ISACTUAL="1" ISACTIVE="1" /><HOUSE ID="129183002" OBJECTID="174967750" OBJECTGUID="6fdef5a5-69b2-4e5c-b6c0-9e680317e4dc" CHANGEID="689752683" HOUSENUM="11" HOUSETYPE="2" OPERTYPEID="10" PREVID="0" NEXTID="0" UPDATEDATE="2025-09-30" STARTDATE="2025-09-30" ENDDATE="2079-06-06" ISACTUAL="1" ISACTIVE="1" /><HOUSE ID="129183010" OBJECTID="174967776" OBJECTGUID="7a1828d6-98d4-4be9-b585-ac83e20810da" CHANGEID="689752740" HOUSENUM="91" HOUSETYPE="2" OPERTYPEID="10" PREVID="0" NEXTID="0" UPDATEDATE="2025-09-30" STARTDATE="2025-09-30" ENDDATE="2079-06-06" ISACTUAL="1" ISACTIVE="1" /><HOUSE ID="129183719" OBJECTID="174969852" OBJECTGUID="690ed67f-af4b-44c0-ac1f-8a80868c473d" CHANGEID="689757446" HOUSENUM="54" HOUSETYPE="2" OPERTYPEID="10" PREVID="0" NEXTID="0" UPDATEDATE="2025-09-30" STARTDATE="2025-09-30" ENDDATE="2079-06-06" ISACTUAL="1" ISACTIVE="1" /><HOUSE ID="129183726" OBJECTID="174969877" OBJECTGUID="967dde23-9e67-4628-9bbc-f88989ea1189" CHANGEID="689757618" HOUSENUM="27" HOUSETYPE="2" OPERTYPEID="10" PREVID="0" NEXTID="0" UPDATEDATE="2025-09-30" STARTDATE="2025-09-30" ENDDATE="2079-06-06" ISACTUAL="1" ISACTIVE="1" /><HOUSE ID="129186627" OBJECTID="174979682" OBJECTGUID="5acf6b4e-f4bd-4d61-8761-5990b8aeee93" CHANGEID="689795504" HOUSENUM="4б" HOUSETYPE="2" OPERTYPEID="10" PREVID="0" NEXTID="0" UPDATEDATE="2025-10-01" STARTDATE="2025-10-01" ENDDATE="2079-06-06" ISACTUAL="1" ISACTIVE="1" /><HOUSE ID="129186648" OBJECTID="174979717" OBJECTGUID="2202cf4d-220a-45a0-99fe-24e701d49a08" CHANGEID="689795554" HOUSENUM="5" HOUSETYPE="2" OPERTYPEID="10" PREVID="0" NEXTID="0" UPDATEDATE="2025-10-01" STARTDATE="2025-10-01" ENDDATE="2079-06-06" ISACTUAL="1" ISACTIVE="1" /><HOUSE ID="129186671" OBJECTID="174979785" OBJECTGUID="08397470-5ded-48b1-a1cf-c0409cc386c4" CHANGEID="689795662" HOUSENUM="125а" HOUSETYPE="2" OPERTYPEID="10" PREVID="0" NEXTID="0" UPDATEDATE="2025-10-01" STARTDATE="2025-10-01" ENDDATE="2079-06-06" ISACTUAL="1" ISACTIVE="1" /><HOUSE ID="129187446" OBJECTID="174982058" OBJECTGUID="90e5aa39-2e65-4b60-b52e-2d18aef15f7d" CHANGEID="689800835" HOUSENUM="3а" HOUSETYPE="2" OPERTYPEID="10" PREVID="0" NEXTID="0" UPDATEDATE="2025-10-01" STARTDATE="2025-10-01" ENDDATE="2079-06-06" ISACTUAL="1" ISACTIVE="1" /><HOUSE ID="129187460" OBJECTID="174982121" OBJECTGUID="eaebd7f7-44b0-4d0d-a75a-174f71bf261e" CHANGEID="689800923" HOUSENUM="16" HOUSETYPE="2" OPERTYPEID="10" PREVID="0" NEXTID="0" UPDATEDATE="2025-10-01" STARTDATE="2025-10-01" ENDDATE="2079-06-06" ISACTUAL="1" ISACTIVE="1" /><HOUSE ID="129188176" OBJECTID="174983469" OBJECTGUID="36905954-4fc3-4fda-9080-5cf7688dc89a" CHANGEID="689803378" HOUSENUM="4" HOUSETYPE="2" OPERTYPEID="10" PREVID="0" NEXTID="0" UPDATEDATE="2025-10-01" STARTDATE="2025-10-01" ENDDATE="2079-06-06" ISACTUAL="1" ISACTIVE="1" /><HOUSE ID="129188203" OBJECTID="174983549" OBJECTGUID="586d4311-2017-46e8-b6b8-4189ecda627b" CHANGEID="689803512" HOUSENUM="7" HOUSETYPE="2" OPERTYPEID="10" PREVID="0" NEXTID="0" UPDATEDATE="2025-10-01" STARTDATE="2025-10-01" ENDDATE="2079-06-06" ISACTUAL="1" ISACTIVE="1" /><HOUSE ID="129188208" OBJECTID="174983556" OBJECTGUID="1456a7f7-7d9d-4889-aa21-a693b0535150" CHANGEID="689803542" HOUSENUM="8" HOUSETYPE="2" OPERTYPEID="10" PREVID="0" NEXTID="0" UPDATEDATE="2025-10-01" STARTDATE="2025-10-01" ENDDATE="2079-06-06" ISACTUAL="1" ISACTIVE="1" /><HOUSE ID="129188214" OBJECTID="174983579" OBJECTGUID="5e9b77a7-8d59-4cf7-9ad0-00b9eb31a6a8" CHANGEID="689803590" HOUSENUM="148а" HOUSETYPE="2" OPERTYPEID="10" PREVID="0" NEXTID="0" UPDATEDATE="2025-10-01" STARTDATE="2025-10-01" ENDDATE="2079-06-06" ISACTUAL="1" ISACTIVE="1" /><HOUSE ID="129188240" OBJECTID="174983672" OBJECTGUID="be7ed554-00a7-44c6-838e-c7b37af8e35e" CHANGEID="689803797" HOUSENUM="2" HOUSETYPE="2" OPERTYPEID="10" PREVID="0" NEXTID="0" UPDATEDATE="2025-10-01" STARTDATE="2025-10-01" ENDDATE="2079-06-06" ISACTUAL="1" ISACTIVE="1" /><HOUSE ID="129188956" OBJECTID="174985888" OBJECTGUID="1c0df31e-f1b3-4fc2-98da-f3f33f61e0d9" CHANGEID="689809308" HOUSENUM="22а" HOUSETYPE="2" OPERTYPEID="10" PREVID="0" NEXTID="0" UPDATEDATE="2025-10-01" STARTDATE="2025-10-01" ENDDATE="2079-06-06" ISACTUAL="1" ISACTIVE="1" /><HOUSE ID="129189646" OBJECTID="174988451" OBJECTGUID="876eb424-db85-469c-9c50-cbb47a2b35a7" CHANGEID="689813219" HOUSENUM="2" HOUSETYPE="2" OPERTYPEID="10" PREVID="0" NEXTID="0" UPDATEDATE="2025-10-01" STARTDATE="2025-10-01" ENDDATE="2079-06-06" ISACTUAL="1" ISACTIVE="1" /><HOUSE ID="129189692" OBJECTID="174988592" OBJECTGUID="750067b8-8cbe-4ab4-8932-7e3a834ed2e4" CHANGEID="689813437" HOUSENUM="24" HOUSETYPE="2" OPERTYPEID="10" PREVID="0" NEXTID="0" UPDATEDATE="2025-10-01" STARTDATE="2025-10-01" ENDDATE="2079-06-06" ISACTUAL="1" ISACTIVE="1" /><HOUSE ID="129189717" OBJECTID="174988658" OBJECTGUID="41366909-1fec-42e3-bf74-0d642e711167" CHANGEID="689813523" HOUSENUM="14б" HOUSETYPE="2" OPERTYPEID="10" PREVID="0" NEXTID="0" UPDATEDATE="2025-10-01" STARTDATE="2025-10-01" ENDDATE="2079-06-06" ISACTUAL="1" ISACTIVE="1" /><HOUSE ID="129189772" OBJECTID="174988803" OBJECTGUID="e2dcc299-c963-4a25-b880-b07fb114fab8" CHANGEID="689813775" HOUSENUM="6" HOUSETYPE="2" OPERTYPEID="10" PREVID="0" NEXTID="0" UPDATEDATE="2025-10-01" STARTDATE="2025-10-01" ENDDATE="2079-06-06" ISACTUAL="1" ISACTIVE="1" /><HOUSE ID="129189785" OBJECTID="174988819" OBJECTGUID="509fc28d-f0d5-4116-ae4e-23dad29711db" CHANGEID="689813794" HOUSENUM="6" HOUSETYPE="2" OPERTYPEID="10" PREVID="0" NEXTID="0" UPDATEDATE="2025-10-01" STARTDATE="2025-10-01" ENDDATE="2079-06-06" ISACTUAL="1" ISACTIVE="1" /><HOUSE ID="129189797" OBJECTID="174988829" OBJECTGUID="f4de8c1b-a7ba-409a-879c-a65ab1aa3ace" CHANGEID="689813822" HOUSENUM="43" HOUSETYPE="2" OPERTYPEID="10" PREVID="0" NEXTID="0" UPDATEDATE="2025-10-01" STARTDATE="2025-10-01" ENDDATE="2079-06-06" ISACTUAL="1" ISACTIVE="1" /><HOUSE ID="129189814" OBJECTID="174988877" OBJECTGUID="b0834b14-543a-4745-8fbf-3651582b0641" CHANGEID="689813891" HOUSENUM="14" HOUSETYPE="2" OPERTYPEID="10" PREVID="0" NEXTID="0" UPDATEDATE="2025-10-01" STARTDATE="2025-10-01" ENDDATE="2079-06-06" ISACTUAL="1" ISACTIVE="1" /><HOUSE ID="129189821" OBJECTID="174988885" OBJECTGUID="b4fac866-f711-4047-879a-b9aed039a546" CHANGEID="689813907" HOUSENUM="2В" HOUSETYPE="5" OPERTYPEID="10" PREVID="0" NEXTID="0" UPDATEDATE="2025-10-01" STARTDATE="2025-10-01" ENDDATE="2079-06-06" ISACTUAL="1" ISACTIVE="1" /><HOUSE ID="129189826" OBJECTID="174988900" OBJECTGUID="92202f81-da94-41d6-bfaa-0a9402fc1636" CHANGEID="689813933" HOUSENUM="2Г" HOUSETYPE="5" OPERTYPEID="10" PREVID="0" NEXTID="0" UPDATEDATE="2025-10-01" STARTDATE="2025-10-01" ENDDATE="2079-06-06" ISACTUAL="1" ISACTIVE="1" /><HOUSE ID="129189831" OBJECTID="174988910" OBJECTGUID="de6979d3-a81e-49f1-b423-d517ee5c4a1b" CHANGEID="689813951" HOUSENUM="2Д" HOUSETYPE="5" OPERTYPEID="10" PREVID="0" NEXTID="0" UPDATEDATE="2025-10-01" STARTDATE="2025-10-01" ENDDATE="2079-06-06" ISACTUAL="1" ISACTIVE="1" /><HOUSE ID="129189884" OBJECTID="174988934" OBJECTGUID="baff1e69-8b06-4c53-a123-9174fbd20047" CHANGEID="689814028" HOUSENUM="405" HOUSETYPE="2" OPERTYPEID="10" PREVID="0" NEXTID="0" UPDATEDATE="2025-10-01" STARTDATE="2025-10-01" ENDDATE="2079-06-06" ISACTUAL="1" ISACTIVE="1" /><HOUSE ID="129189920" OBJECTID="174988946" OBJECTGUID="9b30b698-9c61-487f-bed4-51d374bf2b9c" CHANGEID="689814088" HOUSENUM="2Д" ADDNUM1="5" HOUSETYPE="5" ADDTYPE1="2" OPERTYPEID="10" PREVID="0" NEXTID="0" UPDATEDATE="2025-10-01" STARTDATE="2025-10-01" ENDDATE="2079-06-06" ISACTUAL="1" ISACTIVE="1" /><HOUSE ID="129189921" OBJECTID="174988947" OBJECTGUID="bb43abb5-78d4-4ca5-b5f5-8d7158b2b373" CHANGEID="689814089" HOUSENUM="2Д" ADDNUM1="2" HOUSETYPE="5" ADDTYPE1="2" OPERTYPEID="10" PREVID="0" NEXTID="0" UPDATEDATE="2025-10-01" STARTDATE="2025-10-01" ENDDATE="2079-06-06" ISACTUAL="1" ISACTIVE="1" /><HOUSE ID="129189922" OBJECTID="174988948" OBJECTGUID="1b670b41-ae31-4d78-8f7d-e02c627e3629" CHANGEID="689814090" HOUSENUM="2Д" ADDNUM1="1" HOUSETYPE="5" ADDTYPE1="2" OPERTYPEID="10" PREVID="0" NEXTID="0" UPDATEDATE="2025-10-01" STARTDATE="2025-10-01" ENDDATE="2079-06-06" ISACTUAL="1" ISACTIVE="1" /><HOUSE ID="129189923" OBJECTID="174988949" OBJECTGUID="19096187-9db2-40a8-b0e8-ba3043687e7b" CHANGEID="689814091" HOUSENUM="2Д" ADDNUM1="4" HOUSETYPE="5" ADDTYPE1="2" OPERTYPEID="10" PREVID="0" NEXTID="0" UPDATEDATE="2025-10-01" STARTDATE="2025-10-01" ENDDATE="2079-06-06" ISACTUAL="1" ISACTIVE="1" /><HOUSE ID="129189924" OBJECTID="174988950" OBJECTGUID="15bddfc9-8435-46aa-a318-7670483d9be0" CHANGEID="689814092" HOUSENUM="2Д" ADDNUM1="3" HOUSETYPE="5" ADDTYPE1="2" OPERTYPEID="10" PREVID="0" NEXTID="0" UPDATEDATE="2025-10-01" STARTDATE="2025-10-01" ENDDATE="2079-06-06" ISACTUAL="1" ISACTIVE="1" /><HOUSE ID="129190106" OBJECTID="174989779" OBJECTGUID="b5485cd3-4d28-4015-ae27-588343d93073" CHANGEID="689815937" HOUSENUM="20" HOUSETYPE="2" OPERTYPEID="10" PREVID="0" NEXTID="0" UPDATEDATE="2025-10-01" STARTDATE="2025-10-01" ENDDATE="2079-06-06" ISACTUAL="1" ISACTIVE="1" /><HOUSE ID="129190164" OBJECTID="174989828" OBJECTGUID="ec6a5644-ecc3-43ed-8ae3-30e28b2d0185" CHANGEID="689816085" HOUSENUM="15а/1" HOUSETYPE="2" OPERTYPEID="54" PREVID="111818049" NEXTID="0" UPDATEDATE="2025-10-01" STARTDATE="2025-10-01" ENDDATE="2079-06-06" ISACTUAL="1" ISACTIVE="1" /><HOUSE ID="129191091" OBJECTID="174991806" OBJECTGUID="d159b22c-1e22-402e-8e44-9d80cd833edf" CHANGEID="689819732" HOUSENUM="15а/2" HOUSETYPE="2" OPERTYPEID="54" PREVID="111818770" NEXTID="0" UPDATEDATE="2025-10-01" STARTDATE="2025-10-01" ENDDATE="2079-06-06" ISACTUAL="1" ISACTIVE="1" /><HOUSE ID="129191169" OBJECTID="174992056" OBJECTGUID="760b2b76-6462-479d-a5b5-23788f491bb4" CHANGEID="689820069" HOUSENUM="58" HOUSETYPE="2" OPERTYPEID="10" PREVID="0" NEXTID="0" UPDATEDATE="2025-10-01" STARTDATE="2025-10-01" ENDDATE="2079-06-06" ISACTUAL="1" ISACTIVE="1" /><HOUSE ID="129191175" OBJECTID="174992069" OBJECTGUID="8105e8c6-82f2-4c5d-a7b4-f88fc8c53e0c" CHANGEID="689820084" HOUSENUM="8" HOUSETYPE="2" OPERTYPEID="10" PREVID="0" NEXTID="0" UPDATEDATE="2025-10-01" STARTDATE="2025-10-01" ENDDATE="2079-06-06" ISACTUAL="1" ISACTIVE="1" /><HOUSE ID="129191418" OBJECTID="174992722" OBJECTGUID="21b4ab49-1bae-4ccc-92cd-7c90ef2385f9" CHANGEID="689824973" HOUSENUM="34" HOUSETYPE="2" OPERTYPEID="10" PREVID="0" NEXTID="0" UPDATEDATE="2025-10-01" STARTDATE="2025-10-01" ENDDATE="2079-06-06" ISACTUAL="1" ISACTIVE="1" /><HOUSE ID="129191348" OBJECTID="174992531" OBJECTGUID="6c693ac0-21e1-4dfa-ba61-02c6a5d6bbf6" CHANGEID="689822218" HOUSENUM="22" HOUSETYPE="2" OPERTYPEID="10" PREVID="0" NEXTID="0" UPDATEDATE="2025-10-01" STARTDATE="2025-10-01" ENDDATE="2079-06-06" ISACTUAL="1" ISACTIVE="1" /><HOUSE ID="129191407" OBJECTID="174992668" OBJECTGUID="92cfcbd8-18f6-46a7-b9ae-5cb4b99b31ac" CHANGEID="689824856" HOUSENUM="61а/1" HOUSETYPE="2" OPERTYPEID="10" PREVID="0" NEXTID="0" UPDATEDATE="2025-10-01" STARTDATE="2025-10-01" ENDDATE="2079-06-06" ISACTUAL="1" ISACTIVE="1" /></HOUSES>