﻿<?xml version="1.0" encoding="utf-8"?><REESTR_OBJECTS><OBJECT OBJECTID="79459211" OBJECTGUID="c4c136ea-2167-4412-b4db-ad4c58e9c274" CHANGEID="689815516" ISACTIVE="1" LEVELID="11" CREATEDATE="2019-07-14" UPDATEDATE="2025-10-01" /><OBJECT OBJECTID="79380973" OBJECTGUID="b4bc22ec-1cd3-4a23-b698-d9f781d50f77" CHANGEID="689816879" ISACTIVE="1" LEVELID="11" CREATEDATE="2017-11-23" UPDATEDATE="2025-10-01" /><OBJECT OBJECTID="70818344" OBJECTGUID="65c07b6e-524d-4325-8e71-4f9f17444cd0" CHANGEID="689675346" ISACTIVE="1" LEVELID="10" CREATEDATE="2017-12-18" UPDATEDATE="2025-09-29" /><OBJECT OBJECTID="84105113" OBJECTGUID="9786442f-98b7-4493-82fc-c1b0703cae9c" CHANGEID="689819685" ISACTIVE="1" LEVELID="10" CREATEDATE="2019-07-10" UPDATEDATE="2025-10-01" /><OBJECT OBJECTID="22931904" OBJECTGUID="6d150489-fc32-4354-94bb-63c91e774f33" CHANGEID="689753191" ISACTIVE="1" LEVELID="10" CREATEDATE="2017-12-18" UPDATEDATE="2025-09-30" /><OBJECT OBJECTID="23837677" OBJECTGUID="6f4c26fc-d958-40e2-8635-6077d42574c1" CHANGEID="689735355" ISACTIVE="1" LEVELID="10" CREATEDATE="2019-08-26" UPDATEDATE="2025-09-30" /><OBJECT OBJECTID="42170563" OBJECTGUID="eae82b13-0232-4f77-9632-1a2f41979550" CHANGEID="689717606" ISACTIVE="1" LEVELID="10" CREATEDATE="2017-12-17" UPDATEDATE="2025-09-30" /><OBJECT OBJECTID="37131763" OBJECTGUID="86706f6d-f4cf-4249-8cc0-4b3d419eae19" CHANGEID="689670328" ISACTIVE="1" LEVELID="11" CREATEDATE="2018-10-17" UPDATEDATE="2025-09-29" /><OBJECT OBJECTID="174358284" OBJECTGUID="79ec57f0-ec0c-4fab-b539-38e8a48bdb98" CHANGEID="689643092" ISACTIVE="1" LEVELID="10" CREATEDATE="2025-09-01" UPDATEDATE="2025-09-29" /><OBJECT OBJECTID="49820645" OBJECTGUID="983ef4ae-704a-4af9-9d33-423c34374c02" CHANGEID="689671618" ISACTIVE="1" LEVELID="11" CREATEDATE="2019-07-14" UPDATEDATE="2025-09-29" /><OBJECT OBJECTID="64841720" OBJECTGUID="b71d8a37-dd1d-452b-93fc-c1a251de70e2" CHANGEID="689691697" ISACTIVE="1" LEVELID="10" CREATEDATE="2019-07-10" UPDATEDATE="2025-09-29" /><OBJECT OBJECTID="64839781" OBJECTGUID="a8e1025f-b62e-4ca1-bd20-7c603668aca8" CHANGEID="689755978" ISACTIVE="1" LEVELID="10" CREATEDATE="2018-01-12" UPDATEDATE="2025-09-30" /><OBJECT OBJECTID="47581370" OBJECTGUID="f9062134-5780-4ce3-8315-121b43eac65e" CHANGEID="689735567" ISACTIVE="1" LEVELID="10" CREATEDATE="2017-12-17" UPDATEDATE="2025-09-30" /><OBJECT OBJECTID="47581594" OBJECTGUID="bdb24cec-7ca9-4c97-811b-143337832901" CHANGEID="689735611" ISACTIVE="1" LEVELID="10" CREATEDATE="2017-12-17" UPDATEDATE="2025-09-30" /><OBJECT OBJECTID="11304216" OBJECTGUID="620b9b82-2670-49fc-a41b-479319b2a66e" CHANGEID="689737088" ISACTIVE="1" LEVELID="10" CREATEDATE="2019-08-13" UPDATEDATE="2025-09-30" /><OBJECT OBJECTID="70749710" OBJECTGUID="af8a0dbc-3932-45bd-b6cf-fa726de6e664" CHANGEID="689675426" ISACTIVE="1" LEVELID="10" CREATEDATE="2017-12-18" UPDATEDATE="2025-09-29" /><OBJECT OBJECTID="20476752" OBJECTGUID="dd8b4972-22f6-4bfd-8b89-99d639f24f63" CHANGEID="689646585" ISACTIVE="1" LEVELID="10" CREATEDATE="2017-07-31" UPDATEDATE="2025-09-29" /><OBJECT OBJECTID="174607757" OBJECTGUID="f77a6f88-8cca-4fdf-a976-f00a83d727d4" CHANGEID="689644029" ISACTIVE="1" LEVELID="11" CREATEDATE="2025-09-12" UPDATEDATE="2025-09-29" /><OBJECT OBJECTID="82274626" OBJECTGUID="15aadaf1-45e7-4854-bb68-28dadfebfa3f" CHANGEID="689784471" ISACTIVE="1" LEVELID="11" CREATEDATE="2020-01-06" UPDATEDATE="2025-10-01" /><OBJECT OBJECTID="45790137" OBJECTGUID="abc67de5-3ec7-4049-950d-8dbb015c07e5" CHANGEID="689750717" ISACTIVE="1" LEVELID="10" CREATEDATE="2017-12-18" UPDATEDATE="2025-09-30" /><OBJECT OBJECTID="20474576" OBJECTGUID="f3b849be-4c45-4724-916d-8bcc7144ab1e" CHANGEID="689646575" ISACTIVE="1" LEVELID="10" CREATEDATE="2017-12-23" UPDATEDATE="2025-09-29" /><OBJECT OBJECTID="28450437" OBJECTGUID="f86d8ed3-0137-4d23-95d1-3577be76e78a" CHANGEID="689819926" ISACTIVE="1" LEVELID="10" CREATEDATE="2017-04-14" UPDATEDATE="2025-10-01" /><OBJECT OBJECTID="76589632" OBJECTGUID="e2570a11-e47e-4018-acb9-b37938d91eed" CHANGEID="689649223" ISACTIVE="1" LEVELID="11" CREATEDATE="2019-04-08" UPDATEDATE="2025-09-29" /><OBJECT OBJECTID="76635461" OBJECTGUID="56b84d1d-17b2-4be8-85d1-bab5789d74bd" CHANGEID="689649230" ISACTIVE="1" LEVELID="11" CREATEDATE="2019-04-08" UPDATEDATE="2025-09-29" /><OBJECT OBJECTID="76689168" OBJECTGUID="567ab820-f4de-4f5d-80de-c0b83acce17a" CHANGEID="689649234" ISACTIVE="1" LEVELID="11" CREATEDATE="2019-04-08" UPDATEDATE="2025-09-29" /><OBJECT OBJECTID="76718728" OBJECTGUID="0e3cdac4-f31b-4ad3-811e-e5ff3234d2f9" CHANGEID="689649128" ISACTIVE="1" LEVELID="11" CREATEDATE="2019-04-08" UPDATEDATE="2025-09-29" /><OBJECT OBJECTID="76719722" OBJECTGUID="137fbcc7-14de-4c5b-a187-4aa38b905f0c" CHANGEID="689649194" ISACTIVE="1" LEVELID="11" CREATEDATE="2019-04-08" UPDATEDATE="2025-09-29" /><OBJECT OBJECTID="76722465" OBJECTGUID="28fdd949-bcad-4454-a74d-cac2331a18bc" CHANGEID="689649125" ISACTIVE="1" LEVELID="11" CREATEDATE="2019-04-08" UPDATEDATE="2025-09-29" /><OBJECT OBJECTID="76739405" OBJECTGUID="5f093efb-6597-49f5-9782-eab7ed7053e5" CHANGEID="689649129" ISACTIVE="1" LEVELID="11" CREATEDATE="2019-04-08" UPDATEDATE="2025-09-29" /><OBJECT OBJECTID="76829248" OBJECTGUID="9b5bf88f-502b-4ef4-ba98-168811d78a66" CHANGEID="689649113" ISACTIVE="1" LEVELID="11" CREATEDATE="2019-04-08" UPDATEDATE="2025-09-29" /><OBJECT OBJECTID="76830557" OBJECTGUID="c1378e16-c681-48d3-b29d-223e1a8de29f" CHANGEID="689649117" ISACTIVE="1" LEVELID="11" CREATEDATE="2019-04-08" UPDATEDATE="2025-09-29" /><OBJECT OBJECTID="76845488" OBJECTGUID="e5e15ce7-2728-415e-bd04-c76da1e54579" CHANGEID="689649120" ISACTIVE="1" LEVELID="11" CREATEDATE="2019-04-08" UPDATEDATE="2025-09-29" /><OBJECT OBJECTID="76918460" OBJECTGUID="fb8c192d-2403-49d2-9d4b-4a97dd42c442" CHANGEID="689649200" ISACTIVE="1" LEVELID="11" CREATEDATE="2019-04-08" UPDATEDATE="2025-09-29" /><OBJECT OBJECTID="77898474" OBJECTGUID="94c3b1b3-9b35-472e-967e-cffda39a6217" CHANGEID="689646402" ISACTIVE="1" LEVELID="10" CREATEDATE="2019-05-24" UPDATEDATE="2025-09-29" /><OBJECT OBJECTID="64837278" OBJECTGUID="0930a222-fb41-4b2d-a758-4c14031c9fc9" CHANGEID="689721137" ISACTIVE="1" LEVELID="10" CREATEDATE="2019-07-10" UPDATEDATE="2025-09-30" /><OBJECT OBJECTID="81999310" OBJECTGUID="97edec69-f955-47d3-8b22-4bf7ad8e118a" CHANGEID="689786594" ISACTIVE="1" LEVELID="11" CREATEDATE="2019-04-08" UPDATEDATE="2025-10-01" /><OBJECT OBJECTID="82093288" OBJECTGUID="abfe3038-b936-4c38-8d6e-8ddf95bd9178" CHANGEID="689784439" ISACTIVE="1" LEVELID="11" CREATEDATE="2019-04-08" UPDATEDATE="2025-10-01" /><OBJECT OBJECTID="82109832" OBJECTGUID="59a43ed2-dca8-462d-9d33-eff73dbcf306" CHANGEID="689784447" ISACTIVE="1" LEVELID="11" CREATEDATE="2019-04-08" UPDATEDATE="2025-10-01" /><OBJECT OBJECTID="82108075" OBJECTGUID="3ef24f20-719e-4b3d-99bb-b890ed2ecc80" CHANGEID="689784442" ISACTIVE="1" LEVELID="11" CREATEDATE="2019-04-08" UPDATEDATE="2025-10-01" /><OBJECT OBJECTID="82139147" OBJECTGUID="00bd7b24-002b-45ad-a055-959801aa4cfa" CHANGEID="689786586" ISACTIVE="1" LEVELID="11" CREATEDATE="2019-04-08" UPDATEDATE="2025-10-01" /><OBJECT OBJECTID="82150089" OBJECTGUID="a64e2807-4e92-47d1-8b92-fcc1da98ac66" CHANGEID="689784451" ISACTIVE="1" LEVELID="11" CREATEDATE="2019-04-08" UPDATEDATE="2025-10-01" /><OBJECT OBJECTID="82167530" OBJECTGUID="7dc57f7f-cba5-443d-b101-dd81f50fb27d" CHANGEID="689786623" ISACTIVE="1" LEVELID="11" CREATEDATE="2019-04-08" UPDATEDATE="2025-10-01" /><OBJECT OBJECTID="82174378" OBJECTGUID="8a250f2a-d9df-4b1e-bf1c-37b8f878464f" CHANGEID="689786617" ISACTIVE="1" LEVELID="11" CREATEDATE="2019-04-08" UPDATEDATE="2025-10-01" /><OBJECT OBJECTID="82241210" OBJECTGUID="1aebe3ba-bf1f-452d-b5a9-b69597c46892" CHANGEID="689786616" ISACTIVE="1" LEVELID="11" CREATEDATE="2019-04-08" UPDATEDATE="2025-10-01" /><OBJECT OBJECTID="82253559" OBJECTGUID="ebdc9035-b0b2-42fd-ae96-8fbcfd04c989" CHANGEID="689757329" ISACTIVE="1" LEVELID="11" CREATEDATE="2019-04-08" UPDATEDATE="2025-09-30" /><OBJECT OBJECTID="82276971" OBJECTGUID="50a8f70e-6388-41bf-8d74-2f8975aebda2" CHANGEID="689784478" ISACTIVE="1" LEVELID="11" CREATEDATE="2019-04-08" UPDATEDATE="2025-10-01" /><OBJECT OBJECTID="82301173" OBJECTGUID="815d732a-155a-4f31-9411-90cd0bab48e1" CHANGEID="689757659" ISACTIVE="1" LEVELID="11" CREATEDATE="2019-04-08" UPDATEDATE="2025-09-30" /><OBJECT OBJECTID="82308921" OBJECTGUID="a0a56985-d9ec-4f8a-b0b1-735e6ca990d6" CHANGEID="689824886" ISACTIVE="1" LEVELID="11" CREATEDATE="2019-04-08" UPDATEDATE="2025-10-01" /><OBJECT OBJECTID="82295788" OBJECTGUID="23233754-96d4-4add-b691-15ce0bcd718c" CHANGEID="689824842" ISACTIVE="1" LEVELID="11" CREATEDATE="2019-04-08" UPDATEDATE="2025-10-01" /><OBJECT OBJECTID="82296025" OBJECTGUID="2b02200c-981e-4bf4-82b7-401ed7d61b9b" CHANGEID="689824884" ISACTIVE="1" LEVELID="11" CREATEDATE="2019-04-08" UPDATEDATE="2025-10-01" /><OBJECT OBJECTID="82296232" OBJECTGUID="2f784d9f-0db0-4ffb-afb4-eed214056488" CHANGEID="689809310" ISACTIVE="1" LEVELID="11" CREATEDATE="2019-04-08" UPDATEDATE="2025-10-01" /><OBJECT OBJECTID="82297293" OBJECTGUID="4b946d28-56bf-43f7-87e5-5a7d1fe507d9" CHANGEID="689824804" ISACTIVE="1" LEVELID="11" CREATEDATE="2019-04-08" UPDATEDATE="2025-10-01" /><OBJECT OBJECTID="82296134" OBJECTGUID="2ca3d670-69f9-4fea-9289-bc825b6ded04" CHANGEID="689824840" ISACTIVE="1" LEVELID="11" CREATEDATE="2019-04-08" UPDATEDATE="2025-10-01" /><OBJECT OBJECTID="82296302" OBJECTGUID="353429ee-6863-4a7e-bba5-afe42b754791" CHANGEID="689824874" ISACTIVE="1" LEVELID="11" CREATEDATE="2019-04-08" UPDATEDATE="2025-10-01" /><OBJECT OBJECTID="82301047" OBJECTGUID="3f4ae50f-8046-46e9-8025-66c26964dc48" CHANGEID="689786595" ISACTIVE="1" LEVELID="11" CREATEDATE="2019-04-08" UPDATEDATE="2025-10-01" /><OBJECT OBJECTID="82308513" OBJECTGUID="930dfcf2-31b3-4ae4-9de8-29aa6dae51eb" CHANGEID="689824870" ISACTIVE="1" LEVELID="11" CREATEDATE="2019-04-08" UPDATEDATE="2025-10-01" /><OBJECT OBJECTID="82309339" OBJECTGUID="c148beff-7aee-4516-9880-30d5baf9b1a0" CHANGEID="689819886" ISACTIVE="1" LEVELID="11" CREATEDATE="2019-04-08" UPDATEDATE="2025-10-01" /><OBJECT OBJECTID="82309424" OBJECTGUID="c8b4897b-05a5-46d7-8182-9dd4a91afed7" CHANGEID="689824904" ISACTIVE="1" LEVELID="11" CREATEDATE="2019-04-08" UPDATEDATE="2025-10-01" /><OBJECT OBJECTID="82313819" OBJECTGUID="e4e70d6d-fdca-460b-8c53-5ddd95d625a7" CHANGEID="689824826" ISACTIVE="1" LEVELID="11" CREATEDATE="2019-04-08" UPDATEDATE="2025-10-01" /><OBJECT OBJECTID="82334968" OBJECTGUID="3c10f608-cc6f-4dd6-b3c8-0becd6bc70aa" CHANGEID="689786614" ISACTIVE="1" LEVELID="11" CREATEDATE="2019-04-08" UPDATEDATE="2025-10-01" /><OBJECT OBJECTID="82413382" OBJECTGUID="90e323fc-c37b-4048-ac47-f7fe0b39483c" CHANGEID="689786578" ISACTIVE="1" LEVELID="11" CREATEDATE="2019-04-08" UPDATEDATE="2025-10-01" /><OBJECT OBJECTID="82566786" OBJECTGUID="3a1404d9-2ab5-4905-8195-51cbdef5c505" CHANGEID="689824960" ISACTIVE="1" LEVELID="11" CREATEDATE="2019-04-08" UPDATEDATE="2025-10-01" /><OBJECT OBJECTID="82735261" OBJECTGUID="86729875-87e9-4b92-9267-006e8c310fa2" CHANGEID="689758365" ISACTIVE="1" LEVELID="11" CREATEDATE="2019-04-08" UPDATEDATE="2025-09-30" /><OBJECT OBJECTID="82773321" OBJECTGUID="56219349-3a98-4a1a-bf3c-92880ea5a131" CHANGEID="689784479" ISACTIVE="1" LEVELID="11" CREATEDATE="2019-04-08" UPDATEDATE="2025-10-01" /><OBJECT OBJECTID="82806160" OBJECTGUID="d038c10e-9b4e-420f-89c4-24e8d2d7a8ce" CHANGEID="689786600" ISACTIVE="1" LEVELID="11" CREATEDATE="2019-04-08" UPDATEDATE="2025-10-01" /><OBJECT OBJECTID="82956687" OBJECTGUID="45a4e6b2-549c-4f98-91a0-68f10b296308" CHANGEID="689784450" ISACTIVE="1" LEVELID="11" CREATEDATE="2019-04-08" UPDATEDATE="2025-10-01" /><OBJECT OBJECTID="83057105" OBJECTGUID="50c50fe8-84e2-4799-b2c7-a8b214548d5e" CHANGEID="689784488" ISACTIVE="1" LEVELID="11" CREATEDATE="2019-04-08" UPDATEDATE="2025-10-01" /><OBJECT OBJECTID="83091666" OBJECTGUID="dde2d2dc-8d3f-413c-b2ee-73b5de98b5dc" CHANGEID="689784464" ISACTIVE="1" LEVELID="11" CREATEDATE="2019-04-08" UPDATEDATE="2025-10-01" /><OBJECT OBJECTID="20474145" OBJECTGUID="1c52c2f5-924c-43f4-8c75-748a6bdd5021" CHANGEID="689646454" ISACTIVE="1" LEVELID="10" CREATEDATE="2017-07-31" UPDATEDATE="2025-09-29" /><OBJECT OBJECTID="89129524" OBJECTGUID="de88bec7-2089-40b7-a96e-8006ee44d37e" CHANGEID="689645930" ISACTIVE="1" LEVELID="9" CREATEDATE="2019-02-13" UPDATEDATE="2025-09-29" /><OBJECT OBJECTID="173796001" OBJECTGUID="e5eab399-bddc-4ea6-9647-6610c8122ae5" CHANGEID="689803259" ISACTIVE="1" LEVELID="9" CREATEDATE="2025-08-04" UPDATEDATE="2025-10-01" /><OBJECT OBJECTID="161380806" OBJECTGUID="b7b6a43d-760e-4c6e-93a8-c621c03d98f8" CHANGEID="689750921" ISACTIVE="1" LEVELID="10" CREATEDATE="2023-11-20" UPDATEDATE="2025-09-30" /><OBJECT OBJECTID="63758067" OBJECTGUID="3426d059-d0d4-4295-9da6-325f6ab3d49e" CHANGEID="689697777" ISACTIVE="1" LEVELID="10" CREATEDATE="2017-12-18" UPDATEDATE="2025-09-29" /><OBJECT OBJECTID="98752755" OBJECTGUID="f60e0f06-6883-4780-8236-1d94ebcfa113" CHANGEID="689739196" ISACTIVE="0" LEVELID="10" CREATEDATE="2020-10-19" UPDATEDATE="2025-09-30" /><OBJECT OBJECTID="20478569" OBJECTGUID="5d3162b6-bf13-40b1-bd75-9bb7a7808c01" CHANGEID="689646520" ISACTIVE="1" LEVELID="10" CREATEDATE="2017-07-31" UPDATEDATE="2025-09-29" /><OBJECT OBJECTID="18341843" OBJECTGUID="6ebfa95d-ef6d-4003-96e2-a6e701b5b03a" CHANGEID="689749019" ISACTIVE="1" LEVELID="10" CREATEDATE="2018-09-22" UPDATEDATE="2025-09-30" /><OBJECT OBJECTID="10957009" OBJECTGUID="e7ca7ef2-ad6c-4d33-b0f8-46a8174e204f" CHANGEID="689679190" ISACTIVE="1" LEVELID="10" CREATEDATE="2017-12-18" UPDATEDATE="2025-09-29" /><OBJECT OBJECTID="69887049" OBJECTGUID="b2c7dd3b-64e1-4796-8068-37ddfaf2aa24" CHANGEID="689671939" ISACTIVE="1" LEVELID="10" CREATEDATE="2018-09-29" UPDATEDATE="2025-09-29" /><OBJECT OBJECTID="28096610" OBJECTGUID="5f3443fb-7726-4035-98af-fe06fdc25dfb" CHANGEID="689819860" ISACTIVE="1" LEVELID="10" CREATEDATE="2017-04-14" UPDATEDATE="2025-10-01" /><OBJECT OBJECTID="20475609" OBJECTGUID="6b456367-6ae9-4cb7-87f7-90ff5ba34a79" CHANGEID="689646440" ISACTIVE="1" LEVELID="10" CREATEDATE="2019-07-10" UPDATEDATE="2025-09-29" /><OBJECT OBJECTID="11937424" OBJECTGUID="aa651006-9419-477d-9a4d-c735eb8807c8" CHANGEID="689646672" ISACTIVE="1" LEVELID="10" CREATEDATE="2017-12-18" UPDATEDATE="2025-09-29" /><OBJECT OBJECTID="101248194" OBJECTGUID="fb7cb819-0fb9-4723-9a34-ff23c03773b8" CHANGEID="689672122" ISACTIVE="1" LEVELID="10" CREATEDATE="2021-05-18" UPDATEDATE="2025-09-29" /><OBJECT OBJECTID="10976100" OBJECTGUID="7e85746f-00e4-4629-979c-da39bc5c32cd" CHANGEID="689675104" ISACTIVE="1" LEVELID="10" CREATEDATE="2017-04-19" UPDATEDATE="2025-09-29" /><OBJECT OBJECTID="6298462" OBJECTGUID="347ac3d3-56e4-4720-ac7a-fe5ad50e00b8" CHANGEID="689820009" ISACTIVE="1" LEVELID="10" CREATEDATE="2017-04-14" UPDATEDATE="2025-10-01" /><OBJECT OBJECTID="174917970" OBJECTGUID="5f0d076e-875e-4402-a67b-a48eedc66ab5" CHANGEID="689642873" ISACTIVE="1" LEVELID="11" CREATEDATE="2025-09-29" UPDATEDATE="2025-09-29" /><OBJECT OBJECTID="45491921" OBJECTGUID="f98a18d0-e1c5-49c2-bfee-e165db0bf1c1" CHANGEID="689642992" ISACTIVE="1" LEVELID="10" CREATEDATE="2017-02-10" UPDATEDATE="2025-09-29" /><OBJECT OBJECTID="174918061" OBJECTGUID="8b626233-07c3-472e-a2e4-447a3d147990" CHANGEID="689642993" ISACTIVE="1" LEVELID="9" CREATEDATE="2025-09-29" UPDATEDATE="2025-09-29" /><OBJECT OBJECTID="174918146" OBJECTGUID="de3bd4ea-8cfc-45f8-a337-f0e927a4a0c2" CHANGEID="689643093" ISACTIVE="1" LEVELID="9" CREATEDATE="2025-09-29" UPDATEDATE="2025-09-29" /><OBJECT OBJECTID="174918230" OBJECTGUID="be0b2bf8-fece-44ec-9aa3-2c51bdb91b6e" CHANGEID="689643342" ISACTIVE="1" LEVELID="9" CREATEDATE="2025-09-29" UPDATEDATE="2025-09-29" /><OBJECT OBJECTID="174918231" OBJECTGUID="ec61de95-5688-4628-b0c7-4da5a24b30f3" CHANGEID="689643343" ISACTIVE="1" LEVELID="10" CREATEDATE="2025-09-29" UPDATEDATE="2025-09-29" /><OBJECT OBJECTID="174918232" OBJECTGUID="2bece100-a96c-4752-a934-374d093e28a8" CHANGEID="689643344" ISACTIVE="1" LEVELID="9" CREATEDATE="2025-09-29" UPDATEDATE="2025-09-29" /><OBJECT OBJECTID="174918564" OBJECTGUID="a795caf7-20e8-4ffb-8aad-a46bed8ceb5d" CHANGEID="689643939" ISACTIVE="1" LEVELID="7" CREATEDATE="2025-09-29" UPDATEDATE="2025-09-29" /><OBJECT OBJECTID="174596507" OBJECTGUID="59e50ec2-0da7-40e7-bca1-62d37ee48fea" CHANGEID="689644038" ISACTIVE="1" LEVELID="11" CREATEDATE="2025-09-11" UPDATEDATE="2025-09-29" /><OBJECT OBJECTID="174918677" OBJECTGUID="e2d9fcc9-6ab9-4a6c-a8fd-1e634559a190" CHANGEID="689644134" ISACTIVE="1" LEVELID="9" CREATEDATE="2025-09-29" UPDATEDATE="2025-09-29" /><OBJECT OBJECTID="174918693" OBJECTGUID="41f2afb9-e7aa-4714-acde-f909516ca4a0" CHANGEID="689644151" ISACTIVE="1" LEVELID="9" CREATEDATE="2025-09-29" UPDATEDATE="2025-09-29" /><OBJECT OBJECTID="174918695" OBJECTGUID="6980debd-9b33-45ab-a2ff-8f79a9f29f1a" CHANGEID="689644155" ISACTIVE="1" LEVELID="9" CREATEDATE="2025-09-29" UPDATEDATE="2025-09-29" /><OBJECT OBJECTID="174918705" OBJECTGUID="c8e7da0a-c0a8-404c-8800-1ab09b623e70" CHANGEID="689644165" ISACTIVE="1" LEVELID="9" CREATEDATE="2025-09-29" UPDATEDATE="2025-09-29" /><OBJECT OBJECTID="174918707" OBJECTGUID="5dbef077-8445-41f4-a7f5-1e5a189c4b62" CHANGEID="689644168" ISACTIVE="1" LEVELID="9" CREATEDATE="2025-09-29" UPDATEDATE="2025-09-29" /><OBJECT OBJECTID="174918714" OBJECTGUID="025561ce-a328-434e-9402-8d97c9aedc15" CHANGEID="689644176" ISACTIVE="1" LEVELID="9" CREATEDATE="2025-09-29" UPDATEDATE="2025-09-29" /><OBJECT OBJECTID="174918718" OBJECTGUID="04435ca2-4437-401e-b9aa-dc8a3e623b17" CHANGEID="689644181" ISACTIVE="1" LEVELID="9" CREATEDATE="2025-09-29" UPDATEDATE="2025-09-29" /><OBJECT OBJECTID="174918721" OBJECTGUID="e312f062-bf2c-4bca-aeab-7d38fa4265fd" CHANGEID="689644185" ISACTIVE="1" LEVELID="9" CREATEDATE="2025-09-29" UPDATEDATE="2025-09-29" /><OBJECT OBJECTID="174918724" OBJECTGUID="7f2a0cb9-0cb8-47c6-bce0-b0b55f524c91" CHANGEID="689644189" ISACTIVE="1" LEVELID="9" CREATEDATE="2025-09-29" UPDATEDATE="2025-09-29" /><OBJECT OBJECTID="174918725" OBJECTGUID="7e96b07b-b975-4993-8a9d-26a2bb6982c7" CHANGEID="689644191" ISACTIVE="1" LEVELID="9" CREATEDATE="2025-09-29" UPDATEDATE="2025-09-29" /><OBJECT OBJECTID="174918727" OBJECTGUID="0578d7e5-2994-4833-90ea-3093d7a51bd7" CHANGEID="689644193" ISACTIVE="1" LEVELID="9" CREATEDATE="2025-09-29" UPDATEDATE="2025-09-29" /><OBJECT OBJECTID="174918728" OBJECTGUID="0f684923-2012-46a0-80c0-2fd23087d27d" CHANGEID="689644194" ISACTIVE="1" LEVELID="9" CREATEDATE="2025-09-29" UPDATEDATE="2025-09-29" /><OBJECT OBJECTID="174918729" OBJECTGUID="8a8d80ac-4586-41ce-ac94-5705fd35351a" CHANGEID="689644197" ISACTIVE="1" LEVELID="9" CREATEDATE="2025-09-29" UPDATEDATE="2025-09-29" /><OBJECT OBJECTID="174918731" OBJECTGUID="b7f26200-10e2-479c-b7b8-0a3465452286" CHANGEID="689644199" ISACTIVE="1" LEVELID="9" CREATEDATE="2025-09-29" UPDATEDATE="2025-09-29" /><OBJECT OBJECTID="174919853" OBJECTGUID="2ae85389-d7b6-49e9-948b-0278f294eb59" CHANGEID="689645936" ISACTIVE="1" LEVELID="10" CREATEDATE="2025-09-29" UPDATEDATE="2025-09-29" /><OBJECT OBJECTID="174919852" OBJECTGUID="de5cacf1-ebe8-4e52-a1ec-c3822779ac9d" CHANGEID="689645935" ISACTIVE="1" LEVELID="9" CREATEDATE="2025-09-29" UPDATEDATE="2025-09-29" /><OBJECT OBJECTID="174919957" OBJECTGUID="09aa8bbe-39a9-4856-94f4-2d610ba56a90" CHANGEID="689646055" ISACTIVE="1" LEVELID="9" CREATEDATE="2025-09-29" UPDATEDATE="2025-09-29" /><OBJECT OBJECTID="174919962" OBJECTGUID="b72c54c7-e45b-4eb0-9802-0640b4445962" CHANGEID="689646060" ISACTIVE="1" LEVELID="10" CREATEDATE="2025-09-29" UPDATEDATE="2025-09-29" /><OBJECT OBJECTID="22463760" OBJECTGUID="57ee5eb2-2095-4d7a-ac73-e9cc24ca3424" CHANGEID="689646239" ISACTIVE="1" LEVELID="11" CREATEDATE="2019-04-08" UPDATEDATE="2025-09-29" /><OBJECT OBJECTID="20477425" OBJECTGUID="f2fdce1f-2ee2-483c-a973-33a7e4396146" CHANGEID="689646531" ISACTIVE="1" LEVELID="10" CREATEDATE="2019-07-10" UPDATEDATE="2025-09-29" /><OBJECT OBJECTID="20474426" OBJECTGUID="c5e846b5-07c9-4d2f-b00b-47180e274c62" CHANGEID="689646567" ISACTIVE="1" LEVELID="10" CREATEDATE="2017-07-31" UPDATEDATE="2025-09-29" /><OBJECT OBJECTID="20473859" OBJECTGUID="58c41aeb-a43f-4343-8614-fac0b94cad04" CHANGEID="689646608" ISACTIVE="1" LEVELID="10" CREATEDATE="2017-07-31" UPDATEDATE="2025-09-29" /><OBJECT OBJECTID="76424331" OBJECTGUID="90043f95-8345-41cc-bcfe-75c1de6017b1" CHANGEID="689649196" ISACTIVE="1" LEVELID="11" CREATEDATE="2019-04-08" UPDATEDATE="2025-09-29" /><OBJECT OBJECTID="76616025" OBJECTGUID="fb19442b-f0c6-4bad-8360-dae9ea29c117" CHANGEID="689649199" ISACTIVE="1" LEVELID="11" CREATEDATE="2019-04-08" UPDATEDATE="2025-09-29" /><OBJECT OBJECTID="76689111" OBJECTGUID="4cd6a007-2c67-4831-b135-738757395b08" CHANGEID="689649237" ISACTIVE="1" LEVELID="11" CREATEDATE="2019-04-08" UPDATEDATE="2025-09-29" /><OBJECT OBJECTID="76702206" OBJECTGUID="3ac647e8-623c-46dc-a32b-e43257deeb72" CHANGEID="689649239" ISACTIVE="1" LEVELID="11" CREATEDATE="2019-04-08" UPDATEDATE="2025-09-29" /><OBJECT OBJECTID="76997732" OBJECTGUID="ffaf94e9-6600-4819-be3b-05b81f5faae6" CHANGEID="689649242" ISACTIVE="1" LEVELID="11" CREATEDATE="2019-04-08" UPDATEDATE="2025-09-29" /><OBJECT OBJECTID="174930400" OBJECTGUID="9ed88788-2d89-49d0-8b1c-08783b99ded2" CHANGEID="689669463" ISACTIVE="1" LEVELID="9" CREATEDATE="2025-09-29" UPDATEDATE="2025-09-29" /><OBJECT OBJECTID="174930409" OBJECTGUID="191104bf-1cba-4bc3-8d7b-96a95dd6ed3e" CHANGEID="689669476" ISACTIVE="1" LEVELID="9" CREATEDATE="2025-09-29" UPDATEDATE="2025-09-29" /><OBJECT OBJECTID="174930413" OBJECTGUID="a232138f-0c85-4122-85d3-a3c78b9b8376" CHANGEID="689669486" ISACTIVE="1" LEVELID="9" CREATEDATE="2025-09-29" UPDATEDATE="2025-09-29" /><OBJECT OBJECTID="174930417" OBJECTGUID="d660c607-9749-4e80-9ba1-8b78e2f92da6" CHANGEID="689669492" ISACTIVE="1" LEVELID="9" CREATEDATE="2025-09-29" UPDATEDATE="2025-09-29" /><OBJECT OBJECTID="174930424" OBJECTGUID="bd380604-289c-4d99-acb0-d8c23b318674" CHANGEID="689669502" ISACTIVE="1" LEVELID="10" CREATEDATE="2025-09-29" UPDATEDATE="2025-09-29" /><OBJECT OBJECTID="174930448" OBJECTGUID="d932b4b9-a364-4426-b667-8f3bb9ec79aa" CHANGEID="689669573" ISACTIVE="1" LEVELID="9" CREATEDATE="2025-09-29" UPDATEDATE="2025-09-29" /><OBJECT OBJECTID="174930450" OBJECTGUID="0000ec68-2241-4f16-97b6-f176542d92b3" CHANGEID="689669576" ISACTIVE="1" LEVELID="10" CREATEDATE="2025-09-29" UPDATEDATE="2025-09-29" /><OBJECT OBJECTID="174930454" OBJECTGUID="290501b2-487f-4eb2-9acc-caad88ca1cdc" CHANGEID="689669587" ISACTIVE="1" LEVELID="9" CREATEDATE="2025-09-29" UPDATEDATE="2025-09-29" /><OBJECT OBJECTID="174930466" OBJECTGUID="1365d627-39e6-47d3-9abc-c9f16f22eab2" CHANGEID="689669614" ISACTIVE="1" LEVELID="9" CREATEDATE="2025-09-29" UPDATEDATE="2025-09-29" /><OBJECT OBJECTID="174930473" OBJECTGUID="dd03530a-d718-4822-b9bc-f5700e5b2357" CHANGEID="689669630" ISACTIVE="1" LEVELID="9" CREATEDATE="2025-09-29" UPDATEDATE="2025-09-29" /><OBJECT OBJECTID="174930491" OBJECTGUID="c1daa1d3-1181-41bd-986b-76f34f6d2e93" CHANGEID="689669656" ISACTIVE="1" LEVELID="9" CREATEDATE="2025-09-29" UPDATEDATE="2025-09-29" /><OBJECT OBJECTID="174930510" OBJECTGUID="c363f913-9986-4894-8ddd-51751b833d59" CHANGEID="689669777" ISACTIVE="1" LEVELID="9" CREATEDATE="2025-09-29" UPDATEDATE="2025-09-29" /><OBJECT OBJECTID="174930517" OBJECTGUID="12a7de50-41b9-48f5-9839-29c9299ffaef" CHANGEID="689669793" ISACTIVE="1" LEVELID="9" CREATEDATE="2025-09-29" UPDATEDATE="2025-09-29" /><OBJECT OBJECTID="174930531" OBJECTGUID="a32ef64d-d370-4064-84ce-67618aa73f7c" CHANGEID="689669820" ISACTIVE="1" LEVELID="9" CREATEDATE="2025-09-29" UPDATEDATE="2025-09-29" /><OBJECT OBJECTID="174930540" OBJECTGUID="6e75c8ba-4b3a-46ff-a51a-05532233f604" CHANGEID="689669834" ISACTIVE="1" LEVELID="9" CREATEDATE="2025-09-29" UPDATEDATE="2025-09-29" /><OBJECT OBJECTID="174930583" OBJECTGUID="88271cb6-e483-40ce-9214-e990bd481428" CHANGEID="689669896" ISACTIVE="1" LEVELID="9" CREATEDATE="2025-09-29" UPDATEDATE="2025-09-29" /><OBJECT OBJECTID="174930609" OBJECTGUID="c333ecbd-2496-4f3b-b4e1-312d17aade89" CHANGEID="689669934" ISACTIVE="1" LEVELID="9" CREATEDATE="2025-09-29" UPDATEDATE="2025-09-29" /><OBJECT OBJECTID="174930629" OBJECTGUID="d2f987e1-acde-4880-84cd-8f12dd141d89" CHANGEID="689669963" ISACTIVE="1" LEVELID="9" CREATEDATE="2025-09-29" UPDATEDATE="2025-09-29" /><OBJECT OBJECTID="58343520" OBJECTGUID="a5096446-7ec0-4c86-82bd-1af352f44c3c" CHANGEID="689670246" ISACTIVE="1" LEVELID="11" CREATEDATE="2018-07-18" UPDATEDATE="2025-09-29" /><OBJECT OBJECTID="51721433" OBJECTGUID="1ab1fac3-8c16-40bb-8f30-663da5d7bd49" CHANGEID="689670354" ISACTIVE="1" LEVELID="10" CREATEDATE="2017-04-19" UPDATEDATE="2025-09-29" /><OBJECT OBJECTID="37146929" OBJECTGUID="d8a9c44e-1b15-4c3c-9d89-f20e8641e361" CHANGEID="689670376" ISACTIVE="1" LEVELID="11" CREATEDATE="2018-10-12" UPDATEDATE="2025-09-29" /><OBJECT OBJECTID="37145455" OBJECTGUID="ba29e4c3-dab5-41e1-99ad-b7818d930e10" CHANGEID="689671566" ISACTIVE="1" LEVELID="11" CREATEDATE="2018-10-12" UPDATEDATE="2025-09-29" /><OBJECT OBJECTID="49804296" OBJECTGUID="4b29251a-9819-4d45-80a9-68c8716aac68" CHANGEID="689671679" ISACTIVE="1" LEVELID="11" CREATEDATE="2019-07-14" UPDATEDATE="2025-09-29" /><OBJECT OBJECTID="10973408" OBJECTGUID="0daa0650-db9e-4446-acbb-f701fbfde522" CHANGEID="689671742" ISACTIVE="1" LEVELID="10" CREATEDATE="2017-04-19" UPDATEDATE="2025-09-29" /><OBJECT OBJECTID="49807645" OBJECTGUID="d816c976-ff08-42bd-b137-1a1a9b564979" CHANGEID="689671870" ISACTIVE="1" LEVELID="11" CREATEDATE="2019-07-14" UPDATEDATE="2025-09-29" /><OBJECT OBJECTID="174931823" OBJECTGUID="6a87181f-e2a4-4a96-8c2c-5b88d4e236e6" CHANGEID="689749086" ISACTIVE="1" LEVELID="9" CREATEDATE="2025-09-29" UPDATEDATE="2025-09-30" /><OBJECT OBJECTID="174929313" OBJECTGUID="6e13435e-f03e-46d7-a77e-f175d5bb4f56" CHANGEID="689667308" ISACTIVE="1" LEVELID="8" CREATEDATE="2025-09-29" UPDATEDATE="2025-09-29" /><OBJECT OBJECTID="174929402" OBJECTGUID="8ad5e185-e616-4113-89ee-da4ec919cbd0" CHANGEID="689667493" ISACTIVE="1" LEVELID="9" CREATEDATE="2025-09-29" UPDATEDATE="2025-09-29" /><OBJECT OBJECTID="174929454" OBJECTGUID="26039bfb-fc42-405b-8a96-5fb5ecc54991" CHANGEID="689667555" ISACTIVE="1" LEVELID="10" CREATEDATE="2025-09-29" UPDATEDATE="2025-09-29" /><OBJECT OBJECTID="174930081" OBJECTGUID="3af46e68-e25d-461b-ba72-a4715052c00c" CHANGEID="689668742" ISACTIVE="1" LEVELID="9" CREATEDATE="2025-09-29" UPDATEDATE="2025-09-29" /><OBJECT OBJECTID="174930095" OBJECTGUID="c7e80ff9-6c35-4342-a92d-b576b7aa311f" CHANGEID="689668771" ISACTIVE="1" LEVELID="10" CREATEDATE="2025-09-29" UPDATEDATE="2025-09-29" /><OBJECT OBJECTID="174930135" OBJECTGUID="20dc8c23-7510-4e64-854a-c53cefd70c81" CHANGEID="689668870" ISACTIVE="1" LEVELID="9" CREATEDATE="2025-09-29" UPDATEDATE="2025-09-29" /><OBJECT OBJECTID="174930149" OBJECTGUID="5e82780b-54fd-46bb-b95b-bbfbe68700dc" CHANGEID="689668895" ISACTIVE="1" LEVELID="10" CREATEDATE="2025-09-29" UPDATEDATE="2025-09-29" /><OBJECT OBJECTID="3056040" OBJECTGUID="81cf5582-d93f-40a3-b941-fd99f426c04e" CHANGEID="689646644" ISACTIVE="1" LEVELID="10" CREATEDATE="2017-12-18" UPDATEDATE="2025-09-29" /><OBJECT OBJECTID="174932440" OBJECTGUID="be71a0b1-29ad-4776-aec7-5411875d9cbe" CHANGEID="689673229" ISACTIVE="1" LEVELID="9" CREATEDATE="2025-09-29" UPDATEDATE="2025-09-29" /><OBJECT OBJECTID="174932443" OBJECTGUID="483850a8-8c26-4c47-9e5a-d75466d88317" CHANGEID="689673233" ISACTIVE="1" LEVELID="10" CREATEDATE="2025-09-29" UPDATEDATE="2025-09-29" /><OBJECT OBJECTID="174932501" OBJECTGUID="9edbc9ff-02b4-4407-a6ba-fe56d30c2b8e" CHANGEID="689673306" ISACTIVE="1" LEVELID="10" CREATEDATE="2025-09-29" UPDATEDATE="2025-09-29" /><OBJECT OBJECTID="174938065" OBJECTGUID="5f477e72-53e3-4f8e-b059-819149d9085a" CHANGEID="689686133" ISACTIVE="1" LEVELID="8" CREATEDATE="2025-09-29" UPDATEDATE="2025-09-29" /><OBJECT OBJECTID="174938141" OBJECTGUID="940b0653-d783-4512-b192-2d52c3f5fcbf" CHANGEID="689686241" ISACTIVE="1" LEVELID="10" CREATEDATE="2025-09-29" UPDATEDATE="2025-09-29" /><OBJECT OBJECTID="174938169" OBJECTGUID="cc242a73-d073-4b79-9ef3-6621ff9538d5" CHANGEID="689686405" ISACTIVE="1" LEVELID="9" CREATEDATE="2025-09-29" UPDATEDATE="2025-09-29" /><OBJECT OBJECTID="174938183" OBJECTGUID="7ef2bf2d-c7df-4164-b639-6ee3af2588eb" CHANGEID="689686439" ISACTIVE="1" LEVELID="10" CREATEDATE="2025-09-29" UPDATEDATE="2025-09-29" /><OBJECT OBJECTID="174938240" OBJECTGUID="67cc1541-a220-4452-ae56-3361409363c2" CHANGEID="689686529" ISACTIVE="1" LEVELID="9" CREATEDATE="2025-09-29" UPDATEDATE="2025-09-29" /><OBJECT OBJECTID="174938282" OBJECTGUID="edd80f88-9f42-4758-9801-2b3773f0c286" CHANGEID="689686582" ISACTIVE="1" LEVELID="10" CREATEDATE="2025-09-29" UPDATEDATE="2025-09-29" /><OBJECT OBJECTID="76165801" OBJECTGUID="668be6ac-a92d-4186-a928-bafa787981e8" CHANGEID="689679118" ISACTIVE="1" LEVELID="10" CREATEDATE="2019-04-23" UPDATEDATE="2025-09-29" /><OBJECT OBJECTID="174940587" OBJECTGUID="59610cd1-3dda-4774-8217-f9a6204ffd93" CHANGEID="689691247" ISACTIVE="1" LEVELID="9" CREATEDATE="2025-09-29" UPDATEDATE="2025-09-29" /><OBJECT OBJECTID="174940605" OBJECTGUID="85726971-3795-476e-a7fe-6f6eb719f056" CHANGEID="689691270" ISACTIVE="1" LEVELID="10" CREATEDATE="2025-09-29" UPDATEDATE="2025-09-29" /><OBJECT OBJECTID="174940837" OBJECTGUID="6d117cbf-875a-42b4-95e6-0c7d02f6a2e3" CHANGEID="689691687" ISACTIVE="1" LEVELID="9" CREATEDATE="2025-09-29" UPDATEDATE="2025-09-29" /><OBJECT OBJECTID="174941222" OBJECTGUID="b36cf163-c9e4-488c-b69b-37166b4fc1b4" CHANGEID="689692483" ISACTIVE="1" LEVELID="10" CREATEDATE="2025-09-29" UPDATEDATE="2025-09-29" /><OBJECT OBJECTID="174941405" OBJECTGUID="35fb36ba-2c9e-4fb6-a74e-4841639e5638" CHANGEID="689692930" ISACTIVE="1" LEVELID="9" CREATEDATE="2025-09-29" UPDATEDATE="2025-09-29" /><OBJECT OBJECTID="39165628" OBJECTGUID="5557c0f8-b530-4763-9b37-e97ab2eb37c8" CHANGEID="689709405" ISACTIVE="1" LEVELID="11" CREATEDATE="2019-04-08" UPDATEDATE="2025-09-30" /><OBJECT OBJECTID="174941637" OBJECTGUID="53190c1d-0f2e-438d-ab28-db934f4cf05a" CHANGEID="689693644" ISACTIVE="1" LEVELID="10" CREATEDATE="2025-09-29" UPDATEDATE="2025-09-29" /><OBJECT OBJECTID="174941919" OBJECTGUID="1da338a2-1e59-4173-ae70-7dcd72e4f806" CHANGEID="689693984" ISACTIVE="1" LEVELID="9" CREATEDATE="2025-09-29" UPDATEDATE="2025-09-29" /><OBJECT OBJECTID="174942904" OBJECTGUID="45d6f7ad-0503-44b7-9585-b80b895c1c56" CHANGEID="689695656" ISACTIVE="1" LEVELID="9" CREATEDATE="2025-09-29" UPDATEDATE="2025-09-29" /><OBJECT OBJECTID="174942914" OBJECTGUID="beadb221-a2f1-43c7-b1ee-99212cac73e7" CHANGEID="689695676" ISACTIVE="1" LEVELID="10" CREATEDATE="2025-09-29" UPDATEDATE="2025-09-29" /><OBJECT OBJECTID="174943096" OBJECTGUID="d932923c-623d-47b0-936c-d8eb3863175d" CHANGEID="689695931" ISACTIVE="1" LEVELID="10" CREATEDATE="2025-09-29" UPDATEDATE="2025-09-29" /><OBJECT OBJECTID="174943272" OBJECTGUID="cc30f3ff-3fec-4de9-ba66-857f6e80eddc" CHANGEID="689696197" ISACTIVE="1" LEVELID="9" CREATEDATE="2025-09-29" UPDATEDATE="2025-09-29" /><OBJECT OBJECTID="174943285" OBJECTGUID="b1732907-26a0-4023-9545-d1a26a532efb" CHANGEID="689696311" ISACTIVE="1" LEVELID="9" CREATEDATE="2025-09-29" UPDATEDATE="2025-09-29" /><OBJECT OBJECTID="14546649" OBJECTGUID="90d1ecce-62af-4354-b584-e24889498d83" CHANGEID="689696366" ISACTIVE="1" LEVELID="10" CREATEDATE="2017-06-30" UPDATEDATE="2025-09-29" /><OBJECT OBJECTID="174943695" OBJECTGUID="901df8bd-389b-4578-b101-172ae1b480bf" CHANGEID="689697005" ISACTIVE="1" LEVELID="11" CREATEDATE="2025-09-29" UPDATEDATE="2025-09-29" /><OBJECT OBJECTID="174943704" OBJECTGUID="883c3e8c-b9d4-4288-9549-ec6c7189c24c" CHANGEID="689697016" ISACTIVE="1" LEVELID="11" CREATEDATE="2025-09-29" UPDATEDATE="2025-09-29" /><OBJECT OBJECTID="174943709" OBJECTGUID="49069446-4d56-4e5d-8b5f-eb1ee546cdac" CHANGEID="689697023" ISACTIVE="1" LEVELID="11" CREATEDATE="2025-09-29" UPDATEDATE="2025-09-29" /><OBJECT OBJECTID="174943814" OBJECTGUID="846be2f6-cb4d-49ef-a526-204b08430f55" CHANGEID="689697168" ISACTIVE="1" LEVELID="10" CREATEDATE="2025-09-29" UPDATEDATE="2025-09-29" /><OBJECT OBJECTID="174943819" OBJECTGUID="06518d9e-7adc-472d-bc4e-5a490844ac26" CHANGEID="689697174" ISACTIVE="1" LEVELID="9" CREATEDATE="2025-09-29" UPDATEDATE="2025-09-29" /><OBJECT OBJECTID="60005538" OBJECTGUID="3ee9f00d-4673-46df-be3e-a82694bc954f" CHANGEID="689697910" ISACTIVE="0" LEVELID="10" CREATEDATE="2019-07-10" UPDATEDATE="2025-09-29" /><OBJECT OBJECTID="174948945" OBJECTGUID="452bae84-d2b6-436d-bb90-10199b521b72" CHANGEID="689708097" ISACTIVE="1" LEVELID="9" CREATEDATE="2025-09-30" UPDATEDATE="2025-09-30" /><OBJECT OBJECTID="174948944" OBJECTGUID="0463e6c3-cc2d-43c0-ab87-acc4c4cf5134" CHANGEID="689708096" ISACTIVE="1" LEVELID="9" CREATEDATE="2025-09-30" UPDATEDATE="2025-09-30" /><OBJECT OBJECTID="174948960" OBJECTGUID="94595b61-e245-476d-aeec-c16677d6242e" CHANGEID="689708115" ISACTIVE="1" LEVELID="11" CREATEDATE="2025-09-30" UPDATEDATE="2025-09-30" /><OBJECT OBJECTID="174948958" OBJECTGUID="aaaba652-4c68-4d81-8271-162ec45d9088" CHANGEID="689708112" ISACTIVE="1" LEVELID="9" CREATEDATE="2025-09-30" UPDATEDATE="2025-09-30" /><OBJECT OBJECTID="174948959" OBJECTGUID="4778ea33-5c4a-4a14-87af-d75801c65d6e" CHANGEID="689708114" ISACTIVE="1" LEVELID="11" CREATEDATE="2025-09-30" UPDATEDATE="2025-09-30" /><OBJECT OBJECTID="174954323" OBJECTGUID="81efaf29-e367-4947-a3a7-4be765562604" CHANGEID="689721145" ISACTIVE="1" LEVELID="9" CREATEDATE="2025-09-30" UPDATEDATE="2025-09-30" /><OBJECT OBJECTID="174954326" OBJECTGUID="8a49fdb8-5614-4c31-a562-0d204031cfed" CHANGEID="689721151" ISACTIVE="1" LEVELID="9" CREATEDATE="2025-09-30" UPDATEDATE="2025-09-30" /><OBJECT OBJECTID="174954328" OBJECTGUID="73cabccc-032c-43e4-81a8-bddd564726fa" CHANGEID="689721158" ISACTIVE="1" LEVELID="9" CREATEDATE="2025-09-30" UPDATEDATE="2025-09-30" /><OBJECT OBJECTID="174954330" OBJECTGUID="44f8c3be-98b7-4926-a4ad-f90b594f6ad8" CHANGEID="689721161" ISACTIVE="1" LEVELID="9" CREATEDATE="2025-09-30" UPDATEDATE="2025-09-30" /><OBJECT OBJECTID="174954350" OBJECTGUID="b42bb2eb-50f4-4318-b511-204468a838cc" CHANGEID="689721186" ISACTIVE="1" LEVELID="9" CREATEDATE="2025-09-30" UPDATEDATE="2025-09-30" /><OBJECT OBJECTID="174954353" OBJECTGUID="f808b391-5986-4160-9857-a421cbc0de3e" CHANGEID="689721191" ISACTIVE="1" LEVELID="9" CREATEDATE="2025-09-30" UPDATEDATE="2025-09-30" /><OBJECT OBJECTID="174954356" OBJECTGUID="9bb2924f-afb8-4cf2-ab65-573a3cf4b959" CHANGEID="689721195" ISACTIVE="1" LEVELID="9" CREATEDATE="2025-09-30" UPDATEDATE="2025-09-30" /><OBJECT OBJECTID="174954378" OBJECTGUID="67e61eaa-22eb-4a58-a77d-119af9726599" CHANGEID="689721219" ISACTIVE="1" LEVELID="9" CREATEDATE="2025-09-30" UPDATEDATE="2025-09-30" /><OBJECT OBJECTID="174949598" OBJECTGUID="f1723eb4-26e5-4c70-8672-695a2fec95e2" CHANGEID="689709397" ISACTIVE="1" LEVELID="11" CREATEDATE="2025-09-30" UPDATEDATE="2025-09-30" /><OBJECT OBJECTID="174949602" OBJECTGUID="5876646d-d0e0-4859-a49d-77974bc21a18" CHANGEID="689709402" ISACTIVE="1" LEVELID="11" CREATEDATE="2025-09-30" UPDATEDATE="2025-09-30" /><OBJECT OBJECTID="174950010" OBJECTGUID="e1d2181f-6822-4e1e-b0ee-00cbd28fe61e" CHANGEID="689710167" ISACTIVE="1" LEVELID="9" CREATEDATE="2025-09-30" UPDATEDATE="2025-09-30" /><OBJECT OBJECTID="174950012" OBJECTGUID="2a7963bc-6449-427c-a9d5-add160d3604f" CHANGEID="689710170" ISACTIVE="1" LEVELID="10" CREATEDATE="2025-09-30" UPDATEDATE="2025-09-30" /><OBJECT OBJECTID="10954868" OBJECTGUID="2aacdd3d-b75b-4c07-91db-0cc1f38ed738" CHANGEID="689718346" ISACTIVE="1" LEVELID="10" CREATEDATE="2017-12-17" UPDATEDATE="2025-09-30" /><OBJECT OBJECTID="174956488" OBJECTGUID="bfc870f4-bed9-4eda-9d33-b7dca25acd65" CHANGEID="689725837" ISACTIVE="1" LEVELID="9" CREATEDATE="2025-09-30" UPDATEDATE="2025-09-30" /><OBJECT OBJECTID="174956490" OBJECTGUID="5f4ca758-1786-4a10-a283-be6bfebd03a2" CHANGEID="689725839" ISACTIVE="1" LEVELID="9" CREATEDATE="2025-09-30" UPDATEDATE="2025-09-30" /><OBJECT OBJECTID="174957763" OBJECTGUID="10280b6a-711f-4df5-a7a5-7bd429b57c00" CHANGEID="689729491" ISACTIVE="1" LEVELID="9" CREATEDATE="2025-09-30" UPDATEDATE="2025-09-30" /><OBJECT OBJECTID="174957776" OBJECTGUID="6451cfa3-fe73-4b31-bbca-678472fd1e78" CHANGEID="689729510" ISACTIVE="1" LEVELID="9" CREATEDATE="2025-09-30" UPDATEDATE="2025-09-30" /><OBJECT OBJECTID="174957775" OBJECTGUID="78b18a50-dffa-4f1a-ab5d-e6ec41e5e4f9" CHANGEID="689729509" ISACTIVE="1" LEVELID="9" CREATEDATE="2025-09-30" UPDATEDATE="2025-09-30" /><OBJECT OBJECTID="174957783" OBJECTGUID="328956a2-61dc-4db1-98c3-1d0b0a69accf" CHANGEID="689729522" ISACTIVE="1" LEVELID="9" CREATEDATE="2025-09-30" UPDATEDATE="2025-09-30" /><OBJECT OBJECTID="174957786" OBJECTGUID="fd952c76-ffc4-405d-9aca-57561790bc82" CHANGEID="689729525" ISACTIVE="1" LEVELID="9" CREATEDATE="2025-09-30" UPDATEDATE="2025-09-30" /><OBJECT OBJECTID="174957804" OBJECTGUID="6b676d3e-094e-4ff1-bdc4-1da7645e8084" CHANGEID="689729550" ISACTIVE="1" LEVELID="9" CREATEDATE="2025-09-30" UPDATEDATE="2025-09-30" /><OBJECT OBJECTID="174957806" OBJECTGUID="07f622dd-9ca7-429c-91ed-e0909f93db53" CHANGEID="689729554" ISACTIVE="1" LEVELID="9" CREATEDATE="2025-09-30" UPDATEDATE="2025-09-30" /><OBJECT OBJECTID="174957829" OBJECTGUID="217ad4ab-2165-4e09-90e7-ac0ec645cc3d" CHANGEID="689729583" ISACTIVE="1" LEVELID="9" CREATEDATE="2025-09-30" UPDATEDATE="2025-09-30" /><OBJECT OBJECTID="174957845" OBJECTGUID="fd65c7bc-06eb-4292-92aa-4f77b16c878f" CHANGEID="689729611" ISACTIVE="1" LEVELID="9" CREATEDATE="2025-09-30" UPDATEDATE="2025-09-30" /><OBJECT OBJECTID="174957838" OBJECTGUID="5073d744-b7af-4ff9-aec5-d44a9d6069f4" CHANGEID="689729598" ISACTIVE="1" LEVELID="9" CREATEDATE="2025-09-30" UPDATEDATE="2025-09-30" /><OBJECT OBJECTID="174957857" OBJECTGUID="7e954793-7cb2-45a2-95af-d7c564a396dc" CHANGEID="689729657" ISACTIVE="1" LEVELID="9" CREATEDATE="2025-09-30" UPDATEDATE="2025-09-30" /><OBJECT OBJECTID="174957880" OBJECTGUID="818512f0-8591-4b24-9716-bc86af67d68e" CHANGEID="689729696" ISACTIVE="1" LEVELID="9" CREATEDATE="2025-09-30" UPDATEDATE="2025-09-30" /><OBJECT OBJECTID="174957909" OBJECTGUID="ab90bf58-9055-4c0b-b277-0d20e09a233a" CHANGEID="689729862" ISACTIVE="1" LEVELID="9" CREATEDATE="2025-09-30" UPDATEDATE="2025-09-30" /><OBJECT OBJECTID="174957919" OBJECTGUID="17823a9c-2180-418e-8b2e-fa1c8aab2719" CHANGEID="689729879" ISACTIVE="1" LEVELID="9" CREATEDATE="2025-09-30" UPDATEDATE="2025-09-30" /><OBJECT OBJECTID="174957923" OBJECTGUID="cb62fc46-1063-4f75-bdff-af592ed5745c" CHANGEID="689729890" ISACTIVE="1" LEVELID="9" CREATEDATE="2025-09-30" UPDATEDATE="2025-09-30" /><OBJECT OBJECTID="74306145" OBJECTGUID="aa158cca-38bb-4d01-a2e2-a0d1858c546b" CHANGEID="689730377" ISACTIVE="1" LEVELID="10" CREATEDATE="2019-08-13" UPDATEDATE="2025-09-30" /><OBJECT OBJECTID="174955225" OBJECTGUID="98c9783e-f259-4ead-807b-a09bb6c37583" CHANGEID="689723320" ISACTIVE="1" LEVELID="9" CREATEDATE="2025-09-30" UPDATEDATE="2025-09-30" /><OBJECT OBJECTID="174955228" OBJECTGUID="5d88a0d0-aef5-4db1-931e-30930649068b" CHANGEID="689723325" ISACTIVE="1" LEVELID="9" CREATEDATE="2025-09-30" UPDATEDATE="2025-09-30" /><OBJECT OBJECTID="174955232" OBJECTGUID="488097b2-889d-4c5d-b075-276206648d1b" CHANGEID="689723334" ISACTIVE="1" LEVELID="9" CREATEDATE="2025-09-30" UPDATEDATE="2025-09-30" /><OBJECT OBJECTID="174955247" OBJECTGUID="3e69dff8-dd92-472e-8b68-6c5f3694b6cd" CHANGEID="689723351" ISACTIVE="1" LEVELID="9" CREATEDATE="2025-09-30" UPDATEDATE="2025-09-30" /><OBJECT OBJECTID="174955250" OBJECTGUID="725cd9dd-3255-4680-ae42-23b9d7e0bc33" CHANGEID="689723357" ISACTIVE="1" LEVELID="9" CREATEDATE="2025-09-30" UPDATEDATE="2025-09-30" /><OBJECT OBJECTID="174955295" OBJECTGUID="09fc37d8-bc0b-454d-aff8-3ad75b0c1387" CHANGEID="689723427" ISACTIVE="1" LEVELID="10" CREATEDATE="2025-09-30" UPDATEDATE="2025-09-30" /><OBJECT OBJECTID="174955302" OBJECTGUID="1a70f4f2-9794-48d6-be2d-55b8a0c066a8" CHANGEID="689723438" ISACTIVE="1" LEVELID="9" CREATEDATE="2025-09-30" UPDATEDATE="2025-09-30" /><OBJECT OBJECTID="174955308" OBJECTGUID="9c70f4bf-535e-42dc-937a-40934d5704cb" CHANGEID="689723450" ISACTIVE="1" LEVELID="10" CREATEDATE="2025-09-30" UPDATEDATE="2025-09-30" /><OBJECT OBJECTID="174955314" OBJECTGUID="88a84272-87ad-44b7-b9d0-947ca66794d3" CHANGEID="689723462" ISACTIVE="1" LEVELID="9" CREATEDATE="2025-09-30" UPDATEDATE="2025-09-30" /><OBJECT OBJECTID="174955321" OBJECTGUID="0aefda85-ed2a-4eca-b93e-7d03ff374377" CHANGEID="689723472" ISACTIVE="1" LEVELID="9" CREATEDATE="2025-09-30" UPDATEDATE="2025-09-30" /><OBJECT OBJECTID="174955325" OBJECTGUID="377cc95c-3d02-47ea-89c7-9827a2e0905f" CHANGEID="689723477" ISACTIVE="1" LEVELID="9" CREATEDATE="2025-09-30" UPDATEDATE="2025-09-30" /><OBJECT OBJECTID="174955329" OBJECTGUID="8e5f9fcf-8143-46cb-a3da-27fbd22cdc7f" CHANGEID="689723489" ISACTIVE="1" LEVELID="9" CREATEDATE="2025-09-30" UPDATEDATE="2025-09-30" /><OBJECT OBJECTID="174955331" OBJECTGUID="331e6e2c-2d2a-463b-a4a1-e737fbc98bd7" CHANGEID="689723494" ISACTIVE="1" LEVELID="9" CREATEDATE="2025-09-30" UPDATEDATE="2025-09-30" /><OBJECT OBJECTID="174956417" OBJECTGUID="c75b0d63-be0d-40c2-a031-332b15eb6799" CHANGEID="689725665" ISACTIVE="1" LEVELID="9" CREATEDATE="2025-09-30" UPDATEDATE="2025-09-30" /><OBJECT OBJECTID="174956432" OBJECTGUID="3ba508fb-d20f-4d09-b1b2-a0f52aa1bdf2" CHANGEID="689725686" ISACTIVE="1" LEVELID="9" CREATEDATE="2025-09-30" UPDATEDATE="2025-09-30" /><OBJECT OBJECTID="174956435" OBJECTGUID="1c66033c-36df-4557-bd4e-9196586409c7" CHANGEID="689725694" ISACTIVE="1" LEVELID="9" CREATEDATE="2025-09-30" UPDATEDATE="2025-09-30" /><OBJECT OBJECTID="174956451" OBJECTGUID="bebb1411-08e2-4f4e-a9c1-8d0d33c92f1f" CHANGEID="689725726" ISACTIVE="1" LEVELID="9" CREATEDATE="2025-09-30" UPDATEDATE="2025-09-30" /><OBJECT OBJECTID="174956459" OBJECTGUID="7a4277e0-bc2e-4c11-bb64-e0606fe36629" CHANGEID="689725737" ISACTIVE="1" LEVELID="9" CREATEDATE="2025-09-30" UPDATEDATE="2025-09-30" /><OBJECT OBJECTID="174956464" OBJECTGUID="b0410787-3da9-419b-847d-2f75f283e36c" CHANGEID="689725746" ISACTIVE="1" LEVELID="9" CREATEDATE="2025-09-30" UPDATEDATE="2025-09-30" /><OBJECT OBJECTID="174956466" OBJECTGUID="2cacd26e-0d43-48c4-a7e6-ac6763b2a80c" CHANGEID="689725750" ISACTIVE="1" LEVELID="9" CREATEDATE="2025-09-30" UPDATEDATE="2025-09-30" /><OBJECT OBJECTID="174956475" OBJECTGUID="10f63863-b96d-4a42-8d0d-0d9bbdcd682c" CHANGEID="689725765" ISACTIVE="1" LEVELID="9" CREATEDATE="2025-09-30" UPDATEDATE="2025-09-30" /><OBJECT OBJECTID="174956477" OBJECTGUID="abb3d48b-ff0e-434f-b90d-e0ff82694575" CHANGEID="689725770" ISACTIVE="1" LEVELID="9" CREATEDATE="2025-09-30" UPDATEDATE="2025-09-30" /><OBJECT OBJECTID="174959685" OBJECTGUID="73bac9df-25cd-4842-a0a1-2808372fc3f2" CHANGEID="689734542" ISACTIVE="1" LEVELID="9" CREATEDATE="2025-09-30" UPDATEDATE="2025-09-30" /><OBJECT OBJECTID="174959720" OBJECTGUID="278cc42c-c030-41a0-9750-e1732b0cbb02" CHANGEID="689734608" ISACTIVE="1" LEVELID="10" CREATEDATE="2025-09-30" UPDATEDATE="2025-09-30" /><OBJECT OBJECTID="174959789" OBJECTGUID="d2e50a98-45f4-48a4-9452-ed2ee977cf80" CHANGEID="689734716" ISACTIVE="1" LEVELID="10" CREATEDATE="2025-09-30" UPDATEDATE="2025-09-30" /><OBJECT OBJECTID="38388193" OBJECTGUID="22c1d346-d4d5-416a-b9d7-221ae11aa4ac" CHANGEID="689735234" ISACTIVE="1" LEVELID="10" CREATEDATE="2019-08-13" UPDATEDATE="2025-09-30" /><OBJECT OBJECTID="174960320" OBJECTGUID="88352115-8dc8-451b-a20e-45c77d58848d" CHANGEID="689735608" ISACTIVE="1" LEVELID="10" CREATEDATE="2025-09-30" UPDATEDATE="2025-09-30" /><OBJECT OBJECTID="174960357" OBJECTGUID="6e18e2e2-be3e-404a-a66e-0ac760c358a6" CHANGEID="689735677" ISACTIVE="1" LEVELID="9" CREATEDATE="2025-09-30" UPDATEDATE="2025-09-30" /><OBJECT OBJECTID="174960926" OBJECTGUID="54690150-58c6-44b5-a213-44a5e01c4975" CHANGEID="689737255" ISACTIVE="1" LEVELID="10" CREATEDATE="2025-09-30" UPDATEDATE="2025-09-30" /><OBJECT OBJECTID="174960936" OBJECTGUID="865b73af-d495-408f-94d6-d887822947d9" CHANGEID="689737275" ISACTIVE="1" LEVELID="9" CREATEDATE="2025-09-30" UPDATEDATE="2025-09-30" /><OBJECT OBJECTID="174966937" OBJECTGUID="f17e6d10-84a6-4146-b35e-ba1de8083fed" CHANGEID="689750766" ISACTIVE="1" LEVELID="9" CREATEDATE="2025-09-30" UPDATEDATE="2025-09-30" /><OBJECT OBJECTID="174967052" OBJECTGUID="ba951637-b311-4027-b0f3-4b0ef0ca857f" CHANGEID="689750951" ISACTIVE="1" LEVELID="9" CREATEDATE="2025-09-30" UPDATEDATE="2025-09-30" /><OBJECT OBJECTID="174967284" OBJECTGUID="170f021d-4a34-4dfc-94ab-fd12fd9acbf0" CHANGEID="689751337" ISACTIVE="1" LEVELID="9" CREATEDATE="2025-09-30" UPDATEDATE="2025-09-30" /><OBJECT OBJECTID="174967315" OBJECTGUID="fd98a5df-9613-44be-8d8a-ed84a85bfbb8" CHANGEID="689751403" ISACTIVE="1" LEVELID="10" CREATEDATE="2025-09-30" UPDATEDATE="2025-09-30" /><OBJECT OBJECTID="174967448" OBJECTGUID="dc1f732f-1601-4db3-b9a8-3679697b016b" CHANGEID="689752064" ISACTIVE="1" LEVELID="11" CREATEDATE="2025-09-30" UPDATEDATE="2025-09-30" /><OBJECT OBJECTID="174967744" OBJECTGUID="b4b85ae2-b098-4263-ab5c-b39cba902f4b" CHANGEID="689752663" ISACTIVE="1" LEVELID="9" CREATEDATE="2025-09-30" UPDATEDATE="2025-09-30" /><OBJECT OBJECTID="174967750" OBJECTGUID="6fdef5a5-69b2-4e5c-b6c0-9e680317e4dc" CHANGEID="689752683" ISACTIVE="1" LEVELID="10" CREATEDATE="2025-09-30" UPDATEDATE="2025-09-30" /><OBJECT OBJECTID="174967776" OBJECTGUID="7a1828d6-98d4-4be9-b585-ac83e20810da" CHANGEID="689752740" ISACTIVE="1" LEVELID="10" CREATEDATE="2025-09-30" UPDATEDATE="2025-09-30" /><OBJECT OBJECTID="174967937" OBJECTGUID="3a536d14-25b7-4fb2-98c2-8a243a5ccbe3" CHANGEID="689753032" ISACTIVE="1" LEVELID="11" CREATEDATE="2025-09-30" UPDATEDATE="2025-09-30" /><OBJECT OBJECTID="174968045" OBJECTGUID="a96ce4ec-187b-4374-ba37-7d37a776aa9a" CHANGEID="689753272" ISACTIVE="1" LEVELID="9" CREATEDATE="2025-09-30" UPDATEDATE="2025-09-30" /><OBJECT OBJECTID="174968099" OBJECTGUID="a3323461-cb72-42ca-b0dc-0a3d168d4512" CHANGEID="689753358" ISACTIVE="1" LEVELID="9" CREATEDATE="2025-09-30" UPDATEDATE="2025-09-30" /><OBJECT OBJECTID="174968315" OBJECTGUID="798c2a49-d62d-4df6-86d0-07d9aeada251" CHANGEID="689754283" ISACTIVE="1" LEVELID="9" CREATEDATE="2025-09-30" UPDATEDATE="2025-09-30" /><OBJECT OBJECTID="174968418" OBJECTGUID="45d84810-595e-4a64-b25f-6f0051aeda4a" CHANGEID="689754438" ISACTIVE="1" LEVELID="9" CREATEDATE="2025-09-30" UPDATEDATE="2025-09-30" /><OBJECT OBJECTID="174969226" OBJECTGUID="c7d4bfb7-c7bc-4dba-a212-1d400a788cfb" CHANGEID="689756003" ISACTIVE="1" LEVELID="9" CREATEDATE="2025-09-30" UPDATEDATE="2025-09-30" /><OBJECT OBJECTID="82309257" OBJECTGUID="b94974f7-70b5-42ac-a174-b60108b4b125" CHANGEID="689757187" ISACTIVE="1" LEVELID="11" CREATEDATE="2019-04-08" UPDATEDATE="2025-09-30" /><OBJECT OBJECTID="82737115" OBJECTGUID="cfc03d1a-1667-4b15-80b8-b8286b226f60" CHANGEID="689757211" ISACTIVE="1" LEVELID="11" CREATEDATE="2019-04-08" UPDATEDATE="2025-09-30" /><OBJECT OBJECTID="174969852" OBJECTGUID="690ed67f-af4b-44c0-ac1f-8a80868c473d" CHANGEID="689757446" ISACTIVE="1" LEVELID="10" CREATEDATE="2025-09-30" UPDATEDATE="2025-09-30" /><OBJECT OBJECTID="82308866" OBJECTGUID="9d18ac60-e312-416f-a18b-a9555e409c08" CHANGEID="689757523" ISACTIVE="1" LEVELID="11" CREATEDATE="2019-04-08" UPDATEDATE="2025-09-30" /><OBJECT OBJECTID="82297196" OBJECTGUID="4a4ff9ad-9e52-44b7-901b-d65a8ae3b3bc" CHANGEID="689757534" ISACTIVE="1" LEVELID="11" CREATEDATE="2019-04-08" UPDATEDATE="2025-09-30" /><OBJECT OBJECTID="82297381" OBJECTGUID="4ed218aa-505d-44eb-9058-3bdf5b8eca87" CHANGEID="689757581" ISACTIVE="1" LEVELID="11" CREATEDATE="2019-04-08" UPDATEDATE="2025-09-30" /><OBJECT OBJECTID="174969877" OBJECTGUID="967dde23-9e67-4628-9bbc-f88989ea1189" CHANGEID="689757618" ISACTIVE="1" LEVELID="10" CREATEDATE="2025-09-30" UPDATEDATE="2025-09-30" /><OBJECT OBJECTID="82295818" OBJECTGUID="24b80120-c1d8-4a82-9a49-2bf2c772b65e" CHANGEID="689758239" ISACTIVE="1" LEVELID="11" CREATEDATE="2019-04-08" UPDATEDATE="2025-09-30" /><OBJECT OBJECTID="82296522" OBJECTGUID="3954a6a2-4553-4f29-a4bc-7a7c3ffd8f19" CHANGEID="689758250" ISACTIVE="1" LEVELID="11" CREATEDATE="2019-04-08" UPDATEDATE="2025-09-30" /><OBJECT OBJECTID="82313108" OBJECTGUID="d4819c13-156d-4450-9405-beea93cb887e" CHANGEID="689758284" ISACTIVE="1" LEVELID="11" CREATEDATE="2019-04-08" UPDATEDATE="2025-09-30" /><OBJECT OBJECTID="82295537" OBJECTGUID="127a2634-142d-47a8-a0e5-e4f459a9a157" CHANGEID="689758298" ISACTIVE="1" LEVELID="11" CREATEDATE="2019-04-08" UPDATEDATE="2025-09-30" /><OBJECT OBJECTID="82308930" OBJECTGUID="a19edd2e-0e9d-4d1f-a4a3-ea53d0e70060" CHANGEID="689758302" ISACTIVE="1" LEVELID="11" CREATEDATE="2019-04-08" UPDATEDATE="2025-09-30" /><OBJECT OBJECTID="82296739" OBJECTGUID="42e09093-2e91-494a-ab9c-2437d8f6bfc1" CHANGEID="689758311" ISACTIVE="1" LEVELID="11" CREATEDATE="2019-04-08" UPDATEDATE="2025-09-30" /><OBJECT OBJECTID="82309196" OBJECTGUID="afe7fcca-c19e-45e2-bab0-edba0afe989c" CHANGEID="689758332" ISACTIVE="1" LEVELID="11" CREATEDATE="2019-04-08" UPDATEDATE="2025-09-30" /><OBJECT OBJECTID="82309251" OBJECTGUID="b7f04c59-dea1-4039-ba27-38715cef7ce9" CHANGEID="689758355" ISACTIVE="1" LEVELID="11" CREATEDATE="2019-04-08" UPDATEDATE="2025-09-30" /><OBJECT OBJECTID="82178149" OBJECTGUID="947f3210-da12-4dc6-8e31-6e5e02f000ce" CHANGEID="689758481" ISACTIVE="1" LEVELID="11" CREATEDATE="2019-04-08" UPDATEDATE="2025-09-30" /><OBJECT OBJECTID="82223501" OBJECTGUID="687467c8-bff6-463c-a07e-30bdb20983a5" CHANGEID="689758507" ISACTIVE="1" LEVELID="11" CREATEDATE="2019-04-08" UPDATEDATE="2025-09-30" /><OBJECT OBJECTID="174970422" OBJECTGUID="624e8f1d-5235-4ff7-a97b-363d8fe7088c" CHANGEID="689758768" ISACTIVE="1" LEVELID="9" CREATEDATE="2025-09-30" UPDATEDATE="2025-09-30" /><OBJECT OBJECTID="6041296" OBJECTGUID="0f80ccc2-4f8f-4728-b6df-c5f56a08ee19" CHANGEID="689758953" ISACTIVE="1" LEVELID="10" CREATEDATE="2017-12-18" UPDATEDATE="2025-09-30" /><OBJECT OBJECTID="75601723" OBJECTGUID="2d0cf83b-f5ab-4dc0-b168-d80467b68389" CHANGEID="689642880" ISACTIVE="0" LEVELID="10" CREATEDATE="2017-04-23" UPDATEDATE="2025-09-29" /><OBJECT OBJECTID="174968671" OBJECTGUID="9c4cea88-3050-43d7-931d-b74b5822ed4f" CHANGEID="689755029" ISACTIVE="1" LEVELID="9" CREATEDATE="2025-09-30" UPDATEDATE="2025-09-30" /><OBJECT OBJECTID="82115518" OBJECTGUID="fbd8c01e-7bf1-458c-a7e6-fa6f2172fc99" CHANGEID="689784441" ISACTIVE="1" LEVELID="11" CREATEDATE="2019-04-08" UPDATEDATE="2025-10-01" /><OBJECT OBJECTID="82221741" OBJECTGUID="349e309e-14cf-465c-bd8f-e1f63bf43579" CHANGEID="689784448" ISACTIVE="1" LEVELID="11" CREATEDATE="2019-04-08" UPDATEDATE="2025-10-01" /><OBJECT OBJECTID="83086402" OBJECTGUID="5ee3f882-265a-4615-82b6-f072d753d742" CHANGEID="689784452" ISACTIVE="1" LEVELID="11" CREATEDATE="2019-04-08" UPDATEDATE="2025-10-01" /><OBJECT OBJECTID="82977253" OBJECTGUID="b72d7fe2-55d0-44a7-9759-ef805cd79e7d" CHANGEID="689784449" ISACTIVE="1" LEVELID="11" CREATEDATE="2019-04-08" UPDATEDATE="2025-10-01" /><OBJECT OBJECTID="83084073" OBJECTGUID="260c2000-8a39-4c0d-9532-79b67fbf15c4" CHANGEID="689784453" ISACTIVE="1" LEVELID="11" CREATEDATE="2019-04-08" UPDATEDATE="2025-10-01" /><OBJECT OBJECTID="83083602" OBJECTGUID="139be324-1b79-40ba-8a04-8d9d2392f21b" CHANGEID="689784465" ISACTIVE="1" LEVELID="11" CREATEDATE="2019-04-08" UPDATEDATE="2025-10-01" /><OBJECT OBJECTID="82274404" OBJECTGUID="0f1cfe11-dfb1-4d17-a52c-43aa77aefb90" CHANGEID="689784473" ISACTIVE="1" LEVELID="11" CREATEDATE="2019-04-08" UPDATEDATE="2025-10-01" /><OBJECT OBJECTID="82467870" OBJECTGUID="02e0f6b6-69ee-4377-957c-f96b8dfec943" CHANGEID="689784484" ISACTIVE="1" LEVELID="11" CREATEDATE="2019-04-08" UPDATEDATE="2025-10-01" /><OBJECT OBJECTID="83057069" OBJECTGUID="4d6b8bc6-a92d-469c-879d-2c13a69a498e" CHANGEID="689786572" ISACTIVE="1" LEVELID="11" CREATEDATE="2019-04-08" UPDATEDATE="2025-10-01" /><OBJECT OBJECTID="82414751" OBJECTGUID="aa876374-b1a3-4f7b-bffc-7476f681413a" CHANGEID="689786579" ISACTIVE="1" LEVELID="11" CREATEDATE="2019-04-08" UPDATEDATE="2025-10-01" /><OBJECT OBJECTID="83001450" OBJECTGUID="fa509cd5-936c-4946-b1fd-240e7d30189b" CHANGEID="689786587" ISACTIVE="1" LEVELID="11" CREATEDATE="2019-04-08" UPDATEDATE="2025-10-01" /><OBJECT OBJECTID="82791055" OBJECTGUID="276b99bf-14d6-4e2e-a474-c23eab4d92a0" CHANGEID="689786598" ISACTIVE="1" LEVELID="11" CREATEDATE="2019-04-08" UPDATEDATE="2025-10-01" /><OBJECT OBJECTID="82333433" OBJECTGUID="259332f6-78c3-46f8-a8e4-5461e270394b" CHANGEID="689786608" ISACTIVE="1" LEVELID="11" CREATEDATE="2019-04-08" UPDATEDATE="2025-10-01" /><OBJECT OBJECTID="82139411" OBJECTGUID="466bd8b9-3081-4d43-ad20-1582073d483a" CHANGEID="689786581" ISACTIVE="1" LEVELID="11" CREATEDATE="2019-04-08" UPDATEDATE="2025-10-01" /><OBJECT OBJECTID="174978241" OBJECTGUID="f8185609-c92b-4c83-aa31-52813514d17c" CHANGEID="689792881" ISACTIVE="1" LEVELID="9" CREATEDATE="2025-10-01" UPDATEDATE="2025-10-01" /><OBJECT OBJECTID="56587571" OBJECTGUID="aace3f75-b7f2-4bac-b82a-26b624f88265" CHANGEID="689708111" ISACTIVE="1" LEVELID="10" CREATEDATE="2012-12-09" UPDATEDATE="2025-09-30" /><OBJECT OBJECTID="174979682" OBJECTGUID="5acf6b4e-f4bd-4d61-8761-5990b8aeee93" CHANGEID="689795504" ISACTIVE="1" LEVELID="10" CREATEDATE="2025-10-01" UPDATEDATE="2025-10-01" /><OBJECT OBJECTID="174979698" OBJECTGUID="8d6beb65-d126-42ca-858b-19438a03a793" CHANGEID="689795530" ISACTIVE="1" LEVELID="11" CREATEDATE="2025-10-01" UPDATEDATE="2025-10-01" /><OBJECT OBJECTID="174979699" OBJECTGUID="17cb6192-9299-4f01-bd74-5e07410507df" CHANGEID="689795531" ISACTIVE="1" LEVELID="11" CREATEDATE="2025-10-01" UPDATEDATE="2025-10-01" /><OBJECT OBJECTID="174979700" OBJECTGUID="61d5e817-0526-49d1-9f38-201ad0ee787c" CHANGEID="689795532" ISACTIVE="1" LEVELID="11" CREATEDATE="2025-10-01" UPDATEDATE="2025-10-01" /><OBJECT OBJECTID="174979703" OBJECTGUID="5051287c-2fd3-49fd-ac4b-e6a9c01c8742" CHANGEID="689795539" ISACTIVE="1" LEVELID="11" CREATEDATE="2025-10-01" UPDATEDATE="2025-10-01" /><OBJECT OBJECTID="174979717" OBJECTGUID="2202cf4d-220a-45a0-99fe-24e701d49a08" CHANGEID="689795554" ISACTIVE="1" LEVELID="10" CREATEDATE="2025-10-01" UPDATEDATE="2025-10-01" /><OBJECT OBJECTID="174979777" OBJECTGUID="21cfb494-3c58-4c4d-9311-6eaba0d0177e" CHANGEID="689795645" ISACTIVE="1" LEVELID="9" CREATEDATE="2025-10-01" UPDATEDATE="2025-10-01" /><OBJECT OBJECTID="174979785" OBJECTGUID="08397470-5ded-48b1-a1cf-c0409cc386c4" CHANGEID="689795662" ISACTIVE="1" LEVELID="10" CREATEDATE="2025-10-01" UPDATEDATE="2025-10-01" /><OBJECT OBJECTID="66437167" OBJECTGUID="2c2ad211-8b9e-4b89-992e-e8d68811ad0a" CHANGEID="689824814" ISACTIVE="1" LEVELID="10" CREATEDATE="2019-07-10" UPDATEDATE="2025-10-01" /><OBJECT OBJECTID="174982431" OBJECTGUID="308eeef3-9713-428a-b46e-1e0ce3267c96" CHANGEID="689801324" ISACTIVE="1" LEVELID="8" CREATEDATE="2025-10-01" UPDATEDATE="2025-10-01" /><OBJECT OBJECTID="174983469" OBJECTGUID="36905954-4fc3-4fda-9080-5cf7688dc89a" CHANGEID="689803378" ISACTIVE="1" LEVELID="10" CREATEDATE="2025-10-01" UPDATEDATE="2025-10-01" /><OBJECT OBJECTID="174983534" OBJECTGUID="0182b8a4-5aba-4911-8d4e-13c9c5f279c7" CHANGEID="689803473" ISACTIVE="1" LEVELID="9" CREATEDATE="2025-10-01" UPDATEDATE="2025-10-01" /><OBJECT OBJECTID="174983532" OBJECTGUID="ce0af188-ecd1-4b4e-9218-2f32c91a2dfb" CHANGEID="689803470" ISACTIVE="1" LEVELID="9" CREATEDATE="2025-10-01" UPDATEDATE="2025-10-01" /><OBJECT OBJECTID="174983538" OBJECTGUID="b82b38cd-75fc-4c1c-87da-9efb0a33968a" CHANGEID="689803485" ISACTIVE="1" LEVELID="9" CREATEDATE="2025-10-01" UPDATEDATE="2025-10-01" /><OBJECT OBJECTID="174983537" OBJECTGUID="1a9768e4-c574-46b6-9506-dbe97c078d9c" CHANGEID="689803482" ISACTIVE="1" LEVELID="9" CREATEDATE="2025-10-01" UPDATEDATE="2025-10-01" /><OBJECT OBJECTID="174983545" OBJECTGUID="f30f2384-33c3-4593-bd2e-a0b549f9e590" CHANGEID="689803495" ISACTIVE="1" LEVELID="9" CREATEDATE="2025-10-01" UPDATEDATE="2025-10-01" /><OBJECT OBJECTID="174983549" OBJECTGUID="586d4311-2017-46e8-b6b8-4189ecda627b" CHANGEID="689803512" ISACTIVE="1" LEVELID="10" CREATEDATE="2025-10-01" UPDATEDATE="2025-10-01" /><OBJECT OBJECTID="174983551" OBJECTGUID="5078add9-b37b-48f9-9aa3-9854cf606a03" CHANGEID="689803521" ISACTIVE="1" LEVELID="9" CREATEDATE="2025-10-01" UPDATEDATE="2025-10-01" /><OBJECT OBJECTID="174983554" OBJECTGUID="b9282403-ad92-48d9-a211-a26c4ef89cdb" CHANGEID="689803535" ISACTIVE="1" LEVELID="9" CREATEDATE="2025-10-01" UPDATEDATE="2025-10-01" /><OBJECT OBJECTID="174983556" OBJECTGUID="1456a7f7-7d9d-4889-aa21-a693b0535150" CHANGEID="689803542" ISACTIVE="1" LEVELID="10" CREATEDATE="2025-10-01" UPDATEDATE="2025-10-01" /><OBJECT OBJECTID="174983558" OBJECTGUID="d42c4924-7102-42cc-a9bf-3a5a97830008" CHANGEID="689803550" ISACTIVE="1" LEVELID="9" CREATEDATE="2025-10-01" UPDATEDATE="2025-10-01" /><OBJECT OBJECTID="174983578" OBJECTGUID="1564d402-1cf2-436d-a755-fbf9258628ed" CHANGEID="689803588" ISACTIVE="1" LEVELID="9" CREATEDATE="2025-10-01" UPDATEDATE="2025-10-01" /><OBJECT OBJECTID="174983579" OBJECTGUID="5e9b77a7-8d59-4cf7-9ad0-00b9eb31a6a8" CHANGEID="689803590" ISACTIVE="1" LEVELID="10" CREATEDATE="2025-10-01" UPDATEDATE="2025-10-01" /><OBJECT OBJECTID="174983672" OBJECTGUID="be7ed554-00a7-44c6-838e-c7b37af8e35e" CHANGEID="689803797" ISACTIVE="1" LEVELID="10" CREATEDATE="2025-10-01" UPDATEDATE="2025-10-01" /><OBJECT OBJECTID="76357343" OBJECTGUID="695ff814-25c4-4e96-af71-94ae5de59ae6" CHANGEID="689800832" ISACTIVE="1" LEVELID="10" CREATEDATE="2019-07-10" UPDATEDATE="2025-10-01" /><OBJECT OBJECTID="174982057" OBJECTGUID="d9e84e1e-0f3d-4f71-8364-d1778b56dbb4" CHANGEID="689800834" ISACTIVE="1" LEVELID="9" CREATEDATE="2025-10-01" UPDATEDATE="2025-10-01" /><OBJECT OBJECTID="174982056" OBJECTGUID="64481b66-16b1-4706-a7e2-ff2064ae0645" CHANGEID="689800833" ISACTIVE="1" LEVELID="9" CREATEDATE="2025-10-01" UPDATEDATE="2025-10-01" /><OBJECT OBJECTID="174982058" OBJECTGUID="90e5aa39-2e65-4b60-b52e-2d18aef15f7d" CHANGEID="689800835" ISACTIVE="1" LEVELID="10" CREATEDATE="2025-10-01" UPDATEDATE="2025-10-01" /><OBJECT OBJECTID="174982116" OBJECTGUID="e29d9381-c812-4c4a-bb75-02a6be1d3993" CHANGEID="689800917" ISACTIVE="1" LEVELID="9" CREATEDATE="2025-10-01" UPDATEDATE="2025-10-01" /><OBJECT OBJECTID="174982121" OBJECTGUID="eaebd7f7-44b0-4d0d-a75a-174f71bf261e" CHANGEID="689800923" ISACTIVE="1" LEVELID="10" CREATEDATE="2025-10-01" UPDATEDATE="2025-10-01" /><OBJECT OBJECTID="174988428" OBJECTGUID="69bb1b44-94d6-46ee-b3c1-10aba474c7d5" CHANGEID="689813195" ISACTIVE="1" LEVELID="9" CREATEDATE="2025-10-01" UPDATEDATE="2025-10-01" /><OBJECT OBJECTID="174988451" OBJECTGUID="876eb424-db85-469c-9c50-cbb47a2b35a7" CHANGEID="689813219" ISACTIVE="1" LEVELID="10" CREATEDATE="2025-10-01" UPDATEDATE="2025-10-01" /><OBJECT OBJECTID="174988570" OBJECTGUID="8199fc03-9167-4162-976c-f3fc1afc55fc" CHANGEID="689813410" ISACTIVE="1" LEVELID="9" CREATEDATE="2025-10-01" UPDATEDATE="2025-10-01" /><OBJECT OBJECTID="174988574" OBJECTGUID="c65b330c-43c1-49e7-b2f8-a1abc41c8b8b" CHANGEID="689813417" ISACTIVE="1" LEVELID="9" CREATEDATE="2025-10-01" UPDATEDATE="2025-10-01" /><OBJECT OBJECTID="174988592" OBJECTGUID="750067b8-8cbe-4ab4-8932-7e3a834ed2e4" CHANGEID="689813437" ISACTIVE="1" LEVELID="10" CREATEDATE="2025-10-01" UPDATEDATE="2025-10-01" /><OBJECT OBJECTID="174988658" OBJECTGUID="41366909-1fec-42e3-bf74-0d642e711167" CHANGEID="689813523" ISACTIVE="1" LEVELID="10" CREATEDATE="2025-10-01" UPDATEDATE="2025-10-01" /><OBJECT OBJECTID="174988682" OBJECTGUID="3e14594d-2730-4c25-a953-fc2cceadcdb8" CHANGEID="689813554" ISACTIVE="1" LEVELID="9" CREATEDATE="2025-10-01" UPDATEDATE="2025-10-01" /><OBJECT OBJECTID="174988796" OBJECTGUID="cc3f47d0-a592-4a11-b8b2-e2335ce4adbd" CHANGEID="689813766" ISACTIVE="1" LEVELID="9" CREATEDATE="2025-10-01" UPDATEDATE="2025-10-01" /><OBJECT OBJECTID="174988799" OBJECTGUID="af7620a4-3cec-48b9-8ffd-e66460e35f3c" CHANGEID="689813770" ISACTIVE="1" LEVELID="9" CREATEDATE="2025-10-01" UPDATEDATE="2025-10-01" /><OBJECT OBJECTID="174988803" OBJECTGUID="e2dcc299-c963-4a25-b880-b07fb114fab8" CHANGEID="689813775" ISACTIVE="1" LEVELID="10" CREATEDATE="2025-10-01" UPDATEDATE="2025-10-01" /><OBJECT OBJECTID="174988809" OBJECTGUID="2fb1d7cc-0cd0-46cf-b92a-28b4170b1b16" CHANGEID="689813782" ISACTIVE="1" LEVELID="9" CREATEDATE="2025-10-01" UPDATEDATE="2025-10-01" /><OBJECT OBJECTID="174988819" OBJECTGUID="509fc28d-f0d5-4116-ae4e-23dad29711db" CHANGEID="689813794" ISACTIVE="1" LEVELID="10" CREATEDATE="2025-10-01" UPDATEDATE="2025-10-01" /><OBJECT OBJECTID="174988825" OBJECTGUID="0a0f3f8c-14bb-4af5-86cc-06b5e1175e67" CHANGEID="689813804" ISACTIVE="1" LEVELID="9" CREATEDATE="2025-10-01" UPDATEDATE="2025-10-01" /><OBJECT OBJECTID="174988829" OBJECTGUID="f4de8c1b-a7ba-409a-879c-a65ab1aa3ace" CHANGEID="689813822" ISACTIVE="1" LEVELID="10" CREATEDATE="2025-10-01" UPDATEDATE="2025-10-01" /><OBJECT OBJECTID="174988832" OBJECTGUID="6f56dc46-0076-4249-bb52-2c3aaeecf09b" CHANGEID="689813826" ISACTIVE="1" LEVELID="9" CREATEDATE="2025-10-01" UPDATEDATE="2025-10-01" /><OBJECT OBJECTID="174988836" OBJECTGUID="ea2452b7-78ac-4c40-bf35-f0e31872058b" CHANGEID="689813832" ISACTIVE="1" LEVELID="9" CREATEDATE="2025-10-01" UPDATEDATE="2025-10-01" /><OBJECT OBJECTID="174988874" OBJECTGUID="9e171c8e-e5c1-4eb5-be54-e51b0f70fba8" CHANGEID="689813887" ISACTIVE="1" LEVELID="9" CREATEDATE="2025-10-01" UPDATEDATE="2025-10-01" /><OBJECT OBJECTID="174988877" OBJECTGUID="b0834b14-543a-4745-8fbf-3651582b0641" CHANGEID="689813891" ISACTIVE="1" LEVELID="10" CREATEDATE="2025-10-01" UPDATEDATE="2025-10-01" /><OBJECT OBJECTID="174988885" OBJECTGUID="b4fac866-f711-4047-879a-b9aed039a546" CHANGEID="689813907" ISACTIVE="1" LEVELID="10" CREATEDATE="2025-10-01" UPDATEDATE="2025-10-01" /><OBJECT OBJECTID="174988890" OBJECTGUID="e707b4b3-d977-4c34-a50a-f3a503b64682" CHANGEID="689813914" ISACTIVE="1" LEVELID="9" CREATEDATE="2025-10-01" UPDATEDATE="2025-10-01" /><OBJECT OBJECTID="174988900" OBJECTGUID="92202f81-da94-41d6-bfaa-0a9402fc1636" CHANGEID="689813933" ISACTIVE="1" LEVELID="10" CREATEDATE="2025-10-01" UPDATEDATE="2025-10-01" /><OBJECT OBJECTID="174988905" OBJECTGUID="6f056262-264b-484c-b2e1-27d400274f28" CHANGEID="689813942" ISACTIVE="1" LEVELID="9" CREATEDATE="2025-10-01" UPDATEDATE="2025-10-01" /><OBJECT OBJECTID="174988910" OBJECTGUID="de6979d3-a81e-49f1-b423-d517ee5c4a1b" CHANGEID="689813951" ISACTIVE="1" LEVELID="10" CREATEDATE="2025-10-01" UPDATEDATE="2025-10-01" /><OBJECT OBJECTID="174988917" OBJECTGUID="c7bc4a6d-b1e7-471f-b2be-5903891b0e92" CHANGEID="689813962" ISACTIVE="1" LEVELID="9" CREATEDATE="2025-10-01" UPDATEDATE="2025-10-01" /><OBJECT OBJECTID="174988934" OBJECTGUID="baff1e69-8b06-4c53-a123-9174fbd20047" CHANGEID="689814028" ISACTIVE="1" LEVELID="10" CREATEDATE="2025-10-01" UPDATEDATE="2025-10-01" /><OBJECT OBJECTID="174988946" OBJECTGUID="9b30b698-9c61-487f-bed4-51d374bf2b9c" CHANGEID="689814088" ISACTIVE="1" LEVELID="10" CREATEDATE="2025-10-01" UPDATEDATE="2025-10-01" /><OBJECT OBJECTID="174988947" OBJECTGUID="bb43abb5-78d4-4ca5-b5f5-8d7158b2b373" CHANGEID="689814089" ISACTIVE="1" LEVELID="10" CREATEDATE="2025-10-01" UPDATEDATE="2025-10-01" /><OBJECT OBJECTID="174988948" OBJECTGUID="1b670b41-ae31-4d78-8f7d-e02c627e3629" CHANGEID="689814090" ISACTIVE="1" LEVELID="10" CREATEDATE="2025-10-01" UPDATEDATE="2025-10-01" /><OBJECT OBJECTID="174988949" OBJECTGUID="19096187-9db2-40a8-b0e8-ba3043687e7b" CHANGEID="689814091" ISACTIVE="1" LEVELID="10" CREATEDATE="2025-10-01" UPDATEDATE="2025-10-01" /><OBJECT OBJECTID="174988950" OBJECTGUID="15bddfc9-8435-46aa-a318-7670483d9be0" CHANGEID="689814092" ISACTIVE="1" LEVELID="10" CREATEDATE="2025-10-01" UPDATEDATE="2025-10-01" /><OBJECT OBJECTID="79388981" OBJECTGUID="f319bc3c-d120-4d82-a9ad-7a364d56b176" CHANGEID="689815567" ISACTIVE="1" LEVELID="11" CREATEDATE="2017-11-23" UPDATEDATE="2025-10-01" /><OBJECT OBJECTID="46449659" OBJECTGUID="bafd45a9-58c7-408a-8406-ddbd28286527" CHANGEID="689815892" ISACTIVE="1" LEVELID="11" CREATEDATE="2019-07-14" UPDATEDATE="2025-10-01" /><OBJECT OBJECTID="174989779" OBJECTGUID="b5485cd3-4d28-4015-ae27-588343d93073" CHANGEID="689815937" ISACTIVE="1" LEVELID="10" CREATEDATE="2025-10-01" UPDATEDATE="2025-10-01" /><OBJECT OBJECTID="46449439" OBJECTGUID="1b8f3212-bef7-403d-8b67-1d3bcdce63f9" CHANGEID="689816020" ISACTIVE="1" LEVELID="11" CREATEDATE="2019-07-14" UPDATEDATE="2025-10-01" /><OBJECT OBJECTID="1573857" OBJECTGUID="744cc834-e999-4e34-a194-4d5dc92a48d0" CHANGEID="689816084" ISACTIVE="0" LEVELID="11" CREATEDATE="2017-01-29" UPDATEDATE="2025-10-01" /><OBJECT OBJECTID="174989828" OBJECTGUID="ec6a5644-ecc3-43ed-8ae3-30e28b2d0185" CHANGEID="689816085" ISACTIVE="1" LEVELID="10" CREATEDATE="2025-10-01" UPDATEDATE="2025-10-01" /><OBJECT OBJECTID="174985888" OBJECTGUID="1c0df31e-f1b3-4fc2-98da-f3f33f61e0d9" CHANGEID="689809308" ISACTIVE="1" LEVELID="10" CREATEDATE="2025-10-01" UPDATEDATE="2025-10-01" /><OBJECT OBJECTID="174985889" OBJECTGUID="b9acea74-d43f-4cd9-a253-b9d83858d324" CHANGEID="689809309" ISACTIVE="1" LEVELID="9" CREATEDATE="2025-10-01" UPDATEDATE="2025-10-01" /><OBJECT OBJECTID="174986588" OBJECTGUID="2b382e07-60ac-479e-b066-4797cc02d4f4" CHANGEID="689810560" ISACTIVE="1" LEVELID="9" CREATEDATE="2025-10-01" UPDATEDATE="2025-10-01" /><OBJECT OBJECTID="46446620" OBJECTGUID="c6bb2445-92bf-4c4a-be4d-ccf747ef18a4" CHANGEID="689810626" ISACTIVE="1" LEVELID="10" CREATEDATE="2019-07-10" UPDATEDATE="2025-10-01" /><OBJECT OBJECTID="174991326" OBJECTGUID="92e186c6-e2a6-49dc-978c-114347493472" CHANGEID="689818830" ISACTIVE="1" LEVELID="11" CREATEDATE="2025-10-01" UPDATEDATE="2025-10-01" /><OBJECT OBJECTID="174991328" OBJECTGUID="07f5cf99-3192-4e5f-b352-277160249e1c" CHANGEID="689818835" ISACTIVE="1" LEVELID="11" CREATEDATE="2025-10-01" UPDATEDATE="2025-10-01" /><OBJECT OBJECTID="174991773" OBJECTGUID="d7727a4a-3a0d-4adf-ae90-53737f88cd09" CHANGEID="689819687" ISACTIVE="1" LEVELID="9" CREATEDATE="2025-10-01" UPDATEDATE="2025-10-01" /><OBJECT OBJECTID="174991792" OBJECTGUID="c5ee7096-b8ed-4310-a558-f8f47dc0d3c1" CHANGEID="689819715" ISACTIVE="1" LEVELID="9" CREATEDATE="2025-10-01" UPDATEDATE="2025-10-01" /><OBJECT OBJECTID="174991804" OBJECTGUID="275cfd53-ce20-4aa5-a093-d1103c529165" CHANGEID="689819728" ISACTIVE="1" LEVELID="9" CREATEDATE="2025-10-01" UPDATEDATE="2025-10-01" /><OBJECT OBJECTID="1573843" OBJECTGUID="340b49cb-1d87-48af-8909-32d5acf9af7d" CHANGEID="689819731" ISACTIVE="0" LEVELID="11" CREATEDATE="2017-01-29" UPDATEDATE="2025-10-01" /><OBJECT OBJECTID="174991806" OBJECTGUID="d159b22c-1e22-402e-8e44-9d80cd833edf" CHANGEID="689819732" ISACTIVE="1" LEVELID="10" CREATEDATE="2025-10-01" UPDATEDATE="2025-10-01" /><OBJECT OBJECTID="174992043" OBJECTGUID="d911bea0-a1cf-4e5d-8775-c394ed47be7d" CHANGEID="689820051" ISACTIVE="1" LEVELID="9" CREATEDATE="2025-10-01" UPDATEDATE="2025-10-01" /><OBJECT OBJECTID="174992044" OBJECTGUID="5eac46c5-bcca-4e18-8f80-a615872d84c9" CHANGEID="689820053" ISACTIVE="1" LEVELID="9" CREATEDATE="2025-10-01" UPDATEDATE="2025-10-01" /><OBJECT OBJECTID="174992056" OBJECTGUID="760b2b76-6462-479d-a5b5-23788f491bb4" CHANGEID="689820069" ISACTIVE="1" LEVELID="10" CREATEDATE="2025-10-01" UPDATEDATE="2025-10-01" /><OBJECT OBJECTID="174992065" OBJECTGUID="56405a6b-e6b9-498f-adb7-a48350eefbe5" CHANGEID="689820079" ISACTIVE="1" LEVELID="9" CREATEDATE="2025-10-01" UPDATEDATE="2025-10-01" /><OBJECT OBJECTID="174992069" OBJECTGUID="8105e8c6-82f2-4c5d-a7b4-f88fc8c53e0c" CHANGEID="689820084" ISACTIVE="1" LEVELID="10" CREATEDATE="2025-10-01" UPDATEDATE="2025-10-01" /><OBJECT OBJECTID="174992529" OBJECTGUID="820c0312-ad8a-47b4-a1bc-56f3f1a1f0b5" CHANGEID="689822175" ISACTIVE="1" LEVELID="9" CREATEDATE="2025-10-01" UPDATEDATE="2025-10-01" /><OBJECT OBJECTID="174992531" OBJECTGUID="6c693ac0-21e1-4dfa-ba61-02c6a5d6bbf6" CHANGEID="689822218" ISACTIVE="1" LEVELID="10" CREATEDATE="2025-10-01" UPDATEDATE="2025-10-01" /><OBJECT OBJECTID="82300110" OBJECTGUID="791e461d-25ba-4e85-8a30-10690a829b61" CHANGEID="689824811" ISACTIVE="1" LEVELID="11" CREATEDATE="2019-04-08" UPDATEDATE="2025-10-01" /><OBJECT OBJECTID="82301561" OBJECTGUID="895ccce0-912e-4f90-af4e-a9e6b250095d" CHANGEID="689824808" ISACTIVE="1" LEVELID="11" CREATEDATE="2019-04-08" UPDATEDATE="2025-10-01" /><OBJECT OBJECTID="82317539" OBJECTGUID="f6421ffd-1d7e-4022-85fe-a0945c7cab05" CHANGEID="689824818" ISACTIVE="1" LEVELID="11" CREATEDATE="2019-04-08" UPDATEDATE="2025-10-01" /><OBJECT OBJECTID="174992652" OBJECTGUID="b58c83bd-c55c-4047-80cb-e38b31bf21cb" CHANGEID="689824824" ISACTIVE="1" LEVELID="9" CREATEDATE="2025-10-01" UPDATEDATE="2025-10-01" /><OBJECT OBJECTID="82300104" OBJECTGUID="76a5cc32-9b0e-40ad-8315-93bc88cdd129" CHANGEID="689824829" ISACTIVE="1" LEVELID="11" CREATEDATE="2019-04-08" UPDATEDATE="2025-10-01" /><OBJECT OBJECTID="82298235" OBJECTGUID="64e6a6d7-5b50-4a74-bace-4e8833b12298" CHANGEID="689824830" ISACTIVE="1" LEVELID="11" CREATEDATE="2019-04-08" UPDATEDATE="2025-10-01" /><OBJECT OBJECTID="82301367" OBJECTGUID="85a8481e-6185-4432-b2f1-0069163b3834" CHANGEID="689824849" ISACTIVE="1" LEVELID="11" CREATEDATE="2019-04-08" UPDATEDATE="2025-10-01" /><OBJECT OBJECTID="82298956" OBJECTGUID="66bdb27c-cf63-4967-84d8-948a2414c872" CHANGEID="689824854" ISACTIVE="1" LEVELID="11" CREATEDATE="2019-04-08" UPDATEDATE="2025-10-01" /><OBJECT OBJECTID="174992668" OBJECTGUID="92cfcbd8-18f6-46a7-b9ae-5cb4b99b31ac" CHANGEID="689824856" ISACTIVE="1" LEVELID="10" CREATEDATE="2025-10-01" UPDATEDATE="2025-10-01" /><OBJECT OBJECTID="82313444" OBJECTGUID="e16ff49c-6582-4691-b8f9-3e9bff1b0a24" CHANGEID="689824858" ISACTIVE="1" LEVELID="11" CREATEDATE="2019-04-08" UPDATEDATE="2025-10-01" /><OBJECT OBJECTID="82313077" OBJECTGUID="d390abd4-0b5a-4d3e-95a0-95f8a5cca0fb" CHANGEID="689824872" ISACTIVE="1" LEVELID="11" CREATEDATE="2019-04-08" UPDATEDATE="2025-10-01" /><OBJECT OBJECTID="82297931" OBJECTGUID="5ee43c76-aca7-482f-9070-07c953c74ee1" CHANGEID="689824878" ISACTIVE="1" LEVELID="11" CREATEDATE="2019-04-08" UPDATEDATE="2025-10-01" /><OBJECT OBJECTID="82308454" OBJECTGUID="90a5c6cc-dca8-4609-87a2-ed7130f5ccfd" CHANGEID="689824883" ISACTIVE="1" LEVELID="11" CREATEDATE="2019-04-08" UPDATEDATE="2025-10-01" /><OBJECT OBJECTID="82298863" OBJECTGUID="66682a2f-62d3-404c-a730-8c5fb5e20161" CHANGEID="689824880" ISACTIVE="1" LEVELID="11" CREATEDATE="2019-04-08" UPDATEDATE="2025-10-01" /><OBJECT OBJECTID="82301384" OBJECTGUID="86d4c5e9-8210-4bca-b636-7108fba4dbc5" CHANGEID="689824900" ISACTIVE="1" LEVELID="11" CREATEDATE="2019-04-08" UPDATEDATE="2025-10-01" /><OBJECT OBJECTID="82297713" OBJECTGUID="56f73745-06b0-488c-8a03-0e8f912e3fd0" CHANGEID="689824902" ISACTIVE="1" LEVELID="11" CREATEDATE="2019-04-08" UPDATEDATE="2025-10-01" /><OBJECT OBJECTID="82297846" OBJECTGUID="5c468bb0-4ce3-4648-82c8-8548f4f096be" CHANGEID="689824901" ISACTIVE="1" LEVELID="11" CREATEDATE="2019-04-08" UPDATEDATE="2025-10-01" /><OBJECT OBJECTID="82317647" OBJECTGUID="fd1cf8a6-e0ba-4a17-b47b-9b77d19cdd1a" CHANGEID="689824906" ISACTIVE="1" LEVELID="11" CREATEDATE="2019-04-08" UPDATEDATE="2025-10-01" /><OBJECT OBJECTID="82313486" OBJECTGUID="e24aaaa1-804a-46fa-893b-4075267f8f2d" CHANGEID="689824946" ISACTIVE="1" LEVELID="11" CREATEDATE="2019-04-08" UPDATEDATE="2025-10-01" /><OBJECT OBJECTID="174992719" OBJECTGUID="75bcff3b-39cb-4219-9ea9-e8739c2d3599" CHANGEID="689824969" ISACTIVE="1" LEVELID="9" CREATEDATE="2025-10-01" UPDATEDATE="2025-10-01" /><OBJECT OBJECTID="174992722" OBJECTGUID="21b4ab49-1bae-4ccc-92cd-7c90ef2385f9" CHANGEID="689824973" ISACTIVE="1" LEVELID="10" CREATEDATE="2025-10-01" UPDATEDATE="2025-10-01" /><OBJECT OBJECTID="33623053" OBJECTGUID="c827c048-4d8e-4a54-a60a-ec0c098022ae" CHANGEID="689691750" ISACTIVE="1" LEVELID="10" CREATEDATE="2019-07-10" UPDATEDATE="2025-09-29" /><OBJECT OBJECTID="59514378" OBJECTGUID="bfd7e0c1-f944-484c-99e6-e3faae2767a9" CHANGEID="689803372" ISACTIVE="1" LEVELID="10" CREATEDATE="2019-07-10" UPDATEDATE="2025-10-01" /><OBJECT OBJECTID="98752754" OBJECTGUID="4977e390-95a1-46e5-abf1-b9ac1adce29c" CHANGEID="689739195" ISACTIVE="0" LEVELID="10" CREATEDATE="2020-10-19" UPDATEDATE="2025-09-30" /><OBJECT OBJECTID="76589306" OBJECTGUID="ab1b8934-67bc-4f5a-abf4-6fc5e0932c95" CHANGEID="689649226" ISACTIVE="1" LEVELID="11" CREATEDATE="2020-01-06" UPDATEDATE="2025-09-29" /><OBJECT OBJECTID="8960900" OBJECTGUID="2cefe6f9-4b36-4d56-aeec-191c67d4d71b" CHANGEID="689815999" ISACTIVE="1" LEVELID="10" CREATEDATE="2017-12-17" UPDATEDATE="2025-10-01" /><OBJECT OBJECTID="101191345" OBJECTGUID="c9f6a29c-db77-41a2-b8d7-cd0eb0aaef9b" CHANGEID="689670006" ISACTIVE="1" LEVELID="10" CREATEDATE="2021-05-12" UPDATEDATE="2025-09-29" /><OBJECT OBJECTID="39052756" OBJECTGUID="9195860d-4492-4c3a-9af8-49705aee24f4" CHANGEID="689745991" ISACTIVE="1" LEVELID="10" CREATEDATE="2011-12-14" UPDATEDATE="2025-09-30" /><OBJECT OBJECTID="41314148" OBJECTGUID="a125f065-e1b2-4f13-a380-5ed0efcd6bee" CHANGEID="689813406" ISACTIVE="1" LEVELID="10" CREATEDATE="2019-07-10" UPDATEDATE="2025-10-01" /><OBJECT OBJECTID="69909277" OBJECTGUID="3b240e74-66c8-4f57-bbe5-4ef7b5586c0b" CHANGEID="689642983" ISACTIVE="0" LEVELID="10" CREATEDATE="2018-04-19" UPDATEDATE="2025-09-29" /><OBJECT OBJECTID="74857614" OBJECTGUID="3e7dbef7-876f-4cfd-b552-1f03829a9f16" CHANGEID="689803529" ISACTIVE="1" LEVELID="10" CREATEDATE="2017-12-17" UPDATEDATE="2025-10-01" /><OBJECT OBJECTID="39491848" OBJECTGUID="c566a4cc-25a5-4dc0-9179-cd447143cc37" CHANGEID="689750858" ISACTIVE="1" LEVELID="10" CREATEDATE="2011-12-19" UPDATEDATE="2025-09-30" /><OBJECT OBJECTID="41654319" OBJECTGUID="e776574e-6a3e-4425-87b0-ff25e133789d" CHANGEID="689675597" ISACTIVE="1" LEVELID="10" CREATEDATE="2017-12-18" UPDATEDATE="2025-09-29" /><OBJECT OBJECTID="22463381" OBJECTGUID="3529e7df-96a3-4201-8218-271d5074a9b8" CHANGEID="689646213" ISACTIVE="1" LEVELID="11" CREATEDATE="2019-04-08" UPDATEDATE="2025-09-29" /><OBJECT OBJECTID="22461521" OBJECTGUID="12aec0a8-c6fa-43d7-a23d-b1e7b60d32fe" CHANGEID="689646225" ISACTIVE="1" LEVELID="11" CREATEDATE="2019-04-08" UPDATEDATE="2025-09-29" /><OBJECT OBJECTID="22457442" OBJECTGUID="b1e90fc6-8262-4c15-88ba-4ccd87291b3f" CHANGEID="689646199" ISACTIVE="1" LEVELID="11" CREATEDATE="2019-04-08" UPDATEDATE="2025-09-29" /><OBJECT OBJECTID="22503128" OBJECTGUID="2a161e8c-b3d5-4791-ab80-759402c545b6" CHANGEID="689646249" ISACTIVE="1" LEVELID="11" CREATEDATE="2019-04-08" UPDATEDATE="2025-09-29" /><OBJECT OBJECTID="22507142" OBJECTGUID="88bed467-cd6f-4588-850f-04f5d424a857" CHANGEID="689646280" ISACTIVE="1" LEVELID="11" CREATEDATE="2019-04-08" UPDATEDATE="2025-09-29" /><OBJECT OBJECTID="22509938" OBJECTGUID="bf0040b9-155b-4a4f-9a03-a7aafb6acd1d" CHANGEID="689646268" ISACTIVE="1" LEVELID="11" CREATEDATE="2019-04-08" UPDATEDATE="2025-09-29" /><OBJECT OBJECTID="22532771" OBJECTGUID="b96f7b3b-a978-4dd0-9e62-79a8cd27f7a9" CHANGEID="689646184" ISACTIVE="1" LEVELID="11" CREATEDATE="2019-04-08" UPDATEDATE="2025-09-29" /><OBJECT OBJECTID="22546949" OBJECTGUID="52891590-55c6-4866-aaab-6cb2a8f1535e" CHANGEID="689646172" ISACTIVE="1" LEVELID="11" CREATEDATE="2019-04-08" UPDATEDATE="2025-09-29" /><OBJECT OBJECTID="22574224" OBJECTGUID="722dffaa-c6d1-4695-a394-a592c6134c19" CHANGEID="689646151" ISACTIVE="1" LEVELID="11" CREATEDATE="2019-04-08" UPDATEDATE="2025-09-29" /><OBJECT OBJECTID="22584798" OBJECTGUID="4400213c-9022-4114-85f5-5215477ba493" CHANGEID="689646129" ISACTIVE="1" LEVELID="11" CREATEDATE="2019-04-08" UPDATEDATE="2025-09-29" /><OBJECT OBJECTID="22584100" OBJECTGUID="19ba366f-2414-4160-89a1-6ad6710b61b2" CHANGEID="689646142" ISACTIVE="1" LEVELID="11" CREATEDATE="2019-04-08" UPDATEDATE="2025-09-29" /><OBJECT OBJECTID="22599711" OBJECTGUID="b380d34d-c0fa-41e1-9c64-9d1637ba74ce" CHANGEID="689646146" ISACTIVE="1" LEVELID="11" CREATEDATE="2019-04-08" UPDATEDATE="2025-09-29" /><OBJECT OBJECTID="22683095" OBJECTGUID="f396f3a7-68b0-48d8-a68d-7f5e54a89e28" CHANGEID="689649106" ISACTIVE="1" LEVELID="11" CREATEDATE="2019-04-08" UPDATEDATE="2025-09-29" /><OBJECT OBJECTID="81452645" OBJECTGUID="5084db2d-7366-445e-9b51-4d05c3012a0e" CHANGEID="689642876" ISACTIVE="0" LEVELID="11" CREATEDATE="2019-04-08" UPDATEDATE="2025-09-29" /><OBJECT OBJECTID="81453225" OBJECTGUID="aa5c1a8c-945a-494c-8c2d-17bd93d0895e" CHANGEID="689642877" ISACTIVE="0" LEVELID="11" CREATEDATE="2019-04-08" UPDATEDATE="2025-09-29" /><OBJECT OBJECTID="1578388" OBJECTGUID="52eb2ca1-af9e-4605-9848-d5be02202d1b" CHANGEID="689720990" ISACTIVE="1" LEVELID="10" CREATEDATE="2017-02-22" UPDATEDATE="2025-09-30" /><OBJECT OBJECTID="47655199" OBJECTGUID="78cc5b59-761a-484e-a2e5-f8b82f209a29" CHANGEID="689729918" ISACTIVE="0" LEVELID="10" CREATEDATE="2017-12-18" UPDATEDATE="2025-09-30" /><OBJECT OBJECTID="6294143" OBJECTGUID="3c3487fe-c7dd-4ecc-86be-5b7fba483dc1" CHANGEID="689803375" ISACTIVE="1" LEVELID="10" CREATEDATE="2019-07-10" UPDATEDATE="2025-10-01" /><OBJECT OBJECTID="60204689" OBJECTGUID="aaae4c87-4b50-4710-b66f-2f5af8706038" CHANGEID="689803382" ISACTIVE="1" LEVELID="10" CREATEDATE="2019-07-10" UPDATEDATE="2025-10-01" /><OBJECT OBJECTID="96001315" OBJECTGUID="3d78ecc1-4119-427a-940f-256b44b4782c" CHANGEID="689670178" ISACTIVE="1" LEVELID="10" CREATEDATE="2020-03-17" UPDATEDATE="2025-09-29" /><OBJECT OBJECTID="101247761" OBJECTGUID="6d01013f-56ee-415d-a9a3-653c3902da97" CHANGEID="689671537" ISACTIVE="1" LEVELID="10" CREATEDATE="2021-05-18" UPDATEDATE="2025-09-29" /><OBJECT OBJECTID="21327167" OBJECTGUID="4da95ed8-6321-4968-980e-814233481c57" CHANGEID="689672027" ISACTIVE="1" LEVELID="10" CREATEDATE="2019-07-10" UPDATEDATE="2025-09-29" /><OBJECT OBJECTID="82293406" OBJECTGUID="f261c3de-f2e9-466a-ba1d-39dcb9328cf2" CHANGEID="689784466" ISACTIVE="1" LEVELID="11" CREATEDATE="2020-01-06" UPDATEDATE="2025-10-01" /><OBJECT OBJECTID="82277030" OBJECTGUID="5352e44e-1c25-402b-9e42-46c501ec2e5b" CHANGEID="689784475" ISACTIVE="1" LEVELID="11" CREATEDATE="2020-01-06" UPDATEDATE="2025-10-01" /><OBJECT OBJECTID="4081382" OBJECTGUID="66992ba8-ea26-41a3-adf4-6c8208836c9f" CHANGEID="689673175" ISACTIVE="1" LEVELID="10" CREATEDATE="2017-12-18" UPDATEDATE="2025-09-29" /><OBJECT OBJECTID="84254141" OBJECTGUID="e93f248f-1fa7-442b-a11f-4adf046a1e99" CHANGEID="689735434" ISACTIVE="1" LEVELID="10" CREATEDATE="2017-12-18" UPDATEDATE="2025-09-30" /><OBJECT OBJECTID="160287695" OBJECTGUID="22c1db3a-e886-4077-8d54-8698cee4ad6e" CHANGEID="689824959" ISACTIVE="0" LEVELID="9" CREATEDATE="2023-09-11" UPDATEDATE="2025-10-01" /></REESTR_OBJECTS>