﻿<?xml version="1.0" encoding="utf-8"?><HOUSES><HOUSE ID="55237379" OBJECTID="2516939" OBJECTGUID="36730844-8843-4817-8916-73293916cfb3" CHANGEID="5604661" HOUSENUM="53/1" HOUSETYPE="3" OPERTYPEID="20" PREVID="642931" NEXTID="129190230" UPDATEDATE="2025-10-01" STARTDATE="2017-03-24" ENDDATE="2025-10-01" ISACTUAL="0" ISACTIVE="0" /><HOUSE ID="56214244" OBJECTID="82170798" OBJECTGUID="443f5796-c825-46ea-bc21-7c282b6a0cb8" CHANGEID="122094096" HOUSENUM="40б" HOUSETYPE="1" OPERTYPEID="20" PREVID="49736974" NEXTID="129189596" UPDATEDATE="2025-10-01" STARTDATE="2017-03-24" ENDDATE="2025-10-01" ISACTUAL="0" ISACTIVE="0" /><HOUSE ID="58128730" OBJECTID="3437836" OBJECTGUID="5f420d01-57b9-4162-81f9-1eb19f0c9af1" CHANGEID="6940328" HOUSENUM="20" HOUSETYPE="2" OPERTYPEID="20" PREVID="1199878" NEXTID="129191662" UPDATEDATE="2025-10-01" STARTDATE="2015-12-10" ENDDATE="2025-10-01" ISACTUAL="0" ISACTIVE="0" /><HOUSE ID="58152405" OBJECTID="23268094" OBJECTGUID="5f97ac81-4a85-4539-9ceb-7c6d0ba48ffb" CHANGEID="36188526" HOUSENUM="5/1" HOUSETYPE="3" OPERTYPEID="20" PREVID="13739773" NEXTID="129188441" UPDATEDATE="2025-10-01" STARTDATE="2017-03-24" ENDDATE="2025-10-01" ISACTUAL="0" ISACTIVE="0" /><HOUSE ID="59624872" OBJECTID="4920534" OBJECTGUID="745f3ba9-c997-4d2f-bebb-31b2c6e46e35" CHANGEID="9064814" HOUSENUM="5/2" HOUSETYPE="3" OPERTYPEID="20" PREVID="2068215" NEXTID="129188440" UPDATEDATE="2025-10-01" STARTDATE="2017-03-24" ENDDATE="2025-10-01" ISACTUAL="0" ISACTIVE="0" /><HOUSE ID="61896770" OBJECTID="25450568" OBJECTGUID="94704730-7ad3-44d5-857f-a274c0da1601" CHANGEID="39375408" HOUSENUM="42" ADDNUM1="10" HOUSETYPE="1" ADDTYPE1="2" OPERTYPEID="20" PREVID="15071033" NEXTID="129188141" UPDATEDATE="2025-10-01" STARTDATE="2017-03-24" ENDDATE="2025-10-01" ISACTUAL="0" ISACTIVE="0" /><HOUSE ID="62784815" OBJECTID="4983682" OBJECTGUID="a0f2bc64-3f61-4ac4-89b5-154eef3e2226" CHANGEID="9159748" HOUSENUM="35" HOUSETYPE="3" OPERTYPEID="20" PREVID="2108028" NEXTID="129182554" UPDATEDATE="2025-09-30" STARTDATE="2017-03-23" ENDDATE="2025-09-30" ISACTUAL="0" ISACTIVE="0" /><HOUSE ID="64689604" OBJECTID="17997675" OBJECTGUID="bbd9caee-f770-4a11-b3bd-e82d26dd3e00" CHANGEID="28378289" HOUSENUM="37б" HOUSETYPE="1" OPERTYPEID="20" PREVID="10366671" NEXTID="129190229" UPDATEDATE="2025-10-01" STARTDATE="2017-03-24" ENDDATE="2025-10-01" ISACTUAL="0" ISACTIVE="0" /><HOUSE ID="67652822" OBJECTID="75426603" OBJECTGUID="e5b8d1e1-4e5d-4852-a61f-bb669e350c6f" CHANGEID="112223655" HOUSENUM="4" HOUSETYPE="3" OPERTYPEID="20" PREVID="45542957" NEXTID="129190231" UPDATEDATE="2025-10-01" STARTDATE="2017-03-24" ENDDATE="2025-10-01" ISACTUAL="0" ISACTIVE="0" /><HOUSE ID="68935697" OBJECTID="82272168" OBJECTGUID="f7d767dd-65e3-452d-aad7-9c5afb600030" CHANGEID="122244196" HOUSENUM="57и" HOUSETYPE="1" OPERTYPEID="20" PREVID="49796902" NEXTID="129190232" UPDATEDATE="2025-10-01" STARTDATE="2017-03-24" ENDDATE="2025-10-01" ISACTUAL="0" ISACTIVE="0" /><HOUSE ID="63672418" OBJECTID="21978593" OBJECTGUID="ad7fb733-244f-43ab-9e75-673e826b98f5" CHANGEID="34293361" HOUSENUM="21/1" HOUSETYPE="3" OPERTYPEID="20" PREVID="12940239" NEXTID="129190233" UPDATEDATE="2025-10-01" STARTDATE="2017-03-24" ENDDATE="2025-10-01" ISACTUAL="0" ISACTIVE="0" /><HOUSE ID="24130164" OBJECTID="40362036" OBJECTGUID="134511c8-7c86-40d6-9b50-9fdce30fcea0" CHANGEID="61098037" HOUSENUM="64" HOUSETYPE="2" OPERTYPEID="20" PREVID="24130161" NEXTID="129183791" UPDATEDATE="2025-09-30" STARTDATE="2017-08-24" ENDDATE="2025-09-30" ISACTUAL="0" ISACTIVE="0" /><HOUSE ID="56046877" OBJECTID="18706757" OBJECTGUID="41df1922-0361-41d8-8d97-78e0266c7971" CHANGEID="29407374" HOUSENUM="25" HOUSETYPE="1" OPERTYPEID="20" PREVID="10788664" NEXTID="129191667" UPDATEDATE="2025-10-01" STARTDATE="2017-03-24" ENDDATE="2025-10-01" ISACTUAL="0" ISACTIVE="0" /><HOUSE ID="51325910" OBJECTID="95771567" OBJECTGUID="a8ef132c-8c1a-4671-b024-894f8713742f" CHANGEID="139648416" HOUSENUM="7" HOUSETYPE="2" OPERTYPEID="10" PREVID="0" NEXTID="129171001" UPDATEDATE="2025-09-29" STARTDATE="2020-02-27" ENDDATE="2025-09-29" ISACTUAL="0" ISACTIVE="0" /><HOUSE ID="51907515" OBJECTID="21952596" OBJECTGUID="07702ff5-be7d-4a80-8f48-2f1720998fa1" CHANGEID="34267233" HOUSENUM="20" HOUSETYPE="3" OPERTYPEID="20" PREVID="12931960" NEXTID="129188439" UPDATEDATE="2025-10-01" STARTDATE="2017-03-24" ENDDATE="2025-10-01" ISACTUAL="0" ISACTIVE="0" /><HOUSE ID="52372123" OBJECTID="57137576" OBJECTGUID="0df8a753-1c30-448c-9b55-1d222acb4dec" CHANGEID="85439913" HOUSENUM="10/2" HOUSETYPE="3" OPERTYPEID="20" PREVID="34203100" NEXTID="129189592" UPDATEDATE="2025-10-01" STARTDATE="2017-03-24" ENDDATE="2025-10-01" ISACTUAL="0" ISACTIVE="0" /><HOUSE ID="52781298" OBJECTID="4985465" OBJECTGUID="13c77866-d697-44c7-9b1a-3a1ad9c9f8ad" CHANGEID="9162283" HOUSENUM="37" HOUSETYPE="3" OPERTYPEID="20" PREVID="2109260" NEXTID="129180455" UPDATEDATE="2025-09-30" STARTDATE="2017-03-23" ENDDATE="2025-09-30" ISACTUAL="0" ISACTIVE="0" /><HOUSE ID="129167750" OBJECTID="174921150" OBJECTGUID="0ee8e81d-f73e-400d-b6b7-0182987bd959" CHANGEID="689648179" HOUSENUM="40" HOUSETYPE="2" OPERTYPEID="10" PREVID="0" NEXTID="0" UPDATEDATE="2025-09-29" STARTDATE="2025-09-29" ENDDATE="2079-06-06" ISACTUAL="1" ISACTIVE="1" /><HOUSE ID="129167753" OBJECTID="174921163" OBJECTGUID="e2a9712e-fa9c-4852-aaf1-2075a85e3095" CHANGEID="689648192" HOUSENUM="2" HOUSETYPE="2" OPERTYPEID="10" PREVID="0" NEXTID="0" UPDATEDATE="2025-09-29" STARTDATE="2025-09-29" ENDDATE="2079-06-06" ISACTUAL="1" ISACTIVE="1" /><HOUSE ID="129167866" OBJECTID="174921799" OBJECTGUID="3d8898ea-e9be-429b-aa8a-2f5baee0bc0f" CHANGEID="689648976" HOUSENUM="7А" HOUSETYPE="2" OPERTYPEID="10" PREVID="0" NEXTID="0" UPDATEDATE="2025-09-29" STARTDATE="2025-09-29" ENDDATE="2079-06-06" ISACTUAL="1" ISACTIVE="1" /><HOUSE ID="129170026" OBJECTID="174928456" OBJECTGUID="69848fc2-7070-4946-bbc7-5b14a1e0a46a" CHANGEID="689664339" HOUSENUM="199" HOUSETYPE="2" OPERTYPEID="10" PREVID="0" NEXTID="0" UPDATEDATE="2025-09-29" STARTDATE="2025-09-29" ENDDATE="2079-06-06" ISACTUAL="1" ISACTIVE="1" /><HOUSE ID="129170080" OBJECTID="174928587" OBJECTGUID="b3a64ea3-30f7-4d10-b36f-d984babb56e2" CHANGEID="689665765" HOUSENUM="3/1" HOUSETYPE="2" OPERTYPEID="10" PREVID="0" NEXTID="0" UPDATEDATE="2025-09-29" STARTDATE="2025-09-29" ENDDATE="2079-06-06" ISACTUAL="1" ISACTIVE="1" /><HOUSE ID="129170612" OBJECTID="174930061" OBJECTGUID="195dd610-8c7a-4910-b9fd-da17501cf45b" CHANGEID="689668688" HOUSENUM="6" HOUSETYPE="2" OPERTYPEID="10" PREVID="0" NEXTID="0" UPDATEDATE="2025-09-29" STARTDATE="2025-09-29" ENDDATE="2079-06-06" ISACTUAL="1" ISACTIVE="1" /><HOUSE ID="129171001" OBJECTID="95771567" OBJECTGUID="a8ef132c-8c1a-4671-b024-894f8713742f" CHANGEID="689671346" HOUSENUM="7" HOUSETYPE="2" OPERTYPEID="30" PREVID="51325910" NEXTID="0" UPDATEDATE="2025-09-29" STARTDATE="2025-09-29" ENDDATE="2079-06-06" ISACTUAL="1" ISACTIVE="0" /><HOUSE ID="129171002" OBJECTID="174931412" OBJECTGUID="f96402aa-48b9-4763-ba8c-fe8d50b94fba" CHANGEID="689671347" HOUSENUM="258" HOUSETYPE="2" OPERTYPEID="10" PREVID="0" NEXTID="0" UPDATEDATE="2025-09-29" STARTDATE="2025-09-29" ENDDATE="2079-06-06" ISACTUAL="1" ISACTIVE="1" /><HOUSE ID="129173718" OBJECTID="174939534" OBJECTGUID="e71e8358-807f-4240-a3e4-986163183777" CHANGEID="689688697" HOUSENUM="11В" HOUSETYPE="2" OPERTYPEID="10" PREVID="0" NEXTID="0" UPDATEDATE="2025-09-29" STARTDATE="2025-09-29" ENDDATE="2079-06-06" ISACTUAL="1" ISACTIVE="1" /><HOUSE ID="129173719" OBJECTID="174939535" OBJECTGUID="9f7cd7d7-e3be-48e9-814d-35b1bbae8973" CHANGEID="689688698" HOUSENUM="11Б" HOUSETYPE="2" OPERTYPEID="10" PREVID="0" NEXTID="0" UPDATEDATE="2025-09-29" STARTDATE="2025-09-29" ENDDATE="2079-06-06" ISACTUAL="1" ISACTIVE="1" /><HOUSE ID="129173720" OBJECTID="174939536" OBJECTGUID="f830393a-d73d-4077-a2cc-724fe3f6f517" CHANGEID="689688699" HOUSENUM="11А" HOUSETYPE="2" OPERTYPEID="10" PREVID="0" NEXTID="0" UPDATEDATE="2025-09-29" STARTDATE="2025-09-29" ENDDATE="2079-06-06" ISACTUAL="1" ISACTIVE="1" /><HOUSE ID="129173891" OBJECTID="174940136" OBJECTGUID="2554e10e-be9b-421e-b767-9e344bf7f832" CHANGEID="689690515" HOUSENUM="27" HOUSETYPE="2" OPERTYPEID="10" PREVID="0" NEXTID="0" UPDATEDATE="2025-09-29" STARTDATE="2025-09-29" ENDDATE="2079-06-06" ISACTUAL="1" ISACTIVE="1" /><HOUSE ID="129173892" OBJECTID="174940137" OBJECTGUID="76aa8959-e234-4c35-b3bb-377935c704b9" CHANGEID="689690516" HOUSENUM="133" HOUSETYPE="2" OPERTYPEID="10" PREVID="0" NEXTID="0" UPDATEDATE="2025-09-29" STARTDATE="2025-09-29" ENDDATE="2079-06-06" ISACTUAL="1" ISACTIVE="1" /><HOUSE ID="129173900" OBJECTID="174940162" OBJECTGUID="b6559de1-3ad8-478e-94c2-11ffc5261ddf" CHANGEID="689690558" HOUSENUM="120" ADDNUM1="1" HOUSETYPE="2" ADDTYPE1="2" OPERTYPEID="10" PREVID="0" NEXTID="0" UPDATEDATE="2025-09-29" STARTDATE="2025-09-29" ENDDATE="2079-06-06" ISACTUAL="1" ISACTIVE="1" /><HOUSE ID="129173909" OBJECTID="174940238" OBJECTGUID="2fc50c18-f871-4a61-bd78-662e79389342" CHANGEID="689690661" HOUSENUM="6" HOUSETYPE="2" OPERTYPEID="10" PREVID="0" NEXTID="0" UPDATEDATE="2025-09-29" STARTDATE="2025-09-29" ENDDATE="2079-06-06" ISACTUAL="1" ISACTIVE="1" /><HOUSE ID="129173951" OBJECTID="174940399" OBJECTGUID="8f2bc20d-c389-4424-b97a-683f5d3acff8" CHANGEID="689690888" HOUSENUM="51" HOUSETYPE="2" OPERTYPEID="10" PREVID="0" NEXTID="0" UPDATEDATE="2025-09-29" STARTDATE="2025-09-29" ENDDATE="2079-06-06" ISACTUAL="1" ISACTIVE="1" /><HOUSE ID="129174123" OBJECTID="174941221" OBJECTGUID="32c8ea2f-b618-4c8e-8008-0e49c9cf5ccf" CHANGEID="689692482" HOUSENUM="199" ADDNUM1="1" HOUSETYPE="2" ADDTYPE1="2" OPERTYPEID="10" PREVID="0" NEXTID="0" UPDATEDATE="2025-09-29" STARTDATE="2025-09-29" ENDDATE="2079-06-06" ISACTUAL="1" ISACTIVE="1" /><HOUSE ID="129177748" OBJECTID="174952170" OBJECTGUID="6a1f8247-0c97-49ee-97ec-08cb5c3e73bd" CHANGEID="689716950" HOUSENUM="49/2" HOUSETYPE="2" OPERTYPEID="10" PREVID="0" NEXTID="0" UPDATEDATE="2025-09-30" STARTDATE="2025-09-30" ENDDATE="2079-06-06" ISACTUAL="1" ISACTIVE="1" /><HOUSE ID="129178792" OBJECTID="174954777" OBJECTGUID="3270b1b5-bfa1-4b7a-b448-173c4ccecf05" CHANGEID="689722366" HOUSENUM="47А" HOUSETYPE="7" OPERTYPEID="10" PREVID="0" NEXTID="0" UPDATEDATE="2025-09-30" STARTDATE="2025-09-30" ENDDATE="2079-06-06" ISACTUAL="1" ISACTIVE="1" /><HOUSE ID="129178790" OBJECTID="174954772" OBJECTGUID="28db5a64-ae0d-4479-97b8-445127a63c74" CHANGEID="689722351" HOUSENUM="58Б" HOUSETYPE="7" OPERTYPEID="10" PREVID="0" NEXTID="0" UPDATEDATE="2025-09-30" STARTDATE="2025-09-30" ENDDATE="2079-06-06" ISACTUAL="1" ISACTIVE="1" /><HOUSE ID="129178793" OBJECTID="174954779" OBJECTGUID="59fe931f-aee1-4629-9a11-37fc242ff10d" CHANGEID="689722375" HOUSENUM="17В" HOUSETYPE="8" OPERTYPEID="10" PREVID="0" NEXTID="0" UPDATEDATE="2025-09-30" STARTDATE="2025-09-30" ENDDATE="2079-06-06" ISACTUAL="1" ISACTIVE="1" /><HOUSE ID="129179509" OBJECTID="174957907" OBJECTGUID="105cfec5-33e9-4321-8ad4-18d0d3451c2f" CHANGEID="689729857" HOUSENUM="29/1" HOUSETYPE="2" OPERTYPEID="10" PREVID="0" NEXTID="0" UPDATEDATE="2025-09-30" STARTDATE="2025-09-30" ENDDATE="2079-06-06" ISACTUAL="1" ISACTIVE="1" /><HOUSE ID="129179510" OBJECTID="174957908" OBJECTGUID="694cc1ba-4f7c-413f-af22-4c67cb248b06" CHANGEID="689729858" HOUSENUM="29" HOUSETYPE="2" OPERTYPEID="10" PREVID="0" NEXTID="0" UPDATEDATE="2025-09-30" STARTDATE="2025-09-30" ENDDATE="2079-06-06" ISACTUAL="1" ISACTIVE="1" /><HOUSE ID="129179619" OBJECTID="174958100" OBJECTGUID="d79ab632-9828-4e8b-8650-158ef842948c" CHANGEID="689730200" HOUSENUM="9/3" HOUSETYPE="2" OPERTYPEID="10" PREVID="0" NEXTID="0" UPDATEDATE="2025-09-30" STARTDATE="2025-09-30" ENDDATE="2079-06-06" ISACTUAL="1" ISACTIVE="1" /><HOUSE ID="129180455" OBJECTID="4985465" OBJECTGUID="13c77866-d697-44c7-9b1a-3a1ad9c9f8ad" CHANGEID="689736589" HOUSENUM="37" HOUSETYPE="3" OPERTYPEID="30" PREVID="52781298" NEXTID="0" UPDATEDATE="2025-09-30" STARTDATE="2025-09-30" ENDDATE="2079-06-06" ISACTUAL="1" ISACTIVE="0" /><HOUSE ID="129181386" OBJECTID="174963816" OBJECTGUID="b5a5d8f0-467a-4195-b456-ee6fb2c7202b" CHANGEID="689743059" HOUSENUM="9А" HOUSETYPE="2" OPERTYPEID="10" PREVID="0" NEXTID="0" UPDATEDATE="2025-09-30" STARTDATE="2025-09-30" ENDDATE="2079-06-06" ISACTUAL="1" ISACTIVE="1" /><HOUSE ID="129181389" OBJECTID="174963832" OBJECTGUID="7a8d3816-d5e6-4da5-b28a-3d781de35217" CHANGEID="689743080" HOUSENUM="37А" HOUSETYPE="2" OPERTYPEID="10" PREVID="0" NEXTID="0" UPDATEDATE="2025-09-30" STARTDATE="2025-09-30" ENDDATE="2079-06-06" ISACTUAL="1" ISACTIVE="1" /><HOUSE ID="129181395" OBJECTID="174963859" OBJECTGUID="ce976fe0-2c1c-408d-8652-248bab1988c6" CHANGEID="689743129" HOUSENUM="20" HOUSETYPE="2" OPERTYPEID="10" PREVID="0" NEXTID="0" UPDATEDATE="2025-09-30" STARTDATE="2025-09-30" ENDDATE="2079-06-06" ISACTUAL="1" ISACTIVE="1" /><HOUSE ID="129181333" OBJECTID="38258228" OBJECTGUID="af94cafd-21af-45f1-b8e7-e0d73c173831" CHANGEID="689742736" HOUSENUM="29" HOUSETYPE="2" OPERTYPEID="30" PREVID="22841139" NEXTID="0" UPDATEDATE="2025-09-30" STARTDATE="2025-09-30" ENDDATE="2079-06-06" ISACTUAL="1" ISACTIVE="0" /><HOUSE ID="22841139" OBJECTID="38258228" OBJECTGUID="af94cafd-21af-45f1-b8e7-e0d73c173831" CHANGEID="58006940" HOUSENUM="29" HOUSETYPE="2" OPERTYPEID="20" PREVID="22840793" NEXTID="129181333" UPDATEDATE="2025-09-30" STARTDATE="2017-08-07" ENDDATE="2025-09-30" ISACTUAL="0" ISACTIVE="0" /><HOUSE ID="129181351" OBJECTID="174963705" OBJECTGUID="51983747-7453-47ef-aa5d-1d1bc0e71377" CHANGEID="689742892" HOUSENUM="26" HOUSETYPE="2" OPERTYPEID="10" PREVID="0" NEXTID="0" UPDATEDATE="2025-09-30" STARTDATE="2025-09-30" ENDDATE="2079-06-06" ISACTUAL="1" ISACTIVE="1" /><HOUSE ID="129181367" OBJECTID="174963769" OBJECTGUID="ed1255a1-5bec-448b-831c-ea5677496d12" CHANGEID="689742976" HOUSENUM="33" HOUSETYPE="2" OPERTYPEID="10" PREVID="0" NEXTID="0" UPDATEDATE="2025-09-30" STARTDATE="2025-09-30" ENDDATE="2079-06-06" ISACTUAL="1" ISACTIVE="1" /><HOUSE ID="129181392" OBJECTID="174963838" OBJECTGUID="19ed355d-8e13-4f4c-8b7f-eb27880590cc" CHANGEID="689743093" HOUSENUM="21" HOUSETYPE="2" OPERTYPEID="10" PREVID="0" NEXTID="0" UPDATEDATE="2025-09-30" STARTDATE="2025-09-30" ENDDATE="2079-06-06" ISACTUAL="1" ISACTIVE="1" /><HOUSE ID="129182549" OBJECTID="174966604" OBJECTGUID="c65b7fae-0f48-4150-916f-22fd9d817c62" CHANGEID="689750074" HOUSENUM="63" ADDNUM1="15" HOUSETYPE="2" ADDTYPE1="1" OPERTYPEID="10" PREVID="0" NEXTID="0" UPDATEDATE="2025-09-30" STARTDATE="2025-09-30" ENDDATE="2079-06-06" ISACTUAL="1" ISACTIVE="1" /><HOUSE ID="129182554" OBJECTID="4983682" OBJECTGUID="a0f2bc64-3f61-4ac4-89b5-154eef3e2226" CHANGEID="689750288" HOUSENUM="35" HOUSETYPE="3" OPERTYPEID="30" PREVID="62784815" NEXTID="0" UPDATEDATE="2025-09-30" STARTDATE="2025-09-30" ENDDATE="2079-06-06" ISACTUAL="1" ISACTIVE="0" /><HOUSE ID="129183037" OBJECTID="12665631" OBJECTGUID="98ce6c58-8b60-40f0-b4ae-067357e9a363" CHANGEID="689752964" HOUSENUM="5" HOUSETYPE="2" OPERTYPEID="30" PREVID="6852024" NEXTID="0" UPDATEDATE="2025-09-30" STARTDATE="2025-09-30" ENDDATE="2079-06-06" ISACTUAL="1" ISACTIVE="0" /><HOUSE ID="6852024" OBJECTID="12665631" OBJECTGUID="98ce6c58-8b60-40f0-b4ae-067357e9a363" CHANGEID="20409006" HOUSENUM="5" HOUSETYPE="2" OPERTYPEID="20" PREVID="6852012" NEXTID="129183037" UPDATEDATE="2025-09-30" STARTDATE="2018-02-19" ENDDATE="2025-09-30" ISACTUAL="0" ISACTIVE="0" /><HOUSE ID="129183135" OBJECTID="174968297" OBJECTGUID="1d8255f8-4021-4bd8-b73e-881f51a10fea" CHANGEID="689754257" HOUSENUM="7" ADDNUM1="12" HOUSETYPE="2" ADDTYPE1="2" OPERTYPEID="10" PREVID="0" NEXTID="0" UPDATEDATE="2025-09-30" STARTDATE="2025-09-30" ENDDATE="2079-06-06" ISACTUAL="1" ISACTIVE="1" /><HOUSE ID="129183162" OBJECTID="174968349" OBJECTGUID="6bf6f965-c9d7-40b1-bc0f-ca0ceed0f744" CHANGEID="689754347" HOUSENUM="7" ADDNUM1="11" HOUSETYPE="2" ADDTYPE1="2" OPERTYPEID="10" PREVID="0" NEXTID="0" UPDATEDATE="2025-09-30" STARTDATE="2025-09-30" ENDDATE="2079-06-06" ISACTUAL="1" ISACTIVE="1" /><HOUSE ID="129183414" OBJECTID="174969172" OBJECTGUID="5d335756-102a-4477-a41d-2cf7a87c3232" CHANGEID="689755931" HOUSENUM="7" HOUSETYPE="2" OPERTYPEID="10" PREVID="0" NEXTID="0" UPDATEDATE="2025-09-30" STARTDATE="2025-09-30" ENDDATE="2079-06-06" ISACTUAL="1" ISACTIVE="1" /><HOUSE ID="129183461" OBJECTID="174969295" OBJECTGUID="9c6db660-385d-41f3-87d3-c706d04db2ee" CHANGEID="689756209" HOUSENUM="7" ADDNUM1="2" HOUSETYPE="2" ADDTYPE1="2" OPERTYPEID="10" PREVID="0" NEXTID="0" UPDATEDATE="2025-09-30" STARTDATE="2025-09-30" ENDDATE="2079-06-06" ISACTUAL="1" ISACTIVE="1" /><HOUSE ID="129183748" OBJECTID="23489493" OBJECTGUID="eb211860-125b-4aa8-a218-70ffa82b90be" CHANGEID="689758117" HOUSENUM="27" HOUSETYPE="2" OPERTYPEID="30" PREVID="13872155" NEXTID="0" UPDATEDATE="2025-09-30" STARTDATE="2025-09-30" ENDDATE="2079-06-06" ISACTUAL="1" ISACTIVE="0" /><HOUSE ID="13872155" OBJECTID="23489493" OBJECTGUID="eb211860-125b-4aa8-a218-70ffa82b90be" CHANGEID="36512143" HOUSENUM="27" HOUSETYPE="2" OPERTYPEID="20" PREVID="13872150" NEXTID="129183748" UPDATEDATE="2025-09-30" STARTDATE="2017-07-26" ENDDATE="2025-09-30" ISACTUAL="0" ISACTIVE="0" /><HOUSE ID="129183787" OBJECTID="43927559" OBJECTGUID="29709605-557a-4b38-a08e-312324844eb3" CHANGEID="689758572" HOUSENUM="9" HOUSETYPE="2" OPERTYPEID="30" PREVID="26252669" NEXTID="0" UPDATEDATE="2025-09-30" STARTDATE="2025-09-30" ENDDATE="2079-06-06" ISACTUAL="1" ISACTIVE="0" /><HOUSE ID="26252669" OBJECTID="43927559" OBJECTGUID="29709605-557a-4b38-a08e-312324844eb3" CHANGEID="66270123" HOUSENUM="9" HOUSETYPE="2" OPERTYPEID="20" PREVID="26252663" NEXTID="129183787" UPDATEDATE="2025-09-30" STARTDATE="2017-08-21" ENDDATE="2025-09-30" ISACTUAL="0" ISACTIVE="0" /><HOUSE ID="129183798" OBJECTID="43676878" OBJECTGUID="f7bac8ae-f66a-4cc5-bead-23f28c45ddb8" CHANGEID="689758610" HOUSENUM="24" HOUSETYPE="2" OPERTYPEID="30" PREVID="26103077" NEXTID="0" UPDATEDATE="2025-09-30" STARTDATE="2025-09-30" ENDDATE="2079-06-06" ISACTUAL="1" ISACTIVE="0" /><HOUSE ID="26103077" OBJECTID="43676878" OBJECTGUID="f7bac8ae-f66a-4cc5-bead-23f28c45ddb8" CHANGEID="65909946" HOUSENUM="24" HOUSETYPE="2" OPERTYPEID="20" PREVID="26103073" NEXTID="129183798" UPDATEDATE="2025-09-30" STARTDATE="2017-09-02" ENDDATE="2025-09-30" ISACTUAL="0" ISACTIVE="0" /><HOUSE ID="129183756" OBJECTID="174970268" OBJECTGUID="72d008a5-ab7a-43cd-be96-321d107fb7b7" CHANGEID="689758265" HOUSENUM="29" HOUSETYPE="2" OPERTYPEID="10" PREVID="0" NEXTID="0" UPDATEDATE="2025-09-30" STARTDATE="2025-09-30" ENDDATE="2079-06-06" ISACTUAL="1" ISACTIVE="1" /><HOUSE ID="129183760" OBJECTID="52908642" OBJECTGUID="3425b41a-4465-4be8-8a15-a6f3e7c19a35" CHANGEID="689758287" HOUSENUM="22" HOUSETYPE="2" OPERTYPEID="30" PREVID="31601591" NEXTID="0" UPDATEDATE="2025-09-30" STARTDATE="2025-09-30" ENDDATE="2079-06-06" ISACTUAL="1" ISACTIVE="0" /><HOUSE ID="31601591" OBJECTID="52908642" OBJECTGUID="3425b41a-4465-4be8-8a15-a6f3e7c19a35" CHANGEID="79235955" HOUSENUM="22" HOUSETYPE="2" OPERTYPEID="20" PREVID="31601589" NEXTID="129183760" UPDATEDATE="2025-09-30" STARTDATE="2017-12-04" ENDDATE="2025-09-30" ISACTUAL="0" ISACTIVE="0" /><HOUSE ID="129183781" OBJECTID="13135198" OBJECTGUID="4731f010-de2c-4275-9bc4-e033678ae809" CHANGEID="689758539" HOUSENUM="12" HOUSETYPE="2" OPERTYPEID="30" PREVID="7152204" NEXTID="0" UPDATEDATE="2025-09-30" STARTDATE="2025-09-30" ENDDATE="2079-06-06" ISACTUAL="1" ISACTIVE="0" /><HOUSE ID="7152204" OBJECTID="13135198" OBJECTGUID="4731f010-de2c-4275-9bc4-e033678ae809" CHANGEID="21107878" HOUSENUM="12" HOUSETYPE="2" OPERTYPEID="20" PREVID="7152197" NEXTID="129183781" UPDATEDATE="2025-09-30" STARTDATE="2017-07-26" ENDDATE="2025-09-30" ISACTUAL="0" ISACTIVE="0" /><HOUSE ID="129183783" OBJECTID="13127306" OBJECTGUID="1c3293df-c2e8-4171-8d48-bea2728eeb70" CHANGEID="689758553" HOUSENUM="42" HOUSETYPE="2" OPERTYPEID="30" PREVID="7148461" NEXTID="0" UPDATEDATE="2025-09-30" STARTDATE="2025-09-30" ENDDATE="2079-06-06" ISACTUAL="1" ISACTIVE="0" /><HOUSE ID="7148461" OBJECTID="13127306" OBJECTGUID="1c3293df-c2e8-4171-8d48-bea2728eeb70" CHANGEID="21097369" HOUSENUM="42" HOUSETYPE="2" OPERTYPEID="20" PREVID="7148449" NEXTID="129183783" UPDATEDATE="2025-09-30" STARTDATE="2017-07-26" ENDDATE="2025-09-30" ISACTUAL="0" ISACTIVE="0" /><HOUSE ID="129183791" OBJECTID="40362036" OBJECTGUID="134511c8-7c86-40d6-9b50-9fdce30fcea0" CHANGEID="689758583" HOUSENUM="64" HOUSETYPE="2" OPERTYPEID="30" PREVID="24130164" NEXTID="0" UPDATEDATE="2025-09-30" STARTDATE="2025-09-30" ENDDATE="2079-06-06" ISACTUAL="1" ISACTIVE="0" /><HOUSE ID="129186466" OBJECTID="64467394" OBJECTGUID="e0aff7b4-1683-41f8-b7c7-575a3daba01f" CHANGEID="689794928" HOUSENUM="5" HOUSETYPE="2" OPERTYPEID="30" PREVID="38792652" NEXTID="0" UPDATEDATE="2025-10-01" STARTDATE="2025-10-01" ENDDATE="2079-06-06" ISACTUAL="1" ISACTIVE="0" /><HOUSE ID="38792652" OBJECTID="64467394" OBJECTGUID="e0aff7b4-1683-41f8-b7c7-575a3daba01f" CHANGEID="96180302" HOUSENUM="5" HOUSETYPE="2" OPERTYPEID="20" PREVID="38792060" NEXTID="129186466" UPDATEDATE="2025-10-01" STARTDATE="2017-09-05" ENDDATE="2025-10-01" ISACTUAL="0" ISACTIVE="0" /><HOUSE ID="129187174" OBJECTID="13465209" OBJECTGUID="6800cbbc-82fa-40e3-8b8c-e20efaaade26" CHANGEID="689798847" HOUSENUM="11" HOUSETYPE="2" OPERTYPEID="30" PREVID="7385851" NEXTID="0" UPDATEDATE="2025-10-01" STARTDATE="2025-10-01" ENDDATE="2079-06-06" ISACTUAL="1" ISACTIVE="0" /><HOUSE ID="7385851" OBJECTID="13465209" OBJECTGUID="6800cbbc-82fa-40e3-8b8c-e20efaaade26" CHANGEID="21612557" HOUSENUM="11" HOUSETYPE="2" OPERTYPEID="20" PREVID="7385848" NEXTID="129187174" UPDATEDATE="2025-10-01" STARTDATE="2017-12-04" ENDDATE="2025-10-01" ISACTUAL="0" ISACTIVE="0" /><HOUSE ID="129187176" OBJECTID="11974371" OBJECTGUID="5fed7b63-2468-4791-99b8-427acda8da40" CHANGEID="689798851" HOUSENUM="1" HOUSETYPE="2" OPERTYPEID="30" PREVID="6434361" NEXTID="0" UPDATEDATE="2025-10-01" STARTDATE="2025-10-01" ENDDATE="2079-06-06" ISACTUAL="1" ISACTIVE="0" /><HOUSE ID="6434361" OBJECTID="11974371" OBJECTGUID="5fed7b63-2468-4791-99b8-427acda8da40" CHANGEID="19398831" HOUSENUM="1" HOUSETYPE="2" OPERTYPEID="20" PREVID="6434357" NEXTID="129187176" UPDATEDATE="2025-10-01" STARTDATE="2017-12-18" ENDDATE="2025-10-01" ISACTUAL="0" ISACTIVE="0" /><HOUSE ID="129187442" OBJECTID="174982049" OBJECTGUID="efa5e2f3-856a-4ceb-85af-8f12da3d6583" CHANGEID="689800816" HOUSENUM="2/2" ADDNUM1="1" HOUSETYPE="2" ADDTYPE1="2" OPERTYPEID="10" PREVID="0" NEXTID="0" UPDATEDATE="2025-10-01" STARTDATE="2025-10-01" ENDDATE="2079-06-06" ISACTUAL="1" ISACTIVE="1" /><HOUSE ID="129188127" OBJECTID="174983268" OBJECTGUID="0eb017d5-0dd0-412a-b5ec-f4e5b415620f" CHANGEID="689803043" HOUSENUM="2/2" HOUSETYPE="2" OPERTYPEID="10" PREVID="0" NEXTID="0" UPDATEDATE="2025-10-01" STARTDATE="2025-10-01" ENDDATE="2079-06-06" ISACTUAL="1" ISACTIVE="1" /><HOUSE ID="129188141" OBJECTID="25450568" OBJECTGUID="94704730-7ad3-44d5-857f-a274c0da1601" CHANGEID="689803077" HOUSENUM="42" ADDNUM1="10" HOUSETYPE="2" ADDTYPE1="2" OPERTYPEID="20" PREVID="61896770" UPDATEDATE="2025-10-01" STARTDATE="2025-10-01" ENDDATE="2079-06-06" ISACTUAL="1" ISACTIVE="1" /><HOUSE ID="129188439" OBJECTID="21952596" OBJECTGUID="07702ff5-be7d-4a80-8f48-2f1720998fa1" CHANGEID="689806243" HOUSENUM="20" HOUSETYPE="2" OPERTYPEID="20" PREVID="51907515" UPDATEDATE="2025-10-01" STARTDATE="2025-10-01" ENDDATE="2079-06-06" ISACTUAL="1" ISACTIVE="1" /><HOUSE ID="129188441" OBJECTID="23268094" OBJECTGUID="5f97ac81-4a85-4539-9ceb-7c6d0ba48ffb" CHANGEID="689806255" HOUSENUM="5/1" HOUSETYPE="2" OPERTYPEID="20" PREVID="58152405" UPDATEDATE="2025-10-01" STARTDATE="2025-10-01" ENDDATE="2079-06-06" ISACTUAL="1" ISACTIVE="1" /><HOUSE ID="129188440" OBJECTID="4920534" OBJECTGUID="745f3ba9-c997-4d2f-bebb-31b2c6e46e35" CHANGEID="689806252" HOUSENUM="5/2" HOUSETYPE="2" OPERTYPEID="20" PREVID="59624872" UPDATEDATE="2025-10-01" STARTDATE="2025-10-01" ENDDATE="2079-06-06" ISACTUAL="1" ISACTIVE="1" /><HOUSE ID="64944877" OBJECTID="26552602" OBJECTGUID="bf743950-d11d-421d-9462-4a8c3458b2a2" CHANGEID="41002631" HOUSENUM="2г" HOUSETYPE="3" OPERTYPEID="20" PREVID="15767532" NEXTID="129188442" UPDATEDATE="2025-10-01" STARTDATE="2017-03-24" ENDDATE="2025-10-01" ISACTUAL="0" ISACTIVE="0" /><HOUSE ID="129188442" OBJECTID="26552602" OBJECTGUID="bf743950-d11d-421d-9462-4a8c3458b2a2" CHANGEID="689806256" HOUSENUM="2г" HOUSETYPE="2" OPERTYPEID="20" PREVID="64944877" UPDATEDATE="2025-10-01" STARTDATE="2025-10-01" ENDDATE="2079-06-06" ISACTUAL="1" ISACTIVE="1" /><HOUSE ID="129189593" OBJECTID="174988323" OBJECTGUID="5d114a76-981c-446c-9ae1-f79382944a78" CHANGEID="689812998" HOUSENUM="22" HOUSETYPE="2" OPERTYPEID="10" PREVID="0" NEXTID="0" UPDATEDATE="2025-10-01" STARTDATE="2025-10-01" ENDDATE="2079-06-06" ISACTUAL="1" ISACTIVE="1" /><HOUSE ID="129189592" OBJECTID="57137576" OBJECTGUID="0df8a753-1c30-448c-9b55-1d222acb4dec" CHANGEID="689812997" HOUSENUM="10/2" HOUSETYPE="2" OPERTYPEID="20" PREVID="52372123" UPDATEDATE="2025-10-01" STARTDATE="2025-10-01" ENDDATE="2079-06-06" ISACTUAL="1" ISACTIVE="1" /><HOUSE ID="129189596" OBJECTID="82170798" OBJECTGUID="443f5796-c825-46ea-bc21-7c282b6a0cb8" CHANGEID="689813001" HOUSENUM="40б" HOUSETYPE="2" OPERTYPEID="20" PREVID="56214244" UPDATEDATE="2025-10-01" STARTDATE="2025-10-01" ENDDATE="2079-06-06" ISACTUAL="1" ISACTIVE="1" /><HOUSE ID="129190229" OBJECTID="17997675" OBJECTGUID="bbd9caee-f770-4a11-b3bd-e82d26dd3e00" CHANGEID="689816440" HOUSENUM="37б" HOUSETYPE="2" OPERTYPEID="20" PREVID="64689604" UPDATEDATE="2025-10-01" STARTDATE="2025-10-01" ENDDATE="2079-06-06" ISACTUAL="1" ISACTIVE="1" /><HOUSE ID="129190230" OBJECTID="2516939" OBJECTGUID="36730844-8843-4817-8916-73293916cfb3" CHANGEID="689816444" HOUSENUM="53/1" HOUSETYPE="2" OPERTYPEID="20" PREVID="55237379" UPDATEDATE="2025-10-01" STARTDATE="2025-10-01" ENDDATE="2079-06-06" ISACTUAL="1" ISACTIVE="1" /><HOUSE ID="129190231" OBJECTID="75426603" OBJECTGUID="e5b8d1e1-4e5d-4852-a61f-bb669e350c6f" CHANGEID="689816447" HOUSENUM="4" HOUSETYPE="2" OPERTYPEID="20" PREVID="67652822" UPDATEDATE="2025-10-01" STARTDATE="2025-10-01" ENDDATE="2079-06-06" ISACTUAL="1" ISACTIVE="1" /><HOUSE ID="129190232" OBJECTID="82272168" OBJECTGUID="f7d767dd-65e3-452d-aad7-9c5afb600030" CHANGEID="689816449" HOUSENUM="57и" HOUSETYPE="2" OPERTYPEID="20" PREVID="68935697" UPDATEDATE="2025-10-01" STARTDATE="2025-10-01" ENDDATE="2079-06-06" ISACTUAL="1" ISACTIVE="1" /><HOUSE ID="129190233" OBJECTID="21978593" OBJECTGUID="ad7fb733-244f-43ab-9e75-673e826b98f5" CHANGEID="689816451" HOUSENUM="21/1" HOUSETYPE="2" OPERTYPEID="20" PREVID="63672418" UPDATEDATE="2025-10-01" STARTDATE="2025-10-01" ENDDATE="2079-06-06" ISACTUAL="1" ISACTIVE="1" /><HOUSE ID="129191662" OBJECTID="3437836" OBJECTGUID="5f420d01-57b9-4162-81f9-1eb19f0c9af1" CHANGEID="689825690" HOUSENUM="20" HOUSETYPE="2" OPERTYPEID="30" PREVID="58128730" NEXTID="0" UPDATEDATE="2025-10-01" STARTDATE="2025-10-01" ENDDATE="2079-06-06" ISACTUAL="1" ISACTIVE="0" /><HOUSE ID="129191667" OBJECTID="18706757" OBJECTGUID="41df1922-0361-41d8-8d97-78e0266c7971" CHANGEID="689825708" HOUSENUM="25" HOUSETYPE="2" OPERTYPEID="20" PREVID="56046877" UPDATEDATE="2025-10-01" STARTDATE="2025-10-01" ENDDATE="2079-06-06" ISACTUAL="1" ISACTIVE="1" /></HOUSES>