﻿<?xml version="1.0" encoding="utf-8"?><STEADS><STEAD ID="12501713" OBJECTID="98412233" OBJECTGUID="f0e81502-aa09-4ce6-8b5f-fab469378105" CHANGEID="156783832" NUMBER="18" OPERTYPEID="10" PREVID="0" NEXTID="74167621" UPDATEDATE="2025-09-29" STARTDATE="2020-09-24" ENDDATE="2025-09-29" ISACTUAL="0" ISACTIVE="0" /><STEAD ID="12501727" OBJECTID="98412253" OBJECTGUID="1fa2a99a-8799-4886-adfb-fbaa45cbac5a" CHANGEID="156783864" NUMBER="253" OPERTYPEID="10" PREVID="0" NEXTID="74167625" UPDATEDATE="2025-09-29" STARTDATE="2020-09-24" ENDDATE="2025-09-29" ISACTUAL="0" ISACTIVE="0" /><STEAD ID="12502401" OBJECTID="98413318" OBJECTGUID="d8b33dab-e736-42bb-a7b6-0f752f0ce1cc" CHANGEID="156785333" NUMBER="297" OPERTYPEID="10" PREVID="0" NEXTID="74167636" UPDATEDATE="2025-09-29" STARTDATE="2020-09-24" ENDDATE="2025-09-29" ISACTUAL="0" ISACTIVE="0" /><STEAD ID="12502528" OBJECTID="98413531" OBJECTGUID="b4b804e3-fd7e-4661-94cb-a45aec767ba3" CHANGEID="156785629" NUMBER="385" OPERTYPEID="10" PREVID="0" NEXTID="74167649" UPDATEDATE="2025-09-29" STARTDATE="2020-09-24" ENDDATE="2025-09-29" ISACTUAL="0" ISACTIVE="0" /><STEAD ID="4183551" OBJECTID="88721705" OBJECTGUID="c8179a21-6a4d-4803-9915-c4aaca928ef3" CHANGEID="131080758" NUMBER="29" OPERTYPEID="10" NEXTID="74207567" UPDATEDATE="2025-10-01" STARTDATE="2015-11-02" ENDDATE="2025-10-01" ISACTUAL="0" ISACTIVE="0" /><STEAD ID="4230189" OBJECTID="88768222" OBJECTGUID="2da854bc-8b7d-4ef8-a902-f44e14827153" CHANGEID="131135830" NUMBER="5" OPERTYPEID="10" NEXTID="74207569" UPDATEDATE="2025-10-01" STARTDATE="2015-11-02" ENDDATE="2025-10-01" ISACTUAL="0" ISACTIVE="0" /><STEAD ID="74167621" OBJECTID="98412233" OBJECTGUID="f0e81502-aa09-4ce6-8b5f-fab469378105" CHANGEID="689642615" NUMBER="18" OPERTYPEID="30" PREVID="12501713" NEXTID="0" UPDATEDATE="2025-09-29" STARTDATE="2025-09-29" ENDDATE="2079-06-06" ISACTUAL="1" ISACTIVE="0" /><STEAD ID="74167622" OBJECTID="98412238" OBJECTGUID="67ab8fd8-b9da-40b4-8c4d-baef302b2887" CHANGEID="689642616" NUMBER="10" OPERTYPEID="30" PREVID="12501717" NEXTID="0" UPDATEDATE="2025-09-29" STARTDATE="2025-09-29" ENDDATE="2079-06-06" ISACTUAL="1" ISACTIVE="0" /><STEAD ID="12501717" OBJECTID="98412238" OBJECTGUID="67ab8fd8-b9da-40b4-8c4d-baef302b2887" CHANGEID="156783841" NUMBER="10" OPERTYPEID="10" PREVID="0" NEXTID="74167622" UPDATEDATE="2025-09-29" STARTDATE="2020-09-24" ENDDATE="2025-09-29" ISACTUAL="0" ISACTIVE="0" /><STEAD ID="74167623" OBJECTID="98412243" OBJECTGUID="b1760fb2-9787-4f27-8001-b939ac5fe0d5" CHANGEID="689642617" NUMBER="101" OPERTYPEID="30" PREVID="12501720" NEXTID="0" UPDATEDATE="2025-09-29" STARTDATE="2025-09-29" ENDDATE="2079-06-06" ISACTUAL="1" ISACTIVE="0" /><STEAD ID="12501720" OBJECTID="98412243" OBJECTGUID="b1760fb2-9787-4f27-8001-b939ac5fe0d5" CHANGEID="156783849" NUMBER="101" OPERTYPEID="10" PREVID="0" NEXTID="74167623" UPDATEDATE="2025-09-29" STARTDATE="2020-09-24" ENDDATE="2025-09-29" ISACTUAL="0" ISACTIVE="0" /><STEAD ID="74167624" OBJECTID="98412247" OBJECTGUID="d1bbfbf3-cc75-42ea-96f2-011e666dac6e" CHANGEID="689642618" NUMBER="252" OPERTYPEID="30" PREVID="12501723" NEXTID="0" UPDATEDATE="2025-09-29" STARTDATE="2025-09-29" ENDDATE="2079-06-06" ISACTUAL="1" ISACTIVE="0" /><STEAD ID="12501723" OBJECTID="98412247" OBJECTGUID="d1bbfbf3-cc75-42ea-96f2-011e666dac6e" CHANGEID="156783855" NUMBER="252" OPERTYPEID="10" PREVID="0" NEXTID="74167624" UPDATEDATE="2025-09-29" STARTDATE="2020-09-24" ENDDATE="2025-09-29" ISACTUAL="0" ISACTIVE="0" /><STEAD ID="74167625" OBJECTID="98412253" OBJECTGUID="1fa2a99a-8799-4886-adfb-fbaa45cbac5a" CHANGEID="689642619" NUMBER="253" OPERTYPEID="30" PREVID="12501727" NEXTID="0" UPDATEDATE="2025-09-29" STARTDATE="2025-09-29" ENDDATE="2079-06-06" ISACTUAL="1" ISACTIVE="0" /><STEAD ID="74167626" OBJECTID="98412266" OBJECTGUID="4c84f902-c6e5-4b9f-9d92-b125ec1db73e" CHANGEID="689642620" NUMBER="260" OPERTYPEID="30" PREVID="12501739" NEXTID="0" UPDATEDATE="2025-09-29" STARTDATE="2025-09-29" ENDDATE="2079-06-06" ISACTUAL="1" ISACTIVE="0" /><STEAD ID="12501739" OBJECTID="98412266" OBJECTGUID="4c84f902-c6e5-4b9f-9d92-b125ec1db73e" CHANGEID="156783878" NUMBER="260" OPERTYPEID="10" PREVID="0" NEXTID="74167626" UPDATEDATE="2025-09-29" STARTDATE="2020-09-24" ENDDATE="2025-09-29" ISACTUAL="0" ISACTIVE="0" /><STEAD ID="74167627" OBJECTID="98412273" OBJECTGUID="d638ad63-8f35-47c2-8443-22d91b1917c3" CHANGEID="689642621" NUMBER="262" OPERTYPEID="30" PREVID="12501745" NEXTID="0" UPDATEDATE="2025-09-29" STARTDATE="2025-09-29" ENDDATE="2079-06-06" ISACTUAL="1" ISACTIVE="0" /><STEAD ID="12501745" OBJECTID="98412273" OBJECTGUID="d638ad63-8f35-47c2-8443-22d91b1917c3" CHANGEID="156783890" NUMBER="262" OPERTYPEID="10" PREVID="0" NEXTID="74167627" UPDATEDATE="2025-09-29" STARTDATE="2020-09-24" ENDDATE="2025-09-29" ISACTUAL="0" ISACTIVE="0" /><STEAD ID="74167628" OBJECTID="98412281" OBJECTGUID="4aebed1d-8bd0-40b9-859f-74d494696558" CHANGEID="689642622" NUMBER="264" OPERTYPEID="30" PREVID="12501749" NEXTID="0" UPDATEDATE="2025-09-29" STARTDATE="2025-09-29" ENDDATE="2079-06-06" ISACTUAL="1" ISACTIVE="0" /><STEAD ID="12501749" OBJECTID="98412281" OBJECTGUID="4aebed1d-8bd0-40b9-859f-74d494696558" CHANGEID="156783904" NUMBER="264" OPERTYPEID="10" PREVID="0" NEXTID="74167628" UPDATEDATE="2025-09-29" STARTDATE="2020-09-24" ENDDATE="2025-09-29" ISACTUAL="0" ISACTIVE="0" /><STEAD ID="74167629" OBJECTID="98412285" OBJECTGUID="70e6237f-edb8-4c89-b7cc-afa42c51b2c9" CHANGEID="689642623" NUMBER="270" OPERTYPEID="30" PREVID="12501752" NEXTID="0" UPDATEDATE="2025-09-29" STARTDATE="2025-09-29" ENDDATE="2079-06-06" ISACTUAL="1" ISACTIVE="0" /><STEAD ID="12501752" OBJECTID="98412285" OBJECTGUID="70e6237f-edb8-4c89-b7cc-afa42c51b2c9" CHANGEID="156783911" NUMBER="270" OPERTYPEID="10" PREVID="0" NEXTID="74167629" UPDATEDATE="2025-09-29" STARTDATE="2020-09-24" ENDDATE="2025-09-29" ISACTUAL="0" ISACTIVE="0" /><STEAD ID="74167630" OBJECTID="98412293" OBJECTGUID="c01bd158-0cfa-439a-b193-a54ffb38205a" CHANGEID="689642624" NUMBER="271" OPERTYPEID="30" PREVID="12501757" NEXTID="0" UPDATEDATE="2025-09-29" STARTDATE="2025-09-29" ENDDATE="2079-06-06" ISACTUAL="1" ISACTIVE="0" /><STEAD ID="12501757" OBJECTID="98412293" OBJECTGUID="c01bd158-0cfa-439a-b193-a54ffb38205a" CHANGEID="156783924" NUMBER="271" OPERTYPEID="10" PREVID="0" NEXTID="74167630" UPDATEDATE="2025-09-29" STARTDATE="2020-09-24" ENDDATE="2025-09-29" ISACTUAL="0" ISACTIVE="0" /><STEAD ID="74167631" OBJECTID="98412296" OBJECTGUID="3f77b471-9000-443c-9809-47a9a5b8a79c" CHANGEID="689642625" NUMBER="283" OPERTYPEID="30" PREVID="12501759" NEXTID="0" UPDATEDATE="2025-09-29" STARTDATE="2025-09-29" ENDDATE="2079-06-06" ISACTUAL="1" ISACTIVE="0" /><STEAD ID="12501759" OBJECTID="98412296" OBJECTGUID="3f77b471-9000-443c-9809-47a9a5b8a79c" CHANGEID="156783929" NUMBER="283" OPERTYPEID="10" PREVID="0" NEXTID="74167631" UPDATEDATE="2025-09-29" STARTDATE="2020-09-24" ENDDATE="2025-09-29" ISACTUAL="0" ISACTIVE="0" /><STEAD ID="74167632" OBJECTID="98412302" OBJECTGUID="3cbe79d5-1a07-4f63-a7c1-d8b4d2a7c420" CHANGEID="689642626" NUMBER="289" OPERTYPEID="30" PREVID="12501763" NEXTID="0" UPDATEDATE="2025-09-29" STARTDATE="2025-09-29" ENDDATE="2079-06-06" ISACTUAL="1" ISACTIVE="0" /><STEAD ID="12501763" OBJECTID="98412302" OBJECTGUID="3cbe79d5-1a07-4f63-a7c1-d8b4d2a7c420" CHANGEID="156783946" NUMBER="289" OPERTYPEID="10" PREVID="0" NEXTID="74167632" UPDATEDATE="2025-09-29" STARTDATE="2020-09-24" ENDDATE="2025-09-29" ISACTUAL="0" ISACTIVE="0" /><STEAD ID="74167633" OBJECTID="98412311" OBJECTGUID="fa5b2802-dd24-487c-8c23-be8b56ee8a8e" CHANGEID="689642627" NUMBER="290" OPERTYPEID="30" PREVID="12501771" NEXTID="0" UPDATEDATE="2025-09-29" STARTDATE="2025-09-29" ENDDATE="2079-06-06" ISACTUAL="1" ISACTIVE="0" /><STEAD ID="12501771" OBJECTID="98412311" OBJECTGUID="fa5b2802-dd24-487c-8c23-be8b56ee8a8e" CHANGEID="156783970" NUMBER="290" OPERTYPEID="10" PREVID="0" NEXTID="74167633" UPDATEDATE="2025-09-29" STARTDATE="2020-09-24" ENDDATE="2025-09-29" ISACTUAL="0" ISACTIVE="0" /><STEAD ID="74167634" OBJECTID="98412315" OBJECTGUID="5ed88347-3b13-4879-8981-1f00bf18f259" CHANGEID="689642628" NUMBER="291" OPERTYPEID="30" PREVID="12501775" NEXTID="0" UPDATEDATE="2025-09-29" STARTDATE="2025-09-29" ENDDATE="2079-06-06" ISACTUAL="1" ISACTIVE="0" /><STEAD ID="12501775" OBJECTID="98412315" OBJECTGUID="5ed88347-3b13-4879-8981-1f00bf18f259" CHANGEID="156783975" NUMBER="291" OPERTYPEID="10" PREVID="0" NEXTID="74167634" UPDATEDATE="2025-09-29" STARTDATE="2020-09-24" ENDDATE="2025-09-29" ISACTUAL="0" ISACTIVE="0" /><STEAD ID="74167635" OBJECTID="98413282" OBJECTGUID="c4627885-bd89-4eb2-b7eb-253fde6f43f7" CHANGEID="689642629" NUMBER="293" OPERTYPEID="30" PREVID="12502384" NEXTID="0" UPDATEDATE="2025-09-29" STARTDATE="2025-09-29" ENDDATE="2079-06-06" ISACTUAL="1" ISACTIVE="0" /><STEAD ID="12502384" OBJECTID="98413282" OBJECTGUID="c4627885-bd89-4eb2-b7eb-253fde6f43f7" CHANGEID="156785273" NUMBER="293" OPERTYPEID="10" PREVID="0" NEXTID="74167635" UPDATEDATE="2025-09-29" STARTDATE="2020-09-24" ENDDATE="2025-09-29" ISACTUAL="0" ISACTIVE="0" /><STEAD ID="74167636" OBJECTID="98413318" OBJECTGUID="d8b33dab-e736-42bb-a7b6-0f752f0ce1cc" CHANGEID="689642630" NUMBER="297" OPERTYPEID="30" PREVID="12502401" NEXTID="0" UPDATEDATE="2025-09-29" STARTDATE="2025-09-29" ENDDATE="2079-06-06" ISACTUAL="1" ISACTIVE="0" /><STEAD ID="74167637" OBJECTID="98413335" OBJECTGUID="2fa7f4cb-1f25-45c0-8226-99cb4022387b" CHANGEID="689642631" NUMBER="298" OPERTYPEID="30" PREVID="12502410" NEXTID="0" UPDATEDATE="2025-09-29" STARTDATE="2025-09-29" ENDDATE="2079-06-06" ISACTUAL="1" ISACTIVE="0" /><STEAD ID="12502410" OBJECTID="98413335" OBJECTGUID="2fa7f4cb-1f25-45c0-8226-99cb4022387b" CHANGEID="156785357" NUMBER="298" OPERTYPEID="10" PREVID="0" NEXTID="74167637" UPDATEDATE="2025-09-29" STARTDATE="2020-09-24" ENDDATE="2025-09-29" ISACTUAL="0" ISACTIVE="0" /><STEAD ID="74167638" OBJECTID="98413342" OBJECTGUID="2e292a3d-9398-42f2-aea5-f0e853abac33" CHANGEID="689642632" NUMBER="3" OPERTYPEID="30" PREVID="12502416" NEXTID="0" UPDATEDATE="2025-09-29" STARTDATE="2025-09-29" ENDDATE="2079-06-06" ISACTUAL="1" ISACTIVE="0" /><STEAD ID="12502416" OBJECTID="98413342" OBJECTGUID="2e292a3d-9398-42f2-aea5-f0e853abac33" CHANGEID="156785371" NUMBER="3" OPERTYPEID="10" PREVID="0" NEXTID="74167638" UPDATEDATE="2025-09-29" STARTDATE="2020-09-24" ENDDATE="2025-09-29" ISACTUAL="0" ISACTIVE="0" /><STEAD ID="74167639" OBJECTID="98413347" OBJECTGUID="7c941ae9-5653-44be-9e92-151a29d64824" CHANGEID="689642633" NUMBER="305" OPERTYPEID="30" PREVID="12502418" NEXTID="0" UPDATEDATE="2025-09-29" STARTDATE="2025-09-29" ENDDATE="2079-06-06" ISACTUAL="1" ISACTIVE="0" /><STEAD ID="12502418" OBJECTID="98413347" OBJECTGUID="7c941ae9-5653-44be-9e92-151a29d64824" CHANGEID="156785378" NUMBER="305" OPERTYPEID="10" PREVID="0" NEXTID="74167639" UPDATEDATE="2025-09-29" STARTDATE="2020-09-24" ENDDATE="2025-09-29" ISACTUAL="0" ISACTIVE="0" /><STEAD ID="74167640" OBJECTID="98413350" OBJECTGUID="dc70bbd3-468f-4a5b-afca-640468a9fa84" CHANGEID="689642634" NUMBER="306" OPERTYPEID="30" PREVID="12502420" NEXTID="0" UPDATEDATE="2025-09-29" STARTDATE="2025-09-29" ENDDATE="2079-06-06" ISACTUAL="1" ISACTIVE="0" /><STEAD ID="12502420" OBJECTID="98413350" OBJECTGUID="dc70bbd3-468f-4a5b-afca-640468a9fa84" CHANGEID="156785386" NUMBER="306" OPERTYPEID="10" PREVID="0" NEXTID="74167640" UPDATEDATE="2025-09-29" STARTDATE="2020-09-24" ENDDATE="2025-09-29" ISACTUAL="0" ISACTIVE="0" /><STEAD ID="74167641" OBJECTID="98413359" OBJECTGUID="8d0ede21-4f25-4afd-ae73-7e8dc1f4f12a" CHANGEID="689642635" NUMBER="309" OPERTYPEID="30" PREVID="12502427" NEXTID="0" UPDATEDATE="2025-09-29" STARTDATE="2025-09-29" ENDDATE="2079-06-06" ISACTUAL="1" ISACTIVE="0" /><STEAD ID="12502427" OBJECTID="98413359" OBJECTGUID="8d0ede21-4f25-4afd-ae73-7e8dc1f4f12a" CHANGEID="156785398" NUMBER="309" OPERTYPEID="10" PREVID="0" NEXTID="74167641" UPDATEDATE="2025-09-29" STARTDATE="2020-09-24" ENDDATE="2025-09-29" ISACTUAL="0" ISACTIVE="0" /><STEAD ID="74167642" OBJECTID="98413391" OBJECTGUID="61bf643e-7126-4ba0-b209-76a3035b862f" CHANGEID="689642636" NUMBER="317" OPERTYPEID="30" PREVID="12502449" NEXTID="0" UPDATEDATE="2025-09-29" STARTDATE="2025-09-29" ENDDATE="2079-06-06" ISACTUAL="1" ISACTIVE="0" /><STEAD ID="12502449" OBJECTID="98413391" OBJECTGUID="61bf643e-7126-4ba0-b209-76a3035b862f" CHANGEID="156785440" NUMBER="317" OPERTYPEID="10" PREVID="0" NEXTID="74167642" UPDATEDATE="2025-09-29" STARTDATE="2020-09-24" ENDDATE="2025-09-29" ISACTUAL="0" ISACTIVE="0" /><STEAD ID="74167643" OBJECTID="98413467" OBJECTGUID="52d7a283-b6c8-4530-84a1-cd74add4ff00" CHANGEID="689642637" NUMBER="341" OPERTYPEID="30" PREVID="12502497" NEXTID="0" UPDATEDATE="2025-09-29" STARTDATE="2025-09-29" ENDDATE="2079-06-06" ISACTUAL="1" ISACTIVE="0" /><STEAD ID="12502497" OBJECTID="98413467" OBJECTGUID="52d7a283-b6c8-4530-84a1-cd74add4ff00" CHANGEID="156785546" NUMBER="341" OPERTYPEID="10" PREVID="0" NEXTID="74167643" UPDATEDATE="2025-09-29" STARTDATE="2020-09-24" ENDDATE="2025-09-29" ISACTUAL="0" ISACTIVE="0" /><STEAD ID="74167644" OBJECTID="98413501" OBJECTGUID="63d7789e-3a6e-4eda-a051-ee087646f350" CHANGEID="689642638" NUMBER="342" OPERTYPEID="30" PREVID="12502501" NEXTID="0" UPDATEDATE="2025-09-29" STARTDATE="2025-09-29" ENDDATE="2079-06-06" ISACTUAL="1" ISACTIVE="0" /><STEAD ID="12502501" OBJECTID="98413501" OBJECTGUID="63d7789e-3a6e-4eda-a051-ee087646f350" CHANGEID="156785585" NUMBER="342" OPERTYPEID="10" PREVID="0" NEXTID="74167644" UPDATEDATE="2025-09-29" STARTDATE="2020-09-24" ENDDATE="2025-09-29" ISACTUAL="0" ISACTIVE="0" /><STEAD ID="74167645" OBJECTID="98413506" OBJECTGUID="94eeef02-02b6-4a6d-86e4-dd70f54760a1" CHANGEID="689642639" NUMBER="345" OPERTYPEID="30" PREVID="12502506" NEXTID="0" UPDATEDATE="2025-09-29" STARTDATE="2025-09-29" ENDDATE="2079-06-06" ISACTUAL="1" ISACTIVE="0" /><STEAD ID="12502506" OBJECTID="98413506" OBJECTGUID="94eeef02-02b6-4a6d-86e4-dd70f54760a1" CHANGEID="156785592" NUMBER="345" OPERTYPEID="10" PREVID="0" NEXTID="74167645" UPDATEDATE="2025-09-29" STARTDATE="2020-09-24" ENDDATE="2025-09-29" ISACTUAL="0" ISACTIVE="0" /><STEAD ID="74167646" OBJECTID="98413518" OBJECTGUID="80b393d4-cad9-43d6-af80-98447b04a464" CHANGEID="689642640" NUMBER="346" OPERTYPEID="30" PREVID="12502515" NEXTID="0" UPDATEDATE="2025-09-29" STARTDATE="2025-09-29" ENDDATE="2079-06-06" ISACTUAL="1" ISACTIVE="0" /><STEAD ID="12502515" OBJECTID="98413518" OBJECTGUID="80b393d4-cad9-43d6-af80-98447b04a464" CHANGEID="156785609" NUMBER="346" OPERTYPEID="10" PREVID="0" NEXTID="74167646" UPDATEDATE="2025-09-29" STARTDATE="2020-09-24" ENDDATE="2025-09-29" ISACTUAL="0" ISACTIVE="0" /><STEAD ID="74167647" OBJECTID="98413521" OBJECTGUID="6eb60b35-6a7a-4b3a-a7ab-2c4451b9e25b" CHANGEID="689642641" NUMBER="379" OPERTYPEID="30" PREVID="12502518" NEXTID="0" UPDATEDATE="2025-09-29" STARTDATE="2025-09-29" ENDDATE="2079-06-06" ISACTUAL="1" ISACTIVE="0" /><STEAD ID="12502518" OBJECTID="98413521" OBJECTGUID="6eb60b35-6a7a-4b3a-a7ab-2c4451b9e25b" CHANGEID="156785614" NUMBER="379" OPERTYPEID="10" PREVID="0" NEXTID="74167647" UPDATEDATE="2025-09-29" STARTDATE="2020-09-24" ENDDATE="2025-09-29" ISACTUAL="0" ISACTIVE="0" /><STEAD ID="74167648" OBJECTID="98413526" OBJECTGUID="19fda11f-d7a5-4f9d-afa2-d2582239abba" CHANGEID="689642642" NUMBER="384" OPERTYPEID="30" PREVID="12502524" NEXTID="0" UPDATEDATE="2025-09-29" STARTDATE="2025-09-29" ENDDATE="2079-06-06" ISACTUAL="1" ISACTIVE="0" /><STEAD ID="12502524" OBJECTID="98413526" OBJECTGUID="19fda11f-d7a5-4f9d-afa2-d2582239abba" CHANGEID="156785622" NUMBER="384" OPERTYPEID="10" PREVID="0" NEXTID="74167648" UPDATEDATE="2025-09-29" STARTDATE="2020-09-24" ENDDATE="2025-09-29" ISACTUAL="0" ISACTIVE="0" /><STEAD ID="74167649" OBJECTID="98413531" OBJECTGUID="b4b804e3-fd7e-4661-94cb-a45aec767ba3" CHANGEID="689642643" NUMBER="385" OPERTYPEID="30" PREVID="12502528" NEXTID="0" UPDATEDATE="2025-09-29" STARTDATE="2025-09-29" ENDDATE="2079-06-06" ISACTUAL="1" ISACTIVE="0" /><STEAD ID="74167650" OBJECTID="98413581" OBJECTGUID="4fcddff0-7062-4a11-9d17-84c1e1a571fe" CHANGEID="689642644" NUMBER="387" OPERTYPEID="30" PREVID="12502536" NEXTID="0" UPDATEDATE="2025-09-29" STARTDATE="2025-09-29" ENDDATE="2079-06-06" ISACTUAL="1" ISACTIVE="0" /><STEAD ID="12502536" OBJECTID="98413581" OBJECTGUID="4fcddff0-7062-4a11-9d17-84c1e1a571fe" CHANGEID="156785684" NUMBER="387" OPERTYPEID="10" PREVID="0" NEXTID="74167650" UPDATEDATE="2025-09-29" STARTDATE="2020-09-24" ENDDATE="2025-09-29" ISACTUAL="0" ISACTIVE="0" /><STEAD ID="74169463" OBJECTID="174920998" OBJECTGUID="c92193e2-3761-4e4c-b313-21883b932a61" CHANGEID="689648006" NUMBER="52А" OPERTYPEID="10" PREVID="0" NEXTID="0" UPDATEDATE="2025-09-29" STARTDATE="2025-09-29" ENDDATE="2079-06-06" ISACTUAL="1" ISACTIVE="1" /><STEAD ID="74169468" OBJECTID="174921009" OBJECTGUID="63c4ece4-16cb-4888-81a4-892e01f33651" CHANGEID="689648031" NUMBER="97/1А" OPERTYPEID="10" PREVID="0" NEXTID="0" UPDATEDATE="2025-09-29" STARTDATE="2025-09-29" ENDDATE="2079-06-06" ISACTUAL="1" ISACTIVE="1" /><STEAD ID="74169462" OBJECTID="174920997" OBJECTGUID="748de9a8-3c51-4b7b-98e1-e36cc420a67e" CHANGEID="689648001" NUMBER="22" OPERTYPEID="10" PREVID="0" NEXTID="0" UPDATEDATE="2025-09-29" STARTDATE="2025-09-29" ENDDATE="2079-06-06" ISACTUAL="1" ISACTIVE="1" /><STEAD ID="74169465" OBJECTID="174921004" OBJECTGUID="ea14a25a-3b0a-4b4a-9907-4021bea6bf5b" CHANGEID="689648022" NUMBER="87" OPERTYPEID="10" PREVID="0" NEXTID="0" UPDATEDATE="2025-09-29" STARTDATE="2025-09-29" ENDDATE="2079-06-06" ISACTUAL="1" ISACTIVE="1" /><STEAD ID="74169517" OBJECTID="174921167" OBJECTGUID="a0a5ac4f-b1b3-4d5c-a7bd-eb1438c545e4" CHANGEID="689648199" NUMBER="1Б" OPERTYPEID="10" PREVID="0" NEXTID="0" UPDATEDATE="2025-09-29" STARTDATE="2025-09-29" ENDDATE="2079-06-06" ISACTUAL="1" ISACTIVE="1" /><STEAD ID="74171462" OBJECTID="174926059" OBJECTGUID="f51ee6e8-8858-4fa2-874f-405c19c2426b" CHANGEID="689655720" NUMBER="21" OPERTYPEID="10" PREVID="0" NEXTID="0" UPDATEDATE="2025-09-29" STARTDATE="2025-09-29" ENDDATE="2079-06-06" ISACTUAL="1" ISACTIVE="1" /><STEAD ID="74172167" OBJECTID="174928437" OBJECTGUID="00260f6d-6d92-47dd-b486-937706930bfc" CHANGEID="689664301" NUMBER="39" OPERTYPEID="10" PREVID="0" NEXTID="0" UPDATEDATE="2025-09-29" STARTDATE="2025-09-29" ENDDATE="2079-06-06" ISACTUAL="1" ISACTIVE="1" /><STEAD ID="74172168" OBJECTID="174928438" OBJECTGUID="98bf7e4e-2e4c-4c62-b494-2c3bc5ce12d9" CHANGEID="689664302" NUMBER="43" OPERTYPEID="10" PREVID="0" NEXTID="0" UPDATEDATE="2025-09-29" STARTDATE="2025-09-29" ENDDATE="2079-06-06" ISACTUAL="1" ISACTIVE="1" /><STEAD ID="74172187" OBJECTID="174928489" OBJECTGUID="58f1846d-e716-418b-ae8e-31807c35b036" CHANGEID="689664394" NUMBER="30" OPERTYPEID="10" PREVID="0" NEXTID="0" UPDATEDATE="2025-09-29" STARTDATE="2025-09-29" ENDDATE="2079-06-06" ISACTUAL="1" ISACTIVE="1" /><STEAD ID="74172188" OBJECTID="174928490" OBJECTGUID="9b9f19a7-e9e4-49a8-b29d-bafa3bf36024" CHANGEID="689664395" NUMBER="20" OPERTYPEID="10" PREVID="0" NEXTID="0" UPDATEDATE="2025-09-29" STARTDATE="2025-09-29" ENDDATE="2079-06-06" ISACTUAL="1" ISACTIVE="1" /><STEAD ID="74172199" OBJECTID="174928512" OBJECTGUID="43dafa12-0040-4a37-bef7-a275a21682e0" CHANGEID="689664523" NUMBER="52" OPERTYPEID="10" PREVID="0" NEXTID="0" UPDATEDATE="2025-09-29" STARTDATE="2025-09-29" ENDDATE="2079-06-06" ISACTUAL="1" ISACTIVE="1" /><STEAD ID="74173142" OBJECTID="174930161" OBJECTGUID="8551799e-d94f-4727-bf47-e9b87dac3fd4" CHANGEID="689668909" NUMBER="22" OPERTYPEID="10" PREVID="0" NEXTID="0" UPDATEDATE="2025-09-29" STARTDATE="2025-09-29" ENDDATE="2079-06-06" ISACTUAL="1" ISACTIVE="1" /><STEAD ID="74173166" OBJECTID="174930199" OBJECTGUID="2e8b3723-dc7e-4523-b26a-689fbd752af4" CHANGEID="689668968" NUMBER="65" OPERTYPEID="10" PREVID="0" NEXTID="0" UPDATEDATE="2025-09-29" STARTDATE="2025-09-29" ENDDATE="2079-06-06" ISACTUAL="1" ISACTIVE="1" /><STEAD ID="74173954" OBJECTID="174931413" OBJECTGUID="90085dc6-3d56-43c1-a252-fbe8f86bd86f" CHANGEID="689671348" NUMBER="63" OPERTYPEID="10" PREVID="0" NEXTID="0" UPDATEDATE="2025-09-29" STARTDATE="2025-09-29" ENDDATE="2079-06-06" ISACTUAL="1" ISACTIVE="1" /><STEAD ID="74173955" OBJECTID="174931414" OBJECTGUID="edc60238-0930-4022-b644-3ab48f21b754" CHANGEID="689671349" NUMBER="258" OPERTYPEID="10" PREVID="0" NEXTID="0" UPDATEDATE="2025-09-29" STARTDATE="2025-09-29" ENDDATE="2079-06-06" ISACTUAL="1" ISACTIVE="1" /><STEAD ID="74173956" OBJECTID="174931415" OBJECTGUID="63ea7f4c-90f8-45b8-b122-6db3e0759107" CHANGEID="689671350" NUMBER="4" OPERTYPEID="10" PREVID="0" NEXTID="0" UPDATEDATE="2025-09-29" STARTDATE="2025-09-29" ENDDATE="2079-06-06" ISACTUAL="1" ISACTIVE="1" /><STEAD ID="74173958" OBJECTID="174931418" OBJECTGUID="202018f2-6713-4a36-8017-15bfe90cffef" CHANGEID="689671353" NUMBER="38" OPERTYPEID="10" PREVID="0" NEXTID="0" UPDATEDATE="2025-09-29" STARTDATE="2025-09-29" ENDDATE="2079-06-06" ISACTUAL="1" ISACTIVE="1" /><STEAD ID="74173959" OBJECTID="174931519" OBJECTGUID="d81ad28a-bfe9-412d-a5ad-2dc761b0d43e" CHANGEID="689671456" NUMBER="24" OPERTYPEID="10" PREVID="0" NEXTID="0" UPDATEDATE="2025-09-29" STARTDATE="2025-09-29" ENDDATE="2079-06-06" ISACTUAL="1" ISACTIVE="1" /><STEAD ID="74175526" OBJECTID="95938816" OBJECTGUID="5f1c6758-b2da-4aa1-9696-2cb2ed173089" CHANGEID="689679004" NUMBER="37" OPERTYPEID="60" PREVID="11128160" UPDATEDATE="2025-09-29" STARTDATE="2025-09-29" ENDDATE="2079-06-06" ISACTUAL="1" ISACTIVE="0" /><STEAD ID="11128160" OBJECTID="95938816" OBJECTGUID="5f1c6758-b2da-4aa1-9696-2cb2ed173089" CHANGEID="140615377" NUMBER="37" OPERTYPEID="10" PREVID="0" NEXTID="74175526" UPDATEDATE="2025-09-29" STARTDATE="2020-03-12" ENDDATE="2025-09-29" ISACTUAL="0" ISACTIVE="0" /><STEAD ID="74175527" OBJECTID="174935100" OBJECTGUID="e9e1707d-638d-4498-93c9-cc9c38e06b4f" CHANGEID="689679005" NUMBER="37А" OPERTYPEID="61" PREVID="74175526" NEXTID="0" UPDATEDATE="2025-09-29" STARTDATE="2025-09-29" ENDDATE="2079-06-06" ISACTUAL="1" ISACTIVE="1" /><STEAD ID="74175528" OBJECTID="174935101" OBJECTGUID="3f2d4f0c-ffa3-4711-bf49-0c7fe0860cfb" CHANGEID="689679006" NUMBER="37" OPERTYPEID="61" PREVID="74175526" NEXTID="0" UPDATEDATE="2025-09-29" STARTDATE="2025-09-29" ENDDATE="2079-06-06" ISACTUAL="1" ISACTIVE="1" /><STEAD ID="74176982" OBJECTID="174939083" OBJECTGUID="0fbd6549-3440-4d15-9b80-b6aae89bb6e3" CHANGEID="689687953" NUMBER="6А" OPERTYPEID="10" PREVID="0" NEXTID="0" UPDATEDATE="2025-09-29" STARTDATE="2025-09-29" ENDDATE="2079-06-06" ISACTUAL="1" ISACTIVE="1" /><STEAD ID="74176946" OBJECTID="174939032" OBJECTGUID="fbd0c8b2-9475-4e51-af65-bcde4ec8c6ad" CHANGEID="689687877" NUMBER="4" OPERTYPEID="10" PREVID="0" NEXTID="0" UPDATEDATE="2025-09-29" STARTDATE="2025-09-29" ENDDATE="2079-06-06" ISACTUAL="1" ISACTIVE="1" /><STEAD ID="74176989" OBJECTID="174939099" OBJECTGUID="d0fb7b4f-b2e7-4598-b43c-a95b79bc974c" CHANGEID="689687993" NUMBER="6Б" OPERTYPEID="10" PREVID="0" NEXTID="0" UPDATEDATE="2025-09-29" STARTDATE="2025-09-29" ENDDATE="2079-06-06" ISACTUAL="1" ISACTIVE="1" /><STEAD ID="74177679" OBJECTID="174940140" OBJECTGUID="cf621adb-3578-4a1e-95b2-3a5b9df8e79d" CHANGEID="689690521" NUMBER="199" OPERTYPEID="10" PREVID="0" NEXTID="0" UPDATEDATE="2025-09-29" STARTDATE="2025-09-29" ENDDATE="2079-06-06" ISACTUAL="1" ISACTIVE="1" /><STEAD ID="74178174" OBJECTID="174940811" OBJECTGUID="4e20e3fe-02c4-4e7d-aa4c-a24452a23db5" CHANGEID="689691636" NUMBER="9/4" OPERTYPEID="10" PREVID="0" NEXTID="0" UPDATEDATE="2025-09-29" STARTDATE="2025-09-29" ENDDATE="2079-06-06" ISACTUAL="1" ISACTIVE="1" /><STEAD ID="74178175" OBJECTID="174940812" OBJECTGUID="3e111554-0852-44a1-b139-d203b1859faa" CHANGEID="689691637" NUMBER="9/3" OPERTYPEID="10" PREVID="0" NEXTID="0" UPDATEDATE="2025-09-29" STARTDATE="2025-09-29" ENDDATE="2079-06-06" ISACTUAL="1" ISACTIVE="1" /><STEAD ID="74187592" OBJECTID="174956377" OBJECTGUID="90f089fb-be4b-4e56-beb8-6d21fbe81b5e" CHANGEID="689725581" NUMBER="55" OPERTYPEID="10" PREVID="0" NEXTID="0" UPDATEDATE="2025-09-30" STARTDATE="2025-09-30" ENDDATE="2079-06-06" ISACTUAL="1" ISACTIVE="1" /><STEAD ID="74187593" OBJECTID="174956378" OBJECTGUID="a025e2d9-7898-4ea9-b1ee-0478310f87c6" CHANGEID="689725582" NUMBER="53" OPERTYPEID="10" PREVID="0" NEXTID="0" UPDATEDATE="2025-09-30" STARTDATE="2025-09-30" ENDDATE="2079-06-06" ISACTUAL="1" ISACTIVE="1" /><STEAD ID="74187594" OBJECTID="174956379" OBJECTGUID="61636098-aed9-44b1-b909-6175bb7e8fde" CHANGEID="689725583" NUMBER="51" OPERTYPEID="10" PREVID="0" NEXTID="0" UPDATEDATE="2025-09-30" STARTDATE="2025-09-30" ENDDATE="2079-06-06" ISACTUAL="1" ISACTIVE="1" /><STEAD ID="74187595" OBJECTID="174956380" OBJECTGUID="72b261ba-0244-4c70-be0a-be125b61113c" CHANGEID="689725584" NUMBER="49" OPERTYPEID="10" PREVID="0" NEXTID="0" UPDATEDATE="2025-09-30" STARTDATE="2025-09-30" ENDDATE="2079-06-06" ISACTUAL="1" ISACTIVE="1" /><STEAD ID="74187596" OBJECTID="174956381" OBJECTGUID="d994aaee-49e9-44d2-8b0d-8a679e10965c" CHANGEID="689725585" NUMBER="47" OPERTYPEID="10" PREVID="0" NEXTID="0" UPDATEDATE="2025-09-30" STARTDATE="2025-09-30" ENDDATE="2079-06-06" ISACTUAL="1" ISACTIVE="1" /><STEAD ID="74187597" OBJECTID="174956382" OBJECTGUID="832dfc61-c424-47f4-8cea-c0174d03c763" CHANGEID="689725586" NUMBER="45" OPERTYPEID="10" PREVID="0" NEXTID="0" UPDATEDATE="2025-09-30" STARTDATE="2025-09-30" ENDDATE="2079-06-06" ISACTUAL="1" ISACTIVE="1" /><STEAD ID="74187598" OBJECTID="174956383" OBJECTGUID="1e9ac956-6729-4f60-9d74-3fe775b1940f" CHANGEID="689725587" NUMBER="43" OPERTYPEID="10" PREVID="0" NEXTID="0" UPDATEDATE="2025-09-30" STARTDATE="2025-09-30" ENDDATE="2079-06-06" ISACTUAL="1" ISACTIVE="1" /><STEAD ID="74187599" OBJECTID="174956384" OBJECTGUID="93e0890e-da6a-4a2e-a89d-d24e8af7bd85" CHANGEID="689725588" NUMBER="41" OPERTYPEID="10" PREVID="0" NEXTID="0" UPDATEDATE="2025-09-30" STARTDATE="2025-09-30" ENDDATE="2079-06-06" ISACTUAL="1" ISACTIVE="1" /><STEAD ID="74187600" OBJECTID="174956385" OBJECTGUID="b227d74b-4670-4f39-afe4-1e3cdc3f5ae7" CHANGEID="689725589" NUMBER="39" OPERTYPEID="10" PREVID="0" NEXTID="0" UPDATEDATE="2025-09-30" STARTDATE="2025-09-30" ENDDATE="2079-06-06" ISACTUAL="1" ISACTIVE="1" /><STEAD ID="74187601" OBJECTID="174956386" OBJECTGUID="ddc2eb1b-0001-4f45-8d9b-4ea5552572e5" CHANGEID="689725590" NUMBER="36" OPERTYPEID="10" PREVID="0" NEXTID="0" UPDATEDATE="2025-09-30" STARTDATE="2025-09-30" ENDDATE="2079-06-06" ISACTUAL="1" ISACTIVE="1" /><STEAD ID="74187602" OBJECTID="174956387" OBJECTGUID="1af35ecc-6dcd-427f-9c72-fdd137842247" CHANGEID="689725591" NUMBER="35" OPERTYPEID="10" PREVID="0" NEXTID="0" UPDATEDATE="2025-09-30" STARTDATE="2025-09-30" ENDDATE="2079-06-06" ISACTUAL="1" ISACTIVE="1" /><STEAD ID="74187603" OBJECTID="174956388" OBJECTGUID="0a6937ad-c8bd-4af8-8e7a-eadb107e5c86" CHANGEID="689725592" NUMBER="34" OPERTYPEID="10" PREVID="0" NEXTID="0" UPDATEDATE="2025-09-30" STARTDATE="2025-09-30" ENDDATE="2079-06-06" ISACTUAL="1" ISACTIVE="1" /><STEAD ID="74187604" OBJECTID="174956389" OBJECTGUID="22246e69-3a62-4d95-8263-eaf72df2b86c" CHANGEID="689725593" NUMBER="32" OPERTYPEID="10" PREVID="0" NEXTID="0" UPDATEDATE="2025-09-30" STARTDATE="2025-09-30" ENDDATE="2079-06-06" ISACTUAL="1" ISACTIVE="1" /><STEAD ID="74187605" OBJECTID="174956390" OBJECTGUID="72b14ef5-4689-427c-b4ca-17fb6a1a533f" CHANGEID="689725594" NUMBER="31" OPERTYPEID="10" PREVID="0" NEXTID="0" UPDATEDATE="2025-09-30" STARTDATE="2025-09-30" ENDDATE="2079-06-06" ISACTUAL="1" ISACTIVE="1" /><STEAD ID="74187606" OBJECTID="174956391" OBJECTGUID="7556559c-fb83-4503-b143-c68e273f4dbb" CHANGEID="689725595" NUMBER="29" OPERTYPEID="10" PREVID="0" NEXTID="0" UPDATEDATE="2025-09-30" STARTDATE="2025-09-30" ENDDATE="2079-06-06" ISACTUAL="1" ISACTIVE="1" /><STEAD ID="74187607" OBJECTID="174956392" OBJECTGUID="0a599bc9-4433-462c-8aae-bba42b4a6da1" CHANGEID="689725596" NUMBER="27" OPERTYPEID="10" PREVID="0" NEXTID="0" UPDATEDATE="2025-09-30" STARTDATE="2025-09-30" ENDDATE="2079-06-06" ISACTUAL="1" ISACTIVE="1" /><STEAD ID="74187608" OBJECTID="174956393" OBJECTGUID="ae670c54-1afc-41f0-aa85-0449bea011cc" CHANGEID="689725597" NUMBER="26" OPERTYPEID="10" PREVID="0" NEXTID="0" UPDATEDATE="2025-09-30" STARTDATE="2025-09-30" ENDDATE="2079-06-06" ISACTUAL="1" ISACTIVE="1" /><STEAD ID="74187609" OBJECTID="174956394" OBJECTGUID="bf83fea7-85c9-48eb-8d18-f59edaf84395" CHANGEID="689725598" NUMBER="25" OPERTYPEID="10" PREVID="0" NEXTID="0" UPDATEDATE="2025-09-30" STARTDATE="2025-09-30" ENDDATE="2079-06-06" ISACTUAL="1" ISACTIVE="1" /><STEAD ID="74187610" OBJECTID="174956395" OBJECTGUID="b06a779f-a5b9-4bdd-a1c9-29ac8a678c09" CHANGEID="689725599" NUMBER="24" OPERTYPEID="10" PREVID="0" NEXTID="0" UPDATEDATE="2025-09-30" STARTDATE="2025-09-30" ENDDATE="2079-06-06" ISACTUAL="1" ISACTIVE="1" /><STEAD ID="74187611" OBJECTID="174956396" OBJECTGUID="4ab3ccfa-275e-418f-8f55-eca8576960be" CHANGEID="689725600" NUMBER="23" OPERTYPEID="10" PREVID="0" NEXTID="0" UPDATEDATE="2025-09-30" STARTDATE="2025-09-30" ENDDATE="2079-06-06" ISACTUAL="1" ISACTIVE="1" /><STEAD ID="74187612" OBJECTID="174956397" OBJECTGUID="d3c28eea-26aa-4e29-b163-adeec47164ab" CHANGEID="689725601" NUMBER="22" OPERTYPEID="10" PREVID="0" NEXTID="0" UPDATEDATE="2025-09-30" STARTDATE="2025-09-30" ENDDATE="2079-06-06" ISACTUAL="1" ISACTIVE="1" /><STEAD ID="74187613" OBJECTID="174956398" OBJECTGUID="ed1b47ee-519e-49c2-a672-ef8e9a33d255" CHANGEID="689725602" NUMBER="21" OPERTYPEID="10" PREVID="0" NEXTID="0" UPDATEDATE="2025-09-30" STARTDATE="2025-09-30" ENDDATE="2079-06-06" ISACTUAL="1" ISACTIVE="1" /><STEAD ID="74187614" OBJECTID="174956399" OBJECTGUID="e15ae4e7-4083-4ce2-a275-d2a4fa4fd4a8" CHANGEID="689725603" NUMBER="10" OPERTYPEID="10" PREVID="0" NEXTID="0" UPDATEDATE="2025-09-30" STARTDATE="2025-09-30" ENDDATE="2079-06-06" ISACTUAL="1" ISACTIVE="1" /><STEAD ID="74187615" OBJECTID="174956400" OBJECTGUID="6154f35e-bad2-4012-99f7-3ac6f8ff9722" CHANGEID="689725604" NUMBER="9" OPERTYPEID="10" PREVID="0" NEXTID="0" UPDATEDATE="2025-09-30" STARTDATE="2025-09-30" ENDDATE="2079-06-06" ISACTUAL="1" ISACTIVE="1" /><STEAD ID="74187616" OBJECTID="174956401" OBJECTGUID="d68f9c95-0be8-497d-b501-0dd59a726db2" CHANGEID="689725605" NUMBER="8" OPERTYPEID="10" PREVID="0" NEXTID="0" UPDATEDATE="2025-09-30" STARTDATE="2025-09-30" ENDDATE="2079-06-06" ISACTUAL="1" ISACTIVE="1" /><STEAD ID="74187617" OBJECTID="174956402" OBJECTGUID="a778fe79-fc94-4321-8bce-80294b0397b4" CHANGEID="689725606" NUMBER="7" OPERTYPEID="10" PREVID="0" NEXTID="0" UPDATEDATE="2025-09-30" STARTDATE="2025-09-30" ENDDATE="2079-06-06" ISACTUAL="1" ISACTIVE="1" /><STEAD ID="74187618" OBJECTID="174956403" OBJECTGUID="501ff08e-8975-4e94-bad7-e836702ab84f" CHANGEID="689725607" NUMBER="16" OPERTYPEID="10" PREVID="0" NEXTID="0" UPDATEDATE="2025-09-30" STARTDATE="2025-09-30" ENDDATE="2079-06-06" ISACTUAL="1" ISACTIVE="1" /><STEAD ID="74187619" OBJECTID="174956404" OBJECTGUID="9abadc3d-72af-437c-8240-2ec98e64cad2" CHANGEID="689725608" NUMBER="51А" OPERTYPEID="10" PREVID="0" NEXTID="0" UPDATEDATE="2025-09-30" STARTDATE="2025-09-30" ENDDATE="2079-06-06" ISACTUAL="1" ISACTIVE="1" /><STEAD ID="74187620" OBJECTID="174956405" OBJECTGUID="1c27b15a-09fc-4d31-a503-1b842ecec029" CHANGEID="689725609" NUMBER="20" OPERTYPEID="10" PREVID="0" NEXTID="0" UPDATEDATE="2025-09-30" STARTDATE="2025-09-30" ENDDATE="2079-06-06" ISACTUAL="1" ISACTIVE="1" /><STEAD ID="74187621" OBJECTID="174956406" OBJECTGUID="5a275b61-542e-4e1f-a888-d44f132db726" CHANGEID="689725610" NUMBER="17" OPERTYPEID="10" PREVID="0" NEXTID="0" UPDATEDATE="2025-09-30" STARTDATE="2025-09-30" ENDDATE="2079-06-06" ISACTUAL="1" ISACTIVE="1" /><STEAD ID="74187622" OBJECTID="174956407" OBJECTGUID="9417ee87-f60d-41c9-821b-3c15b369bdeb" CHANGEID="689725611" NUMBER="15" OPERTYPEID="10" PREVID="0" NEXTID="0" UPDATEDATE="2025-09-30" STARTDATE="2025-09-30" ENDDATE="2079-06-06" ISACTUAL="1" ISACTIVE="1" /><STEAD ID="74187623" OBJECTID="174956408" OBJECTGUID="f223c68e-aab5-4ccc-b901-69120576c794" CHANGEID="689725612" NUMBER="14" OPERTYPEID="10" PREVID="0" NEXTID="0" UPDATEDATE="2025-09-30" STARTDATE="2025-09-30" ENDDATE="2079-06-06" ISACTUAL="1" ISACTIVE="1" /><STEAD ID="74187624" OBJECTID="174956409" OBJECTGUID="2f186df1-e8d5-4151-a792-f6675d297a06" CHANGEID="689725613" NUMBER="12" OPERTYPEID="10" PREVID="0" NEXTID="0" UPDATEDATE="2025-09-30" STARTDATE="2025-09-30" ENDDATE="2079-06-06" ISACTUAL="1" ISACTIVE="1" /><STEAD ID="74187625" OBJECTID="174956410" OBJECTGUID="2bd2c810-3867-4fc2-8c66-f4e03e4aec1a" CHANGEID="689725614" NUMBER="11" OPERTYPEID="10" PREVID="0" NEXTID="0" UPDATEDATE="2025-09-30" STARTDATE="2025-09-30" ENDDATE="2079-06-06" ISACTUAL="1" ISACTIVE="1" /><STEAD ID="74187626" OBJECTID="174956411" OBJECTGUID="f7b9dae8-0d98-46cf-be3b-4bc6798847a8" CHANGEID="689725615" NUMBER="4" OPERTYPEID="10" PREVID="0" NEXTID="0" UPDATEDATE="2025-09-30" STARTDATE="2025-09-30" ENDDATE="2079-06-06" ISACTUAL="1" ISACTIVE="1" /><STEAD ID="74187627" OBJECTID="174956412" OBJECTGUID="11b487bc-5678-43ba-a604-af031bcffae2" CHANGEID="689725616" NUMBER="3" OPERTYPEID="10" PREVID="0" NEXTID="0" UPDATEDATE="2025-09-30" STARTDATE="2025-09-30" ENDDATE="2079-06-06" ISACTUAL="1" ISACTIVE="1" /><STEAD ID="74187628" OBJECTID="174956413" OBJECTGUID="4721f870-490b-4dfd-8c27-b2310923ba5c" CHANGEID="689725617" NUMBER="2" OPERTYPEID="10" PREVID="0" NEXTID="0" UPDATEDATE="2025-09-30" STARTDATE="2025-09-30" ENDDATE="2079-06-06" ISACTUAL="1" ISACTIVE="1" /><STEAD ID="74187629" OBJECTID="174956414" OBJECTGUID="ce8f3e4c-a762-4789-9ebc-01361bbe13b7" CHANGEID="689725618" NUMBER="1" OPERTYPEID="10" PREVID="0" NEXTID="0" UPDATEDATE="2025-09-30" STARTDATE="2025-09-30" ENDDATE="2079-06-06" ISACTUAL="1" ISACTIVE="1" /><STEAD ID="74188307" OBJECTID="174957835" OBJECTGUID="0c92979a-3894-4497-b6fb-8519c3eb79ed" CHANGEID="689729595" NUMBER="29/1" OPERTYPEID="10" PREVID="0" NEXTID="0" UPDATEDATE="2025-09-30" STARTDATE="2025-09-30" ENDDATE="2079-06-06" ISACTUAL="1" ISACTIVE="1" /><STEAD ID="74188308" OBJECTID="174957836" OBJECTGUID="d6781a19-fa0d-42c3-b9f8-2ca231144d34" CHANGEID="689729596" NUMBER="29" OPERTYPEID="10" PREVID="0" NEXTID="0" UPDATEDATE="2025-09-30" STARTDATE="2025-09-30" ENDDATE="2079-06-06" ISACTUAL="1" ISACTIVE="1" /><STEAD ID="74188441" OBJECTID="174957993" OBJECTGUID="4c428828-b5fc-4af4-abb4-8d2ebaf45e52" CHANGEID="689729991" NUMBER="2/2" OPERTYPEID="10" PREVID="0" NEXTID="0" UPDATEDATE="2025-09-30" STARTDATE="2025-09-30" ENDDATE="2079-06-06" ISACTUAL="1" ISACTIVE="1" /><STEAD ID="74188758" OBJECTID="174958513" OBJECTGUID="7410dab2-2d2f-4cd4-8835-a2c70a83d982" CHANGEID="689731819" NUMBER="4/1" OPERTYPEID="10" PREVID="0" NEXTID="0" UPDATEDATE="2025-09-30" STARTDATE="2025-09-30" ENDDATE="2079-06-06" ISACTUAL="1" ISACTIVE="1" /><STEAD ID="74188759" OBJECTID="174958514" OBJECTGUID="6bba6f0f-3c83-473e-b588-d62764c8b3e0" CHANGEID="689731820" NUMBER="4" OPERTYPEID="10" PREVID="0" NEXTID="0" UPDATEDATE="2025-09-30" STARTDATE="2025-09-30" ENDDATE="2079-06-06" ISACTUAL="1" ISACTIVE="1" /><STEAD ID="74188782" OBJECTID="174958546" OBJECTGUID="325bf527-0597-4e63-9cbb-fff3b73dd427" CHANGEID="689731900" NUMBER="1В" OPERTYPEID="10" PREVID="0" NEXTID="0" UPDATEDATE="2025-09-30" STARTDATE="2025-09-30" ENDDATE="2079-06-06" ISACTUAL="1" ISACTIVE="1" /><STEAD ID="74188794" OBJECTID="174958563" OBJECTGUID="ecd01399-e11d-4876-8c3f-197906cd5adb" CHANGEID="689731963" NUMBER="1Г" OPERTYPEID="10" PREVID="0" NEXTID="0" UPDATEDATE="2025-09-30" STARTDATE="2025-09-30" ENDDATE="2079-06-06" ISACTUAL="1" ISACTIVE="1" /><STEAD ID="74191977" OBJECTID="174963378" OBJECTGUID="81a201d9-bc9a-4960-8419-64f6c473840b" CHANGEID="689742405" NUMBER="26" OPERTYPEID="10" PREVID="0" NEXTID="0" UPDATEDATE="2025-09-30" STARTDATE="2025-09-30" ENDDATE="2079-06-06" ISACTUAL="1" ISACTIVE="1" /><STEAD ID="74192269" OBJECTID="174963742" OBJECTGUID="46ee7fe3-0d0d-4600-bb9c-d30301118a8d" CHANGEID="689742937" NUMBER="33" OPERTYPEID="10" PREVID="0" NEXTID="0" UPDATEDATE="2025-09-30" STARTDATE="2025-09-30" ENDDATE="2079-06-06" ISACTUAL="1" ISACTIVE="1" /><STEAD ID="74192343" OBJECTID="174963850" OBJECTGUID="79f3ef51-383b-4eef-979b-afbb10a972cd" CHANGEID="689743112" NUMBER="20" OPERTYPEID="10" PREVID="0" NEXTID="0" UPDATEDATE="2025-09-30" STARTDATE="2025-09-30" ENDDATE="2079-06-06" ISACTUAL="1" ISACTIVE="1" /><STEAD ID="74192312" OBJECTID="174963804" OBJECTGUID="7e612aad-4f74-41c4-9997-d47299de9034" CHANGEID="689743036" NUMBER="9А" OPERTYPEID="10" PREVID="0" NEXTID="0" UPDATEDATE="2025-09-30" STARTDATE="2025-09-30" ENDDATE="2079-06-06" ISACTUAL="1" ISACTIVE="1" /><STEAD ID="74193229" OBJECTID="174965567" OBJECTGUID="37f9ecc0-cae3-4450-a007-e77128c8b1a6" CHANGEID="689746488" NUMBER="1" OPERTYPEID="10" PREVID="0" NEXTID="0" UPDATEDATE="2025-09-30" STARTDATE="2025-09-30" ENDDATE="2079-06-06" ISACTUAL="1" ISACTIVE="1" /><STEAD ID="74193234" OBJECTID="174965588" OBJECTGUID="fee86a8c-d4f8-4316-a1a1-d46cb9e0ebdf" CHANGEID="689746550" NUMBER="49А" OPERTYPEID="10" PREVID="0" NEXTID="0" UPDATEDATE="2025-09-30" STARTDATE="2025-09-30" ENDDATE="2079-06-06" ISACTUAL="1" ISACTIVE="1" /><STEAD ID="74193424" OBJECTID="174965918" OBJECTGUID="d1b7298f-0a15-4605-8f36-09c8a137ac6d" CHANGEID="689747760" NUMBER="7" OPERTYPEID="10" PREVID="0" NEXTID="0" UPDATEDATE="2025-09-30" STARTDATE="2025-09-30" ENDDATE="2079-06-06" ISACTUAL="1" ISACTIVE="1" /><STEAD ID="74193461" OBJECTID="174965980" OBJECTGUID="dc6fc7ed-eb31-4b79-bcfa-57e30ab3b2eb" CHANGEID="689747992" NUMBER="5" OPERTYPEID="10" PREVID="0" NEXTID="0" UPDATEDATE="2025-09-30" STARTDATE="2025-09-30" ENDDATE="2079-06-06" ISACTUAL="1" ISACTIVE="1" /><STEAD ID="74193476" OBJECTID="174966014" OBJECTGUID="f2a90c75-cda8-40d6-b19e-57f3857638e8" CHANGEID="689748082" NUMBER="4" OPERTYPEID="10" PREVID="0" NEXTID="0" UPDATEDATE="2025-09-30" STARTDATE="2025-09-30" ENDDATE="2079-06-06" ISACTUAL="1" ISACTIVE="1" /><STEAD ID="74193485" OBJECTID="174966035" OBJECTGUID="8a82d264-7436-442f-ac8e-3f1a62d9f861" CHANGEID="689748163" NUMBER="7" OPERTYPEID="10" PREVID="0" NEXTID="0" UPDATEDATE="2025-09-30" STARTDATE="2025-09-30" ENDDATE="2079-06-06" ISACTUAL="1" ISACTIVE="1" /><STEAD ID="74193495" OBJECTID="174966077" OBJECTGUID="bca82d0e-6110-4e96-9ef2-384b124a84b0" CHANGEID="689748298" NUMBER="39" OPERTYPEID="10" PREVID="0" NEXTID="0" UPDATEDATE="2025-09-30" STARTDATE="2025-09-30" ENDDATE="2079-06-06" ISACTUAL="1" ISACTIVE="1" /><STEAD ID="74193710" OBJECTID="174966515" OBJECTGUID="e36b5c9f-ac9a-4147-a96a-0c3dcd98412a" CHANGEID="689749392" NUMBER="251" OPERTYPEID="10" PREVID="0" NEXTID="0" UPDATEDATE="2025-09-30" STARTDATE="2025-09-30" ENDDATE="2079-06-06" ISACTUAL="1" ISACTIVE="1" /><STEAD ID="11357508" OBJECTID="96353004" OBJECTGUID="e98b0be7-22d9-4dcd-a290-e6ce88c51c62" CHANGEID="145419250" NUMBER="82/1" OPERTYPEID="10" PREVID="0" NEXTID="74195261" UPDATEDATE="2025-09-30" STARTDATE="2020-04-15" ENDDATE="2025-09-30" ISACTUAL="0" ISACTIVE="0" /><STEAD ID="74195261" OBJECTID="96353004" OBJECTGUID="e98b0be7-22d9-4dcd-a290-e6ce88c51c62" CHANGEID="689754996" NUMBER="82А" OPERTYPEID="20" PREVID="11357508" UPDATEDATE="2025-09-30" STARTDATE="2025-09-30" ENDDATE="2079-06-06" ISACTUAL="1" ISACTIVE="1" /><STEAD ID="74195276" OBJECTID="174968673" OBJECTGUID="4e182486-154c-4d45-86f0-1220857a0b49" CHANGEID="689755034" NUMBER="90А" OPERTYPEID="10" PREVID="0" NEXTID="0" UPDATEDATE="2025-09-30" STARTDATE="2025-09-30" ENDDATE="2079-06-06" ISACTUAL="1" ISACTIVE="1" /><STEAD ID="74195285" OBJECTID="174968705" OBJECTGUID="0ffc8e3c-cbca-430f-bd0b-ff12a0dac6cb" CHANGEID="689755124" NUMBER="98" OPERTYPEID="10" PREVID="0" NEXTID="0" UPDATEDATE="2025-09-30" STARTDATE="2025-09-30" ENDDATE="2079-06-06" ISACTUAL="1" ISACTIVE="1" /><STEAD ID="66157538" OBJECTID="157610326" OBJECTGUID="76106be8-0f21-46a7-a3de-73cdd0b917e1" CHANGEID="489419294" NUMBER="2" OPERTYPEID="10" PREVID="0" NEXTID="74195330" UPDATEDATE="2025-09-30" STARTDATE="2022-12-22" ENDDATE="2025-09-30" ISACTUAL="0" ISACTIVE="0" /><STEAD ID="74195330" OBJECTID="157610326" OBJECTGUID="76106be8-0f21-46a7-a3de-73cdd0b917e1" CHANGEID="689755180" NUMBER="1Д" OPERTYPEID="20" PREVID="66157538" UPDATEDATE="2025-09-30" STARTDATE="2025-09-30" ENDDATE="2079-06-06" ISACTUAL="1" ISACTIVE="1" /><STEAD ID="74195725" OBJECTID="174969247" OBJECTGUID="de268eb8-873e-4abf-8631-e5a7fd5041e6" CHANGEID="689756052" NUMBER="7" OPERTYPEID="10" PREVID="0" NEXTID="0" UPDATEDATE="2025-09-30" STARTDATE="2025-09-30" ENDDATE="2079-06-06" ISACTUAL="1" ISACTIVE="1" /><STEAD ID="74195672" OBJECTID="174969177" OBJECTGUID="849ea531-6004-4eaa-9c74-b4997c3513c4" CHANGEID="689755939" NUMBER="6" OPERTYPEID="10" PREVID="0" NEXTID="0" UPDATEDATE="2025-09-30" STARTDATE="2025-09-30" ENDDATE="2079-06-06" ISACTUAL="1" ISACTIVE="1" /><STEAD ID="74207565" OBJECTID="86830462" OBJECTGUID="68f4cd59-19eb-4a55-b0da-5445876dfdc0" CHANGEID="689825675" NUMBER="94а" OPERTYPEID="30" PREVID="2286142" NEXTID="0" UPDATEDATE="2025-10-01" STARTDATE="2025-10-01" ENDDATE="2079-06-06" ISACTUAL="1" ISACTIVE="0" /><STEAD ID="2286142" OBJECTID="86830462" OBJECTGUID="68f4cd59-19eb-4a55-b0da-5445876dfdc0" CHANGEID="128736444" NUMBER="94а" OPERTYPEID="10" NEXTID="74207565" UPDATEDATE="2025-10-01" STARTDATE="2015-11-02" ENDDATE="2025-10-01" ISACTUAL="0" ISACTIVE="0" /><STEAD ID="74207566" OBJECTID="86831054" OBJECTGUID="27b8b7a6-d29b-4e17-b909-ce635aaac0e4" CHANGEID="689825676" NUMBER="95а" OPERTYPEID="30" PREVID="2286737" NEXTID="0" UPDATEDATE="2025-10-01" STARTDATE="2025-10-01" ENDDATE="2079-06-06" ISACTUAL="1" ISACTIVE="0" /><STEAD ID="2286737" OBJECTID="86831054" OBJECTGUID="27b8b7a6-d29b-4e17-b909-ce635aaac0e4" CHANGEID="128737178" NUMBER="95а" OPERTYPEID="10" NEXTID="74207566" UPDATEDATE="2025-10-01" STARTDATE="2015-11-02" ENDDATE="2025-10-01" ISACTUAL="0" ISACTIVE="0" /><STEAD ID="74207567" OBJECTID="88721705" OBJECTGUID="c8179a21-6a4d-4803-9915-c4aaca928ef3" CHANGEID="689825677" NUMBER="29" OPERTYPEID="30" PREVID="4183551" NEXTID="0" UPDATEDATE="2025-10-01" STARTDATE="2025-10-01" ENDDATE="2079-06-06" ISACTUAL="1" ISACTIVE="0" /><STEAD ID="74207568" OBJECTID="88768119" OBJECTGUID="3dc32afc-a95d-4a11-86e8-170385757e31" CHANGEID="689825678" NUMBER="4" OPERTYPEID="30" PREVID="4230084" NEXTID="0" UPDATEDATE="2025-10-01" STARTDATE="2025-10-01" ENDDATE="2079-06-06" ISACTUAL="1" ISACTIVE="0" /><STEAD ID="4230084" OBJECTID="88768119" OBJECTGUID="3dc32afc-a95d-4a11-86e8-170385757e31" CHANGEID="131135693" NUMBER="4" OPERTYPEID="10" NEXTID="74207568" UPDATEDATE="2025-10-01" STARTDATE="2015-11-02" ENDDATE="2025-10-01" ISACTUAL="0" ISACTIVE="0" /><STEAD ID="74207569" OBJECTID="88768222" OBJECTGUID="2da854bc-8b7d-4ef8-a902-f44e14827153" CHANGEID="689825679" NUMBER="5" OPERTYPEID="30" PREVID="4230189" NEXTID="0" UPDATEDATE="2025-10-01" STARTDATE="2025-10-01" ENDDATE="2079-06-06" ISACTUAL="1" ISACTIVE="0" /></STEADS>