﻿<?xml version="1.0" encoding="utf-8"?><APARTMENTS><APARTMENT ID="30057970" OBJECTID="50750554" OBJECTGUID="5491c351-ef35-40f2-abc7-1ad25a563dd4" CHANGEID="76135212" NUMBER="1" APARTTYPE="2" OPERTYPEID="10" PREVID="0" NEXTID="111811298" UPDATEDATE="2025-09-30" STARTDATE="2017-04-18" ENDDATE="2025-09-30" ISACTUAL="0" ISACTIVE="0" /><APARTMENT ID="30058091" OBJECTID="50750694" OBJECTGUID="f853f4d9-735e-4f8f-9f77-1276b3260739" CHANGEID="76135430" NUMBER="2" APARTTYPE="2" OPERTYPEID="10" PREVID="0" NEXTID="111811299" UPDATEDATE="2025-09-30" STARTDATE="2017-04-18" ENDDATE="2025-09-30" ISACTUAL="0" ISACTIVE="0" /><APARTMENT ID="111800567" OBJECTID="174930574" OBJECTGUID="fd5424c6-973f-4e99-a943-a20115c8c254" CHANGEID="689669879" NUMBER="1" APARTTYPE="2" OPERTYPEID="10" PREVID="0" NEXTID="0" UPDATEDATE="2025-09-29" STARTDATE="2025-09-29" ENDDATE="2079-06-06" ISACTUAL="1" ISACTIVE="1" /><APARTMENT ID="111800574" OBJECTID="174930638" OBJECTGUID="8c9a4ed0-30e4-4abb-b6a3-db5e76f54d5d" CHANGEID="689669980" NUMBER="2" APARTTYPE="2" OPERTYPEID="10" PREVID="0" NEXTID="0" UPDATEDATE="2025-09-29" STARTDATE="2025-09-29" ENDDATE="2079-06-06" ISACTUAL="1" ISACTIVE="1" /><APARTMENT ID="111801185" OBJECTID="174932245" OBJECTGUID="0a1269db-8b11-4aeb-a270-5ea5dad00d36" CHANGEID="689672919" NUMBER="1" APARTTYPE="2" OPERTYPEID="10" PREVID="0" NEXTID="0" UPDATEDATE="2025-09-29" STARTDATE="2025-09-29" ENDDATE="2079-06-06" ISACTUAL="1" ISACTIVE="1" /><APARTMENT ID="111801498" OBJECTID="174933249" OBJECTGUID="fa821267-f215-4f3a-8ad3-5741bebcc659" CHANGEID="689674580" NUMBER="2" APARTTYPE="2" OPERTYPEID="10" PREVID="0" NEXTID="0" UPDATEDATE="2025-09-29" STARTDATE="2025-09-29" ENDDATE="2079-06-06" ISACTUAL="1" ISACTIVE="1" /><APARTMENT ID="111803723" OBJECTID="174939330" OBJECTGUID="7b772557-bebd-4739-a8f1-0044d6e58f9d" CHANGEID="689688372" NUMBER="1" APARTTYPE="2" OPERTYPEID="10" PREVID="0" NEXTID="0" UPDATEDATE="2025-09-29" STARTDATE="2025-09-29" ENDDATE="2079-06-06" ISACTUAL="1" ISACTIVE="1" /><APARTMENT ID="111804734" OBJECTID="7734419" OBJECTGUID="548698f6-918d-45c2-953e-9729d641d0df" CHANGEID="689697379" NUMBER="2" APARTTYPE="2" OPERTYPEID="30" PREVID="3829463" NEXTID="0" UPDATEDATE="2025-09-29" STARTDATE="2025-09-29" ENDDATE="2079-06-06" ISACTUAL="1" ISACTIVE="0" /><APARTMENT ID="3829463" OBJECTID="7734419" OBJECTGUID="548698f6-918d-45c2-953e-9729d641d0df" CHANGEID="13204389" NUMBER="2" APARTTYPE="2" OPERTYPEID="10" PREVID="0" NEXTID="111804734" UPDATEDATE="2025-09-29" STARTDATE="2017-04-06" ENDDATE="2025-09-29" ISACTUAL="0" ISACTIVE="0" /><APARTMENT ID="111810938" OBJECTID="174969263" OBJECTGUID="db61758b-c087-44f7-ab62-6dc27623a15e" CHANGEID="689756083" NUMBER="Н82" APARTTYPE="1" OPERTYPEID="10" PREVID="0" NEXTID="0" UPDATEDATE="2025-09-30" STARTDATE="2025-09-30" ENDDATE="2079-06-06" ISACTUAL="1" ISACTIVE="1" /><APARTMENT ID="111811298" OBJECTID="50750554" OBJECTGUID="5491c351-ef35-40f2-abc7-1ad25a563dd4" CHANGEID="689758316" NUMBER="1" APARTTYPE="2" OPERTYPEID="30" PREVID="30057970" NEXTID="0" UPDATEDATE="2025-09-30" STARTDATE="2025-09-30" ENDDATE="2079-06-06" ISACTUAL="1" ISACTIVE="0" /><APARTMENT ID="111811299" OBJECTID="50750694" OBJECTGUID="f853f4d9-735e-4f8f-9f77-1276b3260739" CHANGEID="689758317" NUMBER="2" APARTTYPE="2" OPERTYPEID="30" PREVID="30058091" NEXTID="0" UPDATEDATE="2025-09-30" STARTDATE="2025-09-30" ENDDATE="2079-06-06" ISACTUAL="1" ISACTIVE="0" /><APARTMENT ID="111816271" OBJECTID="47938293" OBJECTGUID="c30becf0-9249-40b6-a83e-117306858f3d" CHANGEID="689806454" NUMBER="37" APARTTYPE="1" OPERTYPEID="20" PREVID="28324425" UPDATEDATE="2025-10-01" STARTDATE="2025-10-01" ENDDATE="2079-06-06" ISACTUAL="1" ISACTIVE="1" /><APARTMENT ID="28324425" OBJECTID="47938293" OBJECTGUID="c30becf0-9249-40b6-a83e-117306858f3d" CHANGEID="72062992" NUMBER="37" APARTTYPE="2" OPERTYPEID="10" PREVID="0" NEXTID="111816271" UPDATEDATE="2025-10-01" STARTDATE="2017-04-06" ENDDATE="2025-10-01" ISACTUAL="0" ISACTIVE="0" /><APARTMENT ID="111816366" OBJECTID="58436529" OBJECTGUID="12a9816d-32f2-4a86-a64e-c259e42309c0" CHANGEID="689808209" NUMBER="1" APARTTYPE="2" OPERTYPEID="30" PREVID="34791298" NEXTID="0" UPDATEDATE="2025-10-01" STARTDATE="2025-10-01" ENDDATE="2079-06-06" ISACTUAL="1" ISACTIVE="0" /><APARTMENT ID="34791298" OBJECTID="58436529" OBJECTGUID="12a9816d-32f2-4a86-a64e-c259e42309c0" CHANGEID="87336976" NUMBER="1" APARTTYPE="2" OPERTYPEID="10" PREVID="0" NEXTID="111816366" UPDATEDATE="2025-10-01" STARTDATE="2019-06-20" ENDDATE="2025-10-01" ISACTUAL="0" ISACTIVE="0" /></APARTMENTS>