﻿<?xml version="1.0" encoding="utf-8"?><HOUSES><HOUSE ID="54757174" OBJECTID="47946590" OBJECTGUID="2fab0211-9a68-417a-b88d-baaae630396c" CHANGEID="72074029" HOUSENUM="15" HOUSETYPE="2" OPERTYPEID="20" PREVID="28652470" NEXTID="129182889" UPDATEDATE="2025-09-30" STARTDATE="2014-01-04" ENDDATE="2025-09-30" ISACTUAL="0" ISACTIVE="0" /><HOUSE ID="56244219" OBJECTID="55053797" OBJECTGUID="44a72c1e-6b50-45bd-9f55-db994fc30172" CHANGEID="82344587" HOUSENUM="40" HOUSETYPE="2" OPERTYPEID="20" PREVID="32879929" NEXTID="129166815" UPDATEDATE="2025-09-29" STARTDATE="2014-01-04" ENDDATE="2025-09-29" ISACTUAL="0" ISACTIVE="0" /><HOUSE ID="56366689" OBJECTID="47895711" OBJECTGUID="46660237-45aa-499c-af17-5f28684f7757" CHANGEID="72004062" HOUSENUM="74" HOUSETYPE="2" OPERTYPEID="20" PREVID="28626639" NEXTID="129182888" UPDATEDATE="2025-09-30" STARTDATE="2014-01-04" ENDDATE="2025-09-30" ISACTUAL="0" ISACTIVE="0" /><HOUSE ID="56453878" OBJECTID="50686855" OBJECTGUID="479ce14d-4cde-4ef9-ac45-5e7f7604c8de" CHANGEID="76047494" HOUSENUM="14" HOUSETYPE="2" OPERTYPEID="20" PREVID="30303989" NEXTID="129175000" UPDATEDATE="2025-09-29" STARTDATE="2014-01-04" ENDDATE="2025-09-29" ISACTUAL="0" ISACTIVE="0" /><HOUSE ID="58412135" OBJECTID="77052265" OBJECTGUID="63408fab-b0b4-4008-bf93-a967624234a0" CHANGEID="114610121" HOUSENUM="23" HOUSETYPE="2" OPERTYPEID="20" PREVID="46574711" NEXTID="129182828" UPDATEDATE="2025-09-30" STARTDATE="2014-01-04" ENDDATE="2025-09-30" ISACTUAL="0" ISACTIVE="0" /><HOUSE ID="58728877" OBJECTID="66775586" OBJECTGUID="67b7af99-0f82-419c-ac16-42dfe7ecce93" CHANGEID="99587089" HOUSENUM="12" HOUSETYPE="2" OPERTYPEID="20" PREVID="40222403" NEXTID="129167924" UPDATEDATE="2025-09-29" STARTDATE="2014-01-04" ENDDATE="2025-09-29" ISACTUAL="0" ISACTIVE="0" /><HOUSE ID="59642632" OBJECTID="52836679" OBJECTGUID="749f5df1-6fd9-4af5-a78f-2ee6e306e491" CHANGEID="79131990" HOUSENUM="5" HOUSETYPE="2" OPERTYPEID="20" PREVID="31558815" NEXTID="129182801" UPDATEDATE="2025-09-30" STARTDATE="2014-01-04" ENDDATE="2025-09-30" ISACTUAL="0" ISACTIVE="0" /><HOUSE ID="59955420" OBJECTID="5751620" OBJECTGUID="79071010-cb5d-4133-a2a9-0148c9c87271" CHANGEID="10304832" HOUSENUM="2" HOUSETYPE="2" OPERTYPEID="20" PREVID="2603302" NEXTID="129182819" UPDATEDATE="2025-09-30" STARTDATE="2014-01-04" ENDDATE="2025-09-30" ISACTUAL="0" ISACTIVE="0" /><HOUSE ID="63157658" OBJECTID="73236818" OBJECTGUID="a63bb584-187d-4260-bcbc-e0e89bab2d75" CHANGEID="109043886" HOUSENUM="43" HOUSETYPE="2" OPERTYPEID="20" PREVID="44222419" NEXTID="129189494" UPDATEDATE="2025-10-01" STARTDATE="2014-01-04" ENDDATE="2025-10-01" ISACTUAL="0" ISACTIVE="0" /><HOUSE ID="64956933" OBJECTID="49786778" OBJECTGUID="bf9e6ea8-e16b-44aa-a3ff-75124020d323" CHANGEID="74755055" HOUSENUM="4" HOUSETYPE="2" OPERTYPEID="20" PREVID="29776774" NEXTID="129182838" UPDATEDATE="2025-09-30" STARTDATE="2014-01-04" ENDDATE="2025-09-30" ISACTUAL="0" ISACTIVE="0" /><HOUSE ID="65084354" OBJECTID="47947773" OBJECTGUID="c16bcce6-98f2-4d77-9cb5-cb2de46d7902" CHANGEID="72076291" HOUSENUM="136" HOUSETYPE="2" OPERTYPEID="20" PREVID="28653511" NEXTID="129182890" UPDATEDATE="2025-09-30" STARTDATE="2014-01-04" ENDDATE="2025-09-30" ISACTUAL="0" ISACTIVE="0" /><HOUSE ID="65762399" OBJECTID="76565760" OBJECTGUID="cafd72aa-d055-4e45-ad62-cab9a88f9256" CHANGEID="113895337" HOUSENUM="2" HOUSETYPE="2" OPERTYPEID="20" PREVID="46267112" NEXTID="129166818" UPDATEDATE="2025-09-29" STARTDATE="2014-01-04" ENDDATE="2025-09-29" ISACTUAL="0" ISACTIVE="0" /><HOUSE ID="66640031" OBJECTID="52840285" OBJECTGUID="d764fe8e-2fe1-4870-97ab-d755ca349944" CHANGEID="79137586" HOUSENUM="6" HOUSETYPE="2" OPERTYPEID="20" PREVID="31561319" NEXTID="129182800" UPDATEDATE="2025-09-30" STARTDATE="2014-01-04" ENDDATE="2025-09-30" ISACTUAL="0" ISACTIVE="0" /><HOUSE ID="66860035" OBJECTID="11941727" OBJECTGUID="da803f39-fff6-4d95-8432-f13c53181daf" CHANGEID="19348419" HOUSENUM="8" HOUSETYPE="2" OPERTYPEID="20" PREVID="6410227" NEXTID="129175010" UPDATEDATE="2025-09-29" STARTDATE="2014-01-04" ENDDATE="2025-09-29" ISACTUAL="0" ISACTIVE="0" /><HOUSE ID="63210109" OBJECTID="52837355" OBJECTGUID="a6f9afd7-08f6-47cc-a48b-370f4141773b" CHANGEID="79132546" HOUSENUM="8" HOUSETYPE="2" OPERTYPEID="20" PREVID="31559201" NEXTID="129182802" UPDATEDATE="2025-09-30" STARTDATE="2014-01-04" ENDDATE="2025-09-30" ISACTUAL="0" ISACTIVE="0" /><HOUSE ID="69887046" OBJECTID="97622564" OBJECTGUID="d21b87b2-aaa0-488d-9a7f-c3233d8a502a" CHANGEID="153802722" HOUSENUM="101" HOUSETYPE="5" OPERTYPEID="10" PREVID="0" NEXTID="129190112" UPDATEDATE="2025-10-01" STARTDATE="2020-07-22" ENDDATE="2025-10-01" ISACTUAL="0" ISACTIVE="0" /><HOUSE ID="69887251" OBJECTID="97623332" OBJECTGUID="3279479a-27a9-4ad9-a0fc-3bf480b6073c" CHANGEID="153821122" HOUSENUM="13А" HOUSETYPE="8" OPERTYPEID="10" PREVID="0" NEXTID="129190125" UPDATEDATE="2025-10-01" STARTDATE="2020-07-22" ENDDATE="2025-10-01" ISACTUAL="0" ISACTIVE="0" /><HOUSE ID="17888091" OBJECTID="30178329" OBJECTGUID="f9d484ea-e9be-4856-9194-5f90dba18256" CHANGEID="46233435" HOUSENUM="24А" HOUSETYPE="5" OPERTYPEID="10" PREVID="0" NEXTID="129177927" UPDATEDATE="2025-09-30" STARTDATE="2019-09-02" ENDDATE="2025-09-30" ISACTUAL="0" ISACTIVE="0" /><HOUSE ID="30304983" OBJECTID="50688731" OBJECTGUID="97c6b7b7-0194-4db2-bfbd-861fd0f15249" CHANGEID="76049948" HOUSENUM="2" HOUSETYPE="8" OPERTYPEID="10" PREVID="0" NEXTID="129181358" UPDATEDATE="2025-09-30" STARTDATE="1900-01-01" ENDDATE="2025-09-30" ISACTUAL="0" ISACTIVE="0" /><HOUSE ID="51833701" OBJECTID="6993064" OBJECTGUID="06638d0f-8e31-43ee-8c78-9c73d80db3c9" CHANGEID="12109196" HOUSENUM="11" HOUSETYPE="2" OPERTYPEID="20" PREVID="3362377" NEXTID="129182718" UPDATEDATE="2025-09-30" STARTDATE="2014-01-04" ENDDATE="2025-09-30" ISACTUAL="0" ISACTIVE="0" /><HOUSE ID="52077746" OBJECTID="72551085" OBJECTGUID="09cfde03-80ec-4ba5-b91d-744dc9037dc2" CHANGEID="108037942" HOUSENUM="180" HOUSETYPE="2" OPERTYPEID="20" PREVID="43785773" NEXTID="129174269" UPDATEDATE="2025-09-29" STARTDATE="2017-01-02" ENDDATE="2025-09-29" ISACTUAL="0" ISACTIVE="0" /><HOUSE ID="54407263" OBJECTID="55040896" OBJECTGUID="2ab8dca8-9746-4999-b48f-a37b28d1328e" CHANGEID="82326402" HOUSENUM="23" HOUSETYPE="2" OPERTYPEID="20" PREVID="32872825" NEXTID="129166814" UPDATEDATE="2025-09-29" STARTDATE="2014-01-04" ENDDATE="2025-09-29" ISACTUAL="0" ISACTIVE="0" /><HOUSE ID="126413883" OBJECTID="164134911" OBJECTGUID="c0d5a72c-8d96-4809-9fe0-e4b4c83738f7" CHANGEID="597805342" HOUSENUM="301" HOUSETYPE="2" OPERTYPEID="10" PREVID="0" NEXTID="129174111" UPDATEDATE="2025-09-29" STARTDATE="2024-07-04" ENDDATE="2025-09-29" ISACTUAL="0" ISACTIVE="0" /><HOUSE ID="128182185" OBJECTID="171502368" OBJECTGUID="2181f5c7-1894-4d3a-af7b-f4cb5901ea2f" CHANGEID="643968929" HOUSENUM="101" HOUSETYPE="2" OPERTYPEID="10" PREVID="0" NEXTID="129191416" UPDATEDATE="2025-10-01" STARTDATE="2025-04-07" ENDDATE="2025-10-01" ISACTUAL="0" ISACTIVE="0" /><HOUSE ID="129151614" OBJECTID="174867514" OBJECTGUID="a8ecfd45-04e2-4770-b43f-b57bf86b8894" CHANGEID="689536467" HOUSENUM="381" HOUSETYPE="5" OPERTYPEID="10" PREVID="0" NEXTID="129182095" UPDATEDATE="2025-09-30" STARTDATE="2025-09-25" ENDDATE="2025-09-30" ISACTUAL="0" ISACTIVE="0" /><HOUSE ID="129166677" OBJECTID="174918024" OBJECTGUID="a9944eb8-3d39-4406-b96a-a4189c4b20a9" CHANGEID="689642937" HOUSENUM="3" HOUSETYPE="4" OPERTYPEID="10" PREVID="0" NEXTID="0" UPDATEDATE="2025-09-29" STARTDATE="2025-09-29" ENDDATE="2079-06-06" ISACTUAL="1" ISACTIVE="1" /><HOUSE ID="129166678" OBJECTID="174918025" OBJECTGUID="ff35acd2-c692-42aa-a259-466d7c580332" CHANGEID="689642938" HOUSENUM="5" HOUSETYPE="4" OPERTYPEID="10" PREVID="0" NEXTID="0" UPDATEDATE="2025-09-29" STARTDATE="2025-09-29" ENDDATE="2079-06-06" ISACTUAL="1" ISACTIVE="1" /><HOUSE ID="129166679" OBJECTID="174918026" OBJECTGUID="e51c5aa2-9422-4198-9e4d-7d872c588b4a" CHANGEID="689642939" HOUSENUM="16" HOUSETYPE="4" OPERTYPEID="10" PREVID="0" NEXTID="0" UPDATEDATE="2025-09-29" STARTDATE="2025-09-29" ENDDATE="2079-06-06" ISACTUAL="1" ISACTIVE="1" /><HOUSE ID="129166680" OBJECTID="174918027" OBJECTGUID="90dbf94d-b762-4a2b-b40e-f4161d44b769" CHANGEID="689642940" HOUSENUM="18" HOUSETYPE="4" OPERTYPEID="10" PREVID="0" NEXTID="0" UPDATEDATE="2025-09-29" STARTDATE="2025-09-29" ENDDATE="2079-06-06" ISACTUAL="1" ISACTIVE="1" /><HOUSE ID="129166681" OBJECTID="174918028" OBJECTGUID="8bb9e6b9-5f4f-4c26-9c97-d559262de253" CHANGEID="689642941" HOUSENUM="22" HOUSETYPE="4" OPERTYPEID="10" PREVID="0" NEXTID="0" UPDATEDATE="2025-09-29" STARTDATE="2025-09-29" ENDDATE="2079-06-06" ISACTUAL="1" ISACTIVE="1" /><HOUSE ID="129166682" OBJECTID="174918029" OBJECTGUID="7e684c92-bd46-47ba-a2b2-3e37e630be84" CHANGEID="689642942" HOUSENUM="23" HOUSETYPE="4" OPERTYPEID="10" PREVID="0" NEXTID="0" UPDATEDATE="2025-09-29" STARTDATE="2025-09-29" ENDDATE="2079-06-06" ISACTUAL="1" ISACTIVE="1" /><HOUSE ID="129166683" OBJECTID="174918030" OBJECTGUID="e276064b-ffd0-4dbf-855d-e94733ad0b59" CHANGEID="689642943" HOUSENUM="31" HOUSETYPE="4" OPERTYPEID="10" PREVID="0" NEXTID="0" UPDATEDATE="2025-09-29" STARTDATE="2025-09-29" ENDDATE="2079-06-06" ISACTUAL="1" ISACTIVE="1" /><HOUSE ID="129166684" OBJECTID="174918031" OBJECTGUID="2d4f5525-d268-4d5c-abbc-e18177f74e53" CHANGEID="689642944" HOUSENUM="36" HOUSETYPE="4" OPERTYPEID="10" PREVID="0" NEXTID="0" UPDATEDATE="2025-09-29" STARTDATE="2025-09-29" ENDDATE="2079-06-06" ISACTUAL="1" ISACTIVE="1" /><HOUSE ID="129166685" OBJECTID="174918032" OBJECTGUID="43e462a2-7f20-4a54-b54c-b90213822246" CHANGEID="689642945" HOUSENUM="39" HOUSETYPE="4" OPERTYPEID="10" PREVID="0" NEXTID="0" UPDATEDATE="2025-09-29" STARTDATE="2025-09-29" ENDDATE="2079-06-06" ISACTUAL="1" ISACTIVE="1" /><HOUSE ID="129166686" OBJECTID="174918033" OBJECTGUID="1514c261-c154-410b-9344-0057b2bc954c" CHANGEID="689642946" HOUSENUM="43" HOUSETYPE="4" OPERTYPEID="10" PREVID="0" NEXTID="0" UPDATEDATE="2025-09-29" STARTDATE="2025-09-29" ENDDATE="2079-06-06" ISACTUAL="1" ISACTIVE="1" /><HOUSE ID="129166687" OBJECTID="174918034" OBJECTGUID="b10a4fb9-1df2-44d8-ac16-362af5e21019" CHANGEID="689642947" HOUSENUM="45" HOUSETYPE="4" OPERTYPEID="10" PREVID="0" NEXTID="0" UPDATEDATE="2025-09-29" STARTDATE="2025-09-29" ENDDATE="2079-06-06" ISACTUAL="1" ISACTIVE="1" /><HOUSE ID="129166688" OBJECTID="174918035" OBJECTGUID="f1c09a0e-f0c7-4f5d-92f3-1be07dc55d82" CHANGEID="689642948" HOUSENUM="47" HOUSETYPE="4" OPERTYPEID="10" PREVID="0" NEXTID="0" UPDATEDATE="2025-09-29" STARTDATE="2025-09-29" ENDDATE="2079-06-06" ISACTUAL="1" ISACTIVE="1" /><HOUSE ID="129166689" OBJECTID="174918036" OBJECTGUID="7917bd9d-14cc-4d11-ade6-0dfbf3da6dd1" CHANGEID="689642949" HOUSENUM="51" HOUSETYPE="4" OPERTYPEID="10" PREVID="0" NEXTID="0" UPDATEDATE="2025-09-29" STARTDATE="2025-09-29" ENDDATE="2079-06-06" ISACTUAL="1" ISACTIVE="1" /><HOUSE ID="129166690" OBJECTID="174918037" OBJECTGUID="80dcaeb1-a8aa-468a-a50e-d5b010809709" CHANGEID="689642950" HOUSENUM="52" HOUSETYPE="4" OPERTYPEID="10" PREVID="0" NEXTID="0" UPDATEDATE="2025-09-29" STARTDATE="2025-09-29" ENDDATE="2079-06-06" ISACTUAL="1" ISACTIVE="1" /><HOUSE ID="129166691" OBJECTID="174918038" OBJECTGUID="84a28c87-6436-4786-9dbe-27a4f3be436c" CHANGEID="689642951" HOUSENUM="63" HOUSETYPE="4" OPERTYPEID="10" PREVID="0" NEXTID="0" UPDATEDATE="2025-09-29" STARTDATE="2025-09-29" ENDDATE="2079-06-06" ISACTUAL="1" ISACTIVE="1" /><HOUSE ID="129166692" OBJECTID="174918039" OBJECTGUID="7e906084-7540-4cbf-87d2-8c0fb4d8bd51" CHANGEID="689642952" HOUSENUM="76" HOUSETYPE="4" OPERTYPEID="10" PREVID="0" NEXTID="0" UPDATEDATE="2025-09-29" STARTDATE="2025-09-29" ENDDATE="2079-06-06" ISACTUAL="1" ISACTIVE="1" /><HOUSE ID="129166693" OBJECTID="174918040" OBJECTGUID="aa9d78fc-eaed-4432-9554-97484f1a46ce" CHANGEID="689642953" HOUSENUM="79" HOUSETYPE="4" OPERTYPEID="10" PREVID="0" NEXTID="0" UPDATEDATE="2025-09-29" STARTDATE="2025-09-29" ENDDATE="2079-06-06" ISACTUAL="1" ISACTIVE="1" /><HOUSE ID="129166694" OBJECTID="174918041" OBJECTGUID="fa3c5d9c-dc51-4022-b41d-d0d956764808" CHANGEID="689642954" HOUSENUM="80" HOUSETYPE="4" OPERTYPEID="10" PREVID="0" NEXTID="0" UPDATEDATE="2025-09-29" STARTDATE="2025-09-29" ENDDATE="2079-06-06" ISACTUAL="1" ISACTIVE="1" /><HOUSE ID="129166695" OBJECTID="174918042" OBJECTGUID="cbb5c158-ea18-4708-a9ea-d59c5c205aea" CHANGEID="689642955" HOUSENUM="81" HOUSETYPE="4" OPERTYPEID="10" PREVID="0" NEXTID="0" UPDATEDATE="2025-09-29" STARTDATE="2025-09-29" ENDDATE="2079-06-06" ISACTUAL="1" ISACTIVE="1" /><HOUSE ID="129166696" OBJECTID="174918043" OBJECTGUID="7614d6df-ab49-410e-8436-52062e7b3cbc" CHANGEID="689642956" HOUSENUM="84" HOUSETYPE="4" OPERTYPEID="10" PREVID="0" NEXTID="0" UPDATEDATE="2025-09-29" STARTDATE="2025-09-29" ENDDATE="2079-06-06" ISACTUAL="1" ISACTIVE="1" /><HOUSE ID="129166697" OBJECTID="174918044" OBJECTGUID="e2b7abd7-24a7-4414-8673-d208f5dee16e" CHANGEID="689642957" HOUSENUM="86" HOUSETYPE="4" OPERTYPEID="10" PREVID="0" NEXTID="0" UPDATEDATE="2025-09-29" STARTDATE="2025-09-29" ENDDATE="2079-06-06" ISACTUAL="1" ISACTIVE="1" /><HOUSE ID="129166698" OBJECTID="174918045" OBJECTGUID="304b9b69-0742-40b0-a0d3-cc7d34cd2a3d" CHANGEID="689642958" HOUSENUM="89" HOUSETYPE="4" OPERTYPEID="10" PREVID="0" NEXTID="0" UPDATEDATE="2025-09-29" STARTDATE="2025-09-29" ENDDATE="2079-06-06" ISACTUAL="1" ISACTIVE="1" /><HOUSE ID="129166699" OBJECTID="174918046" OBJECTGUID="cefcebbe-c60e-4a6a-99b0-0175ae1ff60a" CHANGEID="689642959" HOUSENUM="91" HOUSETYPE="4" OPERTYPEID="10" PREVID="0" NEXTID="0" UPDATEDATE="2025-09-29" STARTDATE="2025-09-29" ENDDATE="2079-06-06" ISACTUAL="1" ISACTIVE="1" /><HOUSE ID="129166700" OBJECTID="174918047" OBJECTGUID="027e913c-2394-40d3-85c7-2a1f47c17c70" CHANGEID="689642960" HOUSENUM="99" HOUSETYPE="4" OPERTYPEID="10" PREVID="0" NEXTID="0" UPDATEDATE="2025-09-29" STARTDATE="2025-09-29" ENDDATE="2079-06-06" ISACTUAL="1" ISACTIVE="1" /><HOUSE ID="129166701" OBJECTID="174918048" OBJECTGUID="786d9b2e-0979-4590-a30c-51ba2a2b14b4" CHANGEID="689642961" HOUSENUM="1" HOUSETYPE="4" OPERTYPEID="10" PREVID="0" NEXTID="0" UPDATEDATE="2025-09-29" STARTDATE="2025-09-29" ENDDATE="2079-06-06" ISACTUAL="1" ISACTIVE="1" /><HOUSE ID="129166817" OBJECTID="60512162" OBJECTGUID="274c2934-5e4f-4462-90a6-8ff97c9cdaf9" CHANGEID="689643875" HOUSENUM="31а" HOUSETYPE="2" OPERTYPEID="30" PREVID="36235069" NEXTID="0" UPDATEDATE="2025-09-29" STARTDATE="2025-09-29" ENDDATE="2079-06-06" ISACTUAL="1" ISACTIVE="0" /><HOUSE ID="36235069" OBJECTID="60512162" OBJECTGUID="274c2934-5e4f-4462-90a6-8ff97c9cdaf9" CHANGEID="90335143" HOUSENUM="31а" HOUSETYPE="2" OPERTYPEID="10" PREVID="0" NEXTID="129166817" UPDATEDATE="2025-09-29" STARTDATE="2019-07-15" ENDDATE="2025-09-29" ISACTUAL="0" ISACTIVE="0" /><HOUSE ID="129166818" OBJECTID="76565760" OBJECTGUID="cafd72aa-d055-4e45-ad62-cab9a88f9256" CHANGEID="689643877" HOUSENUM="2" HOUSETYPE="2" OPERTYPEID="30" PREVID="65762399" NEXTID="0" UPDATEDATE="2025-09-29" STARTDATE="2025-09-29" ENDDATE="2079-06-06" ISACTUAL="1" ISACTIVE="0" /><HOUSE ID="129166819" OBJECTID="76570174" OBJECTGUID="d78e6472-1102-4c54-aba1-08cef92e2d86" CHANGEID="689643878" HOUSENUM="4а" ADDNUM1="1" HOUSETYPE="2" ADDTYPE1="2" OPERTYPEID="30" PREVID="46270215" NEXTID="0" UPDATEDATE="2025-09-29" STARTDATE="2025-09-29" ENDDATE="2079-06-06" ISACTUAL="1" ISACTIVE="0" /><HOUSE ID="46270215" OBJECTID="76570174" OBJECTGUID="d78e6472-1102-4c54-aba1-08cef92e2d86" CHANGEID="113901636" HOUSENUM="4а" ADDNUM1="1" HOUSETYPE="2" ADDTYPE1="2" OPERTYPEID="10" PREVID="0" NEXTID="129166819" UPDATEDATE="2025-09-29" STARTDATE="2015-02-18" ENDDATE="2025-09-29" ISACTUAL="0" ISACTIVE="0" /><HOUSE ID="129166812" OBJECTID="55015607" OBJECTGUID="a70e3db1-bc0c-46af-ae7e-4d7ea330d429" CHANGEID="689643868" HOUSENUM="39" HOUSETYPE="2" OPERTYPEID="30" PREVID="63216446" NEXTID="0" UPDATEDATE="2025-09-29" STARTDATE="2025-09-29" ENDDATE="2079-06-06" ISACTUAL="1" ISACTIVE="0" /><HOUSE ID="63216446" OBJECTID="55015607" OBJECTGUID="a70e3db1-bc0c-46af-ae7e-4d7ea330d429" CHANGEID="82289214" HOUSENUM="39" HOUSETYPE="2" OPERTYPEID="20" PREVID="32856105" NEXTID="129166812" UPDATEDATE="2025-09-29" STARTDATE="2014-01-04" ENDDATE="2025-09-29" ISACTUAL="0" ISACTIVE="0" /><HOUSE ID="129166813" OBJECTID="55032501" OBJECTGUID="10f3841d-a32c-4c4a-8ee5-9b7a3dc56f58" CHANGEID="689643869" HOUSENUM="32" HOUSETYPE="2" OPERTYPEID="30" PREVID="52582082" NEXTID="0" UPDATEDATE="2025-09-29" STARTDATE="2025-09-29" ENDDATE="2079-06-06" ISACTUAL="1" ISACTIVE="0" /><HOUSE ID="52582082" OBJECTID="55032501" OBJECTGUID="10f3841d-a32c-4c4a-8ee5-9b7a3dc56f58" CHANGEID="82315626" HOUSENUM="32" HOUSETYPE="2" OPERTYPEID="20" PREVID="32867632" NEXTID="129166813" UPDATEDATE="2025-09-29" STARTDATE="2014-01-04" ENDDATE="2025-09-29" ISACTUAL="0" ISACTIVE="0" /><HOUSE ID="129166814" OBJECTID="55040896" OBJECTGUID="2ab8dca8-9746-4999-b48f-a37b28d1328e" CHANGEID="689643870" HOUSENUM="23" HOUSETYPE="2" OPERTYPEID="30" PREVID="54407263" NEXTID="0" UPDATEDATE="2025-09-29" STARTDATE="2025-09-29" ENDDATE="2079-06-06" ISACTUAL="1" ISACTIVE="0" /><HOUSE ID="129166815" OBJECTID="55053797" OBJECTGUID="44a72c1e-6b50-45bd-9f55-db994fc30172" CHANGEID="689643871" HOUSENUM="40" HOUSETYPE="2" OPERTYPEID="30" PREVID="56244219" NEXTID="0" UPDATEDATE="2025-09-29" STARTDATE="2025-09-29" ENDDATE="2079-06-06" ISACTUAL="1" ISACTIVE="0" /><HOUSE ID="129167057" OBJECTID="174919457" OBJECTGUID="15a15046-2b39-4c68-84e1-97bc0ccd6fe5" CHANGEID="689645431" HOUSENUM="153" HOUSETYPE="4" OPERTYPEID="10" PREVID="0" NEXTID="0" UPDATEDATE="2025-09-29" STARTDATE="2025-09-29" ENDDATE="2079-06-06" ISACTUAL="1" ISACTIVE="1" /><HOUSE ID="129167058" OBJECTID="174919458" OBJECTGUID="f6e6a8fb-fc20-4c75-9357-f64772ca85a9" CHANGEID="689645432" HOUSENUM="155" HOUSETYPE="4" OPERTYPEID="10" PREVID="0" NEXTID="0" UPDATEDATE="2025-09-29" STARTDATE="2025-09-29" ENDDATE="2079-06-06" ISACTUAL="1" ISACTIVE="1" /><HOUSE ID="129167059" OBJECTID="174919459" OBJECTGUID="2ae7b530-e90e-4d00-8834-58ec79cdeaa1" CHANGEID="689645433" HOUSENUM="157" HOUSETYPE="4" OPERTYPEID="10" PREVID="0" NEXTID="0" UPDATEDATE="2025-09-29" STARTDATE="2025-09-29" ENDDATE="2079-06-06" ISACTUAL="1" ISACTIVE="1" /><HOUSE ID="129167060" OBJECTID="174919460" OBJECTGUID="936ebe5d-69d8-437e-8295-c7b5ac0a05ad" CHANGEID="689645434" HOUSENUM="160" HOUSETYPE="4" OPERTYPEID="10" PREVID="0" NEXTID="0" UPDATEDATE="2025-09-29" STARTDATE="2025-09-29" ENDDATE="2079-06-06" ISACTUAL="1" ISACTIVE="1" /><HOUSE ID="129167061" OBJECTID="174919461" OBJECTGUID="beb37ff6-da53-4bfd-859f-0da26a58e6a7" CHANGEID="689645435" HOUSENUM="162" HOUSETYPE="4" OPERTYPEID="10" PREVID="0" NEXTID="0" UPDATEDATE="2025-09-29" STARTDATE="2025-09-29" ENDDATE="2079-06-06" ISACTUAL="1" ISACTIVE="1" /><HOUSE ID="129167062" OBJECTID="174919462" OBJECTGUID="1097c3fb-04c0-4b61-a12a-619d840f2910" CHANGEID="689645436" HOUSENUM="164" HOUSETYPE="4" OPERTYPEID="10" PREVID="0" NEXTID="0" UPDATEDATE="2025-09-29" STARTDATE="2025-09-29" ENDDATE="2079-06-06" ISACTUAL="1" ISACTIVE="1" /><HOUSE ID="129167063" OBJECTID="174919463" OBJECTGUID="27e0d352-0e69-4c86-b84c-2646348759cb" CHANGEID="689645437" HOUSENUM="172" HOUSETYPE="4" OPERTYPEID="10" PREVID="0" NEXTID="0" UPDATEDATE="2025-09-29" STARTDATE="2025-09-29" ENDDATE="2079-06-06" ISACTUAL="1" ISACTIVE="1" /><HOUSE ID="129167064" OBJECTID="174919464" OBJECTGUID="edfe5437-49f8-40fd-9a83-0e2d799c7937" CHANGEID="689645438" HOUSENUM="175" HOUSETYPE="4" OPERTYPEID="10" PREVID="0" NEXTID="0" UPDATEDATE="2025-09-29" STARTDATE="2025-09-29" ENDDATE="2079-06-06" ISACTUAL="1" ISACTIVE="1" /><HOUSE ID="129167065" OBJECTID="174919465" OBJECTGUID="c34bbdc7-b6f7-492d-8150-873f93e5e59a" CHANGEID="689645439" HOUSENUM="176" HOUSETYPE="4" OPERTYPEID="10" PREVID="0" NEXTID="0" UPDATEDATE="2025-09-29" STARTDATE="2025-09-29" ENDDATE="2079-06-06" ISACTUAL="1" ISACTIVE="1" /><HOUSE ID="129167066" OBJECTID="174919466" OBJECTGUID="e15895d9-2cbe-48e8-9977-3b1385850b3a" CHANGEID="689645440" HOUSENUM="179" HOUSETYPE="4" OPERTYPEID="10" PREVID="0" NEXTID="0" UPDATEDATE="2025-09-29" STARTDATE="2025-09-29" ENDDATE="2079-06-06" ISACTUAL="1" ISACTIVE="1" /><HOUSE ID="129167067" OBJECTID="174919467" OBJECTGUID="3d75e600-7347-429a-a321-68a85928271c" CHANGEID="689645441" HOUSENUM="181" HOUSETYPE="4" OPERTYPEID="10" PREVID="0" NEXTID="0" UPDATEDATE="2025-09-29" STARTDATE="2025-09-29" ENDDATE="2079-06-06" ISACTUAL="1" ISACTIVE="1" /><HOUSE ID="129167068" OBJECTID="174919468" OBJECTGUID="3c1b4dca-2052-4e69-9ddf-d382ead62a5d" CHANGEID="689645442" HOUSENUM="182" HOUSETYPE="4" OPERTYPEID="10" PREVID="0" NEXTID="0" UPDATEDATE="2025-09-29" STARTDATE="2025-09-29" ENDDATE="2079-06-06" ISACTUAL="1" ISACTIVE="1" /><HOUSE ID="129167069" OBJECTID="174919469" OBJECTGUID="cf68cd8f-b5fd-46e0-9f19-71815e2d94e0" CHANGEID="689645443" HOUSENUM="183" HOUSETYPE="4" OPERTYPEID="10" PREVID="0" NEXTID="0" UPDATEDATE="2025-09-29" STARTDATE="2025-09-29" ENDDATE="2079-06-06" ISACTUAL="1" ISACTIVE="1" /><HOUSE ID="129167070" OBJECTID="174919470" OBJECTGUID="3d6baa64-cb46-465a-8448-f23d1b989885" CHANGEID="689645444" HOUSENUM="4" HOUSETYPE="4" OPERTYPEID="10" PREVID="0" NEXTID="0" UPDATEDATE="2025-09-29" STARTDATE="2025-09-29" ENDDATE="2079-06-06" ISACTUAL="1" ISACTIVE="1" /><HOUSE ID="129167071" OBJECTID="174919471" OBJECTGUID="1a5c12bc-6a72-4a70-8eb8-69f7e5359d17" CHANGEID="689645445" HOUSENUM="14" HOUSETYPE="4" OPERTYPEID="10" PREVID="0" NEXTID="0" UPDATEDATE="2025-09-29" STARTDATE="2025-09-29" ENDDATE="2079-06-06" ISACTUAL="1" ISACTIVE="1" /><HOUSE ID="129167072" OBJECTID="174919472" OBJECTGUID="23c3895f-f384-419a-8383-8ca8077d1bc1" CHANGEID="689645446" HOUSENUM="22" HOUSETYPE="4" OPERTYPEID="10" PREVID="0" NEXTID="0" UPDATEDATE="2025-09-29" STARTDATE="2025-09-29" ENDDATE="2079-06-06" ISACTUAL="1" ISACTIVE="1" /><HOUSE ID="129167073" OBJECTID="174919473" OBJECTGUID="eac3bd8e-2537-41be-bce6-d92f3c87ad19" CHANGEID="689645447" HOUSENUM="43" HOUSETYPE="4" OPERTYPEID="10" PREVID="0" NEXTID="0" UPDATEDATE="2025-09-29" STARTDATE="2025-09-29" ENDDATE="2079-06-06" ISACTUAL="1" ISACTIVE="1" /><HOUSE ID="129167074" OBJECTID="174919474" OBJECTGUID="c6f66327-0f75-48c8-b47d-808401fb91d2" CHANGEID="689645448" HOUSENUM="44" HOUSETYPE="4" OPERTYPEID="10" PREVID="0" NEXTID="0" UPDATEDATE="2025-09-29" STARTDATE="2025-09-29" ENDDATE="2079-06-06" ISACTUAL="1" ISACTIVE="1" /><HOUSE ID="129167075" OBJECTID="174919475" OBJECTGUID="0252bd4b-e660-418d-bdd2-7e2c53001e10" CHANGEID="689645449" HOUSENUM="78" HOUSETYPE="4" OPERTYPEID="10" PREVID="0" NEXTID="0" UPDATEDATE="2025-09-29" STARTDATE="2025-09-29" ENDDATE="2079-06-06" ISACTUAL="1" ISACTIVE="1" /><HOUSE ID="129167076" OBJECTID="174919476" OBJECTGUID="56f73652-327c-48c6-af2b-1f8d532c82a5" CHANGEID="689645450" HOUSENUM="81" HOUSETYPE="4" OPERTYPEID="10" PREVID="0" NEXTID="0" UPDATEDATE="2025-09-29" STARTDATE="2025-09-29" ENDDATE="2079-06-06" ISACTUAL="1" ISACTIVE="1" /><HOUSE ID="129167024" OBJECTID="174919408" OBJECTGUID="e40fb1f9-2432-4ebe-8948-d149dd6fe423" CHANGEID="689645378" HOUSENUM="12б" HOUSETYPE="4" OPERTYPEID="10" PREVID="0" NEXTID="0" UPDATEDATE="2025-09-29" STARTDATE="2025-09-29" ENDDATE="2079-06-06" ISACTUAL="1" ISACTIVE="1" /><HOUSE ID="129167025" OBJECTID="174919409" OBJECTGUID="96e33303-28ac-4b45-808a-6d4866b3e992" CHANGEID="689645379" HOUSENUM="182б" HOUSETYPE="4" OPERTYPEID="10" PREVID="0" NEXTID="0" UPDATEDATE="2025-09-29" STARTDATE="2025-09-29" ENDDATE="2079-06-06" ISACTUAL="1" ISACTIVE="1" /><HOUSE ID="129167026" OBJECTID="174919410" OBJECTGUID="afcad931-0b83-438a-8f1b-de712cf7e587" CHANGEID="689645380" HOUSENUM="235а" HOUSETYPE="4" OPERTYPEID="10" PREVID="0" NEXTID="0" UPDATEDATE="2025-09-29" STARTDATE="2025-09-29" ENDDATE="2079-06-06" ISACTUAL="1" ISACTIVE="1" /><HOUSE ID="129167027" OBJECTID="174919411" OBJECTGUID="dd4b657d-de38-476c-b1ea-a2e9bb0dc68a" CHANGEID="689645381" HOUSENUM="262а" HOUSETYPE="4" OPERTYPEID="10" PREVID="0" NEXTID="0" UPDATEDATE="2025-09-29" STARTDATE="2025-09-29" ENDDATE="2079-06-06" ISACTUAL="1" ISACTIVE="1" /><HOUSE ID="129167028" OBJECTID="174919412" OBJECTGUID="031b2b1d-8fa8-4caf-977e-a5dd974b45ca" CHANGEID="689645382" HOUSENUM="65а" HOUSETYPE="4" OPERTYPEID="10" PREVID="0" NEXTID="0" UPDATEDATE="2025-09-29" STARTDATE="2025-09-29" ENDDATE="2079-06-06" ISACTUAL="1" ISACTIVE="1" /><HOUSE ID="129167029" OBJECTID="174919413" OBJECTGUID="23ccd62a-5ccd-4c6a-a404-e8c517f5b1e5" CHANGEID="689645383" HOUSENUM="184" HOUSETYPE="4" OPERTYPEID="10" PREVID="0" NEXTID="0" UPDATEDATE="2025-09-29" STARTDATE="2025-09-29" ENDDATE="2079-06-06" ISACTUAL="1" ISACTIVE="1" /><HOUSE ID="129167030" OBJECTID="174919414" OBJECTGUID="40c7fd0a-455e-4c48-97cc-77d742938c6e" CHANGEID="689645384" HOUSENUM="186" HOUSETYPE="4" OPERTYPEID="10" PREVID="0" NEXTID="0" UPDATEDATE="2025-09-29" STARTDATE="2025-09-29" ENDDATE="2079-06-06" ISACTUAL="1" ISACTIVE="1" /><HOUSE ID="129167031" OBJECTID="174919415" OBJECTGUID="cae5da24-52f8-4b79-a38f-7dc516bbda51" CHANGEID="689645385" HOUSENUM="187" HOUSETYPE="4" OPERTYPEID="10" PREVID="0" NEXTID="0" UPDATEDATE="2025-09-29" STARTDATE="2025-09-29" ENDDATE="2079-06-06" ISACTUAL="1" ISACTIVE="1" /><HOUSE ID="129167032" OBJECTID="174919416" OBJECTGUID="056374f5-271e-4ead-babe-c910951b701d" CHANGEID="689645386" HOUSENUM="188" HOUSETYPE="4" OPERTYPEID="10" PREVID="0" NEXTID="0" UPDATEDATE="2025-09-29" STARTDATE="2025-09-29" ENDDATE="2079-06-06" ISACTUAL="1" ISACTIVE="1" /><HOUSE ID="129167033" OBJECTID="174919417" OBJECTGUID="915d0408-1eec-484e-b8b5-03a70e317f42" CHANGEID="689645387" HOUSENUM="190" HOUSETYPE="4" OPERTYPEID="10" PREVID="0" NEXTID="0" UPDATEDATE="2025-09-29" STARTDATE="2025-09-29" ENDDATE="2079-06-06" ISACTUAL="1" ISACTIVE="1" /><HOUSE ID="129167034" OBJECTID="174919418" OBJECTGUID="7c81b6fb-f0bd-4719-a7ee-9ae5b01e0e75" CHANGEID="689645388" HOUSENUM="191" HOUSETYPE="4" OPERTYPEID="10" PREVID="0" NEXTID="0" UPDATEDATE="2025-09-29" STARTDATE="2025-09-29" ENDDATE="2079-06-06" ISACTUAL="1" ISACTIVE="1" /><HOUSE ID="129167035" OBJECTID="174919419" OBJECTGUID="240d9dce-6f36-42e5-8d88-555d9479ff39" CHANGEID="689645389" HOUSENUM="193" HOUSETYPE="4" OPERTYPEID="10" PREVID="0" NEXTID="0" UPDATEDATE="2025-09-29" STARTDATE="2025-09-29" ENDDATE="2079-06-06" ISACTUAL="1" ISACTIVE="1" /><HOUSE ID="129167036" OBJECTID="174919420" OBJECTGUID="af7c98cc-8ddd-4c78-9578-6f987036edc2" CHANGEID="689645390" HOUSENUM="202" HOUSETYPE="4" OPERTYPEID="10" PREVID="0" NEXTID="0" UPDATEDATE="2025-09-29" STARTDATE="2025-09-29" ENDDATE="2079-06-06" ISACTUAL="1" ISACTIVE="1" /><HOUSE ID="129167037" OBJECTID="174919421" OBJECTGUID="7cd92963-4df3-4f9e-93e2-6ebf8f836d43" CHANGEID="689645391" HOUSENUM="206" HOUSETYPE="4" OPERTYPEID="10" PREVID="0" NEXTID="0" UPDATEDATE="2025-09-29" STARTDATE="2025-09-29" ENDDATE="2079-06-06" ISACTUAL="1" ISACTIVE="1" /><HOUSE ID="129167038" OBJECTID="174919422" OBJECTGUID="2498db75-b862-497b-95d7-bd507ecf55e5" CHANGEID="689645392" HOUSENUM="208" HOUSETYPE="4" OPERTYPEID="10" PREVID="0" NEXTID="0" UPDATEDATE="2025-09-29" STARTDATE="2025-09-29" ENDDATE="2079-06-06" ISACTUAL="1" ISACTIVE="1" /><HOUSE ID="129167039" OBJECTID="174919423" OBJECTGUID="6d11cc1e-bce2-45a1-ac9e-ab3a4407b9a6" CHANGEID="689645393" HOUSENUM="213" HOUSETYPE="4" OPERTYPEID="10" PREVID="0" NEXTID="0" UPDATEDATE="2025-09-29" STARTDATE="2025-09-29" ENDDATE="2079-06-06" ISACTUAL="1" ISACTIVE="1" /><HOUSE ID="129167040" OBJECTID="174919424" OBJECTGUID="3c1f0fd9-0a9b-4619-8959-f056ea647e98" CHANGEID="689645394" HOUSENUM="219" HOUSETYPE="4" OPERTYPEID="10" PREVID="0" NEXTID="0" UPDATEDATE="2025-09-29" STARTDATE="2025-09-29" ENDDATE="2079-06-06" ISACTUAL="1" ISACTIVE="1" /><HOUSE ID="129167041" OBJECTID="174919425" OBJECTGUID="86748820-8b87-4c4a-9aec-2ada68f4d7a8" CHANGEID="689645395" HOUSENUM="221" HOUSETYPE="4" OPERTYPEID="10" PREVID="0" NEXTID="0" UPDATEDATE="2025-09-29" STARTDATE="2025-09-29" ENDDATE="2079-06-06" ISACTUAL="1" ISACTIVE="1" /><HOUSE ID="129167042" OBJECTID="174919426" OBJECTGUID="baca5730-6f7a-4e1f-8ce9-5c4c8cf2c220" CHANGEID="689645396" HOUSENUM="230" HOUSETYPE="4" OPERTYPEID="10" PREVID="0" NEXTID="0" UPDATEDATE="2025-09-29" STARTDATE="2025-09-29" ENDDATE="2079-06-06" ISACTUAL="1" ISACTIVE="1" /><HOUSE ID="129167043" OBJECTID="174919427" OBJECTGUID="222e6e26-72d0-4882-9b5d-62d97ea06b82" CHANGEID="689645397" HOUSENUM="232" HOUSETYPE="4" OPERTYPEID="10" PREVID="0" NEXTID="0" UPDATEDATE="2025-09-29" STARTDATE="2025-09-29" ENDDATE="2079-06-06" ISACTUAL="1" ISACTIVE="1" /><HOUSE ID="129167044" OBJECTID="174919428" OBJECTGUID="5601fdb5-142f-46c7-916e-7aaa8cd45a2c" CHANGEID="689645398" HOUSENUM="234" HOUSETYPE="4" OPERTYPEID="10" PREVID="0" NEXTID="0" UPDATEDATE="2025-09-29" STARTDATE="2025-09-29" ENDDATE="2079-06-06" ISACTUAL="1" ISACTIVE="1" /><HOUSE ID="129167045" OBJECTID="174919429" OBJECTGUID="3b682891-526f-45b8-8ff7-add19cdbc63b" CHANGEID="689645399" HOUSENUM="239" HOUSETYPE="4" OPERTYPEID="10" PREVID="0" NEXTID="0" UPDATEDATE="2025-09-29" STARTDATE="2025-09-29" ENDDATE="2079-06-06" ISACTUAL="1" ISACTIVE="1" /><HOUSE ID="129167046" OBJECTID="174919430" OBJECTGUID="4f2430f3-51c2-404c-b3e1-6ef5f89a9393" CHANGEID="689645400" HOUSENUM="241" HOUSETYPE="4" OPERTYPEID="10" PREVID="0" NEXTID="0" UPDATEDATE="2025-09-29" STARTDATE="2025-09-29" ENDDATE="2079-06-06" ISACTUAL="1" ISACTIVE="1" /><HOUSE ID="129167047" OBJECTID="174919431" OBJECTGUID="d1b08e66-2bbd-4a13-a18f-0a93f4001543" CHANGEID="689645401" HOUSENUM="245" HOUSETYPE="4" OPERTYPEID="10" PREVID="0" NEXTID="0" UPDATEDATE="2025-09-29" STARTDATE="2025-09-29" ENDDATE="2079-06-06" ISACTUAL="1" ISACTIVE="1" /><HOUSE ID="129167048" OBJECTID="174919432" OBJECTGUID="e91ece61-9de7-40e5-931a-5afbe91a6c38" CHANGEID="689645402" HOUSENUM="246" HOUSETYPE="4" OPERTYPEID="10" PREVID="0" NEXTID="0" UPDATEDATE="2025-09-29" STARTDATE="2025-09-29" ENDDATE="2079-06-06" ISACTUAL="1" ISACTIVE="1" /><HOUSE ID="129167049" OBJECTID="174919433" OBJECTGUID="c6912359-3d9c-4a6e-893b-71b66a3e689e" CHANGEID="689645403" HOUSENUM="247" HOUSETYPE="4" OPERTYPEID="10" PREVID="0" NEXTID="0" UPDATEDATE="2025-09-29" STARTDATE="2025-09-29" ENDDATE="2079-06-06" ISACTUAL="1" ISACTIVE="1" /><HOUSE ID="129167050" OBJECTID="174919434" OBJECTGUID="ba5bfad3-df89-4057-b672-25b233056baf" CHANGEID="689645404" HOUSENUM="248" HOUSETYPE="4" OPERTYPEID="10" PREVID="0" NEXTID="0" UPDATEDATE="2025-09-29" STARTDATE="2025-09-29" ENDDATE="2079-06-06" ISACTUAL="1" ISACTIVE="1" /><HOUSE ID="129167051" OBJECTID="174919435" OBJECTGUID="bfb97027-580e-4dde-ac73-63a3af8b4654" CHANGEID="689645405" HOUSENUM="249" HOUSETYPE="4" OPERTYPEID="10" PREVID="0" NEXTID="0" UPDATEDATE="2025-09-29" STARTDATE="2025-09-29" ENDDATE="2079-06-06" ISACTUAL="1" ISACTIVE="1" /><HOUSE ID="129167052" OBJECTID="174919436" OBJECTGUID="b5c0bf62-5307-4bd7-a824-c41cfbf6bcd3" CHANGEID="689645406" HOUSENUM="250" HOUSETYPE="4" OPERTYPEID="10" PREVID="0" NEXTID="0" UPDATEDATE="2025-09-29" STARTDATE="2025-09-29" ENDDATE="2079-06-06" ISACTUAL="1" ISACTIVE="1" /><HOUSE ID="129167053" OBJECTID="174919437" OBJECTGUID="360e7ecb-8241-43ae-bfe7-d975f813cc5a" CHANGEID="689645407" HOUSENUM="253" HOUSETYPE="4" OPERTYPEID="10" PREVID="0" NEXTID="0" UPDATEDATE="2025-09-29" STARTDATE="2025-09-29" ENDDATE="2079-06-06" ISACTUAL="1" ISACTIVE="1" /><HOUSE ID="129167054" OBJECTID="174919438" OBJECTGUID="b994d9a4-ac25-4816-8f2a-49ea017fe131" CHANGEID="689645408" HOUSENUM="258" HOUSETYPE="4" OPERTYPEID="10" PREVID="0" NEXTID="0" UPDATEDATE="2025-09-29" STARTDATE="2025-09-29" ENDDATE="2079-06-06" ISACTUAL="1" ISACTIVE="1" /><HOUSE ID="129167055" OBJECTID="174919439" OBJECTGUID="3a3da3fc-65c2-4362-9f96-234e74bbc339" CHANGEID="689645409" HOUSENUM="259" HOUSETYPE="4" OPERTYPEID="10" PREVID="0" NEXTID="0" UPDATEDATE="2025-09-29" STARTDATE="2025-09-29" ENDDATE="2079-06-06" ISACTUAL="1" ISACTIVE="1" /><HOUSE ID="129167099" OBJECTID="174919500" OBJECTGUID="51edd9f3-36d0-45de-a233-0d3fa394ff90" CHANGEID="689645475" HOUSENUM="23" HOUSETYPE="4" OPERTYPEID="10" PREVID="0" NEXTID="0" UPDATEDATE="2025-09-29" STARTDATE="2025-09-29" ENDDATE="2079-06-06" ISACTUAL="1" ISACTIVE="1" /><HOUSE ID="129167100" OBJECTID="174919501" OBJECTGUID="8c3745bc-43f9-45d4-acbf-105ce1efe907" CHANGEID="689645476" HOUSENUM="22" HOUSETYPE="4" OPERTYPEID="10" PREVID="0" NEXTID="0" UPDATEDATE="2025-09-29" STARTDATE="2025-09-29" ENDDATE="2079-06-06" ISACTUAL="1" ISACTIVE="1" /><HOUSE ID="129167101" OBJECTID="174919502" OBJECTGUID="224da4f9-c417-4fb8-82d1-a72960d55b0a" CHANGEID="689645477" HOUSENUM="21" HOUSETYPE="4" OPERTYPEID="10" PREVID="0" NEXTID="0" UPDATEDATE="2025-09-29" STARTDATE="2025-09-29" ENDDATE="2079-06-06" ISACTUAL="1" ISACTIVE="1" /><HOUSE ID="129167102" OBJECTID="174919503" OBJECTGUID="f75cb429-0d7b-41d8-bf8e-e6c32f397d4f" CHANGEID="689645478" HOUSENUM="20" HOUSETYPE="4" OPERTYPEID="10" PREVID="0" NEXTID="0" UPDATEDATE="2025-09-29" STARTDATE="2025-09-29" ENDDATE="2079-06-06" ISACTUAL="1" ISACTIVE="1" /><HOUSE ID="129167103" OBJECTID="174919504" OBJECTGUID="870b79b6-79c8-486e-8ea9-7e4b9e812272" CHANGEID="689645479" HOUSENUM="19" HOUSETYPE="4" OPERTYPEID="10" PREVID="0" NEXTID="0" UPDATEDATE="2025-09-29" STARTDATE="2025-09-29" ENDDATE="2079-06-06" ISACTUAL="1" ISACTIVE="1" /><HOUSE ID="129167104" OBJECTID="174919505" OBJECTGUID="673b7011-7b55-455e-9777-1ad86e4d05d4" CHANGEID="689645480" HOUSENUM="18" HOUSETYPE="4" OPERTYPEID="10" PREVID="0" NEXTID="0" UPDATEDATE="2025-09-29" STARTDATE="2025-09-29" ENDDATE="2079-06-06" ISACTUAL="1" ISACTIVE="1" /><HOUSE ID="129167105" OBJECTID="174919506" OBJECTGUID="213119e0-cb15-4a6e-8458-ed562c319518" CHANGEID="689645481" HOUSENUM="17" HOUSETYPE="4" OPERTYPEID="10" PREVID="0" NEXTID="0" UPDATEDATE="2025-09-29" STARTDATE="2025-09-29" ENDDATE="2079-06-06" ISACTUAL="1" ISACTIVE="1" /><HOUSE ID="129167106" OBJECTID="174919507" OBJECTGUID="b0b40538-99fe-4788-b100-7374215ee400" CHANGEID="689645482" HOUSENUM="16" HOUSETYPE="4" OPERTYPEID="10" PREVID="0" NEXTID="0" UPDATEDATE="2025-09-29" STARTDATE="2025-09-29" ENDDATE="2079-06-06" ISACTUAL="1" ISACTIVE="1" /><HOUSE ID="129167077" OBJECTID="174919477" OBJECTGUID="e4f8331e-0cf1-41ba-abde-36ae8155a356" CHANGEID="689645451" HOUSENUM="85" HOUSETYPE="4" OPERTYPEID="10" PREVID="0" NEXTID="0" UPDATEDATE="2025-09-29" STARTDATE="2025-09-29" ENDDATE="2079-06-06" ISACTUAL="1" ISACTIVE="1" /><HOUSE ID="129167078" OBJECTID="174919478" OBJECTGUID="b7073a5a-aa9c-4b1e-a73b-6617350b6f79" CHANGEID="689645452" HOUSENUM="104" HOUSETYPE="4" OPERTYPEID="10" PREVID="0" NEXTID="0" UPDATEDATE="2025-09-29" STARTDATE="2025-09-29" ENDDATE="2079-06-06" ISACTUAL="1" ISACTIVE="1" /><HOUSE ID="129167079" OBJECTID="174919479" OBJECTGUID="07d7afde-0bab-43f5-aca5-53b782fd6e95" CHANGEID="689645453" HOUSENUM="110" HOUSETYPE="4" OPERTYPEID="10" PREVID="0" NEXTID="0" UPDATEDATE="2025-09-29" STARTDATE="2025-09-29" ENDDATE="2079-06-06" ISACTUAL="1" ISACTIVE="1" /><HOUSE ID="129167080" OBJECTID="174919480" OBJECTGUID="38a8597e-c7d4-4d8f-a23e-0fbe3434993f" CHANGEID="689645454" HOUSENUM="111" HOUSETYPE="4" OPERTYPEID="10" PREVID="0" NEXTID="0" UPDATEDATE="2025-09-29" STARTDATE="2025-09-29" ENDDATE="2079-06-06" ISACTUAL="1" ISACTIVE="1" /><HOUSE ID="129167081" OBJECTID="174919481" OBJECTGUID="24eb1068-e25e-4b35-ae24-1fdacafc5886" CHANGEID="689645455" HOUSENUM="112" HOUSETYPE="4" OPERTYPEID="10" PREVID="0" NEXTID="0" UPDATEDATE="2025-09-29" STARTDATE="2025-09-29" ENDDATE="2079-06-06" ISACTUAL="1" ISACTIVE="1" /><HOUSE ID="129167082" OBJECTID="174919482" OBJECTGUID="8d63c1ab-8a57-42bd-9739-9755b5a7a6ff" CHANGEID="689645456" HOUSENUM="115" HOUSETYPE="4" OPERTYPEID="10" PREVID="0" NEXTID="0" UPDATEDATE="2025-09-29" STARTDATE="2025-09-29" ENDDATE="2079-06-06" ISACTUAL="1" ISACTIVE="1" /><HOUSE ID="129167083" OBJECTID="174919483" OBJECTGUID="1abac3ae-2e3c-4ceb-82eb-7513c30adf96" CHANGEID="689645457" HOUSENUM="121" HOUSETYPE="4" OPERTYPEID="10" PREVID="0" NEXTID="0" UPDATEDATE="2025-09-29" STARTDATE="2025-09-29" ENDDATE="2079-06-06" ISACTUAL="1" ISACTIVE="1" /><HOUSE ID="129167084" OBJECTID="174919484" OBJECTGUID="391cf058-896e-4146-b748-8fcf32a9ab7f" CHANGEID="689645458" HOUSENUM="122" HOUSETYPE="4" OPERTYPEID="10" PREVID="0" NEXTID="0" UPDATEDATE="2025-09-29" STARTDATE="2025-09-29" ENDDATE="2079-06-06" ISACTUAL="1" ISACTIVE="1" /><HOUSE ID="129167085" OBJECTID="174919485" OBJECTGUID="3d712543-b1cc-4202-81d1-878f9064309a" CHANGEID="689645459" HOUSENUM="123" HOUSETYPE="4" OPERTYPEID="10" PREVID="0" NEXTID="0" UPDATEDATE="2025-09-29" STARTDATE="2025-09-29" ENDDATE="2079-06-06" ISACTUAL="1" ISACTIVE="1" /><HOUSE ID="129167086" OBJECTID="174919486" OBJECTGUID="5220da77-fbc7-48c0-890b-2902764fa52e" CHANGEID="689645460" HOUSENUM="125" HOUSETYPE="4" OPERTYPEID="10" PREVID="0" NEXTID="0" UPDATEDATE="2025-09-29" STARTDATE="2025-09-29" ENDDATE="2079-06-06" ISACTUAL="1" ISACTIVE="1" /><HOUSE ID="129167087" OBJECTID="174919487" OBJECTGUID="98674dc3-f45b-46c1-a1b5-625b467b93db" CHANGEID="689645461" HOUSENUM="130" HOUSETYPE="4" OPERTYPEID="10" PREVID="0" NEXTID="0" UPDATEDATE="2025-09-29" STARTDATE="2025-09-29" ENDDATE="2079-06-06" ISACTUAL="1" ISACTIVE="1" /><HOUSE ID="129167088" OBJECTID="174919488" OBJECTGUID="69c9657e-d852-49b1-9a6c-6bd818c2092b" CHANGEID="689645462" HOUSENUM="133" HOUSETYPE="4" OPERTYPEID="10" PREVID="0" NEXTID="0" UPDATEDATE="2025-09-29" STARTDATE="2025-09-29" ENDDATE="2079-06-06" ISACTUAL="1" ISACTIVE="1" /><HOUSE ID="129167089" OBJECTID="174919489" OBJECTGUID="bd2b864c-a592-4193-86f5-85895b27fdec" CHANGEID="689645463" HOUSENUM="137" HOUSETYPE="4" OPERTYPEID="10" PREVID="0" NEXTID="0" UPDATEDATE="2025-09-29" STARTDATE="2025-09-29" ENDDATE="2079-06-06" ISACTUAL="1" ISACTIVE="1" /><HOUSE ID="129167090" OBJECTID="174919490" OBJECTGUID="57becbcb-5c8c-4775-ad54-742430aca8d1" CHANGEID="689645464" HOUSENUM="139" HOUSETYPE="4" OPERTYPEID="10" PREVID="0" NEXTID="0" UPDATEDATE="2025-09-29" STARTDATE="2025-09-29" ENDDATE="2079-06-06" ISACTUAL="1" ISACTIVE="1" /><HOUSE ID="129167091" OBJECTID="174919491" OBJECTGUID="57e1af00-cfc9-4819-82cf-6bab4dd47bed" CHANGEID="689645465" HOUSENUM="140" HOUSETYPE="4" OPERTYPEID="10" PREVID="0" NEXTID="0" UPDATEDATE="2025-09-29" STARTDATE="2025-09-29" ENDDATE="2079-06-06" ISACTUAL="1" ISACTIVE="1" /><HOUSE ID="129167092" OBJECTID="174919492" OBJECTGUID="96a0126e-df78-45d0-911a-333abba1068c" CHANGEID="689645466" HOUSENUM="147" HOUSETYPE="4" OPERTYPEID="10" PREVID="0" NEXTID="0" UPDATEDATE="2025-09-29" STARTDATE="2025-09-29" ENDDATE="2079-06-06" ISACTUAL="1" ISACTIVE="1" /><HOUSE ID="129167093" OBJECTID="174919493" OBJECTGUID="ec9567b6-b658-43a4-b090-443f650da271" CHANGEID="689645467" HOUSENUM="150" HOUSETYPE="4" OPERTYPEID="10" PREVID="0" NEXTID="0" UPDATEDATE="2025-09-29" STARTDATE="2025-09-29" ENDDATE="2079-06-06" ISACTUAL="1" ISACTIVE="1" /><HOUSE ID="129167094" OBJECTID="174919494" OBJECTGUID="e0263324-2a13-4829-b491-350b0392a07c" CHANGEID="689645468" HOUSENUM="144" HOUSETYPE="4" OPERTYPEID="10" PREVID="0" NEXTID="0" UPDATEDATE="2025-09-29" STARTDATE="2025-09-29" ENDDATE="2079-06-06" ISACTUAL="1" ISACTIVE="1" /><HOUSE ID="129167107" OBJECTID="174919508" OBJECTGUID="96bc923b-6e14-44cd-b3ed-7eae340dcfd5" CHANGEID="689645483" HOUSENUM="15" HOUSETYPE="4" OPERTYPEID="10" PREVID="0" NEXTID="0" UPDATEDATE="2025-09-29" STARTDATE="2025-09-29" ENDDATE="2079-06-06" ISACTUAL="1" ISACTIVE="1" /><HOUSE ID="129167108" OBJECTID="174919509" OBJECTGUID="4e7a37f8-e7b9-47f9-bc1f-c83dfaa43ec2" CHANGEID="689645484" HOUSENUM="14" HOUSETYPE="4" OPERTYPEID="10" PREVID="0" NEXTID="0" UPDATEDATE="2025-09-29" STARTDATE="2025-09-29" ENDDATE="2079-06-06" ISACTUAL="1" ISACTIVE="1" /><HOUSE ID="129167109" OBJECTID="174919510" OBJECTGUID="66cb7c74-e692-4d1f-aa09-e9fe7270c5e1" CHANGEID="689645485" HOUSENUM="13" HOUSETYPE="4" OPERTYPEID="10" PREVID="0" NEXTID="0" UPDATEDATE="2025-09-29" STARTDATE="2025-09-29" ENDDATE="2079-06-06" ISACTUAL="1" ISACTIVE="1" /><HOUSE ID="129167110" OBJECTID="174919511" OBJECTGUID="27b07f49-ffad-4513-90fd-21cabc0ac1a7" CHANGEID="689645486" HOUSENUM="12" HOUSETYPE="4" OPERTYPEID="10" PREVID="0" NEXTID="0" UPDATEDATE="2025-09-29" STARTDATE="2025-09-29" ENDDATE="2079-06-06" ISACTUAL="1" ISACTIVE="1" /><HOUSE ID="129167111" OBJECTID="174919512" OBJECTGUID="840463d7-b8c3-44ff-af23-0eaf78694d7a" CHANGEID="689645487" HOUSENUM="11" HOUSETYPE="4" OPERTYPEID="10" PREVID="0" NEXTID="0" UPDATEDATE="2025-09-29" STARTDATE="2025-09-29" ENDDATE="2079-06-06" ISACTUAL="1" ISACTIVE="1" /><HOUSE ID="129167112" OBJECTID="174919513" OBJECTGUID="285b2862-4ab1-46e6-8667-3f3117b59eab" CHANGEID="689645488" HOUSENUM="10" HOUSETYPE="4" OPERTYPEID="10" PREVID="0" NEXTID="0" UPDATEDATE="2025-09-29" STARTDATE="2025-09-29" ENDDATE="2079-06-06" ISACTUAL="1" ISACTIVE="1" /><HOUSE ID="129167113" OBJECTID="174919514" OBJECTGUID="cd1c4aae-4561-4d4e-a865-1856c0079a54" CHANGEID="689645489" HOUSENUM="9" HOUSETYPE="4" OPERTYPEID="10" PREVID="0" NEXTID="0" UPDATEDATE="2025-09-29" STARTDATE="2025-09-29" ENDDATE="2079-06-06" ISACTUAL="1" ISACTIVE="1" /><HOUSE ID="129167114" OBJECTID="174919515" OBJECTGUID="2dabbcab-5c84-4279-8170-73385075fbf3" CHANGEID="689645490" HOUSENUM="5" HOUSETYPE="4" OPERTYPEID="10" PREVID="0" NEXTID="0" UPDATEDATE="2025-09-29" STARTDATE="2025-09-29" ENDDATE="2079-06-06" ISACTUAL="1" ISACTIVE="1" /><HOUSE ID="129167115" OBJECTID="174919516" OBJECTGUID="8964e659-13db-45cf-a82c-5a51585ced2f" CHANGEID="689645491" HOUSENUM="4" HOUSETYPE="4" OPERTYPEID="10" PREVID="0" NEXTID="0" UPDATEDATE="2025-09-29" STARTDATE="2025-09-29" ENDDATE="2079-06-06" ISACTUAL="1" ISACTIVE="1" /><HOUSE ID="129167116" OBJECTID="174919517" OBJECTGUID="73f227f8-7d8b-4e37-8f1a-39423f846f34" CHANGEID="689645492" HOUSENUM="3" HOUSETYPE="4" OPERTYPEID="10" PREVID="0" NEXTID="0" UPDATEDATE="2025-09-29" STARTDATE="2025-09-29" ENDDATE="2079-06-06" ISACTUAL="1" ISACTIVE="1" /><HOUSE ID="129167117" OBJECTID="174919518" OBJECTGUID="31ff4572-7ac4-48fd-bec0-c9b3072fe249" CHANGEID="689645493" HOUSENUM="2" HOUSETYPE="4" OPERTYPEID="10" PREVID="0" NEXTID="0" UPDATEDATE="2025-09-29" STARTDATE="2025-09-29" ENDDATE="2079-06-06" ISACTUAL="1" ISACTIVE="1" /><HOUSE ID="129167118" OBJECTID="174919519" OBJECTGUID="311fa8a7-7c49-4c87-8c4e-6684d86f5a91" CHANGEID="689645494" HOUSENUM="1" HOUSETYPE="4" OPERTYPEID="10" PREVID="0" NEXTID="0" UPDATEDATE="2025-09-29" STARTDATE="2025-09-29" ENDDATE="2079-06-06" ISACTUAL="1" ISACTIVE="1" /><HOUSE ID="129167119" OBJECTID="174919520" OBJECTGUID="8b4c59d6-04e4-4045-849f-629a1dc7c65b" CHANGEID="689645495" HOUSENUM="24" HOUSETYPE="4" OPERTYPEID="10" PREVID="0" NEXTID="0" UPDATEDATE="2025-09-29" STARTDATE="2025-09-29" ENDDATE="2079-06-06" ISACTUAL="1" ISACTIVE="1" /><HOUSE ID="129167120" OBJECTID="174919521" OBJECTGUID="46c916e9-990d-4cdb-bc1f-74105ef134e2" CHANGEID="689645496" HOUSENUM="8" HOUSETYPE="4" OPERTYPEID="10" PREVID="0" NEXTID="0" UPDATEDATE="2025-09-29" STARTDATE="2025-09-29" ENDDATE="2079-06-06" ISACTUAL="1" ISACTIVE="1" /><HOUSE ID="129167121" OBJECTID="174919522" OBJECTGUID="7b80cdb1-227d-4f94-a95b-25269400f155" CHANGEID="689645497" HOUSENUM="7" HOUSETYPE="4" OPERTYPEID="10" PREVID="0" NEXTID="0" UPDATEDATE="2025-09-29" STARTDATE="2025-09-29" ENDDATE="2079-06-06" ISACTUAL="1" ISACTIVE="1" /><HOUSE ID="129167122" OBJECTID="174919523" OBJECTGUID="b2eeae9b-252f-4d37-9143-1854ad16dbed" CHANGEID="689645498" HOUSENUM="6" HOUSETYPE="4" OPERTYPEID="10" PREVID="0" NEXTID="0" UPDATEDATE="2025-09-29" STARTDATE="2025-09-29" ENDDATE="2079-06-06" ISACTUAL="1" ISACTIVE="1" /><HOUSE ID="129167924" OBJECTID="66775586" OBJECTGUID="67b7af99-0f82-419c-ac16-42dfe7ecce93" CHANGEID="689649458" HOUSENUM="12" HOUSETYPE="2" OPERTYPEID="30" PREVID="58728877" NEXTID="0" UPDATEDATE="2025-09-29" STARTDATE="2025-09-29" ENDDATE="2079-06-06" ISACTUAL="1" ISACTIVE="0" /><HOUSE ID="129170085" OBJECTID="174928599" OBJECTGUID="65aecc1f-b993-4186-b4c4-8ba034170ba1" CHANGEID="689665800" HOUSENUM="50а" HOUSETYPE="5" OPERTYPEID="10" PREVID="0" NEXTID="0" UPDATEDATE="2025-09-29" STARTDATE="2025-09-29" ENDDATE="2079-06-06" ISACTUAL="1" ISACTIVE="1" /><HOUSE ID="129170208" OBJECTID="174928802" OBJECTGUID="789a6872-dc29-40d8-a214-77341c44ea97" CHANGEID="689666150" HOUSENUM="24а" HOUSETYPE="2" OPERTYPEID="10" PREVID="0" NEXTID="0" UPDATEDATE="2025-09-29" STARTDATE="2025-09-29" ENDDATE="2079-06-06" ISACTUAL="1" ISACTIVE="1" /><HOUSE ID="129170744" OBJECTID="174930635" OBJECTGUID="ea8dad68-69f7-4de0-9b72-15f1011b4bc7" CHANGEID="689669976" HOUSENUM="12А" HOUSETYPE="2" OPERTYPEID="10" PREVID="0" NEXTID="0" UPDATEDATE="2025-09-29" STARTDATE="2025-09-29" ENDDATE="2079-06-06" ISACTUAL="1" ISACTIVE="1" /><HOUSE ID="129173818" OBJECTID="174939867" OBJECTGUID="89c3564d-e311-4707-9aa8-3000b047fb93" CHANGEID="689689734" HOUSENUM="77" HOUSETYPE="7" OPERTYPEID="10" PREVID="0" NEXTID="0" UPDATEDATE="2025-09-29" STARTDATE="2025-09-29" ENDDATE="2079-06-06" ISACTUAL="1" ISACTIVE="1" /><HOUSE ID="129174111" OBJECTID="164134911" OBJECTGUID="c0d5a72c-8d96-4809-9fe0-e4b4c83738f7" CHANGEID="689692360" HOUSENUM="5" HOUSETYPE="2" OPERTYPEID="50" PREVID="126413883" UPDATEDATE="2025-09-29" STARTDATE="2025-09-29" ENDDATE="2079-06-06" ISACTUAL="1" ISACTIVE="1" /><HOUSE ID="129174127" OBJECTID="174941226" OBJECTGUID="c82cd95d-0f2e-4b3f-98a6-912c6b5b349f" CHANGEID="689692494" HOUSENUM="12/2" HOUSETYPE="2" OPERTYPEID="10" PREVID="0" NEXTID="0" UPDATEDATE="2025-09-29" STARTDATE="2025-09-29" ENDDATE="2079-06-06" ISACTUAL="1" ISACTIVE="1" /><HOUSE ID="129174128" OBJECTID="174941227" OBJECTGUID="909b16f3-d068-452a-b09f-ca75b5cc2427" CHANGEID="689692495" HOUSENUM="12/1" HOUSETYPE="2" OPERTYPEID="10" PREVID="0" NEXTID="0" UPDATEDATE="2025-09-29" STARTDATE="2025-09-29" ENDDATE="2079-06-06" ISACTUAL="1" ISACTIVE="1" /><HOUSE ID="129174269" OBJECTID="72551085" OBJECTGUID="09cfde03-80ec-4ba5-b91d-744dc9037dc2" CHANGEID="689693796" HOUSENUM="25" HOUSETYPE="2" OPERTYPEID="50" PREVID="52077746" UPDATEDATE="2025-09-29" STARTDATE="2025-09-29" ENDDATE="2079-06-06" ISACTUAL="1" ISACTIVE="1" /><HOUSE ID="129175000" OBJECTID="50686855" OBJECTGUID="479ce14d-4cde-4ef9-ac45-5e7f7604c8de" CHANGEID="689697334" HOUSENUM="14" HOUSETYPE="2" OPERTYPEID="30" PREVID="56453878" NEXTID="0" UPDATEDATE="2025-09-29" STARTDATE="2025-09-29" ENDDATE="2079-06-06" ISACTUAL="1" ISACTIVE="0" /><HOUSE ID="129175010" OBJECTID="11941727" OBJECTGUID="da803f39-fff6-4d95-8432-f13c53181daf" CHANGEID="689697352" HOUSENUM="8" HOUSETYPE="2" OPERTYPEID="30" PREVID="66860035" NEXTID="0" UPDATEDATE="2025-09-29" STARTDATE="2025-09-29" ENDDATE="2079-06-06" ISACTUAL="1" ISACTIVE="0" /><HOUSE ID="129175015" OBJECTID="27502662" OBJECTGUID="d9fd3a2d-425d-4107-ac02-082ddbc1fad8" CHANGEID="689697367" HOUSENUM="29" HOUSETYPE="2" OPERTYPEID="30" PREVID="16343141" NEXTID="0" UPDATEDATE="2025-09-29" STARTDATE="2025-09-29" ENDDATE="2079-06-06" ISACTUAL="1" ISACTIVE="0" /><HOUSE ID="16343141" OBJECTID="27502662" OBJECTGUID="d9fd3a2d-425d-4107-ac02-082ddbc1fad8" CHANGEID="42391511" HOUSENUM="29" HOUSETYPE="2" OPERTYPEID="10" PREVID="0" NEXTID="129175015" UPDATEDATE="2025-09-29" STARTDATE="2015-02-18" ENDDATE="2025-09-29" ISACTUAL="0" ISACTIVE="0" /><HOUSE ID="129175170" OBJECTID="174944682" OBJECTGUID="340c10a6-0179-45c5-a330-0de4e16c61ec" CHANGEID="689699550" HOUSENUM="196" HOUSETYPE="2" OPERTYPEID="10" PREVID="0" NEXTID="0" UPDATEDATE="2025-09-29" STARTDATE="2025-09-29" ENDDATE="2079-06-06" ISACTUAL="1" ISACTIVE="1" /><HOUSE ID="129177927" OBJECTID="30178329" OBJECTGUID="f9d484ea-e9be-4856-9194-5f90dba18256" CHANGEID="689717896" HOUSENUM="16А" HOUSETYPE="5" OPERTYPEID="20" PREVID="17888091" UPDATEDATE="2025-09-30" STARTDATE="2025-09-30" ENDDATE="2079-06-06" ISACTUAL="1" ISACTIVE="1" /><HOUSE ID="129178425" OBJECTID="174954157" OBJECTGUID="21c0531f-636f-479e-915e-278c5fa3bcc8" CHANGEID="689720893" HOUSENUM="386" HOUSETYPE="2" OPERTYPEID="10" PREVID="0" NEXTID="0" UPDATEDATE="2025-09-30" STARTDATE="2025-09-30" ENDDATE="2079-06-06" ISACTUAL="1" ISACTIVE="1" /><HOUSE ID="129178429" OBJECTID="174954161" OBJECTGUID="eb6387a3-776d-4c81-9763-f009b559e9e2" CHANGEID="689720913" HOUSENUM="666М" HOUSETYPE="5" OPERTYPEID="10" PREVID="0" NEXTID="0" UPDATEDATE="2025-09-30" STARTDATE="2025-09-30" ENDDATE="2079-06-06" ISACTUAL="1" ISACTIVE="1" /><HOUSE ID="129178853" OBJECTID="174955116" OBJECTGUID="df2ae55b-59b1-4c3e-9e9a-cb7fa71f0d38" CHANGEID="689723061" HOUSENUM="31а" HOUSETYPE="5" OPERTYPEID="10" PREVID="0" NEXTID="0" UPDATEDATE="2025-09-30" STARTDATE="2025-09-30" ENDDATE="2079-06-06" ISACTUAL="1" ISACTIVE="1" /><HOUSE ID="129178856" OBJECTID="174955134" OBJECTGUID="2f96a43d-4d3b-4ca2-b477-bf2690b2f302" CHANGEID="689723092" HOUSENUM="1" HOUSETYPE="8" OPERTYPEID="10" PREVID="0" NEXTID="0" UPDATEDATE="2025-09-30" STARTDATE="2025-09-30" ENDDATE="2079-06-06" ISACTUAL="1" ISACTIVE="1" /><HOUSE ID="129178860" OBJECTID="174955158" OBJECTGUID="d9c0d2c6-5229-44d1-9f5a-902daa1382c8" CHANGEID="689723123" HOUSENUM="218" HOUSETYPE="2" OPERTYPEID="10" PREVID="0" NEXTID="0" UPDATEDATE="2025-09-30" STARTDATE="2025-09-30" ENDDATE="2079-06-06" ISACTUAL="1" ISACTIVE="1" /><HOUSE ID="129180918" OBJECTID="174962087" OBJECTGUID="4b5b0440-9b1a-4714-a22a-20b35bdcfc88" CHANGEID="689739975" HOUSENUM="25" HOUSETYPE="2" OPERTYPEID="10" PREVID="0" NEXTID="0" UPDATEDATE="2025-09-30" STARTDATE="2025-09-30" ENDDATE="2079-06-06" ISACTUAL="1" ISACTIVE="1" /><HOUSE ID="129181358" OBJECTID="50688731" OBJECTGUID="97c6b7b7-0194-4db2-bfbd-861fd0f15249" CHANGEID="689742942" HOUSENUM="2" HOUSETYPE="8" OPERTYPEID="30" PREVID="30304983" NEXTID="0" UPDATEDATE="2025-09-30" STARTDATE="2025-09-30" ENDDATE="2079-06-06" ISACTUAL="1" ISACTIVE="0" /><HOUSE ID="129181667" OBJECTID="174964753" OBJECTGUID="c357a16b-b6f9-4edf-9539-c1ddd079b9a3" CHANGEID="689745139" HOUSENUM="134В" HOUSETYPE="2" OPERTYPEID="10" PREVID="0" NEXTID="0" UPDATEDATE="2025-09-30" STARTDATE="2025-09-30" ENDDATE="2079-06-06" ISACTUAL="1" ISACTIVE="1" /><HOUSE ID="129182095" OBJECTID="174867514" OBJECTGUID="a8ecfd45-04e2-4770-b43f-b57bf86b8894" CHANGEID="689747727" HOUSENUM="1" HOUSETYPE="5" OPERTYPEID="20" PREVID="129151614" UPDATEDATE="2025-09-30" STARTDATE="2025-09-30" ENDDATE="2079-06-06" ISACTUAL="1" ISACTIVE="1" /><HOUSE ID="129182718" OBJECTID="6993064" OBJECTGUID="06638d0f-8e31-43ee-8c78-9c73d80db3c9" CHANGEID="689750855" HOUSENUM="11" HOUSETYPE="2" OPERTYPEID="30" PREVID="51833701" NEXTID="0" UPDATEDATE="2025-09-30" STARTDATE="2025-09-30" ENDDATE="2079-06-06" ISACTUAL="1" ISACTIVE="0" /><HOUSE ID="129182811" OBJECTID="11184587" OBJECTGUID="b1747fd5-969c-4524-9d6f-03680dcdd63c" CHANGEID="689751359" HOUSENUM="8" HOUSETYPE="2" OPERTYPEID="30" PREVID="63952290" NEXTID="0" UPDATEDATE="2025-09-30" STARTDATE="2025-09-30" ENDDATE="2079-06-06" ISACTUAL="1" ISACTIVE="0" /><HOUSE ID="63952290" OBJECTID="11184587" OBJECTGUID="b1747fd5-969c-4524-9d6f-03680dcdd63c" CHANGEID="18241045" HOUSENUM="8" HOUSETYPE="2" OPERTYPEID="20" PREVID="5953903" NEXTID="129182811" UPDATEDATE="2025-09-30" STARTDATE="2014-01-04" ENDDATE="2025-09-30" ISACTUAL="0" ISACTIVE="0" /><HOUSE ID="129182819" OBJECTID="5751620" OBJECTGUID="79071010-cb5d-4133-a2a9-0148c9c87271" CHANGEID="689751385" HOUSENUM="2" HOUSETYPE="2" OPERTYPEID="30" PREVID="59955420" NEXTID="0" UPDATEDATE="2025-09-30" STARTDATE="2025-09-30" ENDDATE="2079-06-06" ISACTUAL="1" ISACTIVE="0" /><HOUSE ID="129182800" OBJECTID="52840285" OBJECTGUID="d764fe8e-2fe1-4870-97ab-d755ca349944" CHANGEID="689751325" HOUSENUM="6" HOUSETYPE="2" OPERTYPEID="30" PREVID="66640031" NEXTID="0" UPDATEDATE="2025-09-30" STARTDATE="2025-09-30" ENDDATE="2079-06-06" ISACTUAL="1" ISACTIVE="0" /><HOUSE ID="129182801" OBJECTID="52836679" OBJECTGUID="749f5df1-6fd9-4af5-a78f-2ee6e306e491" CHANGEID="689751326" HOUSENUM="5" HOUSETYPE="2" OPERTYPEID="30" PREVID="59642632" NEXTID="0" UPDATEDATE="2025-09-30" STARTDATE="2025-09-30" ENDDATE="2079-06-06" ISACTUAL="1" ISACTIVE="0" /><HOUSE ID="129182802" OBJECTID="52837355" OBJECTGUID="a6f9afd7-08f6-47cc-a48b-370f4141773b" CHANGEID="689751327" HOUSENUM="8" HOUSETYPE="2" OPERTYPEID="30" PREVID="63210109" NEXTID="0" UPDATEDATE="2025-09-30" STARTDATE="2025-09-30" ENDDATE="2079-06-06" ISACTUAL="1" ISACTIVE="0" /><HOUSE ID="129182828" OBJECTID="77052265" OBJECTGUID="63408fab-b0b4-4008-bf93-a967624234a0" CHANGEID="689751413" HOUSENUM="23" HOUSETYPE="2" OPERTYPEID="30" PREVID="58412135" NEXTID="0" UPDATEDATE="2025-09-30" STARTDATE="2025-09-30" ENDDATE="2079-06-06" ISACTUAL="1" ISACTIVE="0" /><HOUSE ID="129182837" OBJECTID="49785627" OBJECTGUID="3cb4d84e-3a52-4099-8a49-69725b8b5e94" CHANGEID="689751465" HOUSENUM="5" HOUSETYPE="2" OPERTYPEID="30" PREVID="55681425" NEXTID="0" UPDATEDATE="2025-09-30" STARTDATE="2025-09-30" ENDDATE="2079-06-06" ISACTUAL="1" ISACTIVE="0" /><HOUSE ID="55681425" OBJECTID="49785627" OBJECTGUID="3cb4d84e-3a52-4099-8a49-69725b8b5e94" CHANGEID="74753110" HOUSENUM="5" HOUSETYPE="2" OPERTYPEID="20" PREVID="29776180" NEXTID="129182837" UPDATEDATE="2025-09-30" STARTDATE="2014-01-04" ENDDATE="2025-09-30" ISACTUAL="0" ISACTIVE="0" /><HOUSE ID="129182838" OBJECTID="49786778" OBJECTGUID="bf9e6ea8-e16b-44aa-a3ff-75124020d323" CHANGEID="689751466" HOUSENUM="4" HOUSETYPE="2" OPERTYPEID="30" PREVID="64956933" NEXTID="0" UPDATEDATE="2025-09-30" STARTDATE="2025-09-30" ENDDATE="2079-06-06" ISACTUAL="1" ISACTIVE="0" /><HOUSE ID="129182888" OBJECTID="47895711" OBJECTGUID="46660237-45aa-499c-af17-5f28684f7757" CHANGEID="689752009" HOUSENUM="74" HOUSETYPE="2" OPERTYPEID="30" PREVID="56366689" NEXTID="0" UPDATEDATE="2025-09-30" STARTDATE="2025-09-30" ENDDATE="2079-06-06" ISACTUAL="1" ISACTIVE="0" /><HOUSE ID="129182889" OBJECTID="47946590" OBJECTGUID="2fab0211-9a68-417a-b88d-baaae630396c" CHANGEID="689752010" HOUSENUM="15" HOUSETYPE="2" OPERTYPEID="30" PREVID="54757174" NEXTID="0" UPDATEDATE="2025-09-30" STARTDATE="2025-09-30" ENDDATE="2079-06-06" ISACTUAL="1" ISACTIVE="0" /><HOUSE ID="129182890" OBJECTID="47947773" OBJECTGUID="c16bcce6-98f2-4d77-9cb5-cb2de46d7902" CHANGEID="689752011" HOUSENUM="136" HOUSETYPE="2" OPERTYPEID="30" PREVID="65084354" NEXTID="0" UPDATEDATE="2025-09-30" STARTDATE="2025-09-30" ENDDATE="2079-06-06" ISACTUAL="1" ISACTIVE="0" /><HOUSE ID="129183110" OBJECTID="174968182" OBJECTGUID="1c1710db-1d08-4b6c-aeee-92830dfdb1d8" CHANGEID="689753486" HOUSENUM="1б" HOUSETYPE="2" OPERTYPEID="10" PREVID="0" NEXTID="0" UPDATEDATE="2025-09-30" STARTDATE="2025-09-30" ENDDATE="2079-06-06" ISACTUAL="1" ISACTIVE="1" /><HOUSE ID="129183172" OBJECTID="174968363" OBJECTGUID="7a23f5c6-2ebb-4b9f-a908-4170b810fea7" CHANGEID="689754377" HOUSENUM="22а" HOUSETYPE="2" OPERTYPEID="10" PREVID="0" NEXTID="0" UPDATEDATE="2025-09-30" STARTDATE="2025-09-30" ENDDATE="2079-06-06" ISACTUAL="1" ISACTIVE="1" /><HOUSE ID="129183369" OBJECTID="174969090" OBJECTGUID="9c8220a4-a58a-491f-b280-6329a70cb473" CHANGEID="689755723" HOUSENUM="33" HOUSETYPE="2" OPERTYPEID="10" PREVID="0" NEXTID="0" UPDATEDATE="2025-09-30" STARTDATE="2025-09-30" ENDDATE="2079-06-06" ISACTUAL="1" ISACTIVE="1" /><HOUSE ID="129183721" OBJECTID="174969864" OBJECTGUID="45bfdfb6-886c-41ab-8b86-a5900f15901a" CHANGEID="689757528" HOUSENUM="83" HOUSETYPE="2" OPERTYPEID="10" PREVID="0" NEXTID="0" UPDATEDATE="2025-09-30" STARTDATE="2025-09-30" ENDDATE="2079-06-06" ISACTUAL="1" ISACTIVE="1" /><HOUSE ID="129183723" OBJECTID="174969867" OBJECTGUID="130b2408-28ac-4527-991a-3b2e0d738439" CHANGEID="689757577" HOUSENUM="61" HOUSETYPE="2" OPERTYPEID="10" PREVID="0" NEXTID="0" UPDATEDATE="2025-09-30" STARTDATE="2025-09-30" ENDDATE="2079-06-06" ISACTUAL="1" ISACTIVE="1" /><HOUSE ID="129183808" OBJECTID="174970430" OBJECTGUID="90e3e93b-3e6d-41af-855c-67c28f1c716c" CHANGEID="689758781" HOUSENUM="40" HOUSETYPE="2" OPERTYPEID="10" PREVID="0" NEXTID="0" UPDATEDATE="2025-09-30" STARTDATE="2025-09-30" ENDDATE="2079-06-06" ISACTUAL="1" ISACTIVE="1" /><HOUSE ID="129187114" OBJECTID="174981029" OBJECTGUID="e7ed5386-c405-463b-9fc1-a6a9487f2c67" CHANGEID="689798634" HOUSENUM="142" HOUSETYPE="2" OPERTYPEID="10" PREVID="0" NEXTID="0" UPDATEDATE="2025-10-01" STARTDATE="2025-10-01" ENDDATE="2079-06-06" ISACTUAL="1" ISACTIVE="1" /><HOUSE ID="129187106" OBJECTID="174981003" OBJECTGUID="983e9faf-48e7-4be9-8aa9-582b5a37aa72" CHANGEID="689798608" HOUSENUM="156" HOUSETYPE="2" OPERTYPEID="10" PREVID="0" NEXTID="0" UPDATEDATE="2025-10-01" STARTDATE="2025-10-01" ENDDATE="2079-06-06" ISACTUAL="1" ISACTIVE="1" /><HOUSE ID="129187461" OBJECTID="174982130" OBJECTGUID="4edd3493-6193-4ec4-9442-417c411a0477" CHANGEID="689800943" HOUSENUM="70А" HOUSETYPE="2" OPERTYPEID="10" PREVID="0" NEXTID="0" UPDATEDATE="2025-10-01" STARTDATE="2025-10-01" ENDDATE="2079-06-06" ISACTUAL="1" ISACTIVE="1" /><HOUSE ID="129187486" OBJECTID="174982196" OBJECTGUID="e90109ca-7e2e-4137-b34d-d9633e8f62ed" CHANGEID="689801018" HOUSENUM="20а" HOUSETYPE="2" OPERTYPEID="10" PREVID="0" NEXTID="0" UPDATEDATE="2025-10-01" STARTDATE="2025-10-01" ENDDATE="2079-06-06" ISACTUAL="1" ISACTIVE="1" /><HOUSE ID="129188523" OBJECTID="174984850" OBJECTGUID="4597e99c-7ea1-401d-bf75-14265d3d83f5" CHANGEID="689806878" HOUSENUM="18а" HOUSETYPE="2" OPERTYPEID="10" PREVID="0" NEXTID="0" UPDATEDATE="2025-10-01" STARTDATE="2025-10-01" ENDDATE="2079-06-06" ISACTUAL="1" ISACTIVE="1" /><HOUSE ID="129188588" OBJECTID="174984972" OBJECTGUID="706f4c5c-83b5-4093-b931-e56876dc3b99" CHANGEID="689807104" HOUSENUM="14г" HOUSETYPE="5" OPERTYPEID="10" PREVID="0" NEXTID="0" UPDATEDATE="2025-10-01" STARTDATE="2025-10-01" ENDDATE="2079-06-06" ISACTUAL="1" ISACTIVE="1" /><HOUSE ID="129188646" OBJECTID="174985103" OBJECTGUID="c1476c7c-67fb-4c3e-9ef9-a2cdba12d63b" CHANGEID="689807516" HOUSENUM="91а" HOUSETYPE="2" OPERTYPEID="10" PREVID="0" NEXTID="0" UPDATEDATE="2025-10-01" STARTDATE="2025-10-01" ENDDATE="2079-06-06" ISACTUAL="1" ISACTIVE="1" /><HOUSE ID="129188714" OBJECTID="40632532" OBJECTGUID="215f2d86-40fb-49f6-be9f-e7ed710fb32b" CHANGEID="689808086" HOUSENUM="67а" HOUSETYPE="2" OPERTYPEID="30" PREVID="24286000" NEXTID="0" UPDATEDATE="2025-10-01" STARTDATE="2025-10-01" ENDDATE="2079-06-06" ISACTUAL="1" ISACTIVE="0" /><HOUSE ID="24286000" OBJECTID="40632532" OBJECTGUID="215f2d86-40fb-49f6-be9f-e7ed710fb32b" CHANGEID="61485151" HOUSENUM="67а" HOUSETYPE="2" OPERTYPEID="20" PREVID="24285997" NEXTID="129188714" UPDATEDATE="2025-10-01" STARTDATE="2016-09-07" ENDDATE="2025-10-01" ISACTUAL="0" ISACTIVE="0" /><HOUSE ID="129189494" OBJECTID="73236818" OBJECTGUID="a63bb584-187d-4260-bcbc-e0e89bab2d75" CHANGEID="689812245" HOUSENUM="43" HOUSETYPE="2" OPERTYPEID="30" PREVID="63157658" NEXTID="0" UPDATEDATE="2025-10-01" STARTDATE="2025-10-01" ENDDATE="2079-06-06" ISACTUAL="1" ISACTIVE="0" /><HOUSE ID="129190112" OBJECTID="97622564" OBJECTGUID="d21b87b2-aaa0-488d-9a7f-c3233d8a502a" CHANGEID="689815966" HOUSENUM="101" HOUSETYPE="5" OPERTYPEID="30" PREVID="69887046" NEXTID="0" UPDATEDATE="2025-10-01" STARTDATE="2025-10-01" ENDDATE="2079-06-06" ISACTUAL="1" ISACTIVE="0" /><HOUSE ID="129190125" OBJECTID="97623332" OBJECTGUID="3279479a-27a9-4ad9-a0fc-3bf480b6073c" CHANGEID="689815994" HOUSENUM="13А" HOUSETYPE="8" OPERTYPEID="30" PREVID="69887251" NEXTID="0" UPDATEDATE="2025-10-01" STARTDATE="2025-10-01" ENDDATE="2079-06-06" ISACTUAL="1" ISACTIVE="0" /><HOUSE ID="129190146" OBJECTID="174989809" OBJECTGUID="fc908810-475e-42b0-b233-5a925c51ba62" CHANGEID="689816055" HOUSENUM="83" HOUSETYPE="2" OPERTYPEID="10" PREVID="0" NEXTID="0" UPDATEDATE="2025-10-01" STARTDATE="2025-10-01" ENDDATE="2079-06-06" ISACTUAL="1" ISACTIVE="1" /><HOUSE ID="129190147" OBJECTID="174989810" OBJECTGUID="4071dab6-3f6c-4740-ae17-55522a8eec45" CHANGEID="689816056" HOUSENUM="75" HOUSETYPE="2" OPERTYPEID="10" PREVID="0" NEXTID="0" UPDATEDATE="2025-10-01" STARTDATE="2025-10-01" ENDDATE="2079-06-06" ISACTUAL="1" ISACTIVE="1" /><HOUSE ID="129190148" OBJECTID="174989811" OBJECTGUID="7084318c-be74-4022-88b1-cc135d7424f4" CHANGEID="689816057" HOUSENUM="17" HOUSETYPE="2" OPERTYPEID="10" PREVID="0" NEXTID="0" UPDATEDATE="2025-10-01" STARTDATE="2025-10-01" ENDDATE="2079-06-06" ISACTUAL="1" ISACTIVE="1" /><HOUSE ID="129190149" OBJECTID="174989812" OBJECTGUID="10cd7c50-f7d7-41a8-b244-915ad459a606" CHANGEID="689816058" HOUSENUM="12" HOUSETYPE="2" OPERTYPEID="10" PREVID="0" NEXTID="0" UPDATEDATE="2025-10-01" STARTDATE="2025-10-01" ENDDATE="2079-06-06" ISACTUAL="1" ISACTIVE="1" /><HOUSE ID="129190150" OBJECTID="174989813" OBJECTGUID="65b05411-4610-4a9b-84e2-9a56e52301cc" CHANGEID="689816059" HOUSENUM="5" HOUSETYPE="2" OPERTYPEID="10" PREVID="0" NEXTID="0" UPDATEDATE="2025-10-01" STARTDATE="2025-10-01" ENDDATE="2079-06-06" ISACTUAL="1" ISACTIVE="1" /><HOUSE ID="129190165" OBJECTID="174989829" OBJECTGUID="8ae23ac5-a6e8-4f1f-b5dc-5dbf47e7b30a" CHANGEID="689816086" HOUSENUM="11" HOUSETYPE="2" OPERTYPEID="10" PREVID="0" NEXTID="0" UPDATEDATE="2025-10-01" STARTDATE="2025-10-01" ENDDATE="2079-06-06" ISACTUAL="1" ISACTIVE="1" /><HOUSE ID="129190174" OBJECTID="174989870" OBJECTGUID="ebfc2c08-e706-4f96-a907-82d4231fd4f3" CHANGEID="689816138" HOUSENUM="74" HOUSETYPE="2" OPERTYPEID="10" PREVID="0" NEXTID="0" UPDATEDATE="2025-10-01" STARTDATE="2025-10-01" ENDDATE="2079-06-06" ISACTUAL="1" ISACTIVE="1" /><HOUSE ID="129190175" OBJECTID="174989871" OBJECTGUID="0bbadcd5-a16f-4cd6-bbc9-92ed2aef90f3" CHANGEID="689816139" HOUSENUM="1" HOUSETYPE="2" OPERTYPEID="10" PREVID="0" NEXTID="0" UPDATEDATE="2025-10-01" STARTDATE="2025-10-01" ENDDATE="2079-06-06" ISACTUAL="1" ISACTIVE="1" /><HOUSE ID="129190521" OBJECTID="174990682" OBJECTGUID="15c16016-c923-4669-abd8-8e455cececd6" CHANGEID="689817599" HOUSENUM="95" HOUSETYPE="7" OPERTYPEID="10" PREVID="0" NEXTID="0" UPDATEDATE="2025-10-01" STARTDATE="2025-10-01" ENDDATE="2079-06-06" ISACTUAL="1" ISACTIVE="1" /><HOUSE ID="129190522" OBJECTID="174990683" OBJECTGUID="e1b39130-db56-41c3-b517-63baf1163e49" CHANGEID="689817600" HOUSENUM="87" HOUSETYPE="7" OPERTYPEID="10" PREVID="0" NEXTID="0" UPDATEDATE="2025-10-01" STARTDATE="2025-10-01" ENDDATE="2079-06-06" ISACTUAL="1" ISACTIVE="1" /><HOUSE ID="129190523" OBJECTID="174990684" OBJECTGUID="2136be39-5cf4-4245-84ff-2126c29fdb79" CHANGEID="689817601" HOUSENUM="75" HOUSETYPE="7" OPERTYPEID="10" PREVID="0" NEXTID="0" UPDATEDATE="2025-10-01" STARTDATE="2025-10-01" ENDDATE="2079-06-06" ISACTUAL="1" ISACTIVE="1" /><HOUSE ID="129190524" OBJECTID="174990685" OBJECTGUID="63e9ee12-d2e6-46c3-b9fe-7d95a3b60c5e" CHANGEID="689817602" HOUSENUM="37" HOUSETYPE="7" OPERTYPEID="10" PREVID="0" NEXTID="0" UPDATEDATE="2025-10-01" STARTDATE="2025-10-01" ENDDATE="2079-06-06" ISACTUAL="1" ISACTIVE="1" /><HOUSE ID="129190525" OBJECTID="174990686" OBJECTGUID="5710b937-53bf-4c1b-8ed3-89a2a9d91c1c" CHANGEID="689817603" HOUSENUM="36" HOUSETYPE="7" OPERTYPEID="10" PREVID="0" NEXTID="0" UPDATEDATE="2025-10-01" STARTDATE="2025-10-01" ENDDATE="2079-06-06" ISACTUAL="1" ISACTIVE="1" /><HOUSE ID="129190526" OBJECTID="174990687" OBJECTGUID="75e11604-f14d-4876-8a55-afde1bfc9b14" CHANGEID="689817604" HOUSENUM="18" HOUSETYPE="7" OPERTYPEID="10" PREVID="0" NEXTID="0" UPDATEDATE="2025-10-01" STARTDATE="2025-10-01" ENDDATE="2079-06-06" ISACTUAL="1" ISACTIVE="1" /><HOUSE ID="129190527" OBJECTID="174990688" OBJECTGUID="1f3d4bdb-a698-4c8f-8017-644140f1760f" CHANGEID="689817605" HOUSENUM="14" HOUSETYPE="7" OPERTYPEID="10" PREVID="0" NEXTID="0" UPDATEDATE="2025-10-01" STARTDATE="2025-10-01" ENDDATE="2079-06-06" ISACTUAL="1" ISACTIVE="1" /><HOUSE ID="129190528" OBJECTID="174990689" OBJECTGUID="e876025f-ad0d-46e0-82c8-c3999c5f97af" CHANGEID="689817606" HOUSENUM="13" HOUSETYPE="7" OPERTYPEID="10" PREVID="0" NEXTID="0" UPDATEDATE="2025-10-01" STARTDATE="2025-10-01" ENDDATE="2079-06-06" ISACTUAL="1" ISACTIVE="1" /><HOUSE ID="129190529" OBJECTID="174990690" OBJECTGUID="c0e33d50-9b43-4c20-aa97-c7a3c4c690f1" CHANGEID="689817607" HOUSENUM="5" HOUSETYPE="7" OPERTYPEID="10" PREVID="0" NEXTID="0" UPDATEDATE="2025-10-01" STARTDATE="2025-10-01" ENDDATE="2079-06-06" ISACTUAL="1" ISACTIVE="1" /><HOUSE ID="129190913" OBJECTID="174991395" OBJECTGUID="1ab0feb0-2abf-4e13-b121-492a47a619bb" CHANGEID="689819000" HOUSENUM="122" HOUSETYPE="7" OPERTYPEID="10" PREVID="0" NEXTID="0" UPDATEDATE="2025-10-01" STARTDATE="2025-10-01" ENDDATE="2079-06-06" ISACTUAL="1" ISACTIVE="1" /><HOUSE ID="129190914" OBJECTID="174991396" OBJECTGUID="b54b1478-723e-433a-9295-421d9b43e6a0" CHANGEID="689819001" HOUSENUM="28" HOUSETYPE="7" OPERTYPEID="10" PREVID="0" NEXTID="0" UPDATEDATE="2025-10-01" STARTDATE="2025-10-01" ENDDATE="2079-06-06" ISACTUAL="1" ISACTIVE="1" /><HOUSE ID="129190915" OBJECTID="174991397" OBJECTGUID="763383e7-241f-4192-97da-3ba7fde80937" CHANGEID="689819002" HOUSENUM="13" HOUSETYPE="7" OPERTYPEID="10" PREVID="0" NEXTID="0" UPDATEDATE="2025-10-01" STARTDATE="2025-10-01" ENDDATE="2079-06-06" ISACTUAL="1" ISACTIVE="1" /><HOUSE ID="129190916" OBJECTID="174991398" OBJECTGUID="7ae07cf2-4a7d-4716-bad9-c982cc1a4080" CHANGEID="689819003" HOUSENUM="8" HOUSETYPE="7" OPERTYPEID="10" PREVID="0" NEXTID="0" UPDATEDATE="2025-10-01" STARTDATE="2025-10-01" ENDDATE="2079-06-06" ISACTUAL="1" ISACTIVE="1" /><HOUSE ID="129190917" OBJECTID="174991399" OBJECTGUID="2dacfc98-36bd-4a49-9db8-a87064f636af" CHANGEID="689819004" HOUSENUM="1" HOUSETYPE="7" OPERTYPEID="10" PREVID="0" NEXTID="0" UPDATEDATE="2025-10-01" STARTDATE="2025-10-01" ENDDATE="2079-06-06" ISACTUAL="1" ISACTIVE="1" /><HOUSE ID="129190918" OBJECTID="174991400" OBJECTGUID="19a463d4-886f-4a24-b7c2-c929957f8951" CHANGEID="689819005" HOUSENUM="114" HOUSETYPE="7" OPERTYPEID="10" PREVID="0" NEXTID="0" UPDATEDATE="2025-10-01" STARTDATE="2025-10-01" ENDDATE="2079-06-06" ISACTUAL="1" ISACTIVE="1" /><HOUSE ID="129190919" OBJECTID="174991401" OBJECTGUID="6d25193d-ce11-4ed6-9d87-c03b6960214b" CHANGEID="689819006" HOUSENUM="113" HOUSETYPE="7" OPERTYPEID="10" PREVID="0" NEXTID="0" UPDATEDATE="2025-10-01" STARTDATE="2025-10-01" ENDDATE="2079-06-06" ISACTUAL="1" ISACTIVE="1" /><HOUSE ID="129190920" OBJECTID="174991402" OBJECTGUID="480915b1-0377-481f-a4d8-52a431afe9a8" CHANGEID="689819007" HOUSENUM="89" HOUSETYPE="7" OPERTYPEID="10" PREVID="0" NEXTID="0" UPDATEDATE="2025-10-01" STARTDATE="2025-10-01" ENDDATE="2079-06-06" ISACTUAL="1" ISACTIVE="1" /><HOUSE ID="129190921" OBJECTID="174991403" OBJECTGUID="9df31296-6996-4200-a080-41b3691a2af3" CHANGEID="689819008" HOUSENUM="83" HOUSETYPE="7" OPERTYPEID="10" PREVID="0" NEXTID="0" UPDATEDATE="2025-10-01" STARTDATE="2025-10-01" ENDDATE="2079-06-06" ISACTUAL="1" ISACTIVE="1" /><HOUSE ID="129190922" OBJECTID="174991404" OBJECTGUID="8a931f73-3bcc-4101-a03d-933c656b0319" CHANGEID="689819009" HOUSENUM="120" HOUSETYPE="7" OPERTYPEID="10" PREVID="0" NEXTID="0" UPDATEDATE="2025-10-01" STARTDATE="2025-10-01" ENDDATE="2079-06-06" ISACTUAL="1" ISACTIVE="1" /><HOUSE ID="129190923" OBJECTID="174991405" OBJECTGUID="bdc92264-78f0-4b24-aca0-c34bbf51ad5e" CHANGEID="689819010" HOUSENUM="119" HOUSETYPE="7" OPERTYPEID="10" PREVID="0" NEXTID="0" UPDATEDATE="2025-10-01" STARTDATE="2025-10-01" ENDDATE="2079-06-06" ISACTUAL="1" ISACTIVE="1" /><HOUSE ID="129190924" OBJECTID="174991406" OBJECTGUID="6b10f721-9d09-467d-a8a4-ae7c54f66c85" CHANGEID="689819011" HOUSENUM="81" HOUSETYPE="7" OPERTYPEID="10" PREVID="0" NEXTID="0" UPDATEDATE="2025-10-01" STARTDATE="2025-10-01" ENDDATE="2079-06-06" ISACTUAL="1" ISACTIVE="1" /><HOUSE ID="129191404" OBJECTID="46927395" OBJECTGUID="47252691-c8ab-4da9-b608-ae29f48288bd" CHANGEID="689824851" HOUSENUM="4" HOUSETYPE="2" OPERTYPEID="30" PREVID="56419990" NEXTID="0" UPDATEDATE="2025-10-01" STARTDATE="2025-10-01" ENDDATE="2079-06-06" ISACTUAL="1" ISACTIVE="0" /><HOUSE ID="56419990" OBJECTID="46927395" OBJECTGUID="47252691-c8ab-4da9-b608-ae29f48288bd" CHANGEID="70613593" HOUSENUM="4" HOUSETYPE="2" OPERTYPEID="20" PREVID="28060841" NEXTID="129191404" UPDATEDATE="2025-10-01" STARTDATE="2015-11-25" ENDDATE="2025-10-01" ISACTUAL="0" ISACTIVE="0" /><HOUSE ID="129191416" OBJECTID="171502368" OBJECTGUID="2181f5c7-1894-4d3a-af7b-f4cb5901ea2f" CHANGEID="689824968" HOUSENUM="101" HOUSETYPE="5" OPERTYPEID="20" PREVID="128182185" UPDATEDATE="2025-10-01" STARTDATE="2025-10-01" ENDDATE="2079-06-06" ISACTUAL="1" ISACTIVE="1" /></HOUSES>