﻿<?xml version="1.0" encoding="utf-8"?><APARTMENTS><APARTMENT ID="111809221" OBJECTID="174961463" OBJECTGUID="fb6ff851-2ee2-4872-b02f-fb1d041df4a6" CHANGEID="689738280" NUMBER="12" APARTTYPE="2" OPERTYPEID="10" PREVID="0" NEXTID="0" UPDATEDATE="2025-09-30" STARTDATE="2025-09-30" ENDDATE="2079-06-06" ISACTUAL="1" ISACTIVE="1" /><APARTMENT ID="111809222" OBJECTID="174961465" OBJECTGUID="01e99b32-ab05-4339-b397-7142b3d021d4" CHANGEID="689738283" NUMBER="1" APARTTYPE="2" OPERTYPEID="10" PREVID="0" NEXTID="0" UPDATEDATE="2025-09-30" STARTDATE="2025-09-30" ENDDATE="2079-06-06" ISACTUAL="1" ISACTIVE="1" /><APARTMENT ID="111809223" OBJECTID="174961466" OBJECTGUID="c6eb4d33-b8df-4a1c-8854-2ee8e2be12d5" CHANGEID="689738285" NUMBER="5" APARTTYPE="2" OPERTYPEID="10" PREVID="0" NEXTID="0" UPDATEDATE="2025-09-30" STARTDATE="2025-09-30" ENDDATE="2079-06-06" ISACTUAL="1" ISACTIVE="1" /><APARTMENT ID="111809228" OBJECTID="174961489" OBJECTGUID="ca114e5b-d432-4e02-b462-bab1c7feeaa5" CHANGEID="689738341" NUMBER="6" APARTTYPE="2" OPERTYPEID="10" PREVID="0" NEXTID="0" UPDATEDATE="2025-09-30" STARTDATE="2025-09-30" ENDDATE="2079-06-06" ISACTUAL="1" ISACTIVE="1" /><APARTMENT ID="111809232" OBJECTID="174961493" OBJECTGUID="865548e9-4e9e-4229-8024-a923ef36eaa8" CHANGEID="689738393" NUMBER="25" APARTTYPE="2" OPERTYPEID="10" PREVID="0" NEXTID="0" UPDATEDATE="2025-09-30" STARTDATE="2025-09-30" ENDDATE="2079-06-06" ISACTUAL="1" ISACTIVE="1" /><APARTMENT ID="111815245" OBJECTID="174982766" OBJECTGUID="cb190a45-b1dd-4387-a8c6-a29f95124c65" CHANGEID="689802135" NUMBER="1" APARTTYPE="2" OPERTYPEID="10" PREVID="0" NEXTID="0" UPDATEDATE="2025-10-01" STARTDATE="2025-10-01" ENDDATE="2079-06-06" ISACTUAL="1" ISACTIVE="1" /><APARTMENT ID="111815246" OBJECTID="174982769" OBJECTGUID="9d19cee2-dd5f-44f4-b643-befcf694bcdd" CHANGEID="689802141" NUMBER="2" APARTTYPE="2" OPERTYPEID="10" PREVID="0" NEXTID="0" UPDATEDATE="2025-10-01" STARTDATE="2025-10-01" ENDDATE="2079-06-06" ISACTUAL="1" ISACTIVE="1" /><APARTMENT ID="111815251" OBJECTID="174982785" OBJECTGUID="b361d857-633a-4cff-bbcf-77a5f6b54508" CHANGEID="689802166" NUMBER="26" APARTTYPE="1" OPERTYPEID="10" PREVID="0" NEXTID="0" UPDATEDATE="2025-10-01" STARTDATE="2025-10-01" ENDDATE="2079-06-06" ISACTUAL="1" ISACTIVE="1" /><APARTMENT ID="111815252" OBJECTID="174982786" OBJECTGUID="2e763608-dd66-4dd7-b448-a3c5859986c1" CHANGEID="689802169" NUMBER="27" APARTTYPE="1" OPERTYPEID="10" PREVID="0" NEXTID="0" UPDATEDATE="2025-10-01" STARTDATE="2025-10-01" ENDDATE="2079-06-06" ISACTUAL="1" ISACTIVE="1" /></APARTMENTS>