﻿<?xml version="1.0" encoding="utf-8"?><ADDRESSOBJECTS><OBJECT ID="1393280" OBJECTID="1131416" OBJECTGUID="e2eaeba1-0132-4ecf-8155-c67492a54b9d" CHANGEID="3111133" NAME="СДТ Автомобилист" TYPENAME="снт" LEVEL="7" OPERTYPEID="50" PREVID="1393213" NEXTID="52189863" UPDATEDATE="2025-09-30" STARTDATE="2016-09-28" ENDDATE="2025-09-30" ISACTUAL="0" ISACTIVE="0" /><OBJECT ID="1396498" OBJECTID="1133883" OBJECTGUID="1d3e349b-5032-4250-a142-3dff1dbd6a77" CHANGEID="3117567" NAME="СНП Заводское" TYPENAME="снт" LEVEL="7" OPERTYPEID="50" PREVID="1396481" NEXTID="52189862" UPDATEDATE="2025-09-30" STARTDATE="2016-09-29" ENDDATE="2025-09-30" ISACTUAL="0" ISACTIVE="0" /><OBJECT ID="52189511" OBJECTID="174940950" OBJECTGUID="f1306897-a226-4371-a88d-6eba16384c43" CHANGEID="689691922" NAME="1606001" TYPENAME="тер." LEVEL="7" OPERTYPEID="10" PREVID="0" NEXTID="0" UPDATEDATE="2025-09-29" STARTDATE="2025-09-29" ENDDATE="2079-06-06" ISACTUAL="1" ISACTIVE="1" /><OBJECT ID="52189720" OBJECTID="174958811" OBJECTGUID="9e324133-38be-4943-b29f-951ae1a680bb" CHANGEID="689732762" NAME="63290000000" TYPENAME="кв-л" LEVEL="7" OPERTYPEID="10" PREVID="0" NEXTID="0" UPDATEDATE="2025-09-30" STARTDATE="2025-09-30" ENDDATE="2079-06-06" ISACTUAL="1" ISACTIVE="1" /><OBJECT ID="52189841" OBJECTID="174965597" OBJECTGUID="9d6a357b-90fb-4ece-8cd3-fec8a035e729" CHANGEID="689746576" NAME="Маланинское" TYPENAME="тер." LEVEL="7" OPERTYPEID="10" PREVID="0" NEXTID="0" UPDATEDATE="2025-09-30" STARTDATE="2025-09-30" ENDDATE="2079-06-06" ISACTUAL="1" ISACTIVE="1" /><OBJECT ID="52189842" OBJECTID="174965899" OBJECTGUID="1bd0ef5e-43ea-4afe-9164-6123b43e1bcb" CHANGEID="689747707" NAME="Саратовская" TYPENAME="тер." LEVEL="7" OPERTYPEID="10" PREVID="0" NEXTID="0" UPDATEDATE="2025-09-30" STARTDATE="2025-09-30" ENDDATE="2079-06-06" ISACTUAL="1" ISACTIVE="1" /><OBJECT ID="52189843" OBJECTID="174965951" OBJECTGUID="38ea82ed-d85b-4ca3-a9ae-e5f82759424b" CHANGEID="689747817" NAME="Автодорога Водино-Центральная" TYPENAME="тер." LEVEL="7" OPERTYPEID="10" PREVID="0" NEXTID="0" UPDATEDATE="2025-09-30" STARTDATE="2025-09-30" ENDDATE="2079-06-06" ISACTUAL="1" ISACTIVE="1" /><OBJECT ID="52189862" OBJECTID="1133883" OBJECTGUID="1d3e349b-5032-4250-a142-3dff1dbd6a77" CHANGEID="689756818" NAME="СНТ СН Заводское" TYPENAME="тер." LEVEL="7" OPERTYPEID="20" PREVID="1396498" UPDATEDATE="2025-09-30" STARTDATE="2025-09-30" ENDDATE="2079-06-06" ISACTUAL="1" ISACTIVE="1" /><OBJECT ID="52189863" OBJECTID="1131416" OBJECTGUID="e2eaeba1-0132-4ecf-8155-c67492a54b9d" CHANGEID="689756837" NAME="СДТ Автомобилист" TYPENAME="тер." LEVEL="7" OPERTYPEID="20" PREVID="1393280" UPDATEDATE="2025-09-30" STARTDATE="2025-09-30" ENDDATE="2079-06-06" ISACTUAL="1" ISACTIVE="1" /><OBJECT ID="52190084" OBJECTID="174985024" OBJECTGUID="b8128cff-9c3b-4757-a13f-dfbe16dcb2a3" CHANGEID="689807331" NAME="турбаза Чародейка" TYPENAME="тер." LEVEL="7" OPERTYPEID="10" PREVID="0" NEXTID="0" UPDATEDATE="2025-10-01" STARTDATE="2025-10-01" ENDDATE="2079-06-06" ISACTUAL="1" ISACTIVE="1" /></ADDRESSOBJECTS>