﻿<?xml version="1.0" encoding="utf-8"?><HOUSES><HOUSE ID="56236529" OBJECTID="13547444" OBJECTGUID="448bf6c4-d151-44d5-9330-a5e3a8d1519f" CHANGEID="21734033" HOUSENUM="19" HOUSETYPE="2" OPERTYPEID="20" PREVID="7440450" NEXTID="129173924" UPDATEDATE="2025-09-29" STARTDATE="2014-02-18" ENDDATE="2025-09-29" ISACTUAL="0" ISACTIVE="0" /><HOUSE ID="59020711" OBJECTID="12383701" OBJECTGUID="6bd915be-b515-454e-b032-d17ce6278423" CHANGEID="20000169" HOUSENUM="122" HOUSETYPE="2" OPERTYPEID="20" PREVID="6682635" NEXTID="129190314" UPDATEDATE="2025-10-01" STARTDATE="2014-01-04" ENDDATE="2025-10-01" ISACTUAL="0" ISACTIVE="0" /><HOUSE ID="61625747" OBJECTID="62170691" OBJECTGUID="909fe4dc-1ef0-4f8f-9cf4-ae6e7ca5f698" CHANGEID="92834026" HOUSENUM="7" HOUSETYPE="2" OPERTYPEID="20" PREVID="37365020" NEXTID="129186703" UPDATEDATE="2025-10-01" STARTDATE="2014-01-04" ENDDATE="2025-10-01" ISACTUAL="0" ISACTIVE="0" /><HOUSE ID="65419251" OBJECTID="47527243" OBJECTGUID="c6267391-add2-4377-b23a-add925e4e369" CHANGEID="71476875" HOUSENUM="74" HOUSETYPE="2" OPERTYPEID="20" PREVID="28412536" NEXTID="129181605" UPDATEDATE="2025-09-30" STARTDATE="2014-01-04" ENDDATE="2025-09-30" ISACTUAL="0" ISACTIVE="0" /><HOUSE ID="65418401" OBJECTID="23708862" OBJECTGUID="c6245391-32d8-4aad-ba4e-2913f3a3b103" CHANGEID="36818861" HOUSENUM="79" HOUSETYPE="2" OPERTYPEID="20" PREVID="13990934" NEXTID="129190842" UPDATEDATE="2025-10-01" STARTDATE="2014-01-04" ENDDATE="2025-10-01" ISACTUAL="0" ISACTIVE="0" /><HOUSE ID="66536406" OBJECTID="55637375" OBJECTGUID="d5f1afc8-e181-4ebc-8639-b804a4a2aa45" CHANGEID="83226696" HOUSENUM="15" HOUSETYPE="2" OPERTYPEID="20" PREVID="33270442" NEXTID="129191380" UPDATEDATE="2025-10-01" STARTDATE="2014-02-17" ENDDATE="2025-10-01" ISACTUAL="0" ISACTIVE="0" /><HOUSE ID="66720034" OBJECTID="34912350" OBJECTGUID="d88936a8-7f9d-47e9-b8e6-9cb68cbf032d" CHANGEID="53109319" HOUSENUM="2" HOUSETYPE="2" OPERTYPEID="20" PREVID="20765951" NEXTID="129190874" UPDATEDATE="2025-10-01" STARTDATE="2014-02-17" ENDDATE="2025-10-01" ISACTUAL="0" ISACTIVE="0" /><HOUSE ID="68074429" OBJECTID="55632765" OBJECTGUID="ebace6ef-6c03-4da8-8257-457e26393f3e" CHANGEID="83219656" HOUSENUM="6" HOUSETYPE="2" OPERTYPEID="20" PREVID="33267413" NEXTID="129190897" UPDATEDATE="2025-10-01" STARTDATE="2014-02-17" ENDDATE="2025-10-01" ISACTUAL="0" ISACTIVE="0" /><HOUSE ID="3833737" OBJECTID="7729644" OBJECTGUID="46aebffe-5c3c-46b0-8007-f27261650257" CHANGEID="13197251" HOUSENUM="13а" HOUSETYPE="2" OPERTYPEID="10" PREVID="0" NEXTID="129169923" UPDATEDATE="2025-09-29" STARTDATE="2016-08-08" ENDDATE="2025-09-29" ISACTUAL="0" ISACTIVE="0" /><HOUSE ID="10465440" OBJECTID="18162838" OBJECTGUID="2edeb57b-8caa-4534-b67c-6c1e1c6201a4" CHANGEID="28617680" HOUSENUM="13Б" HOUSETYPE="2" OPERTYPEID="10" PREVID="0" NEXTID="129175034" UPDATEDATE="2025-09-29" STARTDATE="2018-11-05" ENDDATE="2025-09-29" ISACTUAL="0" ISACTIVE="0" /><HOUSE ID="52912505" OBJECTID="72239886" OBJECTGUID="15a12b80-5d0e-48fd-b2c6-533aefc9c389" CHANGEID="107571468" HOUSENUM="16а" HOUSETYPE="2" OPERTYPEID="20" PREVID="43581627" NEXTID="129181976" UPDATEDATE="2025-09-30" STARTDATE="2017-11-08" ENDDATE="2025-09-30" ISACTUAL="0" ISACTIVE="0" /><HOUSE ID="53105009" OBJECTID="41754588" OBJECTGUID="1856f4d8-c14c-4ee3-92e5-1914c64d4025" CHANGEID="63129473" HOUSENUM="9" HOUSETYPE="2" OPERTYPEID="20" PREVID="24960612" NEXTID="129191147" UPDATEDATE="2025-10-01" STARTDATE="2014-02-17" ENDDATE="2025-10-01" ISACTUAL="0" ISACTIVE="0" /><HOUSE ID="53232113" OBJECTID="55634540" OBJECTGUID="1a1fe920-5691-47f0-9bed-8dd42ab5a426" CHANGEID="83225263" HOUSENUM="13" HOUSETYPE="2" OPERTYPEID="20" PREVID="33268818" NEXTID="129191379" UPDATEDATE="2025-10-01" STARTDATE="2014-02-17" ENDDATE="2025-10-01" ISACTUAL="0" ISACTIVE="0" /><HOUSE ID="129131075" OBJECTID="174800171" OBJECTGUID="b4e5090a-4ddf-4312-b664-70e48f14b407" CHANGEID="689354714" HOUSENUM="74а" HOUSETYPE="2" OPERTYPEID="10" PREVID="0" NEXTID="129185372" UPDATEDATE="2025-10-01" STARTDATE="2025-09-23" ENDDATE="2025-10-01" ISACTUAL="0" ISACTIVE="0" /><HOUSE ID="129166707" OBJECTID="174918055" OBJECTGUID="a35c356c-b41b-445f-b77f-1541f871e622" CHANGEID="689642977" HOUSENUM="48" HOUSETYPE="2" OPERTYPEID="10" PREVID="0" NEXTID="0" UPDATEDATE="2025-09-29" STARTDATE="2025-09-29" ENDDATE="2079-06-06" ISACTUAL="1" ISACTIVE="1" /><HOUSE ID="129167021" OBJECTID="174919153" OBJECTGUID="66c7cde3-c040-4d4e-b115-a76368b63bbe" CHANGEID="689645109" HOUSENUM="1" HOUSETYPE="2" OPERTYPEID="10" PREVID="0" NEXTID="0" UPDATEDATE="2025-09-29" STARTDATE="2025-09-29" ENDDATE="2079-06-06" ISACTUAL="1" ISACTIVE="1" /><HOUSE ID="129167019" OBJECTID="174919151" OBJECTGUID="7ad2e203-e529-4298-b208-9a74767cbb71" CHANGEID="689645096" HOUSENUM="65А/204" HOUSETYPE="4" OPERTYPEID="10" PREVID="0" NEXTID="0" UPDATEDATE="2025-09-29" STARTDATE="2025-09-29" ENDDATE="2079-06-06" ISACTUAL="1" ISACTIVE="1" /><HOUSE ID="129167022" OBJECTID="174919156" OBJECTGUID="0fd46663-958f-4c5b-9683-92e2e14f4e35" CHANGEID="689645118" HOUSENUM="2" HOUSETYPE="2" OPERTYPEID="10" PREVID="0" NEXTID="0" UPDATEDATE="2025-09-29" STARTDATE="2025-09-29" ENDDATE="2079-06-06" ISACTUAL="1" ISACTIVE="1" /><HOUSE ID="129167737" OBJECTID="174920999" OBJECTGUID="586dc00e-f657-43f2-8fd7-d022de0f971d" CHANGEID="689648016" HOUSENUM="4" ADDNUM1="4" HOUSETYPE="5" ADDTYPE1="2" OPERTYPEID="10" PREVID="0" NEXTID="0" UPDATEDATE="2025-09-29" STARTDATE="2025-09-29" ENDDATE="2079-06-06" ISACTUAL="1" ISACTIVE="1" /><HOUSE ID="129167738" OBJECTID="174921000" OBJECTGUID="0371828c-60d9-4b68-be83-95fde2e8606d" CHANGEID="689648017" HOUSENUM="4" ADDNUM1="3" HOUSETYPE="5" ADDTYPE1="2" OPERTYPEID="10" PREVID="0" NEXTID="0" UPDATEDATE="2025-09-29" STARTDATE="2025-09-29" ENDDATE="2079-06-06" ISACTUAL="1" ISACTIVE="1" /><HOUSE ID="129167739" OBJECTID="174921001" OBJECTGUID="2f201d1e-0c9e-4182-b193-771dd4ed4b9b" CHANGEID="689648018" HOUSENUM="4" ADDNUM1="2" HOUSETYPE="5" ADDTYPE1="2" OPERTYPEID="10" PREVID="0" NEXTID="0" UPDATEDATE="2025-09-29" STARTDATE="2025-09-29" ENDDATE="2079-06-06" ISACTUAL="1" ISACTIVE="1" /><HOUSE ID="129167740" OBJECTID="174921002" OBJECTGUID="a142b281-0455-463f-b5fd-eb0d49aecc15" CHANGEID="689648019" HOUSENUM="4" ADDNUM1="1" HOUSETYPE="5" ADDTYPE1="2" OPERTYPEID="10" PREVID="0" NEXTID="0" UPDATEDATE="2025-09-29" STARTDATE="2025-09-29" ENDDATE="2079-06-06" ISACTUAL="1" ISACTIVE="1" /><HOUSE ID="129167741" OBJECTID="174921005" OBJECTGUID="8a012254-38da-42a2-9d0d-61f271f68c9b" CHANGEID="689648023" HOUSENUM="1" HOUSETYPE="5" OPERTYPEID="10" PREVID="0" NEXTID="0" UPDATEDATE="2025-09-29" STARTDATE="2025-09-29" ENDDATE="2079-06-06" ISACTUAL="1" ISACTIVE="1" /><HOUSE ID="129167745" OBJECTID="174921021" OBJECTGUID="df1dedd4-6b90-4df5-b135-05fb512ee89a" CHANGEID="689648044" HOUSENUM="1г" HOUSETYPE="2" OPERTYPEID="10" PREVID="0" NEXTID="0" UPDATEDATE="2025-09-29" STARTDATE="2025-09-29" ENDDATE="2079-06-06" ISACTUAL="1" ISACTIVE="1" /><HOUSE ID="129167748" OBJECTID="174921038" OBJECTGUID="e322e9f9-8962-4e53-91b6-5a91281c97ec" CHANGEID="689648066" HOUSENUM="26" HOUSETYPE="2" OPERTYPEID="10" PREVID="0" NEXTID="0" UPDATEDATE="2025-09-29" STARTDATE="2025-09-29" ENDDATE="2079-06-06" ISACTUAL="1" ISACTIVE="1" /><HOUSE ID="129167744" OBJECTID="174921008" OBJECTGUID="08bd888f-e38c-42aa-95b1-ecec861a8fd7" CHANGEID="689648030" HOUSENUM="88" HOUSETYPE="2" OPERTYPEID="10" PREVID="0" NEXTID="0" UPDATEDATE="2025-09-29" STARTDATE="2025-09-29" ENDDATE="2079-06-06" ISACTUAL="1" ISACTIVE="1" /><HOUSE ID="129167747" OBJECTID="174921028" OBJECTGUID="c70d6638-9ae3-4b9a-9176-e240bc98c5f9" CHANGEID="689648052" HOUSENUM="2" HOUSETYPE="5" OPERTYPEID="10" PREVID="0" NEXTID="0" UPDATEDATE="2025-09-29" STARTDATE="2025-09-29" ENDDATE="2079-06-06" ISACTUAL="1" ISACTIVE="1" /><HOUSE ID="129167749" OBJECTID="174921049" OBJECTGUID="e5674f20-f3cc-416c-a931-da85f969cbf7" CHANGEID="689648077" HOUSENUM="41А" HOUSETYPE="2" OPERTYPEID="10" PREVID="0" NEXTID="0" UPDATEDATE="2025-09-29" STARTDATE="2025-09-29" ENDDATE="2079-06-06" ISACTUAL="1" ISACTIVE="1" /><HOUSE ID="129167867" OBJECTID="174921822" OBJECTGUID="22f1f2eb-400e-4c0a-8d89-26c40f0e95a5" CHANGEID="689649008" HOUSENUM="20" HOUSETYPE="2" OPERTYPEID="10" PREVID="0" NEXTID="0" UPDATEDATE="2025-09-29" STARTDATE="2025-09-29" ENDDATE="2079-06-06" ISACTUAL="1" ISACTIVE="1" /><HOUSE ID="129167868" OBJECTID="174921840" OBJECTGUID="a7b7bf0f-ce21-4719-9f92-6855c7294882" CHANGEID="689649029" HOUSENUM="1" ADDNUM1="1" HOUSETYPE="2" ADDTYPE1="2" OPERTYPEID="10" PREVID="0" NEXTID="0" UPDATEDATE="2025-09-29" STARTDATE="2025-09-29" ENDDATE="2079-06-06" ISACTUAL="1" ISACTIVE="1" /><HOUSE ID="129167871" OBJECTID="174921857" OBJECTGUID="c6db040a-7a41-45e8-8f47-1cdd3456d389" CHANGEID="689649051" HOUSENUM="1" ADDNUM1="2" HOUSETYPE="2" ADDTYPE1="2" OPERTYPEID="10" PREVID="0" NEXTID="0" UPDATEDATE="2025-09-29" STARTDATE="2025-09-29" ENDDATE="2079-06-06" ISACTUAL="1" ISACTIVE="1" /><HOUSE ID="129167935" OBJECTID="174922081" OBJECTGUID="2851ba51-51da-4ff2-965d-48e518c6501d" CHANGEID="689649528" HOUSENUM="27" ADDNUM1="1" HOUSETYPE="2" ADDTYPE1="2" OPERTYPEID="10" PREVID="0" NEXTID="0" UPDATEDATE="2025-09-29" STARTDATE="2025-09-29" ENDDATE="2079-06-06" ISACTUAL="1" ISACTIVE="1" /><HOUSE ID="129167923" OBJECTID="174922042" OBJECTGUID="73beb828-11d7-4614-a77c-ff340a9d3b6c" CHANGEID="689649457" HOUSENUM="1а" ADDNUM1="2" HOUSETYPE="2" ADDTYPE1="2" OPERTYPEID="10" PREVID="0" NEXTID="0" UPDATEDATE="2025-09-29" STARTDATE="2025-09-29" ENDDATE="2079-06-06" ISACTUAL="1" ISACTIVE="1" /><HOUSE ID="129168814" OBJECTID="174924206" OBJECTGUID="5ced4c97-19da-470d-b601-7ce1f0d34a9e" CHANGEID="689652705" HOUSENUM="10" ADDNUM1="1" HOUSETYPE="2" ADDTYPE1="2" OPERTYPEID="10" PREVID="0" NEXTID="0" UPDATEDATE="2025-09-29" STARTDATE="2025-09-29" ENDDATE="2079-06-06" ISACTUAL="1" ISACTIVE="1" /><HOUSE ID="129168873" OBJECTID="174924463" OBJECTGUID="1febb072-abd0-4f75-8cad-8fa5385d784d" CHANGEID="689653026" HOUSENUM="4" ADDNUM1="1" HOUSETYPE="2" ADDTYPE1="2" OPERTYPEID="10" PREVID="0" NEXTID="0" UPDATEDATE="2025-09-29" STARTDATE="2025-09-29" ENDDATE="2079-06-06" ISACTUAL="1" ISACTIVE="1" /><HOUSE ID="129168885" OBJECTID="174924511" OBJECTGUID="a3a82e0b-b26b-474a-84f1-dc64b5223c4a" CHANGEID="689653098" HOUSENUM="6а" ADDNUM1="1" HOUSETYPE="5" ADDTYPE1="2" OPERTYPEID="10" PREVID="0" NEXTID="0" UPDATEDATE="2025-09-29" STARTDATE="2025-09-29" ENDDATE="2079-06-06" ISACTUAL="1" ISACTIVE="1" /><HOUSE ID="129169358" OBJECTID="174926202" OBJECTGUID="9c880662-cbf5-4098-bc04-048e468f9b65" CHANGEID="689655932" HOUSENUM="20а/12" HOUSETYPE="2" OPERTYPEID="10" PREVID="0" NEXTID="0" UPDATEDATE="2025-09-29" STARTDATE="2025-09-29" ENDDATE="2079-06-06" ISACTUAL="1" ISACTIVE="1" /><HOUSE ID="129169365" OBJECTID="174926219" OBJECTGUID="9e2d3085-d689-4383-bb5a-ad42af89175b" CHANGEID="689655961" HOUSENUM="20а/15" HOUSETYPE="2" OPERTYPEID="10" PREVID="0" NEXTID="0" UPDATEDATE="2025-09-29" STARTDATE="2025-09-29" ENDDATE="2079-06-06" ISACTUAL="1" ISACTIVE="1" /><HOUSE ID="129169923" OBJECTID="7729644" OBJECTGUID="46aebffe-5c3c-46b0-8007-f27261650257" CHANGEID="689663531" HOUSENUM="13А" HOUSETYPE="2" OPERTYPEID="20" PREVID="3833737" UPDATEDATE="2025-09-29" STARTDATE="2025-09-29" ENDDATE="2079-06-06" ISACTUAL="1" ISACTIVE="1" /><HOUSE ID="129169955" OBJECTID="174928230" OBJECTGUID="c8eecb80-1cd3-4b44-9658-d5b8f37b2809" CHANGEID="689663867" HOUSENUM="2" HOUSETYPE="7" OPERTYPEID="10" PREVID="0" NEXTID="0" UPDATEDATE="2025-09-29" STARTDATE="2025-09-29" ENDDATE="2079-06-06" ISACTUAL="1" ISACTIVE="1" /><HOUSE ID="129170013" OBJECTID="174928428" OBJECTGUID="b88e5384-0185-44b9-9aa1-b8c1f8df8742" CHANGEID="689664278" HOUSENUM="20а/28" HOUSETYPE="2" OPERTYPEID="10" PREVID="0" NEXTID="0" UPDATEDATE="2025-09-29" STARTDATE="2025-09-29" ENDDATE="2079-06-06" ISACTUAL="1" ISACTIVE="1" /><HOUSE ID="129170023" OBJECTID="174928453" OBJECTGUID="ec556172-92c6-4885-a6ac-ec1d6d236d7a" CHANGEID="689664330" HOUSENUM="20а/34" HOUSETYPE="2" OPERTYPEID="10" PREVID="0" NEXTID="0" UPDATEDATE="2025-09-29" STARTDATE="2025-09-29" ENDDATE="2079-06-06" ISACTUAL="1" ISACTIVE="1" /><HOUSE ID="129170049" OBJECTID="174928521" OBJECTGUID="24bb3367-cbc7-4dbd-ab51-5a01a99b66a3" CHANGEID="689664538" HOUSENUM="20а/36" HOUSETYPE="2" OPERTYPEID="10" PREVID="0" NEXTID="0" UPDATEDATE="2025-09-29" STARTDATE="2025-09-29" ENDDATE="2079-06-06" ISACTUAL="1" ISACTIVE="1" /><HOUSE ID="129170006" OBJECTID="174928391" OBJECTGUID="dbeda739-c49e-4c6e-959d-47de6f262a8b" CHANGEID="689664177" HOUSENUM="20а/26" HOUSETYPE="2" OPERTYPEID="10" PREVID="0" NEXTID="0" UPDATEDATE="2025-09-29" STARTDATE="2025-09-29" ENDDATE="2079-06-06" ISACTUAL="1" ISACTIVE="1" /><HOUSE ID="129170009" OBJECTID="174928409" OBJECTGUID="c19f3d95-9202-4f0d-88ea-bf68e5900954" CHANGEID="689664219" HOUSENUM="20а/27" HOUSETYPE="2" OPERTYPEID="10" PREVID="0" NEXTID="0" UPDATEDATE="2025-09-29" STARTDATE="2025-09-29" ENDDATE="2079-06-06" ISACTUAL="1" ISACTIVE="1" /><HOUSE ID="129170037" OBJECTID="174928505" OBJECTGUID="f466e804-e279-4d91-b521-7b94023ad3cd" CHANGEID="689664419" HOUSENUM="20а/35" HOUSETYPE="2" OPERTYPEID="10" PREVID="0" NEXTID="0" UPDATEDATE="2025-09-29" STARTDATE="2025-09-29" ENDDATE="2079-06-06" ISACTUAL="1" ISACTIVE="1" /><HOUSE ID="129170079" OBJECTID="174928586" OBJECTGUID="43a4071b-8292-4661-802d-569919a85bfe" CHANGEID="689665764" HOUSENUM="20а/39" HOUSETYPE="2" OPERTYPEID="10" PREVID="0" NEXTID="0" UPDATEDATE="2025-09-29" STARTDATE="2025-09-29" ENDDATE="2079-06-06" ISACTUAL="1" ISACTIVE="1" /><HOUSE ID="129170095" OBJECTID="174928673" OBJECTGUID="b0a6531e-e107-491b-8120-47292b9d101e" CHANGEID="689665931" HOUSENUM="20а/44" HOUSETYPE="2" OPERTYPEID="10" PREVID="0" NEXTID="0" UPDATEDATE="2025-09-29" STARTDATE="2025-09-29" ENDDATE="2079-06-06" ISACTUAL="1" ISACTIVE="1" /><HOUSE ID="129170072" OBJECTID="174928559" OBJECTGUID="e4ffff41-c37f-48fa-a4d8-af101aa4bbff" CHANGEID="689665345" HOUSENUM="20а/37" HOUSETYPE="2" OPERTYPEID="10" PREVID="0" NEXTID="0" UPDATEDATE="2025-09-29" STARTDATE="2025-09-29" ENDDATE="2079-06-06" ISACTUAL="1" ISACTIVE="1" /><HOUSE ID="129170092" OBJECTID="174928661" OBJECTGUID="e7b8f6c7-eb1b-4103-812f-a60e765a4f4e" CHANGEID="689665890" HOUSENUM="20а/43" HOUSETYPE="2" OPERTYPEID="10" PREVID="0" NEXTID="0" UPDATEDATE="2025-09-29" STARTDATE="2025-09-29" ENDDATE="2079-06-06" ISACTUAL="1" ISACTIVE="1" /><HOUSE ID="129170176" OBJECTID="174928759" OBJECTGUID="ebd51c1d-8a9d-4315-b8b4-f824fabe8763" CHANGEID="689666091" HOUSENUM="20а/47" HOUSETYPE="2" OPERTYPEID="10" PREVID="0" NEXTID="0" UPDATEDATE="2025-09-29" STARTDATE="2025-09-29" ENDDATE="2079-06-06" ISACTUAL="1" ISACTIVE="1" /><HOUSE ID="129170210" OBJECTID="174928824" OBJECTGUID="196f4a20-bcbf-44b2-8aaa-af466bd59fde" CHANGEID="689666202" HOUSENUM="20а/48" HOUSETYPE="2" OPERTYPEID="10" PREVID="0" NEXTID="0" UPDATEDATE="2025-09-29" STARTDATE="2025-09-29" ENDDATE="2079-06-06" ISACTUAL="1" ISACTIVE="1" /><HOUSE ID="129170227" OBJECTID="174928993" OBJECTGUID="e4eaafe6-5af8-4de2-a976-4e0d8b133e61" CHANGEID="689666507" HOUSENUM="20а/50" HOUSETYPE="2" OPERTYPEID="10" PREVID="0" NEXTID="0" UPDATEDATE="2025-09-29" STARTDATE="2025-09-29" ENDDATE="2079-06-06" ISACTUAL="1" ISACTIVE="1" /><HOUSE ID="129170238" OBJECTID="174929056" OBJECTGUID="b2563a32-a591-4dbe-968a-25fc9f4511e5" CHANGEID="689666868" HOUSENUM="20а/54" HOUSETYPE="2" OPERTYPEID="10" PREVID="0" NEXTID="0" UPDATEDATE="2025-09-29" STARTDATE="2025-09-29" ENDDATE="2079-06-06" ISACTUAL="1" ISACTIVE="1" /><HOUSE ID="129170247" OBJECTID="174929094" OBJECTGUID="e3597b50-8065-47d0-859f-15c1ccab36dd" CHANGEID="689666925" HOUSENUM="20а/55" HOUSETYPE="2" OPERTYPEID="10" PREVID="0" NEXTID="0" UPDATEDATE="2025-09-29" STARTDATE="2025-09-29" ENDDATE="2079-06-06" ISACTUAL="1" ISACTIVE="1" /><HOUSE ID="129170258" OBJECTID="174929105" OBJECTGUID="39b39abf-f6a0-473b-943a-f6015d07cc42" CHANGEID="689666949" HOUSENUM="20а/56" HOUSETYPE="2" OPERTYPEID="10" PREVID="0" NEXTID="0" UPDATEDATE="2025-09-29" STARTDATE="2025-09-29" ENDDATE="2079-06-06" ISACTUAL="1" ISACTIVE="1" /><HOUSE ID="129170264" OBJECTID="174929147" OBJECTGUID="50cec504-b350-4936-be3a-e9b0f0e2c445" CHANGEID="689667026" HOUSENUM="20а/57" HOUSETYPE="2" OPERTYPEID="10" PREVID="0" NEXTID="0" UPDATEDATE="2025-09-29" STARTDATE="2025-09-29" ENDDATE="2079-06-06" ISACTUAL="1" ISACTIVE="1" /><HOUSE ID="129170232" OBJECTID="174929043" OBJECTGUID="c4782a62-e495-4470-a0c5-abfd8a24e126" CHANGEID="689666574" HOUSENUM="20а/51" HOUSETYPE="2" OPERTYPEID="10" PREVID="0" NEXTID="0" UPDATEDATE="2025-09-29" STARTDATE="2025-09-29" ENDDATE="2079-06-06" ISACTUAL="1" ISACTIVE="1" /><HOUSE ID="129170322" OBJECTID="174929224" OBJECTGUID="7c354657-2e9f-4b5e-b387-c2e7b7977f88" CHANGEID="689667146" HOUSENUM="20а/60" HOUSETYPE="2" OPERTYPEID="10" PREVID="0" NEXTID="0" UPDATEDATE="2025-09-29" STARTDATE="2025-09-29" ENDDATE="2079-06-06" ISACTUAL="1" ISACTIVE="1" /><HOUSE ID="129170334" OBJECTID="174929265" OBJECTGUID="8d48b146-002c-4247-b8fc-8651159529b5" CHANGEID="689667208" HOUSENUM="20а/61" HOUSETYPE="2" OPERTYPEID="10" PREVID="0" NEXTID="0" UPDATEDATE="2025-09-29" STARTDATE="2025-09-29" ENDDATE="2079-06-06" ISACTUAL="1" ISACTIVE="1" /><HOUSE ID="129170679" OBJECTID="174930266" OBJECTGUID="a4a41b28-73e6-4d42-9b72-43d63557e80e" CHANGEID="689669136" HOUSENUM="35" HOUSETYPE="2" OPERTYPEID="10" PREVID="0" NEXTID="0" UPDATEDATE="2025-09-29" STARTDATE="2025-09-29" ENDDATE="2079-06-06" ISACTUAL="1" ISACTIVE="1" /><HOUSE ID="129170690" OBJECTID="174930304" OBJECTGUID="8843feb7-f460-4c9c-ae52-36dd683940bc" CHANGEID="689669207" HOUSENUM="4а/1" HOUSETYPE="2" OPERTYPEID="10" PREVID="0" NEXTID="0" UPDATEDATE="2025-09-29" STARTDATE="2025-09-29" ENDDATE="2079-06-06" ISACTUAL="1" ISACTIVE="1" /><HOUSE ID="129170696" OBJECTID="174930316" OBJECTGUID="c7f7c6ca-cdae-4a57-a083-bc4fa541eb3d" CHANGEID="689669305" HOUSENUM="4а/4" HOUSETYPE="2" OPERTYPEID="10" PREVID="0" NEXTID="0" UPDATEDATE="2025-09-29" STARTDATE="2025-09-29" ENDDATE="2079-06-06" ISACTUAL="1" ISACTIVE="1" /><HOUSE ID="129170702" OBJECTID="174930327" OBJECTGUID="eeac344f-1fc3-425b-8a90-8bc841f693ee" CHANGEID="689669327" HOUSENUM="6в/4" HOUSETYPE="2" OPERTYPEID="10" PREVID="0" NEXTID="0" UPDATEDATE="2025-09-29" STARTDATE="2025-09-29" ENDDATE="2079-06-06" ISACTUAL="1" ISACTIVE="1" /><HOUSE ID="129170705" OBJECTID="174930350" OBJECTGUID="da02508b-4085-4b0c-bc9a-9c4452fc7a8f" CHANGEID="689669360" HOUSENUM="6в/5" HOUSETYPE="2" OPERTYPEID="10" PREVID="0" NEXTID="0" UPDATEDATE="2025-09-29" STARTDATE="2025-09-29" ENDDATE="2079-06-06" ISACTUAL="1" ISACTIVE="1" /><HOUSE ID="129170710" OBJECTID="174930419" OBJECTGUID="48a569ed-b317-41b9-b022-2d1b461d824b" CHANGEID="689669495" HOUSENUM="3" HOUSETYPE="7" OPERTYPEID="10" PREVID="0" NEXTID="0" UPDATEDATE="2025-09-29" STARTDATE="2025-09-29" ENDDATE="2079-06-06" ISACTUAL="1" ISACTIVE="1" /><HOUSE ID="129170711" OBJECTID="174930420" OBJECTGUID="f19b0058-eb64-400e-9fbb-27558b377aed" CHANGEID="689669496" HOUSENUM="2" HOUSETYPE="7" OPERTYPEID="10" PREVID="0" NEXTID="0" UPDATEDATE="2025-09-29" STARTDATE="2025-09-29" ENDDATE="2079-06-06" ISACTUAL="1" ISACTIVE="1" /><HOUSE ID="129170712" OBJECTID="174930421" OBJECTGUID="89ce41c3-5403-496f-ae0a-fb6916e72e04" CHANGEID="689669497" HOUSENUM="1" HOUSETYPE="7" OPERTYPEID="10" PREVID="0" NEXTID="0" UPDATEDATE="2025-09-29" STARTDATE="2025-09-29" ENDDATE="2079-06-06" ISACTUAL="1" ISACTIVE="1" /><HOUSE ID="129170763" OBJECTID="174930730" OBJECTGUID="5b9101f0-bf46-4f38-921a-3539e0b658d5" CHANGEID="689670144" HOUSENUM="28" HOUSETYPE="8" OPERTYPEID="10" PREVID="0" NEXTID="0" UPDATEDATE="2025-09-29" STARTDATE="2025-09-29" ENDDATE="2079-06-06" ISACTUAL="1" ISACTIVE="1" /><HOUSE ID="129170764" OBJECTID="174930731" OBJECTGUID="1a3a016b-a0f0-4c05-ab63-cc0346b8eae7" CHANGEID="689670145" HOUSENUM="27" HOUSETYPE="8" OPERTYPEID="10" PREVID="0" NEXTID="0" UPDATEDATE="2025-09-29" STARTDATE="2025-09-29" ENDDATE="2079-06-06" ISACTUAL="1" ISACTIVE="1" /><HOUSE ID="129170765" OBJECTID="174930732" OBJECTGUID="085507d1-55f6-4006-aacc-221a37d62a49" CHANGEID="689670146" HOUSENUM="26" HOUSETYPE="8" OPERTYPEID="10" PREVID="0" NEXTID="0" UPDATEDATE="2025-09-29" STARTDATE="2025-09-29" ENDDATE="2079-06-06" ISACTUAL="1" ISACTIVE="1" /><HOUSE ID="129170766" OBJECTID="174930733" OBJECTGUID="e5796261-5fb6-46b1-a39b-c8f6f3513308" CHANGEID="689670147" HOUSENUM="25" HOUSETYPE="8" OPERTYPEID="10" PREVID="0" NEXTID="0" UPDATEDATE="2025-09-29" STARTDATE="2025-09-29" ENDDATE="2079-06-06" ISACTUAL="1" ISACTIVE="1" /><HOUSE ID="129170767" OBJECTID="174930734" OBJECTGUID="46839e46-6446-4cd4-8463-4ddffaddc290" CHANGEID="689670148" HOUSENUM="24" HOUSETYPE="8" OPERTYPEID="10" PREVID="0" NEXTID="0" UPDATEDATE="2025-09-29" STARTDATE="2025-09-29" ENDDATE="2079-06-06" ISACTUAL="1" ISACTIVE="1" /><HOUSE ID="129170768" OBJECTID="174930735" OBJECTGUID="3045204b-0b11-4725-b6f3-61b151728322" CHANGEID="689670149" HOUSENUM="23" HOUSETYPE="8" OPERTYPEID="10" PREVID="0" NEXTID="0" UPDATEDATE="2025-09-29" STARTDATE="2025-09-29" ENDDATE="2079-06-06" ISACTUAL="1" ISACTIVE="1" /><HOUSE ID="129170769" OBJECTID="174930736" OBJECTGUID="050027b2-3477-4ea9-ba94-e93af6b997c1" CHANGEID="689670150" HOUSENUM="22" HOUSETYPE="8" OPERTYPEID="10" PREVID="0" NEXTID="0" UPDATEDATE="2025-09-29" STARTDATE="2025-09-29" ENDDATE="2079-06-06" ISACTUAL="1" ISACTIVE="1" /><HOUSE ID="129170770" OBJECTID="174930737" OBJECTGUID="f07137cb-a2d1-4b08-b81f-c6cd64a147a4" CHANGEID="689670151" HOUSENUM="21" HOUSETYPE="8" OPERTYPEID="10" PREVID="0" NEXTID="0" UPDATEDATE="2025-09-29" STARTDATE="2025-09-29" ENDDATE="2079-06-06" ISACTUAL="1" ISACTIVE="1" /><HOUSE ID="129170771" OBJECTID="174930738" OBJECTGUID="5b97d9c9-3e1a-4cec-881e-a1856352bca3" CHANGEID="689670152" HOUSENUM="20" HOUSETYPE="8" OPERTYPEID="10" PREVID="0" NEXTID="0" UPDATEDATE="2025-09-29" STARTDATE="2025-09-29" ENDDATE="2079-06-06" ISACTUAL="1" ISACTIVE="1" /><HOUSE ID="129170772" OBJECTID="174930739" OBJECTGUID="9ca024b8-fcff-4255-8b95-16c3c8b2acbe" CHANGEID="689670153" HOUSENUM="19" HOUSETYPE="8" OPERTYPEID="10" PREVID="0" NEXTID="0" UPDATEDATE="2025-09-29" STARTDATE="2025-09-29" ENDDATE="2079-06-06" ISACTUAL="1" ISACTIVE="1" /><HOUSE ID="129170773" OBJECTID="174930740" OBJECTGUID="d2398995-fe31-4060-bf1c-6f81081b1b41" CHANGEID="689670154" HOUSENUM="18" HOUSETYPE="8" OPERTYPEID="10" PREVID="0" NEXTID="0" UPDATEDATE="2025-09-29" STARTDATE="2025-09-29" ENDDATE="2079-06-06" ISACTUAL="1" ISACTIVE="1" /><HOUSE ID="129170774" OBJECTID="174930741" OBJECTGUID="5d0f6b71-af91-4c12-9dc7-9c092783f8ef" CHANGEID="689670155" HOUSENUM="17" HOUSETYPE="8" OPERTYPEID="10" PREVID="0" NEXTID="0" UPDATEDATE="2025-09-29" STARTDATE="2025-09-29" ENDDATE="2079-06-06" ISACTUAL="1" ISACTIVE="1" /><HOUSE ID="129170775" OBJECTID="174930742" OBJECTGUID="0dd84371-b947-4485-b618-84cd7e7e2102" CHANGEID="689670156" HOUSENUM="16" HOUSETYPE="8" OPERTYPEID="10" PREVID="0" NEXTID="0" UPDATEDATE="2025-09-29" STARTDATE="2025-09-29" ENDDATE="2079-06-06" ISACTUAL="1" ISACTIVE="1" /><HOUSE ID="129170776" OBJECTID="174930743" OBJECTGUID="da15aed6-47e1-4003-86cc-9f70c03330e0" CHANGEID="689670157" HOUSENUM="15" HOUSETYPE="8" OPERTYPEID="10" PREVID="0" NEXTID="0" UPDATEDATE="2025-09-29" STARTDATE="2025-09-29" ENDDATE="2079-06-06" ISACTUAL="1" ISACTIVE="1" /><HOUSE ID="129170777" OBJECTID="174930744" OBJECTGUID="3ae923e5-503f-4027-8906-afa14a66c154" CHANGEID="689670158" HOUSENUM="14" HOUSETYPE="8" OPERTYPEID="10" PREVID="0" NEXTID="0" UPDATEDATE="2025-09-29" STARTDATE="2025-09-29" ENDDATE="2079-06-06" ISACTUAL="1" ISACTIVE="1" /><HOUSE ID="129170778" OBJECTID="174930745" OBJECTGUID="5b79ae2f-01a4-49bb-82c1-8e0f956d67dc" CHANGEID="689670159" HOUSENUM="13" HOUSETYPE="8" OPERTYPEID="10" PREVID="0" NEXTID="0" UPDATEDATE="2025-09-29" STARTDATE="2025-09-29" ENDDATE="2079-06-06" ISACTUAL="1" ISACTIVE="1" /><HOUSE ID="129170779" OBJECTID="174930746" OBJECTGUID="792f301c-1880-4208-8fe7-34232bc41ac3" CHANGEID="689670160" HOUSENUM="12" HOUSETYPE="8" OPERTYPEID="10" PREVID="0" NEXTID="0" UPDATEDATE="2025-09-29" STARTDATE="2025-09-29" ENDDATE="2079-06-06" ISACTUAL="1" ISACTIVE="1" /><HOUSE ID="129170780" OBJECTID="174930747" OBJECTGUID="e234b7f4-a5d0-4547-ad51-909aa1f9521c" CHANGEID="689670161" HOUSENUM="11" HOUSETYPE="8" OPERTYPEID="10" PREVID="0" NEXTID="0" UPDATEDATE="2025-09-29" STARTDATE="2025-09-29" ENDDATE="2079-06-06" ISACTUAL="1" ISACTIVE="1" /><HOUSE ID="129170781" OBJECTID="174930748" OBJECTGUID="3b0a4d60-a824-47fc-aaa8-d6b317245247" CHANGEID="689670162" HOUSENUM="10" HOUSETYPE="8" OPERTYPEID="10" PREVID="0" NEXTID="0" UPDATEDATE="2025-09-29" STARTDATE="2025-09-29" ENDDATE="2079-06-06" ISACTUAL="1" ISACTIVE="1" /><HOUSE ID="129170782" OBJECTID="174930749" OBJECTGUID="648699ea-26d7-433f-9a60-991f39c920cb" CHANGEID="689670163" HOUSENUM="9" HOUSETYPE="8" OPERTYPEID="10" PREVID="0" NEXTID="0" UPDATEDATE="2025-09-29" STARTDATE="2025-09-29" ENDDATE="2079-06-06" ISACTUAL="1" ISACTIVE="1" /><HOUSE ID="129170783" OBJECTID="174930750" OBJECTGUID="26cbced9-d1eb-4831-9f0d-7aba1c5952dc" CHANGEID="689670164" HOUSENUM="8" HOUSETYPE="8" OPERTYPEID="10" PREVID="0" NEXTID="0" UPDATEDATE="2025-09-29" STARTDATE="2025-09-29" ENDDATE="2079-06-06" ISACTUAL="1" ISACTIVE="1" /><HOUSE ID="129170784" OBJECTID="174930751" OBJECTGUID="99cbed3d-ee5d-49a0-89bd-93d1a5cb9f9a" CHANGEID="689670165" HOUSENUM="7" HOUSETYPE="8" OPERTYPEID="10" PREVID="0" NEXTID="0" UPDATEDATE="2025-09-29" STARTDATE="2025-09-29" ENDDATE="2079-06-06" ISACTUAL="1" ISACTIVE="1" /><HOUSE ID="129170785" OBJECTID="174930752" OBJECTGUID="7d6f54eb-0d19-48af-a5af-ca21e82e4dc5" CHANGEID="689670166" HOUSENUM="6" HOUSETYPE="8" OPERTYPEID="10" PREVID="0" NEXTID="0" UPDATEDATE="2025-09-29" STARTDATE="2025-09-29" ENDDATE="2079-06-06" ISACTUAL="1" ISACTIVE="1" /><HOUSE ID="129170786" OBJECTID="174930753" OBJECTGUID="7f8592eb-546e-439a-ba5e-02be07e27613" CHANGEID="689670167" HOUSENUM="5" HOUSETYPE="8" OPERTYPEID="10" PREVID="0" NEXTID="0" UPDATEDATE="2025-09-29" STARTDATE="2025-09-29" ENDDATE="2079-06-06" ISACTUAL="1" ISACTIVE="1" /><HOUSE ID="129170787" OBJECTID="174930754" OBJECTGUID="2e12d699-8915-462b-8005-73210fd0dbf5" CHANGEID="689670168" HOUSENUM="4" HOUSETYPE="8" OPERTYPEID="10" PREVID="0" NEXTID="0" UPDATEDATE="2025-09-29" STARTDATE="2025-09-29" ENDDATE="2079-06-06" ISACTUAL="1" ISACTIVE="1" /><HOUSE ID="129170788" OBJECTID="174930755" OBJECTGUID="d7b9c387-04c6-4ac4-b13d-ceba637b5f6f" CHANGEID="689670169" HOUSENUM="3" HOUSETYPE="8" OPERTYPEID="10" PREVID="0" NEXTID="0" UPDATEDATE="2025-09-29" STARTDATE="2025-09-29" ENDDATE="2079-06-06" ISACTUAL="1" ISACTIVE="1" /><HOUSE ID="129170789" OBJECTID="174930756" OBJECTGUID="64285a19-b1d0-4bd6-b4b2-3d627027e54c" CHANGEID="689670170" HOUSENUM="2" HOUSETYPE="8" OPERTYPEID="10" PREVID="0" NEXTID="0" UPDATEDATE="2025-09-29" STARTDATE="2025-09-29" ENDDATE="2079-06-06" ISACTUAL="1" ISACTIVE="1" /><HOUSE ID="129170790" OBJECTID="174930757" OBJECTGUID="4e65dfbe-7a8d-4cfa-8058-cd619d2d5da3" CHANGEID="689670171" HOUSENUM="1" HOUSETYPE="8" OPERTYPEID="10" PREVID="0" NEXTID="0" UPDATEDATE="2025-09-29" STARTDATE="2025-09-29" ENDDATE="2079-06-06" ISACTUAL="1" ISACTIVE="1" /><HOUSE ID="129170810" OBJECTID="174930814" OBJECTGUID="3ebbf380-8d02-461e-ba92-617cac38604c" CHANGEID="689670281" HOUSENUM="2а" HOUSETYPE="2" OPERTYPEID="10" PREVID="0" NEXTID="0" UPDATEDATE="2025-09-29" STARTDATE="2025-09-29" ENDDATE="2079-06-06" ISACTUAL="1" ISACTIVE="1" /><HOUSE ID="129171011" OBJECTID="174931555" OBJECTGUID="50bdf371-451e-4674-a42f-304fb6718d87" CHANGEID="689671516" HOUSENUM="9а/14" HOUSETYPE="2" OPERTYPEID="10" PREVID="0" NEXTID="0" UPDATEDATE="2025-09-29" STARTDATE="2025-09-29" ENDDATE="2079-06-06" ISACTUAL="1" ISACTIVE="1" /><HOUSE ID="129171502" OBJECTID="174933611" OBJECTGUID="d907c3bc-b652-41bf-a7dd-361657eac7bb" CHANGEID="689675172" HOUSENUM="39А" HOUSETYPE="2" OPERTYPEID="10" PREVID="0" NEXTID="0" UPDATEDATE="2025-09-29" STARTDATE="2025-09-29" ENDDATE="2079-06-06" ISACTUAL="1" ISACTIVE="1" /><HOUSE ID="129172220" OBJECTID="174935150" OBJECTGUID="6ed273a2-fd40-4a9a-850a-462f9cffafee" CHANGEID="689679091" HOUSENUM="7" HOUSETYPE="2" OPERTYPEID="10" PREVID="0" NEXTID="0" UPDATEDATE="2025-09-29" STARTDATE="2025-09-29" ENDDATE="2079-06-06" ISACTUAL="1" ISACTIVE="1" /><HOUSE ID="129172224" OBJECTID="174935163" OBJECTGUID="ebb8734f-d36d-4ba4-a6f3-73f71c07ba8a" CHANGEID="689679112" HOUSENUM="8а/29" HOUSETYPE="2" OPERTYPEID="10" PREVID="0" NEXTID="0" UPDATEDATE="2025-09-29" STARTDATE="2025-09-29" ENDDATE="2079-06-06" ISACTUAL="1" ISACTIVE="1" /><HOUSE ID="129172231" OBJECTID="174935177" OBJECTGUID="70b29476-7cd9-4b94-b79f-0b69a961f92c" CHANGEID="689679136" HOUSENUM="9а" ADDNUM1="1" HOUSETYPE="2" ADDTYPE1="3" OPERTYPEID="10" PREVID="0" NEXTID="0" UPDATEDATE="2025-09-29" STARTDATE="2025-09-29" ENDDATE="2079-06-06" ISACTUAL="1" ISACTIVE="1" /><HOUSE ID="129172238" OBJECTID="174935189" OBJECTGUID="9c5fd5cc-d61a-426d-a3e5-f50adbe55e4d" CHANGEID="689679162" HOUSENUM="10а/4" HOUSETYPE="2" OPERTYPEID="10" PREVID="0" NEXTID="0" UPDATEDATE="2025-09-29" STARTDATE="2025-09-29" ENDDATE="2079-06-06" ISACTUAL="1" ISACTIVE="1" /><HOUSE ID="129172287" OBJECTID="174935294" OBJECTGUID="517a5c15-0813-4726-91b4-cf5cace179cc" CHANGEID="689679315" HOUSENUM="11в" HOUSETYPE="2" OPERTYPEID="10" PREVID="0" NEXTID="0" UPDATEDATE="2025-09-29" STARTDATE="2025-09-29" ENDDATE="2079-06-06" ISACTUAL="1" ISACTIVE="1" /><HOUSE ID="129172281" OBJECTID="174935280" OBJECTGUID="93e646fd-cb49-473a-b49b-bd8316bd1441" CHANGEID="689679292" HOUSENUM="11" HOUSETYPE="2" OPERTYPEID="10" PREVID="0" NEXTID="0" UPDATEDATE="2025-09-29" STARTDATE="2025-09-29" ENDDATE="2079-06-06" ISACTUAL="1" ISACTIVE="1" /><HOUSE ID="129172320" OBJECTID="174935331" OBJECTGUID="3ef52885-854e-433c-b9af-4706df7ff69d" CHANGEID="689679409" HOUSENUM="14" ADDNUM1="1" HOUSETYPE="2" ADDTYPE1="2" OPERTYPEID="10" PREVID="0" NEXTID="0" UPDATEDATE="2025-09-29" STARTDATE="2025-09-29" ENDDATE="2079-06-06" ISACTUAL="1" ISACTIVE="1" /><HOUSE ID="129172325" OBJECTID="174935342" OBJECTGUID="8427cdb5-d04d-4c54-9312-223352cea9bb" CHANGEID="689679428" HOUSENUM="14" ADDNUM1="2" HOUSETYPE="2" ADDTYPE1="2" OPERTYPEID="10" PREVID="0" NEXTID="0" UPDATEDATE="2025-09-29" STARTDATE="2025-09-29" ENDDATE="2079-06-06" ISACTUAL="1" ISACTIVE="1" /><HOUSE ID="129172304" OBJECTID="174935311" OBJECTGUID="831ddc18-4a54-414e-9ad2-fb0a4f38c6f3" CHANGEID="689679364" HOUSENUM="12а" HOUSETYPE="2" OPERTYPEID="10" PREVID="0" NEXTID="0" UPDATEDATE="2025-09-29" STARTDATE="2025-09-29" ENDDATE="2079-06-06" ISACTUAL="1" ISACTIVE="1" /><HOUSE ID="129172362" OBJECTID="174935405" OBJECTGUID="d5165bd3-f168-4e72-9fab-05e8a719d0d4" CHANGEID="689679551" HOUSENUM="21а" HOUSETYPE="2" OPERTYPEID="10" PREVID="0" NEXTID="0" UPDATEDATE="2025-09-29" STARTDATE="2025-09-29" ENDDATE="2079-06-06" ISACTUAL="1" ISACTIVE="1" /><HOUSE ID="129172374" OBJECTID="174935434" OBJECTGUID="4ab4ff24-d5ae-4c19-acca-1f08fb832d0c" CHANGEID="689679608" HOUSENUM="1" HOUSETYPE="7" OPERTYPEID="10" PREVID="0" NEXTID="0" UPDATEDATE="2025-09-29" STARTDATE="2025-09-29" ENDDATE="2079-06-06" ISACTUAL="1" ISACTIVE="1" /><HOUSE ID="129172375" OBJECTID="174935435" OBJECTGUID="5f50f3d8-c885-40a6-8f06-56b538c410bc" CHANGEID="689679609" HOUSENUM="4" HOUSETYPE="7" OPERTYPEID="10" PREVID="0" NEXTID="0" UPDATEDATE="2025-09-29" STARTDATE="2025-09-29" ENDDATE="2079-06-06" ISACTUAL="1" ISACTIVE="1" /><HOUSE ID="129172376" OBJECTID="174935436" OBJECTGUID="262c11a1-425a-41c9-8584-d5e9cd2f8340" CHANGEID="689679610" HOUSENUM="3" HOUSETYPE="7" OPERTYPEID="10" PREVID="0" NEXTID="0" UPDATEDATE="2025-09-29" STARTDATE="2025-09-29" ENDDATE="2079-06-06" ISACTUAL="1" ISACTIVE="1" /><HOUSE ID="129172377" OBJECTID="174935437" OBJECTGUID="d4cd513a-1eea-4c8b-a152-4f771164823d" CHANGEID="689679611" HOUSENUM="2" HOUSETYPE="7" OPERTYPEID="10" PREVID="0" NEXTID="0" UPDATEDATE="2025-09-29" STARTDATE="2025-09-29" ENDDATE="2079-06-06" ISACTUAL="1" ISACTIVE="1" /><HOUSE ID="129172395" OBJECTID="174935462" OBJECTGUID="14d47bb0-22b7-48cb-a9cc-8a9cf0a375c2" CHANGEID="689679660" HOUSENUM="26а" ADDNUM1="1" HOUSETYPE="2" ADDTYPE1="3" OPERTYPEID="10" PREVID="0" NEXTID="0" UPDATEDATE="2025-09-29" STARTDATE="2025-09-29" ENDDATE="2079-06-06" ISACTUAL="1" ISACTIVE="1" /><HOUSE ID="129172444" OBJECTID="174935541" OBJECTGUID="67e23444-e965-4add-b351-ea1ad530b202" CHANGEID="689679784" HOUSENUM="26в" HOUSETYPE="2" OPERTYPEID="10" PREVID="0" NEXTID="0" UPDATEDATE="2025-09-29" STARTDATE="2025-09-29" ENDDATE="2079-06-06" ISACTUAL="1" ISACTIVE="1" /><HOUSE ID="129172456" OBJECTID="174935558" OBJECTGUID="9a4a7959-1291-43f4-b95f-b85579974340" CHANGEID="689679816" HOUSENUM="27а/70" HOUSETYPE="2" OPERTYPEID="10" PREVID="0" NEXTID="0" UPDATEDATE="2025-09-29" STARTDATE="2025-09-29" ENDDATE="2079-06-06" ISACTUAL="1" ISACTIVE="1" /><HOUSE ID="129172493" OBJECTID="174935610" OBJECTGUID="0f597dd0-beec-40f0-a4d4-b64592b73faa" CHANGEID="689679910" HOUSENUM="27а/110" HOUSETYPE="2" OPERTYPEID="10" PREVID="0" NEXTID="0" UPDATEDATE="2025-09-29" STARTDATE="2025-09-29" ENDDATE="2079-06-06" ISACTUAL="1" ISACTIVE="1" /><HOUSE ID="129172464" OBJECTID="174935568" OBJECTGUID="350af2f1-0ae1-4c42-88c5-916694cbf50a" CHANGEID="689679844" HOUSENUM="27а/97" HOUSETYPE="2" OPERTYPEID="10" PREVID="0" NEXTID="0" UPDATEDATE="2025-09-29" STARTDATE="2025-09-29" ENDDATE="2079-06-06" ISACTUAL="1" ISACTIVE="1" /><HOUSE ID="7101886" OBJECTID="13056306" OBJECTGUID="60651d46-8de2-4529-b8d3-0b5247cc4698" CHANGEID="20988280" HOUSENUM="65Б" HOUSETYPE="2" OPERTYPEID="10" PREVID="0" NEXTID="129173072" UPDATEDATE="2025-09-29" STARTDATE="2018-12-11" ENDDATE="2025-09-29" ISACTUAL="0" ISACTIVE="0" /><HOUSE ID="129173072" OBJECTID="13056306" OBJECTGUID="60651d46-8de2-4529-b8d3-0b5247cc4698" CHANGEID="689684192" HOUSENUM="23А" ADDNUM1="4" HOUSETYPE="2" ADDTYPE1="2" OPERTYPEID="50" PREVID="7101886" UPDATEDATE="2025-09-29" STARTDATE="2025-09-29" ENDDATE="2079-06-06" ISACTUAL="1" ISACTIVE="1" /><HOUSE ID="129173191" OBJECTID="174938073" OBJECTGUID="572fb4e0-2a50-448c-bba3-3a811b455cdf" CHANGEID="689686144" HOUSENUM="27а/125" HOUSETYPE="2" OPERTYPEID="10" PREVID="0" NEXTID="0" UPDATEDATE="2025-09-29" STARTDATE="2025-09-29" ENDDATE="2079-06-06" ISACTUAL="1" ISACTIVE="1" /><HOUSE ID="129173203" OBJECTID="174938087" OBJECTGUID="cff784a5-0159-4fcb-afe1-16f607038e19" CHANGEID="689686178" HOUSENUM="27а/173" HOUSETYPE="2" OPERTYPEID="10" PREVID="0" NEXTID="0" UPDATEDATE="2025-09-29" STARTDATE="2025-09-29" ENDDATE="2079-06-06" ISACTUAL="1" ISACTIVE="1" /><HOUSE ID="129173178" OBJECTID="174938054" OBJECTGUID="3ed8f336-0753-4604-a4b0-e2aa0d11fcd1" CHANGEID="689686118" HOUSENUM="27а/120" HOUSETYPE="2" OPERTYPEID="10" PREVID="0" NEXTID="0" UPDATEDATE="2025-09-29" STARTDATE="2025-09-29" ENDDATE="2079-06-06" ISACTUAL="1" ISACTIVE="1" /><HOUSE ID="129173346" OBJECTID="174938470" OBJECTGUID="63b8a183-1cc3-44bb-8b25-e9acc8b3936f" CHANGEID="689686813" HOUSENUM="66" HOUSETYPE="2" OPERTYPEID="10" PREVID="0" NEXTID="0" UPDATEDATE="2025-09-29" STARTDATE="2025-09-29" ENDDATE="2079-06-06" ISACTUAL="1" ISACTIVE="1" /><HOUSE ID="129173362" OBJECTID="98711241" OBJECTGUID="db313c74-b9bd-4116-a1e0-78dd3274c988" CHANGEID="689686847" HOUSENUM="47" ADDNUM1="2" HOUSETYPE="2" ADDTYPE1="2" OPERTYPEID="30" PREVID="70090516" NEXTID="0" UPDATEDATE="2025-09-29" STARTDATE="2025-09-29" ENDDATE="2079-06-06" ISACTUAL="1" ISACTIVE="0" /><HOUSE ID="70090516" OBJECTID="98711241" OBJECTGUID="db313c74-b9bd-4116-a1e0-78dd3274c988" CHANGEID="157518091" HOUSENUM="47" ADDNUM1="2" HOUSETYPE="2" ADDTYPE1="2" OPERTYPEID="10" PREVID="0" NEXTID="129173362" UPDATEDATE="2025-09-29" STARTDATE="2020-10-14" ENDDATE="2025-09-29" ISACTUAL="0" ISACTIVE="0" /><HOUSE ID="129173400" OBJECTID="174938759" OBJECTGUID="2d41eb4b-cb05-4919-bee3-65d7110a6ab4" CHANGEID="689687309" HOUSENUM="8" ADDNUM1="1" HOUSETYPE="2" ADDTYPE1="2" OPERTYPEID="10" PREVID="0" NEXTID="0" UPDATEDATE="2025-09-29" STARTDATE="2025-09-29" ENDDATE="2079-06-06" ISACTUAL="1" ISACTIVE="1" /><HOUSE ID="129173924" OBJECTID="13547444" OBJECTGUID="448bf6c4-d151-44d5-9330-a5e3a8d1519f" CHANGEID="689690809" HOUSENUM="19" HOUSETYPE="2" OPERTYPEID="30" PREVID="56236529" NEXTID="0" UPDATEDATE="2025-09-29" STARTDATE="2025-09-29" ENDDATE="2079-06-06" ISACTUAL="1" ISACTIVE="0" /><HOUSE ID="129174003" OBJECTID="35011056" OBJECTGUID="b82280c0-fe69-4de6-8a11-41c423d60743" CHANGEID="689691294" HOUSENUM="11" HOUSETYPE="2" OPERTYPEID="30" PREVID="64426466" NEXTID="0" UPDATEDATE="2025-09-29" STARTDATE="2025-09-29" ENDDATE="2079-06-06" ISACTUAL="1" ISACTIVE="0" /><HOUSE ID="64426466" OBJECTID="35011056" OBJECTGUID="b82280c0-fe69-4de6-8a11-41c423d60743" CHANGEID="53248237" HOUSENUM="11" HOUSETYPE="2" OPERTYPEID="20" PREVID="20820403" NEXTID="129174003" UPDATEDATE="2025-09-29" STARTDATE="2014-01-04" ENDDATE="2025-09-29" ISACTUAL="0" ISACTIVE="0" /><HOUSE ID="129174031" OBJECTID="174940801" OBJECTGUID="8b76d438-c101-47c4-9dc5-d10fa3c47cec" CHANGEID="689691622" HOUSENUM="161" ADDNUM1="1" HOUSETYPE="5" ADDTYPE1="2" OPERTYPEID="10" PREVID="0" NEXTID="0" UPDATEDATE="2025-09-29" STARTDATE="2025-09-29" ENDDATE="2079-06-06" ISACTUAL="1" ISACTIVE="1" /><HOUSE ID="129174561" OBJECTID="174942931" OBJECTGUID="c44db5f2-24aa-4a52-9490-739dbd1267db" CHANGEID="689695698" HOUSENUM="4" HOUSETYPE="2" OPERTYPEID="10" PREVID="0" NEXTID="0" UPDATEDATE="2025-09-29" STARTDATE="2025-09-29" ENDDATE="2079-06-06" ISACTUAL="1" ISACTIVE="1" /><HOUSE ID="70284554" OBJECTID="99955057" OBJECTGUID="2454d2e4-24e3-4ebc-a4fc-1e6176d8593f" CHANGEID="168064974" HOUSENUM="1" HOUSETYPE="2" OPERTYPEID="10" PREVID="0" NEXTID="129174536" UPDATEDATE="2025-09-29" STARTDATE="2021-01-15" ENDDATE="2025-09-29" ISACTUAL="0" ISACTIVE="0" /><HOUSE ID="129174536" OBJECTID="99955057" OBJECTGUID="2454d2e4-24e3-4ebc-a4fc-1e6176d8593f" CHANGEID="689695546" HOUSENUM="1" HOUSETYPE="5" OPERTYPEID="20" PREVID="70284554" UPDATEDATE="2025-09-29" STARTDATE="2025-09-29" ENDDATE="2079-06-06" ISACTUAL="1" ISACTIVE="1" /><HOUSE ID="70284546" OBJECTID="99955041" OBJECTGUID="24e6fa00-3a06-44ef-adc1-6ff38073ad4b" CHANGEID="168064958" HOUSENUM="1" ADDNUM1="1" HOUSETYPE="2" ADDTYPE1="2" OPERTYPEID="10" PREVID="0" NEXTID="129174542" UPDATEDATE="2025-09-29" STARTDATE="2021-01-15" ENDDATE="2025-09-29" ISACTUAL="0" ISACTIVE="0" /><HOUSE ID="129174542" OBJECTID="99955041" OBJECTGUID="24e6fa00-3a06-44ef-adc1-6ff38073ad4b" CHANGEID="689695581" HOUSENUM="1" ADDNUM1="1" HOUSETYPE="5" ADDTYPE1="2" OPERTYPEID="20" PREVID="70284546" UPDATEDATE="2025-09-29" STARTDATE="2025-09-29" ENDDATE="2079-06-06" ISACTUAL="1" ISACTIVE="1" /><HOUSE ID="129174661" OBJECTID="174943277" OBJECTGUID="ca204e9e-79cd-4f23-a5fa-05a0e034f0f0" CHANGEID="689696205" HOUSENUM="9" ADDNUM1="1" HOUSETYPE="2" ADDTYPE1="2" OPERTYPEID="10" PREVID="0" NEXTID="0" UPDATEDATE="2025-09-29" STARTDATE="2025-09-29" ENDDATE="2079-06-06" ISACTUAL="1" ISACTIVE="1" /><HOUSE ID="129174894" OBJECTID="174943816" OBJECTGUID="2d5fa396-7a9f-460b-ad7d-5149e0f2e417" CHANGEID="689697170" HOUSENUM="15а" HOUSETYPE="2" OPERTYPEID="10" PREVID="0" NEXTID="0" UPDATEDATE="2025-09-29" STARTDATE="2025-09-29" ENDDATE="2079-06-06" ISACTUAL="1" ISACTIVE="1" /><HOUSE ID="129174838" OBJECTID="174943707" OBJECTGUID="7f078dc7-062a-4363-a663-41c72bf3da1f" CHANGEID="689697021" HOUSENUM="132" HOUSETYPE="2" OPERTYPEID="10" PREVID="0" NEXTID="0" UPDATEDATE="2025-09-29" STARTDATE="2025-09-29" ENDDATE="2079-06-06" ISACTUAL="1" ISACTIVE="1" /><HOUSE ID="10464987" OBJECTID="18162057" OBJECTGUID="b12628d7-2985-40ba-b074-0d3d237edad8" CHANGEID="28616573" HOUSENUM="13А" HOUSETYPE="4" OPERTYPEID="10" PREVID="0" NEXTID="129174840" UPDATEDATE="2025-09-29" STARTDATE="2018-11-05" ENDDATE="2025-09-29" ISACTUAL="0" ISACTIVE="0" /><HOUSE ID="129174840" OBJECTID="18162057" OBJECTGUID="b12628d7-2985-40ba-b074-0d3d237edad8" CHANGEID="689697027" HOUSENUM="1б" HOUSETYPE="5" OPERTYPEID="20" PREVID="10464987" UPDATEDATE="2025-09-29" STARTDATE="2025-09-29" ENDDATE="2079-06-06" ISACTUAL="1" ISACTIVE="1" /><HOUSE ID="129174851" OBJECTID="174943740" OBJECTGUID="424ff034-7896-4331-8036-015b7f80c57a" CHANGEID="689697072" HOUSENUM="105" HOUSETYPE="2" OPERTYPEID="10" PREVID="0" NEXTID="0" UPDATEDATE="2025-09-29" STARTDATE="2025-09-29" ENDDATE="2079-06-06" ISACTUAL="1" ISACTIVE="1" /><HOUSE ID="10464626" OBJECTID="18161718" OBJECTGUID="15c5d78b-e66e-43f2-a7c6-42d30d75a5f4" CHANGEID="28615960" HOUSENUM="12А" HOUSETYPE="2" OPERTYPEID="10" PREVID="0" NEXTID="129175013" UPDATEDATE="2025-09-29" STARTDATE="2016-06-01" ENDDATE="2025-09-29" ISACTUAL="0" ISACTIVE="0" /><HOUSE ID="129175013" OBJECTID="18161718" OBJECTGUID="15c5d78b-e66e-43f2-a7c6-42d30d75a5f4" CHANGEID="689697361" HOUSENUM="12а" HOUSETYPE="5" OPERTYPEID="20" PREVID="10464626" UPDATEDATE="2025-09-29" STARTDATE="2025-09-29" ENDDATE="2079-06-06" ISACTUAL="1" ISACTIVE="1" /><HOUSE ID="10465122" OBJECTID="18162203" OBJECTGUID="99c229db-299f-49e4-a355-4ecee9849b5d" CHANGEID="28616841" HOUSENUM="13В" HOUSETYPE="2" OPERTYPEID="10" PREVID="0" NEXTID="129175023" UPDATEDATE="2025-09-29" STARTDATE="2018-11-05" ENDDATE="2025-09-29" ISACTUAL="0" ISACTIVE="0" /><HOUSE ID="129175023" OBJECTID="18162203" OBJECTGUID="99c229db-299f-49e4-a355-4ecee9849b5d" CHANGEID="689697398" HOUSENUM="13" HOUSETYPE="5" OPERTYPEID="20" PREVID="10465122" UPDATEDATE="2025-09-29" STARTDATE="2025-09-29" ENDDATE="2079-06-06" ISACTUAL="1" ISACTIVE="1" /><HOUSE ID="129175011" OBJECTID="174943974" OBJECTGUID="4dcbf831-e4cb-4aff-b271-7b85171e8277" CHANGEID="689697358" HOUSENUM="15" HOUSETYPE="2" OPERTYPEID="10" PREVID="0" NEXTID="0" UPDATEDATE="2025-09-29" STARTDATE="2025-09-29" ENDDATE="2079-06-06" ISACTUAL="1" ISACTIVE="1" /><HOUSE ID="129175034" OBJECTID="18162838" OBJECTGUID="2edeb57b-8caa-4534-b67c-6c1e1c6201a4" CHANGEID="689697425" HOUSENUM="13" ADDNUM1="1" HOUSETYPE="5" ADDTYPE1="2" OPERTYPEID="20" PREVID="10465440" UPDATEDATE="2025-09-29" STARTDATE="2025-09-29" ENDDATE="2079-06-06" ISACTUAL="1" ISACTIVE="1" /><HOUSE ID="10465615" OBJECTID="18163070" OBJECTGUID="8c264a4e-c783-48fe-a3b1-abaa64da6bbd" CHANGEID="28618046" HOUSENUM="13Г" HOUSETYPE="2" OPERTYPEID="10" PREVID="0" NEXTID="129175042" UPDATEDATE="2025-09-29" STARTDATE="2018-11-05" ENDDATE="2025-09-29" ISACTUAL="0" ISACTIVE="0" /><HOUSE ID="129175042" OBJECTID="18163070" OBJECTGUID="8c264a4e-c783-48fe-a3b1-abaa64da6bbd" CHANGEID="689697450" HOUSENUM="13" ADDNUM1="2" HOUSETYPE="5" ADDTYPE1="2" OPERTYPEID="20" PREVID="10465615" UPDATEDATE="2025-09-29" STARTDATE="2025-09-29" ENDDATE="2079-06-06" ISACTUAL="1" ISACTIVE="1" /><HOUSE ID="129177021" OBJECTID="174950138" OBJECTGUID="850cc04c-4a08-460b-a547-23e51bec4997" CHANGEID="689710379" HOUSENUM="1Б" HOUSETYPE="2" OPERTYPEID="10" PREVID="0" NEXTID="0" UPDATEDATE="2025-09-30" STARTDATE="2025-09-30" ENDDATE="2079-06-06" ISACTUAL="1" ISACTIVE="1" /><HOUSE ID="129177026" OBJECTID="174950142" OBJECTGUID="c550fdbe-e5c5-4203-abcc-749b3ccf04ca" CHANGEID="689710389" HOUSENUM="11" HOUSETYPE="2" OPERTYPEID="10" PREVID="0" NEXTID="0" UPDATEDATE="2025-09-30" STARTDATE="2025-09-30" ENDDATE="2079-06-06" ISACTUAL="1" ISACTIVE="1" /><HOUSE ID="129177408" OBJECTID="14992044" OBJECTGUID="3ae00d57-68e5-4e3d-9f20-121ca8a8aaa6" CHANGEID="689712359" HOUSENUM="13" HOUSETYPE="2" OPERTYPEID="30" PREVID="55552282" NEXTID="0" UPDATEDATE="2025-09-30" STARTDATE="2025-09-30" ENDDATE="2079-06-06" ISACTUAL="1" ISACTIVE="0" /><HOUSE ID="55552282" OBJECTID="14992044" OBJECTGUID="3ae00d57-68e5-4e3d-9f20-121ca8a8aaa6" CHANGEID="23921589" HOUSENUM="13" HOUSETYPE="2" OPERTYPEID="20" PREVID="8420499" NEXTID="129177408" UPDATEDATE="2025-09-30" STARTDATE="2014-02-18" ENDDATE="2025-09-30" ISACTUAL="0" ISACTIVE="0" /><HOUSE ID="129177393" OBJECTID="174951392" OBJECTGUID="1ae2f093-3ab3-4b5c-9f7f-6a3774667921" CHANGEID="689712304" HOUSENUM="22" HOUSETYPE="2" OPERTYPEID="10" PREVID="0" NEXTID="0" UPDATEDATE="2025-09-30" STARTDATE="2025-09-30" ENDDATE="2079-06-06" ISACTUAL="1" ISACTIVE="1" /><HOUSE ID="129177482" OBJECTID="174951565" OBJECTGUID="900ce745-a0f6-4176-abf1-1eb264f53547" CHANGEID="689712674" HOUSENUM="9" ADDNUM1="2" HOUSETYPE="2" ADDTYPE1="2" OPERTYPEID="10" PREVID="0" NEXTID="0" UPDATEDATE="2025-09-30" STARTDATE="2025-09-30" ENDDATE="2079-06-06" ISACTUAL="1" ISACTIVE="1" /><HOUSE ID="129177938" OBJECTID="174952697" OBJECTGUID="47d9557b-2b35-45d4-84cb-719def5f64ab" CHANGEID="689717949" HOUSENUM="10а" HOUSETYPE="2" OPERTYPEID="10" PREVID="0" NEXTID="0" UPDATEDATE="2025-09-30" STARTDATE="2025-09-30" ENDDATE="2079-06-06" ISACTUAL="1" ISACTIVE="1" /><HOUSE ID="129177930" OBJECTID="174952670" OBJECTGUID="e7f5b778-086e-46b5-a573-df8d86e6f984" CHANGEID="689717911" HOUSENUM="9" ADDNUM1="4" HOUSETYPE="2" ADDTYPE1="2" OPERTYPEID="10" PREVID="0" NEXTID="0" UPDATEDATE="2025-09-30" STARTDATE="2025-09-30" ENDDATE="2079-06-06" ISACTUAL="1" ISACTIVE="1" /><HOUSE ID="129178082" OBJECTID="174953007" OBJECTGUID="1a5a092e-0638-4dd6-b2e1-75ef0feb8797" CHANGEID="689718599" HOUSENUM="26" ADDNUM1="1" HOUSETYPE="2" ADDTYPE1="2" OPERTYPEID="10" PREVID="0" NEXTID="0" UPDATEDATE="2025-09-30" STARTDATE="2025-09-30" ENDDATE="2079-06-06" ISACTUAL="1" ISACTIVE="1" /><HOUSE ID="129178093" OBJECTID="174953045" OBJECTGUID="5370a37c-8b2b-41e2-8c3a-3594916318df" CHANGEID="689718669" HOUSENUM="2б" HOUSETYPE="2" OPERTYPEID="10" PREVID="0" NEXTID="0" UPDATEDATE="2025-09-30" STARTDATE="2025-09-30" ENDDATE="2079-06-06" ISACTUAL="1" ISACTIVE="1" /><HOUSE ID="129178102" OBJECTID="174953066" OBJECTGUID="d729c244-313c-4af0-b92b-c61751b7c19e" CHANGEID="689718708" HOUSENUM="3д/3" HOUSETYPE="2" OPERTYPEID="10" PREVID="0" NEXTID="0" UPDATEDATE="2025-09-30" STARTDATE="2025-09-30" ENDDATE="2079-06-06" ISACTUAL="1" ISACTIVE="1" /><HOUSE ID="129178113" OBJECTID="174953091" OBJECTGUID="6a23c0be-016f-403f-9d78-5e48351f44e3" CHANGEID="689718744" HOUSENUM="3д/11" HOUSETYPE="2" OPERTYPEID="10" PREVID="0" NEXTID="0" UPDATEDATE="2025-09-30" STARTDATE="2025-09-30" ENDDATE="2079-06-06" ISACTUAL="1" ISACTIVE="1" /><HOUSE ID="129178116" OBJECTID="174953096" OBJECTGUID="695d3f78-e656-434b-a832-f18e3204b99d" CHANGEID="689718772" HOUSENUM="3д/14" HOUSETYPE="2" OPERTYPEID="10" PREVID="0" NEXTID="0" UPDATEDATE="2025-09-30" STARTDATE="2025-09-30" ENDDATE="2079-06-06" ISACTUAL="1" ISACTIVE="1" /><HOUSE ID="129178108" OBJECTID="174953076" OBJECTGUID="63424a63-6470-479f-9598-7cbc22c204d3" CHANGEID="689718724" HOUSENUM="3д/5" HOUSETYPE="2" OPERTYPEID="10" PREVID="0" NEXTID="0" UPDATEDATE="2025-09-30" STARTDATE="2025-09-30" ENDDATE="2079-06-06" ISACTUAL="1" ISACTIVE="1" /><HOUSE ID="129178889" OBJECTID="174955332" OBJECTGUID="c617bc54-e286-453f-8be6-d6cab4cd02bb" CHANGEID="689723495" HOUSENUM="1" ADDNUM1="2" HOUSETYPE="2" ADDTYPE1="1" OPERTYPEID="10" PREVID="0" NEXTID="0" UPDATEDATE="2025-09-30" STARTDATE="2025-09-30" ENDDATE="2079-06-06" ISACTUAL="1" ISACTIVE="1" /><HOUSE ID="129178874" OBJECTID="174955288" OBJECTGUID="caea091e-791b-4cf7-9e3d-35a3910a09f3" CHANGEID="689723418" HOUSENUM="3д/18" HOUSETYPE="2" OPERTYPEID="10" PREVID="0" NEXTID="0" UPDATEDATE="2025-09-30" STARTDATE="2025-09-30" ENDDATE="2079-06-06" ISACTUAL="1" ISACTIVE="1" /><HOUSE ID="129178881" OBJECTID="174955304" OBJECTGUID="5cbb45ae-42bc-43c0-986a-53fd9c1d8c49" CHANGEID="689723443" HOUSENUM="3д/22" HOUSETYPE="2" OPERTYPEID="10" PREVID="0" NEXTID="0" UPDATEDATE="2025-09-30" STARTDATE="2025-09-30" ENDDATE="2079-06-06" ISACTUAL="1" ISACTIVE="1" /><HOUSE ID="129179235" OBJECTID="174956436" OBJECTGUID="7422f3a9-4f62-4b82-8217-2c540cb3a4e2" CHANGEID="689725696" HOUSENUM="1а" HOUSETYPE="2" OPERTYPEID="10" PREVID="0" NEXTID="0" UPDATEDATE="2025-09-30" STARTDATE="2025-09-30" ENDDATE="2079-06-06" ISACTUAL="1" ISACTIVE="1" /><HOUSE ID="129179633" OBJECTID="174958130" OBJECTGUID="3870c072-d6e1-4667-8379-40854f09e620" CHANGEID="689730334" HOUSENUM="37" HOUSETYPE="5" OPERTYPEID="10" PREVID="0" NEXTID="0" UPDATEDATE="2025-09-30" STARTDATE="2025-09-30" ENDDATE="2079-06-06" ISACTUAL="1" ISACTIVE="1" /><HOUSE ID="42818689" OBJECTID="70986592" OBJECTGUID="8842ce93-dd57-4d52-8a97-a976182f70ec" CHANGEID="105753509" HOUSENUM="16А" HOUSETYPE="2" OPERTYPEID="10" PREVID="0" NEXTID="129179911" UPDATEDATE="2025-09-30" STARTDATE="2017-12-20" ENDDATE="2025-09-30" ISACTUAL="0" ISACTIVE="0" /><HOUSE ID="129179911" OBJECTID="70986592" OBJECTGUID="8842ce93-dd57-4d52-8a97-a976182f70ec" CHANGEID="689733049" HOUSENUM="99" HOUSETYPE="2" OPERTYPEID="50" PREVID="42818689" UPDATEDATE="2025-09-30" STARTDATE="2025-09-30" ENDDATE="2079-06-06" ISACTUAL="1" ISACTIVE="1" /><HOUSE ID="129180143" OBJECTID="174959313" OBJECTGUID="8c43ac64-f05d-4d5c-b980-539ce1f956b4" CHANGEID="689733867" HOUSENUM="98" HOUSETYPE="2" OPERTYPEID="10" PREVID="0" NEXTID="0" UPDATEDATE="2025-09-30" STARTDATE="2025-09-30" ENDDATE="2079-06-06" ISACTUAL="1" ISACTIVE="1" /><HOUSE ID="129180463" OBJECTID="174960637" OBJECTGUID="a61c44e9-b2ef-4189-9e30-445334a40703" CHANGEID="689736610" HOUSENUM="20а/74" HOUSETYPE="2" OPERTYPEID="10" PREVID="0" NEXTID="0" UPDATEDATE="2025-09-30" STARTDATE="2025-09-30" ENDDATE="2079-06-06" ISACTUAL="1" ISACTIVE="1" /><HOUSE ID="129180468" OBJECTID="174960651" OBJECTGUID="e2dfb167-b6f7-40ee-ae04-b95d20533ece" CHANGEID="689736638" HOUSENUM="20а/80" HOUSETYPE="2" OPERTYPEID="10" PREVID="0" NEXTID="0" UPDATEDATE="2025-09-30" STARTDATE="2025-09-30" ENDDATE="2079-06-06" ISACTUAL="1" ISACTIVE="1" /><HOUSE ID="129180459" OBJECTID="174960633" OBJECTGUID="39bb3186-33b4-4c02-8115-318feb434fd4" CHANGEID="689736603" HOUSENUM="20а/61" HOUSETYPE="2" OPERTYPEID="10" PREVID="0" NEXTID="0" UPDATEDATE="2025-09-30" STARTDATE="2025-09-30" ENDDATE="2079-06-06" ISACTUAL="1" ISACTIVE="1" /><HOUSE ID="129180460" OBJECTID="174960634" OBJECTGUID="adf3a4dd-79ba-4382-bacc-659e4ddbc1d2" CHANGEID="689736605" HOUSENUM="20а/64" HOUSETYPE="2" OPERTYPEID="10" PREVID="0" NEXTID="0" UPDATEDATE="2025-09-30" STARTDATE="2025-09-30" ENDDATE="2079-06-06" ISACTUAL="1" ISACTIVE="1" /><HOUSE ID="129180462" OBJECTID="174960635" OBJECTGUID="59dc6897-4e0f-4b16-9cbd-5743ab5ff7e8" CHANGEID="689736607" HOUSENUM="20а/67" HOUSETYPE="2" OPERTYPEID="10" PREVID="0" NEXTID="0" UPDATEDATE="2025-09-30" STARTDATE="2025-09-30" ENDDATE="2079-06-06" ISACTUAL="1" ISACTIVE="1" /><HOUSE ID="129180475" OBJECTID="174960727" OBJECTGUID="2ff56f7e-e669-4cb8-944d-3b66a2480d2b" CHANGEID="689736906" HOUSENUM="20а/102а" HOUSETYPE="2" OPERTYPEID="10" PREVID="0" NEXTID="0" UPDATEDATE="2025-09-30" STARTDATE="2025-09-30" ENDDATE="2079-06-06" ISACTUAL="1" ISACTIVE="1" /><HOUSE ID="129180480" OBJECTID="174960743" OBJECTGUID="d01c1625-1fc6-425f-b5a2-694a591121e9" CHANGEID="689736941" HOUSENUM="20а/109" HOUSETYPE="2" OPERTYPEID="10" PREVID="0" NEXTID="0" UPDATEDATE="2025-09-30" STARTDATE="2025-09-30" ENDDATE="2079-06-06" ISACTUAL="1" ISACTIVE="1" /><HOUSE ID="129180497" OBJECTID="174960799" OBJECTGUID="5efaeaf9-842e-4903-9971-0160c47962c9" CHANGEID="689737015" HOUSENUM="20а/122" HOUSETYPE="2" OPERTYPEID="10" PREVID="0" NEXTID="0" UPDATEDATE="2025-09-30" STARTDATE="2025-09-30" ENDDATE="2079-06-06" ISACTUAL="1" ISACTIVE="1" /><HOUSE ID="129181605" OBJECTID="47527243" OBJECTGUID="c6267391-add2-4377-b23a-add925e4e369" CHANGEID="689744641" HOUSENUM="74/1" HOUSETYPE="2" OPERTYPEID="20" PREVID="65419251" UPDATEDATE="2025-09-30" STARTDATE="2025-09-30" ENDDATE="2079-06-06" ISACTUAL="1" ISACTIVE="1" /><HOUSE ID="129181976" OBJECTID="72239886" OBJECTGUID="15a12b80-5d0e-48fd-b2c6-533aefc9c389" CHANGEID="689747509" HOUSENUM="16а" HOUSETYPE="2" OPERTYPEID="30" PREVID="52912505" NEXTID="0" UPDATEDATE="2025-09-30" STARTDATE="2025-09-30" ENDDATE="2079-06-06" ISACTUAL="1" ISACTIVE="0" /><HOUSE ID="129181991" OBJECTID="174965764" OBJECTGUID="a3d6190c-b7b3-4950-b6d0-81c32285e367" CHANGEID="689747535" HOUSENUM="32" HOUSETYPE="2" OPERTYPEID="10" PREVID="0" NEXTID="0" UPDATEDATE="2025-09-30" STARTDATE="2025-09-30" ENDDATE="2079-06-06" ISACTUAL="1" ISACTIVE="1" /><HOUSE ID="129182602" OBJECTID="174966778" OBJECTGUID="cd3bab50-371c-43ae-aff1-a046d264ddd9" CHANGEID="689750450" HOUSENUM="100" ADDNUM1="1" HOUSETYPE="2" ADDTYPE1="1" OPERTYPEID="10" PREVID="0" NEXTID="0" UPDATEDATE="2025-09-30" STARTDATE="2025-09-30" ENDDATE="2079-06-06" ISACTUAL="1" ISACTIVE="1" /><HOUSE ID="129182603" OBJECTID="174966779" OBJECTGUID="af81c71c-abfe-40db-abd6-54d823585002" CHANGEID="689750454" HOUSENUM="100" ADDNUM1="2" HOUSETYPE="2" ADDTYPE1="1" OPERTYPEID="10" PREVID="0" NEXTID="0" UPDATEDATE="2025-09-30" STARTDATE="2025-09-30" ENDDATE="2079-06-06" ISACTUAL="1" ISACTIVE="1" /><HOUSE ID="129182604" OBJECTID="174966780" OBJECTGUID="3c9d9dc3-3eab-4d19-be90-a81490faf5ad" CHANGEID="689750458" HOUSENUM="100" ADDNUM1="3" HOUSETYPE="2" ADDTYPE1="1" OPERTYPEID="10" PREVID="0" NEXTID="0" UPDATEDATE="2025-09-30" STARTDATE="2025-09-30" ENDDATE="2079-06-06" ISACTUAL="1" ISACTIVE="1" /><HOUSE ID="129182605" OBJECTID="174966781" OBJECTGUID="27178dfd-db42-4533-9309-d3d7ead608af" CHANGEID="689750460" HOUSENUM="100" ADDNUM1="4" HOUSETYPE="2" ADDTYPE1="1" OPERTYPEID="10" PREVID="0" NEXTID="0" UPDATEDATE="2025-09-30" STARTDATE="2025-09-30" ENDDATE="2079-06-06" ISACTUAL="1" ISACTIVE="1" /><HOUSE ID="129182606" OBJECTID="174966782" OBJECTGUID="886e57dc-2feb-4e90-9c0e-6cc58e4af78c" CHANGEID="689750462" HOUSENUM="100" ADDNUM1="5" HOUSETYPE="2" ADDTYPE1="1" OPERTYPEID="10" PREVID="0" NEXTID="0" UPDATEDATE="2025-09-30" STARTDATE="2025-09-30" ENDDATE="2079-06-06" ISACTUAL="1" ISACTIVE="1" /><HOUSE ID="129182612" OBJECTID="174966791" OBJECTGUID="9142b5e3-c46d-4c27-ae3e-dcc2455d9bba" CHANGEID="689750475" HOUSENUM="65А/6" HOUSETYPE="4" OPERTYPEID="10" PREVID="0" NEXTID="0" UPDATEDATE="2025-09-30" STARTDATE="2025-09-30" ENDDATE="2079-06-06" ISACTUAL="1" ISACTIVE="1" /><HOUSE ID="129182614" OBJECTID="174966793" OBJECTGUID="9f0fe4b7-8fbd-42e6-ac6e-ea71c3b4657a" CHANGEID="689750481" HOUSENUM="65А/155" HOUSETYPE="4" OPERTYPEID="10" PREVID="0" NEXTID="0" UPDATEDATE="2025-09-30" STARTDATE="2025-09-30" ENDDATE="2079-06-06" ISACTUAL="1" ISACTIVE="1" /><HOUSE ID="129182617" OBJECTID="174966796" OBJECTGUID="640d9f26-0d5f-4b6f-8c89-18ccfdee68d9" CHANGEID="689750485" HOUSENUM="65А/406" HOUSETYPE="4" OPERTYPEID="10" PREVID="0" NEXTID="0" UPDATEDATE="2025-09-30" STARTDATE="2025-09-30" ENDDATE="2079-06-06" ISACTUAL="1" ISACTIVE="1" /><HOUSE ID="129182600" OBJECTID="174966767" OBJECTGUID="cfaddb5a-7273-42b6-8723-76311e845a11" CHANGEID="689750417" HOUSENUM="4" HOUSETYPE="2" OPERTYPEID="10" PREVID="0" NEXTID="0" UPDATEDATE="2025-09-30" STARTDATE="2025-09-30" ENDDATE="2079-06-06" ISACTUAL="1" ISACTIVE="1" /><HOUSE ID="129182611" OBJECTID="174966790" OBJECTGUID="45e3410a-8c39-4660-9330-78e265572a19" CHANGEID="689750474" HOUSENUM="58" HOUSETYPE="2" OPERTYPEID="10" PREVID="0" NEXTID="0" UPDATEDATE="2025-09-30" STARTDATE="2025-09-30" ENDDATE="2079-06-06" ISACTUAL="1" ISACTIVE="1" /><HOUSE ID="129183062" OBJECTID="174967980" OBJECTGUID="bc1e2674-0fd3-4d07-8536-018f7e39b177" CHANGEID="689753125" HOUSENUM="76А" HOUSETYPE="2" OPERTYPEID="10" PREVID="0" NEXTID="0" UPDATEDATE="2025-09-30" STARTDATE="2025-09-30" ENDDATE="2079-06-06" ISACTUAL="1" ISACTIVE="1" /><HOUSE ID="129183085" OBJECTID="174968056" OBJECTGUID="68df6c09-8b30-4ead-a315-f52d5b370317" CHANGEID="689753285" HOUSENUM="94" ADDNUM1="1" HOUSETYPE="5" ADDTYPE1="2" OPERTYPEID="10" PREVID="0" NEXTID="0" UPDATEDATE="2025-09-30" STARTDATE="2025-09-30" ENDDATE="2079-06-06" ISACTUAL="1" ISACTIVE="1" /><HOUSE ID="129183318" OBJECTID="174968783" OBJECTGUID="1322ef22-677b-4996-a783-98d85c4c1167" CHANGEID="689755260" HOUSENUM="35" HOUSETYPE="2" OPERTYPEID="10" PREVID="0" NEXTID="0" UPDATEDATE="2025-09-30" STARTDATE="2025-09-30" ENDDATE="2079-06-06" ISACTUAL="1" ISACTIVE="1" /><HOUSE ID="129183695" OBJECTID="174969787" OBJECTGUID="66d7f3a8-ae87-4eb9-a19b-96e7b971f72e" CHANGEID="689757227" HOUSENUM="57а" HOUSETYPE="2" OPERTYPEID="10" PREVID="0" NEXTID="0" UPDATEDATE="2025-09-30" STARTDATE="2025-09-30" ENDDATE="2079-06-06" ISACTUAL="1" ISACTIVE="1" /><HOUSE ID="129185372" OBJECTID="174800171" OBJECTGUID="b4e5090a-4ddf-4312-b664-70e48f14b407" CHANGEID="689786479" HOUSENUM="74" HOUSETYPE="2" OPERTYPEID="20" PREVID="129131075" UPDATEDATE="2025-10-01" STARTDATE="2025-10-01" ENDDATE="2079-06-06" ISACTUAL="1" ISACTIVE="1" /><HOUSE ID="129186191" OBJECTID="174978430" OBJECTGUID="7c10ef7b-807f-4014-85ab-9264ebf6aa32" CHANGEID="689793129" HOUSENUM="26а" HOUSETYPE="2" OPERTYPEID="10" PREVID="0" NEXTID="0" UPDATEDATE="2025-10-01" STARTDATE="2025-10-01" ENDDATE="2079-06-06" ISACTUAL="1" ISACTIVE="1" /><HOUSE ID="129186703" OBJECTID="62170691" OBJECTGUID="909fe4dc-1ef0-4f8f-9cf4-ae6e7ca5f698" CHANGEID="689795819" HOUSENUM="7" HOUSETYPE="2" OPERTYPEID="30" PREVID="61625747" NEXTID="0" UPDATEDATE="2025-10-01" STARTDATE="2025-10-01" ENDDATE="2079-06-06" ISACTUAL="1" ISACTIVE="0" /><HOUSE ID="129186716" OBJECTID="174979983" OBJECTGUID="a99a57fc-75e2-4956-ac71-8e2fa142f28e" CHANGEID="689795991" HOUSENUM="7/2" HOUSETYPE="2" OPERTYPEID="10" PREVID="0" NEXTID="0" UPDATEDATE="2025-10-01" STARTDATE="2025-10-01" ENDDATE="2079-06-06" ISACTUAL="1" ISACTIVE="1" /><HOUSE ID="129186717" OBJECTID="174979984" OBJECTGUID="74dc5eca-45fd-4cc5-a5bc-de724c50d9dc" CHANGEID="689795992" HOUSENUM="7/1" HOUSETYPE="2" OPERTYPEID="10" PREVID="0" NEXTID="0" UPDATEDATE="2025-10-01" STARTDATE="2025-10-01" ENDDATE="2079-06-06" ISACTUAL="1" ISACTIVE="1" /><HOUSE ID="129187553" OBJECTID="174982289" OBJECTGUID="c62e7811-3023-438f-b6fa-22e92d387a0a" CHANGEID="689801154" HOUSENUM="29" ADDNUM1="1" HOUSETYPE="2" ADDTYPE1="2" OPERTYPEID="10" PREVID="0" NEXTID="0" UPDATEDATE="2025-10-01" STARTDATE="2025-10-01" ENDDATE="2079-06-06" ISACTUAL="1" ISACTIVE="1" /><HOUSE ID="129187610" OBJECTID="174982373" OBJECTGUID="48d3cf61-7ff5-42d1-a849-544da9b8ea3b" CHANGEID="689801249" HOUSENUM="27а" HOUSETYPE="2" OPERTYPEID="10" PREVID="0" NEXTID="0" UPDATEDATE="2025-10-01" STARTDATE="2025-10-01" ENDDATE="2079-06-06" ISACTUAL="1" ISACTIVE="1" /><HOUSE ID="129187646" OBJECTID="174982458" OBJECTGUID="d6131136-b4ae-46e9-a5fe-aa2bebc208fb" CHANGEID="689801411" HOUSENUM="19А" HOUSETYPE="2" OPERTYPEID="10" PREVID="0" NEXTID="0" UPDATEDATE="2025-10-01" STARTDATE="2025-10-01" ENDDATE="2079-06-06" ISACTUAL="1" ISACTIVE="1" /><HOUSE ID="129188242" OBJECTID="174983677" OBJECTGUID="b763fad8-30b0-45c2-b60c-2831aa8ab3f5" CHANGEID="689803816" HOUSENUM="39/1" HOUSETYPE="2" OPERTYPEID="10" PREVID="0" NEXTID="0" UPDATEDATE="2025-10-01" STARTDATE="2025-10-01" ENDDATE="2079-06-06" ISACTUAL="1" ISACTIVE="1" /><HOUSE ID="129188254" OBJECTID="174983704" OBJECTGUID="a04a921a-dd48-4c17-b310-69148e3d113e" CHANGEID="689803869" HOUSENUM="48/1" HOUSETYPE="5" OPERTYPEID="10" PREVID="0" NEXTID="0" UPDATEDATE="2025-10-01" STARTDATE="2025-10-01" ENDDATE="2079-06-06" ISACTUAL="1" ISACTIVE="1" /><HOUSE ID="129190314" OBJECTID="12383701" OBJECTGUID="6bd915be-b515-454e-b032-d17ce6278423" CHANGEID="689816704" HOUSENUM="122" HOUSETYPE="2" OPERTYPEID="30" PREVID="59020711" NEXTID="0" UPDATEDATE="2025-10-01" STARTDATE="2025-10-01" ENDDATE="2079-06-06" ISACTUAL="1" ISACTIVE="0" /><HOUSE ID="129190834" OBJECTID="174991315" OBJECTGUID="92a08be8-738e-49a1-ba55-0bfb5c34d702" CHANGEID="689818812" HOUSENUM="14" HOUSETYPE="2" OPERTYPEID="10" PREVID="0" NEXTID="0" UPDATEDATE="2025-10-01" STARTDATE="2025-10-01" ENDDATE="2079-06-06" ISACTUAL="1" ISACTIVE="1" /><HOUSE ID="129190842" OBJECTID="23708862" OBJECTGUID="c6245391-32d8-4aad-ba4e-2913f3a3b103" CHANGEID="689818836" HOUSENUM="79" HOUSETYPE="2" OPERTYPEID="30" PREVID="65418401" NEXTID="0" UPDATEDATE="2025-10-01" STARTDATE="2025-10-01" ENDDATE="2079-06-06" ISACTUAL="1" ISACTIVE="0" /><HOUSE ID="129190831" OBJECTID="174991307" OBJECTGUID="5887b7c2-df7e-4138-baae-72a13a95f515" CHANGEID="689818799" HOUSENUM="37/1" HOUSETYPE="2" OPERTYPEID="10" PREVID="0" NEXTID="0" UPDATEDATE="2025-10-01" STARTDATE="2025-10-01" ENDDATE="2079-06-06" ISACTUAL="1" ISACTIVE="1" /><HOUSE ID="129190832" OBJECTID="174991308" OBJECTGUID="14077514-2bac-4822-a8c9-18b4ce315233" CHANGEID="689818801" HOUSENUM="6" HOUSETYPE="2" OPERTYPEID="10" PREVID="0" NEXTID="0" UPDATEDATE="2025-10-01" STARTDATE="2025-10-01" ENDDATE="2079-06-06" ISACTUAL="1" ISACTIVE="1" /><HOUSE ID="129190872" OBJECTID="174991364" OBJECTGUID="0619562c-3496-42c2-bf59-ddaac7af306b" CHANGEID="689818883" HOUSENUM="2/1" HOUSETYPE="2" OPERTYPEID="54" PREVID="111818647" NEXTID="0" UPDATEDATE="2025-10-01" STARTDATE="2025-10-01" ENDDATE="2079-06-06" ISACTUAL="1" ISACTIVE="1" /><HOUSE ID="129190873" OBJECTID="174991365" OBJECTGUID="c7dfd29d-3968-479d-a03a-3a2480b51cc8" CHANGEID="689818885" HOUSENUM="2/2" HOUSETYPE="2" OPERTYPEID="54" PREVID="111818648" NEXTID="0" UPDATEDATE="2025-10-01" STARTDATE="2025-10-01" ENDDATE="2079-06-06" ISACTUAL="1" ISACTIVE="1" /><HOUSE ID="129190874" OBJECTID="34912350" OBJECTGUID="d88936a8-7f9d-47e9-b8e6-9cb68cbf032d" CHANGEID="689818886" HOUSENUM="2" HOUSETYPE="2" OPERTYPEID="55" PREVID="66720034" UPDATEDATE="2025-10-01" STARTDATE="2025-10-01" ENDDATE="2079-06-06" ISACTUAL="1" ISACTIVE="0" /><HOUSE ID="129190897" OBJECTID="55632765" OBJECTGUID="ebace6ef-6c03-4da8-8257-457e26393f3e" CHANGEID="689818954" HOUSENUM="6" HOUSETYPE="14" OPERTYPEID="20" PREVID="68074429" UPDATEDATE="2025-10-01" STARTDATE="2025-10-01" ENDDATE="2079-06-06" ISACTUAL="1" ISACTIVE="1" /><HOUSE ID="39701898" OBJECTID="65936978" OBJECTGUID="67e30855-cd57-49a2-a730-b77cfc5ae178" CHANGEID="98344076" HOUSENUM="7а" HOUSETYPE="2" OPERTYPEID="10" PREVID="0" NEXTID="129191143" UPDATEDATE="2025-10-01" STARTDATE="2016-07-13" ENDDATE="2025-10-01" ISACTUAL="0" ISACTIVE="0" /><HOUSE ID="129191143" OBJECTID="65936978" OBJECTGUID="67e30855-cd57-49a2-a730-b77cfc5ae178" CHANGEID="689819956" HOUSENUM="7а" HOUSETYPE="14" OPERTYPEID="20" PREVID="39701898" UPDATEDATE="2025-10-01" STARTDATE="2025-10-01" ENDDATE="2079-06-06" ISACTUAL="1" ISACTIVE="1" /><HOUSE ID="129191147" OBJECTID="41754588" OBJECTGUID="1856f4d8-c14c-4ee3-92e5-1914c64d4025" CHANGEID="689819982" HOUSENUM="9" HOUSETYPE="14" OPERTYPEID="20" PREVID="53105009" UPDATEDATE="2025-10-01" STARTDATE="2025-10-01" ENDDATE="2079-06-06" ISACTUAL="1" ISACTIVE="1" /><HOUSE ID="129191149" OBJECTID="174991992" OBJECTGUID="70682bb1-1d65-4e30-9a2e-49a86d9248be" CHANGEID="689819984" HOUSENUM="12" HOUSETYPE="2" OPERTYPEID="10" PREVID="0" NEXTID="0" UPDATEDATE="2025-10-01" STARTDATE="2025-10-01" ENDDATE="2079-06-06" ISACTUAL="1" ISACTIVE="1" /><HOUSE ID="129191153" OBJECTID="174992011" OBJECTGUID="cde64756-6e4f-427b-aa56-79730bf23218" CHANGEID="689820008" HOUSENUM="8" HOUSETYPE="5" OPERTYPEID="10" PREVID="0" NEXTID="0" UPDATEDATE="2025-10-01" STARTDATE="2025-10-01" ENDDATE="2079-06-06" ISACTUAL="1" ISACTIVE="1" /><HOUSE ID="129191379" OBJECTID="55634540" OBJECTGUID="1a1fe920-5691-47f0-9bed-8dd42ab5a426" CHANGEID="689822418" HOUSENUM="13" HOUSETYPE="2" OPERTYPEID="30" PREVID="53232113" NEXTID="0" UPDATEDATE="2025-10-01" STARTDATE="2025-10-01" ENDDATE="2079-06-06" ISACTUAL="1" ISACTIVE="0" /><HOUSE ID="129191380" OBJECTID="55637375" OBJECTGUID="d5f1afc8-e181-4ebc-8639-b804a4a2aa45" CHANGEID="689822419" HOUSENUM="15" HOUSETYPE="2" OPERTYPEID="30" PREVID="66536406" NEXTID="0" UPDATEDATE="2025-10-01" STARTDATE="2025-10-01" ENDDATE="2079-06-06" ISACTUAL="1" ISACTIVE="0" /><HOUSE ID="129191381" OBJECTID="174992606" OBJECTGUID="cb8b7af3-0a3a-4471-ba53-5bfa34a3347a" CHANGEID="689822421" HOUSENUM="17а" HOUSETYPE="2" OPERTYPEID="10" PREVID="0" NEXTID="0" UPDATEDATE="2025-10-01" STARTDATE="2025-10-01" ENDDATE="2079-06-06" ISACTUAL="1" ISACTIVE="1" /><HOUSE ID="129191569" OBJECTID="174992912" OBJECTGUID="15e9f825-1c22-4d91-b2d7-0b9f2b83c45d" CHANGEID="689825412" HOUSENUM="264" HOUSETYPE="4" OPERTYPEID="10" PREVID="0" NEXTID="0" UPDATEDATE="2025-10-01" STARTDATE="2025-10-01" ENDDATE="2079-06-06" ISACTUAL="1" ISACTIVE="1" /><HOUSE ID="129191574" OBJECTID="174992929" OBJECTGUID="ce20370c-edc3-4367-ba3d-88d33ebfa999" CHANGEID="689825430" HOUSENUM="240" HOUSETYPE="4" OPERTYPEID="10" PREVID="0" NEXTID="0" UPDATEDATE="2025-10-01" STARTDATE="2025-10-01" ENDDATE="2079-06-06" ISACTUAL="1" ISACTIVE="1" /><HOUSE ID="129191567" OBJECTID="174992896" OBJECTGUID="793639f8-bb65-4006-b2ed-a2c01e1dffe9" CHANGEID="689825393" HOUSENUM="245" HOUSETYPE="4" OPERTYPEID="10" PREVID="0" NEXTID="0" UPDATEDATE="2025-10-01" STARTDATE="2025-10-01" ENDDATE="2079-06-06" ISACTUAL="1" ISACTIVE="1" /><HOUSE ID="129191568" OBJECTID="174992898" OBJECTGUID="9b0b1195-e3d9-48a4-8b25-17a34aacdb40" CHANGEID="689825397" HOUSENUM="380" HOUSETYPE="4" OPERTYPEID="10" PREVID="0" NEXTID="0" UPDATEDATE="2025-10-01" STARTDATE="2025-10-01" ENDDATE="2079-06-06" ISACTUAL="1" ISACTIVE="1" /><HOUSE ID="129191576" OBJECTID="174992931" OBJECTGUID="00340d37-2823-43c3-94c2-b3b8499b4dc9" CHANGEID="689825433" HOUSENUM="17" HOUSETYPE="4" OPERTYPEID="10" PREVID="0" NEXTID="0" UPDATEDATE="2025-10-01" STARTDATE="2025-10-01" ENDDATE="2079-06-06" ISACTUAL="1" ISACTIVE="1" /></HOUSES>