﻿<?xml version="1.0" encoding="utf-8"?><STEADS><STEAD ID="69391085" OBJECTID="166364983" OBJECTGUID="f05a5b31-89a0-4675-a006-a760b7a68555" CHANGEID="604809758" NUMBER="51" OPERTYPEID="10" PREVID="0" NEXTID="74172470" UPDATEDATE="2025-09-29" STARTDATE="2024-10-16" ENDDATE="2025-09-29" ISACTUAL="0" ISACTIVE="0" /><STEAD ID="74102695" OBJECTID="174800167" OBJECTGUID="d40b081f-46e0-4ceb-99bb-567746bd7ced" CHANGEID="689354707" NUMBER="74" OPERTYPEID="10" PREVID="0" NEXTID="74192780" UPDATEDATE="2025-09-30" STARTDATE="2025-09-23" ENDDATE="2025-09-30" ISACTUAL="0" ISACTIVE="0" /><STEAD ID="74167668" OBJECTID="174917877" OBJECTGUID="ed5ddc4c-a125-4a61-a404-1a8c14e148d8" CHANGEID="689642735" NUMBER="12" OPERTYPEID="10" PREVID="0" NEXTID="0" UPDATEDATE="2025-09-29" STARTDATE="2025-09-29" ENDDATE="2079-06-06" ISACTUAL="1" ISACTIVE="1" /><STEAD ID="74167712" OBJECTID="174918053" OBJECTGUID="3d0e6fc0-66c8-4ee6-99e1-b69089d0d987" CHANGEID="689642975" NUMBER="48" OPERTYPEID="10" PREVID="0" NEXTID="0" UPDATEDATE="2025-09-29" STARTDATE="2025-09-29" ENDDATE="2079-06-06" ISACTUAL="1" ISACTIVE="1" /><STEAD ID="74168570" OBJECTID="174919154" OBJECTGUID="48efcbaa-4c0e-414d-a39a-9109d16bd707" CHANGEID="689645115" NUMBER="1" OPERTYPEID="10" PREVID="0" NEXTID="0" UPDATEDATE="2025-09-29" STARTDATE="2025-09-29" ENDDATE="2079-06-06" ISACTUAL="1" ISACTIVE="1" /><STEAD ID="74168577" OBJECTID="174919162" OBJECTGUID="c91d51a8-fded-4206-b9df-b05b68d113e6" CHANGEID="689645124" NUMBER="2" OPERTYPEID="10" PREVID="0" NEXTID="0" UPDATEDATE="2025-09-29" STARTDATE="2025-09-29" ENDDATE="2079-06-06" ISACTUAL="1" ISACTIVE="1" /><STEAD ID="74169464" OBJECTID="174921003" OBJECTGUID="f459b190-349d-4e78-a511-b8c497e920fe" CHANGEID="689648021" NUMBER="4" OPERTYPEID="10" PREVID="0" NEXTID="0" UPDATEDATE="2025-09-29" STARTDATE="2025-09-29" ENDDATE="2079-06-06" ISACTUAL="1" ISACTIVE="1" /><STEAD ID="74169466" OBJECTID="174921006" OBJECTGUID="5d0b1c6d-0882-43e1-a151-4886df289e8c" CHANGEID="689648025" NUMBER="1" OPERTYPEID="10" PREVID="0" NEXTID="0" UPDATEDATE="2025-09-29" STARTDATE="2025-09-29" ENDDATE="2079-06-06" ISACTUAL="1" ISACTIVE="1" /><STEAD ID="74169480" OBJECTID="174921023" OBJECTGUID="3f30eaf0-6cdd-4183-bd91-3adcc57e61e3" CHANGEID="689648046" NUMBER="1г" OPERTYPEID="10" PREVID="0" NEXTID="0" UPDATEDATE="2025-09-29" STARTDATE="2025-09-29" ENDDATE="2079-06-06" ISACTUAL="1" ISACTIVE="1" /><STEAD ID="74169488" OBJECTID="174921033" OBJECTGUID="dbc5204c-dce5-4e4b-a6cc-3d38ba68cb85" CHANGEID="689648061" NUMBER="52" OPERTYPEID="10" PREVID="0" NEXTID="0" UPDATEDATE="2025-09-29" STARTDATE="2025-09-29" ENDDATE="2079-06-06" ISACTUAL="1" ISACTIVE="1" /><STEAD ID="74169467" OBJECTID="174921007" OBJECTGUID="f38eeb38-30fc-4d17-9d8f-0263b0de239a" CHANGEID="689648028" NUMBER="55а" OPERTYPEID="10" PREVID="0" NEXTID="0" UPDATEDATE="2025-09-29" STARTDATE="2025-09-29" ENDDATE="2079-06-06" ISACTUAL="1" ISACTIVE="1" /><STEAD ID="74169469" OBJECTID="174921010" OBJECTGUID="399e6e45-621c-4ef8-b8bb-3f9f46be200d" CHANGEID="689648032" NUMBER="88" OPERTYPEID="10" PREVID="0" NEXTID="0" UPDATEDATE="2025-09-29" STARTDATE="2025-09-29" ENDDATE="2079-06-06" ISACTUAL="1" ISACTIVE="1" /><STEAD ID="74169471" OBJECTID="174921012" OBJECTGUID="2053892e-ddef-48c6-b7fe-e822a57341d0" CHANGEID="689648034" NUMBER="9/1" OPERTYPEID="10" PREVID="0" NEXTID="0" UPDATEDATE="2025-09-29" STARTDATE="2025-09-29" ENDDATE="2079-06-06" ISACTUAL="1" ISACTIVE="1" /><STEAD ID="74169473" OBJECTID="174921014" OBJECTGUID="f95ba35e-0e1d-47df-8bce-b6f7db058f4b" CHANGEID="689648036" NUMBER="9/2" OPERTYPEID="10" PREVID="0" NEXTID="0" UPDATEDATE="2025-09-29" STARTDATE="2025-09-29" ENDDATE="2079-06-06" ISACTUAL="1" ISACTIVE="1" /><STEAD ID="74169487" OBJECTID="174921032" OBJECTGUID="28f77fad-77b2-421c-833e-6c8cc4692a06" CHANGEID="689648060" NUMBER="3а" OPERTYPEID="10" PREVID="0" NEXTID="0" UPDATEDATE="2025-09-29" STARTDATE="2025-09-29" ENDDATE="2079-06-06" ISACTUAL="1" ISACTIVE="1" /><STEAD ID="74169493" OBJECTID="174921039" OBJECTGUID="d66922f2-85d8-4e6d-b991-6b2edcd5657f" CHANGEID="689648067" NUMBER="9/2" OPERTYPEID="10" PREVID="0" NEXTID="0" UPDATEDATE="2025-09-29" STARTDATE="2025-09-29" ENDDATE="2079-06-06" ISACTUAL="1" ISACTIVE="1" /><STEAD ID="74169518" OBJECTID="174921168" OBJECTGUID="530658b5-0121-4a7b-a96f-7c1c397f922e" CHANGEID="689648200" NUMBER="34г/11" OPERTYPEID="10" PREVID="0" NEXTID="0" UPDATEDATE="2025-09-29" STARTDATE="2025-09-29" ENDDATE="2079-06-06" ISACTUAL="1" ISACTIVE="1" /><STEAD ID="74170946" OBJECTID="174924409" OBJECTGUID="07d0b530-6953-4f48-98ed-ae42b1a0e34e" CHANGEID="689652947" NUMBER="19" OPERTYPEID="10" PREVID="0" NEXTID="0" UPDATEDATE="2025-09-29" STARTDATE="2025-09-29" ENDDATE="2079-06-06" ISACTUAL="1" ISACTIVE="1" /><STEAD ID="74170985" OBJECTID="174924513" OBJECTGUID="b1198470-8192-4395-8ed7-c61376eb0299" CHANGEID="689653104" NUMBER="27б/17" OPERTYPEID="10" PREVID="0" NEXTID="0" UPDATEDATE="2025-09-29" STARTDATE="2025-09-29" ENDDATE="2079-06-06" ISACTUAL="1" ISACTIVE="1" /><STEAD ID="74171027" OBJECTID="174924691" OBJECTGUID="b4b8391b-172b-4e22-9740-09941f04c5e4" CHANGEID="689653328" NUMBER="218д/45" OPERTYPEID="10" PREVID="0" NEXTID="0" UPDATEDATE="2025-09-29" STARTDATE="2025-09-29" ENDDATE="2079-06-06" ISACTUAL="1" ISACTIVE="1" /><STEAD ID="74171560" OBJECTID="174926201" OBJECTGUID="eb00d527-ec91-4db3-93b2-531493087ba7" CHANGEID="689655930" NUMBER="218д/35" OPERTYPEID="10" PREVID="0" NEXTID="0" UPDATEDATE="2025-09-29" STARTDATE="2025-09-29" ENDDATE="2079-06-06" ISACTUAL="1" ISACTIVE="1" /><STEAD ID="74171813" OBJECTID="174927927" OBJECTGUID="72b44656-35ea-42e5-8da3-fd384f4bf090" CHANGEID="689663503" NUMBER="58" OPERTYPEID="10" PREVID="0" NEXTID="0" UPDATEDATE="2025-09-29" STARTDATE="2025-09-29" ENDDATE="2079-06-06" ISACTUAL="1" ISACTIVE="1" /><STEAD ID="74171816" OBJECTID="174927933" OBJECTGUID="1112c31b-33ce-46cf-94b2-dfca47975229" CHANGEID="689663509" NUMBER="133" OPERTYPEID="10" PREVID="0" NEXTID="0" UPDATEDATE="2025-09-29" STARTDATE="2025-09-29" ENDDATE="2079-06-06" ISACTUAL="1" ISACTIVE="1" /><STEAD ID="74171817" OBJECTID="174927934" OBJECTGUID="871e0e96-ead5-45fd-8dfa-ec2a6bdaf560" CHANGEID="689663510" NUMBER="131" OPERTYPEID="10" PREVID="0" NEXTID="0" UPDATEDATE="2025-09-29" STARTDATE="2025-09-29" ENDDATE="2079-06-06" ISACTUAL="1" ISACTIVE="1" /><STEAD ID="74171818" OBJECTID="174927935" OBJECTGUID="06c734df-7a2b-4faf-bc79-ffc1d8dfc228" CHANGEID="689663511" NUMBER="129" OPERTYPEID="10" PREVID="0" NEXTID="0" UPDATEDATE="2025-09-29" STARTDATE="2025-09-29" ENDDATE="2079-06-06" ISACTUAL="1" ISACTIVE="1" /><STEAD ID="74171819" OBJECTID="174927936" OBJECTGUID="c5efd2d5-2bbb-4036-aeca-967b88953ab7" CHANGEID="689663512" NUMBER="124" OPERTYPEID="10" PREVID="0" NEXTID="0" UPDATEDATE="2025-09-29" STARTDATE="2025-09-29" ENDDATE="2079-06-06" ISACTUAL="1" ISACTIVE="1" /><STEAD ID="74171820" OBJECTID="174927937" OBJECTGUID="26fb521d-cb86-48f9-bf3b-5fe8fbab06b0" CHANGEID="689663513" NUMBER="118" OPERTYPEID="10" PREVID="0" NEXTID="0" UPDATEDATE="2025-09-29" STARTDATE="2025-09-29" ENDDATE="2079-06-06" ISACTUAL="1" ISACTIVE="1" /><STEAD ID="74171797" OBJECTID="174927903" OBJECTGUID="87c069ef-1337-40de-92b9-ef94bdf0ca97" CHANGEID="689663479" NUMBER="9" OPERTYPEID="10" PREVID="0" NEXTID="0" UPDATEDATE="2025-09-29" STARTDATE="2025-09-29" ENDDATE="2079-06-06" ISACTUAL="1" ISACTIVE="1" /><STEAD ID="74171798" OBJECTID="174927904" OBJECTGUID="8f0d544a-0481-47f4-acc7-16df75144fae" CHANGEID="689663480" NUMBER="5" OPERTYPEID="10" PREVID="0" NEXTID="0" UPDATEDATE="2025-09-29" STARTDATE="2025-09-29" ENDDATE="2079-06-06" ISACTUAL="1" ISACTIVE="1" /><STEAD ID="74171800" OBJECTID="174927912" OBJECTGUID="75c173f7-7982-42f5-a211-c2acc2e5d040" CHANGEID="689663488" NUMBER="128" OPERTYPEID="10" PREVID="0" NEXTID="0" UPDATEDATE="2025-09-29" STARTDATE="2025-09-29" ENDDATE="2079-06-06" ISACTUAL="1" ISACTIVE="1" /><STEAD ID="74171801" OBJECTID="174927913" OBJECTGUID="f36058b3-cde5-46bb-9fff-2863d02351a0" CHANGEID="689663489" NUMBER="95" OPERTYPEID="10" PREVID="0" NEXTID="0" UPDATEDATE="2025-09-29" STARTDATE="2025-09-29" ENDDATE="2079-06-06" ISACTUAL="1" ISACTIVE="1" /><STEAD ID="74171802" OBJECTID="174927914" OBJECTGUID="4d0e7fb7-16d5-45c7-bd3b-9f8c5305a10c" CHANGEID="689663490" NUMBER="39" OPERTYPEID="10" PREVID="0" NEXTID="0" UPDATEDATE="2025-09-29" STARTDATE="2025-09-29" ENDDATE="2079-06-06" ISACTUAL="1" ISACTIVE="1" /><STEAD ID="74171803" OBJECTID="174927915" OBJECTGUID="880bfb15-16da-498f-90a1-cea4d9476098" CHANGEID="689663491" NUMBER="81" OPERTYPEID="10" PREVID="0" NEXTID="0" UPDATEDATE="2025-09-29" STARTDATE="2025-09-29" ENDDATE="2079-06-06" ISACTUAL="1" ISACTIVE="1" /><STEAD ID="74171804" OBJECTID="174927916" OBJECTGUID="9399d28c-99bb-496d-8eaf-93c5a0d7cd93" CHANGEID="689663492" NUMBER="7" OPERTYPEID="10" PREVID="0" NEXTID="0" UPDATEDATE="2025-09-29" STARTDATE="2025-09-29" ENDDATE="2079-06-06" ISACTUAL="1" ISACTIVE="1" /><STEAD ID="74171805" OBJECTID="174927917" OBJECTGUID="80447a34-86a3-46d8-b721-b9f82f077288" CHANGEID="689663493" NUMBER="73" OPERTYPEID="10" PREVID="0" NEXTID="0" UPDATEDATE="2025-09-29" STARTDATE="2025-09-29" ENDDATE="2079-06-06" ISACTUAL="1" ISACTIVE="1" /><STEAD ID="74171806" OBJECTID="174927918" OBJECTGUID="dea93769-6baf-4fc7-b5bc-6262c7adca39" CHANGEID="689663494" NUMBER="55" OPERTYPEID="10" PREVID="0" NEXTID="0" UPDATEDATE="2025-09-29" STARTDATE="2025-09-29" ENDDATE="2079-06-06" ISACTUAL="1" ISACTIVE="1" /><STEAD ID="74171807" OBJECTID="174927919" OBJECTGUID="0aa612d3-ebba-48d0-b5a4-0dcaaee2023f" CHANGEID="689663495" NUMBER="49" OPERTYPEID="10" PREVID="0" NEXTID="0" UPDATEDATE="2025-09-29" STARTDATE="2025-09-29" ENDDATE="2079-06-06" ISACTUAL="1" ISACTIVE="1" /><STEAD ID="74171808" OBJECTID="174927920" OBJECTGUID="4334bcbd-cdd2-4cd1-bf77-235c4f62d85e" CHANGEID="689663496" NUMBER="47" OPERTYPEID="10" PREVID="0" NEXTID="0" UPDATEDATE="2025-09-29" STARTDATE="2025-09-29" ENDDATE="2079-06-06" ISACTUAL="1" ISACTIVE="1" /><STEAD ID="74171809" OBJECTID="174927921" OBJECTGUID="37057653-7c4b-4fe8-8c0f-afbdea702bc6" CHANGEID="689663497" NUMBER="90" OPERTYPEID="10" PREVID="0" NEXTID="0" UPDATEDATE="2025-09-29" STARTDATE="2025-09-29" ENDDATE="2079-06-06" ISACTUAL="1" ISACTIVE="1" /><STEAD ID="74171810" OBJECTID="174927922" OBJECTGUID="c911c2a7-bd37-4239-9a5e-0ff45e773f9a" CHANGEID="689663498" NUMBER="127" OPERTYPEID="10" PREVID="0" NEXTID="0" UPDATEDATE="2025-09-29" STARTDATE="2025-09-29" ENDDATE="2079-06-06" ISACTUAL="1" ISACTIVE="1" /><STEAD ID="74171811" OBJECTID="174927923" OBJECTGUID="d2898d14-3ae9-422d-a40a-6f9bf091eeaf" CHANGEID="689663499" NUMBER="99" OPERTYPEID="10" PREVID="0" NEXTID="0" UPDATEDATE="2025-09-29" STARTDATE="2025-09-29" ENDDATE="2079-06-06" ISACTUAL="1" ISACTIVE="1" /><STEAD ID="74171812" OBJECTID="174927924" OBJECTGUID="75236568-75f0-4baa-a3e0-2636847008b3" CHANGEID="689663500" NUMBER="69" OPERTYPEID="10" PREVID="0" NEXTID="0" UPDATEDATE="2025-09-29" STARTDATE="2025-09-29" ENDDATE="2079-06-06" ISACTUAL="1" ISACTIVE="1" /><STEAD ID="74171837" OBJECTID="174927961" OBJECTGUID="d9b6c850-18ad-496b-bab1-27e35361e9db" CHANGEID="689663540" NUMBER="35а" OPERTYPEID="10" PREVID="0" NEXTID="0" UPDATEDATE="2025-09-29" STARTDATE="2025-09-29" ENDDATE="2079-06-06" ISACTUAL="1" ISACTIVE="1" /><STEAD ID="74171838" OBJECTID="174927962" OBJECTGUID="7ef6b045-b58d-48ee-b68c-25f3aee84228" CHANGEID="689663541" NUMBER="23а" OPERTYPEID="10" PREVID="0" NEXTID="0" UPDATEDATE="2025-09-29" STARTDATE="2025-09-29" ENDDATE="2079-06-06" ISACTUAL="1" ISACTIVE="1" /><STEAD ID="74171839" OBJECTID="174927963" OBJECTGUID="2fed6a10-dbf8-4fe7-ac8a-f3c0b8aea927" CHANGEID="689663542" NUMBER="130" OPERTYPEID="10" PREVID="0" NEXTID="0" UPDATEDATE="2025-09-29" STARTDATE="2025-09-29" ENDDATE="2079-06-06" ISACTUAL="1" ISACTIVE="1" /><STEAD ID="74171840" OBJECTID="174927964" OBJECTGUID="8877f868-6f24-45ec-a0f4-ae8cccfa4947" CHANGEID="689663543" NUMBER="130а" OPERTYPEID="10" PREVID="0" NEXTID="0" UPDATEDATE="2025-09-29" STARTDATE="2025-09-29" ENDDATE="2079-06-06" ISACTUAL="1" ISACTIVE="1" /><STEAD ID="74171841" OBJECTID="174927965" OBJECTGUID="10a87437-ec37-4012-8375-a8ba4614eca4" CHANGEID="689663544" NUMBER="129а" OPERTYPEID="10" PREVID="0" NEXTID="0" UPDATEDATE="2025-09-29" STARTDATE="2025-09-29" ENDDATE="2079-06-06" ISACTUAL="1" ISACTIVE="1" /><STEAD ID="74171842" OBJECTID="174927966" OBJECTGUID="263a1466-3cfc-4295-b81e-ce10d5d5fc91" CHANGEID="689663545" NUMBER="13" OPERTYPEID="10" PREVID="0" NEXTID="0" UPDATEDATE="2025-09-29" STARTDATE="2025-09-29" ENDDATE="2079-06-06" ISACTUAL="1" ISACTIVE="1" /><STEAD ID="74171843" OBJECTID="174927967" OBJECTGUID="7795c4eb-8e24-48e2-b63b-f0c16db97ffd" CHANGEID="689663546" NUMBER="43" OPERTYPEID="10" PREVID="0" NEXTID="0" UPDATEDATE="2025-09-29" STARTDATE="2025-09-29" ENDDATE="2079-06-06" ISACTUAL="1" ISACTIVE="1" /><STEAD ID="74171844" OBJECTID="174927968" OBJECTGUID="f3161f1e-6532-4739-bfa7-45a6d217d2d2" CHANGEID="689663547" NUMBER="19а" OPERTYPEID="10" PREVID="0" NEXTID="0" UPDATEDATE="2025-09-29" STARTDATE="2025-09-29" ENDDATE="2079-06-06" ISACTUAL="1" ISACTIVE="1" /><STEAD ID="74171845" OBJECTID="174927969" OBJECTGUID="99e95a75-f309-4e63-852f-8ec6d903e746" CHANGEID="689663548" NUMBER="66" OPERTYPEID="10" PREVID="0" NEXTID="0" UPDATEDATE="2025-09-29" STARTDATE="2025-09-29" ENDDATE="2079-06-06" ISACTUAL="1" ISACTIVE="1" /><STEAD ID="74171846" OBJECTID="174927970" OBJECTGUID="e1e88ddd-d903-48d4-9845-4829b458db36" CHANGEID="689663549" NUMBER="159" OPERTYPEID="10" PREVID="0" NEXTID="0" UPDATEDATE="2025-09-29" STARTDATE="2025-09-29" ENDDATE="2079-06-06" ISACTUAL="1" ISACTIVE="1" /><STEAD ID="74171847" OBJECTID="174927971" OBJECTGUID="76738e3e-134e-4650-9c2e-f3d81cba0d03" CHANGEID="689663550" NUMBER="3А" OPERTYPEID="10" PREVID="0" NEXTID="0" UPDATEDATE="2025-09-29" STARTDATE="2025-09-29" ENDDATE="2079-06-06" ISACTUAL="1" ISACTIVE="1" /><STEAD ID="74171848" OBJECTID="174927972" OBJECTGUID="65d3c6f8-7bc2-4116-a3bf-8bbe450d9c1c" CHANGEID="689663551" NUMBER="21" OPERTYPEID="10" PREVID="0" NEXTID="0" UPDATEDATE="2025-09-29" STARTDATE="2025-09-29" ENDDATE="2079-06-06" ISACTUAL="1" ISACTIVE="1" /><STEAD ID="74171849" OBJECTID="174927973" OBJECTGUID="9ae2d1e0-080c-4616-88cc-b568ab025e22" CHANGEID="689663552" NUMBER="92а" OPERTYPEID="10" PREVID="0" NEXTID="0" UPDATEDATE="2025-09-29" STARTDATE="2025-09-29" ENDDATE="2079-06-06" ISACTUAL="1" ISACTIVE="1" /><STEAD ID="74171850" OBJECTID="174927974" OBJECTGUID="efebbe37-1438-47bf-ba05-ca5d7df2a699" CHANGEID="689663553" NUMBER="24а" OPERTYPEID="10" PREVID="0" NEXTID="0" UPDATEDATE="2025-09-29" STARTDATE="2025-09-29" ENDDATE="2079-06-06" ISACTUAL="1" ISACTIVE="1" /><STEAD ID="74171851" OBJECTID="174927975" OBJECTGUID="657d02e4-dcd9-49d3-b778-7df5df2fc216" CHANGEID="689663554" NUMBER="85" OPERTYPEID="10" PREVID="0" NEXTID="0" UPDATEDATE="2025-09-29" STARTDATE="2025-09-29" ENDDATE="2079-06-06" ISACTUAL="1" ISACTIVE="1" /><STEAD ID="74171852" OBJECTID="174927976" OBJECTGUID="dbb543f3-20e7-475b-ae0d-fcf07a4f18e7" CHANGEID="689663555" NUMBER="157" OPERTYPEID="10" PREVID="0" NEXTID="0" UPDATEDATE="2025-09-29" STARTDATE="2025-09-29" ENDDATE="2079-06-06" ISACTUAL="1" ISACTIVE="1" /><STEAD ID="74171853" OBJECTID="174927977" OBJECTGUID="8f49d0ff-a69c-444b-8cba-1727bee175b4" CHANGEID="689663556" NUMBER="142" OPERTYPEID="10" PREVID="0" NEXTID="0" UPDATEDATE="2025-09-29" STARTDATE="2025-09-29" ENDDATE="2079-06-06" ISACTUAL="1" ISACTIVE="1" /><STEAD ID="74171854" OBJECTID="174927978" OBJECTGUID="d2e6126a-8503-4d84-a472-d47e08f68305" CHANGEID="689663557" NUMBER="96" OPERTYPEID="10" PREVID="0" NEXTID="0" UPDATEDATE="2025-09-29" STARTDATE="2025-09-29" ENDDATE="2079-06-06" ISACTUAL="1" ISACTIVE="1" /><STEAD ID="74171855" OBJECTID="174927979" OBJECTGUID="70e9b297-dd6f-4799-a981-c9f4a376c53a" CHANGEID="689663558" NUMBER="151" OPERTYPEID="10" PREVID="0" NEXTID="0" UPDATEDATE="2025-09-29" STARTDATE="2025-09-29" ENDDATE="2079-06-06" ISACTUAL="1" ISACTIVE="1" /><STEAD ID="74171856" OBJECTID="174927980" OBJECTGUID="dfccb0d6-6e06-4633-a84e-03f252afc265" CHANGEID="689663559" NUMBER="148" OPERTYPEID="10" PREVID="0" NEXTID="0" UPDATEDATE="2025-09-29" STARTDATE="2025-09-29" ENDDATE="2079-06-06" ISACTUAL="1" ISACTIVE="1" /><STEAD ID="74171857" OBJECTID="174927981" OBJECTGUID="68337e77-05c9-4ee2-a2da-207652565aed" CHANGEID="689663560" NUMBER="144" OPERTYPEID="10" PREVID="0" NEXTID="0" UPDATEDATE="2025-09-29" STARTDATE="2025-09-29" ENDDATE="2079-06-06" ISACTUAL="1" ISACTIVE="1" /><STEAD ID="74171858" OBJECTID="174927982" OBJECTGUID="f982ad73-c39c-4261-ae8b-1871a8b31ed8" CHANGEID="689663561" NUMBER="143" OPERTYPEID="10" PREVID="0" NEXTID="0" UPDATEDATE="2025-09-29" STARTDATE="2025-09-29" ENDDATE="2079-06-06" ISACTUAL="1" ISACTIVE="1" /><STEAD ID="74171860" OBJECTID="174927993" OBJECTGUID="09ef83b7-bd31-4e9a-843a-62eca00adec3" CHANGEID="689663573" NUMBER="72" OPERTYPEID="10" PREVID="0" NEXTID="0" UPDATEDATE="2025-09-29" STARTDATE="2025-09-29" ENDDATE="2079-06-06" ISACTUAL="1" ISACTIVE="1" /><STEAD ID="74171861" OBJECTID="174927994" OBJECTGUID="607a90a1-8bde-44d8-9b43-c80bdb647b6e" CHANGEID="689663574" NUMBER="97" OPERTYPEID="10" PREVID="0" NEXTID="0" UPDATEDATE="2025-09-29" STARTDATE="2025-09-29" ENDDATE="2079-06-06" ISACTUAL="1" ISACTIVE="1" /><STEAD ID="74171862" OBJECTID="174927995" OBJECTGUID="04a91bb2-3dbe-403d-8813-7be306881e57" CHANGEID="689663575" NUMBER="80" OPERTYPEID="10" PREVID="0" NEXTID="0" UPDATEDATE="2025-09-29" STARTDATE="2025-09-29" ENDDATE="2079-06-06" ISACTUAL="1" ISACTIVE="1" /><STEAD ID="74171863" OBJECTID="174927996" OBJECTGUID="a71ab88b-ef3f-4b3e-a057-4e9b7c519e5a" CHANGEID="689663576" NUMBER="79б" OPERTYPEID="10" PREVID="0" NEXTID="0" UPDATEDATE="2025-09-29" STARTDATE="2025-09-29" ENDDATE="2079-06-06" ISACTUAL="1" ISACTIVE="1" /><STEAD ID="74171864" OBJECTID="174927997" OBJECTGUID="4f57697d-bc99-4fad-b459-7e09c7f5cb72" CHANGEID="689663577" NUMBER="79/А" OPERTYPEID="10" PREVID="0" NEXTID="0" UPDATEDATE="2025-09-29" STARTDATE="2025-09-29" ENDDATE="2079-06-06" ISACTUAL="1" ISACTIVE="1" /><STEAD ID="74171865" OBJECTID="174927998" OBJECTGUID="e5f535ab-2249-42c8-a3f4-18a0b34af52e" CHANGEID="689663578" NUMBER="79" OPERTYPEID="10" PREVID="0" NEXTID="0" UPDATEDATE="2025-09-29" STARTDATE="2025-09-29" ENDDATE="2079-06-06" ISACTUAL="1" ISACTIVE="1" /><STEAD ID="74171866" OBJECTID="174927999" OBJECTGUID="476479a2-d534-4bbe-a112-51891e070f0c" CHANGEID="689663579" NUMBER="140б" OPERTYPEID="10" PREVID="0" NEXTID="0" UPDATEDATE="2025-09-29" STARTDATE="2025-09-29" ENDDATE="2079-06-06" ISACTUAL="1" ISACTIVE="1" /><STEAD ID="74171867" OBJECTID="174928000" OBJECTGUID="b36c8de0-ba34-40c3-99c0-9ed83d5677b7" CHANGEID="689663580" NUMBER="140а" OPERTYPEID="10" PREVID="0" NEXTID="0" UPDATEDATE="2025-09-29" STARTDATE="2025-09-29" ENDDATE="2079-06-06" ISACTUAL="1" ISACTIVE="1" /><STEAD ID="74171868" OBJECTID="174928001" OBJECTGUID="28f4801d-fa17-41b8-aae3-f32f92066a8d" CHANGEID="689663581" NUMBER="140" OPERTYPEID="10" PREVID="0" NEXTID="0" UPDATEDATE="2025-09-29" STARTDATE="2025-09-29" ENDDATE="2079-06-06" ISACTUAL="1" ISACTIVE="1" /><STEAD ID="74171869" OBJECTID="174928002" OBJECTGUID="dc19721a-8e9e-4a24-bc67-1b974178d35e" CHANGEID="689663582" NUMBER="15а" OPERTYPEID="10" PREVID="0" NEXTID="0" UPDATEDATE="2025-09-29" STARTDATE="2025-09-29" ENDDATE="2079-06-06" ISACTUAL="1" ISACTIVE="1" /><STEAD ID="74171870" OBJECTID="174928003" OBJECTGUID="8fb69442-f01e-4be8-be6b-7efc05de8598" CHANGEID="689663583" NUMBER="71а" OPERTYPEID="10" PREVID="0" NEXTID="0" UPDATEDATE="2025-09-29" STARTDATE="2025-09-29" ENDDATE="2079-06-06" ISACTUAL="1" ISACTIVE="1" /><STEAD ID="74171871" OBJECTID="174928004" OBJECTGUID="ebe92ef8-99be-45a9-a3a6-6394b13efd06" CHANGEID="689663584" NUMBER="110" OPERTYPEID="10" PREVID="0" NEXTID="0" UPDATEDATE="2025-09-29" STARTDATE="2025-09-29" ENDDATE="2079-06-06" ISACTUAL="1" ISACTIVE="1" /><STEAD ID="74171872" OBJECTID="174928005" OBJECTGUID="416ce50e-2d89-4c6d-a89b-0cc18d267b68" CHANGEID="689663585" NUMBER="90а" OPERTYPEID="10" PREVID="0" NEXTID="0" UPDATEDATE="2025-09-29" STARTDATE="2025-09-29" ENDDATE="2079-06-06" ISACTUAL="1" ISACTIVE="1" /><STEAD ID="74171873" OBJECTID="174928006" OBJECTGUID="1c59c885-4d7f-404c-b640-1b15aa729f45" CHANGEID="689663586" NUMBER="104" OPERTYPEID="10" PREVID="0" NEXTID="0" UPDATEDATE="2025-09-29" STARTDATE="2025-09-29" ENDDATE="2079-06-06" ISACTUAL="1" ISACTIVE="1" /><STEAD ID="74171874" OBJECTID="174928007" OBJECTGUID="25d582d7-01ba-48f5-987e-cef581e3b440" CHANGEID="689663587" NUMBER="120" OPERTYPEID="10" PREVID="0" NEXTID="0" UPDATEDATE="2025-09-29" STARTDATE="2025-09-29" ENDDATE="2079-06-06" ISACTUAL="1" ISACTIVE="1" /><STEAD ID="74171875" OBJECTID="174928008" OBJECTGUID="6d9745d1-007e-418f-8efc-dbc35618e229" CHANGEID="689663588" NUMBER="77" OPERTYPEID="10" PREVID="0" NEXTID="0" UPDATEDATE="2025-09-29" STARTDATE="2025-09-29" ENDDATE="2079-06-06" ISACTUAL="1" ISACTIVE="1" /><STEAD ID="74171876" OBJECTID="174928009" OBJECTGUID="6a3e315e-ded8-43d8-8739-852061b8f325" CHANGEID="689663589" NUMBER="118а" OPERTYPEID="10" PREVID="0" NEXTID="0" UPDATEDATE="2025-09-29" STARTDATE="2025-09-29" ENDDATE="2079-06-06" ISACTUAL="1" ISACTIVE="1" /><STEAD ID="74171877" OBJECTID="174928010" OBJECTGUID="a37e3368-d61f-41a6-bc41-8927a876f231" CHANGEID="689663590" NUMBER="114а" OPERTYPEID="10" PREVID="0" NEXTID="0" UPDATEDATE="2025-09-29" STARTDATE="2025-09-29" ENDDATE="2079-06-06" ISACTUAL="1" ISACTIVE="1" /><STEAD ID="74171878" OBJECTID="174928011" OBJECTGUID="761e836c-ab82-4103-9e83-8d121f0780fc" CHANGEID="689663591" NUMBER="106А" OPERTYPEID="10" PREVID="0" NEXTID="0" UPDATEDATE="2025-09-29" STARTDATE="2025-09-29" ENDDATE="2079-06-06" ISACTUAL="1" ISACTIVE="1" /><STEAD ID="74171879" OBJECTID="174928012" OBJECTGUID="42b2e3bb-7377-443d-bce7-e08c2f4b151f" CHANGEID="689663592" NUMBER="74" OPERTYPEID="10" PREVID="0" NEXTID="0" UPDATEDATE="2025-09-29" STARTDATE="2025-09-29" ENDDATE="2079-06-06" ISACTUAL="1" ISACTIVE="1" /><STEAD ID="74171821" OBJECTID="174927938" OBJECTGUID="1281ac17-6188-4f3b-9fd9-b01699fb22b0" CHANGEID="689663514" NUMBER="125" OPERTYPEID="10" PREVID="0" NEXTID="0" UPDATEDATE="2025-09-29" STARTDATE="2025-09-29" ENDDATE="2079-06-06" ISACTUAL="1" ISACTIVE="1" /><STEAD ID="74171822" OBJECTID="174927939" OBJECTGUID="884b9c0c-cb2f-407b-b6b7-2d31593af504" CHANGEID="689663515" NUMBER="117" OPERTYPEID="10" PREVID="0" NEXTID="0" UPDATEDATE="2025-09-29" STARTDATE="2025-09-29" ENDDATE="2079-06-06" ISACTUAL="1" ISACTIVE="1" /><STEAD ID="74171823" OBJECTID="174927940" OBJECTGUID="f7bf8f15-f2d8-46da-a26b-096bb3901bf4" CHANGEID="689663516" NUMBER="116" OPERTYPEID="10" PREVID="0" NEXTID="0" UPDATEDATE="2025-09-29" STARTDATE="2025-09-29" ENDDATE="2079-06-06" ISACTUAL="1" ISACTIVE="1" /><STEAD ID="74171824" OBJECTID="174927941" OBJECTGUID="1a38c9aa-f037-475f-b5a3-0ed75af8898a" CHANGEID="689663517" NUMBER="113" OPERTYPEID="10" PREVID="0" NEXTID="0" UPDATEDATE="2025-09-29" STARTDATE="2025-09-29" ENDDATE="2079-06-06" ISACTUAL="1" ISACTIVE="1" /><STEAD ID="74171825" OBJECTID="174927942" OBJECTGUID="c30cf4f7-758e-4b72-aebc-6804bfe57931" CHANGEID="689663518" NUMBER="112б" OPERTYPEID="10" PREVID="0" NEXTID="0" UPDATEDATE="2025-09-29" STARTDATE="2025-09-29" ENDDATE="2079-06-06" ISACTUAL="1" ISACTIVE="1" /><STEAD ID="74171826" OBJECTID="174927943" OBJECTGUID="7c646c25-bf3d-4ce7-953d-4ef51b260270" CHANGEID="689663519" NUMBER="105" OPERTYPEID="10" PREVID="0" NEXTID="0" UPDATEDATE="2025-09-29" STARTDATE="2025-09-29" ENDDATE="2079-06-06" ISACTUAL="1" ISACTIVE="1" /><STEAD ID="74171827" OBJECTID="174927944" OBJECTGUID="6154e532-c5cb-459f-8372-72a0cf4ebb22" CHANGEID="689663520" NUMBER="103" OPERTYPEID="10" PREVID="0" NEXTID="0" UPDATEDATE="2025-09-29" STARTDATE="2025-09-29" ENDDATE="2079-06-06" ISACTUAL="1" ISACTIVE="1" /><STEAD ID="74171828" OBJECTID="174927945" OBJECTGUID="9fccd348-43e2-40f3-b7f6-fb1493df457c" CHANGEID="689663521" NUMBER="102" OPERTYPEID="10" PREVID="0" NEXTID="0" UPDATEDATE="2025-09-29" STARTDATE="2025-09-29" ENDDATE="2079-06-06" ISACTUAL="1" ISACTIVE="1" /><STEAD ID="74171829" OBJECTID="174927946" OBJECTGUID="c9d3ddaf-3138-4e7b-a8b0-aa771e6d7b58" CHANGEID="689663522" NUMBER="101" OPERTYPEID="10" PREVID="0" NEXTID="0" UPDATEDATE="2025-09-29" STARTDATE="2025-09-29" ENDDATE="2079-06-06" ISACTUAL="1" ISACTIVE="1" /><STEAD ID="74171830" OBJECTID="174927947" OBJECTGUID="35d4bd35-f0f6-428e-9bbe-109cb7c51dab" CHANGEID="689663523" NUMBER="68" OPERTYPEID="10" PREVID="0" NEXTID="0" UPDATEDATE="2025-09-29" STARTDATE="2025-09-29" ENDDATE="2079-06-06" ISACTUAL="1" ISACTIVE="1" /><STEAD ID="74171831" OBJECTID="174927948" OBJECTGUID="97dcd9ba-d4de-4c47-a74a-666852f5ea73" CHANGEID="689663524" NUMBER="89" OPERTYPEID="10" PREVID="0" NEXTID="0" UPDATEDATE="2025-09-29" STARTDATE="2025-09-29" ENDDATE="2079-06-06" ISACTUAL="1" ISACTIVE="1" /><STEAD ID="74171832" OBJECTID="174927949" OBJECTGUID="f383ab95-0c48-4d59-962d-f9e7281cf06f" CHANGEID="689663525" NUMBER="88" OPERTYPEID="10" PREVID="0" NEXTID="0" UPDATEDATE="2025-09-29" STARTDATE="2025-09-29" ENDDATE="2079-06-06" ISACTUAL="1" ISACTIVE="1" /><STEAD ID="74171833" OBJECTID="174927950" OBJECTGUID="1c0f2eb9-fb71-43cf-80d5-8e4d1faaedb5" CHANGEID="689663526" NUMBER="84" OPERTYPEID="10" PREVID="0" NEXTID="0" UPDATEDATE="2025-09-29" STARTDATE="2025-09-29" ENDDATE="2079-06-06" ISACTUAL="1" ISACTIVE="1" /><STEAD ID="74171834" OBJECTID="174927951" OBJECTGUID="dee4d4ba-f3f4-4f00-a3eb-9b8e69b2d861" CHANGEID="689663527" NUMBER="75" OPERTYPEID="10" PREVID="0" NEXTID="0" UPDATEDATE="2025-09-29" STARTDATE="2025-09-29" ENDDATE="2079-06-06" ISACTUAL="1" ISACTIVE="1" /><STEAD ID="74171835" OBJECTID="174927952" OBJECTGUID="5a8bd87d-04ca-4ca3-8d13-376ba9263035" CHANGEID="689663528" NUMBER="92" OPERTYPEID="10" PREVID="0" NEXTID="0" UPDATEDATE="2025-09-29" STARTDATE="2025-09-29" ENDDATE="2079-06-06" ISACTUAL="1" ISACTIVE="1" /><STEAD ID="74171836" OBJECTID="174927953" OBJECTGUID="d43608df-4c9f-428a-9291-18aba303ee47" CHANGEID="689663529" NUMBER="73а" OPERTYPEID="10" PREVID="0" NEXTID="0" UPDATEDATE="2025-09-29" STARTDATE="2025-09-29" ENDDATE="2079-06-06" ISACTUAL="1" ISACTIVE="1" /><STEAD ID="74171977" OBJECTID="174928125" OBJECTGUID="7a554c82-386c-4469-85b1-0e5b9d4a4c76" CHANGEID="689663710" NUMBER="25" OPERTYPEID="10" PREVID="0" NEXTID="0" UPDATEDATE="2025-09-29" STARTDATE="2025-09-29" ENDDATE="2079-06-06" ISACTUAL="1" ISACTIVE="1" /><STEAD ID="74171978" OBJECTID="174928127" OBJECTGUID="d09b4c59-e3a8-43ec-964e-ec2a8c2d2543" CHANGEID="689663714" NUMBER="120Б" OPERTYPEID="10" PREVID="0" NEXTID="0" UPDATEDATE="2025-09-29" STARTDATE="2025-09-29" ENDDATE="2079-06-06" ISACTUAL="1" ISACTIVE="1" /><STEAD ID="74171979" OBJECTID="174928128" OBJECTGUID="55d6dad6-ace5-4f59-a4f9-5832cdce3ce1" CHANGEID="689663715" NUMBER="120А" OPERTYPEID="10" PREVID="0" NEXTID="0" UPDATEDATE="2025-09-29" STARTDATE="2025-09-29" ENDDATE="2079-06-06" ISACTUAL="1" ISACTIVE="1" /><STEAD ID="74171980" OBJECTID="174928129" OBJECTGUID="b6194762-54f8-4607-90a6-762f1e0e508a" CHANGEID="689663716" NUMBER="29" OPERTYPEID="10" PREVID="0" NEXTID="0" UPDATEDATE="2025-09-29" STARTDATE="2025-09-29" ENDDATE="2079-06-06" ISACTUAL="1" ISACTIVE="1" /><STEAD ID="74171989" OBJECTID="174928170" OBJECTGUID="233181e5-c914-4e4f-81e2-9cff3b5d3dc0" CHANGEID="689663772" NUMBER="109" OPERTYPEID="10" PREVID="0" NEXTID="0" UPDATEDATE="2025-09-29" STARTDATE="2025-09-29" ENDDATE="2079-06-06" ISACTUAL="1" ISACTIVE="1" /><STEAD ID="74171990" OBJECTID="174928171" OBJECTGUID="59f22b3d-a86f-4cca-98d5-710b45cc4b0f" CHANGEID="689663773" NUMBER="100" OPERTYPEID="10" PREVID="0" NEXTID="0" UPDATEDATE="2025-09-29" STARTDATE="2025-09-29" ENDDATE="2079-06-06" ISACTUAL="1" ISACTIVE="1" /><STEAD ID="74171991" OBJECTID="174928172" OBJECTGUID="f4d08425-f504-472b-85a5-bc5818206572" CHANGEID="689663774" NUMBER="3" OPERTYPEID="10" PREVID="0" NEXTID="0" UPDATEDATE="2025-09-29" STARTDATE="2025-09-29" ENDDATE="2079-06-06" ISACTUAL="1" ISACTIVE="1" /><STEAD ID="74171992" OBJECTID="174928173" OBJECTGUID="681ecfbb-23e3-484d-aece-b1f25b115c34" CHANGEID="689663775" NUMBER="27б" OPERTYPEID="10" PREVID="0" NEXTID="0" UPDATEDATE="2025-09-29" STARTDATE="2025-09-29" ENDDATE="2079-06-06" ISACTUAL="1" ISACTIVE="1" /><STEAD ID="74171993" OBJECTID="174928174" OBJECTGUID="d90f770c-72b2-4d58-960f-4046f6afd704" CHANGEID="689663776" NUMBER="11а" OPERTYPEID="10" PREVID="0" NEXTID="0" UPDATEDATE="2025-09-29" STARTDATE="2025-09-29" ENDDATE="2079-06-06" ISACTUAL="1" ISACTIVE="1" /><STEAD ID="74171994" OBJECTID="174928175" OBJECTGUID="da766261-c1a0-457f-be1b-82c2c593d58a" CHANGEID="689663777" NUMBER="53" OPERTYPEID="10" PREVID="0" NEXTID="0" UPDATEDATE="2025-09-29" STARTDATE="2025-09-29" ENDDATE="2079-06-06" ISACTUAL="1" ISACTIVE="1" /><STEAD ID="74171995" OBJECTID="174928176" OBJECTGUID="a322e7d2-ae09-4a4e-8b42-48951bbcfee7" CHANGEID="689663778" NUMBER="137" OPERTYPEID="10" PREVID="0" NEXTID="0" UPDATEDATE="2025-09-29" STARTDATE="2025-09-29" ENDDATE="2079-06-06" ISACTUAL="1" ISACTIVE="1" /><STEAD ID="74171996" OBJECTID="174928177" OBJECTGUID="6a868769-5832-4227-83f5-e26ca0f693a9" CHANGEID="689663779" NUMBER="136" OPERTYPEID="10" PREVID="0" NEXTID="0" UPDATEDATE="2025-09-29" STARTDATE="2025-09-29" ENDDATE="2079-06-06" ISACTUAL="1" ISACTIVE="1" /><STEAD ID="74171997" OBJECTID="174928178" OBJECTGUID="b05ec5bc-d57c-40f2-a92e-c27803fddfb8" CHANGEID="689663780" NUMBER="65" OPERTYPEID="10" PREVID="0" NEXTID="0" UPDATEDATE="2025-09-29" STARTDATE="2025-09-29" ENDDATE="2079-06-06" ISACTUAL="1" ISACTIVE="1" /><STEAD ID="74171982" OBJECTID="174928142" OBJECTGUID="f676b583-8131-4f6c-b785-0ba2b2266b5b" CHANGEID="689663733" NUMBER="6" OPERTYPEID="10" PREVID="0" NEXTID="0" UPDATEDATE="2025-09-29" STARTDATE="2025-09-29" ENDDATE="2079-06-06" ISACTUAL="1" ISACTIVE="1" /><STEAD ID="74172001" OBJECTID="174928182" OBJECTGUID="2fed84cd-f147-4bb2-8278-4c00a0b0b0d1" CHANGEID="689663807" NUMBER="94" OPERTYPEID="10" PREVID="0" NEXTID="0" UPDATEDATE="2025-09-29" STARTDATE="2025-09-29" ENDDATE="2079-06-06" ISACTUAL="1" ISACTIVE="1" /><STEAD ID="74172002" OBJECTID="174928183" OBJECTGUID="749ca7b9-c20d-4454-a6b0-44a12566bb6c" CHANGEID="689663808" NUMBER="94а" OPERTYPEID="10" PREVID="0" NEXTID="0" UPDATEDATE="2025-09-29" STARTDATE="2025-09-29" ENDDATE="2079-06-06" ISACTUAL="1" ISACTIVE="1" /><STEAD ID="74172003" OBJECTID="174928184" OBJECTGUID="11f6b96a-1f7c-4ea6-b276-9283082e05ea" CHANGEID="689663809" NUMBER="111" OPERTYPEID="10" PREVID="0" NEXTID="0" UPDATEDATE="2025-09-29" STARTDATE="2025-09-29" ENDDATE="2079-06-06" ISACTUAL="1" ISACTIVE="1" /><STEAD ID="74172004" OBJECTID="174928185" OBJECTGUID="75f47c59-3e4a-479f-a05b-30a2da6262d7" CHANGEID="689663810" NUMBER="83" OPERTYPEID="10" PREVID="0" NEXTID="0" UPDATEDATE="2025-09-29" STARTDATE="2025-09-29" ENDDATE="2079-06-06" ISACTUAL="1" ISACTIVE="1" /><STEAD ID="74172005" OBJECTID="174928186" OBJECTGUID="95de4b3a-51b1-4291-bd49-096774fb5ee6" CHANGEID="689663811" NUMBER="82а" OPERTYPEID="10" PREVID="0" NEXTID="0" UPDATEDATE="2025-09-29" STARTDATE="2025-09-29" ENDDATE="2079-06-06" ISACTUAL="1" ISACTIVE="1" /><STEAD ID="74172006" OBJECTID="174928187" OBJECTGUID="a7195694-e8d5-47bc-a5c8-9462d6686cbe" CHANGEID="689663812" NUMBER="76" OPERTYPEID="10" PREVID="0" NEXTID="0" UPDATEDATE="2025-09-29" STARTDATE="2025-09-29" ENDDATE="2079-06-06" ISACTUAL="1" ISACTIVE="1" /><STEAD ID="74172007" OBJECTID="174928188" OBJECTGUID="d15a2804-22f0-4359-ba8a-f3a18feb560f" CHANGEID="689663813" NUMBER="112" OPERTYPEID="10" PREVID="0" NEXTID="0" UPDATEDATE="2025-09-29" STARTDATE="2025-09-29" ENDDATE="2079-06-06" ISACTUAL="1" ISACTIVE="1" /><STEAD ID="74172008" OBJECTID="174928189" OBJECTGUID="855582c8-3d7b-47fe-8609-d079e19b682e" CHANGEID="689663814" NUMBER="93" OPERTYPEID="10" PREVID="0" NEXTID="0" UPDATEDATE="2025-09-29" STARTDATE="2025-09-29" ENDDATE="2079-06-06" ISACTUAL="1" ISACTIVE="1" /><STEAD ID="74172009" OBJECTID="174928190" OBJECTGUID="d84723a6-afc8-43dd-9844-a9dbab93b643" CHANGEID="689663815" NUMBER="126" OPERTYPEID="10" PREVID="0" NEXTID="0" UPDATEDATE="2025-09-29" STARTDATE="2025-09-29" ENDDATE="2079-06-06" ISACTUAL="1" ISACTIVE="1" /><STEAD ID="74172010" OBJECTID="174928191" OBJECTGUID="866b79f5-df76-4d16-8a94-ca6ef1c1165b" CHANGEID="689663816" NUMBER="123" OPERTYPEID="10" PREVID="0" NEXTID="0" UPDATEDATE="2025-09-29" STARTDATE="2025-09-29" ENDDATE="2079-06-06" ISACTUAL="1" ISACTIVE="1" /><STEAD ID="74172011" OBJECTID="174928192" OBJECTGUID="56c174af-9024-466b-8a86-020c6e06dcb3" CHANGEID="689663817" NUMBER="15" OPERTYPEID="10" PREVID="0" NEXTID="0" UPDATEDATE="2025-09-29" STARTDATE="2025-09-29" ENDDATE="2079-06-06" ISACTUAL="1" ISACTIVE="1" /><STEAD ID="74172012" OBJECTID="174928193" OBJECTGUID="9fc739bb-bf3f-46a1-a536-a8d71a270584" CHANGEID="689663818" NUMBER="114" OPERTYPEID="10" PREVID="0" NEXTID="0" UPDATEDATE="2025-09-29" STARTDATE="2025-09-29" ENDDATE="2079-06-06" ISACTUAL="1" ISACTIVE="1" /><STEAD ID="74171998" OBJECTID="174928179" OBJECTGUID="4255f8dc-3c0e-4c8a-9edb-8141afce1a0a" CHANGEID="689663781" NUMBER="11" OPERTYPEID="10" PREVID="0" NEXTID="0" UPDATEDATE="2025-09-29" STARTDATE="2025-09-29" ENDDATE="2079-06-06" ISACTUAL="1" ISACTIVE="1" /><STEAD ID="74171999" OBJECTID="174928180" OBJECTGUID="0dd287f9-01f7-4158-a5cd-7b8620391281" CHANGEID="689663782" NUMBER="57" OPERTYPEID="10" PREVID="0" NEXTID="0" UPDATEDATE="2025-09-29" STARTDATE="2025-09-29" ENDDATE="2079-06-06" ISACTUAL="1" ISACTIVE="1" /><STEAD ID="74172013" OBJECTID="174928194" OBJECTGUID="6067dba1-e680-40e2-b364-2362ed13dee2" CHANGEID="689663819" NUMBER="27" OPERTYPEID="10" PREVID="0" NEXTID="0" UPDATEDATE="2025-09-29" STARTDATE="2025-09-29" ENDDATE="2079-06-06" ISACTUAL="1" ISACTIVE="1" /><STEAD ID="74172014" OBJECTID="174928195" OBJECTGUID="a9bb658f-ebf2-459a-8ab6-cc475532fe52" CHANGEID="689663820" NUMBER="1а" OPERTYPEID="10" PREVID="0" NEXTID="0" UPDATEDATE="2025-09-29" STARTDATE="2025-09-29" ENDDATE="2079-06-06" ISACTUAL="1" ISACTIVE="1" /><STEAD ID="74172015" OBJECTID="174928196" OBJECTGUID="df92175d-e209-4833-8c91-e469d857795b" CHANGEID="689663821" NUMBER="27/1" OPERTYPEID="10" PREVID="0" NEXTID="0" UPDATEDATE="2025-09-29" STARTDATE="2025-09-29" ENDDATE="2079-06-06" ISACTUAL="1" ISACTIVE="1" /><STEAD ID="74172016" OBJECTID="174928197" OBJECTGUID="42421aec-62fc-4cb0-9a87-daf96715754b" CHANGEID="689663822" NUMBER="23б" OPERTYPEID="10" PREVID="0" NEXTID="0" UPDATEDATE="2025-09-29" STARTDATE="2025-09-29" ENDDATE="2079-06-06" ISACTUAL="1" ISACTIVE="1" /><STEAD ID="74172017" OBJECTID="174928198" OBJECTGUID="db872bb1-789a-4ca4-81cb-4548bfc76350" CHANGEID="689663823" NUMBER="112/1" OPERTYPEID="10" PREVID="0" NEXTID="0" UPDATEDATE="2025-09-29" STARTDATE="2025-09-29" ENDDATE="2079-06-06" ISACTUAL="1" ISACTIVE="1" /><STEAD ID="74172018" OBJECTID="174928199" OBJECTGUID="9055ab7f-0f22-4c08-8bb0-0c6775b02638" CHANGEID="689663824" NUMBER="61" OPERTYPEID="10" PREVID="0" NEXTID="0" UPDATEDATE="2025-09-29" STARTDATE="2025-09-29" ENDDATE="2079-06-06" ISACTUAL="1" ISACTIVE="1" /><STEAD ID="74172019" OBJECTID="174928200" OBJECTGUID="6d075c2e-6876-43f9-b892-8b3aeda90f2c" CHANGEID="689663825" NUMBER="23" OPERTYPEID="10" PREVID="0" NEXTID="0" UPDATEDATE="2025-09-29" STARTDATE="2025-09-29" ENDDATE="2079-06-06" ISACTUAL="1" ISACTIVE="1" /><STEAD ID="74172020" OBJECTID="174928201" OBJECTGUID="b0961d96-75c3-4e42-8048-5d53bfbcce6e" CHANGEID="689663826" NUMBER="150" OPERTYPEID="10" PREVID="0" NEXTID="0" UPDATEDATE="2025-09-29" STARTDATE="2025-09-29" ENDDATE="2079-06-06" ISACTUAL="1" ISACTIVE="1" /><STEAD ID="74172090" OBJECTID="174928296" OBJECTGUID="223672f3-e9eb-4d0a-a9c1-e19a8544adf2" CHANGEID="689664017" NUMBER="18" OPERTYPEID="10" PREVID="0" NEXTID="0" UPDATEDATE="2025-09-29" STARTDATE="2025-09-29" ENDDATE="2079-06-06" ISACTUAL="1" ISACTIVE="1" /><STEAD ID="74172091" OBJECTID="174928297" OBJECTGUID="18d75f83-bd9d-4dce-8b20-5decc8e5e785" CHANGEID="689664018" NUMBER="16" OPERTYPEID="10" PREVID="0" NEXTID="0" UPDATEDATE="2025-09-29" STARTDATE="2025-09-29" ENDDATE="2079-06-06" ISACTUAL="1" ISACTIVE="1" /><STEAD ID="74172092" OBJECTID="174928298" OBJECTGUID="50806dec-50c6-4129-b1c3-07dd10a783a3" CHANGEID="689664019" NUMBER="12" OPERTYPEID="10" PREVID="0" NEXTID="0" UPDATEDATE="2025-09-29" STARTDATE="2025-09-29" ENDDATE="2079-06-06" ISACTUAL="1" ISACTIVE="1" /><STEAD ID="74172093" OBJECTID="174928299" OBJECTGUID="e9834244-9987-48b5-8357-220c366fe1fd" CHANGEID="689664020" NUMBER="4" OPERTYPEID="10" PREVID="0" NEXTID="0" UPDATEDATE="2025-09-29" STARTDATE="2025-09-29" ENDDATE="2079-06-06" ISACTUAL="1" ISACTIVE="1" /><STEAD ID="74172094" OBJECTID="174928300" OBJECTGUID="f1d64003-db6f-43a3-ab3d-6782126143cd" CHANGEID="689664021" NUMBER="70" OPERTYPEID="10" PREVID="0" NEXTID="0" UPDATEDATE="2025-09-29" STARTDATE="2025-09-29" ENDDATE="2079-06-06" ISACTUAL="1" ISACTIVE="1" /><STEAD ID="74172095" OBJECTID="174928301" OBJECTGUID="4aa52eda-84f0-4efa-b93a-178e4a50b952" CHANGEID="689664022" NUMBER="41А" OPERTYPEID="10" PREVID="0" NEXTID="0" UPDATEDATE="2025-09-29" STARTDATE="2025-09-29" ENDDATE="2079-06-06" ISACTUAL="1" ISACTIVE="1" /><STEAD ID="74172096" OBJECTID="174928302" OBJECTGUID="3227d1ef-706a-4770-9e34-7d98a4048d20" CHANGEID="689664023" NUMBER="112а" OPERTYPEID="10" PREVID="0" NEXTID="0" UPDATEDATE="2025-09-29" STARTDATE="2025-09-29" ENDDATE="2079-06-06" ISACTUAL="1" ISACTIVE="1" /><STEAD ID="74172097" OBJECTID="174928303" OBJECTGUID="d296f125-e396-43bf-bd3b-be10db8f55c6" CHANGEID="689664024" NUMBER="80а" OPERTYPEID="10" PREVID="0" NEXTID="0" UPDATEDATE="2025-09-29" STARTDATE="2025-09-29" ENDDATE="2079-06-06" ISACTUAL="1" ISACTIVE="1" /><STEAD ID="74172098" OBJECTID="174928304" OBJECTGUID="83536fe8-b40d-4a43-bcbd-932dcf4b2729" CHANGEID="689664025" NUMBER="15/1" OPERTYPEID="10" PREVID="0" NEXTID="0" UPDATEDATE="2025-09-29" STARTDATE="2025-09-29" ENDDATE="2079-06-06" ISACTUAL="1" ISACTIVE="1" /><STEAD ID="74172099" OBJECTID="174928305" OBJECTGUID="603bff11-d948-49eb-a926-ec5872962fea" CHANGEID="689664026" NUMBER="122" OPERTYPEID="10" PREVID="0" NEXTID="0" UPDATEDATE="2025-09-29" STARTDATE="2025-09-29" ENDDATE="2079-06-06" ISACTUAL="1" ISACTIVE="1" /><STEAD ID="74172100" OBJECTID="174928306" OBJECTGUID="e328c558-c906-4b2c-83ae-07941f47a574" CHANGEID="689664027" NUMBER="91" OPERTYPEID="10" PREVID="0" NEXTID="0" UPDATEDATE="2025-09-29" STARTDATE="2025-09-29" ENDDATE="2079-06-06" ISACTUAL="1" ISACTIVE="1" /><STEAD ID="74172101" OBJECTID="174928307" OBJECTGUID="c1681c89-0645-4926-b2d7-d22e9f6e9efb" CHANGEID="689664028" NUMBER="132" OPERTYPEID="10" PREVID="0" NEXTID="0" UPDATEDATE="2025-09-29" STARTDATE="2025-09-29" ENDDATE="2079-06-06" ISACTUAL="1" ISACTIVE="1" /><STEAD ID="74172102" OBJECTID="174928308" OBJECTGUID="cc88465d-3841-4aea-a42b-737b202740eb" CHANGEID="689664029" NUMBER="45" OPERTYPEID="10" PREVID="0" NEXTID="0" UPDATEDATE="2025-09-29" STARTDATE="2025-09-29" ENDDATE="2079-06-06" ISACTUAL="1" ISACTIVE="1" /><STEAD ID="74172103" OBJECTID="174928309" OBJECTGUID="4a37b36a-91a6-4a94-88aa-0cd1e07942d1" CHANGEID="689664030" NUMBER="53а" OPERTYPEID="10" PREVID="0" NEXTID="0" UPDATEDATE="2025-09-29" STARTDATE="2025-09-29" ENDDATE="2079-06-06" ISACTUAL="1" ISACTIVE="1" /><STEAD ID="74172104" OBJECTID="174928310" OBJECTGUID="0fc2417d-866a-4daf-84e9-e216a2d09ec7" CHANGEID="689664031" NUMBER="51а" OPERTYPEID="10" PREVID="0" NEXTID="0" UPDATEDATE="2025-09-29" STARTDATE="2025-09-29" ENDDATE="2079-06-06" ISACTUAL="1" ISACTIVE="1" /><STEAD ID="74172105" OBJECTID="174928311" OBJECTGUID="9efab20a-a655-4941-ba41-81d009151252" CHANGEID="689664032" NUMBER="51б" OPERTYPEID="10" PREVID="0" NEXTID="0" UPDATEDATE="2025-09-29" STARTDATE="2025-09-29" ENDDATE="2079-06-06" ISACTUAL="1" ISACTIVE="1" /><STEAD ID="74172106" OBJECTID="174928312" OBJECTGUID="ef516ced-65a4-491e-8c5d-51a4dd309d39" CHANGEID="689664033" NUMBER="51" OPERTYPEID="10" PREVID="0" NEXTID="0" UPDATEDATE="2025-09-29" STARTDATE="2025-09-29" ENDDATE="2079-06-06" ISACTUAL="1" ISACTIVE="1" /><STEAD ID="74172107" OBJECTID="174928313" OBJECTGUID="2a0ffcb8-7912-46d1-bcff-ab36a131826d" CHANGEID="689664034" NUMBER="61а" OPERTYPEID="10" PREVID="0" NEXTID="0" UPDATEDATE="2025-09-29" STARTDATE="2025-09-29" ENDDATE="2079-06-06" ISACTUAL="1" ISACTIVE="1" /><STEAD ID="74172152" OBJECTID="174928414" OBJECTGUID="ef85380d-5a03-44e2-9c4d-29ad5ffd98c0" CHANGEID="689664228" NUMBER="29б/16" OPERTYPEID="10" PREVID="0" NEXTID="0" UPDATEDATE="2025-09-29" STARTDATE="2025-09-29" ENDDATE="2079-06-06" ISACTUAL="1" ISACTIVE="1" /><STEAD ID="74172180" OBJECTID="174928478" OBJECTGUID="d2bd931d-f2fc-4d9d-9cf5-9d1a55589ecd" CHANGEID="689664375" NUMBER="65/102" OPERTYPEID="10" PREVID="0" NEXTID="0" UPDATEDATE="2025-09-29" STARTDATE="2025-09-29" ENDDATE="2079-06-06" ISACTUAL="1" ISACTIVE="1" /><STEAD ID="74172207" OBJECTID="174928527" OBJECTGUID="f78952f2-640d-4aff-947d-05dc6329505b" CHANGEID="689664627" NUMBER="65/45" OPERTYPEID="10" PREVID="0" NEXTID="0" UPDATEDATE="2025-09-29" STARTDATE="2025-09-29" ENDDATE="2079-06-06" ISACTUAL="1" ISACTIVE="1" /><STEAD ID="74172470" OBJECTID="166364983" OBJECTGUID="f05a5b31-89a0-4675-a006-a760b7a68555" CHANGEID="689666924" NUMBER="8" OPERTYPEID="20" PREVID="69391085" UPDATEDATE="2025-09-29" STARTDATE="2025-09-29" ENDDATE="2079-06-06" ISACTUAL="1" ISACTIVE="1" /><STEAD ID="74172482" OBJECTID="174929111" OBJECTGUID="d9ca4d02-9fa6-49c6-8a27-001672272f4a" CHANGEID="689666971" NUMBER="28" OPERTYPEID="10" PREVID="0" NEXTID="0" UPDATEDATE="2025-09-29" STARTDATE="2025-09-29" ENDDATE="2079-06-06" ISACTUAL="1" ISACTIVE="1" /><STEAD ID="74172483" OBJECTID="174929112" OBJECTGUID="437dbedf-d05b-4081-ae42-3f25c32ef5dd" CHANGEID="689666972" NUMBER="26" OPERTYPEID="10" PREVID="0" NEXTID="0" UPDATEDATE="2025-09-29" STARTDATE="2025-09-29" ENDDATE="2079-06-06" ISACTUAL="1" ISACTIVE="1" /><STEAD ID="74172484" OBJECTID="174929113" OBJECTGUID="f1dec6eb-4749-46f4-a96e-6631dc2c00fa" CHANGEID="689666973" NUMBER="2" OPERTYPEID="10" PREVID="0" NEXTID="0" UPDATEDATE="2025-09-29" STARTDATE="2025-09-29" ENDDATE="2079-06-06" ISACTUAL="1" ISACTIVE="1" /><STEAD ID="74172485" OBJECTID="174929114" OBJECTGUID="20225543-31b3-449a-975e-245612372a1b" CHANGEID="689666974" NUMBER="60" OPERTYPEID="10" PREVID="0" NEXTID="0" UPDATEDATE="2025-09-29" STARTDATE="2025-09-29" ENDDATE="2079-06-06" ISACTUAL="1" ISACTIVE="1" /><STEAD ID="74172486" OBJECTID="174929115" OBJECTGUID="585e08c6-6632-45e0-bef4-92bf5068a284" CHANGEID="689666975" NUMBER="14" OPERTYPEID="10" PREVID="0" NEXTID="0" UPDATEDATE="2025-09-29" STARTDATE="2025-09-29" ENDDATE="2079-06-06" ISACTUAL="1" ISACTIVE="1" /><STEAD ID="74172487" OBJECTID="174929116" OBJECTGUID="e55d7c8d-e1f6-4271-84f5-88572ecc5626" CHANGEID="689666976" NUMBER="10" OPERTYPEID="10" PREVID="0" NEXTID="0" UPDATEDATE="2025-09-29" STARTDATE="2025-09-29" ENDDATE="2079-06-06" ISACTUAL="1" ISACTIVE="1" /><STEAD ID="74172488" OBJECTID="174929117" OBJECTGUID="6845f50c-36af-4cec-a38a-cd114d2d3a1e" CHANGEID="689666977" NUMBER="20а" OPERTYPEID="10" PREVID="0" NEXTID="0" UPDATEDATE="2025-09-29" STARTDATE="2025-09-29" ENDDATE="2079-06-06" ISACTUAL="1" ISACTIVE="1" /><STEAD ID="74172489" OBJECTID="174929118" OBJECTGUID="fcfc0880-2e15-424e-af5e-bba050571392" CHANGEID="689666978" NUMBER="20" OPERTYPEID="10" PREVID="0" NEXTID="0" UPDATEDATE="2025-09-29" STARTDATE="2025-09-29" ENDDATE="2079-06-06" ISACTUAL="1" ISACTIVE="1" /><STEAD ID="74172490" OBJECTID="174929119" OBJECTGUID="5edd70d5-14e4-457b-bfa5-b2c1e9a866b0" CHANGEID="689666979" NUMBER="26а" OPERTYPEID="10" PREVID="0" NEXTID="0" UPDATEDATE="2025-09-29" STARTDATE="2025-09-29" ENDDATE="2079-06-06" ISACTUAL="1" ISACTIVE="1" /><STEAD ID="74172491" OBJECTID="174929120" OBJECTGUID="bec2b603-c6a0-44ca-ba25-02cbf2c11792" CHANGEID="689666980" NUMBER="64" OPERTYPEID="10" PREVID="0" NEXTID="0" UPDATEDATE="2025-09-29" STARTDATE="2025-09-29" ENDDATE="2079-06-06" ISACTUAL="1" ISACTIVE="1" /><STEAD ID="74172492" OBJECTID="174929121" OBJECTGUID="84c45b8e-73b0-4f9e-bf2d-ebd6e99265cf" CHANGEID="689666981" NUMBER="58" OPERTYPEID="10" PREVID="0" NEXTID="0" UPDATEDATE="2025-09-29" STARTDATE="2025-09-29" ENDDATE="2079-06-06" ISACTUAL="1" ISACTIVE="1" /><STEAD ID="74172493" OBJECTID="174929122" OBJECTGUID="1d34c781-bffe-4f05-8ccc-394dac44f81b" CHANGEID="689666982" NUMBER="22а" OPERTYPEID="10" PREVID="0" NEXTID="0" UPDATEDATE="2025-09-29" STARTDATE="2025-09-29" ENDDATE="2079-06-06" ISACTUAL="1" ISACTIVE="1" /><STEAD ID="74172494" OBJECTID="174929123" OBJECTGUID="1d97be56-dccf-43ac-91a3-36b45a7525e3" CHANGEID="689666983" NUMBER="54" OPERTYPEID="10" PREVID="0" NEXTID="0" UPDATEDATE="2025-09-29" STARTDATE="2025-09-29" ENDDATE="2079-06-06" ISACTUAL="1" ISACTIVE="1" /><STEAD ID="74172495" OBJECTID="174929124" OBJECTGUID="9abfc51c-e222-47f4-96b2-fc5b6dc6e7db" CHANGEID="689666984" NUMBER="52" OPERTYPEID="10" PREVID="0" NEXTID="0" UPDATEDATE="2025-09-29" STARTDATE="2025-09-29" ENDDATE="2079-06-06" ISACTUAL="1" ISACTIVE="1" /><STEAD ID="74172496" OBJECTID="174929125" OBJECTGUID="8e4bc506-d1a6-48e6-a24e-59d01510a3cf" CHANGEID="689666985" NUMBER="46" OPERTYPEID="10" PREVID="0" NEXTID="0" UPDATEDATE="2025-09-29" STARTDATE="2025-09-29" ENDDATE="2079-06-06" ISACTUAL="1" ISACTIVE="1" /><STEAD ID="74172497" OBJECTID="174929126" OBJECTGUID="b2ee7a89-2f53-4f3b-84dc-91d443586c04" CHANGEID="689666986" NUMBER="42а" OPERTYPEID="10" PREVID="0" NEXTID="0" UPDATEDATE="2025-09-29" STARTDATE="2025-09-29" ENDDATE="2079-06-06" ISACTUAL="1" ISACTIVE="1" /><STEAD ID="74172498" OBJECTID="174929127" OBJECTGUID="4bc6e4c7-1b59-4017-a4b2-f60fe6763110" CHANGEID="689666987" NUMBER="42" OPERTYPEID="10" PREVID="0" NEXTID="0" UPDATEDATE="2025-09-29" STARTDATE="2025-09-29" ENDDATE="2079-06-06" ISACTUAL="1" ISACTIVE="1" /><STEAD ID="74172499" OBJECTID="174929128" OBJECTGUID="6bd738ef-1595-4ac5-b16e-6c5fba41b469" CHANGEID="689666988" NUMBER="30" OPERTYPEID="10" PREVID="0" NEXTID="0" UPDATEDATE="2025-09-29" STARTDATE="2025-09-29" ENDDATE="2079-06-06" ISACTUAL="1" ISACTIVE="1" /><STEAD ID="74172500" OBJECTID="174929129" OBJECTGUID="1acc31e1-d373-4e6a-9bb5-852a6d39e122" CHANGEID="689666989" NUMBER="22" OPERTYPEID="10" PREVID="0" NEXTID="0" UPDATEDATE="2025-09-29" STARTDATE="2025-09-29" ENDDATE="2079-06-06" ISACTUAL="1" ISACTIVE="1" /><STEAD ID="74172501" OBJECTID="174929130" OBJECTGUID="9346bad1-36c3-4f0c-ba85-7cf23ee5c5e0" CHANGEID="689666990" NUMBER="56" OPERTYPEID="10" PREVID="0" NEXTID="0" UPDATEDATE="2025-09-29" STARTDATE="2025-09-29" ENDDATE="2079-06-06" ISACTUAL="1" ISACTIVE="1" /><STEAD ID="74173410" OBJECTID="174930511" OBJECTGUID="5338653a-bbe3-4c5c-a38f-373a713cba66" CHANGEID="689669779" NUMBER="218д/8" OPERTYPEID="10" PREVID="0" NEXTID="0" UPDATEDATE="2025-09-29" STARTDATE="2025-09-29" ENDDATE="2079-06-06" ISACTUAL="1" ISACTIVE="1" /><STEAD ID="74174345" OBJECTID="174932339" OBJECTGUID="cd2a5fca-3431-4eb7-8ac6-af1eeba846fc" CHANGEID="689673082" NUMBER="24и/12" OPERTYPEID="10" PREVID="0" NEXTID="0" UPDATEDATE="2025-09-29" STARTDATE="2025-09-29" ENDDATE="2079-06-06" ISACTUAL="1" ISACTIVE="1" /><STEAD ID="74174319" OBJECTID="174932305" OBJECTGUID="adae7aac-c446-4c46-af6e-7dcfec04d6db" CHANGEID="689673033" NUMBER="9а/101" OPERTYPEID="10" PREVID="0" NEXTID="0" UPDATEDATE="2025-09-29" STARTDATE="2025-09-29" ENDDATE="2079-06-06" ISACTUAL="1" ISACTIVE="1" /><STEAD ID="74174413" OBJECTID="174932442" OBJECTGUID="34e2e91a-5e13-4b80-a383-e21321eaf00c" CHANGEID="689673231" NUMBER="15" OPERTYPEID="10" PREVID="0" NEXTID="0" UPDATEDATE="2025-09-29" STARTDATE="2025-09-29" ENDDATE="2079-06-06" ISACTUAL="1" ISACTIVE="1" /><STEAD ID="74174439" OBJECTID="174932472" OBJECTGUID="7061b716-1e0f-46d0-9d00-56c861579e5a" CHANGEID="689673265" NUMBER="101" OPERTYPEID="10" PREVID="0" NEXTID="0" UPDATEDATE="2025-09-29" STARTDATE="2025-09-29" ENDDATE="2079-06-06" ISACTUAL="1" ISACTIVE="1" /><STEAD ID="74174440" OBJECTID="174932473" OBJECTGUID="ea9dd092-50a3-44a3-a62b-b279fca42a32" CHANGEID="689673266" NUMBER="100" OPERTYPEID="10" PREVID="0" NEXTID="0" UPDATEDATE="2025-09-29" STARTDATE="2025-09-29" ENDDATE="2079-06-06" ISACTUAL="1" ISACTIVE="1" /><STEAD ID="74174441" OBJECTID="174932474" OBJECTGUID="fded5d44-432e-45f8-a5a7-31b6d1c02408" CHANGEID="689673267" NUMBER="99" OPERTYPEID="10" PREVID="0" NEXTID="0" UPDATEDATE="2025-09-29" STARTDATE="2025-09-29" ENDDATE="2079-06-06" ISACTUAL="1" ISACTIVE="1" /><STEAD ID="74174442" OBJECTID="174932475" OBJECTGUID="8a417ad7-a390-4022-80ef-d0e62e4f5f70" CHANGEID="689673268" NUMBER="98" OPERTYPEID="10" PREVID="0" NEXTID="0" UPDATEDATE="2025-09-29" STARTDATE="2025-09-29" ENDDATE="2079-06-06" ISACTUAL="1" ISACTIVE="1" /><STEAD ID="74174443" OBJECTID="174932476" OBJECTGUID="26647a8b-b36d-4c07-b96a-7b10baf6d45a" CHANGEID="689673269" NUMBER="97" OPERTYPEID="10" PREVID="0" NEXTID="0" UPDATEDATE="2025-09-29" STARTDATE="2025-09-29" ENDDATE="2079-06-06" ISACTUAL="1" ISACTIVE="1" /><STEAD ID="74174998" OBJECTID="174933576" OBJECTGUID="07e0963d-d31c-4045-b0da-dcdfbe3ac5d0" CHANGEID="689675125" NUMBER="39А" OPERTYPEID="10" PREVID="0" NEXTID="0" UPDATEDATE="2025-09-29" STARTDATE="2025-09-29" ENDDATE="2079-06-06" ISACTUAL="1" ISACTIVE="1" /><STEAD ID="74175638" OBJECTID="174935288" OBJECTGUID="342042a3-143a-47dd-b7a2-67823d58fe05" CHANGEID="689679304" NUMBER="218д/2" OPERTYPEID="10" PREVID="0" NEXTID="0" UPDATEDATE="2025-09-29" STARTDATE="2025-09-29" ENDDATE="2079-06-06" ISACTUAL="1" ISACTIVE="1" /><STEAD ID="74175670" OBJECTID="174935326" OBJECTGUID="d5a94892-110b-474a-b11c-e1e1447f64eb" CHANGEID="689679399" NUMBER="218д/7" OPERTYPEID="10" PREVID="0" NEXTID="0" UPDATEDATE="2025-09-29" STARTDATE="2025-09-29" ENDDATE="2079-06-06" ISACTUAL="1" ISACTIVE="1" /><STEAD ID="74175713" OBJECTID="174935415" OBJECTGUID="1d76fb67-acfc-46ef-a860-54fa14267ba8" CHANGEID="689679573" NUMBER="218д/56" OPERTYPEID="10" PREVID="0" NEXTID="0" UPDATEDATE="2025-09-29" STARTDATE="2025-09-29" ENDDATE="2079-06-06" ISACTUAL="1" ISACTIVE="1" /><STEAD ID="74175734" OBJECTID="174935459" OBJECTGUID="586ac812-02ab-4a43-93da-22270a568506" CHANGEID="689679655" NUMBER="70/216" OPERTYPEID="10" PREVID="0" NEXTID="0" UPDATEDATE="2025-09-29" STARTDATE="2025-09-29" ENDDATE="2079-06-06" ISACTUAL="1" ISACTIVE="1" /><STEAD ID="74175776" OBJECTID="174935556" OBJECTGUID="e2584c2d-4149-46bb-bac4-98531bc090c6" CHANGEID="689679814" NUMBER="34г/59" OPERTYPEID="10" PREVID="0" NEXTID="0" UPDATEDATE="2025-09-29" STARTDATE="2025-09-29" ENDDATE="2079-06-06" ISACTUAL="1" ISACTIVE="1" /><STEAD ID="74176691" OBJECTID="174938476" OBJECTGUID="da901efd-a955-4a09-82c4-5ca29b8a2cb7" CHANGEID="689686824" NUMBER="11а/19е" OPERTYPEID="10" PREVID="0" NEXTID="0" UPDATEDATE="2025-09-29" STARTDATE="2025-09-29" ENDDATE="2079-06-06" ISACTUAL="1" ISACTIVE="1" /><STEAD ID="74176803" OBJECTID="174938785" OBJECTGUID="3448ca22-0e60-4c7b-a7e1-ff70130ae30f" CHANGEID="689687350" NUMBER="218д/43" OPERTYPEID="10" PREVID="0" NEXTID="0" UPDATEDATE="2025-09-29" STARTDATE="2025-09-29" ENDDATE="2079-06-06" ISACTUAL="1" ISACTIVE="1" /><STEAD ID="74176881" OBJECTID="174938931" OBJECTGUID="56ce15bd-250d-4225-86e0-550d96f4dac3" CHANGEID="689687681" NUMBER="65/47" OPERTYPEID="10" PREVID="0" NEXTID="0" UPDATEDATE="2025-09-29" STARTDATE="2025-09-29" ENDDATE="2079-06-06" ISACTUAL="1" ISACTIVE="1" /><STEAD ID="74177025" OBJECTID="174939141" OBJECTGUID="03c91daa-f466-4f47-8048-bab73b58805f" CHANGEID="689688062" NUMBER="36г/123" OPERTYPEID="10" PREVID="0" NEXTID="0" UPDATEDATE="2025-09-29" STARTDATE="2025-09-29" ENDDATE="2079-06-06" ISACTUAL="1" ISACTIVE="1" /><STEAD ID="74177032" OBJECTID="174939159" OBJECTGUID="ca35ec0d-6d53-44c6-babd-d06f9f1c3885" CHANGEID="689688106" NUMBER="3" OPERTYPEID="10" PREVID="0" NEXTID="0" UPDATEDATE="2025-09-29" STARTDATE="2025-09-29" ENDDATE="2079-06-06" ISACTUAL="1" ISACTIVE="1" /><STEAD ID="74178176" OBJECTID="174940813" OBJECTGUID="5183c13a-8a74-49ce-805d-c326dc566993" CHANGEID="689691642" NUMBER="34г/110" OPERTYPEID="10" PREVID="0" NEXTID="0" UPDATEDATE="2025-09-29" STARTDATE="2025-09-29" ENDDATE="2079-06-06" ISACTUAL="1" ISACTIVE="1" /><STEAD ID="74178441" OBJECTID="174941249" OBJECTGUID="40463f8c-2354-4298-bfad-a7d03cc3cc89" CHANGEID="689692570" NUMBER="5б/356" OPERTYPEID="10" PREVID="0" NEXTID="0" UPDATEDATE="2025-09-29" STARTDATE="2025-09-29" ENDDATE="2079-06-06" ISACTUAL="1" ISACTIVE="1" /><STEAD ID="74178590" OBJECTID="174941500" OBJECTGUID="7be059e1-9d3c-4c7e-a06a-41bff9dab1e9" CHANGEID="689693226" NUMBER="4/273" OPERTYPEID="10" PREVID="0" NEXTID="0" UPDATEDATE="2025-09-29" STARTDATE="2025-09-29" ENDDATE="2079-06-06" ISACTUAL="1" ISACTIVE="1" /><STEAD ID="74178683" OBJECTID="174941803" OBJECTGUID="1b4dd882-ad12-44ef-9753-2bcf5b57f687" CHANGEID="689693837" NUMBER="4/258" OPERTYPEID="10" PREVID="0" NEXTID="0" UPDATEDATE="2025-09-29" STARTDATE="2025-09-29" ENDDATE="2079-06-06" ISACTUAL="1" ISACTIVE="1" /><STEAD ID="74178919" OBJECTID="174942189" OBJECTGUID="1536d8b3-e719-450f-810e-02c3a483ec61" CHANGEID="689694389" NUMBER="30б/31" OPERTYPEID="10" PREVID="0" NEXTID="0" UPDATEDATE="2025-09-29" STARTDATE="2025-09-29" ENDDATE="2079-06-06" ISACTUAL="1" ISACTIVE="1" /><STEAD ID="74179025" OBJECTID="174942390" OBJECTGUID="bc495eb2-304f-4813-a8a0-dc116d33f038" CHANGEID="689694783" NUMBER="7/76" OPERTYPEID="10" PREVID="0" NEXTID="0" UPDATEDATE="2025-09-29" STARTDATE="2025-09-29" ENDDATE="2079-06-06" ISACTUAL="1" ISACTIVE="1" /><STEAD ID="74179332" OBJECTID="174942812" OBJECTGUID="6bac41ae-5ef3-4216-9f1e-c02d6353d236" CHANGEID="689695514" NUMBER="5" OPERTYPEID="10" PREVID="0" NEXTID="0" UPDATEDATE="2025-09-29" STARTDATE="2025-09-29" ENDDATE="2079-06-06" ISACTUAL="1" ISACTIVE="1" /><STEAD ID="74179447" OBJECTID="174942997" OBJECTGUID="ac9e3fdc-3648-44d3-a4cb-67ad2e190f8d" CHANGEID="689695787" NUMBER="4" OPERTYPEID="10" PREVID="0" NEXTID="0" UPDATEDATE="2025-09-29" STARTDATE="2025-09-29" ENDDATE="2079-06-06" ISACTUAL="1" ISACTIVE="1" /><STEAD ID="74179693" OBJECTID="174943460" OBJECTGUID="055ef09d-9b71-49fa-8b95-dc2c7c38aaa3" CHANGEID="689696568" NUMBER="3а/1" OPERTYPEID="10" PREVID="0" NEXTID="0" UPDATEDATE="2025-09-29" STARTDATE="2025-09-29" ENDDATE="2079-06-06" ISACTUAL="1" ISACTIVE="1" /><STEAD ID="74179770" OBJECTID="174943638" OBJECTGUID="55d26dff-ff16-4e11-b3bd-e1b583711787" CHANGEID="689696899" NUMBER="1/1" OPERTYPEID="10" PREVID="0" NEXTID="0" UPDATEDATE="2025-09-29" STARTDATE="2025-09-29" ENDDATE="2079-06-06" ISACTUAL="1" ISACTIVE="1" /><STEAD ID="74179789" OBJECTID="174943670" OBJECTGUID="a02d504a-50bd-4c41-b744-b40269c5a2bc" CHANGEID="689696955" NUMBER="132" OPERTYPEID="10" PREVID="0" NEXTID="0" UPDATEDATE="2025-09-29" STARTDATE="2025-09-29" ENDDATE="2079-06-06" ISACTUAL="1" ISACTIVE="1" /><STEAD ID="74179790" OBJECTID="174943671" OBJECTGUID="09e575a7-d0a5-4cb3-9887-a2f122379df1" CHANGEID="689696957" NUMBER="17" OPERTYPEID="10" PREVID="0" NEXTID="0" UPDATEDATE="2025-09-29" STARTDATE="2025-09-29" ENDDATE="2079-06-06" ISACTUAL="1" ISACTIVE="1" /><STEAD ID="74179791" OBJECTID="174943672" OBJECTGUID="aaaed65c-240b-427b-994d-bc9d38963b5c" CHANGEID="689696958" NUMBER="16" OPERTYPEID="10" PREVID="0" NEXTID="0" UPDATEDATE="2025-09-29" STARTDATE="2025-09-29" ENDDATE="2079-06-06" ISACTUAL="1" ISACTIVE="1" /><STEAD ID="74179792" OBJECTID="174943673" OBJECTGUID="abca09e1-0fbd-4f78-a126-2833f0350e8c" CHANGEID="689696959" NUMBER="15" OPERTYPEID="10" PREVID="0" NEXTID="0" UPDATEDATE="2025-09-29" STARTDATE="2025-09-29" ENDDATE="2079-06-06" ISACTUAL="1" ISACTIVE="1" /><STEAD ID="74179793" OBJECTID="174943674" OBJECTGUID="45c10598-dc42-44da-b4ea-cd41011e2f81" CHANGEID="689696960" NUMBER="14" OPERTYPEID="10" PREVID="0" NEXTID="0" UPDATEDATE="2025-09-29" STARTDATE="2025-09-29" ENDDATE="2079-06-06" ISACTUAL="1" ISACTIVE="1" /><STEAD ID="74179794" OBJECTID="174943675" OBJECTGUID="33a8fda2-34ab-4d51-b812-c5b72918d26f" CHANGEID="689696961" NUMBER="13" OPERTYPEID="10" PREVID="0" NEXTID="0" UPDATEDATE="2025-09-29" STARTDATE="2025-09-29" ENDDATE="2079-06-06" ISACTUAL="1" ISACTIVE="1" /><STEAD ID="74179795" OBJECTID="174943676" OBJECTGUID="2e296b93-df8c-4b8b-ba50-8f912b2590f2" CHANGEID="689696962" NUMBER="11" OPERTYPEID="10" PREVID="0" NEXTID="0" UPDATEDATE="2025-09-29" STARTDATE="2025-09-29" ENDDATE="2079-06-06" ISACTUAL="1" ISACTIVE="1" /><STEAD ID="74179796" OBJECTID="174943677" OBJECTGUID="5cdb3b4c-3d60-40df-9362-3034662579d8" CHANGEID="689696963" NUMBER="9" OPERTYPEID="10" PREVID="0" NEXTID="0" UPDATEDATE="2025-09-29" STARTDATE="2025-09-29" ENDDATE="2079-06-06" ISACTUAL="1" ISACTIVE="1" /><STEAD ID="74179797" OBJECTID="174943678" OBJECTGUID="9163f341-93a0-4500-9b3a-3efddb367a7d" CHANGEID="689696964" NUMBER="8а" OPERTYPEID="10" PREVID="0" NEXTID="0" UPDATEDATE="2025-09-29" STARTDATE="2025-09-29" ENDDATE="2079-06-06" ISACTUAL="1" ISACTIVE="1" /><STEAD ID="74179798" OBJECTID="174943679" OBJECTGUID="2d244363-bbc5-4063-a8e7-03a60d8c86f0" CHANGEID="689696965" NUMBER="8" OPERTYPEID="10" PREVID="0" NEXTID="0" UPDATEDATE="2025-09-29" STARTDATE="2025-09-29" ENDDATE="2079-06-06" ISACTUAL="1" ISACTIVE="1" /><STEAD ID="74179799" OBJECTID="174943680" OBJECTGUID="a0143c22-b87c-4c34-a94c-7b2e802c81c1" CHANGEID="689696966" NUMBER="6а" OPERTYPEID="10" PREVID="0" NEXTID="0" UPDATEDATE="2025-09-29" STARTDATE="2025-09-29" ENDDATE="2079-06-06" ISACTUAL="1" ISACTIVE="1" /><STEAD ID="74179800" OBJECTID="174943681" OBJECTGUID="0c838b08-be4c-4275-818c-1a615ab7618b" CHANGEID="689696967" NUMBER="6" OPERTYPEID="10" PREVID="0" NEXTID="0" UPDATEDATE="2025-09-29" STARTDATE="2025-09-29" ENDDATE="2079-06-06" ISACTUAL="1" ISACTIVE="1" /><STEAD ID="74179801" OBJECTID="174943682" OBJECTGUID="6e737d36-f4f5-45fc-9406-cb10dc3d26e2" CHANGEID="689696968" NUMBER="5" OPERTYPEID="10" PREVID="0" NEXTID="0" UPDATEDATE="2025-09-29" STARTDATE="2025-09-29" ENDDATE="2079-06-06" ISACTUAL="1" ISACTIVE="1" /><STEAD ID="74179802" OBJECTID="174943683" OBJECTGUID="70d5dbec-a5aa-46ce-b9ba-c35efab76191" CHANGEID="689696969" NUMBER="3" OPERTYPEID="10" PREVID="0" NEXTID="0" UPDATEDATE="2025-09-29" STARTDATE="2025-09-29" ENDDATE="2079-06-06" ISACTUAL="1" ISACTIVE="1" /><STEAD ID="74179803" OBJECTID="174943684" OBJECTGUID="9afbec39-c735-4cf8-a809-493e8378a6b9" CHANGEID="689696970" NUMBER="1б" OPERTYPEID="10" PREVID="0" NEXTID="0" UPDATEDATE="2025-09-29" STARTDATE="2025-09-29" ENDDATE="2079-06-06" ISACTUAL="1" ISACTIVE="1" /><STEAD ID="74179804" OBJECTID="174943685" OBJECTGUID="6a49a6d7-9b53-4a66-8fa9-dbff349acda5" CHANGEID="689696971" NUMBER="1а" OPERTYPEID="10" PREVID="0" NEXTID="0" UPDATEDATE="2025-09-29" STARTDATE="2025-09-29" ENDDATE="2079-06-06" ISACTUAL="1" ISACTIVE="1" /><STEAD ID="74179805" OBJECTID="174943686" OBJECTGUID="fc53f59d-1f69-4404-9d2e-ab5480ab0825" CHANGEID="689696972" NUMBER="1" OPERTYPEID="10" PREVID="0" NEXTID="0" UPDATEDATE="2025-09-29" STARTDATE="2025-09-29" ENDDATE="2079-06-06" ISACTUAL="1" ISACTIVE="1" /><STEAD ID="74179828" OBJECTID="174943726" OBJECTGUID="636fac48-d404-49e7-9bdc-d2f56197921c" CHANGEID="689697053" NUMBER="105" OPERTYPEID="10" PREVID="0" NEXTID="0" UPDATEDATE="2025-09-29" STARTDATE="2025-09-29" ENDDATE="2079-06-06" ISACTUAL="1" ISACTIVE="1" /><STEAD ID="74179832" OBJECTID="174943732" OBJECTGUID="50248425-1b82-4f5b-8242-835028ee9e05" CHANGEID="689697060" NUMBER="63/188" OPERTYPEID="10" PREVID="0" NEXTID="0" UPDATEDATE="2025-09-29" STARTDATE="2025-09-29" ENDDATE="2079-06-06" ISACTUAL="1" ISACTIVE="1" /><STEAD ID="74179861" OBJECTID="174943768" OBJECTGUID="f9ca6f7b-8f42-446e-a5ae-098b1f070dd4" CHANGEID="689697109" NUMBER="15а" OPERTYPEID="10" PREVID="0" NEXTID="0" UPDATEDATE="2025-09-29" STARTDATE="2025-09-29" ENDDATE="2079-06-06" ISACTUAL="1" ISACTIVE="1" /><STEAD ID="74179899" OBJECTID="174943849" OBJECTGUID="ec4cc4c7-b543-449b-a36b-c09d6eb0b2d8" CHANGEID="689697209" NUMBER="15" OPERTYPEID="10" PREVID="0" NEXTID="0" UPDATEDATE="2025-09-29" STARTDATE="2025-09-29" ENDDATE="2079-06-06" ISACTUAL="1" ISACTIVE="1" /><STEAD ID="74179936" OBJECTID="174944004" OBJECTGUID="ee432a45-d6e4-4cf0-9f12-e593ea765e69" CHANGEID="689697418" NUMBER="36д/293" OPERTYPEID="10" PREVID="0" NEXTID="0" UPDATEDATE="2025-09-29" STARTDATE="2025-09-29" ENDDATE="2079-06-06" ISACTUAL="1" ISACTIVE="1" /><STEAD ID="74179952" OBJECTID="174944033" OBJECTGUID="bf105eeb-e9f2-425b-a06e-c41ca144f5a5" CHANGEID="689697464" NUMBER="5/31" OPERTYPEID="10" PREVID="0" NEXTID="0" UPDATEDATE="2025-09-29" STARTDATE="2025-09-29" ENDDATE="2079-06-06" ISACTUAL="1" ISACTIVE="1" /><STEAD ID="74180007" OBJECTID="174944163" OBJECTGUID="b1eb7f60-8fa5-4a58-ae97-bff3245c24c7" CHANGEID="689697641" NUMBER="218д/18" OPERTYPEID="10" PREVID="0" NEXTID="0" UPDATEDATE="2025-09-29" STARTDATE="2025-09-29" ENDDATE="2079-06-06" ISACTUAL="1" ISACTIVE="1" /><STEAD ID="74180115" OBJECTID="174944277" OBJECTGUID="84ef0cfe-e333-4db1-83c0-811e4e6d6302" CHANGEID="689698108" NUMBER="218д/6" OPERTYPEID="10" PREVID="0" NEXTID="0" UPDATEDATE="2025-09-29" STARTDATE="2025-09-29" ENDDATE="2079-06-06" ISACTUAL="1" ISACTIVE="1" /><STEAD ID="74180164" OBJECTID="174944451" OBJECTGUID="a40427fe-7773-4d3b-97db-68f0a2a77fba" CHANGEID="689698568" NUMBER="38/46" OPERTYPEID="10" PREVID="0" NEXTID="0" UPDATEDATE="2025-09-29" STARTDATE="2025-09-29" ENDDATE="2079-06-06" ISACTUAL="1" ISACTIVE="1" /><STEAD ID="74180211" OBJECTID="174944670" OBJECTGUID="da48d7c8-6a22-4d52-9d7d-2b13bd18a2de" CHANGEID="689699382" NUMBER="9а/37" OPERTYPEID="10" PREVID="0" NEXTID="0" UPDATEDATE="2025-09-29" STARTDATE="2025-09-29" ENDDATE="2079-06-06" ISACTUAL="1" ISACTIVE="1" /><STEAD ID="74180289" OBJECTID="174944882" OBJECTGUID="b05e074d-1b59-48ba-924e-aa08bc0ae854" CHANGEID="689699933" NUMBER="313" OPERTYPEID="10" PREVID="0" NEXTID="0" UPDATEDATE="2025-09-29" STARTDATE="2025-09-29" ENDDATE="2079-06-06" ISACTUAL="1" ISACTIVE="1" /><STEAD ID="74183353" OBJECTID="174950118" OBJECTGUID="ac7bb6df-3bca-416e-b827-3cd3b716280d" CHANGEID="689710346" NUMBER="22" OPERTYPEID="10" PREVID="0" NEXTID="0" UPDATEDATE="2025-09-30" STARTDATE="2025-09-30" ENDDATE="2079-06-06" ISACTUAL="1" ISACTIVE="1" /><STEAD ID="74183346" OBJECTID="174950111" OBJECTGUID="6e538326-35d4-4d4e-beed-ed5b496ad028" CHANGEID="689710331" NUMBER="34Г" OPERTYPEID="10" PREVID="0" NEXTID="0" UPDATEDATE="2025-09-30" STARTDATE="2025-09-30" ENDDATE="2079-06-06" ISACTUAL="1" ISACTIVE="1" /><STEAD ID="74183367" OBJECTID="174950134" OBJECTGUID="37431abc-b152-43cf-8895-8ddd508b31c7" CHANGEID="689710369" NUMBER="5" OPERTYPEID="10" PREVID="0" NEXTID="0" UPDATEDATE="2025-09-30" STARTDATE="2025-09-30" ENDDATE="2079-06-06" ISACTUAL="1" ISACTIVE="1" /><STEAD ID="74183374" OBJECTID="174950144" OBJECTGUID="8e7955ff-5c3b-45f5-ae23-8c2aaf9803b1" CHANGEID="689710395" NUMBER="20" OPERTYPEID="10" PREVID="0" NEXTID="0" UPDATEDATE="2025-09-30" STARTDATE="2025-09-30" ENDDATE="2079-06-06" ISACTUAL="1" ISACTIVE="1" /><STEAD ID="74183377" OBJECTID="174950147" OBJECTGUID="a628ec80-f680-418b-adb8-16e29b10bc20" CHANGEID="689710399" NUMBER="22" OPERTYPEID="10" PREVID="0" NEXTID="0" UPDATEDATE="2025-09-30" STARTDATE="2025-09-30" ENDDATE="2079-06-06" ISACTUAL="1" ISACTIVE="1" /><STEAD ID="74183369" OBJECTID="174950137" OBJECTGUID="acb8ca7f-b0ec-440e-9d48-9949d654ce86" CHANGEID="689710378" NUMBER="11" OPERTYPEID="10" PREVID="0" NEXTID="0" UPDATEDATE="2025-09-30" STARTDATE="2025-09-30" ENDDATE="2079-06-06" ISACTUAL="1" ISACTIVE="1" /><STEAD ID="74189223" OBJECTID="174959261" OBJECTGUID="7cc38dab-2e0e-4b97-aa0e-5dc5f876a720" CHANGEID="689733778" NUMBER="157" OPERTYPEID="10" PREVID="0" NEXTID="0" UPDATEDATE="2025-09-30" STARTDATE="2025-09-30" ENDDATE="2079-06-06" ISACTUAL="1" ISACTIVE="1" /><STEAD ID="74189559" OBJECTID="174959783" OBJECTGUID="69c79c4a-a210-43d0-9b1d-d2b733fc43e6" CHANGEID="689734706" NUMBER="5б/426" OPERTYPEID="10" PREVID="0" NEXTID="0" UPDATEDATE="2025-09-30" STARTDATE="2025-09-30" ENDDATE="2079-06-06" ISACTUAL="1" ISACTIVE="1" /><STEAD ID="74189681" OBJECTID="174960069" OBJECTGUID="40b0578d-6b91-4575-9db4-40888545f055" CHANGEID="689735162" NUMBER="27/11" OPERTYPEID="10" PREVID="0" NEXTID="0" UPDATEDATE="2025-09-30" STARTDATE="2025-09-30" ENDDATE="2079-06-06" ISACTUAL="1" ISACTIVE="1" /><STEAD ID="74190096" OBJECTID="174960631" OBJECTGUID="62924f29-002a-471b-8358-2567364eec3e" CHANGEID="689736600" NUMBER="11" OPERTYPEID="10" PREVID="0" NEXTID="0" UPDATEDATE="2025-09-30" STARTDATE="2025-09-30" ENDDATE="2079-06-06" ISACTUAL="1" ISACTIVE="1" /><STEAD ID="74190261" OBJECTID="174960897" OBJECTGUID="3961867f-dca4-4dfe-9146-48128be79c44" CHANGEID="689737189" NUMBER="64/81" OPERTYPEID="10" PREVID="0" NEXTID="0" UPDATEDATE="2025-09-30" STARTDATE="2025-09-30" ENDDATE="2079-06-06" ISACTUAL="1" ISACTIVE="1" /><STEAD ID="74190380" OBJECTID="174961081" OBJECTGUID="f5c707b7-18cd-4634-883c-696b652b9a6b" CHANGEID="689737530" NUMBER="34г/49" OPERTYPEID="10" PREVID="0" NEXTID="0" UPDATEDATE="2025-09-30" STARTDATE="2025-09-30" ENDDATE="2079-06-06" ISACTUAL="1" ISACTIVE="1" /><STEAD ID="74192780" OBJECTID="174800167" OBJECTGUID="d40b081f-46e0-4ceb-99bb-567746bd7ced" CHANGEID="689744636" NUMBER="74" OPERTYPEID="40" PREVID="74102695" UPDATEDATE="2025-09-30" STARTDATE="2025-09-30" ENDDATE="2079-06-06" ISACTUAL="1" ISACTIVE="1" /><STEAD ID="74102694" OBJECTID="174800166" OBJECTGUID="0818b6cf-1a3b-4659-aeb8-356673b6b926" CHANGEID="689354706" NUMBER="74а" OPERTYPEID="10" PREVID="0" NEXTID="74192781" UPDATEDATE="2025-09-30" STARTDATE="2025-09-23" ENDDATE="2025-09-30" ISACTUAL="0" ISACTIVE="0" /><STEAD ID="74192781" OBJECTID="174800166" OBJECTGUID="0818b6cf-1a3b-4659-aeb8-356673b6b926" CHANGEID="689744637" NUMBER="74а" OPERTYPEID="42" PREVID="74102694" NEXTID="74192780" UPDATEDATE="2025-09-30" STARTDATE="2025-09-30" ENDDATE="2079-06-06" ISACTUAL="1" ISACTIVE="0" /><STEAD ID="74193328" OBJECTID="174965702" OBJECTGUID="0c7960ae-37d0-4dc9-bf14-f9f1bbaea68b" CHANGEID="689747450" NUMBER="17в/25" OPERTYPEID="10" PREVID="0" NEXTID="0" UPDATEDATE="2025-09-30" STARTDATE="2025-09-30" ENDDATE="2079-06-06" ISACTUAL="1" ISACTIVE="1" /><STEAD ID="74193329" OBJECTID="174965703" OBJECTGUID="58bbd97f-3c5b-4b5c-b1be-bc87b39d73e9" CHANGEID="689747460" NUMBER="24" OPERTYPEID="10" PREVID="0" NEXTID="0" UPDATEDATE="2025-09-30" STARTDATE="2025-09-30" ENDDATE="2079-06-06" ISACTUAL="1" ISACTIVE="1" /><STEAD ID="74193327" OBJECTID="174965701" OBJECTGUID="dc46ccd1-ae90-48e0-abf6-d5b9cdf7b94a" CHANGEID="689747445" NUMBER="32б/5в" OPERTYPEID="10" PREVID="0" NEXTID="0" UPDATEDATE="2025-09-30" STARTDATE="2025-09-30" ENDDATE="2079-06-06" ISACTUAL="1" ISACTIVE="1" /><STEAD ID="74193330" OBJECTID="174965704" OBJECTGUID="dbb3da76-ffad-4b61-9de3-bd95918742c5" CHANGEID="689747463" NUMBER="41а/22" OPERTYPEID="10" PREVID="0" NEXTID="0" UPDATEDATE="2025-09-30" STARTDATE="2025-09-30" ENDDATE="2079-06-06" ISACTUAL="1" ISACTIVE="1" /><STEAD ID="74193333" OBJECTID="174965709" OBJECTGUID="1378ff1e-8541-43c2-afa6-6a5be9f4ec36" CHANGEID="689747471" NUMBER="50" OPERTYPEID="10" PREVID="0" NEXTID="0" UPDATEDATE="2025-09-30" STARTDATE="2025-09-30" ENDDATE="2079-06-06" ISACTUAL="1" ISACTIVE="1" /><STEAD ID="74193334" OBJECTID="174965710" OBJECTGUID="835763cc-0abb-402d-9cfb-2dcdc31f3e46" CHANGEID="689747472" NUMBER="47" OPERTYPEID="10" PREVID="0" NEXTID="0" UPDATEDATE="2025-09-30" STARTDATE="2025-09-30" ENDDATE="2079-06-06" ISACTUAL="1" ISACTIVE="1" /><STEAD ID="74193335" OBJECTID="174965711" OBJECTGUID="b48bc9d3-f5fb-4bcc-97aa-e82e89bb77cd" CHANGEID="689747473" NUMBER="45" OPERTYPEID="10" PREVID="0" NEXTID="0" UPDATEDATE="2025-09-30" STARTDATE="2025-09-30" ENDDATE="2079-06-06" ISACTUAL="1" ISACTIVE="1" /><STEAD ID="74193336" OBJECTID="174965712" OBJECTGUID="7cdb2d44-6bca-4042-be88-3ad311713b3b" CHANGEID="689747474" NUMBER="43" OPERTYPEID="10" PREVID="0" NEXTID="0" UPDATEDATE="2025-09-30" STARTDATE="2025-09-30" ENDDATE="2079-06-06" ISACTUAL="1" ISACTIVE="1" /><STEAD ID="74193337" OBJECTID="174965713" OBJECTGUID="2d85e9a7-e01a-421d-b8b2-38b1424373a3" CHANGEID="689747475" NUMBER="42" OPERTYPEID="10" PREVID="0" NEXTID="0" UPDATEDATE="2025-09-30" STARTDATE="2025-09-30" ENDDATE="2079-06-06" ISACTUAL="1" ISACTIVE="1" /><STEAD ID="74193338" OBJECTID="174965714" OBJECTGUID="d2acad27-54db-4621-9313-051f283380c4" CHANGEID="689747476" NUMBER="41" OPERTYPEID="10" PREVID="0" NEXTID="0" UPDATEDATE="2025-09-30" STARTDATE="2025-09-30" ENDDATE="2079-06-06" ISACTUAL="1" ISACTIVE="1" /><STEAD ID="74193339" OBJECTID="174965715" OBJECTGUID="611b70d7-0e3f-4efc-acda-a90a00b7113e" CHANGEID="689747477" NUMBER="40" OPERTYPEID="10" PREVID="0" NEXTID="0" UPDATEDATE="2025-09-30" STARTDATE="2025-09-30" ENDDATE="2079-06-06" ISACTUAL="1" ISACTIVE="1" /><STEAD ID="74193340" OBJECTID="174965716" OBJECTGUID="e9c1416b-2fca-43d8-a91d-7887060d6acf" CHANGEID="689747478" NUMBER="35" OPERTYPEID="10" PREVID="0" NEXTID="0" UPDATEDATE="2025-09-30" STARTDATE="2025-09-30" ENDDATE="2079-06-06" ISACTUAL="1" ISACTIVE="1" /><STEAD ID="74193341" OBJECTID="174965717" OBJECTGUID="d785804b-3e22-41ca-8a9c-6616e1d17ef8" CHANGEID="689747479" NUMBER="34" OPERTYPEID="10" PREVID="0" NEXTID="0" UPDATEDATE="2025-09-30" STARTDATE="2025-09-30" ENDDATE="2079-06-06" ISACTUAL="1" ISACTIVE="1" /><STEAD ID="74193342" OBJECTID="174965718" OBJECTGUID="f6ef654b-484e-4ffb-b02e-d1167f062c97" CHANGEID="689747480" NUMBER="33" OPERTYPEID="10" PREVID="0" NEXTID="0" UPDATEDATE="2025-09-30" STARTDATE="2025-09-30" ENDDATE="2079-06-06" ISACTUAL="1" ISACTIVE="1" /><STEAD ID="74193343" OBJECTID="174965719" OBJECTGUID="45944674-ebcc-46cc-a028-a9dd4346c10c" CHANGEID="689747481" NUMBER="32" OPERTYPEID="10" PREVID="0" NEXTID="0" UPDATEDATE="2025-09-30" STARTDATE="2025-09-30" ENDDATE="2079-06-06" ISACTUAL="1" ISACTIVE="1" /><STEAD ID="74193344" OBJECTID="174965720" OBJECTGUID="70c48540-e6f9-473a-9698-9218e5505975" CHANGEID="689747482" NUMBER="31" OPERTYPEID="10" PREVID="0" NEXTID="0" UPDATEDATE="2025-09-30" STARTDATE="2025-09-30" ENDDATE="2079-06-06" ISACTUAL="1" ISACTIVE="1" /><STEAD ID="74193345" OBJECTID="174965721" OBJECTGUID="a5af5a97-8d9e-4ae1-9903-758fc201b355" CHANGEID="689747483" NUMBER="27б" OPERTYPEID="10" PREVID="0" NEXTID="0" UPDATEDATE="2025-09-30" STARTDATE="2025-09-30" ENDDATE="2079-06-06" ISACTUAL="1" ISACTIVE="1" /><STEAD ID="74193346" OBJECTID="174965722" OBJECTGUID="7074638a-b29e-4cd5-b7b2-6b62c84a3509" CHANGEID="689747484" NUMBER="27а" OPERTYPEID="10" PREVID="0" NEXTID="0" UPDATEDATE="2025-09-30" STARTDATE="2025-09-30" ENDDATE="2079-06-06" ISACTUAL="1" ISACTIVE="1" /><STEAD ID="74193347" OBJECTID="174965723" OBJECTGUID="39b4d761-8243-4af4-a758-722f273c2a0c" CHANGEID="689747485" NUMBER="27/1" OPERTYPEID="10" PREVID="0" NEXTID="0" UPDATEDATE="2025-09-30" STARTDATE="2025-09-30" ENDDATE="2079-06-06" ISACTUAL="1" ISACTIVE="1" /><STEAD ID="74193348" OBJECTID="174965724" OBJECTGUID="2a4cd18c-5ef8-41ba-b4eb-3b2680c99075" CHANGEID="689747486" NUMBER="25" OPERTYPEID="10" PREVID="0" NEXTID="0" UPDATEDATE="2025-09-30" STARTDATE="2025-09-30" ENDDATE="2079-06-06" ISACTUAL="1" ISACTIVE="1" /><STEAD ID="74193349" OBJECTID="174965725" OBJECTGUID="4f2c89d9-effc-4863-94b8-ee68de4c4449" CHANGEID="689747487" NUMBER="7а" OPERTYPEID="10" PREVID="0" NEXTID="0" UPDATEDATE="2025-09-30" STARTDATE="2025-09-30" ENDDATE="2079-06-06" ISACTUAL="1" ISACTIVE="1" /><STEAD ID="74193350" OBJECTID="174965726" OBJECTGUID="29eb33ed-cb59-46eb-b8be-d1ab14d8513b" CHANGEID="689747488" NUMBER="7" OPERTYPEID="10" PREVID="0" NEXTID="0" UPDATEDATE="2025-09-30" STARTDATE="2025-09-30" ENDDATE="2079-06-06" ISACTUAL="1" ISACTIVE="1" /><STEAD ID="74193351" OBJECTID="174965727" OBJECTGUID="ff0c49d4-e67a-400c-93c1-0e0cbf51d818" CHANGEID="689747489" NUMBER="4" OPERTYPEID="10" PREVID="0" NEXTID="0" UPDATEDATE="2025-09-30" STARTDATE="2025-09-30" ENDDATE="2079-06-06" ISACTUAL="1" ISACTIVE="1" /><STEAD ID="74193352" OBJECTID="174965728" OBJECTGUID="88de6076-0267-4c30-833c-b6291b475685" CHANGEID="689747490" NUMBER="3" OPERTYPEID="10" PREVID="0" NEXTID="0" UPDATEDATE="2025-09-30" STARTDATE="2025-09-30" ENDDATE="2079-06-06" ISACTUAL="1" ISACTIVE="1" /><STEAD ID="74193353" OBJECTID="174965729" OBJECTGUID="eed462d4-2404-42c8-a6c1-f700be450c43" CHANGEID="689747491" NUMBER="2б" OPERTYPEID="10" PREVID="0" NEXTID="0" UPDATEDATE="2025-09-30" STARTDATE="2025-09-30" ENDDATE="2079-06-06" ISACTUAL="1" ISACTIVE="1" /><STEAD ID="74193354" OBJECTID="174965730" OBJECTGUID="8203d770-4e25-48bc-a9b0-10b8516fa1f1" CHANGEID="689747492" NUMBER="2а" OPERTYPEID="10" PREVID="0" NEXTID="0" UPDATEDATE="2025-09-30" STARTDATE="2025-09-30" ENDDATE="2079-06-06" ISACTUAL="1" ISACTIVE="1" /><STEAD ID="74193355" OBJECTID="174965731" OBJECTGUID="d9345db0-d9b0-467a-a79a-cf3499cdf684" CHANGEID="689747493" NUMBER="2" OPERTYPEID="10" PREVID="0" NEXTID="0" UPDATEDATE="2025-09-30" STARTDATE="2025-09-30" ENDDATE="2079-06-06" ISACTUAL="1" ISACTIVE="1" /><STEAD ID="74193356" OBJECTID="174965732" OBJECTGUID="c9788ac7-f174-461f-871f-66d7f9c8433f" CHANGEID="689747494" NUMBER="24б" OPERTYPEID="10" PREVID="0" NEXTID="0" UPDATEDATE="2025-09-30" STARTDATE="2025-09-30" ENDDATE="2079-06-06" ISACTUAL="1" ISACTIVE="1" /><STEAD ID="74193357" OBJECTID="174965733" OBJECTGUID="63f335fb-dafb-43d2-a392-a7cec1b8fed6" CHANGEID="689747495" NUMBER="24а" OPERTYPEID="10" PREVID="0" NEXTID="0" UPDATEDATE="2025-09-30" STARTDATE="2025-09-30" ENDDATE="2079-06-06" ISACTUAL="1" ISACTIVE="1" /><STEAD ID="74193358" OBJECTID="174965734" OBJECTGUID="b8dfa23d-faad-43b7-8558-5ce17f82244d" CHANGEID="689747496" NUMBER="24" OPERTYPEID="10" PREVID="0" NEXTID="0" UPDATEDATE="2025-09-30" STARTDATE="2025-09-30" ENDDATE="2079-06-06" ISACTUAL="1" ISACTIVE="1" /><STEAD ID="74193359" OBJECTID="174965735" OBJECTGUID="2dc901ad-076e-4bd0-85a5-a9651ffa7b6c" CHANGEID="689747497" NUMBER="23а" OPERTYPEID="10" PREVID="0" NEXTID="0" UPDATEDATE="2025-09-30" STARTDATE="2025-09-30" ENDDATE="2079-06-06" ISACTUAL="1" ISACTIVE="1" /><STEAD ID="74193360" OBJECTID="174965736" OBJECTGUID="dfd76090-2f38-40ec-9ac5-fa28f8976cea" CHANGEID="689747498" NUMBER="23" OPERTYPEID="10" PREVID="0" NEXTID="0" UPDATEDATE="2025-09-30" STARTDATE="2025-09-30" ENDDATE="2079-06-06" ISACTUAL="1" ISACTIVE="1" /><STEAD ID="74193361" OBJECTID="174965737" OBJECTGUID="7d708225-f9b5-452c-b470-f0ab80b32da1" CHANGEID="689747499" NUMBER="22" OPERTYPEID="10" PREVID="0" NEXTID="0" UPDATEDATE="2025-09-30" STARTDATE="2025-09-30" ENDDATE="2079-06-06" ISACTUAL="1" ISACTIVE="1" /><STEAD ID="74193362" OBJECTID="174965738" OBJECTGUID="21715b48-8e01-4715-8996-bca11bf2e4c5" CHANGEID="689747500" NUMBER="20в" OPERTYPEID="10" PREVID="0" NEXTID="0" UPDATEDATE="2025-09-30" STARTDATE="2025-09-30" ENDDATE="2079-06-06" ISACTUAL="1" ISACTIVE="1" /><STEAD ID="74193363" OBJECTID="174965739" OBJECTGUID="14a6d9d1-3522-4e97-9178-4bf2c40275cd" CHANGEID="689747501" NUMBER="19" OPERTYPEID="10" PREVID="0" NEXTID="0" UPDATEDATE="2025-09-30" STARTDATE="2025-09-30" ENDDATE="2079-06-06" ISACTUAL="1" ISACTIVE="1" /><STEAD ID="74193364" OBJECTID="174965740" OBJECTGUID="093cb261-0ec7-4055-b118-2c56d0326b39" CHANGEID="689747502" NUMBER="18а" OPERTYPEID="10" PREVID="0" NEXTID="0" UPDATEDATE="2025-09-30" STARTDATE="2025-09-30" ENDDATE="2079-06-06" ISACTUAL="1" ISACTIVE="1" /><STEAD ID="74193365" OBJECTID="174965741" OBJECTGUID="9fc93e8a-a969-4924-b331-4d22188dc5b6" CHANGEID="689747503" NUMBER="18" OPERTYPEID="10" PREVID="0" NEXTID="0" UPDATEDATE="2025-09-30" STARTDATE="2025-09-30" ENDDATE="2079-06-06" ISACTUAL="1" ISACTIVE="1" /><STEAD ID="74193366" OBJECTID="174965742" OBJECTGUID="7447b2b1-842d-4634-b2e5-819a8a1b3e1a" CHANGEID="689747504" NUMBER="16в" OPERTYPEID="10" PREVID="0" NEXTID="0" UPDATEDATE="2025-09-30" STARTDATE="2025-09-30" ENDDATE="2079-06-06" ISACTUAL="1" ISACTIVE="1" /><STEAD ID="74193367" OBJECTID="174965743" OBJECTGUID="c12dc1b3-1c99-471c-8680-c709ffc03862" CHANGEID="689747505" NUMBER="16б" OPERTYPEID="10" PREVID="0" NEXTID="0" UPDATEDATE="2025-09-30" STARTDATE="2025-09-30" ENDDATE="2079-06-06" ISACTUAL="1" ISACTIVE="1" /><STEAD ID="74193368" OBJECTID="174965744" OBJECTGUID="6a419e3b-be60-4a56-8da4-65d6c05722d4" CHANGEID="689747506" NUMBER="14" OPERTYPEID="10" PREVID="0" NEXTID="0" UPDATEDATE="2025-09-30" STARTDATE="2025-09-30" ENDDATE="2079-06-06" ISACTUAL="1" ISACTIVE="1" /><STEAD ID="74193369" OBJECTID="174965745" OBJECTGUID="6ae69060-94ae-4c39-b93c-414792c68dde" CHANGEID="689747507" NUMBER="9/1" OPERTYPEID="10" PREVID="0" NEXTID="0" UPDATEDATE="2025-09-30" STARTDATE="2025-09-30" ENDDATE="2079-06-06" ISACTUAL="1" ISACTIVE="1" /><STEAD ID="74193370" OBJECTID="174965746" OBJECTGUID="8735a782-7176-4b9b-921a-eae77f5de4f0" CHANGEID="689747508" NUMBER="8" OPERTYPEID="10" PREVID="0" NEXTID="0" UPDATEDATE="2025-09-30" STARTDATE="2025-09-30" ENDDATE="2079-06-06" ISACTUAL="1" ISACTIVE="1" /><STEAD ID="74193371" OBJECTID="174965754" OBJECTGUID="45e06937-961a-4023-8ece-7be0bfc1a0f5" CHANGEID="689747525" NUMBER="218д/39" OPERTYPEID="10" PREVID="0" NEXTID="0" UPDATEDATE="2025-09-30" STARTDATE="2025-09-30" ENDDATE="2079-06-06" ISACTUAL="1" ISACTIVE="1" /><STEAD ID="74193372" OBJECTID="174965763" OBJECTGUID="a193daa9-94a1-4d06-8f79-e7ff384191c5" CHANGEID="689747534" NUMBER="32" OPERTYPEID="10" PREVID="0" NEXTID="0" UPDATEDATE="2025-09-30" STARTDATE="2025-09-30" ENDDATE="2079-06-06" ISACTUAL="1" ISACTIVE="1" /><STEAD ID="74193917" OBJECTID="174966773" OBJECTGUID="1fb5d578-bc9d-47bc-93f3-ef32d0fb9f91" CHANGEID="689750430" NUMBER="32б/3в" OPERTYPEID="10" PREVID="0" NEXTID="0" UPDATEDATE="2025-09-30" STARTDATE="2025-09-30" ENDDATE="2079-06-06" ISACTUAL="1" ISACTIVE="1" /><STEAD ID="74193915" OBJECTID="174966766" OBJECTGUID="fe0b355b-ee15-4e91-971b-f7441b60d243" CHANGEID="689750415" NUMBER="4" OPERTYPEID="10" PREVID="0" NEXTID="0" UPDATEDATE="2025-09-30" STARTDATE="2025-09-30" ENDDATE="2079-06-06" ISACTUAL="1" ISACTIVE="1" /><STEAD ID="74193919" OBJECTID="174966777" OBJECTGUID="a2f98ced-86ba-4618-bcbf-c4fe5a3ef9b4" CHANGEID="689750447" NUMBER="2а/77" OPERTYPEID="10" PREVID="0" NEXTID="0" UPDATEDATE="2025-09-30" STARTDATE="2025-09-30" ENDDATE="2079-06-06" ISACTUAL="1" ISACTIVE="1" /><STEAD ID="74193920" OBJECTID="174966787" OBJECTGUID="f82b3fab-176e-4365-9494-a2b87c71d912" CHANGEID="689750470" NUMBER="58" OPERTYPEID="10" PREVID="0" NEXTID="0" UPDATEDATE="2025-09-30" STARTDATE="2025-09-30" ENDDATE="2079-06-06" ISACTUAL="1" ISACTIVE="1" /><STEAD ID="74193921" OBJECTID="174966788" OBJECTGUID="60cddea1-cde7-491e-a11e-b90c87b60149" CHANGEID="689750472" NUMBER="65А/6" OPERTYPEID="10" PREVID="0" NEXTID="0" UPDATEDATE="2025-09-30" STARTDATE="2025-09-30" ENDDATE="2079-06-06" ISACTUAL="1" ISACTIVE="1" /><STEAD ID="74193923" OBJECTID="174966792" OBJECTGUID="4a1bf48e-e344-406d-bbce-e630d147c9f6" CHANGEID="689750478" NUMBER="65А/155" OPERTYPEID="10" PREVID="0" NEXTID="0" UPDATEDATE="2025-09-30" STARTDATE="2025-09-30" ENDDATE="2079-06-06" ISACTUAL="1" ISACTIVE="1" /><STEAD ID="74193924" OBJECTID="174966795" OBJECTGUID="d764b8d1-87d9-4a8b-8153-219d42c82e37" CHANGEID="689750484" NUMBER="65А/406" OPERTYPEID="10" PREVID="0" NEXTID="0" UPDATEDATE="2025-09-30" STARTDATE="2025-09-30" ENDDATE="2079-06-06" ISACTUAL="1" ISACTIVE="1" /><STEAD ID="74194002" OBJECTID="174966957" OBJECTGUID="8ce236a7-20bb-491d-a9cb-a2670233ee9f" CHANGEID="689750799" NUMBER="15/29" OPERTYPEID="10" PREVID="0" NEXTID="0" UPDATEDATE="2025-09-30" STARTDATE="2025-09-30" ENDDATE="2079-06-06" ISACTUAL="1" ISACTIVE="1" /><STEAD ID="74194203" OBJECTID="174967216" OBJECTGUID="cfc9dc04-a3c5-4b28-9194-1372e90501c3" CHANGEID="689751227" NUMBER="3А" OPERTYPEID="10" PREVID="0" NEXTID="0" UPDATEDATE="2025-09-30" STARTDATE="2025-09-30" ENDDATE="2079-06-06" ISACTUAL="1" ISACTIVE="1" /><STEAD ID="74194141" OBJECTID="174967123" OBJECTGUID="93c23b4a-bc4f-4990-b623-231654dc14fa" CHANGEID="689751049" NUMBER="35/22" OPERTYPEID="10" PREVID="0" NEXTID="0" UPDATEDATE="2025-09-30" STARTDATE="2025-09-30" ENDDATE="2079-06-06" ISACTUAL="1" ISACTIVE="1" /><STEAD ID="74194250" OBJECTID="174967272" OBJECTGUID="7efff322-3752-44c1-bdaa-7c4b1bf964bc" CHANGEID="689751314" NUMBER="5/17" OPERTYPEID="10" PREVID="0" NEXTID="0" UPDATEDATE="2025-09-30" STARTDATE="2025-09-30" ENDDATE="2079-06-06" ISACTUAL="1" ISACTIVE="1" /><STEAD ID="74194333" OBJECTID="174967406" OBJECTGUID="e24d3507-2af9-4cc7-a6e2-ed91e88c4474" CHANGEID="689751997" NUMBER="3" OPERTYPEID="10" PREVID="0" NEXTID="0" UPDATEDATE="2025-09-30" STARTDATE="2025-09-30" ENDDATE="2079-06-06" ISACTUAL="1" ISACTIVE="1" /><STEAD ID="74194431" OBJECTID="174967537" OBJECTGUID="93f809dd-a773-4361-a4f8-bddee335b876" CHANGEID="689752219" NUMBER="29/88" OPERTYPEID="10" PREVID="0" NEXTID="0" UPDATEDATE="2025-09-30" STARTDATE="2025-09-30" ENDDATE="2079-06-06" ISACTUAL="1" ISACTIVE="1" /><STEAD ID="74194340" OBJECTID="174967417" OBJECTGUID="6412888f-e00a-4597-b2eb-063e8ea5955e" CHANGEID="689752020" NUMBER="5/111" OPERTYPEID="10" PREVID="0" NEXTID="0" UPDATEDATE="2025-09-30" STARTDATE="2025-09-30" ENDDATE="2079-06-06" ISACTUAL="1" ISACTIVE="1" /><STEAD ID="74194537" OBJECTID="174967688" OBJECTGUID="0fdf241d-6c11-497f-b1a5-390a506f3e22" CHANGEID="689752556" NUMBER="41а/360" OPERTYPEID="10" PREVID="0" NEXTID="0" UPDATEDATE="2025-09-30" STARTDATE="2025-09-30" ENDDATE="2079-06-06" ISACTUAL="1" ISACTIVE="1" /><STEAD ID="74194633" OBJECTID="174967810" OBJECTGUID="71e7dc4c-da49-4197-a11f-d115041e450e" CHANGEID="689752807" NUMBER="29" OPERTYPEID="10" PREVID="0" NEXTID="0" UPDATEDATE="2025-09-30" STARTDATE="2025-09-30" ENDDATE="2079-06-06" ISACTUAL="1" ISACTIVE="1" /><STEAD ID="74194634" OBJECTID="174967811" OBJECTGUID="c7d5b020-6146-46da-bd4e-f4ebd469fd11" CHANGEID="689752809" NUMBER="3д/7" OPERTYPEID="10" PREVID="0" NEXTID="0" UPDATEDATE="2025-09-30" STARTDATE="2025-09-30" ENDDATE="2079-06-06" ISACTUAL="1" ISACTIVE="1" /><STEAD ID="74194746" OBJECTID="174967949" OBJECTGUID="8fb3c251-b0b1-46b9-a31e-4325b5056a96" CHANGEID="689753055" NUMBER="76А" OPERTYPEID="10" PREVID="0" NEXTID="0" UPDATEDATE="2025-09-30" STARTDATE="2025-09-30" ENDDATE="2079-06-06" ISACTUAL="1" ISACTIVE="1" /><STEAD ID="74194798" OBJECTID="174968018" OBJECTGUID="2ee03a6d-fb09-43f9-a30f-727c3037a629" CHANGEID="689753217" NUMBER="3д/8" OPERTYPEID="10" PREVID="0" NEXTID="0" UPDATEDATE="2025-09-30" STARTDATE="2025-09-30" ENDDATE="2079-06-06" ISACTUAL="1" ISACTIVE="1" /><STEAD ID="74195186" OBJECTID="174968535" OBJECTGUID="a8fbe98f-1ae1-4d4e-a438-b6cfc1d2810d" CHANGEID="689754791" NUMBER="21" OPERTYPEID="10" PREVID="0" NEXTID="0" UPDATEDATE="2025-09-30" STARTDATE="2025-09-30" ENDDATE="2079-06-06" ISACTUAL="1" ISACTIVE="1" /><STEAD ID="74195222" OBJECTID="174968606" OBJECTGUID="9fa2be89-7fdb-4afa-afd9-9d5d1de1368d" CHANGEID="689754910" NUMBER="56" OPERTYPEID="10" PREVID="0" NEXTID="0" UPDATEDATE="2025-09-30" STARTDATE="2025-09-30" ENDDATE="2079-06-06" ISACTUAL="1" ISACTIVE="1" /><STEAD ID="74195205" OBJECTID="174968568" OBJECTGUID="4d4ae139-0866-4e98-8131-a81f75eca64e" CHANGEID="689754834" NUMBER="33" OPERTYPEID="10" PREVID="0" NEXTID="0" UPDATEDATE="2025-09-30" STARTDATE="2025-09-30" ENDDATE="2079-06-06" ISACTUAL="1" ISACTIVE="1" /><STEAD ID="74199033" OBJECTID="174976439" OBJECTGUID="1141615f-ad76-43b3-9bcf-5da0d7033efc" CHANGEID="689790053" NUMBER="43" OPERTYPEID="10" PREVID="0" NEXTID="0" UPDATEDATE="2025-10-01" STARTDATE="2025-10-01" ENDDATE="2079-06-06" ISACTUAL="1" ISACTIVE="1" /><STEAD ID="74200134" OBJECTID="174978374" OBJECTGUID="3073d7cb-51d5-4a11-8323-91a885718715" CHANGEID="689793062" NUMBER="28а" OPERTYPEID="10" PREVID="0" NEXTID="0" UPDATEDATE="2025-10-01" STARTDATE="2025-10-01" ENDDATE="2079-06-06" ISACTUAL="1" ISACTIVE="1" /><STEAD ID="74200167" OBJECTID="174978412" OBJECTGUID="8d72987b-6922-40ea-86cc-5f8194f92653" CHANGEID="689793111" NUMBER="26а" OPERTYPEID="10" PREVID="0" NEXTID="0" UPDATEDATE="2025-10-01" STARTDATE="2025-10-01" ENDDATE="2079-06-06" ISACTUAL="1" ISACTIVE="1" /><STEAD ID="74201183" OBJECTID="174980003" OBJECTGUID="97b8ed38-a3c7-4fca-bfd7-52ba8aeab5ba" CHANGEID="689796013" NUMBER="7/2" OPERTYPEID="10" PREVID="0" NEXTID="0" UPDATEDATE="2025-10-01" STARTDATE="2025-10-01" ENDDATE="2079-06-06" ISACTUAL="1" ISACTIVE="1" /><STEAD ID="74201786" OBJECTID="174981098" OBJECTGUID="fe7a3406-89c4-4c18-b704-affb7b30fc61" CHANGEID="689798803" NUMBER="48" OPERTYPEID="10" PREVID="0" NEXTID="0" UPDATEDATE="2025-10-01" STARTDATE="2025-10-01" ENDDATE="2079-06-06" ISACTUAL="1" ISACTIVE="1" /><STEAD ID="74202273" OBJECTID="174982287" OBJECTGUID="d9c0ecdb-8073-417a-9171-e002042cd75b" CHANGEID="689801152" NUMBER="29" OPERTYPEID="10" PREVID="0" NEXTID="0" UPDATEDATE="2025-10-01" STARTDATE="2025-10-01" ENDDATE="2079-06-06" ISACTUAL="1" ISACTIVE="1" /><STEAD ID="74202297" OBJECTID="174982362" OBJECTGUID="18a76b4d-d6d4-4a07-96e8-129819eca548" CHANGEID="689801236" NUMBER="27а" OPERTYPEID="10" PREVID="0" NEXTID="0" UPDATEDATE="2025-10-01" STARTDATE="2025-10-01" ENDDATE="2079-06-06" ISACTUAL="1" ISACTIVE="1" /><STEAD ID="74202333" OBJECTID="174982442" OBJECTGUID="889489ee-e778-4cc4-b0b7-5348a87b5117" CHANGEID="689801360" NUMBER="61" OPERTYPEID="10" PREVID="0" NEXTID="0" UPDATEDATE="2025-10-01" STARTDATE="2025-10-01" ENDDATE="2079-06-06" ISACTUAL="1" ISACTIVE="1" /><STEAD ID="74202337" OBJECTID="174982449" OBJECTGUID="6d81a257-327d-4632-9420-966c714c9bf2" CHANGEID="689801388" NUMBER="7" OPERTYPEID="10" PREVID="0" NEXTID="0" UPDATEDATE="2025-10-01" STARTDATE="2025-10-01" ENDDATE="2079-06-06" ISACTUAL="1" ISACTIVE="1" /><STEAD ID="74202341" OBJECTID="174982454" OBJECTGUID="fe771bc4-6907-4f8c-ad63-0a56174c52bf" CHANGEID="689801403" NUMBER="19А" OPERTYPEID="10" PREVID="0" NEXTID="0" UPDATEDATE="2025-10-01" STARTDATE="2025-10-01" ENDDATE="2079-06-06" ISACTUAL="1" ISACTIVE="1" /><STEAD ID="74202346" OBJECTID="174982463" OBJECTGUID="7e69b500-bcc4-41b5-bffe-1fecaba0f091" CHANGEID="689801430" NUMBER="35" OPERTYPEID="10" PREVID="0" NEXTID="0" UPDATEDATE="2025-10-01" STARTDATE="2025-10-01" ENDDATE="2079-06-06" ISACTUAL="1" ISACTIVE="1" /><STEAD ID="74202912" OBJECTID="174983625" OBJECTGUID="dda894ed-2f38-4990-b23c-256412192896" CHANGEID="689803701" NUMBER="22" OPERTYPEID="10" PREVID="0" NEXTID="0" UPDATEDATE="2025-10-01" STARTDATE="2025-10-01" ENDDATE="2079-06-06" ISACTUAL="1" ISACTIVE="1" /><STEAD ID="74202914" OBJECTID="174983628" OBJECTGUID="58d760f0-5f5f-4e8a-89a4-db5a16c19b6a" CHANGEID="689803707" NUMBER="45а" OPERTYPEID="10" PREVID="0" NEXTID="0" UPDATEDATE="2025-10-01" STARTDATE="2025-10-01" ENDDATE="2079-06-06" ISACTUAL="1" ISACTIVE="1" /><STEAD ID="74202934" OBJECTID="174983652" OBJECTGUID="b556ca45-dc38-4c82-9f0e-ecdcca8b8228" CHANGEID="689803744" NUMBER="34г/4" OPERTYPEID="10" PREVID="0" NEXTID="0" UPDATEDATE="2025-10-01" STARTDATE="2025-10-01" ENDDATE="2079-06-06" ISACTUAL="1" ISACTIVE="1" /><STEAD ID="74202949" OBJECTID="174983674" OBJECTGUID="d26c3369-c18b-479a-ba97-b4b3335ef181" CHANGEID="689803811" NUMBER="48/1" OPERTYPEID="10" PREVID="0" NEXTID="0" UPDATEDATE="2025-10-01" STARTDATE="2025-10-01" ENDDATE="2079-06-06" ISACTUAL="1" ISACTIVE="1" /><STEAD ID="74202930" OBJECTID="174983646" OBJECTGUID="a5a4cc11-8f35-4605-a31c-fd6e6ce103c0" CHANGEID="689803727" NUMBER="34а" OPERTYPEID="10" PREVID="0" NEXTID="0" UPDATEDATE="2025-10-01" STARTDATE="2025-10-01" ENDDATE="2079-06-06" ISACTUAL="1" ISACTIVE="1" /><STEAD ID="74202954" OBJECTID="174983682" OBJECTGUID="11547588-9cbc-447d-acb3-60eaaf566bf8" CHANGEID="689803832" NUMBER="359" OPERTYPEID="10" PREVID="0" NEXTID="0" UPDATEDATE="2025-10-01" STARTDATE="2025-10-01" ENDDATE="2079-06-06" ISACTUAL="1" ISACTIVE="1" /><STEAD ID="74203072" OBJECTID="174983873" OBJECTGUID="3d2eca9b-afd2-4595-866d-e5eb1b61b4f8" CHANGEID="689804812" NUMBER="39б/78" OPERTYPEID="10" PREVID="0" NEXTID="0" UPDATEDATE="2025-10-01" STARTDATE="2025-10-01" ENDDATE="2079-06-06" ISACTUAL="1" ISACTIVE="1" /><STEAD ID="74203099" OBJECTID="174983906" OBJECTGUID="470d5a5b-1655-452a-987e-e2cabf18a059" CHANGEID="689805017" NUMBER="17а/58" OPERTYPEID="10" PREVID="0" NEXTID="0" UPDATEDATE="2025-10-01" STARTDATE="2025-10-01" ENDDATE="2079-06-06" ISACTUAL="1" ISACTIVE="1" /><STEAD ID="74206729" OBJECTID="174991256" OBJECTGUID="21b00c3e-bdf5-4cc8-b304-2ef928e8abab" CHANGEID="689818681" NUMBER="12/2" OPERTYPEID="10" PREVID="0" NEXTID="0" UPDATEDATE="2025-10-01" STARTDATE="2025-10-01" ENDDATE="2079-06-06" ISACTUAL="1" ISACTIVE="1" /><STEAD ID="74206737" OBJECTID="174991306" OBJECTGUID="540ce84e-9256-463c-af8a-3baa23eb4fd4" CHANGEID="689818794" NUMBER="16" OPERTYPEID="10" PREVID="0" NEXTID="0" UPDATEDATE="2025-10-01" STARTDATE="2025-10-01" ENDDATE="2079-06-06" ISACTUAL="1" ISACTIVE="1" /><STEAD ID="74206756" OBJECTID="174991370" OBJECTGUID="d5354307-7d1c-4712-a4ef-af733cdb6304" CHANGEID="689818929" NUMBER="35" OPERTYPEID="10" PREVID="0" NEXTID="0" UPDATEDATE="2025-10-01" STARTDATE="2025-10-01" ENDDATE="2079-06-06" ISACTUAL="1" ISACTIVE="1" /><STEAD ID="74206768" OBJECTID="174991386" OBJECTGUID="8c93bf5a-02fd-408c-a04d-e17df115fee8" CHANGEID="689818988" NUMBER="13" OPERTYPEID="10" PREVID="0" NEXTID="0" UPDATEDATE="2025-10-01" STARTDATE="2025-10-01" ENDDATE="2079-06-06" ISACTUAL="1" ISACTIVE="1" /><STEAD ID="74206770" OBJECTID="174991388" OBJECTGUID="4d5c4d5c-4605-44dd-92bb-445e3ecc992b" CHANGEID="689818992" NUMBER="16" OPERTYPEID="10" PREVID="0" NEXTID="0" UPDATEDATE="2025-10-01" STARTDATE="2025-10-01" ENDDATE="2079-06-06" ISACTUAL="1" ISACTIVE="1" /><STEAD ID="74206751" OBJECTID="174991362" OBJECTGUID="e23bbb67-bc48-412c-a78f-d54183817bc8" CHANGEID="689818880" NUMBER="22" OPERTYPEID="10" PREVID="0" NEXTID="0" UPDATEDATE="2025-10-01" STARTDATE="2025-10-01" ENDDATE="2079-06-06" ISACTUAL="1" ISACTIVE="1" /><STEAD ID="74206753" OBJECTID="174991366" OBJECTGUID="87ecf556-b188-4a76-8958-559087f10c9c" CHANGEID="689818888" NUMBER="2/1" OPERTYPEID="10" PREVID="0" NEXTID="0" UPDATEDATE="2025-10-01" STARTDATE="2025-10-01" ENDDATE="2079-06-06" ISACTUAL="1" ISACTIVE="1" /><STEAD ID="74206758" OBJECTID="174991376" OBJECTGUID="15ea4692-d185-4958-9de2-cd0ab16d35ef" CHANGEID="689818950" NUMBER="6" OPERTYPEID="10" PREVID="0" NEXTID="0" UPDATEDATE="2025-10-01" STARTDATE="2025-10-01" ENDDATE="2079-06-06" ISACTUAL="1" ISACTIVE="1" /><STEAD ID="74206759" OBJECTID="174991379" OBJECTGUID="0f25db3e-65f8-4fe1-94b3-cd5dca44b3f7" CHANGEID="689818958" NUMBER="11" OPERTYPEID="10" PREVID="0" NEXTID="0" UPDATEDATE="2025-10-01" STARTDATE="2025-10-01" ENDDATE="2079-06-06" ISACTUAL="1" ISACTIVE="1" /><STEAD ID="74206778" OBJECTID="174991409" OBJECTGUID="65e7972a-cc7a-4a13-91ad-7633d8a1e1c5" CHANGEID="689819017" NUMBER="17" OPERTYPEID="10" PREVID="0" NEXTID="0" UPDATEDATE="2025-10-01" STARTDATE="2025-10-01" ENDDATE="2079-06-06" ISACTUAL="1" ISACTIVE="1" /><STEAD ID="74206937" OBJECTID="174991826" OBJECTGUID="11580350-5b16-4077-9823-711081103c1f" CHANGEID="689819771" NUMBER="16" OPERTYPEID="10" PREVID="0" NEXTID="0" UPDATEDATE="2025-10-01" STARTDATE="2025-10-01" ENDDATE="2079-06-06" ISACTUAL="1" ISACTIVE="1" /><STEAD ID="74206966" OBJECTID="174991857" OBJECTGUID="73eca111-4c2d-49de-96e8-1e2c315ff42f" CHANGEID="689819807" NUMBER="37г/42" OPERTYPEID="10" PREVID="0" NEXTID="0" UPDATEDATE="2025-10-01" STARTDATE="2025-10-01" ENDDATE="2079-06-06" ISACTUAL="1" ISACTIVE="1" /><STEAD ID="74207018" OBJECTID="174991926" OBJECTGUID="21bfaac2-ba98-4492-be80-cdf6800f04a8" CHANGEID="689819901" NUMBER="37г/34" OPERTYPEID="10" PREVID="0" NEXTID="0" UPDATEDATE="2025-10-01" STARTDATE="2025-10-01" ENDDATE="2079-06-06" ISACTUAL="1" ISACTIVE="1" /><STEAD ID="74206934" OBJECTID="174991823" OBJECTGUID="7d79ea69-085e-40f9-8558-9b5525ed1750" CHANGEID="689819766" NUMBER="12" OPERTYPEID="10" PREVID="0" NEXTID="0" UPDATEDATE="2025-10-01" STARTDATE="2025-10-01" ENDDATE="2079-06-06" ISACTUAL="1" ISACTIVE="1" /><STEAD ID="74206965" OBJECTID="174991856" OBJECTGUID="6d6a8887-7a31-4342-9fda-766a60f1015d" CHANGEID="689819806" NUMBER="7а" OPERTYPEID="10" PREVID="0" NEXTID="0" UPDATEDATE="2025-10-01" STARTDATE="2025-10-01" ENDDATE="2079-06-06" ISACTUAL="1" ISACTIVE="1" /><STEAD ID="74206967" OBJECTID="174991858" OBJECTGUID="60d58a04-ede8-465f-aac2-6aef59730859" CHANGEID="689819808" NUMBER="8" OPERTYPEID="10" PREVID="0" NEXTID="0" UPDATEDATE="2025-10-01" STARTDATE="2025-10-01" ENDDATE="2079-06-06" ISACTUAL="1" ISACTIVE="1" /><STEAD ID="69021459" OBJECTID="165749673" OBJECTGUID="e2464886-0c7c-4bc3-ac4d-83eb34e511ee" CHANGEID="603380992" NUMBER="35" OPERTYPEID="10" PREVID="0" NEXTID="74207022" UPDATEDATE="2025-10-01" STARTDATE="2024-09-30" ENDDATE="2025-10-01" ISACTUAL="0" ISACTIVE="0" /><STEAD ID="74207022" OBJECTID="165749673" OBJECTGUID="e2464886-0c7c-4bc3-ac4d-83eb34e511ee" CHANGEID="689819927" NUMBER="17" OPERTYPEID="20" PREVID="69021459" UPDATEDATE="2025-10-01" STARTDATE="2025-10-01" ENDDATE="2079-06-06" ISACTUAL="1" ISACTIVE="1" /><STEAD ID="74207085" OBJECTID="174992045" OBJECTGUID="f65a6868-df19-4943-9ebb-557d081edb1c" CHANGEID="689820054" NUMBER="15" OPERTYPEID="10" PREVID="0" NEXTID="0" UPDATEDATE="2025-10-01" STARTDATE="2025-10-01" ENDDATE="2079-06-06" ISACTUAL="1" ISACTIVE="1" /><STEAD ID="74207065" OBJECTID="174992013" OBJECTGUID="672da25c-a8e3-47fd-85b1-3ddb7e6cf2cb" CHANGEID="689820011" NUMBER="36д/71" OPERTYPEID="10" PREVID="0" NEXTID="0" UPDATEDATE="2025-10-01" STARTDATE="2025-10-01" ENDDATE="2079-06-06" ISACTUAL="1" ISACTIVE="1" /><STEAD ID="74207355" OBJECTID="174992622" OBJECTGUID="d5d18bc0-ceef-4984-8bdb-7f2da98b1f60" CHANGEID="689824782" NUMBER="168" OPERTYPEID="10" PREVID="0" NEXTID="0" UPDATEDATE="2025-10-01" STARTDATE="2025-10-01" ENDDATE="2079-06-06" ISACTUAL="1" ISACTIVE="1" /><STEAD ID="74207512" OBJECTID="174992910" OBJECTGUID="8e823ce0-9ce8-40cb-b891-f3b4f4cfc219" CHANGEID="689825410" NUMBER="264" OPERTYPEID="10" PREVID="0" NEXTID="0" UPDATEDATE="2025-10-01" STARTDATE="2025-10-01" ENDDATE="2079-06-06" ISACTUAL="1" ISACTIVE="1" /><STEAD ID="74207527" OBJECTID="174992932" OBJECTGUID="7b52fa2e-7126-4536-8531-82f04a7768e6" CHANGEID="689825438" NUMBER="59" OPERTYPEID="10" PREVID="0" NEXTID="0" UPDATEDATE="2025-10-01" STARTDATE="2025-10-01" ENDDATE="2079-06-06" ISACTUAL="1" ISACTIVE="1" /><STEAD ID="74207499" OBJECTID="174992895" OBJECTGUID="0e644af1-1714-4077-b06d-a37c013ef80a" CHANGEID="689825391" NUMBER="245" OPERTYPEID="10" PREVID="0" NEXTID="0" UPDATEDATE="2025-10-01" STARTDATE="2025-10-01" ENDDATE="2079-06-06" ISACTUAL="1" ISACTIVE="1" /><STEAD ID="74207500" OBJECTID="174992897" OBJECTGUID="a6676ad4-c77f-47c3-b434-f0f2eb9ed819" CHANGEID="689825395" NUMBER="380" OPERTYPEID="10" PREVID="0" NEXTID="0" UPDATEDATE="2025-10-01" STARTDATE="2025-10-01" ENDDATE="2079-06-06" ISACTUAL="1" ISACTIVE="1" /><STEAD ID="74207514" OBJECTID="174992915" OBJECTGUID="91a98429-0931-400e-a1b3-0fce31933236" CHANGEID="689825415" NUMBER="240" OPERTYPEID="10" PREVID="0" NEXTID="0" UPDATEDATE="2025-10-01" STARTDATE="2025-10-01" ENDDATE="2079-06-06" ISACTUAL="1" ISACTIVE="1" /><STEAD ID="74207526" OBJECTID="174992930" OBJECTGUID="7bb2893f-d38e-4d8c-9962-f9513ad0c7c0" CHANGEID="689825431" NUMBER="17" OPERTYPEID="10" PREVID="0" NEXTID="0" UPDATEDATE="2025-10-01" STARTDATE="2025-10-01" ENDDATE="2079-06-06" ISACTUAL="1" ISACTIVE="1" /></STEADS>