ID;OBJECTID;PARENTOBJID;CHANGEID;REGIONCODE;PREVID;NEXTID;UPDATEDATE;STARTDATE;ENDDATE;ISACTIVE;PATH
64873651;33021418;1284601;50368690;70;0;0;2025-10-01;2008-06-18;2079-06-06;0;1281271.1279827.1282327.1284601.33021418
72083063;61262322;1291018;91489196;70;0;0;2025-09-29;1900-01-01;2079-06-06;0;1281271.1286009.1287910.1291018.61262322
247022658;174909985;1284092;689624270;70;0;0;2025-09-29;2025-09-29;2079-06-06;1;1281271.1286070.1290758.1284092.174909985
247022660;174909987;1294748;689624320;70;0;0;2025-09-29;2025-09-29;2079-06-06;1;1281271.1286070.1286165.1294748.174909987
247022762;174910087;1289136;689624613;70;0;0;2025-09-29;2025-09-29;2079-06-06;1;1281271.1281284.1289136.174910087
247023378;174910703;1291203;689625392;70;0;0;2025-09-29;2025-09-29;2079-06-06;1;1281271.1286070.1286165.1291203.174910703
247023471;174910796;1287743;689626302;70;0;0;2025-09-29;2025-09-29;2079-06-06;1;1281271.1281284.1290191.1287743.174910796
247023535;174910859;1285971;689626374;70;0;0;2025-09-29;2025-09-29;2079-06-06;1;1281271.1281284.1292127.1285971.174910859
247023953;174911276;1289072;689628091;70;0;0;2025-09-29;2025-09-29;2079-06-06;1;1281271.1281284.1289072.174911276
247023950;174911273;1287743;689628088;70;0;0;2025-09-29;2025-09-29;2079-06-06;1;1281271.1281284.1290191.1287743.174911273
247023962;174911285;1283659;689628109;70;0;0;2025-09-29;2025-09-29;2079-06-06;1;1281271.1281284.1282905.1283659.174911285
247023966;174911289;1277663;689628113;70;0;0;2025-09-29;2025-09-29;2079-06-06;1;1281271.1281284.1277663.174911289
247023965;174911288;174895199;689628112;70;0;0;2025-09-29;2025-09-29;2079-06-06;1;1281271.1281284.1276703.174895199.174911288
247023976;174911299;1286483;689628123;70;0;0;2025-09-29;2025-09-29;2079-06-06;1;1281271.1281284.1277224.1286483.174911299
247023973;174911296;1286483;689628120;70;0;0;2025-09-29;2025-09-29;2079-06-06;1;1281271.1281284.1277224.1286483.174911296
247024142;174911465;1287423;689628445;70;0;0;2025-09-29;2025-09-29;2079-06-06;1;1281271.1294741.1288077.1292390.1287423.174911465
72078530;40867031;1283585;61829101;70;0;0;2025-09-29;2019-06-13;2079-06-06;0;1281271.1286009.1287910.1283585.40867031
72078325;40850432;40848009;61805531;70;0;0;2025-09-29;2017-06-19;2079-06-06;0;1281271.1286009.1287910.1283585.40848009.40850432
247024234;174911557;1295187;689628549;70;0;0;2025-09-29;2025-09-29;2079-06-06;1;1281271.1294741.1295187.174911557
247024644;174911967;1325699;689629435;70;0;0;2025-09-29;2025-09-29;2079-06-06;1;1281271.1316522.1316867.1325699.174911967
72077727;11347854;1281871;18482238;70;0;0;2025-09-29;1900-01-01;2079-06-06;0;1281271.1286009.1287910.1281871.11347854
247024894;174912217;1326829;689630231;70;0;0;2025-09-29;2025-09-29;2079-06-06;1;1281271.1289720.1291395.1326829.174912217
247025027;174912350;1291260;689630452;70;0;0;2025-09-29;2025-09-29;2079-06-06;1;1281271.1294741.1288077.1291260.174912350
247025029;174912352;1291260;689630454;70;0;0;2025-09-29;2025-09-29;2079-06-06;1;1281271.1294741.1288077.1291260.174912352
247025031;174912354;1291260;689630456;70;0;0;2025-09-29;2025-09-29;2079-06-06;1;1281271.1294741.1288077.1291260.174912354
247025033;174912356;1291260;689630458;70;0;0;2025-09-29;2025-09-29;2079-06-06;1;1281271.1294741.1288077.1291260.174912356
247025035;174912358;1291260;689630460;70;0;0;2025-09-29;2025-09-29;2079-06-06;1;1281271.1294741.1288077.1291260.174912358
247025037;174912360;1291260;689630462;70;0;0;2025-09-29;2025-09-29;2079-06-06;1;1281271.1294741.1288077.1291260.174912360
247025039;174912362;1291260;689630464;70;0;0;2025-09-29;2025-09-29;2079-06-06;1;1281271.1294741.1288077.1291260.174912362
247025041;174912364;1291260;689630466;70;0;0;2025-09-29;2025-09-29;2079-06-06;1;1281271.1294741.1288077.1291260.174912364
247025043;174912366;1291260;689630468;70;0;0;2025-09-29;2025-09-29;2079-06-06;1;1281271.1294741.1288077.1291260.174912366
247025045;174912368;1291260;689630470;70;0;0;2025-09-29;2025-09-29;2079-06-06;1;1281271.1294741.1288077.1291260.174912368
247025047;174912370;1291260;689630472;70;0;0;2025-09-29;2025-09-29;2079-06-06;1;1281271.1294741.1288077.1291260.174912370
247025049;174912372;1291260;689630474;70;0;0;2025-09-29;2025-09-29;2079-06-06;1;1281271.1294741.1288077.1291260.174912372
247025097;174912419;1283507;689630587;70;0;0;2025-09-29;2025-09-29;2079-06-06;1;1281271.1294741.1285779.1283507.174912419
247025113;174912435;172610795;689630607;70;0;0;2025-09-29;2025-09-29;2079-06-06;1;1281271.1294741.1291351.172610795.174912435
247025146;174912468;1287592;689630669;70;0;0;2025-09-29;2025-09-29;2079-06-06;1;1281271.1281284.1287592.174912468
247025134;174912456;1295228;689630645;70;0;0;2025-09-29;2025-09-29;2079-06-06;1;1281271.1286070.1286165.1295228.174912456
247025135;174912457;1295228;689630647;70;0;0;2025-09-29;2025-09-29;2079-06-06;1;1281271.1286070.1286165.1295228.174912457
236410492;165985605;16252470;603780984;70;0;0;2025-09-29;2024-10-07;2079-06-06;0;1281271.1286070.1286165.1295228.16252470.165985605
71831224;16252470;1295228;25804699;70;0;0;2025-09-29;2006-05-29;2079-06-06;0;1281271.1286070.1286165.1295228.16252470
247025149;174912471;1295228;689630672;70;0;0;2025-09-29;2025-09-29;2079-06-06;1;1281271.1286070.1286165.1295228.174912471
247025164;174912486;1285282;689630690;70;0;0;2025-09-29;2025-09-29;2079-06-06;1;1281271.1281284.1277224.1285282.174912486
247025166;174912488;1285282;689630692;70;0;0;2025-09-29;2025-09-29;2079-06-06;1;1281271.1281284.1277224.1285282.174912488
247025168;174912490;1285282;689630694;70;0;0;2025-09-29;2025-09-29;2079-06-06;1;1281271.1281284.1277224.1285282.174912490
247025170;174912492;1285282;689630696;70;0;0;2025-09-29;2025-09-29;2079-06-06;1;1281271.1281284.1277224.1285282.174912492
247025172;174912494;1285282;689630698;70;0;0;2025-09-29;2025-09-29;2079-06-06;1;1281271.1281284.1277224.1285282.174912494
247025174;174912496;1285282;689630700;70;0;0;2025-09-29;2025-09-29;2079-06-06;1;1281271.1281284.1277224.1285282.174912496
247025176;174912498;1285282;689630702;70;0;0;2025-09-29;2025-09-29;2079-06-06;1;1281271.1281284.1277224.1285282.174912498
247025178;174912500;1285282;689630704;70;0;0;2025-09-29;2025-09-29;2079-06-06;1;1281271.1281284.1277224.1285282.174912500
247025180;174912502;1285282;689630706;70;0;0;2025-09-29;2025-09-29;2079-06-06;1;1281271.1281284.1277224.1285282.174912502
247025182;174912504;1285282;689630708;70;0;0;2025-09-29;2025-09-29;2079-06-06;1;1281271.1281284.1277224.1285282.174912504
247025184;174912506;1285282;689630710;70;0;0;2025-09-29;2025-09-29;2079-06-06;1;1281271.1281284.1277224.1285282.174912506
247025186;174912508;1285282;689630712;70;0;0;2025-09-29;2025-09-29;2079-06-06;1;1281271.1281284.1277224.1285282.174912508
247025188;174912510;1285282;689630714;70;0;0;2025-09-29;2025-09-29;2079-06-06;1;1281271.1281284.1277224.1285282.174912510
247025190;174912512;1285282;689630716;70;0;0;2025-09-29;2025-09-29;2079-06-06;1;1281271.1281284.1277224.1285282.174912512
247025192;174912514;1285282;689630718;70;0;0;2025-09-29;2025-09-29;2079-06-06;1;1281271.1281284.1277224.1285282.174912514
247025194;174912516;1285282;689630720;70;0;0;2025-09-29;2025-09-29;2079-06-06;1;1281271.1281284.1277224.1285282.174912516
247025196;174912518;1285282;689630722;70;0;0;2025-09-29;2025-09-29;2079-06-06;1;1281271.1281284.1277224.1285282.174912518
247025360;174912681;1290096;689631388;70;0;0;2025-09-29;2025-09-29;2079-06-06;1;1281271.1282164.1284427.1290096.174912681
247025366;174912687;1291260;689631403;70;0;0;2025-09-29;2025-09-29;2079-06-06;1;1281271.1294741.1288077.1291260.174912687
247025389;174912710;1291203;689631435;70;0;0;2025-09-29;2025-09-29;2079-06-06;1;1281271.1286070.1286165.1291203.174912710
247025369;174912690;1291260;689631406;70;0;0;2025-09-29;2025-09-29;2079-06-06;1;1281271.1294741.1288077.1291260.174912690
247025371;174912692;1291260;689631408;70;0;0;2025-09-29;2025-09-29;2079-06-06;1;1281271.1294741.1288077.1291260.174912692
247025373;174912694;1291260;689631410;70;0;0;2025-09-29;2025-09-29;2079-06-06;1;1281271.1294741.1288077.1291260.174912694
247025375;174912696;1291260;689631412;70;0;0;2025-09-29;2025-09-29;2079-06-06;1;1281271.1294741.1288077.1291260.174912696
247025377;174912698;1291260;689631414;70;0;0;2025-09-29;2025-09-29;2079-06-06;1;1281271.1294741.1288077.1291260.174912698
247025379;174912700;1291260;689631416;70;0;0;2025-09-29;2025-09-29;2079-06-06;1;1281271.1294741.1288077.1291260.174912700
247025381;174912702;1291260;689631418;70;0;0;2025-09-29;2025-09-29;2079-06-06;1;1281271.1294741.1288077.1291260.174912702
247025383;174912704;1291260;689631420;70;0;0;2025-09-29;2025-09-29;2079-06-06;1;1281271.1294741.1288077.1291260.174912704
247025385;174912706;1291260;689631422;70;0;0;2025-09-29;2025-09-29;2079-06-06;1;1281271.1294741.1288077.1291260.174912706
247025433;174912754;49156714;689631577;70;0;0;2025-09-29;2025-09-29;2079-06-06;1;1281271.1286070.1288406.1285569.49156714.174912754
247025434;174912755;82390046;689631578;70;0;0;2025-09-29;2025-09-29;2079-06-06;1;1281271.1281284.1290415.82390046.174912755
247025461;174912782;1287592;689631611;70;0;0;2025-09-29;2025-09-29;2079-06-06;1;1281271.1281284.1287592.174912782
247025539;174912860;1287662;689631725;70;0;0;2025-09-29;2025-09-29;2079-06-06;1;1281271.1281284.1277224.1287662.174912860
247025541;174912862;1287662;689631727;70;0;0;2025-09-29;2025-09-29;2079-06-06;1;1281271.1281284.1277224.1287662.174912862
247025543;174912864;1287662;689631729;70;0;0;2025-09-29;2025-09-29;2079-06-06;1;1281271.1281284.1277224.1287662.174912864
247025545;174912866;1287662;689631731;70;0;0;2025-09-29;2025-09-29;2079-06-06;1;1281271.1281284.1277224.1287662.174912866
247025547;174912868;1287662;689631733;70;0;0;2025-09-29;2025-09-29;2079-06-06;1;1281271.1281284.1277224.1287662.174912868
247025549;174912870;1287662;689631735;70;0;0;2025-09-29;2025-09-29;2079-06-06;1;1281271.1281284.1277224.1287662.174912870
247025551;174912872;1287662;689631737;70;0;0;2025-09-29;2025-09-29;2079-06-06;1;1281271.1281284.1277224.1287662.174912872
247025553;174912874;1287662;689631739;70;0;0;2025-09-29;2025-09-29;2079-06-06;1;1281271.1281284.1277224.1287662.174912874
247025555;174912876;1287662;689631741;70;0;0;2025-09-29;2025-09-29;2079-06-06;1;1281271.1281284.1277224.1287662.174912876
247025557;174912878;1287662;689631743;70;0;0;2025-09-29;2025-09-29;2079-06-06;1;1281271.1281284.1277224.1287662.174912878
247025559;174912880;1287662;689631745;70;0;0;2025-09-29;2025-09-29;2079-06-06;1;1281271.1281284.1277224.1287662.174912880
247025561;174912882;1287662;689631747;70;0;0;2025-09-29;2025-09-29;2079-06-06;1;1281271.1281284.1277224.1287662.174912882
247025563;174912884;1287662;689631749;70;0;0;2025-09-29;2025-09-29;2079-06-06;1;1281271.1281284.1277224.1287662.174912884
247025565;174912886;1287662;689631751;70;0;0;2025-09-29;2025-09-29;2079-06-06;1;1281271.1281284.1277224.1287662.174912886
247025567;174912888;1287662;689631753;70;0;0;2025-09-29;2025-09-29;2079-06-06;1;1281271.1281284.1277224.1287662.174912888
247025569;174912890;1287662;689631755;70;0;0;2025-09-29;2025-09-29;2079-06-06;1;1281271.1281284.1277224.1287662.174912890
247025571;174912892;1287662;689631757;70;0;0;2025-09-29;2025-09-29;2079-06-06;1;1281271.1281284.1277224.1287662.174912892
247025573;174912894;1287662;689631759;70;0;0;2025-09-29;2025-09-29;2079-06-06;1;1281271.1281284.1277224.1287662.174912894
247025609;174912930;1290338;689631801;70;0;0;2025-09-29;2025-09-29;2079-06-06;1;1281271.1294741.1288077.1290338.174912930
247025696;174913016;1325719;689631898;70;0;0;2025-09-29;2025-09-29;2079-06-06;1;1281271.1289720.1292195.1325719.174913016
247025954;174913272;1285300;689633054;70;0;0;2025-09-29;2025-09-29;2079-06-06;1;1281271.1281284.1277224.1285300.174913272
247025944;174913262;1287343;689633041;70;0;0;2025-09-29;2025-09-29;2079-06-06;1;1281271.1281284.1277224.1287343.174913262
247025946;174913264;1287343;689633043;70;0;0;2025-09-29;2025-09-29;2079-06-06;1;1281271.1281284.1277224.1287343.174913264
247025948;174913266;1287343;689633045;70;0;0;2025-09-29;2025-09-29;2079-06-06;1;1281271.1281284.1277224.1287343.174913266
247025950;174913268;1287343;689633047;70;0;0;2025-09-29;2025-09-29;2079-06-06;1;1281271.1281284.1277224.1287343.174913268
247025973;174913291;1325719;689633085;70;0;0;2025-09-29;2025-09-29;2079-06-06;1;1281271.1289720.1292195.1325719.174913291
247025956;174913274;1285300;689633056;70;0;0;2025-09-29;2025-09-29;2079-06-06;1;1281271.1281284.1277224.1285300.174913274
247025958;174913276;1285300;689633058;70;0;0;2025-09-29;2025-09-29;2079-06-06;1;1281271.1281284.1277224.1285300.174913276
247025960;174913278;1285300;689633060;70;0;0;2025-09-29;2025-09-29;2079-06-06;1;1281271.1281284.1277224.1285300.174913278
247025962;174913280;1285300;689633062;70;0;0;2025-09-29;2025-09-29;2079-06-06;1;1281271.1281284.1277224.1285300.174913280
247025964;174913282;1285300;689633064;70;0;0;2025-09-29;2025-09-29;2079-06-06;1;1281271.1281284.1277224.1285300.174913282
247025966;174913284;1285300;689633066;70;0;0;2025-09-29;2025-09-29;2079-06-06;1;1281271.1281284.1277224.1285300.174913284
247025968;174913286;1285300;689633068;70;0;0;2025-09-29;2025-09-29;2079-06-06;1;1281271.1281284.1277224.1285300.174913286
247025970;174913288;1285300;689633070;70;0;0;2025-09-29;2025-09-29;2079-06-06;1;1281271.1281284.1277224.1285300.174913288
247025972;174913290;1325719;689633082;70;0;0;2025-09-29;2025-09-29;2079-06-06;1;1281271.1289720.1292195.1325719.174913290
247026107;174913422;1294331;689633281;70;0;0;2025-09-29;2025-09-29;2079-06-06;1;1281271.1286003.1287270.1294331.174913422
247026829;174914138;1289532;689634947;70;0;0;2025-09-29;2025-09-29;2079-06-06;1;1281271.1286070.1286165.1289532.174914138
247026831;174914140;1289532;689634949;70;0;0;2025-09-29;2025-09-29;2079-06-06;1;1281271.1286070.1286165.1289532.174914140
247026833;174914142;1289532;689634951;70;0;0;2025-09-29;2025-09-29;2079-06-06;1;1281271.1286070.1286165.1289532.174914142
247026835;174914144;1289532;689634953;70;0;0;2025-09-29;2025-09-29;2079-06-06;1;1281271.1286070.1286165.1289532.174914144
247026837;174914146;1289532;689634955;70;0;0;2025-09-29;2025-09-29;2079-06-06;1;1281271.1286070.1286165.1289532.174914146
247026839;174914148;1289532;689634957;70;0;0;2025-09-29;2025-09-29;2079-06-06;1;1281271.1286070.1286165.1289532.174914148
247026841;174914150;1289532;689634959;70;0;0;2025-09-29;2025-09-29;2079-06-06;1;1281271.1286070.1286165.1289532.174914150
247026843;174914152;1289532;689634961;70;0;0;2025-09-29;2025-09-29;2079-06-06;1;1281271.1286070.1286165.1289532.174914152
247026845;174914154;1289532;689634963;70;0;0;2025-09-29;2025-09-29;2079-06-06;1;1281271.1286070.1286165.1289532.174914154
247026847;174914156;1289532;689634965;70;0;0;2025-09-29;2025-09-29;2079-06-06;1;1281271.1286070.1286165.1289532.174914156
247026849;174914158;1289532;689634967;70;0;0;2025-09-29;2025-09-29;2079-06-06;1;1281271.1286070.1286165.1289532.174914158
247026851;174914160;1289532;689634969;70;0;0;2025-09-29;2025-09-29;2079-06-06;1;1281271.1286070.1286165.1289532.174914160
247026853;174914162;1289532;689634971;70;0;0;2025-09-29;2025-09-29;2079-06-06;1;1281271.1286070.1286165.1289532.174914162
247026855;174914164;1289532;689634973;70;0;0;2025-09-29;2025-09-29;2079-06-06;1;1281271.1286070.1286165.1289532.174914164
247027044;174914350;1286239;689635273;70;0;0;2025-09-29;2025-09-29;2079-06-06;1;1281271.1289720.1292195.1286239.174914350
247027047;174914353;1286239;689635279;70;0;0;2025-09-29;2025-09-29;2079-06-06;1;1281271.1289720.1292195.1286239.174914353
247027049;174914355;1286239;689635283;70;0;0;2025-09-29;2025-09-29;2079-06-06;1;1281271.1289720.1292195.1286239.174914355
247027061;174914367;1286239;689635298;70;0;0;2025-09-29;2025-09-29;2079-06-06;1;1281271.1289720.1292195.1286239.174914367
247027069;174914375;1286239;689635316;70;0;0;2025-09-29;2025-09-29;2079-06-06;1;1281271.1289720.1292195.1286239.174914375
247027076;174914382;1286239;689635324;70;0;0;2025-09-29;2025-09-29;2079-06-06;1;1281271.1289720.1292195.1286239.174914382
247027870;174915176;1291601;689636929;70;0;0;2025-09-29;2025-09-29;2079-06-06;1;1281271.1286003.1287270.1291601.174915176
247027842;174915148;1289532;689636901;70;0;0;2025-09-29;2025-09-29;2079-06-06;1;1281271.1286070.1286165.1289532.174915148
247027844;174915150;1289532;689636903;70;0;0;2025-09-29;2025-09-29;2079-06-06;1;1281271.1286070.1286165.1289532.174915150
247027846;174915152;1289532;689636905;70;0;0;2025-09-29;2025-09-29;2079-06-06;1;1281271.1286070.1286165.1289532.174915152
247027848;174915154;1289532;689636907;70;0;0;2025-09-29;2025-09-29;2079-06-06;1;1281271.1286070.1286165.1289532.174915154
247027850;174915156;1289532;689636909;70;0;0;2025-09-29;2025-09-29;2079-06-06;1;1281271.1286070.1286165.1289532.174915156
247027852;174915158;1289532;689636911;70;0;0;2025-09-29;2025-09-29;2079-06-06;1;1281271.1286070.1286165.1289532.174915158
247027854;174915160;1289532;689636913;70;0;0;2025-09-29;2025-09-29;2079-06-06;1;1281271.1286070.1286165.1289532.174915160
247027856;174915162;1289532;689636915;70;0;0;2025-09-29;2025-09-29;2079-06-06;1;1281271.1286070.1286165.1289532.174915162
247027858;174915164;1289532;689636917;70;0;0;2025-09-29;2025-09-29;2079-06-06;1;1281271.1286070.1286165.1289532.174915164
247027860;174915166;1289532;689636919;70;0;0;2025-09-29;2025-09-29;2079-06-06;1;1281271.1286070.1286165.1289532.174915166
247027862;174915168;1289532;689636921;70;0;0;2025-09-29;2025-09-29;2079-06-06;1;1281271.1286070.1286165.1289532.174915168
247027864;174915170;1289532;689636923;70;0;0;2025-09-29;2025-09-29;2079-06-06;1;1281271.1286070.1286165.1289532.174915170
247027866;174915172;1289532;689636925;70;0;0;2025-09-29;2025-09-29;2079-06-06;1;1281271.1286070.1286165.1289532.174915172
247027878;174915184;172610795;689636940;70;0;0;2025-09-29;2025-09-29;2079-06-06;1;1281271.1294741.1291351.172610795.174915184
247027886;174915192;172610795;689636955;70;0;0;2025-09-29;2025-09-29;2079-06-06;1;1281271.1294741.1291351.172610795.174915192
247027997;174915303;1286239;689637257;70;0;0;2025-09-29;2025-09-29;2079-06-06;1;1281271.1289720.1292195.1286239.174915303
247029657;174916958;1289532;689639958;70;0;0;2025-09-29;2025-09-29;2079-06-06;1;1281271.1286070.1286165.1289532.174916958
247029659;174916960;1289532;689639960;70;0;0;2025-09-29;2025-09-29;2079-06-06;1;1281271.1286070.1286165.1289532.174916960
247029661;174916962;1289532;689639962;70;0;0;2025-09-29;2025-09-29;2079-06-06;1;1281271.1286070.1286165.1289532.174916962
247029663;174916964;1289532;689639964;70;0;0;2025-09-29;2025-09-29;2079-06-06;1;1281271.1286070.1286165.1289532.174916964
247029665;174916966;1289532;689639966;70;0;0;2025-09-29;2025-09-29;2079-06-06;1;1281271.1286070.1286165.1289532.174916966
247029667;174916968;1289532;689639968;70;0;0;2025-09-29;2025-09-29;2079-06-06;1;1281271.1286070.1286165.1289532.174916968
247029669;174916970;1289532;689639970;70;0;0;2025-09-29;2025-09-29;2079-06-06;1;1281271.1286070.1286165.1289532.174916970
247029671;174916972;1289532;689639972;70;0;0;2025-09-29;2025-09-29;2079-06-06;1;1281271.1286070.1286165.1289532.174916972
247029673;174916974;1289532;689639974;70;0;0;2025-09-29;2025-09-29;2079-06-06;1;1281271.1286070.1286165.1289532.174916974
247029675;174916976;1289532;689639976;70;0;0;2025-09-29;2025-09-29;2079-06-06;1;1281271.1286070.1286165.1289532.174916976
247029677;174916978;1289532;689639978;70;0;0;2025-09-29;2025-09-29;2079-06-06;1;1281271.1286070.1286165.1289532.174916978
247029679;174916980;1289532;689639980;70;0;0;2025-09-29;2025-09-29;2079-06-06;1;1281271.1286070.1286165.1289532.174916980
247029681;174916982;1289532;689639982;70;0;0;2025-09-29;2025-09-29;2079-06-06;1;1281271.1286070.1286165.1289532.174916982
247029683;174916984;1289532;689639984;70;0;0;2025-09-29;2025-09-29;2079-06-06;1;1281271.1286070.1286165.1289532.174916984
247029712;174917013;1325719;689640025;70;0;0;2025-09-29;2025-09-29;2079-06-06;1;1281271.1289720.1292195.1325719.174917013
247029711;174917012;1325719;689640024;70;0;0;2025-09-29;2025-09-29;2079-06-06;1;1281271.1289720.1292195.1325719.174917012
247029718;174917019;1325719;689640034;70;0;0;2025-09-29;2025-09-29;2079-06-06;1;1281271.1289720.1292195.1325719.174917019
247029722;174917023;1325719;689640038;70;0;0;2025-09-29;2025-09-29;2079-06-06;1;1281271.1289720.1292195.1325719.174917023
247029726;174917027;1325719;689640042;70;0;0;2025-09-29;2025-09-29;2079-06-06;1;1281271.1289720.1292195.1325719.174917027
247029749;174917050;1286708;689640067;70;0;0;2025-09-29;2025-09-29;2079-06-06;1;1281271.1289720.1292195.1286708.174917050
247029747;174917048;1286708;689640064;70;0;0;2025-09-29;2025-09-29;2079-06-06;1;1281271.1289720.1292195.1286708.174917048
247029755;174917056;1286708;689640073;70;0;0;2025-09-29;2025-09-29;2079-06-06;1;1281271.1289720.1292195.1286708.174917056
247029765;174917066;1286239;689640106;70;0;0;2025-09-29;2025-09-29;2079-06-06;1;1281271.1289720.1292195.1286239.174917066
247029760;174917061;1286239;689640087;70;0;0;2025-09-29;2025-09-29;2079-06-06;1;1281271.1289720.1292195.1286239.174917061
247029772;174917073;1286239;689640129;70;0;0;2025-09-29;2025-09-29;2079-06-06;1;1281271.1289720.1292195.1286239.174917073
247029773;174917074;1286239;689640134;70;0;0;2025-09-29;2025-09-29;2079-06-06;1;1281271.1289720.1292195.1286239.174917074
247031239;174918520;1289532;689643889;70;0;0;2025-09-29;2025-09-29;2079-06-06;1;1281271.1286070.1286165.1289532.174918520
247031260;174918541;1294748;689643911;70;0;0;2025-09-29;2025-09-29;2079-06-06;1;1281271.1286070.1286165.1294748.174918541
247031262;174918543;1294748;689643913;70;0;0;2025-09-29;2025-09-29;2079-06-06;1;1281271.1286070.1286165.1294748.174918543
247031242;174918523;1289532;689643892;70;0;0;2025-09-29;2025-09-29;2079-06-06;1;1281271.1286070.1286165.1289532.174918523
247031244;174918525;1289532;689643894;70;0;0;2025-09-29;2025-09-29;2079-06-06;1;1281271.1286070.1286165.1289532.174918525
247031246;174918527;1289532;689643896;70;0;0;2025-09-29;2025-09-29;2079-06-06;1;1281271.1286070.1286165.1289532.174918527
247031248;174918529;1289532;689643898;70;0;0;2025-09-29;2025-09-29;2079-06-06;1;1281271.1286070.1286165.1289532.174918529
247031250;174918531;1289532;689643900;70;0;0;2025-09-29;2025-09-29;2079-06-06;1;1281271.1286070.1286165.1289532.174918531
247031252;174918533;1289532;689643902;70;0;0;2025-09-29;2025-09-29;2079-06-06;1;1281271.1286070.1286165.1289532.174918533
247031254;174918535;1289532;689643904;70;0;0;2025-09-29;2025-09-29;2079-06-06;1;1281271.1286070.1286165.1289532.174918535
247031259;174918540;1325719;689643910;70;0;0;2025-09-29;2025-09-29;2079-06-06;1;1281271.1289720.1292195.1325719.174918540
247031264;174918545;1294748;689643915;70;0;0;2025-09-29;2025-09-29;2079-06-06;1;1281271.1286070.1286165.1294748.174918545
247031266;174918547;1294748;689643917;70;0;0;2025-09-29;2025-09-29;2079-06-06;1;1281271.1286070.1286165.1294748.174918547
247031268;174918549;1294748;689643919;70;0;0;2025-09-29;2025-09-29;2079-06-06;1;1281271.1286070.1286165.1294748.174918549
247031270;174918551;1294748;689643921;70;0;0;2025-09-29;2025-09-29;2079-06-06;1;1281271.1286070.1286165.1294748.174918551
247031303;174918584;1286239;689643975;70;0;0;2025-09-29;2025-09-29;2079-06-06;1;1281271.1289720.1292195.1286239.174918584
247031290;174918571;1281110;689643957;70;0;0;2025-09-29;2025-09-29;2079-06-06;1;1281271.1282164.1283590.1281110.174918571
247031292;174918573;1281110;689643959;70;0;0;2025-09-29;2025-09-29;2079-06-06;1;1281271.1282164.1283590.1281110.174918573
247031307;174918588;1286239;689643979;70;0;0;2025-09-29;2025-09-29;2079-06-06;1;1281271.1289720.1292195.1286239.174918588
247032665;174919938;1294548;689646036;70;0;0;2025-09-29;2025-09-29;2079-06-06;1;1281271.1294741.1293549.1294548.174919938
247032667;174919940;1294548;689646038;70;0;0;2025-09-29;2025-09-29;2079-06-06;1;1281271.1294741.1293549.1294548.174919940
247032670;174919943;1293837;689646041;70;0;0;2025-09-29;2025-09-29;2079-06-06;1;1281271.1294741.1293549.1293837.174919943
247034975;174922107;1285767;689649571;70;0;0;2025-09-29;2025-09-29;2079-06-06;1;1281271.1281284.1285767.174922107
247035082;174922213;1287743;689649746;70;0;0;2025-09-29;2025-09-29;2079-06-06;1;1281271.1281284.1290191.1287743.174922213
247035101;174922232;1285613;689649771;70;0;0;2025-09-29;2025-09-29;2079-06-06;1;1281271.1294741.1286921.1285613.174922232
247035168;174922297;1293918;689649879;70;0;0;2025-09-29;2025-09-29;2079-06-06;1;1281271.1294741.1286921.1293918.174922297
247037411;174924535;1296437;689653146;70;0;0;2025-09-29;2025-09-29;2079-06-06;1;1281271.1294741.1286599.1296437.174924535
247041275;174928384;174894537;689664167;70;0;0;2025-09-29;2025-09-29;2079-06-06;1;1281271.1294741.1284016.174894537.174928384
247041385;174928493;1285984;689664405;70;0;0;2025-09-29;2025-09-29;2079-06-06;1;1281271.1286070.1287996.1285984.174928493
247041386;174928494;1285984;689664407;70;0;0;2025-09-29;2025-09-29;2079-06-06;1;1281271.1286070.1287996.1285984.174928494
247041408;174928516;1291036;689664528;70;0;0;2025-09-29;2025-09-29;2079-06-06;1;1281271.1294741.1291036.174928516
247041518;174928566;1284318;689665366;70;0;0;2025-09-29;2025-09-29;2079-06-06;1;1281271.1294741.1297123.1284318.174928566
247042109;174928794;1326873;689666133;70;0;0;2025-09-29;2025-09-29;2079-06-06;1;1281271.1294741.1295330.1326873.174928794
247042327;174929010;1294185;689666527;70;0;0;2025-09-29;2025-09-29;2079-06-06;1;1281271.1294741.1296124.1294185.174929010
247042448;174929131;1294936;689666991;70;0;0;2025-09-29;2025-09-29;2079-06-06;1;1281271.1294741.1296124.1294936.174929131
247043432;174930112;1323838;689668814;70;0;0;2025-09-29;2025-09-29;2079-06-06;1;1281271.1316522.1316956.1323838.174930112
247043461;174930140;1287357;689668879;70;0;0;2025-09-29;2025-09-29;2079-06-06;1;1281271.1316522.1316956.1287357.174930140
247043485;174930164;1283761;689668914;70;0;0;2025-09-29;2025-09-29;2079-06-06;1;1281271.1316522.1316956.1283761.174930164
247043515;174930194;1283761;689668959;70;0;0;2025-09-29;2025-09-29;2079-06-06;1;1281271.1316522.1316956.1283761.174930194
247043558;174930223;1283761;689669024;70;0;0;2025-09-29;2025-09-29;2079-06-06;1;1281271.1316522.1316956.1283761.174930223
247043577;174930242;1283761;689669057;70;0;0;2025-09-29;2025-09-29;2079-06-06;1;1281271.1316522.1316956.1283761.174930242
247043849;174930500;1283761;689669759;70;0;0;2025-09-29;2025-09-29;2079-06-06;1;1281271.1316522.1316956.1283761.174930500
247043871;174930522;1283761;689669801;70;0;0;2025-09-29;2025-09-29;2079-06-06;1;1281271.1316522.1316956.1283761.174930522
247043916;174930566;1283761;689669866;70;0;0;2025-09-29;2025-09-29;2079-06-06;1;1281271.1316522.1316956.1283761.174930566
247043959;174930608;1283761;689669929;70;0;0;2025-09-29;2025-09-29;2079-06-06;1;1281271.1316522.1316956.1283761.174930608
247043981;174930630;1283761;689669968;70;0;0;2025-09-29;2025-09-29;2079-06-06;1;1281271.1316522.1316956.1283761.174930630
247044008;174930656;1283761;689670008;70;0;0;2025-09-29;2025-09-29;2079-06-06;1;1281271.1316522.1316956.1283761.174930656
247044062;174930709;1283761;689670097;70;0;0;2025-09-29;2025-09-29;2079-06-06;1;1281271.1316522.1316956.1283761.174930709
247044113;174930758;1283761;689670172;70;0;0;2025-09-29;2025-09-29;2079-06-06;1;1281271.1316522.1316956.1283761.174930758
247044134;174930779;1283761;689670210;70;0;0;2025-09-29;2025-09-29;2079-06-06;1;1281271.1316522.1316956.1283761.174930779
247044164;174930808;1283761;689670265;70;0;0;2025-09-29;2025-09-29;2079-06-06;1;1281271.1316522.1316956.1283761.174930808
247044206;174930850;1283761;689670335;70;0;0;2025-09-29;2025-09-29;2079-06-06;1;1281271.1316522.1316956.1283761.174930850
247044973;174931611;1283761;689671685;70;0;0;2025-09-29;2025-09-29;2079-06-06;1;1281271.1316522.1316956.1283761.174931611
247045216;174931847;1283761;689672390;70;0;0;2025-09-29;2025-09-29;2079-06-06;1;1281271.1316522.1316956.1283761.174931847
247045495;174932126;1283761;689672730;70;0;0;2025-09-29;2025-09-29;2079-06-06;1;1281271.1316522.1316956.1283761.174932126
247045527;174932158;1279855;689672777;70;0;0;2025-09-29;2025-09-29;2079-06-06;1;1281271.1281618.1279855.174932158
247046725;174933354;1289941;689674729;70;0;0;2025-09-29;2025-09-29;2079-06-06;1;1281271.1289720.1292195.1289941.174933354
247046808;174933436;1289941;689674924;70;0;0;2025-09-29;2025-09-29;2079-06-06;1;1281271.1289720.1292195.1289941.174933436
247046823;174933450;1289941;689674943;70;0;0;2025-09-29;2025-09-29;2079-06-06;1;1281271.1289720.1292195.1289941.174933450
247046863;174933490;1289941;689674994;70;0;0;2025-09-29;2025-09-29;2079-06-06;1;1281271.1289720.1292195.1289941.174933490
247046884;174933510;1289941;689675026;70;0;0;2025-09-29;2025-09-29;2079-06-06;1;1281271.1289720.1292195.1289941.174933510
247046907;174933533;1289941;689675059;70;0;0;2025-09-29;2025-09-29;2079-06-06;1;1281271.1289720.1292195.1289941.174933533
247046965;174933590;1289941;689675146;70;0;0;2025-09-29;2025-09-29;2079-06-06;1;1281271.1289720.1292195.1289941.174933590
247047035;174933660;1282965;689675249;70;0;0;2025-09-29;2025-09-29;2079-06-06;1;1281271.1289720.1292195.1282965.174933660
247047054;174933679;1282965;689675274;70;0;0;2025-09-29;2025-09-29;2079-06-06;1;1281271.1289720.1292195.1282965.174933679
247047075;174933700;1282965;689675308;70;0;0;2025-09-29;2025-09-29;2079-06-06;1;1281271.1289720.1292195.1282965.174933700
247047102;174933727;1282965;689675339;70;0;0;2025-09-29;2025-09-29;2079-06-06;1;1281271.1289720.1292195.1282965.174933727
247047126;174933751;1282965;689675372;70;0;0;2025-09-29;2025-09-29;2079-06-06;1;1281271.1289720.1292195.1282965.174933751
247047161;174933786;1282965;689675437;70;0;0;2025-09-29;2025-09-29;2079-06-06;1;1281271.1289720.1292195.1282965.174933786
247047180;174933803;1282965;689675471;70;0;0;2025-09-29;2025-09-29;2079-06-06;1;1281271.1289720.1292195.1282965.174933803
247047196;174933819;1282965;689675507;70;0;0;2025-09-29;2025-09-29;2079-06-06;1;1281271.1289720.1292195.1282965.174933819
247047203;174933826;1282965;689675517;70;0;0;2025-09-29;2025-09-29;2079-06-06;1;1281271.1289720.1292195.1282965.174933826
247047214;174933837;1282965;689675532;70;0;0;2025-09-29;2025-09-29;2079-06-06;1;1281271.1289720.1292195.1282965.174933837
247047281;174933904;1282965;689675652;70;0;0;2025-09-29;2025-09-29;2079-06-06;1;1281271.1289720.1292195.1282965.174933904
247047293;174933912;1282965;689675671;70;0;0;2025-09-29;2025-09-29;2079-06-06;1;1281271.1289720.1292195.1282965.174933912
247047294;174933913;1283761;689675672;70;0;0;2025-09-29;2025-09-29;2079-06-06;1;1281271.1316522.1316956.1283761.174933913
247047314;174933933;1282965;689675708;70;0;0;2025-09-29;2025-09-29;2079-06-06;1;1281271.1289720.1292195.1282965.174933933
247047328;174933947;1282965;689675734;70;0;0;2025-09-29;2025-09-29;2079-06-06;1;1281271.1289720.1292195.1282965.174933947
247047339;174933958;1282965;689675751;70;0;0;2025-09-29;2025-09-29;2079-06-06;1;1281271.1289720.1292195.1282965.174933958
247048482;174935082;1282965;689678965;70;0;0;2025-09-29;2025-09-29;2079-06-06;1;1281271.1289720.1292195.1282965.174935082
247048488;174935088;1282965;689678978;70;0;0;2025-09-29;2025-09-29;2079-06-06;1;1281271.1289720.1292195.1282965.174935088
247048520;174935119;1282965;689679034;70;0;0;2025-09-29;2025-09-29;2079-06-06;1;1281271.1289720.1292195.1282965.174935119
247048537;174935136;1282965;689679062;70;0;0;2025-09-29;2025-09-29;2079-06-06;1;1281271.1289720.1292195.1282965.174935136
247048548;174935147;1282965;689679088;70;0;0;2025-09-29;2025-09-29;2079-06-06;1;1281271.1289720.1292195.1282965.174935147
247048563;174935162;1282965;689679110;70;0;0;2025-09-29;2025-09-29;2079-06-06;1;1281271.1289720.1292195.1282965.174935162
247048687;174935285;1285283;689679301;70;0;0;2025-09-29;2025-09-29;2079-06-06;1;1281271.1294741.1288827.1285283.174935285
247059482;174945774;1281441;689702393;70;0;0;2025-09-30;2025-09-30;2079-06-06;1;1281271.1281552.1281441.174945774
247060503;174946790;1284979;689704301;70;0;0;2025-09-30;2025-09-30;2079-06-06;1;1281271.1281618.1284979.174946790
247060587;174946874;1284073;689704444;70;0;0;2025-09-30;2025-09-30;2079-06-06;1;1281271.1289720.1290863.1284073.174946874
247060813;174947099;1285643;689704831;70;0;0;2025-09-30;2025-09-30;2079-06-06;1;1281271.1289720.1290863.1285643.174947099
247060815;174947101;1327159;689704847;70;0;0;2025-09-30;2025-09-30;2079-06-06;1;1281271.1289720.1292464.1327159.174947101
247060831;174947117;1322998;689704896;70;0;0;2025-09-30;2025-09-30;2079-06-06;1;1281271.1294741.1293006.1322998.174947117
247060833;174947119;1322998;689704898;70;0;0;2025-09-30;2025-09-30;2079-06-06;1;1281271.1294741.1293006.1322998.174947119
247060835;174947121;1322998;689704900;70;0;0;2025-09-30;2025-09-30;2079-06-06;1;1281271.1294741.1293006.1322998.174947121
247060837;174947123;1322998;689704902;70;0;0;2025-09-30;2025-09-30;2079-06-06;1;1281271.1294741.1293006.1322998.174947123
247060839;174947125;1322998;689704904;70;0;0;2025-09-30;2025-09-30;2079-06-06;1;1281271.1294741.1293006.1322998.174947125
247060860;174947146;1296437;689704933;70;0;0;2025-09-30;2025-09-30;2079-06-06;1;1281271.1294741.1286599.1296437.174947146
247061196;174947479;174531527;689705637;70;0;0;2025-09-30;2025-09-30;2079-06-06;1;1281271.1294741.1287713.174531527.174947479
247061761;174948030;167193387;689706471;70;0;0;2025-09-30;2025-09-30;2079-06-06;1;1281271.1282614.1328916.167193387.174948030
247061785;174948054;1282965;689706509;70;0;0;2025-09-30;2025-09-30;2079-06-06;1;1281271.1289720.1292195.1282965.174948054
247061782;174948051;99669182;689706504;70;0;0;2025-09-30;2025-09-30;2079-06-06;1;1281271.1294741.1288727.99669182.174948051
247061811;174948079;81068216;689706544;70;0;0;2025-09-30;2025-09-30;2079-06-06;1;1281271.1281284.1277208.81068216.174948079
247061825;174948093;1282965;689706561;70;0;0;2025-09-30;2025-09-30;2079-06-06;1;1281271.1289720.1292195.1282965.174948093
247061834;174948101;1282965;689706572;70;0;0;2025-09-30;2025-09-30;2079-06-06;1;1281271.1289720.1292195.1282965.174948101
247061857;174948124;1288374;689706601;70;0;0;2025-09-30;2025-09-30;2079-06-06;1;1281271.1281284.1288374.174948124
247061865;174948132;1282965;689706611;70;0;0;2025-09-30;2025-09-30;2079-06-06;1;1281271.1289720.1292195.1282965.174948132
247061868;174948135;1282965;689706615;70;0;0;2025-09-30;2025-09-30;2079-06-06;1;1281271.1289720.1292195.1282965.174948135
247061903;174948168;1282965;689706662;70;0;0;2025-09-30;2025-09-30;2079-06-06;1;1281271.1289720.1292195.1282965.174948168
247062180;174948444;1282965;689707194;70;0;0;2025-09-30;2025-09-30;2079-06-06;1;1281271.1289720.1292195.1282965.174948444
247062185;174948449;1282965;689707203;70;0;0;2025-09-30;2025-09-30;2079-06-06;1;1281271.1289720.1292195.1282965.174948449
247062228;174948492;1282965;689707275;70;0;0;2025-09-30;2025-09-30;2079-06-06;1;1281271.1289720.1292195.1282965.174948492
247062237;174948501;1282965;689707287;70;0;0;2025-09-30;2025-09-30;2079-06-06;1;1281271.1289720.1292195.1282965.174948501
247062241;174948505;1282965;689707291;70;0;0;2025-09-30;2025-09-30;2079-06-06;1;1281271.1289720.1292195.1282965.174948505
247062274;174948538;1290002;689707329;70;0;0;2025-09-30;2025-09-30;2079-06-06;1;1281271.1332438.1286319.1290002.174948538
247062277;174948541;1282965;689707336;70;0;0;2025-09-30;2025-09-30;2079-06-06;1;1281271.1289720.1292195.1282965.174948541
247062352;174948614;1282965;689707447;70;0;0;2025-09-30;2025-09-30;2079-06-06;1;1281271.1289720.1292195.1282965.174948614
247062357;174948619;1328201;689707453;70;0;0;2025-09-30;2025-09-30;2079-06-06;1;1281271.1316522.1316956.1328201.174948619
247062363;174948625;1282965;689707463;70;0;0;2025-09-30;2025-09-30;2079-06-06;1;1281271.1289720.1292195.1282965.174948625
247062369;174948631;1285577;689707482;70;0;0;2025-09-30;2025-09-30;2079-06-06;1;1281271.1281284.1277224.1285577.174948631
247062371;174948633;1285577;689707484;70;0;0;2025-09-30;2025-09-30;2079-06-06;1;1281271.1281284.1277224.1285577.174948633
247062373;174948635;1285577;689707486;70;0;0;2025-09-30;2025-09-30;2079-06-06;1;1281271.1281284.1277224.1285577.174948635
247062374;174948636;1285577;689707487;70;0;0;2025-09-30;2025-09-30;2079-06-06;1;1281271.1281284.1277224.1285577.174948636
247062376;174948638;1285577;689707489;70;0;0;2025-09-30;2025-09-30;2079-06-06;1;1281271.1281284.1277224.1285577.174948638
247062378;174948640;1285577;689707491;70;0;0;2025-09-30;2025-09-30;2079-06-06;1;1281271.1281284.1277224.1285577.174948640
247062380;174948642;1285577;689707493;70;0;0;2025-09-30;2025-09-30;2079-06-06;1;1281271.1281284.1277224.1285577.174948642
247062382;174948644;1285577;689707495;70;0;0;2025-09-30;2025-09-30;2079-06-06;1;1281271.1281284.1277224.1285577.174948644
247062384;174948646;1285577;689707497;70;0;0;2025-09-30;2025-09-30;2079-06-06;1;1281271.1281284.1277224.1285577.174948646
247062386;174948648;1285577;689707499;70;0;0;2025-09-30;2025-09-30;2079-06-06;1;1281271.1281284.1277224.1285577.174948648
247062388;174948650;1285577;689707501;70;0;0;2025-09-30;2025-09-30;2079-06-06;1;1281271.1281284.1277224.1285577.174948650
247062390;174948652;1285577;689707503;70;0;0;2025-09-30;2025-09-30;2079-06-06;1;1281271.1281284.1277224.1285577.174948652
247062392;174948654;1285577;689707505;70;0;0;2025-09-30;2025-09-30;2079-06-06;1;1281271.1281284.1277224.1285577.174948654
247062394;174948656;1285577;689707507;70;0;0;2025-09-30;2025-09-30;2079-06-06;1;1281271.1281284.1277224.1285577.174948656
247062396;174948658;1285577;689707509;70;0;0;2025-09-30;2025-09-30;2079-06-06;1;1281271.1281284.1277224.1285577.174948658
247062398;174948660;1285577;689707511;70;0;0;2025-09-30;2025-09-30;2079-06-06;1;1281271.1281284.1277224.1285577.174948660
247062408;174948670;1292284;689707530;70;0;0;2025-09-30;2025-09-30;2079-06-06;1;1281271.1289783.1289923.1292284.174948670
247062477;174948739;1278427;689707605;70;0;0;2025-09-30;2025-09-30;2079-06-06;1;1281271.1281284.1278427.174948739
247062506;174948766;1288455;689707658;70;0;0;2025-09-30;2025-09-30;2079-06-06;1;1281271.1281284.1277224.1288455.174948766
247062508;174948768;1288455;689707660;70;0;0;2025-09-30;2025-09-30;2079-06-06;1;1281271.1281284.1277224.1288455.174948768
247062510;174948770;1288455;689707662;70;0;0;2025-09-30;2025-09-30;2079-06-06;1;1281271.1281284.1277224.1288455.174948770
247062512;174948772;1288455;689707664;70;0;0;2025-09-30;2025-09-30;2079-06-06;1;1281271.1281284.1277224.1288455.174948772
247062514;174948774;1288455;689707666;70;0;0;2025-09-30;2025-09-30;2079-06-06;1;1281271.1281284.1277224.1288455.174948774
247062516;174948776;1288455;689707668;70;0;0;2025-09-30;2025-09-30;2079-06-06;1;1281271.1281284.1277224.1288455.174948776
247062518;174948778;1288455;689707670;70;0;0;2025-09-30;2025-09-30;2079-06-06;1;1281271.1281284.1277224.1288455.174948778
247062520;174948780;1288455;689707672;70;0;0;2025-09-30;2025-09-30;2079-06-06;1;1281271.1281284.1277224.1288455.174948780
247062522;174948782;1288455;689707674;70;0;0;2025-09-30;2025-09-30;2079-06-06;1;1281271.1281284.1277224.1288455.174948782
247062524;174948784;1288455;689707676;70;0;0;2025-09-30;2025-09-30;2079-06-06;1;1281271.1281284.1277224.1288455.174948784
247062526;174948786;1288455;689707678;70;0;0;2025-09-30;2025-09-30;2079-06-06;1;1281271.1281284.1277224.1288455.174948786
247062528;174948788;1288455;689707680;70;0;0;2025-09-30;2025-09-30;2079-06-06;1;1281271.1281284.1277224.1288455.174948788
247062530;174948790;1288455;689707682;70;0;0;2025-09-30;2025-09-30;2079-06-06;1;1281271.1281284.1277224.1288455.174948790
247062532;174948792;1288455;689707684;70;0;0;2025-09-30;2025-09-30;2079-06-06;1;1281271.1281284.1277224.1288455.174948792
247062534;174948794;1288455;689707686;70;0;0;2025-09-30;2025-09-30;2079-06-06;1;1281271.1281284.1277224.1288455.174948794
247062536;174948796;1288455;689707688;70;0;0;2025-09-30;2025-09-30;2079-06-06;1;1281271.1281284.1277224.1288455.174948796
247062538;174948798;1288455;689707690;70;0;0;2025-09-30;2025-09-30;2079-06-06;1;1281271.1281284.1277224.1288455.174948798
247062540;174948800;1288455;689707692;70;0;0;2025-09-30;2025-09-30;2079-06-06;1;1281271.1281284.1277224.1288455.174948800
247062542;174948802;1288455;689707694;70;0;0;2025-09-30;2025-09-30;2079-06-06;1;1281271.1281284.1277224.1288455.174948802
247062544;174948804;1288455;689707696;70;0;0;2025-09-30;2025-09-30;2079-06-06;1;1281271.1281284.1277224.1288455.174948804
247062546;174948806;1288455;689707698;70;0;0;2025-09-30;2025-09-30;2079-06-06;1;1281271.1281284.1277224.1288455.174948806
247062548;174948808;1288455;689707700;70;0;0;2025-09-30;2025-09-30;2079-06-06;1;1281271.1281284.1277224.1288455.174948808
247062550;174948810;1288455;689707702;70;0;0;2025-09-30;2025-09-30;2079-06-06;1;1281271.1281284.1277224.1288455.174948810
247062552;174948812;1288455;689707704;70;0;0;2025-09-30;2025-09-30;2079-06-06;1;1281271.1281284.1277224.1288455.174948812
247062554;174948814;1288455;689707706;70;0;0;2025-09-30;2025-09-30;2079-06-06;1;1281271.1281284.1277224.1288455.174948814
247062556;174948816;1288455;689707708;70;0;0;2025-09-30;2025-09-30;2079-06-06;1;1281271.1281284.1277224.1288455.174948816
247062558;174948818;1288455;689707710;70;0;0;2025-09-30;2025-09-30;2079-06-06;1;1281271.1281284.1277224.1288455.174948818
247062560;174948820;1288455;689707712;70;0;0;2025-09-30;2025-09-30;2079-06-06;1;1281271.1281284.1277224.1288455.174948820
247062873;174949125;1281047;689708386;70;0;0;2025-09-30;2025-09-30;2079-06-06;1;1281271.1316522.1316956.1281047.174949125
247062915;174949167;1289476;689708463;70;0;0;2025-09-30;2025-09-30;2079-06-06;1;1281271.1294741.1284610.1289476.174949167
247062922;174949174;1288864;689708485;70;0;0;2025-09-30;2025-09-30;2079-06-06;1;1281271.1294741.1287077.1288864.174949174
247062991;174949241;1285743;689708718;70;0;0;2025-09-30;2025-09-30;2079-06-06;1;1281271.1281284.1285743.174949241
247062994;174949244;1281278;689708734;70;0;0;2025-09-30;2025-09-30;2079-06-06;1;1281271.1281284.1279884.1281278.174949244
247064924;174951144;1291065;689711971;70;0;0;2025-09-30;2025-09-30;2079-06-06;1;1281271.1281284.1288797.1291065.174951144
247065009;174951229;1292696;689712086;70;0;0;2025-09-30;2025-09-30;2079-06-06;1;1281271.1294741.1284610.1292696.174951229
247065018;174951238;1291384;689712099;70;0;0;2025-09-30;2025-09-30;2079-06-06;1;1281271.1294741.1294762.1291384.174951238
247065029;174951249;1284278;689712112;70;0;0;2025-09-30;2025-09-30;2079-06-06;1;1281271.1294741.1295662.1284278.174951249
247065132;174951352;1292124;689712247;70;0;0;2025-09-30;2025-09-30;2079-06-06;1;1281271.1294741.1294562.1292124.174951352
247065135;174951355;1325037;689712256;70;0;0;2025-09-30;2025-09-30;2079-06-06;1;1281271.1294741.1291672.1325037.174951355
247066173;174952387;1296507;689717276;70;0;0;2025-09-30;2025-09-30;2079-06-06;1;1281271.1294741.1296507.174952387
247066221;174952435;172216562;689717335;70;0;0;2025-09-30;2025-09-30;2079-06-06;1;1281271.1294741.1284610.162687219.172216562.174952435
247067417;174953627;169017719;689720206;70;0;0;2025-09-30;2025-09-30;2079-06-06;1;1281271.1294741.1288029.169017719.174953627
247067436;174953646;172216562;689720255;70;0;0;2025-09-30;2025-09-30;2079-06-06;1;1281271.1294741.1284610.162687219.172216562.174953646
247067438;174953648;172216562;689720257;70;0;0;2025-09-30;2025-09-30;2079-06-06;1;1281271.1294741.1284610.162687219.172216562.174953648
247067440;174953650;172216562;689720259;70;0;0;2025-09-30;2025-09-30;2079-06-06;1;1281271.1294741.1284610.162687219.172216562.174953650
247067442;174953652;172216562;689720261;70;0;0;2025-09-30;2025-09-30;2079-06-06;1;1281271.1294741.1284610.162687219.172216562.174953652
247067541;174953751;1277946;689720366;70;0;0;2025-09-30;2025-09-30;2079-06-06;1;1281271.1281284.1288797.1277946.174953751
247067610;174953820;47571438;689720456;70;0;0;2025-09-30;2025-09-30;2079-06-06;1;1281271.1281284.1281547.47571438.174953820
247067612;174953822;47571438;689720458;70;0;0;2025-09-30;2025-09-30;2079-06-06;1;1281271.1281284.1281547.47571438.174953822
247067614;174953824;47571438;689720460;70;0;0;2025-09-30;2025-09-30;2079-06-06;1;1281271.1281284.1281547.47571438.174953824
247067616;174953826;47571438;689720462;70;0;0;2025-09-30;2025-09-30;2079-06-06;1;1281271.1281284.1281547.47571438.174953826
247067618;174953828;47571438;689720464;70;0;0;2025-09-30;2025-09-30;2079-06-06;1;1281271.1281284.1281547.47571438.174953828
247067620;174953830;47571438;689720466;70;0;0;2025-09-30;2025-09-30;2079-06-06;1;1281271.1281284.1281547.47571438.174953830
247067622;174953832;47571438;689720468;70;0;0;2025-09-30;2025-09-30;2079-06-06;1;1281271.1281284.1281547.47571438.174953832
247067624;174953834;47571438;689720470;70;0;0;2025-09-30;2025-09-30;2079-06-06;1;1281271.1281284.1281547.47571438.174953834
247067634;174953844;47568607;689720486;70;0;0;2025-09-30;2025-09-30;2079-06-06;1;1281271.1281284.1281547.47568607.174953844
247067636;174953846;47568607;689720488;70;0;0;2025-09-30;2025-09-30;2079-06-06;1;1281271.1281284.1281547.47568607.174953846
247067638;174953848;47568607;689720490;70;0;0;2025-09-30;2025-09-30;2079-06-06;1;1281271.1281284.1281547.47568607.174953848
247067640;174953850;47568607;689720492;70;0;0;2025-09-30;2025-09-30;2079-06-06;1;1281271.1281284.1281547.47568607.174953850
122774472;104534021;1279336;283244129;70;0;0;2025-09-30;2022-05-23;2079-06-06;0;1281271.1281284.1279336.104534021
69709662;29060904;1290633;44636849;70;0;0;2025-09-30;1900-01-01;2079-06-06;0;1281271.1281284.1290633.29060904
68301331;2110685;1287260;5013516;70;0;0;2025-09-30;1900-01-01;2079-06-06;0;1281271.1281284.1287260.2110685
65943704;28826743;1277981;44297427;70;0;0;2025-09-30;1900-01-01;2079-06-06;0;1281271.1281284.1277981.28826743
65991801;19033027;1279453;29880689;70;0;0;2025-09-30;1900-01-01;2079-06-06;0;1281271.1281284.1279453.19033027
65990522;18950825;1279453;29755824;70;0;0;2025-09-30;1900-01-01;2079-06-06;0;1281271.1281284.1279453.18950825
64894022;38246369;1276562;57988231;70;0;0;2025-09-30;2016-12-12;2079-06-06;0;1281271.1281284.1276562.38246369
247074046;174959407;165381658;689734003;70;0;0;2025-09-30;2025-09-30;2079-06-06;1;1281271.1289783.165282413.165381658.174959407
247074338;174959596;1291010;689734376;70;0;0;2025-09-30;2025-09-30;2079-06-06;1;1281271.1282785.1283610.1291010.174959596
247074367;174959624;1291010;689734424;70;0;0;2025-09-30;2025-09-30;2079-06-06;1;1281271.1282785.1283610.1291010.174959624
247074420;174959674;1291010;689734511;70;0;0;2025-09-30;2025-09-30;2079-06-06;1;1281271.1282785.1283610.1291010.174959674
247074471;174959721;1291010;689734609;70;0;0;2025-09-30;2025-09-30;2079-06-06;1;1281271.1282785.1283610.1291010.174959721
247074498;174959747;1291010;689734651;70;0;0;2025-09-30;2025-09-30;2079-06-06;1;1281271.1282785.1283610.1291010.174959747
247074519;174959768;1291010;689734686;70;0;0;2025-09-30;2025-09-30;2079-06-06;1;1281271.1282785.1283610.1291010.174959768
247074548;174959797;1291010;689734731;70;0;0;2025-09-30;2025-09-30;2079-06-06;1;1281271.1282785.1283610.1291010.174959797
247074685;174959932;1291010;689734938;70;0;0;2025-09-30;2025-09-30;2079-06-06;1;1281271.1282785.1283610.1291010.174959932
247074734;174959978;1291010;689735006;70;0;0;2025-09-30;2025-09-30;2079-06-06;1;1281271.1282785.1283610.1291010.174959978
247074802;174960044;1291010;689735109;70;0;0;2025-09-30;2025-09-30;2079-06-06;1;1281271.1282785.1283610.1291010.174960044
247074837;174960078;1291010;689735177;70;0;0;2025-09-30;2025-09-30;2079-06-06;1;1281271.1282785.1283610.1291010.174960078
247074857;174960098;1289826;689735206;70;0;0;2025-09-30;2025-09-30;2079-06-06;1;1281271.1294741.1293549.1289826.174960098
247074923;174960163;1291010;689735290;70;0;0;2025-09-30;2025-09-30;2079-06-06;1;1281271.1282785.1283610.1291010.174960163
247074958;174960198;1291010;689735341;70;0;0;2025-09-30;2025-09-30;2079-06-06;1;1281271.1282785.1283610.1291010.174960198
247074998;174960238;1291982;689735398;70;0;0;2025-09-30;2025-09-30;2079-06-06;1;1281271.1294741.1293549.1291982.174960238
247075031;174960271;1291010;689735450;70;0;0;2025-09-30;2025-09-30;2079-06-06;1;1281271.1282785.1283610.1291010.174960271
247075068;174960307;1291010;689735578;70;0;0;2025-09-30;2025-09-30;2079-06-06;1;1281271.1282785.1283610.1291010.174960307
247075619;174960846;1285286;689737130;70;0;0;2025-09-30;2025-09-30;2079-06-06;1;1281271.1294741.1283894.1285286.174960846
247075711;174960935;1291010;689737274;70;0;0;2025-09-30;2025-09-30;2079-06-06;1;1281271.1282785.1283610.1291010.174960935
247075781;174960999;1291010;689737398;70;0;0;2025-09-30;2025-09-30;2079-06-06;1;1281271.1282785.1283610.1291010.174960999
247075889;174961104;1283295;689737571;70;0;0;2025-09-30;2025-09-30;2079-06-06;1;1281271.1294741.1283295.174961104
247075980;174961186;1291010;689737713;70;0;0;2025-09-30;2025-09-30;2079-06-06;1;1281271.1282785.1283610.1291010.174961186
247076009;174961211;1291010;689737808;70;0;0;2025-09-30;2025-09-30;2079-06-06;1;1281271.1282785.1283610.1291010.174961211
247076099;174961298;1285266;689737952;70;0;0;2025-09-30;2025-09-30;2079-06-06;1;1281271.1294741.1283894.1285266.174961298
247076178;174961369;1287176;689738147;70;0;0;2025-09-30;2025-09-30;2079-06-06;1;1281271.1294741.1296124.1287176.174961369
247076750;174961938;1283295;689739180;70;0;0;2025-09-30;2025-09-30;2079-06-06;1;1281271.1294741.1283295.174961938
247076819;174962006;163300847;689739364;70;0;0;2025-09-30;2025-09-30;2079-06-06;1;1281271.1294741.1296124.163300847.174962006
247077431;174962609;1290729;689741177;70;0;0;2025-09-30;2025-09-30;2079-06-06;1;1281271.1294741.1290729.174962609
247078210;174963377;1291010;689742404;70;0;0;2025-09-30;2025-09-30;2079-06-06;1;1281271.1282785.1283610.1291010.174963377
247078233;174963399;1291010;689742435;70;0;0;2025-09-30;2025-09-30;2079-06-06;1;1281271.1282785.1283610.1291010.174963399
247078281;174963446;1291010;689742496;70;0;0;2025-09-30;2025-09-30;2079-06-06;1;1281271.1282785.1283610.1291010.174963446
247078339;174963504;1291010;689742565;70;0;0;2025-09-30;2025-09-30;2079-06-06;1;1281271.1282785.1283610.1291010.174963504
247078363;174963528;1291010;689742635;70;0;0;2025-09-30;2025-09-30;2079-06-06;1;1281271.1282785.1283610.1291010.174963528
247078382;174963547;1285774;689742668;70;0;0;2025-09-30;2025-09-30;2079-06-06;1;1281271.1282785.1283610.1285774.174963547
247078429;174963593;1285774;689742732;70;0;0;2025-09-30;2025-09-30;2079-06-06;1;1281271.1282785.1283610.1285774.174963593
247078445;174963608;1285774;689742764;70;0;0;2025-09-30;2025-09-30;2079-06-06;1;1281271.1282785.1283610.1285774.174963608
247078478;174963641;1285774;689742809;70;0;0;2025-09-30;2025-09-30;2079-06-06;1;1281271.1282785.1283610.1285774.174963641
247078540;174963702;1285774;689742889;70;0;0;2025-09-30;2025-09-30;2079-06-06;1;1281271.1282785.1283610.1285774.174963702
247078594;174963756;1285774;689742960;70;0;0;2025-09-30;2025-09-30;2079-06-06;1;1281271.1282785.1283610.1285774.174963756
247078620;174963781;1285774;689742999;70;0;0;2025-09-30;2025-09-30;2079-06-06;1;1281271.1282785.1283610.1285774.174963781
247078630;174963790;1285774;689743018;70;0;0;2025-09-30;2025-09-30;2079-06-06;1;1281271.1282785.1283610.1285774.174963790
247078684;174963844;1285774;689743106;70;0;0;2025-09-30;2025-09-30;2079-06-06;1;1281271.1282785.1283610.1285774.174963844
247079013;174964170;1281871;689743554;70;0;0;2025-09-30;2025-09-30;2079-06-06;1;1281271.1286009.1287910.1281871.174964170
247079028;174964185;1281871;689743594;70;0;0;2025-09-30;2025-09-30;2079-06-06;1;1281271.1286009.1287910.1281871.174964185
247079037;174964194;1281871;689743606;70;0;0;2025-09-30;2025-09-30;2079-06-06;1;1281271.1286009.1287910.1281871.174964194
247087116;174971823;1284979;689779697;70;0;0;2025-10-01;2025-10-01;2079-06-06;1;1281271.1281618.1284979.174971823
247087394;174972101;1292284;689780597;70;0;0;2025-10-01;2025-10-01;2079-06-06;1;1281271.1289783.1289923.1292284.174972101
247087398;174972105;172457138;689780614;70;0;0;2025-10-01;2025-10-01;2079-06-06;1;1281271.1289783.1289923.1292722.172457138.174972105
247087835;174972541;1285950;689781613;70;0;0;2025-10-01;2025-10-01;2079-06-06;1;1281271.1294741.1284764.1285950.174972541
247088100;174972806;1288559;689782358;70;0;0;2025-10-01;2025-10-01;2079-06-06;1;1281271.1289783.1293759.1288559.174972806
247088198;174972904;1282953;689782526;70;0;0;2025-10-01;2025-10-01;2079-06-06;1;1281271.1281284.1282953.174972904
247088202;174972908;1318743;689782532;70;0;0;2025-10-01;2025-10-01;2079-06-06;1;1281271.1281284.1318743.174972908
247088208;174972914;1288455;689782542;70;0;0;2025-10-01;2025-10-01;2079-06-06;1;1281271.1281284.1277224.1288455.174972914
247088211;174972917;1279906;689782549;70;0;0;2025-10-01;2025-10-01;2079-06-06;1;1281271.1281284.1279906.174972917
247088531;174973236;1278537;689783449;70;0;0;2025-10-01;2025-10-01;2079-06-06;1;1281271.1281284.1293917.1278537.174973236
247088571;174973276;1318664;689783573;70;0;0;2025-10-01;2025-10-01;2079-06-06;1;1281271.1289720.1292195.1318664.174973276
247088574;174973279;1280944;689783576;70;0;0;2025-10-01;2025-10-01;2079-06-06;1;1281271.1281284.1280944.174973279
247089910;174974613;1318664;689785542;70;0;0;2025-10-01;2025-10-01;2079-06-06;1;1281271.1289720.1292195.1318664.174974613
247089909;174974612;1318664;689785541;70;0;0;2025-10-01;2025-10-01;2079-06-06;1;1281271.1289720.1292195.1318664.174974612
247090009;174974712;1318664;689785726;70;0;0;2025-10-01;2025-10-01;2079-06-06;1;1281271.1289720.1292195.1318664.174974712
247090013;174974716;1318664;689785735;70;0;0;2025-10-01;2025-10-01;2079-06-06;1;1281271.1289720.1292195.1318664.174974716
247090019;174974722;1318664;689785749;70;0;0;2025-10-01;2025-10-01;2079-06-06;1;1281271.1289720.1292195.1318664.174974722
247090037;174974740;1318664;689785801;70;0;0;2025-10-01;2025-10-01;2079-06-06;1;1281271.1289720.1292195.1318664.174974740
247090042;174974745;1318664;689785807;70;0;0;2025-10-01;2025-10-01;2079-06-06;1;1281271.1289720.1292195.1318664.174974745
247090362;174975038;1318664;689786985;70;0;0;2025-10-01;2025-10-01;2079-06-06;1;1281271.1289720.1292195.1318664.174975038
247090364;174975040;1318664;689786987;70;0;0;2025-10-01;2025-10-01;2079-06-06;1;1281271.1289720.1292195.1318664.174975040
247090366;174975042;1318664;689787009;70;0;0;2025-10-01;2025-10-01;2079-06-06;1;1281271.1289720.1292195.1318664.174975042
247091768;174976422;1318664;689789994;70;0;0;2025-10-01;2025-10-01;2079-06-06;1;1281271.1289720.1292195.1318664.174976422
247091766;174976420;1318664;689789991;70;0;0;2025-10-01;2025-10-01;2079-06-06;1;1281271.1289720.1292195.1318664.174976420
247091769;174976423;1318664;689789997;70;0;0;2025-10-01;2025-10-01;2079-06-06;1;1281271.1289720.1292195.1318664.174976423
247091779;174976433;1318664;689790027;70;0;0;2025-10-01;2025-10-01;2079-06-06;1;1281271.1289720.1292195.1318664.174976433
247091776;174976430;1318664;689790021;70;0;0;2025-10-01;2025-10-01;2079-06-06;1;1281271.1289720.1292195.1318664.174976430
247091780;174976434;1318664;689790030;70;0;0;2025-10-01;2025-10-01;2079-06-06;1;1281271.1289720.1292195.1318664.174976434
247091884;174976538;1318664;689790164;70;0;0;2025-10-01;2025-10-01;2079-06-06;1;1281271.1289720.1292195.1318664.174976538
247091903;174976557;1281786;689790207;70;0;0;2025-10-01;2025-10-01;2079-06-06;1;1281271.1289720.1292195.1281786.174976557
247091910;174976564;1281786;689790219;70;0;0;2025-10-01;2025-10-01;2079-06-06;1;1281271.1289720.1292195.1281786.174976564
247091919;174976573;1281786;689790234;70;0;0;2025-10-01;2025-10-01;2079-06-06;1;1281271.1289720.1292195.1281786.174976573
247091916;174976570;1281786;689790229;70;0;0;2025-10-01;2025-10-01;2079-06-06;1;1281271.1289720.1292195.1281786.174976570
247091922;174976576;1281786;689790239;70;0;0;2025-10-01;2025-10-01;2079-06-06;1;1281271.1289720.1292195.1281786.174976576
247091924;174976578;1281786;689790244;70;0;0;2025-10-01;2025-10-01;2079-06-06;1;1281271.1289720.1292195.1281786.174976578
247091929;174976583;1281786;689790298;70;0;0;2025-10-01;2025-10-01;2079-06-06;1;1281271.1289720.1292195.1281786.174976583
247091935;174976589;1281786;689790315;70;0;0;2025-10-01;2025-10-01;2079-06-06;1;1281271.1289720.1292195.1281786.174976589
247093728;174978377;1283221;689793065;70;0;0;2025-10-01;2025-10-01;2079-06-06;1;1281271.1282785.1283610.1283221.174978377
247093751;174978400;1283221;689793097;70;0;0;2025-10-01;2025-10-01;2079-06-06;1;1281271.1282785.1283610.1283221.174978400
247093780;174978429;1283221;689793128;70;0;0;2025-10-01;2025-10-01;2079-06-06;1;1281271.1282785.1283610.1283221.174978429
247093863;174978511;1281786;689793233;70;0;0;2025-10-01;2025-10-01;2079-06-06;1;1281271.1289720.1292195.1281786.174978511
247093860;174978508;1281786;689793230;70;0;0;2025-10-01;2025-10-01;2079-06-06;1;1281271.1289720.1292195.1281786.174978508
247093869;174978517;1281786;689793239;70;0;0;2025-10-01;2025-10-01;2079-06-06;1;1281271.1289720.1292195.1281786.174978517
247093873;174978521;1281786;689793246;70;0;0;2025-10-01;2025-10-01;2079-06-06;1;1281271.1289720.1292195.1281786.174978521
247093988;174978636;1291782;689793433;70;0;0;2025-10-01;2025-10-01;2079-06-06;1;1281271.1294741.1284874.1291782.174978636
247094183;174978830;1282163;689793807;70;0;0;2025-10-01;2025-10-01;2079-06-06;1;1281271.1289720.1290706.1282163.174978830
247094181;174978828;1295160;689793804;70;0;0;2025-10-01;2025-10-01;2079-06-06;1;1281271.1332438.1286555.1295160.174978828
247094245;174978892;38747801;689793876;70;0;0;2025-10-01;2025-10-01;2079-06-06;1;1281271.1289720.1290706.1282163.38747801.174978892
247095121;174979720;174972917;689795557;70;0;0;2025-10-01;2025-10-01;2079-06-06;1;1281271.1281284.1279906.174972917.174979720
247095123;174979722;174972917;689795559;70;0;0;2025-10-01;2025-10-01;2079-06-06;1;1281271.1281284.1279906.174972917.174979722
247095135;174979734;1286485;689795582;70;0;0;2025-10-01;2025-10-01;2079-06-06;1;1281271.1281284.1277224.1286485.174979734
247095137;174979736;1286485;689795584;70;0;0;2025-10-01;2025-10-01;2079-06-06;1;1281271.1281284.1277224.1286485.174979736
247095139;174979738;1286485;689795586;70;0;0;2025-10-01;2025-10-01;2079-06-06;1;1281271.1281284.1277224.1286485.174979738
247095141;174979740;1286485;689795588;70;0;0;2025-10-01;2025-10-01;2079-06-06;1;1281271.1281284.1277224.1286485.174979740
247095143;174979742;1286485;689795590;70;0;0;2025-10-01;2025-10-01;2079-06-06;1;1281271.1281284.1277224.1286485.174979742
247095188;174979787;1287139;689795668;70;0;0;2025-10-01;2025-10-01;2079-06-06;1;1281271.1281284.1277224.1287139.174979787
247095190;174979789;1287139;689795670;70;0;0;2025-10-01;2025-10-01;2079-06-06;1;1281271.1281284.1277224.1287139.174979789
247095192;174979791;1287139;689795672;70;0;0;2025-10-01;2025-10-01;2079-06-06;1;1281271.1281284.1277224.1287139.174979791
247095194;174979793;1287139;689795674;70;0;0;2025-10-01;2025-10-01;2079-06-06;1;1281271.1281284.1277224.1287139.174979793
247095196;174979795;1287139;689795676;70;0;0;2025-10-01;2025-10-01;2079-06-06;1;1281271.1281284.1277224.1287139.174979795
247095198;174979797;1287139;689795678;70;0;0;2025-10-01;2025-10-01;2079-06-06;1;1281271.1281284.1277224.1287139.174979797
247095200;174979799;1287139;689795680;70;0;0;2025-10-01;2025-10-01;2079-06-06;1;1281271.1281284.1277224.1287139.174979799
247095202;174979801;1287139;689795682;70;0;0;2025-10-01;2025-10-01;2079-06-06;1;1281271.1281284.1277224.1287139.174979801
247095204;174979803;1287139;689795684;70;0;0;2025-10-01;2025-10-01;2079-06-06;1;1281271.1281284.1277224.1287139.174979803
247095206;174979805;1287139;689795686;70;0;0;2025-10-01;2025-10-01;2079-06-06;1;1281271.1281284.1277224.1287139.174979805
247095208;174979807;1287139;689795688;70;0;0;2025-10-01;2025-10-01;2079-06-06;1;1281271.1281284.1277224.1287139.174979807
247095210;174979809;1287139;689795690;70;0;0;2025-10-01;2025-10-01;2079-06-06;1;1281271.1281284.1277224.1287139.174979809
247095212;174979811;1287139;689795692;70;0;0;2025-10-01;2025-10-01;2079-06-06;1;1281271.1281284.1277224.1287139.174979811
247095245;174979844;1283221;689795762;70;0;0;2025-10-01;2025-10-01;2079-06-06;1;1281271.1282785.1283610.1283221.174979844
247095259;174979858;100587572;689795785;70;0;0;2025-10-01;2025-10-01;2079-06-06;1;1281271.1294741.1290112.100587572.174979858
247096381;174980959;1283221;689798517;70;0;0;2025-10-01;2025-10-01;2079-06-06;1;1281271.1282785.1283610.1283221.174980959
247096386;174980964;1283221;689798528;70;0;0;2025-10-01;2025-10-01;2079-06-06;1;1281271.1282785.1283610.1283221.174980964
247096389;174980967;1283221;689798535;70;0;0;2025-10-01;2025-10-01;2079-06-06;1;1281271.1282785.1283610.1283221.174980967
64773088;73132252;1282268;108892671;70;0;0;2025-10-01;1900-01-01;2079-06-06;0;1281271.1279827.1279964.1282268.73132252
247098082;174982626;1291573;689801701;70;0;0;2025-10-01;2025-10-01;2079-06-06;1;1281271.1294741.1291573.174982626
247098182;174982725;105614079;689801846;70;0;0;2025-10-01;2025-10-01;2079-06-06;1;1281271.1294741.1299126.105614079.174982725
247098208;174982750;1295332;689802052;70;0;0;2025-10-01;2025-10-01;2079-06-06;1;1281271.1294741.1295332.174982750
247100388;174984883;1283221;689806948;70;0;0;2025-10-01;2025-10-01;2079-06-06;1;1281271.1282785.1283610.1283221.174984883
247100415;174984909;1283221;689807005;70;0;0;2025-10-01;2025-10-01;2079-06-06;1;1281271.1282785.1283610.1283221.174984909
247100427;174984921;1283221;689807031;70;0;0;2025-10-01;2025-10-01;2079-06-06;1;1281271.1282785.1283610.1283221.174984921
247100481;174984975;1283221;689807115;70;0;0;2025-10-01;2025-10-01;2079-06-06;1;1281271.1282785.1283610.1283221.174984975
247100491;174984985;1280599;689807152;70;0;0;2025-10-01;2025-10-01;2079-06-06;1;1281271.1282785.1283610.1280599.174984985
247100973;174985465;1331407;689808381;70;0;0;2025-10-01;2025-10-01;2079-06-06;1;1281271.1294741.1285887.1331407.174985465
247101210;174985700;1292139;689808800;70;0;0;2025-10-01;2025-10-01;2079-06-06;1;1281271.1294741.1297123.1292139.174985700
247101272;174985761;1322998;689808917;70;0;0;2025-10-01;2025-10-01;2079-06-06;1;1281271.1294741.1293006.1322998.174985761
