CHANGEID;OBJECTID;ADROBJECTID;OPERTYPEID;NDOCID;CHANGEDATE
689623623;44143638;16c47994-5e7f-4eb0-b29f-a2f62a81e172;20;27404097;2025-09-29
689623686;173940889;7a9c307e-eac1-40f1-a4b5-f8d06f5959bb;20;27406598;2025-09-29
689624270;174909985;02c06406-f08d-4a6a-aedc-85ffe2847bdd;10;27406698;2025-09-29
689624320;174909987;6cb78c0a-b2a8-4c61-b595-d0380cd90bc1;10;27406699;2025-09-29
689624613;174910087;21ddb7f9-9648-40a3-872d-6f5d23abb153;10;27406740;2025-09-29
689625311;28248694;bd8a206c-ee32-4837-8124-93f9cb042f75;20;27403170;2025-09-29
689625316;165935486;2feddae7-0399-4a86-9aa4-b3b8b56dafb1;20;27406596;2025-09-29
689625399;174910710;7b83ebaa-e7da-4c3d-9b13-f8559b778e95;10;27406821;2025-09-29
689626302;174910796;9a5a6f9b-0d67-4026-84ec-d90c242c475a;10;27406833;2025-09-29
689626461;40870374;231af16e-f7c1-4c25-b61a-7485d68d3035;20;27406884;2025-09-29
689626465;40867785;877654d2-21f5-493d-99cd-cc4b339d9f6f;20;27406884;2025-09-29
689626464;40867675;b36816a1-5b45-4765-85c5-aa0c7ac3d8f8;20;27406884;2025-09-29
689628085;174911271;81fc52b0-c2dc-4761-9a6b-bfb76039792f;10;27406948;2025-09-29
689628088;174911273;f9d19c63-c3a1-4e74-8cf5-51447b82bff1;10;27406951;2025-09-29
689628091;174911276;5d9ab803-b4dd-4860-aa52-b748bb5a7443;10;27406954;2025-09-29
689628110;174911286;122ba7e8-cb70-4402-8b85-5da196f25cc1;10;27406959;2025-09-29
689628111;174911287;c3d8b95c-1a27-4a23-a21d-48a1cbd4306c;10;27406960;2025-09-29
689628115;174911291;73e0c603-f139-46a1-bc27-96b9ccd00cdc;10;27406964;2025-09-29
689628118;174911294;381295ae-d9a8-4d86-88a4-23cda43600a6;10;27406967;2025-09-29
689628124;174911300;0c7f779a-edc3-43d4-a2d8-828943585279;10;27406973;2025-09-29
689628343;40869139;142d7b1a-912e-4839-b27a-ee19c6265ce6;20;27406884;2025-09-29
689628342;40879742;607769aa-6837-4e44-b91b-f96a87ce4754;20;27406884;2025-09-29
689628436;60585078;696f6a2f-4957-4787-97ee-9dc763a57d6a;20;27406596;2025-09-29
689628445;174911465;de809772-68b2-43b8-8fbe-7109e9d2aa69;10;27407029;2025-09-29
689628477;174911492;99a0faeb-2564-44fb-94c1-fadc98e6c108;10;27407041;2025-09-29
689628542;40867031;7c272db2-205e-4323-b9e3-8302dc13cc10;30;27407049;2025-09-29
689628549;174911557;eaa34916-f857-4617-9c40-1f849e490558;10;27407057;2025-09-29
689629218;173631481;11020eed-5cd3-4947-a6ef-e49d11e7bed6;20;27407130;2025-09-29
689629296;82156452;f7d11a60-4c85-416d-95f9-5dea3468cb87;20;27406596;2025-09-29
689629335;174911914;bd4de98e-abc0-4c17-b9c5-f0fbdc6d3c3a;10;27406596;2025-09-29
689629375;43823791;4d8ba93b-2e16-454f-b603-b83d17825161;20;27406596;2025-09-29
689630147;61066643;8be1b70d-9b4c-4561-bf31-63bc2daa8e99;20;27407283;2025-09-29
689630208;11341786;feb7791a-a2f3-4b5f-948d-6774de9e1626;30;27407049;2025-09-29
689630226;61262322;7c253d29-f652-438e-a8b2-d9040797a2fc;30;27407049;2025-09-29
689630231;174912217;d374b704-0c3a-454e-9ff8-38df0fe95399;10;27407288;2025-09-29
689630332;174151081;f52c2529-485d-4135-bc88-392e2a7fd0df;20;27407292;2025-09-29
689630342;9401986;202531e5-f5c5-4c7b-8185-321dd6743e7a;20;27407296;2025-09-29
689630347;57076936;634db1b1-5681-4892-bf0b-d9c3824b74d3;20;27407296;2025-09-29
689630355;57253476;1f5ef27b-ddda-4ebd-9f78-eaf6e8c5e015;20;27407297;2025-09-29
689630356;15080622;19e1f593-18b6-480d-b9b5-f6d2fdb74c4d;20;27407295;2025-09-29
689630362;50628932;40c885ae-1cfa-43c3-9d6c-54ccf2c91be6;20;27407295;2025-09-29
689630397;59711439;f03e699d-4fb5-45de-8709-06ed3bb5ea77;20;27407297;2025-09-29
689630453;174912351;6afa1c04-923c-4ec5-a521-ed7072c9cf2e;10;27407314;2025-09-29
689630455;174912353;9dab7616-9169-43a6-9de3-7010b7ce08fa;10;27407314;2025-09-29
689630457;174912355;a37b112c-3f85-4e9a-88e3-717885ae0d83;10;27407314;2025-09-29
689630459;174912357;d43552e7-210d-4d2b-91fb-adf1da3a2651;10;27407314;2025-09-29
689630461;174912359;5aa5b4c2-da56-467e-9155-7ffa082f23e1;10;27407314;2025-09-29
689630463;174912361;57c98416-aada-4adb-880d-dc6ceef520bb;10;27407314;2025-09-29
689630465;174912363;d71c13f2-189e-412e-b084-2396b5f7031a;10;27407314;2025-09-29
689630467;174912365;341c4407-7cfe-4ca8-a8cc-51ad4f2be9a5;10;27407314;2025-09-29
689630469;174912367;f29afaee-3775-4804-900b-921c2f8121cf;10;27407314;2025-09-29
689630471;174912369;a9492b7c-9ac2-4387-aa68-800cef60826a;10;27407314;2025-09-29
689630473;174912371;8392a3af-2d39-49a9-bc97-b7df857f02ef;10;27407314;2025-09-29
689630523;174912403;2d7a6c43-1978-41b6-9dea-7f9dc286cbc5;10;27407343;2025-09-29
689630607;174912435;4656e985-2a6f-459b-ad20-feacb216c9cb;10;27407365;2025-09-29
689630622;174912445;1af2ebd9-7a02-4579-b9e6-fc648a9f3380;10;27407375;2025-09-29
689630645;174912456;b2213dea-7df6-4fa3-9d3a-4e15db0235de;54;27407387;2025-09-29
689630647;174912457;2b6b0a71-d0b9-4e6e-942e-35d4d0fdd41a;54;27407387;2025-09-29
689630664;165985605;688443eb-e190-419c-a1cd-866a08c480b7;55;27407387;2025-09-29
689630666;16252470;b5a28bd6-4f74-460f-810b-10042f72e62c;55;27407387;2025-09-29
689630671;174912470;bcfc852d-8f58-4eb9-9988-c44a65f71d06;10;27407387;2025-09-29
689630689;174912485;dd3dfb9d-1bee-4915-9e26-85ca35d06c33;10;27407403;2025-09-29
689630691;174912487;f69f5bac-2174-4834-9ffd-f04472472eab;10;27407403;2025-09-29
689630693;174912489;239fb7af-adfa-4280-9b26-c3c2f698dceb;10;27407403;2025-09-29
689630695;174912491;181a4ea6-a2e2-4f80-bef8-a7dae0ceaca1;10;27407403;2025-09-29
689630697;174912493;9104c701-84ba-4b1d-8350-9fb543ebcb66;10;27407403;2025-09-29
689630699;174912495;294db5d7-c8c2-457d-8aaf-acfd4e6bf5c0;10;27407403;2025-09-29
689630701;174912497;dce154cd-7e7e-4cda-9b6a-1e7c5f5d8b57;10;27407403;2025-09-29
689630703;174912499;ed930729-70c9-4a8a-92e7-9268e2a2a685;10;27407403;2025-09-29
689630705;174912501;5a367aa1-06ea-4a54-901a-c2626f26cf1b;10;27407403;2025-09-29
689630707;174912503;15a63b29-2605-41ee-951f-d77906c581cb;10;27407403;2025-09-29
689630709;174912505;289962f7-ab10-4da9-b45c-d6be398c4f78;10;27407403;2025-09-29
689630711;174912507;6edef495-a112-4c9a-b6d1-c7e6bcf14358;10;27407403;2025-09-29
689630713;174912509;27641c44-1af4-4370-85db-38ec15da9f2e;10;27407403;2025-09-29
689630715;174912511;52a07f01-76c9-494d-89a1-b4b6a60ba0d3;10;27407403;2025-09-29
689630717;174912513;7550f61c-bb51-4a44-af50-9e2d75800571;10;27407403;2025-09-29
689630719;174912515;6cc8fc55-1d19-4678-ad2c-0e4d9d31a008;10;27407403;2025-09-29
689630721;174912517;b9ef5d17-57ec-4d3f-9bed-298db4212350;10;27407403;2025-09-29
689630723;174912519;f63c935a-5180-4154-bb03-1aeff3d0c688;10;27407403;2025-09-29
689631388;174912681;aea7ec36-6cc2-4423-b1fe-2a827691fc9e;10;27407295;2025-09-29
689631402;174912686;e247bee6-188b-4c1c-92e2-caac2d3b60f2;10;27407314;2025-09-29
689631404;174912688;0bebdf55-cb96-49be-8673-c08daba099dd;10;27407314;2025-09-29
689631406;174912690;11188462-318c-418c-b5de-8640c1f61ad9;10;27407314;2025-09-29
689631408;174912692;bea76274-4f9c-4650-974a-119fb39977a5;10;27407314;2025-09-29
689631410;174912694;040fe6a8-53e2-45b4-be8b-ec3d98eaeec1;10;27407314;2025-09-29
689631412;174912696;f46f652a-46d6-46b5-b670-60e15915922f;10;27407314;2025-09-29
689631414;174912698;0c1e03d5-e7de-48d8-afa9-876a32204ee7;10;27407314;2025-09-29
689631416;174912700;593bd921-d88c-4953-8c15-d46c6f15e8e3;10;27407314;2025-09-29
689631418;174912702;51262329-07e4-4bfd-92b0-40f820bba154;10;27407314;2025-09-29
689631420;174912704;c69715a4-7f95-4a81-8903-b778a1dad3d0;10;27407314;2025-09-29
689631422;174912706;a6a52648-2e1a-48a2-819e-c87d9d9897fd;10;27407314;2025-09-29
689631426;44121760;4685952d-c901-4cb6-9cdc-76f1e4ec08f5;20;27407297;2025-09-29
689631498;174912753;cdf46660-2c88-47cc-8f07-d3213785f342;10;27407558;2025-09-29
689631578;174912755;9876ff2d-15fb-4fc5-ba43-a8c9d79c23e5;10;27407560;2025-09-29
689631590;174912761;80498f98-f331-4c64-a388-756cfc5cca0d;10;27407566;2025-09-29
689631643;85382404;8d4da24d-899f-4789-bcc0-458581c5425b;24;27407574;2025-09-29
689631645;86004254;3d6900fb-7c72-4ed4-9dfb-67d301caac13;24;27407574;2025-09-29
689631647;86005094;dfd00346-a6b3-4fef-b707-a6aafa869372;24;27407574;2025-09-29
689631649;86601728;5de32265-fca1-4594-9c68-92f1d6b1ccbc;24;27407574;2025-09-29
689631651;87085414;48254346-c57b-4fea-9a76-cbcda574c656;24;27407574;2025-09-29
689631653;87557378;50aa1f8e-2750-4f88-ad71-763f3b91c8ef;24;27407574;2025-09-29
689631655;87592965;f87d27ee-ff10-4f80-afbc-28c6bdfd3de1;24;27407574;2025-09-29
689631657;88408297;aa46cc33-0fdd-4793-bca3-6719c67bcabc;24;27407574;2025-09-29
689631659;88411869;115067c4-67e5-4475-a0d0-98a5dc8f05d8;24;27407574;2025-09-29
689631690;54045804;ada4d8e9-eeb8-45c2-9997-7ba499591a0c;20;27407413;2025-09-29
689631725;174912860;b63b34a7-bc48-4eed-965a-cc9a637acf09;10;27407590;2025-09-29
689631727;174912862;50ecc17b-e011-4fbf-b045-e490c3447669;10;27407590;2025-09-29
689631729;174912864;ccdac7ad-f67e-4573-921a-42e63da60533;10;27407590;2025-09-29
689631731;174912866;7543bbc3-1e5a-4bd3-91a4-69a08cf90af5;10;27407590;2025-09-29
689631733;174912868;7901b814-cf4f-443b-8989-c97e2b2a8d1b;10;27407590;2025-09-29
689631735;174912870;b6a2c52a-9ae7-4c9c-ae50-67474ee53a05;10;27407590;2025-09-29
689631737;174912872;b7ed5054-bb18-4480-bddb-8ce0fd63f266;10;27407590;2025-09-29
689631739;174912874;5c2cab0d-3899-4ad6-8e6a-cdde81225feb;10;27407590;2025-09-29
689631741;174912876;70f3dcc0-6eae-48ac-b472-7d9db3a23318;10;27407590;2025-09-29
689631743;174912878;5bfa8003-3119-4e40-bdd1-bb72059465f5;10;27407590;2025-09-29
689631745;174912880;ae2117ed-8b83-4e3a-bc53-5e6af15022a2;10;27407590;2025-09-29
689631747;174912882;b43a5adc-9d6d-4e27-9651-5d0aff828477;10;27407590;2025-09-29
689631749;174912884;398b2202-ec1c-4aa8-8cb8-c15c2cf4bff4;10;27407590;2025-09-29
689631751;174912886;8e48d384-44f1-4d37-8e07-5e5fce9493e2;10;27407590;2025-09-29
689631753;174912888;e3c6dd73-6155-4241-a49d-6542982fcbb9;10;27407590;2025-09-29
689631755;174912890;fd6d1648-7b95-4712-8b0c-0dd1adf58e9a;10;27407590;2025-09-29
689631757;174912892;d666a143-9911-416b-8b56-2de15544ffef;10;27407590;2025-09-29
689631759;174912894;86bb35f8-ad1f-454d-8617-d0da07e6ba4e;10;27407590;2025-09-29
689631801;174912930;588af9f9-2a49-4128-b74a-c77a7250eb22;10;27407611;2025-09-29
689631898;174913016;7d221654-875a-4121-91c0-2942d5379913;10;27407652;2025-09-29
689631917;174336416;53054c39-05e7-4ae5-8fb2-f5689dc37bbe;20;27407665;2025-09-29
689631922;174913034;1f4a649f-6c01-49e2-a46f-4320dad1270d;10;27407652;2025-09-29
689631930;174349377;6d936de1-a2e8-41a0-9bba-cd32a0a19bba;20;27407665;2025-09-29
689632999;12601403;6da55423-dc6a-4ecc-8c90-8146569825a5;20;27407854;2025-09-29
689633055;174913273;87052c12-e67c-4f2d-8610-94d761da495b;10;27407858;2025-09-29
689633057;174913275;4e9f3bdd-bfac-44f4-aa8f-45edbba748fa;10;27407858;2025-09-29
689633059;174913277;7cd7a4d1-400a-40d2-a65e-f50e1f88f270;10;27407858;2025-09-29
689633041;174913262;3f983511-e7c6-4ece-95f9-2bea54346f81;10;27407858;2025-09-29
689633043;174913264;6f97d180-c49c-441b-86ee-86b8be0e2219;10;27407858;2025-09-29
689633045;174913266;8bc865f5-cb26-4e8d-bb56-61c3630a31e0;10;27407858;2025-09-29
689633047;174913268;83030599-b205-45ec-ba19-06fe8c000d42;10;27407858;2025-09-29
689633085;174913291;bfdad939-0675-4d93-aa82-9f0eb89224c9;10;27407652;2025-09-29
689633061;174913279;990bea0c-e478-4560-a57f-7663de9cdee7;10;27407858;2025-09-29
689633063;174913281;f11424fd-40ad-4f8b-a7ba-12c1adf254ea;10;27407858;2025-09-29
689633065;174913283;17a16cf0-156a-498b-a2c5-a4ec54321040;10;27407858;2025-09-29
689633067;174913285;d1ba488c-87e7-4bbd-b8e9-61dff76a6dcc;10;27407858;2025-09-29
689633069;174913287;190389d5-8477-4efd-961a-f0617591aec3;10;27407858;2025-09-29
689633073;174913289;04f11a5b-056d-4e7b-b8b5-1b0ba41f5be6;10;27407862;2025-09-29
689633088;174913292;544eabdf-d195-452a-91f0-07391a509aaa;10;27407652;2025-09-29
689633221;37492011;a3b19477-7a3a-403f-afa3-040e1dfc9f8f;20;27407913;2025-09-29
689633271;84060675;51d55626-d702-4c7b-a6cb-d045ed0265e6;20;27407942;2025-09-29
689633270;79417289;c3bf2bd9-e5b2-40cd-8a6b-94d0c17afc5d;20;27407913;2025-09-29
689633310;43019946;d2e711ec-21ad-41e9-b4e6-4ad14424a226;20;27407942;2025-09-29
689634947;174914138;4a01169c-c86c-494d-9352-7f6ca2858c53;10;27408290;2025-09-29
689634949;174914140;88258730-e7d9-43e4-87bc-d84994281790;10;27408290;2025-09-29
689634951;174914142;17677c4a-f691-46b6-8f91-8d5d26acb981;10;27408290;2025-09-29
689634953;174914144;b5fb3478-beb2-47e6-bd74-2ba72d9ef83e;10;27408290;2025-09-29
689634955;174914146;7995c609-0501-4750-8fa4-e35d420d2cf0;10;27408290;2025-09-29
689634957;174914148;033bf428-4c74-4a5b-861a-d217709c2b0e;10;27408290;2025-09-29
689634959;174914150;29583c97-dcef-4c43-903a-d5f7d64bfd8c;10;27408290;2025-09-29
689634961;174914152;eeccef48-2341-4557-87cb-d65404242e68;10;27408290;2025-09-29
689634963;174914154;4f19d781-7d5c-4304-bab5-46f1f29e8662;10;27408290;2025-09-29
689634965;174914156;ac930e06-7d78-4f10-a35a-2ebf4503023f;10;27408290;2025-09-29
689634967;174914158;3cad0743-5642-4ea1-9ca6-050c6e513570;10;27408290;2025-09-29
689634969;174914160;4a9a06c0-6f89-4710-97fd-3ff810e84998;10;27408290;2025-09-29
689634971;174914162;ca7bcb5a-aeff-47e7-b331-f5dc915dbdfb;10;27408290;2025-09-29
689634973;174914164;e601af78-2bde-437c-84b8-27e46b707040;10;27408290;2025-09-29
689635215;77801260;a124769e-5da3-4cca-8aa0-a463c08b6a7f;20;27408406;2025-09-29
689635276;173203223;fe2be919-4eab-4415-9380-704e7e221329;20;27408428;2025-09-29
689635279;174914353;f13bd75d-32dc-43d9-aa76-84ec60c39441;10;27407652;2025-09-29
689635283;174914355;0f67c86d-6137-4b72-9ab6-3cbdb4fceb2f;10;27407652;2025-09-29
689635298;174914367;ca82ad5a-b3d2-4a22-a777-b4e162bb9ee4;10;27407652;2025-09-29
689635316;174914375;69850bce-9731-47a7-9b2f-68a29cc766eb;10;27407652;2025-09-29
689635324;174914382;9f101232-83b4-410e-9730-b87c31820a5d;10;27407652;2025-09-29
689635327;174914383;dee513de-803e-45d1-8109-7fe88022df35;10;27407652;2025-09-29
689636901;174915148;42d8a485-a4af-406a-8b52-d179a322b898;10;27408698;2025-09-29
689636903;174915150;1a77952d-d9b2-41ad-910c-caf44c02c916;10;27408698;2025-09-29
689636905;174915152;83099c97-7c75-450e-bfa3-53a20fe93508;10;27408698;2025-09-29
689636907;174915154;9881968c-4667-41a2-903d-056ac66720e4;10;27408698;2025-09-29
689636909;174915156;d722493c-889f-468c-826b-bd26717e7077;10;27408698;2025-09-29
689636911;174915158;562b83bb-c0c8-4032-872b-8f379e66bd0e;10;27408698;2025-09-29
689636913;174915160;3798d265-a4d2-4c18-a31d-8b4809d1b215;10;27408698;2025-09-29
689636915;174915162;bfff2068-e403-4fdd-96c0-1a8d36935220;10;27408698;2025-09-29
689636917;174915164;4dcf884a-740b-438e-a73c-60715c91b201;10;27408698;2025-09-29
689636919;174915166;e7ba2aaf-75c6-4a30-ae2e-0ed35a4eab2a;10;27408698;2025-09-29
689636921;174915168;423b55c3-23ff-4833-ae9a-482ec5dd86e4;10;27408698;2025-09-29
689636923;174915170;6854a4a5-3292-479c-b256-795fd6c37703;10;27408698;2025-09-29
689636925;174915172;5188fa1a-b5ee-4b86-a962-21400a6c3f10;10;27408698;2025-09-29
689636932;43863378;d247397a-aeab-4774-a633-d5ee8dd2c6d2;20;27407913;2025-09-29
689636940;174915184;57b66d78-db0d-409d-a653-20e3cfb18ac9;10;27408705;2025-09-29
689636929;174915176;e0bfbe89-d3e3-4743-9d77-8b82c8d78792;10;27407913;2025-09-29
689636955;174915192;6fb5d8c1-b1c6-4df4-b883-39f5a8b94a16;10;27408708;2025-09-29
689636976;174915201;872301ce-66de-40c4-9e94-7360f23716ad;10;27408713;2025-09-29
689637261;174915306;64c3e2bd-1e4e-4131-bb72-82f040a884b8;10;27407652;2025-09-29
689637285;78929935;a9f2ba23-0c3f-419c-91d0-b06b9e0f243b;20;27408792;2025-09-29
689643888;174918519;c1c99009-52fe-4a89-be38-7ca5b07600d8;10;27409862;2025-09-29
689643890;174918521;d8dd3cd1-abda-4a5b-9fc9-a2ac688d4d96;10;27409862;2025-09-29
689643892;174918523;95ee3923-09fe-4bf8-8d69-e55ac61d029a;10;27409862;2025-09-29
689643911;174918541;1e99c1a9-44a6-4b3c-b813-2d77d3ecc67a;10;27409862;2025-09-29
689643913;174918543;67ebd56e-73ef-425f-b481-d46c3e9e7996;10;27409862;2025-09-29
689643915;174918545;672fe3ed-5b66-4397-9b8d-f84c09b53573;10;27409862;2025-09-29
689643895;174918526;9fcc502e-7406-4d79-9ba7-2648688c2156;10;27409862;2025-09-29
689643897;174918528;505af002-e2b4-4e93-9226-6c11f769cfee;10;27409862;2025-09-29
689643899;174918530;2d63aafe-6e43-451d-90ac-b1dd91abc3a7;10;27409862;2025-09-29
689643901;174918532;4ee844ef-b202-462f-95bd-c19dcd992bd6;10;27409862;2025-09-29
689643903;174918534;3e857ece-25ef-42fe-8078-a31192a97126;10;27409862;2025-09-29
689643908;174918538;fda23e94-83b3-4967-86c3-328c703e18aa;10;27407652;2025-09-29
689643916;174918546;32bb641a-780c-4fea-93f2-d0aed27ccd80;10;27409862;2025-09-29
689643918;174918548;ec36a659-ac74-498f-973c-d82f71ac0b83;10;27409862;2025-09-29
689643920;174918550;7ee16d62-233e-4ea8-b715-5ff1a8a85a02;10;27409862;2025-09-29
689643929;174918556;48935135-a0dd-4e06-8911-aa8527ee85c5;10;27407546;2025-09-29
689643957;174918571;9a08f74e-59e2-4fa5-ac28-ee785044fcd0;61;27409887;2025-09-29
689643959;174918573;6117b297-a508-43b5-a952-05cd676b8c87;61;27409887;2025-09-29
689643975;174918584;be3ef3e6-46c6-4fc8-8e58-dc84ec61189a;10;27407652;2025-09-29
689644187;174918723;07bfe913-2b23-479b-b1a6-3f3065984729;10;27410015;2025-09-29
689670366;12587790;9ffec3e8-633c-4b24-a16f-cc1c62e1d59a;20;27412642;2025-09-29
689645992;79187269;c494fd94-ae83-427e-9aef-58334896034a;20;27408406;2025-09-29
689646037;174919939;01f2f38c-5a0a-41a3-bdc5-afe42a3d9829;10;27410296;2025-09-29
689646040;174919942;2bf7a0d7-b1e3-4b98-8257-5a4bb7e58f7b;10;27410298;2025-09-29
689646053;174919955;b183cb1c-30b3-4335-b06d-a7bd1779cb93;10;27410301;2025-09-29
689649571;174922107;f4a547b4-d274-4a6c-a406-66dab409f0e6;10;27410928;2025-09-29
689649746;174922213;02779bb5-3cea-4250-ae1c-233dbc390c7f;10;27410967;2025-09-29
689649771;174922232;a1f1aa13-9e16-4107-b6cc-e952dd46bc08;10;27410973;2025-09-29
689649879;174922297;506f754f-601f-43a8-87d9-9fbd6fd929ab;10;27411019;2025-09-29
689653120;40671681;49ac6dc3-8ef4-48cf-8b64-1182157789ab;20;27411353;2025-09-29
689653176;30482374;b1abdd08-5d2a-443c-a276-166416f828e7;20;27407913;2025-09-29
689664167;174928384;e7f75f95-3b5a-4c10-a045-14777552e418;10;27411972;2025-09-29
689664405;174928493;525e26ca-a23e-421b-92e7-95e36dd8d0c8;54;27412057;2025-09-29
689664407;174928494;cca8b4fe-de10-45f7-8731-84e68290ef7f;54;27412057;2025-09-29
689664430;30322216;aa4580ea-4d18-42fb-9378-994eed175a53;30;27412067;2025-09-29
689664629;39806393;040cbc05-6bc4-44e8-8bdc-1489604aac09;30;27412085;2025-09-29
689665779;174928595;a1fde1a9-da2f-4d12-93d8-d99cb681fcbb;10;27412133;2025-09-29
689665921;30275421;43176cd7-418d-4c97-92dc-7914f5f2b108;20;27412164;2025-09-29
689666526;174929009;aba42644-f7c3-4e2e-b71f-4585731f6a19;10;27412238;2025-09-29
689666528;174929011;862301e3-0055-46ce-adb6-f6ffb0434ca5;10;27412238;2025-09-29
689667397;30241462;7a08b449-511b-48db-879f-d60b5040cff6;20;27412373;2025-09-29
689667492;57503373;85aa9b29-911e-46c8-8755-81cdd3368cc8;20;27412399;2025-09-29
689668722;71155457;56b74672-87c7-423e-89dc-0a06412d09aa;20;27412626;2025-09-29
689668783;174930103;2de59100-e56b-47b8-9123-3fb5b1b4e1c3;10;27412644;2025-09-29
689668814;174930112;ccd24481-5821-4b44-a8b6-553509aed99f;10;27412644;2025-09-29
689668839;6271071;155c60b7-d294-4504-bd1c-3db1bca68f4d;20;27412642;2025-09-29
689668879;174930140;94454aa9-7a00-4eff-bbc5-1fe15cb61f81;10;27412644;2025-09-29
689668915;174930165;bb28dda9-74fe-4e2c-ba70-2ab564533f03;10;27412685;2025-09-29
689668959;174930194;4db39219-91c7-4f7b-b560-1c4c9875efdf;10;27412644;2025-09-29
689668988;174930210;06b1c375-c32c-49b4-9b07-168b4c28c44e;10;27412644;2025-09-29
689669026;47517281;cdb7e5cb-940b-41bd-8bc8-d5ae51379286;20;27412725;2025-09-29
689669057;174930242;fae17c5a-8cd6-49ca-90b9-cfc13eb24f4d;10;27412644;2025-09-29
689669143;27024740;fab2bce5-fbaf-4eaa-ae37-e7b581b277f9;20;27412759;2025-09-29
689669324;12369733;e906c59b-82bd-4adc-a090-8f3f2b9fed57;20;27412808;2025-09-29
689669547;37717457;d6c862a3-bce0-47ec-8c59-2cf63eab3a06;20;27412856;2025-09-29
689669636;77372300;a8814c11-3470-446d-9908-1b1722e11f25;20;27412884;2025-09-29
689669759;174930500;714256a1-5e06-4eec-a04f-6d26869414c4;10;27412644;2025-09-29
689669801;174930522;ebc5e9c7-d291-4aee-8ec7-26c38e8a0fd5;10;27412644;2025-09-29
689669866;174930566;07bc13ed-0b0e-4cff-9b8f-7d8c5060eab9;10;27412644;2025-09-29
689669897;174930584;31291334-9c73-44bb-bdc1-71aa6fcc0b3a;10;27412644;2025-09-29
689669946;174930618;8b07b652-f253-496a-b90f-4583d3b9451d;10;27412644;2025-09-29
689669985;174930640;841061f0-0557-4d78-8488-fcdf3691be5f;10;27412644;2025-09-29
689670035;174930668;c32bcc06-1629-44dc-a249-9aae242f8a1c;10;27412644;2025-09-29
689670120;174930719;22cab0a5-cfd2-4d94-8486-4f7b60cff462;10;27412644;2025-09-29
689670172;174930758;64573bef-1a8e-475c-a8c4-7f204c75dc1f;10;27412644;2025-09-29
689670190;174930770;f9de1d58-336a-4c35-baae-22001a4d13eb;10;27412644;2025-09-29
689670232;174930790;f6295dfe-0683-41af-b9c9-dd0292f1b0fa;10;27412644;2025-09-29
689670258;19462162;04d60203-be69-4506-a132-534e9d77a5b2;20;27412642;2025-09-29
689639956;40403333;fdefc39b-158e-404d-a187-a491b0334947;20;27407913;2025-09-29
689639959;174916959;00f5d98c-33c3-4e00-a7d7-15b370ac4c59;10;27409365;2025-09-29
689639961;174916961;3a4a74dd-468e-4353-9066-17ab65715e36;10;27409365;2025-09-29
689639963;174916963;80c76cfc-4f94-43d0-afaa-89f366c039d7;10;27409365;2025-09-29
689639965;174916965;a618651d-da8d-4105-bb88-38f402141d4a;10;27409365;2025-09-29
689639967;174916967;cd256678-cea7-4003-a7ca-6c78fde82684;10;27409365;2025-09-29
689639969;174916969;e1281586-976c-4a9f-b9da-e2cb68790990;10;27409365;2025-09-29
689639971;174916971;f5242a5a-77d8-457f-9dd0-45b824f6aeb0;10;27409365;2025-09-29
689639973;174916973;8ef40123-ebe8-427d-a0bd-2e7b03246682;10;27409365;2025-09-29
689639975;174916975;a0acecda-042f-406f-a7c1-3d3e505a313a;10;27409365;2025-09-29
689639977;174916977;57e6a31a-0908-4e73-b429-72f3a30a40c8;10;27409365;2025-09-29
689639979;174916979;9feded1c-6c9b-4157-825d-ed27c4e8ae68;10;27409365;2025-09-29
689639981;174916981;c44a4270-50c2-4f78-a16d-bee894cbd469;10;27409365;2025-09-29
689639983;174916983;1e291440-086a-4c3c-a056-eb9a62b5b38a;10;27409365;2025-09-29
689639985;174916985;ede3c300-36d9-477a-8c92-2f22b074e62b;10;27409365;2025-09-29
689640024;174917012;5f563b73-c483-4d68-8af2-faa4b8d2ea94;10;27407652;2025-09-29
689640032;174917017;5542e675-4d48-466e-8444-6aedefd020c5;10;27407652;2025-09-29
689640043;174917028;f46feade-f32b-45fb-a612-ef68534da350;10;27407652;2025-09-29
689640034;174917019;295eb510-ac42-4156-a737-0ba8edd70a60;10;27407652;2025-09-29
689640038;174917023;9f60fb02-e0de-4996-8d62-ed3d862d255a;10;27407652;2025-09-29
689640042;174917027;cf48061d-1260-45fb-9fbc-16f7f87643b4;10;27407652;2025-09-29
689640047;172076304;0ac5e88c-cde1-4841-8e20-a480235d085e;20;27408428;2025-09-29
689640066;174917049;3a493ff0-2164-4b1f-88dd-20b1f33d6c49;10;27407652;2025-09-29
689640084;174917060;8425f9dc-d4b2-4429-aa6d-a36ac44bd16c;10;27407652;2025-09-29
689640087;174917061;cb3d3c2b-a767-4d5a-9c86-4003807b342b;10;27407652;2025-09-29
689640108;174917067;7f991848-f756-4028-b506-f26553e9c9ff;10;27407652;2025-09-29
689640134;174917074;3f26c52c-208a-42a0-b753-240aef032968;10;27407652;2025-09-29
689640129;174917073;3828b020-d035-4190-a47d-2ce320ba0945;10;27407652;2025-09-29
689670296;174930822;48b392ab-38f9-4ec6-a297-2e4cbab59924;10;27412644;2025-09-29
689672378;174931843;0573f572-7d39-4c16-9dba-93ddbeb5dc23;10;27413352;2025-09-29
689672717;174932120;4ebb6fd6-0140-4996-9e57-785f607f12f8;10;27412644;2025-09-29
689672777;174932158;ca840509-c4bb-4583-9df1-0f060c9f001d;10;27413416;2025-09-29
689672895;72646223;35a1f8ba-f4e8-4aac-b6a9-8169424904f0;20;27412642;2025-09-29
689673099;54785802;2abb8ec7-b9b1-4e21-873b-879de359dcda;20;27412642;2025-09-29
689673165;82148032;e99ee888-9d74-4f02-9af6-88f6065b99ae;20;27412642;2025-09-29
689674729;174933354;60e950a8-47d3-4101-aebf-b5bfeffe8826;10;27413934;2025-09-29
689674897;174933427;fced735d-ec9c-4547-90f4-8fcf3dd362c6;10;27413934;2025-09-29
689674943;174933450;dd72bf99-9f3e-4559-8f46-00e862ad90e2;10;27413934;2025-09-29
689674994;174933490;b8924c08-c237-47a6-a5c4-88f2dba23e16;10;27413934;2025-09-29
689675026;174933510;00613d72-8a55-4087-8c15-3fc937c9c11f;10;27413934;2025-09-29
689675059;174933533;5c4decb9-7279-4fbc-bda1-a45c2368938b;10;27413934;2025-09-29
689675146;174933590;742ef344-0cc3-4e73-8cd7-0e1e5be78f53;10;27413934;2025-09-29
689675249;174933660;87c3d7d6-778e-43c8-b028-67485daf6b2f;10;27413934;2025-09-29
689675274;174933679;dc862e43-2a2e-42dd-9b71-c86ac6dac743;10;27413934;2025-09-29
689675308;174933700;3f2d11cf-e4b0-4a04-9615-ea922bfd66ce;10;27413934;2025-09-29
689675339;174933727;167da697-9974-4f2b-9b9d-4ffd778793bc;10;27413934;2025-09-29
689675362;174933743;1998babc-4715-450a-a730-3e19bac93670;10;27413934;2025-09-29
689675402;174364331;b509389e-1601-46bc-b17c-59eb4774348d;20;27414112;2025-09-29
689675437;174933786;92e5cfbd-4c88-49a6-83bf-bd80524c0751;10;27413934;2025-09-29
689675471;174933803;440d3076-1c25-4fe3-bbcb-c7732c50c550;10;27413934;2025-09-29
689675490;174933811;81d078f3-68a6-4d41-b554-221fdf3136ce;10;27413934;2025-09-29
689675524;174933830;3ed692af-66b5-4472-abb9-6881ffa4f409;10;27413934;2025-09-29
689675532;174933837;f84933ee-44c5-4309-9111-b7ecb2e362ef;10;27413934;2025-09-29
689675652;174933904;0c2364d7-fd8c-49a3-af4d-aa5bbfe308ec;10;27413934;2025-09-29
689675671;174933912;b1018d30-50c4-4d22-8922-78de5f3ba094;10;27413934;2025-09-29
689675672;174933913;32f84e17-8598-4678-bd3b-e143555d178b;10;27412644;2025-09-29
689675708;174933933;84981b01-68a2-4c5d-aa4a-c865724e3081;10;27413934;2025-09-29
689675734;174933947;9f57d7bd-1a99-44ce-bde3-860bb8f15d07;10;27413934;2025-09-29
689675751;174933958;d3879f91-e3bd-49be-8fc1-d6903aeecfde;10;27413934;2025-09-29
689678965;174935082;659f138b-7667-4abb-9964-4a885dea921f;10;27413934;2025-09-29
689678990;174935096;1834bf34-bc51-4fb4-be19-f99c0b719aee;10;27413934;2025-09-29
689678997;2299551;3d305bcc-b900-4b07-b907-63bbd1d78536;20;27414536;2025-09-29
689679012;57233297;c3cf748f-9eaf-4d99-8695-bf9c478eedf8;20;27414536;2025-09-29
689679034;174935119;24fd0c67-5f10-4df9-ae5d-1fc0f692c51c;10;27413934;2025-09-29
689679044;174935125;4a7e39fb-58ca-4e91-ab73-b3a0a4bb09fa;10;27413934;2025-09-29
689679062;174935136;5ec0536e-332c-4441-ac1f-86765e51dec5;10;27413934;2025-09-29
689679088;174935147;2d6b63cd-0d44-4f6d-bf52-b0d255dd2c23;10;27413934;2025-09-29
689679098;174935155;07af259e-5ed6-4ca3-9769-5c6727522d52;10;27413934;2025-09-29
689679110;174935162;911715e4-a658-40cb-bfd0-4fc779f59483;10;27413934;2025-09-29
689679130;27784159;34af988d-6d23-443b-aba9-315a27123324;20;27414536;2025-09-29
689679147;80742826;eeb4a5eb-56f6-4274-825d-94b12b100ba5;20;27414536;2025-09-29
689679171;80736139;a816092f-edce-4471-8395-b69be3401915;20;27414536;2025-09-29
689679259;80725438;e7f961ea-25c1-4ab4-9324-a33072f55448;20;27414536;2025-09-29
689679300;40132452;1ae9746a-7773-47a0-ab4b-972d24e5a936;20;27414536;2025-09-29
689679320;61151771;4c3b4448-aa72-4195-9b3e-b3968f2a728b;20;27414536;2025-09-29
689679359;97833670;c8beadbb-a2e9-451d-bea8-1190f5045700;20;27414536;2025-09-29
689679383;3094946;67da094b-2479-4f9a-86c8-ea7c418a0c1a;20;27414536;2025-09-29
689679411;55659928;91367666-ffb7-45dc-95f3-0b7afb25ff84;20;27414536;2025-09-29
689679437;16702308;515cf6cc-8835-49e6-8d60-0390b2171926;20;27414536;2025-09-29
689679465;174935362;5c2fc619-d3c1-4126-baa7-a8d0dd489f86;10;27414724;2025-09-29
689679599;64019769;ff4f174b-44ab-4dec-b856-0fbfb5224142;20;27414536;2025-09-29
689679623;27845273;9fdd17d7-8291-4be7-ab55-fb027f5327a1;20;27414536;2025-09-29
689671507;21772569;8007190d-c882-4533-8cf3-683a9e303f94;20;27412642;2025-09-29
689671685;174931611;81e88828-db13-4664-9723-625fc087c1f3;10;27412644;2025-09-29
689732427;29060904;f9dff9ca-44c7-4032-86bb-8e061838dbee;30;27423418;2025-09-30
689732504;2110685;98b16bff-893c-43df-9ace-1a0e5727aaec;30;27423418;2025-09-30
689732563;28826743;8e6be5d7-99cb-4410-abda-6336f52d20c7;30;27423418;2025-09-30
689732644;19033027;c3cdf0f0-7568-43a7-9814-6e3f6375d959;30;27423418;2025-09-30
689732742;18950825;4d005198-3ab7-49b7-906b-4ce7952903a1;30;27423418;2025-09-30
689702393;174945774;9c068b6f-14bb-46a6-a7b8-37ae4853847e;10;27418276;2025-09-30
689702394;174945775;a9ae1f51-f466-4ef1-87b5-990ee0d5b940;10;27418276;2025-09-30
689704214;71631283;fec98e9c-49c3-468c-affe-fc0bd9087ccb;20;27414536;2025-09-30
689704256;77369514;4812fb97-7896-4dab-b35a-b6c05003307d;20;27418601;2025-09-30
689704334;174471182;029cf16a-8d8a-43d9-a86f-1db26740c8db;20;27418605;2025-09-30
689704357;174489353;d933fd19-5cd7-40e0-9dd1-eef6f4f2e406;20;27418618;2025-09-30
689704366;174465383;888ee88b-2d4b-49fb-a4af-f36aa46a68e5;20;27418624;2025-09-30
689704400;174352112;032c25cb-c44c-42e3-be03-738c87e68ecf;20;27418635;2025-09-30
689704484;50101057;e22272cb-f61e-4890-9f03-bfdf0bbf73ae;20;27418651;2025-09-30
689704509;173631984;2860183f-3c72-474c-ab01-9a9c1e7f51c5;20;27418671;2025-09-30
689704831;174947099;e201b476-00b9-409f-8946-7686d021df78;10;27418651;2025-09-30
689704830;174351234;1a830e05-af43-4420-adee-2e621a8097d1;20;27418711;2025-09-30
689704838;94676311;be2b33ec-640a-4a86-90d1-5d87543e65e2;20;27418651;2025-09-30
689704895;174947116;ec24e219-f8ba-4b81-9982-51744f4f2875;10;27418722;2025-09-30
689704897;174947118;29947f64-2fd9-4896-af78-e3d28362e141;10;27418722;2025-09-30
689704899;174947120;31af68cf-fff4-4fb2-837d-8f2452a492e3;10;27418722;2025-09-30
689704901;174947122;55f4ffac-c251-48c8-95e0-efe979a2763b;10;27418722;2025-09-30
689704903;174947124;f7c603a4-155d-48e6-a876-576ada2a6281;10;27418722;2025-09-30
689704905;174947126;68a22353-6479-446d-a095-10fe02834bf9;10;27418722;2025-09-30
689705636;174947478;cc732fe5-2bbd-4435-828f-a3c517d028c6;10;27418854;2025-09-30
689705629;54859413;1a98b8ee-4592-4c55-b374-e3dc9ae3068e;20;27407913;2025-09-30
689705641;50193353;cdf0d740-3fe9-4843-b1e1-9a449075c7c2;20;27418712;2025-09-30
689705645;71438606;66dc8641-c9ad-4ca2-bed5-90c94de6af88;20;27418712;2025-09-30
689705662;174465314;c79c2962-c907-428e-9571-237c609eb148;20;27418869;2025-09-30
689705678;50275451;8ddbe23d-17b8-4b09-b657-048d5072b2f0;20;27418878;2025-09-30
689732795;38246369;d1192bff-4fde-48e2-9c8a-170907454e8b;30;27423418;2025-09-30
689706504;174948051;bbdd4675-855d-4082-91cc-7e1ef9beef53;10;27419045;2025-09-30
689706498;174948045;e474fd13-08c7-44e9-9d03-31620c6db6f7;10;27419044;2025-09-30
689706511;174948056;c0b5efb9-8b34-4cbf-b6f2-c3bd4bfca278;10;27419048;2025-09-30
689706543;174948078;0eb9c4ac-faa9-418a-a7f8-4b5994fa226f;10;27419062;2025-09-30
689706561;174948093;5c30ddbd-7f04-4d25-b6e2-29d6a4c41814;10;27413934;2025-09-30
689706572;174948101;98906968-e71d-47c3-9df3-cd251ebae162;10;27413934;2025-09-30
689706601;174948124;acb575ee-2553-4ae7-819b-178815f9f109;10;27419086;2025-09-30
689706611;174948132;0bd86d56-8ffa-447f-8d66-dc6989e2dc97;10;27413934;2025-09-30
689706617;174948136;f4ff3c61-02fd-4b39-9060-8c8da776595f;10;27413934;2025-09-30
689706662;174948168;bb8a0834-f38a-42ff-a3af-9beccc6a9921;10;27413934;2025-09-30
689707194;174948444;b5772a89-ba61-41d6-b090-6634f3bda6df;10;27413934;2025-09-30
689707203;174948449;adbc76d3-2f11-459d-8bdf-66517eff0ca5;10;27413934;2025-09-30
689707275;174948492;30d4b0c7-d071-46f7-883c-7ba01f9308b8;10;27413934;2025-09-30
689707287;174948501;6ffddc29-37c7-4c5c-96ed-e485d008b448;10;27413934;2025-09-30
689707291;174948505;8d27a420-ff3a-4cce-b817-85a7eb4625d5;10;27413934;2025-09-30
689707336;174948541;fd4889e1-a1f7-4b58-ae58-74b07634ea7d;10;27413934;2025-09-30
689707329;174948538;942cb486-e5f9-4834-984a-3a20cd45ef01;10;27419255;2025-09-30
689707400;174948591;9163f635-80a2-421e-9fd1-3c7e95333c39;10;27413934;2025-09-30
689707447;174948614;0a3790c2-bc39-4a92-91a8-260f4a4342d4;10;27413934;2025-09-30
689707455;174948620;d502b0ff-333c-4af9-a12f-5fec0c8895fc;10;27413934;2025-09-30
689707480;174948629;c0d0e0df-5323-414a-bf62-a25b0e9998c5;10;27413934;2025-09-30
689707482;174948631;f69cb420-143a-4be0-a510-838a8dc09643;10;27419290;2025-09-30
689707484;174948633;904d54f6-7681-49d7-9632-3206558b5735;10;27419290;2025-09-30
689707486;174948635;9c86e731-b533-4589-9c5e-2fda96752ca2;10;27419290;2025-09-30
689707488;174948637;766134e6-1006-452e-92ac-ca756d064ad1;10;27419290;2025-09-30
689707490;174948639;d93235f7-1317-4926-8a00-a271bea78cdc;10;27419290;2025-09-30
689707492;174948641;61694a16-fd14-4c27-bd9a-89bfe906a82f;10;27419290;2025-09-30
689707494;174948643;19c6aac8-66d7-4854-a822-b67abf1381b4;10;27419290;2025-09-30
689707496;174948645;aee74a9a-e3a2-462c-98bb-94b833533f40;10;27419290;2025-09-30
689707498;174948647;19874fde-6179-4622-8ff2-af7dc823af7e;10;27419290;2025-09-30
689707500;174948649;5854190f-3370-4ced-8b63-a93529a101d2;10;27419290;2025-09-30
689707502;174948651;0c01870f-3c5a-4ff8-8f49-ceae87d05e52;10;27419290;2025-09-30
689707504;174948653;cb1152f2-ae84-467b-b1aa-4660c9981fdd;10;27419290;2025-09-30
689707506;174948655;3ee6ce9f-d776-4691-95cb-21f339030106;10;27419290;2025-09-30
689707508;174948657;d287eb30-2c6c-45ad-ad0c-53e39a300073;10;27419290;2025-09-30
689707510;174948659;352faaae-d25b-4184-a724-b1a8db700f00;10;27419290;2025-09-30
689707512;174948661;32906a8d-9dc9-4a64-b9a6-9bd6a36bcce7;10;27419290;2025-09-30
689707527;174948668;9683e079-2350-4561-b813-241389589747;10;27419295;2025-09-30
689707605;174948739;301daba6-8835-40b9-ba2f-eb4050355587;10;27419306;2025-09-30
689707658;174948766;298aae89-e97e-482a-89e0-765e3c86d4f9;10;27419334;2025-09-30
689707660;174948768;df585903-e965-49fd-a975-f48ebdc6586c;10;27419334;2025-09-30
689707662;174948770;d4810849-14ea-47f9-89da-1bf0a30ee5e7;10;27419334;2025-09-30
689707664;174948772;fec7dd17-e14a-43c2-9ef0-c259c86194d2;10;27419334;2025-09-30
689707666;174948774;569e14f7-c8de-42bd-b4af-8b3efb3b7cec;10;27419334;2025-09-30
689707668;174948776;f2ff315c-d57a-4288-b3e0-5c360412589b;10;27419334;2025-09-30
689707670;174948778;67437345-82cd-424d-a99e-9067b65e1558;10;27419334;2025-09-30
689707672;174948780;fbc42b0b-e25c-418c-91e0-b18d30fa48c5;10;27419334;2025-09-30
689707674;174948782;eb0c4cf8-ae58-48ae-9ca0-db4b6ae69a50;10;27419334;2025-09-30
689707676;174948784;c6dee272-40c5-4ca7-a8ad-b899407909df;10;27419334;2025-09-30
689707678;174948786;d31b61f6-b488-4863-bb6e-88ea1c98e8dd;10;27419334;2025-09-30
689707680;174948788;b0e5a4ca-9dd7-4148-bb27-b777cfb73d22;10;27419334;2025-09-30
689707682;174948790;8b41ebaf-a91f-4b76-9bb8-188cd92707a5;10;27419334;2025-09-30
689707684;174948792;feee4360-969e-4ab2-ad0d-5ef0863227bb;10;27419334;2025-09-30
689707686;174948794;8c572f0c-ac2b-426f-af92-0ec9b48bdb7b;10;27419334;2025-09-30
689707688;174948796;6df061b2-19ae-472e-8a24-b5ee0e75d1b7;10;27419334;2025-09-30
689707690;174948798;51f281c7-067b-47f2-b588-1fb851c40568;10;27419334;2025-09-30
689707692;174948800;03e96cd3-1e15-49e8-aaf4-904afd1d9b1c;10;27419334;2025-09-30
689707694;174948802;9d857113-6ec2-46f0-966e-be13292bb5e9;10;27419334;2025-09-30
689707696;174948804;ddd79f3d-4f7e-4d16-a35d-d3d4eba5700a;10;27419334;2025-09-30
689707698;174948806;e54e2733-bc26-480d-8182-6195f3305c90;10;27419334;2025-09-30
689707700;174948808;aaebaa59-02d4-4d24-88e9-933eb40bcd80;10;27419334;2025-09-30
689707702;174948810;84b23010-3b60-4393-be98-0c74a304dc76;10;27419334;2025-09-30
689707704;174948812;db3753c6-12a3-4806-963c-3171d41f2eca;10;27419334;2025-09-30
689707706;174948814;c8074fdc-211e-43e5-9825-71ec61aed0a1;10;27419334;2025-09-30
689707708;174948816;1c9fbea0-bf4d-451d-b3e9-94ffe471a5bb;10;27419334;2025-09-30
689707710;174948818;5dfdb7d0-a1ee-4b9c-9609-cdbc074dc275;10;27419334;2025-09-30
689707712;174948820;0350c6fc-341e-4ab4-97dd-4d819e24f012;10;27419334;2025-09-30
689708386;174949125;f81d5ffe-dadf-43e7-8246-45348a831ca0;10;27419277;2025-09-30
689708463;174949167;9953bb39-a90c-4926-994e-5bd4914b2f67;10;27419594;2025-09-30
689708485;174949174;46915b6a-94e2-43d3-ad31-ed11268c2001;10;27419602;2025-09-30
689708611;68251122;7e1a230c-448b-4c21-81cf-37a8fb580c2f;20;27419646;2025-09-30
689708718;174949241;42dabc89-4fe7-4832-b586-b167db91e4b7;10;27419675;2025-09-30
689708734;174949244;3a6e8276-ac1b-4c25-8268-6a23228a7727;10;27419681;2025-09-30
689732894;46969768;659851b0-f337-4fe6-a628-d2ef8f63fa3c;30;27423418;2025-09-30
689712085;174951228;09e1b6e9-ffd7-4be1-bf39-20f48f5096b2;10;27420493;2025-09-30
689712087;174951230;77f71ad6-468d-40c2-ac98-0be98a4b75d6;10;27420493;2025-09-30
689712108;174951246;78426f61-3273-4dff-b3eb-7ca3a166e380;10;27420497;2025-09-30
689712232;174951342;c4cc62ed-8a44-4706-b87d-da89a6729e4f;10;27420549;2025-09-30
689712255;174951354;b5b5c40e-a0b3-4a00-9fd6-e7604d0fd2d9;10;27420568;2025-09-30
689712355;51919531;13baee75-d034-4ffb-acca-1a9741083c86;20;27420613;2025-09-30
689712493;36173905;dfe4097d-dda8-496d-83b2-95a4e784054e;20;27420695;2025-09-30
689717276;174952387;023cb50d-3c64-4177-a15f-54c1344c3163;10;27421134;2025-09-30
689717335;174952435;dd7562ce-a9b6-4c4a-a26a-0da6611e078e;10;27421159;2025-09-30
689720206;174953627;d30b7f66-7068-431f-bb22-7714bc668692;10;27421816;2025-09-30
689720255;174953646;3a5ee780-f6f7-474f-b56b-832a922f31d4;10;27421825;2025-09-30
689720257;174953648;754b7005-388f-4a05-bcf0-6f9ae60350c8;10;27421825;2025-09-30
689720259;174953650;e25cfe88-70da-4274-ade9-243771cdbcf0;10;27421825;2025-09-30
689720261;174953652;1a61788a-7fe1-4a23-ae34-6a42a89e68ec;10;27421825;2025-09-30
689720366;174953751;907f3a4e-c453-4071-a089-8a9ea468ad80;10;27421834;2025-09-30
689720393;9968592;238eaf1e-63f8-41a0-9f08-0c9b3825d933;20;27421839;2025-09-30
689720456;174953820;bb4afd7c-2afd-47d8-af33-343b28bac85c;10;27421850;2025-09-30
689720458;174953822;9c97e96c-dd55-4224-9eb4-0c19d784236b;10;27421850;2025-09-30
689720460;174953824;6174edab-9b90-4372-89e0-a63fe6488f29;10;27421850;2025-09-30
689720462;174953826;d0ea47d8-fb3a-4041-b59f-c751182fbaf0;10;27421850;2025-09-30
689720464;174953828;514d4388-50ae-4264-baa5-71e760b97058;10;27421850;2025-09-30
689720466;174953830;e8975960-3e41-4197-929d-5b5afd58df81;10;27421850;2025-09-30
689720468;174953832;0519caac-f268-4428-bfe0-c2282c86791a;10;27421850;2025-09-30
689720470;174953834;e3d33d11-a1b8-4c88-a9a4-a7f305772946;10;27421850;2025-09-30
689720486;174953844;e5871824-1239-4540-aef6-241a4028020e;10;27421850;2025-09-30
689720488;174953846;0791a7f2-5922-4c08-b166-0e40a87a63c8;10;27421850;2025-09-30
689720490;174953848;2fb417f1-8aac-4424-843f-09085c2d5f87;10;27421850;2025-09-30
689720492;174953850;c059e014-8486-4b92-b051-fa401bd41f7a;10;27421850;2025-09-30
689722861;104534020;e76abe74-ed3e-4b6a-9025-c4e0daa93e09;40;27422291;2025-09-30
689722902;5903599;833a10e9-af2f-4268-a312-6d335444643f;20;27422299;2025-09-30
689740989;174962484;85be4727-a2bc-49ce-92fb-feed69ccadb1;10;27425335;2025-09-30
689742380;174963363;40bd77f5-fd8c-4df3-bb2b-4bb6abacd16f;10;27423848;2025-09-30
689742429;174963395;643d4c0b-2240-409b-908b-03ab416c9d1b;10;27425619;2025-09-30
689742476;174963432;c6de6e45-6138-4f10-9546-9249e92c9876;10;27423848;2025-09-30
689742518;174963462;e2396c1b-d364-4ce3-a1e2-2b48773c8cfd;10;27423848;2025-09-30
689742580;174963515;42d95100-3c93-420b-81ca-7d1b54166eb7;10;27423848;2025-09-30
689742654;174963537;427de671-dfb8-44d7-8103-418f15ad6f71;10;27423848;2025-09-30
689742685;174963559;e8049a92-15ac-4e60-b8bc-6a8c80a5031e;10;27423848;2025-09-30
689742746;174963599;3cbc9421-ed8a-40d1-83f9-2544aa27a6c1;10;27423848;2025-09-30
689742791;174963630;04aa9bf4-59dd-4502-873f-361aad6b8293;10;27423848;2025-09-30
689742835;174963665;a5930af7-2ea3-4a6e-9751-b3ffcab60520;10;27423848;2025-09-30
689742874;174963693;80b41264-af39-4740-bd10-94f0e01ce1e9;10;27423848;2025-09-30
689742981;174963770;61a5c84d-54bd-4b0e-9f64-730775521303;10;27423848;2025-09-30
689743018;174963790;454f3a72-9b35-4745-b85f-4414b866cca2;10;27423848;2025-09-30
689743073;174963827;0812d9dc-4688-41c5-90ef-b83db651411a;10;27423848;2025-09-30
689743205;42263791;d6ab216e-0f9c-436b-a061-887b22ceaf58;20;27425838;2025-09-30
689743532;11349530;3e2bde95-0384-456f-91bb-ecc1ffe40b94;20;27425838;2025-09-30
689743568;174964177;4e44ff4b-9427-4383-880a-4dce2a093948;10;27425838;2025-09-30
689743606;174964194;9854f69d-7cf3-4b74-803c-4c18b092ae8b;10;27425838;2025-09-30
689744795;174964612;01753837-6378-472c-a573-b06e9c49a153;10;27425838;2025-09-30
689744835;57383524;ef4bc12d-34e3-4ade-a7a1-4c06895627e8;20;27425838;2025-09-30
689744863;57238883;2d635fda-7df5-4b39-9c53-4ed045a7e290;20;27425838;2025-09-30
689744962;57243008;12611b19-8fa2-4336-8b22-16a810a8c440;20;27425838;2025-09-30
689745113;60189350;2679be90-fb50-4d57-a136-66cdcdc17101;20;27425838;2025-09-30
689734337;174959580;88c8c8ac-5492-4f67-99ad-8c53d6fe7fd3;10;27423848;2025-09-30
689734400;174959610;29644e83-da30-4191-8ba5-3c1ac404485e;10;27423848;2025-09-30
689734465;174959648;d08bafbb-25dd-45a9-939b-3847abb6577c;10;27423848;2025-09-30
689734516;28303132;5dd332a3-31dc-47f9-87c2-2cc1c7300816;20;27423894;2025-09-30
689734609;174959721;c4ed046d-92c1-49ac-82c7-023b32bd10e3;10;27423848;2025-09-30
689734636;174959740;3effd169-5bc6-42c7-bcbd-3bceee622924;10;27423848;2025-09-30
689734655;15559942;3ebacf22-8592-4401-a4ba-4b41a6a5a30b;20;27423939;2025-09-30
689734686;174959768;d0f126fb-508f-4ad6-a986-f9e9ea16e3db;10;27423848;2025-09-30
689734731;174959797;b04063c5-7eaa-44a8-b60e-37890140a565;10;27423848;2025-09-30
689734790;174959823;0dcac791-8b8c-4490-81fb-33b17a9a91d2;10;27423848;2025-09-30
689734961;5968211;bf396630-6e85-4758-925a-58a3c694660a;20;27423993;2025-09-30
689735006;174959978;62cd2a15-7b1c-4291-a81c-44076c94cb07;10;27423848;2025-09-30
689735052;174960000;ff6a3f8c-25cd-465b-9b75-7ea3a6774045;10;27423848;2025-09-30
689735146;174960060;e0a4d01a-c669-45aa-962d-0267429966de;10;27423848;2025-09-30
689735183;36374605;0cc7a3ba-f1bf-42f7-a06f-ad519fffb78d;20;27424053;2025-09-30
689735206;174960098;fe31f2a0-a136-476b-bb00-a1a790150653;10;27424059;2025-09-30
689735290;174960163;78fd81b8-da77-4099-a2a4-2b158aeb1d19;10;27423848;2025-09-30
689735341;174960198;a819efdb-e30c-43e7-92cf-0d352ff27218;10;27423848;2025-09-30
689735398;174960238;62b53a5e-761d-4444-82c0-918206150e25;10;27424107;2025-09-30
689735450;174960271;a3adfc49-488b-438c-98f7-77eaaf18ce0e;10;27423848;2025-09-30
689735578;174960307;b177aae6-88fb-4cc5-b95b-5a23cf3c8cfc;10;27423848;2025-09-30
689735676;102728068;a222b8dd-c852-4d51-9657-23433015d3cb;20;27424179;2025-09-30
689737130;174960846;af2c836f-e693-4560-928e-1504e3f98b09;10;27424470;2025-09-30
689737274;174960935;5a341a80-df52-4e95-8b78-79677e260a7e;10;27423848;2025-09-30
689737380;26475836;6753fdca-1885-4bc3-a086-3e85b9ea63f5;20;27424521;2025-09-30
689737479;2103205;7d4aae66-8574-44f3-94ec-e4ebb7ff9a7f;20;27424536;2025-09-30
689737554;6095775;78429e6a-0ee1-4895-a6ed-00a4196e708c;20;27424566;2025-09-30
689737623;28813259;219ec75c-f6c3-4948-be51-bca0165fb888;20;27424595;2025-09-30
689737709;51564979;ac9cefa9-fbaa-4430-9ec5-4257bb9eeadd;20;27424625;2025-09-30
689737746;174961205;9c21ff1e-201f-4ffa-a143-894806e36283;10;27423848;2025-09-30
689737808;174961211;346b12e4-f072-4c44-b97c-491918c3de7b;10;27423848;2025-09-30
689737952;174961298;9ec3b976-3c04-4f91-9f29-52538fa69005;10;27424693;2025-09-30
689738147;174961369;057a58a7-93bd-47bc-83e2-a58e68d54b4a;10;27424760;2025-09-30
689739098;25698478;5de5e4c7-91af-4040-8dc0-ebea38b6de36;20;27424976;2025-09-30
689739199;174961946;90611978-604e-4f03-84e1-d2679515c601;10;27425010;2025-09-30
689798508;10634051;d97141a9-397b-49d1-93fb-8db351df80d5;20;27433420;2025-10-01
689798504;37610507;cca6b908-0cbb-4748-b270-46142408f540;20;27433420;2025-10-01
689798528;174980964;18ee1289-4bb1-4136-bb9d-cf8b8a30f545;10;27432841;2025-10-01
689798522;174980962;13f67afe-3710-46ae-96ec-757934183854;10;27432841;2025-10-01
689798538;174980968;ad6c456c-154b-41a2-b4b8-94bc7d619827;10;27432841;2025-10-01
689799301;33021418;66e34f64-4944-46f4-ad6c-47b48ee869ee;30;27433982;2025-10-01
689799395;40083694;328b8f50-c782-48b3-a81b-9cff9cf70670;30;27433982;2025-10-01
689801576;40107175;a5c73bf2-ebbe-4d6a-a823-c8b11e6deac7;20;27434339;2025-10-01
689801612;59106255;2c5e9f9b-bd9e-41d2-8b72-b0078c4c2396;20;27434339;2025-10-01
689801790;174982683;9aa7e433-3e6f-42f0-861e-1d2999557207;10;27434411;2025-10-01
689802051;174982749;7eca7bd3-6732-44f8-9b1c-b3a766f3bee7;10;27434447;2025-10-01
689803603;77395180;30c64e9c-d328-4865-86a9-fe76911712f9;20;27434339;2025-10-01
689805029;43106939;0e2a6868-3a24-4bea-8850-0674b4500b72;20;27434904;2025-10-01
689806900;28558940;f7b0e309-167d-4eb0-bda5-54b0c67872e1;20;27435200;2025-10-01
689806948;174984883;9a10ddb6-f87b-4e79-8cf3-9ee625ecd32c;10;27435203;2025-10-01
689807005;174984909;27c6f707-dd5c-4b95-861a-f96271b73e9c;10;27435203;2025-10-01
689807031;174984921;1efd9b13-fc4a-4f79-8b70-a52c53893c90;10;27435203;2025-10-01
689807115;174984975;9227b134-7846-4825-9054-8739a33d4056;10;27435203;2025-10-01
689807152;174984985;613a489b-dd8e-4ca3-98d1-51fb6975b6b0;10;27435203;2025-10-01
689779975;174971943;1de647cb-2afc-43ca-b9be-360f0f323ba1;10;27430074;2025-10-01
689780116;21108555;0df16fd8-ad3e-47ca-aafd-ef9468493b6a;20;27430095;2025-10-01
689780141;27336187;b0e40599-6483-48ed-9f19-ec530bc15782;20;27430095;2025-10-01
689780146;78942562;8f9244f2-45a4-46cb-8cd9-85eb4aaf6104;20;27430095;2025-10-01
689780592;69461210;b6a880df-2b86-4d43-8758-734f0f4572f3;20;27430095;2025-10-01
689780600;81661458;d2a2e5a3-4052-49b3-8f47-ba694ab37839;20;27430095;2025-10-01
689780595;83842650;d562f1d0-ee67-40b8-9945-d2dff403e414;20;27430095;2025-10-01
689780646;174972108;2f88321b-cfc6-4963-874a-4f0af2a2d0db;10;27430178;2025-10-01
689781613;174972541;6f2e12d5-dc72-4996-b067-527c4c39816a;10;27430377;2025-10-01
689782358;174972806;22f53994-b13a-4ac8-8bc8-45ba164c3ff1;10;27430531;2025-10-01
689782524;174972902;1d13ca3e-fb57-4acd-b573-488643a54ff1;10;27430548;2025-10-01
689782528;174972906;ba253a8a-598e-43c5-b4bf-ddd72efa9cbf;10;27430550;2025-10-01
689782532;174972908;ca2a49a7-9257-4ae2-b0eb-ffaac1be3185;10;27430554;2025-10-01
689782531;174972907;81ea9086-5636-4e0c-a6af-fa8ef00fd2ee;10;27430553;2025-10-01
689782540;82472448;36248b26-5077-4ad1-90d2-e2678cbc820a;20;27430561;2025-10-01
689782550;174972918;47d688ed-6618-4f9d-bd02-022dff8761b8;10;27430570;2025-10-01
689782551;174972919;afe1d23c-2ae9-4d5c-ab06-daa15e20e66c;10;27430571;2025-10-01
689782554;80158419;ed0c604b-fc7c-42f9-8b29-ec17c3573e39;24;27430555;2025-10-01
689782620;35252304;e7e69701-146c-4cef-a2a7-8fa97fddcbda;20;27430579;2025-10-01
689782699;2110010;9c58e5de-c305-4d04-bdb1-09d0129c84f1;20;27430612;2025-10-01
689782721;49165293;40b4ceeb-f2a7-4741-bfa8-57de4199e94e;20;27430555;2025-10-01
689782729;56940565;1b3c6b95-b992-498c-9076-48c27e0ab618;24;27430555;2025-10-01
689782734;58988778;e67415c9-f2d8-48aa-8942-9ae14286b276;20;27430555;2025-10-01
689783450;172237418;9db3ec43-bc38-41fe-9707-fd3fcf998d49;24;27430733;2025-10-01
689783452;172237420;327b2be8-dbff-4223-87dc-86ce4149c6c1;24;27430733;2025-10-01
689783459;27786233;206c3dc3-7207-421c-ae44-17ffb52f991c;20;27430555;2025-10-01
689783534;15305101;65004554-9240-4a4c-b795-fcd3358b9309;20;27430555;2025-10-01
689783540;69808118;c6c573fd-a96a-44aa-a03a-a23d54b1a40e;20;27430555;2025-10-01
689783548;64593244;f6a44404-3589-4311-b161-b591b464a4be;20;27430555;2025-10-01
689783568;15952007;9d04317b-623c-4e90-872d-d9c1990c6a81;20;27430555;2025-10-01
689783573;174973276;0b4f6aaa-fcff-4f42-a54e-cf1986a232c0;10;27430761;2025-10-01
689783822;18292716;fb5d698f-3284-4616-9b57-2e59b485dddc;20;27430841;2025-10-01
689785541;174974612;91418131-6bac-47ae-8644-38a5168ddef2;10;27430761;2025-10-01
689785534;174974611;75c7a078-f2c6-4b86-8c61-c0bf3f4a4959;10;27431076;2025-10-01
689785537;46801600;5795cce7-bd29-4d0f-9e52-3e7d4e20dbeb;24;27430555;2025-10-01
689785540;30858392;31273cf8-111e-4544-9e0d-59e10015824d;20;27430555;2025-10-01
689785544;174974615;0c7fc602-7dc0-4e31-8327-59df9563c6f3;10;27430761;2025-10-01
689785731;174974713;f4e29429-d398-424c-86d6-ee4fde4e7355;10;27430761;2025-10-01
689785739;174974718;37327eed-28f6-4097-837b-c14031d0d46c;10;27430761;2025-10-01
689785726;174974712;56c44209-739c-4857-8137-6e2099f678cd;10;27430761;2025-10-01
689785801;174974740;70bdcec1-850d-48f0-9d90-789cc88e35da;10;27430761;2025-10-01
689785793;174974737;ace28e87-cce8-4451-bd4e-56dce62b2723;10;27430761;2025-10-01
689786983;38747801;e4b2f15e-6631-4d7d-92bd-8d276c5e411e;20;27431512;2025-10-01
689787010;174975043;aff632e5-cf92-421f-90f3-d1c29dec3078;10;27430761;2025-10-01
689787007;174975041;a6eafdbf-fce4-4bad-9697-34f9ed952156;10;27430761;2025-10-01
689789989;174976418;79ef296b-f309-4d47-987a-867c10d3d07c;10;27430761;2025-10-01
689789993;174976421;01bf8d10-8f76-4df6-a28c-406917341cb1;10;27430761;2025-10-01
689789994;174976422;9c7f15e8-243b-42c5-b9b9-b7ba2b07536b;10;27430761;2025-10-01
689789997;174976423;1aabb347-674c-4182-9236-c9a06784b0d8;10;27430761;2025-10-01
689790027;174976433;949d6ba9-a4d4-4651-ac37-2663ffa3163e;10;27430761;2025-10-01
689790021;174976430;6ec87a50-0f9c-4ee1-bfd1-df69a350afa6;10;27430761;2025-10-01
689790157;174976533;5f7f5f46-2cc8-4ef7-8c79-713d1bdaa39d;10;27430761;2025-10-01
689790207;174976557;39850293-2cc9-4264-a566-569868190f02;10;27430761;2025-10-01
689790216;174976562;5c99473c-1c1d-47fa-9966-89497cbfece0;10;27430761;2025-10-01
689790219;174976564;c36043f5-ad3f-492f-ad41-07b18bd7124d;10;27430761;2025-10-01
689790229;174976570;0c51a03a-dfa3-4317-a981-1bea0412afc2;10;27430761;2025-10-01
689790234;174976573;a5ef4a78-369a-49d1-b069-3337a5011ca3;10;27430761;2025-10-01
689790239;174976576;ec50fd42-7019-4e1a-9a65-d7a0e53df630;10;27430761;2025-10-01
689790307;174976587;5e23a589-2ddc-43d7-9b78-0cca750fc18c;10;27430761;2025-10-01
689790302;174976585;b8e39dc7-528a-4f9a-b5a9-2d26395ee272;10;27430761;2025-10-01
689790320;174976592;17e90e4e-2af1-486c-9ea4-24b22ceaf657;10;27430761;2025-10-01
689793065;174978377;ab37759b-c417-46ec-add1-4913f15389f0;10;27432811;2025-10-01
689793097;174978400;3188068d-5bb0-4dad-bda8-3dcb5ba1081e;10;27432811;2025-10-01
689793128;174978429;570c4778-1b3c-4c8d-bfd7-702c12f7006d;10;27432811;2025-10-01
689793219;49111012;a2339ddb-1277-4c37-8186-363dd2921db8;20;27432847;2025-10-01
689793233;174978511;95b757dc-1677-4b90-ac96-3f590040c1ef;10;27430761;2025-10-01
689793230;174978508;d4314f0d-ef73-4ccd-ad5e-358844b15dd3;10;27430761;2025-10-01
689793243;174978519;b9e2b363-4589-40d0-a76a-efc20cd4ef56;10;27430761;2025-10-01
689793246;174978521;3ed26b04-e669-4324-a569-af60d1e0c53c;10;27430761;2025-10-01
689793433;174978636;94c08f8d-ab91-4153-8a2e-68b0fdc2ec07;10;27432898;2025-10-01
689793442;174978640;7995331f-2ffe-4268-aa40-d838b2e24bbb;10;27432898;2025-10-01
689793757;173532476;577e19e1-90c8-4930-91ab-b70e2ad94cc8;20;27432989;2025-10-01
689793804;174978828;6c4f2e46-141c-429a-b68c-a6803422fa29;10;27433012;2025-10-01
689793794;59696565;9f1e86e0-9af6-40bc-9b6e-cf4070551d5b;20;27433009;2025-10-01
689793865;174978884;f3f84603-8068-47ee-a4d8-4b6cd1c19a31;10;27433029;2025-10-01
689793876;174978892;58fdb81a-0ac9-40de-9d7d-fafa8f468aa2;10;27433029;2025-10-01
689795556;174979719;fc94275a-ec6c-493a-addc-c63d9dc7050e;10;27433403;2025-10-01
689795558;174979721;15cc3cf8-6261-4e3a-835a-02c85e74c5e7;10;27433403;2025-10-01
689795560;174979723;c7be23bf-559d-4295-bd60-3c9590de9d8e;10;27433403;2025-10-01
689795583;174979735;611761a2-aed4-42c9-ae18-378f1f641beb;10;27433410;2025-10-01
689795585;174979737;d7a08474-4876-41a9-a03e-b97ed6f8251f;10;27433410;2025-10-01
689795587;174979739;231a126e-d54e-43dd-84b0-10ade6fa032c;10;27433410;2025-10-01
689795589;174979741;a49786fd-e1ae-4fd9-a04f-b9c475200859;10;27433410;2025-10-01
689795591;174979743;25de003b-f355-48b9-bb48-7ed4fe6080ce;10;27433410;2025-10-01
689795668;174979787;93726676-f888-4f0f-89b0-0f945533d65a;10;27433410;2025-10-01
689795670;174979789;e67d505c-5405-42ab-81c2-7fbcfa2f6a24;10;27433410;2025-10-01
689795672;174979791;86a0fda5-f5e5-4154-ae6a-e6ef5bb5f34b;10;27433410;2025-10-01
689795674;174979793;85c87111-a516-4268-8e3e-c17f43e9afdb;10;27433410;2025-10-01
689795676;174979795;bd8d0010-41b6-40ec-9367-bb75a00b3c2c;10;27433410;2025-10-01
689795678;174979797;32d12409-2c0e-4d35-b9fe-cbdd3b793ceb;10;27433410;2025-10-01
689795680;174979799;7ecf264a-6fa3-471f-88a7-3e9561050848;10;27433410;2025-10-01
689795682;174979801;a0b22b2c-b00d-47a4-9e2f-d18950100b62;10;27433410;2025-10-01
689795684;174979803;79d1db89-9165-4c96-963c-71ba7e8edb51;10;27433410;2025-10-01
689795686;174979805;b2044850-4938-4fda-a6c7-dc93cc76ab0d;10;27433410;2025-10-01
689795688;174979807;bb5fd0a0-3dbc-44f2-a0a2-6edade90a8fe;10;27433410;2025-10-01
689795690;174979809;50e32a6f-0b65-41d2-9868-f87c0ee023aa;10;27433410;2025-10-01
689795692;174979811;18fda69c-8365-4782-bdf5-c59b006f1201;10;27433410;2025-10-01
689795710;37567290;38292601-daa0-4314-992a-857c0917ce4c;20;27433420;2025-10-01
689795760;16612717;3c1504e0-9b8a-43e3-9013-dc39f7536be8;20;27432847;2025-10-01
689795765;4604163;74914bf4-4687-4294-a1e9-2a80e8a60d67;20;27432847;2025-10-01
689795805;174979872;962747b1-fb72-4b69-b18c-686ba2117b02;10;27433437;2025-10-01
689808381;174985465;f7388d12-7307-4604-b97e-0e913a6a1ea1;10;27435513;2025-10-01
689808800;174985700;63ae323b-df41-4469-a3c8-f57e5e6fd47c;10;27435634;2025-10-01
689808882;56757864;a064712d-a543-456c-be80-e0f5ea7db944;20;27435660;2025-10-01
