﻿<?xml version="1.0" encoding="utf-8"?><APARTMENTS><APARTMENT ID="111795486" OBJECTID="174916792" OBJECTGUID="aaefc043-974f-4487-b565-a7d6ff332b4e" CHANGEID="689639500" NUMBER="1Н" APARTTYPE="1" OPERTYPEID="10" PREVID="0" NEXTID="0" UPDATEDATE="2025-09-29" STARTDATE="2025-09-29" ENDDATE="2079-06-06" ISACTUAL="1" ISACTIVE="1" /><APARTMENT ID="111795487" OBJECTID="174916793" OBJECTGUID="11fef414-e35b-4514-abb7-30195a525f5e" CHANGEID="689639501" NUMBER="4Н" APARTTYPE="1" OPERTYPEID="10" PREVID="0" NEXTID="0" UPDATEDATE="2025-09-29" STARTDATE="2025-09-29" ENDDATE="2079-06-06" ISACTUAL="1" ISACTIVE="1" /><APARTMENT ID="111795488" OBJECTID="174916794" OBJECTGUID="34fa6f6b-2d36-4107-8126-9512a9d25506" CHANGEID="689639502" NUMBER="428" APARTTYPE="1" OPERTYPEID="10" PREVID="0" NEXTID="0" UPDATEDATE="2025-09-29" STARTDATE="2025-09-29" ENDDATE="2079-06-06" ISACTUAL="1" ISACTIVE="1" /><APARTMENT ID="111795489" OBJECTID="174916795" OBJECTGUID="f10bdbc5-d17c-4523-aaa9-89ece6493eba" CHANGEID="689639503" NUMBER="427" APARTTYPE="1" OPERTYPEID="10" PREVID="0" NEXTID="0" UPDATEDATE="2025-09-29" STARTDATE="2025-09-29" ENDDATE="2079-06-06" ISACTUAL="1" ISACTIVE="1" /><APARTMENT ID="111795995" OBJECTID="174918167" OBJECTGUID="bc53c467-82bc-430e-9970-f9475604c301" CHANGEID="689643258" NUMBER="22" APARTTYPE="1" OPERTYPEID="10" PREVID="0" NEXTID="0" UPDATEDATE="2025-09-29" STARTDATE="2025-09-29" ENDDATE="2079-06-06" ISACTUAL="1" ISACTIVE="1" /><APARTMENT ID="111795996" OBJECTID="174918169" OBJECTGUID="38b48d97-dfa7-4441-92e6-38e4a0ecdc5e" CHANGEID="689643260" NUMBER="307" APARTTYPE="1" OPERTYPEID="10" PREVID="0" NEXTID="0" UPDATEDATE="2025-09-29" STARTDATE="2025-09-29" ENDDATE="2079-06-06" ISACTUAL="1" ISACTIVE="1" /><APARTMENT ID="111795997" OBJECTID="174918171" OBJECTGUID="282178ab-1f02-4635-a4af-7e161fcdaf22" CHANGEID="689643262" NUMBER="69" APARTTYPE="1" OPERTYPEID="10" PREVID="0" NEXTID="0" UPDATEDATE="2025-09-29" STARTDATE="2025-09-29" ENDDATE="2079-06-06" ISACTUAL="1" ISACTIVE="1" /><APARTMENT ID="111795999" OBJECTID="174918175" OBJECTGUID="5325a113-7935-4f18-8b7c-407df013d91a" CHANGEID="689643266" NUMBER="86" APARTTYPE="1" OPERTYPEID="10" PREVID="0" NEXTID="0" UPDATEDATE="2025-09-29" STARTDATE="2025-09-29" ENDDATE="2079-06-06" ISACTUAL="1" ISACTIVE="1" /><APARTMENT ID="111796000" OBJECTID="174918177" OBJECTGUID="a95029fc-f1ac-4061-b779-a0cdb7edc5da" CHANGEID="689643268" NUMBER="41" APARTTYPE="1" OPERTYPEID="10" PREVID="0" NEXTID="0" UPDATEDATE="2025-09-29" STARTDATE="2025-09-29" ENDDATE="2079-06-06" ISACTUAL="1" ISACTIVE="1" /><APARTMENT ID="111796001" OBJECTID="174918181" OBJECTGUID="06c5f047-db1d-4fd9-8394-9132930a14c6" CHANGEID="689643272" NUMBER="2" APARTTYPE="1" OPERTYPEID="10" PREVID="0" NEXTID="0" UPDATEDATE="2025-09-29" STARTDATE="2025-09-29" ENDDATE="2079-06-06" ISACTUAL="1" ISACTIVE="1" /><APARTMENT ID="111796003" OBJECTID="174918185" OBJECTGUID="bfb6a7a9-5937-4d17-91d9-6381a4da2235" CHANGEID="689643276" NUMBER="1" APARTTYPE="2" OPERTYPEID="10" PREVID="0" NEXTID="0" UPDATEDATE="2025-09-29" STARTDATE="2025-09-29" ENDDATE="2079-06-06" ISACTUAL="1" ISACTIVE="1" /><APARTMENT ID="111796004" OBJECTID="174918187" OBJECTGUID="3b1cb086-7012-4f50-9b48-de6487a49abf" CHANGEID="689643278" NUMBER="31" APARTTYPE="1" OPERTYPEID="10" PREVID="0" NEXTID="0" UPDATEDATE="2025-09-29" STARTDATE="2025-09-29" ENDDATE="2079-06-06" ISACTUAL="1" ISACTIVE="1" /><APARTMENT ID="111796005" OBJECTID="174918191" OBJECTGUID="13aa4d6d-47d7-43b8-ab23-a7ff8b4beb17" CHANGEID="689643282" NUMBER="1/13" APARTTYPE="1" OPERTYPEID="10" PREVID="0" NEXTID="0" UPDATEDATE="2025-09-29" STARTDATE="2025-09-29" ENDDATE="2079-06-06" ISACTUAL="1" ISACTIVE="1" /><APARTMENT ID="111796007" OBJECTID="174918193" OBJECTGUID="2066d684-6dcb-40b8-8a4d-e0ad2f1b83dc" CHANGEID="689643284" NUMBER="1/2" APARTTYPE="1" OPERTYPEID="10" PREVID="0" NEXTID="0" UPDATEDATE="2025-09-29" STARTDATE="2025-09-29" ENDDATE="2079-06-06" ISACTUAL="1" ISACTIVE="1" /><APARTMENT ID="111796009" OBJECTID="174918195" OBJECTGUID="62140454-f2a9-44ee-a7ff-3cafc91be014" CHANGEID="689643286" NUMBER="1/6" APARTTYPE="1" OPERTYPEID="10" PREVID="0" NEXTID="0" UPDATEDATE="2025-09-29" STARTDATE="2025-09-29" ENDDATE="2079-06-06" ISACTUAL="1" ISACTIVE="1" /><APARTMENT ID="111796012" OBJECTID="174918209" OBJECTGUID="19293ba9-5465-4780-a1a1-79c5b34588f4" CHANGEID="689643300" NUMBER="88" APARTTYPE="1" OPERTYPEID="10" PREVID="0" NEXTID="0" UPDATEDATE="2025-09-29" STARTDATE="2025-09-29" ENDDATE="2079-06-06" ISACTUAL="1" ISACTIVE="1" /><APARTMENT ID="111795998" OBJECTID="174918172" OBJECTGUID="272e4283-467b-4f9b-a69f-c8ad45da082f" CHANGEID="689643263" NUMBER="94" APARTTYPE="1" OPERTYPEID="10" PREVID="0" NEXTID="0" UPDATEDATE="2025-09-29" STARTDATE="2025-09-29" ENDDATE="2079-06-06" ISACTUAL="1" ISACTIVE="1" /><APARTMENT ID="111796002" OBJECTID="174918182" OBJECTGUID="e10e3fc6-17d4-4d0e-954b-5cecb2541c73" CHANGEID="689643273" NUMBER="3" APARTTYPE="1" OPERTYPEID="10" PREVID="0" NEXTID="0" UPDATEDATE="2025-09-29" STARTDATE="2025-09-29" ENDDATE="2079-06-06" ISACTUAL="1" ISACTIVE="1" /><APARTMENT ID="111796006" OBJECTID="174918192" OBJECTGUID="e9f0bc75-0e0e-4d39-9f00-7382002d8dc7" CHANGEID="689643283" NUMBER="1/15" APARTTYPE="1" OPERTYPEID="10" PREVID="0" NEXTID="0" UPDATEDATE="2025-09-29" STARTDATE="2025-09-29" ENDDATE="2079-06-06" ISACTUAL="1" ISACTIVE="1" /><APARTMENT ID="111796008" OBJECTID="174918194" OBJECTGUID="90f28123-56e6-4016-9495-371040e0d48a" CHANGEID="689643285" NUMBER="1/5" APARTTYPE="1" OPERTYPEID="10" PREVID="0" NEXTID="0" UPDATEDATE="2025-09-29" STARTDATE="2025-09-29" ENDDATE="2079-06-06" ISACTUAL="1" ISACTIVE="1" /><APARTMENT ID="111796010" OBJECTID="174918204" OBJECTGUID="9ad420c6-b6c5-48c2-99e5-a200637a9a17" CHANGEID="689643295" NUMBER="17" APARTTYPE="1" OPERTYPEID="10" PREVID="0" NEXTID="0" UPDATEDATE="2025-09-29" STARTDATE="2025-09-29" ENDDATE="2079-06-06" ISACTUAL="1" ISACTIVE="1" /><APARTMENT ID="111796011" OBJECTID="174918206" OBJECTGUID="89e5648c-82b9-4fa2-8a1e-3d19667282a9" CHANGEID="689643297" NUMBER="12" APARTTYPE="1" OPERTYPEID="10" PREVID="0" NEXTID="0" UPDATEDATE="2025-09-29" STARTDATE="2025-09-29" ENDDATE="2079-06-06" ISACTUAL="1" ISACTIVE="1" /><APARTMENT ID="111796013" OBJECTID="174918212" OBJECTGUID="243ab3bc-2e35-45a8-b0e7-9cfbbce76515" CHANGEID="689643303" NUMBER="55" APARTTYPE="1" OPERTYPEID="10" PREVID="0" NEXTID="0" UPDATEDATE="2025-09-29" STARTDATE="2025-09-29" ENDDATE="2079-06-06" ISACTUAL="1" ISACTIVE="1" /><APARTMENT ID="111796014" OBJECTID="174918214" OBJECTGUID="9362e520-7b87-427d-ad41-fb0e2b0fed12" CHANGEID="689643305" NUMBER="63" APARTTYPE="1" OPERTYPEID="10" PREVID="0" NEXTID="0" UPDATEDATE="2025-09-29" STARTDATE="2025-09-29" ENDDATE="2079-06-06" ISACTUAL="1" ISACTIVE="1" /><APARTMENT ID="111796015" OBJECTID="174918216" OBJECTGUID="bfbd92f6-b759-4393-8eb7-db1e54d78043" CHANGEID="689643307" NUMBER="64" APARTTYPE="1" OPERTYPEID="10" PREVID="0" NEXTID="0" UPDATEDATE="2025-09-29" STARTDATE="2025-09-29" ENDDATE="2079-06-06" ISACTUAL="1" ISACTIVE="1" /><APARTMENT ID="111796016" OBJECTID="174918218" OBJECTGUID="27f7fde6-cbf3-478b-91d6-29d297d9cead" CHANGEID="689643309" NUMBER="5/71" APARTTYPE="1" OPERTYPEID="10" PREVID="0" NEXTID="0" UPDATEDATE="2025-09-29" STARTDATE="2025-09-29" ENDDATE="2079-06-06" ISACTUAL="1" ISACTIVE="1" /><APARTMENT ID="111796302" OBJECTID="174919658" OBJECTGUID="a2d5ae7e-7dcf-41e4-ae52-0a61e5e7e7d3" CHANGEID="689645641" NUMBER="67" APARTTYPE="1" OPERTYPEID="10" PREVID="0" NEXTID="0" UPDATEDATE="2025-09-29" STARTDATE="2025-09-29" ENDDATE="2079-06-06" ISACTUAL="1" ISACTIVE="1" /><APARTMENT ID="111796305" OBJECTID="174919680" OBJECTGUID="4457e556-d61d-434f-b508-54dfef43fcc6" CHANGEID="689645663" NUMBER="6Н" APARTTYPE="1" OPERTYPEID="10" PREVID="0" NEXTID="0" UPDATEDATE="2025-09-29" STARTDATE="2025-09-29" ENDDATE="2079-06-06" ISACTUAL="1" ISACTIVE="1" /><APARTMENT ID="111796306" OBJECTID="174919684" OBJECTGUID="1a5d7067-f96d-458d-8efc-fca33e423316" CHANGEID="689645667" NUMBER="13" APARTTYPE="2" OPERTYPEID="10" PREVID="0" NEXTID="0" UPDATEDATE="2025-09-29" STARTDATE="2025-09-29" ENDDATE="2079-06-06" ISACTUAL="1" ISACTIVE="1" /><APARTMENT ID="111796308" OBJECTID="174919690" OBJECTGUID="c36c578b-0fbe-4ac1-800f-3217657f3ab9" CHANGEID="689645673" NUMBER="2Н" APARTTYPE="1" OPERTYPEID="10" PREVID="0" NEXTID="0" UPDATEDATE="2025-09-29" STARTDATE="2025-09-29" ENDDATE="2079-06-06" ISACTUAL="1" ISACTIVE="1" /><APARTMENT ID="111796309" OBJECTID="174919694" OBJECTGUID="31fcb840-95a2-4c64-9bdb-a4b924db2aeb" CHANGEID="689645677" NUMBER="7Н" APARTTYPE="1" OPERTYPEID="10" PREVID="0" NEXTID="0" UPDATEDATE="2025-09-29" STARTDATE="2025-09-29" ENDDATE="2079-06-06" ISACTUAL="1" ISACTIVE="1" /><APARTMENT ID="111796310" OBJECTID="174919696" OBJECTGUID="f5a0cac2-4a9a-4568-be6c-151ea0b78f05" CHANGEID="689645679" NUMBER="24" APARTTYPE="2" OPERTYPEID="10" PREVID="0" NEXTID="0" UPDATEDATE="2025-09-29" STARTDATE="2025-09-29" ENDDATE="2079-06-06" ISACTUAL="1" ISACTIVE="1" /><APARTMENT ID="111796312" OBJECTID="174919700" OBJECTGUID="f721c805-31db-4399-8312-6a3970f2d87c" CHANGEID="689645683" NUMBER="2" APARTTYPE="2" OPERTYPEID="10" PREVID="0" NEXTID="0" UPDATEDATE="2025-09-29" STARTDATE="2025-09-29" ENDDATE="2079-06-06" ISACTUAL="1" ISACTIVE="1" /><APARTMENT ID="111796303" OBJECTID="174919661" OBJECTGUID="9a143f69-91d5-4743-acfd-cee0b6597d13" CHANGEID="689645644" NUMBER="54" APARTTYPE="1" OPERTYPEID="10" PREVID="0" NEXTID="0" UPDATEDATE="2025-09-29" STARTDATE="2025-09-29" ENDDATE="2079-06-06" ISACTUAL="1" ISACTIVE="1" /><APARTMENT ID="111796304" OBJECTID="174919677" OBJECTGUID="4c2fff05-2b27-4d5e-bbbd-96d3d8e5e1d3" CHANGEID="689645660" NUMBER="31" APARTTYPE="1" OPERTYPEID="10" PREVID="0" NEXTID="0" UPDATEDATE="2025-09-29" STARTDATE="2025-09-29" ENDDATE="2079-06-06" ISACTUAL="1" ISACTIVE="1" /><APARTMENT ID="111796307" OBJECTID="174919687" OBJECTGUID="6c81e043-073b-4112-828a-3d04a1f33a9b" CHANGEID="689645670" NUMBER="14" APARTTYPE="2" OPERTYPEID="10" PREVID="0" NEXTID="0" UPDATEDATE="2025-09-29" STARTDATE="2025-09-29" ENDDATE="2079-06-06" ISACTUAL="1" ISACTIVE="1" /><APARTMENT ID="111796311" OBJECTID="174919699" OBJECTGUID="cbb7556d-9331-4483-a673-3d2c5b6d7f7a" CHANGEID="689645682" NUMBER="1Н" APARTTYPE="1" OPERTYPEID="10" PREVID="0" NEXTID="0" UPDATEDATE="2025-09-29" STARTDATE="2025-09-29" ENDDATE="2079-06-06" ISACTUAL="1" ISACTIVE="1" /><APARTMENT ID="111796313" OBJECTID="174919701" OBJECTGUID="3d80680a-0f52-4f3c-99c2-6261ceca8c2a" CHANGEID="689645684" NUMBER="2Н" APARTTYPE="1" OPERTYPEID="10" PREVID="0" NEXTID="0" UPDATEDATE="2025-09-29" STARTDATE="2025-09-29" ENDDATE="2079-06-06" ISACTUAL="1" ISACTIVE="1" /><APARTMENT ID="111796314" OBJECTID="174919703" OBJECTGUID="e44e938d-6f08-4e3b-9187-e39fa35849e6" CHANGEID="689645686" NUMBER="1" APARTTYPE="1" OPERTYPEID="10" PREVID="0" NEXTID="0" UPDATEDATE="2025-09-29" STARTDATE="2025-09-29" ENDDATE="2079-06-06" ISACTUAL="1" ISACTIVE="1" /><APARTMENT ID="111796316" OBJECTID="174919705" OBJECTGUID="62dd856b-ad28-4fe0-bd55-cba5cbfab935" CHANGEID="689645688" NUMBER="5" APARTTYPE="2" OPERTYPEID="10" PREVID="0" NEXTID="0" UPDATEDATE="2025-09-29" STARTDATE="2025-09-29" ENDDATE="2079-06-06" ISACTUAL="1" ISACTIVE="1" /><APARTMENT ID="111796315" OBJECTID="174919704" OBJECTGUID="04dd016b-7112-4637-b181-791a321d4039" CHANGEID="689645687" NUMBER="1а" APARTTYPE="2" OPERTYPEID="10" PREVID="0" NEXTID="0" UPDATEDATE="2025-09-29" STARTDATE="2025-09-29" ENDDATE="2079-06-06" ISACTUAL="1" ISACTIVE="1" /><APARTMENT ID="111796570" OBJECTID="174920970" OBJECTGUID="27dd4263-bd36-4f78-96ec-95d6759aa4d4" CHANGEID="689647933" NUMBER="20н" APARTTYPE="1" OPERTYPEID="10" PREVID="0" NEXTID="0" UPDATEDATE="2025-09-29" STARTDATE="2025-09-29" ENDDATE="2079-06-06" ISACTUAL="1" ISACTIVE="1" /><APARTMENT ID="111796571" OBJECTID="174920971" OBJECTGUID="8876b78b-ed83-42ae-8b75-4f8e858ccac4" CHANGEID="689647934" NUMBER="19н" APARTTYPE="1" OPERTYPEID="10" PREVID="0" NEXTID="0" UPDATEDATE="2025-09-29" STARTDATE="2025-09-29" ENDDATE="2079-06-06" ISACTUAL="1" ISACTIVE="1" /><APARTMENT ID="111796572" OBJECTID="174920972" OBJECTGUID="d445f32c-47d5-4748-9ed7-7d20b191cf6a" CHANGEID="689647935" NUMBER="18н" APARTTYPE="1" OPERTYPEID="10" PREVID="0" NEXTID="0" UPDATEDATE="2025-09-29" STARTDATE="2025-09-29" ENDDATE="2079-06-06" ISACTUAL="1" ISACTIVE="1" /><APARTMENT ID="111796573" OBJECTID="174920973" OBJECTGUID="6ffd59b3-7ce9-4316-a7ad-15be30aa169c" CHANGEID="689647936" NUMBER="17н" APARTTYPE="1" OPERTYPEID="10" PREVID="0" NEXTID="0" UPDATEDATE="2025-09-29" STARTDATE="2025-09-29" ENDDATE="2079-06-06" ISACTUAL="1" ISACTIVE="1" /><APARTMENT ID="111796574" OBJECTID="174920974" OBJECTGUID="6afe7ffd-ce96-448e-bc0d-a6ec82b46f22" CHANGEID="689647937" NUMBER="16н" APARTTYPE="1" OPERTYPEID="10" PREVID="0" NEXTID="0" UPDATEDATE="2025-09-29" STARTDATE="2025-09-29" ENDDATE="2079-06-06" ISACTUAL="1" ISACTIVE="1" /><APARTMENT ID="111796575" OBJECTID="174920975" OBJECTGUID="27152223-0d38-434e-8a42-e5985eeb7013" CHANGEID="689647938" NUMBER="15н" APARTTYPE="1" OPERTYPEID="10" PREVID="0" NEXTID="0" UPDATEDATE="2025-09-29" STARTDATE="2025-09-29" ENDDATE="2079-06-06" ISACTUAL="1" ISACTIVE="1" /><APARTMENT ID="111796576" OBJECTID="174920976" OBJECTGUID="9dce1dda-9d35-4576-8522-ec5987a29f5b" CHANGEID="689647939" NUMBER="14н" APARTTYPE="1" OPERTYPEID="10" PREVID="0" NEXTID="0" UPDATEDATE="2025-09-29" STARTDATE="2025-09-29" ENDDATE="2079-06-06" ISACTUAL="1" ISACTIVE="1" /><APARTMENT ID="111796577" OBJECTID="174920977" OBJECTGUID="da836e99-653b-4405-94ba-615dd06e4cc7" CHANGEID="689647940" NUMBER="13н" APARTTYPE="1" OPERTYPEID="10" PREVID="0" NEXTID="0" UPDATEDATE="2025-09-29" STARTDATE="2025-09-29" ENDDATE="2079-06-06" ISACTUAL="1" ISACTIVE="1" /><APARTMENT ID="111796578" OBJECTID="174920978" OBJECTGUID="b0524479-91ba-4de3-b14c-2e173e062672" CHANGEID="689647941" NUMBER="12н" APARTTYPE="1" OPERTYPEID="10" PREVID="0" NEXTID="0" UPDATEDATE="2025-09-29" STARTDATE="2025-09-29" ENDDATE="2079-06-06" ISACTUAL="1" ISACTIVE="1" /><APARTMENT ID="111796579" OBJECTID="174920979" OBJECTGUID="d08f1785-6344-44f1-9995-d8837f7f886c" CHANGEID="689647942" NUMBER="11н" APARTTYPE="1" OPERTYPEID="10" PREVID="0" NEXTID="0" UPDATEDATE="2025-09-29" STARTDATE="2025-09-29" ENDDATE="2079-06-06" ISACTUAL="1" ISACTIVE="1" /><APARTMENT ID="111796580" OBJECTID="174920980" OBJECTGUID="bd30cd1e-12b4-45ac-8a3b-6cc344cc8a2d" CHANGEID="689647943" NUMBER="10н" APARTTYPE="1" OPERTYPEID="10" PREVID="0" NEXTID="0" UPDATEDATE="2025-09-29" STARTDATE="2025-09-29" ENDDATE="2079-06-06" ISACTUAL="1" ISACTIVE="1" /><APARTMENT ID="111796581" OBJECTID="174920981" OBJECTGUID="2c332389-4240-48c2-abdd-773d6aed1b07" CHANGEID="689647944" NUMBER="9н" APARTTYPE="1" OPERTYPEID="10" PREVID="0" NEXTID="0" UPDATEDATE="2025-09-29" STARTDATE="2025-09-29" ENDDATE="2079-06-06" ISACTUAL="1" ISACTIVE="1" /><APARTMENT ID="111796582" OBJECTID="174920982" OBJECTGUID="9f5b7e56-759f-4056-a373-304040884f10" CHANGEID="689647945" NUMBER="8н" APARTTYPE="1" OPERTYPEID="10" PREVID="0" NEXTID="0" UPDATEDATE="2025-09-29" STARTDATE="2025-09-29" ENDDATE="2079-06-06" ISACTUAL="1" ISACTIVE="1" /><APARTMENT ID="111796583" OBJECTID="174920983" OBJECTGUID="9c684708-d677-4729-a687-737bdccaa99b" CHANGEID="689647946" NUMBER="7н" APARTTYPE="1" OPERTYPEID="10" PREVID="0" NEXTID="0" UPDATEDATE="2025-09-29" STARTDATE="2025-09-29" ENDDATE="2079-06-06" ISACTUAL="1" ISACTIVE="1" /><APARTMENT ID="111796584" OBJECTID="174920984" OBJECTGUID="8251076e-a84d-4290-bc8c-cd918dd6eb09" CHANGEID="689647947" NUMBER="6н" APARTTYPE="1" OPERTYPEID="10" PREVID="0" NEXTID="0" UPDATEDATE="2025-09-29" STARTDATE="2025-09-29" ENDDATE="2079-06-06" ISACTUAL="1" ISACTIVE="1" /><APARTMENT ID="111796585" OBJECTID="174920985" OBJECTGUID="a001f40e-4be7-406f-8043-d1a239f2c1b7" CHANGEID="689647948" NUMBER="5н" APARTTYPE="1" OPERTYPEID="10" PREVID="0" NEXTID="0" UPDATEDATE="2025-09-29" STARTDATE="2025-09-29" ENDDATE="2079-06-06" ISACTUAL="1" ISACTIVE="1" /><APARTMENT ID="111796586" OBJECTID="174920986" OBJECTGUID="6a7d6c50-3814-4619-af26-55cc1e88ed0b" CHANGEID="689647949" NUMBER="4н" APARTTYPE="1" OPERTYPEID="10" PREVID="0" NEXTID="0" UPDATEDATE="2025-09-29" STARTDATE="2025-09-29" ENDDATE="2079-06-06" ISACTUAL="1" ISACTIVE="1" /><APARTMENT ID="111796587" OBJECTID="174920987" OBJECTGUID="30eb993a-ee3a-4a57-af56-b15a14e8d81b" CHANGEID="689647950" NUMBER="23н" APARTTYPE="1" OPERTYPEID="10" PREVID="0" NEXTID="0" UPDATEDATE="2025-09-29" STARTDATE="2025-09-29" ENDDATE="2079-06-06" ISACTUAL="1" ISACTIVE="1" /><APARTMENT ID="111796588" OBJECTID="174920988" OBJECTGUID="8bc306d1-1c2c-45f7-8b0a-c20c5e44aa0a" CHANGEID="689647951" NUMBER="22н" APARTTYPE="1" OPERTYPEID="10" PREVID="0" NEXTID="0" UPDATEDATE="2025-09-29" STARTDATE="2025-09-29" ENDDATE="2079-06-06" ISACTUAL="1" ISACTIVE="1" /><APARTMENT ID="111796589" OBJECTID="174920989" OBJECTGUID="7bb8a792-1a57-4236-a393-d124534fce18" CHANGEID="689647952" NUMBER="21н" APARTTYPE="1" OPERTYPEID="10" PREVID="0" NEXTID="0" UPDATEDATE="2025-09-29" STARTDATE="2025-09-29" ENDDATE="2079-06-06" ISACTUAL="1" ISACTIVE="1" /><APARTMENT ID="111798728" OBJECTID="174926144" OBJECTGUID="7f757dba-b04e-4fd6-89be-b4be5c3f1591" CHANGEID="689655835" NUMBER="2" APARTTYPE="1" OPERTYPEID="10" PREVID="0" NEXTID="0" UPDATEDATE="2025-09-29" STARTDATE="2025-09-29" ENDDATE="2079-06-06" ISACTUAL="1" ISACTIVE="1" /><APARTMENT ID="111800313" OBJECTID="174929220" OBJECTGUID="595099ea-b6c7-4d62-8be2-6a06e241b1ef" CHANGEID="689667111" NUMBER="5" APARTTYPE="2" OPERTYPEID="10" PREVID="0" NEXTID="0" UPDATEDATE="2025-09-29" STARTDATE="2025-09-29" ENDDATE="2079-06-06" ISACTUAL="1" ISACTIVE="1" /><APARTMENT ID="111800316" OBJECTID="174929276" OBJECTGUID="2580e0c1-370e-4290-9d87-4393fb78e0a9" CHANGEID="689667244" NUMBER="78" APARTTYPE="2" OPERTYPEID="10" PREVID="0" NEXTID="0" UPDATEDATE="2025-09-29" STARTDATE="2025-09-29" ENDDATE="2079-06-06" ISACTUAL="1" ISACTIVE="1" /><APARTMENT ID="111800317" OBJECTID="174929277" OBJECTGUID="55428450-751a-4140-b5d6-ca51930b3be1" CHANGEID="689667245" NUMBER="71" APARTTYPE="2" OPERTYPEID="10" PREVID="0" NEXTID="0" UPDATEDATE="2025-09-29" STARTDATE="2025-09-29" ENDDATE="2079-06-06" ISACTUAL="1" ISACTIVE="1" /><APARTMENT ID="111800318" OBJECTID="174929278" OBJECTGUID="0598453d-564b-49ae-9dbc-532e9f39dba9" CHANGEID="689667246" NUMBER="61" APARTTYPE="2" OPERTYPEID="10" PREVID="0" NEXTID="0" UPDATEDATE="2025-09-29" STARTDATE="2025-09-29" ENDDATE="2079-06-06" ISACTUAL="1" ISACTIVE="1" /><APARTMENT ID="111800319" OBJECTID="174929279" OBJECTGUID="116cc93e-2a9b-4cf4-b6be-90aa9c7d0fd6" CHANGEID="689667247" NUMBER="66" APARTTYPE="2" OPERTYPEID="10" PREVID="0" NEXTID="0" UPDATEDATE="2025-09-29" STARTDATE="2025-09-29" ENDDATE="2079-06-06" ISACTUAL="1" ISACTIVE="1" /><APARTMENT ID="111800323" OBJECTID="174929336" OBJECTGUID="98f9a90f-080f-4a65-a8c6-39b42c7174fe" CHANGEID="689667357" NUMBER="1" APARTTYPE="2" OPERTYPEID="10" PREVID="0" NEXTID="0" UPDATEDATE="2025-09-29" STARTDATE="2025-09-29" ENDDATE="2079-06-06" ISACTUAL="1" ISACTIVE="1" /><APARTMENT ID="111800961" OBJECTID="174931775" OBJECTGUID="1bffe621-cd80-420b-9427-c2fe89da43f1" CHANGEID="689672014" NUMBER="1" APARTTYPE="1" OPERTYPEID="10" PREVID="0" NEXTID="0" UPDATEDATE="2025-09-29" STARTDATE="2025-09-29" ENDDATE="2079-06-06" ISACTUAL="1" ISACTIVE="1" /><APARTMENT ID="111804454" OBJECTID="174942588" OBJECTGUID="8af0a26b-30f1-40d4-92c4-1107687af0ba" CHANGEID="689695102" NUMBER="5" APARTTYPE="2" OPERTYPEID="10" PREVID="0" NEXTID="0" UPDATEDATE="2025-09-29" STARTDATE="2025-09-29" ENDDATE="2079-06-06" ISACTUAL="1" ISACTIVE="1" /><APARTMENT ID="111804548" OBJECTID="174720990" OBJECTGUID="435ce3ea-911d-4c14-8cd2-3a659ffac216" CHANGEID="689696185" NUMBER="4" APARTTYPE="2" OPERTYPEID="20" PREVID="111725093" UPDATEDATE="2025-09-29" STARTDATE="2025-09-29" ENDDATE="2079-06-06" ISACTUAL="1" ISACTIVE="1" /><APARTMENT ID="111725093" OBJECTID="174720990" OBJECTGUID="435ce3ea-911d-4c14-8cd2-3a659ffac216" CHANGEID="689187780" NUMBER="5" APARTTYPE="2" OPERTYPEID="10" PREVID="0" NEXTID="111804548" UPDATEDATE="2025-09-29" STARTDATE="2025-09-18" ENDDATE="2025-09-29" ISACTUAL="0" ISACTIVE="0" /><APARTMENT ID="111806776" OBJECTID="174949585" OBJECTGUID="18b8d542-9c9d-4306-8573-49b825a89fab" CHANGEID="689709358" NUMBER="1" APARTTYPE="1" OPERTYPEID="10" PREVID="0" NEXTID="0" UPDATEDATE="2025-09-30" STARTDATE="2025-09-30" ENDDATE="2079-06-06" ISACTUAL="1" ISACTIVE="1" /><APARTMENT ID="111806777" OBJECTID="174949588" OBJECTGUID="980ef7c0-25f3-4461-8e72-e5b062a7531e" CHANGEID="689709365" NUMBER="2" APARTTYPE="1" OPERTYPEID="10" PREVID="0" NEXTID="0" UPDATEDATE="2025-09-30" STARTDATE="2025-09-30" ENDDATE="2079-06-06" ISACTUAL="1" ISACTIVE="1" /><APARTMENT ID="111806839" OBJECTID="174950525" OBJECTGUID="ba585460-4cf4-491d-ad3f-30fadd798dbd" CHANGEID="689711070" NUMBER="1Н" APARTTYPE="1" OPERTYPEID="10" PREVID="0" NEXTID="0" UPDATEDATE="2025-09-30" STARTDATE="2025-09-30" ENDDATE="2079-06-06" ISACTUAL="1" ISACTIVE="1" /><APARTMENT ID="111806858" OBJECTID="70167323" OBJECTGUID="0845922f-9272-42cf-b04e-071fb44d3d51" CHANGEID="689711234" NUMBER="5" APARTTYPE="2" OPERTYPEID="30" PREVID="41860679" NEXTID="0" UPDATEDATE="2025-09-30" STARTDATE="2025-09-30" ENDDATE="2079-06-06" ISACTUAL="1" ISACTIVE="0" /><APARTMENT ID="41860679" OBJECTID="70167323" OBJECTGUID="0845922f-9272-42cf-b04e-071fb44d3d51" CHANGEID="104556694" NUMBER="5" APARTTYPE="2" OPERTYPEID="10" PREVID="0" NEXTID="111806858" UPDATEDATE="2025-09-30" STARTDATE="2017-10-31" ENDDATE="2025-09-30" ISACTUAL="0" ISACTIVE="0" /><APARTMENT ID="111806862" OBJECTID="70063341" OBJECTGUID="cb4b34b8-8bb6-487e-9420-c20581cc7c8a" CHANGEID="689711252" NUMBER="49" APARTTYPE="2" OPERTYPEID="30" PREVID="41795921" NEXTID="0" UPDATEDATE="2025-09-30" STARTDATE="2025-09-30" ENDDATE="2079-06-06" ISACTUAL="1" ISACTIVE="0" /><APARTMENT ID="41795921" OBJECTID="70063341" OBJECTGUID="cb4b34b8-8bb6-487e-9420-c20581cc7c8a" CHANGEID="104403894" NUMBER="49" APARTTYPE="2" OPERTYPEID="10" PREVID="0" NEXTID="111806862" UPDATEDATE="2025-09-30" STARTDATE="2017-08-18" ENDDATE="2025-09-30" ISACTUAL="0" ISACTIVE="0" /><APARTMENT ID="111806863" OBJECTID="78651150" OBJECTGUID="c30e64f6-1b07-46bd-bf88-6723475674a2" CHANGEID="689711254" NUMBER="26" APARTTYPE="2" OPERTYPEID="30" PREVID="47045418" NEXTID="0" UPDATEDATE="2025-09-30" STARTDATE="2025-09-30" ENDDATE="2079-06-06" ISACTUAL="1" ISACTIVE="0" /><APARTMENT ID="47045418" OBJECTID="78651150" OBJECTGUID="c30e64f6-1b07-46bd-bf88-6723475674a2" CHANGEID="116919438" NUMBER="26" APARTTYPE="2" OPERTYPEID="10" PREVID="0" NEXTID="111806863" UPDATEDATE="2025-09-30" STARTDATE="2017-04-07" ENDDATE="2025-09-30" ISACTUAL="0" ISACTIVE="0" /><APARTMENT ID="111807180" OBJECTID="174954019" OBJECTGUID="c6170a80-076f-4966-8661-bbe24ed6e6ad" CHANGEID="689720701" NUMBER="1" APARTTYPE="1" OPERTYPEID="10" PREVID="0" NEXTID="0" UPDATEDATE="2025-09-30" STARTDATE="2025-09-30" ENDDATE="2079-06-06" ISACTUAL="1" ISACTIVE="1" /><APARTMENT ID="111807455" OBJECTID="174955089" OBJECTGUID="e6927b8d-40c8-47ee-b8cd-429db0b68e8d" CHANGEID="689723031" NUMBER="3" APARTTYPE="2" OPERTYPEID="10" PREVID="0" NEXTID="0" UPDATEDATE="2025-09-30" STARTDATE="2025-09-30" ENDDATE="2079-06-06" ISACTUAL="1" ISACTIVE="1" /><APARTMENT ID="111807456" OBJECTID="174955093" OBJECTGUID="b1160cce-7ac6-4170-a7df-5d7887aaeee5" CHANGEID="689723036" NUMBER="1" APARTTYPE="2" OPERTYPEID="10" PREVID="0" NEXTID="0" UPDATEDATE="2025-09-30" STARTDATE="2025-09-30" ENDDATE="2079-06-06" ISACTUAL="1" ISACTIVE="1" /><APARTMENT ID="111807457" OBJECTID="174955097" OBJECTGUID="4b3474ce-3049-4819-8778-fc0d750e1fbd" CHANGEID="689723041" NUMBER="4а" APARTTYPE="1" OPERTYPEID="10" PREVID="0" NEXTID="0" UPDATEDATE="2025-09-30" STARTDATE="2025-09-30" ENDDATE="2079-06-06" ISACTUAL="1" ISACTIVE="1" /><APARTMENT ID="111807458" OBJECTID="174955100" OBJECTGUID="1da31c18-8e88-4e16-a94f-242b4c0051de" CHANGEID="689723044" NUMBER="2" APARTTYPE="1" OPERTYPEID="10" PREVID="0" NEXTID="0" UPDATEDATE="2025-09-30" STARTDATE="2025-09-30" ENDDATE="2079-06-06" ISACTUAL="1" ISACTIVE="1" /><APARTMENT ID="111807459" OBJECTID="174955103" OBJECTGUID="2a09a5c3-d3e6-4026-96e5-c15cfff9983e" CHANGEID="689723047" NUMBER="4" APARTTYPE="1" OPERTYPEID="10" PREVID="0" NEXTID="0" UPDATEDATE="2025-09-30" STARTDATE="2025-09-30" ENDDATE="2079-06-06" ISACTUAL="1" ISACTIVE="1" /><APARTMENT ID="111807460" OBJECTID="174955107" OBJECTGUID="16181cc8-fc16-4ea8-abfb-fd2a99a7afa9" CHANGEID="689723051" NUMBER="5" APARTTYPE="1" OPERTYPEID="10" PREVID="0" NEXTID="0" UPDATEDATE="2025-09-30" STARTDATE="2025-09-30" ENDDATE="2079-06-06" ISACTUAL="1" ISACTIVE="1" /><APARTMENT ID="111807461" OBJECTID="174955111" OBJECTGUID="038ffba5-fcf8-40bd-b9c4-89756ca7ef65" CHANGEID="689723056" NUMBER="14" APARTTYPE="1" OPERTYPEID="10" PREVID="0" NEXTID="0" UPDATEDATE="2025-09-30" STARTDATE="2025-09-30" ENDDATE="2079-06-06" ISACTUAL="1" ISACTIVE="1" /><APARTMENT ID="111807462" OBJECTID="174955121" OBJECTGUID="9ea58747-f819-4ecf-a076-d2bda3fe0094" CHANGEID="689723068" NUMBER="41" APARTTYPE="1" OPERTYPEID="10" PREVID="0" NEXTID="0" UPDATEDATE="2025-09-30" STARTDATE="2025-09-30" ENDDATE="2079-06-06" ISACTUAL="1" ISACTIVE="1" /><APARTMENT ID="111807464" OBJECTID="174955146" OBJECTGUID="6c6f70a7-a38f-4466-984e-65748006e6c7" CHANGEID="689723106" NUMBER="12" APARTTYPE="1" OPERTYPEID="10" PREVID="0" NEXTID="0" UPDATEDATE="2025-09-30" STARTDATE="2025-09-30" ENDDATE="2079-06-06" ISACTUAL="1" ISACTIVE="1" /><APARTMENT ID="111807466" OBJECTID="174955157" OBJECTGUID="04124e2d-d624-4fc8-abce-abbc75d52679" CHANGEID="689723122" NUMBER="1Н" APARTTYPE="1" OPERTYPEID="10" PREVID="0" NEXTID="0" UPDATEDATE="2025-09-30" STARTDATE="2025-09-30" ENDDATE="2079-06-06" ISACTUAL="1" ISACTIVE="1" /><APARTMENT ID="111807467" OBJECTID="174955160" OBJECTGUID="9c25bb80-ba9e-45b8-ad0e-54c8dcfba447" CHANGEID="689723127" NUMBER="2Н" APARTTYPE="1" OPERTYPEID="10" PREVID="0" NEXTID="0" UPDATEDATE="2025-09-30" STARTDATE="2025-09-30" ENDDATE="2079-06-06" ISACTUAL="1" ISACTIVE="1" /><APARTMENT ID="111807468" OBJECTID="174955162" OBJECTGUID="21449fbd-3397-4942-8976-615e725792d7" CHANGEID="689723129" NUMBER="3" APARTTYPE="1" OPERTYPEID="10" PREVID="0" NEXTID="0" UPDATEDATE="2025-09-30" STARTDATE="2025-09-30" ENDDATE="2079-06-06" ISACTUAL="1" ISACTIVE="1" /><APARTMENT ID="111807469" OBJECTID="56629014" OBJECTGUID="39d0dfc2-4ec7-4e5c-87b2-72abad22236d" CHANGEID="689723201" NUMBER="2" APARTTYPE="2" OPERTYPEID="40" PREVID="33679115" UPDATEDATE="2025-09-30" STARTDATE="2025-09-30" ENDDATE="2079-06-06" ISACTUAL="1" ISACTIVE="1" /><APARTMENT ID="33679115" OBJECTID="56629014" OBJECTGUID="39d0dfc2-4ec7-4e5c-87b2-72abad22236d" CHANGEID="84686578" NUMBER="2" APARTTYPE="2" OPERTYPEID="10" PREVID="0" NEXTID="111807469" UPDATEDATE="2025-09-30" STARTDATE="2018-02-19" ENDDATE="2025-09-30" ISACTUAL="0" ISACTIVE="0" /><APARTMENT ID="111807470" OBJECTID="56629643" OBJECTGUID="823de357-d4d2-41f7-9c56-97684fa012e6" CHANGEID="689723202" NUMBER="3" APARTTYPE="2" OPERTYPEID="42" PREVID="33679433" NEXTID="111807469" UPDATEDATE="2025-09-30" STARTDATE="2025-09-30" ENDDATE="2079-06-06" ISACTUAL="1" ISACTIVE="0" /><APARTMENT ID="33679433" OBJECTID="56629643" OBJECTGUID="823de357-d4d2-41f7-9c56-97684fa012e6" CHANGEID="84687535" NUMBER="3" APARTTYPE="2" OPERTYPEID="10" PREVID="0" NEXTID="111807470" UPDATEDATE="2025-09-30" STARTDATE="2018-02-19" ENDDATE="2025-09-30" ISACTUAL="0" ISACTIVE="0" /><APARTMENT ID="111808616" OBJECTID="174958452" OBJECTGUID="084c16e9-adea-4f35-80bf-155f5c9bbb56" CHANGEID="689731496" NUMBER="3а" APARTTYPE="1" OPERTYPEID="10" PREVID="0" NEXTID="0" UPDATEDATE="2025-09-30" STARTDATE="2025-09-30" ENDDATE="2079-06-06" ISACTUAL="1" ISACTIVE="1" /><APARTMENT ID="111808688" OBJECTID="174958883" OBJECTGUID="cbab4255-b37f-4c15-a1b4-63e41f8cd757" CHANGEID="689732892" NUMBER="32" APARTTYPE="1" OPERTYPEID="10" PREVID="0" NEXTID="0" UPDATEDATE="2025-09-30" STARTDATE="2025-09-30" ENDDATE="2079-06-06" ISACTUAL="1" ISACTIVE="1" /><APARTMENT ID="111809550" OBJECTID="43056952" OBJECTGUID="c94d15a5-7ba9-4699-a50d-6f92a9487a9b" CHANGEID="689743056" NUMBER="1" APARTTYPE="2" OPERTYPEID="55" PREVID="25301794" NEXTID="129181385" UPDATEDATE="2025-09-30" STARTDATE="2025-09-30" ENDDATE="2079-06-06" ISACTUAL="1" ISACTIVE="0" /><APARTMENT ID="25301794" OBJECTID="43056952" OBJECTGUID="c94d15a5-7ba9-4699-a50d-6f92a9487a9b" CHANGEID="65002670" NUMBER="1" APARTTYPE="2" OPERTYPEID="10" PREVID="0" NEXTID="111809550" UPDATEDATE="2025-09-30" STARTDATE="2017-04-14" ENDDATE="2025-09-30" ISACTUAL="0" ISACTIVE="0" /><APARTMENT ID="111809763" OBJECTID="43056776" OBJECTGUID="bbc01992-2a09-47f6-8b6b-8f0f445a6a3d" CHANGEID="689743660" NUMBER="2" APARTTYPE="2" OPERTYPEID="55" PREVID="25301753" NEXTID="129181450" UPDATEDATE="2025-09-30" STARTDATE="2025-09-30" ENDDATE="2079-06-06" ISACTUAL="1" ISACTIVE="0" /><APARTMENT ID="25301753" OBJECTID="43056776" OBJECTGUID="bbc01992-2a09-47f6-8b6b-8f0f445a6a3d" CHANGEID="65002441" NUMBER="2" APARTTYPE="2" OPERTYPEID="10" PREVID="0" NEXTID="111809763" UPDATEDATE="2025-09-30" STARTDATE="2018-08-30" ENDDATE="2025-09-30" ISACTUAL="0" ISACTIVE="0" /><APARTMENT ID="111810680" OBJECTID="174966896" OBJECTGUID="1088811e-cf25-489c-a04f-8f341158e78f" CHANGEID="689750699" NUMBER="2" APARTTYPE="2" OPERTYPEID="10" PREVID="0" NEXTID="0" UPDATEDATE="2025-09-30" STARTDATE="2025-09-30" ENDDATE="2079-06-06" ISACTUAL="1" ISACTIVE="1" /><APARTMENT ID="111810684" OBJECTID="174966921" OBJECTGUID="403f6d5a-1372-49c2-83ba-a689fc00f12b" CHANGEID="689750737" NUMBER="1" APARTTYPE="2" OPERTYPEID="10" PREVID="0" NEXTID="0" UPDATEDATE="2025-09-30" STARTDATE="2025-09-30" ENDDATE="2079-06-06" ISACTUAL="1" ISACTIVE="1" /><APARTMENT ID="111810687" OBJECTID="174966963" OBJECTGUID="39e7889c-fa9c-42d6-bdd6-d5917a469323" CHANGEID="689750837" NUMBER="1" APARTTYPE="1" OPERTYPEID="10" PREVID="0" NEXTID="0" UPDATEDATE="2025-09-30" STARTDATE="2025-09-30" ENDDATE="2079-06-06" ISACTUAL="1" ISACTIVE="1" /><APARTMENT ID="111810789" OBJECTID="174967808" OBJECTGUID="8b57e83b-0999-4fe8-8a35-78707e812846" CHANGEID="689752803" NUMBER="201" APARTTYPE="2" OPERTYPEID="10" PREVID="0" NEXTID="0" UPDATEDATE="2025-09-30" STARTDATE="2025-09-30" ENDDATE="2079-06-06" ISACTUAL="1" ISACTIVE="1" /><APARTMENT ID="111810830" OBJECTID="174968205" OBJECTGUID="9241463c-67fc-41fa-9983-cfea5eafe01c" CHANGEID="689753517" NUMBER="192" APARTTYPE="2" OPERTYPEID="10" PREVID="0" NEXTID="0" UPDATEDATE="2025-09-30" STARTDATE="2025-09-30" ENDDATE="2079-06-06" ISACTUAL="1" ISACTIVE="1" /><APARTMENT ID="111810862" OBJECTID="174968485" OBJECTGUID="4abf4274-b1bb-4391-96aa-c2f4dbfebf2e" CHANGEID="689754550" NUMBER="2" APARTTYPE="2" OPERTYPEID="10" PREVID="0" NEXTID="0" UPDATEDATE="2025-09-30" STARTDATE="2025-09-30" ENDDATE="2079-06-06" ISACTUAL="1" ISACTIVE="1" /><APARTMENT ID="111810864" OBJECTID="174968556" OBJECTGUID="6a815b12-3624-4e32-9649-8ae271c48fed" CHANGEID="689754815" NUMBER="66" APARTTYPE="2" OPERTYPEID="10" PREVID="0" NEXTID="0" UPDATEDATE="2025-09-30" STARTDATE="2025-09-30" ENDDATE="2079-06-06" ISACTUAL="1" ISACTIVE="1" /><APARTMENT ID="111810885" OBJECTID="174968677" OBJECTGUID="b18f3f97-0326-431f-a5f5-e8f5236277ba" CHANGEID="689755052" NUMBER="110" APARTTYPE="2" OPERTYPEID="10" PREVID="0" NEXTID="0" UPDATEDATE="2025-09-30" STARTDATE="2025-09-30" ENDDATE="2079-06-06" ISACTUAL="1" ISACTIVE="1" /><APARTMENT ID="111813983" OBJECTID="174977446" OBJECTGUID="b1c64689-bd9d-4eae-b54f-e0d3e55b2d7a" CHANGEID="689791879" NUMBER="98н" APARTTYPE="1" OPERTYPEID="10" PREVID="0" NEXTID="0" UPDATEDATE="2025-10-01" STARTDATE="2025-10-01" ENDDATE="2079-06-06" ISACTUAL="1" ISACTIVE="1" /><APARTMENT ID="111813984" OBJECTID="174977447" OBJECTGUID="63a625f8-043d-4119-aae5-8a663e3bb3a0" CHANGEID="689791880" NUMBER="97н" APARTTYPE="1" OPERTYPEID="10" PREVID="0" NEXTID="0" UPDATEDATE="2025-10-01" STARTDATE="2025-10-01" ENDDATE="2079-06-06" ISACTUAL="1" ISACTIVE="1" /><APARTMENT ID="111813985" OBJECTID="174977448" OBJECTGUID="fcc501b6-ebf0-42b7-a0d2-7ded7c116108" CHANGEID="689791881" NUMBER="96н" APARTTYPE="1" OPERTYPEID="10" PREVID="0" NEXTID="0" UPDATEDATE="2025-10-01" STARTDATE="2025-10-01" ENDDATE="2079-06-06" ISACTUAL="1" ISACTIVE="1" /><APARTMENT ID="111813986" OBJECTID="174977449" OBJECTGUID="400574fe-0e0d-4819-ba91-47bd67dbd48c" CHANGEID="689791882" NUMBER="94н" APARTTYPE="1" OPERTYPEID="10" PREVID="0" NEXTID="0" UPDATEDATE="2025-10-01" STARTDATE="2025-10-01" ENDDATE="2079-06-06" ISACTUAL="1" ISACTIVE="1" /><APARTMENT ID="111813987" OBJECTID="174977450" OBJECTGUID="de766bc1-280d-4cb5-94a3-04b2f4b3d7e8" CHANGEID="689791883" NUMBER="93н" APARTTYPE="1" OPERTYPEID="10" PREVID="0" NEXTID="0" UPDATEDATE="2025-10-01" STARTDATE="2025-10-01" ENDDATE="2079-06-06" ISACTUAL="1" ISACTIVE="1" /><APARTMENT ID="111813988" OBJECTID="174977451" OBJECTGUID="5f967b80-10c1-45d0-9f5c-1abcd7263be4" CHANGEID="689791884" NUMBER="92н" APARTTYPE="1" OPERTYPEID="10" PREVID="0" NEXTID="0" UPDATEDATE="2025-10-01" STARTDATE="2025-10-01" ENDDATE="2079-06-06" ISACTUAL="1" ISACTIVE="1" /><APARTMENT ID="111813989" OBJECTID="174977452" OBJECTGUID="96a3d0b4-442a-4acb-86ad-edc41c0bb369" CHANGEID="689791885" NUMBER="138н" APARTTYPE="1" OPERTYPEID="10" PREVID="0" NEXTID="0" UPDATEDATE="2025-10-01" STARTDATE="2025-10-01" ENDDATE="2079-06-06" ISACTUAL="1" ISACTIVE="1" /><APARTMENT ID="111813990" OBJECTID="174977453" OBJECTGUID="dd47fcd1-144f-43cd-b871-77ed609f5739" CHANGEID="689791886" NUMBER="137н" APARTTYPE="1" OPERTYPEID="10" PREVID="0" NEXTID="0" UPDATEDATE="2025-10-01" STARTDATE="2025-10-01" ENDDATE="2079-06-06" ISACTUAL="1" ISACTIVE="1" /><APARTMENT ID="111813991" OBJECTID="174977454" OBJECTGUID="924a806b-d3e3-45ce-94f9-2088fbec4b94" CHANGEID="689791887" NUMBER="107н" APARTTYPE="1" OPERTYPEID="10" PREVID="0" NEXTID="0" UPDATEDATE="2025-10-01" STARTDATE="2025-10-01" ENDDATE="2079-06-06" ISACTUAL="1" ISACTIVE="1" /><APARTMENT ID="111813992" OBJECTID="174977455" OBJECTGUID="7bd7b8a6-14ef-4c2a-9d82-591477ac8bc2" CHANGEID="689791888" NUMBER="106н" APARTTYPE="1" OPERTYPEID="10" PREVID="0" NEXTID="0" UPDATEDATE="2025-10-01" STARTDATE="2025-10-01" ENDDATE="2079-06-06" ISACTUAL="1" ISACTIVE="1" /><APARTMENT ID="111813993" OBJECTID="174977456" OBJECTGUID="6d7ccbef-61d3-4c6c-a15e-306d4ee02667" CHANGEID="689791889" NUMBER="10н" APARTTYPE="1" OPERTYPEID="10" PREVID="0" NEXTID="0" UPDATEDATE="2025-10-01" STARTDATE="2025-10-01" ENDDATE="2079-06-06" ISACTUAL="1" ISACTIVE="1" /><APARTMENT ID="111813994" OBJECTID="174977457" OBJECTGUID="596cb4e0-e3b5-4b09-b26b-abc1e731f533" CHANGEID="689791890" NUMBER="91н" APARTTYPE="1" OPERTYPEID="10" PREVID="0" NEXTID="0" UPDATEDATE="2025-10-01" STARTDATE="2025-10-01" ENDDATE="2079-06-06" ISACTUAL="1" ISACTIVE="1" /><APARTMENT ID="111813995" OBJECTID="174977458" OBJECTGUID="dbea171c-f113-4b34-b559-0c04ed36eeb4" CHANGEID="689791891" NUMBER="90н" APARTTYPE="1" OPERTYPEID="10" PREVID="0" NEXTID="0" UPDATEDATE="2025-10-01" STARTDATE="2025-10-01" ENDDATE="2079-06-06" ISACTUAL="1" ISACTIVE="1" /><APARTMENT ID="111813996" OBJECTID="174977459" OBJECTGUID="35155da6-4f19-472e-af20-aecb9501a0ed" CHANGEID="689791892" NUMBER="9н" APARTTYPE="1" OPERTYPEID="10" PREVID="0" NEXTID="0" UPDATEDATE="2025-10-01" STARTDATE="2025-10-01" ENDDATE="2079-06-06" ISACTUAL="1" ISACTIVE="1" /><APARTMENT ID="111813997" OBJECTID="174977460" OBJECTGUID="c6e773fa-6d9f-4571-a5aa-e6ff48076549" CHANGEID="689791893" NUMBER="89н" APARTTYPE="1" OPERTYPEID="10" PREVID="0" NEXTID="0" UPDATEDATE="2025-10-01" STARTDATE="2025-10-01" ENDDATE="2079-06-06" ISACTUAL="1" ISACTIVE="1" /><APARTMENT ID="111813998" OBJECTID="174977461" OBJECTGUID="2dd637d6-23d2-4349-9ba9-2ea548f560ed" CHANGEID="689791894" NUMBER="75н" APARTTYPE="1" OPERTYPEID="10" PREVID="0" NEXTID="0" UPDATEDATE="2025-10-01" STARTDATE="2025-10-01" ENDDATE="2079-06-06" ISACTUAL="1" ISACTIVE="1" /><APARTMENT ID="111813999" OBJECTID="174977462" OBJECTGUID="8a407690-a751-4106-909d-6cb3360706d7" CHANGEID="689791895" NUMBER="69н" APARTTYPE="1" OPERTYPEID="10" PREVID="0" NEXTID="0" UPDATEDATE="2025-10-01" STARTDATE="2025-10-01" ENDDATE="2079-06-06" ISACTUAL="1" ISACTIVE="1" /><APARTMENT ID="111814000" OBJECTID="174977463" OBJECTGUID="7f4d5489-7f10-4754-8aaa-2278a31a52f4" CHANGEID="689791896" NUMBER="68н" APARTTYPE="1" OPERTYPEID="10" PREVID="0" NEXTID="0" UPDATEDATE="2025-10-01" STARTDATE="2025-10-01" ENDDATE="2079-06-06" ISACTUAL="1" ISACTIVE="1" /><APARTMENT ID="111814001" OBJECTID="174977464" OBJECTGUID="99aab623-2a3b-470a-9e8f-473e51829ede" CHANGEID="689791897" NUMBER="67н" APARTTYPE="1" OPERTYPEID="10" PREVID="0" NEXTID="0" UPDATEDATE="2025-10-01" STARTDATE="2025-10-01" ENDDATE="2079-06-06" ISACTUAL="1" ISACTIVE="1" /><APARTMENT ID="111814002" OBJECTID="174977465" OBJECTGUID="8666aa8f-22fe-4299-81b8-33dff8b7609c" CHANGEID="689791898" NUMBER="65н" APARTTYPE="1" OPERTYPEID="10" PREVID="0" NEXTID="0" UPDATEDATE="2025-10-01" STARTDATE="2025-10-01" ENDDATE="2079-06-06" ISACTUAL="1" ISACTIVE="1" /><APARTMENT ID="111814003" OBJECTID="174977466" OBJECTGUID="0372e429-5429-4e9d-b8ae-324f18b93d5e" CHANGEID="689791899" NUMBER="59н" APARTTYPE="1" OPERTYPEID="10" PREVID="0" NEXTID="0" UPDATEDATE="2025-10-01" STARTDATE="2025-10-01" ENDDATE="2079-06-06" ISACTUAL="1" ISACTIVE="1" /><APARTMENT ID="111814004" OBJECTID="174977467" OBJECTGUID="4de03416-4ff3-4936-9c4f-23ce6a943ceb" CHANGEID="689791900" NUMBER="58н" APARTTYPE="1" OPERTYPEID="10" PREVID="0" NEXTID="0" UPDATEDATE="2025-10-01" STARTDATE="2025-10-01" ENDDATE="2079-06-06" ISACTUAL="1" ISACTIVE="1" /><APARTMENT ID="111814005" OBJECTID="174977468" OBJECTGUID="eebc2e72-7db6-4345-b8cb-23c6d1a206f8" CHANGEID="689791901" NUMBER="57н" APARTTYPE="1" OPERTYPEID="10" PREVID="0" NEXTID="0" UPDATEDATE="2025-10-01" STARTDATE="2025-10-01" ENDDATE="2079-06-06" ISACTUAL="1" ISACTIVE="1" /><APARTMENT ID="111814006" OBJECTID="174977469" OBJECTGUID="036545a6-c289-432c-8a5f-b54adf2eda18" CHANGEID="689791902" NUMBER="54н" APARTTYPE="1" OPERTYPEID="10" PREVID="0" NEXTID="0" UPDATEDATE="2025-10-01" STARTDATE="2025-10-01" ENDDATE="2079-06-06" ISACTUAL="1" ISACTIVE="1" /><APARTMENT ID="111814007" OBJECTID="174977470" OBJECTGUID="bc86bdf4-2e06-4124-97f0-7cc39bbd9b14" CHANGEID="689791903" NUMBER="53н" APARTTYPE="1" OPERTYPEID="10" PREVID="0" NEXTID="0" UPDATEDATE="2025-10-01" STARTDATE="2025-10-01" ENDDATE="2079-06-06" ISACTUAL="1" ISACTIVE="1" /><APARTMENT ID="111814008" OBJECTID="174977471" OBJECTGUID="bff9f305-8f51-437f-95a4-6bb08c30187f" CHANGEID="689791904" NUMBER="49н" APARTTYPE="1" OPERTYPEID="10" PREVID="0" NEXTID="0" UPDATEDATE="2025-10-01" STARTDATE="2025-10-01" ENDDATE="2079-06-06" ISACTUAL="1" ISACTIVE="1" /><APARTMENT ID="111814009" OBJECTID="174977472" OBJECTGUID="74dc2d0f-0b86-4ae7-a90d-1f6842b26480" CHANGEID="689791905" NUMBER="43н" APARTTYPE="1" OPERTYPEID="10" PREVID="0" NEXTID="0" UPDATEDATE="2025-10-01" STARTDATE="2025-10-01" ENDDATE="2079-06-06" ISACTUAL="1" ISACTIVE="1" /><APARTMENT ID="111814010" OBJECTID="174977473" OBJECTGUID="6ddc9775-ed0e-43c6-a19a-1ef44cf5ed15" CHANGEID="689791906" NUMBER="42н" APARTTYPE="1" OPERTYPEID="10" PREVID="0" NEXTID="0" UPDATEDATE="2025-10-01" STARTDATE="2025-10-01" ENDDATE="2079-06-06" ISACTUAL="1" ISACTIVE="1" /><APARTMENT ID="111814011" OBJECTID="174977474" OBJECTGUID="061f9c7e-7994-4d6a-bf7c-514330f42052" CHANGEID="689791907" NUMBER="41н" APARTTYPE="1" OPERTYPEID="10" PREVID="0" NEXTID="0" UPDATEDATE="2025-10-01" STARTDATE="2025-10-01" ENDDATE="2079-06-06" ISACTUAL="1" ISACTIVE="1" /><APARTMENT ID="111814012" OBJECTID="174977475" OBJECTGUID="7ac10a91-e540-48b2-8cd2-68641b04705e" CHANGEID="689791908" NUMBER="40н" APARTTYPE="1" OPERTYPEID="10" PREVID="0" NEXTID="0" UPDATEDATE="2025-10-01" STARTDATE="2025-10-01" ENDDATE="2079-06-06" ISACTUAL="1" ISACTIVE="1" /><APARTMENT ID="111814013" OBJECTID="174977476" OBJECTGUID="f37cbaaf-0fbb-4115-9350-1e383ea1f4ef" CHANGEID="689791909" NUMBER="4н" APARTTYPE="1" OPERTYPEID="10" PREVID="0" NEXTID="0" UPDATEDATE="2025-10-01" STARTDATE="2025-10-01" ENDDATE="2079-06-06" ISACTUAL="1" ISACTIVE="1" /><APARTMENT ID="111814014" OBJECTID="174977477" OBJECTGUID="f4db39ab-c6f5-40a9-bd7d-534a1ca9d90c" CHANGEID="689791910" NUMBER="38н" APARTTYPE="1" OPERTYPEID="10" PREVID="0" NEXTID="0" UPDATEDATE="2025-10-01" STARTDATE="2025-10-01" ENDDATE="2079-06-06" ISACTUAL="1" ISACTIVE="1" /><APARTMENT ID="111814015" OBJECTID="174977478" OBJECTGUID="3a279248-99d5-46c0-bff5-81e188aee785" CHANGEID="689791911" NUMBER="37н" APARTTYPE="1" OPERTYPEID="10" PREVID="0" NEXTID="0" UPDATEDATE="2025-10-01" STARTDATE="2025-10-01" ENDDATE="2079-06-06" ISACTUAL="1" ISACTIVE="1" /><APARTMENT ID="111814016" OBJECTID="174977479" OBJECTGUID="0873c137-e8d2-4e25-ad87-8cb518bcac74" CHANGEID="689791912" NUMBER="35н" APARTTYPE="1" OPERTYPEID="10" PREVID="0" NEXTID="0" UPDATEDATE="2025-10-01" STARTDATE="2025-10-01" ENDDATE="2079-06-06" ISACTUAL="1" ISACTIVE="1" /><APARTMENT ID="111814017" OBJECTID="174977480" OBJECTGUID="38bf1284-b5ae-422e-b4f6-906d807017c3" CHANGEID="689791913" NUMBER="33н" APARTTYPE="1" OPERTYPEID="10" PREVID="0" NEXTID="0" UPDATEDATE="2025-10-01" STARTDATE="2025-10-01" ENDDATE="2079-06-06" ISACTUAL="1" ISACTIVE="1" /><APARTMENT ID="111814018" OBJECTID="174977481" OBJECTGUID="3215f84b-0977-442d-b785-6614f4e0e330" CHANGEID="689791914" NUMBER="23н" APARTTYPE="1" OPERTYPEID="10" PREVID="0" NEXTID="0" UPDATEDATE="2025-10-01" STARTDATE="2025-10-01" ENDDATE="2079-06-06" ISACTUAL="1" ISACTIVE="1" /><APARTMENT ID="111814019" OBJECTID="174977482" OBJECTGUID="6f887845-d2b8-4091-b96c-83b2c9704645" CHANGEID="689791915" NUMBER="19н" APARTTYPE="1" OPERTYPEID="10" PREVID="0" NEXTID="0" UPDATEDATE="2025-10-01" STARTDATE="2025-10-01" ENDDATE="2079-06-06" ISACTUAL="1" ISACTIVE="1" /><APARTMENT ID="111814020" OBJECTID="174977483" OBJECTGUID="17508670-a2f1-4c86-b348-d7fd312466e0" CHANGEID="689791916" NUMBER="18н" APARTTYPE="1" OPERTYPEID="10" PREVID="0" NEXTID="0" UPDATEDATE="2025-10-01" STARTDATE="2025-10-01" ENDDATE="2079-06-06" ISACTUAL="1" ISACTIVE="1" /><APARTMENT ID="111814021" OBJECTID="174977484" OBJECTGUID="b4f888fc-b48f-413f-af2d-d8295907fe70" CHANGEID="689791917" NUMBER="17н" APARTTYPE="1" OPERTYPEID="10" PREVID="0" NEXTID="0" UPDATEDATE="2025-10-01" STARTDATE="2025-10-01" ENDDATE="2079-06-06" ISACTUAL="1" ISACTIVE="1" /><APARTMENT ID="111814022" OBJECTID="174977485" OBJECTGUID="3aaeb282-5747-4313-be07-3f720eabc312" CHANGEID="689791918" NUMBER="16н" APARTTYPE="1" OPERTYPEID="10" PREVID="0" NEXTID="0" UPDATEDATE="2025-10-01" STARTDATE="2025-10-01" ENDDATE="2079-06-06" ISACTUAL="1" ISACTIVE="1" /><APARTMENT ID="111814023" OBJECTID="174977486" OBJECTGUID="64c86b7d-0166-448b-b4b8-0673e48eef89" CHANGEID="689791919" NUMBER="15н" APARTTYPE="1" OPERTYPEID="10" PREVID="0" NEXTID="0" UPDATEDATE="2025-10-01" STARTDATE="2025-10-01" ENDDATE="2079-06-06" ISACTUAL="1" ISACTIVE="1" /><APARTMENT ID="111814024" OBJECTID="174977487" OBJECTGUID="e7d3c09f-d60c-4c50-a21c-846530b2f4f2" CHANGEID="689791920" NUMBER="144н" APARTTYPE="1" OPERTYPEID="10" PREVID="0" NEXTID="0" UPDATEDATE="2025-10-01" STARTDATE="2025-10-01" ENDDATE="2079-06-06" ISACTUAL="1" ISACTIVE="1" /><APARTMENT ID="111814025" OBJECTID="174977488" OBJECTGUID="fdd7f5de-13be-46ac-a5f1-516818bff883" CHANGEID="689791921" NUMBER="143н" APARTTYPE="1" OPERTYPEID="10" PREVID="0" NEXTID="0" UPDATEDATE="2025-10-01" STARTDATE="2025-10-01" ENDDATE="2079-06-06" ISACTUAL="1" ISACTIVE="1" /><APARTMENT ID="111814026" OBJECTID="174977489" OBJECTGUID="2c115f00-eed9-42f2-ae5a-9ddfb6194b1f" CHANGEID="689791922" NUMBER="142н" APARTTYPE="1" OPERTYPEID="10" PREVID="0" NEXTID="0" UPDATEDATE="2025-10-01" STARTDATE="2025-10-01" ENDDATE="2079-06-06" ISACTUAL="1" ISACTIVE="1" /><APARTMENT ID="111814027" OBJECTID="174977490" OBJECTGUID="bd5e5257-4aec-4fa8-b70d-52a5bbc9e776" CHANGEID="689791923" NUMBER="136н" APARTTYPE="1" OPERTYPEID="10" PREVID="0" NEXTID="0" UPDATEDATE="2025-10-01" STARTDATE="2025-10-01" ENDDATE="2079-06-06" ISACTUAL="1" ISACTIVE="1" /><APARTMENT ID="111814028" OBJECTID="174977491" OBJECTGUID="f0dcfacf-7ec4-4bb4-9428-e5692fe381dc" CHANGEID="689791924" NUMBER="134н" APARTTYPE="1" OPERTYPEID="10" PREVID="0" NEXTID="0" UPDATEDATE="2025-10-01" STARTDATE="2025-10-01" ENDDATE="2079-06-06" ISACTUAL="1" ISACTIVE="1" /><APARTMENT ID="111814029" OBJECTID="174977492" OBJECTGUID="5bf55215-7f14-4679-91e5-fcfcba3f4474" CHANGEID="689791925" NUMBER="133н" APARTTYPE="1" OPERTYPEID="10" PREVID="0" NEXTID="0" UPDATEDATE="2025-10-01" STARTDATE="2025-10-01" ENDDATE="2079-06-06" ISACTUAL="1" ISACTIVE="1" /><APARTMENT ID="111814030" OBJECTID="174977493" OBJECTGUID="ae684fb5-b955-4ae8-80ee-33fa891abcc6" CHANGEID="689791926" NUMBER="132н" APARTTYPE="1" OPERTYPEID="10" PREVID="0" NEXTID="0" UPDATEDATE="2025-10-01" STARTDATE="2025-10-01" ENDDATE="2079-06-06" ISACTUAL="1" ISACTIVE="1" /><APARTMENT ID="111814031" OBJECTID="174977494" OBJECTGUID="8b9df9cb-0a9d-4a60-ab1a-ce4825eb6995" CHANGEID="689791927" NUMBER="127н" APARTTYPE="1" OPERTYPEID="10" PREVID="0" NEXTID="0" UPDATEDATE="2025-10-01" STARTDATE="2025-10-01" ENDDATE="2079-06-06" ISACTUAL="1" ISACTIVE="1" /><APARTMENT ID="111814032" OBJECTID="174977495" OBJECTGUID="efe5cef4-b539-4d3e-a008-5d6fa0adb714" CHANGEID="689791928" NUMBER="126н" APARTTYPE="1" OPERTYPEID="10" PREVID="0" NEXTID="0" UPDATEDATE="2025-10-01" STARTDATE="2025-10-01" ENDDATE="2079-06-06" ISACTUAL="1" ISACTIVE="1" /><APARTMENT ID="111814033" OBJECTID="174977496" OBJECTGUID="3c743f81-aed7-4ea7-a69a-2983451fd666" CHANGEID="689791929" NUMBER="125н" APARTTYPE="1" OPERTYPEID="10" PREVID="0" NEXTID="0" UPDATEDATE="2025-10-01" STARTDATE="2025-10-01" ENDDATE="2079-06-06" ISACTUAL="1" ISACTIVE="1" /><APARTMENT ID="111814034" OBJECTID="174977497" OBJECTGUID="e7beb096-2289-4fc8-826f-bc2b06f89231" CHANGEID="689791930" NUMBER="124н" APARTTYPE="1" OPERTYPEID="10" PREVID="0" NEXTID="0" UPDATEDATE="2025-10-01" STARTDATE="2025-10-01" ENDDATE="2079-06-06" ISACTUAL="1" ISACTIVE="1" /><APARTMENT ID="111814035" OBJECTID="174977498" OBJECTGUID="af81478f-57d9-4d74-8999-af7f90432fe5" CHANGEID="689791931" NUMBER="123н" APARTTYPE="1" OPERTYPEID="10" PREVID="0" NEXTID="0" UPDATEDATE="2025-10-01" STARTDATE="2025-10-01" ENDDATE="2079-06-06" ISACTUAL="1" ISACTIVE="1" /><APARTMENT ID="111814036" OBJECTID="174977499" OBJECTGUID="fa4dbd53-f717-4d8d-b8bb-d9547e4fd049" CHANGEID="689791932" NUMBER="122н" APARTTYPE="1" OPERTYPEID="10" PREVID="0" NEXTID="0" UPDATEDATE="2025-10-01" STARTDATE="2025-10-01" ENDDATE="2079-06-06" ISACTUAL="1" ISACTIVE="1" /><APARTMENT ID="111814037" OBJECTID="174977500" OBJECTGUID="a886448b-b48e-4853-ad2c-23e3ea64a4fe" CHANGEID="689791933" NUMBER="121н" APARTTYPE="1" OPERTYPEID="10" PREVID="0" NEXTID="0" UPDATEDATE="2025-10-01" STARTDATE="2025-10-01" ENDDATE="2079-06-06" ISACTUAL="1" ISACTIVE="1" /><APARTMENT ID="111814038" OBJECTID="174977501" OBJECTGUID="ea10f444-08f6-460f-9d17-39d8735186c8" CHANGEID="689791934" NUMBER="120н" APARTTYPE="1" OPERTYPEID="10" PREVID="0" NEXTID="0" UPDATEDATE="2025-10-01" STARTDATE="2025-10-01" ENDDATE="2079-06-06" ISACTUAL="1" ISACTIVE="1" /><APARTMENT ID="111814039" OBJECTID="174977502" OBJECTGUID="d2c91cb1-9506-4dfc-b141-bb0d65265882" CHANGEID="689791935" NUMBER="12н" APARTTYPE="1" OPERTYPEID="10" PREVID="0" NEXTID="0" UPDATEDATE="2025-10-01" STARTDATE="2025-10-01" ENDDATE="2079-06-06" ISACTUAL="1" ISACTIVE="1" /><APARTMENT ID="111814040" OBJECTID="174977503" OBJECTGUID="b7891096-e539-43af-9285-ad080ba1f20f" CHANGEID="689791936" NUMBER="119н" APARTTYPE="1" OPERTYPEID="10" PREVID="0" NEXTID="0" UPDATEDATE="2025-10-01" STARTDATE="2025-10-01" ENDDATE="2079-06-06" ISACTUAL="1" ISACTIVE="1" /><APARTMENT ID="111814041" OBJECTID="174977504" OBJECTGUID="5880f454-a523-432c-a8de-c465c8eb4fc9" CHANGEID="689791937" NUMBER="112н" APARTTYPE="1" OPERTYPEID="10" PREVID="0" NEXTID="0" UPDATEDATE="2025-10-01" STARTDATE="2025-10-01" ENDDATE="2079-06-06" ISACTUAL="1" ISACTIVE="1" /><APARTMENT ID="111814042" OBJECTID="174977505" OBJECTGUID="38502be9-8a7c-44af-a59a-22d90f1650e6" CHANGEID="689791938" NUMBER="111н" APARTTYPE="1" OPERTYPEID="10" PREVID="0" NEXTID="0" UPDATEDATE="2025-10-01" STARTDATE="2025-10-01" ENDDATE="2079-06-06" ISACTUAL="1" ISACTIVE="1" /><APARTMENT ID="111814043" OBJECTID="174977506" OBJECTGUID="21d61bc3-acb5-4d17-af95-8a67ecb4d80b" CHANGEID="689791939" NUMBER="11н" APARTTYPE="1" OPERTYPEID="10" PREVID="0" NEXTID="0" UPDATEDATE="2025-10-01" STARTDATE="2025-10-01" ENDDATE="2079-06-06" ISACTUAL="1" ISACTIVE="1" /><APARTMENT ID="111814044" OBJECTID="174977507" OBJECTGUID="43a077fe-9f63-4465-920c-462c2d10ec66" CHANGEID="689791940" NUMBER="109н" APARTTYPE="1" OPERTYPEID="10" PREVID="0" NEXTID="0" UPDATEDATE="2025-10-01" STARTDATE="2025-10-01" ENDDATE="2079-06-06" ISACTUAL="1" ISACTIVE="1" /><APARTMENT ID="111814045" OBJECTID="174977508" OBJECTGUID="936c57d2-3c0d-47d0-8b93-9638b1303d07" CHANGEID="689791941" NUMBER="108н" APARTTYPE="1" OPERTYPEID="10" PREVID="0" NEXTID="0" UPDATEDATE="2025-10-01" STARTDATE="2025-10-01" ENDDATE="2079-06-06" ISACTUAL="1" ISACTIVE="1" /><APARTMENT ID="111815193" OBJECTID="174982293" OBJECTGUID="1ace8c5d-ff82-4a80-ad3b-f731970d4dce" CHANGEID="689801159" NUMBER="1" APARTTYPE="2" OPERTYPEID="10" PREVID="0" NEXTID="0" UPDATEDATE="2025-10-01" STARTDATE="2025-10-01" ENDDATE="2079-06-06" ISACTUAL="1" ISACTIVE="1" /><APARTMENT ID="111816493" OBJECTID="174986759" OBJECTGUID="211acd68-cadd-4ef3-adc8-6e681b3f6b02" CHANGEID="689810820" NUMBER="4" APARTTYPE="2" OPERTYPEID="10" PREVID="0" NEXTID="0" UPDATEDATE="2025-10-01" STARTDATE="2025-10-01" ENDDATE="2079-06-06" ISACTUAL="1" ISACTIVE="1" /><APARTMENT ID="111816494" OBJECTID="174986760" OBJECTGUID="0a31f9d5-2978-47a7-80dd-aa62809d5848" CHANGEID="689810821" NUMBER="3" APARTTYPE="2" OPERTYPEID="10" PREVID="0" NEXTID="0" UPDATEDATE="2025-10-01" STARTDATE="2025-10-01" ENDDATE="2079-06-06" ISACTUAL="1" ISACTIVE="1" /><APARTMENT ID="111816495" OBJECTID="174986761" OBJECTGUID="fb682a4b-2894-4238-b945-2b76834aad72" CHANGEID="689810822" NUMBER="1" APARTTYPE="2" OPERTYPEID="10" PREVID="0" NEXTID="0" UPDATEDATE="2025-10-01" STARTDATE="2025-10-01" ENDDATE="2079-06-06" ISACTUAL="1" ISACTIVE="1" /><APARTMENT ID="111816496" OBJECTID="174986763" OBJECTGUID="bd07b72c-0623-4c7e-9806-0365a88a5282" CHANGEID="689810824" NUMBER="4" APARTTYPE="2" OPERTYPEID="10" PREVID="0" NEXTID="0" UPDATEDATE="2025-10-01" STARTDATE="2025-10-01" ENDDATE="2079-06-06" ISACTUAL="1" ISACTIVE="1" /><APARTMENT ID="111816497" OBJECTID="174986764" OBJECTGUID="d2ce28e2-4ec4-49d8-b47e-ca042dd4d86c" CHANGEID="689810825" NUMBER="3" APARTTYPE="2" OPERTYPEID="10" PREVID="0" NEXTID="0" UPDATEDATE="2025-10-01" STARTDATE="2025-10-01" ENDDATE="2079-06-06" ISACTUAL="1" ISACTIVE="1" /><APARTMENT ID="111816498" OBJECTID="174986765" OBJECTGUID="d360cba4-81a4-4afd-a86c-d07902a3bdd8" CHANGEID="689810826" NUMBER="1" APARTTYPE="2" OPERTYPEID="10" PREVID="0" NEXTID="0" UPDATEDATE="2025-10-01" STARTDATE="2025-10-01" ENDDATE="2079-06-06" ISACTUAL="1" ISACTIVE="1" /><APARTMENT ID="111816506" OBJECTID="174986773" OBJECTGUID="b3644ca6-e5ed-4ddf-8ba5-0acb467153c8" CHANGEID="689810838" NUMBER="4" APARTTYPE="2" OPERTYPEID="10" PREVID="0" NEXTID="0" UPDATEDATE="2025-10-01" STARTDATE="2025-10-01" ENDDATE="2079-06-06" ISACTUAL="1" ISACTIVE="1" /><APARTMENT ID="111816507" OBJECTID="174986774" OBJECTGUID="01660b27-094c-4d30-b8ad-9f419ce59a7e" CHANGEID="689810839" NUMBER="3" APARTTYPE="2" OPERTYPEID="10" PREVID="0" NEXTID="0" UPDATEDATE="2025-10-01" STARTDATE="2025-10-01" ENDDATE="2079-06-06" ISACTUAL="1" ISACTIVE="1" /><APARTMENT ID="111816508" OBJECTID="174986775" OBJECTGUID="2cb87c1d-16cc-4c73-9f4c-45628db3bd1e" CHANGEID="689810840" NUMBER="1" APARTTYPE="2" OPERTYPEID="10" PREVID="0" NEXTID="0" UPDATEDATE="2025-10-01" STARTDATE="2025-10-01" ENDDATE="2079-06-06" ISACTUAL="1" ISACTIVE="1" /><APARTMENT ID="111816500" OBJECTID="174986767" OBJECTGUID="8b8eed23-4250-4e1c-bdb4-11054c7e9529" CHANGEID="689810830" NUMBER="4" APARTTYPE="2" OPERTYPEID="10" PREVID="0" NEXTID="0" UPDATEDATE="2025-10-01" STARTDATE="2025-10-01" ENDDATE="2079-06-06" ISACTUAL="1" ISACTIVE="1" /><APARTMENT ID="111816501" OBJECTID="174986768" OBJECTGUID="4e315eb7-8447-424c-a476-3f1ec18d6161" CHANGEID="689810831" NUMBER="3" APARTTYPE="2" OPERTYPEID="10" PREVID="0" NEXTID="0" UPDATEDATE="2025-10-01" STARTDATE="2025-10-01" ENDDATE="2079-06-06" ISACTUAL="1" ISACTIVE="1" /><APARTMENT ID="111816502" OBJECTID="174986769" OBJECTGUID="bfb9de8d-5840-4063-93c0-b49a37ba3f41" CHANGEID="689810832" NUMBER="1" APARTTYPE="2" OPERTYPEID="10" PREVID="0" NEXTID="0" UPDATEDATE="2025-10-01" STARTDATE="2025-10-01" ENDDATE="2079-06-06" ISACTUAL="1" ISACTIVE="1" /><APARTMENT ID="111817458" OBJECTID="174988484" OBJECTGUID="d23a0e91-097e-41cc-8314-80927c57f3d8" CHANGEID="689813307" NUMBER="58" APARTTYPE="2" OPERTYPEID="10" PREVID="0" NEXTID="0" UPDATEDATE="2025-10-01" STARTDATE="2025-10-01" ENDDATE="2079-06-06" ISACTUAL="1" ISACTIVE="1" /><APARTMENT ID="111817459" OBJECTID="174988485" OBJECTGUID="b1d117b7-20b3-4bff-a742-38b149ad1c84" CHANGEID="689813308" NUMBER="57" APARTTYPE="2" OPERTYPEID="10" PREVID="0" NEXTID="0" UPDATEDATE="2025-10-01" STARTDATE="2025-10-01" ENDDATE="2079-06-06" ISACTUAL="1" ISACTIVE="1" /><APARTMENT ID="111817460" OBJECTID="174988486" OBJECTGUID="7f73cae2-949e-4707-98ab-c5f618048b05" CHANGEID="689813309" NUMBER="55" APARTTYPE="2" OPERTYPEID="10" PREVID="0" NEXTID="0" UPDATEDATE="2025-10-01" STARTDATE="2025-10-01" ENDDATE="2079-06-06" ISACTUAL="1" ISACTIVE="1" /><APARTMENT ID="111817461" OBJECTID="174988487" OBJECTGUID="a03c8e45-5300-4e82-83ef-f43dfaedc93b" CHANGEID="689813310" NUMBER="68" APARTTYPE="2" OPERTYPEID="10" PREVID="0" NEXTID="0" UPDATEDATE="2025-10-01" STARTDATE="2025-10-01" ENDDATE="2079-06-06" ISACTUAL="1" ISACTIVE="1" /><APARTMENT ID="111817462" OBJECTID="174988488" OBJECTGUID="3eb6f9c0-5f8f-444a-813b-ef6571353181" CHANGEID="689813311" NUMBER="66" APARTTYPE="2" OPERTYPEID="10" PREVID="0" NEXTID="0" UPDATEDATE="2025-10-01" STARTDATE="2025-10-01" ENDDATE="2079-06-06" ISACTUAL="1" ISACTIVE="1" /><APARTMENT ID="111817463" OBJECTID="174988489" OBJECTGUID="deb31e1b-193e-43a8-84e5-1cd81891d505" CHANGEID="689813312" NUMBER="65" APARTTYPE="2" OPERTYPEID="10" PREVID="0" NEXTID="0" UPDATEDATE="2025-10-01" STARTDATE="2025-10-01" ENDDATE="2079-06-06" ISACTUAL="1" ISACTIVE="1" /><APARTMENT ID="111817464" OBJECTID="174988490" OBJECTGUID="1e0e4643-5c88-42df-a4b3-649c953a06f4" CHANGEID="689813313" NUMBER="64" APARTTYPE="2" OPERTYPEID="10" PREVID="0" NEXTID="0" UPDATEDATE="2025-10-01" STARTDATE="2025-10-01" ENDDATE="2079-06-06" ISACTUAL="1" ISACTIVE="1" /><APARTMENT ID="111817465" OBJECTID="174988491" OBJECTGUID="8b23c123-b28e-45c1-a3a5-abfc9c9ced67" CHANGEID="689813314" NUMBER="63" APARTTYPE="2" OPERTYPEID="10" PREVID="0" NEXTID="0" UPDATEDATE="2025-10-01" STARTDATE="2025-10-01" ENDDATE="2079-06-06" ISACTUAL="1" ISACTIVE="1" /><APARTMENT ID="111817466" OBJECTID="174988492" OBJECTGUID="a725da2e-778e-469a-afce-93f744a3c992" CHANGEID="689813315" NUMBER="62" APARTTYPE="2" OPERTYPEID="10" PREVID="0" NEXTID="0" UPDATEDATE="2025-10-01" STARTDATE="2025-10-01" ENDDATE="2079-06-06" ISACTUAL="1" ISACTIVE="1" /><APARTMENT ID="111817467" OBJECTID="174988493" OBJECTGUID="a391481b-9d0a-47ae-8ed0-48dabaee1f50" CHANGEID="689813316" NUMBER="61" APARTTYPE="2" OPERTYPEID="10" PREVID="0" NEXTID="0" UPDATEDATE="2025-10-01" STARTDATE="2025-10-01" ENDDATE="2079-06-06" ISACTUAL="1" ISACTIVE="1" /><APARTMENT ID="111817468" OBJECTID="174988494" OBJECTGUID="81290d09-2a30-4a29-8a4e-7879b48cdc1b" CHANGEID="689813317" NUMBER="60" APARTTYPE="2" OPERTYPEID="10" PREVID="0" NEXTID="0" UPDATEDATE="2025-10-01" STARTDATE="2025-10-01" ENDDATE="2079-06-06" ISACTUAL="1" ISACTIVE="1" /><APARTMENT ID="111817469" OBJECTID="174988495" OBJECTGUID="05b8c5de-6a98-4807-b192-0f0a7cd89e00" CHANGEID="689813318" NUMBER="59" APARTTYPE="2" OPERTYPEID="10" PREVID="0" NEXTID="0" UPDATEDATE="2025-10-01" STARTDATE="2025-10-01" ENDDATE="2079-06-06" ISACTUAL="1" ISACTIVE="1" /><APARTMENT ID="111817470" OBJECTID="174988496" OBJECTGUID="1226ba10-2987-4519-bc01-028a29fa70f6" CHANGEID="689813319" NUMBER="54" APARTTYPE="2" OPERTYPEID="10" PREVID="0" NEXTID="0" UPDATEDATE="2025-10-01" STARTDATE="2025-10-01" ENDDATE="2079-06-06" ISACTUAL="1" ISACTIVE="1" /><APARTMENT ID="111817471" OBJECTID="174988497" OBJECTGUID="c2b43012-72fc-4385-a5be-d6e7e3d0fdc9" CHANGEID="689813320" NUMBER="53" APARTTYPE="2" OPERTYPEID="10" PREVID="0" NEXTID="0" UPDATEDATE="2025-10-01" STARTDATE="2025-10-01" ENDDATE="2079-06-06" ISACTUAL="1" ISACTIVE="1" /><APARTMENT ID="111817472" OBJECTID="174988498" OBJECTGUID="16c449fe-d38a-4506-a719-193772a72439" CHANGEID="689813321" NUMBER="52" APARTTYPE="2" OPERTYPEID="10" PREVID="0" NEXTID="0" UPDATEDATE="2025-10-01" STARTDATE="2025-10-01" ENDDATE="2079-06-06" ISACTUAL="1" ISACTIVE="1" /><APARTMENT ID="111817473" OBJECTID="174988499" OBJECTGUID="6dfec38e-29e4-4343-b93b-2eacfc3e0aaa" CHANGEID="689813322" NUMBER="50" APARTTYPE="2" OPERTYPEID="10" PREVID="0" NEXTID="0" UPDATEDATE="2025-10-01" STARTDATE="2025-10-01" ENDDATE="2079-06-06" ISACTUAL="1" ISACTIVE="1" /><APARTMENT ID="111817474" OBJECTID="174988500" OBJECTGUID="f5f6a9f2-84b5-4620-b715-4b49d7a4959d" CHANGEID="689813323" NUMBER="49" APARTTYPE="2" OPERTYPEID="10" PREVID="0" NEXTID="0" UPDATEDATE="2025-10-01" STARTDATE="2025-10-01" ENDDATE="2079-06-06" ISACTUAL="1" ISACTIVE="1" /><APARTMENT ID="111817475" OBJECTID="174988501" OBJECTGUID="c2183cb8-b268-42da-bb6f-c9f69315e4f6" CHANGEID="689813324" NUMBER="48" APARTTYPE="1" OPERTYPEID="10" PREVID="0" NEXTID="0" UPDATEDATE="2025-10-01" STARTDATE="2025-10-01" ENDDATE="2079-06-06" ISACTUAL="1" ISACTIVE="1" /><APARTMENT ID="111817476" OBJECTID="174988502" OBJECTGUID="ab4f5c6d-4705-4532-a72d-b42069801a06" CHANGEID="689813325" NUMBER="47" APARTTYPE="2" OPERTYPEID="10" PREVID="0" NEXTID="0" UPDATEDATE="2025-10-01" STARTDATE="2025-10-01" ENDDATE="2079-06-06" ISACTUAL="1" ISACTIVE="1" /><APARTMENT ID="111817477" OBJECTID="174988503" OBJECTGUID="19498433-5048-4a27-babb-3b9aa67b8688" CHANGEID="689813326" NUMBER="46" APARTTYPE="2" OPERTYPEID="10" PREVID="0" NEXTID="0" UPDATEDATE="2025-10-01" STARTDATE="2025-10-01" ENDDATE="2079-06-06" ISACTUAL="1" ISACTIVE="1" /><APARTMENT ID="111817478" OBJECTID="174988504" OBJECTGUID="51c7f5e3-e775-4fcc-9083-753bed2cddb0" CHANGEID="689813327" NUMBER="45" APARTTYPE="2" OPERTYPEID="10" PREVID="0" NEXTID="0" UPDATEDATE="2025-10-01" STARTDATE="2025-10-01" ENDDATE="2079-06-06" ISACTUAL="1" ISACTIVE="1" /><APARTMENT ID="111817479" OBJECTID="174988505" OBJECTGUID="7772f5ae-e50d-4222-8db5-e8d813724967" CHANGEID="689813328" NUMBER="44" APARTTYPE="1" OPERTYPEID="10" PREVID="0" NEXTID="0" UPDATEDATE="2025-10-01" STARTDATE="2025-10-01" ENDDATE="2079-06-06" ISACTUAL="1" ISACTIVE="1" /><APARTMENT ID="111817480" OBJECTID="174988506" OBJECTGUID="c362fcba-f257-43ab-8910-81eb7824ab0e" CHANGEID="689813329" NUMBER="43" APARTTYPE="2" OPERTYPEID="10" PREVID="0" NEXTID="0" UPDATEDATE="2025-10-01" STARTDATE="2025-10-01" ENDDATE="2079-06-06" ISACTUAL="1" ISACTIVE="1" /><APARTMENT ID="111817481" OBJECTID="174988507" OBJECTGUID="dcfd08d8-b47e-4843-8516-d5f6e42b2add" CHANGEID="689813330" NUMBER="42" APARTTYPE="2" OPERTYPEID="10" PREVID="0" NEXTID="0" UPDATEDATE="2025-10-01" STARTDATE="2025-10-01" ENDDATE="2079-06-06" ISACTUAL="1" ISACTIVE="1" /><APARTMENT ID="111817482" OBJECTID="174988508" OBJECTGUID="65ddd6b8-ad88-485b-9a0f-936d5a4107ff" CHANGEID="689813331" NUMBER="41" APARTTYPE="2" OPERTYPEID="10" PREVID="0" NEXTID="0" UPDATEDATE="2025-10-01" STARTDATE="2025-10-01" ENDDATE="2079-06-06" ISACTUAL="1" ISACTIVE="1" /><APARTMENT ID="111817483" OBJECTID="174988509" OBJECTGUID="55502222-7fc8-4876-a7d9-3e89f6a7d02b" CHANGEID="689813332" NUMBER="37" APARTTYPE="2" OPERTYPEID="10" PREVID="0" NEXTID="0" UPDATEDATE="2025-10-01" STARTDATE="2025-10-01" ENDDATE="2079-06-06" ISACTUAL="1" ISACTIVE="1" /><APARTMENT ID="111817484" OBJECTID="174988510" OBJECTGUID="3c229112-9e18-4f4f-aa40-ff1b2438f17a" CHANGEID="689813333" NUMBER="36" APARTTYPE="2" OPERTYPEID="10" PREVID="0" NEXTID="0" UPDATEDATE="2025-10-01" STARTDATE="2025-10-01" ENDDATE="2079-06-06" ISACTUAL="1" ISACTIVE="1" /><APARTMENT ID="111817485" OBJECTID="174988511" OBJECTGUID="a12e9b60-578a-4405-bf9e-66425d366bc6" CHANGEID="689813334" NUMBER="35" APARTTYPE="2" OPERTYPEID="10" PREVID="0" NEXTID="0" UPDATEDATE="2025-10-01" STARTDATE="2025-10-01" ENDDATE="2079-06-06" ISACTUAL="1" ISACTIVE="1" /><APARTMENT ID="111817486" OBJECTID="174988512" OBJECTGUID="a314055d-1c11-482d-adf1-857a648cbc1a" CHANGEID="689813335" NUMBER="33" APARTTYPE="2" OPERTYPEID="10" PREVID="0" NEXTID="0" UPDATEDATE="2025-10-01" STARTDATE="2025-10-01" ENDDATE="2079-06-06" ISACTUAL="1" ISACTIVE="1" /><APARTMENT ID="111817487" OBJECTID="174988513" OBJECTGUID="8599fbfa-ddfb-46a1-a948-a3e59ea15c26" CHANGEID="689813336" NUMBER="32" APARTTYPE="2" OPERTYPEID="10" PREVID="0" NEXTID="0" UPDATEDATE="2025-10-01" STARTDATE="2025-10-01" ENDDATE="2079-06-06" ISACTUAL="1" ISACTIVE="1" /><APARTMENT ID="111817488" OBJECTID="174988514" OBJECTGUID="dfa287af-ce97-4307-a218-7a20cdf79040" CHANGEID="689813337" NUMBER="29" APARTTYPE="2" OPERTYPEID="10" PREVID="0" NEXTID="0" UPDATEDATE="2025-10-01" STARTDATE="2025-10-01" ENDDATE="2079-06-06" ISACTUAL="1" ISACTIVE="1" /><APARTMENT ID="111817489" OBJECTID="174988515" OBJECTGUID="9761c5e5-0578-49f7-baca-92601a1a89b7" CHANGEID="689813338" NUMBER="28" APARTTYPE="2" OPERTYPEID="10" PREVID="0" NEXTID="0" UPDATEDATE="2025-10-01" STARTDATE="2025-10-01" ENDDATE="2079-06-06" ISACTUAL="1" ISACTIVE="1" /><APARTMENT ID="111817490" OBJECTID="174988516" OBJECTGUID="4a69fb1b-7002-4bae-9d34-72f1b93c03f9" CHANGEID="689813339" NUMBER="27" APARTTYPE="2" OPERTYPEID="10" PREVID="0" NEXTID="0" UPDATEDATE="2025-10-01" STARTDATE="2025-10-01" ENDDATE="2079-06-06" ISACTUAL="1" ISACTIVE="1" /><APARTMENT ID="111817491" OBJECTID="174988517" OBJECTGUID="2b7e3f4e-c93e-49de-9b0b-9f3db474cfb2" CHANGEID="689813340" NUMBER="26" APARTTYPE="2" OPERTYPEID="10" PREVID="0" NEXTID="0" UPDATEDATE="2025-10-01" STARTDATE="2025-10-01" ENDDATE="2079-06-06" ISACTUAL="1" ISACTIVE="1" /><APARTMENT ID="111817492" OBJECTID="174988518" OBJECTGUID="4dce5bda-e242-40c3-91c3-b01fd061ad8f" CHANGEID="689813341" NUMBER="25" APARTTYPE="2" OPERTYPEID="10" PREVID="0" NEXTID="0" UPDATEDATE="2025-10-01" STARTDATE="2025-10-01" ENDDATE="2079-06-06" ISACTUAL="1" ISACTIVE="1" /><APARTMENT ID="111817493" OBJECTID="174988519" OBJECTGUID="16fd3299-0f45-42e3-997b-214f57ac954b" CHANGEID="689813342" NUMBER="24" APARTTYPE="2" OPERTYPEID="10" PREVID="0" NEXTID="0" UPDATEDATE="2025-10-01" STARTDATE="2025-10-01" ENDDATE="2079-06-06" ISACTUAL="1" ISACTIVE="1" /><APARTMENT ID="111817494" OBJECTID="174988520" OBJECTGUID="c2de5f74-eb20-40ba-b870-ba8f99c80dae" CHANGEID="689813343" NUMBER="23" APARTTYPE="2" OPERTYPEID="10" PREVID="0" NEXTID="0" UPDATEDATE="2025-10-01" STARTDATE="2025-10-01" ENDDATE="2079-06-06" ISACTUAL="1" ISACTIVE="1" /><APARTMENT ID="111817495" OBJECTID="174988521" OBJECTGUID="3098bfae-cca3-4bdf-870f-208960d92ae1" CHANGEID="689813344" NUMBER="22" APARTTYPE="2" OPERTYPEID="10" PREVID="0" NEXTID="0" UPDATEDATE="2025-10-01" STARTDATE="2025-10-01" ENDDATE="2079-06-06" ISACTUAL="1" ISACTIVE="1" /><APARTMENT ID="111817496" OBJECTID="174988522" OBJECTGUID="bc5181fa-5b1b-4ef9-a6bd-a64f38057951" CHANGEID="689813345" NUMBER="21" APARTTYPE="2" OPERTYPEID="10" PREVID="0" NEXTID="0" UPDATEDATE="2025-10-01" STARTDATE="2025-10-01" ENDDATE="2079-06-06" ISACTUAL="1" ISACTIVE="1" /><APARTMENT ID="111817497" OBJECTID="174988523" OBJECTGUID="52df0045-5cb9-42b4-8161-b2422931ec19" CHANGEID="689813346" NUMBER="20" APARTTYPE="2" OPERTYPEID="10" PREVID="0" NEXTID="0" UPDATEDATE="2025-10-01" STARTDATE="2025-10-01" ENDDATE="2079-06-06" ISACTUAL="1" ISACTIVE="1" /><APARTMENT ID="111817498" OBJECTID="174988524" OBJECTGUID="532cfd92-4f47-49c4-8098-ef347f0b4b8f" CHANGEID="689813347" NUMBER="18" APARTTYPE="2" OPERTYPEID="10" PREVID="0" NEXTID="0" UPDATEDATE="2025-10-01" STARTDATE="2025-10-01" ENDDATE="2079-06-06" ISACTUAL="1" ISACTIVE="1" /><APARTMENT ID="111817499" OBJECTID="174988525" OBJECTGUID="7fb03a64-21a2-4718-9283-6deaea8d2441" CHANGEID="689813348" NUMBER="17" APARTTYPE="2" OPERTYPEID="10" PREVID="0" NEXTID="0" UPDATEDATE="2025-10-01" STARTDATE="2025-10-01" ENDDATE="2079-06-06" ISACTUAL="1" ISACTIVE="1" /><APARTMENT ID="111817500" OBJECTID="174988526" OBJECTGUID="dcef2fc2-84ef-40a2-a9d1-fe0cc4d708dd" CHANGEID="689813349" NUMBER="16" APARTTYPE="2" OPERTYPEID="10" PREVID="0" NEXTID="0" UPDATEDATE="2025-10-01" STARTDATE="2025-10-01" ENDDATE="2079-06-06" ISACTUAL="1" ISACTIVE="1" /><APARTMENT ID="111817501" OBJECTID="174988527" OBJECTGUID="fde5fcc8-4325-4346-81ce-313929e4fa40" CHANGEID="689813350" NUMBER="15" APARTTYPE="2" OPERTYPEID="10" PREVID="0" NEXTID="0" UPDATEDATE="2025-10-01" STARTDATE="2025-10-01" ENDDATE="2079-06-06" ISACTUAL="1" ISACTIVE="1" /><APARTMENT ID="111817502" OBJECTID="174988528" OBJECTGUID="fcd3acaf-4956-4b9e-a29b-0bc4b1a457fe" CHANGEID="689813351" NUMBER="14" APARTTYPE="2" OPERTYPEID="10" PREVID="0" NEXTID="0" UPDATEDATE="2025-10-01" STARTDATE="2025-10-01" ENDDATE="2079-06-06" ISACTUAL="1" ISACTIVE="1" /><APARTMENT ID="111817503" OBJECTID="174988529" OBJECTGUID="824782f4-31bd-4226-8d75-a121c6f662e4" CHANGEID="689813352" NUMBER="11" APARTTYPE="2" OPERTYPEID="10" PREVID="0" NEXTID="0" UPDATEDATE="2025-10-01" STARTDATE="2025-10-01" ENDDATE="2079-06-06" ISACTUAL="1" ISACTIVE="1" /><APARTMENT ID="111817504" OBJECTID="174988530" OBJECTGUID="87b9e3ee-bdff-4164-95ab-e712cca709c9" CHANGEID="689813353" NUMBER="9" APARTTYPE="2" OPERTYPEID="10" PREVID="0" NEXTID="0" UPDATEDATE="2025-10-01" STARTDATE="2025-10-01" ENDDATE="2079-06-06" ISACTUAL="1" ISACTIVE="1" /><APARTMENT ID="111817505" OBJECTID="174988531" OBJECTGUID="8992615c-a379-497e-b965-bdb7a0b32a9b" CHANGEID="689813354" NUMBER="6" APARTTYPE="2" OPERTYPEID="10" PREVID="0" NEXTID="0" UPDATEDATE="2025-10-01" STARTDATE="2025-10-01" ENDDATE="2079-06-06" ISACTUAL="1" ISACTIVE="1" /><APARTMENT ID="111817506" OBJECTID="174988532" OBJECTGUID="7e74eaf1-4076-4e7d-bd3c-b16bcc4bb495" CHANGEID="689813355" NUMBER="5" APARTTYPE="2" OPERTYPEID="10" PREVID="0" NEXTID="0" UPDATEDATE="2025-10-01" STARTDATE="2025-10-01" ENDDATE="2079-06-06" ISACTUAL="1" ISACTIVE="1" /><APARTMENT ID="111817507" OBJECTID="174988533" OBJECTGUID="d4ecfef0-2594-4ccd-a88e-88ce3a5a2116" CHANGEID="689813356" NUMBER="4" APARTTYPE="2" OPERTYPEID="10" PREVID="0" NEXTID="0" UPDATEDATE="2025-10-01" STARTDATE="2025-10-01" ENDDATE="2079-06-06" ISACTUAL="1" ISACTIVE="1" /><APARTMENT ID="111817508" OBJECTID="174988534" OBJECTGUID="c90e27cb-e5c9-4259-9b29-e22ff5ca7ee1" CHANGEID="689813357" NUMBER="3" APARTTYPE="2" OPERTYPEID="10" PREVID="0" NEXTID="0" UPDATEDATE="2025-10-01" STARTDATE="2025-10-01" ENDDATE="2079-06-06" ISACTUAL="1" ISACTIVE="1" /><APARTMENT ID="111817770" OBJECTID="44637707" OBJECTGUID="b11a68d2-e308-43be-aa02-6f41d748f3f2" CHANGEID="689814302" NUMBER="80" APARTTYPE="2" OPERTYPEID="20" PREVID="26284402" UPDATEDATE="2025-10-01" STARTDATE="2025-10-01" ENDDATE="2079-06-06" ISACTUAL="1" ISACTIVE="1" /><APARTMENT ID="26284402" OBJECTID="44637707" OBJECTGUID="b11a68d2-e308-43be-aa02-6f41d748f3f2" CHANGEID="67290196" NUMBER="80" APARTTYPE="4" OPERTYPEID="10" PREVID="0" NEXTID="111817770" UPDATEDATE="2025-10-01" STARTDATE="1900-01-01" ENDDATE="2025-10-01" ISACTUAL="0" ISACTIVE="0" /><APARTMENT ID="111818032" OBJECTID="174989768" OBJECTGUID="d8bb5269-dc8a-4a89-8d4d-75dc7df1e136" CHANGEID="689815899" NUMBER="2н" APARTTYPE="1" OPERTYPEID="10" PREVID="0" NEXTID="0" UPDATEDATE="2025-10-01" STARTDATE="2025-10-01" ENDDATE="2079-06-06" ISACTUAL="1" ISACTIVE="1" /><APARTMENT ID="111818033" OBJECTID="174989769" OBJECTGUID="453c12e6-3dac-4749-9e9f-2a831125d0a9" CHANGEID="689815900" NUMBER="1н" APARTTYPE="1" OPERTYPEID="10" PREVID="0" NEXTID="0" UPDATEDATE="2025-10-01" STARTDATE="2025-10-01" ENDDATE="2079-06-06" ISACTUAL="1" ISACTIVE="1" /><APARTMENT ID="111818039" OBJECTID="174989781" OBJECTGUID="6e8fb0fb-afc1-4add-8afb-e7ca347e49fe" CHANGEID="689815942" NUMBER="2н" APARTTYPE="1" OPERTYPEID="10" PREVID="0" NEXTID="0" UPDATEDATE="2025-10-01" STARTDATE="2025-10-01" ENDDATE="2079-06-06" ISACTUAL="1" ISACTIVE="1" /><APARTMENT ID="111818040" OBJECTID="174989782" OBJECTGUID="6c3c9891-3e30-4fe9-bd8c-9a2f97ba6745" CHANGEID="689815943" NUMBER="1н" APARTTYPE="1" OPERTYPEID="10" PREVID="0" NEXTID="0" UPDATEDATE="2025-10-01" STARTDATE="2025-10-01" ENDDATE="2079-06-06" ISACTUAL="1" ISACTIVE="1" /><APARTMENT ID="111818046" OBJECTID="174989796" OBJECTGUID="35e75954-a1f9-41fe-8494-5935b3d5bae2" CHANGEID="689815993" NUMBER="2н" APARTTYPE="1" OPERTYPEID="10" PREVID="0" NEXTID="0" UPDATEDATE="2025-10-01" STARTDATE="2025-10-01" ENDDATE="2079-06-06" ISACTUAL="1" ISACTIVE="1" /><APARTMENT ID="111818819" OBJECTID="171057057" OBJECTGUID="8765a867-96e5-446a-9947-61c286d54fc3" CHANGEID="689820137" NUMBER="1" APARTTYPE="2" OPERTYPEID="55" PREVID="110523257" NEXTID="129191189" UPDATEDATE="2025-10-01" STARTDATE="2025-10-01" ENDDATE="2079-06-06" ISACTUAL="1" ISACTIVE="0" /><APARTMENT ID="110523257" OBJECTID="171057057" OBJECTGUID="8765a867-96e5-446a-9947-61c286d54fc3" CHANGEID="642741665" NUMBER="1" APARTTYPE="2" OPERTYPEID="10" PREVID="0" NEXTID="111818819" UPDATEDATE="2025-10-01" STARTDATE="2025-03-18" ENDDATE="2025-10-01" ISACTUAL="0" ISACTIVE="0" /></APARTMENTS>