﻿<?xml version="1.0" encoding="utf-8"?><ADDRESSOBJECTS><OBJECT ID="1146657" OBJECTID="921911" OBJECTGUID="cf2d4394-5879-4a7f-bd48-288a64ad2ed3" CHANGEID="2547667" NAME="Саково" TYPENAME="д" LEVEL="6" OPERTYPEID="1" PREVID="0" NEXTID="52190042" UPDATEDATE="2025-10-01" STARTDATE="1900-01-01" ENDDATE="2025-10-01" ISACTUAL="0" ISACTIVE="0" /><OBJECT ID="1147766" OBJECTID="922813" OBJECTGUID="a6c8ca8e-4a97-429d-bd2b-a0ff029da633" CHANGEID="2550173" NAME="Левково" TYPENAME="д" LEVEL="6" OPERTYPEID="1" PREVID="0" NEXTID="52190043" UPDATEDATE="2025-10-01" STARTDATE="1900-01-01" ENDDATE="2025-10-01" ISACTUAL="0" ISACTIVE="0" /><OBJECT ID="1146953" OBJECTID="922147" OBJECTGUID="20e668d9-4b8c-4d79-b151-fe8d1d47d896" CHANGEID="2548326" NAME="Сергейково" TYPENAME="д" LEVEL="6" OPERTYPEID="1" PREVID="0" NEXTID="52190045" UPDATEDATE="2025-10-01" STARTDATE="1900-01-01" ENDDATE="2025-10-01" ISACTUAL="0" ISACTIVE="0" /><OBJECT ID="1149227" OBJECTID="923975" OBJECTGUID="1cd76097-a8af-4fe2-abd2-1e03bc8e0c84" CHANGEID="2553377" NAME="Тополёвка" TYPENAME="д" LEVEL="6" OPERTYPEID="1" PREVID="1149177" NEXTID="52190057" UPDATEDATE="2025-10-01" STARTDATE="1900-01-01" ENDDATE="2025-10-01" ISACTUAL="0" ISACTIVE="0" /><OBJECT ID="1149296" OBJECTID="924072" OBJECTGUID="6c2a1bb2-8fbb-4cd5-b879-a8ea71315bbf" CHANGEID="2553547" NAME="Бакшиха" TYPENAME="д" LEVEL="6" OPERTYPEID="1" PREVID="0" NEXTID="52190063" UPDATEDATE="2025-10-01" STARTDATE="1900-01-01" ENDDATE="2025-10-01" ISACTUAL="0" ISACTIVE="0" /><OBJECT ID="1150445" OBJECTID="925048" OBJECTGUID="9350a507-b7c3-424f-8a2f-9cd0cdfaad20" CHANGEID="2555995" NAME="Ослякино" TYPENAME="д" LEVEL="6" OPERTYPEID="1" PREVID="0" NEXTID="52190058" UPDATEDATE="2025-10-01" STARTDATE="1900-01-01" ENDDATE="2025-10-01" ISACTUAL="0" ISACTIVE="0" /><OBJECT ID="1151150" OBJECTID="925640" OBJECTGUID="15fe8844-2d66-4615-83c6-c0b91434fa39" CHANGEID="2557445" NAME="Игнатицы" TYPENAME="д" LEVEL="6" OPERTYPEID="1" PREVID="0" NEXTID="52190046" UPDATEDATE="2025-10-01" STARTDATE="1900-01-01" ENDDATE="2025-10-01" ISACTUAL="0" ISACTIVE="0" /><OBJECT ID="1155321" OBJECTID="928960" OBJECTGUID="c29cbf81-86fc-4d32-8de5-9a411613a969" CHANGEID="2565644" NAME="Ёглино" TYPENAME="д" LEVEL="6" OPERTYPEID="1" PREVID="1155247" NEXTID="52190059" UPDATEDATE="2025-10-01" STARTDATE="1900-01-01" ENDDATE="2025-10-01" ISACTUAL="0" ISACTIVE="0" /><OBJECT ID="1155730" OBJECTID="929297" OBJECTGUID="56510612-9b9b-44f7-b2f6-ced98bf290cc" CHANGEID="2566397" NAME="Дымовья-1" TYPENAME="д" LEVEL="6" OPERTYPEID="1" PREVID="1155656" NEXTID="52190060" UPDATEDATE="2025-10-01" STARTDATE="1900-01-01" ENDDATE="2025-10-01" ISACTUAL="0" ISACTIVE="0" /><OBJECT ID="1159125" OBJECTID="932247" OBJECTGUID="7d9ce800-f520-4aef-9908-8f924fc22595" CHANGEID="2573178" NAME="Язвищи" TYPENAME="д" LEVEL="6" OPERTYPEID="1" PREVID="0" NEXTID="52190064" UPDATEDATE="2025-10-01" STARTDATE="1900-01-01" ENDDATE="2025-10-01" ISACTUAL="0" ISACTIVE="0" /><OBJECT ID="1162757" OBJECTID="935301" OBJECTGUID="fb68f9d0-8b46-460d-bb95-e2f7606675d5" CHANGEID="2580874" NAME="Дымовья-2" TYPENAME="д" LEVEL="6" OPERTYPEID="1" PREVID="1162704" NEXTID="52190062" UPDATEDATE="2025-10-01" STARTDATE="1900-01-01" ENDDATE="2025-10-01" ISACTUAL="0" ISACTIVE="0" /><OBJECT ID="52189396" OBJECTID="174926100" OBJECTGUID="c51143c7-a1fe-4fcf-abe5-61ebece990ad" CHANGEID="689655781" NAME="Сельскохозяйственная Мазихина Горка" TYPENAME="тер." LEVEL="7" OPERTYPEID="10" PREVID="0" NEXTID="0" UPDATEDATE="2025-09-29" STARTDATE="2025-09-29" ENDDATE="2079-06-06" ISACTUAL="1" ISACTIVE="1" /><OBJECT ID="52189726" OBJECTID="174959218" OBJECTGUID="4b42ca40-3b86-4da1-a2dc-a7f530a19c66" CHANGEID="689733644" NAME="Лесной" TYPENAME="кв-л" LEVEL="7" OPERTYPEID="10" PREVID="0" NEXTID="0" UPDATEDATE="2025-09-30" STARTDATE="2025-09-30" ENDDATE="2079-06-06" ISACTUAL="1" ISACTIVE="1" /><OBJECT ID="52189741" OBJECTID="174959767" OBJECTGUID="cc5476bd-f8b6-4336-961c-a8bb6420ea46" CHANGEID="689734685" NAME="Сельскохозяйственная Черёмошье" TYPENAME="тер." LEVEL="7" OPERTYPEID="10" PREVID="0" NEXTID="0" UPDATEDATE="2025-09-30" STARTDATE="2025-09-30" ENDDATE="2079-06-06" ISACTUAL="1" ISACTIVE="1" /><OBJECT ID="52189742" OBJECTID="174959795" OBJECTGUID="f42b1bb1-1d58-426b-8f52-72c65656c38f" CHANGEID="689734723" NAME="Сельскохозяйственная Сушани" TYPENAME="тер." LEVEL="7" OPERTYPEID="10" PREVID="0" NEXTID="0" UPDATEDATE="2025-09-30" STARTDATE="2025-09-30" ENDDATE="2079-06-06" ISACTUAL="1" ISACTIVE="1" /><OBJECT ID="52189745" OBJECTID="174959808" OBJECTGUID="8aabb2aa-d8a6-4e69-a2f1-266bdc511693" CHANGEID="689734770" NAME="Сельскохозяйственная Нальцы" TYPENAME="тер." LEVEL="7" OPERTYPEID="10" PREVID="0" NEXTID="0" UPDATEDATE="2025-09-30" STARTDATE="2025-09-30" ENDDATE="2079-06-06" ISACTUAL="1" ISACTIVE="1" /><OBJECT ID="52189747" OBJECTID="174959945" OBJECTGUID="de691ef1-f156-4257-bf51-20c1497859e9" CHANGEID="689734954" NAME="Сельскохозяйственная Волгино" TYPENAME="тер." LEVEL="7" OPERTYPEID="10" PREVID="0" NEXTID="0" UPDATEDATE="2025-09-30" STARTDATE="2025-09-30" ENDDATE="2079-06-06" ISACTUAL="1" ISACTIVE="1" /><OBJECT ID="52189823" OBJECTID="174963535" OBJECTGUID="c68d6245-4f5c-4bff-a9fe-4368aa6ce3fd" CHANGEID="689742647" NAME="СХ Едрово" TYPENAME="тер." LEVEL="7" OPERTYPEID="10" PREVID="0" NEXTID="0" UPDATEDATE="2025-09-30" STARTDATE="2025-09-30" ENDDATE="2079-06-06" ISACTUAL="1" ISACTIVE="1" /><OBJECT ID="52190006" OBJECTID="174981504" OBJECTGUID="e25fd966-e6cb-458d-b131-20b614bd787e" CHANGEID="689799636" NAME="автодороги Кобылкино-Шелгуново-Шотово" TYPENAME="тер." LEVEL="7" OPERTYPEID="10" PREVID="0" NEXTID="0" UPDATEDATE="2025-10-01" STARTDATE="2025-10-01" ENDDATE="2079-06-06" ISACTUAL="1" ISACTIVE="1" /><OBJECT ID="52190007" OBJECTID="174981521" OBJECTGUID="b69935f1-16e0-4d74-9a48-5555500bcfaf" CHANGEID="689799674" NAME="автодороги Березовец-Матасово" TYPENAME="тер." LEVEL="7" OPERTYPEID="10" PREVID="0" NEXTID="0" UPDATEDATE="2025-10-01" STARTDATE="2025-10-01" ENDDATE="2079-06-06" ISACTUAL="1" ISACTIVE="1" /><OBJECT ID="52190038" OBJECTID="931363" OBJECTGUID="6ff32281-aacd-44c4-8d1a-38ac93721676" CHANGEID="689804860" NAME="Водоси" TYPENAME="д" LEVEL="6" OPERTYPEID="30" PREVID="1158096" NEXTID="0" UPDATEDATE="2025-10-01" STARTDATE="2025-10-01" ENDDATE="2079-06-06" ISACTUAL="1" ISACTIVE="0" /><OBJECT ID="1158096" OBJECTID="931363" OBJECTGUID="6ff32281-aacd-44c4-8d1a-38ac93721676" CHANGEID="2571089" NAME="Водоси" TYPENAME="д" LEVEL="6" OPERTYPEID="1" PREVID="0" NEXTID="52190038" UPDATEDATE="2025-10-01" STARTDATE="1900-01-01" ENDDATE="2025-10-01" ISACTUAL="0" ISACTIVE="0" /><OBJECT ID="52190045" OBJECTID="922147" OBJECTGUID="20e668d9-4b8c-4d79-b151-fe8d1d47d896" CHANGEID="689805019" NAME="Сергейково" TYPENAME="д" LEVEL="6" OPERTYPEID="30" PREVID="1146953" NEXTID="0" UPDATEDATE="2025-10-01" STARTDATE="2025-10-01" ENDDATE="2079-06-06" ISACTUAL="1" ISACTIVE="0" /><OBJECT ID="52190047" OBJECTID="928512" OBJECTGUID="b9f317c6-7304-40d3-9590-c1a09bad7bc1" CHANGEID="689805055" NAME="Маслино" TYPENAME="д" LEVEL="6" OPERTYPEID="30" PREVID="1154697" NEXTID="0" UPDATEDATE="2025-10-01" STARTDATE="2025-10-01" ENDDATE="2079-06-06" ISACTUAL="1" ISACTIVE="0" /><OBJECT ID="1154697" OBJECTID="928512" OBJECTGUID="b9f317c6-7304-40d3-9590-c1a09bad7bc1" CHANGEID="2564433" NAME="Маслино" TYPENAME="д" LEVEL="6" OPERTYPEID="1" PREVID="0" NEXTID="52190047" UPDATEDATE="2025-10-01" STARTDATE="1900-01-01" ENDDATE="2025-10-01" ISACTUAL="0" ISACTIVE="0" /><OBJECT ID="52190057" OBJECTID="923975" OBJECTGUID="1cd76097-a8af-4fe2-abd2-1e03bc8e0c84" CHANGEID="689805323" NAME="Тополёвка" TYPENAME="д" LEVEL="6" OPERTYPEID="30" PREVID="1149227" NEXTID="0" UPDATEDATE="2025-10-01" STARTDATE="2025-10-01" ENDDATE="2079-06-06" ISACTUAL="1" ISACTIVE="0" /><OBJECT ID="52190058" OBJECTID="925048" OBJECTGUID="9350a507-b7c3-424f-8a2f-9cd0cdfaad20" CHANGEID="689805324" NAME="Ослякино" TYPENAME="д" LEVEL="6" OPERTYPEID="30" PREVID="1150445" NEXTID="0" UPDATEDATE="2025-10-01" STARTDATE="2025-10-01" ENDDATE="2079-06-06" ISACTUAL="1" ISACTIVE="0" /><OBJECT ID="52190059" OBJECTID="928960" OBJECTGUID="c29cbf81-86fc-4d32-8de5-9a411613a969" CHANGEID="689805325" NAME="Ёглино" TYPENAME="д" LEVEL="6" OPERTYPEID="30" PREVID="1155321" NEXTID="0" UPDATEDATE="2025-10-01" STARTDATE="2025-10-01" ENDDATE="2079-06-06" ISACTUAL="1" ISACTIVE="0" /><OBJECT ID="52190060" OBJECTID="929297" OBJECTGUID="56510612-9b9b-44f7-b2f6-ced98bf290cc" CHANGEID="689805326" NAME="Дымовья-1" TYPENAME="д" LEVEL="6" OPERTYPEID="30" PREVID="1155730" NEXTID="0" UPDATEDATE="2025-10-01" STARTDATE="2025-10-01" ENDDATE="2079-06-06" ISACTUAL="1" ISACTIVE="0" /><OBJECT ID="52190061" OBJECTID="933866" OBJECTGUID="c5f04aeb-d817-406c-acb3-bbcc7ce651e2" CHANGEID="689805327" NAME="Бахариха" TYPENAME="д" LEVEL="6" OPERTYPEID="30" PREVID="1161038" NEXTID="0" UPDATEDATE="2025-10-01" STARTDATE="2025-10-01" ENDDATE="2079-06-06" ISACTUAL="1" ISACTIVE="0" /><OBJECT ID="1161038" OBJECTID="933866" OBJECTGUID="c5f04aeb-d817-406c-acb3-bbcc7ce651e2" CHANGEID="2577221" NAME="Бахариха" TYPENAME="д" LEVEL="6" OPERTYPEID="1" PREVID="0" NEXTID="52190061" UPDATEDATE="2025-10-01" STARTDATE="1900-01-01" ENDDATE="2025-10-01" ISACTUAL="0" ISACTIVE="0" /><OBJECT ID="52190062" OBJECTID="935301" OBJECTGUID="fb68f9d0-8b46-460d-bb95-e2f7606675d5" CHANGEID="689805328" NAME="Дымовья-2" TYPENAME="д" LEVEL="6" OPERTYPEID="30" PREVID="1162757" NEXTID="0" UPDATEDATE="2025-10-01" STARTDATE="2025-10-01" ENDDATE="2079-06-06" ISACTUAL="1" ISACTIVE="0" /><OBJECT ID="52190063" OBJECTID="924072" OBJECTGUID="6c2a1bb2-8fbb-4cd5-b879-a8ea71315bbf" CHANGEID="689805350" NAME="Бакшиха" TYPENAME="д" LEVEL="6" OPERTYPEID="30" PREVID="1149296" NEXTID="0" UPDATEDATE="2025-10-01" STARTDATE="2025-10-01" ENDDATE="2079-06-06" ISACTUAL="1" ISACTIVE="0" /><OBJECT ID="52190064" OBJECTID="932247" OBJECTGUID="7d9ce800-f520-4aef-9908-8f924fc22595" CHANGEID="689805351" NAME="Язвищи" TYPENAME="д" LEVEL="6" OPERTYPEID="30" PREVID="1159125" NEXTID="0" UPDATEDATE="2025-10-01" STARTDATE="2025-10-01" ENDDATE="2079-06-06" ISACTUAL="1" ISACTIVE="0" /><OBJECT ID="52190042" OBJECTID="921911" OBJECTGUID="cf2d4394-5879-4a7f-bd48-288a64ad2ed3" CHANGEID="689805006" NAME="Саково" TYPENAME="д" LEVEL="6" OPERTYPEID="30" PREVID="1146657" NEXTID="0" UPDATEDATE="2025-10-01" STARTDATE="2025-10-01" ENDDATE="2079-06-06" ISACTUAL="1" ISACTIVE="0" /><OBJECT ID="52190043" OBJECTID="922813" OBJECTGUID="a6c8ca8e-4a97-429d-bd2b-a0ff029da633" CHANGEID="689805007" NAME="Левково" TYPENAME="д" LEVEL="6" OPERTYPEID="30" PREVID="1147766" NEXTID="0" UPDATEDATE="2025-10-01" STARTDATE="2025-10-01" ENDDATE="2079-06-06" ISACTUAL="1" ISACTIVE="0" /><OBJECT ID="52190044" OBJECTID="927280" OBJECTGUID="2d62e18d-2281-41af-afea-ab32e9935bc6" CHANGEID="689805008" NAME="Залезёнка" TYPENAME="д" LEVEL="6" OPERTYPEID="30" PREVID="1153222" NEXTID="0" UPDATEDATE="2025-10-01" STARTDATE="2025-10-01" ENDDATE="2079-06-06" ISACTUAL="1" ISACTIVE="0" /><OBJECT ID="1153222" OBJECTID="927280" OBJECTGUID="2d62e18d-2281-41af-afea-ab32e9935bc6" CHANGEID="2561462" NAME="Залезёнка" TYPENAME="д" LEVEL="6" OPERTYPEID="1" PREVID="0" NEXTID="52190044" UPDATEDATE="2025-10-01" STARTDATE="1900-01-01" ENDDATE="2025-10-01" ISACTUAL="0" ISACTIVE="0" /><OBJECT ID="52190046" OBJECTID="925640" OBJECTGUID="15fe8844-2d66-4615-83c6-c0b91434fa39" CHANGEID="689805043" NAME="Игнатицы" TYPENAME="д" LEVEL="6" OPERTYPEID="30" PREVID="1151150" NEXTID="0" UPDATEDATE="2025-10-01" STARTDATE="2025-10-01" ENDDATE="2079-06-06" ISACTUAL="1" ISACTIVE="0" /><OBJECT ID="52190095" OBJECTID="174986043" OBJECTGUID="a5c5328d-8c9c-4769-b058-8bcf9005a5c0" CHANGEID="689809602" NAME="Усть-Волмская автодорожная" TYPENAME="тер." LEVEL="7" OPERTYPEID="10" PREVID="0" NEXTID="0" UPDATEDATE="2025-10-01" STARTDATE="2025-10-01" ENDDATE="2079-06-06" ISACTUAL="1" ISACTIVE="1" /><OBJECT ID="52190159" OBJECTID="174989696" OBJECTGUID="78acf13f-4b01-40a2-82cc-7d5a0866b9fe" CHANGEID="689815503" NAME="автодороги Подлитовье-Старая Русса-Пола-Лозницы" TYPENAME="тер." LEVEL="7" OPERTYPEID="10" PREVID="0" NEXTID="0" UPDATEDATE="2025-10-01" STARTDATE="2025-10-01" ENDDATE="2079-06-06" ISACTUAL="1" ISACTIVE="1" /><OBJECT ID="52190166" OBJECTID="174989778" OBJECTGUID="8f533a23-8ab0-4a38-9e74-f61cd30acdf7" CHANGEID="689815935" NAME="автодороги Кулаково-Заробье" TYPENAME="тер." LEVEL="7" OPERTYPEID="10" PREVID="0" NEXTID="0" UPDATEDATE="2025-10-01" STARTDATE="2025-10-01" ENDDATE="2079-06-06" ISACTUAL="1" ISACTIVE="1" /><OBJECT ID="52190169" OBJECTID="174990524" OBJECTGUID="e17c42da-6525-4a69-9ca9-6341f2c2f484" CHANGEID="689817323" NAME="Аграрная Боровёнковская" TYPENAME="тер." LEVEL="7" OPERTYPEID="10" PREVID="0" NEXTID="0" UPDATEDATE="2025-10-01" STARTDATE="2025-10-01" ENDDATE="2079-06-06" ISACTUAL="1" ISACTIVE="1" /><OBJECT ID="52190170" OBJECTID="174990631" OBJECTGUID="b2367847-f4da-4a4d-80a0-b87f983c7e6d" CHANGEID="689817527" NAME="Ручьевская автодорожная" TYPENAME="тер." LEVEL="7" OPERTYPEID="10" PREVID="0" NEXTID="0" UPDATEDATE="2025-10-01" STARTDATE="2025-10-01" ENDDATE="2079-06-06" ISACTUAL="1" ISACTIVE="1" /></ADDRESSOBJECTS>