﻿<?xml version="1.0" encoding="utf-8"?><HOUSES><HOUSE ID="55020965" OBJECTID="50219719" OBJECTGUID="3361561c-2575-4f8a-9f7c-0b1e56f88e69" CHANGEID="75387085" HOUSENUM="58в" HOUSETYPE="3" OPERTYPEID="20" PREVID="30043652" NEXTID="129166149" UPDATEDATE="2025-09-29" STARTDATE="2019-10-14" ENDDATE="2025-09-29" ISACTUAL="0" ISACTIVE="0" /><HOUSE ID="55214667" OBJECTID="80595229" OBJECTGUID="361f0358-27a9-4862-8e3a-cdb2e1534772" CHANGEID="119787441" HOUSENUM="7" HOUSETYPE="2" OPERTYPEID="20" PREVID="48765142" NEXTID="129183466" UPDATEDATE="2025-09-30" STARTDATE="2014-01-04" ENDDATE="2025-09-30" ISACTUAL="0" ISACTIVE="0" /><HOUSE ID="56688120" OBJECTID="11568510" OBJECTGUID="4aeeb683-39d1-4196-819f-f52c1a87a2fd" CHANGEID="18799265" HOUSENUM="15а" HOUSETYPE="2" OPERTYPEID="20" PREVID="6190553" NEXTID="129186116" UPDATEDATE="2025-10-01" STARTDATE="2015-09-03" ENDDATE="2025-10-01" ISACTUAL="0" ISACTIVE="0" /><HOUSE ID="9283187" OBJECTID="16310551" OBJECTGUID="1526993b-8843-4d87-a1c0-7952151c7ee1" CHANGEID="25889395" HOUSENUM="14/1" HOUSETYPE="2" OPERTYPEID="10" PREVID="0" NEXTID="129188547" UPDATEDATE="2025-10-01" STARTDATE="2018-12-17" ENDDATE="2025-10-01" ISACTUAL="0" ISACTIVE="0" /><HOUSE ID="29401306" OBJECTID="49167980" OBJECTGUID="5690c137-f62a-4472-a9fb-4f0a4f89840f" CHANGEID="73859143" HOUSENUM="53" HOUSETYPE="3" OPERTYPEID="10" PREVID="0" NEXTID="129177674" UPDATEDATE="2025-09-30" STARTDATE="2016-10-18" ENDDATE="2025-09-30" ISACTUAL="0" ISACTIVE="0" /><HOUSE ID="129166149" OBJECTID="50219719" OBJECTGUID="3361561c-2575-4f8a-9f7c-0b1e56f88e69" CHANGEID="689638543" HOUSENUM="58в" HOUSETYPE="2" OPERTYPEID="20" PREVID="55020965" NEXTID="129174654" UPDATEDATE="2025-09-29" STARTDATE="2025-09-29" ENDDATE="2025-09-29" ISACTUAL="0" ISACTIVE="0" /><HOUSE ID="129167301" OBJECTID="174920173" OBJECTGUID="d4d5fc6e-2699-4f1e-85fb-563b1cf6f74d" CHANGEID="689646412" HOUSENUM="2Б" HOUSETYPE="2" OPERTYPEID="10" PREVID="0" NEXTID="0" UPDATEDATE="2025-09-29" STARTDATE="2025-09-29" ENDDATE="2079-06-06" ISACTUAL="1" ISACTIVE="1" /><HOUSE ID="129167317" OBJECTID="174920251" OBJECTGUID="d89c108f-7a6c-428a-b590-2935cf5319ca" CHANGEID="689646550" HOUSENUM="48/3" HOUSETYPE="2" OPERTYPEID="10" PREVID="0" NEXTID="0" UPDATEDATE="2025-09-29" STARTDATE="2025-09-29" ENDDATE="2079-06-06" ISACTUAL="1" ISACTIVE="1" /><HOUSE ID="129167344" OBJECTID="174920318" OBJECTGUID="c7d859f2-fb30-4d47-8344-b7af69a64d81" CHANGEID="689646647" HOUSENUM="1" HOUSETYPE="2" OPERTYPEID="10" PREVID="0" NEXTID="0" UPDATEDATE="2025-09-29" STARTDATE="2025-09-29" ENDDATE="2079-06-06" ISACTUAL="1" ISACTIVE="1" /><HOUSE ID="129167361" OBJECTID="174920412" OBJECTGUID="f79b4c9d-088d-4e9e-beb9-946c74264ddc" CHANGEID="689646798" HOUSENUM="11А" HOUSETYPE="2" OPERTYPEID="10" PREVID="0" NEXTID="0" UPDATEDATE="2025-09-29" STARTDATE="2025-09-29" ENDDATE="2079-06-06" ISACTUAL="1" ISACTIVE="1" /><HOUSE ID="129167909" OBJECTID="174921990" OBJECTGUID="a10c0220-542d-4a21-a7b1-0a3983145507" CHANGEID="689649370" HOUSENUM="52А" HOUSETYPE="2" OPERTYPEID="10" PREVID="0" NEXTID="0" UPDATEDATE="2025-09-29" STARTDATE="2025-09-29" ENDDATE="2079-06-06" ISACTUAL="1" ISACTIVE="1" /><HOUSE ID="129168036" OBJECTID="174922229" OBJECTGUID="aa20de56-38a1-43ed-bf67-515afa1da2d6" CHANGEID="689649765" HOUSENUM="62В" HOUSETYPE="2" OPERTYPEID="10" PREVID="0" NEXTID="0" UPDATEDATE="2025-09-29" STARTDATE="2025-09-29" ENDDATE="2079-06-06" ISACTUAL="1" ISACTIVE="1" /><HOUSE ID="129168045" OBJECTID="174922273" OBJECTGUID="a2cb81b7-a65e-4d44-bfcd-08fea5e77964" CHANGEID="689649837" HOUSENUM="105Б" HOUSETYPE="2" OPERTYPEID="10" PREVID="0" NEXTID="0" UPDATEDATE="2025-09-29" STARTDATE="2025-09-29" ENDDATE="2079-06-06" ISACTUAL="1" ISACTIVE="1" /><HOUSE ID="129168860" OBJECTID="174924403" OBJECTGUID="87edf646-0a3f-4285-9047-70472ce18c44" CHANGEID="689652939" HOUSENUM="7А" HOUSETYPE="2" OPERTYPEID="10" PREVID="0" NEXTID="0" UPDATEDATE="2025-09-29" STARTDATE="2025-09-29" ENDDATE="2079-06-06" ISACTUAL="1" ISACTIVE="1" /><HOUSE ID="129168883" OBJECTID="174924502" OBJECTGUID="edc940e2-6708-4ec5-a848-4d39614f0fbd" CHANGEID="689653084" HOUSENUM="24" HOUSETYPE="2" OPERTYPEID="10" PREVID="0" NEXTID="0" UPDATEDATE="2025-09-29" STARTDATE="2025-09-29" ENDDATE="2079-06-06" ISACTUAL="1" ISACTIVE="1" /><HOUSE ID="129168916" OBJECTID="174924727" OBJECTGUID="ca6a23ee-4687-4578-9614-cc6ca1294026" CHANGEID="689653376" HOUSENUM="9/1" HOUSETYPE="7" OPERTYPEID="10" PREVID="0" NEXTID="0" UPDATEDATE="2025-09-29" STARTDATE="2025-09-29" ENDDATE="2079-06-06" ISACTUAL="1" ISACTIVE="1" /><HOUSE ID="129170008" OBJECTID="174928406" OBJECTGUID="02d5fa35-307d-4e45-897a-6cfbc1836b28" CHANGEID="689664214" HOUSENUM="48/1" HOUSETYPE="2" OPERTYPEID="10" PREVID="0" NEXTID="0" UPDATEDATE="2025-09-29" STARTDATE="2025-09-29" ENDDATE="2079-06-06" ISACTUAL="1" ISACTIVE="1" /><HOUSE ID="129170737" OBJECTID="174930588" OBJECTGUID="0f3b7c9b-73c1-48a7-b36b-e9f5537aeb4d" CHANGEID="689669905" HOUSENUM="9/6" HOUSETYPE="2" OPERTYPEID="10" PREVID="0" NEXTID="0" UPDATEDATE="2025-09-29" STARTDATE="2025-09-29" ENDDATE="2079-06-06" ISACTUAL="1" ISACTIVE="1" /><HOUSE ID="129171082" OBJECTID="174932113" OBJECTGUID="8f648e0b-13a0-42b7-b583-3b5f21b919b3" CHANGEID="689672702" HOUSENUM="7А" HOUSETYPE="2" OPERTYPEID="10" PREVID="0" NEXTID="0" UPDATEDATE="2025-09-29" STARTDATE="2025-09-29" ENDDATE="2079-06-06" ISACTUAL="1" ISACTIVE="1" /><HOUSE ID="129171124" OBJECTID="174932230" OBJECTGUID="fe173805-45ca-4519-a6d8-7621cb569a1f" CHANGEID="689672893" HOUSENUM="9" HOUSETYPE="2" OPERTYPEID="10" PREVID="0" NEXTID="0" UPDATEDATE="2025-09-29" STARTDATE="2025-09-29" ENDDATE="2079-06-06" ISACTUAL="1" ISACTIVE="1" /><HOUSE ID="129171141" OBJECTID="174932279" OBJECTGUID="fda1a1f7-2002-4d3e-80f5-4fa0f0504ce3" CHANGEID="689672985" HOUSENUM="8" HOUSETYPE="2" OPERTYPEID="10" PREVID="0" NEXTID="0" UPDATEDATE="2025-09-29" STARTDATE="2025-09-29" ENDDATE="2079-06-06" ISACTUAL="1" ISACTIVE="1" /><HOUSE ID="129171526" OBJECTID="174933650" OBJECTGUID="a04fcc27-7ba2-4154-8bfc-7cc9306a8bf5" CHANGEID="689675231" HOUSENUM="139" HOUSETYPE="2" OPERTYPEID="10" PREVID="0" NEXTID="0" UPDATEDATE="2025-09-29" STARTDATE="2025-09-29" ENDDATE="2079-06-06" ISACTUAL="1" ISACTIVE="1" /><HOUSE ID="129174179" OBJECTID="174941324" OBJECTGUID="a92be184-7b9a-4524-b213-d5ff914e131b" CHANGEID="689692730" HOUSENUM="17" HOUSETYPE="2" OPERTYPEID="10" PREVID="0" NEXTID="0" UPDATEDATE="2025-09-29" STARTDATE="2025-09-29" ENDDATE="2079-06-06" ISACTUAL="1" ISACTIVE="1" /><HOUSE ID="129174214" OBJECTID="174941399" OBJECTGUID="6b73aa68-f43f-446a-bfee-5b62bbe34496" CHANGEID="689692916" HOUSENUM="15А" HOUSETYPE="7" OPERTYPEID="10" PREVID="0" NEXTID="0" UPDATEDATE="2025-09-29" STARTDATE="2025-09-29" ENDDATE="2079-06-06" ISACTUAL="1" ISACTIVE="1" /><HOUSE ID="129174546" OBJECTID="174942892" OBJECTGUID="10201318-6340-4f85-b9b4-ea8e4b145cc1" CHANGEID="689695643" HOUSENUM="95" ADDNUM1="1" HOUSETYPE="2" ADDTYPE1="2" OPERTYPEID="10" PREVID="0" NEXTID="0" UPDATEDATE="2025-09-29" STARTDATE="2025-09-29" ENDDATE="2079-06-06" ISACTUAL="1" ISACTIVE="1" /><HOUSE ID="129174578" OBJECTID="174942995" OBJECTGUID="6e5ba6f0-1f42-4e15-a338-37c4a6092f11" CHANGEID="689695784" HOUSENUM="19" HOUSETYPE="2" OPERTYPEID="10" PREVID="0" NEXTID="0" UPDATEDATE="2025-09-29" STARTDATE="2025-09-29" ENDDATE="2079-06-06" ISACTUAL="1" ISACTIVE="1" /><HOUSE ID="129174654" OBJECTID="50219719" OBJECTGUID="3361561c-2575-4f8a-9f7c-0b1e56f88e69" CHANGEID="689696191" HOUSENUM="58В" HOUSETYPE="2" OPERTYPEID="20" PREVID="129166149" UPDATEDATE="2025-09-29" STARTDATE="2025-09-29" ENDDATE="2079-06-06" ISACTUAL="1" ISACTIVE="1" /><HOUSE ID="129177674" OBJECTID="49167980" OBJECTGUID="5690c137-f62a-4472-a9fb-4f0a4f89840f" CHANGEID="689716599" HOUSENUM="53" HOUSETYPE="2" OPERTYPEID="20" PREVID="29401306" UPDATEDATE="2025-09-30" STARTDATE="2025-09-30" ENDDATE="2079-06-06" ISACTUAL="1" ISACTIVE="1" /><HOUSE ID="129178266" OBJECTID="68388030" OBJECTGUID="025dc479-a526-44ce-8b6b-ba071299e2e3" CHANGEID="689719611" HOUSENUM="3" HOUSETYPE="2" OPERTYPEID="30" PREVID="51548815" NEXTID="0" UPDATEDATE="2025-09-30" STARTDATE="2025-09-30" ENDDATE="2079-06-06" ISACTUAL="1" ISACTIVE="0" /><HOUSE ID="51548815" OBJECTID="68388030" OBJECTGUID="025dc479-a526-44ce-8b6b-ba071299e2e3" CHANGEID="101938545" HOUSENUM="3" HOUSETYPE="2" OPERTYPEID="20" PREVID="41213131" NEXTID="129178266" UPDATEDATE="2025-09-30" STARTDATE="2015-09-14" ENDDATE="2025-09-30" ISACTUAL="0" ISACTIVE="0" /><HOUSE ID="129178836" OBJECTID="174954982" OBJECTGUID="c9c89a05-7d53-4216-8956-35eb11add9d0" CHANGEID="689722883" HOUSENUM="19" HOUSETYPE="2" OPERTYPEID="10" PREVID="0" NEXTID="0" UPDATEDATE="2025-09-30" STARTDATE="2025-09-30" ENDDATE="2079-06-06" ISACTUAL="1" ISACTIVE="1" /><HOUSE ID="129179805" OBJECTID="174958650" OBJECTGUID="a191b78d-6e6a-458e-b465-79d8217b3b8d" CHANGEID="689732494" HOUSENUM="33/1" HOUSETYPE="2" OPERTYPEID="10" PREVID="0" NEXTID="0" UPDATEDATE="2025-09-30" STARTDATE="2025-09-30" ENDDATE="2079-06-06" ISACTUAL="1" ISACTIVE="1" /><HOUSE ID="129181686" OBJECTID="174964787" OBJECTGUID="571500a2-6c8b-4ebb-ae59-cfd30d851575" CHANGEID="689745200" HOUSENUM="73" HOUSETYPE="2" OPERTYPEID="10" PREVID="0" NEXTID="0" UPDATEDATE="2025-09-30" STARTDATE="2025-09-30" ENDDATE="2079-06-06" ISACTUAL="1" ISACTIVE="1" /><HOUSE ID="129183097" OBJECTID="174968097" OBJECTGUID="e71b390a-1599-44ee-96e5-b3b13516683f" CHANGEID="689753355" HOUSENUM="2" HOUSETYPE="8" OPERTYPEID="10" PREVID="0" NEXTID="0" UPDATEDATE="2025-09-30" STARTDATE="2025-09-30" ENDDATE="2079-06-06" ISACTUAL="1" ISACTIVE="1" /><HOUSE ID="21150815" OBJECTID="35594806" OBJECTGUID="335fdeca-58ef-4221-9c8b-9bdf75580329" CHANGEID="54079476" HOUSENUM="784" HOUSETYPE="7" OPERTYPEID="10" PREVID="0" NEXTID="129183250" UPDATEDATE="2025-09-30" STARTDATE="2019-04-24" ENDDATE="2025-09-30" ISACTUAL="0" ISACTIVE="0" /><HOUSE ID="129183250" OBJECTID="35594806" OBJECTGUID="335fdeca-58ef-4221-9c8b-9bdf75580329" CHANGEID="689754893" HOUSENUM="784" HOUSETYPE="2" OPERTYPEID="20" PREVID="21150815" UPDATEDATE="2025-09-30" STARTDATE="2025-09-30" ENDDATE="2079-06-06" ISACTUAL="1" ISACTIVE="1" /><HOUSE ID="129183464" OBJECTID="174969299" OBJECTGUID="c11ccde3-1192-4936-9464-3b320376ef03" CHANGEID="689756217" HOUSENUM="7/2" HOUSETYPE="2" OPERTYPEID="54" PREVID="111810945" NEXTID="0" UPDATEDATE="2025-09-30" STARTDATE="2025-09-30" ENDDATE="2079-06-06" ISACTUAL="1" ISACTIVE="1" /><HOUSE ID="129183465" OBJECTID="174969300" OBJECTGUID="2dd2d55f-81b4-4ce7-bee8-cc2133a54216" CHANGEID="689756219" HOUSENUM="7/1" HOUSETYPE="2" OPERTYPEID="54" PREVID="111810946" NEXTID="0" UPDATEDATE="2025-09-30" STARTDATE="2025-09-30" ENDDATE="2079-06-06" ISACTUAL="1" ISACTIVE="1" /><HOUSE ID="129183466" OBJECTID="80595229" OBJECTGUID="361f0358-27a9-4862-8e3a-cdb2e1534772" CHANGEID="689756220" HOUSENUM="7" HOUSETYPE="2" OPERTYPEID="55" PREVID="55214667" UPDATEDATE="2025-09-30" STARTDATE="2025-09-30" ENDDATE="2079-06-06" ISACTUAL="1" ISACTIVE="0" /><HOUSE ID="129183439" OBJECTID="174969262" OBJECTGUID="a1b55d83-fed0-4b0f-aaf9-9b079cef49aa" CHANGEID="689756082" HOUSENUM="45" HOUSETYPE="2" OPERTYPEID="10" PREVID="0" NEXTID="0" UPDATEDATE="2025-09-30" STARTDATE="2025-09-30" ENDDATE="2079-06-06" ISACTUAL="1" ISACTIVE="1" /><HOUSE ID="129185711" OBJECTID="174975572" OBJECTGUID="ef256aae-6485-498d-bd0c-c54ea7862b42" CHANGEID="689788251" HOUSENUM="51А" HOUSETYPE="2" OPERTYPEID="10" PREVID="0" NEXTID="0" UPDATEDATE="2025-10-01" STARTDATE="2025-10-01" ENDDATE="2079-06-06" ISACTUAL="1" ISACTIVE="1" /><HOUSE ID="129186116" OBJECTID="11568510" OBJECTGUID="4aeeb683-39d1-4196-819f-f52c1a87a2fd" CHANGEID="689791955" HOUSENUM="15А" HOUSETYPE="2" OPERTYPEID="20" PREVID="56688120" UPDATEDATE="2025-10-01" STARTDATE="2025-10-01" ENDDATE="2079-06-06" ISACTUAL="1" ISACTIVE="1" /><HOUSE ID="129188239" OBJECTID="174983659" OBJECTGUID="70d8b18b-966c-409c-b424-08bfef886121" CHANGEID="689803767" HOUSENUM="91" HOUSETYPE="8" OPERTYPEID="10" PREVID="0" NEXTID="0" UPDATEDATE="2025-10-01" STARTDATE="2025-10-01" ENDDATE="2079-06-06" ISACTUAL="1" ISACTIVE="1" /><HOUSE ID="129188547" OBJECTID="16310551" OBJECTGUID="1526993b-8843-4d87-a1c0-7952151c7ee1" CHANGEID="689806926" HOUSENUM="16/1" HOUSETYPE="2" OPERTYPEID="20" PREVID="9283187" UPDATEDATE="2025-10-01" STARTDATE="2025-10-01" ENDDATE="2079-06-06" ISACTUAL="1" ISACTIVE="1" /><HOUSE ID="129188565" OBJECTID="174984906" OBJECTGUID="9a07ed62-f5fd-4b64-a71a-57267f35083c" CHANGEID="689806987" HOUSENUM="41" HOUSETYPE="4" OPERTYPEID="10" PREVID="0" NEXTID="0" UPDATEDATE="2025-10-01" STARTDATE="2025-10-01" ENDDATE="2079-06-06" ISACTUAL="1" ISACTIVE="1" /><HOUSE ID="129189182" OBJECTID="174986422" OBJECTGUID="baa56b40-b53d-470d-b783-eee96b889ee7" CHANGEID="689810291" HOUSENUM="76/78" HOUSETYPE="7" OPERTYPEID="10" PREVID="0" NEXTID="0" UPDATEDATE="2025-10-01" STARTDATE="2025-10-01" ENDDATE="2079-06-06" ISACTUAL="1" ISACTIVE="1" /><HOUSE ID="45872440" OBJECTID="75957518" OBJECTGUID="f65bac5f-8d59-4dab-b0a1-28abfc9be142" CHANGEID="112989527" HOUSENUM="15/3" HOUSETYPE="4" OPERTYPEID="10" PREVID="0" NEXTID="129189675" UPDATEDATE="2025-10-01" STARTDATE="2017-06-28" ENDDATE="2025-10-01" ISACTUAL="0" ISACTIVE="0" /><HOUSE ID="129189675" OBJECTID="75957518" OBJECTGUID="f65bac5f-8d59-4dab-b0a1-28abfc9be142" CHANGEID="689813368" HOUSENUM="15/3" HOUSETYPE="7" OPERTYPEID="20" PREVID="45872440" UPDATEDATE="2025-10-01" STARTDATE="2025-10-01" ENDDATE="2079-06-06" ISACTUAL="1" ISACTIVE="1" /><HOUSE ID="129189677" OBJECTID="174988543" OBJECTGUID="99cbfa3e-aa24-4964-9613-7d4c64ffc09c" CHANGEID="689813372" HOUSENUM="2а" HOUSETYPE="2" OPERTYPEID="10" PREVID="0" NEXTID="0" UPDATEDATE="2025-10-01" STARTDATE="2025-10-01" ENDDATE="2079-06-06" ISACTUAL="1" ISACTIVE="1" /><HOUSE ID="129189669" OBJECTID="174988478" OBJECTGUID="e4003c51-8f38-4563-94a4-dbb498e1c9e5" CHANGEID="689813295" HOUSENUM="44" HOUSETYPE="7" OPERTYPEID="10" PREVID="0" NEXTID="0" UPDATEDATE="2025-10-01" STARTDATE="2025-10-01" ENDDATE="2079-06-06" ISACTUAL="1" ISACTIVE="1" /><HOUSE ID="129189678" OBJECTID="174988544" OBJECTGUID="9d830247-a12e-4a6b-a3fa-8787b1b9667a" CHANGEID="689813373" HOUSENUM="8А" HOUSETYPE="2" OPERTYPEID="10" PREVID="0" NEXTID="0" UPDATEDATE="2025-10-01" STARTDATE="2025-10-01" ENDDATE="2079-06-06" ISACTUAL="1" ISACTIVE="1" /></HOUSES>