﻿<?xml version="1.0" encoding="utf-8"?><ADDRESSOBJECTS><OBJECT ID="52189310" OBJECTID="174915626" OBJECTGUID="990d47e9-8417-4fac-9370-17e20aea95ae" CHANGEID="689637773" NAME="Союзная" TYPENAME="ул." LEVEL="8" OPERTYPEID="10" PREVID="0" NEXTID="0" UPDATEDATE="2025-09-29" STARTDATE="2025-09-29" ENDDATE="2079-06-06" ISACTUAL="1" ISACTIVE="1" /><OBJECT ID="52189311" OBJECTID="174915627" OBJECTGUID="45ed0c9f-9990-4326-aaa8-1835151aa65c" CHANGEID="689637774" NAME="Гвардейская" TYPENAME="ул." LEVEL="8" OPERTYPEID="10" PREVID="0" NEXTID="0" UPDATEDATE="2025-09-29" STARTDATE="2025-09-29" ENDDATE="2079-06-06" ISACTUAL="1" ISACTIVE="1" /><OBJECT ID="52189379" OBJECTID="174924160" OBJECTGUID="8d9805fa-c2be-4a06-b395-f8125f82ec8a" CHANGEID="689652629" NAME="Лётный" TYPENAME="пер." LEVEL="8" OPERTYPEID="10" PREVID="0" NEXTID="0" UPDATEDATE="2025-09-29" STARTDATE="2025-09-29" ENDDATE="2079-06-06" ISACTUAL="1" ISACTIVE="1" /><OBJECT ID="52189380" OBJECTID="174924161" OBJECTGUID="1ccdf4cf-5664-4307-bc41-3df4c1a46864" CHANGEID="689652630" NAME="Солдатский" TYPENAME="пер." LEVEL="8" OPERTYPEID="10" PREVID="0" NEXTID="0" UPDATEDATE="2025-09-29" STARTDATE="2025-09-29" ENDDATE="2079-06-06" ISACTUAL="1" ISACTIVE="1" /><OBJECT ID="52189381" OBJECTID="174924162" OBJECTGUID="e1b429a6-b521-462c-8f3a-b063ac811a0d" CHANGEID="689652631" NAME="Арсенальная" TYPENAME="ул." LEVEL="8" OPERTYPEID="10" PREVID="0" NEXTID="0" UPDATEDATE="2025-09-29" STARTDATE="2025-09-29" ENDDATE="2079-06-06" ISACTUAL="1" ISACTIVE="1" /><OBJECT ID="52189382" OBJECTID="174924163" OBJECTGUID="94fb0eda-92f6-4c94-a63b-e87a711a8997" CHANGEID="689652632" NAME="Летняя" TYPENAME="ул." LEVEL="8" OPERTYPEID="10" PREVID="0" NEXTID="0" UPDATEDATE="2025-09-29" STARTDATE="2025-09-29" ENDDATE="2079-06-06" ISACTUAL="1" ISACTIVE="1" /><OBJECT ID="52189383" OBJECTID="174924164" OBJECTGUID="0f5ec213-5a2e-47e2-bf9e-9caba8221330" CHANGEID="689652633" NAME="Десантников" TYPENAME="ул." LEVEL="8" OPERTYPEID="10" PREVID="0" NEXTID="0" UPDATEDATE="2025-09-29" STARTDATE="2025-09-29" ENDDATE="2079-06-06" ISACTUAL="1" ISACTIVE="1" /><OBJECT ID="52189384" OBJECTID="174924165" OBJECTGUID="152f85f5-9105-4996-aabc-d34caf361bf9" CHANGEID="689652634" NAME="Стрелковая" TYPENAME="ул." LEVEL="8" OPERTYPEID="10" PREVID="0" NEXTID="0" UPDATEDATE="2025-09-29" STARTDATE="2025-09-29" ENDDATE="2079-06-06" ISACTUAL="1" ISACTIVE="1" /><OBJECT ID="52189385" OBJECTID="174924166" OBJECTGUID="246da905-98e4-4b50-8065-537834353a2e" CHANGEID="689652635" NAME="Стахановская" TYPENAME="ул." LEVEL="8" OPERTYPEID="10" PREVID="0" NEXTID="0" UPDATEDATE="2025-09-29" STARTDATE="2025-09-29" ENDDATE="2079-06-06" ISACTUAL="1" ISACTIVE="1" /><OBJECT ID="52189386" OBJECTID="174924167" OBJECTGUID="c0751638-6913-4e3f-81bd-b546b1ccfafa" CHANGEID="689652636" NAME="80 лет Победы" TYPENAME="ул." LEVEL="8" OPERTYPEID="10" PREVID="0" NEXTID="0" UPDATEDATE="2025-09-29" STARTDATE="2025-09-29" ENDDATE="2079-06-06" ISACTUAL="1" ISACTIVE="1" /><OBJECT ID="52189387" OBJECTID="174924168" OBJECTGUID="1ac3efec-23aa-44d7-ac95-e06cba154903" CHANGEID="689652637" NAME="Танковая" TYPENAME="ул." LEVEL="8" OPERTYPEID="10" PREVID="0" NEXTID="0" UPDATEDATE="2025-09-29" STARTDATE="2025-09-29" ENDDATE="2079-06-06" ISACTUAL="1" ISACTIVE="1" /><OBJECT ID="52189388" OBJECTID="174924169" OBJECTGUID="3909b091-621c-4eb5-a9db-4734a404771c" CHANGEID="689652638" NAME="Защитников Отечества" TYPENAME="ул." LEVEL="8" OPERTYPEID="10" PREVID="0" NEXTID="0" UPDATEDATE="2025-09-29" STARTDATE="2025-09-29" ENDDATE="2079-06-06" ISACTUAL="1" ISACTIVE="1" /><OBJECT ID="52189389" OBJECTID="174924170" OBJECTGUID="8eb3dbfd-188d-49ae-8147-b320bb45e56a" CHANGEID="689652639" NAME="Майская" TYPENAME="ул." LEVEL="8" OPERTYPEID="10" PREVID="0" NEXTID="0" UPDATEDATE="2025-09-29" STARTDATE="2025-09-29" ENDDATE="2079-06-06" ISACTUAL="1" ISACTIVE="1" /><OBJECT ID="52189390" OBJECTID="174924171" OBJECTGUID="fa8c4a96-1179-4b2b-9cf3-2031f26b1d55" CHANGEID="689652640" NAME="Офицерская" TYPENAME="ул." LEVEL="8" OPERTYPEID="10" PREVID="0" NEXTID="0" UPDATEDATE="2025-09-29" STARTDATE="2025-09-29" ENDDATE="2079-06-06" ISACTUAL="1" ISACTIVE="1" /><OBJECT ID="52189391" OBJECTID="174924172" OBJECTGUID="5c7d549c-4f1d-455d-9938-d99c5ae503d3" CHANGEID="689652641" NAME="Взводная" TYPENAME="ул." LEVEL="8" OPERTYPEID="10" PREVID="0" NEXTID="0" UPDATEDATE="2025-09-29" STARTDATE="2025-09-29" ENDDATE="2079-06-06" ISACTUAL="1" ISACTIVE="1" /><OBJECT ID="52189392" OBJECTID="174924173" OBJECTGUID="7ae7f432-ddb9-462e-ac10-2ae95de3a6e4" CHANGEID="689652642" NAME="Юности" TYPENAME="ул." LEVEL="8" OPERTYPEID="10" PREVID="0" NEXTID="0" UPDATEDATE="2025-09-29" STARTDATE="2025-09-29" ENDDATE="2079-06-06" ISACTUAL="1" ISACTIVE="1" /><OBJECT ID="52189393" OBJECTID="174924174" OBJECTGUID="86436f79-a12c-472d-b2cc-518d8be55ab9" CHANGEID="689652643" NAME="Пехотная" TYPENAME="ул." LEVEL="8" OPERTYPEID="10" PREVID="0" NEXTID="0" UPDATEDATE="2025-09-29" STARTDATE="2025-09-29" ENDDATE="2079-06-06" ISACTUAL="1" ISACTIVE="1" /><OBJECT ID="52189394" OBJECTID="174924175" OBJECTGUID="a732e573-9b10-4dcd-a0b6-1719aa283dd9" CHANGEID="689652644" NAME="Армейская" TYPENAME="ул." LEVEL="8" OPERTYPEID="10" PREVID="0" NEXTID="0" UPDATEDATE="2025-09-29" STARTDATE="2025-09-29" ENDDATE="2079-06-06" ISACTUAL="1" ISACTIVE="1" /></ADDRESSOBJECTS>