﻿<?xml version="1.0" encoding="utf-8"?><STEADS><STEAD ID="5964697" OBJECTID="90499919" OBJECTGUID="72fc4baa-41cf-40bf-8c8f-621a9408bc1d" CHANGEID="133103417" NUMBER="9А/2Б" OPERTYPEID="10" NEXTID="74178062" UPDATEDATE="2025-09-29" STARTDATE="2019-12-09" ENDDATE="2025-09-29" ISACTUAL="0" ISACTIVE="0" /><STEAD ID="9428815" OBJECTID="93961853" OBJECTGUID="0c9b48d7-60b6-4014-92cc-3080f5a32c59" CHANGEID="136888867" NUMBER="9А/2А" OPERTYPEID="10" NEXTID="74178005" UPDATEDATE="2025-09-29" STARTDATE="2019-12-09" ENDDATE="2025-09-29" ISACTUAL="0" ISACTIVE="0" /><STEAD ID="68132720" OBJECTID="93985736" OBJECTGUID="d339a1dd-0e97-4a60-9937-39d576ed4b8c" CHANGEID="596577556" NUMBER="40/1" OPERTYPEID="20" PREVID="9452500" NEXTID="74201266" UPDATEDATE="2025-10-01" STARTDATE="2024-06-05" ENDDATE="2025-10-01" ISACTUAL="0" ISACTIVE="0" /><STEAD ID="68132725" OBJECTID="163788124" OBJECTGUID="91e4690e-e55d-468a-b3fe-1b3e3bcf8bd5" CHANGEID="596577571" NUMBER="40/2" OPERTYPEID="10" PREVID="0" NEXTID="74201304" UPDATEDATE="2025-10-01" STARTDATE="2024-06-05" ENDDATE="2025-10-01" ISACTUAL="0" ISACTIVE="0" /><STEAD ID="74166910" OBJECTID="174916600" OBJECTGUID="d041ec6c-a45d-4bef-bf18-f37a28f84cba" CHANGEID="689639155" NUMBER="7" OPERTYPEID="10" PREVID="0" NEXTID="0" UPDATEDATE="2025-09-29" STARTDATE="2025-09-29" ENDDATE="2079-06-06" ISACTUAL="1" ISACTIVE="1" /><STEAD ID="74166920" OBJECTID="174916611" OBJECTGUID="fd0f2655-33bf-4c0c-881b-02d155314904" CHANGEID="689639169" NUMBER="49А" OPERTYPEID="10" PREVID="0" NEXTID="0" UPDATEDATE="2025-09-29" STARTDATE="2025-09-29" ENDDATE="2079-06-06" ISACTUAL="1" ISACTIVE="1" /><STEAD ID="74166921" OBJECTID="174916612" OBJECTGUID="a07f6c26-c79f-4a12-b2b1-b134481ecefb" CHANGEID="689639172" NUMBER="49Б" OPERTYPEID="10" PREVID="0" NEXTID="0" UPDATEDATE="2025-09-29" STARTDATE="2025-09-29" ENDDATE="2079-06-06" ISACTUAL="1" ISACTIVE="1" /><STEAD ID="74167073" OBJECTID="174916764" OBJECTGUID="804bd019-32d7-4cb2-bcd6-17dfcc1cc5ac" CHANGEID="689639472" NUMBER="29Д" OPERTYPEID="10" PREVID="0" NEXTID="0" UPDATEDATE="2025-09-29" STARTDATE="2025-09-29" ENDDATE="2079-06-06" ISACTUAL="1" ISACTIVE="1" /><STEAD ID="74167074" OBJECTID="174916767" OBJECTGUID="8e998512-6a49-4bda-b5d8-4894d97e0f2b" CHANGEID="689639475" NUMBER="23А" OPERTYPEID="10" PREVID="0" NEXTID="0" UPDATEDATE="2025-09-29" STARTDATE="2025-09-29" ENDDATE="2079-06-06" ISACTUAL="1" ISACTIVE="1" /><STEAD ID="74167075" OBJECTID="174916768" OBJECTGUID="2f8e7774-8081-465f-8aa3-37d5be1aa7e3" CHANGEID="689639476" NUMBER="62А" OPERTYPEID="10" PREVID="0" NEXTID="0" UPDATEDATE="2025-09-29" STARTDATE="2025-09-29" ENDDATE="2079-06-06" ISACTUAL="1" ISACTIVE="1" /><STEAD ID="74167076" OBJECTID="174916769" OBJECTGUID="5e579909-da6b-4d60-9dd7-032894c5554b" CHANGEID="689639477" NUMBER="30/10" OPERTYPEID="10" PREVID="0" NEXTID="0" UPDATEDATE="2025-09-29" STARTDATE="2025-09-29" ENDDATE="2079-06-06" ISACTUAL="1" ISACTIVE="1" /><STEAD ID="74167077" OBJECTID="174916774" OBJECTGUID="a0240931-8d03-47ca-a1f7-449e72a1f395" CHANGEID="689639482" NUMBER="26А" OPERTYPEID="10" PREVID="0" NEXTID="0" UPDATEDATE="2025-09-29" STARTDATE="2025-09-29" ENDDATE="2079-06-06" ISACTUAL="1" ISACTIVE="1" /><STEAD ID="74167078" OBJECTID="174916777" OBJECTGUID="17ff2893-14e2-40dd-a3be-54e3ee3f6c89" CHANGEID="689639485" NUMBER="22" OPERTYPEID="10" PREVID="0" NEXTID="0" UPDATEDATE="2025-09-29" STARTDATE="2025-09-29" ENDDATE="2079-06-06" ISACTUAL="1" ISACTIVE="1" /><STEAD ID="74167079" OBJECTID="174916782" OBJECTGUID="0c5a5e3a-bcca-4474-9450-4465549c5200" CHANGEID="689639490" NUMBER="16Б" OPERTYPEID="10" PREVID="0" NEXTID="0" UPDATEDATE="2025-09-29" STARTDATE="2025-09-29" ENDDATE="2079-06-06" ISACTUAL="1" ISACTIVE="1" /><STEAD ID="74167080" OBJECTID="174916786" OBJECTGUID="bddb1ca3-2e87-4dd2-9f05-a4da2b5a0ae6" CHANGEID="689639494" NUMBER="27" OPERTYPEID="10" PREVID="0" NEXTID="0" UPDATEDATE="2025-09-29" STARTDATE="2025-09-29" ENDDATE="2079-06-06" ISACTUAL="1" ISACTIVE="1" /><STEAD ID="74167082" OBJECTID="174916797" OBJECTGUID="f8d3fd72-6041-4a77-9e38-f32acfefc82e" CHANGEID="689639506" NUMBER="4" OPERTYPEID="10" PREVID="0" NEXTID="0" UPDATEDATE="2025-09-29" STARTDATE="2025-09-29" ENDDATE="2079-06-06" ISACTUAL="1" ISACTIVE="1" /><STEAD ID="74167081" OBJECTID="174916796" OBJECTGUID="4309512d-2c0d-4246-90f1-a9837560f146" CHANGEID="689639505" NUMBER="108Г" OPERTYPEID="10" PREVID="0" NEXTID="0" UPDATEDATE="2025-09-29" STARTDATE="2025-09-29" ENDDATE="2079-06-06" ISACTUAL="1" ISACTIVE="1" /><STEAD ID="74168428" OBJECTID="174918976" OBJECTGUID="244feb4e-3358-427a-b4df-69e56a8961f1" CHANGEID="689644601" NUMBER="44А" OPERTYPEID="10" PREVID="0" NEXTID="0" UPDATEDATE="2025-09-29" STARTDATE="2025-09-29" ENDDATE="2079-06-06" ISACTUAL="1" ISACTIVE="1" /><STEAD ID="74172503" OBJECTID="174929132" OBJECTGUID="0fa293c0-b1e3-48f3-a754-9d55e69926ff" CHANGEID="689666992" NUMBER="6" OPERTYPEID="10" PREVID="0" NEXTID="0" UPDATEDATE="2025-09-29" STARTDATE="2025-09-29" ENDDATE="2079-06-06" ISACTUAL="1" ISACTIVE="1" /><STEAD ID="74172561" OBJECTID="174929249" OBJECTGUID="c0338b79-2021-484a-991a-1ee11c82b643" CHANGEID="689667189" NUMBER="8" OPERTYPEID="10" PREVID="0" NEXTID="0" UPDATEDATE="2025-09-29" STARTDATE="2025-09-29" ENDDATE="2079-06-06" ISACTUAL="1" ISACTIVE="1" /><STEAD ID="74173168" OBJECTID="174930201" OBJECTGUID="16c4ae5b-d42e-4e94-82cd-9a56c3fbc268" CHANGEID="689668971" NUMBER="3" OPERTYPEID="10" PREVID="0" NEXTID="0" UPDATEDATE="2025-09-29" STARTDATE="2025-09-29" ENDDATE="2079-06-06" ISACTUAL="1" ISACTIVE="1" /><STEAD ID="74173194" OBJECTID="174930234" OBJECTGUID="f0c19cb2-2f36-4dfd-9a6c-c7c5a2e83594" CHANGEID="689669041" NUMBER="13а" OPERTYPEID="10" PREVID="0" NEXTID="0" UPDATEDATE="2025-09-29" STARTDATE="2025-09-29" ENDDATE="2079-06-06" ISACTUAL="1" ISACTIVE="1" /><STEAD ID="74173205" OBJECTID="174930247" OBJECTGUID="e74fc825-4cba-429b-9b8e-e07d0c020641" CHANGEID="689669067" NUMBER="13" OPERTYPEID="10" PREVID="0" NEXTID="0" UPDATEDATE="2025-09-29" STARTDATE="2025-09-29" ENDDATE="2079-06-06" ISACTUAL="1" ISACTIVE="1" /><STEAD ID="74173176" OBJECTID="174930211" OBJECTGUID="3b63d5de-f503-4361-ae36-9646b1826e31" CHANGEID="689669003" NUMBER="4" OPERTYPEID="10" PREVID="0" NEXTID="0" UPDATEDATE="2025-09-29" STARTDATE="2025-09-29" ENDDATE="2079-06-06" ISACTUAL="1" ISACTIVE="1" /><STEAD ID="74173177" OBJECTID="174930212" OBJECTGUID="9210138d-f8ff-4cb5-a2d9-2b46065c64e4" CHANGEID="689669005" NUMBER="10" OPERTYPEID="10" PREVID="0" NEXTID="0" UPDATEDATE="2025-09-29" STARTDATE="2025-09-29" ENDDATE="2079-06-06" ISACTUAL="1" ISACTIVE="1" /><STEAD ID="74173405" OBJECTID="174930502" OBJECTGUID="bd559d4f-25a3-436c-b48e-867680b87a60" CHANGEID="689669762" NUMBER="10" OPERTYPEID="10" PREVID="0" NEXTID="0" UPDATEDATE="2025-09-29" STARTDATE="2025-09-29" ENDDATE="2079-06-06" ISACTUAL="1" ISACTIVE="1" /><STEAD ID="74173507" OBJECTID="174930619" OBJECTGUID="db1f8474-c698-402d-bcc7-a4d8fc3958b1" CHANGEID="689669949" NUMBER="12" OPERTYPEID="10" PREVID="0" NEXTID="0" UPDATEDATE="2025-09-29" STARTDATE="2025-09-29" ENDDATE="2079-06-06" ISACTUAL="1" ISACTIVE="1" /><STEAD ID="74173516" OBJECTID="174930632" OBJECTGUID="def4174d-e77b-4561-88d4-7bdf404bc3d3" CHANGEID="689669973" NUMBER="7" OPERTYPEID="10" PREVID="0" NEXTID="0" UPDATEDATE="2025-09-29" STARTDATE="2025-09-29" ENDDATE="2079-06-06" ISACTUAL="1" ISACTIVE="1" /><STEAD ID="74173499" OBJECTID="174930607" OBJECTGUID="bcf495e3-3575-4e01-b61e-7d02d48354b5" CHANGEID="689669928" NUMBER="5" OPERTYPEID="10" PREVID="0" NEXTID="0" UPDATEDATE="2025-09-29" STARTDATE="2025-09-29" ENDDATE="2079-06-06" ISACTUAL="1" ISACTIVE="1" /><STEAD ID="74173604" OBJECTID="174930729" OBJECTGUID="73d5f430-094f-4780-82ae-58389c756bd6" CHANGEID="689670143" NUMBER="3" OPERTYPEID="10" PREVID="0" NEXTID="0" UPDATEDATE="2025-09-29" STARTDATE="2025-09-29" ENDDATE="2079-06-06" ISACTUAL="1" ISACTIVE="1" /><STEAD ID="74173623" OBJECTID="174930788" OBJECTGUID="2b6f71d3-6647-4270-b284-2d9be0f250af" CHANGEID="689670226" NUMBER="14" OPERTYPEID="10" PREVID="0" NEXTID="0" UPDATEDATE="2025-09-29" STARTDATE="2025-09-29" ENDDATE="2079-06-06" ISACTUAL="1" ISACTIVE="1" /><STEAD ID="74173641" OBJECTID="174930812" OBJECTGUID="95b0031e-0d70-43fe-b600-9453d7c58147" CHANGEID="689670270" NUMBER="15" OPERTYPEID="10" PREVID="0" NEXTID="0" UPDATEDATE="2025-09-29" STARTDATE="2025-09-29" ENDDATE="2079-06-06" ISACTUAL="1" ISACTIVE="1" /><STEAD ID="74173600" OBJECTID="174930724" OBJECTGUID="3c3d8267-c39d-4d01-800a-d6253639d446" CHANGEID="689670127" NUMBER="1" OPERTYPEID="10" PREVID="0" NEXTID="0" UPDATEDATE="2025-09-29" STARTDATE="2025-09-29" ENDDATE="2079-06-06" ISACTUAL="1" ISACTIVE="1" /><STEAD ID="74173614" OBJECTID="174930771" OBJECTGUID="63567188-64e1-4fb8-9440-9abf502a17a6" CHANGEID="689670194" NUMBER="13" OPERTYPEID="10" PREVID="0" NEXTID="0" UPDATEDATE="2025-09-29" STARTDATE="2025-09-29" ENDDATE="2079-06-06" ISACTUAL="1" ISACTIVE="1" /><STEAD ID="74173663" OBJECTID="174930844" OBJECTGUID="23bf9024-6ed8-4b1d-9b04-e7f555e9f639" CHANGEID="689670325" NUMBER="16" OPERTYPEID="10" PREVID="0" NEXTID="0" UPDATEDATE="2025-09-29" STARTDATE="2025-09-29" ENDDATE="2079-06-06" ISACTUAL="1" ISACTIVE="1" /><STEAD ID="74173974" OBJECTID="174931567" OBJECTGUID="1f102522-71d1-432c-8a7b-034c40d8ef5c" CHANGEID="689671539" NUMBER="1" OPERTYPEID="10" PREVID="0" NEXTID="0" UPDATEDATE="2025-09-29" STARTDATE="2025-09-29" ENDDATE="2079-06-06" ISACTUAL="1" ISACTIVE="1" /><STEAD ID="74173981" OBJECTID="174931577" OBJECTGUID="a2d9fe2d-36e7-4ff3-b609-120ec7b72065" CHANGEID="689671562" NUMBER="7" OPERTYPEID="10" PREVID="0" NEXTID="0" UPDATEDATE="2025-09-29" STARTDATE="2025-09-29" ENDDATE="2079-06-06" ISACTUAL="1" ISACTIVE="1" /><STEAD ID="74174057" OBJECTID="174931786" OBJECTGUID="bef6db04-8354-4b2d-bf46-29c69b8fa86a" CHANGEID="689672076" NUMBER="40" OPERTYPEID="10" PREVID="0" NEXTID="0" UPDATEDATE="2025-09-29" STARTDATE="2025-09-29" ENDDATE="2079-06-06" ISACTUAL="1" ISACTIVE="1" /><STEAD ID="74174073" OBJECTID="174931803" OBJECTGUID="d7721104-cacd-47a4-8044-2ecc3a471961" CHANGEID="689672142" NUMBER="42" OPERTYPEID="10" PREVID="0" NEXTID="0" UPDATEDATE="2025-09-29" STARTDATE="2025-09-29" ENDDATE="2079-06-06" ISACTUAL="1" ISACTIVE="1" /><STEAD ID="74174050" OBJECTID="174931777" OBJECTGUID="6f3b90fd-009b-4e70-bdb7-0fad9428309b" CHANGEID="689672025" NUMBER="39" OPERTYPEID="10" PREVID="0" NEXTID="0" UPDATEDATE="2025-09-29" STARTDATE="2025-09-29" ENDDATE="2079-06-06" ISACTUAL="1" ISACTIVE="1" /><STEAD ID="74174076" OBJECTID="174931809" OBJECTGUID="a8884738-502e-4126-997a-d355f2b322e8" CHANGEID="689672171" NUMBER="43" OPERTYPEID="10" PREVID="0" NEXTID="0" UPDATEDATE="2025-09-29" STARTDATE="2025-09-29" ENDDATE="2079-06-06" ISACTUAL="1" ISACTIVE="1" /><STEAD ID="74174084" OBJECTID="174931822" OBJECTGUID="3e109cfc-2368-4e86-928b-2ac395466d0e" CHANGEID="689672342" NUMBER="43А" OPERTYPEID="10" PREVID="0" NEXTID="0" UPDATEDATE="2025-09-29" STARTDATE="2025-09-29" ENDDATE="2079-06-06" ISACTUAL="1" ISACTIVE="1" /><STEAD ID="74174091" OBJECTID="174931840" OBJECTGUID="cfb79fbe-0e60-44f0-9775-9d26740194bc" CHANGEID="689672369" NUMBER="46" OPERTYPEID="10" PREVID="0" NEXTID="0" UPDATEDATE="2025-09-29" STARTDATE="2025-09-29" ENDDATE="2079-06-06" ISACTUAL="1" ISACTIVE="1" /><STEAD ID="74174222" OBJECTID="174932180" OBJECTGUID="7f18941d-70a9-47cb-988e-88d692367efb" CHANGEID="689672820" NUMBER="33" OPERTYPEID="10" PREVID="0" NEXTID="0" UPDATEDATE="2025-09-29" STARTDATE="2025-09-29" ENDDATE="2079-06-06" ISACTUAL="1" ISACTIVE="1" /><STEAD ID="74174867" OBJECTID="174933422" OBJECTGUID="de29dc27-92f7-4002-8623-fe898e9c702a" CHANGEID="689674885" NUMBER="3/1" OPERTYPEID="10" PREVID="0" NEXTID="0" UPDATEDATE="2025-09-29" STARTDATE="2025-09-29" ENDDATE="2079-06-06" ISACTUAL="1" ISACTIVE="1" /><STEAD ID="74175144" OBJECTID="174933793" OBJECTGUID="6f2f4825-2851-485a-a3a5-b68305a7861b" CHANGEID="689675450" NUMBER="6А" OPERTYPEID="10" PREVID="0" NEXTID="0" UPDATEDATE="2025-09-29" STARTDATE="2025-09-29" ENDDATE="2079-06-06" ISACTUAL="1" ISACTIVE="1" /><STEAD ID="74177253" OBJECTID="174939514" OBJECTGUID="7a480708-b7d8-4343-bacc-fc870f38aa8e" CHANGEID="689688664" NUMBER="4" OPERTYPEID="10" PREVID="0" NEXTID="0" UPDATEDATE="2025-09-29" STARTDATE="2025-09-29" ENDDATE="2079-06-06" ISACTUAL="1" ISACTIVE="1" /><STEAD ID="74177256" OBJECTID="174939530" OBJECTGUID="ad94ba9f-3fd1-4e98-b305-d947c26ebb85" CHANGEID="689688692" NUMBER="5" OPERTYPEID="10" PREVID="0" NEXTID="0" UPDATEDATE="2025-09-29" STARTDATE="2025-09-29" ENDDATE="2079-06-06" ISACTUAL="1" ISACTIVE="1" /><STEAD ID="74177274" OBJECTID="174939553" OBJECTGUID="7a9179c6-1554-4224-9ce9-06f00f0e6445" CHANGEID="689688738" NUMBER="12" OPERTYPEID="10" PREVID="0" NEXTID="0" UPDATEDATE="2025-09-29" STARTDATE="2025-09-29" ENDDATE="2079-06-06" ISACTUAL="1" ISACTIVE="1" /><STEAD ID="74177298" OBJECTID="174939584" OBJECTGUID="7f0ac973-38d9-454d-9729-bf30f3d52cd1" CHANGEID="689688788" NUMBER="29" OPERTYPEID="10" PREVID="0" NEXTID="0" UPDATEDATE="2025-09-29" STARTDATE="2025-09-29" ENDDATE="2079-06-06" ISACTUAL="1" ISACTIVE="1" /><STEAD ID="74177307" OBJECTID="174939625" OBJECTGUID="efbb191a-f317-46dd-a3e0-fcfe05470d41" CHANGEID="689688850" NUMBER="30" OPERTYPEID="10" PREVID="0" NEXTID="0" UPDATEDATE="2025-09-29" STARTDATE="2025-09-29" ENDDATE="2079-06-06" ISACTUAL="1" ISACTIVE="1" /><STEAD ID="5968804" OBJECTID="90504086" OBJECTGUID="040b3559-e722-4f6b-99b1-100b42f39cdf" CHANGEID="133108117" NUMBER="9А/2В" OPERTYPEID="10" NEXTID="74177583" UPDATEDATE="2025-09-29" STARTDATE="2019-12-09" ENDDATE="2025-09-29" ISACTUAL="0" ISACTIVE="0" /><STEAD ID="74177583" OBJECTID="90504086" OBJECTGUID="040b3559-e722-4f6b-99b1-100b42f39cdf" CHANGEID="689689960" NUMBER="9Б/1" OPERTYPEID="20" PREVID="5968804" UPDATEDATE="2025-09-29" STARTDATE="2025-09-29" ENDDATE="2079-06-06" ISACTUAL="1" ISACTIVE="1" /><STEAD ID="74177593" OBJECTID="174940005" OBJECTGUID="c0c47384-1af9-4957-864f-da5964b95d77" CHANGEID="689690119" NUMBER="9Б" OPERTYPEID="10" PREVID="0" NEXTID="0" UPDATEDATE="2025-09-29" STARTDATE="2025-09-29" ENDDATE="2079-06-06" ISACTUAL="1" ISACTIVE="1" /><STEAD ID="74178005" OBJECTID="93961853" OBJECTGUID="0c9b48d7-60b6-4014-92cc-3080f5a32c59" CHANGEID="689691276" NUMBER="9А/2А" OPERTYPEID="30" PREVID="9428815" NEXTID="0" UPDATEDATE="2025-09-29" STARTDATE="2025-09-29" ENDDATE="2079-06-06" ISACTUAL="1" ISACTIVE="0" /><STEAD ID="74178062" OBJECTID="90499919" OBJECTGUID="72fc4baa-41cf-40bf-8c8f-621a9408bc1d" CHANGEID="689691362" NUMBER="9А/2Б" OPERTYPEID="30" PREVID="5964697" NEXTID="0" UPDATEDATE="2025-09-29" STARTDATE="2025-09-29" ENDDATE="2079-06-06" ISACTUAL="1" ISACTIVE="0" /><STEAD ID="74178291" OBJECTID="174941062" OBJECTGUID="8c234d56-6963-4053-a9b3-ea6f4dd7cbe9" CHANGEID="689692237" NUMBER="5В" OPERTYPEID="10" PREVID="0" NEXTID="0" UPDATEDATE="2025-09-29" STARTDATE="2025-09-29" ENDDATE="2079-06-06" ISACTUAL="1" ISACTIVE="1" /><STEAD ID="74178529" OBJECTID="174941380" OBJECTGUID="613b7b0d-e0e3-4c2c-b660-d1765a49e6c4" CHANGEID="689692883" NUMBER="34" OPERTYPEID="10" PREVID="0" NEXTID="0" UPDATEDATE="2025-09-29" STARTDATE="2025-09-29" ENDDATE="2079-06-06" ISACTUAL="1" ISACTIVE="1" /><STEAD ID="74178453" OBJECTID="174941264" OBJECTGUID="47e2f30a-a5db-44f3-8d95-72d0d3cc8631" CHANGEID="689692608" NUMBER="22Г" OPERTYPEID="10" PREVID="0" NEXTID="0" UPDATEDATE="2025-09-29" STARTDATE="2025-09-29" ENDDATE="2079-06-06" ISACTUAL="1" ISACTIVE="1" /><STEAD ID="74178454" OBJECTID="174941265" OBJECTGUID="b9d17806-a378-4df2-8500-48c3dee33b7d" CHANGEID="689692609" NUMBER="22В" OPERTYPEID="10" PREVID="0" NEXTID="0" UPDATEDATE="2025-09-29" STARTDATE="2025-09-29" ENDDATE="2079-06-06" ISACTUAL="1" ISACTIVE="1" /><STEAD ID="74178455" OBJECTID="174941266" OBJECTGUID="21a7d67f-f906-45cf-b779-bef13534a8f7" CHANGEID="689692610" NUMBER="22Б" OPERTYPEID="10" PREVID="0" NEXTID="0" UPDATEDATE="2025-09-29" STARTDATE="2025-09-29" ENDDATE="2079-06-06" ISACTUAL="1" ISACTIVE="1" /><STEAD ID="74178461" OBJECTID="174941288" OBJECTGUID="a7bce315-66df-4611-839c-f9872884fa0d" CHANGEID="689692654" NUMBER="25Г" OPERTYPEID="10" PREVID="0" NEXTID="0" UPDATEDATE="2025-09-29" STARTDATE="2025-09-29" ENDDATE="2079-06-06" ISACTUAL="1" ISACTIVE="1" /><STEAD ID="74178497" OBJECTID="174941344" OBJECTGUID="a2d1a329-7d7c-423d-83b6-a60c206e52aa" CHANGEID="689692775" NUMBER="25" OPERTYPEID="10" PREVID="0" NEXTID="0" UPDATEDATE="2025-09-29" STARTDATE="2025-09-29" ENDDATE="2079-06-06" ISACTUAL="1" ISACTIVE="1" /><STEAD ID="74178498" OBJECTID="174941345" OBJECTGUID="b2c72350-052c-4a60-bb33-14e914d955c8" CHANGEID="689692776" NUMBER="25А" OPERTYPEID="10" PREVID="0" NEXTID="0" UPDATEDATE="2025-09-29" STARTDATE="2025-09-29" ENDDATE="2079-06-06" ISACTUAL="1" ISACTIVE="1" /><STEAD ID="74178499" OBJECTID="174941346" OBJECTGUID="8fe1ab4f-8a9b-481e-9969-dec614f78ef9" CHANGEID="689692777" NUMBER="25Б" OPERTYPEID="10" PREVID="0" NEXTID="0" UPDATEDATE="2025-09-29" STARTDATE="2025-09-29" ENDDATE="2079-06-06" ISACTUAL="1" ISACTIVE="1" /><STEAD ID="74178500" OBJECTID="174941347" OBJECTGUID="51556d8d-7be7-4b0a-9a02-cc17eb71f9ab" CHANGEID="689692778" NUMBER="25В" OPERTYPEID="10" PREVID="0" NEXTID="0" UPDATEDATE="2025-09-29" STARTDATE="2025-09-29" ENDDATE="2079-06-06" ISACTUAL="1" ISACTIVE="1" /><STEAD ID="74178589" OBJECTID="174941498" OBJECTGUID="07b07cd3-3280-41ff-936a-1d4150305c99" CHANGEID="689693224" NUMBER="140" OPERTYPEID="10" PREVID="0" NEXTID="0" UPDATEDATE="2025-09-29" STARTDATE="2025-09-29" ENDDATE="2079-06-06" ISACTUAL="1" ISACTIVE="1" /><STEAD ID="74178622" OBJECTID="174941675" OBJECTGUID="6000f391-1c72-4025-b77b-c39d808325d9" CHANGEID="689693682" NUMBER="24" OPERTYPEID="10" PREVID="0" NEXTID="0" UPDATEDATE="2025-09-29" STARTDATE="2025-09-29" ENDDATE="2079-06-06" ISACTUAL="1" ISACTIVE="1" /><STEAD ID="74178752" OBJECTID="174941877" OBJECTGUID="5bd00453-334f-4337-85ef-2a54241e8242" CHANGEID="689693930" NUMBER="6" OPERTYPEID="10" PREVID="0" NEXTID="0" UPDATEDATE="2025-09-29" STARTDATE="2025-09-29" ENDDATE="2079-06-06" ISACTUAL="1" ISACTIVE="1" /><STEAD ID="74179259" OBJECTID="174942723" OBJECTGUID="68737bce-b8ff-4877-b19e-3e2c1c4dee09" CHANGEID="689695397" NUMBER="63" OPERTYPEID="10" PREVID="0" NEXTID="0" UPDATEDATE="2025-09-29" STARTDATE="2025-09-29" ENDDATE="2079-06-06" ISACTUAL="1" ISACTIVE="1" /><STEAD ID="74179399" OBJECTID="174942891" OBJECTGUID="fbd89189-f0d5-42cb-bcdc-81ab536713a8" CHANGEID="689695641" NUMBER="416" OPERTYPEID="10" PREVID="0" NEXTID="0" UPDATEDATE="2025-09-29" STARTDATE="2025-09-29" ENDDATE="2079-06-06" ISACTUAL="1" ISACTIVE="1" /><STEAD ID="74179727" OBJECTID="174943526" OBJECTGUID="85498589-5897-4e94-b7d4-cb8ddaa5eb5a" CHANGEID="689696726" NUMBER="24" OPERTYPEID="10" PREVID="0" NEXTID="0" UPDATEDATE="2025-09-29" STARTDATE="2025-09-29" ENDDATE="2079-06-06" ISACTUAL="1" ISACTIVE="1" /><STEAD ID="74179774" OBJECTID="174943642" OBJECTGUID="abb0572a-340a-4e7f-aaa7-928289874726" CHANGEID="689696905" NUMBER="37" OPERTYPEID="10" PREVID="0" NEXTID="0" UPDATEDATE="2025-09-29" STARTDATE="2025-09-29" ENDDATE="2079-06-06" ISACTUAL="1" ISACTIVE="1" /><STEAD ID="74179818" OBJECTID="174943706" OBJECTGUID="36d30ae3-7978-4be3-bbdc-3cfed7e14a6d" CHANGEID="689697019" NUMBER="322" OPERTYPEID="10" PREVID="0" NEXTID="0" UPDATEDATE="2025-09-29" STARTDATE="2025-09-29" ENDDATE="2079-06-06" ISACTUAL="1" ISACTIVE="1" /><STEAD ID="74179993" OBJECTID="174944148" OBJECTGUID="961147e3-4a97-49a0-8b45-4bd9183d4e84" CHANGEID="689697623" NUMBER="17А" OPERTYPEID="10" PREVID="0" NEXTID="0" UPDATEDATE="2025-09-29" STARTDATE="2025-09-29" ENDDATE="2079-06-06" ISACTUAL="1" ISACTIVE="1" /><STEAD ID="74180276" OBJECTID="174944815" OBJECTGUID="6322cead-7a9e-4643-9aab-55c69f9ce11a" CHANGEID="689699806" NUMBER="1" OPERTYPEID="10" PREVID="0" NEXTID="0" UPDATEDATE="2025-09-29" STARTDATE="2025-09-29" ENDDATE="2079-06-06" ISACTUAL="1" ISACTIVE="1" /><STEAD ID="74180319" OBJECTID="174945017" OBJECTGUID="f3d94186-2863-4dbd-84ad-428de7adf243" CHANGEID="689700866" NUMBER="50" OPERTYPEID="10" PREVID="0" NEXTID="0" UPDATEDATE="2025-09-29" STARTDATE="2025-09-29" ENDDATE="2079-06-06" ISACTUAL="1" ISACTIVE="1" /><STEAD ID="74180334" OBJECTID="174945068" OBJECTGUID="8d5b9768-170f-44a3-b98a-88f81a5983ec" CHANGEID="689700979" NUMBER="2В" OPERTYPEID="10" PREVID="0" NEXTID="0" UPDATEDATE="2025-09-29" STARTDATE="2025-09-29" ENDDATE="2079-06-06" ISACTUAL="1" ISACTIVE="1" /><STEAD ID="74190244" OBJECTID="174960832" OBJECTGUID="7a32c19f-2a4f-43be-94ab-5f41e4238ba6" CHANGEID="689737109" NUMBER="87" OPERTYPEID="10" PREVID="0" NEXTID="0" UPDATEDATE="2025-09-30" STARTDATE="2025-09-30" ENDDATE="2079-06-06" ISACTUAL="1" ISACTIVE="1" /><STEAD ID="74192088" OBJECTID="174963545" OBJECTGUID="4aa17a3b-8302-4853-bc18-ef27d4cc6094" CHANGEID="689742664" NUMBER="66" OPERTYPEID="10" PREVID="0" NEXTID="0" UPDATEDATE="2025-09-30" STARTDATE="2025-09-30" ENDDATE="2079-06-06" ISACTUAL="1" ISACTIVE="1" /><STEAD ID="74192485" OBJECTID="174964205" OBJECTGUID="d8857f51-0b68-4f44-9843-9b19fae08e3a" CHANGEID="689743628" NUMBER="3" OPERTYPEID="10" PREVID="0" NEXTID="0" UPDATEDATE="2025-09-30" STARTDATE="2025-09-30" ENDDATE="2079-06-06" ISACTUAL="1" ISACTIVE="1" /><STEAD ID="74194542" OBJECTID="174967696" OBJECTGUID="4900fda2-6b8b-4eee-a97f-21f13463c80a" CHANGEID="689752575" NUMBER="41/1" OPERTYPEID="10" PREVID="0" NEXTID="0" UPDATEDATE="2025-09-30" STARTDATE="2025-09-30" ENDDATE="2079-06-06" ISACTUAL="1" ISACTIVE="1" /><STEAD ID="74195673" OBJECTID="174969178" OBJECTGUID="7747ceec-de13-4baf-a57b-4d11230491c2" CHANGEID="689755940" NUMBER="4" OPERTYPEID="10" PREVID="0" NEXTID="0" UPDATEDATE="2025-09-30" STARTDATE="2025-09-30" ENDDATE="2079-06-06" ISACTUAL="1" ISACTIVE="1" /><STEAD ID="74196001" OBJECTID="174969593" OBJECTGUID="06331f21-1a91-4f1c-849a-fcf5df58e363" CHANGEID="689756690" NUMBER="1А" OPERTYPEID="10" PREVID="0" NEXTID="0" UPDATEDATE="2025-09-30" STARTDATE="2025-09-30" ENDDATE="2079-06-06" ISACTUAL="1" ISACTIVE="1" /><STEAD ID="74196127" OBJECTID="174969731" OBJECTGUID="097e87a5-b542-4252-9003-42e631e5a75d" CHANGEID="689757023" NUMBER="3" OPERTYPEID="10" PREVID="0" NEXTID="0" UPDATEDATE="2025-09-30" STARTDATE="2025-09-30" ENDDATE="2079-06-06" ISACTUAL="1" ISACTIVE="1" /><STEAD ID="74196200" OBJECTID="174969835" OBJECTGUID="b6602c4c-63f8-4cfd-b54e-9101812dd9cb" CHANGEID="689757348" NUMBER="26" OPERTYPEID="10" PREVID="0" NEXTID="0" UPDATEDATE="2025-09-30" STARTDATE="2025-09-30" ENDDATE="2079-06-06" ISACTUAL="1" ISACTIVE="1" /><STEAD ID="74196210" OBJECTID="174969851" OBJECTGUID="f661191e-2bc2-4f5b-aa85-d7953bc5da83" CHANGEID="689757444" NUMBER="24" OPERTYPEID="10" PREVID="0" NEXTID="0" UPDATEDATE="2025-09-30" STARTDATE="2025-09-30" ENDDATE="2079-06-06" ISACTUAL="1" ISACTIVE="1" /><STEAD ID="74196425" OBJECTID="174970435" OBJECTGUID="1fc5ba72-57ff-4541-8882-3b86fb24fe27" CHANGEID="689758797" NUMBER="7" OPERTYPEID="10" PREVID="0" NEXTID="0" UPDATEDATE="2025-09-30" STARTDATE="2025-09-30" ENDDATE="2079-06-06" ISACTUAL="1" ISACTIVE="1" /><STEAD ID="74196450" OBJECTID="174970491" OBJECTGUID="01de46b3-e6c3-427a-bef1-744e743f3e3b" CHANGEID="689759121" NUMBER="29" OPERTYPEID="10" PREVID="0" NEXTID="0" UPDATEDATE="2025-09-30" STARTDATE="2025-09-30" ENDDATE="2079-06-06" ISACTUAL="1" ISACTIVE="1" /><STEAD ID="74196534" OBJECTID="174970703" OBJECTGUID="12b90780-2e8b-4a45-bf4d-2f2db9ada58a" CHANGEID="689777185" NUMBER="1" OPERTYPEID="10" PREVID="0" NEXTID="0" UPDATEDATE="2025-09-30" STARTDATE="2025-09-30" ENDDATE="2079-06-06" ISACTUAL="1" ISACTIVE="1" /><STEAD ID="74196541" OBJECTID="174970717" OBJECTGUID="d2915e7c-10f2-4783-bdb5-ea46a4e65ae4" CHANGEID="689777235" NUMBER="35" OPERTYPEID="10" PREVID="0" NEXTID="0" UPDATEDATE="2025-09-30" STARTDATE="2025-09-30" ENDDATE="2079-06-06" ISACTUAL="1" ISACTIVE="1" /><STEAD ID="74199297" OBJECTID="174976896" OBJECTGUID="11df2918-7148-454f-81ea-0015d197eb2f" CHANGEID="689790771" NUMBER="9в" OPERTYPEID="10" PREVID="0" NEXTID="0" UPDATEDATE="2025-10-01" STARTDATE="2025-10-01" ENDDATE="2079-06-06" ISACTUAL="1" ISACTIVE="1" /><STEAD ID="74201304" OBJECTID="163788124" OBJECTGUID="91e4690e-e55d-468a-b3fe-1b3e3bcf8bd5" CHANGEID="689796692" NUMBER="40Б/1" OPERTYPEID="20" PREVID="68132725" UPDATEDATE="2025-10-01" STARTDATE="2025-10-01" ENDDATE="2079-06-06" ISACTUAL="1" ISACTIVE="1" /><STEAD ID="74201266" OBJECTID="93985736" OBJECTGUID="d339a1dd-0e97-4a60-9937-39d576ed4b8c" CHANGEID="689796633" NUMBER="40Б" OPERTYPEID="20" PREVID="68132720" UPDATEDATE="2025-10-01" STARTDATE="2025-10-01" ENDDATE="2079-06-06" ISACTUAL="1" ISACTIVE="1" /><STEAD ID="74201900" OBJECTID="174981285" OBJECTGUID="cc5abbb1-45fb-4ee4-b7fa-feb92fd8a69d" CHANGEID="689799151" NUMBER="12" OPERTYPEID="10" PREVID="0" NEXTID="0" UPDATEDATE="2025-10-01" STARTDATE="2025-10-01" ENDDATE="2079-06-06" ISACTUAL="1" ISACTIVE="1" /><STEAD ID="74202452" OBJECTID="174982605" OBJECTGUID="004920c1-2e35-41af-96a9-c752a44081c0" CHANGEID="689801675" NUMBER="49" OPERTYPEID="10" PREVID="0" NEXTID="0" UPDATEDATE="2025-10-01" STARTDATE="2025-10-01" ENDDATE="2079-06-06" ISACTUAL="1" ISACTIVE="1" /><STEAD ID="74202455" OBJECTID="174982610" OBJECTGUID="f7a01ead-63c6-4f39-8f0b-788073d773f3" CHANGEID="689801681" NUMBER="33" OPERTYPEID="10" PREVID="0" NEXTID="0" UPDATEDATE="2025-10-01" STARTDATE="2025-10-01" ENDDATE="2079-06-06" ISACTUAL="1" ISACTIVE="1" /><STEAD ID="74202473" OBJECTID="174982647" OBJECTGUID="321f7dd1-4c24-4bd8-9e4f-e3fc85b099d0" CHANGEID="689801734" NUMBER="50А" OPERTYPEID="10" PREVID="0" NEXTID="0" UPDATEDATE="2025-10-01" STARTDATE="2025-10-01" ENDDATE="2079-06-06" ISACTUAL="1" ISACTIVE="1" /><STEAD ID="74202532" OBJECTID="174982741" OBJECTGUID="f2e6d896-7e9b-46e7-b63f-d9b264108843" CHANGEID="689801956" NUMBER="46" OPERTYPEID="10" PREVID="0" NEXTID="0" UPDATEDATE="2025-10-01" STARTDATE="2025-10-01" ENDDATE="2079-06-06" ISACTUAL="1" ISACTIVE="1" /><STEAD ID="74202536" OBJECTID="174982745" OBJECTGUID="db05684d-23ae-45b6-a36b-edb0aba61b40" CHANGEID="689801997" NUMBER="1Б" OPERTYPEID="10" PREVID="0" NEXTID="0" UPDATEDATE="2025-10-01" STARTDATE="2025-10-01" ENDDATE="2079-06-06" ISACTUAL="1" ISACTIVE="1" /><STEAD ID="74203092" OBJECTID="174983898" OBJECTGUID="eadb5d05-cd57-4a46-aa39-10deea277980" CHANGEID="689804926" NUMBER="168" OPERTYPEID="10" PREVID="0" NEXTID="0" UPDATEDATE="2025-10-01" STARTDATE="2025-10-01" ENDDATE="2079-06-06" ISACTUAL="1" ISACTIVE="1" /><STEAD ID="74203102" OBJECTID="174983917" OBJECTGUID="fbc6fddf-708b-4eb8-9268-32e9774ada3a" CHANGEID="689805033" NUMBER="41" OPERTYPEID="10" PREVID="0" NEXTID="0" UPDATEDATE="2025-10-01" STARTDATE="2025-10-01" ENDDATE="2079-06-06" ISACTUAL="1" ISACTIVE="1" /><STEAD ID="74204522" OBJECTID="174986083" OBJECTGUID="e93c3958-d65b-4d3f-b0c4-acd2ff4fd5b8" CHANGEID="689809662" NUMBER="26/3" OPERTYPEID="10" PREVID="0" NEXTID="0" UPDATEDATE="2025-10-01" STARTDATE="2025-10-01" ENDDATE="2079-06-06" ISACTUAL="1" ISACTIVE="1" /><STEAD ID="74206676" OBJECTID="174991081" OBJECTGUID="04aa1d52-232f-430d-82a4-19895be52226" CHANGEID="689818213" NUMBER="1" OPERTYPEID="10" PREVID="0" NEXTID="0" UPDATEDATE="2025-10-01" STARTDATE="2025-10-01" ENDDATE="2079-06-06" ISACTUAL="1" ISACTIVE="1" /><STEAD ID="74206683" OBJECTID="174991107" OBJECTGUID="104eeffb-6bf5-42a7-afae-ac00bc89fc8d" CHANGEID="689818258" NUMBER="3" OPERTYPEID="10" PREVID="0" NEXTID="0" UPDATEDATE="2025-10-01" STARTDATE="2025-10-01" ENDDATE="2079-06-06" ISACTUAL="1" ISACTIVE="1" /><STEAD ID="74207536" OBJECTID="174992947" OBJECTGUID="c48a0c8d-a6bf-47a7-81ee-15d4f5bb469c" CHANGEID="689825471" NUMBER="73" OPERTYPEID="10" PREVID="0" NEXTID="0" UPDATEDATE="2025-10-01" STARTDATE="2025-10-01" ENDDATE="2079-06-06" ISACTUAL="1" ISACTIVE="1" /></STEADS>