﻿<?xml version="1.0" encoding="utf-8"?><STEADS><STEAD ID="11783684" OBJECTID="97107490" OBJECTGUID="b9c81b09-03f4-41b7-b711-61e42ace7057" CHANGEID="151805706" NUMBER="16/128" OPERTYPEID="10" PREVID="0" NEXTID="74163407" UPDATEDATE="2025-09-29" STARTDATE="2020-06-11" ENDDATE="2025-09-29" ISACTUAL="0" ISACTIVE="0" /><STEAD ID="11792489" OBJECTID="97123323" OBJECTGUID="6c9072a8-d0d0-4ece-b8bd-532ad82fd050" CHANGEID="151840261" NUMBER="16/270" OPERTYPEID="10" PREVID="0" NEXTID="74163410" UPDATEDATE="2025-09-29" STARTDATE="2020-06-15" ENDDATE="2025-09-29" ISACTUAL="0" ISACTIVE="0" /><STEAD ID="11806364" OBJECTID="97147006" OBJECTGUID="acb53d2d-2973-4ce6-b83d-e06119d57990" CHANGEID="152101773" NUMBER="14/138" OPERTYPEID="10" PREVID="0" NEXTID="74163411" UPDATEDATE="2025-09-29" STARTDATE="2020-06-16" ENDDATE="2025-09-29" ISACTUAL="0" ISACTIVE="0" /><STEAD ID="11946244" OBJECTID="97388170" OBJECTGUID="96e4a627-cf67-4d53-b0c9-6c96a4ec57e7" CHANGEID="152769684" NUMBER="14/11" OPERTYPEID="10" PREVID="0" NEXTID="74163408" UPDATEDATE="2025-09-29" STARTDATE="2020-07-06" ENDDATE="2025-09-29" ISACTUAL="0" ISACTIVE="0" /><STEAD ID="12836684" OBJECTID="98969050" OBJECTGUID="6d32a904-a94e-47c0-9944-67d682f7f0d1" CHANGEID="158362556" NUMBER="806а" OPERTYPEID="10" PREVID="0" NEXTID="74163693" UPDATEDATE="2025-09-29" STARTDATE="2020-11-06" ENDDATE="2025-09-29" ISACTUAL="0" ISACTIVE="0" /><STEAD ID="12934519" OBJECTID="99163747" OBJECTGUID="c3c26dea-add8-4fd8-a3d2-45abde80f0ff" CHANGEID="158690207" NUMBER="14/109" OPERTYPEID="10" PREVID="0" NEXTID="74163406" UPDATEDATE="2025-09-29" STARTDATE="2020-11-19" ENDDATE="2025-09-29" ISACTUAL="0" ISACTIVE="0" /><STEAD ID="13121825" OBJECTID="99501195" OBJECTGUID="80816e1e-a920-44d3-980e-119b77e19204" CHANGEID="162778268" NUMBER="1е/33а" OPERTYPEID="10" PREVID="0" NEXTID="74189557" UPDATEDATE="2025-09-30" STARTDATE="2020-12-09" ENDDATE="2025-09-30" ISACTUAL="0" ISACTIVE="0" /><STEAD ID="13163302" OBJECTID="99576937" OBJECTGUID="07f916ef-7ab8-485c-9856-266d53c8a0f5" CHANGEID="163944143" NUMBER="1а" OPERTYPEID="10" PREVID="0" NEXTID="74197252" UPDATEDATE="2025-10-01" STARTDATE="2020-12-14" ENDDATE="2025-10-01" ISACTUAL="0" ISACTIVE="0" /><STEAD ID="13164883" OBJECTID="99578771" OBJECTGUID="af2450ac-abce-4440-94c7-f59ab3ed3080" CHANGEID="163949145" NUMBER="487199" OPERTYPEID="10" PREVID="0" NEXTID="74163401" UPDATEDATE="2025-09-29" STARTDATE="2020-12-14" ENDDATE="2025-09-29" ISACTUAL="0" ISACTIVE="0" /><STEAD ID="13164900" OBJECTID="99578788" OBJECTGUID="2aad3814-9d28-43b8-a613-31d2c2207853" CHANGEID="163949162" NUMBER="340134" OPERTYPEID="10" PREVID="0" NEXTID="74163402" UPDATEDATE="2025-09-29" STARTDATE="2020-12-14" ENDDATE="2025-09-29" ISACTUAL="0" ISACTIVE="0" /><STEAD ID="13164915" OBJECTID="99578803" OBJECTGUID="15f06630-307e-477f-991e-06b3c43eb5f1" CHANGEID="163949177" NUMBER="179" OPERTYPEID="10" PREVID="0" NEXTID="74163409" UPDATEDATE="2025-09-29" STARTDATE="2020-12-14" ENDDATE="2025-09-29" ISACTUAL="0" ISACTIVE="0" /><STEAD ID="13191371" OBJECTID="99627944" OBJECTGUID="91465012-5296-4dfc-925e-ec2b90e61d93" CHANGEID="164358079" NUMBER="14/78б" OPERTYPEID="10" PREVID="0" NEXTID="74163404" UPDATEDATE="2025-09-29" STARTDATE="2020-12-16" ENDDATE="2025-09-29" ISACTUAL="0" ISACTIVE="0" /><STEAD ID="13556506" OBJECTID="100258473" OBJECTGUID="9048006e-36a4-4aaf-8536-9dba2e493990" CHANGEID="177172508" NUMBER="1/371" OPERTYPEID="10" PREVID="0" NEXTID="74197254" UPDATEDATE="2025-10-01" STARTDATE="2021-02-11" ENDDATE="2025-10-01" ISACTUAL="0" ISACTIVE="0" /><STEAD ID="13674877" OBJECTID="100488386" OBJECTGUID="fe22a28d-1a7d-4f07-ba36-3ccaefadf3ab" CHANGEID="181796483" NUMBER="1/56г" OPERTYPEID="10" PREVID="0" NEXTID="74197256" UPDATEDATE="2025-10-01" STARTDATE="2021-03-05" ENDDATE="2025-10-01" ISACTUAL="0" ISACTIVE="0" /><STEAD ID="66442519" OBJECTID="158433797" OBJECTGUID="ac83d95b-250f-45bf-a048-6e51af9775d0" CHANGEID="498762943" NUMBER="2" OPERTYPEID="10" PREVID="0" NEXTID="74181585" UPDATEDATE="2025-09-30" STARTDATE="2023-03-29" ENDDATE="2025-09-30" ISACTUAL="0" ISACTIVE="0" /><STEAD ID="71269713" OBJECTID="169628839" OBJECTGUID="2fac128a-e424-498d-96be-c0042293f387" CHANGEID="619112877" NUMBER="29" OPERTYPEID="10" PREVID="0" NEXTID="74170023" UPDATEDATE="2025-09-29" STARTDATE="2025-01-22" ENDDATE="2025-09-29" ISACTUAL="0" ISACTIVE="0" /><STEAD ID="74163370" OBJECTID="174910132" OBJECTGUID="0b13934c-2eef-4d3f-aabd-a0f718c4cd80" CHANGEID="689624665" NUMBER="6" OPERTYPEID="10" PREVID="0" NEXTID="0" UPDATEDATE="2025-09-29" STARTDATE="2025-09-29" ENDDATE="2079-06-06" ISACTUAL="1" ISACTIVE="1" /><STEAD ID="74163371" OBJECTID="174910134" OBJECTGUID="0e1fcfba-607b-4046-8645-63192ca9a006" CHANGEID="689624667" NUMBER="10" OPERTYPEID="10" PREVID="0" NEXTID="0" UPDATEDATE="2025-09-29" STARTDATE="2025-09-29" ENDDATE="2079-06-06" ISACTUAL="1" ISACTIVE="1" /><STEAD ID="74163372" OBJECTID="174910135" OBJECTGUID="9029c739-da25-43b6-a1ba-9ba7a9e11f7b" CHANGEID="689624668" NUMBER="8" OPERTYPEID="10" PREVID="0" NEXTID="0" UPDATEDATE="2025-09-29" STARTDATE="2025-09-29" ENDDATE="2079-06-06" ISACTUAL="1" ISACTIVE="1" /><STEAD ID="74163397" OBJECTID="174910186" OBJECTGUID="98be5283-f499-4e27-9b41-00428159f187" CHANGEID="689624731" NUMBER="14/546" OPERTYPEID="10" PREVID="0" NEXTID="0" UPDATEDATE="2025-09-29" STARTDATE="2025-09-29" ENDDATE="2079-06-06" ISACTUAL="1" ISACTIVE="1" /><STEAD ID="74163398" OBJECTID="174910187" OBJECTGUID="e44475c8-b996-4942-9615-78caac0ad1af" CHANGEID="689624732" NUMBER="14/121" OPERTYPEID="10" PREVID="0" NEXTID="0" UPDATEDATE="2025-09-29" STARTDATE="2025-09-29" ENDDATE="2079-06-06" ISACTUAL="1" ISACTIVE="1" /><STEAD ID="74163399" OBJECTID="174910188" OBJECTGUID="ed2e7812-9ba4-426d-9987-ef8a1dad71a6" CHANGEID="689624733" NUMBER="14/1414" OPERTYPEID="10" PREVID="0" NEXTID="0" UPDATEDATE="2025-09-29" STARTDATE="2025-09-29" ENDDATE="2079-06-06" ISACTUAL="1" ISACTIVE="1" /><STEAD ID="74163400" OBJECTID="174910189" OBJECTGUID="f3b12d01-8ae9-4dbe-81f8-4b6ee392b3d0" CHANGEID="689624734" NUMBER="14/102" OPERTYPEID="10" PREVID="0" NEXTID="0" UPDATEDATE="2025-09-29" STARTDATE="2025-09-29" ENDDATE="2079-06-06" ISACTUAL="1" ISACTIVE="1" /><STEAD ID="74163401" OBJECTID="99578771" OBJECTGUID="af2450ac-abce-4440-94c7-f59ab3ed3080" CHANGEID="689624737" NUMBER="14/199" OPERTYPEID="20" PREVID="13164883" UPDATEDATE="2025-09-29" STARTDATE="2025-09-29" ENDDATE="2079-06-06" ISACTUAL="1" ISACTIVE="1" /><STEAD ID="74163402" OBJECTID="99578788" OBJECTGUID="2aad3814-9d28-43b8-a613-31d2c2207853" CHANGEID="689624752" NUMBER="14/0134" OPERTYPEID="20" PREVID="13164900" UPDATEDATE="2025-09-29" STARTDATE="2025-09-29" ENDDATE="2079-06-06" ISACTUAL="1" ISACTIVE="1" /><STEAD ID="11806229" OBJECTID="97146871" OBJECTGUID="5742cd61-3c99-4c81-aac7-076e427a4245" CHANGEID="152101638" NUMBER="14/41" OPERTYPEID="10" PREVID="0" NEXTID="74163403" UPDATEDATE="2025-09-29" STARTDATE="2020-06-16" ENDDATE="2025-09-29" ISACTUAL="0" ISACTIVE="0" /><STEAD ID="74163403" OBJECTID="97146871" OBJECTGUID="5742cd61-3c99-4c81-aac7-076e427a4245" CHANGEID="689624753" NUMBER="14/60" OPERTYPEID="20" PREVID="11806229" UPDATEDATE="2025-09-29" STARTDATE="2025-09-29" ENDDATE="2079-06-06" ISACTUAL="1" ISACTIVE="1" /><STEAD ID="74163404" OBJECTID="99627944" OBJECTGUID="91465012-5296-4dfc-925e-ec2b90e61d93" CHANGEID="689624756" NUMBER="14/26" OPERTYPEID="20" PREVID="13191371" UPDATEDATE="2025-09-29" STARTDATE="2025-09-29" ENDDATE="2079-06-06" ISACTUAL="1" ISACTIVE="1" /><STEAD ID="13164899" OBJECTID="99578787" OBJECTGUID="d993c12a-441b-4f0e-8c4b-e484ad982141" CHANGEID="163949161" NUMBER="1310" OPERTYPEID="10" PREVID="0" NEXTID="74163405" UPDATEDATE="2025-09-29" STARTDATE="2020-12-14" ENDDATE="2025-09-29" ISACTUAL="0" ISACTIVE="0" /><STEAD ID="74163405" OBJECTID="99578787" OBJECTGUID="d993c12a-441b-4f0e-8c4b-e484ad982141" CHANGEID="689624757" NUMBER="14/1310" OPERTYPEID="20" PREVID="13164899" UPDATEDATE="2025-09-29" STARTDATE="2025-09-29" ENDDATE="2079-06-06" ISACTUAL="1" ISACTIVE="1" /><STEAD ID="74163406" OBJECTID="99163747" OBJECTGUID="c3c26dea-add8-4fd8-a3d2-45abde80f0ff" CHANGEID="689624758" NUMBER="14/204" OPERTYPEID="20" PREVID="12934519" UPDATEDATE="2025-09-29" STARTDATE="2025-09-29" ENDDATE="2079-06-06" ISACTUAL="1" ISACTIVE="1" /><STEAD ID="74163407" OBJECTID="97107490" OBJECTGUID="b9c81b09-03f4-41b7-b711-61e42ace7057" CHANGEID="689624759" NUMBER="14/128" OPERTYPEID="20" PREVID="11783684" UPDATEDATE="2025-09-29" STARTDATE="2025-09-29" ENDDATE="2079-06-06" ISACTUAL="1" ISACTIVE="1" /><STEAD ID="74163408" OBJECTID="97388170" OBJECTGUID="96e4a627-cf67-4d53-b0c9-6c96a4ec57e7" CHANGEID="689624760" NUMBER="14/364" OPERTYPEID="20" PREVID="11946244" UPDATEDATE="2025-09-29" STARTDATE="2025-09-29" ENDDATE="2079-06-06" ISACTUAL="1" ISACTIVE="1" /><STEAD ID="74163409" OBJECTID="99578803" OBJECTGUID="15f06630-307e-477f-991e-06b3c43eb5f1" CHANGEID="689624764" NUMBER="14/179" OPERTYPEID="20" PREVID="13164915" UPDATEDATE="2025-09-29" STARTDATE="2025-09-29" ENDDATE="2079-06-06" ISACTUAL="1" ISACTIVE="1" /><STEAD ID="74163410" OBJECTID="97123323" OBJECTGUID="6c9072a8-d0d0-4ece-b8bd-532ad82fd050" CHANGEID="689624765" NUMBER="14/270" OPERTYPEID="20" PREVID="11792489" UPDATEDATE="2025-09-29" STARTDATE="2025-09-29" ENDDATE="2079-06-06" ISACTUAL="1" ISACTIVE="1" /><STEAD ID="74163411" OBJECTID="97147006" OBJECTGUID="acb53d2d-2973-4ce6-b83d-e06119d57990" CHANGEID="689624767" NUMBER="14/225" OPERTYPEID="20" PREVID="11806364" UPDATEDATE="2025-09-29" STARTDATE="2025-09-29" ENDDATE="2079-06-06" ISACTUAL="1" ISACTIVE="1" /><STEAD ID="74163692" OBJECTID="174910934" OBJECTGUID="e4049fb2-ce39-4172-a047-090b82adaf6e" CHANGEID="689626546" NUMBER="15А" OPERTYPEID="10" PREVID="0" NEXTID="0" UPDATEDATE="2025-09-29" STARTDATE="2025-09-29" ENDDATE="2079-06-06" ISACTUAL="1" ISACTIVE="1" /><STEAD ID="74163693" OBJECTID="98969050" OBJECTGUID="6d32a904-a94e-47c0-9944-67d682f7f0d1" CHANGEID="689626548" NUMBER="14/806" OPERTYPEID="50" PREVID="12836684" UPDATEDATE="2025-09-29" STARTDATE="2025-09-29" ENDDATE="2079-06-06" ISACTUAL="1" ISACTIVE="1" /><STEAD ID="74163973" OBJECTID="174911301" OBJECTGUID="adaa1321-1e28-4db8-9fe6-e58f0b6d1b49" CHANGEID="689628126" NUMBER="15/4" OPERTYPEID="10" PREVID="0" NEXTID="0" UPDATEDATE="2025-09-29" STARTDATE="2025-09-29" ENDDATE="2079-06-06" ISACTUAL="1" ISACTIVE="1" /><STEAD ID="74163974" OBJECTID="174911302" OBJECTGUID="a82aebbb-b4f7-495a-8b35-719f14fa9b7b" CHANGEID="689628127" NUMBER="12/2" OPERTYPEID="10" PREVID="0" NEXTID="0" UPDATEDATE="2025-09-29" STARTDATE="2025-09-29" ENDDATE="2079-06-06" ISACTUAL="1" ISACTIVE="1" /><STEAD ID="74163975" OBJECTID="174911303" OBJECTGUID="4c63ea66-0bc5-40ab-a773-f657c72218f0" CHANGEID="689628128" NUMBER="14/1" OPERTYPEID="10" PREVID="0" NEXTID="0" UPDATEDATE="2025-09-29" STARTDATE="2025-09-29" ENDDATE="2079-06-06" ISACTUAL="1" ISACTIVE="1" /><STEAD ID="74163976" OBJECTID="174911304" OBJECTGUID="2833ff52-898c-48a9-b63a-8fab551d099a" CHANGEID="689628129" NUMBER="6/2" OPERTYPEID="10" PREVID="0" NEXTID="0" UPDATEDATE="2025-09-29" STARTDATE="2025-09-29" ENDDATE="2079-06-06" ISACTUAL="1" ISACTIVE="1" /><STEAD ID="74163977" OBJECTID="174911305" OBJECTGUID="e70e0d46-2ed2-4589-a501-fceaf1e54e78" CHANGEID="689628130" NUMBER="9/1" OPERTYPEID="10" PREVID="0" NEXTID="0" UPDATEDATE="2025-09-29" STARTDATE="2025-09-29" ENDDATE="2079-06-06" ISACTUAL="1" ISACTIVE="1" /><STEAD ID="74163978" OBJECTID="174911306" OBJECTGUID="07cc706c-a71a-4164-8cb6-2736053d01fe" CHANGEID="689628131" NUMBER="8/2" OPERTYPEID="10" PREVID="0" NEXTID="0" UPDATEDATE="2025-09-29" STARTDATE="2025-09-29" ENDDATE="2079-06-06" ISACTUAL="1" ISACTIVE="1" /><STEAD ID="74163979" OBJECTID="174911307" OBJECTGUID="b77cf28d-830b-4741-a0db-a8da4bc9141f" CHANGEID="689628132" NUMBER="11/2" OPERTYPEID="10" PREVID="0" NEXTID="0" UPDATEDATE="2025-09-29" STARTDATE="2025-09-29" ENDDATE="2079-06-06" ISACTUAL="1" ISACTIVE="1" /><STEAD ID="74163980" OBJECTID="174911308" OBJECTGUID="f97830d3-85c9-40ce-bf3f-2f94a9e7d048" CHANGEID="689628133" NUMBER="11/1" OPERTYPEID="10" PREVID="0" NEXTID="0" UPDATEDATE="2025-09-29" STARTDATE="2025-09-29" ENDDATE="2079-06-06" ISACTUAL="1" ISACTIVE="1" /><STEAD ID="74163981" OBJECTID="174911309" OBJECTGUID="a41af172-cc0c-4d5e-93af-94956a351008" CHANGEID="689628134" NUMBER="4/1" OPERTYPEID="10" PREVID="0" NEXTID="0" UPDATEDATE="2025-09-29" STARTDATE="2025-09-29" ENDDATE="2079-06-06" ISACTUAL="1" ISACTIVE="1" /><STEAD ID="74163982" OBJECTID="174911310" OBJECTGUID="b03f5658-b08d-4583-8f79-ed3f2542e51b" CHANGEID="689628135" NUMBER="12/1" OPERTYPEID="10" PREVID="0" NEXTID="0" UPDATEDATE="2025-09-29" STARTDATE="2025-09-29" ENDDATE="2079-06-06" ISACTUAL="1" ISACTIVE="1" /><STEAD ID="74163995" OBJECTID="174911334" OBJECTGUID="2dce3393-ad50-423d-8a0b-4a9094561c22" CHANGEID="689628278" NUMBER="2Д" OPERTYPEID="10" PREVID="0" NEXTID="0" UPDATEDATE="2025-09-29" STARTDATE="2025-09-29" ENDDATE="2079-06-06" ISACTUAL="1" ISACTIVE="1" /><STEAD ID="74163996" OBJECTID="174911335" OBJECTGUID="a8f9bb37-489e-4146-b4ec-1c64934e1a95" CHANGEID="689628279" NUMBER="10/1" OPERTYPEID="10" PREVID="0" NEXTID="0" UPDATEDATE="2025-09-29" STARTDATE="2025-09-29" ENDDATE="2079-06-06" ISACTUAL="1" ISACTIVE="1" /><STEAD ID="74163997" OBJECTID="174911336" OBJECTGUID="82e07ad3-3a58-40df-91bb-feba099c86cd" CHANGEID="689628280" NUMBER="4/2" OPERTYPEID="10" PREVID="0" NEXTID="0" UPDATEDATE="2025-09-29" STARTDATE="2025-09-29" ENDDATE="2079-06-06" ISACTUAL="1" ISACTIVE="1" /><STEAD ID="74163998" OBJECTID="174911337" OBJECTGUID="66438e8f-8317-4268-a310-660b429eabbd" CHANGEID="689628281" NUMBER="18/2" OPERTYPEID="10" PREVID="0" NEXTID="0" UPDATEDATE="2025-09-29" STARTDATE="2025-09-29" ENDDATE="2079-06-06" ISACTUAL="1" ISACTIVE="1" /><STEAD ID="74163999" OBJECTID="174911338" OBJECTGUID="a616345a-3548-47da-9842-ac46a2b9838e" CHANGEID="689628282" NUMBER="7/1" OPERTYPEID="10" PREVID="0" NEXTID="0" UPDATEDATE="2025-09-29" STARTDATE="2025-09-29" ENDDATE="2079-06-06" ISACTUAL="1" ISACTIVE="1" /><STEAD ID="74164025" OBJECTID="174911375" OBJECTGUID="bc4a0154-d373-4b08-9bc9-978de2727003" CHANGEID="689628341" NUMBER="1" OPERTYPEID="10" PREVID="0" NEXTID="0" UPDATEDATE="2025-09-29" STARTDATE="2025-09-29" ENDDATE="2079-06-06" ISACTUAL="1" ISACTIVE="1" /><STEAD ID="74163983" OBJECTID="174911313" OBJECTGUID="9f23b804-4eda-4b7d-a040-7cbb7f0f6492" CHANGEID="689628158" NUMBER="5/1" OPERTYPEID="10" PREVID="0" NEXTID="0" UPDATEDATE="2025-09-29" STARTDATE="2025-09-29" ENDDATE="2079-06-06" ISACTUAL="1" ISACTIVE="1" /><STEAD ID="74163984" OBJECTID="174911314" OBJECTGUID="2b80b82f-6de1-407a-9b02-6b7b717e97db" CHANGEID="689628159" NUMBER="10/2" OPERTYPEID="10" PREVID="0" NEXTID="0" UPDATEDATE="2025-09-29" STARTDATE="2025-09-29" ENDDATE="2079-06-06" ISACTUAL="1" ISACTIVE="1" /><STEAD ID="74163985" OBJECTID="174911315" OBJECTGUID="33ec39cd-7122-4373-a747-04b28b5133b5" CHANGEID="689628160" NUMBER="7/2" OPERTYPEID="10" PREVID="0" NEXTID="0" UPDATEDATE="2025-09-29" STARTDATE="2025-09-29" ENDDATE="2079-06-06" ISACTUAL="1" ISACTIVE="1" /><STEAD ID="74163986" OBJECTID="174911316" OBJECTGUID="8aadc1d4-3c82-4806-9c1b-7851e0c22be1" CHANGEID="689628161" NUMBER="6/1" OPERTYPEID="10" PREVID="0" NEXTID="0" UPDATEDATE="2025-09-29" STARTDATE="2025-09-29" ENDDATE="2079-06-06" ISACTUAL="1" ISACTIVE="1" /><STEAD ID="74163987" OBJECTID="174911317" OBJECTGUID="420b5bd5-944d-4fe7-9e73-87ec47969cfc" CHANGEID="689628162" NUMBER="5/2" OPERTYPEID="10" PREVID="0" NEXTID="0" UPDATEDATE="2025-09-29" STARTDATE="2025-09-29" ENDDATE="2079-06-06" ISACTUAL="1" ISACTIVE="1" /><STEAD ID="74163988" OBJECTID="174911318" OBJECTGUID="bb3ab43e-612a-4194-8016-d81c86bd2956" CHANGEID="689628163" NUMBER="18/1" OPERTYPEID="10" PREVID="0" NEXTID="0" UPDATEDATE="2025-09-29" STARTDATE="2025-09-29" ENDDATE="2079-06-06" ISACTUAL="1" ISACTIVE="1" /><STEAD ID="74164000" OBJECTID="174911339" OBJECTGUID="4ab3b39f-c84b-41cc-b2fc-6e3ab57f5096" CHANGEID="689628283" NUMBER="9/7" OPERTYPEID="10" PREVID="0" NEXTID="0" UPDATEDATE="2025-09-29" STARTDATE="2025-09-29" ENDDATE="2079-06-06" ISACTUAL="1" ISACTIVE="1" /><STEAD ID="74164042" OBJECTID="174911404" OBJECTGUID="d2a9c6fe-9f90-4283-812c-9d60426e6d0c" CHANGEID="689628374" NUMBER="1ж/124" OPERTYPEID="10" PREVID="0" NEXTID="0" UPDATEDATE="2025-09-29" STARTDATE="2025-09-29" ENDDATE="2079-06-06" ISACTUAL="1" ISACTIVE="1" /><STEAD ID="74164043" OBJECTID="174911405" OBJECTGUID="c6f6aa72-f397-4508-8558-2d4d209f7326" CHANGEID="689628375" NUMBER="1ж/111" OPERTYPEID="10" PREVID="0" NEXTID="0" UPDATEDATE="2025-09-29" STARTDATE="2025-09-29" ENDDATE="2079-06-06" ISACTUAL="1" ISACTIVE="1" /><STEAD ID="74164172" OBJECTID="174911574" OBJECTGUID="c88e5892-190c-491a-a10f-c238142becab" CHANGEID="689628600" NUMBER="22" OPERTYPEID="10" PREVID="0" NEXTID="0" UPDATEDATE="2025-09-29" STARTDATE="2025-09-29" ENDDATE="2079-06-06" ISACTUAL="1" ISACTIVE="1" /><STEAD ID="4961021" OBJECTID="89497541" OBJECTGUID="17ce6a2c-7e7d-40dd-a4eb-1ecc07fa2254" CHANGEID="131974408" NUMBER="8-1" OPERTYPEID="10" NEXTID="74164630" UPDATEDATE="2025-09-29" STARTDATE="2019-09-26" ENDDATE="2025-09-29" ISACTUAL="0" ISACTIVE="0" /><STEAD ID="74164630" OBJECTID="89497541" OBJECTGUID="17ce6a2c-7e7d-40dd-a4eb-1ecc07fa2254" CHANGEID="689629992" NUMBER="8/1" OPERTYPEID="20" PREVID="4961021" UPDATEDATE="2025-09-29" STARTDATE="2025-09-29" ENDDATE="2079-06-06" ISACTUAL="1" ISACTIVE="1" /><STEAD ID="74164631" OBJECTID="174912157" OBJECTGUID="e5188b28-8ec3-4720-aece-76dac14f1ffa" CHANGEID="689630058" NUMBER="30" OPERTYPEID="10" PREVID="0" NEXTID="0" UPDATEDATE="2025-09-29" STARTDATE="2025-09-29" ENDDATE="2079-06-06" ISACTUAL="1" ISACTIVE="1" /><STEAD ID="74164632" OBJECTID="174912159" OBJECTGUID="20b1652c-e3df-4874-82a2-91b2106892c3" CHANGEID="689630062" NUMBER="99А" OPERTYPEID="10" PREVID="0" NEXTID="0" UPDATEDATE="2025-09-29" STARTDATE="2025-09-29" ENDDATE="2079-06-06" ISACTUAL="1" ISACTIVE="1" /><STEAD ID="74164656" OBJECTID="174912184" OBJECTGUID="38b097b6-3d39-460a-9402-ed91bf684465" CHANGEID="689630101" NUMBER="8" OPERTYPEID="10" PREVID="0" NEXTID="0" UPDATEDATE="2025-09-29" STARTDATE="2025-09-29" ENDDATE="2079-06-06" ISACTUAL="1" ISACTIVE="1" /><STEAD ID="74164657" OBJECTID="174912185" OBJECTGUID="a112bfab-3574-41ca-b73b-658ba83f0611" CHANGEID="689630109" NUMBER="3" OPERTYPEID="10" PREVID="0" NEXTID="0" UPDATEDATE="2025-09-29" STARTDATE="2025-09-29" ENDDATE="2079-06-06" ISACTUAL="1" ISACTIVE="1" /><STEAD ID="74164876" OBJECTID="174912449" OBJECTGUID="2ebb642b-927c-415e-bec7-85dab25cedbf" CHANGEID="689630629" NUMBER="6" OPERTYPEID="10" PREVID="0" NEXTID="0" UPDATEDATE="2025-09-29" STARTDATE="2025-09-29" ENDDATE="2079-06-06" ISACTUAL="1" ISACTIVE="1" /><STEAD ID="74165035" OBJECTID="174912665" OBJECTGUID="da277d06-25a0-4104-a78c-2dd4d028ebcf" CHANGEID="689631308" NUMBER="5" OPERTYPEID="10" PREVID="0" NEXTID="0" UPDATEDATE="2025-09-29" STARTDATE="2025-09-29" ENDDATE="2079-06-06" ISACTUAL="1" ISACTIVE="1" /><STEAD ID="74165036" OBJECTID="174912666" OBJECTGUID="1fc19a8f-3ada-4d76-888d-99df0b1109bc" CHANGEID="689631311" NUMBER="43" OPERTYPEID="10" PREVID="0" NEXTID="0" UPDATEDATE="2025-09-29" STARTDATE="2025-09-29" ENDDATE="2079-06-06" ISACTUAL="1" ISACTIVE="1" /><STEAD ID="74165067" OBJECTID="174912707" OBJECTGUID="c15e9855-892c-48ee-bd2b-eabaad9dda00" CHANGEID="689631425" NUMBER="43б" OPERTYPEID="10" PREVID="0" NEXTID="0" UPDATEDATE="2025-09-29" STARTDATE="2025-09-29" ENDDATE="2079-06-06" ISACTUAL="1" ISACTIVE="1" /><STEAD ID="74165144" OBJECTID="174912830" OBJECTGUID="098dbc06-8a25-4df2-b159-c9871e0db921" CHANGEID="689631695" NUMBER="98" OPERTYPEID="10" PREVID="0" NEXTID="0" UPDATEDATE="2025-09-29" STARTDATE="2025-09-29" ENDDATE="2079-06-06" ISACTUAL="1" ISACTIVE="1" /><STEAD ID="74165167" OBJECTID="174912858" OBJECTGUID="0c4a7a49-f456-4337-8aa9-1892771c798b" CHANGEID="689631723" NUMBER="39" OPERTYPEID="10" PREVID="0" NEXTID="0" UPDATEDATE="2025-09-29" STARTDATE="2025-09-29" ENDDATE="2079-06-06" ISACTUAL="1" ISACTIVE="1" /><STEAD ID="74165205" OBJECTID="174912896" OBJECTGUID="f542c8f6-3b7d-4ea2-9aa3-529fdc19f8e3" CHANGEID="689631761" NUMBER="51" OPERTYPEID="10" PREVID="0" NEXTID="0" UPDATEDATE="2025-09-29" STARTDATE="2025-09-29" ENDDATE="2079-06-06" ISACTUAL="1" ISACTIVE="1" /><STEAD ID="74165250" OBJECTID="174912974" OBJECTGUID="b2931577-a100-4bfe-88fa-00159f8097bf" CHANGEID="689631849" NUMBER="20" OPERTYPEID="10" PREVID="0" NEXTID="0" UPDATEDATE="2025-09-29" STARTDATE="2025-09-29" ENDDATE="2079-06-06" ISACTUAL="1" ISACTIVE="1" /><STEAD ID="74165252" OBJECTID="174912978" OBJECTGUID="d0d05811-59be-4592-ad6d-03db584b0fe9" CHANGEID="689631853" NUMBER="26" OPERTYPEID="10" PREVID="0" NEXTID="0" UPDATEDATE="2025-09-29" STARTDATE="2025-09-29" ENDDATE="2079-06-06" ISACTUAL="1" ISACTIVE="1" /><STEAD ID="13674831" OBJECTID="100488340" OBJECTGUID="f39e99d8-1c6f-4a90-81cb-1ae8a4e92548" CHANGEID="181796437" NUMBER="1ж/317а" OPERTYPEID="10" PREVID="0" NEXTID="74165385" UPDATEDATE="2025-09-29" STARTDATE="2021-03-05" ENDDATE="2025-09-29" ISACTUAL="0" ISACTIVE="0" /><STEAD ID="74165385" OBJECTID="100488340" OBJECTGUID="f39e99d8-1c6f-4a90-81cb-1ae8a4e92548" CHANGEID="689632540" NUMBER="1ж/317г" OPERTYPEID="20" PREVID="13674831" UPDATEDATE="2025-09-29" STARTDATE="2025-09-29" ENDDATE="2079-06-06" ISACTUAL="1" ISACTIVE="1" /><STEAD ID="74165534" OBJECTID="174913428" OBJECTGUID="ded52575-cc57-47e6-aafa-01937024def9" CHANGEID="689633291" NUMBER="27" OPERTYPEID="10" PREVID="0" NEXTID="0" UPDATEDATE="2025-09-29" STARTDATE="2025-09-29" ENDDATE="2079-06-06" ISACTUAL="1" ISACTIVE="1" /><STEAD ID="74167420" OBJECTID="174917284" OBJECTGUID="d47258c6-80ed-46ca-ad4f-09150ee5ed60" CHANGEID="689640619" NUMBER="10/35" OPERTYPEID="10" PREVID="0" NEXTID="0" UPDATEDATE="2025-09-29" STARTDATE="2025-09-29" ENDDATE="2079-06-06" ISACTUAL="1" ISACTIVE="1" /><STEAD ID="74167421" OBJECTID="174917285" OBJECTGUID="01e719e8-075b-430c-9fd7-a6f11a00d809" CHANGEID="689640620" NUMBER="10/32" OPERTYPEID="10" PREVID="0" NEXTID="0" UPDATEDATE="2025-09-29" STARTDATE="2025-09-29" ENDDATE="2079-06-06" ISACTUAL="1" ISACTIVE="1" /><STEAD ID="74167422" OBJECTID="174917286" OBJECTGUID="7fa67550-93a4-4679-a94a-d5c214908614" CHANGEID="689640621" NUMBER="10/31" OPERTYPEID="10" PREVID="0" NEXTID="0" UPDATEDATE="2025-09-29" STARTDATE="2025-09-29" ENDDATE="2079-06-06" ISACTUAL="1" ISACTIVE="1" /><STEAD ID="74167423" OBJECTID="174917287" OBJECTGUID="4d4c33a4-ccf0-4d37-bb96-685e95fca0a6" CHANGEID="689640622" NUMBER="10/30" OPERTYPEID="10" PREVID="0" NEXTID="0" UPDATEDATE="2025-09-29" STARTDATE="2025-09-29" ENDDATE="2079-06-06" ISACTUAL="1" ISACTIVE="1" /><STEAD ID="74167424" OBJECTID="174917288" OBJECTGUID="2d1f1b89-b4d7-4eb8-8984-9d8889faa900" CHANGEID="689640623" NUMBER="10/29" OPERTYPEID="10" PREVID="0" NEXTID="0" UPDATEDATE="2025-09-29" STARTDATE="2025-09-29" ENDDATE="2079-06-06" ISACTUAL="1" ISACTIVE="1" /><STEAD ID="74167425" OBJECTID="174917289" OBJECTGUID="ff3d95f0-f455-4cbc-9d68-796521b49a18" CHANGEID="689640624" NUMBER="10/27" OPERTYPEID="10" PREVID="0" NEXTID="0" UPDATEDATE="2025-09-29" STARTDATE="2025-09-29" ENDDATE="2079-06-06" ISACTUAL="1" ISACTIVE="1" /><STEAD ID="74167426" OBJECTID="174917290" OBJECTGUID="f7aa9d9a-1c2e-4f24-8e12-6c6debe9a901" CHANGEID="689640625" NUMBER="10/26" OPERTYPEID="10" PREVID="0" NEXTID="0" UPDATEDATE="2025-09-29" STARTDATE="2025-09-29" ENDDATE="2079-06-06" ISACTUAL="1" ISACTIVE="1" /><STEAD ID="74167427" OBJECTID="174917291" OBJECTGUID="b2ae935a-69e0-47b6-883f-2b1f1ed8a270" CHANGEID="689640626" NUMBER="10/25" OPERTYPEID="10" PREVID="0" NEXTID="0" UPDATEDATE="2025-09-29" STARTDATE="2025-09-29" ENDDATE="2079-06-06" ISACTUAL="1" ISACTIVE="1" /><STEAD ID="74167428" OBJECTID="174917292" OBJECTGUID="5faeadc8-3cff-4031-8438-40e4ff6dc25b" CHANGEID="689640627" NUMBER="10/24" OPERTYPEID="10" PREVID="0" NEXTID="0" UPDATEDATE="2025-09-29" STARTDATE="2025-09-29" ENDDATE="2079-06-06" ISACTUAL="1" ISACTIVE="1" /><STEAD ID="74167429" OBJECTID="174917293" OBJECTGUID="34d3bc81-bfcf-4eb0-973d-9adcd5dd7400" CHANGEID="689640628" NUMBER="10/20" OPERTYPEID="10" PREVID="0" NEXTID="0" UPDATEDATE="2025-09-29" STARTDATE="2025-09-29" ENDDATE="2079-06-06" ISACTUAL="1" ISACTIVE="1" /><STEAD ID="74167430" OBJECTID="174917294" OBJECTGUID="6e439ac5-409d-44da-8e0f-cbab697df422" CHANGEID="689640629" NUMBER="10/19" OPERTYPEID="10" PREVID="0" NEXTID="0" UPDATEDATE="2025-09-29" STARTDATE="2025-09-29" ENDDATE="2079-06-06" ISACTUAL="1" ISACTIVE="1" /><STEAD ID="74167431" OBJECTID="174917295" OBJECTGUID="583073b9-7b26-4c79-a8a5-86a9133c666d" CHANGEID="689640630" NUMBER="10/16" OPERTYPEID="10" PREVID="0" NEXTID="0" UPDATEDATE="2025-09-29" STARTDATE="2025-09-29" ENDDATE="2079-06-06" ISACTUAL="1" ISACTIVE="1" /><STEAD ID="74167432" OBJECTID="174917296" OBJECTGUID="d7e425f4-d9ac-488a-b924-a40ebb41ac80" CHANGEID="689640631" NUMBER="10/17" OPERTYPEID="10" PREVID="0" NEXTID="0" UPDATEDATE="2025-09-29" STARTDATE="2025-09-29" ENDDATE="2079-06-06" ISACTUAL="1" ISACTIVE="1" /><STEAD ID="74167433" OBJECTID="174917297" OBJECTGUID="65563517-321a-4cfc-904f-2a3f50295376" CHANGEID="689640632" NUMBER="10/23" OPERTYPEID="10" PREVID="0" NEXTID="0" UPDATEDATE="2025-09-29" STARTDATE="2025-09-29" ENDDATE="2079-06-06" ISACTUAL="1" ISACTIVE="1" /><STEAD ID="74167434" OBJECTID="174917298" OBJECTGUID="222d2fe8-dc3f-4eb4-88aa-cef89212a1bc" CHANGEID="689640633" NUMBER="10/22" OPERTYPEID="10" PREVID="0" NEXTID="0" UPDATEDATE="2025-09-29" STARTDATE="2025-09-29" ENDDATE="2079-06-06" ISACTUAL="1" ISACTIVE="1" /><STEAD ID="74167435" OBJECTID="174917299" OBJECTGUID="ce36a0a9-1249-4599-9bf9-799918488cf5" CHANGEID="689640634" NUMBER="10/21А" OPERTYPEID="10" PREVID="0" NEXTID="0" UPDATEDATE="2025-09-29" STARTDATE="2025-09-29" ENDDATE="2079-06-06" ISACTUAL="1" ISACTIVE="1" /><STEAD ID="74167436" OBJECTID="174917300" OBJECTGUID="ffe9339e-cfdd-4641-8259-84feedb8b28d" CHANGEID="689640635" NUMBER="10/21" OPERTYPEID="10" PREVID="0" NEXTID="0" UPDATEDATE="2025-09-29" STARTDATE="2025-09-29" ENDDATE="2079-06-06" ISACTUAL="1" ISACTIVE="1" /><STEAD ID="74167374" OBJECTID="174917163" OBJECTGUID="081702e7-834f-4abe-9738-28f471e67f56" CHANGEID="689640329" NUMBER="10/14" OPERTYPEID="10" PREVID="0" NEXTID="0" UPDATEDATE="2025-09-29" STARTDATE="2025-09-29" ENDDATE="2079-06-06" ISACTUAL="1" ISACTIVE="1" /><STEAD ID="74167375" OBJECTID="174917164" OBJECTGUID="1c475820-af82-46ad-9b90-5712a9fe70f0" CHANGEID="689640330" NUMBER="10/13" OPERTYPEID="10" PREVID="0" NEXTID="0" UPDATEDATE="2025-09-29" STARTDATE="2025-09-29" ENDDATE="2079-06-06" ISACTUAL="1" ISACTIVE="1" /><STEAD ID="74167376" OBJECTID="174917165" OBJECTGUID="544821a5-6209-46cf-bfc0-33fe4633cb4c" CHANGEID="689640331" NUMBER="10/12" OPERTYPEID="10" PREVID="0" NEXTID="0" UPDATEDATE="2025-09-29" STARTDATE="2025-09-29" ENDDATE="2079-06-06" ISACTUAL="1" ISACTIVE="1" /><STEAD ID="74167377" OBJECTID="174917166" OBJECTGUID="e426a3bb-feab-480c-ab2f-f762edaed441" CHANGEID="689640332" NUMBER="10/11" OPERTYPEID="10" PREVID="0" NEXTID="0" UPDATEDATE="2025-09-29" STARTDATE="2025-09-29" ENDDATE="2079-06-06" ISACTUAL="1" ISACTIVE="1" /><STEAD ID="74167378" OBJECTID="174917167" OBJECTGUID="5e100a3f-ebd3-45f8-9496-223fb92d0f90" CHANGEID="689640333" NUMBER="10/10" OPERTYPEID="10" PREVID="0" NEXTID="0" UPDATEDATE="2025-09-29" STARTDATE="2025-09-29" ENDDATE="2079-06-06" ISACTUAL="1" ISACTIVE="1" /><STEAD ID="74167379" OBJECTID="174917168" OBJECTGUID="f520e024-193e-4a59-922d-240bc3b6b53d" CHANGEID="689640334" NUMBER="10/9" OPERTYPEID="10" PREVID="0" NEXTID="0" UPDATEDATE="2025-09-29" STARTDATE="2025-09-29" ENDDATE="2079-06-06" ISACTUAL="1" ISACTIVE="1" /><STEAD ID="74167380" OBJECTID="174917169" OBJECTGUID="f39af9de-eb8f-4257-85a8-3be441f0957d" CHANGEID="689640335" NUMBER="10/8" OPERTYPEID="10" PREVID="0" NEXTID="0" UPDATEDATE="2025-09-29" STARTDATE="2025-09-29" ENDDATE="2079-06-06" ISACTUAL="1" ISACTIVE="1" /><STEAD ID="74167381" OBJECTID="174917170" OBJECTGUID="1efec61e-c31d-457d-a574-9b6f17226bbc" CHANGEID="689640336" NUMBER="10/7" OPERTYPEID="10" PREVID="0" NEXTID="0" UPDATEDATE="2025-09-29" STARTDATE="2025-09-29" ENDDATE="2079-06-06" ISACTUAL="1" ISACTIVE="1" /><STEAD ID="74167382" OBJECTID="174917171" OBJECTGUID="0721fe49-0b0c-4429-a1bb-aa8d51dee070" CHANGEID="689640337" NUMBER="10/6" OPERTYPEID="10" PREVID="0" NEXTID="0" UPDATEDATE="2025-09-29" STARTDATE="2025-09-29" ENDDATE="2079-06-06" ISACTUAL="1" ISACTIVE="1" /><STEAD ID="74167383" OBJECTID="174917172" OBJECTGUID="8ab9b69e-f908-43f1-9222-704bb82f8ac0" CHANGEID="689640338" NUMBER="10/5" OPERTYPEID="10" PREVID="0" NEXTID="0" UPDATEDATE="2025-09-29" STARTDATE="2025-09-29" ENDDATE="2079-06-06" ISACTUAL="1" ISACTIVE="1" /><STEAD ID="74167384" OBJECTID="174917173" OBJECTGUID="aa7515d8-cc6e-46a7-abe7-75ec5c36ca9c" CHANGEID="689640339" NUMBER="10/4" OPERTYPEID="10" PREVID="0" NEXTID="0" UPDATEDATE="2025-09-29" STARTDATE="2025-09-29" ENDDATE="2079-06-06" ISACTUAL="1" ISACTIVE="1" /><STEAD ID="74167385" OBJECTID="174917174" OBJECTGUID="b61b7295-7c17-4157-8a0c-a4ae3bdc898c" CHANGEID="689640340" NUMBER="10/3" OPERTYPEID="10" PREVID="0" NEXTID="0" UPDATEDATE="2025-09-29" STARTDATE="2025-09-29" ENDDATE="2079-06-06" ISACTUAL="1" ISACTIVE="1" /><STEAD ID="74167386" OBJECTID="174917175" OBJECTGUID="41935579-8718-403e-a095-845d6459d47a" CHANGEID="689640341" NUMBER="10/2" OPERTYPEID="10" PREVID="0" NEXTID="0" UPDATEDATE="2025-09-29" STARTDATE="2025-09-29" ENDDATE="2079-06-06" ISACTUAL="1" ISACTIVE="1" /><STEAD ID="74167387" OBJECTID="174917176" OBJECTGUID="ad20a817-05d0-4b33-af31-c778bfde730c" CHANGEID="689640342" NUMBER="10/1" OPERTYPEID="10" PREVID="0" NEXTID="0" UPDATEDATE="2025-09-29" STARTDATE="2025-09-29" ENDDATE="2079-06-06" ISACTUAL="1" ISACTIVE="1" /><STEAD ID="74167465" OBJECTID="174917337" OBJECTGUID="e68c2a81-d554-4eb1-8c2f-a36db54be642" CHANGEID="689640696" NUMBER="10/37" OPERTYPEID="10" PREVID="0" NEXTID="0" UPDATEDATE="2025-09-29" STARTDATE="2025-09-29" ENDDATE="2079-06-06" ISACTUAL="1" ISACTIVE="1" /><STEAD ID="74167466" OBJECTID="174917338" OBJECTGUID="742f0a4b-d5df-4b64-b262-7a47dfb3e81e" CHANGEID="689640697" NUMBER="10/36" OPERTYPEID="10" PREVID="0" NEXTID="0" UPDATEDATE="2025-09-29" STARTDATE="2025-09-29" ENDDATE="2079-06-06" ISACTUAL="1" ISACTIVE="1" /><STEAD ID="74167467" OBJECTID="174917339" OBJECTGUID="3fe876d4-b651-4ff2-bc3e-1898c1d1327d" CHANGEID="689640698" NUMBER="10/47" OPERTYPEID="10" PREVID="0" NEXTID="0" UPDATEDATE="2025-09-29" STARTDATE="2025-09-29" ENDDATE="2079-06-06" ISACTUAL="1" ISACTIVE="1" /><STEAD ID="74167468" OBJECTID="174917340" OBJECTGUID="e945b44f-96d5-4814-bdba-b040c9ff2436" CHANGEID="689640699" NUMBER="10/46" OPERTYPEID="10" PREVID="0" NEXTID="0" UPDATEDATE="2025-09-29" STARTDATE="2025-09-29" ENDDATE="2079-06-06" ISACTUAL="1" ISACTIVE="1" /><STEAD ID="74167469" OBJECTID="174917341" OBJECTGUID="9fae5f1f-a4e5-470c-9376-59253ed5f014" CHANGEID="689640700" NUMBER="10/45" OPERTYPEID="10" PREVID="0" NEXTID="0" UPDATEDATE="2025-09-29" STARTDATE="2025-09-29" ENDDATE="2079-06-06" ISACTUAL="1" ISACTIVE="1" /><STEAD ID="74167470" OBJECTID="174917342" OBJECTGUID="96ef08d9-c9cf-40c5-8466-5818ff006c21" CHANGEID="689640701" NUMBER="10/44" OPERTYPEID="10" PREVID="0" NEXTID="0" UPDATEDATE="2025-09-29" STARTDATE="2025-09-29" ENDDATE="2079-06-06" ISACTUAL="1" ISACTIVE="1" /><STEAD ID="74167471" OBJECTID="174917343" OBJECTGUID="0e5d64a9-d894-4ad2-bbd5-a8a9d86de676" CHANGEID="689640702" NUMBER="10/43" OPERTYPEID="10" PREVID="0" NEXTID="0" UPDATEDATE="2025-09-29" STARTDATE="2025-09-29" ENDDATE="2079-06-06" ISACTUAL="1" ISACTIVE="1" /><STEAD ID="74167472" OBJECTID="174917344" OBJECTGUID="ed2f2386-cb81-4557-b90c-cf60e789b54c" CHANGEID="689640703" NUMBER="10/42" OPERTYPEID="10" PREVID="0" NEXTID="0" UPDATEDATE="2025-09-29" STARTDATE="2025-09-29" ENDDATE="2079-06-06" ISACTUAL="1" ISACTIVE="1" /><STEAD ID="74167473" OBJECTID="174917345" OBJECTGUID="e6454256-91dd-424f-b0e9-e0ff79146a2e" CHANGEID="689640704" NUMBER="10/39" OPERTYPEID="10" PREVID="0" NEXTID="0" UPDATEDATE="2025-09-29" STARTDATE="2025-09-29" ENDDATE="2079-06-06" ISACTUAL="1" ISACTIVE="1" /><STEAD ID="74167474" OBJECTID="174917346" OBJECTGUID="4b5b057a-9591-45b2-8cd9-a0fc1576ff5c" CHANGEID="689640705" NUMBER="10/37А" OPERTYPEID="10" PREVID="0" NEXTID="0" UPDATEDATE="2025-09-29" STARTDATE="2025-09-29" ENDDATE="2079-06-06" ISACTUAL="1" ISACTIVE="1" /><STEAD ID="74169979" OBJECTID="174922007" OBJECTGUID="c6f1478f-02ef-40fa-bc79-7041979144b8" CHANGEID="689649394" NUMBER="283" OPERTYPEID="10" PREVID="0" NEXTID="0" UPDATEDATE="2025-09-29" STARTDATE="2025-09-29" ENDDATE="2079-06-06" ISACTUAL="1" ISACTIVE="1" /><STEAD ID="74170023" OBJECTID="169628839" OBJECTGUID="2fac128a-e424-498d-96be-c0042293f387" CHANGEID="689649495" NUMBER="29" OPERTYPEID="60" PREVID="71269713" UPDATEDATE="2025-09-29" STARTDATE="2025-09-29" ENDDATE="2079-06-06" ISACTUAL="1" ISACTIVE="0" /><STEAD ID="74170024" OBJECTID="174922064" OBJECTGUID="b1fb8518-0ae7-4739-a387-5943a63f5827" CHANGEID="689649496" NUMBER="29А" OPERTYPEID="61" PREVID="74170023" NEXTID="0" UPDATEDATE="2025-09-29" STARTDATE="2025-09-29" ENDDATE="2079-06-06" ISACTUAL="1" ISACTIVE="1" /><STEAD ID="74170025" OBJECTID="174922065" OBJECTGUID="e4ed0f59-1767-405b-9f6b-5dc8f5f5c990" CHANGEID="689649497" NUMBER="29" OPERTYPEID="61" PREVID="74170023" NEXTID="0" UPDATEDATE="2025-09-29" STARTDATE="2025-09-29" ENDDATE="2079-06-06" ISACTUAL="1" ISACTIVE="1" /><STEAD ID="74171041" OBJECTID="174924713" OBJECTGUID="4add9efc-0fd7-42b7-b1f9-eabb2056cecc" CHANGEID="689653357" NUMBER="18А" OPERTYPEID="10" PREVID="0" NEXTID="0" UPDATEDATE="2025-09-29" STARTDATE="2025-09-29" ENDDATE="2079-06-06" ISACTUAL="1" ISACTIVE="1" /><STEAD ID="74173164" OBJECTID="174930195" OBJECTGUID="b11e76ec-4489-48db-ae14-07d8bd3d017c" CHANGEID="689668960" NUMBER="11" OPERTYPEID="10" PREVID="0" NEXTID="0" UPDATEDATE="2025-09-29" STARTDATE="2025-09-29" ENDDATE="2079-06-06" ISACTUAL="1" ISACTIVE="1" /><STEAD ID="74173190" OBJECTID="174930230" OBJECTGUID="aac8866d-f895-4800-98ae-5052ded2dd35" CHANGEID="689669033" NUMBER="2Б" OPERTYPEID="10" PREVID="0" NEXTID="0" UPDATEDATE="2025-09-29" STARTDATE="2025-09-29" ENDDATE="2079-06-06" ISACTUAL="1" ISACTIVE="1" /><STEAD ID="74174895" OBJECTID="174933452" OBJECTGUID="1ca57b4e-67da-4a1b-bb31-90a8b984592f" CHANGEID="689674946" NUMBER="23" OPERTYPEID="10" PREVID="0" NEXTID="0" UPDATEDATE="2025-09-29" STARTDATE="2025-09-29" ENDDATE="2079-06-06" ISACTUAL="1" ISACTIVE="1" /><STEAD ID="74174938" OBJECTID="174933505" OBJECTGUID="1c7d82df-3ec8-4ae5-a5dc-498b9e893395" CHANGEID="689675018" NUMBER="16" OPERTYPEID="10" PREVID="0" NEXTID="0" UPDATEDATE="2025-09-29" STARTDATE="2025-09-29" ENDDATE="2079-06-06" ISACTUAL="1" ISACTIVE="1" /><STEAD ID="74180558" OBJECTID="174945674" OBJECTGUID="739664db-9851-4ec9-96f4-548d7489aef9" CHANGEID="689701947" NUMBER="92Б" OPERTYPEID="10" PREVID="0" NEXTID="0" UPDATEDATE="2025-09-30" STARTDATE="2025-09-30" ENDDATE="2079-06-06" ISACTUAL="1" ISACTIVE="1" /><STEAD ID="74180559" OBJECTID="174945676" OBJECTGUID="705410b6-1ffe-4752-ba00-dbbd64241f13" CHANGEID="689701949" NUMBER="41Б/12" OPERTYPEID="10" PREVID="0" NEXTID="0" UPDATEDATE="2025-09-30" STARTDATE="2025-09-30" ENDDATE="2079-06-06" ISACTUAL="1" ISACTIVE="1" /><STEAD ID="74180560" OBJECTID="174945677" OBJECTGUID="a200f744-2034-498f-954c-c84407bb1de1" CHANGEID="689701950" NUMBER="12А" OPERTYPEID="10" PREVID="0" NEXTID="0" UPDATEDATE="2025-09-30" STARTDATE="2025-09-30" ENDDATE="2079-06-06" ISACTUAL="1" ISACTIVE="1" /><STEAD ID="74180608" OBJECTID="174945753" OBJECTGUID="fe309b4d-f9ef-497c-b19c-4fd893d320b6" CHANGEID="689702287" NUMBER="16А" OPERTYPEID="10" PREVID="0" NEXTID="0" UPDATEDATE="2025-09-30" STARTDATE="2025-09-30" ENDDATE="2079-06-06" ISACTUAL="1" ISACTIVE="1" /><STEAD ID="74180609" OBJECTID="174945754" OBJECTGUID="0f529672-34f1-4392-8acc-54a147f047f9" CHANGEID="689702288" NUMBER="16" OPERTYPEID="10" PREVID="0" NEXTID="0" UPDATEDATE="2025-09-30" STARTDATE="2025-09-30" ENDDATE="2079-06-06" ISACTUAL="1" ISACTIVE="1" /><STEAD ID="74180610" OBJECTID="174945755" OBJECTGUID="63d05f22-97a9-479e-bb03-f5d14154e0dd" CHANGEID="689702289" NUMBER="18А" OPERTYPEID="10" PREVID="0" NEXTID="0" UPDATEDATE="2025-09-30" STARTDATE="2025-09-30" ENDDATE="2079-06-06" ISACTUAL="1" ISACTIVE="1" /><STEAD ID="74180611" OBJECTID="174945766" OBJECTGUID="23686de6-491d-4770-a5f6-5fd09bb80bdb" CHANGEID="689702342" NUMBER="15/1" OPERTYPEID="10" PREVID="0" NEXTID="0" UPDATEDATE="2025-09-30" STARTDATE="2025-09-30" ENDDATE="2079-06-06" ISACTUAL="1" ISACTIVE="1" /><STEAD ID="74180612" OBJECTID="174945767" OBJECTGUID="b9ac1eb5-558f-4cc1-bed3-8f768a1ae32e" CHANGEID="689702343" NUMBER="15А" OPERTYPEID="10" PREVID="0" NEXTID="0" UPDATEDATE="2025-09-30" STARTDATE="2025-09-30" ENDDATE="2079-06-06" ISACTUAL="1" ISACTIVE="1" /><STEAD ID="74180887" OBJECTID="174946198" OBJECTGUID="881a3743-174a-442c-8a7c-37dd6237d258" CHANGEID="689703514" NUMBER="34" OPERTYPEID="10" PREVID="0" NEXTID="0" UPDATEDATE="2025-09-30" STARTDATE="2025-09-30" ENDDATE="2079-06-06" ISACTUAL="1" ISACTIVE="1" /><STEAD ID="74180888" OBJECTID="174946199" OBJECTGUID="0b553c2b-a920-432c-b017-e30a455dc97f" CHANGEID="689703515" NUMBER="32" OPERTYPEID="10" PREVID="0" NEXTID="0" UPDATEDATE="2025-09-30" STARTDATE="2025-09-30" ENDDATE="2079-06-06" ISACTUAL="1" ISACTIVE="1" /><STEAD ID="74180889" OBJECTID="174946200" OBJECTGUID="90d70e5d-db09-40eb-8917-0a7c04ef77b5" CHANGEID="689703516" NUMBER="30" OPERTYPEID="10" PREVID="0" NEXTID="0" UPDATEDATE="2025-09-30" STARTDATE="2025-09-30" ENDDATE="2079-06-06" ISACTUAL="1" ISACTIVE="1" /><STEAD ID="74180890" OBJECTID="174946201" OBJECTGUID="1d677f96-c0cb-41a6-b478-8572c9996a54" CHANGEID="689703517" NUMBER="28" OPERTYPEID="10" PREVID="0" NEXTID="0" UPDATEDATE="2025-09-30" STARTDATE="2025-09-30" ENDDATE="2079-06-06" ISACTUAL="1" ISACTIVE="1" /><STEAD ID="74180894" OBJECTID="174946206" OBJECTGUID="476b0b3d-458b-4d5a-b744-64de38a58d4e" CHANGEID="689703523" NUMBER="69" OPERTYPEID="10" PREVID="0" NEXTID="0" UPDATEDATE="2025-09-30" STARTDATE="2025-09-30" ENDDATE="2079-06-06" ISACTUAL="1" ISACTIVE="1" /><STEAD ID="74180895" OBJECTID="174946207" OBJECTGUID="d5ce9ae6-89be-42f6-a2ee-fbad62d4aa92" CHANGEID="689703524" NUMBER="69А" OPERTYPEID="10" PREVID="0" NEXTID="0" UPDATEDATE="2025-09-30" STARTDATE="2025-09-30" ENDDATE="2079-06-06" ISACTUAL="1" ISACTIVE="1" /><STEAD ID="74181136" OBJECTID="174946826" OBJECTGUID="69835534-7130-4180-98f2-1458ced270d5" CHANGEID="689704365" NUMBER="34" OPERTYPEID="10" PREVID="0" NEXTID="0" UPDATEDATE="2025-09-30" STARTDATE="2025-09-30" ENDDATE="2079-06-06" ISACTUAL="1" ISACTIVE="1" /><STEAD ID="74181138" OBJECTID="174946828" OBJECTGUID="e9cca80a-9de8-44a8-9431-ca511243f05a" CHANGEID="689704369" NUMBER="35" OPERTYPEID="10" PREVID="0" NEXTID="0" UPDATEDATE="2025-09-30" STARTDATE="2025-09-30" ENDDATE="2079-06-06" ISACTUAL="1" ISACTIVE="1" /><STEAD ID="74181146" OBJECTID="174946836" OBJECTGUID="3669ce13-6bd7-4c65-be10-4b33f1cdc425" CHANGEID="689704383" NUMBER="37" OPERTYPEID="10" PREVID="0" NEXTID="0" UPDATEDATE="2025-09-30" STARTDATE="2025-09-30" ENDDATE="2079-06-06" ISACTUAL="1" ISACTIVE="1" /><STEAD ID="74181152" OBJECTID="174946842" OBJECTGUID="bd4da4a2-11c5-43ec-adf7-6187d774bcd6" CHANGEID="689704391" NUMBER="38" OPERTYPEID="10" PREVID="0" NEXTID="0" UPDATEDATE="2025-09-30" STARTDATE="2025-09-30" ENDDATE="2079-06-06" ISACTUAL="1" ISACTIVE="1" /><STEAD ID="74181181" OBJECTID="174946868" OBJECTGUID="8e841376-3dd6-4b0b-bef2-8fef72ec1f16" CHANGEID="689704433" NUMBER="19" OPERTYPEID="10" PREVID="0" NEXTID="0" UPDATEDATE="2025-09-30" STARTDATE="2025-09-30" ENDDATE="2079-06-06" ISACTUAL="1" ISACTIVE="1" /><STEAD ID="74181133" OBJECTID="174946823" OBJECTGUID="7b6c61fd-37d0-464d-984c-8d30407dec38" CHANGEID="689704360" NUMBER="33" OPERTYPEID="10" PREVID="0" NEXTID="0" UPDATEDATE="2025-09-30" STARTDATE="2025-09-30" ENDDATE="2079-06-06" ISACTUAL="1" ISACTIVE="1" /><STEAD ID="74181142" OBJECTID="174946832" OBJECTGUID="1cc76499-7cfd-448c-b40c-f62ab6d1668d" CHANGEID="689704376" NUMBER="36" OPERTYPEID="10" PREVID="0" NEXTID="0" UPDATEDATE="2025-09-30" STARTDATE="2025-09-30" ENDDATE="2079-06-06" ISACTUAL="1" ISACTIVE="1" /><STEAD ID="74181191" OBJECTID="174946879" OBJECTGUID="6595b61c-e3f0-473b-9b26-2a8da05a3cce" CHANGEID="689704450" NUMBER="39" OPERTYPEID="10" PREVID="0" NEXTID="0" UPDATEDATE="2025-09-30" STARTDATE="2025-09-30" ENDDATE="2079-06-06" ISACTUAL="1" ISACTIVE="1" /><STEAD ID="74181359" OBJECTID="174947106" OBJECTGUID="a09b07af-7465-4dfe-84a1-7282142ea33b" CHANGEID="689704879" NUMBER="324А" OPERTYPEID="10" PREVID="0" NEXTID="0" UPDATEDATE="2025-09-30" STARTDATE="2025-09-30" ENDDATE="2079-06-06" ISACTUAL="1" ISACTIVE="1" /><STEAD ID="74181611" OBJECTID="174947496" OBJECTGUID="72090e48-d548-4873-b805-8af1b1197f83" CHANGEID="689705669" NUMBER="06/19" OPERTYPEID="10" PREVID="0" NEXTID="0" UPDATEDATE="2025-09-30" STARTDATE="2025-09-30" ENDDATE="2079-06-06" ISACTUAL="1" ISACTIVE="1" /><STEAD ID="74181585" OBJECTID="158433797" OBJECTGUID="ac83d95b-250f-45bf-a048-6e51af9775d0" CHANGEID="689705617" NUMBER="14" OPERTYPEID="50" PREVID="66442519" UPDATEDATE="2025-09-30" STARTDATE="2025-09-30" ENDDATE="2079-06-06" ISACTUAL="1" ISACTIVE="1" /><STEAD ID="74181619" OBJECTID="96590593" OBJECTGUID="6577f69d-d109-4f5d-9de5-b50ca857bde4" CHANGEID="689705720" NUMBER="9" OPERTYPEID="60" PREVID="11496307" UPDATEDATE="2025-09-30" STARTDATE="2025-09-30" ENDDATE="2079-06-06" ISACTUAL="1" ISACTIVE="0" /><STEAD ID="11496307" OBJECTID="96590593" OBJECTGUID="6577f69d-d109-4f5d-9de5-b50ca857bde4" CHANGEID="149086469" NUMBER="9" OPERTYPEID="10" PREVID="0" NEXTID="74181619" UPDATEDATE="2025-09-30" STARTDATE="2020-05-06" ENDDATE="2025-09-30" ISACTUAL="0" ISACTIVE="0" /><STEAD ID="74181620" OBJECTID="174947538" OBJECTGUID="82e80458-88f2-47ca-a712-f52228babb00" CHANGEID="689705721" NUMBER="9" OPERTYPEID="61" PREVID="74181619" NEXTID="0" UPDATEDATE="2025-09-30" STARTDATE="2025-09-30" ENDDATE="2079-06-06" ISACTUAL="1" ISACTIVE="1" /><STEAD ID="74181621" OBJECTID="174947539" OBJECTGUID="1ef23218-eddf-41ae-9851-7c9f9c255bfc" CHANGEID="689705722" NUMBER="9А" OPERTYPEID="61" PREVID="74181619" NEXTID="0" UPDATEDATE="2025-09-30" STARTDATE="2025-09-30" ENDDATE="2079-06-06" ISACTUAL="1" ISACTIVE="1" /><STEAD ID="74181636" OBJECTID="174947609" OBJECTGUID="21bc7431-5ad7-4583-ab69-aaa1ac258fa8" CHANGEID="689705810" NUMBER="27Ж" OPERTYPEID="10" PREVID="0" NEXTID="0" UPDATEDATE="2025-09-30" STARTDATE="2025-09-30" ENDDATE="2079-06-06" ISACTUAL="1" ISACTIVE="1" /><STEAD ID="74181989" OBJECTID="174948102" OBJECTGUID="5f32e990-7fe2-48f3-b931-a3fb722a101a" CHANGEID="689706573" NUMBER="15В" OPERTYPEID="10" PREVID="0" NEXTID="0" UPDATEDATE="2025-09-30" STARTDATE="2025-09-30" ENDDATE="2079-06-06" ISACTUAL="1" ISACTIVE="1" /><STEAD ID="74185422" OBJECTID="174953000" OBJECTGUID="64624fdd-3e7c-4093-ab9f-71c81e75cd35" CHANGEID="689718585" NUMBER="15/3" OPERTYPEID="10" PREVID="0" NEXTID="0" UPDATEDATE="2025-09-30" STARTDATE="2025-09-30" ENDDATE="2079-06-06" ISACTUAL="1" ISACTIVE="1" /><STEAD ID="74185423" OBJECTID="174953001" OBJECTGUID="86c06b91-de8a-42ea-ad67-0793d6e727c0" CHANGEID="689718586" NUMBER="15/5" OPERTYPEID="10" PREVID="0" NEXTID="0" UPDATEDATE="2025-09-30" STARTDATE="2025-09-30" ENDDATE="2079-06-06" ISACTUAL="1" ISACTIVE="1" /><STEAD ID="74185428" OBJECTID="174953017" OBJECTGUID="7aedb28c-de61-401e-a41b-da061f08a3ce" CHANGEID="689718609" NUMBER="3" OPERTYPEID="10" PREVID="0" NEXTID="0" UPDATEDATE="2025-09-30" STARTDATE="2025-09-30" ENDDATE="2079-06-06" ISACTUAL="1" ISACTIVE="1" /><STEAD ID="74188377" OBJECTID="174957911" OBJECTGUID="f69da84b-b970-4ad2-b779-45d4d1ab095c" CHANGEID="689729868" NUMBER="52" OPERTYPEID="10" PREVID="0" NEXTID="0" UPDATEDATE="2025-09-30" STARTDATE="2025-09-30" ENDDATE="2079-06-06" ISACTUAL="1" ISACTIVE="1" /><STEAD ID="74188810" OBJECTID="174958583" OBJECTGUID="de3661f9-4191-4e7c-afce-14d53b4addf3" CHANGEID="689732012" NUMBER="6" OPERTYPEID="10" PREVID="0" NEXTID="0" UPDATEDATE="2025-09-30" STARTDATE="2025-09-30" ENDDATE="2079-06-06" ISACTUAL="1" ISACTIVE="1" /><STEAD ID="74189557" OBJECTID="99501195" OBJECTGUID="80816e1e-a920-44d3-980e-119b77e19204" CHANGEID="689734703" NUMBER="1е/37" OPERTYPEID="20" PREVID="13121825" UPDATEDATE="2025-09-30" STARTDATE="2025-09-30" ENDDATE="2079-06-06" ISACTUAL="1" ISACTIVE="1" /><STEAD ID="74190105" OBJECTID="174960650" OBJECTGUID="d44eae41-38a2-4ed9-a6f2-4b8ea0e3a5eb" CHANGEID="689736634" NUMBER="27/2" OPERTYPEID="10" PREVID="0" NEXTID="0" UPDATEDATE="2025-09-30" STARTDATE="2025-09-30" ENDDATE="2079-06-06" ISACTUAL="1" ISACTIVE="1" /><STEAD ID="74190157" OBJECTID="174960703" OBJECTGUID="6e7d462b-5dfd-4e16-a9e1-273cc8e031c3" CHANGEID="689736870" NUMBER="11А" OPERTYPEID="10" PREVID="0" NEXTID="0" UPDATEDATE="2025-09-30" STARTDATE="2025-09-30" ENDDATE="2079-06-06" ISACTUAL="1" ISACTIVE="1" /><STEAD ID="74190177" OBJECTID="174960732" OBJECTGUID="f0a632d8-c605-4c3c-92b4-6e9825d99220" CHANGEID="689736918" NUMBER="3/1" OPERTYPEID="10" PREVID="0" NEXTID="0" UPDATEDATE="2025-09-30" STARTDATE="2025-09-30" ENDDATE="2079-06-06" ISACTUAL="1" ISACTIVE="1" /><STEAD ID="74190222" OBJECTID="174960804" OBJECTGUID="3477c027-0cd4-41cf-94c3-4f060e17e195" CHANGEID="689737022" NUMBER="1/2" OPERTYPEID="10" PREVID="0" NEXTID="0" UPDATEDATE="2025-09-30" STARTDATE="2025-09-30" ENDDATE="2079-06-06" ISACTUAL="1" ISACTIVE="1" /><STEAD ID="74190239" OBJECTID="174960822" OBJECTGUID="f549886a-d635-45cd-b8d3-4d94dbcf6d0f" CHANGEID="689737090" NUMBER="7" OPERTYPEID="10" PREVID="0" NEXTID="0" UPDATEDATE="2025-09-30" STARTDATE="2025-09-30" ENDDATE="2079-06-06" ISACTUAL="1" ISACTIVE="1" /><STEAD ID="74190282" OBJECTID="174960927" OBJECTGUID="468a5c64-1fdf-4931-937f-87a78d5f384a" CHANGEID="689737256" NUMBER="50в" OPERTYPEID="10" PREVID="0" NEXTID="0" UPDATEDATE="2025-09-30" STARTDATE="2025-09-30" ENDDATE="2079-06-06" ISACTUAL="1" ISACTIVE="1" /><STEAD ID="74190321" OBJECTID="174960981" OBJECTGUID="bc0d182d-5296-49b9-a9c2-cdbe3a3c9d52" CHANGEID="689737343" NUMBER="116" OPERTYPEID="10" PREVID="0" NEXTID="0" UPDATEDATE="2025-09-30" STARTDATE="2025-09-30" ENDDATE="2079-06-06" ISACTUAL="1" ISACTIVE="1" /><STEAD ID="74190335" OBJECTID="174960998" OBJECTGUID="27126ada-a1a1-487d-8a6e-edd9c437067a" CHANGEID="689737388" NUMBER="69" OPERTYPEID="10" PREVID="0" NEXTID="0" UPDATEDATE="2025-09-30" STARTDATE="2025-09-30" ENDDATE="2079-06-06" ISACTUAL="1" ISACTIVE="1" /><STEAD ID="74190242" OBJECTID="174960830" OBJECTGUID="fc94962b-080a-465f-9692-f177a295a862" CHANGEID="689737103" NUMBER="8" OPERTYPEID="10" PREVID="0" NEXTID="0" UPDATEDATE="2025-09-30" STARTDATE="2025-09-30" ENDDATE="2079-06-06" ISACTUAL="1" ISACTIVE="1" /><STEAD ID="74190376" OBJECTID="174961077" OBJECTGUID="33474401-1065-4966-a2f8-dba78da085d5" CHANGEID="689737522" NUMBER="9/2" OPERTYPEID="10" PREVID="0" NEXTID="0" UPDATEDATE="2025-09-30" STARTDATE="2025-09-30" ENDDATE="2079-06-06" ISACTUAL="1" ISACTIVE="1" /><STEAD ID="74190403" OBJECTID="174961113" OBJECTGUID="1b78aca2-374a-4989-88fb-1b2b8b883c34" CHANGEID="689737597" NUMBER="3" OPERTYPEID="10" PREVID="0" NEXTID="0" UPDATEDATE="2025-09-30" STARTDATE="2025-09-30" ENDDATE="2079-06-06" ISACTUAL="1" ISACTIVE="1" /><STEAD ID="74190448" OBJECTID="174961167" OBJECTGUID="b57b4b24-13fb-4c73-9c52-9bf15bd9e765" CHANGEID="689737672" NUMBER="72" OPERTYPEID="10" PREVID="0" NEXTID="0" UPDATEDATE="2025-09-30" STARTDATE="2025-09-30" ENDDATE="2079-06-06" ISACTUAL="1" ISACTIVE="1" /><STEAD ID="74190476" OBJECTID="174961194" OBJECTGUID="aa7b3a22-c7ce-4f84-aef3-b4c231f1554a" CHANGEID="689737726" NUMBER="32г" OPERTYPEID="10" PREVID="0" NEXTID="0" UPDATEDATE="2025-09-30" STARTDATE="2025-09-30" ENDDATE="2079-06-06" ISACTUAL="1" ISACTIVE="1" /><STEAD ID="74190503" OBJECTID="174961226" OBJECTGUID="43a8a896-c565-41f1-8145-7b427500fded" CHANGEID="689737827" NUMBER="50" OPERTYPEID="10" PREVID="0" NEXTID="0" UPDATEDATE="2025-09-30" STARTDATE="2025-09-30" ENDDATE="2079-06-06" ISACTUAL="1" ISACTIVE="1" /><STEAD ID="74190555" OBJECTID="174961294" OBJECTGUID="0d91cd7f-fd58-4be0-a805-2d4fa991fd1e" CHANGEID="689737945" NUMBER="51Б" OPERTYPEID="10" PREVID="0" NEXTID="0" UPDATEDATE="2025-09-30" STARTDATE="2025-09-30" ENDDATE="2079-06-06" ISACTUAL="1" ISACTIVE="1" /><STEAD ID="74190586" OBJECTID="174961339" OBJECTGUID="74888559-c9e1-4dc6-84df-6b54c80bf5a5" CHANGEID="689738066" NUMBER="20" OPERTYPEID="10" PREVID="0" NEXTID="0" UPDATEDATE="2025-09-30" STARTDATE="2025-09-30" ENDDATE="2079-06-06" ISACTUAL="1" ISACTIVE="1" /><STEAD ID="74192138" OBJECTID="174963604" OBJECTGUID="b00e3688-b345-491f-84a3-8b5eee5cbf28" CHANGEID="689742756" NUMBER="36" OPERTYPEID="10" PREVID="0" NEXTID="0" UPDATEDATE="2025-09-30" STARTDATE="2025-09-30" ENDDATE="2079-06-06" ISACTUAL="1" ISACTIVE="1" /><STEAD ID="74192139" OBJECTID="174963605" OBJECTGUID="46c4daa3-f792-4104-b45e-92bfc782a9bb" CHANGEID="689742757" NUMBER="34" OPERTYPEID="10" PREVID="0" NEXTID="0" UPDATEDATE="2025-09-30" STARTDATE="2025-09-30" ENDDATE="2079-06-06" ISACTUAL="1" ISACTIVE="1" /><STEAD ID="74196884" OBJECTID="174971510" OBJECTGUID="d410e582-e360-4340-ad42-81e5c30404c2" CHANGEID="689779078" NUMBER="13а/189" OPERTYPEID="10" PREVID="0" NEXTID="0" UPDATEDATE="2025-10-01" STARTDATE="2025-10-01" ENDDATE="2079-06-06" ISACTUAL="1" ISACTIVE="1" /><STEAD ID="74196885" OBJECTID="174971511" OBJECTGUID="32e7c199-f541-4393-92fa-ce92f1bb8ac9" CHANGEID="689779079" NUMBER="13а/96" OPERTYPEID="10" PREVID="0" NEXTID="0" UPDATEDATE="2025-10-01" STARTDATE="2025-10-01" ENDDATE="2079-06-06" ISACTUAL="1" ISACTIVE="1" /><STEAD ID="74196886" OBJECTID="174971512" OBJECTGUID="de2aec41-83f0-44a9-950d-8db91730de39" CHANGEID="689779080" NUMBER="13а/122" OPERTYPEID="10" PREVID="0" NEXTID="0" UPDATEDATE="2025-10-01" STARTDATE="2025-10-01" ENDDATE="2079-06-06" ISACTUAL="1" ISACTIVE="1" /><STEAD ID="74196887" OBJECTID="174971513" OBJECTGUID="05ca962b-beb2-49ae-92a5-a7b3f1966cfa" CHANGEID="689779081" NUMBER="13а/20" OPERTYPEID="10" PREVID="0" NEXTID="0" UPDATEDATE="2025-10-01" STARTDATE="2025-10-01" ENDDATE="2079-06-06" ISACTUAL="1" ISACTIVE="1" /><STEAD ID="74196868" OBJECTID="174971486" OBJECTGUID="8bdcf159-011f-4334-97b3-2f280d69a1bd" CHANGEID="689779041" NUMBER="13а/132" OPERTYPEID="10" PREVID="0" NEXTID="0" UPDATEDATE="2025-10-01" STARTDATE="2025-10-01" ENDDATE="2079-06-06" ISACTUAL="1" ISACTIVE="1" /><STEAD ID="74196869" OBJECTID="174971487" OBJECTGUID="069d9380-4f33-44da-ac43-ac3519ca04bf" CHANGEID="689779042" NUMBER="13а/173" OPERTYPEID="10" PREVID="0" NEXTID="0" UPDATEDATE="2025-10-01" STARTDATE="2025-10-01" ENDDATE="2079-06-06" ISACTUAL="1" ISACTIVE="1" /><STEAD ID="74196870" OBJECTID="174971488" OBJECTGUID="e699f5fe-eddc-4787-a5b7-71488f597086" CHANGEID="689779043" NUMBER="13а/138" OPERTYPEID="10" PREVID="0" NEXTID="0" UPDATEDATE="2025-10-01" STARTDATE="2025-10-01" ENDDATE="2079-06-06" ISACTUAL="1" ISACTIVE="1" /><STEAD ID="74196871" OBJECTID="174971489" OBJECTGUID="0462768e-53dd-404a-ac12-de335172fbdb" CHANGEID="689779044" NUMBER="13а/23" OPERTYPEID="10" PREVID="0" NEXTID="0" UPDATEDATE="2025-10-01" STARTDATE="2025-10-01" ENDDATE="2079-06-06" ISACTUAL="1" ISACTIVE="1" /><STEAD ID="74196872" OBJECTID="174971490" OBJECTGUID="fac366a6-2083-4c54-9001-ae02226225b3" CHANGEID="689779045" NUMBER="13а/136" OPERTYPEID="10" PREVID="0" NEXTID="0" UPDATEDATE="2025-10-01" STARTDATE="2025-10-01" ENDDATE="2079-06-06" ISACTUAL="1" ISACTIVE="1" /><STEAD ID="74196873" OBJECTID="174971491" OBJECTGUID="75c31489-2787-4c4c-990f-7403ead0db0f" CHANGEID="689779046" NUMBER="13а/157" OPERTYPEID="10" PREVID="0" NEXTID="0" UPDATEDATE="2025-10-01" STARTDATE="2025-10-01" ENDDATE="2079-06-06" ISACTUAL="1" ISACTIVE="1" /><STEAD ID="74196874" OBJECTID="174971492" OBJECTGUID="433f3b24-5c24-4e1c-ba0e-e9cbb0d09c92" CHANGEID="689779047" NUMBER="13а/178" OPERTYPEID="10" PREVID="0" NEXTID="0" UPDATEDATE="2025-10-01" STARTDATE="2025-10-01" ENDDATE="2079-06-06" ISACTUAL="1" ISACTIVE="1" /><STEAD ID="74196875" OBJECTID="174971493" OBJECTGUID="44f825f7-05c2-44d0-9f3c-06a6316feae7" CHANGEID="689779048" NUMBER="13а/184" OPERTYPEID="10" PREVID="0" NEXTID="0" UPDATEDATE="2025-10-01" STARTDATE="2025-10-01" ENDDATE="2079-06-06" ISACTUAL="1" ISACTIVE="1" /><STEAD ID="74196876" OBJECTID="174971494" OBJECTGUID="4c16a3e4-e3a6-42f2-9190-3af750a0d618" CHANGEID="689779049" NUMBER="13а/149" OPERTYPEID="10" PREVID="0" NEXTID="0" UPDATEDATE="2025-10-01" STARTDATE="2025-10-01" ENDDATE="2079-06-06" ISACTUAL="1" ISACTIVE="1" /><STEAD ID="74196877" OBJECTID="174971495" OBJECTGUID="4cba57fe-16d3-4d23-a72c-d0b4dc98f28f" CHANGEID="689779050" NUMBER="13а/209" OPERTYPEID="10" PREVID="0" NEXTID="0" UPDATEDATE="2025-10-01" STARTDATE="2025-10-01" ENDDATE="2079-06-06" ISACTUAL="1" ISACTIVE="1" /><STEAD ID="74197073" OBJECTID="174971735" OBJECTGUID="5e0d85b5-a64f-460f-9971-cd22c28184a8" CHANGEID="689779587" NUMBER="13а/21" OPERTYPEID="10" PREVID="0" NEXTID="0" UPDATEDATE="2025-10-01" STARTDATE="2025-10-01" ENDDATE="2079-06-06" ISACTUAL="1" ISACTIVE="1" /><STEAD ID="74197074" OBJECTID="174971736" OBJECTGUID="2af12e87-188a-4a2a-b14c-844f7e82438a" CHANGEID="689779588" NUMBER="13а/240" OPERTYPEID="10" PREVID="0" NEXTID="0" UPDATEDATE="2025-10-01" STARTDATE="2025-10-01" ENDDATE="2079-06-06" ISACTUAL="1" ISACTIVE="1" /><STEAD ID="74197075" OBJECTID="174971737" OBJECTGUID="2eee4e7e-9ab0-41d6-a3f8-d3d98f29c17b" CHANGEID="689779589" NUMBER="13а/192" OPERTYPEID="10" PREVID="0" NEXTID="0" UPDATEDATE="2025-10-01" STARTDATE="2025-10-01" ENDDATE="2079-06-06" ISACTUAL="1" ISACTIVE="1" /><STEAD ID="74197076" OBJECTID="174971738" OBJECTGUID="30aa38ed-5084-43d0-bd61-5ec8ae6bb336" CHANGEID="689779590" NUMBER="13а/79" OPERTYPEID="10" PREVID="0" NEXTID="0" UPDATEDATE="2025-10-01" STARTDATE="2025-10-01" ENDDATE="2079-06-06" ISACTUAL="1" ISACTIVE="1" /><STEAD ID="74197077" OBJECTID="174971739" OBJECTGUID="d0ab88c5-3987-42fa-a962-10315bf7709a" CHANGEID="689779591" NUMBER="13а/211" OPERTYPEID="10" PREVID="0" NEXTID="0" UPDATEDATE="2025-10-01" STARTDATE="2025-10-01" ENDDATE="2079-06-06" ISACTUAL="1" ISACTIVE="1" /><STEAD ID="74197106" OBJECTID="174971795" OBJECTGUID="dc06065d-4b2d-422a-ad3d-cd7da4957757" CHANGEID="689779664" NUMBER="13а/62" OPERTYPEID="10" PREVID="0" NEXTID="0" UPDATEDATE="2025-10-01" STARTDATE="2025-10-01" ENDDATE="2079-06-06" ISACTUAL="1" ISACTIVE="1" /><STEAD ID="74197107" OBJECTID="174971796" OBJECTGUID="2806db78-08df-446e-b80f-e061d9fd5741" CHANGEID="689779665" NUMBER="13а/163" OPERTYPEID="10" PREVID="0" NEXTID="0" UPDATEDATE="2025-10-01" STARTDATE="2025-10-01" ENDDATE="2079-06-06" ISACTUAL="1" ISACTIVE="1" /><STEAD ID="74197108" OBJECTID="174971797" OBJECTGUID="e48fa3a5-19b6-4e5b-a38c-27e8f71d1983" CHANGEID="689779666" NUMBER="1б/3" OPERTYPEID="10" PREVID="0" NEXTID="0" UPDATEDATE="2025-10-01" STARTDATE="2025-10-01" ENDDATE="2079-06-06" ISACTUAL="1" ISACTIVE="1" /><STEAD ID="74197109" OBJECTID="174971798" OBJECTGUID="1f5d5f9d-db63-44f3-9749-3b06e4571a43" CHANGEID="689779667" NUMBER="13а/95" OPERTYPEID="10" PREVID="0" NEXTID="0" UPDATEDATE="2025-10-01" STARTDATE="2025-10-01" ENDDATE="2079-06-06" ISACTUAL="1" ISACTIVE="1" /><STEAD ID="74197110" OBJECTID="174971799" OBJECTGUID="8747fb4a-f550-4c8c-931d-581172e37dfa" CHANGEID="689779668" NUMBER="13а/27" OPERTYPEID="10" PREVID="0" NEXTID="0" UPDATEDATE="2025-10-01" STARTDATE="2025-10-01" ENDDATE="2079-06-06" ISACTUAL="1" ISACTIVE="1" /><STEAD ID="74197111" OBJECTID="174971800" OBJECTGUID="fb909520-f9de-44f7-933b-a4bdf835569f" CHANGEID="689779669" NUMBER="13а/172" OPERTYPEID="10" PREVID="0" NEXTID="0" UPDATEDATE="2025-10-01" STARTDATE="2025-10-01" ENDDATE="2079-06-06" ISACTUAL="1" ISACTIVE="1" /><STEAD ID="74197112" OBJECTID="174971801" OBJECTGUID="49091362-fb99-4418-8393-67c130537bcc" CHANGEID="689779670" NUMBER="13а/102" OPERTYPEID="10" PREVID="0" NEXTID="0" UPDATEDATE="2025-10-01" STARTDATE="2025-10-01" ENDDATE="2079-06-06" ISACTUAL="1" ISACTIVE="1" /><STEAD ID="74197113" OBJECTID="174971802" OBJECTGUID="68701d9f-b93d-43ce-8606-d54f11e53773" CHANGEID="689779671" NUMBER="21а" OPERTYPEID="10" PREVID="0" NEXTID="0" UPDATEDATE="2025-10-01" STARTDATE="2025-10-01" ENDDATE="2079-06-06" ISACTUAL="1" ISACTIVE="1" /><STEAD ID="74197068" OBJECTID="174971729" OBJECTGUID="28985534-9be6-4dee-a141-e381e00b75f5" CHANGEID="689779577" NUMBER="13а/78" OPERTYPEID="10" PREVID="0" NEXTID="0" UPDATEDATE="2025-10-01" STARTDATE="2025-10-01" ENDDATE="2079-06-06" ISACTUAL="1" ISACTIVE="1" /><STEAD ID="74197069" OBJECTID="174971730" OBJECTGUID="ecc37e50-5238-4433-b482-d2a008e3c0ec" CHANGEID="689779578" NUMBER="13а/8" OPERTYPEID="10" PREVID="0" NEXTID="0" UPDATEDATE="2025-10-01" STARTDATE="2025-10-01" ENDDATE="2079-06-06" ISACTUAL="1" ISACTIVE="1" /><STEAD ID="74197070" OBJECTID="174971731" OBJECTGUID="269a9000-c196-4f21-8e4c-e3e277858318" CHANGEID="689779579" NUMBER="13а/25" OPERTYPEID="10" PREVID="0" NEXTID="0" UPDATEDATE="2025-10-01" STARTDATE="2025-10-01" ENDDATE="2079-06-06" ISACTUAL="1" ISACTIVE="1" /><STEAD ID="74197071" OBJECTID="174971732" OBJECTGUID="687e1c4e-bf00-4f2d-9274-83f7e91b54e4" CHANGEID="689779580" NUMBER="13а/223" OPERTYPEID="10" PREVID="0" NEXTID="0" UPDATEDATE="2025-10-01" STARTDATE="2025-10-01" ENDDATE="2079-06-06" ISACTUAL="1" ISACTIVE="1" /><STEAD ID="74197078" OBJECTID="174971742" OBJECTGUID="41a59bbe-f454-4e39-9e5b-661b5b45d1da" CHANGEID="689779594" NUMBER="13а/33" OPERTYPEID="10" PREVID="0" NEXTID="0" UPDATEDATE="2025-10-01" STARTDATE="2025-10-01" ENDDATE="2079-06-06" ISACTUAL="1" ISACTIVE="1" /><STEAD ID="74197079" OBJECTID="174971743" OBJECTGUID="301ad384-2fab-4565-9f20-de22475189eb" CHANGEID="689779595" NUMBER="13а/185" OPERTYPEID="10" PREVID="0" NEXTID="0" UPDATEDATE="2025-10-01" STARTDATE="2025-10-01" ENDDATE="2079-06-06" ISACTUAL="1" ISACTIVE="1" /><STEAD ID="74197080" OBJECTID="174971744" OBJECTGUID="80aad7b5-a8c7-4564-b3c9-7aa823156252" CHANGEID="689779596" NUMBER="13а/39" OPERTYPEID="10" PREVID="0" NEXTID="0" UPDATEDATE="2025-10-01" STARTDATE="2025-10-01" ENDDATE="2079-06-06" ISACTUAL="1" ISACTIVE="1" /><STEAD ID="74197081" OBJECTID="174971745" OBJECTGUID="10b984ad-35dd-4f32-b832-51ae41e432e9" CHANGEID="689779597" NUMBER="13а/222" OPERTYPEID="10" PREVID="0" NEXTID="0" UPDATEDATE="2025-10-01" STARTDATE="2025-10-01" ENDDATE="2079-06-06" ISACTUAL="1" ISACTIVE="1" /><STEAD ID="74197082" OBJECTID="174971746" OBJECTGUID="c9acb03f-b249-43ff-9c5d-4ae8fd8858c3" CHANGEID="689779598" NUMBER="13а/169" OPERTYPEID="10" PREVID="0" NEXTID="0" UPDATEDATE="2025-10-01" STARTDATE="2025-10-01" ENDDATE="2079-06-06" ISACTUAL="1" ISACTIVE="1" /><STEAD ID="74197083" OBJECTID="174971747" OBJECTGUID="a8126e4f-d225-45a9-aa1b-1c2aa64ee363" CHANGEID="689779599" NUMBER="13а/105" OPERTYPEID="10" PREVID="0" NEXTID="0" UPDATEDATE="2025-10-01" STARTDATE="2025-10-01" ENDDATE="2079-06-06" ISACTUAL="1" ISACTIVE="1" /><STEAD ID="74197084" OBJECTID="174971748" OBJECTGUID="c979ad34-97fd-40e7-a434-aba455d61539" CHANGEID="689779600" NUMBER="13а/133" OPERTYPEID="10" PREVID="0" NEXTID="0" UPDATEDATE="2025-10-01" STARTDATE="2025-10-01" ENDDATE="2079-06-06" ISACTUAL="1" ISACTIVE="1" /><STEAD ID="74197085" OBJECTID="174971749" OBJECTGUID="8daab7fc-68f2-4a67-97e6-7ef540ee33cc" CHANGEID="689779601" NUMBER="13а/179" OPERTYPEID="10" PREVID="0" NEXTID="0" UPDATEDATE="2025-10-01" STARTDATE="2025-10-01" ENDDATE="2079-06-06" ISACTUAL="1" ISACTIVE="1" /><STEAD ID="74197086" OBJECTID="174971750" OBJECTGUID="1cb1a91a-d152-45ca-ba84-2316d45e67a6" CHANGEID="689779602" NUMBER="13а/206" OPERTYPEID="10" PREVID="0" NEXTID="0" UPDATEDATE="2025-10-01" STARTDATE="2025-10-01" ENDDATE="2079-06-06" ISACTUAL="1" ISACTIVE="1" /><STEAD ID="74197088" OBJECTID="174971768" OBJECTGUID="6b1ec408-553c-47f6-9ab3-779281762f8e" CHANGEID="689779636" NUMBER="13а/121" OPERTYPEID="10" PREVID="0" NEXTID="0" UPDATEDATE="2025-10-01" STARTDATE="2025-10-01" ENDDATE="2079-06-06" ISACTUAL="1" ISACTIVE="1" /><STEAD ID="74197089" OBJECTID="174971769" OBJECTGUID="c470143a-6d8d-4f93-8b94-57b88b0b7033" CHANGEID="689779637" NUMBER="13а/89" OPERTYPEID="10" PREVID="0" NEXTID="0" UPDATEDATE="2025-10-01" STARTDATE="2025-10-01" ENDDATE="2079-06-06" ISACTUAL="1" ISACTIVE="1" /><STEAD ID="74197090" OBJECTID="174971770" OBJECTGUID="b4caef59-abc4-4791-afbc-c7b7efd62519" CHANGEID="689779638" NUMBER="13а/85" OPERTYPEID="10" PREVID="0" NEXTID="0" UPDATEDATE="2025-10-01" STARTDATE="2025-10-01" ENDDATE="2079-06-06" ISACTUAL="1" ISACTIVE="1" /><STEAD ID="74197091" OBJECTID="174971771" OBJECTGUID="3e140131-d887-49c4-8865-6b7261ee5e1b" CHANGEID="689779639" NUMBER="13а/181" OPERTYPEID="10" PREVID="0" NEXTID="0" UPDATEDATE="2025-10-01" STARTDATE="2025-10-01" ENDDATE="2079-06-06" ISACTUAL="1" ISACTIVE="1" /><STEAD ID="74197092" OBJECTID="174971772" OBJECTGUID="3654e114-69f5-4be8-86b4-699d9331ab65" CHANGEID="689779640" NUMBER="13а/125" OPERTYPEID="10" PREVID="0" NEXTID="0" UPDATEDATE="2025-10-01" STARTDATE="2025-10-01" ENDDATE="2079-06-06" ISACTUAL="1" ISACTIVE="1" /><STEAD ID="74197093" OBJECTID="174971773" OBJECTGUID="74f75b15-ebb7-4fe0-9359-9f763f4411dd" CHANGEID="689779641" NUMBER="13а/212" OPERTYPEID="10" PREVID="0" NEXTID="0" UPDATEDATE="2025-10-01" STARTDATE="2025-10-01" ENDDATE="2079-06-06" ISACTUAL="1" ISACTIVE="1" /><STEAD ID="74197094" OBJECTID="174971774" OBJECTGUID="3719d5b9-ac53-453e-ab16-6c600bc3ef58" CHANGEID="689779642" NUMBER="13а/213" OPERTYPEID="10" PREVID="0" NEXTID="0" UPDATEDATE="2025-10-01" STARTDATE="2025-10-01" ENDDATE="2079-06-06" ISACTUAL="1" ISACTIVE="1" /><STEAD ID="74197095" OBJECTID="174971775" OBJECTGUID="da5d0c3e-f73c-4dda-a88c-aac2d3852111" CHANGEID="689779643" NUMBER="13а/92" OPERTYPEID="10" PREVID="0" NEXTID="0" UPDATEDATE="2025-10-01" STARTDATE="2025-10-01" ENDDATE="2079-06-06" ISACTUAL="1" ISACTIVE="1" /><STEAD ID="74197096" OBJECTID="174971776" OBJECTGUID="aec0e633-0e4a-44c0-a87c-017a669e07d8" CHANGEID="689779644" NUMBER="13а/207" OPERTYPEID="10" PREVID="0" NEXTID="0" UPDATEDATE="2025-10-01" STARTDATE="2025-10-01" ENDDATE="2079-06-06" ISACTUAL="1" ISACTIVE="1" /><STEAD ID="74197097" OBJECTID="174971777" OBJECTGUID="6ff731f0-765b-4241-b640-6b1d4735bf5e" CHANGEID="689779645" NUMBER="13а/45" OPERTYPEID="10" PREVID="0" NEXTID="0" UPDATEDATE="2025-10-01" STARTDATE="2025-10-01" ENDDATE="2079-06-06" ISACTUAL="1" ISACTIVE="1" /><STEAD ID="74197098" OBJECTID="174971778" OBJECTGUID="e069df52-855b-4963-9815-cfbc096b6725" CHANGEID="689779646" NUMBER="13а/35" OPERTYPEID="10" PREVID="0" NEXTID="0" UPDATEDATE="2025-10-01" STARTDATE="2025-10-01" ENDDATE="2079-06-06" ISACTUAL="1" ISACTIVE="1" /><STEAD ID="74197099" OBJECTID="174971779" OBJECTGUID="99280865-4b54-4701-9692-62ed1e2b876e" CHANGEID="689779647" NUMBER="13а/171" OPERTYPEID="10" PREVID="0" NEXTID="0" UPDATEDATE="2025-10-01" STARTDATE="2025-10-01" ENDDATE="2079-06-06" ISACTUAL="1" ISACTIVE="1" /><STEAD ID="74197100" OBJECTID="174971780" OBJECTGUID="0c168cd9-727a-4d5f-a306-32f245ee883e" CHANGEID="689779648" NUMBER="13а/193" OPERTYPEID="10" PREVID="0" NEXTID="0" UPDATEDATE="2025-10-01" STARTDATE="2025-10-01" ENDDATE="2079-06-06" ISACTUAL="1" ISACTIVE="1" /><STEAD ID="74197101" OBJECTID="174971781" OBJECTGUID="2fe888a6-b559-4f5c-9992-0e9f0962b70b" CHANGEID="689779649" NUMBER="13а/87" OPERTYPEID="10" PREVID="0" NEXTID="0" UPDATEDATE="2025-10-01" STARTDATE="2025-10-01" ENDDATE="2079-06-06" ISACTUAL="1" ISACTIVE="1" /><STEAD ID="74197114" OBJECTID="174971803" OBJECTGUID="fb03963c-f523-466c-b431-9972ff4fb266" CHANGEID="689779672" NUMBER="13а/186" OPERTYPEID="10" PREVID="0" NEXTID="0" UPDATEDATE="2025-10-01" STARTDATE="2025-10-01" ENDDATE="2079-06-06" ISACTUAL="1" ISACTIVE="1" /><STEAD ID="74197115" OBJECTID="174971804" OBJECTGUID="f61d2fab-f334-43ee-afb1-c1747d1564c9" CHANGEID="689779673" NUMBER="13а/104" OPERTYPEID="10" PREVID="0" NEXTID="0" UPDATEDATE="2025-10-01" STARTDATE="2025-10-01" ENDDATE="2079-06-06" ISACTUAL="1" ISACTIVE="1" /><STEAD ID="74197116" OBJECTID="174971805" OBJECTGUID="f363a97e-bf7f-4ef1-80e6-994924950753" CHANGEID="689779674" NUMBER="13а/151" OPERTYPEID="10" PREVID="0" NEXTID="0" UPDATEDATE="2025-10-01" STARTDATE="2025-10-01" ENDDATE="2079-06-06" ISACTUAL="1" ISACTIVE="1" /><STEAD ID="74197117" OBJECTID="174971806" OBJECTGUID="4e763c58-1ac9-424f-979d-a92cb7d0ce1f" CHANGEID="689779675" NUMBER="13а/40" OPERTYPEID="10" PREVID="0" NEXTID="0" UPDATEDATE="2025-10-01" STARTDATE="2025-10-01" ENDDATE="2079-06-06" ISACTUAL="1" ISACTIVE="1" /><STEAD ID="74197118" OBJECTID="174971807" OBJECTGUID="96a74ae5-d485-401b-8011-9611a594aafb" CHANGEID="689779676" NUMBER="13а/46" OPERTYPEID="10" PREVID="0" NEXTID="0" UPDATEDATE="2025-10-01" STARTDATE="2025-10-01" ENDDATE="2079-06-06" ISACTUAL="1" ISACTIVE="1" /><STEAD ID="74197119" OBJECTID="174971808" OBJECTGUID="670325e7-f67a-4245-a0ff-d13052029372" CHANGEID="689779677" NUMBER="13а/200" OPERTYPEID="10" PREVID="0" NEXTID="0" UPDATEDATE="2025-10-01" STARTDATE="2025-10-01" ENDDATE="2079-06-06" ISACTUAL="1" ISACTIVE="1" /><STEAD ID="74197120" OBJECTID="174971809" OBJECTGUID="bb96b3c9-59bd-40eb-ac43-add0e30206a1" CHANGEID="689779683" NUMBER="13а/34" OPERTYPEID="10" PREVID="0" NEXTID="0" UPDATEDATE="2025-10-01" STARTDATE="2025-10-01" ENDDATE="2079-06-06" ISACTUAL="1" ISACTIVE="1" /><STEAD ID="74197121" OBJECTID="174971810" OBJECTGUID="b549241f-146a-49be-9a1a-e388bc968750" CHANGEID="689779684" NUMBER="13а/81" OPERTYPEID="10" PREVID="0" NEXTID="0" UPDATEDATE="2025-10-01" STARTDATE="2025-10-01" ENDDATE="2079-06-06" ISACTUAL="1" ISACTIVE="1" /><STEAD ID="74197122" OBJECTID="174971811" OBJECTGUID="88e923bd-800b-4d3b-b655-baeab62a3e8b" CHANGEID="689779685" NUMBER="13а/1" OPERTYPEID="10" PREVID="0" NEXTID="0" UPDATEDATE="2025-10-01" STARTDATE="2025-10-01" ENDDATE="2079-06-06" ISACTUAL="1" ISACTIVE="1" /><STEAD ID="74197123" OBJECTID="174971812" OBJECTGUID="a2d6b5ce-4f1f-4cf5-b707-acc1c77ad9b6" CHANGEID="689779686" NUMBER="13а/24" OPERTYPEID="10" PREVID="0" NEXTID="0" UPDATEDATE="2025-10-01" STARTDATE="2025-10-01" ENDDATE="2079-06-06" ISACTUAL="1" ISACTIVE="1" /><STEAD ID="74197124" OBJECTID="174971813" OBJECTGUID="9d8f2a3e-84a9-4726-856e-7b891a68b581" CHANGEID="689779687" NUMBER="13а/147" OPERTYPEID="10" PREVID="0" NEXTID="0" UPDATEDATE="2025-10-01" STARTDATE="2025-10-01" ENDDATE="2079-06-06" ISACTUAL="1" ISACTIVE="1" /><STEAD ID="74197125" OBJECTID="174971814" OBJECTGUID="77605ee6-e127-4048-9455-26d5cf828856" CHANGEID="689779688" NUMBER="13а/32" OPERTYPEID="10" PREVID="0" NEXTID="0" UPDATEDATE="2025-10-01" STARTDATE="2025-10-01" ENDDATE="2079-06-06" ISACTUAL="1" ISACTIVE="1" /><STEAD ID="74197126" OBJECTID="174971815" OBJECTGUID="62b1410e-7fbb-46f4-8075-70dd2cae4ecd" CHANGEID="689779689" NUMBER="13а/216" OPERTYPEID="10" PREVID="0" NEXTID="0" UPDATEDATE="2025-10-01" STARTDATE="2025-10-01" ENDDATE="2079-06-06" ISACTUAL="1" ISACTIVE="1" /><STEAD ID="74197127" OBJECTID="174971816" OBJECTGUID="5704d2e8-c93e-4f59-8248-ffe5c8627978" CHANGEID="689779690" NUMBER="13а/137" OPERTYPEID="10" PREVID="0" NEXTID="0" UPDATEDATE="2025-10-01" STARTDATE="2025-10-01" ENDDATE="2079-06-06" ISACTUAL="1" ISACTIVE="1" /><STEAD ID="74197257" OBJECTID="100488392" OBJECTGUID="7f2d92be-2278-4bda-bbfd-890a7477d15a" CHANGEID="689780615" NUMBER="1/67г" OPERTYPEID="30" PREVID="13674883" NEXTID="0" UPDATEDATE="2025-10-01" STARTDATE="2025-10-01" ENDDATE="2079-06-06" ISACTUAL="1" ISACTIVE="0" /><STEAD ID="13674883" OBJECTID="100488392" OBJECTGUID="7f2d92be-2278-4bda-bbfd-890a7477d15a" CHANGEID="181796489" NUMBER="1/67г" OPERTYPEID="10" PREVID="0" NEXTID="74197257" UPDATEDATE="2025-10-01" STARTDATE="2021-03-05" ENDDATE="2025-10-01" ISACTUAL="0" ISACTIVE="0" /><STEAD ID="74197258" OBJECTID="100488412" OBJECTGUID="41827b01-1166-4e38-9b17-728af4a93cc0" CHANGEID="689780616" NUMBER="1/80г" OPERTYPEID="30" PREVID="13674903" NEXTID="0" UPDATEDATE="2025-10-01" STARTDATE="2025-10-01" ENDDATE="2079-06-06" ISACTUAL="1" ISACTIVE="0" /><STEAD ID="13674903" OBJECTID="100488412" OBJECTGUID="41827b01-1166-4e38-9b17-728af4a93cc0" CHANGEID="181796509" NUMBER="1/80г" OPERTYPEID="10" PREVID="0" NEXTID="74197258" UPDATEDATE="2025-10-01" STARTDATE="2021-03-05" ENDDATE="2025-10-01" ISACTUAL="0" ISACTIVE="0" /><STEAD ID="74197259" OBJECTID="100488398" OBJECTGUID="cd670e27-dec4-4645-8831-e71d3605d46e" CHANGEID="689780640" NUMBER="1/79г" OPERTYPEID="30" PREVID="13674889" NEXTID="0" UPDATEDATE="2025-10-01" STARTDATE="2025-10-01" ENDDATE="2079-06-06" ISACTUAL="1" ISACTIVE="0" /><STEAD ID="13674889" OBJECTID="100488398" OBJECTGUID="cd670e27-dec4-4645-8831-e71d3605d46e" CHANGEID="181796495" NUMBER="1/79г" OPERTYPEID="10" PREVID="0" NEXTID="74197259" UPDATEDATE="2025-10-01" STARTDATE="2021-03-05" ENDDATE="2025-10-01" ISACTUAL="0" ISACTIVE="0" /><STEAD ID="66689419" OBJECTID="159083009" OBJECTGUID="88e35775-9a6f-46f4-8408-9fe7ca3fd68e" CHANGEID="505253012" NUMBER="15/1" OPERTYPEID="10" PREVID="0" NEXTID="74197261" UPDATEDATE="2025-10-01" STARTDATE="2023-06-07" ENDDATE="2025-10-01" ISACTUAL="0" ISACTIVE="0" /><STEAD ID="74197261" OBJECTID="159083009" OBJECTGUID="88e35775-9a6f-46f4-8408-9fe7ca3fd68e" CHANGEID="689780671" NUMBER="15б" OPERTYPEID="20" PREVID="66689419" UPDATEDATE="2025-10-01" STARTDATE="2025-10-01" ENDDATE="2079-06-06" ISACTUAL="1" ISACTIVE="1" /><STEAD ID="74197282" OBJECTID="174972138" OBJECTGUID="3fd39cd2-e163-4268-a14f-49b9d5d7464d" CHANGEID="689780725" NUMBER="1б" OPERTYPEID="10" PREVID="0" NEXTID="0" UPDATEDATE="2025-10-01" STARTDATE="2025-10-01" ENDDATE="2079-06-06" ISACTUAL="1" ISACTIVE="1" /><STEAD ID="74197283" OBJECTID="174972139" OBJECTGUID="584ed678-8c6a-4d8b-ac52-b7d72b3a4266" CHANGEID="689780726" NUMBER="13а/221" OPERTYPEID="10" PREVID="0" NEXTID="0" UPDATEDATE="2025-10-01" STARTDATE="2025-10-01" ENDDATE="2079-06-06" ISACTUAL="1" ISACTIVE="1" /><STEAD ID="74197284" OBJECTID="174972140" OBJECTGUID="a02cf5ae-5a9a-4e11-ac7f-ce94b40b9177" CHANGEID="689780727" NUMBER="13а/59" OPERTYPEID="10" PREVID="0" NEXTID="0" UPDATEDATE="2025-10-01" STARTDATE="2025-10-01" ENDDATE="2079-06-06" ISACTUAL="1" ISACTIVE="1" /><STEAD ID="74197252" OBJECTID="99576937" OBJECTGUID="07f916ef-7ab8-485c-9856-266d53c8a0f5" CHANGEID="689780577" NUMBER="1а" OPERTYPEID="30" PREVID="13163302" NEXTID="0" UPDATEDATE="2025-10-01" STARTDATE="2025-10-01" ENDDATE="2079-06-06" ISACTUAL="1" ISACTIVE="0" /><STEAD ID="74197253" OBJECTID="99576941" OBJECTGUID="bc6ec2a9-3b89-483d-bdcc-155400ec07b4" CHANGEID="689780578" NUMBER="1в" OPERTYPEID="30" PREVID="13163306" NEXTID="0" UPDATEDATE="2025-10-01" STARTDATE="2025-10-01" ENDDATE="2079-06-06" ISACTUAL="1" ISACTIVE="0" /><STEAD ID="13163306" OBJECTID="99576941" OBJECTGUID="bc6ec2a9-3b89-483d-bdcc-155400ec07b4" CHANGEID="163944147" NUMBER="1в" OPERTYPEID="10" PREVID="0" NEXTID="74197253" UPDATEDATE="2025-10-01" STARTDATE="2020-12-14" ENDDATE="2025-10-01" ISACTUAL="0" ISACTIVE="0" /><STEAD ID="74197254" OBJECTID="100258473" OBJECTGUID="9048006e-36a4-4aaf-8536-9dba2e493990" CHANGEID="689780608" NUMBER="1/371" OPERTYPEID="30" PREVID="13556506" NEXTID="0" UPDATEDATE="2025-10-01" STARTDATE="2025-10-01" ENDDATE="2079-06-06" ISACTUAL="1" ISACTIVE="0" /><STEAD ID="74197256" OBJECTID="100488386" OBJECTGUID="fe22a28d-1a7d-4f07-ba36-3ccaefadf3ab" CHANGEID="689780612" NUMBER="1/56г" OPERTYPEID="30" PREVID="13674877" NEXTID="0" UPDATEDATE="2025-10-01" STARTDATE="2025-10-01" ENDDATE="2079-06-06" ISACTUAL="1" ISACTIVE="0" /><STEAD ID="74197309" OBJECTID="174972166" OBJECTGUID="024c08fa-f3d4-499d-8da6-ae1a35badae7" CHANGEID="689780755" NUMBER="3" OPERTYPEID="10" PREVID="0" NEXTID="0" UPDATEDATE="2025-10-01" STARTDATE="2025-10-01" ENDDATE="2079-06-06" ISACTUAL="1" ISACTIVE="1" /><STEAD ID="74197312" OBJECTID="174972169" OBJECTGUID="0021cba3-7579-4ce0-888c-b3bf1e7971ae" CHANGEID="689780777" NUMBER="8" OPERTYPEID="10" PREVID="0" NEXTID="0" UPDATEDATE="2025-10-01" STARTDATE="2025-10-01" ENDDATE="2079-06-06" ISACTUAL="1" ISACTIVE="1" /><STEAD ID="74197326" OBJECTID="174972191" OBJECTGUID="3c886a5d-6ea7-4b16-b9d6-cdf19b5ccff4" CHANGEID="689780818" NUMBER="15в" OPERTYPEID="10" PREVID="0" NEXTID="0" UPDATEDATE="2025-10-01" STARTDATE="2025-10-01" ENDDATE="2079-06-06" ISACTUAL="1" ISACTIVE="1" /><STEAD ID="74197327" OBJECTID="174972192" OBJECTGUID="e47f342f-700e-426a-9e85-2b1edfff58b8" CHANGEID="689780819" NUMBER="13а/5" OPERTYPEID="10" PREVID="0" NEXTID="0" UPDATEDATE="2025-10-01" STARTDATE="2025-10-01" ENDDATE="2079-06-06" ISACTUAL="1" ISACTIVE="1" /><STEAD ID="74197328" OBJECTID="174972193" OBJECTGUID="61f6c487-fca1-417a-bb68-848b53d11ba7" CHANGEID="689780820" NUMBER="13а/152" OPERTYPEID="10" PREVID="0" NEXTID="0" UPDATEDATE="2025-10-01" STARTDATE="2025-10-01" ENDDATE="2079-06-06" ISACTUAL="1" ISACTIVE="1" /><STEAD ID="74197329" OBJECTID="174972194" OBJECTGUID="1e2b82b3-8749-43e1-8050-731f17204bc2" CHANGEID="689780821" NUMBER="13а/242" OPERTYPEID="10" PREVID="0" NEXTID="0" UPDATEDATE="2025-10-01" STARTDATE="2025-10-01" ENDDATE="2079-06-06" ISACTUAL="1" ISACTIVE="1" /><STEAD ID="74197330" OBJECTID="174972195" OBJECTGUID="210f5388-d8e5-4b86-8df7-0566d0940de2" CHANGEID="689780822" NUMBER="13а/199" OPERTYPEID="10" PREVID="0" NEXTID="0" UPDATEDATE="2025-10-01" STARTDATE="2025-10-01" ENDDATE="2079-06-06" ISACTUAL="1" ISACTIVE="1" /><STEAD ID="74197331" OBJECTID="174972196" OBJECTGUID="d55e4af1-f6d4-4c8c-894d-257449b850f4" CHANGEID="689780823" NUMBER="13а/198" OPERTYPEID="10" PREVID="0" NEXTID="0" UPDATEDATE="2025-10-01" STARTDATE="2025-10-01" ENDDATE="2079-06-06" ISACTUAL="1" ISACTIVE="1" /><STEAD ID="74197332" OBJECTID="174972197" OBJECTGUID="bfc61554-17ba-4a95-b8ea-0ab603ac5058" CHANGEID="689780824" NUMBER="13а/162" OPERTYPEID="10" PREVID="0" NEXTID="0" UPDATEDATE="2025-10-01" STARTDATE="2025-10-01" ENDDATE="2079-06-06" ISACTUAL="1" ISACTIVE="1" /><STEAD ID="74197333" OBJECTID="174972198" OBJECTGUID="30406e39-7c0b-4ea4-aec5-515c90debb96" CHANGEID="689780825" NUMBER="13а/67" OPERTYPEID="10" PREVID="0" NEXTID="0" UPDATEDATE="2025-10-01" STARTDATE="2025-10-01" ENDDATE="2079-06-06" ISACTUAL="1" ISACTIVE="1" /><STEAD ID="74197334" OBJECTID="174972199" OBJECTGUID="548930c2-b4b2-41ec-ace6-e654c2eaded4" CHANGEID="689780826" NUMBER="13а/232" OPERTYPEID="10" PREVID="0" NEXTID="0" UPDATEDATE="2025-10-01" STARTDATE="2025-10-01" ENDDATE="2079-06-06" ISACTUAL="1" ISACTIVE="1" /><STEAD ID="74197335" OBJECTID="174972200" OBJECTGUID="604f64ed-63b8-4f37-b732-d547d1f7689a" CHANGEID="689780827" NUMBER="13а/76" OPERTYPEID="10" PREVID="0" NEXTID="0" UPDATEDATE="2025-10-01" STARTDATE="2025-10-01" ENDDATE="2079-06-06" ISACTUAL="1" ISACTIVE="1" /><STEAD ID="74197336" OBJECTID="174972201" OBJECTGUID="60c116e9-4c7e-4b53-8ad1-b4a082f41e8a" CHANGEID="689780828" NUMBER="13а/159" OPERTYPEID="10" PREVID="0" NEXTID="0" UPDATEDATE="2025-10-01" STARTDATE="2025-10-01" ENDDATE="2079-06-06" ISACTUAL="1" ISACTIVE="1" /><STEAD ID="74197337" OBJECTID="174972202" OBJECTGUID="08d686a5-b7b7-409a-90aa-8c643f10451c" CHANGEID="689780829" NUMBER="13а/170" OPERTYPEID="10" PREVID="0" NEXTID="0" UPDATEDATE="2025-10-01" STARTDATE="2025-10-01" ENDDATE="2079-06-06" ISACTUAL="1" ISACTIVE="1" /><STEAD ID="74197338" OBJECTID="174972203" OBJECTGUID="5e93c82b-45a5-437b-8941-e8d2fc0bbe9c" CHANGEID="689780830" NUMBER="13а/195" OPERTYPEID="10" PREVID="0" NEXTID="0" UPDATEDATE="2025-10-01" STARTDATE="2025-10-01" ENDDATE="2079-06-06" ISACTUAL="1" ISACTIVE="1" /><STEAD ID="74197339" OBJECTID="174972204" OBJECTGUID="1d0dbdd9-a1d5-4e93-bd33-204145b80c48" CHANGEID="689780831" NUMBER="13а/183" OPERTYPEID="10" PREVID="0" NEXTID="0" UPDATEDATE="2025-10-01" STARTDATE="2025-10-01" ENDDATE="2079-06-06" ISACTUAL="1" ISACTIVE="1" /><STEAD ID="74197340" OBJECTID="174972205" OBJECTGUID="6e59c413-64ed-496f-95b0-6f98f1c8e97e" CHANGEID="689780832" NUMBER="13а/191" OPERTYPEID="10" PREVID="0" NEXTID="0" UPDATEDATE="2025-10-01" STARTDATE="2025-10-01" ENDDATE="2079-06-06" ISACTUAL="1" ISACTIVE="1" /><STEAD ID="74197341" OBJECTID="174972206" OBJECTGUID="864e1e68-57b1-4ac3-aa5c-7ec9ee86767f" CHANGEID="689780833" NUMBER="13а/155" OPERTYPEID="10" PREVID="0" NEXTID="0" UPDATEDATE="2025-10-01" STARTDATE="2025-10-01" ENDDATE="2079-06-06" ISACTUAL="1" ISACTIVE="1" /><STEAD ID="74197342" OBJECTID="174972207" OBJECTGUID="f00e06cb-0e36-4ece-910c-6ffd3e54329e" CHANGEID="689780834" NUMBER="13а/241" OPERTYPEID="10" PREVID="0" NEXTID="0" UPDATEDATE="2025-10-01" STARTDATE="2025-10-01" ENDDATE="2079-06-06" ISACTUAL="1" ISACTIVE="1" /><STEAD ID="74197343" OBJECTID="174972208" OBJECTGUID="15b42f1c-d916-4830-8203-45ddb18d504b" CHANGEID="689780835" NUMBER="13а/204" OPERTYPEID="10" PREVID="0" NEXTID="0" UPDATEDATE="2025-10-01" STARTDATE="2025-10-01" ENDDATE="2079-06-06" ISACTUAL="1" ISACTIVE="1" /><STEAD ID="74197344" OBJECTID="174972209" OBJECTGUID="6fb50e77-ce14-46af-9817-495b107bbd67" CHANGEID="689780836" NUMBER="13а/127" OPERTYPEID="10" PREVID="0" NEXTID="0" UPDATEDATE="2025-10-01" STARTDATE="2025-10-01" ENDDATE="2079-06-06" ISACTUAL="1" ISACTIVE="1" /><STEAD ID="74197345" OBJECTID="174972210" OBJECTGUID="f8a62452-7e21-4255-82d1-0fcb0e4654d3" CHANGEID="689780837" NUMBER="13а/150" OPERTYPEID="10" PREVID="0" NEXTID="0" UPDATEDATE="2025-10-01" STARTDATE="2025-10-01" ENDDATE="2079-06-06" ISACTUAL="1" ISACTIVE="1" /><STEAD ID="74197346" OBJECTID="174972211" OBJECTGUID="3f3a36dd-fb39-40aa-b889-3f08c8125fa5" CHANGEID="689780838" NUMBER="13а/30" OPERTYPEID="10" PREVID="0" NEXTID="0" UPDATEDATE="2025-10-01" STARTDATE="2025-10-01" ENDDATE="2079-06-06" ISACTUAL="1" ISACTIVE="1" /><STEAD ID="74197347" OBJECTID="174972212" OBJECTGUID="531196af-60cb-4b09-bea8-cac1d26c9555" CHANGEID="689780839" NUMBER="13а/158" OPERTYPEID="10" PREVID="0" NEXTID="0" UPDATEDATE="2025-10-01" STARTDATE="2025-10-01" ENDDATE="2079-06-06" ISACTUAL="1" ISACTIVE="1" /><STEAD ID="74197348" OBJECTID="174972213" OBJECTGUID="6957c521-5ca9-455f-ace9-99cc870dac8f" CHANGEID="689780840" NUMBER="13а/15" OPERTYPEID="10" PREVID="0" NEXTID="0" UPDATEDATE="2025-10-01" STARTDATE="2025-10-01" ENDDATE="2079-06-06" ISACTUAL="1" ISACTIVE="1" /><STEAD ID="74197349" OBJECTID="174972214" OBJECTGUID="ef1b6bee-b49a-46b1-a63d-2b2696e95144" CHANGEID="689780841" NUMBER="13а/28" OPERTYPEID="10" PREVID="0" NEXTID="0" UPDATEDATE="2025-10-01" STARTDATE="2025-10-01" ENDDATE="2079-06-06" ISACTUAL="1" ISACTIVE="1" /><STEAD ID="74197350" OBJECTID="174972215" OBJECTGUID="2c38b621-8a79-4d6c-bc63-3233ae64e1d5" CHANGEID="689780842" NUMBER="13а/61" OPERTYPEID="10" PREVID="0" NEXTID="0" UPDATEDATE="2025-10-01" STARTDATE="2025-10-01" ENDDATE="2079-06-06" ISACTUAL="1" ISACTIVE="1" /><STEAD ID="74197351" OBJECTID="174972216" OBJECTGUID="6e7147d6-cfa0-46ca-bf2c-aaf5064a3509" CHANGEID="689780843" NUMBER="13а/154" OPERTYPEID="10" PREVID="0" NEXTID="0" UPDATEDATE="2025-10-01" STARTDATE="2025-10-01" ENDDATE="2079-06-06" ISACTUAL="1" ISACTIVE="1" /><STEAD ID="74197352" OBJECTID="174972217" OBJECTGUID="48c9895e-c892-4637-a66d-22c670856777" CHANGEID="689780844" NUMBER="13а/31" OPERTYPEID="10" PREVID="0" NEXTID="0" UPDATEDATE="2025-10-01" STARTDATE="2025-10-01" ENDDATE="2079-06-06" ISACTUAL="1" ISACTIVE="1" /><STEAD ID="74197353" OBJECTID="174972218" OBJECTGUID="521b3abf-769e-42a3-9191-b07c01f47f03" CHANGEID="689780845" NUMBER="13а/165" OPERTYPEID="10" PREVID="0" NEXTID="0" UPDATEDATE="2025-10-01" STARTDATE="2025-10-01" ENDDATE="2079-06-06" ISACTUAL="1" ISACTIVE="1" /><STEAD ID="74197354" OBJECTID="174972219" OBJECTGUID="3e17df53-b91e-4779-b8fc-858d8df2c40c" CHANGEID="689780846" NUMBER="13а/201" OPERTYPEID="10" PREVID="0" NEXTID="0" UPDATEDATE="2025-10-01" STARTDATE="2025-10-01" ENDDATE="2079-06-06" ISACTUAL="1" ISACTIVE="1" /><STEAD ID="74197355" OBJECTID="174972220" OBJECTGUID="ba755856-528c-4b81-a480-d7837c74af34" CHANGEID="689780847" NUMBER="13а/176" OPERTYPEID="10" PREVID="0" NEXTID="0" UPDATEDATE="2025-10-01" STARTDATE="2025-10-01" ENDDATE="2079-06-06" ISACTUAL="1" ISACTIVE="1" /><STEAD ID="74197356" OBJECTID="174972221" OBJECTGUID="2c8cb8c4-21eb-40bf-886c-fd6a61d0ae50" CHANGEID="689780848" NUMBER="13а/215" OPERTYPEID="10" PREVID="0" NEXTID="0" UPDATEDATE="2025-10-01" STARTDATE="2025-10-01" ENDDATE="2079-06-06" ISACTUAL="1" ISACTIVE="1" /><STEAD ID="74197357" OBJECTID="174972222" OBJECTGUID="dcc1d11f-14e4-45ee-9b63-c19b0c0d67a5" CHANGEID="689780849" NUMBER="13а/111" OPERTYPEID="10" PREVID="0" NEXTID="0" UPDATEDATE="2025-10-01" STARTDATE="2025-10-01" ENDDATE="2079-06-06" ISACTUAL="1" ISACTIVE="1" /><STEAD ID="74197358" OBJECTID="174972223" OBJECTGUID="cd6d90f7-88fa-4ad5-a1a8-4f4003a4daad" CHANGEID="689780850" NUMBER="13а/139" OPERTYPEID="10" PREVID="0" NEXTID="0" UPDATEDATE="2025-10-01" STARTDATE="2025-10-01" ENDDATE="2079-06-06" ISACTUAL="1" ISACTIVE="1" /><STEAD ID="74197359" OBJECTID="174972224" OBJECTGUID="6cb5dd03-9938-43c1-a493-4d9902b90545" CHANGEID="689780851" NUMBER="13а/202" OPERTYPEID="10" PREVID="0" NEXTID="0" UPDATEDATE="2025-10-01" STARTDATE="2025-10-01" ENDDATE="2079-06-06" ISACTUAL="1" ISACTIVE="1" /><STEAD ID="74197360" OBJECTID="174972225" OBJECTGUID="686c593f-e0b0-48f4-af55-0359b4cd6de7" CHANGEID="689780852" NUMBER="13а/70" OPERTYPEID="10" PREVID="0" NEXTID="0" UPDATEDATE="2025-10-01" STARTDATE="2025-10-01" ENDDATE="2079-06-06" ISACTUAL="1" ISACTIVE="1" /><STEAD ID="74197361" OBJECTID="174972226" OBJECTGUID="04ec6078-8551-460c-abd5-7566693215a4" CHANGEID="689780853" NUMBER="13а/177" OPERTYPEID="10" PREVID="0" NEXTID="0" UPDATEDATE="2025-10-01" STARTDATE="2025-10-01" ENDDATE="2079-06-06" ISACTUAL="1" ISACTIVE="1" /><STEAD ID="74197362" OBJECTID="174972227" OBJECTGUID="10dc1104-87ef-45fe-9a96-7dabe1861d9a" CHANGEID="689780854" NUMBER="13а/180" OPERTYPEID="10" PREVID="0" NEXTID="0" UPDATEDATE="2025-10-01" STARTDATE="2025-10-01" ENDDATE="2079-06-06" ISACTUAL="1" ISACTIVE="1" /><STEAD ID="74197363" OBJECTID="174972228" OBJECTGUID="c59dec8f-769d-4a5e-8a9e-fb67c4bb53a4" CHANGEID="689780855" NUMBER="13а/90" OPERTYPEID="10" PREVID="0" NEXTID="0" UPDATEDATE="2025-10-01" STARTDATE="2025-10-01" ENDDATE="2079-06-06" ISACTUAL="1" ISACTIVE="1" /><STEAD ID="74197364" OBJECTID="174972229" OBJECTGUID="f55d4cfe-9be8-4d7c-aee1-a61951e9b96f" CHANGEID="689780856" NUMBER="13а/83" OPERTYPEID="10" PREVID="0" NEXTID="0" UPDATEDATE="2025-10-01" STARTDATE="2025-10-01" ENDDATE="2079-06-06" ISACTUAL="1" ISACTIVE="1" /><STEAD ID="74197663" OBJECTID="174972911" OBJECTGUID="6505fedd-54c5-4fae-b5a8-4dfea4a22afb" CHANGEID="689782537" NUMBER="40/2" OPERTYPEID="10" PREVID="0" NEXTID="0" UPDATEDATE="2025-10-01" STARTDATE="2025-10-01" ENDDATE="2079-06-06" ISACTUAL="1" ISACTIVE="1" /><STEAD ID="74197664" OBJECTID="174972912" OBJECTGUID="0a135c68-ff4f-4495-9ea1-4b323cf087d8" CHANGEID="689782538" NUMBER="40/1" OPERTYPEID="10" PREVID="0" NEXTID="0" UPDATEDATE="2025-10-01" STARTDATE="2025-10-01" ENDDATE="2079-06-06" ISACTUAL="1" ISACTIVE="1" /><STEAD ID="74197675" OBJECTID="174972932" OBJECTGUID="03d0b577-3b4e-4b00-b8e7-7039ee92ebaa" CHANGEID="689782639" NUMBER="23/3" OPERTYPEID="10" PREVID="0" NEXTID="0" UPDATEDATE="2025-10-01" STARTDATE="2025-10-01" ENDDATE="2079-06-06" ISACTUAL="1" ISACTIVE="1" /><STEAD ID="74197676" OBJECTID="174972933" OBJECTGUID="8487c5a2-7bda-4ce5-93e0-4b2ad7b163b3" CHANGEID="689782640" NUMBER="23/1" OPERTYPEID="10" PREVID="0" NEXTID="0" UPDATEDATE="2025-10-01" STARTDATE="2025-10-01" ENDDATE="2079-06-06" ISACTUAL="1" ISACTIVE="1" /><STEAD ID="74197714" OBJECTID="174972981" OBJECTGUID="09bd6580-6d04-478e-be0e-4cda145d0e0d" CHANGEID="689782709" NUMBER="35А" OPERTYPEID="10" PREVID="0" NEXTID="0" UPDATEDATE="2025-10-01" STARTDATE="2025-10-01" ENDDATE="2079-06-06" ISACTUAL="1" ISACTIVE="1" /><STEAD ID="74198511" OBJECTID="174975210" OBJECTGUID="3fa8fd65-5dd4-4dc7-9dc1-626cab69c637" CHANGEID="689787353" NUMBER="2А" OPERTYPEID="10" PREVID="0" NEXTID="0" UPDATEDATE="2025-10-01" STARTDATE="2025-10-01" ENDDATE="2079-06-06" ISACTUAL="1" ISACTIVE="1" /><STEAD ID="74201992" OBJECTID="174981496" OBJECTGUID="d7b4e19f-b815-4eaf-96e9-673107ccd507" CHANGEID="689799608" NUMBER="44" OPERTYPEID="10" PREVID="0" NEXTID="0" UPDATEDATE="2025-10-01" STARTDATE="2025-10-01" ENDDATE="2079-06-06" ISACTUAL="1" ISACTIVE="1" /><STEAD ID="74202338" OBJECTID="174982451" OBJECTGUID="3cebbe7a-f83c-4e90-b961-6836fe03b5a7" CHANGEID="689801390" NUMBER="55Г" OPERTYPEID="10" PREVID="0" NEXTID="0" UPDATEDATE="2025-10-01" STARTDATE="2025-10-01" ENDDATE="2079-06-06" ISACTUAL="1" ISACTIVE="1" /><STEAD ID="74202506" OBJECTID="174982697" OBJECTGUID="9b2568cc-ba83-4730-ad8f-fab127329086" CHANGEID="689801811" NUMBER="10" OPERTYPEID="10" PREVID="0" NEXTID="0" UPDATEDATE="2025-10-01" STARTDATE="2025-10-01" ENDDATE="2079-06-06" ISACTUAL="1" ISACTIVE="1" /><STEAD ID="74202999" OBJECTID="174983744" OBJECTGUID="807386e8-b68d-4f37-b28f-16f924658565" CHANGEID="689804174" NUMBER="21" OPERTYPEID="10" PREVID="0" NEXTID="0" UPDATEDATE="2025-10-01" STARTDATE="2025-10-01" ENDDATE="2079-06-06" ISACTUAL="1" ISACTIVE="1" /><STEAD ID="74203027" OBJECTID="174983803" OBJECTGUID="2de93431-2169-47af-a7bb-686147371046" CHANGEID="689804621" NUMBER="7/2" OPERTYPEID="10" PREVID="0" NEXTID="0" UPDATEDATE="2025-10-01" STARTDATE="2025-10-01" ENDDATE="2079-06-06" ISACTUAL="1" ISACTIVE="1" /><STEAD ID="74203196" OBJECTID="174984055" OBJECTGUID="c646b5fe-a033-4216-9a94-d2bc2d3c09ea" CHANGEID="689805516" NUMBER="2д/275" OPERTYPEID="10" PREVID="0" NEXTID="0" UPDATEDATE="2025-10-01" STARTDATE="2025-10-01" ENDDATE="2079-06-06" ISACTUAL="1" ISACTIVE="1" /><STEAD ID="74203582" OBJECTID="174984839" OBJECTGUID="bfe36d0a-400e-4ce6-be67-2c1b95e85ee9" CHANGEID="689806846" NUMBER="11" OPERTYPEID="10" PREVID="0" NEXTID="0" UPDATEDATE="2025-10-01" STARTDATE="2025-10-01" ENDDATE="2079-06-06" ISACTUAL="1" ISACTIVE="1" /><STEAD ID="74203602" OBJECTID="174984878" OBJECTGUID="3bf0e61f-34e8-4499-b9d1-5c142662c28c" CHANGEID="689806941" NUMBER="13" OPERTYPEID="10" PREVID="0" NEXTID="0" UPDATEDATE="2025-10-01" STARTDATE="2025-10-01" ENDDATE="2079-06-06" ISACTUAL="1" ISACTIVE="1" /><STEAD ID="74203593" OBJECTID="174984859" OBJECTGUID="30891291-7de9-4aae-b85b-4ad3705d0a22" CHANGEID="689806898" NUMBER="12" OPERTYPEID="10" PREVID="0" NEXTID="0" UPDATEDATE="2025-10-01" STARTDATE="2025-10-01" ENDDATE="2079-06-06" ISACTUAL="1" ISACTIVE="1" /><STEAD ID="74203627" OBJECTID="174984913" OBJECTGUID="7c300036-3099-490f-8671-2fec0155a59d" CHANGEID="689807016" NUMBER="10А" OPERTYPEID="10" PREVID="0" NEXTID="0" UPDATEDATE="2025-10-01" STARTDATE="2025-10-01" ENDDATE="2079-06-06" ISACTUAL="1" ISACTIVE="1" /></STEADS>