﻿<?xml version="1.0" encoding="utf-8"?><STEADS><STEAD ID="2695480" OBJECTID="87238272" OBJECTGUID="0bb18a98-48e2-438f-849d-b46924cf5202" CHANGEID="129263602" NUMBER="22а" OPERTYPEID="10" NEXTID="74193309" UPDATEDATE="2025-09-30" STARTDATE="2016-12-16" ENDDATE="2025-09-30" ISACTUAL="0" ISACTIVE="0" /><STEAD ID="3439407" OBJECTID="87979592" OBJECTGUID="0cb47c11-824f-47a0-bbb0-891ab7701c98" CHANGEID="130189214" NUMBER="48" OPERTYPEID="10" NEXTID="74196348" UPDATEDATE="2025-09-30" STARTDATE="2018-12-04" ENDDATE="2025-09-30" ISACTUAL="0" ISACTIVE="0" /><STEAD ID="13977248" OBJECTID="100901359" OBJECTGUID="9b9a341e-1ebd-4ed8-886e-1e38c7110e3a" CHANGEID="191379803" NUMBER="2" OPERTYPEID="10" PREVID="0" NEXTID="74207159" UPDATEDATE="2025-10-01" STARTDATE="2021-04-12" ENDDATE="2025-10-01" ISACTUAL="0" ISACTIVE="0" /><STEAD ID="66962060" OBJECTID="159904198" OBJECTGUID="5700f051-3f6b-425c-b3da-91f71069b4d8" CHANGEID="508636284" NUMBER="41а" OPERTYPEID="10" PREVID="0" NEXTID="74193310" UPDATEDATE="2025-09-30" STARTDATE="2023-08-29" ENDDATE="2025-09-30" ISACTUAL="0" ISACTIVE="0" /><STEAD ID="74165735" OBJECTID="174913792" OBJECTGUID="2aa1f03c-4248-444d-8059-6798e4989107" CHANGEID="689634150" NUMBER="18" OPERTYPEID="10" PREVID="0" NEXTID="0" UPDATEDATE="2025-09-29" STARTDATE="2025-09-29" ENDDATE="2079-06-06" ISACTUAL="1" ISACTIVE="1" /><STEAD ID="74165736" OBJECTID="174913793" OBJECTGUID="65f69548-2d24-430c-91bb-da442984bda1" CHANGEID="689634151" NUMBER="81" OPERTYPEID="10" PREVID="0" NEXTID="0" UPDATEDATE="2025-09-29" STARTDATE="2025-09-29" ENDDATE="2079-06-06" ISACTUAL="1" ISACTIVE="1" /><STEAD ID="74165737" OBJECTID="174913794" OBJECTGUID="6753d930-d2da-4fd3-9793-15985fa1aa99" CHANGEID="689634153" NUMBER="10" OPERTYPEID="10" PREVID="0" NEXTID="0" UPDATEDATE="2025-09-29" STARTDATE="2025-09-29" ENDDATE="2079-06-06" ISACTUAL="1" ISACTIVE="1" /><STEAD ID="74165739" OBJECTID="174913796" OBJECTGUID="6786231e-8a65-4c56-8ee4-2d45cfc4753b" CHANGEID="689634158" NUMBER="8" OPERTYPEID="10" PREVID="0" NEXTID="0" UPDATEDATE="2025-09-29" STARTDATE="2025-09-29" ENDDATE="2079-06-06" ISACTUAL="1" ISACTIVE="1" /><STEAD ID="74165740" OBJECTID="174913797" OBJECTGUID="7bdf44aa-7b9a-4366-9a1b-0d2f706d7001" CHANGEID="689634164" NUMBER="35" OPERTYPEID="10" PREVID="0" NEXTID="0" UPDATEDATE="2025-09-29" STARTDATE="2025-09-29" ENDDATE="2079-06-06" ISACTUAL="1" ISACTIVE="1" /><STEAD ID="74166066" OBJECTID="174914308" OBJECTGUID="a146352b-9c88-463b-a3e4-20dbe795be59" CHANGEID="689635200" NUMBER="3а" OPERTYPEID="10" PREVID="0" NEXTID="0" UPDATEDATE="2025-09-29" STARTDATE="2025-09-29" ENDDATE="2079-06-06" ISACTUAL="1" ISACTIVE="1" /><STEAD ID="74167335" OBJECTID="174917084" OBJECTGUID="90fe7ba5-f2c3-4011-8eaf-141bd8894785" CHANGEID="689640162" NUMBER="30б" OPERTYPEID="10" PREVID="0" NEXTID="0" UPDATEDATE="2025-09-29" STARTDATE="2025-09-29" ENDDATE="2079-06-06" ISACTUAL="1" ISACTIVE="1" /><STEAD ID="74167490" OBJECTID="174917415" OBJECTGUID="971f902d-bdd4-41e4-9290-3634993ff28b" CHANGEID="689640821" NUMBER="17" OPERTYPEID="10" PREVID="0" NEXTID="0" UPDATEDATE="2025-09-29" STARTDATE="2025-09-29" ENDDATE="2079-06-06" ISACTUAL="1" ISACTIVE="1" /><STEAD ID="74168379" OBJECTID="174918891" OBJECTGUID="1e286023-e9fd-4482-a5c4-b09483d32383" CHANGEID="689644409" NUMBER="16" OPERTYPEID="10" PREVID="0" NEXTID="0" UPDATEDATE="2025-09-29" STARTDATE="2025-09-29" ENDDATE="2079-06-06" ISACTUAL="1" ISACTIVE="1" /><STEAD ID="74170071" OBJECTID="174922133" OBJECTGUID="f1d0ec21-eb82-4774-9143-0c2af7e92700" CHANGEID="689649645" NUMBER="1" OPERTYPEID="10" PREVID="0" NEXTID="0" UPDATEDATE="2025-09-29" STARTDATE="2025-09-29" ENDDATE="2079-06-06" ISACTUAL="1" ISACTIVE="1" /><STEAD ID="74171492" OBJECTID="174926095" OBJECTGUID="2962a3d0-d799-48eb-a03b-4ff624d9ccc3" CHANGEID="689655768" NUMBER="8" OPERTYPEID="10" PREVID="0" NEXTID="0" UPDATEDATE="2025-09-29" STARTDATE="2025-09-29" ENDDATE="2079-06-06" ISACTUAL="1" ISACTIVE="1" /><STEAD ID="74172246" OBJECTID="174928597" OBJECTGUID="a1b276d7-8a10-4e48-a910-3f625ca24358" CHANGEID="689665798" NUMBER="21" OPERTYPEID="10" PREVID="0" NEXTID="0" UPDATEDATE="2025-09-29" STARTDATE="2025-09-29" ENDDATE="2079-06-06" ISACTUAL="1" ISACTIVE="1" /><STEAD ID="74172318" OBJECTID="174928760" OBJECTGUID="2c52d75a-3a40-4bc7-ac4c-62ad5e0ea771" CHANGEID="689666092" NUMBER="5" OPERTYPEID="10" PREVID="0" NEXTID="0" UPDATEDATE="2025-09-29" STARTDATE="2025-09-29" ENDDATE="2079-06-06" ISACTUAL="1" ISACTIVE="1" /><STEAD ID="74172308" OBJECTID="174928670" OBJECTGUID="4120d3e7-e66b-4b17-bde6-1192c46d720f" CHANGEID="689665928" NUMBER="70" OPERTYPEID="10" PREVID="0" NEXTID="0" UPDATEDATE="2025-09-29" STARTDATE="2025-09-29" ENDDATE="2079-06-06" ISACTUAL="1" ISACTIVE="1" /><STEAD ID="74172382" OBJECTID="174928994" OBJECTGUID="ae0f0925-f2e6-466f-bd5a-ac301177460a" CHANGEID="689666510" NUMBER="28" OPERTYPEID="10" PREVID="0" NEXTID="0" UPDATEDATE="2025-09-29" STARTDATE="2025-09-29" ENDDATE="2079-06-06" ISACTUAL="1" ISACTIVE="1" /><STEAD ID="74173392" OBJECTID="174930489" OBJECTGUID="837183e2-a781-4fa8-972a-886fbefe6bc1" CHANGEID="689669653" NUMBER="1Б" OPERTYPEID="10" PREVID="0" NEXTID="0" UPDATEDATE="2025-09-29" STARTDATE="2025-09-29" ENDDATE="2079-06-06" ISACTUAL="1" ISACTIVE="1" /><STEAD ID="74173515" OBJECTID="174930631" OBJECTGUID="7f2283fd-5d20-481d-bda1-26730d2a1a69" CHANGEID="689669971" NUMBER="1А" OPERTYPEID="10" PREVID="0" NEXTID="0" UPDATEDATE="2025-09-29" STARTDATE="2025-09-29" ENDDATE="2079-06-06" ISACTUAL="1" ISACTIVE="1" /><STEAD ID="74173622" OBJECTID="174930787" OBJECTGUID="4913cb39-b467-454a-8a67-e83f095bfbc3" CHANGEID="689670225" NUMBER="29А" OPERTYPEID="10" PREVID="0" NEXTID="0" UPDATEDATE="2025-09-29" STARTDATE="2025-09-29" ENDDATE="2079-06-06" ISACTUAL="1" ISACTIVE="1" /><STEAD ID="74173689" OBJECTID="174930877" OBJECTGUID="736c0d69-b64b-4ba2-8284-7fdc480207a7" CHANGEID="689670382" NUMBER="4" OPERTYPEID="10" PREVID="0" NEXTID="0" UPDATEDATE="2025-09-29" STARTDATE="2025-09-29" ENDDATE="2079-06-06" ISACTUAL="1" ISACTIVE="1" /><STEAD ID="74174087" OBJECTID="174931825" OBJECTGUID="387b6d5c-9081-4e9c-9404-d8c4a0f3d8b9" CHANGEID="689672351" NUMBER="25" OPERTYPEID="10" PREVID="0" NEXTID="0" UPDATEDATE="2025-09-29" STARTDATE="2025-09-29" ENDDATE="2079-06-06" ISACTUAL="1" ISACTIVE="1" /><STEAD ID="74174160" OBJECTID="174931910" OBJECTGUID="95047044-241d-43f8-84f6-9433cc2eb1ea" CHANGEID="689672492" NUMBER="23" OPERTYPEID="10" PREVID="0" NEXTID="0" UPDATEDATE="2025-09-29" STARTDATE="2025-09-29" ENDDATE="2079-06-06" ISACTUAL="1" ISACTIVE="1" /><STEAD ID="74177738" OBJECTID="174940230" OBJECTGUID="ceb7321c-9523-4f00-98ea-de229e5bb619" CHANGEID="689690641" NUMBER="2/1" OPERTYPEID="10" PREVID="0" NEXTID="0" UPDATEDATE="2025-09-29" STARTDATE="2025-09-29" ENDDATE="2079-06-06" ISACTUAL="1" ISACTIVE="1" /><STEAD ID="74178493" OBJECTID="174941340" OBJECTGUID="679cd4de-dac1-40b4-a953-aec2a3bfcfc3" CHANGEID="689692769" NUMBER="17" OPERTYPEID="10" PREVID="0" NEXTID="0" UPDATEDATE="2025-09-29" STARTDATE="2025-09-29" ENDDATE="2079-06-06" ISACTUAL="1" ISACTIVE="1" /><STEAD ID="74178494" OBJECTID="174941341" OBJECTGUID="697b55d1-1bef-4686-a0f6-e9263a6882e8" CHANGEID="689692770" NUMBER="16" OPERTYPEID="10" PREVID="0" NEXTID="0" UPDATEDATE="2025-09-29" STARTDATE="2025-09-29" ENDDATE="2079-06-06" ISACTUAL="1" ISACTIVE="1" /><STEAD ID="74178495" OBJECTID="174941342" OBJECTGUID="a95c3358-b483-4b32-ad47-06c99c0265b8" CHANGEID="689692771" NUMBER="2" OPERTYPEID="10" PREVID="0" NEXTID="0" UPDATEDATE="2025-09-29" STARTDATE="2025-09-29" ENDDATE="2079-06-06" ISACTUAL="1" ISACTIVE="1" /><STEAD ID="74179328" OBJECTID="174942803" OBJECTGUID="8c46300c-e056-46d2-b5bd-d429441eaa54" CHANGEID="689695499" NUMBER="1" OPERTYPEID="10" PREVID="0" NEXTID="0" UPDATEDATE="2025-09-29" STARTDATE="2025-09-29" ENDDATE="2079-06-06" ISACTUAL="1" ISACTIVE="1" /><STEAD ID="74179784" OBJECTID="174943656" OBJECTGUID="8a9e73a0-f3e9-45d7-907b-d809d8249cf2" CHANGEID="689696935" NUMBER="98" OPERTYPEID="10" PREVID="0" NEXTID="0" UPDATEDATE="2025-09-29" STARTDATE="2025-09-29" ENDDATE="2079-06-06" ISACTUAL="1" ISACTIVE="1" /><STEAD ID="74179785" OBJECTID="174943657" OBJECTGUID="f5bfc96c-478f-4ee2-888b-42742aedee6f" CHANGEID="689696936" NUMBER="97" OPERTYPEID="10" PREVID="0" NEXTID="0" UPDATEDATE="2025-09-29" STARTDATE="2025-09-29" ENDDATE="2079-06-06" ISACTUAL="1" ISACTIVE="1" /><STEAD ID="74179786" OBJECTID="174943658" OBJECTGUID="828f02fd-3c8e-4114-98ba-46c533c8922b" CHANGEID="689696937" NUMBER="96" OPERTYPEID="10" PREVID="0" NEXTID="0" UPDATEDATE="2025-09-29" STARTDATE="2025-09-29" ENDDATE="2079-06-06" ISACTUAL="1" ISACTIVE="1" /><STEAD ID="74179787" OBJECTID="174943659" OBJECTGUID="e5d53a89-49f1-4cc2-9fe3-6b1cb64b3b7d" CHANGEID="689696938" NUMBER="41" OPERTYPEID="10" PREVID="0" NEXTID="0" UPDATEDATE="2025-09-29" STARTDATE="2025-09-29" ENDDATE="2079-06-06" ISACTUAL="1" ISACTIVE="1" /><STEAD ID="74179879" OBJECTID="174943822" OBJECTGUID="1a5f3712-1438-4113-917f-247bc754c53a" CHANGEID="689697177" NUMBER="46а" OPERTYPEID="10" PREVID="0" NEXTID="0" UPDATEDATE="2025-09-29" STARTDATE="2025-09-29" ENDDATE="2079-06-06" ISACTUAL="1" ISACTIVE="1" /><STEAD ID="74179849" OBJECTID="174943751" OBJECTGUID="080b41b3-05e7-4f2a-b256-f8851517cca8" CHANGEID="689697085" NUMBER="129" OPERTYPEID="10" PREVID="0" NEXTID="0" UPDATEDATE="2025-09-29" STARTDATE="2025-09-29" ENDDATE="2079-06-06" ISACTUAL="1" ISACTIVE="1" /><STEAD ID="74179850" OBJECTID="174943752" OBJECTGUID="0027e62f-50d3-48e2-9f2a-69e3706b49de" CHANGEID="689697086" NUMBER="115" OPERTYPEID="10" PREVID="0" NEXTID="0" UPDATEDATE="2025-09-29" STARTDATE="2025-09-29" ENDDATE="2079-06-06" ISACTUAL="1" ISACTIVE="1" /><STEAD ID="74179851" OBJECTID="174943753" OBJECTGUID="7ae62884-2f77-461f-bb33-dc8c1f18aa52" CHANGEID="689697087" NUMBER="114" OPERTYPEID="10" PREVID="0" NEXTID="0" UPDATEDATE="2025-09-29" STARTDATE="2025-09-29" ENDDATE="2079-06-06" ISACTUAL="1" ISACTIVE="1" /><STEAD ID="74179852" OBJECTID="174943754" OBJECTGUID="1350331c-d010-428b-b094-d550cafd8e71" CHANGEID="689697088" NUMBER="112" OPERTYPEID="10" PREVID="0" NEXTID="0" UPDATEDATE="2025-09-29" STARTDATE="2025-09-29" ENDDATE="2079-06-06" ISACTUAL="1" ISACTIVE="1" /><STEAD ID="74179853" OBJECTID="174943755" OBJECTGUID="daeb53a4-3b48-48ef-a28f-8ec8f6e71ba9" CHANGEID="689697089" NUMBER="102" OPERTYPEID="10" PREVID="0" NEXTID="0" UPDATEDATE="2025-09-29" STARTDATE="2025-09-29" ENDDATE="2079-06-06" ISACTUAL="1" ISACTIVE="1" /><STEAD ID="74179854" OBJECTID="174943756" OBJECTGUID="70e24615-61d3-480c-8dfb-355e1774ff57" CHANGEID="689697090" NUMBER="101" OPERTYPEID="10" PREVID="0" NEXTID="0" UPDATEDATE="2025-09-29" STARTDATE="2025-09-29" ENDDATE="2079-06-06" ISACTUAL="1" ISACTIVE="1" /><STEAD ID="74179855" OBJECTID="174943757" OBJECTGUID="09a65ffc-11c4-4b71-b1f8-6802d453a9e7" CHANGEID="689697091" NUMBER="1" OPERTYPEID="10" PREVID="0" NEXTID="0" UPDATEDATE="2025-09-29" STARTDATE="2025-09-29" ENDDATE="2079-06-06" ISACTUAL="1" ISACTIVE="1" /><STEAD ID="74179908" OBJECTID="174943953" OBJECTGUID="a407c6bf-121d-4f85-9bcc-9d9f4bf0e344" CHANGEID="689697327" NUMBER="195" OPERTYPEID="10" PREVID="0" NEXTID="0" UPDATEDATE="2025-09-29" STARTDATE="2025-09-29" ENDDATE="2079-06-06" ISACTUAL="1" ISACTIVE="1" /><STEAD ID="74179959" OBJECTID="174944109" OBJECTGUID="94679ef2-c707-424b-a310-e40a163cb99d" CHANGEID="689697553" NUMBER="40б" OPERTYPEID="10" PREVID="0" NEXTID="0" UPDATEDATE="2025-09-29" STARTDATE="2025-09-29" ENDDATE="2079-06-06" ISACTUAL="1" ISACTIVE="1" /><STEAD ID="74179991" OBJECTID="174944146" OBJECTGUID="cf66103d-409a-4f0d-852c-d0db372f6c47" CHANGEID="689697598" NUMBER="16в" OPERTYPEID="10" PREVID="0" NEXTID="0" UPDATEDATE="2025-09-29" STARTDATE="2025-09-29" ENDDATE="2079-06-06" ISACTUAL="1" ISACTIVE="1" /><STEAD ID="74179940" OBJECTID="174944009" OBJECTGUID="efc99518-89ed-49e7-88cf-ecdebc802007" CHANGEID="689697427" NUMBER="32" OPERTYPEID="10" PREVID="0" NEXTID="0" UPDATEDATE="2025-09-29" STARTDATE="2025-09-29" ENDDATE="2079-06-06" ISACTUAL="1" ISACTIVE="1" /><STEAD ID="74179956" OBJECTID="174944064" OBJECTGUID="59a11fc1-a3da-40d0-967c-dd68e61b76df" CHANGEID="689697502" NUMBER="37" OPERTYPEID="10" PREVID="0" NEXTID="0" UPDATEDATE="2025-09-29" STARTDATE="2025-09-29" ENDDATE="2079-06-06" ISACTUAL="1" ISACTIVE="1" /><STEAD ID="74180011" OBJECTID="174944178" OBJECTGUID="440c6848-99f6-443f-a901-e706ecae5160" CHANGEID="689697734" NUMBER="77" OPERTYPEID="10" PREVID="0" NEXTID="0" UPDATEDATE="2025-09-29" STARTDATE="2025-09-29" ENDDATE="2079-06-06" ISACTUAL="1" ISACTIVE="1" /><STEAD ID="74180125" OBJECTID="174944303" OBJECTGUID="b474138f-944b-4f8b-ae71-5f54c34e553b" CHANGEID="689698282" NUMBER="5" OPERTYPEID="10" PREVID="0" NEXTID="0" UPDATEDATE="2025-09-29" STARTDATE="2025-09-29" ENDDATE="2079-06-06" ISACTUAL="1" ISACTIVE="1" /><STEAD ID="74180162" OBJECTID="174944447" OBJECTGUID="f40423e6-0188-4735-a675-d8d607393f4c" CHANGEID="689698559" NUMBER="40" OPERTYPEID="10" PREVID="0" NEXTID="0" UPDATEDATE="2025-09-29" STARTDATE="2025-09-29" ENDDATE="2079-06-06" ISACTUAL="1" ISACTIVE="1" /><STEAD ID="74180163" OBJECTID="174944448" OBJECTGUID="683dddda-9e60-4a81-bf21-d85a94077f5f" CHANGEID="689698560" NUMBER="41" OPERTYPEID="10" PREVID="0" NEXTID="0" UPDATEDATE="2025-09-29" STARTDATE="2025-09-29" ENDDATE="2079-06-06" ISACTUAL="1" ISACTIVE="1" /><STEAD ID="74180144" OBJECTID="174944417" OBJECTGUID="47ede6fd-0748-4f4a-a7a4-f6c763d4659a" CHANGEID="689698489" NUMBER="19" OPERTYPEID="10" PREVID="0" NEXTID="0" UPDATEDATE="2025-09-29" STARTDATE="2025-09-29" ENDDATE="2079-06-06" ISACTUAL="1" ISACTIVE="1" /><STEAD ID="74180168" OBJECTID="174944477" OBJECTGUID="70234ed9-87ac-4893-945e-aec1af7d5749" CHANGEID="689698617" NUMBER="25" OPERTYPEID="10" PREVID="0" NEXTID="0" UPDATEDATE="2025-09-29" STARTDATE="2025-09-29" ENDDATE="2079-06-06" ISACTUAL="1" ISACTIVE="1" /><STEAD ID="74180183" OBJECTID="174944580" OBJECTGUID="ebf9f740-65ff-49d1-908a-0892a7d2415e" CHANGEID="689698823" NUMBER="45а" OPERTYPEID="10" PREVID="0" NEXTID="0" UPDATEDATE="2025-09-29" STARTDATE="2025-09-29" ENDDATE="2079-06-06" ISACTUAL="1" ISACTIVE="1" /><STEAD ID="74180207" OBJECTID="174944611" OBJECTGUID="fd4563b9-3f05-4867-85c6-0c4124b0df2b" CHANGEID="689699253" NUMBER="44" OPERTYPEID="10" PREVID="0" NEXTID="0" UPDATEDATE="2025-09-29" STARTDATE="2025-09-29" ENDDATE="2079-06-06" ISACTUAL="1" ISACTIVE="1" /><STEAD ID="74180225" OBJECTID="174944733" OBJECTGUID="bf702a04-9580-4bda-8ece-ea24a6b9ff8c" CHANGEID="689699620" NUMBER="29а" OPERTYPEID="10" PREVID="0" NEXTID="0" UPDATEDATE="2025-09-29" STARTDATE="2025-09-29" ENDDATE="2079-06-06" ISACTUAL="1" ISACTIVE="1" /><STEAD ID="74186238" OBJECTID="174954162" OBJECTGUID="f2ff049c-8e41-449f-ae78-7103c43449fb" CHANGEID="689720915" NUMBER="36" OPERTYPEID="10" PREVID="0" NEXTID="0" UPDATEDATE="2025-09-30" STARTDATE="2025-09-30" ENDDATE="2079-06-06" ISACTUAL="1" ISACTIVE="1" /><STEAD ID="74186289" OBJECTID="174954282" OBJECTGUID="b1333694-73d3-4f75-b635-3d4e2af0f74e" CHANGEID="689721081" NUMBER="35а" OPERTYPEID="10" PREVID="0" NEXTID="0" UPDATEDATE="2025-09-30" STARTDATE="2025-09-30" ENDDATE="2079-06-06" ISACTUAL="1" ISACTIVE="1" /><STEAD ID="74186310" OBJECTID="174954305" OBJECTGUID="6ef7bad7-b8b8-4b77-8eee-977a76eb2765" CHANGEID="689721113" NUMBER="10а" OPERTYPEID="10" PREVID="0" NEXTID="0" UPDATEDATE="2025-09-30" STARTDATE="2025-09-30" ENDDATE="2079-06-06" ISACTUAL="1" ISACTIVE="1" /><STEAD ID="74186324" OBJECTID="174954324" OBJECTGUID="b3538ded-e9f4-4821-9048-8eea0c76683a" CHANGEID="689721147" NUMBER="44а" OPERTYPEID="10" PREVID="0" NEXTID="0" UPDATEDATE="2025-09-30" STARTDATE="2025-09-30" ENDDATE="2079-06-06" ISACTUAL="1" ISACTIVE="1" /><STEAD ID="74188836" OBJECTID="174958619" OBJECTGUID="2bcdfa56-660b-475d-b95c-b102a1cc8320" CHANGEID="689732424" NUMBER="30" OPERTYPEID="10" PREVID="0" NEXTID="0" UPDATEDATE="2025-09-30" STARTDATE="2025-09-30" ENDDATE="2079-06-06" ISACTUAL="1" ISACTIVE="1" /><STEAD ID="74189251" OBJECTID="174959306" OBJECTGUID="af966437-43bc-4d74-87ba-06352906bf48" CHANGEID="689733855" NUMBER="147" OPERTYPEID="10" PREVID="0" NEXTID="0" UPDATEDATE="2025-09-30" STARTDATE="2025-09-30" ENDDATE="2079-06-06" ISACTUAL="1" ISACTIVE="1" /><STEAD ID="74190950" OBJECTID="174961843" OBJECTGUID="93b1d119-c59c-4f29-97e6-0f953bbdf95a" CHANGEID="689739024" NUMBER="15" OPERTYPEID="10" PREVID="0" NEXTID="0" UPDATEDATE="2025-09-30" STARTDATE="2025-09-30" ENDDATE="2079-06-06" ISACTUAL="1" ISACTIVE="1" /><STEAD ID="74190951" OBJECTID="174961844" OBJECTGUID="f265626f-2cf0-4074-b33f-c21ac1b06ad2" CHANGEID="689739025" NUMBER="13" OPERTYPEID="10" PREVID="0" NEXTID="0" UPDATEDATE="2025-09-30" STARTDATE="2025-09-30" ENDDATE="2079-06-06" ISACTUAL="1" ISACTIVE="1" /><STEAD ID="74161348" OBJECTID="174906153" OBJECTGUID="d78128f0-251c-4af7-bf5a-dcd825e9ec70" CHANGEID="689618722" NUMBER="22" OPERTYPEID="10" PREVID="0" NEXTID="74191036" UPDATEDATE="2025-09-30" STARTDATE="2025-09-26" ENDDATE="2025-09-30" ISACTUAL="0" ISACTIVE="0" /><STEAD ID="74191036" OBJECTID="174906153" OBJECTGUID="d78128f0-251c-4af7-bf5a-dcd825e9ec70" CHANGEID="689739235" NUMBER="42" OPERTYPEID="20" PREVID="74161348" UPDATEDATE="2025-09-30" STARTDATE="2025-09-30" ENDDATE="2079-06-06" ISACTUAL="1" ISACTIVE="1" /><STEAD ID="74191437" OBJECTID="174962468" OBJECTGUID="b5006fdb-724d-485f-be45-2879a50b8df2" CHANGEID="689740929" NUMBER="4" OPERTYPEID="10" PREVID="0" NEXTID="0" UPDATEDATE="2025-09-30" STARTDATE="2025-09-30" ENDDATE="2079-06-06" ISACTUAL="1" ISACTIVE="1" /><STEAD ID="74191673" OBJECTID="174962815" OBJECTGUID="0b7d7ef6-99f4-4baf-bc08-fc48f5897cad" CHANGEID="689741511" NUMBER="142а" OPERTYPEID="10" PREVID="0" NEXTID="0" UPDATEDATE="2025-09-30" STARTDATE="2025-09-30" ENDDATE="2079-06-06" ISACTUAL="1" ISACTIVE="1" /><STEAD ID="74193310" OBJECTID="159904198" OBJECTGUID="5700f051-3f6b-425c-b3da-91f71069b4d8" CHANGEID="689747366" NUMBER="16" OPERTYPEID="50" PREVID="66962060" UPDATEDATE="2025-09-30" STARTDATE="2025-09-30" ENDDATE="2079-06-06" ISACTUAL="1" ISACTIVE="1" /><STEAD ID="2696600" OBJECTID="87239389" OBJECTGUID="ababe955-50c0-4156-a738-3e63e99e01bb" CHANGEID="129265038" NUMBER="22" OPERTYPEID="10" NEXTID="74193308" UPDATEDATE="2025-09-30" STARTDATE="2016-12-16" ENDDATE="2025-09-30" ISACTUAL="0" ISACTIVE="0" /><STEAD ID="74193308" OBJECTID="87239389" OBJECTGUID="ababe955-50c0-4156-a738-3e63e99e01bb" CHANGEID="689747363" NUMBER="15" OPERTYPEID="50" PREVID="2696600" UPDATEDATE="2025-09-30" STARTDATE="2025-09-30" ENDDATE="2079-06-06" ISACTUAL="1" ISACTIVE="1" /><STEAD ID="74193309" OBJECTID="87238272" OBJECTGUID="0bb18a98-48e2-438f-849d-b46924cf5202" CHANGEID="689747365" NUMBER="17" OPERTYPEID="50" PREVID="2695480" UPDATEDATE="2025-09-30" STARTDATE="2025-09-30" ENDDATE="2079-06-06" ISACTUAL="1" ISACTIVE="1" /><STEAD ID="15105761" OBJECTID="103549662" OBJECTGUID="0177c8d3-4b60-47df-a599-ffdfdf699b70" CHANGEID="265779339" NUMBER="39В" OPERTYPEID="10" PREVID="0" NEXTID="74193319" UPDATEDATE="2025-09-30" STARTDATE="2022-01-25" ENDDATE="2025-09-30" ISACTUAL="0" ISACTIVE="0" /><STEAD ID="74193319" OBJECTID="103549662" OBJECTGUID="0177c8d3-4b60-47df-a599-ffdfdf699b70" CHANGEID="689747376" NUMBER="26" OPERTYPEID="50" PREVID="15105761" UPDATEDATE="2025-09-30" STARTDATE="2025-09-30" ENDDATE="2079-06-06" ISACTUAL="1" ISACTIVE="1" /><STEAD ID="74194836" OBJECTID="174968058" OBJECTGUID="5d6428b4-61ba-4c43-adb0-319154a0ec31" CHANGEID="689753288" NUMBER="1" OPERTYPEID="10" PREVID="0" NEXTID="0" UPDATEDATE="2025-09-30" STARTDATE="2025-09-30" ENDDATE="2079-06-06" ISACTUAL="1" ISACTIVE="1" /><STEAD ID="74194872" OBJECTID="174968101" OBJECTGUID="f7f222cf-8f00-495b-8442-9cea85950f93" CHANGEID="689753362" NUMBER="21" OPERTYPEID="10" PREVID="0" NEXTID="0" UPDATEDATE="2025-09-30" STARTDATE="2025-09-30" ENDDATE="2079-06-06" ISACTUAL="1" ISACTIVE="1" /><STEAD ID="74194878" OBJECTID="174968107" OBJECTGUID="e6ac4e82-6d4d-4371-9e5d-e9645f50f6dd" CHANGEID="689753371" NUMBER="295" OPERTYPEID="10" PREVID="0" NEXTID="0" UPDATEDATE="2025-09-30" STARTDATE="2025-09-30" ENDDATE="2079-06-06" ISACTUAL="1" ISACTIVE="1" /><STEAD ID="74195278" OBJECTID="174968681" OBJECTGUID="ab68fd08-fc07-4be3-88f2-05d8b98685b7" CHANGEID="689755057" NUMBER="11" OPERTYPEID="10" PREVID="0" NEXTID="0" UPDATEDATE="2025-09-30" STARTDATE="2025-09-30" ENDDATE="2079-06-06" ISACTUAL="1" ISACTIVE="1" /><STEAD ID="74195927" OBJECTID="174969512" OBJECTGUID="967b56ec-22eb-493d-9c11-7759c1def8ee" CHANGEID="689756576" NUMBER="79" OPERTYPEID="10" PREVID="0" NEXTID="0" UPDATEDATE="2025-09-30" STARTDATE="2025-09-30" ENDDATE="2079-06-06" ISACTUAL="1" ISACTIVE="1" /><STEAD ID="74196163" OBJECTID="174969786" OBJECTGUID="55cbe365-1bd5-4601-98b7-619f3a3221c8" CHANGEID="689757224" NUMBER="5" OPERTYPEID="10" PREVID="0" NEXTID="0" UPDATEDATE="2025-09-30" STARTDATE="2025-09-30" ENDDATE="2079-06-06" ISACTUAL="1" ISACTIVE="1" /><STEAD ID="74196221" OBJECTID="174969869" OBJECTGUID="15055cf5-7bbd-4095-877f-54c4205dfb6d" CHANGEID="689757598" NUMBER="73/2" OPERTYPEID="10" PREVID="0" NEXTID="0" UPDATEDATE="2025-09-30" STARTDATE="2025-09-30" ENDDATE="2079-06-06" ISACTUAL="1" ISACTIVE="1" /><STEAD ID="74196348" OBJECTID="87979592" OBJECTGUID="0cb47c11-824f-47a0-bbb0-891ab7701c98" CHANGEID="689758353" NUMBER="48" OPERTYPEID="30" PREVID="3439407" NEXTID="0" UPDATEDATE="2025-09-30" STARTDATE="2025-09-30" ENDDATE="2079-06-06" ISACTUAL="1" ISACTIVE="0" /><STEAD ID="74198127" OBJECTID="174973630" OBJECTGUID="d10424c7-d13a-46e1-92fe-d667d3d5f00f" CHANGEID="689784529" NUMBER="1а" OPERTYPEID="10" PREVID="0" NEXTID="0" UPDATEDATE="2025-10-01" STARTDATE="2025-10-01" ENDDATE="2079-06-06" ISACTUAL="1" ISACTIVE="1" /><STEAD ID="74198278" OBJECTID="174974883" OBJECTGUID="37dd5437-164c-48c8-ae74-c8f6d1726ef5" CHANGEID="689786250" NUMBER="1" OPERTYPEID="10" PREVID="0" NEXTID="0" UPDATEDATE="2025-10-01" STARTDATE="2025-10-01" ENDDATE="2079-06-06" ISACTUAL="1" ISACTIVE="1" /><STEAD ID="74198301" OBJECTID="174974911" OBJECTGUID="829e0600-207b-4254-be74-e7461ef513bc" CHANGEID="689786368" NUMBER="1б" OPERTYPEID="10" PREVID="0" NEXTID="0" UPDATEDATE="2025-10-01" STARTDATE="2025-10-01" ENDDATE="2079-06-06" ISACTUAL="1" ISACTIVE="1" /><STEAD ID="74198245" OBJECTID="174974835" OBJECTGUID="1f0e4982-13be-40cb-b70c-84f4b7790745" CHANGEID="689786106" NUMBER="41" OPERTYPEID="10" PREVID="0" NEXTID="0" UPDATEDATE="2025-10-01" STARTDATE="2025-10-01" ENDDATE="2079-06-06" ISACTUAL="1" ISACTIVE="1" /><STEAD ID="74198246" OBJECTID="174974850" OBJECTGUID="3797d2ff-5f3f-49f3-aaa0-625d5cb7acfc" CHANGEID="689786140" NUMBER="174" OPERTYPEID="10" PREVID="0" NEXTID="0" UPDATEDATE="2025-10-01" STARTDATE="2025-10-01" ENDDATE="2079-06-06" ISACTUAL="1" ISACTIVE="1" /><STEAD ID="74198271" OBJECTID="174974879" OBJECTGUID="62899082-3c66-412f-8109-8217e9a9b5e4" CHANGEID="689786208" NUMBER="33а" OPERTYPEID="10" PREVID="0" NEXTID="0" UPDATEDATE="2025-10-01" STARTDATE="2025-10-01" ENDDATE="2079-06-06" ISACTUAL="1" ISACTIVE="1" /><STEAD ID="74198280" OBJECTID="174974885" OBJECTGUID="fe7cbcb7-c58e-480c-9038-15c812720033" CHANGEID="689786255" NUMBER="3" OPERTYPEID="10" PREVID="0" NEXTID="0" UPDATEDATE="2025-10-01" STARTDATE="2025-10-01" ENDDATE="2079-06-06" ISACTUAL="1" ISACTIVE="1" /><STEAD ID="74198564" OBJECTID="174975331" OBJECTGUID="35020ef1-9a53-458e-a6e9-824092b98c14" CHANGEID="689787597" NUMBER="33" OPERTYPEID="10" PREVID="0" NEXTID="0" UPDATEDATE="2025-10-01" STARTDATE="2025-10-01" ENDDATE="2079-06-06" ISACTUAL="1" ISACTIVE="1" /><STEAD ID="74198568" OBJECTID="174975349" OBJECTGUID="c8075ed2-1662-45cf-9b8b-a018054a99f8" CHANGEID="689787615" NUMBER="16" OPERTYPEID="10" PREVID="0" NEXTID="0" UPDATEDATE="2025-10-01" STARTDATE="2025-10-01" ENDDATE="2079-06-06" ISACTUAL="1" ISACTIVE="1" /><STEAD ID="74198591" OBJECTID="174975378" OBJECTGUID="b24ec33a-4a64-4696-91ab-64e6b3e29e77" CHANGEID="689787649" NUMBER="6" OPERTYPEID="10" PREVID="0" NEXTID="0" UPDATEDATE="2025-10-01" STARTDATE="2025-10-01" ENDDATE="2079-06-06" ISACTUAL="1" ISACTIVE="1" /><STEAD ID="74198680" OBJECTID="174975477" OBJECTGUID="c43ed8d4-369b-43dc-948c-f288a850d594" CHANGEID="689787754" NUMBER="39" OPERTYPEID="10" PREVID="0" NEXTID="0" UPDATEDATE="2025-10-01" STARTDATE="2025-10-01" ENDDATE="2079-06-06" ISACTUAL="1" ISACTIVE="1" /><STEAD ID="74199117" OBJECTID="174976660" OBJECTGUID="2b2435a0-99e2-4ceb-bb14-b016859ed28a" CHANGEID="689790431" NUMBER="10" OPERTYPEID="10" PREVID="0" NEXTID="0" UPDATEDATE="2025-10-01" STARTDATE="2025-10-01" ENDDATE="2079-06-06" ISACTUAL="1" ISACTIVE="1" /><STEAD ID="74201191" OBJECTID="174980012" OBJECTGUID="7300726b-8f58-42dc-893c-6c3909c0d361" CHANGEID="689796024" NUMBER="86" OPERTYPEID="10" PREVID="0" NEXTID="0" UPDATEDATE="2025-10-01" STARTDATE="2025-10-01" ENDDATE="2079-06-06" ISACTUAL="1" ISACTIVE="1" /><STEAD ID="74201163" OBJECTID="174979935" OBJECTGUID="4af198b0-7c14-4e65-924c-eac9cfab19a8" CHANGEID="689795892" NUMBER="24б" OPERTYPEID="10" PREVID="0" NEXTID="0" UPDATEDATE="2025-10-01" STARTDATE="2025-10-01" ENDDATE="2079-06-06" ISACTUAL="1" ISACTIVE="1" /><STEAD ID="74201171" OBJECTID="174979944" OBJECTGUID="9a4544ca-b908-4261-b2cd-4a27989b3af3" CHANGEID="689795945" NUMBER="57б" OPERTYPEID="10" PREVID="0" NEXTID="0" UPDATEDATE="2025-10-01" STARTDATE="2025-10-01" ENDDATE="2079-06-06" ISACTUAL="1" ISACTIVE="1" /><STEAD ID="74201175" OBJECTID="174979949" OBJECTGUID="951da2f4-36a1-4d5f-99b1-73427fb36d1a" CHANGEID="689795951" NUMBER="71" OPERTYPEID="10" PREVID="0" NEXTID="0" UPDATEDATE="2025-10-01" STARTDATE="2025-10-01" ENDDATE="2079-06-06" ISACTUAL="1" ISACTIVE="1" /><STEAD ID="74201178" OBJECTID="174979978" OBJECTGUID="022d9057-f7b7-4957-b38f-23cc940b6798" CHANGEID="689795984" NUMBER="413а" OPERTYPEID="10" PREVID="0" NEXTID="0" UPDATEDATE="2025-10-01" STARTDATE="2025-10-01" ENDDATE="2079-06-06" ISACTUAL="1" ISACTIVE="1" /><STEAD ID="74201189" OBJECTID="174980009" OBJECTGUID="08d49458-eb9d-429e-b098-022902f6784c" CHANGEID="689796019" NUMBER="117" OPERTYPEID="10" PREVID="0" NEXTID="0" UPDATEDATE="2025-10-01" STARTDATE="2025-10-01" ENDDATE="2079-06-06" ISACTUAL="1" ISACTIVE="1" /><STEAD ID="74202856" OBJECTID="174983547" OBJECTGUID="9e9a648f-c745-4343-964c-1483ac1868c9" CHANGEID="689803500" NUMBER="12А" OPERTYPEID="10" PREVID="0" NEXTID="0" UPDATEDATE="2025-10-01" STARTDATE="2025-10-01" ENDDATE="2079-06-06" ISACTUAL="1" ISACTIVE="1" /><STEAD ID="74203630" OBJECTID="174984920" OBJECTGUID="85fd3cca-fd71-45a7-be35-32e1d114d93b" CHANGEID="689807029" NUMBER="3" OPERTYPEID="10" PREVID="0" NEXTID="0" UPDATEDATE="2025-10-01" STARTDATE="2025-10-01" ENDDATE="2079-06-06" ISACTUAL="1" ISACTIVE="1" /><STEAD ID="74205291" OBJECTID="174987453" OBJECTGUID="bfe13014-835b-4b6f-91da-e2b39383bf90" CHANGEID="689811690" NUMBER="3А" OPERTYPEID="10" PREVID="0" NEXTID="0" UPDATEDATE="2025-10-01" STARTDATE="2025-10-01" ENDDATE="2079-06-06" ISACTUAL="1" ISACTIVE="1" /><STEAD ID="74205752" OBJECTID="174988785" OBJECTGUID="56b3276c-dc1c-4657-9904-5d42d0804c09" CHANGEID="689813708" NUMBER="20" OPERTYPEID="10" PREVID="0" NEXTID="0" UPDATEDATE="2025-10-01" STARTDATE="2025-10-01" ENDDATE="2079-06-06" ISACTUAL="1" ISACTIVE="1" /><STEAD ID="74205753" OBJECTID="174988786" OBJECTGUID="b2124d04-ea19-49c3-97fa-6c880274d86a" CHANGEID="689813709" NUMBER="18" OPERTYPEID="10" PREVID="0" NEXTID="0" UPDATEDATE="2025-10-01" STARTDATE="2025-10-01" ENDDATE="2079-06-06" ISACTUAL="1" ISACTIVE="1" /><STEAD ID="74205754" OBJECTID="174988787" OBJECTGUID="03cedade-acb1-4220-aa2b-41719e7dd9ab" CHANGEID="689813710" NUMBER="16" OPERTYPEID="10" PREVID="0" NEXTID="0" UPDATEDATE="2025-10-01" STARTDATE="2025-10-01" ENDDATE="2079-06-06" ISACTUAL="1" ISACTIVE="1" /><STEAD ID="74205755" OBJECTID="174988788" OBJECTGUID="315277a7-60f7-4eca-94c5-1bf108590984" CHANGEID="689813711" NUMBER="10" OPERTYPEID="10" PREVID="0" NEXTID="0" UPDATEDATE="2025-10-01" STARTDATE="2025-10-01" ENDDATE="2079-06-06" ISACTUAL="1" ISACTIVE="1" /><STEAD ID="74205758" OBJECTID="174988793" OBJECTGUID="788c10fa-b4d5-4e2d-bb14-831f515fdd79" CHANGEID="689813761" NUMBER="10" OPERTYPEID="10" PREVID="0" NEXTID="0" UPDATEDATE="2025-10-01" STARTDATE="2025-10-01" ENDDATE="2079-06-06" ISACTUAL="1" ISACTIVE="1" /><STEAD ID="74205852" OBJECTID="174989185" OBJECTGUID="a4444b6c-3dbe-41b3-a34a-5ee5e4065521" CHANGEID="689814425" NUMBER="1Б" OPERTYPEID="10" PREVID="0" NEXTID="0" UPDATEDATE="2025-10-01" STARTDATE="2025-10-01" ENDDATE="2079-06-06" ISACTUAL="1" ISACTIVE="1" /><STEAD ID="74206021" OBJECTID="174989714" OBJECTGUID="e9761871-1987-400d-a07f-5bbf6defdba8" CHANGEID="689815572" NUMBER="339" OPERTYPEID="10" PREVID="0" NEXTID="0" UPDATEDATE="2025-10-01" STARTDATE="2025-10-01" ENDDATE="2079-06-06" ISACTUAL="1" ISACTIVE="1" /><STEAD ID="74206089" OBJECTID="174989888" OBJECTGUID="5656c919-1e5f-4cf2-9956-71745c63b494" CHANGEID="689816169" NUMBER="20" OPERTYPEID="10" PREVID="0" NEXTID="0" UPDATEDATE="2025-10-01" STARTDATE="2025-10-01" ENDDATE="2079-06-06" ISACTUAL="1" ISACTIVE="1" /><STEAD ID="74206913" OBJECTID="174991763" OBJECTGUID="6780bdf7-1bc8-4f22-9273-c2ce28f3336e" CHANGEID="689819662" NUMBER="25" OPERTYPEID="10" PREVID="0" NEXTID="0" UPDATEDATE="2025-10-01" STARTDATE="2025-10-01" ENDDATE="2079-06-06" ISACTUAL="1" ISACTIVE="1" /><STEAD ID="74206919" OBJECTID="174991785" OBJECTGUID="ce486c34-8277-45af-83a4-d9c2dcbc4c0a" CHANGEID="689819707" NUMBER="8" OPERTYPEID="10" PREVID="0" NEXTID="0" UPDATEDATE="2025-10-01" STARTDATE="2025-10-01" ENDDATE="2079-06-06" ISACTUAL="1" ISACTIVE="1" /><STEAD ID="74206932" OBJECTID="174991820" OBJECTGUID="c441a0df-dc25-4a95-8bde-b758f895ed0f" CHANGEID="689819755" NUMBER="13а" OPERTYPEID="10" PREVID="0" NEXTID="0" UPDATEDATE="2025-10-01" STARTDATE="2025-10-01" ENDDATE="2079-06-06" ISACTUAL="1" ISACTIVE="1" /><STEAD ID="74206938" OBJECTID="174991827" OBJECTGUID="bab71a7f-d812-41ae-b4c7-2118b941d935" CHANGEID="689819775" NUMBER="28" OPERTYPEID="10" PREVID="0" NEXTID="0" UPDATEDATE="2025-10-01" STARTDATE="2025-10-01" ENDDATE="2079-06-06" ISACTUAL="1" ISACTIVE="1" /><STEAD ID="74206916" OBJECTID="174991776" OBJECTGUID="ed1b4f0a-34b3-4bd5-becd-072d314bf38e" CHANGEID="689819690" NUMBER="7" OPERTYPEID="10" PREVID="0" NEXTID="0" UPDATEDATE="2025-10-01" STARTDATE="2025-10-01" ENDDATE="2079-06-06" ISACTUAL="1" ISACTIVE="1" /><STEAD ID="74206929" OBJECTID="174991813" OBJECTGUID="5fc87300-adaa-4cb7-8d01-9bafa5bb9bdd" CHANGEID="689819744" NUMBER="22" OPERTYPEID="10" PREVID="0" NEXTID="0" UPDATEDATE="2025-10-01" STARTDATE="2025-10-01" ENDDATE="2079-06-06" ISACTUAL="1" ISACTIVE="1" /><STEAD ID="74206930" OBJECTID="174991815" OBJECTGUID="19e4fdd5-0eb6-4204-8081-f85838e36371" CHANGEID="689819746" NUMBER="23" OPERTYPEID="10" PREVID="0" NEXTID="0" UPDATEDATE="2025-10-01" STARTDATE="2025-10-01" ENDDATE="2079-06-06" ISACTUAL="1" ISACTIVE="1" /><STEAD ID="74206933" OBJECTID="174991822" OBJECTGUID="4d8d604a-7da4-47cc-a8a5-1fea89b5c404" CHANGEID="689819762" NUMBER="47" OPERTYPEID="10" PREVID="0" NEXTID="0" UPDATEDATE="2025-10-01" STARTDATE="2025-10-01" ENDDATE="2079-06-06" ISACTUAL="1" ISACTIVE="1" /><STEAD ID="74206936" OBJECTID="174991825" OBJECTGUID="71aa4621-067d-4403-a2a8-c164f4c3a658" CHANGEID="689819770" NUMBER="30" OPERTYPEID="10" PREVID="0" NEXTID="0" UPDATEDATE="2025-10-01" STARTDATE="2025-10-01" ENDDATE="2079-06-06" ISACTUAL="1" ISACTIVE="1" /><STEAD ID="74207149" OBJECTID="174992135" OBJECTGUID="d9c4ccf9-1e7b-46db-ae0b-3656a9bf7c7c" CHANGEID="689820158" NUMBER="13а" OPERTYPEID="10" PREVID="0" NEXTID="0" UPDATEDATE="2025-10-01" STARTDATE="2025-10-01" ENDDATE="2079-06-06" ISACTUAL="1" ISACTIVE="1" /><STEAD ID="74207159" OBJECTID="100901359" OBJECTGUID="9b9a341e-1ebd-4ed8-886e-1e38c7110e3a" CHANGEID="689820173" NUMBER="2" OPERTYPEID="30" PREVID="13977248" NEXTID="0" UPDATEDATE="2025-10-01" STARTDATE="2025-10-01" ENDDATE="2079-06-06" ISACTUAL="1" ISACTIVE="0" /><STEAD ID="74207379" OBJECTID="174992664" OBJECTGUID="0cfc316a-bf0e-4423-85a4-49fc358b8568" CHANGEID="689824850" NUMBER="175" OPERTYPEID="10" PREVID="0" NEXTID="0" UPDATEDATE="2025-10-01" STARTDATE="2025-10-01" ENDDATE="2079-06-06" ISACTUAL="1" ISACTIVE="1" /><STEAD ID="74207394" OBJECTID="174992684" OBJECTGUID="bab266a2-13b9-430d-87fb-3538faadc4b1" CHANGEID="689824879" NUMBER="2" OPERTYPEID="10" PREVID="0" NEXTID="0" UPDATEDATE="2025-10-01" STARTDATE="2025-10-01" ENDDATE="2079-06-06" ISACTUAL="1" ISACTIVE="1" /></STEADS>