﻿<?xml version="1.0" encoding="utf-8"?><HOUSES><HOUSE ID="58255660" OBJECTID="74694053" OBJECTGUID="6109ced3-fa21-45cc-b2a5-e234e53efe0e" CHANGEID="111156191" HOUSENUM="38" HOUSETYPE="2" OPERTYPEID="20" PREVID="45097332" NEXTID="129165960" UPDATEDATE="2025-09-29" STARTDATE="2017-02-14" ENDDATE="2025-09-29" ISACTUAL="0" ISACTIVE="0" /><HOUSE ID="59316333" OBJECTID="22417025" OBJECTGUID="700659a5-3a1c-41d5-9919-537d4bbb1522" CHANGEID="34945850" HOUSENUM="18" HOUSETYPE="2" OPERTYPEID="20" PREVID="13222743" NEXTID="129166327" UPDATEDATE="2025-09-29" STARTDATE="2017-02-14" ENDDATE="2025-09-29" ISACTUAL="0" ISACTIVE="0" /><HOUSE ID="60407333" OBJECTID="57469859" OBJECTGUID="7f665a6d-7707-453d-874c-66eafbc3962b" CHANGEID="85919390" HOUSENUM="6" HOUSETYPE="2" OPERTYPEID="20" PREVID="34392449" NEXTID="129175546" UPDATEDATE="2025-09-30" STARTDATE="2017-02-14" ENDDATE="2025-09-30" ISACTUAL="0" ISACTIVE="0" /><HOUSE ID="62298115" OBJECTID="28285305" OBJECTGUID="9a17e744-ee8f-4bda-9779-c35a303c8b2f" CHANGEID="43510518" HOUSENUM="1А" HOUSETYPE="2" OPERTYPEID="20" PREVID="16787266" NEXTID="129165967" UPDATEDATE="2025-09-29" STARTDATE="2017-02-14" ENDDATE="2025-09-29" ISACTUAL="0" ISACTIVE="0" /><HOUSE ID="64852927" OBJECTID="18075879" OBJECTGUID="be2605ab-4c8a-4d84-ba41-83225577051c" CHANGEID="28493322" HOUSENUM="31" HOUSETYPE="2" OPERTYPEID="20" PREVID="10416874" NEXTID="129175896" UPDATEDATE="2025-09-30" STARTDATE="2017-02-14" ENDDATE="2025-09-30" ISACTUAL="0" ISACTIVE="0" /><HOUSE ID="65096620" OBJECTID="18079601" OBJECTGUID="c19b0a7b-b787-4dcd-acec-a610a37ccffa" CHANGEID="28499541" HOUSENUM="25" HOUSETYPE="2" OPERTYPEID="20" PREVID="10419295" NEXTID="129175897" UPDATEDATE="2025-09-30" STARTDATE="2017-02-14" ENDDATE="2025-09-30" ISACTUAL="0" ISACTIVE="0" /><HOUSE ID="65107618" OBJECTID="18088023" OBJECTGUID="c1bf4430-3301-4f92-a760-28e16874f2c7" CHANGEID="28511089" HOUSENUM="30" HOUSETYPE="2" OPERTYPEID="20" PREVID="10424520" NEXTID="129175898" UPDATEDATE="2025-09-30" STARTDATE="2017-02-14" ENDDATE="2025-09-30" ISACTUAL="0" ISACTIVE="0" /><HOUSE ID="66577128" OBJECTID="57440543" OBJECTGUID="d6824017-71ea-484b-8d2f-4b815e0287a7" CHANGEID="85882076" HOUSENUM="15" HOUSETYPE="2" OPERTYPEID="20" PREVID="34381267" NEXTID="129175545" UPDATEDATE="2025-09-30" STARTDATE="2017-02-14" ENDDATE="2025-09-30" ISACTUAL="0" ISACTIVE="0" /><HOUSE ID="66750866" OBJECTID="16845946" OBJECTGUID="d8f78bb4-7d42-437f-96d8-fc2108c00e97" CHANGEID="26671696" HOUSENUM="12" HOUSETYPE="2" OPERTYPEID="20" PREVID="9617150" NEXTID="129186136" UPDATEDATE="2025-10-01" STARTDATE="2012-01-01" ENDDATE="2025-10-01" ISACTUAL="0" ISACTIVE="0" /><HOUSE ID="67168117" OBJECTID="37783347" OBJECTGUID="dee03747-aa6a-48a2-b8ac-166e5edcb00b" CHANGEID="57305448" HOUSENUM="3" HOUSETYPE="2" OPERTYPEID="20" PREVID="22545944" NEXTID="129166332" UPDATEDATE="2025-09-29" STARTDATE="2017-02-14" ENDDATE="2025-09-29" ISACTUAL="0" ISACTIVE="0" /><HOUSE ID="67203124" OBJECTID="73770884" OBJECTGUID="df5cc769-577b-4651-a433-8f9114b3722b" CHANGEID="109820248" HOUSENUM="26" HOUSETYPE="2" OPERTYPEID="20" PREVID="44547707" NEXTID="129175894" UPDATEDATE="2025-09-30" STARTDATE="2017-02-14" ENDDATE="2025-09-30" ISACTUAL="0" ISACTIVE="0" /><HOUSE ID="67248363" OBJECTID="25062682" OBJECTGUID="e00173ea-991f-4c34-a852-b9dabb7c3111" CHANGEID="38803906" HOUSENUM="30" HOUSETYPE="2" OPERTYPEID="20" PREVID="14823293" NEXTID="129175745" UPDATEDATE="2025-09-30" STARTDATE="2017-02-14" ENDDATE="2025-09-30" ISACTUAL="0" ISACTIVE="0" /><HOUSE ID="67714183" OBJECTID="46488635" OBJECTGUID="e694377a-79bf-4e8b-9a59-0ad19591f4d5" CHANGEID="69973236" HOUSENUM="14" HOUSETYPE="2" OPERTYPEID="20" PREVID="27787980" NEXTID="129165959" UPDATEDATE="2025-09-29" STARTDATE="2017-02-14" ENDDATE="2025-09-29" ISACTUAL="0" ISACTIVE="0" /><HOUSE ID="68839103" OBJECTID="22415961" OBJECTGUID="f67a374f-afc9-4e6b-be76-22e0130e2c53" CHANGEID="34945515" HOUSENUM="20" HOUSETYPE="2" OPERTYPEID="20" PREVID="13222075" NEXTID="129166329" UPDATEDATE="2025-09-29" STARTDATE="2017-02-14" ENDDATE="2025-09-29" ISACTUAL="0" ISACTIVE="0" /><HOUSE ID="2810426" OBJECTID="6074911" OBJECTGUID="2c7264d1-b0bc-47a2-a604-8b6e85740707" CHANGEID="10781266" HOUSENUM="17" HOUSETYPE="2" OPERTYPEID="10" PREVID="0" NEXTID="129186132" UPDATEDATE="2025-10-01" STARTDATE="1900-01-01" ENDDATE="2025-10-01" ISACTUAL="0" ISACTIVE="0" /><HOUSE ID="37828977" OBJECTID="62905840" OBJECTGUID="fdba03e3-d494-4067-aebd-1da1de719361" CHANGEID="93907586" HOUSENUM="56" HOUSETYPE="2" OPERTYPEID="10" PREVID="0" NEXTID="129165699" UPDATEDATE="2025-09-29" STARTDATE="2015-07-01" ENDDATE="2025-09-29" ISACTUAL="0" ISACTIVE="0" /><HOUSE ID="51391654" OBJECTID="57432256" OBJECTGUID="002a027a-5ac1-4e2d-ae3c-207dd1c87f36" CHANGEID="85870191" HOUSENUM="38" HOUSETYPE="2" OPERTYPEID="20" PREVID="34376785" NEXTID="129175544" UPDATEDATE="2025-09-30" STARTDATE="2017-02-14" ENDDATE="2025-09-30" ISACTUAL="0" ISACTIVE="0" /><HOUSE ID="51562750" OBJECTID="57431182" OBJECTGUID="029528d8-4dbd-4bd4-804e-1f015c523e2a" CHANGEID="85869518" HOUSENUM="16а" HOUSETYPE="2" OPERTYPEID="20" PREVID="34376429" NEXTID="129175543" UPDATEDATE="2025-09-30" STARTDATE="2017-02-14" ENDDATE="2025-09-30" ISACTUAL="0" ISACTIVE="0" /><HOUSE ID="51731090" OBJECTID="74696329" OBJECTGUID="04efa60e-a78a-4d94-986c-2b23e848e2ec" CHANGEID="111158685" HOUSENUM="6" HOUSETYPE="2" OPERTYPEID="20" PREVID="45098638" NEXTID="129165962" UPDATEDATE="2025-09-29" STARTDATE="2017-02-14" ENDDATE="2025-09-29" ISACTUAL="0" ISACTIVE="0" /><HOUSE ID="52790979" OBJECTID="57470006" OBJECTGUID="13ea934a-1513-46d6-be22-719f8016c17d" CHANGEID="85920295" HOUSENUM="21" HOUSETYPE="2" OPERTYPEID="20" PREVID="34392766" NEXTID="129175547" UPDATEDATE="2025-09-30" STARTDATE="2017-02-14" ENDDATE="2025-09-30" ISACTUAL="0" ISACTIVE="0" /><HOUSE ID="129164202" OBJECTID="174908902" OBJECTGUID="9fa7b792-6a3a-4278-9916-3e0ce3834e21" CHANGEID="689622889" HOUSENUM="22" HOUSETYPE="2" OPERTYPEID="10" PREVID="0" NEXTID="0" UPDATEDATE="2025-09-29" STARTDATE="2025-09-29" ENDDATE="2079-06-06" ISACTUAL="1" ISACTIVE="1" /><HOUSE ID="129164212" OBJECTID="174909117" OBJECTGUID="175b48cb-a3e5-43e2-93a2-611a2fe063dd" CHANGEID="689623133" HOUSENUM="211" HOUSETYPE="2" OPERTYPEID="10" PREVID="0" NEXTID="0" UPDATEDATE="2025-09-29" STARTDATE="2025-09-29" ENDDATE="2079-06-06" ISACTUAL="1" ISACTIVE="1" /><HOUSE ID="129164262" OBJECTID="174909235" OBJECTGUID="d4cf3563-d04b-4f28-912f-9fbe5fb1a7d9" CHANGEID="689623369" HOUSENUM="6а" HOUSETYPE="2" OPERTYPEID="10" PREVID="0" NEXTID="0" UPDATEDATE="2025-09-29" STARTDATE="2025-09-29" ENDDATE="2079-06-06" ISACTUAL="1" ISACTIVE="1" /><HOUSE ID="129164285" OBJECTID="46337341" OBJECTGUID="f49c0b76-8aa1-4cb1-ae21-c97ddd2bc03a" CHANGEID="689623705" HOUSENUM="1" HOUSETYPE="2" OPERTYPEID="30" PREVID="27688849" NEXTID="0" UPDATEDATE="2025-09-29" STARTDATE="2025-09-29" ENDDATE="2079-06-06" ISACTUAL="1" ISACTIVE="0" /><HOUSE ID="27688849" OBJECTID="46337341" OBJECTGUID="f49c0b76-8aa1-4cb1-ae21-c97ddd2bc03a" CHANGEID="69752762" HOUSENUM="1" HOUSETYPE="2" OPERTYPEID="10" PREVID="0" NEXTID="129164285" UPDATEDATE="2025-09-29" STARTDATE="2010-08-06" ENDDATE="2025-09-29" ISACTUAL="0" ISACTIVE="0" /><HOUSE ID="129164286" OBJECTID="174909597" OBJECTGUID="fd62f0fc-f757-4374-ad25-d0d673fe448b" CHANGEID="689623845" HOUSENUM="5" HOUSETYPE="2" OPERTYPEID="10" PREVID="0" NEXTID="0" UPDATEDATE="2025-09-29" STARTDATE="2025-09-29" ENDDATE="2079-06-06" ISACTUAL="1" ISACTIVE="1" /><HOUSE ID="129164320" OBJECTID="174909994" OBJECTGUID="452eef71-3548-437c-a52d-f5b7b90a5d63" CHANGEID="689624515" HOUSENUM="54" HOUSETYPE="2" OPERTYPEID="10" PREVID="0" NEXTID="0" UPDATEDATE="2025-09-29" STARTDATE="2025-09-29" ENDDATE="2079-06-06" ISACTUAL="1" ISACTIVE="1" /><HOUSE ID="129164464" OBJECTID="174910821" OBJECTGUID="9f0a1324-5858-4c4d-a842-7bc0dd0b3837" CHANGEID="689626330" HOUSENUM="1" HOUSETYPE="2" OPERTYPEID="10" PREVID="0" NEXTID="0" UPDATEDATE="2025-09-29" STARTDATE="2025-09-29" ENDDATE="2079-06-06" ISACTUAL="1" ISACTIVE="1" /><HOUSE ID="129164877" OBJECTID="174912158" OBJECTGUID="7fcb11b0-eb8f-42ab-afc0-1ae9a702d6ad" CHANGEID="689630059" HOUSENUM="1" HOUSETYPE="2" OPERTYPEID="10" PREVID="0" NEXTID="0" UPDATEDATE="2025-09-29" STARTDATE="2025-09-29" ENDDATE="2079-06-06" ISACTUAL="1" ISACTIVE="1" /><HOUSE ID="129165624" OBJECTID="174914016" OBJECTGUID="ab616575-9b63-44e4-b0ce-4bdf80dd5521" CHANGEID="689634745" HOUSENUM="3" HOUSETYPE="2" OPERTYPEID="10" PREVID="0" NEXTID="0" UPDATEDATE="2025-09-29" STARTDATE="2025-09-29" ENDDATE="2079-06-06" ISACTUAL="1" ISACTIVE="1" /><HOUSE ID="129165699" OBJECTID="62905840" OBJECTGUID="fdba03e3-d494-4067-aebd-1da1de719361" CHANGEID="689635021" HOUSENUM="56" HOUSETYPE="2" OPERTYPEID="30" PREVID="37828977" NEXTID="0" UPDATEDATE="2025-09-29" STARTDATE="2025-09-29" ENDDATE="2079-06-06" ISACTUAL="1" ISACTIVE="0" /><HOUSE ID="129165717" OBJECTID="174914243" OBJECTGUID="2a4031b7-9a26-4fb3-9069-79712df3af83" CHANGEID="689635107" HOUSENUM="41/21" HOUSETYPE="2" OPERTYPEID="10" PREVID="0" NEXTID="0" UPDATEDATE="2025-09-29" STARTDATE="2025-09-29" ENDDATE="2079-06-06" ISACTUAL="1" ISACTIVE="1" /><HOUSE ID="129165727" OBJECTID="174914259" OBJECTGUID="39eadbf0-b997-4b83-92ca-98d4ea19a096" CHANGEID="689635134" HOUSENUM="86а" HOUSETYPE="2" OPERTYPEID="10" PREVID="0" NEXTID="0" UPDATEDATE="2025-09-29" STARTDATE="2025-09-29" ENDDATE="2079-06-06" ISACTUAL="1" ISACTIVE="1" /><HOUSE ID="129165949" OBJECTID="174915253" OBJECTGUID="8611bb3f-613d-461b-988b-4796730e517e" CHANGEID="689637082" HOUSENUM="21а" HOUSETYPE="2" OPERTYPEID="10" PREVID="0" NEXTID="0" UPDATEDATE="2025-09-29" STARTDATE="2025-09-29" ENDDATE="2079-06-06" ISACTUAL="1" ISACTIVE="1" /><HOUSE ID="129165959" OBJECTID="46488635" OBJECTGUID="e694377a-79bf-4e8b-9a59-0ad19591f4d5" CHANGEID="689637252" HOUSENUM="14" HOUSETYPE="2" OPERTYPEID="30" PREVID="67714183" NEXTID="0" UPDATEDATE="2025-09-29" STARTDATE="2025-09-29" ENDDATE="2079-06-06" ISACTUAL="1" ISACTIVE="0" /><HOUSE ID="129165960" OBJECTID="74694053" OBJECTGUID="6109ced3-fa21-45cc-b2a5-e234e53efe0e" CHANGEID="689637263" HOUSENUM="38" HOUSETYPE="2" OPERTYPEID="30" PREVID="58255660" NEXTID="0" UPDATEDATE="2025-09-29" STARTDATE="2025-09-29" ENDDATE="2079-06-06" ISACTUAL="1" ISACTIVE="0" /><HOUSE ID="129165962" OBJECTID="74696329" OBJECTGUID="04efa60e-a78a-4d94-986c-2b23e848e2ec" CHANGEID="689637269" HOUSENUM="6" HOUSETYPE="2" OPERTYPEID="30" PREVID="51731090" NEXTID="0" UPDATEDATE="2025-09-29" STARTDATE="2025-09-29" ENDDATE="2079-06-06" ISACTUAL="1" ISACTIVE="0" /><HOUSE ID="129165964" OBJECTID="77217322" OBJECTGUID="a998f540-7c21-4964-a47a-f5f23f5b510c" CHANGEID="689637275" HOUSENUM="12" HOUSETYPE="2" OPERTYPEID="30" PREVID="63396497" NEXTID="0" UPDATEDATE="2025-09-29" STARTDATE="2025-09-29" ENDDATE="2079-06-06" ISACTUAL="1" ISACTIVE="0" /><HOUSE ID="63396497" OBJECTID="77217322" OBJECTGUID="a998f540-7c21-4964-a47a-f5f23f5b510c" CHANGEID="114840613" HOUSENUM="12" HOUSETYPE="2" OPERTYPEID="20" PREVID="46661965" NEXTID="129165964" UPDATEDATE="2025-09-29" STARTDATE="2017-02-14" ENDDATE="2025-09-29" ISACTUAL="0" ISACTIVE="0" /><HOUSE ID="129165967" OBJECTID="28285305" OBJECTGUID="9a17e744-ee8f-4bda-9779-c35a303c8b2f" CHANGEID="689637284" HOUSENUM="1А" HOUSETYPE="2" OPERTYPEID="30" PREVID="62298115" NEXTID="0" UPDATEDATE="2025-09-29" STARTDATE="2025-09-29" ENDDATE="2079-06-06" ISACTUAL="1" ISACTIVE="0" /><HOUSE ID="129165972" OBJECTID="18088256" OBJECTGUID="3eb230ca-1e5c-4a2c-97eb-b1a296d14758" CHANGEID="689637302" HOUSENUM="27" HOUSETYPE="2" OPERTYPEID="30" PREVID="55822132" NEXTID="0" UPDATEDATE="2025-09-29" STARTDATE="2025-09-29" ENDDATE="2079-06-06" ISACTUAL="1" ISACTIVE="0" /><HOUSE ID="55822132" OBJECTID="18088256" OBJECTGUID="3eb230ca-1e5c-4a2c-97eb-b1a296d14758" CHANGEID="28512135" HOUSENUM="27" HOUSETYPE="2" OPERTYPEID="20" PREVID="10424651" NEXTID="129165972" UPDATEDATE="2025-09-29" STARTDATE="2017-02-14" ENDDATE="2025-09-29" ISACTUAL="0" ISACTIVE="0" /><HOUSE ID="129165977" OBJECTID="63000185" OBJECTGUID="0accbe76-764e-4d71-be1c-a1d4959dff89" CHANGEID="689637326" HOUSENUM="44А" HOUSETYPE="2" OPERTYPEID="30" PREVID="52147512" NEXTID="0" UPDATEDATE="2025-09-29" STARTDATE="2025-09-29" ENDDATE="2079-06-06" ISACTUAL="1" ISACTIVE="0" /><HOUSE ID="52147512" OBJECTID="63000185" OBJECTGUID="0accbe76-764e-4d71-be1c-a1d4959dff89" CHANGEID="94042695" HOUSENUM="44А" HOUSETYPE="2" OPERTYPEID="20" PREVID="37886536" NEXTID="129165977" UPDATEDATE="2025-09-29" STARTDATE="2017-02-14" ENDDATE="2025-09-29" ISACTUAL="0" ISACTIVE="0" /><HOUSE ID="129166327" OBJECTID="22417025" OBJECTGUID="700659a5-3a1c-41d5-9919-537d4bbb1522" CHANGEID="689640173" HOUSENUM="18" HOUSETYPE="2" OPERTYPEID="30" PREVID="59316333" NEXTID="0" UPDATEDATE="2025-09-29" STARTDATE="2025-09-29" ENDDATE="2079-06-06" ISACTUAL="1" ISACTIVE="0" /><HOUSE ID="129166329" OBJECTID="22415961" OBJECTGUID="f67a374f-afc9-4e6b-be76-22e0130e2c53" CHANGEID="689640177" HOUSENUM="20" HOUSETYPE="2" OPERTYPEID="30" PREVID="68839103" NEXTID="0" UPDATEDATE="2025-09-29" STARTDATE="2025-09-29" ENDDATE="2079-06-06" ISACTUAL="1" ISACTIVE="0" /><HOUSE ID="129166332" OBJECTID="37783347" OBJECTGUID="dee03747-aa6a-48a2-b8ac-166e5edcb00b" CHANGEID="689640194" HOUSENUM="3" HOUSETYPE="2" OPERTYPEID="30" PREVID="67168117" NEXTID="0" UPDATEDATE="2025-09-29" STARTDATE="2025-09-29" ENDDATE="2079-06-06" ISACTUAL="1" ISACTIVE="0" /><HOUSE ID="129166901" OBJECTID="174918863" OBJECTGUID="8d9543e2-ea03-4282-8847-68bdbb58b348" CHANGEID="689644366" HOUSENUM="8" HOUSETYPE="2" OPERTYPEID="10" PREVID="0" NEXTID="0" UPDATEDATE="2025-09-29" STARTDATE="2025-09-29" ENDDATE="2079-06-06" ISACTUAL="1" ISACTIVE="1" /><HOUSE ID="129167282" OBJECTID="174920108" OBJECTGUID="f8ff34fa-8648-4e74-83b9-9808876ac7cb" CHANGEID="689646296" HOUSENUM="41" HOUSETYPE="2" OPERTYPEID="10" PREVID="0" NEXTID="0" UPDATEDATE="2025-09-29" STARTDATE="2025-09-29" ENDDATE="2079-06-06" ISACTUAL="1" ISACTIVE="1" /><HOUSE ID="129167298" OBJECTID="174920171" OBJECTGUID="f78c711c-8794-4dc4-a2c8-fccd9a9b025a" CHANGEID="689646408" HOUSENUM="32" HOUSETYPE="2" OPERTYPEID="10" PREVID="0" NEXTID="0" UPDATEDATE="2025-09-29" STARTDATE="2025-09-29" ENDDATE="2079-06-06" ISACTUAL="1" ISACTIVE="1" /><HOUSE ID="129167314" OBJECTID="174920233" OBJECTGUID="eeae2c75-04dd-41e9-8e7e-5b03b41c677d" CHANGEID="689646526" HOUSENUM="3е" HOUSETYPE="2" OPERTYPEID="10" PREVID="0" NEXTID="0" UPDATEDATE="2025-09-29" STARTDATE="2025-09-29" ENDDATE="2079-06-06" ISACTUAL="1" ISACTIVE="1" /><HOUSE ID="129175290" OBJECTID="174945296" OBJECTGUID="fbcbcc22-74d5-419c-9688-f644d878b022" CHANGEID="689701437" HOUSENUM="32/1" HOUSETYPE="2" OPERTYPEID="10" PREVID="0" NEXTID="0" UPDATEDATE="2025-09-30" STARTDATE="2025-09-30" ENDDATE="2079-06-06" ISACTUAL="1" ISACTIVE="1" /><HOUSE ID="129175291" OBJECTID="58016273" OBJECTGUID="90ddf099-f285-480b-9278-04b08979dd1f" CHANGEID="689701438" HOUSENUM="9" HOUSETYPE="2" OPERTYPEID="30" PREVID="34734695" NEXTID="0" UPDATEDATE="2025-09-30" STARTDATE="2025-09-30" ENDDATE="2079-06-06" ISACTUAL="1" ISACTIVE="0" /><HOUSE ID="34734695" OBJECTID="58016273" OBJECTGUID="90ddf099-f285-480b-9278-04b08979dd1f" CHANGEID="86722056" HOUSENUM="9" HOUSETYPE="2" OPERTYPEID="10" PREVID="0" NEXTID="129175291" UPDATEDATE="2025-09-30" STARTDATE="2010-04-20" ENDDATE="2025-09-30" ISACTUAL="0" ISACTIVE="0" /><HOUSE ID="129175428" OBJECTID="174946018" OBJECTGUID="4b95ac13-d803-4a86-bc0c-f91ed9ede7da" CHANGEID="689702941" HOUSENUM="6" HOUSETYPE="2" OPERTYPEID="10" PREVID="0" NEXTID="0" UPDATEDATE="2025-09-30" STARTDATE="2025-09-30" ENDDATE="2079-06-06" ISACTUAL="1" ISACTIVE="1" /><HOUSE ID="129175431" OBJECTID="174946035" OBJECTGUID="99b7a656-6347-4029-b466-c34f5ecd2dac" CHANGEID="689702963" HOUSENUM="28" HOUSETYPE="2" OPERTYPEID="10" PREVID="0" NEXTID="0" UPDATEDATE="2025-09-30" STARTDATE="2025-09-30" ENDDATE="2079-06-06" ISACTUAL="1" ISACTIVE="1" /><HOUSE ID="129175542" OBJECTID="174946373" OBJECTGUID="8fdd7e1d-e4c8-4883-b037-17c18b812a30" CHANGEID="689703726" HOUSENUM="1А" HOUSETYPE="2" OPERTYPEID="10" PREVID="0" NEXTID="0" UPDATEDATE="2025-09-30" STARTDATE="2025-09-30" ENDDATE="2079-06-06" ISACTUAL="1" ISACTIVE="1" /><HOUSE ID="129175519" OBJECTID="174946210" OBJECTGUID="d103c399-9d1b-4f21-b5ce-602b63d1bc4e" CHANGEID="689703528" HOUSENUM="14" HOUSETYPE="2" OPERTYPEID="10" PREVID="0" NEXTID="0" UPDATEDATE="2025-09-30" STARTDATE="2025-09-30" ENDDATE="2079-06-06" ISACTUAL="1" ISACTIVE="1" /><HOUSE ID="129175522" OBJECTID="174946215" OBJECTGUID="3a61c775-557d-4480-9c9f-f18c62e26bf0" CHANGEID="689703540" HOUSENUM="6" HOUSETYPE="2" OPERTYPEID="10" PREVID="0" NEXTID="0" UPDATEDATE="2025-09-30" STARTDATE="2025-09-30" ENDDATE="2079-06-06" ISACTUAL="1" ISACTIVE="1" /><HOUSE ID="129175523" OBJECTID="174946216" OBJECTGUID="206e3a42-7052-4042-99c0-b6c266508781" CHANGEID="689703541" HOUSENUM="38" HOUSETYPE="2" OPERTYPEID="10" PREVID="0" NEXTID="0" UPDATEDATE="2025-09-30" STARTDATE="2025-09-30" ENDDATE="2079-06-06" ISACTUAL="1" ISACTIVE="1" /><HOUSE ID="129175543" OBJECTID="57431182" OBJECTGUID="029528d8-4dbd-4bd4-804e-1f015c523e2a" CHANGEID="689703735" HOUSENUM="16а" HOUSETYPE="2" OPERTYPEID="30" PREVID="51562750" NEXTID="0" UPDATEDATE="2025-09-30" STARTDATE="2025-09-30" ENDDATE="2079-06-06" ISACTUAL="1" ISACTIVE="0" /><HOUSE ID="129175544" OBJECTID="57432256" OBJECTGUID="002a027a-5ac1-4e2d-ae3c-207dd1c87f36" CHANGEID="689703736" HOUSENUM="38" HOUSETYPE="2" OPERTYPEID="30" PREVID="51391654" NEXTID="0" UPDATEDATE="2025-09-30" STARTDATE="2025-09-30" ENDDATE="2079-06-06" ISACTUAL="1" ISACTIVE="0" /><HOUSE ID="129175545" OBJECTID="57440543" OBJECTGUID="d6824017-71ea-484b-8d2f-4b815e0287a7" CHANGEID="689703737" HOUSENUM="15" HOUSETYPE="2" OPERTYPEID="30" PREVID="66577128" NEXTID="0" UPDATEDATE="2025-09-30" STARTDATE="2025-09-30" ENDDATE="2079-06-06" ISACTUAL="1" ISACTIVE="0" /><HOUSE ID="129175546" OBJECTID="57469859" OBJECTGUID="7f665a6d-7707-453d-874c-66eafbc3962b" CHANGEID="689703738" HOUSENUM="6" HOUSETYPE="2" OPERTYPEID="30" PREVID="60407333" NEXTID="0" UPDATEDATE="2025-09-30" STARTDATE="2025-09-30" ENDDATE="2079-06-06" ISACTUAL="1" ISACTIVE="0" /><HOUSE ID="129175547" OBJECTID="57470006" OBJECTGUID="13ea934a-1513-46d6-be22-719f8016c17d" CHANGEID="689703739" HOUSENUM="21" HOUSETYPE="2" OPERTYPEID="30" PREVID="52790979" NEXTID="0" UPDATEDATE="2025-09-30" STARTDATE="2025-09-30" ENDDATE="2079-06-06" ISACTUAL="1" ISACTIVE="0" /><HOUSE ID="129175741" OBJECTID="174947458" OBJECTGUID="53818564-572f-4dba-aa0d-a7c3ff73e780" CHANGEID="689705522" HOUSENUM="18" HOUSETYPE="2" OPERTYPEID="10" PREVID="0" NEXTID="0" UPDATEDATE="2025-09-30" STARTDATE="2025-09-30" ENDDATE="2079-06-06" ISACTUAL="1" ISACTIVE="1" /><HOUSE ID="129175742" OBJECTID="174947460" OBJECTGUID="480c35e8-909f-4162-b29a-4b4a175a22e6" CHANGEID="689705524" HOUSENUM="20" HOUSETYPE="2" OPERTYPEID="10" PREVID="0" NEXTID="0" UPDATEDATE="2025-09-30" STARTDATE="2025-09-30" ENDDATE="2079-06-06" ISACTUAL="1" ISACTIVE="1" /><HOUSE ID="129175745" OBJECTID="25062682" OBJECTGUID="e00173ea-991f-4c34-a852-b9dabb7c3111" CHANGEID="689705598" HOUSENUM="30" HOUSETYPE="2" OPERTYPEID="30" PREVID="67248363" NEXTID="0" UPDATEDATE="2025-09-30" STARTDATE="2025-09-30" ENDDATE="2079-06-06" ISACTUAL="1" ISACTIVE="0" /><HOUSE ID="129175746" OBJECTID="25085058" OBJECTGUID="61e9ef79-fc65-4e88-be81-f67260c9dbb4" CHANGEID="689705599" HOUSENUM="12" HOUSETYPE="2" OPERTYPEID="30" PREVID="58316814" NEXTID="0" UPDATEDATE="2025-09-30" STARTDATE="2025-09-30" ENDDATE="2079-06-06" ISACTUAL="1" ISACTIVE="0" /><HOUSE ID="58316814" OBJECTID="25085058" OBJECTGUID="61e9ef79-fc65-4e88-be81-f67260c9dbb4" CHANGEID="38837875" HOUSENUM="12" HOUSETYPE="2" OPERTYPEID="20" PREVID="14839038" NEXTID="129175746" UPDATEDATE="2025-09-30" STARTDATE="2017-02-14" ENDDATE="2025-09-30" ISACTUAL="0" ISACTIVE="0" /><HOUSE ID="129175890" OBJECTID="174947997" OBJECTGUID="08044e0a-c22f-42ab-82c9-7d8adaedd55c" CHANGEID="689706329" HOUSENUM="44А" HOUSETYPE="2" OPERTYPEID="10" PREVID="0" NEXTID="0" UPDATEDATE="2025-09-30" STARTDATE="2025-09-30" ENDDATE="2079-06-06" ISACTUAL="1" ISACTIVE="1" /><HOUSE ID="129175896" OBJECTID="18075879" OBJECTGUID="be2605ab-4c8a-4d84-ba41-83225577051c" CHANGEID="689706344" HOUSENUM="31" HOUSETYPE="2" OPERTYPEID="30" PREVID="64852927" NEXTID="0" UPDATEDATE="2025-09-30" STARTDATE="2025-09-30" ENDDATE="2079-06-06" ISACTUAL="1" ISACTIVE="0" /><HOUSE ID="129175897" OBJECTID="18079601" OBJECTGUID="c19b0a7b-b787-4dcd-acec-a610a37ccffa" CHANGEID="689706345" HOUSENUM="25" HOUSETYPE="2" OPERTYPEID="30" PREVID="65096620" NEXTID="0" UPDATEDATE="2025-09-30" STARTDATE="2025-09-30" ENDDATE="2079-06-06" ISACTUAL="1" ISACTIVE="0" /><HOUSE ID="129175898" OBJECTID="18088023" OBJECTGUID="c1bf4430-3301-4f92-a760-28e16874f2c7" CHANGEID="689706346" HOUSENUM="30" HOUSETYPE="2" OPERTYPEID="30" PREVID="65107618" NEXTID="0" UPDATEDATE="2025-09-30" STARTDATE="2025-09-30" ENDDATE="2079-06-06" ISACTUAL="1" ISACTIVE="0" /><HOUSE ID="129175887" OBJECTID="174947990" OBJECTGUID="97e7b995-09d3-4055-b94f-ba1d19b3b7bf" CHANGEID="689706316" HOUSENUM="27" HOUSETYPE="2" OPERTYPEID="10" PREVID="0" NEXTID="0" UPDATEDATE="2025-09-30" STARTDATE="2025-09-30" ENDDATE="2079-06-06" ISACTUAL="1" ISACTIVE="1" /><HOUSE ID="129175888" OBJECTID="174947991" OBJECTGUID="05f88aae-1277-4172-a1ec-391d863bc885" CHANGEID="689706320" HOUSENUM="3" HOUSETYPE="2" OPERTYPEID="10" PREVID="0" NEXTID="0" UPDATEDATE="2025-09-30" STARTDATE="2025-09-30" ENDDATE="2079-06-06" ISACTUAL="1" ISACTIVE="1" /><HOUSE ID="129175894" OBJECTID="73770884" OBJECTGUID="df5cc769-577b-4651-a433-8f9114b3722b" CHANGEID="689706338" HOUSENUM="26" HOUSETYPE="2" OPERTYPEID="30" PREVID="67203124" NEXTID="0" UPDATEDATE="2025-09-30" STARTDATE="2025-09-30" ENDDATE="2079-06-06" ISACTUAL="1" ISACTIVE="0" /><HOUSE ID="129175895" OBJECTID="73780251" OBJECTGUID="205accf4-b36a-45e6-bdb8-bb7cfc22a0cf" CHANGEID="689706339" HOUSENUM="6" HOUSETYPE="2" OPERTYPEID="30" PREVID="53671778" NEXTID="0" UPDATEDATE="2025-09-30" STARTDATE="2025-09-30" ENDDATE="2079-06-06" ISACTUAL="1" ISACTIVE="0" /><HOUSE ID="53671778" OBJECTID="73780251" OBJECTGUID="205accf4-b36a-45e6-bdb8-bb7cfc22a0cf" CHANGEID="109833192" HOUSENUM="6" HOUSETYPE="2" OPERTYPEID="20" PREVID="44552583" NEXTID="129175895" UPDATEDATE="2025-09-30" STARTDATE="2017-02-14" ENDDATE="2025-09-30" ISACTUAL="0" ISACTIVE="0" /><HOUSE ID="129176000" OBJECTID="174948376" OBJECTGUID="eade2e65-d639-4bbb-ab90-2c31cccdff91" CHANGEID="689707024" HOUSENUM="12" HOUSETYPE="2" OPERTYPEID="10" PREVID="0" NEXTID="0" UPDATEDATE="2025-09-30" STARTDATE="2025-09-30" ENDDATE="2079-06-06" ISACTUAL="1" ISACTIVE="1" /><HOUSE ID="129176263" OBJECTID="174948761" OBJECTGUID="03cb071f-fb27-4e34-940b-8a3cc53f6471" CHANGEID="689707653" HOUSENUM="7" HOUSETYPE="2" OPERTYPEID="10" PREVID="0" NEXTID="0" UPDATEDATE="2025-09-30" STARTDATE="2025-09-30" ENDDATE="2079-06-06" ISACTUAL="1" ISACTIVE="1" /><HOUSE ID="129177538" OBJECTID="174951674" OBJECTGUID="1d8307b3-a946-4cae-8732-bb1620d2fa0d" CHANGEID="689712905" HOUSENUM="2" HOUSETYPE="2" OPERTYPEID="10" PREVID="0" NEXTID="0" UPDATEDATE="2025-09-30" STARTDATE="2025-09-30" ENDDATE="2079-06-06" ISACTUAL="1" ISACTIVE="1" /><HOUSE ID="129178037" OBJECTID="174952898" OBJECTGUID="535880ad-6754-4150-b382-b6dcf64ce366" CHANGEID="689718362" HOUSENUM="37" HOUSETYPE="2" OPERTYPEID="10" PREVID="0" NEXTID="0" UPDATEDATE="2025-09-30" STARTDATE="2025-09-30" ENDDATE="2079-06-06" ISACTUAL="1" ISACTIVE="1" /><HOUSE ID="129178019" OBJECTID="174952845" OBJECTGUID="04b504a4-8561-4a1d-91e7-c97c25cea134" CHANGEID="689718281" HOUSENUM="26" HOUSETYPE="2" OPERTYPEID="10" PREVID="0" NEXTID="0" UPDATEDATE="2025-09-30" STARTDATE="2025-09-30" ENDDATE="2079-06-06" ISACTUAL="1" ISACTIVE="1" /><HOUSE ID="129178053" OBJECTID="174952945" OBJECTGUID="c5467cf6-3ce7-43f6-af99-cde4d666d6f8" CHANGEID="689718467" HOUSENUM="14" HOUSETYPE="2" OPERTYPEID="10" PREVID="0" NEXTID="0" UPDATEDATE="2025-09-30" STARTDATE="2025-09-30" ENDDATE="2079-06-06" ISACTUAL="1" ISACTIVE="1" /><HOUSE ID="129178066" OBJECTID="174952975" OBJECTGUID="9ad839e2-cda7-4bc8-a7db-dad962ce7688" CHANGEID="689718517" HOUSENUM="26А" HOUSETYPE="2" OPERTYPEID="10" PREVID="0" NEXTID="0" UPDATEDATE="2025-09-30" STARTDATE="2025-09-30" ENDDATE="2079-06-06" ISACTUAL="1" ISACTIVE="1" /><HOUSE ID="129178091" OBJECTID="174953042" OBJECTGUID="caceadd2-0b50-47fc-819d-bf4912dd87f5" CHANGEID="689718662" HOUSENUM="6" HOUSETYPE="2" OPERTYPEID="10" PREVID="0" NEXTID="0" UPDATEDATE="2025-09-30" STARTDATE="2025-09-30" ENDDATE="2079-06-06" ISACTUAL="1" ISACTIVE="1" /><HOUSE ID="129178871" OBJECTID="174955263" OBJECTGUID="5bfe84eb-00a8-48ce-93b5-61865cd5072f" CHANGEID="689723383" HOUSENUM="35" HOUSETYPE="2" OPERTYPEID="10" PREVID="0" NEXTID="0" UPDATEDATE="2025-09-30" STARTDATE="2025-09-30" ENDDATE="2079-06-06" ISACTUAL="1" ISACTIVE="1" /><HOUSE ID="129179231" OBJECTID="174956431" OBJECTGUID="4133ccc5-404b-4ee7-b4b9-5a0ab28ecf49" CHANGEID="689725685" HOUSENUM="10" HOUSETYPE="2" OPERTYPEID="10" PREVID="0" NEXTID="0" UPDATEDATE="2025-09-30" STARTDATE="2025-09-30" ENDDATE="2079-06-06" ISACTUAL="1" ISACTIVE="1" /><HOUSE ID="129183964" OBJECTID="174970905" OBJECTGUID="bfbb4931-9b93-4d89-8e1a-ee0c35a56934" CHANGEID="689777532" HOUSENUM="80/2" HOUSETYPE="2" OPERTYPEID="10" PREVID="0" NEXTID="0" UPDATEDATE="2025-10-01" STARTDATE="2025-10-01" ENDDATE="2079-06-06" ISACTUAL="1" ISACTIVE="1" /><HOUSE ID="129184981" OBJECTID="83375559" OBJECTGUID="40d98f6b-2974-4370-9564-7a07634cfb60" CHANGEID="689782993" HOUSENUM="8" HOUSETYPE="2" OPERTYPEID="30" PREVID="55975034" NEXTID="0" UPDATEDATE="2025-10-01" STARTDATE="2025-10-01" ENDDATE="2079-06-06" ISACTUAL="1" ISACTIVE="0" /><HOUSE ID="55975034" OBJECTID="83375559" OBJECTGUID="40d98f6b-2974-4370-9564-7a07634cfb60" CHANGEID="123850141" HOUSENUM="8" HOUSETYPE="2" OPERTYPEID="20" PREVID="50460911" NEXTID="129184981" UPDATEDATE="2025-10-01" STARTDATE="2017-02-14" ENDDATE="2025-10-01" ISACTUAL="0" ISACTIVE="0" /><HOUSE ID="129185432" OBJECTID="49732103" OBJECTGUID="333b96fe-db41-4411-858e-1899d4624e29" CHANGEID="689786793" HOUSENUM="6" HOUSETYPE="2" OPERTYPEID="30" PREVID="29744192" NEXTID="0" UPDATEDATE="2025-10-01" STARTDATE="2025-10-01" ENDDATE="2079-06-06" ISACTUAL="1" ISACTIVE="0" /><HOUSE ID="29744192" OBJECTID="49732103" OBJECTGUID="333b96fe-db41-4411-858e-1899d4624e29" CHANGEID="74676223" HOUSENUM="6" HOUSETYPE="2" OPERTYPEID="10" PREVID="0" NEXTID="129185432" UPDATEDATE="2025-10-01" STARTDATE="1900-01-01" ENDDATE="2025-10-01" ISACTUAL="0" ISACTIVE="0" /><HOUSE ID="129185757" OBJECTID="174976226" OBJECTGUID="96bf748f-9ad5-47c1-8ad1-e3667da6fde7" CHANGEID="689789320" HOUSENUM="6" HOUSETYPE="2" OPERTYPEID="10" PREVID="0" NEXTID="0" UPDATEDATE="2025-10-01" STARTDATE="2025-10-01" ENDDATE="2079-06-06" ISACTUAL="1" ISACTIVE="1" /><HOUSE ID="129185758" OBJECTID="174976227" OBJECTGUID="cb0d663a-f5c6-4c97-a0e9-1e6b17c940fc" CHANGEID="689789321" HOUSENUM="38" HOUSETYPE="2" OPERTYPEID="10" PREVID="0" NEXTID="0" UPDATEDATE="2025-10-01" STARTDATE="2025-10-01" ENDDATE="2079-06-06" ISACTUAL="1" ISACTIVE="1" /><HOUSE ID="129185759" OBJECTID="174976228" OBJECTGUID="faa666f0-304b-41bb-9e2c-5c9f288445fb" CHANGEID="689789322" HOUSENUM="16А" HOUSETYPE="2" OPERTYPEID="10" PREVID="0" NEXTID="0" UPDATEDATE="2025-10-01" STARTDATE="2025-10-01" ENDDATE="2079-06-06" ISACTUAL="1" ISACTIVE="1" /><HOUSE ID="129186132" OBJECTID="6074911" OBJECTGUID="2c7264d1-b0bc-47a2-a604-8b6e85740707" CHANGEID="689792451" HOUSENUM="17" HOUSETYPE="2" OPERTYPEID="30" PREVID="2810426" NEXTID="0" UPDATEDATE="2025-10-01" STARTDATE="2025-10-01" ENDDATE="2079-06-06" ISACTUAL="1" ISACTIVE="0" /><HOUSE ID="129186136" OBJECTID="16845946" OBJECTGUID="d8f78bb4-7d42-437f-96d8-fc2108c00e97" CHANGEID="689792683" HOUSENUM="12" HOUSETYPE="2" OPERTYPEID="30" PREVID="66750866" NEXTID="0" UPDATEDATE="2025-10-01" STARTDATE="2025-10-01" ENDDATE="2079-06-06" ISACTUAL="1" ISACTIVE="0" /><HOUSE ID="129186597" OBJECTID="5779490" OBJECTGUID="2ccc74c2-11b9-4102-a043-e81be9e17518" CHANGEID="689795129" HOUSENUM="6" HOUSETYPE="2" OPERTYPEID="30" PREVID="2618854" NEXTID="0" UPDATEDATE="2025-10-01" STARTDATE="2025-10-01" ENDDATE="2079-06-06" ISACTUAL="1" ISACTIVE="0" /><HOUSE ID="2618854" OBJECTID="5779490" OBJECTGUID="2ccc74c2-11b9-4102-a043-e81be9e17518" CHANGEID="10344878" HOUSENUM="6" HOUSETYPE="2" OPERTYPEID="10" PREVID="0" NEXTID="129186597" UPDATEDATE="2025-10-01" STARTDATE="1900-01-01" ENDDATE="2025-10-01" ISACTUAL="0" ISACTIVE="0" /></HOUSES>