﻿<?xml version="1.0" encoding="utf-8"?><STEADS><STEAD ID="70143412" OBJECTID="167630685" OBJECTGUID="bf74b0a7-80e1-4b89-b160-0a583be7aaf0" CHANGEID="607407562" NUMBER="15" OPERTYPEID="10" PREVID="0" NEXTID="74181927" UPDATEDATE="2025-09-30" STARTDATE="2024-11-19" ENDDATE="2025-09-30" ISACTUAL="0" ISACTIVE="0" /><STEAD ID="74162455" OBJECTID="174908903" OBJECTGUID="d0b4217d-2c5b-4855-8a44-2971342d8595" CHANGEID="689622890" NUMBER="7" OPERTYPEID="10" PREVID="0" NEXTID="0" UPDATEDATE="2025-09-29" STARTDATE="2025-09-29" ENDDATE="2079-06-06" ISACTUAL="1" ISACTIVE="1" /><STEAD ID="74162474" OBJECTID="174909111" OBJECTGUID="5ee3e08a-b98c-4379-a887-967b1874ae81" CHANGEID="689623124" NUMBER="26" OPERTYPEID="10" PREVID="0" NEXTID="0" UPDATEDATE="2025-09-29" STARTDATE="2025-09-29" ENDDATE="2079-06-06" ISACTUAL="1" ISACTIVE="1" /><STEAD ID="74162475" OBJECTID="174909113" OBJECTGUID="a8ff1e7f-fa66-4cda-82c6-3b6fbdc64b9f" CHANGEID="689623126" NUMBER="13б/4/120" OPERTYPEID="10" PREVID="0" NEXTID="0" UPDATEDATE="2025-09-29" STARTDATE="2025-09-29" ENDDATE="2079-06-06" ISACTUAL="1" ISACTIVE="1" /><STEAD ID="74162476" OBJECTID="174909115" OBJECTGUID="5bac279e-acbd-40aa-8e82-78769af06115" CHANGEID="689623128" NUMBER="10/8" OPERTYPEID="10" PREVID="0" NEXTID="0" UPDATEDATE="2025-09-29" STARTDATE="2025-09-29" ENDDATE="2079-06-06" ISACTUAL="1" ISACTIVE="1" /><STEAD ID="74162477" OBJECTID="174909116" OBJECTGUID="65321084-0c21-4089-b6c7-5386aad15a4b" CHANGEID="689623132" NUMBER="211" OPERTYPEID="10" PREVID="0" NEXTID="0" UPDATEDATE="2025-09-29" STARTDATE="2025-09-29" ENDDATE="2079-06-06" ISACTUAL="1" ISACTIVE="1" /><STEAD ID="74162788" OBJECTID="174909481" OBJECTGUID="2483d230-3480-4e2e-8c7b-0e58d7ee141a" CHANGEID="689623722" NUMBER="7" OPERTYPEID="10" PREVID="0" NEXTID="0" UPDATEDATE="2025-09-29" STARTDATE="2025-09-29" ENDDATE="2079-06-06" ISACTUAL="1" ISACTIVE="1" /><STEAD ID="74162791" OBJECTID="174909484" OBJECTGUID="7bafd389-a901-4bb3-8269-eafacbcf1766" CHANGEID="689623726" NUMBER="27" OPERTYPEID="10" PREVID="0" NEXTID="0" UPDATEDATE="2025-09-29" STARTDATE="2025-09-29" ENDDATE="2079-06-06" ISACTUAL="1" ISACTIVE="1" /><STEAD ID="74162796" OBJECTID="174909489" OBJECTGUID="eaf064a1-7c6e-4248-823e-80b801b62f20" CHANGEID="689623731" NUMBER="1а" OPERTYPEID="10" PREVID="0" NEXTID="0" UPDATEDATE="2025-09-29" STARTDATE="2025-09-29" ENDDATE="2079-06-06" ISACTUAL="1" ISACTIVE="1" /><STEAD ID="74162845" OBJECTID="174909546" OBJECTGUID="8ab74a94-c050-4f9f-b998-15200ec680f1" CHANGEID="689623792" NUMBER="86а" OPERTYPEID="10" PREVID="0" NEXTID="0" UPDATEDATE="2025-09-29" STARTDATE="2025-09-29" ENDDATE="2079-06-06" ISACTUAL="1" ISACTIVE="1" /><STEAD ID="74163279" OBJECTID="174910023" OBJECTGUID="6c149ea7-549e-4ad7-8a35-2208596625ce" CHANGEID="689624546" NUMBER="80/2" OPERTYPEID="10" PREVID="0" NEXTID="0" UPDATEDATE="2025-09-29" STARTDATE="2025-09-29" ENDDATE="2079-06-06" ISACTUAL="1" ISACTIVE="1" /><STEAD ID="74163646" OBJECTID="174910836" OBJECTGUID="7be7fb78-cd62-4676-8e4f-6fca802a1c0b" CHANGEID="689626347" NUMBER="3" OPERTYPEID="10" PREVID="0" NEXTID="0" UPDATEDATE="2025-09-29" STARTDATE="2025-09-29" ENDDATE="2079-06-06" ISACTUAL="1" ISACTIVE="1" /><STEAD ID="74166067" OBJECTID="174914309" OBJECTGUID="c6e4fe78-e724-46ce-ba2d-a0a8ebd0eed9" CHANGEID="689635201" NUMBER="27" OPERTYPEID="10" PREVID="0" NEXTID="0" UPDATEDATE="2025-09-29" STARTDATE="2025-09-29" ENDDATE="2079-06-06" ISACTUAL="1" ISACTIVE="1" /><STEAD ID="74166049" OBJECTID="174914249" OBJECTGUID="c1d3805a-21b6-466b-94ee-3ef8d293d104" CHANGEID="689635114" NUMBER="41/21" OPERTYPEID="10" PREVID="0" NEXTID="0" UPDATEDATE="2025-09-29" STARTDATE="2025-09-29" ENDDATE="2079-06-06" ISACTUAL="1" ISACTIVE="1" /><STEAD ID="74166059" OBJECTID="174914270" OBJECTGUID="b677ff2e-c92f-4fbd-99c4-914b247f2569" CHANGEID="689635147" NUMBER="86а" OPERTYPEID="10" PREVID="0" NEXTID="0" UPDATEDATE="2025-09-29" STARTDATE="2025-09-29" ENDDATE="2079-06-06" ISACTUAL="1" ISACTIVE="1" /><STEAD ID="74166525" OBJECTID="174915257" OBJECTGUID="e0abdd58-e771-4d8d-b191-3d7164034697" CHANGEID="689637166" NUMBER="21а" OPERTYPEID="10" PREVID="0" NEXTID="0" UPDATEDATE="2025-09-29" STARTDATE="2025-09-29" ENDDATE="2079-06-06" ISACTUAL="1" ISACTIVE="1" /><STEAD ID="74169059" OBJECTID="174920022" OBJECTGUID="b1d5c324-f09e-4b8f-9a8d-e61f8eaed984" CHANGEID="689646148" NUMBER="8" OPERTYPEID="10" PREVID="0" NEXTID="0" UPDATEDATE="2025-09-29" STARTDATE="2025-09-29" ENDDATE="2079-06-06" ISACTUAL="1" ISACTIVE="1" /><STEAD ID="74169082" OBJECTID="174920058" OBJECTGUID="53889689-12e3-42af-af25-24bff3a4973b" CHANGEID="689646212" NUMBER="41" OPERTYPEID="10" PREVID="0" NEXTID="0" UPDATEDATE="2025-09-29" STARTDATE="2025-09-29" ENDDATE="2079-06-06" ISACTUAL="1" ISACTIVE="1" /><STEAD ID="74169146" OBJECTID="174920144" OBJECTGUID="cefc75f2-ca1c-44eb-b557-f104c0f9196f" CHANGEID="689646364" NUMBER="32" OPERTYPEID="10" PREVID="0" NEXTID="0" UPDATEDATE="2025-09-29" STARTDATE="2025-09-29" ENDDATE="2079-06-06" ISACTUAL="1" ISACTIVE="1" /><STEAD ID="74169181" OBJECTID="174920203" OBJECTGUID="5ccdc0aa-4bc2-4f83-a5e5-11df3f535f36" CHANGEID="689646488" NUMBER="3е" OPERTYPEID="10" PREVID="0" NEXTID="0" UPDATEDATE="2025-09-29" STARTDATE="2025-09-29" ENDDATE="2079-06-06" ISACTUAL="1" ISACTIVE="1" /><STEAD ID="74180363" OBJECTID="174945127" OBJECTGUID="1a0a1971-7d90-48b7-82e2-d6fbb95a6220" CHANGEID="689701187" NUMBER="53" OPERTYPEID="10" PREVID="0" NEXTID="0" UPDATEDATE="2025-09-30" STARTDATE="2025-09-30" ENDDATE="2079-06-06" ISACTUAL="1" ISACTIVE="1" /><STEAD ID="74180511" OBJECTID="174945288" OBJECTGUID="71f4a937-0d43-4d47-95f2-81a733a75812" CHANGEID="689701429" NUMBER="38/4" OPERTYPEID="10" PREVID="0" NEXTID="0" UPDATEDATE="2025-09-30" STARTDATE="2025-09-30" ENDDATE="2079-06-06" ISACTUAL="1" ISACTIVE="1" /><STEAD ID="74180512" OBJECTID="174945289" OBJECTGUID="3a7c85f6-6a5a-4c6f-aa0c-3c460019cb5c" CHANGEID="689701430" NUMBER="38/3" OPERTYPEID="10" PREVID="0" NEXTID="0" UPDATEDATE="2025-09-30" STARTDATE="2025-09-30" ENDDATE="2079-06-06" ISACTUAL="1" ISACTIVE="1" /><STEAD ID="74180513" OBJECTID="174945290" OBJECTGUID="b7f3fd67-d18d-4b5f-9ab8-27d4efb8c2a5" CHANGEID="689701431" NUMBER="38/2" OPERTYPEID="10" PREVID="0" NEXTID="0" UPDATEDATE="2025-09-30" STARTDATE="2025-09-30" ENDDATE="2079-06-06" ISACTUAL="1" ISACTIVE="1" /><STEAD ID="74180514" OBJECTID="174945291" OBJECTGUID="1a95428f-ff7b-4e30-935c-04ee2e18a948" CHANGEID="689701432" NUMBER="38/1" OPERTYPEID="10" PREVID="0" NEXTID="0" UPDATEDATE="2025-09-30" STARTDATE="2025-09-30" ENDDATE="2079-06-06" ISACTUAL="1" ISACTIVE="1" /><STEAD ID="74180515" OBJECTID="174945292" OBJECTGUID="315dd8f5-fdca-46f0-ad0b-2a9709791e4c" CHANGEID="689701433" NUMBER="10/2" OPERTYPEID="10" PREVID="0" NEXTID="0" UPDATEDATE="2025-09-30" STARTDATE="2025-09-30" ENDDATE="2079-06-06" ISACTUAL="1" ISACTIVE="1" /><STEAD ID="74180516" OBJECTID="174945293" OBJECTGUID="496dfb2b-9e03-454b-98e0-08ee8b07bdaa" CHANGEID="689701434" NUMBER="10/1" OPERTYPEID="10" PREVID="0" NEXTID="0" UPDATEDATE="2025-09-30" STARTDATE="2025-09-30" ENDDATE="2079-06-06" ISACTUAL="1" ISACTIVE="1" /><STEAD ID="74180517" OBJECTID="174945294" OBJECTGUID="e2c4caae-a88b-4906-842c-0fe715f310d0" CHANGEID="689701435" NUMBER="6/2" OPERTYPEID="10" PREVID="0" NEXTID="0" UPDATEDATE="2025-09-30" STARTDATE="2025-09-30" ENDDATE="2079-06-06" ISACTUAL="1" ISACTIVE="1" /><STEAD ID="74180518" OBJECTID="174945295" OBJECTGUID="df3a752e-4301-4b60-bba8-0b4bf228e3e0" CHANGEID="689701436" NUMBER="6/1" OPERTYPEID="10" PREVID="0" NEXTID="0" UPDATEDATE="2025-09-30" STARTDATE="2025-09-30" ENDDATE="2079-06-06" ISACTUAL="1" ISACTIVE="1" /><STEAD ID="74180586" OBJECTID="174945716" OBJECTGUID="3fae0d00-9b2f-495c-afce-e3afb0927edf" CHANGEID="689702001" NUMBER="30" OPERTYPEID="10" PREVID="0" NEXTID="0" UPDATEDATE="2025-09-30" STARTDATE="2025-09-30" ENDDATE="2079-06-06" ISACTUAL="1" ISACTIVE="1" /><STEAD ID="74180583" OBJECTID="174945711" OBJECTGUID="eb1f94e6-56a1-41c9-b0a4-9125a23cce6c" CHANGEID="689701994" NUMBER="28" OPERTYPEID="10" PREVID="0" NEXTID="0" UPDATEDATE="2025-09-30" STARTDATE="2025-09-30" ENDDATE="2079-06-06" ISACTUAL="1" ISACTIVE="1" /><STEAD ID="74180628" OBJECTID="174945790" OBJECTGUID="6f56c846-7906-4038-85b1-6172b23d323f" CHANGEID="689702421" NUMBER="79" OPERTYPEID="10" PREVID="0" NEXTID="0" UPDATEDATE="2025-09-30" STARTDATE="2025-09-30" ENDDATE="2079-06-06" ISACTUAL="1" ISACTIVE="1" /><STEAD ID="74180630" OBJECTID="174945793" OBJECTGUID="deddf433-3c4e-49fc-8ba6-7bc19bdb521c" CHANGEID="689702425" NUMBER="33А" OPERTYPEID="10" PREVID="0" NEXTID="0" UPDATEDATE="2025-09-30" STARTDATE="2025-09-30" ENDDATE="2079-06-06" ISACTUAL="1" ISACTIVE="1" /><STEAD ID="74180635" OBJECTID="174945798" OBJECTGUID="760ba942-18d8-43a6-96f8-b3c61d2b848c" CHANGEID="689702431" NUMBER="36" OPERTYPEID="10" PREVID="0" NEXTID="0" UPDATEDATE="2025-09-30" STARTDATE="2025-09-30" ENDDATE="2079-06-06" ISACTUAL="1" ISACTIVE="1" /><STEAD ID="74180640" OBJECTID="174945804" OBJECTGUID="001ee02c-4b8c-4e4f-b02e-495fb819e0c7" CHANGEID="689702437" NUMBER="17" OPERTYPEID="10" PREVID="0" NEXTID="0" UPDATEDATE="2025-09-30" STARTDATE="2025-09-30" ENDDATE="2079-06-06" ISACTUAL="1" ISACTIVE="1" /><STEAD ID="74180629" OBJECTID="174945791" OBJECTGUID="f73e2600-9b1a-4848-81d3-a95f0bd924a2" CHANGEID="689702422" NUMBER="32" OPERTYPEID="10" PREVID="0" NEXTID="0" UPDATEDATE="2025-09-30" STARTDATE="2025-09-30" ENDDATE="2079-06-06" ISACTUAL="1" ISACTIVE="1" /><STEAD ID="74180638" OBJECTID="174945801" OBJECTGUID="f53e0799-d368-494a-82c3-d57402ca9e56" CHANGEID="689702434" NUMBER="8" OPERTYPEID="10" PREVID="0" NEXTID="0" UPDATEDATE="2025-09-30" STARTDATE="2025-09-30" ENDDATE="2079-06-06" ISACTUAL="1" ISACTIVE="1" /><STEAD ID="74180641" OBJECTID="174945805" OBJECTGUID="8590717b-ffdd-4725-8d35-2ed9198b5f43" CHANGEID="689702438" NUMBER="5" OPERTYPEID="10" PREVID="0" NEXTID="0" UPDATEDATE="2025-09-30" STARTDATE="2025-09-30" ENDDATE="2079-06-06" ISACTUAL="1" ISACTIVE="1" /><STEAD ID="74180789" OBJECTID="174945997" OBJECTGUID="d1ce49ba-7a0f-4a11-80c0-103491c6ffd5" CHANGEID="689702913" NUMBER="7" OPERTYPEID="10" PREVID="0" NEXTID="0" UPDATEDATE="2025-09-30" STARTDATE="2025-09-30" ENDDATE="2079-06-06" ISACTUAL="1" ISACTIVE="1" /><STEAD ID="74181031" OBJECTID="174946366" OBJECTGUID="82d726f9-714c-4a9d-9eae-3b117548c690" CHANGEID="689703716" NUMBER="1А" OPERTYPEID="10" PREVID="0" NEXTID="0" UPDATEDATE="2025-09-30" STARTDATE="2025-09-30" ENDDATE="2079-06-06" ISACTUAL="1" ISACTIVE="1" /><STEAD ID="74180929" OBJECTID="174946247" OBJECTGUID="a2bfae1e-046d-4988-8070-233a78129b1b" CHANGEID="689703572" NUMBER="38" OPERTYPEID="10" PREVID="0" NEXTID="0" UPDATEDATE="2025-09-30" STARTDATE="2025-09-30" ENDDATE="2079-06-06" ISACTUAL="1" ISACTIVE="1" /><STEAD ID="74180930" OBJECTID="174946248" OBJECTGUID="b9790316-df66-4af4-a131-164def47bc08" CHANGEID="689703573" NUMBER="6" OPERTYPEID="10" PREVID="0" NEXTID="0" UPDATEDATE="2025-09-30" STARTDATE="2025-09-30" ENDDATE="2079-06-06" ISACTUAL="1" ISACTIVE="1" /><STEAD ID="74181141" OBJECTID="174946831" OBJECTGUID="4de52a0d-1def-4c9e-b418-6f9b9ae2da6c" CHANGEID="689704374" NUMBER="20" OPERTYPEID="10" PREVID="0" NEXTID="0" UPDATEDATE="2025-09-30" STARTDATE="2025-09-30" ENDDATE="2079-06-06" ISACTUAL="1" ISACTIVE="1" /><STEAD ID="74181577" OBJECTID="174947457" OBJECTGUID="3fc493f3-dec4-4c41-8175-6a57029c90db" CHANGEID="689705521" NUMBER="18" OPERTYPEID="10" PREVID="0" NEXTID="0" UPDATEDATE="2025-09-30" STARTDATE="2025-09-30" ENDDATE="2079-06-06" ISACTUAL="1" ISACTIVE="1" /><STEAD ID="74181578" OBJECTID="174947459" OBJECTGUID="3930209a-2bfa-4f60-8549-6c30888cac2f" CHANGEID="689705523" NUMBER="14А" OPERTYPEID="10" PREVID="0" NEXTID="0" UPDATEDATE="2025-09-30" STARTDATE="2025-09-30" ENDDATE="2079-06-06" ISACTUAL="1" ISACTIVE="1" /><STEAD ID="74181927" OBJECTID="167630685" OBJECTGUID="bf74b0a7-80e1-4b89-b160-0a583be7aaf0" CHANGEID="689706311" NUMBER="15" OPERTYPEID="30" PREVID="70143412" NEXTID="0" UPDATEDATE="2025-09-30" STARTDATE="2025-09-30" ENDDATE="2079-06-06" ISACTUAL="1" ISACTIVE="0" /><STEAD ID="74181928" OBJECTID="174947988" OBJECTGUID="5112dba5-538c-42da-96b9-fb9dc80fb4e7" CHANGEID="689706313" NUMBER="23" OPERTYPEID="10" PREVID="0" NEXTID="0" UPDATEDATE="2025-09-30" STARTDATE="2025-09-30" ENDDATE="2079-06-06" ISACTUAL="1" ISACTIVE="1" /><STEAD ID="74181929" OBJECTID="174947989" OBJECTGUID="0760e935-7b0e-42b6-85ab-dcf4fe9e5f5a" CHANGEID="689706314" NUMBER="2/2" OPERTYPEID="10" PREVID="0" NEXTID="0" UPDATEDATE="2025-09-30" STARTDATE="2025-09-30" ENDDATE="2079-06-06" ISACTUAL="1" ISACTIVE="1" /><STEAD ID="74182220" OBJECTID="174948366" OBJECTGUID="02442b9a-2bf7-42f8-a6bb-ad0146cc3cbe" CHANGEID="689707009" NUMBER="44А" OPERTYPEID="10" PREVID="0" NEXTID="0" UPDATEDATE="2025-09-30" STARTDATE="2025-09-30" ENDDATE="2079-06-06" ISACTUAL="1" ISACTIVE="1" /><STEAD ID="74182221" OBJECTID="174948367" OBJECTGUID="56af0a46-f503-4acf-94d0-4682f9c36f40" CHANGEID="689707014" NUMBER="12" OPERTYPEID="10" PREVID="0" NEXTID="0" UPDATEDATE="2025-09-30" STARTDATE="2025-09-30" ENDDATE="2079-06-06" ISACTUAL="1" ISACTIVE="1" /><STEAD ID="74182370" OBJECTID="174948762" OBJECTGUID="d51bb1f0-bc7b-4f95-9732-b7181b15a748" CHANGEID="689707654" NUMBER="7" OPERTYPEID="10" PREVID="0" NEXTID="0" UPDATEDATE="2025-09-30" STARTDATE="2025-09-30" ENDDATE="2079-06-06" ISACTUAL="1" ISACTIVE="1" /><STEAD ID="74182664" OBJECTID="174949251" OBJECTGUID="f53eab33-3c77-4fa9-8bc3-476a0347cd50" CHANGEID="689708758" NUMBER="38а" OPERTYPEID="10" PREVID="0" NEXTID="0" UPDATEDATE="2025-09-30" STARTDATE="2025-09-30" ENDDATE="2079-06-06" ISACTUAL="1" ISACTIVE="1" /><STEAD ID="74183378" OBJECTID="174950148" OBJECTGUID="94579f6c-b931-4605-a18a-1b245c82c6c2" CHANGEID="689710403" NUMBER="47А/2/12" OPERTYPEID="10" PREVID="0" NEXTID="0" UPDATEDATE="2025-09-30" STARTDATE="2025-09-30" ENDDATE="2079-06-06" ISACTUAL="1" ISACTIVE="1" /><STEAD ID="74184339" OBJECTID="174951468" OBJECTGUID="87852e0c-5f1b-4347-870c-6642b0fd2744" CHANGEID="689712508" NUMBER="10Б" OPERTYPEID="10" PREVID="0" NEXTID="0" UPDATEDATE="2025-09-30" STARTDATE="2025-09-30" ENDDATE="2079-06-06" ISACTUAL="1" ISACTIVE="1" /><STEAD ID="74196605" OBJECTID="174970930" OBJECTGUID="326327c8-d5f6-4c1b-853b-8bc063740230" CHANGEID="689777657" NUMBER="1/1" OPERTYPEID="10" PREVID="0" NEXTID="0" UPDATEDATE="2025-10-01" STARTDATE="2025-10-01" ENDDATE="2079-06-06" ISACTUAL="1" ISACTIVE="1" /><STEAD ID="74197780" OBJECTID="174973061" OBJECTGUID="799019c1-64bb-4537-9b9c-29f05c7fb474" CHANGEID="689782994" NUMBER="16" OPERTYPEID="10" PREVID="0" NEXTID="0" UPDATEDATE="2025-10-01" STARTDATE="2025-10-01" ENDDATE="2079-06-06" ISACTUAL="1" ISACTIVE="1" /><STEAD ID="74197781" OBJECTID="174973062" OBJECTGUID="71127d85-d5a3-479f-a53a-491254511eec" CHANGEID="689782995" NUMBER="9" OPERTYPEID="10" PREVID="0" NEXTID="0" UPDATEDATE="2025-10-01" STARTDATE="2025-10-01" ENDDATE="2079-06-06" ISACTUAL="1" ISACTIVE="1" /><STEAD ID="74197782" OBJECTID="174973063" OBJECTGUID="04fa872c-11cb-4977-93a5-f3589561c23b" CHANGEID="689782996" NUMBER="9Б" OPERTYPEID="10" PREVID="0" NEXTID="0" UPDATEDATE="2025-10-01" STARTDATE="2025-10-01" ENDDATE="2079-06-06" ISACTUAL="1" ISACTIVE="1" /><STEAD ID="74197783" OBJECTID="174973064" OBJECTGUID="0ca71ff1-105a-4c58-ac2e-f3089d959611" CHANGEID="689782999" NUMBER="2Д" OPERTYPEID="10" PREVID="0" NEXTID="0" UPDATEDATE="2025-10-01" STARTDATE="2025-10-01" ENDDATE="2079-06-06" ISACTUAL="1" ISACTIVE="1" /><STEAD ID="74197784" OBJECTID="174973065" OBJECTGUID="ef4eda5f-ea17-4b0e-90a0-4a774d4f5dc1" CHANGEID="689783004" NUMBER="1А" OPERTYPEID="10" PREVID="0" NEXTID="0" UPDATEDATE="2025-10-01" STARTDATE="2025-10-01" ENDDATE="2079-06-06" ISACTUAL="1" ISACTIVE="1" /><STEAD ID="74198129" OBJECTID="174973933" OBJECTGUID="d2d3118d-672d-4303-b6ed-a60f81d29a5f" CHANGEID="689784843" NUMBER="3/1" OPERTYPEID="10" PREVID="0" NEXTID="0" UPDATEDATE="2025-10-01" STARTDATE="2025-10-01" ENDDATE="2079-06-06" ISACTUAL="1" ISACTIVE="1" /><STEAD ID="74198130" OBJECTID="174973934" OBJECTGUID="43728aa9-897e-4fe0-8cc3-23d3ac4047d2" CHANGEID="689784845" NUMBER="3/2" OPERTYPEID="10" PREVID="0" NEXTID="0" UPDATEDATE="2025-10-01" STARTDATE="2025-10-01" ENDDATE="2079-06-06" ISACTUAL="1" ISACTIVE="1" /><STEAD ID="74198131" OBJECTID="174973935" OBJECTGUID="adbec8c0-6156-474d-b388-13d4ee40cbfb" CHANGEID="689784847" NUMBER="5/1" OPERTYPEID="10" PREVID="0" NEXTID="0" UPDATEDATE="2025-10-01" STARTDATE="2025-10-01" ENDDATE="2079-06-06" ISACTUAL="1" ISACTIVE="1" /><STEAD ID="74198132" OBJECTID="174973936" OBJECTGUID="86419c55-2722-49f2-8979-73d8b9f26104" CHANGEID="689784850" NUMBER="1" OPERTYPEID="10" PREVID="0" NEXTID="0" UPDATEDATE="2025-10-01" STARTDATE="2025-10-01" ENDDATE="2079-06-06" ISACTUAL="1" ISACTIVE="1" /><STEAD ID="74198345" OBJECTID="174974988" OBJECTGUID="eaed3208-4faf-4168-b1e8-208f210372a1" CHANGEID="689786764" NUMBER="4/1" OPERTYPEID="10" PREVID="0" NEXTID="0" UPDATEDATE="2025-10-01" STARTDATE="2025-10-01" ENDDATE="2079-06-06" ISACTUAL="1" ISACTIVE="1" /><STEAD ID="74198346" OBJECTID="174974989" OBJECTGUID="740bddc3-9523-4ad3-b654-696b61a9d7b9" CHANGEID="689786765" NUMBER="6/2" OPERTYPEID="10" PREVID="0" NEXTID="0" UPDATEDATE="2025-10-01" STARTDATE="2025-10-01" ENDDATE="2079-06-06" ISACTUAL="1" ISACTIVE="1" /><STEAD ID="74198347" OBJECTID="158031870" OBJECTGUID="cdbbb452-e9d1-49dd-bdfb-c03131233a24" CHANGEID="689786792" NUMBER="6" OPERTYPEID="30" PREVID="66284476" NEXTID="0" UPDATEDATE="2025-10-01" STARTDATE="2025-10-01" ENDDATE="2079-06-06" ISACTUAL="1" ISACTIVE="0" /><STEAD ID="66284476" OBJECTID="158031870" OBJECTGUID="cdbbb452-e9d1-49dd-bdfb-c03131233a24" CHANGEID="495116105" NUMBER="6" OPERTYPEID="10" PREVID="0" NEXTID="74198347" UPDATEDATE="2025-10-01" STARTDATE="2023-02-09" ENDDATE="2025-10-01" ISACTUAL="0" ISACTIVE="0" /><STEAD ID="74198863" OBJECTID="174976225" OBJECTGUID="8a5f1d58-a301-4ef7-9093-880fabdc795a" CHANGEID="689789318" NUMBER="10А" OPERTYPEID="10" PREVID="0" NEXTID="0" UPDATEDATE="2025-10-01" STARTDATE="2025-10-01" ENDDATE="2079-06-06" ISACTUAL="1" ISACTIVE="1" /><STEAD ID="74198908" OBJECTID="174976277" OBJECTGUID="04ac8146-b37a-4ab5-8047-f544d7a3cb4d" CHANGEID="689789633" NUMBER="12" OPERTYPEID="10" PREVID="0" NEXTID="0" UPDATEDATE="2025-10-01" STARTDATE="2025-10-01" ENDDATE="2079-06-06" ISACTUAL="1" ISACTIVE="1" /><STEAD ID="74199819" OBJECTID="174978019" OBJECTGUID="de059552-2367-4a79-b606-d4a3d8d83662" CHANGEID="689792524" NUMBER="12А/1" OPERTYPEID="10" PREVID="0" NEXTID="0" UPDATEDATE="2025-10-01" STARTDATE="2025-10-01" ENDDATE="2079-06-06" ISACTUAL="1" ISACTIVE="1" /><STEAD ID="74199942" OBJECTID="174978144" OBJECTGUID="cc0094ef-fe16-44c1-a813-20c1b105e3b4" CHANGEID="689792685" NUMBER="23А" OPERTYPEID="10" PREVID="0" NEXTID="0" UPDATEDATE="2025-10-01" STARTDATE="2025-10-01" ENDDATE="2079-06-06" ISACTUAL="1" ISACTIVE="1" /><STEAD ID="74199943" OBJECTID="174978145" OBJECTGUID="029949d9-9757-4d49-95bd-ee45fe25d1ba" CHANGEID="689792688" NUMBER="6/1" OPERTYPEID="10" PREVID="0" NEXTID="0" UPDATEDATE="2025-10-01" STARTDATE="2025-10-01" ENDDATE="2079-06-06" ISACTUAL="1" ISACTIVE="1" /><STEAD ID="74199948" OBJECTID="174978151" OBJECTGUID="14430713-fedc-4f12-b7de-340c8fd6635d" CHANGEID="689792698" NUMBER="7А" OPERTYPEID="10" PREVID="0" NEXTID="0" UPDATEDATE="2025-10-01" STARTDATE="2025-10-01" ENDDATE="2079-06-06" ISACTUAL="1" ISACTIVE="1" /><STEAD ID="74200982" OBJECTID="174979681" OBJECTGUID="54517726-d8f6-4e55-b645-1eeca3f34159" CHANGEID="689795500" NUMBER="12А/2" OPERTYPEID="10" PREVID="0" NEXTID="0" UPDATEDATE="2025-10-01" STARTDATE="2025-10-01" ENDDATE="2079-06-06" ISACTUAL="1" ISACTIVE="1" /><STEAD ID="74200993" OBJECTID="174979694" OBJECTGUID="8d6b3fb1-889c-4a09-953e-d6711ba61e82" CHANGEID="689795521" NUMBER="15/2" OPERTYPEID="10" PREVID="0" NEXTID="0" UPDATEDATE="2025-10-01" STARTDATE="2025-10-01" ENDDATE="2079-06-06" ISACTUAL="1" ISACTIVE="1" /></STEADS>