﻿<?xml version="1.0" encoding="utf-8"?><ADDRESSOBJECTS><OBJECT ID="748982" OBJECTID="615750" OBJECTGUID="ffb2df88-d360-48f7-9350-813c34544266" CHANGEID="1611601" NAME="Луговая" TYPENAME="ул" LEVEL="8" OPERTYPEID="1" PREVID="0" NEXTID="52189963" UPDATEDATE="2025-10-01" STARTDATE="1900-01-01" ENDDATE="2025-10-01" ISACTUAL="0" ISACTIVE="0" /><OBJECT ID="52189321" OBJECTID="174916862" OBJECTGUID="ce387d64-5a3f-4010-a67a-c754cb143f2d" CHANGEID="689639637" NAME="Верхний" TYPENAME="пер." LEVEL="8" OPERTYPEID="10" PREVID="0" NEXTID="0" UPDATEDATE="2025-09-29" STARTDATE="2025-09-29" ENDDATE="2079-06-06" ISACTUAL="1" ISACTIVE="1" /><OBJECT ID="52189322" OBJECTID="174916863" OBJECTGUID="3d7e4e7e-5545-4fe9-a75a-946cb107c09f" CHANGEID="689639647" NAME="Молодёжная" TYPENAME="ул." LEVEL="8" OPERTYPEID="10" PREVID="0" NEXTID="0" UPDATEDATE="2025-09-29" STARTDATE="2025-09-29" ENDDATE="2079-06-06" ISACTUAL="1" ISACTIVE="1" /><OBJECT ID="52189326" OBJECTID="602492" OBJECTGUID="4aff1eea-4da3-437d-89db-c211cebce2fe" CHANGEID="689639763" NAME="Складская" TYPENAME="ул" LEVEL="8" OPERTYPEID="30" PREVID="730326" NEXTID="0" UPDATEDATE="2025-09-29" STARTDATE="2025-09-29" ENDDATE="2079-06-06" ISACTUAL="1" ISACTIVE="0" /><OBJECT ID="730326" OBJECTID="602492" OBJECTGUID="4aff1eea-4da3-437d-89db-c211cebce2fe" CHANGEID="1568692" NAME="Складская" TYPENAME="ул" LEVEL="8" OPERTYPEID="1" PREVID="0" NEXTID="52189326" UPDATEDATE="2025-09-29" STARTDATE="1900-01-01" ENDDATE="2025-09-29" ISACTUAL="0" ISACTIVE="0" /><OBJECT ID="764550" OBJECTID="628612" OBJECTGUID="61226b45-4243-4d31-a511-79098f4b18bc" CHANGEID="1654552" NAME="Булык" TYPENAME="д" LEVEL="6" OPERTYPEID="1" PREVID="0" NEXTID="52189395" UPDATEDATE="2025-09-29" STARTDATE="1900-01-01" ENDDATE="2025-09-29" ISACTUAL="0" ISACTIVE="0" /><OBJECT ID="52189395" OBJECTID="628612" OBJECTGUID="61226b45-4243-4d31-a511-79098f4b18bc" CHANGEID="689653343" NAME="Булак" TYPENAME="д." LEVEL="6" OPERTYPEID="20" PREVID="764550" UPDATEDATE="2025-09-29" STARTDATE="2025-09-29" ENDDATE="2079-06-06" ISACTUAL="1" ISACTIVE="1" /><OBJECT ID="52189615" OBJECTID="174950946" OBJECTGUID="8c2b3220-1ecd-45fc-a91b-29c79ac50aee" CHANGEID="689711633" NAME="Гаражно-строительный кооператив №20" TYPENAME="тер." LEVEL="7" OPERTYPEID="10" PREVID="0" NEXTID="0" UPDATEDATE="2025-09-30" STARTDATE="2025-09-30" ENDDATE="2079-06-06" ISACTUAL="1" ISACTIVE="1" /><OBJECT ID="52189616" OBJECTID="174950947" OBJECTGUID="0cf56b15-4b1f-4db8-97dd-257c1aff029d" CHANGEID="689711638" NAME="Гаражно-строительный кооператив №9" TYPENAME="тер." LEVEL="7" OPERTYPEID="10" PREVID="0" NEXTID="0" UPDATEDATE="2025-09-30" STARTDATE="2025-09-30" ENDDATE="2079-06-06" ISACTUAL="1" ISACTIVE="1" /><OBJECT ID="52189788" OBJECTID="628090" OBJECTGUID="4eef4b41-f8a9-406d-b134-356f39437d0e" CHANGEID="689739187" NAME="Тороева" TYPENAME="ул" LEVEL="8" OPERTYPEID="30" PREVID="763974" NEXTID="0" UPDATEDATE="2025-09-30" STARTDATE="2025-09-30" ENDDATE="2079-06-06" ISACTUAL="1" ISACTIVE="0" /><OBJECT ID="763974" OBJECTID="628090" OBJECTGUID="4eef4b41-f8a9-406d-b134-356f39437d0e" CHANGEID="1652696" NAME="Тороева" TYPENAME="ул" LEVEL="8" OPERTYPEID="1" PREVID="0" NEXTID="52189788" UPDATEDATE="2025-09-30" STARTDATE="1900-01-01" ENDDATE="2025-09-30" ISACTUAL="0" ISACTIVE="0" /><OBJECT ID="52189919" OBJECTID="174976244" OBJECTGUID="5871b123-c407-48a8-a3fe-277930d4ad61" CHANGEID="689789574" NAME="Шаманская" TYPENAME="ул." LEVEL="8" OPERTYPEID="10" PREVID="0" NEXTID="0" UPDATEDATE="2025-10-01" STARTDATE="2025-10-01" ENDDATE="2079-06-06" ISACTUAL="1" ISACTIVE="1" /><OBJECT ID="52189921" OBJECTID="174976291" OBJECTGUID="b9d49009-5e1a-43c9-ba84-b900a69aff8a" CHANGEID="689789647" NAME="Нагорная" TYPENAME="ул." LEVEL="8" OPERTYPEID="10" PREVID="0" NEXTID="0" UPDATEDATE="2025-10-01" STARTDATE="2025-10-01" ENDDATE="2079-06-06" ISACTUAL="1" ISACTIVE="1" /><OBJECT ID="52189929" OBJECTID="174978098" OBJECTGUID="86284ddb-e2f4-42e0-bf9b-ebeba49dfab9" CHANGEID="689792607" NAME="Челнокова" TYPENAME="ул." LEVEL="8" OPERTYPEID="10" PREVID="0" NEXTID="0" UPDATEDATE="2025-10-01" STARTDATE="2025-10-01" ENDDATE="2079-06-06" ISACTUAL="1" ISACTIVE="1" /><OBJECT ID="52189944" OBJECTID="174978734" OBJECTGUID="ab88ee9b-ff2e-4d0e-bdb4-a383f2d8acf2" CHANGEID="689793602" NAME="Сосновые Родники" TYPENAME="тер." LEVEL="7" OPERTYPEID="10" PREVID="0" NEXTID="0" UPDATEDATE="2025-10-01" STARTDATE="2025-10-01" ENDDATE="2079-06-06" ISACTUAL="1" ISACTIVE="1" /><OBJECT ID="52189964" OBJECTID="618266" OBJECTGUID="94b0c1dc-ed6b-4a0e-a388-29c059c32fa5" CHANGEID="689794112" NAME="Набережная" TYPENAME="ул" LEVEL="8" OPERTYPEID="30" PREVID="752230" NEXTID="0" UPDATEDATE="2025-10-01" STARTDATE="2025-10-01" ENDDATE="2079-06-06" ISACTUAL="1" ISACTIVE="0" /><OBJECT ID="752230" OBJECTID="618266" OBJECTGUID="94b0c1dc-ed6b-4a0e-a388-29c059c32fa5" CHANGEID="1620613" NAME="Набережная" TYPENAME="ул" LEVEL="8" OPERTYPEID="1" PREVID="0" NEXTID="52189964" UPDATEDATE="2025-10-01" STARTDATE="1900-01-01" ENDDATE="2025-10-01" ISACTUAL="0" ISACTIVE="0" /><OBJECT ID="52189962" OBJECTID="174979017" OBJECTGUID="3d1a3b4e-4fa7-4016-88da-95d85cf62896" CHANGEID="689794095" NAME="Объездная" TYPENAME="ул." LEVEL="8" OPERTYPEID="10" PREVID="0" NEXTID="0" UPDATEDATE="2025-10-01" STARTDATE="2025-10-01" ENDDATE="2079-06-06" ISACTUAL="1" ISACTIVE="1" /><OBJECT ID="52189963" OBJECTID="615750" OBJECTGUID="ffb2df88-d360-48f7-9350-813c34544266" CHANGEID="689794107" NAME="Луговая" TYPENAME="ул" LEVEL="8" OPERTYPEID="30" PREVID="748982" NEXTID="0" UPDATEDATE="2025-10-01" STARTDATE="2025-10-01" ENDDATE="2079-06-06" ISACTUAL="1" ISACTIVE="0" /></ADDRESSOBJECTS>