﻿<?xml version="1.0" encoding="utf-8"?><STEADS><STEAD ID="284035" OBJECTID="84838199" OBJECTGUID="cc1452e3-9495-4f6a-817c-655ab4797687" CHANGEID="125991131" NUMBER="49а" OPERTYPEID="10" NEXTID="74196518" UPDATEDATE="2025-09-30" STARTDATE="2017-12-27" ENDDATE="2025-09-30" ISACTUAL="0" ISACTIVE="0" /><STEAD ID="1337548" OBJECTID="85886155" OBJECTGUID="34fe4d46-abcb-40c4-8075-19f31293d589" CHANGEID="127481538" NUMBER="3" OPERTYPEID="10" NEXTID="74174730" UPDATEDATE="2025-09-29" STARTDATE="2019-02-09" ENDDATE="2025-09-29" ISACTUAL="0" ISACTIVE="0" /><STEAD ID="7580514" OBJECTID="92114487" OBJECTGUID="8ec92a02-f1a7-4ddd-a0a9-16fa28cea0d2" CHANGEID="134905750" NUMBER="11" OPERTYPEID="10" NEXTID="74189181" UPDATEDATE="2025-09-30" STARTDATE="2019-03-04" ENDDATE="2025-09-30" ISACTUAL="0" ISACTIVE="0" /><STEAD ID="67308966" OBJECTID="161444556" OBJECTGUID="af516566-4e07-4431-bb3d-c38c27df11eb" CHANGEID="575002923" NUMBER="31/40" OPERTYPEID="10" PREVID="0" NEXTID="74196514" UPDATEDATE="2025-09-30" STARTDATE="2023-11-23" ENDDATE="2025-09-30" ISACTUAL="0" ISACTIVE="0" /><STEAD ID="71047748" OBJECTID="169194249" OBJECTGUID="8dded295-a56d-4fcb-8454-8190e80089dc" CHANGEID="613456204" NUMBER="14" OPERTYPEID="10" PREVID="0" NEXTID="74190881" UPDATEDATE="2025-09-30" STARTDATE="2024-12-26" ENDDATE="2025-09-30" ISACTUAL="0" ISACTIVE="0" /><STEAD ID="73465639" OBJECTID="173579461" OBJECTGUID="27173c19-539b-4b70-bd3c-ca4dae14e18f" CHANGEID="655910685" NUMBER="1/2" OPERTYPEID="10" PREVID="0" NEXTID="74202757" UPDATEDATE="2025-10-01" STARTDATE="2025-07-23" ENDDATE="2025-10-01" ISACTUAL="0" ISACTIVE="0" /><STEAD ID="73677420" OBJECTID="173977219" OBJECTGUID="339462c4-397a-4d76-9ef3-baf2284b6832" CHANGEID="656963112" NUMBER="46" OPERTYPEID="10" PREVID="0" NEXTID="74188067" UPDATEDATE="2025-09-30" STARTDATE="2025-08-12" ENDDATE="2025-09-30" ISACTUAL="0" ISACTIVE="0" /><STEAD ID="74167507" OBJECTID="174917499" OBJECTGUID="e29740fd-1501-454d-a868-798aa3b06c34" CHANGEID="689641658" NUMBER="62" OPERTYPEID="10" PREVID="0" NEXTID="0" UPDATEDATE="2025-09-29" STARTDATE="2025-09-29" ENDDATE="2079-06-06" ISACTUAL="1" ISACTIVE="1" /><STEAD ID="74167520" OBJECTID="174917512" OBJECTGUID="7e22b1c5-311d-4696-a2e0-c970d7bef393" CHANGEID="689641672" NUMBER="6" OPERTYPEID="10" PREVID="0" NEXTID="0" UPDATEDATE="2025-09-29" STARTDATE="2025-09-29" ENDDATE="2079-06-06" ISACTUAL="1" ISACTIVE="1" /><STEAD ID="74167521" OBJECTID="174917513" OBJECTGUID="57f351a3-8059-4270-acf0-94edc7809fbb" CHANGEID="689641673" NUMBER="15" OPERTYPEID="10" PREVID="0" NEXTID="0" UPDATEDATE="2025-09-29" STARTDATE="2025-09-29" ENDDATE="2079-06-06" ISACTUAL="1" ISACTIVE="1" /><STEAD ID="74167522" OBJECTID="174917514" OBJECTGUID="12e61403-915e-4665-b3e1-d86dcd865df0" CHANGEID="689641674" NUMBER="20" OPERTYPEID="10" PREVID="0" NEXTID="0" UPDATEDATE="2025-09-29" STARTDATE="2025-09-29" ENDDATE="2079-06-06" ISACTUAL="1" ISACTIVE="1" /><STEAD ID="74167525" OBJECTID="174917518" OBJECTGUID="cb43fbd2-997a-46ac-aa15-eacb51a3217b" CHANGEID="689641678" NUMBER="32" OPERTYPEID="10" PREVID="0" NEXTID="0" UPDATEDATE="2025-09-29" STARTDATE="2025-09-29" ENDDATE="2079-06-06" ISACTUAL="1" ISACTIVE="1" /><STEAD ID="74169308" OBJECTID="174920600" OBJECTGUID="0c0fe9d5-0206-422d-b983-c2065a9aafb2" CHANGEID="689647301" NUMBER="7а" OPERTYPEID="10" PREVID="0" NEXTID="0" UPDATEDATE="2025-09-29" STARTDATE="2025-09-29" ENDDATE="2079-06-06" ISACTUAL="1" ISACTIVE="1" /><STEAD ID="74169309" OBJECTID="174920612" OBJECTGUID="5abd4c8b-8a77-4710-a17f-fd0ec41b2a39" CHANGEID="689647314" NUMBER="23" OPERTYPEID="10" PREVID="0" NEXTID="0" UPDATEDATE="2025-09-29" STARTDATE="2025-09-29" ENDDATE="2079-06-06" ISACTUAL="1" ISACTIVE="1" /><STEAD ID="74169310" OBJECTID="174920616" OBJECTGUID="2872e4c2-4052-4658-a3b0-26cef8861e00" CHANGEID="689647318" NUMBER="35" OPERTYPEID="10" PREVID="0" NEXTID="0" UPDATEDATE="2025-09-29" STARTDATE="2025-09-29" ENDDATE="2079-06-06" ISACTUAL="1" ISACTIVE="1" /><STEAD ID="74169314" OBJECTID="174920626" OBJECTGUID="1eea3db5-5a9b-4fe3-a06d-9bc9733d738e" CHANGEID="689647328" NUMBER="23" OPERTYPEID="10" PREVID="0" NEXTID="0" UPDATEDATE="2025-09-29" STARTDATE="2025-09-29" ENDDATE="2079-06-06" ISACTUAL="1" ISACTIVE="1" /><STEAD ID="74171095" OBJECTID="174924945" OBJECTGUID="614ad4f6-0048-43f7-a32c-5f1c619c4bfd" CHANGEID="689654036" NUMBER="74а" OPERTYPEID="10" PREVID="0" NEXTID="0" UPDATEDATE="2025-09-29" STARTDATE="2025-09-29" ENDDATE="2079-06-06" ISACTUAL="1" ISACTIVE="1" /><STEAD ID="74171100" OBJECTID="174924946" OBJECTGUID="c7142513-ec5b-4c2e-bcf3-14ca90f71ddc" CHANGEID="689654047" NUMBER="1" OPERTYPEID="10" PREVID="0" NEXTID="0" UPDATEDATE="2025-09-29" STARTDATE="2025-09-29" ENDDATE="2079-06-06" ISACTUAL="1" ISACTIVE="1" /><STEAD ID="74171127" OBJECTID="174924973" OBJECTGUID="80a9d470-54b2-40c5-9367-f6cacf00bda7" CHANGEID="689654119" NUMBER="7" OPERTYPEID="10" PREVID="0" NEXTID="0" UPDATEDATE="2025-09-29" STARTDATE="2025-09-29" ENDDATE="2079-06-06" ISACTUAL="1" ISACTIVE="1" /><STEAD ID="74171228" OBJECTID="174925089" OBJECTGUID="2e939975-0d9c-41b5-8c68-590e5115c10a" CHANGEID="689654259" NUMBER="40" OPERTYPEID="10" PREVID="0" NEXTID="0" UPDATEDATE="2025-09-29" STARTDATE="2025-09-29" ENDDATE="2079-06-06" ISACTUAL="1" ISACTIVE="1" /><STEAD ID="74171300" OBJECTID="174925599" OBJECTGUID="dec7dfb6-2a58-4df8-a6d1-b3495b6cfdbb" CHANGEID="689654977" NUMBER="93" OPERTYPEID="10" PREVID="0" NEXTID="0" UPDATEDATE="2025-09-29" STARTDATE="2025-09-29" ENDDATE="2079-06-06" ISACTUAL="1" ISACTIVE="1" /><STEAD ID="74171301" OBJECTID="174925614" OBJECTGUID="235d3b91-7d9d-4971-b7f6-6c011cfbb26f" CHANGEID="689654993" NUMBER="9" OPERTYPEID="10" PREVID="0" NEXTID="0" UPDATEDATE="2025-09-29" STARTDATE="2025-09-29" ENDDATE="2079-06-06" ISACTUAL="1" ISACTIVE="1" /><STEAD ID="74171628" OBJECTID="174926839" OBJECTGUID="92e7988d-85d4-4270-a485-847c390c7044" CHANGEID="689661795" NUMBER="25" OPERTYPEID="10" PREVID="0" NEXTID="0" UPDATEDATE="2025-09-29" STARTDATE="2025-09-29" ENDDATE="2079-06-06" ISACTUAL="1" ISACTIVE="1" /><STEAD ID="74171629" OBJECTID="174926840" OBJECTGUID="2f69a374-10c0-40fa-a82e-60833d10f4cd" CHANGEID="689661797" NUMBER="1" OPERTYPEID="10" PREVID="0" NEXTID="0" UPDATEDATE="2025-09-29" STARTDATE="2025-09-29" ENDDATE="2079-06-06" ISACTUAL="1" ISACTIVE="1" /><STEAD ID="74171630" OBJECTID="174926841" OBJECTGUID="ddc98dfc-54af-49b6-b3c2-209b81a94764" CHANGEID="689661799" NUMBER="7" OPERTYPEID="10" PREVID="0" NEXTID="0" UPDATEDATE="2025-09-29" STARTDATE="2025-09-29" ENDDATE="2079-06-06" ISACTUAL="1" ISACTIVE="1" /><STEAD ID="74171631" OBJECTID="174926842" OBJECTGUID="3fc25389-c356-4885-97a0-aaff39a2a2b9" CHANGEID="689661801" NUMBER="27" OPERTYPEID="10" PREVID="0" NEXTID="0" UPDATEDATE="2025-09-29" STARTDATE="2025-09-29" ENDDATE="2079-06-06" ISACTUAL="1" ISACTIVE="1" /><STEAD ID="74171656" OBJECTID="174926867" OBJECTGUID="ef58a5e1-9a53-42fc-98eb-198aab3bd384" CHANGEID="689661965" NUMBER="7" OPERTYPEID="10" PREVID="0" NEXTID="0" UPDATEDATE="2025-09-29" STARTDATE="2025-09-29" ENDDATE="2079-06-06" ISACTUAL="1" ISACTIVE="1" /><STEAD ID="74171796" OBJECTID="174927902" OBJECTGUID="550c2a47-4a28-4408-b266-5ad1c37bd661" CHANGEID="689663478" NUMBER="10" OPERTYPEID="10" PREVID="0" NEXTID="0" UPDATEDATE="2025-09-29" STARTDATE="2025-09-29" ENDDATE="2079-06-06" ISACTUAL="1" ISACTIVE="1" /><STEAD ID="74171655" OBJECTID="174926866" OBJECTGUID="ac0bd011-872e-4ac3-a666-4bff0db789aa" CHANGEID="689661962" NUMBER="7" OPERTYPEID="10" PREVID="0" NEXTID="0" UPDATEDATE="2025-09-29" STARTDATE="2025-09-29" ENDDATE="2079-06-06" ISACTUAL="1" ISACTIVE="1" /><STEAD ID="74171986" OBJECTID="174928159" OBJECTGUID="a48b267b-480d-46d7-9d5b-48c6edee7ef8" CHANGEID="689663754" NUMBER="2" OPERTYPEID="10" PREVID="0" NEXTID="0" UPDATEDATE="2025-09-29" STARTDATE="2025-09-29" ENDDATE="2079-06-06" ISACTUAL="1" ISACTIVE="1" /><STEAD ID="74171988" OBJECTID="174928169" OBJECTGUID="ac45b044-3570-41c6-b518-a85663cb3fc3" CHANGEID="689663768" NUMBER="2/2" OPERTYPEID="10" PREVID="0" NEXTID="0" UPDATEDATE="2025-09-29" STARTDATE="2025-09-29" ENDDATE="2079-06-06" ISACTUAL="1" ISACTIVE="1" /><STEAD ID="74171987" OBJECTID="174928168" OBJECTGUID="3516e8cb-ca39-4b0b-a6c1-ed4989a1b6f5" CHANGEID="689663767" NUMBER="2/1" OPERTYPEID="10" PREVID="0" NEXTID="0" UPDATEDATE="2025-09-29" STARTDATE="2025-09-29" ENDDATE="2079-06-06" ISACTUAL="1" ISACTIVE="1" /><STEAD ID="74173222" OBJECTID="174930264" OBJECTGUID="6ecc9563-eb9f-4b65-af05-7091cc4defab" CHANGEID="689669134" NUMBER="11" OPERTYPEID="10" PREVID="0" NEXTID="0" UPDATEDATE="2025-09-29" STARTDATE="2025-09-29" ENDDATE="2079-06-06" ISACTUAL="1" ISACTIVE="1" /><STEAD ID="74174710" OBJECTID="174933117" OBJECTGUID="4621aa84-ba23-42b3-8ed9-356249d32b5e" CHANGEID="689674341" NUMBER="11" OPERTYPEID="10" PREVID="0" NEXTID="0" UPDATEDATE="2025-09-29" STARTDATE="2025-09-29" ENDDATE="2079-06-06" ISACTUAL="1" ISACTIVE="1" /><STEAD ID="74174728" OBJECTID="174933130" OBJECTGUID="2f03747e-673b-484a-9436-5ed83aaba78e" CHANGEID="689674388" NUMBER="35" OPERTYPEID="10" PREVID="0" NEXTID="0" UPDATEDATE="2025-09-29" STARTDATE="2025-09-29" ENDDATE="2079-06-06" ISACTUAL="1" ISACTIVE="1" /><STEAD ID="74174730" OBJECTID="85886155" OBJECTGUID="34fe4d46-abcb-40c4-8075-19f31293d589" CHANGEID="689674476" NUMBER="3" OPERTYPEID="30" PREVID="1337548" NEXTID="0" UPDATEDATE="2025-09-29" STARTDATE="2025-09-29" ENDDATE="2079-06-06" ISACTUAL="1" ISACTIVE="0" /><STEAD ID="74175490" OBJECTID="174934777" OBJECTGUID="ec3aafb5-beab-4c72-b4c4-75ddff017510" CHANGEID="689678514" NUMBER="1В" OPERTYPEID="10" PREVID="0" NEXTID="0" UPDATEDATE="2025-09-29" STARTDATE="2025-09-29" ENDDATE="2079-06-06" ISACTUAL="1" ISACTIVE="1" /><STEAD ID="74176185" OBJECTID="174937081" OBJECTGUID="4f228265-4474-46b2-ad33-bd599196f103" CHANGEID="689682592" NUMBER="7А" OPERTYPEID="10" PREVID="0" NEXTID="0" UPDATEDATE="2025-09-29" STARTDATE="2025-09-29" ENDDATE="2079-06-06" ISACTUAL="1" ISACTIVE="1" /><STEAD ID="74176186" OBJECTID="174937082" OBJECTGUID="a46f5ad6-c8af-4a98-ba69-3316229989e6" CHANGEID="689682593" NUMBER="5А" OPERTYPEID="10" PREVID="0" NEXTID="0" UPDATEDATE="2025-09-29" STARTDATE="2025-09-29" ENDDATE="2079-06-06" ISACTUAL="1" ISACTIVE="1" /><STEAD ID="74176187" OBJECTID="174937083" OBJECTGUID="bdbca8e7-6e87-46b9-b8fb-1fecde340291" CHANGEID="689682594" NUMBER="3А" OPERTYPEID="10" PREVID="0" NEXTID="0" UPDATEDATE="2025-09-29" STARTDATE="2025-09-29" ENDDATE="2079-06-06" ISACTUAL="1" ISACTIVE="1" /><STEAD ID="74176188" OBJECTID="174937084" OBJECTGUID="5526b8da-27ad-4979-8b82-08b6ac9178c6" CHANGEID="689682595" NUMBER="1А" OPERTYPEID="10" PREVID="0" NEXTID="0" UPDATEDATE="2025-09-29" STARTDATE="2025-09-29" ENDDATE="2079-06-06" ISACTUAL="1" ISACTIVE="1" /><STEAD ID="74176263" OBJECTID="174937212" OBJECTGUID="1cecaa7c-938a-4c2f-b0df-1c67eb06940d" CHANGEID="689682809" NUMBER="3" OPERTYPEID="10" PREVID="0" NEXTID="0" UPDATEDATE="2025-09-29" STARTDATE="2025-09-29" ENDDATE="2079-06-06" ISACTUAL="1" ISACTIVE="1" /><STEAD ID="74176424" OBJECTID="174937760" OBJECTGUID="a5e50761-6c18-436c-8614-76324ebf0c3b" CHANGEID="689683745" NUMBER="61" OPERTYPEID="10" PREVID="0" NEXTID="0" UPDATEDATE="2025-09-29" STARTDATE="2025-09-29" ENDDATE="2079-06-06" ISACTUAL="1" ISACTIVE="1" /><STEAD ID="74176300" OBJECTID="174937273" OBJECTGUID="513fea46-a5b1-4ee6-a9ac-b1cbd6d1d294" CHANGEID="689682912" NUMBER="1" OPERTYPEID="10" PREVID="0" NEXTID="0" UPDATEDATE="2025-09-29" STARTDATE="2025-09-29" ENDDATE="2079-06-06" ISACTUAL="1" ISACTIVE="1" /><STEAD ID="74176358" OBJECTID="174937358" OBJECTGUID="4e0683fb-6e91-4a08-b46f-9c97bf1144b0" CHANGEID="689683078" NUMBER="69А" OPERTYPEID="10" PREVID="0" NEXTID="0" UPDATEDATE="2025-09-29" STARTDATE="2025-09-29" ENDDATE="2079-06-06" ISACTUAL="1" ISACTIVE="1" /><STEAD ID="74176378" OBJECTID="174937532" OBJECTGUID="1d36d9a9-0c3d-471a-8ebe-f391b45ed92d" CHANGEID="689683365" NUMBER="30" OPERTYPEID="10" PREVID="0" NEXTID="0" UPDATEDATE="2025-09-29" STARTDATE="2025-09-29" ENDDATE="2079-06-06" ISACTUAL="1" ISACTIVE="1" /><STEAD ID="74176449" OBJECTID="174937815" OBJECTGUID="ab546276-0a92-4419-95d0-cb1d3e864fcf" CHANGEID="689683948" NUMBER="21" OPERTYPEID="10" PREVID="0" NEXTID="0" UPDATEDATE="2025-09-29" STARTDATE="2025-09-29" ENDDATE="2079-06-06" ISACTUAL="1" ISACTIVE="1" /><STEAD ID="74177303" OBJECTID="174939621" OBJECTGUID="90c483cc-0ec1-4c12-9389-0a8c6d46b871" CHANGEID="689688841" NUMBER="6" OPERTYPEID="10" PREVID="0" NEXTID="0" UPDATEDATE="2025-09-29" STARTDATE="2025-09-29" ENDDATE="2079-06-06" ISACTUAL="1" ISACTIVE="1" /><STEAD ID="74177425" OBJECTID="174939787" OBJECTGUID="59664592-0162-4a03-9290-ada1b495f783" CHANGEID="689689356" NUMBER="43/10" OPERTYPEID="10" PREVID="0" NEXTID="0" UPDATEDATE="2025-09-29" STARTDATE="2025-09-29" ENDDATE="2079-06-06" ISACTUAL="1" ISACTIVE="1" /><STEAD ID="74177656" OBJECTID="174940105" OBJECTGUID="7319046d-52fe-4626-b0e3-40929955d735" CHANGEID="689690457" NUMBER="37" OPERTYPEID="10" PREVID="0" NEXTID="0" UPDATEDATE="2025-09-29" STARTDATE="2025-09-29" ENDDATE="2079-06-06" ISACTUAL="1" ISACTIVE="1" /><STEAD ID="74177645" OBJECTID="174940085" OBJECTGUID="6360191e-88c2-4c04-84c2-7b973768d9fb" CHANGEID="689690402" NUMBER="7/2" OPERTYPEID="10" PREVID="0" NEXTID="0" UPDATEDATE="2025-09-29" STARTDATE="2025-09-29" ENDDATE="2079-06-06" ISACTUAL="1" ISACTIVE="1" /><STEAD ID="74177688" OBJECTID="174940152" OBJECTGUID="4ddcd1f5-9a22-492f-88f7-e71170a80493" CHANGEID="689690542" NUMBER="31" OPERTYPEID="10" PREVID="0" NEXTID="0" UPDATEDATE="2025-09-29" STARTDATE="2025-09-29" ENDDATE="2079-06-06" ISACTUAL="1" ISACTIVE="1" /><STEAD ID="74177669" OBJECTID="174940125" OBJECTGUID="ab16a6f2-263d-4240-baa0-463ce2bac331" CHANGEID="689690487" NUMBER="20" OPERTYPEID="10" PREVID="0" NEXTID="0" UPDATEDATE="2025-09-29" STARTDATE="2025-09-29" ENDDATE="2079-06-06" ISACTUAL="1" ISACTIVE="1" /><STEAD ID="74177735" OBJECTID="174940227" OBJECTGUID="4c30b762-b9db-47a5-9a1d-3ae69f1ef565" CHANGEID="689690632" NUMBER="18" OPERTYPEID="10" PREVID="0" NEXTID="0" UPDATEDATE="2025-09-29" STARTDATE="2025-09-29" ENDDATE="2079-06-06" ISACTUAL="1" ISACTIVE="1" /><STEAD ID="74177866" OBJECTID="174940408" OBJECTGUID="2148735d-e23e-4eea-9326-ccb9c18d71fc" CHANGEID="689690903" NUMBER="17" OPERTYPEID="10" PREVID="0" NEXTID="0" UPDATEDATE="2025-09-29" STARTDATE="2025-09-29" ENDDATE="2079-06-06" ISACTUAL="1" ISACTIVE="1" /><STEAD ID="74177948" OBJECTID="174940502" OBJECTGUID="3f00691a-84ec-4016-b92e-5340aab7075a" CHANGEID="689691037" NUMBER="70" OPERTYPEID="10" PREVID="0" NEXTID="0" UPDATEDATE="2025-09-29" STARTDATE="2025-09-29" ENDDATE="2079-06-06" ISACTUAL="1" ISACTIVE="1" /><STEAD ID="74177839" OBJECTID="174940347" OBJECTGUID="a8ca0657-c88f-4c35-baaa-213b67dfbef5" CHANGEID="689690820" NUMBER="18/1" OPERTYPEID="10" PREVID="0" NEXTID="0" UPDATEDATE="2025-09-29" STARTDATE="2025-09-29" ENDDATE="2079-06-06" ISACTUAL="1" ISACTIVE="1" /><STEAD ID="74177903" OBJECTID="174940451" OBJECTGUID="36360215-40f3-4e6d-84e4-b3c63e5da998" CHANGEID="689690968" NUMBER="37/1" OPERTYPEID="10" PREVID="0" NEXTID="0" UPDATEDATE="2025-09-29" STARTDATE="2025-09-29" ENDDATE="2079-06-06" ISACTUAL="1" ISACTIVE="1" /><STEAD ID="74178011" OBJECTID="174940616" OBJECTGUID="ee1cf2f5-f25f-41bc-b831-1c542d67e821" CHANGEID="689691297" NUMBER="73" OPERTYPEID="10" PREVID="0" NEXTID="0" UPDATEDATE="2025-09-29" STARTDATE="2025-09-29" ENDDATE="2079-06-06" ISACTUAL="1" ISACTIVE="1" /><STEAD ID="74178070" OBJECTID="174940684" OBJECTGUID="3771f4b4-d121-4bb8-bb66-09fa5bc47898" CHANGEID="689691383" NUMBER="47" OPERTYPEID="10" PREVID="0" NEXTID="0" UPDATEDATE="2025-09-29" STARTDATE="2025-09-29" ENDDATE="2079-06-06" ISACTUAL="1" ISACTIVE="1" /><STEAD ID="74178147" OBJECTID="174940770" OBJECTGUID="7ac673db-0f26-4b77-91be-5ca9e116b0ee" CHANGEID="689691585" NUMBER="15/1" OPERTYPEID="10" PREVID="0" NEXTID="0" UPDATEDATE="2025-09-29" STARTDATE="2025-09-29" ENDDATE="2079-06-06" ISACTUAL="1" ISACTIVE="1" /><STEAD ID="74178188" OBJECTID="174940839" OBJECTGUID="5cf43e8a-0d3f-44fa-ba02-b94c0fe121a3" CHANGEID="689691693" NUMBER="69" OPERTYPEID="10" PREVID="0" NEXTID="0" UPDATEDATE="2025-09-29" STARTDATE="2025-09-29" ENDDATE="2079-06-06" ISACTUAL="1" ISACTIVE="1" /><STEAD ID="74178200" OBJECTID="174940860" OBJECTGUID="33d41a8d-ac42-4d96-baba-38a3a3ba0cb5" CHANGEID="689691734" NUMBER="2" OPERTYPEID="10" PREVID="0" NEXTID="0" UPDATEDATE="2025-09-29" STARTDATE="2025-09-29" ENDDATE="2079-06-06" ISACTUAL="1" ISACTIVE="1" /><STEAD ID="74178205" OBJECTID="174940867" OBJECTGUID="c1992b65-d187-4217-807d-f7330b79c693" CHANGEID="689691760" NUMBER="42" OPERTYPEID="10" PREVID="0" NEXTID="0" UPDATEDATE="2025-09-29" STARTDATE="2025-09-29" ENDDATE="2079-06-06" ISACTUAL="1" ISACTIVE="1" /><STEAD ID="74178214" OBJECTID="174940905" OBJECTGUID="f5f37bef-5b68-4521-a5ad-766e92597f6c" CHANGEID="689691814" NUMBER="57" OPERTYPEID="10" PREVID="0" NEXTID="0" UPDATEDATE="2025-09-29" STARTDATE="2025-09-29" ENDDATE="2079-06-06" ISACTUAL="1" ISACTIVE="1" /><STEAD ID="74178204" OBJECTID="174940866" OBJECTGUID="035f057d-0895-4d79-9936-7b9d57c50725" CHANGEID="689691751" NUMBER="69г" OPERTYPEID="10" PREVID="0" NEXTID="0" UPDATEDATE="2025-09-29" STARTDATE="2025-09-29" ENDDATE="2079-06-06" ISACTUAL="1" ISACTIVE="1" /><STEAD ID="74179063" OBJECTID="174942436" OBJECTGUID="25436e7a-80de-4927-b706-ad810b11c6bd" CHANGEID="689694853" NUMBER="10" OPERTYPEID="10" PREVID="0" NEXTID="0" UPDATEDATE="2025-09-29" STARTDATE="2025-09-29" ENDDATE="2079-06-06" ISACTUAL="1" ISACTIVE="1" /><STEAD ID="74179833" OBJECTID="174943733" OBJECTGUID="71a9f1ed-61dd-4532-82f8-b7cbf33b5d74" CHANGEID="689697063" NUMBER="43" OPERTYPEID="10" PREVID="0" NEXTID="0" UPDATEDATE="2025-09-29" STARTDATE="2025-09-29" ENDDATE="2079-06-06" ISACTUAL="1" ISACTIVE="1" /><STEAD ID="74179840" OBJECTID="174943742" OBJECTGUID="3158d00a-ffce-41c9-ba36-4a0fcc158b38" CHANGEID="689697076" NUMBER="41" OPERTYPEID="10" PREVID="0" NEXTID="0" UPDATEDATE="2025-09-29" STARTDATE="2025-09-29" ENDDATE="2079-06-06" ISACTUAL="1" ISACTIVE="1" /><STEAD ID="74179898" OBJECTID="174943848" OBJECTGUID="f31886c2-f56e-4eb5-9c03-fc476bd2c623" CHANGEID="689697208" NUMBER="45" OPERTYPEID="10" PREVID="0" NEXTID="0" UPDATEDATE="2025-09-29" STARTDATE="2025-09-29" ENDDATE="2079-06-06" ISACTUAL="1" ISACTIVE="1" /><STEAD ID="74179859" OBJECTID="174943766" OBJECTGUID="2ef2145c-b589-40da-9c14-9d9eb7cbec84" CHANGEID="689697107" NUMBER="39" OPERTYPEID="10" PREVID="0" NEXTID="0" UPDATEDATE="2025-09-29" STARTDATE="2025-09-29" ENDDATE="2079-06-06" ISACTUAL="1" ISACTIVE="1" /><STEAD ID="74179918" OBJECTID="174943965" OBJECTGUID="5941cfb8-d2c5-4fe7-a06e-973d205b994c" CHANGEID="689697345" NUMBER="1а" OPERTYPEID="10" PREVID="0" NEXTID="0" UPDATEDATE="2025-09-29" STARTDATE="2025-09-29" ENDDATE="2079-06-06" ISACTUAL="1" ISACTIVE="1" /><STEAD ID="74179928" OBJECTID="174943982" OBJECTGUID="f5100a7d-b48a-44fa-9449-63fbb9fceb53" CHANGEID="689697376" NUMBER="4" OPERTYPEID="10" PREVID="0" NEXTID="0" UPDATEDATE="2025-09-29" STARTDATE="2025-09-29" ENDDATE="2079-06-06" ISACTUAL="1" ISACTIVE="1" /><STEAD ID="74179932" OBJECTID="174943991" OBJECTGUID="c72f9156-1069-4356-8d38-0f6f3809324e" CHANGEID="689697400" NUMBER="2" OPERTYPEID="10" PREVID="0" NEXTID="0" UPDATEDATE="2025-09-29" STARTDATE="2025-09-29" ENDDATE="2079-06-06" ISACTUAL="1" ISACTIVE="1" /><STEAD ID="74179946" OBJECTID="174944023" OBJECTGUID="39063f21-e134-4f52-94bc-666f1fc09c6d" CHANGEID="689697451" NUMBER="11" OPERTYPEID="10" PREVID="0" NEXTID="0" UPDATEDATE="2025-09-29" STARTDATE="2025-09-29" ENDDATE="2079-06-06" ISACTUAL="1" ISACTIVE="1" /><STEAD ID="74179942" OBJECTID="174944011" OBJECTGUID="2cc4cb19-1aa1-4bdb-9309-4e71ef3aad57" CHANGEID="689697433" NUMBER="13" OPERTYPEID="10" PREVID="0" NEXTID="0" UPDATEDATE="2025-09-29" STARTDATE="2025-09-29" ENDDATE="2079-06-06" ISACTUAL="1" ISACTIVE="1" /><STEAD ID="74180210" OBJECTID="174944669" OBJECTGUID="60fa4081-e20d-46a6-8b38-75b0b44e7bd6" CHANGEID="689699380" NUMBER="4" OPERTYPEID="10" PREVID="0" NEXTID="0" UPDATEDATE="2025-09-29" STARTDATE="2025-09-29" ENDDATE="2079-06-06" ISACTUAL="1" ISACTIVE="1" /><STEAD ID="74180215" OBJECTID="174944675" OBJECTGUID="3df01979-044a-47fc-89bb-859ae0aa25fa" CHANGEID="689699465" NUMBER="6" OPERTYPEID="10" PREVID="0" NEXTID="0" UPDATEDATE="2025-09-29" STARTDATE="2025-09-29" ENDDATE="2079-06-06" ISACTUAL="1" ISACTIVE="1" /><STEAD ID="74180217" OBJECTID="174944677" OBJECTGUID="682abb84-df3e-4c33-929d-319133c55b4a" CHANGEID="689699543" NUMBER="8" OPERTYPEID="10" PREVID="0" NEXTID="0" UPDATEDATE="2025-09-29" STARTDATE="2025-09-29" ENDDATE="2079-06-06" ISACTUAL="1" ISACTIVE="1" /><STEAD ID="74180220" OBJECTID="174944683" OBJECTGUID="641f4598-c73f-4777-9ce3-2a5b38fa44f6" CHANGEID="689699551" NUMBER="10" OPERTYPEID="10" PREVID="0" NEXTID="0" UPDATEDATE="2025-09-29" STARTDATE="2025-09-29" ENDDATE="2079-06-06" ISACTUAL="1" ISACTIVE="1" /><STEAD ID="74180222" OBJECTID="174944686" OBJECTGUID="c48589f1-a1e7-479e-9fe0-d047fdceb410" CHANGEID="689699558" NUMBER="12" OPERTYPEID="10" PREVID="0" NEXTID="0" UPDATEDATE="2025-09-29" STARTDATE="2025-09-29" ENDDATE="2079-06-06" ISACTUAL="1" ISACTIVE="1" /><STEAD ID="74180226" OBJECTID="174944734" OBJECTGUID="de75b7a1-ee4a-48bb-9889-c0e165f8992d" CHANGEID="689699621" NUMBER="14" OPERTYPEID="10" PREVID="0" NEXTID="0" UPDATEDATE="2025-09-29" STARTDATE="2025-09-29" ENDDATE="2079-06-06" ISACTUAL="1" ISACTIVE="1" /><STEAD ID="74180228" OBJECTID="174944737" OBJECTGUID="83dace90-3c62-447c-81fe-4af9cda701c7" CHANGEID="689699638" NUMBER="16" OPERTYPEID="10" PREVID="0" NEXTID="0" UPDATEDATE="2025-09-29" STARTDATE="2025-09-29" ENDDATE="2079-06-06" ISACTUAL="1" ISACTIVE="1" /><STEAD ID="74180267" OBJECTID="174944782" OBJECTGUID="ab81de8e-3505-4252-a1ab-8d1e5cbf7466" CHANGEID="689699718" NUMBER="20" OPERTYPEID="10" PREVID="0" NEXTID="0" UPDATEDATE="2025-09-29" STARTDATE="2025-09-29" ENDDATE="2079-06-06" ISACTUAL="1" ISACTIVE="1" /><STEAD ID="74180233" OBJECTID="174944747" OBJECTGUID="99a87a25-9ae4-462f-af03-e027b7b64009" CHANGEID="689699681" NUMBER="18" OPERTYPEID="10" PREVID="0" NEXTID="0" UPDATEDATE="2025-09-29" STARTDATE="2025-09-29" ENDDATE="2079-06-06" ISACTUAL="1" ISACTIVE="1" /><STEAD ID="74183563" OBJECTID="174950400" OBJECTGUID="f7108ada-7b0a-4676-aeec-a2ef1d381d67" CHANGEID="689710862" NUMBER="20" OPERTYPEID="10" PREVID="0" NEXTID="0" UPDATEDATE="2025-09-30" STARTDATE="2025-09-30" ENDDATE="2079-06-06" ISACTUAL="1" ISACTIVE="1" /><STEAD ID="74184686" OBJECTID="174951977" OBJECTGUID="d5bc4a45-cbaf-495c-a619-24a8e966e5c4" CHANGEID="689716305" NUMBER="30а" OPERTYPEID="10" PREVID="0" NEXTID="0" UPDATEDATE="2025-09-30" STARTDATE="2025-09-30" ENDDATE="2079-06-06" ISACTUAL="1" ISACTIVE="1" /><STEAD ID="74184683" OBJECTID="174951974" OBJECTGUID="8722dfed-0697-4750-9e57-36c4ee6a011c" CHANGEID="689716302" NUMBER="30" OPERTYPEID="10" PREVID="0" NEXTID="0" UPDATEDATE="2025-09-30" STARTDATE="2025-09-30" ENDDATE="2079-06-06" ISACTUAL="1" ISACTIVE="1" /><STEAD ID="74186543" OBJECTID="174954770" OBJECTGUID="c19dba4c-fba7-4b59-b7bb-816a27ee90f0" CHANGEID="689722349" NUMBER="37" OPERTYPEID="10" PREVID="0" NEXTID="0" UPDATEDATE="2025-09-30" STARTDATE="2025-09-30" ENDDATE="2079-06-06" ISACTUAL="1" ISACTIVE="1" /><STEAD ID="74186515" OBJECTID="174954646" OBJECTGUID="5adfb143-c26e-47ad-aa3f-749f6b2330a1" CHANGEID="689721910" NUMBER="27" OPERTYPEID="10" PREVID="0" NEXTID="0" UPDATEDATE="2025-09-30" STARTDATE="2025-09-30" ENDDATE="2079-06-06" ISACTUAL="1" ISACTIVE="1" /><STEAD ID="74186522" OBJECTID="174954663" OBJECTGUID="7ec775b6-87f9-44db-b5d2-a20571048a53" CHANGEID="689721954" NUMBER="32" OPERTYPEID="10" PREVID="0" NEXTID="0" UPDATEDATE="2025-09-30" STARTDATE="2025-09-30" ENDDATE="2079-06-06" ISACTUAL="1" ISACTIVE="1" /><STEAD ID="74186558" OBJECTID="174954783" OBJECTGUID="d9155926-14d6-4164-a85f-cbc767b284df" CHANGEID="689722398" NUMBER="38а" OPERTYPEID="10" PREVID="0" NEXTID="0" UPDATEDATE="2025-09-30" STARTDATE="2025-09-30" ENDDATE="2079-06-06" ISACTUAL="1" ISACTIVE="1" /><STEAD ID="74186568" OBJECTID="174954791" OBJECTGUID="40bcbf41-8ccf-4095-8cc6-bc2d9158644c" CHANGEID="689722430" NUMBER="39" OPERTYPEID="10" PREVID="0" NEXTID="0" UPDATEDATE="2025-09-30" STARTDATE="2025-09-30" ENDDATE="2079-06-06" ISACTUAL="1" ISACTIVE="1" /><STEAD ID="74186579" OBJECTID="174954801" OBJECTGUID="2c7b863e-3389-4c87-a1f8-b7624a567796" CHANGEID="689722464" NUMBER="41" OPERTYPEID="10" PREVID="0" NEXTID="0" UPDATEDATE="2025-09-30" STARTDATE="2025-09-30" ENDDATE="2079-06-06" ISACTUAL="1" ISACTIVE="1" /><STEAD ID="74186581" OBJECTID="174954803" OBJECTGUID="ea660037-8520-413a-a2ae-acf66eb947c9" CHANGEID="689722466" NUMBER="3" OPERTYPEID="10" PREVID="0" NEXTID="0" UPDATEDATE="2025-09-30" STARTDATE="2025-09-30" ENDDATE="2079-06-06" ISACTUAL="1" ISACTIVE="1" /><STEAD ID="74186582" OBJECTID="174954805" OBJECTGUID="dacd4954-a8ba-422a-8631-15394e5b4743" CHANGEID="689722468" NUMBER="1" OPERTYPEID="10" PREVID="0" NEXTID="0" UPDATEDATE="2025-09-30" STARTDATE="2025-09-30" ENDDATE="2079-06-06" ISACTUAL="1" ISACTIVE="1" /><STEAD ID="74187235" OBJECTID="174955982" OBJECTGUID="1db1411a-1cdb-4cc9-b761-6f930e23227e" CHANGEID="689724515" NUMBER="3" OPERTYPEID="10" PREVID="0" NEXTID="0" UPDATEDATE="2025-09-30" STARTDATE="2025-09-30" ENDDATE="2079-06-06" ISACTUAL="1" ISACTIVE="1" /><STEAD ID="74187236" OBJECTID="174955983" OBJECTGUID="de9becec-41c9-4c0a-bcf3-a6fb409bf909" CHANGEID="689724517" NUMBER="5" OPERTYPEID="10" PREVID="0" NEXTID="0" UPDATEDATE="2025-09-30" STARTDATE="2025-09-30" ENDDATE="2079-06-06" ISACTUAL="1" ISACTIVE="1" /><STEAD ID="74187237" OBJECTID="174955984" OBJECTGUID="b0cc0b97-6890-4a35-ad7f-c50c44e27f6f" CHANGEID="689724519" NUMBER="7" OPERTYPEID="10" PREVID="0" NEXTID="0" UPDATEDATE="2025-09-30" STARTDATE="2025-09-30" ENDDATE="2079-06-06" ISACTUAL="1" ISACTIVE="1" /><STEAD ID="74187238" OBJECTID="174955985" OBJECTGUID="20aae539-143c-4dbe-a542-bf5c8b9b6619" CHANGEID="689724521" NUMBER="4" OPERTYPEID="10" PREVID="0" NEXTID="0" UPDATEDATE="2025-09-30" STARTDATE="2025-09-30" ENDDATE="2079-06-06" ISACTUAL="1" ISACTIVE="1" /><STEAD ID="74187240" OBJECTID="174955987" OBJECTGUID="09a488b8-bca7-46e3-98cb-1827aab97a71" CHANGEID="689724523" NUMBER="4" OPERTYPEID="10" PREVID="0" NEXTID="0" UPDATEDATE="2025-09-30" STARTDATE="2025-09-30" ENDDATE="2079-06-06" ISACTUAL="1" ISACTIVE="1" /><STEAD ID="74187244" OBJECTID="174955991" OBJECTGUID="310c4995-2636-4721-9e1b-69ece34cac2b" CHANGEID="689724531" NUMBER="8" OPERTYPEID="10" PREVID="0" NEXTID="0" UPDATEDATE="2025-09-30" STARTDATE="2025-09-30" ENDDATE="2079-06-06" ISACTUAL="1" ISACTIVE="1" /><STEAD ID="74187245" OBJECTID="174955992" OBJECTGUID="4563de08-b41b-4d23-8297-a317094b62bb" CHANGEID="689724535" NUMBER="10" OPERTYPEID="10" PREVID="0" NEXTID="0" UPDATEDATE="2025-09-30" STARTDATE="2025-09-30" ENDDATE="2079-06-06" ISACTUAL="1" ISACTIVE="1" /><STEAD ID="74187239" OBJECTID="174955986" OBJECTGUID="f8b11232-4527-41ff-849a-cce8ed7214cf" CHANGEID="689724522" NUMBER="6" OPERTYPEID="10" PREVID="0" NEXTID="0" UPDATEDATE="2025-09-30" STARTDATE="2025-09-30" ENDDATE="2079-06-06" ISACTUAL="1" ISACTIVE="1" /><STEAD ID="74187241" OBJECTID="174955988" OBJECTGUID="6e96ae77-2aa3-4da1-bb82-8df8394c4d99" CHANGEID="689724524" NUMBER="2а/1" OPERTYPEID="10" PREVID="0" NEXTID="0" UPDATEDATE="2025-09-30" STARTDATE="2025-09-30" ENDDATE="2079-06-06" ISACTUAL="1" ISACTIVE="1" /><STEAD ID="74187242" OBJECTID="174955989" OBJECTGUID="f09ad4cf-d69f-4bb7-b70e-c4b536e2f4aa" CHANGEID="689724526" NUMBER="2" OPERTYPEID="10" PREVID="0" NEXTID="0" UPDATEDATE="2025-09-30" STARTDATE="2025-09-30" ENDDATE="2079-06-06" ISACTUAL="1" ISACTIVE="1" /><STEAD ID="74187243" OBJECTID="174955990" OBJECTGUID="574ec0b1-4653-4972-899c-20b548d9aa01" CHANGEID="689724528" NUMBER="4" OPERTYPEID="10" PREVID="0" NEXTID="0" UPDATEDATE="2025-09-30" STARTDATE="2025-09-30" ENDDATE="2079-06-06" ISACTUAL="1" ISACTIVE="1" /><STEAD ID="74187246" OBJECTID="174955993" OBJECTGUID="f4135561-74f5-482d-974f-1bb053c04515" CHANGEID="689724536" NUMBER="12" OPERTYPEID="10" PREVID="0" NEXTID="0" UPDATEDATE="2025-09-30" STARTDATE="2025-09-30" ENDDATE="2079-06-06" ISACTUAL="1" ISACTIVE="1" /><STEAD ID="74187247" OBJECTID="174955994" OBJECTGUID="c0063c73-a18e-4e49-8a36-e21705afbce8" CHANGEID="689724540" NUMBER="18" OPERTYPEID="10" PREVID="0" NEXTID="0" UPDATEDATE="2025-09-30" STARTDATE="2025-09-30" ENDDATE="2079-06-06" ISACTUAL="1" ISACTIVE="1" /><STEAD ID="74187825" OBJECTID="174957003" OBJECTGUID="eb7044b7-86d2-465a-b17c-301aa26aa43d" CHANGEID="689726580" NUMBER="15" OPERTYPEID="10" PREVID="0" NEXTID="0" UPDATEDATE="2025-09-30" STARTDATE="2025-09-30" ENDDATE="2079-06-06" ISACTUAL="1" ISACTIVE="1" /><STEAD ID="74187826" OBJECTID="174957004" OBJECTGUID="32997bcc-1493-4ec9-8a28-1638f97ade76" CHANGEID="689726581" NUMBER="14" OPERTYPEID="10" PREVID="0" NEXTID="0" UPDATEDATE="2025-09-30" STARTDATE="2025-09-30" ENDDATE="2079-06-06" ISACTUAL="1" ISACTIVE="1" /><STEAD ID="74187827" OBJECTID="174957005" OBJECTGUID="d5880ee1-984d-4d1f-bd3e-12c8ac9f6045" CHANGEID="689726582" NUMBER="13" OPERTYPEID="10" PREVID="0" NEXTID="0" UPDATEDATE="2025-09-30" STARTDATE="2025-09-30" ENDDATE="2079-06-06" ISACTUAL="1" ISACTIVE="1" /><STEAD ID="74187828" OBJECTID="174957006" OBJECTGUID="d089a41c-a9be-4b55-af32-cd4ab2fa6100" CHANGEID="689726583" NUMBER="12" OPERTYPEID="10" PREVID="0" NEXTID="0" UPDATEDATE="2025-09-30" STARTDATE="2025-09-30" ENDDATE="2079-06-06" ISACTUAL="1" ISACTIVE="1" /><STEAD ID="74187829" OBJECTID="174957007" OBJECTGUID="2719f768-42b5-4d56-a013-6dcb6f24efb5" CHANGEID="689726584" NUMBER="11" OPERTYPEID="10" PREVID="0" NEXTID="0" UPDATEDATE="2025-09-30" STARTDATE="2025-09-30" ENDDATE="2079-06-06" ISACTUAL="1" ISACTIVE="1" /><STEAD ID="74187830" OBJECTID="174957008" OBJECTGUID="203590f4-fb40-4b33-8465-4617098608b6" CHANGEID="689726585" NUMBER="10" OPERTYPEID="10" PREVID="0" NEXTID="0" UPDATEDATE="2025-09-30" STARTDATE="2025-09-30" ENDDATE="2079-06-06" ISACTUAL="1" ISACTIVE="1" /><STEAD ID="74187831" OBJECTID="174957009" OBJECTGUID="897d4125-6ae8-4b47-a96e-6d007b6ff5e1" CHANGEID="689726586" NUMBER="9" OPERTYPEID="10" PREVID="0" NEXTID="0" UPDATEDATE="2025-09-30" STARTDATE="2025-09-30" ENDDATE="2079-06-06" ISACTUAL="1" ISACTIVE="1" /><STEAD ID="74187832" OBJECTID="174957010" OBJECTGUID="81dadbfd-8fa2-401c-991b-9631a9e02ce0" CHANGEID="689726587" NUMBER="8" OPERTYPEID="10" PREVID="0" NEXTID="0" UPDATEDATE="2025-09-30" STARTDATE="2025-09-30" ENDDATE="2079-06-06" ISACTUAL="1" ISACTIVE="1" /><STEAD ID="74187833" OBJECTID="174957011" OBJECTGUID="8e451638-f15b-4b50-b41a-ae32d7e373a9" CHANGEID="689726588" NUMBER="7" OPERTYPEID="10" PREVID="0" NEXTID="0" UPDATEDATE="2025-09-30" STARTDATE="2025-09-30" ENDDATE="2079-06-06" ISACTUAL="1" ISACTIVE="1" /><STEAD ID="74187834" OBJECTID="174957012" OBJECTGUID="15b0e21d-a106-48db-a2b5-e763755dab5a" CHANGEID="689726589" NUMBER="6" OPERTYPEID="10" PREVID="0" NEXTID="0" UPDATEDATE="2025-09-30" STARTDATE="2025-09-30" ENDDATE="2079-06-06" ISACTUAL="1" ISACTIVE="1" /><STEAD ID="74187835" OBJECTID="174957013" OBJECTGUID="2d8e8215-0855-4586-af57-a38b2f1fc1ca" CHANGEID="689726590" NUMBER="5" OPERTYPEID="10" PREVID="0" NEXTID="0" UPDATEDATE="2025-09-30" STARTDATE="2025-09-30" ENDDATE="2079-06-06" ISACTUAL="1" ISACTIVE="1" /><STEAD ID="74187836" OBJECTID="174957014" OBJECTGUID="62232a7f-235b-46b9-927e-9a737d313227" CHANGEID="689726591" NUMBER="4" OPERTYPEID="10" PREVID="0" NEXTID="0" UPDATEDATE="2025-09-30" STARTDATE="2025-09-30" ENDDATE="2079-06-06" ISACTUAL="1" ISACTIVE="1" /><STEAD ID="74187837" OBJECTID="174957015" OBJECTGUID="2b744850-7634-4cd5-95b8-c72b1bc662d9" CHANGEID="689726592" NUMBER="3" OPERTYPEID="10" PREVID="0" NEXTID="0" UPDATEDATE="2025-09-30" STARTDATE="2025-09-30" ENDDATE="2079-06-06" ISACTUAL="1" ISACTIVE="1" /><STEAD ID="74187838" OBJECTID="174957016" OBJECTGUID="b57cc310-0d39-4d60-b809-9c2b3776f413" CHANGEID="689726593" NUMBER="2" OPERTYPEID="10" PREVID="0" NEXTID="0" UPDATEDATE="2025-09-30" STARTDATE="2025-09-30" ENDDATE="2079-06-06" ISACTUAL="1" ISACTIVE="1" /><STEAD ID="74187839" OBJECTID="174957017" OBJECTGUID="5a2d7aee-4f26-43d7-ad45-7e07185f8d49" CHANGEID="689726594" NUMBER="1" OPERTYPEID="10" PREVID="0" NEXTID="0" UPDATEDATE="2025-09-30" STARTDATE="2025-09-30" ENDDATE="2079-06-06" ISACTUAL="1" ISACTIVE="1" /><STEAD ID="74187850" OBJECTID="174957223" OBJECTGUID="16eaacdf-73b1-43bd-9ba7-c389f18c7251" CHANGEID="689726899" NUMBER="37" OPERTYPEID="10" PREVID="0" NEXTID="0" UPDATEDATE="2025-09-30" STARTDATE="2025-09-30" ENDDATE="2079-06-06" ISACTUAL="1" ISACTIVE="1" /><STEAD ID="74187851" OBJECTID="174957224" OBJECTGUID="3c7d857b-6c14-4875-9cc0-cbc1bd42344d" CHANGEID="689726900" NUMBER="36" OPERTYPEID="10" PREVID="0" NEXTID="0" UPDATEDATE="2025-09-30" STARTDATE="2025-09-30" ENDDATE="2079-06-06" ISACTUAL="1" ISACTIVE="1" /><STEAD ID="74187869" OBJECTID="174957276" OBJECTGUID="68bdfa08-8705-42d1-bbf7-f052b31f7de8" CHANGEID="689726962" NUMBER="47" OPERTYPEID="10" PREVID="0" NEXTID="0" UPDATEDATE="2025-09-30" STARTDATE="2025-09-30" ENDDATE="2079-06-06" ISACTUAL="1" ISACTIVE="1" /><STEAD ID="74187870" OBJECTID="174957277" OBJECTGUID="4a09381e-0cff-42ee-aef7-6e7704031eea" CHANGEID="689726963" NUMBER="38" OPERTYPEID="10" PREVID="0" NEXTID="0" UPDATEDATE="2025-09-30" STARTDATE="2025-09-30" ENDDATE="2079-06-06" ISACTUAL="1" ISACTIVE="1" /><STEAD ID="74187871" OBJECTID="174957278" OBJECTGUID="9a208219-38eb-479d-aad6-4e659de04f1a" CHANGEID="689726964" NUMBER="45" OPERTYPEID="10" PREVID="0" NEXTID="0" UPDATEDATE="2025-09-30" STARTDATE="2025-09-30" ENDDATE="2079-06-06" ISACTUAL="1" ISACTIVE="1" /><STEAD ID="74187872" OBJECTID="174957279" OBJECTGUID="2cb013e7-a39e-45d3-88d4-6f200bb17346" CHANGEID="689726965" NUMBER="43" OPERTYPEID="10" PREVID="0" NEXTID="0" UPDATEDATE="2025-09-30" STARTDATE="2025-09-30" ENDDATE="2079-06-06" ISACTUAL="1" ISACTIVE="1" /><STEAD ID="74187873" OBJECTID="174957280" OBJECTGUID="0c786638-9401-45dc-ba9c-5d88ccf0689a" CHANGEID="689726966" NUMBER="41" OPERTYPEID="10" PREVID="0" NEXTID="0" UPDATEDATE="2025-09-30" STARTDATE="2025-09-30" ENDDATE="2079-06-06" ISACTUAL="1" ISACTIVE="1" /><STEAD ID="74187874" OBJECTID="174957281" OBJECTGUID="bfd5acad-cf4d-4f1e-af66-81b3dbac13b1" CHANGEID="689726967" NUMBER="40" OPERTYPEID="10" PREVID="0" NEXTID="0" UPDATEDATE="2025-09-30" STARTDATE="2025-09-30" ENDDATE="2079-06-06" ISACTUAL="1" ISACTIVE="1" /><STEAD ID="74187875" OBJECTID="174957282" OBJECTGUID="b6b83a0c-bb6e-4dc0-9e14-ac0d76c57fea" CHANGEID="689726968" NUMBER="39/2" OPERTYPEID="10" PREVID="0" NEXTID="0" UPDATEDATE="2025-09-30" STARTDATE="2025-09-30" ENDDATE="2079-06-06" ISACTUAL="1" ISACTIVE="1" /><STEAD ID="74187876" OBJECTID="174957283" OBJECTGUID="279283f9-be36-4d4c-8802-80c0fa45b889" CHANGEID="689726969" NUMBER="39/1" OPERTYPEID="10" PREVID="0" NEXTID="0" UPDATEDATE="2025-09-30" STARTDATE="2025-09-30" ENDDATE="2079-06-06" ISACTUAL="1" ISACTIVE="1" /><STEAD ID="74187852" OBJECTID="174957225" OBJECTGUID="6bd82f9d-bb2e-459a-83f6-2d7db1162662" CHANGEID="689726901" NUMBER="35" OPERTYPEID="10" PREVID="0" NEXTID="0" UPDATEDATE="2025-09-30" STARTDATE="2025-09-30" ENDDATE="2079-06-06" ISACTUAL="1" ISACTIVE="1" /><STEAD ID="74187853" OBJECTID="174957226" OBJECTGUID="e1874bb9-a124-4302-875a-60a03550de68" CHANGEID="689726902" NUMBER="30" OPERTYPEID="10" PREVID="0" NEXTID="0" UPDATEDATE="2025-09-30" STARTDATE="2025-09-30" ENDDATE="2079-06-06" ISACTUAL="1" ISACTIVE="1" /><STEAD ID="74187854" OBJECTID="174957227" OBJECTGUID="5c5503b6-1553-4c27-b46f-4ee67ea187ea" CHANGEID="689726903" NUMBER="29" OPERTYPEID="10" PREVID="0" NEXTID="0" UPDATEDATE="2025-09-30" STARTDATE="2025-09-30" ENDDATE="2079-06-06" ISACTUAL="1" ISACTIVE="1" /><STEAD ID="74187855" OBJECTID="174957228" OBJECTGUID="7e72f7a2-83a7-4a3e-9a48-af30e29ce718" CHANGEID="689726904" NUMBER="28" OPERTYPEID="10" PREVID="0" NEXTID="0" UPDATEDATE="2025-09-30" STARTDATE="2025-09-30" ENDDATE="2079-06-06" ISACTUAL="1" ISACTIVE="1" /><STEAD ID="74187856" OBJECTID="174957229" OBJECTGUID="be790ebe-8fbc-49a2-b86b-2d37218b936a" CHANGEID="689726905" NUMBER="27" OPERTYPEID="10" PREVID="0" NEXTID="0" UPDATEDATE="2025-09-30" STARTDATE="2025-09-30" ENDDATE="2079-06-06" ISACTUAL="1" ISACTIVE="1" /><STEAD ID="74187857" OBJECTID="174957230" OBJECTGUID="545fab0b-88ae-4612-9c98-7b1929661032" CHANGEID="689726906" NUMBER="26" OPERTYPEID="10" PREVID="0" NEXTID="0" UPDATEDATE="2025-09-30" STARTDATE="2025-09-30" ENDDATE="2079-06-06" ISACTUAL="1" ISACTIVE="1" /><STEAD ID="74187858" OBJECTID="174957231" OBJECTGUID="751f2bda-d966-4c4b-9983-96325f3e01f2" CHANGEID="689726907" NUMBER="25" OPERTYPEID="10" PREVID="0" NEXTID="0" UPDATEDATE="2025-09-30" STARTDATE="2025-09-30" ENDDATE="2079-06-06" ISACTUAL="1" ISACTIVE="1" /><STEAD ID="74187859" OBJECTID="174957232" OBJECTGUID="95534df1-de8d-404e-a72f-ff5710a33e4c" CHANGEID="689726908" NUMBER="24" OPERTYPEID="10" PREVID="0" NEXTID="0" UPDATEDATE="2025-09-30" STARTDATE="2025-09-30" ENDDATE="2079-06-06" ISACTUAL="1" ISACTIVE="1" /><STEAD ID="74187860" OBJECTID="174957233" OBJECTGUID="c2e94568-cbc4-43d6-ac5f-870748757edb" CHANGEID="689726909" NUMBER="23" OPERTYPEID="10" PREVID="0" NEXTID="0" UPDATEDATE="2025-09-30" STARTDATE="2025-09-30" ENDDATE="2079-06-06" ISACTUAL="1" ISACTIVE="1" /><STEAD ID="74187861" OBJECTID="174957234" OBJECTGUID="6f3fc8a3-79e7-4b1e-ba4d-d0c8707a2ee8" CHANGEID="689726910" NUMBER="20" OPERTYPEID="10" PREVID="0" NEXTID="0" UPDATEDATE="2025-09-30" STARTDATE="2025-09-30" ENDDATE="2079-06-06" ISACTUAL="1" ISACTIVE="1" /><STEAD ID="74187862" OBJECTID="174957235" OBJECTGUID="9ed8f5c8-db9a-4d86-b8cd-692d1aad9522" CHANGEID="689726911" NUMBER="18" OPERTYPEID="10" PREVID="0" NEXTID="0" UPDATEDATE="2025-09-30" STARTDATE="2025-09-30" ENDDATE="2079-06-06" ISACTUAL="1" ISACTIVE="1" /><STEAD ID="74187863" OBJECTID="174957236" OBJECTGUID="ab366b53-2d53-4378-a8c7-7a0ea80a25e6" CHANGEID="689726912" NUMBER="17" OPERTYPEID="10" PREVID="0" NEXTID="0" UPDATEDATE="2025-09-30" STARTDATE="2025-09-30" ENDDATE="2079-06-06" ISACTUAL="1" ISACTIVE="1" /><STEAD ID="74187864" OBJECTID="174957237" OBJECTGUID="228c581c-90e5-45f6-b17b-0c2a729e648b" CHANGEID="689726913" NUMBER="34" OPERTYPEID="10" PREVID="0" NEXTID="0" UPDATEDATE="2025-09-30" STARTDATE="2025-09-30" ENDDATE="2079-06-06" ISACTUAL="1" ISACTIVE="1" /><STEAD ID="74187865" OBJECTID="174957238" OBJECTGUID="5bf767f2-0f3c-4ccd-a7fc-da26efbb89bb" CHANGEID="689726914" NUMBER="33" OPERTYPEID="10" PREVID="0" NEXTID="0" UPDATEDATE="2025-09-30" STARTDATE="2025-09-30" ENDDATE="2079-06-06" ISACTUAL="1" ISACTIVE="1" /><STEAD ID="74187866" OBJECTID="174957239" OBJECTGUID="cfc6d73d-687c-4f15-b29a-46e7e51b3a64" CHANGEID="689726915" NUMBER="32" OPERTYPEID="10" PREVID="0" NEXTID="0" UPDATEDATE="2025-09-30" STARTDATE="2025-09-30" ENDDATE="2079-06-06" ISACTUAL="1" ISACTIVE="1" /><STEAD ID="74187867" OBJECTID="174957240" OBJECTGUID="6607c0cc-6d4d-441a-86ed-dff9bd7f658c" CHANGEID="689726916" NUMBER="31" OPERTYPEID="10" PREVID="0" NEXTID="0" UPDATEDATE="2025-09-30" STARTDATE="2025-09-30" ENDDATE="2079-06-06" ISACTUAL="1" ISACTIVE="1" /><STEAD ID="74187933" OBJECTID="174957396" OBJECTGUID="fd121b15-ebcd-4dbd-825a-81d10742fc59" CHANGEID="689728092" NUMBER="31" OPERTYPEID="10" PREVID="0" NEXTID="0" UPDATEDATE="2025-09-30" STARTDATE="2025-09-30" ENDDATE="2079-06-06" ISACTUAL="1" ISACTIVE="1" /><STEAD ID="74187934" OBJECTID="174957397" OBJECTGUID="9b139f36-b825-47c2-8a5f-6322679fc090" CHANGEID="689728093" NUMBER="30" OPERTYPEID="10" PREVID="0" NEXTID="0" UPDATEDATE="2025-09-30" STARTDATE="2025-09-30" ENDDATE="2079-06-06" ISACTUAL="1" ISACTIVE="1" /><STEAD ID="74187935" OBJECTID="174957398" OBJECTGUID="160b1357-82f8-42cb-be96-21af40af54bd" CHANGEID="689728094" NUMBER="29" OPERTYPEID="10" PREVID="0" NEXTID="0" UPDATEDATE="2025-09-30" STARTDATE="2025-09-30" ENDDATE="2079-06-06" ISACTUAL="1" ISACTIVE="1" /><STEAD ID="74187936" OBJECTID="174957399" OBJECTGUID="24300c05-16e5-42cb-a3a5-ea564d077a7a" CHANGEID="689728095" NUMBER="25" OPERTYPEID="10" PREVID="0" NEXTID="0" UPDATEDATE="2025-09-30" STARTDATE="2025-09-30" ENDDATE="2079-06-06" ISACTUAL="1" ISACTIVE="1" /><STEAD ID="74187937" OBJECTID="174957400" OBJECTGUID="ad3675a1-516c-4e71-88ee-5a4fdbc9d4a8" CHANGEID="689728096" NUMBER="24" OPERTYPEID="10" PREVID="0" NEXTID="0" UPDATEDATE="2025-09-30" STARTDATE="2025-09-30" ENDDATE="2079-06-06" ISACTUAL="1" ISACTIVE="1" /><STEAD ID="74187938" OBJECTID="174957401" OBJECTGUID="9ece43c7-da69-418e-93a7-00c50c6c3645" CHANGEID="689728097" NUMBER="22" OPERTYPEID="10" PREVID="0" NEXTID="0" UPDATEDATE="2025-09-30" STARTDATE="2025-09-30" ENDDATE="2079-06-06" ISACTUAL="1" ISACTIVE="1" /><STEAD ID="74187939" OBJECTID="174957402" OBJECTGUID="5071c282-126d-4ec1-b5fc-ddc34d8a7d83" CHANGEID="689728098" NUMBER="21" OPERTYPEID="10" PREVID="0" NEXTID="0" UPDATEDATE="2025-09-30" STARTDATE="2025-09-30" ENDDATE="2079-06-06" ISACTUAL="1" ISACTIVE="1" /><STEAD ID="74187940" OBJECTID="174957403" OBJECTGUID="cc980fea-44b9-45d5-a177-a1b2d8da11f4" CHANGEID="689728099" NUMBER="20" OPERTYPEID="10" PREVID="0" NEXTID="0" UPDATEDATE="2025-09-30" STARTDATE="2025-09-30" ENDDATE="2079-06-06" ISACTUAL="1" ISACTIVE="1" /><STEAD ID="74187941" OBJECTID="174957404" OBJECTGUID="71b3fe49-b410-4257-9bb2-68a70f35c05c" CHANGEID="689728100" NUMBER="19" OPERTYPEID="10" PREVID="0" NEXTID="0" UPDATEDATE="2025-09-30" STARTDATE="2025-09-30" ENDDATE="2079-06-06" ISACTUAL="1" ISACTIVE="1" /><STEAD ID="74187942" OBJECTID="174957405" OBJECTGUID="1d0a7038-6463-4c0a-9e6e-b32ecafddeeb" CHANGEID="689728101" NUMBER="14" OPERTYPEID="10" PREVID="0" NEXTID="0" UPDATEDATE="2025-09-30" STARTDATE="2025-09-30" ENDDATE="2079-06-06" ISACTUAL="1" ISACTIVE="1" /><STEAD ID="74187943" OBJECTID="174957406" OBJECTGUID="0f34d4da-7496-4d34-a142-c2f26ea6cd07" CHANGEID="689728102" NUMBER="13" OPERTYPEID="10" PREVID="0" NEXTID="0" UPDATEDATE="2025-09-30" STARTDATE="2025-09-30" ENDDATE="2079-06-06" ISACTUAL="1" ISACTIVE="1" /><STEAD ID="74187944" OBJECTID="174957407" OBJECTGUID="3a0b5c62-6a2e-49a5-b150-ceda38bb255a" CHANGEID="689728103" NUMBER="11" OPERTYPEID="10" PREVID="0" NEXTID="0" UPDATEDATE="2025-09-30" STARTDATE="2025-09-30" ENDDATE="2079-06-06" ISACTUAL="1" ISACTIVE="1" /><STEAD ID="74187945" OBJECTID="174957408" OBJECTGUID="84ff07eb-07a9-4e5b-ac35-0e2da08babd8" CHANGEID="689728104" NUMBER="9" OPERTYPEID="10" PREVID="0" NEXTID="0" UPDATEDATE="2025-09-30" STARTDATE="2025-09-30" ENDDATE="2079-06-06" ISACTUAL="1" ISACTIVE="1" /><STEAD ID="74187946" OBJECTID="174957409" OBJECTGUID="796bbeb0-65ea-4ab0-aa20-671cea492cf5" CHANGEID="689728105" NUMBER="8" OPERTYPEID="10" PREVID="0" NEXTID="0" UPDATEDATE="2025-09-30" STARTDATE="2025-09-30" ENDDATE="2079-06-06" ISACTUAL="1" ISACTIVE="1" /><STEAD ID="74187947" OBJECTID="174957410" OBJECTGUID="e6a8f97b-e07d-463f-80e7-24798c6a6df6" CHANGEID="689728106" NUMBER="7" OPERTYPEID="10" PREVID="0" NEXTID="0" UPDATEDATE="2025-09-30" STARTDATE="2025-09-30" ENDDATE="2079-06-06" ISACTUAL="1" ISACTIVE="1" /><STEAD ID="74187948" OBJECTID="174957411" OBJECTGUID="18364993-2182-4882-8cb0-a8094f9ed7a1" CHANGEID="689728107" NUMBER="6" OPERTYPEID="10" PREVID="0" NEXTID="0" UPDATEDATE="2025-09-30" STARTDATE="2025-09-30" ENDDATE="2079-06-06" ISACTUAL="1" ISACTIVE="1" /><STEAD ID="74187949" OBJECTID="174957412" OBJECTGUID="bbdf7148-8768-4484-b37a-fb526d62aeeb" CHANGEID="689728108" NUMBER="5" OPERTYPEID="10" PREVID="0" NEXTID="0" UPDATEDATE="2025-09-30" STARTDATE="2025-09-30" ENDDATE="2079-06-06" ISACTUAL="1" ISACTIVE="1" /><STEAD ID="74187950" OBJECTID="174957413" OBJECTGUID="92369f90-9fb1-4dce-b38a-1c1d6cf9448a" CHANGEID="689728109" NUMBER="4" OPERTYPEID="10" PREVID="0" NEXTID="0" UPDATEDATE="2025-09-30" STARTDATE="2025-09-30" ENDDATE="2079-06-06" ISACTUAL="1" ISACTIVE="1" /><STEAD ID="74187951" OBJECTID="174957414" OBJECTGUID="02150242-851c-4882-93ab-82749fa90e18" CHANGEID="689728110" NUMBER="3" OPERTYPEID="10" PREVID="0" NEXTID="0" UPDATEDATE="2025-09-30" STARTDATE="2025-09-30" ENDDATE="2079-06-06" ISACTUAL="1" ISACTIVE="1" /><STEAD ID="74187952" OBJECTID="174957415" OBJECTGUID="49984933-1c37-4178-882f-f108e3254524" CHANGEID="689728111" NUMBER="1" OPERTYPEID="10" PREVID="0" NEXTID="0" UPDATEDATE="2025-09-30" STARTDATE="2025-09-30" ENDDATE="2079-06-06" ISACTUAL="1" ISACTIVE="1" /><STEAD ID="74188065" OBJECTID="174957542" OBJECTGUID="1682eb45-62f3-491f-a4aa-bcc94e2a9330" CHANGEID="689728421" NUMBER="34" OPERTYPEID="10" PREVID="0" NEXTID="0" UPDATEDATE="2025-09-30" STARTDATE="2025-09-30" ENDDATE="2079-06-06" ISACTUAL="1" ISACTIVE="1" /><STEAD ID="74188066" OBJECTID="174957543" OBJECTGUID="36e90939-c503-4c69-9ee1-87eaf2560d69" CHANGEID="689728422" NUMBER="35" OPERTYPEID="10" PREVID="0" NEXTID="0" UPDATEDATE="2025-09-30" STARTDATE="2025-09-30" ENDDATE="2079-06-06" ISACTUAL="1" ISACTIVE="1" /><STEAD ID="74188067" OBJECTID="173977219" OBJECTGUID="339462c4-397a-4d76-9ef3-baf2284b6832" CHANGEID="689728423" NUMBER="44" OPERTYPEID="20" PREVID="73677420" UPDATEDATE="2025-09-30" STARTDATE="2025-09-30" ENDDATE="2079-06-06" ISACTUAL="1" ISACTIVE="1" /><STEAD ID="74188070" OBJECTID="174957546" OBJECTGUID="e1856bb7-5e20-4ead-b1e7-2bb4113190c1" CHANGEID="689728428" NUMBER="2" OPERTYPEID="10" PREVID="0" NEXTID="0" UPDATEDATE="2025-09-30" STARTDATE="2025-09-30" ENDDATE="2079-06-06" ISACTUAL="1" ISACTIVE="1" /><STEAD ID="74188074" OBJECTID="174957548" OBJECTGUID="c6cde22a-6234-4b9f-bc35-6ee25342285c" CHANGEID="689728446" NUMBER="10" OPERTYPEID="10" PREVID="0" NEXTID="0" UPDATEDATE="2025-09-30" STARTDATE="2025-09-30" ENDDATE="2079-06-06" ISACTUAL="1" ISACTIVE="1" /><STEAD ID="74188075" OBJECTID="174957549" OBJECTGUID="2357b253-aa41-4c57-8532-819140fe6382" CHANGEID="689728447" NUMBER="9" OPERTYPEID="10" PREVID="0" NEXTID="0" UPDATEDATE="2025-09-30" STARTDATE="2025-09-30" ENDDATE="2079-06-06" ISACTUAL="1" ISACTIVE="1" /><STEAD ID="74188076" OBJECTID="174957550" OBJECTGUID="d57326ae-4b6f-4081-8e18-805573e46a49" CHANGEID="689728448" NUMBER="8" OPERTYPEID="10" PREVID="0" NEXTID="0" UPDATEDATE="2025-09-30" STARTDATE="2025-09-30" ENDDATE="2079-06-06" ISACTUAL="1" ISACTIVE="1" /><STEAD ID="74188077" OBJECTID="174957551" OBJECTGUID="6e4fbd71-776f-4572-aeb5-3cb719c386eb" CHANGEID="689728449" NUMBER="7" OPERTYPEID="10" PREVID="0" NEXTID="0" UPDATEDATE="2025-09-30" STARTDATE="2025-09-30" ENDDATE="2079-06-06" ISACTUAL="1" ISACTIVE="1" /><STEAD ID="74188078" OBJECTID="174957552" OBJECTGUID="f8be541d-6c50-4730-b735-7bb0d65e9905" CHANGEID="689728450" NUMBER="5" OPERTYPEID="10" PREVID="0" NEXTID="0" UPDATEDATE="2025-09-30" STARTDATE="2025-09-30" ENDDATE="2079-06-06" ISACTUAL="1" ISACTIVE="1" /><STEAD ID="74188079" OBJECTID="174957553" OBJECTGUID="aa486d4d-34b7-4cb7-8a7c-c28628fbe79c" CHANGEID="689728451" NUMBER="4" OPERTYPEID="10" PREVID="0" NEXTID="0" UPDATEDATE="2025-09-30" STARTDATE="2025-09-30" ENDDATE="2079-06-06" ISACTUAL="1" ISACTIVE="1" /><STEAD ID="74188080" OBJECTID="174957554" OBJECTGUID="720c243c-490f-4b58-9031-5a41ff8c8595" CHANGEID="689728452" NUMBER="3" OPERTYPEID="10" PREVID="0" NEXTID="0" UPDATEDATE="2025-09-30" STARTDATE="2025-09-30" ENDDATE="2079-06-06" ISACTUAL="1" ISACTIVE="1" /><STEAD ID="74188081" OBJECTID="174957555" OBJECTGUID="e5060c67-53eb-4a69-bee7-629f6c206609" CHANGEID="689728453" NUMBER="2" OPERTYPEID="10" PREVID="0" NEXTID="0" UPDATEDATE="2025-09-30" STARTDATE="2025-09-30" ENDDATE="2079-06-06" ISACTUAL="1" ISACTIVE="1" /><STEAD ID="74188082" OBJECTID="174957556" OBJECTGUID="f72afd91-ac2a-4d49-83bf-0ad6ecf8b945" CHANGEID="689728454" NUMBER="1" OPERTYPEID="10" PREVID="0" NEXTID="0" UPDATEDATE="2025-09-30" STARTDATE="2025-09-30" ENDDATE="2079-06-06" ISACTUAL="1" ISACTIVE="1" /><STEAD ID="74188612" OBJECTID="174958275" OBJECTGUID="06b45385-9fac-413a-97e3-26aafe07202a" CHANGEID="689730565" NUMBER="15" OPERTYPEID="10" PREVID="0" NEXTID="0" UPDATEDATE="2025-09-30" STARTDATE="2025-09-30" ENDDATE="2079-06-06" ISACTUAL="1" ISACTIVE="1" /><STEAD ID="74188613" OBJECTID="174958276" OBJECTGUID="2bb070ca-2b3c-4c7f-9bc0-b134b40b257f" CHANGEID="689730566" NUMBER="45" OPERTYPEID="10" PREVID="0" NEXTID="0" UPDATEDATE="2025-09-30" STARTDATE="2025-09-30" ENDDATE="2079-06-06" ISACTUAL="1" ISACTIVE="1" /><STEAD ID="74188614" OBJECTID="174958280" OBJECTGUID="82f692ba-21a0-41af-bf04-bbde60e53759" CHANGEID="689730573" NUMBER="2б" OPERTYPEID="10" PREVID="0" NEXTID="0" UPDATEDATE="2025-09-30" STARTDATE="2025-09-30" ENDDATE="2079-06-06" ISACTUAL="1" ISACTIVE="1" /><STEAD ID="74188615" OBJECTID="174958285" OBJECTGUID="efb07b51-84ef-4ee2-ad4c-4c793e54c089" CHANGEID="689730578" NUMBER="183" OPERTYPEID="10" PREVID="0" NEXTID="0" UPDATEDATE="2025-09-30" STARTDATE="2025-09-30" ENDDATE="2079-06-06" ISACTUAL="1" ISACTIVE="1" /><STEAD ID="74188616" OBJECTID="174958287" OBJECTGUID="d7eb3991-c225-4d04-988d-8976754d8d08" CHANGEID="689730580" NUMBER="66а" OPERTYPEID="10" PREVID="0" NEXTID="0" UPDATEDATE="2025-09-30" STARTDATE="2025-09-30" ENDDATE="2079-06-06" ISACTUAL="1" ISACTIVE="1" /><STEAD ID="74188617" OBJECTID="174958288" OBJECTGUID="eb4ebe54-7bca-4837-9e00-85571014b4e9" CHANGEID="689730581" NUMBER="66" OPERTYPEID="10" PREVID="0" NEXTID="0" UPDATEDATE="2025-09-30" STARTDATE="2025-09-30" ENDDATE="2079-06-06" ISACTUAL="1" ISACTIVE="1" /><STEAD ID="74188618" OBJECTID="174958290" OBJECTGUID="c80a3de5-c5b7-4d6b-81c7-be8ecae6183c" CHANGEID="689730583" NUMBER="32" OPERTYPEID="10" PREVID="0" NEXTID="0" UPDATEDATE="2025-09-30" STARTDATE="2025-09-30" ENDDATE="2079-06-06" ISACTUAL="1" ISACTIVE="1" /><STEAD ID="74188619" OBJECTID="174958291" OBJECTGUID="86a1670f-c5a5-41e2-a063-feaa331d2437" CHANGEID="689730585" NUMBER="26" OPERTYPEID="10" PREVID="0" NEXTID="0" UPDATEDATE="2025-09-30" STARTDATE="2025-09-30" ENDDATE="2079-06-06" ISACTUAL="1" ISACTIVE="1" /><STEAD ID="74188620" OBJECTID="174958292" OBJECTGUID="c351d215-cfff-42b8-a4fb-bc782afa3421" CHANGEID="689730586" NUMBER="162" OPERTYPEID="10" PREVID="0" NEXTID="0" UPDATEDATE="2025-09-30" STARTDATE="2025-09-30" ENDDATE="2079-06-06" ISACTUAL="1" ISACTIVE="1" /><STEAD ID="74189181" OBJECTID="92114487" OBJECTGUID="8ec92a02-f1a7-4ddd-a0a9-16fa28cea0d2" CHANGEID="689733338" NUMBER="11" OPERTYPEID="60" PREVID="7580514" UPDATEDATE="2025-09-30" STARTDATE="2025-09-30" ENDDATE="2079-06-06" ISACTUAL="1" ISACTIVE="0" /><STEAD ID="74189182" OBJECTID="174959175" OBJECTGUID="63535d92-1a4d-4dd8-850e-a7379193b654" CHANGEID="689733339" NUMBER="11" OPERTYPEID="61" PREVID="74189181" NEXTID="0" UPDATEDATE="2025-09-30" STARTDATE="2025-09-30" ENDDATE="2079-06-06" ISACTUAL="1" ISACTIVE="1" /><STEAD ID="74189183" OBJECTID="174959176" OBJECTGUID="aabe097b-3f49-46e2-a20b-234309d5629f" CHANGEID="689733340" NUMBER="11а" OPERTYPEID="61" PREVID="74189181" NEXTID="0" UPDATEDATE="2025-09-30" STARTDATE="2025-09-30" ENDDATE="2079-06-06" ISACTUAL="1" ISACTIVE="1" /><STEAD ID="74190819" OBJECTID="174961647" OBJECTGUID="4338eb48-ccd8-4594-9860-f3f7cf0e76f0" CHANGEID="689738785" NUMBER="120" OPERTYPEID="10" PREVID="0" NEXTID="0" UPDATEDATE="2025-09-30" STARTDATE="2025-09-30" ENDDATE="2079-06-06" ISACTUAL="1" ISACTIVE="1" /><STEAD ID="74190820" OBJECTID="174961648" OBJECTGUID="cdf105fb-266a-4e48-ba8e-561a732cf3ba" CHANGEID="689738786" NUMBER="56" OPERTYPEID="10" PREVID="0" NEXTID="0" UPDATEDATE="2025-09-30" STARTDATE="2025-09-30" ENDDATE="2079-06-06" ISACTUAL="1" ISACTIVE="1" /><STEAD ID="74190830" OBJECTID="174961664" OBJECTGUID="c5a31778-19a1-4a2a-9fc5-febea9c33e05" CHANGEID="689738811" NUMBER="35" OPERTYPEID="10" PREVID="0" NEXTID="0" UPDATEDATE="2025-09-30" STARTDATE="2025-09-30" ENDDATE="2079-06-06" ISACTUAL="1" ISACTIVE="1" /><STEAD ID="74190832" OBJECTID="174961666" OBJECTGUID="e2e2596d-10b5-4dd0-9dec-617f960dc32a" CHANGEID="689738813" NUMBER="29" OPERTYPEID="10" PREVID="0" NEXTID="0" UPDATEDATE="2025-09-30" STARTDATE="2025-09-30" ENDDATE="2079-06-06" ISACTUAL="1" ISACTIVE="1" /><STEAD ID="74190835" OBJECTID="174961671" OBJECTGUID="e70681cb-a086-421b-8783-2f1d33cc50d2" CHANGEID="689738819" NUMBER="7" OPERTYPEID="10" PREVID="0" NEXTID="0" UPDATEDATE="2025-09-30" STARTDATE="2025-09-30" ENDDATE="2079-06-06" ISACTUAL="1" ISACTIVE="1" /><STEAD ID="74190817" OBJECTID="174961645" OBJECTGUID="bd7724d7-acca-47fb-8619-45edd54d5fff" CHANGEID="689738774" NUMBER="11а" OPERTYPEID="10" PREVID="0" NEXTID="0" UPDATEDATE="2025-09-30" STARTDATE="2025-09-30" ENDDATE="2079-06-06" ISACTUAL="1" ISACTIVE="1" /><STEAD ID="74190818" OBJECTID="174961646" OBJECTGUID="988ec9ea-4d60-42d9-ada9-f741474a1afd" CHANGEID="689738784" NUMBER="95" OPERTYPEID="10" PREVID="0" NEXTID="0" UPDATEDATE="2025-09-30" STARTDATE="2025-09-30" ENDDATE="2079-06-06" ISACTUAL="1" ISACTIVE="1" /><STEAD ID="74190840" OBJECTID="174961676" OBJECTGUID="f0930da0-ab06-475a-8227-45a2514dea9d" CHANGEID="689738824" NUMBER="8" OPERTYPEID="10" PREVID="0" NEXTID="0" UPDATEDATE="2025-09-30" STARTDATE="2025-09-30" ENDDATE="2079-06-06" ISACTUAL="1" ISACTIVE="1" /><STEAD ID="74190842" OBJECTID="174961678" OBJECTGUID="eff5c8e3-bd75-438d-9a28-ec756f481910" CHANGEID="689738826" NUMBER="10" OPERTYPEID="10" PREVID="0" NEXTID="0" UPDATEDATE="2025-09-30" STARTDATE="2025-09-30" ENDDATE="2079-06-06" ISACTUAL="1" ISACTIVE="1" /><STEAD ID="74190844" OBJECTID="174961680" OBJECTGUID="2beab8b4-da7c-46dd-bff1-7789c508755e" CHANGEID="689738828" NUMBER="12" OPERTYPEID="10" PREVID="0" NEXTID="0" UPDATEDATE="2025-09-30" STARTDATE="2025-09-30" ENDDATE="2079-06-06" ISACTUAL="1" ISACTIVE="1" /><STEAD ID="74190846" OBJECTID="174961682" OBJECTGUID="31a2428c-b39a-49e9-b60e-c7ebb1e0a6b3" CHANGEID="689738830" NUMBER="14" OPERTYPEID="10" PREVID="0" NEXTID="0" UPDATEDATE="2025-09-30" STARTDATE="2025-09-30" ENDDATE="2079-06-06" ISACTUAL="1" ISACTIVE="1" /><STEAD ID="74190881" OBJECTID="169194249" OBJECTGUID="8dded295-a56d-4fcb-8454-8190e80089dc" CHANGEID="689738876" NUMBER="14" OPERTYPEID="30" PREVID="71047748" NEXTID="0" UPDATEDATE="2025-09-30" STARTDATE="2025-09-30" ENDDATE="2079-06-06" ISACTUAL="1" ISACTIVE="0" /><STEAD ID="74190847" OBJECTID="174961683" OBJECTGUID="8863e971-ecf9-4a7a-94ed-d8bd5adfc595" CHANGEID="689738831" NUMBER="16" OPERTYPEID="10" PREVID="0" NEXTID="0" UPDATEDATE="2025-09-30" STARTDATE="2025-09-30" ENDDATE="2079-06-06" ISACTUAL="1" ISACTIVE="1" /><STEAD ID="74190848" OBJECTID="174961684" OBJECTGUID="f1187a29-c721-428e-8697-46b2d1b29544" CHANGEID="689738833" NUMBER="18" OPERTYPEID="10" PREVID="0" NEXTID="0" UPDATEDATE="2025-09-30" STARTDATE="2025-09-30" ENDDATE="2079-06-06" ISACTUAL="1" ISACTIVE="1" /><STEAD ID="74190849" OBJECTID="174961685" OBJECTGUID="33998cd6-34e6-4fce-bf6f-2de7d4abb274" CHANGEID="689738835" NUMBER="11" OPERTYPEID="10" PREVID="0" NEXTID="0" UPDATEDATE="2025-09-30" STARTDATE="2025-09-30" ENDDATE="2079-06-06" ISACTUAL="1" ISACTIVE="1" /><STEAD ID="74190852" OBJECTID="174961688" OBJECTGUID="7750400c-8e45-46dc-b0ff-e6bec3b5cbed" CHANGEID="689738839" NUMBER="6" OPERTYPEID="10" PREVID="0" NEXTID="0" UPDATEDATE="2025-09-30" STARTDATE="2025-09-30" ENDDATE="2079-06-06" ISACTUAL="1" ISACTIVE="1" /><STEAD ID="74191722" OBJECTID="174962895" OBJECTGUID="c01a9f6b-afa2-4005-9b83-9ae10b2657d6" CHANGEID="689741764" NUMBER="39" OPERTYPEID="10" PREVID="0" NEXTID="0" UPDATEDATE="2025-09-30" STARTDATE="2025-09-30" ENDDATE="2079-06-06" ISACTUAL="1" ISACTIVE="1" /><STEAD ID="74191723" OBJECTID="174962896" OBJECTGUID="b9625204-f4a1-4d49-82a0-38dabd013782" CHANGEID="689741765" NUMBER="13" OPERTYPEID="10" PREVID="0" NEXTID="0" UPDATEDATE="2025-09-30" STARTDATE="2025-09-30" ENDDATE="2079-06-06" ISACTUAL="1" ISACTIVE="1" /><STEAD ID="74191808" OBJECTID="174963142" OBJECTGUID="c8c8c1e1-bd01-4eef-95c1-7be5e13f70de" CHANGEID="689742075" NUMBER="27/2" OPERTYPEID="10" PREVID="0" NEXTID="0" UPDATEDATE="2025-09-30" STARTDATE="2025-09-30" ENDDATE="2079-06-06" ISACTUAL="1" ISACTIVE="1" /><STEAD ID="74191814" OBJECTID="174963150" OBJECTGUID="0fd2125a-ee24-4b7d-abe2-4e48e5245532" CHANGEID="689742091" NUMBER="32" OPERTYPEID="10" PREVID="0" NEXTID="0" UPDATEDATE="2025-09-30" STARTDATE="2025-09-30" ENDDATE="2079-06-06" ISACTUAL="1" ISACTIVE="1" /><STEAD ID="74191849" OBJECTID="174963186" OBJECTGUID="04d84f98-75c0-4f12-ab9c-a2e16bfa1b8f" CHANGEID="689742129" NUMBER="7" OPERTYPEID="10" PREVID="0" NEXTID="0" UPDATEDATE="2025-09-30" STARTDATE="2025-09-30" ENDDATE="2079-06-06" ISACTUAL="1" ISACTIVE="1" /><STEAD ID="74192309" OBJECTID="174963797" OBJECTGUID="204eba50-fed4-4263-9c84-29b3431d026e" CHANGEID="689743029" NUMBER="22" OPERTYPEID="10" PREVID="0" NEXTID="0" UPDATEDATE="2025-09-30" STARTDATE="2025-09-30" ENDDATE="2079-06-06" ISACTUAL="1" ISACTIVE="1" /><STEAD ID="74192288" OBJECTID="174963767" OBJECTGUID="96567507-0dac-4339-8888-c2bc3277b033" CHANGEID="689742974" NUMBER="3" OPERTYPEID="10" PREVID="0" NEXTID="0" UPDATEDATE="2025-09-30" STARTDATE="2025-09-30" ENDDATE="2079-06-06" ISACTUAL="1" ISACTIVE="1" /><STEAD ID="74192379" OBJECTID="174963893" OBJECTGUID="25d5d738-0463-4fa4-84d2-c0e6ff9183ed" CHANGEID="689743206" NUMBER="24" OPERTYPEID="10" PREVID="0" NEXTID="0" UPDATEDATE="2025-09-30" STARTDATE="2025-09-30" ENDDATE="2079-06-06" ISACTUAL="1" ISACTIVE="1" /><STEAD ID="74192453" OBJECTID="174964169" OBJECTGUID="f32a1902-f68a-4ce0-aae5-4e52152bb874" CHANGEID="689743551" NUMBER="23" OPERTYPEID="10" PREVID="0" NEXTID="0" UPDATEDATE="2025-09-30" STARTDATE="2025-09-30" ENDDATE="2079-06-06" ISACTUAL="1" ISACTIVE="1" /><STEAD ID="74192931" OBJECTID="174964707" OBJECTGUID="73e3704d-3a40-4486-a35a-25678a00a57b" CHANGEID="689745029" NUMBER="1" OPERTYPEID="10" PREVID="0" NEXTID="0" UPDATEDATE="2025-09-30" STARTDATE="2025-09-30" ENDDATE="2079-06-06" ISACTUAL="1" ISACTIVE="1" /><STEAD ID="74192965" OBJECTID="174964763" OBJECTGUID="c237aca9-4be6-4448-9062-be553a6b54c4" CHANGEID="689745155" NUMBER="2а" OPERTYPEID="10" PREVID="0" NEXTID="0" UPDATEDATE="2025-09-30" STARTDATE="2025-09-30" ENDDATE="2079-06-06" ISACTUAL="1" ISACTIVE="1" /><STEAD ID="74193039" OBJECTID="174964855" OBJECTGUID="2628c89e-4237-441c-b6ce-ea18ef28b4d4" CHANGEID="689745298" NUMBER="1" OPERTYPEID="10" PREVID="0" NEXTID="0" UPDATEDATE="2025-09-30" STARTDATE="2025-09-30" ENDDATE="2079-06-06" ISACTUAL="1" ISACTIVE="1" /><STEAD ID="74193040" OBJECTID="174964856" OBJECTGUID="b2880b8a-0c99-471c-8f3e-24e3721b3f0d" CHANGEID="689745299" NUMBER="2" OPERTYPEID="10" PREVID="0" NEXTID="0" UPDATEDATE="2025-09-30" STARTDATE="2025-09-30" ENDDATE="2079-06-06" ISACTUAL="1" ISACTIVE="1" /><STEAD ID="74193041" OBJECTID="174964857" OBJECTGUID="c7e71e09-43c9-4173-a007-dbcb584bbbb2" CHANGEID="689745300" NUMBER="4" OPERTYPEID="10" PREVID="0" NEXTID="0" UPDATEDATE="2025-09-30" STARTDATE="2025-09-30" ENDDATE="2079-06-06" ISACTUAL="1" ISACTIVE="1" /><STEAD ID="74193709" OBJECTID="174966512" OBJECTGUID="e6f815ab-4ff6-4d51-b6df-74bde786f06a" CHANGEID="689749387" NUMBER="82" OPERTYPEID="10" PREVID="0" NEXTID="0" UPDATEDATE="2025-09-30" STARTDATE="2025-09-30" ENDDATE="2079-06-06" ISACTUAL="1" ISACTIVE="1" /><STEAD ID="74193646" OBJECTID="174966363" OBJECTGUID="5bc015c9-56f3-41e7-a5a3-9842d36efc21" CHANGEID="689749100" NUMBER="58" OPERTYPEID="10" PREVID="0" NEXTID="0" UPDATEDATE="2025-09-30" STARTDATE="2025-09-30" ENDDATE="2079-06-06" ISACTUAL="1" ISACTIVE="1" /><STEAD ID="74193665" OBJECTID="174966435" OBJECTGUID="b5a462e9-c0bf-4b02-95d0-c2fdef4fdf4b" CHANGEID="689749273" NUMBER="3" OPERTYPEID="10" PREVID="0" NEXTID="0" UPDATEDATE="2025-09-30" STARTDATE="2025-09-30" ENDDATE="2079-06-06" ISACTUAL="1" ISACTIVE="1" /><STEAD ID="74193946" OBJECTID="174966842" OBJECTGUID="93f55951-a7fd-48ed-97ec-24d5c0fcd2d7" CHANGEID="689750597" NUMBER="34" OPERTYPEID="10" PREVID="0" NEXTID="0" UPDATEDATE="2025-09-30" STARTDATE="2025-09-30" ENDDATE="2079-06-06" ISACTUAL="1" ISACTIVE="1" /><STEAD ID="74194344" OBJECTID="174967423" OBJECTGUID="030afcdd-d7bc-4442-a213-d66a649c4230" CHANGEID="689752026" NUMBER="43" OPERTYPEID="10" PREVID="0" NEXTID="0" UPDATEDATE="2025-09-30" STARTDATE="2025-09-30" ENDDATE="2079-06-06" ISACTUAL="1" ISACTIVE="1" /><STEAD ID="74194380" OBJECTID="174967473" OBJECTGUID="00fe1631-f566-4d00-a614-af64c42d7637" CHANGEID="689752124" NUMBER="45" OPERTYPEID="10" PREVID="0" NEXTID="0" UPDATEDATE="2025-09-30" STARTDATE="2025-09-30" ENDDATE="2079-06-06" ISACTUAL="1" ISACTIVE="1" /><STEAD ID="74194523" OBJECTID="174967665" OBJECTGUID="4a67aad0-829c-4ead-a292-21ec4bb78287" CHANGEID="689752510" NUMBER="47" OPERTYPEID="10" PREVID="0" NEXTID="0" UPDATEDATE="2025-09-30" STARTDATE="2025-09-30" ENDDATE="2079-06-06" ISACTUAL="1" ISACTIVE="1" /><STEAD ID="74194706" OBJECTID="174967898" OBJECTGUID="b3ef6b54-d885-4150-8fbe-af2c5e9234fd" CHANGEID="689752965" NUMBER="46" OPERTYPEID="10" PREVID="0" NEXTID="0" UPDATEDATE="2025-09-30" STARTDATE="2025-09-30" ENDDATE="2079-06-06" ISACTUAL="1" ISACTIVE="1" /><STEAD ID="74195635" OBJECTID="174969117" OBJECTGUID="2d6f1961-0276-40c9-a5d2-bc7da2cb0d8a" CHANGEID="689755759" NUMBER="51" OPERTYPEID="10" PREVID="0" NEXTID="0" UPDATEDATE="2025-09-30" STARTDATE="2025-09-30" ENDDATE="2079-06-06" ISACTUAL="1" ISACTIVE="1" /><STEAD ID="74195646" OBJECTID="174969133" OBJECTGUID="facc11cd-bd50-4ceb-b3fb-7901e44092bb" CHANGEID="689755783" NUMBER="6а" OPERTYPEID="10" PREVID="0" NEXTID="0" UPDATEDATE="2025-09-30" STARTDATE="2025-09-30" ENDDATE="2079-06-06" ISACTUAL="1" ISACTIVE="1" /><STEAD ID="74195785" OBJECTID="174969348" OBJECTGUID="29b98d83-f7b8-4fb0-a22d-6d45f6689314" CHANGEID="689756309" NUMBER="55" OPERTYPEID="10" PREVID="0" NEXTID="0" UPDATEDATE="2025-09-30" STARTDATE="2025-09-30" ENDDATE="2079-06-06" ISACTUAL="1" ISACTIVE="1" /><STEAD ID="74195747" OBJECTID="174969292" OBJECTGUID="42dca9cc-b28a-48c5-a7b9-1db5cbd287fc" CHANGEID="689756201" NUMBER="53" OPERTYPEID="10" PREVID="0" NEXTID="0" UPDATEDATE="2025-09-30" STARTDATE="2025-09-30" ENDDATE="2079-06-06" ISACTUAL="1" ISACTIVE="1" /><STEAD ID="74195902" OBJECTID="174969480" OBJECTGUID="6ef42ccc-a45b-4073-ad04-d9ebfb2b62ac" CHANGEID="689756497" NUMBER="59" OPERTYPEID="10" PREVID="0" NEXTID="0" UPDATEDATE="2025-09-30" STARTDATE="2025-09-30" ENDDATE="2079-06-06" ISACTUAL="1" ISACTIVE="1" /><STEAD ID="74196264" OBJECTID="174969920" OBJECTGUID="b9d74908-8c2f-4210-bf35-ea98363239ca" CHANGEID="689757695" NUMBER="63" OPERTYPEID="10" PREVID="0" NEXTID="0" UPDATEDATE="2025-09-30" STARTDATE="2025-09-30" ENDDATE="2079-06-06" ISACTUAL="1" ISACTIVE="1" /><STEAD ID="74196388" OBJECTID="174970370" OBJECTGUID="484acb84-f8cc-4e0b-8c70-8fe294113124" CHANGEID="689758533" NUMBER="2" OPERTYPEID="10" PREVID="0" NEXTID="0" UPDATEDATE="2025-09-30" STARTDATE="2025-09-30" ENDDATE="2079-06-06" ISACTUAL="1" ISACTIVE="1" /><STEAD ID="74196492" OBJECTID="174970590" OBJECTGUID="9da21799-9da3-4d16-9f91-4455a1f1d553" CHANGEID="689777040" NUMBER="13" OPERTYPEID="10" PREVID="0" NEXTID="0" UPDATEDATE="2025-09-30" STARTDATE="2025-09-30" ENDDATE="2079-06-06" ISACTUAL="1" ISACTIVE="1" /><STEAD ID="74196493" OBJECTID="174970591" OBJECTGUID="229d054d-7bab-408a-a286-7a6c04962476" CHANGEID="689777041" NUMBER="12" OPERTYPEID="10" PREVID="0" NEXTID="0" UPDATEDATE="2025-09-30" STARTDATE="2025-09-30" ENDDATE="2079-06-06" ISACTUAL="1" ISACTIVE="1" /><STEAD ID="74196496" OBJECTID="174970596" OBJECTGUID="f821d933-d649-43d5-9113-f398fb9acbb0" CHANGEID="689777052" NUMBER="58Г" OPERTYPEID="10" PREVID="0" NEXTID="0" UPDATEDATE="2025-09-30" STARTDATE="2025-09-30" ENDDATE="2079-06-06" ISACTUAL="1" ISACTIVE="1" /><STEAD ID="74196514" OBJECTID="161444556" OBJECTGUID="af516566-4e07-4431-bb3d-c38c27df11eb" CHANGEID="689777143" NUMBER="40/31" OPERTYPEID="50" PREVID="67308966" UPDATEDATE="2025-09-30" STARTDATE="2025-09-30" ENDDATE="2079-06-06" ISACTUAL="1" ISACTIVE="1" /><STEAD ID="74196518" OBJECTID="84838199" OBJECTGUID="cc1452e3-9495-4f6a-817c-655ab4797687" CHANGEID="689777155" NUMBER="49а" OPERTYPEID="60" PREVID="284035" UPDATEDATE="2025-09-30" STARTDATE="2025-09-30" ENDDATE="2079-06-06" ISACTUAL="1" ISACTIVE="0" /><STEAD ID="74196519" OBJECTID="174970684" OBJECTGUID="4e17772b-e8c2-4001-8dc7-1b92e00e7a3d" CHANGEID="689777156" NUMBER="49б" OPERTYPEID="61" PREVID="74196518" NEXTID="0" UPDATEDATE="2025-09-30" STARTDATE="2025-09-30" ENDDATE="2079-06-06" ISACTUAL="1" ISACTIVE="1" /><STEAD ID="74196520" OBJECTID="174970685" OBJECTGUID="89382a36-8716-4a1b-833d-a7cad13a6295" CHANGEID="689777157" NUMBER="49а" OPERTYPEID="61" PREVID="74196518" NEXTID="0" UPDATEDATE="2025-09-30" STARTDATE="2025-09-30" ENDDATE="2079-06-06" ISACTUAL="1" ISACTIVE="1" /><STEAD ID="74196528" OBJECTID="174970694" OBJECTGUID="0b434e8a-ac4e-44a6-89a4-afa41fda2559" CHANGEID="689777168" NUMBER="5а" OPERTYPEID="10" PREVID="0" NEXTID="0" UPDATEDATE="2025-09-30" STARTDATE="2025-09-30" ENDDATE="2079-06-06" ISACTUAL="1" ISACTIVE="1" /><STEAD ID="74196536" OBJECTID="174970707" OBJECTGUID="fc8d27d8-2bcc-4272-8431-ece4633e72f2" CHANGEID="689777203" NUMBER="69Б" OPERTYPEID="10" PREVID="0" NEXTID="0" UPDATEDATE="2025-09-30" STARTDATE="2025-09-30" ENDDATE="2079-06-06" ISACTUAL="1" ISACTIVE="1" /><STEAD ID="74196543" OBJECTID="174970720" OBJECTGUID="33295bd9-a795-4fef-bcff-1721fa292b27" CHANGEID="689777242" NUMBER="40" OPERTYPEID="10" PREVID="0" NEXTID="0" UPDATEDATE="2025-09-30" STARTDATE="2025-09-30" ENDDATE="2079-06-06" ISACTUAL="1" ISACTIVE="1" /><STEAD ID="74200189" OBJECTID="174978438" OBJECTGUID="bd543d90-a489-4b6c-a404-8aa3d597c749" CHANGEID="689793137" NUMBER="5" OPERTYPEID="10" PREVID="0" NEXTID="0" UPDATEDATE="2025-10-01" STARTDATE="2025-10-01" ENDDATE="2079-06-06" ISACTUAL="1" ISACTIVE="1" /><STEAD ID="74202059" OBJECTID="174981772" OBJECTGUID="eea3e1cd-0504-4322-a3be-2c712baa6c17" CHANGEID="689800336" NUMBER="1б" OPERTYPEID="10" PREVID="0" NEXTID="0" UPDATEDATE="2025-10-01" STARTDATE="2025-10-01" ENDDATE="2079-06-06" ISACTUAL="1" ISACTIVE="1" /><STEAD ID="74202148" OBJECTID="174982052" OBJECTGUID="676c0467-b417-44d5-8daa-7609df1953f0" CHANGEID="689800824" NUMBER="1" OPERTYPEID="10" PREVID="0" NEXTID="0" UPDATEDATE="2025-10-01" STARTDATE="2025-10-01" ENDDATE="2079-06-06" ISACTUAL="1" ISACTIVE="1" /><STEAD ID="74202757" OBJECTID="173579461" OBJECTGUID="27173c19-539b-4b70-bd3c-ca4dae14e18f" CHANGEID="689803162" NUMBER="1/2" OPERTYPEID="30" PREVID="73465639" NEXTID="0" UPDATEDATE="2025-10-01" STARTDATE="2025-10-01" ENDDATE="2079-06-06" ISACTUAL="1" ISACTIVE="0" /><STEAD ID="74202866" OBJECTID="174983568" OBJECTGUID="af994768-c022-45d2-845d-0ce6dd5d4e7f" CHANGEID="689803577" NUMBER="65" OPERTYPEID="10" PREVID="0" NEXTID="0" UPDATEDATE="2025-10-01" STARTDATE="2025-10-01" ENDDATE="2079-06-06" ISACTUAL="1" ISACTIVE="1" /><STEAD ID="74202877" OBJECTID="174983580" OBJECTGUID="edec4033-5db4-4bce-bcf8-ceb4fbd310b3" CHANGEID="689803591" NUMBER="73" OPERTYPEID="10" PREVID="0" NEXTID="0" UPDATEDATE="2025-10-01" STARTDATE="2025-10-01" ENDDATE="2079-06-06" ISACTUAL="1" ISACTIVE="1" /><STEAD ID="74202982" OBJECTID="174983717" OBJECTGUID="19ba62b1-285a-44ab-bc6a-778bffc7217b" CHANGEID="689803995" NUMBER="3" OPERTYPEID="10" PREVID="0" NEXTID="0" UPDATEDATE="2025-10-01" STARTDATE="2025-10-01" ENDDATE="2079-06-06" ISACTUAL="1" ISACTIVE="1" /><STEAD ID="74203019" OBJECTID="174983781" OBJECTGUID="76470cd8-244b-41df-8f89-9130bdb45f05" CHANGEID="689804343" NUMBER="13" OPERTYPEID="10" PREVID="0" NEXTID="0" UPDATEDATE="2025-10-01" STARTDATE="2025-10-01" ENDDATE="2079-06-06" ISACTUAL="1" ISACTIVE="1" /><STEAD ID="74203032" OBJECTID="174983810" OBJECTGUID="ec9874ee-5b96-4c00-8eee-a68491c8622f" CHANGEID="689804635" NUMBER="72" OPERTYPEID="10" PREVID="0" NEXTID="0" UPDATEDATE="2025-10-01" STARTDATE="2025-10-01" ENDDATE="2079-06-06" ISACTUAL="1" ISACTIVE="1" /><STEAD ID="74203040" OBJECTID="174983824" OBJECTGUID="327a6a53-68e7-49e9-82d6-a80160c081f7" CHANGEID="689804657" NUMBER="19/1" OPERTYPEID="10" PREVID="0" NEXTID="0" UPDATEDATE="2025-10-01" STARTDATE="2025-10-01" ENDDATE="2079-06-06" ISACTUAL="1" ISACTIVE="1" /><STEAD ID="74203058" OBJECTID="174983853" OBJECTGUID="d8624064-8970-47ac-96fd-e9cc6cba9c1b" CHANGEID="689804718" NUMBER="21/12" OPERTYPEID="10" PREVID="0" NEXTID="0" UPDATEDATE="2025-10-01" STARTDATE="2025-10-01" ENDDATE="2079-06-06" ISACTUAL="1" ISACTIVE="1" /><STEAD ID="74203104" OBJECTID="174983920" OBJECTGUID="3afac0fd-70c9-4ad9-8e36-098dec3b456e" CHANGEID="689805036" NUMBER="31/33" OPERTYPEID="10" PREVID="0" NEXTID="0" UPDATEDATE="2025-10-01" STARTDATE="2025-10-01" ENDDATE="2079-06-06" ISACTUAL="1" ISACTIVE="1" /><STEAD ID="74203114" OBJECTID="174983936" OBJECTGUID="509b334f-68c4-4471-862a-a839d746f4f5" CHANGEID="689805114" NUMBER="82А" OPERTYPEID="10" PREVID="0" NEXTID="0" UPDATEDATE="2025-10-01" STARTDATE="2025-10-01" ENDDATE="2079-06-06" ISACTUAL="1" ISACTIVE="1" /><STEAD ID="74203132" OBJECTID="174983967" OBJECTGUID="4fc8c1be-c714-4e9a-a861-9c5cb7356ef2" CHANGEID="689805357" NUMBER="117" OPERTYPEID="10" PREVID="0" NEXTID="0" UPDATEDATE="2025-10-01" STARTDATE="2025-10-01" ENDDATE="2079-06-06" ISACTUAL="1" ISACTIVE="1" /><STEAD ID="74203135" OBJECTID="174983975" OBJECTGUID="ece02962-6250-4c95-9685-3acf8878a542" CHANGEID="689805381" NUMBER="23" OPERTYPEID="10" PREVID="0" NEXTID="0" UPDATEDATE="2025-10-01" STARTDATE="2025-10-01" ENDDATE="2079-06-06" ISACTUAL="1" ISACTIVE="1" /><STEAD ID="74203119" OBJECTID="174983944" OBJECTGUID="812073ed-a0db-4895-a73d-884fcd042067" CHANGEID="689805241" NUMBER="55" OPERTYPEID="10" PREVID="0" NEXTID="0" UPDATEDATE="2025-10-01" STARTDATE="2025-10-01" ENDDATE="2079-06-06" ISACTUAL="1" ISACTIVE="1" /><STEAD ID="74203125" OBJECTID="174983949" OBJECTGUID="a7f40850-8767-40bd-a08b-83e5f36e4245" CHANGEID="689805260" NUMBER="12" OPERTYPEID="10" PREVID="0" NEXTID="0" UPDATEDATE="2025-10-01" STARTDATE="2025-10-01" ENDDATE="2079-06-06" ISACTUAL="1" ISACTIVE="1" /><STEAD ID="74203130" OBJECTID="174983960" OBJECTGUID="d22ab056-d426-4641-a3dd-483ba37e859b" CHANGEID="689805339" NUMBER="23/6" OPERTYPEID="10" PREVID="0" NEXTID="0" UPDATEDATE="2025-10-01" STARTDATE="2025-10-01" ENDDATE="2079-06-06" ISACTUAL="1" ISACTIVE="1" /><STEAD ID="74203134" OBJECTID="174983973" OBJECTGUID="e67c4072-f4e3-4eec-b75d-91de4211339b" CHANGEID="689805378" NUMBER="19" OPERTYPEID="10" PREVID="0" NEXTID="0" UPDATEDATE="2025-10-01" STARTDATE="2025-10-01" ENDDATE="2079-06-06" ISACTUAL="1" ISACTIVE="1" /><STEAD ID="74203141" OBJECTID="174983986" OBJECTGUID="f1ed2fc6-f456-4178-82a0-7965ba41808c" CHANGEID="689805402" NUMBER="34а" OPERTYPEID="10" PREVID="0" NEXTID="0" UPDATEDATE="2025-10-01" STARTDATE="2025-10-01" ENDDATE="2079-06-06" ISACTUAL="1" ISACTIVE="1" /><STEAD ID="74203609" OBJECTID="174984889" OBJECTGUID="cda6e7b7-5efb-4d91-83ce-3746d4740d8b" CHANGEID="689806960" NUMBER="15" OPERTYPEID="10" PREVID="0" NEXTID="0" UPDATEDATE="2025-10-01" STARTDATE="2025-10-01" ENDDATE="2079-06-06" ISACTUAL="1" ISACTIVE="1" /><STEAD ID="74203610" OBJECTID="174984890" OBJECTGUID="87709792-d8ae-4ac0-8b5c-b230bfcf10c7" CHANGEID="689806961" NUMBER="9" OPERTYPEID="10" PREVID="0" NEXTID="0" UPDATEDATE="2025-10-01" STARTDATE="2025-10-01" ENDDATE="2079-06-06" ISACTUAL="1" ISACTIVE="1" /><STEAD ID="74203611" OBJECTID="174984891" OBJECTGUID="886038ff-a78c-4284-b66e-2948691379ec" CHANGEID="689806962" NUMBER="8" OPERTYPEID="10" PREVID="0" NEXTID="0" UPDATEDATE="2025-10-01" STARTDATE="2025-10-01" ENDDATE="2079-06-06" ISACTUAL="1" ISACTIVE="1" /><STEAD ID="74203612" OBJECTID="174984892" OBJECTGUID="c721401d-1c0d-4c31-ba7b-57c64eeecbe9" CHANGEID="689806963" NUMBER="7" OPERTYPEID="10" PREVID="0" NEXTID="0" UPDATEDATE="2025-10-01" STARTDATE="2025-10-01" ENDDATE="2079-06-06" ISACTUAL="1" ISACTIVE="1" /><STEAD ID="74203613" OBJECTID="174984893" OBJECTGUID="aead1ede-dd04-4efd-be98-f221c448e286" CHANGEID="689806964" NUMBER="6" OPERTYPEID="10" PREVID="0" NEXTID="0" UPDATEDATE="2025-10-01" STARTDATE="2025-10-01" ENDDATE="2079-06-06" ISACTUAL="1" ISACTIVE="1" /><STEAD ID="74203614" OBJECTID="174984894" OBJECTGUID="10181d3f-af1d-4da7-a573-19eb231344c2" CHANGEID="689806965" NUMBER="5" OPERTYPEID="10" PREVID="0" NEXTID="0" UPDATEDATE="2025-10-01" STARTDATE="2025-10-01" ENDDATE="2079-06-06" ISACTUAL="1" ISACTIVE="1" /><STEAD ID="74203615" OBJECTID="174984895" OBJECTGUID="4c1c793f-3f52-4b3b-80f2-3c5d21014158" CHANGEID="689806966" NUMBER="4" OPERTYPEID="10" PREVID="0" NEXTID="0" UPDATEDATE="2025-10-01" STARTDATE="2025-10-01" ENDDATE="2079-06-06" ISACTUAL="1" ISACTIVE="1" /><STEAD ID="74203616" OBJECTID="174984896" OBJECTGUID="ecddbaca-9e00-4ba7-ad23-043a682935ec" CHANGEID="689806967" NUMBER="2" OPERTYPEID="10" PREVID="0" NEXTID="0" UPDATEDATE="2025-10-01" STARTDATE="2025-10-01" ENDDATE="2079-06-06" ISACTUAL="1" ISACTIVE="1" /><STEAD ID="74203617" OBJECTID="174984897" OBJECTGUID="c274d171-bfc7-4adf-8cdb-3c95ba4e88a7" CHANGEID="689806968" NUMBER="1" OPERTYPEID="10" PREVID="0" NEXTID="0" UPDATEDATE="2025-10-01" STARTDATE="2025-10-01" ENDDATE="2079-06-06" ISACTUAL="1" ISACTIVE="1" /><STEAD ID="74203618" OBJECTID="174984898" OBJECTGUID="a4fe0451-c882-4352-9220-9b8a6e03d828" CHANGEID="689806969" NUMBER="14" OPERTYPEID="10" PREVID="0" NEXTID="0" UPDATEDATE="2025-10-01" STARTDATE="2025-10-01" ENDDATE="2079-06-06" ISACTUAL="1" ISACTIVE="1" /><STEAD ID="74203619" OBJECTID="174984899" OBJECTGUID="63acc054-33ba-428c-a907-6938dddc218b" CHANGEID="689806970" NUMBER="13" OPERTYPEID="10" PREVID="0" NEXTID="0" UPDATEDATE="2025-10-01" STARTDATE="2025-10-01" ENDDATE="2079-06-06" ISACTUAL="1" ISACTIVE="1" /><STEAD ID="74203620" OBJECTID="174984900" OBJECTGUID="33442125-26fc-4b6a-93e5-ef7d73baa857" CHANGEID="689806971" NUMBER="12" OPERTYPEID="10" PREVID="0" NEXTID="0" UPDATEDATE="2025-10-01" STARTDATE="2025-10-01" ENDDATE="2079-06-06" ISACTUAL="1" ISACTIVE="1" /><STEAD ID="74203708" OBJECTID="174985020" OBJECTGUID="b2417fba-660b-433f-ae36-5e0b188cddc1" CHANGEID="689807257" NUMBER="32" OPERTYPEID="10" PREVID="0" NEXTID="0" UPDATEDATE="2025-10-01" STARTDATE="2025-10-01" ENDDATE="2079-06-06" ISACTUAL="1" ISACTIVE="1" /><STEAD ID="74203712" OBJECTID="174985033" OBJECTGUID="f9742266-a1ee-4107-b535-e8521590e233" CHANGEID="689807382" NUMBER="4а" OPERTYPEID="10" PREVID="0" NEXTID="0" UPDATEDATE="2025-10-01" STARTDATE="2025-10-01" ENDDATE="2079-06-06" ISACTUAL="1" ISACTIVE="1" /><STEAD ID="74204049" OBJECTID="174985460" OBJECTGUID="cf9aed73-fbbf-4434-909a-dc7737bc87ae" CHANGEID="689808364" NUMBER="32" OPERTYPEID="10" PREVID="0" NEXTID="0" UPDATEDATE="2025-10-01" STARTDATE="2025-10-01" ENDDATE="2079-06-06" ISACTUAL="1" ISACTIVE="1" /></STEADS>