﻿<?xml version="1.0" encoding="utf-8"?><HOUSES><HOUSE ID="63074002" OBJECTID="32202539" OBJECTGUID="a50b8119-9c5d-4197-802b-66bb42ef7978" CHANGEID="49172501" HOUSENUM="21" HOUSETYPE="2" OPERTYPEID="20" PREVID="19115765" NEXTID="129165971" UPDATEDATE="2025-09-29" STARTDATE="2019-04-05" ENDDATE="2025-09-29" ISACTUAL="0" ISACTIVE="0" /><HOUSE ID="65711315" OBJECTID="70212967" OBJECTGUID="ca465547-d7f4-4de3-873d-d07f7cc88a0d" CHANGEID="104622770" HOUSENUM="103" ADDNUM1="А" HOUSETYPE="2" ADDTYPE1="4" OPERTYPEID="20" PREVID="42346972" NEXTID="129184941" UPDATEDATE="2025-10-01" STARTDATE="2019-02-01" ENDDATE="2025-10-01" ISACTUAL="0" ISACTIVE="0" /><HOUSE ID="65741434" OBJECTID="23779337" OBJECTGUID="cab3ff64-c8da-4ff0-ad93-5dbd051a047c" CHANGEID="36919810" HOUSENUM="25" HOUSETYPE="2" OPERTYPEID="20" PREVID="14030773" NEXTID="129184257" UPDATEDATE="2025-10-01" STARTDATE="2019-04-17" ENDDATE="2025-10-01" ISACTUAL="0" ISACTIVE="0" /><HOUSE ID="69441962" OBJECTID="74218048" OBJECTGUID="fefca68e-b4b4-4333-885d-a8c4262297c8" CHANGEID="110465489" HOUSENUM="1" HOUSETYPE="2" OPERTYPEID="20" PREVID="44807597" NEXTID="129184198" UPDATEDATE="2025-10-01" STARTDATE="2012-12-25" ENDDATE="2025-10-01" ISACTUAL="0" ISACTIVE="0" /><HOUSE ID="63532433" OBJECTID="10944881" OBJECTGUID="ab8a3fcb-799a-43a4-b1bb-78f11a170ad9" CHANGEID="17887775" HOUSENUM="5/13" HOUSETYPE="1" OPERTYPEID="20" PREVID="5799266" NEXTID="129184567" UPDATEDATE="2025-10-01" STARTDATE="2019-07-07" ENDDATE="2025-10-01" ISACTUAL="0" ISACTIVE="0" /><HOUSE ID="13613230" OBJECTID="23070203" OBJECTGUID="74749193-0a0b-45fd-ba6f-4564022d3b61" CHANGEID="35891697" HOUSENUM="25" HOUSETYPE="2" OPERTYPEID="10" PREVID="0" NEXTID="129185553" UPDATEDATE="2025-10-01" STARTDATE="2017-04-28" ENDDATE="2025-10-01" ISACTUAL="0" ISACTIVE="0" /><HOUSE ID="15986735" OBJECTID="26921187" OBJECTGUID="6ce050c0-52c4-4bf8-aee1-ed1ae9761739" CHANGEID="41536308" HOUSENUM="25" HOUSETYPE="2" OPERTYPEID="10" PREVID="0" NEXTID="129178092" UPDATEDATE="2025-09-30" STARTDATE="1900-01-01" ENDDATE="2025-09-30" ISACTUAL="0" ISACTIVE="0" /><HOUSE ID="21034213" OBJECTID="35393919" OBJECTGUID="6b5a93ba-ee74-4f0b-bd80-11ea0a200439" CHANGEID="53790561" HOUSENUM="66" HOUSETYPE="2" OPERTYPEID="10" PREVID="0" NEXTID="129186762" UPDATEDATE="2025-10-01" STARTDATE="2018-07-04" ENDDATE="2025-10-01" ISACTUAL="0" ISACTIVE="0" /><HOUSE ID="47353733" OBJECTID="78381593" OBJECTGUID="abd28370-6e0a-47b0-8835-586054a796ad" CHANGEID="116526540" HOUSENUM="33" HOUSETYPE="2" OPERTYPEID="10" PREVID="0" NEXTID="129185103" UPDATEDATE="2025-10-01" STARTDATE="1900-01-01" ENDDATE="2025-10-01" ISACTUAL="0" ISACTIVE="0" /><HOUSE ID="47343710" OBJECTID="78363275" OBJECTGUID="ae48c465-001c-4226-9872-25e4c0f8dc30" CHANGEID="116500515" HOUSENUM="146" HOUSETYPE="2" OPERTYPEID="10" PREVID="0" NEXTID="129185101" UPDATEDATE="2025-10-01" STARTDATE="1900-01-01" ENDDATE="2025-10-01" ISACTUAL="0" ISACTIVE="0" /><HOUSE ID="47352528" OBJECTID="78379387" OBJECTGUID="3ed5daca-8181-4982-90c7-4f0495dea4d6" CHANGEID="116523550" HOUSENUM="101" HOUSETYPE="2" OPERTYPEID="10" PREVID="0" NEXTID="129185102" UPDATEDATE="2025-10-01" STARTDATE="1900-01-01" ENDDATE="2025-10-01" ISACTUAL="0" ISACTIVE="0" /><HOUSE ID="51698707" OBJECTID="70162680" OBJECTGUID="047e166d-05a5-4864-8bea-3e566a4150a7" CHANGEID="104550711" HOUSENUM="90" ADDNUM1="А" HOUSETYPE="2" ADDTYPE1="4" OPERTYPEID="20" PREVID="42317951" NEXTID="129170234" UPDATEDATE="2025-09-29" STARTDATE="2019-02-01" ENDDATE="2025-09-29" ISACTUAL="0" ISACTIVE="0" /><HOUSE ID="53892006" OBJECTID="35654601" OBJECTGUID="2377196f-c613-4f8d-b459-e0a0f3740ecf" CHANGEID="54165788" HOUSENUM="29" ADDNUM1="Б" HOUSETYPE="2" ADDTYPE1="4" OPERTYPEID="20" PREVID="21187137" NEXTID="129164701" UPDATEDATE="2025-09-29" STARTDATE="2019-07-19" ENDDATE="2025-09-29" ISACTUAL="0" ISACTIVE="0" /><HOUSE ID="129023690" OBJECTID="174514587" OBJECTGUID="450bea9a-695e-4abd-8bb2-b2ff096eee30" CHANGEID="688771047" HOUSENUM="38а" HOUSETYPE="2" OPERTYPEID="10" PREVID="0" NEXTID="129184245" UPDATEDATE="2025-10-01" STARTDATE="2025-09-09" ENDDATE="2025-10-01" ISACTUAL="0" ISACTIVE="0" /><HOUSE ID="129164203" OBJECTID="60930857" OBJECTGUID="45e378ee-9c2c-413d-be17-24e0ceeed1e5" CHANGEID="689622931" HOUSENUM="4" HOUSETYPE="2" OPERTYPEID="30" PREVID="36531585" NEXTID="0" UPDATEDATE="2025-09-29" STARTDATE="2025-09-29" ENDDATE="2079-06-06" ISACTUAL="1" ISACTIVE="0" /><HOUSE ID="36531585" OBJECTID="60930857" OBJECTGUID="45e378ee-9c2c-413d-be17-24e0ceeed1e5" CHANGEID="90978308" HOUSENUM="4" HOUSETYPE="2" OPERTYPEID="10" PREVID="0" NEXTID="129164203" UPDATEDATE="2025-09-29" STARTDATE="1900-01-01" ENDDATE="2025-09-29" ISACTUAL="0" ISACTIVE="0" /><HOUSE ID="129164204" OBJECTID="60956067" OBJECTGUID="a789a6dd-189e-4fa8-a312-9ebd04d9d4d3" CHANGEID="689622932" HOUSENUM="36" HOUSETYPE="2" OPERTYPEID="30" PREVID="36551062" NEXTID="0" UPDATEDATE="2025-09-29" STARTDATE="2025-09-29" ENDDATE="2079-06-06" ISACTUAL="1" ISACTIVE="0" /><HOUSE ID="36551062" OBJECTID="60956067" OBJECTGUID="a789a6dd-189e-4fa8-a312-9ebd04d9d4d3" CHANGEID="91018086" HOUSENUM="36" HOUSETYPE="2" OPERTYPEID="10" PREVID="0" NEXTID="129164204" UPDATEDATE="2025-09-29" STARTDATE="1900-01-01" ENDDATE="2025-09-29" ISACTUAL="0" ISACTIVE="0" /><HOUSE ID="129164205" OBJECTID="83951565" OBJECTGUID="8da17dc6-5467-4d95-aae4-eded4ff07def" CHANGEID="689622933" HOUSENUM="28" HOUSETYPE="2" OPERTYPEID="30" PREVID="50838239" NEXTID="0" UPDATEDATE="2025-09-29" STARTDATE="2025-09-29" ENDDATE="2079-06-06" ISACTUAL="1" ISACTIVE="0" /><HOUSE ID="50838239" OBJECTID="83951565" OBJECTGUID="8da17dc6-5467-4d95-aae4-eded4ff07def" CHANGEID="124715966" HOUSENUM="28" HOUSETYPE="2" OPERTYPEID="10" PREVID="0" NEXTID="129164205" UPDATEDATE="2025-09-29" STARTDATE="2015-11-06" ENDDATE="2025-09-29" ISACTUAL="0" ISACTIVE="0" /><HOUSE ID="129164206" OBJECTID="59122059" OBJECTGUID="5617bca9-6767-4a06-a0ec-da06292bdbed" CHANGEID="689622934" HOUSENUM="6" HOUSETYPE="2" OPERTYPEID="30" PREVID="35408773" NEXTID="0" UPDATEDATE="2025-09-29" STARTDATE="2025-09-29" ENDDATE="2079-06-06" ISACTUAL="1" ISACTIVE="0" /><HOUSE ID="35408773" OBJECTID="59122059" OBJECTGUID="5617bca9-6767-4a06-a0ec-da06292bdbed" CHANGEID="88330993" HOUSENUM="6" HOUSETYPE="2" OPERTYPEID="10" PREVID="0" NEXTID="129164206" UPDATEDATE="2025-09-29" STARTDATE="1900-01-01" ENDDATE="2025-09-29" ISACTUAL="0" ISACTIVE="0" /><HOUSE ID="129164254" OBJECTID="174909186" OBJECTGUID="b8191e1c-eab1-47c5-a7fb-8dac32bb9964" CHANGEID="689623315" HOUSENUM="12" HOUSETYPE="4" OPERTYPEID="10" PREVID="0" NEXTID="0" UPDATEDATE="2025-09-29" STARTDATE="2025-09-29" ENDDATE="2079-06-06" ISACTUAL="1" ISACTIVE="1" /><HOUSE ID="129164255" OBJECTID="174909190" OBJECTGUID="e7307937-f457-4604-b057-908efd6e8d81" CHANGEID="689623319" HOUSENUM="144" HOUSETYPE="5" OPERTYPEID="10" PREVID="0" NEXTID="0" UPDATEDATE="2025-09-29" STARTDATE="2025-09-29" ENDDATE="2079-06-06" ISACTUAL="1" ISACTIVE="1" /><HOUSE ID="129164256" OBJECTID="174909201" OBJECTGUID="17801cae-973e-432e-874c-f9a56452db15" CHANGEID="689623331" HOUSENUM="2" HOUSETYPE="2" OPERTYPEID="10" PREVID="0" NEXTID="0" UPDATEDATE="2025-09-29" STARTDATE="2025-09-29" ENDDATE="2079-06-06" ISACTUAL="1" ISACTIVE="1" /><HOUSE ID="129164257" OBJECTID="174909202" OBJECTGUID="7d6c7eb2-20d9-4f7a-994e-77e2a307963a" CHANGEID="689623332" HOUSENUM="1" HOUSETYPE="2" OPERTYPEID="10" PREVID="0" NEXTID="0" UPDATEDATE="2025-09-29" STARTDATE="2025-09-29" ENDDATE="2079-06-06" ISACTUAL="1" ISACTIVE="1" /><HOUSE ID="129164258" OBJECTID="174909205" OBJECTGUID="de71d20d-1ba8-4e51-8854-7729a39152ce" CHANGEID="689623335" HOUSENUM="4" HOUSETYPE="2" OPERTYPEID="10" PREVID="0" NEXTID="0" UPDATEDATE="2025-09-29" STARTDATE="2025-09-29" ENDDATE="2079-06-06" ISACTUAL="1" ISACTIVE="1" /><HOUSE ID="129164259" OBJECTID="174909206" OBJECTGUID="fcfee0aa-b4d5-40a8-b1e2-d4ac236eb246" CHANGEID="689623336" HOUSENUM="3" HOUSETYPE="2" OPERTYPEID="10" PREVID="0" NEXTID="0" UPDATEDATE="2025-09-29" STARTDATE="2025-09-29" ENDDATE="2079-06-06" ISACTUAL="1" ISACTIVE="1" /><HOUSE ID="129164260" OBJECTID="174909207" OBJECTGUID="d72bda42-cd97-4f50-b3a6-3d5c5b0e32d1" CHANGEID="689623337" HOUSENUM="2" HOUSETYPE="2" OPERTYPEID="10" PREVID="0" NEXTID="0" UPDATEDATE="2025-09-29" STARTDATE="2025-09-29" ENDDATE="2079-06-06" ISACTUAL="1" ISACTIVE="1" /><HOUSE ID="129164261" OBJECTID="174909208" OBJECTGUID="23a2110b-9151-4858-b4a0-89de4d149bc5" CHANGEID="689623338" HOUSENUM="1" HOUSETYPE="2" OPERTYPEID="10" PREVID="0" NEXTID="0" UPDATEDATE="2025-09-29" STARTDATE="2025-09-29" ENDDATE="2079-06-06" ISACTUAL="1" ISACTIVE="1" /><HOUSE ID="129164282" OBJECTID="174909461" OBJECTGUID="23f9ed77-2f69-4eb0-aaa4-8a6ddc8531b3" CHANGEID="689623691" HOUSENUM="2" HOUSETYPE="2" OPERTYPEID="10" PREVID="0" NEXTID="0" UPDATEDATE="2025-09-29" STARTDATE="2025-09-29" ENDDATE="2079-06-06" ISACTUAL="1" ISACTIVE="1" /><HOUSE ID="129164283" OBJECTID="174909462" OBJECTGUID="84e9078f-0f15-4b41-ae88-60986995c605" CHANGEID="689623692" HOUSENUM="1" HOUSETYPE="2" OPERTYPEID="10" PREVID="0" NEXTID="0" UPDATEDATE="2025-09-29" STARTDATE="2025-09-29" ENDDATE="2079-06-06" ISACTUAL="1" ISACTIVE="1" /><HOUSE ID="129164284" OBJECTID="174909464" OBJECTGUID="093f9185-6cd3-440c-aaf5-3d57a8db7d76" CHANGEID="689623696" HOUSENUM="27/3" HOUSETYPE="4" OPERTYPEID="10" PREVID="0" NEXTID="0" UPDATEDATE="2025-09-29" STARTDATE="2025-09-29" ENDDATE="2079-06-06" ISACTUAL="1" ISACTIVE="1" /><HOUSE ID="129164325" OBJECTID="174910069" OBJECTGUID="f0350ca7-a9fc-4dd4-b30a-2839c485a7ee" CHANGEID="689624594" HOUSENUM="9" HOUSETYPE="2" OPERTYPEID="10" PREVID="0" NEXTID="0" UPDATEDATE="2025-09-29" STARTDATE="2025-09-29" ENDDATE="2079-06-06" ISACTUAL="1" ISACTIVE="1" /><HOUSE ID="129164326" OBJECTID="174910071" OBJECTGUID="5466e50e-4c8b-4355-a6cd-83dfc92a5dc1" CHANGEID="689624596" HOUSENUM="39" HOUSETYPE="7" OPERTYPEID="10" PREVID="0" NEXTID="0" UPDATEDATE="2025-09-29" STARTDATE="2025-09-29" ENDDATE="2079-06-06" ISACTUAL="1" ISACTIVE="1" /><HOUSE ID="129164466" OBJECTID="174910863" OBJECTGUID="abb88c29-e277-4d35-bace-e531342971ce" CHANGEID="689626381" HOUSENUM="13" HOUSETYPE="2" OPERTYPEID="10" PREVID="0" NEXTID="0" UPDATEDATE="2025-09-29" STARTDATE="2025-09-29" ENDDATE="2079-06-06" ISACTUAL="1" ISACTIVE="1" /><HOUSE ID="129164701" OBJECTID="35654601" OBJECTGUID="2377196f-c613-4f8d-b459-e0a0f3740ecf" CHANGEID="689628469" HOUSENUM="29б" HOUSETYPE="2" OPERTYPEID="20" PREVID="53892006" UPDATEDATE="2025-09-29" STARTDATE="2025-09-29" ENDDATE="2079-06-06" ISACTUAL="1" ISACTIVE="1" /><HOUSE ID="129164821" OBJECTID="174911927" OBJECTGUID="ab5a2ab4-fe78-475a-8746-f8e5949e86d4" CHANGEID="689629373" HOUSENUM="4" HOUSETYPE="2" OPERTYPEID="10" PREVID="0" NEXTID="0" UPDATEDATE="2025-09-29" STARTDATE="2025-09-29" ENDDATE="2079-06-06" ISACTUAL="1" ISACTIVE="1" /><HOUSE ID="129164822" OBJECTID="174911931" OBJECTGUID="8bcaf449-2fe4-423c-9f2a-71d92c26de36" CHANGEID="689629378" HOUSENUM="38а" HOUSETYPE="2" OPERTYPEID="10" PREVID="0" NEXTID="0" UPDATEDATE="2025-09-29" STARTDATE="2025-09-29" ENDDATE="2079-06-06" ISACTUAL="1" ISACTIVE="1" /><HOUSE ID="129164825" OBJECTID="174911936" OBJECTGUID="e55bb8be-9835-48d8-882d-af6c8cad15d9" CHANGEID="689629386" HOUSENUM="16" HOUSETYPE="2" OPERTYPEID="10" PREVID="0" NEXTID="0" UPDATEDATE="2025-09-29" STARTDATE="2025-09-29" ENDDATE="2079-06-06" ISACTUAL="1" ISACTIVE="1" /><HOUSE ID="129164830" OBJECTID="174911953" OBJECTGUID="b39c1f0b-b3a3-4265-b14a-a88c089d7b88" CHANGEID="689629409" HOUSENUM="9" HOUSETYPE="2" OPERTYPEID="10" PREVID="0" NEXTID="0" UPDATEDATE="2025-09-29" STARTDATE="2025-09-29" ENDDATE="2079-06-06" ISACTUAL="1" ISACTIVE="1" /><HOUSE ID="129164827" OBJECTID="174911939" OBJECTGUID="f0f7ae58-145d-497b-b25c-33cbe09c125d" CHANGEID="689629391" HOUSENUM="11" HOUSETYPE="2" OPERTYPEID="10" PREVID="0" NEXTID="0" UPDATEDATE="2025-09-29" STARTDATE="2025-09-29" ENDDATE="2079-06-06" ISACTUAL="1" ISACTIVE="1" /><HOUSE ID="129164829" OBJECTID="174911949" OBJECTGUID="559eba64-a6bc-4cd1-9132-b3629fc79e59" CHANGEID="689629404" HOUSENUM="2" HOUSETYPE="2" OPERTYPEID="10" PREVID="0" NEXTID="0" UPDATEDATE="2025-09-29" STARTDATE="2025-09-29" ENDDATE="2079-06-06" ISACTUAL="1" ISACTIVE="1" /><HOUSE ID="129164912" OBJECTID="174912266" OBJECTGUID="0186ad3a-ed64-4500-8db3-428b81155670" CHANGEID="689630360" HOUSENUM="6а" HOUSETYPE="2" OPERTYPEID="10" PREVID="0" NEXTID="0" UPDATEDATE="2025-09-29" STARTDATE="2025-09-29" ENDDATE="2079-06-06" ISACTUAL="1" ISACTIVE="1" /><HOUSE ID="129165114" OBJECTID="174912983" OBJECTGUID="ed38d2ec-dc51-4cfe-93a2-81183a2b4c12" CHANGEID="689631860" HOUSENUM="66" HOUSETYPE="2" OPERTYPEID="10" PREVID="0" NEXTID="0" UPDATEDATE="2025-09-29" STARTDATE="2025-09-29" ENDDATE="2079-06-06" ISACTUAL="1" ISACTIVE="1" /><HOUSE ID="129165115" OBJECTID="174912984" OBJECTGUID="4c01f261-3acb-4066-8780-059ea425992a" CHANGEID="689631861" HOUSENUM="64" HOUSETYPE="2" OPERTYPEID="10" PREVID="0" NEXTID="0" UPDATEDATE="2025-09-29" STARTDATE="2025-09-29" ENDDATE="2079-06-06" ISACTUAL="1" ISACTIVE="1" /><HOUSE ID="129165749" OBJECTID="174914323" OBJECTGUID="38345d42-8c3c-43c4-bae4-279da9aea7c9" CHANGEID="689635231" HOUSENUM="16" HOUSETYPE="2" OPERTYPEID="10" PREVID="0" NEXTID="0" UPDATEDATE="2025-09-29" STARTDATE="2025-09-29" ENDDATE="2079-06-06" ISACTUAL="1" ISACTIVE="1" /><HOUSE ID="129165754" OBJECTID="174914325" OBJECTGUID="81279dee-6013-48a3-9b91-03a4075eb024" CHANGEID="689635241" HOUSENUM="5" HOUSETYPE="2" OPERTYPEID="10" PREVID="0" NEXTID="0" UPDATEDATE="2025-09-29" STARTDATE="2025-09-29" ENDDATE="2079-06-06" ISACTUAL="1" ISACTIVE="1" /><HOUSE ID="129165741" OBJECTID="174914313" OBJECTGUID="a57dce08-7c04-488c-ad8c-b38447d9c0a0" CHANGEID="689635212" HOUSENUM="19" HOUSETYPE="2" OPERTYPEID="10" PREVID="0" NEXTID="0" UPDATEDATE="2025-09-29" STARTDATE="2025-09-29" ENDDATE="2079-06-06" ISACTUAL="1" ISACTIVE="1" /><HOUSE ID="129165971" OBJECTID="32202539" OBJECTGUID="a50b8119-9c5d-4197-802b-66bb42ef7978" CHANGEID="689637301" HOUSENUM="21" HOUSETYPE="2" OPERTYPEID="30" PREVID="63074002" NEXTID="0" UPDATEDATE="2025-09-29" STARTDATE="2025-09-29" ENDDATE="2079-06-06" ISACTUAL="1" ISACTIVE="0" /><HOUSE ID="129166912" OBJECTID="47788186" OBJECTGUID="ecd8b6dc-49b7-4701-9abf-bea5b5b96d39" CHANGEID="689644449" HOUSENUM="38" HOUSETYPE="2" OPERTYPEID="30" PREVID="68157213" NEXTID="0" UPDATEDATE="2025-09-29" STARTDATE="2025-09-29" ENDDATE="2079-06-06" ISACTUAL="1" ISACTIVE="0" /><HOUSE ID="68157213" OBJECTID="47788186" OBJECTGUID="ecd8b6dc-49b7-4701-9abf-bea5b5b96d39" CHANGEID="71852002" HOUSENUM="38" HOUSETYPE="2" OPERTYPEID="20" PREVID="28566104" NEXTID="129166912" UPDATEDATE="2025-09-29" STARTDATE="2019-04-05" ENDDATE="2025-09-29" ISACTUAL="0" ISACTIVE="0" /><HOUSE ID="63286425" OBJECTID="54016060" OBJECTGUID="a80bc076-973e-4d6c-b4c8-b60df535dee4" CHANGEID="80846981" HOUSENUM="7" HOUSETYPE="2" OPERTYPEID="20" PREVID="32263018" NEXTID="129169436" UPDATEDATE="2025-09-29" STARTDATE="2014-05-22" ENDDATE="2025-09-29" ISACTUAL="0" ISACTIVE="0" /><HOUSE ID="129169436" OBJECTID="54016060" OBJECTGUID="a80bc076-973e-4d6c-b4c8-b60df535dee4" CHANGEID="689661204" HOUSENUM="7" HOUSETYPE="5" OPERTYPEID="20" PREVID="63286425" UPDATEDATE="2025-09-29" STARTDATE="2025-09-29" ENDDATE="2079-06-06" ISACTUAL="1" ISACTIVE="1" /><HOUSE ID="129170056" OBJECTID="174928535" OBJECTGUID="ea250e7a-ff03-4c12-bdb6-e97ad64673f3" CHANGEID="689664638" HOUSENUM="2" HOUSETYPE="2" OPERTYPEID="10" PREVID="0" NEXTID="0" UPDATEDATE="2025-09-29" STARTDATE="2025-09-29" ENDDATE="2079-06-06" ISACTUAL="1" ISACTIVE="1" /><HOUSE ID="129170057" OBJECTID="174928536" OBJECTGUID="0a26bab1-c224-4c18-bdf5-2ce56b13ab6e" CHANGEID="689664639" HOUSENUM="1" HOUSETYPE="2" OPERTYPEID="10" PREVID="0" NEXTID="0" UPDATEDATE="2025-09-29" STARTDATE="2025-09-29" ENDDATE="2079-06-06" ISACTUAL="1" ISACTIVE="1" /><HOUSE ID="129170234" OBJECTID="70162680" OBJECTGUID="047e166d-05a5-4864-8bea-3e566a4150a7" CHANGEID="689666853" HOUSENUM="90А" HOUSETYPE="2" OPERTYPEID="20" PREVID="51698707" UPDATEDATE="2025-09-29" STARTDATE="2025-09-29" ENDDATE="2079-06-06" ISACTUAL="1" ISACTIVE="1" /><HOUSE ID="129175288" OBJECTID="174945287" OBJECTGUID="72877bb6-166c-4053-b641-e3756d4c0886" CHANGEID="689701394" HOUSENUM="38в" ADDNUM1="1" HOUSETYPE="2" ADDTYPE1="2" OPERTYPEID="10" PREVID="0" NEXTID="0" UPDATEDATE="2025-09-30" STARTDATE="2025-09-30" ENDDATE="2079-06-06" ISACTUAL="1" ISACTIVE="1" /><HOUSE ID="129175294" OBJECTID="174945597" OBJECTGUID="2417c4ff-c096-4c04-9411-e39ea734265f" CHANGEID="689701745" HOUSENUM="1295/4" HOUSETYPE="2" OPERTYPEID="10" PREVID="0" NEXTID="0" UPDATEDATE="2025-09-30" STARTDATE="2025-09-30" ENDDATE="2079-06-06" ISACTUAL="1" ISACTIVE="1" /><HOUSE ID="44600163" OBJECTID="73859831" OBJECTGUID="bd0a4feb-dc06-442e-ac4b-474b6a40e626" CHANGEID="109947677" HOUSENUM="5" HOUSETYPE="1" OPERTYPEID="10" PREVID="0" NEXTID="129175301" UPDATEDATE="2025-09-30" STARTDATE="2014-12-29" ENDDATE="2025-09-30" ISACTUAL="0" ISACTIVE="0" /><HOUSE ID="129175301" OBJECTID="73859831" OBJECTGUID="bd0a4feb-dc06-442e-ac4b-474b6a40e626" CHANGEID="689701889" HOUSENUM="5" HOUSETYPE="2" OPERTYPEID="20" PREVID="44600163" UPDATEDATE="2025-09-30" STARTDATE="2025-09-30" ENDDATE="2079-06-06" ISACTUAL="1" ISACTIVE="1" /><HOUSE ID="44602924" OBJECTID="73864417" OBJECTGUID="b3d02dbe-36a1-4294-8753-622b88052bb9" CHANGEID="109954354" HOUSENUM="1" HOUSETYPE="1" OPERTYPEID="10" PREVID="0" NEXTID="129175302" UPDATEDATE="2025-09-30" STARTDATE="2014-12-29" ENDDATE="2025-09-30" ISACTUAL="0" ISACTIVE="0" /><HOUSE ID="129175302" OBJECTID="73864417" OBJECTGUID="b3d02dbe-36a1-4294-8753-622b88052bb9" CHANGEID="689701891" HOUSENUM="1" HOUSETYPE="2" OPERTYPEID="20" PREVID="44602924" UPDATEDATE="2025-09-30" STARTDATE="2025-09-30" ENDDATE="2079-06-06" ISACTUAL="1" ISACTIVE="1" /><HOUSE ID="44603464" OBJECTID="73865170" OBJECTGUID="b3257382-ee4f-4738-9015-6613d8651222" CHANGEID="109955500" HOUSENUM="15" HOUSETYPE="1" OPERTYPEID="10" PREVID="0" NEXTID="129175303" UPDATEDATE="2025-09-30" STARTDATE="2014-12-29" ENDDATE="2025-09-30" ISACTUAL="0" ISACTIVE="0" /><HOUSE ID="129175303" OBJECTID="73865170" OBJECTGUID="b3257382-ee4f-4738-9015-6613d8651222" CHANGEID="689701893" HOUSENUM="15" HOUSETYPE="2" OPERTYPEID="20" PREVID="44603464" UPDATEDATE="2025-09-30" STARTDATE="2025-09-30" ENDDATE="2079-06-06" ISACTUAL="1" ISACTIVE="1" /><HOUSE ID="44605650" OBJECTID="73868434" OBJECTGUID="de1a753f-cd99-472b-b0bb-a0e9ac2bbdb0" CHANGEID="109960380" HOUSENUM="9" HOUSETYPE="1" OPERTYPEID="10" PREVID="0" NEXTID="129175305" UPDATEDATE="2025-09-30" STARTDATE="2014-12-29" ENDDATE="2025-09-30" ISACTUAL="0" ISACTIVE="0" /><HOUSE ID="129175305" OBJECTID="73868434" OBJECTGUID="de1a753f-cd99-472b-b0bb-a0e9ac2bbdb0" CHANGEID="689701898" HOUSENUM="9" HOUSETYPE="2" OPERTYPEID="20" PREVID="44605650" UPDATEDATE="2025-09-30" STARTDATE="2025-09-30" ENDDATE="2079-06-06" ISACTUAL="1" ISACTIVE="1" /><HOUSE ID="44603817" OBJECTID="73865653" OBJECTGUID="4af01d02-2bc0-49bf-a8d5-7093884a9856" CHANGEID="109956290" HOUSENUM="7" HOUSETYPE="1" OPERTYPEID="10" PREVID="0" NEXTID="129175304" UPDATEDATE="2025-09-30" STARTDATE="2014-12-29" ENDDATE="2025-09-30" ISACTUAL="0" ISACTIVE="0" /><HOUSE ID="129175304" OBJECTID="73865653" OBJECTGUID="4af01d02-2bc0-49bf-a8d5-7093884a9856" CHANGEID="689701897" HOUSENUM="7" HOUSETYPE="2" OPERTYPEID="20" PREVID="44603817" UPDATEDATE="2025-09-30" STARTDATE="2025-09-30" ENDDATE="2079-06-06" ISACTUAL="1" ISACTIVE="1" /><HOUSE ID="129175316" OBJECTID="174945690" OBJECTGUID="f0b6ae7d-98c3-49a4-9d91-504d0e894fe9" CHANGEID="689701969" HOUSENUM="29" HOUSETYPE="2" OPERTYPEID="10" PREVID="0" NEXTID="0" UPDATEDATE="2025-09-30" STARTDATE="2025-09-30" ENDDATE="2079-06-06" ISACTUAL="1" ISACTIVE="1" /><HOUSE ID="129175318" OBJECTID="174945714" OBJECTGUID="5e2fa323-d87d-4df7-8ae7-1e2b661bc573" CHANGEID="689701997" HOUSENUM="9806/3" HOUSETYPE="2" OPERTYPEID="10" PREVID="0" NEXTID="0" UPDATEDATE="2025-09-30" STARTDATE="2025-09-30" ENDDATE="2079-06-06" ISACTUAL="1" ISACTIVE="1" /><HOUSE ID="129175389" OBJECTID="174945803" OBJECTGUID="d470fede-7a16-4389-b45e-dd23bc67beb0" CHANGEID="689702436" HOUSENUM="107а" HOUSETYPE="5" OPERTYPEID="10" PREVID="0" NEXTID="0" UPDATEDATE="2025-09-30" STARTDATE="2025-09-30" ENDDATE="2079-06-06" ISACTUAL="1" ISACTIVE="1" /><HOUSE ID="129175427" OBJECTID="174946010" OBJECTGUID="df4ae8e2-f352-4164-a039-01687b484e3b" CHANGEID="689702932" HOUSENUM="1а" HOUSETYPE="5" OPERTYPEID="10" PREVID="0" NEXTID="0" UPDATEDATE="2025-09-30" STARTDATE="2025-09-30" ENDDATE="2079-06-06" ISACTUAL="1" ISACTIVE="1" /><HOUSE ID="129175430" OBJECTID="174946028" OBJECTGUID="5b24f952-109b-4c13-8b91-78e1de3a074e" CHANGEID="689702955" HOUSENUM="24" ADDNUM1="2" HOUSETYPE="2" ADDTYPE1="2" OPERTYPEID="10" PREVID="0" NEXTID="0" UPDATEDATE="2025-09-30" STARTDATE="2025-09-30" ENDDATE="2079-06-06" ISACTUAL="1" ISACTIVE="1" /><HOUSE ID="129175518" OBJECTID="174946197" OBJECTGUID="c20814ac-f5fe-498c-8031-e95ec24fda29" CHANGEID="689703513" HOUSENUM="51" ADDNUM1="1" HOUSETYPE="5" ADDTYPE1="2" OPERTYPEID="10" PREVID="0" NEXTID="0" UPDATEDATE="2025-09-30" STARTDATE="2025-09-30" ENDDATE="2079-06-06" ISACTUAL="1" ISACTIVE="1" /><HOUSE ID="129175525" OBJECTID="174946238" OBJECTGUID="4a6bb69c-e695-43e0-8e36-33ba5bac936e" CHANGEID="689703563" HOUSENUM="5Б" ADDNUM1="3" HOUSETYPE="2" ADDTYPE1="3" OPERTYPEID="10" PREVID="0" NEXTID="0" UPDATEDATE="2025-09-30" STARTDATE="2025-09-30" ENDDATE="2079-06-06" ISACTUAL="1" ISACTIVE="1" /><HOUSE ID="129175517" OBJECTID="174946183" OBJECTGUID="a41319a6-3598-4fec-b591-369bd071532d" CHANGEID="689703493" HOUSENUM="50а" HOUSETYPE="2" OPERTYPEID="10" PREVID="0" NEXTID="0" UPDATEDATE="2025-09-30" STARTDATE="2025-09-30" ENDDATE="2079-06-06" ISACTUAL="1" ISACTIVE="1" /><HOUSE ID="129175524" OBJECTID="174946237" OBJECTGUID="f065c6d2-13e0-4b7a-9f38-37e037106ec8" CHANGEID="689703562" HOUSENUM="12а" HOUSETYPE="4" OPERTYPEID="10" PREVID="0" NEXTID="0" UPDATEDATE="2025-09-30" STARTDATE="2025-09-30" ENDDATE="2079-06-06" ISACTUAL="1" ISACTIVE="1" /><HOUSE ID="129175526" OBJECTID="174946246" OBJECTGUID="8a61b8e5-1a9a-4bbd-bd79-e50ccbc1808f" CHANGEID="689703571" HOUSENUM="12б" HOUSETYPE="4" OPERTYPEID="10" PREVID="0" NEXTID="0" UPDATEDATE="2025-09-30" STARTDATE="2025-09-30" ENDDATE="2079-06-06" ISACTUAL="1" ISACTIVE="1" /><HOUSE ID="129175527" OBJECTID="174946263" OBJECTGUID="4bf62718-5868-48b1-9325-11b3204b3a6c" CHANGEID="689703589" HOUSENUM="13" HOUSETYPE="4" OPERTYPEID="10" PREVID="0" NEXTID="0" UPDATEDATE="2025-09-30" STARTDATE="2025-09-30" ENDDATE="2079-06-06" ISACTUAL="1" ISACTIVE="1" /><HOUSE ID="129175580" OBJECTID="174946821" OBJECTGUID="5def76f8-6f20-4ee5-8590-8355c2183f6a" CHANGEID="689704358" HOUSENUM="2А" HOUSETYPE="8" OPERTYPEID="10" PREVID="0" NEXTID="0" UPDATEDATE="2025-09-30" STARTDATE="2025-09-30" ENDDATE="2079-06-06" ISACTUAL="1" ISACTIVE="1" /><HOUSE ID="129175783" OBJECTID="174947540" OBJECTGUID="d5c7bdd4-0a17-4a62-9630-30795308dd52" CHANGEID="689705723" HOUSENUM="55" ADDNUM1="5" HOUSETYPE="2" ADDTYPE1="2" OPERTYPEID="10" PREVID="0" NEXTID="0" UPDATEDATE="2025-09-30" STARTDATE="2025-09-30" ENDDATE="2079-06-06" ISACTUAL="1" ISACTIVE="1" /><HOUSE ID="129175952" OBJECTID="174948089" OBJECTGUID="402e764b-e4e5-4e44-a840-1cec003d4c18" CHANGEID="689706557" HOUSENUM="54" ADDNUM1="1" HOUSETYPE="5" ADDTYPE1="3" OPERTYPEID="10" PREVID="0" NEXTID="0" UPDATEDATE="2025-09-30" STARTDATE="2025-09-30" ENDDATE="2079-06-06" ISACTUAL="1" ISACTIVE="1" /><HOUSE ID="129175957" OBJECTID="174948116" OBJECTGUID="5c1e7c1c-ab33-4f1a-839c-e5b07dda97a7" CHANGEID="689706590" HOUSENUM="24" ADDNUM1="3" HOUSETYPE="2" ADDTYPE1="2" OPERTYPEID="10" PREVID="0" NEXTID="0" UPDATEDATE="2025-09-30" STARTDATE="2025-09-30" ENDDATE="2079-06-06" ISACTUAL="1" ISACTIVE="1" /><HOUSE ID="129175966" OBJECTID="174948161" OBJECTGUID="96b0ae21-d6b6-4bf8-8f39-db171dcb7453" CHANGEID="689706651" HOUSENUM="1" HOUSETYPE="2" OPERTYPEID="10" PREVID="0" NEXTID="0" UPDATEDATE="2025-09-30" STARTDATE="2025-09-30" ENDDATE="2079-06-06" ISACTUAL="1" ISACTIVE="1" /><HOUSE ID="129176260" OBJECTID="174948759" OBJECTGUID="1ecb2399-7b00-4123-8358-406d8ca4038e" CHANGEID="689707648" HOUSENUM="3в/3" HOUSETYPE="5" OPERTYPEID="10" PREVID="0" NEXTID="0" UPDATEDATE="2025-09-30" STARTDATE="2025-09-30" ENDDATE="2079-06-06" ISACTUAL="1" ISACTIVE="1" /><HOUSE ID="129176973" OBJECTID="174950031" OBJECTGUID="2d616bdd-b86f-4688-8214-11917aa50dcb" CHANGEID="689710199" HOUSENUM="4а" HOUSETYPE="5" OPERTYPEID="10" PREVID="0" NEXTID="0" UPDATEDATE="2025-09-30" STARTDATE="2025-09-30" ENDDATE="2079-06-06" ISACTUAL="1" ISACTIVE="1" /><HOUSE ID="129177111" OBJECTID="174950277" OBJECTGUID="a7b0e6b2-64d2-4e70-a712-cbb2fcb2d798" CHANGEID="689710635" HOUSENUM="3" HOUSETYPE="7" OPERTYPEID="10" PREVID="0" NEXTID="0" UPDATEDATE="2025-09-30" STARTDATE="2025-09-30" ENDDATE="2079-06-06" ISACTUAL="1" ISACTIVE="1" /><HOUSE ID="129178092" OBJECTID="26921187" OBJECTGUID="6ce050c0-52c4-4bf8-aee1-ed1ae9761739" CHANGEID="689718667" HOUSENUM="25" HOUSETYPE="2" OPERTYPEID="30" PREVID="15986735" NEXTID="0" UPDATEDATE="2025-09-30" STARTDATE="2025-09-30" ENDDATE="2079-06-06" ISACTUAL="1" ISACTIVE="0" /><HOUSE ID="129178057" OBJECTID="26920912" OBJECTGUID="1429f863-7be8-42aa-bd3f-e98937cd539e" CHANGEID="689718478" HOUSENUM="10" HOUSETYPE="2" OPERTYPEID="30" PREVID="15986540" NEXTID="0" UPDATEDATE="2025-09-30" STARTDATE="2025-09-30" ENDDATE="2079-06-06" ISACTUAL="1" ISACTIVE="0" /><HOUSE ID="15986540" OBJECTID="26920912" OBJECTGUID="1429f863-7be8-42aa-bd3f-e98937cd539e" CHANGEID="41535928" HOUSENUM="10" HOUSETYPE="2" OPERTYPEID="10" PREVID="0" NEXTID="129178057" UPDATEDATE="2025-09-30" STARTDATE="1900-01-01" ENDDATE="2025-09-30" ISACTUAL="0" ISACTIVE="0" /><HOUSE ID="129178079" OBJECTID="26909124" OBJECTGUID="adc8480e-c4fd-422b-883a-76908269733d" CHANGEID="689718589" HOUSENUM="15" HOUSETYPE="2" OPERTYPEID="30" PREVID="15979229" NEXTID="0" UPDATEDATE="2025-09-30" STARTDATE="2025-09-30" ENDDATE="2079-06-06" ISACTUAL="1" ISACTIVE="0" /><HOUSE ID="15979229" OBJECTID="26909124" OBJECTGUID="adc8480e-c4fd-422b-883a-76908269733d" CHANGEID="41518491" HOUSENUM="15" HOUSETYPE="2" OPERTYPEID="10" PREVID="0" NEXTID="129178079" UPDATEDATE="2025-09-30" STARTDATE="1900-01-01" ENDDATE="2025-09-30" ISACTUAL="0" ISACTIVE="0" /><HOUSE ID="129178112" OBJECTID="70902790" OBJECTGUID="96d92939-bc69-4f5f-beff-c168a6b8887f" CHANGEID="689718741" HOUSENUM="31" HOUSETYPE="2" OPERTYPEID="30" PREVID="42764377" NEXTID="0" UPDATEDATE="2025-09-30" STARTDATE="2025-09-30" ENDDATE="2079-06-06" ISACTUAL="1" ISACTIVE="0" /><HOUSE ID="42764377" OBJECTID="70902790" OBJECTGUID="96d92939-bc69-4f5f-beff-c168a6b8887f" CHANGEID="105630004" HOUSENUM="31" HOUSETYPE="2" OPERTYPEID="10" PREVID="0" NEXTID="129178112" UPDATEDATE="2025-09-30" STARTDATE="2018-02-02" ENDDATE="2025-09-30" ISACTUAL="0" ISACTIVE="0" /><HOUSE ID="129179239" OBJECTID="70903172" OBJECTGUID="f8423bda-6b72-4124-b0f3-1885249ff34b" CHANGEID="689725706" HOUSENUM="90" HOUSETYPE="2" OPERTYPEID="30" PREVID="42764487" NEXTID="0" UPDATEDATE="2025-09-30" STARTDATE="2025-09-30" ENDDATE="2079-06-06" ISACTUAL="1" ISACTIVE="0" /><HOUSE ID="42764487" OBJECTID="70903172" OBJECTGUID="f8423bda-6b72-4124-b0f3-1885249ff34b" CHANGEID="105630496" HOUSENUM="90" HOUSETYPE="2" OPERTYPEID="10" PREVID="0" NEXTID="129179239" UPDATEDATE="2025-09-30" STARTDATE="2018-03-06" ENDDATE="2025-09-30" ISACTUAL="0" ISACTIVE="0" /><HOUSE ID="129179240" OBJECTID="70954889" OBJECTGUID="9506c862-da3e-42d3-8b60-3f70b3ff96e2" CHANGEID="689725707" HOUSENUM="76" HOUSETYPE="2" OPERTYPEID="30" PREVID="42797640" NEXTID="0" UPDATEDATE="2025-09-30" STARTDATE="2025-09-30" ENDDATE="2079-06-06" ISACTUAL="1" ISACTIVE="0" /><HOUSE ID="42797640" OBJECTID="70954889" OBJECTGUID="9506c862-da3e-42d3-8b60-3f70b3ff96e2" CHANGEID="105706295" HOUSENUM="76" HOUSETYPE="2" OPERTYPEID="10" PREVID="0" NEXTID="129179240" UPDATEDATE="2025-09-30" STARTDATE="1900-01-01" ENDDATE="2025-09-30" ISACTUAL="0" ISACTIVE="0" /><HOUSE ID="129179241" OBJECTID="70903286" OBJECTGUID="b8ebde3b-5e6e-47c7-a7f9-7739fdd2c95f" CHANGEID="689725708" HOUSENUM="84" HOUSETYPE="2" OPERTYPEID="30" PREVID="42764526" NEXTID="0" UPDATEDATE="2025-09-30" STARTDATE="2025-09-30" ENDDATE="2079-06-06" ISACTUAL="1" ISACTIVE="0" /><HOUSE ID="42764526" OBJECTID="70903286" OBJECTGUID="b8ebde3b-5e6e-47c7-a7f9-7739fdd2c95f" CHANGEID="105630651" HOUSENUM="84" HOUSETYPE="2" OPERTYPEID="10" PREVID="0" NEXTID="129179241" UPDATEDATE="2025-09-30" STARTDATE="2018-03-06" ENDDATE="2025-09-30" ISACTUAL="0" ISACTIVE="0" /><HOUSE ID="129179242" OBJECTID="70903392" OBJECTGUID="69754044-1eef-4e2b-aa9e-a5c139d5cbe7" CHANGEID="689725709" HOUSENUM="40" HOUSETYPE="2" OPERTYPEID="30" PREVID="42764553" NEXTID="0" UPDATEDATE="2025-09-30" STARTDATE="2025-09-30" ENDDATE="2079-06-06" ISACTUAL="1" ISACTIVE="0" /><HOUSE ID="42764553" OBJECTID="70903392" OBJECTGUID="69754044-1eef-4e2b-aa9e-a5c139d5cbe7" CHANGEID="105630786" HOUSENUM="40" HOUSETYPE="2" OPERTYPEID="10" PREVID="0" NEXTID="129179242" UPDATEDATE="2025-09-30" STARTDATE="2018-03-06" ENDDATE="2025-09-30" ISACTUAL="0" ISACTIVE="0" /><HOUSE ID="129179243" OBJECTID="70903492" OBJECTGUID="34615257-689f-4658-88a4-a5cc6af8b5cd" CHANGEID="689725710" HOUSENUM="54" HOUSETYPE="2" OPERTYPEID="30" PREVID="42764602" NEXTID="0" UPDATEDATE="2025-09-30" STARTDATE="2025-09-30" ENDDATE="2079-06-06" ISACTUAL="1" ISACTIVE="0" /><HOUSE ID="42764602" OBJECTID="70903492" OBJECTGUID="34615257-689f-4658-88a4-a5cc6af8b5cd" CHANGEID="105630925" HOUSENUM="54" HOUSETYPE="2" OPERTYPEID="10" PREVID="0" NEXTID="129179243" UPDATEDATE="2025-09-30" STARTDATE="2018-03-06" ENDDATE="2025-09-30" ISACTUAL="0" ISACTIVE="0" /><HOUSE ID="129179244" OBJECTID="70904661" OBJECTGUID="cad10631-2400-4f96-984a-e518dccc839b" CHANGEID="689725711" HOUSENUM="58" HOUSETYPE="2" OPERTYPEID="30" PREVID="42765116" NEXTID="0" UPDATEDATE="2025-09-30" STARTDATE="2025-09-30" ENDDATE="2079-06-06" ISACTUAL="1" ISACTIVE="0" /><HOUSE ID="42765116" OBJECTID="70904661" OBJECTGUID="cad10631-2400-4f96-984a-e518dccc839b" CHANGEID="105632505" HOUSENUM="58" HOUSETYPE="2" OPERTYPEID="10" PREVID="0" NEXTID="129179244" UPDATEDATE="2025-09-30" STARTDATE="2018-03-06" ENDDATE="2025-09-30" ISACTUAL="0" ISACTIVE="0" /><HOUSE ID="129179245" OBJECTID="70981798" OBJECTGUID="1ba1c545-0baf-4f7e-b5fd-c7248bbb8ee2" CHANGEID="689725712" HOUSENUM="92а" HOUSETYPE="2" OPERTYPEID="30" PREVID="42815550" NEXTID="0" UPDATEDATE="2025-09-30" STARTDATE="2025-09-30" ENDDATE="2079-06-06" ISACTUAL="1" ISACTIVE="0" /><HOUSE ID="42815550" OBJECTID="70981798" OBJECTGUID="1ba1c545-0baf-4f7e-b5fd-c7248bbb8ee2" CHANGEID="105746584" HOUSENUM="92а" HOUSETYPE="2" OPERTYPEID="10" PREVID="0" NEXTID="129179245" UPDATEDATE="2025-09-30" STARTDATE="1900-01-01" ENDDATE="2025-09-30" ISACTUAL="0" ISACTIVE="0" /><HOUSE ID="129180182" OBJECTID="174959453" OBJECTGUID="143419f6-a6dc-4636-afee-a7f32cf6126f" CHANGEID="689734182" HOUSENUM="15б" HOUSETYPE="5" OPERTYPEID="10" PREVID="0" NEXTID="0" UPDATEDATE="2025-09-30" STARTDATE="2025-09-30" ENDDATE="2079-06-06" ISACTUAL="1" ISACTIVE="1" /><HOUSE ID="129180162" OBJECTID="174959399" OBJECTGUID="04d61279-afa5-4afd-8f9e-27feff1417bb" CHANGEID="689733988" HOUSENUM="15а" HOUSETYPE="4" OPERTYPEID="10" PREVID="0" NEXTID="0" UPDATEDATE="2025-09-30" STARTDATE="2025-09-30" ENDDATE="2079-06-06" ISACTUAL="1" ISACTIVE="1" /><HOUSE ID="129183965" OBJECTID="83943125" OBJECTGUID="61c353c2-c468-4417-836e-5f8657759e2c" CHANGEID="689777541" HOUSENUM="41" HOUSETYPE="2" OPERTYPEID="30" PREVID="50832941" NEXTID="0" UPDATEDATE="2025-10-01" STARTDATE="2025-10-01" ENDDATE="2079-06-06" ISACTUAL="1" ISACTIVE="0" /><HOUSE ID="50832941" OBJECTID="83943125" OBJECTGUID="61c353c2-c468-4417-836e-5f8657759e2c" CHANGEID="124703411" HOUSENUM="41" HOUSETYPE="2" OPERTYPEID="10" PREVID="0" NEXTID="129183965" UPDATEDATE="2025-10-01" STARTDATE="2015-11-06" ENDDATE="2025-10-01" ISACTUAL="0" ISACTIVE="0" /><HOUSE ID="129184198" OBJECTID="74218048" OBJECTGUID="fefca68e-b4b4-4333-885d-a8c4262297c8" CHANGEID="689778552" HOUSENUM="1" HOUSETYPE="2" OPERTYPEID="40" PREVID="69441962" UPDATEDATE="2025-10-01" STARTDATE="2025-10-01" ENDDATE="2079-06-06" ISACTUAL="1" ISACTIVE="1" /><HOUSE ID="60355121" OBJECTID="74196280" OBJECTGUID="7eab756e-9ab8-4469-bd27-0593766b1059" CHANGEID="110431719" HOUSENUM="1" ADDNUM1="1" HOUSETYPE="2" ADDTYPE1="1" OPERTYPEID="20" PREVID="44793603" NEXTID="129184199" UPDATEDATE="2025-10-01" STARTDATE="2012-12-25" ENDDATE="2025-10-01" ISACTUAL="0" ISACTIVE="0" /><HOUSE ID="129184199" OBJECTID="74196280" OBJECTGUID="7eab756e-9ab8-4469-bd27-0593766b1059" CHANGEID="689778553" HOUSENUM="1" ADDNUM1="1" HOUSETYPE="2" ADDTYPE1="1" OPERTYPEID="42" PREVID="60355121" NEXTID="129184198" UPDATEDATE="2025-10-01" STARTDATE="2025-10-01" ENDDATE="2079-06-06" ISACTUAL="1" ISACTIVE="0" /><HOUSE ID="67586400" OBJECTID="74216677" OBJECTGUID="e4c9539e-492c-4e8d-a262-a841a3b614bd" CHANGEID="110462452" HOUSENUM="1" ADDNUM1="3" HOUSETYPE="2" ADDTYPE1="1" OPERTYPEID="20" PREVID="44806588" NEXTID="129184200" UPDATEDATE="2025-10-01" STARTDATE="2012-12-25" ENDDATE="2025-10-01" ISACTUAL="0" ISACTIVE="0" /><HOUSE ID="129184200" OBJECTID="74216677" OBJECTGUID="e4c9539e-492c-4e8d-a262-a841a3b614bd" CHANGEID="689778554" HOUSENUM="1" ADDNUM1="3" HOUSETYPE="2" ADDTYPE1="1" OPERTYPEID="42" PREVID="67586400" NEXTID="129184198" UPDATEDATE="2025-10-01" STARTDATE="2025-10-01" ENDDATE="2079-06-06" ISACTUAL="1" ISACTIVE="0" /><HOUSE ID="57170518" OBJECTID="74222839" OBJECTGUID="51bab661-e717-4b08-aa70-c0331ba367a1" CHANGEID="110469695" HOUSENUM="1" ADDNUM1="4" HOUSETYPE="2" ADDTYPE1="1" OPERTYPEID="20" PREVID="44809304" NEXTID="129184201" UPDATEDATE="2025-10-01" STARTDATE="2012-12-25" ENDDATE="2025-10-01" ISACTUAL="0" ISACTIVE="0" /><HOUSE ID="129184201" OBJECTID="74222839" OBJECTGUID="51bab661-e717-4b08-aa70-c0331ba367a1" CHANGEID="689778555" HOUSENUM="1" ADDNUM1="4" HOUSETYPE="2" ADDTYPE1="1" OPERTYPEID="42" PREVID="57170518" NEXTID="129184198" UPDATEDATE="2025-10-01" STARTDATE="2025-10-01" ENDDATE="2079-06-06" ISACTUAL="1" ISACTIVE="0" /><HOUSE ID="54847145" OBJECTID="74225897" OBJECTGUID="30ef5d03-eca8-413e-a0e5-de2713185080" CHANGEID="110474528" HOUSENUM="1" ADDNUM1="Б" HOUSETYPE="2" ADDTYPE1="1" OPERTYPEID="20" PREVID="44811715" NEXTID="129184202" UPDATEDATE="2025-10-01" STARTDATE="2012-12-25" ENDDATE="2025-10-01" ISACTUAL="0" ISACTIVE="0" /><HOUSE ID="129184202" OBJECTID="74225897" OBJECTGUID="30ef5d03-eca8-413e-a0e5-de2713185080" CHANGEID="689778556" HOUSENUM="1" ADDNUM1="Б" HOUSETYPE="2" ADDTYPE1="1" OPERTYPEID="42" PREVID="54847145" NEXTID="129184198" UPDATEDATE="2025-10-01" STARTDATE="2025-10-01" ENDDATE="2079-06-06" ISACTUAL="1" ISACTIVE="0" /><HOUSE ID="129184245" OBJECTID="174514587" OBJECTGUID="450bea9a-695e-4abd-8bb2-b2ff096eee30" CHANGEID="689779003" HOUSENUM="38" HOUSETYPE="2" OPERTYPEID="20" PREVID="129023690" UPDATEDATE="2025-10-01" STARTDATE="2025-10-01" ENDDATE="2079-06-06" ISACTUAL="1" ISACTIVE="1" /><HOUSE ID="129184257" OBJECTID="23779337" OBJECTGUID="cab3ff64-c8da-4ff0-ad93-5dbd051a047c" CHANGEID="689779085" HOUSENUM="25" HOUSETYPE="5" OPERTYPEID="20" PREVID="65741434" UPDATEDATE="2025-10-01" STARTDATE="2025-10-01" ENDDATE="2079-06-06" ISACTUAL="1" ISACTIVE="1" /><HOUSE ID="129184390" OBJECTID="174971734" OBJECTGUID="cbc644eb-82be-4974-bccd-273fff9aa7e0" CHANGEID="689779586" HOUSENUM="60" ADDNUM1="1" HOUSETYPE="5" ADDTYPE1="2" OPERTYPEID="10" PREVID="0" NEXTID="0" UPDATEDATE="2025-10-01" STARTDATE="2025-10-01" ENDDATE="2079-06-06" ISACTUAL="1" ISACTIVE="1" /><HOUSE ID="129184394" OBJECTID="174971752" OBJECTGUID="c25e4629-3153-4f3d-877c-fcfad74e111d" CHANGEID="689779604" HOUSENUM="53б" HOUSETYPE="2" OPERTYPEID="10" PREVID="0" NEXTID="0" UPDATEDATE="2025-10-01" STARTDATE="2025-10-01" ENDDATE="2079-06-06" ISACTUAL="1" ISACTIVE="1" /><HOUSE ID="129184400" OBJECTID="174971761" OBJECTGUID="9e3ae009-884d-4a43-ad09-c59eb0bb429b" CHANGEID="689779615" HOUSENUM="2" HOUSETYPE="2" OPERTYPEID="10" PREVID="0" NEXTID="0" UPDATEDATE="2025-10-01" STARTDATE="2025-10-01" ENDDATE="2079-06-06" ISACTUAL="1" ISACTIVE="1" /><HOUSE ID="129184401" OBJECTID="174971762" OBJECTGUID="1d5b9dfb-91f1-46fc-ad29-c154ca18b91e" CHANGEID="689779616" HOUSENUM="60" ADDNUM1="2" HOUSETYPE="5" ADDTYPE1="2" OPERTYPEID="10" PREVID="0" NEXTID="0" UPDATEDATE="2025-10-01" STARTDATE="2025-10-01" ENDDATE="2079-06-06" ISACTUAL="1" ISACTIVE="1" /><HOUSE ID="129184497" OBJECTID="174972009" OBJECTGUID="771c1068-bf8b-4488-be6f-df49572d2f6f" CHANGEID="689780117" HOUSENUM="60" ADDNUM1="3" HOUSETYPE="5" ADDTYPE1="2" OPERTYPEID="10" PREVID="0" NEXTID="0" UPDATEDATE="2025-10-01" STARTDATE="2025-10-01" ENDDATE="2079-06-06" ISACTUAL="1" ISACTIVE="1" /><HOUSE ID="63580214" OBJECTID="45153237" OBJECTGUID="ac358515-401a-4340-9aaf-312fc80279aa" CHANGEID="68027683" HOUSENUM="10" HOUSETYPE="2" OPERTYPEID="20" PREVID="26962477" NEXTID="129184480" UPDATEDATE="2025-10-01" STARTDATE="2019-02-01" ENDDATE="2025-10-01" ISACTUAL="0" ISACTIVE="0" /><HOUSE ID="129184480" OBJECTID="45153237" OBJECTGUID="ac358515-401a-4340-9aaf-312fc80279aa" CHANGEID="689780062" HOUSENUM="10" HOUSETYPE="5" OPERTYPEID="20" PREVID="63580214" UPDATEDATE="2025-10-01" STARTDATE="2025-10-01" ENDDATE="2079-06-06" ISACTUAL="1" ISACTIVE="1" /><HOUSE ID="129184499" OBJECTID="174972015" OBJECTGUID="c9b8d1b1-abaa-4dc9-a405-ccff9da85f3a" CHANGEID="689780130" HOUSENUM="60" ADDNUM1="4" HOUSETYPE="5" ADDTYPE1="2" OPERTYPEID="10" PREVID="0" NEXTID="0" UPDATEDATE="2025-10-01" STARTDATE="2025-10-01" ENDDATE="2079-06-06" ISACTUAL="1" ISACTIVE="1" /><HOUSE ID="129184500" OBJECTID="174972020" OBJECTGUID="b728bf9c-f33c-4dde-a8b3-e288ce81a4fb" CHANGEID="689780144" HOUSENUM="14/8а" HOUSETYPE="4" OPERTYPEID="10" PREVID="0" NEXTID="0" UPDATEDATE="2025-10-01" STARTDATE="2025-10-01" ENDDATE="2079-06-06" ISACTUAL="1" ISACTIVE="1" /><HOUSE ID="129184513" OBJECTID="174972051" OBJECTGUID="ea9fb198-7ff6-44db-85f1-8f1308449a91" CHANGEID="689780209" HOUSENUM="15а" HOUSETYPE="8" OPERTYPEID="10" PREVID="0" NEXTID="0" UPDATEDATE="2025-10-01" STARTDATE="2025-10-01" ENDDATE="2079-06-06" ISACTUAL="1" ISACTIVE="1" /><HOUSE ID="129184577" OBJECTID="174972149" OBJECTGUID="dcdd1bb2-f57e-4d39-b3a8-61f2189efe45" CHANGEID="689780737" HOUSENUM="1а/3" HOUSETYPE="7" OPERTYPEID="10" PREVID="0" NEXTID="0" UPDATEDATE="2025-10-01" STARTDATE="2025-10-01" ENDDATE="2079-06-06" ISACTUAL="1" ISACTIVE="1" /><HOUSE ID="129184567" OBJECTID="10944881" OBJECTGUID="ab8a3fcb-799a-43a4-b1bb-78f11a170ad9" CHANGEID="689780703" HOUSENUM="5/13" HOUSETYPE="1" OPERTYPEID="30" PREVID="63532433" NEXTID="0" UPDATEDATE="2025-10-01" STARTDATE="2025-10-01" ENDDATE="2079-06-06" ISACTUAL="1" ISACTIVE="0" /><HOUSE ID="129184673" OBJECTID="174972449" OBJECTGUID="190ce450-1f62-488b-8ef6-365ec27c636d" CHANGEID="689781515" HOUSENUM="23б" HOUSETYPE="7" OPERTYPEID="10" PREVID="0" NEXTID="0" UPDATEDATE="2025-10-01" STARTDATE="2025-10-01" ENDDATE="2079-06-06" ISACTUAL="1" ISACTIVE="1" /><HOUSE ID="129184941" OBJECTID="70212967" OBJECTGUID="ca465547-d7f4-4de3-873d-d07f7cc88a0d" CHANGEID="689782617" HOUSENUM="103А" HOUSETYPE="2" OPERTYPEID="20" PREVID="65711315" UPDATEDATE="2025-10-01" STARTDATE="2025-10-01" ENDDATE="2079-06-06" ISACTUAL="1" ISACTIVE="1" /><HOUSE ID="129185098" OBJECTID="78320786" OBJECTGUID="04899ec6-cf0c-4c19-8c82-d6f13424cd38" CHANGEID="689783652" HOUSENUM="151" HOUSETYPE="2" OPERTYPEID="30" PREVID="47313987" NEXTID="0" UPDATEDATE="2025-10-01" STARTDATE="2025-10-01" ENDDATE="2079-06-06" ISACTUAL="1" ISACTIVE="0" /><HOUSE ID="47313987" OBJECTID="78320786" OBJECTGUID="04899ec6-cf0c-4c19-8c82-d6f13424cd38" CHANGEID="116434542" HOUSENUM="151" HOUSETYPE="2" OPERTYPEID="10" PREVID="0" NEXTID="129185098" UPDATEDATE="2025-10-01" STARTDATE="1900-01-01" ENDDATE="2025-10-01" ISACTUAL="0" ISACTIVE="0" /><HOUSE ID="129185099" OBJECTID="78329745" OBJECTGUID="2c192ebc-57fd-487b-925d-f686d6f7b19e" CHANGEID="689783653" HOUSENUM="67" HOUSETYPE="2" OPERTYPEID="30" PREVID="47320854" NEXTID="0" UPDATEDATE="2025-10-01" STARTDATE="2025-10-01" ENDDATE="2079-06-06" ISACTUAL="1" ISACTIVE="0" /><HOUSE ID="47320854" OBJECTID="78329745" OBJECTGUID="2c192ebc-57fd-487b-925d-f686d6f7b19e" CHANGEID="116448788" HOUSENUM="67" HOUSETYPE="2" OPERTYPEID="10" PREVID="0" NEXTID="129185099" UPDATEDATE="2025-10-01" STARTDATE="1900-01-01" ENDDATE="2025-10-01" ISACTUAL="0" ISACTIVE="0" /><HOUSE ID="129185100" OBJECTID="78331725" OBJECTGUID="000098eb-2649-42cc-b295-f71a086c4982" CHANGEID="689783654" HOUSENUM="111" HOUSETYPE="2" OPERTYPEID="30" PREVID="47322106" NEXTID="0" UPDATEDATE="2025-10-01" STARTDATE="2025-10-01" ENDDATE="2079-06-06" ISACTUAL="1" ISACTIVE="0" /><HOUSE ID="47322106" OBJECTID="78331725" OBJECTGUID="000098eb-2649-42cc-b295-f71a086c4982" CHANGEID="116451752" HOUSENUM="111" HOUSETYPE="2" OPERTYPEID="10" PREVID="0" NEXTID="129185100" UPDATEDATE="2025-10-01" STARTDATE="1900-01-01" ENDDATE="2025-10-01" ISACTUAL="0" ISACTIVE="0" /><HOUSE ID="129185101" OBJECTID="78363275" OBJECTGUID="ae48c465-001c-4226-9872-25e4c0f8dc30" CHANGEID="689783655" HOUSENUM="146" HOUSETYPE="2" OPERTYPEID="30" PREVID="47343710" NEXTID="0" UPDATEDATE="2025-10-01" STARTDATE="2025-10-01" ENDDATE="2079-06-06" ISACTUAL="1" ISACTIVE="0" /><HOUSE ID="129185102" OBJECTID="78379387" OBJECTGUID="3ed5daca-8181-4982-90c7-4f0495dea4d6" CHANGEID="689783656" HOUSENUM="101" HOUSETYPE="2" OPERTYPEID="30" PREVID="47352528" NEXTID="0" UPDATEDATE="2025-10-01" STARTDATE="2025-10-01" ENDDATE="2079-06-06" ISACTUAL="1" ISACTIVE="0" /><HOUSE ID="129185103" OBJECTID="78381593" OBJECTGUID="abd28370-6e0a-47b0-8835-586054a796ad" CHANGEID="689783657" HOUSENUM="33" HOUSETYPE="2" OPERTYPEID="30" PREVID="47353733" NEXTID="0" UPDATEDATE="2025-10-01" STARTDATE="2025-10-01" ENDDATE="2079-06-06" ISACTUAL="1" ISACTIVE="0" /><HOUSE ID="129185104" OBJECTID="78409985" OBJECTGUID="d1591336-0378-469e-99a7-886ded2848f5" CHANGEID="689783658" HOUSENUM="169" HOUSETYPE="2" OPERTYPEID="30" PREVID="47367986" NEXTID="0" UPDATEDATE="2025-10-01" STARTDATE="2025-10-01" ENDDATE="2079-06-06" ISACTUAL="1" ISACTIVE="0" /><HOUSE ID="47367986" OBJECTID="78409985" OBJECTGUID="d1591336-0378-469e-99a7-886ded2848f5" CHANGEID="116566029" HOUSENUM="169" HOUSETYPE="2" OPERTYPEID="10" PREVID="0" NEXTID="129185104" UPDATEDATE="2025-10-01" STARTDATE="1900-01-01" ENDDATE="2025-10-01" ISACTUAL="0" ISACTIVE="0" /><HOUSE ID="129185105" OBJECTID="78411232" OBJECTGUID="98385325-2dc6-4711-a5ec-89b8735bb26c" CHANGEID="689783659" HOUSENUM="69" HOUSETYPE="2" OPERTYPEID="30" PREVID="47368550" NEXTID="0" UPDATEDATE="2025-10-01" STARTDATE="2025-10-01" ENDDATE="2079-06-06" ISACTUAL="1" ISACTIVE="0" /><HOUSE ID="47368550" OBJECTID="78411232" OBJECTGUID="98385325-2dc6-4711-a5ec-89b8735bb26c" CHANGEID="116567781" HOUSENUM="69" HOUSETYPE="2" OPERTYPEID="10" PREVID="0" NEXTID="129185105" UPDATEDATE="2025-10-01" STARTDATE="1900-01-01" ENDDATE="2025-10-01" ISACTUAL="0" ISACTIVE="0" /><HOUSE ID="129185137" OBJECTID="174973422" OBJECTGUID="4063a0b1-faf0-49f3-b8ae-28e510e83b19" CHANGEID="689783781" HOUSENUM="29" ADDNUM1="1" HOUSETYPE="2" ADDTYPE1="2" OPERTYPEID="10" PREVID="0" NEXTID="0" UPDATEDATE="2025-10-01" STARTDATE="2025-10-01" ENDDATE="2079-06-06" ISACTUAL="1" ISACTIVE="1" /><HOUSE ID="129185238" OBJECTID="174974697" OBJECTGUID="b955d318-5f77-447b-994a-d9d90dc7b731" CHANGEID="689785703" HOUSENUM="7" ADDNUM1="1" HOUSETYPE="5" ADDTYPE1="2" OPERTYPEID="10" PREVID="0" NEXTID="0" UPDATEDATE="2025-10-01" STARTDATE="2025-10-01" ENDDATE="2079-06-06" ISACTUAL="1" ISACTIVE="1" /><HOUSE ID="129185241" OBJECTID="174974702" OBJECTGUID="5e9f1a86-1a28-4caa-9578-4f567f8ae0f4" CHANGEID="689785711" HOUSENUM="60" ADDNUM1="5" HOUSETYPE="5" ADDTYPE1="2" OPERTYPEID="10" PREVID="0" NEXTID="0" UPDATEDATE="2025-10-01" STARTDATE="2025-10-01" ENDDATE="2079-06-06" ISACTUAL="1" ISACTIVE="1" /><HOUSE ID="129185222" OBJECTID="174974642" OBJECTGUID="58697f99-76a5-48e6-839a-751dba76a2e0" CHANGEID="689785625" HOUSENUM="14" ADDNUM1="1" HOUSETYPE="5" ADDTYPE1="2" OPERTYPEID="10" PREVID="0" NEXTID="0" UPDATEDATE="2025-10-01" STARTDATE="2025-10-01" ENDDATE="2079-06-06" ISACTUAL="1" ISACTIVE="1" /><HOUSE ID="129185225" OBJECTID="174974648" OBJECTGUID="975c7b61-51ac-431e-880e-f86038728de9" CHANGEID="689785633" HOUSENUM="14" ADDNUM1="2" HOUSETYPE="5" ADDTYPE1="2" OPERTYPEID="10" PREVID="0" NEXTID="0" UPDATEDATE="2025-10-01" STARTDATE="2025-10-01" ENDDATE="2079-06-06" ISACTUAL="1" ISACTIVE="1" /><HOUSE ID="129185242" OBJECTID="23085492" OBJECTGUID="c2e1ae7b-b9f8-4a57-8a6f-8c5afc259055" CHANGEID="689785716" HOUSENUM="38" HOUSETYPE="2" OPERTYPEID="30" PREVID="13624075" NEXTID="0" UPDATEDATE="2025-10-01" STARTDATE="2025-10-01" ENDDATE="2079-06-06" ISACTUAL="1" ISACTIVE="0" /><HOUSE ID="13624075" OBJECTID="23085492" OBJECTGUID="c2e1ae7b-b9f8-4a57-8a6f-8c5afc259055" CHANGEID="35915573" HOUSENUM="38" HOUSETYPE="2" OPERTYPEID="10" PREVID="0" NEXTID="129185242" UPDATEDATE="2025-10-01" STARTDATE="2018-03-29" ENDDATE="2025-10-01" ISACTUAL="0" ISACTIVE="0" /><HOUSE ID="129185247" OBJECTID="174974714" OBJECTGUID="eea8f2d0-acf8-4eb2-8861-81d26b891897" CHANGEID="689785732" HOUSENUM="81" ADDNUM1="1" HOUSETYPE="8" ADDTYPE1="2" OPERTYPEID="10" PREVID="0" NEXTID="0" UPDATEDATE="2025-10-01" STARTDATE="2025-10-01" ENDDATE="2079-06-06" ISACTUAL="1" ISACTIVE="1" /><HOUSE ID="129185270" OBJECTID="174974736" OBJECTGUID="f7ed82a6-54d8-4068-801f-e99adb132a94" CHANGEID="689785792" HOUSENUM="70" ADDNUM1="1" HOUSETYPE="5" ADDTYPE1="2" OPERTYPEID="10" PREVID="0" NEXTID="0" UPDATEDATE="2025-10-01" STARTDATE="2025-10-01" ENDDATE="2079-06-06" ISACTUAL="1" ISACTIVE="1" /><HOUSE ID="129185489" OBJECTID="174975062" OBJECTGUID="28e44ba9-be6b-4a3c-9559-7426d80b2cca" CHANGEID="689787060" HOUSENUM="6/14" HOUSETYPE="7" OPERTYPEID="10" PREVID="0" NEXTID="0" UPDATEDATE="2025-10-01" STARTDATE="2025-10-01" ENDDATE="2079-06-06" ISACTUAL="1" ISACTIVE="1" /><HOUSE ID="129185490" OBJECTID="174975063" OBJECTGUID="a2065d76-1d4e-41a0-a8b6-9bf9fa01b09d" CHANGEID="689787061" HOUSENUM="5/25" HOUSETYPE="7" OPERTYPEID="10" PREVID="0" NEXTID="0" UPDATEDATE="2025-10-01" STARTDATE="2025-10-01" ENDDATE="2079-06-06" ISACTUAL="1" ISACTIVE="1" /><HOUSE ID="129185491" OBJECTID="174975064" OBJECTGUID="aae80fdd-385f-45be-ae3e-724deda87798" CHANGEID="689787062" HOUSENUM="10/7" HOUSETYPE="7" OPERTYPEID="10" PREVID="0" NEXTID="0" UPDATEDATE="2025-10-01" STARTDATE="2025-10-01" ENDDATE="2079-06-06" ISACTUAL="1" ISACTIVE="1" /><HOUSE ID="129185492" OBJECTID="174975065" OBJECTGUID="7e1e7169-31fa-4f8b-99c6-eecd731c5aec" CHANGEID="689787063" HOUSENUM="6/13" HOUSETYPE="7" OPERTYPEID="10" PREVID="0" NEXTID="0" UPDATEDATE="2025-10-01" STARTDATE="2025-10-01" ENDDATE="2079-06-06" ISACTUAL="1" ISACTIVE="1" /><HOUSE ID="129185497" OBJECTID="174975069" OBJECTGUID="a50a3395-c1f7-4a9d-b9c3-5df09a96c25b" CHANGEID="689787079" HOUSENUM="70" ADDNUM1="2" HOUSETYPE="5" ADDTYPE1="2" OPERTYPEID="10" PREVID="0" NEXTID="0" UPDATEDATE="2025-10-01" STARTDATE="2025-10-01" ENDDATE="2079-06-06" ISACTUAL="1" ISACTIVE="1" /><HOUSE ID="129185534" OBJECTID="174975144" OBJECTGUID="c921094f-0adb-42b8-b8f3-5492252a1f8b" CHANGEID="689787220" HOUSENUM="30А" HOUSETYPE="5" OPERTYPEID="10" PREVID="0" NEXTID="0" UPDATEDATE="2025-10-01" STARTDATE="2025-10-01" ENDDATE="2079-06-06" ISACTUAL="1" ISACTIVE="1" /><HOUSE ID="129185502" OBJECTID="174975075" OBJECTGUID="1d0d3c98-ed5f-4521-88d7-ea3116d45fbc" CHANGEID="689787094" HOUSENUM="70" ADDNUM1="3" HOUSETYPE="5" ADDTYPE1="2" OPERTYPEID="10" PREVID="0" NEXTID="0" UPDATEDATE="2025-10-01" STARTDATE="2025-10-01" ENDDATE="2079-06-06" ISACTUAL="1" ISACTIVE="1" /><HOUSE ID="129185506" OBJECTID="174975080" OBJECTGUID="0bf9ef34-fbbe-436c-ba54-2b10e6c905bc" CHANGEID="689787110" HOUSENUM="70" ADDNUM1="4" HOUSETYPE="5" ADDTYPE1="2" OPERTYPEID="10" PREVID="0" NEXTID="0" UPDATEDATE="2025-10-01" STARTDATE="2025-10-01" ENDDATE="2079-06-06" ISACTUAL="1" ISACTIVE="1" /><HOUSE ID="129185523" OBJECTID="174975105" OBJECTGUID="7cf432e8-5bf4-4400-b270-9b872c1442a7" CHANGEID="689787167" HOUSENUM="4/12" HOUSETYPE="7" OPERTYPEID="10" PREVID="0" NEXTID="0" UPDATEDATE="2025-10-01" STARTDATE="2025-10-01" ENDDATE="2079-06-06" ISACTUAL="1" ISACTIVE="1" /><HOUSE ID="129185524" OBJECTID="174975106" OBJECTGUID="c7dc3c1d-53b3-4126-8e3d-5173c2eda269" CHANGEID="689787170" HOUSENUM="202" ADDNUM1="1" HOUSETYPE="5" ADDTYPE1="2" OPERTYPEID="10" PREVID="0" NEXTID="0" UPDATEDATE="2025-10-01" STARTDATE="2025-10-01" ENDDATE="2079-06-06" ISACTUAL="1" ISACTIVE="1" /><HOUSE ID="129185545" OBJECTID="174975156" OBJECTGUID="7ba012b4-fbff-4998-8c34-96d42ed8fdb0" CHANGEID="689787258" HOUSENUM="70" ADDNUM1="5" HOUSETYPE="5" ADDTYPE1="2" OPERTYPEID="10" PREVID="0" NEXTID="0" UPDATEDATE="2025-10-01" STARTDATE="2025-10-01" ENDDATE="2079-06-06" ISACTUAL="1" ISACTIVE="1" /><HOUSE ID="129185550" OBJECTID="174975160" OBJECTGUID="894d0d40-e077-4760-9f45-ad74f681b3ca" CHANGEID="689787271" HOUSENUM="68б" HOUSETYPE="5" OPERTYPEID="10" PREVID="0" NEXTID="0" UPDATEDATE="2025-10-01" STARTDATE="2025-10-01" ENDDATE="2079-06-06" ISACTUAL="1" ISACTIVE="1" /><HOUSE ID="129185551" OBJECTID="174975162" OBJECTGUID="061d16e6-fbbc-4398-883b-cc6165196bf9" CHANGEID="689787275" HOUSENUM="10" HOUSETYPE="2" OPERTYPEID="10" PREVID="0" NEXTID="0" UPDATEDATE="2025-10-01" STARTDATE="2025-10-01" ENDDATE="2079-06-06" ISACTUAL="1" ISACTIVE="1" /><HOUSE ID="129185557" OBJECTID="174975184" OBJECTGUID="30f928d3-26b5-4122-996d-b66067410e67" CHANGEID="689787315" HOUSENUM="47а" HOUSETYPE="2" OPERTYPEID="10" PREVID="0" NEXTID="0" UPDATEDATE="2025-10-01" STARTDATE="2025-10-01" ENDDATE="2079-06-06" ISACTUAL="1" ISACTIVE="1" /><HOUSE ID="129185576" OBJECTID="174975244" OBJECTGUID="039659b7-55dd-441a-b2e8-425694971135" CHANGEID="689787404" HOUSENUM="202" ADDNUM1="4" HOUSETYPE="5" ADDTYPE1="2" OPERTYPEID="10" PREVID="0" NEXTID="0" UPDATEDATE="2025-10-01" STARTDATE="2025-10-01" ENDDATE="2079-06-06" ISACTUAL="1" ISACTIVE="1" /><HOUSE ID="129185553" OBJECTID="23070203" OBJECTGUID="74749193-0a0b-45fd-ba6f-4564022d3b61" CHANGEID="689787306" HOUSENUM="25" HOUSETYPE="2" OPERTYPEID="30" PREVID="13613230" NEXTID="0" UPDATEDATE="2025-10-01" STARTDATE="2025-10-01" ENDDATE="2079-06-06" ISACTUAL="1" ISACTIVE="0" /><HOUSE ID="129185563" OBJECTID="174975189" OBJECTGUID="b2bd6da5-11f8-4a6c-9bb5-383b3bf77838" CHANGEID="689787326" HOUSENUM="202" ADDNUM1="2" HOUSETYPE="5" ADDTYPE1="2" OPERTYPEID="10" PREVID="0" NEXTID="0" UPDATEDATE="2025-10-01" STARTDATE="2025-10-01" ENDDATE="2079-06-06" ISACTUAL="1" ISACTIVE="1" /><HOUSE ID="129185571" OBJECTID="174975223" OBJECTGUID="ef01a30f-1271-41ec-861d-60e8c998bc94" CHANGEID="689787376" HOUSENUM="202" ADDNUM1="3" HOUSETYPE="5" ADDTYPE1="2" OPERTYPEID="10" PREVID="0" NEXTID="0" UPDATEDATE="2025-10-01" STARTDATE="2025-10-01" ENDDATE="2079-06-06" ISACTUAL="1" ISACTIVE="1" /><HOUSE ID="129186249" OBJECTID="174978751" OBJECTGUID="11b54b05-ed2a-474b-92db-ca0b742ddb95" CHANGEID="689793627" HOUSENUM="68г" HOUSETYPE="5" OPERTYPEID="10" PREVID="0" NEXTID="0" UPDATEDATE="2025-10-01" STARTDATE="2025-10-01" ENDDATE="2079-06-06" ISACTUAL="1" ISACTIVE="1" /><HOUSE ID="129186263" OBJECTID="174978803" OBJECTGUID="731b3ca0-00b3-4cbe-9264-53d13afbf363" CHANGEID="689793753" HOUSENUM="26" HOUSETYPE="2" OPERTYPEID="10" PREVID="0" NEXTID="0" UPDATEDATE="2025-10-01" STARTDATE="2025-10-01" ENDDATE="2079-06-06" ISACTUAL="1" ISACTIVE="1" /><HOUSE ID="129186273" OBJECTID="174978877" OBJECTGUID="d239be16-5607-4d55-b498-8e567abff780" CHANGEID="689793857" HOUSENUM="4136/8" HOUSETYPE="2" OPERTYPEID="10" PREVID="0" NEXTID="0" UPDATEDATE="2025-10-01" STARTDATE="2025-10-01" ENDDATE="2079-06-06" ISACTUAL="1" ISACTIVE="1" /><HOUSE ID="129186274" OBJECTID="174978878" OBJECTGUID="68d0d0d1-2d1b-40b4-ac4a-36c6d1c5d262" CHANGEID="689793858" HOUSENUM="4136/2" HOUSETYPE="2" OPERTYPEID="10" PREVID="0" NEXTID="0" UPDATEDATE="2025-10-01" STARTDATE="2025-10-01" ENDDATE="2079-06-06" ISACTUAL="1" ISACTIVE="1" /><HOUSE ID="129186275" OBJECTID="174978879" OBJECTGUID="54b367b5-d161-4e01-a886-7dffafcc7ff3" CHANGEID="689793859" HOUSENUM="4136/7" HOUSETYPE="2" OPERTYPEID="10" PREVID="0" NEXTID="0" UPDATEDATE="2025-10-01" STARTDATE="2025-10-01" ENDDATE="2079-06-06" ISACTUAL="1" ISACTIVE="1" /><HOUSE ID="129186276" OBJECTID="174978880" OBJECTGUID="61fab8b9-2e45-4a38-87fc-cd33f36abe47" CHANGEID="689793860" HOUSENUM="4136/14" HOUSETYPE="2" OPERTYPEID="10" PREVID="0" NEXTID="0" UPDATEDATE="2025-10-01" STARTDATE="2025-10-01" ENDDATE="2079-06-06" ISACTUAL="1" ISACTIVE="1" /><HOUSE ID="129186277" OBJECTID="174978881" OBJECTGUID="1a5f1048-a816-498c-b4ce-02f8879fab94" CHANGEID="689793861" HOUSENUM="4136/16" HOUSETYPE="2" OPERTYPEID="10" PREVID="0" NEXTID="0" UPDATEDATE="2025-10-01" STARTDATE="2025-10-01" ENDDATE="2079-06-06" ISACTUAL="1" ISACTIVE="1" /><HOUSE ID="129186278" OBJECTID="174978882" OBJECTGUID="ecf44220-9dac-4672-9183-22c9cefc026b" CHANGEID="689793862" HOUSENUM="4136/1" HOUSETYPE="2" OPERTYPEID="10" PREVID="0" NEXTID="0" UPDATEDATE="2025-10-01" STARTDATE="2025-10-01" ENDDATE="2079-06-06" ISACTUAL="1" ISACTIVE="1" /><HOUSE ID="129186235" OBJECTID="174978647" OBJECTGUID="d9c01f36-174f-4756-a755-a1a1c7189042" CHANGEID="689793469" HOUSENUM="68в" HOUSETYPE="5" OPERTYPEID="10" PREVID="0" NEXTID="0" UPDATEDATE="2025-10-01" STARTDATE="2025-10-01" ENDDATE="2079-06-06" ISACTUAL="1" ISACTIVE="1" /><HOUSE ID="129186247" OBJECTID="174978749" OBJECTGUID="46abf197-e124-40ab-b238-21c0e4b0d846" CHANGEID="689793625" HOUSENUM="68а/4" HOUSETYPE="7" OPERTYPEID="10" PREVID="0" NEXTID="0" UPDATEDATE="2025-10-01" STARTDATE="2025-10-01" ENDDATE="2079-06-06" ISACTUAL="1" ISACTIVE="1" /><HOUSE ID="129186248" OBJECTID="174978750" OBJECTGUID="40abbebc-4757-4f57-8dbc-64d648a3f077" CHANGEID="689793626" HOUSENUM="68а/6" HOUSETYPE="7" OPERTYPEID="10" PREVID="0" NEXTID="0" UPDATEDATE="2025-10-01" STARTDATE="2025-10-01" ENDDATE="2079-06-06" ISACTUAL="1" ISACTIVE="1" /><HOUSE ID="129186291" OBJECTID="174978926" OBJECTGUID="3a0a1b54-f826-4cb7-a9ba-9a3028b68c56" CHANGEID="689793922" HOUSENUM="57в/1" HOUSETYPE="2" OPERTYPEID="10" PREVID="0" NEXTID="0" UPDATEDATE="2025-10-01" STARTDATE="2025-10-01" ENDDATE="2079-06-06" ISACTUAL="1" ISACTIVE="1" /><HOUSE ID="129186762" OBJECTID="35393919" OBJECTGUID="6b5a93ba-ee74-4f0b-bd80-11ea0a200439" CHANGEID="689796645" HOUSENUM="66" HOUSETYPE="2" OPERTYPEID="30" PREVID="21034213" NEXTID="0" UPDATEDATE="2025-10-01" STARTDATE="2025-10-01" ENDDATE="2079-06-06" ISACTUAL="1" ISACTIVE="0" /><HOUSE ID="129186768" OBJECTID="17803046" OBJECTGUID="268fbbaa-e35c-4448-92a0-40c8032ca8aa" CHANGEID="689796694" HOUSENUM="30" HOUSETYPE="2" OPERTYPEID="30" PREVID="10231864" NEXTID="0" UPDATEDATE="2025-10-01" STARTDATE="2025-10-01" ENDDATE="2079-06-06" ISACTUAL="1" ISACTIVE="0" /><HOUSE ID="10231864" OBJECTID="17803046" OBJECTGUID="268fbbaa-e35c-4448-92a0-40c8032ca8aa" CHANGEID="28085125" HOUSENUM="30" HOUSETYPE="2" OPERTYPEID="10" PREVID="0" NEXTID="129186768" UPDATEDATE="2025-10-01" STARTDATE="1900-01-01" ENDDATE="2025-10-01" ISACTUAL="0" ISACTIVE="0" /><HOUSE ID="129186742" OBJECTID="35454232" OBJECTGUID="48c76ae2-7849-41d1-80d8-72d9890b055e" CHANGEID="689796567" HOUSENUM="42" HOUSETYPE="2" OPERTYPEID="30" PREVID="21066618" NEXTID="0" UPDATEDATE="2025-10-01" STARTDATE="2025-10-01" ENDDATE="2079-06-06" ISACTUAL="1" ISACTIVE="0" /><HOUSE ID="21066618" OBJECTID="35454232" OBJECTGUID="48c76ae2-7849-41d1-80d8-72d9890b055e" CHANGEID="53875805" HOUSENUM="42" HOUSETYPE="2" OPERTYPEID="10" PREVID="0" NEXTID="129186742" UPDATEDATE="2025-10-01" STARTDATE="1900-01-01" ENDDATE="2025-10-01" ISACTUAL="0" ISACTIVE="0" /></HOUSES>