﻿<?xml version="1.0" encoding="utf-8"?><ADDRESSOBJECTS><OBJECT ID="120452" OBJECTID="100394" OBJECTGUID="b051124e-87e2-461e-b632-be258a1e484b" CHANGEID="278096" NAME="АОЗТ Плиевское" TYPENAME="ул" LEVEL="8" OPERTYPEID="1" PREVID="0" NEXTID="52190116" UPDATEDATE="2025-10-01" STARTDATE="1900-01-01" ENDDATE="2025-10-01" ISACTUAL="0" ISACTIVE="0" /><OBJECT ID="120556" OBJECTID="100494" OBJECTGUID="b9158400-a4ff-4c58-925d-14f2b9219645" CHANGEID="278306" NAME="Прохладная" TYPENAME="ул" LEVEL="8" OPERTYPEID="1" PREVID="0" NEXTID="52190117" UPDATEDATE="2025-10-01" STARTDATE="1900-01-01" ENDDATE="2025-10-01" ISACTUAL="0" ISACTIVE="0" /><OBJECT ID="120813" OBJECTID="100715" OBJECTGUID="dfefe1bd-24bc-4bcf-9dd3-ee6b166b8279" CHANGEID="278799" NAME="Ашнурина" TYPENAME="ул" LEVEL="8" OPERTYPEID="1" PREVID="0" NEXTID="52190118" UPDATEDATE="2025-10-01" STARTDATE="1900-01-01" ENDDATE="2025-10-01" ISACTUAL="0" ISACTIVE="0" /><OBJECT ID="121083" OBJECTID="100947" OBJECTGUID="619275c2-b0b9-4179-9b63-9a277be895e3" CHANGEID="279299" NAME="АМООС" TYPENAME="ул" LEVEL="8" OPERTYPEID="1" PREVID="0" NEXTID="52190119" UPDATEDATE="2025-10-01" STARTDATE="1900-01-01" ENDDATE="2025-10-01" ISACTUAL="0" ISACTIVE="0" /><OBJECT ID="122064" OBJECTID="101774" OBJECTGUID="ad75683b-5011-4b5e-8c5c-a0fbeab9bfcb" CHANGEID="281259" NAME="Южная" TYPENAME="ул" LEVEL="8" OPERTYPEID="1" PREVID="0" NEXTID="52190122" UPDATEDATE="2025-10-01" STARTDATE="1900-01-01" ENDDATE="2025-10-01" ISACTUAL="0" ISACTIVE="0" /><OBJECT ID="122264" OBJECTID="101947" OBJECTGUID="401eeb5b-f92e-4c53-937c-648189d1d104" CHANGEID="281654" NAME="Революционная" TYPENAME="ул" LEVEL="8" OPERTYPEID="1" PREVID="0" NEXTID="52190124" UPDATEDATE="2025-10-01" STARTDATE="1900-01-01" ENDDATE="2025-10-01" ISACTUAL="0" ISACTIVE="0" /><OBJECT ID="122305" OBJECTID="101981" OBJECTGUID="e8c359df-07cf-4f56-9fa4-17eadb556fd0" CHANGEID="281724" NAME="Санаторная" TYPENAME="ул" LEVEL="8" OPERTYPEID="1" PREVID="0" NEXTID="52190125" UPDATEDATE="2025-10-01" STARTDATE="1900-01-01" ENDDATE="2025-10-01" ISACTUAL="0" ISACTIVE="0" /><OBJECT ID="123028" OBJECTID="102577" OBJECTGUID="12bd34a2-97af-4932-a365-c65512a9fbde" CHANGEID="283097" NAME="Бакинская" TYPENAME="ул" LEVEL="8" OPERTYPEID="1" PREVID="0" NEXTID="52190129" UPDATEDATE="2025-10-01" STARTDATE="1900-01-01" ENDDATE="2025-10-01" ISACTUAL="0" ISACTIVE="0" /><OBJECT ID="122995" OBJECTID="102548" OBJECTGUID="92b7d15c-6187-4241-9118-0989cccffb1e" CHANGEID="283036" NAME="Альтиева" TYPENAME="ул" LEVEL="8" OPERTYPEID="1" PREVID="0" NEXTID="52190128" UPDATEDATE="2025-10-01" STARTDATE="1900-01-01" ENDDATE="2025-10-01" ISACTUAL="0" ISACTIVE="0" /><OBJECT ID="123447" OBJECTID="102933" OBJECTGUID="d2901d94-668c-4b98-aefb-9e51a5adccfe" CHANGEID="283893" NAME="Алагирская" TYPENAME="ул" LEVEL="8" OPERTYPEID="1" PREVID="0" NEXTID="52190130" UPDATEDATE="2025-10-01" STARTDATE="1900-01-01" ENDDATE="2025-10-01" ISACTUAL="0" ISACTIVE="0" /><OBJECT ID="123508" OBJECTID="102990" OBJECTGUID="18081443-1ecf-4c52-a666-a80b7c25373e" CHANGEID="283993" NAME="Ахмедова" TYPENAME="ул" LEVEL="8" OPERTYPEID="1" PREVID="0" NEXTID="52190131" UPDATEDATE="2025-10-01" STARTDATE="1900-01-01" ENDDATE="2025-10-01" ISACTUAL="0" ISACTIVE="0" /><OBJECT ID="124702" OBJECTID="103936" OBJECTGUID="eeef38c0-3b5a-4a8a-8dea-2e3b83f9a38a" CHANGEID="285868" NAME="Айтматова" TYPENAME="ул" LEVEL="8" OPERTYPEID="1" PREVID="0" NEXTID="52190135" UPDATEDATE="2025-10-01" STARTDATE="1900-01-01" ENDDATE="2025-10-01" ISACTUAL="0" ISACTIVE="0" /><OBJECT ID="124041" OBJECTID="103421" OBJECTGUID="7c59aca1-e2aa-4246-aa2d-47d8d5012822" CHANGEID="284908" NAME="Речная" TYPENAME="ул" LEVEL="8" OPERTYPEID="1" PREVID="0" NEXTID="52190133" UPDATEDATE="2025-10-01" STARTDATE="1900-01-01" ENDDATE="2025-10-01" ISACTUAL="0" ISACTIVE="0" /><OBJECT ID="124032" OBJECTID="103413" OBJECTGUID="1138ffb4-1309-4bbf-904c-28b9ff69900a" CHANGEID="284900" NAME="Пушкина" TYPENAME="ул" LEVEL="8" OPERTYPEID="1" PREVID="0" NEXTID="52190132" UPDATEDATE="2025-10-01" STARTDATE="1900-01-01" ENDDATE="2025-10-01" ISACTUAL="0" ISACTIVE="0" /><OBJECT ID="124044" OBJECTID="103424" OBJECTGUID="462263fe-5fe3-497f-969e-438ef22e2d2f" CHANGEID="284913" NAME="Пугачева" TYPENAME="ул" LEVEL="8" OPERTYPEID="1" PREVID="0" NEXTID="52190134" UPDATEDATE="2025-10-01" STARTDATE="1900-01-01" ENDDATE="2025-10-01" ISACTUAL="0" ISACTIVE="0" /><OBJECT ID="124917" OBJECTID="104105" OBJECTGUID="e51e44c1-dcfe-4727-aa0a-0744d85f4397" CHANGEID="286150" NAME="Базарная" TYPENAME="ул" LEVEL="8" OPERTYPEID="1" PREVID="0" NEXTID="52190137" UPDATEDATE="2025-10-01" STARTDATE="1900-01-01" ENDDATE="2025-10-01" ISACTUAL="0" ISACTIVE="0" /><OBJECT ID="125245" OBJECTID="104356" OBJECTGUID="b0e36c26-f578-4160-9f33-b14f9517db28" CHANGEID="286591" NAME="Духургишт" TYPENAME="с" LEVEL="6" OPERTYPEID="1" PREVID="0" NEXTID="52189573" UPDATEDATE="2025-09-29" STARTDATE="1900-01-01" ENDDATE="2025-09-29" ISACTUAL="0" ISACTIVE="0" /><OBJECT ID="125318" OBJECTID="104414" OBJECTGUID="252f979c-46ca-449f-b3fe-d3a1fce591fa" CHANGEID="286685" NAME="Цызди" TYPENAME="с" LEVEL="6" OPERTYPEID="1" PREVID="0" NEXTID="52189784" UPDATEDATE="2025-09-30" STARTDATE="1900-01-01" ENDDATE="2025-09-30" ISACTUAL="0" ISACTIVE="0" /><OBJECT ID="124758" OBJECTID="103976" OBJECTGUID="a5469a51-2f68-4868-b4f0-f7acb5f00e6a" CHANGEID="285943" NAME="Ляжги" TYPENAME="с/п" LEVEL="5" OPERTYPEID="10" PREVID="0" NEXTID="52189851" UPDATEDATE="2025-09-30" STARTDATE="2009-02-23" ENDDATE="2025-09-30" ISACTUAL="0" ISACTIVE="0" /><OBJECT ID="124792" OBJECTID="104005" OBJECTGUID="48f64da4-350b-4a3a-b268-62629ce602c6" CHANGEID="285988" NAME="Ольгети" TYPENAME="с/п" LEVEL="5" OPERTYPEID="10" PREVID="0" NEXTID="52189852" UPDATEDATE="2025-09-30" STARTDATE="2009-02-23" ENDDATE="2025-09-30" ISACTUAL="0" ISACTIVE="0" /><OBJECT ID="124915" OBJECTID="104069" OBJECTGUID="ca8bf281-cb0a-4e8d-ba24-1cc029d6d538" CHANGEID="286151" NAME="Гули" TYPENAME="с/п" LEVEL="5" OPERTYPEID="20" PREVID="124875" NEXTID="52189853" UPDATEDATE="2025-09-30" STARTDATE="2009-02-24" ENDDATE="2025-09-30" ISACTUAL="0" ISACTIVE="0" /><OBJECT ID="124712" OBJECTID="103943" OBJECTGUID="6ca67f36-8de8-4ed4-93d1-297404e1faa6" CHANGEID="285888" NAME="Джейрах" TYPENAME="с/п" LEVEL="5" OPERTYPEID="10" PREVID="0" NEXTID="52189854" UPDATEDATE="2025-09-30" STARTDATE="2009-02-23" ENDDATE="2025-09-30" ISACTUAL="0" ISACTIVE="0" /><OBJECT ID="126003" OBJECTID="104941" OBJECTGUID="f2d83ab9-3a10-4312-8122-4366f0dd3d0d" CHANGEID="287655" NAME="Кошк" TYPENAME="с" LEVEL="6" OPERTYPEID="1" PREVID="0" NEXTID="52189698" UPDATEDATE="2025-09-30" STARTDATE="1900-01-01" ENDDATE="2025-09-30" ISACTUAL="0" ISACTIVE="0" /><OBJECT ID="125863" OBJECTID="104830" OBJECTGUID="34b17ce9-8d9a-4910-950c-18ee965d615a" CHANGEID="287463" NAME="Эйханте" TYPENAME="с" LEVEL="6" OPERTYPEID="1" PREVID="0" NEXTID="52189786" UPDATEDATE="2025-09-30" STARTDATE="1900-01-01" ENDDATE="2025-09-30" ISACTUAL="0" ISACTIVE="0" /><OBJECT ID="125018" OBJECTID="104187" OBJECTGUID="70a1b051-aa4e-4283-a4ab-877ff2120c40" CHANGEID="286290" NAME="Ягодная" TYPENAME="ул" LEVEL="8" OPERTYPEID="1" PREVID="0" NEXTID="52190139" UPDATEDATE="2025-10-01" STARTDATE="1900-01-01" ENDDATE="2025-10-01" ISACTUAL="0" ISACTIVE="0" /><OBJECT ID="124992" OBJECTID="104168" OBJECTGUID="25a26da3-ed36-4930-b64f-8fb4c5f143c9" CHANGEID="286253" NAME="Сагова" TYPENAME="ул" LEVEL="8" OPERTYPEID="1" PREVID="0" NEXTID="52190138" UPDATEDATE="2025-10-01" STARTDATE="1900-01-01" ENDDATE="2025-10-01" ISACTUAL="0" ISACTIVE="0" /><OBJECT ID="126825" OBJECTID="105564" OBJECTGUID="f79b1ed2-8980-4751-9915-723edca36a6e" CHANGEID="288825" NAME="Тярш" TYPENAME="с" LEVEL="6" OPERTYPEID="1" PREVID="0" NEXTID="52189700" UPDATEDATE="2025-09-30" STARTDATE="1900-01-01" ENDDATE="2025-09-30" ISACTUAL="0" ISACTIVE="0" /><OBJECT ID="126962" OBJECTID="105675" OBJECTGUID="2fc4b409-37b7-4b2b-b514-4964e98b4efb" CHANGEID="289017" NAME="Цори" TYPENAME="с" LEVEL="6" OPERTYPEID="1" PREVID="0" NEXTID="52189780" UPDATEDATE="2025-09-30" STARTDATE="1900-01-01" ENDDATE="2025-09-30" ISACTUAL="0" ISACTIVE="0" /><OBJECT ID="128481" OBJECTID="106870" OBJECTGUID="0f64d405-aa45-4fc3-95e3-3fa5fdcfd211" CHANGEID="291063" NAME="Цхаралте" TYPENAME="с" LEVEL="6" OPERTYPEID="1" PREVID="0" NEXTID="52189782" UPDATEDATE="2025-09-30" STARTDATE="1900-01-01" ENDDATE="2025-09-30" ISACTUAL="0" ISACTIVE="0" /><OBJECT ID="128782" OBJECTID="107111" OBJECTGUID="057a9e16-d430-457a-849c-3c272ec8d76a" CHANGEID="291445" NAME="Цхийри" TYPENAME="с" LEVEL="6" OPERTYPEID="1" PREVID="0" NEXTID="52189783" UPDATEDATE="2025-09-30" STARTDATE="1900-01-01" ENDDATE="2025-09-30" ISACTUAL="0" ISACTIVE="0" /><OBJECT ID="127907" OBJECTID="106422" OBJECTGUID="c4cf0da9-c4a2-4c53-a4a3-2062b0f97a85" CHANGEID="290316" NAME="Эрш" TYPENAME="с" LEVEL="6" OPERTYPEID="1" PREVID="0" NEXTID="52189787" UPDATEDATE="2025-09-30" STARTDATE="1900-01-01" ENDDATE="2025-09-30" ISACTUAL="0" ISACTIVE="0" /><OBJECT ID="127162" OBJECTID="105833" OBJECTGUID="26c9fe65-dba2-4329-a646-c932f198106d" CHANGEID="289295" NAME="Гарк" TYPENAME="с" LEVEL="6" OPERTYPEID="1" PREVID="0" NEXTID="52189705" UPDATEDATE="2025-09-30" STARTDATE="1900-01-01" ENDDATE="2025-09-30" ISACTUAL="0" ISACTIVE="0" /><OBJECT ID="52189705" OBJECTID="105833" OBJECTGUID="26c9fe65-dba2-4329-a646-c932f198106d" CHANGEID="689730156" NAME="Гарк" TYPENAME="с." LEVEL="6" OPERTYPEID="50" PREVID="127162" UPDATEDATE="2025-09-30" STARTDATE="2025-09-30" ENDDATE="2079-06-06" ISACTUAL="1" ISACTIVE="1" /><OBJECT ID="128171" OBJECTID="106631" OBJECTGUID="d4e8cb52-9a06-48c0-869b-dd720fd39ff7" CHANGEID="290662" NAME="Гули" TYPENAME="с" LEVEL="6" OPERTYPEID="1" PREVID="0" NEXTID="52189732" UPDATEDATE="2025-09-30" STARTDATE="1900-01-01" ENDDATE="2025-09-30" ISACTUAL="0" ISACTIVE="0" /><OBJECT ID="125626" OBJECTID="104652" OBJECTGUID="a6f670c2-30c9-47f0-9cae-6940d702da05" CHANGEID="287131" NAME="Хяни" TYPENAME="с" LEVEL="6" OPERTYPEID="1" PREVID="0" NEXTID="52189778" UPDATEDATE="2025-09-30" STARTDATE="1900-01-01" ENDDATE="2025-09-30" ISACTUAL="0" ISACTIVE="0" /><OBJECT ID="128403" OBJECTID="106814" OBJECTGUID="c6e871b1-d752-4bf6-b47a-54b3056722cb" CHANGEID="290966" NAME="Бейни" TYPENAME="с" LEVEL="6" OPERTYPEID="1" PREVID="0" NEXTID="52189570" UPDATEDATE="2025-09-29" STARTDATE="1900-01-01" ENDDATE="2025-09-29" ISACTUAL="0" ISACTIVE="0" /><OBJECT ID="52189570" OBJECTID="106814" OBJECTGUID="c6e871b1-d752-4bf6-b47a-54b3056722cb" CHANGEID="689699469" NAME="Бейни" TYPENAME="с." LEVEL="6" OPERTYPEID="50" PREVID="128403" UPDATEDATE="2025-09-29" STARTDATE="2025-09-29" ENDDATE="2079-06-06" ISACTUAL="1" ISACTIVE="1" /><OBJECT ID="127888" OBJECTID="106405" OBJECTGUID="a3ee9b46-d72f-4803-98fc-796c15efa3fe" CHANGEID="290296" NAME="Говзт" TYPENAME="с" LEVEL="6" OPERTYPEID="1" PREVID="0" NEXTID="52189572" UPDATEDATE="2025-09-29" STARTDATE="1900-01-01" ENDDATE="2025-09-29" ISACTUAL="0" ISACTIVE="0" /><OBJECT ID="52189572" OBJECTID="106405" OBJECTGUID="a3ee9b46-d72f-4803-98fc-796c15efa3fe" CHANGEID="689699606" NAME="Говзт" TYPENAME="с." LEVEL="6" OPERTYPEID="50" PREVID="127888" UPDATEDATE="2025-09-29" STARTDATE="2025-09-29" ENDDATE="2079-06-06" ISACTUAL="1" ISACTIVE="1" /><OBJECT ID="52189573" OBJECTID="104356" OBJECTGUID="b0e36c26-f578-4160-9f33-b14f9517db28" CHANGEID="689699624" NAME="Духургишт" TYPENAME="с." LEVEL="6" OPERTYPEID="50" PREVID="125245" UPDATEDATE="2025-09-29" STARTDATE="2025-09-29" ENDDATE="2079-06-06" ISACTUAL="1" ISACTIVE="1" /><OBJECT ID="127540" OBJECTID="106126" OBJECTGUID="385a1028-728e-4100-8f45-b9c9513d1917" CHANGEID="289815" NAME="Кашети" TYPENAME="с" LEVEL="6" OPERTYPEID="1" PREVID="0" NEXTID="52189574" UPDATEDATE="2025-09-29" STARTDATE="1900-01-01" ENDDATE="2025-09-29" ISACTUAL="0" ISACTIVE="0" /><OBJECT ID="52189574" OBJECTID="106126" OBJECTGUID="385a1028-728e-4100-8f45-b9c9513d1917" CHANGEID="689699643" NAME="Кашети" TYPENAME="с." LEVEL="6" OPERTYPEID="50" PREVID="127540" UPDATEDATE="2025-09-29" STARTDATE="2025-09-29" ENDDATE="2079-06-06" ISACTUAL="1" ISACTIVE="1" /><OBJECT ID="126508" OBJECTID="105316" OBJECTGUID="81e91014-1943-4072-836f-fb4e7b859068" CHANGEID="288376" NAME="Хьастмаге" TYPENAME="с" LEVEL="6" OPERTYPEID="1" PREVID="0" NEXTID="52189575" UPDATEDATE="2025-09-29" STARTDATE="1900-01-01" ENDDATE="2025-09-29" ISACTUAL="0" ISACTIVE="0" /><OBJECT ID="52189575" OBJECTID="105316" OBJECTGUID="81e91014-1943-4072-836f-fb4e7b859068" CHANGEID="689699683" NAME="Хьастмаге" TYPENAME="с." LEVEL="6" OPERTYPEID="50" PREVID="126508" UPDATEDATE="2025-09-29" STARTDATE="2025-09-29" ENDDATE="2079-06-06" ISACTUAL="1" ISACTIVE="1" /><OBJECT ID="125139" OBJECTID="104279" OBJECTGUID="8382aee9-96a0-4e9b-b67e-03d091b07b03" CHANGEID="286447" NAME="Эбан" TYPENAME="с" LEVEL="6" OPERTYPEID="1" PREVID="0" NEXTID="52189576" UPDATEDATE="2025-09-29" STARTDATE="1900-01-01" ENDDATE="2025-09-29" ISACTUAL="0" ISACTIVE="0" /><OBJECT ID="52189576" OBJECTID="104279" OBJECTGUID="8382aee9-96a0-4e9b-b67e-03d091b07b03" CHANGEID="689699723" NAME="Эбан" TYPENAME="с." LEVEL="6" OPERTYPEID="50" PREVID="125139" UPDATEDATE="2025-09-29" STARTDATE="2025-09-29" ENDDATE="2079-06-06" ISACTUAL="1" ISACTIVE="1" /><OBJECT ID="52189629" OBJECTID="104029" OBJECTGUID="8e9ca9de-bb3e-40b3-bc9b-65ad3bd6e47c" CHANGEID="689717887" NAME="Бейни" TYPENAME="с/п" LEVEL="5" OPERTYPEID="30" PREVID="124833" NEXTID="0" UPDATEDATE="2025-09-30" STARTDATE="2025-09-30" ENDDATE="2079-06-06" ISACTUAL="1" ISACTIVE="0" /><OBJECT ID="124833" OBJECTID="104029" OBJECTGUID="8e9ca9de-bb3e-40b3-bc9b-65ad3bd6e47c" CHANGEID="286041" NAME="Бейни" TYPENAME="с/п" LEVEL="5" OPERTYPEID="20" PREVID="124820" NEXTID="52189629" UPDATEDATE="2025-09-30" STARTDATE="2009-02-24" ENDDATE="2025-09-30" ISACTUAL="0" ISACTIVE="0" /><OBJECT ID="125537" OBJECTID="104581" OBJECTGUID="4e3652ab-03e0-4a1e-9209-06b982805131" CHANGEID="287001" NAME="Бялган" TYPENAME="с" LEVEL="6" OPERTYPEID="1" PREVID="0" NEXTID="52189695" UPDATEDATE="2025-09-30" STARTDATE="1900-01-01" ENDDATE="2025-09-30" ISACTUAL="0" ISACTIVE="0" /><OBJECT ID="52189695" OBJECTID="104581" OBJECTGUID="4e3652ab-03e0-4a1e-9209-06b982805131" CHANGEID="689729486" NAME="Бялган" TYPENAME="с." LEVEL="6" OPERTYPEID="50" PREVID="125537" UPDATEDATE="2025-09-30" STARTDATE="2025-09-30" ENDDATE="2079-06-06" ISACTUAL="1" ISACTIVE="1" /><OBJECT ID="127763" OBJECTID="106307" OBJECTGUID="4aaa4815-92a5-41b3-bcf0-51d78b9c1484" CHANGEID="290122" NAME="Керрах" TYPENAME="с" LEVEL="6" OPERTYPEID="1" PREVID="0" NEXTID="52189696" UPDATEDATE="2025-09-30" STARTDATE="1900-01-01" ENDDATE="2025-09-30" ISACTUAL="0" ISACTIVE="0" /><OBJECT ID="52189696" OBJECTID="106307" OBJECTGUID="4aaa4815-92a5-41b3-bcf0-51d78b9c1484" CHANGEID="689729553" NAME="Керрах" TYPENAME="с." LEVEL="6" OPERTYPEID="50" PREVID="127763" UPDATEDATE="2025-09-30" STARTDATE="2025-09-30" ENDDATE="2079-06-06" ISACTUAL="1" ISACTIVE="1" /><OBJECT ID="52189698" OBJECTID="104941" OBJECTGUID="f2d83ab9-3a10-4312-8122-4366f0dd3d0d" CHANGEID="689729612" NAME="Кошк" TYPENAME="с." LEVEL="6" OPERTYPEID="50" PREVID="126003" UPDATEDATE="2025-09-30" STARTDATE="2025-09-30" ENDDATE="2079-06-06" ISACTUAL="1" ISACTIVE="1" /><OBJECT ID="125754" OBJECTID="104756" OBJECTGUID="a0d2321f-f52b-44fb-bda8-ccdcbd25dfe4" CHANGEID="287313" NAME="Ольгети" TYPENAME="с" LEVEL="6" OPERTYPEID="1" PREVID="0" NEXTID="52189699" UPDATEDATE="2025-09-30" STARTDATE="1900-01-01" ENDDATE="2025-09-30" ISACTUAL="0" ISACTIVE="0" /><OBJECT ID="52189699" OBJECTID="104756" OBJECTGUID="a0d2321f-f52b-44fb-bda8-ccdcbd25dfe4" CHANGEID="689729726" NAME="Ольгети" TYPENAME="с." LEVEL="6" OPERTYPEID="50" PREVID="125754" UPDATEDATE="2025-09-30" STARTDATE="2025-09-30" ENDDATE="2079-06-06" ISACTUAL="1" ISACTIVE="1" /><OBJECT ID="52189700" OBJECTID="105564" OBJECTGUID="f79b1ed2-8980-4751-9915-723edca36a6e" CHANGEID="689729900" NAME="Тярш" TYPENAME="с." LEVEL="6" OPERTYPEID="50" PREVID="126825" UPDATEDATE="2025-09-30" STARTDATE="2025-09-30" ENDDATE="2079-06-06" ISACTUAL="1" ISACTIVE="1" /><OBJECT ID="128596" OBJECTID="106959" OBJECTGUID="f71b2f8e-1b3d-4452-be1f-14c4100b7735" CHANGEID="291211" NAME="Хамишк" TYPENAME="с" LEVEL="6" OPERTYPEID="1" PREVID="0" NEXTID="52189701" UPDATEDATE="2025-09-30" STARTDATE="1900-01-01" ENDDATE="2025-09-30" ISACTUAL="0" ISACTIVE="0" /><OBJECT ID="52189701" OBJECTID="106959" OBJECTGUID="f71b2f8e-1b3d-4452-be1f-14c4100b7735" CHANGEID="689729936" NAME="Хамишк" TYPENAME="с." LEVEL="6" OPERTYPEID="50" PREVID="128596" UPDATEDATE="2025-09-30" STARTDATE="2025-09-30" ENDDATE="2079-06-06" ISACTUAL="1" ISACTIVE="1" /><OBJECT ID="126366" OBJECTID="105213" OBJECTGUID="5b8e80d1-6fe5-4625-b1ac-467ec0e8db52" CHANGEID="288181" NAME="Шоани" TYPENAME="с" LEVEL="6" OPERTYPEID="1" PREVID="0" NEXTID="52189702" UPDATEDATE="2025-09-30" STARTDATE="1900-01-01" ENDDATE="2025-09-30" ISACTUAL="0" ISACTIVE="0" /><OBJECT ID="52189702" OBJECTID="105213" OBJECTGUID="5b8e80d1-6fe5-4625-b1ac-467ec0e8db52" CHANGEID="689729984" NAME="Шоани" TYPENAME="с." LEVEL="6" OPERTYPEID="50" PREVID="126366" UPDATEDATE="2025-09-30" STARTDATE="2025-09-30" ENDDATE="2079-06-06" ISACTUAL="1" ISACTIVE="1" /><OBJECT ID="126175" OBJECTID="105070" OBJECTGUID="2e71342d-00c3-4284-8dd6-58079215cddf" CHANGEID="287915" NAME="Эрзи" TYPENAME="с" LEVEL="6" OPERTYPEID="1" PREVID="0" NEXTID="52189704" UPDATEDATE="2025-09-30" STARTDATE="1900-01-01" ENDDATE="2025-09-30" ISACTUAL="0" ISACTIVE="0" /><OBJECT ID="52189704" OBJECTID="105070" OBJECTGUID="2e71342d-00c3-4284-8dd6-58079215cddf" CHANGEID="689730023" NAME="Эрзи" TYPENAME="с." LEVEL="6" OPERTYPEID="50" PREVID="126175" UPDATEDATE="2025-09-30" STARTDATE="2025-09-30" ENDDATE="2079-06-06" ISACTUAL="1" ISACTIVE="1" /><OBJECT ID="128537" OBJECTID="106917" OBJECTGUID="9df9bd2e-420a-4515-bb21-13c9413d8d61" CHANGEID="291130" NAME="Ляжги" TYPENAME="с" LEVEL="6" OPERTYPEID="1" PREVID="0" NEXTID="52189706" UPDATEDATE="2025-09-30" STARTDATE="1900-01-01" ENDDATE="2025-09-30" ISACTUAL="0" ISACTIVE="0" /><OBJECT ID="52189706" OBJECTID="106917" OBJECTGUID="9df9bd2e-420a-4515-bb21-13c9413d8d61" CHANGEID="689730225" NAME="Ляжги" TYPENAME="с." LEVEL="6" OPERTYPEID="50" PREVID="128537" UPDATEDATE="2025-09-30" STARTDATE="2025-09-30" ENDDATE="2079-06-06" ISACTUAL="1" ISACTIVE="1" /><OBJECT ID="128706" OBJECTID="107050" OBJECTGUID="79564bd9-61fe-494d-818f-cff8fea1a576" CHANGEID="291348" NAME="Морчи" TYPENAME="с" LEVEL="6" OPERTYPEID="1" PREVID="0" NEXTID="52189708" UPDATEDATE="2025-09-30" STARTDATE="1900-01-01" ENDDATE="2025-09-30" ISACTUAL="0" ISACTIVE="0" /><OBJECT ID="52189708" OBJECTID="107050" OBJECTGUID="79564bd9-61fe-494d-818f-cff8fea1a576" CHANGEID="689730478" NAME="Морчи" TYPENAME="с." LEVEL="6" OPERTYPEID="50" PREVID="128706" UPDATEDATE="2025-09-30" STARTDATE="2025-09-30" ENDDATE="2079-06-06" ISACTUAL="1" ISACTIVE="1" /><OBJECT ID="127397" OBJECTID="106016" OBJECTGUID="68835180-454e-4078-8873-8b377766533d" CHANGEID="289616" NAME="Мецхал" TYPENAME="с" LEVEL="6" OPERTYPEID="1" PREVID="0" NEXTID="52189707" UPDATEDATE="2025-09-30" STARTDATE="1900-01-01" ENDDATE="2025-09-30" ISACTUAL="0" ISACTIVE="0" /><OBJECT ID="52189707" OBJECTID="106016" OBJECTGUID="68835180-454e-4078-8873-8b377766533d" CHANGEID="689730427" NAME="Мецхал" TYPENAME="с." LEVEL="6" OPERTYPEID="50" PREVID="127397" UPDATEDATE="2025-09-30" STARTDATE="2025-09-30" ENDDATE="2079-06-06" ISACTUAL="1" ISACTIVE="1" /><OBJECT ID="124938" OBJECTID="104122" OBJECTGUID="1e33f61d-5df4-46d1-ba24-5e74500084e4" CHANGEID="286189" NAME="Фалхан" TYPENAME="с" LEVEL="6" OPERTYPEID="1" PREVID="0" NEXTID="52189709" UPDATEDATE="2025-09-30" STARTDATE="1900-01-01" ENDDATE="2025-09-30" ISACTUAL="0" ISACTIVE="0" /><OBJECT ID="52189709" OBJECTID="104122" OBJECTGUID="1e33f61d-5df4-46d1-ba24-5e74500084e4" CHANGEID="689731476" NAME="Фалхан" TYPENAME="с." LEVEL="6" OPERTYPEID="50" PREVID="124938" UPDATEDATE="2025-09-30" STARTDATE="2025-09-30" ENDDATE="2079-06-06" ISACTUAL="1" ISACTIVE="1" /><OBJECT ID="127848" OBJECTID="106374" OBJECTGUID="456e0173-f688-4a60-be4f-aef7ab056fed" CHANGEID="290239" NAME="Армхи" TYPENAME="с" LEVEL="6" OPERTYPEID="1" PREVID="0" NEXTID="52189710" UPDATEDATE="2025-09-30" STARTDATE="1900-01-01" ENDDATE="2025-09-30" ISACTUAL="0" ISACTIVE="0" /><OBJECT ID="52189710" OBJECTID="106374" OBJECTGUID="456e0173-f688-4a60-be4f-aef7ab056fed" CHANGEID="689731625" NAME="Армхи" TYPENAME="с." LEVEL="6" OPERTYPEID="50" PREVID="127848" UPDATEDATE="2025-09-30" STARTDATE="2025-09-30" ENDDATE="2079-06-06" ISACTUAL="1" ISACTIVE="1" /><OBJECT ID="124982" OBJECTID="104159" OBJECTGUID="646bcdbd-4efc-4b8d-a716-ec39a9170737" CHANGEID="286238" NAME="Горбани" TYPENAME="с" LEVEL="6" OPERTYPEID="1" PREVID="0" NEXTID="52189711" UPDATEDATE="2025-09-30" STARTDATE="1900-01-01" ENDDATE="2025-09-30" ISACTUAL="0" ISACTIVE="0" /><OBJECT ID="52189711" OBJECTID="104159" OBJECTGUID="646bcdbd-4efc-4b8d-a716-ec39a9170737" CHANGEID="689731856" NAME="Горбани" TYPENAME="с." LEVEL="6" OPERTYPEID="50" PREVID="124982" UPDATEDATE="2025-09-30" STARTDATE="2025-09-30" ENDDATE="2079-06-06" ISACTUAL="1" ISACTIVE="1" /><OBJECT ID="128894" OBJECTID="107193" OBJECTGUID="b280ae0a-a2e3-4186-9c60-fb97adde3859" CHANGEID="291591" NAME="Джейрах" TYPENAME="с" LEVEL="6" OPERTYPEID="1" PREVID="0" NEXTID="52189712" UPDATEDATE="2025-09-30" STARTDATE="1900-01-01" ENDDATE="2025-09-30" ISACTUAL="0" ISACTIVE="0" /><OBJECT ID="52189712" OBJECTID="107193" OBJECTGUID="b280ae0a-a2e3-4186-9c60-fb97adde3859" CHANGEID="689732034" NAME="Джейрах" TYPENAME="с." LEVEL="6" OPERTYPEID="50" PREVID="128894" UPDATEDATE="2025-09-30" STARTDATE="2025-09-30" ENDDATE="2079-06-06" ISACTUAL="1" ISACTIVE="1" /><OBJECT ID="125391" OBJECTID="104475" OBJECTGUID="dae03f15-ec37-4ee8-932c-0d0c53de11f9" CHANGEID="286794" NAME="Пхьмат" TYPENAME="с" LEVEL="6" OPERTYPEID="1" PREVID="0" NEXTID="52189713" UPDATEDATE="2025-09-30" STARTDATE="1900-01-01" ENDDATE="2025-09-30" ISACTUAL="0" ISACTIVE="0" /><OBJECT ID="52189713" OBJECTID="104475" OBJECTGUID="dae03f15-ec37-4ee8-932c-0d0c53de11f9" CHANGEID="689732430" NAME="Пхьмат" TYPENAME="с." LEVEL="6" OPERTYPEID="50" PREVID="125391" UPDATEDATE="2025-09-30" STARTDATE="2025-09-30" ENDDATE="2079-06-06" ISACTUAL="1" ISACTIVE="1" /><OBJECT ID="127100" OBJECTID="105778" OBJECTGUID="2fd8b619-e5be-4733-94c5-386a611858f5" CHANGEID="289210" NAME="Тамариани" TYPENAME="с" LEVEL="6" OPERTYPEID="1" PREVID="0" NEXTID="52189714" UPDATEDATE="2025-09-30" STARTDATE="1900-01-01" ENDDATE="2025-09-30" ISACTUAL="0" ISACTIVE="0" /><OBJECT ID="52189714" OBJECTID="105778" OBJECTGUID="2fd8b619-e5be-4733-94c5-386a611858f5" CHANGEID="689732473" NAME="Тамариани" TYPENAME="с." LEVEL="6" OPERTYPEID="50" PREVID="127100" UPDATEDATE="2025-09-30" STARTDATE="2025-09-30" ENDDATE="2079-06-06" ISACTUAL="1" ISACTIVE="1" /><OBJECT ID="128243" OBJECTID="106688" OBJECTGUID="9d843a55-814f-4753-aee3-9a78ed2c5ab7" CHANGEID="290763" NAME="Фуртоуг" TYPENAME="с" LEVEL="6" OPERTYPEID="1" PREVID="0" NEXTID="52189715" UPDATEDATE="2025-09-30" STARTDATE="1900-01-01" ENDDATE="2025-09-30" ISACTUAL="0" ISACTIVE="0" /><OBJECT ID="52189715" OBJECTID="106688" OBJECTGUID="9d843a55-814f-4753-aee3-9a78ed2c5ab7" CHANGEID="689732520" NAME="Фуртоуг" TYPENAME="с." LEVEL="6" OPERTYPEID="50" PREVID="128243" UPDATEDATE="2025-09-30" STARTDATE="2025-09-30" ENDDATE="2079-06-06" ISACTUAL="1" ISACTIVE="1" /><OBJECT ID="126576" OBJECTID="105373" OBJECTGUID="bac35335-0647-49b3-b651-f9693edf6131" CHANGEID="288481" NAME="Ангенты" TYPENAME="с" LEVEL="6" OPERTYPEID="1" PREVID="0" NEXTID="52189716" UPDATEDATE="2025-09-30" STARTDATE="1900-01-01" ENDDATE="2025-09-30" ISACTUAL="0" ISACTIVE="0" /><OBJECT ID="52189716" OBJECTID="105373" OBJECTGUID="bac35335-0647-49b3-b651-f9693edf6131" CHANGEID="689732614" NAME="Ангенты" TYPENAME="с." LEVEL="6" OPERTYPEID="50" PREVID="126576" UPDATEDATE="2025-09-30" STARTDATE="2025-09-30" ENDDATE="2079-06-06" ISACTUAL="1" ISACTIVE="1" /><OBJECT ID="128679" OBJECTID="107025" OBJECTGUID="a4100a1c-8692-4cf7-b028-1c3c148fc087" CHANGEID="291312" NAME="Анты" TYPENAME="с" LEVEL="6" OPERTYPEID="1" PREVID="0" NEXTID="52189717" UPDATEDATE="2025-09-30" STARTDATE="1900-01-01" ENDDATE="2025-09-30" ISACTUAL="0" ISACTIVE="0" /><OBJECT ID="52189717" OBJECTID="107025" OBJECTGUID="a4100a1c-8692-4cf7-b028-1c3c148fc087" CHANGEID="689732647" NAME="Анты" TYPENAME="с." LEVEL="6" OPERTYPEID="50" PREVID="128679" UPDATEDATE="2025-09-30" STARTDATE="2025-09-30" ENDDATE="2079-06-06" ISACTUAL="1" ISACTIVE="1" /><OBJECT ID="126062" OBJECTID="104984" OBJECTGUID="c0acdc97-ec23-429f-afe0-02b57a547359" CHANGEID="287745" NAME="Барах" TYPENAME="с" LEVEL="6" OPERTYPEID="1" PREVID="0" NEXTID="52189718" UPDATEDATE="2025-09-30" STARTDATE="1900-01-01" ENDDATE="2025-09-30" ISACTUAL="0" ISACTIVE="0" /><OBJECT ID="52189718" OBJECTID="104984" OBJECTGUID="c0acdc97-ec23-429f-afe0-02b57a547359" CHANGEID="689732671" NAME="Барах" TYPENAME="с." LEVEL="6" OPERTYPEID="50" PREVID="126062" UPDATEDATE="2025-09-30" STARTDATE="2025-09-30" ENDDATE="2079-06-06" ISACTUAL="1" ISACTIVE="1" /><OBJECT ID="125180" OBJECTID="104309" OBJECTGUID="056549b6-3764-4512-bfb7-c5b4254f7972" CHANGEID="286504" NAME="Бархане" TYPENAME="с" LEVEL="6" OPERTYPEID="1" PREVID="0" NEXTID="52189719" UPDATEDATE="2025-09-30" STARTDATE="1900-01-01" ENDDATE="2025-09-30" ISACTUAL="0" ISACTIVE="0" /><OBJECT ID="52189719" OBJECTID="104309" OBJECTGUID="056549b6-3764-4512-bfb7-c5b4254f7972" CHANGEID="689732727" NAME="Бархане" TYPENAME="с." LEVEL="6" OPERTYPEID="50" PREVID="125180" UPDATEDATE="2025-09-30" STARTDATE="2025-09-30" ENDDATE="2079-06-06" ISACTUAL="1" ISACTIVE="1" /><OBJECT ID="127679" OBJECTID="106239" OBJECTGUID="89b82998-b847-4961-b0c5-364440cf333c" CHANGEID="290008" NAME="Бийсар" TYPENAME="с" LEVEL="6" OPERTYPEID="1" PREVID="0" NEXTID="52189721" UPDATEDATE="2025-09-30" STARTDATE="1900-01-01" ENDDATE="2025-09-30" ISACTUAL="0" ISACTIVE="0" /><OBJECT ID="52189721" OBJECTID="106239" OBJECTGUID="89b82998-b847-4961-b0c5-364440cf333c" CHANGEID="689732768" NAME="Бийсар" TYPENAME="с." LEVEL="6" OPERTYPEID="50" PREVID="127679" UPDATEDATE="2025-09-30" STARTDATE="2025-09-30" ENDDATE="2079-06-06" ISACTUAL="1" ISACTIVE="1" /><OBJECT ID="126669" OBJECTID="105446" OBJECTGUID="7562b55d-f2c4-40e2-88c7-ed9621809b37" CHANGEID="288611" NAME="Бирги" TYPENAME="с" LEVEL="6" OPERTYPEID="1" PREVID="0" NEXTID="52189722" UPDATEDATE="2025-09-30" STARTDATE="1900-01-01" ENDDATE="2025-09-30" ISACTUAL="0" ISACTIVE="0" /><OBJECT ID="52189722" OBJECTID="105446" OBJECTGUID="7562b55d-f2c4-40e2-88c7-ed9621809b37" CHANGEID="689732790" NAME="Бирги" TYPENAME="с." LEVEL="6" OPERTYPEID="50" PREVID="126669" UPDATEDATE="2025-09-30" STARTDATE="2025-09-30" ENDDATE="2079-06-06" ISACTUAL="1" ISACTIVE="1" /><OBJECT ID="127500" OBJECTID="106092" OBJECTGUID="f70925be-40cb-4203-aa9d-06ef82c21532" CHANGEID="289763" NAME="Бишт" TYPENAME="с" LEVEL="6" OPERTYPEID="1" PREVID="0" NEXTID="52189723" UPDATEDATE="2025-09-30" STARTDATE="1900-01-01" ENDDATE="2025-09-30" ISACTUAL="0" ISACTIVE="0" /><OBJECT ID="52189723" OBJECTID="106092" OBJECTGUID="f70925be-40cb-4203-aa9d-06ef82c21532" CHANGEID="689732854" NAME="Бишт" TYPENAME="с." LEVEL="6" OPERTYPEID="50" PREVID="127500" UPDATEDATE="2025-09-30" STARTDATE="2025-09-30" ENDDATE="2079-06-06" ISACTUAL="1" ISACTIVE="1" /><OBJECT ID="125571" OBJECTID="104610" OBJECTGUID="9b108aa6-00ac-4589-9c74-20bb915ec220" CHANGEID="287054" NAME="Вовнушке" TYPENAME="с" LEVEL="6" OPERTYPEID="1" PREVID="0" NEXTID="52189724" UPDATEDATE="2025-09-30" STARTDATE="1900-01-01" ENDDATE="2025-09-30" ISACTUAL="0" ISACTIVE="0" /><OBJECT ID="52189724" OBJECTID="104610" OBJECTGUID="9b108aa6-00ac-4589-9c74-20bb915ec220" CHANGEID="689732982" NAME="Вовнушке" TYPENAME="с." LEVEL="6" OPERTYPEID="50" PREVID="125571" UPDATEDATE="2025-09-30" STARTDATE="2025-09-30" ENDDATE="2079-06-06" ISACTUAL="1" ISACTIVE="1" /><OBJECT ID="126278" OBJECTID="105147" OBJECTGUID="e2eeec25-5bc9-4851-b723-cd26cf702988" CHANGEID="288065" NAME="Гадаборш" TYPENAME="с" LEVEL="6" OPERTYPEID="1" PREVID="0" NEXTID="52189725" UPDATEDATE="2025-09-30" STARTDATE="1900-01-01" ENDDATE="2025-09-30" ISACTUAL="0" ISACTIVE="0" /><OBJECT ID="52189725" OBJECTID="105147" OBJECTGUID="e2eeec25-5bc9-4851-b723-cd26cf702988" CHANGEID="689733022" NAME="Гадаборш" TYPENAME="с." LEVEL="6" OPERTYPEID="50" PREVID="126278" UPDATEDATE="2025-09-30" STARTDATE="2025-09-30" ENDDATE="2079-06-06" ISACTUAL="1" ISACTIVE="1" /><OBJECT ID="128212" OBJECTID="106666" OBJECTGUID="2485f2ee-4b2c-4bfd-81d7-93dd4c0934cb" CHANGEID="290717" NAME="Галошпе" TYPENAME="с" LEVEL="6" OPERTYPEID="1" PREVID="0" NEXTID="52189727" UPDATEDATE="2025-09-30" STARTDATE="1900-01-01" ENDDATE="2025-09-30" ISACTUAL="0" ISACTIVE="0" /><OBJECT ID="52189727" OBJECTID="106666" OBJECTGUID="2485f2ee-4b2c-4bfd-81d7-93dd4c0934cb" CHANGEID="689733814" NAME="Галошпе" TYPENAME="с." LEVEL="6" OPERTYPEID="50" PREVID="128212" UPDATEDATE="2025-09-30" STARTDATE="2025-09-30" ENDDATE="2079-06-06" ISACTUAL="1" ISACTIVE="1" /><OBJECT ID="126626" OBJECTID="105412" OBJECTGUID="6aeaceeb-e49c-4f2d-ba97-092c2d52a53a" CHANGEID="288550" NAME="Ганти" TYPENAME="с" LEVEL="6" OPERTYPEID="1" PREVID="0" NEXTID="52189728" UPDATEDATE="2025-09-30" STARTDATE="1900-01-01" ENDDATE="2025-09-30" ISACTUAL="0" ISACTIVE="0" /><OBJECT ID="52189728" OBJECTID="105412" OBJECTGUID="6aeaceeb-e49c-4f2d-ba97-092c2d52a53a" CHANGEID="689733875" NAME="Ганти" TYPENAME="с." LEVEL="6" OPERTYPEID="50" PREVID="126626" UPDATEDATE="2025-09-30" STARTDATE="2025-09-30" ENDDATE="2079-06-06" ISACTUAL="1" ISACTIVE="1" /><OBJECT ID="126779" OBJECTID="105527" OBJECTGUID="365a134f-c971-438a-b6b5-3f960e1e4033" CHANGEID="288759" NAME="Гаппи" TYPENAME="с" LEVEL="6" OPERTYPEID="1" PREVID="0" NEXTID="52189729" UPDATEDATE="2025-09-30" STARTDATE="1900-01-01" ENDDATE="2025-09-30" ISACTUAL="0" ISACTIVE="0" /><OBJECT ID="52189729" OBJECTID="105527" OBJECTGUID="365a134f-c971-438a-b6b5-3f960e1e4033" CHANGEID="689733942" NAME="Гаппи" TYPENAME="с." LEVEL="6" OPERTYPEID="50" PREVID="126779" UPDATEDATE="2025-09-30" STARTDATE="2025-09-30" ENDDATE="2079-06-06" ISACTUAL="1" ISACTIVE="1" /><OBJECT ID="127805" OBJECTID="106342" OBJECTGUID="ec7f3987-065e-41c4-98a1-e89fa736b564" CHANGEID="290180" NAME="Гирети" TYPENAME="с" LEVEL="6" OPERTYPEID="1" PREVID="0" NEXTID="52189730" UPDATEDATE="2025-09-30" STARTDATE="1900-01-01" ENDDATE="2025-09-30" ISACTUAL="0" ISACTIVE="0" /><OBJECT ID="52189730" OBJECTID="106342" OBJECTGUID="ec7f3987-065e-41c4-98a1-e89fa736b564" CHANGEID="689733964" NAME="Гирети" TYPENAME="с." LEVEL="6" OPERTYPEID="50" PREVID="127805" UPDATEDATE="2025-09-30" STARTDATE="2025-09-30" ENDDATE="2079-06-06" ISACTUAL="1" ISACTIVE="1" /><OBJECT ID="127964" OBJECTID="106468" OBJECTGUID="2c1b9c28-f974-4b8d-827b-acbb435494a4" CHANGEID="290394" NAME="Гу" TYPENAME="с" LEVEL="6" OPERTYPEID="1" PREVID="0" NEXTID="52189731" UPDATEDATE="2025-09-30" STARTDATE="1900-01-01" ENDDATE="2025-09-30" ISACTUAL="0" ISACTIVE="0" /><OBJECT ID="52189731" OBJECTID="106468" OBJECTGUID="2c1b9c28-f974-4b8d-827b-acbb435494a4" CHANGEID="689734028" NAME="Гу" TYPENAME="с." LEVEL="6" OPERTYPEID="50" PREVID="127964" UPDATEDATE="2025-09-30" STARTDATE="2025-09-30" ENDDATE="2079-06-06" ISACTUAL="1" ISACTIVE="1" /><OBJECT ID="52189732" OBJECTID="106631" OBJECTGUID="d4e8cb52-9a06-48c0-869b-dd720fd39ff7" CHANGEID="689734063" NAME="Гули" TYPENAME="с." LEVEL="6" OPERTYPEID="50" PREVID="128171" UPDATEDATE="2025-09-30" STARTDATE="2025-09-30" ENDDATE="2079-06-06" ISACTUAL="1" ISACTIVE="1" /><OBJECT ID="128365" OBJECTID="106784" OBJECTGUID="70860704-d4ff-4b5f-b7b5-f238b48a6db6" CHANGEID="290914" NAME="Гянт" TYPENAME="с" LEVEL="6" OPERTYPEID="1" PREVID="0" NEXTID="52189734" UPDATEDATE="2025-09-30" STARTDATE="1900-01-01" ENDDATE="2025-09-30" ISACTUAL="0" ISACTIVE="0" /><OBJECT ID="52189734" OBJECTID="106784" OBJECTGUID="70860704-d4ff-4b5f-b7b5-f238b48a6db6" CHANGEID="689734275" NAME="Гянт" TYPENAME="с." LEVEL="6" OPERTYPEID="50" PREVID="128365" UPDATEDATE="2025-09-30" STARTDATE="2025-09-30" ENDDATE="2079-06-06" ISACTUAL="1" ISACTIVE="1" /><OBJECT ID="125492" OBJECTID="104550" OBJECTGUID="ef10fd14-995d-4537-9bec-84ebedba4e7a" CHANGEID="286937" NAME="Дакхала" TYPENAME="с" LEVEL="6" OPERTYPEID="1" PREVID="0" NEXTID="52189735" UPDATEDATE="2025-09-30" STARTDATE="1900-01-01" ENDDATE="2025-09-30" ISACTUAL="0" ISACTIVE="0" /><OBJECT ID="52189735" OBJECTID="104550" OBJECTGUID="ef10fd14-995d-4537-9bec-84ebedba4e7a" CHANGEID="689734345" NAME="Дакхала" TYPENAME="с." LEVEL="6" OPERTYPEID="50" PREVID="125492" UPDATEDATE="2025-09-30" STARTDATE="2025-09-30" ENDDATE="2079-06-06" ISACTUAL="1" ISACTIVE="1" /><OBJECT ID="127635" OBJECTID="106204" OBJECTGUID="57890077-df88-445f-bb2a-8bdbbb71e25e" CHANGEID="289948" NAME="Дошалкхе" TYPENAME="с" LEVEL="6" OPERTYPEID="1" PREVID="0" NEXTID="52189736" UPDATEDATE="2025-09-30" STARTDATE="1900-01-01" ENDDATE="2025-09-30" ISACTUAL="0" ISACTIVE="0" /><OBJECT ID="52189736" OBJECTID="106204" OBJECTGUID="57890077-df88-445f-bb2a-8bdbbb71e25e" CHANGEID="689734385" NAME="Дошалкхе" TYPENAME="с." LEVEL="6" OPERTYPEID="50" PREVID="127635" UPDATEDATE="2025-09-30" STARTDATE="2025-09-30" ENDDATE="2079-06-06" ISACTUAL="1" ISACTIVE="1" /><OBJECT ID="128066" OBJECTID="106534" OBJECTGUID="f0f70142-74b0-4aae-a032-7852deab42db" CHANGEID="290511" NAME="Исконтне" TYPENAME="с" LEVEL="6" OPERTYPEID="1" PREVID="0" NEXTID="52189737" UPDATEDATE="2025-09-30" STARTDATE="1900-01-01" ENDDATE="2025-09-30" ISACTUAL="0" ISACTIVE="0" /><OBJECT ID="52189737" OBJECTID="106534" OBJECTGUID="f0f70142-74b0-4aae-a032-7852deab42db" CHANGEID="689734428" NAME="Исконтне" TYPENAME="с." LEVEL="6" OPERTYPEID="50" PREVID="128066" UPDATEDATE="2025-09-30" STARTDATE="2025-09-30" ENDDATE="2079-06-06" ISACTUAL="1" ISACTIVE="1" /><OBJECT ID="126717" OBJECTID="105486" OBJECTGUID="d0b7cc99-1824-454d-b5e1-747ae0b32309" CHANGEID="288678" NAME="Йовли" TYPENAME="с" LEVEL="6" OPERTYPEID="1" PREVID="0" NEXTID="52189738" UPDATEDATE="2025-09-30" STARTDATE="1900-01-01" ENDDATE="2025-09-30" ISACTUAL="0" ISACTIVE="0" /><OBJECT ID="52189738" OBJECTID="105486" OBJECTGUID="d0b7cc99-1824-454d-b5e1-747ae0b32309" CHANGEID="689734484" NAME="Йовли" TYPENAME="с." LEVEL="6" OPERTYPEID="50" PREVID="126717" UPDATEDATE="2025-09-30" STARTDATE="2025-09-30" ENDDATE="2079-06-06" ISACTUAL="1" ISACTIVE="1" /><OBJECT ID="125718" OBJECTID="104729" OBJECTGUID="18fc26a5-3e2a-4588-96c6-8a10a0047f56" CHANGEID="287265" NAME="Каштам" TYPENAME="с" LEVEL="6" OPERTYPEID="1" PREVID="0" NEXTID="52189739" UPDATEDATE="2025-09-30" STARTDATE="1900-01-01" ENDDATE="2025-09-30" ISACTUAL="0" ISACTIVE="0" /><OBJECT ID="52189739" OBJECTID="104729" OBJECTGUID="18fc26a5-3e2a-4588-96c6-8a10a0047f56" CHANGEID="689734538" NAME="Каштам" TYPENAME="с." LEVEL="6" OPERTYPEID="50" PREVID="125718" UPDATEDATE="2025-09-30" STARTDATE="2025-09-30" ENDDATE="2079-06-06" ISACTUAL="1" ISACTIVE="1" /><OBJECT ID="125818" OBJECTID="104801" OBJECTGUID="ca47b8ba-7c0c-44fc-908b-bfe464e7626d" CHANGEID="287399" NAME="Кекки" TYPENAME="с" LEVEL="6" OPERTYPEID="1" PREVID="0" NEXTID="52189740" UPDATEDATE="2025-09-30" STARTDATE="1900-01-01" ENDDATE="2025-09-30" ISACTUAL="0" ISACTIVE="0" /><OBJECT ID="52189740" OBJECTID="104801" OBJECTGUID="ca47b8ba-7c0c-44fc-908b-bfe464e7626d" CHANGEID="689734586" NAME="Кекки" TYPENAME="с." LEVEL="6" OPERTYPEID="50" PREVID="125818" UPDATEDATE="2025-09-30" STARTDATE="2025-09-30" ENDDATE="2079-06-06" ISACTUAL="1" ISACTIVE="1" /><OBJECT ID="125688" OBJECTID="104705" OBJECTGUID="8d5fc8ce-a3e9-421a-a548-d9311efd5843" CHANGEID="287222" NAME="Кели" TYPENAME="с" LEVEL="6" OPERTYPEID="1" PREVID="0" NEXTID="52189744" UPDATEDATE="2025-09-30" STARTDATE="1900-01-01" ENDDATE="2025-09-30" ISACTUAL="0" ISACTIVE="0" /><OBJECT ID="52189744" OBJECTID="104705" OBJECTGUID="8d5fc8ce-a3e9-421a-a548-d9311efd5843" CHANGEID="689734765" NAME="Кели" TYPENAME="с." LEVEL="6" OPERTYPEID="50" PREVID="125688" UPDATEDATE="2025-09-30" STARTDATE="2025-09-30" ENDDATE="2079-06-06" ISACTUAL="1" ISACTIVE="1" /><OBJECT ID="126418" OBJECTID="105251" OBJECTGUID="e0387523-beba-41ad-ba3a-165be8643cb1" CHANGEID="288251" NAME="Керда" TYPENAME="с" LEVEL="6" OPERTYPEID="1" PREVID="0" NEXTID="52189746" UPDATEDATE="2025-09-30" STARTDATE="1900-01-01" ENDDATE="2025-09-30" ISACTUAL="0" ISACTIVE="0" /><OBJECT ID="52189746" OBJECTID="105251" OBJECTGUID="e0387523-beba-41ad-ba3a-165be8643cb1" CHANGEID="689734939" NAME="Керда" TYPENAME="с." LEVEL="6" OPERTYPEID="50" PREVID="126418" UPDATEDATE="2025-09-30" STARTDATE="2025-09-30" ENDDATE="2079-06-06" ISACTUAL="1" ISACTIVE="1" /><OBJECT ID="128110" OBJECTID="106583" OBJECTGUID="dd6262ce-4d88-4ba8-aacc-a23115a3ae57" CHANGEID="290588" NAME="Кий" TYPENAME="с" LEVEL="6" OPERTYPEID="1" PREVID="0" NEXTID="52189748" UPDATEDATE="2025-09-30" STARTDATE="1900-01-01" ENDDATE="2025-09-30" ISACTUAL="0" ISACTIVE="0" /><OBJECT ID="52189748" OBJECTID="106583" OBJECTGUID="dd6262ce-4d88-4ba8-aacc-a23115a3ae57" CHANGEID="689734991" NAME="Кий" TYPENAME="с." LEVEL="6" OPERTYPEID="50" PREVID="128110" UPDATEDATE="2025-09-30" STARTDATE="2025-09-30" ENDDATE="2079-06-06" ISACTUAL="1" ISACTIVE="1" /><OBJECT ID="126230" OBJECTID="105112" OBJECTGUID="0617d266-0c7b-4d2f-a231-adeb3b8907d8" CHANGEID="287989" NAME="Койрах" TYPENAME="с" LEVEL="6" OPERTYPEID="1" PREVID="0" NEXTID="52189749" UPDATEDATE="2025-09-30" STARTDATE="1900-01-01" ENDDATE="2025-09-30" ISACTUAL="0" ISACTIVE="0" /><OBJECT ID="52189749" OBJECTID="105112" OBJECTGUID="0617d266-0c7b-4d2f-a231-adeb3b8907d8" CHANGEID="689735025" NAME="Койрах" TYPENAME="с." LEVEL="6" OPERTYPEID="50" PREVID="126230" UPDATEDATE="2025-09-30" STARTDATE="2025-09-30" ENDDATE="2079-06-06" ISACTUAL="1" ISACTIVE="1" /><OBJECT ID="1856261" OBJECTID="97642999" OBJECTGUID="34a18328-66d4-4f13-aa12-53c882954d9d" CHANGEID="153856050" NAME="Кост" TYPENAME="с" LEVEL="6" OPERTYPEID="10" PREVID="0" NEXTID="52189750" UPDATEDATE="2025-09-30" STARTDATE="2020-07-23" ENDDATE="2025-09-30" ISACTUAL="0" ISACTIVE="0" /><OBJECT ID="52189750" OBJECTID="97642999" OBJECTGUID="34a18328-66d4-4f13-aa12-53c882954d9d" CHANGEID="689735098" NAME="Кост" TYPENAME="с." LEVEL="6" OPERTYPEID="50" PREVID="1856261" UPDATEDATE="2025-09-30" STARTDATE="2025-09-30" ENDDATE="2079-06-06" ISACTUAL="1" ISACTIVE="1" /><OBJECT ID="127278" OBJECTID="105917" OBJECTGUID="8b0baafb-d1f7-40c2-a07a-c10301e99ed8" CHANGEID="289465" NAME="Кхарт" TYPENAME="с" LEVEL="6" OPERTYPEID="1" PREVID="0" NEXTID="52189751" UPDATEDATE="2025-09-30" STARTDATE="1900-01-01" ENDDATE="2025-09-30" ISACTUAL="0" ISACTIVE="0" /><OBJECT ID="52189751" OBJECTID="105917" OBJECTGUID="8b0baafb-d1f7-40c2-a07a-c10301e99ed8" CHANGEID="689735286" NAME="Кхарт" TYPENAME="с." LEVEL="6" OPERTYPEID="50" PREVID="127278" UPDATEDATE="2025-09-30" STARTDATE="2025-09-30" ENDDATE="2079-06-06" ISACTUAL="1" ISACTIVE="1" /><OBJECT ID="127325" OBJECTID="105957" OBJECTGUID="c630051c-20c3-486c-94d0-6a3f7d44991b" CHANGEID="289520" NAME="Кхяхк" TYPENAME="с" LEVEL="6" OPERTYPEID="1" PREVID="0" NEXTID="52189754" UPDATEDATE="2025-09-30" STARTDATE="1900-01-01" ENDDATE="2025-09-30" ISACTUAL="0" ISACTIVE="0" /><OBJECT ID="52189754" OBJECTID="105957" OBJECTGUID="c630051c-20c3-486c-94d0-6a3f7d44991b" CHANGEID="689735573" NAME="Кхяхк" TYPENAME="с." LEVEL="6" OPERTYPEID="50" PREVID="127325" UPDATEDATE="2025-09-30" STARTDATE="2025-09-30" ENDDATE="2079-06-06" ISACTUAL="1" ISACTIVE="1" /><OBJECT ID="127725" OBJECTID="106274" OBJECTGUID="dbc177cd-cdc1-466c-8633-c201dc026ab0" CHANGEID="290073" NAME="Къаьна" TYPENAME="с" LEVEL="6" OPERTYPEID="1" PREVID="0" NEXTID="52189755" UPDATEDATE="2025-09-30" STARTDATE="1900-01-01" ENDDATE="2025-09-30" ISACTUAL="0" ISACTIVE="0" /><OBJECT ID="52189755" OBJECTID="106274" OBJECTGUID="dbc177cd-cdc1-466c-8633-c201dc026ab0" CHANGEID="689735605" NAME="Къаьна" TYPENAME="с." LEVEL="6" OPERTYPEID="50" PREVID="127725" UPDATEDATE="2025-09-30" STARTDATE="2025-09-30" ENDDATE="2079-06-06" ISACTUAL="1" ISACTIVE="1" /><OBJECT ID="128015" OBJECTID="106513" OBJECTGUID="7973fa2d-b964-4832-b97e-fe160c6b731a" CHANGEID="290463" NAME="Кязи" TYPENAME="с" LEVEL="6" OPERTYPEID="1" PREVID="0" NEXTID="52189756" UPDATEDATE="2025-09-30" STARTDATE="1900-01-01" ENDDATE="2025-09-30" ISACTUAL="0" ISACTIVE="0" /><OBJECT ID="52189756" OBJECTID="106513" OBJECTGUID="7973fa2d-b964-4832-b97e-fe160c6b731a" CHANGEID="689735633" NAME="Кязи" TYPENAME="с." LEVEL="6" OPERTYPEID="50" PREVID="128015" UPDATEDATE="2025-09-30" STARTDATE="2025-09-30" ENDDATE="2079-06-06" ISACTUAL="1" ISACTIVE="1" /><OBJECT ID="125423" OBJECTID="104497" OBJECTGUID="0037ba07-ce11-4137-84d2-406f2271ca45" CHANGEID="286838" NAME="Лейми" TYPENAME="с" LEVEL="6" OPERTYPEID="1" PREVID="0" NEXTID="52189757" UPDATEDATE="2025-09-30" STARTDATE="1900-01-01" ENDDATE="2025-09-30" ISACTUAL="0" ISACTIVE="0" /><OBJECT ID="52189757" OBJECTID="104497" OBJECTGUID="0037ba07-ce11-4137-84d2-406f2271ca45" CHANGEID="689736625" NAME="Лейми" TYPENAME="с." LEVEL="6" OPERTYPEID="50" PREVID="125423" UPDATEDATE="2025-09-30" STARTDATE="2025-09-30" ENDDATE="2079-06-06" ISACTUAL="1" ISACTIVE="1" /><OBJECT ID="128829" OBJECTID="107143" OBJECTGUID="8bc99bb2-8f0e-4191-8b40-92343d295ff9" CHANGEID="291505" NAME="Лялах" TYPENAME="с" LEVEL="6" OPERTYPEID="1" PREVID="0" NEXTID="52189758" UPDATEDATE="2025-09-30" STARTDATE="1900-01-01" ENDDATE="2025-09-30" ISACTUAL="0" ISACTIVE="0" /><OBJECT ID="52189758" OBJECTID="107143" OBJECTGUID="8bc99bb2-8f0e-4191-8b40-92343d295ff9" CHANGEID="689736881" NAME="Лялах" TYPENAME="с." LEVEL="6" OPERTYPEID="50" PREVID="128829" UPDATEDATE="2025-09-30" STARTDATE="2025-09-30" ENDDATE="2079-06-06" ISACTUAL="1" ISACTIVE="1" /><OBJECT ID="125344" OBJECTID="104437" OBJECTGUID="e6e3d146-dd17-49f4-b253-9ea74c8b1683" CHANGEID="286725" NAME="Мелер" TYPENAME="с" LEVEL="6" OPERTYPEID="1" PREVID="0" NEXTID="52189759" UPDATEDATE="2025-09-30" STARTDATE="1900-01-01" ENDDATE="2025-09-30" ISACTUAL="0" ISACTIVE="0" /><OBJECT ID="52189759" OBJECTID="104437" OBJECTGUID="e6e3d146-dd17-49f4-b253-9ea74c8b1683" CHANGEID="689736913" NAME="Мелер" TYPENAME="с." LEVEL="6" OPERTYPEID="50" PREVID="125344" UPDATEDATE="2025-09-30" STARTDATE="2025-09-30" ENDDATE="2079-06-06" ISACTUAL="1" ISACTIVE="1" /><OBJECT ID="125117" OBJECTID="104261" OBJECTGUID="c7ce8add-407e-48d9-8fdb-6663c7ac55e2" CHANGEID="286417" NAME="Мусийкъонгийкоте" TYPENAME="с" LEVEL="6" OPERTYPEID="1" PREVID="0" NEXTID="52189760" UPDATEDATE="2025-09-30" STARTDATE="1900-01-01" ENDDATE="2025-09-30" ISACTUAL="0" ISACTIVE="0" /><OBJECT ID="52189760" OBJECTID="104261" OBJECTGUID="c7ce8add-407e-48d9-8fdb-6663c7ac55e2" CHANGEID="689736952" NAME="Мусийкъонгийкоте" TYPENAME="с." LEVEL="6" OPERTYPEID="50" PREVID="125117" UPDATEDATE="2025-09-30" STARTDATE="2025-09-30" ENDDATE="2079-06-06" ISACTUAL="1" ISACTIVE="1" /><OBJECT ID="1856286" OBJECTID="97643968" OBJECTGUID="5558335c-e2a9-470d-9a26-c09ff9ef84bd" CHANGEID="153857239" NAME="Мухали" TYPENAME="с" LEVEL="6" OPERTYPEID="10" PREVID="0" NEXTID="52189761" UPDATEDATE="2025-09-30" STARTDATE="2020-07-23" ENDDATE="2025-09-30" ISACTUAL="0" ISACTIVE="0" /><OBJECT ID="52189761" OBJECTID="97643968" OBJECTGUID="5558335c-e2a9-470d-9a26-c09ff9ef84bd" CHANGEID="689736988" NAME="Мухали" TYPENAME="с." LEVEL="6" OPERTYPEID="50" PREVID="1856286" UPDATEDATE="2025-09-30" STARTDATE="2025-09-30" ENDDATE="2079-06-06" ISACTUAL="1" ISACTIVE="1" /><OBJECT ID="126923" OBJECTID="105645" OBJECTGUID="92d59af8-9b0d-4b97-84f2-b7d58523b136" CHANGEID="288963" NAME="Мяшхи" TYPENAME="с" LEVEL="6" OPERTYPEID="1" PREVID="0" NEXTID="52189762" UPDATEDATE="2025-09-30" STARTDATE="1900-01-01" ENDDATE="2025-09-30" ISACTUAL="0" ISACTIVE="0" /><OBJECT ID="52189762" OBJECTID="105645" OBJECTGUID="92d59af8-9b0d-4b97-84f2-b7d58523b136" CHANGEID="689737041" NAME="Мяшхи" TYPENAME="с." LEVEL="6" OPERTYPEID="50" PREVID="126923" UPDATEDATE="2025-09-30" STARTDATE="2025-09-30" ENDDATE="2079-06-06" ISACTUAL="1" ISACTIVE="1" /><OBJECT ID="126550" OBJECTID="105351" OBJECTGUID="091fb1a6-65d5-4fba-8273-4835eaa1e141" CHANGEID="288435" NAME="Ний" TYPENAME="с" LEVEL="6" OPERTYPEID="1" PREVID="0" NEXTID="52189763" UPDATEDATE="2025-09-30" STARTDATE="1900-01-01" ENDDATE="2025-09-30" ISACTUAL="0" ISACTIVE="0" /><OBJECT ID="52189763" OBJECTID="105351" OBJECTGUID="091fb1a6-65d5-4fba-8273-4835eaa1e141" CHANGEID="689737064" NAME="Ний" TYPENAME="с." LEVEL="6" OPERTYPEID="50" PREVID="126550" UPDATEDATE="2025-09-30" STARTDATE="2025-09-30" ENDDATE="2079-06-06" ISACTUAL="1" ISACTIVE="1" /><OBJECT ID="128634" OBJECTID="106989" OBJECTGUID="bb87d7b7-ef2a-41ba-970e-95a87dc62b28" CHANGEID="291258" NAME="Нийкойте" TYPENAME="с" LEVEL="6" OPERTYPEID="1" PREVID="0" NEXTID="52189764" UPDATEDATE="2025-09-30" STARTDATE="1900-01-01" ENDDATE="2025-09-30" ISACTUAL="0" ISACTIVE="0" /><OBJECT ID="52189764" OBJECTID="106989" OBJECTGUID="bb87d7b7-ef2a-41ba-970e-95a87dc62b28" CHANGEID="689737137" NAME="Нийкойте" TYPENAME="с." LEVEL="6" OPERTYPEID="50" PREVID="128634" UPDATEDATE="2025-09-30" STARTDATE="2025-09-30" ENDDATE="2079-06-06" ISACTUAL="1" ISACTIVE="1" /><OBJECT ID="126319" OBJECTID="105179" OBJECTGUID="23b4ea38-f632-48dc-a70f-382d0496f640" CHANGEID="288125" NAME="Нилха" TYPENAME="с" LEVEL="6" OPERTYPEID="1" PREVID="0" NEXTID="52189765" UPDATEDATE="2025-09-30" STARTDATE="1900-01-01" ENDDATE="2025-09-30" ISACTUAL="0" ISACTIVE="0" /><OBJECT ID="52189765" OBJECTID="105179" OBJECTGUID="23b4ea38-f632-48dc-a70f-382d0496f640" CHANGEID="689737235" NAME="Нилха" TYPENAME="с." LEVEL="6" OPERTYPEID="50" PREVID="126319" UPDATEDATE="2025-09-30" STARTDATE="2025-09-30" ENDDATE="2079-06-06" ISACTUAL="1" ISACTIVE="1" /><OBJECT ID="128299" OBJECTID="106736" OBJECTGUID="b2450f94-cffb-449b-9537-2176e0ab6f25" CHANGEID="290829" NAME="Някасте" TYPENAME="с" LEVEL="6" OPERTYPEID="1" PREVID="0" NEXTID="52189766" UPDATEDATE="2025-09-30" STARTDATE="1900-01-01" ENDDATE="2025-09-30" ISACTUAL="0" ISACTIVE="0" /><OBJECT ID="52189766" OBJECTID="106736" OBJECTGUID="b2450f94-cffb-449b-9537-2176e0ab6f25" CHANGEID="689737268" NAME="Някасте" TYPENAME="с." LEVEL="6" OPERTYPEID="50" PREVID="128299" UPDATEDATE="2025-09-30" STARTDATE="2025-09-30" ENDDATE="2079-06-06" ISACTUAL="1" ISACTIVE="1" /><OBJECT ID="127929" OBJECTID="106438" OBJECTGUID="de218fbb-5468-446c-9ada-75115808af86" CHANGEID="290347" NAME="Оздиг" TYPENAME="с" LEVEL="6" OPERTYPEID="1" PREVID="0" NEXTID="52189768" UPDATEDATE="2025-09-30" STARTDATE="1900-01-01" ENDDATE="2025-09-30" ISACTUAL="0" ISACTIVE="0" /><OBJECT ID="52189768" OBJECTID="106438" OBJECTGUID="de218fbb-5468-446c-9ada-75115808af86" CHANGEID="689737310" NAME="Оздиг" TYPENAME="с." LEVEL="6" OPERTYPEID="50" PREVID="127929" UPDATEDATE="2025-09-30" STARTDATE="2025-09-30" ENDDATE="2079-06-06" ISACTUAL="1" ISACTIVE="1" /><OBJECT ID="127018" OBJECTID="105714" OBJECTGUID="88d02a7d-b3c4-46a3-9bbf-4692b45a3d7c" CHANGEID="289096" NAME="Озиг" TYPENAME="с" LEVEL="6" OPERTYPEID="1" PREVID="0" NEXTID="52189769" UPDATEDATE="2025-09-30" STARTDATE="1900-01-01" ENDDATE="2025-09-30" ISACTUAL="0" ISACTIVE="0" /><OBJECT ID="52189769" OBJECTID="105714" OBJECTGUID="88d02a7d-b3c4-46a3-9bbf-4692b45a3d7c" CHANGEID="689737350" NAME="Озиг" TYPENAME="с." LEVEL="6" OPERTYPEID="50" PREVID="127018" UPDATEDATE="2025-09-30" STARTDATE="2025-09-30" ENDDATE="2079-06-06" ISACTUAL="1" ISACTIVE="1" /><OBJECT ID="125032" OBJECTID="104198" OBJECTGUID="ef8f621e-fae5-4402-8fb6-4a4d6518b3ea" CHANGEID="286309" NAME="Пуй" TYPENAME="с" LEVEL="6" OPERTYPEID="1" PREVID="0" NEXTID="52189770" UPDATEDATE="2025-09-30" STARTDATE="1900-01-01" ENDDATE="2025-09-30" ISACTUAL="0" ISACTIVE="0" /><OBJECT ID="52189770" OBJECTID="104198" OBJECTGUID="ef8f621e-fae5-4402-8fb6-4a4d6518b3ea" CHANGEID="689737378" NAME="Пуй" TYPENAME="с." LEVEL="6" OPERTYPEID="50" PREVID="125032" UPDATEDATE="2025-09-30" STARTDATE="2025-09-30" ENDDATE="2079-06-06" ISACTUAL="1" ISACTIVE="1" /><OBJECT ID="127053" OBJECTID="105743" OBJECTGUID="5e3afee2-1c19-4210-89b3-57604b725104" CHANGEID="289148" NAME="Пялинг" TYPENAME="с" LEVEL="6" OPERTYPEID="1" PREVID="0" NEXTID="52189771" UPDATEDATE="2025-09-30" STARTDATE="1900-01-01" ENDDATE="2025-09-30" ISACTUAL="0" ISACTIVE="0" /><OBJECT ID="52189771" OBJECTID="105743" OBJECTGUID="5e3afee2-1c19-4210-89b3-57604b725104" CHANGEID="689737504" NAME="Пялинг" TYPENAME="с." LEVEL="6" OPERTYPEID="50" PREVID="127053" UPDATEDATE="2025-09-30" STARTDATE="2025-09-30" ENDDATE="2079-06-06" ISACTUAL="1" ISACTIVE="1" /><OBJECT ID="125928" OBJECTID="104884" OBJECTGUID="a7edadb6-e4ce-42ec-97d5-7620f9c68e16" CHANGEID="287554" NAME="Салги" TYPENAME="с" LEVEL="6" OPERTYPEID="1" PREVID="0" NEXTID="52189772" UPDATEDATE="2025-09-30" STARTDATE="1900-01-01" ENDDATE="2025-09-30" ISACTUAL="0" ISACTIVE="0" /><OBJECT ID="52189772" OBJECTID="104884" OBJECTGUID="a7edadb6-e4ce-42ec-97d5-7620f9c68e16" CHANGEID="689737541" NAME="Салги" TYPENAME="с." LEVEL="6" OPERTYPEID="50" PREVID="125928" UPDATEDATE="2025-09-30" STARTDATE="2025-09-30" ENDDATE="2079-06-06" ISACTUAL="1" ISACTIVE="1" /><OBJECT ID="125083" OBJECTID="104237" OBJECTGUID="2e253cf6-090f-4b48-9f72-a28719b941df" CHANGEID="286372" NAME="Таргим" TYPENAME="с" LEVEL="6" OPERTYPEID="1" PREVID="0" NEXTID="52189774" UPDATEDATE="2025-09-30" STARTDATE="1900-01-01" ENDDATE="2025-09-30" ISACTUAL="0" ISACTIVE="0" /><OBJECT ID="52189774" OBJECTID="104237" OBJECTGUID="2e253cf6-090f-4b48-9f72-a28719b941df" CHANGEID="689737588" NAME="Таргим" TYPENAME="с." LEVEL="6" OPERTYPEID="50" PREVID="125083" UPDATEDATE="2025-09-30" STARTDATE="2025-09-30" ENDDATE="2079-06-06" ISACTUAL="1" ISACTIVE="1" /><OBJECT ID="128929" OBJECTID="107221" OBJECTGUID="7c64ae72-cab7-4295-9700-56e65c9e21ce" CHANGEID="291631" NAME="Тумаг" TYPENAME="с" LEVEL="6" OPERTYPEID="10" PREVID="0" NEXTID="52189775" UPDATEDATE="2025-09-30" STARTDATE="2009-03-03" ENDDATE="2025-09-30" ISACTUAL="0" ISACTIVE="0" /><OBJECT ID="52189775" OBJECTID="107221" OBJECTGUID="7c64ae72-cab7-4295-9700-56e65c9e21ce" CHANGEID="689737621" NAME="Тумаг" TYPENAME="с." LEVEL="6" OPERTYPEID="50" PREVID="128929" UPDATEDATE="2025-09-30" STARTDATE="2025-09-30" ENDDATE="2079-06-06" ISACTUAL="1" ISACTIVE="1" /><OBJECT ID="127588" OBJECTID="106164" OBJECTGUID="7ce52378-6cb5-49d6-9f51-0484cfbad6f2" CHANGEID="289874" NAME="Хайрахе" TYPENAME="с" LEVEL="6" OPERTYPEID="1" PREVID="0" NEXTID="52189776" UPDATEDATE="2025-09-30" STARTDATE="1900-01-01" ENDDATE="2025-09-30" ISACTUAL="0" ISACTIVE="0" /><OBJECT ID="52189776" OBJECTID="106164" OBJECTGUID="7ce52378-6cb5-49d6-9f51-0484cfbad6f2" CHANGEID="689737690" NAME="Хайрахе" TYPENAME="с." LEVEL="6" OPERTYPEID="50" PREVID="127588" UPDATEDATE="2025-09-30" STARTDATE="2025-09-30" ENDDATE="2079-06-06" ISACTUAL="1" ISACTIVE="1" /><OBJECT ID="125459" OBJECTID="104524" OBJECTGUID="e2c60493-c5a3-4cbd-a3d4-73a8eb4de089" CHANGEID="286893" NAME="Хамхи" TYPENAME="с" LEVEL="6" OPERTYPEID="1" PREVID="0" NEXTID="52189777" UPDATEDATE="2025-09-30" STARTDATE="1900-01-01" ENDDATE="2025-09-30" ISACTUAL="0" ISACTIVE="0" /><OBJECT ID="52189777" OBJECTID="104524" OBJECTGUID="e2c60493-c5a3-4cbd-a3d4-73a8eb4de089" CHANGEID="689737720" NAME="Хамхи" TYPENAME="с." LEVEL="6" OPERTYPEID="50" PREVID="125459" UPDATEDATE="2025-09-30" STARTDATE="2025-09-30" ENDDATE="2079-06-06" ISACTUAL="1" ISACTIVE="1" /><OBJECT ID="126099" OBJECTID="105015" OBJECTGUID="f5a8210e-d143-4434-919e-c2d792935cb2" CHANGEID="287793" NAME="Цоли" TYPENAME="с" LEVEL="6" OPERTYPEID="1" PREVID="0" NEXTID="52189779" UPDATEDATE="2025-09-30" STARTDATE="1900-01-01" ENDDATE="2025-09-30" ISACTUAL="0" ISACTIVE="0" /><OBJECT ID="52189779" OBJECTID="105015" OBJECTGUID="f5a8210e-d143-4434-919e-c2d792935cb2" CHANGEID="689737803" NAME="Цоли" TYPENAME="с." LEVEL="6" OPERTYPEID="50" PREVID="126099" UPDATEDATE="2025-09-30" STARTDATE="2025-09-30" ENDDATE="2079-06-06" ISACTUAL="1" ISACTIVE="1" /><OBJECT ID="52189780" OBJECTID="105675" OBJECTGUID="2fc4b409-37b7-4b2b-b514-4964e98b4efb" CHANGEID="689737860" NAME="Цори" TYPENAME="с." LEVEL="6" OPERTYPEID="50" PREVID="126962" UPDATEDATE="2025-09-30" STARTDATE="2025-09-30" ENDDATE="2079-06-06" ISACTUAL="1" ISACTIVE="1" /><OBJECT ID="52189783" OBJECTID="107111" OBJECTGUID="057a9e16-d430-457a-849c-3c272ec8d76a" CHANGEID="689737953" NAME="Цхийри" TYPENAME="с." LEVEL="6" OPERTYPEID="50" PREVID="128782" UPDATEDATE="2025-09-30" STARTDATE="2025-09-30" ENDDATE="2079-06-06" ISACTUAL="1" ISACTIVE="1" /><OBJECT ID="52189784" OBJECTID="104414" OBJECTGUID="252f979c-46ca-449f-b3fe-d3a1fce591fa" CHANGEID="689737999" NAME="Цызди" TYPENAME="с." LEVEL="6" OPERTYPEID="50" PREVID="125318" UPDATEDATE="2025-09-30" STARTDATE="2025-09-30" ENDDATE="2079-06-06" ISACTUAL="1" ISACTIVE="1" /><OBJECT ID="52189786" OBJECTID="104830" OBJECTGUID="34b17ce9-8d9a-4910-950c-18ee965d615a" CHANGEID="689738099" NAME="Эйханте" TYPENAME="с." LEVEL="6" OPERTYPEID="50" PREVID="125863" UPDATEDATE="2025-09-30" STARTDATE="2025-09-30" ENDDATE="2079-06-06" ISACTUAL="1" ISACTIVE="1" /><OBJECT ID="52189787" OBJECTID="106422" OBJECTGUID="c4cf0da9-c4a2-4c53-a4a3-2062b0f97a85" CHANGEID="689738129" NAME="Эрш" TYPENAME="с." LEVEL="6" OPERTYPEID="50" PREVID="127907" UPDATEDATE="2025-09-30" STARTDATE="2025-09-30" ENDDATE="2079-06-06" ISACTUAL="1" ISACTIVE="1" /><OBJECT ID="52189778" OBJECTID="104652" OBJECTGUID="a6f670c2-30c9-47f0-9cae-6940d702da05" CHANGEID="689737737" NAME="Хяни" TYPENAME="с." LEVEL="6" OPERTYPEID="50" PREVID="125626" UPDATEDATE="2025-09-30" STARTDATE="2025-09-30" ENDDATE="2079-06-06" ISACTUAL="1" ISACTIVE="1" /><OBJECT ID="52189782" OBJECTID="106870" OBJECTGUID="0f64d405-aa45-4fc3-95e3-3fa5fdcfd211" CHANGEID="689737896" NAME="Цхаралте" TYPENAME="с." LEVEL="6" OPERTYPEID="50" PREVID="128481" UPDATEDATE="2025-09-30" STARTDATE="2025-09-30" ENDDATE="2079-06-06" ISACTUAL="1" ISACTIVE="1" /><OBJECT ID="126151" OBJECTID="105043" OBJECTGUID="94385322-0c93-4aa6-9bb1-e7fc24e5623d" CHANGEID="287871" NAME="Эгикхал" TYPENAME="с" LEVEL="6" OPERTYPEID="50" PREVID="126135" NEXTID="52189785" UPDATEDATE="2025-09-30" STARTDATE="2009-02-23" ENDDATE="2025-09-30" ISACTUAL="0" ISACTIVE="0" /><OBJECT ID="52189785" OBJECTID="105043" OBJECTGUID="94385322-0c93-4aa6-9bb1-e7fc24e5623d" CHANGEID="689738071" NAME="Эгикхал" TYPENAME="с." LEVEL="6" OPERTYPEID="50" PREVID="126151" UPDATEDATE="2025-09-30" STARTDATE="2025-09-30" ENDDATE="2079-06-06" ISACTUAL="1" ISACTIVE="1" /><OBJECT ID="52189851" OBJECTID="103976" OBJECTGUID="a5469a51-2f68-4868-b4f0-f7acb5f00e6a" CHANGEID="689752582" NAME="Ляжги" TYPENAME="с/п" LEVEL="5" OPERTYPEID="30" PREVID="124758" NEXTID="0" UPDATEDATE="2025-09-30" STARTDATE="2025-09-30" ENDDATE="2079-06-06" ISACTUAL="1" ISACTIVE="0" /><OBJECT ID="52189852" OBJECTID="104005" OBJECTGUID="48f64da4-350b-4a3a-b268-62629ce602c6" CHANGEID="689752583" NAME="Ольгети" TYPENAME="с/п" LEVEL="5" OPERTYPEID="30" PREVID="124792" NEXTID="0" UPDATEDATE="2025-09-30" STARTDATE="2025-09-30" ENDDATE="2079-06-06" ISACTUAL="1" ISACTIVE="0" /><OBJECT ID="52189853" OBJECTID="104069" OBJECTGUID="ca8bf281-cb0a-4e8d-ba24-1cc029d6d538" CHANGEID="689752584" NAME="Гули" TYPENAME="с/п" LEVEL="5" OPERTYPEID="30" PREVID="124915" NEXTID="0" UPDATEDATE="2025-09-30" STARTDATE="2025-09-30" ENDDATE="2079-06-06" ISACTUAL="1" ISACTIVE="0" /><OBJECT ID="52189854" OBJECTID="103943" OBJECTGUID="6ca67f36-8de8-4ed4-93d1-297404e1faa6" CHANGEID="689752585" NAME="Джейрах" TYPENAME="с/п" LEVEL="5" OPERTYPEID="30" PREVID="124712" NEXTID="0" UPDATEDATE="2025-09-30" STARTDATE="2025-09-30" ENDDATE="2079-06-06" ISACTUAL="1" ISACTIVE="0" /><OBJECT ID="124393" OBJECTID="103696" OBJECTGUID="bbf20dcf-2fbb-4e00-b60a-5f75c6cb9409" CHANGEID="285441" NAME="Центральный округ" TYPENAME="тер" LEVEL="6" OPERTYPEID="1" PREVID="124383" NEXTID="52189895" UPDATEDATE="2025-09-30" STARTDATE="1900-01-01" ENDDATE="2025-09-30" ISACTUAL="0" ISACTIVE="0" /><OBJECT ID="52189895" OBJECTID="103696" OBJECTGUID="bbf20dcf-2fbb-4e00-b60a-5f75c6cb9409" CHANGEID="689759253" NAME="Центральный административный округ" TYPENAME="тер." LEVEL="7" OPERTYPEID="50" PREVID="124393" UPDATEDATE="2025-09-30" STARTDATE="2025-09-30" ENDDATE="2079-06-06" ISACTUAL="1" ISACTIVE="1" /><OBJECT ID="52190116" OBJECTID="100394" OBJECTGUID="b051124e-87e2-461e-b632-be258a1e484b" CHANGEID="689813163" NAME="АОЗТ Плиевское" TYPENAME="ул" LEVEL="8" OPERTYPEID="30" PREVID="120452" NEXTID="0" UPDATEDATE="2025-10-01" STARTDATE="2025-10-01" ENDDATE="2079-06-06" ISACTUAL="1" ISACTIVE="0" /><OBJECT ID="52190117" OBJECTID="100494" OBJECTGUID="b9158400-a4ff-4c58-925d-14f2b9219645" CHANGEID="689813164" NAME="Прохладная" TYPENAME="ул" LEVEL="8" OPERTYPEID="30" PREVID="120556" NEXTID="0" UPDATEDATE="2025-10-01" STARTDATE="2025-10-01" ENDDATE="2079-06-06" ISACTUAL="1" ISACTIVE="0" /><OBJECT ID="52190118" OBJECTID="100715" OBJECTGUID="dfefe1bd-24bc-4bcf-9dd3-ee6b166b8279" CHANGEID="689813165" NAME="Ашнурина" TYPENAME="ул" LEVEL="8" OPERTYPEID="30" PREVID="120813" NEXTID="0" UPDATEDATE="2025-10-01" STARTDATE="2025-10-01" ENDDATE="2079-06-06" ISACTUAL="1" ISACTIVE="0" /><OBJECT ID="52190119" OBJECTID="100947" OBJECTGUID="619275c2-b0b9-4179-9b63-9a277be895e3" CHANGEID="689813166" NAME="АМООС" TYPENAME="ул" LEVEL="8" OPERTYPEID="30" PREVID="121083" NEXTID="0" UPDATEDATE="2025-10-01" STARTDATE="2025-10-01" ENDDATE="2079-06-06" ISACTUAL="1" ISACTIVE="0" /><OBJECT ID="52190120" OBJECTID="101158" OBJECTGUID="269ccc3e-6555-4606-a24d-cce3b09d1253" CHANGEID="689813167" NAME="Рашида" TYPENAME="ул" LEVEL="8" OPERTYPEID="30" PREVID="121330" NEXTID="0" UPDATEDATE="2025-10-01" STARTDATE="2025-10-01" ENDDATE="2079-06-06" ISACTUAL="1" ISACTIVE="0" /><OBJECT ID="121330" OBJECTID="101158" OBJECTGUID="269ccc3e-6555-4606-a24d-cce3b09d1253" CHANGEID="279755" NAME="Рашида" TYPENAME="ул" LEVEL="8" OPERTYPEID="1" PREVID="0" NEXTID="52190120" UPDATEDATE="2025-10-01" STARTDATE="1900-01-01" ENDDATE="2025-10-01" ISACTUAL="0" ISACTIVE="0" /><OBJECT ID="52190121" OBJECTID="101166" OBJECTGUID="89e539b3-9d0b-4891-bbb6-24254f6d7961" CHANGEID="689813168" NAME="Пролетарская" TYPENAME="ул" LEVEL="8" OPERTYPEID="30" PREVID="121340" NEXTID="0" UPDATEDATE="2025-10-01" STARTDATE="2025-10-01" ENDDATE="2079-06-06" ISACTUAL="1" ISACTIVE="0" /><OBJECT ID="121340" OBJECTID="101166" OBJECTGUID="89e539b3-9d0b-4891-bbb6-24254f6d7961" CHANGEID="279775" NAME="Пролетарская" TYPENAME="ул" LEVEL="8" OPERTYPEID="1" PREVID="0" NEXTID="52190121" UPDATEDATE="2025-10-01" STARTDATE="1900-01-01" ENDDATE="2025-10-01" ISACTUAL="0" ISACTIVE="0" /><OBJECT ID="52190122" OBJECTID="101774" OBJECTGUID="ad75683b-5011-4b5e-8c5c-a0fbeab9bfcb" CHANGEID="689813169" NAME="Южная" TYPENAME="ул" LEVEL="8" OPERTYPEID="30" PREVID="122064" NEXTID="0" UPDATEDATE="2025-10-01" STARTDATE="2025-10-01" ENDDATE="2079-06-06" ISACTUAL="1" ISACTIVE="0" /><OBJECT ID="52190123" OBJECTID="101778" OBJECTGUID="11e89338-306c-4c53-b4b6-0f54347ecfe5" CHANGEID="689813170" NAME="рынок Восток" TYPENAME="ул" LEVEL="8" OPERTYPEID="30" PREVID="122068" NEXTID="0" UPDATEDATE="2025-10-01" STARTDATE="2025-10-01" ENDDATE="2079-06-06" ISACTUAL="1" ISACTIVE="0" /><OBJECT ID="122068" OBJECTID="101778" OBJECTGUID="11e89338-306c-4c53-b4b6-0f54347ecfe5" CHANGEID="281264" NAME="рынок Восток" TYPENAME="ул" LEVEL="8" OPERTYPEID="1" PREVID="0" NEXTID="52190123" UPDATEDATE="2025-10-01" STARTDATE="1900-01-01" ENDDATE="2025-10-01" ISACTUAL="0" ISACTIVE="0" /><OBJECT ID="52190124" OBJECTID="101947" OBJECTGUID="401eeb5b-f92e-4c53-937c-648189d1d104" CHANGEID="689813171" NAME="Революционная" TYPENAME="ул" LEVEL="8" OPERTYPEID="30" PREVID="122264" NEXTID="0" UPDATEDATE="2025-10-01" STARTDATE="2025-10-01" ENDDATE="2079-06-06" ISACTUAL="1" ISACTIVE="0" /><OBJECT ID="52190125" OBJECTID="101981" OBJECTGUID="e8c359df-07cf-4f56-9fa4-17eadb556fd0" CHANGEID="689813172" NAME="Санаторная" TYPENAME="ул" LEVEL="8" OPERTYPEID="30" PREVID="122305" NEXTID="0" UPDATEDATE="2025-10-01" STARTDATE="2025-10-01" ENDDATE="2079-06-06" ISACTUAL="1" ISACTIVE="0" /><OBJECT ID="52190126" OBJECTID="102034" OBJECTGUID="101a9157-b401-4ead-8197-eddb136d8453" CHANGEID="689813173" NAME="Рабочая" TYPENAME="ул" LEVEL="8" OPERTYPEID="30" PREVID="122372" NEXTID="0" UPDATEDATE="2025-10-01" STARTDATE="2025-10-01" ENDDATE="2079-06-06" ISACTUAL="1" ISACTIVE="0" /><OBJECT ID="122372" OBJECTID="102034" OBJECTGUID="101a9157-b401-4ead-8197-eddb136d8453" CHANGEID="281847" NAME="Рабочая" TYPENAME="ул" LEVEL="8" OPERTYPEID="1" PREVID="0" NEXTID="52190126" UPDATEDATE="2025-10-01" STARTDATE="1900-01-01" ENDDATE="2025-10-01" ISACTUAL="0" ISACTIVE="0" /><OBJECT ID="52190127" OBJECTID="102245" OBJECTGUID="ee809515-71cc-434d-aedd-6d3d09eeafd5" CHANGEID="689813174" NAME="Арсанова" TYPENAME="ул" LEVEL="8" OPERTYPEID="30" PREVID="122630" NEXTID="0" UPDATEDATE="2025-10-01" STARTDATE="2025-10-01" ENDDATE="2079-06-06" ISACTUAL="1" ISACTIVE="0" /><OBJECT ID="122630" OBJECTID="102245" OBJECTGUID="ee809515-71cc-434d-aedd-6d3d09eeafd5" CHANGEID="282333" NAME="Арсанова" TYPENAME="ул" LEVEL="8" OPERTYPEID="1" PREVID="0" NEXTID="52190127" UPDATEDATE="2025-10-01" STARTDATE="1900-01-01" ENDDATE="2025-10-01" ISACTUAL="0" ISACTIVE="0" /><OBJECT ID="52190128" OBJECTID="102548" OBJECTGUID="92b7d15c-6187-4241-9118-0989cccffb1e" CHANGEID="689813175" NAME="Альтиева" TYPENAME="ул" LEVEL="8" OPERTYPEID="30" PREVID="122995" NEXTID="0" UPDATEDATE="2025-10-01" STARTDATE="2025-10-01" ENDDATE="2079-06-06" ISACTUAL="1" ISACTIVE="0" /><OBJECT ID="52190129" OBJECTID="102577" OBJECTGUID="12bd34a2-97af-4932-a365-c65512a9fbde" CHANGEID="689813176" NAME="Бакинская" TYPENAME="ул" LEVEL="8" OPERTYPEID="30" PREVID="123028" NEXTID="0" UPDATEDATE="2025-10-01" STARTDATE="2025-10-01" ENDDATE="2079-06-06" ISACTUAL="1" ISACTIVE="0" /><OBJECT ID="52190130" OBJECTID="102933" OBJECTGUID="d2901d94-668c-4b98-aefb-9e51a5adccfe" CHANGEID="689813177" NAME="Алагирская" TYPENAME="ул" LEVEL="8" OPERTYPEID="30" PREVID="123447" NEXTID="0" UPDATEDATE="2025-10-01" STARTDATE="2025-10-01" ENDDATE="2079-06-06" ISACTUAL="1" ISACTIVE="0" /><OBJECT ID="52190131" OBJECTID="102990" OBJECTGUID="18081443-1ecf-4c52-a666-a80b7c25373e" CHANGEID="689813178" NAME="Ахмедова" TYPENAME="ул" LEVEL="8" OPERTYPEID="30" PREVID="123508" NEXTID="0" UPDATEDATE="2025-10-01" STARTDATE="2025-10-01" ENDDATE="2079-06-06" ISACTUAL="1" ISACTIVE="0" /><OBJECT ID="52190132" OBJECTID="103413" OBJECTGUID="1138ffb4-1309-4bbf-904c-28b9ff69900a" CHANGEID="689813179" NAME="Пушкина" TYPENAME="ул" LEVEL="8" OPERTYPEID="30" PREVID="124032" NEXTID="0" UPDATEDATE="2025-10-01" STARTDATE="2025-10-01" ENDDATE="2079-06-06" ISACTUAL="1" ISACTIVE="0" /><OBJECT ID="52190133" OBJECTID="103421" OBJECTGUID="7c59aca1-e2aa-4246-aa2d-47d8d5012822" CHANGEID="689813180" NAME="Речная" TYPENAME="ул" LEVEL="8" OPERTYPEID="30" PREVID="124041" NEXTID="0" UPDATEDATE="2025-10-01" STARTDATE="2025-10-01" ENDDATE="2079-06-06" ISACTUAL="1" ISACTIVE="0" /><OBJECT ID="52190134" OBJECTID="103424" OBJECTGUID="462263fe-5fe3-497f-969e-438ef22e2d2f" CHANGEID="689813181" NAME="Пугачева" TYPENAME="ул" LEVEL="8" OPERTYPEID="30" PREVID="124044" NEXTID="0" UPDATEDATE="2025-10-01" STARTDATE="2025-10-01" ENDDATE="2079-06-06" ISACTUAL="1" ISACTIVE="0" /><OBJECT ID="52190135" OBJECTID="103936" OBJECTGUID="eeef38c0-3b5a-4a8a-8dea-2e3b83f9a38a" CHANGEID="689813182" NAME="Айтматова" TYPENAME="ул" LEVEL="8" OPERTYPEID="30" PREVID="124702" NEXTID="0" UPDATEDATE="2025-10-01" STARTDATE="2025-10-01" ENDDATE="2079-06-06" ISACTUAL="1" ISACTIVE="0" /><OBJECT ID="52190136" OBJECTID="104033" OBJECTGUID="8e57699e-fc1c-44e0-b02b-e6e467584931" CHANGEID="689813183" NAME="СМУ" TYPENAME="ул" LEVEL="8" OPERTYPEID="30" PREVID="124825" NEXTID="0" UPDATEDATE="2025-10-01" STARTDATE="2025-10-01" ENDDATE="2079-06-06" ISACTUAL="1" ISACTIVE="0" /><OBJECT ID="124825" OBJECTID="104033" OBJECTGUID="8e57699e-fc1c-44e0-b02b-e6e467584931" CHANGEID="286028" NAME="СМУ" TYPENAME="ул" LEVEL="8" OPERTYPEID="1" PREVID="0" NEXTID="52190136" UPDATEDATE="2025-10-01" STARTDATE="1900-01-01" ENDDATE="2025-10-01" ISACTUAL="0" ISACTIVE="0" /><OBJECT ID="52190137" OBJECTID="104105" OBJECTGUID="e51e44c1-dcfe-4727-aa0a-0744d85f4397" CHANGEID="689813184" NAME="Базарная" TYPENAME="ул" LEVEL="8" OPERTYPEID="30" PREVID="124917" NEXTID="0" UPDATEDATE="2025-10-01" STARTDATE="2025-10-01" ENDDATE="2079-06-06" ISACTUAL="1" ISACTIVE="0" /><OBJECT ID="52190138" OBJECTID="104168" OBJECTGUID="25a26da3-ed36-4930-b64f-8fb4c5f143c9" CHANGEID="689813185" NAME="Сагова" TYPENAME="ул" LEVEL="8" OPERTYPEID="30" PREVID="124992" NEXTID="0" UPDATEDATE="2025-10-01" STARTDATE="2025-10-01" ENDDATE="2079-06-06" ISACTUAL="1" ISACTIVE="0" /><OBJECT ID="52190139" OBJECTID="104187" OBJECTGUID="70a1b051-aa4e-4283-a4ab-877ff2120c40" CHANGEID="689813186" NAME="Ягодная" TYPENAME="ул" LEVEL="8" OPERTYPEID="30" PREVID="125018" NEXTID="0" UPDATEDATE="2025-10-01" STARTDATE="2025-10-01" ENDDATE="2079-06-06" ISACTUAL="1" ISACTIVE="0" /></ADDRESSOBJECTS>