﻿<?xml version="1.0" encoding="utf-8"?><ADDRESSOBJECTS><OBJECT ID="1820423" OBJECTID="95248526" OBJECTGUID="abc6d650-4865-43c0-9c8c-8daa1cf8fd1a" CHANGEID="138205043" NAME="Рыбушанское" TYPENAME="с.п." LEVEL="4" OPERTYPEID="0" PREVID="0" NEXTID="52189953" UPDATEDATE="2025-10-01" STARTDATE="2011-01-01" ENDDATE="2025-10-01" ISACTUAL="0" ISACTIVE="0" /><OBJECT ID="1820415" OBJECTID="95248518" OBJECTGUID="dcee83b7-467d-4d4a-be98-37f18d3e69ac" CHANGEID="138205035" NAME="Краснооктябрьское" TYPENAME="г.п." LEVEL="4" OPERTYPEID="0" PREVID="0" NEXTID="52189945" UPDATEDATE="2025-10-01" STARTDATE="2011-01-01" ENDDATE="2025-10-01" ISACTUAL="0" ISACTIVE="0" /><OBJECT ID="1820520" OBJECTID="95248623" OBJECTGUID="6fd8bd57-a7b3-40d2-95e6-f5fa4c119a4f" CHANGEID="138205140" NAME="Никольское" TYPENAME="с.п." LEVEL="4" OPERTYPEID="0" PREVID="0" NEXTID="52189961" UPDATEDATE="2025-10-01" STARTDATE="2011-01-01" ENDDATE="2025-10-01" ISACTUAL="0" ISACTIVE="0" /><OBJECT ID="1820639" OBJECTID="95248742" OBJECTGUID="3e1d77fb-8fbc-4727-bb11-359c9f6e0115" CHANGEID="138205259" NAME="Бессоновское" TYPENAME="с.п." LEVEL="4" OPERTYPEID="0" PREVID="0" NEXTID="52189939" UPDATEDATE="2025-10-01" STARTDATE="2011-01-01" ENDDATE="2025-10-01" ISACTUAL="0" ISACTIVE="0" /><OBJECT ID="1820641" OBJECTID="95248744" OBJECTGUID="cc04a7c9-dd84-422a-b139-3807c095fea9" CHANGEID="138205261" NAME="Дмитриевское" TYPENAME="с.п." LEVEL="4" OPERTYPEID="0" PREVID="0" NEXTID="52189940" UPDATEDATE="2025-10-01" STARTDATE="2011-01-01" ENDDATE="2025-10-01" ISACTUAL="0" ISACTIVE="0" /><OBJECT ID="1820687" OBJECTID="95248790" OBJECTGUID="f68fa9c2-1108-4d1b-b588-236c2a67ef04" CHANGEID="138205307" NAME="Бобылевское" TYPENAME="с.п." LEVEL="4" OPERTYPEID="0" PREVID="0" NEXTID="52189943" UPDATEDATE="2025-10-01" STARTDATE="2011-01-01" ENDDATE="2025-10-01" ISACTUAL="0" ISACTIVE="0" /><OBJECT ID="1449526" OBJECTID="1170247" OBJECTGUID="9d05ba0c-e293-4956-8c67-db51ef92eaac" CHANGEID="3217416" NAME="С.Разина" TYPENAME="ул" LEVEL="8" OPERTYPEID="1" PREVID="1449482" NEXTID="52189674" UPDATEDATE="2025-09-30" STARTDATE="1900-01-01" ENDDATE="2025-09-30" ISACTUAL="0" ISACTIVE="0" /><OBJECT ID="1451846" OBJECTID="1172218" OBJECTGUID="5ad5dcea-6d73-4ed9-a471-c58b8467544c" CHANGEID="3223570" NAME="К.Маркса" TYPENAME="ул" LEVEL="8" OPERTYPEID="1" PREVID="1451801" NEXTID="52189664" UPDATEDATE="2025-09-30" STARTDATE="1900-01-01" ENDDATE="2025-09-30" ISACTUAL="0" ISACTIVE="0" /><OBJECT ID="1451256" OBJECTID="1171708" OBJECTGUID="0f3aefc3-230a-473c-8e05-11494f698247" CHANGEID="3221965" NAME="Л.Шмидта" TYPENAME="ул" LEVEL="8" OPERTYPEID="1" PREVID="1451210" NEXTID="52189672" UPDATEDATE="2025-09-30" STARTDATE="1900-01-01" ENDDATE="2025-09-30" ISACTUAL="0" ISACTIVE="0" /><OBJECT ID="1463090" OBJECTID="1182216" OBJECTGUID="8aceae0e-513c-481e-ae19-4fac27ca0d96" CHANGEID="3252829" NAME="К.Либкнехта" TYPENAME="ул" LEVEL="8" OPERTYPEID="1" PREVID="1463058" NEXTID="52189663" UPDATEDATE="2025-09-30" STARTDATE="1900-01-01" ENDDATE="2025-09-30" ISACTUAL="0" ISACTIVE="0" /><OBJECT ID="1462352" OBJECTID="1181629" OBJECTGUID="626444e2-3bd1-4214-ad92-6150ec6895e7" CHANGEID="3251199" NAME="М.Горького" TYPENAME="пер" LEVEL="8" OPERTYPEID="1" PREVID="0" NEXTID="52189660" UPDATEDATE="2025-09-30" STARTDATE="1900-01-01" ENDDATE="2025-09-30" ISACTUAL="0" ISACTIVE="0" /><OBJECT ID="52189487" OBJECTID="174938756" OBJECTGUID="2786daa5-0fba-46ea-a3e4-9108ac4999ed" CHANGEID="689687303" NAME="Сосновка" TYPENAME="тер." LEVEL="7" OPERTYPEID="10" PREVID="0" NEXTID="0" UPDATEDATE="2025-09-29" STARTDATE="2025-09-29" ENDDATE="2079-06-06" ISACTUAL="1" ISACTIVE="1" /><OBJECT ID="52189660" OBJECTID="1181629" OBJECTGUID="626444e2-3bd1-4214-ad92-6150ec6895e7" CHANGEID="689723197" NAME="Максима Горького" TYPENAME="пер." LEVEL="8" OPERTYPEID="20" PREVID="1462352" UPDATEDATE="2025-09-30" STARTDATE="2025-09-30" ENDDATE="2079-06-06" ISACTUAL="1" ISACTIVE="1" /><OBJECT ID="1460799" OBJECTID="1180206" OBJECTGUID="5efb954a-c023-4df3-b2fb-652bf0c13bd8" CHANGEID="3247528" NAME="М.Горького" TYPENAME="ул" LEVEL="8" OPERTYPEID="1" PREVID="1460727" NEXTID="52189661" UPDATEDATE="2025-09-30" STARTDATE="1900-01-01" ENDDATE="2025-09-30" ISACTUAL="0" ISACTIVE="0" /><OBJECT ID="52189661" OBJECTID="1180206" OBJECTGUID="5efb954a-c023-4df3-b2fb-652bf0c13bd8" CHANGEID="689723208" NAME="Максима Горького" TYPENAME="ул." LEVEL="8" OPERTYPEID="20" PREVID="1460799" UPDATEDATE="2025-09-30" STARTDATE="2025-09-30" ENDDATE="2079-06-06" ISACTUAL="1" ISACTIVE="1" /><OBJECT ID="1459081" OBJECTID="1178689" OBJECTGUID="781d0116-1602-4898-9653-db66fd0f90a4" CHANGEID="3243286" NAME="З.Космодемьянской" TYPENAME="ул" LEVEL="8" OPERTYPEID="1" PREVID="1459035" NEXTID="52189662" UPDATEDATE="2025-09-30" STARTDATE="1900-01-01" ENDDATE="2025-09-30" ISACTUAL="0" ISACTIVE="0" /><OBJECT ID="52189662" OBJECTID="1178689" OBJECTGUID="781d0116-1602-4898-9653-db66fd0f90a4" CHANGEID="689723232" NAME="Зои Космодемьянской" TYPENAME="ул." LEVEL="8" OPERTYPEID="20" PREVID="1459081" UPDATEDATE="2025-09-30" STARTDATE="2025-09-30" ENDDATE="2079-06-06" ISACTUAL="1" ISACTIVE="1" /><OBJECT ID="52189663" OBJECTID="1182216" OBJECTGUID="8aceae0e-513c-481e-ae19-4fac27ca0d96" CHANGEID="689723295" NAME="Карла Либкнехта" TYPENAME="ул." LEVEL="8" OPERTYPEID="20" PREVID="1463090" UPDATEDATE="2025-09-30" STARTDATE="2025-09-30" ENDDATE="2079-06-06" ISACTUAL="1" ISACTIVE="1" /><OBJECT ID="52189664" OBJECTID="1172218" OBJECTGUID="5ad5dcea-6d73-4ed9-a471-c58b8467544c" CHANGEID="689723314" NAME="Карла Маркса" TYPENAME="ул." LEVEL="8" OPERTYPEID="20" PREVID="1451846" UPDATEDATE="2025-09-30" STARTDATE="2025-09-30" ENDDATE="2079-06-06" ISACTUAL="1" ISACTIVE="1" /><OBJECT ID="1451921" OBJECTID="1172316" OBJECTGUID="f608276a-9476-483b-a1be-dc367df54d28" CHANGEID="3223847" NAME="К.Шилина" TYPENAME="ул" LEVEL="8" OPERTYPEID="1" PREVID="1451911" NEXTID="52189665" UPDATEDATE="2025-09-30" STARTDATE="1900-01-01" ENDDATE="2025-09-30" ISACTUAL="0" ISACTIVE="0" /><OBJECT ID="52189665" OBJECTID="1172316" OBJECTGUID="f608276a-9476-483b-a1be-dc367df54d28" CHANGEID="689723326" NAME="Комбрига Шилина" TYPENAME="ул." LEVEL="8" OPERTYPEID="20" PREVID="1451921" UPDATEDATE="2025-09-30" STARTDATE="2025-09-30" ENDDATE="2079-06-06" ISACTUAL="1" ISACTIVE="1" /><OBJECT ID="52189674" OBJECTID="1170247" OBJECTGUID="9d05ba0c-e293-4956-8c67-db51ef92eaac" CHANGEID="689723481" NAME="Степана Разина" TYPENAME="ул." LEVEL="8" OPERTYPEID="20" PREVID="1449526" UPDATEDATE="2025-09-30" STARTDATE="2025-09-30" ENDDATE="2079-06-06" ISACTUAL="1" ISACTIVE="1" /><OBJECT ID="52189672" OBJECTID="1171708" OBJECTGUID="0f3aefc3-230a-473c-8e05-11494f698247" CHANGEID="689723415" NAME="Лейтенанта Шмидта" TYPENAME="ул." LEVEL="8" OPERTYPEID="20" PREVID="1451256" UPDATEDATE="2025-09-30" STARTDATE="2025-09-30" ENDDATE="2079-06-06" ISACTUAL="1" ISACTIVE="1" /><OBJECT ID="52189939" OBJECTID="95248742" OBJECTGUID="3e1d77fb-8fbc-4727-bb11-359c9f6e0115" CHANGEID="689793384" NAME="Бессоновское" TYPENAME="с.п." LEVEL="4" OPERTYPEID="30" PREVID="1820639" NEXTID="0" UPDATEDATE="2025-10-01" STARTDATE="2025-10-01" ENDDATE="2079-06-06" ISACTUAL="1" ISACTIVE="0" /><OBJECT ID="52189940" OBJECTID="95248744" OBJECTGUID="cc04a7c9-dd84-422a-b139-3807c095fea9" CHANGEID="689793385" NAME="Дмитриевское" TYPENAME="с.п." LEVEL="4" OPERTYPEID="30" PREVID="1820641" NEXTID="0" UPDATEDATE="2025-10-01" STARTDATE="2025-10-01" ENDDATE="2079-06-06" ISACTUAL="1" ISACTIVE="0" /><OBJECT ID="52189941" OBJECTID="95248707" OBJECTGUID="02486875-805d-461d-81d0-69503c2c7931" CHANGEID="689793474" NAME="Агафоновское" TYPENAME="с.п." LEVEL="4" OPERTYPEID="30" PREVID="1820604" NEXTID="0" UPDATEDATE="2025-10-01" STARTDATE="2025-10-01" ENDDATE="2079-06-06" ISACTUAL="1" ISACTIVE="0" /><OBJECT ID="1820604" OBJECTID="95248707" OBJECTGUID="02486875-805d-461d-81d0-69503c2c7931" CHANGEID="138205224" NAME="Агафоновское" TYPENAME="с.п." LEVEL="4" OPERTYPEID="0" PREVID="0" NEXTID="52189941" UPDATEDATE="2025-10-01" STARTDATE="2011-01-01" ENDDATE="2025-10-01" ISACTUAL="0" ISACTIVE="0" /><OBJECT ID="52189942" OBJECTID="95248713" OBJECTGUID="6c009048-0f18-4502-b5f8-111e7b9e513c" CHANGEID="689793475" NAME="Орошаемое" TYPENAME="с.п." LEVEL="4" OPERTYPEID="30" PREVID="1820610" NEXTID="0" UPDATEDATE="2025-10-01" STARTDATE="2025-10-01" ENDDATE="2079-06-06" ISACTUAL="1" ISACTIVE="0" /><OBJECT ID="1820610" OBJECTID="95248713" OBJECTGUID="6c009048-0f18-4502-b5f8-111e7b9e513c" CHANGEID="138205230" NAME="Орошаемое" TYPENAME="с.п." LEVEL="4" OPERTYPEID="0" PREVID="0" NEXTID="52189942" UPDATEDATE="2025-10-01" STARTDATE="2011-01-01" ENDDATE="2025-10-01" ISACTUAL="0" ISACTIVE="0" /><OBJECT ID="52189943" OBJECTID="95248790" OBJECTGUID="f68fa9c2-1108-4d1b-b588-236c2a67ef04" CHANGEID="689793594" NAME="Бобылевское" TYPENAME="с.п." LEVEL="4" OPERTYPEID="30" PREVID="1820687" NEXTID="0" UPDATEDATE="2025-10-01" STARTDATE="2025-10-01" ENDDATE="2079-06-06" ISACTUAL="1" ISACTIVE="0" /><OBJECT ID="52189945" OBJECTID="95248518" OBJECTGUID="dcee83b7-467d-4d4a-be98-37f18d3e69ac" CHANGEID="689793669" NAME="Краснооктябрьское" TYPENAME="г.п." LEVEL="4" OPERTYPEID="30" PREVID="1820415" NEXTID="0" UPDATEDATE="2025-10-01" STARTDATE="2025-10-01" ENDDATE="2079-06-06" ISACTUAL="1" ISACTIVE="0" /><OBJECT ID="52189946" OBJECTID="95248520" OBJECTGUID="47af6bc8-8f26-43cb-9825-37c8cd3402cd" CHANGEID="689793670" NAME="Александровское" TYPENAME="с.п." LEVEL="4" OPERTYPEID="30" PREVID="1820417" NEXTID="0" UPDATEDATE="2025-10-01" STARTDATE="2025-10-01" ENDDATE="2079-06-06" ISACTUAL="1" ISACTIVE="0" /><OBJECT ID="1820417" OBJECTID="95248520" OBJECTGUID="47af6bc8-8f26-43cb-9825-37c8cd3402cd" CHANGEID="138205037" NAME="Александровское" TYPENAME="с.п." LEVEL="4" OPERTYPEID="0" PREVID="0" NEXTID="52189946" UPDATEDATE="2025-10-01" STARTDATE="2011-01-01" ENDDATE="2025-10-01" ISACTUAL="0" ISACTIVE="0" /><OBJECT ID="52189947" OBJECTID="95248525" OBJECTGUID="0621cc27-af89-48b0-89f8-dcadf207a581" CHANGEID="689793671" NAME="Расковское" TYPENAME="с.п." LEVEL="4" OPERTYPEID="30" PREVID="1820422" NEXTID="0" UPDATEDATE="2025-10-01" STARTDATE="2025-10-01" ENDDATE="2079-06-06" ISACTUAL="1" ISACTIVE="0" /><OBJECT ID="1820422" OBJECTID="95248525" OBJECTGUID="0621cc27-af89-48b0-89f8-dcadf207a581" CHANGEID="138205042" NAME="Расковское" TYPENAME="с.п." LEVEL="4" OPERTYPEID="0" PREVID="0" NEXTID="52189947" UPDATEDATE="2025-10-01" STARTDATE="2011-01-01" ENDDATE="2025-10-01" ISACTUAL="0" ISACTIVE="0" /><OBJECT ID="52189948" OBJECTID="95248522" OBJECTGUID="3ad634bb-1823-44df-adaf-a332370a2536" CHANGEID="689793672" NAME="Вольновское" TYPENAME="с.п." LEVEL="4" OPERTYPEID="30" PREVID="1820419" NEXTID="0" UPDATEDATE="2025-10-01" STARTDATE="2025-10-01" ENDDATE="2079-06-06" ISACTUAL="1" ISACTIVE="0" /><OBJECT ID="1820419" OBJECTID="95248522" OBJECTGUID="3ad634bb-1823-44df-adaf-a332370a2536" CHANGEID="138205039" NAME="Вольновское" TYPENAME="с.п." LEVEL="4" OPERTYPEID="0" PREVID="0" NEXTID="52189948" UPDATEDATE="2025-10-01" STARTDATE="2011-01-01" ENDDATE="2025-10-01" ISACTUAL="0" ISACTIVE="0" /><OBJECT ID="52189949" OBJECTID="95248524" OBJECTGUID="db121028-1dce-460d-b5e1-6157352c7b85" CHANGEID="689793673" NAME="Михайловское" TYPENAME="с.п." LEVEL="4" OPERTYPEID="30" PREVID="1820421" NEXTID="0" UPDATEDATE="2025-10-01" STARTDATE="2025-10-01" ENDDATE="2079-06-06" ISACTUAL="1" ISACTIVE="0" /><OBJECT ID="1820421" OBJECTID="95248524" OBJECTGUID="db121028-1dce-460d-b5e1-6157352c7b85" CHANGEID="138205041" NAME="Михайловское" TYPENAME="с.п." LEVEL="4" OPERTYPEID="0" PREVID="0" NEXTID="52189949" UPDATEDATE="2025-10-01" STARTDATE="2011-01-01" ENDDATE="2025-10-01" ISACTUAL="0" ISACTIVE="0" /><OBJECT ID="52189951" OBJECTID="95248519" OBJECTGUID="bec2811e-dfd8-4758-bac9-9a79df53ba47" CHANGEID="689793709" NAME="Красный Текстильщик" TYPENAME="с.п." LEVEL="4" OPERTYPEID="30" PREVID="1820416" NEXTID="0" UPDATEDATE="2025-10-01" STARTDATE="2025-10-01" ENDDATE="2079-06-06" ISACTUAL="1" ISACTIVE="0" /><OBJECT ID="1820416" OBJECTID="95248519" OBJECTGUID="bec2811e-dfd8-4758-bac9-9a79df53ba47" CHANGEID="138205036" NAME="Красный Текстильщик" TYPENAME="с.п." LEVEL="4" OPERTYPEID="0" PREVID="0" NEXTID="52189951" UPDATEDATE="2025-10-01" STARTDATE="2011-01-01" ENDDATE="2025-10-01" ISACTUAL="0" ISACTIVE="0" /><OBJECT ID="52189952" OBJECTID="95248521" OBJECTGUID="d1ff8e38-d254-4dc2-833b-624f2f808e3c" CHANGEID="689793710" NAME="Багаевское" TYPENAME="с.п." LEVEL="4" OPERTYPEID="30" PREVID="1820418" NEXTID="0" UPDATEDATE="2025-10-01" STARTDATE="2025-10-01" ENDDATE="2079-06-06" ISACTUAL="1" ISACTIVE="0" /><OBJECT ID="1820418" OBJECTID="95248521" OBJECTGUID="d1ff8e38-d254-4dc2-833b-624f2f808e3c" CHANGEID="138205038" NAME="Багаевское" TYPENAME="с.п." LEVEL="4" OPERTYPEID="0" PREVID="0" NEXTID="52189952" UPDATEDATE="2025-10-01" STARTDATE="2011-01-01" ENDDATE="2025-10-01" ISACTUAL="0" ISACTIVE="0" /><OBJECT ID="52189953" OBJECTID="95248526" OBJECTGUID="abc6d650-4865-43c0-9c8c-8daa1cf8fd1a" CHANGEID="689793740" NAME="Рыбушанское" TYPENAME="с.п." LEVEL="4" OPERTYPEID="30" PREVID="1820423" NEXTID="0" UPDATEDATE="2025-10-01" STARTDATE="2025-10-01" ENDDATE="2079-06-06" ISACTUAL="1" ISACTIVE="0" /><OBJECT ID="52189959" OBJECTID="95248618" OBJECTGUID="77417004-3ade-42a5-95fb-fbbd7c92906e" CHANGEID="689793766" NAME="Борисоглебовское" TYPENAME="с.п." LEVEL="4" OPERTYPEID="30" PREVID="1820515" NEXTID="0" UPDATEDATE="2025-10-01" STARTDATE="2025-10-01" ENDDATE="2079-06-06" ISACTUAL="1" ISACTIVE="0" /><OBJECT ID="1820515" OBJECTID="95248618" OBJECTGUID="77417004-3ade-42a5-95fb-fbbd7c92906e" CHANGEID="138205135" NAME="Борисоглебовское" TYPENAME="с.п." LEVEL="4" OPERTYPEID="0" PREVID="0" NEXTID="52189959" UPDATEDATE="2025-10-01" STARTDATE="2011-01-01" ENDDATE="2025-10-01" ISACTUAL="0" ISACTIVE="0" /><OBJECT ID="52189960" OBJECTID="95248617" OBJECTGUID="a26397c6-b0e7-4e69-93cb-260b1e645001" CHANGEID="689793802" NAME="Мунинское" TYPENAME="с.п." LEVEL="4" OPERTYPEID="30" PREVID="1820514" NEXTID="0" UPDATEDATE="2025-10-01" STARTDATE="2025-10-01" ENDDATE="2079-06-06" ISACTUAL="1" ISACTIVE="0" /><OBJECT ID="1820514" OBJECTID="95248617" OBJECTGUID="a26397c6-b0e7-4e69-93cb-260b1e645001" CHANGEID="138205134" NAME="Мунинское" TYPENAME="с.п." LEVEL="4" OPERTYPEID="0" PREVID="0" NEXTID="52189960" UPDATEDATE="2025-10-01" STARTDATE="2011-01-01" ENDDATE="2025-10-01" ISACTUAL="0" ISACTIVE="0" /><OBJECT ID="52189961" OBJECTID="95248623" OBJECTGUID="6fd8bd57-a7b3-40d2-95e6-f5fa4c119a4f" CHANGEID="689793803" NAME="Никольское" TYPENAME="с.п." LEVEL="4" OPERTYPEID="30" PREVID="1820520" NEXTID="0" UPDATEDATE="2025-10-01" STARTDATE="2025-10-01" ENDDATE="2079-06-06" ISACTUAL="1" ISACTIVE="0" /></ADDRESSOBJECTS>