﻿<?xml version="1.0" encoding="utf-8"?><HOUSES><HOUSE ID="59582691" OBJECTID="31982294" OBJECTGUID="73c89651-ad3a-42db-a0d9-1b024200051d" CHANGEID="48859718" HOUSENUM="8" HOUSETYPE="2" OPERTYPEID="20" PREVID="18993871" NEXTID="129177448" UPDATEDATE="2025-09-30" STARTDATE="2014-01-10" ENDDATE="2025-09-30" ISACTUAL="0" ISACTIVE="0" /><HOUSE ID="31572295" OBJECTID="52857957" OBJECTGUID="50752547-6317-4bfb-b51d-75f662fdf78d" CHANGEID="79162610" HOUSENUM="13" HOUSETYPE="2" OPERTYPEID="10" PREVID="0" NEXTID="129184080" UPDATEDATE="2025-10-01" STARTDATE="2018-07-09" ENDDATE="2025-10-01" ISACTUAL="0" ISACTIVE="0" /><HOUSE ID="31571657" OBJECTID="52856943" OBJECTGUID="b09aa3e0-2fae-4b2a-8f34-2500114169fb" CHANGEID="79161140" HOUSENUM="3" HOUSETYPE="2" OPERTYPEID="10" PREVID="0" NEXTID="129184083" UPDATEDATE="2025-10-01" STARTDATE="2018-07-09" ENDDATE="2025-10-01" ISACTUAL="0" ISACTIVE="0" /><HOUSE ID="31571768" OBJECTID="52857099" OBJECTGUID="2930e12b-a9da-4e0d-b445-4526ffbe9e02" CHANGEID="79161441" HOUSENUM="5" HOUSETYPE="2" OPERTYPEID="10" PREVID="0" NEXTID="129184084" UPDATEDATE="2025-10-01" STARTDATE="2018-07-09" ENDDATE="2025-10-01" ISACTUAL="0" ISACTIVE="0" /><HOUSE ID="31573698" OBJECTID="52860391" OBJECTGUID="322134e6-c278-44f2-be36-9fe302e83372" CHANGEID="79166124" HOUSENUM="2" HOUSETYPE="2" OPERTYPEID="10" PREVID="0" NEXTID="129184081" UPDATEDATE="2025-10-01" STARTDATE="2018-07-19" ENDDATE="2025-10-01" ISACTUAL="0" ISACTIVE="0" /><HOUSE ID="31572749" OBJECTID="52858740" OBJECTGUID="dd91228d-288c-49e0-8c69-aa4a9149ca4c" CHANGEID="79163773" HOUSENUM="8" HOUSETYPE="2" OPERTYPEID="10" PREVID="0" NEXTID="129184085" UPDATEDATE="2025-10-01" STARTDATE="2018-07-09" ENDDATE="2025-10-01" ISACTUAL="0" ISACTIVE="0" /><HOUSE ID="38429111" OBJECTID="63896218" OBJECTGUID="17fbefa5-298e-4c11-9c0f-269a6a0d52c0" CHANGEID="95337966" HOUSENUM="23" HOUSETYPE="2" OPERTYPEID="10" PREVID="0" NEXTID="129184093" UPDATEDATE="2025-10-01" STARTDATE="1900-01-01" ENDDATE="2025-10-01" ISACTUAL="0" ISACTIVE="0" /><HOUSE ID="43245126" OBJECTID="71680725" OBJECTGUID="f1bfba28-fd76-4750-92e0-dfaedd4bc2c7" CHANGEID="106762646" HOUSENUM="1" HOUSETYPE="2" OPERTYPEID="10" PREVID="0" NEXTID="129178447" UPDATEDATE="2025-09-30" STARTDATE="1900-01-01" ENDDATE="2025-09-30" ISACTUAL="0" ISACTIVE="0" /><HOUSE ID="127794052" OBJECTID="170051761" OBJECTGUID="a445054c-ce6b-4432-aaca-8f7b12b09802" CHANGEID="638415792" HOUSENUM="19" HOUSETYPE="2" OPERTYPEID="10" PREVID="0" NEXTID="129176546" UPDATEDATE="2025-09-30" STARTDATE="2025-02-06" ENDDATE="2025-09-30" ISACTUAL="0" ISACTIVE="0" /><HOUSE ID="129119536" OBJECTID="174766373" OBJECTGUID="e2cb5692-e271-4289-a313-681a633f8276" CHANGEID="689275859" HOUSENUM="4д" HOUSETYPE="5" OPERTYPEID="10" PREVID="0" NEXTID="129164702" UPDATEDATE="2025-09-29" STARTDATE="2025-09-22" ENDDATE="2025-09-29" ISACTUAL="0" ISACTIVE="0" /><HOUSE ID="129119546" OBJECTID="174766514" OBJECTGUID="f8a679d9-25bc-4345-8820-6a98595fe958" CHANGEID="689276028" HOUSENUM="4е" HOUSETYPE="5" OPERTYPEID="10" PREVID="0" NEXTID="129164704" UPDATEDATE="2025-09-29" STARTDATE="2025-09-22" ENDDATE="2025-09-29" ISACTUAL="0" ISACTIVE="0" /><HOUSE ID="129164636" OBJECTID="174911312" OBJECTGUID="7b671ec8-b9e2-4758-8dbd-2b2d9c09ca06" CHANGEID="689628148" HOUSENUM="26/1" HOUSETYPE="5" OPERTYPEID="10" PREVID="0" NEXTID="0" UPDATEDATE="2025-09-29" STARTDATE="2025-09-29" ENDDATE="2079-06-06" ISACTUAL="1" ISACTIVE="1" /><HOUSE ID="129164685" OBJECTID="174911435" OBJECTGUID="b9f2159e-a4e2-49e3-90fe-582b9e1a8fc7" CHANGEID="689628408" HOUSENUM="37А" HOUSETYPE="5" OPERTYPEID="10" PREVID="0" NEXTID="0" UPDATEDATE="2025-09-29" STARTDATE="2025-09-29" ENDDATE="2079-06-06" ISACTUAL="1" ISACTIVE="1" /><HOUSE ID="129164674" OBJECTID="174911392" OBJECTGUID="3f0e5bc3-117c-4b2d-aff0-0c94da3d4724" CHANGEID="689628361" HOUSENUM="Б10" HOUSETYPE="5" OPERTYPEID="10" PREVID="0" NEXTID="0" UPDATEDATE="2025-09-29" STARTDATE="2025-09-29" ENDDATE="2079-06-06" ISACTUAL="1" ISACTIVE="1" /><HOUSE ID="129164704" OBJECTID="174766514" OBJECTGUID="f8a679d9-25bc-4345-8820-6a98595fe958" CHANGEID="689628480" HOUSENUM="4е" HOUSETYPE="5" OPERTYPEID="30" PREVID="129119546" NEXTID="0" UPDATEDATE="2025-09-29" STARTDATE="2025-09-29" ENDDATE="2079-06-06" ISACTUAL="1" ISACTIVE="0" /><HOUSE ID="129164702" OBJECTID="174766373" OBJECTGUID="e2cb5692-e271-4289-a313-681a633f8276" CHANGEID="689628475" HOUSENUM="4д" HOUSETYPE="5" OPERTYPEID="30" PREVID="129119536" NEXTID="0" UPDATEDATE="2025-09-29" STARTDATE="2025-09-29" ENDDATE="2079-06-06" ISACTUAL="1" ISACTIVE="0" /><HOUSE ID="129165686" OBJECTID="174914174" OBJECTGUID="7e5b8ac4-de7f-4bf6-a4ae-2d05a44aa625" CHANGEID="689634991" HOUSENUM="31в" HOUSETYPE="7" OPERTYPEID="10" PREVID="0" NEXTID="0" UPDATEDATE="2025-09-29" STARTDATE="2025-09-29" ENDDATE="2079-06-06" ISACTUAL="1" ISACTIVE="1" /><HOUSE ID="129165934" OBJECTID="174915130" OBJECTGUID="464d98ea-b0ad-4ec9-b338-aa789488f333" CHANGEID="689636878" HOUSENUM="К4д" HOUSETYPE="5" OPERTYPEID="10" PREVID="0" NEXTID="0" UPDATEDATE="2025-09-29" STARTDATE="2025-09-29" ENDDATE="2079-06-06" ISACTUAL="1" ISACTIVE="1" /><HOUSE ID="129165936" OBJECTID="174915132" OBJECTGUID="081294f0-e57d-4ede-adf3-ae003fe74852" CHANGEID="689636881" HOUSENUM="К4е" HOUSETYPE="5" OPERTYPEID="10" PREVID="0" NEXTID="0" UPDATEDATE="2025-09-29" STARTDATE="2025-09-29" ENDDATE="2079-06-06" ISACTUAL="1" ISACTIVE="1" /><HOUSE ID="129166424" OBJECTID="174917375" OBJECTGUID="bf5cdab8-2551-4938-baa4-09152381a172" CHANGEID="689640762" HOUSENUM="284/75" HOUSETYPE="5" OPERTYPEID="10" PREVID="0" NEXTID="0" UPDATEDATE="2025-09-29" STARTDATE="2025-09-29" ENDDATE="2079-06-06" ISACTUAL="1" ISACTIVE="1" /><HOUSE ID="129166425" OBJECTID="174917376" OBJECTGUID="7868ae82-54ee-4c3e-8b22-d2d6bcee951a" CHANGEID="689640763" HOUSENUM="164/90" HOUSETYPE="5" OPERTYPEID="10" PREVID="0" NEXTID="0" UPDATEDATE="2025-09-29" STARTDATE="2025-09-29" ENDDATE="2079-06-06" ISACTUAL="1" ISACTIVE="1" /><HOUSE ID="129166426" OBJECTID="174917377" OBJECTGUID="d82c2840-11d8-4c39-a4eb-9a728c6ff571" CHANGEID="689640764" HOUSENUM="313/19" HOUSETYPE="5" OPERTYPEID="10" PREVID="0" NEXTID="0" UPDATEDATE="2025-09-29" STARTDATE="2025-09-29" ENDDATE="2079-06-06" ISACTUAL="1" ISACTIVE="1" /><HOUSE ID="129166427" OBJECTID="174917378" OBJECTGUID="db2f967b-87c2-47df-9bd6-e85034ac2892" CHANGEID="689640765" HOUSENUM="159/24" HOUSETYPE="5" OPERTYPEID="10" PREVID="0" NEXTID="0" UPDATEDATE="2025-09-29" STARTDATE="2025-09-29" ENDDATE="2079-06-06" ISACTUAL="1" ISACTIVE="1" /><HOUSE ID="129166428" OBJECTID="174917379" OBJECTGUID="089599ce-446d-478b-bd3d-4e4bb9274437" CHANGEID="689640766" HOUSENUM="282/12" HOUSETYPE="5" OPERTYPEID="10" PREVID="0" NEXTID="0" UPDATEDATE="2025-09-29" STARTDATE="2025-09-29" ENDDATE="2079-06-06" ISACTUAL="1" ISACTIVE="1" /><HOUSE ID="129166429" OBJECTID="174917380" OBJECTGUID="df5ccc96-c6a4-402f-b4d6-0468d6523a18" CHANGEID="689640767" HOUSENUM="294/2" HOUSETYPE="5" OPERTYPEID="10" PREVID="0" NEXTID="0" UPDATEDATE="2025-09-29" STARTDATE="2025-09-29" ENDDATE="2079-06-06" ISACTUAL="1" ISACTIVE="1" /><HOUSE ID="129166430" OBJECTID="174917381" OBJECTGUID="3f12f586-ebb5-4869-90a8-87d66cfc0eb6" CHANGEID="689640768" HOUSENUM="164/55" HOUSETYPE="5" OPERTYPEID="10" PREVID="0" NEXTID="0" UPDATEDATE="2025-09-29" STARTDATE="2025-09-29" ENDDATE="2079-06-06" ISACTUAL="1" ISACTIVE="1" /><HOUSE ID="129166431" OBJECTID="174917382" OBJECTGUID="2638d834-d42e-4959-b971-5c1cade46a7b" CHANGEID="689640769" HOUSENUM="312/8" HOUSETYPE="5" OPERTYPEID="10" PREVID="0" NEXTID="0" UPDATEDATE="2025-09-29" STARTDATE="2025-09-29" ENDDATE="2079-06-06" ISACTUAL="1" ISACTIVE="1" /><HOUSE ID="129166432" OBJECTID="174917383" OBJECTGUID="82d79304-cc1b-4940-a06b-151eb4a2957e" CHANGEID="689640770" HOUSENUM="164/20" HOUSETYPE="5" OPERTYPEID="10" PREVID="0" NEXTID="0" UPDATEDATE="2025-09-29" STARTDATE="2025-09-29" ENDDATE="2079-06-06" ISACTUAL="1" ISACTIVE="1" /><HOUSE ID="129166433" OBJECTID="174917384" OBJECTGUID="9d6c0f8d-5e00-49b8-b41c-67285ac72912" CHANGEID="689640771" HOUSENUM="161/53" HOUSETYPE="5" OPERTYPEID="10" PREVID="0" NEXTID="0" UPDATEDATE="2025-09-29" STARTDATE="2025-09-29" ENDDATE="2079-06-06" ISACTUAL="1" ISACTIVE="1" /><HOUSE ID="129166434" OBJECTID="174917385" OBJECTGUID="2b132785-3c8e-4417-835a-e1e3b88093a3" CHANGEID="689640772" HOUSENUM="162/30" HOUSETYPE="5" OPERTYPEID="10" PREVID="0" NEXTID="0" UPDATEDATE="2025-09-29" STARTDATE="2025-09-29" ENDDATE="2079-06-06" ISACTUAL="1" ISACTIVE="1" /><HOUSE ID="129166435" OBJECTID="174917386" OBJECTGUID="4131ac19-15d8-4157-a20c-f4ae54b6e2c6" CHANGEID="689640773" HOUSENUM="291/6" HOUSETYPE="5" OPERTYPEID="10" PREVID="0" NEXTID="0" UPDATEDATE="2025-09-29" STARTDATE="2025-09-29" ENDDATE="2079-06-06" ISACTUAL="1" ISACTIVE="1" /><HOUSE ID="129166436" OBJECTID="174917387" OBJECTGUID="0a06bd00-9238-4609-a1b2-ca289e04d5b0" CHANGEID="689640774" HOUSENUM="164/49" HOUSETYPE="5" OPERTYPEID="10" PREVID="0" NEXTID="0" UPDATEDATE="2025-09-29" STARTDATE="2025-09-29" ENDDATE="2079-06-06" ISACTUAL="1" ISACTIVE="1" /><HOUSE ID="129166437" OBJECTID="174917388" OBJECTGUID="dff62f5e-499a-4436-9ace-4b5051959087" CHANGEID="689640775" HOUSENUM="162/62" HOUSETYPE="5" OPERTYPEID="10" PREVID="0" NEXTID="0" UPDATEDATE="2025-09-29" STARTDATE="2025-09-29" ENDDATE="2079-06-06" ISACTUAL="1" ISACTIVE="1" /><HOUSE ID="129166438" OBJECTID="174917389" OBJECTGUID="d0b77050-36c1-406d-a2cf-ffd345b6843f" CHANGEID="689640776" HOUSENUM="313/13" HOUSETYPE="5" OPERTYPEID="10" PREVID="0" NEXTID="0" UPDATEDATE="2025-09-29" STARTDATE="2025-09-29" ENDDATE="2079-06-06" ISACTUAL="1" ISACTIVE="1" /><HOUSE ID="129166439" OBJECTID="174917390" OBJECTGUID="44f1b85e-22e8-451f-9d84-52071253f205" CHANGEID="689640777" HOUSENUM="279/3" HOUSETYPE="5" OPERTYPEID="10" PREVID="0" NEXTID="0" UPDATEDATE="2025-09-29" STARTDATE="2025-09-29" ENDDATE="2079-06-06" ISACTUAL="1" ISACTIVE="1" /><HOUSE ID="129166440" OBJECTID="174917391" OBJECTGUID="c5b65c0b-b67e-4603-a8f4-3671f50805b0" CHANGEID="689640778" HOUSENUM="310/20" HOUSETYPE="5" OPERTYPEID="10" PREVID="0" NEXTID="0" UPDATEDATE="2025-09-29" STARTDATE="2025-09-29" ENDDATE="2079-06-06" ISACTUAL="1" ISACTIVE="1" /><HOUSE ID="129166441" OBJECTID="174917392" OBJECTGUID="5803def7-d7e4-4966-977d-1cf5267bf0e9" CHANGEID="689640779" HOUSENUM="294/8" HOUSETYPE="5" OPERTYPEID="10" PREVID="0" NEXTID="0" UPDATEDATE="2025-09-29" STARTDATE="2025-09-29" ENDDATE="2079-06-06" ISACTUAL="1" ISACTIVE="1" /><HOUSE ID="129166442" OBJECTID="174917393" OBJECTGUID="9a5dc599-5358-4c2a-9640-208754498897" CHANGEID="689640780" HOUSENUM="307/7" HOUSETYPE="5" OPERTYPEID="10" PREVID="0" NEXTID="0" UPDATEDATE="2025-09-29" STARTDATE="2025-09-29" ENDDATE="2079-06-06" ISACTUAL="1" ISACTIVE="1" /><HOUSE ID="129166443" OBJECTID="174917394" OBJECTGUID="c31363a7-3c69-49c4-bf45-3e1fbb33d645" CHANGEID="689640781" HOUSENUM="284/38" HOUSETYPE="5" OPERTYPEID="10" PREVID="0" NEXTID="0" UPDATEDATE="2025-09-29" STARTDATE="2025-09-29" ENDDATE="2079-06-06" ISACTUAL="1" ISACTIVE="1" /><HOUSE ID="129166444" OBJECTID="174917395" OBJECTGUID="b171eaff-a848-4c24-aa0c-9220f20188cb" CHANGEID="689640782" HOUSENUM="306/13" HOUSETYPE="5" OPERTYPEID="10" PREVID="0" NEXTID="0" UPDATEDATE="2025-09-29" STARTDATE="2025-09-29" ENDDATE="2079-06-06" ISACTUAL="1" ISACTIVE="1" /><HOUSE ID="129166454" OBJECTID="174917404" OBJECTGUID="3a58dd74-9e54-4653-9fbf-7d4ca48b586b" CHANGEID="689640808" HOUSENUM="14/15А" HOUSETYPE="2" OPERTYPEID="10" PREVID="0" NEXTID="0" UPDATEDATE="2025-09-29" STARTDATE="2025-09-29" ENDDATE="2079-06-06" ISACTUAL="1" ISACTIVE="1" /><HOUSE ID="129166730" OBJECTID="174918368" OBJECTGUID="89157671-fe6f-431e-8faf-81051a118f57" CHANGEID="689643527" HOUSENUM="31/2" HOUSETYPE="2" OPERTYPEID="10" PREVID="0" NEXTID="0" UPDATEDATE="2025-09-29" STARTDATE="2025-09-29" ENDDATE="2079-06-06" ISACTUAL="1" ISACTIVE="1" /><HOUSE ID="129166732" OBJECTID="174918370" OBJECTGUID="87c6feb2-c5bd-49a3-b480-2cc48c3e872e" CHANGEID="689643529" HOUSENUM="9/1" ADDNUM1="Б" HOUSETYPE="5" ADDTYPE1="2" OPERTYPEID="10" PREVID="0" NEXTID="0" UPDATEDATE="2025-09-29" STARTDATE="2025-09-29" ENDDATE="2079-06-06" ISACTUAL="1" ISACTIVE="1" /><HOUSE ID="129166737" OBJECTID="174918376" OBJECTGUID="4081e866-a8de-4737-bfbf-1e4e943fa671" CHANGEID="689643566" HOUSENUM="14/2" HOUSETYPE="5" OPERTYPEID="10" PREVID="0" NEXTID="0" UPDATEDATE="2025-09-29" STARTDATE="2025-09-29" ENDDATE="2079-06-06" ISACTUAL="1" ISACTIVE="1" /><HOUSE ID="129167265" OBJECTID="174920040" OBJECTGUID="43e85ac8-f713-4c1a-af41-c883c8f0fe8f" CHANGEID="689646181" HOUSENUM="4/1" HOUSETYPE="5" OPERTYPEID="10" PREVID="0" NEXTID="0" UPDATEDATE="2025-09-29" STARTDATE="2025-09-29" ENDDATE="2079-06-06" ISACTUAL="1" ISACTIVE="1" /><HOUSE ID="129167311" OBJECTID="174920226" OBJECTGUID="6ca04911-31d8-4aec-8f10-5efaab4b3525" CHANGEID="689646515" HOUSENUM="1" HOUSETYPE="5" OPERTYPEID="10" PREVID="0" NEXTID="0" UPDATEDATE="2025-09-29" STARTDATE="2025-09-29" ENDDATE="2079-06-06" ISACTUAL="1" ISACTIVE="1" /><HOUSE ID="129175295" OBJECTID="174945598" OBJECTGUID="95849e70-db34-42a3-8c57-5109f1b0e4ce" CHANGEID="689701753" HOUSENUM="9" HOUSETYPE="7" OPERTYPEID="10" PREVID="0" NEXTID="0" UPDATEDATE="2025-09-30" STARTDATE="2025-09-30" ENDDATE="2079-06-06" ISACTUAL="1" ISACTIVE="1" /><HOUSE ID="129175307" OBJECTID="174945672" OBJECTGUID="c964f4a8-8dea-4d66-9a34-617a56a3cf1f" CHANGEID="689701937" HOUSENUM="56" HOUSETYPE="7" OPERTYPEID="10" PREVID="0" NEXTID="0" UPDATEDATE="2025-09-30" STARTDATE="2025-09-30" ENDDATE="2079-06-06" ISACTUAL="1" ISACTIVE="1" /><HOUSE ID="129175308" OBJECTID="174945673" OBJECTGUID="dcf3e126-13cc-4cdf-b426-fb908f7c938e" CHANGEID="689701939" HOUSENUM="44/1" HOUSETYPE="7" OPERTYPEID="10" PREVID="0" NEXTID="0" UPDATEDATE="2025-09-30" STARTDATE="2025-09-30" ENDDATE="2079-06-06" ISACTUAL="1" ISACTIVE="1" /><HOUSE ID="129175322" OBJECTID="174945746" OBJECTGUID="937c1ee1-1654-4ef1-9815-7059d5158aef" CHANGEID="689702150" HOUSENUM="12" HOUSETYPE="7" OPERTYPEID="10" PREVID="0" NEXTID="0" UPDATEDATE="2025-09-30" STARTDATE="2025-09-30" ENDDATE="2079-06-06" ISACTUAL="1" ISACTIVE="1" /><HOUSE ID="129175394" OBJECTID="174945846" OBJECTGUID="b01b13f5-40a6-4d5f-8594-ace69f73f365" CHANGEID="689702529" HOUSENUM="174А" HOUSETYPE="7" OPERTYPEID="10" PREVID="0" NEXTID="0" UPDATEDATE="2025-09-30" STARTDATE="2025-09-30" ENDDATE="2079-06-06" ISACTUAL="1" ISACTIVE="1" /><HOUSE ID="129175395" OBJECTID="174945847" OBJECTGUID="aba8c62b-5fcf-40d0-aa70-b67c2071a6af" CHANGEID="689702530" HOUSENUM="37" HOUSETYPE="7" OPERTYPEID="10" PREVID="0" NEXTID="0" UPDATEDATE="2025-09-30" STARTDATE="2025-09-30" ENDDATE="2079-06-06" ISACTUAL="1" ISACTIVE="1" /><HOUSE ID="129175396" OBJECTID="174945848" OBJECTGUID="c25e7346-1d2d-4a2f-a387-7b900fec6d3f" CHANGEID="689702548" HOUSENUM="13" HOUSETYPE="7" OPERTYPEID="10" PREVID="0" NEXTID="0" UPDATEDATE="2025-09-30" STARTDATE="2025-09-30" ENDDATE="2079-06-06" ISACTUAL="1" ISACTIVE="1" /><HOUSE ID="129175397" OBJECTID="174945849" OBJECTGUID="90ed44ef-3e10-4097-bbb1-2a7b59f7af6b" CHANGEID="689702549" HOUSENUM="62" HOUSETYPE="7" OPERTYPEID="10" PREVID="0" NEXTID="0" UPDATEDATE="2025-09-30" STARTDATE="2025-09-30" ENDDATE="2079-06-06" ISACTUAL="1" ISACTIVE="1" /><HOUSE ID="129175398" OBJECTID="174945850" OBJECTGUID="9f184f66-1aff-412f-9dc8-ec6c9fff4d4f" CHANGEID="689702550" HOUSENUM="63" HOUSETYPE="7" OPERTYPEID="10" PREVID="0" NEXTID="0" UPDATEDATE="2025-09-30" STARTDATE="2025-09-30" ENDDATE="2079-06-06" ISACTUAL="1" ISACTIVE="1" /><HOUSE ID="129175399" OBJECTID="174945851" OBJECTGUID="a25dc92d-56c3-4c33-aeb4-6211988f9567" CHANGEID="689702551" HOUSENUM="63" HOUSETYPE="7" OPERTYPEID="10" PREVID="0" NEXTID="0" UPDATEDATE="2025-09-30" STARTDATE="2025-09-30" ENDDATE="2079-06-06" ISACTUAL="1" ISACTIVE="1" /><HOUSE ID="129175400" OBJECTID="174945852" OBJECTGUID="e1530a86-4b30-44fd-ba13-ce2f86267f9c" CHANGEID="689702554" HOUSENUM="346" HOUSETYPE="7" OPERTYPEID="10" PREVID="0" NEXTID="0" UPDATEDATE="2025-09-30" STARTDATE="2025-09-30" ENDDATE="2079-06-06" ISACTUAL="1" ISACTIVE="1" /><HOUSE ID="129175401" OBJECTID="174945853" OBJECTGUID="7834f078-a58f-4f0e-b558-911b68e19ba7" CHANGEID="689702555" HOUSENUM="547" HOUSETYPE="7" OPERTYPEID="10" PREVID="0" NEXTID="0" UPDATEDATE="2025-09-30" STARTDATE="2025-09-30" ENDDATE="2079-06-06" ISACTUAL="1" ISACTIVE="1" /><HOUSE ID="129175402" OBJECTID="174945854" OBJECTGUID="95ed8634-2d0c-490b-84c9-33695d95cb15" CHANGEID="689702556" HOUSENUM="105" HOUSETYPE="7" OPERTYPEID="10" PREVID="0" NEXTID="0" UPDATEDATE="2025-09-30" STARTDATE="2025-09-30" ENDDATE="2079-06-06" ISACTUAL="1" ISACTIVE="1" /><HOUSE ID="129175403" OBJECTID="174945855" OBJECTGUID="5b70e149-65c4-47e7-943c-0e43791e5c84" CHANGEID="689702557" HOUSENUM="443" HOUSETYPE="7" OPERTYPEID="10" PREVID="0" NEXTID="0" UPDATEDATE="2025-09-30" STARTDATE="2025-09-30" ENDDATE="2079-06-06" ISACTUAL="1" ISACTIVE="1" /><HOUSE ID="129175404" OBJECTID="174945856" OBJECTGUID="285044de-d2c2-4086-87be-01dfdc76c363" CHANGEID="689702558" HOUSENUM="379" HOUSETYPE="7" OPERTYPEID="10" PREVID="0" NEXTID="0" UPDATEDATE="2025-09-30" STARTDATE="2025-09-30" ENDDATE="2079-06-06" ISACTUAL="1" ISACTIVE="1" /><HOUSE ID="129175405" OBJECTID="174945857" OBJECTGUID="ad6baccd-3710-46c8-9784-07e50d24c59a" CHANGEID="689702559" HOUSENUM="571" HOUSETYPE="7" OPERTYPEID="10" PREVID="0" NEXTID="0" UPDATEDATE="2025-09-30" STARTDATE="2025-09-30" ENDDATE="2079-06-06" ISACTUAL="1" ISACTIVE="1" /><HOUSE ID="129175406" OBJECTID="174945858" OBJECTGUID="76e6e2f4-a95f-4096-8eef-2e7330296a60" CHANGEID="689702560" HOUSENUM="13" HOUSETYPE="7" OPERTYPEID="10" PREVID="0" NEXTID="0" UPDATEDATE="2025-09-30" STARTDATE="2025-09-30" ENDDATE="2079-06-06" ISACTUAL="1" ISACTIVE="1" /><HOUSE ID="129175407" OBJECTID="174945859" OBJECTGUID="d650b37c-3c51-4fb8-b51a-b51b1aeb00f3" CHANGEID="689702573" HOUSENUM="79" HOUSETYPE="7" OPERTYPEID="10" PREVID="0" NEXTID="0" UPDATEDATE="2025-09-30" STARTDATE="2025-09-30" ENDDATE="2079-06-06" ISACTUAL="1" ISACTIVE="1" /><HOUSE ID="129175408" OBJECTID="174945860" OBJECTGUID="b88e3bda-062c-48d9-a2b0-ba672f2b1495" CHANGEID="689702574" HOUSENUM="38" HOUSETYPE="7" OPERTYPEID="10" PREVID="0" NEXTID="0" UPDATEDATE="2025-09-30" STARTDATE="2025-09-30" ENDDATE="2079-06-06" ISACTUAL="1" ISACTIVE="1" /><HOUSE ID="129175409" OBJECTID="174945861" OBJECTGUID="ce314d44-eb44-416e-992f-d5ac02a876e4" CHANGEID="689702575" HOUSENUM="448" HOUSETYPE="7" OPERTYPEID="10" PREVID="0" NEXTID="0" UPDATEDATE="2025-09-30" STARTDATE="2025-09-30" ENDDATE="2079-06-06" ISACTUAL="1" ISACTIVE="1" /><HOUSE ID="129175410" OBJECTID="174945862" OBJECTGUID="9a41aaf5-a54b-4cb0-9161-2a56162b9971" CHANGEID="689702576" HOUSENUM="508" HOUSETYPE="7" OPERTYPEID="10" PREVID="0" NEXTID="0" UPDATEDATE="2025-09-30" STARTDATE="2025-09-30" ENDDATE="2079-06-06" ISACTUAL="1" ISACTIVE="1" /><HOUSE ID="129175411" OBJECTID="174945863" OBJECTGUID="e20e427d-bbc6-485d-a8ab-e0e6813bbe01" CHANGEID="689702577" HOUSENUM="321" HOUSETYPE="7" OPERTYPEID="10" PREVID="0" NEXTID="0" UPDATEDATE="2025-09-30" STARTDATE="2025-09-30" ENDDATE="2079-06-06" ISACTUAL="1" ISACTIVE="1" /><HOUSE ID="129175412" OBJECTID="174945864" OBJECTGUID="da4f715d-8e75-43cc-b216-d99c7de25bd1" CHANGEID="689702578" HOUSENUM="345" HOUSETYPE="7" OPERTYPEID="10" PREVID="0" NEXTID="0" UPDATEDATE="2025-09-30" STARTDATE="2025-09-30" ENDDATE="2079-06-06" ISACTUAL="1" ISACTIVE="1" /><HOUSE ID="129175413" OBJECTID="174945865" OBJECTGUID="f3454176-973a-4812-a93a-38dc840f28f6" CHANGEID="689702579" HOUSENUM="218/4" HOUSETYPE="7" OPERTYPEID="10" PREVID="0" NEXTID="0" UPDATEDATE="2025-09-30" STARTDATE="2025-09-30" ENDDATE="2079-06-06" ISACTUAL="1" ISACTIVE="1" /><HOUSE ID="129175414" OBJECTID="174945866" OBJECTGUID="3cdd1f1a-36f2-478f-970c-f3d26bf19fbb" CHANGEID="689702595" HOUSENUM="21" HOUSETYPE="7" OPERTYPEID="10" PREVID="0" NEXTID="0" UPDATEDATE="2025-09-30" STARTDATE="2025-09-30" ENDDATE="2079-06-06" ISACTUAL="1" ISACTIVE="1" /><HOUSE ID="129175415" OBJECTID="174945867" OBJECTGUID="ab3d0b42-1425-4870-831e-da8c370dc547" CHANGEID="689702596" HOUSENUM="31" HOUSETYPE="7" OPERTYPEID="10" PREVID="0" NEXTID="0" UPDATEDATE="2025-09-30" STARTDATE="2025-09-30" ENDDATE="2079-06-06" ISACTUAL="1" ISACTIVE="1" /><HOUSE ID="129175416" OBJECTID="174945868" OBJECTGUID="8439b0fc-cfd4-4d53-8e6e-e063820281ee" CHANGEID="689702597" HOUSENUM="10" HOUSETYPE="7" OPERTYPEID="10" PREVID="0" NEXTID="0" UPDATEDATE="2025-09-30" STARTDATE="2025-09-30" ENDDATE="2079-06-06" ISACTUAL="1" ISACTIVE="1" /><HOUSE ID="129175457" OBJECTID="174946063" OBJECTGUID="9a1738bb-167a-4923-8813-2f089860c3b1" CHANGEID="689702992" HOUSENUM="3" ADDNUM1="1" HOUSETYPE="2" ADDTYPE1="1" OPERTYPEID="10" PREVID="0" NEXTID="0" UPDATEDATE="2025-09-30" STARTDATE="2025-09-30" ENDDATE="2079-06-06" ISACTUAL="1" ISACTIVE="1" /><HOUSE ID="129175461" OBJECTID="174946072" OBJECTGUID="15536b5d-7f70-4bc0-8eb5-8907e57597d6" CHANGEID="689703056" HOUSENUM="32" HOUSETYPE="7" OPERTYPEID="10" PREVID="0" NEXTID="0" UPDATEDATE="2025-09-30" STARTDATE="2025-09-30" ENDDATE="2079-06-06" ISACTUAL="1" ISACTIVE="1" /><HOUSE ID="129175462" OBJECTID="174946073" OBJECTGUID="c68870ca-ca86-4816-9ef6-aeb2eadcc5e6" CHANGEID="689703057" HOUSENUM="45/2" HOUSETYPE="7" OPERTYPEID="10" PREVID="0" NEXTID="0" UPDATEDATE="2025-09-30" STARTDATE="2025-09-30" ENDDATE="2079-06-06" ISACTUAL="1" ISACTIVE="1" /><HOUSE ID="129175464" OBJECTID="174946075" OBJECTGUID="e81d76b2-ea2a-4a9d-bc57-7bce6975fec5" CHANGEID="689703059" HOUSENUM="45/1" HOUSETYPE="7" OPERTYPEID="10" PREVID="0" NEXTID="0" UPDATEDATE="2025-09-30" STARTDATE="2025-09-30" ENDDATE="2079-06-06" ISACTUAL="1" ISACTIVE="1" /><HOUSE ID="129175465" OBJECTID="174946076" OBJECTGUID="5f241dc7-b4d1-402c-886f-efc52b151ee1" CHANGEID="689703060" HOUSENUM="241" HOUSETYPE="7" OPERTYPEID="10" PREVID="0" NEXTID="0" UPDATEDATE="2025-09-30" STARTDATE="2025-09-30" ENDDATE="2079-06-06" ISACTUAL="1" ISACTIVE="1" /><HOUSE ID="129175466" OBJECTID="174946077" OBJECTGUID="401bf337-c945-4359-9d00-eac825f37e57" CHANGEID="689703061" HOUSENUM="48" HOUSETYPE="7" OPERTYPEID="10" PREVID="0" NEXTID="0" UPDATEDATE="2025-09-30" STARTDATE="2025-09-30" ENDDATE="2079-06-06" ISACTUAL="1" ISACTIVE="1" /><HOUSE ID="129175467" OBJECTID="174946078" OBJECTGUID="cefdab9d-e045-4af1-a87c-45847d0bd12c" CHANGEID="689703063" HOUSENUM="128" HOUSETYPE="7" OPERTYPEID="10" PREVID="0" NEXTID="0" UPDATEDATE="2025-09-30" STARTDATE="2025-09-30" ENDDATE="2079-06-06" ISACTUAL="1" ISACTIVE="1" /><HOUSE ID="129175468" OBJECTID="174946079" OBJECTGUID="45f332d8-e4d1-49aa-b063-8c5db762a406" CHANGEID="689703064" HOUSENUM="262" HOUSETYPE="7" OPERTYPEID="10" PREVID="0" NEXTID="0" UPDATEDATE="2025-09-30" STARTDATE="2025-09-30" ENDDATE="2079-06-06" ISACTUAL="1" ISACTIVE="1" /><HOUSE ID="129175551" OBJECTID="174946419" OBJECTGUID="402a3807-c4b4-4de1-8502-119dac3d7c24" CHANGEID="689703782" HOUSENUM="4" HOUSETYPE="2" OPERTYPEID="10" PREVID="0" NEXTID="0" UPDATEDATE="2025-09-30" STARTDATE="2025-09-30" ENDDATE="2079-06-06" ISACTUAL="1" ISACTIVE="1" /><HOUSE ID="129175552" OBJECTID="174946747" OBJECTGUID="75f30211-8ed6-48b3-8f1e-7d9988d1d9d9" CHANGEID="689704113" HOUSENUM="3" ADDNUM1="1" HOUSETYPE="2" ADDTYPE1="1" OPERTYPEID="10" PREVID="0" NEXTID="0" UPDATEDATE="2025-09-30" STARTDATE="2025-09-30" ENDDATE="2079-06-06" ISACTUAL="1" ISACTIVE="1" /><HOUSE ID="129175553" OBJECTID="174946748" OBJECTGUID="a0bf9dd9-c6ad-4606-8bab-45eb9d814e31" CHANGEID="689704116" HOUSENUM="192" HOUSETYPE="2" OPERTYPEID="10" PREVID="0" NEXTID="0" UPDATEDATE="2025-09-30" STARTDATE="2025-09-30" ENDDATE="2079-06-06" ISACTUAL="1" ISACTIVE="1" /><HOUSE ID="129175554" OBJECTID="174946749" OBJECTGUID="884f49d9-1a17-4da6-90c6-ac0cb47c8212" CHANGEID="689704117" HOUSENUM="41/4А" HOUSETYPE="2" OPERTYPEID="10" PREVID="0" NEXTID="0" UPDATEDATE="2025-09-30" STARTDATE="2025-09-30" ENDDATE="2079-06-06" ISACTUAL="1" ISACTIVE="1" /><HOUSE ID="129175555" OBJECTID="174946750" OBJECTGUID="bc28a6a3-8e10-4851-af59-1ef0b4fbd771" CHANGEID="689704137" HOUSENUM="47/3" HOUSETYPE="2" OPERTYPEID="10" PREVID="0" NEXTID="0" UPDATEDATE="2025-09-30" STARTDATE="2025-09-30" ENDDATE="2079-06-06" ISACTUAL="1" ISACTIVE="1" /><HOUSE ID="129175556" OBJECTID="174946751" OBJECTGUID="b4eb557d-1f54-401f-8cf0-97ceb2ad4fae" CHANGEID="689704173" HOUSENUM="25/3А" ADDNUM1="1" HOUSETYPE="2" ADDTYPE1="2" OPERTYPEID="10" PREVID="0" NEXTID="0" UPDATEDATE="2025-09-30" STARTDATE="2025-09-30" ENDDATE="2079-06-06" ISACTUAL="1" ISACTIVE="1" /><HOUSE ID="129175559" OBJECTID="174946754" OBJECTGUID="df5f9936-7a0c-403d-a5a5-66a1b1376194" CHANGEID="689704190" HOUSENUM="Д12" HOUSETYPE="2" OPERTYPEID="10" PREVID="0" NEXTID="0" UPDATEDATE="2025-09-30" STARTDATE="2025-09-30" ENDDATE="2079-06-06" ISACTUAL="1" ISACTIVE="1" /><HOUSE ID="129175560" OBJECTID="174946755" OBJECTGUID="2499d922-a2ae-489f-bb60-b93b781ce38c" CHANGEID="689704192" HOUSENUM="А13" HOUSETYPE="2" OPERTYPEID="10" PREVID="0" NEXTID="0" UPDATEDATE="2025-09-30" STARTDATE="2025-09-30" ENDDATE="2079-06-06" ISACTUAL="1" ISACTIVE="1" /><HOUSE ID="129175562" OBJECTID="174946761" OBJECTGUID="150511f5-f080-48bd-bc9a-0279a6c9d972" CHANGEID="689704210" HOUSENUM="3А" HOUSETYPE="2" OPERTYPEID="10" PREVID="0" NEXTID="0" UPDATEDATE="2025-09-30" STARTDATE="2025-09-30" ENDDATE="2079-06-06" ISACTUAL="1" ISACTIVE="1" /><HOUSE ID="129175564" OBJECTID="174946763" OBJECTGUID="03d4075f-e148-401c-95d0-9b11081de960" CHANGEID="689704212" HOUSENUM="3В" HOUSETYPE="2" OPERTYPEID="10" PREVID="0" NEXTID="0" UPDATEDATE="2025-09-30" STARTDATE="2025-09-30" ENDDATE="2079-06-06" ISACTUAL="1" ISACTIVE="1" /><HOUSE ID="129175566" OBJECTID="174946766" OBJECTGUID="4d1df703-edec-44a5-803d-525d5b4771a5" CHANGEID="689704216" HOUSENUM="Е8" ADDNUM1="1" HOUSETYPE="2" ADDTYPE1="2" OPERTYPEID="10" PREVID="0" NEXTID="0" UPDATEDATE="2025-09-30" STARTDATE="2025-09-30" ENDDATE="2079-06-06" ISACTUAL="1" ISACTIVE="1" /><HOUSE ID="129175569" OBJECTID="174946778" OBJECTGUID="022c175e-d1a7-462c-8e08-fc4793ab51e4" CHANGEID="689704237" HOUSENUM="11" HOUSETYPE="2" OPERTYPEID="10" PREVID="0" NEXTID="0" UPDATEDATE="2025-09-30" STARTDATE="2025-09-30" ENDDATE="2079-06-06" ISACTUAL="1" ISACTIVE="1" /><HOUSE ID="129175557" OBJECTID="174946752" OBJECTGUID="9daa28e3-3573-45ed-861c-1eee8411ab0a" CHANGEID="689704187" HOUSENUM="33/3" HOUSETYPE="2" OPERTYPEID="10" PREVID="0" NEXTID="0" UPDATEDATE="2025-09-30" STARTDATE="2025-09-30" ENDDATE="2079-06-06" ISACTUAL="1" ISACTIVE="1" /><HOUSE ID="129175558" OBJECTID="174946753" OBJECTGUID="5195a166-1ec2-4813-927b-a2b27f6703f4" CHANGEID="689704189" HOUSENUM="7/14" HOUSETYPE="2" OPERTYPEID="10" PREVID="0" NEXTID="0" UPDATEDATE="2025-09-30" STARTDATE="2025-09-30" ENDDATE="2079-06-06" ISACTUAL="1" ISACTIVE="1" /><HOUSE ID="129175561" OBJECTID="174946760" OBJECTGUID="72cffffb-cd8a-499a-8ef0-046819883b83" CHANGEID="689704205" HOUSENUM="35" ADDNUM1="1" HOUSETYPE="2" ADDTYPE1="2" OPERTYPEID="10" PREVID="0" NEXTID="0" UPDATEDATE="2025-09-30" STARTDATE="2025-09-30" ENDDATE="2079-06-06" ISACTUAL="1" ISACTIVE="1" /><HOUSE ID="129175563" OBJECTID="174946762" OBJECTGUID="d741367f-2516-4c5c-a66e-ac3237f19474" CHANGEID="689704211" HOUSENUM="3Б" HOUSETYPE="2" OPERTYPEID="10" PREVID="0" NEXTID="0" UPDATEDATE="2025-09-30" STARTDATE="2025-09-30" ENDDATE="2079-06-06" ISACTUAL="1" ISACTIVE="1" /><HOUSE ID="129175565" OBJECTID="174946764" OBJECTGUID="e1012a9c-5af9-4113-8219-5fea6b76a5d5" CHANGEID="689704213" HOUSENUM="3" HOUSETYPE="2" OPERTYPEID="10" PREVID="0" NEXTID="0" UPDATEDATE="2025-09-30" STARTDATE="2025-09-30" ENDDATE="2079-06-06" ISACTUAL="1" ISACTIVE="1" /><HOUSE ID="129175567" OBJECTID="174946776" OBJECTGUID="1c2c6210-6a89-4671-895a-db0380a409ed" CHANGEID="689704226" HOUSENUM="4А" ADDNUM1="2" HOUSETYPE="2" ADDTYPE1="2" OPERTYPEID="10" PREVID="0" NEXTID="0" UPDATEDATE="2025-09-30" STARTDATE="2025-09-30" ENDDATE="2079-06-06" ISACTUAL="1" ISACTIVE="1" /><HOUSE ID="129175568" OBJECTID="174946777" OBJECTGUID="8aa1ba37-0c6c-4c48-8b8c-92bdaa937955" CHANGEID="689704236" HOUSENUM="6/1а" HOUSETYPE="5" OPERTYPEID="10" PREVID="0" NEXTID="0" UPDATEDATE="2025-09-30" STARTDATE="2025-09-30" ENDDATE="2079-06-06" ISACTUAL="1" ISACTIVE="1" /><HOUSE ID="129175593" OBJECTID="174946957" OBJECTGUID="5f1fe71f-34b0-4439-bdd0-4b602fea3f26" CHANGEID="689704542" HOUSENUM="13" HOUSETYPE="5" OPERTYPEID="10" PREVID="0" NEXTID="0" UPDATEDATE="2025-09-30" STARTDATE="2025-09-30" ENDDATE="2079-06-06" ISACTUAL="1" ISACTIVE="1" /><HOUSE ID="129175594" OBJECTID="174946958" OBJECTGUID="51c532d9-1b81-401d-9af7-b1b88f489f3f" CHANGEID="689704543" HOUSENUM="15" HOUSETYPE="5" OPERTYPEID="10" PREVID="0" NEXTID="0" UPDATEDATE="2025-09-30" STARTDATE="2025-09-30" ENDDATE="2079-06-06" ISACTUAL="1" ISACTIVE="1" /><HOUSE ID="129175695" OBJECTID="174947249" OBJECTGUID="d2e23f66-aed7-46eb-8c19-e2bc7502ee9a" CHANGEID="689705072" HOUSENUM="93/1" HOUSETYPE="2" OPERTYPEID="10" PREVID="0" NEXTID="0" UPDATEDATE="2025-09-30" STARTDATE="2025-09-30" ENDDATE="2079-06-06" ISACTUAL="1" ISACTIVE="1" /><HOUSE ID="129175739" OBJECTID="174947427" OBJECTGUID="0b0fbeeb-ce8b-402f-b935-0e9381bbb987" CHANGEID="689705358" HOUSENUM="2/2" HOUSETYPE="2" OPERTYPEID="10" PREVID="0" NEXTID="0" UPDATEDATE="2025-09-30" STARTDATE="2025-09-30" ENDDATE="2079-06-06" ISACTUAL="1" ISACTIVE="1" /><HOUSE ID="129175740" OBJECTID="174947428" OBJECTGUID="8a7dc0b9-7422-423a-ab12-b22bba1aaa8b" CHANGEID="689705360" HOUSENUM="57/1" HOUSETYPE="2" OPERTYPEID="10" PREVID="0" NEXTID="0" UPDATEDATE="2025-09-30" STARTDATE="2025-09-30" ENDDATE="2079-06-06" ISACTUAL="1" ISACTIVE="1" /><HOUSE ID="129175885" OBJECTID="174947959" OBJECTGUID="b3ade055-4393-40bf-ae7a-2724a50be4c5" CHANGEID="689706283" HOUSENUM="71а" HOUSETYPE="2" OPERTYPEID="10" PREVID="0" NEXTID="0" UPDATEDATE="2025-09-30" STARTDATE="2025-09-30" ENDDATE="2079-06-06" ISACTUAL="1" ISACTIVE="1" /><HOUSE ID="129175884" OBJECTID="174947937" OBJECTGUID="943b8315-07d3-4d38-bf51-4a99fecec788" CHANGEID="689706254" HOUSENUM="17" HOUSETYPE="7" OPERTYPEID="10" PREVID="0" NEXTID="0" UPDATEDATE="2025-09-30" STARTDATE="2025-09-30" ENDDATE="2079-06-06" ISACTUAL="1" ISACTIVE="1" /><HOUSE ID="129175886" OBJECTID="174947987" OBJECTGUID="4af14e44-197a-4fd4-ab22-51edb6f9be6a" CHANGEID="689706312" HOUSENUM="9" ADDNUM1="В" HOUSETYPE="5" ADDTYPE1="2" OPERTYPEID="10" PREVID="0" NEXTID="0" UPDATEDATE="2025-09-30" STARTDATE="2025-09-30" ENDDATE="2079-06-06" ISACTUAL="1" ISACTIVE="1" /><HOUSE ID="47555421" OBJECTID="78721055" OBJECTGUID="c518b982-558d-496d-b7da-32b7b3a55f4d" CHANGEID="117016215" HOUSENUM="24" HOUSETYPE="2" OPERTYPEID="10" PREVID="0" NEXTID="129176545" UPDATEDATE="2025-09-30" STARTDATE="2018-10-10" ENDDATE="2025-09-30" ISACTUAL="0" ISACTIVE="0" /><HOUSE ID="129176545" OBJECTID="78721055" OBJECTGUID="c518b982-558d-496d-b7da-32b7b3a55f4d" CHANGEID="689708804" HOUSENUM="264/11" HOUSETYPE="2" OPERTYPEID="50" PREVID="47555421" UPDATEDATE="2025-09-30" STARTDATE="2025-09-30" ENDDATE="2079-06-06" ISACTUAL="1" ISACTIVE="1" /><HOUSE ID="129176546" OBJECTID="170051761" OBJECTGUID="a445054c-ce6b-4432-aaca-8f7b12b09802" CHANGEID="689708832" HOUSENUM="19/2" HOUSETYPE="2" OPERTYPEID="20" PREVID="127794052" UPDATEDATE="2025-09-30" STARTDATE="2025-09-30" ENDDATE="2079-06-06" ISACTUAL="1" ISACTIVE="1" /><HOUSE ID="129176845" OBJECTID="174949757" OBJECTGUID="f3c93f2f-5124-4d37-b92d-2f76a5275a36" CHANGEID="689709734" HOUSENUM="280/16" HOUSETYPE="5" OPERTYPEID="10" PREVID="0" NEXTID="0" UPDATEDATE="2025-09-30" STARTDATE="2025-09-30" ENDDATE="2079-06-06" ISACTUAL="1" ISACTIVE="1" /><HOUSE ID="129176881" OBJECTID="174949956" OBJECTGUID="16c2a84c-1689-4943-af47-41657f7cd8ce" CHANGEID="689709989" HOUSENUM="49/5" HOUSETYPE="5" OPERTYPEID="10" PREVID="0" NEXTID="0" UPDATEDATE="2025-09-30" STARTDATE="2025-09-30" ENDDATE="2079-06-06" ISACTUAL="1" ISACTIVE="1" /><HOUSE ID="129177332" OBJECTID="174951054" OBJECTGUID="d69b6e55-110b-46e1-9f3d-295237c4fab7" CHANGEID="689711820" HOUSENUM="44" HOUSETYPE="2" OPERTYPEID="10" PREVID="0" NEXTID="0" UPDATEDATE="2025-09-30" STARTDATE="2025-09-30" ENDDATE="2079-06-06" ISACTUAL="1" ISACTIVE="1" /><HOUSE ID="129177337" OBJECTID="174951061" OBJECTGUID="22cbb2e4-1a08-4b37-bea2-75407992109b" CHANGEID="689711830" HOUSENUM="19" HOUSETYPE="2" OPERTYPEID="10" PREVID="0" NEXTID="0" UPDATEDATE="2025-09-30" STARTDATE="2025-09-30" ENDDATE="2079-06-06" ISACTUAL="1" ISACTIVE="1" /><HOUSE ID="129177346" OBJECTID="174951155" OBJECTGUID="492b6585-9330-4abb-b4ef-d7962eee981d" CHANGEID="689712003" HOUSENUM="1А" HOUSETYPE="2" OPERTYPEID="10" PREVID="0" NEXTID="0" UPDATEDATE="2025-09-30" STARTDATE="2025-09-30" ENDDATE="2079-06-06" ISACTUAL="1" ISACTIVE="1" /><HOUSE ID="129177376" OBJECTID="174951330" OBJECTGUID="018cff57-c520-4943-b076-4daa1699827c" CHANGEID="689712207" HOUSENUM="8" ADDNUM1="1" HOUSETYPE="5" ADDTYPE1="1" OPERTYPEID="10" PREVID="0" NEXTID="0" UPDATEDATE="2025-09-30" STARTDATE="2025-09-30" ENDDATE="2079-06-06" ISACTUAL="1" ISACTIVE="1" /><HOUSE ID="129177359" OBJECTID="174951209" OBJECTGUID="4c45d5f9-c283-4a92-a5d0-4fd6d8f5ec9a" CHANGEID="689712063" HOUSENUM="13" ADDNUM1="А" HOUSETYPE="5" ADDTYPE1="1" OPERTYPEID="10" PREVID="0" NEXTID="0" UPDATEDATE="2025-09-30" STARTDATE="2025-09-30" ENDDATE="2079-06-06" ISACTUAL="1" ISACTIVE="1" /><HOUSE ID="129177374" OBJECTID="174951320" OBJECTGUID="0f7e16ca-a73f-46ae-acf9-377854f257f0" CHANGEID="689712193" HOUSENUM="82" ADDNUM1="1" HOUSETYPE="5" ADDTYPE1="1" OPERTYPEID="10" PREVID="0" NEXTID="0" UPDATEDATE="2025-09-30" STARTDATE="2025-09-30" ENDDATE="2079-06-06" ISACTUAL="1" ISACTIVE="1" /><HOUSE ID="129177419" OBJECTID="174951428" OBJECTGUID="6950d1bb-7b30-4086-bdf4-3d0f3576531b" CHANGEID="689712400" HOUSENUM="44/1" HOUSETYPE="2" OPERTYPEID="10" PREVID="0" NEXTID="0" UPDATEDATE="2025-09-30" STARTDATE="2025-09-30" ENDDATE="2079-06-06" ISACTUAL="1" ISACTIVE="1" /><HOUSE ID="129177448" OBJECTID="31982294" OBJECTGUID="73c89651-ad3a-42db-a0d9-1b024200051d" CHANGEID="689712531" HOUSENUM="8А" HOUSETYPE="2" OPERTYPEID="20" PREVID="59582691" UPDATEDATE="2025-09-30" STARTDATE="2025-09-30" ENDDATE="2079-06-06" ISACTUAL="1" ISACTIVE="1" /><HOUSE ID="129177749" OBJECTID="174952206" OBJECTGUID="b0a984a6-968c-4af3-9fd6-564a6b4bbd8d" CHANGEID="689717024" HOUSENUM="3/1" HOUSETYPE="2" OPERTYPEID="10" PREVID="0" NEXTID="0" UPDATEDATE="2025-09-30" STARTDATE="2025-09-30" ENDDATE="2079-06-06" ISACTUAL="1" ISACTIVE="1" /><HOUSE ID="129177750" OBJECTID="174952248" OBJECTGUID="790002e7-7771-4da4-a1fb-50d5c83b7205" CHANGEID="689717080" HOUSENUM="73/2" HOUSETYPE="2" OPERTYPEID="10" PREVID="0" NEXTID="0" UPDATEDATE="2025-09-30" STARTDATE="2025-09-30" ENDDATE="2079-06-06" ISACTUAL="1" ISACTIVE="1" /><HOUSE ID="129178377" OBJECTID="174953944" OBJECTGUID="5ade0c8a-bd4f-4580-9f6c-7d2fc50d07e0" CHANGEID="689720594" HOUSENUM="13" ADDNUM1="4" HOUSETYPE="2" ADDTYPE1="1" OPERTYPEID="10" PREVID="0" NEXTID="0" UPDATEDATE="2025-09-30" STARTDATE="2025-09-30" ENDDATE="2079-06-06" ISACTUAL="1" ISACTIVE="1" /><HOUSE ID="129178386" OBJECTID="174953992" OBJECTGUID="a756d215-8a64-46d5-be84-d0725ad4379b" CHANGEID="689720666" HOUSENUM="3/1" HOUSETYPE="2" OPERTYPEID="10" PREVID="0" NEXTID="0" UPDATEDATE="2025-09-30" STARTDATE="2025-09-30" ENDDATE="2079-06-06" ISACTUAL="1" ISACTIVE="1" /><HOUSE ID="129178402" OBJECTID="174954042" OBJECTGUID="1729e1c9-de88-4d66-ba89-841504bad3e0" CHANGEID="689720738" HOUSENUM="2/1" HOUSETYPE="2" OPERTYPEID="10" PREVID="0" NEXTID="0" UPDATEDATE="2025-09-30" STARTDATE="2025-09-30" ENDDATE="2079-06-06" ISACTUAL="1" ISACTIVE="1" /><HOUSE ID="129178447" OBJECTID="71680725" OBJECTGUID="f1bfba28-fd76-4750-92e0-dfaedd4bc2c7" CHANGEID="689721122" HOUSENUM="1" HOUSETYPE="2" OPERTYPEID="30" PREVID="43245126" NEXTID="0" UPDATEDATE="2025-09-30" STARTDATE="2025-09-30" ENDDATE="2079-06-06" ISACTUAL="1" ISACTIVE="0" /><HOUSE ID="129178443" OBJECTID="174954299" OBJECTGUID="c2596da8-0fb3-44ed-aacb-b33e296392de" CHANGEID="689721098" HOUSENUM="27/2" HOUSETYPE="2" OPERTYPEID="10" PREVID="0" NEXTID="0" UPDATEDATE="2025-09-30" STARTDATE="2025-09-30" ENDDATE="2079-06-06" ISACTUAL="1" ISACTIVE="1" /><HOUSE ID="129179790" OBJECTID="49140702" OBJECTGUID="0729d959-ae48-4255-b667-4802cee4cba5" CHANGEID="689732013" HOUSENUM="23" HOUSETYPE="2" OPERTYPEID="30" PREVID="29382809" NEXTID="0" UPDATEDATE="2025-09-30" STARTDATE="2025-09-30" ENDDATE="2079-06-06" ISACTUAL="1" ISACTIVE="0" /><HOUSE ID="29382809" OBJECTID="49140702" OBJECTGUID="0729d959-ae48-4255-b667-4802cee4cba5" CHANGEID="73818094" HOUSENUM="23" HOUSETYPE="2" OPERTYPEID="10" PREVID="0" NEXTID="129179790" UPDATEDATE="2025-09-30" STARTDATE="1900-01-01" ENDDATE="2025-09-30" ISACTUAL="0" ISACTIVE="0" /><HOUSE ID="129179909" OBJECTID="174958956" OBJECTGUID="6cfeec00-3d55-4929-afcc-2239a2d7cd40" CHANGEID="689733020" HOUSENUM="21/1" HOUSETYPE="2" OPERTYPEID="10" PREVID="0" NEXTID="0" UPDATEDATE="2025-09-30" STARTDATE="2025-09-30" ENDDATE="2079-06-06" ISACTUAL="1" ISACTIVE="1" /><HOUSE ID="129180298" OBJECTID="174960303" OBJECTGUID="eb7e0317-0839-4589-8420-9a7d1d7e7b4e" CHANGEID="689735566" HOUSENUM="П26/2" HOUSETYPE="2" OPERTYPEID="10" PREVID="0" NEXTID="0" UPDATEDATE="2025-09-30" STARTDATE="2025-09-30" ENDDATE="2079-06-06" ISACTUAL="1" ISACTIVE="1" /><HOUSE ID="129184012" OBJECTID="174971045" OBJECTGUID="802e0021-08be-4ec4-867a-10f235c0eb78" CHANGEID="689777915" HOUSENUM="39/1Д" ADDNUM1="1" HOUSETYPE="2" ADDTYPE1="2" OPERTYPEID="10" PREVID="0" NEXTID="0" UPDATEDATE="2025-10-01" STARTDATE="2025-10-01" ENDDATE="2079-06-06" ISACTUAL="1" ISACTIVE="1" /><HOUSE ID="129184013" OBJECTID="174971046" OBJECTGUID="364e7992-0822-43a5-805e-72ab4942a425" CHANGEID="689777916" HOUSENUM="78/2" HOUSETYPE="2" OPERTYPEID="10" PREVID="0" NEXTID="0" UPDATEDATE="2025-10-01" STARTDATE="2025-10-01" ENDDATE="2079-06-06" ISACTUAL="1" ISACTIVE="1" /><HOUSE ID="129184014" OBJECTID="174971047" OBJECTGUID="0e5696f3-f273-4001-bde0-dacd492c1b13" CHANGEID="689777918" HOUSENUM="47Д" ADDNUM1="1" HOUSETYPE="2" ADDTYPE1="2" OPERTYPEID="10" PREVID="0" NEXTID="0" UPDATEDATE="2025-10-01" STARTDATE="2025-10-01" ENDDATE="2079-06-06" ISACTUAL="1" ISACTIVE="1" /><HOUSE ID="129184015" OBJECTID="174971048" OBJECTGUID="09b649fd-97c0-40fb-90cf-53ff1f14d6b7" CHANGEID="689777975" HOUSENUM="А5" HOUSETYPE="2" OPERTYPEID="10" PREVID="0" NEXTID="0" UPDATEDATE="2025-10-01" STARTDATE="2025-10-01" ENDDATE="2079-06-06" ISACTUAL="1" ISACTIVE="1" /><HOUSE ID="129184017" OBJECTID="174971049" OBJECTGUID="21404340-393e-4ebb-b3c6-cd80a016eea3" CHANGEID="689777987" HOUSENUM="95/3" ADDNUM1="1" HOUSETYPE="2" ADDTYPE1="2" OPERTYPEID="10" PREVID="0" NEXTID="0" UPDATEDATE="2025-10-01" STARTDATE="2025-10-01" ENDDATE="2079-06-06" ISACTUAL="1" ISACTIVE="1" /><HOUSE ID="129184019" OBJECTID="174971050" OBJECTGUID="5c848939-c491-4155-b018-d922e71a4653" CHANGEID="689777998" HOUSENUM="17/1" HOUSETYPE="2" OPERTYPEID="10" PREVID="0" NEXTID="0" UPDATEDATE="2025-10-01" STARTDATE="2025-10-01" ENDDATE="2079-06-06" ISACTUAL="1" ISACTIVE="1" /><HOUSE ID="129184079" OBJECTID="52853512" OBJECTGUID="a23dc54f-6961-401c-b806-192eadbc37f2" CHANGEID="689778080" HOUSENUM="7" HOUSETYPE="2" OPERTYPEID="30" PREVID="31569749" NEXTID="0" UPDATEDATE="2025-10-01" STARTDATE="2025-10-01" ENDDATE="2079-06-06" ISACTUAL="1" ISACTIVE="0" /><HOUSE ID="31569749" OBJECTID="52853512" OBJECTGUID="a23dc54f-6961-401c-b806-192eadbc37f2" CHANGEID="79156315" HOUSENUM="7" HOUSETYPE="2" OPERTYPEID="10" PREVID="0" NEXTID="129184079" UPDATEDATE="2025-10-01" STARTDATE="2018-07-09" ENDDATE="2025-10-01" ISACTUAL="0" ISACTIVE="0" /><HOUSE ID="129184080" OBJECTID="52857957" OBJECTGUID="50752547-6317-4bfb-b51d-75f662fdf78d" CHANGEID="689778081" HOUSENUM="13" HOUSETYPE="2" OPERTYPEID="30" PREVID="31572295" NEXTID="0" UPDATEDATE="2025-10-01" STARTDATE="2025-10-01" ENDDATE="2079-06-06" ISACTUAL="1" ISACTIVE="0" /><HOUSE ID="129184081" OBJECTID="52860391" OBJECTGUID="322134e6-c278-44f2-be36-9fe302e83372" CHANGEID="689778082" HOUSENUM="2" HOUSETYPE="2" OPERTYPEID="30" PREVID="31573698" NEXTID="0" UPDATEDATE="2025-10-01" STARTDATE="2025-10-01" ENDDATE="2079-06-06" ISACTUAL="1" ISACTIVE="0" /><HOUSE ID="129184082" OBJECTID="52854072" OBJECTGUID="3558ac50-5982-4256-8e85-20fec028cf24" CHANGEID="689778083" HOUSENUM="4" HOUSETYPE="2" OPERTYPEID="30" PREVID="31570108" NEXTID="0" UPDATEDATE="2025-10-01" STARTDATE="2025-10-01" ENDDATE="2079-06-06" ISACTUAL="1" ISACTIVE="0" /><HOUSE ID="31570108" OBJECTID="52854072" OBJECTGUID="3558ac50-5982-4256-8e85-20fec028cf24" CHANGEID="79157140" HOUSENUM="4" HOUSETYPE="2" OPERTYPEID="10" PREVID="0" NEXTID="129184082" UPDATEDATE="2025-10-01" STARTDATE="2018-07-09" ENDDATE="2025-10-01" ISACTUAL="0" ISACTIVE="0" /><HOUSE ID="129184083" OBJECTID="52856943" OBJECTGUID="b09aa3e0-2fae-4b2a-8f34-2500114169fb" CHANGEID="689778084" HOUSENUM="3" HOUSETYPE="2" OPERTYPEID="30" PREVID="31571657" NEXTID="0" UPDATEDATE="2025-10-01" STARTDATE="2025-10-01" ENDDATE="2079-06-06" ISACTUAL="1" ISACTIVE="0" /><HOUSE ID="129184084" OBJECTID="52857099" OBJECTGUID="2930e12b-a9da-4e0d-b445-4526ffbe9e02" CHANGEID="689778085" HOUSENUM="5" HOUSETYPE="2" OPERTYPEID="30" PREVID="31571768" NEXTID="0" UPDATEDATE="2025-10-01" STARTDATE="2025-10-01" ENDDATE="2079-06-06" ISACTUAL="1" ISACTIVE="0" /><HOUSE ID="129184085" OBJECTID="52858740" OBJECTGUID="dd91228d-288c-49e0-8c69-aa4a9149ca4c" CHANGEID="689778086" HOUSENUM="8" HOUSETYPE="2" OPERTYPEID="30" PREVID="31572749" NEXTID="0" UPDATEDATE="2025-10-01" STARTDATE="2025-10-01" ENDDATE="2079-06-06" ISACTUAL="1" ISACTIVE="0" /><HOUSE ID="129184086" OBJECTID="52859257" OBJECTGUID="0b11ce0c-114e-4582-915e-b27bf3ce2e26" CHANGEID="689778087" HOUSENUM="15" HOUSETYPE="2" OPERTYPEID="30" PREVID="31573213" NEXTID="0" UPDATEDATE="2025-10-01" STARTDATE="2025-10-01" ENDDATE="2079-06-06" ISACTUAL="1" ISACTIVE="0" /><HOUSE ID="31573213" OBJECTID="52859257" OBJECTGUID="0b11ce0c-114e-4582-915e-b27bf3ce2e26" CHANGEID="79164530" HOUSENUM="15" HOUSETYPE="2" OPERTYPEID="10" PREVID="0" NEXTID="129184086" UPDATEDATE="2025-10-01" STARTDATE="2018-07-09" ENDDATE="2025-10-01" ISACTUAL="0" ISACTIVE="0" /><HOUSE ID="129184087" OBJECTID="52860095" OBJECTGUID="da2d38ce-55c0-4430-ab59-e3a37d91af83" CHANGEID="689778088" HOUSENUM="12" HOUSETYPE="2" OPERTYPEID="30" PREVID="31573577" NEXTID="0" UPDATEDATE="2025-10-01" STARTDATE="2025-10-01" ENDDATE="2079-06-06" ISACTUAL="1" ISACTIVE="0" /><HOUSE ID="31573577" OBJECTID="52860095" OBJECTGUID="da2d38ce-55c0-4430-ab59-e3a37d91af83" CHANGEID="79165706" HOUSENUM="12" HOUSETYPE="2" OPERTYPEID="10" PREVID="0" NEXTID="129184087" UPDATEDATE="2025-10-01" STARTDATE="2018-07-09" ENDDATE="2025-10-01" ISACTUAL="0" ISACTIVE="0" /><HOUSE ID="129184093" OBJECTID="63896218" OBJECTGUID="17fbefa5-298e-4c11-9c0f-269a6a0d52c0" CHANGEID="689778266" HOUSENUM="23" HOUSETYPE="2" OPERTYPEID="30" PREVID="38429111" NEXTID="0" UPDATEDATE="2025-10-01" STARTDATE="2025-10-01" ENDDATE="2079-06-06" ISACTUAL="1" ISACTIVE="0" /><HOUSE ID="129184094" OBJECTID="174971206" OBJECTGUID="fc6790ac-d67f-4785-8c65-71126ceb8268" CHANGEID="689778290" HOUSENUM="85" ADDNUM1="1" HOUSETYPE="2" ADDTYPE1="2" OPERTYPEID="10" PREVID="0" NEXTID="0" UPDATEDATE="2025-10-01" STARTDATE="2025-10-01" ENDDATE="2079-06-06" ISACTUAL="1" ISACTIVE="1" /><HOUSE ID="129184095" OBJECTID="174971207" OBJECTGUID="29c70203-84ab-48a1-aa90-72a72ecf6d32" CHANGEID="689778297" HOUSENUM="27" HOUSETYPE="2" OPERTYPEID="10" PREVID="0" NEXTID="0" UPDATEDATE="2025-10-01" STARTDATE="2025-10-01" ENDDATE="2079-06-06" ISACTUAL="1" ISACTIVE="1" /><HOUSE ID="129184096" OBJECTID="174971208" OBJECTGUID="b6f86f4f-d143-45f4-8314-4051c62fac82" CHANGEID="689778298" HOUSENUM="25" HOUSETYPE="2" OPERTYPEID="10" PREVID="0" NEXTID="0" UPDATEDATE="2025-10-01" STARTDATE="2025-10-01" ENDDATE="2079-06-06" ISACTUAL="1" ISACTIVE="1" /><HOUSE ID="129184165" OBJECTID="174971300" OBJECTGUID="0563d68e-9849-40d0-9bbf-a7acb533199d" CHANGEID="689778428" HOUSENUM="61/1" ADDNUM1="1" HOUSETYPE="2" ADDTYPE1="2" OPERTYPEID="10" PREVID="0" NEXTID="0" UPDATEDATE="2025-10-01" STARTDATE="2025-10-01" ENDDATE="2079-06-06" ISACTUAL="1" ISACTIVE="1" /><HOUSE ID="129184168" OBJECTID="174971303" OBJECTGUID="f78bc0af-ce46-455a-b5d5-f7b88213fe6d" CHANGEID="689778442" HOUSENUM="10/1" HOUSETYPE="2" OPERTYPEID="10" PREVID="0" NEXTID="0" UPDATEDATE="2025-10-01" STARTDATE="2025-10-01" ENDDATE="2079-06-06" ISACTUAL="1" ISACTIVE="1" /><HOUSE ID="129184170" OBJECTID="174971305" OBJECTGUID="4de1d61a-1341-43c8-9d3b-2a4ab100dae4" CHANGEID="689778444" HOUSENUM="29" ADDNUM1="1" HOUSETYPE="2" ADDTYPE1="2" OPERTYPEID="10" PREVID="0" NEXTID="0" UPDATEDATE="2025-10-01" STARTDATE="2025-10-01" ENDDATE="2079-06-06" ISACTUAL="1" ISACTIVE="1" /><HOUSE ID="129184172" OBJECTID="174971307" OBJECTGUID="a32b538e-07a6-4be3-9858-62c826c6ad98" CHANGEID="689778446" HOUSENUM="2" HOUSETYPE="2" OPERTYPEID="10" PREVID="0" NEXTID="0" UPDATEDATE="2025-10-01" STARTDATE="2025-10-01" ENDDATE="2079-06-06" ISACTUAL="1" ISACTIVE="1" /><HOUSE ID="129184174" OBJECTID="174971309" OBJECTGUID="b4ceb1c1-4bd2-4b84-838c-172b7b0bc887" CHANGEID="689778448" HOUSENUM="37" HOUSETYPE="2" OPERTYPEID="10" PREVID="0" NEXTID="0" UPDATEDATE="2025-10-01" STARTDATE="2025-10-01" ENDDATE="2079-06-06" ISACTUAL="1" ISACTIVE="1" /><HOUSE ID="129184169" OBJECTID="174971304" OBJECTGUID="116b8e2d-a5dd-4668-81f8-44fa708fd6f2" CHANGEID="689778443" HOUSENUM="2" ADDNUM1="1" HOUSETYPE="2" ADDTYPE1="2" OPERTYPEID="10" PREVID="0" NEXTID="0" UPDATEDATE="2025-10-01" STARTDATE="2025-10-01" ENDDATE="2079-06-06" ISACTUAL="1" ISACTIVE="1" /><HOUSE ID="129184171" OBJECTID="174971306" OBJECTGUID="3a9b5972-ae79-46d1-81c0-f768768da30c" CHANGEID="689778445" HOUSENUM="74" HOUSETYPE="2" OPERTYPEID="10" PREVID="0" NEXTID="0" UPDATEDATE="2025-10-01" STARTDATE="2025-10-01" ENDDATE="2079-06-06" ISACTUAL="1" ISACTIVE="1" /><HOUSE ID="129184173" OBJECTID="174971308" OBJECTGUID="af2e20db-93be-4459-a748-ad2e21522099" CHANGEID="689778447" HOUSENUM="73" HOUSETYPE="2" OPERTYPEID="10" PREVID="0" NEXTID="0" UPDATEDATE="2025-10-01" STARTDATE="2025-10-01" ENDDATE="2079-06-06" ISACTUAL="1" ISACTIVE="1" /><HOUSE ID="129185206" OBJECTID="174973932" OBJECTGUID="130372a7-3aab-4137-9217-345507b55ad5" CHANGEID="689784831" HOUSENUM="23" HOUSETYPE="2" OPERTYPEID="10" PREVID="0" NEXTID="0" UPDATEDATE="2025-10-01" STARTDATE="2025-10-01" ENDDATE="2079-06-06" ISACTUAL="1" ISACTIVE="1" /><HOUSE ID="129185431" OBJECTID="29673432" OBJECTGUID="6a33a70e-2d69-4109-b9b6-dce64163c447" CHANGEID="689786756" HOUSENUM="71" HOUSETYPE="2" OPERTYPEID="30" PREVID="17580076" NEXTID="0" UPDATEDATE="2025-10-01" STARTDATE="2025-10-01" ENDDATE="2079-06-06" ISACTUAL="1" ISACTIVE="0" /><HOUSE ID="17580076" OBJECTID="29673432" OBJECTGUID="6a33a70e-2d69-4109-b9b6-dce64163c447" CHANGEID="45496948" HOUSENUM="71" HOUSETYPE="2" OPERTYPEID="10" PREVID="0" NEXTID="129185431" UPDATEDATE="2025-10-01" STARTDATE="1900-01-01" ENDDATE="2025-10-01" ISACTUAL="0" ISACTIVE="0" /><HOUSE ID="129185436" OBJECTID="174974995" OBJECTGUID="0d9de534-a21d-474d-adec-635f06e24270" CHANGEID="689786850" HOUSENUM="26" ADDNUM1="1" HOUSETYPE="2" ADDTYPE1="2" OPERTYPEID="10" PREVID="0" NEXTID="0" UPDATEDATE="2025-10-01" STARTDATE="2025-10-01" ENDDATE="2079-06-06" ISACTUAL="1" ISACTIVE="1" /><HOUSE ID="129185438" OBJECTID="174974997" OBJECTGUID="1d6d4194-d220-409b-a95b-2b6b822693b5" CHANGEID="689786852" HOUSENUM="53" ADDNUM1="1" HOUSETYPE="2" ADDTYPE1="2" OPERTYPEID="10" PREVID="0" NEXTID="0" UPDATEDATE="2025-10-01" STARTDATE="2025-10-01" ENDDATE="2079-06-06" ISACTUAL="1" ISACTIVE="1" /><HOUSE ID="129185440" OBJECTID="174974999" OBJECTGUID="a40a7b95-90d0-4f76-93ab-43b9c32ee350" CHANGEID="689786854" HOUSENUM="18" HOUSETYPE="2" OPERTYPEID="10" PREVID="0" NEXTID="0" UPDATEDATE="2025-10-01" STARTDATE="2025-10-01" ENDDATE="2079-06-06" ISACTUAL="1" ISACTIVE="1" /><HOUSE ID="129185442" OBJECTID="174975001" OBJECTGUID="50e4e315-d624-459e-9404-92b517a8fe50" CHANGEID="689786858" HOUSENUM="13" ADDNUM1="1" HOUSETYPE="2" ADDTYPE1="2" OPERTYPEID="10" PREVID="0" NEXTID="0" UPDATEDATE="2025-10-01" STARTDATE="2025-10-01" ENDDATE="2079-06-06" ISACTUAL="1" ISACTIVE="1" /><HOUSE ID="129185443" OBJECTID="174975002" OBJECTGUID="f549178d-51eb-486e-b7cb-7a500137916b" CHANGEID="689786860" HOUSENUM="17" HOUSETYPE="2" OPERTYPEID="10" PREVID="0" NEXTID="0" UPDATEDATE="2025-10-01" STARTDATE="2025-10-01" ENDDATE="2079-06-06" ISACTUAL="1" ISACTIVE="1" /><HOUSE ID="129185445" OBJECTID="174975003" OBJECTGUID="3229604c-419e-493b-b098-b081a78adce7" CHANGEID="689786862" HOUSENUM="69" HOUSETYPE="2" OPERTYPEID="10" PREVID="0" NEXTID="0" UPDATEDATE="2025-10-01" STARTDATE="2025-10-01" ENDDATE="2079-06-06" ISACTUAL="1" ISACTIVE="1" /><HOUSE ID="129185447" OBJECTID="174975005" OBJECTGUID="2ae22cbf-317e-422e-a069-2090ea37f70f" CHANGEID="689786864" HOUSENUM="7" HOUSETYPE="2" OPERTYPEID="10" PREVID="0" NEXTID="0" UPDATEDATE="2025-10-01" STARTDATE="2025-10-01" ENDDATE="2079-06-06" ISACTUAL="1" ISACTIVE="1" /><HOUSE ID="129185457" OBJECTID="174975035" OBJECTGUID="ac51a733-81c2-4fe6-9aed-1330c1d5b3af" CHANGEID="689786974" HOUSENUM="13" HOUSETYPE="2" OPERTYPEID="10" PREVID="0" NEXTID="0" UPDATEDATE="2025-10-01" STARTDATE="2025-10-01" ENDDATE="2079-06-06" ISACTUAL="1" ISACTIVE="1" /><HOUSE ID="129185459" OBJECTID="174975037" OBJECTGUID="f6bcadf6-6e4d-415b-ab88-41fcd62d292f" CHANGEID="689786984" HOUSENUM="8" ADDNUM1="1" HOUSETYPE="2" ADDTYPE1="2" OPERTYPEID="10" PREVID="0" NEXTID="0" UPDATEDATE="2025-10-01" STARTDATE="2025-10-01" ENDDATE="2079-06-06" ISACTUAL="1" ISACTIVE="1" /><HOUSE ID="129185433" OBJECTID="174974990" OBJECTGUID="43a56272-4786-4291-a983-4c2dbd7de542" CHANGEID="689786794" HOUSENUM="53/3" HOUSETYPE="2" OPERTYPEID="10" PREVID="0" NEXTID="0" UPDATEDATE="2025-10-01" STARTDATE="2025-10-01" ENDDATE="2079-06-06" ISACTUAL="1" ISACTIVE="1" /><HOUSE ID="129185434" OBJECTID="174974991" OBJECTGUID="718c0bc6-da29-48d9-9bfc-3e37a147b0c6" CHANGEID="689786804" HOUSENUM="1" HOUSETYPE="2" OPERTYPEID="10" PREVID="0" NEXTID="0" UPDATEDATE="2025-10-01" STARTDATE="2025-10-01" ENDDATE="2079-06-06" ISACTUAL="1" ISACTIVE="1" /><HOUSE ID="129185439" OBJECTID="174974998" OBJECTGUID="dd171627-c7d1-4a4e-b42b-6618ea9ee44a" CHANGEID="689786853" HOUSENUM="1" HOUSETYPE="2" OPERTYPEID="10" PREVID="0" NEXTID="0" UPDATEDATE="2025-10-01" STARTDATE="2025-10-01" ENDDATE="2079-06-06" ISACTUAL="1" ISACTIVE="1" /><HOUSE ID="129185441" OBJECTID="174975000" OBJECTGUID="5847ad2a-56bd-4850-ab05-7f4b33397b48" CHANGEID="689786857" HOUSENUM="35" HOUSETYPE="2" OPERTYPEID="10" PREVID="0" NEXTID="0" UPDATEDATE="2025-10-01" STARTDATE="2025-10-01" ENDDATE="2079-06-06" ISACTUAL="1" ISACTIVE="1" /><HOUSE ID="129185446" OBJECTID="174975004" OBJECTGUID="24bac825-89c7-44f7-a604-3c9d17d75c93" CHANGEID="689786863" HOUSENUM="46" HOUSETYPE="2" OPERTYPEID="10" PREVID="0" NEXTID="0" UPDATEDATE="2025-10-01" STARTDATE="2025-10-01" ENDDATE="2079-06-06" ISACTUAL="1" ISACTIVE="1" /><HOUSE ID="129185448" OBJECTID="174975006" OBJECTGUID="c6466ce5-7951-4087-9686-8041c9d46a1c" CHANGEID="689786865" HOUSENUM="6" HOUSETYPE="2" OPERTYPEID="10" PREVID="0" NEXTID="0" UPDATEDATE="2025-10-01" STARTDATE="2025-10-01" ENDDATE="2079-06-06" ISACTUAL="1" ISACTIVE="1" /><HOUSE ID="129185458" OBJECTID="174975036" OBJECTGUID="9fa4f63a-fd41-46c9-bdb6-0b9e66397eca" CHANGEID="689786977" HOUSENUM="25" ADDNUM1="1" HOUSETYPE="2" ADDTYPE1="2" OPERTYPEID="10" PREVID="0" NEXTID="0" UPDATEDATE="2025-10-01" STARTDATE="2025-10-01" ENDDATE="2079-06-06" ISACTUAL="1" ISACTIVE="1" /><HOUSE ID="129185756" OBJECTID="174976223" OBJECTGUID="2aa5b63c-067d-45db-be1c-e5b279c8a6ba" CHANGEID="689789312" HOUSENUM="8" ADDNUM1="1" HOUSETYPE="2" ADDTYPE1="2" OPERTYPEID="10" PREVID="0" NEXTID="0" UPDATEDATE="2025-10-01" STARTDATE="2025-10-01" ENDDATE="2079-06-06" ISACTUAL="1" ISACTIVE="1" /><HOUSE ID="129185754" OBJECTID="174976220" OBJECTGUID="fae39d20-6b47-4e6f-8b9f-161ef406b8df" CHANGEID="689789309" HOUSENUM="8А" HOUSETYPE="2" OPERTYPEID="10" PREVID="0" NEXTID="0" UPDATEDATE="2025-10-01" STARTDATE="2025-10-01" ENDDATE="2079-06-06" ISACTUAL="1" ISACTIVE="1" /><HOUSE ID="129185755" OBJECTID="174976222" OBJECTGUID="c7f29aad-9381-4df1-a6b3-380ac0024581" CHANGEID="689789311" HOUSENUM="7/2" HOUSETYPE="2" OPERTYPEID="10" PREVID="0" NEXTID="0" UPDATEDATE="2025-10-01" STARTDATE="2025-10-01" ENDDATE="2079-06-06" ISACTUAL="1" ISACTIVE="1" /><HOUSE ID="129186596" OBJECTID="174979555" OBJECTGUID="e7607da9-6a15-4ab9-b534-bb70c4097678" CHANGEID="689795063" HOUSENUM="47/1" HOUSETYPE="2" OPERTYPEID="10" PREVID="0" NEXTID="0" UPDATEDATE="2025-10-01" STARTDATE="2025-10-01" ENDDATE="2079-06-06" ISACTUAL="1" ISACTIVE="1" /><HOUSE ID="129187064" OBJECTID="174980941" OBJECTGUID="ad311941-345b-4470-8127-8c5c152a7e9d" CHANGEID="689798207" HOUSENUM="1" HOUSETYPE="5" OPERTYPEID="10" PREVID="0" NEXTID="0" UPDATEDATE="2025-10-01" STARTDATE="2025-10-01" ENDDATE="2079-06-06" ISACTUAL="1" ISACTIVE="1" /><HOUSE ID="129187065" OBJECTID="174980942" OBJECTGUID="2bfd2d88-b025-4a28-b4ea-571a3fdbd2f3" CHANGEID="689798249" HOUSENUM="5" HOUSETYPE="2" OPERTYPEID="10" PREVID="0" NEXTID="0" UPDATEDATE="2025-10-01" STARTDATE="2025-10-01" ENDDATE="2079-06-06" ISACTUAL="1" ISACTIVE="1" /></HOUSES>