﻿<?xml version="1.0" encoding="utf-8"?><STEADS><STEAD ID="10847971" OBJECTID="95486433" OBJECTGUID="0ff32a82-ad5a-4620-9dbe-21c35d901cdd" CHANGEID="138772148" NUMBER="53/5" OPERTYPEID="10" PREVID="0" NEXTID="74183071" UPDATEDATE="2025-09-30" STARTDATE="2020-02-06" ENDDATE="2025-09-30" ISACTUAL="0" ISACTIVE="0" /><STEAD ID="949846" OBJECTID="85500345" OBJECTGUID="a63adc8e-9ff6-4a3f-9c6b-49ef03d87568" CHANGEID="126945854" NUMBER="К26" OPERTYPEID="10" NEXTID="74183052" UPDATEDATE="2025-09-30" STARTDATE="2018-07-03" ENDDATE="2025-09-30" ISACTUAL="0" ISACTIVE="0" /><STEAD ID="1225835" OBJECTID="85775012" OBJECTGUID="a27681be-bf45-439c-8b44-c0f616bad9be" CHANGEID="127327863" NUMBER="6/4" OPERTYPEID="10" NEXTID="74183065" UPDATEDATE="2025-09-30" STARTDATE="2018-10-24" ENDDATE="2025-09-30" ISACTUAL="0" ISACTIVE="0" /><STEAD ID="2521755" OBJECTID="87065164" OBJECTGUID="3e5e4cd1-8e18-46b4-9c2e-0df2f498f58b" CHANGEID="129038372" NUMBER="77" OPERTYPEID="10" NEXTID="74181260" UPDATEDATE="2025-09-30" STARTDATE="2015-11-27" ENDDATE="2025-09-30" ISACTUAL="0" ISACTIVE="0" /><STEAD ID="13666163" OBJECTID="100472503" OBJECTGUID="f0150d3d-acc5-4902-a459-f83ffe9c0b66" CHANGEID="181695980" NUMBER="4" OPERTYPEID="10" PREVID="0" NEXTID="74198414" UPDATEDATE="2025-10-01" STARTDATE="2021-03-04" ENDDATE="2025-10-01" ISACTUAL="0" ISACTIVE="0" /><STEAD ID="4717611" OBJECTID="89254600" OBJECTGUID="773bc39b-9a30-4730-9d19-860e221926ea" CHANGEID="131699383" NUMBER="24" OPERTYPEID="10" NEXTID="74182680" UPDATEDATE="2025-09-30" STARTDATE="2018-08-30" ENDDATE="2025-09-30" ISACTUAL="0" ISACTIVE="0" /><STEAD ID="8340244" OBJECTID="92873839" OBJECTGUID="fbbd1309-d346-498b-a27b-7eae797147b7" CHANGEID="135719897" NUMBER="27" OPERTYPEID="10" NEXTID="74164068" UPDATEDATE="2025-09-29" STARTDATE="2019-07-15" ENDDATE="2025-09-29" ISACTUAL="0" ISACTIVE="0" /><STEAD ID="71462402" OBJECTID="169980345" OBJECTGUID="962b2bd5-5e3b-43e6-b172-84da62986fc5" CHANGEID="635213653" NUMBER="19" OPERTYPEID="61" PREVID="71462401" NEXTID="74182694" UPDATEDATE="2025-09-30" STARTDATE="2025-02-04" ENDDATE="2025-09-30" ISACTUAL="0" ISACTIVE="0" /><STEAD ID="74095733" OBJECTID="88178519" OBJECTGUID="21f19ad4-bbd6-4b30-806a-d7f89f974356" CHANGEID="689317357" NUMBER="7/1" OPERTYPEID="20" PREVID="3638926" NEXTID="74184039" UPDATEDATE="2025-09-30" STARTDATE="2025-09-23" ENDDATE="2025-09-30" ISACTUAL="0" ISACTIVE="0" /><STEAD ID="74096919" OBJECTID="86956496" OBJECTGUID="2ed4c192-02bc-4e2a-9271-d8ebda7ff372" CHANGEID="689320275" NUMBER="25" OPERTYPEID="20" PREVID="2412655" NEXTID="74181302" UPDATEDATE="2025-09-30" STARTDATE="2025-09-23" ENDDATE="2025-09-30" ISACTUAL="0" ISACTIVE="0" /><STEAD ID="74150100" OBJECTID="174884219" OBJECTGUID="662ad743-8da4-495d-ab2f-2af2a77b4efb" CHANGEID="689576723" NUMBER="6/2" OPERTYPEID="10" PREVID="0" NEXTID="74183350" UPDATEDATE="2025-09-30" STARTDATE="2025-09-26" ENDDATE="2025-09-30" ISACTUAL="0" ISACTIVE="0" /><STEAD ID="74163253" OBJECTID="174909990" OBJECTGUID="004059d1-bd4c-4d2a-b159-7188ba5b1f6d" CHANGEID="689624447" NUMBER="23а" OPERTYPEID="10" PREVID="0" NEXTID="0" UPDATEDATE="2025-09-29" STARTDATE="2025-09-29" ENDDATE="2079-06-06" ISACTUAL="1" ISACTIVE="1" /><STEAD ID="74163251" OBJECTID="174909988" OBJECTGUID="7782dd18-39fc-47fd-a734-8deecdf9a0cb" CHANGEID="689624445" NUMBER="14" OPERTYPEID="10" PREVID="0" NEXTID="0" UPDATEDATE="2025-09-29" STARTDATE="2025-09-29" ENDDATE="2079-06-06" ISACTUAL="1" ISACTIVE="1" /><STEAD ID="74163252" OBJECTID="174909989" OBJECTGUID="7256a8f8-36c7-4b1e-85c9-893663d0dbd9" CHANGEID="689624446" NUMBER="41" OPERTYPEID="10" PREVID="0" NEXTID="0" UPDATEDATE="2025-09-29" STARTDATE="2025-09-29" ENDDATE="2079-06-06" ISACTUAL="1" ISACTIVE="1" /><STEAD ID="74163255" OBJECTID="174909992" OBJECTGUID="41889dd7-624a-4e1b-a9ea-f86ad3b0f493" CHANGEID="689624512" NUMBER="17/2" OPERTYPEID="10" PREVID="0" NEXTID="0" UPDATEDATE="2025-09-29" STARTDATE="2025-09-29" ENDDATE="2079-06-06" ISACTUAL="1" ISACTIVE="1" /><STEAD ID="74163643" OBJECTID="174910795" OBJECTGUID="656ff416-432f-4b24-bcc4-c24a5e8edb92" CHANGEID="689626300" NUMBER="1/1" OPERTYPEID="10" PREVID="0" NEXTID="0" UPDATEDATE="2025-09-29" STARTDATE="2025-09-29" ENDDATE="2079-06-06" ISACTUAL="1" ISACTIVE="1" /><STEAD ID="74163959" OBJECTID="174911274" OBJECTGUID="965cc2f2-9979-42a9-8e86-8bd5bc315ab4" CHANGEID="689628089" NUMBER="Д13а" OPERTYPEID="10" PREVID="0" NEXTID="0" UPDATEDATE="2025-09-29" STARTDATE="2025-09-29" ENDDATE="2079-06-06" ISACTUAL="1" ISACTIVE="1" /><STEAD ID="74163962" OBJECTID="174911284" OBJECTGUID="12af8b32-8ca2-46ed-9f0e-58621f30879a" CHANGEID="689628108" NUMBER="30а" OPERTYPEID="10" PREVID="0" NEXTID="0" UPDATEDATE="2025-09-29" STARTDATE="2025-09-29" ENDDATE="2079-06-06" ISACTUAL="1" ISACTIVE="1" /><STEAD ID="74163970" OBJECTID="174911297" OBJECTGUID="c1130a2f-dc3b-4201-814c-9226f9c385ed" CHANGEID="689628121" NUMBER="2к" OPERTYPEID="10" PREVID="0" NEXTID="0" UPDATEDATE="2025-09-29" STARTDATE="2025-09-29" ENDDATE="2079-06-06" ISACTUAL="1" ISACTIVE="1" /><STEAD ID="74164068" OBJECTID="92873839" OBJECTGUID="fbbd1309-d346-498b-a27b-7eae797147b7" CHANGEID="689628414" NUMBER="27/2" OPERTYPEID="20" PREVID="8340244" UPDATEDATE="2025-09-29" STARTDATE="2025-09-29" ENDDATE="2079-06-06" ISACTUAL="1" ISACTIVE="1" /><STEAD ID="74164076" OBJECTID="174911462" OBJECTGUID="a6f9f57e-3ac0-4ab5-96b1-26d397f391fe" CHANGEID="689628441" NUMBER="25/1" OPERTYPEID="10" PREVID="0" NEXTID="0" UPDATEDATE="2025-09-29" STARTDATE="2025-09-29" ENDDATE="2079-06-06" ISACTUAL="1" ISACTIVE="1" /><STEAD ID="74165990" OBJECTID="174914176" OBJECTGUID="8409a8ad-6197-4d7c-8a54-be09cb6adebc" CHANGEID="689634994" NUMBER="53/2" OPERTYPEID="10" PREVID="0" NEXTID="0" UPDATEDATE="2025-09-29" STARTDATE="2025-09-29" ENDDATE="2079-06-06" ISACTUAL="1" ISACTIVE="1" /><STEAD ID="74165986" OBJECTID="174914170" OBJECTGUID="da7d3ae4-b393-43b4-8fe6-8ffb6f71d3db" CHANGEID="689634983" NUMBER="2б/1/2" OPERTYPEID="10" PREVID="0" NEXTID="0" UPDATEDATE="2025-09-29" STARTDATE="2025-09-29" ENDDATE="2079-06-06" ISACTUAL="1" ISACTIVE="1" /><STEAD ID="74165991" OBJECTID="174914177" OBJECTGUID="96bfe54a-17dd-45e9-9c16-87b88a68be84" CHANGEID="689634997" NUMBER="53/1" OPERTYPEID="10" PREVID="0" NEXTID="0" UPDATEDATE="2025-09-29" STARTDATE="2025-09-29" ENDDATE="2079-06-06" ISACTUAL="1" ISACTIVE="1" /><STEAD ID="74167213" OBJECTID="174916942" OBJECTGUID="6f7a9d0b-4331-4d60-936c-dfec7c8e40e9" CHANGEID="689639923" NUMBER="31в/17" OPERTYPEID="10" PREVID="0" NEXTID="0" UPDATEDATE="2025-09-29" STARTDATE="2025-09-29" ENDDATE="2079-06-06" ISACTUAL="1" ISACTIVE="1" /><STEAD ID="74167214" OBJECTID="174916944" OBJECTGUID="7d4cff60-7d41-4675-8345-2bf6108b363c" CHANGEID="689639925" NUMBER="8г/12" OPERTYPEID="10" PREVID="0" NEXTID="0" UPDATEDATE="2025-09-29" STARTDATE="2025-09-29" ENDDATE="2079-06-06" ISACTUAL="1" ISACTIVE="1" /><STEAD ID="74168117" OBJECTID="174918555" OBJECTGUID="3d6b2d87-17c7-4e40-8dbe-df3bc5360c36" CHANGEID="689643926" NUMBER="10" OPERTYPEID="10" PREVID="0" NEXTID="0" UPDATEDATE="2025-09-29" STARTDATE="2025-09-29" ENDDATE="2079-06-06" ISACTUAL="1" ISACTIVE="1" /><STEAD ID="74168880" OBJECTID="174919762" OBJECTGUID="9c71d465-93bc-411f-8645-784d8064a371" CHANGEID="689645759" NUMBER="3/1" OPERTYPEID="10" PREVID="0" NEXTID="0" UPDATEDATE="2025-09-29" STARTDATE="2025-09-29" ENDDATE="2079-06-06" ISACTUAL="1" ISACTIVE="1" /><STEAD ID="74168879" OBJECTID="174919760" OBJECTGUID="4a0366ac-70af-4c95-ae84-f7a8452bf0a5" CHANGEID="689645756" NUMBER="6/3" OPERTYPEID="10" PREVID="0" NEXTID="0" UPDATEDATE="2025-09-29" STARTDATE="2025-09-29" ENDDATE="2079-06-06" ISACTUAL="1" ISACTIVE="1" /><STEAD ID="74169205" OBJECTID="174920247" OBJECTGUID="a8799ebb-a73f-478c-8819-e3eec8c0f90e" CHANGEID="689646545" NUMBER="1" OPERTYPEID="10" PREVID="0" NEXTID="0" UPDATEDATE="2025-09-29" STARTDATE="2025-09-29" ENDDATE="2079-06-06" ISACTUAL="1" ISACTIVE="1" /><STEAD ID="74169292" OBJECTID="86852798" OBJECTGUID="33da342c-17e4-42b0-8eca-13bcc0e75177" CHANGEID="689646825" NUMBER="47/3" OPERTYPEID="60" PREVID="2308583" UPDATEDATE="2025-09-29" STARTDATE="2025-09-29" ENDDATE="2079-06-06" ISACTUAL="1" ISACTIVE="0" /><STEAD ID="2308583" OBJECTID="86852798" OBJECTGUID="33da342c-17e4-42b0-8eca-13bcc0e75177" CHANGEID="128765645" NUMBER="47/3" OPERTYPEID="10" NEXTID="74169292" UPDATEDATE="2025-09-29" STARTDATE="2018-02-08" ENDDATE="2025-09-29" ISACTUAL="0" ISACTIVE="0" /><STEAD ID="74169293" OBJECTID="174920426" OBJECTGUID="094d419a-3b23-45fc-ab60-1ca41b2bc914" CHANGEID="689646826" NUMBER="47/3А" OPERTYPEID="61" PREVID="74169292" NEXTID="74181096" UPDATEDATE="2025-09-30" STARTDATE="2025-09-29" ENDDATE="2025-09-30" ISACTUAL="0" ISACTIVE="0" /><STEAD ID="74169294" OBJECTID="174920427" OBJECTGUID="5cde7f38-fe72-481f-9509-3b0e60c261a8" CHANGEID="689646827" NUMBER="47/3" OPERTYPEID="61" PREVID="74169292" NEXTID="0" UPDATEDATE="2025-09-29" STARTDATE="2025-09-29" ENDDATE="2079-06-06" ISACTUAL="1" ISACTIVE="1" /><STEAD ID="74180606" OBJECTID="174945747" OBJECTGUID="f3aa7387-8c43-4690-aace-b07694e93343" CHANGEID="689702151" NUMBER="1А" OPERTYPEID="10" PREVID="0" NEXTID="0" UPDATEDATE="2025-09-30" STARTDATE="2025-09-30" ENDDATE="2079-06-06" ISACTUAL="1" ISACTIVE="1" /><STEAD ID="74180807" OBJECTID="174946064" OBJECTGUID="35715b82-d113-4615-a21f-3b46d9818616" CHANGEID="689702993" NUMBER="1/1" OPERTYPEID="10" PREVID="0" NEXTID="0" UPDATEDATE="2025-09-30" STARTDATE="2025-09-30" ENDDATE="2079-06-06" ISACTUAL="1" ISACTIVE="1" /><STEAD ID="74180814" OBJECTID="174946080" OBJECTGUID="fa2d6c39-07f3-4bda-a0e7-be9ceb045837" CHANGEID="689703065" NUMBER="17" OPERTYPEID="10" PREVID="0" NEXTID="0" UPDATEDATE="2025-09-30" STARTDATE="2025-09-30" ENDDATE="2079-06-06" ISACTUAL="1" ISACTIVE="1" /><STEAD ID="74180815" OBJECTID="174946081" OBJECTGUID="4266a1d6-ebd3-4d6a-a866-eaab11d74284" CHANGEID="689703066" NUMBER="16А" OPERTYPEID="10" PREVID="0" NEXTID="0" UPDATEDATE="2025-09-30" STARTDATE="2025-09-30" ENDDATE="2079-06-06" ISACTUAL="1" ISACTIVE="1" /><STEAD ID="74180816" OBJECTID="174946082" OBJECTGUID="69e28313-06dd-4cbb-afc1-8c9d48b655e6" CHANGEID="689703067" NUMBER="17В" OPERTYPEID="10" PREVID="0" NEXTID="0" UPDATEDATE="2025-09-30" STARTDATE="2025-09-30" ENDDATE="2079-06-06" ISACTUAL="1" ISACTIVE="1" /><STEAD ID="74180817" OBJECTID="174946083" OBJECTGUID="1e3eb46c-a49c-4507-81a5-eb55a2e04c6d" CHANGEID="689703068" NUMBER="18" OPERTYPEID="10" PREVID="0" NEXTID="0" UPDATEDATE="2025-09-30" STARTDATE="2025-09-30" ENDDATE="2079-06-06" ISACTUAL="1" ISACTIVE="1" /><STEAD ID="74180818" OBJECTID="174946084" OBJECTGUID="ffb55640-fdd1-41b3-8d67-956bd1bdcb85" CHANGEID="689703069" NUMBER="83" OPERTYPEID="10" PREVID="0" NEXTID="0" UPDATEDATE="2025-09-30" STARTDATE="2025-09-30" ENDDATE="2079-06-06" ISACTUAL="1" ISACTIVE="1" /><STEAD ID="74180819" OBJECTID="174946085" OBJECTGUID="b597ddbf-ab74-42c4-9151-2d909cb26755" CHANGEID="689703070" NUMBER="83/1" OPERTYPEID="10" PREVID="0" NEXTID="0" UPDATEDATE="2025-09-30" STARTDATE="2025-09-30" ENDDATE="2079-06-06" ISACTUAL="1" ISACTIVE="1" /><STEAD ID="74181081" OBJECTID="174946746" OBJECTGUID="c8163807-0d8b-4422-a685-4477e2668267" CHANGEID="689704109" NUMBER="11/2" OPERTYPEID="10" PREVID="0" NEXTID="0" UPDATEDATE="2025-09-30" STARTDATE="2025-09-30" ENDDATE="2079-06-06" ISACTUAL="1" ISACTIVE="1" /><STEAD ID="74181087" OBJECTID="174946767" OBJECTGUID="71c8c0f5-e4a0-45b1-b929-b05d3bcc431c" CHANGEID="689704217" NUMBER="92/11А" OPERTYPEID="10" PREVID="0" NEXTID="0" UPDATEDATE="2025-09-30" STARTDATE="2025-09-30" ENDDATE="2079-06-06" ISACTUAL="1" ISACTIVE="1" /><STEAD ID="74181088" OBJECTID="174946768" OBJECTGUID="19f77f64-b876-42a2-b9d3-beba9d060422" CHANGEID="689704218" NUMBER="92/11" OPERTYPEID="10" PREVID="0" NEXTID="0" UPDATEDATE="2025-09-30" STARTDATE="2025-09-30" ENDDATE="2079-06-06" ISACTUAL="1" ISACTIVE="1" /><STEAD ID="74181089" OBJECTID="174946769" OBJECTGUID="dafa4775-98ba-4c36-a03c-8a06c157f06e" CHANGEID="689704219" NUMBER="371К" OPERTYPEID="10" PREVID="0" NEXTID="0" UPDATEDATE="2025-09-30" STARTDATE="2025-09-30" ENDDATE="2079-06-06" ISACTUAL="1" ISACTIVE="1" /><STEAD ID="74181090" OBJECTID="174946770" OBJECTGUID="edad2dcb-9bfc-4c99-ae62-3762348fffba" CHANGEID="689704220" NUMBER="372К" OPERTYPEID="10" PREVID="0" NEXTID="0" UPDATEDATE="2025-09-30" STARTDATE="2025-09-30" ENDDATE="2079-06-06" ISACTUAL="1" ISACTIVE="1" /><STEAD ID="74181091" OBJECTID="174946771" OBJECTGUID="ae86dfd4-d651-424b-981d-58aef95028fb" CHANGEID="689704221" NUMBER="373К" OPERTYPEID="10" PREVID="0" NEXTID="0" UPDATEDATE="2025-09-30" STARTDATE="2025-09-30" ENDDATE="2079-06-06" ISACTUAL="1" ISACTIVE="1" /><STEAD ID="74181092" OBJECTID="174946772" OBJECTGUID="01f89549-d2ff-4d8b-aff5-5772bcb1a8f9" CHANGEID="689704222" NUMBER="374К" OPERTYPEID="10" PREVID="0" NEXTID="0" UPDATEDATE="2025-09-30" STARTDATE="2025-09-30" ENDDATE="2079-06-06" ISACTUAL="1" ISACTIVE="1" /><STEAD ID="74181093" OBJECTID="174946773" OBJECTGUID="30303aea-3b2b-4b65-bb1b-8fd5404a957b" CHANGEID="689704223" NUMBER="375К" OPERTYPEID="10" PREVID="0" NEXTID="0" UPDATEDATE="2025-09-30" STARTDATE="2025-09-30" ENDDATE="2079-06-06" ISACTUAL="1" ISACTIVE="1" /><STEAD ID="74181094" OBJECTID="174946774" OBJECTGUID="2c234dc9-4ae0-477e-bc8b-a5bd2daf3e36" CHANGEID="689704224" NUMBER="376К" OPERTYPEID="10" PREVID="0" NEXTID="0" UPDATEDATE="2025-09-30" STARTDATE="2025-09-30" ENDDATE="2079-06-06" ISACTUAL="1" ISACTIVE="1" /><STEAD ID="74181095" OBJECTID="174946775" OBJECTGUID="cfa4b24e-8ba9-4515-89ed-8a2f8818c2cd" CHANGEID="689704225" NUMBER="36" OPERTYPEID="10" PREVID="0" NEXTID="0" UPDATEDATE="2025-09-30" STARTDATE="2025-09-30" ENDDATE="2079-06-06" ISACTUAL="1" ISACTIVE="1" /><STEAD ID="74181096" OBJECTID="174920426" OBJECTGUID="094d419a-3b23-45fc-ab60-1ca41b2bc914" CHANGEID="689704240" NUMBER="53/3" OPERTYPEID="50" PREVID="74169293" UPDATEDATE="2025-09-30" STARTDATE="2025-09-30" ENDDATE="2079-06-06" ISACTUAL="1" ISACTIVE="1" /><STEAD ID="74181097" OBJECTID="91966803" OBJECTGUID="3e8d9637-5c86-4409-8a76-00d7ab540f13" CHANGEID="689704242" NUMBER="Н28" OPERTYPEID="60" PREVID="7432750" UPDATEDATE="2025-09-30" STARTDATE="2025-09-30" ENDDATE="2079-06-06" ISACTUAL="1" ISACTIVE="0" /><STEAD ID="7432750" OBJECTID="91966803" OBJECTGUID="3e8d9637-5c86-4409-8a76-00d7ab540f13" CHANGEID="134746844" NUMBER="Н28" OPERTYPEID="10" NEXTID="74181097" UPDATEDATE="2025-09-30" STARTDATE="2018-07-04" ENDDATE="2025-09-30" ISACTUAL="0" ISACTIVE="0" /><STEAD ID="74181098" OBJECTID="174946781" OBJECTGUID="9d430cb1-7312-4b97-ac9b-587c5fc4475f" CHANGEID="689704243" NUMBER="Н28/1" OPERTYPEID="61" PREVID="74181097" NEXTID="0" UPDATEDATE="2025-09-30" STARTDATE="2025-09-30" ENDDATE="2079-06-06" ISACTUAL="1" ISACTIVE="1" /><STEAD ID="74181099" OBJECTID="174946782" OBJECTGUID="bf2a56d5-e116-4f53-a3cb-5a469a3db471" CHANGEID="689704244" NUMBER="Н28" OPERTYPEID="61" PREVID="74181097" NEXTID="0" UPDATEDATE="2025-09-30" STARTDATE="2025-09-30" ENDDATE="2079-06-06" ISACTUAL="1" ISACTIVE="1" /><STEAD ID="74181238" OBJECTID="174946977" OBJECTGUID="9b0e9b84-cc6b-4f04-b27e-341e8c9556bc" CHANGEID="689704562" NUMBER="7/2" OPERTYPEID="10" PREVID="0" NEXTID="0" UPDATEDATE="2025-09-30" STARTDATE="2025-09-30" ENDDATE="2079-06-06" ISACTUAL="1" ISACTIVE="1" /><STEAD ID="74181257" OBJECTID="174946993" OBJECTGUID="9791dba1-cc6a-491f-907c-84992be95666" CHANGEID="689704624" NUMBER="16а" OPERTYPEID="10" PREVID="0" NEXTID="0" UPDATEDATE="2025-09-30" STARTDATE="2025-09-30" ENDDATE="2079-06-06" ISACTUAL="1" ISACTIVE="1" /><STEAD ID="74181258" OBJECTID="174946994" OBJECTGUID="6727efde-c2c7-4dd7-83b0-ab07bbdf024e" CHANGEID="689704625" NUMBER="2/5" OPERTYPEID="10" PREVID="0" NEXTID="0" UPDATEDATE="2025-09-30" STARTDATE="2025-09-30" ENDDATE="2079-06-06" ISACTUAL="1" ISACTIVE="1" /><STEAD ID="74181260" OBJECTID="87065164" OBJECTGUID="3e5e4cd1-8e18-46b4-9c2e-0df2f498f58b" CHANGEID="689704627" NUMBER="45" OPERTYPEID="20" PREVID="2521755" UPDATEDATE="2025-09-30" STARTDATE="2025-09-30" ENDDATE="2079-06-06" ISACTUAL="1" ISACTIVE="1" /><STEAD ID="74181357" OBJECTID="174947100" OBJECTGUID="d6fd3bc0-3fc9-4f49-86e9-3b5f99b19fe3" CHANGEID="689704839" NUMBER="21" OPERTYPEID="10" PREVID="0" NEXTID="0" UPDATEDATE="2025-09-30" STARTDATE="2025-09-30" ENDDATE="2079-06-06" ISACTUAL="1" ISACTIVE="1" /><STEAD ID="2499864" OBJECTID="87043359" OBJECTGUID="54ab08cf-ff6c-437d-b70d-3f74aed8c054" CHANGEID="129010619" NUMBER="26" OPERTYPEID="10" NEXTID="74181259" UPDATEDATE="2025-09-30" STARTDATE="2015-11-27" ENDDATE="2025-09-30" ISACTUAL="0" ISACTIVE="0" /><STEAD ID="74181259" OBJECTID="87043359" OBJECTGUID="54ab08cf-ff6c-437d-b70d-3f74aed8c054" CHANGEID="689704626" NUMBER="44" OPERTYPEID="20" PREVID="2499864" UPDATEDATE="2025-09-30" STARTDATE="2025-09-30" ENDDATE="2079-06-06" ISACTUAL="1" ISACTIVE="1" /><STEAD ID="74181302" OBJECTID="86956496" OBJECTGUID="2ed4c192-02bc-4e2a-9271-d8ebda7ff372" CHANGEID="689704764" NUMBER="25/1" OPERTYPEID="20" PREVID="74096919" UPDATEDATE="2025-09-30" STARTDATE="2025-09-30" ENDDATE="2079-06-06" ISACTUAL="1" ISACTIVE="1" /><STEAD ID="74181446" OBJECTID="174947248" OBJECTGUID="5d73a187-8bab-41b6-80b7-a5468057b784" CHANGEID="689705071" NUMBER="6кА" OPERTYPEID="10" PREVID="0" NEXTID="0" UPDATEDATE="2025-09-30" STARTDATE="2025-09-30" ENDDATE="2079-06-06" ISACTUAL="1" ISACTIVE="1" /><STEAD ID="74181447" OBJECTID="174947251" OBJECTGUID="dd03a24a-a5e3-42b5-b4c1-2dcea6dc01b8" CHANGEID="689705075" NUMBER="10б/2" OPERTYPEID="10" PREVID="0" NEXTID="0" UPDATEDATE="2025-09-30" STARTDATE="2025-09-30" ENDDATE="2079-06-06" ISACTUAL="1" ISACTIVE="1" /><STEAD ID="74181448" OBJECTID="174947252" OBJECTGUID="3c0f4a6f-041e-41a8-9dee-f43c6ee97e63" CHANGEID="689705077" NUMBER="164/90" OPERTYPEID="10" PREVID="0" NEXTID="0" UPDATEDATE="2025-09-30" STARTDATE="2025-09-30" ENDDATE="2079-06-06" ISACTUAL="1" ISACTIVE="1" /><STEAD ID="74181449" OBJECTID="174947253" OBJECTGUID="b96f295d-02ab-4441-916b-c3042990be13" CHANGEID="689705078" NUMBER="282/12" OPERTYPEID="10" PREVID="0" NEXTID="0" UPDATEDATE="2025-09-30" STARTDATE="2025-09-30" ENDDATE="2079-06-06" ISACTUAL="1" ISACTIVE="1" /><STEAD ID="74181450" OBJECTID="174947254" OBJECTGUID="f1bff1af-69b5-4857-8367-8eb9a16bba5a" CHANGEID="689705079" NUMBER="162/30" OPERTYPEID="10" PREVID="0" NEXTID="0" UPDATEDATE="2025-09-30" STARTDATE="2025-09-30" ENDDATE="2079-06-06" ISACTUAL="1" ISACTIVE="1" /><STEAD ID="74181451" OBJECTID="174947255" OBJECTGUID="d7777457-9b64-402b-9656-ddefd23d376b" CHANGEID="689705080" NUMBER="164/49" OPERTYPEID="10" PREVID="0" NEXTID="0" UPDATEDATE="2025-09-30" STARTDATE="2025-09-30" ENDDATE="2079-06-06" ISACTUAL="1" ISACTIVE="1" /><STEAD ID="74181452" OBJECTID="174947256" OBJECTGUID="809d5084-1f8c-4224-b2d2-18057ac6a8b2" CHANGEID="689705081" NUMBER="162/62" OPERTYPEID="10" PREVID="0" NEXTID="0" UPDATEDATE="2025-09-30" STARTDATE="2025-09-30" ENDDATE="2079-06-06" ISACTUAL="1" ISACTIVE="1" /><STEAD ID="74181453" OBJECTID="174947257" OBJECTGUID="f63b9469-0256-42f4-a774-d58f6e69a021" CHANGEID="689705082" NUMBER="279/3" OPERTYPEID="10" PREVID="0" NEXTID="0" UPDATEDATE="2025-09-30" STARTDATE="2025-09-30" ENDDATE="2079-06-06" ISACTUAL="1" ISACTIVE="1" /><STEAD ID="74181454" OBJECTID="174947258" OBJECTGUID="a2c6a446-6189-400d-954d-93b68a9193c5" CHANGEID="689705083" NUMBER="310/20" OPERTYPEID="10" PREVID="0" NEXTID="0" UPDATEDATE="2025-09-30" STARTDATE="2025-09-30" ENDDATE="2079-06-06" ISACTUAL="1" ISACTIVE="1" /><STEAD ID="74181455" OBJECTID="174947259" OBJECTGUID="42ee6d3d-71a9-4d4a-af92-76bc7dabdee0" CHANGEID="689705084" NUMBER="307/7" OPERTYPEID="10" PREVID="0" NEXTID="0" UPDATEDATE="2025-09-30" STARTDATE="2025-09-30" ENDDATE="2079-06-06" ISACTUAL="1" ISACTIVE="1" /><STEAD ID="74181456" OBJECTID="174947260" OBJECTGUID="aa4125d8-eae5-422d-b905-bb309b97ef71" CHANGEID="689705085" NUMBER="306/13" OPERTYPEID="10" PREVID="0" NEXTID="0" UPDATEDATE="2025-09-30" STARTDATE="2025-09-30" ENDDATE="2079-06-06" ISACTUAL="1" ISACTIVE="1" /><STEAD ID="74181457" OBJECTID="174947261" OBJECTGUID="fc772ec1-0314-40d3-912f-5137e43cd044" CHANGEID="689705086" NUMBER="313/19" OPERTYPEID="10" PREVID="0" NEXTID="0" UPDATEDATE="2025-09-30" STARTDATE="2025-09-30" ENDDATE="2079-06-06" ISACTUAL="1" ISACTIVE="1" /><STEAD ID="74181458" OBJECTID="174947262" OBJECTGUID="a6cb6752-5226-43de-b3ce-512d0e31c4d6" CHANGEID="689705087" NUMBER="159/24" OPERTYPEID="10" PREVID="0" NEXTID="0" UPDATEDATE="2025-09-30" STARTDATE="2025-09-30" ENDDATE="2079-06-06" ISACTUAL="1" ISACTIVE="1" /><STEAD ID="4982599" OBJECTID="89519065" OBJECTGUID="55188753-c0aa-4e5b-9397-0b3153c31664" CHANGEID="131998454" NUMBER="61" OPERTYPEID="10" NEXTID="74181547" UPDATEDATE="2025-09-30" STARTDATE="2018-11-13" ENDDATE="2025-09-30" ISACTUAL="0" ISACTIVE="0" /><STEAD ID="74181547" OBJECTID="89519065" OBJECTGUID="55188753-c0aa-4e5b-9397-0b3153c31664" CHANGEID="689705359" NUMBER="57/1" OPERTYPEID="20" PREVID="4982599" UPDATEDATE="2025-09-30" STARTDATE="2025-09-30" ENDDATE="2079-06-06" ISACTUAL="1" ISACTIVE="1" /><STEAD ID="74181903" OBJECTID="174947963" OBJECTGUID="b5591853-0d08-4192-8b64-c7c05e4bdfce" CHANGEID="689706287" NUMBER="9/1" OPERTYPEID="10" PREVID="0" NEXTID="0" UPDATEDATE="2025-09-30" STARTDATE="2025-09-30" ENDDATE="2079-06-06" ISACTUAL="1" ISACTIVE="1" /><STEAD ID="74181904" OBJECTID="174947964" OBJECTGUID="9460d12e-ba8d-40af-8818-c45be3b872ee" CHANGEID="689706288" NUMBER="9" OPERTYPEID="10" PREVID="0" NEXTID="0" UPDATEDATE="2025-09-30" STARTDATE="2025-09-30" ENDDATE="2079-06-06" ISACTUAL="1" ISACTIVE="1" /><STEAD ID="74182680" OBJECTID="89254600" OBJECTGUID="773bc39b-9a30-4730-9d19-860e221926ea" CHANGEID="689708805" NUMBER="264/11" OPERTYPEID="50" PREVID="4717611" UPDATEDATE="2025-09-30" STARTDATE="2025-09-30" ENDDATE="2079-06-06" ISACTUAL="1" ISACTIVE="1" /><STEAD ID="74182694" OBJECTID="169980345" OBJECTGUID="962b2bd5-5e3b-43e6-b172-84da62986fc5" CHANGEID="689708831" NUMBER="19/2" OPERTYPEID="20" PREVID="71462402" UPDATEDATE="2025-09-30" STARTDATE="2025-09-30" ENDDATE="2079-06-06" ISACTUAL="1" ISACTIVE="1" /><STEAD ID="74183051" OBJECTID="174949754" OBJECTGUID="50600dc2-a065-450a-bb86-9110be31dd10" CHANGEID="689709730" NUMBER="280/16" OPERTYPEID="10" PREVID="0" NEXTID="0" UPDATEDATE="2025-09-30" STARTDATE="2025-09-30" ENDDATE="2079-06-06" ISACTUAL="1" ISACTIVE="1" /><STEAD ID="74183065" OBJECTID="85775012" OBJECTGUID="a27681be-bf45-439c-8b44-c0f616bad9be" CHANGEID="689709746" NUMBER="6/4" OPERTYPEID="60" PREVID="1225835" UPDATEDATE="2025-09-30" STARTDATE="2025-09-30" ENDDATE="2079-06-06" ISACTUAL="1" ISACTIVE="0" /><STEAD ID="74183066" OBJECTID="174949768" OBJECTGUID="8768475c-1f1f-4bc6-82f0-3ae28d537132" CHANGEID="689709747" NUMBER="6/4А" OPERTYPEID="61" PREVID="74183065" NEXTID="0" UPDATEDATE="2025-09-30" STARTDATE="2025-09-30" ENDDATE="2079-06-06" ISACTUAL="1" ISACTIVE="1" /><STEAD ID="74183067" OBJECTID="174949769" OBJECTGUID="7b91d7cb-e70d-4fd3-b6e2-430974240914" CHANGEID="689709748" NUMBER="6/4" OPERTYPEID="61" PREVID="74183065" NEXTID="0" UPDATEDATE="2025-09-30" STARTDATE="2025-09-30" ENDDATE="2079-06-06" ISACTUAL="1" ISACTIVE="1" /><STEAD ID="74183084" OBJECTID="85379947" OBJECTGUID="80f83239-72fd-4dce-b558-4b938a9c585b" CHANGEID="689709767" NUMBER="21/6А" OPERTYPEID="60" PREVID="828735" UPDATEDATE="2025-09-30" STARTDATE="2025-09-30" ENDDATE="2079-06-06" ISACTUAL="1" ISACTIVE="0" /><STEAD ID="828735" OBJECTID="85379947" OBJECTGUID="80f83239-72fd-4dce-b558-4b938a9c585b" CHANGEID="126777740" NUMBER="21/6А" OPERTYPEID="10" NEXTID="74183084" UPDATEDATE="2025-09-30" STARTDATE="2018-06-25" ENDDATE="2025-09-30" ISACTUAL="0" ISACTIVE="0" /><STEAD ID="74183085" OBJECTID="174949782" OBJECTGUID="01477166-2957-43c9-8094-74ae49b48955" CHANGEID="689709768" NUMBER="21/6Д" OPERTYPEID="61" PREVID="74183084" NEXTID="0" UPDATEDATE="2025-09-30" STARTDATE="2025-09-30" ENDDATE="2079-06-06" ISACTUAL="1" ISACTIVE="1" /><STEAD ID="74183086" OBJECTID="174949783" OBJECTGUID="357319c7-9272-4796-8c3f-633916fda240" CHANGEID="689709769" NUMBER="21/6А" OPERTYPEID="61" PREVID="74183084" NEXTID="0" UPDATEDATE="2025-09-30" STARTDATE="2025-09-30" ENDDATE="2079-06-06" ISACTUAL="1" ISACTIVE="1" /><STEAD ID="74183052" OBJECTID="85500345" OBJECTGUID="a63adc8e-9ff6-4a3f-9c6b-49ef03d87568" CHANGEID="689709731" NUMBER="К26" OPERTYPEID="60" PREVID="949846" UPDATEDATE="2025-09-30" STARTDATE="2025-09-30" ENDDATE="2079-06-06" ISACTUAL="1" ISACTIVE="0" /><STEAD ID="74183053" OBJECTID="174949755" OBJECTGUID="7aa3bdb1-9714-4dc8-8fea-156d67406d65" CHANGEID="689709732" NUMBER="К26/2" OPERTYPEID="61" PREVID="74183052" NEXTID="0" UPDATEDATE="2025-09-30" STARTDATE="2025-09-30" ENDDATE="2079-06-06" ISACTUAL="1" ISACTIVE="1" /><STEAD ID="74183054" OBJECTID="174949756" OBJECTGUID="12db8147-b7f7-44aa-a4ca-b8e3b062711c" CHANGEID="689709733" NUMBER="К26" OPERTYPEID="61" PREVID="74183052" NEXTID="0" UPDATEDATE="2025-09-30" STARTDATE="2025-09-30" ENDDATE="2079-06-06" ISACTUAL="1" ISACTIVE="1" /><STEAD ID="74183071" OBJECTID="95486433" OBJECTGUID="0ff32a82-ad5a-4620-9dbe-21c35d901cdd" CHANGEID="689709752" NUMBER="53/5" OPERTYPEID="60" PREVID="10847971" UPDATEDATE="2025-09-30" STARTDATE="2025-09-30" ENDDATE="2079-06-06" ISACTUAL="1" ISACTIVE="0" /><STEAD ID="74183072" OBJECTID="174949773" OBJECTGUID="34ef0721-fc9f-4087-9617-1796b50f006b" CHANGEID="689709753" NUMBER="53/5А" OPERTYPEID="61" PREVID="74183071" NEXTID="0" UPDATEDATE="2025-09-30" STARTDATE="2025-09-30" ENDDATE="2079-06-06" ISACTUAL="1" ISACTIVE="1" /><STEAD ID="74183073" OBJECTID="174949774" OBJECTGUID="05bb0ed7-c544-4081-9742-1519c70dff38" CHANGEID="689709754" NUMBER="53/5" OPERTYPEID="61" PREVID="74183071" NEXTID="0" UPDATEDATE="2025-09-30" STARTDATE="2025-09-30" ENDDATE="2079-06-06" ISACTUAL="1" ISACTIVE="1" /><STEAD ID="74183242" OBJECTID="174949970" OBJECTGUID="5249af1f-2083-4dca-bbbf-a34f4fd173e9" CHANGEID="689710009" NUMBER="77/1" OPERTYPEID="10" PREVID="0" NEXTID="0" UPDATEDATE="2025-09-30" STARTDATE="2025-09-30" ENDDATE="2079-06-06" ISACTUAL="1" ISACTIVE="1" /><STEAD ID="74183250" OBJECTID="174949985" OBJECTGUID="4f6dce77-692d-4a7e-b9a4-78daa68778e6" CHANGEID="689710068" NUMBER="26а/1" OPERTYPEID="10" PREVID="0" NEXTID="0" UPDATEDATE="2025-09-30" STARTDATE="2025-09-30" ENDDATE="2079-06-06" ISACTUAL="1" ISACTIVE="1" /><STEAD ID="74183254" OBJECTID="174949993" OBJECTGUID="a1640602-0ce3-48f0-a3fb-09eb9bc0f6da" CHANGEID="689710102" NUMBER="41" OPERTYPEID="10" PREVID="0" NEXTID="0" UPDATEDATE="2025-09-30" STARTDATE="2025-09-30" ENDDATE="2079-06-06" ISACTUAL="1" ISACTIVE="1" /><STEAD ID="74183350" OBJECTID="174884219" OBJECTGUID="662ad743-8da4-495d-ab2f-2af2a77b4efb" CHANGEID="689710339" NUMBER="6/4" OPERTYPEID="20" PREVID="74150100" UPDATEDATE="2025-09-30" STARTDATE="2025-09-30" ENDDATE="2079-06-06" ISACTUAL="1" ISACTIVE="1" /><STEAD ID="74184039" OBJECTID="88178519" OBJECTGUID="21f19ad4-bbd6-4b30-806a-d7f89f974356" CHANGEID="689711842" NUMBER="7а" OPERTYPEID="20" PREVID="74095733" UPDATEDATE="2025-09-30" STARTDATE="2025-09-30" ENDDATE="2079-06-06" ISACTUAL="1" ISACTIVE="1" /><STEAD ID="74184012" OBJECTID="174951040" OBJECTGUID="4b6835a0-410a-4317-9ec7-fef574db153f" CHANGEID="689711806" NUMBER="15" OPERTYPEID="10" PREVID="0" NEXTID="0" UPDATEDATE="2025-09-30" STARTDATE="2025-09-30" ENDDATE="2079-06-06" ISACTUAL="1" ISACTIVE="1" /><STEAD ID="74184025" OBJECTID="174951053" OBJECTGUID="6d126d0a-bd4e-4f7b-af6c-95dcbb01e839" CHANGEID="689711819" NUMBER="6а" OPERTYPEID="10" PREVID="0" NEXTID="0" UPDATEDATE="2025-09-30" STARTDATE="2025-09-30" ENDDATE="2079-06-06" ISACTUAL="1" ISACTIVE="1" /><STEAD ID="74184120" OBJECTID="174951159" OBJECTGUID="e7179276-8e88-44f1-b93e-7753e695fd81" CHANGEID="689712009" NUMBER="24" OPERTYPEID="10" PREVID="0" NEXTID="0" UPDATEDATE="2025-09-30" STARTDATE="2025-09-30" ENDDATE="2079-06-06" ISACTUAL="1" ISACTIVE="1" /><STEAD ID="74184193" OBJECTID="174951251" OBJECTGUID="7d022841-54fa-46dd-9bec-a7a20ea85ed0" CHANGEID="689712114" NUMBER="9" OPERTYPEID="10" PREVID="0" NEXTID="0" UPDATEDATE="2025-09-30" STARTDATE="2025-09-30" ENDDATE="2079-06-06" ISACTUAL="1" ISACTIVE="1" /><STEAD ID="74184227" OBJECTID="174951289" OBJECTGUID="54669dfc-63a0-4bd0-9f89-06c7f72b20b0" CHANGEID="689712152" NUMBER="1а" OPERTYPEID="10" PREVID="0" NEXTID="0" UPDATEDATE="2025-09-30" STARTDATE="2025-09-30" ENDDATE="2079-06-06" ISACTUAL="1" ISACTIVE="1" /><STEAD ID="74184271" OBJECTID="174951350" OBJECTGUID="6d29a54f-8fde-4cd9-8173-824e7ff5ce18" CHANGEID="689712243" NUMBER="19/1" OPERTYPEID="10" PREVID="0" NEXTID="0" UPDATEDATE="2025-09-30" STARTDATE="2025-09-30" ENDDATE="2079-06-06" ISACTUAL="1" ISACTIVE="1" /><STEAD ID="74184294" OBJECTID="174951375" OBJECTGUID="04468162-f763-4eca-85ee-f0728a609cdf" CHANGEID="689712277" NUMBER="15/1" OPERTYPEID="10" PREVID="0" NEXTID="0" UPDATEDATE="2025-09-30" STARTDATE="2025-09-30" ENDDATE="2079-06-06" ISACTUAL="1" ISACTIVE="1" /><STEAD ID="74184322" OBJECTID="174951436" OBJECTGUID="67ac0904-3056-4401-8eb6-775a597e6778" CHANGEID="689712416" NUMBER="64" OPERTYPEID="10" PREVID="0" NEXTID="0" UPDATEDATE="2025-09-30" STARTDATE="2025-09-30" ENDDATE="2079-06-06" ISACTUAL="1" ISACTIVE="1" /><STEAD ID="74184905" OBJECTID="174952250" OBJECTGUID="1a622dae-997f-4135-a49d-93143b7837c0" CHANGEID="689717086" NUMBER="11а" OPERTYPEID="10" PREVID="0" NEXTID="0" UPDATEDATE="2025-09-30" STARTDATE="2025-09-30" ENDDATE="2079-06-06" ISACTUAL="1" ISACTIVE="1" /><STEAD ID="3453859" OBJECTID="87994000" OBJECTGUID="0189d222-3697-49de-824a-532d15977787" CHANGEID="130206946" NUMBER="21" OPERTYPEID="10" NEXTID="74184906" UPDATEDATE="2025-09-30" STARTDATE="2015-11-27" ENDDATE="2025-09-30" ISACTUAL="0" ISACTIVE="0" /><STEAD ID="74184906" OBJECTID="87994000" OBJECTGUID="0189d222-3697-49de-824a-532d15977787" CHANGEID="689717087" NUMBER="11" OPERTYPEID="20" PREVID="3453859" UPDATEDATE="2025-09-30" STARTDATE="2025-09-30" ENDDATE="2079-06-06" ISACTUAL="1" ISACTIVE="1" /><STEAD ID="74184941" OBJECTID="174952296" OBJECTGUID="eb1625cb-8dca-4195-a64e-befe8e64cb80" CHANGEID="689717144" NUMBER="13" OPERTYPEID="10" PREVID="0" NEXTID="0" UPDATEDATE="2025-09-30" STARTDATE="2025-09-30" ENDDATE="2079-06-06" ISACTUAL="1" ISACTIVE="1" /><STEAD ID="74185106" OBJECTID="174952505" OBJECTGUID="90d353f8-0743-4ea1-beaa-cc40e4f9aed1" CHANGEID="689717472" NUMBER="6а" OPERTYPEID="10" PREVID="0" NEXTID="0" UPDATEDATE="2025-09-30" STARTDATE="2025-09-30" ENDDATE="2079-06-06" ISACTUAL="1" ISACTIVE="1" /><STEAD ID="74186949" OBJECTID="174955255" OBJECTGUID="2d509a90-792c-4b51-9b3e-8d37ec133385" CHANGEID="689723367" NUMBER="93" OPERTYPEID="10" PREVID="0" NEXTID="0" UPDATEDATE="2025-09-30" STARTDATE="2025-09-30" ENDDATE="2079-06-06" ISACTUAL="1" ISACTIVE="1" /><STEAD ID="74186951" OBJECTID="174955259" OBJECTGUID="0aefdbdb-7473-48dd-8fad-7084484ea5b5" CHANGEID="689723376" NUMBER="93/1" OPERTYPEID="10" PREVID="0" NEXTID="0" UPDATEDATE="2025-09-30" STARTDATE="2025-09-30" ENDDATE="2079-06-06" ISACTUAL="1" ISACTIVE="1" /><STEAD ID="74187652" OBJECTID="174956440" OBJECTGUID="9a47a75b-6311-402e-931f-b5dd18173729" CHANGEID="689725701" NUMBER="7/1" OPERTYPEID="10" PREVID="0" NEXTID="0" UPDATEDATE="2025-09-30" STARTDATE="2025-09-30" ENDDATE="2079-06-06" ISACTUAL="1" ISACTIVE="1" /><STEAD ID="74188712" OBJECTID="174958439" OBJECTGUID="6a1202ff-038b-4292-964f-dffe036da192" CHANGEID="689731474" NUMBER="23/1" OPERTYPEID="10" PREVID="0" NEXTID="0" UPDATEDATE="2025-09-30" STARTDATE="2025-09-30" ENDDATE="2079-06-06" ISACTUAL="1" ISACTIVE="1" /><STEAD ID="74196745" OBJECTID="174971249" OBJECTGUID="b1acdd85-00b9-4923-b096-ac3191d09be8" CHANGEID="689778345" NUMBER="6/2" OPERTYPEID="10" PREVID="0" NEXTID="0" UPDATEDATE="2025-10-01" STARTDATE="2025-10-01" ENDDATE="2079-06-06" ISACTUAL="1" ISACTIVE="1" /><STEAD ID="74196771" OBJECTID="174971358" OBJECTGUID="d498e22f-f564-4a7c-ab9c-d20c086ea463" CHANGEID="689778576" NUMBER="18/1" OPERTYPEID="10" PREVID="0" NEXTID="0" UPDATEDATE="2025-10-01" STARTDATE="2025-10-01" ENDDATE="2079-06-06" ISACTUAL="1" ISACTIVE="1" /><STEAD ID="2495436" OBJECTID="87038944" OBJECTGUID="15fd4fe3-df08-416c-b414-cdee331b4bc0" CHANGEID="129004981" NUMBER="15" OPERTYPEID="10" NEXTID="74198384" UPDATEDATE="2025-10-01" STARTDATE="2015-11-27" ENDDATE="2025-10-01" ISACTUAL="0" ISACTIVE="0" /><STEAD ID="74198384" OBJECTID="87038944" OBJECTGUID="15fd4fe3-df08-416c-b414-cdee331b4bc0" CHANGEID="689787027" NUMBER="5" OPERTYPEID="20" PREVID="2495436" UPDATEDATE="2025-10-01" STARTDATE="2025-10-01" ENDDATE="2079-06-06" ISACTUAL="1" ISACTIVE="1" /><STEAD ID="74198414" OBJECTID="100472503" OBJECTGUID="f0150d3d-acc5-4902-a459-f83ffe9c0b66" CHANGEID="689787123" NUMBER="4/1" OPERTYPEID="20" PREVID="13666163" UPDATEDATE="2025-10-01" STARTDATE="2025-10-01" ENDDATE="2079-06-06" ISACTUAL="1" ISACTIVE="1" /><STEAD ID="74198848" OBJECTID="174976205" OBJECTGUID="04d51d3f-4365-4322-8da5-1852c017aad0" CHANGEID="689789294" NUMBER="364К" OPERTYPEID="10" PREVID="0" NEXTID="0" UPDATEDATE="2025-10-01" STARTDATE="2025-10-01" ENDDATE="2079-06-06" ISACTUAL="1" ISACTIVE="1" /><STEAD ID="74198849" OBJECTID="174976206" OBJECTGUID="7900f2e2-326c-45f1-9d39-0cf1edbdb517" CHANGEID="689789295" NUMBER="365К" OPERTYPEID="10" PREVID="0" NEXTID="0" UPDATEDATE="2025-10-01" STARTDATE="2025-10-01" ENDDATE="2079-06-06" ISACTUAL="1" ISACTIVE="1" /><STEAD ID="74198850" OBJECTID="174976207" OBJECTGUID="8ca9ca93-1b72-4311-95c6-cc433c3bbf0f" CHANGEID="689789296" NUMBER="366К" OPERTYPEID="10" PREVID="0" NEXTID="0" UPDATEDATE="2025-10-01" STARTDATE="2025-10-01" ENDDATE="2079-06-06" ISACTUAL="1" ISACTIVE="1" /><STEAD ID="74198851" OBJECTID="174976208" OBJECTGUID="7407bef1-8717-4808-87d7-8ca1f1f21b7e" CHANGEID="689789297" NUMBER="367К" OPERTYPEID="10" PREVID="0" NEXTID="0" UPDATEDATE="2025-10-01" STARTDATE="2025-10-01" ENDDATE="2079-06-06" ISACTUAL="1" ISACTIVE="1" /><STEAD ID="74198852" OBJECTID="174976209" OBJECTGUID="7e2c0a34-03e3-4627-9d36-ca6503e72ec1" CHANGEID="689789298" NUMBER="513К" OPERTYPEID="10" PREVID="0" NEXTID="0" UPDATEDATE="2025-10-01" STARTDATE="2025-10-01" ENDDATE="2079-06-06" ISACTUAL="1" ISACTIVE="1" /><STEAD ID="74198853" OBJECTID="174976210" OBJECTGUID="4f782502-cc20-4d2c-9363-6e7622e77285" CHANGEID="689789299" NUMBER="514К" OPERTYPEID="10" PREVID="0" NEXTID="0" UPDATEDATE="2025-10-01" STARTDATE="2025-10-01" ENDDATE="2079-06-06" ISACTUAL="1" ISACTIVE="1" /><STEAD ID="74198854" OBJECTID="174976211" OBJECTGUID="016e4e20-b810-47e4-a721-1c0bf41f76a1" CHANGEID="689789300" NUMBER="515К" OPERTYPEID="10" PREVID="0" NEXTID="0" UPDATEDATE="2025-10-01" STARTDATE="2025-10-01" ENDDATE="2079-06-06" ISACTUAL="1" ISACTIVE="1" /><STEAD ID="74198855" OBJECTID="174976212" OBJECTGUID="3c59fefd-a62b-4c8b-bbed-b6b60bb3b58c" CHANGEID="689789301" NUMBER="516К" OPERTYPEID="10" PREVID="0" NEXTID="0" UPDATEDATE="2025-10-01" STARTDATE="2025-10-01" ENDDATE="2079-06-06" ISACTUAL="1" ISACTIVE="1" /><STEAD ID="74198856" OBJECTID="174976213" OBJECTGUID="068a1663-e639-49ec-99b2-51fbbd97756d" CHANGEID="689789302" NUMBER="517К" OPERTYPEID="10" PREVID="0" NEXTID="0" UPDATEDATE="2025-10-01" STARTDATE="2025-10-01" ENDDATE="2079-06-06" ISACTUAL="1" ISACTIVE="1" /><STEAD ID="74198857" OBJECTID="174976214" OBJECTGUID="4b9a73d0-6cb5-4cc5-9fe5-af4ddacdbdbf" CHANGEID="689789303" NUMBER="518У" OPERTYPEID="10" PREVID="0" NEXTID="0" UPDATEDATE="2025-10-01" STARTDATE="2025-10-01" ENDDATE="2079-06-06" ISACTUAL="1" ISACTIVE="1" /><STEAD ID="74198858" OBJECTID="174976215" OBJECTGUID="e77d14d6-19d9-42cb-8e54-a59e00bdf463" CHANGEID="689789304" NUMBER="519У" OPERTYPEID="10" PREVID="0" NEXTID="0" UPDATEDATE="2025-10-01" STARTDATE="2025-10-01" ENDDATE="2079-06-06" ISACTUAL="1" ISACTIVE="1" /><STEAD ID="74198859" OBJECTID="174976216" OBJECTGUID="8ecef3ff-09c0-47a4-9389-2cf9c436cb70" CHANGEID="689789305" NUMBER="520У" OPERTYPEID="10" PREVID="0" NEXTID="0" UPDATEDATE="2025-10-01" STARTDATE="2025-10-01" ENDDATE="2079-06-06" ISACTUAL="1" ISACTIVE="1" /><STEAD ID="74198860" OBJECTID="174976217" OBJECTGUID="c83cec77-07b5-434e-bbad-a6e41e248a67" CHANGEID="689789306" NUMBER="22/1" OPERTYPEID="10" PREVID="0" NEXTID="0" UPDATEDATE="2025-10-01" STARTDATE="2025-10-01" ENDDATE="2079-06-06" ISACTUAL="1" ISACTIVE="1" /><STEAD ID="74198861" OBJECTID="174976219" OBJECTGUID="a32c3435-0a3f-4460-9f8b-f9b763b385b6" CHANGEID="689789308" NUMBER="8А" OPERTYPEID="10" PREVID="0" NEXTID="0" UPDATEDATE="2025-10-01" STARTDATE="2025-10-01" ENDDATE="2079-06-06" ISACTUAL="1" ISACTIVE="1" /><STEAD ID="74198862" OBJECTID="174976221" OBJECTGUID="791f2e18-5874-4e0d-bbe7-57b78f2dc9e4" CHANGEID="689789310" NUMBER="7/2" OPERTYPEID="10" PREVID="0" NEXTID="0" UPDATEDATE="2025-10-01" STARTDATE="2025-10-01" ENDDATE="2079-06-06" ISACTUAL="1" ISACTIVE="1" /><STEAD ID="74200870" OBJECTID="174979557" OBJECTGUID="61952e05-6c0a-4263-8176-e1cf5839894b" CHANGEID="689795085" NUMBER="20А" OPERTYPEID="10" PREVID="0" NEXTID="0" UPDATEDATE="2025-10-01" STARTDATE="2025-10-01" ENDDATE="2079-06-06" ISACTUAL="1" ISACTIVE="1" /><STEAD ID="74200869" OBJECTID="174979556" OBJECTGUID="379e400f-a778-44ec-a77b-b25adc68d546" CHANGEID="689795065" NUMBER="14" OPERTYPEID="10" PREVID="0" NEXTID="0" UPDATEDATE="2025-10-01" STARTDATE="2025-10-01" ENDDATE="2079-06-06" ISACTUAL="1" ISACTIVE="1" /><STEAD ID="74201688" OBJECTID="174980940" OBJECTGUID="29a8ebda-6ba0-452b-8592-8223a8fb70ac" CHANGEID="689798206" NUMBER="1" OPERTYPEID="10" PREVID="0" NEXTID="0" UPDATEDATE="2025-10-01" STARTDATE="2025-10-01" ENDDATE="2079-06-06" ISACTUAL="1" ISACTIVE="1" /><STEAD ID="74201689" OBJECTID="174980945" OBJECTGUID="ce89b881-5691-44b8-9fd7-767020b7cf6a" CHANGEID="689798360" NUMBER="15" OPERTYPEID="10" PREVID="0" NEXTID="0" UPDATEDATE="2025-10-01" STARTDATE="2025-10-01" ENDDATE="2079-06-06" ISACTUAL="1" ISACTIVE="1" /><STEAD ID="74201690" OBJECTID="174980946" OBJECTGUID="12e6fd87-0a3a-40b1-8d3b-4ac079082343" CHANGEID="689798361" NUMBER="6" OPERTYPEID="10" PREVID="0" NEXTID="0" UPDATEDATE="2025-10-01" STARTDATE="2025-10-01" ENDDATE="2079-06-06" ISACTUAL="1" ISACTIVE="1" /></STEADS>