﻿<?xml version="1.0" encoding="utf-8"?><APARTMENTS><APARTMENT ID="18988738" OBJECTID="32782700" OBJECTGUID="63c9268c-8d3b-46b9-a0b7-ee5214e67132" CHANGEID="50014470" NUMBER="8" APARTTYPE="1" OPERTYPEID="10" PREVID="0" NEXTID="111816399" UPDATEDATE="2025-10-01" STARTDATE="2019-03-18" ENDDATE="2025-10-01" ISACTUAL="0" ISACTIVE="0" /><APARTMENT ID="106969222" OBJECTID="25999584" OBJECTGUID="2f3c99a6-460a-446d-b9a5-a2a50286a269" CHANGEID="581451289" NUMBER="95" APARTTYPE="4" OPERTYPEID="30" PREVID="14784782" NEXTID="111809144" UPDATEDATE="2025-09-30" STARTDATE="2023-12-29" ENDDATE="2025-09-30" ISACTUAL="0" ISACTIVE="0" /><APARTMENT ID="106972467" OBJECTID="71852587" OBJECTGUID="32f274fe-eb2c-4798-a2c9-28889337fa66" CHANGEID="581489619" NUMBER="97" APARTTYPE="4" OPERTYPEID="30" PREVID="42894035" NEXTID="111794638" UPDATEDATE="2025-09-29" STARTDATE="2023-12-29" ENDDATE="2025-09-29" ISACTUAL="0" ISACTIVE="0" /><APARTMENT ID="107135146" OBJECTID="70174382" OBJECTGUID="3331e004-c0b4-42f2-95df-681a36c88a78" CHANGEID="589035854" NUMBER="3" APARTTYPE="1" OPERTYPEID="30" PREVID="41864703" NEXTID="111816312" UPDATEDATE="2025-10-01" STARTDATE="2024-02-01" ENDDATE="2025-10-01" ISACTUAL="0" ISACTIVE="0" /><APARTMENT ID="107589904" OBJECTID="163143553" OBJECTGUID="be724246-bbc8-47bf-9eaa-b11434c6a4e9" CHANGEID="593141688" NUMBER="3" APARTTYPE="1" OPERTYPEID="10" PREVID="0" NEXTID="111810951" UPDATEDATE="2025-09-30" STARTDATE="2024-04-09" ENDDATE="2025-09-30" ISACTUAL="0" ISACTIVE="0" /><APARTMENT ID="111794638" OBJECTID="71852587" OBJECTGUID="32f274fe-eb2c-4798-a2c9-28889337fa66" CHANGEID="689636599" NUMBER="97" APARTTYPE="4" OPERTYPEID="70" PREVID="106972467" NEXTID="0" UPDATEDATE="2025-09-29" STARTDATE="2025-09-29" ENDDATE="2079-06-06" ISACTUAL="1" ISACTIVE="1" /><APARTMENT ID="111795490" OBJECTID="174916845" OBJECTGUID="0e3e6843-f343-4920-8f1b-fbd8903e7616" CHANGEID="689639564" NUMBER="2" APARTTYPE="2" OPERTYPEID="10" PREVID="0" NEXTID="0" UPDATEDATE="2025-09-29" STARTDATE="2025-09-29" ENDDATE="2079-06-06" ISACTUAL="1" ISACTIVE="1" /><APARTMENT ID="111795994" OBJECTID="174918049" OBJECTGUID="9659fe4c-dea1-431c-821d-6d8d13c77d2e" CHANGEID="689642965" NUMBER="99" APARTTYPE="2" OPERTYPEID="10" PREVID="0" NEXTID="0" UPDATEDATE="2025-09-29" STARTDATE="2025-09-29" ENDDATE="2079-06-06" ISACTUAL="1" ISACTIVE="1" /><APARTMENT ID="111796073" OBJECTID="174918885" OBJECTGUID="beca8a3d-f8d5-4ee1-8743-036d68997ff1" CHANGEID="689644399" NUMBER="195" APARTTYPE="2" OPERTYPEID="10" PREVID="0" NEXTID="0" UPDATEDATE="2025-09-29" STARTDATE="2025-09-29" ENDDATE="2079-06-06" ISACTUAL="1" ISACTIVE="1" /><APARTMENT ID="111804804" OBJECTID="174944160" OBJECTGUID="d35003ea-eed3-4f09-b07f-ceacc4abbe0e" CHANGEID="689697637" NUMBER="904" APARTTYPE="2" OPERTYPEID="10" PREVID="0" NEXTID="0" UPDATEDATE="2025-09-29" STARTDATE="2025-09-29" ENDDATE="2079-06-06" ISACTUAL="1" ISACTIVE="1" /><APARTMENT ID="111806876" OBJECTID="174950912" OBJECTGUID="3504c7b5-1a48-4cb2-b0cc-cc4edb901f35" CHANGEID="689711509" NUMBER="20б" APARTTYPE="4" OPERTYPEID="10" PREVID="0" NEXTID="0" UPDATEDATE="2025-09-30" STARTDATE="2025-09-30" ENDDATE="2079-06-06" ISACTUAL="1" ISACTIVE="1" /><APARTMENT ID="111806877" OBJECTID="174950913" OBJECTGUID="c71db4d6-38a3-4f42-9604-d9d32271ce14" CHANGEID="689711511" NUMBER="5а/8" APARTTYPE="4" OPERTYPEID="10" PREVID="0" NEXTID="0" UPDATEDATE="2025-09-30" STARTDATE="2025-09-30" ENDDATE="2079-06-06" ISACTUAL="1" ISACTIVE="1" /><APARTMENT ID="111806879" OBJECTID="174950915" OBJECTGUID="82952d85-5e1f-4720-ac33-562ece518e90" CHANGEID="689711513" NUMBER="7" APARTTYPE="2" OPERTYPEID="10" PREVID="0" NEXTID="0" UPDATEDATE="2025-09-30" STARTDATE="2025-09-30" ENDDATE="2079-06-06" ISACTUAL="1" ISACTIVE="1" /><APARTMENT ID="111806878" OBJECTID="174950914" OBJECTGUID="d6dfff5f-d1d0-4914-a733-a183698dbad9" CHANGEID="689711512" NUMBER="57" APARTTYPE="2" OPERTYPEID="10" PREVID="0" NEXTID="0" UPDATEDATE="2025-09-30" STARTDATE="2025-09-30" ENDDATE="2079-06-06" ISACTUAL="1" ISACTIVE="1" /><APARTMENT ID="111806880" OBJECTID="174950916" OBJECTGUID="c5d5d9e6-b14b-4b6d-b7a1-381a6f4564a9" CHANGEID="689711514" NUMBER="80" APARTTYPE="2" OPERTYPEID="10" PREVID="0" NEXTID="0" UPDATEDATE="2025-09-30" STARTDATE="2025-09-30" ENDDATE="2079-06-06" ISACTUAL="1" ISACTIVE="1" /><APARTMENT ID="111806881" OBJECTID="174950918" OBJECTGUID="db1abebe-0f99-4712-97ef-afd2007e24cb" CHANGEID="689711518" NUMBER="65" APARTTYPE="2" OPERTYPEID="10" PREVID="0" NEXTID="0" UPDATEDATE="2025-09-30" STARTDATE="2025-09-30" ENDDATE="2079-06-06" ISACTUAL="1" ISACTIVE="1" /><APARTMENT ID="111809144" OBJECTID="25999584" OBJECTGUID="2f3c99a6-460a-446d-b9a5-a2a50286a269" CHANGEID="689737368" NUMBER="95" APARTTYPE="4" OPERTYPEID="70" PREVID="106969222" NEXTID="0" UPDATEDATE="2025-09-30" STARTDATE="2025-09-30" ENDDATE="2079-06-06" ISACTUAL="1" ISACTIVE="1" /><APARTMENT ID="106967518" OBJECTID="32782880" OBJECTGUID="8473615a-5414-479a-a58a-e08cfb7c2068" CHANGEID="581146533" NUMBER="18" APARTTYPE="4" OPERTYPEID="30" PREVID="18988828" NEXTID="111809177" UPDATEDATE="2025-09-30" STARTDATE="2023-12-29" ENDDATE="2025-09-30" ISACTUAL="0" ISACTIVE="0" /><APARTMENT ID="111809177" OBJECTID="32782880" OBJECTGUID="8473615a-5414-479a-a58a-e08cfb7c2068" CHANGEID="689737552" NUMBER="18" APARTTYPE="4" OPERTYPEID="70" PREVID="106967518" NEXTID="111816400" UPDATEDATE="2025-10-01" STARTDATE="2025-09-30" ENDDATE="2025-10-01" ISACTUAL="0" ISACTIVE="0" /><APARTMENT ID="111809755" OBJECTID="174964202" OBJECTGUID="fcfa82d5-f05a-4547-9336-e4451940008b" CHANGEID="689743622" NUMBER="4а" APARTTYPE="1" OPERTYPEID="10" PREVID="0" NEXTID="0" UPDATEDATE="2025-09-30" STARTDATE="2025-09-30" ENDDATE="2079-06-06" ISACTUAL="1" ISACTIVE="1" /><APARTMENT ID="111810264" OBJECTID="59562935" OBJECTGUID="a7142db6-0fcf-456b-a424-1dcd5f9caaaf" CHANGEID="689746170" NUMBER="151" APARTTYPE="2" OPERTYPEID="20" PREVID="35487799" UPDATEDATE="2025-09-30" STARTDATE="2025-09-30" ENDDATE="2079-06-06" ISACTUAL="1" ISACTIVE="1" /><APARTMENT ID="35487799" OBJECTID="59562935" OBJECTGUID="a7142db6-0fcf-456b-a424-1dcd5f9caaaf" CHANGEID="88961563" NUMBER="51" APARTTYPE="2" OPERTYPEID="10" PREVID="0" NEXTID="111810264" UPDATEDATE="2025-09-30" STARTDATE="2019-04-30" ENDDATE="2025-09-30" ISACTUAL="0" ISACTIVE="0" /><APARTMENT ID="111810724" OBJECTID="174967275" OBJECTGUID="95d9e8ae-6fc5-40bf-80bd-b957bba4e99d" CHANGEID="689751317" NUMBER="1" APARTTYPE="2" OPERTYPEID="10" PREVID="0" NEXTID="0" UPDATEDATE="2025-09-30" STARTDATE="2025-09-30" ENDDATE="2079-06-06" ISACTUAL="1" ISACTIVE="1" /><APARTMENT ID="111810780" OBJECTID="174967676" OBJECTGUID="e0a8167c-e28f-4ede-864a-194fc4821cd8" CHANGEID="689752532" NUMBER="1" APARTTYPE="2" OPERTYPEID="10" PREVID="0" NEXTID="0" UPDATEDATE="2025-09-30" STARTDATE="2025-09-30" ENDDATE="2079-06-06" ISACTUAL="1" ISACTIVE="1" /><APARTMENT ID="111810786" OBJECTID="174967729" OBJECTGUID="f7a5454e-ae42-473f-b78c-478ea2ae6844" CHANGEID="689752632" NUMBER="2" APARTTYPE="2" OPERTYPEID="10" PREVID="0" NEXTID="0" UPDATEDATE="2025-09-30" STARTDATE="2025-09-30" ENDDATE="2079-06-06" ISACTUAL="1" ISACTIVE="1" /><APARTMENT ID="111810794" OBJECTID="174967936" OBJECTGUID="0161c2cc-be48-43e0-ab32-e91398ecc4ef" CHANGEID="689753031" NUMBER="4" APARTTYPE="2" OPERTYPEID="10" PREVID="0" NEXTID="0" UPDATEDATE="2025-09-30" STARTDATE="2025-09-30" ENDDATE="2079-06-06" ISACTUAL="1" ISACTIVE="1" /><APARTMENT ID="111810797" OBJECTID="174967966" OBJECTGUID="1033dbf8-8e9a-4617-9b35-f8b0e413d5ef" CHANGEID="689753088" NUMBER="5" APARTTYPE="2" OPERTYPEID="10" PREVID="0" NEXTID="0" UPDATEDATE="2025-09-30" STARTDATE="2025-09-30" ENDDATE="2079-06-06" ISACTUAL="1" ISACTIVE="1" /><APARTMENT ID="111810798" OBJECTID="174967992" OBJECTGUID="40235a87-e8df-4ea7-9a6e-612e62af12a7" CHANGEID="689753143" NUMBER="6" APARTTYPE="2" OPERTYPEID="10" PREVID="0" NEXTID="0" UPDATEDATE="2025-09-30" STARTDATE="2025-09-30" ENDDATE="2079-06-06" ISACTUAL="1" ISACTIVE="1" /><APARTMENT ID="111810799" OBJECTID="174968020" OBJECTGUID="36228e65-6639-4baf-ad39-f13cd38df20f" CHANGEID="689753221" NUMBER="7" APARTTYPE="2" OPERTYPEID="10" PREVID="0" NEXTID="0" UPDATEDATE="2025-09-30" STARTDATE="2025-09-30" ENDDATE="2079-06-06" ISACTUAL="1" ISACTIVE="1" /><APARTMENT ID="111810800" OBJECTID="174968039" OBJECTGUID="180c8a2b-6d2c-42a6-b84d-bf4b560b3c6c" CHANGEID="689753261" NUMBER="8" APARTTYPE="2" OPERTYPEID="10" PREVID="0" NEXTID="0" UPDATEDATE="2025-09-30" STARTDATE="2025-09-30" ENDDATE="2079-06-06" ISACTUAL="1" ISACTIVE="1" /><APARTMENT ID="111810801" OBJECTID="174968086" OBJECTGUID="d50e7dc7-d3d7-4569-8806-ed26f09ba9ab" CHANGEID="689753334" NUMBER="9" APARTTYPE="2" OPERTYPEID="10" PREVID="0" NEXTID="0" UPDATEDATE="2025-09-30" STARTDATE="2025-09-30" ENDDATE="2079-06-06" ISACTUAL="1" ISACTIVE="1" /><APARTMENT ID="111810817" OBJECTID="174968184" OBJECTGUID="d1e2a4be-0ebf-4d69-94e0-e72d021b377c" CHANGEID="689753489" NUMBER="11" APARTTYPE="2" OPERTYPEID="10" PREVID="0" NEXTID="0" UPDATEDATE="2025-09-30" STARTDATE="2025-09-30" ENDDATE="2079-06-06" ISACTUAL="1" ISACTIVE="1" /><APARTMENT ID="111810855" OBJECTID="174968321" OBJECTGUID="349a2c42-07b2-4c13-857c-7a7119435ae3" CHANGEID="689754295" NUMBER="12" APARTTYPE="2" OPERTYPEID="10" PREVID="0" NEXTID="0" UPDATEDATE="2025-09-30" STARTDATE="2025-09-30" ENDDATE="2079-06-06" ISACTUAL="1" ISACTIVE="1" /><APARTMENT ID="111810857" OBJECTID="174968357" OBJECTGUID="eebc0de8-ef5b-47a0-82c4-f4a434f8ea2f" CHANGEID="689754368" NUMBER="13" APARTTYPE="2" OPERTYPEID="10" PREVID="0" NEXTID="0" UPDATEDATE="2025-09-30" STARTDATE="2025-09-30" ENDDATE="2079-06-06" ISACTUAL="1" ISACTIVE="1" /><APARTMENT ID="111810859" OBJECTID="174968465" OBJECTGUID="a90a616f-b4e0-4250-9a28-7c859cce7874" CHANGEID="689754513" NUMBER="14" APARTTYPE="2" OPERTYPEID="10" PREVID="0" NEXTID="0" UPDATEDATE="2025-09-30" STARTDATE="2025-09-30" ENDDATE="2079-06-06" ISACTUAL="1" ISACTIVE="1" /><APARTMENT ID="111810863" OBJECTID="174968511" OBJECTGUID="d5c6bf39-28d4-42c6-8e79-027637801852" CHANGEID="689754745" NUMBER="15" APARTTYPE="2" OPERTYPEID="10" PREVID="0" NEXTID="0" UPDATEDATE="2025-09-30" STARTDATE="2025-09-30" ENDDATE="2079-06-06" ISACTUAL="1" ISACTIVE="1" /><APARTMENT ID="111810865" OBJECTID="174968557" OBJECTGUID="9fcdbaa5-d63b-4150-8c44-9d443ba382f4" CHANGEID="689754816" NUMBER="16" APARTTYPE="2" OPERTYPEID="10" PREVID="0" NEXTID="0" UPDATEDATE="2025-09-30" STARTDATE="2025-09-30" ENDDATE="2079-06-06" ISACTUAL="1" ISACTIVE="1" /><APARTMENT ID="111810867" OBJECTID="174968573" OBJECTGUID="7770d248-459a-48cb-acb1-f086dc7d9d96" CHANGEID="689754850" NUMBER="17" APARTTYPE="2" OPERTYPEID="10" PREVID="0" NEXTID="0" UPDATEDATE="2025-09-30" STARTDATE="2025-09-30" ENDDATE="2079-06-06" ISACTUAL="1" ISACTIVE="1" /><APARTMENT ID="111810871" OBJECTID="174968604" OBJECTGUID="66e410f3-3bbf-497e-a87c-294306f3e578" CHANGEID="689754904" NUMBER="18" APARTTYPE="2" OPERTYPEID="10" PREVID="0" NEXTID="0" UPDATEDATE="2025-09-30" STARTDATE="2025-09-30" ENDDATE="2079-06-06" ISACTUAL="1" ISACTIVE="1" /><APARTMENT ID="111810873" OBJECTID="174968619" OBJECTGUID="fce50c83-bb23-4f19-a7b5-50231401c40f" CHANGEID="689754932" NUMBER="19" APARTTYPE="2" OPERTYPEID="10" PREVID="0" NEXTID="0" UPDATEDATE="2025-09-30" STARTDATE="2025-09-30" ENDDATE="2079-06-06" ISACTUAL="1" ISACTIVE="1" /><APARTMENT ID="111810880" OBJECTID="174968657" OBJECTGUID="f2448752-333a-4c4b-995c-5ad999c898fc" CHANGEID="689755003" NUMBER="20" APARTTYPE="2" OPERTYPEID="10" PREVID="0" NEXTID="0" UPDATEDATE="2025-09-30" STARTDATE="2025-09-30" ENDDATE="2079-06-06" ISACTUAL="1" ISACTIVE="1" /><APARTMENT ID="111810891" OBJECTID="174968752" OBJECTGUID="a425a4d0-a9de-441d-978c-db4f6b1f6d47" CHANGEID="689755187" NUMBER="23" APARTTYPE="2" OPERTYPEID="10" PREVID="0" NEXTID="0" UPDATEDATE="2025-09-30" STARTDATE="2025-09-30" ENDDATE="2079-06-06" ISACTUAL="1" ISACTIVE="1" /><APARTMENT ID="111810897" OBJECTID="174968821" OBJECTGUID="4acccb27-e1ff-4e6b-acef-6a033b2ed5d9" CHANGEID="689755326" NUMBER="21" APARTTYPE="2" OPERTYPEID="10" PREVID="0" NEXTID="0" UPDATEDATE="2025-09-30" STARTDATE="2025-09-30" ENDDATE="2079-06-06" ISACTUAL="1" ISACTIVE="1" /><APARTMENT ID="111810899" OBJECTID="174968881" OBJECTGUID="953d07c7-6389-41a6-afd2-45cad133956c" CHANGEID="689755408" NUMBER="22" APARTTYPE="2" OPERTYPEID="10" PREVID="0" NEXTID="0" UPDATEDATE="2025-09-30" STARTDATE="2025-09-30" ENDDATE="2079-06-06" ISACTUAL="1" ISACTIVE="1" /><APARTMENT ID="111810904" OBJECTID="174968923" OBJECTGUID="2ca09ca7-97a6-47f0-9065-e94565b39d9c" CHANGEID="689755468" NUMBER="24" APARTTYPE="2" OPERTYPEID="10" PREVID="0" NEXTID="0" UPDATEDATE="2025-09-30" STARTDATE="2025-09-30" ENDDATE="2079-06-06" ISACTUAL="1" ISACTIVE="1" /><APARTMENT ID="111810931" OBJECTID="174969244" OBJECTGUID="0eae5c66-0a4a-4304-bbc8-e63e31f55dbd" CHANGEID="689756046" NUMBER="1" APARTTYPE="2" OPERTYPEID="10" PREVID="0" NEXTID="0" UPDATEDATE="2025-09-30" STARTDATE="2025-09-30" ENDDATE="2079-06-06" ISACTUAL="1" ISACTIVE="1" /><APARTMENT ID="111810949" OBJECTID="174969306" OBJECTGUID="423f2b37-ed1a-4826-8106-bcf416375bca" CHANGEID="689756233" NUMBER="2" APARTTYPE="2" OPERTYPEID="10" PREVID="0" NEXTID="0" UPDATEDATE="2025-09-30" STARTDATE="2025-09-30" ENDDATE="2079-06-06" ISACTUAL="1" ISACTIVE="1" /><APARTMENT ID="111810951" OBJECTID="163143553" OBJECTGUID="be724246-bbc8-47bf-9eaa-b11434c6a4e9" CHANGEID="689756241" NUMBER="3" APARTTYPE="2" OPERTYPEID="20" PREVID="107589904" UPDATEDATE="2025-09-30" STARTDATE="2025-09-30" ENDDATE="2079-06-06" ISACTUAL="1" ISACTIVE="1" /><APARTMENT ID="111810957" OBJECTID="174969355" OBJECTGUID="cdf88964-d12a-4f27-9740-4dffdd296635" CHANGEID="689756321" NUMBER="4" APARTTYPE="2" OPERTYPEID="10" PREVID="0" NEXTID="0" UPDATEDATE="2025-09-30" STARTDATE="2025-09-30" ENDDATE="2079-06-06" ISACTUAL="1" ISACTIVE="1" /><APARTMENT ID="111810958" OBJECTID="174969369" OBJECTGUID="106fbbcd-f00f-4be2-9bd7-806b5aebef0a" CHANGEID="689756354" NUMBER="5" APARTTYPE="2" OPERTYPEID="10" PREVID="0" NEXTID="0" UPDATEDATE="2025-09-30" STARTDATE="2025-09-30" ENDDATE="2079-06-06" ISACTUAL="1" ISACTIVE="1" /><APARTMENT ID="111810961" OBJECTID="174969481" OBJECTGUID="f60ee144-d357-402c-83ef-a702fb116061" CHANGEID="689756499" NUMBER="6" APARTTYPE="2" OPERTYPEID="10" PREVID="0" NEXTID="0" UPDATEDATE="2025-09-30" STARTDATE="2025-09-30" ENDDATE="2079-06-06" ISACTUAL="1" ISACTIVE="1" /><APARTMENT ID="111810965" OBJECTID="174969508" OBJECTGUID="0d285fde-14ea-437f-8f68-5aa44879813c" CHANGEID="689756555" NUMBER="8" APARTTYPE="2" OPERTYPEID="10" PREVID="0" NEXTID="0" UPDATEDATE="2025-09-30" STARTDATE="2025-09-30" ENDDATE="2079-06-06" ISACTUAL="1" ISACTIVE="1" /><APARTMENT ID="111810968" OBJECTID="174969524" OBJECTGUID="55ecf165-a2e6-4253-9591-2a51185e7815" CHANGEID="689756600" NUMBER="9" APARTTYPE="2" OPERTYPEID="10" PREVID="0" NEXTID="0" UPDATEDATE="2025-09-30" STARTDATE="2025-09-30" ENDDATE="2079-06-06" ISACTUAL="1" ISACTIVE="1" /><APARTMENT ID="111810994" OBJECTID="174969798" OBJECTGUID="9dbfa02f-f914-4c9e-9b3c-0240aa3214af" CHANGEID="689757264" NUMBER="18" APARTTYPE="2" OPERTYPEID="10" PREVID="0" NEXTID="0" UPDATEDATE="2025-09-30" STARTDATE="2025-09-30" ENDDATE="2079-06-06" ISACTUAL="1" ISACTIVE="1" /><APARTMENT ID="111810999" OBJECTID="174969808" OBJECTGUID="0ebd9750-675a-41d6-9483-6639bad354ca" CHANGEID="689757308" NUMBER="20" APARTTYPE="2" OPERTYPEID="10" PREVID="0" NEXTID="0" UPDATEDATE="2025-09-30" STARTDATE="2025-09-30" ENDDATE="2079-06-06" ISACTUAL="1" ISACTIVE="1" /><APARTMENT ID="111811004" OBJECTID="174969849" OBJECTGUID="ae9782f5-c926-4d2a-b6a8-201dd4b2d75e" CHANGEID="689757427" NUMBER="23" APARTTYPE="2" OPERTYPEID="10" PREVID="0" NEXTID="0" UPDATEDATE="2025-09-30" STARTDATE="2025-09-30" ENDDATE="2079-06-06" ISACTUAL="1" ISACTIVE="1" /><APARTMENT ID="111810955" OBJECTID="174969335" OBJECTGUID="6b7ff9fe-4657-411a-96e4-4c32d71e8b50" CHANGEID="689756282" NUMBER="3" APARTTYPE="2" OPERTYPEID="10" PREVID="0" NEXTID="0" UPDATEDATE="2025-09-30" STARTDATE="2025-09-30" ENDDATE="2079-06-06" ISACTUAL="1" ISACTIVE="1" /><APARTMENT ID="111810962" OBJECTID="174969497" OBJECTGUID="1a5373a8-afef-4198-915e-75264d852486" CHANGEID="689756529" NUMBER="7" APARTTYPE="2" OPERTYPEID="10" PREVID="0" NEXTID="0" UPDATEDATE="2025-09-30" STARTDATE="2025-09-30" ENDDATE="2079-06-06" ISACTUAL="1" ISACTIVE="1" /><APARTMENT ID="111810972" OBJECTID="174969641" OBJECTGUID="73f3e73c-875e-4186-be98-8d3ee876427c" CHANGEID="689756802" NUMBER="10" APARTTYPE="2" OPERTYPEID="10" PREVID="0" NEXTID="0" UPDATEDATE="2025-09-30" STARTDATE="2025-09-30" ENDDATE="2079-06-06" ISACTUAL="1" ISACTIVE="1" /><APARTMENT ID="111810973" OBJECTID="174969654" OBJECTGUID="2cb046f8-744f-4c17-83e4-ef728a656d4a" CHANGEID="689756824" NUMBER="10" APARTTYPE="2" OPERTYPEID="10" PREVID="0" NEXTID="0" UPDATEDATE="2025-09-30" STARTDATE="2025-09-30" ENDDATE="2079-06-06" ISACTUAL="1" ISACTIVE="1" /><APARTMENT ID="111810974" OBJECTID="174969663" OBJECTGUID="6dee32f5-6467-4bb4-ad7a-7dc5b78d91ec" CHANGEID="689756947" NUMBER="11" APARTTYPE="2" OPERTYPEID="10" PREVID="0" NEXTID="0" UPDATEDATE="2025-09-30" STARTDATE="2025-09-30" ENDDATE="2079-06-06" ISACTUAL="1" ISACTIVE="1" /><APARTMENT ID="111810976" OBJECTID="174969732" OBJECTGUID="eb1d2e4d-c147-4d94-a6f7-6ab4cdddbdfe" CHANGEID="689757029" NUMBER="12" APARTTYPE="2" OPERTYPEID="10" PREVID="0" NEXTID="0" UPDATEDATE="2025-09-30" STARTDATE="2025-09-30" ENDDATE="2079-06-06" ISACTUAL="1" ISACTIVE="1" /><APARTMENT ID="111810982" OBJECTID="174969762" OBJECTGUID="813202e6-e20c-408e-a4dc-5b910fa67e3b" CHANGEID="689757094" NUMBER="17" APARTTYPE="2" OPERTYPEID="10" PREVID="0" NEXTID="0" UPDATEDATE="2025-09-30" STARTDATE="2025-09-30" ENDDATE="2079-06-06" ISACTUAL="1" ISACTIVE="1" /><APARTMENT ID="111810983" OBJECTID="174969763" OBJECTGUID="b215af3a-e4b0-48f8-89f5-c26a51a39e9a" CHANGEID="689757095" NUMBER="16" APARTTYPE="2" OPERTYPEID="10" PREVID="0" NEXTID="0" UPDATEDATE="2025-09-30" STARTDATE="2025-09-30" ENDDATE="2079-06-06" ISACTUAL="1" ISACTIVE="1" /><APARTMENT ID="111810984" OBJECTID="174969764" OBJECTGUID="b02a4a8a-2601-4f2f-b24a-89d533d970c6" CHANGEID="689757096" NUMBER="15" APARTTYPE="2" OPERTYPEID="10" PREVID="0" NEXTID="0" UPDATEDATE="2025-09-30" STARTDATE="2025-09-30" ENDDATE="2079-06-06" ISACTUAL="1" ISACTIVE="1" /><APARTMENT ID="111810985" OBJECTID="174969765" OBJECTGUID="cbaafbf1-2a55-40c3-bc17-035029fee490" CHANGEID="689757097" NUMBER="14" APARTTYPE="2" OPERTYPEID="10" PREVID="0" NEXTID="0" UPDATEDATE="2025-09-30" STARTDATE="2025-09-30" ENDDATE="2079-06-06" ISACTUAL="1" ISACTIVE="1" /><APARTMENT ID="111810986" OBJECTID="174969766" OBJECTGUID="c3908f7f-13c6-4d04-b91f-fa740aae44a2" CHANGEID="689757098" NUMBER="13" APARTTYPE="2" OPERTYPEID="10" PREVID="0" NEXTID="0" UPDATEDATE="2025-09-30" STARTDATE="2025-09-30" ENDDATE="2079-06-06" ISACTUAL="1" ISACTIVE="1" /><APARTMENT ID="111810995" OBJECTID="174969805" OBJECTGUID="4593175d-a6f2-4c54-98cf-ba8419cb50aa" CHANGEID="689757284" NUMBER="19" APARTTYPE="2" OPERTYPEID="10" PREVID="0" NEXTID="0" UPDATEDATE="2025-09-30" STARTDATE="2025-09-30" ENDDATE="2079-06-06" ISACTUAL="1" ISACTIVE="1" /><APARTMENT ID="111811001" OBJECTID="174969833" OBJECTGUID="c7cfcac3-9606-4f59-87a3-1f16468d03af" CHANGEID="689757346" NUMBER="21" APARTTYPE="2" OPERTYPEID="10" PREVID="0" NEXTID="0" UPDATEDATE="2025-09-30" STARTDATE="2025-09-30" ENDDATE="2079-06-06" ISACTUAL="1" ISACTIVE="1" /><APARTMENT ID="111811002" OBJECTID="174969841" OBJECTGUID="a319cec4-5754-40dc-8040-1392c32d5d21" CHANGEID="689757370" NUMBER="22" APARTTYPE="2" OPERTYPEID="10" PREVID="0" NEXTID="0" UPDATEDATE="2025-09-30" STARTDATE="2025-09-30" ENDDATE="2079-06-06" ISACTUAL="1" ISACTIVE="1" /><APARTMENT ID="111811006" OBJECTID="174969859" OBJECTGUID="0ba3ba17-ed41-4e93-ab6c-2052554b6d5c" CHANGEID="689757455" NUMBER="24" APARTTYPE="2" OPERTYPEID="10" PREVID="0" NEXTID="0" UPDATEDATE="2025-09-30" STARTDATE="2025-09-30" ENDDATE="2079-06-06" ISACTUAL="1" ISACTIVE="1" /><APARTMENT ID="111811296" OBJECTID="174970260" OBJECTGUID="72362069-7c37-487d-b505-d2ea94be7467" CHANGEID="689758253" NUMBER="1" APARTTYPE="2" OPERTYPEID="10" PREVID="0" NEXTID="0" UPDATEDATE="2025-09-30" STARTDATE="2025-09-30" ENDDATE="2079-06-06" ISACTUAL="1" ISACTIVE="1" /><APARTMENT ID="111811306" OBJECTID="174970331" OBJECTGUID="f5176bdd-6a8a-4265-8465-dae36a6db48e" CHANGEID="689758483" NUMBER="3" APARTTYPE="2" OPERTYPEID="10" PREVID="0" NEXTID="0" UPDATEDATE="2025-09-30" STARTDATE="2025-09-30" ENDDATE="2079-06-06" ISACTUAL="1" ISACTIVE="1" /><APARTMENT ID="111811308" OBJECTID="174970359" OBJECTGUID="276f5008-8e39-4817-8b20-eb249aef94a8" CHANGEID="689758515" NUMBER="4" APARTTYPE="2" OPERTYPEID="10" PREVID="0" NEXTID="0" UPDATEDATE="2025-09-30" STARTDATE="2025-09-30" ENDDATE="2079-06-06" ISACTUAL="1" ISACTIVE="1" /><APARTMENT ID="111811304" OBJECTID="174970321" OBJECTGUID="cff4bb1d-fb15-44de-be82-1949008747af" CHANGEID="689758361" NUMBER="2" APARTTYPE="2" OPERTYPEID="10" PREVID="0" NEXTID="0" UPDATEDATE="2025-09-30" STARTDATE="2025-09-30" ENDDATE="2079-06-06" ISACTUAL="1" ISACTIVE="1" /><APARTMENT ID="111811312" OBJECTID="174970368" OBJECTGUID="5fa0040b-22e1-43dc-bebf-aac2d6e15d15" CHANGEID="689758528" NUMBER="5" APARTTYPE="2" OPERTYPEID="10" PREVID="0" NEXTID="0" UPDATEDATE="2025-09-30" STARTDATE="2025-09-30" ENDDATE="2079-06-06" ISACTUAL="1" ISACTIVE="1" /><APARTMENT ID="111811331" OBJECTID="174970458" OBJECTGUID="22ccb53a-0f38-43c7-b4d6-3a1058dbd19e" CHANGEID="689759025" NUMBER="6" APARTTYPE="2" OPERTYPEID="10" PREVID="0" NEXTID="0" UPDATEDATE="2025-09-30" STARTDATE="2025-09-30" ENDDATE="2079-06-06" ISACTUAL="1" ISACTIVE="1" /><APARTMENT ID="111811332" OBJECTID="174970462" OBJECTGUID="b0eca843-8631-4f5f-86be-267b8cc18763" CHANGEID="689759054" NUMBER="7" APARTTYPE="2" OPERTYPEID="10" PREVID="0" NEXTID="0" UPDATEDATE="2025-09-30" STARTDATE="2025-09-30" ENDDATE="2079-06-06" ISACTUAL="1" ISACTIVE="1" /><APARTMENT ID="111811333" OBJECTID="174970480" OBJECTGUID="8d4f6578-67f8-4a74-8bf9-8ba031832df3" CHANGEID="689759085" NUMBER="8" APARTTYPE="2" OPERTYPEID="10" PREVID="0" NEXTID="0" UPDATEDATE="2025-09-30" STARTDATE="2025-09-30" ENDDATE="2079-06-06" ISACTUAL="1" ISACTIVE="1" /><APARTMENT ID="111811334" OBJECTID="174970490" OBJECTGUID="575fe121-1499-4c12-babc-eb8dc50aeecc" CHANGEID="689759119" NUMBER="9" APARTTYPE="2" OPERTYPEID="10" PREVID="0" NEXTID="0" UPDATEDATE="2025-09-30" STARTDATE="2025-09-30" ENDDATE="2079-06-06" ISACTUAL="1" ISACTIVE="1" /><APARTMENT ID="111811335" OBJECTID="174970503" OBJECTGUID="adb2226a-d3d3-41b0-8a7e-83981c476b34" CHANGEID="689759137" NUMBER="10" APARTTYPE="2" OPERTYPEID="10" PREVID="0" NEXTID="0" UPDATEDATE="2025-09-30" STARTDATE="2025-09-30" ENDDATE="2079-06-06" ISACTUAL="1" ISACTIVE="1" /><APARTMENT ID="111811336" OBJECTID="174970514" OBJECTGUID="b60cf7cd-18f5-4c22-84fb-d70371d5955f" CHANGEID="689776879" NUMBER="11" APARTTYPE="2" OPERTYPEID="10" PREVID="0" NEXTID="0" UPDATEDATE="2025-09-30" STARTDATE="2025-09-30" ENDDATE="2079-06-06" ISACTUAL="1" ISACTIVE="1" /><APARTMENT ID="111811352" OBJECTID="174970523" OBJECTGUID="77eb0e40-f15d-4fc2-91fe-7743cca2977d" CHANGEID="689776919" NUMBER="12" APARTTYPE="2" OPERTYPEID="10" PREVID="0" NEXTID="0" UPDATEDATE="2025-09-30" STARTDATE="2025-09-30" ENDDATE="2079-06-06" ISACTUAL="1" ISACTIVE="1" /><APARTMENT ID="111811353" OBJECTID="174970529" OBJECTGUID="afed6876-8b2e-4388-9777-8ad93ea6e98c" CHANGEID="689776959" NUMBER="13" APARTTYPE="2" OPERTYPEID="10" PREVID="0" NEXTID="0" UPDATEDATE="2025-09-30" STARTDATE="2025-09-30" ENDDATE="2079-06-06" ISACTUAL="1" ISACTIVE="1" /><APARTMENT ID="111811362" OBJECTID="174970544" OBJECTGUID="6bfa1e90-1a11-4a62-b7dd-e4efd2de2e05" CHANGEID="689776986" NUMBER="14" APARTTYPE="2" OPERTYPEID="10" PREVID="0" NEXTID="0" UPDATEDATE="2025-09-30" STARTDATE="2025-09-30" ENDDATE="2079-06-06" ISACTUAL="1" ISACTIVE="1" /><APARTMENT ID="111811370" OBJECTID="174970575" OBJECTGUID="098232ad-6355-4204-ad15-67a742a6f069" CHANGEID="689777019" NUMBER="15" APARTTYPE="2" OPERTYPEID="10" PREVID="0" NEXTID="0" UPDATEDATE="2025-09-30" STARTDATE="2025-09-30" ENDDATE="2079-06-06" ISACTUAL="1" ISACTIVE="1" /><APARTMENT ID="111811371" OBJECTID="174970588" OBJECTGUID="8e9b6867-1644-4773-84fe-938f49cc8acd" CHANGEID="689777036" NUMBER="16" APARTTYPE="2" OPERTYPEID="10" PREVID="0" NEXTID="0" UPDATEDATE="2025-09-30" STARTDATE="2025-09-30" ENDDATE="2079-06-06" ISACTUAL="1" ISACTIVE="1" /><APARTMENT ID="111816312" OBJECTID="70174382" OBJECTGUID="3331e004-c0b4-42f2-95df-681a36c88a78" CHANGEID="689807096" NUMBER="3" APARTTYPE="1" OPERTYPEID="70" PREVID="107135146" NEXTID="0" UPDATEDATE="2025-10-01" STARTDATE="2025-10-01" ENDDATE="2079-06-06" ISACTUAL="1" ISACTIVE="1" /><APARTMENT ID="111816342" OBJECTID="174985172" OBJECTGUID="0d65cb6a-a04f-43aa-bac5-449b2ac89562" CHANGEID="689807639" NUMBER="45" APARTTYPE="2" OPERTYPEID="10" PREVID="0" NEXTID="0" UPDATEDATE="2025-10-01" STARTDATE="2025-10-01" ENDDATE="2079-06-06" ISACTUAL="1" ISACTIVE="1" /><APARTMENT ID="111816381" OBJECTID="174985555" OBJECTGUID="66f3eb47-8bae-44a6-beac-26b8b5eacb18" CHANGEID="689808543" NUMBER="5/7" APARTTYPE="4" OPERTYPEID="10" PREVID="0" NEXTID="0" UPDATEDATE="2025-10-01" STARTDATE="2025-10-01" ENDDATE="2079-06-06" ISACTUAL="1" ISACTIVE="1" /><APARTMENT ID="111816385" OBJECTID="174985617" OBJECTGUID="9cb63eec-e029-42e3-a80a-c6c7f4f56368" CHANGEID="689808685" NUMBER="14/3" APARTTYPE="4" OPERTYPEID="10" PREVID="0" NEXTID="0" UPDATEDATE="2025-10-01" STARTDATE="2025-10-01" ENDDATE="2079-06-06" ISACTUAL="1" ISACTIVE="1" /><APARTMENT ID="111816388" OBJECTID="174985671" OBJECTGUID="1bb1353d-9ded-4476-abba-0536c90b9580" CHANGEID="689808761" NUMBER="11" APARTTYPE="2" OPERTYPEID="10" PREVID="0" NEXTID="0" UPDATEDATE="2025-10-01" STARTDATE="2025-10-01" ENDDATE="2079-06-06" ISACTUAL="1" ISACTIVE="1" /><APARTMENT ID="111816399" OBJECTID="32782700" OBJECTGUID="63c9268c-8d3b-46b9-a0b7-ee5214e67132" CHANGEID="689808854" NUMBER="18" APARTTYPE="4" OPERTYPEID="40" PREVID="18988738" UPDATEDATE="2025-10-01" STARTDATE="2025-10-01" ENDDATE="2079-06-06" ISACTUAL="1" ISACTIVE="1" /><APARTMENT ID="111816400" OBJECTID="32782880" OBJECTGUID="8473615a-5414-479a-a58a-e08cfb7c2068" CHANGEID="689808855" NUMBER="18" APARTTYPE="4" OPERTYPEID="42" PREVID="111809177" NEXTID="111816399" UPDATEDATE="2025-10-01" STARTDATE="2025-10-01" ENDDATE="2079-06-06" ISACTUAL="1" ISACTIVE="0" /><APARTMENT ID="111816387" OBJECTID="174985664" OBJECTGUID="923896bf-076f-4a3d-9053-0e0591895008" CHANGEID="689808744" NUMBER="233" APARTTYPE="2" OPERTYPEID="10" PREVID="0" NEXTID="0" UPDATEDATE="2025-10-01" STARTDATE="2025-10-01" ENDDATE="2079-06-06" ISACTUAL="1" ISACTIVE="1" /><APARTMENT ID="111816390" OBJECTID="174985682" OBJECTGUID="a3e91d46-03c0-4bef-beb6-9367cd0e6bed" CHANGEID="689808776" NUMBER="183" APARTTYPE="2" OPERTYPEID="10" PREVID="0" NEXTID="0" UPDATEDATE="2025-10-01" STARTDATE="2025-10-01" ENDDATE="2079-06-06" ISACTUAL="1" ISACTIVE="1" /><APARTMENT ID="111818532" OBJECTID="174991032" OBJECTGUID="2745e1d8-fd75-420a-ab0a-8c7826d6a798" CHANGEID="689818135" NUMBER="30" APARTTYPE="2" OPERTYPEID="10" PREVID="0" NEXTID="0" UPDATEDATE="2025-10-01" STARTDATE="2025-10-01" ENDDATE="2079-06-06" ISACTUAL="1" ISACTIVE="1" /><APARTMENT ID="111818817" OBJECTID="174992061" OBJECTGUID="b85d3a58-6752-4b20-a638-73b711db335e" CHANGEID="689820074" NUMBER="1" APARTTYPE="3" OPERTYPEID="10" PREVID="0" NEXTID="0" UPDATEDATE="2025-10-01" STARTDATE="2025-10-01" ENDDATE="2079-06-06" ISACTUAL="1" ISACTIVE="1" /></APARTMENTS>