﻿<?xml version="1.0" encoding="utf-8"?><HOUSES><HOUSE ID="57313118" OBJECTID="71063375" OBJECTGUID="53c0c01a-8836-4df0-b56e-e5f39e928251" CHANGEID="105866686" HOUSENUM="4" HOUSETYPE="7" OPERTYPEID="20" PREVID="42863505" NEXTID="129189054" UPDATEDATE="2025-10-01" STARTDATE="2015-12-29" ENDDATE="2025-10-01" ISACTUAL="0" ISACTIVE="0" /><HOUSE ID="60466105" OBJECTID="71016728" OBJECTGUID="803efa1d-711a-4b64-8655-084d5bab3940" CHANGEID="105795042" HOUSENUM="30" ADDNUM1="б" HOUSETYPE="1" ADDTYPE1="4" OPERTYPEID="20" PREVID="42834415" NEXTID="129189065" UPDATEDATE="2025-10-01" STARTDATE="2015-12-29" ENDDATE="2025-10-01" ISACTUAL="0" ISACTIVE="0" /><HOUSE ID="67489966" OBJECTID="40657794" OBJECTGUID="e36b590d-bcba-4f93-9d72-c783fc4f9c22" CHANGEID="61522929" HOUSENUM="7" HOUSETYPE="2" OPERTYPEID="20" PREVID="24301660" NEXTID="129165746" UPDATEDATE="2025-09-29" STARTDATE="2018-03-14" ENDDATE="2025-09-29" ISACTUAL="0" ISACTIVE="0" /><HOUSE ID="63687147" OBJECTID="16079743" OBJECTGUID="adb522fd-b630-43b2-905d-8b5384d70662" CHANGEID="25545632" HOUSENUM="12" HOUSETYPE="2" OPERTYPEID="20" PREVID="9136147" NEXTID="129166001" UPDATEDATE="2025-09-29" STARTDATE="2018-03-19" ENDDATE="2025-09-29" ISACTUAL="0" ISACTIVE="0" /><HOUSE ID="47659079" OBJECTID="78899084" OBJECTGUID="6cde2cbd-e5c7-4271-a56b-4c381a7bdb29" CHANGEID="117269826" HOUSENUM="1" HOUSETYPE="2" OPERTYPEID="10" PREVID="0" NEXTID="129182925" UPDATEDATE="2025-09-30" STARTDATE="2016-04-09" ENDDATE="2025-09-30" ISACTUAL="0" ISACTIVE="0" /><HOUSE ID="53171269" OBJECTID="71044568" OBJECTGUID="194762ed-600a-4951-b4b5-71b6b1b21db3" CHANGEID="105834931" HOUSENUM="36" ADDNUM1="а" HOUSETYPE="1" ADDTYPE1="4" OPERTYPEID="20" PREVID="42850629" NEXTID="129189073" UPDATEDATE="2025-10-01" STARTDATE="2015-12-29" ENDDATE="2025-10-01" ISACTUAL="0" ISACTIVE="0" /><HOUSE ID="53351981" OBJECTID="71043424" OBJECTGUID="1bd47fe1-e6a1-4f6b-9e98-5f2d4abb11fa" CHANGEID="105833217" HOUSENUM="6" ADDNUM1="а" HOUSETYPE="1" ADDTYPE1="4" OPERTYPEID="20" PREVID="42849853" NEXTID="129189058" UPDATEDATE="2025-10-01" STARTDATE="2015-12-29" ENDDATE="2025-10-01" ISACTUAL="0" ISACTIVE="0" /><HOUSE ID="54184372" OBJECTID="71017305" OBJECTGUID="27957ab3-0381-42ce-8d5b-0852131d01e6" CHANGEID="105796199" HOUSENUM="39" ADDNUM1="а" HOUSETYPE="1" ADDTYPE1="4" OPERTYPEID="20" PREVID="42834759" NEXTID="129189078" UPDATEDATE="2025-10-01" STARTDATE="2015-12-29" ENDDATE="2025-10-01" ISACTUAL="0" ISACTIVE="0" /><HOUSE ID="129165241" OBJECTID="174913247" OBJECTGUID="594278dd-94c0-46c9-b09f-70583b17f54b" CHANGEID="689633000" HOUSENUM="61" HOUSETYPE="2" OPERTYPEID="10" PREVID="0" NEXTID="0" UPDATEDATE="2025-09-29" STARTDATE="2025-09-29" ENDDATE="2079-06-06" ISACTUAL="1" ISACTIVE="1" /><HOUSE ID="129165242" OBJECTID="174913248" OBJECTGUID="2b3a626f-2125-4c78-8f47-638f412f1e74" CHANGEID="689633005" HOUSENUM="1/22" HOUSETYPE="8" OPERTYPEID="10" PREVID="0" NEXTID="0" UPDATEDATE="2025-09-29" STARTDATE="2025-09-29" ENDDATE="2079-06-06" ISACTUAL="1" ISACTIVE="1" /><HOUSE ID="129165243" OBJECTID="174913249" OBJECTGUID="125c5d72-1dde-4d9d-9102-fd2fd7004c02" CHANGEID="689633006" HOUSENUM="1/21" HOUSETYPE="8" OPERTYPEID="10" PREVID="0" NEXTID="0" UPDATEDATE="2025-09-29" STARTDATE="2025-09-29" ENDDATE="2079-06-06" ISACTUAL="1" ISACTIVE="1" /><HOUSE ID="129165244" OBJECTID="174913250" OBJECTGUID="12e5e2eb-44ec-4b14-bb06-428c8289d555" CHANGEID="689633007" HOUSENUM="1/20" HOUSETYPE="8" OPERTYPEID="10" PREVID="0" NEXTID="0" UPDATEDATE="2025-09-29" STARTDATE="2025-09-29" ENDDATE="2079-06-06" ISACTUAL="1" ISACTIVE="1" /><HOUSE ID="129165245" OBJECTID="174913251" OBJECTGUID="a33d05b6-4ff7-4eff-b7e3-43d16fab2e0e" CHANGEID="689633008" HOUSENUM="1/19" HOUSETYPE="8" OPERTYPEID="10" PREVID="0" NEXTID="0" UPDATEDATE="2025-09-29" STARTDATE="2025-09-29" ENDDATE="2079-06-06" ISACTUAL="1" ISACTIVE="1" /><HOUSE ID="129165246" OBJECTID="174913252" OBJECTGUID="fb407929-19a8-4553-a4f3-84ff0189c9cf" CHANGEID="689633009" HOUSENUM="1/18" HOUSETYPE="8" OPERTYPEID="10" PREVID="0" NEXTID="0" UPDATEDATE="2025-09-29" STARTDATE="2025-09-29" ENDDATE="2079-06-06" ISACTUAL="1" ISACTIVE="1" /><HOUSE ID="129165247" OBJECTID="174913253" OBJECTGUID="cc4892ee-8784-4c84-8432-a367747bda26" CHANGEID="689633010" HOUSENUM="1/17" HOUSETYPE="8" OPERTYPEID="10" PREVID="0" NEXTID="0" UPDATEDATE="2025-09-29" STARTDATE="2025-09-29" ENDDATE="2079-06-06" ISACTUAL="1" ISACTIVE="1" /><HOUSE ID="129165248" OBJECTID="174913254" OBJECTGUID="d32e1234-74c8-45be-8044-89840ac95992" CHANGEID="689633011" HOUSENUM="1/16" HOUSETYPE="8" OPERTYPEID="10" PREVID="0" NEXTID="0" UPDATEDATE="2025-09-29" STARTDATE="2025-09-29" ENDDATE="2079-06-06" ISACTUAL="1" ISACTIVE="1" /><HOUSE ID="129165249" OBJECTID="174913255" OBJECTGUID="fe3fb396-54eb-4a1f-be57-5cf8975580d1" CHANGEID="689633012" HOUSENUM="1/15" HOUSETYPE="8" OPERTYPEID="10" PREVID="0" NEXTID="0" UPDATEDATE="2025-09-29" STARTDATE="2025-09-29" ENDDATE="2079-06-06" ISACTUAL="1" ISACTIVE="1" /><HOUSE ID="129165250" OBJECTID="174913256" OBJECTGUID="11017297-ac3f-47f8-a065-aa909e2bf0a3" CHANGEID="689633013" HOUSENUM="1/14" HOUSETYPE="8" OPERTYPEID="10" PREVID="0" NEXTID="0" UPDATEDATE="2025-09-29" STARTDATE="2025-09-29" ENDDATE="2079-06-06" ISACTUAL="1" ISACTIVE="1" /><HOUSE ID="129165251" OBJECTID="174913257" OBJECTGUID="8e05f8e3-1439-4b00-be28-bb8f36076685" CHANGEID="689633014" HOUSENUM="1/13" HOUSETYPE="8" OPERTYPEID="10" PREVID="0" NEXTID="0" UPDATEDATE="2025-09-29" STARTDATE="2025-09-29" ENDDATE="2079-06-06" ISACTUAL="1" ISACTIVE="1" /><HOUSE ID="129165252" OBJECTID="174913258" OBJECTGUID="3e9f8dc3-de7b-436d-beae-91ee179d072b" CHANGEID="689633033" HOUSENUM="16/5" HOUSETYPE="5" OPERTYPEID="10" PREVID="0" NEXTID="0" UPDATEDATE="2025-09-29" STARTDATE="2025-09-29" ENDDATE="2079-06-06" ISACTUAL="1" ISACTIVE="1" /><HOUSE ID="129165253" OBJECTID="174913259" OBJECTGUID="16d52b98-b955-451e-ac83-b30bdb3265d8" CHANGEID="689633034" HOUSENUM="15/8" HOUSETYPE="8" OPERTYPEID="10" PREVID="0" NEXTID="0" UPDATEDATE="2025-09-29" STARTDATE="2025-09-29" ENDDATE="2079-06-06" ISACTUAL="1" ISACTIVE="1" /><HOUSE ID="129165254" OBJECTID="174913260" OBJECTGUID="b241d273-d44c-4515-b876-4a36c1ca715f" CHANGEID="689633035" HOUSENUM="15/7" HOUSETYPE="8" OPERTYPEID="10" PREVID="0" NEXTID="0" UPDATEDATE="2025-09-29" STARTDATE="2025-09-29" ENDDATE="2079-06-06" ISACTUAL="1" ISACTIVE="1" /><HOUSE ID="129165255" OBJECTID="174913271" OBJECTGUID="b9e0f93c-f8a8-499e-92e3-8538bc80780d" CHANGEID="689633053" HOUSENUM="16" HOUSETYPE="2" OPERTYPEID="10" PREVID="0" NEXTID="0" UPDATEDATE="2025-09-29" STARTDATE="2025-09-29" ENDDATE="2079-06-06" ISACTUAL="1" ISACTIVE="1" /><HOUSE ID="129165302" OBJECTID="174913341" OBJECTGUID="29208a29-f5f6-4650-84e8-f0603eb4d957" CHANGEID="689633147" HOUSENUM="6А" HOUSETYPE="2" OPERTYPEID="10" PREVID="0" NEXTID="0" UPDATEDATE="2025-09-29" STARTDATE="2025-09-29" ENDDATE="2079-06-06" ISACTUAL="1" ISACTIVE="1" /><HOUSE ID="129165728" OBJECTID="174914279" OBJECTGUID="ee35289f-b56f-484e-baa2-74891251ee08" CHANGEID="689635158" HOUSENUM="3/2" HOUSETYPE="2" OPERTYPEID="54" PREVID="111794300" NEXTID="0" UPDATEDATE="2025-09-29" STARTDATE="2025-09-29" ENDDATE="2079-06-06" ISACTUAL="1" ISACTIVE="1" /><HOUSE ID="129165729" OBJECTID="174914280" OBJECTGUID="cbcaaed9-0fe3-4d54-a425-b072a65b871d" CHANGEID="689635160" HOUSENUM="3/1" HOUSETYPE="2" OPERTYPEID="54" PREVID="111794301" NEXTID="0" UPDATEDATE="2025-09-29" STARTDATE="2025-09-29" ENDDATE="2079-06-06" ISACTUAL="1" ISACTIVE="1" /><HOUSE ID="129165730" OBJECTID="2301791" OBJECTGUID="a9cb559c-eebb-4715-bd45-b95b18c7bfb1" CHANGEID="689635161" HOUSENUM="3" HOUSETYPE="2" OPERTYPEID="55" PREVID="516627" UPDATEDATE="2025-09-29" STARTDATE="2025-09-29" ENDDATE="2079-06-06" ISACTUAL="1" ISACTIVE="0" /><HOUSE ID="516627" OBJECTID="2301791" OBJECTGUID="a9cb559c-eebb-4715-bd45-b95b18c7bfb1" CHANGEID="5290303" HOUSENUM="3" HOUSETYPE="2" OPERTYPEID="10" PREVID="0" NEXTID="129165730" UPDATEDATE="2025-09-29" STARTDATE="1900-01-01" ENDDATE="2025-09-29" ISACTUAL="0" ISACTIVE="0" /><HOUSE ID="129165746" OBJECTID="40657794" OBJECTGUID="e36b590d-bcba-4f93-9d72-c783fc4f9c22" CHANGEID="689635226" HOUSENUM="7" HOUSETYPE="2" OPERTYPEID="30" PREVID="67489966" NEXTID="0" UPDATEDATE="2025-09-29" STARTDATE="2025-09-29" ENDDATE="2079-06-06" ISACTUAL="1" ISACTIVE="0" /><HOUSE ID="129166001" OBJECTID="16079743" OBJECTGUID="adb522fd-b630-43b2-905d-8b5384d70662" CHANGEID="689637527" HOUSENUM="12" HOUSETYPE="2" OPERTYPEID="30" PREVID="63687147" NEXTID="0" UPDATEDATE="2025-09-29" STARTDATE="2025-09-29" ENDDATE="2079-06-06" ISACTUAL="1" ISACTIVE="0" /><HOUSE ID="129166006" OBJECTID="174915532" OBJECTGUID="1c22fb15-66d2-4778-b968-ef2595179197" CHANGEID="689637565" HOUSENUM="81/1" HOUSETYPE="2" OPERTYPEID="10" PREVID="0" NEXTID="0" UPDATEDATE="2025-09-29" STARTDATE="2025-09-29" ENDDATE="2079-06-06" ISACTUAL="1" ISACTIVE="1" /><HOUSE ID="129171161" OBJECTID="174932365" OBJECTGUID="26578d6c-eb86-47c4-b80c-5f05992f1f6c" CHANGEID="689673123" HOUSENUM="8" HOUSETYPE="2" OPERTYPEID="10" PREVID="0" NEXTID="0" UPDATEDATE="2025-09-29" STARTDATE="2025-09-29" ENDDATE="2079-06-06" ISACTUAL="1" ISACTIVE="1" /><HOUSE ID="129171175" OBJECTID="174932395" OBJECTGUID="59b86786-afd7-4c97-ba01-c314e422ca9e" CHANGEID="689673170" HOUSENUM="27" HOUSETYPE="5" OPERTYPEID="10" PREVID="0" NEXTID="0" UPDATEDATE="2025-09-29" STARTDATE="2025-09-29" ENDDATE="2079-06-06" ISACTUAL="1" ISACTIVE="1" /><HOUSE ID="129171176" OBJECTID="174932396" OBJECTGUID="84a7daf8-6e4f-47bc-9bb2-b739eb4a9f2b" CHANGEID="689673171" HOUSENUM="26" HOUSETYPE="5" OPERTYPEID="10" PREVID="0" NEXTID="0" UPDATEDATE="2025-09-29" STARTDATE="2025-09-29" ENDDATE="2079-06-06" ISACTUAL="1" ISACTIVE="1" /><HOUSE ID="129171177" OBJECTID="174932397" OBJECTGUID="1d434b2a-e3ec-4eae-b998-411878ff4be5" CHANGEID="689673172" HOUSENUM="9" HOUSETYPE="2" OPERTYPEID="10" PREVID="0" NEXTID="0" UPDATEDATE="2025-09-29" STARTDATE="2025-09-29" ENDDATE="2079-06-06" ISACTUAL="1" ISACTIVE="1" /><HOUSE ID="129171607" OBJECTID="174933887" OBJECTGUID="a244554c-60d9-4a86-9836-6a95b11f94df" CHANGEID="689675612" HOUSENUM="10/1" HOUSETYPE="2" OPERTYPEID="10" PREVID="0" NEXTID="0" UPDATEDATE="2025-09-29" STARTDATE="2025-09-29" ENDDATE="2079-06-06" ISACTUAL="1" ISACTIVE="1" /><HOUSE ID="129171628" OBJECTID="174933949" OBJECTGUID="f5baa99b-882c-4d6f-8206-a00671fb9eeb" CHANGEID="689675736" HOUSENUM="38/1" HOUSETYPE="2" OPERTYPEID="10" PREVID="0" NEXTID="0" UPDATEDATE="2025-09-29" STARTDATE="2025-09-29" ENDDATE="2079-06-06" ISACTUAL="1" ISACTIVE="1" /><HOUSE ID="129172227" OBJECTID="174935169" OBJECTGUID="4ec4bc81-6218-418f-8519-5b3f8e59a52a" CHANGEID="689679124" HOUSENUM="16а" HOUSETYPE="2" OPERTYPEID="10" PREVID="0" NEXTID="0" UPDATEDATE="2025-09-29" STARTDATE="2025-09-29" ENDDATE="2079-06-06" ISACTUAL="1" ISACTIVE="1" /><HOUSE ID="129173410" OBJECTID="81284779" OBJECTGUID="404b5c54-67c5-4f11-95f3-7a4873192e10" CHANGEID="689687336" HOUSENUM="10" HOUSETYPE="2" OPERTYPEID="30" PREVID="49178507" NEXTID="0" UPDATEDATE="2025-09-29" STARTDATE="2025-09-29" ENDDATE="2079-06-06" ISACTUAL="1" ISACTIVE="0" /><HOUSE ID="49178507" OBJECTID="81284779" OBJECTGUID="404b5c54-67c5-4f11-95f3-7a4873192e10" CHANGEID="120783041" HOUSENUM="10" HOUSETYPE="2" OPERTYPEID="10" PREVID="0" NEXTID="129173410" UPDATEDATE="2025-09-29" STARTDATE="1986-06-19" ENDDATE="2025-09-29" ISACTUAL="0" ISACTIVE="0" /><HOUSE ID="129175596" OBJECTID="174946991" OBJECTGUID="fd4ed62d-ebf5-45cb-9f99-07e01ddff4c1" CHANGEID="689704595" HOUSENUM="1а" HOUSETYPE="2" OPERTYPEID="10" PREVID="0" NEXTID="0" UPDATEDATE="2025-09-30" STARTDATE="2025-09-30" ENDDATE="2079-06-06" ISACTUAL="1" ISACTIVE="1" /><HOUSE ID="129175839" OBJECTID="174947627" OBJECTGUID="e1c10268-7b63-4790-8aa3-7f0c4692834b" CHANGEID="689705835" HOUSENUM="57а" HOUSETYPE="2" OPERTYPEID="10" PREVID="0" NEXTID="0" UPDATEDATE="2025-09-30" STARTDATE="2025-09-30" ENDDATE="2079-06-06" ISACTUAL="1" ISACTIVE="1" /><HOUSE ID="129177108" OBJECTID="174950266" OBJECTGUID="843ff3d5-a3ed-4633-8789-c3cf3a3b50ff" CHANGEID="689710618" HOUSENUM="101" HOUSETYPE="2" OPERTYPEID="10" PREVID="0" NEXTID="0" UPDATEDATE="2025-09-30" STARTDATE="2025-09-30" ENDDATE="2079-06-06" ISACTUAL="1" ISACTIVE="1" /><HOUSE ID="129177500" OBJECTID="174951609" OBJECTGUID="eb120685-84cd-4069-a7f7-4dabdb9a62de" CHANGEID="689712767" HOUSENUM="2/1" HOUSETYPE="2" OPERTYPEID="10" PREVID="0" NEXTID="0" UPDATEDATE="2025-09-30" STARTDATE="2025-09-30" ENDDATE="2079-06-06" ISACTUAL="1" ISACTIVE="1" /><HOUSE ID="25675960" OBJECTID="42979652" OBJECTGUID="81eb4b45-6625-41a6-8882-4e95ed551c85" CHANGEID="64894232" HOUSENUM="2" ADDNUM1="1" HOUSETYPE="2" ADDTYPE1="1" OPERTYPEID="10" PREVID="0" NEXTID="129178869" UPDATEDATE="2025-09-30" STARTDATE="2010-07-01" ENDDATE="2025-09-30" ISACTUAL="0" ISACTIVE="0" /><HOUSE ID="129178869" OBJECTID="42979652" OBJECTGUID="81eb4b45-6625-41a6-8882-4e95ed551c85" CHANGEID="689723377" HOUSENUM="2/1" HOUSETYPE="2" OPERTYPEID="20" PREVID="25675960" UPDATEDATE="2025-09-30" STARTDATE="2025-09-30" ENDDATE="2079-06-06" ISACTUAL="1" ISACTIVE="1" /><HOUSE ID="25675651" OBJECTID="42979327" OBJECTGUID="1fe9ee5f-921b-47c2-a8f3-2476311202cd" CHANGEID="64893731" HOUSENUM="11" ADDNUM1="1" HOUSETYPE="2" ADDTYPE1="1" OPERTYPEID="10" PREVID="0" NEXTID="129179233" UPDATEDATE="2025-09-30" STARTDATE="2010-07-01" ENDDATE="2025-09-30" ISACTUAL="0" ISACTIVE="0" /><HOUSE ID="129179233" OBJECTID="42979327" OBJECTGUID="1fe9ee5f-921b-47c2-a8f3-2476311202cd" CHANGEID="689725689" HOUSENUM="11/1" HOUSETYPE="2" OPERTYPEID="20" PREVID="25675651" UPDATEDATE="2025-09-30" STARTDATE="2025-09-30" ENDDATE="2079-06-06" ISACTUAL="1" ISACTIVE="1" /><HOUSE ID="25661773" OBJECTID="42956528" OBJECTGUID="265fb7b0-7586-4692-abe3-4f2e9cc93420" CHANGEID="64861182" HOUSENUM="22" ADDNUM1="А" HOUSETYPE="2" ADDTYPE1="1" OPERTYPEID="10" PREVID="0" NEXTID="129179486" UPDATEDATE="2025-09-30" STARTDATE="2007-08-02" ENDDATE="2025-09-30" ISACTUAL="0" ISACTIVE="0" /><HOUSE ID="129179486" OBJECTID="42956528" OBJECTGUID="265fb7b0-7586-4692-abe3-4f2e9cc93420" CHANGEID="689729544" HOUSENUM="22А" HOUSETYPE="2" OPERTYPEID="20" PREVID="25661773" UPDATEDATE="2025-09-30" STARTDATE="2025-09-30" ENDDATE="2079-06-06" ISACTUAL="1" ISACTIVE="1" /><HOUSE ID="24621574" OBJECTID="41201083" OBJECTGUID="2653fbe9-c3a6-4686-95f3-15d86ca7767d" CHANGEID="62316676" HOUSENUM="18" HOUSETYPE="3" OPERTYPEID="10" PREVID="0" NEXTID="129181720" UPDATEDATE="2025-09-30" STARTDATE="2015-12-24" ENDDATE="2025-09-30" ISACTUAL="0" ISACTIVE="0" /><HOUSE ID="129181720" OBJECTID="41201083" OBJECTGUID="2653fbe9-c3a6-4686-95f3-15d86ca7767d" CHANGEID="689745358" HOUSENUM="18" HOUSETYPE="2" OPERTYPEID="20" PREVID="24621574" UPDATEDATE="2025-09-30" STARTDATE="2025-09-30" ENDDATE="2079-06-06" ISACTUAL="1" ISACTIVE="1" /><HOUSE ID="129182925" OBJECTID="78899084" OBJECTGUID="6cde2cbd-e5c7-4271-a56b-4c381a7bdb29" CHANGEID="689752189" HOUSENUM="1" HOUSETYPE="2" OPERTYPEID="30" PREVID="47659079" NEXTID="0" UPDATEDATE="2025-09-30" STARTDATE="2025-09-30" ENDDATE="2079-06-06" ISACTUAL="1" ISACTIVE="0" /><HOUSE ID="129185091" OBJECTID="174973281" OBJECTGUID="43548fb1-7250-4cf3-bd23-e17f26aa2662" CHANGEID="689783578" HOUSENUM="20/7" HOUSETYPE="7" OPERTYPEID="10" PREVID="0" NEXTID="0" UPDATEDATE="2025-10-01" STARTDATE="2025-10-01" ENDDATE="2079-06-06" ISACTUAL="1" ISACTIVE="1" /><HOUSE ID="129185076" OBJECTID="174973231" OBJECTGUID="b0aedc24-099b-4e7f-9a8f-44f565b16703" CHANGEID="689783441" HOUSENUM="3/2" HOUSETYPE="2" OPERTYPEID="10" PREVID="0" NEXTID="0" UPDATEDATE="2025-10-01" STARTDATE="2025-10-01" ENDDATE="2079-06-06" ISACTUAL="1" ISACTIVE="1" /><HOUSE ID="129185077" OBJECTID="174973232" OBJECTGUID="43da4779-20e4-4d75-86b3-83f315f08436" CHANGEID="689783442" HOUSENUM="3/1" HOUSETYPE="2" OPERTYPEID="10" PREVID="0" NEXTID="0" UPDATEDATE="2025-10-01" STARTDATE="2025-10-01" ENDDATE="2079-06-06" ISACTUAL="1" ISACTIVE="1" /><HOUSE ID="129185797" OBJECTID="174976441" OBJECTGUID="25679cf3-4cf6-4450-b830-5f02eac372d7" CHANGEID="689790059" HOUSENUM="60" ADDNUM1="4" HOUSETYPE="2" ADDTYPE1="1" OPERTYPEID="10" PREVID="0" NEXTID="0" UPDATEDATE="2025-10-01" STARTDATE="2025-10-01" ENDDATE="2079-06-06" ISACTUAL="1" ISACTIVE="1" /><HOUSE ID="129185787" OBJECTID="174976426" OBJECTGUID="f10c4542-938c-4524-9a54-5288ae03060a" CHANGEID="689790012" HOUSENUM="1/2" HOUSETYPE="2" OPERTYPEID="54" PREVID="111813813" NEXTID="0" UPDATEDATE="2025-10-01" STARTDATE="2025-10-01" ENDDATE="2079-06-06" ISACTUAL="1" ISACTIVE="1" /><HOUSE ID="129185788" OBJECTID="174976427" OBJECTGUID="fcbbb01c-a3d6-46a9-a38a-76c143e29218" CHANGEID="689790014" HOUSENUM="1/4" HOUSETYPE="2" OPERTYPEID="54" PREVID="111813814" NEXTID="0" UPDATEDATE="2025-10-01" STARTDATE="2025-10-01" ENDDATE="2079-06-06" ISACTUAL="1" ISACTIVE="1" /><HOUSE ID="129185789" OBJECTID="174976428" OBJECTGUID="b224ec86-807c-4428-a229-59899c91d9ad" CHANGEID="689790016" HOUSENUM="1/3" HOUSETYPE="2" OPERTYPEID="54" PREVID="111813815" NEXTID="0" UPDATEDATE="2025-10-01" STARTDATE="2025-10-01" ENDDATE="2079-06-06" ISACTUAL="1" ISACTIVE="1" /><HOUSE ID="129185790" OBJECTID="174976429" OBJECTGUID="65e4d889-e8ba-475a-afd9-bea34efaa030" CHANGEID="689790018" HOUSENUM="1/1" HOUSETYPE="2" OPERTYPEID="54" PREVID="111813816" NEXTID="0" UPDATEDATE="2025-10-01" STARTDATE="2025-10-01" ENDDATE="2079-06-06" ISACTUAL="1" ISACTIVE="1" /><HOUSE ID="129185791" OBJECTID="12456482" OBJECTGUID="84e8d0d6-0431-4230-9d33-798e2ebd2471" CHANGEID="689790019" HOUSENUM="1" HOUSETYPE="2" OPERTYPEID="55" PREVID="6727874" UPDATEDATE="2025-10-01" STARTDATE="2025-10-01" ENDDATE="2079-06-06" ISACTUAL="1" ISACTIVE="0" /><HOUSE ID="6727874" OBJECTID="12456482" OBJECTGUID="84e8d0d6-0431-4230-9d33-798e2ebd2471" CHANGEID="20105519" HOUSENUM="1" HOUSETYPE="2" OPERTYPEID="10" PREVID="0" NEXTID="129185791" UPDATEDATE="2025-10-01" STARTDATE="1900-01-01" ENDDATE="2025-10-01" ISACTUAL="0" ISACTIVE="0" /><HOUSE ID="129188590" OBJECTID="174984976" OBJECTGUID="4f4beec1-ed2d-4860-89db-f5c86d3e2016" CHANGEID="689807118" HOUSENUM="6/2" HOUSETYPE="2" OPERTYPEID="54" PREVID="111816314" NEXTID="0" UPDATEDATE="2025-10-01" STARTDATE="2025-10-01" ENDDATE="2079-06-06" ISACTUAL="1" ISACTIVE="1" /><HOUSE ID="129188591" OBJECTID="174984977" OBJECTGUID="97adc08e-2338-425b-a89e-46b2f260d497" CHANGEID="689807120" HOUSENUM="6/1" HOUSETYPE="2" OPERTYPEID="54" PREVID="111816315" NEXTID="0" UPDATEDATE="2025-10-01" STARTDATE="2025-10-01" ENDDATE="2079-06-06" ISACTUAL="1" ISACTIVE="1" /><HOUSE ID="129188592" OBJECTID="9438973" OBJECTGUID="1f1f2cf6-f01c-4934-bf88-31bf40cec8ce" CHANGEID="689807121" HOUSENUM="6" HOUSETYPE="2" OPERTYPEID="55" PREVID="4905471" UPDATEDATE="2025-10-01" STARTDATE="2025-10-01" ENDDATE="2079-06-06" ISACTUAL="1" ISACTIVE="0" /><HOUSE ID="4905471" OBJECTID="9438973" OBJECTGUID="1f1f2cf6-f01c-4934-bf88-31bf40cec8ce" CHANGEID="15714872" HOUSENUM="6" HOUSETYPE="2" OPERTYPEID="10" PREVID="0" NEXTID="129188592" UPDATEDATE="2025-10-01" STARTDATE="2001-01-09" ENDDATE="2025-10-01" ISACTUAL="0" ISACTIVE="0" /><HOUSE ID="42460272" OBJECTID="70382185" OBJECTGUID="7d5f8bf9-5b00-4098-b55b-cfb30b127a35" CHANGEID="104875058" HOUSENUM="29" ADDNUM1="1" HOUSETYPE="5" ADDTYPE1="3" OPERTYPEID="10" PREVID="0" NEXTID="129189063" UPDATEDATE="2025-10-01" STARTDATE="2019-08-13" ENDDATE="2025-10-01" ISACTUAL="0" ISACTIVE="0" /><HOUSE ID="129189063" OBJECTID="70382185" OBJECTGUID="7d5f8bf9-5b00-4098-b55b-cfb30b127a35" CHANGEID="689810013" HOUSENUM="29/1" HOUSETYPE="8" OPERTYPEID="20" PREVID="42460272" UPDATEDATE="2025-10-01" STARTDATE="2025-10-01" ENDDATE="2079-06-06" ISACTUAL="1" ISACTIVE="1" /><HOUSE ID="129189073" OBJECTID="71044568" OBJECTGUID="194762ed-600a-4951-b4b5-71b6b1b21db3" CHANGEID="689810041" HOUSENUM="36а" HOUSETYPE="7" OPERTYPEID="20" PREVID="53171269" UPDATEDATE="2025-10-01" STARTDATE="2025-10-01" ENDDATE="2079-06-06" ISACTUAL="1" ISACTIVE="1" /><HOUSE ID="129189054" OBJECTID="71063375" OBJECTGUID="53c0c01a-8836-4df0-b56e-e5f39e928251" CHANGEID="689809979" HOUSENUM="4" HOUSETYPE="2" OPERTYPEID="20" PREVID="57313118" UPDATEDATE="2025-10-01" STARTDATE="2025-10-01" ENDDATE="2079-06-06" ISACTUAL="1" ISACTIVE="1" /><HOUSE ID="129189058" OBJECTID="71043424" OBJECTGUID="1bd47fe1-e6a1-4f6b-9e98-5f2d4abb11fa" CHANGEID="689809992" HOUSENUM="6А" HOUSETYPE="7" OPERTYPEID="20" PREVID="53351981" UPDATEDATE="2025-10-01" STARTDATE="2025-10-01" ENDDATE="2079-06-06" ISACTUAL="1" ISACTIVE="1" /><HOUSE ID="129189065" OBJECTID="71016728" OBJECTGUID="803efa1d-711a-4b64-8655-084d5bab3940" CHANGEID="689810018" HOUSENUM="30Б" HOUSETYPE="7" OPERTYPEID="20" PREVID="60466105" UPDATEDATE="2025-10-01" STARTDATE="2025-10-01" ENDDATE="2079-06-06" ISACTUAL="1" ISACTIVE="1" /><HOUSE ID="123534574" OBJECTID="156630321" OBJECTGUID="328b2a09-cdbd-449a-869a-c7170cf3addc" CHANGEID="443494021" HOUSENUM="41В" HOUSETYPE="5" OPERTYPEID="10" PREVID="0" NEXTID="129189080" UPDATEDATE="2025-10-01" STARTDATE="2022-10-10" ENDDATE="2025-10-01" ISACTUAL="0" ISACTIVE="0" /><HOUSE ID="129189080" OBJECTID="156630321" OBJECTGUID="328b2a09-cdbd-449a-869a-c7170cf3addc" CHANGEID="689810056" HOUSENUM="41в" HOUSETYPE="7" OPERTYPEID="20" PREVID="123534574" UPDATEDATE="2025-10-01" STARTDATE="2025-10-01" ENDDATE="2079-06-06" ISACTUAL="1" ISACTIVE="1" /><HOUSE ID="129189078" OBJECTID="71017305" OBJECTGUID="27957ab3-0381-42ce-8d5b-0852131d01e6" CHANGEID="689810053" HOUSENUM="39А" HOUSETYPE="7" OPERTYPEID="20" PREVID="54184372" UPDATEDATE="2025-10-01" STARTDATE="2025-10-01" ENDDATE="2079-06-06" ISACTUAL="1" ISACTIVE="1" /><HOUSE ID="129189088" OBJECTID="174986333" OBJECTGUID="11c3d53a-b21d-492e-93f6-5f8577f81eb1" CHANGEID="689810078" HOUSENUM="7" HOUSETYPE="7" OPERTYPEID="10" PREVID="0" NEXTID="0" UPDATEDATE="2025-10-01" STARTDATE="2025-10-01" ENDDATE="2079-06-06" ISACTUAL="1" ISACTIVE="1" /><HOUSE ID="129189089" OBJECTID="174986334" OBJECTGUID="3602ce05-b628-4492-80a5-4acc346d6c20" CHANGEID="689810079" HOUSENUM="9А" HOUSETYPE="7" OPERTYPEID="10" PREVID="0" NEXTID="0" UPDATEDATE="2025-10-01" STARTDATE="2025-10-01" ENDDATE="2079-06-06" ISACTUAL="1" ISACTIVE="1" /><HOUSE ID="129189919" OBJECTID="174988941" OBJECTGUID="23773a4b-cb33-46ec-912d-927b51fe4095" CHANGEID="689814070" HOUSENUM="16в" HOUSETYPE="2" OPERTYPEID="10" PREVID="0" NEXTID="0" UPDATEDATE="2025-10-01" STARTDATE="2025-10-01" ENDDATE="2079-06-06" ISACTUAL="1" ISACTIVE="1" /><HOUSE ID="129190033" OBJECTID="174989516" OBJECTGUID="0cecbef0-ad62-4b78-9361-1af642c38130" CHANGEID="689814952" HOUSENUM="2в" HOUSETYPE="2" OPERTYPEID="10" PREVID="0" NEXTID="0" UPDATEDATE="2025-10-01" STARTDATE="2025-10-01" ENDDATE="2079-06-06" ISACTUAL="1" ISACTIVE="1" /></HOUSES>