﻿<?xml version="1.0" encoding="utf-8"?><STEADS><STEAD ID="74164314" OBJECTID="174911724" OBJECTGUID="1ffad6ff-78f0-4ddc-b147-e4e983c2efaf" CHANGEID="689628797" NUMBER="32" OPERTYPEID="10" PREVID="0" NEXTID="0" UPDATEDATE="2025-09-29" STARTDATE="2025-09-29" ENDDATE="2079-06-06" ISACTUAL="1" ISACTIVE="1" /><STEAD ID="74164315" OBJECTID="174911725" OBJECTGUID="36958009-1f05-43db-b848-06bb9ef3360a" CHANGEID="689628798" NUMBER="40" OPERTYPEID="10" PREVID="0" NEXTID="0" UPDATEDATE="2025-09-29" STARTDATE="2025-09-29" ENDDATE="2079-06-06" ISACTUAL="1" ISACTIVE="1" /><STEAD ID="74165442" OBJECTID="174913270" OBJECTGUID="cc4961d5-1fff-4385-904f-397c0a4909d2" CHANGEID="689633052" NUMBER="16" OPERTYPEID="10" PREVID="0" NEXTID="0" UPDATEDATE="2025-09-29" STARTDATE="2025-09-29" ENDDATE="2079-06-06" ISACTUAL="1" ISACTIVE="1" /><STEAD ID="74165463" OBJECTID="174913338" OBJECTGUID="193df98e-0060-4332-815d-4e9a39f702e8" CHANGEID="689633142" NUMBER="6А" OPERTYPEID="10" PREVID="0" NEXTID="0" UPDATEDATE="2025-09-29" STARTDATE="2025-09-29" ENDDATE="2079-06-06" ISACTUAL="1" ISACTIVE="1" /><STEAD ID="74165464" OBJECTID="174913339" OBJECTGUID="5e653f08-2a8d-41f8-8614-6df156357297" CHANGEID="689633145" NUMBER="16в" OPERTYPEID="10" PREVID="0" NEXTID="0" UPDATEDATE="2025-09-29" STARTDATE="2025-09-29" ENDDATE="2079-06-06" ISACTUAL="1" ISACTIVE="1" /><STEAD ID="74165465" OBJECTID="174913340" OBJECTGUID="589590c9-968e-4758-a228-4bfb1ea314d7" CHANGEID="689633146" NUMBER="16б" OPERTYPEID="10" PREVID="0" NEXTID="0" UPDATEDATE="2025-09-29" STARTDATE="2025-09-29" ENDDATE="2079-06-06" ISACTUAL="1" ISACTIVE="1" /><STEAD ID="74166702" OBJECTID="174915575" OBJECTGUID="fe0570cb-a6c9-4fb2-8f4a-f34f0692512e" CHANGEID="689637628" NUMBER="1042" OPERTYPEID="10" PREVID="0" NEXTID="0" UPDATEDATE="2025-09-29" STARTDATE="2025-09-29" ENDDATE="2079-06-06" ISACTUAL="1" ISACTIVE="1" /><STEAD ID="74166703" OBJECTID="174915576" OBJECTGUID="2822931e-cd9a-4ced-a5eb-66c4c8dd70ff" CHANGEID="689637629" NUMBER="1039" OPERTYPEID="10" PREVID="0" NEXTID="0" UPDATEDATE="2025-09-29" STARTDATE="2025-09-29" ENDDATE="2079-06-06" ISACTUAL="1" ISACTIVE="1" /><STEAD ID="74167441" OBJECTID="174917306" OBJECTGUID="3622abba-a370-4fe0-90b5-4feb8c010e22" CHANGEID="689640644" NUMBER="64" OPERTYPEID="10" PREVID="0" NEXTID="0" UPDATEDATE="2025-09-29" STARTDATE="2025-09-29" ENDDATE="2079-06-06" ISACTUAL="1" ISACTIVE="1" /><STEAD ID="74167442" OBJECTID="174917307" OBJECTGUID="be78efe4-e406-43c3-9e02-65a03c23c65c" CHANGEID="689640645" NUMBER="62" OPERTYPEID="10" PREVID="0" NEXTID="0" UPDATEDATE="2025-09-29" STARTDATE="2025-09-29" ENDDATE="2079-06-06" ISACTUAL="1" ISACTIVE="1" /><STEAD ID="74167443" OBJECTID="174917308" OBJECTGUID="2550e44d-4db4-4758-a0f4-18139d394d97" CHANGEID="689640646" NUMBER="48" OPERTYPEID="10" PREVID="0" NEXTID="0" UPDATEDATE="2025-09-29" STARTDATE="2025-09-29" ENDDATE="2079-06-06" ISACTUAL="1" ISACTIVE="1" /><STEAD ID="74167444" OBJECTID="174917309" OBJECTGUID="bd8894f4-6516-4ede-a671-9c4da9103e41" CHANGEID="689640647" NUMBER="46" OPERTYPEID="10" PREVID="0" NEXTID="0" UPDATEDATE="2025-09-29" STARTDATE="2025-09-29" ENDDATE="2079-06-06" ISACTUAL="1" ISACTIVE="1" /><STEAD ID="74167445" OBJECTID="174917310" OBJECTGUID="c97e88f0-215f-44e8-9534-09d68e5d51a5" CHANGEID="689640648" NUMBER="44" OPERTYPEID="10" PREVID="0" NEXTID="0" UPDATEDATE="2025-09-29" STARTDATE="2025-09-29" ENDDATE="2079-06-06" ISACTUAL="1" ISACTIVE="1" /><STEAD ID="74167446" OBJECTID="174917311" OBJECTGUID="87539d60-8611-49a9-bf42-c68c08d6f33d" CHANGEID="689640649" NUMBER="42" OPERTYPEID="10" PREVID="0" NEXTID="0" UPDATEDATE="2025-09-29" STARTDATE="2025-09-29" ENDDATE="2079-06-06" ISACTUAL="1" ISACTIVE="1" /><STEAD ID="74167447" OBJECTID="174917312" OBJECTGUID="5dae56a6-5036-4043-91c6-5d5ad4fe60b5" CHANGEID="689640650" NUMBER="55" OPERTYPEID="10" PREVID="0" NEXTID="0" UPDATEDATE="2025-09-29" STARTDATE="2025-09-29" ENDDATE="2079-06-06" ISACTUAL="1" ISACTIVE="1" /><STEAD ID="74167448" OBJECTID="174917313" OBJECTGUID="2c268f2c-2376-4c04-b1b4-7dadb29d5c2c" CHANGEID="689640651" NUMBER="53" OPERTYPEID="10" PREVID="0" NEXTID="0" UPDATEDATE="2025-09-29" STARTDATE="2025-09-29" ENDDATE="2079-06-06" ISACTUAL="1" ISACTIVE="1" /><STEAD ID="74167449" OBJECTID="174917314" OBJECTGUID="232fc975-23af-464a-8cf9-f50e1baaa9ff" CHANGEID="689640652" NUMBER="51" OPERTYPEID="10" PREVID="0" NEXTID="0" UPDATEDATE="2025-09-29" STARTDATE="2025-09-29" ENDDATE="2079-06-06" ISACTUAL="1" ISACTIVE="1" /><STEAD ID="74167450" OBJECTID="174917315" OBJECTGUID="3f2b96a7-1f42-4d8f-8deb-2753986405a0" CHANGEID="689640653" NUMBER="49" OPERTYPEID="10" PREVID="0" NEXTID="0" UPDATEDATE="2025-09-29" STARTDATE="2025-09-29" ENDDATE="2079-06-06" ISACTUAL="1" ISACTIVE="1" /><STEAD ID="74167451" OBJECTID="174917316" OBJECTGUID="e059d295-4a67-4274-8010-a1535be3308e" CHANGEID="689640654" NUMBER="39" OPERTYPEID="10" PREVID="0" NEXTID="0" UPDATEDATE="2025-09-29" STARTDATE="2025-09-29" ENDDATE="2079-06-06" ISACTUAL="1" ISACTIVE="1" /><STEAD ID="74167452" OBJECTID="174917317" OBJECTGUID="ed352473-36bf-4726-902b-071878abd306" CHANGEID="689640655" NUMBER="37" OPERTYPEID="10" PREVID="0" NEXTID="0" UPDATEDATE="2025-09-29" STARTDATE="2025-09-29" ENDDATE="2079-06-06" ISACTUAL="1" ISACTIVE="1" /><STEAD ID="74167453" OBJECTID="174917318" OBJECTGUID="a76edf55-9e3d-4f8d-8452-40ca097c5459" CHANGEID="689640656" NUMBER="60" OPERTYPEID="10" PREVID="0" NEXTID="0" UPDATEDATE="2025-09-29" STARTDATE="2025-09-29" ENDDATE="2079-06-06" ISACTUAL="1" ISACTIVE="1" /><STEAD ID="74167454" OBJECTID="174917319" OBJECTGUID="32c46368-467f-4c95-b5d6-e11b24725bab" CHANGEID="689640657" NUMBER="58" OPERTYPEID="10" PREVID="0" NEXTID="0" UPDATEDATE="2025-09-29" STARTDATE="2025-09-29" ENDDATE="2079-06-06" ISACTUAL="1" ISACTIVE="1" /><STEAD ID="74167455" OBJECTID="174917320" OBJECTGUID="cf903ea8-2eea-4b14-86f3-87a247256286" CHANGEID="689640658" NUMBER="56" OPERTYPEID="10" PREVID="0" NEXTID="0" UPDATEDATE="2025-09-29" STARTDATE="2025-09-29" ENDDATE="2079-06-06" ISACTUAL="1" ISACTIVE="1" /><STEAD ID="74167456" OBJECTID="174917321" OBJECTGUID="492faf16-3515-46c3-a9e0-290ac54e4681" CHANGEID="689640659" NUMBER="54" OPERTYPEID="10" PREVID="0" NEXTID="0" UPDATEDATE="2025-09-29" STARTDATE="2025-09-29" ENDDATE="2079-06-06" ISACTUAL="1" ISACTIVE="1" /><STEAD ID="74167457" OBJECTID="174917322" OBJECTGUID="4bb43c96-1ae2-4d49-8ed5-857ef67e4334" CHANGEID="689640660" NUMBER="52" OPERTYPEID="10" PREVID="0" NEXTID="0" UPDATEDATE="2025-09-29" STARTDATE="2025-09-29" ENDDATE="2079-06-06" ISACTUAL="1" ISACTIVE="1" /><STEAD ID="74167458" OBJECTID="174917323" OBJECTGUID="d799543a-2079-445f-9f0e-ad7b4f6cc993" CHANGEID="689640661" NUMBER="50" OPERTYPEID="10" PREVID="0" NEXTID="0" UPDATEDATE="2025-09-29" STARTDATE="2025-09-29" ENDDATE="2079-06-06" ISACTUAL="1" ISACTIVE="1" /><STEAD ID="74172190" OBJECTID="174928497" OBJECTGUID="269089b6-779e-4f4c-9f8e-e5a3b1cd7642" CHANGEID="689664411" NUMBER="47" OPERTYPEID="10" PREVID="0" NEXTID="0" UPDATEDATE="2025-09-29" STARTDATE="2025-09-29" ENDDATE="2079-06-06" ISACTUAL="1" ISACTIVE="1" /><STEAD ID="74172191" OBJECTID="174928498" OBJECTGUID="e0ed98fb-ebf2-440c-aef9-6755e40bee56" CHANGEID="689664412" NUMBER="45" OPERTYPEID="10" PREVID="0" NEXTID="0" UPDATEDATE="2025-09-29" STARTDATE="2025-09-29" ENDDATE="2079-06-06" ISACTUAL="1" ISACTIVE="1" /><STEAD ID="74172192" OBJECTID="174928499" OBJECTGUID="a6315e2d-fb69-47f1-8749-4713cb2ac6cc" CHANGEID="689664413" NUMBER="43" OPERTYPEID="10" PREVID="0" NEXTID="0" UPDATEDATE="2025-09-29" STARTDATE="2025-09-29" ENDDATE="2079-06-06" ISACTUAL="1" ISACTIVE="1" /><STEAD ID="74172193" OBJECTID="174928500" OBJECTGUID="8134758c-4ee8-485c-bc29-134d99586685" CHANGEID="689664414" NUMBER="41" OPERTYPEID="10" PREVID="0" NEXTID="0" UPDATEDATE="2025-09-29" STARTDATE="2025-09-29" ENDDATE="2079-06-06" ISACTUAL="1" ISACTIVE="1" /><STEAD ID="74172194" OBJECTID="174928501" OBJECTGUID="9b9c5c7c-125f-4abf-a496-0acc9b45d1c9" CHANGEID="689664415" NUMBER="35" OPERTYPEID="10" PREVID="0" NEXTID="0" UPDATEDATE="2025-09-29" STARTDATE="2025-09-29" ENDDATE="2079-06-06" ISACTUAL="1" ISACTIVE="1" /><STEAD ID="74172195" OBJECTID="174928502" OBJECTGUID="d1cb79d6-6fd6-4a8f-9aff-9a5070d51b46" CHANGEID="689664416" NUMBER="33" OPERTYPEID="10" PREVID="0" NEXTID="0" UPDATEDATE="2025-09-29" STARTDATE="2025-09-29" ENDDATE="2079-06-06" ISACTUAL="1" ISACTIVE="1" /><STEAD ID="74175195" OBJECTID="174933873" OBJECTGUID="e146f1c2-31e3-477f-8057-b92bd40a8130" CHANGEID="689675591" NUMBER="10" OPERTYPEID="10" PREVID="0" NEXTID="0" UPDATEDATE="2025-09-29" STARTDATE="2025-09-29" ENDDATE="2079-06-06" ISACTUAL="1" ISACTIVE="1" /><STEAD ID="74175562" OBJECTID="174935160" OBJECTGUID="873f452a-89fc-41a1-8e9d-05a2eb43cd09" CHANGEID="689679108" NUMBER="16а" OPERTYPEID="10" PREVID="0" NEXTID="0" UPDATEDATE="2025-09-29" STARTDATE="2025-09-29" ENDDATE="2079-06-06" ISACTUAL="1" ISACTIVE="1" /><STEAD ID="74177233" OBJECTID="174939478" OBJECTGUID="05d06092-17eb-4438-bcbe-62d39b289063" CHANGEID="689688594" NUMBER="39/14/474" OPERTYPEID="10" PREVID="0" NEXTID="0" UPDATEDATE="2025-09-29" STARTDATE="2025-09-29" ENDDATE="2079-06-06" ISACTUAL="1" ISACTIVE="1" /><STEAD ID="74183476" OBJECTID="174950261" OBJECTGUID="951f801d-7412-4119-ad47-2ffbb1d3e5e7" CHANGEID="689710612" NUMBER="101" OPERTYPEID="10" PREVID="0" NEXTID="0" UPDATEDATE="2025-09-30" STARTDATE="2025-09-30" ENDDATE="2079-06-06" ISACTUAL="1" ISACTIVE="1" /><STEAD ID="74193115" OBJECTID="174965390" OBJECTGUID="99a5d374-46c1-420c-bcf4-7328effbef56" CHANGEID="689746029" NUMBER="59А" OPERTYPEID="10" PREVID="0" NEXTID="0" UPDATEDATE="2025-09-30" STARTDATE="2025-09-30" ENDDATE="2079-06-06" ISACTUAL="1" ISACTIVE="1" /><STEAD ID="74197314" OBJECTID="174972175" OBJECTGUID="9e1544da-2607-4dc4-ba23-25d34daf45bf" CHANGEID="689780786" NUMBER="5б" OPERTYPEID="10" PREVID="0" NEXTID="0" UPDATEDATE="2025-10-01" STARTDATE="2025-10-01" ENDDATE="2079-06-06" ISACTUAL="1" ISACTIVE="1" /><STEAD ID="74197315" OBJECTID="174972176" OBJECTGUID="273e1d0f-3bdf-4c83-8523-14826bc13fef" CHANGEID="689780787" NUMBER="5а" OPERTYPEID="10" PREVID="0" NEXTID="0" UPDATEDATE="2025-10-01" STARTDATE="2025-10-01" ENDDATE="2079-06-06" ISACTUAL="1" ISACTIVE="1" /><STEAD ID="74199036" OBJECTID="174976524" OBJECTGUID="e861f790-6c7c-4cb6-9004-407a4d833f52" CHANGEID="689790144" NUMBER="27а" OPERTYPEID="10" PREVID="0" NEXTID="0" UPDATEDATE="2025-10-01" STARTDATE="2025-10-01" ENDDATE="2079-06-06" ISACTUAL="1" ISACTIVE="1" /><STEAD ID="74199038" OBJECTID="174976529" OBJECTGUID="e2d27bdd-91b2-472f-af25-6ee40348ac1f" CHANGEID="689790151" NUMBER="29" OPERTYPEID="10" PREVID="0" NEXTID="0" UPDATEDATE="2025-10-01" STARTDATE="2025-10-01" ENDDATE="2079-06-06" ISACTUAL="1" ISACTIVE="1" /><STEAD ID="74204643" OBJECTID="174986250" OBJECTGUID="dd290b13-e1f8-47ec-ae5e-2e5fbb4ec785" CHANGEID="689809963" NUMBER="47" OPERTYPEID="10" PREVID="0" NEXTID="0" UPDATEDATE="2025-10-01" STARTDATE="2025-10-01" ENDDATE="2079-06-06" ISACTUAL="1" ISACTIVE="1" /><STEAD ID="74204644" OBJECTID="174986251" OBJECTGUID="992e2870-dc4f-4d59-bf24-bd14691a600a" CHANGEID="689809964" NUMBER="45" OPERTYPEID="10" PREVID="0" NEXTID="0" UPDATEDATE="2025-10-01" STARTDATE="2025-10-01" ENDDATE="2079-06-06" ISACTUAL="1" ISACTIVE="1" /><STEAD ID="74204645" OBJECTID="174986252" OBJECTGUID="620a457f-319f-476f-958b-4e67f4f91a15" CHANGEID="689809965" NUMBER="39б" OPERTYPEID="10" PREVID="0" NEXTID="0" UPDATEDATE="2025-10-01" STARTDATE="2025-10-01" ENDDATE="2079-06-06" ISACTUAL="1" ISACTIVE="1" /><STEAD ID="74204646" OBJECTID="174986253" OBJECTGUID="1ca39034-d292-4a87-860a-f02a38c6937e" CHANGEID="689809966" NUMBER="39/1" OPERTYPEID="10" PREVID="0" NEXTID="0" UPDATEDATE="2025-10-01" STARTDATE="2025-10-01" ENDDATE="2079-06-06" ISACTUAL="1" ISACTIVE="1" /><STEAD ID="74204647" OBJECTID="174986254" OBJECTGUID="1c4fd030-6294-4c20-8d73-0c70c98c51a0" CHANGEID="689809967" NUMBER="39" OPERTYPEID="10" PREVID="0" NEXTID="0" UPDATEDATE="2025-10-01" STARTDATE="2025-10-01" ENDDATE="2079-06-06" ISACTUAL="1" ISACTIVE="1" /><STEAD ID="74204648" OBJECTID="174986255" OBJECTGUID="f1c42513-b840-471d-8da3-9d8e7d3b372d" CHANGEID="689809968" NUMBER="38А" OPERTYPEID="10" PREVID="0" NEXTID="0" UPDATEDATE="2025-10-01" STARTDATE="2025-10-01" ENDDATE="2079-06-06" ISACTUAL="1" ISACTIVE="1" /><STEAD ID="74204649" OBJECTID="174986256" OBJECTGUID="a6daa323-53df-47e3-bf0c-1442dd6fa55b" CHANGEID="689809969" NUMBER="30в" OPERTYPEID="10" PREVID="0" NEXTID="0" UPDATEDATE="2025-10-01" STARTDATE="2025-10-01" ENDDATE="2079-06-06" ISACTUAL="1" ISACTIVE="1" /><STEAD ID="74204650" OBJECTID="174986257" OBJECTGUID="6ccb2bf7-bd87-4c54-8540-efcea45e5ca2" CHANGEID="689809970" NUMBER="30Б" OPERTYPEID="10" PREVID="0" NEXTID="0" UPDATEDATE="2025-10-01" STARTDATE="2025-10-01" ENDDATE="2079-06-06" ISACTUAL="1" ISACTIVE="1" /><STEAD ID="74204651" OBJECTID="174986258" OBJECTGUID="720c784e-b750-4d6e-a573-09a5c9c3491a" CHANGEID="689809971" NUMBER="25" OPERTYPEID="10" PREVID="0" NEXTID="0" UPDATEDATE="2025-10-01" STARTDATE="2025-10-01" ENDDATE="2079-06-06" ISACTUAL="1" ISACTIVE="1" /><STEAD ID="74204652" OBJECTID="174986259" OBJECTGUID="0239ea65-3318-41c9-8c4c-42f079f63c8a" CHANGEID="689809972" NUMBER="21" OPERTYPEID="10" PREVID="0" NEXTID="0" UPDATEDATE="2025-10-01" STARTDATE="2025-10-01" ENDDATE="2079-06-06" ISACTUAL="1" ISACTIVE="1" /><STEAD ID="74204653" OBJECTID="174986260" OBJECTGUID="c3382388-ae55-4b64-8829-3dc9a93255bc" CHANGEID="689809973" NUMBER="6А" OPERTYPEID="10" PREVID="0" NEXTID="0" UPDATEDATE="2025-10-01" STARTDATE="2025-10-01" ENDDATE="2079-06-06" ISACTUAL="1" ISACTIVE="1" /><STEAD ID="74204654" OBJECTID="174986261" OBJECTGUID="05262834-2c2a-4a37-9242-4b10844e4beb" CHANGEID="689809974" NUMBER="1а" OPERTYPEID="10" PREVID="0" NEXTID="0" UPDATEDATE="2025-10-01" STARTDATE="2025-10-01" ENDDATE="2079-06-06" ISACTUAL="1" ISACTIVE="1" /><STEAD ID="74204702" OBJECTID="174986328" OBJECTGUID="480d11b4-f780-4f45-b39e-b6e394c2f8e5" CHANGEID="689810072" NUMBER="11" OPERTYPEID="10" PREVID="0" NEXTID="0" UPDATEDATE="2025-10-01" STARTDATE="2025-10-01" ENDDATE="2079-06-06" ISACTUAL="1" ISACTIVE="1" /><STEAD ID="74204703" OBJECTID="174986329" OBJECTGUID="697887dc-6b14-4662-b885-9ee94d86f082" CHANGEID="689810073" NUMBER="5" OPERTYPEID="10" PREVID="0" NEXTID="0" UPDATEDATE="2025-10-01" STARTDATE="2025-10-01" ENDDATE="2079-06-06" ISACTUAL="1" ISACTIVE="1" /><STEAD ID="74204704" OBJECTID="174986330" OBJECTGUID="b900c1c3-5b83-441a-bac0-f47d48c64855" CHANGEID="689810074" NUMBER="1" OPERTYPEID="10" PREVID="0" NEXTID="0" UPDATEDATE="2025-10-01" STARTDATE="2025-10-01" ENDDATE="2079-06-06" ISACTUAL="1" ISACTIVE="1" /><STEAD ID="74205811" OBJECTID="174988922" OBJECTGUID="4a12ea15-dfea-49ac-9b82-e47f83c74eba" CHANGEID="689813968" NUMBER="16в" OPERTYPEID="10" PREVID="0" NEXTID="0" UPDATEDATE="2025-10-01" STARTDATE="2025-10-01" ENDDATE="2079-06-06" ISACTUAL="1" ISACTIVE="1" /><STEAD ID="74205882" OBJECTID="174989498" OBJECTGUID="951d0208-b605-4ab5-a472-0f4269176cfa" CHANGEID="689814915" NUMBER="2в" OPERTYPEID="10" PREVID="0" NEXTID="0" UPDATEDATE="2025-10-01" STARTDATE="2025-10-01" ENDDATE="2079-06-06" ISACTUAL="1" ISACTIVE="1" /></STEADS>