﻿<?xml version="1.0" encoding="utf-8"?><APARTMENTS><APARTMENT ID="111794341" OBJECTID="174914388" OBJECTGUID="d096a37b-35e8-4fdf-9fdf-c19e5c081735" CHANGEID="689635334" NUMBER="31" APARTTYPE="2" OPERTYPEID="10" PREVID="0" NEXTID="0" UPDATEDATE="2025-09-29" STARTDATE="2025-09-29" ENDDATE="2079-06-06" ISACTUAL="1" ISACTIVE="1" /><APARTMENT ID="111798740" OBJECTID="174926235" OBJECTGUID="08d7ae95-3181-434c-a143-c59b676df0c2" CHANGEID="689656142" NUMBER="8" APARTTYPE="2" OPERTYPEID="10" PREVID="0" NEXTID="0" UPDATEDATE="2025-09-29" STARTDATE="2025-09-29" ENDDATE="2079-06-06" ISACTUAL="1" ISACTIVE="1" /><APARTMENT ID="111799797" OBJECTID="174927460" OBJECTGUID="b75457b6-060e-45aa-a420-2fa4595b8e24" CHANGEID="689662583" NUMBER="13" APARTTYPE="2" OPERTYPEID="10" PREVID="0" NEXTID="0" UPDATEDATE="2025-09-29" STARTDATE="2025-09-29" ENDDATE="2079-06-06" ISACTUAL="1" ISACTIVE="1" /><APARTMENT ID="111799798" OBJECTID="174927465" OBJECTGUID="4934c9e3-783a-45a2-93d3-5fd980f7e5ef" CHANGEID="689662592" NUMBER="26" APARTTYPE="1" OPERTYPEID="10" PREVID="0" NEXTID="0" UPDATEDATE="2025-09-29" STARTDATE="2025-09-29" ENDDATE="2079-06-06" ISACTUAL="1" ISACTIVE="1" /><APARTMENT ID="111799799" OBJECTID="174927467" OBJECTGUID="bd90cbce-889b-40b1-a09b-2b7cccc82392" CHANGEID="689662595" NUMBER="36" APARTTYPE="2" OPERTYPEID="10" PREVID="0" NEXTID="0" UPDATEDATE="2025-09-29" STARTDATE="2025-09-29" ENDDATE="2079-06-06" ISACTUAL="1" ISACTIVE="1" /><APARTMENT ID="111799800" OBJECTID="174927470" OBJECTGUID="be6e50f7-b42b-4d6d-bbd6-72700604143b" CHANGEID="689662599" NUMBER="31" APARTTYPE="2" OPERTYPEID="10" PREVID="0" NEXTID="0" UPDATEDATE="2025-09-29" STARTDATE="2025-09-29" ENDDATE="2079-06-06" ISACTUAL="1" ISACTIVE="1" /><APARTMENT ID="111799801" OBJECTID="174927472" OBJECTGUID="5ec1f410-af08-41c3-8386-011d2c8f3bb2" CHANGEID="689662602" NUMBER="6" APARTTYPE="2" OPERTYPEID="10" PREVID="0" NEXTID="0" UPDATEDATE="2025-09-29" STARTDATE="2025-09-29" ENDDATE="2079-06-06" ISACTUAL="1" ISACTIVE="1" /><APARTMENT ID="111799802" OBJECTID="174927473" OBJECTGUID="bbec7252-a495-4631-9252-6927bc59bbdd" CHANGEID="689662604" NUMBER="12" APARTTYPE="2" OPERTYPEID="10" PREVID="0" NEXTID="0" UPDATEDATE="2025-09-29" STARTDATE="2025-09-29" ENDDATE="2079-06-06" ISACTUAL="1" ISACTIVE="1" /><APARTMENT ID="111799803" OBJECTID="174927477" OBJECTGUID="8e21a000-3818-47f9-9a40-c6871b6058ab" CHANGEID="689662609" NUMBER="2" APARTTYPE="2" OPERTYPEID="10" PREVID="0" NEXTID="0" UPDATEDATE="2025-09-29" STARTDATE="2025-09-29" ENDDATE="2079-06-06" ISACTUAL="1" ISACTIVE="1" /><APARTMENT ID="111799804" OBJECTID="174927478" OBJECTGUID="dbc1b999-886b-4719-b2ff-1b48cff3e10d" CHANGEID="689662611" NUMBER="6" APARTTYPE="2" OPERTYPEID="10" PREVID="0" NEXTID="0" UPDATEDATE="2025-09-29" STARTDATE="2025-09-29" ENDDATE="2079-06-06" ISACTUAL="1" ISACTIVE="1" /><APARTMENT ID="111799805" OBJECTID="174927479" OBJECTGUID="ea44b8c3-fa1a-46fc-9311-8bbe45ff0cba" CHANGEID="689662613" NUMBER="5" APARTTYPE="2" OPERTYPEID="10" PREVID="0" NEXTID="0" UPDATEDATE="2025-09-29" STARTDATE="2025-09-29" ENDDATE="2079-06-06" ISACTUAL="1" ISACTIVE="1" /><APARTMENT ID="111799806" OBJECTID="174927482" OBJECTGUID="8472ac5f-6be4-4e01-a85b-d8dbce2340c2" CHANGEID="689662617" NUMBER="1" APARTTYPE="2" OPERTYPEID="10" PREVID="0" NEXTID="0" UPDATEDATE="2025-09-29" STARTDATE="2025-09-29" ENDDATE="2079-06-06" ISACTUAL="1" ISACTIVE="1" /><APARTMENT ID="111799807" OBJECTID="174927484" OBJECTGUID="7f991f93-3a2e-44e8-a7a9-79849d586778" CHANGEID="689662619" NUMBER="21" APARTTYPE="2" OPERTYPEID="10" PREVID="0" NEXTID="0" UPDATEDATE="2025-09-29" STARTDATE="2025-09-29" ENDDATE="2079-06-06" ISACTUAL="1" ISACTIVE="1" /><APARTMENT ID="111799808" OBJECTID="174927485" OBJECTGUID="bf592b0e-9fa8-4964-bfef-97e7e8669ef6" CHANGEID="689662622" NUMBER="10" APARTTYPE="2" OPERTYPEID="10" PREVID="0" NEXTID="0" UPDATEDATE="2025-09-29" STARTDATE="2025-09-29" ENDDATE="2079-06-06" ISACTUAL="1" ISACTIVE="1" /><APARTMENT ID="111799809" OBJECTID="174927486" OBJECTGUID="4e272d3d-6964-4374-af99-e43dd7ded0ce" CHANGEID="689662625" NUMBER="29" APARTTYPE="2" OPERTYPEID="10" PREVID="0" NEXTID="0" UPDATEDATE="2025-09-29" STARTDATE="2025-09-29" ENDDATE="2079-06-06" ISACTUAL="1" ISACTIVE="1" /><APARTMENT ID="111799810" OBJECTID="174927487" OBJECTGUID="8e41cbdb-8548-4861-af3d-29b758838a31" CHANGEID="689662628" NUMBER="36" APARTTYPE="2" OPERTYPEID="10" PREVID="0" NEXTID="0" UPDATEDATE="2025-09-29" STARTDATE="2025-09-29" ENDDATE="2079-06-06" ISACTUAL="1" ISACTIVE="1" /><APARTMENT ID="111799811" OBJECTID="174927488" OBJECTGUID="3266908a-975b-4e61-b699-3b6583ff961e" CHANGEID="689662631" NUMBER="46" APARTTYPE="2" OPERTYPEID="10" PREVID="0" NEXTID="0" UPDATEDATE="2025-09-29" STARTDATE="2025-09-29" ENDDATE="2079-06-06" ISACTUAL="1" ISACTIVE="1" /><APARTMENT ID="111799812" OBJECTID="174927489" OBJECTGUID="4d7ab632-e33b-401d-945d-3dda5ede961a" CHANGEID="689662633" NUMBER="59" APARTTYPE="2" OPERTYPEID="10" PREVID="0" NEXTID="0" UPDATEDATE="2025-09-29" STARTDATE="2025-09-29" ENDDATE="2079-06-06" ISACTUAL="1" ISACTIVE="1" /><APARTMENT ID="111799813" OBJECTID="174927490" OBJECTGUID="53d8f2a6-ebbf-422a-b5d6-a13edb5b8fd9" CHANGEID="689662636" NUMBER="60" APARTTYPE="2" OPERTYPEID="10" PREVID="0" NEXTID="0" UPDATEDATE="2025-09-29" STARTDATE="2025-09-29" ENDDATE="2079-06-06" ISACTUAL="1" ISACTIVE="1" /><APARTMENT ID="111799814" OBJECTID="174927492" OBJECTGUID="e430dc96-bf9a-4c6e-ab71-421178919e7b" CHANGEID="689662639" NUMBER="34" APARTTYPE="2" OPERTYPEID="10" PREVID="0" NEXTID="0" UPDATEDATE="2025-09-29" STARTDATE="2025-09-29" ENDDATE="2079-06-06" ISACTUAL="1" ISACTIVE="1" /><APARTMENT ID="111799815" OBJECTID="174927494" OBJECTGUID="2cb26bf2-1a0f-490d-99a7-ac568b4c66d9" CHANGEID="689662641" NUMBER="31" APARTTYPE="2" OPERTYPEID="10" PREVID="0" NEXTID="0" UPDATEDATE="2025-09-29" STARTDATE="2025-09-29" ENDDATE="2079-06-06" ISACTUAL="1" ISACTIVE="1" /><APARTMENT ID="111799816" OBJECTID="174927495" OBJECTGUID="b38a4bba-8777-42df-95f2-9220d6bf629b" CHANGEID="689662643" NUMBER="151" APARTTYPE="2" OPERTYPEID="10" PREVID="0" NEXTID="0" UPDATEDATE="2025-09-29" STARTDATE="2025-09-29" ENDDATE="2079-06-06" ISACTUAL="1" ISACTIVE="1" /><APARTMENT ID="111799817" OBJECTID="174927498" OBJECTGUID="d2b441e2-e49a-42b6-904d-e85a9e6d68d7" CHANGEID="689662646" NUMBER="2" APARTTYPE="2" OPERTYPEID="10" PREVID="0" NEXTID="0" UPDATEDATE="2025-09-29" STARTDATE="2025-09-29" ENDDATE="2079-06-06" ISACTUAL="1" ISACTIVE="1" /><APARTMENT ID="111799818" OBJECTID="174927499" OBJECTGUID="332ab422-a016-481c-a0bf-0f7837c38657" CHANGEID="689662649" NUMBER="37" APARTTYPE="2" OPERTYPEID="10" PREVID="0" NEXTID="0" UPDATEDATE="2025-09-29" STARTDATE="2025-09-29" ENDDATE="2079-06-06" ISACTUAL="1" ISACTIVE="1" /><APARTMENT ID="111799819" OBJECTID="174927501" OBJECTGUID="d5fca447-3557-4da0-a664-0a4cb503d1e9" CHANGEID="689662651" NUMBER="122" APARTTYPE="2" OPERTYPEID="10" PREVID="0" NEXTID="0" UPDATEDATE="2025-09-29" STARTDATE="2025-09-29" ENDDATE="2079-06-06" ISACTUAL="1" ISACTIVE="1" /><APARTMENT ID="111799820" OBJECTID="174927502" OBJECTGUID="38112396-ba5c-4eef-9c19-3c985c2408f7" CHANGEID="689662652" NUMBER="105" APARTTYPE="2" OPERTYPEID="10" PREVID="0" NEXTID="0" UPDATEDATE="2025-09-29" STARTDATE="2025-09-29" ENDDATE="2079-06-06" ISACTUAL="1" ISACTIVE="1" /><APARTMENT ID="111799821" OBJECTID="174927504" OBJECTGUID="9c9aa7dd-0ae9-4b84-a06c-6567c9368ede" CHANGEID="689662654" NUMBER="64" APARTTYPE="2" OPERTYPEID="10" PREVID="0" NEXTID="0" UPDATEDATE="2025-09-29" STARTDATE="2025-09-29" ENDDATE="2079-06-06" ISACTUAL="1" ISACTIVE="1" /><APARTMENT ID="111799822" OBJECTID="174927508" OBJECTGUID="834260bc-ef13-4ab7-a170-b674cd3e18e7" CHANGEID="689662658" NUMBER="146" APARTTYPE="2" OPERTYPEID="10" PREVID="0" NEXTID="0" UPDATEDATE="2025-09-29" STARTDATE="2025-09-29" ENDDATE="2079-06-06" ISACTUAL="1" ISACTIVE="1" /><APARTMENT ID="111799823" OBJECTID="174927509" OBJECTGUID="f4c7d2c7-2d15-412a-b694-0acc872b1f9c" CHANGEID="689662661" NUMBER="17" APARTTYPE="2" OPERTYPEID="10" PREVID="0" NEXTID="0" UPDATEDATE="2025-09-29" STARTDATE="2025-09-29" ENDDATE="2079-06-06" ISACTUAL="1" ISACTIVE="1" /><APARTMENT ID="111799824" OBJECTID="174927511" OBJECTGUID="ebde214e-08fc-46d4-8300-cba36a8588d8" CHANGEID="689662663" NUMBER="10" APARTTYPE="2" OPERTYPEID="10" PREVID="0" NEXTID="0" UPDATEDATE="2025-09-29" STARTDATE="2025-09-29" ENDDATE="2079-06-06" ISACTUAL="1" ISACTIVE="1" /><APARTMENT ID="111799825" OBJECTID="174927512" OBJECTGUID="26cca1f5-abcf-4c96-a124-938ce1c7b438" CHANGEID="689662664" NUMBER="1" APARTTYPE="2" OPERTYPEID="10" PREVID="0" NEXTID="0" UPDATEDATE="2025-09-29" STARTDATE="2025-09-29" ENDDATE="2079-06-06" ISACTUAL="1" ISACTIVE="1" /><APARTMENT ID="111799826" OBJECTID="174927514" OBJECTGUID="b159c141-10f1-4801-bfca-108c3d8fbde3" CHANGEID="689662666" NUMBER="5" APARTTYPE="2" OPERTYPEID="10" PREVID="0" NEXTID="0" UPDATEDATE="2025-09-29" STARTDATE="2025-09-29" ENDDATE="2079-06-06" ISACTUAL="1" ISACTIVE="1" /><APARTMENT ID="111800329" OBJECTID="174929486" OBJECTGUID="2c8793d0-a1d2-43fe-8a4e-a37d28958479" CHANGEID="689667617" NUMBER="7" APARTTYPE="2" OPERTYPEID="10" PREVID="0" NEXTID="0" UPDATEDATE="2025-09-29" STARTDATE="2025-09-29" ENDDATE="2079-06-06" ISACTUAL="1" ISACTIVE="1" /><APARTMENT ID="111800330" OBJECTID="174929488" OBJECTGUID="30545732-7afd-4105-9b86-9d00c3a00192" CHANGEID="689667619" NUMBER="63" APARTTYPE="2" OPERTYPEID="10" PREVID="0" NEXTID="0" UPDATEDATE="2025-09-29" STARTDATE="2025-09-29" ENDDATE="2079-06-06" ISACTUAL="1" ISACTIVE="1" /><APARTMENT ID="111800331" OBJECTID="174929489" OBJECTGUID="dff68f1d-b012-49b1-8ef5-06d28e1ae2f2" CHANGEID="689667620" NUMBER="94" APARTTYPE="2" OPERTYPEID="10" PREVID="0" NEXTID="0" UPDATEDATE="2025-09-29" STARTDATE="2025-09-29" ENDDATE="2079-06-06" ISACTUAL="1" ISACTIVE="1" /><APARTMENT ID="111800332" OBJECTID="174929491" OBJECTGUID="810ec8b4-b64e-40f9-ab16-cc06d523f107" CHANGEID="689667622" NUMBER="1" APARTTYPE="2" OPERTYPEID="10" PREVID="0" NEXTID="0" UPDATEDATE="2025-09-29" STARTDATE="2025-09-29" ENDDATE="2079-06-06" ISACTUAL="1" ISACTIVE="1" /><APARTMENT ID="111800333" OBJECTID="174929492" OBJECTGUID="87db8a49-dee8-4d88-b2c8-dfdb5057b563" CHANGEID="689667623" NUMBER="2" APARTTYPE="2" OPERTYPEID="10" PREVID="0" NEXTID="0" UPDATEDATE="2025-09-29" STARTDATE="2025-09-29" ENDDATE="2079-06-06" ISACTUAL="1" ISACTIVE="1" /><APARTMENT ID="111800334" OBJECTID="174929494" OBJECTGUID="68b7ae6d-fdd2-45ef-a9c4-10a3a861de92" CHANGEID="689667625" NUMBER="2" APARTTYPE="2" OPERTYPEID="10" PREVID="0" NEXTID="0" UPDATEDATE="2025-09-29" STARTDATE="2025-09-29" ENDDATE="2079-06-06" ISACTUAL="1" ISACTIVE="1" /><APARTMENT ID="111800335" OBJECTID="174929496" OBJECTGUID="d8309370-e7a8-4bee-b926-0d5f2596942f" CHANGEID="689667627" NUMBER="4" APARTTYPE="2" OPERTYPEID="10" PREVID="0" NEXTID="0" UPDATEDATE="2025-09-29" STARTDATE="2025-09-29" ENDDATE="2079-06-06" ISACTUAL="1" ISACTIVE="1" /><APARTMENT ID="111800336" OBJECTID="174929497" OBJECTGUID="7b5e9119-b51c-41b1-afda-5eca7bb5d338" CHANGEID="689667628" NUMBER="4" APARTTYPE="2" OPERTYPEID="10" PREVID="0" NEXTID="0" UPDATEDATE="2025-09-29" STARTDATE="2025-09-29" ENDDATE="2079-06-06" ISACTUAL="1" ISACTIVE="1" /><APARTMENT ID="111807121" OBJECTID="174953155" OBJECTGUID="2bfffa01-18f6-40ce-874d-83cada03ed7b" CHANGEID="689718859" NUMBER="4" APARTTYPE="2" OPERTYPEID="10" PREVID="0" NEXTID="0" UPDATEDATE="2025-09-30" STARTDATE="2025-09-30" ENDDATE="2079-06-06" ISACTUAL="1" ISACTIVE="1" /><APARTMENT ID="111807262" OBJECTID="174954379" OBJECTGUID="4caea61e-c759-4c54-9cc9-4e942d1ef976" CHANGEID="689721224" NUMBER="18" APARTTYPE="2" OPERTYPEID="10" PREVID="0" NEXTID="0" UPDATEDATE="2025-09-30" STARTDATE="2025-09-30" ENDDATE="2079-06-06" ISACTUAL="1" ISACTIVE="1" /><APARTMENT ID="111807263" OBJECTID="174954380" OBJECTGUID="9a57e62b-a43d-4fc8-995e-f76f4d107964" CHANGEID="689721226" NUMBER="15" APARTTYPE="2" OPERTYPEID="10" PREVID="0" NEXTID="0" UPDATEDATE="2025-09-30" STARTDATE="2025-09-30" ENDDATE="2079-06-06" ISACTUAL="1" ISACTIVE="1" /><APARTMENT ID="111807264" OBJECTID="174954381" OBJECTGUID="f9e61843-10f6-41b3-a499-b77ac5ae0a50" CHANGEID="689721227" NUMBER="14" APARTTYPE="2" OPERTYPEID="10" PREVID="0" NEXTID="0" UPDATEDATE="2025-09-30" STARTDATE="2025-09-30" ENDDATE="2079-06-06" ISACTUAL="1" ISACTIVE="1" /><APARTMENT ID="111807265" OBJECTID="174954382" OBJECTGUID="eed9bce2-0e24-440a-8993-eec38b846574" CHANGEID="689721228" NUMBER="13" APARTTYPE="2" OPERTYPEID="10" PREVID="0" NEXTID="0" UPDATEDATE="2025-09-30" STARTDATE="2025-09-30" ENDDATE="2079-06-06" ISACTUAL="1" ISACTIVE="1" /><APARTMENT ID="111807266" OBJECTID="174954383" OBJECTGUID="6269264c-04b9-4f7f-9cba-5983f27db230" CHANGEID="689721229" NUMBER="12" APARTTYPE="2" OPERTYPEID="10" PREVID="0" NEXTID="0" UPDATEDATE="2025-09-30" STARTDATE="2025-09-30" ENDDATE="2079-06-06" ISACTUAL="1" ISACTIVE="1" /><APARTMENT ID="111807267" OBJECTID="174954384" OBJECTGUID="f01fd744-ef18-42fc-ae5b-6da12c558dd8" CHANGEID="689721230" NUMBER="11" APARTTYPE="2" OPERTYPEID="10" PREVID="0" NEXTID="0" UPDATEDATE="2025-09-30" STARTDATE="2025-09-30" ENDDATE="2079-06-06" ISACTUAL="1" ISACTIVE="1" /><APARTMENT ID="111807268" OBJECTID="174954385" OBJECTGUID="04891b64-9854-4fd6-b22d-0bf1ab1f1b77" CHANGEID="689721231" NUMBER="8" APARTTYPE="2" OPERTYPEID="10" PREVID="0" NEXTID="0" UPDATEDATE="2025-09-30" STARTDATE="2025-09-30" ENDDATE="2079-06-06" ISACTUAL="1" ISACTIVE="1" /><APARTMENT ID="111807269" OBJECTID="174954386" OBJECTGUID="c388f9d6-4aef-441d-ab09-2e282325402f" CHANGEID="689721232" NUMBER="1" APARTTYPE="2" OPERTYPEID="10" PREVID="0" NEXTID="0" UPDATEDATE="2025-09-30" STARTDATE="2025-09-30" ENDDATE="2079-06-06" ISACTUAL="1" ISACTIVE="1" /><APARTMENT ID="111807270" OBJECTID="174954389" OBJECTGUID="a1738ae1-949d-49a2-8a1e-47c61d2f05c0" CHANGEID="689721235" NUMBER="30" APARTTYPE="2" OPERTYPEID="10" PREVID="0" NEXTID="0" UPDATEDATE="2025-09-30" STARTDATE="2025-09-30" ENDDATE="2079-06-06" ISACTUAL="1" ISACTIVE="1" /><APARTMENT ID="111807271" OBJECTID="174954390" OBJECTGUID="e59fd28a-1b9b-403b-8e2e-0e1333fab96c" CHANGEID="689721236" NUMBER="27" APARTTYPE="2" OPERTYPEID="10" PREVID="0" NEXTID="0" UPDATEDATE="2025-09-30" STARTDATE="2025-09-30" ENDDATE="2079-06-06" ISACTUAL="1" ISACTIVE="1" /><APARTMENT ID="111807272" OBJECTID="174954391" OBJECTGUID="186528d3-38cf-461d-b30d-455b16e6e2dc" CHANGEID="689721237" NUMBER="25" APARTTYPE="2" OPERTYPEID="10" PREVID="0" NEXTID="0" UPDATEDATE="2025-09-30" STARTDATE="2025-09-30" ENDDATE="2079-06-06" ISACTUAL="1" ISACTIVE="1" /><APARTMENT ID="111807273" OBJECTID="174954392" OBJECTGUID="c8ab2119-0fd7-4d76-b26a-f1bc446f3eb3" CHANGEID="689721238" NUMBER="21" APARTTYPE="2" OPERTYPEID="10" PREVID="0" NEXTID="0" UPDATEDATE="2025-09-30" STARTDATE="2025-09-30" ENDDATE="2079-06-06" ISACTUAL="1" ISACTIVE="1" /><APARTMENT ID="111807274" OBJECTID="174954393" OBJECTGUID="6baaac46-e745-4ac2-a813-b9903eb73df1" CHANGEID="689721239" NUMBER="20" APARTTYPE="2" OPERTYPEID="10" PREVID="0" NEXTID="0" UPDATEDATE="2025-09-30" STARTDATE="2025-09-30" ENDDATE="2079-06-06" ISACTUAL="1" ISACTIVE="1" /><APARTMENT ID="111807275" OBJECTID="174954394" OBJECTGUID="02acbc68-93fb-41b1-8555-304f64543fba" CHANGEID="689721240" NUMBER="19" APARTTYPE="2" OPERTYPEID="10" PREVID="0" NEXTID="0" UPDATEDATE="2025-09-30" STARTDATE="2025-09-30" ENDDATE="2079-06-06" ISACTUAL="1" ISACTIVE="1" /><APARTMENT ID="111807276" OBJECTID="174954396" OBJECTGUID="698d4ee1-bb5f-4844-9782-c140341c918d" CHANGEID="689721242" NUMBER="18" APARTTYPE="2" OPERTYPEID="10" PREVID="0" NEXTID="0" UPDATEDATE="2025-09-30" STARTDATE="2025-09-30" ENDDATE="2079-06-06" ISACTUAL="1" ISACTIVE="1" /><APARTMENT ID="111807277" OBJECTID="174954397" OBJECTGUID="e9986fd3-3a9e-49f2-9400-52703ceedd35" CHANGEID="689721243" NUMBER="14" APARTTYPE="2" OPERTYPEID="10" PREVID="0" NEXTID="0" UPDATEDATE="2025-09-30" STARTDATE="2025-09-30" ENDDATE="2079-06-06" ISACTUAL="1" ISACTIVE="1" /><APARTMENT ID="111807278" OBJECTID="174954398" OBJECTGUID="5dba2f87-2df8-4d47-a4fa-0ae363b88c81" CHANGEID="689721244" NUMBER="2" APARTTYPE="2" OPERTYPEID="10" PREVID="0" NEXTID="0" UPDATEDATE="2025-09-30" STARTDATE="2025-09-30" ENDDATE="2079-06-06" ISACTUAL="1" ISACTIVE="1" /><APARTMENT ID="111807279" OBJECTID="174954399" OBJECTGUID="2513e46e-c3d9-48c3-96aa-2410319c9769" CHANGEID="689721245" NUMBER="1" APARTTYPE="2" OPERTYPEID="10" PREVID="0" NEXTID="0" UPDATEDATE="2025-09-30" STARTDATE="2025-09-30" ENDDATE="2079-06-06" ISACTUAL="1" ISACTIVE="1" /><APARTMENT ID="111807280" OBJECTID="174954400" OBJECTGUID="7393f913-5e3a-417d-87a8-c86d3586aaf5" CHANGEID="689721246" NUMBER="12" APARTTYPE="2" OPERTYPEID="10" PREVID="0" NEXTID="0" UPDATEDATE="2025-09-30" STARTDATE="2025-09-30" ENDDATE="2079-06-06" ISACTUAL="1" ISACTIVE="1" /><APARTMENT ID="111807281" OBJECTID="174954402" OBJECTGUID="3ba15f27-f361-42e0-aeb7-c9158bf8cfd2" CHANGEID="689721248" NUMBER="11" APARTTYPE="2" OPERTYPEID="10" PREVID="0" NEXTID="0" UPDATEDATE="2025-09-30" STARTDATE="2025-09-30" ENDDATE="2079-06-06" ISACTUAL="1" ISACTIVE="1" /><APARTMENT ID="111807282" OBJECTID="174954403" OBJECTGUID="8c6a82c4-38ff-4a7b-a8c5-9b7779572ff0" CHANGEID="689721249" NUMBER="8" APARTTYPE="2" OPERTYPEID="10" PREVID="0" NEXTID="0" UPDATEDATE="2025-09-30" STARTDATE="2025-09-30" ENDDATE="2079-06-06" ISACTUAL="1" ISACTIVE="1" /><APARTMENT ID="111807283" OBJECTID="174954404" OBJECTGUID="0249a3ab-2aa6-4ec5-8275-27e06f16e310" CHANGEID="689721250" NUMBER="7" APARTTYPE="2" OPERTYPEID="10" PREVID="0" NEXTID="0" UPDATEDATE="2025-09-30" STARTDATE="2025-09-30" ENDDATE="2079-06-06" ISACTUAL="1" ISACTIVE="1" /><APARTMENT ID="111807284" OBJECTID="174954405" OBJECTGUID="f061856a-e077-432a-a9b5-6d16f8d7bad5" CHANGEID="689721251" NUMBER="4" APARTTYPE="2" OPERTYPEID="10" PREVID="0" NEXTID="0" UPDATEDATE="2025-09-30" STARTDATE="2025-09-30" ENDDATE="2079-06-06" ISACTUAL="1" ISACTIVE="1" /><APARTMENT ID="111807285" OBJECTID="174954406" OBJECTGUID="8abe8f6f-64c6-4343-86d1-4834c145de1a" CHANGEID="689721253" NUMBER="3" APARTTYPE="2" OPERTYPEID="10" PREVID="0" NEXTID="0" UPDATEDATE="2025-09-30" STARTDATE="2025-09-30" ENDDATE="2079-06-06" ISACTUAL="1" ISACTIVE="1" /><APARTMENT ID="111807286" OBJECTID="174954411" OBJECTGUID="f45f813e-9a45-48ba-b18c-92386325b358" CHANGEID="689721259" NUMBER="36" APARTTYPE="2" OPERTYPEID="10" PREVID="0" NEXTID="0" UPDATEDATE="2025-09-30" STARTDATE="2025-09-30" ENDDATE="2079-06-06" ISACTUAL="1" ISACTIVE="1" /><APARTMENT ID="111807287" OBJECTID="174954412" OBJECTGUID="55962154-144c-4563-b840-240319b73a67" CHANGEID="689721261" NUMBER="35" APARTTYPE="2" OPERTYPEID="10" PREVID="0" NEXTID="0" UPDATEDATE="2025-09-30" STARTDATE="2025-09-30" ENDDATE="2079-06-06" ISACTUAL="1" ISACTIVE="1" /><APARTMENT ID="111807288" OBJECTID="174954413" OBJECTGUID="9d4d370b-2e46-4c58-a967-c23245e16d09" CHANGEID="689721262" NUMBER="33" APARTTYPE="2" OPERTYPEID="10" PREVID="0" NEXTID="0" UPDATEDATE="2025-09-30" STARTDATE="2025-09-30" ENDDATE="2079-06-06" ISACTUAL="1" ISACTIVE="1" /><APARTMENT ID="111807289" OBJECTID="174954414" OBJECTGUID="787f7d70-9dfe-43ef-831c-6398068f6764" CHANGEID="689721263" NUMBER="25" APARTTYPE="2" OPERTYPEID="10" PREVID="0" NEXTID="0" UPDATEDATE="2025-09-30" STARTDATE="2025-09-30" ENDDATE="2079-06-06" ISACTUAL="1" ISACTIVE="1" /><APARTMENT ID="111807290" OBJECTID="174954415" OBJECTGUID="496b778a-1604-4444-9723-3a52e8ee59bd" CHANGEID="689721265" NUMBER="24" APARTTYPE="2" OPERTYPEID="10" PREVID="0" NEXTID="0" UPDATEDATE="2025-09-30" STARTDATE="2025-09-30" ENDDATE="2079-06-06" ISACTUAL="1" ISACTIVE="1" /><APARTMENT ID="111807291" OBJECTID="174954416" OBJECTGUID="b451d8b6-f344-4b8a-8587-1cbcef505b61" CHANGEID="689721266" NUMBER="18" APARTTYPE="2" OPERTYPEID="10" PREVID="0" NEXTID="0" UPDATEDATE="2025-09-30" STARTDATE="2025-09-30" ENDDATE="2079-06-06" ISACTUAL="1" ISACTIVE="1" /><APARTMENT ID="111807292" OBJECTID="174954417" OBJECTGUID="af4710b6-4a46-4721-b3c3-c7d784796ce7" CHANGEID="689721268" NUMBER="17" APARTTYPE="2" OPERTYPEID="10" PREVID="0" NEXTID="0" UPDATEDATE="2025-09-30" STARTDATE="2025-09-30" ENDDATE="2079-06-06" ISACTUAL="1" ISACTIVE="1" /><APARTMENT ID="111807293" OBJECTID="174954418" OBJECTGUID="435c5c9d-fda3-45d0-aa8e-9468a97ace47" CHANGEID="689721269" NUMBER="15" APARTTYPE="2" OPERTYPEID="10" PREVID="0" NEXTID="0" UPDATEDATE="2025-09-30" STARTDATE="2025-09-30" ENDDATE="2079-06-06" ISACTUAL="1" ISACTIVE="1" /><APARTMENT ID="111807294" OBJECTID="174954419" OBJECTGUID="b8fcf47c-9e1a-4ce5-aa3a-4fb9f040860e" CHANGEID="689721270" NUMBER="14" APARTTYPE="2" OPERTYPEID="10" PREVID="0" NEXTID="0" UPDATEDATE="2025-09-30" STARTDATE="2025-09-30" ENDDATE="2079-06-06" ISACTUAL="1" ISACTIVE="1" /><APARTMENT ID="111807295" OBJECTID="174954420" OBJECTGUID="357e51ee-000b-4156-a291-53bb60589d21" CHANGEID="689721272" NUMBER="13" APARTTYPE="2" OPERTYPEID="10" PREVID="0" NEXTID="0" UPDATEDATE="2025-09-30" STARTDATE="2025-09-30" ENDDATE="2079-06-06" ISACTUAL="1" ISACTIVE="1" /><APARTMENT ID="111807296" OBJECTID="174954421" OBJECTGUID="2775a52b-25de-4178-9142-64d7cf7c8090" CHANGEID="689721273" NUMBER="12" APARTTYPE="2" OPERTYPEID="10" PREVID="0" NEXTID="0" UPDATEDATE="2025-09-30" STARTDATE="2025-09-30" ENDDATE="2079-06-06" ISACTUAL="1" ISACTIVE="1" /><APARTMENT ID="111807297" OBJECTID="174954422" OBJECTGUID="22b79859-dc68-4cc8-9c8a-1ab5d00784e8" CHANGEID="689721275" NUMBER="9" APARTTYPE="2" OPERTYPEID="10" PREVID="0" NEXTID="0" UPDATEDATE="2025-09-30" STARTDATE="2025-09-30" ENDDATE="2079-06-06" ISACTUAL="1" ISACTIVE="1" /><APARTMENT ID="111807298" OBJECTID="174954423" OBJECTGUID="c5716689-6dd9-455d-9de9-73ef1f3bad44" CHANGEID="689721276" NUMBER="7" APARTTYPE="2" OPERTYPEID="10" PREVID="0" NEXTID="0" UPDATEDATE="2025-09-30" STARTDATE="2025-09-30" ENDDATE="2079-06-06" ISACTUAL="1" ISACTIVE="1" /><APARTMENT ID="111807299" OBJECTID="174954424" OBJECTGUID="bbcd381d-dde9-4298-9ab0-684cb2c9e688" CHANGEID="689721278" NUMBER="6" APARTTYPE="2" OPERTYPEID="10" PREVID="0" NEXTID="0" UPDATEDATE="2025-09-30" STARTDATE="2025-09-30" ENDDATE="2079-06-06" ISACTUAL="1" ISACTIVE="1" /><APARTMENT ID="111807300" OBJECTID="174954425" OBJECTGUID="f8897d37-5201-47fb-9392-29370ff6761d" CHANGEID="689721279" NUMBER="2" APARTTYPE="2" OPERTYPEID="10" PREVID="0" NEXTID="0" UPDATEDATE="2025-09-30" STARTDATE="2025-09-30" ENDDATE="2079-06-06" ISACTUAL="1" ISACTIVE="1" /><APARTMENT ID="111807301" OBJECTID="174954426" OBJECTGUID="85a53096-f4c5-423a-a99a-efb871dbbafb" CHANGEID="689721281" NUMBER="1" APARTTYPE="2" OPERTYPEID="10" PREVID="0" NEXTID="0" UPDATEDATE="2025-09-30" STARTDATE="2025-09-30" ENDDATE="2079-06-06" ISACTUAL="1" ISACTIVE="1" /><APARTMENT ID="111807302" OBJECTID="174954427" OBJECTGUID="02de5f83-0845-47a9-a8b3-438f2c8d0d5a" CHANGEID="689721282" NUMBER="32" APARTTYPE="2" OPERTYPEID="10" PREVID="0" NEXTID="0" UPDATEDATE="2025-09-30" STARTDATE="2025-09-30" ENDDATE="2079-06-06" ISACTUAL="1" ISACTIVE="1" /><APARTMENT ID="111807303" OBJECTID="174954428" OBJECTGUID="a8aa110d-328f-4dbb-bbdc-ecb0172c2ede" CHANGEID="689721284" NUMBER="28" APARTTYPE="2" OPERTYPEID="10" PREVID="0" NEXTID="0" UPDATEDATE="2025-09-30" STARTDATE="2025-09-30" ENDDATE="2079-06-06" ISACTUAL="1" ISACTIVE="1" /><APARTMENT ID="111807304" OBJECTID="174954429" OBJECTGUID="758b67f4-4911-491d-9bdd-20e68d1c1712" CHANGEID="689721285" NUMBER="27" APARTTYPE="2" OPERTYPEID="10" PREVID="0" NEXTID="0" UPDATEDATE="2025-09-30" STARTDATE="2025-09-30" ENDDATE="2079-06-06" ISACTUAL="1" ISACTIVE="1" /><APARTMENT ID="111807305" OBJECTID="174954430" OBJECTGUID="482111df-07b3-4b35-8bc2-7fc8acd12996" CHANGEID="689721287" NUMBER="23" APARTTYPE="2" OPERTYPEID="10" PREVID="0" NEXTID="0" UPDATEDATE="2025-09-30" STARTDATE="2025-09-30" ENDDATE="2079-06-06" ISACTUAL="1" ISACTIVE="1" /><APARTMENT ID="111807306" OBJECTID="174954431" OBJECTGUID="9d21bf5c-aad0-459c-a377-28a6f86279d9" CHANGEID="689721288" NUMBER="21" APARTTYPE="2" OPERTYPEID="10" PREVID="0" NEXTID="0" UPDATEDATE="2025-09-30" STARTDATE="2025-09-30" ENDDATE="2079-06-06" ISACTUAL="1" ISACTIVE="1" /><APARTMENT ID="111807307" OBJECTID="174954433" OBJECTGUID="aa35973b-3261-490d-a013-1fecc77a3421" CHANGEID="689721306" NUMBER="50" APARTTYPE="2" OPERTYPEID="10" PREVID="0" NEXTID="0" UPDATEDATE="2025-09-30" STARTDATE="2025-09-30" ENDDATE="2079-06-06" ISACTUAL="1" ISACTIVE="1" /><APARTMENT ID="111807308" OBJECTID="174954435" OBJECTGUID="f0d4b82f-7bc1-49c7-878f-c13f5a245ef9" CHANGEID="689721308" NUMBER="49" APARTTYPE="2" OPERTYPEID="10" PREVID="0" NEXTID="0" UPDATEDATE="2025-09-30" STARTDATE="2025-09-30" ENDDATE="2079-06-06" ISACTUAL="1" ISACTIVE="1" /><APARTMENT ID="111807309" OBJECTID="174954436" OBJECTGUID="7505c852-5579-4513-9f70-3d24061e185d" CHANGEID="689721309" NUMBER="48" APARTTYPE="2" OPERTYPEID="10" PREVID="0" NEXTID="0" UPDATEDATE="2025-09-30" STARTDATE="2025-09-30" ENDDATE="2079-06-06" ISACTUAL="1" ISACTIVE="1" /><APARTMENT ID="111807310" OBJECTID="174954437" OBJECTGUID="1ea65c6d-470a-4806-92a3-449506e4c363" CHANGEID="689721310" NUMBER="46" APARTTYPE="2" OPERTYPEID="10" PREVID="0" NEXTID="0" UPDATEDATE="2025-09-30" STARTDATE="2025-09-30" ENDDATE="2079-06-06" ISACTUAL="1" ISACTIVE="1" /><APARTMENT ID="111807311" OBJECTID="174954438" OBJECTGUID="f12f659d-caa0-4433-80bc-14c8d1c25919" CHANGEID="689721311" NUMBER="45" APARTTYPE="2" OPERTYPEID="10" PREVID="0" NEXTID="0" UPDATEDATE="2025-09-30" STARTDATE="2025-09-30" ENDDATE="2079-06-06" ISACTUAL="1" ISACTIVE="1" /><APARTMENT ID="111807312" OBJECTID="174954439" OBJECTGUID="0d0db0f4-0bf7-47cd-b651-c9b3f62e1c0a" CHANGEID="689721313" NUMBER="42" APARTTYPE="2" OPERTYPEID="10" PREVID="0" NEXTID="0" UPDATEDATE="2025-09-30" STARTDATE="2025-09-30" ENDDATE="2079-06-06" ISACTUAL="1" ISACTIVE="1" /><APARTMENT ID="111807313" OBJECTID="174954440" OBJECTGUID="c5d14fa4-ae9f-45c2-8128-589df0524c52" CHANGEID="689721314" NUMBER="41" APARTTYPE="2" OPERTYPEID="10" PREVID="0" NEXTID="0" UPDATEDATE="2025-09-30" STARTDATE="2025-09-30" ENDDATE="2079-06-06" ISACTUAL="1" ISACTIVE="1" /><APARTMENT ID="111807314" OBJECTID="174954441" OBJECTGUID="5d3fdbb7-4d63-4cf8-8c0c-1e4ea5f6328d" CHANGEID="689721316" NUMBER="40" APARTTYPE="2" OPERTYPEID="10" PREVID="0" NEXTID="0" UPDATEDATE="2025-09-30" STARTDATE="2025-09-30" ENDDATE="2079-06-06" ISACTUAL="1" ISACTIVE="1" /><APARTMENT ID="111807315" OBJECTID="174954442" OBJECTGUID="f3e99c01-96e7-4ef2-b685-66feadfaadff" CHANGEID="689721317" NUMBER="39" APARTTYPE="2" OPERTYPEID="10" PREVID="0" NEXTID="0" UPDATEDATE="2025-09-30" STARTDATE="2025-09-30" ENDDATE="2079-06-06" ISACTUAL="1" ISACTIVE="1" /><APARTMENT ID="111807316" OBJECTID="174954443" OBJECTGUID="ed255bd3-f540-4081-a97e-0f224f73d3e1" CHANGEID="689721318" NUMBER="38" APARTTYPE="2" OPERTYPEID="10" PREVID="0" NEXTID="0" UPDATEDATE="2025-09-30" STARTDATE="2025-09-30" ENDDATE="2079-06-06" ISACTUAL="1" ISACTIVE="1" /><APARTMENT ID="111807317" OBJECTID="174954444" OBJECTGUID="15d3797d-afc2-4252-9153-f6239cd4b0bd" CHANGEID="689721319" NUMBER="37" APARTTYPE="2" OPERTYPEID="10" PREVID="0" NEXTID="0" UPDATEDATE="2025-09-30" STARTDATE="2025-09-30" ENDDATE="2079-06-06" ISACTUAL="1" ISACTIVE="1" /><APARTMENT ID="111807318" OBJECTID="174954446" OBJECTGUID="c7dfcfcc-3274-4a2c-a297-46686070960f" CHANGEID="689721321" NUMBER="34" APARTTYPE="2" OPERTYPEID="10" PREVID="0" NEXTID="0" UPDATEDATE="2025-09-30" STARTDATE="2025-09-30" ENDDATE="2079-06-06" ISACTUAL="1" ISACTIVE="1" /><APARTMENT ID="111807319" OBJECTID="174954447" OBJECTGUID="89a14c82-f3e1-4471-b02d-c1cce6adc2e0" CHANGEID="689721322" NUMBER="33" APARTTYPE="2" OPERTYPEID="10" PREVID="0" NEXTID="0" UPDATEDATE="2025-09-30" STARTDATE="2025-09-30" ENDDATE="2079-06-06" ISACTUAL="1" ISACTIVE="1" /><APARTMENT ID="111807320" OBJECTID="174954448" OBJECTGUID="64c7fac3-7250-4b47-ad3b-dd157926ba77" CHANGEID="689721323" NUMBER="32" APARTTYPE="2" OPERTYPEID="10" PREVID="0" NEXTID="0" UPDATEDATE="2025-09-30" STARTDATE="2025-09-30" ENDDATE="2079-06-06" ISACTUAL="1" ISACTIVE="1" /><APARTMENT ID="111807321" OBJECTID="174954449" OBJECTGUID="f366e306-1580-4505-bf63-6c0a1209a718" CHANGEID="689721324" NUMBER="31" APARTTYPE="2" OPERTYPEID="10" PREVID="0" NEXTID="0" UPDATEDATE="2025-09-30" STARTDATE="2025-09-30" ENDDATE="2079-06-06" ISACTUAL="1" ISACTIVE="1" /><APARTMENT ID="111807322" OBJECTID="174954450" OBJECTGUID="92b7bfbb-7ad5-4450-9188-e0258a308552" CHANGEID="689721325" NUMBER="29" APARTTYPE="2" OPERTYPEID="10" PREVID="0" NEXTID="0" UPDATEDATE="2025-09-30" STARTDATE="2025-09-30" ENDDATE="2079-06-06" ISACTUAL="1" ISACTIVE="1" /><APARTMENT ID="111807323" OBJECTID="174954451" OBJECTGUID="357f35a4-a58b-4e7a-a005-9c227261a791" CHANGEID="689721327" NUMBER="28" APARTTYPE="2" OPERTYPEID="10" PREVID="0" NEXTID="0" UPDATEDATE="2025-09-30" STARTDATE="2025-09-30" ENDDATE="2079-06-06" ISACTUAL="1" ISACTIVE="1" /><APARTMENT ID="111807324" OBJECTID="174954452" OBJECTGUID="daca3a1b-f90b-457f-9c30-fbdb9c991286" CHANGEID="689721328" NUMBER="25" APARTTYPE="2" OPERTYPEID="10" PREVID="0" NEXTID="0" UPDATEDATE="2025-09-30" STARTDATE="2025-09-30" ENDDATE="2079-06-06" ISACTUAL="1" ISACTIVE="1" /><APARTMENT ID="111807325" OBJECTID="174954453" OBJECTGUID="488f7e0d-bfa6-44ea-9a6a-ca4c80a90279" CHANGEID="689721329" NUMBER="10" APARTTYPE="2" OPERTYPEID="10" PREVID="0" NEXTID="0" UPDATEDATE="2025-09-30" STARTDATE="2025-09-30" ENDDATE="2079-06-06" ISACTUAL="1" ISACTIVE="1" /><APARTMENT ID="111807326" OBJECTID="174954454" OBJECTGUID="a3004400-fd0b-4060-ae52-390002a2e1c4" CHANGEID="689721331" NUMBER="8" APARTTYPE="2" OPERTYPEID="10" PREVID="0" NEXTID="0" UPDATEDATE="2025-09-30" STARTDATE="2025-09-30" ENDDATE="2079-06-06" ISACTUAL="1" ISACTIVE="1" /><APARTMENT ID="111807327" OBJECTID="174954455" OBJECTGUID="ccaae68a-791f-4d48-b1cc-9f39d4f06cb9" CHANGEID="689721332" NUMBER="6" APARTTYPE="2" OPERTYPEID="10" PREVID="0" NEXTID="0" UPDATEDATE="2025-09-30" STARTDATE="2025-09-30" ENDDATE="2079-06-06" ISACTUAL="1" ISACTIVE="1" /><APARTMENT ID="111807328" OBJECTID="174954456" OBJECTGUID="7c38e955-d93f-4d11-b7c5-d29ff8a56811" CHANGEID="689721333" NUMBER="5" APARTTYPE="2" OPERTYPEID="10" PREVID="0" NEXTID="0" UPDATEDATE="2025-09-30" STARTDATE="2025-09-30" ENDDATE="2079-06-06" ISACTUAL="1" ISACTIVE="1" /><APARTMENT ID="111807329" OBJECTID="174954457" OBJECTGUID="bff57c7d-c7f8-437c-a879-acd53e794a69" CHANGEID="689721334" NUMBER="4" APARTTYPE="2" OPERTYPEID="10" PREVID="0" NEXTID="0" UPDATEDATE="2025-09-30" STARTDATE="2025-09-30" ENDDATE="2079-06-06" ISACTUAL="1" ISACTIVE="1" /><APARTMENT ID="111807330" OBJECTID="174954459" OBJECTGUID="1b0e02b2-d299-4ec9-9f92-762613af61d9" CHANGEID="689721336" NUMBER="2" APARTTYPE="2" OPERTYPEID="10" PREVID="0" NEXTID="0" UPDATEDATE="2025-09-30" STARTDATE="2025-09-30" ENDDATE="2079-06-06" ISACTUAL="1" ISACTIVE="1" /><APARTMENT ID="111807331" OBJECTID="174954460" OBJECTGUID="aadcf99c-570e-4a81-b149-9b6aed15c2db" CHANGEID="689721337" NUMBER="1" APARTTYPE="2" OPERTYPEID="10" PREVID="0" NEXTID="0" UPDATEDATE="2025-09-30" STARTDATE="2025-09-30" ENDDATE="2079-06-06" ISACTUAL="1" ISACTIVE="1" /><APARTMENT ID="111807332" OBJECTID="174954461" OBJECTGUID="077bdda1-9a73-452b-ac4a-13f2890e7275" CHANGEID="689721338" NUMBER="43" APARTTYPE="2" OPERTYPEID="10" PREVID="0" NEXTID="0" UPDATEDATE="2025-09-30" STARTDATE="2025-09-30" ENDDATE="2079-06-06" ISACTUAL="1" ISACTIVE="1" /><APARTMENT ID="111807333" OBJECTID="174954462" OBJECTGUID="8bbcb848-3160-4573-8a31-951dd792d1f3" CHANGEID="689721339" NUMBER="24" APARTTYPE="2" OPERTYPEID="10" PREVID="0" NEXTID="0" UPDATEDATE="2025-09-30" STARTDATE="2025-09-30" ENDDATE="2079-06-06" ISACTUAL="1" ISACTIVE="1" /><APARTMENT ID="111807334" OBJECTID="174954463" OBJECTGUID="4bf9b5a3-227a-4464-b38f-1b93d500a0dd" CHANGEID="689721341" NUMBER="23" APARTTYPE="2" OPERTYPEID="10" PREVID="0" NEXTID="0" UPDATEDATE="2025-09-30" STARTDATE="2025-09-30" ENDDATE="2079-06-06" ISACTUAL="1" ISACTIVE="1" /><APARTMENT ID="111807335" OBJECTID="174954464" OBJECTGUID="bc788814-fc3d-454f-8215-8a49868bbb3e" CHANGEID="689721342" NUMBER="22" APARTTYPE="2" OPERTYPEID="10" PREVID="0" NEXTID="0" UPDATEDATE="2025-09-30" STARTDATE="2025-09-30" ENDDATE="2079-06-06" ISACTUAL="1" ISACTIVE="1" /><APARTMENT ID="111807336" OBJECTID="174954465" OBJECTGUID="200782a6-2fc7-4320-839a-561f1b90c48f" CHANGEID="689721344" NUMBER="21" APARTTYPE="2" OPERTYPEID="10" PREVID="0" NEXTID="0" UPDATEDATE="2025-09-30" STARTDATE="2025-09-30" ENDDATE="2079-06-06" ISACTUAL="1" ISACTIVE="1" /><APARTMENT ID="111807337" OBJECTID="174954466" OBJECTGUID="9cf81eec-fbb5-4904-ac8c-b06b71a5bbb6" CHANGEID="689721345" NUMBER="18" APARTTYPE="2" OPERTYPEID="10" PREVID="0" NEXTID="0" UPDATEDATE="2025-09-30" STARTDATE="2025-09-30" ENDDATE="2079-06-06" ISACTUAL="1" ISACTIVE="1" /><APARTMENT ID="111807338" OBJECTID="174954467" OBJECTGUID="33f2fe33-d6eb-474c-81c2-9c5987a2fdbd" CHANGEID="689721347" NUMBER="15" APARTTYPE="2" OPERTYPEID="10" PREVID="0" NEXTID="0" UPDATEDATE="2025-09-30" STARTDATE="2025-09-30" ENDDATE="2079-06-06" ISACTUAL="1" ISACTIVE="1" /><APARTMENT ID="111807339" OBJECTID="174954468" OBJECTGUID="3be59713-4290-43f4-8b2b-97e8083fc478" CHANGEID="689721348" NUMBER="14" APARTTYPE="2" OPERTYPEID="10" PREVID="0" NEXTID="0" UPDATEDATE="2025-09-30" STARTDATE="2025-09-30" ENDDATE="2079-06-06" ISACTUAL="1" ISACTIVE="1" /><APARTMENT ID="111807340" OBJECTID="174954469" OBJECTGUID="ec2162aa-f9d9-4ef1-b556-6c665dc3be3f" CHANGEID="689721350" NUMBER="13" APARTTYPE="2" OPERTYPEID="10" PREVID="0" NEXTID="0" UPDATEDATE="2025-09-30" STARTDATE="2025-09-30" ENDDATE="2079-06-06" ISACTUAL="1" ISACTIVE="1" /><APARTMENT ID="111807481" OBJECTID="174955347" OBJECTGUID="64a78328-d756-4200-822a-92914b3bfb7d" CHANGEID="689723513" NUMBER="17" APARTTYPE="2" OPERTYPEID="10" PREVID="0" NEXTID="0" UPDATEDATE="2025-09-30" STARTDATE="2025-09-30" ENDDATE="2079-06-06" ISACTUAL="1" ISACTIVE="1" /><APARTMENT ID="111807482" OBJECTID="174955349" OBJECTGUID="512d4a8d-69dd-4a99-8aa5-815fe37d1d83" CHANGEID="689723515" NUMBER="16" APARTTYPE="2" OPERTYPEID="10" PREVID="0" NEXTID="0" UPDATEDATE="2025-09-30" STARTDATE="2025-09-30" ENDDATE="2079-06-06" ISACTUAL="1" ISACTIVE="1" /><APARTMENT ID="111807483" OBJECTID="174955351" OBJECTGUID="6dd37a93-eeec-4dc0-88e8-c26280ed2a29" CHANGEID="689723517" NUMBER="15" APARTTYPE="2" OPERTYPEID="10" PREVID="0" NEXTID="0" UPDATEDATE="2025-09-30" STARTDATE="2025-09-30" ENDDATE="2079-06-06" ISACTUAL="1" ISACTIVE="1" /><APARTMENT ID="111807484" OBJECTID="174955352" OBJECTGUID="af20be0e-e2d6-41db-b448-e0b3c29cc129" CHANGEID="689723518" NUMBER="4" APARTTYPE="2" OPERTYPEID="10" PREVID="0" NEXTID="0" UPDATEDATE="2025-09-30" STARTDATE="2025-09-30" ENDDATE="2079-06-06" ISACTUAL="1" ISACTIVE="1" /><APARTMENT ID="111807485" OBJECTID="174955353" OBJECTGUID="32556977-57d4-4c61-a9f1-e01841be01ef" CHANGEID="689723519" NUMBER="3" APARTTYPE="2" OPERTYPEID="10" PREVID="0" NEXTID="0" UPDATEDATE="2025-09-30" STARTDATE="2025-09-30" ENDDATE="2079-06-06" ISACTUAL="1" ISACTIVE="1" /><APARTMENT ID="111807486" OBJECTID="174955354" OBJECTGUID="e0ce7e8b-2c61-43e1-806c-77d942e46def" CHANGEID="689723520" NUMBER="2" APARTTYPE="2" OPERTYPEID="10" PREVID="0" NEXTID="0" UPDATEDATE="2025-09-30" STARTDATE="2025-09-30" ENDDATE="2079-06-06" ISACTUAL="1" ISACTIVE="1" /><APARTMENT ID="111807487" OBJECTID="174955355" OBJECTGUID="afd7bafd-0e60-4075-bc38-09abb039d325" CHANGEID="689723521" NUMBER="14" APARTTYPE="2" OPERTYPEID="10" PREVID="0" NEXTID="0" UPDATEDATE="2025-09-30" STARTDATE="2025-09-30" ENDDATE="2079-06-06" ISACTUAL="1" ISACTIVE="1" /><APARTMENT ID="111807488" OBJECTID="174955356" OBJECTGUID="697a05eb-172e-4b47-a158-ac45d10b5951" CHANGEID="689723522" NUMBER="13" APARTTYPE="2" OPERTYPEID="10" PREVID="0" NEXTID="0" UPDATEDATE="2025-09-30" STARTDATE="2025-09-30" ENDDATE="2079-06-06" ISACTUAL="1" ISACTIVE="1" /><APARTMENT ID="111807489" OBJECTID="174955357" OBJECTGUID="21af9142-0ab5-4bc4-b7fd-87373e9638d4" CHANGEID="689723523" NUMBER="11" APARTTYPE="2" OPERTYPEID="10" PREVID="0" NEXTID="0" UPDATEDATE="2025-09-30" STARTDATE="2025-09-30" ENDDATE="2079-06-06" ISACTUAL="1" ISACTIVE="1" /><APARTMENT ID="111807490" OBJECTID="174955358" OBJECTGUID="d25b40aa-5be7-40a7-a35f-f6865d95c10f" CHANGEID="689723524" NUMBER="10" APARTTYPE="2" OPERTYPEID="10" PREVID="0" NEXTID="0" UPDATEDATE="2025-09-30" STARTDATE="2025-09-30" ENDDATE="2079-06-06" ISACTUAL="1" ISACTIVE="1" /><APARTMENT ID="111807491" OBJECTID="174955359" OBJECTGUID="794a2c46-2a75-4974-82c7-ff1843ca8979" CHANGEID="689723525" NUMBER="9" APARTTYPE="2" OPERTYPEID="10" PREVID="0" NEXTID="0" UPDATEDATE="2025-09-30" STARTDATE="2025-09-30" ENDDATE="2079-06-06" ISACTUAL="1" ISACTIVE="1" /><APARTMENT ID="111807492" OBJECTID="174955363" OBJECTGUID="6bdabbaf-a26a-4b3a-92c4-47d895f3bb00" CHANGEID="689723530" NUMBER="11" APARTTYPE="2" OPERTYPEID="10" PREVID="0" NEXTID="0" UPDATEDATE="2025-09-30" STARTDATE="2025-09-30" ENDDATE="2079-06-06" ISACTUAL="1" ISACTIVE="1" /><APARTMENT ID="111807493" OBJECTID="174955364" OBJECTGUID="7a7eb3d7-0b09-4bed-bd75-e7e7fa055437" CHANGEID="689723531" NUMBER="7" APARTTYPE="2" OPERTYPEID="10" PREVID="0" NEXTID="0" UPDATEDATE="2025-09-30" STARTDATE="2025-09-30" ENDDATE="2079-06-06" ISACTUAL="1" ISACTIVE="1" /><APARTMENT ID="111807494" OBJECTID="174955365" OBJECTGUID="7207e231-cd9c-47dc-b34d-e2c6ba37abe6" CHANGEID="689723532" NUMBER="5" APARTTYPE="2" OPERTYPEID="10" PREVID="0" NEXTID="0" UPDATEDATE="2025-09-30" STARTDATE="2025-09-30" ENDDATE="2079-06-06" ISACTUAL="1" ISACTIVE="1" /><APARTMENT ID="111807495" OBJECTID="174955366" OBJECTGUID="7cecf071-dc15-45ee-a169-60d8fbb270a3" CHANGEID="689723533" NUMBER="4" APARTTYPE="2" OPERTYPEID="10" PREVID="0" NEXTID="0" UPDATEDATE="2025-09-30" STARTDATE="2025-09-30" ENDDATE="2079-06-06" ISACTUAL="1" ISACTIVE="1" /><APARTMENT ID="111807496" OBJECTID="174955367" OBJECTGUID="40970b36-429b-4ad7-adb9-d6d2e3fa949f" CHANGEID="689723534" NUMBER="3" APARTTYPE="2" OPERTYPEID="10" PREVID="0" NEXTID="0" UPDATEDATE="2025-09-30" STARTDATE="2025-09-30" ENDDATE="2079-06-06" ISACTUAL="1" ISACTIVE="1" /><APARTMENT ID="111807497" OBJECTID="174955368" OBJECTGUID="e89e52d2-a26d-49ea-8ddb-d27825f70cd2" CHANGEID="689723535" NUMBER="2" APARTTYPE="2" OPERTYPEID="10" PREVID="0" NEXTID="0" UPDATEDATE="2025-09-30" STARTDATE="2025-09-30" ENDDATE="2079-06-06" ISACTUAL="1" ISACTIVE="1" /><APARTMENT ID="111807498" OBJECTID="174955369" OBJECTGUID="4cae5da1-b222-40a8-ad87-1264caef1768" CHANGEID="689723536" NUMBER="1" APARTTYPE="2" OPERTYPEID="10" PREVID="0" NEXTID="0" UPDATEDATE="2025-09-30" STARTDATE="2025-09-30" ENDDATE="2079-06-06" ISACTUAL="1" ISACTIVE="1" /><APARTMENT ID="111807499" OBJECTID="174955373" OBJECTGUID="af157848-110d-4a0a-89f1-70500a8fea7b" CHANGEID="689723541" NUMBER="18" APARTTYPE="2" OPERTYPEID="10" PREVID="0" NEXTID="0" UPDATEDATE="2025-09-30" STARTDATE="2025-09-30" ENDDATE="2079-06-06" ISACTUAL="1" ISACTIVE="1" /><APARTMENT ID="111807500" OBJECTID="174955374" OBJECTGUID="3f13ccbb-593e-41f2-b7da-5abcad7ce285" CHANGEID="689723543" NUMBER="17" APARTTYPE="2" OPERTYPEID="10" PREVID="0" NEXTID="0" UPDATEDATE="2025-09-30" STARTDATE="2025-09-30" ENDDATE="2079-06-06" ISACTUAL="1" ISACTIVE="1" /><APARTMENT ID="111807501" OBJECTID="174955375" OBJECTGUID="65458108-5cee-4a85-98bf-027753f5eb56" CHANGEID="689723544" NUMBER="16" APARTTYPE="2" OPERTYPEID="10" PREVID="0" NEXTID="0" UPDATEDATE="2025-09-30" STARTDATE="2025-09-30" ENDDATE="2079-06-06" ISACTUAL="1" ISACTIVE="1" /><APARTMENT ID="111807502" OBJECTID="174955376" OBJECTGUID="f957b8b6-8d8a-48f2-ab21-baecc4a20592" CHANGEID="689723545" NUMBER="15" APARTTYPE="2" OPERTYPEID="10" PREVID="0" NEXTID="0" UPDATEDATE="2025-09-30" STARTDATE="2025-09-30" ENDDATE="2079-06-06" ISACTUAL="1" ISACTIVE="1" /><APARTMENT ID="111807503" OBJECTID="174955377" OBJECTGUID="7f8a85b0-48aa-4345-a050-1400cb5bce37" CHANGEID="689723546" NUMBER="12" APARTTYPE="2" OPERTYPEID="10" PREVID="0" NEXTID="0" UPDATEDATE="2025-09-30" STARTDATE="2025-09-30" ENDDATE="2079-06-06" ISACTUAL="1" ISACTIVE="1" /><APARTMENT ID="111807504" OBJECTID="174955378" OBJECTGUID="742d84f1-93a6-4de8-aee4-fa7149aea8d0" CHANGEID="689723547" NUMBER="11" APARTTYPE="2" OPERTYPEID="10" PREVID="0" NEXTID="0" UPDATEDATE="2025-09-30" STARTDATE="2025-09-30" ENDDATE="2079-06-06" ISACTUAL="1" ISACTIVE="1" /><APARTMENT ID="111807505" OBJECTID="174955379" OBJECTGUID="d3a96190-fd2b-4966-b067-cccc966e9dad" CHANGEID="689723548" NUMBER="8" APARTTYPE="2" OPERTYPEID="10" PREVID="0" NEXTID="0" UPDATEDATE="2025-09-30" STARTDATE="2025-09-30" ENDDATE="2079-06-06" ISACTUAL="1" ISACTIVE="1" /><APARTMENT ID="111807506" OBJECTID="174955380" OBJECTGUID="d0e081d5-3c6c-44d2-88a7-04c2dd49e23b" CHANGEID="689723550" NUMBER="6" APARTTYPE="2" OPERTYPEID="10" PREVID="0" NEXTID="0" UPDATEDATE="2025-09-30" STARTDATE="2025-09-30" ENDDATE="2079-06-06" ISACTUAL="1" ISACTIVE="1" /><APARTMENT ID="111807507" OBJECTID="174955381" OBJECTGUID="40278bae-6274-4b79-bdb6-65abf2b3e802" CHANGEID="689723551" NUMBER="5" APARTTYPE="2" OPERTYPEID="10" PREVID="0" NEXTID="0" UPDATEDATE="2025-09-30" STARTDATE="2025-09-30" ENDDATE="2079-06-06" ISACTUAL="1" ISACTIVE="1" /><APARTMENT ID="111807508" OBJECTID="174955382" OBJECTGUID="15e80109-84b2-40f7-97ad-44a731f6e7aa" CHANGEID="689723552" NUMBER="4" APARTTYPE="2" OPERTYPEID="10" PREVID="0" NEXTID="0" UPDATEDATE="2025-09-30" STARTDATE="2025-09-30" ENDDATE="2079-06-06" ISACTUAL="1" ISACTIVE="1" /><APARTMENT ID="111807509" OBJECTID="174955383" OBJECTGUID="925692cd-6571-4bf9-bb91-328d303eea2e" CHANGEID="689723553" NUMBER="3" APARTTYPE="2" OPERTYPEID="10" PREVID="0" NEXTID="0" UPDATEDATE="2025-09-30" STARTDATE="2025-09-30" ENDDATE="2079-06-06" ISACTUAL="1" ISACTIVE="1" /><APARTMENT ID="111807510" OBJECTID="174955384" OBJECTGUID="a34b65b3-9b39-41a7-9b6a-04e50e58ddf3" CHANGEID="689723554" NUMBER="1" APARTTYPE="2" OPERTYPEID="10" PREVID="0" NEXTID="0" UPDATEDATE="2025-09-30" STARTDATE="2025-09-30" ENDDATE="2079-06-06" ISACTUAL="1" ISACTIVE="1" /><APARTMENT ID="111807511" OBJECTID="174955386" OBJECTGUID="6b498490-0222-4dc4-aef4-5554444fddf0" CHANGEID="689723556" NUMBER="91" APARTTYPE="2" OPERTYPEID="10" PREVID="0" NEXTID="0" UPDATEDATE="2025-09-30" STARTDATE="2025-09-30" ENDDATE="2079-06-06" ISACTUAL="1" ISACTIVE="1" /><APARTMENT ID="111807881" OBJECTID="174956495" OBJECTGUID="ba750743-e5c3-40e3-8a83-6221ca8ddbbc" CHANGEID="689725845" NUMBER="21" APARTTYPE="2" OPERTYPEID="10" PREVID="0" NEXTID="0" UPDATEDATE="2025-09-30" STARTDATE="2025-09-30" ENDDATE="2079-06-06" ISACTUAL="1" ISACTIVE="1" /><APARTMENT ID="111807882" OBJECTID="174956496" OBJECTGUID="c3f1452a-b737-4cc0-984a-266f5786d68d" CHANGEID="689725846" NUMBER="19" APARTTYPE="2" OPERTYPEID="10" PREVID="0" NEXTID="0" UPDATEDATE="2025-09-30" STARTDATE="2025-09-30" ENDDATE="2079-06-06" ISACTUAL="1" ISACTIVE="1" /><APARTMENT ID="111807883" OBJECTID="174956497" OBJECTGUID="bb3be692-38cc-4b6c-9fa9-dea24c12cb37" CHANGEID="689725847" NUMBER="16" APARTTYPE="2" OPERTYPEID="10" PREVID="0" NEXTID="0" UPDATEDATE="2025-09-30" STARTDATE="2025-09-30" ENDDATE="2079-06-06" ISACTUAL="1" ISACTIVE="1" /><APARTMENT ID="111807884" OBJECTID="174956498" OBJECTGUID="dd1eb19e-1c5a-4f56-9c49-2a894d3dd0d0" CHANGEID="689725848" NUMBER="14" APARTTYPE="2" OPERTYPEID="10" PREVID="0" NEXTID="0" UPDATEDATE="2025-09-30" STARTDATE="2025-09-30" ENDDATE="2079-06-06" ISACTUAL="1" ISACTIVE="1" /><APARTMENT ID="111807885" OBJECTID="174956499" OBJECTGUID="3dfb395f-cd16-4290-9254-6b8210e03720" CHANGEID="689725849" NUMBER="11" APARTTYPE="4" OPERTYPEID="10" PREVID="0" NEXTID="0" UPDATEDATE="2025-09-30" STARTDATE="2025-09-30" ENDDATE="2079-06-06" ISACTUAL="1" ISACTIVE="1" /><APARTMENT ID="111807886" OBJECTID="174956500" OBJECTGUID="7fec552d-2430-45b2-8dba-79d26e6145bc" CHANGEID="689725850" NUMBER="10" APARTTYPE="2" OPERTYPEID="10" PREVID="0" NEXTID="0" UPDATEDATE="2025-09-30" STARTDATE="2025-09-30" ENDDATE="2079-06-06" ISACTUAL="1" ISACTIVE="1" /><APARTMENT ID="111807887" OBJECTID="174956501" OBJECTGUID="d598c2a4-11eb-44eb-9884-eae31e843fe1" CHANGEID="689725851" NUMBER="8" APARTTYPE="2" OPERTYPEID="10" PREVID="0" NEXTID="0" UPDATEDATE="2025-09-30" STARTDATE="2025-09-30" ENDDATE="2079-06-06" ISACTUAL="1" ISACTIVE="1" /><APARTMENT ID="111807888" OBJECTID="174956502" OBJECTGUID="8ab2cf86-1a84-4145-8743-498b14b819a7" CHANGEID="689725852" NUMBER="6" APARTTYPE="2" OPERTYPEID="10" PREVID="0" NEXTID="0" UPDATEDATE="2025-09-30" STARTDATE="2025-09-30" ENDDATE="2079-06-06" ISACTUAL="1" ISACTIVE="1" /><APARTMENT ID="111807889" OBJECTID="174956503" OBJECTGUID="fd747a98-d9ed-49a7-a4cc-39a9f9a6d682" CHANGEID="689725853" NUMBER="3" APARTTYPE="2" OPERTYPEID="10" PREVID="0" NEXTID="0" UPDATEDATE="2025-09-30" STARTDATE="2025-09-30" ENDDATE="2079-06-06" ISACTUAL="1" ISACTIVE="1" /><APARTMENT ID="111807890" OBJECTID="174956504" OBJECTGUID="ac9695dc-9c69-46a9-8410-2bc6df35936b" CHANGEID="689725854" NUMBER="1" APARTTYPE="2" OPERTYPEID="10" PREVID="0" NEXTID="0" UPDATEDATE="2025-09-30" STARTDATE="2025-09-30" ENDDATE="2079-06-06" ISACTUAL="1" ISACTIVE="1" /><APARTMENT ID="111807891" OBJECTID="174956505" OBJECTGUID="c86b2c06-46ed-4f5a-9c72-926b7d8c6b4d" CHANGEID="689725855" NUMBER="40" APARTTYPE="4" OPERTYPEID="10" PREVID="0" NEXTID="0" UPDATEDATE="2025-09-30" STARTDATE="2025-09-30" ENDDATE="2079-06-06" ISACTUAL="1" ISACTIVE="1" /><APARTMENT ID="111807892" OBJECTID="174956506" OBJECTGUID="7d6614ec-7ae9-47a2-99ed-b98e22292896" CHANGEID="689725856" NUMBER="39" APARTTYPE="2" OPERTYPEID="10" PREVID="0" NEXTID="0" UPDATEDATE="2025-09-30" STARTDATE="2025-09-30" ENDDATE="2079-06-06" ISACTUAL="1" ISACTIVE="1" /><APARTMENT ID="111807893" OBJECTID="174956507" OBJECTGUID="99a5cb25-df5e-4957-8796-d281aa6548ef" CHANGEID="689725857" NUMBER="35" APARTTYPE="2" OPERTYPEID="10" PREVID="0" NEXTID="0" UPDATEDATE="2025-09-30" STARTDATE="2025-09-30" ENDDATE="2079-06-06" ISACTUAL="1" ISACTIVE="1" /><APARTMENT ID="111807894" OBJECTID="174956508" OBJECTGUID="0f07060c-d4b6-41a5-b27d-f3f87320886b" CHANGEID="689725858" NUMBER="33" APARTTYPE="2" OPERTYPEID="10" PREVID="0" NEXTID="0" UPDATEDATE="2025-09-30" STARTDATE="2025-09-30" ENDDATE="2079-06-06" ISACTUAL="1" ISACTIVE="1" /><APARTMENT ID="111807895" OBJECTID="174956509" OBJECTGUID="f4d364fe-780f-4b59-b434-0242e45667e8" CHANGEID="689725859" NUMBER="31" APARTTYPE="2" OPERTYPEID="10" PREVID="0" NEXTID="0" UPDATEDATE="2025-09-30" STARTDATE="2025-09-30" ENDDATE="2079-06-06" ISACTUAL="1" ISACTIVE="1" /><APARTMENT ID="111807896" OBJECTID="174956510" OBJECTGUID="ea8f62e5-3899-4704-aea5-226d09e3c067" CHANGEID="689725860" NUMBER="29" APARTTYPE="2" OPERTYPEID="10" PREVID="0" NEXTID="0" UPDATEDATE="2025-09-30" STARTDATE="2025-09-30" ENDDATE="2079-06-06" ISACTUAL="1" ISACTIVE="1" /><APARTMENT ID="111807897" OBJECTID="174956511" OBJECTGUID="2ea8852b-eacf-4576-ab8c-a4a3a2ddcdfd" CHANGEID="689725861" NUMBER="28" APARTTYPE="2" OPERTYPEID="10" PREVID="0" NEXTID="0" UPDATEDATE="2025-09-30" STARTDATE="2025-09-30" ENDDATE="2079-06-06" ISACTUAL="1" ISACTIVE="1" /><APARTMENT ID="111807898" OBJECTID="174956512" OBJECTGUID="943b2eca-4669-45d4-822b-4631067b3d73" CHANGEID="689725862" NUMBER="27" APARTTYPE="2" OPERTYPEID="10" PREVID="0" NEXTID="0" UPDATEDATE="2025-09-30" STARTDATE="2025-09-30" ENDDATE="2079-06-06" ISACTUAL="1" ISACTIVE="1" /><APARTMENT ID="111807899" OBJECTID="174956513" OBJECTGUID="09793384-3947-48d7-bcb7-b70c813a60fa" CHANGEID="689725863" NUMBER="25" APARTTYPE="2" OPERTYPEID="10" PREVID="0" NEXTID="0" UPDATEDATE="2025-09-30" STARTDATE="2025-09-30" ENDDATE="2079-06-06" ISACTUAL="1" ISACTIVE="1" /><APARTMENT ID="111807900" OBJECTID="174956514" OBJECTGUID="ade043f0-2189-447e-a888-7d96c69e0da7" CHANGEID="689725864" NUMBER="24" APARTTYPE="2" OPERTYPEID="10" PREVID="0" NEXTID="0" UPDATEDATE="2025-09-30" STARTDATE="2025-09-30" ENDDATE="2079-06-06" ISACTUAL="1" ISACTIVE="1" /><APARTMENT ID="111807901" OBJECTID="174956515" OBJECTGUID="5109b5a5-5b3d-4b56-8afb-4833db3f15ec" CHANGEID="689725865" NUMBER="23" APARTTYPE="2" OPERTYPEID="10" PREVID="0" NEXTID="0" UPDATEDATE="2025-09-30" STARTDATE="2025-09-30" ENDDATE="2079-06-06" ISACTUAL="1" ISACTIVE="1" /><APARTMENT ID="111807902" OBJECTID="174956516" OBJECTGUID="ea3e23f3-46ef-4646-8c8d-2c3691eeabdf" CHANGEID="689725866" NUMBER="20" APARTTYPE="2" OPERTYPEID="10" PREVID="0" NEXTID="0" UPDATEDATE="2025-09-30" STARTDATE="2025-09-30" ENDDATE="2079-06-06" ISACTUAL="1" ISACTIVE="1" /><APARTMENT ID="111807903" OBJECTID="174956517" OBJECTGUID="fb52ba31-ab6b-47e9-bb89-8ba8be5a419e" CHANGEID="689725867" NUMBER="18" APARTTYPE="2" OPERTYPEID="10" PREVID="0" NEXTID="0" UPDATEDATE="2025-09-30" STARTDATE="2025-09-30" ENDDATE="2079-06-06" ISACTUAL="1" ISACTIVE="1" /><APARTMENT ID="111807904" OBJECTID="174956518" OBJECTGUID="8302876c-7071-4417-956a-17c1892ce35e" CHANGEID="689725868" NUMBER="17" APARTTYPE="2" OPERTYPEID="10" PREVID="0" NEXTID="0" UPDATEDATE="2025-09-30" STARTDATE="2025-09-30" ENDDATE="2079-06-06" ISACTUAL="1" ISACTIVE="1" /><APARTMENT ID="111807905" OBJECTID="174956519" OBJECTGUID="c0b77158-085f-40ca-8e33-388511f92947" CHANGEID="689725869" NUMBER="16" APARTTYPE="2" OPERTYPEID="10" PREVID="0" NEXTID="0" UPDATEDATE="2025-09-30" STARTDATE="2025-09-30" ENDDATE="2079-06-06" ISACTUAL="1" ISACTIVE="1" /><APARTMENT ID="111807906" OBJECTID="174956520" OBJECTGUID="b2a32edb-b614-4fa9-a34b-c222ea89f3b8" CHANGEID="689725870" NUMBER="14" APARTTYPE="2" OPERTYPEID="10" PREVID="0" NEXTID="0" UPDATEDATE="2025-09-30" STARTDATE="2025-09-30" ENDDATE="2079-06-06" ISACTUAL="1" ISACTIVE="1" /><APARTMENT ID="111807907" OBJECTID="174956521" OBJECTGUID="5b4916ee-6646-410e-bd71-b1a47e45a146" CHANGEID="689725871" NUMBER="13" APARTTYPE="2" OPERTYPEID="10" PREVID="0" NEXTID="0" UPDATEDATE="2025-09-30" STARTDATE="2025-09-30" ENDDATE="2079-06-06" ISACTUAL="1" ISACTIVE="1" /><APARTMENT ID="111807908" OBJECTID="174956522" OBJECTGUID="ed0a224b-652d-49e6-82ad-f0742bf70923" CHANGEID="689725872" NUMBER="12" APARTTYPE="2" OPERTYPEID="10" PREVID="0" NEXTID="0" UPDATEDATE="2025-09-30" STARTDATE="2025-09-30" ENDDATE="2079-06-06" ISACTUAL="1" ISACTIVE="1" /><APARTMENT ID="111807909" OBJECTID="174956523" OBJECTGUID="aa37453f-430a-4b86-b34f-ead9b64f7135" CHANGEID="689725873" NUMBER="8" APARTTYPE="2" OPERTYPEID="10" PREVID="0" NEXTID="0" UPDATEDATE="2025-09-30" STARTDATE="2025-09-30" ENDDATE="2079-06-06" ISACTUAL="1" ISACTIVE="1" /><APARTMENT ID="111807910" OBJECTID="174956524" OBJECTGUID="333d842b-7c23-4d8e-b8b0-1174ed159511" CHANGEID="689725874" NUMBER="7" APARTTYPE="2" OPERTYPEID="10" PREVID="0" NEXTID="0" UPDATEDATE="2025-09-30" STARTDATE="2025-09-30" ENDDATE="2079-06-06" ISACTUAL="1" ISACTIVE="1" /><APARTMENT ID="111807911" OBJECTID="174956525" OBJECTGUID="05967d0c-c96e-457b-bcaf-56ccd790de28" CHANGEID="689725875" NUMBER="5" APARTTYPE="2" OPERTYPEID="10" PREVID="0" NEXTID="0" UPDATEDATE="2025-09-30" STARTDATE="2025-09-30" ENDDATE="2079-06-06" ISACTUAL="1" ISACTIVE="1" /><APARTMENT ID="111807912" OBJECTID="174956526" OBJECTGUID="70163ab7-1d49-448c-91e1-c99b5db4bb03" CHANGEID="689725876" NUMBER="2" APARTTYPE="2" OPERTYPEID="10" PREVID="0" NEXTID="0" UPDATEDATE="2025-09-30" STARTDATE="2025-09-30" ENDDATE="2079-06-06" ISACTUAL="1" ISACTIVE="1" /><APARTMENT ID="111807913" OBJECTID="174956527" OBJECTGUID="2496c55a-607f-4785-aea3-2e67058db88b" CHANGEID="689725877" NUMBER="1" APARTTYPE="2" OPERTYPEID="10" PREVID="0" NEXTID="0" UPDATEDATE="2025-09-30" STARTDATE="2025-09-30" ENDDATE="2079-06-06" ISACTUAL="1" ISACTIVE="1" /><APARTMENT ID="111807924" OBJECTID="174956538" OBJECTGUID="3e37f5ef-f3b0-4826-af3e-fe3fefd4af60" CHANGEID="689725888" NUMBER="7" APARTTYPE="2" OPERTYPEID="10" PREVID="0" NEXTID="0" UPDATEDATE="2025-09-30" STARTDATE="2025-09-30" ENDDATE="2079-06-06" ISACTUAL="1" ISACTIVE="1" /><APARTMENT ID="111807925" OBJECTID="174956539" OBJECTGUID="4d1bb827-b7c9-4d2e-8f18-dc2c549ef363" CHANGEID="689725889" NUMBER="5" APARTTYPE="2" OPERTYPEID="10" PREVID="0" NEXTID="0" UPDATEDATE="2025-09-30" STARTDATE="2025-09-30" ENDDATE="2079-06-06" ISACTUAL="1" ISACTIVE="1" /><APARTMENT ID="111807926" OBJECTID="174956541" OBJECTGUID="015a0493-d2dc-4b01-99d2-03c27b30f764" CHANGEID="689725891" NUMBER="3" APARTTYPE="2" OPERTYPEID="10" PREVID="0" NEXTID="0" UPDATEDATE="2025-09-30" STARTDATE="2025-09-30" ENDDATE="2079-06-06" ISACTUAL="1" ISACTIVE="1" /><APARTMENT ID="111807927" OBJECTID="174956542" OBJECTGUID="d8444b92-f0e7-466e-9f3d-bde4b62ca9ee" CHANGEID="689725892" NUMBER="2" APARTTYPE="2" OPERTYPEID="10" PREVID="0" NEXTID="0" UPDATEDATE="2025-09-30" STARTDATE="2025-09-30" ENDDATE="2079-06-06" ISACTUAL="1" ISACTIVE="1" /><APARTMENT ID="111807928" OBJECTID="174956543" OBJECTGUID="5e61e0fb-6811-478d-a6d6-c9418030051b" CHANGEID="689725893" NUMBER="50" APARTTYPE="2" OPERTYPEID="10" PREVID="0" NEXTID="0" UPDATEDATE="2025-09-30" STARTDATE="2025-09-30" ENDDATE="2079-06-06" ISACTUAL="1" ISACTIVE="1" /><APARTMENT ID="111807929" OBJECTID="174956544" OBJECTGUID="043908e6-7888-4c56-82c1-d7e66216f78b" CHANGEID="689725894" NUMBER="49" APARTTYPE="2" OPERTYPEID="10" PREVID="0" NEXTID="0" UPDATEDATE="2025-09-30" STARTDATE="2025-09-30" ENDDATE="2079-06-06" ISACTUAL="1" ISACTIVE="1" /><APARTMENT ID="111807930" OBJECTID="174956545" OBJECTGUID="06925d65-d00d-44fa-bf86-6641a2dd2437" CHANGEID="689725895" NUMBER="45" APARTTYPE="2" OPERTYPEID="10" PREVID="0" NEXTID="0" UPDATEDATE="2025-09-30" STARTDATE="2025-09-30" ENDDATE="2079-06-06" ISACTUAL="1" ISACTIVE="1" /><APARTMENT ID="111807931" OBJECTID="174956546" OBJECTGUID="32acdb68-56c6-45d9-8d2d-a249b7a48130" CHANGEID="689725896" NUMBER="43" APARTTYPE="2" OPERTYPEID="10" PREVID="0" NEXTID="0" UPDATEDATE="2025-09-30" STARTDATE="2025-09-30" ENDDATE="2079-06-06" ISACTUAL="1" ISACTIVE="1" /><APARTMENT ID="111807932" OBJECTID="174956547" OBJECTGUID="1dd9eedb-f403-45c7-9507-6f70caf64590" CHANGEID="689725897" NUMBER="42" APARTTYPE="2" OPERTYPEID="10" PREVID="0" NEXTID="0" UPDATEDATE="2025-09-30" STARTDATE="2025-09-30" ENDDATE="2079-06-06" ISACTUAL="1" ISACTIVE="1" /><APARTMENT ID="111807933" OBJECTID="174956548" OBJECTGUID="6b82991c-6fc0-4b17-8225-8c76db50da60" CHANGEID="689725898" NUMBER="41" APARTTYPE="2" OPERTYPEID="10" PREVID="0" NEXTID="0" UPDATEDATE="2025-09-30" STARTDATE="2025-09-30" ENDDATE="2079-06-06" ISACTUAL="1" ISACTIVE="1" /><APARTMENT ID="111807934" OBJECTID="174956549" OBJECTGUID="82dfb67b-ea24-42ff-9a15-4a240163bd9f" CHANGEID="689725899" NUMBER="36" APARTTYPE="2" OPERTYPEID="10" PREVID="0" NEXTID="0" UPDATEDATE="2025-09-30" STARTDATE="2025-09-30" ENDDATE="2079-06-06" ISACTUAL="1" ISACTIVE="1" /><APARTMENT ID="111807935" OBJECTID="174956550" OBJECTGUID="aa4e1b14-1336-4afa-ab19-df264c317935" CHANGEID="689725901" NUMBER="33" APARTTYPE="2" OPERTYPEID="10" PREVID="0" NEXTID="0" UPDATEDATE="2025-09-30" STARTDATE="2025-09-30" ENDDATE="2079-06-06" ISACTUAL="1" ISACTIVE="1" /><APARTMENT ID="111807936" OBJECTID="174956551" OBJECTGUID="138af9c6-3b29-4d99-aa66-69700a210f0a" CHANGEID="689725902" NUMBER="32" APARTTYPE="2" OPERTYPEID="10" PREVID="0" NEXTID="0" UPDATEDATE="2025-09-30" STARTDATE="2025-09-30" ENDDATE="2079-06-06" ISACTUAL="1" ISACTIVE="1" /><APARTMENT ID="111807937" OBJECTID="174956552" OBJECTGUID="ab85b8cf-1731-401a-87f6-83df5f2e7b5e" CHANGEID="689725903" NUMBER="30" APARTTYPE="2" OPERTYPEID="10" PREVID="0" NEXTID="0" UPDATEDATE="2025-09-30" STARTDATE="2025-09-30" ENDDATE="2079-06-06" ISACTUAL="1" ISACTIVE="1" /><APARTMENT ID="111807938" OBJECTID="174956553" OBJECTGUID="e53b0f2f-a3b7-4642-b2de-a1d17f4526de" CHANGEID="689725904" NUMBER="29" APARTTYPE="2" OPERTYPEID="10" PREVID="0" NEXTID="0" UPDATEDATE="2025-09-30" STARTDATE="2025-09-30" ENDDATE="2079-06-06" ISACTUAL="1" ISACTIVE="1" /><APARTMENT ID="111807939" OBJECTID="174956554" OBJECTGUID="68811f42-e94b-406a-82da-5dc0de6e4797" CHANGEID="689725905" NUMBER="28" APARTTYPE="2" OPERTYPEID="10" PREVID="0" NEXTID="0" UPDATEDATE="2025-09-30" STARTDATE="2025-09-30" ENDDATE="2079-06-06" ISACTUAL="1" ISACTIVE="1" /><APARTMENT ID="111807940" OBJECTID="174956555" OBJECTGUID="9b469274-409b-4cd3-b5cd-3ef0756e15d8" CHANGEID="689725906" NUMBER="26" APARTTYPE="2" OPERTYPEID="10" PREVID="0" NEXTID="0" UPDATEDATE="2025-09-30" STARTDATE="2025-09-30" ENDDATE="2079-06-06" ISACTUAL="1" ISACTIVE="1" /><APARTMENT ID="111807941" OBJECTID="174956556" OBJECTGUID="b2a2d78a-51b9-418f-8ba2-5834a2c69832" CHANGEID="689725907" NUMBER="25" APARTTYPE="2" OPERTYPEID="10" PREVID="0" NEXTID="0" UPDATEDATE="2025-09-30" STARTDATE="2025-09-30" ENDDATE="2079-06-06" ISACTUAL="1" ISACTIVE="1" /><APARTMENT ID="111807942" OBJECTID="174956557" OBJECTGUID="2ae69cac-adda-4120-bda5-6a3b45a4e127" CHANGEID="689725908" NUMBER="22" APARTTYPE="2" OPERTYPEID="10" PREVID="0" NEXTID="0" UPDATEDATE="2025-09-30" STARTDATE="2025-09-30" ENDDATE="2079-06-06" ISACTUAL="1" ISACTIVE="1" /><APARTMENT ID="111807943" OBJECTID="174956559" OBJECTGUID="5ae0f8c8-d89e-46ee-8053-a58971334b22" CHANGEID="689725910" NUMBER="20" APARTTYPE="2" OPERTYPEID="10" PREVID="0" NEXTID="0" UPDATEDATE="2025-09-30" STARTDATE="2025-09-30" ENDDATE="2079-06-06" ISACTUAL="1" ISACTIVE="1" /><APARTMENT ID="111807944" OBJECTID="174956560" OBJECTGUID="d528565d-7345-4251-8414-a1b0c96aee84" CHANGEID="689725911" NUMBER="19" APARTTYPE="2" OPERTYPEID="10" PREVID="0" NEXTID="0" UPDATEDATE="2025-09-30" STARTDATE="2025-09-30" ENDDATE="2079-06-06" ISACTUAL="1" ISACTIVE="1" /><APARTMENT ID="111807945" OBJECTID="174956562" OBJECTGUID="7c0a6a45-f85e-462c-81d1-c9bd6193c143" CHANGEID="689725913" NUMBER="17" APARTTYPE="2" OPERTYPEID="10" PREVID="0" NEXTID="0" UPDATEDATE="2025-09-30" STARTDATE="2025-09-30" ENDDATE="2079-06-06" ISACTUAL="1" ISACTIVE="1" /><APARTMENT ID="111807946" OBJECTID="174956563" OBJECTGUID="5b074923-a142-4c12-ab33-13b69670612b" CHANGEID="689725914" NUMBER="14" APARTTYPE="2" OPERTYPEID="10" PREVID="0" NEXTID="0" UPDATEDATE="2025-09-30" STARTDATE="2025-09-30" ENDDATE="2079-06-06" ISACTUAL="1" ISACTIVE="1" /><APARTMENT ID="111807947" OBJECTID="174956564" OBJECTGUID="56207444-f52c-4de1-9c47-18e3d79d75c6" CHANGEID="689725915" NUMBER="13" APARTTYPE="2" OPERTYPEID="10" PREVID="0" NEXTID="0" UPDATEDATE="2025-09-30" STARTDATE="2025-09-30" ENDDATE="2079-06-06" ISACTUAL="1" ISACTIVE="1" /><APARTMENT ID="111807948" OBJECTID="174956565" OBJECTGUID="22769b9d-548e-4039-97e5-127cce2b6d5f" CHANGEID="689725916" NUMBER="12" APARTTYPE="2" OPERTYPEID="10" PREVID="0" NEXTID="0" UPDATEDATE="2025-09-30" STARTDATE="2025-09-30" ENDDATE="2079-06-06" ISACTUAL="1" ISACTIVE="1" /><APARTMENT ID="111807949" OBJECTID="174956566" OBJECTGUID="acda3cc9-471c-433d-a832-2ee2231abf86" CHANGEID="689725918" NUMBER="10" APARTTYPE="2" OPERTYPEID="10" PREVID="0" NEXTID="0" UPDATEDATE="2025-09-30" STARTDATE="2025-09-30" ENDDATE="2079-06-06" ISACTUAL="1" ISACTIVE="1" /><APARTMENT ID="111807950" OBJECTID="174956568" OBJECTGUID="05b572cf-9e93-4714-8c2c-0aee9b62cfbd" CHANGEID="689725919" NUMBER="8" APARTTYPE="2" OPERTYPEID="10" PREVID="0" NEXTID="0" UPDATEDATE="2025-09-30" STARTDATE="2025-09-30" ENDDATE="2079-06-06" ISACTUAL="1" ISACTIVE="1" /><APARTMENT ID="111807963" OBJECTID="174956587" OBJECTGUID="fc49b2da-bc34-42fe-96a7-22cdafa8d56f" CHANGEID="689725939" NUMBER="3" APARTTYPE="2" OPERTYPEID="10" PREVID="0" NEXTID="0" UPDATEDATE="2025-09-30" STARTDATE="2025-09-30" ENDDATE="2079-06-06" ISACTUAL="1" ISACTIVE="1" /><APARTMENT ID="111807964" OBJECTID="174956588" OBJECTGUID="18fb7320-35f3-49f9-b5ff-5a41f430770b" CHANGEID="689725940" NUMBER="2" APARTTYPE="2" OPERTYPEID="10" PREVID="0" NEXTID="0" UPDATEDATE="2025-09-30" STARTDATE="2025-09-30" ENDDATE="2079-06-06" ISACTUAL="1" ISACTIVE="1" /><APARTMENT ID="111807965" OBJECTID="174956590" OBJECTGUID="f040824a-74de-4e67-96d3-02afdc3a2f5c" CHANGEID="689725942" NUMBER="1" APARTTYPE="2" OPERTYPEID="10" PREVID="0" NEXTID="0" UPDATEDATE="2025-09-30" STARTDATE="2025-09-30" ENDDATE="2079-06-06" ISACTUAL="1" ISACTIVE="1" /><APARTMENT ID="111808011" OBJECTID="174956660" OBJECTGUID="b6f2a4aa-5538-4150-85fd-cb0b9eb22ebf" CHANGEID="689726012" NUMBER="7" APARTTYPE="2" OPERTYPEID="10" PREVID="0" NEXTID="0" UPDATEDATE="2025-09-30" STARTDATE="2025-09-30" ENDDATE="2079-06-06" ISACTUAL="1" ISACTIVE="1" /><APARTMENT ID="111808012" OBJECTID="174956662" OBJECTGUID="c76f1811-5e48-43a8-90e3-df0d0be48bca" CHANGEID="689726014" NUMBER="5" APARTTYPE="2" OPERTYPEID="10" PREVID="0" NEXTID="0" UPDATEDATE="2025-09-30" STARTDATE="2025-09-30" ENDDATE="2079-06-06" ISACTUAL="1" ISACTIVE="1" /><APARTMENT ID="111808013" OBJECTID="174956663" OBJECTGUID="7420f192-c8fb-49ed-9ac7-ff3ce9b75450" CHANGEID="689726015" NUMBER="4" APARTTYPE="2" OPERTYPEID="10" PREVID="0" NEXTID="0" UPDATEDATE="2025-09-30" STARTDATE="2025-09-30" ENDDATE="2079-06-06" ISACTUAL="1" ISACTIVE="1" /><APARTMENT ID="111808014" OBJECTID="174956664" OBJECTGUID="7a4d1256-d31f-4187-bfe4-d0b19648cbd2" CHANGEID="689726016" NUMBER="3" APARTTYPE="2" OPERTYPEID="10" PREVID="0" NEXTID="0" UPDATEDATE="2025-09-30" STARTDATE="2025-09-30" ENDDATE="2079-06-06" ISACTUAL="1" ISACTIVE="1" /><APARTMENT ID="111807914" OBJECTID="174956528" OBJECTGUID="f98c5559-8d9c-41cb-82df-bbcdf1fd0206" CHANGEID="689725878" NUMBER="14" APARTTYPE="2" OPERTYPEID="10" PREVID="0" NEXTID="0" UPDATEDATE="2025-09-30" STARTDATE="2025-09-30" ENDDATE="2079-06-06" ISACTUAL="1" ISACTIVE="1" /><APARTMENT ID="111807915" OBJECTID="174956529" OBJECTGUID="2104941f-bed6-4177-bb8f-b705a99e02a0" CHANGEID="689725879" NUMBER="13" APARTTYPE="2" OPERTYPEID="10" PREVID="0" NEXTID="0" UPDATEDATE="2025-09-30" STARTDATE="2025-09-30" ENDDATE="2079-06-06" ISACTUAL="1" ISACTIVE="1" /><APARTMENT ID="111807916" OBJECTID="174956530" OBJECTGUID="a706e497-f8ba-4d36-ba3a-c16165a348e6" CHANGEID="689725880" NUMBER="12" APARTTYPE="2" OPERTYPEID="10" PREVID="0" NEXTID="0" UPDATEDATE="2025-09-30" STARTDATE="2025-09-30" ENDDATE="2079-06-06" ISACTUAL="1" ISACTIVE="1" /><APARTMENT ID="111807917" OBJECTID="174956531" OBJECTGUID="d8bccac4-cc8e-4417-8421-f325de0d778d" CHANGEID="689725881" NUMBER="10" APARTTYPE="2" OPERTYPEID="10" PREVID="0" NEXTID="0" UPDATEDATE="2025-09-30" STARTDATE="2025-09-30" ENDDATE="2079-06-06" ISACTUAL="1" ISACTIVE="1" /><APARTMENT ID="111807918" OBJECTID="174956532" OBJECTGUID="6776f0ae-6ea7-4ef3-93f5-b929c9da947a" CHANGEID="689725882" NUMBER="9" APARTTYPE="2" OPERTYPEID="10" PREVID="0" NEXTID="0" UPDATEDATE="2025-09-30" STARTDATE="2025-09-30" ENDDATE="2079-06-06" ISACTUAL="1" ISACTIVE="1" /><APARTMENT ID="111807919" OBJECTID="174956533" OBJECTGUID="2cb5e3bf-9f62-45ec-93ec-94b6115b39d2" CHANGEID="689725883" NUMBER="7" APARTTYPE="2" OPERTYPEID="10" PREVID="0" NEXTID="0" UPDATEDATE="2025-09-30" STARTDATE="2025-09-30" ENDDATE="2079-06-06" ISACTUAL="1" ISACTIVE="1" /><APARTMENT ID="111807920" OBJECTID="174956534" OBJECTGUID="f60a15dc-ac9e-430c-8900-6316a7158278" CHANGEID="689725884" NUMBER="6" APARTTYPE="2" OPERTYPEID="10" PREVID="0" NEXTID="0" UPDATEDATE="2025-09-30" STARTDATE="2025-09-30" ENDDATE="2079-06-06" ISACTUAL="1" ISACTIVE="1" /><APARTMENT ID="111807921" OBJECTID="174956535" OBJECTGUID="c1687d3e-c48b-4dc8-a12d-e5161ac873c7" CHANGEID="689725885" NUMBER="5" APARTTYPE="2" OPERTYPEID="10" PREVID="0" NEXTID="0" UPDATEDATE="2025-09-30" STARTDATE="2025-09-30" ENDDATE="2079-06-06" ISACTUAL="1" ISACTIVE="1" /><APARTMENT ID="111807922" OBJECTID="174956536" OBJECTGUID="e945ef77-1fef-4775-b910-1c837c487fd5" CHANGEID="689725886" NUMBER="4" APARTTYPE="2" OPERTYPEID="10" PREVID="0" NEXTID="0" UPDATEDATE="2025-09-30" STARTDATE="2025-09-30" ENDDATE="2079-06-06" ISACTUAL="1" ISACTIVE="1" /><APARTMENT ID="111807923" OBJECTID="174956537" OBJECTGUID="b0a5c589-848a-4387-9cd0-d5525dbed3e8" CHANGEID="689725887" NUMBER="2" APARTTYPE="2" OPERTYPEID="10" PREVID="0" NEXTID="0" UPDATEDATE="2025-09-30" STARTDATE="2025-09-30" ENDDATE="2079-06-06" ISACTUAL="1" ISACTIVE="1" /><APARTMENT ID="111807951" OBJECTID="174956571" OBJECTGUID="46fb7f9c-4342-42c9-8b7e-cbbc3febe973" CHANGEID="689725923" NUMBER="20" APARTTYPE="2" OPERTYPEID="10" PREVID="0" NEXTID="0" UPDATEDATE="2025-09-30" STARTDATE="2025-09-30" ENDDATE="2079-06-06" ISACTUAL="1" ISACTIVE="1" /><APARTMENT ID="111807952" OBJECTID="174956572" OBJECTGUID="51d7b64f-92a0-4a52-8f36-4be7d8446301" CHANGEID="689725924" NUMBER="10" APARTTYPE="2" OPERTYPEID="10" PREVID="0" NEXTID="0" UPDATEDATE="2025-09-30" STARTDATE="2025-09-30" ENDDATE="2079-06-06" ISACTUAL="1" ISACTIVE="1" /><APARTMENT ID="111807953" OBJECTID="174956573" OBJECTGUID="cb6c9f54-fa56-4734-937c-ba4998d5913c" CHANGEID="689725925" NUMBER="9" APARTTYPE="2" OPERTYPEID="10" PREVID="0" NEXTID="0" UPDATEDATE="2025-09-30" STARTDATE="2025-09-30" ENDDATE="2079-06-06" ISACTUAL="1" ISACTIVE="1" /><APARTMENT ID="111807954" OBJECTID="174956575" OBJECTGUID="4d717621-23d5-4a72-bf4d-437ae95303be" CHANGEID="689725927" NUMBER="19" APARTTYPE="2" OPERTYPEID="10" PREVID="0" NEXTID="0" UPDATEDATE="2025-09-30" STARTDATE="2025-09-30" ENDDATE="2079-06-06" ISACTUAL="1" ISACTIVE="1" /><APARTMENT ID="111807955" OBJECTID="174956576" OBJECTGUID="694ecee2-1527-4a52-bef4-6a9f355567eb" CHANGEID="689725928" NUMBER="18" APARTTYPE="2" OPERTYPEID="10" PREVID="0" NEXTID="0" UPDATEDATE="2025-09-30" STARTDATE="2025-09-30" ENDDATE="2079-06-06" ISACTUAL="1" ISACTIVE="1" /><APARTMENT ID="111807956" OBJECTID="174956577" OBJECTGUID="97c7d49c-8bc0-47d8-85a3-d4f6b40a3f49" CHANGEID="689725929" NUMBER="16" APARTTYPE="2" OPERTYPEID="10" PREVID="0" NEXTID="0" UPDATEDATE="2025-09-30" STARTDATE="2025-09-30" ENDDATE="2079-06-06" ISACTUAL="1" ISACTIVE="1" /><APARTMENT ID="111807957" OBJECTID="174956578" OBJECTGUID="51b30898-d7f2-43a2-b4fb-356f1ffc64cf" CHANGEID="689725930" NUMBER="15" APARTTYPE="2" OPERTYPEID="10" PREVID="0" NEXTID="0" UPDATEDATE="2025-09-30" STARTDATE="2025-09-30" ENDDATE="2079-06-06" ISACTUAL="1" ISACTIVE="1" /><APARTMENT ID="111807958" OBJECTID="174956580" OBJECTGUID="7e6d1fbf-537e-478a-bf61-77d89f2eba42" CHANGEID="689725932" NUMBER="14" APARTTYPE="2" OPERTYPEID="10" PREVID="0" NEXTID="0" UPDATEDATE="2025-09-30" STARTDATE="2025-09-30" ENDDATE="2079-06-06" ISACTUAL="1" ISACTIVE="1" /><APARTMENT ID="111807959" OBJECTID="174956581" OBJECTGUID="242abdde-5d50-4899-a58c-c9af06f6e2b5" CHANGEID="689725933" NUMBER="8" APARTTYPE="2" OPERTYPEID="10" PREVID="0" NEXTID="0" UPDATEDATE="2025-09-30" STARTDATE="2025-09-30" ENDDATE="2079-06-06" ISACTUAL="1" ISACTIVE="1" /><APARTMENT ID="111807960" OBJECTID="174956582" OBJECTGUID="973c73d5-1247-4150-af79-10c57c96c43e" CHANGEID="689725934" NUMBER="4" APARTTYPE="2" OPERTYPEID="10" PREVID="0" NEXTID="0" UPDATEDATE="2025-09-30" STARTDATE="2025-09-30" ENDDATE="2079-06-06" ISACTUAL="1" ISACTIVE="1" /><APARTMENT ID="111807961" OBJECTID="174956583" OBJECTGUID="dc56db42-2e23-4483-9f30-0d53e4d40a05" CHANGEID="689725935" NUMBER="3" APARTTYPE="2" OPERTYPEID="10" PREVID="0" NEXTID="0" UPDATEDATE="2025-09-30" STARTDATE="2025-09-30" ENDDATE="2079-06-06" ISACTUAL="1" ISACTIVE="1" /><APARTMENT ID="111807962" OBJECTID="174956585" OBJECTGUID="2b0c545a-a073-4517-b39b-299702383ecd" CHANGEID="689725937" NUMBER="1" APARTTYPE="2" OPERTYPEID="10" PREVID="0" NEXTID="0" UPDATEDATE="2025-09-30" STARTDATE="2025-09-30" ENDDATE="2079-06-06" ISACTUAL="1" ISACTIVE="1" /><APARTMENT ID="111807966" OBJECTID="174956603" OBJECTGUID="363cbb8d-bbb0-4d16-ad60-76cdf8c03ffc" CHANGEID="689725955" NUMBER="35" APARTTYPE="2" OPERTYPEID="10" PREVID="0" NEXTID="0" UPDATEDATE="2025-09-30" STARTDATE="2025-09-30" ENDDATE="2079-06-06" ISACTUAL="1" ISACTIVE="1" /><APARTMENT ID="111807967" OBJECTID="174956605" OBJECTGUID="f62a40fa-66de-441f-aef5-bfdc059e91e6" CHANGEID="689725957" NUMBER="34" APARTTYPE="2" OPERTYPEID="10" PREVID="0" NEXTID="0" UPDATEDATE="2025-09-30" STARTDATE="2025-09-30" ENDDATE="2079-06-06" ISACTUAL="1" ISACTIVE="1" /><APARTMENT ID="111807968" OBJECTID="174956606" OBJECTGUID="615d4216-6cc9-47fc-892e-adc1f68201c4" CHANGEID="689725958" NUMBER="33" APARTTYPE="2" OPERTYPEID="10" PREVID="0" NEXTID="0" UPDATEDATE="2025-09-30" STARTDATE="2025-09-30" ENDDATE="2079-06-06" ISACTUAL="1" ISACTIVE="1" /><APARTMENT ID="111807969" OBJECTID="174956607" OBJECTGUID="6a565e21-3b4b-43b2-b6b9-8c4b7eb65fcd" CHANGEID="689725959" NUMBER="32" APARTTYPE="2" OPERTYPEID="10" PREVID="0" NEXTID="0" UPDATEDATE="2025-09-30" STARTDATE="2025-09-30" ENDDATE="2079-06-06" ISACTUAL="1" ISACTIVE="1" /><APARTMENT ID="111807970" OBJECTID="174956608" OBJECTGUID="e0a7cae7-f67b-4890-ad1b-b361ba0b3da0" CHANGEID="689725960" NUMBER="22" APARTTYPE="2" OPERTYPEID="10" PREVID="0" NEXTID="0" UPDATEDATE="2025-09-30" STARTDATE="2025-09-30" ENDDATE="2079-06-06" ISACTUAL="1" ISACTIVE="1" /><APARTMENT ID="111807971" OBJECTID="174956609" OBJECTGUID="f8899210-45f3-4c57-8a0b-bdbbcd470ae2" CHANGEID="689725961" NUMBER="18" APARTTYPE="2" OPERTYPEID="10" PREVID="0" NEXTID="0" UPDATEDATE="2025-09-30" STARTDATE="2025-09-30" ENDDATE="2079-06-06" ISACTUAL="1" ISACTIVE="1" /><APARTMENT ID="111807972" OBJECTID="174956611" OBJECTGUID="47510961-0a22-4836-ae98-e18b7ab38735" CHANGEID="689725963" NUMBER="17" APARTTYPE="2" OPERTYPEID="10" PREVID="0" NEXTID="0" UPDATEDATE="2025-09-30" STARTDATE="2025-09-30" ENDDATE="2079-06-06" ISACTUAL="1" ISACTIVE="1" /><APARTMENT ID="111807973" OBJECTID="174956612" OBJECTGUID="127aa700-698c-49ad-b8c6-bba3858bee18" CHANGEID="689725964" NUMBER="14" APARTTYPE="2" OPERTYPEID="10" PREVID="0" NEXTID="0" UPDATEDATE="2025-09-30" STARTDATE="2025-09-30" ENDDATE="2079-06-06" ISACTUAL="1" ISACTIVE="1" /><APARTMENT ID="111807974" OBJECTID="174956613" OBJECTGUID="3cb127f0-6120-4c2d-924d-b98abbdabf21" CHANGEID="689725965" NUMBER="11" APARTTYPE="2" OPERTYPEID="10" PREVID="0" NEXTID="0" UPDATEDATE="2025-09-30" STARTDATE="2025-09-30" ENDDATE="2079-06-06" ISACTUAL="1" ISACTIVE="1" /><APARTMENT ID="111807975" OBJECTID="174956614" OBJECTGUID="628613ff-1c88-4859-ae12-aa7fbc67b163" CHANGEID="689725966" NUMBER="9" APARTTYPE="2" OPERTYPEID="10" PREVID="0" NEXTID="0" UPDATEDATE="2025-09-30" STARTDATE="2025-09-30" ENDDATE="2079-06-06" ISACTUAL="1" ISACTIVE="1" /><APARTMENT ID="111807976" OBJECTID="174956615" OBJECTGUID="2c297185-7490-4b3d-8fa3-8cee099ea3a7" CHANGEID="689725967" NUMBER="8" APARTTYPE="2" OPERTYPEID="10" PREVID="0" NEXTID="0" UPDATEDATE="2025-09-30" STARTDATE="2025-09-30" ENDDATE="2079-06-06" ISACTUAL="1" ISACTIVE="1" /><APARTMENT ID="111807977" OBJECTID="174956616" OBJECTGUID="699edc3a-9fac-4366-bad7-b181aa503bc1" CHANGEID="689725968" NUMBER="120" APARTTYPE="2" OPERTYPEID="10" PREVID="0" NEXTID="0" UPDATEDATE="2025-09-30" STARTDATE="2025-09-30" ENDDATE="2079-06-06" ISACTUAL="1" ISACTIVE="1" /><APARTMENT ID="111807978" OBJECTID="174956618" OBJECTGUID="f6de6c84-a49b-440e-b5f1-c676fcd6fae5" CHANGEID="689725970" NUMBER="119" APARTTYPE="2" OPERTYPEID="10" PREVID="0" NEXTID="0" UPDATEDATE="2025-09-30" STARTDATE="2025-09-30" ENDDATE="2079-06-06" ISACTUAL="1" ISACTIVE="1" /><APARTMENT ID="111807979" OBJECTID="174956619" OBJECTGUID="f458ae01-7764-44cf-bccf-1c46113a6cc7" CHANGEID="689725971" NUMBER="118" APARTTYPE="2" OPERTYPEID="10" PREVID="0" NEXTID="0" UPDATEDATE="2025-09-30" STARTDATE="2025-09-30" ENDDATE="2079-06-06" ISACTUAL="1" ISACTIVE="1" /><APARTMENT ID="111807980" OBJECTID="174956620" OBJECTGUID="b1fb97bf-730f-48f0-bfd0-af15dfc7ca31" CHANGEID="689725972" NUMBER="115" APARTTYPE="2" OPERTYPEID="10" PREVID="0" NEXTID="0" UPDATEDATE="2025-09-30" STARTDATE="2025-09-30" ENDDATE="2079-06-06" ISACTUAL="1" ISACTIVE="1" /><APARTMENT ID="111807981" OBJECTID="174956621" OBJECTGUID="0f181c4e-c0f6-470a-8f9d-0a7ef5f3d5db" CHANGEID="689725973" NUMBER="112" APARTTYPE="2" OPERTYPEID="10" PREVID="0" NEXTID="0" UPDATEDATE="2025-09-30" STARTDATE="2025-09-30" ENDDATE="2079-06-06" ISACTUAL="1" ISACTIVE="1" /><APARTMENT ID="111807982" OBJECTID="174956622" OBJECTGUID="8e4fc2c5-a3c1-42c1-b8d4-261528571a95" CHANGEID="689725974" NUMBER="108" APARTTYPE="2" OPERTYPEID="10" PREVID="0" NEXTID="0" UPDATEDATE="2025-09-30" STARTDATE="2025-09-30" ENDDATE="2079-06-06" ISACTUAL="1" ISACTIVE="1" /><APARTMENT ID="111807983" OBJECTID="174956623" OBJECTGUID="200a36a3-fc8e-46fd-a0c9-d8c95f79635a" CHANGEID="689725975" NUMBER="103" APARTTYPE="2" OPERTYPEID="10" PREVID="0" NEXTID="0" UPDATEDATE="2025-09-30" STARTDATE="2025-09-30" ENDDATE="2079-06-06" ISACTUAL="1" ISACTIVE="1" /><APARTMENT ID="111807984" OBJECTID="174956625" OBJECTGUID="bc532c36-0d1d-4992-8446-3d310d96a06c" CHANGEID="689725977" NUMBER="100" APARTTYPE="2" OPERTYPEID="10" PREVID="0" NEXTID="0" UPDATEDATE="2025-09-30" STARTDATE="2025-09-30" ENDDATE="2079-06-06" ISACTUAL="1" ISACTIVE="1" /><APARTMENT ID="111807985" OBJECTID="174956626" OBJECTGUID="02a157a0-b260-4f32-bc90-65f83946be8f" CHANGEID="689725978" NUMBER="98" APARTTYPE="2" OPERTYPEID="10" PREVID="0" NEXTID="0" UPDATEDATE="2025-09-30" STARTDATE="2025-09-30" ENDDATE="2079-06-06" ISACTUAL="1" ISACTIVE="1" /><APARTMENT ID="111807986" OBJECTID="174956627" OBJECTGUID="a25febc5-7d30-4043-82ba-1f4b63024599" CHANGEID="689725979" NUMBER="97" APARTTYPE="2" OPERTYPEID="10" PREVID="0" NEXTID="0" UPDATEDATE="2025-09-30" STARTDATE="2025-09-30" ENDDATE="2079-06-06" ISACTUAL="1" ISACTIVE="1" /><APARTMENT ID="111807987" OBJECTID="174956628" OBJECTGUID="e05da885-54ba-41ad-bcfc-ac249fe6cf2a" CHANGEID="689725980" NUMBER="93" APARTTYPE="2" OPERTYPEID="10" PREVID="0" NEXTID="0" UPDATEDATE="2025-09-30" STARTDATE="2025-09-30" ENDDATE="2079-06-06" ISACTUAL="1" ISACTIVE="1" /><APARTMENT ID="111807988" OBJECTID="174956629" OBJECTGUID="f8fba12e-55d6-41f3-a52e-72a04b12985d" CHANGEID="689725981" NUMBER="92" APARTTYPE="2" OPERTYPEID="10" PREVID="0" NEXTID="0" UPDATEDATE="2025-09-30" STARTDATE="2025-09-30" ENDDATE="2079-06-06" ISACTUAL="1" ISACTIVE="1" /><APARTMENT ID="111807989" OBJECTID="174956631" OBJECTGUID="6584b04f-2ab5-457f-bf4f-ebd3e44dbe6d" CHANGEID="689725983" NUMBER="87" APARTTYPE="2" OPERTYPEID="10" PREVID="0" NEXTID="0" UPDATEDATE="2025-09-30" STARTDATE="2025-09-30" ENDDATE="2079-06-06" ISACTUAL="1" ISACTIVE="1" /><APARTMENT ID="111807990" OBJECTID="174956632" OBJECTGUID="df497888-046a-453f-b87d-3754ff925081" CHANGEID="689725984" NUMBER="77" APARTTYPE="2" OPERTYPEID="10" PREVID="0" NEXTID="0" UPDATEDATE="2025-09-30" STARTDATE="2025-09-30" ENDDATE="2079-06-06" ISACTUAL="1" ISACTIVE="1" /><APARTMENT ID="111807991" OBJECTID="174956633" OBJECTGUID="30354131-adb7-4ee9-9cb5-a6417a36cb1e" CHANGEID="689725985" NUMBER="73" APARTTYPE="2" OPERTYPEID="10" PREVID="0" NEXTID="0" UPDATEDATE="2025-09-30" STARTDATE="2025-09-30" ENDDATE="2079-06-06" ISACTUAL="1" ISACTIVE="1" /><APARTMENT ID="111807992" OBJECTID="174956635" OBJECTGUID="c2f7657a-0a3e-494d-a862-bf46167d8b01" CHANGEID="689725987" NUMBER="68" APARTTYPE="2" OPERTYPEID="10" PREVID="0" NEXTID="0" UPDATEDATE="2025-09-30" STARTDATE="2025-09-30" ENDDATE="2079-06-06" ISACTUAL="1" ISACTIVE="1" /><APARTMENT ID="111807993" OBJECTID="174956636" OBJECTGUID="6932f42a-7d23-438b-92c6-0812b8c40f83" CHANGEID="689725988" NUMBER="67" APARTTYPE="2" OPERTYPEID="10" PREVID="0" NEXTID="0" UPDATEDATE="2025-09-30" STARTDATE="2025-09-30" ENDDATE="2079-06-06" ISACTUAL="1" ISACTIVE="1" /><APARTMENT ID="111807994" OBJECTID="174956637" OBJECTGUID="61315ef3-fc2e-4cd2-b064-086f23e794e6" CHANGEID="689725989" NUMBER="66" APARTTYPE="2" OPERTYPEID="10" PREVID="0" NEXTID="0" UPDATEDATE="2025-09-30" STARTDATE="2025-09-30" ENDDATE="2079-06-06" ISACTUAL="1" ISACTIVE="1" /><APARTMENT ID="111807995" OBJECTID="174956638" OBJECTGUID="ba09bb40-6d5d-4c18-ab95-3aa58603b890" CHANGEID="689725990" NUMBER="65" APARTTYPE="2" OPERTYPEID="10" PREVID="0" NEXTID="0" UPDATEDATE="2025-09-30" STARTDATE="2025-09-30" ENDDATE="2079-06-06" ISACTUAL="1" ISACTIVE="1" /><APARTMENT ID="111807996" OBJECTID="174956639" OBJECTGUID="944b5a32-d730-4a91-9cc9-e4223debbc19" CHANGEID="689725991" NUMBER="64" APARTTYPE="2" OPERTYPEID="10" PREVID="0" NEXTID="0" UPDATEDATE="2025-09-30" STARTDATE="2025-09-30" ENDDATE="2079-06-06" ISACTUAL="1" ISACTIVE="1" /><APARTMENT ID="111807997" OBJECTID="174956641" OBJECTGUID="ea106a91-b534-4c2d-9c40-a673d4f97128" CHANGEID="689725993" NUMBER="63" APARTTYPE="2" OPERTYPEID="10" PREVID="0" NEXTID="0" UPDATEDATE="2025-09-30" STARTDATE="2025-09-30" ENDDATE="2079-06-06" ISACTUAL="1" ISACTIVE="1" /><APARTMENT ID="111807998" OBJECTID="174956642" OBJECTGUID="48c9e6c8-57a6-4e1f-a769-dda64be1f077" CHANGEID="689725994" NUMBER="61" APARTTYPE="2" OPERTYPEID="10" PREVID="0" NEXTID="0" UPDATEDATE="2025-09-30" STARTDATE="2025-09-30" ENDDATE="2079-06-06" ISACTUAL="1" ISACTIVE="1" /><APARTMENT ID="111807999" OBJECTID="174956643" OBJECTGUID="737610d3-e1c1-4ac3-9d22-5d179e67bc76" CHANGEID="689725995" NUMBER="58" APARTTYPE="2" OPERTYPEID="10" PREVID="0" NEXTID="0" UPDATEDATE="2025-09-30" STARTDATE="2025-09-30" ENDDATE="2079-06-06" ISACTUAL="1" ISACTIVE="1" /><APARTMENT ID="111808000" OBJECTID="174956644" OBJECTGUID="7b8deaf3-b328-4196-b38e-02a6f32ff15c" CHANGEID="689725996" NUMBER="55" APARTTYPE="2" OPERTYPEID="10" PREVID="0" NEXTID="0" UPDATEDATE="2025-09-30" STARTDATE="2025-09-30" ENDDATE="2079-06-06" ISACTUAL="1" ISACTIVE="1" /><APARTMENT ID="111808001" OBJECTID="174956645" OBJECTGUID="d1c92788-70a9-4132-a575-bbd5db6bbb58" CHANGEID="689725997" NUMBER="52" APARTTYPE="2" OPERTYPEID="10" PREVID="0" NEXTID="0" UPDATEDATE="2025-09-30" STARTDATE="2025-09-30" ENDDATE="2079-06-06" ISACTUAL="1" ISACTIVE="1" /><APARTMENT ID="111808002" OBJECTID="174956646" OBJECTGUID="51566d38-7505-4c2d-8fa3-cc51c36620c1" CHANGEID="689725998" NUMBER="50" APARTTYPE="2" OPERTYPEID="10" PREVID="0" NEXTID="0" UPDATEDATE="2025-09-30" STARTDATE="2025-09-30" ENDDATE="2079-06-06" ISACTUAL="1" ISACTIVE="1" /><APARTMENT ID="111808003" OBJECTID="174956648" OBJECTGUID="bf91318d-0005-46d2-a11f-696d973df48e" CHANGEID="689726000" NUMBER="49" APARTTYPE="2" OPERTYPEID="10" PREVID="0" NEXTID="0" UPDATEDATE="2025-09-30" STARTDATE="2025-09-30" ENDDATE="2079-06-06" ISACTUAL="1" ISACTIVE="1" /><APARTMENT ID="111808004" OBJECTID="174956649" OBJECTGUID="e751bafc-9d3b-41ea-a164-29eb39081719" CHANGEID="689726001" NUMBER="48" APARTTYPE="2" OPERTYPEID="10" PREVID="0" NEXTID="0" UPDATEDATE="2025-09-30" STARTDATE="2025-09-30" ENDDATE="2079-06-06" ISACTUAL="1" ISACTIVE="1" /><APARTMENT ID="111808005" OBJECTID="174956650" OBJECTGUID="658cec33-6f1f-44e7-bbe8-fa9e70825b9b" CHANGEID="689726002" NUMBER="46" APARTTYPE="2" OPERTYPEID="10" PREVID="0" NEXTID="0" UPDATEDATE="2025-09-30" STARTDATE="2025-09-30" ENDDATE="2079-06-06" ISACTUAL="1" ISACTIVE="1" /><APARTMENT ID="111808006" OBJECTID="174956651" OBJECTGUID="7fa5c81a-fb7f-4534-96da-d7bb442c257b" CHANGEID="689726004" NUMBER="45" APARTTYPE="2" OPERTYPEID="10" PREVID="0" NEXTID="0" UPDATEDATE="2025-09-30" STARTDATE="2025-09-30" ENDDATE="2079-06-06" ISACTUAL="1" ISACTIVE="1" /><APARTMENT ID="111808007" OBJECTID="174956653" OBJECTGUID="bf8536fc-8960-4214-a08e-e4a3f5cb6697" CHANGEID="689726005" NUMBER="44" APARTTYPE="2" OPERTYPEID="10" PREVID="0" NEXTID="0" UPDATEDATE="2025-09-30" STARTDATE="2025-09-30" ENDDATE="2079-06-06" ISACTUAL="1" ISACTIVE="1" /><APARTMENT ID="111808008" OBJECTID="174956654" OBJECTGUID="f91c158f-5a69-4728-a91b-5f0767fd6b37" CHANGEID="689726006" NUMBER="41" APARTTYPE="2" OPERTYPEID="10" PREVID="0" NEXTID="0" UPDATEDATE="2025-09-30" STARTDATE="2025-09-30" ENDDATE="2079-06-06" ISACTUAL="1" ISACTIVE="1" /><APARTMENT ID="111808009" OBJECTID="174956655" OBJECTGUID="6c7a5932-dd71-4b38-af62-8bda831d897d" CHANGEID="689726007" NUMBER="37" APARTTYPE="2" OPERTYPEID="10" PREVID="0" NEXTID="0" UPDATEDATE="2025-09-30" STARTDATE="2025-09-30" ENDDATE="2079-06-06" ISACTUAL="1" ISACTIVE="1" /><APARTMENT ID="111808010" OBJECTID="174956657" OBJECTGUID="f81bd1ce-eac0-4c4e-9fa8-1a0c9734d25a" CHANGEID="689726009" NUMBER="36" APARTTYPE="2" OPERTYPEID="10" PREVID="0" NEXTID="0" UPDATEDATE="2025-09-30" STARTDATE="2025-09-30" ENDDATE="2079-06-06" ISACTUAL="1" ISACTIVE="1" /><APARTMENT ID="111812915" OBJECTID="174974763" OBJECTGUID="4d7f5c53-46db-4862-89cb-66888b3ea889" CHANGEID="689785880" NUMBER="59" APARTTYPE="2" OPERTYPEID="10" PREVID="0" NEXTID="0" UPDATEDATE="2025-10-01" STARTDATE="2025-10-01" ENDDATE="2079-06-06" ISACTUAL="1" ISACTIVE="1" /><APARTMENT ID="111812916" OBJECTID="174974765" OBJECTGUID="caf8bbc7-9567-46d5-ac00-fa2e55188789" CHANGEID="689785882" NUMBER="14" APARTTYPE="2" OPERTYPEID="10" PREVID="0" NEXTID="0" UPDATEDATE="2025-10-01" STARTDATE="2025-10-01" ENDDATE="2079-06-06" ISACTUAL="1" ISACTIVE="1" /><APARTMENT ID="111812917" OBJECTID="174974766" OBJECTGUID="140ae163-64f0-4925-aa77-7a2cc1a147cd" CHANGEID="689785883" NUMBER="16" APARTTYPE="2" OPERTYPEID="10" PREVID="0" NEXTID="0" UPDATEDATE="2025-10-01" STARTDATE="2025-10-01" ENDDATE="2079-06-06" ISACTUAL="1" ISACTIVE="1" /><APARTMENT ID="111812918" OBJECTID="174974768" OBJECTGUID="55ec1750-daf4-4ac0-8e55-51afd08c06a7" CHANGEID="689785885" NUMBER="74" APARTTYPE="1" OPERTYPEID="10" PREVID="0" NEXTID="0" UPDATEDATE="2025-10-01" STARTDATE="2025-10-01" ENDDATE="2079-06-06" ISACTUAL="1" ISACTIVE="1" /><APARTMENT ID="111812919" OBJECTID="174974769" OBJECTGUID="6769bebf-19a5-4b58-b641-01c65d3ba348" CHANGEID="689785886" NUMBER="14" APARTTYPE="2" OPERTYPEID="10" PREVID="0" NEXTID="0" UPDATEDATE="2025-10-01" STARTDATE="2025-10-01" ENDDATE="2079-06-06" ISACTUAL="1" ISACTIVE="1" /><APARTMENT ID="111812920" OBJECTID="174974770" OBJECTGUID="53845c16-f666-4476-a58c-7a8f2b0cebf7" CHANGEID="689785888" NUMBER="15" APARTTYPE="2" OPERTYPEID="10" PREVID="0" NEXTID="0" UPDATEDATE="2025-10-01" STARTDATE="2025-10-01" ENDDATE="2079-06-06" ISACTUAL="1" ISACTIVE="1" /><APARTMENT ID="111812922" OBJECTID="174974773" OBJECTGUID="29c26494-4277-482e-bc0c-88fb9bdd1991" CHANGEID="689785891" NUMBER="89" APARTTYPE="2" OPERTYPEID="10" PREVID="0" NEXTID="0" UPDATEDATE="2025-10-01" STARTDATE="2025-10-01" ENDDATE="2079-06-06" ISACTUAL="1" ISACTIVE="1" /><APARTMENT ID="111812924" OBJECTID="174974777" OBJECTGUID="6d531256-6ae3-4c16-b51f-b4a0a92e1afd" CHANGEID="689785895" NUMBER="47" APARTTYPE="2" OPERTYPEID="10" PREVID="0" NEXTID="0" UPDATEDATE="2025-10-01" STARTDATE="2025-10-01" ENDDATE="2079-06-06" ISACTUAL="1" ISACTIVE="1" /><APARTMENT ID="111812926" OBJECTID="174974780" OBJECTGUID="d28ac204-671a-42ec-a6bc-ef0866ba178a" CHANGEID="689785898" NUMBER="4" APARTTYPE="2" OPERTYPEID="10" PREVID="0" NEXTID="0" UPDATEDATE="2025-10-01" STARTDATE="2025-10-01" ENDDATE="2079-06-06" ISACTUAL="1" ISACTIVE="1" /><APARTMENT ID="111812928" OBJECTID="174974784" OBJECTGUID="5917ad5b-e9d3-4f95-8666-ac69d6acc506" CHANGEID="689785902" NUMBER="11" APARTTYPE="2" OPERTYPEID="10" PREVID="0" NEXTID="0" UPDATEDATE="2025-10-01" STARTDATE="2025-10-01" ENDDATE="2079-06-06" ISACTUAL="1" ISACTIVE="1" /><APARTMENT ID="111812930" OBJECTID="174974787" OBJECTGUID="98d712d5-93ca-4479-8eed-397bf17ae5c5" CHANGEID="689785905" NUMBER="37" APARTTYPE="2" OPERTYPEID="10" PREVID="0" NEXTID="0" UPDATEDATE="2025-10-01" STARTDATE="2025-10-01" ENDDATE="2079-06-06" ISACTUAL="1" ISACTIVE="1" /><APARTMENT ID="111812932" OBJECTID="174974791" OBJECTGUID="3d82fd25-3c74-4951-8be0-e7c5fe3daaec" CHANGEID="689785909" NUMBER="150" APARTTYPE="2" OPERTYPEID="10" PREVID="0" NEXTID="0" UPDATEDATE="2025-10-01" STARTDATE="2025-10-01" ENDDATE="2079-06-06" ISACTUAL="1" ISACTIVE="1" /><APARTMENT ID="111812934" OBJECTID="174974796" OBJECTGUID="c229f8e7-cc97-446a-804b-c4997a41303b" CHANGEID="689785914" NUMBER="35" APARTTYPE="2" OPERTYPEID="10" PREVID="0" NEXTID="0" UPDATEDATE="2025-10-01" STARTDATE="2025-10-01" ENDDATE="2079-06-06" ISACTUAL="1" ISACTIVE="1" /><APARTMENT ID="111812936" OBJECTID="174974798" OBJECTGUID="5b68c0d4-0351-4441-b512-9de513d3cc55" CHANGEID="689785916" NUMBER="3" APARTTYPE="2" OPERTYPEID="10" PREVID="0" NEXTID="0" UPDATEDATE="2025-10-01" STARTDATE="2025-10-01" ENDDATE="2079-06-06" ISACTUAL="1" ISACTIVE="1" /><APARTMENT ID="111812938" OBJECTID="174974803" OBJECTGUID="c3013d2d-9ce7-4198-8ebd-0a2ab88b3d6e" CHANGEID="689785924" NUMBER="4" APARTTYPE="2" OPERTYPEID="10" PREVID="0" NEXTID="0" UPDATEDATE="2025-10-01" STARTDATE="2025-10-01" ENDDATE="2079-06-06" ISACTUAL="1" ISACTIVE="1" /><APARTMENT ID="111812940" OBJECTID="174974806" OBJECTGUID="2b456028-7735-4c4e-9b93-24acb4ecdeec" CHANGEID="689785928" NUMBER="19" APARTTYPE="2" OPERTYPEID="10" PREVID="0" NEXTID="0" UPDATEDATE="2025-10-01" STARTDATE="2025-10-01" ENDDATE="2079-06-06" ISACTUAL="1" ISACTIVE="1" /><APARTMENT ID="111812921" OBJECTID="174974772" OBJECTGUID="a834ebd0-66b2-43ca-b6fd-ec8ac2ea3df4" CHANGEID="689785890" NUMBER="73" APARTTYPE="2" OPERTYPEID="10" PREVID="0" NEXTID="0" UPDATEDATE="2025-10-01" STARTDATE="2025-10-01" ENDDATE="2079-06-06" ISACTUAL="1" ISACTIVE="1" /><APARTMENT ID="111812923" OBJECTID="174974775" OBJECTGUID="7bd18dca-cfa0-43e9-ba3a-8a72920e1f5f" CHANGEID="689785893" NUMBER="16" APARTTYPE="2" OPERTYPEID="10" PREVID="0" NEXTID="0" UPDATEDATE="2025-10-01" STARTDATE="2025-10-01" ENDDATE="2079-06-06" ISACTUAL="1" ISACTIVE="1" /><APARTMENT ID="111812925" OBJECTID="174974779" OBJECTGUID="e05ec7d5-bd66-480f-ae6f-e20ab63c4ebc" CHANGEID="689785897" NUMBER="16" APARTTYPE="2" OPERTYPEID="10" PREVID="0" NEXTID="0" UPDATEDATE="2025-10-01" STARTDATE="2025-10-01" ENDDATE="2079-06-06" ISACTUAL="1" ISACTIVE="1" /><APARTMENT ID="111812927" OBJECTID="174974782" OBJECTGUID="1e72da00-26c9-43c2-ba6d-080134c80991" CHANGEID="689785900" NUMBER="20" APARTTYPE="2" OPERTYPEID="10" PREVID="0" NEXTID="0" UPDATEDATE="2025-10-01" STARTDATE="2025-10-01" ENDDATE="2079-06-06" ISACTUAL="1" ISACTIVE="1" /><APARTMENT ID="111812929" OBJECTID="174974786" OBJECTGUID="47a2ddca-c65e-4a82-b190-d92299365d95" CHANGEID="689785904" NUMBER="114" APARTTYPE="2" OPERTYPEID="10" PREVID="0" NEXTID="0" UPDATEDATE="2025-10-01" STARTDATE="2025-10-01" ENDDATE="2079-06-06" ISACTUAL="1" ISACTIVE="1" /><APARTMENT ID="111812931" OBJECTID="174974789" OBJECTGUID="7b976d77-1f18-498d-8d9e-9ebac1baeca6" CHANGEID="689785907" NUMBER="12" APARTTYPE="2" OPERTYPEID="10" PREVID="0" NEXTID="0" UPDATEDATE="2025-10-01" STARTDATE="2025-10-01" ENDDATE="2079-06-06" ISACTUAL="1" ISACTIVE="1" /><APARTMENT ID="111812933" OBJECTID="174974794" OBJECTGUID="71f5e339-4d17-4a9e-ac8c-7b0a71ebb6d9" CHANGEID="689785912" NUMBER="54" APARTTYPE="2" OPERTYPEID="10" PREVID="0" NEXTID="0" UPDATEDATE="2025-10-01" STARTDATE="2025-10-01" ENDDATE="2079-06-06" ISACTUAL="1" ISACTIVE="1" /><APARTMENT ID="111812935" OBJECTID="174974797" OBJECTGUID="dce1324b-991d-4cee-951a-3ff4fe86f539" CHANGEID="689785915" NUMBER="14" APARTTYPE="2" OPERTYPEID="10" PREVID="0" NEXTID="0" UPDATEDATE="2025-10-01" STARTDATE="2025-10-01" ENDDATE="2079-06-06" ISACTUAL="1" ISACTIVE="1" /><APARTMENT ID="111812937" OBJECTID="174974799" OBJECTGUID="c23c02a0-a7e5-46a7-a298-7d56cf6593a4" CHANGEID="689785918" NUMBER="26" APARTTYPE="2" OPERTYPEID="10" PREVID="0" NEXTID="0" UPDATEDATE="2025-10-01" STARTDATE="2025-10-01" ENDDATE="2079-06-06" ISACTUAL="1" ISACTIVE="1" /><APARTMENT ID="111812939" OBJECTID="174974805" OBJECTGUID="01605086-530c-4763-9c5c-fc5258f2ae91" CHANGEID="689785926" NUMBER="31" APARTTYPE="2" OPERTYPEID="10" PREVID="0" NEXTID="0" UPDATEDATE="2025-10-01" STARTDATE="2025-10-01" ENDDATE="2079-06-06" ISACTUAL="1" ISACTIVE="1" /><APARTMENT ID="111812941" OBJECTID="174974807" OBJECTGUID="8a0e7207-0f68-45bb-a14b-4c22bbfef552" CHANGEID="689785930" NUMBER="18" APARTTYPE="2" OPERTYPEID="10" PREVID="0" NEXTID="0" UPDATEDATE="2025-10-01" STARTDATE="2025-10-01" ENDDATE="2079-06-06" ISACTUAL="1" ISACTIVE="1" /><APARTMENT ID="111814798" OBJECTID="174981505" OBJECTGUID="51c61872-03b9-4257-a0b8-5463de6f1257" CHANGEID="689799639" NUMBER="12" APARTTYPE="2" OPERTYPEID="10" PREVID="0" NEXTID="0" UPDATEDATE="2025-10-01" STARTDATE="2025-10-01" ENDDATE="2079-06-06" ISACTUAL="1" ISACTIVE="1" /><APARTMENT ID="111814799" OBJECTID="174981506" OBJECTGUID="2afd41d8-46b2-4a78-b859-8eff931c7014" CHANGEID="689799640" NUMBER="7" APARTTYPE="2" OPERTYPEID="10" PREVID="0" NEXTID="0" UPDATEDATE="2025-10-01" STARTDATE="2025-10-01" ENDDATE="2079-06-06" ISACTUAL="1" ISACTIVE="1" /><APARTMENT ID="111814800" OBJECTID="174981507" OBJECTGUID="f0855bd0-545b-46d7-9b59-a7cbfeec50e9" CHANGEID="689799642" NUMBER="6" APARTTYPE="2" OPERTYPEID="10" PREVID="0" NEXTID="0" UPDATEDATE="2025-10-01" STARTDATE="2025-10-01" ENDDATE="2079-06-06" ISACTUAL="1" ISACTIVE="1" /><APARTMENT ID="111814801" OBJECTID="174981508" OBJECTGUID="b7890a9e-6414-4db1-aa56-9ff027b4375d" CHANGEID="689799643" NUMBER="3" APARTTYPE="2" OPERTYPEID="10" PREVID="0" NEXTID="0" UPDATEDATE="2025-10-01" STARTDATE="2025-10-01" ENDDATE="2079-06-06" ISACTUAL="1" ISACTIVE="1" /><APARTMENT ID="111814802" OBJECTID="174981509" OBJECTGUID="2c7dd3af-a757-4860-99f5-d772bd1bef1c" CHANGEID="689799645" NUMBER="4" APARTTYPE="2" OPERTYPEID="10" PREVID="0" NEXTID="0" UPDATEDATE="2025-10-01" STARTDATE="2025-10-01" ENDDATE="2079-06-06" ISACTUAL="1" ISACTIVE="1" /><APARTMENT ID="111814803" OBJECTID="174981510" OBJECTGUID="65ac7bef-1b1f-4d7c-863c-003ef4b3018a" CHANGEID="689799647" NUMBER="36" APARTTYPE="2" OPERTYPEID="10" PREVID="0" NEXTID="0" UPDATEDATE="2025-10-01" STARTDATE="2025-10-01" ENDDATE="2079-06-06" ISACTUAL="1" ISACTIVE="1" /><APARTMENT ID="111814804" OBJECTID="174981511" OBJECTGUID="7dfc84b0-6ee2-446f-b6b3-51bd34d42118" CHANGEID="689799648" NUMBER="77" APARTTYPE="2" OPERTYPEID="10" PREVID="0" NEXTID="0" UPDATEDATE="2025-10-01" STARTDATE="2025-10-01" ENDDATE="2079-06-06" ISACTUAL="1" ISACTIVE="1" /><APARTMENT ID="111814805" OBJECTID="174981512" OBJECTGUID="971e53d6-9406-47a8-9ae1-72b9897b595e" CHANGEID="689799650" NUMBER="35" APARTTYPE="2" OPERTYPEID="10" PREVID="0" NEXTID="0" UPDATEDATE="2025-10-01" STARTDATE="2025-10-01" ENDDATE="2079-06-06" ISACTUAL="1" ISACTIVE="1" /><APARTMENT ID="111814806" OBJECTID="174981513" OBJECTGUID="80087a84-0402-4f6b-8cd4-2105dc4428f3" CHANGEID="689799652" NUMBER="15" APARTTYPE="2" OPERTYPEID="10" PREVID="0" NEXTID="0" UPDATEDATE="2025-10-01" STARTDATE="2025-10-01" ENDDATE="2079-06-06" ISACTUAL="1" ISACTIVE="1" /><APARTMENT ID="111814807" OBJECTID="174981514" OBJECTGUID="a82f3c4a-6056-4ae4-9a24-3a5d1dac9008" CHANGEID="689799654" NUMBER="13" APARTTYPE="2" OPERTYPEID="10" PREVID="0" NEXTID="0" UPDATEDATE="2025-10-01" STARTDATE="2025-10-01" ENDDATE="2079-06-06" ISACTUAL="1" ISACTIVE="1" /><APARTMENT ID="111814808" OBJECTID="174981515" OBJECTGUID="eeee85d1-de50-4fad-9ba0-52da51ba6a47" CHANGEID="689799655" NUMBER="14" APARTTYPE="2" OPERTYPEID="10" PREVID="0" NEXTID="0" UPDATEDATE="2025-10-01" STARTDATE="2025-10-01" ENDDATE="2079-06-06" ISACTUAL="1" ISACTIVE="1" /><APARTMENT ID="111814809" OBJECTID="174981516" OBJECTGUID="8178ccd9-5bcd-48a6-9827-a970f9461672" CHANGEID="689799657" NUMBER="64" APARTTYPE="2" OPERTYPEID="10" PREVID="0" NEXTID="0" UPDATEDATE="2025-10-01" STARTDATE="2025-10-01" ENDDATE="2079-06-06" ISACTUAL="1" ISACTIVE="1" /><APARTMENT ID="111814810" OBJECTID="174981517" OBJECTGUID="2365652e-979e-448f-8a34-266d83ecef13" CHANGEID="689799668" NUMBER="53" APARTTYPE="2" OPERTYPEID="10" PREVID="0" NEXTID="0" UPDATEDATE="2025-10-01" STARTDATE="2025-10-01" ENDDATE="2079-06-06" ISACTUAL="1" ISACTIVE="1" /><APARTMENT ID="111814811" OBJECTID="174981518" OBJECTGUID="abefcf5e-be7c-46c3-a1f9-3dd787bf7040" CHANGEID="689799669" NUMBER="61" APARTTYPE="2" OPERTYPEID="10" PREVID="0" NEXTID="0" UPDATEDATE="2025-10-01" STARTDATE="2025-10-01" ENDDATE="2079-06-06" ISACTUAL="1" ISACTIVE="1" /><APARTMENT ID="111814812" OBJECTID="174981519" OBJECTGUID="d08e1bda-a344-4dab-b62c-66d07eb020d4" CHANGEID="689799671" NUMBER="15" APARTTYPE="2" OPERTYPEID="10" PREVID="0" NEXTID="0" UPDATEDATE="2025-10-01" STARTDATE="2025-10-01" ENDDATE="2079-06-06" ISACTUAL="1" ISACTIVE="1" /><APARTMENT ID="111814813" OBJECTID="174981520" OBJECTGUID="3d40fd1d-394a-4c51-9e1f-5686f18a2286" CHANGEID="689799673" NUMBER="12" APARTTYPE="2" OPERTYPEID="10" PREVID="0" NEXTID="0" UPDATEDATE="2025-10-01" STARTDATE="2025-10-01" ENDDATE="2079-06-06" ISACTUAL="1" ISACTIVE="1" /><APARTMENT ID="111814814" OBJECTID="174981522" OBJECTGUID="8abf94af-1f67-480d-9b6b-d1cb90290ed0" CHANGEID="689799676" NUMBER="68" APARTTYPE="2" OPERTYPEID="10" PREVID="0" NEXTID="0" UPDATEDATE="2025-10-01" STARTDATE="2025-10-01" ENDDATE="2079-06-06" ISACTUAL="1" ISACTIVE="1" /><APARTMENT ID="111814815" OBJECTID="174981523" OBJECTGUID="90dee63c-9b88-42e0-aa5d-f935abb1742f" CHANGEID="689799678" NUMBER="21" APARTTYPE="2" OPERTYPEID="10" PREVID="0" NEXTID="0" UPDATEDATE="2025-10-01" STARTDATE="2025-10-01" ENDDATE="2079-06-06" ISACTUAL="1" ISACTIVE="1" /><APARTMENT ID="111814816" OBJECTID="174981524" OBJECTGUID="08313bba-bfa4-4403-a033-cb484965f6a3" CHANGEID="689799683" NUMBER="53" APARTTYPE="2" OPERTYPEID="10" PREVID="0" NEXTID="0" UPDATEDATE="2025-10-01" STARTDATE="2025-10-01" ENDDATE="2079-06-06" ISACTUAL="1" ISACTIVE="1" /><APARTMENT ID="111814817" OBJECTID="174981525" OBJECTGUID="5d8a8d09-2a38-4330-9594-92fd200994c8" CHANGEID="689799687" NUMBER="76" APARTTYPE="2" OPERTYPEID="10" PREVID="0" NEXTID="0" UPDATEDATE="2025-10-01" STARTDATE="2025-10-01" ENDDATE="2079-06-06" ISACTUAL="1" ISACTIVE="1" /><APARTMENT ID="111815293" OBJECTID="174983107" OBJECTGUID="61c051f3-d166-4244-9448-d58c331243ad" CHANGEID="689802813" NUMBER="58" APARTTYPE="2" OPERTYPEID="10" PREVID="0" NEXTID="0" UPDATEDATE="2025-10-01" STARTDATE="2025-10-01" ENDDATE="2079-06-06" ISACTUAL="1" ISACTIVE="1" /><APARTMENT ID="111815294" OBJECTID="174983108" OBJECTGUID="9e3a52c9-830d-4f69-88d0-35b328d0082a" CHANGEID="689802817" NUMBER="9" APARTTYPE="2" OPERTYPEID="10" PREVID="0" NEXTID="0" UPDATEDATE="2025-10-01" STARTDATE="2025-10-01" ENDDATE="2079-06-06" ISACTUAL="1" ISACTIVE="1" /><APARTMENT ID="111815295" OBJECTID="174983120" OBJECTGUID="c429e229-d7f7-4ce4-bbdc-40c5ad9fa33b" CHANGEID="689802841" NUMBER="156" APARTTYPE="2" OPERTYPEID="10" PREVID="0" NEXTID="0" UPDATEDATE="2025-10-01" STARTDATE="2025-10-01" ENDDATE="2079-06-06" ISACTUAL="1" ISACTIVE="1" /><APARTMENT ID="111815296" OBJECTID="174983121" OBJECTGUID="e6fc9324-b5dc-425c-bcbf-56f23821fb98" CHANGEID="689802843" NUMBER="112" APARTTYPE="1" OPERTYPEID="10" PREVID="0" NEXTID="0" UPDATEDATE="2025-10-01" STARTDATE="2025-10-01" ENDDATE="2079-06-06" ISACTUAL="1" ISACTIVE="1" /><APARTMENT ID="111815297" OBJECTID="174983124" OBJECTGUID="521588c5-7f0f-42a7-a064-10e557c3fd0e" CHANGEID="689802846" NUMBER="42" APARTTYPE="2" OPERTYPEID="10" PREVID="0" NEXTID="0" UPDATEDATE="2025-10-01" STARTDATE="2025-10-01" ENDDATE="2079-06-06" ISACTUAL="1" ISACTIVE="1" /><APARTMENT ID="111815298" OBJECTID="174983130" OBJECTGUID="347104cc-c53d-44d3-842e-43b95363fbe8" CHANGEID="689802852" NUMBER="53" APARTTYPE="2" OPERTYPEID="10" PREVID="0" NEXTID="0" UPDATEDATE="2025-10-01" STARTDATE="2025-10-01" ENDDATE="2079-06-06" ISACTUAL="1" ISACTIVE="1" /><APARTMENT ID="111815299" OBJECTID="174983134" OBJECTGUID="87e3afa3-8e54-484a-8f68-4c2ace38f2a6" CHANGEID="689802857" NUMBER="33" APARTTYPE="2" OPERTYPEID="10" PREVID="0" NEXTID="0" UPDATEDATE="2025-10-01" STARTDATE="2025-10-01" ENDDATE="2079-06-06" ISACTUAL="1" ISACTIVE="1" /><APARTMENT ID="111815300" OBJECTID="174983148" OBJECTGUID="61bdbc48-297c-429f-a3ac-003905355ec7" CHANGEID="689802880" NUMBER="70" APARTTYPE="2" OPERTYPEID="10" PREVID="0" NEXTID="0" UPDATEDATE="2025-10-01" STARTDATE="2025-10-01" ENDDATE="2079-06-06" ISACTUAL="1" ISACTIVE="1" /><APARTMENT ID="111815303" OBJECTID="174983167" OBJECTGUID="abda448d-fbac-409a-b4a3-8a357f89e956" CHANGEID="689802900" NUMBER="19" APARTTYPE="2" OPERTYPEID="10" PREVID="0" NEXTID="0" UPDATEDATE="2025-10-01" STARTDATE="2025-10-01" ENDDATE="2079-06-06" ISACTUAL="1" ISACTIVE="1" /><APARTMENT ID="111815305" OBJECTID="174983183" OBJECTGUID="ce3b846c-1e5a-4dcc-9cb8-85c66eaf625b" CHANGEID="689802918" NUMBER="409" APARTTYPE="2" OPERTYPEID="10" PREVID="0" NEXTID="0" UPDATEDATE="2025-10-01" STARTDATE="2025-10-01" ENDDATE="2079-06-06" ISACTUAL="1" ISACTIVE="1" /><APARTMENT ID="111815306" OBJECTID="174983187" OBJECTGUID="a09bb1e2-949c-425d-ac66-bae4e4fb219b" CHANGEID="689802923" NUMBER="41" APARTTYPE="2" OPERTYPEID="10" PREVID="0" NEXTID="0" UPDATEDATE="2025-10-01" STARTDATE="2025-10-01" ENDDATE="2079-06-06" ISACTUAL="1" ISACTIVE="1" /><APARTMENT ID="111815308" OBJECTID="174983209" OBJECTGUID="4310c74c-b444-4034-b9f2-eb83491dd7a5" CHANGEID="689802949" NUMBER="78" APARTTYPE="2" OPERTYPEID="10" PREVID="0" NEXTID="0" UPDATEDATE="2025-10-01" STARTDATE="2025-10-01" ENDDATE="2079-06-06" ISACTUAL="1" ISACTIVE="1" /><APARTMENT ID="111815301" OBJECTID="174983154" OBJECTGUID="2d340a55-09d3-4826-aa77-5296b2b27257" CHANGEID="689802886" NUMBER="20" APARTTYPE="2" OPERTYPEID="10" PREVID="0" NEXTID="0" UPDATEDATE="2025-10-01" STARTDATE="2025-10-01" ENDDATE="2079-06-06" ISACTUAL="1" ISACTIVE="1" /><APARTMENT ID="111815302" OBJECTID="174983162" OBJECTGUID="b96cf745-1e93-474d-b303-662b5dff622e" CHANGEID="689802895" NUMBER="18" APARTTYPE="2" OPERTYPEID="10" PREVID="0" NEXTID="0" UPDATEDATE="2025-10-01" STARTDATE="2025-10-01" ENDDATE="2079-06-06" ISACTUAL="1" ISACTIVE="1" /><APARTMENT ID="111815304" OBJECTID="174983180" OBJECTGUID="fb80f190-08e4-44a5-b61c-77e3261979ff" CHANGEID="689802915" NUMBER="66" APARTTYPE="2" OPERTYPEID="10" PREVID="0" NEXTID="0" UPDATEDATE="2025-10-01" STARTDATE="2025-10-01" ENDDATE="2079-06-06" ISACTUAL="1" ISACTIVE="1" /><APARTMENT ID="111815307" OBJECTID="174983199" OBJECTGUID="75c89eb0-dfed-4b80-ae2d-300e4e6b983e" CHANGEID="689802937" NUMBER="10" APARTTYPE="2" OPERTYPEID="10" PREVID="0" NEXTID="0" UPDATEDATE="2025-10-01" STARTDATE="2025-10-01" ENDDATE="2079-06-06" ISACTUAL="1" ISACTIVE="1" /><APARTMENT ID="111815309" OBJECTID="174983216" OBJECTGUID="c84905fe-ad36-4e69-bb60-0a68fc60696e" CHANGEID="689802958" NUMBER="11" APARTTYPE="2" OPERTYPEID="10" PREVID="0" NEXTID="0" UPDATEDATE="2025-10-01" STARTDATE="2025-10-01" ENDDATE="2079-06-06" ISACTUAL="1" ISACTIVE="1" /><APARTMENT ID="111815310" OBJECTID="174983220" OBJECTGUID="94d87c96-9a9b-41d3-8be4-655c0cd88a55" CHANGEID="689802965" NUMBER="2" APARTTYPE="2" OPERTYPEID="10" PREVID="0" NEXTID="0" UPDATEDATE="2025-10-01" STARTDATE="2025-10-01" ENDDATE="2079-06-06" ISACTUAL="1" ISACTIVE="1" /><APARTMENT ID="111815906" OBJECTID="174983995" OBJECTGUID="240cfe93-9a87-479a-bf16-daa192772e09" CHANGEID="689805425" NUMBER="21" APARTTYPE="2" OPERTYPEID="10" PREVID="0" NEXTID="0" UPDATEDATE="2025-10-01" STARTDATE="2025-10-01" ENDDATE="2079-06-06" ISACTUAL="1" ISACTIVE="1" /><APARTMENT ID="111815907" OBJECTID="174983997" OBJECTGUID="cb85819a-840e-4abf-b1f7-11bf36a92748" CHANGEID="689805428" NUMBER="41" APARTTYPE="2" OPERTYPEID="10" PREVID="0" NEXTID="0" UPDATEDATE="2025-10-01" STARTDATE="2025-10-01" ENDDATE="2079-06-06" ISACTUAL="1" ISACTIVE="1" /><APARTMENT ID="111815908" OBJECTID="174983998" OBJECTGUID="330a328b-e6ae-473b-99d5-7e80bc4158b6" CHANGEID="689805429" NUMBER="15" APARTTYPE="2" OPERTYPEID="10" PREVID="0" NEXTID="0" UPDATEDATE="2025-10-01" STARTDATE="2025-10-01" ENDDATE="2079-06-06" ISACTUAL="1" ISACTIVE="1" /><APARTMENT ID="111815909" OBJECTID="174983999" OBJECTGUID="420b9704-da1a-49a5-ae66-8c99cc76b268" CHANGEID="689805430" NUMBER="76" APARTTYPE="2" OPERTYPEID="10" PREVID="0" NEXTID="0" UPDATEDATE="2025-10-01" STARTDATE="2025-10-01" ENDDATE="2079-06-06" ISACTUAL="1" ISACTIVE="1" /><APARTMENT ID="111815910" OBJECTID="174984005" OBJECTGUID="2d27067c-afbd-45dd-949f-e8a66c903d4f" CHANGEID="689805436" NUMBER="4" APARTTYPE="2" OPERTYPEID="10" PREVID="0" NEXTID="0" UPDATEDATE="2025-10-01" STARTDATE="2025-10-01" ENDDATE="2079-06-06" ISACTUAL="1" ISACTIVE="1" /><APARTMENT ID="111815911" OBJECTID="174984010" OBJECTGUID="0402d6e1-221d-4565-b293-5fbadf70face" CHANGEID="689805441" NUMBER="9" APARTTYPE="2" OPERTYPEID="10" PREVID="0" NEXTID="0" UPDATEDATE="2025-10-01" STARTDATE="2025-10-01" ENDDATE="2079-06-06" ISACTUAL="1" ISACTIVE="1" /><APARTMENT ID="111816403" OBJECTID="174985819" OBJECTGUID="b4dc2aac-646d-42b7-8dd4-e80566119591" CHANGEID="689809009" NUMBER="12" APARTTYPE="2" OPERTYPEID="10" PREVID="0" NEXTID="0" UPDATEDATE="2025-10-01" STARTDATE="2025-10-01" ENDDATE="2079-06-06" ISACTUAL="1" ISACTIVE="1" /><APARTMENT ID="111816404" OBJECTID="174985820" OBJECTGUID="23df7348-68f2-41d2-979e-f5ae9d5a0642" CHANGEID="689809010" NUMBER="4" APARTTYPE="2" OPERTYPEID="10" PREVID="0" NEXTID="0" UPDATEDATE="2025-10-01" STARTDATE="2025-10-01" ENDDATE="2079-06-06" ISACTUAL="1" ISACTIVE="1" /></APARTMENTS>