﻿<?xml version="1.0" encoding="utf-8"?><STEADS><STEAD ID="74170149" OBJECTID="174922322" OBJECTGUID="7ef001b1-ba63-43c9-b3ba-c13cb2a71779" CHANGEID="689649971" NUMBER="135/30" OPERTYPEID="10" PREVID="0" NEXTID="0" UPDATEDATE="2025-09-29" STARTDATE="2025-09-29" ENDDATE="2079-06-06" ISACTUAL="1" ISACTIVE="1" /><STEAD ID="74170151" OBJECTID="174922324" OBJECTGUID="ac82e9d2-4c83-41bb-8a41-b32b3deea525" CHANGEID="689649973" NUMBER="71/1" OPERTYPEID="10" PREVID="0" NEXTID="0" UPDATEDATE="2025-09-29" STARTDATE="2025-09-29" ENDDATE="2079-06-06" ISACTUAL="1" ISACTIVE="1" /><STEAD ID="74170220" OBJECTID="174922749" OBJECTGUID="863c3525-308d-4be9-b6ae-79861e3c5bfe" CHANGEID="689650539" NUMBER="4" OPERTYPEID="10" PREVID="0" NEXTID="0" UPDATEDATE="2025-09-29" STARTDATE="2025-09-29" ENDDATE="2079-06-06" ISACTUAL="1" ISACTIVE="1" /><STEAD ID="74171069" OBJECTID="174924853" OBJECTGUID="56a043c4-d978-4e1f-ad6e-636e64dfde91" CHANGEID="689653631" NUMBER="3" OPERTYPEID="10" PREVID="0" NEXTID="0" UPDATEDATE="2025-09-29" STARTDATE="2025-09-29" ENDDATE="2079-06-06" ISACTUAL="1" ISACTIVE="1" /><STEAD ID="74171570" OBJECTID="174926226" OBJECTGUID="03c6b75a-8da1-4e94-8f84-0cd7ba7bc94c" CHANGEID="689655978" NUMBER="7" OPERTYPEID="10" PREVID="0" NEXTID="0" UPDATEDATE="2025-09-29" STARTDATE="2025-09-29" ENDDATE="2079-06-06" ISACTUAL="1" ISACTIVE="1" /><STEAD ID="74171571" OBJECTID="174926227" OBJECTGUID="c77bcf13-9104-433f-b26c-f30f382055de" CHANGEID="689655979" NUMBER="1А" OPERTYPEID="10" PREVID="0" NEXTID="0" UPDATEDATE="2025-09-29" STARTDATE="2025-09-29" ENDDATE="2079-06-06" ISACTUAL="1" ISACTIVE="1" /><STEAD ID="74171572" OBJECTID="174926228" OBJECTGUID="735c2e4b-834c-4e7f-98b5-f54529f2c7ed" CHANGEID="689655980" NUMBER="130/1" OPERTYPEID="10" PREVID="0" NEXTID="0" UPDATEDATE="2025-09-29" STARTDATE="2025-09-29" ENDDATE="2079-06-06" ISACTUAL="1" ISACTIVE="1" /><STEAD ID="74171573" OBJECTID="174926229" OBJECTGUID="823d2657-96bd-4afe-b396-9804cad3230a" CHANGEID="689655981" NUMBER="130" OPERTYPEID="10" PREVID="0" NEXTID="0" UPDATEDATE="2025-09-29" STARTDATE="2025-09-29" ENDDATE="2079-06-06" ISACTUAL="1" ISACTIVE="1" /><STEAD ID="74171574" OBJECTID="174926230" OBJECTGUID="3170fcf9-0d80-4ac6-a244-10bcab3ced1e" CHANGEID="689656011" NUMBER="16" OPERTYPEID="10" PREVID="0" NEXTID="0" UPDATEDATE="2025-09-29" STARTDATE="2025-09-29" ENDDATE="2079-06-06" ISACTUAL="1" ISACTIVE="1" /><STEAD ID="74171575" OBJECTID="174926231" OBJECTGUID="117b0435-32c8-463f-992f-d238e7da4679" CHANGEID="689656072" NUMBER="35" OPERTYPEID="10" PREVID="0" NEXTID="0" UPDATEDATE="2025-09-29" STARTDATE="2025-09-29" ENDDATE="2079-06-06" ISACTUAL="1" ISACTIVE="1" /><STEAD ID="74171576" OBJECTID="174926232" OBJECTGUID="86cbc5e9-20d7-4ba2-8044-267ae1acfd37" CHANGEID="689656092" NUMBER="35/1" OPERTYPEID="10" PREVID="0" NEXTID="0" UPDATEDATE="2025-09-29" STARTDATE="2025-09-29" ENDDATE="2079-06-06" ISACTUAL="1" ISACTIVE="1" /><STEAD ID="74171577" OBJECTID="174926233" OBJECTGUID="b4b9fc0a-5ff8-4543-a08e-a625c03480f7" CHANGEID="689656107" NUMBER="14А" OPERTYPEID="10" PREVID="0" NEXTID="0" UPDATEDATE="2025-09-29" STARTDATE="2025-09-29" ENDDATE="2079-06-06" ISACTUAL="1" ISACTIVE="1" /><STEAD ID="74171578" OBJECTID="174926234" OBJECTGUID="9943e13f-afd0-4219-8d97-9f4f32035c9b" CHANGEID="689656123" NUMBER="2" OPERTYPEID="10" PREVID="0" NEXTID="0" UPDATEDATE="2025-09-29" STARTDATE="2025-09-29" ENDDATE="2079-06-06" ISACTUAL="1" ISACTIVE="1" /><STEAD ID="74171674" OBJECTID="174927452" OBJECTGUID="28ef936f-359c-41df-8d6e-04f5324a27e4" CHANGEID="689662572" NUMBER="15" OPERTYPEID="10" PREVID="0" NEXTID="0" UPDATEDATE="2025-09-29" STARTDATE="2025-09-29" ENDDATE="2079-06-06" ISACTUAL="1" ISACTIVE="1" /><STEAD ID="74171677" OBJECTID="174927455" OBJECTGUID="865a06c8-91f0-4698-b91f-09b4fbf4c6f7" CHANGEID="689662575" NUMBER="17" OPERTYPEID="10" PREVID="0" NEXTID="0" UPDATEDATE="2025-09-29" STARTDATE="2025-09-29" ENDDATE="2079-06-06" ISACTUAL="1" ISACTIVE="1" /><STEAD ID="74171678" OBJECTID="174927456" OBJECTGUID="3908ee54-29ff-4604-b22b-d77eae595450" CHANGEID="689662577" NUMBER="102" OPERTYPEID="10" PREVID="0" NEXTID="0" UPDATEDATE="2025-09-29" STARTDATE="2025-09-29" ENDDATE="2079-06-06" ISACTUAL="1" ISACTIVE="1" /><STEAD ID="74171679" OBJECTID="174927457" OBJECTGUID="01a5419f-a32f-4112-b999-c2b11670d6cd" CHANGEID="689662578" NUMBER="85" OPERTYPEID="10" PREVID="0" NEXTID="0" UPDATEDATE="2025-09-29" STARTDATE="2025-09-29" ENDDATE="2079-06-06" ISACTUAL="1" ISACTIVE="1" /><STEAD ID="74171680" OBJECTID="174927458" OBJECTGUID="7f388d25-6d48-4a9a-9c37-48e4c5070293" CHANGEID="689662580" NUMBER="53" OPERTYPEID="10" PREVID="0" NEXTID="0" UPDATEDATE="2025-09-29" STARTDATE="2025-09-29" ENDDATE="2079-06-06" ISACTUAL="1" ISACTIVE="1" /><STEAD ID="74171681" OBJECTID="174927459" OBJECTGUID="c6064b2e-b9fc-4866-b497-0ca66879ee70" CHANGEID="689662581" NUMBER="41" OPERTYPEID="10" PREVID="0" NEXTID="0" UPDATEDATE="2025-09-29" STARTDATE="2025-09-29" ENDDATE="2079-06-06" ISACTUAL="1" ISACTIVE="1" /><STEAD ID="74171682" OBJECTID="174927462" OBJECTGUID="3f8a2ec1-5abd-4fb3-88a0-5082dc698229" CHANGEID="689662587" NUMBER="54/1" OPERTYPEID="10" PREVID="0" NEXTID="0" UPDATEDATE="2025-09-29" STARTDATE="2025-09-29" ENDDATE="2079-06-06" ISACTUAL="1" ISACTIVE="1" /><STEAD ID="74172762" OBJECTID="174929501" OBJECTGUID="e7e107ed-2a89-41e6-bd6d-a07c0e8351c8" CHANGEID="689667632" NUMBER="172" OPERTYPEID="10" PREVID="0" NEXTID="0" UPDATEDATE="2025-09-29" STARTDATE="2025-09-29" ENDDATE="2079-06-06" ISACTUAL="1" ISACTIVE="1" /><STEAD ID="74184522" OBJECTID="174951776" OBJECTGUID="19e2a198-1f8a-4c99-bdb5-e7f775c02c72" CHANGEID="689714586" NUMBER="48А" OPERTYPEID="10" PREVID="0" NEXTID="0" UPDATEDATE="2025-09-30" STARTDATE="2025-09-30" ENDDATE="2079-06-06" ISACTUAL="1" ISACTIVE="1" /><STEAD ID="74184526" OBJECTID="174951780" OBJECTGUID="d6ce9746-c488-4942-98a7-353d31012e83" CHANGEID="689714592" NUMBER="34/2" OPERTYPEID="10" PREVID="0" NEXTID="0" UPDATEDATE="2025-09-30" STARTDATE="2025-09-30" ENDDATE="2079-06-06" ISACTUAL="1" ISACTIVE="1" /><STEAD ID="74184533" OBJECTID="174951787" OBJECTGUID="39df59dd-9f5f-4858-861d-7b60cfbdd452" CHANGEID="689714642" NUMBER="68" OPERTYPEID="10" PREVID="0" NEXTID="0" UPDATEDATE="2025-09-30" STARTDATE="2025-09-30" ENDDATE="2079-06-06" ISACTUAL="1" ISACTIVE="1" /><STEAD ID="74184536" OBJECTID="174951790" OBJECTGUID="a531534b-02e2-47e4-8c43-412de579aa4e" CHANGEID="689714779" NUMBER="16" OPERTYPEID="10" PREVID="0" NEXTID="0" UPDATEDATE="2025-09-30" STARTDATE="2025-09-30" ENDDATE="2079-06-06" ISACTUAL="1" ISACTIVE="1" /><STEAD ID="74185474" OBJECTID="174953103" OBJECTGUID="6c4af325-64b5-481c-9dd4-c72801c7c4fb" CHANGEID="689718781" NUMBER="25А" OPERTYPEID="10" PREVID="0" NEXTID="0" UPDATEDATE="2025-09-30" STARTDATE="2025-09-30" ENDDATE="2079-06-06" ISACTUAL="1" ISACTIVE="1" /><STEAD ID="74185475" OBJECTID="174953104" OBJECTGUID="96a5db1a-9f52-4fe5-8571-f05cbdd5cb78" CHANGEID="689718783" NUMBER="13/1" OPERTYPEID="10" PREVID="0" NEXTID="0" UPDATEDATE="2025-09-30" STARTDATE="2025-09-30" ENDDATE="2079-06-06" ISACTUAL="1" ISACTIVE="1" /><STEAD ID="74185476" OBJECTID="174953105" OBJECTGUID="99f59d7a-16fa-4305-ad4c-1c2b5602243f" CHANGEID="689718784" NUMBER="13" OPERTYPEID="10" PREVID="0" NEXTID="0" UPDATEDATE="2025-09-30" STARTDATE="2025-09-30" ENDDATE="2079-06-06" ISACTUAL="1" ISACTIVE="1" /><STEAD ID="74185477" OBJECTID="174953106" OBJECTGUID="5d9b2aa7-d033-40be-9b83-2579b62215f9" CHANGEID="689718786" NUMBER="8" OPERTYPEID="10" PREVID="0" NEXTID="0" UPDATEDATE="2025-09-30" STARTDATE="2025-09-30" ENDDATE="2079-06-06" ISACTUAL="1" ISACTIVE="1" /><STEAD ID="74185478" OBJECTID="174953107" OBJECTGUID="b4132a52-dce7-4ee0-ae2d-9dc099fbbf05" CHANGEID="689718787" NUMBER="8/1" OPERTYPEID="10" PREVID="0" NEXTID="0" UPDATEDATE="2025-09-30" STARTDATE="2025-09-30" ENDDATE="2079-06-06" ISACTUAL="1" ISACTIVE="1" /><STEAD ID="74185479" OBJECTID="174953108" OBJECTGUID="a3b09329-78fa-40d5-ac04-97dfad79c0ad" CHANGEID="689718788" NUMBER="7/1" OPERTYPEID="10" PREVID="0" NEXTID="0" UPDATEDATE="2025-09-30" STARTDATE="2025-09-30" ENDDATE="2079-06-06" ISACTUAL="1" ISACTIVE="1" /><STEAD ID="74185480" OBJECTID="174953109" OBJECTGUID="cf7821a1-b9cd-4e1b-ab33-538894581562" CHANGEID="689718789" NUMBER="7" OPERTYPEID="10" PREVID="0" NEXTID="0" UPDATEDATE="2025-09-30" STARTDATE="2025-09-30" ENDDATE="2079-06-06" ISACTUAL="1" ISACTIVE="1" /><STEAD ID="74185481" OBJECTID="174953111" OBJECTGUID="9d8654bf-6896-4b6a-a9d4-dd6a29db8ecb" CHANGEID="689718791" NUMBER="3А" OPERTYPEID="10" PREVID="0" NEXTID="0" UPDATEDATE="2025-09-30" STARTDATE="2025-09-30" ENDDATE="2079-06-06" ISACTUAL="1" ISACTIVE="1" /><STEAD ID="74185494" OBJECTID="174953136" OBJECTGUID="b9ae3741-e0c7-4dbc-acf8-74369b55dc82" CHANGEID="689718824" NUMBER="20/1" OPERTYPEID="10" PREVID="0" NEXTID="0" UPDATEDATE="2025-09-30" STARTDATE="2025-09-30" ENDDATE="2079-06-06" ISACTUAL="1" ISACTIVE="1" /><STEAD ID="74185495" OBJECTID="174953137" OBJECTGUID="45a10a6a-c55c-4c62-8bba-78f98c7328d7" CHANGEID="689718826" NUMBER="20" OPERTYPEID="10" PREVID="0" NEXTID="0" UPDATEDATE="2025-09-30" STARTDATE="2025-09-30" ENDDATE="2079-06-06" ISACTUAL="1" ISACTIVE="1" /><STEAD ID="74185496" OBJECTID="174953138" OBJECTGUID="33f2cb9b-e91e-4499-bee6-b14c8c18ab9e" CHANGEID="689718827" NUMBER="29" OPERTYPEID="10" PREVID="0" NEXTID="0" UPDATEDATE="2025-09-30" STARTDATE="2025-09-30" ENDDATE="2079-06-06" ISACTUAL="1" ISACTIVE="1" /><STEAD ID="74185497" OBJECTID="174953141" OBJECTGUID="d67075e3-7f1c-46be-83f6-2cda1b6f2e4b" CHANGEID="689718834" NUMBER="50" OPERTYPEID="10" PREVID="0" NEXTID="0" UPDATEDATE="2025-09-30" STARTDATE="2025-09-30" ENDDATE="2079-06-06" ISACTUAL="1" ISACTIVE="1" /><STEAD ID="74185500" OBJECTID="174953145" OBJECTGUID="6564593c-2f58-4f2d-8b7f-b65549af2da7" CHANGEID="689718841" NUMBER="277" OPERTYPEID="10" PREVID="0" NEXTID="0" UPDATEDATE="2025-09-30" STARTDATE="2025-09-30" ENDDATE="2079-06-06" ISACTUAL="1" ISACTIVE="1" /><STEAD ID="74185501" OBJECTID="174953146" OBJECTGUID="0c405880-a1d6-4c9f-a029-d24485643e23" CHANGEID="689718846" NUMBER="22/1" OPERTYPEID="10" PREVID="0" NEXTID="0" UPDATEDATE="2025-09-30" STARTDATE="2025-09-30" ENDDATE="2079-06-06" ISACTUAL="1" ISACTIVE="1" /><STEAD ID="74185502" OBJECTID="174953147" OBJECTGUID="f8d8fb1b-b8ab-438e-890a-5b7010583c29" CHANGEID="689718847" NUMBER="22" OPERTYPEID="10" PREVID="0" NEXTID="0" UPDATEDATE="2025-09-30" STARTDATE="2025-09-30" ENDDATE="2079-06-06" ISACTUAL="1" ISACTIVE="1" /><STEAD ID="74185505" OBJECTID="174953151" OBJECTGUID="ce31929a-0c83-484a-bdc2-a38d6ed553a5" CHANGEID="689718853" NUMBER="38" OPERTYPEID="10" PREVID="0" NEXTID="0" UPDATEDATE="2025-09-30" STARTDATE="2025-09-30" ENDDATE="2079-06-06" ISACTUAL="1" ISACTIVE="1" /><STEAD ID="74185507" OBJECTID="174953154" OBJECTGUID="b3c126f4-d65d-4f38-adcb-280bdbc5622b" CHANGEID="689718857" NUMBER="82/1" OPERTYPEID="10" PREVID="0" NEXTID="0" UPDATEDATE="2025-09-30" STARTDATE="2025-09-30" ENDDATE="2079-06-06" ISACTUAL="1" ISACTIVE="1" /><STEAD ID="74185508" OBJECTID="174953156" OBJECTGUID="e70ac86e-d7cc-4510-8fa6-5f173709c518" CHANGEID="689718860" NUMBER="58" OPERTYPEID="10" PREVID="0" NEXTID="0" UPDATEDATE="2025-09-30" STARTDATE="2025-09-30" ENDDATE="2079-06-06" ISACTUAL="1" ISACTIVE="1" /><STEAD ID="74185509" OBJECTID="174953158" OBJECTGUID="307a4423-7f09-4faa-ba0c-5dae89a7a8ee" CHANGEID="689718864" NUMBER="73" OPERTYPEID="10" PREVID="0" NEXTID="0" UPDATEDATE="2025-09-30" STARTDATE="2025-09-30" ENDDATE="2079-06-06" ISACTUAL="1" ISACTIVE="1" /><STEAD ID="74185514" OBJECTID="174953163" OBJECTGUID="9dc99738-b0aa-4e1b-bbd2-4d9b1f4ea96d" CHANGEID="689718870" NUMBER="282" OPERTYPEID="10" PREVID="0" NEXTID="0" UPDATEDATE="2025-09-30" STARTDATE="2025-09-30" ENDDATE="2079-06-06" ISACTUAL="1" ISACTIVE="1" /><STEAD ID="74185519" OBJECTID="174953168" OBJECTGUID="adba0653-a952-441f-9ccd-7b1156a78840" CHANGEID="689718875" NUMBER="57" OPERTYPEID="10" PREVID="0" NEXTID="0" UPDATEDATE="2025-09-30" STARTDATE="2025-09-30" ENDDATE="2079-06-06" ISACTUAL="1" ISACTIVE="1" /><STEAD ID="74185541" OBJECTID="174953190" OBJECTGUID="63754e19-d41a-4cdd-b007-930176e3b71c" CHANGEID="689718919" NUMBER="10" OPERTYPEID="10" PREVID="0" NEXTID="0" UPDATEDATE="2025-09-30" STARTDATE="2025-09-30" ENDDATE="2079-06-06" ISACTUAL="1" ISACTIVE="1" /><STEAD ID="74185542" OBJECTID="174953191" OBJECTGUID="5804de62-5cd1-45ce-b481-2bb3cd6f915d" CHANGEID="689718925" NUMBER="90" OPERTYPEID="10" PREVID="0" NEXTID="0" UPDATEDATE="2025-09-30" STARTDATE="2025-09-30" ENDDATE="2079-06-06" ISACTUAL="1" ISACTIVE="1" /><STEAD ID="74185543" OBJECTID="174953192" OBJECTGUID="6af989fb-3502-4b5a-9b6d-5d82e54ddba7" CHANGEID="689718929" NUMBER="37" OPERTYPEID="10" PREVID="0" NEXTID="0" UPDATEDATE="2025-09-30" STARTDATE="2025-09-30" ENDDATE="2079-06-06" ISACTUAL="1" ISACTIVE="1" /><STEAD ID="74186387" OBJECTID="174954473" OBJECTGUID="a8d09140-3df9-4337-a3ae-2170b8ffe487" CHANGEID="689721359" NUMBER="17А" OPERTYPEID="10" PREVID="0" NEXTID="0" UPDATEDATE="2025-09-30" STARTDATE="2025-09-30" ENDDATE="2079-06-06" ISACTUAL="1" ISACTIVE="1" /><STEAD ID="74186406" OBJECTID="174954504" OBJECTGUID="b359f604-f8c8-4476-9ac7-9aa0da4a8d8d" CHANGEID="689721407" NUMBER="39/31" OPERTYPEID="10" PREVID="0" NEXTID="0" UPDATEDATE="2025-09-30" STARTDATE="2025-09-30" ENDDATE="2079-06-06" ISACTUAL="1" ISACTIVE="1" /><STEAD ID="74186408" OBJECTID="174954508" OBJECTGUID="b3ff4031-f2d3-4f90-9b68-acd74e0710fb" CHANGEID="689721412" NUMBER="55/7" OPERTYPEID="10" PREVID="0" NEXTID="0" UPDATEDATE="2025-09-30" STARTDATE="2025-09-30" ENDDATE="2079-06-06" ISACTUAL="1" ISACTIVE="1" /><STEAD ID="74186451" OBJECTID="174954581" OBJECTGUID="573d5a03-a793-4d6a-9879-527d93625ed4" CHANGEID="689721513" NUMBER="94" OPERTYPEID="10" PREVID="0" NEXTID="0" UPDATEDATE="2025-09-30" STARTDATE="2025-09-30" ENDDATE="2079-06-06" ISACTUAL="1" ISACTIVE="1" /><STEAD ID="74186455" OBJECTID="174954589" OBJECTGUID="2c044229-27a4-49b5-b9bc-8e11afa8a500" CHANGEID="689721566" NUMBER="30" OPERTYPEID="10" PREVID="0" NEXTID="0" UPDATEDATE="2025-09-30" STARTDATE="2025-09-30" ENDDATE="2079-06-06" ISACTUAL="1" ISACTIVE="1" /><STEAD ID="74186456" OBJECTID="174954590" OBJECTGUID="0ee115f4-ad97-47f9-9867-6f2982d6e0df" CHANGEID="689721575" NUMBER="79А" OPERTYPEID="10" PREVID="0" NEXTID="0" UPDATEDATE="2025-09-30" STARTDATE="2025-09-30" ENDDATE="2079-06-06" ISACTUAL="1" ISACTIVE="1" /><STEAD ID="74186457" OBJECTID="174954591" OBJECTGUID="4fd68562-9274-4ef0-b2c9-ebdc533c0692" CHANGEID="689721581" NUMBER="16Д" OPERTYPEID="10" PREVID="0" NEXTID="0" UPDATEDATE="2025-09-30" STARTDATE="2025-09-30" ENDDATE="2079-06-06" ISACTUAL="1" ISACTIVE="1" /><STEAD ID="74186465" OBJECTID="174954598" OBJECTGUID="0c343007-9bb4-4050-9c9e-63f9f66bd796" CHANGEID="689721685" NUMBER="144" OPERTYPEID="10" PREVID="0" NEXTID="0" UPDATEDATE="2025-09-30" STARTDATE="2025-09-30" ENDDATE="2079-06-06" ISACTUAL="1" ISACTIVE="1" /><STEAD ID="74186468" OBJECTID="174954601" OBJECTGUID="6289ed85-55cc-4c87-a556-e7cf1ff7f838" CHANGEID="689721707" NUMBER="30" OPERTYPEID="10" PREVID="0" NEXTID="0" UPDATEDATE="2025-09-30" STARTDATE="2025-09-30" ENDDATE="2079-06-06" ISACTUAL="1" ISACTIVE="1" /><STEAD ID="74186445" OBJECTID="174954566" OBJECTGUID="c64e281b-c571-47cb-93ae-c12976dd350e" CHANGEID="689721479" NUMBER="110" OPERTYPEID="10" PREVID="0" NEXTID="0" UPDATEDATE="2025-09-30" STARTDATE="2025-09-30" ENDDATE="2079-06-06" ISACTUAL="1" ISACTIVE="1" /><STEAD ID="74186450" OBJECTID="174954580" OBJECTGUID="51a93e60-11a4-4b03-ae58-ce279fe1405e" CHANGEID="689721512" NUMBER="56А" OPERTYPEID="10" PREVID="0" NEXTID="0" UPDATEDATE="2025-09-30" STARTDATE="2025-09-30" ENDDATE="2079-06-06" ISACTUAL="1" ISACTIVE="1" /><STEAD ID="74186462" OBJECTID="174954595" OBJECTGUID="3bcad729-e00e-4909-8435-198dcb3a717c" CHANGEID="689721668" NUMBER="13" OPERTYPEID="10" PREVID="0" NEXTID="0" UPDATEDATE="2025-09-30" STARTDATE="2025-09-30" ENDDATE="2079-06-06" ISACTUAL="1" ISACTIVE="1" /><STEAD ID="74186463" OBJECTID="174954596" OBJECTGUID="344509d1-b45f-4bab-bda1-5d2058e4142c" CHANGEID="689721678" NUMBER="56" OPERTYPEID="10" PREVID="0" NEXTID="0" UPDATEDATE="2025-09-30" STARTDATE="2025-09-30" ENDDATE="2079-06-06" ISACTUAL="1" ISACTIVE="1" /><STEAD ID="74186464" OBJECTID="174954597" OBJECTGUID="4d5a860a-39f5-44c8-8d5e-0ce5d4ca332b" CHANGEID="689721682" NUMBER="202А" OPERTYPEID="10" PREVID="0" NEXTID="0" UPDATEDATE="2025-09-30" STARTDATE="2025-09-30" ENDDATE="2079-06-06" ISACTUAL="1" ISACTIVE="1" /><STEAD ID="74186466" OBJECTID="174954599" OBJECTGUID="92b23fc4-a8a5-4470-abcf-e5f36d059c79" CHANGEID="689721688" NUMBER="147" OPERTYPEID="10" PREVID="0" NEXTID="0" UPDATEDATE="2025-09-30" STARTDATE="2025-09-30" ENDDATE="2079-06-06" ISACTUAL="1" ISACTIVE="1" /><STEAD ID="74186467" OBJECTID="174954600" OBJECTGUID="c9c0b7a8-9561-4e8f-a8aa-87e63fc3cd83" CHANGEID="689721702" NUMBER="33" OPERTYPEID="10" PREVID="0" NEXTID="0" UPDATEDATE="2025-09-30" STARTDATE="2025-09-30" ENDDATE="2079-06-06" ISACTUAL="1" ISACTIVE="1" /><STEAD ID="74187004" OBJECTID="174955387" OBJECTGUID="367c9b54-07fe-4696-9c77-8e959e7af583" CHANGEID="689723560" NUMBER="132Б" OPERTYPEID="10" PREVID="0" NEXTID="0" UPDATEDATE="2025-09-30" STARTDATE="2025-09-30" ENDDATE="2079-06-06" ISACTUAL="1" ISACTIVE="1" /></STEADS>