﻿<?xml version="1.0" encoding="utf-8"?><APARTMENTS><APARTMENT ID="50296675" OBJECTID="84059782" OBJECTGUID="1fd095ed-e263-440c-af53-cd48d068e4e1" CHANGEID="124876004" NUMBER="36" APARTTYPE="2" OPERTYPEID="10" PREVID="0" NEXTID="111811901" UPDATEDATE="2025-10-01" STARTDATE="2018-11-22" ENDDATE="2025-10-01" ISACTUAL="0" ISACTIVE="0" /><APARTMENT ID="8936141" OBJECTID="16257468" OBJECTGUID="9c6c2bfd-2cf6-46e7-94cd-b193b89f6491" CHANGEID="25811347" NUMBER="2" APARTTYPE="2" OPERTYPEID="10" PREVID="0" NEXTID="111793564" UPDATEDATE="2025-09-29" STARTDATE="2017-07-03" ENDDATE="2025-09-29" ISACTUAL="0" ISACTIVE="0" /><APARTMENT ID="108718849" OBJECTID="165678832" OBJECTGUID="1c2b9de0-877a-4bdc-9e66-a1358dd77523" CHANGEID="602677309" NUMBER="1" APARTTYPE="2" OPERTYPEID="10" PREVID="0" NEXTID="111800165" UPDATEDATE="2025-09-29" STARTDATE="2024-09-26" ENDDATE="2025-09-29" ISACTUAL="0" ISACTIVE="0" /><APARTMENT ID="111793288" OBJECTID="174911288" OBJECTGUID="f4d36144-c16f-439d-90a1-06e24548b617" CHANGEID="689628112" NUMBER="18" APARTTYPE="1" OPERTYPEID="10" PREVID="0" NEXTID="0" UPDATEDATE="2025-09-29" STARTDATE="2025-09-29" ENDDATE="2079-06-06" ISACTUAL="1" ISACTIVE="1" /><APARTMENT ID="111793419" OBJECTID="40850432" OBJECTGUID="9843321b-90aa-43e2-a3da-f7f5caa3adb2" CHANGEID="689628520" NUMBER="2" APARTTYPE="2" OPERTYPEID="30" PREVID="23923867" NEXTID="0" UPDATEDATE="2025-09-29" STARTDATE="2025-09-29" ENDDATE="2079-06-06" ISACTUAL="1" ISACTIVE="0" /><APARTMENT ID="23923867" OBJECTID="40850432" OBJECTGUID="9843321b-90aa-43e2-a3da-f7f5caa3adb2" CHANGEID="61805531" NUMBER="2" APARTTYPE="2" OPERTYPEID="10" PREVID="0" NEXTID="111793419" UPDATEDATE="2025-09-29" STARTDATE="2017-06-19" ENDDATE="2025-09-29" ISACTUAL="0" ISACTIVE="0" /><APARTMENT ID="111793563" OBJECTID="16257362" OBJECTGUID="75abefaf-acb1-4f20-8ef4-4c1d6d693b78" CHANGEID="689630644" NUMBER="1" APARTTYPE="2" OPERTYPEID="55" PREVID="8936098" NEXTID="129164939" UPDATEDATE="2025-09-29" STARTDATE="2025-09-29" ENDDATE="2079-06-06" ISACTUAL="1" ISACTIVE="0" /><APARTMENT ID="8936098" OBJECTID="16257362" OBJECTGUID="75abefaf-acb1-4f20-8ef4-4c1d6d693b78" CHANGEID="25811205" NUMBER="1" APARTTYPE="2" OPERTYPEID="10" PREVID="0" NEXTID="111793563" UPDATEDATE="2025-09-29" STARTDATE="2017-07-03" ENDDATE="2025-09-29" ISACTUAL="0" ISACTIVE="0" /><APARTMENT ID="111793564" OBJECTID="16257468" OBJECTGUID="9c6c2bfd-2cf6-46e7-94cd-b193b89f6491" CHANGEID="689630646" NUMBER="2" APARTTYPE="2" OPERTYPEID="55" PREVID="8936141" NEXTID="129164940" UPDATEDATE="2025-09-29" STARTDATE="2025-09-29" ENDDATE="2079-06-06" ISACTUAL="1" ISACTIVE="0" /><APARTMENT ID="111793567" OBJECTID="165985605" OBJECTGUID="9148bc33-b46d-43f7-bd27-924569c59fae" CHANGEID="689630664" NUMBER="2" APARTTYPE="2" OPERTYPEID="55" PREVID="108824814" NEXTID="129164948" UPDATEDATE="2025-09-29" STARTDATE="2025-09-29" ENDDATE="2079-06-06" ISACTUAL="1" ISACTIVE="0" /><APARTMENT ID="108824814" OBJECTID="165985605" OBJECTGUID="9148bc33-b46d-43f7-bd27-924569c59fae" CHANGEID="603780984" NUMBER="2" APARTTYPE="2" OPERTYPEID="10" PREVID="0" NEXTID="111793567" UPDATEDATE="2025-09-29" STARTDATE="2024-10-07" ENDDATE="2025-09-29" ISACTUAL="0" ISACTIVE="0" /><APARTMENT ID="111793585" OBJECTID="174912752" OBJECTGUID="227f1cf7-0d14-4153-8f91-a72b2659e564" CHANGEID="689631497" NUMBER="ман028" APARTTYPE="1" OPERTYPEID="10" PREVID="0" NEXTID="0" UPDATEDATE="2025-09-29" STARTDATE="2025-09-29" ENDDATE="2079-06-06" ISACTUAL="1" ISACTIVE="1" /><APARTMENT ID="111793586" OBJECTID="174912753" OBJECTGUID="cdf46660-2c88-47cc-8f07-d3213785f342" CHANGEID="689631498" NUMBER="1" APARTTYPE="2" OPERTYPEID="10" PREVID="0" NEXTID="0" UPDATEDATE="2025-09-29" STARTDATE="2025-09-29" ENDDATE="2079-06-06" ISACTUAL="1" ISACTIVE="1" /><APARTMENT ID="111793587" OBJECTID="174912754" OBJECTGUID="7a237677-26d6-4e14-b79f-267357de2b18" CHANGEID="689631577" NUMBER="2" APARTTYPE="2" OPERTYPEID="10" PREVID="0" NEXTID="0" UPDATEDATE="2025-09-29" STARTDATE="2025-09-29" ENDDATE="2079-06-06" ISACTUAL="1" ISACTIVE="1" /><APARTMENT ID="111793588" OBJECTID="174912755" OBJECTGUID="9876ff2d-15fb-4fc5-ba43-a8c9d79c23e5" CHANGEID="689631578" NUMBER="3003" APARTTYPE="1" OPERTYPEID="10" PREVID="0" NEXTID="0" UPDATEDATE="2025-09-29" STARTDATE="2025-09-29" ENDDATE="2079-06-06" ISACTUAL="1" ISACTIVE="1" /><APARTMENT ID="111793965" OBJECTID="174913289" OBJECTGUID="04f11a5b-056d-4e7b-b8b5-1b0ba41f5be6" CHANGEID="689633073" NUMBER="1" APARTTYPE="1" OPERTYPEID="10" PREVID="0" NEXTID="0" UPDATEDATE="2025-09-29" STARTDATE="2025-09-29" ENDDATE="2079-06-06" ISACTUAL="1" ISACTIVE="1" /><APARTMENT ID="111796036" OBJECTID="174918556" OBJECTGUID="48935135-a0dd-4e06-8911-aa8527ee85c5" CHANGEID="689643929" NUMBER="1" APARTTYPE="1" OPERTYPEID="10" PREVID="0" NEXTID="0" UPDATEDATE="2025-09-29" STARTDATE="2025-09-29" ENDDATE="2079-06-06" ISACTUAL="1" ISACTIVE="1" /><APARTMENT ID="111800165" OBJECTID="165678832" OBJECTGUID="1c2b9de0-877a-4bdc-9e66-a1358dd77523" CHANGEID="689664404" NUMBER="1" APARTTYPE="2" OPERTYPEID="55" PREVID="108718849" NEXTID="129170033" UPDATEDATE="2025-09-29" STARTDATE="2025-09-29" ENDDATE="2079-06-06" ISACTUAL="1" ISACTIVE="0" /><APARTMENT ID="111800166" OBJECTID="165678833" OBJECTGUID="3e731301-26d1-415f-a46d-22b501004ca1" CHANGEID="689664406" NUMBER="2" APARTTYPE="2" OPERTYPEID="55" PREVID="108718850" NEXTID="129170034" UPDATEDATE="2025-09-29" STARTDATE="2025-09-29" ENDDATE="2079-06-06" ISACTUAL="1" ISACTIVE="0" /><APARTMENT ID="108718850" OBJECTID="165678833" OBJECTGUID="3e731301-26d1-415f-a46d-22b501004ca1" CHANGEID="602677310" NUMBER="2" APARTTYPE="2" OPERTYPEID="10" PREVID="0" NEXTID="111800166" UPDATEDATE="2025-09-29" STARTDATE="2024-09-26" ENDDATE="2025-09-29" ISACTUAL="0" ISACTIVE="0" /><APARTMENT ID="111806214" OBJECTID="174946929" OBJECTGUID="69e9ff30-07dd-41f9-a091-53c409756da2" CHANGEID="689704514" NUMBER="2" APARTTYPE="2" OPERTYPEID="10" PREVID="0" NEXTID="0" UPDATEDATE="2025-09-30" STARTDATE="2025-09-30" ENDDATE="2079-06-06" ISACTUAL="1" ISACTIVE="1" /><APARTMENT ID="111806431" OBJECTID="174948078" OBJECTGUID="0eb9c4ac-faa9-418a-a7f8-4b5994fa226f" CHANGEID="689706543" NUMBER="ц001" APARTTYPE="1" OPERTYPEID="10" PREVID="0" NEXTID="0" UPDATEDATE="2025-09-30" STARTDATE="2025-09-30" ENDDATE="2079-06-06" ISACTUAL="1" ISACTIVE="1" /><APARTMENT ID="111806432" OBJECTID="174948079" OBJECTGUID="90242a23-0396-439a-9e7b-8b2e4aad2080" CHANGEID="689706544" NUMBER="ц011" APARTTYPE="1" OPERTYPEID="10" PREVID="0" NEXTID="0" UPDATEDATE="2025-09-30" STARTDATE="2025-09-30" ENDDATE="2079-06-06" ISACTUAL="1" ISACTIVE="1" /><APARTMENT ID="111807151" OBJECTID="174953819" OBJECTGUID="2a662764-9621-471d-a132-f55d192ab188" CHANGEID="689720455" NUMBER="65" APARTTYPE="1" OPERTYPEID="10" PREVID="0" NEXTID="0" UPDATEDATE="2025-09-30" STARTDATE="2025-09-30" ENDDATE="2079-06-06" ISACTUAL="1" ISACTIVE="1" /><APARTMENT ID="111807152" OBJECTID="174953820" OBJECTGUID="bb4afd7c-2afd-47d8-af33-343b28bac85c" CHANGEID="689720456" NUMBER="63" APARTTYPE="1" OPERTYPEID="10" PREVID="0" NEXTID="0" UPDATEDATE="2025-09-30" STARTDATE="2025-09-30" ENDDATE="2079-06-06" ISACTUAL="1" ISACTIVE="1" /><APARTMENT ID="111807153" OBJECTID="174953821" OBJECTGUID="1090af37-4ced-4727-aa51-9fe980600eb5" CHANGEID="689720457" NUMBER="62" APARTTYPE="1" OPERTYPEID="10" PREVID="0" NEXTID="0" UPDATEDATE="2025-09-30" STARTDATE="2025-09-30" ENDDATE="2079-06-06" ISACTUAL="1" ISACTIVE="1" /><APARTMENT ID="111807154" OBJECTID="174953822" OBJECTGUID="9c97e96c-dd55-4224-9eb4-0c19d784236b" CHANGEID="689720458" NUMBER="61" APARTTYPE="1" OPERTYPEID="10" PREVID="0" NEXTID="0" UPDATEDATE="2025-09-30" STARTDATE="2025-09-30" ENDDATE="2079-06-06" ISACTUAL="1" ISACTIVE="1" /><APARTMENT ID="111807155" OBJECTID="174953823" OBJECTGUID="85315082-0657-4374-84fb-298df6871655" CHANGEID="689720459" NUMBER="47" APARTTYPE="1" OPERTYPEID="10" PREVID="0" NEXTID="0" UPDATEDATE="2025-09-30" STARTDATE="2025-09-30" ENDDATE="2079-06-06" ISACTUAL="1" ISACTIVE="1" /><APARTMENT ID="111807156" OBJECTID="174953824" OBJECTGUID="6174edab-9b90-4372-89e0-a63fe6488f29" CHANGEID="689720460" NUMBER="42" APARTTYPE="1" OPERTYPEID="10" PREVID="0" NEXTID="0" UPDATEDATE="2025-09-30" STARTDATE="2025-09-30" ENDDATE="2079-06-06" ISACTUAL="1" ISACTIVE="1" /><APARTMENT ID="111807157" OBJECTID="174953825" OBJECTGUID="375079fa-72a9-4b9a-aecb-86541e173fbd" CHANGEID="689720461" NUMBER="41" APARTTYPE="1" OPERTYPEID="10" PREVID="0" NEXTID="0" UPDATEDATE="2025-09-30" STARTDATE="2025-09-30" ENDDATE="2079-06-06" ISACTUAL="1" ISACTIVE="1" /><APARTMENT ID="111807158" OBJECTID="174953826" OBJECTGUID="d0ea47d8-fb3a-4041-b59f-c751182fbaf0" CHANGEID="689720462" NUMBER="40" APARTTYPE="1" OPERTYPEID="10" PREVID="0" NEXTID="0" UPDATEDATE="2025-09-30" STARTDATE="2025-09-30" ENDDATE="2079-06-06" ISACTUAL="1" ISACTIVE="1" /><APARTMENT ID="111807159" OBJECTID="174953827" OBJECTGUID="0217fd11-615a-4ee9-942c-238d7660a4a0" CHANGEID="689720463" NUMBER="23" APARTTYPE="1" OPERTYPEID="10" PREVID="0" NEXTID="0" UPDATEDATE="2025-09-30" STARTDATE="2025-09-30" ENDDATE="2079-06-06" ISACTUAL="1" ISACTIVE="1" /><APARTMENT ID="111807160" OBJECTID="174953828" OBJECTGUID="514d4388-50ae-4264-baa5-71e760b97058" CHANGEID="689720464" NUMBER="22" APARTTYPE="1" OPERTYPEID="10" PREVID="0" NEXTID="0" UPDATEDATE="2025-09-30" STARTDATE="2025-09-30" ENDDATE="2079-06-06" ISACTUAL="1" ISACTIVE="1" /><APARTMENT ID="111807161" OBJECTID="174953829" OBJECTGUID="437619eb-97de-425e-b86d-885a4b1b5981" CHANGEID="689720465" NUMBER="17" APARTTYPE="1" OPERTYPEID="10" PREVID="0" NEXTID="0" UPDATEDATE="2025-09-30" STARTDATE="2025-09-30" ENDDATE="2079-06-06" ISACTUAL="1" ISACTIVE="1" /><APARTMENT ID="111807162" OBJECTID="174953830" OBJECTGUID="e8975960-3e41-4197-929d-5b5afd58df81" CHANGEID="689720466" NUMBER="16" APARTTYPE="1" OPERTYPEID="10" PREVID="0" NEXTID="0" UPDATEDATE="2025-09-30" STARTDATE="2025-09-30" ENDDATE="2079-06-06" ISACTUAL="1" ISACTIVE="1" /><APARTMENT ID="111807163" OBJECTID="174953831" OBJECTGUID="bf9d7a80-037f-49ee-a0c6-e8cc7fdcbf88" CHANGEID="689720467" NUMBER="15" APARTTYPE="1" OPERTYPEID="10" PREVID="0" NEXTID="0" UPDATEDATE="2025-09-30" STARTDATE="2025-09-30" ENDDATE="2079-06-06" ISACTUAL="1" ISACTIVE="1" /><APARTMENT ID="111807164" OBJECTID="174953832" OBJECTGUID="0519caac-f268-4428-bfe0-c2282c86791a" CHANGEID="689720468" NUMBER="14" APARTTYPE="1" OPERTYPEID="10" PREVID="0" NEXTID="0" UPDATEDATE="2025-09-30" STARTDATE="2025-09-30" ENDDATE="2079-06-06" ISACTUAL="1" ISACTIVE="1" /><APARTMENT ID="111807165" OBJECTID="174953833" OBJECTGUID="5cad6ecf-1bbc-4504-98f3-60f277a9ac2b" CHANGEID="689720469" NUMBER="13" APARTTYPE="1" OPERTYPEID="10" PREVID="0" NEXTID="0" UPDATEDATE="2025-09-30" STARTDATE="2025-09-30" ENDDATE="2079-06-06" ISACTUAL="1" ISACTIVE="1" /><APARTMENT ID="111807166" OBJECTID="174953834" OBJECTGUID="e3d33d11-a1b8-4c88-a9a4-a7f305772946" CHANGEID="689720470" NUMBER="12" APARTTYPE="1" OPERTYPEID="10" PREVID="0" NEXTID="0" UPDATEDATE="2025-09-30" STARTDATE="2025-09-30" ENDDATE="2079-06-06" ISACTUAL="1" ISACTIVE="1" /><APARTMENT ID="111807167" OBJECTID="174953843" OBJECTGUID="e59b5448-c041-40a2-99f5-bb56d64996d1" CHANGEID="689720485" NUMBER="9" APARTTYPE="1" OPERTYPEID="10" PREVID="0" NEXTID="0" UPDATEDATE="2025-09-30" STARTDATE="2025-09-30" ENDDATE="2079-06-06" ISACTUAL="1" ISACTIVE="1" /><APARTMENT ID="111807168" OBJECTID="174953844" OBJECTGUID="e5871824-1239-4540-aef6-241a4028020e" CHANGEID="689720486" NUMBER="8" APARTTYPE="1" OPERTYPEID="10" PREVID="0" NEXTID="0" UPDATEDATE="2025-09-30" STARTDATE="2025-09-30" ENDDATE="2079-06-06" ISACTUAL="1" ISACTIVE="1" /><APARTMENT ID="111807169" OBJECTID="174953845" OBJECTGUID="325dda9a-dbe3-4583-813c-a98f66cf4cf9" CHANGEID="689720487" NUMBER="7" APARTTYPE="1" OPERTYPEID="10" PREVID="0" NEXTID="0" UPDATEDATE="2025-09-30" STARTDATE="2025-09-30" ENDDATE="2079-06-06" ISACTUAL="1" ISACTIVE="1" /><APARTMENT ID="111807170" OBJECTID="174953846" OBJECTGUID="0791a7f2-5922-4c08-b166-0e40a87a63c8" CHANGEID="689720488" NUMBER="6" APARTTYPE="1" OPERTYPEID="10" PREVID="0" NEXTID="0" UPDATEDATE="2025-09-30" STARTDATE="2025-09-30" ENDDATE="2079-06-06" ISACTUAL="1" ISACTIVE="1" /><APARTMENT ID="111807171" OBJECTID="174953847" OBJECTGUID="2cdf127e-fda0-4660-8287-95adbf5a9df9" CHANGEID="689720489" NUMBER="5" APARTTYPE="1" OPERTYPEID="10" PREVID="0" NEXTID="0" UPDATEDATE="2025-09-30" STARTDATE="2025-09-30" ENDDATE="2079-06-06" ISACTUAL="1" ISACTIVE="1" /><APARTMENT ID="111807172" OBJECTID="174953848" OBJECTGUID="2fb417f1-8aac-4424-843f-09085c2d5f87" CHANGEID="689720490" NUMBER="4" APARTTYPE="1" OPERTYPEID="10" PREVID="0" NEXTID="0" UPDATEDATE="2025-09-30" STARTDATE="2025-09-30" ENDDATE="2079-06-06" ISACTUAL="1" ISACTIVE="1" /><APARTMENT ID="111807173" OBJECTID="174953849" OBJECTGUID="b9ba158e-4fbe-47fb-a5d3-c0f30f1d0afb" CHANGEID="689720491" NUMBER="3" APARTTYPE="1" OPERTYPEID="10" PREVID="0" NEXTID="0" UPDATEDATE="2025-09-30" STARTDATE="2025-09-30" ENDDATE="2079-06-06" ISACTUAL="1" ISACTIVE="1" /><APARTMENT ID="111807174" OBJECTID="174953850" OBJECTGUID="c059e014-8486-4b92-b051-fa401bd41f7a" CHANGEID="689720492" NUMBER="2" APARTTYPE="1" OPERTYPEID="10" PREVID="0" NEXTID="0" UPDATEDATE="2025-09-30" STARTDATE="2025-09-30" ENDDATE="2079-06-06" ISACTUAL="1" ISACTIVE="1" /><APARTMENT ID="111807175" OBJECTID="174953851" OBJECTGUID="01473806-eab3-4a3f-8fdf-03bc47742c58" CHANGEID="689720493" NUMBER="1" APARTTYPE="1" OPERTYPEID="10" PREVID="0" NEXTID="0" UPDATEDATE="2025-09-30" STARTDATE="2025-09-30" ENDDATE="2079-06-06" ISACTUAL="1" ISACTIVE="1" /><APARTMENT ID="111811901" OBJECTID="84059782" OBJECTGUID="1fd095ed-e263-440c-af53-cd48d068e4e1" CHANGEID="689782522" NUMBER="36" APARTTYPE="4" OPERTYPEID="20" PREVID="50296675" UPDATEDATE="2025-10-01" STARTDATE="2025-10-01" ENDDATE="2079-06-06" ISACTUAL="1" ISACTIVE="1" /><APARTMENT ID="111814325" OBJECTID="174978884" OBJECTGUID="f3f84603-8068-47ee-a4d8-4b6cd1c19a31" CHANGEID="689793865" NUMBER="1" APARTTYPE="2" OPERTYPEID="10" PREVID="0" NEXTID="0" UPDATEDATE="2025-10-01" STARTDATE="2025-10-01" ENDDATE="2079-06-06" ISACTUAL="1" ISACTIVE="1" /><APARTMENT ID="111814326" OBJECTID="174978888" OBJECTGUID="6d753a8a-8f0e-4990-a057-de9b96187e4c" CHANGEID="689793870" NUMBER="2" APARTTYPE="2" OPERTYPEID="10" PREVID="0" NEXTID="0" UPDATEDATE="2025-10-01" STARTDATE="2025-10-01" ENDDATE="2079-06-06" ISACTUAL="1" ISACTIVE="1" /><APARTMENT ID="111814327" OBJECTID="174978892" OBJECTGUID="58fdb81a-0ac9-40de-9d7d-fafa8f468aa2" CHANGEID="689793876" NUMBER="3" APARTTYPE="2" OPERTYPEID="10" PREVID="0" NEXTID="0" UPDATEDATE="2025-10-01" STARTDATE="2025-10-01" ENDDATE="2079-06-06" ISACTUAL="1" ISACTIVE="1" /><APARTMENT ID="111814524" OBJECTID="174979719" OBJECTGUID="fc94275a-ec6c-493a-addc-c63d9dc7050e" CHANGEID="689795556" NUMBER="10" APARTTYPE="1" OPERTYPEID="10" PREVID="0" NEXTID="0" UPDATEDATE="2025-10-01" STARTDATE="2025-10-01" ENDDATE="2079-06-06" ISACTUAL="1" ISACTIVE="1" /><APARTMENT ID="111814525" OBJECTID="174979720" OBJECTGUID="2c0caac0-e0c2-46c8-aed9-5c9906531d95" CHANGEID="689795557" NUMBER="13" APARTTYPE="1" OPERTYPEID="10" PREVID="0" NEXTID="0" UPDATEDATE="2025-10-01" STARTDATE="2025-10-01" ENDDATE="2079-06-06" ISACTUAL="1" ISACTIVE="1" /><APARTMENT ID="111814526" OBJECTID="174979721" OBJECTGUID="15cc3cf8-6261-4e3a-835a-02c85e74c5e7" CHANGEID="689795558" NUMBER="15" APARTTYPE="1" OPERTYPEID="10" PREVID="0" NEXTID="0" UPDATEDATE="2025-10-01" STARTDATE="2025-10-01" ENDDATE="2079-06-06" ISACTUAL="1" ISACTIVE="1" /><APARTMENT ID="111814527" OBJECTID="174979722" OBJECTGUID="819cefa5-38bd-432c-853e-66fcd23b8225" CHANGEID="689795559" NUMBER="19" APARTTYPE="1" OPERTYPEID="10" PREVID="0" NEXTID="0" UPDATEDATE="2025-10-01" STARTDATE="2025-10-01" ENDDATE="2079-06-06" ISACTUAL="1" ISACTIVE="1" /><APARTMENT ID="111814528" OBJECTID="174979723" OBJECTGUID="c7be23bf-559d-4295-bd60-3c9590de9d8e" CHANGEID="689795560" NUMBER="23" APARTTYPE="1" OPERTYPEID="10" PREVID="0" NEXTID="0" UPDATEDATE="2025-10-01" STARTDATE="2025-10-01" ENDDATE="2079-06-06" ISACTUAL="1" ISACTIVE="1" /></APARTMENTS>