﻿<?xml version="1.0" encoding="utf-8"?><APARTMENTS><APARTMENT ID="12523056" OBJECTID="22303530" OBJECTGUID="96320a5a-d57d-490c-b768-77c1f957f072" CHANGEID="34776885" NUMBER="1" APARTTYPE="2" OPERTYPEID="1" PREVID="0" NEXTID="111815207" UPDATEDATE="2025-10-01" STARTDATE="1900-01-01" ENDDATE="2025-10-01" ISACTUAL="0" ISACTIVE="0" /><APARTMENT ID="12523108" OBJECTID="22303762" OBJECTGUID="f12b10bf-f122-42e3-865f-f62967574463" CHANGEID="34777229" NUMBER="2" APARTTYPE="2" OPERTYPEID="1" PREVID="0" NEXTID="111815208" UPDATEDATE="2025-10-01" STARTDATE="1900-01-01" ENDDATE="2025-10-01" ISACTUAL="0" ISACTIVE="0" /><APARTMENT ID="12555860" OBJECTID="22357244" OBJECTGUID="1affa730-96d8-4a23-a816-70b118c43574" CHANGEID="34856678" NUMBER="2" APARTTYPE="2" OPERTYPEID="1" PREVID="0" NEXTID="111815224" UPDATEDATE="2025-10-01" STARTDATE="1900-01-01" ENDDATE="2025-10-01" ISACTUAL="0" ISACTIVE="0" /><APARTMENT ID="12555997" OBJECTID="22357385" OBJECTGUID="5a0a3c9d-e2bf-4b67-92c0-e9c429f74a33" CHANGEID="34856863" NUMBER="1" APARTTYPE="2" OPERTYPEID="1" PREVID="0" NEXTID="111815225" UPDATEDATE="2025-10-01" STARTDATE="1900-01-01" ENDDATE="2025-10-01" ISACTUAL="0" ISACTIVE="0" /><APARTMENT ID="111803917" OBJECTID="174940573" OBJECTGUID="dbbabe00-c1eb-40f3-8d75-4de472e7a45e" CHANGEID="689691227" NUMBER="3" APARTTYPE="1" OPERTYPEID="10" PREVID="0" NEXTID="0" UPDATEDATE="2025-09-29" STARTDATE="2025-09-29" ENDDATE="2079-06-06" ISACTUAL="1" ISACTIVE="1" /><APARTMENT ID="111803918" OBJECTID="174940574" OBJECTGUID="f33fe1cc-23b6-45ac-ac71-2f38fef66240" CHANGEID="689691228" NUMBER="2" APARTTYPE="1" OPERTYPEID="10" PREVID="0" NEXTID="0" UPDATEDATE="2025-09-29" STARTDATE="2025-09-29" ENDDATE="2079-06-06" ISACTUAL="1" ISACTIVE="1" /><APARTMENT ID="111803919" OBJECTID="174940575" OBJECTGUID="d6f3b4c6-9303-4b4a-adcc-ce9039874015" CHANGEID="689691229" NUMBER="1" APARTTYPE="1" OPERTYPEID="10" PREVID="0" NEXTID="0" UPDATEDATE="2025-09-29" STARTDATE="2025-09-29" ENDDATE="2079-06-06" ISACTUAL="1" ISACTIVE="1" /><APARTMENT ID="111804258" OBJECTID="66993683" OBJECTGUID="cc11681a-3910-4e2b-bd71-14d3feedc182" CHANGEID="689693890" NUMBER="321" APARTTYPE="2" OPERTYPEID="30" PREVID="39942802" NEXTID="0" UPDATEDATE="2025-09-29" STARTDATE="2025-09-29" ENDDATE="2079-06-06" ISACTUAL="1" ISACTIVE="0" /><APARTMENT ID="39942802" OBJECTID="66993683" OBJECTGUID="cc11681a-3910-4e2b-bd71-14d3feedc182" CHANGEID="99898470" NUMBER="321" APARTTYPE="2" OPERTYPEID="10" PREVID="0" NEXTID="111804258" UPDATEDATE="2025-09-29" STARTDATE="2018-06-25" ENDDATE="2025-09-29" ISACTUAL="0" ISACTIVE="0" /><APARTMENT ID="111810710" OBJECTID="174967182" OBJECTGUID="1c37658a-eca0-4aa4-80a7-be90e22eb211" CHANGEID="689751162" NUMBER="23а" APARTTYPE="2" OPERTYPEID="10" PREVID="0" NEXTID="0" UPDATEDATE="2025-09-30" STARTDATE="2025-09-30" ENDDATE="2079-06-06" ISACTUAL="1" ISACTIVE="1" /><APARTMENT ID="111814775" OBJECTID="56506484" OBJECTGUID="5bbf43fb-e567-43fd-91e8-44264449ddbb" CHANGEID="689799505" NUMBER="2" APARTTYPE="2" OPERTYPEID="55" PREVID="33606730" NEXTID="129187282" UPDATEDATE="2025-10-01" STARTDATE="2025-10-01" ENDDATE="2079-06-06" ISACTUAL="1" ISACTIVE="0" /><APARTMENT ID="33606730" OBJECTID="56506484" OBJECTGUID="5bbf43fb-e567-43fd-91e8-44264449ddbb" CHANGEID="84506129" NUMBER="2" APARTTYPE="2" OPERTYPEID="1" PREVID="0" NEXTID="111814775" UPDATEDATE="2025-10-01" STARTDATE="1900-01-01" ENDDATE="2025-10-01" ISACTUAL="0" ISACTIVE="0" /><APARTMENT ID="111814776" OBJECTID="56506538" OBJECTGUID="7a59995a-0297-4cae-ad8e-8501cf91c0c1" CHANGEID="689799507" NUMBER="1" APARTTYPE="2" OPERTYPEID="55" PREVID="33606869" NEXTID="129187283" UPDATEDATE="2025-10-01" STARTDATE="2025-10-01" ENDDATE="2079-06-06" ISACTUAL="1" ISACTIVE="0" /><APARTMENT ID="33606869" OBJECTID="56506538" OBJECTGUID="7a59995a-0297-4cae-ad8e-8501cf91c0c1" CHANGEID="84506218" NUMBER="1" APARTTYPE="2" OPERTYPEID="1" PREVID="0" NEXTID="111814776" UPDATEDATE="2025-10-01" STARTDATE="1900-01-01" ENDDATE="2025-10-01" ISACTUAL="0" ISACTIVE="0" /><APARTMENT ID="111815204" OBJECTID="8350893" OBJECTGUID="45d1bb83-f193-421b-9758-eeb6dcb4efb4" CHANGEID="689801343" NUMBER="2" APARTTYPE="2" OPERTYPEID="55" PREVID="4201801" NEXTID="129187638" UPDATEDATE="2025-10-01" STARTDATE="2025-10-01" ENDDATE="2079-06-06" ISACTUAL="1" ISACTIVE="0" /><APARTMENT ID="4201801" OBJECTID="8350893" OBJECTGUID="45d1bb83-f193-421b-9758-eeb6dcb4efb4" CHANGEID="14113408" NUMBER="2" APARTTYPE="2" OPERTYPEID="1" PREVID="0" NEXTID="111815204" UPDATEDATE="2025-10-01" STARTDATE="1900-01-01" ENDDATE="2025-10-01" ISACTUAL="0" ISACTIVE="0" /><APARTMENT ID="111815205" OBJECTID="8351057" OBJECTGUID="91aaee29-8411-42b2-8f81-cfb25f8a37d2" CHANGEID="689801345" NUMBER="1" APARTTYPE="2" OPERTYPEID="55" PREVID="4201937" NEXTID="129187639" UPDATEDATE="2025-10-01" STARTDATE="2025-10-01" ENDDATE="2079-06-06" ISACTUAL="1" ISACTIVE="0" /><APARTMENT ID="4201937" OBJECTID="8351057" OBJECTGUID="91aaee29-8411-42b2-8f81-cfb25f8a37d2" CHANGEID="14113679" NUMBER="1" APARTTYPE="2" OPERTYPEID="1" PREVID="0" NEXTID="111815205" UPDATEDATE="2025-10-01" STARTDATE="1900-01-01" ENDDATE="2025-10-01" ISACTUAL="0" ISACTIVE="0" /><APARTMENT ID="111815207" OBJECTID="22303530" OBJECTGUID="96320a5a-d57d-490c-b768-77c1f957f072" CHANGEID="689801491" NUMBER="1" APARTTYPE="2" OPERTYPEID="55" PREVID="12523056" NEXTID="129187653" UPDATEDATE="2025-10-01" STARTDATE="2025-10-01" ENDDATE="2079-06-06" ISACTUAL="1" ISACTIVE="0" /><APARTMENT ID="111815208" OBJECTID="22303762" OBJECTGUID="f12b10bf-f122-42e3-865f-f62967574463" CHANGEID="689801493" NUMBER="2" APARTTYPE="2" OPERTYPEID="55" PREVID="12523108" NEXTID="129187654" UPDATEDATE="2025-10-01" STARTDATE="2025-10-01" ENDDATE="2079-06-06" ISACTUAL="1" ISACTIVE="0" /><APARTMENT ID="111815224" OBJECTID="22357244" OBJECTGUID="1affa730-96d8-4a23-a816-70b118c43574" CHANGEID="689801558" NUMBER="2" APARTTYPE="2" OPERTYPEID="55" PREVID="12555860" NEXTID="129187662" UPDATEDATE="2025-10-01" STARTDATE="2025-10-01" ENDDATE="2079-06-06" ISACTUAL="1" ISACTIVE="0" /><APARTMENT ID="111815225" OBJECTID="22357385" OBJECTGUID="5a0a3c9d-e2bf-4b67-92c0-e9c429f74a33" CHANGEID="689801560" NUMBER="1" APARTTYPE="2" OPERTYPEID="55" PREVID="12555997" NEXTID="129187663" UPDATEDATE="2025-10-01" STARTDATE="2025-10-01" ENDDATE="2079-06-06" ISACTUAL="1" ISACTIVE="0" /><APARTMENT ID="111815459" OBJECTID="73458666" OBJECTGUID="03215b9e-4ac5-4e76-81de-73614a668edd" CHANGEID="689803864" NUMBER="2" APARTTYPE="2" OPERTYPEID="55" PREVID="43857692" NEXTID="129188251" UPDATEDATE="2025-10-01" STARTDATE="2025-10-01" ENDDATE="2079-06-06" ISACTUAL="1" ISACTIVE="0" /><APARTMENT ID="43857692" OBJECTID="73458666" OBJECTGUID="03215b9e-4ac5-4e76-81de-73614a668edd" CHANGEID="109362183" NUMBER="2" APARTTYPE="2" OPERTYPEID="1" PREVID="0" NEXTID="111815459" UPDATEDATE="2025-10-01" STARTDATE="1900-01-01" ENDDATE="2025-10-01" ISACTUAL="0" ISACTIVE="0" /><APARTMENT ID="111815460" OBJECTID="73458837" OBJECTGUID="5ef0b3f9-b05d-4fdf-8878-aed55bbbfc4c" CHANGEID="689803866" NUMBER="1" APARTTYPE="2" OPERTYPEID="55" PREVID="43857808" NEXTID="129188252" UPDATEDATE="2025-10-01" STARTDATE="2025-10-01" ENDDATE="2079-06-06" ISACTUAL="1" ISACTIVE="0" /><APARTMENT ID="43857808" OBJECTID="73458837" OBJECTGUID="5ef0b3f9-b05d-4fdf-8878-aed55bbbfc4c" CHANGEID="109362524" NUMBER="1" APARTTYPE="2" OPERTYPEID="1" PREVID="0" NEXTID="111815460" UPDATEDATE="2025-10-01" STARTDATE="1900-01-01" ENDDATE="2025-10-01" ISACTUAL="0" ISACTIVE="0" /><APARTMENT ID="43861835" OBJECTID="73465839" OBJECTGUID="955ae616-3951-45c5-a688-a619b4328904" CHANGEID="109373228" NUMBER="2" APARTTYPE="2" OPERTYPEID="1" PREVID="0" NEXTID="111815668" UPDATEDATE="2025-10-01" STARTDATE="1900-01-01" ENDDATE="2025-10-01" ISACTUAL="0" ISACTIVE="0" /><APARTMENT ID="111815668" OBJECTID="73465839" OBJECTGUID="955ae616-3951-45c5-a688-a619b4328904" CHANGEID="689804163" NUMBER="2" APARTTYPE="2" OPERTYPEID="55" PREVID="43861835" NEXTID="129188261" UPDATEDATE="2025-10-01" STARTDATE="2025-10-01" ENDDATE="2079-06-06" ISACTUAL="1" ISACTIVE="0" /><APARTMENT ID="111815669" OBJECTID="73466769" OBJECTGUID="e81b730d-42ed-4809-874a-4c671a10095d" CHANGEID="689804165" NUMBER="1" APARTTYPE="2" OPERTYPEID="55" PREVID="43862368" NEXTID="129188262" UPDATEDATE="2025-10-01" STARTDATE="2025-10-01" ENDDATE="2079-06-06" ISACTUAL="1" ISACTIVE="0" /><APARTMENT ID="43862368" OBJECTID="73466769" OBJECTGUID="e81b730d-42ed-4809-874a-4c671a10095d" CHANGEID="109374730" NUMBER="1" APARTTYPE="2" OPERTYPEID="1" PREVID="0" NEXTID="111815669" UPDATEDATE="2025-10-01" STARTDATE="1900-01-01" ENDDATE="2025-10-01" ISACTUAL="0" ISACTIVE="0" /><APARTMENT ID="111815863" OBJECTID="44412063" OBJECTGUID="02fdfb1d-16b7-4601-b865-eeb3f5a0f368" CHANGEID="689804614" NUMBER="2" APARTTYPE="2" OPERTYPEID="55" PREVID="26152279" NEXTID="129188295" UPDATEDATE="2025-10-01" STARTDATE="2025-10-01" ENDDATE="2079-06-06" ISACTUAL="1" ISACTIVE="0" /><APARTMENT ID="26152279" OBJECTID="44412063" OBJECTGUID="02fdfb1d-16b7-4601-b865-eeb3f5a0f368" CHANGEID="66952262" NUMBER="2" APARTTYPE="2" OPERTYPEID="1" PREVID="0" NEXTID="111815863" UPDATEDATE="2025-10-01" STARTDATE="1900-01-01" ENDDATE="2025-10-01" ISACTUAL="0" ISACTIVE="0" /><APARTMENT ID="111815864" OBJECTID="44412089" OBJECTGUID="1dcbbb79-a284-4678-aa8b-af1012e764bb" CHANGEID="689804616" NUMBER="1" APARTTYPE="2" OPERTYPEID="55" PREVID="26152300" NEXTID="129188296" UPDATEDATE="2025-10-01" STARTDATE="2025-10-01" ENDDATE="2079-06-06" ISACTUAL="1" ISACTIVE="0" /><APARTMENT ID="26152300" OBJECTID="44412089" OBJECTGUID="1dcbbb79-a284-4678-aa8b-af1012e764bb" CHANGEID="66952299" NUMBER="1" APARTTYPE="2" OPERTYPEID="1" PREVID="0" NEXTID="111815864" UPDATEDATE="2025-10-01" STARTDATE="1900-01-01" ENDDATE="2025-10-01" ISACTUAL="0" ISACTIVE="0" /><APARTMENT ID="111818449" OBJECTID="28877983" OBJECTGUID="061d3360-4b7d-4c94-a58e-30749dca1c3e" CHANGEID="689817952" NUMBER="1" APARTTYPE="2" OPERTYPEID="55" PREVID="16580664" NEXTID="129190621" UPDATEDATE="2025-10-01" STARTDATE="2025-10-01" ENDDATE="2079-06-06" ISACTUAL="1" ISACTIVE="0" /><APARTMENT ID="16580664" OBJECTID="28877983" OBJECTGUID="061d3360-4b7d-4c94-a58e-30749dca1c3e" CHANGEID="44374820" NUMBER="1" APARTTYPE="2" OPERTYPEID="1" PREVID="0" NEXTID="111818449" UPDATEDATE="2025-10-01" STARTDATE="1900-01-01" ENDDATE="2025-10-01" ISACTUAL="0" ISACTIVE="0" /><APARTMENT ID="111818450" OBJECTID="28878184" OBJECTGUID="7a02488d-d6a5-43a0-959a-77cf037cd032" CHANGEID="689817954" NUMBER="2" APARTTYPE="2" OPERTYPEID="55" PREVID="16580847" NEXTID="129190622" UPDATEDATE="2025-10-01" STARTDATE="2025-10-01" ENDDATE="2079-06-06" ISACTUAL="1" ISACTIVE="0" /><APARTMENT ID="16580847" OBJECTID="28878184" OBJECTGUID="7a02488d-d6a5-43a0-959a-77cf037cd032" CHANGEID="44375156" NUMBER="2" APARTTYPE="2" OPERTYPEID="1" PREVID="0" NEXTID="111818450" UPDATEDATE="2025-10-01" STARTDATE="1900-01-01" ENDDATE="2025-10-01" ISACTUAL="0" ISACTIVE="0" /></APARTMENTS>