﻿<?xml version="1.0" encoding="utf-8"?><HOUSES><HOUSE ID="57061917" OBJECTID="55413277" OBJECTGUID="50365922-2127-4eea-863c-31885cd35f8f" CHANGEID="82886495" HOUSENUM="7" HOUSETYPE="2" OPERTYPEID="20" PREVID="33116103" NEXTID="129190092" UPDATEDATE="2025-10-01" STARTDATE="2015-10-25" ENDDATE="2025-10-01" ISACTUAL="0" ISACTIVE="0" /><HOUSE ID="57156314" OBJECTID="17739868" OBJECTGUID="5189ec46-90a3-4700-95c5-4e99bd901fa6" CHANGEID="27992190" HOUSENUM="2" HOUSETYPE="2" OPERTYPEID="20" PREVID="10192439" NEXTID="129171076" UPDATEDATE="2025-09-29" STARTDATE="2019-09-25" ENDDATE="2025-09-29" ISACTUAL="0" ISACTIVE="0" /><HOUSE ID="58357316" OBJECTID="4654678" OBJECTGUID="627aa7e7-9a7a-446a-b74b-40eab3bea1ed" CHANGEID="8674222" HOUSENUM="33А" HOUSETYPE="2" OPERTYPEID="20" PREVID="1902626" NEXTID="129171033" UPDATEDATE="2025-09-29" STARTDATE="2019-09-25" ENDDATE="2025-09-29" ISACTUAL="0" ISACTIVE="0" /><HOUSE ID="58905861" OBJECTID="63802422" OBJECTGUID="6a394697-251f-475d-871e-0b8eda5ca8e9" CHANGEID="95200015" HOUSENUM="14" HOUSETYPE="2" OPERTYPEID="20" PREVID="38367674" NEXTID="129173721" UPDATEDATE="2025-09-29" STARTDATE="2015-09-04" ENDDATE="2025-09-29" ISACTUAL="0" ISACTIVE="0" /><HOUSE ID="60508177" OBJECTID="17763211" OBJECTGUID="80d92a12-3cdf-4833-86d8-95a716a1f066" CHANGEID="28026984" HOUSENUM="13" HOUSETYPE="2" OPERTYPEID="20" PREVID="10207368" NEXTID="129171090" UPDATEDATE="2025-09-29" STARTDATE="2019-09-25" ENDDATE="2025-09-29" ISACTUAL="0" ISACTIVE="0" /><HOUSE ID="63134181" OBJECTID="80359157" OBJECTGUID="a5e2fe76-c593-47f7-b24b-a3d139e2dd70" CHANGEID="119425723" HOUSENUM="15" HOUSETYPE="2" OPERTYPEID="20" PREVID="48604003" NEXTID="129172273" UPDATEDATE="2025-09-29" STARTDATE="2019-09-25" ENDDATE="2025-09-29" ISACTUAL="0" ISACTIVE="0" /><HOUSE ID="64447641" OBJECTID="83232296" OBJECTGUID="b86e5228-b7ef-4898-8518-4e3f9f510aa4" CHANGEID="123639090" HOUSENUM="5г" HOUSETYPE="2" OPERTYPEID="20" PREVID="50373308" NEXTID="129171077" UPDATEDATE="2025-09-29" STARTDATE="2019-09-25" ENDDATE="2025-09-29" ISACTUAL="0" ISACTIVE="0" /><HOUSE ID="64760825" OBJECTID="4162520" OBJECTGUID="bcde1226-a4b4-40ea-9051-a95544fd207c" CHANGEID="7973507" HOUSENUM="1" HOUSETYPE="2" OPERTYPEID="20" PREVID="1620086" NEXTID="129168047" UPDATEDATE="2025-09-29" STARTDATE="2014-01-10" ENDDATE="2025-09-29" ISACTUAL="0" ISACTIVE="0" /><HOUSE ID="65161591" OBJECTID="61427440" OBJECTGUID="c2864b1c-2ad7-411f-8568-34898c29bab5" CHANGEID="91724398" HOUSENUM="73" HOUSETYPE="2" OPERTYPEID="20" PREVID="36871215" NEXTID="129170695" UPDATEDATE="2025-09-29" STARTDATE="2019-09-25" ENDDATE="2025-09-29" ISACTUAL="0" ISACTIVE="0" /><HOUSE ID="66186234" OBJECTID="47310330" OBJECTGUID="d10122f3-1420-4af8-9902-19339d6222ee" CHANGEID="71166695" HOUSENUM="7" HOUSETYPE="2" OPERTYPEID="20" PREVID="28288575" NEXTID="129180907" UPDATEDATE="2025-09-30" STARTDATE="2019-09-25" ENDDATE="2025-09-30" ISACTUAL="0" ISACTIVE="0" /><HOUSE ID="68230071" OBJECTID="78845170" OBJECTGUID="ede191e1-6754-40bc-95b7-56f79f0aafd8" CHANGEID="117195223" HOUSENUM="19а" HOUSETYPE="2" OPERTYPEID="20" PREVID="47630264" NEXTID="129170704" UPDATEDATE="2025-09-29" STARTDATE="2014-01-10" ENDDATE="2025-09-29" ISACTUAL="0" ISACTIVE="0" /><HOUSE ID="33811600" OBJECTID="56505361" OBJECTGUID="66e28f99-b454-4935-8adf-8e91c8f62f18" CHANGEID="84504357" HOUSENUM="53" HOUSETYPE="2" OPERTYPEID="10" PREVID="0" NEXTID="129187284" UPDATEDATE="2025-10-01" STARTDATE="1900-01-01" ENDDATE="2025-10-01" ISACTUAL="0" ISACTIVE="0" /><HOUSE ID="42029702" OBJECTID="69682785" OBJECTGUID="e0eab879-5b0f-4272-a135-1a074e649b4a" CHANGEID="103852821" HOUSENUM="20" HOUSETYPE="2" OPERTYPEID="10" PREVID="0" NEXTID="129190461" UPDATEDATE="2025-10-01" STARTDATE="2018-09-28" ENDDATE="2025-10-01" ISACTUAL="0" ISACTIVE="0" /><HOUSE ID="44355456" OBJECTID="73458119" OBJECTGUID="1947f2b1-0700-465e-aad3-10ec433935a2" CHANGEID="109361412" HOUSENUM="9" HOUSETYPE="2" OPERTYPEID="10" PREVID="0" NEXTID="129188253" UPDATEDATE="2025-10-01" STARTDATE="1900-01-01" ENDDATE="2025-10-01" ISACTUAL="0" ISACTIVE="0" /><HOUSE ID="56168892" OBJECTID="81926665" OBJECTGUID="439af7f7-cf77-415a-b5b5-bfa63f2242dc" CHANGEID="121741514" HOUSENUM="11" HOUSETYPE="2" OPERTYPEID="20" PREVID="49591993" NEXTID="129171142" UPDATEDATE="2025-09-29" STARTDATE="2019-09-25" ENDDATE="2025-09-29" ISACTUAL="0" ISACTIVE="0" /><HOUSE ID="52421391" OBJECTID="3024775" OBJECTGUID="0eabfa29-9242-4050-af60-8dc22589a828" CHANGEID="6332807" HOUSENUM="11" HOUSETYPE="2" OPERTYPEID="20" PREVID="935692" NEXTID="129172202" UPDATEDATE="2025-09-29" STARTDATE="2019-09-25" ENDDATE="2025-09-29" ISACTUAL="0" ISACTIVE="0" /><HOUSE ID="129168047" OBJECTID="4162520" OBJECTGUID="bcde1226-a4b4-40ea-9051-a95544fd207c" CHANGEID="689649840" HOUSENUM="1" HOUSETYPE="2" OPERTYPEID="30" PREVID="64760825" NEXTID="0" UPDATEDATE="2025-09-29" STARTDATE="2025-09-29" ENDDATE="2079-06-06" ISACTUAL="1" ISACTIVE="0" /><HOUSE ID="129170695" OBJECTID="61427440" OBJECTGUID="c2864b1c-2ad7-411f-8568-34898c29bab5" CHANGEID="689669302" HOUSENUM="73" HOUSETYPE="2" OPERTYPEID="30" PREVID="65161591" NEXTID="0" UPDATEDATE="2025-09-29" STARTDATE="2025-09-29" ENDDATE="2079-06-06" ISACTUAL="1" ISACTIVE="0" /><HOUSE ID="129170704" OBJECTID="78845170" OBJECTGUID="ede191e1-6754-40bc-95b7-56f79f0aafd8" CHANGEID="689669359" HOUSENUM="19а" HOUSETYPE="2" OPERTYPEID="30" PREVID="68230071" NEXTID="0" UPDATEDATE="2025-09-29" STARTDATE="2025-09-29" ENDDATE="2079-06-06" ISACTUAL="1" ISACTIVE="0" /><HOUSE ID="129171077" OBJECTID="83232296" OBJECTGUID="b86e5228-b7ef-4898-8518-4e3f9f510aa4" CHANGEID="689672478" HOUSENUM="5г" HOUSETYPE="2" OPERTYPEID="30" PREVID="64447641" NEXTID="0" UPDATEDATE="2025-09-29" STARTDATE="2025-09-29" ENDDATE="2079-06-06" ISACTUAL="1" ISACTIVE="0" /><HOUSE ID="129171090" OBJECTID="17763211" OBJECTGUID="80d92a12-3cdf-4833-86d8-95a716a1f066" CHANGEID="689672753" HOUSENUM="13" HOUSETYPE="2" OPERTYPEID="30" PREVID="60508177" NEXTID="0" UPDATEDATE="2025-09-29" STARTDATE="2025-09-29" ENDDATE="2079-06-06" ISACTUAL="1" ISACTIVE="0" /><HOUSE ID="129171027" OBJECTID="70390021" OBJECTGUID="942ff8bf-1654-4cfd-80af-5a55d172e071" CHANGEID="689671586" HOUSENUM="3" HOUSETYPE="2" OPERTYPEID="30" PREVID="61878033" NEXTID="0" UPDATEDATE="2025-09-29" STARTDATE="2025-09-29" ENDDATE="2079-06-06" ISACTUAL="1" ISACTIVE="0" /><HOUSE ID="61878033" OBJECTID="70390021" OBJECTGUID="942ff8bf-1654-4cfd-80af-5a55d172e071" CHANGEID="104886962" HOUSENUM="3" HOUSETYPE="2" OPERTYPEID="20" PREVID="42465191" NEXTID="129171027" UPDATEDATE="2025-09-29" STARTDATE="2019-09-25" ENDDATE="2025-09-29" ISACTUAL="0" ISACTIVE="0" /><HOUSE ID="129171033" OBJECTID="4654678" OBJECTGUID="627aa7e7-9a7a-446a-b74b-40eab3bea1ed" CHANGEID="689671621" HOUSENUM="33А" HOUSETYPE="2" OPERTYPEID="30" PREVID="58357316" NEXTID="0" UPDATEDATE="2025-09-29" STARTDATE="2025-09-29" ENDDATE="2079-06-06" ISACTUAL="1" ISACTIVE="0" /><HOUSE ID="129171076" OBJECTID="17739868" OBJECTGUID="5189ec46-90a3-4700-95c5-4e99bd901fa6" CHANGEID="689672452" HOUSENUM="2" HOUSETYPE="2" OPERTYPEID="30" PREVID="57156314" NEXTID="0" UPDATEDATE="2025-09-29" STARTDATE="2025-09-29" ENDDATE="2079-06-06" ISACTUAL="1" ISACTIVE="0" /><HOUSE ID="129171142" OBJECTID="81926665" OBJECTGUID="439af7f7-cf77-415a-b5b5-bfa63f2242dc" CHANGEID="689672987" HOUSENUM="11" HOUSETYPE="2" OPERTYPEID="30" PREVID="56168892" NEXTID="0" UPDATEDATE="2025-09-29" STARTDATE="2025-09-29" ENDDATE="2079-06-06" ISACTUAL="1" ISACTIVE="0" /><HOUSE ID="129172202" OBJECTID="3024775" OBJECTGUID="0eabfa29-9242-4050-af60-8dc22589a828" CHANGEID="689679056" HOUSENUM="11" HOUSETYPE="2" OPERTYPEID="30" PREVID="52421391" NEXTID="0" UPDATEDATE="2025-09-29" STARTDATE="2025-09-29" ENDDATE="2079-06-06" ISACTUAL="1" ISACTIVE="0" /><HOUSE ID="129172273" OBJECTID="80359157" OBJECTGUID="a5e2fe76-c593-47f7-b24b-a3d139e2dd70" CHANGEID="689679258" HOUSENUM="15" HOUSETYPE="2" OPERTYPEID="30" PREVID="63134181" NEXTID="0" UPDATEDATE="2025-09-29" STARTDATE="2025-09-29" ENDDATE="2079-06-06" ISACTUAL="1" ISACTIVE="0" /><HOUSE ID="129173363" OBJECTID="174938490" OBJECTGUID="4edf395b-3184-4c42-82f8-ca08f4fc572e" CHANGEID="689686850" HOUSENUM="6а" HOUSETYPE="2" OPERTYPEID="10" PREVID="0" NEXTID="0" UPDATEDATE="2025-09-29" STARTDATE="2025-09-29" ENDDATE="2079-06-06" ISACTUAL="1" ISACTIVE="1" /><HOUSE ID="129173409" OBJECTID="174938778" OBJECTGUID="f1751128-0883-4683-bc94-d1f4a92a06a7" CHANGEID="689687334" HOUSENUM="4" HOUSETYPE="2" OPERTYPEID="10" PREVID="0" NEXTID="0" UPDATEDATE="2025-09-29" STARTDATE="2025-09-29" ENDDATE="2079-06-06" ISACTUAL="1" ISACTIVE="1" /><HOUSE ID="129173721" OBJECTID="63802422" OBJECTGUID="6a394697-251f-475d-871e-0b8eda5ca8e9" CHANGEID="689688701" HOUSENUM="14" HOUSETYPE="2" OPERTYPEID="30" PREVID="58905861" NEXTID="0" UPDATEDATE="2025-09-29" STARTDATE="2025-09-29" ENDDATE="2079-06-06" ISACTUAL="1" ISACTIVE="0" /><HOUSE ID="129174217" OBJECTID="174941402" OBJECTGUID="9d202d0a-b0ea-4751-bd23-5b427053f80f" CHANGEID="689692926" HOUSENUM="13а" HOUSETYPE="2" OPERTYPEID="10" PREVID="0" NEXTID="0" UPDATEDATE="2025-09-29" STARTDATE="2025-09-29" ENDDATE="2079-06-06" ISACTUAL="1" ISACTIVE="1" /><HOUSE ID="129177279" OBJECTID="174950607" OBJECTGUID="7cd02ad8-3bfc-4192-9b65-ca3c8e0ca714" CHANGEID="689711173" HOUSENUM="21" HOUSETYPE="2" OPERTYPEID="10" PREVID="0" NEXTID="0" UPDATEDATE="2025-09-30" STARTDATE="2025-09-30" ENDDATE="2079-06-06" ISACTUAL="1" ISACTIVE="1" /><HOUSE ID="129177280" OBJECTID="174950608" OBJECTGUID="eb519154-0266-4e67-8669-77d6c089ebb9" CHANGEID="689711174" HOUSENUM="20" HOUSETYPE="2" OPERTYPEID="10" PREVID="0" NEXTID="0" UPDATEDATE="2025-09-30" STARTDATE="2025-09-30" ENDDATE="2079-06-06" ISACTUAL="1" ISACTIVE="1" /><HOUSE ID="129179848" OBJECTID="174958799" OBJECTGUID="28ee4367-97ac-4c87-9a58-20f795ba9e35" CHANGEID="689732745" HOUSENUM="15/1" HOUSETYPE="2" OPERTYPEID="10" PREVID="0" NEXTID="0" UPDATEDATE="2025-09-30" STARTDATE="2025-09-30" ENDDATE="2079-06-06" ISACTUAL="1" ISACTIVE="1" /><HOUSE ID="129180907" OBJECTID="47310330" OBJECTGUID="d10122f3-1420-4af8-9902-19339d6222ee" CHANGEID="689739713" HOUSENUM="7" HOUSETYPE="2" OPERTYPEID="30" PREVID="66186234" NEXTID="0" UPDATEDATE="2025-09-30" STARTDATE="2025-09-30" ENDDATE="2079-06-06" ISACTUAL="1" ISACTIVE="0" /><HOUSE ID="129183484" OBJECTID="174969349" OBJECTGUID="258cd00f-3026-4296-908b-3d780dccf2c7" CHANGEID="689756310" HOUSENUM="19" HOUSETYPE="2" OPERTYPEID="10" PREVID="0" NEXTID="0" UPDATEDATE="2025-09-30" STARTDATE="2025-09-30" ENDDATE="2079-06-06" ISACTUAL="1" ISACTIVE="1" /><HOUSE ID="129185543" OBJECTID="174975153" OBJECTGUID="24a8f554-aafd-412d-9c08-bc6473e099cd" CHANGEID="689787252" HOUSENUM="18" HOUSETYPE="2" OPERTYPEID="10" PREVID="0" NEXTID="0" UPDATEDATE="2025-10-01" STARTDATE="2025-10-01" ENDDATE="2079-06-06" ISACTUAL="1" ISACTIVE="1" /><HOUSE ID="129186848" OBJECTID="45192376" OBJECTGUID="044d04ec-d13e-49b9-b406-9cc5c3f56482" CHANGEID="689797233" HOUSENUM="23" HOUSETYPE="2" OPERTYPEID="30" PREVID="51685731" NEXTID="0" UPDATEDATE="2025-10-01" STARTDATE="2025-10-01" ENDDATE="2079-06-06" ISACTUAL="1" ISACTIVE="0" /><HOUSE ID="51685731" OBJECTID="45192376" OBJECTGUID="044d04ec-d13e-49b9-b406-9cc5c3f56482" CHANGEID="68086037" HOUSENUM="23" HOUSETYPE="2" OPERTYPEID="20" PREVID="26987611" NEXTID="129186848" UPDATEDATE="2025-10-01" STARTDATE="2019-09-25" ENDDATE="2025-10-01" ISACTUAL="0" ISACTIVE="0" /><HOUSE ID="129187282" OBJECTID="174981444" OBJECTGUID="0ab49cdb-59a0-482c-a29b-4f15eb74d772" CHANGEID="689799506" HOUSENUM="53/2" HOUSETYPE="2" OPERTYPEID="54" PREVID="111814775" NEXTID="0" UPDATEDATE="2025-10-01" STARTDATE="2025-10-01" ENDDATE="2079-06-06" ISACTUAL="1" ISACTIVE="1" /><HOUSE ID="129187283" OBJECTID="174981445" OBJECTGUID="76a4d565-d0d6-43cc-ad7f-80f6582381cf" CHANGEID="689799508" HOUSENUM="53/1" HOUSETYPE="2" OPERTYPEID="54" PREVID="111814776" NEXTID="0" UPDATEDATE="2025-10-01" STARTDATE="2025-10-01" ENDDATE="2079-06-06" ISACTUAL="1" ISACTIVE="1" /><HOUSE ID="129187284" OBJECTID="56505361" OBJECTGUID="66e28f99-b454-4935-8adf-8e91c8f62f18" CHANGEID="689799509" HOUSENUM="53" HOUSETYPE="2" OPERTYPEID="55" PREVID="33811600" UPDATEDATE="2025-10-01" STARTDATE="2025-10-01" ENDDATE="2079-06-06" ISACTUAL="1" ISACTIVE="0" /><HOUSE ID="129187638" OBJECTID="174982435" OBJECTGUID="35dcca6b-c88b-4f3d-9b15-404e728ec800" CHANGEID="689801344" HOUSENUM="20/2" HOUSETYPE="2" OPERTYPEID="54" PREVID="111815204" NEXTID="0" UPDATEDATE="2025-10-01" STARTDATE="2025-10-01" ENDDATE="2079-06-06" ISACTUAL="1" ISACTIVE="1" /><HOUSE ID="129187639" OBJECTID="174982436" OBJECTGUID="9355039e-613f-4598-8c9d-4893caea30eb" CHANGEID="689801346" HOUSENUM="20/1" HOUSETYPE="2" OPERTYPEID="54" PREVID="111815205" NEXTID="0" UPDATEDATE="2025-10-01" STARTDATE="2025-10-01" ENDDATE="2079-06-06" ISACTUAL="1" ISACTIVE="1" /><HOUSE ID="129187640" OBJECTID="8350192" OBJECTGUID="c2587bca-1ab3-44d8-bc99-a348cdd99f72" CHANGEID="689801347" HOUSENUM="20" HOUSETYPE="2" OPERTYPEID="55" PREVID="4222460" UPDATEDATE="2025-10-01" STARTDATE="2025-10-01" ENDDATE="2079-06-06" ISACTUAL="1" ISACTIVE="0" /><HOUSE ID="4222460" OBJECTID="8350192" OBJECTGUID="c2587bca-1ab3-44d8-bc99-a348cdd99f72" CHANGEID="14112379" HOUSENUM="20" HOUSETYPE="2" OPERTYPEID="10" PREVID="0" NEXTID="129187640" UPDATEDATE="2025-10-01" STARTDATE="1900-01-01" ENDDATE="2025-10-01" ISACTUAL="0" ISACTIVE="0" /><HOUSE ID="129187653" OBJECTID="174982502" OBJECTGUID="34918b14-061c-4bef-aef5-5290aeace0de" CHANGEID="689801492" HOUSENUM="12/1" HOUSETYPE="2" OPERTYPEID="54" PREVID="111815207" NEXTID="0" UPDATEDATE="2025-10-01" STARTDATE="2025-10-01" ENDDATE="2079-06-06" ISACTUAL="1" ISACTIVE="1" /><HOUSE ID="129187654" OBJECTID="174982503" OBJECTGUID="48937c97-853c-451b-879b-89ec512f1cec" CHANGEID="689801494" HOUSENUM="12/2" HOUSETYPE="2" OPERTYPEID="54" PREVID="111815208" NEXTID="0" UPDATEDATE="2025-10-01" STARTDATE="2025-10-01" ENDDATE="2079-06-06" ISACTUAL="1" ISACTIVE="1" /><HOUSE ID="129187655" OBJECTID="22302840" OBJECTGUID="ce95fad4-c62e-47d6-8d21-154225bf12f2" CHANGEID="689801495" HOUSENUM="12" HOUSETYPE="2" OPERTYPEID="55" PREVID="13150480" UPDATEDATE="2025-10-01" STARTDATE="2025-10-01" ENDDATE="2079-06-06" ISACTUAL="1" ISACTIVE="0" /><HOUSE ID="13150480" OBJECTID="22302840" OBJECTGUID="ce95fad4-c62e-47d6-8d21-154225bf12f2" CHANGEID="34775693" HOUSENUM="12" HOUSETYPE="2" OPERTYPEID="10" PREVID="0" NEXTID="129187655" UPDATEDATE="2025-10-01" STARTDATE="1900-01-01" ENDDATE="2025-10-01" ISACTUAL="0" ISACTIVE="0" /><HOUSE ID="129187662" OBJECTID="174982542" OBJECTGUID="c08acd2e-587d-497f-bbec-fc0c509d846e" CHANGEID="689801559" HOUSENUM="17/2" HOUSETYPE="2" OPERTYPEID="54" PREVID="111815224" NEXTID="0" UPDATEDATE="2025-10-01" STARTDATE="2025-10-01" ENDDATE="2079-06-06" ISACTUAL="1" ISACTIVE="1" /><HOUSE ID="129187663" OBJECTID="174982543" OBJECTGUID="2d8c3840-8d14-460d-b536-5d1ae2d7e4f5" CHANGEID="689801561" HOUSENUM="17/1" HOUSETYPE="2" OPERTYPEID="54" PREVID="111815225" NEXTID="0" UPDATEDATE="2025-10-01" STARTDATE="2025-10-01" ENDDATE="2079-06-06" ISACTUAL="1" ISACTIVE="1" /><HOUSE ID="129187664" OBJECTID="22356737" OBJECTGUID="f29a6a4f-7676-4228-82e1-8fdd6e3be7b7" CHANGEID="689801562" HOUSENUM="17" HOUSETYPE="2" OPERTYPEID="55" PREVID="13184177" UPDATEDATE="2025-10-01" STARTDATE="2025-10-01" ENDDATE="2079-06-06" ISACTUAL="1" ISACTIVE="0" /><HOUSE ID="13184177" OBJECTID="22356737" OBJECTGUID="f29a6a4f-7676-4228-82e1-8fdd6e3be7b7" CHANGEID="34855964" HOUSENUM="17" HOUSETYPE="2" OPERTYPEID="10" PREVID="0" NEXTID="129187664" UPDATEDATE="2025-10-01" STARTDATE="1900-01-01" ENDDATE="2025-10-01" ISACTUAL="0" ISACTIVE="0" /><HOUSE ID="129188251" OBJECTID="174983702" OBJECTGUID="8c197b5d-bc06-45e1-8ca1-a039d8b6c14b" CHANGEID="689803865" HOUSENUM="9/2" HOUSETYPE="2" OPERTYPEID="54" PREVID="111815459" NEXTID="0" UPDATEDATE="2025-10-01" STARTDATE="2025-10-01" ENDDATE="2079-06-06" ISACTUAL="1" ISACTIVE="1" /><HOUSE ID="129188252" OBJECTID="174983703" OBJECTGUID="bd858c0f-e5ab-49ab-a2f1-c2a3897241ad" CHANGEID="689803867" HOUSENUM="9/1" HOUSETYPE="2" OPERTYPEID="54" PREVID="111815460" NEXTID="0" UPDATEDATE="2025-10-01" STARTDATE="2025-10-01" ENDDATE="2079-06-06" ISACTUAL="1" ISACTIVE="1" /><HOUSE ID="129188253" OBJECTID="73458119" OBJECTGUID="1947f2b1-0700-465e-aad3-10ec433935a2" CHANGEID="689803868" HOUSENUM="9" HOUSETYPE="2" OPERTYPEID="55" PREVID="44355456" UPDATEDATE="2025-10-01" STARTDATE="2025-10-01" ENDDATE="2079-06-06" ISACTUAL="1" ISACTIVE="0" /><HOUSE ID="129188261" OBJECTID="174983738" OBJECTGUID="b27bb212-d2f4-4f96-a5ad-cbbd0d1325aa" CHANGEID="689804164" HOUSENUM="1/2" HOUSETYPE="2" OPERTYPEID="54" PREVID="111815668" NEXTID="0" UPDATEDATE="2025-10-01" STARTDATE="2025-10-01" ENDDATE="2079-06-06" ISACTUAL="1" ISACTIVE="1" /><HOUSE ID="129188262" OBJECTID="174983739" OBJECTGUID="2464ff33-7afc-48e9-af9a-79f952896116" CHANGEID="689804166" HOUSENUM="1/1" HOUSETYPE="2" OPERTYPEID="54" PREVID="111815669" NEXTID="0" UPDATEDATE="2025-10-01" STARTDATE="2025-10-01" ENDDATE="2079-06-06" ISACTUAL="1" ISACTIVE="1" /><HOUSE ID="129188263" OBJECTID="73464799" OBJECTGUID="a1a21952-2d11-471d-b295-77fafbccd852" CHANGEID="689804167" HOUSENUM="1" HOUSETYPE="2" OPERTYPEID="55" PREVID="44360150" UPDATEDATE="2025-10-01" STARTDATE="2025-10-01" ENDDATE="2079-06-06" ISACTUAL="1" ISACTIVE="0" /><HOUSE ID="44360150" OBJECTID="73464799" OBJECTGUID="a1a21952-2d11-471d-b295-77fafbccd852" CHANGEID="109371625" HOUSENUM="1" HOUSETYPE="2" OPERTYPEID="10" PREVID="0" NEXTID="129188263" UPDATEDATE="2025-10-01" STARTDATE="1900-01-01" ENDDATE="2025-10-01" ISACTUAL="0" ISACTIVE="0" /><HOUSE ID="129188295" OBJECTID="174983800" OBJECTGUID="4480ba8b-7826-4c0e-ac80-8d9ecbf59cf0" CHANGEID="689804615" HOUSENUM="4/2" HOUSETYPE="2" OPERTYPEID="54" PREVID="111815863" NEXTID="0" UPDATEDATE="2025-10-01" STARTDATE="2025-10-01" ENDDATE="2079-06-06" ISACTUAL="1" ISACTIVE="1" /><HOUSE ID="129188296" OBJECTID="174983801" OBJECTGUID="fddafc6b-79dd-4382-80f8-962592365b7d" CHANGEID="689804617" HOUSENUM="4/1" HOUSETYPE="2" OPERTYPEID="54" PREVID="111815864" NEXTID="0" UPDATEDATE="2025-10-01" STARTDATE="2025-10-01" ENDDATE="2079-06-06" ISACTUAL="1" ISACTIVE="1" /><HOUSE ID="129188297" OBJECTID="44410703" OBJECTGUID="cc11fdaf-a547-4e90-bc7f-f552ad68050f" CHANGEID="689804618" HOUSENUM="4" HOUSETYPE="2" OPERTYPEID="55" PREVID="26517761" UPDATEDATE="2025-10-01" STARTDATE="2025-10-01" ENDDATE="2079-06-06" ISACTUAL="1" ISACTIVE="0" /><HOUSE ID="26517761" OBJECTID="44410703" OBJECTGUID="cc11fdaf-a547-4e90-bc7f-f552ad68050f" CHANGEID="66950071" HOUSENUM="4" HOUSETYPE="2" OPERTYPEID="10" PREVID="0" NEXTID="129188297" UPDATEDATE="2025-10-01" STARTDATE="1900-01-01" ENDDATE="2025-10-01" ISACTUAL="0" ISACTIVE="0" /><HOUSE ID="129188481" OBJECTID="174984677" OBJECTGUID="164d2aa4-74af-435b-afb7-ef6ded2b7bf0" CHANGEID="689806528" HOUSENUM="27" HOUSETYPE="2" OPERTYPEID="10" PREVID="0" NEXTID="0" UPDATEDATE="2025-10-01" STARTDATE="2025-10-01" ENDDATE="2079-06-06" ISACTUAL="1" ISACTIVE="1" /><HOUSE ID="129189744" OBJECTID="174988752" OBJECTGUID="f14214d0-4c33-4b4f-a8be-c438b3c19c9c" CHANGEID="689813650" HOUSENUM="1А" HOUSETYPE="2" OPERTYPEID="10" PREVID="0" NEXTID="0" UPDATEDATE="2025-10-01" STARTDATE="2025-10-01" ENDDATE="2079-06-06" ISACTUAL="1" ISACTIVE="1" /><HOUSE ID="129190092" OBJECTID="55413277" OBJECTGUID="50365922-2127-4eea-863c-31885cd35f8f" CHANGEID="689815895" HOUSENUM="7" HOUSETYPE="2" OPERTYPEID="30" PREVID="57061917" NEXTID="0" UPDATEDATE="2025-10-01" STARTDATE="2025-10-01" ENDDATE="2079-06-06" ISACTUAL="1" ISACTIVE="0" /><HOUSE ID="129190321" OBJECTID="174990201" OBJECTGUID="d041c772-4dc2-4a01-9bdd-92db8af4c170" CHANGEID="689816745" HOUSENUM="53" HOUSETYPE="5" OPERTYPEID="10" PREVID="0" NEXTID="0" UPDATEDATE="2025-10-01" STARTDATE="2025-10-01" ENDDATE="2079-06-06" ISACTUAL="1" ISACTIVE="1" /><HOUSE ID="129190335" OBJECTID="35898636" OBJECTGUID="5081c99e-0a06-489e-b52f-ba03e1e5c63c" CHANGEID="689816813" HOUSENUM="2" HOUSETYPE="2" OPERTYPEID="30" PREVID="57082606" NEXTID="0" UPDATEDATE="2025-10-01" STARTDATE="2025-10-01" ENDDATE="2079-06-06" ISACTUAL="1" ISACTIVE="0" /><HOUSE ID="57082606" OBJECTID="35898636" OBJECTGUID="5081c99e-0a06-489e-b52f-ba03e1e5c63c" CHANGEID="54515811" HOUSENUM="2" HOUSETYPE="2" OPERTYPEID="20" PREVID="21331930" NEXTID="129190335" UPDATEDATE="2025-10-01" STARTDATE="2015-10-25" ENDDATE="2025-10-01" ISACTUAL="0" ISACTIVE="0" /><HOUSE ID="129190461" OBJECTID="69682785" OBJECTGUID="e0eab879-5b0f-4272-a135-1a074e649b4a" CHANGEID="689817185" HOUSENUM="20" HOUSETYPE="2" OPERTYPEID="30" PREVID="42029702" NEXTID="0" UPDATEDATE="2025-10-01" STARTDATE="2025-10-01" ENDDATE="2079-06-06" ISACTUAL="1" ISACTIVE="0" /><HOUSE ID="129190516" OBJECTID="69685954" OBJECTGUID="9fdfadfd-2799-4be4-aa39-94a12ca83fe8" CHANGEID="689817562" HOUSENUM="22" HOUSETYPE="2" OPERTYPEID="30" PREVID="42032067" NEXTID="0" UPDATEDATE="2025-10-01" STARTDATE="2025-10-01" ENDDATE="2079-06-06" ISACTUAL="1" ISACTIVE="0" /><HOUSE ID="42032067" OBJECTID="69685954" OBJECTGUID="9fdfadfd-2799-4be4-aa39-94a12ca83fe8" CHANGEID="103857801" HOUSENUM="22" HOUSETYPE="2" OPERTYPEID="10" PREVID="0" NEXTID="129190516" UPDATEDATE="2025-10-01" STARTDATE="2018-09-28" ENDDATE="2025-10-01" ISACTUAL="0" ISACTIVE="0" /><HOUSE ID="129190541" OBJECTID="7852123" OBJECTGUID="3c99496d-284c-44f6-8cac-4ace7d7071a9" CHANGEID="689817649" HOUSENUM="45" HOUSETYPE="2" OPERTYPEID="30" PREVID="55673538" NEXTID="0" UPDATEDATE="2025-10-01" STARTDATE="2025-10-01" ENDDATE="2079-06-06" ISACTUAL="1" ISACTIVE="0" /><HOUSE ID="55673538" OBJECTID="7852123" OBJECTGUID="3c99496d-284c-44f6-8cac-4ace7d7071a9" CHANGEID="13373678" HOUSENUM="45" HOUSETYPE="2" OPERTYPEID="20" PREVID="3910006" NEXTID="129190541" UPDATEDATE="2025-10-01" STARTDATE="2015-10-25" ENDDATE="2025-10-01" ISACTUAL="0" ISACTIVE="0" /><HOUSE ID="129190621" OBJECTID="174990899" OBJECTGUID="f899bca7-a63d-4c13-9b80-fd66f8f82bc1" CHANGEID="689817953" HOUSENUM="15/2" HOUSETYPE="2" OPERTYPEID="54" PREVID="111818449" NEXTID="0" UPDATEDATE="2025-10-01" STARTDATE="2025-10-01" ENDDATE="2079-06-06" ISACTUAL="1" ISACTIVE="1" /><HOUSE ID="129190622" OBJECTID="174990900" OBJECTGUID="7090627f-eda7-49a0-aa64-697ffb797001" CHANGEID="689817955" HOUSENUM="15/1" HOUSETYPE="2" OPERTYPEID="54" PREVID="111818450" NEXTID="0" UPDATEDATE="2025-10-01" STARTDATE="2025-10-01" ENDDATE="2079-06-06" ISACTUAL="1" ISACTIVE="1" /><HOUSE ID="129190623" OBJECTID="28876936" OBJECTGUID="427f2eec-f519-4418-8298-96862195ad15" CHANGEID="689817956" HOUSENUM="15" HOUSETYPE="2" OPERTYPEID="55" PREVID="17136327" UPDATEDATE="2025-10-01" STARTDATE="2025-10-01" ENDDATE="2079-06-06" ISACTUAL="1" ISACTIVE="0" /><HOUSE ID="17136327" OBJECTID="28876936" OBJECTGUID="427f2eec-f519-4418-8298-96862195ad15" CHANGEID="44373123" HOUSENUM="15" HOUSETYPE="2" OPERTYPEID="10" PREVID="0" NEXTID="129190623" UPDATEDATE="2025-10-01" STARTDATE="1900-01-01" ENDDATE="2025-10-01" ISACTUAL="0" ISACTIVE="0" /></HOUSES>