﻿<?xml version="1.0" encoding="utf-8"?><REESTR_OBJECTS><OBJECT OBJECTID="38455506" OBJECTGUID="07313ea8-3e90-4d7a-a242-5ed6e08ddee9" CHANGEID="689649109" ISACTIVE="1" LEVELID="10" CREATEDATE="2019-10-17" UPDATEDATE="2025-09-29" /><OBJECT OBJECTID="160495007" OBJECTGUID="80c6fab4-52b8-40ab-8eb9-dd1707c794ae" CHANGEID="689734171" ISACTIVE="1" LEVELID="10" CREATEDATE="2023-09-27" UPDATEDATE="2025-09-30" /><OBJECT OBJECTID="100128644" OBJECTGUID="7f8f954c-bdd4-4722-a1c2-e85bd33499ce" CHANGEID="689759062" ISACTIVE="1" LEVELID="10" CREATEDATE="2021-01-29" UPDATEDATE="2025-09-30" /><OBJECT OBJECTID="45431889" OBJECTGUID="03762be0-0638-4b88-af09-60d4125c6074" CHANGEID="689690908" ISACTIVE="1" LEVELID="10" CREATEDATE="2019-07-14" UPDATEDATE="2025-09-29" /><OBJECT OBJECTID="45613855" OBJECTGUID="d2a35b9c-1767-4bc7-a320-37cfd8acb24f" CHANGEID="689688296" ISACTIVE="1" LEVELID="10" CREATEDATE="2019-09-19" UPDATEDATE="2025-09-29" /><OBJECT OBJECTID="38501524" OBJECTGUID="9fee63c0-2787-4cdd-bee1-781a801ae110" CHANGEID="689649406" ISACTIVE="1" LEVELID="10" CREATEDATE="2019-07-14" UPDATEDATE="2025-09-29" /><OBJECT OBJECTID="38522377" OBJECTGUID="cd714c05-f407-410c-8592-7e3c4bca501c" CHANGEID="689649357" ISACTIVE="1" LEVELID="10" CREATEDATE="2019-07-14" UPDATEDATE="2025-09-29" /><OBJECT OBJECTID="31237250" OBJECTGUID="92868e43-3aee-4bd3-8b7c-78578d43f9ba" CHANGEID="689693639" ISACTIVE="1" LEVELID="10" CREATEDATE="2019-07-14" UPDATEDATE="2025-09-29" /><OBJECT OBJECTID="53996708" OBJECTGUID="02da0d58-5621-4ca0-ade7-9b0056593cc3" CHANGEID="689806531" ISACTIVE="1" LEVELID="10" CREATEDATE="2019-07-14" UPDATEDATE="2025-10-01" /><OBJECT OBJECTID="19321173" OBJECTGUID="ce92c5f9-6ede-4708-9cea-4a8691bf3e40" CHANGEID="689694279" ISACTIVE="1" LEVELID="10" CREATEDATE="2019-07-14" UPDATEDATE="2025-09-29" /><OBJECT OBJECTID="32381525" OBJECTGUID="e965f989-d41b-4a5e-875f-3353329c6282" CHANGEID="689824970" ISACTIVE="1" LEVELID="10" CREATEDATE="2019-09-19" UPDATEDATE="2025-10-01" /><OBJECT OBJECTID="38446449" OBJECTGUID="e2e82017-a118-4692-8ccb-99eb5437d2f8" CHANGEID="689649252" ISACTIVE="1" LEVELID="10" CREATEDATE="2019-09-25" UPDATEDATE="2025-09-29" /><OBJECT OBJECTID="61427440" OBJECTGUID="c2864b1c-2ad7-411f-8568-34898c29bab5" CHANGEID="689669302" ISACTIVE="0" LEVELID="10" CREATEDATE="2019-09-25" UPDATEDATE="2025-09-29" /><OBJECT OBJECTID="69262218" OBJECTGUID="f319fd91-d4f3-4de8-924d-37b2e447b325" CHANGEID="689734169" ISACTIVE="1" LEVELID="10" CREATEDATE="2019-07-14" UPDATEDATE="2025-09-30" /><OBJECT OBJECTID="64573598" OBJECTGUID="b2be3143-4412-47a8-a13e-c944eb249121" CHANGEID="689735132" ISACTIVE="1" LEVELID="10" CREATEDATE="2019-11-25" UPDATEDATE="2025-09-30" /><OBJECT OBJECTID="173035659" OBJECTGUID="a963f772-5342-4470-adfa-8e96520a5e6a" CHANGEID="689746184" ISACTIVE="1" LEVELID="10" CREATEDATE="2025-06-23" UPDATEDATE="2025-09-30" /><OBJECT OBJECTID="66993683" OBJECTGUID="cc11681a-3910-4e2b-bd71-14d3feedc182" CHANGEID="689693890" ISACTIVE="0" LEVELID="11" CREATEDATE="2019-07-19" UPDATEDATE="2025-09-29" /><OBJECT OBJECTID="66180540" OBJECTGUID="18d3c061-3fae-44bb-b72f-f1b30cda4bcf" CHANGEID="689692752" ISACTIVE="1" LEVELID="10" CREATEDATE="2017-12-18" UPDATEDATE="2025-09-29" /><OBJECT OBJECTID="3734713" OBJECTGUID="af6ababe-e8d0-408b-8bda-70b15cd1240e" CHANGEID="689736980" ISACTIVE="1" LEVELID="10" CREATEDATE="2019-09-27" UPDATEDATE="2025-09-30" /><OBJECT OBJECTID="30200708" OBJECTGUID="13090f22-00b6-47bd-8c5d-9bb970e67375" CHANGEID="689734568" ISACTIVE="1" LEVELID="10" CREATEDATE="2019-11-25" UPDATEDATE="2025-09-30" /><OBJECT OBJECTID="61628660" OBJECTGUID="57d8b249-aca1-4b0c-b2f2-8feef6d707e1" CHANGEID="689752294" ISACTIVE="1" LEVELID="11" CREATEDATE="2019-02-06" UPDATEDATE="2025-09-30" /><OBJECT OBJECTID="28878184" OBJECTGUID="7a02488d-d6a5-43a0-959a-77cf037cd032" CHANGEID="689817954" ISACTIVE="0" LEVELID="11" CREATEDATE="2020-01-06" UPDATEDATE="2025-10-01" /><OBJECT OBJECTID="38534250" OBJECTGUID="df89fe9c-164f-411b-8e7d-8e9836ca3ed6" CHANGEID="689649235" ISACTIVE="1" LEVELID="10" CREATEDATE="2019-07-14" UPDATEDATE="2025-09-29" /><OBJECT OBJECTID="38558240" OBJECTGUID="0de5f21f-4de3-4190-885c-a78b965655d6" CHANGEID="689738236" ISACTIVE="1" LEVELID="10" CREATEDATE="2019-07-14" UPDATEDATE="2025-09-30" /><OBJECT OBJECTID="53716091" OBJECTGUID="1826c2ad-47aa-491e-84ea-331a45f0e49b" CHANGEID="689798713" ISACTIVE="1" LEVELID="10" CREATEDATE="2019-07-14" UPDATEDATE="2025-10-01" /><OBJECT OBJECTID="78845170" OBJECTGUID="ede191e1-6754-40bc-95b7-56f79f0aafd8" CHANGEID="689669359" ISACTIVE="0" LEVELID="10" CREATEDATE="2017-12-18" UPDATEDATE="2025-09-29" /><OBJECT OBJECTID="80359157" OBJECTGUID="a5e2fe76-c593-47f7-b24b-a3d139e2dd70" CHANGEID="689679258" ISACTIVE="0" LEVELID="10" CREATEDATE="2019-07-14" UPDATEDATE="2025-09-29" /><OBJECT OBJECTID="81595566" OBJECTGUID="8dc802c9-ca60-405f-85dc-b8190c473377" CHANGEID="689649470" ISACTIVE="1" LEVELID="10" CREATEDATE="2019-09-25" UPDATEDATE="2025-09-29" /><OBJECT OBJECTID="83232296" OBJECTGUID="b86e5228-b7ef-4898-8518-4e3f9f510aa4" CHANGEID="689672478" ISACTIVE="0" LEVELID="10" CREATEDATE="2019-09-25" UPDATEDATE="2025-09-29" /><OBJECT OBJECTID="83835093" OBJECTGUID="b1e984f5-7c95-4206-ab1c-ac9e989f969b" CHANGEID="689815181" ISACTIVE="1" LEVELID="10" CREATEDATE="2017-12-18" UPDATEDATE="2025-10-01" /><OBJECT OBJECTID="84213863" OBJECTGUID="a4ad41d9-fcc8-4efa-93c9-4e55bb1c784d" CHANGEID="689648988" ISACTIVE="1" LEVELID="11" CREATEDATE="2017-05-18" UPDATEDATE="2025-09-29" /><OBJECT OBJECTID="86314970" OBJECTGUID="ff577311-575e-4793-bbf0-18ed97879b6c" CHANGEID="689813756" ISACTIVE="1" LEVELID="9" CREATEDATE="2017-08-04" UPDATEDATE="2025-10-01" /><OBJECT OBJECTID="38608815" OBJECTGUID="f94e0093-5603-463f-9bba-f8dc2a1f6140" CHANGEID="689738237" ISACTIVE="1" LEVELID="10" CREATEDATE="2019-07-14" UPDATEDATE="2025-09-30" /><OBJECT OBJECTID="71305237" OBJECTGUID="fd2171e7-d22f-4552-9b23-2a319dc036b8" CHANGEID="689752185" ISACTIVE="1" LEVELID="10" CREATEDATE="2017-12-18" UPDATEDATE="2025-09-30" /><OBJECT OBJECTID="93069533" OBJECTGUID="de56f7a5-6fa2-4aa1-bb9a-a4c3a5c6735a" CHANGEID="689813698" ISACTIVE="1" LEVELID="9" CREATEDATE="2017-08-04" UPDATEDATE="2025-10-01" /><OBJECT OBJECTID="63802422" OBJECTGUID="6a394697-251f-475d-871e-0b8eda5ca8e9" CHANGEID="689688701" ISACTIVE="0" LEVELID="10" CREATEDATE="2017-12-17" UPDATEDATE="2025-09-29" /><OBJECT OBJECTID="53799477" OBJECTGUID="3edde2c8-9ef2-4fd7-8173-6245a7eb29a7" CHANGEID="689820062" ISACTIVE="1" LEVELID="10" CREATEDATE="2019-09-27" UPDATEDATE="2025-10-01" /><OBJECT OBJECTID="174917336" OBJECTGUID="811bd3d5-be22-4523-909b-2d6aa27b6ea0" CHANGEID="689640692" ISACTIVE="1" LEVELID="9" CREATEDATE="2025-09-29" UPDATEDATE="2025-09-29" /><OBJECT OBJECTID="6696935" OBJECTGUID="c1b99d88-a32b-4c65-8359-0b67ea72ac36" CHANGEID="689806549" ISACTIVE="0" LEVELID="12" CREATEDATE="2017-01-29" UPDATEDATE="2025-10-01" /><OBJECT OBJECTID="174928588" OBJECTGUID="7091d59e-6d46-4fff-8512-bf4343523fae" CHANGEID="689665766" ISACTIVE="1" LEVELID="9" CREATEDATE="2025-09-29" UPDATEDATE="2025-09-29" /><OBJECT OBJECTID="70390021" OBJECTGUID="942ff8bf-1654-4cfd-80af-5a55d172e071" CHANGEID="689671586" ISACTIVE="0" LEVELID="10" CREATEDATE="2019-09-25" UPDATEDATE="2025-09-29" /><OBJECT OBJECTID="4162520" OBJECTGUID="bcde1226-a4b4-40ea-9051-a95544fd207c" CHANGEID="689649840" ISACTIVE="0" LEVELID="10" CREATEDATE="2017-12-18" UPDATEDATE="2025-09-29" /><OBJECT OBJECTID="4654678" OBJECTGUID="627aa7e7-9a7a-446a-b74b-40eab3bea1ed" CHANGEID="689671621" ISACTIVE="0" LEVELID="10" CREATEDATE="2019-09-20" UPDATEDATE="2025-09-29" /><OBJECT OBJECTID="174939628" OBJECTGUID="a412a917-d278-4ab3-86b9-a2e94f2f8dd3" CHANGEID="689688861" ISACTIVE="1" LEVELID="9" CREATEDATE="2025-09-29" UPDATEDATE="2025-09-29" /><OBJECT OBJECTID="174940573" OBJECTGUID="dbbabe00-c1eb-40f3-8d75-4de472e7a45e" CHANGEID="689691227" ISACTIVE="1" LEVELID="11" CREATEDATE="2025-09-29" UPDATEDATE="2025-09-29" /><OBJECT OBJECTID="174940574" OBJECTGUID="f33fe1cc-23b6-45ac-ac71-2f38fef66240" CHANGEID="689691228" ISACTIVE="1" LEVELID="11" CREATEDATE="2025-09-29" UPDATEDATE="2025-09-29" /><OBJECT OBJECTID="174940575" OBJECTGUID="d6f3b4c6-9303-4b4a-adcc-ce9039874015" CHANGEID="689691229" ISACTIVE="1" LEVELID="11" CREATEDATE="2025-09-29" UPDATEDATE="2025-09-29" /><OBJECT OBJECTID="174941343" OBJECTGUID="71878b6a-b5ba-4aab-81bf-720c0a4082ec" CHANGEID="689692773" ISACTIVE="1" LEVELID="9" CREATEDATE="2025-09-29" UPDATEDATE="2025-09-29" /><OBJECT OBJECTID="174941402" OBJECTGUID="9d202d0a-b0ea-4751-bd23-5b427053f80f" CHANGEID="689692926" ISACTIVE="1" LEVELID="10" CREATEDATE="2025-09-29" UPDATEDATE="2025-09-29" /><OBJECT OBJECTID="174938490" OBJECTGUID="4edf395b-3184-4c42-82f8-ca08f4fc572e" CHANGEID="689686850" ISACTIVE="1" LEVELID="10" CREATEDATE="2025-09-29" UPDATEDATE="2025-09-29" /><OBJECT OBJECTID="174938708" OBJECTGUID="ebdd5170-c9be-48f4-bc06-ccec1147677b" CHANGEID="689687143" ISACTIVE="1" LEVELID="9" CREATEDATE="2025-09-29" UPDATEDATE="2025-09-29" /><OBJECT OBJECTID="174938778" OBJECTGUID="f1751128-0883-4683-bc94-d1f4a92a06a7" CHANGEID="689687334" ISACTIVE="1" LEVELID="10" CREATEDATE="2025-09-29" UPDATEDATE="2025-09-29" /><OBJECT OBJECTID="174938936" OBJECTGUID="f8baf958-3fe2-4b7d-b26e-344046a25940" CHANGEID="689687687" ISACTIVE="1" LEVELID="9" CREATEDATE="2025-09-29" UPDATEDATE="2025-09-29" /><OBJECT OBJECTID="174938969" OBJECTGUID="e4db2ba5-ebf9-4833-a597-22afc247480f" CHANGEID="689687767" ISACTIVE="1" LEVELID="9" CREATEDATE="2025-09-29" UPDATEDATE="2025-09-29" /><OBJECT OBJECTID="174950607" OBJECTGUID="7cd02ad8-3bfc-4192-9b65-ca3c8e0ca714" CHANGEID="689711173" ISACTIVE="1" LEVELID="10" CREATEDATE="2025-09-30" UPDATEDATE="2025-09-30" /><OBJECT OBJECTID="174950608" OBJECTGUID="eb519154-0266-4e67-8669-77d6c089ebb9" CHANGEID="689711174" ISACTIVE="1" LEVELID="10" CREATEDATE="2025-09-30" UPDATEDATE="2025-09-30" /><OBJECT OBJECTID="174951456" OBJECTGUID="0c22918b-1f86-47ec-b366-6da3f97fb435" CHANGEID="689712463" ISACTIVE="1" LEVELID="12" CREATEDATE="2025-09-30" UPDATEDATE="2025-09-30" /><OBJECT OBJECTID="174951617" OBJECTGUID="6fb8a53e-5fbd-461f-bd5e-a8874d8138b2" CHANGEID="689712782" ISACTIVE="1" LEVELID="9" CREATEDATE="2025-09-30" UPDATEDATE="2025-09-30" /><OBJECT OBJECTID="174951635" OBJECTGUID="ee218b2a-d75f-4022-bfd9-887243e590cc" CHANGEID="689712820" ISACTIVE="1" LEVELID="9" CREATEDATE="2025-09-30" UPDATEDATE="2025-09-30" /><OBJECT OBJECTID="174952818" OBJECTGUID="74c41aad-214b-4ada-ba79-c8eef9248693" CHANGEID="689718210" ISACTIVE="1" LEVELID="9" CREATEDATE="2025-09-30" UPDATEDATE="2025-09-30" /><OBJECT OBJECTID="174958799" OBJECTGUID="28ee4367-97ac-4c87-9a58-20f795ba9e35" CHANGEID="689732745" ISACTIVE="1" LEVELID="10" CREATEDATE="2025-09-30" UPDATEDATE="2025-09-30" /><OBJECT OBJECTID="64574576" OBJECTGUID="b3a0b91e-6f6a-41dc-a546-e38a1cfcfe64" CHANGEID="689735133" ISACTIVE="1" LEVELID="10" CREATEDATE="2019-07-14" UPDATEDATE="2025-09-30" /><OBJECT OBJECTID="174961388" OBJECTGUID="be41fc60-cc10-4e43-96cc-616dd008ff1d" CHANGEID="689738171" ISACTIVE="1" LEVELID="9" CREATEDATE="2025-09-30" UPDATEDATE="2025-09-30" /><OBJECT OBJECTID="174962150" OBJECTGUID="495a14ed-a416-4957-b274-184134c3fd8a" CHANGEID="689740173" ISACTIVE="1" LEVELID="9" CREATEDATE="2025-09-30" UPDATEDATE="2025-09-30" /><OBJECT OBJECTID="174962183" OBJECTGUID="9d2ffc7f-fe8b-4fa4-a671-3f1dbd5dd21d" CHANGEID="689740251" ISACTIVE="1" LEVELID="9" CREATEDATE="2025-09-30" UPDATEDATE="2025-09-30" /><OBJECT OBJECTID="174962218" OBJECTGUID="5dc58271-4685-4334-af49-81fa82cc37f5" CHANGEID="689740322" ISACTIVE="1" LEVELID="9" CREATEDATE="2025-09-30" UPDATEDATE="2025-09-30" /><OBJECT OBJECTID="7268601" OBJECTGUID="cf5b319f-8881-4cbc-bc61-17b9bde465e6" CHANGEID="689690727" ISACTIVE="1" LEVELID="10" CREATEDATE="2017-12-17" UPDATEDATE="2025-09-29" /><OBJECT OBJECTID="174967182" OBJECTGUID="1c37658a-eca0-4aa4-80a7-be90e22eb211" CHANGEID="689751162" ISACTIVE="1" LEVELID="11" CREATEDATE="2025-09-30" UPDATEDATE="2025-09-30" /><OBJECT OBJECTID="174967612" OBJECTGUID="cdc729f6-4f22-47a0-9ee7-a48915c3c22e" CHANGEID="689752407" ISACTIVE="1" LEVELID="9" CREATEDATE="2025-09-30" UPDATEDATE="2025-09-30" /><OBJECT OBJECTID="174967698" OBJECTGUID="24253b0a-386a-4c98-8a48-4d35b62cd5d1" CHANGEID="689752579" ISACTIVE="1" LEVELID="8" CREATEDATE="2025-09-30" UPDATEDATE="2025-09-30" /><OBJECT OBJECTID="174969324" OBJECTGUID="94ae19db-5d84-47f5-8267-7d0e856fa25c" CHANGEID="689756271" ISACTIVE="1" LEVELID="9" CREATEDATE="2025-09-30" UPDATEDATE="2025-09-30" /><OBJECT OBJECTID="174969349" OBJECTGUID="258cd00f-3026-4296-908b-3d780dccf2c7" CHANGEID="689756310" ISACTIVE="1" LEVELID="10" CREATEDATE="2025-09-30" UPDATEDATE="2025-09-30" /><OBJECT OBJECTID="174975146" OBJECTGUID="7b142f35-a9c8-4d30-b3e4-ecd6ba3ce68d" CHANGEID="689787225" ISACTIVE="1" LEVELID="9" CREATEDATE="2025-10-01" UPDATEDATE="2025-10-01" /><OBJECT OBJECTID="174975153" OBJECTGUID="24a8f554-aafd-412d-9c08-bc6473e099cd" CHANGEID="689787252" ISACTIVE="1" LEVELID="10" CREATEDATE="2025-10-01" UPDATEDATE="2025-10-01" /><OBJECT OBJECTID="56506484" OBJECTGUID="5bbf43fb-e567-43fd-91e8-44264449ddbb" CHANGEID="689799505" ISACTIVE="0" LEVELID="11" CREATEDATE="2020-01-06" UPDATEDATE="2025-10-01" /><OBJECT OBJECTID="174981444" OBJECTGUID="0ab49cdb-59a0-482c-a29b-4f15eb74d772" CHANGEID="689799506" ISACTIVE="1" LEVELID="10" CREATEDATE="2025-10-01" UPDATEDATE="2025-10-01" /><OBJECT OBJECTID="56506538" OBJECTGUID="7a59995a-0297-4cae-ad8e-8501cf91c0c1" CHANGEID="689799507" ISACTIVE="0" LEVELID="11" CREATEDATE="2020-01-06" UPDATEDATE="2025-10-01" /><OBJECT OBJECTID="174981445" OBJECTGUID="76a4d565-d0d6-43cc-ad7f-80f6582381cf" CHANGEID="689799508" ISACTIVE="1" LEVELID="10" CREATEDATE="2025-10-01" UPDATEDATE="2025-10-01" /><OBJECT OBJECTID="8350893" OBJECTGUID="45d1bb83-f193-421b-9758-eeb6dcb4efb4" CHANGEID="689801343" ISACTIVE="0" LEVELID="11" CREATEDATE="2020-01-06" UPDATEDATE="2025-10-01" /><OBJECT OBJECTID="174982435" OBJECTGUID="35dcca6b-c88b-4f3d-9b15-404e728ec800" CHANGEID="689801344" ISACTIVE="1" LEVELID="10" CREATEDATE="2025-10-01" UPDATEDATE="2025-10-01" /><OBJECT OBJECTID="8351057" OBJECTGUID="91aaee29-8411-42b2-8f81-cfb25f8a37d2" CHANGEID="689801345" ISACTIVE="0" LEVELID="11" CREATEDATE="2020-01-06" UPDATEDATE="2025-10-01" /><OBJECT OBJECTID="174982436" OBJECTGUID="9355039e-613f-4598-8c9d-4893caea30eb" CHANGEID="689801346" ISACTIVE="1" LEVELID="10" CREATEDATE="2025-10-01" UPDATEDATE="2025-10-01" /><OBJECT OBJECTID="22303530" OBJECTGUID="96320a5a-d57d-490c-b768-77c1f957f072" CHANGEID="689801491" ISACTIVE="0" LEVELID="11" CREATEDATE="2020-01-06" UPDATEDATE="2025-10-01" /><OBJECT OBJECTID="174982502" OBJECTGUID="34918b14-061c-4bef-aef5-5290aeace0de" CHANGEID="689801492" ISACTIVE="1" LEVELID="10" CREATEDATE="2025-10-01" UPDATEDATE="2025-10-01" /><OBJECT OBJECTID="22303762" OBJECTGUID="f12b10bf-f122-42e3-865f-f62967574463" CHANGEID="689801493" ISACTIVE="0" LEVELID="11" CREATEDATE="2020-01-06" UPDATEDATE="2025-10-01" /><OBJECT OBJECTID="174982503" OBJECTGUID="48937c97-853c-451b-879b-89ec512f1cec" CHANGEID="689801494" ISACTIVE="1" LEVELID="10" CREATEDATE="2025-10-01" UPDATEDATE="2025-10-01" /><OBJECT OBJECTID="22357244" OBJECTGUID="1affa730-96d8-4a23-a816-70b118c43574" CHANGEID="689801558" ISACTIVE="0" LEVELID="11" CREATEDATE="2020-01-06" UPDATEDATE="2025-10-01" /><OBJECT OBJECTID="174982542" OBJECTGUID="c08acd2e-587d-497f-bbec-fc0c509d846e" CHANGEID="689801559" ISACTIVE="1" LEVELID="10" CREATEDATE="2025-10-01" UPDATEDATE="2025-10-01" /><OBJECT OBJECTID="22357385" OBJECTGUID="5a0a3c9d-e2bf-4b67-92c0-e9c429f74a33" CHANGEID="689801560" ISACTIVE="0" LEVELID="11" CREATEDATE="2020-01-06" UPDATEDATE="2025-10-01" /><OBJECT OBJECTID="174982543" OBJECTGUID="2d8c3840-8d14-460d-b536-5d1ae2d7e4f5" CHANGEID="689801561" ISACTIVE="1" LEVELID="10" CREATEDATE="2025-10-01" UPDATEDATE="2025-10-01" /><OBJECT OBJECTID="73458666" OBJECTGUID="03215b9e-4ac5-4e76-81de-73614a668edd" CHANGEID="689803864" ISACTIVE="0" LEVELID="11" CREATEDATE="2020-01-06" UPDATEDATE="2025-10-01" /><OBJECT OBJECTID="174983702" OBJECTGUID="8c197b5d-bc06-45e1-8ca1-a039d8b6c14b" CHANGEID="689803865" ISACTIVE="1" LEVELID="10" CREATEDATE="2025-10-01" UPDATEDATE="2025-10-01" /><OBJECT OBJECTID="73458837" OBJECTGUID="5ef0b3f9-b05d-4fdf-8878-aed55bbbfc4c" CHANGEID="689803866" ISACTIVE="0" LEVELID="11" CREATEDATE="2020-01-06" UPDATEDATE="2025-10-01" /><OBJECT OBJECTID="174983703" OBJECTGUID="bd858c0f-e5ab-49ab-a2f1-c2a3897241ad" CHANGEID="689803867" ISACTIVE="1" LEVELID="10" CREATEDATE="2025-10-01" UPDATEDATE="2025-10-01" /><OBJECT OBJECTID="73465839" OBJECTGUID="955ae616-3951-45c5-a688-a619b4328904" CHANGEID="689804163" ISACTIVE="0" LEVELID="11" CREATEDATE="2020-01-06" UPDATEDATE="2025-10-01" /><OBJECT OBJECTID="174983738" OBJECTGUID="b27bb212-d2f4-4f96-a5ad-cbbd0d1325aa" CHANGEID="689804164" ISACTIVE="1" LEVELID="10" CREATEDATE="2025-10-01" UPDATEDATE="2025-10-01" /><OBJECT OBJECTID="73466769" OBJECTGUID="e81b730d-42ed-4809-874a-4c671a10095d" CHANGEID="689804165" ISACTIVE="0" LEVELID="11" CREATEDATE="2020-01-06" UPDATEDATE="2025-10-01" /><OBJECT OBJECTID="174983739" OBJECTGUID="2464ff33-7afc-48e9-af9a-79f952896116" CHANGEID="689804166" ISACTIVE="1" LEVELID="10" CREATEDATE="2025-10-01" UPDATEDATE="2025-10-01" /><OBJECT OBJECTID="73464799" OBJECTGUID="a1a21952-2d11-471d-b295-77fafbccd852" CHANGEID="689804167" ISACTIVE="0" LEVELID="10" CREATEDATE="2012-02-01" UPDATEDATE="2025-10-01" /><OBJECT OBJECTID="44412063" OBJECTGUID="02fdfb1d-16b7-4601-b865-eeb3f5a0f368" CHANGEID="689804614" ISACTIVE="0" LEVELID="11" CREATEDATE="2020-01-06" UPDATEDATE="2025-10-01" /><OBJECT OBJECTID="174983800" OBJECTGUID="4480ba8b-7826-4c0e-ac80-8d9ecbf59cf0" CHANGEID="689804615" ISACTIVE="1" LEVELID="10" CREATEDATE="2025-10-01" UPDATEDATE="2025-10-01" /><OBJECT OBJECTID="44412089" OBJECTGUID="1dcbbb79-a284-4678-aa8b-af1012e764bb" CHANGEID="689804616" ISACTIVE="0" LEVELID="11" CREATEDATE="2020-01-06" UPDATEDATE="2025-10-01" /><OBJECT OBJECTID="174983801" OBJECTGUID="fddafc6b-79dd-4382-80f8-962592365b7d" CHANGEID="689804617" ISACTIVE="1" LEVELID="10" CREATEDATE="2025-10-01" UPDATEDATE="2025-10-01" /><OBJECT OBJECTID="44410703" OBJECTGUID="cc11fdaf-a547-4e90-bc7f-f552ad68050f" CHANGEID="689804618" ISACTIVE="0" LEVELID="10" CREATEDATE="2012-02-01" UPDATEDATE="2025-10-01" /><OBJECT OBJECTID="54127631" OBJECTGUID="4f6e682a-d678-4ffd-840b-2b200ae93a47" CHANGEID="689806532" ISACTIVE="1" LEVELID="10" CREATEDATE="2015-10-27" UPDATEDATE="2025-10-01" /><OBJECT OBJECTID="174984677" OBJECTGUID="164d2aa4-74af-435b-afb7-ef6ded2b7bf0" CHANGEID="689806528" ISACTIVE="1" LEVELID="10" CREATEDATE="2025-10-01" UPDATEDATE="2025-10-01" /><OBJECT OBJECTID="174988457" OBJECTGUID="a14b7b44-f61a-4014-9efb-ff5f9785d334" CHANGEID="689813231" ISACTIVE="1" LEVELID="12" CREATEDATE="2025-10-01" UPDATEDATE="2025-10-01" /><OBJECT OBJECTID="174988458" OBJECTGUID="ddd4a86c-0372-4d0f-8360-4559ce908f29" CHANGEID="689813232" ISACTIVE="1" LEVELID="12" CREATEDATE="2025-10-01" UPDATEDATE="2025-10-01" /><OBJECT OBJECTID="174988461" OBJECTGUID="90b0d68c-70df-487a-ba00-8906fffc221d" CHANGEID="689813241" ISACTIVE="1" LEVELID="12" CREATEDATE="2025-10-01" UPDATEDATE="2025-10-01" /><OBJECT OBJECTID="174988462" OBJECTGUID="a7f5279a-3b9c-403a-8f64-6f121b4e2a8f" CHANGEID="689813242" ISACTIVE="1" LEVELID="12" CREATEDATE="2025-10-01" UPDATEDATE="2025-10-01" /><OBJECT OBJECTID="174988752" OBJECTGUID="f14214d0-4c33-4b4f-a8be-c438b3c19c9c" CHANGEID="689813650" ISACTIVE="1" LEVELID="10" CREATEDATE="2025-10-01" UPDATEDATE="2025-10-01" /><OBJECT OBJECTID="174988847" OBJECTGUID="9db3c7f9-fdd7-4815-b3d6-2cbaa9576289" CHANGEID="689813850" ISACTIVE="1" LEVELID="9" CREATEDATE="2025-10-01" UPDATEDATE="2025-10-01" /><OBJECT OBJECTID="85870677" OBJECTGUID="ea455a61-029a-47cd-846b-24e201196828" CHANGEID="689813903" ISACTIVE="1" LEVELID="9" CREATEDATE="2017-08-04" UPDATEDATE="2025-10-01" /><OBJECT OBJECTID="85872381" OBJECTGUID="de9874b5-f29b-49bf-8508-4b5215dd1214" CHANGEID="689814022" ISACTIVE="1" LEVELID="9" CREATEDATE="2017-08-04" UPDATEDATE="2025-10-01" /><OBJECT OBJECTID="174989155" OBJECTGUID="b80567a1-f51e-4ef9-910b-fb0ee0712008" CHANGEID="689814323" ISACTIVE="1" LEVELID="9" CREATEDATE="2025-10-01" UPDATEDATE="2025-10-01" /><OBJECT OBJECTID="174989189" OBJECTGUID="7a374aa1-fd6a-4432-be8c-7f902edd35e0" CHANGEID="689814441" ISACTIVE="1" LEVELID="9" CREATEDATE="2025-10-01" UPDATEDATE="2025-10-01" /><OBJECT OBJECTID="174989190" OBJECTGUID="15a5384e-30b0-4c37-a82e-b73be527fff9" CHANGEID="689814442" ISACTIVE="1" LEVELID="9" CREATEDATE="2025-10-01" UPDATEDATE="2025-10-01" /><OBJECT OBJECTID="174989485" OBJECTGUID="1fe2f0cd-c614-4399-8efc-abfac12a8c23" CHANGEID="689814866" ISACTIVE="1" LEVELID="9" CREATEDATE="2025-10-01" UPDATEDATE="2025-10-01" /><OBJECT OBJECTID="174989533" OBJECTGUID="fd961938-508d-4f2d-916b-530c56c75be5" CHANGEID="689814986" ISACTIVE="1" LEVELID="9" CREATEDATE="2025-10-01" UPDATEDATE="2025-10-01" /><OBJECT OBJECTID="28877983" OBJECTGUID="061d3360-4b7d-4c94-a58e-30749dca1c3e" CHANGEID="689817952" ISACTIVE="0" LEVELID="11" CREATEDATE="2020-01-06" UPDATEDATE="2025-10-01" /><OBJECT OBJECTID="174990899" OBJECTGUID="f899bca7-a63d-4c13-9b80-fd66f8f82bc1" CHANGEID="689817953" ISACTIVE="1" LEVELID="10" CREATEDATE="2025-10-01" UPDATEDATE="2025-10-01" /><OBJECT OBJECTID="174990900" OBJECTGUID="7090627f-eda7-49a0-aa64-697ffb797001" CHANGEID="689817955" ISACTIVE="1" LEVELID="10" CREATEDATE="2025-10-01" UPDATEDATE="2025-10-01" /><OBJECT OBJECTID="174991899" OBJECTGUID="68df9c66-3824-4baa-9c69-da2a817ff2bb" CHANGEID="689819858" ISACTIVE="1" LEVELID="9" CREATEDATE="2025-10-01" UPDATEDATE="2025-10-01" /><OBJECT OBJECTID="64382134" OBJECTGUID="b1baabd0-0f1b-4d31-af93-bcf22e115670" CHANGEID="689670218" ISACTIVE="1" LEVELID="10" CREATEDATE="2019-09-25" UPDATEDATE="2025-09-29" /><OBJECT OBJECTID="174992665" OBJECTGUID="c42dc0eb-a04e-4322-bb98-2e048feffdd3" CHANGEID="689824852" ISACTIVE="1" LEVELID="9" CREATEDATE="2025-10-01" UPDATEDATE="2025-10-01" /><OBJECT OBJECTID="174990201" OBJECTGUID="d041c772-4dc2-4a01-9bdd-92db8af4c170" CHANGEID="689816745" ISACTIVE="1" LEVELID="10" CREATEDATE="2025-10-01" UPDATEDATE="2025-10-01" /><OBJECT OBJECTID="69682785" OBJECTGUID="e0eab879-5b0f-4272-a135-1a074e649b4a" CHANGEID="689817185" ISACTIVE="0" LEVELID="10" CREATEDATE="2018-10-01" UPDATEDATE="2025-10-01" /><OBJECT OBJECTID="38443014" OBJECTGUID="8c57e7df-ae64-4dd4-ac2a-2bc69694cec7" CHANGEID="689649281" ISACTIVE="1" LEVELID="10" CREATEDATE="2019-09-25" UPDATEDATE="2025-09-29" /><OBJECT OBJECTID="80992868" OBJECTGUID="c12f7cc8-754c-4212-a2c3-8c016f5b3f66" CHANGEID="689813704" ISACTIVE="1" LEVELID="10" CREATEDATE="2019-05-21" UPDATEDATE="2025-10-01" /><OBJECT OBJECTID="38561803" OBJECTGUID="44c6c8fc-8e48-474c-8cfd-b57631467d1b" CHANGEID="689734952" ISACTIVE="1" LEVELID="10" CREATEDATE="2019-07-14" UPDATEDATE="2025-09-30" /><OBJECT OBJECTID="12695125" OBJECTGUID="2761a3d9-9fc2-4ad3-aa55-722cb8e730a2" CHANGEID="689751322" ISACTIVE="1" LEVELID="11" CREATEDATE="2019-02-06" UPDATEDATE="2025-09-30" /><OBJECT OBJECTID="161723599" OBJECTGUID="1a203214-99d5-4887-925c-2a228c391f34" CHANGEID="689687611" ISACTIVE="1" LEVELID="9" CREATEDATE="2023-12-12" UPDATEDATE="2025-09-29" /><OBJECT OBJECTID="15292465" OBJECTGUID="9d8febb8-dc77-4543-84fc-e8be7ee06dc3" CHANGEID="689752464" ISACTIVE="1" LEVELID="10" CREATEDATE="2019-07-14" UPDATEDATE="2025-09-30" /><OBJECT OBJECTID="85891242" OBJECTGUID="0618bd69-18c3-4de8-b210-c0a04ef4f2ef" CHANGEID="689813853" ISACTIVE="1" LEVELID="9" CREATEDATE="2017-08-04" UPDATEDATE="2025-10-01" /><OBJECT OBJECTID="85870222" OBJECTGUID="085a8df9-f2c9-4d10-8992-7ad98fe01e08" CHANGEID="689813889" ISACTIVE="1" LEVELID="9" CREATEDATE="2017-08-04" UPDATEDATE="2025-10-01" /><OBJECT OBJECTID="38607987" OBJECTGUID="220f67de-c4e8-4fff-866f-f0cc629c233f" CHANGEID="689688843" ISACTIVE="1" LEVELID="10" CREATEDATE="2019-07-14" UPDATEDATE="2025-09-29" /><OBJECT OBJECTID="85891947" OBJECTGUID="0ab35a56-fb51-4c52-8d4c-b0c8f1ce936e" CHANGEID="689813859" ISACTIVE="1" LEVELID="9" CREATEDATE="2017-08-04" UPDATEDATE="2025-10-01" /><OBJECT OBJECTID="22302840" OBJECTGUID="ce95fad4-c62e-47d6-8d21-154225bf12f2" CHANGEID="689801495" ISACTIVE="0" LEVELID="10" CREATEDATE="2012-02-01" UPDATEDATE="2025-10-01" /><OBJECT OBJECTID="23754517" OBJECTGUID="1e6da399-a160-4471-b61d-75d8a8830b04" CHANGEID="689667599" ISACTIVE="1" LEVELID="11" CREATEDATE="2017-06-05" UPDATEDATE="2025-09-29" /><OBJECT OBJECTID="23779745" OBJECTGUID="ad500b34-48e2-40f7-82a1-27611d90c562" CHANGEID="689668765" ISACTIVE="1" LEVELID="11" CREATEDATE="2017-06-05" UPDATEDATE="2025-09-29" /><OBJECT OBJECTID="24355265" OBJECTGUID="29f6f071-bbd5-49ab-ad02-11ce701359f2" CHANGEID="689649783" ISACTIVE="1" LEVELID="10" CREATEDATE="2014-11-01" UPDATEDATE="2025-09-29" /><OBJECT OBJECTID="24368800" OBJECTGUID="02fc722a-403a-412c-9a3d-e249597c2e58" CHANGEID="689649835" ISACTIVE="1" LEVELID="10" CREATEDATE="2019-07-14" UPDATEDATE="2025-09-29" /><OBJECT OBJECTID="25590613" OBJECTGUID="6b65df45-52e4-42df-8036-be60b0416c3c" CHANGEID="689816807" ISACTIVE="1" LEVELID="10" CREATEDATE="2017-12-18" UPDATEDATE="2025-10-01" /><OBJECT OBJECTID="102138843" OBJECTGUID="c54f028d-23ec-4f8c-bf3f-212379384796" CHANGEID="689813677" ISACTIVE="1" LEVELID="10" CREATEDATE="2021-08-13" UPDATEDATE="2025-10-01" /><OBJECT OBJECTID="93050624" OBJECTGUID="0d76cd66-2ea8-43ed-93b6-9afc1a51e322" CHANGEID="689806547" ISACTIVE="1" LEVELID="9" CREATEDATE="2017-08-04" UPDATEDATE="2025-10-01" /><OBJECT OBJECTID="41597046" OBJECTGUID="02a2316a-4a89-45ac-9c42-5ba073997b01" CHANGEID="689688551" ISACTIVE="1" LEVELID="10" CREATEDATE="2019-07-14" UPDATEDATE="2025-09-29" /><OBJECT OBJECTID="17739868" OBJECTGUID="5189ec46-90a3-4700-95c5-4e99bd901fa6" CHANGEID="689672452" ISACTIVE="0" LEVELID="10" CREATEDATE="2017-12-18" UPDATEDATE="2025-09-29" /><OBJECT OBJECTID="17763211" OBJECTGUID="80d92a12-3cdf-4833-86d8-95a716a1f066" CHANGEID="689672753" ISACTIVE="0" LEVELID="10" CREATEDATE="2019-07-14" UPDATEDATE="2025-09-29" /><OBJECT OBJECTID="33974293" OBJECTGUID="95acb621-dfbc-4e33-b7e5-24f648a95417" CHANGEID="689693793" ISACTIVE="1" LEVELID="10" CREATEDATE="2017-12-17" UPDATEDATE="2025-09-29" /><OBJECT OBJECTID="83565595" OBJECTGUID="586b271f-068a-46e8-97b3-563adffd261b" CHANGEID="689672780" ISACTIVE="1" LEVELID="10" CREATEDATE="2019-09-25" UPDATEDATE="2025-09-29" /><OBJECT OBJECTID="36116741" OBJECTGUID="cbcd9d96-6cf2-474f-8def-71eb425bdb03" CHANGEID="689646446" ISACTIVE="1" LEVELID="10" CREATEDATE="2019-07-14" UPDATEDATE="2025-09-29" /><OBJECT OBJECTID="30195597" OBJECTGUID="518a4c29-2097-4e90-a1d7-e367378230eb" CHANGEID="689734567" ISACTIVE="1" LEVELID="10" CREATEDATE="2019-07-14" UPDATEDATE="2025-09-30" /><OBJECT OBJECTID="69226557" OBJECTGUID="65a320b6-58dd-4904-a87f-4006d23bf87c" CHANGEID="689734172" ISACTIVE="1" LEVELID="10" CREATEDATE="2019-11-25" UPDATEDATE="2025-09-30" /><OBJECT OBJECTID="81907894" OBJECTGUID="d379ee54-8605-4473-b5b3-0dba7785fcdf" CHANGEID="689664389" ISACTIVE="1" LEVELID="10" CREATEDATE="2017-12-17" UPDATEDATE="2025-09-29" /><OBJECT OBJECTID="81926665" OBJECTGUID="439af7f7-cf77-415a-b5b5-bfa63f2242dc" CHANGEID="689672987" ISACTIVE="0" LEVELID="10" CREATEDATE="2019-07-14" UPDATEDATE="2025-09-29" /><OBJECT OBJECTID="69312937" OBJECTGUID="658eaf88-6bba-4d9c-b47d-e898c3827756" CHANGEID="689734170" ISACTIVE="1" LEVELID="10" CREATEDATE="2019-11-25" UPDATEDATE="2025-09-30" /><OBJECT OBJECTID="15284542" OBJECTGUID="73368eec-8890-4831-aee7-9c7f3cfe6c6b" CHANGEID="689752463" ISACTIVE="1" LEVELID="10" CREATEDATE="2019-07-14" UPDATEDATE="2025-09-30" /><OBJECT OBJECTID="63098120" OBJECTGUID="66cdcecd-3825-45b7-bc91-a1502e16472b" CHANGEID="689711311" ISACTIVE="1" LEVELID="10" CREATEDATE="2017-12-18" UPDATEDATE="2025-09-30" /><OBJECT OBJECTID="66345873" OBJECTGUID="a3f76434-598e-4d80-bc45-018b1fe129bb" CHANGEID="689733018" ISACTIVE="1" LEVELID="10" CREATEDATE="2019-11-25" UPDATEDATE="2025-09-30" /><OBJECT OBJECTID="62493702" OBJECTGUID="c5218f0f-5122-4690-b047-d4ce45c0a8b0" CHANGEID="689669580" ISACTIVE="1" LEVELID="10" CREATEDATE="2019-09-25" UPDATEDATE="2025-09-29" /><OBJECT OBJECTID="17431062" OBJECTGUID="57dcc53c-0d8b-4815-9115-9afca3e7518f" CHANGEID="689711300" ISACTIVE="1" LEVELID="10" CREATEDATE="2017-12-18" UPDATEDATE="2025-09-30" /><OBJECT OBJECTID="47310330" OBJECTGUID="d10122f3-1420-4af8-9902-19339d6222ee" CHANGEID="689739713" ISACTIVE="0" LEVELID="10" CREATEDATE="2017-12-17" UPDATEDATE="2025-09-30" /><OBJECT OBJECTID="53713278" OBJECTGUID="48a6f4cb-6d6f-4c7d-9089-216525ac12de" CHANGEID="689798712" ISACTIVE="1" LEVELID="10" CREATEDATE="2014-11-01" UPDATEDATE="2025-10-01" /><OBJECT OBJECTID="3024775" OBJECTGUID="0eabfa29-9242-4050-af60-8dc22589a828" CHANGEID="689679056" ISACTIVE="0" LEVELID="10" CREATEDATE="2019-07-14" UPDATEDATE="2025-09-29" /><OBJECT OBJECTID="45425548" OBJECTGUID="ca0c996f-89fd-47f1-be78-85d105abf436" CHANGEID="689734408" ISACTIVE="1" LEVELID="10" CREATEDATE="2019-07-14" UPDATEDATE="2025-09-30" /><OBJECT OBJECTID="64544430" OBJECTGUID="a6f5a807-1081-4000-9164-4bedfcecde90" CHANGEID="689735134" ISACTIVE="1" LEVELID="10" CREATEDATE="2019-07-14" UPDATEDATE="2025-09-30" /><OBJECT OBJECTID="64561117" OBJECTGUID="ccb6a42a-cc95-4bd9-9ad0-012eda8f3966" CHANGEID="689735126" ISACTIVE="1" LEVELID="10" CREATEDATE="2019-11-25" UPDATEDATE="2025-09-30" /><OBJECT OBJECTID="64562751" OBJECTGUID="1f0b078e-c73b-478b-b489-0ddb80f9321e" CHANGEID="689735127" ISACTIVE="1" LEVELID="10" CREATEDATE="2019-11-25" UPDATEDATE="2025-09-30" /><OBJECT OBJECTID="64563349" OBJECTGUID="11fb95e7-9dd5-43b4-ab4b-16cae25a8f26" CHANGEID="689735128" ISACTIVE="1" LEVELID="10" CREATEDATE="2019-11-25" UPDATEDATE="2025-09-30" /><OBJECT OBJECTID="64567728" OBJECTGUID="de449e07-352b-4ccf-a44e-9425e0596a78" CHANGEID="689735129" ISACTIVE="1" LEVELID="10" CREATEDATE="2019-11-25" UPDATEDATE="2025-09-30" /><OBJECT OBJECTID="64569547" OBJECTGUID="a10d5de0-0831-44f3-b55c-12681b4d94dd" CHANGEID="689735130" ISACTIVE="1" LEVELID="10" CREATEDATE="2019-11-25" UPDATEDATE="2025-09-30" /><OBJECT OBJECTID="64572504" OBJECTGUID="237a3c4f-22e7-4665-a363-b6b84b6f20f4" CHANGEID="689735131" ISACTIVE="1" LEVELID="10" CREATEDATE="2019-11-25" UPDATEDATE="2025-09-30" /><OBJECT OBJECTID="73458119" OBJECTGUID="1947f2b1-0700-465e-aad3-10ec433935a2" CHANGEID="689803868" ISACTIVE="0" LEVELID="10" CREATEDATE="2012-02-01" UPDATEDATE="2025-10-01" /><OBJECT OBJECTID="46036452" OBJECTGUID="434cfcc9-0d16-4c5d-bd9d-41c0c5609d21" CHANGEID="689813147" ISACTIVE="1" LEVELID="10" CREATEDATE="2019-07-14" UPDATEDATE="2025-10-01" /><OBJECT OBJECTID="45122934" OBJECTGUID="7017073a-84b1-4c95-a464-423f019001ea" CHANGEID="689734507" ISACTIVE="1" LEVELID="10" CREATEDATE="2019-07-14" UPDATEDATE="2025-09-30" /><OBJECT OBJECTID="45192376" OBJECTGUID="044d04ec-d13e-49b9-b406-9cc5c3f56482" CHANGEID="689797233" ISACTIVE="0" LEVELID="10" CREATEDATE="2019-07-14" UPDATEDATE="2025-10-01" /><OBJECT OBJECTID="53332204" OBJECTGUID="14e53b98-be42-4841-970f-b7cfe52027ff" CHANGEID="689798969" ISACTIVE="1" LEVELID="10" CREATEDATE="2019-07-14" UPDATEDATE="2025-10-01" /><OBJECT OBJECTID="62208529" OBJECTGUID="510d9477-37cf-4a7f-bf70-91577105b07b" CHANGEID="689649653" ISACTIVE="1" LEVELID="10" CREATEDATE="2019-07-14" UPDATEDATE="2025-09-29" /><OBJECT OBJECTID="62215385" OBJECTGUID="976ab098-624f-471a-ac3e-d58025ca401e" CHANGEID="689649551" ISACTIVE="1" LEVELID="10" CREATEDATE="2019-07-14" UPDATEDATE="2025-09-29" /><OBJECT OBJECTID="46993484" OBJECTGUID="542c9ffb-935e-4661-803e-5cd27741c2cf" CHANGEID="689813648" ISACTIVE="1" LEVELID="10" CREATEDATE="2019-07-14" UPDATEDATE="2025-10-01" /><OBJECT OBJECTID="7852123" OBJECTGUID="3c99496d-284c-44f6-8cac-4ace7d7071a9" CHANGEID="689817649" ISACTIVE="0" LEVELID="10" CREATEDATE="2019-07-14" UPDATEDATE="2025-10-01" /><OBJECT OBJECTID="24313868" OBJECTGUID="f9c9ea98-efb6-4a95-bcb0-62ec346b782d" CHANGEID="689798925" ISACTIVE="1" LEVELID="10" CREATEDATE="2019-07-14" UPDATEDATE="2025-10-01" /><OBJECT OBJECTID="64473517" OBJECTGUID="8e936e32-54ca-495d-a8c1-93ffc49542ee" CHANGEID="689799475" ISACTIVE="1" LEVELID="10" CREATEDATE="2019-07-14" UPDATEDATE="2025-10-01" /><OBJECT OBJECTID="78809588" OBJECTGUID="89934cd2-44ec-475e-a15f-3ea2794b7b97" CHANGEID="689813666" ISACTIVE="1" LEVELID="10" CREATEDATE="2019-07-14" UPDATEDATE="2025-10-01" /><OBJECT OBJECTID="2884471" OBJECTGUID="814bd7c6-41c2-4b4f-9a4d-7712cd18dd89" CHANGEID="689740728" ISACTIVE="1" LEVELID="10" CREATEDATE="2019-07-14" UPDATEDATE="2025-09-30" /><OBJECT OBJECTID="69685954" OBJECTGUID="9fdfadfd-2799-4be4-aa39-94a12ca83fe8" CHANGEID="689817562" ISACTIVE="0" LEVELID="10" CREATEDATE="2018-10-01" UPDATEDATE="2025-10-01" /><OBJECT OBJECTID="55413277" OBJECTGUID="50365922-2127-4eea-863c-31885cd35f8f" CHANGEID="689815895" ISACTIVE="0" LEVELID="10" CREATEDATE="2019-07-14" UPDATEDATE="2025-10-01" /><OBJECT OBJECTID="20403806" OBJECTGUID="a2fa3930-dd9e-4cfc-b6b9-e0615c52a1ff" CHANGEID="689652703" ISACTIVE="1" LEVELID="10" CREATEDATE="2019-09-25" UPDATEDATE="2025-09-29" /><OBJECT OBJECTID="76237082" OBJECTGUID="ae0d4cbe-da81-4739-b3e8-31b852fafef6" CHANGEID="689813598" ISACTIVE="1" LEVELID="10" CREATEDATE="2019-07-14" UPDATEDATE="2025-10-01" /><OBJECT OBJECTID="35898636" OBJECTGUID="5081c99e-0a06-489e-b52f-ba03e1e5c63c" CHANGEID="689816813" ISACTIVE="0" LEVELID="10" CREATEDATE="2019-07-14" UPDATEDATE="2025-10-01" /><OBJECT OBJECTID="8350192" OBJECTGUID="c2587bca-1ab3-44d8-bc99-a348cdd99f72" CHANGEID="689801347" ISACTIVE="0" LEVELID="10" CREATEDATE="2012-02-24" UPDATEDATE="2025-10-01" /><OBJECT OBJECTID="56505361" OBJECTGUID="66e28f99-b454-4935-8adf-8e91c8f62f18" CHANGEID="689799509" ISACTIVE="0" LEVELID="10" CREATEDATE="2012-02-24" UPDATEDATE="2025-10-01" /><OBJECT OBJECTID="22356737" OBJECTGUID="f29a6a4f-7676-4228-82e1-8fdd6e3be7b7" CHANGEID="689801562" ISACTIVE="0" LEVELID="10" CREATEDATE="2012-02-01" UPDATEDATE="2025-10-01" /><OBJECT OBJECTID="28876936" OBJECTGUID="427f2eec-f519-4418-8298-96862195ad15" CHANGEID="689817956" ISACTIVE="0" LEVELID="10" CREATEDATE="2012-01-30" UPDATEDATE="2025-10-01" /><OBJECT OBJECTID="168249126" OBJECTGUID="4540b9d0-c740-4466-a2ec-60c40281b4d8" CHANGEID="689687578" ISACTIVE="1" LEVELID="9" CREATEDATE="2024-12-03" UPDATEDATE="2025-09-29" /><OBJECT OBJECTID="43902962" OBJECTGUID="9f3eca9a-6825-474c-b909-17f0b732be2b" CHANGEID="689694448" ISACTIVE="1" LEVELID="10" CREATEDATE="2017-12-17" UPDATEDATE="2025-09-29" /><OBJECT OBJECTID="85851535" OBJECTGUID="ea11f1a0-47fe-44d5-b31a-eadfa14911ab" CHANGEID="689694449" ISACTIVE="1" LEVELID="9" CREATEDATE="2016-07-25" UPDATEDATE="2025-09-29" /><OBJECT OBJECTID="85868937" OBJECTGUID="dd5975c3-bf1f-4593-a6f1-980f490e087b" CHANGEID="689694450" ISACTIVE="1" LEVELID="9" CREATEDATE="2016-04-19" UPDATEDATE="2025-09-29" /><OBJECT OBJECTID="85869441" OBJECTGUID="d4df21ae-2507-4ee4-a0d6-82c8b7ab83de" CHANGEID="689694451" ISACTIVE="1" LEVELID="9" CREATEDATE="2016-04-19" UPDATEDATE="2025-09-29" /><OBJECT OBJECTID="27353076" OBJECTGUID="f0cc75f9-23ec-4c02-8ada-eb7301314811" CHANGEID="689712254" ISACTIVE="1" LEVELID="10" CREATEDATE="2019-09-25" UPDATEDATE="2025-09-30" /><OBJECT OBJECTID="87638402" OBJECTGUID="124da51e-045c-426d-8c43-b6809cd7620d" CHANGEID="689813849" ISACTIVE="1" LEVELID="9" CREATEDATE="2017-08-04" UPDATEDATE="2025-10-01" /><OBJECT OBJECTID="3736980" OBJECTGUID="4104eac8-8e61-4422-ac7b-d862b1dca7f3" CHANGEID="689735593" ISACTIVE="1" LEVELID="10" CREATEDATE="2019-09-27" UPDATEDATE="2025-09-30" /><OBJECT OBJECTID="3733306" OBJECTGUID="621c611d-a3d5-44dc-aabf-3b43644f1ae5" CHANGEID="689820027" ISACTIVE="1" LEVELID="10" CREATEDATE="2019-09-27" UPDATEDATE="2025-10-01" /><OBJECT OBJECTID="43923026" OBJECTGUID="34f8ef38-d6e6-4da9-b651-70a047bdde69" CHANGEID="689693207" ISACTIVE="1" LEVELID="10" CREATEDATE="2017-03-20" UPDATEDATE="2025-09-29" /><OBJECT OBJECTID="93053685" OBJECTGUID="176215fd-5cfa-402c-8b96-d82fbba7fc0b" CHANGEID="689806530" ISACTIVE="1" LEVELID="9" CREATEDATE="2017-08-04" UPDATEDATE="2025-10-01" /><OBJECT OBJECTID="88453225" OBJECTGUID="1bddf6b1-6716-4e68-8daf-344f37ae4a62" CHANGEID="689813793" ISACTIVE="1" LEVELID="9" CREATEDATE="2017-08-04" UPDATEDATE="2025-10-01" /><OBJECT OBJECTID="85865577" OBJECTGUID="292d10dc-06ce-4fa0-9cb3-847895db282d" CHANGEID="689801789" ISACTIVE="0" LEVELID="9" CREATEDATE="2019-09-25" UPDATEDATE="2025-10-01" /><OBJECT OBJECTID="88459256" OBJECTGUID="33894593-3270-468e-bc31-00c34c5a367c" CHANGEID="689813827" ISACTIVE="1" LEVELID="9" CREATEDATE="2017-08-04" UPDATEDATE="2025-10-01" /><OBJECT OBJECTID="93063006" OBJECTGUID="4bfc1013-dccd-4442-9d16-bfc29966a300" CHANGEID="689806567" ISACTIVE="1" LEVELID="9" CREATEDATE="2017-08-04" UPDATEDATE="2025-10-01" /><OBJECT OBJECTID="87095682" OBJECTGUID="4a702936-5929-4400-a7fb-9ffc99f8ff34" CHANGEID="689818183" ISACTIVE="1" LEVELID="9" CREATEDATE="2016-08-31" UPDATEDATE="2025-10-01" /><OBJECT OBJECTID="85871334" OBJECTGUID="5e986fd2-8dc6-40e3-8a70-93f59d129295" CHANGEID="689813929" ISACTIVE="1" LEVELID="9" CREATEDATE="2017-08-04" UPDATEDATE="2025-10-01" /><OBJECT OBJECTID="85871977" OBJECTGUID="5d11f828-37cf-49b4-ad9b-c37588b803fe" CHANGEID="689813948" ISACTIVE="1" LEVELID="9" CREATEDATE="2017-08-04" UPDATEDATE="2025-10-01" /><OBJECT OBJECTID="87628747" OBJECTGUID="53e48d19-4dac-4a76-b062-8a6ace7160cb" CHANGEID="689813837" ISACTIVE="1" LEVELID="9" CREATEDATE="2017-08-04" UPDATEDATE="2025-10-01" /><OBJECT OBJECTID="93765317" OBJECTGUID="5a63edad-6560-4b69-94f3-0cb338dbbb69" CHANGEID="689718458" ISACTIVE="1" LEVELID="9" CREATEDATE="2019-12-27" UPDATEDATE="2025-09-30" /><OBJECT OBJECTID="87212326" OBJECTGUID="66f1c243-fb9f-437e-85a1-6c74911e6cbd" CHANGEID="689813765" ISACTIVE="1" LEVELID="9" CREATEDATE="2017-08-04" UPDATEDATE="2025-10-01" /><OBJECT OBJECTID="87210376" OBJECTGUID="70eb3edf-0717-4f59-970d-4a15059fe92c" CHANGEID="689813760" ISACTIVE="1" LEVELID="9" CREATEDATE="2017-08-04" UPDATEDATE="2025-10-01" /><OBJECT OBJECTID="85871035" OBJECTGUID="6c7192c1-9f0f-4ae5-9526-6226f54d12f7" CHANGEID="689813916" ISACTIVE="1" LEVELID="9" CREATEDATE="2017-08-04" UPDATEDATE="2025-10-01" /><OBJECT OBJECTID="88456400" OBJECTGUID="96df96ba-412c-4ca2-8e31-43824e433053" CHANGEID="689813803" ISACTIVE="1" LEVELID="9" CREATEDATE="2017-08-04" UPDATEDATE="2025-10-01" /><OBJECT OBJECTID="93057050" OBJECTGUID="95506003-bded-4a52-ae8e-b4d84df7eaaf" CHANGEID="689806552" ISACTIVE="1" LEVELID="9" CREATEDATE="2017-08-04" UPDATEDATE="2025-10-01" /><OBJECT OBJECTID="93061547" OBJECTGUID="8dcb38b5-26a9-4cf4-ac84-6ec0e3be9954" CHANGEID="689813937" ISACTIVE="1" LEVELID="9" CREATEDATE="2019-09-25" UPDATEDATE="2025-10-01" /><OBJECT OBJECTID="93059362" OBJECTGUID="8df42ad6-b252-4766-a53c-dd5c7a76b4d0" CHANGEID="689806557" ISACTIVE="1" LEVELID="9" CREATEDATE="2017-08-04" UPDATEDATE="2025-10-01" /><OBJECT OBJECTID="89715857" OBJECTGUID="89a68b35-2e6a-4626-9935-cca3ffaf20c4" CHANGEID="689687955" ISACTIVE="1" LEVELID="9" CREATEDATE="2019-09-27" UPDATEDATE="2025-09-29" /><OBJECT OBJECTID="91728872" OBJECTGUID="9cdb96a1-9157-493b-8782-2e6a8d783f3b" CHANGEID="689746508" ISACTIVE="1" LEVELID="9" CREATEDATE="2019-09-27" UPDATEDATE="2025-09-30" /><OBJECT OBJECTID="87822499" OBJECTGUID="bc0a8552-9426-479b-98c7-9f143783752e" CHANGEID="689801568" ISACTIVE="1" LEVELID="9" CREATEDATE="2019-09-25" UPDATEDATE="2025-10-01" /><OBJECT OBJECTID="89898929" OBJECTGUID="b46333ce-7074-4078-a9e5-64a1d0634b48" CHANGEID="689813623" ISACTIVE="1" LEVELID="9" CREATEDATE="2019-08-28" UPDATEDATE="2025-10-01" /><OBJECT OBJECTID="93071322" OBJECTGUID="cb682ed0-85e0-4f9c-99bd-11bfda0750c2" CHANGEID="689813707" ISACTIVE="1" LEVELID="9" CREATEDATE="2017-08-04" UPDATEDATE="2025-10-01" /></REESTR_OBJECTS>