﻿<?xml version="1.0" encoding="utf-8"?><HOUSES><HOUSE ID="54636380" OBJECTID="75259816" OBJECTGUID="2df4f311-88af-41ef-a8cf-490908029666" CHANGEID="111971535" HOUSENUM="58" HOUSETYPE="2" OPERTYPEID="20" PREVID="45436944" NEXTID="129179843" UPDATEDATE="2025-09-30" STARTDATE="2019-11-28" ENDDATE="2025-09-30" ISACTUAL="0" ISACTIVE="0" /><HOUSE ID="54805225" OBJECTID="42770099" OBJECTGUID="3056e1a9-2d5e-4e0b-9c68-654673d82639" CHANGEID="64585159" HOUSENUM="7" HOUSETYPE="3" OPERTYPEID="20" PREVID="25543615" NEXTID="129175138" UPDATEDATE="2025-09-29" STARTDATE="2018-09-28" ENDDATE="2025-09-29" ISACTUAL="0" ISACTIVE="0" /><HOUSE ID="56804249" OBJECTID="75305688" OBJECTGUID="4c939bd0-188b-4057-9f8d-f92538d921be" CHANGEID="112036220" HOUSENUM="40" HOUSETYPE="2" OPERTYPEID="20" PREVID="45462123" NEXTID="129178416" UPDATEDATE="2025-09-30" STARTDATE="2019-11-28" ENDDATE="2025-09-30" ISACTUAL="0" ISACTIVE="0" /><HOUSE ID="57190593" OBJECTID="75251004" OBJECTGUID="52075077-b2d1-49de-a931-b6e24212fdd3" CHANGEID="111959516" HOUSENUM="45" HOUSETYPE="2" OPERTYPEID="20" PREVID="45431864" NEXTID="129178888" UPDATEDATE="2025-09-30" STARTDATE="2019-11-28" ENDDATE="2025-09-30" ISACTUAL="0" ISACTIVE="0" /><HOUSE ID="57789410" OBJECTID="23593314" OBJECTGUID="5a768bb4-249e-4ad2-830c-d6fef7911f1a" CHANGEID="36661447" HOUSENUM="3" HOUSETYPE="3" OPERTYPEID="20" PREVID="13930598" NEXTID="129187384" UPDATEDATE="2025-10-01" STARTDATE="2018-09-28" ENDDATE="2025-10-01" ISACTUAL="0" ISACTIVE="0" /><HOUSE ID="57915910" OBJECTID="75285709" OBJECTGUID="5c4283a7-fc6e-4cf8-9cb2-d816582ae734" CHANGEID="112009483" HOUSENUM="35" HOUSETYPE="2" OPERTYPEID="20" PREVID="45451473" NEXTID="129178866" UPDATEDATE="2025-09-30" STARTDATE="2019-11-28" ENDDATE="2025-09-30" ISACTUAL="0" ISACTIVE="0" /><HOUSE ID="58056057" OBJECTID="75228442" OBJECTGUID="5e38f356-db3c-4d85-934f-200ab5b322b2" CHANGEID="111927414" HOUSENUM="53" HOUSETYPE="2" OPERTYPEID="20" PREVID="45419626" NEXTID="129179774" UPDATEDATE="2025-09-30" STARTDATE="2019-11-28" ENDDATE="2025-09-30" ISACTUAL="0" ISACTIVE="0" /><HOUSE ID="58998388" OBJECTID="75234987" OBJECTGUID="6b88ed90-f8c2-4ba2-9fa5-2e50af40e8a6" CHANGEID="111937028" HOUSENUM="81" HOUSETYPE="2" OPERTYPEID="20" PREVID="45423510" NEXTID="129180206" UPDATEDATE="2025-09-30" STARTDATE="2019-11-28" ENDDATE="2025-09-30" ISACTUAL="0" ISACTIVE="0" /><HOUSE ID="59241072" OBJECTID="75265968" OBJECTGUID="6ef4b6d4-9abd-4ed2-a55d-5e5b38299a86" CHANGEID="111980340" HOUSENUM="80" HOUSETYPE="2" OPERTYPEID="20" PREVID="45440554" NEXTID="129180195" UPDATEDATE="2025-09-30" STARTDATE="2019-11-28" ENDDATE="2025-09-30" ISACTUAL="0" ISACTIVE="0" /><HOUSE ID="59276019" OBJECTID="75297260" OBJECTGUID="6f72e774-7a7d-4964-b62a-eec45035bd5b" CHANGEID="112024815" HOUSENUM="38" HOUSETYPE="2" OPERTYPEID="20" PREVID="45458501" NEXTID="129178424" UPDATEDATE="2025-09-30" STARTDATE="2019-11-28" ENDDATE="2025-09-30" ISACTUAL="0" ISACTIVE="0" /><HOUSE ID="59507317" OBJECTID="75230063" OBJECTGUID="72b5540c-4695-445b-ac41-208d6da991f4" CHANGEID="111929548" HOUSENUM="50" HOUSETYPE="2" OPERTYPEID="20" PREVID="45420643" NEXTID="129179759" UPDATEDATE="2025-09-30" STARTDATE="2019-11-28" ENDDATE="2025-09-30" ISACTUAL="0" ISACTIVE="0" /><HOUSE ID="59686022" OBJECTID="75283550" OBJECTGUID="75393a7b-f88b-490b-8465-d3a27297d04d" CHANGEID="112004899" HOUSENUM="51" HOUSETYPE="2" OPERTYPEID="20" PREVID="45450127" NEXTID="129179797" UPDATEDATE="2025-09-30" STARTDATE="2019-11-28" ENDDATE="2025-09-30" ISACTUAL="0" ISACTIVE="0" /><HOUSE ID="59952479" OBJECTID="75280045" OBJECTGUID="78ff8461-e781-4b06-bb02-d075dfcea9c1" CHANGEID="112000987" HOUSENUM="79" HOUSETYPE="2" OPERTYPEID="20" PREVID="45448095" NEXTID="129180144" UPDATEDATE="2025-09-30" STARTDATE="2019-11-28" ENDDATE="2025-09-30" ISACTUAL="0" ISACTIVE="0" /><HOUSE ID="62376701" OBJECTID="25612398" OBJECTGUID="9b3348d8-aebc-4a02-bf38-fa4b5f831e19" CHANGEID="39613489" HOUSENUM="13" HOUSETYPE="3" OPERTYPEID="20" PREVID="15169843" NEXTID="129175135" UPDATEDATE="2025-09-29" STARTDATE="2018-09-28" ENDDATE="2025-09-29" ISACTUAL="0" ISACTIVE="0" /><HOUSE ID="62494963" OBJECTID="75239372" OBJECTGUID="9cdf8cf7-9611-403f-a3d0-384e8d3f4f6d" CHANGEID="111943315" HOUSENUM="48" HOUSETYPE="2" OPERTYPEID="20" PREVID="45426328" NEXTID="129179514" UPDATEDATE="2025-09-30" STARTDATE="2019-11-28" ENDDATE="2025-09-30" ISACTUAL="0" ISACTIVE="0" /><HOUSE ID="64355942" OBJECTID="75265655" OBJECTGUID="b7251169-f166-492d-8b0a-5b157843a672" CHANGEID="111979933" HOUSENUM="41" HOUSETYPE="2" OPERTYPEID="20" PREVID="45440347" NEXTID="129178418" UPDATEDATE="2025-09-30" STARTDATE="2019-11-28" ENDDATE="2025-09-30" ISACTUAL="0" ISACTIVE="0" /><HOUSE ID="64453556" OBJECTID="75210405" OBJECTGUID="b881a696-2576-43f3-9438-0b8019d3a4e1" CHANGEID="111900958" HOUSENUM="76" HOUSETYPE="2" OPERTYPEID="20" PREVID="45408782" NEXTID="129188406" UPDATEDATE="2025-10-01" STARTDATE="2019-11-28" ENDDATE="2025-10-01" ISACTUAL="0" ISACTIVE="0" /><HOUSE ID="64586591" OBJECTID="75214231" OBJECTGUID="ba665e94-b158-4a42-ab62-9a29e6b8356d" CHANGEID="111906878" HOUSENUM="47" HOUSETYPE="2" OPERTYPEID="20" PREVID="45410946" NEXTID="129179491" UPDATEDATE="2025-09-30" STARTDATE="2019-11-28" ENDDATE="2025-09-30" ISACTUAL="0" ISACTIVE="0" /><HOUSE ID="66135527" OBJECTID="75214027" OBJECTGUID="d047c8b8-5bf3-435d-a808-109f788925c1" CHANGEID="111907454" HOUSENUM="39" HOUSETYPE="2" OPERTYPEID="20" PREVID="45410826" NEXTID="129188404" UPDATEDATE="2025-10-01" STARTDATE="2019-11-28" ENDDATE="2025-10-01" ISACTUAL="0" ISACTIVE="0" /><HOUSE ID="67517175" OBJECTID="75295326" OBJECTGUID="e3ccbae9-ad10-437f-8fe4-e5dbbabbf28d" CHANGEID="112022121" HOUSENUM="44" HOUSETYPE="2" OPERTYPEID="20" PREVID="45457449" NEXTID="129188405" UPDATEDATE="2025-10-01" STARTDATE="2019-11-28" ENDDATE="2025-10-01" ISACTUAL="0" ISACTIVE="0" /><HOUSE ID="67991572" OBJECTID="37610381" OBJECTGUID="ea8075be-e03b-472a-90c3-84260fe1a782" CHANGEID="57056230" HOUSENUM="3" HOUSETYPE="3" OPERTYPEID="20" PREVID="22440031" NEXTID="129173056" UPDATEDATE="2025-09-29" STARTDATE="2019-07-16" ENDDATE="2025-09-29" ISACTUAL="0" ISACTIVE="0" /><HOUSE ID="68176959" OBJECTID="75292202" OBJECTGUID="ed211da7-1966-415e-8d70-e33c5694e695" CHANGEID="112018665" HOUSENUM="43" HOUSETYPE="2" OPERTYPEID="20" PREVID="45455383" NEXTID="129180227" UPDATEDATE="2025-09-30" STARTDATE="2019-11-28" ENDDATE="2025-09-30" ISACTUAL="0" ISACTIVE="0" /><HOUSE ID="68528325" OBJECTID="75271801" OBJECTGUID="f2122d25-2f95-4dcf-872c-670f5a7c71c1" CHANGEID="111989079" HOUSENUM="32" HOUSETYPE="2" OPERTYPEID="20" PREVID="45444452" NEXTID="129178394" UPDATEDATE="2025-09-30" STARTDATE="2019-11-28" ENDDATE="2025-09-30" ISACTUAL="0" ISACTIVE="0" /><HOUSE ID="68575569" OBJECTID="75290557" OBJECTGUID="f2bc441d-cb2c-457c-b064-e084cb8d56ee" CHANGEID="112015274" HOUSENUM="52" HOUSETYPE="2" OPERTYPEID="20" PREVID="45454502" NEXTID="129179607" UPDATEDATE="2025-09-30" STARTDATE="2019-11-28" ENDDATE="2025-09-30" ISACTUAL="0" ISACTIVE="0" /><HOUSE ID="68585791" OBJECTID="75226558" OBJECTGUID="f2e412de-27b7-4239-b17c-a1d856a668b6" CHANGEID="111925718" HOUSENUM="37" HOUSETYPE="2" OPERTYPEID="20" PREVID="45418446" NEXTID="129178875" UPDATEDATE="2025-09-30" STARTDATE="2019-11-28" ENDDATE="2025-09-30" ISACTUAL="0" ISACTIVE="0" /><HOUSE ID="68979702" OBJECTID="75267242" OBJECTGUID="f876269b-40f9-4d1f-8dcc-63c8c04aef8e" CHANGEID="111982669" HOUSENUM="49" HOUSETYPE="2" OPERTYPEID="20" PREVID="45441499" NEXTID="129179541" UPDATEDATE="2025-09-30" STARTDATE="2019-11-28" ENDDATE="2025-09-30" ISACTUAL="0" ISACTIVE="0" /><HOUSE ID="4084839" OBJECTID="8125783" OBJECTGUID="791895fa-294e-4e9d-87f7-c0649930c393" CHANGEID="13778347" HOUSENUM="37" HOUSETYPE="3" OPERTYPEID="10" PREVID="0" NEXTID="129175214" UPDATEDATE="2025-09-29" STARTDATE="2016-07-22" ENDDATE="2025-09-29" ISACTUAL="0" ISACTIVE="0" /><HOUSE ID="9759634" OBJECTID="17067362" OBJECTGUID="a665e855-ee12-49e9-af64-53ff633e38b6" CHANGEID="26998423" HOUSENUM="4" HOUSETYPE="2" OPERTYPEID="10" PREVID="0" NEXTID="129173011" UPDATEDATE="2025-09-29" STARTDATE="2017-10-27" ENDDATE="2025-09-29" ISACTUAL="0" ISACTIVE="0" /><HOUSE ID="9758301" OBJECTID="17065218" OBJECTGUID="4736f7a1-3c9f-4c9e-aefc-25ae375ceaf7" CHANGEID="26995263" HOUSENUM="27" HOUSETYPE="2" OPERTYPEID="10" PREVID="0" NEXTID="129173073" UPDATEDATE="2025-09-29" STARTDATE="2017-10-27" ENDDATE="2025-09-29" ISACTUAL="0" ISACTIVE="0" /><HOUSE ID="9758523" OBJECTID="17065606" OBJECTGUID="aa4dca9b-0771-407e-ad09-274e9a9e8ae1" CHANGEID="26995846" HOUSENUM="46" HOUSETYPE="2" OPERTYPEID="10" PREVID="0" NEXTID="129173236" UPDATEDATE="2025-09-29" STARTDATE="2017-10-27" ENDDATE="2025-09-29" ISACTUAL="0" ISACTIVE="0" /><HOUSE ID="9759378" OBJECTID="17066918" OBJECTGUID="614bd110-3338-49e1-9c51-46d18a874760" CHANGEID="26997785" HOUSENUM="29" HOUSETYPE="2" OPERTYPEID="10" PREVID="0" NEXTID="129173298" UPDATEDATE="2025-09-29" STARTDATE="2017-10-27" ENDDATE="2025-09-29" ISACTUAL="0" ISACTIVE="0" /><HOUSE ID="9756723" OBJECTID="17062426" OBJECTGUID="976c8b9a-1af1-4bf5-8e67-16af92f179ba" CHANGEID="26991315" HOUSENUM="13" HOUSETYPE="2" OPERTYPEID="10" PREVID="0" NEXTID="129173022" UPDATEDATE="2025-09-29" STARTDATE="2017-10-27" ENDDATE="2025-09-29" ISACTUAL="0" ISACTIVE="0" /><HOUSE ID="9763412" OBJECTID="17074312" OBJECTGUID="994e01dc-8c28-4650-a4ae-76516e8d9b04" CHANGEID="27008320" HOUSENUM="22" HOUSETYPE="2" OPERTYPEID="10" PREVID="0" NEXTID="129173045" UPDATEDATE="2025-09-29" STARTDATE="2017-10-27" ENDDATE="2025-09-29" ISACTUAL="0" ISACTIVE="0" /><HOUSE ID="9771768" OBJECTID="17085291" OBJECTGUID="17da4171-79a2-4569-b981-ec912bb2c160" CHANGEID="27025136" HOUSENUM="12" HOUSETYPE="2" OPERTYPEID="10" PREVID="0" NEXTID="129173021" UPDATEDATE="2025-09-29" STARTDATE="2017-10-27" ENDDATE="2025-09-29" ISACTUAL="0" ISACTIVE="0" /><HOUSE ID="9764698" OBJECTID="17075880" OBJECTGUID="09cb5e01-b680-4362-a596-8694af9eefa1" CHANGEID="27010656" HOUSENUM="31" HOUSETYPE="2" OPERTYPEID="10" PREVID="0" NEXTID="129173347" UPDATEDATE="2025-09-29" STARTDATE="2017-10-27" ENDDATE="2025-09-29" ISACTUAL="0" ISACTIVE="0" /><HOUSE ID="10625721" OBJECTID="18425185" OBJECTGUID="152ab535-4b50-417d-a688-d2052cd75c5e" CHANGEID="29000757" HOUSENUM="3" HOUSETYPE="3" OPERTYPEID="10" PREVID="0" NEXTID="129173047" UPDATEDATE="2025-09-29" STARTDATE="2012-12-20" ENDDATE="2025-09-29" ISACTUAL="0" ISACTIVE="0" /><HOUSE ID="13489171" OBJECTID="22869182" OBJECTGUID="eb0d6370-6b93-4568-b8a0-519284ab9ced" CHANGEID="35597188" HOUSENUM="56" HOUSETYPE="2" OPERTYPEID="10" PREVID="0" NEXTID="129173079" UPDATEDATE="2025-09-29" STARTDATE="2017-10-27" ENDDATE="2025-09-29" ISACTUAL="0" ISACTIVE="0" /><HOUSE ID="13494209" OBJECTID="22877212" OBJECTGUID="2745b588-9859-4470-a17a-7e8009cef851" CHANGEID="35609037" HOUSENUM="52" HOUSETYPE="2" OPERTYPEID="10" PREVID="0" NEXTID="129173055" UPDATEDATE="2025-09-29" STARTDATE="2017-10-27" ENDDATE="2025-09-29" ISACTUAL="0" ISACTIVE="0" /><HOUSE ID="13494863" OBJECTID="22877985" OBJECTGUID="a444419a-c85c-483e-a5d1-aa18b04a4a3e" CHANGEID="35610253" HOUSENUM="58" HOUSETYPE="2" OPERTYPEID="10" PREVID="0" NEXTID="129173266" UPDATEDATE="2025-09-29" STARTDATE="2017-10-27" ENDDATE="2025-09-29" ISACTUAL="0" ISACTIVE="0" /><HOUSE ID="13504578" OBJECTID="22894978" OBJECTGUID="6e3125f7-d65b-47ec-9b5f-d2d280705bcb" CHANGEID="35634771" HOUSENUM="46" HOUSETYPE="2" OPERTYPEID="10" PREVID="0" NEXTID="129173020" UPDATEDATE="2025-09-29" STARTDATE="2017-10-27" ENDDATE="2025-09-29" ISACTUAL="0" ISACTIVE="0" /><HOUSE ID="22604363" OBJECTID="37886550" OBJECTGUID="f2bcb0d0-21f4-493d-9528-4b88e146276e" CHANGEID="57451748" HOUSENUM="26" HOUSETYPE="2" OPERTYPEID="10" PREVID="0" NEXTID="129191363" UPDATEDATE="2025-10-01" STARTDATE="2015-09-23" ENDDATE="2025-10-01" ISACTUAL="0" ISACTIVE="0" /><HOUSE ID="24689255" OBJECTID="41312217" OBJECTGUID="11cc07d8-30d2-482b-99cd-ff1ec602ffed" CHANGEID="62479251" HOUSENUM="20" HOUSETYPE="3" OPERTYPEID="10" PREVID="0" NEXTID="129183322" UPDATEDATE="2025-09-30" STARTDATE="2012-11-19" ENDDATE="2025-09-30" ISACTUAL="0" ISACTIVE="0" /><HOUSE ID="55767346" OBJECTID="75233851" OBJECTGUID="3dee0312-0748-4b0e-a969-a7eec2970d94" CHANGEID="111934843" HOUSENUM="77" HOUSETYPE="2" OPERTYPEID="20" PREVID="45422786" NEXTID="129179853" UPDATEDATE="2025-09-30" STARTDATE="2019-11-28" ENDDATE="2025-09-30" ISACTUAL="0" ISACTIVE="0" /><HOUSE ID="33099121" OBJECTID="55387635" OBJECTGUID="e9b0407d-47e8-48d1-bf48-da20ea38c079" CHANGEID="82845112" HOUSENUM="16" HOUSETYPE="3" OPERTYPEID="10" PREVID="0" NEXTID="129173032" UPDATEDATE="2025-09-29" STARTDATE="2015-11-05" ENDDATE="2025-09-29" ISACTUAL="0" ISACTIVE="0" /><HOUSE ID="41511297" OBJECTID="68847386" OBJECTGUID="418049ab-0e59-40d3-a88e-21df1c3e9aaa" CHANGEID="102624008" HOUSENUM="10" ADDNUM1="10" HOUSETYPE="3" ADDTYPE1="2" OPERTYPEID="10" PREVID="0" NEXTID="129177832" UPDATEDATE="2025-09-30" STARTDATE="2015-10-26" ENDDATE="2025-09-30" ISACTUAL="0" ISACTIVE="0" /><HOUSE ID="41649745" OBJECTID="69056144" OBJECTGUID="bb9e2809-41c4-49d4-8e96-925a52c24e28" CHANGEID="102939318" HOUSENUM="1" HOUSETYPE="2" OPERTYPEID="10" PREVID="0" NEXTID="129177826" UPDATEDATE="2025-09-30" STARTDATE="2015-04-21" ENDDATE="2025-09-30" ISACTUAL="0" ISACTIVE="0" /><HOUSE ID="46428743" OBJECTID="76834561" OBJECTGUID="70101662-f1a6-446b-9948-04e1781a3da3" CHANGEID="114285976" HOUSENUM="5" HOUSETYPE="2" OPERTYPEID="10" PREVID="0" NEXTID="129177844" UPDATEDATE="2025-09-30" STARTDATE="2015-04-21" ENDDATE="2025-09-30" ISACTUAL="0" ISACTIVE="0" /><HOUSE ID="46429214" OBJECTID="76835042" OBJECTGUID="15f0072e-f9ef-4447-86dc-0f9fb9bc78d8" CHANGEID="114286759" HOUSENUM="3" HOUSETYPE="2" OPERTYPEID="10" PREVID="0" NEXTID="129177845" UPDATEDATE="2025-09-30" STARTDATE="2015-04-21" ENDDATE="2025-09-30" ISACTUAL="0" ISACTIVE="0" /><HOUSE ID="46433499" OBJECTID="76841072" OBJECTGUID="74bd5064-e726-4064-a8a8-535b493fcbbe" CHANGEID="114295843" HOUSENUM="1" ADDNUM1="1" HOUSETYPE="3" ADDTYPE1="2" OPERTYPEID="10" PREVID="0" NEXTID="129177855" UPDATEDATE="2025-09-30" STARTDATE="2015-10-26" ENDDATE="2025-09-30" ISACTUAL="0" ISACTIVE="0" /><HOUSE ID="52620974" OBJECTID="75272153" OBJECTGUID="1183e52f-b2bc-41cb-9f76-6869996f4371" CHANGEID="111989575" HOUSENUM="55" HOUSETYPE="2" OPERTYPEID="20" PREVID="45444663" NEXTID="129179828" UPDATEDATE="2025-09-30" STARTDATE="2019-11-28" ENDDATE="2025-09-30" ISACTUAL="0" ISACTIVE="0" /><HOUSE ID="54129676" OBJECTID="75269523" OBJECTGUID="26cd2061-f064-4cdd-835a-65b8ec09c3b7" CHANGEID="111986202" HOUSENUM="33" HOUSETYPE="2" OPERTYPEID="20" PREVID="45443172" NEXTID="129178387" UPDATEDATE="2025-09-30" STARTDATE="2019-11-28" ENDDATE="2025-09-30" ISACTUAL="0" ISACTIVE="0" /><HOUSE ID="125210607" OBJECTID="161428047" OBJECTGUID="64685eae-23e3-4d17-b506-e213a0cba6e5" CHANGEID="574961573" HOUSENUM="2" HOUSETYPE="2" OPERTYPEID="10" PREVID="0" NEXTID="129173365" UPDATEDATE="2025-09-29" STARTDATE="2023-11-23" ENDDATE="2025-09-29" ISACTUAL="0" ISACTIVE="0" /><HOUSE ID="125365767" OBJECTID="161702102" OBJECTGUID="7e5f0ca5-85c8-4764-9a21-55436abbb93e" CHANGEID="576271173" HOUSENUM="32А" HOUSETYPE="2" OPERTYPEID="10" PREVID="0" NEXTID="129178398" UPDATEDATE="2025-09-30" STARTDATE="2023-12-11" ENDDATE="2025-09-30" ISACTUAL="0" ISACTIVE="0" /><HOUSE ID="125365770" OBJECTID="161702111" OBJECTGUID="47960ba5-61c6-4cda-a753-29f06ac04adc" CHANGEID="576271259" HOUSENUM="40А" HOUSETYPE="2" OPERTYPEID="10" PREVID="0" NEXTID="129178401" UPDATEDATE="2025-09-30" STARTDATE="2023-12-11" ENDDATE="2025-09-30" ISACTUAL="0" ISACTIVE="0" /><HOUSE ID="129169087" OBJECTID="174925146" OBJECTGUID="92a91d63-fe34-4dd1-8356-acb42692f28e" CHANGEID="689654350" HOUSENUM="7" HOUSETYPE="2" OPERTYPEID="10" PREVID="0" NEXTID="0" UPDATEDATE="2025-09-29" STARTDATE="2025-09-29" ENDDATE="2079-06-06" ISACTUAL="1" ISACTIVE="1" /><HOUSE ID="129169585" OBJECTID="174927411" OBJECTGUID="50a5b975-4428-40be-82fc-40b955d79ab5" CHANGEID="689662526" HOUSENUM="3" HOUSETYPE="2" OPERTYPEID="10" PREVID="0" NEXTID="0" UPDATEDATE="2025-09-29" STARTDATE="2025-09-29" ENDDATE="2079-06-06" ISACTUAL="1" ISACTIVE="1" /><HOUSE ID="129169590" OBJECTID="174927439" OBJECTGUID="e48bb88c-b89e-4d1e-a421-b242893d9b42" CHANGEID="689662559" HOUSENUM="121" HOUSETYPE="5" OPERTYPEID="10" PREVID="0" NEXTID="0" UPDATEDATE="2025-09-29" STARTDATE="2025-09-29" ENDDATE="2079-06-06" ISACTUAL="1" ISACTIVE="1" /><HOUSE ID="129169586" OBJECTID="174927414" OBJECTGUID="c0cb36a3-ff15-4090-809f-eb8b0c2f6fc7" CHANGEID="689662529" HOUSENUM="20" HOUSETYPE="2" OPERTYPEID="10" PREVID="0" NEXTID="0" UPDATEDATE="2025-09-29" STARTDATE="2025-09-29" ENDDATE="2079-06-06" ISACTUAL="1" ISACTIVE="1" /><HOUSE ID="129169587" OBJECTID="174927434" OBJECTGUID="0c297a08-1af7-48ed-8965-61a5259fb149" CHANGEID="689662554" HOUSENUM="157" HOUSETYPE="2" OPERTYPEID="10" PREVID="0" NEXTID="0" UPDATEDATE="2025-09-29" STARTDATE="2025-09-29" ENDDATE="2079-06-06" ISACTUAL="1" ISACTIVE="1" /><HOUSE ID="129171325" OBJECTID="174933027" OBJECTGUID="8a8cdf36-674a-4a96-b59d-0a56a4723036" CHANGEID="689674185" HOUSENUM="14" HOUSETYPE="2" OPERTYPEID="10" PREVID="0" NEXTID="0" UPDATEDATE="2025-09-29" STARTDATE="2025-09-29" ENDDATE="2079-06-06" ISACTUAL="1" ISACTIVE="1" /><HOUSE ID="129171326" OBJECTID="174933029" OBJECTGUID="8a683961-c593-47e3-abad-a85289f0e327" CHANGEID="689674193" HOUSENUM="16" HOUSETYPE="2" OPERTYPEID="10" PREVID="0" NEXTID="0" UPDATEDATE="2025-09-29" STARTDATE="2025-09-29" ENDDATE="2079-06-06" ISACTUAL="1" ISACTIVE="1" /><HOUSE ID="129171321" OBJECTID="174933017" OBJECTGUID="bbf7e508-6af1-437f-a1a0-903a7b70d6c5" CHANGEID="689674159" HOUSENUM="9" HOUSETYPE="2" OPERTYPEID="10" PREVID="0" NEXTID="0" UPDATEDATE="2025-09-29" STARTDATE="2025-09-29" ENDDATE="2079-06-06" ISACTUAL="1" ISACTIVE="1" /><HOUSE ID="129171324" OBJECTID="174933024" OBJECTGUID="903047d4-253a-4d6c-920b-9c0143d89db2" CHANGEID="689674174" HOUSENUM="11" HOUSETYPE="2" OPERTYPEID="10" PREVID="0" NEXTID="0" UPDATEDATE="2025-09-29" STARTDATE="2025-09-29" ENDDATE="2079-06-06" ISACTUAL="1" ISACTIVE="1" /><HOUSE ID="129171331" OBJECTID="174933069" OBJECTGUID="7390defb-89d3-4221-92ed-3f3c03115562" CHANGEID="689674273" HOUSENUM="3" HOUSETYPE="5" OPERTYPEID="10" PREVID="0" NEXTID="0" UPDATEDATE="2025-09-29" STARTDATE="2025-09-29" ENDDATE="2079-06-06" ISACTUAL="1" ISACTIVE="1" /><HOUSE ID="129171334" OBJECTID="174933096" OBJECTGUID="7ad84261-d110-419d-8c16-5c809fdd2500" CHANGEID="689674307" HOUSENUM="106" HOUSETYPE="2" OPERTYPEID="10" PREVID="0" NEXTID="0" UPDATEDATE="2025-09-29" STARTDATE="2025-09-29" ENDDATE="2079-06-06" ISACTUAL="1" ISACTIVE="1" /><HOUSE ID="129171741" OBJECTID="174934048" OBJECTGUID="0735b758-ccab-4ad5-a7af-b6d46b14d6bf" CHANGEID="689676003" HOUSENUM="9" HOUSETYPE="2" OPERTYPEID="10" PREVID="0" NEXTID="0" UPDATEDATE="2025-09-29" STARTDATE="2025-09-29" ENDDATE="2079-06-06" ISACTUAL="1" ISACTIVE="1" /><HOUSE ID="129172111" OBJECTID="174934791" OBJECTGUID="be8f2bfe-23bb-4518-950f-aaaec384f4e9" CHANGEID="689678534" HOUSENUM="92" HOUSETYPE="2" OPERTYPEID="10" PREVID="0" NEXTID="0" UPDATEDATE="2025-09-29" STARTDATE="2025-09-29" ENDDATE="2079-06-06" ISACTUAL="1" ISACTIVE="1" /><HOUSE ID="129172035" OBJECTID="174934664" OBJECTGUID="3ce05f4e-af11-491c-a3e6-9e8542bd0edb" CHANGEID="689678249" HOUSENUM="36а" HOUSETYPE="2" OPERTYPEID="10" PREVID="0" NEXTID="0" UPDATEDATE="2025-09-29" STARTDATE="2025-09-29" ENDDATE="2079-06-06" ISACTUAL="1" ISACTIVE="1" /><HOUSE ID="129172039" OBJECTID="174934730" OBJECTGUID="51ee6838-398b-4876-8bcc-4632717a26ab" CHANGEID="689678316" HOUSENUM="34" HOUSETYPE="2" OPERTYPEID="10" PREVID="0" NEXTID="0" UPDATEDATE="2025-09-29" STARTDATE="2025-09-29" ENDDATE="2079-06-06" ISACTUAL="1" ISACTIVE="1" /><HOUSE ID="129172048" OBJECTID="174934733" OBJECTGUID="cc349d8e-1b5e-4eac-aae3-048d9b64d1bd" CHANGEID="689678340" HOUSENUM="11а" HOUSETYPE="2" OPERTYPEID="10" PREVID="0" NEXTID="0" UPDATEDATE="2025-09-29" STARTDATE="2025-09-29" ENDDATE="2079-06-06" ISACTUAL="1" ISACTIVE="1" /><HOUSE ID="9768336" OBJECTID="17080970" OBJECTGUID="963ed042-4242-4245-9220-e64e8d441165" CHANGEID="27018343" HOUSENUM="10" HOUSETYPE="2" OPERTYPEID="10" PREVID="0" NEXTID="129173006" UPDATEDATE="2025-09-29" STARTDATE="2017-10-27" ENDDATE="2025-09-29" ISACTUAL="0" ISACTIVE="0" /><HOUSE ID="129173006" OBJECTID="17080970" OBJECTGUID="963ed042-4242-4245-9220-e64e8d441165" CHANGEID="689683359" HOUSENUM="4" HOUSETYPE="2" OPERTYPEID="50" PREVID="9768336" UPDATEDATE="2025-09-29" STARTDATE="2025-09-29" ENDDATE="2079-06-06" ISACTUAL="1" ISACTIVE="1" /><HOUSE ID="9761199" OBJECTID="17069912" OBJECTGUID="9a3b1f1f-96e6-49ff-8c51-68839a8d5824" CHANGEID="27002147" HOUSENUM="11" HOUSETYPE="2" OPERTYPEID="10" PREVID="0" NEXTID="129173008" UPDATEDATE="2025-09-29" STARTDATE="2017-10-27" ENDDATE="2025-09-29" ISACTUAL="0" ISACTIVE="0" /><HOUSE ID="129173008" OBJECTID="17069912" OBJECTGUID="9a3b1f1f-96e6-49ff-8c51-68839a8d5824" CHANGEID="689683374" HOUSENUM="5" HOUSETYPE="2" OPERTYPEID="50" PREVID="9761199" UPDATEDATE="2025-09-29" STARTDATE="2025-09-29" ENDDATE="2079-06-06" ISACTUAL="1" ISACTIVE="1" /><HOUSE ID="129173011" OBJECTID="17067362" OBJECTGUID="a665e855-ee12-49e9-af64-53ff633e38b6" CHANGEID="689683495" HOUSENUM="6" HOUSETYPE="2" OPERTYPEID="50" PREVID="9759634" UPDATEDATE="2025-09-29" STARTDATE="2025-09-29" ENDDATE="2079-06-06" ISACTUAL="1" ISACTIVE="1" /><HOUSE ID="129173020" OBJECTID="22894978" OBJECTGUID="6e3125f7-d65b-47ec-9b5f-d2d280705bcb" CHANGEID="689683585" HOUSENUM="8" HOUSETYPE="2" OPERTYPEID="50" PREVID="13504578" UPDATEDATE="2025-09-29" STARTDATE="2025-09-29" ENDDATE="2079-06-06" ISACTUAL="1" ISACTIVE="1" /><HOUSE ID="129173022" OBJECTID="17062426" OBJECTGUID="976c8b9a-1af1-4bf5-8e67-16af92f179ba" CHANGEID="689683642" HOUSENUM="10" HOUSETYPE="2" OPERTYPEID="50" PREVID="9756723" UPDATEDATE="2025-09-29" STARTDATE="2025-09-29" ENDDATE="2079-06-06" ISACTUAL="1" ISACTIVE="1" /><HOUSE ID="9772880" OBJECTID="17087114" OBJECTGUID="c60fc751-ec8a-4b4e-b5e8-f80822d8920c" CHANGEID="27027839" HOUSENUM="14" HOUSETYPE="2" OPERTYPEID="10" PREVID="0" NEXTID="129173023" UPDATEDATE="2025-09-29" STARTDATE="2017-10-27" ENDDATE="2025-09-29" ISACTUAL="0" ISACTIVE="0" /><HOUSE ID="129173023" OBJECTID="17087114" OBJECTGUID="c60fc751-ec8a-4b4e-b5e8-f80822d8920c" CHANGEID="689683659" HOUSENUM="12" HOUSETYPE="2" OPERTYPEID="50" PREVID="9772880" UPDATEDATE="2025-09-29" STARTDATE="2025-09-29" ENDDATE="2079-06-06" ISACTUAL="1" ISACTIVE="1" /><HOUSE ID="9764149" OBJECTID="17075142" OBJECTGUID="11f4b577-0f76-431e-94e8-7bec440985da" CHANGEID="27009562" HOUSENUM="17" HOUSETYPE="2" OPERTYPEID="10" PREVID="0" NEXTID="129173031" UPDATEDATE="2025-09-29" STARTDATE="2017-10-27" ENDDATE="2025-09-29" ISACTUAL="0" ISACTIVE="0" /><HOUSE ID="129173031" OBJECTID="17075142" OBJECTGUID="11f4b577-0f76-431e-94e8-7bec440985da" CHANGEID="689683718" HOUSENUM="15" HOUSETYPE="2" OPERTYPEID="50" PREVID="9764149" UPDATEDATE="2025-09-29" STARTDATE="2025-09-29" ENDDATE="2079-06-06" ISACTUAL="1" ISACTIVE="1" /><HOUSE ID="9768596" OBJECTID="17081282" OBJECTGUID="e363c5e4-522e-4d71-8a7e-ea1c7be06dc5" CHANGEID="27018833" HOUSENUM="9" HOUSETYPE="2" OPERTYPEID="10" PREVID="0" NEXTID="129173016" UPDATEDATE="2025-09-29" STARTDATE="2017-10-27" ENDDATE="2025-09-29" ISACTUAL="0" ISACTIVE="0" /><HOUSE ID="129173016" OBJECTID="17081282" OBJECTGUID="e363c5e4-522e-4d71-8a7e-ea1c7be06dc5" CHANGEID="689683538" HOUSENUM="7" HOUSETYPE="2" OPERTYPEID="50" PREVID="9768596" UPDATEDATE="2025-09-29" STARTDATE="2025-09-29" ENDDATE="2079-06-06" ISACTUAL="1" ISACTIVE="1" /><HOUSE ID="129173021" OBJECTID="17085291" OBJECTGUID="17da4171-79a2-4569-b981-ec912bb2c160" CHANGEID="689683598" HOUSENUM="9" HOUSETYPE="2" OPERTYPEID="50" PREVID="9771768" UPDATEDATE="2025-09-29" STARTDATE="2025-09-29" ENDDATE="2079-06-06" ISACTUAL="1" ISACTIVE="1" /><HOUSE ID="9756990" OBJECTID="17062817" OBJECTGUID="ae8da1d4-706c-4918-99c2-1c22fff5ffcb" CHANGEID="26991911" HOUSENUM="16" HOUSETYPE="2" OPERTYPEID="10" PREVID="0" NEXTID="129173024" UPDATEDATE="2025-09-29" STARTDATE="2017-10-27" ENDDATE="2025-09-29" ISACTUAL="0" ISACTIVE="0" /><HOUSE ID="129173024" OBJECTID="17062817" OBJECTGUID="ae8da1d4-706c-4918-99c2-1c22fff5ffcb" CHANGEID="689683670" HOUSENUM="13" HOUSETYPE="2" OPERTYPEID="50" PREVID="9756990" UPDATEDATE="2025-09-29" STARTDATE="2025-09-29" ENDDATE="2079-06-06" ISACTUAL="1" ISACTIVE="1" /><HOUSE ID="9773506" OBJECTID="17088224" OBJECTGUID="b84d5ea3-b8ac-4811-b2e5-fadcf16c7275" CHANGEID="27029344" HOUSENUM="15" HOUSETYPE="2" OPERTYPEID="10" PREVID="0" NEXTID="129173028" UPDATEDATE="2025-09-29" STARTDATE="2017-10-27" ENDDATE="2025-09-29" ISACTUAL="0" ISACTIVE="0" /><HOUSE ID="129173028" OBJECTID="17088224" OBJECTGUID="b84d5ea3-b8ac-4811-b2e5-fadcf16c7275" CHANGEID="689683697" HOUSENUM="14" HOUSETYPE="2" OPERTYPEID="50" PREVID="9773506" UPDATEDATE="2025-09-29" STARTDATE="2025-09-29" ENDDATE="2079-06-06" ISACTUAL="1" ISACTIVE="1" /><HOUSE ID="129173032" OBJECTID="55387635" OBJECTGUID="e9b0407d-47e8-48d1-bf48-da20ea38c079" CHANGEID="689683724" HOUSENUM="16" HOUSETYPE="2" OPERTYPEID="20" PREVID="33099121" UPDATEDATE="2025-09-29" STARTDATE="2025-09-29" ENDDATE="2079-06-06" ISACTUAL="1" ISACTIVE="1" /><HOUSE ID="13509645" OBJECTID="22902337" OBJECTGUID="d67d03ce-464f-4a24-a62b-dd74d1b5b3e7" CHANGEID="35645755" HOUSENUM="57" HOUSETYPE="2" OPERTYPEID="10" PREVID="0" NEXTID="129173033" UPDATEDATE="2025-09-29" STARTDATE="2017-10-27" ENDDATE="2025-09-29" ISACTUAL="0" ISACTIVE="0" /><HOUSE ID="129173033" OBJECTID="22902337" OBJECTGUID="d67d03ce-464f-4a24-a62b-dd74d1b5b3e7" CHANGEID="689683734" HOUSENUM="16" HOUSETYPE="2" OPERTYPEID="50" PREVID="13509645" UPDATEDATE="2025-09-29" STARTDATE="2025-09-29" ENDDATE="2079-06-06" ISACTUAL="1" ISACTIVE="1" /><HOUSE ID="13512859" OBJECTID="22906794" OBJECTGUID="a661b62c-a30e-4c0b-8775-e2715dd9a82f" CHANGEID="35652693" HOUSENUM="51" HOUSETYPE="2" OPERTYPEID="10" PREVID="0" NEXTID="129173035" UPDATEDATE="2025-09-29" STARTDATE="2017-10-27" ENDDATE="2025-09-29" ISACTUAL="0" ISACTIVE="0" /><HOUSE ID="129173035" OBJECTID="22906794" OBJECTGUID="a661b62c-a30e-4c0b-8775-e2715dd9a82f" CHANGEID="689683751" HOUSENUM="17" HOUSETYPE="2" OPERTYPEID="50" PREVID="13512859" UPDATEDATE="2025-09-29" STARTDATE="2025-09-29" ENDDATE="2079-06-06" ISACTUAL="1" ISACTIVE="1" /><HOUSE ID="9773660" OBJECTID="17088525" OBJECTGUID="656e3c6f-9850-4620-a04d-fc086ca28b6f" CHANGEID="27029726" HOUSENUM="20" HOUSETYPE="2" OPERTYPEID="10" PREVID="0" NEXTID="129173037" UPDATEDATE="2025-09-29" STARTDATE="2017-10-27" ENDDATE="2025-09-29" ISACTUAL="0" ISACTIVE="0" /><HOUSE ID="129173037" OBJECTID="17088525" OBJECTGUID="656e3c6f-9850-4620-a04d-fc086ca28b6f" CHANGEID="689683793" HOUSENUM="19" HOUSETYPE="2" OPERTYPEID="50" PREVID="9773660" UPDATEDATE="2025-09-29" STARTDATE="2025-09-29" ENDDATE="2079-06-06" ISACTUAL="1" ISACTIVE="1" /><HOUSE ID="9772471" OBJECTID="17086547" OBJECTGUID="8d7eecf5-eea7-458e-af90-f546380cd37e" CHANGEID="27026997" HOUSENUM="19" HOUSETYPE="2" OPERTYPEID="10" PREVID="0" NEXTID="129173039" UPDATEDATE="2025-09-29" STARTDATE="2017-10-27" ENDDATE="2025-09-29" ISACTUAL="0" ISACTIVE="0" /><HOUSE ID="129173039" OBJECTID="17086547" OBJECTGUID="8d7eecf5-eea7-458e-af90-f546380cd37e" CHANGEID="689683827" HOUSENUM="20" HOUSETYPE="2" OPERTYPEID="50" PREVID="9772471" UPDATEDATE="2025-09-29" STARTDATE="2025-09-29" ENDDATE="2079-06-06" ISACTUAL="1" ISACTIVE="1" /><HOUSE ID="11781358" OBJECTID="20212885" OBJECTGUID="09fe17f1-0c7a-462f-aa75-1b1972e712c7" CHANGEID="31658447" HOUSENUM="13" HOUSETYPE="3" OPERTYPEID="10" PREVID="0" NEXTID="129173040" UPDATEDATE="2025-09-29" STARTDATE="2012-12-20" ENDDATE="2025-09-29" ISACTUAL="0" ISACTIVE="0" /><HOUSE ID="129173040" OBJECTID="20212885" OBJECTGUID="09fe17f1-0c7a-462f-aa75-1b1972e712c7" CHANGEID="689683830" HOUSENUM="13" HOUSETYPE="2" OPERTYPEID="20" PREVID="11781358" UPDATEDATE="2025-09-29" STARTDATE="2025-09-29" ENDDATE="2079-06-06" ISACTUAL="1" ISACTIVE="1" /><HOUSE ID="129173045" OBJECTID="17074312" OBJECTGUID="994e01dc-8c28-4650-a4ae-76516e8d9b04" CHANGEID="689683859" HOUSENUM="23" HOUSETYPE="2" OPERTYPEID="50" PREVID="9763412" UPDATEDATE="2025-09-29" STARTDATE="2025-09-29" ENDDATE="2079-06-06" ISACTUAL="1" ISACTIVE="1" /><HOUSE ID="129173047" OBJECTID="18425185" OBJECTGUID="152ab535-4b50-417d-a688-d2052cd75c5e" CHANGEID="689683868" HOUSENUM="3" HOUSETYPE="2" OPERTYPEID="20" PREVID="10625721" UPDATEDATE="2025-09-29" STARTDATE="2025-09-29" ENDDATE="2079-06-06" ISACTUAL="1" ISACTIVE="1" /><HOUSE ID="9761772" OBJECTID="17071237" OBJECTGUID="b1bfdf2a-8e9b-4559-b0d6-6960c9a8fbbd" CHANGEID="27003916" HOUSENUM="23" HOUSETYPE="2" OPERTYPEID="10" PREVID="0" NEXTID="129173054" UPDATEDATE="2025-09-29" STARTDATE="2017-10-27" ENDDATE="2025-09-29" ISACTUAL="0" ISACTIVE="0" /><HOUSE ID="129173054" OBJECTID="17071237" OBJECTGUID="b1bfdf2a-8e9b-4559-b0d6-6960c9a8fbbd" CHANGEID="689683957" HOUSENUM="25" HOUSETYPE="2" OPERTYPEID="50" PREVID="9761772" UPDATEDATE="2025-09-29" STARTDATE="2025-09-29" ENDDATE="2079-06-06" ISACTUAL="1" ISACTIVE="1" /><HOUSE ID="129173055" OBJECTID="22877212" OBJECTGUID="2745b588-9859-4470-a17a-7e8009cef851" CHANGEID="689684119" HOUSENUM="26" HOUSETYPE="2" OPERTYPEID="50" PREVID="13494209" UPDATEDATE="2025-09-29" STARTDATE="2025-09-29" ENDDATE="2079-06-06" ISACTUAL="1" ISACTIVE="1" /><HOUSE ID="129173056" OBJECTID="37610381" OBJECTGUID="ea8075be-e03b-472a-90c3-84260fe1a782" CHANGEID="689684122" HOUSENUM="3" HOUSETYPE="2" OPERTYPEID="20" PREVID="67991572" UPDATEDATE="2025-09-29" STARTDATE="2025-09-29" ENDDATE="2079-06-06" ISACTUAL="1" ISACTIVE="1" /><HOUSE ID="13501694" OBJECTID="22888615" OBJECTGUID="8c29fba1-2992-458d-931e-b5b04ca6b39a" CHANGEID="35626138" HOUSENUM="53" HOUSETYPE="2" OPERTYPEID="10" PREVID="0" NEXTID="129173059" UPDATEDATE="2025-09-29" STARTDATE="2017-10-27" ENDDATE="2025-09-29" ISACTUAL="0" ISACTIVE="0" /><HOUSE ID="129173059" OBJECTID="22888615" OBJECTGUID="8c29fba1-2992-458d-931e-b5b04ca6b39a" CHANGEID="689684134" HOUSENUM="27" HOUSETYPE="2" OPERTYPEID="50" PREVID="13501694" UPDATEDATE="2025-09-29" STARTDATE="2025-09-29" ENDDATE="2079-06-06" ISACTUAL="1" ISACTIVE="1" /><HOUSE ID="129173073" OBJECTID="17065218" OBJECTGUID="4736f7a1-3c9f-4c9e-aefc-25ae375ceaf7" CHANGEID="689684208" HOUSENUM="31" HOUSETYPE="2" OPERTYPEID="50" PREVID="9758301" UPDATEDATE="2025-09-29" STARTDATE="2025-09-29" ENDDATE="2079-06-06" ISACTUAL="1" ISACTIVE="1" /><HOUSE ID="13493848" OBJECTID="22876800" OBJECTGUID="a32af357-56db-499a-88a2-6c552925599a" CHANGEID="35608311" HOUSENUM="55" HOUSETYPE="2" OPERTYPEID="10" PREVID="0" NEXTID="129173076" UPDATEDATE="2025-09-29" STARTDATE="2017-10-27" ENDDATE="2025-09-29" ISACTUAL="0" ISACTIVE="0" /><HOUSE ID="129173076" OBJECTID="22876800" OBJECTGUID="a32af357-56db-499a-88a2-6c552925599a" CHANGEID="689684321" HOUSENUM="32" HOUSETYPE="2" OPERTYPEID="50" PREVID="13493848" UPDATEDATE="2025-09-29" STARTDATE="2025-09-29" ENDDATE="2079-06-06" ISACTUAL="1" ISACTIVE="1" /><HOUSE ID="129173079" OBJECTID="22869182" OBJECTGUID="eb0d6370-6b93-4568-b8a0-519284ab9ced" CHANGEID="689684333" HOUSENUM="33" HOUSETYPE="2" OPERTYPEID="50" PREVID="13489171" UPDATEDATE="2025-09-29" STARTDATE="2025-09-29" ENDDATE="2079-06-06" ISACTUAL="1" ISACTIVE="1" /><HOUSE ID="9756103" OBJECTID="17061612" OBJECTGUID="33cf751c-42d7-4d13-ba8d-133ca5b01484" CHANGEID="26990046" HOUSENUM="25" HOUSETYPE="2" OPERTYPEID="10" PREVID="0" NEXTID="129173063" UPDATEDATE="2025-09-29" STARTDATE="2017-10-27" ENDDATE="2025-09-29" ISACTUAL="0" ISACTIVE="0" /><HOUSE ID="129173063" OBJECTID="17061612" OBJECTGUID="33cf751c-42d7-4d13-ba8d-133ca5b01484" CHANGEID="689684153" HOUSENUM="28" HOUSETYPE="2" OPERTYPEID="50" PREVID="9756103" UPDATEDATE="2025-09-29" STARTDATE="2025-09-29" ENDDATE="2079-06-06" ISACTUAL="1" ISACTIVE="1" /><HOUSE ID="9766337" OBJECTID="17078136" OBJECTGUID="7d5d6f9a-ee15-4b50-9c01-8f210daa7077" CHANGEID="27014114" HOUSENUM="26" HOUSETYPE="2" OPERTYPEID="10" PREVID="0" NEXTID="129173068" UPDATEDATE="2025-09-29" STARTDATE="2017-10-27" ENDDATE="2025-09-29" ISACTUAL="0" ISACTIVE="0" /><HOUSE ID="129173068" OBJECTID="17078136" OBJECTGUID="7d5d6f9a-ee15-4b50-9c01-8f210daa7077" CHANGEID="689684171" HOUSENUM="29" HOUSETYPE="2" OPERTYPEID="50" PREVID="9766337" UPDATEDATE="2025-09-29" STARTDATE="2025-09-29" ENDDATE="2079-06-06" ISACTUAL="1" ISACTIVE="1" /><HOUSE ID="13513651" OBJECTID="22907882" OBJECTGUID="004cee07-2886-401e-9d1b-f66978965ee3" CHANGEID="35654425" HOUSENUM="54" HOUSETYPE="2" OPERTYPEID="10" PREVID="0" NEXTID="129173071" UPDATEDATE="2025-09-29" STARTDATE="2017-10-27" ENDDATE="2025-09-29" ISACTUAL="0" ISACTIVE="0" /><HOUSE ID="129173071" OBJECTID="22907882" OBJECTGUID="004cee07-2886-401e-9d1b-f66978965ee3" CHANGEID="689684187" HOUSENUM="30" HOUSETYPE="2" OPERTYPEID="50" PREVID="13513651" UPDATEDATE="2025-09-29" STARTDATE="2025-09-29" ENDDATE="2079-06-06" ISACTUAL="1" ISACTIVE="1" /><HOUSE ID="9758989" OBJECTID="17066247" OBJECTGUID="b4a18ef5-115f-4ca2-8e73-404acdd4be9a" CHANGEID="26996801" HOUSENUM="28" HOUSETYPE="2" OPERTYPEID="10" PREVID="0" NEXTID="129173197" UPDATEDATE="2025-09-29" STARTDATE="2017-10-27" ENDDATE="2025-09-29" ISACTUAL="0" ISACTIVE="0" /><HOUSE ID="129173197" OBJECTID="17066247" OBJECTGUID="b4a18ef5-115f-4ca2-8e73-404acdd4be9a" CHANGEID="689686154" HOUSENUM="34" HOUSETYPE="2" OPERTYPEID="50" PREVID="9758989" UPDATEDATE="2025-09-29" STARTDATE="2025-09-29" ENDDATE="2079-06-06" ISACTUAL="1" ISACTIVE="1" /><HOUSE ID="9767701" OBJECTID="17080127" OBJECTGUID="58ab0f72-98c4-496e-9d71-bd7367ea06cc" CHANGEID="27017057" HOUSENUM="30" HOUSETYPE="2" OPERTYPEID="10" PREVID="0" NEXTID="129173218" UPDATEDATE="2025-09-29" STARTDATE="2017-10-27" ENDDATE="2025-09-29" ISACTUAL="0" ISACTIVE="0" /><HOUSE ID="129173218" OBJECTID="17080127" OBJECTGUID="58ab0f72-98c4-496e-9d71-bd7367ea06cc" CHANGEID="689686262" HOUSENUM="35" HOUSETYPE="2" OPERTYPEID="50" PREVID="9767701" UPDATEDATE="2025-09-29" STARTDATE="2025-09-29" ENDDATE="2079-06-06" ISACTUAL="1" ISACTIVE="1" /><HOUSE ID="129173236" OBJECTID="17065606" OBJECTGUID="aa4dca9b-0771-407e-ad09-274e9a9e8ae1" CHANGEID="689686436" HOUSENUM="36" HOUSETYPE="2" OPERTYPEID="50" PREVID="9758523" UPDATEDATE="2025-09-29" STARTDATE="2025-09-29" ENDDATE="2079-06-06" ISACTUAL="1" ISACTIVE="1" /><HOUSE ID="129173266" OBJECTID="22877985" OBJECTGUID="a444419a-c85c-483e-a5d1-aa18b04a4a3e" CHANGEID="689686531" HOUSENUM="37" HOUSETYPE="2" OPERTYPEID="50" PREVID="13494863" UPDATEDATE="2025-09-29" STARTDATE="2025-09-29" ENDDATE="2079-06-06" ISACTUAL="1" ISACTIVE="1" /><HOUSE ID="129173298" OBJECTID="17066918" OBJECTGUID="614bd110-3338-49e1-9c51-46d18a874760" CHANGEID="689686681" HOUSENUM="38" HOUSETYPE="2" OPERTYPEID="50" PREVID="9759378" UPDATEDATE="2025-09-29" STARTDATE="2025-09-29" ENDDATE="2079-06-06" ISACTUAL="1" ISACTIVE="1" /><HOUSE ID="129173347" OBJECTID="17075880" OBJECTGUID="09cb5e01-b680-4362-a596-8694af9eefa1" CHANGEID="689686822" HOUSENUM="39" HOUSETYPE="2" OPERTYPEID="50" PREVID="9764698" UPDATEDATE="2025-09-29" STARTDATE="2025-09-29" ENDDATE="2079-06-06" ISACTUAL="1" ISACTIVE="1" /><HOUSE ID="129173365" OBJECTID="161428047" OBJECTGUID="64685eae-23e3-4d17-b506-e213a0cba6e5" CHANGEID="689686853" HOUSENUM="15" HOUSETYPE="2" OPERTYPEID="20" PREVID="125210607" UPDATEDATE="2025-09-29" STARTDATE="2025-09-29" ENDDATE="2079-06-06" ISACTUAL="1" ISACTIVE="1" /><HOUSE ID="9754558" OBJECTID="17059427" OBJECTGUID="3481b11e-4fd1-4728-9c0f-097404b668c5" CHANGEID="26986604" HOUSENUM="32" HOUSETYPE="2" OPERTYPEID="10" PREVID="0" NEXTID="129173370" UPDATEDATE="2025-09-29" STARTDATE="2017-10-27" ENDDATE="2025-09-29" ISACTUAL="0" ISACTIVE="0" /><HOUSE ID="129173370" OBJECTID="17059427" OBJECTGUID="3481b11e-4fd1-4728-9c0f-097404b668c5" CHANGEID="689686904" HOUSENUM="40" HOUSETYPE="2" OPERTYPEID="50" PREVID="9754558" UPDATEDATE="2025-09-29" STARTDATE="2025-09-29" ENDDATE="2079-06-06" ISACTUAL="1" ISACTIVE="1" /><HOUSE ID="129173486" OBJECTID="174938955" OBJECTGUID="01cd0a47-8c76-4ee9-8f67-f5a2b0791cd8" CHANGEID="689687739" HOUSENUM="96б" HOUSETYPE="2" OPERTYPEID="10" PREVID="0" NEXTID="0" UPDATEDATE="2025-09-29" STARTDATE="2025-09-29" ENDDATE="2079-06-06" ISACTUAL="1" ISACTIVE="1" /><HOUSE ID="129173499" OBJECTID="174939008" OBJECTGUID="7d8eca57-fb28-4d88-8701-ae76549140c4" CHANGEID="689687828" HOUSENUM="167а" HOUSETYPE="2" OPERTYPEID="10" PREVID="0" NEXTID="0" UPDATEDATE="2025-09-29" STARTDATE="2025-09-29" ENDDATE="2079-06-06" ISACTUAL="1" ISACTIVE="1" /><HOUSE ID="129173552" OBJECTID="174939148" OBJECTGUID="dff4909e-d109-4fab-a1f4-6740087fc5b7" CHANGEID="689688077" HOUSENUM="85б" HOUSETYPE="2" OPERTYPEID="10" PREVID="0" NEXTID="0" UPDATEDATE="2025-09-29" STARTDATE="2025-09-29" ENDDATE="2079-06-06" ISACTUAL="1" ISACTIVE="1" /><HOUSE ID="129173588" OBJECTID="174939279" OBJECTGUID="dc10ba6c-e6c8-4ce0-9962-5f1015a8e986" CHANGEID="689688241" HOUSENUM="17" HOUSETYPE="5" OPERTYPEID="10" PREVID="0" NEXTID="0" UPDATEDATE="2025-09-29" STARTDATE="2025-09-29" ENDDATE="2079-06-06" ISACTUAL="1" ISACTIVE="1" /><HOUSE ID="129173610" OBJECTID="174939318" OBJECTGUID="e2730ff4-7df1-4566-8165-784a05c82f9e" CHANGEID="689688319" HOUSENUM="37" HOUSETYPE="2" OPERTYPEID="10" PREVID="0" NEXTID="0" UPDATEDATE="2025-09-29" STARTDATE="2025-09-29" ENDDATE="2079-06-06" ISACTUAL="1" ISACTIVE="1" /><HOUSE ID="129173617" OBJECTID="174939324" OBJECTGUID="330a2748-d6d3-44d4-b544-25d745f5b8f3" CHANGEID="689688347" HOUSENUM="26/1" HOUSETYPE="2" OPERTYPEID="10" PREVID="0" NEXTID="0" UPDATEDATE="2025-09-29" STARTDATE="2025-09-29" ENDDATE="2079-06-06" ISACTUAL="1" ISACTIVE="1" /><HOUSE ID="129174568" OBJECTID="174942944" OBJECTGUID="4fed59e1-bcc2-4451-ada3-e6fc1775de7b" CHANGEID="689695720" HOUSENUM="25" HOUSETYPE="5" OPERTYPEID="10" PREVID="0" NEXTID="0" UPDATEDATE="2025-09-29" STARTDATE="2025-09-29" ENDDATE="2079-06-06" ISACTUAL="1" ISACTIVE="1" /><HOUSE ID="28787613" OBJECTID="48177708" OBJECTGUID="96c0c1e3-1014-4371-854b-c1358fe6dbb1" CHANGEID="72407589" HOUSENUM="45" HOUSETYPE="2" OPERTYPEID="10" PREVID="0" NEXTID="129174999" UPDATEDATE="2025-09-29" STARTDATE="2015-11-24" ENDDATE="2025-09-29" ISACTUAL="0" ISACTIVE="0" /><HOUSE ID="129174999" OBJECTID="48177708" OBJECTGUID="96c0c1e3-1014-4371-854b-c1358fe6dbb1" CHANGEID="689697324" HOUSENUM="5" HOUSETYPE="2" OPERTYPEID="50" PREVID="28787613" UPDATEDATE="2025-09-29" STARTDATE="2025-09-29" ENDDATE="2079-06-06" ISACTUAL="1" ISACTIVE="1" /><HOUSE ID="28839699" OBJECTID="48252408" OBJECTGUID="899c66d2-58ee-44ff-87fa-55a38e5f1303" CHANGEID="72521884" HOUSENUM="46" HOUSETYPE="2" OPERTYPEID="10" PREVID="0" NEXTID="129175021" UPDATEDATE="2025-09-29" STARTDATE="2015-11-24" ENDDATE="2025-09-29" ISACTUAL="0" ISACTIVE="0" /><HOUSE ID="129175021" OBJECTID="48252408" OBJECTGUID="899c66d2-58ee-44ff-87fa-55a38e5f1303" CHANGEID="689697390" HOUSENUM="6" HOUSETYPE="2" OPERTYPEID="50" PREVID="28839699" UPDATEDATE="2025-09-29" STARTDATE="2025-09-29" ENDDATE="2079-06-06" ISACTUAL="1" ISACTIVE="1" /><HOUSE ID="129175024" OBJECTID="174943992" OBJECTGUID="7f8368a6-8f99-407b-b96f-305f6bcf01e1" CHANGEID="689697401" HOUSENUM="36а" HOUSETYPE="2" OPERTYPEID="10" PREVID="0" NEXTID="0" UPDATEDATE="2025-09-29" STARTDATE="2025-09-29" ENDDATE="2079-06-06" ISACTUAL="1" ISACTIVE="1" /><HOUSE ID="129175037" OBJECTID="174944015" OBJECTGUID="80f7cb78-eb8d-4038-8568-589a25c23bd7" CHANGEID="689697437" HOUSENUM="10" HOUSETYPE="2" OPERTYPEID="10" PREVID="0" NEXTID="0" UPDATEDATE="2025-09-29" STARTDATE="2025-09-29" ENDDATE="2079-06-06" ISACTUAL="1" ISACTIVE="1" /><HOUSE ID="129175135" OBJECTID="25612398" OBJECTGUID="9b3348d8-aebc-4a02-bf38-fa4b5f831e19" CHANGEID="689698526" HOUSENUM="13" HOUSETYPE="2" OPERTYPEID="20" PREVID="62376701" UPDATEDATE="2025-09-29" STARTDATE="2025-09-29" ENDDATE="2079-06-06" ISACTUAL="1" ISACTIVE="1" /><HOUSE ID="129175138" OBJECTID="42770099" OBJECTGUID="3056e1a9-2d5e-4e0b-9c68-654673d82639" CHANGEID="689698539" HOUSENUM="7" HOUSETYPE="2" OPERTYPEID="20" PREVID="54805225" UPDATEDATE="2025-09-29" STARTDATE="2025-09-29" ENDDATE="2079-06-06" ISACTUAL="1" ISACTIVE="1" /><HOUSE ID="129175156" OBJECTID="174944606" OBJECTGUID="5edbe394-b4df-4f4c-b246-0aedd6a5fd25" CHANGEID="689698955" HOUSENUM="8" HOUSETYPE="2" OPERTYPEID="10" PREVID="0" NEXTID="0" UPDATEDATE="2025-09-29" STARTDATE="2025-09-29" ENDDATE="2079-06-06" ISACTUAL="1" ISACTIVE="1" /><HOUSE ID="35442289" OBJECTID="59187581" OBJECTGUID="cd8b9fc0-168f-4d92-b504-f8f635dd62c9" CHANGEID="88421346" HOUSENUM="10" HOUSETYPE="3" OPERTYPEID="10" PREVID="0" NEXTID="129175185" UPDATEDATE="2025-09-29" STARTDATE="2014-01-04" ENDDATE="2025-09-29" ISACTUAL="0" ISACTIVE="0" /><HOUSE ID="129175185" OBJECTID="59187581" OBJECTGUID="cd8b9fc0-168f-4d92-b504-f8f635dd62c9" CHANGEID="689699782" HOUSENUM="10" HOUSETYPE="2" OPERTYPEID="20" PREVID="35442289" UPDATEDATE="2025-09-29" STARTDATE="2025-09-29" ENDDATE="2079-06-06" ISACTUAL="1" ISACTIVE="1" /><HOUSE ID="17155741" OBJECTID="28907643" OBJECTGUID="4982e688-7c7a-4c7b-8632-1eddf61ff004" CHANGEID="44418550" HOUSENUM="32" HOUSETYPE="3" OPERTYPEID="10" PREVID="0" NEXTID="129175189" UPDATEDATE="2025-09-29" STARTDATE="2014-01-04" ENDDATE="2025-09-29" ISACTUAL="0" ISACTIVE="0" /><HOUSE ID="129175189" OBJECTID="28907643" OBJECTGUID="4982e688-7c7a-4c7b-8632-1eddf61ff004" CHANGEID="689699802" HOUSENUM="32" HOUSETYPE="2" OPERTYPEID="20" PREVID="17155741" UPDATEDATE="2025-09-29" STARTDATE="2025-09-29" ENDDATE="2079-06-06" ISACTUAL="1" ISACTIVE="1" /><HOUSE ID="129175214" OBJECTID="8125783" OBJECTGUID="791895fa-294e-4e9d-87f7-c0649930c393" CHANGEID="689700418" HOUSENUM="37" HOUSETYPE="2" OPERTYPEID="20" PREVID="4084839" UPDATEDATE="2025-09-29" STARTDATE="2025-09-29" ENDDATE="2079-06-06" ISACTUAL="1" ISACTIVE="1" /><HOUSE ID="129177820" OBJECTID="68849698" OBJECTGUID="1768984e-5c6d-47f2-b722-bc1c7846818d" CHANGEID="689717372" HOUSENUM="2" ADDNUM1="2" HOUSETYPE="3" ADDTYPE1="2" OPERTYPEID="30" PREVID="41512482" NEXTID="0" UPDATEDATE="2025-09-30" STARTDATE="2025-09-30" ENDDATE="2079-06-06" ISACTUAL="1" ISACTIVE="0" /><HOUSE ID="41512482" OBJECTID="68849698" OBJECTGUID="1768984e-5c6d-47f2-b722-bc1c7846818d" CHANGEID="102627158" HOUSENUM="2" ADDNUM1="2" HOUSETYPE="3" ADDTYPE1="2" OPERTYPEID="10" PREVID="0" NEXTID="129177820" UPDATEDATE="2025-09-30" STARTDATE="2015-10-26" ENDDATE="2025-09-30" ISACTUAL="0" ISACTIVE="0" /><HOUSE ID="129177821" OBJECTID="68850156" OBJECTGUID="4ac504a8-92d9-4f15-8368-bf956683d34c" CHANGEID="689717373" HOUSENUM="6" ADDNUM1="6" HOUSETYPE="3" ADDTYPE1="2" OPERTYPEID="30" PREVID="41512801" NEXTID="0" UPDATEDATE="2025-09-30" STARTDATE="2025-09-30" ENDDATE="2079-06-06" ISACTUAL="1" ISACTIVE="0" /><HOUSE ID="41512801" OBJECTID="68850156" OBJECTGUID="4ac504a8-92d9-4f15-8368-bf956683d34c" CHANGEID="102627844" HOUSENUM="6" ADDNUM1="6" HOUSETYPE="3" ADDTYPE1="2" OPERTYPEID="10" PREVID="0" NEXTID="129177821" UPDATEDATE="2025-09-30" STARTDATE="2015-10-26" ENDDATE="2025-09-30" ISACTUAL="0" ISACTIVE="0" /><HOUSE ID="129177822" OBJECTID="68850611" OBJECTGUID="5f300c7a-5c96-43ce-b109-c7d27718181d" CHANGEID="689717374" HOUSENUM="3" ADDNUM1="3" HOUSETYPE="3" ADDTYPE1="2" OPERTYPEID="30" PREVID="41513186" NEXTID="0" UPDATEDATE="2025-09-30" STARTDATE="2025-09-30" ENDDATE="2079-06-06" ISACTUAL="1" ISACTIVE="0" /><HOUSE ID="41513186" OBJECTID="68850611" OBJECTGUID="5f300c7a-5c96-43ce-b109-c7d27718181d" CHANGEID="102628539" HOUSENUM="3" ADDNUM1="3" HOUSETYPE="3" ADDTYPE1="2" OPERTYPEID="10" PREVID="0" NEXTID="129177822" UPDATEDATE="2025-09-30" STARTDATE="2015-10-26" ENDDATE="2025-09-30" ISACTUAL="0" ISACTIVE="0" /><HOUSE ID="129177823" OBJECTID="68850825" OBJECTGUID="91a4beef-55ca-4ae5-806e-cc3978ba4cda" CHANGEID="689717375" HOUSENUM="8" ADDNUM1="8" HOUSETYPE="3" ADDTYPE1="2" OPERTYPEID="30" PREVID="41513376" NEXTID="0" UPDATEDATE="2025-09-30" STARTDATE="2025-09-30" ENDDATE="2079-06-06" ISACTUAL="1" ISACTIVE="0" /><HOUSE ID="41513376" OBJECTID="68850825" OBJECTGUID="91a4beef-55ca-4ae5-806e-cc3978ba4cda" CHANGEID="102628893" HOUSENUM="8" ADDNUM1="8" HOUSETYPE="3" ADDTYPE1="2" OPERTYPEID="10" PREVID="0" NEXTID="129177823" UPDATEDATE="2025-09-30" STARTDATE="2015-10-26" ENDDATE="2025-09-30" ISACTUAL="0" ISACTIVE="0" /><HOUSE ID="129177824" OBJECTID="68850922" OBJECTGUID="5bb81326-3a63-4fcb-84a9-e59ca65331a9" CHANGEID="689717376" HOUSENUM="5" ADDNUM1="5" HOUSETYPE="3" ADDTYPE1="2" OPERTYPEID="30" PREVID="41513450" NEXTID="0" UPDATEDATE="2025-09-30" STARTDATE="2025-09-30" ENDDATE="2079-06-06" ISACTUAL="1" ISACTIVE="0" /><HOUSE ID="41513450" OBJECTID="68850922" OBJECTGUID="5bb81326-3a63-4fcb-84a9-e59ca65331a9" CHANGEID="102629047" HOUSENUM="5" ADDNUM1="5" HOUSETYPE="3" ADDTYPE1="2" OPERTYPEID="10" PREVID="0" NEXTID="129177824" UPDATEDATE="2025-09-30" STARTDATE="2015-10-26" ENDDATE="2025-09-30" ISACTUAL="0" ISACTIVE="0" /><HOUSE ID="129177825" OBJECTID="69054142" OBJECTGUID="e42edb91-6407-4b3d-95b9-14dfcdb92876" CHANGEID="689717377" HOUSENUM="11" HOUSETYPE="2" OPERTYPEID="30" PREVID="41648339" NEXTID="0" UPDATEDATE="2025-09-30" STARTDATE="2025-09-30" ENDDATE="2079-06-06" ISACTUAL="1" ISACTIVE="0" /><HOUSE ID="41648339" OBJECTID="69054142" OBJECTGUID="e42edb91-6407-4b3d-95b9-14dfcdb92876" CHANGEID="102936278" HOUSENUM="11" HOUSETYPE="2" OPERTYPEID="10" PREVID="0" NEXTID="129177825" UPDATEDATE="2025-09-30" STARTDATE="2015-04-21" ENDDATE="2025-09-30" ISACTUAL="0" ISACTIVE="0" /><HOUSE ID="129177826" OBJECTID="69056144" OBJECTGUID="bb9e2809-41c4-49d4-8e96-925a52c24e28" CHANGEID="689717378" HOUSENUM="1" HOUSETYPE="2" OPERTYPEID="30" PREVID="41649745" NEXTID="0" UPDATEDATE="2025-09-30" STARTDATE="2025-09-30" ENDDATE="2079-06-06" ISACTUAL="1" ISACTIVE="0" /><HOUSE ID="129177827" OBJECTID="69062749" OBJECTGUID="c1bb5483-e70b-44c5-80c5-d98acbd95036" CHANGEID="689717379" HOUSENUM="9" HOUSETYPE="2" OPERTYPEID="30" PREVID="41650466" NEXTID="0" UPDATEDATE="2025-09-30" STARTDATE="2025-09-30" ENDDATE="2079-06-06" ISACTUAL="1" ISACTIVE="0" /><HOUSE ID="41650466" OBJECTID="69062749" OBJECTGUID="c1bb5483-e70b-44c5-80c5-d98acbd95036" CHANGEID="102947055" HOUSENUM="9" HOUSETYPE="2" OPERTYPEID="10" PREVID="0" NEXTID="129177827" UPDATEDATE="2025-09-30" STARTDATE="2015-04-21" ENDDATE="2025-09-30" ISACTUAL="0" ISACTIVE="0" /><HOUSE ID="129177828" OBJECTID="69062803" OBJECTGUID="b542c5ca-c1b6-467e-8b61-f0a67654054d" CHANGEID="689717380" HOUSENUM="4" HOUSETYPE="2" OPERTYPEID="30" PREVID="41650519" NEXTID="0" UPDATEDATE="2025-09-30" STARTDATE="2025-09-30" ENDDATE="2079-06-06" ISACTUAL="1" ISACTIVE="0" /><HOUSE ID="41650519" OBJECTID="69062803" OBJECTGUID="b542c5ca-c1b6-467e-8b61-f0a67654054d" CHANGEID="102947151" HOUSENUM="4" HOUSETYPE="2" OPERTYPEID="10" PREVID="0" NEXTID="129177828" UPDATEDATE="2025-09-30" STARTDATE="2015-04-21" ENDDATE="2025-09-30" ISACTUAL="0" ISACTIVE="0" /><HOUSE ID="129177829" OBJECTID="69062833" OBJECTGUID="e2c44762-a5d9-4a08-b766-f68196b9b9e7" CHANGEID="689717381" HOUSENUM="7" HOUSETYPE="2" OPERTYPEID="30" PREVID="41650542" NEXTID="0" UPDATEDATE="2025-09-30" STARTDATE="2025-09-30" ENDDATE="2079-06-06" ISACTUAL="1" ISACTIVE="0" /><HOUSE ID="41650542" OBJECTID="69062833" OBJECTGUID="e2c44762-a5d9-4a08-b766-f68196b9b9e7" CHANGEID="102947190" HOUSENUM="7" HOUSETYPE="2" OPERTYPEID="10" PREVID="0" NEXTID="129177829" UPDATEDATE="2025-09-30" STARTDATE="2015-04-21" ENDDATE="2025-09-30" ISACTUAL="0" ISACTIVE="0" /><HOUSE ID="129177830" OBJECTID="69063540" OBJECTGUID="8c078ebe-a553-47f0-bf2d-fc9cc0938c46" CHANGEID="689717382" HOUSENUM="5" HOUSETYPE="2" OPERTYPEID="30" PREVID="41651198" NEXTID="0" UPDATEDATE="2025-09-30" STARTDATE="2025-09-30" ENDDATE="2079-06-06" ISACTUAL="1" ISACTIVE="0" /><HOUSE ID="41651198" OBJECTID="69063540" OBJECTGUID="8c078ebe-a553-47f0-bf2d-fc9cc0938c46" CHANGEID="102948298" HOUSENUM="5" HOUSETYPE="2" OPERTYPEID="10" PREVID="0" NEXTID="129177830" UPDATEDATE="2025-09-30" STARTDATE="2015-04-21" ENDDATE="2025-09-30" ISACTUAL="0" ISACTIVE="0" /><HOUSE ID="129177831" OBJECTID="69063711" OBJECTGUID="ea8c5544-3d49-448b-bb87-075e0088d914" CHANGEID="689717383" HOUSENUM="7" ADDNUM1="7" HOUSETYPE="3" ADDTYPE1="2" OPERTYPEID="30" PREVID="41651349" NEXTID="0" UPDATEDATE="2025-09-30" STARTDATE="2025-09-30" ENDDATE="2079-06-06" ISACTUAL="1" ISACTIVE="0" /><HOUSE ID="41651349" OBJECTID="69063711" OBJECTGUID="ea8c5544-3d49-448b-bb87-075e0088d914" CHANGEID="102948624" HOUSENUM="7" ADDNUM1="7" HOUSETYPE="3" ADDTYPE1="2" OPERTYPEID="10" PREVID="0" NEXTID="129177831" UPDATEDATE="2025-09-30" STARTDATE="2015-10-26" ENDDATE="2025-09-30" ISACTUAL="0" ISACTIVE="0" /><HOUSE ID="129177832" OBJECTID="68847386" OBJECTGUID="418049ab-0e59-40d3-a88e-21df1c3e9aaa" CHANGEID="689717384" HOUSENUM="10" ADDNUM1="10" HOUSETYPE="3" ADDTYPE1="2" OPERTYPEID="30" PREVID="41511297" NEXTID="0" UPDATEDATE="2025-09-30" STARTDATE="2025-09-30" ENDDATE="2079-06-06" ISACTUAL="1" ISACTIVE="0" /><HOUSE ID="129177833" OBJECTID="68847518" OBJECTGUID="1e782b55-1f33-44fb-8a11-5d25ec39dd41" CHANGEID="689717385" HOUSENUM="4" ADDNUM1="4" HOUSETYPE="3" ADDTYPE1="2" OPERTYPEID="30" PREVID="41511420" NEXTID="0" UPDATEDATE="2025-09-30" STARTDATE="2025-09-30" ENDDATE="2079-06-06" ISACTUAL="1" ISACTIVE="0" /><HOUSE ID="41511420" OBJECTID="68847518" OBJECTGUID="1e782b55-1f33-44fb-8a11-5d25ec39dd41" CHANGEID="102624174" HOUSENUM="4" ADDNUM1="4" HOUSETYPE="3" ADDTYPE1="2" OPERTYPEID="10" PREVID="0" NEXTID="129177833" UPDATEDATE="2025-09-30" STARTDATE="2015-10-26" ENDDATE="2025-09-30" ISACTUAL="0" ISACTIVE="0" /><HOUSE ID="129177834" OBJECTID="68848306" OBJECTGUID="c4744bc5-4bca-4a28-baaa-86ddba82584c" CHANGEID="689717386" HOUSENUM="9" ADDNUM1="9" HOUSETYPE="3" ADDTYPE1="2" OPERTYPEID="30" PREVID="41511827" NEXTID="0" UPDATEDATE="2025-09-30" STARTDATE="2025-09-30" ENDDATE="2079-06-06" ISACTUAL="1" ISACTIVE="0" /><HOUSE ID="41511827" OBJECTID="68848306" OBJECTGUID="c4744bc5-4bca-4a28-baaa-86ddba82584c" CHANGEID="102625329" HOUSENUM="9" ADDNUM1="9" HOUSETYPE="3" ADDTYPE1="2" OPERTYPEID="10" PREVID="0" NEXTID="129177834" UPDATEDATE="2025-09-30" STARTDATE="2015-10-26" ENDDATE="2025-09-30" ISACTUAL="0" ISACTIVE="0" /><HOUSE ID="129177835" OBJECTID="68849364" OBJECTGUID="106c82b1-3581-432e-83d0-a8200ae50e33" CHANGEID="689717387" HOUSENUM="1" ADDNUM1="5" ADDNUM2="1" HOUSETYPE="3" ADDTYPE1="1" ADDTYPE2="2" OPERTYPEID="30" PREVID="41512336" NEXTID="0" UPDATEDATE="2025-09-30" STARTDATE="2025-09-30" ENDDATE="2079-06-06" ISACTUAL="1" ISACTIVE="0" /><HOUSE ID="41512336" OBJECTID="68849364" OBJECTGUID="106c82b1-3581-432e-83d0-a8200ae50e33" CHANGEID="102626718" HOUSENUM="1" ADDNUM1="5" ADDNUM2="1" HOUSETYPE="3" ADDTYPE1="1" ADDTYPE2="2" OPERTYPEID="10" PREVID="0" NEXTID="129177835" UPDATEDATE="2025-09-30" STARTDATE="2015-10-26" ENDDATE="2025-09-30" ISACTUAL="0" ISACTIVE="0" /><HOUSE ID="129177838" OBJECTID="76852609" OBJECTGUID="57146558-1b12-4af5-89d9-bbee91ca8d3c" CHANGEID="689717418" HOUSENUM="5" ADDNUM1="5" HOUSETYPE="3" ADDTYPE1="2" OPERTYPEID="30" PREVID="46441591" NEXTID="0" UPDATEDATE="2025-09-30" STARTDATE="2025-09-30" ENDDATE="2079-06-06" ISACTUAL="1" ISACTIVE="0" /><HOUSE ID="46441591" OBJECTID="76852609" OBJECTGUID="57146558-1b12-4af5-89d9-bbee91ca8d3c" CHANGEID="114313607" HOUSENUM="5" ADDNUM1="5" HOUSETYPE="3" ADDTYPE1="2" OPERTYPEID="10" PREVID="0" NEXTID="129177838" UPDATEDATE="2025-09-30" STARTDATE="2015-10-26" ENDDATE="2025-09-30" ISACTUAL="0" ISACTIVE="0" /><HOUSE ID="129177839" OBJECTID="76852773" OBJECTGUID="d60857fe-6511-4746-be19-e200dc2815b8" CHANGEID="689717419" HOUSENUM="4" ADDNUM1="4" HOUSETYPE="3" ADDTYPE1="2" OPERTYPEID="30" PREVID="46441711" NEXTID="0" UPDATEDATE="2025-09-30" STARTDATE="2025-09-30" ENDDATE="2079-06-06" ISACTUAL="1" ISACTIVE="0" /><HOUSE ID="46441711" OBJECTID="76852773" OBJECTGUID="d60857fe-6511-4746-be19-e200dc2815b8" CHANGEID="114313871" HOUSENUM="4" ADDNUM1="4" HOUSETYPE="3" ADDTYPE1="2" OPERTYPEID="10" PREVID="0" NEXTID="129177839" UPDATEDATE="2025-09-30" STARTDATE="2015-10-26" ENDDATE="2025-09-30" ISACTUAL="0" ISACTIVE="0" /><HOUSE ID="129177840" OBJECTID="76853119" OBJECTGUID="8c770031-5e13-433b-b454-e7f0023fb3ed" CHANGEID="689717420" HOUSENUM="7" ADDNUM1="7" HOUSETYPE="3" ADDTYPE1="2" OPERTYPEID="30" PREVID="46441931" NEXTID="0" UPDATEDATE="2025-09-30" STARTDATE="2025-09-30" ENDDATE="2079-06-06" ISACTUAL="1" ISACTIVE="0" /><HOUSE ID="46441931" OBJECTID="76853119" OBJECTGUID="8c770031-5e13-433b-b454-e7f0023fb3ed" CHANGEID="114314395" HOUSENUM="7" ADDNUM1="7" HOUSETYPE="3" ADDTYPE1="2" OPERTYPEID="10" PREVID="0" NEXTID="129177840" UPDATEDATE="2025-09-30" STARTDATE="2015-10-26" ENDDATE="2025-09-30" ISACTUAL="0" ISACTIVE="0" /><HOUSE ID="129177841" OBJECTID="76853323" OBJECTGUID="24c17bd0-413f-4111-ba68-eae53d3f845e" CHANGEID="689717421" HOUSENUM="6" ADDNUM1="6" HOUSETYPE="3" ADDTYPE1="2" OPERTYPEID="30" PREVID="46442048" NEXTID="0" UPDATEDATE="2025-09-30" STARTDATE="2025-09-30" ENDDATE="2079-06-06" ISACTUAL="1" ISACTIVE="0" /><HOUSE ID="46442048" OBJECTID="76853323" OBJECTGUID="24c17bd0-413f-4111-ba68-eae53d3f845e" CHANGEID="114314659" HOUSENUM="6" ADDNUM1="6" HOUSETYPE="3" ADDTYPE1="2" OPERTYPEID="10" PREVID="0" NEXTID="129177841" UPDATEDATE="2025-09-30" STARTDATE="2015-10-26" ENDDATE="2025-09-30" ISACTUAL="0" ISACTIVE="0" /><HOUSE ID="129177842" OBJECTID="76853938" OBJECTGUID="90ea4522-6e9a-4d7a-afbc-ed49cf95ad6e" CHANGEID="689717422" HOUSENUM="3" ADDNUM1="3" HOUSETYPE="3" ADDTYPE1="2" OPERTYPEID="30" PREVID="46442489" NEXTID="0" UPDATEDATE="2025-09-30" STARTDATE="2025-09-30" ENDDATE="2079-06-06" ISACTUAL="1" ISACTIVE="0" /><HOUSE ID="46442489" OBJECTID="76853938" OBJECTGUID="90ea4522-6e9a-4d7a-afbc-ed49cf95ad6e" CHANGEID="114315637" HOUSENUM="3" ADDNUM1="3" HOUSETYPE="3" ADDTYPE1="2" OPERTYPEID="10" PREVID="0" NEXTID="129177842" UPDATEDATE="2025-09-30" STARTDATE="2015-10-26" ENDDATE="2025-09-30" ISACTUAL="0" ISACTIVE="0" /><HOUSE ID="129177843" OBJECTID="157123372" OBJECTGUID="0f3bd518-1ff1-4e57-999f-4a75ce6dcb50" CHANGEID="689717423" HOUSENUM="17" HOUSETYPE="2" OPERTYPEID="30" PREVID="123777008" NEXTID="0" UPDATEDATE="2025-09-30" STARTDATE="2025-09-30" ENDDATE="2079-06-06" ISACTUAL="1" ISACTIVE="0" /><HOUSE ID="123777008" OBJECTID="157123372" OBJECTGUID="0f3bd518-1ff1-4e57-999f-4a75ce6dcb50" CHANGEID="470220763" HOUSENUM="17" HOUSETYPE="2" OPERTYPEID="10" PREVID="0" NEXTID="129177843" UPDATEDATE="2025-09-30" STARTDATE="2022-11-16" ENDDATE="2025-09-30" ISACTUAL="0" ISACTIVE="0" /><HOUSE ID="129177844" OBJECTID="76834561" OBJECTGUID="70101662-f1a6-446b-9948-04e1781a3da3" CHANGEID="689717424" HOUSENUM="5" HOUSETYPE="2" OPERTYPEID="30" PREVID="46428743" NEXTID="0" UPDATEDATE="2025-09-30" STARTDATE="2025-09-30" ENDDATE="2079-06-06" ISACTUAL="1" ISACTIVE="0" /><HOUSE ID="129177845" OBJECTID="76835042" OBJECTGUID="15f0072e-f9ef-4447-86dc-0f9fb9bc78d8" CHANGEID="689717425" HOUSENUM="3" HOUSETYPE="2" OPERTYPEID="30" PREVID="46429214" NEXTID="0" UPDATEDATE="2025-09-30" STARTDATE="2025-09-30" ENDDATE="2079-06-06" ISACTUAL="1" ISACTIVE="0" /><HOUSE ID="129177846" OBJECTID="76835280" OBJECTGUID="ca5f8d9f-4e8a-4d3d-bace-208b19034554" CHANGEID="689717426" HOUSENUM="6" HOUSETYPE="2" OPERTYPEID="30" PREVID="46429402" NEXTID="0" UPDATEDATE="2025-09-30" STARTDATE="2025-09-30" ENDDATE="2079-06-06" ISACTUAL="1" ISACTIVE="0" /><HOUSE ID="46429402" OBJECTID="76835280" OBJECTGUID="ca5f8d9f-4e8a-4d3d-bace-208b19034554" CHANGEID="114287133" HOUSENUM="6" HOUSETYPE="2" OPERTYPEID="10" PREVID="0" NEXTID="129177846" UPDATEDATE="2025-09-30" STARTDATE="2015-04-21" ENDDATE="2025-09-30" ISACTUAL="0" ISACTIVE="0" /><HOUSE ID="129177847" OBJECTID="76835559" OBJECTGUID="5defed95-de4f-4f07-bfb0-3986072ae795" CHANGEID="689717427" HOUSENUM="12" HOUSETYPE="2" OPERTYPEID="30" PREVID="46429602" NEXTID="0" UPDATEDATE="2025-09-30" STARTDATE="2025-09-30" ENDDATE="2079-06-06" ISACTUAL="1" ISACTIVE="0" /><HOUSE ID="46429602" OBJECTID="76835559" OBJECTGUID="5defed95-de4f-4f07-bfb0-3986072ae795" CHANGEID="114287608" HOUSENUM="12" HOUSETYPE="2" OPERTYPEID="10" PREVID="0" NEXTID="129177847" UPDATEDATE="2025-09-30" STARTDATE="2015-04-21" ENDDATE="2025-09-30" ISACTUAL="0" ISACTIVE="0" /><HOUSE ID="129177848" OBJECTID="76835813" OBJECTGUID="e02fad91-fd2d-4e3a-b028-4c8bab1a9160" CHANGEID="689717428" HOUSENUM="13" HOUSETYPE="2" OPERTYPEID="30" PREVID="46429805" NEXTID="0" UPDATEDATE="2025-09-30" STARTDATE="2025-09-30" ENDDATE="2079-06-06" ISACTUAL="1" ISACTIVE="0" /><HOUSE ID="46429805" OBJECTID="76835813" OBJECTGUID="e02fad91-fd2d-4e3a-b028-4c8bab1a9160" CHANGEID="114287984" HOUSENUM="13" HOUSETYPE="2" OPERTYPEID="10" PREVID="0" NEXTID="129177848" UPDATEDATE="2025-09-30" STARTDATE="2015-04-21" ENDDATE="2025-09-30" ISACTUAL="0" ISACTIVE="0" /><HOUSE ID="129177849" OBJECTID="76837863" OBJECTGUID="706c4594-ef69-415f-9c3f-62be08776e31" CHANGEID="689717429" HOUSENUM="9" HOUSETYPE="2" OPERTYPEID="30" PREVID="46431463" NEXTID="0" UPDATEDATE="2025-09-30" STARTDATE="2025-09-30" ENDDATE="2079-06-06" ISACTUAL="1" ISACTIVE="0" /><HOUSE ID="46431463" OBJECTID="76837863" OBJECTGUID="706c4594-ef69-415f-9c3f-62be08776e31" CHANGEID="114291244" HOUSENUM="9" HOUSETYPE="2" OPERTYPEID="10" PREVID="0" NEXTID="129177849" UPDATEDATE="2025-09-30" STARTDATE="2015-04-21" ENDDATE="2025-09-30" ISACTUAL="0" ISACTIVE="0" /><HOUSE ID="129177850" OBJECTID="76838246" OBJECTGUID="dcf805fc-8dfa-4d08-a626-7673e553a55a" CHANGEID="689717430" HOUSENUM="7" HOUSETYPE="2" OPERTYPEID="30" PREVID="46431792" NEXTID="0" UPDATEDATE="2025-09-30" STARTDATE="2025-09-30" ENDDATE="2079-06-06" ISACTUAL="1" ISACTIVE="0" /><HOUSE ID="46431792" OBJECTID="76838246" OBJECTGUID="dcf805fc-8dfa-4d08-a626-7673e553a55a" CHANGEID="114291871" HOUSENUM="7" HOUSETYPE="2" OPERTYPEID="10" PREVID="0" NEXTID="129177850" UPDATEDATE="2025-09-30" STARTDATE="2015-04-21" ENDDATE="2025-09-30" ISACTUAL="0" ISACTIVE="0" /><HOUSE ID="129177851" OBJECTID="76838640" OBJECTGUID="8e0b4408-357c-496c-be04-84f7c184049d" CHANGEID="689717431" HOUSENUM="11" HOUSETYPE="2" OPERTYPEID="30" PREVID="46432062" NEXTID="0" UPDATEDATE="2025-09-30" STARTDATE="2025-09-30" ENDDATE="2079-06-06" ISACTUAL="1" ISACTIVE="0" /><HOUSE ID="46432062" OBJECTID="76838640" OBJECTGUID="8e0b4408-357c-496c-be04-84f7c184049d" CHANGEID="114292455" HOUSENUM="11" HOUSETYPE="2" OPERTYPEID="10" PREVID="0" NEXTID="129177851" UPDATEDATE="2025-09-30" STARTDATE="2015-04-21" ENDDATE="2025-09-30" ISACTUAL="0" ISACTIVE="0" /><HOUSE ID="129177852" OBJECTID="76839514" OBJECTGUID="43231687-7b78-45f5-8a3c-aefd67428d9d" CHANGEID="689717432" HOUSENUM="1" HOUSETYPE="2" OPERTYPEID="30" PREVID="46432529" NEXTID="0" UPDATEDATE="2025-09-30" STARTDATE="2025-09-30" ENDDATE="2079-06-06" ISACTUAL="1" ISACTIVE="0" /><HOUSE ID="46432529" OBJECTID="76839514" OBJECTGUID="43231687-7b78-45f5-8a3c-aefd67428d9d" CHANGEID="114293632" HOUSENUM="1" HOUSETYPE="2" OPERTYPEID="10" PREVID="0" NEXTID="129177852" UPDATEDATE="2025-09-30" STARTDATE="2015-04-21" ENDDATE="2025-09-30" ISACTUAL="0" ISACTIVE="0" /><HOUSE ID="129177853" OBJECTID="76839888" OBJECTGUID="fb077bde-adf0-4ea8-8bdb-c47d0d4c7abf" CHANGEID="689717433" HOUSENUM="4" HOUSETYPE="2" OPERTYPEID="30" PREVID="46432662" NEXTID="0" UPDATEDATE="2025-09-30" STARTDATE="2025-09-30" ENDDATE="2079-06-06" ISACTUAL="1" ISACTIVE="0" /><HOUSE ID="46432662" OBJECTID="76839888" OBJECTGUID="fb077bde-adf0-4ea8-8bdb-c47d0d4c7abf" CHANGEID="114294108" HOUSENUM="4" HOUSETYPE="2" OPERTYPEID="10" PREVID="0" NEXTID="129177853" UPDATEDATE="2025-09-30" STARTDATE="2015-04-21" ENDDATE="2025-09-30" ISACTUAL="0" ISACTIVE="0" /><HOUSE ID="129177854" OBJECTID="76840591" OBJECTGUID="4941c9b8-34c9-4e85-9c9c-40fc046286fe" CHANGEID="689717434" HOUSENUM="2" ADDNUM1="2" HOUSETYPE="3" ADDTYPE1="2" OPERTYPEID="30" PREVID="46433030" NEXTID="0" UPDATEDATE="2025-09-30" STARTDATE="2025-09-30" ENDDATE="2079-06-06" ISACTUAL="1" ISACTIVE="0" /><HOUSE ID="46433030" OBJECTID="76840591" OBJECTGUID="4941c9b8-34c9-4e85-9c9c-40fc046286fe" CHANGEID="114295074" HOUSENUM="2" ADDNUM1="2" HOUSETYPE="3" ADDTYPE1="2" OPERTYPEID="10" PREVID="0" NEXTID="129177854" UPDATEDATE="2025-09-30" STARTDATE="2015-10-26" ENDDATE="2025-09-30" ISACTUAL="0" ISACTIVE="0" /><HOUSE ID="129177855" OBJECTID="76841072" OBJECTGUID="74bd5064-e726-4064-a8a8-535b493fcbbe" CHANGEID="689717435" HOUSENUM="1" ADDNUM1="1" HOUSETYPE="3" ADDTYPE1="2" OPERTYPEID="30" PREVID="46433499" NEXTID="0" UPDATEDATE="2025-09-30" STARTDATE="2025-09-30" ENDDATE="2079-06-06" ISACTUAL="1" ISACTIVE="0" /><HOUSE ID="129177856" OBJECTID="76841388" OBJECTGUID="e6350a84-93a8-443e-9d57-79fc3022e8c1" CHANGEID="689717436" HOUSENUM="9" ADDNUM1="9" HOUSETYPE="3" ADDTYPE1="2" OPERTYPEID="30" PREVID="46433622" NEXTID="0" UPDATEDATE="2025-09-30" STARTDATE="2025-09-30" ENDDATE="2079-06-06" ISACTUAL="1" ISACTIVE="0" /><HOUSE ID="46433622" OBJECTID="76841388" OBJECTGUID="e6350a84-93a8-443e-9d57-79fc3022e8c1" CHANGEID="114296320" HOUSENUM="9" ADDNUM1="9" HOUSETYPE="3" ADDTYPE1="2" OPERTYPEID="10" PREVID="0" NEXTID="129177856" UPDATEDATE="2025-09-30" STARTDATE="2015-10-26" ENDDATE="2025-09-30" ISACTUAL="0" ISACTIVE="0" /><HOUSE ID="129177857" OBJECTID="76848532" OBJECTGUID="7c5237d6-5047-47a7-89ab-7cda28e59135" CHANGEID="689717437" HOUSENUM="10" ADDNUM1="10" HOUSETYPE="3" ADDTYPE1="2" OPERTYPEID="30" PREVID="46439070" NEXTID="0" UPDATEDATE="2025-09-30" STARTDATE="2025-09-30" ENDDATE="2079-06-06" ISACTUAL="1" ISACTIVE="0" /><HOUSE ID="46439070" OBJECTID="76848532" OBJECTGUID="7c5237d6-5047-47a7-89ab-7cda28e59135" CHANGEID="114307626" HOUSENUM="10" ADDNUM1="10" HOUSETYPE="3" ADDTYPE1="2" OPERTYPEID="10" PREVID="0" NEXTID="129177857" UPDATEDATE="2025-09-30" STARTDATE="2015-10-26" ENDDATE="2025-09-30" ISACTUAL="0" ISACTIVE="0" /><HOUSE ID="129177858" OBJECTID="76851817" OBJECTGUID="4a1876ee-2e79-424d-b55e-b2971efa0ece" CHANGEID="689717438" HOUSENUM="8" ADDNUM1="8" HOUSETYPE="3" ADDTYPE1="2" OPERTYPEID="30" PREVID="46441017" NEXTID="0" UPDATEDATE="2025-09-30" STARTDATE="2025-09-30" ENDDATE="2079-06-06" ISACTUAL="1" ISACTIVE="0" /><HOUSE ID="46441017" OBJECTID="76851817" OBJECTGUID="4a1876ee-2e79-424d-b55e-b2971efa0ece" CHANGEID="114312397" HOUSENUM="8" ADDNUM1="8" HOUSETYPE="3" ADDTYPE1="2" OPERTYPEID="10" PREVID="0" NEXTID="129177858" UPDATEDATE="2025-09-30" STARTDATE="2015-10-26" ENDDATE="2025-09-30" ISACTUAL="0" ISACTIVE="0" /><HOUSE ID="129178418" OBJECTID="75265655" OBJECTGUID="b7251169-f166-492d-8b0a-5b157843a672" CHANGEID="689720822" HOUSENUM="8" HOUSETYPE="2" OPERTYPEID="50" PREVID="64355942" UPDATEDATE="2025-09-30" STARTDATE="2025-09-30" ENDDATE="2079-06-06" ISACTUAL="1" ISACTIVE="1" /><HOUSE ID="129178387" OBJECTID="75269523" OBJECTGUID="26cd2061-f064-4cdd-835a-65b8ec09c3b7" CHANGEID="689720667" HOUSENUM="1" HOUSETYPE="2" OPERTYPEID="50" PREVID="54129676" UPDATEDATE="2025-09-30" STARTDATE="2025-09-30" ENDDATE="2079-06-06" ISACTUAL="1" ISACTIVE="1" /><HOUSE ID="129178389" OBJECTID="174954009" OBJECTGUID="aa502c86-0048-4d8d-9037-bf8bfba72b4b" CHANGEID="689720685" HOUSENUM="8" HOUSETYPE="2" OPERTYPEID="10" PREVID="0" NEXTID="0" UPDATEDATE="2025-09-30" STARTDATE="2025-09-30" ENDDATE="2079-06-06" ISACTUAL="1" ISACTIVE="1" /><HOUSE ID="129178394" OBJECTID="75271801" OBJECTGUID="f2122d25-2f95-4dcf-872c-670f5a7c71c1" CHANGEID="689720693" HOUSENUM="4" HOUSETYPE="2" OPERTYPEID="50" PREVID="68528325" UPDATEDATE="2025-09-30" STARTDATE="2025-09-30" ENDDATE="2079-06-06" ISACTUAL="1" ISACTIVE="1" /><HOUSE ID="129178398" OBJECTID="161702102" OBJECTGUID="7e5f0ca5-85c8-4764-9a21-55436abbb93e" CHANGEID="689720711" HOUSENUM="5" HOUSETYPE="2" OPERTYPEID="50" PREVID="125365767" UPDATEDATE="2025-09-30" STARTDATE="2025-09-30" ENDDATE="2079-06-06" ISACTUAL="1" ISACTIVE="1" /><HOUSE ID="129178401" OBJECTID="161702111" OBJECTGUID="47960ba5-61c6-4cda-a753-29f06ac04adc" CHANGEID="689720725" HOUSENUM="6" HOUSETYPE="2" OPERTYPEID="50" PREVID="125365770" UPDATEDATE="2025-09-30" STARTDATE="2025-09-30" ENDDATE="2079-06-06" ISACTUAL="1" ISACTIVE="1" /><HOUSE ID="129178416" OBJECTID="75305688" OBJECTGUID="4c939bd0-188b-4057-9f8d-f92538d921be" CHANGEID="689720802" HOUSENUM="7" HOUSETYPE="2" OPERTYPEID="50" PREVID="56804249" UPDATEDATE="2025-09-30" STARTDATE="2025-09-30" ENDDATE="2079-06-06" ISACTUAL="1" ISACTIVE="1" /><HOUSE ID="53275967" OBJECTID="75192955" OBJECTGUID="1ac01e9c-2803-42fd-af69-7f1f033f2e4a" CHANGEID="111874947" HOUSENUM="42" HOUSETYPE="2" OPERTYPEID="20" PREVID="45396968" NEXTID="129178422" UPDATEDATE="2025-09-30" STARTDATE="2019-11-28" ENDDATE="2025-09-30" ISACTUAL="0" ISACTIVE="0" /><HOUSE ID="129178422" OBJECTID="75192955" OBJECTGUID="1ac01e9c-2803-42fd-af69-7f1f033f2e4a" CHANGEID="689720835" HOUSENUM="10" HOUSETYPE="2" OPERTYPEID="50" PREVID="53275967" UPDATEDATE="2025-09-30" STARTDATE="2025-09-30" ENDDATE="2079-06-06" ISACTUAL="1" ISACTIVE="1" /><HOUSE ID="129178424" OBJECTID="75297260" OBJECTGUID="6f72e774-7a7d-4964-b62a-eec45035bd5b" CHANGEID="689720867" HOUSENUM="12" HOUSETYPE="2" OPERTYPEID="50" PREVID="59276019" UPDATEDATE="2025-09-30" STARTDATE="2025-09-30" ENDDATE="2079-06-06" ISACTUAL="1" ISACTIVE="1" /><HOUSE ID="129178423" OBJECTID="174954140" OBJECTGUID="e9a6cf06-adc5-4a16-adc7-603bae9d9772" CHANGEID="689720866" HOUSENUM="2" HOUSETYPE="2" OPERTYPEID="10" PREVID="0" NEXTID="0" UPDATEDATE="2025-09-30" STARTDATE="2025-09-30" ENDDATE="2079-06-06" ISACTUAL="1" ISACTIVE="1" /><HOUSE ID="53642221" OBJECTID="75287525" OBJECTGUID="1fede4e3-9bab-4084-8bec-d917552b62b8" CHANGEID="112012474" HOUSENUM="36" HOUSETYPE="2" OPERTYPEID="20" PREVID="45452663" NEXTID="129178454" UPDATEDATE="2025-09-30" STARTDATE="2019-11-28" ENDDATE="2025-09-30" ISACTUAL="0" ISACTIVE="0" /><HOUSE ID="129178454" OBJECTID="75287525" OBJECTGUID="1fede4e3-9bab-4084-8bec-d917552b62b8" CHANGEID="689721163" HOUSENUM="14" HOUSETYPE="2" OPERTYPEID="50" PREVID="53642221" UPDATEDATE="2025-09-30" STARTDATE="2025-09-30" ENDDATE="2079-06-06" ISACTUAL="1" ISACTIVE="1" /><HOUSE ID="129178866" OBJECTID="75285709" OBJECTGUID="5c4283a7-fc6e-4cf8-9cb2-d816582ae734" CHANGEID="689723333" HOUSENUM="15" HOUSETYPE="2" OPERTYPEID="50" PREVID="57915910" UPDATEDATE="2025-09-30" STARTDATE="2025-09-30" ENDDATE="2079-06-06" ISACTUAL="1" ISACTIVE="1" /><HOUSE ID="129178875" OBJECTID="75226558" OBJECTGUID="f2e412de-27b7-4239-b17c-a1d856a668b6" CHANGEID="689723419" HOUSENUM="16" HOUSETYPE="2" OPERTYPEID="50" PREVID="68585791" UPDATEDATE="2025-09-30" STARTDATE="2025-09-30" ENDDATE="2079-06-06" ISACTUAL="1" ISACTIVE="1" /><HOUSE ID="129178888" OBJECTID="75251004" OBJECTGUID="52075077-b2d1-49de-a931-b6e24212fdd3" CHANGEID="689723491" HOUSENUM="19" HOUSETYPE="2" OPERTYPEID="50" PREVID="57190593" UPDATEDATE="2025-09-30" STARTDATE="2025-09-30" ENDDATE="2079-06-06" ISACTUAL="1" ISACTIVE="1" /><HOUSE ID="58213825" OBJECTID="75253543" OBJECTGUID="60728336-367e-4877-a7ae-b994581a5067" CHANGEID="111963910" HOUSENUM="46" HOUSETYPE="2" OPERTYPEID="20" PREVID="45433570" NEXTID="129179256" UPDATEDATE="2025-09-30" STARTDATE="2019-11-28" ENDDATE="2025-09-30" ISACTUAL="0" ISACTIVE="0" /><HOUSE ID="129179256" OBJECTID="75253543" OBJECTGUID="60728336-367e-4877-a7ae-b994581a5067" CHANGEID="689725758" HOUSENUM="20" HOUSETYPE="2" OPERTYPEID="50" PREVID="58213825" UPDATEDATE="2025-09-30" STARTDATE="2025-09-30" ENDDATE="2079-06-06" ISACTUAL="1" ISACTIVE="1" /><HOUSE ID="129179491" OBJECTID="75214231" OBJECTGUID="ba665e94-b158-4a42-ab62-9a29e6b8356d" CHANGEID="689729579" HOUSENUM="21" HOUSETYPE="2" OPERTYPEID="50" PREVID="64586591" UPDATEDATE="2025-09-30" STARTDATE="2025-09-30" ENDDATE="2079-06-06" ISACTUAL="1" ISACTIVE="1" /><HOUSE ID="129179514" OBJECTID="75239372" OBJECTGUID="9cdf8cf7-9611-403f-a3d0-384e8d3f4f6d" CHANGEID="689729880" HOUSENUM="22" HOUSETYPE="2" OPERTYPEID="50" PREVID="62494963" UPDATEDATE="2025-09-30" STARTDATE="2025-09-30" ENDDATE="2079-06-06" ISACTUAL="1" ISACTIVE="1" /><HOUSE ID="129179541" OBJECTID="75267242" OBJECTGUID="f876269b-40f9-4d1f-8dcc-63c8c04aef8e" CHANGEID="689729995" HOUSENUM="23" HOUSETYPE="2" OPERTYPEID="50" PREVID="68979702" UPDATEDATE="2025-09-30" STARTDATE="2025-09-30" ENDDATE="2079-06-06" ISACTUAL="1" ISACTIVE="1" /><HOUSE ID="129179607" OBJECTID="75290557" OBJECTGUID="f2bc441d-cb2c-457c-b064-e084cb8d56ee" CHANGEID="689730137" HOUSENUM="24" HOUSETYPE="2" OPERTYPEID="50" PREVID="68575569" UPDATEDATE="2025-09-30" STARTDATE="2025-09-30" ENDDATE="2079-06-06" ISACTUAL="1" ISACTIVE="1" /><HOUSE ID="129179759" OBJECTID="75230063" OBJECTGUID="72b5540c-4695-445b-ac41-208d6da991f4" CHANGEID="689731587" HOUSENUM="25" HOUSETYPE="2" OPERTYPEID="50" PREVID="59507317" UPDATEDATE="2025-09-30" STARTDATE="2025-09-30" ENDDATE="2079-06-06" ISACTUAL="1" ISACTIVE="1" /><HOUSE ID="129179774" OBJECTID="75228442" OBJECTGUID="5e38f356-db3c-4d85-934f-200ab5b322b2" CHANGEID="689731854" HOUSENUM="26" HOUSETYPE="2" OPERTYPEID="50" PREVID="58056057" UPDATEDATE="2025-09-30" STARTDATE="2025-09-30" ENDDATE="2079-06-06" ISACTUAL="1" ISACTIVE="1" /><HOUSE ID="129179797" OBJECTID="75283550" OBJECTGUID="75393a7b-f88b-490b-8465-d3a27297d04d" CHANGEID="689732402" HOUSENUM="28" HOUSETYPE="2" OPERTYPEID="50" PREVID="59686022" UPDATEDATE="2025-09-30" STARTDATE="2025-09-30" ENDDATE="2079-06-06" ISACTUAL="1" ISACTIVE="1" /><HOUSE ID="59990179" OBJECTID="75295608" OBJECTGUID="7986c680-f469-42b2-ab11-e6c8169d0bc9" CHANGEID="112022467" HOUSENUM="54" HOUSETYPE="2" OPERTYPEID="20" PREVID="45457601" NEXTID="129179813" UPDATEDATE="2025-09-30" STARTDATE="2019-11-28" ENDDATE="2025-09-30" ISACTUAL="0" ISACTIVE="0" /><HOUSE ID="129179813" OBJECTID="75295608" OBJECTGUID="7986c680-f469-42b2-ab11-e6c8169d0bc9" CHANGEID="689732519" HOUSENUM="29" HOUSETYPE="2" OPERTYPEID="50" PREVID="59990179" UPDATEDATE="2025-09-30" STARTDATE="2025-09-30" ENDDATE="2079-06-06" ISACTUAL="1" ISACTIVE="1" /><HOUSE ID="129179828" OBJECTID="75272153" OBJECTGUID="1183e52f-b2bc-41cb-9f76-6869996f4371" CHANGEID="689732585" HOUSENUM="30" HOUSETYPE="2" OPERTYPEID="50" PREVID="52620974" UPDATEDATE="2025-09-30" STARTDATE="2025-09-30" ENDDATE="2079-06-06" ISACTUAL="1" ISACTIVE="1" /><HOUSE ID="129179775" OBJECTID="174958532" OBJECTGUID="70170220-cf54-4fb3-80f7-4212ac735ddb" CHANGEID="689731866" HOUSENUM="66" HOUSETYPE="2" OPERTYPEID="10" PREVID="0" NEXTID="0" UPDATEDATE="2025-09-30" STARTDATE="2025-09-30" ENDDATE="2079-06-06" ISACTUAL="1" ISACTIVE="1" /><HOUSE ID="129179843" OBJECTID="75259816" OBJECTGUID="2df4f311-88af-41ef-a8cf-490908029666" CHANGEID="689732687" HOUSENUM="31" HOUSETYPE="2" OPERTYPEID="50" PREVID="54636380" UPDATEDATE="2025-09-30" STARTDATE="2025-09-30" ENDDATE="2079-06-06" ISACTUAL="1" ISACTIVE="1" /><HOUSE ID="129179853" OBJECTID="75233851" OBJECTGUID="3dee0312-0748-4b0e-a969-a7eec2970d94" CHANGEID="689732789" HOUSENUM="32" HOUSETYPE="2" OPERTYPEID="50" PREVID="55767346" UPDATEDATE="2025-09-30" STARTDATE="2025-09-30" ENDDATE="2079-06-06" ISACTUAL="1" ISACTIVE="1" /><HOUSE ID="57439058" OBJECTID="75204678" OBJECTGUID="5588c4ca-4d78-461f-82aa-8e35771b2ea1" CHANGEID="111892732" HOUSENUM="78" HOUSETYPE="2" OPERTYPEID="20" PREVID="45405166" NEXTID="129179874" UPDATEDATE="2025-09-30" STARTDATE="2019-11-28" ENDDATE="2025-09-30" ISACTUAL="0" ISACTIVE="0" /><HOUSE ID="129179874" OBJECTID="75204678" OBJECTGUID="5588c4ca-4d78-461f-82aa-8e35771b2ea1" CHANGEID="689732887" HOUSENUM="33" HOUSETYPE="2" OPERTYPEID="50" PREVID="57439058" UPDATEDATE="2025-09-30" STARTDATE="2025-09-30" ENDDATE="2079-06-06" ISACTUAL="1" ISACTIVE="1" /><HOUSE ID="129180144" OBJECTID="75280045" OBJECTGUID="78ff8461-e781-4b06-bb02-d075dfcea9c1" CHANGEID="689733868" HOUSENUM="36" HOUSETYPE="2" OPERTYPEID="50" PREVID="59952479" UPDATEDATE="2025-09-30" STARTDATE="2025-09-30" ENDDATE="2079-06-06" ISACTUAL="1" ISACTIVE="1" /><HOUSE ID="55534566" OBJECTID="75279052" OBJECTGUID="3aa05b4d-6217-43a0-b340-72d7fcfb71b1" CHANGEID="111999034" HOUSENUM="75" HOUSETYPE="2" OPERTYPEID="20" PREVID="45447676" NEXTID="129180180" UPDATEDATE="2025-09-30" STARTDATE="2019-11-28" ENDDATE="2025-09-30" ISACTUAL="0" ISACTIVE="0" /><HOUSE ID="129180180" OBJECTID="75279052" OBJECTGUID="3aa05b4d-6217-43a0-b340-72d7fcfb71b1" CHANGEID="689734177" HOUSENUM="37" HOUSETYPE="2" OPERTYPEID="50" PREVID="55534566" UPDATEDATE="2025-09-30" STARTDATE="2025-09-30" ENDDATE="2079-06-06" ISACTUAL="1" ISACTIVE="1" /><HOUSE ID="129180227" OBJECTID="75292202" OBJECTGUID="ed211da7-1966-415e-8d70-e33c5694e695" CHANGEID="689734594" HOUSENUM="11" HOUSETYPE="2" OPERTYPEID="50" PREVID="68176959" UPDATEDATE="2025-09-30" STARTDATE="2025-09-30" ENDDATE="2079-06-06" ISACTUAL="1" ISACTIVE="1" /><HOUSE ID="129180272" OBJECTID="174960042" OBJECTGUID="a009aa71-da3d-4ed4-b020-f0b56ff14d74" CHANGEID="689735106" HOUSENUM="14" HOUSETYPE="5" OPERTYPEID="10" PREVID="0" NEXTID="0" UPDATEDATE="2025-09-30" STARTDATE="2025-09-30" ENDDATE="2079-06-06" ISACTUAL="1" ISACTIVE="1" /><HOUSE ID="129180195" OBJECTID="75265968" OBJECTGUID="6ef4b6d4-9abd-4ed2-a55d-5e5b38299a86" CHANGEID="689734355" HOUSENUM="38" HOUSETYPE="2" OPERTYPEID="50" PREVID="59241072" UPDATEDATE="2025-09-30" STARTDATE="2025-09-30" ENDDATE="2079-06-06" ISACTUAL="1" ISACTIVE="1" /><HOUSE ID="129180206" OBJECTID="75234987" OBJECTGUID="6b88ed90-f8c2-4ba2-9fa5-2e50af40e8a6" CHANGEID="689734449" HOUSENUM="39" HOUSETYPE="2" OPERTYPEID="50" PREVID="58998388" UPDATEDATE="2025-09-30" STARTDATE="2025-09-30" ENDDATE="2079-06-06" ISACTUAL="1" ISACTIVE="1" /><HOUSE ID="129180249" OBJECTID="174959806" OBJECTGUID="167665c6-fc67-4d48-b5e1-e36790a176a4" CHANGEID="689734763" HOUSENUM="8А" HOUSETYPE="5" OPERTYPEID="10" PREVID="0" NEXTID="0" UPDATEDATE="2025-09-30" STARTDATE="2025-09-30" ENDDATE="2079-06-06" ISACTUAL="1" ISACTIVE="1" /><HOUSE ID="129180606" OBJECTID="174961082" OBJECTGUID="3387a33f-f50f-4651-9795-a6b46b67ee37" CHANGEID="689737531" HOUSENUM="9Г" HOUSETYPE="5" OPERTYPEID="10" PREVID="0" NEXTID="0" UPDATEDATE="2025-09-30" STARTDATE="2025-09-30" ENDDATE="2079-06-06" ISACTUAL="1" ISACTIVE="1" /><HOUSE ID="129181000" OBJECTID="174962459" OBJECTGUID="1212694f-c884-41a5-b357-0a856fa4b4aa" CHANGEID="689740918" HOUSENUM="16" HOUSETYPE="2" OPERTYPEID="10" PREVID="0" NEXTID="0" UPDATEDATE="2025-09-30" STARTDATE="2025-09-30" ENDDATE="2079-06-06" ISACTUAL="1" ISACTIVE="1" /><HOUSE ID="129181018" OBJECTID="174962605" OBJECTGUID="509edbd3-1511-4669-a49a-db95addb603b" CHANGEID="689741172" HOUSENUM="145" HOUSETYPE="5" OPERTYPEID="10" PREVID="0" NEXTID="0" UPDATEDATE="2025-09-30" STARTDATE="2025-09-30" ENDDATE="2079-06-06" ISACTUAL="1" ISACTIVE="1" /><HOUSE ID="72542512" OBJECTID="22741354" OBJECTGUID="2d9796af-68f4-47cc-b379-2f27ad1eea15" CHANGEID="287848087" HOUSENUM="25" HOUSETYPE="2" OPERTYPEID="20" PREVID="13421818" NEXTID="129181772" UPDATEDATE="2025-09-30" STARTDATE="2022-08-08" ENDDATE="2025-09-30" ISACTUAL="0" ISACTIVE="0" /><HOUSE ID="129181772" OBJECTID="22741354" OBJECTGUID="2d9796af-68f4-47cc-b379-2f27ad1eea15" CHANGEID="689745890" HOUSENUM="17" HOUSETYPE="2" OPERTYPEID="20" PREVID="72542512" UPDATEDATE="2025-09-30" STARTDATE="2025-09-30" ENDDATE="2079-06-06" ISACTUAL="1" ISACTIVE="1" /><HOUSE ID="124039704" OBJECTID="43282209" OBJECTGUID="73930ed1-00fe-4659-9c4c-94e3e22de46a" CHANGEID="493885374" HOUSENUM="38" HOUSETYPE="2" OPERTYPEID="20" PREVID="25853379" NEXTID="129181810" UPDATEDATE="2025-09-30" STARTDATE="2023-01-20" ENDDATE="2025-09-30" ISACTUAL="0" ISACTIVE="0" /><HOUSE ID="129181810" OBJECTID="43282209" OBJECTGUID="73930ed1-00fe-4659-9c4c-94e3e22de46a" CHANGEID="689746103" HOUSENUM="25" HOUSETYPE="2" OPERTYPEID="20" PREVID="124039704" UPDATEDATE="2025-09-30" STARTDATE="2025-09-30" ENDDATE="2079-06-06" ISACTUAL="1" ISACTIVE="1" /><HOUSE ID="129183005" OBJECTID="174967763" OBJECTGUID="2190d073-eb05-45bf-abf7-26f8f0d5ad19" CHANGEID="689752706" HOUSENUM="29" HOUSETYPE="2" OPERTYPEID="10" PREVID="0" NEXTID="0" UPDATEDATE="2025-09-30" STARTDATE="2025-09-30" ENDDATE="2079-06-06" ISACTUAL="1" ISACTIVE="1" /><HOUSE ID="129183025" OBJECTID="174967829" OBJECTGUID="a8a9e0ff-8831-41c8-b1a5-8c910f9b2dbf" CHANGEID="689752850" HOUSENUM="45А" HOUSETYPE="2" OPERTYPEID="10" PREVID="0" NEXTID="0" UPDATEDATE="2025-09-30" STARTDATE="2025-09-30" ENDDATE="2079-06-06" ISACTUAL="1" ISACTIVE="1" /><HOUSE ID="129183261" OBJECTID="174968643" OBJECTGUID="269d7f0e-558e-4c52-8254-94d8eb180de5" CHANGEID="689754972" HOUSENUM="10А" HOUSETYPE="2" OPERTYPEID="10" PREVID="0" NEXTID="0" UPDATEDATE="2025-09-30" STARTDATE="2025-09-30" ENDDATE="2079-06-06" ISACTUAL="1" ISACTIVE="1" /><HOUSE ID="129183322" OBJECTID="41312217" OBJECTGUID="11cc07d8-30d2-482b-99cd-ff1ec602ffed" CHANGEID="689755288" HOUSENUM="20" HOUSETYPE="2" OPERTYPEID="20" PREVID="24689255" UPDATEDATE="2025-09-30" STARTDATE="2025-09-30" ENDDATE="2079-06-06" ISACTUAL="1" ISACTIVE="1" /><HOUSE ID="129187384" OBJECTID="23593314" OBJECTGUID="5a768bb4-249e-4ad2-830c-d6fef7911f1a" CHANGEID="689800141" HOUSENUM="3" HOUSETYPE="2" OPERTYPEID="20" PREVID="57789410" UPDATEDATE="2025-10-01" STARTDATE="2025-10-01" ENDDATE="2079-06-06" ISACTUAL="1" ISACTIVE="1" /><HOUSE ID="51542222" OBJECTID="23568025" OBJECTGUID="0246f200-674f-47a3-84d0-9f9b4587ebff" CHANGEID="36623734" HOUSENUM="7" HOUSETYPE="3" OPERTYPEID="20" PREVID="13916677" NEXTID="129187385" UPDATEDATE="2025-10-01" STARTDATE="2018-09-28" ENDDATE="2025-10-01" ISACTUAL="0" ISACTIVE="0" /><HOUSE ID="129187385" OBJECTID="23568025" OBJECTGUID="0246f200-674f-47a3-84d0-9f9b4587ebff" CHANGEID="689800142" HOUSENUM="7" HOUSETYPE="2" OPERTYPEID="20" PREVID="51542222" UPDATEDATE="2025-10-01" STARTDATE="2025-10-01" ENDDATE="2079-06-06" ISACTUAL="1" ISACTIVE="1" /><HOUSE ID="129188404" OBJECTID="75214027" OBJECTGUID="d047c8b8-5bf3-435d-a808-109f788925c1" CHANGEID="689805942" HOUSENUM="13" HOUSETYPE="2" OPERTYPEID="50" PREVID="66135527" UPDATEDATE="2025-10-01" STARTDATE="2025-10-01" ENDDATE="2079-06-06" ISACTUAL="1" ISACTIVE="1" /><HOUSE ID="129188405" OBJECTID="75295326" OBJECTGUID="e3ccbae9-ad10-437f-8fe4-e5dbbabbf28d" CHANGEID="689805943" HOUSENUM="17" HOUSETYPE="2" OPERTYPEID="50" PREVID="67517175" UPDATEDATE="2025-10-01" STARTDATE="2025-10-01" ENDDATE="2079-06-06" ISACTUAL="1" ISACTIVE="1" /><HOUSE ID="129188406" OBJECTID="75210405" OBJECTGUID="b881a696-2576-43f3-9438-0b8019d3a4e1" CHANGEID="689805944" HOUSENUM="35" HOUSETYPE="2" OPERTYPEID="50" PREVID="64453556" UPDATEDATE="2025-10-01" STARTDATE="2025-10-01" ENDDATE="2079-06-06" ISACTUAL="1" ISACTIVE="1" /><HOUSE ID="129189653" OBJECTID="174988459" OBJECTGUID="1b124d08-7678-425b-9655-6009053dea20" CHANGEID="689813235" HOUSENUM="10" HOUSETYPE="2" OPERTYPEID="10" PREVID="0" NEXTID="0" UPDATEDATE="2025-10-01" STARTDATE="2025-10-01" ENDDATE="2079-06-06" ISACTUAL="1" ISACTIVE="1" /><HOUSE ID="129190122" OBJECTID="174989794" OBJECTGUID="d4f0ec63-ced5-47ed-9297-5dc82e007345" CHANGEID="689815985" HOUSENUM="36а" HOUSETYPE="2" OPERTYPEID="10" PREVID="0" NEXTID="0" UPDATEDATE="2025-10-01" STARTDATE="2025-10-01" ENDDATE="2079-06-06" ISACTUAL="1" ISACTIVE="1" /><HOUSE ID="129191363" OBJECTID="37886550" OBJECTGUID="f2bcb0d0-21f4-493d-9528-4b88e146276e" CHANGEID="689822289" HOUSENUM="3в" HOUSETYPE="2" OPERTYPEID="50" PREVID="22604363" UPDATEDATE="2025-10-01" STARTDATE="2025-10-01" ENDDATE="2079-06-06" ISACTUAL="1" ISACTIVE="1" /><HOUSE ID="129191572" OBJECTID="174992916" OBJECTGUID="5412a930-26ca-454b-a3ae-4a2b270e8c15" CHANGEID="689825416" HOUSENUM="45" HOUSETYPE="2" OPERTYPEID="10" PREVID="0" NEXTID="0" UPDATEDATE="2025-10-01" STARTDATE="2025-10-01" ENDDATE="2079-06-06" ISACTUAL="1" ISACTIVE="1" /><HOUSE ID="129191570" OBJECTID="174992913" OBJECTGUID="db5a24e3-fdcb-413a-84f5-11bc14d70c83" CHANGEID="689825413" HOUSENUM="1" HOUSETYPE="2" OPERTYPEID="10" PREVID="0" NEXTID="0" UPDATEDATE="2025-10-01" STARTDATE="2025-10-01" ENDDATE="2079-06-06" ISACTUAL="1" ISACTIVE="1" /></HOUSES>