﻿<?xml version="1.0" encoding="utf-8"?><ADDRESSOBJECTS><OBJECT ID="464525" OBJECTID="381110" OBJECTGUID="d88c0cd2-e07f-4dfa-a658-92c5f357f02c" CHANGEID="973926" NAME="Безымянный 2-й" TYPENAME="пер" LEVEL="8" OPERTYPEID="1" PREVID="0" NEXTID="52189916" UPDATEDATE="2025-10-01" STARTDATE="1900-01-01" ENDDATE="2025-10-01" ISACTUAL="0" ISACTIVE="0" /><OBJECT ID="465258" OBJECTID="381722" OBJECTGUID="602c644d-92c8-4e56-b512-c165f30cdbbf" CHANGEID="975257" NAME="Степная 2-я" TYPENAME="ул" LEVEL="8" OPERTYPEID="1" PREVID="0" NEXTID="52189917" UPDATEDATE="2025-10-01" STARTDATE="1900-01-01" ENDDATE="2025-10-01" ISACTUAL="0" ISACTIVE="0" /><OBJECT ID="52189319" OBJECTID="174916763" OBJECTGUID="69c4b168-ea6f-4ac6-b4d6-4f9602b1ce5c" CHANGEID="689639471" NAME="Речной" TYPENAME="м-в" LEVEL="7" OPERTYPEID="10" PREVID="0" NEXTID="0" UPDATEDATE="2025-09-29" STARTDATE="2025-09-29" ENDDATE="2079-06-06" ISACTUAL="1" ISACTIVE="1" /><OBJECT ID="52189608" OBJECTID="174950934" OBJECTGUID="adda9519-dfd1-4d4a-8712-101a7a974e7d" CHANGEID="689711541" NAME="Космическая" TYPENAME="ул." LEVEL="8" OPERTYPEID="10" PREVID="0" NEXTID="0" UPDATEDATE="2025-09-30" STARTDATE="2025-09-30" ENDDATE="2079-06-06" ISACTUAL="1" ISACTIVE="1" /><OBJECT ID="52189609" OBJECTID="174950935" OBJECTGUID="c2826a2d-b898-4136-978c-aa0e504df8ac" CHANGEID="689711543" NAME="Кадетский" TYPENAME="пер." LEVEL="8" OPERTYPEID="10" PREVID="0" NEXTID="0" UPDATEDATE="2025-09-30" STARTDATE="2025-09-30" ENDDATE="2079-06-06" ISACTUAL="1" ISACTIVE="1" /><OBJECT ID="52189610" OBJECTID="174950936" OBJECTGUID="e1b661c7-5662-4df4-abb6-1fe492e1715c" CHANGEID="689711544" NAME="Пехотная" TYPENAME="ул." LEVEL="8" OPERTYPEID="10" PREVID="0" NEXTID="0" UPDATEDATE="2025-09-30" STARTDATE="2025-09-30" ENDDATE="2079-06-06" ISACTUAL="1" ISACTIVE="1" /><OBJECT ID="52189611" OBJECTID="174950937" OBJECTGUID="7d8f1ea3-d382-472c-80b0-4a588862ab6f" CHANGEID="689711545" NAME="Вилючинская" TYPENAME="ул." LEVEL="8" OPERTYPEID="10" PREVID="0" NEXTID="0" UPDATEDATE="2025-09-30" STARTDATE="2025-09-30" ENDDATE="2079-06-06" ISACTUAL="1" ISACTIVE="1" /><OBJECT ID="52189612" OBJECTID="174950938" OBJECTGUID="53ecb564-e59f-4a80-975a-24b353b1ff71" CHANGEID="689711546" NAME="Каверина" TYPENAME="пер." LEVEL="8" OPERTYPEID="10" PREVID="0" NEXTID="0" UPDATEDATE="2025-09-30" STARTDATE="2025-09-30" ENDDATE="2079-06-06" ISACTUAL="1" ISACTIVE="1" /><OBJECT ID="52189613" OBJECTID="174950939" OBJECTGUID="d69b0493-b403-4ffb-8324-1af2e4c70140" CHANGEID="689711547" NAME="Катаева" TYPENAME="ул." LEVEL="8" OPERTYPEID="10" PREVID="0" NEXTID="0" UPDATEDATE="2025-09-30" STARTDATE="2025-09-30" ENDDATE="2079-06-06" ISACTUAL="1" ISACTIVE="1" /><OBJECT ID="52189614" OBJECTID="174950940" OBJECTGUID="2724066c-3ef2-4e22-ab28-c22f34ac69d9" CHANGEID="689711565" NAME="Цветочная" TYPENAME="ул." LEVEL="8" OPERTYPEID="10" PREVID="0" NEXTID="0" UPDATEDATE="2025-09-30" STARTDATE="2025-09-30" ENDDATE="2079-06-06" ISACTUAL="1" ISACTIVE="1" /><OBJECT ID="52189697" OBJECTID="174957840" OBJECTGUID="9e6da747-a214-4331-b2cf-3de36ff4f5b7" CHANGEID="689729601" NAME="Пархоменко-2" TYPENAME="тер. ГСК" LEVEL="7" OPERTYPEID="10" PREVID="0" NEXTID="0" UPDATEDATE="2025-09-30" STARTDATE="2025-09-30" ENDDATE="2079-06-06" ISACTUAL="1" ISACTIVE="1" /><OBJECT ID="52189908" OBJECTID="174975334" OBJECTGUID="4553ca77-07b9-4573-88d5-3e664fb20493" CHANGEID="689787600" NAME="Садовый" TYPENAME="туп." LEVEL="8" OPERTYPEID="10" PREVID="0" NEXTID="0" UPDATEDATE="2025-10-01" STARTDATE="2025-10-01" ENDDATE="2079-06-06" ISACTUAL="1" ISACTIVE="1" /><OBJECT ID="52189915" OBJECTID="379294" OBJECTGUID="222daca3-91c5-4afe-a246-3d418d28307b" CHANGEID="689789325" NAME="Озерная" TYPENAME="ул" LEVEL="8" OPERTYPEID="30" PREVID="462369" NEXTID="0" UPDATEDATE="2025-10-01" STARTDATE="2025-10-01" ENDDATE="2079-06-06" ISACTUAL="1" ISACTIVE="0" /><OBJECT ID="462369" OBJECTID="379294" OBJECTGUID="222daca3-91c5-4afe-a246-3d418d28307b" CHANGEID="970015" NAME="Озерная" TYPENAME="ул" LEVEL="8" OPERTYPEID="1" PREVID="0" NEXTID="52189915" UPDATEDATE="2025-10-01" STARTDATE="1900-01-01" ENDDATE="2025-10-01" ISACTUAL="0" ISACTIVE="0" /><OBJECT ID="52189916" OBJECTID="381110" OBJECTGUID="d88c0cd2-e07f-4dfa-a658-92c5f357f02c" CHANGEID="689789326" NAME="Безымянный 2-й" TYPENAME="пер" LEVEL="8" OPERTYPEID="30" PREVID="464525" NEXTID="0" UPDATEDATE="2025-10-01" STARTDATE="2025-10-01" ENDDATE="2079-06-06" ISACTUAL="1" ISACTIVE="0" /><OBJECT ID="52189917" OBJECTID="381722" OBJECTGUID="602c644d-92c8-4e56-b512-c165f30cdbbf" CHANGEID="689789327" NAME="Степная 2-я" TYPENAME="ул" LEVEL="8" OPERTYPEID="30" PREVID="465258" NEXTID="0" UPDATEDATE="2025-10-01" STARTDATE="2025-10-01" ENDDATE="2079-06-06" ISACTUAL="1" ISACTIVE="0" /><OBJECT ID="52189918" OBJECTID="384341" OBJECTGUID="c2a0080a-fa44-495e-9ac0-a094263b4aca" CHANGEID="689789328" NAME="Краснояровка" TYPENAME="ул" LEVEL="8" OPERTYPEID="30" PREVID="468373" NEXTID="0" UPDATEDATE="2025-10-01" STARTDATE="2025-10-01" ENDDATE="2079-06-06" ISACTUAL="1" ISACTIVE="0" /><OBJECT ID="468373" OBJECTID="384341" OBJECTGUID="c2a0080a-fa44-495e-9ac0-a094263b4aca" CHANGEID="980411" NAME="Краснояровка" TYPENAME="ул" LEVEL="8" OPERTYPEID="1" PREVID="0" NEXTID="52189918" UPDATEDATE="2025-10-01" STARTDATE="1900-01-01" ENDDATE="2025-10-01" ISACTUAL="0" ISACTIVE="0" /><OBJECT ID="52189927" OBJECTID="174977950" OBJECTGUID="7d6c7904-7973-4b5a-9652-8bd99d0266e9" CHANGEID="689792452" NAME="Верхнепортовая" TYPENAME="ул." LEVEL="8" OPERTYPEID="10" PREVID="0" NEXTID="0" UPDATEDATE="2025-10-01" STARTDATE="2025-10-01" ENDDATE="2079-06-06" ISACTUAL="1" ISACTIVE="1" /></ADDRESSOBJECTS>