﻿<?xml version="1.0" encoding="utf-8"?><APARTMENTS><APARTMENT ID="10427901" OBJECTID="18741991" OBJECTGUID="6f9df894-f1a7-4646-93dc-e0d6e4e23008" CHANGEID="29456436" NUMBER="006" APARTTYPE="1" OPERTYPEID="10" PREVID="0" NEXTID="111806762" UPDATEDATE="2025-09-30" STARTDATE="2018-11-01" ENDDATE="2025-09-30" ISACTUAL="0" ISACTIVE="0" /><APARTMENT ID="34795414" OBJECTID="58443841" OBJECTGUID="f96f7fa5-4b46-4dc2-9215-084dcc08674a" CHANGEID="87347753" NUMBER="15" APARTTYPE="4" OPERTYPEID="10" PREVID="0" NEXTID="111808664" UPDATEDATE="2025-09-30" STARTDATE="2018-06-09" ENDDATE="2025-09-30" ISACTUAL="0" ISACTIVE="0" /><APARTMENT ID="43969629" OBJECTID="73649233" OBJECTGUID="3ece5987-b0a9-4128-abdd-6fa470d449fc" CHANGEID="109646834" NUMBER="9" APARTTYPE="2" OPERTYPEID="10" PREVID="0" NEXTID="111800066" UPDATEDATE="2025-09-29" STARTDATE="2017-06-09" ENDDATE="2025-09-29" ISACTUAL="0" ISACTIVE="0" /><APARTMENT ID="111794008" OBJECTID="174913603" OBJECTGUID="04a94548-6f30-46b4-bb87-20528ffffdd8" CHANGEID="689633709" NUMBER="18" APARTTYPE="1" OPERTYPEID="10" PREVID="0" NEXTID="0" UPDATEDATE="2025-09-29" STARTDATE="2025-09-29" ENDDATE="2079-06-06" ISACTUAL="1" ISACTIVE="1" /><APARTMENT ID="111794009" OBJECTID="174913611" OBJECTGUID="4753a264-0876-426a-8bd8-13d0a0d17783" CHANGEID="689633785" NUMBER="2" APARTTYPE="2" OPERTYPEID="10" PREVID="0" NEXTID="0" UPDATEDATE="2025-09-29" STARTDATE="2025-09-29" ENDDATE="2079-06-06" ISACTUAL="1" ISACTIVE="1" /><APARTMENT ID="111794010" OBJECTID="174913612" OBJECTGUID="9f16dc09-033b-4eca-9bae-72cf68d66fb8" CHANGEID="689633789" NUMBER="1" APARTTYPE="2" OPERTYPEID="10" PREVID="0" NEXTID="0" UPDATEDATE="2025-09-29" STARTDATE="2025-09-29" ENDDATE="2079-06-06" ISACTUAL="1" ISACTIVE="1" /><APARTMENT ID="111794011" OBJECTID="174913613" OBJECTGUID="e95b184c-9984-480a-8b9b-63d44d14d848" CHANGEID="689633792" NUMBER="4" APARTTYPE="2" OPERTYPEID="10" PREVID="0" NEXTID="0" UPDATEDATE="2025-09-29" STARTDATE="2025-09-29" ENDDATE="2079-06-06" ISACTUAL="1" ISACTIVE="1" /><APARTMENT ID="111794012" OBJECTID="174913614" OBJECTGUID="5574180a-2b4b-462d-8cb2-582775bf5f7b" CHANGEID="689633793" NUMBER="3" APARTTYPE="2" OPERTYPEID="10" PREVID="0" NEXTID="0" UPDATEDATE="2025-09-29" STARTDATE="2025-09-29" ENDDATE="2079-06-06" ISACTUAL="1" ISACTIVE="1" /><APARTMENT ID="111794013" OBJECTID="174913714" OBJECTGUID="29246945-f4ac-48ad-99fa-93dfc955d038" CHANGEID="689633962" NUMBER="1" APARTTYPE="2" OPERTYPEID="10" PREVID="0" NEXTID="0" UPDATEDATE="2025-09-29" STARTDATE="2025-09-29" ENDDATE="2079-06-06" ISACTUAL="1" ISACTIVE="1" /><APARTMENT ID="111794014" OBJECTID="174913725" OBJECTGUID="95c98168-3754-4139-91bb-caca8bb3052e" CHANGEID="689633980" NUMBER="8" APARTTYPE="2" OPERTYPEID="10" PREVID="0" NEXTID="0" UPDATEDATE="2025-09-29" STARTDATE="2025-09-29" ENDDATE="2079-06-06" ISACTUAL="1" ISACTIVE="1" /><APARTMENT ID="111796114" OBJECTID="174919039" OBJECTGUID="777ef414-a601-42cd-8a50-3ffb28b6bea0" CHANGEID="689644753" NUMBER="1" APARTTYPE="1" OPERTYPEID="10" PREVID="0" NEXTID="0" UPDATEDATE="2025-09-29" STARTDATE="2025-09-29" ENDDATE="2079-06-06" ISACTUAL="1" ISACTIVE="1" /><APARTMENT ID="111800066" OBJECTID="73649233" OBJECTGUID="3ece5987-b0a9-4128-abdd-6fa470d449fc" CHANGEID="689663744" NUMBER="9" APARTTYPE="2" OPERTYPEID="30" PREVID="43969629" NEXTID="0" UPDATEDATE="2025-09-29" STARTDATE="2025-09-29" ENDDATE="2079-06-06" ISACTUAL="1" ISACTIVE="0" /><APARTMENT ID="111800308" OBJECTID="68272208" OBJECTGUID="f85f77af-b5e2-4b2e-94bd-2d01d4b2be15" CHANGEID="689666954" NUMBER="5" APARTTYPE="2" OPERTYPEID="30" PREVID="40712632" NEXTID="0" UPDATEDATE="2025-09-29" STARTDATE="2025-09-29" ENDDATE="2079-06-06" ISACTUAL="1" ISACTIVE="0" /><APARTMENT ID="40712632" OBJECTID="68272208" OBJECTGUID="f85f77af-b5e2-4b2e-94bd-2d01d4b2be15" CHANGEID="101765362" NUMBER="5" APARTTYPE="2" OPERTYPEID="10" PREVID="0" NEXTID="111800308" UPDATEDATE="2025-09-29" STARTDATE="2018-08-03" ENDDATE="2025-09-29" ISACTUAL="0" ISACTIVE="0" /><APARTMENT ID="111803353" OBJECTID="156688307" OBJECTGUID="5bb810fe-0118-4e5e-bb0c-7b3836a7ca6b" CHANGEID="689686278" NUMBER="3" APARTTYPE="2" OPERTYPEID="30" PREVID="104529016" NEXTID="0" UPDATEDATE="2025-09-29" STARTDATE="2025-09-29" ENDDATE="2079-06-06" ISACTUAL="1" ISACTIVE="0" /><APARTMENT ID="104529016" OBJECTID="156688307" OBJECTGUID="5bb810fe-0118-4e5e-bb0c-7b3836a7ca6b" CHANGEID="455246516" NUMBER="3" APARTTYPE="2" OPERTYPEID="10" PREVID="0" NEXTID="111803353" UPDATEDATE="2025-09-29" STARTDATE="2022-10-13" ENDDATE="2025-09-29" ISACTUAL="0" ISACTIVE="0" /><APARTMENT ID="111806744" OBJECTID="174949283" OBJECTGUID="756d5d3c-6d94-4b3f-b1b6-4cceb53e0185" CHANGEID="689708825" NUMBER="2" APARTTYPE="2" OPERTYPEID="10" PREVID="0" NEXTID="0" UPDATEDATE="2025-09-30" STARTDATE="2025-09-30" ENDDATE="2079-06-06" ISACTUAL="1" ISACTIVE="1" /><APARTMENT ID="111806762" OBJECTID="18741991" OBJECTGUID="6f9df894-f1a7-4646-93dc-e0d6e4e23008" CHANGEID="689709012" NUMBER="6" APARTTYPE="1" OPERTYPEID="20" PREVID="10427901" UPDATEDATE="2025-09-30" STARTDATE="2025-09-30" ENDDATE="2079-06-06" ISACTUAL="1" ISACTIVE="1" /><APARTMENT ID="111808664" OBJECTID="58443841" OBJECTGUID="f96f7fa5-4b46-4dc2-9215-084dcc08674a" CHANGEID="689732540" NUMBER="15" APARTTYPE="1" OPERTYPEID="20" PREVID="34795414" UPDATEDATE="2025-09-30" STARTDATE="2025-09-30" ENDDATE="2079-06-06" ISACTUAL="1" ISACTIVE="1" /><APARTMENT ID="111809018" OBJECTID="174960053" OBJECTGUID="26f42966-2efd-48d9-bb06-5f2d7f0a4817" CHANGEID="689735122" NUMBER="2" APARTTYPE="1" OPERTYPEID="10" PREVID="0" NEXTID="0" UPDATEDATE="2025-09-30" STARTDATE="2025-09-30" ENDDATE="2079-06-06" ISACTUAL="1" ISACTIVE="1" /><APARTMENT ID="111809033" OBJECTID="158503395" OBJECTGUID="8be35f94-e3f7-46a4-b1b3-10f18fbb34fa" CHANGEID="689735358" NUMBER="2" APARTTYPE="1" OPERTYPEID="20" PREVID="105154175" UPDATEDATE="2025-09-30" STARTDATE="2025-09-30" ENDDATE="2079-06-06" ISACTUAL="1" ISACTIVE="1" /><APARTMENT ID="105154175" OBJECTID="158503395" OBJECTGUID="8be35f94-e3f7-46a4-b1b3-10f18fbb34fa" CHANGEID="498946413" NUMBER="2" APARTTYPE="2" OPERTYPEID="10" PREVID="0" NEXTID="111809033" UPDATEDATE="2025-09-30" STARTDATE="2023-04-05" ENDDATE="2025-09-30" ISACTUAL="0" ISACTIVE="0" /><APARTMENT ID="111809080" OBJECTID="51408507" OBJECTGUID="e7dfc76f-c4db-4e59-9d7d-5e006c06103f" CHANGEID="689735622" NUMBER="2" APARTTYPE="1" OPERTYPEID="20" PREVID="30474084" UPDATEDATE="2025-09-30" STARTDATE="2025-09-30" ENDDATE="2079-06-06" ISACTUAL="1" ISACTIVE="1" /><APARTMENT ID="30474084" OBJECTID="51408507" OBJECTGUID="e7dfc76f-c4db-4e59-9d7d-5e006c06103f" CHANGEID="77072525" NUMBER="2" APARTTYPE="2" OPERTYPEID="10" PREVID="0" NEXTID="111809080" UPDATEDATE="2025-09-30" STARTDATE="2017-06-19" ENDDATE="2025-09-30" ISACTUAL="0" ISACTIVE="0" /><APARTMENT ID="111809082" OBJECTID="105692756" OBJECTGUID="8aa984d2-d659-47c8-a771-36a6adcc96ed" CHANGEID="689735668" NUMBER="3" APARTTYPE="1" OPERTYPEID="20" PREVID="54498125" UPDATEDATE="2025-09-30" STARTDATE="2025-09-30" ENDDATE="2079-06-06" ISACTUAL="1" ISACTIVE="1" /><APARTMENT ID="54498125" OBJECTID="105692756" OBJECTGUID="8aa984d2-d659-47c8-a771-36a6adcc96ed" CHANGEID="299162170" NUMBER="3" APARTTYPE="2" OPERTYPEID="10" PREVID="0" NEXTID="111809082" UPDATEDATE="2025-09-30" STARTDATE="2022-09-27" ENDDATE="2025-09-30" ISACTUAL="0" ISACTIVE="0" /><APARTMENT ID="111809071" OBJECTID="51408496" OBJECTGUID="cdfb96ec-82bd-447c-bf0d-1a00589abbc4" CHANGEID="689735463" NUMBER="1" APARTTYPE="1" OPERTYPEID="20" PREVID="30474073" UPDATEDATE="2025-09-30" STARTDATE="2025-09-30" ENDDATE="2079-06-06" ISACTUAL="1" ISACTIVE="1" /><APARTMENT ID="30474073" OBJECTID="51408496" OBJECTGUID="cdfb96ec-82bd-447c-bf0d-1a00589abbc4" CHANGEID="77072511" NUMBER="1" APARTTYPE="2" OPERTYPEID="10" PREVID="0" NEXTID="111809071" UPDATEDATE="2025-09-30" STARTDATE="2017-06-19" ENDDATE="2025-09-30" ISACTUAL="0" ISACTIVE="0" /><APARTMENT ID="111809077" OBJECTID="51408113" OBJECTGUID="2b165aac-1e7b-47e9-9dd2-14d792e0fab1" CHANGEID="689735586" NUMBER="4" APARTTYPE="1" OPERTYPEID="20" PREVID="30473787" UPDATEDATE="2025-09-30" STARTDATE="2025-09-30" ENDDATE="2079-06-06" ISACTUAL="1" ISACTIVE="1" /><APARTMENT ID="30473787" OBJECTID="51408113" OBJECTGUID="2b165aac-1e7b-47e9-9dd2-14d792e0fab1" CHANGEID="77072005" NUMBER="4" APARTTYPE="2" OPERTYPEID="10" PREVID="0" NEXTID="111809077" UPDATEDATE="2025-09-30" STARTDATE="2017-06-19" ENDDATE="2025-09-30" ISACTUAL="0" ISACTIVE="0" /><APARTMENT ID="111809559" OBJECTID="174963898" OBJECTGUID="013c52b2-bd69-4f13-8dfe-462568554dc7" CHANGEID="689743219" NUMBER="2А" APARTTYPE="2" OPERTYPEID="10" PREVID="0" NEXTID="0" UPDATEDATE="2025-09-30" STARTDATE="2025-09-30" ENDDATE="2079-06-06" ISACTUAL="1" ISACTIVE="1" /><APARTMENT ID="111810355" OBJECTID="174965837" OBJECTGUID="d18d378d-81ff-4a16-9470-79136a0ef7e3" CHANGEID="689747617" NUMBER="1" APARTTYPE="2" OPERTYPEID="10" PREVID="0" NEXTID="0" UPDATEDATE="2025-09-30" STARTDATE="2025-09-30" ENDDATE="2079-06-06" ISACTUAL="1" ISACTIVE="1" /><APARTMENT ID="111810356" OBJECTID="174965838" OBJECTGUID="7a737ef5-0cb9-4ff0-af6f-3d8e184af37f" CHANGEID="689747618" NUMBER="2" APARTTYPE="2" OPERTYPEID="10" PREVID="0" NEXTID="0" UPDATEDATE="2025-09-30" STARTDATE="2025-09-30" ENDDATE="2079-06-06" ISACTUAL="1" ISACTIVE="1" /><APARTMENT ID="111810357" OBJECTID="174965839" OBJECTGUID="76c378c1-c969-4a63-864f-73635a535b5e" CHANGEID="689747619" NUMBER="1" APARTTYPE="2" OPERTYPEID="10" PREVID="0" NEXTID="0" UPDATEDATE="2025-09-30" STARTDATE="2025-09-30" ENDDATE="2079-06-06" ISACTUAL="1" ISACTIVE="1" /><APARTMENT ID="111810358" OBJECTID="174965840" OBJECTGUID="62f571d4-1a18-4038-8eaf-2ffdf04818ef" CHANGEID="689747621" NUMBER="2" APARTTYPE="2" OPERTYPEID="10" PREVID="0" NEXTID="0" UPDATEDATE="2025-09-30" STARTDATE="2025-09-30" ENDDATE="2079-06-06" ISACTUAL="1" ISACTIVE="1" /><APARTMENT ID="111810582" OBJECTID="174966205" OBJECTGUID="34a2ddd4-6c7c-43e8-9ee3-2fca430d5ad4" CHANGEID="689748794" NUMBER="2" APARTTYPE="2" OPERTYPEID="10" PREVID="0" NEXTID="0" UPDATEDATE="2025-09-30" STARTDATE="2025-09-30" ENDDATE="2079-06-06" ISACTUAL="1" ISACTIVE="1" /><APARTMENT ID="111816268" OBJECTID="25635582" OBJECTGUID="062809b6-bef0-4f7c-a6e7-38e344cce8a3" CHANGEID="689806389" NUMBER="2" APARTTYPE="2" OPERTYPEID="30" PREVID="14568818" NEXTID="0" UPDATEDATE="2025-10-01" STARTDATE="2025-10-01" ENDDATE="2079-06-06" ISACTUAL="1" ISACTIVE="0" /><APARTMENT ID="14568818" OBJECTID="25635582" OBJECTGUID="062809b6-bef0-4f7c-a6e7-38e344cce8a3" CHANGEID="39647626" NUMBER="2" APARTTYPE="2" OPERTYPEID="10" PREVID="0" NEXTID="111816268" UPDATEDATE="2025-10-01" STARTDATE="2017-06-02" ENDDATE="2025-10-01" ISACTUAL="0" ISACTIVE="0" /><APARTMENT ID="111816432" OBJECTID="174986060" OBJECTGUID="a034a93c-095c-48a0-a808-559d71688267" CHANGEID="689809621" NUMBER="2" APARTTYPE="1" OPERTYPEID="10" PREVID="0" NEXTID="0" UPDATEDATE="2025-10-01" STARTDATE="2025-10-01" ENDDATE="2079-06-06" ISACTUAL="1" ISACTIVE="1" /><APARTMENT ID="111816433" OBJECTID="174986061" OBJECTGUID="9cc5fe17-89e9-4e2c-ac9a-d3458c5d7399" CHANGEID="689809622" NUMBER="1" APARTTYPE="1" OPERTYPEID="10" PREVID="0" NEXTID="0" UPDATEDATE="2025-10-01" STARTDATE="2025-10-01" ENDDATE="2079-06-06" ISACTUAL="1" ISACTIVE="1" /><APARTMENT ID="111817581" OBJECTID="174988944" OBJECTGUID="560773d1-0dab-4de4-9fe6-6d3b7fd2c418" CHANGEID="689814086" NUMBER="5" APARTTYPE="1" OPERTYPEID="10" PREVID="0" NEXTID="0" UPDATEDATE="2025-10-01" STARTDATE="2025-10-01" ENDDATE="2079-06-06" ISACTUAL="1" ISACTIVE="1" /><APARTMENT ID="111818419" OBJECTID="71603899" OBJECTGUID="afa64d33-af2f-4ad6-a67d-b74458693ce7" CHANGEID="689817709" NUMBER="2" APARTTYPE="1" OPERTYPEID="30" PREVID="42742678" NEXTID="0" UPDATEDATE="2025-10-01" STARTDATE="2025-10-01" ENDDATE="2079-06-06" ISACTUAL="1" ISACTIVE="0" /><APARTMENT ID="42742678" OBJECTID="71603899" OBJECTGUID="afa64d33-af2f-4ad6-a67d-b74458693ce7" CHANGEID="106652659" NUMBER="2" APARTTYPE="1" OPERTYPEID="20" PREVID="42742049" NEXTID="111818419" UPDATEDATE="2025-10-01" STARTDATE="2017-08-10" ENDDATE="2025-10-01" ISACTUAL="0" ISACTIVE="0" /><APARTMENT ID="111818437" OBJECTID="71604891" OBJECTGUID="bfc6af65-cebe-4f01-a915-810ba493a297" CHANGEID="689817762" NUMBER="2" APARTTYPE="2" OPERTYPEID="30" PREVID="42742721" NEXTID="0" UPDATEDATE="2025-10-01" STARTDATE="2025-10-01" ENDDATE="2079-06-06" ISACTUAL="1" ISACTIVE="0" /><APARTMENT ID="42742721" OBJECTID="71604891" OBJECTGUID="bfc6af65-cebe-4f01-a915-810ba493a297" CHANGEID="106652849" NUMBER="2" APARTTYPE="2" OPERTYPEID="10" PREVID="0" NEXTID="111818437" UPDATEDATE="2025-10-01" STARTDATE="2017-08-10" ENDDATE="2025-10-01" ISACTUAL="0" ISACTIVE="0" /></APARTMENTS>