﻿<?xml version="1.0" encoding="utf-8"?><APARTMENTS><APARTMENT ID="33562689" OBJECTID="56431709" OBJECTGUID="db05b138-cc5a-4ca6-b994-73573e832dab" CHANGEID="84396555" NUMBER="1,2,3,4" APARTTYPE="2" OPERTYPEID="10" PREVID="0" NEXTID="111806860" UPDATEDATE="2025-09-30" STARTDATE="2017-03-30" ENDDATE="2025-09-30" ISACTUAL="0" ISACTIVE="0" /><APARTMENT ID="44261329" OBJECTID="74106336" OBJECTGUID="ea83c0b2-7db6-48f2-817f-330e68175c75" CHANGEID="110299478" NUMBER="24" APARTTYPE="1" OPERTYPEID="10" PREVID="0" NEXTID="111807147" UPDATEDATE="2025-09-30" STARTDATE="2019-03-07" ENDDATE="2025-09-30" ISACTUAL="0" ISACTIVE="0" /><APARTMENT ID="111794866" OBJECTID="174915589" OBJECTGUID="0b8addc7-5278-4875-9b86-9918a3fd63c4" CHANGEID="689637681" NUMBER="1" APARTTYPE="2" OPERTYPEID="10" PREVID="0" NEXTID="0" UPDATEDATE="2025-09-29" STARTDATE="2025-09-29" ENDDATE="2079-06-06" ISACTUAL="1" ISACTIVE="1" /><APARTMENT ID="111794867" OBJECTID="174915590" OBJECTGUID="6b6a1bac-34cb-43fc-8737-da3efaca6fd9" CHANGEID="689637682" NUMBER="2" APARTTYPE="2" OPERTYPEID="10" PREVID="0" NEXTID="0" UPDATEDATE="2025-09-29" STARTDATE="2025-09-29" ENDDATE="2079-06-06" ISACTUAL="1" ISACTIVE="1" /><APARTMENT ID="111794868" OBJECTID="174915591" OBJECTGUID="4585202d-4a27-476c-9104-68eea76fb0e4" CHANGEID="689637683" NUMBER="3" APARTTYPE="2" OPERTYPEID="10" PREVID="0" NEXTID="0" UPDATEDATE="2025-09-29" STARTDATE="2025-09-29" ENDDATE="2079-06-06" ISACTUAL="1" ISACTIVE="1" /><APARTMENT ID="111794869" OBJECTID="174915592" OBJECTGUID="6337e413-134e-4379-8903-4ae79ebb3130" CHANGEID="689637684" NUMBER="3" APARTTYPE="2" OPERTYPEID="10" PREVID="0" NEXTID="0" UPDATEDATE="2025-09-29" STARTDATE="2025-09-29" ENDDATE="2079-06-06" ISACTUAL="1" ISACTIVE="1" /><APARTMENT ID="111794870" OBJECTID="174915593" OBJECTGUID="88fc73d5-a157-40dd-a045-218c3095e31d" CHANGEID="689637685" NUMBER="4" APARTTYPE="2" OPERTYPEID="10" PREVID="0" NEXTID="0" UPDATEDATE="2025-09-29" STARTDATE="2025-09-29" ENDDATE="2079-06-06" ISACTUAL="1" ISACTIVE="1" /><APARTMENT ID="111795050" OBJECTID="174915832" OBJECTGUID="08abbc68-c858-41fe-8225-b2d655d1588b" CHANGEID="689638062" NUMBER="2" APARTTYPE="1" OPERTYPEID="10" PREVID="0" NEXTID="0" UPDATEDATE="2025-09-29" STARTDATE="2025-09-29" ENDDATE="2079-06-06" ISACTUAL="1" ISACTIVE="1" /><APARTMENT ID="111795051" OBJECTID="174915833" OBJECTGUID="6fe4a328-7a78-4d7b-97cd-98e24fb9cebb" CHANGEID="689638063" NUMBER="1" APARTTYPE="1" OPERTYPEID="10" PREVID="0" NEXTID="0" UPDATEDATE="2025-09-29" STARTDATE="2025-09-29" ENDDATE="2079-06-06" ISACTUAL="1" ISACTIVE="1" /><APARTMENT ID="111796115" OBJECTID="174919053" OBJECTGUID="a99d6908-f317-4516-8eee-d2b68afd1070" CHANGEID="689644806" NUMBER="3" APARTTYPE="2" OPERTYPEID="10" PREVID="0" NEXTID="0" UPDATEDATE="2025-09-29" STARTDATE="2025-09-29" ENDDATE="2079-06-06" ISACTUAL="1" ISACTIVE="1" /><APARTMENT ID="111796116" OBJECTID="174919082" OBJECTGUID="1c929f79-33a2-49ec-b102-da45ecaeb604" CHANGEID="689644837" NUMBER="4" APARTTYPE="2" OPERTYPEID="10" PREVID="0" NEXTID="0" UPDATEDATE="2025-09-29" STARTDATE="2025-09-29" ENDDATE="2079-06-06" ISACTUAL="1" ISACTIVE="1" /><APARTMENT ID="111796268" OBJECTID="12954116" OBJECTGUID="28e21e9f-b7d2-4ec0-afc5-16f32c07226a" CHANGEID="689645410" NUMBER="1" APARTTYPE="2" OPERTYPEID="30" PREVID="7020783" NEXTID="0" UPDATEDATE="2025-09-29" STARTDATE="2025-09-29" ENDDATE="2079-06-06" ISACTUAL="1" ISACTIVE="0" /><APARTMENT ID="7020783" OBJECTID="12954116" OBJECTGUID="28e21e9f-b7d2-4ec0-afc5-16f32c07226a" CHANGEID="20835448" NUMBER="1" APARTTYPE="2" OPERTYPEID="10" PREVID="0" NEXTID="111796268" UPDATEDATE="2025-09-29" STARTDATE="2017-09-29" ENDDATE="2025-09-29" ISACTUAL="0" ISACTIVE="0" /><APARTMENT ID="111796269" OBJECTID="12956501" OBJECTGUID="a4f033de-dc0e-438a-892f-806c48751178" CHANGEID="689645411" NUMBER="2" APARTTYPE="2" OPERTYPEID="30" PREVID="7022419" NEXTID="0" UPDATEDATE="2025-09-29" STARTDATE="2025-09-29" ENDDATE="2079-06-06" ISACTUAL="1" ISACTIVE="0" /><APARTMENT ID="7022419" OBJECTID="12956501" OBJECTGUID="a4f033de-dc0e-438a-892f-806c48751178" CHANGEID="20838973" NUMBER="2" APARTTYPE="2" OPERTYPEID="10" PREVID="0" NEXTID="111796269" UPDATEDATE="2025-09-29" STARTDATE="2017-09-29" ENDDATE="2025-09-29" ISACTUAL="0" ISACTIVE="0" /><APARTMENT ID="111798817" OBJECTID="174926339" OBJECTGUID="8aec7810-4be1-4d64-a346-ea5c44dc36e4" CHANGEID="689661199" NUMBER="3" APARTTYPE="1" OPERTYPEID="10" PREVID="0" NEXTID="0" UPDATEDATE="2025-09-29" STARTDATE="2025-09-29" ENDDATE="2079-06-06" ISACTUAL="1" ISACTIVE="1" /><APARTMENT ID="111802140" OBJECTID="174935062" OBJECTGUID="deef1e4b-ff01-4ab7-abf0-4c456360da8e" CHANGEID="689678912" NUMBER="1" APARTTYPE="1" OPERTYPEID="10" PREVID="0" NEXTID="0" UPDATEDATE="2025-09-29" STARTDATE="2025-09-29" ENDDATE="2079-06-06" ISACTUAL="1" ISACTIVE="1" /><APARTMENT ID="111802141" OBJECTID="174935063" OBJECTGUID="3cf25903-56e2-47d4-be7e-4e6b71e7a83e" CHANGEID="689678913" NUMBER="2" APARTTYPE="1" OPERTYPEID="10" PREVID="0" NEXTID="0" UPDATEDATE="2025-09-29" STARTDATE="2025-09-29" ENDDATE="2079-06-06" ISACTUAL="1" ISACTIVE="1" /><APARTMENT ID="111802142" OBJECTID="174935064" OBJECTGUID="b1721f22-5765-42c6-927a-ac203d52f0fd" CHANGEID="689678915" NUMBER="2" APARTTYPE="1" OPERTYPEID="10" PREVID="0" NEXTID="0" UPDATEDATE="2025-09-29" STARTDATE="2025-09-29" ENDDATE="2079-06-06" ISACTUAL="1" ISACTIVE="1" /><APARTMENT ID="111802143" OBJECTID="174935065" OBJECTGUID="9b4b3f74-03d5-4690-91b7-fec99641ef45" CHANGEID="689678916" NUMBER="1" APARTTYPE="1" OPERTYPEID="10" PREVID="0" NEXTID="0" UPDATEDATE="2025-09-29" STARTDATE="2025-09-29" ENDDATE="2079-06-06" ISACTUAL="1" ISACTIVE="1" /><APARTMENT ID="111806785" OBJECTID="48109789" OBJECTGUID="19522096-90f5-460c-9f45-be94d2af524f" CHANGEID="689709408" NUMBER="1" APARTTYPE="2" OPERTYPEID="20" PREVID="28434659" UPDATEDATE="2025-09-30" STARTDATE="2025-09-30" ENDDATE="2079-06-06" ISACTUAL="1" ISACTIVE="1" /><APARTMENT ID="28434659" OBJECTID="48109789" OBJECTGUID="19522096-90f5-460c-9f45-be94d2af524f" CHANGEID="72306537" NUMBER="1,2" APARTTYPE="2" OPERTYPEID="10" PREVID="0" NEXTID="111806785" UPDATEDATE="2025-09-30" STARTDATE="2017-03-30" ENDDATE="2025-09-30" ISACTUAL="0" ISACTIVE="0" /><APARTMENT ID="111806786" OBJECTID="38274038" OBJECTGUID="792a852c-1f0c-4f8f-aaa2-3bab1588f674" CHANGEID="689709411" NUMBER="1" APARTTYPE="2" OPERTYPEID="20" PREVID="22328300" UPDATEDATE="2025-09-30" STARTDATE="2025-09-30" ENDDATE="2079-06-06" ISACTUAL="1" ISACTIVE="1" /><APARTMENT ID="22328300" OBJECTID="38274038" OBJECTGUID="792a852c-1f0c-4f8f-aaa2-3bab1588f674" CHANGEID="58030399" NUMBER="1,2" APARTTYPE="2" OPERTYPEID="10" PREVID="0" NEXTID="111806786" UPDATEDATE="2025-09-30" STARTDATE="2017-03-30" ENDDATE="2025-09-30" ISACTUAL="0" ISACTIVE="0" /><APARTMENT ID="111806856" OBJECTID="48148194" OBJECTGUID="acc7973b-0e72-434c-8d54-7f43bc50f8a5" CHANGEID="689711229" NUMBER="1" APARTTYPE="2" OPERTYPEID="20" PREVID="28456859" UPDATEDATE="2025-09-30" STARTDATE="2025-09-30" ENDDATE="2079-06-06" ISACTUAL="1" ISACTIVE="1" /><APARTMENT ID="28456859" OBJECTID="48148194" OBJECTGUID="acc7973b-0e72-434c-8d54-7f43bc50f8a5" CHANGEID="72364256" NUMBER="1,2" APARTTYPE="2" OPERTYPEID="10" PREVID="0" NEXTID="111806856" UPDATEDATE="2025-09-30" STARTDATE="2017-03-30" ENDDATE="2025-09-30" ISACTUAL="0" ISACTIVE="0" /><APARTMENT ID="111806857" OBJECTID="48147490" OBJECTGUID="9584498f-9c23-49c0-82dc-d8a6d42e453f" CHANGEID="689711231" NUMBER="3" APARTTYPE="2" OPERTYPEID="20" PREVID="28456432" UPDATEDATE="2025-09-30" STARTDATE="2025-09-30" ENDDATE="2079-06-06" ISACTUAL="1" ISACTIVE="1" /><APARTMENT ID="28456432" OBJECTID="48147490" OBJECTGUID="9584498f-9c23-49c0-82dc-d8a6d42e453f" CHANGEID="72363264" NUMBER="3,4" APARTTYPE="2" OPERTYPEID="10" PREVID="0" NEXTID="111806857" UPDATEDATE="2025-09-30" STARTDATE="2017-03-30" ENDDATE="2025-09-30" ISACTUAL="0" ISACTIVE="0" /><APARTMENT ID="111806861" OBJECTID="68802554" OBJECTGUID="0fbef9e7-2a26-4a31-b835-d9e48f4ab189" CHANGEID="689711240" NUMBER="3А" APARTTYPE="2" OPERTYPEID="20" PREVID="41030271" UPDATEDATE="2025-09-30" STARTDATE="2025-09-30" ENDDATE="2079-06-06" ISACTUAL="1" ISACTIVE="1" /><APARTMENT ID="41030271" OBJECTID="68802554" OBJECTGUID="0fbef9e7-2a26-4a31-b835-d9e48f4ab189" CHANGEID="102557712" NUMBER="3" APARTTYPE="2" OPERTYPEID="10" PREVID="0" NEXTID="111806861" UPDATEDATE="2025-09-30" STARTDATE="2017-04-14" ENDDATE="2025-09-30" ISACTUAL="0" ISACTIVE="0" /><APARTMENT ID="111806859" OBJECTID="163413194" OBJECTGUID="e2f75841-6eff-4d6d-82d2-14b2b675d71e" CHANGEID="689711237" NUMBER="2" APARTTYPE="2" OPERTYPEID="20" PREVID="107722334" UPDATEDATE="2025-09-30" STARTDATE="2025-09-30" ENDDATE="2079-06-06" ISACTUAL="1" ISACTIVE="1" /><APARTMENT ID="107722334" OBJECTID="163413194" OBJECTGUID="e2f75841-6eff-4d6d-82d2-14b2b675d71e" CHANGEID="594397921" NUMBER="3" APARTTYPE="2" OPERTYPEID="10" PREVID="0" NEXTID="111806859" UPDATEDATE="2025-09-30" STARTDATE="2024-05-02" ENDDATE="2025-09-30" ISACTUAL="0" ISACTIVE="0" /><APARTMENT ID="111806860" OBJECTID="56431709" OBJECTGUID="db05b138-cc5a-4ca6-b994-73573e832dab" CHANGEID="689711239" NUMBER="1" APARTTYPE="2" OPERTYPEID="20" PREVID="33562689" UPDATEDATE="2025-09-30" STARTDATE="2025-09-30" ENDDATE="2079-06-06" ISACTUAL="1" ISACTIVE="1" /><APARTMENT ID="111806980" OBJECTID="174952113" OBJECTGUID="71f95cd6-9357-47fb-b06a-f412e1639dd3" CHANGEID="689716722" NUMBER="2" APARTTYPE="2" OPERTYPEID="10" PREVID="0" NEXTID="0" UPDATEDATE="2025-09-30" STARTDATE="2025-09-30" ENDDATE="2079-06-06" ISACTUAL="1" ISACTIVE="1" /><APARTMENT ID="111806981" OBJECTID="174952145" OBJECTGUID="3d32190d-a929-42eb-854a-0b4e705d7915" CHANGEID="689716924" NUMBER="1" APARTTYPE="2" OPERTYPEID="10" PREVID="0" NEXTID="0" UPDATEDATE="2025-09-30" STARTDATE="2025-09-30" ENDDATE="2079-06-06" ISACTUAL="1" ISACTIVE="1" /><APARTMENT ID="111806982" OBJECTID="174952146" OBJECTGUID="971c61bc-8d1e-4d36-b524-765100cf7df9" CHANGEID="689716925" NUMBER="2" APARTTYPE="2" OPERTYPEID="10" PREVID="0" NEXTID="0" UPDATEDATE="2025-09-30" STARTDATE="2025-09-30" ENDDATE="2079-06-06" ISACTUAL="1" ISACTIVE="1" /><APARTMENT ID="111806983" OBJECTID="174952147" OBJECTGUID="46041c6d-88fa-4d50-8332-5e7db3d8f2d1" CHANGEID="689716926" NUMBER="1" APARTTYPE="2" OPERTYPEID="10" PREVID="0" NEXTID="0" UPDATEDATE="2025-09-30" STARTDATE="2025-09-30" ENDDATE="2079-06-06" ISACTUAL="1" ISACTIVE="1" /><APARTMENT ID="111806984" OBJECTID="174952148" OBJECTGUID="d81cf425-f061-466a-ab8e-4b18d11974a3" CHANGEID="689716927" NUMBER="1" APARTTYPE="2" OPERTYPEID="10" PREVID="0" NEXTID="0" UPDATEDATE="2025-09-30" STARTDATE="2025-09-30" ENDDATE="2079-06-06" ISACTUAL="1" ISACTIVE="1" /><APARTMENT ID="111806985" OBJECTID="174952163" OBJECTGUID="408569b4-e072-4feb-803f-053eee21a16c" CHANGEID="689716942" NUMBER="2" APARTTYPE="2" OPERTYPEID="10" PREVID="0" NEXTID="0" UPDATEDATE="2025-09-30" STARTDATE="2025-09-30" ENDDATE="2079-06-06" ISACTUAL="1" ISACTIVE="1" /><APARTMENT ID="111806986" OBJECTID="174952164" OBJECTGUID="85b4355c-90ac-4cbb-b3f3-57e3f0427056" CHANGEID="689716943" NUMBER="1" APARTTYPE="2" OPERTYPEID="10" PREVID="0" NEXTID="0" UPDATEDATE="2025-09-30" STARTDATE="2025-09-30" ENDDATE="2079-06-06" ISACTUAL="1" ISACTIVE="1" /><APARTMENT ID="111806987" OBJECTID="174952172" OBJECTGUID="d8650237-d5ce-4e53-9541-fa47b13c152d" CHANGEID="689716953" NUMBER="1" APARTTYPE="2" OPERTYPEID="10" PREVID="0" NEXTID="0" UPDATEDATE="2025-09-30" STARTDATE="2025-09-30" ENDDATE="2079-06-06" ISACTUAL="1" ISACTIVE="1" /><APARTMENT ID="111806988" OBJECTID="174952173" OBJECTGUID="78972f2d-48b5-459b-8b85-ee272c4bb0cd" CHANGEID="689716954" NUMBER="4" APARTTYPE="2" OPERTYPEID="10" PREVID="0" NEXTID="0" UPDATEDATE="2025-09-30" STARTDATE="2025-09-30" ENDDATE="2079-06-06" ISACTUAL="1" ISACTIVE="1" /><APARTMENT ID="111806989" OBJECTID="174952174" OBJECTGUID="b2dedc3b-c011-499a-8396-cdd2d10888dc" CHANGEID="689716955" NUMBER="3" APARTTYPE="2" OPERTYPEID="10" PREVID="0" NEXTID="0" UPDATEDATE="2025-09-30" STARTDATE="2025-09-30" ENDDATE="2079-06-06" ISACTUAL="1" ISACTIVE="1" /><APARTMENT ID="111806990" OBJECTID="174952175" OBJECTGUID="dc9c30d0-76b4-405f-aad6-81a24b48ced5" CHANGEID="689716956" NUMBER="2" APARTTYPE="2" OPERTYPEID="10" PREVID="0" NEXTID="0" UPDATEDATE="2025-09-30" STARTDATE="2025-09-30" ENDDATE="2079-06-06" ISACTUAL="1" ISACTIVE="1" /><APARTMENT ID="111807127" OBJECTID="174953534" OBJECTGUID="c5a9ae7d-afe4-4d2f-8c43-a9e7d4c8d8a4" CHANGEID="689719635" NUMBER="1" APARTTYPE="2" OPERTYPEID="10" PREVID="0" NEXTID="0" UPDATEDATE="2025-09-30" STARTDATE="2025-09-30" ENDDATE="2079-06-06" ISACTUAL="1" ISACTIVE="1" /><APARTMENT ID="111807128" OBJECTID="174953535" OBJECTGUID="94f5f274-3bb6-41ee-87fc-f0a484c5401c" CHANGEID="689719636" NUMBER="2" APARTTYPE="2" OPERTYPEID="10" PREVID="0" NEXTID="0" UPDATEDATE="2025-09-30" STARTDATE="2025-09-30" ENDDATE="2079-06-06" ISACTUAL="1" ISACTIVE="1" /><APARTMENT ID="111807129" OBJECTID="174953536" OBJECTGUID="2239649b-6ade-45de-958f-06d99956008d" CHANGEID="689719639" NUMBER="1" APARTTYPE="2" OPERTYPEID="10" PREVID="0" NEXTID="0" UPDATEDATE="2025-09-30" STARTDATE="2025-09-30" ENDDATE="2079-06-06" ISACTUAL="1" ISACTIVE="1" /><APARTMENT ID="111807130" OBJECTID="174953537" OBJECTGUID="0a5abc9f-bf1b-4261-86ac-ccb20d4623ca" CHANGEID="689719640" NUMBER="2" APARTTYPE="2" OPERTYPEID="10" PREVID="0" NEXTID="0" UPDATEDATE="2025-09-30" STARTDATE="2025-09-30" ENDDATE="2079-06-06" ISACTUAL="1" ISACTIVE="1" /><APARTMENT ID="111807131" OBJECTID="174953539" OBJECTGUID="e0f7a024-8402-4608-8308-c471762b0475" CHANGEID="689719642" NUMBER="1" APARTTYPE="2" OPERTYPEID="10" PREVID="0" NEXTID="0" UPDATEDATE="2025-09-30" STARTDATE="2025-09-30" ENDDATE="2079-06-06" ISACTUAL="1" ISACTIVE="1" /><APARTMENT ID="111807132" OBJECTID="174953540" OBJECTGUID="43195524-f14f-4443-9d44-68f717a3b813" CHANGEID="689719646" NUMBER="2" APARTTYPE="2" OPERTYPEID="10" PREVID="0" NEXTID="0" UPDATEDATE="2025-09-30" STARTDATE="2025-09-30" ENDDATE="2079-06-06" ISACTUAL="1" ISACTIVE="1" /><APARTMENT ID="111807133" OBJECTID="174953541" OBJECTGUID="62c1ca87-b3f5-4431-90bd-e07ad5bb529f" CHANGEID="689719648" NUMBER="4" APARTTYPE="2" OPERTYPEID="10" PREVID="0" NEXTID="0" UPDATEDATE="2025-09-30" STARTDATE="2025-09-30" ENDDATE="2079-06-06" ISACTUAL="1" ISACTIVE="1" /><APARTMENT ID="111807134" OBJECTID="174953542" OBJECTGUID="f8ae4c6b-adf6-4e8f-bc2e-c912539c5230" CHANGEID="689719649" NUMBER="2" APARTTYPE="2" OPERTYPEID="10" PREVID="0" NEXTID="0" UPDATEDATE="2025-09-30" STARTDATE="2025-09-30" ENDDATE="2079-06-06" ISACTUAL="1" ISACTIVE="1" /><APARTMENT ID="111807135" OBJECTID="174953543" OBJECTGUID="31fafe19-3723-4d4a-9ee5-2811da12d92d" CHANGEID="689719650" NUMBER="1" APARTTYPE="2" OPERTYPEID="10" PREVID="0" NEXTID="0" UPDATEDATE="2025-09-30" STARTDATE="2025-09-30" ENDDATE="2079-06-06" ISACTUAL="1" ISACTIVE="1" /><APARTMENT ID="111807136" OBJECTID="174953544" OBJECTGUID="00e8c817-000f-4642-bb64-bb205c6c4cad" CHANGEID="689719652" NUMBER="1" APARTTYPE="2" OPERTYPEID="10" PREVID="0" NEXTID="0" UPDATEDATE="2025-09-30" STARTDATE="2025-09-30" ENDDATE="2079-06-06" ISACTUAL="1" ISACTIVE="1" /><APARTMENT ID="111807137" OBJECTID="174953545" OBJECTGUID="bcbf269a-1d05-4788-bb24-cc4dc36d8bc3" CHANGEID="689719653" NUMBER="1" APARTTYPE="2" OPERTYPEID="10" PREVID="0" NEXTID="0" UPDATEDATE="2025-09-30" STARTDATE="2025-09-30" ENDDATE="2079-06-06" ISACTUAL="1" ISACTIVE="1" /><APARTMENT ID="111807147" OBJECTID="74106336" OBJECTGUID="ea83c0b2-7db6-48f2-817f-330e68175c75" CHANGEID="689720411" NUMBER="24" APARTTYPE="2" OPERTYPEID="20" PREVID="44261329" UPDATEDATE="2025-09-30" STARTDATE="2025-09-30" ENDDATE="2079-06-06" ISACTUAL="1" ISACTIVE="1" /><APARTMENT ID="111807149" OBJECTID="72297660" OBJECTGUID="ee6ca7a2-7aa2-425a-9c03-ad6331506fbd" CHANGEID="689720434" NUMBER="139" APARTTYPE="2" OPERTYPEID="20" PREVID="43166563" UPDATEDATE="2025-09-30" STARTDATE="2025-09-30" ENDDATE="2079-06-06" ISACTUAL="1" ISACTIVE="1" /><APARTMENT ID="43166563" OBJECTID="72297660" OBJECTGUID="ee6ca7a2-7aa2-425a-9c03-ad6331506fbd" CHANGEID="107662772" NUMBER="139" APARTTYPE="1" OPERTYPEID="10" PREVID="0" NEXTID="111807149" UPDATEDATE="2025-09-30" STARTDATE="2018-12-18" ENDDATE="2025-09-30" ISACTUAL="0" ISACTIVE="0" /><APARTMENT ID="111807150" OBJECTID="38903049" OBJECTGUID="2ee75354-6244-4400-b665-e17b8fee71bc" CHANGEID="689720443" NUMBER="12" APARTTYPE="2" OPERTYPEID="20" PREVID="22706824" UPDATEDATE="2025-09-30" STARTDATE="2025-09-30" ENDDATE="2079-06-06" ISACTUAL="1" ISACTIVE="1" /><APARTMENT ID="22706824" OBJECTID="38903049" OBJECTGUID="2ee75354-6244-4400-b665-e17b8fee71bc" CHANGEID="58966287" NUMBER="12" APARTTYPE="1" OPERTYPEID="10" PREVID="0" NEXTID="111807150" UPDATEDATE="2025-09-30" STARTDATE="2019-02-08" ENDDATE="2025-09-30" ISACTUAL="0" ISACTIVE="0" /><APARTMENT ID="111807148" OBJECTID="72960901" OBJECTGUID="874913c4-3199-4ba1-a33e-e3a0b41c9a6a" CHANGEID="689720426" NUMBER="71" APARTTYPE="2" OPERTYPEID="20" PREVID="43557670" UPDATEDATE="2025-09-30" STARTDATE="2025-09-30" ENDDATE="2079-06-06" ISACTUAL="1" ISACTIVE="1" /><APARTMENT ID="43557670" OBJECTID="72960901" OBJECTGUID="874913c4-3199-4ba1-a33e-e3a0b41c9a6a" CHANGEID="108643141" NUMBER="71" APARTTYPE="1" OPERTYPEID="10" PREVID="0" NEXTID="111807148" UPDATEDATE="2025-09-30" STARTDATE="2019-04-02" ENDDATE="2025-09-30" ISACTUAL="0" ISACTIVE="0" /><APARTMENT ID="111807450" OBJECTID="174954816" OBJECTGUID="0d805c0f-b3b6-4c74-9411-a08153d2b670" CHANGEID="689722619" NUMBER="2" APARTTYPE="2" OPERTYPEID="10" PREVID="0" NEXTID="0" UPDATEDATE="2025-09-30" STARTDATE="2025-09-30" ENDDATE="2079-06-06" ISACTUAL="1" ISACTIVE="1" /><APARTMENT ID="111807449" OBJECTID="174954813" OBJECTGUID="d0352d35-2621-4313-8d98-f813a0a862c9" CHANGEID="689722616" NUMBER="3" APARTTYPE="2" OPERTYPEID="10" PREVID="0" NEXTID="0" UPDATEDATE="2025-09-30" STARTDATE="2025-09-30" ENDDATE="2079-06-06" ISACTUAL="1" ISACTIVE="1" /><APARTMENT ID="111807451" OBJECTID="174954819" OBJECTGUID="67d45655-308f-417d-b82a-80d18b6e00b2" CHANGEID="689722622" NUMBER="2" APARTTYPE="2" OPERTYPEID="10" PREVID="0" NEXTID="0" UPDATEDATE="2025-09-30" STARTDATE="2025-09-30" ENDDATE="2079-06-06" ISACTUAL="1" ISACTIVE="1" /><APARTMENT ID="111808543" OBJECTID="174958038" OBJECTGUID="4ef661c1-2484-49b9-a572-9cfd8b164b14" CHANGEID="689730107" NUMBER="1" APARTTYPE="2" OPERTYPEID="10" PREVID="0" NEXTID="0" UPDATEDATE="2025-09-30" STARTDATE="2025-09-30" ENDDATE="2079-06-06" ISACTUAL="1" ISACTIVE="1" /><APARTMENT ID="111808544" OBJECTID="174958039" OBJECTGUID="5bb5d527-f6f5-4d45-b97d-ed6526c8e0ce" CHANGEID="689730108" NUMBER="2" APARTTYPE="2" OPERTYPEID="10" PREVID="0" NEXTID="0" UPDATEDATE="2025-09-30" STARTDATE="2025-09-30" ENDDATE="2079-06-06" ISACTUAL="1" ISACTIVE="1" /><APARTMENT ID="111808559" OBJECTID="174958114" OBJECTGUID="4ffedf75-8539-42ec-b2c6-06a0792f9dad" CHANGEID="689730308" NUMBER="2" APARTTYPE="2" OPERTYPEID="10" PREVID="0" NEXTID="0" UPDATEDATE="2025-09-30" STARTDATE="2025-09-30" ENDDATE="2079-06-06" ISACTUAL="1" ISACTIVE="1" /><APARTMENT ID="111808560" OBJECTID="174958115" OBJECTGUID="2cd90b82-98e5-4139-857d-881c2812f20a" CHANGEID="689730309" NUMBER="1" APARTTYPE="2" OPERTYPEID="10" PREVID="0" NEXTID="0" UPDATEDATE="2025-09-30" STARTDATE="2025-09-30" ENDDATE="2079-06-06" ISACTUAL="1" ISACTIVE="1" /><APARTMENT ID="111808574" OBJECTID="174958191" OBJECTGUID="54c988fb-b72b-4970-b406-9b744502e0eb" CHANGEID="689730424" NUMBER="1" APARTTYPE="2" OPERTYPEID="10" PREVID="0" NEXTID="0" UPDATEDATE="2025-09-30" STARTDATE="2025-09-30" ENDDATE="2079-06-06" ISACTUAL="1" ISACTIVE="1" /><APARTMENT ID="111808552" OBJECTID="174958088" OBJECTGUID="22d444e4-6102-40f1-9d58-39a6c71293c2" CHANGEID="689730183" NUMBER="2" APARTTYPE="2" OPERTYPEID="10" PREVID="0" NEXTID="0" UPDATEDATE="2025-09-30" STARTDATE="2025-09-30" ENDDATE="2079-06-06" ISACTUAL="1" ISACTIVE="1" /><APARTMENT ID="111808553" OBJECTID="174958089" OBJECTGUID="cc0ea13d-c826-450e-8745-a38c766208b8" CHANGEID="689730184" NUMBER="1" APARTTYPE="2" OPERTYPEID="10" PREVID="0" NEXTID="0" UPDATEDATE="2025-09-30" STARTDATE="2025-09-30" ENDDATE="2079-06-06" ISACTUAL="1" ISACTIVE="1" /><APARTMENT ID="111808568" OBJECTID="174958152" OBJECTGUID="0c4ef4ed-8a03-4375-8270-b003fa9df2cc" CHANGEID="689730368" NUMBER="2" APARTTYPE="2" OPERTYPEID="10" PREVID="0" NEXTID="0" UPDATEDATE="2025-09-30" STARTDATE="2025-09-30" ENDDATE="2079-06-06" ISACTUAL="1" ISACTIVE="1" /><APARTMENT ID="111808569" OBJECTID="174958153" OBJECTGUID="9121f6b4-320a-4ec7-a5fd-3a090f9391eb" CHANGEID="689730369" NUMBER="1" APARTTYPE="2" OPERTYPEID="10" PREVID="0" NEXTID="0" UPDATEDATE="2025-09-30" STARTDATE="2025-09-30" ENDDATE="2079-06-06" ISACTUAL="1" ISACTIVE="1" /><APARTMENT ID="111809015" OBJECTID="174960049" OBJECTGUID="4aee4eea-d13c-4ca6-a451-ccc3d8db3949" CHANGEID="689735118" NUMBER="3" APARTTYPE="2" OPERTYPEID="10" PREVID="0" NEXTID="0" UPDATEDATE="2025-09-30" STARTDATE="2025-09-30" ENDDATE="2079-06-06" ISACTUAL="1" ISACTIVE="1" /><APARTMENT ID="111809016" OBJECTID="174960050" OBJECTGUID="08a2eae3-8107-465d-90af-9d7b0cf6474e" CHANGEID="689735119" NUMBER="2" APARTTYPE="2" OPERTYPEID="10" PREVID="0" NEXTID="0" UPDATEDATE="2025-09-30" STARTDATE="2025-09-30" ENDDATE="2079-06-06" ISACTUAL="1" ISACTIVE="1" /><APARTMENT ID="111809017" OBJECTID="174960051" OBJECTGUID="d6c76dd7-1204-4d0c-8486-7c51300c1af5" CHANGEID="689735120" NUMBER="1" APARTTYPE="2" OPERTYPEID="10" PREVID="0" NEXTID="0" UPDATEDATE="2025-09-30" STARTDATE="2025-09-30" ENDDATE="2079-06-06" ISACTUAL="1" ISACTIVE="1" /><APARTMENT ID="111809020" OBJECTID="174960076" OBJECTGUID="72120f2a-1a96-4048-8612-0ab85eba6849" CHANGEID="689735173" NUMBER="1" APARTTYPE="2" OPERTYPEID="10" PREVID="0" NEXTID="0" UPDATEDATE="2025-09-30" STARTDATE="2025-09-30" ENDDATE="2079-06-06" ISACTUAL="1" ISACTIVE="1" /><APARTMENT ID="111809021" OBJECTID="174960093" OBJECTGUID="03364b4c-bdb6-4ce6-abe1-e276a26cbd59" CHANGEID="689735201" NUMBER="2" APARTTYPE="2" OPERTYPEID="10" PREVID="0" NEXTID="0" UPDATEDATE="2025-09-30" STARTDATE="2025-09-30" ENDDATE="2079-06-06" ISACTUAL="1" ISACTIVE="1" /><APARTMENT ID="111809022" OBJECTID="174960094" OBJECTGUID="630bfa81-ee1e-40ff-83ca-f8331a76675e" CHANGEID="689735202" NUMBER="1" APARTTYPE="2" OPERTYPEID="10" PREVID="0" NEXTID="0" UPDATEDATE="2025-09-30" STARTDATE="2025-09-30" ENDDATE="2079-06-06" ISACTUAL="1" ISACTIVE="1" /><APARTMENT ID="111809026" OBJECTID="174960159" OBJECTGUID="21820995-7ce2-4095-81ed-86d9f1521be5" CHANGEID="689735284" NUMBER="2" APARTTYPE="2" OPERTYPEID="10" PREVID="0" NEXTID="0" UPDATEDATE="2025-09-30" STARTDATE="2025-09-30" ENDDATE="2079-06-06" ISACTUAL="1" ISACTIVE="1" /><APARTMENT ID="111809027" OBJECTID="174960160" OBJECTGUID="e152b532-de97-4d34-b2e3-681aca431d11" CHANGEID="689735285" NUMBER="1" APARTTYPE="2" OPERTYPEID="10" PREVID="0" NEXTID="0" UPDATEDATE="2025-09-30" STARTDATE="2025-09-30" ENDDATE="2079-06-06" ISACTUAL="1" ISACTIVE="1" /><APARTMENT ID="111809034" OBJECTID="174960210" OBJECTGUID="76e4f7c6-efbf-45bb-80e7-6c969f70ebec" CHANGEID="689735364" NUMBER="1" APARTTYPE="2" OPERTYPEID="10" PREVID="0" NEXTID="0" UPDATEDATE="2025-09-30" STARTDATE="2025-09-30" ENDDATE="2079-06-06" ISACTUAL="1" ISACTIVE="1" /><APARTMENT ID="111809030" OBJECTID="174960191" OBJECTGUID="21d178ba-9470-48db-b7c0-bfdceb5c9009" CHANGEID="689735332" NUMBER="1" APARTTYPE="2" OPERTYPEID="10" PREVID="0" NEXTID="0" UPDATEDATE="2025-09-30" STARTDATE="2025-09-30" ENDDATE="2079-06-06" ISACTUAL="1" ISACTIVE="1" /><APARTMENT ID="111809072" OBJECTID="174960283" OBJECTGUID="5724f204-0ac7-4973-8e61-90d378095c2c" CHANGEID="689735466" NUMBER="1" APARTTYPE="2" OPERTYPEID="10" PREVID="0" NEXTID="0" UPDATEDATE="2025-09-30" STARTDATE="2025-09-30" ENDDATE="2079-06-06" ISACTUAL="1" ISACTIVE="1" /><APARTMENT ID="111809075" OBJECTID="174960309" OBJECTGUID="1490273c-ba04-405c-8f5e-28e8e3546c0e" CHANGEID="689735582" NUMBER="2" APARTTYPE="2" OPERTYPEID="10" PREVID="0" NEXTID="0" UPDATEDATE="2025-09-30" STARTDATE="2025-09-30" ENDDATE="2079-06-06" ISACTUAL="1" ISACTIVE="1" /><APARTMENT ID="111809076" OBJECTID="174960310" OBJECTGUID="c8499582-aa25-4d2c-a631-f1ceefd04ddf" CHANGEID="689735583" NUMBER="1" APARTTYPE="2" OPERTYPEID="10" PREVID="0" NEXTID="0" UPDATEDATE="2025-09-30" STARTDATE="2025-09-30" ENDDATE="2079-06-06" ISACTUAL="1" ISACTIVE="1" /><APARTMENT ID="111809130" OBJECTID="174960825" OBJECTGUID="f32c38d7-6d33-43c4-8bce-e868f4fd413f" CHANGEID="689737094" NUMBER="1" APARTTYPE="2" OPERTYPEID="10" PREVID="0" NEXTID="0" UPDATEDATE="2025-09-30" STARTDATE="2025-09-30" ENDDATE="2079-06-06" ISACTUAL="1" ISACTIVE="1" /><APARTMENT ID="111809131" OBJECTID="174960902" OBJECTGUID="5ada7d10-489f-4cd9-95cc-e2ba3be6b896" CHANGEID="689737196" NUMBER="2" APARTTYPE="1" OPERTYPEID="10" PREVID="0" NEXTID="0" UPDATEDATE="2025-09-30" STARTDATE="2025-09-30" ENDDATE="2079-06-06" ISACTUAL="1" ISACTIVE="1" /><APARTMENT ID="111809132" OBJECTID="174960903" OBJECTGUID="78537eea-af56-41e3-8da8-4df8b5e53011" CHANGEID="689737197" NUMBER="2" APARTTYPE="2" OPERTYPEID="10" PREVID="0" NEXTID="0" UPDATEDATE="2025-09-30" STARTDATE="2025-09-30" ENDDATE="2079-06-06" ISACTUAL="1" ISACTIVE="1" /><APARTMENT ID="111809142" OBJECTID="174960947" OBJECTGUID="aab22984-8876-47e9-8ef7-07631a2c0ad5" CHANGEID="689737290" NUMBER="1" APARTTYPE="2" OPERTYPEID="10" PREVID="0" NEXTID="0" UPDATEDATE="2025-09-30" STARTDATE="2025-09-30" ENDDATE="2079-06-06" ISACTUAL="1" ISACTIVE="1" /><APARTMENT ID="111809143" OBJECTID="174960988" OBJECTGUID="5dd08766-e74f-48fa-b01d-2b01135f139d" CHANGEID="689737361" NUMBER="1" APARTTYPE="2" OPERTYPEID="10" PREVID="0" NEXTID="0" UPDATEDATE="2025-09-30" STARTDATE="2025-09-30" ENDDATE="2079-06-06" ISACTUAL="1" ISACTIVE="1" /><APARTMENT ID="111809123" OBJECTID="174960761" OBJECTGUID="96715a23-3599-48c1-b434-135e6368fa5b" CHANGEID="689736965" NUMBER="2" APARTTYPE="2" OPERTYPEID="10" PREVID="0" NEXTID="0" UPDATEDATE="2025-09-30" STARTDATE="2025-09-30" ENDDATE="2079-06-06" ISACTUAL="1" ISACTIVE="1" /><APARTMENT ID="111809124" OBJECTID="174960762" OBJECTGUID="8395a23e-2cb4-43fa-96af-f200e4c30929" CHANGEID="689736966" NUMBER="1" APARTTYPE="2" OPERTYPEID="10" PREVID="0" NEXTID="0" UPDATEDATE="2025-09-30" STARTDATE="2025-09-30" ENDDATE="2079-06-06" ISACTUAL="1" ISACTIVE="1" /><APARTMENT ID="111809136" OBJECTID="174960928" OBJECTGUID="5412b614-f190-4e19-98f1-9a1c06d36ae0" CHANGEID="689737257" NUMBER="2" APARTTYPE="2" OPERTYPEID="10" PREVID="0" NEXTID="0" UPDATEDATE="2025-09-30" STARTDATE="2025-09-30" ENDDATE="2079-06-06" ISACTUAL="1" ISACTIVE="1" /><APARTMENT ID="111809137" OBJECTID="174960929" OBJECTGUID="17cf1692-8e5c-4151-a61b-69932d5b40a5" CHANGEID="689737258" NUMBER="1" APARTTYPE="2" OPERTYPEID="10" PREVID="0" NEXTID="0" UPDATEDATE="2025-09-30" STARTDATE="2025-09-30" ENDDATE="2079-06-06" ISACTUAL="1" ISACTIVE="1" /><APARTMENT ID="111809506" OBJECTID="174963210" OBJECTGUID="6a23b61e-2281-4fd9-a475-9c8aaeffb481" CHANGEID="689742163" NUMBER="1" APARTTYPE="2" OPERTYPEID="10" PREVID="0" NEXTID="0" UPDATEDATE="2025-09-30" STARTDATE="2025-09-30" ENDDATE="2079-06-06" ISACTUAL="1" ISACTIVE="1" /><APARTMENT ID="111809522" OBJECTID="174963267" OBJECTGUID="ddced2e5-9f42-4394-8cce-ce4776dcbf81" CHANGEID="689742226" NUMBER="3" APARTTYPE="1" OPERTYPEID="10" PREVID="0" NEXTID="0" UPDATEDATE="2025-09-30" STARTDATE="2025-09-30" ENDDATE="2079-06-06" ISACTUAL="1" ISACTIVE="1" /><APARTMENT ID="111809507" OBJECTID="174963213" OBJECTGUID="da21ba41-249d-41da-96cc-7aa295deb0ba" CHANGEID="689742166" NUMBER="1" APARTTYPE="2" OPERTYPEID="10" PREVID="0" NEXTID="0" UPDATEDATE="2025-09-30" STARTDATE="2025-09-30" ENDDATE="2079-06-06" ISACTUAL="1" ISACTIVE="1" /><APARTMENT ID="111809508" OBJECTID="174963229" OBJECTGUID="0706b230-6fab-4d15-b8f2-07656cebce65" CHANGEID="689742186" NUMBER="4" APARTTYPE="2" OPERTYPEID="10" PREVID="0" NEXTID="0" UPDATEDATE="2025-09-30" STARTDATE="2025-09-30" ENDDATE="2079-06-06" ISACTUAL="1" ISACTIVE="1" /><APARTMENT ID="111809509" OBJECTID="174963230" OBJECTGUID="eb645ec7-5a7a-4b74-84ce-ee0db77e179d" CHANGEID="689742187" NUMBER="3" APARTTYPE="2" OPERTYPEID="10" PREVID="0" NEXTID="0" UPDATEDATE="2025-09-30" STARTDATE="2025-09-30" ENDDATE="2079-06-06" ISACTUAL="1" ISACTIVE="1" /><APARTMENT ID="111809510" OBJECTID="174963231" OBJECTGUID="f6ab5565-1dff-4adf-bd21-3f0094ce3dc7" CHANGEID="689742188" NUMBER="2" APARTTYPE="2" OPERTYPEID="10" PREVID="0" NEXTID="0" UPDATEDATE="2025-09-30" STARTDATE="2025-09-30" ENDDATE="2079-06-06" ISACTUAL="1" ISACTIVE="1" /><APARTMENT ID="111809511" OBJECTID="174963237" OBJECTGUID="8a381d7c-e36c-44a7-a59d-96002cfa9578" CHANGEID="689742196" NUMBER="2" APARTTYPE="2" OPERTYPEID="10" PREVID="0" NEXTID="0" UPDATEDATE="2025-09-30" STARTDATE="2025-09-30" ENDDATE="2079-06-06" ISACTUAL="1" ISACTIVE="1" /><APARTMENT ID="111809512" OBJECTID="174963238" OBJECTGUID="ec1295d5-e284-4340-8b9b-6c826ec8495d" CHANGEID="689742197" NUMBER="1" APARTTYPE="2" OPERTYPEID="10" PREVID="0" NEXTID="0" UPDATEDATE="2025-09-30" STARTDATE="2025-09-30" ENDDATE="2079-06-06" ISACTUAL="1" ISACTIVE="1" /><APARTMENT ID="111809513" OBJECTID="174963242" OBJECTGUID="1edd753f-edb0-4dee-8b07-7f7d39f00a8e" CHANGEID="689742201" NUMBER="2" APARTTYPE="2" OPERTYPEID="10" PREVID="0" NEXTID="0" UPDATEDATE="2025-09-30" STARTDATE="2025-09-30" ENDDATE="2079-06-06" ISACTUAL="1" ISACTIVE="1" /><APARTMENT ID="111809514" OBJECTID="174963243" OBJECTGUID="9f6d34db-7a04-4404-94aa-5744db0da35e" CHANGEID="689742202" NUMBER="1" APARTTYPE="2" OPERTYPEID="10" PREVID="0" NEXTID="0" UPDATEDATE="2025-09-30" STARTDATE="2025-09-30" ENDDATE="2079-06-06" ISACTUAL="1" ISACTIVE="1" /><APARTMENT ID="111809515" OBJECTID="174963249" OBJECTGUID="22452833-305b-45f9-a9d0-ccbcd082b009" CHANGEID="689742208" NUMBER="4" APARTTYPE="2" OPERTYPEID="10" PREVID="0" NEXTID="0" UPDATEDATE="2025-09-30" STARTDATE="2025-09-30" ENDDATE="2079-06-06" ISACTUAL="1" ISACTIVE="1" /><APARTMENT ID="111809516" OBJECTID="174963250" OBJECTGUID="bf92dce7-7a74-4050-b2a2-880c43cc700f" CHANGEID="689742209" NUMBER="3" APARTTYPE="2" OPERTYPEID="10" PREVID="0" NEXTID="0" UPDATEDATE="2025-09-30" STARTDATE="2025-09-30" ENDDATE="2079-06-06" ISACTUAL="1" ISACTIVE="1" /><APARTMENT ID="111809517" OBJECTID="174963251" OBJECTGUID="bf18b82c-129d-4fea-bf57-8bdaab2ba94b" CHANGEID="689742210" NUMBER="2" APARTTYPE="2" OPERTYPEID="10" PREVID="0" NEXTID="0" UPDATEDATE="2025-09-30" STARTDATE="2025-09-30" ENDDATE="2079-06-06" ISACTUAL="1" ISACTIVE="1" /><APARTMENT ID="111809518" OBJECTID="174963252" OBJECTGUID="6fb3a359-0b7e-4f1a-82ee-6415bf5ff1db" CHANGEID="689742211" NUMBER="1" APARTTYPE="2" OPERTYPEID="10" PREVID="0" NEXTID="0" UPDATEDATE="2025-09-30" STARTDATE="2025-09-30" ENDDATE="2079-06-06" ISACTUAL="1" ISACTIVE="1" /><APARTMENT ID="111809519" OBJECTID="174963254" OBJECTGUID="cdc37641-92ab-4835-950a-be7345d2d334" CHANGEID="689742213" NUMBER="4" APARTTYPE="2" OPERTYPEID="10" PREVID="0" NEXTID="0" UPDATEDATE="2025-09-30" STARTDATE="2025-09-30" ENDDATE="2079-06-06" ISACTUAL="1" ISACTIVE="1" /><APARTMENT ID="111809520" OBJECTID="174963258" OBJECTGUID="9c9b01ad-1279-4c3e-9258-3389b429297b" CHANGEID="689742217" NUMBER="2" APARTTYPE="2" OPERTYPEID="10" PREVID="0" NEXTID="0" UPDATEDATE="2025-09-30" STARTDATE="2025-09-30" ENDDATE="2079-06-06" ISACTUAL="1" ISACTIVE="1" /><APARTMENT ID="111809521" OBJECTID="174963262" OBJECTGUID="fa7735e3-1aeb-4e8b-a6a4-a68c008282b6" CHANGEID="689742221" NUMBER="2" APARTTYPE="2" OPERTYPEID="10" PREVID="0" NEXTID="0" UPDATEDATE="2025-09-30" STARTDATE="2025-09-30" ENDDATE="2079-06-06" ISACTUAL="1" ISACTIVE="1" /><APARTMENT ID="111813123" OBJECTID="174975650" OBJECTGUID="60848dd5-9934-43a6-8134-7d0f89452e45" CHANGEID="689788702" NUMBER="2" APARTTYPE="1" OPERTYPEID="10" PREVID="0" NEXTID="0" UPDATEDATE="2025-10-01" STARTDATE="2025-10-01" ENDDATE="2079-06-06" ISACTUAL="1" ISACTIVE="1" /><APARTMENT ID="111814663" OBJECTID="48140990" OBJECTGUID="daf4c1f4-4bfb-4c70-833d-fbce2aea063c" CHANGEID="689798127" NUMBER="1" APARTTYPE="2" OPERTYPEID="20" PREVID="28452534" UPDATEDATE="2025-10-01" STARTDATE="2025-10-01" ENDDATE="2079-06-06" ISACTUAL="1" ISACTIVE="1" /><APARTMENT ID="28452534" OBJECTID="48140990" OBJECTGUID="daf4c1f4-4bfb-4c70-833d-fbce2aea063c" CHANGEID="72353636" NUMBER="1,2" APARTTYPE="2" OPERTYPEID="10" PREVID="0" NEXTID="111814663" UPDATEDATE="2025-10-01" STARTDATE="2017-03-30" ENDDATE="2025-10-01" ISACTUAL="0" ISACTIVE="0" /><APARTMENT ID="111814665" OBJECTID="174980936" OBJECTGUID="43f46e95-23cb-4963-bbd7-100758c147a4" CHANGEID="689798129" NUMBER="2" APARTTYPE="1" OPERTYPEID="10" PREVID="0" NEXTID="0" UPDATEDATE="2025-10-01" STARTDATE="2025-10-01" ENDDATE="2079-06-06" ISACTUAL="1" ISACTIVE="1" /><APARTMENT ID="111814664" OBJECTID="174980935" OBJECTGUID="2f8e98c2-52c0-4503-bd7d-74d968546ca4" CHANGEID="689798128" NUMBER="2" APARTTYPE="2" OPERTYPEID="10" PREVID="0" NEXTID="0" UPDATEDATE="2025-10-01" STARTDATE="2025-10-01" ENDDATE="2079-06-06" ISACTUAL="1" ISACTIVE="1" /><APARTMENT ID="111814666" OBJECTID="174980955" OBJECTGUID="e10b50a3-bb45-497c-9af2-96f9e879f0d4" CHANGEID="689798509" NUMBER="3" APARTTYPE="2" OPERTYPEID="10" PREVID="0" NEXTID="0" UPDATEDATE="2025-10-01" STARTDATE="2025-10-01" ENDDATE="2079-06-06" ISACTUAL="1" ISACTIVE="1" /><APARTMENT ID="111814667" OBJECTID="174980956" OBJECTGUID="a6ae3c67-d7b6-46f4-9841-e9be4d9f1c43" CHANGEID="689798510" NUMBER="2" APARTTYPE="2" OPERTYPEID="10" PREVID="0" NEXTID="0" UPDATEDATE="2025-10-01" STARTDATE="2025-10-01" ENDDATE="2079-06-06" ISACTUAL="1" ISACTIVE="1" /><APARTMENT ID="111814668" OBJECTID="174980957" OBJECTGUID="dfac7173-f333-4bfe-8498-65955d01ebe2" CHANGEID="689798511" NUMBER="1" APARTTYPE="2" OPERTYPEID="10" PREVID="0" NEXTID="0" UPDATEDATE="2025-10-01" STARTDATE="2025-10-01" ENDDATE="2079-06-06" ISACTUAL="1" ISACTIVE="1" /><APARTMENT ID="111816257" OBJECTID="174984544" OBJECTGUID="033edd44-bebd-44fa-b0fd-ac490d5beab2" CHANGEID="689806229" NUMBER="3" APARTTYPE="2" OPERTYPEID="10" PREVID="0" NEXTID="0" UPDATEDATE="2025-10-01" STARTDATE="2025-10-01" ENDDATE="2079-06-06" ISACTUAL="1" ISACTIVE="1" /><APARTMENT ID="111816258" OBJECTID="174984545" OBJECTGUID="24d58833-375c-4e71-862b-57c511060428" CHANGEID="689806231" NUMBER="1" APARTTYPE="2" OPERTYPEID="10" PREVID="0" NEXTID="0" UPDATEDATE="2025-10-01" STARTDATE="2025-10-01" ENDDATE="2079-06-06" ISACTUAL="1" ISACTIVE="1" /><APARTMENT ID="111816259" OBJECTID="174984546" OBJECTGUID="b3a0199a-c8d2-4aa3-8696-2f28a9445fef" CHANGEID="689806232" NUMBER="1" APARTTYPE="2" OPERTYPEID="10" PREVID="0" NEXTID="0" UPDATEDATE="2025-10-01" STARTDATE="2025-10-01" ENDDATE="2079-06-06" ISACTUAL="1" ISACTIVE="1" /><APARTMENT ID="111816260" OBJECTID="174984547" OBJECTGUID="113754f3-5237-47a5-a5ea-0701d63cd9e2" CHANGEID="689806233" NUMBER="2" APARTTYPE="2" OPERTYPEID="10" PREVID="0" NEXTID="0" UPDATEDATE="2025-10-01" STARTDATE="2025-10-01" ENDDATE="2079-06-06" ISACTUAL="1" ISACTIVE="1" /><APARTMENT ID="111816261" OBJECTID="174984548" OBJECTGUID="6e3d6894-c0d7-4216-a44a-dbbdb7570147" CHANGEID="689806234" NUMBER="1" APARTTYPE="2" OPERTYPEID="10" PREVID="0" NEXTID="0" UPDATEDATE="2025-10-01" STARTDATE="2025-10-01" ENDDATE="2079-06-06" ISACTUAL="1" ISACTIVE="1" /><APARTMENT ID="111816280" OBJECTID="174984723" OBJECTGUID="7bb7fcfe-36ae-4d2a-a5b9-6482687ca8fd" CHANGEID="689806629" NUMBER="5" APARTTYPE="2" OPERTYPEID="10" PREVID="0" NEXTID="0" UPDATEDATE="2025-10-01" STARTDATE="2025-10-01" ENDDATE="2079-06-06" ISACTUAL="1" ISACTIVE="1" /><APARTMENT ID="111816283" OBJECTID="174984729" OBJECTGUID="4fe14ba7-f098-46f6-a74c-eec684892265" CHANGEID="689806643" NUMBER="2" APARTTYPE="2" OPERTYPEID="10" PREVID="0" NEXTID="0" UPDATEDATE="2025-10-01" STARTDATE="2025-10-01" ENDDATE="2079-06-06" ISACTUAL="1" ISACTIVE="1" /><APARTMENT ID="111816284" OBJECTID="174984733" OBJECTGUID="78a3432b-2145-4db1-8658-15a5b6288aca" CHANGEID="689806649" NUMBER="1" APARTTYPE="2" OPERTYPEID="10" PREVID="0" NEXTID="0" UPDATEDATE="2025-10-01" STARTDATE="2025-10-01" ENDDATE="2079-06-06" ISACTUAL="1" ISACTIVE="1" /><APARTMENT ID="111816286" OBJECTID="174984755" OBJECTGUID="6d82827e-a538-486e-8e1b-51d76181c112" CHANGEID="689806680" NUMBER="1" APARTTYPE="2" OPERTYPEID="10" PREVID="0" NEXTID="0" UPDATEDATE="2025-10-01" STARTDATE="2025-10-01" ENDDATE="2079-06-06" ISACTUAL="1" ISACTIVE="1" /><APARTMENT ID="111816299" OBJECTID="174984848" OBJECTGUID="02d4d01d-b40c-43a9-b6e2-e298a26d30c2" CHANGEID="689806876" NUMBER="2" APARTTYPE="2" OPERTYPEID="10" PREVID="0" NEXTID="0" UPDATEDATE="2025-10-01" STARTDATE="2025-10-01" ENDDATE="2079-06-06" ISACTUAL="1" ISACTIVE="1" /><APARTMENT ID="111816300" OBJECTID="174984849" OBJECTGUID="fcde989e-0597-4e3e-b01d-5f034d20de18" CHANGEID="689806877" NUMBER="1" APARTTYPE="2" OPERTYPEID="10" PREVID="0" NEXTID="0" UPDATEDATE="2025-10-01" STARTDATE="2025-10-01" ENDDATE="2079-06-06" ISACTUAL="1" ISACTIVE="1" /><APARTMENT ID="111816301" OBJECTID="174984864" OBJECTGUID="90d11b56-bee5-4858-a861-a7186f25efda" CHANGEID="689806908" NUMBER="1" APARTTYPE="2" OPERTYPEID="10" PREVID="0" NEXTID="0" UPDATEDATE="2025-10-01" STARTDATE="2025-10-01" ENDDATE="2079-06-06" ISACTUAL="1" ISACTIVE="1" /><APARTMENT ID="111816306" OBJECTID="174984904" OBJECTGUID="1b7e2b90-845a-4c97-9c6b-237521731f8f" CHANGEID="689806978" NUMBER="4" APARTTYPE="2" OPERTYPEID="10" PREVID="0" NEXTID="0" UPDATEDATE="2025-10-01" STARTDATE="2025-10-01" ENDDATE="2079-06-06" ISACTUAL="1" ISACTIVE="1" /><APARTMENT ID="111816318" OBJECTID="174984980" OBJECTGUID="3b6c2d9e-b1b4-466e-b807-7f4de25d335f" CHANGEID="689807134" NUMBER="2" APARTTYPE="2" OPERTYPEID="10" PREVID="0" NEXTID="0" UPDATEDATE="2025-10-01" STARTDATE="2025-10-01" ENDDATE="2079-06-06" ISACTUAL="1" ISACTIVE="1" /><APARTMENT ID="111816279" OBJECTID="174984717" OBJECTGUID="498c4789-52fb-417a-984c-66a12b12baad" CHANGEID="689806620" NUMBER="1" APARTTYPE="2" OPERTYPEID="10" PREVID="0" NEXTID="0" UPDATEDATE="2025-10-01" STARTDATE="2025-10-01" ENDDATE="2079-06-06" ISACTUAL="1" ISACTIVE="1" /><APARTMENT ID="111816287" OBJECTID="174984758" OBJECTGUID="a287025e-19d6-44f3-b6b2-f7dce21db588" CHANGEID="689806683" NUMBER="1" APARTTYPE="2" OPERTYPEID="10" PREVID="0" NEXTID="0" UPDATEDATE="2025-10-01" STARTDATE="2025-10-01" ENDDATE="2079-06-06" ISACTUAL="1" ISACTIVE="1" /><APARTMENT ID="111816289" OBJECTID="174984764" OBJECTGUID="216cfe94-2f42-44e3-9074-faee15b8d4d6" CHANGEID="689806703" NUMBER="1" APARTTYPE="2" OPERTYPEID="10" PREVID="0" NEXTID="0" UPDATEDATE="2025-10-01" STARTDATE="2025-10-01" ENDDATE="2079-06-06" ISACTUAL="1" ISACTIVE="1" /><APARTMENT ID="111816291" OBJECTID="174984771" OBJECTGUID="89cef9b1-4345-4559-86bc-4c057e6b257a" CHANGEID="689806746" NUMBER="3" APARTTYPE="2" OPERTYPEID="10" PREVID="0" NEXTID="0" UPDATEDATE="2025-10-01" STARTDATE="2025-10-01" ENDDATE="2079-06-06" ISACTUAL="1" ISACTIVE="1" /><APARTMENT ID="111816294" OBJECTID="174984788" OBJECTGUID="db1a46f4-6aa7-4bf6-86db-26d0a44a82a3" CHANGEID="689806785" NUMBER="2" APARTTYPE="2" OPERTYPEID="10" PREVID="0" NEXTID="0" UPDATEDATE="2025-10-01" STARTDATE="2025-10-01" ENDDATE="2079-06-06" ISACTUAL="1" ISACTIVE="1" /><APARTMENT ID="111816295" OBJECTID="174984789" OBJECTGUID="7d6abc0f-53ad-406e-bd6a-fa6fd72f0155" CHANGEID="689806786" NUMBER="3" APARTTYPE="2" OPERTYPEID="10" PREVID="0" NEXTID="0" UPDATEDATE="2025-10-01" STARTDATE="2025-10-01" ENDDATE="2079-06-06" ISACTUAL="1" ISACTIVE="1" /><APARTMENT ID="111816296" OBJECTID="174984790" OBJECTGUID="b6efabc8-4aab-4e42-98e8-ff8b702d32ef" CHANGEID="689806787" NUMBER="1" APARTTYPE="2" OPERTYPEID="10" PREVID="0" NEXTID="0" UPDATEDATE="2025-10-01" STARTDATE="2025-10-01" ENDDATE="2079-06-06" ISACTUAL="1" ISACTIVE="1" /><APARTMENT ID="111816308" OBJECTID="174984914" OBJECTGUID="f9367eb4-62d0-41e5-a920-f0b1c047fb57" CHANGEID="689807017" NUMBER="1" APARTTYPE="2" OPERTYPEID="10" PREVID="0" NEXTID="0" UPDATEDATE="2025-10-01" STARTDATE="2025-10-01" ENDDATE="2079-06-06" ISACTUAL="1" ISACTIVE="1" /><APARTMENT ID="111816311" OBJECTID="174984927" OBJECTGUID="4ffb3ef7-a813-48ba-98eb-60a2ba6be6de" CHANGEID="689807046" NUMBER="1" APARTTYPE="2" OPERTYPEID="10" PREVID="0" NEXTID="0" UPDATEDATE="2025-10-01" STARTDATE="2025-10-01" ENDDATE="2079-06-06" ISACTUAL="1" ISACTIVE="1" /><APARTMENT ID="111816313" OBJECTID="174984973" OBJECTGUID="8b1bfd43-0ef2-4828-98be-ce2f7bc4c670" CHANGEID="689807105" NUMBER="3" APARTTYPE="2" OPERTYPEID="10" PREVID="0" NEXTID="0" UPDATEDATE="2025-10-01" STARTDATE="2025-10-01" ENDDATE="2079-06-06" ISACTUAL="1" ISACTIVE="1" /><APARTMENT ID="111816368" OBJECTID="174985453" OBJECTGUID="e5268a6e-b0c4-46ea-869c-1e0a70db5921" CHANGEID="689808351" NUMBER="1" APARTTYPE="2" OPERTYPEID="10" PREVID="0" NEXTID="0" UPDATEDATE="2025-10-01" STARTDATE="2025-10-01" ENDDATE="2079-06-06" ISACTUAL="1" ISACTIVE="1" /><APARTMENT ID="111817457" OBJECTID="174988483" OBJECTGUID="66fff2b8-7341-4c76-b204-33153db277f4" CHANGEID="689813305" NUMBER="11" APARTTYPE="2" OPERTYPEID="10" PREVID="0" NEXTID="0" UPDATEDATE="2025-10-01" STARTDATE="2025-10-01" ENDDATE="2079-06-06" ISACTUAL="1" ISACTIVE="1" /><APARTMENT ID="111817510" OBJECTID="174988535" OBJECTGUID="beef0334-0a09-4c89-b3af-93fcc6830418" CHANGEID="689813359" NUMBER="1" APARTTYPE="2" OPERTYPEID="10" PREVID="0" NEXTID="0" UPDATEDATE="2025-10-01" STARTDATE="2025-10-01" ENDDATE="2079-06-06" ISACTUAL="1" ISACTIVE="1" /><APARTMENT ID="111817512" OBJECTID="174988537" OBJECTGUID="cdaedfa8-75e3-4a6f-b885-a0156c8ecf4d" CHANGEID="689813363" NUMBER="5" APARTTYPE="2" OPERTYPEID="10" PREVID="0" NEXTID="0" UPDATEDATE="2025-10-01" STARTDATE="2025-10-01" ENDDATE="2079-06-06" ISACTUAL="1" ISACTIVE="1" /><APARTMENT ID="111817514" OBJECTID="174988545" OBJECTGUID="96574ee2-580f-44d6-8cb0-06ac6f89b180" CHANGEID="689813374" NUMBER="1" APARTTYPE="2" OPERTYPEID="10" PREVID="0" NEXTID="0" UPDATEDATE="2025-10-01" STARTDATE="2025-10-01" ENDDATE="2079-06-06" ISACTUAL="1" ISACTIVE="1" /><APARTMENT ID="111817515" OBJECTID="174988548" OBJECTGUID="9991ee23-d83d-4717-b739-6c4b13331a1c" CHANGEID="689813382" NUMBER="1" APARTTYPE="2" OPERTYPEID="10" PREVID="0" NEXTID="0" UPDATEDATE="2025-10-01" STARTDATE="2025-10-01" ENDDATE="2079-06-06" ISACTUAL="1" ISACTIVE="1" /><APARTMENT ID="111817516" OBJECTID="174988549" OBJECTGUID="c9a6a4e8-8af7-46de-bd0d-c4af6c47f37c" CHANGEID="689813383" NUMBER="2" APARTTYPE="2" OPERTYPEID="10" PREVID="0" NEXTID="0" UPDATEDATE="2025-10-01" STARTDATE="2025-10-01" ENDDATE="2079-06-06" ISACTUAL="1" ISACTIVE="1" /><APARTMENT ID="111817517" OBJECTID="174988565" OBJECTGUID="26d88d9a-f04b-4033-a03a-01a307a1df09" CHANGEID="689813400" NUMBER="1" APARTTYPE="2" OPERTYPEID="10" PREVID="0" NEXTID="0" UPDATEDATE="2025-10-01" STARTDATE="2025-10-01" ENDDATE="2079-06-06" ISACTUAL="1" ISACTIVE="1" /><APARTMENT ID="111817511" OBJECTID="174988536" OBJECTGUID="206aa47a-1b2b-46bd-99bd-02a1874491c7" CHANGEID="689813360" NUMBER="2" APARTTYPE="2" OPERTYPEID="10" PREVID="0" NEXTID="0" UPDATEDATE="2025-10-01" STARTDATE="2025-10-01" ENDDATE="2079-06-06" ISACTUAL="1" ISACTIVE="1" /><APARTMENT ID="111817513" OBJECTID="174988542" OBJECTGUID="e8673ac6-36e1-4398-ac4d-dedf657ee1a9" CHANGEID="689813369" NUMBER="1" APARTTYPE="2" OPERTYPEID="10" PREVID="0" NEXTID="0" UPDATEDATE="2025-10-01" STARTDATE="2025-10-01" ENDDATE="2079-06-06" ISACTUAL="1" ISACTIVE="1" /><APARTMENT ID="111817518" OBJECTID="174988566" OBJECTGUID="59334d73-ff2a-41fb-a9f7-bbf2ea87ccaf" CHANGEID="689813401" NUMBER="2" APARTTYPE="2" OPERTYPEID="10" PREVID="0" NEXTID="0" UPDATEDATE="2025-10-01" STARTDATE="2025-10-01" ENDDATE="2079-06-06" ISACTUAL="1" ISACTIVE="1" /><APARTMENT ID="111818010" OBJECTID="174989501" OBJECTGUID="3189d40f-2fae-4a31-ada1-c85f50f93a13" CHANGEID="689814920" NUMBER="7" APARTTYPE="2" OPERTYPEID="10" PREVID="0" NEXTID="0" UPDATEDATE="2025-10-01" STARTDATE="2025-10-01" ENDDATE="2079-06-06" ISACTUAL="1" ISACTIVE="1" /><APARTMENT ID="111818211" OBJECTID="174990203" OBJECTGUID="e6040455-a46e-42bf-a2a3-2611f88de97d" CHANGEID="689816754" NUMBER="1" APARTTYPE="2" OPERTYPEID="10" PREVID="0" NEXTID="0" UPDATEDATE="2025-10-01" STARTDATE="2025-10-01" ENDDATE="2079-06-06" ISACTUAL="1" ISACTIVE="1" /><APARTMENT ID="111818213" OBJECTID="174990211" OBJECTGUID="9a57a3f3-07cd-4a85-918c-bce5b0615eb4" CHANGEID="689816762" NUMBER="4" APARTTYPE="2" OPERTYPEID="10" PREVID="0" NEXTID="0" UPDATEDATE="2025-10-01" STARTDATE="2025-10-01" ENDDATE="2079-06-06" ISACTUAL="1" ISACTIVE="1" /><APARTMENT ID="111818214" OBJECTID="174990212" OBJECTGUID="3084c860-16a8-485e-b505-1110ad82b785" CHANGEID="689816763" NUMBER="12" APARTTYPE="2" OPERTYPEID="10" PREVID="0" NEXTID="0" UPDATEDATE="2025-10-01" STARTDATE="2025-10-01" ENDDATE="2079-06-06" ISACTUAL="1" ISACTIVE="1" /><APARTMENT ID="111818215" OBJECTID="174990213" OBJECTGUID="72668c04-582f-440c-8c38-61e5f3419235" CHANGEID="689816764" NUMBER="8" APARTTYPE="2" OPERTYPEID="10" PREVID="0" NEXTID="0" UPDATEDATE="2025-10-01" STARTDATE="2025-10-01" ENDDATE="2079-06-06" ISACTUAL="1" ISACTIVE="1" /><APARTMENT ID="111818216" OBJECTID="174990214" OBJECTGUID="702a0a31-6ca2-49d0-a3ff-a5c87db89ab7" CHANGEID="689816765" NUMBER="7" APARTTYPE="2" OPERTYPEID="10" PREVID="0" NEXTID="0" UPDATEDATE="2025-10-01" STARTDATE="2025-10-01" ENDDATE="2079-06-06" ISACTUAL="1" ISACTIVE="1" /><APARTMENT ID="111818217" OBJECTID="174990215" OBJECTGUID="5f045587-54b5-484b-b1bf-2e2bb966e4e7" CHANGEID="689816766" NUMBER="10" APARTTYPE="2" OPERTYPEID="10" PREVID="0" NEXTID="0" UPDATEDATE="2025-10-01" STARTDATE="2025-10-01" ENDDATE="2079-06-06" ISACTUAL="1" ISACTIVE="1" /><APARTMENT ID="111818218" OBJECTID="174990216" OBJECTGUID="44395b58-c5d5-40f9-9867-3bab3442614a" CHANGEID="689816767" NUMBER="6" APARTTYPE="2" OPERTYPEID="10" PREVID="0" NEXTID="0" UPDATEDATE="2025-10-01" STARTDATE="2025-10-01" ENDDATE="2079-06-06" ISACTUAL="1" ISACTIVE="1" /><APARTMENT ID="111818219" OBJECTID="174990217" OBJECTGUID="4f7278f8-a816-4095-96b6-98fb2c560dcc" CHANGEID="689816768" NUMBER="11" APARTTYPE="2" OPERTYPEID="10" PREVID="0" NEXTID="0" UPDATEDATE="2025-10-01" STARTDATE="2025-10-01" ENDDATE="2079-06-06" ISACTUAL="1" ISACTIVE="1" /><APARTMENT ID="111818221" OBJECTID="174990235" OBJECTGUID="3d40c69c-7c78-4c8a-82bb-40044ca8764c" CHANGEID="689816789" NUMBER="3" APARTTYPE="2" OPERTYPEID="10" PREVID="0" NEXTID="0" UPDATEDATE="2025-10-01" STARTDATE="2025-10-01" ENDDATE="2079-06-06" ISACTUAL="1" ISACTIVE="1" /><APARTMENT ID="111818222" OBJECTID="174990236" OBJECTGUID="fe2bd70e-5a5d-488a-a85f-3300a69c9644" CHANGEID="689816790" NUMBER="2" APARTTYPE="2" OPERTYPEID="10" PREVID="0" NEXTID="0" UPDATEDATE="2025-10-01" STARTDATE="2025-10-01" ENDDATE="2079-06-06" ISACTUAL="1" ISACTIVE="1" /><APARTMENT ID="111818223" OBJECTID="174990237" OBJECTGUID="7189c356-4402-4e8e-ae32-418737a953ac" CHANGEID="689816791" NUMBER="1" APARTTYPE="2" OPERTYPEID="10" PREVID="0" NEXTID="0" UPDATEDATE="2025-10-01" STARTDATE="2025-10-01" ENDDATE="2079-06-06" ISACTUAL="1" ISACTIVE="1" /><APARTMENT ID="111818769" OBJECTID="174991799" OBJECTGUID="9faf527f-f3df-4e29-82f6-d4fb0fce0380" CHANGEID="689819723" NUMBER="14" APARTTYPE="2" OPERTYPEID="10" PREVID="0" NEXTID="0" UPDATEDATE="2025-10-01" STARTDATE="2025-10-01" ENDDATE="2079-06-06" ISACTUAL="1" ISACTIVE="1" /><APARTMENT ID="111818767" OBJECTID="174991795" OBJECTGUID="129734e5-71b5-4a6f-a648-e6203ccf200d" CHANGEID="689819718" NUMBER="13" APARTTYPE="2" OPERTYPEID="10" PREVID="0" NEXTID="0" UPDATEDATE="2025-10-01" STARTDATE="2025-10-01" ENDDATE="2079-06-06" ISACTUAL="1" ISACTIVE="1" /><APARTMENT ID="111818768" OBJECTID="174991797" OBJECTGUID="a267faff-a20f-47e9-9508-5a9706bd1a43" CHANGEID="689819720" NUMBER="9" APARTTYPE="2" OPERTYPEID="10" PREVID="0" NEXTID="0" UPDATEDATE="2025-10-01" STARTDATE="2025-10-01" ENDDATE="2079-06-06" ISACTUAL="1" ISACTIVE="1" /></APARTMENTS>