﻿<?xml version="1.0" encoding="utf-8"?><REESTR_OBJECTS><OBJECT OBJECTID="32850374" OBJECTGUID="d24bc8da-7b9e-4f07-855a-1e0cab479363" CHANGEID="689794769" ISACTIVE="1" LEVELID="10" CREATEDATE="2019-07-14" UPDATEDATE="2025-10-01" /><OBJECT OBJECTID="31525169" OBJECTGUID="90c15a1e-f3c3-44cc-850f-fd9d86aa734b" CHANGEID="689798092" ISACTIVE="1" LEVELID="11" CREATEDATE="2017-04-27" UPDATEDATE="2025-10-01" /><OBJECT OBJECTID="12954116" OBJECTGUID="28e21e9f-b7d2-4ec0-afc5-16f32c07226a" CHANGEID="689645410" ISACTIVE="0" LEVELID="11" CREATEDATE="2017-09-29" UPDATEDATE="2025-09-29" /><OBJECT OBJECTID="127390" OBJECTGUID="78131bd3-ca0e-4b5b-9ad0-5dee0d6c0cac" CHANGEID="689790938" ISACTIVE="1" LEVELID="7" CREATEDATE="2015-12-14" UPDATEDATE="2025-10-01" /><OBJECT OBJECTID="34548435" OBJECTGUID="83b4d1ff-ad4a-4e16-84fe-b07579a0e1ac" CHANGEID="689812878" ISACTIVE="1" LEVELID="11" CREATEDATE="2019-07-19" UPDATEDATE="2025-10-01" /><OBJECT OBJECTID="79855587" OBJECTGUID="cba5ae56-aa78-44fc-aa85-e36c6edbed1d" CHANGEID="689692586" ISACTIVE="1" LEVELID="10" CREATEDATE="2019-07-14" UPDATEDATE="2025-09-29" /><OBJECT OBJECTID="31988484" OBJECTGUID="d4b6126d-9ad9-4e02-b718-bc1f8f8ce52b" CHANGEID="689709436" ISACTIVE="1" LEVELID="11" CREATEDATE="2017-08-24" UPDATEDATE="2025-09-30" /><OBJECT OBJECTID="44429380" OBJECTGUID="5d27710b-4775-452e-b2d1-2dad9c6a748d" CHANGEID="689798089" ISACTIVE="1" LEVELID="11" CREATEDATE="2017-08-18" UPDATEDATE="2025-10-01" /><OBJECT OBJECTID="14424815" OBJECTGUID="03c188fa-c63c-4c7b-91cc-7d8debdd52d6" CHANGEID="689719628" ISACTIVE="1" LEVELID="10" CREATEDATE="2019-07-14" UPDATEDATE="2025-09-30" /><OBJECT OBJECTID="48549909" OBJECTGUID="34e15b8d-93af-4bce-bf55-1dfed8c7f2bd" CHANGEID="689753560" ISACTIVE="1" LEVELID="10" CREATEDATE="2017-12-17" UPDATEDATE="2025-09-30" /><OBJECT OBJECTID="39051046" OBJECTGUID="798ddf02-64d0-4ac6-b496-c68478f3f398" CHANGEID="689794736" ISACTIVE="1" LEVELID="10" CREATEDATE="2019-02-19" UPDATEDATE="2025-10-01" /><OBJECT OBJECTID="72297660" OBJECTGUID="ee6ca7a2-7aa2-425a-9c03-ad6331506fbd" CHANGEID="689720434" ISACTIVE="1" LEVELID="11" CREATEDATE="2018-12-25" UPDATEDATE="2025-09-30" /><OBJECT OBJECTID="79843580" OBJECTGUID="d006e651-97c0-4386-a777-9cddd097dd70" CHANGEID="689692605" ISACTIVE="1" LEVELID="10" CREATEDATE="2019-07-14" UPDATEDATE="2025-09-29" /><OBJECT OBJECTID="23936721" OBJECTGUID="22ca0636-b3f4-4eb6-85ce-f3f8e081a6fa" CHANGEID="689794897" ISACTIVE="1" LEVELID="11" CREATEDATE="2017-07-13" UPDATEDATE="2025-10-01" /><OBJECT OBJECTID="31988787" OBJECTGUID="f60aefcd-bc1b-4b5d-be4b-64f4948fd404" CHANGEID="689709437" ISACTIVE="1" LEVELID="11" CREATEDATE="2017-08-24" UPDATEDATE="2025-09-30" /><OBJECT OBJECTID="14641157" OBJECTGUID="bb961c1f-243f-463d-87a4-1567bf446ff2" CHANGEID="689692901" ISACTIVE="1" LEVELID="10" CREATEDATE="2019-07-14" UPDATEDATE="2025-09-29" /><OBJECT OBJECTID="4219834" OBJECTGUID="56e343ff-d63f-402c-9044-f1d78be88402" CHANGEID="689743922" ISACTIVE="1" LEVELID="10" CREATEDATE="2019-07-14" UPDATEDATE="2025-09-30" /><OBJECT OBJECTID="7959047" OBJECTGUID="40e7f3fe-5958-4188-9596-8d501c2bca38" CHANGEID="689732018" ISACTIVE="1" LEVELID="10" CREATEDATE="2017-09-15" UPDATEDATE="2025-09-30" /><OBJECT OBJECTID="32376412" OBJECTGUID="f4c21ccb-e6b3-4b07-83c7-08605b30f603" CHANGEID="689755330" ISACTIVE="1" LEVELID="10" CREATEDATE="2017-05-15" UPDATEDATE="2025-09-30" /><OBJECT OBJECTID="74108066" OBJECTGUID="93281b4c-928b-4cd6-884d-24cce71deb8e" CHANGEID="689744914" ISACTIVE="1" LEVELID="10" CREATEDATE="2019-07-14" UPDATEDATE="2025-09-30" /><OBJECT OBJECTID="80183649" OBJECTGUID="f57fd6b8-cd63-4e76-9bfe-c4e6b10f7f10" CHANGEID="689752096" ISACTIVE="1" LEVELID="10" CREATEDATE="2019-07-14" UPDATEDATE="2025-09-30" /><OBJECT OBJECTID="11075043" OBJECTGUID="2fb2de1a-f2e4-4039-9668-df86ca1cec7f" CHANGEID="689719634" ISACTIVE="1" LEVELID="10" CREATEDATE="2019-07-14" UPDATEDATE="2025-09-30" /><OBJECT OBJECTID="74129789" OBJECTGUID="6f92865d-422f-4caf-88c3-2990c25e7f45" CHANGEID="689744833" ISACTIVE="1" LEVELID="10" CREATEDATE="2019-07-14" UPDATEDATE="2025-09-30" /><OBJECT OBJECTID="32953181" OBJECTGUID="cefb998a-81a3-4f2e-8f2c-9e879eb6b286" CHANGEID="689794772" ISACTIVE="1" LEVELID="10" CREATEDATE="2019-07-14" UPDATEDATE="2025-10-01" /><OBJECT OBJECTID="45671775" OBJECTGUID="a074bfc3-313b-4316-b5bd-e583325af695" CHANGEID="689719638" ISACTIVE="1" LEVELID="10" CREATEDATE="2019-07-14" UPDATEDATE="2025-09-30" /><OBJECT OBJECTID="32989015" OBJECTGUID="3126405b-a320-438d-95d3-d798badd8ce7" CHANGEID="689794755" ISACTIVE="1" LEVELID="10" CREATEDATE="2019-07-14" UPDATEDATE="2025-10-01" /><OBJECT OBJECTID="68172174" OBJECTGUID="585e942c-3b03-4248-b89e-e6bb7e911a9c" CHANGEID="689745031" ISACTIVE="1" LEVELID="10" CREATEDATE="2019-07-14" UPDATEDATE="2025-09-30" /><OBJECT OBJECTID="79845023" OBJECTGUID="c68d5229-1320-4c0e-bd3e-b7ca9745cd9e" CHANGEID="689794776" ISACTIVE="1" LEVELID="10" CREATEDATE="2019-07-14" UPDATEDATE="2025-10-01" /><OBJECT OBJECTID="77615587" OBJECTGUID="6e9db879-bff3-4b81-b09e-bfb2f3c19e05" CHANGEID="689794898" ISACTIVE="1" LEVELID="10" CREATEDATE="2019-02-13" UPDATEDATE="2025-10-01" /><OBJECT OBJECTID="32585260" OBJECTGUID="8d26b361-4922-4a01-8758-fc6b799b8c9b" CHANGEID="689755264" ISACTIVE="1" LEVELID="10" CREATEDATE="2019-07-14" UPDATEDATE="2025-09-30" /><OBJECT OBJECTID="104245762" OBJECTGUID="cb1140f8-1f0f-4f6d-b760-3e7774bce1d0" CHANGEID="689821901" ISACTIVE="1" LEVELID="10" CREATEDATE="2022-04-15" UPDATEDATE="2025-10-01" /><OBJECT OBJECTID="36045985" OBJECTGUID="c1fc0f87-38fb-4f82-8575-5f6029a04521" CHANGEID="689753422" ISACTIVE="1" LEVELID="10" CREATEDATE="2019-07-14" UPDATEDATE="2025-09-30" /><OBJECT OBJECTID="48109789" OBJECTGUID="19522096-90f5-460c-9f45-be94d2af524f" CHANGEID="689709408" ISACTIVE="1" LEVELID="11" CREATEDATE="2017-03-30" UPDATEDATE="2025-09-30" /><OBJECT OBJECTID="48140990" OBJECTGUID="daf4c1f4-4bfb-4c70-833d-fbce2aea063c" CHANGEID="689798127" ISACTIVE="1" LEVELID="11" CREATEDATE="2017-03-30" UPDATEDATE="2025-10-01" /><OBJECT OBJECTID="48148194" OBJECTGUID="acc7973b-0e72-434c-8d54-7f43bc50f8a5" CHANGEID="689711229" ISACTIVE="1" LEVELID="11" CREATEDATE="2017-03-30" UPDATEDATE="2025-09-30" /><OBJECT OBJECTID="49223998" OBJECTGUID="19b3bab9-63a9-4a49-8631-e5986bf5be41" CHANGEID="689798094" ISACTIVE="1" LEVELID="11" CREATEDATE="2017-08-23" UPDATEDATE="2025-10-01" /><OBJECT OBJECTID="14642104" OBJECTGUID="03e0599a-e134-475d-a8b1-43855a645e81" CHANGEID="689692973" ISACTIVE="1" LEVELID="10" CREATEDATE="2019-07-14" UPDATEDATE="2025-09-29" /><OBJECT OBJECTID="56820108" OBJECTGUID="dce081f4-09bf-4950-a5be-9bdcdb84ce10" CHANGEID="689794910" ISACTIVE="1" LEVELID="10" CREATEDATE="2017-12-18" UPDATEDATE="2025-10-01" /><OBJECT OBJECTID="163413194" OBJECTGUID="e2f75841-6eff-4d6d-82d2-14b2b675d71e" CHANGEID="689711237" ISACTIVE="1" LEVELID="11" CREATEDATE="2024-05-02" UPDATEDATE="2025-09-30" /><OBJECT OBJECTID="163413195" OBJECTGUID="6ac12a5a-3cce-4eb1-b99a-cbef979e60e5" CHANGEID="689808336" ISACTIVE="1" LEVELID="11" CREATEDATE="2024-05-02" UPDATEDATE="2025-10-01" /><OBJECT OBJECTID="61600171" OBJECTGUID="f456c488-f428-4a2f-b98a-57ffc5d11a9e" CHANGEID="689821814" ISACTIVE="1" LEVELID="10" CREATEDATE="2019-07-14" UPDATEDATE="2025-10-01" /><OBJECT OBJECTID="61811316" OBJECTGUID="1b8d8771-2eb5-4832-ad3f-f3b6d073d77d" CHANGEID="689744797" ISACTIVE="1" LEVELID="10" CREATEDATE="2019-07-14" UPDATEDATE="2025-09-30" /><OBJECT OBJECTID="66062899" OBJECTGUID="7e74965d-0204-4fef-91d6-cab389dbcd5f" CHANGEID="689653187" ISACTIVE="1" LEVELID="10" CREATEDATE="2017-12-18" UPDATEDATE="2025-09-29" /><OBJECT OBJECTID="78368006" OBJECTGUID="2be081e4-3e98-4994-93ff-568741ff4aef" CHANGEID="689752778" ISACTIVE="1" LEVELID="10" CREATEDATE="2019-07-14" UPDATEDATE="2025-09-30" /><OBJECT OBJECTID="78400516" OBJECTGUID="9cf0396d-6c67-4943-86bb-c1abd382b7ee" CHANGEID="689752545" ISACTIVE="1" LEVELID="10" CREATEDATE="2019-07-14" UPDATEDATE="2025-09-30" /><OBJECT OBJECTID="79687061" OBJECTGUID="4c7b6e2b-9fcd-49ba-9f76-59b3f046da47" CHANGEID="689691820" ISACTIVE="1" LEVELID="10" CREATEDATE="2019-07-14" UPDATEDATE="2025-09-29" /><OBJECT OBJECTID="79801662" OBJECTGUID="ad9db223-27f9-4cf8-9b21-550b70dfc43f" CHANGEID="689692671" ISACTIVE="1" LEVELID="10" CREATEDATE="2019-07-14" UPDATEDATE="2025-09-29" /><OBJECT OBJECTID="68492400" OBJECTGUID="940582a2-4498-44b9-b91c-0d65c4ca6a96" CHANGEID="689635720" ISACTIVE="1" LEVELID="10" CREATEDATE="2017-12-17" UPDATEDATE="2025-09-29" /><OBJECT OBJECTID="6139641" OBJECTGUID="be74c7a8-a873-4472-ba20-c0dd38947e99" CHANGEID="689691735" ISACTIVE="1" LEVELID="10" CREATEDATE="2019-07-14" UPDATEDATE="2025-09-29" /><OBJECT OBJECTID="29294992" OBJECTGUID="d1383a20-d9bc-47b9-a7c6-dea87c7b78c1" CHANGEID="689751994" ISACTIVE="1" LEVELID="10" CREATEDATE="2019-07-14" UPDATEDATE="2025-09-30" /><OBJECT OBJECTID="35892297" OBJECTGUID="a9744ab2-05d5-4735-ae5f-7706eaac9d7e" CHANGEID="689751364" ISACTIVE="1" LEVELID="10" CREATEDATE="2019-07-14" UPDATEDATE="2025-09-30" /><OBJECT OBJECTID="9050764" OBJECTGUID="bf8d1933-fdbc-406d-83f1-dd0b13a64bb2" CHANGEID="689794778" ISACTIVE="1" LEVELID="10" CREATEDATE="2019-06-05" UPDATEDATE="2025-10-01" /><OBJECT OBJECTID="126757" OBJECTGUID="1d927769-274e-4760-bc3c-eebf2561964e" CHANGEID="689790966" ISACTIVE="1" LEVELID="7" CREATEDATE="2012-02-29" UPDATEDATE="2025-10-01" /><OBJECT OBJECTID="38349221" OBJECTGUID="565c84d8-e8b2-4f7a-a807-34872a924616" CHANGEID="689752508" ISACTIVE="1" LEVELID="10" CREATEDATE="2019-07-14" UPDATEDATE="2025-09-30" /><OBJECT OBJECTID="127469" OBJECTGUID="6f695806-b441-4394-b4cb-c8107de5bd3b" CHANGEID="689746887" ISACTIVE="1" LEVELID="7" CREATEDATE="2015-12-14" UPDATEDATE="2025-09-30" /><OBJECT OBJECTID="45177868" OBJECTGUID="743baa18-8462-4ee3-82c9-eca8187b694d" CHANGEID="689752221" ISACTIVE="1" LEVELID="10" CREATEDATE="2019-07-14" UPDATEDATE="2025-09-30" /><OBJECT OBJECTID="45474462" OBJECTGUID="89101eb1-4a2c-417f-a84e-f70d8f3e0e6d" CHANGEID="689794754" ISACTIVE="1" LEVELID="10" CREATEDATE="2017-12-18" UPDATEDATE="2025-10-01" /><OBJECT OBJECTID="55485080" OBJECTGUID="72472fd7-36ac-4197-bbf3-5783ba0a28d5" CHANGEID="689821795" ISACTIVE="1" LEVELID="10" CREATEDATE="2019-07-14" UPDATEDATE="2025-10-01" /><OBJECT OBJECTID="26551527" OBJECTGUID="35ffb6b7-54e7-4f5d-ad12-01299676b315" CHANGEID="689674775" ISACTIVE="1" LEVELID="10" CREATEDATE="2016-12-28" UPDATEDATE="2025-09-29" /><OBJECT OBJECTID="56802979" OBJECTGUID="a3abea7b-25dd-45c1-b841-29533db18ac3" CHANGEID="689794912" ISACTIVE="1" LEVELID="10" CREATEDATE="2017-12-18" UPDATEDATE="2025-10-01" /><OBJECT OBJECTID="56805663" OBJECTGUID="dcc8f088-3696-44ba-a64a-390154143830" CHANGEID="689794906" ISACTIVE="1" LEVELID="10" CREATEDATE="2017-12-18" UPDATEDATE="2025-10-01" /><OBJECT OBJECTID="56806915" OBJECTGUID="00508f4e-d6b1-457c-b371-45b2ece99ab7" CHANGEID="689791655" ISACTIVE="1" LEVELID="10" CREATEDATE="2017-12-18" UPDATEDATE="2025-10-01" /><OBJECT OBJECTID="56813476" OBJECTGUID="3c3acae9-42f5-469e-b449-7d4fdde5d8d3" CHANGEID="689791612" ISACTIVE="1" LEVELID="10" CREATEDATE="2017-12-18" UPDATEDATE="2025-10-01" /><OBJECT OBJECTID="56818724" OBJECTGUID="96d4c793-0a1c-46b2-9400-944f69a6431e" CHANGEID="689791595" ISACTIVE="1" LEVELID="10" CREATEDATE="2017-12-18" UPDATEDATE="2025-10-01" /><OBJECT OBJECTID="56824082" OBJECTGUID="ef883d77-40da-4160-925d-e32c0b57b407" CHANGEID="689791785" ISACTIVE="1" LEVELID="10" CREATEDATE="2017-12-18" UPDATEDATE="2025-10-01" /><OBJECT OBJECTID="53822573" OBJECTGUID="cb2f4103-7793-4fa1-a372-05114449f51b" CHANGEID="689798093" ISACTIVE="1" LEVELID="10" CREATEDATE="2017-01-19" UPDATEDATE="2025-10-01" /><OBJECT OBJECTID="56807517" OBJECTGUID="1109a548-c00c-46b1-ab41-48d728784862" CHANGEID="689794914" ISACTIVE="1" LEVELID="10" CREATEDATE="2017-12-18" UPDATEDATE="2025-10-01" /><OBJECT OBJECTID="59514816" OBJECTGUID="5fc80001-c969-43a7-8b44-4317c632325b" CHANGEID="689644895" ISACTIVE="1" LEVELID="11" CREATEDATE="2017-06-13" UPDATEDATE="2025-09-29" /><OBJECT OBJECTID="36408127" OBJECTGUID="f10b226a-f393-4476-9055-cac66cd99ac0" CHANGEID="689808339" ISACTIVE="1" LEVELID="10" CREATEDATE="2019-07-14" UPDATEDATE="2025-10-01" /><OBJECT OBJECTID="56823036" OBJECTGUID="eec7982e-91dc-4ffb-a811-d75cd5160c9d" CHANGEID="689791638" ISACTIVE="1" LEVELID="10" CREATEDATE="2017-12-18" UPDATEDATE="2025-10-01" /><OBJECT OBJECTID="72960901" OBJECTGUID="874913c4-3199-4ba1-a33e-e3a0b41c9a6a" CHANGEID="689720426" ISACTIVE="1" LEVELID="11" CREATEDATE="2019-07-19" UPDATEDATE="2025-09-30" /><OBJECT OBJECTID="74106336" OBJECTGUID="ea83c0b2-7db6-48f2-817f-330e68175c75" CHANGEID="689720411" ISACTIVE="1" LEVELID="11" CREATEDATE="2019-07-19" UPDATEDATE="2025-09-30" /><OBJECT OBJECTID="9048642" OBJECTGUID="06422d3f-28ea-4489-958c-13f9ba6f23e1" CHANGEID="689753563" ISACTIVE="1" LEVELID="10" CREATEDATE="2018-01-31" UPDATEDATE="2025-09-30" /><OBJECT OBJECTID="79666359" OBJECTGUID="91bbb1b4-5ae9-438d-b49f-012f9ad1e56d" CHANGEID="689691875" ISACTIVE="1" LEVELID="10" CREATEDATE="2017-05-17" UPDATEDATE="2025-09-29" /><OBJECT OBJECTID="76072298" OBJECTGUID="1b32813d-1287-48df-8792-031e1ef389d9" CHANGEID="689794742" ISACTIVE="1" LEVELID="10" CREATEDATE="2017-05-16" UPDATEDATE="2025-10-01" /><OBJECT OBJECTID="56821865" OBJECTGUID="244e0c55-2469-4169-a158-b7f53ec8e0af" CHANGEID="689794908" ISACTIVE="1" LEVELID="10" CREATEDATE="2017-12-18" UPDATEDATE="2025-10-01" /><OBJECT OBJECTID="32803068" OBJECTGUID="2c127baa-09aa-4e11-8a32-f2a97b45c80f" CHANGEID="689807129" ISACTIVE="1" LEVELID="10" CREATEDATE="2019-07-14" UPDATEDATE="2025-10-01" /><OBJECT OBJECTID="173814605" OBJECTGUID="7a5df493-4911-4224-bdca-dd5aa19e64c0" CHANGEID="689649612" ISACTIVE="1" LEVELID="10" CREATEDATE="2025-08-05" UPDATEDATE="2025-09-29" /><OBJECT OBJECTID="23637213" OBJECTGUID="2d1e7e55-8eb1-4788-946d-18ccabfc57fb" CHANGEID="689794783" ISACTIVE="1" LEVELID="10" CREATEDATE="2017-01-12" UPDATEDATE="2025-10-01" /><OBJECT OBJECTID="6190074" OBJECTGUID="2a724f1c-399d-4664-82f8-7325d7cf3aa4" CHANGEID="689794773" ISACTIVE="1" LEVELID="10" CREATEDATE="2019-07-14" UPDATEDATE="2025-10-01" /><OBJECT OBJECTID="62344047" OBJECTGUID="349ecd30-4660-425d-9065-420819753841" CHANGEID="689692280" ISACTIVE="1" LEVELID="10" CREATEDATE="2017-12-18" UPDATEDATE="2025-09-29" /><OBJECT OBJECTID="47797673" OBJECTGUID="4b9e7876-9cdd-41a9-866d-4e8515b00c1a" CHANGEID="689745109" ISACTIVE="1" LEVELID="10" CREATEDATE="2019-07-14" UPDATEDATE="2025-09-30" /><OBJECT OBJECTID="48039877" OBJECTGUID="11082bdb-a8ee-43df-95db-c2a9dd8ea671" CHANGEID="689745062" ISACTIVE="1" LEVELID="10" CREATEDATE="2019-07-14" UPDATEDATE="2025-09-30" /><OBJECT OBJECTID="42873887" OBJECTGUID="55f036bd-2095-472b-ba11-2c4b875e68dd" CHANGEID="689693230" ISACTIVE="1" LEVELID="10" CREATEDATE="2019-07-14" UPDATEDATE="2025-09-29" /><OBJECT OBJECTID="68104162" OBJECTGUID="105ba201-ff25-4d11-8b11-812eb7086bdc" CHANGEID="689744964" ISACTIVE="1" LEVELID="10" CREATEDATE="2019-07-14" UPDATEDATE="2025-09-30" /><OBJECT OBJECTID="13990600" OBJECTGUID="a292ede9-95cf-4283-b94a-2972c1398c0a" CHANGEID="689692676" ISACTIVE="1" LEVELID="10" CREATEDATE="2017-12-18" UPDATEDATE="2025-09-29" /><OBJECT OBJECTID="14433292" OBJECTGUID="776f09a2-c23d-441f-b6ba-9b4dc8ac3142" CHANGEID="689711238" ISACTIVE="1" LEVELID="10" CREATEDATE="2019-07-14" UPDATEDATE="2025-09-30" /><OBJECT OBJECTID="5265796" OBJECTGUID="ed654db7-c9ed-4055-94c8-e3ac49707af7" CHANGEID="689794753" ISACTIVE="1" LEVELID="10" CREATEDATE="2019-07-14" UPDATEDATE="2025-10-01" /><OBJECT OBJECTID="174915589" OBJECTGUID="0b8addc7-5278-4875-9b86-9918a3fd63c4" CHANGEID="689637681" ISACTIVE="1" LEVELID="11" CREATEDATE="2025-09-29" UPDATEDATE="2025-09-29" /><OBJECT OBJECTID="174915590" OBJECTGUID="6b6a1bac-34cb-43fc-8737-da3efaca6fd9" CHANGEID="689637682" ISACTIVE="1" LEVELID="11" CREATEDATE="2025-09-29" UPDATEDATE="2025-09-29" /><OBJECT OBJECTID="174915591" OBJECTGUID="4585202d-4a27-476c-9104-68eea76fb0e4" CHANGEID="689637683" ISACTIVE="1" LEVELID="11" CREATEDATE="2025-09-29" UPDATEDATE="2025-09-29" /><OBJECT OBJECTID="174915592" OBJECTGUID="6337e413-134e-4379-8903-4ae79ebb3130" CHANGEID="689637684" ISACTIVE="1" LEVELID="11" CREATEDATE="2025-09-29" UPDATEDATE="2025-09-29" /><OBJECT OBJECTID="174915593" OBJECTGUID="88fc73d5-a157-40dd-a045-218c3095e31d" CHANGEID="689637685" ISACTIVE="1" LEVELID="11" CREATEDATE="2025-09-29" UPDATEDATE="2025-09-29" /><OBJECT OBJECTID="174915832" OBJECTGUID="08abbc68-c858-41fe-8225-b2d655d1588b" CHANGEID="689638062" ISACTIVE="1" LEVELID="11" CREATEDATE="2025-09-29" UPDATEDATE="2025-09-29" /><OBJECT OBJECTID="174915833" OBJECTGUID="6fe4a328-7a78-4d7b-97cd-98e24fb9cebb" CHANGEID="689638063" ISACTIVE="1" LEVELID="11" CREATEDATE="2025-09-29" UPDATEDATE="2025-09-29" /><OBJECT OBJECTID="174915836" OBJECTGUID="98a43986-b27e-41a6-99c0-7777fa949d2a" CHANGEID="689638122" ISACTIVE="1" LEVELID="10" CREATEDATE="2025-09-29" UPDATEDATE="2025-09-29" /><OBJECT OBJECTID="174915845" OBJECTGUID="eda4797c-378f-40f4-a892-94ce38b4a18f" CHANGEID="689638147" ISACTIVE="1" LEVELID="10" CREATEDATE="2025-09-29" UPDATEDATE="2025-09-29" /><OBJECT OBJECTID="174916012" OBJECTGUID="ca9771eb-0a03-4a7c-88ea-e505f4161921" CHANGEID="689638435" ISACTIVE="1" LEVELID="10" CREATEDATE="2025-09-29" UPDATEDATE="2025-09-29" /><OBJECT OBJECTID="62346200" OBJECTGUID="703ae8ae-3428-4da9-beb5-19062b45b51c" CHANGEID="689692395" ISACTIVE="1" LEVELID="10" CREATEDATE="2017-12-17" UPDATEDATE="2025-09-29" /><OBJECT OBJECTID="174921982" OBJECTGUID="fc583fec-41b5-45fe-8669-041064ed4faa" CHANGEID="689649349" ISACTIVE="1" LEVELID="10" CREATEDATE="2025-09-29" UPDATEDATE="2025-09-29" /><OBJECT OBJECTID="174919053" OBJECTGUID="a99d6908-f317-4516-8eee-d2b68afd1070" CHANGEID="689644806" ISACTIVE="1" LEVELID="11" CREATEDATE="2025-09-29" UPDATEDATE="2025-09-29" /><OBJECT OBJECTID="174919067" OBJECTGUID="6b9dbce0-d08a-40b6-afd1-113894ee90c8" CHANGEID="689644821" ISACTIVE="1" LEVELID="10" CREATEDATE="2025-09-29" UPDATEDATE="2025-09-29" /><OBJECT OBJECTID="174919073" OBJECTGUID="4851aec5-6c34-4ac2-88b6-36fd33599f03" CHANGEID="689644828" ISACTIVE="1" LEVELID="9" CREATEDATE="2025-09-29" UPDATEDATE="2025-09-29" /><OBJECT OBJECTID="174919079" OBJECTGUID="c26a2c94-cd3c-497d-a7a4-2028b17051c7" CHANGEID="689644834" ISACTIVE="1" LEVELID="10" CREATEDATE="2025-09-29" UPDATEDATE="2025-09-29" /><OBJECT OBJECTID="174919081" OBJECTGUID="c4313d4f-aa1a-4bec-9adc-ebb770635e45" CHANGEID="689644836" ISACTIVE="1" LEVELID="10" CREATEDATE="2025-09-29" UPDATEDATE="2025-09-29" /><OBJECT OBJECTID="174919082" OBJECTGUID="1c929f79-33a2-49ec-b102-da45ecaeb604" CHANGEID="689644837" ISACTIVE="1" LEVELID="11" CREATEDATE="2025-09-29" UPDATEDATE="2025-09-29" /><OBJECT OBJECTID="174919083" OBJECTGUID="ec7e1412-d674-4dc9-ad24-c6a62bdbc212" CHANGEID="689644838" ISACTIVE="1" LEVELID="9" CREATEDATE="2025-09-29" UPDATEDATE="2025-09-29" /><OBJECT OBJECTID="174919085" OBJECTGUID="4160f2de-4d04-4b29-9756-4b072b58a606" CHANGEID="689644842" ISACTIVE="1" LEVELID="10" CREATEDATE="2025-09-29" UPDATEDATE="2025-09-29" /><OBJECT OBJECTID="174919084" OBJECTGUID="8b735b1f-4742-4adb-94a9-b93121a7c606" CHANGEID="689644839" ISACTIVE="1" LEVELID="9" CREATEDATE="2025-09-29" UPDATEDATE="2025-09-29" /><OBJECT OBJECTID="174919119" OBJECTGUID="837a29bb-2ded-48d1-a225-dc83ac1b553f" CHANGEID="689645049" ISACTIVE="1" LEVELID="10" CREATEDATE="2025-09-29" UPDATEDATE="2025-09-29" /><OBJECT OBJECTID="174919120" OBJECTGUID="e5adab93-de71-469c-ba7f-fe492c20bd42" CHANGEID="689645052" ISACTIVE="1" LEVELID="10" CREATEDATE="2025-09-29" UPDATEDATE="2025-09-29" /><OBJECT OBJECTID="174919121" OBJECTGUID="6ebf37d5-6f88-4915-8c8a-c54d94aed78a" CHANGEID="689645053" ISACTIVE="1" LEVELID="10" CREATEDATE="2025-09-29" UPDATEDATE="2025-09-29" /><OBJECT OBJECTID="174919122" OBJECTGUID="1b084ef4-e715-4c1c-bac9-44285406264c" CHANGEID="689645054" ISACTIVE="1" LEVELID="10" CREATEDATE="2025-09-29" UPDATEDATE="2025-09-29" /><OBJECT OBJECTID="174919123" OBJECTGUID="d2937c06-2300-4233-ba0b-d94fd3af4ba3" CHANGEID="689645055" ISACTIVE="1" LEVELID="10" CREATEDATE="2025-09-29" UPDATEDATE="2025-09-29" /><OBJECT OBJECTID="174919124" OBJECTGUID="b307a004-9970-46a6-af09-c51718156eeb" CHANGEID="689645057" ISACTIVE="1" LEVELID="10" CREATEDATE="2025-09-29" UPDATEDATE="2025-09-29" /><OBJECT OBJECTID="174919125" OBJECTGUID="d194339c-2f7b-4d99-a93e-337d646c61d7" CHANGEID="689645059" ISACTIVE="1" LEVELID="10" CREATEDATE="2025-09-29" UPDATEDATE="2025-09-29" /><OBJECT OBJECTID="174919126" OBJECTGUID="fd109a78-1441-42df-9302-202fa1c76953" CHANGEID="689645060" ISACTIVE="1" LEVELID="10" CREATEDATE="2025-09-29" UPDATEDATE="2025-09-29" /><OBJECT OBJECTID="174919130" OBJECTGUID="a1afe236-c602-42a5-9ebc-79b353d77f56" CHANGEID="689645067" ISACTIVE="1" LEVELID="9" CREATEDATE="2025-09-29" UPDATEDATE="2025-09-29" /><OBJECT OBJECTID="174919137" OBJECTGUID="cf19bb70-0315-4cf1-95fb-f3847f8b840b" CHANGEID="689645076" ISACTIVE="1" LEVELID="9" CREATEDATE="2025-09-29" UPDATEDATE="2025-09-29" /><OBJECT OBJECTID="174919138" OBJECTGUID="92ea84ac-dcee-4317-be2d-7444b8533c5f" CHANGEID="689645077" ISACTIVE="1" LEVELID="9" CREATEDATE="2025-09-29" UPDATEDATE="2025-09-29" /><OBJECT OBJECTID="174919139" OBJECTGUID="2e239c42-df45-44b0-9b66-675535c9e374" CHANGEID="689645078" ISACTIVE="1" LEVELID="9" CREATEDATE="2025-09-29" UPDATEDATE="2025-09-29" /><OBJECT OBJECTID="174919140" OBJECTGUID="717318f5-4ffd-4cf9-a50d-8f1a4b25aa95" CHANGEID="689645079" ISACTIVE="1" LEVELID="9" CREATEDATE="2025-09-29" UPDATEDATE="2025-09-29" /><OBJECT OBJECTID="174919152" OBJECTGUID="f313d3b6-0e51-47aa-8e41-cd8e44193761" CHANGEID="689645097" ISACTIVE="1" LEVELID="10" CREATEDATE="2025-09-29" UPDATEDATE="2025-09-29" /><OBJECT OBJECTID="174919199" OBJECTGUID="5f42bea2-4acc-4fea-9da4-0455e0e909cf" CHANGEID="689645162" ISACTIVE="1" LEVELID="10" CREATEDATE="2025-09-29" UPDATEDATE="2025-09-29" /><OBJECT OBJECTID="12956501" OBJECTGUID="a4f033de-dc0e-438a-892f-806c48751178" CHANGEID="689645411" ISACTIVE="0" LEVELID="11" CREATEDATE="2017-09-29" UPDATEDATE="2025-09-29" /><OBJECT OBJECTID="174919531" OBJECTGUID="53ceee77-d1e7-49d0-9512-c40dc803e959" CHANGEID="689645507" ISACTIVE="1" LEVELID="10" CREATEDATE="2025-09-29" UPDATEDATE="2025-09-29" /><OBJECT OBJECTID="174919533" OBJECTGUID="1754166e-9f2d-42e6-b497-322a3d908844" CHANGEID="689645509" ISACTIVE="1" LEVELID="9" CREATEDATE="2025-09-29" UPDATEDATE="2025-09-29" /><OBJECT OBJECTID="174919961" OBJECTGUID="d6021bad-76bb-429d-a0d2-f082eca24ece" CHANGEID="689646059" ISACTIVE="1" LEVELID="12" CREATEDATE="2025-09-29" UPDATEDATE="2025-09-29" /><OBJECT OBJECTID="174919966" OBJECTGUID="1487c1a5-8e48-4e25-b30e-850bbf1c17a6" CHANGEID="689646066" ISACTIVE="1" LEVELID="10" CREATEDATE="2025-09-29" UPDATEDATE="2025-09-29" /><OBJECT OBJECTID="174920055" OBJECTGUID="e38e5e40-6d8a-401f-8cff-fe7cd5352269" CHANGEID="689646207" ISACTIVE="1" LEVELID="10" CREATEDATE="2025-09-29" UPDATEDATE="2025-09-29" /><OBJECT OBJECTID="174920067" OBJECTGUID="6a96bbd1-8351-43b3-9b07-46ab9b1bc726" CHANGEID="689646226" ISACTIVE="1" LEVELID="9" CREATEDATE="2025-09-29" UPDATEDATE="2025-09-29" /><OBJECT OBJECTID="174920069" OBJECTGUID="1319d894-9bed-4647-85bc-54b07b55bcd8" CHANGEID="689646231" ISACTIVE="1" LEVELID="8" CREATEDATE="2025-09-29" UPDATEDATE="2025-09-29" /><OBJECT OBJECTID="174920138" OBJECTGUID="1ab92326-a67c-43e9-8950-671f9a01a1c1" CHANGEID="689646357" ISACTIVE="1" LEVELID="9" CREATEDATE="2025-09-29" UPDATEDATE="2025-09-29" /><OBJECT OBJECTID="174920257" OBJECTGUID="b5aa05b7-d35f-40a0-b4dd-01b644a34b3d" CHANGEID="689646562" ISACTIVE="1" LEVELID="9" CREATEDATE="2025-09-29" UPDATEDATE="2025-09-29" /><OBJECT OBJECTID="174920301" OBJECTGUID="e57345f9-923e-4f01-9e4a-f9e9e8e5af2b" CHANGEID="689646625" ISACTIVE="1" LEVELID="9" CREATEDATE="2025-09-29" UPDATEDATE="2025-09-29" /><OBJECT OBJECTID="6215687" OBJECTGUID="6fb494c7-5721-4b3d-936d-a069d8ae05b6" CHANGEID="689794774" ISACTIVE="1" LEVELID="10" CREATEDATE="2019-07-14" UPDATEDATE="2025-10-01" /><OBJECT OBJECTID="174921882" OBJECTGUID="d023526b-b210-41c1-a3f1-4e59d47749d6" CHANGEID="689649104" ISACTIVE="1" LEVELID="10" CREATEDATE="2025-09-29" UPDATEDATE="2025-09-29" /><OBJECT OBJECTID="174921888" OBJECTGUID="0ce40b41-758c-4888-b207-0d8bc59e7d7e" CHANGEID="689649183" ISACTIVE="1" LEVELID="10" CREATEDATE="2025-09-29" UPDATEDATE="2025-09-29" /><OBJECT OBJECTID="174921889" OBJECTGUID="336b44e9-276b-475d-a255-3032a84b3ecd" CHANGEID="689649184" ISACTIVE="1" LEVELID="10" CREATEDATE="2025-09-29" UPDATEDATE="2025-09-29" /><OBJECT OBJECTID="174921890" OBJECTGUID="994adb56-23f6-4770-86be-66a22f144b7d" CHANGEID="689649185" ISACTIVE="1" LEVELID="10" CREATEDATE="2025-09-29" UPDATEDATE="2025-09-29" /><OBJECT OBJECTID="174921891" OBJECTGUID="976681ec-81e1-4fe6-ac98-5557ddb223a6" CHANGEID="689649186" ISACTIVE="1" LEVELID="10" CREATEDATE="2025-09-29" UPDATEDATE="2025-09-29" /><OBJECT OBJECTID="174921892" OBJECTGUID="350a2149-b8f7-4f8e-8d4b-18b8d89743c0" CHANGEID="689649187" ISACTIVE="1" LEVELID="10" CREATEDATE="2025-09-29" UPDATEDATE="2025-09-29" /><OBJECT OBJECTID="174921893" OBJECTGUID="903b195e-c226-4c91-89c9-319f4e5352dc" CHANGEID="689649188" ISACTIVE="1" LEVELID="10" CREATEDATE="2025-09-29" UPDATEDATE="2025-09-29" /><OBJECT OBJECTID="174921894" OBJECTGUID="463dd575-e739-4df7-8a5f-4baeebc993e1" CHANGEID="689649189" ISACTIVE="1" LEVELID="10" CREATEDATE="2025-09-29" UPDATEDATE="2025-09-29" /><OBJECT OBJECTID="174921895" OBJECTGUID="7a9f73b4-02e4-472d-a86a-ba1f7b2f0c33" CHANGEID="689649190" ISACTIVE="1" LEVELID="10" CREATEDATE="2025-09-29" UPDATEDATE="2025-09-29" /><OBJECT OBJECTID="174921896" OBJECTGUID="1669c629-0a9f-448a-bd01-f6e76ba67af5" CHANGEID="689649191" ISACTIVE="1" LEVELID="10" CREATEDATE="2025-09-29" UPDATEDATE="2025-09-29" /><OBJECT OBJECTID="174921897" OBJECTGUID="bb078a4a-98c4-4082-a5ed-ccd39d86c9f8" CHANGEID="689649192" ISACTIVE="1" LEVELID="10" CREATEDATE="2025-09-29" UPDATEDATE="2025-09-29" /><OBJECT OBJECTID="174921898" OBJECTGUID="ebd9ce81-dd3f-4099-9c24-c61d73601207" CHANGEID="689649193" ISACTIVE="1" LEVELID="10" CREATEDATE="2025-09-29" UPDATEDATE="2025-09-29" /><OBJECT OBJECTID="174921926" OBJECTGUID="26e88f8d-864e-4342-ba20-fbc9edc7e9c6" CHANGEID="689649241" ISACTIVE="1" LEVELID="10" CREATEDATE="2025-09-29" UPDATEDATE="2025-09-29" /><OBJECT OBJECTID="174922036" OBJECTGUID="fa7264ae-7a89-42be-a022-6bbc803d4f27" CHANGEID="689649451" ISACTIVE="1" LEVELID="10" CREATEDATE="2025-09-29" UPDATEDATE="2025-09-29" /><OBJECT OBJECTID="174922037" OBJECTGUID="10126bd2-2dea-4dc8-8333-a1f40555d29b" CHANGEID="689649452" ISACTIVE="1" LEVELID="10" CREATEDATE="2025-09-29" UPDATEDATE="2025-09-29" /><OBJECT OBJECTID="174922038" OBJECTGUID="8777127a-b346-42f0-8ec5-992b3fcf0c38" CHANGEID="689649453" ISACTIVE="1" LEVELID="10" CREATEDATE="2025-09-29" UPDATEDATE="2025-09-29" /><OBJECT OBJECTID="174922039" OBJECTGUID="1a2363c9-7b21-4809-bbbe-55018bb096d5" CHANGEID="689649454" ISACTIVE="1" LEVELID="10" CREATEDATE="2025-09-29" UPDATEDATE="2025-09-29" /><OBJECT OBJECTID="174922265" OBJECTGUID="8fef96c3-ee4d-4e8a-95d5-f095fe377cb1" CHANGEID="689649819" ISACTIVE="1" LEVELID="9" CREATEDATE="2025-09-29" UPDATEDATE="2025-09-29" /><OBJECT OBJECTID="174926223" OBJECTGUID="9a7de2be-320f-44a9-a3ea-9fadce61aeba" CHANGEID="689655970" ISACTIVE="1" LEVELID="9" CREATEDATE="2025-09-29" UPDATEDATE="2025-09-29" /><OBJECT OBJECTID="174926339" OBJECTGUID="8aec7810-4be1-4d64-a346-ea5c44dc36e4" CHANGEID="689661199" ISACTIVE="1" LEVELID="11" CREATEDATE="2025-09-29" UPDATEDATE="2025-09-29" /><OBJECT OBJECTID="174931572" OBJECTGUID="55c7b4b9-9271-4a70-a58b-9a1d1f684446" CHANGEID="689671550" ISACTIVE="1" LEVELID="9" CREATEDATE="2025-09-29" UPDATEDATE="2025-09-29" /><OBJECT OBJECTID="174931583" OBJECTGUID="2cd42923-7338-4803-85ea-277e85c5f4e6" CHANGEID="689671574" ISACTIVE="1" LEVELID="10" CREATEDATE="2025-09-29" UPDATEDATE="2025-09-29" /><OBJECT OBJECTID="174931742" OBJECTGUID="a33b86d8-7b25-4664-a41e-1b002ea30218" CHANGEID="689671932" ISACTIVE="1" LEVELID="10" CREATEDATE="2025-09-29" UPDATEDATE="2025-09-29" /><OBJECT OBJECTID="174931774" OBJECTGUID="b76bf090-bd23-420a-914c-8543837aebec" CHANGEID="689672012" ISACTIVE="1" LEVELID="9" CREATEDATE="2025-09-29" UPDATEDATE="2025-09-29" /><OBJECT OBJECTID="174929372" OBJECTGUID="99c460f1-45cb-42b9-a1bc-91213f1af85f" CHANGEID="689667426" ISACTIVE="1" LEVELID="10" CREATEDATE="2025-09-29" UPDATEDATE="2025-09-29" /><OBJECT OBJECTID="38903049" OBJECTGUID="2ee75354-6244-4400-b665-e17b8fee71bc" CHANGEID="689720443" ISACTIVE="1" LEVELID="11" CREATEDATE="2019-07-19" UPDATEDATE="2025-09-30" /><OBJECT OBJECTID="7043662" OBJECTGUID="cef7b58e-2d23-4935-94eb-91a85b1164ad" CHANGEID="689794792" ISACTIVE="1" LEVELID="11" CREATEDATE="2017-03-30" UPDATEDATE="2025-10-01" /><OBJECT OBJECTID="174933280" OBJECTGUID="98c1add5-42af-44f2-87a8-e929edf6ed0c" CHANGEID="689674618" ISACTIVE="1" LEVELID="9" CREATEDATE="2025-09-29" UPDATEDATE="2025-09-29" /><OBJECT OBJECTID="174933289" OBJECTGUID="983f91e9-6679-4c88-932e-9a26ae0f30f0" CHANGEID="689674632" ISACTIVE="1" LEVELID="10" CREATEDATE="2025-09-29" UPDATEDATE="2025-09-29" /><OBJECT OBJECTID="174935059" OBJECTGUID="92f37624-1b69-4f7c-9232-320c4cd38ef3" CHANGEID="689678904" ISACTIVE="1" LEVELID="9" CREATEDATE="2025-09-29" UPDATEDATE="2025-09-29" /><OBJECT OBJECTID="174935060" OBJECTGUID="2bb6bb75-cd2b-45b5-bad0-b0580da1f224" CHANGEID="689678905" ISACTIVE="1" LEVELID="10" CREATEDATE="2025-09-29" UPDATEDATE="2025-09-29" /><OBJECT OBJECTID="174935061" OBJECTGUID="27bee9dc-049f-49f8-bebd-2e7aee84d1a5" CHANGEID="689678907" ISACTIVE="1" LEVELID="10" CREATEDATE="2025-09-29" UPDATEDATE="2025-09-29" /><OBJECT OBJECTID="174935062" OBJECTGUID="deef1e4b-ff01-4ab7-abf0-4c456360da8e" CHANGEID="689678912" ISACTIVE="1" LEVELID="11" CREATEDATE="2025-09-29" UPDATEDATE="2025-09-29" /><OBJECT OBJECTID="174935063" OBJECTGUID="3cf25903-56e2-47d4-be7e-4e6b71e7a83e" CHANGEID="689678913" ISACTIVE="1" LEVELID="11" CREATEDATE="2025-09-29" UPDATEDATE="2025-09-29" /><OBJECT OBJECTID="174935064" OBJECTGUID="b1721f22-5765-42c6-927a-ac203d52f0fd" CHANGEID="689678915" ISACTIVE="1" LEVELID="11" CREATEDATE="2025-09-29" UPDATEDATE="2025-09-29" /><OBJECT OBJECTID="174935065" OBJECTGUID="9b4b3f74-03d5-4690-91b7-fec99641ef45" CHANGEID="689678916" ISACTIVE="1" LEVELID="11" CREATEDATE="2025-09-29" UPDATEDATE="2025-09-29" /><OBJECT OBJECTID="174935090" OBJECTGUID="3dde1350-0fe0-4bfb-8bc0-1cb1fa8516fd" CHANGEID="689678982" ISACTIVE="1" LEVELID="10" CREATEDATE="2025-09-29" UPDATEDATE="2025-09-29" /><OBJECT OBJECTID="174932438" OBJECTGUID="7232b6ed-842f-4491-90cf-4c9f65a02d96" CHANGEID="689673226" ISACTIVE="1" LEVELID="10" CREATEDATE="2025-09-29" UPDATEDATE="2025-09-29" /><OBJECT OBJECTID="174935619" OBJECTGUID="6df55244-6d30-4e05-9f24-520c411ca77b" CHANGEID="689679921" ISACTIVE="1" LEVELID="10" CREATEDATE="2025-09-29" UPDATEDATE="2025-09-29" /><OBJECT OBJECTID="174938144" OBJECTGUID="45327b3c-49b1-4cd6-bc9c-50b64e480fb5" CHANGEID="689686246" ISACTIVE="1" LEVELID="10" CREATEDATE="2025-09-29" UPDATEDATE="2025-09-29" /><OBJECT OBJECTID="174938186" OBJECTGUID="75c5a218-d383-494d-8163-c3c2108f5df8" CHANGEID="689686443" ISACTIVE="1" LEVELID="10" CREATEDATE="2025-09-29" UPDATEDATE="2025-09-29" /><OBJECT OBJECTID="174939023" OBJECTGUID="96b4280c-e0d2-4c78-b746-719fedd5f14a" CHANGEID="689687852" ISACTIVE="1" LEVELID="10" CREATEDATE="2025-09-29" UPDATEDATE="2025-09-29" /><OBJECT OBJECTID="174939997" OBJECTGUID="8ba52e49-4c57-401b-b0b6-7a18e1312bfc" CHANGEID="689690032" ISACTIVE="1" LEVELID="10" CREATEDATE="2025-09-29" UPDATEDATE="2025-09-29" /><OBJECT OBJECTID="174940028" OBJECTGUID="7252a2ef-317a-4346-9c17-cdbc776bd30d" CHANGEID="689690309" ISACTIVE="1" LEVELID="9" CREATEDATE="2025-09-29" UPDATEDATE="2025-09-29" /><OBJECT OBJECTID="174940096" OBJECTGUID="2eba872b-1192-4f43-88a1-8efb3ab6ce5e" CHANGEID="689690421" ISACTIVE="1" LEVELID="9" CREATEDATE="2025-09-29" UPDATEDATE="2025-09-29" /><OBJECT OBJECTID="174940507" OBJECTGUID="b2826532-c722-4ba5-89d7-52c6cf01a265" CHANGEID="689691044" ISACTIVE="1" LEVELID="9" CREATEDATE="2025-09-29" UPDATEDATE="2025-09-29" /><OBJECT OBJECTID="174940620" OBJECTGUID="6ac76174-f6e3-4fb2-90ed-494e15dfaa70" CHANGEID="689691305" ISACTIVE="1" LEVELID="10" CREATEDATE="2025-09-29" UPDATEDATE="2025-09-29" /><OBJECT OBJECTID="79843480" OBJECTGUID="c5cd8b00-e04f-4b10-b56a-928a9ecea9e2" CHANGEID="689692714" ISACTIVE="1" LEVELID="10" CREATEDATE="2019-07-14" UPDATEDATE="2025-09-29" /><OBJECT OBJECTID="174941397" OBJECTGUID="4d261e33-0d5a-4a7f-ab44-61223362eee9" CHANGEID="689692913" ISACTIVE="1" LEVELID="10" CREATEDATE="2025-09-29" UPDATEDATE="2025-09-29" /><OBJECT OBJECTID="14264241" OBJECTGUID="b455888b-8490-445c-afd2-8696cd5a145c" CHANGEID="689693170" ISACTIVE="1" LEVELID="10" CREATEDATE="2019-07-14" UPDATEDATE="2025-09-29" /><OBJECT OBJECTID="63447942" OBJECTGUID="6a032e89-f32b-4fbd-9ae4-cf92540f9665" CHANGEID="689693932" ISACTIVE="1" LEVELID="10" CREATEDATE="2017-04-24" UPDATEDATE="2025-09-29" /><OBJECT OBJECTID="174938968" OBJECTGUID="b6f47619-058c-421d-be7e-b2a6e38d52be" CHANGEID="689687766" ISACTIVE="1" LEVELID="9" CREATEDATE="2025-09-29" UPDATEDATE="2025-09-29" /><OBJECT OBJECTID="6169430" OBJECTGUID="c19335ff-5816-4f5f-9ab3-33b1fce3fbbb" CHANGEID="689691690" ISACTIVE="1" LEVELID="10" CREATEDATE="2019-07-14" UPDATEDATE="2025-09-29" /><OBJECT OBJECTID="174953533" OBJECTGUID="9f028072-92f6-4733-b9d8-197e208e4821" CHANGEID="689719632" ISACTIVE="1" LEVELID="10" CREATEDATE="2025-09-30" UPDATEDATE="2025-09-30" /><OBJECT OBJECTID="174953535" OBJECTGUID="94f5f274-3bb6-41ee-87fc-f0a484c5401c" CHANGEID="689719636" ISACTIVE="1" LEVELID="11" CREATEDATE="2025-09-30" UPDATEDATE="2025-09-30" /><OBJECT OBJECTID="174953534" OBJECTGUID="c5a9ae7d-afe4-4d2f-8c43-a9e7d4c8d8a4" CHANGEID="689719635" ISACTIVE="1" LEVELID="11" CREATEDATE="2025-09-30" UPDATEDATE="2025-09-30" /><OBJECT OBJECTID="174953536" OBJECTGUID="2239649b-6ade-45de-958f-06d99956008d" CHANGEID="689719639" ISACTIVE="1" LEVELID="11" CREATEDATE="2025-09-30" UPDATEDATE="2025-09-30" /><OBJECT OBJECTID="174953537" OBJECTGUID="0a5abc9f-bf1b-4261-86ac-ccb20d4623ca" CHANGEID="689719640" ISACTIVE="1" LEVELID="11" CREATEDATE="2025-09-30" UPDATEDATE="2025-09-30" /><OBJECT OBJECTID="174953539" OBJECTGUID="e0f7a024-8402-4608-8308-c471762b0475" CHANGEID="689719642" ISACTIVE="1" LEVELID="11" CREATEDATE="2025-09-30" UPDATEDATE="2025-09-30" /><OBJECT OBJECTID="174953540" OBJECTGUID="43195524-f14f-4443-9d44-68f717a3b813" CHANGEID="689719646" ISACTIVE="1" LEVELID="11" CREATEDATE="2025-09-30" UPDATEDATE="2025-09-30" /><OBJECT OBJECTID="174953538" OBJECTGUID="d0df2b52-4205-4171-930a-ca38d5b7462e" CHANGEID="689719641" ISACTIVE="1" LEVELID="10" CREATEDATE="2025-09-30" UPDATEDATE="2025-09-30" /><OBJECT OBJECTID="174953543" OBJECTGUID="31fafe19-3723-4d4a-9ee5-2811da12d92d" CHANGEID="689719650" ISACTIVE="1" LEVELID="11" CREATEDATE="2025-09-30" UPDATEDATE="2025-09-30" /><OBJECT OBJECTID="174953541" OBJECTGUID="62c1ca87-b3f5-4431-90bd-e07ad5bb529f" CHANGEID="689719648" ISACTIVE="1" LEVELID="11" CREATEDATE="2025-09-30" UPDATEDATE="2025-09-30" /><OBJECT OBJECTID="174953542" OBJECTGUID="f8ae4c6b-adf6-4e8f-bc2e-c912539c5230" CHANGEID="689719649" ISACTIVE="1" LEVELID="11" CREATEDATE="2025-09-30" UPDATEDATE="2025-09-30" /><OBJECT OBJECTID="174953545" OBJECTGUID="bcbf269a-1d05-4788-bb24-cc4dc36d8bc3" CHANGEID="689719653" ISACTIVE="1" LEVELID="11" CREATEDATE="2025-09-30" UPDATEDATE="2025-09-30" /><OBJECT OBJECTID="174953544" OBJECTGUID="00e8c817-000f-4642-bb64-bb205c6c4cad" CHANGEID="689719652" ISACTIVE="1" LEVELID="11" CREATEDATE="2025-09-30" UPDATEDATE="2025-09-30" /><OBJECT OBJECTID="174954813" OBJECTGUID="d0352d35-2621-4313-8d98-f813a0a862c9" CHANGEID="689722616" ISACTIVE="1" LEVELID="11" CREATEDATE="2025-09-30" UPDATEDATE="2025-09-30" /><OBJECT OBJECTID="174954815" OBJECTGUID="dc15b4df-a9ba-46eb-9c7b-2d14cd36bda3" CHANGEID="689722618" ISACTIVE="1" LEVELID="9" CREATEDATE="2025-09-30" UPDATEDATE="2025-09-30" /><OBJECT OBJECTID="174954814" OBJECTGUID="4b5dbd40-4e22-44c2-9ac3-509f2529c5e1" CHANGEID="689722617" ISACTIVE="1" LEVELID="10" CREATEDATE="2025-09-30" UPDATEDATE="2025-09-30" /><OBJECT OBJECTID="174954816" OBJECTGUID="0d805c0f-b3b6-4c74-9411-a08153d2b670" CHANGEID="689722619" ISACTIVE="1" LEVELID="11" CREATEDATE="2025-09-30" UPDATEDATE="2025-09-30" /><OBJECT OBJECTID="174954817" OBJECTGUID="b85ce842-de4d-48fc-a75d-d7beb0631489" CHANGEID="689722620" ISACTIVE="1" LEVELID="10" CREATEDATE="2025-09-30" UPDATEDATE="2025-09-30" /><OBJECT OBJECTID="174954819" OBJECTGUID="67d45655-308f-417d-b82a-80d18b6e00b2" CHANGEID="689722622" ISACTIVE="1" LEVELID="11" CREATEDATE="2025-09-30" UPDATEDATE="2025-09-30" /><OBJECT OBJECTID="174954818" OBJECTGUID="4d2bfc5a-e031-4f17-b0f8-17379492542d" CHANGEID="689722621" ISACTIVE="1" LEVELID="9" CREATEDATE="2025-09-30" UPDATEDATE="2025-09-30" /><OBJECT OBJECTID="174949383" OBJECTGUID="b168d1d4-cf34-4059-a1d0-16307fa06883" CHANGEID="689709043" ISACTIVE="1" LEVELID="9" CREATEDATE="2025-09-30" UPDATEDATE="2025-09-30" /><OBJECT OBJECTID="174949583" OBJECTGUID="b3c958e5-0576-4396-b38f-20a1cc17c4ac" CHANGEID="689709350" ISACTIVE="1" LEVELID="10" CREATEDATE="2025-09-30" UPDATEDATE="2025-09-30" /><OBJECT OBJECTID="174949582" OBJECTGUID="6801f25d-d1b9-4965-9972-17d6475fcecd" CHANGEID="689709349" ISACTIVE="1" LEVELID="9" CREATEDATE="2025-09-30" UPDATEDATE="2025-09-30" /><OBJECT OBJECTID="48147490" OBJECTGUID="9584498f-9c23-49c0-82dc-d8a6d42e453f" CHANGEID="689711231" ISACTIVE="1" LEVELID="11" CREATEDATE="2017-03-30" UPDATEDATE="2025-09-30" /><OBJECT OBJECTID="56431709" OBJECTGUID="db05b138-cc5a-4ca6-b994-73573e832dab" CHANGEID="689711239" ISACTIVE="1" LEVELID="11" CREATEDATE="2017-03-30" UPDATEDATE="2025-09-30" /><OBJECT OBJECTID="174950838" OBJECTGUID="4ef25128-9fb2-4932-9614-93b2a2ba5e13" CHANGEID="689711422" ISACTIVE="1" LEVELID="10" CREATEDATE="2025-09-30" UPDATEDATE="2025-09-30" /><OBJECT OBJECTID="174952107" OBJECTGUID="91933ba8-5704-4759-ab3f-94c36d9caa92" CHANGEID="689716709" ISACTIVE="1" LEVELID="8" CREATEDATE="2025-09-30" UPDATEDATE="2025-09-30" /><OBJECT OBJECTID="174952113" OBJECTGUID="71f95cd6-9357-47fb-b06a-f412e1639dd3" CHANGEID="689716722" ISACTIVE="1" LEVELID="11" CREATEDATE="2025-09-30" UPDATEDATE="2025-09-30" /><OBJECT OBJECTID="174952146" OBJECTGUID="971c61bc-8d1e-4d36-b524-765100cf7df9" CHANGEID="689716925" ISACTIVE="1" LEVELID="11" CREATEDATE="2025-09-30" UPDATEDATE="2025-09-30" /><OBJECT OBJECTID="174952145" OBJECTGUID="3d32190d-a929-42eb-854a-0b4e705d7915" CHANGEID="689716924" ISACTIVE="1" LEVELID="11" CREATEDATE="2025-09-30" UPDATEDATE="2025-09-30" /><OBJECT OBJECTID="174952148" OBJECTGUID="d81cf425-f061-466a-ab8e-4b18d11974a3" CHANGEID="689716927" ISACTIVE="1" LEVELID="11" CREATEDATE="2025-09-30" UPDATEDATE="2025-09-30" /><OBJECT OBJECTID="174952147" OBJECTGUID="46041c6d-88fa-4d50-8332-5e7db3d8f2d1" CHANGEID="689716926" ISACTIVE="1" LEVELID="11" CREATEDATE="2025-09-30" UPDATEDATE="2025-09-30" /><OBJECT OBJECTID="174952162" OBJECTGUID="40efc28a-03f8-4f9c-8c04-2177894026cc" CHANGEID="689716941" ISACTIVE="1" LEVELID="10" CREATEDATE="2025-09-30" UPDATEDATE="2025-09-30" /><OBJECT OBJECTID="174952163" OBJECTGUID="408569b4-e072-4feb-803f-053eee21a16c" CHANGEID="689716942" ISACTIVE="1" LEVELID="11" CREATEDATE="2025-09-30" UPDATEDATE="2025-09-30" /><OBJECT OBJECTID="174952164" OBJECTGUID="85b4355c-90ac-4cbb-b3f3-57e3f0427056" CHANGEID="689716943" ISACTIVE="1" LEVELID="11" CREATEDATE="2025-09-30" UPDATEDATE="2025-09-30" /><OBJECT OBJECTID="174952172" OBJECTGUID="d8650237-d5ce-4e53-9541-fa47b13c152d" CHANGEID="689716953" ISACTIVE="1" LEVELID="11" CREATEDATE="2025-09-30" UPDATEDATE="2025-09-30" /><OBJECT OBJECTID="174952173" OBJECTGUID="78972f2d-48b5-459b-8b85-ee272c4bb0cd" CHANGEID="689716954" ISACTIVE="1" LEVELID="11" CREATEDATE="2025-09-30" UPDATEDATE="2025-09-30" /><OBJECT OBJECTID="174952174" OBJECTGUID="b2dedc3b-c011-499a-8396-cdd2d10888dc" CHANGEID="689716955" ISACTIVE="1" LEVELID="11" CREATEDATE="2025-09-30" UPDATEDATE="2025-09-30" /><OBJECT OBJECTID="174952175" OBJECTGUID="dc9c30d0-76b4-405f-aad6-81a24b48ced5" CHANGEID="689716956" ISACTIVE="1" LEVELID="11" CREATEDATE="2025-09-30" UPDATEDATE="2025-09-30" /><OBJECT OBJECTID="174957393" OBJECTGUID="68cdbb10-46d6-475d-a59c-d4540187226e" CHANGEID="689728078" ISACTIVE="1" LEVELID="10" CREATEDATE="2025-09-30" UPDATEDATE="2025-09-30" /><OBJECT OBJECTID="174957417" OBJECTGUID="6c35d144-46dc-4f29-af01-4ce546f39d2d" CHANGEID="689728123" ISACTIVE="1" LEVELID="10" CREATEDATE="2025-09-30" UPDATEDATE="2025-09-30" /><OBJECT OBJECTID="174958038" OBJECTGUID="4ef661c1-2484-49b9-a572-9cfd8b164b14" CHANGEID="689730107" ISACTIVE="1" LEVELID="11" CREATEDATE="2025-09-30" UPDATEDATE="2025-09-30" /><OBJECT OBJECTID="174958039" OBJECTGUID="5bb5d527-f6f5-4d45-b97d-ed6526c8e0ce" CHANGEID="689730108" ISACTIVE="1" LEVELID="11" CREATEDATE="2025-09-30" UPDATEDATE="2025-09-30" /><OBJECT OBJECTID="174958088" OBJECTGUID="22d444e4-6102-40f1-9d58-39a6c71293c2" CHANGEID="689730183" ISACTIVE="1" LEVELID="11" CREATEDATE="2025-09-30" UPDATEDATE="2025-09-30" /><OBJECT OBJECTID="174958089" OBJECTGUID="cc0ea13d-c826-450e-8745-a38c766208b8" CHANGEID="689730184" ISACTIVE="1" LEVELID="11" CREATEDATE="2025-09-30" UPDATEDATE="2025-09-30" /><OBJECT OBJECTID="174958114" OBJECTGUID="4ffedf75-8539-42ec-b2c6-06a0792f9dad" CHANGEID="689730308" ISACTIVE="1" LEVELID="11" CREATEDATE="2025-09-30" UPDATEDATE="2025-09-30" /><OBJECT OBJECTID="174958115" OBJECTGUID="2cd90b82-98e5-4139-857d-881c2812f20a" CHANGEID="689730309" ISACTIVE="1" LEVELID="11" CREATEDATE="2025-09-30" UPDATEDATE="2025-09-30" /><OBJECT OBJECTID="174958152" OBJECTGUID="0c4ef4ed-8a03-4375-8270-b003fa9df2cc" CHANGEID="689730368" ISACTIVE="1" LEVELID="11" CREATEDATE="2025-09-30" UPDATEDATE="2025-09-30" /><OBJECT OBJECTID="174958153" OBJECTGUID="9121f6b4-320a-4ec7-a5fd-3a090f9391eb" CHANGEID="689730369" ISACTIVE="1" LEVELID="11" CREATEDATE="2025-09-30" UPDATEDATE="2025-09-30" /><OBJECT OBJECTID="174958191" OBJECTGUID="54c988fb-b72b-4970-b406-9b744502e0eb" CHANGEID="689730424" ISACTIVE="1" LEVELID="11" CREATEDATE="2025-09-30" UPDATEDATE="2025-09-30" /><OBJECT OBJECTID="174958696" OBJECTGUID="82943e3b-f4c1-433e-9d71-2fbea097d085" CHANGEID="689732588" ISACTIVE="1" LEVELID="10" CREATEDATE="2025-09-30" UPDATEDATE="2025-09-30" /><OBJECT OBJECTID="174959661" OBJECTGUID="93e2b925-aa3d-402f-a15a-b34aad6780b2" CHANGEID="689734487" ISACTIVE="1" LEVELID="10" CREATEDATE="2025-09-30" UPDATEDATE="2025-09-30" /><OBJECT OBJECTID="174960048" OBJECTGUID="432f552a-48e4-428b-b9a7-e947dbb9d4bf" CHANGEID="689735117" ISACTIVE="1" LEVELID="10" CREATEDATE="2025-09-30" UPDATEDATE="2025-09-30" /><OBJECT OBJECTID="174960049" OBJECTGUID="4aee4eea-d13c-4ca6-a451-ccc3d8db3949" CHANGEID="689735118" ISACTIVE="1" LEVELID="11" CREATEDATE="2025-09-30" UPDATEDATE="2025-09-30" /><OBJECT OBJECTID="174960050" OBJECTGUID="08a2eae3-8107-465d-90af-9d7b0cf6474e" CHANGEID="689735119" ISACTIVE="1" LEVELID="11" CREATEDATE="2025-09-30" UPDATEDATE="2025-09-30" /><OBJECT OBJECTID="174960051" OBJECTGUID="d6c76dd7-1204-4d0c-8486-7c51300c1af5" CHANGEID="689735120" ISACTIVE="1" LEVELID="11" CREATEDATE="2025-09-30" UPDATEDATE="2025-09-30" /><OBJECT OBJECTID="174960076" OBJECTGUID="72120f2a-1a96-4048-8612-0ab85eba6849" CHANGEID="689735173" ISACTIVE="1" LEVELID="11" CREATEDATE="2025-09-30" UPDATEDATE="2025-09-30" /><OBJECT OBJECTID="174960093" OBJECTGUID="03364b4c-bdb6-4ce6-abe1-e276a26cbd59" CHANGEID="689735201" ISACTIVE="1" LEVELID="11" CREATEDATE="2025-09-30" UPDATEDATE="2025-09-30" /><OBJECT OBJECTID="174960094" OBJECTGUID="630bfa81-ee1e-40ff-83ca-f8331a76675e" CHANGEID="689735202" ISACTIVE="1" LEVELID="11" CREATEDATE="2025-09-30" UPDATEDATE="2025-09-30" /><OBJECT OBJECTID="174960159" OBJECTGUID="21820995-7ce2-4095-81ed-86d9f1521be5" CHANGEID="689735284" ISACTIVE="1" LEVELID="11" CREATEDATE="2025-09-30" UPDATEDATE="2025-09-30" /><OBJECT OBJECTID="174960160" OBJECTGUID="e152b532-de97-4d34-b2e3-681aca431d11" CHANGEID="689735285" ISACTIVE="1" LEVELID="11" CREATEDATE="2025-09-30" UPDATEDATE="2025-09-30" /><OBJECT OBJECTID="174960191" OBJECTGUID="21d178ba-9470-48db-b7c0-bfdceb5c9009" CHANGEID="689735332" ISACTIVE="1" LEVELID="11" CREATEDATE="2025-09-30" UPDATEDATE="2025-09-30" /><OBJECT OBJECTID="174960210" OBJECTGUID="76e4f7c6-efbf-45bb-80e7-6c969f70ebec" CHANGEID="689735364" ISACTIVE="1" LEVELID="11" CREATEDATE="2025-09-30" UPDATEDATE="2025-09-30" /><OBJECT OBJECTID="174960283" OBJECTGUID="5724f204-0ac7-4973-8e61-90d378095c2c" CHANGEID="689735466" ISACTIVE="1" LEVELID="11" CREATEDATE="2025-09-30" UPDATEDATE="2025-09-30" /><OBJECT OBJECTID="174960309" OBJECTGUID="1490273c-ba04-405c-8f5e-28e8e3546c0e" CHANGEID="689735582" ISACTIVE="1" LEVELID="11" CREATEDATE="2025-09-30" UPDATEDATE="2025-09-30" /><OBJECT OBJECTID="174960310" OBJECTGUID="c8499582-aa25-4d2c-a631-f1ceefd04ddf" CHANGEID="689735583" ISACTIVE="1" LEVELID="11" CREATEDATE="2025-09-30" UPDATEDATE="2025-09-30" /><OBJECT OBJECTID="174960761" OBJECTGUID="96715a23-3599-48c1-b434-135e6368fa5b" CHANGEID="689736965" ISACTIVE="1" LEVELID="11" CREATEDATE="2025-09-30" UPDATEDATE="2025-09-30" /><OBJECT OBJECTID="174960762" OBJECTGUID="8395a23e-2cb4-43fa-96af-f200e4c30929" CHANGEID="689736966" ISACTIVE="1" LEVELID="11" CREATEDATE="2025-09-30" UPDATEDATE="2025-09-30" /><OBJECT OBJECTID="174960811" OBJECTGUID="8327b49a-2c91-4a25-a258-f605505088fa" CHANGEID="689737049" ISACTIVE="1" LEVELID="10" CREATEDATE="2025-09-30" UPDATEDATE="2025-09-30" /><OBJECT OBJECTID="174960825" OBJECTGUID="f32c38d7-6d33-43c4-8bce-e868f4fd413f" CHANGEID="689737094" ISACTIVE="1" LEVELID="11" CREATEDATE="2025-09-30" UPDATEDATE="2025-09-30" /><OBJECT OBJECTID="174960902" OBJECTGUID="5ada7d10-489f-4cd9-95cc-e2ba3be6b896" CHANGEID="689737196" ISACTIVE="1" LEVELID="11" CREATEDATE="2025-09-30" UPDATEDATE="2025-09-30" /><OBJECT OBJECTID="174960903" OBJECTGUID="78537eea-af56-41e3-8da8-4df8b5e53011" CHANGEID="689737197" ISACTIVE="1" LEVELID="11" CREATEDATE="2025-09-30" UPDATEDATE="2025-09-30" /><OBJECT OBJECTID="174960928" OBJECTGUID="5412b614-f190-4e19-98f1-9a1c06d36ae0" CHANGEID="689737257" ISACTIVE="1" LEVELID="11" CREATEDATE="2025-09-30" UPDATEDATE="2025-09-30" /><OBJECT OBJECTID="174960929" OBJECTGUID="17cf1692-8e5c-4151-a61b-69932d5b40a5" CHANGEID="689737258" ISACTIVE="1" LEVELID="11" CREATEDATE="2025-09-30" UPDATEDATE="2025-09-30" /><OBJECT OBJECTID="174960947" OBJECTGUID="aab22984-8876-47e9-8ef7-07631a2c0ad5" CHANGEID="689737290" ISACTIVE="1" LEVELID="11" CREATEDATE="2025-09-30" UPDATEDATE="2025-09-30" /><OBJECT OBJECTID="174960975" OBJECTGUID="56a7d2b5-6085-4db0-8ab7-56d94bd71454" CHANGEID="689737334" ISACTIVE="1" LEVELID="9" CREATEDATE="2025-09-30" UPDATEDATE="2025-09-30" /><OBJECT OBJECTID="174960988" OBJECTGUID="5dd08766-e74f-48fa-b01d-2b01135f139d" CHANGEID="689737361" ISACTIVE="1" LEVELID="11" CREATEDATE="2025-09-30" UPDATEDATE="2025-09-30" /><OBJECT OBJECTID="174963143" OBJECTGUID="7c18a3e8-997e-42e3-ace4-e998a3434278" CHANGEID="689742079" ISACTIVE="1" LEVELID="10" CREATEDATE="2025-09-30" UPDATEDATE="2025-09-30" /><OBJECT OBJECTID="174963146" OBJECTGUID="a494f50c-0a36-40c8-be76-ac1d3c5ec3de" CHANGEID="689742084" ISACTIVE="1" LEVELID="10" CREATEDATE="2025-09-30" UPDATEDATE="2025-09-30" /><OBJECT OBJECTID="174963202" OBJECTGUID="c5eb802c-04c9-4f2b-8726-67d3702a8a2a" CHANGEID="689742154" ISACTIVE="1" LEVELID="10" CREATEDATE="2025-09-30" UPDATEDATE="2025-09-30" /><OBJECT OBJECTID="174963210" OBJECTGUID="6a23b61e-2281-4fd9-a475-9c8aaeffb481" CHANGEID="689742163" ISACTIVE="1" LEVELID="11" CREATEDATE="2025-09-30" UPDATEDATE="2025-09-30" /><OBJECT OBJECTID="174963212" OBJECTGUID="b5a4555b-825e-4240-9316-d3e0d460a8fc" CHANGEID="689742165" ISACTIVE="1" LEVELID="10" CREATEDATE="2025-09-30" UPDATEDATE="2025-09-30" /><OBJECT OBJECTID="174963209" OBJECTGUID="817c484e-fb8a-4617-8438-7ee838d3f209" CHANGEID="689742162" ISACTIVE="1" LEVELID="9" CREATEDATE="2025-09-30" UPDATEDATE="2025-09-30" /><OBJECT OBJECTID="174963211" OBJECTGUID="8322e1c1-544d-4e10-824e-baf73e005b0f" CHANGEID="689742164" ISACTIVE="1" LEVELID="10" CREATEDATE="2025-09-30" UPDATEDATE="2025-09-30" /><OBJECT OBJECTID="174963213" OBJECTGUID="da21ba41-249d-41da-96cc-7aa295deb0ba" CHANGEID="689742166" ISACTIVE="1" LEVELID="11" CREATEDATE="2025-09-30" UPDATEDATE="2025-09-30" /><OBJECT OBJECTID="174963214" OBJECTGUID="f7f904a0-9aa0-4282-9c4d-0db28155c082" CHANGEID="689742167" ISACTIVE="1" LEVELID="10" CREATEDATE="2025-09-30" UPDATEDATE="2025-09-30" /><OBJECT OBJECTID="174963215" OBJECTGUID="075fca35-a0f3-4100-b77b-9808934842f1" CHANGEID="689742168" ISACTIVE="1" LEVELID="9" CREATEDATE="2025-09-30" UPDATEDATE="2025-09-30" /><OBJECT OBJECTID="174963216" OBJECTGUID="9f52257b-914a-4407-b0df-697a970272cd" CHANGEID="689742170" ISACTIVE="1" LEVELID="10" CREATEDATE="2025-09-30" UPDATEDATE="2025-09-30" /><OBJECT OBJECTID="174963217" OBJECTGUID="700d3a44-8a38-4e36-b1f5-1fee49a83331" CHANGEID="689742171" ISACTIVE="1" LEVELID="10" CREATEDATE="2025-09-30" UPDATEDATE="2025-09-30" /><OBJECT OBJECTID="174963218" OBJECTGUID="a91fecdc-2624-41c3-90e4-b14aac703841" CHANGEID="689742172" ISACTIVE="1" LEVELID="9" CREATEDATE="2025-09-30" UPDATEDATE="2025-09-30" /><OBJECT OBJECTID="174963219" OBJECTGUID="e87c7af5-ea2c-4cae-942b-7cc5773d6c9d" CHANGEID="689742173" ISACTIVE="1" LEVELID="9" CREATEDATE="2025-09-30" UPDATEDATE="2025-09-30" /><OBJECT OBJECTID="174963229" OBJECTGUID="0706b230-6fab-4d15-b8f2-07656cebce65" CHANGEID="689742186" ISACTIVE="1" LEVELID="11" CREATEDATE="2025-09-30" UPDATEDATE="2025-09-30" /><OBJECT OBJECTID="174963230" OBJECTGUID="eb645ec7-5a7a-4b74-84ce-ee0db77e179d" CHANGEID="689742187" ISACTIVE="1" LEVELID="11" CREATEDATE="2025-09-30" UPDATEDATE="2025-09-30" /><OBJECT OBJECTID="174963231" OBJECTGUID="f6ab5565-1dff-4adf-bd21-3f0094ce3dc7" CHANGEID="689742188" ISACTIVE="1" LEVELID="11" CREATEDATE="2025-09-30" UPDATEDATE="2025-09-30" /><OBJECT OBJECTID="174963234" OBJECTGUID="fb85046b-fc82-4ad7-84ed-ab400c460c67" CHANGEID="689742192" ISACTIVE="1" LEVELID="10" CREATEDATE="2025-09-30" UPDATEDATE="2025-09-30" /><OBJECT OBJECTID="174963235" OBJECTGUID="b0e1a2cc-a579-4be3-b7b6-9e5b9a9dcc7d" CHANGEID="689742194" ISACTIVE="1" LEVELID="9" CREATEDATE="2025-09-30" UPDATEDATE="2025-09-30" /><OBJECT OBJECTID="174963237" OBJECTGUID="8a381d7c-e36c-44a7-a59d-96002cfa9578" CHANGEID="689742196" ISACTIVE="1" LEVELID="11" CREATEDATE="2025-09-30" UPDATEDATE="2025-09-30" /><OBJECT OBJECTID="174963238" OBJECTGUID="ec1295d5-e284-4340-8b9b-6c826ec8495d" CHANGEID="689742197" ISACTIVE="1" LEVELID="11" CREATEDATE="2025-09-30" UPDATEDATE="2025-09-30" /><OBJECT OBJECTID="174963242" OBJECTGUID="1edd753f-edb0-4dee-8b07-7f7d39f00a8e" CHANGEID="689742201" ISACTIVE="1" LEVELID="11" CREATEDATE="2025-09-30" UPDATEDATE="2025-09-30" /><OBJECT OBJECTID="174963243" OBJECTGUID="9f6d34db-7a04-4404-94aa-5744db0da35e" CHANGEID="689742202" ISACTIVE="1" LEVELID="11" CREATEDATE="2025-09-30" UPDATEDATE="2025-09-30" /><OBJECT OBJECTID="174963249" OBJECTGUID="22452833-305b-45f9-a9d0-ccbcd082b009" CHANGEID="689742208" ISACTIVE="1" LEVELID="11" CREATEDATE="2025-09-30" UPDATEDATE="2025-09-30" /><OBJECT OBJECTID="174963250" OBJECTGUID="bf92dce7-7a74-4050-b2a2-880c43cc700f" CHANGEID="689742209" ISACTIVE="1" LEVELID="11" CREATEDATE="2025-09-30" UPDATEDATE="2025-09-30" /><OBJECT OBJECTID="174963251" OBJECTGUID="bf18b82c-129d-4fea-bf57-8bdaab2ba94b" CHANGEID="689742210" ISACTIVE="1" LEVELID="11" CREATEDATE="2025-09-30" UPDATEDATE="2025-09-30" /><OBJECT OBJECTID="174963252" OBJECTGUID="6fb3a359-0b7e-4f1a-82ee-6415bf5ff1db" CHANGEID="689742211" ISACTIVE="1" LEVELID="11" CREATEDATE="2025-09-30" UPDATEDATE="2025-09-30" /><OBJECT OBJECTID="174963254" OBJECTGUID="cdc37641-92ab-4835-950a-be7345d2d334" CHANGEID="689742213" ISACTIVE="1" LEVELID="11" CREATEDATE="2025-09-30" UPDATEDATE="2025-09-30" /><OBJECT OBJECTID="174963256" OBJECTGUID="6c5d7c32-4420-473e-816c-bbc703a0c21c" CHANGEID="689742215" ISACTIVE="1" LEVELID="9" CREATEDATE="2025-09-30" UPDATEDATE="2025-09-30" /><OBJECT OBJECTID="174963258" OBJECTGUID="9c9b01ad-1279-4c3e-9258-3389b429297b" CHANGEID="689742217" ISACTIVE="1" LEVELID="11" CREATEDATE="2025-09-30" UPDATEDATE="2025-09-30" /><OBJECT OBJECTID="174963260" OBJECTGUID="a1f63d54-250f-45ec-acc7-2ebf7d1311c1" CHANGEID="689742219" ISACTIVE="1" LEVELID="9" CREATEDATE="2025-09-30" UPDATEDATE="2025-09-30" /><OBJECT OBJECTID="174963262" OBJECTGUID="fa7735e3-1aeb-4e8b-a6a4-a68c008282b6" CHANGEID="689742221" ISACTIVE="1" LEVELID="11" CREATEDATE="2025-09-30" UPDATEDATE="2025-09-30" /><OBJECT OBJECTID="174963264" OBJECTGUID="4e2e3216-a80b-4b79-84cc-39ae6940d4f8" CHANGEID="689742223" ISACTIVE="1" LEVELID="9" CREATEDATE="2025-09-30" UPDATEDATE="2025-09-30" /><OBJECT OBJECTID="174963266" OBJECTGUID="3514a54d-ba76-4d84-b44c-1ac7229aab11" CHANGEID="689742225" ISACTIVE="1" LEVELID="10" CREATEDATE="2025-09-30" UPDATEDATE="2025-09-30" /><OBJECT OBJECTID="174963267" OBJECTGUID="ddced2e5-9f42-4394-8cce-ce4776dcbf81" CHANGEID="689742226" ISACTIVE="1" LEVELID="11" CREATEDATE="2025-09-30" UPDATEDATE="2025-09-30" /><OBJECT OBJECTID="174963268" OBJECTGUID="314508e0-1ad5-4939-8c37-84801e2610a1" CHANGEID="689742227" ISACTIVE="1" LEVELID="9" CREATEDATE="2025-09-30" UPDATEDATE="2025-09-30" /><OBJECT OBJECTID="174963269" OBJECTGUID="dc6a8966-749f-4103-90bd-92119706160d" CHANGEID="689742228" ISACTIVE="1" LEVELID="9" CREATEDATE="2025-09-30" UPDATEDATE="2025-09-30" /><OBJECT OBJECTID="174963271" OBJECTGUID="a7d41894-86ed-4890-bc1b-2b735f5724af" CHANGEID="689742231" ISACTIVE="1" LEVELID="9" CREATEDATE="2025-09-30" UPDATEDATE="2025-09-30" /><OBJECT OBJECTID="174963273" OBJECTGUID="b680e234-4b19-44b5-8332-173de7dd4cb7" CHANGEID="689742233" ISACTIVE="1" LEVELID="10" CREATEDATE="2025-09-30" UPDATEDATE="2025-09-30" /><OBJECT OBJECTID="174963307" OBJECTGUID="972e3480-b6ea-4bdf-9623-9bd596aa3574" CHANGEID="689742278" ISACTIVE="1" LEVELID="9" CREATEDATE="2025-09-30" UPDATEDATE="2025-09-30" /><OBJECT OBJECTID="174963308" OBJECTGUID="949fa56c-4d2e-4ca8-b709-569f9aa0b1d8" CHANGEID="689742279" ISACTIVE="1" LEVELID="9" CREATEDATE="2025-09-30" UPDATEDATE="2025-09-30" /><OBJECT OBJECTID="174963309" OBJECTGUID="47be5f4e-a4c1-4340-8247-76a63888074b" CHANGEID="689742280" ISACTIVE="1" LEVELID="9" CREATEDATE="2025-09-30" UPDATEDATE="2025-09-30" /><OBJECT OBJECTID="174963310" OBJECTGUID="ab4bba10-482e-48ab-82d0-988b0e144109" CHANGEID="689742281" ISACTIVE="1" LEVELID="9" CREATEDATE="2025-09-30" UPDATEDATE="2025-09-30" /><OBJECT OBJECTID="174963311" OBJECTGUID="e89a7bc7-1d9c-4958-8bb9-fb59d35592ca" CHANGEID="689742282" ISACTIVE="1" LEVELID="9" CREATEDATE="2025-09-30" UPDATEDATE="2025-09-30" /><OBJECT OBJECTID="174963312" OBJECTGUID="3a5a2576-df66-4d29-a7f4-b7f64d9ce0b0" CHANGEID="689742283" ISACTIVE="1" LEVELID="9" CREATEDATE="2025-09-30" UPDATEDATE="2025-09-30" /><OBJECT OBJECTID="174963443" OBJECTGUID="7bec807a-d275-43ed-a72b-1107a0e44548" CHANGEID="689742493" ISACTIVE="1" LEVELID="10" CREATEDATE="2025-09-30" UPDATEDATE="2025-09-30" /><OBJECT OBJECTID="174964585" OBJECTGUID="dce031fc-1f6c-4327-9c03-491383cb5d75" CHANGEID="689744721" ISACTIVE="1" LEVELID="10" CREATEDATE="2025-09-30" UPDATEDATE="2025-09-30" /><OBJECT OBJECTID="174964588" OBJECTGUID="1aff48ea-9d8c-4161-9bd7-7adc992c9d49" CHANGEID="689744727" ISACTIVE="1" LEVELID="10" CREATEDATE="2025-09-30" UPDATEDATE="2025-09-30" /><OBJECT OBJECTID="174964590" OBJECTGUID="04ff8d5a-1d97-4ff5-93f5-4d3e6290d60c" CHANGEID="689744731" ISACTIVE="1" LEVELID="10" CREATEDATE="2025-09-30" UPDATEDATE="2025-09-30" /><OBJECT OBJECTID="174964593" OBJECTGUID="366af3e1-e7b7-4ad9-8967-f8823a1e5fc2" CHANGEID="689744758" ISACTIVE="1" LEVELID="8" CREATEDATE="2025-09-30" UPDATEDATE="2025-09-30" /><OBJECT OBJECTID="174964591" OBJECTGUID="a70aefbd-33b1-4137-8447-70fb2414665f" CHANGEID="689744734" ISACTIVE="1" LEVELID="9" CREATEDATE="2025-09-30" UPDATEDATE="2025-09-30" /><OBJECT OBJECTID="174964592" OBJECTGUID="350daf05-6846-41a1-ade9-17b3bb1a9b9a" CHANGEID="689744742" ISACTIVE="1" LEVELID="8" CREATEDATE="2025-09-30" UPDATEDATE="2025-09-30" /><OBJECT OBJECTID="174965371" OBJECTGUID="e74f60b1-552e-431e-b163-de0456d029fc" CHANGEID="689745987" ISACTIVE="1" LEVELID="10" CREATEDATE="2025-09-30" UPDATEDATE="2025-09-30" /><OBJECT OBJECTID="174965417" OBJECTGUID="bcc28380-d327-4b37-884f-7e969dc9ad24" CHANGEID="689746095" ISACTIVE="1" LEVELID="10" CREATEDATE="2025-09-30" UPDATEDATE="2025-09-30" /><OBJECT OBJECTID="174965445" OBJECTGUID="8b599967-6b99-4eea-b2bd-3d17c3f0fd4f" CHANGEID="689746177" ISACTIVE="1" LEVELID="10" CREATEDATE="2025-09-30" UPDATEDATE="2025-09-30" /><OBJECT OBJECTID="174965493" OBJECTGUID="bcfdb84f-9618-47ae-bcd1-c80798923d3b" CHANGEID="689746272" ISACTIVE="1" LEVELID="10" CREATEDATE="2025-09-30" UPDATEDATE="2025-09-30" /><OBJECT OBJECTID="174965558" OBJECTGUID="841dfcb8-a3f4-451e-8c21-559a792d4983" CHANGEID="689746453" ISACTIVE="1" LEVELID="10" CREATEDATE="2025-09-30" UPDATEDATE="2025-09-30" /><OBJECT OBJECTID="174965576" OBJECTGUID="417839aa-2d94-472d-a5a4-4fe0b80ddb46" CHANGEID="689746505" ISACTIVE="1" LEVELID="10" CREATEDATE="2025-09-30" UPDATEDATE="2025-09-30" /><OBJECT OBJECTID="174965590" OBJECTGUID="4a326cf2-5fdb-4aec-9166-09f2fa8b431c" CHANGEID="689746554" ISACTIVE="1" LEVELID="10" CREATEDATE="2025-09-30" UPDATEDATE="2025-09-30" /><OBJECT OBJECTID="174965893" OBJECTGUID="670c779a-297a-45ee-966a-6f3c6688b21f" CHANGEID="689747698" ISACTIVE="1" LEVELID="10" CREATEDATE="2025-09-30" UPDATEDATE="2025-09-30" /><OBJECT OBJECTID="174965947" OBJECTGUID="dbf6a032-ef10-4eac-a7b6-48762f012c75" CHANGEID="689747809" ISACTIVE="1" LEVELID="10" CREATEDATE="2025-09-30" UPDATEDATE="2025-09-30" /><OBJECT OBJECTID="174966106" OBJECTGUID="ab0f20b5-38e9-44dd-a1b4-c85aa3ef1408" CHANGEID="689748417" ISACTIVE="1" LEVELID="10" CREATEDATE="2025-09-30" UPDATEDATE="2025-09-30" /><OBJECT OBJECTID="174966213" OBJECTGUID="44503d77-4fc2-48e5-8a98-a141dc7a6e15" CHANGEID="689748807" ISACTIVE="1" LEVELID="10" CREATEDATE="2025-09-30" UPDATEDATE="2025-09-30" /><OBJECT OBJECTID="174966297" OBJECTGUID="ef619b56-3ac4-4e1a-b99a-30707d19460d" CHANGEID="689748934" ISACTIVE="1" LEVELID="10" CREATEDATE="2025-09-30" UPDATEDATE="2025-09-30" /><OBJECT OBJECTID="174966862" OBJECTGUID="31a1b89f-2e0d-4f2c-80b6-56b4e615c2eb" CHANGEID="689750636" ISACTIVE="1" LEVELID="10" CREATEDATE="2025-09-30" UPDATEDATE="2025-09-30" /><OBJECT OBJECTID="174966900" OBJECTGUID="ea1c242b-c488-497e-aca5-090d745c2ec6" CHANGEID="689750705" ISACTIVE="1" LEVELID="10" CREATEDATE="2025-09-30" UPDATEDATE="2025-09-30" /><OBJECT OBJECTID="47823945" OBJECTGUID="d0065fa1-a185-48fa-a1f8-5252c031330d" CHANGEID="689751164" ISACTIVE="1" LEVELID="10" CREATEDATE="2019-07-14" UPDATEDATE="2025-09-30" /><OBJECT OBJECTID="38476276" OBJECTGUID="c3cd80ed-d20e-4c0e-9110-93f64e43630a" CHANGEID="689752282" ISACTIVE="1" LEVELID="10" CREATEDATE="2019-07-14" UPDATEDATE="2025-09-30" /><OBJECT OBJECTID="38499338" OBJECTGUID="e8f33092-a1f5-4841-b937-abba1b7b8124" CHANGEID="689752457" ISACTIVE="1" LEVELID="10" CREATEDATE="2019-07-14" UPDATEDATE="2025-09-30" /><OBJECT OBJECTID="174968113" OBJECTGUID="46256355-a1ee-406c-9436-c4e07cd196fa" CHANGEID="689753377" ISACTIVE="1" LEVELID="10" CREATEDATE="2025-09-30" UPDATEDATE="2025-09-30" /><OBJECT OBJECTID="51507082" OBJECTGUID="1f618c0c-759f-4bc4-90c8-7f07a4b2400b" CHANGEID="689754484" ISACTIVE="1" LEVELID="10" CREATEDATE="2019-07-14" UPDATEDATE="2025-09-30" /><OBJECT OBJECTID="174968663" OBJECTGUID="61e7053e-76e4-4467-adf9-c19ec3ff4e4a" CHANGEID="689755017" ISACTIVE="1" LEVELID="10" CREATEDATE="2025-09-30" UPDATEDATE="2025-09-30" /><OBJECT OBJECTID="174968700" OBJECTGUID="aa9500a5-c668-48b5-8da1-9949cb95a356" CHANGEID="689755112" ISACTIVE="1" LEVELID="10" CREATEDATE="2025-09-30" UPDATEDATE="2025-09-30" /><OBJECT OBJECTID="8189114" OBJECTGUID="be08108e-3b0a-4138-a0b9-f23d160be496" CHANGEID="689733869" ISACTIVE="1" LEVELID="10" CREATEDATE="2019-07-14" UPDATEDATE="2025-09-30" /><OBJECT OBJECTID="174975565" OBJECTGUID="c8308d7e-e26b-4b98-a511-a5a3094eaa4e" CHANGEID="689788225" ISACTIVE="1" LEVELID="10" CREATEDATE="2025-10-01" UPDATEDATE="2025-10-01" /><OBJECT OBJECTID="174975567" OBJECTGUID="3edc50e0-f41c-46b9-a46f-082ce95a08ca" CHANGEID="689788233" ISACTIVE="1" LEVELID="10" CREATEDATE="2025-10-01" UPDATEDATE="2025-10-01" /><OBJECT OBJECTID="174975566" OBJECTGUID="5294271e-9d71-41ca-ba8e-f27cb016a94a" CHANGEID="689788228" ISACTIVE="1" LEVELID="10" CREATEDATE="2025-10-01" UPDATEDATE="2025-10-01" /><OBJECT OBJECTID="174975569" OBJECTGUID="e8db5b72-0c19-40d1-81d1-4bd575a15b7e" CHANGEID="689788244" ISACTIVE="1" LEVELID="10" CREATEDATE="2025-10-01" UPDATEDATE="2025-10-01" /><OBJECT OBJECTID="174975568" OBJECTGUID="7931eb18-895f-4ff4-8cbe-854ba362000c" CHANGEID="689788237" ISACTIVE="1" LEVELID="10" CREATEDATE="2025-10-01" UPDATEDATE="2025-10-01" /><OBJECT OBJECTID="174975591" OBJECTGUID="a7453732-5311-4dad-a0a8-ea60d317569b" CHANGEID="689788308" ISACTIVE="1" LEVELID="10" CREATEDATE="2025-10-01" UPDATEDATE="2025-10-01" /><OBJECT OBJECTID="174975603" OBJECTGUID="fdc37baa-9abe-4170-9982-dc58a41f8295" CHANGEID="689788325" ISACTIVE="1" LEVELID="10" CREATEDATE="2025-10-01" UPDATEDATE="2025-10-01" /><OBJECT OBJECTID="174975618" OBJECTGUID="6f75e36b-4d2f-45a6-a97f-ed2d268801ad" CHANGEID="689788354" ISACTIVE="1" LEVELID="10" CREATEDATE="2025-10-01" UPDATEDATE="2025-10-01" /><OBJECT OBJECTID="174975624" OBJECTGUID="41d903b1-a901-4a33-8e72-af110b7face3" CHANGEID="689788366" ISACTIVE="1" LEVELID="10" CREATEDATE="2025-10-01" UPDATEDATE="2025-10-01" /><OBJECT OBJECTID="174975628" OBJECTGUID="6e5ff180-dec1-4f35-8bab-21e9ecb683ba" CHANGEID="689788420" ISACTIVE="1" LEVELID="10" CREATEDATE="2025-10-01" UPDATEDATE="2025-10-01" /><OBJECT OBJECTID="174975631" OBJECTGUID="64aa4288-6507-4aeb-aeb4-a3d183ff656d" CHANGEID="689788474" ISACTIVE="1" LEVELID="10" CREATEDATE="2025-10-01" UPDATEDATE="2025-10-01" /><OBJECT OBJECTID="174975650" OBJECTGUID="60848dd5-9934-43a6-8134-7d0f89452e45" CHANGEID="689788702" ISACTIVE="1" LEVELID="11" CREATEDATE="2025-10-01" UPDATEDATE="2025-10-01" /><OBJECT OBJECTID="38274038" OBJECTGUID="792a852c-1f0c-4f8f-aaa2-3bab1588f674" CHANGEID="689709411" ISACTIVE="1" LEVELID="11" CREATEDATE="2017-03-30" UPDATEDATE="2025-09-30" /><OBJECT OBJECTID="104899783" OBJECTGUID="7eead734-7cef-4d37-9f3b-84b2af8d54a2" CHANGEID="689790951" ISACTIVE="1" LEVELID="10" CREATEDATE="2022-07-04" UPDATEDATE="2025-10-01" /><OBJECT OBJECTID="104899782" OBJECTGUID="6d1328e8-fd50-4388-8764-a02c393f3978" CHANGEID="689790950" ISACTIVE="1" LEVELID="9" CREATEDATE="2022-07-04" UPDATEDATE="2025-10-01" /><OBJECT OBJECTID="127127" OBJECTGUID="1e5d38fb-2480-41e7-93c0-29d82a484b2a" CHANGEID="689790956" ISACTIVE="1" LEVELID="7" CREATEDATE="2015-12-14" UPDATEDATE="2025-10-01" /><OBJECT OBJECTID="126849" OBJECTGUID="5637b842-3826-4914-ac57-e22802e203e7" CHANGEID="689790963" ISACTIVE="1" LEVELID="7" CREATEDATE="2012-02-29" UPDATEDATE="2025-10-01" /><OBJECT OBJECTID="126951" OBJECTGUID="79f6fbd3-6312-4e15-9187-d1f02072d1a3" CHANGEID="689790961" ISACTIVE="1" LEVELID="7" CREATEDATE="2012-02-29" UPDATEDATE="2025-10-01" /><OBJECT OBJECTID="126991" OBJECTGUID="d8e6f570-acba-4409-b998-c24a12999cb7" CHANGEID="689790964" ISACTIVE="1" LEVELID="7" CREATEDATE="2012-02-29" UPDATEDATE="2025-10-01" /><OBJECT OBJECTID="127010" OBJECTGUID="b168b1da-4a51-449d-860d-f3aed3a2f072" CHANGEID="689790968" ISACTIVE="1" LEVELID="7" CREATEDATE="2012-02-29" UPDATEDATE="2025-10-01" /><OBJECT OBJECTID="126937" OBJECTGUID="a5f2c20a-5cb0-4a63-bfc1-2f1f1a29d444" CHANGEID="689790972" ISACTIVE="1" LEVELID="7" CREATEDATE="2012-02-29" UPDATEDATE="2025-10-01" /><OBJECT OBJECTID="126795" OBJECTGUID="72232ce8-efc5-4684-8ad1-a739bb6de91a" CHANGEID="689790971" ISACTIVE="1" LEVELID="7" CREATEDATE="2012-02-29" UPDATEDATE="2025-10-01" /><OBJECT OBJECTID="126975" OBJECTGUID="a292ec24-8708-4a9c-9612-499316bf0e29" CHANGEID="689790974" ISACTIVE="1" LEVELID="7" CREATEDATE="2016-08-14" UPDATEDATE="2025-10-01" /><OBJECT OBJECTID="174977222" OBJECTGUID="b759f6a3-6280-416a-bb65-19aecea4285a" CHANGEID="689791522" ISACTIVE="1" LEVELID="10" CREATEDATE="2025-10-01" UPDATEDATE="2025-10-01" /><OBJECT OBJECTID="174977294" OBJECTGUID="1b497661-46ad-4782-bf0c-8265af41c163" CHANGEID="689791604" ISACTIVE="1" LEVELID="9" CREATEDATE="2025-10-01" UPDATEDATE="2025-10-01" /><OBJECT OBJECTID="174977313" OBJECTGUID="902ef25f-a9d4-43b3-b8c3-88fcc1988c83" CHANGEID="689791625" ISACTIVE="1" LEVELID="9" CREATEDATE="2025-10-01" UPDATEDATE="2025-10-01" /><OBJECT OBJECTID="56812863" OBJECTGUID="116df4ee-624d-49ed-bb39-7747ff32666f" CHANGEID="689791630" ISACTIVE="1" LEVELID="10" CREATEDATE="2017-12-18" UPDATEDATE="2025-10-01" /><OBJECT OBJECTID="174977320" OBJECTGUID="8caad83f-0e5a-4973-85ee-35c3afbe196e" CHANGEID="689791634" ISACTIVE="1" LEVELID="9" CREATEDATE="2025-10-01" UPDATEDATE="2025-10-01" /><OBJECT OBJECTID="174977334" OBJECTGUID="379bd98e-029f-4416-b9bf-8302d6b102fa" CHANGEID="689791649" ISACTIVE="1" LEVELID="9" CREATEDATE="2025-10-01" UPDATEDATE="2025-10-01" /><OBJECT OBJECTID="174977341" OBJECTGUID="72e72c2c-5db3-4f32-891b-a63299171823" CHANGEID="689791658" ISACTIVE="1" LEVELID="9" CREATEDATE="2025-10-01" UPDATEDATE="2025-10-01" /><OBJECT OBJECTID="42667326" OBJECTGUID="2ae15dfe-e10b-435e-9ec2-3b378fe881bf" CHANGEID="689794793" ISACTIVE="1" LEVELID="11" CREATEDATE="2017-08-03" UPDATEDATE="2025-10-01" /><OBJECT OBJECTID="7748492" OBJECTGUID="a739a6fc-004e-453c-9bbe-18f318eac733" CHANGEID="689794747" ISACTIVE="1" LEVELID="10" CREATEDATE="2018-02-19" UPDATEDATE="2025-10-01" /><OBJECT OBJECTID="9048509" OBJECTGUID="6a484dcd-0a52-41d9-9bd3-090c0373ddd0" CHANGEID="689794777" ISACTIVE="1" LEVELID="10" CREATEDATE="2018-01-31" UPDATEDATE="2025-10-01" /><OBJECT OBJECTID="31023144" OBJECTGUID="c4467d38-53bf-47a3-99ad-b01c6bfe07f3" CHANGEID="689794794" ISACTIVE="1" LEVELID="11" CREATEDATE="2017-08-02" UPDATEDATE="2025-10-01" /><OBJECT OBJECTID="174979425" OBJECTGUID="cef5ee36-b47f-4607-bee4-e6582fa8c82b" CHANGEID="689794922" ISACTIVE="1" LEVELID="9" CREATEDATE="2025-10-01" UPDATEDATE="2025-10-01" /><OBJECT OBJECTID="174979417" OBJECTGUID="35c16f67-eee8-40e9-af18-86eac493578f" CHANGEID="689794907" ISACTIVE="1" LEVELID="9" CREATEDATE="2025-10-01" UPDATEDATE="2025-10-01" /><OBJECT OBJECTID="174979418" OBJECTGUID="3fe61bd1-529d-4abf-a7f1-3648d1c67ce3" CHANGEID="689794909" ISACTIVE="1" LEVELID="9" CREATEDATE="2025-10-01" UPDATEDATE="2025-10-01" /><OBJECT OBJECTID="174979419" OBJECTGUID="4514880e-8468-488d-b4a7-553da1d3170d" CHANGEID="689794911" ISACTIVE="1" LEVELID="9" CREATEDATE="2025-10-01" UPDATEDATE="2025-10-01" /><OBJECT OBJECTID="174979420" OBJECTGUID="79a56d8f-d1a5-4782-802b-6dcc4c145042" CHANGEID="689794913" ISACTIVE="1" LEVELID="9" CREATEDATE="2025-10-01" UPDATEDATE="2025-10-01" /><OBJECT OBJECTID="174979421" OBJECTGUID="5815d22a-61d8-4bb1-8d6f-f8b223a3d822" CHANGEID="689794915" ISACTIVE="1" LEVELID="9" CREATEDATE="2025-10-01" UPDATEDATE="2025-10-01" /><OBJECT OBJECTID="174979422" OBJECTGUID="3292ca50-1330-4f29-b3f8-118bd950fc30" CHANGEID="689794917" ISACTIVE="1" LEVELID="9" CREATEDATE="2025-10-01" UPDATEDATE="2025-10-01" /><OBJECT OBJECTID="174979423" OBJECTGUID="9299c5bf-4abf-4a28-8690-cf32d35d446f" CHANGEID="689794919" ISACTIVE="1" LEVELID="9" CREATEDATE="2025-10-01" UPDATEDATE="2025-10-01" /><OBJECT OBJECTID="174979424" OBJECTGUID="8a02f798-c68b-4fa3-9d5e-d3840501765a" CHANGEID="689794921" ISACTIVE="1" LEVELID="9" CREATEDATE="2025-10-01" UPDATEDATE="2025-10-01" /><OBJECT OBJECTID="63107666" OBJECTGUID="5c25f150-a3bb-468f-85fe-ef72d244527e" CHANGEID="689798090" ISACTIVE="1" LEVELID="10" CREATEDATE="2019-07-14" UPDATEDATE="2025-10-01" /><OBJECT OBJECTID="174980910" OBJECTGUID="db62e832-0650-45c2-b100-aba86dbc574f" CHANGEID="689798099" ISACTIVE="1" LEVELID="10" CREATEDATE="2025-10-01" UPDATEDATE="2025-10-01" /><OBJECT OBJECTID="174980912" OBJECTGUID="7959eac5-ba6e-486f-a37b-96471017cbd9" CHANGEID="689798101" ISACTIVE="1" LEVELID="10" CREATEDATE="2025-10-01" UPDATEDATE="2025-10-01" /><OBJECT OBJECTID="174980911" OBJECTGUID="8bdf3c2a-6798-4e23-a8bd-f8da50fdb1c1" CHANGEID="689798100" ISACTIVE="1" LEVELID="9" CREATEDATE="2025-10-01" UPDATEDATE="2025-10-01" /><OBJECT OBJECTID="174980913" OBJECTGUID="4f3d0368-5c1d-4fbd-9b77-616b6026afd0" CHANGEID="689798103" ISACTIVE="1" LEVELID="9" CREATEDATE="2025-10-01" UPDATEDATE="2025-10-01" /><OBJECT OBJECTID="174980935" OBJECTGUID="2f8e98c2-52c0-4503-bd7d-74d968546ca4" CHANGEID="689798128" ISACTIVE="1" LEVELID="11" CREATEDATE="2025-10-01" UPDATEDATE="2025-10-01" /><OBJECT OBJECTID="174980936" OBJECTGUID="43f46e95-23cb-4963-bbd7-100758c147a4" CHANGEID="689798129" ISACTIVE="1" LEVELID="11" CREATEDATE="2025-10-01" UPDATEDATE="2025-10-01" /><OBJECT OBJECTID="174980937" OBJECTGUID="b3f7c950-6c5b-43ff-8044-ca22563ecf1d" CHANGEID="689798131" ISACTIVE="1" LEVELID="9" CREATEDATE="2025-10-01" UPDATEDATE="2025-10-01" /><OBJECT OBJECTID="174980938" OBJECTGUID="aaa47608-5e8f-4fce-85be-affbfc5e83de" CHANGEID="689798132" ISACTIVE="1" LEVELID="10" CREATEDATE="2025-10-01" UPDATEDATE="2025-10-01" /><OBJECT OBJECTID="174980955" OBJECTGUID="e10b50a3-bb45-497c-9af2-96f9e879f0d4" CHANGEID="689798509" ISACTIVE="1" LEVELID="11" CREATEDATE="2025-10-01" UPDATEDATE="2025-10-01" /><OBJECT OBJECTID="174980956" OBJECTGUID="a6ae3c67-d7b6-46f4-9841-e9be4d9f1c43" CHANGEID="689798510" ISACTIVE="1" LEVELID="11" CREATEDATE="2025-10-01" UPDATEDATE="2025-10-01" /><OBJECT OBJECTID="174980957" OBJECTGUID="dfac7173-f333-4bfe-8498-65955d01ebe2" CHANGEID="689798511" ISACTIVE="1" LEVELID="11" CREATEDATE="2025-10-01" UPDATEDATE="2025-10-01" /><OBJECT OBJECTID="174977378" OBJECTGUID="b7d80244-52c9-44bc-9a2e-1808544fbe3e" CHANGEID="689791708" ISACTIVE="1" LEVELID="9" CREATEDATE="2025-10-01" UPDATEDATE="2025-10-01" /><OBJECT OBJECTID="174983285" OBJECTGUID="beffc36b-b216-4440-b4f1-8a2b522df1ab" CHANGEID="689803090" ISACTIVE="1" LEVELID="10" CREATEDATE="2025-10-01" UPDATEDATE="2025-10-01" /><OBJECT OBJECTID="174983288" OBJECTGUID="d378db58-4704-412e-b34c-0d406090a116" CHANGEID="689803099" ISACTIVE="1" LEVELID="9" CREATEDATE="2025-10-01" UPDATEDATE="2025-10-01" /><OBJECT OBJECTID="174983300" OBJECTGUID="fb5a197e-0cc1-453c-a157-6b7951d9683f" CHANGEID="689803137" ISACTIVE="1" LEVELID="10" CREATEDATE="2025-10-01" UPDATEDATE="2025-10-01" /><OBJECT OBJECTID="68802554" OBJECTGUID="0fbef9e7-2a26-4a31-b835-d9e48f4ab189" CHANGEID="689711240" ISACTIVE="1" LEVELID="11" CREATEDATE="2017-04-24" UPDATEDATE="2025-09-30" /><OBJECT OBJECTID="32804123" OBJECTGUID="bb306d73-95a6-4dcc-831e-3d0515645117" CHANGEID="689794899" ISACTIVE="1" LEVELID="11" CREATEDATE="2017-04-21" UPDATEDATE="2025-10-01" /><OBJECT OBJECTID="174984544" OBJECTGUID="033edd44-bebd-44fa-b0fd-ac490d5beab2" CHANGEID="689806229" ISACTIVE="1" LEVELID="11" CREATEDATE="2025-10-01" UPDATEDATE="2025-10-01" /><OBJECT OBJECTID="174984545" OBJECTGUID="24d58833-375c-4e71-862b-57c511060428" CHANGEID="689806231" ISACTIVE="1" LEVELID="11" CREATEDATE="2025-10-01" UPDATEDATE="2025-10-01" /><OBJECT OBJECTID="174984547" OBJECTGUID="113754f3-5237-47a5-a5ea-0701d63cd9e2" CHANGEID="689806233" ISACTIVE="1" LEVELID="11" CREATEDATE="2025-10-01" UPDATEDATE="2025-10-01" /><OBJECT OBJECTID="174984546" OBJECTGUID="b3a0199a-c8d2-4aa3-8696-2f28a9445fef" CHANGEID="689806232" ISACTIVE="1" LEVELID="11" CREATEDATE="2025-10-01" UPDATEDATE="2025-10-01" /><OBJECT OBJECTID="174984548" OBJECTGUID="6e3d6894-c0d7-4216-a44a-dbbdb7570147" CHANGEID="689806234" ISACTIVE="1" LEVELID="11" CREATEDATE="2025-10-01" UPDATEDATE="2025-10-01" /><OBJECT OBJECTID="174984584" OBJECTGUID="9209ff86-3be3-4166-9cfe-262bdfba49e4" CHANGEID="689806312" ISACTIVE="1" LEVELID="9" CREATEDATE="2025-10-01" UPDATEDATE="2025-10-01" /><OBJECT OBJECTID="174984633" OBJECTGUID="0835a6fa-3db5-4da5-b0d3-b86faddb46a6" CHANGEID="689806420" ISACTIVE="1" LEVELID="10" CREATEDATE="2025-10-01" UPDATEDATE="2025-10-01" /><OBJECT OBJECTID="174984638" OBJECTGUID="bc612df6-614e-4464-b6d3-a0dcc0e2cc05" CHANGEID="689806425" ISACTIVE="1" LEVELID="10" CREATEDATE="2025-10-01" UPDATEDATE="2025-10-01" /><OBJECT OBJECTID="174984639" OBJECTGUID="299937dd-eb18-49c1-8c6b-f3c53dd35ff7" CHANGEID="689806426" ISACTIVE="1" LEVELID="10" CREATEDATE="2025-10-01" UPDATEDATE="2025-10-01" /><OBJECT OBJECTID="174984675" OBJECTGUID="6a5886fd-303d-4db0-aa19-ffd936a95386" CHANGEID="689806518" ISACTIVE="1" LEVELID="10" CREATEDATE="2025-10-01" UPDATEDATE="2025-10-01" /><OBJECT OBJECTID="174984670" OBJECTGUID="38b53a61-86a1-49a6-8bcc-7b7d0d7cf042" CHANGEID="689806510" ISACTIVE="1" LEVELID="9" CREATEDATE="2025-10-01" UPDATEDATE="2025-10-01" /><OBJECT OBJECTID="174984717" OBJECTGUID="498c4789-52fb-417a-984c-66a12b12baad" CHANGEID="689806620" ISACTIVE="1" LEVELID="11" CREATEDATE="2025-10-01" UPDATEDATE="2025-10-01" /><OBJECT OBJECTID="174984723" OBJECTGUID="7bb7fcfe-36ae-4d2a-a5b9-6482687ca8fd" CHANGEID="689806629" ISACTIVE="1" LEVELID="11" CREATEDATE="2025-10-01" UPDATEDATE="2025-10-01" /><OBJECT OBJECTID="174984729" OBJECTGUID="4fe14ba7-f098-46f6-a74c-eec684892265" CHANGEID="689806643" ISACTIVE="1" LEVELID="11" CREATEDATE="2025-10-01" UPDATEDATE="2025-10-01" /><OBJECT OBJECTID="174984733" OBJECTGUID="78a3432b-2145-4db1-8658-15a5b6288aca" CHANGEID="689806649" ISACTIVE="1" LEVELID="11" CREATEDATE="2025-10-01" UPDATEDATE="2025-10-01" /><OBJECT OBJECTID="174984755" OBJECTGUID="6d82827e-a538-486e-8e1b-51d76181c112" CHANGEID="689806680" ISACTIVE="1" LEVELID="11" CREATEDATE="2025-10-01" UPDATEDATE="2025-10-01" /><OBJECT OBJECTID="174984758" OBJECTGUID="a287025e-19d6-44f3-b6b2-f7dce21db588" CHANGEID="689806683" ISACTIVE="1" LEVELID="11" CREATEDATE="2025-10-01" UPDATEDATE="2025-10-01" /><OBJECT OBJECTID="174984764" OBJECTGUID="216cfe94-2f42-44e3-9074-faee15b8d4d6" CHANGEID="689806703" ISACTIVE="1" LEVELID="11" CREATEDATE="2025-10-01" UPDATEDATE="2025-10-01" /><OBJECT OBJECTID="174984771" OBJECTGUID="89cef9b1-4345-4559-86bc-4c057e6b257a" CHANGEID="689806746" ISACTIVE="1" LEVELID="11" CREATEDATE="2025-10-01" UPDATEDATE="2025-10-01" /><OBJECT OBJECTID="174984788" OBJECTGUID="db1a46f4-6aa7-4bf6-86db-26d0a44a82a3" CHANGEID="689806785" ISACTIVE="1" LEVELID="11" CREATEDATE="2025-10-01" UPDATEDATE="2025-10-01" /><OBJECT OBJECTID="174984789" OBJECTGUID="7d6abc0f-53ad-406e-bd6a-fa6fd72f0155" CHANGEID="689806786" ISACTIVE="1" LEVELID="11" CREATEDATE="2025-10-01" UPDATEDATE="2025-10-01" /><OBJECT OBJECTID="174984790" OBJECTGUID="b6efabc8-4aab-4e42-98e8-ff8b702d32ef" CHANGEID="689806787" ISACTIVE="1" LEVELID="11" CREATEDATE="2025-10-01" UPDATEDATE="2025-10-01" /><OBJECT OBJECTID="174984848" OBJECTGUID="02d4d01d-b40c-43a9-b6e2-e298a26d30c2" CHANGEID="689806876" ISACTIVE="1" LEVELID="11" CREATEDATE="2025-10-01" UPDATEDATE="2025-10-01" /><OBJECT OBJECTID="174984849" OBJECTGUID="fcde989e-0597-4e3e-b01d-5f034d20de18" CHANGEID="689806877" ISACTIVE="1" LEVELID="11" CREATEDATE="2025-10-01" UPDATEDATE="2025-10-01" /><OBJECT OBJECTID="174984864" OBJECTGUID="90d11b56-bee5-4858-a861-a7186f25efda" CHANGEID="689806908" ISACTIVE="1" LEVELID="11" CREATEDATE="2025-10-01" UPDATEDATE="2025-10-01" /><OBJECT OBJECTID="174984904" OBJECTGUID="1b7e2b90-845a-4c97-9c6b-237521731f8f" CHANGEID="689806978" ISACTIVE="1" LEVELID="11" CREATEDATE="2025-10-01" UPDATEDATE="2025-10-01" /><OBJECT OBJECTID="174984914" OBJECTGUID="f9367eb4-62d0-41e5-a920-f0b1c047fb57" CHANGEID="689807017" ISACTIVE="1" LEVELID="11" CREATEDATE="2025-10-01" UPDATEDATE="2025-10-01" /><OBJECT OBJECTID="17864711" OBJECTGUID="962976c3-c4b6-4260-95cd-803b6f038dbc" CHANGEID="689807020" ISACTIVE="1" LEVELID="11" CREATEDATE="2017-04-23" UPDATEDATE="2025-10-01" /><OBJECT OBJECTID="174984927" OBJECTGUID="4ffb3ef7-a813-48ba-98eb-60a2ba6be6de" CHANGEID="689807046" ISACTIVE="1" LEVELID="11" CREATEDATE="2025-10-01" UPDATEDATE="2025-10-01" /><OBJECT OBJECTID="21663593" OBJECTGUID="120f158b-2c2e-41db-baf7-f08cedaac566" CHANGEID="689807108" ISACTIVE="1" LEVELID="10" CREATEDATE="2019-07-14" UPDATEDATE="2025-10-01" /><OBJECT OBJECTID="174984973" OBJECTGUID="8b1bfd43-0ef2-4828-98be-ce2f7bc4c670" CHANGEID="689807105" ISACTIVE="1" LEVELID="11" CREATEDATE="2025-10-01" UPDATEDATE="2025-10-01" /><OBJECT OBJECTID="174984980" OBJECTGUID="3b6c2d9e-b1b4-466e-b807-7f4de25d335f" CHANGEID="689807134" ISACTIVE="1" LEVELID="11" CREATEDATE="2025-10-01" UPDATEDATE="2025-10-01" /><OBJECT OBJECTID="174985437" OBJECTGUID="9328f2bb-443f-4fa4-b800-5c000bca7e0c" CHANGEID="689808321" ISACTIVE="1" LEVELID="10" CREATEDATE="2025-10-01" UPDATEDATE="2025-10-01" /><OBJECT OBJECTID="174985443" OBJECTGUID="4ad8b27d-b43f-4d88-ab2c-88342aa7bae8" CHANGEID="689808334" ISACTIVE="1" LEVELID="10" CREATEDATE="2025-10-01" UPDATEDATE="2025-10-01" /><OBJECT OBJECTID="174985453" OBJECTGUID="e5268a6e-b0c4-46ea-869c-1e0a70db5921" CHANGEID="689808351" ISACTIVE="1" LEVELID="11" CREATEDATE="2025-10-01" UPDATEDATE="2025-10-01" /><OBJECT OBJECTID="174985458" OBJECTGUID="78e43435-ae5a-44c0-a2aa-4c504b3dcf18" CHANGEID="689808360" ISACTIVE="1" LEVELID="10" CREATEDATE="2025-10-01" UPDATEDATE="2025-10-01" /><OBJECT OBJECTID="174985456" OBJECTGUID="a69a38f6-463a-4066-820d-6f80a28f0d70" CHANGEID="689808355" ISACTIVE="1" LEVELID="10" CREATEDATE="2025-10-01" UPDATEDATE="2025-10-01" /><OBJECT OBJECTID="174985461" OBJECTGUID="1c24ee8d-c986-4ce3-b648-30b60382e6a0" CHANGEID="689808365" ISACTIVE="1" LEVELID="9" CREATEDATE="2025-10-01" UPDATEDATE="2025-10-01" /><OBJECT OBJECTID="174985464" OBJECTGUID="c8386d0a-1bcb-49ed-937f-b4956a663416" CHANGEID="689808375" ISACTIVE="1" LEVELID="10" CREATEDATE="2025-10-01" UPDATEDATE="2025-10-01" /><OBJECT OBJECTID="174985473" OBJECTGUID="4f176a3d-6138-49f4-9e83-a084933477ba" CHANGEID="689808391" ISACTIVE="1" LEVELID="10" CREATEDATE="2025-10-01" UPDATEDATE="2025-10-01" /><OBJECT OBJECTID="174985483" OBJECTGUID="29c8d19c-9aed-4ea3-8917-c7880c04dd00" CHANGEID="689808415" ISACTIVE="1" LEVELID="9" CREATEDATE="2025-10-01" UPDATEDATE="2025-10-01" /><OBJECT OBJECTID="174985524" OBJECTGUID="5f6157eb-c2ad-43a5-a1a8-487d53c2237d" CHANGEID="689808473" ISACTIVE="1" LEVELID="10" CREATEDATE="2025-10-01" UPDATEDATE="2025-10-01" /><OBJECT OBJECTID="174985531" OBJECTGUID="0cd3bd1e-7dc4-4efe-ae75-98727727423a" CHANGEID="689808488" ISACTIVE="1" LEVELID="9" CREATEDATE="2025-10-01" UPDATEDATE="2025-10-01" /><OBJECT OBJECTID="174985542" OBJECTGUID="96ff5f3a-3867-43b6-a53b-3e7ab50a77c5" CHANGEID="689808517" ISACTIVE="1" LEVELID="9" CREATEDATE="2025-10-01" UPDATEDATE="2025-10-01" /><OBJECT OBJECTID="174985546" OBJECTGUID="5a0f9603-2017-4ff6-b024-a0f5efdd8b0a" CHANGEID="689808527" ISACTIVE="1" LEVELID="10" CREATEDATE="2025-10-01" UPDATEDATE="2025-10-01" /><OBJECT OBJECTID="9788728" OBJECTGUID="067857c9-89c5-45d7-a7db-9e98110ca9a8" CHANGEID="689754281" ISACTIVE="1" LEVELID="10" CREATEDATE="2019-07-14" UPDATEDATE="2025-09-30" /><OBJECT OBJECTID="174988536" OBJECTGUID="206aa47a-1b2b-46bd-99bd-02a1874491c7" CHANGEID="689813360" ISACTIVE="1" LEVELID="11" CREATEDATE="2025-10-01" UPDATEDATE="2025-10-01" /><OBJECT OBJECTID="174988483" OBJECTGUID="66fff2b8-7341-4c76-b204-33153db277f4" CHANGEID="689813305" ISACTIVE="1" LEVELID="11" CREATEDATE="2025-10-01" UPDATEDATE="2025-10-01" /><OBJECT OBJECTID="174988535" OBJECTGUID="beef0334-0a09-4c89-b3af-93fcc6830418" CHANGEID="689813359" ISACTIVE="1" LEVELID="11" CREATEDATE="2025-10-01" UPDATEDATE="2025-10-01" /><OBJECT OBJECTID="174988537" OBJECTGUID="cdaedfa8-75e3-4a6f-b885-a0156c8ecf4d" CHANGEID="689813363" ISACTIVE="1" LEVELID="11" CREATEDATE="2025-10-01" UPDATEDATE="2025-10-01" /><OBJECT OBJECTID="174988542" OBJECTGUID="e8673ac6-36e1-4398-ac4d-dedf657ee1a9" CHANGEID="689813369" ISACTIVE="1" LEVELID="11" CREATEDATE="2025-10-01" UPDATEDATE="2025-10-01" /><OBJECT OBJECTID="174988547" OBJECTGUID="66748219-9f9d-4249-974a-0de964e48660" CHANGEID="689813379" ISACTIVE="1" LEVELID="9" CREATEDATE="2025-10-01" UPDATEDATE="2025-10-01" /><OBJECT OBJECTID="174988545" OBJECTGUID="96574ee2-580f-44d6-8cb0-06ac6f89b180" CHANGEID="689813374" ISACTIVE="1" LEVELID="11" CREATEDATE="2025-10-01" UPDATEDATE="2025-10-01" /><OBJECT OBJECTID="174988548" OBJECTGUID="9991ee23-d83d-4717-b739-6c4b13331a1c" CHANGEID="689813382" ISACTIVE="1" LEVELID="11" CREATEDATE="2025-10-01" UPDATEDATE="2025-10-01" /><OBJECT OBJECTID="174988549" OBJECTGUID="c9a6a4e8-8af7-46de-bd0d-c4af6c47f37c" CHANGEID="689813383" ISACTIVE="1" LEVELID="11" CREATEDATE="2025-10-01" UPDATEDATE="2025-10-01" /><OBJECT OBJECTID="174988565" OBJECTGUID="26d88d9a-f04b-4033-a03a-01a307a1df09" CHANGEID="689813400" ISACTIVE="1" LEVELID="11" CREATEDATE="2025-10-01" UPDATEDATE="2025-10-01" /><OBJECT OBJECTID="174988566" OBJECTGUID="59334d73-ff2a-41fb-a9f7-bbf2ea87ccaf" CHANGEID="689813401" ISACTIVE="1" LEVELID="11" CREATEDATE="2025-10-01" UPDATEDATE="2025-10-01" /><OBJECT OBJECTID="174988573" OBJECTGUID="2941022c-08da-47f8-aa54-bb41f1343bbc" CHANGEID="689813414" ISACTIVE="1" LEVELID="10" CREATEDATE="2025-10-01" UPDATEDATE="2025-10-01" /><OBJECT OBJECTID="174988575" OBJECTGUID="ad1ad5a2-1dbe-4818-ba53-c7a464f795dd" CHANGEID="689813418" ISACTIVE="1" LEVELID="9" CREATEDATE="2025-10-01" UPDATEDATE="2025-10-01" /><OBJECT OBJECTID="174988593" OBJECTGUID="c3f62caa-31fb-4f38-b29f-fa1c92d3351d" CHANGEID="689813440" ISACTIVE="1" LEVELID="9" CREATEDATE="2025-10-01" UPDATEDATE="2025-10-01" /><OBJECT OBJECTID="174988648" OBJECTGUID="3aa7de21-a1d3-475a-8bc6-24b35a19f171" CHANGEID="689813512" ISACTIVE="1" LEVELID="10" CREATEDATE="2025-10-01" UPDATEDATE="2025-10-01" /><OBJECT OBJECTID="174988649" OBJECTGUID="0913335c-fbc3-418f-b3df-a2b1df718a8f" CHANGEID="689813513" ISACTIVE="1" LEVELID="10" CREATEDATE="2025-10-01" UPDATEDATE="2025-10-01" /><OBJECT OBJECTID="174988650" OBJECTGUID="ebed5c0b-1727-4cf1-9a1f-e283f13b5a81" CHANGEID="689813514" ISACTIVE="1" LEVELID="10" CREATEDATE="2025-10-01" UPDATEDATE="2025-10-01" /><OBJECT OBJECTID="174988651" OBJECTGUID="1af62c78-582c-4860-baaf-c76b3a3ffcda" CHANGEID="689813515" ISACTIVE="1" LEVELID="10" CREATEDATE="2025-10-01" UPDATEDATE="2025-10-01" /><OBJECT OBJECTID="174988652" OBJECTGUID="b295ba0f-615c-4e11-a299-93b12988b7e5" CHANGEID="689813516" ISACTIVE="1" LEVELID="10" CREATEDATE="2025-10-01" UPDATEDATE="2025-10-01" /><OBJECT OBJECTID="174988653" OBJECTGUID="cac5d0e7-9241-42db-b837-1d8dc7de6113" CHANGEID="689813517" ISACTIVE="1" LEVELID="10" CREATEDATE="2025-10-01" UPDATEDATE="2025-10-01" /><OBJECT OBJECTID="174988654" OBJECTGUID="1d8cc8e7-1c65-4702-9e1a-1a52a9e330dd" CHANGEID="689813518" ISACTIVE="1" LEVELID="10" CREATEDATE="2025-10-01" UPDATEDATE="2025-10-01" /><OBJECT OBJECTID="174988655" OBJECTGUID="0f214dd6-d761-4c7f-b7b2-d991915a3790" CHANGEID="689813519" ISACTIVE="1" LEVELID="10" CREATEDATE="2025-10-01" UPDATEDATE="2025-10-01" /><OBJECT OBJECTID="174988656" OBJECTGUID="61b8f8eb-a030-44ae-8433-1cdf4d210ea4" CHANGEID="689813520" ISACTIVE="1" LEVELID="10" CREATEDATE="2025-10-01" UPDATEDATE="2025-10-01" /><OBJECT OBJECTID="174988676" OBJECTGUID="a415a2e6-5776-408f-8438-7ba340ae8e4e" CHANGEID="689813543" ISACTIVE="1" LEVELID="9" CREATEDATE="2025-10-01" UPDATEDATE="2025-10-01" /><OBJECT OBJECTID="174988703" OBJECTGUID="3c200299-3fbb-49c1-b5cc-582fb39196f9" CHANGEID="689813590" ISACTIVE="1" LEVELID="10" CREATEDATE="2025-10-01" UPDATEDATE="2025-10-01" /><OBJECT OBJECTID="174988704" OBJECTGUID="dbed2549-4139-4189-af0e-bc37de74f9cb" CHANGEID="689813591" ISACTIVE="1" LEVELID="10" CREATEDATE="2025-10-01" UPDATEDATE="2025-10-01" /><OBJECT OBJECTID="174988705" OBJECTGUID="806f1347-4d13-43a1-9063-e60447732737" CHANGEID="689813592" ISACTIVE="1" LEVELID="10" CREATEDATE="2025-10-01" UPDATEDATE="2025-10-01" /><OBJECT OBJECTID="174988706" OBJECTGUID="8bc8c70d-dc5b-4a3d-ba20-e9e7bf4fdc4b" CHANGEID="689813593" ISACTIVE="1" LEVELID="10" CREATEDATE="2025-10-01" UPDATEDATE="2025-10-01" /><OBJECT OBJECTID="174988707" OBJECTGUID="640eb79f-a04e-4aa3-814c-34dab74454dc" CHANGEID="689813594" ISACTIVE="1" LEVELID="10" CREATEDATE="2025-10-01" UPDATEDATE="2025-10-01" /><OBJECT OBJECTID="174988708" OBJECTGUID="77263854-8ed9-4b43-bb9e-a63bfd79aaa8" CHANGEID="689813595" ISACTIVE="1" LEVELID="10" CREATEDATE="2025-10-01" UPDATEDATE="2025-10-01" /><OBJECT OBJECTID="174988716" OBJECTGUID="66c62db8-d1fd-4cc2-b62c-3d2d66e22182" CHANGEID="689813606" ISACTIVE="1" LEVELID="12" CREATEDATE="2025-10-01" UPDATEDATE="2025-10-01" /><OBJECT OBJECTID="174988780" OBJECTGUID="0719106f-43a5-4e67-aa16-5a4d3791da1f" CHANGEID="689813695" ISACTIVE="1" LEVELID="10" CREATEDATE="2025-10-01" UPDATEDATE="2025-10-01" /><OBJECT OBJECTID="174988916" OBJECTGUID="d89d588f-82de-42ab-a1e6-0289106967fd" CHANGEID="689813960" ISACTIVE="1" LEVELID="8" CREATEDATE="2025-10-01" UPDATEDATE="2025-10-01" /><OBJECT OBJECTID="174989501" OBJECTGUID="3189d40f-2fae-4a31-ada1-c85f50f93a13" CHANGEID="689814920" ISACTIVE="1" LEVELID="11" CREATEDATE="2025-10-01" UPDATEDATE="2025-10-01" /><OBJECT OBJECTID="174991783" OBJECTGUID="342de63d-0a41-4e70-956d-562c7e9172a2" CHANGEID="689819700" ISACTIVE="1" LEVELID="9" CREATEDATE="2025-10-01" UPDATEDATE="2025-10-01" /><OBJECT OBJECTID="174991795" OBJECTGUID="129734e5-71b5-4a6f-a648-e6203ccf200d" CHANGEID="689819718" ISACTIVE="1" LEVELID="11" CREATEDATE="2025-10-01" UPDATEDATE="2025-10-01" /><OBJECT OBJECTID="174991797" OBJECTGUID="a267faff-a20f-47e9-9508-5a9706bd1a43" CHANGEID="689819720" ISACTIVE="1" LEVELID="11" CREATEDATE="2025-10-01" UPDATEDATE="2025-10-01" /><OBJECT OBJECTID="174991799" OBJECTGUID="9faf527f-f3df-4e29-82f6-d4fb0fce0380" CHANGEID="689819723" ISACTIVE="1" LEVELID="11" CREATEDATE="2025-10-01" UPDATEDATE="2025-10-01" /><OBJECT OBJECTID="174991801" OBJECTGUID="146ea09d-5df0-43c7-b4f4-05462b541b71" CHANGEID="689819725" ISACTIVE="1" LEVELID="10" CREATEDATE="2025-10-01" UPDATEDATE="2025-10-01" /><OBJECT OBJECTID="174991807" OBJECTGUID="577afbc3-c8b3-46b4-a9be-4d1a73e26877" CHANGEID="689819733" ISACTIVE="1" LEVELID="10" CREATEDATE="2025-10-01" UPDATEDATE="2025-10-01" /><OBJECT OBJECTID="174992430" OBJECTGUID="2f0b46bd-6445-4cc6-9d71-b2b5bf8d0267" CHANGEID="689821763" ISACTIVE="1" LEVELID="10" CREATEDATE="2025-10-01" UPDATEDATE="2025-10-01" /><OBJECT OBJECTID="174992434" OBJECTGUID="f8b95e7c-c55d-4c3b-b6b7-fc7e106ea6c8" CHANGEID="689821784" ISACTIVE="1" LEVELID="10" CREATEDATE="2025-10-01" UPDATEDATE="2025-10-01" /><OBJECT OBJECTID="174992435" OBJECTGUID="c2bfb71e-fd02-44b7-b409-19d04605dc94" CHANGEID="689821790" ISACTIVE="1" LEVELID="9" CREATEDATE="2025-10-01" UPDATEDATE="2025-10-01" /><OBJECT OBJECTID="174992439" OBJECTGUID="8912b880-5184-4850-8948-ecee4a4ce337" CHANGEID="689821798" ISACTIVE="1" LEVELID="12" CREATEDATE="2025-10-01" UPDATEDATE="2025-10-01" /><OBJECT OBJECTID="174992441" OBJECTGUID="af4a8e33-4676-4d94-b684-0903c77cfa04" CHANGEID="689821802" ISACTIVE="1" LEVELID="12" CREATEDATE="2025-10-01" UPDATEDATE="2025-10-01" /><OBJECT OBJECTID="127204" OBJECTGUID="02e25597-9865-4206-aa08-f5d4782688fd" CHANGEID="689746729" ISACTIVE="1" LEVELID="7" CREATEDATE="2012-03-11" UPDATEDATE="2025-09-30" /><OBJECT OBJECTID="104795913" OBJECTGUID="47975672-5ecf-42af-989b-58566ab488b1" CHANGEID="689790948" ISACTIVE="1" LEVELID="10" CREATEDATE="2022-06-22" UPDATEDATE="2025-10-01" /><OBJECT OBJECTID="127233" OBJECTGUID="ac4a1442-26f2-4b84-b004-706911f8aa20" CHANGEID="689790946" ISACTIVE="1" LEVELID="7" CREATEDATE="2012-03-11" UPDATEDATE="2025-10-01" /><OBJECT OBJECTID="104795911" OBJECTGUID="53475b6c-bc72-4b32-aa3c-231b03cc7534" CHANGEID="689790947" ISACTIVE="1" LEVELID="9" CREATEDATE="2022-06-22" UPDATEDATE="2025-10-01" /><OBJECT OBJECTID="127262" OBJECTGUID="84593f25-7c72-4f23-9051-3eb5930b9bee" CHANGEID="689790945" ISACTIVE="1" LEVELID="7" CREATEDATE="2012-03-11" UPDATEDATE="2025-10-01" /><OBJECT OBJECTID="127318" OBJECTGUID="89997e96-4362-4d40-9eea-13520a7da3a2" CHANGEID="689790943" ISACTIVE="1" LEVELID="7" CREATEDATE="2015-12-14" UPDATEDATE="2025-10-01" /><OBJECT OBJECTID="127338" OBJECTGUID="a5b02e1f-b5bb-422b-911f-9483c863b47f" CHANGEID="689790941" ISACTIVE="1" LEVELID="7" CREATEDATE="2015-12-14" UPDATEDATE="2025-10-01" /><OBJECT OBJECTID="127418" OBJECTGUID="7ae95207-050b-459a-b810-2242bf970f36" CHANGEID="689790936" ISACTIVE="1" LEVELID="7" CREATEDATE="2015-12-14" UPDATEDATE="2025-10-01" /><OBJECT OBJECTID="127362" OBJECTGUID="e03e4f06-2523-4818-94f0-fa196b3d9f7f" CHANGEID="689790939" ISACTIVE="1" LEVELID="7" CREATEDATE="2015-12-14" UPDATEDATE="2025-10-01" /><OBJECT OBJECTID="96042948" OBJECTGUID="c614ad4f-1bf8-4ad9-8580-328922fc153c" CHANGEID="689746878" ISACTIVE="1" LEVELID="9" CREATEDATE="2020-03-19" UPDATEDATE="2025-09-30" /><OBJECT OBJECTID="174990203" OBJECTGUID="e6040455-a46e-42bf-a2a3-2611f88de97d" CHANGEID="689816754" ISACTIVE="1" LEVELID="11" CREATEDATE="2025-10-01" UPDATEDATE="2025-10-01" /><OBJECT OBJECTID="174990211" OBJECTGUID="9a57a3f3-07cd-4a85-918c-bce5b0615eb4" CHANGEID="689816762" ISACTIVE="1" LEVELID="11" CREATEDATE="2025-10-01" UPDATEDATE="2025-10-01" /><OBJECT OBJECTID="174990212" OBJECTGUID="3084c860-16a8-485e-b505-1110ad82b785" CHANGEID="689816763" ISACTIVE="1" LEVELID="11" CREATEDATE="2025-10-01" UPDATEDATE="2025-10-01" /><OBJECT OBJECTID="174990213" OBJECTGUID="72668c04-582f-440c-8c38-61e5f3419235" CHANGEID="689816764" ISACTIVE="1" LEVELID="11" CREATEDATE="2025-10-01" UPDATEDATE="2025-10-01" /><OBJECT OBJECTID="174990214" OBJECTGUID="702a0a31-6ca2-49d0-a3ff-a5c87db89ab7" CHANGEID="689816765" ISACTIVE="1" LEVELID="11" CREATEDATE="2025-10-01" UPDATEDATE="2025-10-01" /><OBJECT OBJECTID="174990215" OBJECTGUID="5f045587-54b5-484b-b1bf-2e2bb966e4e7" CHANGEID="689816766" ISACTIVE="1" LEVELID="11" CREATEDATE="2025-10-01" UPDATEDATE="2025-10-01" /><OBJECT OBJECTID="174990216" OBJECTGUID="44395b58-c5d5-40f9-9867-3bab3442614a" CHANGEID="689816767" ISACTIVE="1" LEVELID="11" CREATEDATE="2025-10-01" UPDATEDATE="2025-10-01" /><OBJECT OBJECTID="174990217" OBJECTGUID="4f7278f8-a816-4095-96b6-98fb2c560dcc" CHANGEID="689816768" ISACTIVE="1" LEVELID="11" CREATEDATE="2025-10-01" UPDATEDATE="2025-10-01" /><OBJECT OBJECTID="174990235" OBJECTGUID="3d40c69c-7c78-4c8a-82bb-40044ca8764c" CHANGEID="689816789" ISACTIVE="1" LEVELID="11" CREATEDATE="2025-10-01" UPDATEDATE="2025-10-01" /><OBJECT OBJECTID="174990236" OBJECTGUID="fe2bd70e-5a5d-488a-a85f-3300a69c9644" CHANGEID="689816790" ISACTIVE="1" LEVELID="11" CREATEDATE="2025-10-01" UPDATEDATE="2025-10-01" /><OBJECT OBJECTID="174990237" OBJECTGUID="7189c356-4402-4e8e-ae32-418737a953ac" CHANGEID="689816791" ISACTIVE="1" LEVELID="11" CREATEDATE="2025-10-01" UPDATEDATE="2025-10-01" /><OBJECT OBJECTID="2892053" OBJECTGUID="c7b9577c-12d6-41de-b0f4-0f1895f18126" CHANGEID="689807097" ISACTIVE="1" LEVELID="10" CREATEDATE="2017-01-19" UPDATEDATE="2025-10-01" /><OBJECT OBJECTID="127025" OBJECTGUID="c64548c9-44e4-4f68-8032-9918107d6074" CHANGEID="689790959" ISACTIVE="1" LEVELID="7" CREATEDATE="2012-02-29" UPDATEDATE="2025-10-01" /><OBJECT OBJECTID="126909" OBJECTGUID="f71212e6-5f4f-4df0-b7eb-247c8674f204" CHANGEID="689790958" ISACTIVE="1" LEVELID="7" CREATEDATE="2012-02-29" UPDATEDATE="2025-10-01" /><OBJECT OBJECTID="126870" OBJECTGUID="68ed7b8c-abb5-4670-b7eb-11295eef599f" CHANGEID="689746876" ISACTIVE="1" LEVELID="7" CREATEDATE="2012-02-29" UPDATEDATE="2025-09-30" /><OBJECT OBJECTID="38900731" OBJECTGUID="781e9b0b-bda1-482c-bcb6-00e4d4398b7b" CHANGEID="689794738" ISACTIVE="1" LEVELID="10" CREATEDATE="2018-05-03" UPDATEDATE="2025-10-01" /><OBJECT OBJECTID="38923231" OBJECTGUID="0ae2c853-7358-4d8d-b48f-319b21431046" CHANGEID="689794737" ISACTIVE="1" LEVELID="10" CREATEDATE="2019-07-14" UPDATEDATE="2025-10-01" /><OBJECT OBJECTID="73644968" OBJECTGUID="56080ec1-afe1-4a76-b45e-d9425f1b2e12" CHANGEID="689752828" ISACTIVE="1" LEVELID="10" CREATEDATE="2019-07-14" UPDATEDATE="2025-09-30" /><OBJECT OBJECTID="6158697" OBJECTGUID="4c0757ef-667f-4441-b5f5-0df070c43b5f" CHANGEID="689691761" ISACTIVE="1" LEVELID="10" CREATEDATE="2017-05-17" UPDATEDATE="2025-09-29" /><OBJECT OBJECTID="19310088" OBJECTGUID="6f8a6f13-f5d8-43d9-9e60-18e85b9345fd" CHANGEID="689794761" ISACTIVE="1" LEVELID="10" CREATEDATE="2016-10-21" UPDATEDATE="2025-10-01" /><OBJECT OBJECTID="20792784" OBJECTGUID="120e91a9-0a85-446a-89b7-0ad3c3fa816f" CHANGEID="689753465" ISACTIVE="1" LEVELID="10" CREATEDATE="2017-05-15" UPDATEDATE="2025-09-30" /><OBJECT OBJECTID="58895097" OBJECTGUID="8160c805-7634-419c-b8be-c2d44a7bc766" CHANGEID="689751313" ISACTIVE="1" LEVELID="10" CREATEDATE="2019-07-14" UPDATEDATE="2025-09-30" /><OBJECT OBJECTID="83239086" OBJECTGUID="b06a3678-778a-4b1f-9f02-2478b7988859" CHANGEID="689794900" ISACTIVE="1" LEVELID="10" CREATEDATE="2019-07-14" UPDATEDATE="2025-10-01" /><OBJECT OBJECTID="83283445" OBJECTGUID="f5d8eab6-aa11-4e63-b694-43082d828747" CHANGEID="689794902" ISACTIVE="1" LEVELID="10" CREATEDATE="2019-07-14" UPDATEDATE="2025-10-01" /><OBJECT OBJECTID="14381948" OBJECTGUID="cd496636-063d-455f-8fb0-14580bf0cd6b" CHANGEID="689719633" ISACTIVE="1" LEVELID="10" CREATEDATE="2019-07-14" UPDATEDATE="2025-09-30" /><OBJECT OBJECTID="62354528" OBJECTGUID="4433a609-fd0d-4c5e-a66f-23ee2d199da0" CHANGEID="689691942" ISACTIVE="1" LEVELID="10" CREATEDATE="2019-03-28" UPDATEDATE="2025-09-29" /><OBJECT OBJECTID="34848405" OBJECTGUID="b3c00d86-8ec4-4644-9a7b-14919fc14b0f" CHANGEID="689692446" ISACTIVE="1" LEVELID="10" CREATEDATE="2018-10-15" UPDATEDATE="2025-09-29" /><OBJECT OBJECTID="59987968" OBJECTGUID="446c4efd-9124-4a82-9168-5f656d4f051c" CHANGEID="689692864" ISACTIVE="1" LEVELID="10" CREATEDATE="2019-07-14" UPDATEDATE="2025-09-29" /><OBJECT OBJECTID="79817475" OBJECTGUID="cf743001-c5d3-4748-a891-4b498514ea03" CHANGEID="689821804" ISACTIVE="1" LEVELID="10" CREATEDATE="2019-07-14" UPDATEDATE="2025-10-01" /><OBJECT OBJECTID="72277951" OBJECTGUID="9bae40e2-0e0f-48f1-af02-4bad40aac757" CHANGEID="689821800" ISACTIVE="1" LEVELID="10" CREATEDATE="2019-07-14" UPDATEDATE="2025-10-01" /><OBJECT OBJECTID="7959688" OBJECTGUID="3f83ffab-fff4-4542-9dae-a794999a7770" CHANGEID="689731879" ISACTIVE="1" LEVELID="10" CREATEDATE="2017-10-25" UPDATEDATE="2025-09-30" /><OBJECT OBJECTID="45732430" OBJECTGUID="e9ad9cba-09d2-4286-a5e8-ecb9737a1a5d" CHANGEID="689719637" ISACTIVE="1" LEVELID="10" CREATEDATE="2019-07-14" UPDATEDATE="2025-09-30" /><OBJECT OBJECTID="51429486" OBJECTGUID="43f3c8d2-3fb9-4076-ba92-2e2e99170c7b" CHANGEID="689755193" ISACTIVE="1" LEVELID="10" CREATEDATE="2019-07-14" UPDATEDATE="2025-09-30" /><OBJECT OBJECTID="11621690" OBJECTGUID="4f5a9234-e6c8-4d57-bc23-3741c55d41c9" CHANGEID="689752123" ISACTIVE="1" LEVELID="10" CREATEDATE="2019-07-14" UPDATEDATE="2025-09-30" /><OBJECT OBJECTID="29285497" OBJECTGUID="598df238-c943-4f37-83eb-3045b3d2a10c" CHANGEID="689751407" ISACTIVE="1" LEVELID="10" CREATEDATE="2019-07-14" UPDATEDATE="2025-09-30" /><OBJECT OBJECTID="29285244" OBJECTGUID="4e1bd424-7233-4fbe-b1c5-2d1d9060a960" CHANGEID="689751458" ISACTIVE="1" LEVELID="10" CREATEDATE="2019-07-14" UPDATEDATE="2025-09-30" /><OBJECT OBJECTID="8120710" OBJECTGUID="7084c3d3-85fd-4cfe-84e8-313d183f5348" CHANGEID="689755230" ISACTIVE="1" LEVELID="10" CREATEDATE="2019-07-14" UPDATEDATE="2025-09-30" /><OBJECT OBJECTID="58532430" OBJECTGUID="5829664b-cb45-413b-8784-14f7f9568b93" CHANGEID="689635721" ISACTIVE="1" LEVELID="10" CREATEDATE="2017-12-17" UPDATEDATE="2025-09-29" /><OBJECT OBJECTID="56804096" OBJECTGUID="c174cfcd-fa49-43cc-a69e-2d326ee090fe" CHANGEID="689791705" ISACTIVE="1" LEVELID="10" CREATEDATE="2017-12-18" UPDATEDATE="2025-10-01" /><OBJECT OBJECTID="56825008" OBJECTGUID="24439598-fd81-4f5d-9f28-f4ffdf09b803" CHANGEID="689794916" ISACTIVE="1" LEVELID="10" CREATEDATE="2017-12-18" UPDATEDATE="2025-10-01" /><OBJECT OBJECTID="77177064" OBJECTGUID="52970f8c-ec5a-4f14-b37a-087d85a276bf" CHANGEID="689754865" ISACTIVE="1" LEVELID="10" CREATEDATE="2019-09-23" UPDATEDATE="2025-09-30" /><OBJECT OBJECTID="22795803" OBJECTGUID="3672cd40-9bd2-4be9-a487-02aad0c0a883" CHANGEID="689813757" ISACTIVE="1" LEVELID="10" CREATEDATE="2016-12-28" UPDATEDATE="2025-10-01" /><OBJECT OBJECTID="22810143" OBJECTGUID="50ba7a94-764d-4964-8059-2f19b9442449" CHANGEID="689813405" ISACTIVE="1" LEVELID="10" CREATEDATE="2019-07-14" UPDATEDATE="2025-10-01" /><OBJECT OBJECTID="60432558" OBJECTGUID="2b686fd2-8cb4-45b0-a078-f227cae37409" CHANGEID="689819738" ISACTIVE="1" LEVELID="10" CREATEDATE="2015-10-26" UPDATEDATE="2025-10-01" /><OBJECT OBJECTID="48112623" OBJECTGUID="37a8736c-d13a-412b-863b-9614eb1b71e1" CHANGEID="689794786" ISACTIVE="1" LEVELID="10" CREATEDATE="2017-12-18" UPDATEDATE="2025-10-01" /><OBJECT OBJECTID="23420493" OBJECTGUID="10dba2fb-53e1-4623-bc97-53b5a93ca1f4" CHANGEID="689794781" ISACTIVE="1" LEVELID="10" CREATEDATE="2019-07-14" UPDATEDATE="2025-10-01" /><OBJECT OBJECTID="23456808" OBJECTGUID="9fc3b773-a5af-415b-bd07-efb175f171d1" CHANGEID="689794782" ISACTIVE="1" LEVELID="10" CREATEDATE="2019-07-14" UPDATEDATE="2025-10-01" /><OBJECT OBJECTID="57211231" OBJECTGUID="bfa7367a-917a-4686-bcc7-9797ef885566" CHANGEID="689794784" ISACTIVE="1" LEVELID="10" CREATEDATE="2019-07-14" UPDATEDATE="2025-10-01" /><OBJECT OBJECTID="99002430" OBJECTGUID="b1cfaf17-ee4e-4316-b79c-05a1b84e887a" CHANGEID="689752067" ISACTIVE="1" LEVELID="10" CREATEDATE="2020-11-09" UPDATEDATE="2025-09-30" /><OBJECT OBJECTID="103954482" OBJECTGUID="6a0d7067-305a-4857-b03a-d3c389699334" CHANGEID="689754328" ISACTIVE="1" LEVELID="10" CREATEDATE="2022-03-16" UPDATEDATE="2025-09-30" /><OBJECT OBJECTID="127548" OBJECTGUID="fcca27fe-055d-4c22-aebd-05e4317c046b" CHANGEID="689746873" ISACTIVE="1" LEVELID="7" CREATEDATE="2015-12-14" UPDATEDATE="2025-09-30" /><OBJECT OBJECTID="127521" OBJECTGUID="fe1e1748-95a8-43a7-97f6-0c3406c3ab31" CHANGEID="689746875" ISACTIVE="1" LEVELID="7" CREATEDATE="2014-09-11" UPDATEDATE="2025-09-30" /><OBJECT OBJECTID="102919411" OBJECTGUID="0211cca2-3a14-45a4-94ce-58af035905d1" CHANGEID="689746881" ISACTIVE="1" LEVELID="10" CREATEDATE="2021-11-15" UPDATEDATE="2025-09-30" /><OBJECT OBJECTID="102919410" OBJECTGUID="dfc6a6fd-a8b5-458a-b8ea-d90ca9def9ef" CHANGEID="689746880" ISACTIVE="1" LEVELID="9" CREATEDATE="2021-11-15" UPDATEDATE="2025-09-30" /><OBJECT OBJECTID="96042955" OBJECTGUID="00a17b28-6727-496f-ba66-1375d88aab15" CHANGEID="689746879" ISACTIVE="1" LEVELID="10" CREATEDATE="2020-03-19" UPDATEDATE="2025-09-30" /><OBJECT OBJECTID="127507" OBJECTGUID="533c09e3-0201-45cf-8328-d3b0a492a04b" CHANGEID="689746877" ISACTIVE="1" LEVELID="7" CREATEDATE="2012-03-12" UPDATEDATE="2025-09-30" /><OBJECT OBJECTID="127490" OBJECTGUID="a9cfe550-3b15-49bc-8e7a-167a3d03c879" CHANGEID="689746883" ISACTIVE="1" LEVELID="7" CREATEDATE="2015-12-14" UPDATEDATE="2025-09-30" /><OBJECT OBJECTID="127095" OBJECTGUID="7a2ed2ee-0e0d-4e5d-b117-d6605e7be064" CHANGEID="689746886" ISACTIVE="1" LEVELID="7" CREATEDATE="2017-12-04" UPDATEDATE="2025-09-30" /><OBJECT OBJECTID="127600" OBJECTGUID="320072e9-582a-43c2-8129-e21d37059a8b" CHANGEID="689790952" ISACTIVE="1" LEVELID="7" CREATEDATE="2017-12-04" UPDATEDATE="2025-10-01" /><OBJECT OBJECTID="127170" OBJECTGUID="4c1577bc-a2d4-4416-8d18-db87fa126419" CHANGEID="689790954" ISACTIVE="1" LEVELID="7" CREATEDATE="2015-12-14" UPDATEDATE="2025-10-01" /><OBJECT OBJECTID="69144844" OBJECTGUID="c57f054c-1d17-4159-aa1a-1e5a6752a85f" CHANGEID="689794789" ISACTIVE="1" LEVELID="10" CREATEDATE="2017-01-19" UPDATEDATE="2025-10-01" /><OBJECT OBJECTID="23433414" OBJECTGUID="896948ab-4b37-43ff-949a-922dc53b5870" CHANGEID="689742161" ISACTIVE="1" LEVELID="10" CREATEDATE="2017-03-07" UPDATEDATE="2025-09-30" /><OBJECT OBJECTID="28209495" OBJECTGUID="5011fa68-a746-4c90-9858-5e585cdf92d4" CHANGEID="689794788" ISACTIVE="1" LEVELID="10" CREATEDATE="2018-06-20" UPDATEDATE="2025-10-01" /><OBJECT OBJECTID="39457243" OBJECTGUID="8280781e-3e25-48b9-8e30-f09c44b4d6e3" CHANGEID="689744743" ISACTIVE="1" LEVELID="10" CREATEDATE="2017-12-18" UPDATEDATE="2025-09-30" /><OBJECT OBJECTID="76686437" OBJECTGUID="deabc087-36ae-4bc9-9797-9b1adf5e9309" CHANGEID="689742169" ISACTIVE="1" LEVELID="11" CREATEDATE="2017-06-20" UPDATEDATE="2025-09-30" /><OBJECT OBJECTID="76686412" OBJECTGUID="216ade20-b91b-44c5-b130-53ddfae6abb6" CHANGEID="689742175" ISACTIVE="1" LEVELID="11" CREATEDATE="2017-06-20" UPDATEDATE="2025-09-30" /></REESTR_OBJECTS>