﻿<?xml version="1.0" encoding="utf-8"?><STEADS><STEAD ID="74168526" OBJECTID="174919084" OBJECTGUID="8b735b1f-4742-4adb-94a9-b93121a7c606" CHANGEID="689644839" NUMBER="31" OPERTYPEID="10" PREVID="0" NEXTID="0" UPDATEDATE="2025-09-29" STARTDATE="2025-09-29" ENDDATE="2079-06-06" ISACTUAL="1" ISACTIVE="1" /><STEAD ID="74168518" OBJECTID="174919073" OBJECTGUID="4851aec5-6c34-4ac2-88b6-36fd33599f03" CHANGEID="689644828" NUMBER="17" OPERTYPEID="10" PREVID="0" NEXTID="0" UPDATEDATE="2025-09-29" STARTDATE="2025-09-29" ENDDATE="2079-06-06" ISACTUAL="1" ISACTIVE="1" /><STEAD ID="74168525" OBJECTID="174919083" OBJECTGUID="ec7e1412-d674-4dc9-ad24-c6a62bdbc212" CHANGEID="689644838" NUMBER="16" OPERTYPEID="10" PREVID="0" NEXTID="0" UPDATEDATE="2025-09-29" STARTDATE="2025-09-29" ENDDATE="2079-06-06" ISACTUAL="1" ISACTIVE="1" /><STEAD ID="74168549" OBJECTID="174919130" OBJECTGUID="a1afe236-c602-42a5-9ebc-79b353d77f56" CHANGEID="689645067" NUMBER="14" OPERTYPEID="10" PREVID="0" NEXTID="0" UPDATEDATE="2025-09-29" STARTDATE="2025-09-29" ENDDATE="2079-06-06" ISACTUAL="1" ISACTIVE="1" /><STEAD ID="74168556" OBJECTID="174919137" OBJECTGUID="cf19bb70-0315-4cf1-95fb-f3847f8b840b" CHANGEID="689645076" NUMBER="71" OPERTYPEID="10" PREVID="0" NEXTID="0" UPDATEDATE="2025-09-29" STARTDATE="2025-09-29" ENDDATE="2079-06-06" ISACTUAL="1" ISACTIVE="1" /><STEAD ID="74168557" OBJECTID="174919138" OBJECTGUID="92ea84ac-dcee-4317-be2d-7444b8533c5f" CHANGEID="689645077" NUMBER="27" OPERTYPEID="10" PREVID="0" NEXTID="0" UPDATEDATE="2025-09-29" STARTDATE="2025-09-29" ENDDATE="2079-06-06" ISACTUAL="1" ISACTIVE="1" /><STEAD ID="74168558" OBJECTID="174919139" OBJECTGUID="2e239c42-df45-44b0-9b66-675535c9e374" CHANGEID="689645078" NUMBER="39" OPERTYPEID="10" PREVID="0" NEXTID="0" UPDATEDATE="2025-09-29" STARTDATE="2025-09-29" ENDDATE="2079-06-06" ISACTUAL="1" ISACTIVE="1" /><STEAD ID="74168559" OBJECTID="174919140" OBJECTGUID="717318f5-4ffd-4cf9-a50d-8f1a4b25aa95" CHANGEID="689645079" NUMBER="32" OPERTYPEID="10" PREVID="0" NEXTID="0" UPDATEDATE="2025-09-29" STARTDATE="2025-09-29" ENDDATE="2079-06-06" ISACTUAL="1" ISACTIVE="1" /><STEAD ID="74168730" OBJECTID="174919533" OBJECTGUID="1754166e-9f2d-42e6-b497-322a3d908844" CHANGEID="689645509" NUMBER="3" OPERTYPEID="10" PREVID="0" NEXTID="0" UPDATEDATE="2025-09-29" STARTDATE="2025-09-29" ENDDATE="2079-06-06" ISACTUAL="1" ISACTIVE="1" /><STEAD ID="74169090" OBJECTID="174920067" OBJECTGUID="6a96bbd1-8351-43b3-9b07-46ab9b1bc726" CHANGEID="689646226" NUMBER="60" OPERTYPEID="10" PREVID="0" NEXTID="0" UPDATEDATE="2025-09-29" STARTDATE="2025-09-29" ENDDATE="2079-06-06" ISACTUAL="1" ISACTIVE="1" /><STEAD ID="74169140" OBJECTID="174920138" OBJECTGUID="1ab92326-a67c-43e9-8950-671f9a01a1c1" CHANGEID="689646357" NUMBER="5а" OPERTYPEID="10" PREVID="0" NEXTID="0" UPDATEDATE="2025-09-29" STARTDATE="2025-09-29" ENDDATE="2079-06-06" ISACTUAL="1" ISACTIVE="1" /><STEAD ID="74169210" OBJECTID="174920257" OBJECTGUID="b5aa05b7-d35f-40a0-b4dd-01b644a34b3d" CHANGEID="689646562" NUMBER="2" OPERTYPEID="10" PREVID="0" NEXTID="0" UPDATEDATE="2025-09-29" STARTDATE="2025-09-29" ENDDATE="2079-06-06" ISACTUAL="1" ISACTIVE="1" /><STEAD ID="74169225" OBJECTID="174920301" OBJECTGUID="e57345f9-923e-4f01-9e4a-f9e9e8e5af2b" CHANGEID="689646625" NUMBER="64" OPERTYPEID="10" PREVID="0" NEXTID="0" UPDATEDATE="2025-09-29" STARTDATE="2025-09-29" ENDDATE="2079-06-06" ISACTUAL="1" ISACTIVE="1" /><STEAD ID="74170120" OBJECTID="174922265" OBJECTGUID="8fef96c3-ee4d-4e8a-95d5-f095fe377cb1" CHANGEID="689649819" NUMBER="3" OPERTYPEID="10" PREVID="0" NEXTID="0" UPDATEDATE="2025-09-29" STARTDATE="2025-09-29" ENDDATE="2079-06-06" ISACTUAL="1" ISACTIVE="1" /><STEAD ID="74171567" OBJECTID="174926223" OBJECTGUID="9a7de2be-320f-44a9-a3ea-9fadce61aeba" CHANGEID="689655970" NUMBER="9А" OPERTYPEID="10" PREVID="0" NEXTID="0" UPDATEDATE="2025-09-29" STARTDATE="2025-09-29" ENDDATE="2079-06-06" ISACTUAL="1" ISACTIVE="1" /><STEAD ID="74173978" OBJECTID="174931572" OBJECTGUID="55c7b4b9-9271-4a70-a58b-9a1d1f684446" CHANGEID="689671550" NUMBER="3" OPERTYPEID="10" PREVID="0" NEXTID="0" UPDATEDATE="2025-09-29" STARTDATE="2025-09-29" ENDDATE="2079-06-06" ISACTUAL="1" ISACTIVE="1" /><STEAD ID="74174047" OBJECTID="174931774" OBJECTGUID="b76bf090-bd23-420a-914c-8543837aebec" CHANGEID="689672012" NUMBER="21б" OPERTYPEID="10" PREVID="0" NEXTID="0" UPDATEDATE="2025-09-29" STARTDATE="2025-09-29" ENDDATE="2079-06-06" ISACTUAL="1" ISACTIVE="1" /><STEAD ID="74174783" OBJECTID="174933280" OBJECTGUID="98c1add5-42af-44f2-87a8-e929edf6ed0c" CHANGEID="689674618" NUMBER="10" OPERTYPEID="10" PREVID="0" NEXTID="0" UPDATEDATE="2025-09-29" STARTDATE="2025-09-29" ENDDATE="2079-06-06" ISACTUAL="1" ISACTIVE="1" /><STEAD ID="74175505" OBJECTID="174935059" OBJECTGUID="92f37624-1b69-4f7c-9232-320c4cd38ef3" CHANGEID="689678904" NUMBER="25б" OPERTYPEID="10" PREVID="0" NEXTID="0" UPDATEDATE="2025-09-29" STARTDATE="2025-09-29" ENDDATE="2079-06-06" ISACTUAL="1" ISACTIVE="1" /><STEAD ID="74176900" OBJECTID="174938968" OBJECTGUID="b6f47619-058c-421d-be7e-b2a6e38d52be" CHANGEID="689687766" NUMBER="17" OPERTYPEID="10" PREVID="0" NEXTID="0" UPDATEDATE="2025-09-29" STARTDATE="2025-09-29" ENDDATE="2079-06-06" ISACTUAL="1" ISACTIVE="1" /><STEAD ID="74177604" OBJECTID="174940028" OBJECTGUID="7252a2ef-317a-4346-9c17-cdbc776bd30d" CHANGEID="689690309" NUMBER="2" OPERTYPEID="10" PREVID="0" NEXTID="0" UPDATEDATE="2025-09-29" STARTDATE="2025-09-29" ENDDATE="2079-06-06" ISACTUAL="1" ISACTIVE="1" /><STEAD ID="74177651" OBJECTID="174940096" OBJECTGUID="2eba872b-1192-4f43-88a1-8efb3ab6ce5e" CHANGEID="689690421" NUMBER="6" OPERTYPEID="10" PREVID="0" NEXTID="0" UPDATEDATE="2025-09-29" STARTDATE="2025-09-29" ENDDATE="2079-06-06" ISACTUAL="1" ISACTIVE="1" /><STEAD ID="74177951" OBJECTID="174940507" OBJECTGUID="b2826532-c722-4ba5-89d7-52c6cf01a265" CHANGEID="689691044" NUMBER="18а" OPERTYPEID="10" PREVID="0" NEXTID="0" UPDATEDATE="2025-09-29" STARTDATE="2025-09-29" ENDDATE="2079-06-06" ISACTUAL="1" ISACTIVE="1" /><STEAD ID="74182783" OBJECTID="174949383" OBJECTGUID="b168d1d4-cf34-4059-a1d0-16307fa06883" CHANGEID="689709043" NUMBER="8" OPERTYPEID="10" PREVID="0" NEXTID="0" UPDATEDATE="2025-09-30" STARTDATE="2025-09-30" ENDDATE="2079-06-06" ISACTUAL="1" ISACTIVE="1" /><STEAD ID="74182897" OBJECTID="174949582" OBJECTGUID="6801f25d-d1b9-4965-9972-17d6475fcecd" CHANGEID="689709349" NUMBER="28" OPERTYPEID="10" PREVID="0" NEXTID="0" UPDATEDATE="2025-09-30" STARTDATE="2025-09-30" ENDDATE="2079-06-06" ISACTUAL="1" ISACTIVE="1" /><STEAD ID="74186587" OBJECTID="174954815" OBJECTGUID="dc15b4df-a9ba-46eb-9c7b-2d14cd36bda3" CHANGEID="689722618" NUMBER="28" OPERTYPEID="10" PREVID="0" NEXTID="0" UPDATEDATE="2025-09-30" STARTDATE="2025-09-30" ENDDATE="2079-06-06" ISACTUAL="1" ISACTIVE="1" /><STEAD ID="74186588" OBJECTID="174954818" OBJECTGUID="4d2bfc5a-e031-4f17-b0f8-17379492542d" CHANGEID="689722621" NUMBER="26" OPERTYPEID="10" PREVID="0" NEXTID="0" UPDATEDATE="2025-09-30" STARTDATE="2025-09-30" ENDDATE="2079-06-06" ISACTUAL="1" ISACTIVE="1" /><STEAD ID="74190316" OBJECTID="174960975" OBJECTGUID="56a7d2b5-6085-4db0-8ab7-56d94bd71454" CHANGEID="689737334" NUMBER="1" OPERTYPEID="10" PREVID="0" NEXTID="0" UPDATEDATE="2025-09-30" STARTDATE="2025-09-30" ENDDATE="2079-06-06" ISACTUAL="1" ISACTIVE="1" /><STEAD ID="74191868" OBJECTID="174963218" OBJECTGUID="a91fecdc-2624-41c3-90e4-b14aac703841" CHANGEID="689742172" NUMBER="16В" OPERTYPEID="10" PREVID="0" NEXTID="0" UPDATEDATE="2025-09-30" STARTDATE="2025-09-30" ENDDATE="2079-06-06" ISACTUAL="1" ISACTIVE="1" /><STEAD ID="74191869" OBJECTID="174963219" OBJECTGUID="e87c7af5-ea2c-4cae-942b-7cc5773d6c9d" CHANGEID="689742173" NUMBER="16Б" OPERTYPEID="10" PREVID="0" NEXTID="0" UPDATEDATE="2025-09-30" STARTDATE="2025-09-30" ENDDATE="2079-06-06" ISACTUAL="1" ISACTIVE="1" /><STEAD ID="74191881" OBJECTID="174963271" OBJECTGUID="a7d41894-86ed-4890-bc1b-2b735f5724af" CHANGEID="689742231" NUMBER="11" OPERTYPEID="10" PREVID="0" NEXTID="0" UPDATEDATE="2025-09-30" STARTDATE="2025-09-30" ENDDATE="2079-06-06" ISACTUAL="1" ISACTIVE="1" /><STEAD ID="74191866" OBJECTID="174963209" OBJECTGUID="817c484e-fb8a-4617-8438-7ee838d3f209" CHANGEID="689742162" NUMBER="14" OPERTYPEID="10" PREVID="0" NEXTID="0" UPDATEDATE="2025-09-30" STARTDATE="2025-09-30" ENDDATE="2079-06-06" ISACTUAL="1" ISACTIVE="1" /><STEAD ID="74191867" OBJECTID="174963215" OBJECTGUID="075fca35-a0f3-4100-b77b-9808934842f1" CHANGEID="689742168" NUMBER="24А/1" OPERTYPEID="10" PREVID="0" NEXTID="0" UPDATEDATE="2025-09-30" STARTDATE="2025-09-30" ENDDATE="2079-06-06" ISACTUAL="1" ISACTIVE="1" /><STEAD ID="74191872" OBJECTID="174963235" OBJECTGUID="b0e1a2cc-a579-4be3-b7b6-9e5b9a9dcc7d" CHANGEID="689742194" NUMBER="6/12" OPERTYPEID="10" PREVID="0" NEXTID="0" UPDATEDATE="2025-09-30" STARTDATE="2025-09-30" ENDDATE="2079-06-06" ISACTUAL="1" ISACTIVE="1" /><STEAD ID="74191874" OBJECTID="174963256" OBJECTGUID="6c5d7c32-4420-473e-816c-bbc703a0c21c" CHANGEID="689742215" NUMBER="21" OPERTYPEID="10" PREVID="0" NEXTID="0" UPDATEDATE="2025-09-30" STARTDATE="2025-09-30" ENDDATE="2079-06-06" ISACTUAL="1" ISACTIVE="1" /><STEAD ID="74191875" OBJECTID="174963260" OBJECTGUID="a1f63d54-250f-45ec-acc7-2ebf7d1311c1" CHANGEID="689742219" NUMBER="84А" OPERTYPEID="10" PREVID="0" NEXTID="0" UPDATEDATE="2025-09-30" STARTDATE="2025-09-30" ENDDATE="2079-06-06" ISACTUAL="1" ISACTIVE="1" /><STEAD ID="74191876" OBJECTID="174963264" OBJECTGUID="4e2e3216-a80b-4b79-84cc-39ae6940d4f8" CHANGEID="689742223" NUMBER="11" OPERTYPEID="10" PREVID="0" NEXTID="0" UPDATEDATE="2025-09-30" STARTDATE="2025-09-30" ENDDATE="2079-06-06" ISACTUAL="1" ISACTIVE="1" /><STEAD ID="74191878" OBJECTID="174963268" OBJECTGUID="314508e0-1ad5-4939-8c37-84801e2610a1" CHANGEID="689742227" NUMBER="11/2" OPERTYPEID="10" PREVID="0" NEXTID="0" UPDATEDATE="2025-09-30" STARTDATE="2025-09-30" ENDDATE="2079-06-06" ISACTUAL="1" ISACTIVE="1" /><STEAD ID="74191879" OBJECTID="174963269" OBJECTGUID="dc6a8966-749f-4103-90bd-92119706160d" CHANGEID="689742228" NUMBER="11/1" OPERTYPEID="10" PREVID="0" NEXTID="0" UPDATEDATE="2025-09-30" STARTDATE="2025-09-30" ENDDATE="2079-06-06" ISACTUAL="1" ISACTIVE="1" /><STEAD ID="74191913" OBJECTID="174963307" OBJECTGUID="972e3480-b6ea-4bdf-9623-9bd596aa3574" CHANGEID="689742278" NUMBER="8б" OPERTYPEID="10" PREVID="0" NEXTID="0" UPDATEDATE="2025-09-30" STARTDATE="2025-09-30" ENDDATE="2079-06-06" ISACTUAL="1" ISACTIVE="1" /><STEAD ID="74191914" OBJECTID="174963308" OBJECTGUID="949fa56c-4d2e-4ca8-b709-569f9aa0b1d8" CHANGEID="689742279" NUMBER="8а" OPERTYPEID="10" PREVID="0" NEXTID="0" UPDATEDATE="2025-09-30" STARTDATE="2025-09-30" ENDDATE="2079-06-06" ISACTUAL="1" ISACTIVE="1" /><STEAD ID="74191915" OBJECTID="174963309" OBJECTGUID="47be5f4e-a4c1-4340-8247-76a63888074b" CHANGEID="689742280" NUMBER="7б" OPERTYPEID="10" PREVID="0" NEXTID="0" UPDATEDATE="2025-09-30" STARTDATE="2025-09-30" ENDDATE="2079-06-06" ISACTUAL="1" ISACTIVE="1" /><STEAD ID="74191916" OBJECTID="174963310" OBJECTGUID="ab4bba10-482e-48ab-82d0-988b0e144109" CHANGEID="689742281" NUMBER="7а" OPERTYPEID="10" PREVID="0" NEXTID="0" UPDATEDATE="2025-09-30" STARTDATE="2025-09-30" ENDDATE="2079-06-06" ISACTUAL="1" ISACTIVE="1" /><STEAD ID="74191917" OBJECTID="174963311" OBJECTGUID="e89a7bc7-1d9c-4958-8bb9-fb59d35592ca" CHANGEID="689742282" NUMBER="6б" OPERTYPEID="10" PREVID="0" NEXTID="0" UPDATEDATE="2025-09-30" STARTDATE="2025-09-30" ENDDATE="2079-06-06" ISACTUAL="1" ISACTIVE="1" /><STEAD ID="74191918" OBJECTID="174963312" OBJECTGUID="3a5a2576-df66-4d29-a7f4-b7f64d9ce0b0" CHANGEID="689742283" NUMBER="6а" OPERTYPEID="10" PREVID="0" NEXTID="0" UPDATEDATE="2025-09-30" STARTDATE="2025-09-30" ENDDATE="2079-06-06" ISACTUAL="1" ISACTIVE="1" /><STEAD ID="74192824" OBJECTID="174964591" OBJECTGUID="a70aefbd-33b1-4137-8447-70fb2414665f" CHANGEID="689744734" NUMBER="24" OPERTYPEID="10" PREVID="0" NEXTID="0" UPDATEDATE="2025-09-30" STARTDATE="2025-09-30" ENDDATE="2079-06-06" ISACTUAL="1" ISACTIVE="1" /><STEAD ID="74199635" OBJECTID="174977313" OBJECTGUID="902ef25f-a9d4-43b3-b8c3-88fcc1988c83" CHANGEID="689791625" NUMBER="28а" OPERTYPEID="10" PREVID="0" NEXTID="0" UPDATEDATE="2025-10-01" STARTDATE="2025-10-01" ENDDATE="2079-06-06" ISACTUAL="1" ISACTIVE="1" /><STEAD ID="74199621" OBJECTID="174977294" OBJECTGUID="1b497661-46ad-4782-bf0c-8265af41c163" CHANGEID="689791604" NUMBER="9" OPERTYPEID="10" PREVID="0" NEXTID="0" UPDATEDATE="2025-10-01" STARTDATE="2025-10-01" ENDDATE="2079-06-06" ISACTUAL="1" ISACTIVE="1" /><STEAD ID="74199639" OBJECTID="174977320" OBJECTGUID="8caad83f-0e5a-4973-85ee-35c3afbe196e" CHANGEID="689791634" NUMBER="28" OPERTYPEID="10" PREVID="0" NEXTID="0" UPDATEDATE="2025-10-01" STARTDATE="2025-10-01" ENDDATE="2079-06-06" ISACTUAL="1" ISACTIVE="1" /><STEAD ID="74199650" OBJECTID="174977334" OBJECTGUID="379bd98e-029f-4416-b9bf-8302d6b102fa" CHANGEID="689791649" NUMBER="27" OPERTYPEID="10" PREVID="0" NEXTID="0" UPDATEDATE="2025-10-01" STARTDATE="2025-10-01" ENDDATE="2079-06-06" ISACTUAL="1" ISACTIVE="1" /><STEAD ID="74199655" OBJECTID="174977341" OBJECTGUID="72e72c2c-5db3-4f32-891b-a63299171823" CHANGEID="689791658" NUMBER="25" OPERTYPEID="10" PREVID="0" NEXTID="0" UPDATEDATE="2025-10-01" STARTDATE="2025-10-01" ENDDATE="2079-06-06" ISACTUAL="1" ISACTIVE="1" /><STEAD ID="74199683" OBJECTID="174977378" OBJECTGUID="b7d80244-52c9-44bc-9a2e-1808544fbe3e" CHANGEID="689791708" NUMBER="2" OPERTYPEID="10" PREVID="0" NEXTID="0" UPDATEDATE="2025-10-01" STARTDATE="2025-10-01" ENDDATE="2079-06-06" ISACTUAL="1" ISACTIVE="1" /><STEAD ID="74200852" OBJECTID="174979417" OBJECTGUID="35c16f67-eee8-40e9-af18-86eac493578f" CHANGEID="689794907" NUMBER="18" OPERTYPEID="10" PREVID="0" NEXTID="0" UPDATEDATE="2025-10-01" STARTDATE="2025-10-01" ENDDATE="2079-06-06" ISACTUAL="1" ISACTIVE="1" /><STEAD ID="74200853" OBJECTID="174979418" OBJECTGUID="3fe61bd1-529d-4abf-a7f1-3648d1c67ce3" CHANGEID="689794909" NUMBER="16" OPERTYPEID="10" PREVID="0" NEXTID="0" UPDATEDATE="2025-10-01" STARTDATE="2025-10-01" ENDDATE="2079-06-06" ISACTUAL="1" ISACTIVE="1" /><STEAD ID="74200854" OBJECTID="174979419" OBJECTGUID="4514880e-8468-488d-b4a7-553da1d3170d" CHANGEID="689794911" NUMBER="13" OPERTYPEID="10" PREVID="0" NEXTID="0" UPDATEDATE="2025-10-01" STARTDATE="2025-10-01" ENDDATE="2079-06-06" ISACTUAL="1" ISACTIVE="1" /><STEAD ID="74200855" OBJECTID="174979420" OBJECTGUID="79a56d8f-d1a5-4782-802b-6dcc4c145042" CHANGEID="689794913" NUMBER="1" OPERTYPEID="10" PREVID="0" NEXTID="0" UPDATEDATE="2025-10-01" STARTDATE="2025-10-01" ENDDATE="2079-06-06" ISACTUAL="1" ISACTIVE="1" /><STEAD ID="74200856" OBJECTID="174979421" OBJECTGUID="5815d22a-61d8-4bb1-8d6f-f8b223a3d822" CHANGEID="689794915" NUMBER="11" OPERTYPEID="10" PREVID="0" NEXTID="0" UPDATEDATE="2025-10-01" STARTDATE="2025-10-01" ENDDATE="2079-06-06" ISACTUAL="1" ISACTIVE="1" /><STEAD ID="74200857" OBJECTID="174979422" OBJECTGUID="3292ca50-1330-4f29-b3f8-118bd950fc30" CHANGEID="689794917" NUMBER="3" OPERTYPEID="10" PREVID="0" NEXTID="0" UPDATEDATE="2025-10-01" STARTDATE="2025-10-01" ENDDATE="2079-06-06" ISACTUAL="1" ISACTIVE="1" /><STEAD ID="74200858" OBJECTID="174979423" OBJECTGUID="9299c5bf-4abf-4a28-8690-cf32d35d446f" CHANGEID="689794919" NUMBER="4" OPERTYPEID="10" PREVID="0" NEXTID="0" UPDATEDATE="2025-10-01" STARTDATE="2025-10-01" ENDDATE="2079-06-06" ISACTUAL="1" ISACTIVE="1" /><STEAD ID="74200860" OBJECTID="174979424" OBJECTGUID="8a02f798-c68b-4fa3-9d5e-d3840501765a" CHANGEID="689794921" NUMBER="6" OPERTYPEID="10" PREVID="0" NEXTID="0" UPDATEDATE="2025-10-01" STARTDATE="2025-10-01" ENDDATE="2079-06-06" ISACTUAL="1" ISACTIVE="1" /><STEAD ID="74200861" OBJECTID="174979425" OBJECTGUID="cef5ee36-b47f-4607-bee4-e6582fa8c82b" CHANGEID="689794922" NUMBER="7" OPERTYPEID="10" PREVID="0" NEXTID="0" UPDATEDATE="2025-10-01" STARTDATE="2025-10-01" ENDDATE="2079-06-06" ISACTUAL="1" ISACTIVE="1" /><STEAD ID="74201664" OBJECTID="174980913" OBJECTGUID="4f3d0368-5c1d-4fbd-9b77-616b6026afd0" CHANGEID="689798103" NUMBER="1" OPERTYPEID="10" PREVID="0" NEXTID="0" UPDATEDATE="2025-10-01" STARTDATE="2025-10-01" ENDDATE="2079-06-06" ISACTUAL="1" ISACTIVE="1" /><STEAD ID="74201686" OBJECTID="174980937" OBJECTGUID="b3f7c950-6c5b-43ff-8044-ca22563ecf1d" CHANGEID="689798131" NUMBER="16" OPERTYPEID="10" PREVID="0" NEXTID="0" UPDATEDATE="2025-10-01" STARTDATE="2025-10-01" ENDDATE="2079-06-06" ISACTUAL="1" ISACTIVE="1" /><STEAD ID="74201663" OBJECTID="174980911" OBJECTGUID="8bdf3c2a-6798-4e23-a8bd-f8da50fdb1c1" CHANGEID="689798100" NUMBER="1" OPERTYPEID="10" PREVID="0" NEXTID="0" UPDATEDATE="2025-10-01" STARTDATE="2025-10-01" ENDDATE="2079-06-06" ISACTUAL="1" ISACTIVE="1" /><STEAD ID="74202753" OBJECTID="174983288" OBJECTGUID="d378db58-4704-412e-b34c-0d406090a116" CHANGEID="689803099" NUMBER="36в" OPERTYPEID="10" PREVID="0" NEXTID="0" UPDATEDATE="2025-10-01" STARTDATE="2025-10-01" ENDDATE="2079-06-06" ISACTUAL="1" ISACTIVE="1" /><STEAD ID="74203385" OBJECTID="174984584" OBJECTGUID="9209ff86-3be3-4166-9cfe-262bdfba49e4" CHANGEID="689806312" NUMBER="45" OPERTYPEID="10" PREVID="0" NEXTID="0" UPDATEDATE="2025-10-01" STARTDATE="2025-10-01" ENDDATE="2079-06-06" ISACTUAL="1" ISACTIVE="1" /><STEAD ID="74203453" OBJECTID="174984670" OBJECTGUID="38b53a61-86a1-49a6-8bcc-7b7d0d7cf042" CHANGEID="689806510" NUMBER="30" OPERTYPEID="10" PREVID="0" NEXTID="0" UPDATEDATE="2025-10-01" STARTDATE="2025-10-01" ENDDATE="2079-06-06" ISACTUAL="1" ISACTIVE="1" /><STEAD ID="74204050" OBJECTID="174985461" OBJECTGUID="1c24ee8d-c986-4ce3-b648-30b60382e6a0" CHANGEID="689808365" NUMBER="2" OPERTYPEID="10" PREVID="0" NEXTID="0" UPDATEDATE="2025-10-01" STARTDATE="2025-10-01" ENDDATE="2079-06-06" ISACTUAL="1" ISACTIVE="1" /><STEAD ID="74204060" OBJECTID="174985483" OBJECTGUID="29c8d19c-9aed-4ea3-8917-c7880c04dd00" CHANGEID="689808415" NUMBER="48" OPERTYPEID="10" PREVID="0" NEXTID="0" UPDATEDATE="2025-10-01" STARTDATE="2025-10-01" ENDDATE="2079-06-06" ISACTUAL="1" ISACTIVE="1" /><STEAD ID="74204104" OBJECTID="174985542" OBJECTGUID="96ff5f3a-3867-43b6-a53b-3e7ab50a77c5" CHANGEID="689808517" NUMBER="23Д" OPERTYPEID="10" PREVID="0" NEXTID="0" UPDATEDATE="2025-10-01" STARTDATE="2025-10-01" ENDDATE="2079-06-06" ISACTUAL="1" ISACTIVE="1" /><STEAD ID="74204097" OBJECTID="174985531" OBJECTGUID="0cd3bd1e-7dc4-4efe-ae75-98727727423a" CHANGEID="689808488" NUMBER="25" OPERTYPEID="10" PREVID="0" NEXTID="0" UPDATEDATE="2025-10-01" STARTDATE="2025-10-01" ENDDATE="2079-06-06" ISACTUAL="1" ISACTIVE="1" /><STEAD ID="74205601" OBJECTID="174988547" OBJECTGUID="66748219-9f9d-4249-974a-0de964e48660" CHANGEID="689813379" NUMBER="23Г" OPERTYPEID="10" PREVID="0" NEXTID="0" UPDATEDATE="2025-10-01" STARTDATE="2025-10-01" ENDDATE="2079-06-06" ISACTUAL="1" ISACTIVE="1" /><STEAD ID="74205622" OBJECTID="174988575" OBJECTGUID="ad1ad5a2-1dbe-4818-ba53-c7a464f795dd" CHANGEID="689813418" NUMBER="23В" OPERTYPEID="10" PREVID="0" NEXTID="0" UPDATEDATE="2025-10-01" STARTDATE="2025-10-01" ENDDATE="2079-06-06" ISACTUAL="1" ISACTIVE="1" /><STEAD ID="74205639" OBJECTID="174988593" OBJECTGUID="c3f62caa-31fb-4f38-b29f-fa1c92d3351d" CHANGEID="689813440" NUMBER="23А" OPERTYPEID="10" PREVID="0" NEXTID="0" UPDATEDATE="2025-10-01" STARTDATE="2025-10-01" ENDDATE="2079-06-06" ISACTUAL="1" ISACTIVE="1" /><STEAD ID="74205704" OBJECTID="174988676" OBJECTGUID="a415a2e6-5776-408f-8438-7ba340ae8e4e" CHANGEID="689813543" NUMBER="23Б" OPERTYPEID="10" PREVID="0" NEXTID="0" UPDATEDATE="2025-10-01" STARTDATE="2025-10-01" ENDDATE="2079-06-06" ISACTUAL="1" ISACTIVE="1" /><STEAD ID="74206918" OBJECTID="174991783" OBJECTGUID="342de63d-0a41-4e70-956d-562c7e9172a2" CHANGEID="689819700" NUMBER="46" OPERTYPEID="10" PREVID="0" NEXTID="0" UPDATEDATE="2025-10-01" STARTDATE="2025-10-01" ENDDATE="2079-06-06" ISACTUAL="1" ISACTIVE="1" /><STEAD ID="74207250" OBJECTID="174992435" OBJECTGUID="c2bfb71e-fd02-44b7-b409-19d04605dc94" CHANGEID="689821790" NUMBER="10Б" OPERTYPEID="10" PREVID="0" NEXTID="0" UPDATEDATE="2025-10-01" STARTDATE="2025-10-01" ENDDATE="2079-06-06" ISACTUAL="1" ISACTIVE="1" /></STEADS>