﻿<?xml version="1.0" encoding="utf-8"?><STEADS><STEAD ID="12608624" OBJECTID="98581218" OBJECTGUID="5ce170a5-ba4e-4305-afe0-a5656f042b34" CHANGEID="157248915" NUMBER="10" OPERTYPEID="10" PREVID="0" NEXTID="74187363" UPDATEDATE="2025-09-30" STARTDATE="2020-10-06" ENDDATE="2025-09-30" ISACTUAL="0" ISACTIVE="0" /><STEAD ID="15733774" OBJECTID="91059002" OBJECTGUID="ad572cd4-b66c-474a-bffa-6b85d8148fac" CHANGEID="287894606" NUMBER="10" OPERTYPEID="20" PREVID="6524364" NEXTID="74166796" UPDATEDATE="2025-09-29" STARTDATE="2022-08-10" ENDDATE="2025-09-29" ISACTUAL="0" ISACTIVE="0" /><STEAD ID="15784695" OBJECTID="105415817" OBJECTGUID="a1c15f56-b546-4f4c-8008-e2f290ab150a" CHANGEID="288386429" NUMBER="43" OPERTYPEID="10" PREVID="0" NEXTID="74175843" UPDATEDATE="2025-09-29" STARTDATE="2022-08-24" ENDDATE="2025-09-29" ISACTUAL="0" ISACTIVE="0" /><STEAD ID="66193636" OBJECTID="157710347" OBJECTGUID="15d6e3a5-faa7-4192-9842-643f508b99dd" CHANGEID="492004375" NUMBER="17А/1" OPERTYPEID="10" PREVID="0" NEXTID="74166243" UPDATEDATE="2025-09-29" STARTDATE="2023-01-10" ENDDATE="2025-09-29" ISACTUAL="0" ISACTIVE="0" /><STEAD ID="67409399" OBJECTID="87510744" OBJECTGUID="b537b2c5-1adf-46df-a66c-872e13f0c136" CHANGEID="576531381" NUMBER="445А" OPERTYPEID="20" PREVID="67273306" NEXTID="74199503" UPDATEDATE="2025-10-01" STARTDATE="2023-12-13" ENDDATE="2025-10-01" ISACTUAL="0" ISACTIVE="0" /><STEAD ID="68257218" OBJECTID="164117352" OBJECTGUID="ee37e5eb-8719-49ad-8ae7-9b4d2a83a7b5" CHANGEID="597705422" NUMBER="62А" OPERTYPEID="10" PREVID="0" NEXTID="74166712" UPDATEDATE="2025-09-29" STARTDATE="2024-07-03" ENDDATE="2025-09-29" ISACTUAL="0" ISACTIVE="0" /><STEAD ID="70299030" OBJECTID="92824388" OBJECTGUID="12d6abdc-7756-4163-b3d8-80594e7a02d4" CHANGEID="607897650" NUMBER="26" OPERTYPEID="20" PREVID="8290762" NEXTID="74175275" UPDATEDATE="2025-09-29" STARTDATE="2024-11-25" ENDDATE="2025-09-29" ISACTUAL="0" ISACTIVE="0" /><STEAD ID="70614373" OBJECTID="168449996" OBJECTGUID="004c4b6f-5b07-44c4-8140-098e38bb0c22" CHANGEID="608947170" NUMBER="2П" OPERTYPEID="10" PREVID="0" NEXTID="74193078" UPDATEDATE="2025-09-30" STARTDATE="2024-12-09" ENDDATE="2025-09-30" ISACTUAL="0" ISACTIVE="0" /><STEAD ID="73160696" OBJECTID="173003543" OBJECTGUID="75ca282d-cbc8-4f9e-af50-cb99ec254ced" CHANGEID="647879731" NUMBER="16/1" OPERTYPEID="10" PREVID="0" NEXTID="74176083" UPDATEDATE="2025-09-29" STARTDATE="2025-06-20" ENDDATE="2025-09-29" ISACTUAL="0" ISACTIVE="0" /><STEAD ID="74166243" OBJECTID="157710347" OBJECTGUID="15d6e3a5-faa7-4192-9842-643f508b99dd" CHANGEID="689635508" NUMBER="17А" OPERTYPEID="20" PREVID="66193636" UPDATEDATE="2025-09-29" STARTDATE="2025-09-29" ENDDATE="2079-06-06" ISACTUAL="1" ISACTIVE="1" /><STEAD ID="74166244" OBJECTID="174914516" OBJECTGUID="17378f2b-3a3f-42a3-bb8d-bdaebabdf4b1" CHANGEID="689635527" NUMBER="102А/1" OPERTYPEID="10" PREVID="0" NEXTID="0" UPDATEDATE="2025-09-29" STARTDATE="2025-09-29" ENDDATE="2079-06-06" ISACTUAL="1" ISACTIVE="1" /><STEAD ID="74166712" OBJECTID="164117352" OBJECTGUID="ee37e5eb-8719-49ad-8ae7-9b4d2a83a7b5" CHANGEID="689637693" NUMBER="61А" OPERTYPEID="20" PREVID="68257218" UPDATEDATE="2025-09-29" STARTDATE="2025-09-29" ENDDATE="2079-06-06" ISACTUAL="1" ISACTIVE="1" /><STEAD ID="74166796" OBJECTID="91059002" OBJECTGUID="ad572cd4-b66c-474a-bffa-6b85d8148fac" CHANGEID="689638288" NUMBER="10" OPERTYPEID="30" PREVID="15733774" NEXTID="0" UPDATEDATE="2025-09-29" STARTDATE="2025-09-29" ENDDATE="2079-06-06" ISACTUAL="1" ISACTIVE="0" /><STEAD ID="74167505" OBJECTID="174917492" OBJECTGUID="b7ba3703-3c54-474e-990e-2e217e50c5d7" CHANGEID="689641472" NUMBER="328/5" OPERTYPEID="10" PREVID="0" NEXTID="0" UPDATEDATE="2025-09-29" STARTDATE="2025-09-29" ENDDATE="2079-06-06" ISACTUAL="1" ISACTIVE="1" /><STEAD ID="74167616" OBJECTID="174917841" OBJECTGUID="6d5a0ecb-a730-4081-ab6a-7c231e217ddc" CHANGEID="689642592" NUMBER="7А" OPERTYPEID="10" PREVID="0" NEXTID="0" UPDATEDATE="2025-09-29" STARTDATE="2025-09-29" ENDDATE="2079-06-06" ISACTUAL="1" ISACTIVE="1" /><STEAD ID="74169848" OBJECTID="174921865" OBJECTGUID="e4ade866-cd4a-41dd-804d-07000fab6c74" CHANGEID="689649064" NUMBER="17" OPERTYPEID="10" PREVID="0" NEXTID="0" UPDATEDATE="2025-09-29" STARTDATE="2025-09-29" ENDDATE="2079-06-06" ISACTUAL="1" ISACTIVE="1" /><STEAD ID="74169850" OBJECTID="174921867" OBJECTGUID="295ddc5b-2767-4e34-b039-d55ff3d137f6" CHANGEID="689649066" NUMBER="10/6" OPERTYPEID="10" PREVID="0" NEXTID="0" UPDATEDATE="2025-09-29" STARTDATE="2025-09-29" ENDDATE="2079-06-06" ISACTUAL="1" ISACTIVE="1" /><STEAD ID="74169846" OBJECTID="174921863" OBJECTGUID="c4747e6e-0a40-4f4b-80b6-1ee922310f05" CHANGEID="689649061" NUMBER="22/2" OPERTYPEID="10" PREVID="0" NEXTID="0" UPDATEDATE="2025-09-29" STARTDATE="2025-09-29" ENDDATE="2079-06-06" ISACTUAL="1" ISACTIVE="1" /><STEAD ID="74169895" OBJECTID="174921932" OBJECTGUID="8330ab1c-a4db-4d39-9d9d-c18b40be1ddc" CHANGEID="689649251" NUMBER="7" OPERTYPEID="10" PREVID="0" NEXTID="0" UPDATEDATE="2025-09-29" STARTDATE="2025-09-29" ENDDATE="2079-06-06" ISACTUAL="1" ISACTIVE="1" /><STEAD ID="74170128" OBJECTID="174922284" OBJECTGUID="1caa3489-1ba8-472b-a403-62f9c9d4ff69" CHANGEID="689649858" NUMBER="12" OPERTYPEID="10" PREVID="0" NEXTID="0" UPDATEDATE="2025-09-29" STARTDATE="2025-09-29" ENDDATE="2079-06-06" ISACTUAL="1" ISACTIVE="1" /><STEAD ID="74170923" OBJECTID="174924372" OBJECTGUID="61dcfc4d-6d55-47a6-818f-9aeb9c29bc8c" CHANGEID="689652885" NUMBER="39А/5" OPERTYPEID="10" PREVID="0" NEXTID="0" UPDATEDATE="2025-09-29" STARTDATE="2025-09-29" ENDDATE="2079-06-06" ISACTUAL="1" ISACTIVE="1" /><STEAD ID="74171070" OBJECTID="174924917" OBJECTGUID="0f877b2a-34a3-4dff-a43c-0c1cf05d6dca" CHANGEID="689653716" NUMBER="15/1" OPERTYPEID="10" PREVID="0" NEXTID="0" UPDATEDATE="2025-09-29" STARTDATE="2025-09-29" ENDDATE="2079-06-06" ISACTUAL="1" ISACTIVE="1" /><STEAD ID="74171071" OBJECTID="174924918" OBJECTGUID="969e1694-ec64-4852-a1c9-426845eb3429" CHANGEID="689653721" NUMBER="91" OPERTYPEID="10" PREVID="0" NEXTID="0" UPDATEDATE="2025-09-29" STARTDATE="2025-09-29" ENDDATE="2079-06-06" ISACTUAL="1" ISACTIVE="1" /><STEAD ID="74171072" OBJECTID="174924919" OBJECTGUID="ba637826-339e-4a57-a998-b9191cd603a3" CHANGEID="689653726" NUMBER="10/8" OPERTYPEID="10" PREVID="0" NEXTID="0" UPDATEDATE="2025-09-29" STARTDATE="2025-09-29" ENDDATE="2079-06-06" ISACTUAL="1" ISACTIVE="1" /><STEAD ID="74171073" OBJECTID="174924920" OBJECTGUID="7e1c8a3e-59a5-40a0-b0b8-4d9ce3260eed" CHANGEID="689653729" NUMBER="13" OPERTYPEID="10" PREVID="0" NEXTID="0" UPDATEDATE="2025-09-29" STARTDATE="2025-09-29" ENDDATE="2079-06-06" ISACTUAL="1" ISACTIVE="1" /><STEAD ID="74171074" OBJECTID="174924921" OBJECTGUID="b2125e20-3f0d-4177-94da-5c22fec6d889" CHANGEID="689653731" NUMBER="13/2" OPERTYPEID="10" PREVID="0" NEXTID="0" UPDATEDATE="2025-09-29" STARTDATE="2025-09-29" ENDDATE="2079-06-06" ISACTUAL="1" ISACTIVE="1" /><STEAD ID="74171075" OBJECTID="174924922" OBJECTGUID="4dca4ab1-cd55-4652-813c-85e78abdac0a" CHANGEID="689653732" NUMBER="11/2А" OPERTYPEID="10" PREVID="0" NEXTID="0" UPDATEDATE="2025-09-29" STARTDATE="2025-09-29" ENDDATE="2079-06-06" ISACTUAL="1" ISACTIVE="1" /><STEAD ID="74171076" OBJECTID="174924925" OBJECTGUID="36bf563e-04d2-496d-a26c-2dfd92f2f265" CHANGEID="689653739" NUMBER="13/6/2Д" OPERTYPEID="10" PREVID="0" NEXTID="0" UPDATEDATE="2025-09-29" STARTDATE="2025-09-29" ENDDATE="2079-06-06" ISACTUAL="1" ISACTIVE="1" /><STEAD ID="74171077" OBJECTID="174924926" OBJECTGUID="7db8510a-3aae-4488-bccd-e31a786f3959" CHANGEID="689653742" NUMBER="20/1" OPERTYPEID="10" PREVID="0" NEXTID="0" UPDATEDATE="2025-09-29" STARTDATE="2025-09-29" ENDDATE="2079-06-06" ISACTUAL="1" ISACTIVE="1" /><STEAD ID="74171078" OBJECTID="174924927" OBJECTGUID="e38d4163-f97b-49a1-8ceb-c3cb0c155166" CHANGEID="689653745" NUMBER="20/1А" OPERTYPEID="10" PREVID="0" NEXTID="0" UPDATEDATE="2025-09-29" STARTDATE="2025-09-29" ENDDATE="2079-06-06" ISACTUAL="1" ISACTIVE="1" /><STEAD ID="74171079" OBJECTID="174924928" OBJECTGUID="3f2e1af4-a99a-48d5-a2de-ccbbae23e027" CHANGEID="689653748" NUMBER="21/6" OPERTYPEID="10" PREVID="0" NEXTID="0" UPDATEDATE="2025-09-29" STARTDATE="2025-09-29" ENDDATE="2079-06-06" ISACTUAL="1" ISACTIVE="1" /><STEAD ID="74171080" OBJECTID="174924929" OBJECTGUID="3b007aa4-25eb-4d61-9ae1-89f8357e0776" CHANGEID="689653751" NUMBER="1А/Д" OPERTYPEID="10" PREVID="0" NEXTID="0" UPDATEDATE="2025-09-29" STARTDATE="2025-09-29" ENDDATE="2079-06-06" ISACTUAL="1" ISACTIVE="1" /><STEAD ID="74171605" OBJECTID="174926811" OBJECTGUID="ace839f9-efdd-473c-af62-f19c095c00de" CHANGEID="689661687" NUMBER="29" OPERTYPEID="10" PREVID="0" NEXTID="0" UPDATEDATE="2025-09-29" STARTDATE="2025-09-29" ENDDATE="2079-06-06" ISACTUAL="1" ISACTIVE="1" /><STEAD ID="74171606" OBJECTID="174926813" OBJECTGUID="d901d47a-c018-4d03-81bb-806c342d8d4d" CHANGEID="689661689" NUMBER="3" OPERTYPEID="10" PREVID="0" NEXTID="0" UPDATEDATE="2025-09-29" STARTDATE="2025-09-29" ENDDATE="2079-06-06" ISACTUAL="1" ISACTIVE="1" /><STEAD ID="74171608" OBJECTID="174926818" OBJECTGUID="8a4b39f2-0f9e-4479-8cc0-713630e754f0" CHANGEID="689661697" NUMBER="10В" OPERTYPEID="10" PREVID="0" NEXTID="0" UPDATEDATE="2025-09-29" STARTDATE="2025-09-29" ENDDATE="2079-06-06" ISACTUAL="1" ISACTIVE="1" /><STEAD ID="74171610" OBJECTID="174926820" OBJECTGUID="50b6484f-f995-4282-b835-1c2ef9ebe9b3" CHANGEID="689661699" NUMBER="31/3/2" OPERTYPEID="10" PREVID="0" NEXTID="0" UPDATEDATE="2025-09-29" STARTDATE="2025-09-29" ENDDATE="2079-06-06" ISACTUAL="1" ISACTIVE="1" /><STEAD ID="74171612" OBJECTID="174926822" OBJECTGUID="f9da0732-b22c-4de2-bb1d-5adac4a8f4cb" CHANGEID="689661701" NUMBER="27" OPERTYPEID="10" PREVID="0" NEXTID="0" UPDATEDATE="2025-09-29" STARTDATE="2025-09-29" ENDDATE="2079-06-06" ISACTUAL="1" ISACTIVE="1" /><STEAD ID="74171614" OBJECTID="174926824" OBJECTGUID="37c7609c-a652-4087-8464-cf415a7befab" CHANGEID="689661779" NUMBER="14/7/372" OPERTYPEID="10" PREVID="0" NEXTID="0" UPDATEDATE="2025-09-29" STARTDATE="2025-09-29" ENDDATE="2079-06-06" ISACTUAL="1" ISACTIVE="1" /><STEAD ID="74171616" OBJECTID="174926826" OBJECTGUID="467b8c44-c841-43de-8ecf-3ec6b3e10846" CHANGEID="689661781" NUMBER="2/1" OPERTYPEID="10" PREVID="0" NEXTID="0" UPDATEDATE="2025-09-29" STARTDATE="2025-09-29" ENDDATE="2079-06-06" ISACTUAL="1" ISACTIVE="1" /><STEAD ID="74171603" OBJECTID="174926808" OBJECTGUID="f1d9b776-426d-49c0-a383-c7e68519547d" CHANGEID="689661684" NUMBER="1" OPERTYPEID="10" PREVID="0" NEXTID="0" UPDATEDATE="2025-09-29" STARTDATE="2025-09-29" ENDDATE="2079-06-06" ISACTUAL="1" ISACTIVE="1" /><STEAD ID="74171604" OBJECTID="174926810" OBJECTGUID="f14258e0-010d-43b1-a073-14a79a9d1a97" CHANGEID="689661686" NUMBER="29А" OPERTYPEID="10" PREVID="0" NEXTID="0" UPDATEDATE="2025-09-29" STARTDATE="2025-09-29" ENDDATE="2079-06-06" ISACTUAL="1" ISACTIVE="1" /><STEAD ID="74171607" OBJECTID="174926814" OBJECTGUID="d33cd31d-61bc-4656-846b-6d2b6882027e" CHANGEID="689661690" NUMBER="5Б" OPERTYPEID="10" PREVID="0" NEXTID="0" UPDATEDATE="2025-09-29" STARTDATE="2025-09-29" ENDDATE="2079-06-06" ISACTUAL="1" ISACTIVE="1" /><STEAD ID="74171609" OBJECTID="174926819" OBJECTGUID="ad37296a-f077-4146-93f6-157fda097300" CHANGEID="689661698" NUMBER="37/4/1" OPERTYPEID="10" PREVID="0" NEXTID="0" UPDATEDATE="2025-09-29" STARTDATE="2025-09-29" ENDDATE="2079-06-06" ISACTUAL="1" ISACTIVE="1" /><STEAD ID="74171611" OBJECTID="174926821" OBJECTGUID="614863c6-93be-4398-b86d-2cf118956fb9" CHANGEID="689661700" NUMBER="15" OPERTYPEID="10" PREVID="0" NEXTID="0" UPDATEDATE="2025-09-29" STARTDATE="2025-09-29" ENDDATE="2079-06-06" ISACTUAL="1" ISACTIVE="1" /><STEAD ID="74171613" OBJECTID="174926823" OBJECTGUID="dee8c65f-480e-4f49-82b4-8c88c0fea6d6" CHANGEID="689661778" NUMBER="8/1" OPERTYPEID="10" PREVID="0" NEXTID="0" UPDATEDATE="2025-09-29" STARTDATE="2025-09-29" ENDDATE="2079-06-06" ISACTUAL="1" ISACTIVE="1" /><STEAD ID="74171615" OBJECTID="174926825" OBJECTGUID="4dd4f39d-2a66-40f4-9f31-2f9ef0ba2dc5" CHANGEID="689661780" NUMBER="2А" OPERTYPEID="10" PREVID="0" NEXTID="0" UPDATEDATE="2025-09-29" STARTDATE="2025-09-29" ENDDATE="2079-06-06" ISACTUAL="1" ISACTIVE="1" /><STEAD ID="74171632" OBJECTID="174926843" OBJECTGUID="663d342b-e90e-4a75-9569-7ccab75b6a06" CHANGEID="689661808" NUMBER="14/1" OPERTYPEID="10" PREVID="0" NEXTID="0" UPDATEDATE="2025-09-29" STARTDATE="2025-09-29" ENDDATE="2079-06-06" ISACTUAL="1" ISACTIVE="1" /><STEAD ID="74171715" OBJECTID="174927740" OBJECTGUID="12eea149-a19c-4a9a-bc77-e113ad7a7bde" CHANGEID="689663237" NUMBER="4/7А" OPERTYPEID="10" PREVID="0" NEXTID="0" UPDATEDATE="2025-09-29" STARTDATE="2025-09-29" ENDDATE="2079-06-06" ISACTUAL="1" ISACTIVE="1" /><STEAD ID="74171717" OBJECTID="174927742" OBJECTGUID="c7705248-d978-4092-8796-244f5c9154fe" CHANGEID="689663239" NUMBER="1Б" OPERTYPEID="10" PREVID="0" NEXTID="0" UPDATEDATE="2025-09-29" STARTDATE="2025-09-29" ENDDATE="2079-06-06" ISACTUAL="1" ISACTIVE="1" /><STEAD ID="74171719" OBJECTID="174927744" OBJECTGUID="a8e11506-b94b-48bf-93b7-c0da8cfd5c4e" CHANGEID="689663241" NUMBER="141/1" OPERTYPEID="10" PREVID="0" NEXTID="0" UPDATEDATE="2025-09-29" STARTDATE="2025-09-29" ENDDATE="2079-06-06" ISACTUAL="1" ISACTIVE="1" /><STEAD ID="74171725" OBJECTID="174927752" OBJECTGUID="644da409-b635-47bd-a256-7291e1ae433c" CHANGEID="689663251" NUMBER="4/1" OPERTYPEID="10" PREVID="0" NEXTID="0" UPDATEDATE="2025-09-29" STARTDATE="2025-09-29" ENDDATE="2079-06-06" ISACTUAL="1" ISACTIVE="1" /><STEAD ID="74171714" OBJECTID="174927739" OBJECTGUID="eb326ccf-cb6d-4b19-a407-f361c814961b" CHANGEID="689663236" NUMBER="103А" OPERTYPEID="10" PREVID="0" NEXTID="0" UPDATEDATE="2025-09-29" STARTDATE="2025-09-29" ENDDATE="2079-06-06" ISACTUAL="1" ISACTIVE="1" /><STEAD ID="74171716" OBJECTID="174927741" OBJECTGUID="54ed3973-4792-46f3-944a-178367bafb44" CHANGEID="689663238" NUMBER="4/1/6" OPERTYPEID="10" PREVID="0" NEXTID="0" UPDATEDATE="2025-09-29" STARTDATE="2025-09-29" ENDDATE="2079-06-06" ISACTUAL="1" ISACTIVE="1" /><STEAD ID="74171718" OBJECTID="174927743" OBJECTGUID="146c080d-094f-4d81-b9f2-6ec7a2ff32bf" CHANGEID="689663240" NUMBER="1/1А" OPERTYPEID="10" PREVID="0" NEXTID="0" UPDATEDATE="2025-09-29" STARTDATE="2025-09-29" ENDDATE="2079-06-06" ISACTUAL="1" ISACTIVE="1" /><STEAD ID="74172812" OBJECTID="174929581" OBJECTGUID="7c3fcdcb-238f-46b6-bc4d-d8a905100050" CHANGEID="689667737" NUMBER="1Д/1" OPERTYPEID="10" PREVID="0" NEXTID="0" UPDATEDATE="2025-09-29" STARTDATE="2025-09-29" ENDDATE="2079-06-06" ISACTUAL="1" ISACTIVE="1" /><STEAD ID="74172814" OBJECTID="174929583" OBJECTGUID="b1d3c0a3-2394-4233-9e37-9e3ffdc4d148" CHANGEID="689667740" NUMBER="9/159" OPERTYPEID="10" PREVID="0" NEXTID="0" UPDATEDATE="2025-09-29" STARTDATE="2025-09-29" ENDDATE="2079-06-06" ISACTUAL="1" ISACTIVE="1" /><STEAD ID="74172811" OBJECTID="174929580" OBJECTGUID="fc444c42-a41e-44f4-9592-ba5f4214e4e3" CHANGEID="689667734" NUMBER="11/1" OPERTYPEID="10" PREVID="0" NEXTID="0" UPDATEDATE="2025-09-29" STARTDATE="2025-09-29" ENDDATE="2079-06-06" ISACTUAL="1" ISACTIVE="1" /><STEAD ID="74172813" OBJECTID="174929582" OBJECTGUID="34364262-225a-4e47-b995-e7db0f5145ba" CHANGEID="689667739" NUMBER="1/4" OPERTYPEID="10" PREVID="0" NEXTID="0" UPDATEDATE="2025-09-29" STARTDATE="2025-09-29" ENDDATE="2079-06-06" ISACTUAL="1" ISACTIVE="1" /><STEAD ID="74172821" OBJECTID="174929594" OBJECTGUID="7289aafb-090b-48e4-b1b9-0230e4657c9d" CHANGEID="689667753" NUMBER="10" OPERTYPEID="10" PREVID="0" NEXTID="0" UPDATEDATE="2025-09-29" STARTDATE="2025-09-29" ENDDATE="2079-06-06" ISACTUAL="1" ISACTIVE="1" /><STEAD ID="74172823" OBJECTID="174929597" OBJECTGUID="ea6fafdf-917a-46d2-a70c-c90391d4e8d4" CHANGEID="689667757" NUMBER="33Б/1" OPERTYPEID="10" PREVID="0" NEXTID="0" UPDATEDATE="2025-09-29" STARTDATE="2025-09-29" ENDDATE="2079-06-06" ISACTUAL="1" ISACTIVE="1" /><STEAD ID="74172833" OBJECTID="174929607" OBJECTGUID="90bc273b-101e-46b5-b07a-6dbc85ec2e49" CHANGEID="689667767" NUMBER="92" OPERTYPEID="10" PREVID="0" NEXTID="0" UPDATEDATE="2025-09-29" STARTDATE="2025-09-29" ENDDATE="2079-06-06" ISACTUAL="1" ISACTIVE="1" /><STEAD ID="74172822" OBJECTID="174929595" OBJECTGUID="7a4f99c0-b537-4b20-94ae-92c5c832385a" CHANGEID="689667754" NUMBER="64/1" OPERTYPEID="10" PREVID="0" NEXTID="0" UPDATEDATE="2025-09-29" STARTDATE="2025-09-29" ENDDATE="2079-06-06" ISACTUAL="1" ISACTIVE="1" /><STEAD ID="74172824" OBJECTID="174929598" OBJECTGUID="19358109-8266-4ead-ba43-187e0df3d978" CHANGEID="689667758" NUMBER="9/1" OPERTYPEID="10" PREVID="0" NEXTID="0" UPDATEDATE="2025-09-29" STARTDATE="2025-09-29" ENDDATE="2079-06-06" ISACTUAL="1" ISACTIVE="1" /><STEAD ID="74172837" OBJECTID="174929611" OBJECTGUID="dd5bebe5-f502-42cb-bc7a-aef20ffdf9de" CHANGEID="689667772" NUMBER="1/3" OPERTYPEID="10" PREVID="0" NEXTID="0" UPDATEDATE="2025-09-29" STARTDATE="2025-09-29" ENDDATE="2079-06-06" ISACTUAL="1" ISACTIVE="1" /><STEAD ID="74172839" OBJECTID="174929613" OBJECTGUID="e35a3214-dc52-4240-ba33-1c922789bf25" CHANGEID="689667774" NUMBER="77А" OPERTYPEID="10" PREVID="0" NEXTID="0" UPDATEDATE="2025-09-29" STARTDATE="2025-09-29" ENDDATE="2079-06-06" ISACTUAL="1" ISACTIVE="1" /><STEAD ID="74172842" OBJECTID="174929616" OBJECTGUID="96469d79-cd98-4fb4-8a51-8c3bf5153396" CHANGEID="689667778" NUMBER="23/2" OPERTYPEID="10" PREVID="0" NEXTID="0" UPDATEDATE="2025-09-29" STARTDATE="2025-09-29" ENDDATE="2079-06-06" ISACTUAL="1" ISACTIVE="1" /><STEAD ID="74172836" OBJECTID="174929610" OBJECTGUID="5dfa8712-a7ca-4d8b-8111-5e5faf80e869" CHANGEID="689667771" NUMBER="4/1" OPERTYPEID="10" PREVID="0" NEXTID="0" UPDATEDATE="2025-09-29" STARTDATE="2025-09-29" ENDDATE="2079-06-06" ISACTUAL="1" ISACTIVE="1" /><STEAD ID="74172838" OBJECTID="174929612" OBJECTGUID="9165cc7c-b923-4fdd-84d5-3f78416b78fd" CHANGEID="689667773" NUMBER="6/1" OPERTYPEID="10" PREVID="0" NEXTID="0" UPDATEDATE="2025-09-29" STARTDATE="2025-09-29" ENDDATE="2079-06-06" ISACTUAL="1" ISACTIVE="1" /><STEAD ID="74172845" OBJECTID="174929619" OBJECTGUID="05d9bebd-f33c-4598-a1f9-071025e4c4f1" CHANGEID="689667781" NUMBER="28А" OPERTYPEID="10" PREVID="0" NEXTID="0" UPDATEDATE="2025-09-29" STARTDATE="2025-09-29" ENDDATE="2079-06-06" ISACTUAL="1" ISACTIVE="1" /><STEAD ID="74173772" OBJECTID="174930925" OBJECTGUID="8c769391-3824-4791-b76a-d5e545f7075f" CHANGEID="689670561" NUMBER="22/26" OPERTYPEID="10" PREVID="0" NEXTID="0" UPDATEDATE="2025-09-29" STARTDATE="2025-09-29" ENDDATE="2079-06-06" ISACTUAL="1" ISACTIVE="1" /><STEAD ID="74173777" OBJECTID="174930930" OBJECTGUID="27681d0e-8c72-4999-a223-2661d91f48b1" CHANGEID="689670595" NUMBER="3А" OPERTYPEID="10" PREVID="0" NEXTID="0" UPDATEDATE="2025-09-29" STARTDATE="2025-09-29" ENDDATE="2079-06-06" ISACTUAL="1" ISACTIVE="1" /><STEAD ID="74173778" OBJECTID="174930931" OBJECTGUID="cb90a146-edf7-42ba-adc3-6381f19ecdec" CHANGEID="689670600" NUMBER="18/2" OPERTYPEID="10" PREVID="0" NEXTID="0" UPDATEDATE="2025-09-29" STARTDATE="2025-09-29" ENDDATE="2079-06-06" ISACTUAL="1" ISACTIVE="1" /><STEAD ID="74173780" OBJECTID="174930933" OBJECTGUID="925e3234-ce00-420b-a53c-fade5aac2e79" CHANGEID="689670607" NUMBER="3/119" OPERTYPEID="10" PREVID="0" NEXTID="0" UPDATEDATE="2025-09-29" STARTDATE="2025-09-29" ENDDATE="2079-06-06" ISACTUAL="1" ISACTIVE="1" /><STEAD ID="74173784" OBJECTID="174930937" OBJECTGUID="f00f356d-6cba-4dc0-9874-05e5f558b99a" CHANGEID="689670629" NUMBER="21" OPERTYPEID="10" PREVID="0" NEXTID="0" UPDATEDATE="2025-09-29" STARTDATE="2025-09-29" ENDDATE="2079-06-06" ISACTUAL="1" ISACTIVE="1" /><STEAD ID="74175273" OBJECTID="174934046" OBJECTGUID="3ccda197-d1cc-4280-ba90-3f498c0790a8" CHANGEID="689675883" NUMBER="92/1" OPERTYPEID="10" PREVID="0" NEXTID="0" UPDATEDATE="2025-09-29" STARTDATE="2025-09-29" ENDDATE="2079-06-06" ISACTUAL="1" ISACTIVE="1" /><STEAD ID="74175274" OBJECTID="174934047" OBJECTGUID="8732f2a3-d386-46e8-a6bc-128a196b10ff" CHANGEID="689675886" NUMBER="88/1" OPERTYPEID="10" PREVID="0" NEXTID="0" UPDATEDATE="2025-09-29" STARTDATE="2025-09-29" ENDDATE="2079-06-06" ISACTUAL="1" ISACTIVE="1" /><STEAD ID="74175275" OBJECTID="92824388" OBJECTGUID="12d6abdc-7756-4163-b3d8-80594e7a02d4" CHANGEID="689675920" NUMBER="24" OPERTYPEID="20" PREVID="70299030" UPDATEDATE="2025-09-29" STARTDATE="2025-09-29" ENDDATE="2079-06-06" ISACTUAL="1" ISACTIVE="1" /><STEAD ID="74175806" OBJECTID="174935624" OBJECTGUID="b29876e7-1ecb-49d4-a168-942f21a2d73e" CHANGEID="689679935" NUMBER="9А" OPERTYPEID="10" PREVID="0" NEXTID="0" UPDATEDATE="2025-09-29" STARTDATE="2025-09-29" ENDDATE="2079-06-06" ISACTUAL="1" ISACTIVE="1" /><STEAD ID="74175843" OBJECTID="105415817" OBJECTGUID="a1c15f56-b546-4f4c-8008-e2f290ab150a" CHANGEID="689680029" NUMBER="43А" OPERTYPEID="20" PREVID="15784695" UPDATEDATE="2025-09-29" STARTDATE="2025-09-29" ENDDATE="2079-06-06" ISACTUAL="1" ISACTIVE="1" /><STEAD ID="66871985" OBJECTID="159571400" OBJECTGUID="e4bbe15b-96e0-42eb-902a-b5d0eeaafba4" CHANGEID="507587803" NUMBER="2В/1" OPERTYPEID="10" PREVID="0" NEXTID="74175844" UPDATEDATE="2025-09-29" STARTDATE="2023-08-02" ENDDATE="2025-09-29" ISACTUAL="0" ISACTIVE="0" /><STEAD ID="74175844" OBJECTID="159571400" OBJECTGUID="e4bbe15b-96e0-42eb-902a-b5d0eeaafba4" CHANGEID="689680031" NUMBER="2В" OPERTYPEID="20" PREVID="66871985" UPDATEDATE="2025-09-29" STARTDATE="2025-09-29" ENDDATE="2079-06-06" ISACTUAL="1" ISACTIVE="1" /><STEAD ID="74175862" OBJECTID="174935712" OBJECTGUID="92bb7f50-0b65-4194-9e41-a5603a6d0e57" CHANGEID="689680133" NUMBER="9/2" OPERTYPEID="10" PREVID="0" NEXTID="0" UPDATEDATE="2025-09-29" STARTDATE="2025-09-29" ENDDATE="2079-06-06" ISACTUAL="1" ISACTIVE="1" /><STEAD ID="74175861" OBJECTID="174935711" OBJECTGUID="104e00fd-b13b-4dd6-87f0-ed7ef5743393" CHANGEID="689680126" NUMBER="27/3А" OPERTYPEID="10" PREVID="0" NEXTID="0" UPDATEDATE="2025-09-29" STARTDATE="2025-09-29" ENDDATE="2079-06-06" ISACTUAL="1" ISACTIVE="1" /><STEAD ID="74175937" OBJECTID="174936580" OBJECTGUID="3004f5f1-8993-425d-b918-7b8fffd9321d" CHANGEID="689681105" NUMBER="72/21" OPERTYPEID="10" PREVID="0" NEXTID="0" UPDATEDATE="2025-09-29" STARTDATE="2025-09-29" ENDDATE="2079-06-06" ISACTUAL="1" ISACTIVE="1" /><STEAD ID="74175936" OBJECTID="174936579" OBJECTGUID="ccef07e2-795e-434f-bed0-5782171e8672" CHANGEID="689681104" NUMBER="43/2" OPERTYPEID="10" PREVID="0" NEXTID="0" UPDATEDATE="2025-09-29" STARTDATE="2025-09-29" ENDDATE="2079-06-06" ISACTUAL="1" ISACTIVE="1" /><STEAD ID="74176083" OBJECTID="173003543" OBJECTGUID="75ca282d-cbc8-4f9e-af50-cb99ec254ced" CHANGEID="689682283" NUMBER="16/1" OPERTYPEID="30" PREVID="73160696" NEXTID="0" UPDATEDATE="2025-09-29" STARTDATE="2025-09-29" ENDDATE="2079-06-06" ISACTUAL="1" ISACTIVE="0" /><STEAD ID="74176087" OBJECTID="174936857" OBJECTGUID="b92e11fb-82aa-42c9-a821-56ba08fbd6cf" CHANGEID="689682287" NUMBER="35А" OPERTYPEID="10" PREVID="0" NEXTID="0" UPDATEDATE="2025-09-29" STARTDATE="2025-09-29" ENDDATE="2079-06-06" ISACTUAL="1" ISACTIVE="1" /><STEAD ID="74176082" OBJECTID="174936853" OBJECTGUID="e594dd90-69e8-4de0-a7de-5d2545a71f91" CHANGEID="689682279" NUMBER="39А/3" OPERTYPEID="10" PREVID="0" NEXTID="0" UPDATEDATE="2025-09-29" STARTDATE="2025-09-29" ENDDATE="2079-06-06" ISACTUAL="1" ISACTIVE="1" /><STEAD ID="74176229" OBJECTID="174937134" OBJECTGUID="cd31d459-b05f-49f6-b6b2-ae2e947b07a7" CHANGEID="689682657" NUMBER="10" OPERTYPEID="10" PREVID="0" NEXTID="0" UPDATEDATE="2025-09-29" STARTDATE="2025-09-29" ENDDATE="2079-06-06" ISACTUAL="1" ISACTIVE="1" /><STEAD ID="74176333" OBJECTID="174937308" OBJECTGUID="d5145160-77c6-4700-9479-784f1d42a5c4" CHANGEID="689682975" NUMBER="11А/1" OPERTYPEID="10" PREVID="0" NEXTID="0" UPDATEDATE="2025-09-29" STARTDATE="2025-09-29" ENDDATE="2079-06-06" ISACTUAL="1" ISACTIVE="1" /><STEAD ID="74176335" OBJECTID="174937327" OBJECTGUID="cd319376-a450-4882-ad52-af2135038955" CHANGEID="689683009" NUMBER="60А/1" OPERTYPEID="10" PREVID="0" NEXTID="0" UPDATEDATE="2025-09-29" STARTDATE="2025-09-29" ENDDATE="2079-06-06" ISACTUAL="1" ISACTIVE="1" /><STEAD ID="74176444" OBJECTID="174937805" OBJECTGUID="1c7b1c65-171f-4634-8886-1527d873f790" CHANGEID="689683871" NUMBER="41В/3" OPERTYPEID="10" PREVID="0" NEXTID="0" UPDATEDATE="2025-09-29" STARTDATE="2025-09-29" ENDDATE="2079-06-06" ISACTUAL="1" ISACTIVE="1" /><STEAD ID="74176514" OBJECTID="174938026" OBJECTGUID="267ada82-7295-4fba-bdac-0276bc06a7a6" CHANGEID="689686049" NUMBER="28" OPERTYPEID="10" PREVID="0" NEXTID="0" UPDATEDATE="2025-09-29" STARTDATE="2025-09-29" ENDDATE="2079-06-06" ISACTUAL="1" ISACTIVE="1" /><STEAD ID="74176516" OBJECTID="174938028" OBJECTGUID="043c91e8-8f39-461f-90fa-ae6975e4d5e6" CHANGEID="689686051" NUMBER="23/1А" OPERTYPEID="10" PREVID="0" NEXTID="0" UPDATEDATE="2025-09-29" STARTDATE="2025-09-29" ENDDATE="2079-06-06" ISACTUAL="1" ISACTIVE="1" /><STEAD ID="74176515" OBJECTID="174938027" OBJECTGUID="70661a9f-b72e-4c89-afce-ced75eaeb3b5" CHANGEID="689686050" NUMBER="24/1" OPERTYPEID="10" PREVID="0" NEXTID="0" UPDATEDATE="2025-09-29" STARTDATE="2025-09-29" ENDDATE="2079-06-06" ISACTUAL="1" ISACTIVE="1" /><STEAD ID="74176517" OBJECTID="174938029" OBJECTGUID="7c94ec00-c437-46d7-bb2c-ca910dbd2aa3" CHANGEID="689686052" NUMBER="21/2" OPERTYPEID="10" PREVID="0" NEXTID="0" UPDATEDATE="2025-09-29" STARTDATE="2025-09-29" ENDDATE="2079-06-06" ISACTUAL="1" ISACTIVE="1" /><STEAD ID="74177255" OBJECTID="174939529" OBJECTGUID="6728646d-fca2-4be2-9249-9b4c5ed17e01" CHANGEID="689688690" NUMBER="1А/1Д" OPERTYPEID="10" PREVID="0" NEXTID="0" UPDATEDATE="2025-09-29" STARTDATE="2025-09-29" ENDDATE="2079-06-06" ISACTUAL="1" ISACTIVE="1" /><STEAD ID="74178282" OBJECTID="174941050" OBJECTGUID="503cdb5e-a59e-41b0-a255-6815888af8b4" CHANGEID="689692219" NUMBER="31" OPERTYPEID="10" PREVID="0" NEXTID="0" UPDATEDATE="2025-09-29" STARTDATE="2025-09-29" ENDDATE="2079-06-06" ISACTUAL="1" ISACTIVE="1" /><STEAD ID="74178488" OBJECTID="174941335" OBJECTGUID="785e5a1e-62d9-41a8-b90c-392eb3d66419" CHANGEID="689692748" NUMBER="89" OPERTYPEID="10" PREVID="0" NEXTID="0" UPDATEDATE="2025-09-29" STARTDATE="2025-09-29" ENDDATE="2079-06-06" ISACTUAL="1" ISACTIVE="1" /><STEAD ID="67943843" OBJECTID="163329708" OBJECTGUID="8876102d-fb6f-42f9-a608-230ab7015b19" CHANGEID="594045538" NUMBER="19А/1" OPERTYPEID="10" PREVID="0" NEXTID="74186458" UPDATEDATE="2025-09-30" STARTDATE="2024-04-23" ENDDATE="2025-09-30" ISACTUAL="0" ISACTIVE="0" /><STEAD ID="74186458" OBJECTID="163329708" OBJECTGUID="8876102d-fb6f-42f9-a608-230ab7015b19" CHANGEID="689721598" NUMBER="19Б" OPERTYPEID="20" PREVID="67943843" UPDATEDATE="2025-09-30" STARTDATE="2025-09-30" ENDDATE="2079-06-06" ISACTUAL="1" ISACTIVE="1" /><STEAD ID="74186470" OBJECTID="174954603" OBJECTGUID="47cc3e39-7422-4168-8747-a004dd6ab8ff" CHANGEID="689721718" NUMBER="1/1" OPERTYPEID="10" PREVID="0" NEXTID="0" UPDATEDATE="2025-09-30" STARTDATE="2025-09-30" ENDDATE="2079-06-06" ISACTUAL="1" ISACTIVE="1" /><STEAD ID="74186472" OBJECTID="174954605" OBJECTGUID="8dcccae9-6e40-46fb-98a9-bab4733fed62" CHANGEID="689721723" NUMBER="38/1" OPERTYPEID="10" PREVID="0" NEXTID="0" UPDATEDATE="2025-09-30" STARTDATE="2025-09-30" ENDDATE="2079-06-06" ISACTUAL="1" ISACTIVE="1" /><STEAD ID="74186478" OBJECTID="174954614" OBJECTGUID="c68a3dc9-4fd1-44db-b556-9a85b9a46fc0" CHANGEID="689721805" NUMBER="32П" OPERTYPEID="10" PREVID="0" NEXTID="0" UPDATEDATE="2025-09-30" STARTDATE="2025-09-30" ENDDATE="2079-06-06" ISACTUAL="1" ISACTIVE="1" /><STEAD ID="74186469" OBJECTID="174954602" OBJECTGUID="2e2c6eeb-931d-4bab-8539-a7dd24ccc3c6" CHANGEID="689721715" NUMBER="67/4/1" OPERTYPEID="10" PREVID="0" NEXTID="0" UPDATEDATE="2025-09-30" STARTDATE="2025-09-30" ENDDATE="2079-06-06" ISACTUAL="1" ISACTIVE="1" /><STEAD ID="74186471" OBJECTID="174954604" OBJECTGUID="72b2b318-03b0-4fb0-9fa0-96752c0df760" CHANGEID="689721720" NUMBER="5А" OPERTYPEID="10" PREVID="0" NEXTID="0" UPDATEDATE="2025-09-30" STARTDATE="2025-09-30" ENDDATE="2079-06-06" ISACTUAL="1" ISACTIVE="1" /><STEAD ID="74186473" OBJECTID="174954606" OBJECTGUID="2d5189d8-4f76-45fb-809a-6966269ac35c" CHANGEID="689721725" NUMBER="8" OPERTYPEID="10" PREVID="0" NEXTID="0" UPDATEDATE="2025-09-30" STARTDATE="2025-09-30" ENDDATE="2079-06-06" ISACTUAL="1" ISACTIVE="1" /><STEAD ID="74186475" OBJECTID="174954608" OBJECTGUID="7a85d53d-9a2c-43a6-b81a-dee2e256a541" CHANGEID="689721730" NUMBER="22В/1" OPERTYPEID="10" PREVID="0" NEXTID="0" UPDATEDATE="2025-09-30" STARTDATE="2025-09-30" ENDDATE="2079-06-06" ISACTUAL="1" ISACTIVE="1" /><STEAD ID="74187363" OBJECTID="98581218" OBJECTGUID="5ce170a5-ba4e-4305-afe0-a5656f042b34" CHANGEID="689725093" NUMBER="10" OPERTYPEID="30" PREVID="12608624" NEXTID="0" UPDATEDATE="2025-09-30" STARTDATE="2025-09-30" ENDDATE="2079-06-06" ISACTUAL="1" ISACTIVE="0" /><STEAD ID="74188064" OBJECTID="174957541" OBJECTGUID="2b5cc44f-e2af-4f0d-9ca6-b07ddcd3f9f2" CHANGEID="689728417" NUMBER="26" OPERTYPEID="10" PREVID="0" NEXTID="0" UPDATEDATE="2025-09-30" STARTDATE="2025-09-30" ENDDATE="2079-06-06" ISACTUAL="1" ISACTIVE="1" /><STEAD ID="74188083" OBJECTID="174957562" OBJECTGUID="aa9badb2-70ba-4f55-9aae-3b4a3e328830" CHANGEID="689729175" NUMBER="57" OPERTYPEID="10" PREVID="0" NEXTID="0" UPDATEDATE="2025-09-30" STARTDATE="2025-09-30" ENDDATE="2079-06-06" ISACTUAL="1" ISACTIVE="1" /><STEAD ID="74188150" OBJECTID="174957653" OBJECTGUID="10836cda-a4ec-4e86-ba21-94a709bd190b" CHANGEID="689729283" NUMBER="16" OPERTYPEID="10" PREVID="0" NEXTID="0" UPDATEDATE="2025-09-30" STARTDATE="2025-09-30" ENDDATE="2079-06-06" ISACTUAL="1" ISACTIVE="1" /><STEAD ID="74188621" OBJECTID="174958293" OBJECTGUID="0f58c357-2e9d-4877-9cf9-a7d31aadf9ac" CHANGEID="689731100" NUMBER="57А" OPERTYPEID="10" PREVID="0" NEXTID="0" UPDATEDATE="2025-09-30" STARTDATE="2025-09-30" ENDDATE="2079-06-06" ISACTUAL="1" ISACTIVE="1" /><STEAD ID="74192461" OBJECTID="174964178" OBJECTGUID="a12ba868-a378-40d8-9d5d-05c5d73b777d" CHANGEID="689743570" NUMBER="5П" OPERTYPEID="10" PREVID="0" NEXTID="0" UPDATEDATE="2025-09-30" STARTDATE="2025-09-30" ENDDATE="2079-06-06" ISACTUAL="1" ISACTIVE="1" /><STEAD ID="74192462" OBJECTID="174964179" OBJECTGUID="2861d0fb-5d18-4e5f-836d-ea58a4ae5dbb" CHANGEID="689743571" NUMBER="4П" OPERTYPEID="10" PREVID="0" NEXTID="0" UPDATEDATE="2025-09-30" STARTDATE="2025-09-30" ENDDATE="2079-06-06" ISACTUAL="1" ISACTIVE="1" /><STEAD ID="74192463" OBJECTID="174964180" OBJECTGUID="55df3f01-ddb0-404c-b0ee-56b2e3f27191" CHANGEID="689743572" NUMBER="3П" OPERTYPEID="10" PREVID="0" NEXTID="0" UPDATEDATE="2025-09-30" STARTDATE="2025-09-30" ENDDATE="2079-06-06" ISACTUAL="1" ISACTIVE="1" /><STEAD ID="74192464" OBJECTID="174964181" OBJECTGUID="4c023bcd-44a7-4a43-9105-ac02ef8e70cc" CHANGEID="689743573" NUMBER="2П" OPERTYPEID="10" PREVID="0" NEXTID="0" UPDATEDATE="2025-09-30" STARTDATE="2025-09-30" ENDDATE="2079-06-06" ISACTUAL="1" ISACTIVE="1" /><STEAD ID="74192465" OBJECTID="174964182" OBJECTGUID="6c642cf0-ff57-416f-b256-8851c42cf0a2" CHANGEID="689743574" NUMBER="1П" OPERTYPEID="10" PREVID="0" NEXTID="0" UPDATEDATE="2025-09-30" STARTDATE="2025-09-30" ENDDATE="2079-06-06" ISACTUAL="1" ISACTIVE="1" /><STEAD ID="74192522" OBJECTID="174964266" OBJECTGUID="6c678535-2fa9-4794-9a6c-4d2cc3dc5714" CHANGEID="689743746" NUMBER="10" OPERTYPEID="10" PREVID="0" NEXTID="0" UPDATEDATE="2025-09-30" STARTDATE="2025-09-30" ENDDATE="2079-06-06" ISACTUAL="1" ISACTIVE="1" /><STEAD ID="74192949" OBJECTID="174964736" OBJECTGUID="4f9ec67b-0d76-4232-91e7-09f3b9838f87" CHANGEID="689745112" NUMBER="7В" OPERTYPEID="10" PREVID="0" NEXTID="0" UPDATEDATE="2025-09-30" STARTDATE="2025-09-30" ENDDATE="2079-06-06" ISACTUAL="1" ISACTIVE="1" /><STEAD ID="74193034" OBJECTID="174964852" OBJECTGUID="e88b75ee-16a6-4718-a181-6cd164a642cf" CHANGEID="689745290" NUMBER="12" OPERTYPEID="10" PREVID="0" NEXTID="0" UPDATEDATE="2025-09-30" STARTDATE="2025-09-30" ENDDATE="2079-06-06" ISACTUAL="1" ISACTIVE="1" /><STEAD ID="74193078" OBJECTID="168449996" OBJECTGUID="004c4b6f-5b07-44c4-8140-098e38bb0c22" CHANGEID="689745805" NUMBER="2" OPERTYPEID="40" PREVID="70614373" UPDATEDATE="2025-09-30" STARTDATE="2025-09-30" ENDDATE="2079-06-06" ISACTUAL="1" ISACTIVE="1" /><STEAD ID="73688628" OBJECTID="173999616" OBJECTGUID="3a0ba6be-2ea4-4adb-b92f-f18fa31009cc" CHANGEID="657046821" NUMBER="2" OPERTYPEID="10" PREVID="0" NEXTID="74193079" UPDATEDATE="2025-09-30" STARTDATE="2025-08-13" ENDDATE="2025-09-30" ISACTUAL="0" ISACTIVE="0" /><STEAD ID="74193079" OBJECTID="173999616" OBJECTGUID="3a0ba6be-2ea4-4adb-b92f-f18fa31009cc" CHANGEID="689745806" NUMBER="2" OPERTYPEID="42" PREVID="73688628" NEXTID="74193078" UPDATEDATE="2025-09-30" STARTDATE="2025-09-30" ENDDATE="2079-06-06" ISACTUAL="1" ISACTIVE="0" /><STEAD ID="74199503" OBJECTID="87510744" OBJECTGUID="b537b2c5-1adf-46df-a66c-872e13f0c136" CHANGEID="689791373" NUMBER="439" OPERTYPEID="20" PREVID="67409399" UPDATEDATE="2025-10-01" STARTDATE="2025-10-01" ENDDATE="2079-06-06" ISACTUAL="1" ISACTIVE="1" /><STEAD ID="74199596" OBJECTID="174977205" OBJECTGUID="4507759e-3aa7-41bc-aabb-a6c8329eb781" CHANGEID="689791494" NUMBER="34" OPERTYPEID="10" PREVID="0" NEXTID="0" UPDATEDATE="2025-10-01" STARTDATE="2025-10-01" ENDDATE="2079-06-06" ISACTUAL="1" ISACTIVE="1" /><STEAD ID="74199607" OBJECTID="174977235" OBJECTGUID="53f87085-5814-4679-92f4-0c9cd1e7d2b1" CHANGEID="689791536" NUMBER="237" OPERTYPEID="10" PREVID="0" NEXTID="0" UPDATEDATE="2025-10-01" STARTDATE="2025-10-01" ENDDATE="2079-06-06" ISACTUAL="1" ISACTIVE="1" /><STEAD ID="74199619" OBJECTID="174977283" OBJECTGUID="ce7a4e37-ad39-4114-83a2-5c13e9b388dd" CHANGEID="689791589" NUMBER="7Б" OPERTYPEID="10" PREVID="0" NEXTID="0" UPDATEDATE="2025-10-01" STARTDATE="2025-10-01" ENDDATE="2079-06-06" ISACTUAL="1" ISACTIVE="1" /><STEAD ID="74200644" OBJECTID="174979034" OBJECTGUID="deaf3e6f-80fc-4bbc-ab87-e91c1ea8be4e" CHANGEID="689794128" NUMBER="10/4" OPERTYPEID="10" PREVID="0" NEXTID="0" UPDATEDATE="2025-10-01" STARTDATE="2025-10-01" ENDDATE="2079-06-06" ISACTUAL="1" ISACTIVE="1" /><STEAD ID="74200645" OBJECTID="174979035" OBJECTGUID="9035f311-ead5-444c-bd27-a53d36cb90cd" CHANGEID="689794129" NUMBER="22В" OPERTYPEID="10" PREVID="0" NEXTID="0" UPDATEDATE="2025-10-01" STARTDATE="2025-10-01" ENDDATE="2079-06-06" ISACTUAL="1" ISACTIVE="1" /><STEAD ID="74202050" OBJECTID="95107139" OBJECTGUID="584c3b7f-397f-4560-b719-5ce0a6a50f6a" CHANGEID="689800304" NUMBER="21" OPERTYPEID="30" PREVID="13737864" NEXTID="0" UPDATEDATE="2025-10-01" STARTDATE="2025-10-01" ENDDATE="2079-06-06" ISACTUAL="1" ISACTIVE="0" /><STEAD ID="13737864" OBJECTID="95107139" OBJECTGUID="584c3b7f-397f-4560-b719-5ce0a6a50f6a" CHANGEID="182806983" NUMBER="21" OPERTYPEID="20" PREVID="10574041" NEXTID="74202050" UPDATEDATE="2025-10-01" STARTDATE="2021-03-16" ENDDATE="2025-10-01" ISACTUAL="0" ISACTIVE="0" /><STEAD ID="74203846" OBJECTID="174985210" OBJECTGUID="493a6340-2de9-440a-9cea-590721dbef91" CHANGEID="689807903" NUMBER="448" OPERTYPEID="10" PREVID="0" NEXTID="0" UPDATEDATE="2025-10-01" STARTDATE="2025-10-01" ENDDATE="2079-06-06" ISACTUAL="1" ISACTIVE="1" /><STEAD ID="74203847" OBJECTID="174985211" OBJECTGUID="4c413444-1975-48e2-b542-6e8d823f9737" CHANGEID="689807904" NUMBER="69" OPERTYPEID="10" PREVID="0" NEXTID="0" UPDATEDATE="2025-10-01" STARTDATE="2025-10-01" ENDDATE="2079-06-06" ISACTUAL="1" ISACTIVE="1" /><STEAD ID="74203848" OBJECTID="174985212" OBJECTGUID="da7e8b1f-d52c-4034-9cd5-334d49347450" CHANGEID="689807905" NUMBER="271" OPERTYPEID="10" PREVID="0" NEXTID="0" UPDATEDATE="2025-10-01" STARTDATE="2025-10-01" ENDDATE="2079-06-06" ISACTUAL="1" ISACTIVE="1" /></STEADS>