﻿<?xml version="1.0" encoding="utf-8"?><ADDRESSOBJECTS><OBJECT ID="1674229" OBJECTID="1357079" OBJECTGUID="54d2776a-9f3b-4f9f-849f-3f9686284374" CHANGEID="3715515" NAME="2015 км" TYPENAME="ж/д_оп" LEVEL="6" OPERTYPEID="1" PREVID="0" NEXTID="52190049" UPDATEDATE="2025-10-01" STARTDATE="1900-01-01" ENDDATE="2025-10-01" ISACTUAL="0" ISACTIVE="0" /><OBJECT ID="1675655" OBJECTID="1358346" OBJECTGUID="e15db614-0c9f-4b8a-b002-4b4e92b3de11" CHANGEID="3718833" NAME="2011 км" TYPENAME="ж/д_оп" LEVEL="6" OPERTYPEID="1" PREVID="0" NEXTID="52190050" UPDATEDATE="2025-10-01" STARTDATE="1900-01-01" ENDDATE="2025-10-01" ISACTUAL="0" ISACTIVE="0" /><OBJECT ID="1682066" OBJECTID="1364224" OBJECTGUID="a08f3cec-eee3-4fe3-9abc-a80e1f9a85fd" CHANGEID="3734407" NAME="2004 км" TYPENAME="ст" LEVEL="6" OPERTYPEID="1" PREVID="0" NEXTID="52190052" UPDATEDATE="2025-10-01" STARTDATE="1900-01-01" ENDDATE="2025-10-01" ISACTUAL="0" ISACTIVE="0" /><OBJECT ID="1685942" OBJECTID="1367822" OBJECTGUID="96c97dbb-e298-48ca-a48c-96a20dceb2c6" CHANGEID="3743921" NAME="Кордон Верхние Пруды" TYPENAME="нп" LEVEL="6" OPERTYPEID="1" PREVID="0" NEXTID="52190053" UPDATEDATE="2025-10-01" STARTDATE="1900-01-01" ENDDATE="2025-10-01" ISACTUAL="0" ISACTIVE="0" /><OBJECT ID="52189350" OBJECTID="174918915" OBJECTGUID="2a85630e-4b84-4d75-bd94-3e479a611b59" CHANGEID="689644454" NAME="Чайка-Ильменское" TYPENAME="тер." LEVEL="7" OPERTYPEID="10" PREVID="0" NEXTID="0" UPDATEDATE="2025-09-29" STARTDATE="2025-09-29" ENDDATE="2079-06-06" ISACTUAL="1" ISACTIVE="1" /><OBJECT ID="52189604" OBJECTID="174950398" OBJECTGUID="c44b7e31-ae86-4fce-98b9-6d1877cc50ae" CHANGEID="689710860" NAME="Щебеночная" TYPENAME="тер." LEVEL="7" OPERTYPEID="10" PREVID="0" NEXTID="0" UPDATEDATE="2025-09-30" STARTDATE="2025-09-30" ENDDATE="2079-06-06" ISACTUAL="1" ISACTIVE="1" /><OBJECT ID="52189606" OBJECTID="174950673" OBJECTGUID="a2ce5e3a-8178-4568-be95-098c888c7d7e" CHANGEID="689711253" NAME="ПК Вера" TYPENAME="тер." LEVEL="7" OPERTYPEID="10" PREVID="0" NEXTID="0" UPDATEDATE="2025-09-30" STARTDATE="2025-09-30" ENDDATE="2079-06-06" ISACTUAL="1" ISACTIVE="1" /><OBJECT ID="52189607" OBJECTID="174950809" OBJECTGUID="d4acb743-d8b5-4edd-b11d-c0e8449180fa" CHANGEID="689711393" NAME="ПК Крот" TYPENAME="тер." LEVEL="7" OPERTYPEID="10" PREVID="0" NEXTID="0" UPDATEDATE="2025-09-30" STARTDATE="2025-09-30" ENDDATE="2079-06-06" ISACTUAL="1" ISACTIVE="1" /><OBJECT ID="52189626" OBJECTID="174952413" OBJECTGUID="bdd086a2-f147-4916-91c7-e70ed98cd211" CHANGEID="689717310" NAME="Фермерская" TYPENAME="тер." LEVEL="7" OPERTYPEID="10" PREVID="0" NEXTID="0" UPDATEDATE="2025-09-30" STARTDATE="2025-09-30" ENDDATE="2079-06-06" ISACTUAL="1" ISACTIVE="1" /><OBJECT ID="52190049" OBJECTID="1357079" OBJECTGUID="54d2776a-9f3b-4f9f-849f-3f9686284374" CHANGEID="689805126" NAME="2015 км" TYPENAME="ж/д_оп" LEVEL="6" OPERTYPEID="30" PREVID="1674229" NEXTID="0" UPDATEDATE="2025-10-01" STARTDATE="2025-10-01" ENDDATE="2079-06-06" ISACTUAL="1" ISACTIVE="0" /><OBJECT ID="52190050" OBJECTID="1358346" OBJECTGUID="e15db614-0c9f-4b8a-b002-4b4e92b3de11" CHANGEID="689805127" NAME="2011 км" TYPENAME="ж/д_оп" LEVEL="6" OPERTYPEID="30" PREVID="1675655" NEXTID="0" UPDATEDATE="2025-10-01" STARTDATE="2025-10-01" ENDDATE="2079-06-06" ISACTUAL="1" ISACTIVE="0" /><OBJECT ID="52190051" OBJECTID="1362054" OBJECTGUID="617c9dcf-19ce-4516-8c70-d3dd80abcc80" CHANGEID="689805128" NAME="2009 км" TYPENAME="ж/д_оп" LEVEL="6" OPERTYPEID="30" PREVID="1679737" NEXTID="0" UPDATEDATE="2025-10-01" STARTDATE="2025-10-01" ENDDATE="2079-06-06" ISACTUAL="1" ISACTIVE="0" /><OBJECT ID="1679737" OBJECTID="1362054" OBJECTGUID="617c9dcf-19ce-4516-8c70-d3dd80abcc80" CHANGEID="3728690" NAME="2009 км" TYPENAME="ж/д_оп" LEVEL="6" OPERTYPEID="1" PREVID="0" NEXTID="52190051" UPDATEDATE="2025-10-01" STARTDATE="1900-01-01" ENDDATE="2025-10-01" ISACTUAL="0" ISACTIVE="0" /><OBJECT ID="52190052" OBJECTID="1364224" OBJECTGUID="a08f3cec-eee3-4fe3-9abc-a80e1f9a85fd" CHANGEID="689805129" NAME="2004 км" TYPENAME="ст" LEVEL="6" OPERTYPEID="30" PREVID="1682066" NEXTID="0" UPDATEDATE="2025-10-01" STARTDATE="2025-10-01" ENDDATE="2079-06-06" ISACTUAL="1" ISACTIVE="0" /><OBJECT ID="52190053" OBJECTID="1367822" OBJECTGUID="96c97dbb-e298-48ca-a48c-96a20dceb2c6" CHANGEID="689805130" NAME="Кордон Верхние Пруды" TYPENAME="нп" LEVEL="6" OPERTYPEID="30" PREVID="1685942" NEXTID="0" UPDATEDATE="2025-10-01" STARTDATE="2025-10-01" ENDDATE="2079-06-06" ISACTUAL="1" ISACTIVE="0" /></ADDRESSOBJECTS>