﻿<?xml version="1.0" encoding="utf-8"?><STEADS><STEAD ID="11847181" OBJECTID="97222361" OBJECTGUID="6759af6b-0bcb-404b-a15b-c8a8bbf91ea0" CHANGEID="152238052" NUMBER="6" OPERTYPEID="10" PREVID="0" NEXTID="74188697" UPDATEDATE="2025-09-30" STARTDATE="2020-06-19" ENDDATE="2025-09-30" ISACTUAL="0" ISACTIVE="0" /><STEAD ID="11988387" OBJECTID="97468365" OBJECTGUID="8f0214ac-9600-47aa-ab2d-0f10ba8295a4" CHANGEID="153385446" NUMBER="11" OPERTYPEID="10" PREVID="0" NEXTID="74167269" UPDATEDATE="2025-09-29" STARTDATE="2020-07-10" ENDDATE="2025-09-29" ISACTUAL="0" ISACTIVE="0" /><STEAD ID="12315326" OBJECTID="98076937" OBJECTGUID="3e6684e5-2502-431a-9390-adee98c8cc86" CHANGEID="156090950" NUMBER="8" OPERTYPEID="10" PREVID="0" NEXTID="74200782" UPDATEDATE="2025-10-01" STARTDATE="2020-08-28" ENDDATE="2025-10-01" ISACTUAL="0" ISACTIVE="0" /><STEAD ID="74164509" OBJECTID="174912017" OBJECTGUID="d97dda37-d58c-4b96-bc85-f9ece7e2caea" CHANGEID="689629648" NUMBER="16/1" OPERTYPEID="10" PREVID="0" NEXTID="0" UPDATEDATE="2025-09-29" STARTDATE="2025-09-29" ENDDATE="2079-06-06" ISACTUAL="1" ISACTIVE="1" /><STEAD ID="74164512" OBJECTID="174912021" OBJECTGUID="173ac805-4f7e-490d-b11a-996a6410b3ba" CHANGEID="689629653" NUMBER="16/2" OPERTYPEID="10" PREVID="0" NEXTID="0" UPDATEDATE="2025-09-29" STARTDATE="2025-09-29" ENDDATE="2079-06-06" ISACTUAL="1" ISACTIVE="1" /><STEAD ID="74164513" OBJECTID="174912022" OBJECTGUID="aca75cff-1717-4301-8814-b5675534e4ae" CHANGEID="689629654" NUMBER="20/1" OPERTYPEID="10" PREVID="0" NEXTID="0" UPDATEDATE="2025-09-29" STARTDATE="2025-09-29" ENDDATE="2079-06-06" ISACTUAL="1" ISACTIVE="1" /><STEAD ID="74164514" OBJECTID="174912023" OBJECTGUID="5d2993ec-b63d-48b5-8b4b-c8957ade9e11" CHANGEID="689629656" NUMBER="24/1" OPERTYPEID="10" PREVID="0" NEXTID="0" UPDATEDATE="2025-09-29" STARTDATE="2025-09-29" ENDDATE="2079-06-06" ISACTUAL="1" ISACTIVE="1" /><STEAD ID="74164532" OBJECTID="174912044" OBJECTGUID="cb01cd74-aefd-45fe-be0d-e350f413785d" CHANGEID="689629686" NUMBER="24/2" OPERTYPEID="10" PREVID="0" NEXTID="0" UPDATEDATE="2025-09-29" STARTDATE="2025-09-29" ENDDATE="2079-06-06" ISACTUAL="1" ISACTIVE="1" /><STEAD ID="74164533" OBJECTID="174912045" OBJECTGUID="3be6eb6e-cfcb-43f7-b72c-66dafd29f333" CHANGEID="689629687" NUMBER="32/1" OPERTYPEID="10" PREVID="0" NEXTID="0" UPDATEDATE="2025-09-29" STARTDATE="2025-09-29" ENDDATE="2079-06-06" ISACTUAL="1" ISACTIVE="1" /><STEAD ID="74164534" OBJECTID="174912046" OBJECTGUID="40ca668f-1c7f-499f-b947-5798f8a49c3f" CHANGEID="689629688" NUMBER="32/2" OPERTYPEID="10" PREVID="0" NEXTID="0" UPDATEDATE="2025-09-29" STARTDATE="2025-09-29" ENDDATE="2079-06-06" ISACTUAL="1" ISACTIVE="1" /><STEAD ID="74164537" OBJECTID="174912049" OBJECTGUID="602985c1-ca16-4229-92de-c3628b09d202" CHANGEID="689629721" NUMBER="42" OPERTYPEID="10" PREVID="0" NEXTID="0" UPDATEDATE="2025-09-29" STARTDATE="2025-09-29" ENDDATE="2079-06-06" ISACTUAL="1" ISACTIVE="1" /><STEAD ID="74164975" OBJECTID="174912597" OBJECTGUID="9a05a110-5873-4a10-adb9-cc789266ffff" CHANGEID="689630942" NUMBER="26/2" OPERTYPEID="10" PREVID="0" NEXTID="0" UPDATEDATE="2025-09-29" STARTDATE="2025-09-29" ENDDATE="2079-06-06" ISACTUAL="1" ISACTIVE="1" /><STEAD ID="74164980" OBJECTID="174912602" OBJECTGUID="9808cb4f-7d7b-4950-ad0e-e3990bb1ea70" CHANGEID="689630947" NUMBER="19" OPERTYPEID="10" PREVID="0" NEXTID="0" UPDATEDATE="2025-09-29" STARTDATE="2025-09-29" ENDDATE="2079-06-06" ISACTUAL="1" ISACTIVE="1" /><STEAD ID="74164982" OBJECTID="174912604" OBJECTGUID="e9bb15d3-56d2-47c6-9534-9e7613a8be78" CHANGEID="689630949" NUMBER="1" OPERTYPEID="10" PREVID="0" NEXTID="0" UPDATEDATE="2025-09-29" STARTDATE="2025-09-29" ENDDATE="2079-06-06" ISACTUAL="1" ISACTIVE="1" /><STEAD ID="74164983" OBJECTID="174912606" OBJECTGUID="9b8278b7-a5f4-46a2-9567-a5cff66ee1a9" CHANGEID="689630967" NUMBER="43А" OPERTYPEID="10" PREVID="0" NEXTID="0" UPDATEDATE="2025-09-29" STARTDATE="2025-09-29" ENDDATE="2079-06-06" ISACTUAL="1" ISACTIVE="1" /><STEAD ID="74164974" OBJECTID="174912596" OBJECTGUID="9694033f-0e76-4ccb-8a0e-ec8fb75160b8" CHANGEID="689630941" NUMBER="34" OPERTYPEID="10" PREVID="0" NEXTID="0" UPDATEDATE="2025-09-29" STARTDATE="2025-09-29" ENDDATE="2079-06-06" ISACTUAL="1" ISACTIVE="1" /><STEAD ID="74164976" OBJECTID="174912598" OBJECTGUID="4ed726f6-2187-49b7-85eb-584110de3e2a" CHANGEID="689630943" NUMBER="22/1" OPERTYPEID="10" PREVID="0" NEXTID="0" UPDATEDATE="2025-09-29" STARTDATE="2025-09-29" ENDDATE="2079-06-06" ISACTUAL="1" ISACTIVE="1" /><STEAD ID="74164979" OBJECTID="174912601" OBJECTGUID="7e2716b9-030a-449b-9899-2d63e417b5a7" CHANGEID="689630946" NUMBER="15" OPERTYPEID="10" PREVID="0" NEXTID="0" UPDATEDATE="2025-09-29" STARTDATE="2025-09-29" ENDDATE="2079-06-06" ISACTUAL="1" ISACTIVE="1" /><STEAD ID="74164981" OBJECTID="174912603" OBJECTGUID="4863020b-2328-4a9e-b996-d294308ef5fc" CHANGEID="689630948" NUMBER="5" OPERTYPEID="10" PREVID="0" NEXTID="0" UPDATEDATE="2025-09-29" STARTDATE="2025-09-29" ENDDATE="2079-06-06" ISACTUAL="1" ISACTIVE="1" /><STEAD ID="74165397" OBJECTID="174913201" OBJECTGUID="8e029618-d77c-45e3-9f34-dcec5677e51d" CHANGEID="689632738" NUMBER="96А" OPERTYPEID="10" PREVID="0" NEXTID="0" UPDATEDATE="2025-09-29" STARTDATE="2025-09-29" ENDDATE="2079-06-06" ISACTUAL="1" ISACTIVE="1" /><STEAD ID="74165420" OBJECTID="174913227" OBJECTGUID="e0f92a80-7e3d-42e2-9d32-19cca036b92c" CHANGEID="689632904" NUMBER="2В" OPERTYPEID="10" PREVID="0" NEXTID="0" UPDATEDATE="2025-09-29" STARTDATE="2025-09-29" ENDDATE="2079-06-06" ISACTUAL="1" ISACTIVE="1" /><STEAD ID="74165404" OBJECTID="174913209" OBJECTGUID="d41edf2f-9a67-4f5d-8ce5-b5e255a9ea1d" CHANGEID="689632778" NUMBER="26А" OPERTYPEID="10" PREVID="0" NEXTID="0" UPDATEDATE="2025-09-29" STARTDATE="2025-09-29" ENDDATE="2079-06-06" ISACTUAL="1" ISACTIVE="1" /><STEAD ID="74165407" OBJECTID="174913212" OBJECTGUID="d75f30c3-706c-4d0b-9a12-e7b144aff778" CHANGEID="689632848" NUMBER="2Б" OPERTYPEID="10" PREVID="0" NEXTID="0" UPDATEDATE="2025-09-29" STARTDATE="2025-09-29" ENDDATE="2079-06-06" ISACTUAL="1" ISACTIVE="1" /><STEAD ID="74165926" OBJECTID="174914105" OBJECTGUID="515061b6-56fa-40a6-80a8-fd3d0177fadb" CHANGEID="689634853" NUMBER="15В" OPERTYPEID="10" PREVID="0" NEXTID="0" UPDATEDATE="2025-09-29" STARTDATE="2025-09-29" ENDDATE="2079-06-06" ISACTUAL="1" ISACTIVE="1" /><STEAD ID="74165927" OBJECTID="174914106" OBJECTGUID="d8abbd1d-2498-4a61-9ace-e4a979126369" CHANGEID="689634854" NUMBER="15Б" OPERTYPEID="10" PREVID="0" NEXTID="0" UPDATEDATE="2025-09-29" STARTDATE="2025-09-29" ENDDATE="2079-06-06" ISACTUAL="1" ISACTIVE="1" /><STEAD ID="74165950" OBJECTID="174914132" OBJECTGUID="cba32e6e-8adc-4588-9219-5a6a560f3c10" CHANGEID="689634905" NUMBER="4" OPERTYPEID="10" PREVID="0" NEXTID="0" UPDATEDATE="2025-09-29" STARTDATE="2025-09-29" ENDDATE="2079-06-06" ISACTUAL="1" ISACTIVE="1" /><STEAD ID="74165952" OBJECTID="174914135" OBJECTGUID="94beb98d-58f1-4404-bf51-43576ab56c4e" CHANGEID="689634909" NUMBER="1А" OPERTYPEID="10" PREVID="0" NEXTID="0" UPDATEDATE="2025-09-29" STARTDATE="2025-09-29" ENDDATE="2079-06-06" ISACTUAL="1" ISACTIVE="1" /><STEAD ID="74165954" OBJECTID="174914137" OBJECTGUID="e744ec6b-7219-4bd4-bbdc-b1a8f6bd1a4b" CHANGEID="689634915" NUMBER="6" OPERTYPEID="10" PREVID="0" NEXTID="0" UPDATEDATE="2025-09-29" STARTDATE="2025-09-29" ENDDATE="2079-06-06" ISACTUAL="1" ISACTIVE="1" /><STEAD ID="74165949" OBJECTID="174914130" OBJECTGUID="4a1a3f03-5f5a-4362-84cb-6a4f40098de6" CHANGEID="689634892" NUMBER="8" OPERTYPEID="10" PREVID="0" NEXTID="0" UPDATEDATE="2025-09-29" STARTDATE="2025-09-29" ENDDATE="2079-06-06" ISACTUAL="1" ISACTIVE="1" /><STEAD ID="74165953" OBJECTID="174914136" OBJECTGUID="111d4e7b-3d3a-47b3-9c11-57eda4f9e361" CHANGEID="689634912" NUMBER="2" OPERTYPEID="10" PREVID="0" NEXTID="0" UPDATEDATE="2025-09-29" STARTDATE="2025-09-29" ENDDATE="2079-06-06" ISACTUAL="1" ISACTIVE="1" /><STEAD ID="74165985" OBJECTID="174914169" OBJECTGUID="f4ce2d41-f298-4046-bf9f-bca41cee8df2" CHANGEID="689634982" NUMBER="3" OPERTYPEID="10" PREVID="0" NEXTID="0" UPDATEDATE="2025-09-29" STARTDATE="2025-09-29" ENDDATE="2079-06-06" ISACTUAL="1" ISACTIVE="1" /><STEAD ID="74165993" OBJECTID="174914179" OBJECTGUID="cefa2602-48ea-44f9-b164-3f3b50b55010" CHANGEID="689635002" NUMBER="16" OPERTYPEID="10" PREVID="0" NEXTID="0" UPDATEDATE="2025-09-29" STARTDATE="2025-09-29" ENDDATE="2079-06-06" ISACTUAL="1" ISACTIVE="1" /><STEAD ID="74165994" OBJECTID="174914181" OBJECTGUID="f3f70a36-f827-4674-9bc4-a578edefe7dc" CHANGEID="689635004" NUMBER="5Б" OPERTYPEID="10" PREVID="0" NEXTID="0" UPDATEDATE="2025-09-29" STARTDATE="2025-09-29" ENDDATE="2079-06-06" ISACTUAL="1" ISACTIVE="1" /><STEAD ID="74165996" OBJECTID="174914184" OBJECTGUID="b50a29f9-92cf-4f0b-8ded-5993b645d51b" CHANGEID="689635008" NUMBER="8" OPERTYPEID="10" PREVID="0" NEXTID="0" UPDATEDATE="2025-09-29" STARTDATE="2025-09-29" ENDDATE="2079-06-06" ISACTUAL="1" ISACTIVE="1" /><STEAD ID="74165983" OBJECTID="174914166" OBJECTGUID="8a6cf1a4-ada4-45e6-bee6-5625eb9be515" CHANGEID="689634976" NUMBER="8" OPERTYPEID="10" PREVID="0" NEXTID="0" UPDATEDATE="2025-09-29" STARTDATE="2025-09-29" ENDDATE="2079-06-06" ISACTUAL="1" ISACTIVE="1" /><STEAD ID="74165984" OBJECTID="174914168" OBJECTGUID="c5186801-61c2-4f0e-afdd-8e45874e25de" CHANGEID="689634981" NUMBER="4" OPERTYPEID="10" PREVID="0" NEXTID="0" UPDATEDATE="2025-09-29" STARTDATE="2025-09-29" ENDDATE="2079-06-06" ISACTUAL="1" ISACTIVE="1" /><STEAD ID="74165987" OBJECTID="174914171" OBJECTGUID="27ef8af9-ac4c-47d9-b894-0dde4c05805f" CHANGEID="689634985" NUMBER="28" OPERTYPEID="10" PREVID="0" NEXTID="0" UPDATEDATE="2025-09-29" STARTDATE="2025-09-29" ENDDATE="2079-06-06" ISACTUAL="1" ISACTIVE="1" /><STEAD ID="74165988" OBJECTID="174914173" OBJECTGUID="48b2ab63-7849-4fd7-bf26-c1162fcd3223" CHANGEID="689634989" NUMBER="6" OPERTYPEID="10" PREVID="0" NEXTID="0" UPDATEDATE="2025-09-29" STARTDATE="2025-09-29" ENDDATE="2079-06-06" ISACTUAL="1" ISACTIVE="1" /><STEAD ID="74165989" OBJECTID="174914175" OBJECTGUID="40039353-ceb6-4693-a826-fa86f8471ddf" CHANGEID="689634993" NUMBER="5" OPERTYPEID="10" PREVID="0" NEXTID="0" UPDATEDATE="2025-09-29" STARTDATE="2025-09-29" ENDDATE="2079-06-06" ISACTUAL="1" ISACTIVE="1" /><STEAD ID="74165992" OBJECTID="174914178" OBJECTGUID="744e0184-fe0a-40be-b8d6-9641cb0b1e2f" CHANGEID="689634999" NUMBER="32" OPERTYPEID="10" PREVID="0" NEXTID="0" UPDATEDATE="2025-09-29" STARTDATE="2025-09-29" ENDDATE="2079-06-06" ISACTUAL="1" ISACTIVE="1" /><STEAD ID="74165995" OBJECTID="174914182" OBJECTGUID="9d8068bf-a2e2-4669-9ba9-baff1eb91980" CHANGEID="689635005" NUMBER="15" OPERTYPEID="10" PREVID="0" NEXTID="0" UPDATEDATE="2025-09-29" STARTDATE="2025-09-29" ENDDATE="2079-06-06" ISACTUAL="1" ISACTIVE="1" /><STEAD ID="74166001" OBJECTID="174914192" OBJECTGUID="df6814c1-7b56-45c9-a013-3cc6bce74f3f" CHANGEID="689635034" NUMBER="10" OPERTYPEID="10" PREVID="0" NEXTID="0" UPDATEDATE="2025-09-29" STARTDATE="2025-09-29" ENDDATE="2079-06-06" ISACTUAL="1" ISACTIVE="1" /><STEAD ID="74166020" OBJECTID="174914219" OBJECTGUID="7581a1d6-d172-4331-9a20-424b5aedb389" CHANGEID="689635077" NUMBER="4" OPERTYPEID="10" PREVID="0" NEXTID="0" UPDATEDATE="2025-09-29" STARTDATE="2025-09-29" ENDDATE="2079-06-06" ISACTUAL="1" ISACTIVE="1" /><STEAD ID="74166486" OBJECTID="174915174" OBJECTGUID="adb29699-4b6a-4bea-b920-54787aea3ebc" CHANGEID="689636927" NUMBER="29" OPERTYPEID="10" PREVID="0" NEXTID="0" UPDATEDATE="2025-09-29" STARTDATE="2025-09-29" ENDDATE="2079-06-06" ISACTUAL="1" ISACTIVE="1" /><STEAD ID="74166489" OBJECTID="174915178" OBJECTGUID="394c9e86-07a8-4976-aaf6-b72deaffa9e9" CHANGEID="689636931" NUMBER="21" OPERTYPEID="10" PREVID="0" NEXTID="0" UPDATEDATE="2025-09-29" STARTDATE="2025-09-29" ENDDATE="2079-06-06" ISACTUAL="1" ISACTIVE="1" /><STEAD ID="74166487" OBJECTID="174915175" OBJECTGUID="d6aa5842-49ab-4560-a3d2-a1900bb510e1" CHANGEID="689636928" NUMBER="69А" OPERTYPEID="10" PREVID="0" NEXTID="0" UPDATEDATE="2025-09-29" STARTDATE="2025-09-29" ENDDATE="2079-06-06" ISACTUAL="1" ISACTIVE="1" /><STEAD ID="74166580" OBJECTID="174915341" OBJECTGUID="723e02b4-98e5-47fe-a8da-9dd5866a3279" CHANGEID="689637315" NUMBER="14" OPERTYPEID="10" PREVID="0" NEXTID="0" UPDATEDATE="2025-09-29" STARTDATE="2025-09-29" ENDDATE="2079-06-06" ISACTUAL="1" ISACTIVE="1" /><STEAD ID="74166592" OBJECTID="174915370" OBJECTGUID="cd33c817-6ffe-4ce2-840a-f048a12b7e13" CHANGEID="689637353" NUMBER="20" OPERTYPEID="10" PREVID="0" NEXTID="0" UPDATEDATE="2025-09-29" STARTDATE="2025-09-29" ENDDATE="2079-06-06" ISACTUAL="1" ISACTIVE="1" /><STEAD ID="74167269" OBJECTID="97468365" OBJECTGUID="8f0214ac-9600-47aa-ab2d-0f10ba8295a4" CHANGEID="689640017" NUMBER="11" OPERTYPEID="40" PREVID="11988387" UPDATEDATE="2025-09-29" STARTDATE="2025-09-29" ENDDATE="2079-06-06" ISACTUAL="1" ISACTIVE="1" /><STEAD ID="11988260" OBJECTID="97468238" OBJECTGUID="b136eb77-8f85-4605-a3ec-0014d1fb6fad" CHANGEID="153384985" NUMBER="11" OPERTYPEID="10" PREVID="0" NEXTID="74167270" UPDATEDATE="2025-09-29" STARTDATE="2020-07-10" ENDDATE="2025-09-29" ISACTUAL="0" ISACTIVE="0" /><STEAD ID="74167270" OBJECTID="97468238" OBJECTGUID="b136eb77-8f85-4605-a3ec-0014d1fb6fad" CHANGEID="689640018" NUMBER="11" OPERTYPEID="42" PREVID="11988260" NEXTID="74167269" UPDATEDATE="2025-09-29" STARTDATE="2025-09-29" ENDDATE="2079-06-06" ISACTUAL="1" ISACTIVE="0" /><STEAD ID="74167413" OBJECTID="174917257" OBJECTGUID="0abf9bb7-613e-4e4c-86b6-b97f164a92f2" CHANGEID="689640587" NUMBER="2/2" OPERTYPEID="10" PREVID="0" NEXTID="0" UPDATEDATE="2025-09-29" STARTDATE="2025-09-29" ENDDATE="2079-06-06" ISACTUAL="1" ISACTIVE="1" /><STEAD ID="74167414" OBJECTID="174917258" OBJECTGUID="cae20e32-9591-4c36-9567-72fbcf00ea90" CHANGEID="689640588" NUMBER="2/1" OPERTYPEID="10" PREVID="0" NEXTID="0" UPDATEDATE="2025-09-29" STARTDATE="2025-09-29" ENDDATE="2079-06-06" ISACTUAL="1" ISACTIVE="1" /><STEAD ID="74169091" OBJECTID="174920068" OBJECTGUID="411069b4-6302-4ed5-9121-d1bb7b604617" CHANGEID="689646229" NUMBER="1" OPERTYPEID="10" PREVID="0" NEXTID="0" UPDATEDATE="2025-09-29" STARTDATE="2025-09-29" ENDDATE="2079-06-06" ISACTUAL="1" ISACTIVE="1" /><STEAD ID="74171591" OBJECTID="174926341" OBJECTGUID="fef57f3d-20d5-452d-8fbd-e4b489fa6036" CHANGEID="689661201" NUMBER="19" OPERTYPEID="10" PREVID="0" NEXTID="0" UPDATEDATE="2025-09-29" STARTDATE="2025-09-29" ENDDATE="2079-06-06" ISACTUAL="1" ISACTIVE="1" /><STEAD ID="74173621" OBJECTID="174930786" OBJECTGUID="5b81659e-11f8-4adf-b980-6a7c32862be7" CHANGEID="689670224" NUMBER="42" OPERTYPEID="10" PREVID="0" NEXTID="0" UPDATEDATE="2025-09-29" STARTDATE="2025-09-29" ENDDATE="2079-06-06" ISACTUAL="1" ISACTIVE="1" /><STEAD ID="74174981" OBJECTID="174933554" OBJECTGUID="1197cf57-3bf3-449b-b56c-19d66680e5db" CHANGEID="689675086" NUMBER="600" OPERTYPEID="10" PREVID="0" NEXTID="0" UPDATEDATE="2025-09-29" STARTDATE="2025-09-29" ENDDATE="2079-06-06" ISACTUAL="1" ISACTIVE="1" /><STEAD ID="74175118" OBJECTID="174933750" OBJECTGUID="254c351f-b27f-4f1d-81bc-0fc813983279" CHANGEID="689675371" NUMBER="7/4252" OPERTYPEID="10" PREVID="0" NEXTID="0" UPDATEDATE="2025-09-29" STARTDATE="2025-09-29" ENDDATE="2079-06-06" ISACTUAL="1" ISACTIVE="1" /><STEAD ID="74175627" OBJECTID="174935273" OBJECTGUID="65c92151-e98a-4982-8276-46bb653b0490" CHANGEID="689679262" NUMBER="46/2" OPERTYPEID="10" PREVID="0" NEXTID="0" UPDATEDATE="2025-09-29" STARTDATE="2025-09-29" ENDDATE="2079-06-06" ISACTUAL="1" ISACTIVE="1" /><STEAD ID="74175664" OBJECTID="174935315" OBJECTGUID="a8ce978d-d9d2-426a-8d94-3ea485e39f1d" CHANGEID="689679374" NUMBER="25А" OPERTYPEID="10" PREVID="0" NEXTID="0" UPDATEDATE="2025-09-29" STARTDATE="2025-09-29" ENDDATE="2079-06-06" ISACTUAL="1" ISACTIVE="1" /><STEAD ID="74175712" OBJECTID="174935414" OBJECTGUID="5c8fed34-71b0-489a-b33f-9c95e08a588c" CHANGEID="689679565" NUMBER="4" OPERTYPEID="10" PREVID="0" NEXTID="0" UPDATEDATE="2025-09-29" STARTDATE="2025-09-29" ENDDATE="2079-06-06" ISACTUAL="1" ISACTIVE="1" /><STEAD ID="74176700" OBJECTID="174938497" OBJECTGUID="e1c2bf33-0729-48dd-ba5c-841aad2cc0e9" CHANGEID="689686867" NUMBER="105" OPERTYPEID="10" PREVID="0" NEXTID="0" UPDATEDATE="2025-09-29" STARTDATE="2025-09-29" ENDDATE="2079-06-06" ISACTUAL="1" ISACTIVE="1" /><STEAD ID="74176701" OBJECTID="174938498" OBJECTGUID="c851f25f-c486-436b-92b4-a3a8ffca2443" CHANGEID="689686868" NUMBER="104" OPERTYPEID="10" PREVID="0" NEXTID="0" UPDATEDATE="2025-09-29" STARTDATE="2025-09-29" ENDDATE="2079-06-06" ISACTUAL="1" ISACTIVE="1" /><STEAD ID="74176702" OBJECTID="174938499" OBJECTGUID="ab83ec14-0764-4213-b855-05171bdb8541" CHANGEID="689686869" NUMBER="101" OPERTYPEID="10" PREVID="0" NEXTID="0" UPDATEDATE="2025-09-29" STARTDATE="2025-09-29" ENDDATE="2079-06-06" ISACTUAL="1" ISACTIVE="1" /><STEAD ID="74176703" OBJECTID="174938500" OBJECTGUID="a35cc338-77a3-4365-a2d9-b91236eef4e3" CHANGEID="689686870" NUMBER="100" OPERTYPEID="10" PREVID="0" NEXTID="0" UPDATEDATE="2025-09-29" STARTDATE="2025-09-29" ENDDATE="2079-06-06" ISACTUAL="1" ISACTIVE="1" /><STEAD ID="74176704" OBJECTID="174938501" OBJECTGUID="fcacd45b-4abe-4453-8384-946d03dc434a" CHANGEID="689686871" NUMBER="98" OPERTYPEID="10" PREVID="0" NEXTID="0" UPDATEDATE="2025-09-29" STARTDATE="2025-09-29" ENDDATE="2079-06-06" ISACTUAL="1" ISACTIVE="1" /><STEAD ID="74176705" OBJECTID="174938502" OBJECTGUID="dc2b3259-120c-427e-90d5-e7cd541fc339" CHANGEID="689686872" NUMBER="14" OPERTYPEID="10" PREVID="0" NEXTID="0" UPDATEDATE="2025-09-29" STARTDATE="2025-09-29" ENDDATE="2079-06-06" ISACTUAL="1" ISACTIVE="1" /><STEAD ID="74176706" OBJECTID="174938503" OBJECTGUID="543af282-efff-45ef-bc8d-074573e75701" CHANGEID="689686873" NUMBER="97" OPERTYPEID="10" PREVID="0" NEXTID="0" UPDATEDATE="2025-09-29" STARTDATE="2025-09-29" ENDDATE="2079-06-06" ISACTUAL="1" ISACTIVE="1" /><STEAD ID="74176707" OBJECTID="174938504" OBJECTGUID="ee74dbad-426e-4c52-bb2c-e43ef2570b60" CHANGEID="689686874" NUMBER="96" OPERTYPEID="10" PREVID="0" NEXTID="0" UPDATEDATE="2025-09-29" STARTDATE="2025-09-29" ENDDATE="2079-06-06" ISACTUAL="1" ISACTIVE="1" /><STEAD ID="74176708" OBJECTID="174938505" OBJECTGUID="4ec21deb-cd73-414e-b6e3-c0299b9c71e7" CHANGEID="689686875" NUMBER="95" OPERTYPEID="10" PREVID="0" NEXTID="0" UPDATEDATE="2025-09-29" STARTDATE="2025-09-29" ENDDATE="2079-06-06" ISACTUAL="1" ISACTIVE="1" /><STEAD ID="74176709" OBJECTID="174938506" OBJECTGUID="ba479e17-99b3-47af-82b4-fae8eb0a4034" CHANGEID="689686876" NUMBER="83" OPERTYPEID="10" PREVID="0" NEXTID="0" UPDATEDATE="2025-09-29" STARTDATE="2025-09-29" ENDDATE="2079-06-06" ISACTUAL="1" ISACTIVE="1" /><STEAD ID="74176710" OBJECTID="174938507" OBJECTGUID="ab660f7f-19e9-4aa9-a8be-08e39bf351cb" CHANGEID="689686877" NUMBER="82" OPERTYPEID="10" PREVID="0" NEXTID="0" UPDATEDATE="2025-09-29" STARTDATE="2025-09-29" ENDDATE="2079-06-06" ISACTUAL="1" ISACTIVE="1" /><STEAD ID="74176711" OBJECTID="174938508" OBJECTGUID="67815bc1-a524-47c7-b301-6d74a066a969" CHANGEID="689686878" NUMBER="81" OPERTYPEID="10" PREVID="0" NEXTID="0" UPDATEDATE="2025-09-29" STARTDATE="2025-09-29" ENDDATE="2079-06-06" ISACTUAL="1" ISACTIVE="1" /><STEAD ID="74176712" OBJECTID="174938509" OBJECTGUID="24d075e9-52a0-4e00-ba5c-476908c7a248" CHANGEID="689686879" NUMBER="80" OPERTYPEID="10" PREVID="0" NEXTID="0" UPDATEDATE="2025-09-29" STARTDATE="2025-09-29" ENDDATE="2079-06-06" ISACTUAL="1" ISACTIVE="1" /><STEAD ID="74176713" OBJECTID="174938510" OBJECTGUID="ab18e7e8-45e2-4868-94a7-01ee4cfbd8f3" CHANGEID="689686880" NUMBER="78" OPERTYPEID="10" PREVID="0" NEXTID="0" UPDATEDATE="2025-09-29" STARTDATE="2025-09-29" ENDDATE="2079-06-06" ISACTUAL="1" ISACTIVE="1" /><STEAD ID="74176714" OBJECTID="174938511" OBJECTGUID="54a2d76f-3658-4842-a4dc-9a184f596f55" CHANGEID="689686881" NUMBER="77" OPERTYPEID="10" PREVID="0" NEXTID="0" UPDATEDATE="2025-09-29" STARTDATE="2025-09-29" ENDDATE="2079-06-06" ISACTUAL="1" ISACTIVE="1" /><STEAD ID="74176715" OBJECTID="174938512" OBJECTGUID="70fa135f-59c8-4719-ac88-925c2f5d26e4" CHANGEID="689686882" NUMBER="73" OPERTYPEID="10" PREVID="0" NEXTID="0" UPDATEDATE="2025-09-29" STARTDATE="2025-09-29" ENDDATE="2079-06-06" ISACTUAL="1" ISACTIVE="1" /><STEAD ID="74176745" OBJECTID="174938675" OBJECTGUID="f47c5114-23f9-4c50-8257-640e5739a1a5" CHANGEID="689687095" NUMBER="145" OPERTYPEID="10" PREVID="0" NEXTID="0" UPDATEDATE="2025-09-29" STARTDATE="2025-09-29" ENDDATE="2079-06-06" ISACTUAL="1" ISACTIVE="1" /><STEAD ID="74176746" OBJECTID="174938676" OBJECTGUID="bd4cd64b-7afb-4ec1-96bf-fd3d1c5a9e34" CHANGEID="689687096" NUMBER="135" OPERTYPEID="10" PREVID="0" NEXTID="0" UPDATEDATE="2025-09-29" STARTDATE="2025-09-29" ENDDATE="2079-06-06" ISACTUAL="1" ISACTIVE="1" /><STEAD ID="74176747" OBJECTID="174938677" OBJECTGUID="91f59ff4-59fb-4878-ab43-72f3ddeb93d8" CHANGEID="689687097" NUMBER="132" OPERTYPEID="10" PREVID="0" NEXTID="0" UPDATEDATE="2025-09-29" STARTDATE="2025-09-29" ENDDATE="2079-06-06" ISACTUAL="1" ISACTIVE="1" /><STEAD ID="74176748" OBJECTID="174938678" OBJECTGUID="0d1a7872-aaed-4eb7-9f1b-f873219b7b4f" CHANGEID="689687098" NUMBER="131" OPERTYPEID="10" PREVID="0" NEXTID="0" UPDATEDATE="2025-09-29" STARTDATE="2025-09-29" ENDDATE="2079-06-06" ISACTUAL="1" ISACTIVE="1" /><STEAD ID="74176749" OBJECTID="174938679" OBJECTGUID="b8a6e094-15fa-4b25-bedb-8e4d94bd20d7" CHANGEID="689687099" NUMBER="126" OPERTYPEID="10" PREVID="0" NEXTID="0" UPDATEDATE="2025-09-29" STARTDATE="2025-09-29" ENDDATE="2079-06-06" ISACTUAL="1" ISACTIVE="1" /><STEAD ID="74176750" OBJECTID="174938680" OBJECTGUID="1c68ce9b-e926-4978-9acc-681482c26f24" CHANGEID="689687100" NUMBER="114" OPERTYPEID="10" PREVID="0" NEXTID="0" UPDATEDATE="2025-09-29" STARTDATE="2025-09-29" ENDDATE="2079-06-06" ISACTUAL="1" ISACTIVE="1" /><STEAD ID="74176751" OBJECTID="174938681" OBJECTGUID="deff2728-006b-43fd-9049-a140d67f4381" CHANGEID="689687101" NUMBER="113" OPERTYPEID="10" PREVID="0" NEXTID="0" UPDATEDATE="2025-09-29" STARTDATE="2025-09-29" ENDDATE="2079-06-06" ISACTUAL="1" ISACTIVE="1" /><STEAD ID="74176752" OBJECTID="174938682" OBJECTGUID="63c2f354-c7cd-433d-b75f-24f85e1a1757" CHANGEID="689687102" NUMBER="112" OPERTYPEID="10" PREVID="0" NEXTID="0" UPDATEDATE="2025-09-29" STARTDATE="2025-09-29" ENDDATE="2079-06-06" ISACTUAL="1" ISACTIVE="1" /><STEAD ID="74176753" OBJECTID="174938683" OBJECTGUID="29243278-adbe-42cc-9055-996146449941" CHANGEID="689687103" NUMBER="109" OPERTYPEID="10" PREVID="0" NEXTID="0" UPDATEDATE="2025-09-29" STARTDATE="2025-09-29" ENDDATE="2079-06-06" ISACTUAL="1" ISACTIVE="1" /><STEAD ID="74176754" OBJECTID="174938684" OBJECTGUID="d6e12829-eed7-431e-95e7-5d18a9bcb021" CHANGEID="689687104" NUMBER="134" OPERTYPEID="10" PREVID="0" NEXTID="0" UPDATEDATE="2025-09-29" STARTDATE="2025-09-29" ENDDATE="2079-06-06" ISACTUAL="1" ISACTIVE="1" /><STEAD ID="74176864" OBJECTID="174938901" OBJECTGUID="2e55ba67-4f29-4d54-92d5-e963008f6893" CHANGEID="689687625" NUMBER="161" OPERTYPEID="10" PREVID="0" NEXTID="0" UPDATEDATE="2025-09-29" STARTDATE="2025-09-29" ENDDATE="2079-06-06" ISACTUAL="1" ISACTIVE="1" /><STEAD ID="74176865" OBJECTID="174938902" OBJECTGUID="018bcc53-67e2-48c4-9da3-2b0575e793eb" CHANGEID="689687626" NUMBER="160" OPERTYPEID="10" PREVID="0" NEXTID="0" UPDATEDATE="2025-09-29" STARTDATE="2025-09-29" ENDDATE="2079-06-06" ISACTUAL="1" ISACTIVE="1" /><STEAD ID="74176866" OBJECTID="174938903" OBJECTGUID="ef936b0a-b9dd-4955-b6e7-266b9d5885d6" CHANGEID="689687627" NUMBER="159" OPERTYPEID="10" PREVID="0" NEXTID="0" UPDATEDATE="2025-09-29" STARTDATE="2025-09-29" ENDDATE="2079-06-06" ISACTUAL="1" ISACTIVE="1" /><STEAD ID="74176867" OBJECTID="174938904" OBJECTGUID="7649a015-a244-4511-85b8-081bda8ff5fe" CHANGEID="689687628" NUMBER="158" OPERTYPEID="10" PREVID="0" NEXTID="0" UPDATEDATE="2025-09-29" STARTDATE="2025-09-29" ENDDATE="2079-06-06" ISACTUAL="1" ISACTIVE="1" /><STEAD ID="74176868" OBJECTID="174938905" OBJECTGUID="2cad00dc-801a-42e7-b9bd-b9d3bcdc050c" CHANGEID="689687629" NUMBER="157" OPERTYPEID="10" PREVID="0" NEXTID="0" UPDATEDATE="2025-09-29" STARTDATE="2025-09-29" ENDDATE="2079-06-06" ISACTUAL="1" ISACTIVE="1" /><STEAD ID="74176869" OBJECTID="174938906" OBJECTGUID="088ef088-d989-4642-be25-c27d3a8706ce" CHANGEID="689687630" NUMBER="156" OPERTYPEID="10" PREVID="0" NEXTID="0" UPDATEDATE="2025-09-29" STARTDATE="2025-09-29" ENDDATE="2079-06-06" ISACTUAL="1" ISACTIVE="1" /><STEAD ID="74176870" OBJECTID="174938907" OBJECTGUID="51d8b8f0-98ff-4dc5-b3a0-3a5c82002317" CHANGEID="689687631" NUMBER="153" OPERTYPEID="10" PREVID="0" NEXTID="0" UPDATEDATE="2025-09-29" STARTDATE="2025-09-29" ENDDATE="2079-06-06" ISACTUAL="1" ISACTIVE="1" /><STEAD ID="74176871" OBJECTID="174938908" OBJECTGUID="c25c633c-fa85-470f-922d-9292d54bd3a6" CHANGEID="689687632" NUMBER="149" OPERTYPEID="10" PREVID="0" NEXTID="0" UPDATEDATE="2025-09-29" STARTDATE="2025-09-29" ENDDATE="2079-06-06" ISACTUAL="1" ISACTIVE="1" /><STEAD ID="74176872" OBJECTID="174938909" OBJECTGUID="f6f83232-8cda-4a5a-947d-0886a455ac6e" CHANGEID="689687633" NUMBER="147" OPERTYPEID="10" PREVID="0" NEXTID="0" UPDATEDATE="2025-09-29" STARTDATE="2025-09-29" ENDDATE="2079-06-06" ISACTUAL="1" ISACTIVE="1" /><STEAD ID="74176873" OBJECTID="174938910" OBJECTGUID="7fed024d-d8c0-46e0-be53-4791b1fe9aae" CHANGEID="689687634" NUMBER="146" OPERTYPEID="10" PREVID="0" NEXTID="0" UPDATEDATE="2025-09-29" STARTDATE="2025-09-29" ENDDATE="2079-06-06" ISACTUAL="1" ISACTIVE="1" /><STEAD ID="74176906" OBJECTID="174938976" OBJECTGUID="98ac1b76-9317-4384-9e39-f3ecbf1fd008" CHANGEID="689687782" NUMBER="23" OPERTYPEID="10" PREVID="0" NEXTID="0" UPDATEDATE="2025-09-29" STARTDATE="2025-09-29" ENDDATE="2079-06-06" ISACTUAL="1" ISACTIVE="1" /><STEAD ID="74176907" OBJECTID="174938977" OBJECTGUID="50f341ad-7acc-4ad0-8640-04f84ebc3631" CHANGEID="689687783" NUMBER="183" OPERTYPEID="10" PREVID="0" NEXTID="0" UPDATEDATE="2025-09-29" STARTDATE="2025-09-29" ENDDATE="2079-06-06" ISACTUAL="1" ISACTIVE="1" /><STEAD ID="74176908" OBJECTID="174938978" OBJECTGUID="536b2748-a742-4993-b862-696a87e64aea" CHANGEID="689687784" NUMBER="182" OPERTYPEID="10" PREVID="0" NEXTID="0" UPDATEDATE="2025-09-29" STARTDATE="2025-09-29" ENDDATE="2079-06-06" ISACTUAL="1" ISACTIVE="1" /><STEAD ID="74176909" OBJECTID="174938979" OBJECTGUID="39a47020-cb21-4de4-be79-951bdbe93cc8" CHANGEID="689687785" NUMBER="286" OPERTYPEID="10" PREVID="0" NEXTID="0" UPDATEDATE="2025-09-29" STARTDATE="2025-09-29" ENDDATE="2079-06-06" ISACTUAL="1" ISACTIVE="1" /><STEAD ID="74176910" OBJECTID="174938980" OBJECTGUID="e19ad73b-9812-4080-8198-19228c99e87b" CHANGEID="689687786" NUMBER="178" OPERTYPEID="10" PREVID="0" NEXTID="0" UPDATEDATE="2025-09-29" STARTDATE="2025-09-29" ENDDATE="2079-06-06" ISACTUAL="1" ISACTIVE="1" /><STEAD ID="74176911" OBJECTID="174938981" OBJECTGUID="2d17e877-b36b-49b0-aa0c-12c115544e22" CHANGEID="689687787" NUMBER="173" OPERTYPEID="10" PREVID="0" NEXTID="0" UPDATEDATE="2025-09-29" STARTDATE="2025-09-29" ENDDATE="2079-06-06" ISACTUAL="1" ISACTIVE="1" /><STEAD ID="74176912" OBJECTID="174938982" OBJECTGUID="a3dfe1b5-1d05-4f1a-8177-f93bec9b1c0a" CHANGEID="689687788" NUMBER="22" OPERTYPEID="10" PREVID="0" NEXTID="0" UPDATEDATE="2025-09-29" STARTDATE="2025-09-29" ENDDATE="2079-06-06" ISACTUAL="1" ISACTIVE="1" /><STEAD ID="74176913" OBJECTID="174938983" OBJECTGUID="1611a9ba-31a9-443a-8620-1203b98b63ca" CHANGEID="689687789" NUMBER="167" OPERTYPEID="10" PREVID="0" NEXTID="0" UPDATEDATE="2025-09-29" STARTDATE="2025-09-29" ENDDATE="2079-06-06" ISACTUAL="1" ISACTIVE="1" /><STEAD ID="74176914" OBJECTID="174938984" OBJECTGUID="5c872972-45b4-4c8f-9bec-d3e5f9a71667" CHANGEID="689687790" NUMBER="163" OPERTYPEID="10" PREVID="0" NEXTID="0" UPDATEDATE="2025-09-29" STARTDATE="2025-09-29" ENDDATE="2079-06-06" ISACTUAL="1" ISACTIVE="1" /><STEAD ID="74176915" OBJECTID="174938985" OBJECTGUID="4e00cebf-e487-4dfb-b443-d346e8bd6e6c" CHANGEID="689687791" NUMBER="162" OPERTYPEID="10" PREVID="0" NEXTID="0" UPDATEDATE="2025-09-29" STARTDATE="2025-09-29" ENDDATE="2079-06-06" ISACTUAL="1" ISACTIVE="1" /><STEAD ID="74176947" OBJECTID="174939033" OBJECTGUID="ee0f2f22-970f-4fb7-b72d-e344760d9799" CHANGEID="689687878" NUMBER="238" OPERTYPEID="10" PREVID="0" NEXTID="0" UPDATEDATE="2025-09-29" STARTDATE="2025-09-29" ENDDATE="2079-06-06" ISACTUAL="1" ISACTIVE="1" /><STEAD ID="74176948" OBJECTID="174939034" OBJECTGUID="1a3ee303-02f4-4274-a331-8730b741447d" CHANGEID="689687879" NUMBER="237" OPERTYPEID="10" PREVID="0" NEXTID="0" UPDATEDATE="2025-09-29" STARTDATE="2025-09-29" ENDDATE="2079-06-06" ISACTUAL="1" ISACTIVE="1" /><STEAD ID="74176949" OBJECTID="174939035" OBJECTGUID="99abe006-b9e7-4693-9104-75c783a5da17" CHANGEID="689687880" NUMBER="231" OPERTYPEID="10" PREVID="0" NEXTID="0" UPDATEDATE="2025-09-29" STARTDATE="2025-09-29" ENDDATE="2079-06-06" ISACTUAL="1" ISACTIVE="1" /><STEAD ID="74176950" OBJECTID="174939036" OBJECTGUID="3b571486-efcd-4cdb-a9f0-cf54a3480de4" CHANGEID="689687881" NUMBER="229" OPERTYPEID="10" PREVID="0" NEXTID="0" UPDATEDATE="2025-09-29" STARTDATE="2025-09-29" ENDDATE="2079-06-06" ISACTUAL="1" ISACTIVE="1" /><STEAD ID="74176951" OBJECTID="174939037" OBJECTGUID="e5ed2f8e-e980-4be9-8683-a12cb0b9f1ac" CHANGEID="689687882" NUMBER="228" OPERTYPEID="10" PREVID="0" NEXTID="0" UPDATEDATE="2025-09-29" STARTDATE="2025-09-29" ENDDATE="2079-06-06" ISACTUAL="1" ISACTIVE="1" /><STEAD ID="74176952" OBJECTID="174939038" OBJECTGUID="480dce11-4d9e-4f1c-aa20-9ad15ea97d8e" CHANGEID="689687883" NUMBER="224" OPERTYPEID="10" PREVID="0" NEXTID="0" UPDATEDATE="2025-09-29" STARTDATE="2025-09-29" ENDDATE="2079-06-06" ISACTUAL="1" ISACTIVE="1" /><STEAD ID="74176953" OBJECTID="174939039" OBJECTGUID="62828900-b5a1-4f3d-9034-46ef6e863ae1" CHANGEID="689687884" NUMBER="222" OPERTYPEID="10" PREVID="0" NEXTID="0" UPDATEDATE="2025-09-29" STARTDATE="2025-09-29" ENDDATE="2079-06-06" ISACTUAL="1" ISACTIVE="1" /><STEAD ID="74176954" OBJECTID="174939040" OBJECTGUID="10d6cae4-9d57-4448-b4c8-cce98374a59d" CHANGEID="689687885" NUMBER="221" OPERTYPEID="10" PREVID="0" NEXTID="0" UPDATEDATE="2025-09-29" STARTDATE="2025-09-29" ENDDATE="2079-06-06" ISACTUAL="1" ISACTIVE="1" /><STEAD ID="74176955" OBJECTID="174939041" OBJECTGUID="6d8b6c7e-ea9a-4aa1-b633-4cfc869c42d2" CHANGEID="689687886" NUMBER="200" OPERTYPEID="10" PREVID="0" NEXTID="0" UPDATEDATE="2025-09-29" STARTDATE="2025-09-29" ENDDATE="2079-06-06" ISACTUAL="1" ISACTIVE="1" /><STEAD ID="74176956" OBJECTID="174939042" OBJECTGUID="e8f49bdb-3a48-43f5-98e4-ebfe28b92479" CHANGEID="689687887" NUMBER="194" OPERTYPEID="10" PREVID="0" NEXTID="0" UPDATEDATE="2025-09-29" STARTDATE="2025-09-29" ENDDATE="2079-06-06" ISACTUAL="1" ISACTIVE="1" /><STEAD ID="74177279" OBJECTID="174939560" OBJECTGUID="e946c59d-6c15-4f89-b1ef-eb5d55b94358" CHANGEID="689688755" NUMBER="280" OPERTYPEID="10" PREVID="0" NEXTID="0" UPDATEDATE="2025-09-29" STARTDATE="2025-09-29" ENDDATE="2079-06-06" ISACTUAL="1" ISACTIVE="1" /><STEAD ID="74177280" OBJECTID="174939561" OBJECTGUID="7e711fbf-f7cf-4c6f-85f2-c639b99d9a25" CHANGEID="689688756" NUMBER="278" OPERTYPEID="10" PREVID="0" NEXTID="0" UPDATEDATE="2025-09-29" STARTDATE="2025-09-29" ENDDATE="2079-06-06" ISACTUAL="1" ISACTIVE="1" /><STEAD ID="74177281" OBJECTID="174939562" OBJECTGUID="aedb8384-acc5-42f6-a218-611b1b291759" CHANGEID="689688757" NUMBER="274" OPERTYPEID="10" PREVID="0" NEXTID="0" UPDATEDATE="2025-09-29" STARTDATE="2025-09-29" ENDDATE="2079-06-06" ISACTUAL="1" ISACTIVE="1" /><STEAD ID="74177282" OBJECTID="174939563" OBJECTGUID="d1631052-3f22-4b04-9eea-9314761efd61" CHANGEID="689688758" NUMBER="273" OPERTYPEID="10" PREVID="0" NEXTID="0" UPDATEDATE="2025-09-29" STARTDATE="2025-09-29" ENDDATE="2079-06-06" ISACTUAL="1" ISACTIVE="1" /><STEAD ID="74177283" OBJECTID="174939564" OBJECTGUID="90c6dc31-1477-4024-94b9-6dc5c2f6f92c" CHANGEID="689688759" NUMBER="456" OPERTYPEID="10" PREVID="0" NEXTID="0" UPDATEDATE="2025-09-29" STARTDATE="2025-09-29" ENDDATE="2079-06-06" ISACTUAL="1" ISACTIVE="1" /><STEAD ID="74177284" OBJECTID="174939565" OBJECTGUID="e4645b08-5b1b-46ae-b359-64610a13b016" CHANGEID="689688760" NUMBER="268" OPERTYPEID="10" PREVID="0" NEXTID="0" UPDATEDATE="2025-09-29" STARTDATE="2025-09-29" ENDDATE="2079-06-06" ISACTUAL="1" ISACTIVE="1" /><STEAD ID="74177285" OBJECTID="174939566" OBJECTGUID="7a3555ab-fe37-4a48-81a9-7d213ae56db0" CHANGEID="689688761" NUMBER="244" OPERTYPEID="10" PREVID="0" NEXTID="0" UPDATEDATE="2025-09-29" STARTDATE="2025-09-29" ENDDATE="2079-06-06" ISACTUAL="1" ISACTIVE="1" /><STEAD ID="74177286" OBJECTID="174939567" OBJECTGUID="6e938d8e-a72c-4cb7-96d7-a3e117196c1a" CHANGEID="689688762" NUMBER="260" OPERTYPEID="10" PREVID="0" NEXTID="0" UPDATEDATE="2025-09-29" STARTDATE="2025-09-29" ENDDATE="2079-06-06" ISACTUAL="1" ISACTIVE="1" /><STEAD ID="74177287" OBJECTID="174939568" OBJECTGUID="e2ff5017-94c5-4b91-befc-be4dda3af6d2" CHANGEID="689688763" NUMBER="255" OPERTYPEID="10" PREVID="0" NEXTID="0" UPDATEDATE="2025-09-29" STARTDATE="2025-09-29" ENDDATE="2079-06-06" ISACTUAL="1" ISACTIVE="1" /><STEAD ID="74177288" OBJECTID="174939569" OBJECTGUID="64111bd0-63c0-4cad-8207-78131eb83ebf" CHANGEID="689688764" NUMBER="28" OPERTYPEID="10" PREVID="0" NEXTID="0" UPDATEDATE="2025-09-29" STARTDATE="2025-09-29" ENDDATE="2079-06-06" ISACTUAL="1" ISACTIVE="1" /><STEAD ID="74177357" OBJECTID="174939683" OBJECTGUID="069d552c-8988-4b45-8054-e05ff8c746e2" CHANGEID="689688932" NUMBER="316" OPERTYPEID="10" PREVID="0" NEXTID="0" UPDATEDATE="2025-09-29" STARTDATE="2025-09-29" ENDDATE="2079-06-06" ISACTUAL="1" ISACTIVE="1" /><STEAD ID="74177358" OBJECTID="174939684" OBJECTGUID="958022a8-60c2-4430-8703-f1b5695f25b1" CHANGEID="689688933" NUMBER="311" OPERTYPEID="10" PREVID="0" NEXTID="0" UPDATEDATE="2025-09-29" STARTDATE="2025-09-29" ENDDATE="2079-06-06" ISACTUAL="1" ISACTIVE="1" /><STEAD ID="74177359" OBJECTID="174939685" OBJECTGUID="9ead0e1d-c36a-4b72-90f4-f55d73f53d97" CHANGEID="689688934" NUMBER="308" OPERTYPEID="10" PREVID="0" NEXTID="0" UPDATEDATE="2025-09-29" STARTDATE="2025-09-29" ENDDATE="2079-06-06" ISACTUAL="1" ISACTIVE="1" /><STEAD ID="74177360" OBJECTID="174939686" OBJECTGUID="f7765107-dd11-440b-9413-8bf42b2e7836" CHANGEID="689688935" NUMBER="302" OPERTYPEID="10" PREVID="0" NEXTID="0" UPDATEDATE="2025-09-29" STARTDATE="2025-09-29" ENDDATE="2079-06-06" ISACTUAL="1" ISACTIVE="1" /><STEAD ID="74177361" OBJECTID="174939687" OBJECTGUID="8f53f107-7dd5-4ada-ad35-6a0c9cfb202f" CHANGEID="689688936" NUMBER="299" OPERTYPEID="10" PREVID="0" NEXTID="0" UPDATEDATE="2025-09-29" STARTDATE="2025-09-29" ENDDATE="2079-06-06" ISACTUAL="1" ISACTIVE="1" /><STEAD ID="74177362" OBJECTID="174939688" OBJECTGUID="756c888d-1314-4138-a0e1-3740354ae702" CHANGEID="689688937" NUMBER="34" OPERTYPEID="10" PREVID="0" NEXTID="0" UPDATEDATE="2025-09-29" STARTDATE="2025-09-29" ENDDATE="2079-06-06" ISACTUAL="1" ISACTIVE="1" /><STEAD ID="74177363" OBJECTID="174939689" OBJECTGUID="53c0701d-7f23-45cb-8d89-2e8083b1af26" CHANGEID="689688938" NUMBER="296" OPERTYPEID="10" PREVID="0" NEXTID="0" UPDATEDATE="2025-09-29" STARTDATE="2025-09-29" ENDDATE="2079-06-06" ISACTUAL="1" ISACTIVE="1" /><STEAD ID="74177364" OBJECTID="174939690" OBJECTGUID="1ad65691-347e-41e5-9c97-599bf1cbc8c1" CHANGEID="689688939" NUMBER="294" OPERTYPEID="10" PREVID="0" NEXTID="0" UPDATEDATE="2025-09-29" STARTDATE="2025-09-29" ENDDATE="2079-06-06" ISACTUAL="1" ISACTIVE="1" /><STEAD ID="74177365" OBJECTID="174939691" OBJECTGUID="5a88e6ce-ebc9-484e-a52e-d69d18e01021" CHANGEID="689688940" NUMBER="293" OPERTYPEID="10" PREVID="0" NEXTID="0" UPDATEDATE="2025-09-29" STARTDATE="2025-09-29" ENDDATE="2079-06-06" ISACTUAL="1" ISACTIVE="1" /><STEAD ID="74177366" OBJECTID="174939692" OBJECTGUID="beb36348-579e-4077-8bd3-047e83adaede" CHANGEID="689688941" NUMBER="289" OPERTYPEID="10" PREVID="0" NEXTID="0" UPDATEDATE="2025-09-29" STARTDATE="2025-09-29" ENDDATE="2079-06-06" ISACTUAL="1" ISACTIVE="1" /><STEAD ID="74177449" OBJECTID="174939811" OBJECTGUID="63292b0e-abde-4c77-a007-cc90083f6fb5" CHANGEID="689689447" NUMBER="42" OPERTYPEID="10" PREVID="0" NEXTID="0" UPDATEDATE="2025-09-29" STARTDATE="2025-09-29" ENDDATE="2079-06-06" ISACTUAL="1" ISACTIVE="1" /><STEAD ID="74177450" OBJECTID="174939812" OBJECTGUID="fff8573e-de64-4a82-bdf2-f79cdc117fd6" CHANGEID="689689448" NUMBER="447" OPERTYPEID="10" PREVID="0" NEXTID="0" UPDATEDATE="2025-09-29" STARTDATE="2025-09-29" ENDDATE="2079-06-06" ISACTUAL="1" ISACTIVE="1" /><STEAD ID="74177451" OBJECTID="174939813" OBJECTGUID="cc1240f8-81fe-44d7-8010-97f485d70065" CHANGEID="689689449" NUMBER="529" OPERTYPEID="10" PREVID="0" NEXTID="0" UPDATEDATE="2025-09-29" STARTDATE="2025-09-29" ENDDATE="2079-06-06" ISACTUAL="1" ISACTIVE="1" /><STEAD ID="74177452" OBJECTID="174939814" OBJECTGUID="29d6205c-e83d-44de-bc1b-7aa5f4883cd5" CHANGEID="689689450" NUMBER="88" OPERTYPEID="10" PREVID="0" NEXTID="0" UPDATEDATE="2025-09-29" STARTDATE="2025-09-29" ENDDATE="2079-06-06" ISACTUAL="1" ISACTIVE="1" /><STEAD ID="74177453" OBJECTID="174939815" OBJECTGUID="24b6f11b-c7df-4f17-b04e-0af3df89de1e" CHANGEID="689689451" NUMBER="16" OPERTYPEID="10" PREVID="0" NEXTID="0" UPDATEDATE="2025-09-29" STARTDATE="2025-09-29" ENDDATE="2079-06-06" ISACTUAL="1" ISACTIVE="1" /><STEAD ID="74177454" OBJECTID="174939816" OBJECTGUID="9a762c2e-715a-4709-89b4-286c0ec73124" CHANGEID="689689452" NUMBER="618" OPERTYPEID="10" PREVID="0" NEXTID="0" UPDATEDATE="2025-09-29" STARTDATE="2025-09-29" ENDDATE="2079-06-06" ISACTUAL="1" ISACTIVE="1" /><STEAD ID="74177455" OBJECTID="174939817" OBJECTGUID="f9376dac-828a-4b00-be2f-e8229d381af0" CHANGEID="689689453" NUMBER="487" OPERTYPEID="10" PREVID="0" NEXTID="0" UPDATEDATE="2025-09-29" STARTDATE="2025-09-29" ENDDATE="2079-06-06" ISACTUAL="1" ISACTIVE="1" /><STEAD ID="74177456" OBJECTID="174939818" OBJECTGUID="e287c03e-310d-4676-b012-e08124dbfeaa" CHANGEID="689689454" NUMBER="4" OPERTYPEID="10" PREVID="0" NEXTID="0" UPDATEDATE="2025-09-29" STARTDATE="2025-09-29" ENDDATE="2079-06-06" ISACTUAL="1" ISACTIVE="1" /><STEAD ID="74177457" OBJECTID="174939819" OBJECTGUID="8425820b-9d78-4cd1-93ec-878924537342" CHANGEID="689689455" NUMBER="386" OPERTYPEID="10" PREVID="0" NEXTID="0" UPDATEDATE="2025-09-29" STARTDATE="2025-09-29" ENDDATE="2079-06-06" ISACTUAL="1" ISACTIVE="1" /><STEAD ID="74177458" OBJECTID="174939820" OBJECTGUID="8485cccb-24ee-493d-870f-40acced606a2" CHANGEID="689689456" NUMBER="36" OPERTYPEID="10" PREVID="0" NEXTID="0" UPDATEDATE="2025-09-29" STARTDATE="2025-09-29" ENDDATE="2079-06-06" ISACTUAL="1" ISACTIVE="1" /><STEAD ID="74177506" OBJECTID="174939901" OBJECTGUID="93293eb7-2452-47ad-a9a3-e2b32b884ffc" CHANGEID="689689820" NUMBER="59" OPERTYPEID="10" PREVID="0" NEXTID="0" UPDATEDATE="2025-09-29" STARTDATE="2025-09-29" ENDDATE="2079-06-06" ISACTUAL="1" ISACTIVE="1" /><STEAD ID="74177507" OBJECTID="174939902" OBJECTGUID="2f006146-7332-405e-9381-ab1cb90a1386" CHANGEID="689689821" NUMBER="54" OPERTYPEID="10" PREVID="0" NEXTID="0" UPDATEDATE="2025-09-29" STARTDATE="2025-09-29" ENDDATE="2079-06-06" ISACTUAL="1" ISACTIVE="1" /><STEAD ID="74177508" OBJECTID="174939903" OBJECTGUID="311ee9d8-3c0b-4b72-b35a-9c4a9ba16823" CHANGEID="689689822" NUMBER="53" OPERTYPEID="10" PREVID="0" NEXTID="0" UPDATEDATE="2025-09-29" STARTDATE="2025-09-29" ENDDATE="2079-06-06" ISACTUAL="1" ISACTIVE="1" /><STEAD ID="74177509" OBJECTID="174939904" OBJECTGUID="5a6319e7-2e7a-45f8-b74f-4984c7c42f55" CHANGEID="689689823" NUMBER="52" OPERTYPEID="10" PREVID="0" NEXTID="0" UPDATEDATE="2025-09-29" STARTDATE="2025-09-29" ENDDATE="2079-06-06" ISACTUAL="1" ISACTIVE="1" /><STEAD ID="74177510" OBJECTID="174939905" OBJECTGUID="504dfc6c-fe9f-401b-b46f-232258f1e195" CHANGEID="689689824" NUMBER="621" OPERTYPEID="10" PREVID="0" NEXTID="0" UPDATEDATE="2025-09-29" STARTDATE="2025-09-29" ENDDATE="2079-06-06" ISACTUAL="1" ISACTIVE="1" /><STEAD ID="74177511" OBJECTID="174939906" OBJECTGUID="898375b9-cbe1-4ca1-af50-bf68975f516a" CHANGEID="689689825" NUMBER="587" OPERTYPEID="10" PREVID="0" NEXTID="0" UPDATEDATE="2025-09-29" STARTDATE="2025-09-29" ENDDATE="2079-06-06" ISACTUAL="1" ISACTIVE="1" /><STEAD ID="74177512" OBJECTID="174939907" OBJECTGUID="a8ff35b0-c191-4be7-bd11-80151a485a05" CHANGEID="689689826" NUMBER="93" OPERTYPEID="10" PREVID="0" NEXTID="0" UPDATEDATE="2025-09-29" STARTDATE="2025-09-29" ENDDATE="2079-06-06" ISACTUAL="1" ISACTIVE="1" /><STEAD ID="74177513" OBJECTID="174939908" OBJECTGUID="3ab26e35-fa78-4227-b332-855a73d55b1e" CHANGEID="689689827" NUMBER="466" OPERTYPEID="10" PREVID="0" NEXTID="0" UPDATEDATE="2025-09-29" STARTDATE="2025-09-29" ENDDATE="2079-06-06" ISACTUAL="1" ISACTIVE="1" /><STEAD ID="74177514" OBJECTID="174939909" OBJECTGUID="edbe0c06-40fe-46ac-ae99-8d087df7d830" CHANGEID="689689828" NUMBER="645" OPERTYPEID="10" PREVID="0" NEXTID="0" UPDATEDATE="2025-09-29" STARTDATE="2025-09-29" ENDDATE="2079-06-06" ISACTUAL="1" ISACTIVE="1" /><STEAD ID="74177515" OBJECTID="174939910" OBJECTGUID="0572b2a0-b6c3-454d-a7c4-181c7f8eefb2" CHANGEID="689689829" NUMBER="166" OPERTYPEID="10" PREVID="0" NEXTID="0" UPDATEDATE="2025-09-29" STARTDATE="2025-09-29" ENDDATE="2079-06-06" ISACTUAL="1" ISACTIVE="1" /><STEAD ID="74177608" OBJECTID="174940033" OBJECTGUID="cd051126-e2df-41af-b23e-6a401742a781" CHANGEID="689690318" NUMBER="163А" OPERTYPEID="10" PREVID="0" NEXTID="0" UPDATEDATE="2025-09-29" STARTDATE="2025-09-29" ENDDATE="2079-06-06" ISACTUAL="1" ISACTIVE="1" /><STEAD ID="74177609" OBJECTID="174940034" OBJECTGUID="73507efb-5ea1-4173-8a20-31856072b850" CHANGEID="689690319" NUMBER="106" OPERTYPEID="10" PREVID="0" NEXTID="0" UPDATEDATE="2025-09-29" STARTDATE="2025-09-29" ENDDATE="2079-06-06" ISACTUAL="1" ISACTIVE="1" /><STEAD ID="74177610" OBJECTID="174940035" OBJECTGUID="d8ed3cc7-f814-431f-8e6f-cf368423d824" CHANGEID="689690320" NUMBER="538" OPERTYPEID="10" PREVID="0" NEXTID="0" UPDATEDATE="2025-09-29" STARTDATE="2025-09-29" ENDDATE="2079-06-06" ISACTUAL="1" ISACTIVE="1" /><STEAD ID="74177611" OBJECTID="174940036" OBJECTGUID="63b93882-528b-4d97-866d-455c85191c95" CHANGEID="689690321" NUMBER="168" OPERTYPEID="10" PREVID="0" NEXTID="0" UPDATEDATE="2025-09-29" STARTDATE="2025-09-29" ENDDATE="2079-06-06" ISACTUAL="1" ISACTIVE="1" /><STEAD ID="74177612" OBJECTID="174940037" OBJECTGUID="fc0b8146-9eae-45bc-a8d9-f255dc478c12" CHANGEID="689690322" NUMBER="640" OPERTYPEID="10" PREVID="0" NEXTID="0" UPDATEDATE="2025-09-29" STARTDATE="2025-09-29" ENDDATE="2079-06-06" ISACTUAL="1" ISACTIVE="1" /><STEAD ID="74177613" OBJECTID="174940038" OBJECTGUID="438ecd18-dce1-4d38-afab-90e589b2c68e" CHANGEID="689690323" NUMBER="66" OPERTYPEID="10" PREVID="0" NEXTID="0" UPDATEDATE="2025-09-29" STARTDATE="2025-09-29" ENDDATE="2079-06-06" ISACTUAL="1" ISACTIVE="1" /><STEAD ID="74177614" OBJECTID="174940039" OBJECTGUID="6c3bd3ff-96d4-44c8-a468-373326012d35" CHANGEID="689690324" NUMBER="62" OPERTYPEID="10" PREVID="0" NEXTID="0" UPDATEDATE="2025-09-29" STARTDATE="2025-09-29" ENDDATE="2079-06-06" ISACTUAL="1" ISACTIVE="1" /><STEAD ID="74177615" OBJECTID="174940040" OBJECTGUID="a25b5ed1-c4d7-4607-aa12-7e234a916a29" CHANGEID="689690325" NUMBER="61" OPERTYPEID="10" PREVID="0" NEXTID="0" UPDATEDATE="2025-09-29" STARTDATE="2025-09-29" ENDDATE="2079-06-06" ISACTUAL="1" ISACTIVE="1" /><STEAD ID="74177616" OBJECTID="174940041" OBJECTGUID="d5e0838c-1fbe-4fa6-b9dd-5291db29e153" CHANGEID="689690326" NUMBER="31" OPERTYPEID="10" PREVID="0" NEXTID="0" UPDATEDATE="2025-09-29" STARTDATE="2025-09-29" ENDDATE="2079-06-06" ISACTUAL="1" ISACTIVE="1" /><STEAD ID="74177617" OBJECTID="174940042" OBJECTGUID="d74d1be3-7e52-4e80-a2c8-5b27b79c38ae" CHANGEID="689690327" NUMBER="60" OPERTYPEID="10" PREVID="0" NEXTID="0" UPDATEDATE="2025-09-29" STARTDATE="2025-09-29" ENDDATE="2079-06-06" ISACTUAL="1" ISACTIVE="1" /><STEAD ID="74177658" OBJECTID="174940113" OBJECTGUID="2b13ebff-93f1-4327-802a-51b75ae7e8a3" CHANGEID="689690474" NUMBER="624" OPERTYPEID="10" PREVID="0" NEXTID="0" UPDATEDATE="2025-09-29" STARTDATE="2025-09-29" ENDDATE="2079-06-06" ISACTUAL="1" ISACTIVE="1" /><STEAD ID="74177659" OBJECTID="174940114" OBJECTGUID="20f444e1-40a2-4c14-bc02-2b75ade65f16" CHANGEID="689690475" NUMBER="581" OPERTYPEID="10" PREVID="0" NEXTID="0" UPDATEDATE="2025-09-29" STARTDATE="2025-09-29" ENDDATE="2079-06-06" ISACTUAL="1" ISACTIVE="1" /><STEAD ID="74177660" OBJECTID="174940115" OBJECTGUID="69cb3141-e71c-4c95-a445-f2c6587a3ff6" CHANGEID="689690476" NUMBER="230" OPERTYPEID="10" PREVID="0" NEXTID="0" UPDATEDATE="2025-09-29" STARTDATE="2025-09-29" ENDDATE="2079-06-06" ISACTUAL="1" ISACTIVE="1" /><STEAD ID="74177661" OBJECTID="174940116" OBJECTGUID="37151815-cb3c-4c40-ae2d-e4fae7bd16b4" CHANGEID="689690477" NUMBER="657" OPERTYPEID="10" PREVID="0" NEXTID="0" UPDATEDATE="2025-09-29" STARTDATE="2025-09-29" ENDDATE="2079-06-06" ISACTUAL="1" ISACTIVE="1" /><STEAD ID="74177662" OBJECTID="174940117" OBJECTGUID="06a8b6ff-7374-430d-bb12-f4b94e4dc910" CHANGEID="689690478" NUMBER="589" OPERTYPEID="10" PREVID="0" NEXTID="0" UPDATEDATE="2025-09-29" STARTDATE="2025-09-29" ENDDATE="2079-06-06" ISACTUAL="1" ISACTIVE="1" /><STEAD ID="74177663" OBJECTID="174940118" OBJECTGUID="88baa77b-f92b-441a-9f40-1a398b814ffb" CHANGEID="689690479" NUMBER="488" OPERTYPEID="10" PREVID="0" NEXTID="0" UPDATEDATE="2025-09-29" STARTDATE="2025-09-29" ENDDATE="2079-06-06" ISACTUAL="1" ISACTIVE="1" /><STEAD ID="74177664" OBJECTID="174940119" OBJECTGUID="77edffe0-3054-42a7-a3eb-22240c8f420f" CHANGEID="689690480" NUMBER="251" OPERTYPEID="10" PREVID="0" NEXTID="0" UPDATEDATE="2025-09-29" STARTDATE="2025-09-29" ENDDATE="2079-06-06" ISACTUAL="1" ISACTIVE="1" /><STEAD ID="74177665" OBJECTID="174940120" OBJECTGUID="57d33ce0-6fe1-41a6-bcfb-d105cf00b2c6" CHANGEID="689690481" NUMBER="234" OPERTYPEID="10" PREVID="0" NEXTID="0" UPDATEDATE="2025-09-29" STARTDATE="2025-09-29" ENDDATE="2079-06-06" ISACTUAL="1" ISACTIVE="1" /><STEAD ID="74178972" OBJECTID="174942263" OBJECTGUID="33034d49-e745-4bc8-8394-c74d63014a4e" CHANGEID="689694518" NUMBER="47" OPERTYPEID="10" PREVID="0" NEXTID="0" UPDATEDATE="2025-09-29" STARTDATE="2025-09-29" ENDDATE="2079-06-06" ISACTUAL="1" ISACTIVE="1" /><STEAD ID="74181872" OBJECTID="174947896" OBJECTGUID="d809f8cc-43e2-4e04-9f4d-7f343edaa6e8" CHANGEID="689706212" NUMBER="23/34" OPERTYPEID="10" PREVID="0" NEXTID="0" UPDATEDATE="2025-09-30" STARTDATE="2025-09-30" ENDDATE="2079-06-06" ISACTUAL="1" ISACTIVE="1" /><STEAD ID="74181869" OBJECTID="174947891" OBJECTGUID="6a442f56-add1-4b30-9774-9d530338e87b" CHANGEID="689706199" NUMBER="5/6" OPERTYPEID="10" PREVID="0" NEXTID="0" UPDATEDATE="2025-09-30" STARTDATE="2025-09-30" ENDDATE="2079-06-06" ISACTUAL="1" ISACTIVE="1" /><STEAD ID="74181870" OBJECTID="174947893" OBJECTGUID="ef167cb1-6247-4640-a7cd-3f84d0f1f459" CHANGEID="689706209" NUMBER="1/29" OPERTYPEID="10" PREVID="0" NEXTID="0" UPDATEDATE="2025-09-30" STARTDATE="2025-09-30" ENDDATE="2079-06-06" ISACTUAL="1" ISACTIVE="1" /><STEAD ID="74181871" OBJECTID="174947895" OBJECTGUID="ceb503e7-dc22-42f7-a08b-5f6bd682970b" CHANGEID="689706211" NUMBER="9/30" OPERTYPEID="10" PREVID="0" NEXTID="0" UPDATEDATE="2025-09-30" STARTDATE="2025-09-30" ENDDATE="2079-06-06" ISACTUAL="1" ISACTIVE="1" /><STEAD ID="74182180" OBJECTID="174948324" OBJECTGUID="a01913c1-cc4a-4bf0-b4eb-5dadc133b800" CHANGEID="689706891" NUMBER="38А" OPERTYPEID="10" PREVID="0" NEXTID="0" UPDATEDATE="2025-09-30" STARTDATE="2025-09-30" ENDDATE="2079-06-06" ISACTUAL="1" ISACTIVE="1" /><STEAD ID="74182181" OBJECTID="174948325" OBJECTGUID="a896887f-8006-444b-985c-f0ac123c1cb4" CHANGEID="689706892" NUMBER="43" OPERTYPEID="10" PREVID="0" NEXTID="0" UPDATEDATE="2025-09-30" STARTDATE="2025-09-30" ENDDATE="2079-06-06" ISACTUAL="1" ISACTIVE="1" /><STEAD ID="74182182" OBJECTID="174948326" OBJECTGUID="5b9fd798-9fed-4008-8f43-e4d88f14f5fd" CHANGEID="689706893" NUMBER="39" OPERTYPEID="10" PREVID="0" NEXTID="0" UPDATEDATE="2025-09-30" STARTDATE="2025-09-30" ENDDATE="2079-06-06" ISACTUAL="1" ISACTIVE="1" /><STEAD ID="74182183" OBJECTID="174948327" OBJECTGUID="74f67446-942a-4c5b-8fa4-c35212df3494" CHANGEID="689706894" NUMBER="38" OPERTYPEID="10" PREVID="0" NEXTID="0" UPDATEDATE="2025-09-30" STARTDATE="2025-09-30" ENDDATE="2079-06-06" ISACTUAL="1" ISACTIVE="1" /><STEAD ID="74182237" OBJECTID="174948413" OBJECTGUID="669fe9e5-1de1-4cc8-8d21-0d8827e2175b" CHANGEID="689707134" NUMBER="21" OPERTYPEID="10" PREVID="0" NEXTID="0" UPDATEDATE="2025-09-30" STARTDATE="2025-09-30" ENDDATE="2079-06-06" ISACTUAL="1" ISACTIVE="1" /><STEAD ID="74182547" OBJECTID="174949081" OBJECTGUID="e34af5d6-4226-4fa7-a1f2-1fb65bc15761" CHANGEID="689708326" NUMBER="42" OPERTYPEID="10" PREVID="0" NEXTID="0" UPDATEDATE="2025-09-30" STARTDATE="2025-09-30" ENDDATE="2079-06-06" ISACTUAL="1" ISACTIVE="1" /><STEAD ID="74182585" OBJECTID="174949142" OBJECTGUID="761c1cb7-b127-499a-9dfd-8a7c4d9c4a19" CHANGEID="689708414" NUMBER="50" OPERTYPEID="10" PREVID="0" NEXTID="0" UPDATEDATE="2025-09-30" STARTDATE="2025-09-30" ENDDATE="2079-06-06" ISACTUAL="1" ISACTIVE="1" /><STEAD ID="74182589" OBJECTID="174949148" OBJECTGUID="5457644c-3269-4af7-b5bb-da3f8c2fc572" CHANGEID="689708425" NUMBER="34Д" OPERTYPEID="10" PREVID="0" NEXTID="0" UPDATEDATE="2025-09-30" STARTDATE="2025-09-30" ENDDATE="2079-06-06" ISACTUAL="1" ISACTIVE="1" /><STEAD ID="74182599" OBJECTID="174949161" OBJECTGUID="e1feddd3-40e1-4646-8202-9c2c1741dfc0" CHANGEID="689708448" NUMBER="31" OPERTYPEID="10" PREVID="0" NEXTID="0" UPDATEDATE="2025-09-30" STARTDATE="2025-09-30" ENDDATE="2079-06-06" ISACTUAL="1" ISACTIVE="1" /><STEAD ID="74182605" OBJECTID="174949170" OBJECTGUID="6790d71f-04f5-43ab-a973-ba88926b0987" CHANGEID="689708476" NUMBER="9" OPERTYPEID="10" PREVID="0" NEXTID="0" UPDATEDATE="2025-09-30" STARTDATE="2025-09-30" ENDDATE="2079-06-06" ISACTUAL="1" ISACTIVE="1" /><STEAD ID="74182610" OBJECTID="174949177" OBJECTGUID="7d483106-d13c-4ab9-8c14-8f87e82c4c48" CHANGEID="689708503" NUMBER="12Б" OPERTYPEID="10" PREVID="0" NEXTID="0" UPDATEDATE="2025-09-30" STARTDATE="2025-09-30" ENDDATE="2079-06-06" ISACTUAL="1" ISACTIVE="1" /><STEAD ID="74183255" OBJECTID="174949994" OBJECTGUID="c0fa12a5-e7eb-44bb-bbff-e2346e6cdf92" CHANGEID="689710104" NUMBER="14" OPERTYPEID="10" PREVID="0" NEXTID="0" UPDATEDATE="2025-09-30" STARTDATE="2025-09-30" ENDDATE="2079-06-06" ISACTUAL="1" ISACTIVE="1" /><STEAD ID="74185424" OBJECTID="174953004" OBJECTGUID="c561b787-6bfa-4aff-a953-7a5caa31a819" CHANGEID="689718594" NUMBER="1б" OPERTYPEID="10" PREVID="0" NEXTID="0" UPDATEDATE="2025-09-30" STARTDATE="2025-09-30" ENDDATE="2079-06-06" ISACTUAL="1" ISACTIVE="1" /><STEAD ID="74185425" OBJECTID="174953005" OBJECTGUID="b8cf2bb9-68f5-43f5-b430-2d1c82b0120e" CHANGEID="689718595" NUMBER="1а" OPERTYPEID="10" PREVID="0" NEXTID="0" UPDATEDATE="2025-09-30" STARTDATE="2025-09-30" ENDDATE="2079-06-06" ISACTUAL="1" ISACTIVE="1" /><STEAD ID="74188697" OBJECTID="97222361" OBJECTGUID="6759af6b-0bcb-404b-a15b-c8a8bbf91ea0" CHANGEID="689731369" NUMBER="6" OPERTYPEID="60" PREVID="11847181" UPDATEDATE="2025-09-30" STARTDATE="2025-09-30" ENDDATE="2079-06-06" ISACTUAL="1" ISACTIVE="0" /><STEAD ID="74188698" OBJECTID="174958383" OBJECTGUID="be9006b2-0e56-4924-a455-a2cdbe475311" CHANGEID="689731370" NUMBER="6Б" OPERTYPEID="61" PREVID="74188697" NEXTID="0" UPDATEDATE="2025-09-30" STARTDATE="2025-09-30" ENDDATE="2079-06-06" ISACTUAL="1" ISACTIVE="1" /><STEAD ID="74188699" OBJECTID="174958384" OBJECTGUID="bd94f89a-bedf-4475-a74a-01a412435396" CHANGEID="689731371" NUMBER="6А" OPERTYPEID="61" PREVID="74188697" NEXTID="0" UPDATEDATE="2025-09-30" STARTDATE="2025-09-30" ENDDATE="2079-06-06" ISACTUAL="1" ISACTIVE="1" /><STEAD ID="74188700" OBJECTID="174958385" OBJECTGUID="6644677f-47a5-40b0-8d4d-6132bc737d64" CHANGEID="689731372" NUMBER="6" OPERTYPEID="61" PREVID="74188697" NEXTID="0" UPDATEDATE="2025-09-30" STARTDATE="2025-09-30" ENDDATE="2079-06-06" ISACTUAL="1" ISACTIVE="1" /><STEAD ID="74189100" OBJECTID="174958978" OBJECTGUID="786cdde0-7abe-4874-8e6a-ce47aee39fa8" CHANGEID="689733055" NUMBER="2" OPERTYPEID="10" PREVID="0" NEXTID="0" UPDATEDATE="2025-09-30" STARTDATE="2025-09-30" ENDDATE="2079-06-06" ISACTUAL="1" ISACTIVE="1" /><STEAD ID="74189101" OBJECTID="174958979" OBJECTGUID="55d8a5d4-2951-41ac-af25-ff0218699c1b" CHANGEID="689733056" NUMBER="1" OPERTYPEID="10" PREVID="0" NEXTID="0" UPDATEDATE="2025-09-30" STARTDATE="2025-09-30" ENDDATE="2079-06-06" ISACTUAL="1" ISACTIVE="1" /><STEAD ID="74189492" OBJECTID="174959696" OBJECTGUID="95a7a449-1dc8-4373-bc61-0476cd1e5da0" CHANGEID="689734564" NUMBER="68В" OPERTYPEID="10" PREVID="0" NEXTID="0" UPDATEDATE="2025-09-30" STARTDATE="2025-09-30" ENDDATE="2079-06-06" ISACTUAL="1" ISACTIVE="1" /><STEAD ID="74190293" OBJECTID="174960950" OBJECTGUID="b5cdddef-fe76-4f28-99e7-4dba369805ba" CHANGEID="689737308" NUMBER="1" OPERTYPEID="10" PREVID="0" NEXTID="0" UPDATEDATE="2025-09-30" STARTDATE="2025-09-30" ENDDATE="2079-06-06" ISACTUAL="1" ISACTIVE="1" /><STEAD ID="74190389" OBJECTID="174961098" OBJECTGUID="b29c6a7e-58d1-45ce-85d7-32b49e4012ef" CHANGEID="689737565" NUMBER="80/46" OPERTYPEID="10" PREVID="0" NEXTID="0" UPDATEDATE="2025-09-30" STARTDATE="2025-09-30" ENDDATE="2079-06-06" ISACTUAL="1" ISACTIVE="1" /><STEAD ID="74191175" OBJECTID="174962133" OBJECTGUID="30ecff4c-cb44-4b13-b0d5-cc30f528d5a2" CHANGEID="689740154" NUMBER="112" OPERTYPEID="10" PREVID="0" NEXTID="0" UPDATEDATE="2025-09-30" STARTDATE="2025-09-30" ENDDATE="2079-06-06" ISACTUAL="1" ISACTIVE="1" /><STEAD ID="74191176" OBJECTID="174962134" OBJECTGUID="8c19b97a-7650-46b5-931f-15431046e094" CHANGEID="689740155" NUMBER="159" OPERTYPEID="10" PREVID="0" NEXTID="0" UPDATEDATE="2025-09-30" STARTDATE="2025-09-30" ENDDATE="2079-06-06" ISACTUAL="1" ISACTIVE="1" /><STEAD ID="74191177" OBJECTID="174962135" OBJECTGUID="7906b729-0091-4f5a-bb66-d08967132192" CHANGEID="689740156" NUMBER="26" OPERTYPEID="10" PREVID="0" NEXTID="0" UPDATEDATE="2025-09-30" STARTDATE="2025-09-30" ENDDATE="2079-06-06" ISACTUAL="1" ISACTIVE="1" /><STEAD ID="74191178" OBJECTID="174962136" OBJECTGUID="9891bf4c-5e0a-4c4b-a35e-fa02941b3e10" CHANGEID="689740157" NUMBER="26А" OPERTYPEID="10" PREVID="0" NEXTID="0" UPDATEDATE="2025-09-30" STARTDATE="2025-09-30" ENDDATE="2079-06-06" ISACTUAL="1" ISACTIVE="1" /><STEAD ID="74191179" OBJECTID="174962137" OBJECTGUID="3f1dd808-e662-4743-b311-1f812f136769" CHANGEID="689740158" NUMBER="168" OPERTYPEID="10" PREVID="0" NEXTID="0" UPDATEDATE="2025-09-30" STARTDATE="2025-09-30" ENDDATE="2079-06-06" ISACTUAL="1" ISACTIVE="1" /><STEAD ID="74191180" OBJECTID="174962138" OBJECTGUID="a5aa01f9-0b9a-4ae1-886a-672da59f0612" CHANGEID="689740159" NUMBER="129" OPERTYPEID="10" PREVID="0" NEXTID="0" UPDATEDATE="2025-09-30" STARTDATE="2025-09-30" ENDDATE="2079-06-06" ISACTUAL="1" ISACTIVE="1" /><STEAD ID="74191181" OBJECTID="174962139" OBJECTGUID="2b820e2a-c81b-42d1-a94d-dc449929ec25" CHANGEID="689740160" NUMBER="17" OPERTYPEID="10" PREVID="0" NEXTID="0" UPDATEDATE="2025-09-30" STARTDATE="2025-09-30" ENDDATE="2079-06-06" ISACTUAL="1" ISACTIVE="1" /><STEAD ID="74191182" OBJECTID="174962140" OBJECTGUID="ce40cbcc-7c91-493e-85ee-e9e27e481f11" CHANGEID="689740161" NUMBER="63" OPERTYPEID="10" PREVID="0" NEXTID="0" UPDATEDATE="2025-09-30" STARTDATE="2025-09-30" ENDDATE="2079-06-06" ISACTUAL="1" ISACTIVE="1" /><STEAD ID="74191183" OBJECTID="174962141" OBJECTGUID="ffeab94f-9f85-4ced-a04d-f398ef234d47" CHANGEID="689740162" NUMBER="3" OPERTYPEID="10" PREVID="0" NEXTID="0" UPDATEDATE="2025-09-30" STARTDATE="2025-09-30" ENDDATE="2079-06-06" ISACTUAL="1" ISACTIVE="1" /><STEAD ID="74191184" OBJECTID="174962142" OBJECTGUID="735a0071-caa2-4a8d-984b-ea93a6a6e89b" CHANGEID="689740163" NUMBER="46" OPERTYPEID="10" PREVID="0" NEXTID="0" UPDATEDATE="2025-09-30" STARTDATE="2025-09-30" ENDDATE="2079-06-06" ISACTUAL="1" ISACTIVE="1" /><STEAD ID="74191185" OBJECTID="174962143" OBJECTGUID="1237f25e-9e49-457a-b084-ffa6696919ea" CHANGEID="689740164" NUMBER="76" OPERTYPEID="10" PREVID="0" NEXTID="0" UPDATEDATE="2025-09-30" STARTDATE="2025-09-30" ENDDATE="2079-06-06" ISACTUAL="1" ISACTIVE="1" /><STEAD ID="74191186" OBJECTID="174962144" OBJECTGUID="c0d307ef-7c43-47a6-8b5b-60142db6e3dd" CHANGEID="689740165" NUMBER="81" OPERTYPEID="10" PREVID="0" NEXTID="0" UPDATEDATE="2025-09-30" STARTDATE="2025-09-30" ENDDATE="2079-06-06" ISACTUAL="1" ISACTIVE="1" /><STEAD ID="74191187" OBJECTID="174962145" OBJECTGUID="4bded018-e4b6-4a5d-aa49-6d3a34678d0e" CHANGEID="689740166" NUMBER="68" OPERTYPEID="10" PREVID="0" NEXTID="0" UPDATEDATE="2025-09-30" STARTDATE="2025-09-30" ENDDATE="2079-06-06" ISACTUAL="1" ISACTIVE="1" /><STEAD ID="74191188" OBJECTID="174962146" OBJECTGUID="7c2d5507-025b-49be-b764-2ed7c3025775" CHANGEID="689740167" NUMBER="82" OPERTYPEID="10" PREVID="0" NEXTID="0" UPDATEDATE="2025-09-30" STARTDATE="2025-09-30" ENDDATE="2079-06-06" ISACTUAL="1" ISACTIVE="1" /><STEAD ID="74191189" OBJECTID="174962147" OBJECTGUID="e0d6a2b5-40e8-459d-b1d5-cdab05024560" CHANGEID="689740168" NUMBER="87" OPERTYPEID="10" PREVID="0" NEXTID="0" UPDATEDATE="2025-09-30" STARTDATE="2025-09-30" ENDDATE="2079-06-06" ISACTUAL="1" ISACTIVE="1" /><STEAD ID="74191190" OBJECTID="174962148" OBJECTGUID="1e0e5e89-a47a-4ad9-b624-17eb4aad385b" CHANGEID="689740169" NUMBER="67" OPERTYPEID="10" PREVID="0" NEXTID="0" UPDATEDATE="2025-09-30" STARTDATE="2025-09-30" ENDDATE="2079-06-06" ISACTUAL="1" ISACTIVE="1" /><STEAD ID="74191191" OBJECTID="174962149" OBJECTGUID="b35bcae5-8313-448e-8d10-bf461427ea56" CHANGEID="689740170" NUMBER="34" OPERTYPEID="10" PREVID="0" NEXTID="0" UPDATEDATE="2025-09-30" STARTDATE="2025-09-30" ENDDATE="2079-06-06" ISACTUAL="1" ISACTIVE="1" /><STEAD ID="74191340" OBJECTID="174962345" OBJECTGUID="f95a9f6e-e401-43c0-bc86-c3b63648f0b7" CHANGEID="689740663" NUMBER="35" OPERTYPEID="10" PREVID="0" NEXTID="0" UPDATEDATE="2025-09-30" STARTDATE="2025-09-30" ENDDATE="2079-06-06" ISACTUAL="1" ISACTIVE="1" /><STEAD ID="74191279" OBJECTID="174962265" OBJECTGUID="4c1ebca1-c0d2-4130-9c1f-5d1a23cdb75d" CHANGEID="689740374" NUMBER="6" OPERTYPEID="10" PREVID="0" NEXTID="0" UPDATEDATE="2025-09-30" STARTDATE="2025-09-30" ENDDATE="2079-06-06" ISACTUAL="1" ISACTIVE="1" /><STEAD ID="74191289" OBJECTID="174962282" OBJECTGUID="18b602e4-afc6-41a4-8970-e90e86e589c2" CHANGEID="689740410" NUMBER="5" OPERTYPEID="10" PREVID="0" NEXTID="0" UPDATEDATE="2025-09-30" STARTDATE="2025-09-30" ENDDATE="2079-06-06" ISACTUAL="1" ISACTIVE="1" /><STEAD ID="74191307" OBJECTID="174962306" OBJECTGUID="a1d8ee79-c418-4dd3-a599-c83ac96d9e33" CHANGEID="689740483" NUMBER="45" OPERTYPEID="10" PREVID="0" NEXTID="0" UPDATEDATE="2025-09-30" STARTDATE="2025-09-30" ENDDATE="2079-06-06" ISACTUAL="1" ISACTIVE="1" /><STEAD ID="74191314" OBJECTID="174962315" OBJECTGUID="cc6ffcfe-65dd-4407-acf8-48a68106c1e5" CHANGEID="689740623" NUMBER="37" OPERTYPEID="10" PREVID="0" NEXTID="0" UPDATEDATE="2025-09-30" STARTDATE="2025-09-30" ENDDATE="2079-06-06" ISACTUAL="1" ISACTIVE="1" /><STEAD ID="74191349" OBJECTID="174962356" OBJECTGUID="edf9396e-142b-49d0-8023-421fc2683249" CHANGEID="689740686" NUMBER="19/2" OPERTYPEID="10" PREVID="0" NEXTID="0" UPDATEDATE="2025-09-30" STARTDATE="2025-09-30" ENDDATE="2079-06-06" ISACTUAL="1" ISACTIVE="1" /><STEAD ID="74191405" OBJECTID="174962424" OBJECTGUID="fc340cc8-3434-4d85-85bb-4bf46b0024ea" CHANGEID="689740835" NUMBER="11М" OPERTYPEID="10" PREVID="0" NEXTID="0" UPDATEDATE="2025-09-30" STARTDATE="2025-09-30" ENDDATE="2079-06-06" ISACTUAL="1" ISACTIVE="1" /><STEAD ID="74191412" OBJECTID="174962437" OBJECTGUID="4b5e10d4-33f9-4c3b-a097-f05568d6ede2" CHANGEID="689740859" NUMBER="16М" OPERTYPEID="10" PREVID="0" NEXTID="0" UPDATEDATE="2025-09-30" STARTDATE="2025-09-30" ENDDATE="2079-06-06" ISACTUAL="1" ISACTIVE="1" /><STEAD ID="74191427" OBJECTID="174962453" OBJECTGUID="4df69780-0378-42e0-a428-66abbea316ef" CHANGEID="689740880" NUMBER="6А" OPERTYPEID="10" PREVID="0" NEXTID="0" UPDATEDATE="2025-09-30" STARTDATE="2025-09-30" ENDDATE="2079-06-06" ISACTUAL="1" ISACTIVE="1" /><STEAD ID="74191354" OBJECTID="174962363" OBJECTGUID="9686bd1f-a3be-4cec-bfab-3b751f8912e7" CHANGEID="689740732" NUMBER="2М" OPERTYPEID="10" PREVID="0" NEXTID="0" UPDATEDATE="2025-09-30" STARTDATE="2025-09-30" ENDDATE="2079-06-06" ISACTUAL="1" ISACTIVE="1" /><STEAD ID="74191358" OBJECTID="174962370" OBJECTGUID="d4d169c1-7d19-4f67-8dc8-6733bb54eba9" CHANGEID="689740747" NUMBER="24" OPERTYPEID="10" PREVID="0" NEXTID="0" UPDATEDATE="2025-09-30" STARTDATE="2025-09-30" ENDDATE="2079-06-06" ISACTUAL="1" ISACTIVE="1" /><STEAD ID="74191374" OBJECTID="174962389" OBJECTGUID="952ef4f8-ef01-4121-9a4f-f800cb547c7e" CHANGEID="689740775" NUMBER="22" OPERTYPEID="10" PREVID="0" NEXTID="0" UPDATEDATE="2025-09-30" STARTDATE="2025-09-30" ENDDATE="2079-06-06" ISACTUAL="1" ISACTIVE="1" /><STEAD ID="74191394" OBJECTID="174962410" OBJECTGUID="b2baa3a5-f581-48f6-8608-e30508cd4ca9" CHANGEID="689740808" NUMBER="20" OPERTYPEID="10" PREVID="0" NEXTID="0" UPDATEDATE="2025-09-30" STARTDATE="2025-09-30" ENDDATE="2079-06-06" ISACTUAL="1" ISACTIVE="1" /><STEAD ID="74191398" OBJECTID="174962417" OBJECTGUID="defcbcb9-717e-4777-8d26-49b75cd43fe5" CHANGEID="689740820" NUMBER="2/Б" OPERTYPEID="10" PREVID="0" NEXTID="0" UPDATEDATE="2025-09-30" STARTDATE="2025-09-30" ENDDATE="2079-06-06" ISACTUAL="1" ISACTIVE="1" /><STEAD ID="74191435" OBJECTID="174962466" OBJECTGUID="ee7e728a-6cdc-4d38-af88-b70d157b39b1" CHANGEID="689740927" NUMBER="10/2" OPERTYPEID="10" PREVID="0" NEXTID="0" UPDATEDATE="2025-09-30" STARTDATE="2025-09-30" ENDDATE="2079-06-06" ISACTUAL="1" ISACTIVE="1" /><STEAD ID="74191445" OBJECTID="174962480" OBJECTGUID="47e65e31-6fe1-4169-8cfd-c4b3485704ae" CHANGEID="689740961" NUMBER="52" OPERTYPEID="10" PREVID="0" NEXTID="0" UPDATEDATE="2025-09-30" STARTDATE="2025-09-30" ENDDATE="2079-06-06" ISACTUAL="1" ISACTIVE="1" /><STEAD ID="74191454" OBJECTID="174962491" OBJECTGUID="987e6656-a1e7-44b5-9a3f-078c6680dc0e" CHANGEID="689741006" NUMBER="9" OPERTYPEID="10" PREVID="0" NEXTID="0" UPDATEDATE="2025-09-30" STARTDATE="2025-09-30" ENDDATE="2079-06-06" ISACTUAL="1" ISACTIVE="1" /><STEAD ID="74191527" OBJECTID="174962566" OBJECTGUID="ac438ded-e133-45b5-b3b8-eee6ce73c9da" CHANGEID="689741115" NUMBER="4А/2" OPERTYPEID="10" PREVID="0" NEXTID="0" UPDATEDATE="2025-09-30" STARTDATE="2025-09-30" ENDDATE="2079-06-06" ISACTUAL="1" ISACTIVE="1" /><STEAD ID="74191555" OBJECTID="174962600" OBJECTGUID="cfb52d89-494d-49c7-af9c-2148aa0e5677" CHANGEID="689741166" NUMBER="10М" OPERTYPEID="10" PREVID="0" NEXTID="0" UPDATEDATE="2025-09-30" STARTDATE="2025-09-30" ENDDATE="2079-06-06" ISACTUAL="1" ISACTIVE="1" /><STEAD ID="74191563" OBJECTID="174962616" OBJECTGUID="c644ecff-c5c0-48dd-a8ce-54cd391714da" CHANGEID="689741184" NUMBER="45" OPERTYPEID="10" PREVID="0" NEXTID="0" UPDATEDATE="2025-09-30" STARTDATE="2025-09-30" ENDDATE="2079-06-06" ISACTUAL="1" ISACTIVE="1" /><STEAD ID="74191571" OBJECTID="174962624" OBJECTGUID="312badd2-0447-4b47-a2c6-3cda3777cdd8" CHANGEID="689741196" NUMBER="33Б" OPERTYPEID="10" PREVID="0" NEXTID="0" UPDATEDATE="2025-09-30" STARTDATE="2025-09-30" ENDDATE="2079-06-06" ISACTUAL="1" ISACTIVE="1" /><STEAD ID="74191600" OBJECTID="174962660" OBJECTGUID="dcfcf85c-a6e7-458b-8b7c-953afe90be7f" CHANGEID="689741278" NUMBER="6" OPERTYPEID="10" PREVID="0" NEXTID="0" UPDATEDATE="2025-09-30" STARTDATE="2025-09-30" ENDDATE="2079-06-06" ISACTUAL="1" ISACTIVE="1" /><STEAD ID="74191626" OBJECTID="174962690" OBJECTGUID="146fa046-df7f-40da-8802-efffc6b61685" CHANGEID="689741311" NUMBER="1М" OPERTYPEID="10" PREVID="0" NEXTID="0" UPDATEDATE="2025-09-30" STARTDATE="2025-09-30" ENDDATE="2079-06-06" ISACTUAL="1" ISACTIVE="1" /><STEAD ID="74191638" OBJECTID="174962707" OBJECTGUID="ae42e21d-733d-4169-93b5-88771abbcb55" CHANGEID="689741348" NUMBER="3А" OPERTYPEID="10" PREVID="0" NEXTID="0" UPDATEDATE="2025-09-30" STARTDATE="2025-09-30" ENDDATE="2079-06-06" ISACTUAL="1" ISACTIVE="1" /><STEAD ID="74191655" OBJECTID="174962741" OBJECTGUID="ee27de1b-ab9c-4e8c-9232-254777ee07f1" CHANGEID="689741392" NUMBER="4" OPERTYPEID="10" PREVID="0" NEXTID="0" UPDATEDATE="2025-09-30" STARTDATE="2025-09-30" ENDDATE="2079-06-06" ISACTUAL="1" ISACTIVE="1" /><STEAD ID="74191665" OBJECTID="174962799" OBJECTGUID="d801b84a-b6b6-4955-a767-13e7c80400b0" CHANGEID="689741469" NUMBER="3Д" OPERTYPEID="10" PREVID="0" NEXTID="0" UPDATEDATE="2025-09-30" STARTDATE="2025-09-30" ENDDATE="2079-06-06" ISACTUAL="1" ISACTIVE="1" /><STEAD ID="74191667" OBJECTID="174962801" OBJECTGUID="319b523c-0a74-473c-9274-ec987130286e" CHANGEID="689741489" NUMBER="20" OPERTYPEID="10" PREVID="0" NEXTID="0" UPDATEDATE="2025-09-30" STARTDATE="2025-09-30" ENDDATE="2079-06-06" ISACTUAL="1" ISACTIVE="1" /><STEAD ID="74191583" OBJECTID="174962638" OBJECTGUID="5579e91c-c2c1-47c0-84b1-d1efc482a703" CHANGEID="689741215" NUMBER="13/1" OPERTYPEID="10" PREVID="0" NEXTID="0" UPDATEDATE="2025-09-30" STARTDATE="2025-09-30" ENDDATE="2079-06-06" ISACTUAL="1" ISACTIVE="1" /><STEAD ID="74191586" OBJECTID="174962644" OBJECTGUID="25c91d11-917a-49c2-9434-1e35b76b0658" CHANGEID="689741224" NUMBER="45" OPERTYPEID="10" PREVID="0" NEXTID="0" UPDATEDATE="2025-09-30" STARTDATE="2025-09-30" ENDDATE="2079-06-06" ISACTUAL="1" ISACTIVE="1" /><STEAD ID="74191591" OBJECTID="174962650" OBJECTGUID="1f17a518-f172-4367-8b6e-56dc9545be04" CHANGEID="689741232" NUMBER="10А" OPERTYPEID="10" PREVID="0" NEXTID="0" UPDATEDATE="2025-09-30" STARTDATE="2025-09-30" ENDDATE="2079-06-06" ISACTUAL="1" ISACTIVE="1" /><STEAD ID="74191635" OBJECTID="174962699" OBJECTGUID="e3b273ea-4b52-40e1-8422-26fa25746172" CHANGEID="689741325" NUMBER="14" OPERTYPEID="10" PREVID="0" NEXTID="0" UPDATEDATE="2025-09-30" STARTDATE="2025-09-30" ENDDATE="2079-06-06" ISACTUAL="1" ISACTIVE="1" /><STEAD ID="74191648" OBJECTID="174962732" OBJECTGUID="ea0757cd-23a4-4e86-aa0b-63744560540b" CHANGEID="689741379" NUMBER="6А" OPERTYPEID="10" PREVID="0" NEXTID="0" UPDATEDATE="2025-09-30" STARTDATE="2025-09-30" ENDDATE="2079-06-06" ISACTUAL="1" ISACTIVE="1" /><STEAD ID="74191887" OBJECTID="174963279" OBJECTGUID="f34efd66-5e86-46d4-9fb7-390af9cf487a" CHANGEID="689742241" NUMBER="3Г" OPERTYPEID="10" PREVID="0" NEXTID="0" UPDATEDATE="2025-09-30" STARTDATE="2025-09-30" ENDDATE="2079-06-06" ISACTUAL="1" ISACTIVE="1" /><STEAD ID="74191910" OBJECTID="174963304" OBJECTGUID="2d380d51-b6ac-40b3-8d3e-917e66e1a32e" CHANGEID="689742273" NUMBER="3А" OPERTYPEID="10" PREVID="0" NEXTID="0" UPDATEDATE="2025-09-30" STARTDATE="2025-09-30" ENDDATE="2079-06-06" ISACTUAL="1" ISACTIVE="1" /><STEAD ID="74191923" OBJECTID="174963317" OBJECTGUID="8102e904-40da-4cb4-b214-0577826767cb" CHANGEID="689742292" NUMBER="44М" OPERTYPEID="10" PREVID="0" NEXTID="0" UPDATEDATE="2025-09-30" STARTDATE="2025-09-30" ENDDATE="2079-06-06" ISACTUAL="1" ISACTIVE="1" /><STEAD ID="74191944" OBJECTID="174963342" OBJECTGUID="fe523295-746f-410f-ba50-5acbeba89d9e" CHANGEID="689742345" NUMBER="34" OPERTYPEID="10" PREVID="0" NEXTID="0" UPDATEDATE="2025-09-30" STARTDATE="2025-09-30" ENDDATE="2079-06-06" ISACTUAL="1" ISACTIVE="1" /><STEAD ID="74191893" OBJECTID="174963287" OBJECTGUID="eab4b20e-90a5-4a4e-892c-70427d1472d9" CHANGEID="689742252" NUMBER="3Б" OPERTYPEID="10" PREVID="0" NEXTID="0" UPDATEDATE="2025-09-30" STARTDATE="2025-09-30" ENDDATE="2079-06-06" ISACTUAL="1" ISACTIVE="1" /><STEAD ID="74191938" OBJECTID="174963335" OBJECTGUID="7fa50dae-9a43-4934-baf0-338f09082987" CHANGEID="689742330" NUMBER="34М" OPERTYPEID="10" PREVID="0" NEXTID="0" UPDATEDATE="2025-09-30" STARTDATE="2025-09-30" ENDDATE="2079-06-06" ISACTUAL="1" ISACTIVE="1" /><STEAD ID="74191956" OBJECTID="174963354" OBJECTGUID="0244e85e-39bb-41ac-818e-6f5521c35b05" CHANGEID="689742364" NUMBER="22" OPERTYPEID="10" PREVID="0" NEXTID="0" UPDATEDATE="2025-09-30" STARTDATE="2025-09-30" ENDDATE="2079-06-06" ISACTUAL="1" ISACTIVE="1" /><STEAD ID="74191974" OBJECTID="174963373" OBJECTGUID="90628237-8260-46f5-90b9-df773534340c" CHANGEID="689742398" NUMBER="6" OPERTYPEID="10" PREVID="0" NEXTID="0" UPDATEDATE="2025-09-30" STARTDATE="2025-09-30" ENDDATE="2079-06-06" ISACTUAL="1" ISACTIVE="1" /><STEAD ID="74191984" OBJECTID="174963390" OBJECTGUID="71db6bc5-7d4d-4956-8a15-ecb4207aca35" CHANGEID="689742423" NUMBER="95" OPERTYPEID="10" PREVID="0" NEXTID="0" UPDATEDATE="2025-09-30" STARTDATE="2025-09-30" ENDDATE="2079-06-06" ISACTUAL="1" ISACTIVE="1" /><STEAD ID="74191994" OBJECTID="174963401" OBJECTGUID="3ab4e1a3-24c8-4a7e-b122-53e8aaea8042" CHANGEID="689742437" NUMBER="2М" OPERTYPEID="10" PREVID="0" NEXTID="0" UPDATEDATE="2025-09-30" STARTDATE="2025-09-30" ENDDATE="2079-06-06" ISACTUAL="1" ISACTIVE="1" /><STEAD ID="74192011" OBJECTID="174963447" OBJECTGUID="3ed2926e-e537-46be-bc55-82fc2cda8c2d" CHANGEID="689742498" NUMBER="2/2" OPERTYPEID="10" PREVID="0" NEXTID="0" UPDATEDATE="2025-09-30" STARTDATE="2025-09-30" ENDDATE="2079-06-06" ISACTUAL="1" ISACTIVE="1" /><STEAD ID="74192002" OBJECTID="174963434" OBJECTGUID="980f0565-5b23-403f-b234-4fd9f9de3572" CHANGEID="689742478" NUMBER="2А/2" OPERTYPEID="10" PREVID="0" NEXTID="0" UPDATEDATE="2025-09-30" STARTDATE="2025-09-30" ENDDATE="2079-06-06" ISACTUAL="1" ISACTIVE="1" /><STEAD ID="74192018" OBJECTID="174963461" OBJECTGUID="57dd6b50-e879-4f4f-877a-32071137876d" CHANGEID="689742517" NUMBER="95" OPERTYPEID="10" PREVID="0" NEXTID="0" UPDATEDATE="2025-09-30" STARTDATE="2025-09-30" ENDDATE="2079-06-06" ISACTUAL="1" ISACTIVE="1" /><STEAD ID="74192057" OBJECTID="174963502" OBJECTGUID="7deec902-a0f7-4e10-ab08-919306562b5e" CHANGEID="689742563" NUMBER="78М" OPERTYPEID="10" PREVID="0" NEXTID="0" UPDATEDATE="2025-09-30" STARTDATE="2025-09-30" ENDDATE="2079-06-06" ISACTUAL="1" ISACTIVE="1" /><STEAD ID="74192063" OBJECTID="174963510" OBJECTGUID="2bc51735-7d2f-4cf4-bbe5-fb474931300d" CHANGEID="689742573" NUMBER="48А" OPERTYPEID="10" PREVID="0" NEXTID="0" UPDATEDATE="2025-09-30" STARTDATE="2025-09-30" ENDDATE="2079-06-06" ISACTUAL="1" ISACTIVE="1" /><STEAD ID="74192071" OBJECTID="174963520" OBJECTGUID="275e4e7c-e3b2-4fb8-96ce-b20c4a7d2db8" CHANGEID="689742585" NUMBER="47Е" OPERTYPEID="10" PREVID="0" NEXTID="0" UPDATEDATE="2025-09-30" STARTDATE="2025-09-30" ENDDATE="2079-06-06" ISACTUAL="1" ISACTIVE="1" /><STEAD ID="74192077" OBJECTID="174963529" OBJECTGUID="7ade8ad0-c4df-432d-ae08-d3448edc4db2" CHANGEID="689742639" NUMBER="47Д" OPERTYPEID="10" PREVID="0" NEXTID="0" UPDATEDATE="2025-09-30" STARTDATE="2025-09-30" ENDDATE="2079-06-06" ISACTUAL="1" ISACTIVE="1" /><STEAD ID="74192086" OBJECTID="174963542" OBJECTGUID="f224802b-0200-4276-958a-9c4ddbbcaa73" CHANGEID="689742660" NUMBER="47/3" OPERTYPEID="10" PREVID="0" NEXTID="0" UPDATEDATE="2025-09-30" STARTDATE="2025-09-30" ENDDATE="2079-06-06" ISACTUAL="1" ISACTIVE="1" /><STEAD ID="74192133" OBJECTID="174963596" OBJECTGUID="14b095d1-5d60-4689-93a2-76c05f397a40" CHANGEID="689742742" NUMBER="1/11" OPERTYPEID="10" PREVID="0" NEXTID="0" UPDATEDATE="2025-09-30" STARTDATE="2025-09-30" ENDDATE="2079-06-06" ISACTUAL="1" ISACTIVE="1" /><STEAD ID="74192082" OBJECTID="174963536" OBJECTGUID="42602c2b-5ddd-44fc-94e1-ed8381c1e95f" CHANGEID="689742648" NUMBER="47А" OPERTYPEID="10" PREVID="0" NEXTID="0" UPDATEDATE="2025-09-30" STARTDATE="2025-09-30" ENDDATE="2079-06-06" ISACTUAL="1" ISACTIVE="1" /><STEAD ID="74192098" OBJECTID="174963556" OBJECTGUID="ba14a2d6-ca9e-4221-9501-98dc09e41bde" CHANGEID="689742682" NUMBER="35" OPERTYPEID="10" PREVID="0" NEXTID="0" UPDATEDATE="2025-09-30" STARTDATE="2025-09-30" ENDDATE="2079-06-06" ISACTUAL="1" ISACTIVE="1" /><STEAD ID="74192102" OBJECTID="174963561" OBJECTGUID="da3ca66d-4e8b-42fa-884c-621a3ee12002" CHANGEID="689742688" NUMBER="15/1" OPERTYPEID="10" PREVID="0" NEXTID="0" UPDATEDATE="2025-09-30" STARTDATE="2025-09-30" ENDDATE="2079-06-06" ISACTUAL="1" ISACTIVE="1" /><STEAD ID="74192104" OBJECTID="174963563" OBJECTGUID="34f4e5d5-cc68-48ac-9e0f-509cbc6fdf69" CHANGEID="689742690" NUMBER="1/12" OPERTYPEID="10" PREVID="0" NEXTID="0" UPDATEDATE="2025-09-30" STARTDATE="2025-09-30" ENDDATE="2079-06-06" ISACTUAL="1" ISACTIVE="1" /><STEAD ID="74192122" OBJECTID="174963585" OBJECTGUID="03478334-b4b7-4ebb-81a1-0466b1ddbe41" CHANGEID="689742722" NUMBER="35/2" OPERTYPEID="10" PREVID="0" NEXTID="0" UPDATEDATE="2025-09-30" STARTDATE="2025-09-30" ENDDATE="2079-06-06" ISACTUAL="1" ISACTIVE="1" /><STEAD ID="74192141" OBJECTID="174963607" OBJECTGUID="bac8af4f-bf5d-4ea0-902e-ff703ed1170d" CHANGEID="689742760" NUMBER="95" OPERTYPEID="10" PREVID="0" NEXTID="0" UPDATEDATE="2025-09-30" STARTDATE="2025-09-30" ENDDATE="2079-06-06" ISACTUAL="1" ISACTIVE="1" /><STEAD ID="74192164" OBJECTID="174963634" OBJECTGUID="647a6329-0dc8-48b4-bb50-823fad2be7f2" CHANGEID="689742800" NUMBER="38" OPERTYPEID="10" PREVID="0" NEXTID="0" UPDATEDATE="2025-09-30" STARTDATE="2025-09-30" ENDDATE="2079-06-06" ISACTUAL="1" ISACTIVE="1" /><STEAD ID="74192169" OBJECTID="174963639" OBJECTGUID="ad7b5e7c-8a6f-4364-940d-77f6a797f72b" CHANGEID="689742806" NUMBER="68А" OPERTYPEID="10" PREVID="0" NEXTID="0" UPDATEDATE="2025-09-30" STARTDATE="2025-09-30" ENDDATE="2079-06-06" ISACTUAL="1" ISACTIVE="1" /><STEAD ID="74192189" OBJECTID="174963662" OBJECTGUID="7f29909c-28cb-46e3-b0e8-493ab989df6c" CHANGEID="689742832" NUMBER="1" OPERTYPEID="10" PREVID="0" NEXTID="0" UPDATEDATE="2025-09-30" STARTDATE="2025-09-30" ENDDATE="2079-06-06" ISACTUAL="1" ISACTIVE="1" /><STEAD ID="74192294" OBJECTID="174963777" OBJECTGUID="34b9116b-ac51-4321-828a-8b4b4b04ce2b" CHANGEID="689742991" NUMBER="1А" OPERTYPEID="10" PREVID="0" NEXTID="0" UPDATEDATE="2025-09-30" STARTDATE="2025-09-30" ENDDATE="2079-06-06" ISACTUAL="1" ISACTIVE="1" /><STEAD ID="74192951" OBJECTID="174964739" OBJECTGUID="92f205ae-803b-48de-b34e-7d3f9428ef7c" CHANGEID="689745119" NUMBER="34" OPERTYPEID="10" PREVID="0" NEXTID="0" UPDATEDATE="2025-09-30" STARTDATE="2025-09-30" ENDDATE="2079-06-06" ISACTUAL="1" ISACTIVE="1" /><STEAD ID="74193075" OBJECTID="174965304" OBJECTGUID="60886566-a01a-4369-8547-71c9ade29a39" CHANGEID="689745787" NUMBER="52А" OPERTYPEID="10" PREVID="0" NEXTID="0" UPDATEDATE="2025-09-30" STARTDATE="2025-09-30" ENDDATE="2079-06-06" ISACTUAL="1" ISACTIVE="1" /><STEAD ID="74193202" OBJECTID="174965521" OBJECTGUID="d903773c-0e5d-4177-ae70-f558cca622c3" CHANGEID="689746346" NUMBER="34" OPERTYPEID="10" PREVID="0" NEXTID="0" UPDATEDATE="2025-09-30" STARTDATE="2025-09-30" ENDDATE="2079-06-06" ISACTUAL="1" ISACTIVE="1" /><STEAD ID="74193421" OBJECTID="174965912" OBJECTGUID="c02f1dfa-5444-4102-a6b4-570d39e58164" CHANGEID="689747736" NUMBER="14А" OPERTYPEID="10" PREVID="0" NEXTID="0" UPDATEDATE="2025-09-30" STARTDATE="2025-09-30" ENDDATE="2079-06-06" ISACTUAL="1" ISACTIVE="1" /><STEAD ID="74194006" OBJECTID="174966965" OBJECTGUID="73563519-d732-449d-9e3a-aab1307d9949" CHANGEID="689750840" NUMBER="75" OPERTYPEID="10" PREVID="0" NEXTID="0" UPDATEDATE="2025-09-30" STARTDATE="2025-09-30" ENDDATE="2079-06-06" ISACTUAL="1" ISACTIVE="1" /><STEAD ID="74194528" OBJECTID="174967671" OBJECTGUID="75c29f84-27c3-465c-8354-7c5bd807de14" CHANGEID="689752524" NUMBER="51" OPERTYPEID="10" PREVID="0" NEXTID="0" UPDATEDATE="2025-09-30" STARTDATE="2025-09-30" ENDDATE="2079-06-06" ISACTUAL="1" ISACTIVE="1" /><STEAD ID="74197460" OBJECTID="174972347" OBJECTGUID="64b0ea61-9890-44cc-87b7-7f91023ee76b" CHANGEID="689781123" NUMBER="74" OPERTYPEID="10" PREVID="0" NEXTID="0" UPDATEDATE="2025-10-01" STARTDATE="2025-10-01" ENDDATE="2079-06-06" ISACTUAL="1" ISACTIVE="1" /><STEAD ID="74197616" OBJECTID="174972714" OBJECTGUID="4caa05a3-9181-47cb-80a2-9a1adc4ebe00" CHANGEID="689781891" NUMBER="1" OPERTYPEID="10" PREVID="0" NEXTID="0" UPDATEDATE="2025-10-01" STARTDATE="2025-10-01" ENDDATE="2079-06-06" ISACTUAL="1" ISACTIVE="1" /><STEAD ID="74197619" OBJECTID="174972730" OBJECTGUID="201ffb3c-f11f-4d4e-8577-09a98824aea8" CHANGEID="689781910" NUMBER="3" OPERTYPEID="10" PREVID="0" NEXTID="0" UPDATEDATE="2025-10-01" STARTDATE="2025-10-01" ENDDATE="2079-06-06" ISACTUAL="1" ISACTIVE="1" /><STEAD ID="74197950" OBJECTID="174973394" OBJECTGUID="b91e2411-1266-4216-831a-4bda3c44e45a" CHANGEID="689783742" NUMBER="23" OPERTYPEID="10" PREVID="0" NEXTID="0" UPDATEDATE="2025-10-01" STARTDATE="2025-10-01" ENDDATE="2079-06-06" ISACTUAL="1" ISACTIVE="1" /><STEAD ID="74198145" OBJECTID="174974631" OBJECTGUID="16d0ae70-7832-4908-8c50-5f8fce8a5d8d" CHANGEID="689785608" NUMBER="32" OPERTYPEID="10" PREVID="0" NEXTID="0" UPDATEDATE="2025-10-01" STARTDATE="2025-10-01" ENDDATE="2079-06-06" ISACTUAL="1" ISACTIVE="1" /><STEAD ID="74198421" OBJECTID="174975097" OBJECTGUID="d5b97fe6-346a-483e-92e5-7608bbfc71fc" CHANGEID="689787149" NUMBER="15" OPERTYPEID="10" PREVID="0" NEXTID="0" UPDATEDATE="2025-10-01" STARTDATE="2025-10-01" ENDDATE="2079-06-06" ISACTUAL="1" ISACTIVE="1" /><STEAD ID="74198422" OBJECTID="174975098" OBJECTGUID="b7bfa772-e8fb-4447-9d5a-b7c02e1676bf" CHANGEID="689787150" NUMBER="11" OPERTYPEID="10" PREVID="0" NEXTID="0" UPDATEDATE="2025-10-01" STARTDATE="2025-10-01" ENDDATE="2079-06-06" ISACTUAL="1" ISACTIVE="1" /><STEAD ID="74198423" OBJECTID="174975099" OBJECTGUID="5aa898ef-1e34-45f2-8cf6-566dfe21caee" CHANGEID="689787151" NUMBER="3" OPERTYPEID="10" PREVID="0" NEXTID="0" UPDATEDATE="2025-10-01" STARTDATE="2025-10-01" ENDDATE="2079-06-06" ISACTUAL="1" ISACTIVE="1" /><STEAD ID="74198424" OBJECTID="174975100" OBJECTGUID="004661b0-6d97-46c4-abb4-e431b19c8c5b" CHANGEID="689787152" NUMBER="4" OPERTYPEID="10" PREVID="0" NEXTID="0" UPDATEDATE="2025-10-01" STARTDATE="2025-10-01" ENDDATE="2079-06-06" ISACTUAL="1" ISACTIVE="1" /><STEAD ID="74198425" OBJECTID="174975101" OBJECTGUID="2c0fd095-2306-412d-a5b1-59f30e166445" CHANGEID="689787153" NUMBER="1" OPERTYPEID="10" PREVID="0" NEXTID="0" UPDATEDATE="2025-10-01" STARTDATE="2025-10-01" ENDDATE="2079-06-06" ISACTUAL="1" ISACTIVE="1" /><STEAD ID="74198426" OBJECTID="174975102" OBJECTGUID="03afe9c2-17fd-4608-9589-9eb55971c110" CHANGEID="689787154" NUMBER="2" OPERTYPEID="10" PREVID="0" NEXTID="0" UPDATEDATE="2025-10-01" STARTDATE="2025-10-01" ENDDATE="2079-06-06" ISACTUAL="1" ISACTIVE="1" /><STEAD ID="74198886" OBJECTID="174976255" OBJECTGUID="90877871-7c91-449f-a9ae-f665babe912d" CHANGEID="689789594" NUMBER="30Б" OPERTYPEID="10" PREVID="0" NEXTID="0" UPDATEDATE="2025-10-01" STARTDATE="2025-10-01" ENDDATE="2079-06-06" ISACTUAL="1" ISACTIVE="1" /><STEAD ID="74198933" OBJECTID="174976305" OBJECTGUID="c666012a-a710-4287-9187-9ad8c83c63a1" CHANGEID="689789663" NUMBER="52/2" OPERTYPEID="10" PREVID="0" NEXTID="0" UPDATEDATE="2025-10-01" STARTDATE="2025-10-01" ENDDATE="2079-06-06" ISACTUAL="1" ISACTIVE="1" /><STEAD ID="74199946" OBJECTID="174978149" OBJECTGUID="7f4256c1-d199-44cc-b931-c36616e9c0b1" CHANGEID="689792696" NUMBER="29А" OPERTYPEID="10" PREVID="0" NEXTID="0" UPDATEDATE="2025-10-01" STARTDATE="2025-10-01" ENDDATE="2079-06-06" ISACTUAL="1" ISACTIVE="1" /><STEAD ID="74199954" OBJECTID="174978159" OBJECTGUID="3a1a4ad6-6dd4-486e-8a08-19dbb0719c67" CHANGEID="689792726" NUMBER="84М" OPERTYPEID="10" PREVID="0" NEXTID="0" UPDATEDATE="2025-10-01" STARTDATE="2025-10-01" ENDDATE="2079-06-06" ISACTUAL="1" ISACTIVE="1" /><STEAD ID="74199993" OBJECTID="174978201" OBJECTGUID="cc865d97-b938-42a2-8592-76c4d148496d" CHANGEID="689792783" NUMBER="5Б" OPERTYPEID="10" PREVID="0" NEXTID="0" UPDATEDATE="2025-10-01" STARTDATE="2025-10-01" ENDDATE="2079-06-06" ISACTUAL="1" ISACTIVE="1" /><STEAD ID="74200002" OBJECTID="174978214" OBJECTGUID="010f0928-e4a0-49c3-89e2-fa10c4a3ce29" CHANGEID="689792820" NUMBER="19" OPERTYPEID="10" PREVID="0" NEXTID="0" UPDATEDATE="2025-10-01" STARTDATE="2025-10-01" ENDDATE="2079-06-06" ISACTUAL="1" ISACTIVE="1" /><STEAD ID="74200024" OBJECTID="174978239" OBJECTGUID="11155f63-cb45-462b-bc4e-09f91bef838d" CHANGEID="689792879" NUMBER="12" OPERTYPEID="10" PREVID="0" NEXTID="0" UPDATEDATE="2025-10-01" STARTDATE="2025-10-01" ENDDATE="2079-06-06" ISACTUAL="1" ISACTIVE="1" /><STEAD ID="74200073" OBJECTID="174978298" OBJECTGUID="447dccdb-5c49-4ea8-8499-0c0a80dbcc94" CHANGEID="689792953" NUMBER="1Г/14" OPERTYPEID="10" PREVID="0" NEXTID="0" UPDATEDATE="2025-10-01" STARTDATE="2025-10-01" ENDDATE="2079-06-06" ISACTUAL="1" ISACTIVE="1" /><STEAD ID="74200075" OBJECTID="174978300" OBJECTGUID="d5389667-392a-45fa-9781-35856713422a" CHANGEID="689792957" NUMBER="14А" OPERTYPEID="10" PREVID="0" NEXTID="0" UPDATEDATE="2025-10-01" STARTDATE="2025-10-01" ENDDATE="2079-06-06" ISACTUAL="1" ISACTIVE="1" /><STEAD ID="74200113" OBJECTID="174978349" OBJECTGUID="60900731-41bd-4c09-8997-32d9891a4e28" CHANGEID="689793026" NUMBER="17А" OPERTYPEID="10" PREVID="0" NEXTID="0" UPDATEDATE="2025-10-01" STARTDATE="2025-10-01" ENDDATE="2079-06-06" ISACTUAL="1" ISACTIVE="1" /><STEAD ID="74200525" OBJECTID="174978885" OBJECTGUID="a9e7a19f-69d8-41b1-a3dd-d878a12b50c0" CHANGEID="689793867" NUMBER="200" OPERTYPEID="10" PREVID="0" NEXTID="0" UPDATEDATE="2025-10-01" STARTDATE="2025-10-01" ENDDATE="2079-06-06" ISACTUAL="1" ISACTIVE="1" /><STEAD ID="74200568" OBJECTID="174978933" OBJECTGUID="b3ef7b98-494c-42a7-90f6-daecea2f3778" CHANGEID="689793931" NUMBER="48б/1" OPERTYPEID="10" PREVID="0" NEXTID="0" UPDATEDATE="2025-10-01" STARTDATE="2025-10-01" ENDDATE="2079-06-06" ISACTUAL="1" ISACTIVE="1" /><STEAD ID="74200569" OBJECTID="174978934" OBJECTGUID="78925559-df52-4212-a33c-c1a95255f43b" CHANGEID="689793932" NUMBER="48в" OPERTYPEID="10" PREVID="0" NEXTID="0" UPDATEDATE="2025-10-01" STARTDATE="2025-10-01" ENDDATE="2079-06-06" ISACTUAL="1" ISACTIVE="1" /><STEAD ID="74200570" OBJECTID="174978935" OBJECTGUID="5ed0a3d0-0245-49c1-ae07-58c453b96e9d" CHANGEID="689793933" NUMBER="48б" OPERTYPEID="10" PREVID="0" NEXTID="0" UPDATEDATE="2025-10-01" STARTDATE="2025-10-01" ENDDATE="2079-06-06" ISACTUAL="1" ISACTIVE="1" /><STEAD ID="12105816" OBJECTID="97700678" OBJECTGUID="7aa5c0a1-88ee-4408-8f2a-13ec8cef4013" CHANGEID="154059466" NUMBER="17" OPERTYPEID="10" PREVID="0" NEXTID="74200780" UPDATEDATE="2025-10-01" STARTDATE="2020-07-29" ENDDATE="2025-10-01" ISACTUAL="0" ISACTIVE="0" /><STEAD ID="74200780" OBJECTID="97700678" OBJECTGUID="7aa5c0a1-88ee-4408-8f2a-13ec8cef4013" CHANGEID="689794457" NUMBER="17/2" OPERTYPEID="20" PREVID="12105816" UPDATEDATE="2025-10-01" STARTDATE="2025-10-01" ENDDATE="2079-06-06" ISACTUAL="1" ISACTIVE="1" /><STEAD ID="74200782" OBJECTID="98076937" OBJECTGUID="3e6684e5-2502-431a-9390-adee98c8cc86" CHANGEID="689794459" NUMBER="8/2" OPERTYPEID="20" PREVID="12315326" UPDATEDATE="2025-10-01" STARTDATE="2025-10-01" ENDDATE="2079-06-06" ISACTUAL="1" ISACTIVE="1" /><STEAD ID="74202881" OBJECTID="174983587" OBJECTGUID="6e84d981-54e7-4dce-aa16-42eababd43ea" CHANGEID="689803604" NUMBER="28А" OPERTYPEID="10" PREVID="0" NEXTID="0" UPDATEDATE="2025-10-01" STARTDATE="2025-10-01" ENDDATE="2079-06-06" ISACTUAL="1" ISACTIVE="1" /><STEAD ID="74202886" OBJECTID="174983593" OBJECTGUID="8b849feb-68bc-4cef-8782-bc99189f7d05" CHANGEID="689803652" NUMBER="60" OPERTYPEID="10" PREVID="0" NEXTID="0" UPDATEDATE="2025-10-01" STARTDATE="2025-10-01" ENDDATE="2079-06-06" ISACTUAL="1" ISACTIVE="1" /><STEAD ID="74202907" OBJECTID="174983616" OBJECTGUID="c0d97023-aa24-4a2c-953c-09e51c334630" CHANGEID="689803682" NUMBER="3М" OPERTYPEID="10" PREVID="0" NEXTID="0" UPDATEDATE="2025-10-01" STARTDATE="2025-10-01" ENDDATE="2079-06-06" ISACTUAL="1" ISACTIVE="1" /><STEAD ID="74202909" OBJECTID="174983620" OBJECTGUID="b76f80f6-05fc-488d-87ec-4136de223dd3" CHANGEID="689803691" NUMBER="76" OPERTYPEID="10" PREVID="0" NEXTID="0" UPDATEDATE="2025-10-01" STARTDATE="2025-10-01" ENDDATE="2079-06-06" ISACTUAL="1" ISACTIVE="1" /><STEAD ID="74202911" OBJECTID="174983622" OBJECTGUID="10a1863c-5b81-47ed-8b06-23c39f634cad" CHANGEID="689803696" NUMBER="57" OPERTYPEID="10" PREVID="0" NEXTID="0" UPDATEDATE="2025-10-01" STARTDATE="2025-10-01" ENDDATE="2079-06-06" ISACTUAL="1" ISACTIVE="1" /><STEAD ID="74202937" OBJECTID="174983657" OBJECTGUID="5578b645-791c-42b6-bef7-4bed09079400" CHANGEID="689803755" NUMBER="3" OPERTYPEID="10" PREVID="0" NEXTID="0" UPDATEDATE="2025-10-01" STARTDATE="2025-10-01" ENDDATE="2079-06-06" ISACTUAL="1" ISACTIVE="1" /><STEAD ID="74203404" OBJECTID="174984616" OBJECTGUID="92ddd4ba-1bbe-4fd4-ad3a-2823671eb715" CHANGEID="689806401" NUMBER="55" OPERTYPEID="10" PREVID="0" NEXTID="0" UPDATEDATE="2025-10-01" STARTDATE="2025-10-01" ENDDATE="2079-06-06" ISACTUAL="1" ISACTIVE="1" /><STEAD ID="74203406" OBJECTID="174984618" OBJECTGUID="67bd51f1-af58-497b-894e-95622c0b2c85" CHANGEID="689806403" NUMBER="29М" OPERTYPEID="10" PREVID="0" NEXTID="0" UPDATEDATE="2025-10-01" STARTDATE="2025-10-01" ENDDATE="2079-06-06" ISACTUAL="1" ISACTIVE="1" /><STEAD ID="74203413" OBJECTID="174984625" OBJECTGUID="1a851e6b-a5d9-4986-8e1c-94c26bd06b6d" CHANGEID="689806412" NUMBER="78" OPERTYPEID="10" PREVID="0" NEXTID="0" UPDATEDATE="2025-10-01" STARTDATE="2025-10-01" ENDDATE="2079-06-06" ISACTUAL="1" ISACTIVE="1" /><STEAD ID="74203414" OBJECTID="174984627" OBJECTGUID="7153b965-2210-4f9a-9f75-ce1e743ca315" CHANGEID="689806414" NUMBER="76М" OPERTYPEID="10" PREVID="0" NEXTID="0" UPDATEDATE="2025-10-01" STARTDATE="2025-10-01" ENDDATE="2079-06-06" ISACTUAL="1" ISACTIVE="1" /><STEAD ID="74203416" OBJECTID="174984629" OBJECTGUID="3afbe8f2-c655-4dee-b9ff-84637ba01bb5" CHANGEID="689806416" NUMBER="86" OPERTYPEID="10" PREVID="0" NEXTID="0" UPDATEDATE="2025-10-01" STARTDATE="2025-10-01" ENDDATE="2079-06-06" ISACTUAL="1" ISACTIVE="1" /><STEAD ID="74203421" OBJECTID="174984635" OBJECTGUID="a1c10f22-5aba-48b2-a437-2609f26f045d" CHANGEID="689806422" NUMBER="65" OPERTYPEID="10" PREVID="0" NEXTID="0" UPDATEDATE="2025-10-01" STARTDATE="2025-10-01" ENDDATE="2079-06-06" ISACTUAL="1" ISACTIVE="1" /><STEAD ID="74203423" OBJECTID="174984637" OBJECTGUID="fc8069b6-c6f8-4276-8e29-d7a74e8be439" CHANGEID="689806424" NUMBER="36" OPERTYPEID="10" PREVID="0" NEXTID="0" UPDATEDATE="2025-10-01" STARTDATE="2025-10-01" ENDDATE="2079-06-06" ISACTUAL="1" ISACTIVE="1" /><STEAD ID="74203408" OBJECTID="174984620" OBJECTGUID="2c170a79-a199-4730-85f0-866dd882940c" CHANGEID="689806405" NUMBER="84" OPERTYPEID="10" PREVID="0" NEXTID="0" UPDATEDATE="2025-10-01" STARTDATE="2025-10-01" ENDDATE="2079-06-06" ISACTUAL="1" ISACTIVE="1" /><STEAD ID="74203411" OBJECTID="174984623" OBJECTGUID="732dc39e-c336-418e-9095-4989bc373bf6" CHANGEID="689806409" NUMBER="83" OPERTYPEID="10" PREVID="0" NEXTID="0" UPDATEDATE="2025-10-01" STARTDATE="2025-10-01" ENDDATE="2079-06-06" ISACTUAL="1" ISACTIVE="1" /><STEAD ID="74203412" OBJECTID="174984624" OBJECTGUID="ca50a3a2-c201-4700-a439-ee819fdb2cef" CHANGEID="689806411" NUMBER="82" OPERTYPEID="10" PREVID="0" NEXTID="0" UPDATEDATE="2025-10-01" STARTDATE="2025-10-01" ENDDATE="2079-06-06" ISACTUAL="1" ISACTIVE="1" /><STEAD ID="74203417" OBJECTID="174984630" OBJECTGUID="63437169-f3cf-4986-97e3-d572162e68fd" CHANGEID="689806417" NUMBER="76" OPERTYPEID="10" PREVID="0" NEXTID="0" UPDATEDATE="2025-10-01" STARTDATE="2025-10-01" ENDDATE="2079-06-06" ISACTUAL="1" ISACTIVE="1" /><STEAD ID="74203422" OBJECTID="174984636" OBJECTGUID="1dc1a6a7-86da-4d80-8832-01b16db2271d" CHANGEID="689806423" NUMBER="54М" OPERTYPEID="10" PREVID="0" NEXTID="0" UPDATEDATE="2025-10-01" STARTDATE="2025-10-01" ENDDATE="2079-06-06" ISACTUAL="1" ISACTIVE="1" /><STEAD ID="74203606" OBJECTID="174984884" OBJECTGUID="4d1bea87-1fa9-4efe-bf4a-756b98488e24" CHANGEID="689806949" NUMBER="15" OPERTYPEID="10" PREVID="0" NEXTID="0" UPDATEDATE="2025-10-01" STARTDATE="2025-10-01" ENDDATE="2079-06-06" ISACTUAL="1" ISACTIVE="1" /><STEAD ID="74203603" OBJECTID="174984879" OBJECTGUID="44c2af8a-39df-4e0b-9b86-dd74e7c9bc9c" CHANGEID="689806942" NUMBER="1" OPERTYPEID="10" PREVID="0" NEXTID="0" UPDATEDATE="2025-10-01" STARTDATE="2025-10-01" ENDDATE="2079-06-06" ISACTUAL="1" ISACTIVE="1" /><STEAD ID="74203715" OBJECTID="174985039" OBJECTGUID="2f3ef64b-d31e-4080-b071-20e8871a5613" CHANGEID="689807418" NUMBER="1/1" OPERTYPEID="10" PREVID="0" NEXTID="0" UPDATEDATE="2025-10-01" STARTDATE="2025-10-01" ENDDATE="2079-06-06" ISACTUAL="1" ISACTIVE="1" /><STEAD ID="74203839" OBJECTID="174985202" OBJECTGUID="8c133706-4e92-4070-9536-98b8d2970b47" CHANGEID="689807828" NUMBER="72" OPERTYPEID="10" PREVID="0" NEXTID="0" UPDATEDATE="2025-10-01" STARTDATE="2025-10-01" ENDDATE="2079-06-06" ISACTUAL="1" ISACTIVE="1" /><STEAD ID="74203840" OBJECTID="174985203" OBJECTGUID="2cc0d2e8-6059-4dfa-b5f4-f05a37bc8327" CHANGEID="689807830" NUMBER="47/2" OPERTYPEID="10" PREVID="0" NEXTID="0" UPDATEDATE="2025-10-01" STARTDATE="2025-10-01" ENDDATE="2079-06-06" ISACTUAL="1" ISACTIVE="1" /><STEAD ID="74204988" OBJECTID="174422685" OBJECTGUID="a8dd7989-6447-491b-9115-5d08fb6dd4c4" CHANGEID="689810843" NUMBER="140/2" OPERTYPEID="60" PREVID="73920846" UPDATEDATE="2025-10-01" STARTDATE="2025-10-01" ENDDATE="2079-06-06" ISACTUAL="1" ISACTIVE="0" /><STEAD ID="73920846" OBJECTID="174422685" OBJECTGUID="a8dd7989-6447-491b-9115-5d08fb6dd4c4" CHANGEID="688579686" NUMBER="140/2" OPERTYPEID="10" PREVID="0" NEXTID="74204988" UPDATEDATE="2025-10-01" STARTDATE="2025-09-03" ENDDATE="2025-10-01" ISACTUAL="0" ISACTIVE="0" /><STEAD ID="74204989" OBJECTID="174986778" OBJECTGUID="f037c16f-bf3d-493b-acff-e1fa833ed524" CHANGEID="689810844" NUMBER="140/3" OPERTYPEID="61" PREVID="74204988" NEXTID="0" UPDATEDATE="2025-10-01" STARTDATE="2025-10-01" ENDDATE="2079-06-06" ISACTUAL="1" ISACTIVE="1" /><STEAD ID="74204990" OBJECTID="174986779" OBJECTGUID="b3e06ff1-eebb-4c8a-90e4-fb9e8b4e2cee" CHANGEID="689810845" NUMBER="140/2" OPERTYPEID="61" PREVID="74204988" NEXTID="0" UPDATEDATE="2025-10-01" STARTDATE="2025-10-01" ENDDATE="2079-06-06" ISACTUAL="1" ISACTIVE="1" /><STEAD ID="74205024" OBJECTID="174986819" OBJECTGUID="a9f86e0f-bd05-49f1-8205-564f0aa85cb2" CHANGEID="689810909" NUMBER="38/2" OPERTYPEID="10" PREVID="0" NEXTID="0" UPDATEDATE="2025-10-01" STARTDATE="2025-10-01" ENDDATE="2079-06-06" ISACTUAL="1" ISACTIVE="1" /><STEAD ID="74205027" OBJECTID="174986822" OBJECTGUID="c2a04c81-7135-469d-b1a8-122c47ec1910" CHANGEID="689810948" NUMBER="53А" OPERTYPEID="10" PREVID="0" NEXTID="0" UPDATEDATE="2025-10-01" STARTDATE="2025-10-01" ENDDATE="2079-06-06" ISACTUAL="1" ISACTIVE="1" /><STEAD ID="74205023" OBJECTID="174986818" OBJECTGUID="176afe2a-f1e0-4972-8494-1efa45c7afe6" CHANGEID="689810908" NUMBER="5/2" OPERTYPEID="10" PREVID="0" NEXTID="0" UPDATEDATE="2025-10-01" STARTDATE="2025-10-01" ENDDATE="2079-06-06" ISACTUAL="1" ISACTIVE="1" /><STEAD ID="74205064" OBJECTID="174986869" OBJECTGUID="ceb716ee-d04d-4247-b988-7cbcec36766b" CHANGEID="689811016" NUMBER="5/1" OPERTYPEID="10" PREVID="0" NEXTID="0" UPDATEDATE="2025-10-01" STARTDATE="2025-10-01" ENDDATE="2079-06-06" ISACTUAL="1" ISACTIVE="1" /><STEAD ID="74205368" OBJECTID="174987734" OBJECTGUID="45112d70-3cc0-4fc6-b9c8-261a62170690" CHANGEID="689812019" NUMBER="34" OPERTYPEID="10" PREVID="0" NEXTID="0" UPDATEDATE="2025-10-01" STARTDATE="2025-10-01" ENDDATE="2079-06-06" ISACTUAL="1" ISACTIVE="1" /><STEAD ID="74205780" OBJECTID="174988875" OBJECTGUID="2920c430-21cf-49ac-babd-5ba0ed05e873" CHANGEID="689813888" NUMBER="1/1" OPERTYPEID="10" PREVID="0" NEXTID="0" UPDATEDATE="2025-10-01" STARTDATE="2025-10-01" ENDDATE="2079-06-06" ISACTUAL="1" ISACTIVE="1" /><STEAD ID="74205778" OBJECTID="174988871" OBJECTGUID="cecfa9e1-ab93-4ea0-917b-58d324340119" CHANGEID="689813883" NUMBER="56" OPERTYPEID="10" PREVID="0" NEXTID="0" UPDATEDATE="2025-10-01" STARTDATE="2025-10-01" ENDDATE="2079-06-06" ISACTUAL="1" ISACTIVE="1" /><STEAD ID="74205781" OBJECTID="174988878" OBJECTGUID="c269dcf6-7e78-4428-a1ca-8accec8d90a8" CHANGEID="689813893" NUMBER="42Е" OPERTYPEID="10" PREVID="0" NEXTID="0" UPDATEDATE="2025-10-01" STARTDATE="2025-10-01" ENDDATE="2079-06-06" ISACTUAL="1" ISACTIVE="1" /></STEADS>